标题,名称,識別碼,原始番号,發行日期,長度,導演,製作商,發行商,系列,類別,演員,详情页,详情简介
KDMI-016 【AIリマスター版】巨根・鬼突きFUCK 4時間 騎乗位＆BACK,KDMI-016 【AIリマスター版】巨根・鬼突きFUCK 4時間 騎乗位＆BACK,KDMI-016,,2026-08-21,240分鐘,狂一,ミル,ミル,,連褲襪、屁股、戀腿癖、女上位、4小時以上作品、高畫質、DMM獨家,宮咲志帆、藤谷りこ、早川瀬里奈、寺川愛、中森玲子、常磐エレナ、紗奈、内田真由、仲野希、三村紗枝、鈴木さとみ、高島恭子、仲咲千春、甲斐ミハル、真白希実、中居ちはる,https://www.javbus.com/KDMI-016_2026-08-21,
FXAIH-346 【AIリマスター版】 ヘンリー塚本監督作品 三十路女の世間によくある話し 熟女,FXAIH-346 【AIリマスター版】 ヘンリー塚本監督作品 三十路女の世間によくある話し 熟女,FXAIH-346,,2026-06-27,166分鐘,ヘンリー塚本,FAプロ,FAプロ,世間によくある○○,成熟的女人、花癡、高畫質、戲劇、故事集、巨乳、DMM獨家,中森玲子、君島冴子（AOI.、村上葵）、風見京子、大塚美雪、北条あみ,https://www.javbus.com/FXAIH-346,
MCSR-51302 落ちる団地妻,MCSR-51302 落ちる団地妻,MCSR-51302,,2026-04-24,75分鐘,,いきなりエロざんまい,いきなりエロざんまい,団地妻の秘密,業餘、已婚婦女、纪录片、通姦、高畫質、巨乳,中森玲子、弓束ちはや、広瀬結香、夏原カレン、小早川怜子,https://www.javbus.com/MCSR-51302,
MCSR-627 極上爆乳妻15人300分,MCSR-627 極上爆乳妻15人300分,MCSR-627,,2026-04-24,300分鐘,,ビッグモーカル,マスカット,極上爆乳妻,已婚婦女、通姦、中出、4小時以上作品、高畫質、出軌、超乳、巨乳、アクメ・オーガズム,吉根ゆりあ、宝田もなみ、吉川あいみ、赤瀬尚子、塚田詩織、宮藤ゆみな、わか菜ほの、田中ねね、小梅えな、織田真子、中森玲子、今藤霧子、有岡みう、西條るり、夕季ちとせ,https://www.javbus.com/MCSR-627,
MCSR-62704 巨乳どころじゃないデカ乳！！爆揺れおっぱい＆情報量が多すぎるドスケベセックス,MCSR-62704 巨乳どころじゃないデカ乳！！爆揺れおっぱい＆情報量が多すぎるドスケベセックス,MCSR-62704,,2026-04-24,60分鐘,,いきなりエロざんまい,いきなりエロざんまい,爆乳をパコり尽くす！！,已婚婦女、通姦、高畫質、出軌、超乳、巨乳、アクメ・オーガズム,織田真子、中森玲子、今藤霧子,https://www.javbus.com/MCSR-62704,
HYAS-147 濃密熟女浴場 泡々ぬるベチョ快楽ご奉仕で至高の射精に導く濃厚ソープ 100人 8時間,HYAS-147 濃密熟女浴場 泡々ぬるベチョ快楽ご奉仕で至高の射精に導く濃厚ソープ 100人 8時間,HYAS-147,,2026-03-20,480分鐘,,ケイ・エム・プロデュース,100人,,成熟的女人、合集、妓女、4小時以上作品、高畫質、巨乳、DMM獨家,安野由美、有奈めぐみ、山本かをり、島津かおる、結城みさ、矢城小百合、櫻井ゆうこ、沢口みき、友田真希、矢沢美奈、早川ゆり、広瀬ゆかり、蒼乃幸恵、富澤みすず、小早川怜子、鮎川るい、加山なつこ、一ノ瀬あやめ、白鳥寿美礼、風間ゆみ、大嶋しのぶ、上島美都子、柏木舞子、時田こずえ、音羽文子、橘慶子、青井マリ、三咲恭子、松坂華苗、矢部寿恵、藤下梨花、葉月奈穂（葉月菜穂）、原望美、村上涼子（中村りかこ、黒木菜穂）、中森玲子、森ななこ、北川瞳、北条麻妃、翔田千里、佐倉由美子、川上ゆう（森野雫）、織田真子、多田有花、豊永映美、成咲優美、川崎紀里恵、美原咲子、伊織涼子、福山いろは、塚田詩織、よしい美希（伊沢涼子、吉井美希）、三枝由梨、美咲結衣、岩沢香代、若宮はずき、本真ゆり、桧山ゆりか、設楽アリサ、優木なお、加藤ツバキ（夏樹カオル）、田所百合、中山穂香、池谷佳純、内原美智子、山口珠理、成宮いろは、甘乃つばき、森下美緒、月島さくら、岡江凛、大浦真奈美、近藤郁（近藤郁美）、平岡里枝子、桐島明日香、京野美沙、井上綾子、宇佐美すい、山瀬美紀、赤城穂波、西村ニーナ、姫川礼子、初音みのり、小林真梨香、仲野梢、石川芙美乃、水川かえで、美原すみれ、花城れん、水谷心音（藤崎りお）、波多野結衣、推川ゆうり、大槻ひびき、玉木くるみ、辻芽愛里、坂下真希、広瀬結香、美丘さとみ,https://www.javbus.com/HYAS-147,
OOMNVD-011 【限界85連発】無防備なパンチラ・胸チラ・着替え 生々しく覗く無警戒な人妻の日常生活,OOMNVD-011 【限界85連発】無防備なパンチラ・胸チラ・着替え 生々しく覗く無警戒な人妻の日常生活,OOMNVD-011,,2026-01-31,419分鐘,,ABC/妄想族,お母さん.com（ABC/妄想族）,,成熟的女人、苗條、母親、其他戀物癖、合集、4小時以上作品、DMM專屬、巨乳、妄想族、DMM獨家,風間ゆみ、初美沙希、山本美和子、阿部乃みく、水城奈緒、有村千佳、市来美保、村上涼子（中村りかこ、黒木菜穂）、青木玲、篠田あゆみ、北川エリカ、黒沢那智、藤江由恵、西川りおん、西澤百花、桜木美央、冴島かおり、北条麻妃、青山菜々、林ゆな、堀内秋美、水野朝陽、高梨あゆみ、吉永あかね、北堀舞、堀川奈美、矢部寿恵、波多野結衣、高月和花、杏美月、愛乃、青空小夏、相楽葵、愛菜、甲斐ミハル、桐岡さつき、春原未来、高岡すみれ、矢吹京子、青山祥子、加賀ゆり子、澤美レミ、小野里美、若林ひかる、宮田まり、廣野すみれ、大槻ひびき、三浦恵理子、立花紫保、藤原麻美、大野実花、春日もな、折原ゆかり、沢口みき、小早川怜子、小泉麻由、元山はるか、名城翠、藤下梨花、本真ゆり、荒木瞳、羽月希、伊織涼子、須藤早紀、七瀬ゆい（羽田未来）、本宮リカコ、櫻井夕樹、中野彩、松下美雪、立花みずき、桜みちる、北条美里、黒木麻衣（花野真衣、SHIHO）、二宮亜季、野原もも、中森玲子、松浦ユキ、大越はるか、北原夏美、ほしの菜実恵、梶原まゆ、秋川りお（美月このみ）、飯浜紀香、水元えり,https://www.javbus.com/OOMNVD-011,
P-027 真面目！陰キャ！ぼっち！地味な女が超どエロボディだった！俺が見つけたダイヤの原石！内面はめっちゃ淫乱ドスケベなんで生チ●ポ激ピスでイかせまくった,P-027 真面目！陰キャ！ぼっち！地味な女が超どエロボディだった！俺が見つけたダイヤの原石！内面はめっちゃ淫乱ドスケベなんで生チ●ポ激ピスでイかせまくった,P-027,,2025-10-30,301分鐘,クズ親父 あきら,プラム,素人only プラム,PREMIUM PLUM,成熟的女人、業餘、已婚婦女、中出、4小時以上作品,雨音わかな、小嶋えみり、結希玲衣（美咲礼、美咲レイ）、優希みく、中森玲子、上川星空、押切あやの、綾乃さら,https://www.javbus.com/P-027_2025-10-30,
JQRE-018 【AIリマスター】マドンナファンの集い 美熟女と行く混浴温泉バスツアー 4 翔田千里 友田真希 北原夏美 倖田李梨,JQRE-018 【AIリマスター】マドンナファンの集い 美熟女と行く混浴温泉バスツアー 4 翔田千里 友田真希 北原夏美 倖田李梨,JQRE-018,,2025-08-11,476分鐘,,マドンナ,Re:Madonna/AIリマスター,美熟女と行く混浴温泉バスツアー,成熟的女人、濫交、已婚婦女、纪录片、4小時以上作品、高畫質、温泉、DMM獨家,翔田千里、友田真希、北原夏美、倖田李梨（倖田美梨、岩下美季）、澤村レイコ（高坂保奈美、高坂ますみ）、青井マリ、中森玲子、小池絵美子、宮田まり、大林理恵（大林リエ）、小林芽衣（小林メイ）、松浦ユキ、岸川ひろみ、根元純,https://www.javbus.com/JQRE-018,
HMIX-047 驚愕！！ 人妻レ●プ事件 無理やり肉棒を捻じ込まれ中出し！！ 嗚咽と嬌声が響く衝撃の強●現場 20人 4時間,HMIX-047 驚愕！！ 人妻レ●プ事件 無理やり肉棒を捻じ込まれ中出し！！ 嗚咽と嬌声が響く衝撃の強●現場 20人 4時間,HMIX-047,,2025-07-19,240分鐘,,グローバルメディアエンタテインメント,ハイパーミックス（グローバルメディアエンタテインメント）,お得な総集編,成熟的女人、合集、已婚婦女、4小時以上作品、高畫質、DMM獨家,北条麻妃、中森玲子、雪野ひかり、桐岡さつき、谷原ゆき、奈良絵美子、澤村レイコ（高坂保奈美、高坂ますみ）、村上涼子（中村りかこ、黒木菜穂）、松浦ユキ、風間ゆみ、川上ゆう（森野雫）、高沢沙耶、音無かおり、平山こずえ、翔田千里、寺崎泉、瞳りん、五十嵐しのぶ、柳田やよい、北谷静香,https://www.javbus.com/HMIX-047,
ZOOO-201 白昼の悪夢 極悪男に蹂躙された美熟女たち 慰み者となり見知らぬ男の肉棒を捩じ込まれ嗚咽まじりにイキ悶える！！ 12名収録 240分,ZOOO-201 白昼の悪夢 極悪男に蹂躙された美熟女たち 慰み者となり見知らぬ男の肉棒を捩じ込まれ嗚咽まじりにイキ悶える！！ 12名収録 240分,ZOOO-201,,2025-06-12,242分鐘,,ZOOO,ZOOO,,成熟的女人、合集、已婚婦女、凌辱、4小時以上作品、高畫質,風間ゆみ、堀口奈津美、妃乃ひかり、漣ゆめ、中野美紗子、櫻井夕樹、中野彩、沢本レイ、柴田かすみ、北条麻妃、中森玲子、雪野ひかり,https://www.javbus.com/ZOOO-201,
FXAIH-361 【AIリマスター版】ヘンリー塚本監督作品 奴●制度復活 性欲処理専用人間,FXAIH-361 【AIリマスター版】ヘンリー塚本監督作品 奴●制度復活 性欲処理専用人間,FXAIH-361,,2025-04-30,120分鐘,ヘンリー塚本,FAプロ,FAプロ,戦争（FAプロ）,花癡、拘束、高畫質、故事集、汗だく、黑暗系統、巨乳、DMM獨家,松下ゆうか（愛乃彩音、藤咲ゆうか）、浅井舞香、中森玲子、横山翔子、夏海エリカ,https://www.javbus.com/FXAIH-361,
VNDS-5220 美人妻の喘ぎ180分,VNDS-5220 美人妻の喘ぎ180分,VNDS-5220,,2025-03-20,180分鐘,,ネクスト,ネクストイレブン,,成熟的女人、苗條、中出、高畫質、戲劇、巨乳,秋野千尋、中森玲子、伊織涼子、松本まりな、相原りお、沙藤ユリ、小出遥、北川エリカ,https://www.javbus.com/VNDS-5220,
ZOOO-185 黒人輪●凌● 日本人美熟女に突き刺さる規格外デカチン！！ えげつないマ●コ破壊中出しFUCK！！ 11名収録 240分,ZOOO-185 黒人輪●凌● 日本人美熟女に突き刺さる規格外デカチン！！ えげつないマ●コ破壊中出しFUCK！！ 11名収録 240分,ZOOO-185,,2025-03-18,242分鐘,,ZOOO,ZOOO,,監禁、已婚婦女、多P、中出、4小時以上作品、高畫質、黑人演員,愛原さえ、長澤あずさ、北川瞳、蒼乃幸恵、中森玲子、小出遥、翔田千里、牧原れい子、紫彩乃、桐岡さつき、村上涼子（中村りかこ、黒木菜穂）,https://www.javbus.com/ZOOO-185,
FXAIH-354 【AIリマスター版】ヘンリー塚本監督作品 昭和性犯罪 通り魔犯行,FXAIH-354 【AIリマスター版】ヘンリー塚本監督作品 昭和性犯罪 通り魔犯行,FXAIH-354,,2025-01-31,124分鐘,ヘンリー塚本,FAプロ,FAプロ,昭和性犯罪,花癡、高畫質、戲劇、故事集、汗だく、黑暗系統、巨乳、DMM獨家,並樹ゆりあ、神崎レオナ（七瀬かすみ）、中森玲子、夏海エリカ、桐島秋子,https://www.javbus.com/FXAIH-354,
OOMNVD-005 人妻達の日常風景 無防備チラリズムBEST 胸チラ・パンチラ 85名 7時間,OOMNVD-005 人妻達の日常風景 無防備チラリズムBEST 胸チラ・パンチラ 85名 7時間,OOMNVD-005,,2025-01-01,421分鐘,,ABC/妄想族,お母さん.com（ABC/妄想族）,,成熟的女人、合集、已婚婦女、偷窥、4小時以上作品、DMM專屬、妄想族、DMM獨家、內衣,翔田千里、矢部寿恵、北条美里、北原夏美、松本まりな、生田沙織、青山優花、沢口みき、中森玲子、内田美奈子、松嶋友里恵、松下美雪、松浦ユキ、加藤ツバキ（夏樹カオル）、希咲あや、弓束ちはや、結城みさ、荒木瞳、黒沢那智、三浦恵理子、小早川怜子、小町あかり、伊織涼子,https://www.javbus.com/OOMNVD-005,
NSFS-323 【AIリマスター版】揉まれる吸われる！妻のおっぱい 名作永久保存版4時間,NSFS-323 【AIリマスター版】揉まれる吸われる！妻のおっぱい 名作永久保存版4時間,NSFS-323,,2024-10-05,266分鐘,ながえ,ながえスタイル,ながえSTYLE,揉まれる吸われる！妻のおっぱい,合集、已婚婦女、戀乳癖、4小時以上作品、戲劇、DMM獨家,浅倉彩音、大越はるか、中森玲子、藤宮櫻花（眞雪ゆん）、流川純、南野あかり、北島玲,https://www.javbus.com/NSFS-323,
VHDX-016 解禁！初HD化作品 まるごと収録BOX 16 15作品 1420分,VHDX-016 解禁！初HD化作品 まるごと収録BOX 16 15作品 1420分,VHDX-016,,2024-09-29,1445分鐘,,VENUS,HDコンプリート,初HD化作品まるごと収録BOX,成熟的女人、已婚婦女、中出、高畫質、DMM專屬、16時間以上作品、設置項目、巨乳、福袋、DMM獨家,中森玲子、坂下えみり、青山葵、小早川怜子、川上ゆう（森野雫）、瀬名あゆむ（広瀬藍子）、音無かおり、松本まりな、伊織涼子、春原未来、三浦恵理子、青木玲、牧原れい子、矢部寿恵、藤沢芳恵、ふわりゆうき、広瀬奈々美（堀口奈津美）,https://www.javbus.com/VHDX-016,
FKBD-016 【福袋】しつけてください32時間！ シリーズ18タイトルまるごと 1962分！緊縛に悶える美人妻18名,FKBD-016 【福袋】しつけてください32時間！ シリーズ18タイトルまるごと 1962分！緊縛に悶える美人妻18名,FKBD-016,,2024-09-24,1962分鐘,,ドリームチケット,,WAAPグループ福袋,SM、紧缚、合集、多P、深喉、高畫質、16時間以上作品、福袋,南つかさ、華恋（一ノ瀬かれん）、星優乃、黒木真夕、中森玲子、神崎レオナ（七瀬かすみ）、希咲エマ（HARUKI、加藤はる希）、管野しずか、柳田やよい、真白希実、桐原あずさ（伊藤あずさ）、新井エリー（晶エリー、大沢佑香）、水沢真樹、榊なち、広瀬奈々美（堀口奈津美）、内田美奈子、川上ゆう（森野雫）、長谷川あゆみ,https://www.javbus.com/FKBD-016,
VHDX-014 解禁！初HD化作品 まるごと収録BOX 14 30作品 46時間40分,VHDX-014 解禁！初HD化作品 まるごと収録BOX 14 30作品 46時間40分,VHDX-014,,2024-09-24,2872分鐘,,VENUS,HDコンプリート,初HD化作品まるごと収録BOX,成熟的女人、合集、已婚婦女、中出、高畫質、DMM專屬、16時間以上作品、設置項目、巨乳、福袋、DMM獨家,青木美空、青木玲、風間ゆみ、鈴木さとみ、矢部寿恵、松本まりな、牧原れい子、北条麻妃、本庄瞳、中森玲子、音無かおり、竹川綾、愛咲れいら（原千尋）、椎名ゆな、青木りん、志保、宮瀬リコ、桐原あずさ（伊藤あずさ）、川上ゆう（森野雫）、鏡麗子、森ななこ、北島玲、翔田千里、小早川怜子、佐藤みき（佐藤美紀、鈴木志帆）、杉本りさ、青山葵、柳田やよい,https://www.javbus.com/VHDX-014,
NSPS-152 【AIリマスター版】突いても突いても突きたりない！欲望のハードピストン！,NSPS-152 【AIリマスター版】突いても突いても突きたりない！欲望のハードピストン！,NSPS-152,,2024-08-30,127分鐘,ながえ,ながえスタイル,ながえSTYLE,AIリマスター（ながえスタイル）,成熟的女人、合集、高畫質、戲劇、DMM獨家,中森玲子、坂田美影、押切あやの、大越はるか、黒田ユリ,https://www.javbus.com/NSPS-152_2024-08-30,
VHDX-012 解禁！初HD化作品 まるごと収録BOX 12 30作品 45時間0分,VHDX-012 解禁！初HD化作品 まるごと収録BOX 12 30作品 45時間0分,VHDX-012,,2024-08-27,2772分鐘,,VENUS,HDコンプリート,初HD化作品まるごと収録BOX,成熟的女人、合集、已婚婦女、中出、高畫質、DMM專屬、16時間以上作品、設置項目、巨乳、福袋、DMM獨家,杏美月、青木美空、中森玲子、長澤あずさ、高梨あゆみ、神乃いずみ、北条麻妃、結城みさ、山本美和子、村上涼子（中村りかこ、黒木菜穂）、芹沢恋、野原もも、持田夏樹、椎名ゆな、竹川綾、伊織涼子、佐藤みき（佐藤美紀、鈴木志帆）、安達亜美、北川美緒、青木りん、葉月奈穂（葉月菜穂）、志保、牧原れい子、森ななこ、水元ゆうな、翔田千里,https://www.javbus.com/VHDX-012,
NAGAE-018 【AIリマスター版】【夏の超お得セット】不倫淫乱妻 オールAIリマスター総勢38人21時間,NAGAE-018 【AIリマスター版】【夏の超お得セット】不倫淫乱妻 オールAIリマスター総勢38人21時間,NAGAE-018,,2024-08-15,1286分鐘,ながえ,ながえスタイル,ながえSTYLE,AIリマスター（ながえスタイル）,成熟的女人、已婚婦女、高畫質、戲劇、16時間以上作品、設置項目、DMM獨家,友田真希、葉月樹里、黒田ユリ、大友唯愛、真山奈々、吉岡奈々子、春樹レイ、水沢真樹、神崎レオナ（七瀬かすみ）、中森玲子、星川麻美、真白希実、倉木さゆり、姫野えみ、小林里穂、杉本蘭、菊島夕子、岡山涼花、北村りょう、柊早矢（美咲ゆりあ）、川上ゆう（森野雫）、大越はるか、松本亜璃沙、長谷川エレナ、間宮志乃、吉原日出子、風間ゆみ、翔田千里、寺澤しのぶ、新川舞美、藤宮櫻花（眞雪ゆん）、北島玲、松下ゆうか（愛乃彩音、藤咲ゆうか）、葦沢鳴海、押切あやの、佐伯奈々、立木ゆりあ,https://www.javbus.com/NAGAE-018,
VHDX-010 解禁！初HD化作品 まるごと収録BOX 10 29作品 44時間25分,VHDX-010 解禁！初HD化作品 まるごと収録BOX 10 29作品 44時間25分,VHDX-010,,2024-07-23,2710分鐘,,VENUS,HDコンプリート,初HD化作品まるごと収録BOX,成熟的女人、合集、已婚婦女、中出、高畫質、DMM專屬、16時間以上作品、設置項目、巨乳、福袋、DMM獨家,紫彩乃、さとう遥希、翔田千里、桐岡さつき、荒木瞳、石倉えいみ、椎名ゆな、時越芙美江、青木りん、葉月奈穂（葉月菜穂）、艶堂しほり（遠藤しおり）、小坂めぐる、風間ゆみ、笠木忍、鈴木さとみ、絵色千佳、村上涼子（中村りかこ、黒木菜穂）、妃乃ひかり、本庄瞳、森ななこ、中森玲子、川上ゆう（森野雫）、青木玲、羽月希、希咲あや、水元ゆうな、結城みさ,https://www.javbus.com/VHDX-010,
VHDX-009 解禁！初HD化作品 まるごと収録BOX 9 30作品 45時間10分,VHDX-009 解禁！初HD化作品 まるごと収録BOX 9 30作品 45時間10分,VHDX-009,,2024-07-09,2783分鐘,,VENUS,HDコンプリート,初HD化作品まるごと収録BOX,成熟的女人、合集、已婚婦女、中出、高畫質、DMM專屬、16時間以上作品、設置項目、巨乳、福袋、DMM獨家,佐藤みき（佐藤美紀、鈴木志帆）、村上涼子（中村りかこ、黒木菜穂）、北条麻妃、矢部寿恵、伊織涼子、小坂めぐる、青木玲、長澤あずさ、桐岡さつき、結城みさ、羽月希、芦名未帆（稲森しほり）、中森玲子、鏡麗子、青木りん、風間ゆみ、鈴木さとみ、石倉えいみ、細川まり、椎名ゆな、木下若菜、北川瞳、広瀬奈々美（堀口奈津美）、柳田やよい、加山なつこ,https://www.javbus.com/VHDX-009,
VHDX-007 解禁！初HD化作品 まるごと収録BOX 7 30作品 42時間55分,VHDX-007 解禁！初HD化作品 まるごと収録BOX 7 30作品 42時間55分,VHDX-007,,2024-06-11,2647分鐘,,VENUS,HDコンプリート,,成熟的女人、合集、已婚婦女、中出、高畫質、DMM專屬、16時間以上作品、設置項目、巨乳、DMM獨家,中森玲子、雨宮真貴、芹沢恋、紫彩乃、沢村麻耶、桐岡さつき、星野あかり、小出遥、JULIA、伊織涼子、小林里穂、荒木瞳、葉月奈穂（葉月菜穂）、優木明日花、鈴音りおな、佐藤みき（佐藤美紀、鈴木志帆）、北条麻妃、牧原れい子、川上ゆう（森野雫）、波多野結衣、長谷川美紅、松すみれ、藤咲沙耶、加山なつこ,https://www.javbus.com/VHDX-007,
NSPS-384 【AIリマスター版】投稿実話 妻がまわされた,NSPS-384 【AIリマスター版】投稿実話 妻がまわされた,NSPS-384,,2024-05-30,147分鐘,ながえ,ながえスタイル,ながえSTYLE,AIリマスター（ながえスタイル）,成熟的女人、已婚婦女、通姦、中出、高畫質、戲劇、DMM獨家,水野さやか、北谷静香、澤村レイコ（高坂保奈美、高坂ますみ）、中森玲子、吉岡奈々子,https://www.javbus.com/NSPS-384,
P-009 【期間限定熟女パック】スーパーデカマラパック,P-009 【期間限定熟女パック】スーパーデカマラパック,P-009,,2024-05-17,81分鐘,,JUKUJO99,熟女パック,期間限定熟女パック,成熟的女人、中出、高畫質、顏射、デカチン・巨根、巨乳、DMM獨家,椎名ゆな、中森玲子、小出遥、松本まりな,https://www.javbus.com/P-009_2024-05-17,
VHDX-005 【HD版・初配信】 VENUS15周年記念 解禁！初HD化作品 まるごと収録BOX 5 30作品 44時間20分,VHDX-005 【HD版・初配信】 VENUS15周年記念 解禁！初HD化作品 まるごと収録BOX 5 30作品 44時間20分,VHDX-005,,2024-05-14,2729分鐘,,VENUS,HDコンプリート,初HD化作品まるごと収録BOX,成熟的女人、合集、已婚婦女、中出、高畫質、DMM專屬、16時間以上作品、設置項目、巨乳、DMM獨家,橘ミオン（石川鈴華）、結城みさ、葉月奈穂（葉月菜穂）、優木明日花、阿利希キリア（阿利希カレラ）、森ななこ、音羽レオン、はるか悠、長谷川美紅、風間ゆみ、櫻井夕樹、茉莉花、若菜あゆみ、村上涼子（中村りかこ、黒木菜穂）、黒木麻衣（花野真衣、SHIHO）、中森玲子、水元ゆうな、長澤あずさ、水城奈緒、管野しずか、倉木みお、愛あいり、松すみれ、紗奈、有永すずか,https://www.javbus.com/VHDX-005,
NASK-062 衝撃の人妻レ●プ 驚愕の白昼強●劇！！ 凶悪男に犯●れ悶え泣く女たち 7人4時間,NASK-062 衝撃の人妻レ●プ 驚愕の白昼強●劇！！ 凶悪男に犯●れ悶え泣く女たち 7人4時間,NASK-062,,2024-05-11,241分鐘,,なでしこ,Nadeshiko,,成熟的女人、合集、凌辱、4小時以上作品、高畫質、DMM獨家,北条麻妃、中森玲子、雪野ひかり、音無かおり、寺崎泉、北谷静香、高沢沙耶,https://www.javbus.com/NASK-062,
VHDX-002 【HD版・初配信】 VENUS15周年記念 解禁！初HD化作品 まるごと収録BOX 2 30作品 44時間0分,VHDX-002 【HD版・初配信】 VENUS15周年記念 解禁！初HD化作品 まるごと収録BOX 2 30作品 44時間0分,VHDX-002,,2024-03-26,2713分鐘,,VENUS,HDコンプリート,初HD化作品まるごと収録BOX,成熟的女人、合集、已婚婦女、中出、高畫質、DMM專屬、16時間以上作品、設置項目、巨乳、DMM獨家,広瀬奈々美（堀口奈津美）、凛音涼子、桜みちる、澤村レイコ（高坂保奈美、高坂ますみ）、橘慶子、樋口冴子（桐島千沙）、篠原りょう、城エレン、高島恭子、篠原恵美、川上ゆう（森野雫）、美原咲子、中森玲子、橘エレナ、加藤ツバキ（夏樹カオル）、風間ゆみ、三咲恭子、妃乃ひかり、志村玲子、芹沢恋、友田真希、五十嵐しのぶ、小林里穂、真白希実,https://www.javbus.com/VHDX-002,
DOKS-103 【AIリマスター版】デカ尻コキ むっちりお尻はお好き？,DOKS-103 【AIリマスター版】デカ尻コキ むっちりお尻はお好き？,DOKS-103,,2024-01-15,110分鐘,Mr.BOO,OFFICE K’S,OFFICE K’S,,口交、屁股、高畫質,中森玲子、浅倉彩音、村上涼子（中村りかこ、黒木菜穂）、桃咲まなみ、柚月ルナ、鈴香音色,https://www.javbus.com/DOKS-103_2024-01-15,
GMSP-006 【福袋】【黒人巨大マラ】日本人美女に突き刺さる黒い巨根！！ マ●コ破壊デカチン凌●輪●FACK！！ 泣き叫び犯●れる美熟女たちの絶叫レ●プ壮絶ドラマ 15作品ノーカット収録1808分！！,GMSP-006 【福袋】【黒人巨大マラ】日本人美女に突き刺さる黒い巨根！！ マ●コ破壊デカチン凌●輪●FACK！！ 泣き叫び犯●れる美熟女たちの絶叫レ●プ壮絶ドラマ 15作品ノーカット収録1808分！！,GMSP-006,,2024-01-05,1808分鐘,,グローバルメディアエンタテインメント,,,成熟的女人、監禁、已婚婦女、多P、深喉、粗暴、凌辱、中出、高畫質、戲劇、16時間以上作品、デカチン・巨根、設置項目、福袋、DMM獨家、黑人演員,中森玲子、小出遥、北川瞳、牧原れい子、翔田千里、笠木忍、遥めぐみ、長澤あずさ、さとう遥希、愛原さえ、本庄瞳、矢部寿恵、霧島ゆかり、北川美緒、折原ゆかり、金城梨花,https://www.javbus.com/GMSP-006,
TCDF-027 女に強●セックスされて射精までするニューハーフ 8枚組BOX 22時間51分,TCDF-027 女に強●セックスされて射精までするニューハーフ 8枚組BOX 22時間51分,TCDF-027,,2023-10-21,1371分鐘,,TRANS CLUB,TRANS CLUB,,合集、變性者、花癡、女裝人妖、デカチン・巨根、DMM獨家,冴月りん、胡桃レイ、中林まい、彩瀬まい、川島雅、上原のぞみ、しずか、桜みちる、中森玲子、水朝美樹、倖田李梨（倖田美梨、岩下美季）、大槻ひびき、神納花、風間ゆみ、松下瑠衣、君島可憐、夏目百合、佳苗るか、愛音麻友、星優乃、亜希マリア、小鳥遊夏希、桜ノ宮てんま、星野リオ、あやか、波多野結衣、りん、白石七海、ゆみか、如月優奈、日高ゆりあ（青山ひより）,https://www.javbus.com/TCDF-027,
GMSP-005 【秋のギフト】【厳選！！】人妻・熟女レ●プ 48人2073分！！ 強●魔・媚薬・ママ友連鎖・自宅被害… リアルレ●プドキュメントドラマ15作品ノーカット収録！！ 泣き叫び悶え犯●れる哀しき女たち…,GMSP-005 【秋のギフト】【厳選！！】人妻・熟女レ●プ 48人2073分！！ 強●魔・媚薬・ママ友連鎖・自宅被害… リアルレ●プドキュメントドラマ15作品ノーカット収録！！ 泣き叫び悶え犯●れる哀しき女たち…,GMSP-005,,2023-10-06,2073分鐘,,グローバルメディアエンタテインメント,,,成熟的女人、已婚婦女、高畫質、出軌、戲劇、16時間以上作品、設置項目、巨乳、福袋、DMM獨家,広瀬奈々美（堀口奈津美）、松井優子、天野弥生、北条麻妃、紫彩乃、村上涼子（中村りかこ、黒木菜穂）、内田美奈子、中森玲子、雪野ひかり、加藤なお、牧原れい子、来生れい、富樫由紀子、五十嵐しのぶ、佐々木あき、白河里奈、水元恵梨香、美堂かなえ、平茉莉、三喜本のぞみ、相澤かな、翔田千里、烏丸まどか、平岡里枝子、柏木舞子、古川祥子、戸澤佳子、内原美智子、瀬戸すみれ、川上ゆう（森野雫）、松尾江里子、今浪優、深田梨菜（深田梨奈）、桐岡さつき、瞳りん、吉永静子、七海ひさ代、宮瀬リコ、管野しずか、水沢真樹、須真杏里（須真杏理）、横山夏希,https://www.javbus.com/GMSP-005,
GMSP-004 【お中元】夏の熟女ソープ祭！！ 麗しの熟女湯屋 ねっとり濃厚ぬるべちょ熟女の和風ソープ 25人2466分！！ 絶頂必至の絶品テクニックで泡まみれローションまみれの快楽フルコース！ 豪華女優の泡姫を大量収録でたっぷりシッポリ堪能できる極上風俗,GMSP-004 【お中元】夏の熟女ソープ祭！！ 麗しの熟女湯屋 ねっとり濃厚ぬるべちょ熟女の和風ソープ 25人2466分！！ 絶頂必至の絶品テクニックで泡まみれローションまみれの快楽フルコース！ 豪華女優の泡姫を大量収録でたっぷりシッポリ堪能できる極上風俗,GMSP-004,,2023-07-14,2466分鐘,,グローバルメディアエンタテインメント,,,和服・喪服、成熟的女人、乳液、主觀視角、高畫質、16時間以上作品、設置項目、ヘルス・ソープ、福袋、DMM獨家,牧原れい子、北条麻妃、蒼乃幸恵、北川瞳、藤下梨花、葉月奈穂（葉月菜穂）、原望美、伊織涼子、中森玲子、村上涼子（中村りかこ、黒木菜穂）、森ななこ、矢部寿恵、松坂華苗、富沢みすず、城エレン、美原咲子、滝川絵理子、浅倉彩音、風間ゆみ、矢城小百合、結城みさ、橘慶子、三咲恭子、長谷川美紅、真中ゆうき,https://www.javbus.com/GMSP-004,
CADV-873 CRYSTAL THE BEST 8時間 2022 上半期,CADV-873 CRYSTAL THE BEST 8時間 2022 上半期,CADV-873,,2023-04-08,479分鐘,,クリスタル映像,CRYSTAL EX,CRYSTAL THE BEST,苗條、合集、已婚婦女、美少女、4小時以上作品、高畫質、巨乳、DMM獨家,乙アリス、倉本すみれ、東條なつ、百永さりな、宝田もなみ、本田瞳、澁谷果歩、加瀬ななほ、南条いちか、岬あずさ、美園和花、篠田ゆう、小笠原るい、佐野なつ、渡辺まお、一条みお、沙月恵奈、北野未奈、川北メイサ、音琴るい、るるちゃ。、伊南えりか、高橋りほ、羽月希、若宮穂乃、深田結梨、森日向子、工藤ララ、花沢ひまり、冨安れおな、枢木あおい、美波もも、早見依桜、蓮見天、水原みその、つぼみ、雛菊つばさ、三苫うみ、阿部乃みく、椿りか、佐々木あき、白桃はな、中森玲子、あべみかこ,https://www.javbus.com/CADV-873,
NXGS-010 義父と嫁 中出し相姦,NXGS-010 義父と嫁 中出し相姦,NXGS-010,,2023-02-20,181分鐘,,ネクスト,ネクストグループ,,成熟的女人、中出、高畫質、戲劇、女優ベスト・総集編、巨乳,加納綾子、波多野結衣、加藤ツバキ（夏樹カオル）、中森玲子,https://www.javbus.com/NXGS-010,
MCSR-00513 団地妻極上爆乳Special2 爆乳20人5時間,MCSR-00513 団地妻極上爆乳Special2 爆乳20人5時間,MCSR-00513,,2023-01-28,300分鐘,,ビッグモーカル,マスカット,団地妻,業餘、口交、乳交、已婚婦女、4小時以上作品、高畫質、巨乳,織田真子、今藤霧子、小早川怜子、由紀なつ碧、ゆうきさやか、小峰ひなた、弓束ちはや、広瀬結香、中西江梨子、長澤あずさ、水城奈緒、北島玲、中森玲子、愛内凛、華山美玲、石倉えいみ、夏原カレン、楢崎かほり、南野あかり、中村綾乃,https://www.javbus.com/MCSR-00513,
CADV-122 【AIリマスター版】巨乳×爆乳 GRANDPRIX DX5,CADV-122 【AIリマスター版】巨乳×爆乳 GRANDPRIX DX5,CADV-122,,2023-01-25,237分鐘,,クリスタル映像,CRYSTAL EX,AIリマスター版（クリスタル映像）,合集、戀乳癖、高畫質、巨乳、DMM獨家,桃咲まなみ、夢見ほのか、河野由利香、小坂めぐる、浜崎りお（森下えりか、篠原絵梨香）、結衣（結衣美沙）、秋川りお（美月このみ）、佐藤みき（佐藤美紀、鈴木志帆）、長谷川ミュウ、藤宮櫻花（眞雪ゆん）、中森玲子、浅岡沙希（浅岡沙季）、石川みずき、折原ゆかり、KOMACHI、君嶋さやか、佐野るる、星奈緒美、北川優、小峰ひなた,https://www.javbus.com/CADV-122_2023-01-25,
AAJB-112 【AIリマスター版】【AV30】AV30記念 クリスタル映像 THE BEST 100人8時間SP,AAJB-112 【AIリマスター版】【AV30】AV30記念 クリスタル映像 THE BEST 100人8時間SP,AAJB-112,,2023-01-25,473分鐘,,クリスタル映像,AV30,AIリマスター版（クリスタル映像）,成熟的女人、合集、4小時以上作品、高畫質、DMM獨家,村上涼子（中村りかこ、黒木菜穂）、沙羅樹、春菜まい、真田ゆかり（葵のぞみ）、葵沙希、仁科百華、桐岡さつき、胡桃みるく、結城みさ、大沢美加（廣田まりこ）、門井瑛子、月野りさ、きこうでんみさ、つぼみ、AN、北川瞳、成瀬心美（ここみ）、桃山かおり、立木ゆりあ、時越芙美江、吉岡奈々子、黒谷彩乃、華山美玲、菊地エリ、山本美和子、藤咲沙耶、森田水絵、青山菜々、翔田千里、橘美沙、神谷みさと、澤村レイコ（高坂保奈美、高坂ますみ）、野乃はなの、浅井舞香、雪見紗弥、涼木もも香、憂木瞳（中山アンナ）、橘ますみ、中森玲子、山口美花、佐藤みき（佐藤美紀、鈴木志帆）、青沼ちあさ、あずま樹、新井エリー（晶エリー、大沢佑香）、妃乃ひかり、沢田麗奈、白鳥美鈴、志村玲子、浜崎りお（森下えりか、篠原絵梨香）、浅倉彩音、美穂由紀、三咲恭子、星月まゆら、西条麗、結衣（結衣美沙）、小池絵美子、紫彩乃、草凪純（加納瑞穂）、水谷ケイ、牧原れい子、風間ゆみ、山口玲子、後藤聖子、加賀雅、仲西彩乃、友田真希、杉本ゆみか、福原園美、夕樹舞子、矢沢ようこ、麻宮淳子（成合淳）、中ひろみ、松友伊代、日向ゆみ、三宮里緒、彩名杏子、黒沢愛、沢口みき、大浦あんな、早坂ひとみ、早見瞳（吉沢有希子）、森村あすか、牧本千幸（つかもと友希）、小倉ゆず、新尾きり子、桜みちる、朝岡実嶺、白石ひとみ、卑弥呼、五島めぐ、金子リサ、宮下真紀、加山なつこ、岡崎美女、愛田るか、樹まり子、新田恵美、美里真理、橘エレナ,https://www.javbus.com/AAJB-112_2023-01-25,
MGDV-010 【AIリマスター版】Dynamite Re-MiX 巨乳×爆乳 16時間 超絶巨乳160人！！,MGDV-010 【AIリマスター版】Dynamite Re-MiX 巨乳×爆乳 16時間 超絶巨乳160人！！,MGDV-010,,2023-01-11,949分鐘,,クリスタル映像,MEGA CRYSTAL,AIリマスター版（クリスタル映像）,乳交、合集、戀乳癖、4小時以上作品、高畫質、巨乳、DMM獨家,浜崎りお（森下えりか、篠原絵梨香）、仁科百華、恵けい、中森玲子、AN、小坂めぐる、青木りん、風間ゆみ、山口玲子、黒沢愛,https://www.javbus.com/MGDV-010_2023-01-11,
MGDV-023 【AIリマスター版】Dynamite Re-MiX 熟女×絶叫 16時間 狂乱SEX200連発！！,MGDV-023 【AIリマスター版】Dynamite Re-MiX 熟女×絶叫 16時間 狂乱SEX200連発！！,MGDV-023,,2023-01-11,951分鐘,,クリスタル映像,MEGA CRYSTAL,AIリマスター版（クリスタル映像）,成熟的女人、合集、已婚婦女、多P、4小時以上作品、高畫質、DMM獨家,中森玲子、高島恵、北原夏美、和光志穂、桜井咲子、及川ゆみり、真田ゆかり（葵のぞみ）、常盤みどり、白鳥美鈴,https://www.javbus.com/MGDV-023_2023-01-11,
MCSR-00506 中出しお義母さんが教えてあげる BEST 5時間 いやらしい義母10人,MCSR-00506 中出しお義母さんが教えてあげる BEST 5時間 いやらしい義母10人,MCSR-00506,,2022-11-26,300分鐘,金子次郎,ビッグモーカル,マスカット,中出しお義母さんが教えてあげる,亂倫、已婚婦女、中出、4小時以上作品、婆婆、高畫質、巨乳,加藤あやの、織田真子、吉根ゆりあ、梨々花、小早川怜子、真木今日子、青山真希、有沢りさ、中森玲子、千葉ゆうか,https://www.javbus.com/MCSR-00506,
JFB-304 Fitch15周年記念第2弾 歴代デカ尻女優の圧倒的ド迫力で迫るSEX 大ボリュームの尻三昧！75SEX12時間BEST！,JFB-304 Fitch15周年記念第2弾 歴代デカ尻女優の圧倒的ド迫力で迫るSEX 大ボリュームの尻三昧！75SEX12時間BEST！,JFB-304,,2022-11-11,720分鐘,,Fitch,Fitch,,胖女人、合集、數位馬賽克、中出、高畫質、巨尻、DMM獨家,芦沢彩乃、村上涼子（中村りかこ、黒木菜穂）、あずま樹、葉月奈穂（葉月菜穂）、蘭華、木村詩織、ジューン・ラブジョイ、美波沙耶、桑田みのり、百合華、大原理央、桃園怜奈、藤沢麗央、根尾あかり、北条麻妃、真白希実、初美沙希、あきな、南野あかり、塚田詩織、江上しほ、かなで自由、今井夏帆、川原かなえ、佐山愛、八乃つばさ、要ゆうな、工藤まなみ、梨々花、逢沢りいな、KAORI、押切なおみ、優希うらら、明里ともか、神納花、葵千恵、横山翔子、一ノ瀬ひかる、柚木彩華、川上ゆう（森野雫）、小早川怜子、さとう遥希、峰岸ふじこ、愛原さえ、相内つかさ、涼本清美、杏美月、馬場のぞみ、本真ゆり、風間ゆみ、石川しずか、橘なお（上原海里）、水原アリサ、水野朝陽、篠田あゆみ、水城奈緒、榊なち、森山杏菜（森山杏奈）、坂本理沙、細川まり、深田梨菜（深田梨奈）、鈴香音色、北条美里、伊吹稟、白川莉紗、加山なつこ、酒井ちなみ（紫葵）、広瀬奈々美（堀口奈津美）、管野しずか、藤木静子、中森玲子,https://www.javbus.com/JFB-304,
JFB-303 Fitch15周年記念 Gカップ以上限定！歴代爆乳女優のSEX 激揺れ！激シコ！12時間BEST,JFB-303 Fitch15周年記念 Gカップ以上限定！歴代爆乳女優のSEX 激揺れ！激シコ！12時間BEST,JFB-303,,2022-10-28,720分鐘,,Fitch,Fitch,,胖女人、合集、數位馬賽克、中出、高畫質、巨乳、DMM獨家,中森玲子、鈴香音色、波風きら、青木りん、風音りん、栗崎紗理奈、村上涼子（中村りかこ、黒木菜穂）、希本なつ美、北川瞳、仁科百華、杏美月、吉澤留美、三枝ゆき、安藤あかね、藤崎梨々花、相内つかさ、八木美智香、本真ゆり、小西みか、水咲カレン、石川しずか、彩奈リナ（七原あかり）、ももい理乃、荒木りな、小早川怜子、青山葵、八木あずさ、七草ちとせ、小向美奈子、松本メイ、西條るり、澁谷果歩、桃園怜奈、北嶋あん、国見みすず、西山あさひ、月森ゆの、露梨あやせ、優木いおり、春菜はな、佐倉ねね、小梅えな、武藤クレア、葉月奈穂（葉月菜穂）、高島恭子、真田春香、愛あいり、あきな、JULIA、杉本亜美、水城奈緒、佐藤みき（佐藤美紀、鈴木志帆）、椿織さとみ、祈里きすみ、音海里奈、藤沢麗央、瀬名ひかり、吉根ゆりあ、春風コウ、永井マリア、伊織羽音、Hitomi（田中瞳）、織田真子、生野ひかる、小栗もなか、中村詩織、宝田もなみ、岩瀬りな、天野美優、佐山愛,https://www.javbus.com/JFB-303,
CADV-836 クリスタル映像傑作選 自慢のオッパイで癒してあげる8時間,CADV-836 クリスタル映像傑作選 自慢のオッパイで癒してあげる8時間,CADV-836,,2022-01-08,479分鐘,,クリスタル映像,CRYSTAL EX,クリスタル映像傑作選,成熟的女人、口交、乳交、潮吹、亂倫、已婚婦女、多P、通姦、4小時以上作品、巨乳、DMM獨家、打手槍,中森玲子、風間ゆみ、村上涼子（中村りかこ、黒木菜穂）、若林ひかる、近江なみ、平尾雅美、三咲恭子、櫻井夕樹、石野真奈美、菅谷もも、真鍋樹里、栗原香奈、冬月容子、永作奈緒美、音和礼子、宮島ひとみ、北尾つばさ、桜田映子、西野あけみ、高杉花月,https://www.javbus.com/CADV-836,
BDSR-455 騎乗位の人妻たち 欲情妻36人4時間,BDSR-455 騎乗位の人妻たち 欲情妻36人4時間,BDSR-455,,2021-07-24,240分鐘,メカテス武田,ビッグモーカル,ビッグモーカル,,其他戀物癖、已婚婦女、女上位、高畫質、巨乳,川上ゆう（森野雫）、すずきりりか、管野しずか、北谷静香、川村典子、平山こずえ、星野あかり、牧原れい子、青山真希、新尾きり子、持田美琴、大島あいる、逢沢はるか（黒木琴音）、福元美砂恵（仲間麗奈）、間宮ココ、立花さや、知世奏、町村小夜子、桐岡さつき、本庄瞳、綾瀬みなみ、三浦恵理子、西條るり、有沢りさ、青山ゆい、北条麻妃、弓束ちはや、妃乃ひかり、星咲優菜、杉原えり、中森玲子、早見るり、優木あおい、小峰ひなた、眞木あずさ、北川エリカ,https://www.javbus.com/BDSR-455,
VVVD-193 小便浴びまくり！浴尿レズビアンBEST,VVVD-193 小便浴びまくり！浴尿レズビアンBEST,VVVD-193,,2021-07-22,240分鐘,,ヴィ,V,,放尿、女同性戀、合集、巨乳、DMM獨家,波多野結衣、君島みお、中森玲子、さとう遥希、桃色さくら、鈴木鈴、速美もな、朝桐光,https://www.javbus.com/VVVD-193,
VVVD-190 女性スタッフだけで作った禁断レズドラマ全作品集7作品8時間,VVVD-190 女性スタッフだけで作った禁断レズドラマ全作品集7作品8時間,VVVD-190,,2021-06-25,480分鐘,,ヴィ,V,女性だけで作った禁断レズ劇場,女同性戀、合集、拳交、巨乳、DMM獨家、肛交,中森玲子、鈴木鈴、さとう遥希、桃色さくら、伊織涼子、松本まりな、倖田李梨（倖田美梨、岩下美季）、片瀬仁美、美月優芽、沙藤ユリ、中川理沙、芹沢つむぎ、朝桐光、風間ゆみ、桐山凛果、脇阪エム、加藤舞子、華原美奈子、市來あやか、美山志穂,https://www.javbus.com/VVVD-190,
OKAX-742 おま○こ図鑑 アナルピクピク！マンビラパックリ！ドアップ丸見え！挑発！,OKAX-742 おま○こ図鑑 アナルピクピク！マンビラパックリ！ドアップ丸見え！挑発！,OKAX-742,,2021-05-22,240分鐘,,ケイ・エム・プロデュース,おかず。,,蕩婦、DMM獨家、自慰、肛交、局部特寫,三田杏、川越ゆい、あず希、星乃レイア、北川千尋、中森玲子、篠田ゆう、榎本葉月、神楽アイネ、清城ゆき、南涼、藤川菜緒、立花綾乃、嶋崎かすみ、小島りりか、泉ののか、相澤ゆりな、倉木しおり、持田栞里、伊東真緒,https://www.javbus.com/OKAX-742,
MKCK-274 2020年E-BODYラストベスト 過去10年で最も美体でドエロかった大当たり肉弾200SEX アジア最高峰ボディコレクション16時間,MKCK-274 2020年E-BODYラストベスト 過去10年で最も美体でドエロかった大当たり肉弾200SEX アジア最高峰ボディコレクション16時間,MKCK-274,,2020-12-12,960分鐘,,E-BODY,E-BODY,,合集、花癡、乳房、巨尻、巨乳、DMM獨家,麻美ゆま、風間ゆみ、加山なつこ、麻生早苗、かすみ果穂、青山菜々、三島奈津子、司ミコト、美園和花、堺希美、水野朝陽、RION、山手栞、高杉麻里、若宮はずき、小椋かをり、後藤里香、羽海野まお、吉根ゆりあ、桜ゆり、叶ユリア、石原希望、衣吹かのん、鈴森ローサ、北山かんな、清城ゆき、初音みのり、並樹ひかり、鈴森ひなた、高丘大空、香山美桜、雛鶴みお、永井マリア、須原のぞみ、果瀬はるな、深田ナナ、宝田もなみ、如月愛、浜崎真緒、鈴木真夕、武田真、佐倉ねね、山神すみれ、飛鳥りいな、須崎まどか、凪沙ゆきの、栗栖みなみ、辻井ほのか、小梅えな、神坂朋子、若槻みづな、三浦恵理子、北川エリカ、北川瞳、奥田咲、赤井美月、蓮実クレア、杏美月、村上涼子（中村りかこ、黒木菜穂）、愛乃なみ、AIKA、水咲カレン、さとう遥希、鶴田かな、本田岬、長谷川リホ、羽月希、姫野ゆうり、高梨ゆあ、ティア、サリー、長澤あずさ、中森玲子、佳山三花、里美ゆりあ、Hitomi（田中瞳）、波多野結衣、アンジェ、ましろ杏、希咲エマ（HARUKI、加藤はる希）、JULIA、新井エリー（晶エリー、大沢佑香）、西條るり、めぐり（藤浦めぐ）、菅野さゆき、本真ゆり、夢乃あいか、白咲梓、春菜はな、凛音とうか、クロエ、中村推菜、美竹すず、永井れいな、手塚ひかり、胡桃華、水川かずは、小早川怜子、岩瀬りな、青野セイラ、篠崎ゆう、君島みお、結月恭子、能美ちなつ、逢見リカ、若菜奈央、桃瀬友梨奈、麻見ももか、NAOMI、八神さおり、深田えいみ、相沢夏帆、吉川あいみ、稲場るか、篠田あゆみ、美国沙耶、メイメイ、佐久間恵美、妃月るい、ほしの景子、篠崎かんな、今井夏帆、ケイラ、ゆいの、浜崎なお、七草ちとせ、かすみりさ、相澤ゆりな,https://www.javbus.com/MKCK-274,
MCSR-415 ものすごくいやらしい団地妻たち50人5時間,MCSR-415 ものすごくいやらしい団地妻たち50人5時間,MCSR-415,,2020-11-28,300分鐘,金子次郎,ビッグモーカル,マスカット,,已婚婦女、4小時以上作品、高畫質、巨乳,華咲りょう、風間ゆみ、葉月麗、水原みなみ、はるか悠、天海ゆり、藤咲飛鳥、北島玲、中村綾乃、赤坂エレナ、牧野遥、中山かすみ、堀口奈津美、水野優、松浦ユキ、佐伯奈々、南原香織、坂上友香、望月加奈（松沢真理）、川瀬さやか、南沙也香、坂本梨沙、翔田千里、中森玲子、柳木美麗、矢田真由美、水嶋あずみ、小滝紗由美、夏原カレン、石倉えいみ、楢崎かほり、北村りょう、南野あかり、水城奈緒、本庄瞳、長澤あずさ、羽月希、若菜あゆみ、新尾きり子、橘慶子、長谷川美紅、愛内凛、春風えみ、花村いずみ、結城みさ、吉永沙織、華山美玲、早見るり、山本美和子,https://www.javbus.com/MCSR-415,
ZBES-003 痴女騎図鑑～僕は、あなたの椅子になりたい。巨尻美尻の挑発！タイプの違う五人のエロ痴女が男をいたぶり顔に乗る！,ZBES-003 痴女騎図鑑～僕は、あなたの椅子になりたい。巨尻美尻の挑発！タイプの違う五人のエロ痴女が男をいたぶり顔に乗る！,ZBES-003,,2020-11-10,129分鐘,工藤澪,実録出版,実録出版,痴女顔騎,蕩婦、女醫生、屁股、姐姐、高畫質、顏面騎乘,中森玲子,https://www.javbus.com/ZBES-003_2020-11-10,
CADV-787 クリスタル映像35周年記念 人妻温泉 30人8時間スペシャル2,CADV-787 クリスタル映像35周年記念 人妻温泉 30人8時間スペシャル2,CADV-787,,2020-10-22,477分鐘,,クリスタル映像,CRYSTAL EX,クリスタル映像35周年記念,成熟的女人、合集、已婚婦女、通姦、女上位、4小時以上作品、顏射、温泉,風間ゆみ、遥花しいな、内田美奈子、山本美和子、川辺いづみ、小池絵美子、楢崎かほり、桜みちる、立花みずき、若林美保、円城ひとみ、岬レナ、九条雛子、橘エレナ、内田桃子（藤原多恵）、星野由香、綾女、中森玲子、叶あん、大嶋しのぶ、藤崎沙耶、山田和歌子、折原みさと、藤沢芳恵、北川亜矢、高倉梨奈、北条麻妃、西城早織、折川菜由、加山なつこ,https://www.javbus.com/CADV-787,
MCSR-389 ラグジュアリーすぎる初体験！極上騎乗位筆おろし5時間30人,MCSR-389 ラグジュアリーすぎる初体験！極上騎乗位筆おろし5時間30人,MCSR-389,,2020-04-25,300分鐘,金子次郎,ビッグモーカル,マスカット,,已婚婦女、女上位、高畫質、巨乳,三浦恵理子、篠田あゆみ、橘優花、夏原カレン、山本美和子、翔田千里、中森玲子,https://www.javbus.com/MCSR-389,
MMB-277 【厳選】美人妻の誰にも言えないねっとり！ こっそり！ 自慰行為！！！ 22人,MMB-277 【厳選】美人妻の誰にも言えないねっとり！ こっそり！ 自慰行為！！！ 22人,MMB-277,,2019-12-01,243分鐘,石切橋博士,桃太郎映像出版,桃太郎ベスト,,成熟的女人、玩具、其他戀物癖、已婚婦女、4小時以上作品、DMM獨家、自慰,長瀬涼子、有沢りさ、新山かえで、成宮いろは、麻生岬、桐島冴子、佐藤みき（佐藤美紀、鈴木志帆）、村上涼子（中村りかこ、黒木菜穂）、ましろ杏、藤宮櫻花（眞雪ゆん）、春風えみ、優木夏、松浦ユキ、澤村レイコ（高坂保奈美、高坂ますみ）、工藤まなみ、水野朝陽、浅倉彩音、佐々木涼、国見奈々、中森玲子、甘衣かおり、安西カルラ,https://www.javbus.com/MMB-277,
MCSR-356 中出し近親相姦 50人 なんでも言うこと聞いてくれる爆乳お義母さん 5時間,MCSR-356 中出し近親相姦 50人 なんでも言うこと聞いてくれる爆乳お義母さん 5時間,MCSR-356,,2019-09-28,300分鐘,金子次郎,ビッグモーカル,マスカット,,亂倫、已婚婦女、中出、4小時以上作品、婆婆、高畫質、出軌,佐々木あき、北条麻妃、篠田あゆみ、翔田千里、逢沢はるか（黒木琴音）、明里ともか、杉原えり、牧原れい子、望月加奈（松沢真理）、五十嵐しのぶ、小出遥、志村玲子、高倉ゆきの、倉多まお、中森玲子、本田莉子、甲斐ミハル、松下ゆうか（愛乃彩音、藤咲ゆうか）、水沢真樹、横山みれい、澁谷果歩、原千草、月島えみり、鈴木さとみ、草凪純（加納瑞穂）、小早川怜子、夏美まや、橘優花、魚住里奈、二階堂ゆり、芹沢恋、柳田やよい、澤村レイコ（高坂保奈美、高坂ますみ）、本真ゆり、川上ゆう（森野雫）、三浦恵理子、速水怜、赤坂エレナ、橘エレナ、松浦ユキ、伊織涼子、北島玲、宮野ゆかな、村上涼子（中村りかこ、黒木菜穂）、有沢りさ、星野あかり、はるか悠、浜崎なお、華山美玲、川瀬さやか,https://www.javbus.com/MCSR-356,
MCSR-347 卑猥映像 絶対ヌケル！！ えげつない濃厚変態SEX4時間20人5 生々しい本気のガチイキスペシャル！！,MCSR-347 卑猥映像 絶対ヌケル！！ えげつない濃厚変態SEX4時間20人5 生々しい本気のガチイキスペシャル！！,MCSR-347,,2019-07-27,240分鐘,メカテス武田,ビッグモーカル,マスカット,四十路・五十路・還暦熟女えげつない中出しSEX,成熟的女人、纪录片、中出、高畫質,風間ゆみ、本庄瞳、赤坂エレナ、草凪純、平松恵理香、新村まり子、荻原亜紀、山口翠、杉原えり、吉岡奈々子、北谷静香、北条麻妃、牧原れい子、横山みれい、中森玲子、竹田千恵、澤村レイコ（高坂保奈美、高坂ますみ）、朝桐光、新尾きり子、福元美砂恵（仲間麗奈）,https://www.javbus.com/MCSR-347,
MKCK-235 ユーザーが認めた神BODY集結！ E-BODY平成ベストボディ売上TOP100絶対ヌける女体が見つかる100本番12時間メモリアルベスト,MKCK-235 ユーザーが認めた神BODY集結！ E-BODY平成ベストボディ売上TOP100絶対ヌける女体が見つかる100本番12時間メモリアルベスト,MKCK-235,,2019-06-08,720分鐘,,E-BODY,E-BODY,,苗條、合集、4小時以上作品、巨尻、巨乳、DMM獨家,JULIA、NAOMI、ケイラ、さとう遥希、汐音まり、初音みのり、佐々木れい、ましろ杏、ティア、有森涼（事原みゆ）、山手栞、稲場るか、堺希美、佐々木ゆい、佐久間恵美、結月恭子、果瀬はるな、奥田咲、なつき、小椋かをり、哀川りん、逢沢はるか（黒木琴音）、高丘大空、西川りおん、中村推菜、中森玲子、沢尻真未、七草ちとせ、ゆいの、ほしの景子、希咲エマ（HARUKI、加藤はる希）、咲楽アンナ、小澤まな、鈴森ローサ、林ゆな、麻美ゆま、麻生早苗、仲間明日香、堀越なぎさ、椎名まりな、片平あかね、並樹ひかり、美竹すず、八神さおり、日向リサ、藤白はな、鈴木心春、宝田もなみ、赤井美月、小早川怜子、鈴木真夕、滝沢ななお、滝川ソフィア、蒼井楓、青野セイラ、桃瀬友梨奈、西条沙羅、星咲優菜、菅野さゆき、深田ナナ、森川アンナ、城田アンナ、堀北七海,https://www.javbus.com/MKCK-235,
JUSD-822 マドンナ歴代の超大作がここに集結ー。 美熟女オールスター夢の大共演BEST 8時間,JUSD-822 マドンナ歴代の超大作がここに集結ー。 美熟女オールスター夢の大共演BEST 8時間,JUSD-822,,2019-03-22,480分鐘,,マドンナ,Madonna,,成熟的女人、濫交、合集、已婚婦女、多P、數位馬賽克、4小時以上作品、DMM獨家,牧原れい子、艶堂しほり（遠藤しおり）、澤村レイコ（高坂保奈美、高坂ますみ）、有沢実紗、伊達紗弥、中森玲子、一色桃子、吉瀬菜々子、佐々木あき、三原ほのか、秋野千尋、西尾かおり、山本美和子、愛咲れいら（原千尋）、当真ゆき（桜井マミ）、横山みれい、柳田やよい、白木優子、上原亜衣、かなで自由、鈴木さとみ、黒川すみれ、美保結衣、澁谷果歩、三喜本のぞみ、水野朝陽、桜ちなみ、小早川怜子、森ななこ、中山理莉、菅野さゆき、水戸かな、遥あやね、友田真希、永井みひな、大浦真奈美、神波多一花、初美沙希、音無かおり、青木美空、桐岡さつき、広瀬奈々美（堀口奈津美）、伊織涼子、加山なつこ、北原夏美、川上ゆう（森野雫）、管野しずか、香坂澪、折原ゆかり、葉月奈穂（葉月菜穂）、細川まり、愛田奈々、風間ゆみ、翔田千里、村上涼子（中村りかこ、黒木菜穂）、城田るり、結城みさ、野間あんな、小森愛、星咲優菜、青山葵、暮町ゆうこ、矢部寿恵、七海ひさ代、神崎久美、竹下千晶、三浦恵理子、愛矢峰子、浅井舞香、大橋ひとみ、久保麗子、星野あかり,https://www.javbus.com/JUSD-822,
OKAX-492 鬼気迫るバキュームフェラ！！チ○ポをべろんべろんに舐め倒すお姉さんたち！,OKAX-492 鬼気迫るバキュームフェラ！！チ○ポをべろんべろんに舐め倒すお姉さんたち！,OKAX-492,,2019-03-22,240分鐘,,ケイ・エム・プロデュース,おかず。,,蕩婦、口交、其他戀物癖、姐姐、4小時以上作品,蓮実クレア、北村玲奈、大場ゆい、堀内秋美、立花綾乃、中森玲子、浅倉彩音、大空かのん、白河美夕、有奈めぐみ、若菜あゆみ、杉本蘭、原望美、沙藤ユリ、一条リオン、内田美奈子、新井エリー（晶エリー、大沢佑香）、大堀香奈、大隈恵令奈（大隅恵令奈）、美咲結衣,https://www.javbus.com/OKAX-492,
NASH-020 強姦 犯された人妻たち,NASH-020 強姦 犯された人妻たち,NASH-020,,2019-03-08,241分鐘,,なでしこ,Nadeshiko,,成熟的女人、已婚婦女、性奴、4小時以上作品、高畫質,加藤なお、牧原れい子、相澤かな、北条麻妃、翔田千里、中森玲子,https://www.javbus.com/NASH-020,
NASH-013 熟女残虐中出し懲罰,NASH-013 熟女残虐中出し懲罰,NASH-013,,2019-02-22,141分鐘,金子次郎,なでしこ,Nadeshiko,,成熟的女人、已婚婦女、凌辱、中出、高畫質,澤村レイコ（高坂保奈美、高坂ますみ）、中森玲子、風間ゆみ、広瀬奈々美（堀口奈津美）、翔田千里,https://www.javbus.com/NASH-013,
RUKO-024 犯された乳デカな妻,RUKO-024 犯された乳デカな妻,RUKO-024,,2019-02-20,119分鐘,,STARPARADISE,おしるこ,,已婚婦女、凌辱、高畫質、出軌、戲劇、巨乳,中森玲子、相原りお、星咲七花、篠田あゆみ,https://www.javbus.com/RUKO-024,
STTCD-003 【お得セット】射精しまくる女大好きニューハーフ・爆乳大好きニューハーフ・女大好き射精するWニューハーフ,STTCD-003 【お得セット】射精しまくる女大好きニューハーフ・爆乳大好きニューハーフ・女大好き射精するWニューハーフ,STTCD-003,,2019-01-10,390分鐘,,TRANSCLUB,TRANSCLUB（お得セット）,,其他戀物癖、變性者、多P、泳裝、DMM獨家、肛交,白山ゆり、宝生優果（羽野理沙）、如月優奈、深田聖美、森崎杏那、夏目百合、中森玲子、柊めい、相崎真希（美空おんぷ）、君島可憐、桜みちる、松下瑠衣,https://www.javbus.com/STTCD-003,
MCSR-322 中出しお義母さんが教えてあげる 極上爆乳 Special！ 4時間16人！,MCSR-322 中出しお義母さんが教えてあげる 極上爆乳 Special！ 4時間16人！,MCSR-322,,2018-11-10,240分鐘,金子次郎,ビッグモーカル,マスカット,中出しお義母さんが教えてあげる,母親、亂倫、已婚婦女、中出、4小時以上作品、婆婆、高畫質、巨乳,橘優花、青山ゆい、真木今日子、松坂美紀、中森玲子、横山みれい、秋野千尋、黒沢那智、小早川怜子、大橋ひとみ、篠田あゆみ、本田莉子、宮野ゆかな、仲村茉莉恵、本真ゆり、杉原えり,https://www.javbus.com/MCSR-322,
VERO-077 竿と金玉だけを重点的に洗いたがるS級熟女～「綺麗にしてあげる…」と言いながら泡まみれの潤滑指を金玉の裏から亀頭の先までスクリューさせて大量射精へと導く無摩擦手コキ42人8時間,VERO-077 竿と金玉だけを重点的に洗いたがるS級熟女～「綺麗にしてあげる…」と言いながら泡まみれの潤滑指を金玉の裏から亀頭の先までスクリューさせて大量射精へと導く無摩擦手コキ42人8時間,VERO-077,,2018-09-19,480分鐘,,VENUS,女神（ヴィーナス）,,成熟的女人、合集、已婚婦女、中出、4小時以上作品、DMM獨家,桐岡さつき、村上涼子、翔田千里、澤村レイコ（高坂保奈美、高坂ますみ）、中森玲子、佐藤みき（佐藤美紀、鈴木志帆）、風間ゆみ、北条麻妃、鏡麗子、三浦恵理子、青木美空、神崎久美,https://www.javbus.com/VERO-077,
MCSR-315 ★配信限定特典付★お家で食べれるおいしい童貞 童貞朝ごはん「いただきま～す！」 12食4時間,MCSR-315 ★配信限定特典付★お家で食べれるおいしい童貞 童貞朝ごはん「いただきま～す！」 12食4時間,MCSR-315,,2018-09-15,304分鐘,金子次郎,ビッグモーカル,マスカット,,母親、亂倫、已婚婦女、姐姐、中出、4小時以上作品、高畫質、處男,中森玲子、横山みれい、真木今日子、星野あかり、大橋ひとみ、本田莉子、橘優花、篠田あゆみ、月島えみり、園田ユリア、月嶋美唯、原千草,https://www.javbus.com/MCSR-315,
DINM-454 くちゅくちゅがエロ～い！痴女感たっぷり熟女の唾液でねっちょり手コキ！唾垂らしフェラ！ぬるぬるパイズリ！金玉空っぽ必至の大量発射！50人8時間,DINM-454 くちゅくちゅがエロ～い！痴女感たっぷり熟女の唾液でねっちょり手コキ！唾垂らしフェラ！ぬるぬるパイズリ！金玉空っぽ必至の大量発射！50人8時間,DINM-454,,2018-08-17,480分鐘,,ダイナマイトエンタープライズ,ダイナマイトプレミア,,成熟的女人、合集、已婚婦女、中出、4小時以上作品,伊織涼子、村上涼子、川上ゆう（森野雫）、澤村レイコ（高坂保奈美、高坂ますみ）、中森玲子、浅倉彩音、風間ゆみ、牧原れい子、北条麻妃、小早川怜子、三浦恵理子、笹山希、篠田あゆみ、三喜本のぞみ,https://www.javbus.com/DINM-454,
NASS-893 人妻情慾白書 隣の淫母,NASS-893 人妻情慾白書 隣の淫母,NASS-893,,2018-08-10,141分鐘,,なでしこ,Nadeshiko,人妻情慾白書,成熟的女人、已婚婦女、婆婆、高畫質、戲劇、巨乳,中森玲子、有沢りさ、本真ゆり、原千草、篠田あゆみ,https://www.javbus.com/NASS-893,
MCSR-302 ★配信限定特典付★卑猥映像 絶対ヌケル！！ 四十路・五十路・還暦熟女 えげつない中出しSEX4時間 3 ド迫力爆乳スペシャル,MCSR-302 ★配信限定特典付★卑猥映像 絶対ヌケル！！ 四十路・五十路・還暦熟女 えげつない中出しSEX4時間 3 ド迫力爆乳スペシャル,MCSR-302,,2018-06-25,261分鐘,金子次郎,ビッグモーカル,マスカット,四十路・五十路・還暦熟女えげつない中出しSEX,成熟的女人、纪录片、中出、高畫質、巨乳,町村小夜子、中森玲子、北村信子、折原ゆかり、井川まい、倉田あきえ、久保麗子、大橋ひとみ、久世さくら、赤城沙代、中山佳子、米崎真理、近藤すみか、星杏奈、北条麻妃,https://www.javbus.com/MCSR-302,
JFB-153 濃厚吸引で根こそぎ搾り取る卑猥な口マ○コ 美味しくジュボジュボフェラ8時間BEST,JFB-153 濃厚吸引で根こそぎ搾り取る卑猥な口マ○コ 美味しくジュボジュボフェラ8時間BEST,JFB-153,,2018-06-23,480分鐘,,Fitch,Fitch,,蕩婦、口交、合集、數位馬賽克、主觀視角、キス・接吻、DMM獨家,細川まり、仁科百華、佐山愛、青木りん、AIKA、卯水咲流、澁谷果歩、中村知恵、桜ちなみ、桃園怜奈、青山菜々、小早川怜子、彩凪みゆ、西條るり、風間ゆみ、星野あかり、真琴紀香、中森玲子、相内つかさ、市来美保、石黒樹里、高下えりか、宮部涼花、かすみ果穂、篠田あゆみ、春菜はな、本田岬、本田莉子、松嶋葵、原ちとせ、早川瀬里奈、松井優子、西野翔、翔田千里、波多野結衣,https://www.javbus.com/JFB-153,
BDSR-347 ★配信限定特典付★実録性犯罪 ‘被害女性18名’ ベスト4時間,BDSR-347 ★配信限定特典付★実録性犯罪 ‘被害女性18名’ ベスト4時間,BDSR-347,,2018-05-25,282分鐘,,ビッグモーカル,BIGMORKAL,,已婚婦女、中出、4小時以上作品、高畫質、巨乳,村上涼子、翔田千里、北島玲、川上ゆう（森野雫）、中森玲子、風間ゆみ,https://www.javbus.com/BDSR-347,
POTS-002 女達のセンズリ鑑賞 勃起チ○ポに大興奮！4時間,POTS-002 女達のセンズリ鑑賞 勃起チ○ポに大興奮！4時間,POTS-002,,2018-05-18,240分鐘,ローション玉木,SPOT/エマニエル,SPOT/エマニエル,,成熟的女人、新娘、年輕妻子、4小時以上作品、DMM獨家、顏射、打手槍,細川まり、北原夏美、中森玲子、大堀香奈、西野エリカ、堀内秋美、宮野ゆかな、若菜みなみ、宮本ゆう,https://www.javbus.com/POTS-002,
HRD-125 デカい尻を抱えて膣に出せ 八時間,HRD-125 デカい尻を抱えて膣に出せ 八時間,HRD-125,,2018-05-18,480分鐘,鶴明星,ルビー,greed,,成熟的女人、中出、4小時以上作品、巨尻、巨乳、DMM獨家,星杏奈、中森玲子、紫彩乃、吹石れな,https://www.javbus.com/HRD-125,
SSY-007 素人人妻四畳半 力づくの快楽…三十路妻10人 窓を開ければ神田川...三十路の妻たちは生まれて初めて力尽くで犯され快楽を知る。,SSY-007 素人人妻四畳半 力づくの快楽…三十路妻10人 窓を開ければ神田川...三十路の妻たちは生まれて初めて力尽くで犯され快楽を知る。,SSY-007,,2018-04-01,243分鐘,,プラム,素人onlyプラム,素人四畳半,業餘、合集、已婚婦女、羞恥、中出、4小時以上作品、巨乳,小池絵美子、中森玲子、横山みれい、武田もも、今村なつ、芹菜ひなた、京野かすみ、松田茜、本庄優花,https://www.javbus.com/SSY-007,
OKAX-360 まんずり召しませ！せんずりネタになりたくてなりたくてしょうがないまんずり,OKAX-360 まんずり召しませ！せんずりネタになりたくてなりたくてしょうがないまんずり,OKAX-360,,2018-03-23,240分鐘,,ケイ・エム・プロデュース,おかず。,,蕩婦、合集、4小時以上作品、自慰、局部特寫,大空かのん、加山なつこ、荒木まい、阿部乃みく、さかい由布、青山ななせ、希佳苗、立花まおみ、西園寺ミヅキ、真田美穂、中森玲子、工藤美沙、浅倉愛、大島ゆず奈、藤本ゆうり、鈴森汐那、星野千紗、桜木郁、小鳥遊はる、成海うるみ、細川まり、荒木瞳、有奈めぐみ、葵紫穂、井上綾子、園田花凛、今野あかり、木島すみれ、みおり舞、桜井あゆ、あゆみ翼、小嶋りの、若菜みなみ、大槻ひびき、辻井ゆう、生駒はるな、北島玲、竹内れい子、葉月奈穂（葉月菜穂）、逢沢はるか（黒木琴音）,https://www.javbus.com/OKAX-360,
MMB-188 実話ドキュメント ハイレベル人妻専門店の派遣BBAを撮影交渉して撮らせてもらった,MMB-188 実話ドキュメント ハイレベル人妻専門店の派遣BBAを撮影交渉して撮らせてもらった,MMB-188,,2018-03-04,240分鐘,石切橋博士,桃太郎映像出版,桃太郎ベスト,,合集、各種職業、已婚婦女、4小時以上作品、巨乳、DMM獨家,鏡麗子、中森玲子、滝沢あんな、小滝紗由美、井上綾子、桜ちなみ、星咲茜,https://www.javbus.com/MMB-188,
FMR-67 犯されても濡れてしまう人妻達 豊満巨乳妻4時間,FMR-67 犯されても濡れてしまう人妻達 豊満巨乳妻4時間,FMR-67,,2018-02-16,240分鐘,,ルビー,琥珀,,成熟的女人、已婚婦女、凌辱、巨乳、DMM獨家,並木るか（橘ひな）、中森玲子、松すみれ、鈴香音色、栗崎紗理奈、真木今日子、鮎川みさと、中園貴代美、来栖あさみ、遠藤百音,https://www.javbus.com/FMR-67,
HIGH-026 仕事中のSEXってメチャクチャ燃える！ 中森玲子,HIGH-026 仕事中のSEXってメチャクチャ燃える！ 中森玲子,HIGH-026,,2017-11-20,10分鐘,,ハイライト,ハイライト,仕事中のSEXってメチャクチャ燃える！,口交、各種職業、已婚婦女、姐姐、乳房、高畫質、單體作品,中森玲子,https://www.javbus.com/HIGH-026,
VNDS-3255 ムチムチ母さん 肉欲に波打つ身体,VNDS-3255 ムチムチ母さん 肉欲に波打つ身体,VNDS-3255,,2017-10-17,120分鐘,磯野マグロ,STARPARADISE,ネクストイレブン,,成熟的女人、母親、亂倫、巨乳,高橋真由美、中森玲子、間宮志乃、丸山みさ、宮田明菜,https://www.javbus.com/VNDS-3255,
VERO-068 まだまだVRには負けない！これが2Dならではの迫力だ！！S級熟女の完全主観中出しSEX総決算スペシャル30人8時間,VERO-068 まだまだVRには負けない！これが2Dならではの迫力だ！！S級熟女の完全主観中出しSEX総決算スペシャル30人8時間,VERO-068,,2017-10-01,480分鐘,,VENUS,女神（ヴィーナス）,,成熟的女人、合集、已婚婦女、中出、4小時以上作品、DMM獨家,村上涼子、翔田千里、澤村レイコ（高坂保奈美、高坂ますみ）、中森玲子、佐藤みき（佐藤美紀、鈴木志帆）、風間ゆみ、牧原れい子、椎名ゆな、三浦恵理子、水元恵梨香,https://www.javbus.com/VERO-068,
MMB-146 局部麻酔犯 女性患者のアソコを麻痺させ挿入を繰り返した悪徳産婦人科医の流出映像,MMB-146 局部麻酔犯 女性患者のアソコを麻痺させ挿入を繰り返した悪徳産婦人科医の流出映像,MMB-146,,2017-09-03,240分鐘,石切橋博士,桃太郎映像出版,桃太郎ベスト,,各種職業、惡作劇、中出、4小時以上作品、DMM獨家,鏡麗子、中森玲子、滝沢あんな、峰岸志保、小滝紗由美、神田ほのか、観月恋、清瀬怜、倉本紗季、広瀬奈々美（堀口奈津美）,https://www.javbus.com/MMB-146,
EIH-013 人妻不倫絶頂BEST 8時間,EIH-013 人妻不倫絶頂BEST 8時間,EIH-013,,2017-08-21,477分鐘,,STARPARADISE,EIGHT-H,,蕩婦、合集、已婚婦女、通姦、4小時以上作品,中森玲子、小倉もも、平子知歌、島谷愛、篠原りょう、藤本美和、神咲みほ,https://www.javbus.com/EIH-013,
EMBW-170 昭和浪漫シアター 淫乱な痴熟女が義理の息子を濃厚ベロチューで甘く優しく逆レイプ 全8話,EMBW-170 昭和浪漫シアター 淫乱な痴熟女が義理の息子を濃厚ベロチューで甘く優しく逆レイプ 全8話,EMBW-170,,2017-08-18,240分鐘,,香澄企画/エマニエル,香澄企画（エマニエル）,昭和浪漫シアター,蕩婦、成熟的女人、母親、DMM獨家,中森玲子,https://www.javbus.com/EMBW-170,
MMB-130 （驚愕）奥さまを路地裏で犯してみた（中田氏）,MMB-130 （驚愕）奥さまを路地裏で犯してみた（中田氏）,MMB-130,,2017-07-03,240分鐘,石切橋博士,桃太郎映像出版,桃太郎ベスト,,放尿、野外・露出、已婚婦女、戲劇、故事集、DMM獨家,藤宮櫻花（眞雪ゆん）、中森玲子、浅倉彩音、有沢りさ、春風えみ、国見奈々、優木夏,https://www.javbus.com/MMB-130,
FSG-005 すりすりスリップ,FSG-005 すりすりスリップ,FSG-005,,2017-07-01,113分鐘,下半身タイガース,フェ地下,スリップ劇場,すりすりスリップ,胖女人、身體意識、屁股、姐姐、巨乳、內衣,水野美香、中森玲子、甲斐ミハル、橘美穂、朝比奈瑠依、白高ちさと,https://www.javbus.com/FSG-005,
SND-015 ボイン道場 2 超乳母性編,SND-015 ボイン道場 2 超乳母性編,SND-015,,2017-06-30,152分鐘,TimioJuvorenup,JAMS,新肉感地帯,ボイン道場,胖女人、身體意識、屁股、巨乳,中森玲子、永峰朋美（安岡たまき）、工藤奈緒,https://www.javbus.com/SND-015,
EMAF-407 このデカパイ熟女で抜け！,EMAF-407 このデカパイ熟女で抜け！,EMAF-407,,2017-05-15,480分鐘,清水橋健太,フォーディメンション/エマニエル,フォーディメンション（エマニエル）,,成熟的女人、已婚婦女、4小時以上作品、巨乳、DMM獨家,紫彩乃、中森玲子、高島恭子、加山なつこ、伊織涼子、岩崎千鶴、美神さゆり、中園喜代美、堀川奈美,https://www.javbus.com/EMAF-407,
NASS-614 押入れで旦那の帰りを待つ全裸ペット妻10人,NASS-614 押入れで旦那の帰りを待つ全裸ペット妻10人,NASS-614,,2017-04-28,243分鐘,,なでしこ,Nadeshiko,,成熟的女人、已婚婦女、拘束、中出、4小時以上作品、高畫質、巨乳,中森玲子、大堀香奈、結城みさ、美泉咲、西川りおん、北川エリカ、芦名ユリア、水野朝陽、大塚れん、高岡すみれ,https://www.javbus.com/NASS-614,
FABS-089 中年男女どもの密会現場 連れ込みホテル 2,FABS-089 中年男女どもの密会現場 連れ込みホテル 2,FABS-089,,2017-04-23,135分鐘,ヘンリー塚本,FAプロ,FAプレミアム,ふまじめな大人たちの為に…中年男女どもの密会現場連れ込みホテル,成熟的女人、已婚婦女、花癡、通姦、戲劇、DMM獨家,桜たまき、風間ゆみ、山本さき、永井智美、中森玲子、愛葉亜希、水島涼子（本庄美樹）、藤森みゆき、信濃川小町、浅宮ゆかり,https://www.javbus.com/FABS-089,
MCSR-247R ★配信限定特典付★30th BIGMORKAL 中出しお義母さんが教えてあげる ANNIVERSARY EDITION 8時間,MCSR-247R ★配信限定特典付★30th BIGMORKAL 中出しお義母さんが教えてあげる ANNIVERSARY EDITION 8時間,MCSR-247R,,2017-03-25,504分鐘,,ビッグモーカル,マスカット,中出しお義母さんが教えてあげる,成熟的女人、合集、已婚婦女、纪录片、中出、4小時以上作品、婆婆、高畫質,はるか悠、北条麻妃、中森玲子、華山美玲、伊織涼子、橘エレナ、小早川怜子、三浦恵理子、大橋ひとみ、篠田あゆみ,https://www.javbus.com/MCSR-247R,
UMSO-132 『え、こんな私のカラダで興奮するの？』2 女を忘れかけ無警戒に乗り込んだ電車内で若い青年に熟れた胸や尻を弄られたおばさんは感じまいと必死に抵抗するが、性感帯を刺激された瞬間スイッチが入ってしまった,UMSO-132 『え、こんな私のカラダで興奮するの？』2 女を忘れかけ無警戒に乗り込んだ電車内で若い青年に熟れた胸や尻を弄られたおばさんは感じまいと必死に抵抗するが、性感帯を刺激された瞬間スイッチが入ってしまった,UMSO-132,,2017-03-10,239分鐘,,ケイ・エム・プロデュース,UMANAMI,『え、こんな私のカラダで興奮するの？』,成熟的女人、OL、已婚婦女、性騷擾、羞恥、4小時以上作品、高畫質、巨乳,よしい美希（伊沢涼子、吉井美希）、艶堂しほり（遠藤しおり）、中森玲子,https://www.javbus.com/UMSO-132,
HYAS-075 グローバルメディア 熟女・人妻レイプ 100人8時間,HYAS-075 グローバルメディア 熟女・人妻レイプ 100人8時間,HYAS-075,,2017-03-10,482分鐘,,ケイ・エム・プロデュース,100人,100人8時間,成熟的女人、已婚婦女、4小時以上作品、高畫質、出軌、戲劇,青木玲、愛原さえ、青木美空、霧島ゆかり、黒沢那智、小泉真希、金城梨花、後藤あずさ、青山美咲、桐島綾子、風間ゆみ、綾瀬まな、有沢実紗、伊織涼子、五十嵐しのぶ、井川ゆい、樹花凜（七咲楓花）、大田ゆりか、高島恭子、内田美奈子、円城ひとみ、大堀香奈、笠木忍、折原ゆかり、音原恭子、宇佐美なな、尾島みゆき、杉原えり、浅井舞香、川上ゆう（森野雫）、石原貴子、音無かおり、佐々木恋海（向井恋）、高沢沙耶、冴島ゆかり、小早川怜子、さとう遥希、桐岡さつき、篠田あゆみ、春原未来、桃華マリエ、白鳥まみ、江波りゅう（RYU)、翔田千里、椎名ゆな、澤村レイコ（高坂保奈美、高坂ますみ）、白鳥寿美礼、管野しずか、北谷静香、北条麻妃、中園貴代美、広瀬奈々美（堀口奈津美）、時越芙美江、寺崎泉、橘エレナ、竹内紗里奈、滝川かのん、長谷川美紅、西川りおん、榊みほ、新山かえで、星咲優菜、中森玲子、藤田愛子、藤下梨花、平山こずえ、妃乃ひかり、瞳れい、羽月希、葉月奈穂（葉月菜穂）、紫彩乃、夢野まりあ、優木明日花、宮前幸恵、みづなれい（みずなれい）、松本まりな、松下美香、松浦ユキ、本庄瞳、中島あいり、元山はるか、沢村麻耶、今亜理紗、村上涼子（中村りかこ、黒木菜穂）、吉永静子、結城みさ、百合川さら、山河ほたる、矢部寿恵、矢部温子、細川まり、星野あかり、横山みれい、七海ひさ代、柳田やよい、加山なつこ,https://www.javbus.com/HYAS-075,
DBEB-073 性感がビッシリ詰まった巨大な乳房を嬲られながら気が狂うまでイキ続ける女 The Baby Entertainment GOLD BEST 巨乳陵辱絶頂総集編,DBEB-073 性感がビッシリ詰まった巨大な乳房を嬲られながら気が狂うまでイキ続ける女 The Baby Entertainment GOLD BEST 巨乳陵辱絶頂総集編,DBEB-073,,2017-03-05,240分鐘,,BabyEntertainment,BabyEntertainment,TheBabyEntertainmentGOLDBEST,紧缚、合集、羞恥、巨乳、DMM獨家,風間ゆみ、星ありす、綾乃梓、村上涼子（中村りかこ、黒木菜穂）、奥菜つばさ、中森玲子、松すみれ、彩佳リリス（藤崎クロエ）、新山かえで、篠田あゆみ、葉月奈穂（葉月菜穂）、小坂めぐる、浜崎りお（森下えりか、篠原絵梨香）、@YOU、三喜本のぞみ,https://www.javbus.com/DBEB-073,
FABS-085 ヘンリー塚本 中年男女たちの禁断の愛のドラマ集４ 無節操,FABS-085 ヘンリー塚本 中年男女たちの禁断の愛のドラマ集４ 無節操,FABS-085,,2017-01-22,142分鐘,ヘンリー塚本,FAプロ,FAプレミアム,ヘンリー塚本中年男女たちの禁断の愛のドラマ集,成熟的女人、已婚婦女、花癡、戲劇、巨乳、DMM獨家,風間ゆみ、菊川麻里、中森玲子、北谷静香、辺見麻衣、愛川咲樹、杉本はるか、円城ひとみ、三浦恵理子,https://www.javbus.com/FABS-085,
NASS-548 性欲を制御できない義母さん48人！発射5分前SPECIAL,NASS-548 性欲を制御できない義母さん48人！発射5分前SPECIAL,NASS-548,,2016-12-09,239分鐘,寿大吉,なでしこ,Nadeshiko,,成熟的女人、合集、亂倫、中出、4小時以上作品、婆婆、巨乳,翔田千里、中森玲子、友田真希,https://www.javbus.com/NASS-548,
JFB-147 顔だけでもヌケるのに更にグラマラス！超美顔＆美BODY 24SEX8時間,JFB-147 顔だけでもヌケるのに更にグラマラス！超美顔＆美BODY 24SEX8時間,JFB-147,,2016-09-29,480分鐘,,Fitch,Fitch,,蕩婦、合集、數位馬賽克、中出、巨尻、巨乳、DMM獨家,かすみ果穂、成瀬心美（ここみ）、中森玲子、佐山愛、さとう遥希、小川あさ美、織田真子、本田莉子、中村知恵、吉浦みさと、松本メイ、本田岬、井上瞳、上原亜衣、倉持結愛、尾上若葉、波多野結衣、倉多まお、菅野さゆき、西條るり、沖田杏梨、みなせ優夏、椎名ゆな、桃園怜奈,https://www.javbus.com/JFB-147,
MCSR-226 ★配信限定特典付★30th BIGMORKAL 中出し人妻暴行 ANNIVERSARY EDITION 8時間,MCSR-226 ★配信限定特典付★30th BIGMORKAL 中出し人妻暴行 ANNIVERSARY EDITION 8時間,MCSR-226,,2016-09-25,524分鐘,,ビッグモーカル,マスカット,中出し人妻暴行,合集、已婚婦女、凌辱、中出、4小時以上作品、高畫質,風間ゆみ、川上ゆう（森野雫）、村上涼子（中村りかこ、黒木菜穂）、南原香織、翔田千里、北島玲、佐伯奈々、中森玲子,https://www.javbus.com/MCSR-226,
FLOW-006 すけべ爺の女喰らい熟練交尾 第六章,FLOW-006 すけべ爺の女喰らい熟練交尾 第六章,FLOW-006,,2016-09-18,240分鐘,,不老仙人/エマニエル,不老仙人,すけべ爺の女喰らい熟練交尾,其他戀物癖、合集、亂倫、已婚婦女、4小時以上作品、高畫質、DMM獨家,川上ゆう（森野雫）、中森玲子、長谷川美紅、椿かなり、篠田あゆみ、広瀬奈々美（堀口奈津美）,https://www.javbus.com/FLOW-006,
NSPS-502 おっぱいを味わい尽くす！,NSPS-502 おっぱいを味わい尽くす！,NSPS-502,,2016-08-21,256分鐘,ながえ,ながえスタイル,ながえSTYLE,,乳交、已婚婦女、戀乳癖、戲劇、巨乳、DMM獨家,藤宮櫻花（眞雪ゆん）、流川純、中森玲子、浅倉彩音、平山薫、高沢沙耶、宮崎あい,https://www.javbus.com/NSPS-502,
HRD-83 和の熟女 四十路から七十路までの15人 第2巻 240分,HRD-83 和の熟女 四十路から七十路までの15人 第2巻 240分,HRD-83,,2016-08-15,238分鐘,鶴明星,ルビー,greed,オスビッチ昇天！超絶ペニバンアナルFUCK,成熟的女人、DMM獨家,野宮凛子、中森玲子、藤森綾子,https://www.javbus.com/HRD-83,
NASS-481 過激淫乱病棟 我慢できない女医＆ナース,NASS-481 過激淫乱病棟 我慢できない女医＆ナース,NASS-481,,2016-08-12,183分鐘,,なでしこ,Nadeshiko,,成熟的女人、护士、合集、女醫生、已婚婦女、花癡、巨乳,中森玲子、高島恭子、若林美保、黒谷彩乃、榊みのり,https://www.javbus.com/NASS-481,
FABS-076 女たちの昭和 あの日あの時あの涙 男はたくましく女はイヤラシかった 女は美し・いやらし・色っぽし,FABS-076 女たちの昭和 あの日あの時あの涙 男はたくましく女はイヤラシかった 女は美し・いやらし・色っぽし,FABS-076,,2016-07-25,291分鐘,ヘンリー塚本,FAプロ,FAプレミアム,女たちの昭和,和服・喪服、成熟的女人、胖女人、已婚婦女、4小時以上作品、戲劇、DMM獨家,白石雪、川上ゆう（森野雫）、松永小百合、翔田千里、風見京子、安藤沙耶佳、岡安ひろみ、藤森みゆき、小林美沙、平井ゆきな、北谷静香、大沢萌、中森玲子、望月加奈（松沢真理）、浅井舞香、神崎レオナ（七瀬かすみ）、真島みゆき、大橋奈津美、坂本愛美,https://www.javbus.com/FABS-076,
WNXG-070 何処まで口説ける！？店で見つけたムラっとくる働くお姉さんパート2 31名収録 8時間スペシャル！！,WNXG-070 何処まで口説ける！？店で見つけたムラっとくる働くお姉さんパート2 31名収録 8時間スペシャル！！,WNXG-070,,2016-06-29,479分鐘,VOLUME,STARPARADISE,VOLUME,何処まで口説ける！？店で見つけたムラっとくる働くお姉さん,獵豔、各種職業、姐姐、制服、4小時以上作品,ひなのりく、中森玲子、林なお、峰原ちの、綾波瀬奈、若草ひより、麻生亜衣、姫宮ルナ,https://www.javbus.com/WNXG-070,
DIPO-034 人妻究極フェラチオ100人100連発！！！ Vol.3,DIPO-034 人妻究極フェラチオ100人100連発！！！ Vol.3,DIPO-034,,2016-06-21,240分鐘,,プリモ,エロナンデス,人妻究極フェラチオ100人100連発！！！,苗條、口交、已婚婦女、數位馬賽克、4小時以上作品、高畫質、巨乳,川上ゆう（森野雫）、押切あやの、中原綾香、北条麻妃、高原千夏、中森玲子、里谷あい、中山かすみ、有沢実紗、佐倉美香,https://www.javbus.com/DIPO-034,
BOYA-010 【童貞、ママにヤられる】童貞息子のデカチンでイかされまくる巨乳＆淫乱義母との近親相姦。絶対に手を出してはいけない相手だから燃える。15人4時間,BOYA-010 【童貞、ママにヤられる】童貞息子のデカチンでイかされまくる巨乳＆淫乱義母との近親相姦。絶対に手を出してはいけない相手だから燃える。15人4時間,BOYA-010,,2016-06-06,240分鐘,石原BO-YA,TMA,BO-YA,,亂倫、4小時以上作品、婆婆、高畫質、處男、デカチン・巨根、巨乳,川上ゆう（森野雫）、北条麻妃、中森玲子、青山真希、三浦恵理子、堀内秋美、本田莉子、橘優花、篠田あゆみ、逢沢はるか（黒木琴音）,https://www.javbus.com/BOYA-010,
DIPO-033 魅惑のWフェラチオ 60人30連発！！！,DIPO-033 魅惑のWフェラチオ 60人30連発！！！,DIPO-033,,2016-05-23,240分鐘,,プリモ,エロナンデス,,苗條、口交、花癡、數位馬賽克、巨乳,瀬名えみり、柳田やよい、和葉みれい（藤白まき）、中森玲子、美嶋茜、浅倉彩音、愛璃みい、平井綾、みはる、宮川みくる,https://www.javbus.com/DIPO-033,
FMR-46 犯されて感じてしまうふしだらな熟女たち 恥辱と快楽に塗れよがり狂う…,FMR-46 犯されて感じてしまうふしだらな熟女たち 恥辱と快楽に塗れよがり狂う…,FMR-46,,2016-05-16,240分鐘,,ルビー,琥珀,,成熟的女人、4小時以上作品、DMM獨家,中森玲子、美山蘭子、松下美香、藤下梨花、大橋ひとみ,https://www.javbus.com/FMR-46,
EMAF-356 魅惑の美乳 4時間,EMAF-356 魅惑の美乳 4時間,EMAF-356,,2016-04-28,240分鐘,清水橋健太,フォーディメンション/エマニエル,フォーディメンション（エマニエル）,,成熟的女人、乳房、4小時以上作品、DMM獨家,風間ゆみ、紫彩乃、中森玲子、高島恭子、加山なつこ、藤森綾子、伊織涼子、美神さゆり、中園喜代美、黒沢那智,https://www.javbus.com/EMAF-356,
JFB-127 濃厚汗だく肉感グラマラス 全作品集12時間,JFB-127 濃厚汗だく肉感グラマラス 全作品集12時間,JFB-127,,2016-02-27,720分鐘,,Fitch,Fitch,濃厚汗だく○○グラマラス,合集、各種職業、戀乳癖、屁股、數位馬賽克、汗だく、DMM獨家,沢口みき、翔田千里、葉月奈穂（葉月菜穂）、中森玲子、波多野結衣、石川しずか、美神さゆり、青山葵、本真ゆり、八木あずさ、七瀬ゆい（羽田未来）,https://www.javbus.com/JFB-127,
YLW-4341 和装美熟女悦楽遊戯 着物の下はナマ乳ナマ尻ナマま○こ,YLW-4341 和装美熟女悦楽遊戯 着物の下はナマ乳ナマ尻ナマま○こ,YLW-4341,,2016-02-25,240分鐘,たくま珍,MellowMoon（メロウムーン）,YellowMoon（イエロームーン）,,企畫、和服・喪服、成熟的女人、屁股、4小時以上作品,中森玲子、三咲恭子、藤森綾子、吉田涼子、亀山和枝、松本あきえ、香野良枝、吹雪しおり、佳山智枝美、宮沢志乃、戸田志乃、与田明子,https://www.javbus.com/YLW-4341,
EMBW-136 痴熟女大図鑑4時間 若作りで誘惑！フル勃起おちんぽに執着する31人,EMBW-136 痴熟女大図鑑4時間 若作りで誘惑！フル勃起おちんぽに執着する31人,EMBW-136,,2016-02-15,240分鐘,,香澄企画/エマニエル,香澄企画（エマニエル）,,蕩婦、成熟的女人、其他戀物癖、DMM獨家,中森玲子,https://www.javbus.com/EMBW-136,
DINM-297 子供には見せられない授業参観日の誘惑ランジェリー～先生、息子のこと宜しくお願いしますね…～ 40人8時間,DINM-297 子供には見せられない授業参観日の誘惑ランジェリー～先生、息子のこと宜しくお願いしますね…～ 40人8時間,DINM-297,,2016-02-15,480分鐘,,ダイナマイトエンタープライズ,ダイナマイトプレミア,,成熟的女人、母親、合集、4小時以上作品、DMM獨家、內衣,矢部寿恵、翔田千里、北島玲、澤村レイコ（高坂保奈美、高坂ますみ）、中森玲子、風間ゆみ、小早川怜子,https://www.javbus.com/DINM-297,
RBB-083 一等賞の美尻巨尻小尻桃尻熟尻裸尻を出した女の子8時間,RBB-083 一等賞の美尻巨尻小尻桃尻熟尻裸尻を出した女の子8時間,RBB-083,,2016-02-14,480分鐘,,ROOKIE,ROOKIE,,合集、屁股、女上位、巨尻、DMM獨家,立花さや、黒木いちか（東条かれん）、周防ゆきこ、上原カエラ、美咲みゆ、桃野なごみ、菜月アンナ、舞咲みくに、桜井あゆ、弓束ちはや、水谷心音（藤崎りお）、天使もえ、美雪ありす、有村千佳、仁科百華、蓮実クレア、星野ナミ、RUMIKA、水野朝陽、宇都宮しをん、乙葉ななせ、早川瀬里奈、かすみ果穂、前田陽菜、佐山愛、明日花キララ、倉多まお、神ユキ、小川あさ美、阿部乃みく、神咲詩織、中森玲子、本真ゆり、小早川怜子、上原花恋、大場ゆい、西野翔、水原アキ、由愛可奈、小島みなみ、泉麻那、つぼみ、大槻ひびき,https://www.javbus.com/RBB-083,
MXM-039 息子に全てを捧げます… お母さんのねっとり絡みつく性教育 10人5時間,MXM-039 息子に全てを捧げます… お母さんのねっとり絡みつく性教育 10人5時間,MXM-039,,2016-01-29,310分鐘,,虎堂,MAXIM（虎堂）,,成熟的女人、母親、亂倫、4小時以上作品、巨乳,北原夏美、澤村レイコ（高坂保奈美、高坂ますみ）、中森玲子、時越芙美江、北澤瞳,https://www.javbus.com/MXM-039,
ASW-046 即尺精飲公衆便女 3,ASW-046 即尺精飲公衆便女 3,ASW-046,,2016-01-19,87分鐘,次元大介,S.P.C,asfur,即尺精飲公衆便女,口交、其他戀物癖、淫語、吞精,藤宮櫻花（眞雪ゆん）、星優乃、中森玲子、平山みな、相原れな（三浦加奈、篠原リョウ）,https://www.javbus.com/ASW-046,
CORI-009 極楽お色気温泉旅館,CORI-009 極楽お色気温泉旅館,CORI-009,,2016-01-06,116分鐘,T-JAGA,STARPARADISE,コリーダ,,企畫、濫交、花癡、多P、女主人、女老板,秋川真理、福沢あや、中森玲子、林なお、水野さやか、芳本真理、遥ゆりあ、結希玲衣（美咲礼、美咲レイ）、白井ぷりん,https://www.javbus.com/CORI-009,
DINM-279 どっしり重量級！！いんやらしい肉弾太ももおばさん 30人8時間,DINM-279 どっしり重量級！！いんやらしい肉弾太ももおばさん 30人8時間,DINM-279,,2016-01-01,480分鐘,,ダイナマイトエンタープライズ,ダイナマイトプレミア,,成熟的女人、胖女人、中出、4小時以上作品、DMM獨家,村上涼子、中森玲子、浅倉彩音、風間ゆみ,https://www.javbus.com/DINM-279,
JFB-117 淫語で誘う寸止め焦らし痴女～僕を生殺しにして愉しむ卑猥な女達～,JFB-117 淫語で誘う寸止め焦らし痴女～僕を生殺しにして愉しむ卑猥な女達～,JFB-117,,2015-11-28,480分鐘,,Fitch,Fitch,淫語で誘う寸止め焦らし痴女,蕩婦、合集、淫語、戀乳癖、數位馬賽克、主觀視角、DMM獨家,風間ゆみ、細川まり、中森玲子、杏美月、小早川怜子、高下えりか,https://www.javbus.com/JFB-117,
AVSP-016 渡辺琢斗大図鑑 8時間 Premium Best 5,AVSP-016 渡辺琢斗大図鑑 8時間 Premium Best 5,AVSP-016,,2015-11-08,480分鐘,渡辺琢斗,AVScollector’s,AVS,渡辺琢斗大図鑑,合集、連褲襪、4小時以上作品、DMM獨家,風間ゆみ、黒木麻衣（花野真衣、SHIHO）、北条麻妃、篠原奈美、木下若菜、江波りゅう（RYU)、青山亜里沙、北川エリカ、桜木れん、篠田あゆみ、葉月奈穂（葉月菜穂）、橋本菜月、星月まゆら、沢田麗奈、小林里穂、加藤なお、高島恭子、阿立未来、七瀬ゆい（羽田未来）、宮村恋、風見とも香、伊織涼子、松下ゆうか（愛乃彩音、藤咲ゆうか）、朝丘まりん、あずま樹、片桐梓、青山葵、石倉えいみ、管野しずか、加山なつこ、中森玲子、日向さつき、藤咲葵（愛川香織）、上原優、中野愛里、浅見友紀、山本美和子、加賀雅、青山花梨、瀬奈ジュン、相原りお、真咲南朋（楓モモ、安藤なつ妃）、櫻井夕樹、小峰ひなた、音無かおり、細川まり、森ななこ、川上ゆう（森野雫）,https://www.javbus.com/AVSP-016,
VVVD-130 女監督ハルナ 過激でHなレズナンパ！Wレズビアン vs 綺麗なお姉さん14名7時間 神BEST,VVVD-130 女監督ハルナ 過激でHなレズナンパ！Wレズビアン vs 綺麗なお姉さん14名7時間 神BEST,VVVD-130,,2015-10-29,420分鐘,ハルナ,ヴィ,V,過激でHなレズナンパ,業餘、女同性戀、獵豔、合集、DMM獨家,川上ゆう（森野雫）、中森玲子、榊なち、Arisu（鈴木ありす）、Alice（鈴木ありす）,https://www.javbus.com/VVVD-130,
YLW-4317 淫乱おばさんチ●ポ中毒大全集,YLW-4317 淫乱おばさんチ●ポ中毒大全集,YLW-4317,,2015-10-25,240分鐘,パッポン立石,MellowMoon（メロウムーン）,YellowMoon（イエロームーン）,,蕩婦、成熟的女人、中出、4小時以上作品,よしい美希（伊沢涼子、吉井美希）、菊川麻里、小野里美、中森玲子、三咲恭子、橘エレナ、速水静音、黒崎いずみ、木戸雅江、結花ゆず香、峰岸洋子、西尾加代子、宮田明奈,https://www.javbus.com/YLW-4317,
JFB-111 僕のペットは敏感な爆乳女,JFB-111 僕のペットは敏感な爆乳女,JFB-111,,2015-09-27,480分鐘,,Fitch,Fitch,僕のペットは○○,成熟的女人、合集、戀乳癖、數位馬賽克、凌辱、主觀視角、DMM獨家,葉月奈穂（葉月菜穂）、中森玲子、仁科百華、櫻井夕樹、Hitomi（田中瞳）、本真ゆり,https://www.javbus.com/JFB-111,
RBB-056 舌を絡ませヨダレが滴り落ちるくらいに濃厚な熟キスSEX16時間,RBB-056 舌を絡ませヨダレが滴り落ちるくらいに濃厚な熟キスSEX16時間,RBB-056,,2015-09-13,960分鐘,,ROOKIE,ROOKIE,,成熟的女人、合集、16時間以上作品、キス・接吻、DMM獨家,矢部寿恵、大田ゆりか、本田岬、神波多一花、八木あずさ、篠田あゆみ、広瀬奈々美（堀口奈津美）、逢沢はるか（黒木琴音）、秋山静香、松山愛、中森玲子、友田真希、風間ゆみ、北条麻妃、佐藤みき（佐藤美紀、鈴木志帆）、川上ゆう（森野雫）、白木優子、華山美玲、河合律子、西野翔、艶堂しほり（遠藤しおり）、石田れいな、竹内紗里奈、松本まりな、岩佐あゆみ、星野あかり、音無かおり、三井ゆかり、木村まりえ、堀内美希、糸矢めい、小早川怜子、本真ゆり、春原未来、江波りゅう（RYU)、沢口みき、有沢実紗、伊織涼子、冴島かおり、愛乃ゆな、南紗穂、宮内京香、秋野千尋、仲丘たまき（片岡まきな）、JULIA、篠宮奈津子、大橋ひとみ、葉月奈穂（葉月菜穂）、水野淑恵、野間あんな、紀崎りおな、今井美鈴、森ななこ、織田真子、波多野結衣、牧原れい子、林ゆな、結城みさ、KAORI、水野朝陽、神ユキ、北川美緒、加山なつこ、木村はな、中山理莉、寺崎泉、椎名ゆな、蓮実クレア、美和なつみ、一条綺美香、菅野さゆき、寺林伸子、青山葵、紫彩乃、三浦恵理子、さとう遥希、桜木優希音、赤坂ルナ、周防ゆきこ、白川千織、高倉梨奈、大島優香、桐岡さつき,https://www.javbus.com/RBB-056,
BNSPS-384 投稿実話 妻がまわされた,BNSPS-384 投稿実話 妻がまわされた,BNSPS-384,,2015-08-23,147分鐘,ながえ,ながえスタイル,ながえSTYLE,投稿実話,成熟的女人、已婚婦女、通姦、中出、戲劇、DMM獨家,澤村レイコ（高坂保奈美、高坂ますみ）、吉岡奈々子、中森玲子、北谷静香、水野さやか,https://www.javbus.com/BNSPS-384,
XRW-109 絶妙のアングルでヌキサシがバッチリ見れる！センズリ専用DVD 猥褻ボディー20人,XRW-109 絶妙のアングルでヌキサシがバッチリ見れる！センズリ専用DVD 猥褻ボディー20人,XRW-109,,2015-08-14,246分鐘,,レアルワークス,REAL（レアルワークス）,絶妙のアングルでヌキサシがバッチリ見れる！,其他戀物癖、合集、屁股、姐姐、4小時以上作品、局部特寫,大隈恵令奈（大隅恵令奈）、杉本蘭、内田美奈子、結城みさ、金崎あい、平山薫、美咲結衣、有奈めぐみ、青山さつき（吉永なつき）、早川なお（柊かえで）、黒岩まこと、若菜あゆみ、浅倉彩音、白河美夕、立花綾乃、荒木瞳、村上涼子（中村りかこ、黒木菜穂）、大空かのん、中森玲子、大塚咲（小野沙樹、大滝佐紀）,https://www.javbus.com/XRW-109,
EMBW-123 ユーザーが選んだエロ熟女100人 8時間,EMBW-123 ユーザーが選んだエロ熟女100人 8時間,EMBW-123,,2015-07-17,480分鐘,,香澄企画/エマニエル,香澄企画（エマニエル）,,成熟的女人、4小時以上作品、DMM獨家,中森玲子,https://www.javbus.com/EMBW-123,
VERO-045 デキるS級熟女の職業別に見るエロい働きっぷり大全集 22人 4時間,VERO-045 デキるS級熟女の職業別に見るエロい働きっぷり大全集 22人 4時間,VERO-045,,2015-07-17,240分鐘,,VENUS,女神（ヴィーナス）,,成熟的女人、合集、各種職業、已婚婦女、中出、4小時以上作品、DMM獨家,風間ゆみ、葉月奈穂（葉月菜穂）、矢部寿恵、波多野結衣、宮瀬リコ、星野あかり、杉本りさ、知花メイサ、百合川さら、木村はな、小早川怜子、笹山希、澤村レイコ（高坂保奈美、高坂ますみ）、中森玲子、元山はるか、青木玲、上原保奈美、菅野さゆき、牧原れい子、松嶋友里恵、伊織涼子、野間あんな,https://www.javbus.com/VERO-045,
VENU-513 S級熟女 アルティメットコレクション 20人 4時間 III,VENU-513 S級熟女 アルティメットコレクション 20人 4時間 III,VENU-513,,2015-06-14,240分鐘,,VENUS,INCEST（ヴィーナス）,S級熟女（VENUS）,成熟的女人、合集、已婚婦女、中出、4小時以上作品、DMM獨家,風間ゆみ、ましろ杏、加山なつこ、長谷川美紅、上原亜衣、青木りん、伊織涼子、小早川怜子、篠田あゆみ、木村はな、桐岡さつき、川上ゆう（森野雫）、葉月奈穂（葉月菜穂）、紗奈、中森玲子、優木明日花、村上涼子（中村りかこ、黒木菜穂）、鈴木さとみ、柳田やよい、立花みずき,https://www.javbus.com/VENU-513,
RBB-036 溜め込んだ精子を子宮にぶちまける！高画質 ドックドク中出し100連発16時間,RBB-036 溜め込んだ精子を子宮にぶちまける！高画質 ドックドク中出し100連発16時間,RBB-036,,2015-06-13,960分鐘,,ROOKIE,ROOKIE,,合集、輪姦、中出、高畫質、DMM獨家,北川瞳、篠原杏、武藤クレア、成宮ルリ、北川エリカ、小早川怜子、蓮実クレア、ほのか美空、乙葉ななせ、佐伯ゆきな、一之瀬すず、かすみりさ、初美沙希、里美ゆりあ、泉麻那、白瀬エミル、吉永あかね、杏美月、真野ゆりあ、持田美琴、愛乃ゆな、波多野結衣、芦田知子、大場ゆい、初芽里奈、朝倉ことみ、保坂えり、篠田あゆみ、松本ほのか、秋吉ひな、村西まりな、双葉かな（大島里奈）、水谷心音（藤崎りお）、木村つな、南梨央奈、糸矢めい、中森玲子、ももかさくら、尾上若葉、山手栞、周防ゆきこ、夏海いく、上原亜衣、桜井あゆ、緒川りお、宮地由梨香、丘咲エミリ、風間ゆみ、槇原愛菜、妃乃ひかり、野宮さとみ、青山ローラ、有村千佳、新山かえで、ティア、菅野さゆき、二宮沙樹、仲村茉莉恵、河愛雪乃、板野有紀、赤井美月、浜崎真緒、葵こはる（えりか）、原千草、佳苗るか、森沢かな（飯岡かなこ）、長谷部ゆい、さとう愛理、板垣あずさ、紺野ひかる、愛須心亜、篠宮ゆり、さとう遥希、遥結愛、上原保奈美、Hitomi（田中瞳）、西野翔、羽月希、篠田ゆう、藤嶋唯、山川青空、野村あいの、上原カエラ、愛田奈々、新垣とわ、葉月可恋、渚あいな、長谷川リホ、咲田ありな、希咲エマ（HARUKI、加藤はる希）、めぐり（藤浦めぐ）、本田莉子、みづなれい（みずなれい）、吉見りいな,https://www.javbus.com/RBB-036,
RBB-037 往年の熟女たちの淫らな性交 16時間,RBB-037 往年の熟女たちの淫らな性交 16時間,RBB-037,,2015-06-13,960分鐘,,ROOKIE,ROOKIE,,成熟的女人、合集、16時間以上作品、DMM獨家,風間ゆみ、紫彩乃、川上ゆう（森野雫）、坂本梨沙、志村玲子、佐藤みき（佐藤美紀、鈴木志帆）、艶堂しほり（遠藤しおり）、結城みさ、星野あかり、浅井舞香、真下礼子、細川まり、星杏奈、長谷川美紅、瞳リョウ、樋口冴子（桐島千沙）、葉月奈穂（葉月菜穂）、七海ひさ代、町村小夜子、美原咲子、宮部涼花、有沢実紗、広瀬奈々美（堀口奈津美）、小池絵美子、友田真希、北条麻妃、神崎久美、南原香織、本庄瞳、時越芙美江、美神さゆり、大橋ひとみ、優木明日花、山口珠理、明星ちかげ、近澤まゆみ、立花みずき、桐岡さつき、酒井ちなみ（紫葵）、光月夜也（林絵里）、秋野千尋、椎名ゆな、桜みちる、小森愛、山口玲子、三浦恵理子、浅倉彩音、矢部寿恵、中森玲子、澤村レイコ（高坂保奈美、高坂ますみ）、北原夏美、加山なつこ、新村まり子、橘エレナ、竹内紗里奈、松本まりな、上原千尋、横山みれい、松嶋友里恵、暮町ゆうこ、折原ゆかり、江原あけみ（美輪ちあき）、宇佐美奈々、伊島香織、伊織涼子、岩崎千鶴、青木美空、翔田千里,https://www.javbus.com/RBB-037,
NXG-322 禁断情交 義父に弄ばれた嫁全集,NXG-322 禁断情交 義父に弄ばれた嫁全集,NXG-322,,2015-05-21,180分鐘,コルト69,NEXTGROUP,ネクストグループ,禁断情交,寡婦、粗暴、巨乳,北島玲、艶堂しほり（遠藤しおり）、中森玲子、浅倉彩音、愛あいり,https://www.javbus.com/NXG-322,
VNDS-3119 月刊熟女秘宝館 薫風舞いて紅色栄ゆる悦楽花,VNDS-3119 月刊熟女秘宝館 薫風舞いて紅色栄ゆる悦楽花,VNDS-3119,,2015-05-20,119分鐘,コルト69,STARPARADISE,ネクストイレブン,月刊熟女秘宝館,成熟的女人、其他戀物癖、高畫質,中森玲子、田辺さつき、青山祥子、藤沢けい、野村初美,https://www.javbus.com/VNDS-3119,
EMBW-118 実録近親交尾 痴母の魔性に溺れた12人の息子4時間,EMBW-118 実録近親交尾 痴母の魔性に溺れた12人の息子4時間,EMBW-118,,2015-05-17,240分鐘,,香澄企画/エマニエル,香澄企画（エマニエル）,,蕩婦、成熟的女人、亂倫、DMM獨家,中森玲子,https://www.javbus.com/EMBW-118,
KAGH-015 WORKER人妻4時間 汗で蒸れた完熟マ●コに勃起棒を生インサ～ト,KAGH-015 WORKER人妻4時間 汗で蒸れた完熟マ●コに勃起棒を生インサ～ト,KAGH-015,,2015-04-25,240分鐘,妻撮りの翁,AFRO-FILM,かぐや姫（AFRO-FILM）,,成熟的女人、已婚婦女、中出、4小時以上作品、高畫質,北原夏美、中森玲子、結城みさ、大槻ひびき、あいださくら、立花美里、沢木りさ、住田みく,https://www.javbus.com/KAGH-015,
JFB-096 極上肉感ぬるぬるパンストソープSpecial,JFB-096 極上肉感ぬるぬるパンストソープSpecial,JFB-096,,2015-04-25,360分鐘,,Fitch,Fitch,,成熟的女人、合集、妓女、連褲襪、屁股、數位馬賽克、DMM獨家,中森玲子、西野翔、村上涼子（中村りかこ、黒木菜穂）、藤木静子、葉月奈穂（葉月菜穂）,https://www.javbus.com/JFB-096,
XRW-076 強制拘束椅子イカセ 気持ちよすぎて大絶叫,XRW-076 強制拘束椅子イカセ 気持ちよすぎて大絶叫,XRW-076,,2015-04-24,120分鐘,峰一也,レアルワークス,REAL（レアルワークス）,,SM、性奴、拘束、凌辱、羞恥,中森玲子,https://www.javbus.com/XRW-076,
JUSD-625 高画質！Madonna選抜メンバー24人の神巨乳BEST8時間 1人あたり約20分収録で神巨乳をじっくりゆっくり堪能！,JUSD-625 高画質！Madonna選抜メンバー24人の神巨乳BEST8時間 1人あたり約20分収録で神巨乳をじっくりゆっくり堪能！,JUSD-625,,2015-04-19,480分鐘,,マドンナ,Madonna,,成熟的女人、合集、數位馬賽克、乳房、超乳、巨乳、DMM獨家,風間ゆみ、高島恭子、平山薫、青山菜々、みなせ優夏、一色まりな、倉持結愛、本田莉子、井上瞳、篠田あゆみ、仁科百華、菅野さゆき、中森玲子、織田真子、宮部涼花、ましろ杏、森ななこ、佐藤みき（佐藤美紀、鈴木志帆）、山手栞、水野朝陽、白川千織、葉月奈穂（葉月菜穂）、Hitomi（田中瞳）,https://www.javbus.com/JUSD-625,
RBB-023 肉棒を包み込む最高の口淫 美熟女の優しく丁寧なフェラチオ16時間,RBB-023 肉棒を包み込む最高の口淫 美熟女の優しく丁寧なフェラチオ16時間,RBB-023,,2015-04-16,960分鐘,,ROOKIE,ROOKIE,,成熟的女人、口交、姐姐、新娘、年輕妻子、DMM獨家,川上ゆう（森野雫）、浅倉彩音、大堀香奈、矢部寿恵、森ななこ、菅野さゆき、倉多まお、白木優子、小早川怜子、浅之美波、牧原れい子、乃亜（鳥越乃亜）、稲川なつめ、卯水咲流、本田岬、夏目彩春、新山かえで、青木美空、椎名ゆな、松本まりな、君島冴子（AOI.、村上葵）、北島玲、南紗穂、吉永あかね、羽月希、三浦恵理子、長谷川美紅、小向まな美、上原保奈美、今井ひろの、矢吹京子、柚希あおい、堀内秋美、横山夏希、笠木忍、北条麻妃、北原夏美、織田真子、艶堂しほり（遠藤しおり）、澤村レイコ（高坂保奈美、高坂ますみ）、大橋ひとみ、波多野結衣、今井美鈴、寺崎泉、森沢かな（飯岡かなこ）、二宮沙樹、西野翔、中森玲子、結城みさ、仲丘たまき（片岡まきな）、美泉咲、篠田あゆみ、北川エリカ、大場ゆい、新堂綾乃、風間ゆみ、JULIA、西條るり、沖田杏梨、秋吉ひな、佐山愛、広瀬奈々美（堀口奈津美）、瞳リョウ、星野あかり、保坂えり、山本美和子、小川あさ美、佐藤みき（佐藤美紀、鈴木志帆）、本田莉子、春菜はな、横山みれい、青木りん、青木玲,https://www.javbus.com/RBB-023,
KMDS-20288 カマタ映像 爆乳たれ乳母40人8時間,KMDS-20288 カマタ映像 爆乳たれ乳母40人8時間,KMDS-20288,,2015-04-03,484分鐘,,カマタ映像,弁天,,母親、其他戀物癖、4小時以上作品、巨乳,中森玲子,https://www.javbus.com/KMDS-20288,
ASW-077 P-2 ザーメンマニア専門ビデオ-オール黒背景-,ASW-077 P-2 ザーメンマニア専門ビデオ-オール黒背景-,ASW-077,,2015-04-01,87分鐘,次元大介,S.P.C,S.P.C,ザーメンマニア専門ビデオ,口交、其他戀物癖、吞精、打手槍,鏡麗子、滝沢優奈、水澤りの、中森玲子、平山みな、大沢美加（廣田まりこ）、横山みれい、星野あかり、倉木みお、宮下ちはる,https://www.javbus.com/ASW-077,
DOG-053 度を超したセクハラ指導に戸惑いながらも体が疼いてしまう風俗処女な人妻の恥辱初研修の記録12人6時間,DOG-053 度を超したセクハラ指導に戸惑いながらも体が疼いてしまう風俗処女な人妻の恥辱初研修の記録12人6時間,DOG-053,,2015-03-16,367分鐘,,映天,ドッグイア,,合集、妓女、已婚婦女、偷窥、羞恥、中出、4小時以上作品,坂本梨沙、牧野遥、柳田やよい、葉月奈穂（葉月菜穂）、中森玲子、大城真澄、上原優、春樹レイ、篠田あゆみ、水元恵梨香,https://www.javbus.com/DOG-053,
KAGH-006 極楽センズリ鑑賞 8時間どっぴゅんSP ソリ返った勃起チ●ポを目の前にして欲情するドスケベ人妻たちに濃厚ザーメン発射25連発,KAGH-006 極楽センズリ鑑賞 8時間どっぴゅんSP ソリ返った勃起チ●ポを目の前にして欲情するドスケベ人妻たちに濃厚ザーメン発射25連発,KAGH-006,,2015-03-05,481分鐘,,AFRO-FILM,かぐや姫（AFRO-FILM）,,已婚婦女、4小時以上作品、高畫質、打手槍,川上ゆう（森野雫）、桐原あずさ（伊藤あずさ）、加藤ツバキ（夏樹カオル）、細川まり、中森玲子、羽月希、桐岡さつき、結城みさ、矢部寿恵、波多野結衣、有奈めぐみ、一ノ瀬ルカ、小嶋ジュンナ、筒井まりか、沢田珠里、伊織京子、北条麻妃、松下美香、水樹あやか,https://www.javbus.com/KAGH-006,
JFB-089 濃厚汗だく肉感グラマラス BEST6時間,JFB-089 濃厚汗だく肉感グラマラス BEST6時間,JFB-089,,2015-02-28,360分鐘,,Fitch,Fitch,,蕩婦、成熟的女人、潮吹、合集、戀乳癖、數位馬賽克、DMM獨家,沢口みき、葉月奈穂（葉月菜穂）、七瀬ゆい（羽田未来）、中森玲子、石川しずか、本真ゆり,https://www.javbus.com/JFB-089,
VVVD-116 女性だけで作った禁断レズ劇場 友達の母と姉にレズられて 神BEST 中森玲子，さとう遥希，鈴木りん，桃色さくら,VVVD-116 女性だけで作った禁断レズ劇場 友達の母と姉にレズられて 神BEST 中森玲子，さとう遥希，鈴木りん，桃色さくら,VVVD-116,,2015-02-28,240分鐘,安藤ボン,ヴィ,V,○○にレズられて,放尿、潮吹、合集、女同接吻、DMM獨家,中森玲子、さとう遥希、鈴木鈴、桃色さくら,https://www.javbus.com/VVVD-116,
BS-013 女王様プレイ・コレクション集,BS-013 女王様プレイ・コレクション集,BS-013,,2015-02-26,203分鐘,ラッシャーみよし,RASH,ビザールスタイル,女王様プレイコレクション集,SM、其他戀物癖、合集、性奴、顏面騎乘,細川まり、中森玲子、管野しずか,https://www.javbus.com/BS-013,
OPBD-111 爆乳ふたなり激射精 ウルトラBEST,OPBD-111 爆乳ふたなり激射精 ウルトラBEST,OPBD-111,,2015-02-25,240分鐘,,オペラ,OPERA,,合集、雙性人、巨乳、DMM獨家,風間ゆみ、中森玲子、さとう遥希、麻生ゆう,https://www.javbus.com/OPBD-111,
VNDS-3099 美熟女潮吹き大饗乱,VNDS-3099 美熟女潮吹き大饗乱,VNDS-3099,,2015-02-25,119分鐘,コルト69,STARPARADISE,ネクストイレブン,,成熟的女人、濫交、潮吹、花癡、手指插入、高畫質,風間ゆみ、北条麻妃、艶堂しほり（遠藤しおり）、中森玲子、浅倉彩音,https://www.javbus.com/VNDS-3099,
RBB-009 高画質 SEXが大好き過ぎて淫乱な雰囲気ただよう ドスケベ熟女16時間,RBB-009 高画質 SEXが大好き過ぎて淫乱な雰囲気ただよう ドスケベ熟女16時間,RBB-009,,2015-02-15,960分鐘,,ROOKIE,ROOKIE,,成熟的女人、潮吹、合集、花癡、高畫質、DMM獨家,風間ゆみ、牧原れい子、芦名未帆（稲森しほり）、北条麻妃、北原夏美、美原咲子、JULIA、杏美月、愛田奈々、森沢かな（飯岡かなこ）、本田莉子、川上ゆう（森野雫）、青山菜々、西條るり、星野あかり、神波多一花、翔田千里、澤村レイコ（高坂保奈美、高坂ますみ）、有沢実紗、本庄瞳、長谷川美紅、白木優子、波多野結衣、椎名ゆな、友田真希、矢部寿恵、七海ひさ代、大橋ひとみ、浅倉彩音、浅井舞香、森ななこ、織田真子、松嶋友里恵、松下美雪、小早川怜子、篠田あゆみ、志村玲子、山本美和子、艶堂しほり（遠藤しおり）、中森玲子、大場ゆい、三浦恵理子、佐藤みき（佐藤美紀、鈴木志帆）、江波りゅう（RYU)、結城みさ、桐岡さつき、加藤ツバキ（夏樹カオル）、音無かおり、横山みれい、一条綺美香,https://www.javbus.com/RBB-009,
MBYD-216 奥さんのボリューミーなお尻8時間,MBYD-216 奥さんのボリューミーなお尻8時間,MBYD-216,,2015-02-07,480分鐘,,溜池ゴロー,溜池ゴロー,,成熟的女人、合集、已婚婦女、屁股、DMM獨家,風間ゆみ、細川まり、葉月奈穂（葉月菜穂）、西條るり、仲丘たまき（片岡まきな）、森山杏菜（森山杏奈）、沖田杏梨、小早川怜子、高橋美緒、南紗穂、佐山愛、さとう遥希、大塚咲（小野沙樹、大滝佐紀）、北条麻妃、中森玲子,https://www.javbus.com/MBYD-216,
CADV-508 温泉旅館で起こったエッチなハプニング8時間！！混浴温泉で初めて会った男に性交を懇願！！マッサージ師の指テクでパンツはグチョ濡れ！！深夜の旅館で夜ばいSEX！！宴会場で大乱交！！憧れのAV女優が和室で筆,CADV-508 温泉旅館で起こったエッチなハプニング8時間！！混浴温泉で初めて会った男に性交を懇願！！マッサージ師の指テクでパンツはグチョ濡れ！！深夜の旅館で夜ばいSEX！！宴会場で大乱交！！憧れのAV女優が和室で筆,CADV-508,,2015-02-01,478分鐘,,クリスタル映像,CRYSTALEX,,成熟的女人、女大學生、合集、已婚婦女、4小時以上作品、巨乳,風間ゆみ、つぼみ、中森玲子、内田美奈子、仁科百華、青山真希、沢村ゆうみ、月野ひかり、川原杏美、真仲佐知、黒木歩、中居ちはる、櫻井夕樹、美泉咲、小早川怜子、九条雛子、結城みさ、橘なお、長澤アイミ、新垣沙織、朝宮涼子、西野エリカ、本庄真弓、森下さくら（村上涼子、雨宮加奈、森下遥）、立花美里、つかもと勇希、円城ひとみ、水咲理沙、宮島ひとみ、加山なつこ、松本貴子、西川りおん、山本美和子、北条麻妃、美咲涼、横山みれい,https://www.javbus.com/CADV-508,
VENU-472 S級熟女 アルティメットコレクション 20人 4時間 II,VENU-472 S級熟女 アルティメットコレクション 20人 4時間 II,VENU-472,,2015-01-18,240分鐘,,VENUS,INCEST（ヴィーナス）,S級熟女（VENUS）,成熟的女人、合集、已婚婦女、4小時以上作品、DMM獨家,蜜美あい、桐谷ユリア、さとう遥希、絵色千佳、結城みさ、榊なち、中森玲子、佐藤みき（佐藤美紀、鈴木志帆）、川上ゆう（森野雫）、水元ゆうな、翔田千里、松本まりな、西尾かおり、森ななこ、村上涼子（中村りかこ、黒木菜穂）、妃乃ひかり、本庄瞳、椎名ゆな、希咲あや、青木玲,https://www.javbus.com/VENU-472,
CADV-505 NON STOP FUCKING！！巨乳100人の100連続FUCK8時間,CADV-505 NON STOP FUCKING！！巨乳100人の100連続FUCK8時間,CADV-505,,2015-01-16,478分鐘,,クリスタル映像,CRYSTALEX,NONSTOPFUCKING！！,成熟的女人、女大學生、美少女、4小時以上作品、高中女生、巨乳,小峰ひなた、小倉ゆず、野宮さとみ、上条めぐ（三浦芽依）、小早川怜子、吉永あかね、羽生稀、本田莉子、佐田マリカ、大森あずさ、ひかり、永瀬里美、若葉まゆこ、倖田みらい、加山なつこ、あやの琴美、あきな、栗崎紗理奈、有沢りさ、青葉優香、西川りおん、蒼乃幸恵、meru、綾瀬れん、相楽葵、水城アゲハ、酒井唯香、愛あいり、叶彩、河瀬リナ、大沢かえで、森永ひよこ、北乃ちか、伊沢美春（伊沢美晴）、円城ひとみ、朝霧一花、灘坂舞、花木あのん、恵けい、尾上若葉、AN、長谷川聖那、北川エリカ、倉多まお、鈴村いろは、立川理恵、浜崎真緒、さとう遥希、椎名まりな、西野エリカ、ももかさくら、白鳥寿美礼、入江愛美、菜月アンナ、森下さくら（村上涼子、雨宮加奈、森下遥）、青空小夏、葵ぶるま、新山かえで、小島優花、木下若菜、美波瀬奈、櫻井夕樹、松すみれ、長澤あずさ、塚田詩織、はるか悠、大島あいる、あすか光希、ましろ杏、春日もな、小宮涼菜、なぎさ真宵、篠田あゆみ、さとう愛理、百花エミリ、小倉もも、石川しずか、橘なお（上原海里）、葉月めい、有奈めぐみ、葉月奈穂（葉月菜穂）、横山みれい、小出遥、滝沢すみれ、風間ゆみ、みなせ優夏、仁科百華、北川瞳、星咲優菜、浜崎りお（森下えりか、篠原絵梨香）、七草ちとせ、中森玲子、西條るり、保坂えり、神川ひな、青木りん,https://www.javbus.com/CADV-505,
JFB-083 エロい美熟女の巨尻誘惑 全作品集16時間,JFB-083 エロい美熟女の巨尻誘惑 全作品集16時間,JFB-083,,2014-12-20,960分鐘,,Fitch,Fitch,エロい○○の巨尻誘惑,蕩婦、成熟的女人、合集、各種職業、屁股、數位馬賽克、DMM獨家,柚木彩華、森山杏菜（森山杏奈）、芦沢彩乃、石川しずか、坂本理沙、柴咲ゆうり、葉月奈穂（葉月菜穂）、細川まり、志村玲子、あずま樹、鈴香音色、北条美里、伊吹稟、白川莉紗、加山なつこ、酒井ちなみ（紫葵）、広瀬奈々美（堀口奈津美）、中森玲子、杏美月,https://www.javbus.com/JFB-083,
OOMN-123 フェラをしたがる母親達 厳選集,OOMN-123 フェラをしたがる母親達 厳選集,OOMN-123,,2014-12-12,240分鐘,,ABC/妄想族,お母さん.com/ABC,フェラをしたがる母親達,成熟的女人、母親、口交、合集、亂倫、DMM獨家,桜木美央、松嶋友里恵、小早川怜子、折原ゆかり、稲川なつめ、波多野結衣、矢部寿恵、北原夏美、澤村レイコ（高坂保奈美、高坂ますみ）、町村小夜子、大橋ひとみ、篠田あゆみ、青木玲、川上ゆう（森野雫）、堀内秋美、水野朝陽、長瀬涼子、青山菜々、北川エリカ、三浦恵理子、宮瀬リコ、高月和花、名城翠、島谷愛、高梨あゆみ、吉永あかね、横山みれい、桐岡さつき、生田沙織、竹内奈々子、成田レミ、内田美奈子、加賀ゆり子、新尾きり子、宇喜多かすみ、藤森綾子、桜みちる、小向まな美、北澤瞳、愛菜、希咲あや、北条美里、加藤なお、柳田やよい、河合律子、葉月奈穂（葉月菜穂）、木村よしの、中森玲子、細川まり、浅田ちち,https://www.javbus.com/OOMN-123,
VERO-039 VENUS痴漢大全集,VERO-039 VENUS痴漢大全集,VERO-039,,2014-12-05,240分鐘,,VENUS,女神（ヴィーナス）,,成熟的女人、合集、已婚婦女、4小時以上作品、DMM獨家,瀧川花音、伊織涼子、志保、西條るり、矢部寿恵、中森玲子、鈴木さとみ、葉月奈穂（葉月菜穂）、広瀬奈々美（堀口奈津美）、愛咲れいら（原千尋）,https://www.javbus.com/VERO-039,
CADV-498 NON STOP FUCKING！！美女100人の100連続FUCK8時間,CADV-498 NON STOP FUCKING！！美女100人の100連続FUCK8時間,CADV-498,,2014-12-01,479分鐘,,クリスタル映像,CRYSTALEX,,成熟的女人、家教、妓女、已婚婦女、多P、4小時以上作品、高中女生、學校泳裝,橘なお、愛須心亜、葵こはる（えりか）、田中志乃、葵ぶるま、橘美沙、西川りおん、青木りん、仁科百華、月野りさ、立川理恵、武井麻希、春原未来、水城奈緒、板野有紀、大沢美加（廣田まりこ）、円城ひとみ、内田美奈子、青山真希、咲田ありな、早乙女らぶ、西條るり、杏紅茶々、さとう遥希、さとう愛理、北川瞳、木村つな、小司あん、小辻もえ、琥珀うた、小早川怜子、立花くるみ、みづなれい（みずなれい）、和葉みれい（藤白まき）、臼井あいみ、朝倉ことみ、浅倉彩音、有村千佳、大場ゆい、上原亜衣、尾上若葉、吉永あかね、風間ゆみ、大堀香奈、保坂えり、松本まりな、松岡セイラ、真希レイラ、本田莉子、星咲優菜、秋野千尋、宇佐美なな、鈴村いろは、小倉ゆず、森下さくら（村上涼子、雨宮加奈、森下遥）、若葉くるみ、南梨央奈、長澤あずさ、雪見紗弥、春咲あずみ、西野エリカ、野宮さとみ、長谷川美紅、羽月希、初美沙希、結城みさ、山本美和子、成瀬心美（ここみ）、成宮ルリ、中森玲子、妃乃ひかり、双葉ゆな、辺見麻衣、武藤つぐみ、夏海いく、八上寿々音、山口玲子、湊莉久、浜崎真緒、渡辺もも、今村美穂、加納綾子、川越ゆい、北川エリカ、篠田ゆう、白鳥あすか、白鳥寿美礼、みなせ優夏、高沢沙耶、森沢かな（飯岡かなこ）、早瀬ありす、原美織、つぼみ、篠田あゆみ、鈴木さとみ、北条麻妃,https://www.javbus.com/CADV-498,
EMBZ-074 ド淫乱痴熟女の肉欲交尾 絶頂アクメ！大量射精！クロニクルズ,EMBZ-074 ド淫乱痴熟女の肉欲交尾 絶頂アクメ！大量射精！クロニクルズ,EMBZ-074,,2014-11-30,250分鐘,,熟女塾/エマニエル,熟女塾,,蕩婦、成熟的女人、合集、女上位、DMM獨家,多田淳子、東條美由紀、久保麗子、進藤由紀乃、神崎久美、円城ひとみ、桐岡さつき、中森玲子,https://www.javbus.com/EMBZ-074,
RABS-003 白昼の情交 罪悪感を感じながらも快楽への期待で濡れてしまう人妻,RABS-003 白昼の情交 罪悪感を感じながらも快楽への期待で濡れてしまう人妻,RABS-003,,2014-11-23,171分鐘,竜二,FAプロ,FAプロ竜二ベスト,,成熟的女人、已婚婦女、戲劇、故事集、巨乳、DMM獨家,佐々木恋海（向井恋）、桜井杏、中森玲子,https://www.javbus.com/RABS-003,
FABS-048 心に残り心に沁みるヘンリー塚本官能ポルノ 縄縛,FABS-048 心に残り心に沁みるヘンリー塚本官能ポルノ 縄縛,FABS-048,,2014-11-21,252分鐘,ヘンリー塚本,FAプロ,FAプレミアム,心に残り、心に沁みるヘンリー塚本官能ポルノ,成熟的女人、性奴、拘束、凌辱、羞恥、4小時以上作品、戲劇、DMM獨家,新谷彩夏、内田美奈子、中森玲子、大越はるか、横山翔子、真島みゆき、神崎レオナ（七瀬かすみ）、東野愛鈴、松下ゆうか（愛乃彩音、藤咲ゆうか）、川上ゆう（森野雫）,https://www.javbus.com/FABS-048,
RKI-378 思いのママ、気の向くママ、本能のおもむくママに美熟女のほっこり優しいSEX16時間,RKI-378 思いのママ、気の向くママ、本能のおもむくママに美熟女のほっこり優しいSEX16時間,RKI-378,,2014-11-15,960分鐘,,ROOKIE,ROOKIE,,成熟的女人、合集、巨乳、DMM獨家,今井美鈴、宮本紗央里、三浦恵理子、小早川怜子、松本まりな、椎名ゆな、西條るり、北条麻妃、樋口冴子（桐島千沙）、翔田千里、桐岡さつき、稲川なつめ、竹内紗里奈、中森玲子、江波りゅう（RYU)、菅野さゆき、佐藤みき（佐藤美紀、鈴木志帆）、JULIA、白木優子、暮町ゆうこ、織田真子、風間ゆみ、牧原れい子、森ななこ、北島玲、艶堂しほり（遠藤しおり）、大橋ひとみ、矢部寿恵、君島冴子（AOI.、村上葵）、澤村レイコ（高坂保奈美、高坂ますみ）、波多野結衣、北原夏美、有沢実紗,https://www.javbus.com/RKI-378,
NXG-271 官能肉欲絵巻 肉食系継母＆叔母の近親チ○ポ狩り,NXG-271 官能肉欲絵巻 肉食系継母＆叔母の近親チ○ポ狩り,NXG-271,,2014-11-11,118分鐘,コルト69,NEXTGROUP,ネクストグループ,官能肉欲絵巻,成熟的女人、亂倫、手指插入、婆婆,内田桃子（藤原多恵）、藤崎綾乃、山見ゆな、平松恵理香、中森玲子,https://www.javbus.com/NXG-271,
ZCOL-022 SEX and FETISH 6-GIRLS 360 Min.,ZCOL-022 SEX and FETISH 6-GIRLS 360 Min.,ZCOL-022,,2014-11-05,355分鐘,実録出版,実録出版,実録出版,,其他戀物癖、合集、屁股、高畫質、顏面騎乘、女生,長谷川美紗、鈴香音色、泉麻那、瀬奈涼、RUMIKA、中森玲子,https://www.javbus.com/ZCOL-022,
KSBE-020 舐めしゃぶり変態女 4時間,KSBE-020 舐めしゃぶり変態女 4時間,KSBE-020,,2014-11-05,241分鐘,,OFFICEK’S,K’SBEST,,蕩婦、口交、其他戀物癖、合集、高畫質,三村ちな、辺見麻衣、有村千佳、里崎あかね、すみれ（東尾真子）、桜井里緒菜、結城みさ、中森玲子、桐原あずさ（伊藤あずさ）、川上ゆう（森野雫）,https://www.javbus.com/KSBE-020,
TSMS-022 ●児プレイ50人4時間,TSMS-022 ●児プレイ50人4時間,TSMS-022,,2014-10-30,240分鐘,,TMA,シエスタ,,其他戀物癖、淫語、妄想、打手槍,結月リオナ、姫谷りさ、吉村茜、山下みう、井坂綾、安堂ゆう、小泉亜美、本条直子、黒崎扇菜、風間ゆみ、山口サチエ、寺島ちひろ、ゆうき真央、篠崎アンナ、高橋ゆい、京川樹里、長南悠果、河合千里、小森はるな、月城あいか、桜井なみ、結城みさ、水谷桃、菊原まどか、村井葉子、今井優衣、北島玲、小坂めぐる、白坂ゆり、中森玲子、牧野くるみ、椎名ゆな、横山みれい、在佳亜矢、高島恭子、中村まなみ、黒崎萌華、中林彩、末永ひかる,https://www.javbus.com/TSMS-022,
VNDS-7028 奥さん！！お尻が熟れすぎですよ！,VNDS-7028 奥さん！！お尻が熟れすぎですよ！,VNDS-7028,,2014-10-28,119分鐘,磯野マグロ,NEXTGROUP,ネクストイレブン,奥さん！！お尻が熟れすぎですよ！,成熟的女人、已婚婦女、屁股,マサコ・デラックス、北村早苗、加山なつこ、浅倉彩音、中森玲子,https://www.javbus.com/VNDS-7028,
MIBD-861 綺麗な凄テク美女限定！ごっくん丁寧編集爆飲4時間,MIBD-861 綺麗な凄テク美女限定！ごっくん丁寧編集爆飲4時間,MIBD-861,,2014-10-25,240分鐘,,ムーディーズ,MOODYZBest,,蕩婦、合集、姐姐、數位馬賽克、DMM獨家、吞精,神波多一花、桜井あゆ、湊莉久、遥結愛、星野あかり、春原未来、つぼみ、加藤ツバキ（夏樹カオル）、芦名未帆（稲森しほり）、Maika（MEW）、大橋未久、夏目優希、西尾かおり、すみれ（東尾真子）、秋吉ひな、佐倉カオリ、まりか、雫パイン、妃悠愛（長澤杏奈、水原里香、木崎祐子）、白石美咲、松すみれ、中森玲子,https://www.javbus.com/MIBD-861,
JFB-078 ムッチリ美女大集合！ハミ出し水着全作品集12時間,JFB-078 ムッチリ美女大集合！ハミ出し水着全作品集12時間,JFB-078,,2014-10-25,720分鐘,,Fitch,Fitch,ハミ出し水着（Fitch）,成熟的女人、合集、戀乳癖、數位馬賽克、泳裝、DMM獨家,あきな、漣ゆめ、片岡梨沙、愛あいり、仁科百華、浅倉彩音、中森玲子、北原夏美、小池絵美子、風間ゆみ、高島恭子、波風きら、鈴香音色、瀬奈涼,https://www.javbus.com/JFB-078,
WNXG-041 厳選！！不倫妻 DX8時間 まだまだ女でいたい…美貌と肉欲を持て余す貞淑を捨てた人妻達,WNXG-041 厳選！！不倫妻 DX8時間 まだまだ女でいたい…美貌と肉欲を持て余す貞淑を捨てた人妻達,WNXG-041,,2014-10-20,473分鐘,VOLUME,STARPARADISE,VOLUME,,已婚婦女、通姦、4小時以上作品、高畫質,藤本美和、竹原さおり、結希玲衣（美咲礼、美咲レイ）、芳本真理、根元純、小倉もも、風間今日子（風間恭子）、中森玲子,https://www.javbus.com/WNXG-041,
EMBW-099 近親相姦 痴母たちの息子狩り 成長した息子のデカチンポをズボっと挿入！20人4時間,EMBW-099 近親相姦 痴母たちの息子狩り 成長した息子のデカチンポをズボっと挿入！20人4時間,EMBW-099,,2014-10-13,240分鐘,,香澄企画/エマニエル,香澄企画（エマニエル）,,蕩婦、成熟的女人、亂倫、DMM獨家,中森玲子,https://www.javbus.com/EMBW-099,
SWAC-005 パイズリ50人4時間,SWAC-005 パイズリ50人4時間,SWAC-005,,2014-10-13,240分鐘,,湘南/妄想族,湘南/妄想族,,乳交、戀乳癖、巨乳、DMM獨家,藤内麻美、愛内ゆう、福山優、青山ゆい、青木りん、はるか悠、黒木麻衣（花野真衣、SHIHO）、浜崎りお（森下えりか、篠原絵梨香）、妃乃ひかり、秋川りお（美月このみ）、ERIKA（モカ、MOKA）、若槻尚美、吉沢みなみ、山崎まりあ、村上涼子（中村りかこ、黒木菜穂）、宮崎あい、南沙也香、あいぶらん（蜜井とわ）、松金めぐみ、翼裕香、牧野くるみ、中森玲子、中村綾乃、中野愛里、水森あおい、間宮志乃、秋瀬ルミ、須真杏里（須真杏理）、鈴香音色、白鳥美鈴、里中あきな、早乙女美奈子、佐伯奈々、小坂めぐる、黒木みらい、北原夏美、風間ゆみ、阿部菜津子（福山洋子、織原寧々）、浅倉彩音、辻さき、橘なお（上原海里）、大島あいる、伊沢美春（伊沢美晴）、安堂ゆう、新垣紗絵、彩名杏子、浅乃ハルミ、浅田ちち、朝倉まりあ、大西ちか,https://www.javbus.com/SWAC-005,
BCDP-043 巨乳熟女 熟れ頃オンナ30人の乳揺れ性交8時間,BCDP-043 巨乳熟女 熟れ頃オンナ30人の乳揺れ性交8時間,BCDP-043,,2014-10-10,480分鐘,,BACKDROP,BACKDROP（BACKDROP）,,成熟的女人、乳交、合集、已婚婦女、4小時以上作品、巨乳、DMM獨家,八木あずさ、高橋美緒、小早川怜子、白鳥寿美礼、北川エリカ、加山なつこ、横山みれい、内田美奈子、中森玲子、風間ゆみ,https://www.javbus.com/BCDP-043,
MIBD-851 MOODYZ特選 極上ごっくん886連発,MIBD-851 MOODYZ特選 極上ごっくん886連発,MIBD-851,,2014-09-13,478分鐘,,ムーディーズ,MOODYZBest,,口交、合集、姐姐、美少女、數位馬賽克、DMM獨家、吞精,くるみひな、星野あかり、大橋未久、中森玲子、小坂めぐる、愛菜りな、つぼみ、加藤ツバキ（夏樹カオル）、芦名未帆（稲森しほり）、Maika（MEW）,https://www.javbus.com/MIBD-851,
RKI-358 Top of the AV ROOKIE×25メーカー厳選！SEX24時間 SSS級女優150人,RKI-358 Top of the AV ROOKIE×25メーカー厳選！SEX24時間 SSS級女優150人,RKI-358,,2014-08-19,1438分鐘,,ROOKIE,ROOKIE,,合集、美少女、中出、DMM獨家,浜崎真緒、沖田杏梨、新山かえで、周防ゆきこ、篠原杏、波多野結衣、北川瞳、中森玲子、雪見紗弥、浜崎りお（森下えりか、篠原絵梨香）,https://www.javbus.com/RKI-358,
BOMN-105 最大Lカップ 時代を彩る爆乳女優大集結 パイズリ狭射100名,BOMN-105 最大Lカップ 時代を彩る爆乳女優大集結 パイズリ狭射100名,BOMN-105,,2014-08-15,240分鐘,,ABC/妄想族,BoinBB/ABC,,乳交、合集、戀乳癖、超乳、巨乳、DMM獨家,持田美琴、相奈さゆき、友野みゆき、芹沢優華、辻さき、沙藤ユリ、一ノ瀬ルカ、小倉ゆず、高沢沙耶、浜崎りお（森下えりか、篠原絵梨香）、原千草、真中ゆかり、ももい理乃、美波瀬奈、西田琴音、青葉ゆな、鈴村いろは、小宮涼菜、佐藤愛、meru、Conomi、末木ゆりは、弓束ちはや、吉永あかね、小衣くるみ、眞野さくら、桜咲舞花、柚ノ木りん、桃華マリエ、南佳代、高橋エミリー、小泉麻由、美月優芽、栗崎紗理奈、桜木莉愛（かじか凛）、園田セイラ、小西麻琴、美月しのぶ、大島あいる、優花めぐみ、南レイ、菅野みいな、小島優花、辻井美穂、響まゆ、愛内ゆう、小出遥、前田優希、希本なつ美、荒木りな、西井優香、恵けい、星山里穂、山田マリコ、松すみれ、鮎川まどか、仁科百華、倉谷果歩、黒沢せりな、櫻井夕樹、伊沢美春（伊沢美晴）、横山みれい、鮎川るい、中野愛里、かえでみく、立花結衣、大沢かえで、長谷川杏実（長谷川杏美）、若菜優衣、漣ゆめ、本原純、森永ひよこ、JULIA、橘なお（上原海里）、七海あい、飯浜紀香、愛あいり、徠夢、まりん、櫻庭茜、七尾みつみ、羽田夕夏、鈴香音色、ひなの、浅田ちち、あきな、愛実（秋川ルイ）、伊東このみ、佐野るる、中森玲子、並木るか（橘ひな）、仲村ろみひ、小澤新音、西本はるみ、宮崎あい、山咲奈々美、門倉真紀、長谷川ミュウ、市來あやか,https://www.javbus.com/BOMN-105,
VNDS-7008 熟れ女尻 程よくたるんだ巨大なおしり10人3時間,VNDS-7008 熟れ女尻 程よくたるんだ巨大なおしり10人3時間,VNDS-7008,,2014-07-30,178分鐘,磯野マグロ,NEXTGROUP,ネクストイレブン,,成熟的女人、已婚婦女、屁股,美咲恭子、水沢史子、浅井舞香、愛田正子、川内董、浅倉彩音、中森玲子、広瀬奈々美（堀口奈津美）、村上涼子（中村りかこ、黒木菜穂）、坂上友香,https://www.javbus.com/VNDS-7008,
VNDS-2906 特選！熟女温泉 ヤリまくりの旅,VNDS-2906 特選！熟女温泉 ヤリまくりの旅,VNDS-2906,,2014-07-27,120分鐘,遠山銀次,NEXTGROUP,ネクストイレブン,,成熟的女人、濫交、巨乳,牧野まさみ、みなみ想、美里流季、天海ゆり、中森玲子,https://www.javbus.com/VNDS-2906,
OOMN-107 美熟女着替え 100名,OOMN-107 美熟女着替え 100名,OOMN-107,,2014-07-27,239分鐘,,ABC/妄想族,お母さん.com/ABC,,成熟的女人、母親、合集、戀乳癖、巨乳、DMM獨家,堀川奈美、小早川怜子、来杉弓香、相田紀子、松本まりな、元山はるか、小泉麻由、七瀬ゆい（羽田未来）、松浦ユキ、小橋早苗、坂田美影、鮎川るい、新尾きり子、押尾伸子、加藤ツバキ（夏樹カオル）、志村和美、宇喜多かすみ、鷹宮りょう、生田沙織、北園梓、藤森綾子、美里このみ、有永すずか、速水静香、羽川佳美、みはる雫、橘実加、花村いづみ、飯倉美奈子、秋川真理、美月祥子、丘美和子、櫻井夕樹、中野彩、石田みちる、五十川みどり、湯沢多喜子、大友唯愛、大越はるか、北村みどり、中峰さゆり、葛城えみ、蓮見梨沙、真野沙代、秋野夕日、中村綾乃、美原咲子、藤原絵理香、加藤なお、黒木麻衣（花野真衣、SHIHO）、若林ひかる、小林芽衣（小林メイ）、藤木未央、小鳥遊恋（高梨恋子）、中森玲子、北原夏美、仲田絵理、椿美羚、翔田千里、島谷愛、青空小夏、湯川美智子、春日もも、前田優希、白鳥寿美礼、石倉えいみ、山本美和子、希本なつ美、愛乃、杏美月、山河ほたる、高月和花、矢部寿恵、大島あいる、本真ゆり、宮瀬リコ、愛菜、羽月希、風見なな、桐岡さつき、青山祥子、平山薫、竹内奈々子、成田レミ、三原慶子、内田美奈子、保坂友利子、音原恭子、雨宮真貴、小出遥、楢崎かほり、南レイ、中園貴代美、柴田かすみ、荒木瞳、木咲美琴、本多かなめ、仁科さゆり、甲斐ミハル、希咲あや,https://www.javbus.com/OOMN-107,
VVVD-109 V2013年全タイトルBEST 12時間,VVVD-109 V2013年全タイトルBEST 12時間,VVVD-109,,2014-07-26,718分鐘,,ヴィ,V,,合集、花癡、數位馬賽克、DMM獨家,藤咲セイラ、麻生ゆう、鈴木鈴、美月優芽、愛内希、中森玲子、澤村レイコ（高坂保奈美、高坂ますみ）、中島京子,https://www.javbus.com/VVVD-109,
MCSR-118 爆乳奥さん中出し BEST 8時間,MCSR-118 爆乳奥さん中出し BEST 8時間,MCSR-118,,2014-07-25,481分鐘,武新,ビッグモーカル,マスカット,,合集、已婚婦女、中出、4小時以上作品、高畫質、巨乳,綾瀬みなみ、須藤早紀、真木今日子、大島あいる、一ノ瀬ルカ、長澤あずさ、有沢りさ、小峰ひなた、中森玲子、妃乃ひかり、弓束ちはや,https://www.javbus.com/MCSR-118,
ZCOL-021 巨尻ローション＆顔面騎乗 美巨尻六人収録,ZCOL-021 巨尻ローション＆顔面騎乗 美巨尻六人収録,ZCOL-021,,2014-06-17,190分鐘,実録出版,実録出版,実録出版,,其他戀物癖、合集、屁股、乳液、高畫質、顏面騎乘,長谷川美紗、鈴香音色、泉麻那、瀬奈涼、RUMIKA、中森玲子,https://www.javbus.com/ZCOL-021,
JUSD-562 美熟女の淫尻ぴったりタイトスカートFUCK 8時間,JUSD-562 美熟女の淫尻ぴったりタイトスカートFUCK 8時間,JUSD-562,,2014-06-05,480分鐘,,マドンナ,Madonna,,成熟的女人、合集、各種職業、已婚婦女、數位馬賽克、4小時以上作品、迷你裙,遥めぐみ、長谷川美紅、当真ゆき（桜井マミ）、橘慶子、結城みさ、華山美玲、北条麻妃、浅之美波、アンジェリーナ、周防ゆきこ、白木優子、芹川菜々、夏目優希、小早川怜子、芹沢恋、長瀬涼子、愛乃ゆな、北川みなみ、愛花沙也、青山葵、中森玲子、さとう遥希、桐岡さつき、愛田奈々、音羽レオン、観月由奈、優木明日花、真田春香、新堂綾乃、ましろ杏、三浦恵理子,https://www.javbus.com/JUSD-562,
ADVR-581 クライマックスダイジェスト 超乳愛奴コレクト,ADVR-581 クライマックスダイジェスト 超乳愛奴コレクト,ADVR-581,,2014-06-01,91分鐘,峰一也,アートビデオ,ARTVIDEO,超乳愛奴コレクト,SM、合集、性奴、巨乳,本田えりか、中森玲子、羽田夕夏,https://www.javbus.com/ADVR-581,
MAST-016 美熟女大競艶3D 風間ゆみ 艶堂しほり 中森玲子 北条麻妃 浅倉彩音 瀬奈涼,MAST-016 美熟女大競艶3D 風間ゆみ 艶堂しほり 中森玲子 北条麻妃 浅倉彩音 瀬奈涼,MAST-016,,2014-05-08,70分鐘,HAMEX,NEXTGROUP,3DMASTERS,,成熟的女人、濫交、潮吹、高畫質,中森玲子、艶堂しほり（遠藤しおり）、風間ゆみ、浅倉彩音、北条麻妃、瀬奈涼,https://www.javbus.com/MAST-016,
TKSC-048 ムッチムチのボディコン姿で誘惑されて勃起したチ○ポから手コキでザーメンしぼりとられちゃいました,TKSC-048 ムッチムチのボディコン姿で誘惑されて勃起したチ○ポから手コキでザーメンしぼりとられちゃいました,TKSC-048,,2014-05-02,123分鐘,,映天,東京素人ちゃんねる,,口交、合集、淫語、姐姐、打手槍,中森玲子、村上涼子（中村りかこ、黒木菜穂）、風間ゆみ,https://www.javbus.com/TKSC-048,
TKSC-051 インテリメガネOLは実は社内のチ○ポを貪るド淫乱痴女 2,TKSC-051 インテリメガネOLは実は社内のチ○ポを貪るド淫乱痴女 2,TKSC-051,,2014-05-02,128分鐘,,映天,東京素人ちゃんねる,インテリメガネOLは実は社内のチ○ポを貪るド淫乱痴女,蕩婦、OL、淫語、花癡、眼鏡,青山ゆい、中森玲子、吉岡奈々子、雪野ひかる,https://www.javbus.com/TKSC-051,
SCF-056 母と息子の近親相姦 88人のママ12時間,SCF-056 母と息子の近親相姦 88人のママ12時間,SCF-056,,2014-04-20,724分鐘,,マルクス兄弟,MARXBrothersco.,,亂倫,加山なつこ、牧本千幸（つかもと友希）、みずしまちはる、青山りか、秋川りお（美月このみ）、秋吉くみ、浅倉彩音、西条麗、満永知加、楠真由美、水奈りか、友田真希、友崎亜希、高倉梨奈、増田ゆり子、樋口善江、藤川ユリ、望月加奈（松沢真理）、松本亜璃沙、小林みゆき、鮎川るい、村上涼子（中村りかこ、黒木菜穂）、麻生洋子、里中亜矢子、葉月奈穂（葉月菜穂）、小沢志乃、西澤麻里、草壁夕子、山口玲子、高梨さとみ、鏡麗子、菊池エリ、浅岡雅、神野ミツル、奥村ゆう子、相川みほ、篠崎さとみ、織田万里、川奈まり子、風間ゆみ、藤川真紀子、天羽美砂、桃井なつみ、牧原れい子、佐藤みき（佐藤美紀、鈴木志帆）、有沢実紗、北条麻妃、橘慶子、瀬戸恵子、在佳亜矢、妃悠愛（長澤杏奈、水原里香、木崎祐子）、中森玲子、高島恭子、若槻尚美、黒崎萌華、竹井ゆかり、桐岡さつき、本条直子、安堂ゆう、井坂綾、吉川亜希、沙原りえ、橘仁美、阿部菜津子（福山洋子、織原寧々）、天海ゆり、和希優子、松嶋侑里、白鳥美鈴、滝川絵理子、志村玲子、澤村レイコ（高坂保奈美、高坂ますみ）、瀬戸ゆうき、樋口冴子（桐島千沙）、今井優衣、結城みさ、坂本梨沙、加藤ツバキ（夏樹カオル）、生田沙織、中村綾乃、流川純、北原夏美、町村小夜子、小林芽衣（小林メイ）、宮本静、広瀬奈々美（堀口奈津美）、白坂ゆり、藤森伸子,https://www.javbus.com/SCF-056,
NXG-191 熟女人妻の祭典 ど淫乱美熟女SPECIAL BEST10,NXG-191 熟女人妻の祭典 ど淫乱美熟女SPECIAL BEST10,NXG-191,,2014-04-11,119分鐘,いなりかずき,NEXTGROUP,ネクストグループ,熟女人妻の祭典,成熟的女人、合集、已婚婦女,宮下いずみ、浅井舞香、金沢文子、井本茜、滝川絵理子、新尾きり子、藤沢未央、田所松子、宮村ゆうこ、中森玲子,https://www.javbus.com/NXG-191,
KCDA-005 スケスケハイレグ熟女,KCDA-005 スケスケハイレグ熟女,KCDA-005,,2014-04-06,130分鐘,,デジタルアーク,digitalark（デジタルアーク）,,成熟的女人、合集、戀乳癖、巨乳,横山みれい、桐岡さつき、中森玲子、鏡麗子,https://www.javbus.com/KCDA-005,
TKSC-043 超敏感！！すぐにいっちゃう我慢出来ない変態おやじの早漏チンポ,TKSC-043 超敏感！！すぐにいっちゃう我慢出来ない変態おやじの早漏チンポ,TKSC-043,,2014-04-04,120分鐘,,映天,東京素人ちゃんねる,,口交、合集、淫語、姐姐、打手槍,桃咲まなみ、小峰ひなた、中森玲子,https://www.javbus.com/TKSC-043,
TKSC-042 お仕置きされたい男達… 3 欲求不満のOL達はお仕置きと称して僕のチ●ポを弄ぶ。,TKSC-042 お仕置きされたい男達… 3 欲求不満のOL達はお仕置きと称して僕のチ●ポを弄ぶ。,TKSC-042,,2014-04-04,122分鐘,,映天,東京素人ちゃんねる,お仕置きされたい男達…,OL、口交、合集、淫語、打手槍,桃咲まなみ、桜庭ハル、中森玲子,https://www.javbus.com/TKSC-042,
NASS-118 和姦レイプ 快感を味わってしまった女たち,NASS-118 和姦レイプ 快感を味わってしまった女たち,NASS-118,,2014-03-24,181分鐘,,なでしこ,Nadeshiko,,成熟的女人、強姦、已婚婦女、戲劇、故事集,菊島夕子、浅倉彩音、中森玲子、永井智美、黒木小夜子（秀吉小夜子）、七瀬ゆうり、中條美華、小池絵美子,https://www.javbus.com/NASS-118,
DPHC-007 非日常的クネクネ映像コレクション VII,DPHC-007 非日常的クネクネ映像コレクション VII,DPHC-007,,2014-03-22,251分鐘,渡辺琢斗,AVScollector’s,PHANTOM夢,非日常的クネクネ映像コレクション,其他戀物癖、連褲襪、緊身衣、4小時以上作品、高畫質,柳田やよい、黒木麻衣（花野真衣、SHIHO）、紫彩乃、立花綾乃、天音まりあ、阿川蘭、榊なち、加藤なお、中森玲子、神崎レオナ（七瀬かすみ）、北条麻妃、桜木れん、管野しずか、相原りお、大堀香奈、櫻井夕樹、叶みわ、彩名ゆい、横山みれい,https://www.javbus.com/DPHC-007,
PLB-006 Platina 4周年記念「初」コンプリートBOX 8時間,PLB-006 Platina 4周年記念「初」コンプリートBOX 8時間,PLB-006,,2014-03-21,480分鐘,,ダスッ！,Platina,,合集、中出、巨乳,水元ゆうな、愛咲れいら（原千尋）、夕樹舞子、小泉なほ、七瀬ルナ、小林さや、かすみりさ、大島あいる、青山菜々、上原保奈美、みなせ優夏、小早川怜子、沖田杏梨、前田優希、夢実あくび（夢見あくび、新田あくび、小川まどか）、中森玲子、双葉みか、真木今日子、長澤あずさ、そらのゆめ、橘なお（上原海里）、佐藤つかさ,https://www.javbus.com/PLB-006,
NXG-156 禁断肉欲劇場 鬼畜義父の中出し嫁調教,NXG-156 禁断肉欲劇場 鬼畜義父の中出し嫁調教,NXG-156,,2014-03-17,119分鐘,コルト69,NEXTGROUP,ネクストグループ,禁断肉欲劇場,性奴、粗暴、中出、巨乳,中森玲子、澤村レイコ（高坂保奈美、高坂ますみ）、広瀬奈々美（堀口奈津美）、若菜あゆみ、愛あいり,https://www.javbus.com/NXG-156,
CADV-456 完熟マダムPREMIUM 8時間 2,CADV-456 完熟マダムPREMIUM 8時間 2,CADV-456,,2014-03-17,479分鐘,,クリスタル映像,CRYSTALEX,完熟マダムPREMIUM,成熟的女人、已婚婦女、中出、4小時以上作品、巨乳,中島美和、松本まりな、風間ゆみ、北条麻妃、小早川怜子、中森玲子、森下麻子、一條弥生、八上寿々音、山口真理、さくらい葉菜、円城ひとみ、七海ひさ代、神崎久美、上原千尋、寺島志保、大橋ひとみ、藤江由恵、朝宮淳子、美山蘭子、翔田千里、滝沢すみれ、木村真子、横山みれい、白鳥寿美礼、村上涼子（中村りかこ、黒木菜穂）、結城みさ、山城みずほ、宮村恋、水原薫子,https://www.javbus.com/CADV-456,
PPBD-076 男なら一度はヤッてみたい細身巨乳スタイルBEST 50人4時間,PPBD-076 男なら一度はヤッてみたい細身巨乳スタイルBEST 50人4時間,PPBD-076,,2014-03-15,239分鐘,,OPPAI,OPPAI,男なら一度はヤッてみたい,乳交、合集、戀乳癖、姐姐、乳房、巨乳,佐山愛、水城奈緒、浜崎りお（森下えりか、篠原絵梨香）、JULIA、大沢かえで、上木奈央、菅野みいな、ましろ杏、百花エミリ、小出遥、葵ぶるま、菅野さゆき、大堀香奈、葵えり、恵けい、水咲カレン、仁科百華、大月まゆか、吉永あかね、沖田杏梨、西條るり、羽月希、瑞乃ありさ、上原怜奈、知世奏、新山かえで、大島あいる、中森玲子、成瀬心美（ここみ）、みなせ優夏、平山薫,https://www.javbus.com/PPBD-076,
GAS-295 爆乳超乳レズベスト4時間,GAS-295 爆乳超乳レズベスト4時間,GAS-295,,2014-02-24,240分鐘,,シネマユニット・ガス,GAS,爆乳,女同性戀、合集、戀乳癖、巨乳,上原花、杏美月、中森玲子、葉山雅,https://www.javbus.com/GAS-295,
FABS-031 30人の色っぽい女たちのふくよかな母なる乳房＆SEX,FABS-031 30人の色っぽい女たちのふくよかな母なる乳房＆SEX,FABS-031,,2014-02-22,306分鐘,ヘンリー塚本,FAプロ・プラチナ,FAプレミアム,,成熟的女人、戀乳癖、4小時以上作品、戲劇、故事集、巨乳、貧乳・微乳,山口玲子、ささきふう香、風間ゆみ、秋川りお（美月このみ）、大越はるか、石田ゆりあ、早坂めぐ、あゆか、早乙女らぶ、内田美奈子、高島恭子、北谷静香、根本あきこ、中森玲子、あいり、並木るか（橘ひな）、手塚みや、宮崎あい、若林ひかる、君島冴子（AOI.、村上葵）、結衣（結衣美沙）、加賀雅、山下真耶、桃井りか、二岡ゆり、北条アミ、黒沢那智、北原夏美,https://www.javbus.com/FABS-031,
AVSP-005 渡辺琢斗大図鑑 8時間 Premium Best 3,AVSP-005 渡辺琢斗大図鑑 8時間 Premium Best 3,AVSP-005,,2014-02-22,483分鐘,渡辺琢斗,AVScollector’s,AVS,渡辺琢斗大図鑑,其他戀物癖、合集、連褲襪、4小時以上作品,杉浦まな、佐伯奈々、風間ゆみ、つゆの優、麻生岬、南原香織、麗花、柊麗子、卯月真奈美、新井エリー（晶エリー、大沢佑香）、沢田麗奈、@YOU、音和礼子、川峰さくら、神崎レオナ（七瀬かすみ）、松下ゆうか（愛乃彩音、藤咲ゆうか）、上原優、青山雪菜、深尾彩乃、山吹センリ、高原智美、瞳めい、川瀬さやか、川上ゆう（森野雫）、吉本千秋、広瀬奈々美（堀口奈津美）、鳴海せいら、高倉梨奈、立木ゆりあ、観月マヤ、宮崎もも、加藤なお、浅倉彩音、紫月、綾女、中森玲子、細川まり、堀江朋子、真咲南朋（楓モモ、安藤なつ妃）、岩崎彩菜、北条麻妃、艶堂しほり（遠藤しおり）、舞野まや、阿川蘭、潮見千夜、天音まりあ、管野しずか、美原咲子、横山みれい、加々美涼、朝比奈瑠依,https://www.javbus.com/AVSP-005,
BDCLB-025 絶対！！ベスト ふたり責め 8じかん。,BDCLB-025 絶対！！ベスト ふたり責め 8じかん。,BDCLB-025,,2014-02-07,480分鐘,,ワープエンタテインメント,Waap,絶対！！ベスト,合集、多P、按摩、高畫質,藤咲葵（愛川香織）、大槻ひびき、坂野由梨、瀬名あゆむ（広瀬藍子）、結城みさ、浅倉彩音、中森玲子、村上涼子（中村りかこ、黒木菜穂）,https://www.javbus.com/BDCLB-025,
CADV-448 熟女と性交 巨乳編 風間ゆみ×中森玲子×村上涼子×高橋美緒,CADV-448 熟女と性交 巨乳編 風間ゆみ×中森玲子×村上涼子×高橋美緒,CADV-448,,2014-02-03,239分鐘,,クリスタル映像,CRYSTALEX,熟女と性交,成熟的女人、已婚婦女、4小時以上作品、巨乳,高橋美緒、中森玲子、村上涼子（中村りかこ、黒木菜穂）、風間ゆみ,https://www.javbus.com/CADV-448,
JFB-056 悶絶する美女達の卑猥な日常 全作品集30タイトル,JFB-056 悶絶する美女達の卑猥な日常 全作品集30タイトル,JFB-056,,2014-01-25,480分鐘,,Fitch,Fitch,悶絶○○の卑猥な日常,成熟的女人、合集、已婚婦女、戀乳癖、數位馬賽克、主觀視角、DMM獨家,天海ゆり、栗崎紗理奈、佐山愛、小出遥、平山薫、仁科百華、魚住里奈、志村玲子、坂本梨沙、川上ゆう（森野雫）、本真ゆり、杏美月、石黒樹里、有馬ひかり、小倉もも、星野来夢、吉永沙織、山口玲子、酒井ちなみ（紫葵）、白石さゆり、広瀬奈々美（堀口奈津美）、一戸のぞみ、中森玲子、風間ゆみ、北条美里、牧原れい子、青木りん、今枝陽子、佐藤みき（佐藤美紀、鈴木志帆）、水城奈緒、彩凪みゆ,https://www.javbus.com/JFB-056,
CADV-444 THE GREAT BODY むしゃぶりつきたいカラダの女たち 8時間,CADV-444 THE GREAT BODY むしゃぶりつきたいカラダの女たち 8時間,CADV-444,,2014-01-23,479分鐘,,クリスタル映像,CRYSTALEX,,潮吹、無毛、多P、4小時以上作品、巨乳,藤堂ルシア、立川理恵、さくら悠、小早川怜子、鮎川みさと、新山かえで、真木今日子、小倉ゆず、華山美玲、桜みちる、木下若菜、内田美奈子、中森玲子、水城奈緒、西川りおん、AN、舞咲みくに、吉永あかね、百田ひびき,https://www.javbus.com/CADV-444,
VIKG-064 巨尻ディルドオナニー激淫ピストン DX,VIKG-064 巨尻ディルドオナニー激淫ピストン DX,VIKG-064,,2014-01-22,120分鐘,Viking,STARPARADISE,バイキング,,蕩婦、玩具、自慰,松田悠希、上原さゆり、柳原紫乃、緑川あずさ、愛あいり、青木りん、浅倉彩音、中森玲子、艶堂しほり（遠藤しおり）、七瀬ゆい（羽田未来）、白石かおる、真羅マキ,https://www.javbus.com/VIKG-064,
HGSD-005 いかにもドスケベそうなお姉様達に散々弄ばれた後、最終的に手コキでイカされました…,HGSD-005 いかにもドスケベそうなお姉様達に散々弄ばれた後、最終的に手コキでイカされました…,HGSD-005,,2014-01-22,123分鐘,,映天,xxxtra,,蕩婦、身體意識、其他戀物癖、姐姐、打手槍,松金めぐみ、星野あかり、仁科百華、中森玲子、村上涼子（中村りかこ、黒木菜穂）,https://www.javbus.com/HGSD-005,
PLB-005 生挿入で発射するのが気持ち良すぎる中出し性交50本番,PLB-005 生挿入で発射するのが気持ち良すぎる中出し性交50本番,PLB-005,,2014-01-19,478分鐘,,ダスッ！,Platina,,合集、美少女、中出、巨乳、DMM獨家,小早川怜子、みなせ優夏、上原保奈美、青山菜々、愛原さえ、仁科百華、泉麻那、佐藤みき（佐藤美紀、鈴木志帆）、水元ゆうな、夕樹舞子、夢実あくび（夢見あくび、新田あくび、小川まどか）、愛咲れいら（原千尋）、橘なお（上原海里）、そらのゆめ、真木今日子、長澤あずさ、中森玲子、前田優希、かすみりさ、大島あいる、双葉みか,https://www.javbus.com/PLB-005,
KAGS-040 SS級熟女 センズリ鑑賞4時間,KAGS-040 SS級熟女 センズリ鑑賞4時間,KAGS-040,,2014-01-08,240分鐘,石川出水,AFRO-FILM,赫夜姫映像,,成熟的女人、4小時以上作品、高畫質、自慰,北条麻紀、沢田珠里、伊織涼子、有奈めぐみ、松下美香、矢部寿恵、結城みさ、桐岡さつき、羽月希、川上ゆう（森野雫）、北条麻妃、中森玲子,https://www.javbus.com/KAGS-040,
ALD-684 イラマからの激ピストン 限界超え13人,ALD-684 イラマからの激ピストン 限界超え13人,ALD-684,,2013-12-29,243分鐘,,桃太郎映像出版,ALLIN☆ONE,,合集、多P、深喉、凌辱、DMM獨家、肛交,土屋ゆづき、辻本りょう、国見奈々、中森玲子、柳田やよい、広瀬奈々美（堀口奈津美）、華美月、妃乃ひかり、麻生岬、菊原まどか、藍山みなみ、村西まりな、富永ルナ,https://www.javbus.com/ALD-684,
MCSR-107 美熟女野獣ファック 絶叫悶絶妻 4時間,MCSR-107 美熟女野獣ファック 絶叫悶絶妻 4時間,MCSR-107,,2013-12-25,240分鐘,ながふちつよし,ビッグモーカル,マスカット,美熟女野獣FUCK,成熟的女人、已婚婦女、4小時以上作品、高畫質,山口翠、音和礼子、小滝紗由美、桐岡さつき、中森玲子、町村小夜子、松下ゆうか（愛乃彩音、藤咲ゆうか）、速水怜、よしい美希（伊沢涼子、吉井美希）、風間ゆみ、結城みさ、新尾きり子、北島玲、佐伯奈々、南原香織、北条麻妃,https://www.javbus.com/MCSR-107,
EMAF-251 デカ乳輪が好き！ 8時間,EMAF-251 デカ乳輪が好き！ 8時間,EMAF-251,,2013-12-22,481分鐘,清水橋健太,フォーディメンション/エマニエル,フォーディメンション（エマニエル）,デカ乳輪が好き！,成熟的女人、其他戀物癖、花癡、4小時以上作品、巨乳、DMM獨家,沢木ルミ、手塚真由美、黒木唯香、中森玲子、望月ゆみ,https://www.javbus.com/EMAF-251,
MIBD-786 射精寸前の最高に気持ちいいジュボジュボ汁だくフェラチオ 4時間,MIBD-786 射精寸前の最高に気持ちいいジュボジュボ汁だくフェラチオ 4時間,MIBD-786,,2013-12-21,238分鐘,,ムーディーズ,MOODYZBest,,口交、合集、花癡、數位馬賽克、DMM獨家,みなせ優夏、きよみ玲、里美ゆりあ、大橋未久、まりか、さとう遥希、美咲結衣、若葉くるみ、佐倉カオリ、つぼみ、河合こころ、稲川なつめ、中山エリス、友田彩也香、碧しの（篠めぐみ）、西真奈美（米倉夏弥）、妃乃ひかり、芦名未帆（稲森しほり）、水城奈緒、中森玲子、上原カエラ、桐原エリカ、葵ちひろ、遥結愛,https://www.javbus.com/MIBD-786,
DFDA-121 Glam Mode Special 23人のグラマーお姉さん 8時間,DFDA-121 Glam Mode Special 23人のグラマーお姉さん 8時間,DFDA-121,,2013-12-16,485分鐘,,デジタルアーク,digitalark（デジタルアーク）,GlamMode,蕩婦、其他戀物癖、合集、4小時以上作品、巨乳、DMM獨家,姫村ナミ、高瀬ひとみ、向坂美々、日向みのり、鈴香音色、小峰ひなた、中森玲子、西木美羽、佐伯奈々、夏川未来（小春）、星乃せあら（南まりん）、葉月奈穂（葉月菜穂）、姫川きよは,https://www.javbus.com/DFDA-121,
DFDA-115 痴女コキ4時間,DFDA-115 痴女コキ4時間,DFDA-115,,2013-12-16,241分鐘,,デジタルアーク,digitalark（デジタルアーク）,,蕩婦、合集、巨乳、DMM獨家、打手槍,青山ゆい、武藤クレア、安西優子（鈴木なつ）、中居ちはる、小峰ひなた、横山みれい、中森玲子、星優乃、葉月奈穂（葉月菜穂）、村上涼子（中村りかこ、黒木菜穂）、長谷川聖那、桐岡さつき、哀川りん、希咲エマ（HARUKI、加藤はる希）、もりとまりな、山下舞、松すみれ,https://www.javbus.com/DFDA-115,
JUSD-529 Madonna10周年記念 Fitchレーベル全作品集 143タイトル12時間 全てはここから始まった！ 2007～2011年にリリースした全作品を完全網羅！！,JUSD-529 Madonna10周年記念 Fitchレーベル全作品集 143タイトル12時間 全てはここから始まった！ 2007～2011年にリリースした全作品を完全網羅！！,JUSD-529,,2013-12-15,718分鐘,,マドンナ,Madonna,Madonna10周年記念,蕩婦、成熟的女人、合集、已婚婦女、數位馬賽克、羞恥、DMM獨家,今枝陽子、橘ミオン（石川鈴華）、春風えみ、真白希実、雪見紗弥、北条麻妃、倖田李梨（倖田美梨、岩下美季）、山口玲子、坂本梨沙、鏡麗子、星野あかり、妃乃ひかり、愛あいり、妃悠愛（長澤杏奈、水原里香、木崎祐子）、橘エレナ、牧原れい子、有沢実紗、凛音涼子、浅倉彩音、青木りん、高島恭子、橘慶子、柳田やよい、伊吹稟、美原咲子、小向まな美、川上ゆう（森野雫）、結城みさ、櫻井夕樹、仁科百華、杉本亜美、横山みれい、彩佳リリス（藤崎クロエ）、小坂めぐる、吉永沙織、浦田みらい、大堀香奈、水城奈緒、漣ゆめ、Seiko。、和葉みれい（藤白まき）、管野しずか、瀬奈涼、森山杏菜（森山杏奈）、神崎レオナ（七瀬かすみ）、青木玲、芦沢彩乃、愛川咲樹、翔田千里、魚住里奈、北条アミ、友田真希、押切あやの、小泉ありさ、星優乃、酒井ちなみ（紫葵）、関口梨乃、松下ゆうか（愛乃彩音、藤咲ゆうか）、天海ゆり、広瀬奈々美（堀口奈津美）、松本亜璃沙、君島冴子（AOI.、村上葵）、風間ゆみ、白坂百合、流川純、志村玲子、あずま樹、北島玲、片岡梨沙、黒木麻衣（花野真衣、SHIHO）、大塚咲（小野沙樹、大滝佐紀）、鈴香音色、北条美里、加山なつこ、白川莉紗、細川まり、村上里沙、藤木未央、澤村レイコ（高坂保奈美、高坂ますみ）、松下紗世、北原夏美、白石さゆり、葉月奈穂（葉月菜穂）、佐藤みき（佐藤美紀、鈴木志帆）、一戸のぞみ、中森玲子、小池絵美子、波風きら,https://www.javbus.com/JUSD-529,
MBYD-177 人妻の濃厚なお掃除フェラ8時間,MBYD-177 人妻の濃厚なお掃除フェラ8時間,MBYD-177,,2013-12-08,478分鐘,,溜池ゴロー,溜池ゴロー,,成熟的女人、口交、合集、已婚婦女、數位馬賽克、DMM獨家,雨宮真貴、荒木瞳、上原保奈美、沖田杏梨、椎名ゆな、さとう遥希、波多野結衣、矢部寿恵、桐岡さつき、JULIA、冴島かおり、堀内秋美、仲丘たまき（片岡まきな）、南紗穂、戸田さゆり、岩佐あゆみ、三井ゆかり、朝霧メイサ、かすみひかり、三浦恵理子、小早川怜子、上原千尋、青山葵、春原未来、稲川なつめ、雪音ありさ、柏木ゆり、藤沢芳恵、江原あけみ（美輪ちあき）、伊織涼子、西條るり、結城みさ、管野しずか、高島恭子、藤咲葵（愛川香織）、春日もも、さおり（沙織）、山本美和子、美原咲子、橘エレナ、柳井瞳、有沢実紗、浅倉彩音、紗奈、中森玲子、細川まり、澤村レイコ（高坂保奈美、高坂ますみ）、森ななこ、広瀬奈々美（堀口奈津美）、川上ゆう（森野雫）、北原夏美、樋口冴子（桐島千沙）、佐山愛、浜崎りお（森下えりか、篠原絵梨香）、柳田やよい、遥めぐみ、青山菜々、岩崎千鶴、倉木さゆり、江波りゅう（RYU)、葉月奈穂（葉月菜穂）、辻本りょう、芦名未帆（稲森しほり）、村上涼子（中村りかこ、黒木菜穂）、星野あかり、黒木麻衣（花野真衣、SHIHO）、愛咲れいら（原千尋）、西野翔、青木玲、友田真希、夢野まりあ、風間ゆみ、松本まりな、寺崎泉、笠木忍,https://www.javbus.com/MBYD-177,
MKCK-081 E-BODY 300SEX 24時間,MKCK-081 E-BODY 300SEX 24時間,MKCK-081,,2013-12-08,1438分鐘,,E-BODY,E-BODY,,潮吹、合集、花癡、巨乳、DMM獨家,尾上若葉、姫野ゆうり、綾瀬れん、みなせ優夏、小鳥遊瀬那、及川はるな、辻井美穂、さとう遥希、JULIA、成瀬心美（ここみ）、矢沢もえ、工藤美紗、小峰ひなた、望月けい、亜梨、佳山三花、片岡梨沙、倖田みらい、女池さゆり、桜ここみ、南ナミ、里美ゆりあ、伊東美姫、愛沢蓮、Hitomi（田中瞳）、中森玲子、eco、井川美保、桜井エミリ、緋村由衣、やまのあかね、一戸のぞみ、小栗涼、黒木アリサ、長澤あずさ、佐田あゆみ、恵けい、沢木樹里、ASUKA、中野愛里、諸星セイラ（百瀬涼）、ましろ杏、横山みれい、宮藤レイコ、松すみれ、春菜はな、七瀬友梨亜、七葉しほり、真矢ゆき、伊東菜々、高城ゆい、沙月みちる、青空小夏、Erina、真中ゆかり、甲斐ミハル、浅乃ハルミ、石原こと、吉川えみり、星島ちさ、宮坂レイア、二宮せりな、高瀬ひとみ、椎名ゆな、徠夢、小林さとみ、花井メイサ、羽田夕夏、夏川葵、川瀬愛美、峰なゆか、小澤マリア、黒木麻衣（花野真衣、SHIHO）、青山菜々、春咲あずみ、水城奈緒、竹内あい、大塚咲（小野沙樹、大滝佐紀）、飯島夏希、香坂杏奈、水森あおい、浜崎りお（森下えりか、篠原絵梨香）、風間ゆみ、麻美ゆま、Ryo、松嶋れいな、櫻井ゆうこ、村上涼子（中村りかこ、黒木菜穂）、妃乃ひかり、木村彩、山田マリコ、小川あさ美、真田春香、初音みのり、綾瀬メグ、杏美月、広瀬ゆな、高瀬みどり、春風えみ、辻さき、青木莉子（桜まい、片岡さき）、一ノ瀬あきら、あいだゆき、愛実（秋川ルイ）、森ななこ、石黒沙良、紅城まゆ、本田ゆかり、南沙也香、坂本愛海、澄川ロア、広瀬奈々美（堀口奈津美）、横山翔子、雨音しおん、紅りんご、かすみりさ、宝生優果（羽野理沙）、鈴木さとみ、ERIKA（モカ、MOKA）、あいぶらん（蜜井とわ）、並木るか（橘ひな）、うるみゆう、里崎マリヤ、立花結衣、夏海ナミ、アンジェ、小早川怜子、蒼井まなみ、桜木莉愛（かじか凛）、美月優芽、たなか唯、ティア、三浦恵理子、愛沢有紗、今村なつ、一色まりな、星野来夢、愛乃ゆな、原望美、舞咲みくに、青山沙希、愛乃、日向リサ、知世奏、秋月めい、長谷川リホ、安達亜美、新山かえで、牧瀬みさ、芦名ユリア、西山真理、滝川ソフィア、麻生ゆう、大橋ひとみ、吉澤留美、藤堂ルシア、原千草、南條ユナ、弓束ちはや、西川りおん、星咲優菜、椎名まりな、AYU、篠田あさみ、高橋エミリー、篠原優、立川理恵、知花メイサ、松下美雪、小泉真希、愛乃なみ、原沢ゆうあ、米崎真理、瑞乃ありさ、桜木美央、吉永あかね、水野朝陽、入江愛美、保坂えり、眞乃かすみ、高梨風花、椎名ひかる、武藤クレア、美咲結衣、上村あずさ、水咲カレン、湖南みるく、仁科百華、ゆうきさやか、哀川りん、すずきりりか、若菜ちえ、瀬戸みずほ、西條るり、長谷川杏実（長谷川杏美）、黒澤あみ、塚本渚、高島恭子、朋香めい、乙葉真希、小沢アリス、菅野さゆき、伊沢美春（伊沢美晴）、仲村美緒、北川エリカ、池田美和子、橘なお（上原海里）、赤井美月、北川瞳、菅野みいな、陽菜、上条めぐ（三浦芽依）、成美雪菜、上原もね、鶴田かな、あすか光希、綾瀬みなみ、沙藤ユリ、大島あいる、奥田咲、白川ゆかり、あざみねね、ももかさくら、北村わか、来栖ひなた、佐々木はるか、百花エミリ、上原保奈美、愛原さえ、小島優花、沖田杏梨,https://www.javbus.com/MKCK-081,
DFDA-108 スタイル抜群の高身長痴女お姉さんが自慢のスタイルでM男を挑発！ 8時間,DFDA-108 スタイル抜群の高身長痴女お姉さんが自慢のスタイルでM男を挑発！ 8時間,DFDA-108,,2013-12-06,484分鐘,,デジタルアーク,digitalark（デジタルアーク）,,蕩婦、其他戀物癖、合集、高、4小時以上作品、巨乳、DMM獨家,霜月るな、朝桐光、一ノ瀬ルカ、雨宮琴音、哀川りん、中森玲子、藤沢未央、村上涼子（中村りかこ、黒木菜穂）,https://www.javbus.com/DFDA-108,
DFDA-110 社内の巨乳お姉さんはやっぱり淫乱なスケベ痴女,DFDA-110 社内の巨乳お姉さんはやっぱり淫乱なスケベ痴女,DFDA-110,,2013-12-06,242分鐘,,デジタルアーク,digitalark（デジタルアーク）,,蕩婦、OL、合集、4小時以上作品、巨乳、DMM獨家,夏川ゆうき、真木あずさ、本真ゆり、松金めぐみ、大島あいる、桃咲まなみ、桜庭ハル、北川瞳、仁科百華、中森玲子,https://www.javbus.com/DFDA-110,
DFDA-114 EROTIC GALS 2 8hours,DFDA-114 EROTIC GALS 2 8hours,DFDA-114,,2013-12-06,483分鐘,,デジタルアーク,digitalark（デジタルアーク）,EROTICGALS,蕩婦、合集、4小時以上作品、巨乳、DMM獨家、女生,Hinano、鈴香音色、小峰ひなた、桐生さくら、RUMIKA、中森玲子、愛菜りな、真咲南朋（楓モモ、安藤なつ妃）、松下ゆうか（愛乃彩音、藤咲ゆうか）、村上涼子（中村りかこ、黒木菜穂）、ひなのりく,https://www.javbus.com/DFDA-114,
DFDA-109 ピュッ飛び手コキ,DFDA-109 ピュッ飛び手コキ,DFDA-109,,2013-12-06,123分鐘,,デジタルアーク,digitalark（デジタルアーク）,,蕩婦、合集、DMM獨家、女生、打手槍,川島れい、KYOKO、向坂美々、中居ちはる、国見奈々、雨宮琴音、横山みれい、中森玲子、真咲南朋（楓モモ、安藤なつ妃）、永瀬あき、須真杏里（須真杏理）,https://www.javbus.com/DFDA-109,
JUSD-524 Madonna10周年記念 巨乳美熟女100人祭り,JUSD-524 Madonna10周年記念 巨乳美熟女100人祭り,JUSD-524,,2013-12-05,478分鐘,,マドンナ,Madonna,Madonna10周年記念,成熟的女人、合集、已婚婦女、新娘、年輕妻子、數位馬賽克、巨乳、DMM獨家,片桐沙夜子、伊原詩織、星野来夢、米崎真理、一色まりな、愛乃ゆな、椎名ゆな、さとう遥希、成瀬心美（ここみ）、風間ゆみ、小早川怜子、久保麗子、白木優子、羽賀そら美、大橋ひとみ、高月和花、持田夏樹、美泉咲、原望美、牧瀬みさ、名城翠、暮町ゆうこ、青山葵、伊集院茜、大嶋しのぶ、有奈めぐみ、鈴宮理恵、日向みのり、綾瀬みなみ、さくら悠、白鳥寿美礼、黒沢那智、小川美里、石井麻奈美、大月まゆか、愛田奈々、みなせ優夏、木村真子、平和島結希、津村美那子、金崎あい、綾瀬れん、蒼乃幸恵、楢崎かほり、秋野千尋、中園貴代美、南レイ、真木今日子、辻井美穂、杉本亜美、百花エミリ、北川瞳、小出遥、荒木瞳、仁科百華、櫻井夕樹、中居ちはる、水咲カレン、伊織涼子、徠夢、西條るり、星杏奈、伊沢美春（伊沢美晴）、夏原カレン、高島恭子、小林さとみ、松すみれ、鮎川みさと、西野花梨（小柳まりん、椎名くるみ）、横山みれい、青空小夏、平山薫、有沢実紗、Hitomi（田中瞳）、遥めぐみ、長澤あずさ、佐藤みき（佐藤美紀、鈴木志帆）、中森玲子、森ななこ、あいぶらん（蜜井とわ）、鈴木さとみ、はるか悠、牧本千幸（つかもと友希）、浜崎りお（森下えりか、篠原絵梨香）、小島優花、恵けい、加山なつこ、小向杏奈（桜井麻美）、水城奈緒、青山菜々、青木りん、村上涼子（中村りかこ、黒木菜穂）、夢野まりあ、山口玲子、鏡麗子、真田春香、鈴香音色、吉澤留美,https://www.javbus.com/JUSD-524,
JFB-052 Fitch2012年全作品集,JFB-052 Fitch2012年全作品集,JFB-052,,2013-11-28,238分鐘,,Fitch,Fitch,Fitch全作品集,成熟的女人、合集、各種職業、戀乳癖、屁股、數位馬賽克、DMM獨家,椿みらい、神代みゆ、持田美琴、本真ゆり、遥めぐみ、小倉もも、柴咲ゆうり、さとう遥希、葉月奈穂（葉月菜穂）、風間ゆみ、愛原さえ、高下えりか、轟ここ、石川しずか、石黒樹里、真琴紀香、寺島志保、有馬ひかり、三枝ゆき、安藤あかね、柚木彩華、仁科百華、中居ちはる、小泉麻由、沢口みき、当真ゆき（桜井マミ）、村上涼子（中村りかこ、黒木菜穂）、青木りん、青山菜々、杏美月、細川まり、七瀬ゆい（羽田未来）、中森玲子、折原ゆかり、彩佳リリス（藤崎クロエ）、真鍋紗愛、小沢アリス、橘なお（上原海里）、大堀香奈、美波奏音,https://www.javbus.com/JFB-052,
JFB-053 魅惑のグラマラスランジェリーCollection,JFB-053 魅惑のグラマラスランジェリーCollection,JFB-053,,2013-11-28,238分鐘,,Fitch,Fitch,,蕩婦、成熟的女人、合集、數位馬賽克、巨乳、DMM獨家、內衣,有沢実紗、西野翔、Hitomi（田中瞳）、彩佳リリス（藤崎クロエ）、坂本理沙、小沢アリス、鈴香音色、結城みさ、北条美里、風間ゆみ、七瀬ゆい（羽田未来）、加山なつこ、青山菜々、柳田やよい、志村玲子、北島玲、星優乃、杏美月、翔田千里、青木りん、あずま樹、鏡麗子、酒井ちなみ（紫葵）、友田真希、君島冴子（AOI.、村上葵）、当真ゆき（桜井マミ）、黒木麻衣（花野真衣、SHIHO）、村上涼子（中村りかこ、黒木菜穂）、葉月奈穂（葉月菜穂）、広瀬奈々美（堀口奈津美）、細川まり、仁科百華、佐藤みき（佐藤美紀、鈴木志帆）、柴咲ゆうり、神代みゆ、高下えりか、石川しずか、石黒樹里、夢野怜子、堀川奈美、相内つかさ、Seiko。、中森玲子、橘ミオン（石川鈴華）、和葉みれい（藤白まき）、一戸のぞみ、浅倉彩音、松下紗世,https://www.javbus.com/JFB-053,
VNDS-2845 熟妻 どスケベオナニー20連発！！,VNDS-2845 熟妻 どスケベオナニー20連発！！,VNDS-2845,,2013-11-24,120分鐘,磯野マグロ,NEXTGROUP,ネクストイレブン,,成熟的女人、已婚婦女、自慰,宮田明奈、霧島冴子、田所松子、池田喜代子、於見悦子、高樹小百合、Risa、美山蘭子、小野里美、明星ちかげ、弓削亜弓、原佐知子、大原あけみ、成瀬京子、橘エレナ、大河内奈美、中森玲子、秋川りお（美月このみ）、坂上友香、相沢しいら,https://www.javbus.com/VNDS-2845,
DFDA-107 痴女ギャルSEX,DFDA-107 痴女ギャルSEX,DFDA-107,,2013-11-23,244分鐘,,デジタルアーク,digitalark（デジタルアーク）,痴女ギャルSEX,蕩婦、其他戀物癖、合集、巨乳、DMM獨家、女生,椿さりな、西村アキホ、RUMIKA、中森玲子、涼宮ラム、ひなのりく、佐伯奈々、真咲南朋（楓モモ、安藤なつ妃）、松下ゆうか（愛乃彩音、藤咲ゆうか）,https://www.javbus.com/DFDA-107,
CADV-430 回春性感メンズエステ 8時間50連発！！,CADV-430 回春性感メンズエステ 8時間50連発！！,CADV-430,,2013-11-12,479分鐘,,クリスタル映像,CRYSTALEX,,成熟的女人、合集、4小時以上作品、美容院、巨乳,朝比奈めい、氷月麗、佐賀美里、末永汐莉、小早川怜子、白河雪乃、峰岸志保、市川よしの、内田美奈子、細川まり、吉永りさ子、山内久美、川辺いづみ、あいかわ優衣、柚里奈、黒木唯香、大崎美佳、中森玲子、星野あかり、桐岡さつき、高嶋涼子、湯川美智子、早坂麻衣、中野梓咲、有賀智穂、風間ゆみ、北条紗雪、加納綾子、藤倉みやび、片瀬翔子、牧瀬あんな、細川みらい、大橋奈津美、西野あけみ、優花めぐみ、佐久間梢、稲森琴、白岩由莉、中川幸恵、篠原奈美、加藤ツバキ（夏樹カオル）、藤咲沙耶、奄美ユウ、青田友里、久保希、五十嵐慶子、安部千秋、愛梨沙,https://www.javbus.com/CADV-430,
BCDP-007 極上泡姫 100選 8時間デラックス,BCDP-007 極上泡姫 100選 8時間デラックス,BCDP-007,,2013-11-11,477分鐘,,BACKDROP,BACKDROP（BACKDROP）,極上○○100選デラックス,合集、妓女、乳液、4小時以上作品、巨乳、DMM獨家,後藤リサ、ayami（赤西涼、まひる）、村西まりな、内田美奈子、平松恵理香、中森玲子、酒井唯香、美原咲子、村上涼子（中村りかこ、黒木菜穂）、鏡麗子,https://www.javbus.com/BCDP-007,
MKCK-080 100cm以上限定超乳SEX,MKCK-080 100cm以上限定超乳SEX,MKCK-080,,2013-11-10,238分鐘,,E-BODY,E-BODY,,乳交、合集、戀乳癖、巨乳、DMM獨家,吉永あかね、桜木美央、滝川ソフィア、綾瀬みなみ、桜木莉愛（かじか凛）、菅野みいな、大島あいる、長澤あずさ、仁科百華、中森玲子、姫野ゆうり、沖田杏梨、上原保奈美、JULIA、西條るり、春菜はな、杏美月、西川りおん,https://www.javbus.com/MKCK-080,
JUSD-520 超お下劣ぅ～！熟女が果てるまでイッテ99人のオナニー8時間,JUSD-520 超お下劣ぅ～！熟女が果てるまでイッテ99人のオナニー8時間,JUSD-520,,2013-11-03,478分鐘,,マドンナ,Madonna,,成熟的女人、合集、已婚婦女、數位馬賽克、巨乳、DMM獨家、自慰,北川みなみ、山河ほたる、本庄瞳、鈴宮理恵、夏目優希、椎名ゆな、有奈めぐみ、長澤あずさ、水城奈緒、川上ゆう（森野雫）、西城玲華、黒木唯香、横山みれい、青空小夏、有沢実紗、Hitomi（田中瞳）、折原ゆかり、佐藤みき（佐藤美紀、鈴木志帆）、中森玲子、西條るり、伊織涼子、南野あかり、愛原さえ、上原保奈美、矢部寿恵、黒谷りょうこ、伊島香織、彩瀬りえか、真矢志穂、桐岡さつき、広瀬奈々美（堀口奈津美）、柳田やよい、夢野まりあ、牧原れい子、風間ゆみ、松本まりな、小森愛、AIKA（三浦あいか）、岩崎千鶴、笠木忍、露木陽子、中島京子、水元ゆうな、翔田千里、星野あかり、当真ゆき（桜井マミ）、青木玲、小池絵美子、紫彩乃、加山なつこ、浅井舞香、青木りん、中園貴代美、竹内紗里奈、愛乃ゆな、上原千尋、青山葵、知世奏、高樹結奈、初美沙希、伊集院茜、羽賀そら美、高下えりか、小早川怜子、筒井まりか、高橋アリサ、渡辺なつみ、七海ひさ代、白木優子、柳朋子、高月和花、三浦恵理子、神乃いずみ、藤下梨花、りんか、君野ありさ、山本美和子、雪音ありさ、小島優花、木村真子、藤沢芳恵、白河雪乃、朝霧一花、観月由奈、西尾かおり、柴咲ゆうり、川島れい、石井麻奈美、早瀬和香、吉乃ほのか、高梨あゆみ、小川美里、川嶋菜緒,https://www.javbus.com/JUSD-520,
YLW-4131 和装の艶熟女 4時間,YLW-4131 和装の艶熟女 4時間,YLW-4131,,2013-10-31,240分鐘,YOU,MellowMoon,YellowMoon,,和服・喪服、成熟的女人、舔陰,宮沢志乃、佳山智枝美、吹雪しおり、亀山和枝、吉田涼子、朝倉麗、藤森綾子、三咲恭子、坂田美影、中森玲子,https://www.javbus.com/YLW-4131,
EMAF-241 デカ乳熟女の膣に出せ！ 4時間,EMAF-241 デカ乳熟女の膣に出せ！ 4時間,EMAF-241,,2013-10-27,240分鐘,清水橋健太,フォーディメンション/エマニエル,フォーディメンション（エマニエル）,,成熟的女人、戀乳癖、中出、4小時以上作品、巨乳、DMM獨家,藤倉玲子、黒沢那智、蒼乃幸恵、沢村麻耶、中森玲子,https://www.javbus.com/EMAF-241,
EMCS-013 12名の働くおばさん 男を誘うムレて臭めの完熟マンコ 4時間,EMCS-013 12名の働くおばさん 男を誘うムレて臭めの完熟マンコ 4時間,EMCS-013,,2013-10-27,240分鐘,MAX松井,抜玉/エマニエル,抜玉/エマニエル,,成熟的女人、各種職業、已婚婦女、4小時以上作品、高畫質、巨乳、DMM獨家,沢田珠里、伊織涼子、有奈めぐみ、松下美香、結城みさ、桐岡さつき、羽月希、中森玲子、北条麻妃、川上ゆう（森野雫）、細川まり、矢部寿恵,https://www.javbus.com/EMCS-013,
JFB-051 肉体に喰い込む拘束具…身動き出来ない女がイカされまくる肉感悶絶,JFB-051 肉体に喰い込む拘束具…身動き出来ない女がイカされまくる肉感悶絶,JFB-051,,2013-10-26,238分鐘,,Fitch,Fitch,,紧缚、合集、數位馬賽克、拘束、凌辱、羞恥、DMM獨家,吉永沙織、真白希実、横山みれい、浦田みらい、和葉みれい（藤白まき）、妃悠愛（長澤杏奈、水原里香、木崎祐子）、松本亜璃沙、君島冴子（AOI.、村上葵）、鏡麗子、金子リサ、小向まな美、Seiko。、大堀香奈、桐岡さつき、仁科百華、雨宮真貴、北川瞳、さとう遥希、栗崎紗理奈、真琴紀香、凛音涼子、Hitomi（田中瞳）、山口玲子、酒井ちなみ（紫葵）、牧原れい子、青木玲、村上涼子（中村りかこ、黒木菜穂）、妃乃ひかり、葉月奈穂（葉月菜穂）、青山菜々、北条アミ、大塚咲（小野沙樹、大滝佐紀）、北島玲、広瀬奈々美（堀口奈津美）、中森玲子、関口梨乃、紗奈、愛あいり、藤崎梨々花,https://www.javbus.com/JFB-051,
MCSR-102 中出しお義母さんが教えてあげる BEST4時間 4,MCSR-102 中出しお義母さんが教えてあげる BEST4時間 4,MCSR-102,,2013-10-25,241分鐘,武新,ビッグモーカル,マスカット,中出しお義母さんが教えてあげる,合集、亂倫、中出、4小時以上作品、婆婆、高畫質,水野洋子、青山真希、伊織涼子、小出遥、杉原えり、雫パイン、横山みれい、中森玲子、北条麻妃、牧原れい子、青山ゆい、有沢りさ,https://www.javbus.com/MCSR-102,
MCSR-103R 極上美人妻 8時間BEST 第4章,MCSR-103R 極上美人妻 8時間BEST 第4章,MCSR-103R,,2013-10-25,481分鐘,武新,ビッグモーカル,マスカット,極上○○8時間BEST,合集、已婚婦女、4小時以上作品、高畫質,佐々木恋海（向井恋）、知世奏、島谷愛、すずきりりか、真木今日子、桐岡さつき、加瀬あゆむ、北条麻妃、深田梨菜（深田梨奈）、町村小夜子、立花さや、間宮ココ、福元美砂恵（仲間麗奈）、大田ゆりか、つぼみ、雫パイン、大堀香奈、橘エレナ、柳田やよい、長澤あずさ、黒木麻衣（花野真衣、SHIHO）、中森玲子、甲斐ミハル、石倉えいみ、榊なち、小出遥、本庄瞳,https://www.javbus.com/MCSR-103R,
DFDA-098 ムギュ 爆乳パイズリ4時間,DFDA-098 ムギュ 爆乳パイズリ4時間,DFDA-098,,2013-10-21,243分鐘,,デジタルアーク,デジタルアーク,,蕩婦、乳交、合集、4小時以上作品、巨乳、DMM獨家,本真ゆり、花木あのん、伊沢美春（伊沢美晴）、大島あいる、武藤クレア、前田優希、小峰ひなた、ERIKA（モカ、MOKA）、中森玲子、村上涼子（中村りかこ、黒木菜穂）,https://www.javbus.com/DFDA-098,
ARM-293 DILDO FUCK ディルドにまたがる女優たちBEST,ARM-293 DILDO FUCK ディルドにまたがる女優たちBEST,ARM-293,,2013-10-20,232分鐘,,アロマ企画,AROMA,ディルドにまたがる○○,玩具、其他戀物癖、合集、女上位、DMM獨家、自慰,美咲りん、ICHIKA、松野ゆい、中森玲子、星崎アンリ、艶堂しほり（遠藤しおり）、浜崎りお（森下えりか、篠原絵梨香）、川上ゆう（森野雫）、飯沢もも、紋舞らん、稲森ケイト、星優乃、水野美香、辻本りょう、新井エリー（晶エリー、大沢佑香）、美花ぬりぇ,https://www.javbus.com/ARM-293,
KAGS-033 働く人妻 仕事中のSEXってメチャクチャ燃える！,KAGS-033 働く人妻 仕事中のSEXってメチャクチャ燃える！,KAGS-033,,2013-10-17,120分鐘,三島六三郎,AFRO-FILM,赫夜姫映像,,OL、已婚婦女、打手槍,加納綾子、稲川なつめ、矢部寿恵、結城みさ、中森玲子、北条麻妃,https://www.javbus.com/KAGS-033,
EMRD-046 爆乳アスリート競泳水着8時間 競泳水着専門激イキ生乳パイズリ濃厚ファックいいとこ撮りスペシャル！！,EMRD-046 爆乳アスリート競泳水着8時間 競泳水着専門激イキ生乳パイズリ濃厚ファックいいとこ撮りスペシャル！！,EMRD-046,,2013-10-14,471分鐘,,エンペラー/妄想族,エンペラー（エンペラー/妄想族）,,乳交、合集、多P、巨乳、DMM獨家、學校泳裝,浅海めい、電琴子、姫咲れん、宮崎もも、小宮由梨絵、漣ゆめ、森崎杏那、美神さゆり、愛あいり、中森玲子、久保あさみ、桜みちる、深海沙織、美原咲子、長澤雪,https://www.javbus.com/EMRD-046,
KDMI-017 コスッて熟女神 BEST,KDMI-017 コスッて熟女神 BEST,KDMI-017,,2013-10-14,240分鐘,狂一,ミル,ミル,コスッて熟女神,角色扮演、成熟的女人、連褲襪、屁股、緊身衣、DMM獨家,有沢実紗、高島恭子、中森玲子、北条麻妃、澤村レイコ（高坂保奈美、高坂ますみ）,https://www.javbus.com/KDMI-017,
MBYD-172 絶頂！そしてその理由… ドラマシーンもしっかり収録！ イカされた白衣の女達8時間,MBYD-172 絶頂！そしてその理由… ドラマシーンもしっかり収録！ イカされた白衣の女達8時間,MBYD-172,,2013-10-13,480分鐘,,溜池ゴロー,溜池ゴロー,,成熟的女人、护士、合集、數位馬賽克、DMM獨家,三浦恵理子、柏木ゆり、橘エレナ、星野いずみ、白石さゆり、森ななこ、矢部寿恵、中森玲子、向井莉奈、北原夏美,https://www.javbus.com/MBYD-172,
DPH-116 非日常的悶絶コレクション 第十二集,DPH-116 非日常的悶絶コレクション 第十二集,DPH-116,,2013-10-11,254分鐘,渡辺琢斗,AVScollector’s,PHANTOM夢,非日常的悶絶遊戯,其他戀物癖、合集、連褲襪、惡作劇、主觀視角、DMM獨家,陽向さつき、荒木瞳、小林里穂、櫻井夕樹、長谷川美紅、加山なつこ、大堀香奈、中森玲子、柳田やよい、風間ゆみ,https://www.javbus.com/DPH-116,
YLW-4121 フェラチオがあまりにも下品すぎて離婚した20人のスッポン熟女 4時間,YLW-4121 フェラチオがあまりにも下品すぎて離婚した20人のスッポン熟女 4時間,YLW-4121,,2013-10-10,240分鐘,,アカデミック,YellowMoon,,成熟的女人、口交、其他戀物癖,さくら、安村玲子、片野さえこ、船木加寿子、高崎千鶴、吉乃ほのか、矢吹紫穂、小澤喜美子（小谷雅恵）、北川千尋、中森玲子、麻珠まろん、桂あき、徳田富美子、澤村レイコ（高坂保奈美、高坂ますみ）、美原咲子、桐原あずさ（伊藤あずさ）、春菜あやの、松浦ユキ、麻生まり子、五十川みどり,https://www.javbus.com/YLW-4121,
UMD-022 暴力巨大マラで突きまくられる！ 摘発！黒人レイプ犯された美女20人 黒人レイプ事件簿,UMD-022 暴力巨大マラで突きまくられる！ 摘発！黒人レイプ犯された美女20人 黒人レイプ事件簿,UMD-022,,2013-10-01,240分鐘,,グローバルメディアエンタテインメント,ULTRAMIX,総集編,成熟的女人、強姦、合集、數位馬賽克、高畫質、黑人演員,本庄瞳、霧島ゆかり、長澤あずさ、さとう遥希、小出遥、矢部寿恵、北川瞳、中森玲子、牧原れい子、紫彩乃、笠木忍、桐岡さつき、翔田千里、折原ゆかり、遥めぐみ、美原咲子、瀬奈涼、管野しずか、横山みれい、愛原さえ、北川美緒,https://www.javbus.com/UMD-022,
JUSD-510 ズポズポズッポリ！！スポーツ熟女8時間 ～ずぼると！～,JUSD-510 ズポズポズッポリ！！スポーツ熟女8時間 ～ずぼると！～,JUSD-510,,2013-09-25,480分鐘,,マドンナ,Madonna,,成熟的女人、合集、已婚婦女、數位馬賽克、凌辱、泳裝、DMM獨家,高下えりか、愛乃ゆな、竹川綾、早瀬和香、青山沙希、雪音ありさ、伊沢美春（伊沢美晴）、恵けい、中森玲子、はるか悠,https://www.javbus.com/JUSD-510,
DFDA-090 グラマラスマドンナ 8時間,DFDA-090 グラマラスマドンナ 8時間,DFDA-090,,2013-09-07,486分鐘,,デジタルアーク,digitalark（デジタルアーク）,,蕩婦、成熟的女人、其他戀物癖、合集、巨乳、DMM獨家,星野あかり、桐岡さつき、管野しずか、中森玲子、深田梨菜（深田梨奈）、広瀬奈々美（堀口奈津美）、村上涼子（中村りかこ、黒木菜穂）、鏡麗子,https://www.javbus.com/DFDA-090,
VENU-362 幻母 禁断母子スワップ総集編 2,VENU-362 幻母 禁断母子スワップ総集編 2,VENU-362,,2013-08-24,243分鐘,,VENUS,女神（ヴィーナス）,近親相姦幻母INCEST,成熟的女人、母親、合集、已婚婦女、DMM獨家,青木美空、青木りん、森ななこ、中森玲子、時越芙美江、澤村レイコ（高坂保奈美、高坂ますみ）、葉月奈穂（葉月菜穂）、村上涼子（中村りかこ、黒木菜穂）、水元ゆうな、青木玲、紫彩乃、長澤あずさ、北条麻妃,https://www.javbus.com/VENU-362,
ANHD-025 イヤラシすぎるレズビアン乱交8時間,ANHD-025 イヤラシすぎるレズビアン乱交8時間,ANHD-025,,2013-08-11,478分鐘,,アンナと花子,アンナと花子,,女同性戀、濫交、合集、舔陰、巨乳、DMM獨家,折原ゆうな、津川麻衣子、稲川なつめ、藤北彩香、小倉もも、一ノ瀬あきら、波多野結衣、里崎あかね、雨宮琴音、北条麻妃、すみれ（東尾真子）、宮崎由麻、夏川未来（小春）、高梨ひとみ、原田実紗、鮎川みさと、新堂ルミ、白川るり、酒井和、柚花杏、安田美樹、有沢実紗、白川莉紗、叶志穂、浅倉彩音、一戸のぞみ、中森玲子、桐島ひかり、南沙也香、英里奈、水嶋あずみ、つぼみ、小泉梨菜、川上ゆう（森野雫）、稲森ケイト、桃咲まなみ、瀬戸ひなた、茅ヶ崎ありす、ayami（赤西涼、まひる）、愛音ゆう、永瀬あき、天海ゆり、浜崎りお（森下えりか、篠原絵梨香）、北島玲、桐原あずさ（伊藤あずさ）、風間ゆみ、広瀬奈々美（堀口奈津美）、東野愛鈴、南つかさ、鈴木杏里、妃乃ひかり、姫野りむ、村上涼子（中村りかこ、黒木菜穂）、立花里子、桜田さくら（松井さくら）、芹澤かなえ、真田ゆかり（葵のぞみ）、友田真希、佐伯奈々、橘未稀（石川麻矢）,https://www.javbus.com/ANHD-025,
SCF-037 パイズリ天国100人8時間,SCF-037 パイズリ天国100人8時間,SCF-037,,2013-08-09,485分鐘,,マルクス兄弟,MARXBrothersco.,,乳交、戀乳癖、巨乳、DMM獨家,葵智美、小西なつみ、安堂ゆう、愛内ゆう、愛あいり、愛実（秋川ルイ）、橘なお（上原海里）、木下若菜、来栖ひなた、北川瞳、山口玲子、里中あきな、ERIKA（モカ、MOKA）、浅倉彩音、はるか悠、来栖ほのか、桃彩ぷりん、山崎まりあ、鈴香音色、長澤あずさ、浅乃ハルミ、朝倉まりあ、青山ゆい、市川亜紀、秋瀬ルミ、秋川りお（美月このみ）、風間ゆみ、翼裕香、佐伯奈々、桜庭小雪、山咲萌、中沢レナ、夏目しおん、若槻尚美、中野愛里、牧野くるみ、中村綾乃、大西ちか、小室アリス、間宮志乃、浅田ちち、黒木みらい、中森玲子、吉沢みなみ、早乙女美奈子、望月ゆみ、福山優、松金めぐみ、大澤あや乃、伊沢美春（伊沢美晴）、漣ゆめ、結城みさ、新垣紗絵、辻さき、宮崎あい、あいぶらん（蜜井とわ）、南沙也香、須真杏里（須真杏理）、さとう遥希、小倉まりも、上条めぐ（三浦芽依）、篠崎アンナ、さくら悠、新山つぐみ、大島あいる、本真ゆり、須藤早紀、EMI、ゆうき真央、藤咲沙耶、武藤クレア、仁科百華、百花エミリ、和久井もも、木咲美琴、藤内麻美、真中ちひろ、水森あおい、浜崎りお（森下えりか、篠原絵梨香）、小坂めぐる、芽衣奈（南芽衣奈）、青木りん、瀬名さくら（藤原史歩）、JULIA、加山なつこ、彩名杏子、水谷桃、志村玲子、白鳥美鈴、星川ヒカル、桃井りか、桜木莉愛（かじか凛）、小向杏奈（桜井麻美）、北原夏美、萩原めぐ、黒木麻衣（花野真衣、SHIHO）、村上涼子（中村りかこ、黒木菜穂）、増田ゆり子、妃乃ひかり、阿部菜津子（福山洋子、織原寧々）,https://www.javbus.com/SCF-037,
MBYD-166 姦欲を掻き立てる極上ボディな女たちの性交8時間,MBYD-166 姦欲を掻き立てる極上ボディな女たちの性交8時間,MBYD-166,,2013-08-08,478分鐘,,溜池ゴロー,溜池ゴロー,,合集、巨乳、DMM獨家,本真ゆり、藤沢芳恵、山本美和子、椎名ゆな、小出遥、佐々木恋海（向井恋）、JULIA、浜崎りお（森下えりか、篠原絵梨香）、愛咲れいら（原千尋）、風間ゆみ、一ノ瀬ルカ、音無かおり、有沢実紗、長澤あずさ、中森玲子、夢野まりあ、星野あかり、芦名未帆（稲森しほり）、葉月奈穂（葉月菜穂）、江波りゅう（RYU)、青山菜々、佐山愛、森ななこ、小早川怜子,https://www.javbus.com/MBYD-166,
MIBD-749 特濃ザーメンすんごい舌上発射400連発8時間,MIBD-749 特濃ザーメンすんごい舌上発射400連発8時間,MIBD-749,,2013-08-08,478分鐘,,ムーディーズ,MOODYZBest,特濃ザーメンすんごい舌上発射,蕩婦、口交、合集、顏射、DMM獨家,河合こころ、亜梨、大橋未久、春原未来、西尾かおり、まりか、ありさ（中野ありさ）、すみれ（東尾真子）、大堀香奈、つぼみ、大沢美加（廣田まりこ）、緋咲アンナ、佐倉カオリ、谷村早苗、遥結愛、更田まき、雫パイン、友田彩也香、白石美咲、美咲恋、花村沙知、黒木いちか（東条かれん）、みづなれい（みずなれい）、中森玲子、くるみひな、小坂めぐる、芦名未帆（稲森しほり）、星野あかり、Maika（MEW）、鈴木きあら（美空あいり）、彩城ゆりな,https://www.javbus.com/MIBD-749,
DFDA-083 ぽちゃどるビキニ,DFDA-083 ぽちゃどるビキニ,DFDA-083,,2013-08-03,127分鐘,,デジタルアーク,digitalark（デジタルアーク）,,蕩婦、胖女人、合集、巨乳、DMM獨家,橘なお（上原海里）、青木りん、鈴香音色、中森玲子、葉月奈穂（葉月菜穂）,https://www.javbus.com/DFDA-083,
DFDA-085 ドスケベお姉さんに犯されイカされまくる8時間,DFDA-085 ドスケベお姉さんに犯されイカされまくる8時間,DFDA-085,,2013-08-03,481分鐘,,デジタルアーク,digitalark（デジタルアーク）,,蕩婦、合集、巨乳、DMM獨家、打手槍,星野あかり、小出遥、瀬名あゆむ（広瀬藍子）、桐生さくら、管野しずか、中森玲子、星優乃、松下ゆうか（愛乃彩音、藤咲ゆうか）,https://www.javbus.com/DFDA-085,
JUSD-501 発射直後のチ○ポをむさぼる美熟女お掃除フェラ8時間SP,JUSD-501 発射直後のチ○ポをむさぼる美熟女お掃除フェラ8時間SP,JUSD-501,,2013-08-02,478分鐘,,マドンナ,Madonna,発射直後のチ○ポをむさぼる美熟女お掃除フェラ,成熟的女人、口交、合集、已婚婦女、數位馬賽克、顏射、DMM獨家,七海ひさ代、冴島かおり、麻生ゆう、神崎久美、柳朋子、水星有貴、椎名ゆな、さとう遥希、川上ゆう（森野雫）、風間ゆみ、片瀬翔子、伊織涼子、北川エリカ、伊沢美春（伊沢美晴）、周防ゆきこ、阿利希キリア（阿利希カレラ）、藤咲葵（愛川香織）、美原咲子、横山みれい、北条麻妃、有沢実紗、美河さき、中居ちはる、沖ひとみ、南レイ、木村真子、白河雪乃、綾瀬れん、西尾かおり、佐々木恋海（向井恋）、中園貴代美、上原保奈美、矢部寿恵、折原ゆかり、黒木いちか（東条かれん）、愛咲れいら（原千尋）、西野翔、青山優花、紫彩乃、水元ゆうな、中島京子、貝満ひとみ、露木陽子、牧原れい子、AIKA（三浦あいか）、星野あかり、恵けい、中森玲子、澤村レイコ（高坂保奈美、高坂ますみ）、浅井舞香、遥めぐみ、青山菜々、江波りゅう（RYU)、翔田千里、青木りん、芦名未帆（稲森しほり）、岩崎千鶴、鏡麗子、山本美和子、大橋かおり、神山智咲、高月和花、三浦恵理子、七瀬あさ美、天野小雪、神乃いずみ、崎田なな、藤下梨花、森井智恵、志戸まなみ、松嶋友里恵、芹川菜々、冬月みどり、星野来夢、一色まりな、りんか、筒井まりか、高下えりか、春原未来、青木美空、夏目優希、綾瀬みなみ、波木薫、山河ほたる、蜜美あい、佐伯みずほ、青山葵、北川美緒、青山沙希、伊集院茜、知世奏、石黒樹里、汝鳥すみか、大嶋しのぶ、小早川怜子、愛乃ゆな、美泉咲、杉崎杏梨、上原千尋、暮町ゆうこ,https://www.javbus.com/JUSD-501,
JFB-045 上から目線で男を弄ぶ肉感美女,JFB-045 上から目線で男を弄ぶ肉感美女,JFB-045,,2013-07-27,238分鐘,,Fitch,Fitch,,蕩婦、合集、各種職業、戀乳癖、屁股、數位馬賽克、DMM獨家,柚木彩華、伊吹稟、橘慶子、西野翔、坂本理沙、小川あさ美、仁科百華、北条美里、中森玲子、村上涼子（中村りかこ、黒木菜穂）、伊島香織、高下えりか、石黒樹里、細川まり、春風えみ、加山なつこ、鏡麗子、酒井ちなみ（紫葵）、沢口みき、風間ゆみ、葉月奈穂（葉月菜穂）、青木りん、杏美月、芦沢彩乃、藤崎梨々花,https://www.javbus.com/JFB-045,
BIJ-035 熟女ブルセラ 総集編,BIJ-035 熟女ブルセラ 総集編,BIJ-035,,2013-07-22,268分鐘,高円寺☆ゴロー,虎堂,淫熟,熟女ブルセラ,角色扮演、成熟的女人、其他戀物癖、合集、4小時以上作品,結城みさ、中森玲子、村上涼子（中村りかこ、黒木菜穂）、川上ゆう（森野雫）、風間ゆみ,https://www.javbus.com/BIJ-035,
FABS-015 昭和 戦後日本 哀切のポルノドラマ/異国の大地 日本婦人のポルノドラマ,FABS-015 昭和 戦後日本 哀切のポルノドラマ/異国の大地 日本婦人のポルノドラマ,FABS-015,,2013-07-22,353分鐘,ヘンリー塚本,FAプロ・プラチナ,FAプレミアム,昭和,成熟的女人、母親、已婚婦女、戲劇、DMM獨家,重田加代子、菜月綾（水来亜矢）、風見京子、大沢萌、石田ゆりあ、加賀雅、望月加奈（松沢真理）、里中亜矢子、林由美香、山本さき、佐々木巴、若菜あゆみ、美里流季、中森玲子、高島湊、なつみ、雪平あい、橘裕子、夏海エリカ、浅井千尋、瀬名涼子、秋川りお（美月このみ）、青山みなみ、早乙女みなき（朝倉なほ）,https://www.javbus.com/FABS-015,
CADV-407 抱きごこちの良いムチムチ熟女50人8時間,CADV-407 抱きごこちの良いムチムチ熟女50人8時間,CADV-407,,2013-07-21,483分鐘,,クリスタル映像,CRYSTALEX,,成熟的女人、合集、4小時以上作品、巨乳,滝沢すみれ、中森玲子、山口玲子、村上涼子（中村りかこ、黒木菜穂）、風間ゆみ,https://www.javbus.com/CADV-407,
VAGU-048 人妻淫語中出しソープ 総集編 8時間,VAGU-048 人妻淫語中出しソープ 総集編 8時間,VAGU-048,,2013-07-15,486分鐘,,VENUS,ヴィーナス（VENUS）,人妻淫語中出しソープ,成熟的女人、合集、妓女、淫語、已婚婦女、中出、DMM獨家,加山なつこ、浅倉彩音、中森玲子、佐藤みき（佐藤美紀、鈴木志帆）、鈴木さとみ、村上涼子（中村りかこ、黒木菜穂）,https://www.javbus.com/VAGU-048,
MIBD-741 むっちり女優×肉感ぴったり着衣4時間,MIBD-741 むっちり女優×肉感ぴったり着衣4時間,MIBD-741,,2013-07-13,238分鐘,,ムーディーズ,MOODYZBest,,胖女人、姐姐、數位馬賽克、講師、巨乳、DMM獨家、學校泳裝,尾上若葉、ももかさくら、亜梨、乃々果花、前田優希、さとう遥希、佐山愛、仁科百華、中森玲子、竹内あい,https://www.javbus.com/MIBD-741,
YLW-4068 近親相姦 息子に中出しされた15人の母 平均年齢44歳,YLW-4068 近親相姦 息子に中出しされた15人の母 平均年齢44歳,YLW-4068,,2013-07-11,240分鐘,,アカデミック,YellowMoon,,成熟的女人、母親、亂倫、中出、4小時以上作品,鈴木光代、福田和代、吉乃ほのか、滝川峰子、三井綾乃、矢吹紫穂、川村あんな、中森玲子、時越芙美江、松浦ユキ、藤ノ宮礼美、安部千秋、美原咲子、永峰朋美（安岡たまき）、岡田久美子,https://www.javbus.com/YLW-4068,
DFDA-081 DIGITAL ARK FREAK,DFDA-081 DIGITAL ARK FREAK,DFDA-081,,2013-07-05,125分鐘,,デジタルアーク,digitalark（デジタルアーク）,,其他戀物癖、介紹影片、巨乳、DMM獨家、女生,彩音心愛、梨杏（江住梨杏）、武藤クレア、鈴香音色、桜りお、泉麻那、ERIKA（モカ、MOKA）、RUMIKA、愛菜りな、鏡麗子、哀川りん、村上涼子（中村りかこ、黒木菜穂）、管野しずか、中森玲子,https://www.javbus.com/DFDA-081,
CADV-406 脅迫レイプ 8時間50連発！！,CADV-406 脅迫レイプ 8時間50連発！！,CADV-406,,2013-07-05,479分鐘,,クリスタル映像,CRYSTALEX,,強姦、合集、各種職業、4小時以上作品,若槻せな、遥花しいな、上村れな、高倉ゆきの、荒木瞳、美河さき、大沢かえで、愛あいり、橘美沙、倉木あゆみ、仲村千里、月原ももか、凛音涼子、相川志穂、白鳥美鈴、吉咲みなみ、ひなの、倉谷果歩、加納瞳、中森玲子、杉本はるか、大塚美雪、沢木京華、佐野るる、平山薫、かえでみく、森永ひよこ、奥村りょう、大原慶子、石田咲、若林美保、瑠花、小沢優羽、北条美里、平井柚葉、優木明日花、岡山やよい、間宮志乃、結城みさ、深田聖美、松雪杏奈、有沢さら、河瀬リナ、金崎あい、夏目葉子、長谷川聖那、桜みちる、能島あさ美（能美あさ美、野島あさみ）、近藤美奈,https://www.javbus.com/CADV-406,
JUSD-495 もの凄い巨尻美熟女40人の馬乗りファック8時間SP,JUSD-495 もの凄い巨尻美熟女40人の馬乗りファック8時間SP,JUSD-495,,2013-07-04,478分鐘,,マドンナ,Madonna,もの凄い巨尻美熟女,成熟的女人、合集、已婚婦女、屁股、數位馬賽克、女上位、DMM獨家,愛田奈々、南レイ、山本美和子、櫻井夕樹、柴咲ゆうり、さとう遥希、小出遥、成瀬心美（ここみ）、村上涼子（中村りかこ、黒木菜穂）、川上ゆう（森野雫）、中居ちはる、黒沢那智、鈴宮理恵、初美沙希、青山葵、暮町ゆうこ、愛乃ゆな、大嶋しのぶ、筒井まりか、藤下梨花、伊織涼子、美原咲子、横山みれい、加山なつこ、岩崎千鶴、風間ゆみ、櫻井ゆうこ、青木りん、翔田千里、遥めぐみ、浜崎りお（森下えりか、篠原絵梨香）、森ななこ、細川まり、中森玲子、佐藤みき（佐藤美紀、鈴木志帆）、浅倉彩音、折原ゆかり、Hitomi（田中瞳）、鈴香音色、白木優子,https://www.javbus.com/JUSD-495,
JUSD-496 美熟女と少年の燃え上がる年の差セックス51人8時間,JUSD-496 美熟女と少年の燃え上がる年の差セックス51人8時間,JUSD-496,,2013-07-04,478分鐘,,マドンナ,Madonna,,成熟的女人、母親、合集、已婚婦女、數位馬賽克、巨乳、DMM獨家,菊川亜美、大嶋しのぶ、汝鳥すみか、上原千尋、青山葵、暮町ゆうこ、名城翠、中森玲子、翔田千里、牧原れい子、神乃いずみ、大橋かおり、松嶋友里恵、冬木舞、渡辺なつみ、神崎久美、七海ひさ代、白木優子、藤下梨花、石黒樹里、高嶋美鈴、高樹結奈、高梨あゆみ、神山智咲、高月和花、西城玲華、山河ほたる、結城恵華、蜜美あい、富樫まり子、石井麻奈美、小島優花、藤沢芳恵、白河雪乃、中園貴代美、黒谷りょうこ、鏡麗子、杜山ゆりか、波木薫、桐岡さつき、伊織涼子、有沢実紗、折原ゆかり、貝満ひとみ、露木陽子、松本まりな、AIKA（三浦あいか）、岩崎千鶴,https://www.javbus.com/JUSD-496,
JFB-043 卑猥な肉感パンストコレクション,JFB-043 卑猥な肉感パンストコレクション,JFB-043,,2013-06-27,238分鐘,,Fitch,Fitch,,合集、連褲襪、屁股、戀腿癖、數位馬賽克、顏面騎乘、DMM獨家,水咲カレン、橘慶子、松下紗世、西野翔、橘なお（上原海里）、彩佳リリス（藤崎クロエ）、仁科百華、羽月希、横山みれい、水城奈緒、佐山愛、芦沢彩乃、松下ゆうか（愛乃彩音、藤咲ゆうか）、細川まり、中森玲子、杏美月、志村玲子、風間ゆみ、友田真希、星野あかり、村上涼子（中村りかこ、黒木菜穂）、葉月奈穂（葉月菜穂）、青木りん、佐藤みき（佐藤美紀、鈴木志帆）、酒井ちなみ（紫葵）、石川しずか、椿みらい、本真ゆり、栗崎紗理奈、柴咲ゆうり、小倉もも、柚木彩華、大堀香奈、深田梨菜（深田梨奈）、浅倉彩音、石黒樹里,https://www.javbus.com/JFB-043,
JFB-042 揺らして揉んで舐めて吸う！絶品爆乳フルコース,JFB-042 揺らして揉んで舐めて吸う！絶品爆乳フルコース,JFB-042,,2013-06-27,238分鐘,,Fitch,Fitch,,乳交、合集、戀乳癖、數位馬賽克、巨乳、DMM獨家,持田美琴、柚木彩華、希本なつ美、青山菜々、櫻井夕樹、小倉もも、中居ちはる、仁科百華、JULIA、浅倉彩音、栗崎紗理奈、大島あいる、轟ここ、石川しずか、石黒樹里、真琴紀香、寺島志保、有馬ひかり、三枝ゆき、水咲カレン、漣ゆめ、小泉麻由、沢口みき、当真ゆき（桜井マミ）、村上涼子（中村りかこ、黒木菜穂）、青木りん、遥めぐみ、七瀬ゆい（羽田未来）、中森玲子、愛あいり、Hitomi（田中瞳）、橘エレナ、彩佳リリス（藤崎クロエ）、美原咲子、高島恭子、小沢アリス、安藤あかね,https://www.javbus.com/JFB-042,
VNDS-2758 美人妻ディルドオナニー DX,VNDS-2758 美人妻ディルドオナニー DX,VNDS-2758,,2013-06-27,119分鐘,遠山銀次,NEXTGROUP,ネクストイレブン,,成熟的女人、玩具、已婚婦女、自慰,愛あいり、結城みさ、早見るり、浅倉彩音、中森玲子、艶堂しほり（遠藤しおり）、若菜あゆみ、志村玲子、川上ゆう（森野雫）、牧本千幸（つかもと友希）,https://www.javbus.com/VNDS-2758,
JUSD-491 2012年マドンナ全313タイトル12時間,JUSD-491 2012年マドンナ全313タイトル12時間,JUSD-491,,2013-06-22,718分鐘,,マドンナ,Madonna,○○年マドンナ全タイトル,成熟的女人、母親、合集、已婚婦女、數位馬賽克、DMM獨家,冬月みどり、新澤久美子、麻生まり子、庵叶和子、彩美ルリ子、天野小雪、椎名ゆな、さとう遥希、羽月希、成瀬心美（ここみ）、岩佐あゆみ、真木今日子、矢部寿恵、黒谷りょうこ、里崎あかね、中居ちはる、椎名ひかる、伊織涼子、結城みさ、北川エリカ、藤咲葵（愛川香織）、春日もも、沢村麻耶、北条麻妃、今井ひろの、有沢実紗、折原ゆかり、和久井もも、愛原さえ、大月まゆか、柴咲ゆうり、愛田奈々、南レイ、小島優花、みなせ優夏、平和島結希、藤沢芳恵、宮瀬リコ、辻井美穂、綾瀬れん、石倉えいみ、西尾かおり、秋野千尋、佐々木恋海（向井恋）、中園貴代美、黒木いちか（東条かれん）、麻生早苗、佐藤みき（佐藤美紀、鈴木志帆）、牧原れい子、加山なつこ、波多野結衣、青木玲、小池絵美子、水元ゆうな、宇佐美奈々、貝満ひとみ、志保、露木陽子、笠木忍、岩崎千鶴、鏡麗子、AIKA（三浦あいか）、沢口みき、風間ゆみ、西野翔、当真ゆき（桜井マミ）、中森玲子、澤村レイコ（高坂保奈美、高坂ますみ）、森ななこ、艶堂しほり（遠藤しおり）、あいぶらん（蜜井とわ）、川上ゆう（森野雫）、かすみりさ、浅井舞香、遥めぐみ、青山菜々、翔田千里、青木りん、芦名未帆（稲森しほり）、村上涼子（中村りかこ、黒木菜穂）、星野あかり、愛咲れいら（原千尋）、夢野まりあ、伊集院茜、竹川綾、原望美、山本美和子、松嶋友里恵、神乃いずみ、崎田なな、藤下梨花、りんか、高橋アリサ、筒井まりか、石黒樹里、持田夏樹、汝鳥すみか、大嶋しのぶ、小早川怜子、愛乃ゆな、杉崎杏梨、七瀬あさ美、吉永静子、神山智咲、芹川菜々、神崎久美、一色まりな、千紘真奈美、木原としみ、志戸まなみ、森井智恵、白木優子、東早紀、美泉咲、柳朋子、羽賀そら美、高嶋美鈴、本庄瞳、有奈めぐみ、杜山ゆりか、北川みなみ、夏目優希、綾瀬みなみ、有村さなえ、波木薫、白鳥寿美礼、山河ほたる、愛花沙也、山城みずほ、北川亜矢、結城恵華、黒沢那智、高梨あゆみ、吉乃ほのか、琴星さゆり、富樫まり子、上原千尋、名城翠、菊川亜美、暮町ゆうこ、青山葵、二宮凛、知世奏、高樹結奈、北川美緒、高下えりか、君野ありさ、青木美空、早瀬和香、青山沙希、初美沙希,https://www.javbus.com/JUSD-491,
HTZM-019 人妻倶楽部 ラビリンス全20タイトル8時間,HTZM-019 人妻倶楽部 ラビリンス全20タイトル8時間,HTZM-019,,2013-06-16,487分鐘,,ラビリンス,人妻倶楽部（ラビリンス）,,成熟的女人、合集、已婚婦女、DMM獨家,早乙女るい、黒沢那智、朝比奈れいこ、中園貴代美、晴華れい、山本美和子、さとう遥希、愛原さえ、仁科百華、柳田やよい、桐岡さつき、結城みさ、川上ゆう（森野雫）、岩崎千鶴、村上涼子（中村りかこ、黒木菜穂）、葉月奈穂（葉月菜穂）、広瀬奈々美（堀口奈津美）、中森玲子、鈴木さとみ,https://www.javbus.com/HTZM-019,
RKI-260 SS級女優 完全露出 16時間 Vol.2,RKI-260 SS級女優 完全露出 16時間 Vol.2,RKI-260,,2013-06-15,958分鐘,,ROOKIE,ROOKIE,露出16時間,野外・露出、合集、凌辱、羞恥、4小時以上作品、DMM獨家,遠藤ななみ、芦名紗希、真木こころ、里美ゆりあ、大橋未久、優希まこと、瑠川リナ、桐岡さつき、仁科百華、大堀香奈、ももかさくら、更田まき、遥結愛、白鳥寿美礼、音市美音、大月まゆか、秋野千尋、水川菜々子、愛原さえ、大石美咲、上原保奈美、菜月アンナ、椎名ゆな、JULIA、瀬奈涼、菅野さゆき、周防ゆきこ、水嶋あずみ、百花エミリ、櫻井ともか、甲斐ミハル、綾瀬るか、中森玲子、美浦秋、佐倉あやめ、七海なな、日向りのあ、神田美穂、佐山愛、常盤りん、灘坂舞、雪見紗弥、浜崎りお（森下えりか、篠原絵梨香）、竹内あい、秋月まりん、風間ゆみ、Hitomi（田中瞳）、大野梨華、星野あかり、天宮まなみ（来嶋ゆきな）、西野翔、滝沢優奈、青木玲、水元ゆうな、星ありす、蒼井そら、夕樹舞子、牧原れい子、笠木忍,https://www.javbus.com/RKI-260,
MKCK-070 完熟 総集編,MKCK-070 完熟 総集編,MKCK-070,,2013-06-09,238分鐘,,E-BODY,E-BODY,完熟（E-BODY）,成熟的女人、合集、花癡、DMM獨家,米崎真理、高橋美緒、一色まりな、愛乃ゆな、愛乃、中森玲子、村上涼子（中村りかこ、黒木菜穂）、風間ゆみ,https://www.javbus.com/MKCK-070,
ALD-627 メガチンポ生イラマ！50人,ALD-627 メガチンポ生イラマ！50人,ALD-627,,2013-06-07,242分鐘,,桃太郎映像出版,ALLIN☆ONE,,口交、深喉、凌辱、DMM獨家,山下真那、ありさ（中野ありさ）、鈴香音色、Arisu（鈴木ありす）、榊なち、佐々木恋海（向井恋）、ましろ杏、北条麻妃、村上涼子（中村りかこ、黒木菜穂）、水元ゆうな、Alice（鈴木ありす）、国見奈々、中森玲子、春風えみ、松下ゆうか（愛乃彩音、藤咲ゆうか）、優木夏、藤宮櫻花（眞雪ゆん）、新井エリー（晶エリー、大沢佑香）、辻本りょう、加藤ツバキ（夏樹カオル）、柳田やよい、花木あのん、早乙女ルイ、水野洋子、澤村レイコ（高坂保奈美、高坂ますみ）、さとう遥希、AYAKA、一色まりな、今井乃愛、有馬ひかり、愛乃ゆな、美泉咲、香坂澪、有沢りさ、甲斐ミハル、橘なお（上原海里）、椎名ゆな、持田茜（しじみ）、風間ゆみ、結城みさ、管野しずか、村西まりな、立花みずき、横山みれい、星崎アンリ、橘エレナ、小西友梨,https://www.javbus.com/ALD-627,
JUSD-489 美熟女40人の暴れる爆乳セックス8時間,JUSD-489 美熟女40人の暴れる爆乳セックス8時間,JUSD-489,,2013-06-06,478分鐘,,マドンナ,Madonna,美熟女○人の○○爆乳セックス8時間,成熟的女人、合集、戀乳癖、數位馬賽克、女上位、巨乳、DMM獨家,黒沢那智、小早川怜子、白鳥寿美礼、木村真子、小島優花、南レイ、大月まゆか、水咲カレン、森ななこ、仁科百華、佐藤みき（佐藤美紀、鈴木志帆）、折原ゆかり、有沢実紗、西野花梨（小柳まりん、椎名くるみ）、真木今日子、稲森琴、中森玲子、加山なつこ、沢口みき、夢野まりあ、村上涼子（中村りかこ、黒木菜穂）、青木りん、青山菜々、浜崎りお（森下えりか、篠原絵梨香）、中園貴代美、秋野千尋、綾瀬れん、持田夏樹、暮町ゆうこ、青山葵、高樹結奈、伊集院茜、早瀬和香、有奈めぐみ、綾瀬みなみ、みなせ優夏、辻井美穂、金崎あい、藤下梨花,https://www.javbus.com/JUSD-489,
JFB-040 え！こんな所で？こんな格好で？辱められて悶え恥らう肉感美女！,JFB-040 え！こんな所で？こんな格好で？辱められて悶え恥らう肉感美女！,JFB-040,,2013-05-30,478分鐘,,Fitch,Fitch,,合集、各種職業、屁股、數位馬賽克、羞恥、巨乳、DMM獨家,柚木彩華、杉本亜美、櫻井夕樹、小倉もも、柴咲ゆうり、さとう遥希、北川瞳、仁科百華、羽月希、成瀬心美（ここみ）、本真ゆり、椿みらい、石川しずか、石黒樹里、寺島志保、有馬ひかり、星野来夢、安藤あかね、美波奏音、中居ちはる、大堀香奈、水咲カレン、山口玲子、小泉麻由、村上涼子（中村りかこ、黒木菜穂）、葉月奈穂（葉月菜穂）、青木りん、遥めぐみ、杏美月、佐山愛、七瀬ゆい（羽田未来）、中森玲子、愛あいり、佐藤みき（佐藤美紀、鈴木志帆）、折原ゆかり、Hitomi（田中瞳）、漣ゆめ、桜咲ひな,https://www.javbus.com/JFB-040,
JFB-041 オイルとローションまみれの肉感BODYが濡れて滑って気持ち良～いSEX,JFB-041 オイルとローションまみれの肉感BODYが濡れて滑って気持ち良～いSEX,JFB-041,,2013-05-30,478分鐘,,Fitch,Fitch,,成熟的女人、合集、各種職業、戀乳癖、數位馬賽克、乳液、DMM獨家,神代みゆ、轟ここ、本真ゆり、希本なつ美、西野翔、青木りん、柴咲ゆうり、栗崎紗理奈、仁科百華、風間ゆみ、小倉もも、柚木彩華、石川しずか、石黒樹里、真琴紀香、桜咲ひな、藤崎梨々花、美波奏音、安藤あかね、星野来夢、三枝ゆき、有馬ひかり、寺島志保、中居ちはる、漣ゆめ、森山杏菜（森山杏奈）、七瀬ゆい（羽田未来）、杏美月、波風きら、遥めぐみ、葉月奈穂（葉月菜穂）、村上涼子（中村りかこ、黒木菜穂）、沢口みき、酒井ちなみ（紫葵）、中森玲子、愛あいり、小沢アリス、高島恭子、北条美里、鈴香音色、坂本理沙、藤木静子、浅倉彩音、佐藤みき（佐藤美紀、鈴木志帆）、加山なつこ,https://www.javbus.com/JFB-041,
AVSP-003 渡辺琢斗大図鑑 8時間 Premium Best,AVSP-003 渡辺琢斗大図鑑 8時間 Premium Best,AVSP-003,,2013-05-20,480分鐘,渡辺琢斗,AVScollector’s,AVS,渡辺琢斗大図鑑,其他戀物癖、合集、連褲襪、主觀視角、DMM獨家,朝比奈瑠依、春樹レイ、中森玲子、川瀬さやか、ひなのりく、艶堂しほり（遠藤しおり）、北条麻妃、綾女、松下ゆうか（愛乃彩音、藤咲ゆうか）、村上涼子（中村りかこ、黒木菜穂）、梨杏（江住梨杏）、結城みさ、真咲南朋（楓モモ、安藤なつ妃）、加藤なお、あいぶらん（蜜井とわ）、七瀬ゆい（羽田未来）、川上ゆう（森野雫）、水嶋あずみ、森ななこ、星野かすみ、間宮志乃、羽月希、流川純、浜崎りお（森下えりか、篠原絵梨香）、細川まり、浅井舞香、秋月彩乃、佐伯奈々、秋本由香里、樋口冴子（桐島千沙）、青山亜里沙、志村玲子、星優乃、澤よし乃、黒木麻衣（花野真衣、SHIHO）、風間ゆみ、北島玲、三咲エリナ、高倉梨奈、葉月奈穂（葉月菜穂）、大石もえ、桜沢まひる、若宮莉那、つゆの優,https://www.javbus.com/AVSP-003,
MIBD-726 セリフ付きごっくん4時間,MIBD-726 セリフ付きごっくん4時間,MIBD-726,,2013-05-11,238分鐘,,ムーディーズ,MOODYZBest,,蕩婦、口交、合集、淫語、數位馬賽克、巨乳、DMM獨家、吞精,大橋未久、春原未来、西尾かおり、すみれ（東尾真子）、谷村早苗、若葉くるみ、羽月希、大堀香奈、佐倉カオリ、つぼみ、ありさ（中野ありさ）、河合こころ、大沢美加（廣田まりこ）、雫パイン、Maika（MEW）、星野あかり、芦名未帆（稲森しほり）、小坂めぐる、中森玲子、亜梨、美咲恋、碧しの（篠めぐみ）、遥結愛,https://www.javbus.com/MIBD-726,
MBYD-160 男どもに犯され続ける人妻たち8時間,MBYD-160 男どもに犯され続ける人妻たち8時間,MBYD-160,,2013-05-11,478分鐘,,溜池ゴロー,溜池ゴロー,,成熟的女人、合集、已婚婦女、數位馬賽克、凌辱、巨乳、DMM獨家,本真ゆり、青山葵、音無かおり、さおり（沙織）、有沢実紗、椎名ゆな、JULIA、中森玲子、澤村レイコ（高坂保奈美、高坂ますみ）、愛咲れいら（原千尋）、森ななこ、川上ゆう（森野雫）、翔田千里、葉月奈穂（葉月菜穂）、芦名未帆（稲森しほり）、青木玲、夢野まりあ、松本まりな、笠木忍、上原千尋,https://www.javbus.com/MBYD-160,
YLW-4067 ドスケベ美人妻たちのセンズリ鑑賞 勃起チンポを欲しがる美妻たち,YLW-4067 ドスケベ美人妻たちのセンズリ鑑賞 勃起チンポを欲しがる美妻たち,YLW-4067,,2013-05-10,119分鐘,三島六三郎,MellowMoon,YellowMoon,,成熟的女人、其他戀物癖、已婚婦女,水樹あやか、筒井まりか、有奈めぐみ、波多野結衣、結城みさ、中森玲子、細川まり、加藤ツバキ（夏樹カオル）,https://www.javbus.com/YLW-4067,
CHDJV-007 実録 痴漢電車 狙われた16人の女たち COLLECTION 8時間,CHDJV-007 実録 痴漢電車 狙われた16人の女たち COLLECTION 8時間,CHDJV-007,,2013-05-10,479分鐘,,グラフィティジャパン,フェアエスト,実録痴漢電車,合集、性騷擾、4小時以上作品、手指插入、高畫質,楠木遥、神田きょう子、伊吹りさ、雨宮亜矢、青葉千鶴、福元美砂恵（仲間麗奈）、松すみれ、杉原えり、川上ゆう（森野雫）、よしい美希（伊沢涼子、吉井美希）、滝沢唯、芹沢恋、中森玲子、艶堂しほり（遠藤しおり）、岡崎エリナ、村上涼子（中村りかこ、黒木菜穂）,https://www.javbus.com/CHDJV-007,
MLW-3026 素人巨乳妻中出し,MLW-3026 素人巨乳妻中出し,MLW-3026,,2013-05-10,131分鐘,,MellowMoon,MellowMoon,,業餘、已婚婦女、通姦、中出、巨乳,乙川ミキ、中森玲子、中村綾乃、明星ちかげ、藤宮櫻花（眞雪ゆん）,https://www.javbus.com/MLW-3026,
ALD-626 発射3分前からの絶頂！！！NON STOP美熟女中出し50人,ALD-626 発射3分前からの絶頂！！！NON STOP美熟女中出し50人,ALD-626,,2013-05-04,244分鐘,,桃太郎映像出版,ALLIN☆ONE,発射3分前からの絶頂！！！,成熟的女人、已婚婦女、寡婦、中出、DMM獨家,春風えみ、加山なつこ、佐々木恋海（向井恋）、北条麻妃、澤村レイコ（高坂保奈美、高坂ますみ）、松浦ユキ、加藤ツバキ（夏樹カオル）、松下ゆうか（愛乃彩音、藤咲ゆうか）、芦名未帆（稲森しほり）、川上ゆう（森野雫）、七瀬みれい、辻本りょう、水野洋子、長澤リカ、風間ゆみ、村上涼子（中村りかこ、黒木菜穂）、森下さやか、中森玲子、優木夏、紫彩乃、nao.（小池ひとみ）、水元ゆうな、甘衣かおり、佐々木涼、藤宮櫻花（眞雪ゆん）、よしい美希（伊沢涼子、吉井美希）、立花みずき、榊なち、愛乃ゆな、国見奈々、藤咲沙耶、有沢りさ、美山蘭子、結城みさ、早坂麻衣、管野しずか、彩佳リリス（藤崎クロエ）、佐伯春菜、星野あかり、香坂澪、椎名ゆな、水沢真樹、春樹レイ、深田梨菜（深田梨奈）、桐島冴子、浅倉彩音、佐藤みき（佐藤美紀、鈴木志帆）、安西カルラ、横山みれい,https://www.javbus.com/ALD-626,
MIBD-723 堕ちるまでのドラマも完全収録！人妻寝取られレイプBEST,MIBD-723 堕ちるまでのドラマも完全収録！人妻寝取られレイプBEST,MIBD-723,,2013-05-01,478分鐘,,ムーディーズ,MOODYZBest,,強姦、合集、已婚婦女、數位馬賽克、凌辱、4小時以上作品、出軌、戲劇、DMM獨家,菅野さゆき、里美ゆりあ、仁科百華、JULIA、羽月希、中森玲子、浅田ちち、澤村レイコ（高坂保奈美、高坂ますみ）、水元ゆうな、風間ゆみ,https://www.javbus.com/MIBD-723,
MIBD-720 超高画質100本フェラ抜き8時間,MIBD-720 超高画質100本フェラ抜き8時間,MIBD-720,,2013-05-01,478分鐘,,ムーディーズ,MOODYZBest,,口交、合集、數位馬賽克、4小時以上作品、顏射、DMM獨家、吞精,木村つな、亜梨、葵ちひろ、里美ゆりあ、大橋未久、JULIA、羽月希、中森玲子、つぼみ、水元ゆうな,https://www.javbus.com/MIBD-720,
EMBZ-033 今宵、美人妻を凌辱したい… 熟女塾・ザ・レイプ・ベストセレクション！熟れた女体は鬼畜共に犯されまくり、肉奴隷へと堕ちていく。,EMBZ-033 今宵、美人妻を凌辱したい… 熟女塾・ザ・レイプ・ベストセレクション！熟れた女体は鬼畜共に犯されまくり、肉奴隷へと堕ちていく。,EMBZ-033,,2013-04-26,239分鐘,熟島竜平,熟女塾/エマニエル,熟女塾,,成熟的女人、強姦、已婚婦女、凌辱、中出、DMM獨家,東條美由紀、浅井舞香、朝霧一花、大河内奈美、甲斐ミハル、中森玲子,https://www.javbus.com/EMBZ-033,
JFB-038 肉厚巨尻美女のワガママ馬乗りSEX8時間,JFB-038 肉厚巨尻美女のワガママ馬乗りSEX8時間,JFB-038,,2013-04-25,478分鐘,,Fitch,Fitch,,蕩婦、合集、屁股、數位馬賽克、女上位、巨乳、DMM獨家,折原ゆかり、青木りん、小川あさ美、仁科百華、中森玲子、葉月奈穂（葉月菜穂）、細川まり、村上涼子（中村りかこ、黒木菜穂）、沢口みき、風間ゆみ、石川しずか、本真ゆり、柴咲ゆうり、柚木彩華、橘なお（上原海里）、森山杏菜（森山杏奈）、石黒樹里、三枝ゆき、坂本理沙、鈴香音色、西野翔、北条美里,https://www.javbus.com/JFB-038,
JUSD-481 美熟女の物凄く下品なフェラ 花ビラ50回転8時間,JUSD-481 美熟女の物凄く下品なフェラ 花ビラ50回転8時間,JUSD-481,,2013-04-20,478分鐘,,マドンナ,Madonna,,蕩婦、成熟的女人、口交、合集、已婚婦女、數位馬賽克、4小時以上作品、DMM獨家,真田春香、浅井舞香、さとう遥希、澤村レイコ（高坂保奈美、高坂ますみ）、柳田やよい、浜崎りお（森下えりか、篠原絵梨香）、樋口冴子（桐島千沙）、翔田千里、村上涼子（中村りかこ、黒木菜穂）、川上ゆう（森野雫）、長谷川美紅、水元ゆうな、鏡麗子、岩崎千鶴、貝満ひとみ、北条麻妃、牧原れい子、中森玲子、一色まりな、西野翔、森ななこ、星野あかり、山口玲子、有沢実紗、風間ゆみ、佐藤みき（佐藤美紀、鈴木志帆）、横山みれい、柳朋子、七瀬あさ美、天野小雪、愛乃ゆな、暮町ゆうこ、青山葵、北川美緒、高下えりか、青木美空、高嶋美鈴、夏目優希、白木優子、平和島結希、愛原さえ、伊島香織、音和礼子、優木明日花、桐岡さつき、伊織涼子、結城みさ、阿利希キリア（阿利希カレラ）、岩佐あゆみ,https://www.javbus.com/JUSD-481,
SBCI-016 底なしの欲求 ハメ狂いの欲しがり妻 3時間,SBCI-016 底なしの欲求 ハメ狂いの欲しがり妻 3時間,SBCI-016,,2013-04-12,204分鐘,ながえ,サイドビー,CINEMA（シネマ）,底なしの欲求,和服・喪服、已婚婦女、巨乳,真山奈々、水沢真樹、結城みさ、愛海一夏（秋乃ひとみ）、中森玲子、吉岡奈々子、川上ゆう（森野雫）,https://www.javbus.com/SBCI-016,
SCF-022 キモメンに犯される33人の美女 8時間,SCF-022 キモメンに犯される33人の美女 8時間,SCF-022,,2013-04-08,478分鐘,,マルクス兄弟,MARXBrothersco.,,強姦、多P、凌辱、中出、DMM獨家,北原夏美、水城奈緒、村上里沙、伊藤青葉、小日向しおり、北島玲、加藤ツバキ（夏樹カオル）、浜崎りお（森下えりか、篠原絵梨香）、新井エリー（晶エリー、大沢佑香）、風間ゆみ、早川瀬里奈、妃乃ひかり、村上涼子（中村りかこ、黒木菜穂）、黒木麻衣（花野真衣、SHIHO）、佐伯奈々、ERIKA（モカ、MOKA）、川上ゆう（森野雫）、宇佐美なな、今村美穂、大沢美加（廣田まりこ）、雫パイン、碧しの（篠めぐみ）、北条麻妃、須真杏里（須真杏理）、吉沢みなみ、中森玲子、浅田ちち、広瀬奈々美（堀口奈津美）、平山こずえ,https://www.javbus.com/SCF-022,
MBYD-157 下着をつけたままで貪る人妻のヤラしい性交8時間,MBYD-157 下着をつけたままで貪る人妻のヤラしい性交8時間,MBYD-157,,2013-04-07,478分鐘,,溜池ゴロー,溜池ゴロー,,合集、已婚婦女、數位馬賽克、DMM獨家,かすみりさ、星野あかり、森ななこ、中森玲子、艶堂しほり（遠藤しおり）、佐藤みき（佐藤美紀、鈴木志帆）、北条麻妃、澤村レイコ（高坂保奈美、高坂ますみ）、広瀬奈々美（堀口奈津美）、川上ゆう（森野雫）、倉木さゆり、山見ゆな、川嶋菜緒、西尾かおり、宮瀬リコ、長谷枝里香、島谷愛、音無かおり、石田れいな、雨宮真貴、香坂めぐ、桐岡さつき、横山みれい、白川ゆり、新尾きり子、早見るり、華山美玲、立花みずき、森山杏菜（森山杏奈）、黒木麻衣（花野真衣、SHIHO）、村上涼子（中村りかこ、黒木菜穂）、芦名未帆（稲森しほり）、桜みちる、有沢実紗、夢野まりあ、河合律子、光月涼子、杉山あゆみ、内田桃子（藤原多恵）、真白希実、橘エレナ、四季彩乃、吉岡奈々子、風間ゆみ、翔田千里、水城奈緒、大塚咲（小野沙樹、大滝佐紀）、柳田やよい、樋口冴子（桐島千沙）,https://www.javbus.com/MBYD-157,
MKCK-066 イク寸前から発射までの快楽ピストン60連発,MKCK-066 イク寸前から発射までの快楽ピストン60連発,MKCK-066,,2013-04-07,238分鐘,,E-BODY,E-BODY,,其他戀物癖、合集、花癡、巨乳、DMM獨家,杏美月、雨音しおん、真田春香、長澤あずさ、さとう遥希、JULIA、香坂杏奈、澄川ロア、浜崎りお（森下えりか、篠原絵梨香）、松嶋れいな、沙藤ユリ、長谷川杏実（長谷川杏美）、松すみれ、原望美、蒼井まなみ、桜木莉愛（かじか凛）、美月優芽、たなか唯、ティア、今村なつ、星野来夢、綾瀬みなみ、米崎真理、美咲結衣、高城ゆい、乙葉真希、小沢アリス、菅野さゆき、上村あずさ、湖南みるく、すずきりりか、百花エミリ、姫野ゆうり、小鳥遊瀬那、滝川ソフィア、原沢ゆうあ、森ななこ、石黒沙良、高梨風花、川瀬愛美、矢沢もえ、中森玲子、一戸のぞみ、佳山三花、風間ゆみ、宮坂レイア、青空小夏、あいだゆき、一ノ瀬あきら、峰なゆか、鈴木さとみ、羽田夕夏、妃乃ひかり、山田マリコ、小澤マリア、綾瀬メグ、飯島夏希、うるみゆう,https://www.javbus.com/MKCK-066,
JUSD-478 またがり美熟女のイキ狂い騎乗位40人8時間,JUSD-478 またがり美熟女のイキ狂い騎乗位40人8時間,JUSD-478,,2013-04-04,478分鐘,,マドンナ,Madonna,,成熟的女人、合集、已婚婦女、屁股、數位馬賽克、女上位、DMM獨家,暮町ゆうこ、有沢実紗、折原ゆかり、麻生早苗、森ななこ、青空小夏、中森玲子、牧原れい子、風間ゆみ、夢野まりあ、あいぶらん（蜜井とわ）、遥めぐみ、青山葵、名城翠、石黒樹里、筒井まりか、柳朋子、白木優子、一色まりな、岩崎千鶴、伊集院茜、川島れい、蜜美あい、山河ほたる、高嶋美鈴、高梨あゆみ、青木美空、君野ありさ、高下えりか、愛田奈々、みなせ優夏、竹川綾、北川美緒、伊織涼子、愛澄玲花、中園貴代美、佐々木恋海（向井恋）、西尾かおり、藤沢芳恵、鏡麗子,https://www.javbus.com/JUSD-478,
BMW-021 マシュマロオッパイでぬるぬる包み込む 絶品巨乳ソープ8時間,BMW-021 マシュマロオッパイでぬるぬる包み込む 絶品巨乳ソープ8時間,BMW-021,,2013-04-01,479分鐘,,ワンズファクトリー,WANZ,,乳交、合集、妓女、巨乳、DMM獨家,桐島冴子、中森玲子、七瀬ゆい（羽田未来）、浅田ちち、葉月奈穂（葉月菜穂）、佐伯奈々、芽衣奈（南芽衣奈）、響鳴音（望月なな）、村上涼子（中村りかこ、黒木菜穂）、風間ゆみ、ERIKA（モカ、MOKA）、あいぶらん（蜜井とわ）,https://www.javbus.com/BMW-021,
VVVD-094 レズSM 逆さ吊りムチ400連発！ダブルBEST 風間ゆみ 中森玲子,VVVD-094 レズSM 逆さ吊りムチ400連発！ダブルBEST 風間ゆみ 中森玲子,VVVD-094,,2013-03-28,236分鐘,ばば★ザ★ばびぃ,ヴィ,V,レズSM逆さ吊り,成熟的女人、SM、女同性戀、合集、數位馬賽克、DMM獨家,明日菜、若林美保、中森玲子、風間ゆみ,https://www.javbus.com/VVVD-094,
JFB-037 ムッチリボディが激しく揺れる射精寸前のガン突き124連発8時間,JFB-037 ムッチリボディが激しく揺れる射精寸前のガン突き124連発8時間,JFB-037,,2013-03-28,478分鐘,,Fitch,Fitch,,合集、戀乳癖、屁股、數位馬賽克、羞恥、巨乳、DMM獨家,青山菜々、小泉麻由、青木りん、小川あさ美、さとう遥希、仁科百華、JULIA、成瀬心美（ここみ）、葉月奈穂（葉月菜穂）、村上涼子（中村りかこ、黒木菜穂）、遥めぐみ、鈴香音色、風間ゆみ、Hitomi（田中瞳）、折原ゆかり、浅倉彩音、佐藤みき（佐藤美紀、鈴木志帆）、愛あいり、中森玲子、七瀬ゆい（羽田未来）、佐山愛、水城奈緒、有馬ひかり、山口玲子、当真ゆき（桜井マミ）、美波奏音、安藤あかね、三枝ゆき、沢口みき、真田春香、寺島志保、杉本亜美、石川しずか、轟ここ、椿みらい、神代みゆ、栗崎紗理奈、希本なつ美、柴咲ゆうり、雪音ありさ、持田美琴、小倉もも、和久井もも、北川瞳、小出遥、高島恭子、真琴紀香、石黒樹里、柚木彩華、櫻井夕樹、中居ちはる、大堀香奈、水咲カレン、橘なお（上原海里）、漣ゆめ、今枝陽子、森山杏菜（森山杏奈）、小沢アリス、彩佳リリス（藤崎クロエ）,https://www.javbus.com/JFB-037,
UMD-016 黒人婦女暴行 第四巻 黒人に犯される巨乳熟女20人,UMD-016 黒人婦女暴行 第四巻 黒人に犯される巨乳熟女20人,UMD-016,,2013-03-25,240分鐘,,グローバルメディアエンタテインメント,ULTRAMIX,黒人○○暴行,成熟的女人、強姦、合集、數位馬賽克、高畫質、巨乳、黑人演員,蒼乃幸恵、大林理恵（大林リエ）、藤森綾子、櫻井夕樹、長澤あずさ、小出遥、中森玲子、望月加奈（松沢真理）、村上涼子（中村りかこ、黒木菜穂）、紫彩乃、夢野まりあ、星杏奈、有沢実紗、美原咲子、高島恭子、時越芙美江、加山なつこ、長沢小雪、はるか悠、遥めぐみ,https://www.javbus.com/UMD-016,
IENE-237 アイエナジーいやらしい人妻のオナニー作品集 22人の人妻たち,IENE-237 アイエナジーいやらしい人妻のオナニー作品集 22人の人妻たち,IENE-237,,2013-03-21,238分鐘,,アイエナジー,IENERGY！,アイエナジー作品集,合集、已婚婦女、插入異物、高畫質,井川ゆい、長谷川美紅、松すみれ、桜みちる、北原夏美、星アンジェ、浜崎りお（森下えりか、篠原絵梨香）、鮎川なお、村上涼子（中村りかこ、黒木菜穂）、川上ゆう（森野雫）、羽月希、五十嵐しのぶ、華山美玲、翔田千里、明星ちかげ、艶堂しほり（遠藤しおり）、妃乃ひかり、風間ゆみ、澤村レイコ（高坂保奈美、高坂ますみ）、大堀香奈、中森玲子、榊なち,https://www.javbus.com/IENE-237,
FABS-006 ヘンリー塚本 コレクション 熟女色情地獄,FABS-006 ヘンリー塚本 コレクション 熟女色情地獄,FABS-006,,2013-03-18,268分鐘,ヘンリー塚本,FAプロ・プラチナ,FAプレミアム,ヘンリー塚本,成熟的女人、已婚婦女、通姦、戲劇、巨乳、DMM獨家,桜井ひとみ、北園梓、若林美保、若槻尚美、中森玲子、桐原あずさ（伊藤あずさ）、望月加奈（松沢真理）、秋川りお（美月このみ）、風間ゆみ,https://www.javbus.com/FABS-006,
SCF-019 無理やり連続発射させられちゃったボク4時間スぺシャル,SCF-019 無理やり連続発射させられちゃったボク4時間スぺシャル,SCF-019,,2013-03-18,240分鐘,,マルクス兄弟,MARXBrothersco.,,蕩婦、乳交、DMM獨家、打手槍,花野心、早川瀬里奈、北原夏美、水城奈緒、葉月奈穂（葉月菜穂）、小坂めぐる、生田沙織、松浦ユキ、浜崎りお（森下えりか、篠原絵梨香）、鮎川なお、葉月紗絢、風間ゆみ、有賀知弥、一ノ瀬あきら、一戸のぞみ、石川みずき、鈴香音色、松金めぐみ、みずほゆき、望多つばさ、大澤あや乃、希咲エマ（HARUKI、加藤はる希）、広瀬奈々美（堀口奈津美）、中森玲子、樹花凜（七咲楓花）,https://www.javbus.com/SCF-019,
OBSE-005 総決算！お母さん.com 人気企画厳選ベスト 4時間,OBSE-005 総決算！お母さん.com 人気企画厳選ベスト 4時間,OBSE-005,,2013-03-15,240分鐘,,ex,お母さん.com,人気企画厳選ベスト,成熟的女人、母親、乳交、合集、亂倫、DMM獨家、打手槍,荒木瞳、宮瀬リコ、本真ゆり、翔田千里、杏美月、中森玲子、波多野結衣、蓮見梨沙、愛菜、北澤瞳、桜咲舞花,https://www.javbus.com/OBSE-005,
RKI-245 調教で堕ちた女たち16時間,RKI-245 調教で堕ちた女たち16時間,RKI-245,,2013-03-14,958分鐘,,ROOKIE,ROOKIE,,合集、性奴、凌辱、4小時以上作品、DMM獨家,倉本瞳、桜井あみ、うるみゆう、朝桐光、愛内希、樹花凜（七咲楓花）、澤村レイコ（高坂保奈美、高坂ますみ）、広瀬奈々美（堀口奈津美）、新井エリー（晶エリー、大沢佑香）、青木玲、竹内あい、ANNA、牧本千幸（つかもと友希）、峰なゆか、星野あかり、佐藤るり、Maika（MEW）、かわい果南、成宮カナ、かすみ果穂、葉月奈穂（葉月菜穂）、竹内玲奈、中川ユリ、水城奈緒、つぼみ、長谷川あゆみ、三浦亜沙妃、大塚ひな、片瀬くるみ、小川あさ美、河合こころ、平和島結希、彩音心愛、藤本リーナ、南ともか、佐々木香里奈、楓姫輝、春菜はな、白咲舞、渚ことみ、宮下リカ、大沢美加（廣田まりこ）、和葉みれい（藤白まき）、緋咲アンナ、金子きい、杏樹紗奈、希咲あや、真木こころ、優希まこと、安西優子（鈴木なつ）、横山みれい、羽月希、西野まお、真田春香、如月カレン、牧原れい子、花村沙知、成瀬心美（ここみ）、桜ここみ、秋元美由、夏川えり、希崎ジェシカ、黒木いちか（東条かれん）、月野りさ、浅乃ハルミ、速水百花、吉川えみり、長谷川美紅、水元ゆうな、吉沢明歩、持田茜（しじみ）、松島かえで、佐伯奈々、鈴木麻奈美、真白希実、星島ちさ、栗林里莉、吉沢みなみ、二宮亜季、如月薫、藤間ゆかり、めぐり（藤浦めぐ）、リナ・ディソン、橘れもん、小西那奈、原更紗、河愛杏里、相内リカ、川上ゆう（森野雫）、愛嶋リーナ、中森玲子、月見栞、並木るか（橘ひな）、七海なな、灘坂舞,https://www.javbus.com/RKI-245,
CADV-376 癒しのエステサロン 巨乳限定8時間DX,CADV-376 癒しのエステサロン 巨乳限定8時間DX,CADV-376,,2013-03-03,478分鐘,,クリスタル映像,CRYSTALEX,,女同性戀、多P、4小時以上作品、美容院、巨乳,御手洗公子、五十嵐慶子、稲森琴、安部千秋、白河雪乃、星野あかり、西野あけみ、小倉もも、内田美奈子、風間ゆみ、黒木唯香、鶴見かの香、霧島ゆかり、石黒樹里、すずきりりか、佐久間梢、優花めぐみ、氷月麗、木村真子、白鳥あやか、中森玲子、有賀智穂、高嶋涼子、藤咲沙耶、あやの琴美、朝比奈ゆい、久保希、柚里奈、川辺いづみ、北川エリカ,https://www.javbus.com/CADV-376,
JUSD-471 2012年マドンナ下半期161タイトル8時間,JUSD-471 2012年マドンナ下半期161タイトル8時間,JUSD-471,,2013-03-01,478分鐘,,マドンナ,Madonna,マドンナ○半期,成熟的女人、母親、合集、亂倫、已婚婦女、數位馬賽克、4小時以上作品、DMM獨家,松嶋友里恵、芹川菜々、神崎久美、麻生まり子、庵叶和子、白木優子、西野翔、さとう遥希、当真ゆき（桜井マミ）、AIKA（三浦あいか）、神乃いずみ、菊川亜美、暮町ゆうこ、青山葵、知世奏、初美沙希、伊集院茜、羽賀そら美、青山沙希、音無かおり、杉崎杏梨、原望美、藤下梨花、りんか、筒井まりか、石黒樹里、汝鳥すみか、大嶋しのぶ、小早川怜子、愛乃ゆな、美泉咲、北川美緒、高下えりか、みなせ優夏、綾瀬れん、西尾かおり、佐々木恋海（向井恋）、矢部寿恵、中居ちはる、羽月希、伊織涼子、岩佐あゆみ、愛田奈々、山本美和子、山河ほたる、早瀬和香、高嶋美鈴、夏目優希、綾瀬みなみ、波木薫、山城みずほ、結城みさ、北川亜矢、青木美空、天野小雪、鏡麗子、成瀬心美（ここみ）、有沢実紗、風間ゆみ、折原ゆかり、黒木いちか（東条かれん）、中森玲子、川上ゆう（森野雫）、沢口みき、浅井舞香、遥めぐみ、牧原れい子、麻生早苗、岩崎千鶴、笠木忍、加山なつこ、宇佐美奈々、貝満ひとみ、志保、露木陽子、椎名ゆな、北条麻妃、夢野まりあ、青山菜々、翔田千里、新澤久美子、一色まりな、千紘真奈美、木原としみ、志戸まなみ、森井智恵、東早紀、柳朋子、吉永静子、神山智咲、冬月みどり、芦名未帆（稲森しほり）、村上涼子（中村りかこ、黒木菜穂）、星野あかり、愛咲れいら（原千尋）、彩美ルリ子、七瀬あさ美,https://www.javbus.com/JUSD-471,
JFB-035 爆乳から美巨乳までムッチリ極上パイズリ8時間,JFB-035 爆乳から美巨乳までムッチリ極上パイズリ8時間,JFB-035,,2013-02-23,478分鐘,,Fitch,Fitch,,乳交、合集、戀乳癖、數位馬賽克、乳房、泳裝、DMM獨家,杏美月、波風きら、青山菜々、佐山愛、北川瞳、JULIA、北条アミ、水城奈緒、村上涼子（中村りかこ、黒木菜穂）、風間ゆみ、小泉ありさ、流川純、北原夏美、七瀬ゆい（羽田未来）、中森玲子、愛あいり、佐藤みき（佐藤美紀、鈴木志帆）、折原ゆかり、Hitomi（田中瞳）、片岡梨沙、青木りん、葉月奈穂（葉月菜穂）、山口玲子、美原咲子、高島恭子、小沢アリス、漣ゆめ、櫻井夕樹、仁科百華、柚木彩華、持田美琴、希本なつ美、栗崎紗理奈、本真ゆり、椿みらい、石川しずか、寺島志保、有馬ひかり、三枝ゆき、鈴香音色,https://www.javbus.com/JFB-035,
DFDA-067 ミニスカスーツの巨乳お姉さん 8時間,DFDA-067 ミニスカスーツの巨乳お姉さん 8時間,DFDA-067,,2013-02-18,482分鐘,,デジタルアーク,digitalark（デジタルアーク）,,蕩婦、OL、合集、巨乳、DMM獨家、迷你裙,青山ゆい、武藤クレア、中森玲子、村上涼子（中村りかこ、黒木菜穂）、妃乃ひかり,https://www.javbus.com/DFDA-067,
JUSD-468 25人の義母と息子の背徳交尾 総集編8時間,JUSD-468 25人の義母と息子の背徳交尾 総集編8時間,JUSD-468,,2013-02-17,478分鐘,,マドンナ,Madonna,,成熟的女人、母親、合集、已婚婦女、數位馬賽克、婆婆、DMM獨家,愛田奈々、青木りん、長澤あずさ、森ななこ、桐岡さつき、春咲あずみ、中森玲子、澤村レイコ（高坂保奈美、高坂ますみ）、浜崎りお（森下えりか、篠原絵梨香）、AIKA（三浦あいか）、恵けい、黒木いちか（東条かれん）、牧原れい子、村上涼子（中村りかこ、黒木菜穂）、星野あかり、美原咲子、新村まり子、優木明日花、吉乃ほのか、青木美空、高樹結奈、青山葵、暮町ゆうこ、崎田なな、岩崎千鶴,https://www.javbus.com/JUSD-468,
MIBD-702 気持ち良～く発射した直後の敏感チ●ポを綺麗にお掃除フェラ8時間,MIBD-702 気持ち良～く発射した直後の敏感チ●ポを綺麗にお掃除フェラ8時間,MIBD-702,,2013-02-13,478分鐘,,ムーディーズ,MOODYZBest,,口交、其他戀物癖、合集、數位馬賽克、4小時以上作品、DMM獨家、顏射,香月悠梨、上原結衣、里美ゆりあ、大橋未久、黒木いちか（東条かれん）、一ノ瀬ルカ、水嶋あずみ、中森玲子、芦名未帆（稲森しほり）、笠木忍,https://www.javbus.com/MIBD-702,
OBSE-004 風呂場でのSEX近親相姦集 4時間32家族,OBSE-004 風呂場でのSEX近親相姦集 4時間32家族,OBSE-004,,2013-02-11,239分鐘,,ex,お母さん.com,リアル熟女ドキュメント,成熟的女人、母親、亂倫、DMM獨家、打手槍,白鳥寿美礼、島谷愛、仁科さゆり、南レイ、希本なつ美、北園梓、石川さとこ、宮瀬リコ、桐岡さつき、細川まり、秋野泉、甲斐ミハル、星奈緒美、中森玲子、近藤由美、池田沙智子、野原もも、愛菜、葉月奈穂（葉月菜穂）、翔田千里、杏美月、岩淵香奈枝、井川ゆい、愛乃、希咲あや、雨宮真貴、木咲美琴、西城玲華、中園貴代美、前田優希、結城みさ、原望美,https://www.javbus.com/OBSE-004,
PPBD-063 厳選！爆乳騎乗位アングル4時間,PPBD-063 厳選！爆乳騎乗位アングル4時間,PPBD-063,,2013-02-10,238分鐘,,OPPAI,OPPAI,,其他戀物癖、合集、戀乳癖、女上位、巨乳、DMM獨家,知世奏、本真ゆり、鈴宮理恵、桜木莉愛（かじか凛）、SARA、新山かえで、大島あいる、JULIA、神野みつき、佐藤みき（佐藤美紀、鈴木志帆）、長谷川杏実（長谷川杏美）、ましろ杏、仁科百華、白戸もも、百花エミリ、真木今日子、木咲美琴、響まゆ、辻井美穂、持田美琴、櫻井夕樹、水咲カレン、大沢かえで、沢尻もえ、鮎川みさと、高島恭子、朋香めい、菅野さゆき、川添杏奈、橘なお（上原海里）、平山薫、かえでみく、及川はるな、みなせ優夏、南レイ、星野来夢、青山菜々、水城奈緒、杏美月、佐山愛、森ななこ、中森玲子、長澤あずさ、葵ぶるま、花美ひな、青空小夏、たなか唯、美月優芽、桃実、葉月奈穂（葉月菜穂）、大月まゆか、菅野みいな、星崎エミリ、伊東カンナ、綾瀬みなみ,https://www.javbus.com/PPBD-063,
RKI-240 ど・淫乱 ど・すけべ ど・変態 心の底からエロオーラ全開SEX16時間,RKI-240 ど・淫乱 ど・すけべ ど・変態 心の底からエロオーラ全開SEX16時間,RKI-240,,2013-02-10,958分鐘,,ROOKIE,ROOKIE,,合集、中出、DMM獨家,里美ゆりあ、山本美和子、羽月希、雪見紗弥、大塚咲（小野沙樹、大滝佐紀）、小坂めぐる、北島玲、東野愛鈴、広瀬奈々美（堀口奈津美）、川上ゆう（森野雫）、乃亜（鳥越乃亜）、愛原さえ、沖田杏梨、真木今日子、上原保奈美、百花エミリ、櫻井ともか、前田陽菜、西尾かおり、さとう遥希、姫野ゆうり、りんか、仲里紗羽、初美沙希、春原未来、朝桐光、愛内希、上原亜衣、希咲エマ（HARUKI、加藤はる希）、宇佐美なな、北川ゆり、妃悠愛（長澤杏奈、水原里香、木崎祐子）、亜希菜、愛音ゆり、RUMIKA、美原咲子、横山みれい、ましろ杏、まりか、泉麻那、村西まりな、秋月玲奈、倉木みお、美咲結衣、絵色千佳、結城みさ、和葉みれい（藤白まき）、水嶋あずみ、管野しずか、星美りか、穂花、成瀬心美（ここみ）、黒川きらら、榊なち、桜ここみ、風間ゆみ、倉科さやか、波多野結衣、一戸のぞみ、橘ゆめみ、美神さゆり、北条麻妃、立花里子、紅音ほたる（秋月杏奈）、鏡麗子、吉沢明歩、三上翔子、志保、南波杏、朝河蘭（清水優香）、星崎アンリ、中森玲子、澤村レイコ（高坂保奈美、高坂ますみ）、新井エリー（晶エリー、大沢佑香）、芦名未帆（稲森しほり）、姫野愛、松野ゆい、村上涼子（中村りかこ、黒木菜穂）、城崎めぐ、中野美奈、西真奈美（米倉夏弥）、早川瀬里奈、星野あかり、森ななこ、艶堂しほり（遠藤しおり）、水城奈緒、沢本あすか、滝沢優奈,https://www.javbus.com/RKI-240,
SCF-013 ママに癒されたい甘えん坊なボク。4時間,SCF-013 ママに癒されたい甘えん坊なボク。4時間,SCF-013,,2013-02-08,241分鐘,,マルクス兄弟,MARXBrothersco.,,母親、其他戀物癖、巨乳、打手槍,村井葉子、塚元ネネ、今井優衣、在佳亜矢、井坂綾、安堂ゆう、小坂めぐる、北島玲、浜崎りお（森下えりか、篠原絵梨香）、白坂百合、川上ゆう（森野雫）、RIRICO、風間ゆみ、吉村茜、黒崎扇菜、佐々木玲奈、水谷桃、菊原まどか、紅音ほたる（秋月杏奈）、小林芽衣（小林メイ）、小泉亜美、松下ゆうか（愛乃彩音、藤咲ゆうか）、結城みさ、桜井なみ、山口サチエ、本条直子、結月リオナ、寺島ちひろ、ゆうき真央、篠崎アンナ、中林彩、黒崎萌華、澤村レイコ（高坂保奈美、高坂ますみ）、中森玲子、高島恭子、妃悠愛（長澤杏奈、水原里香、木崎祐子）、横山みれい、椎名ゆな、牧野くるみ、紗奈、中村まなみ,https://www.javbus.com/SCF-013,
DECB-001 ドM艶女 メス犬になりたい私 BEST COLLECTION,DECB-001 ドM艶女 メス犬になりたい私 BEST COLLECTION,DECB-001,,2013-02-08,240分鐘,薄刃紫翠,AVScollector’s,AVSCollector’s,ドM艶女,紧缚、合集、性奴、凌辱,青山真希、浅見友紀、荒木瞳、宮坂レイア、横山みれい、中森玲子、藤沢未央,https://www.javbus.com/DECB-001,
QQ-036 ボイン大好きしょう太くんのHなイタズラ BESTセレクション,QQ-036 ボイン大好きしょう太くんのHなイタズラ BESTセレクション,QQ-036,,2013-02-07,240分鐘,,グローリークエスト,GLORYQUEST,しょう太くんのHなイタズラ,合集、惡作劇、4小時以上作品、正太控、巨乳,花木あのん、葵ぶるま、長澤あずさ、森ななこ、春咲あずみ、仁科百華、ましろ杏、水城奈緒、七瀬ゆい（羽田未来）、風間ゆみ、佐藤みき（佐藤美紀、鈴木志帆）、中森玲子,https://www.javbus.com/QQ-036,
MKCK-060 高画質日替わりSEX8時間,MKCK-060 高画質日替わりSEX8時間,MKCK-060,,2013-02-07,478分鐘,,E-BODY,E-BODY,高画質日替わりSEX,潮吹、花癡、乳房、4小時以上作品、高畫質、巨乳、DMM獨家,ちとせりこ、星野来夢、愛沢有紗、蒼井まなみ、ティア、桜木莉愛（かじか凛）、長澤あずさ、北川瞳、JULIA、成瀬心美（ここみ）、哀川りん、ゆうきさやか、仁科百華、水咲カレン、武藤クレア、北川エリカ、菅野さゆき、小沢アリス、ましろ杏、さとう遥希、上条めぐ（三浦芽依）、日向リサ、麻生早苗、Erina、佳山三花、中森玲子、森ななこ、かすみりさ、小早川怜子、浅乃ハルミ,https://www.javbus.com/MKCK-060,
JUSD-466 背徳スワッピングに溺れた20組8時間,JUSD-466 背徳スワッピングに溺れた20組8時間,JUSD-466,,2013-02-02,478分鐘,,マドンナ,Madonna,,成熟的女人、合集、已婚婦女、多P、數位馬賽克、羞恥、DMM獨家,愛沢りん、柴咲ゆうり、小出遥、加山なつこ、櫻井ゆうこ、中森玲子、北条麻妃、新井エリー（晶エリー、大沢佑香）、川上ゆう（森野雫）、風間ゆみ、沢村麻耶、牧原れい子、山本美和子、結城みさ、岩崎千鶴、暮町ゆうこ、黒沢那智、朝霧一花、楢崎かほり、紫彩乃,https://www.javbus.com/JUSD-466,
CADV-369 完熟マダムPREMIUM 8時間,CADV-369 完熟マダムPREMIUM 8時間,CADV-369,,2013-02-02,479分鐘,,クリスタル映像,CRYSTALEX,完熟マダムPREMIUM,成熟的女人、已婚婦女、4小時以上作品,小早川怜子、本庄瞳、折原ゆかり、星野ひとみ（星野瞳、山吹瞳）、山本美和子、中森玲子、佐藤みき（佐藤美紀、鈴木志帆）、北条麻妃、柳田やよい、白鳥美鈴、矢部寿恵、新尾きり子、名城翠、吉野艶子、有沢実紗、内田美奈子、沢村麻耶、木村真子、広瀬奈々美（堀口奈津美）、結城みさ、川上ゆう（森野雫）、艶堂しほり（遠藤しおり）、村上涼子（中村りかこ、黒木菜穂）、風間ゆみ、桐岡さつき、紫彩乃、長谷川美紅、浅倉彩音、鏡麗子、藤沢芳恵,https://www.javbus.com/CADV-369,
VNDS-2649 母親の絶頂オナニーを覗いた息子,VNDS-2649 母親の絶頂オナニーを覗いた息子,VNDS-2649,,2013-01-29,118分鐘,十三,NEXTGROUP,ネクストイレブン,,成熟的女人、母親、其他戀物癖、偷窥、自慰,成瀬京子、宮田明奈、坂本玲華、相沢しいら、弓削亜弓、於見悦子、大河内奈美、中森玲子、秋川りお（美月このみ）、坂上友香,https://www.javbus.com/VNDS-2649,
JFB-033 ムッチリBODYで男を惑わす肉感痴女36人8時間,JFB-033 ムッチリBODYで男を惑わす肉感痴女36人8時間,JFB-033,,2013-01-26,478分鐘,,Fitch,Fitch,,蕩婦、合集、屁股、數位馬賽克、4小時以上作品、顏面騎乘、巨乳、DMM獨家,森山杏菜（森山杏奈）、波風きら、愛川咲樹、西野翔、中森玲子、神崎レオナ（七瀬かすみ）、細川まり、志村玲子、翔田千里、風間ゆみ、佐藤みき（佐藤美紀、鈴木志帆）、松下紗世、坂本理沙、片岡梨沙、鈴香音色、白川莉紗、北条美里、青山菜々、小泉ありさ、伊吹稟、高島恭子、水咲カレン、柚木彩華、柴咲ゆうり、本真ゆり、石川しずか、黒木麻衣（花野真衣、SHIHO）、酒井ちなみ（紫葵）、村上涼子（中村りかこ、黒木菜穂）、葉月奈穂（葉月菜穂）、あずま樹、青木りん、加山なつこ,https://www.javbus.com/JFB-033,
YLW-4033 ママは愛ドル！息子の体を溺愛する美人妻たちの近親性愛,YLW-4033 ママは愛ドル！息子の体を溺愛する美人妻たちの近親性愛,YLW-4033,,2013-01-25,239分鐘,江川卓球,MellowMoon,YellowMoon,,成熟的女人、母親、合集、亂倫、4小時以上作品,藤原レナ、中森玲子、藤木未央、南ありさ、艶堂しほり（遠藤しおり）、北原夏美、藤咲飛鳥、愛樹るい、坂本梨沙、村上涼子（中村りかこ、黒木菜穂）,https://www.javbus.com/YLW-4033,
CO-4773 人妻中出しレイプ 4 「精液まみれの熱い陰唇」,CO-4773 人妻中出しレイプ 4 「精液まみれの熱い陰唇」,CO-4773,,2013-01-24,118分鐘,浅田直己,コロナ社,CORONASPECIAL,人妻中出しレイプ（コロナ社）,強姦、已婚婦女、中出,田沼冴子、宇喜多かすみ、新田亜季、中森玲子,https://www.javbus.com/CO-4773,
PLB-003 本能剥き出し生中出しセックス総集編II 8時間,PLB-003 本能剥き出し生中出しセックス総集編II 8時間,PLB-003,,2013-01-20,478分鐘,,ダスッ！,Platina,本能剥き出し生中出しセックス,乳交、合集、中出、巨乳、單體作品、DMM獨家,そらのゆめ、かすみりさ、大島あいる、木下若菜、前田優希、夢実あくび（夢見あくび、新田あくび、小川まどか）、双葉みか、中森玲子、水元ゆうな,https://www.javbus.com/PLB-003,
YUYU-018 S級レズビアン,YUYU-018 S級レズビアン,YUYU-018,,2013-01-14,242分鐘,,ゆり★ゆり,ゆり★ゆり,S級レズビアン,女同性戀、合集、女同接吻、DMM獨家,持田夏樹、初美沙希、椎名ゆな、長澤あずさ、中森玲子、北条麻妃、鈴木さとみ、柳田やよい、翔田千里、風間ゆみ,https://www.javbus.com/YUYU-018,
MIBD-694 男は黙って仁王立ちフェラチオ,MIBD-694 男は黙って仁王立ちフェラチオ,MIBD-694,,2013-01-13,238分鐘,,ムーディーズ,MOODYZBest,,口交、合集、數位馬賽克、性奴、深喉、DMM獨家,河合こころ、鷹宮りょう、葵ちひろ、里美ゆりあ、中森玲子、星優乃、七瀬ゆい（羽田未来）、澤村レイコ（高坂保奈美、高坂ますみ）、つぼみ、芦名未帆（稲森しほり）,https://www.javbus.com/MIBD-694,
RKI-234 プリッ尻を鷲づかみ！ お尻丸犯し 高画質で掴みたくなる16時間,RKI-234 プリッ尻を鷲づかみ！ お尻丸犯し 高画質で掴みたくなる16時間,RKI-234,,2013-01-13,958分鐘,,ROOKIE,ROOKIE,,合集、屁股、4小時以上作品、高畫質、DMM獨家,麻生めい、天海つばさ、桜木凛、小西那奈、冬月かえで、初音みのり、長澤あずさ、麻美ゆま、佐山愛、大塚咲（小野沙樹、大滝佐紀）、青山葵、美神あおい、矢吹杏、Nina、仁科百華、桐岡さつき、大堀香奈、水咲カレン、椎名ひかる、篠原杏、前田陽菜、秋吉ひな、愛乃、沙織、大島あいる、ASUKA、水川菜々子、愛原さえ、佐倉カオリ、沖田杏梨、桐谷ユリア、桜花えり、長谷川聖那、小松ひな、瑠菜（安西瑠菜、RUNA）、高城ゆい、ももかりん、松すみれ、松田早紀、源みいな、RUMIKA、麻倉憂、華山美玲、柚本紗希、木下柚花、梓ユイ、和葉みれい（藤白まき）、管野しずか、魅麗、森山杏菜（森山杏奈）、美月、泉麻那、横山みれい、夏川未来（小春）、西野翔、風間ゆみ、ひなのりく、希崎ジェシカ、黒木いちか（東条かれん）、恵けい、上原カエラ、美咲みゆ、茉莉花、紗奈、桜ここみ、栗林里莉、榊なち、鈴香音色、青山ゆい、真白希実、希内あんな、北条麻妃、浅乃ハルミ、葉山リサ、成瀬心美（ここみ）、桐原エリカ、橘ミオン（石川鈴華）、吉沢明歩、中森玲子、竹内あい、Rio（柚木ティナ）、青木りん、KAORI、小川あさ美、妃乃ひかり、吉崎直緒、かすみ果穂、黒木麻衣（花野真衣、SHIHO）、水城奈緒、如月カレン、水野美香、月見栞、細川まり、森ななこ、KYOKO、つぼみ、Maika（MEW）,https://www.javbus.com/RKI-234,
MBYD-152 なぜ彼女たちは犯されてしまったのか ドラマシーンもしっかり収録！凌辱作品傑作選！,MBYD-152 なぜ彼女たちは犯されてしまったのか ドラマシーンもしっかり収録！凌辱作品傑作選！,MBYD-152,,2013-01-11,478分鐘,,溜池ゴロー,溜池ゴロー,,成熟的女人、強姦、合集、數位馬賽克、DMM獨家,かすみりさ、遥めぐみ、長澤あずさ、森ななこ、JULIA、中森玲子、北条麻妃、広瀬奈々美（堀口奈津美）、川上ゆう（森野雫）、風間ゆみ、椎名ゆな、真白希実、青山菜々、翔田千里、松本まりな、横山みれい、春日もも、伊織涼子、岩佐あゆみ、青木美空、愛乃ゆな、星野あかり、芦名未帆（稲森しほり）、青木玲,https://www.javbus.com/MBYD-152,
MIBD-693 限界ギリギリ 露出痴女,MIBD-693 限界ギリギリ 露出痴女,MIBD-693,,2013-01-11,238分鐘,,ムーディーズ,MOODYZBest,,蕩婦、野外・露出、合集、數位馬賽克、巨乳、DMM獨家,悠希めい、双葉かな（大島里奈）、星野あかり、西野翔、里美ゆりあ、大橋未久、さとう遥希、佐山愛、中森玲子、竹内あい、大石美咲、前田優希、菜月アンナ、優希まこと、絵色千佳、菅野さゆき、周防ゆきこ、桐原エリカ,https://www.javbus.com/MIBD-693,
JUSD-460 もの凄い巨尻美熟女40人のデカ尻弾む超絶ファック8時間,JUSD-460 もの凄い巨尻美熟女40人のデカ尻弾む超絶ファック8時間,JUSD-460,,2012-12-28,478分鐘,,マドンナ,Madonna,もの凄い巨尻美熟女,成熟的女人、合集、已婚婦女、屁股、數位馬賽克、4小時以上作品、DMM獨家,一色まりな、荒木瞳、伊沢美春（伊沢美晴）、伊織涼子、青木りん、櫻井ゆうこ、樹花凜（七咲楓花）、神崎レオナ（七瀬かすみ）、山口玲子、村上涼子（中村りかこ、黒木菜穂）、森ななこ、細川まり、中森玲子、浅倉彩音、折原ゆかり、風間ゆみ、鈴香音色、北条美里、西野翔、森井智恵、美原咲子、森山杏菜（森山杏奈）、黒澤雪華、瀬戸ありさ、大堀香奈、中居ちはる、藤沢芳恵、雪音ありさ、本庄瞳、北川美緒、暮町ゆうこ、持田夏樹、石黒樹里、筒井まりか、真白希実,https://www.javbus.com/JUSD-460,
VENU-303 近親相姦 エロ尻母 総集編 4時間,VENU-303 近親相姦 エロ尻母 総集編 4時間,VENU-303,,2012-12-23,242分鐘,,VENUS,女神（ヴィーナス）,近親相姦（VENUS）,成熟的女人、合集、已婚婦女、屁股,荒木瞳、結城みさ、榊なち、中森玲子、佐藤みき（佐藤美紀、鈴木志帆）、細川まり、山口玲子、村上涼子（中村りかこ、黒木菜穂）、川上ゆう（森野雫）、風間ゆみ,https://www.javbus.com/VENU-303,
EMBZ-024 美熟痴女たちの性なる宴 ～貴方の男体を気持ちよ～く貪り尽くしてア・ゲ・ル、そして私の膣内にイッパイ射精・し・て…,EMBZ-024 美熟痴女たちの性なる宴 ～貴方の男体を気持ちよ～く貪り尽くしてア・ゲ・ル、そして私の膣内にイッパイ射精・し・て…,EMBZ-024,,2012-12-23,110分鐘,弁太郎,熟女塾/エマニエル,熟女塾,,蕩婦、成熟的女人、單體作品,東條美由紀、桐岡さつき、中森玲子,https://www.javbus.com/EMBZ-024,
IENE-205 拒めず、逃げず、声も出せない 感度良好女子 シリーズ作品集,IENE-205 拒めず、逃げず、声も出せない 感度良好女子 シリーズ作品集,IENE-205,,2012-12-22,238分鐘,,アイエナジー,IENERGY！,拒めず、逃げず、声も出せない感度良好女子,女大學生、合集、4小時以上作品,橘なお、有村千佳、長谷川しずく、上原亜衣、中森玲子、加藤彩名,https://www.javbus.com/IENE-205,
MIMK-010 母が白衣を脱ぐとき3 澤村レイコ 中森玲子 前田優希,MIMK-010 母が白衣を脱ぐとき3 澤村レイコ 中森玲子 前田優希,MIMK-010,,2012-12-22,170分鐘,K*WEST,ムーディーズ,まんきつ,母が白衣を脱ぐとき（ムーディーズ）,強姦、亂倫、數位馬賽克、高畫質、戲劇、DMM獨家、肛交,前田優希、中森玲子、澤村レイコ（高坂保奈美、高坂ますみ）,https://www.javbus.com/MIMK-010,
QQ-034 巨乳娘中出し 12人4時間,QQ-034 巨乳娘中出し 12人4時間,QQ-034,,2012-12-20,239分鐘,,グローリークエスト,GLORYQUEST,,乳交、中出、4小時以上作品、巨乳,仲村ろみひ、MARINA、綾瀬メグ、小倉ゆず、さとう遥希、春風えみ、中森玲子、佐藤みき（佐藤美紀、鈴木志帆）、七瀬ゆい（羽田未来）、大塚咲（小野沙樹、大滝佐紀）、愛あいり、愛菜りな,https://www.javbus.com/QQ-034,
DAZD-046 ダスッ！2012年激総集編決定版8時間,DAZD-046 ダスッ！2012年激総集編決定版8時間,DAZD-046,,2012-12-16,478分鐘,,ダスッ！,ダスッ！,,強姦、合集、輪姦、凌辱、中出、4小時以上作品、巨乳、DMM獨家,木村まりえ、瀬戸友里亜、かすみりさ、松本まりな、碧しの（篠めぐみ）、中森玲子、水城奈緒、乃亜（鳥越乃亜）、翔田千里、水元ゆうな、佐藤みき（佐藤美紀、鈴木志帆）、朝桐光、大島あいる、夢実あくび（夢見あくび、新田あくび、小川まどか）、希咲エマ（HARUKI、加藤はる希）、前田優希、矢吹杏、琥珀うた、橘ひなた、横山みれい、青木玲,https://www.javbus.com/DAZD-046,
OOMN-053 好評！無防備な隣の奥さん 匂いたつパンチラ胸チラ集2,OOMN-053 好評！無防備な隣の奥さん 匂いたつパンチラ胸チラ集2,OOMN-053,,2012-12-14,119分鐘,,ABC/妄想族,お母さん.com/ABC,無防備な隣の奥さん匂いたつパンチラ胸チラ集,成熟的女人、母親、其他戀物癖、合集、妄想,荒木瞳、宇喜多かすみ、仲田絵理、山崎百合子、水元えり、町村小夜子、東条美菜、小鳥遊恋（高梨恋子）、石田えりこ、松浦ユキ、矢部寿恵、石倉えいみ、藤下梨花、羽月希、加賀ゆり子、中野彩、加藤ツバキ（夏樹カオル）、中森玲子、藤森綾子、美里このみ,https://www.javbus.com/OOMN-053,
MKCK-055 E-BODY24時間 E-BODY5周年記念作品,MKCK-055 E-BODY24時間 E-BODY5周年記念作品,MKCK-055,,2012-12-09,1438分鐘,,E-BODY,E-BODY,,合集、戀乳癖、高、女上位、巨乳、DMM獨家,あざみねね、あすか光希、上条めぐ（三浦芽依）、井川美保、やまのあかね、かすみりさ、緋村由衣、あいだゆき、桜井エミリ、一戸のぞみ、石黒沙良、仲村ろみひ、小栗涼、黒木アリサ、長澤あずさ、佐田あゆみ、eco、紅城まゆ、本田ゆかり、里崎マリヤ、広瀬ゆな、高梨風花、川瀬愛美、矢沢もえ、梨々花、中森玲子、恵けい、愛沢蓮、小峰ひなた、ASUKA、Erina、真中ゆかり、甲斐ミハル、浅乃ハルミ、石原こと、北条麻妃、吉川えみり、星島ちさ、沢木樹里、伊東美姫、望月けい、亜梨、佳山三花、片岡梨沙、倖田みらい、女池さゆり、桜ここみ、南ナミ、成瀬心美（ここみ）、宮坂レイア、横峰あい、木村彩、風間ゆみ、山田マリコ、小澤マリア、綾瀬メグ、春咲あずみ、水城奈緒、竹内あい、大塚咲（小野沙樹、大滝佐紀）、飯島夏希、森ななこ、水森あおい、小川あさ美、麻生早苗、夏川葵、松嶋れいな、Ryo、黒木麻衣（花野真衣、SHIHO）、峰なゆか、羽田夕夏、櫻井ゆうこ、香坂杏奈、妃乃ひかり、浜崎りお（森下えりか、篠原絵梨香）、一ノ瀬あきら、初音みのり、うるみゆう、坂本愛海、花井メイサ、広瀬奈々美（堀口奈津美）、南沙也香、春風えみ、辻さき、並木るか（橘ひな）、あいぶらん（蜜井とわ）、ERIKA（モカ、MOKA）、真田春香、澄川ロア、高瀬みどり、横山翔子、雨音しおん、紅りんご、宝生優果（羽野理沙）、鈴木さとみ、青木莉子（桜まい、片岡さき）、二宮せりな、椎名ゆな、小鳥遊瀬那、及川はるな、みなせ優夏、小島優花、来栖ひなた、白川ゆかり、菅野みいな、陽菜、成美雪菜、辻井美穂、綾瀬れん、北川瞳、ももかさくら、佐々木はるか、百花エミリ、上原保奈美、沖田杏梨、愛原さえ、眞乃かすみ、さとう遥希、上原もね、鶴田かな、綾瀬みなみ、西山真理、愛乃ゆな、小早川怜子、桜木莉愛（かじか凛）、たなか唯、ティア、愛沢有紗、今村なつ、原望美、安達亜美、沙藤ユリ、大島あいる、北村わか、アンジェ、青山沙希、愛乃、日向リサ、知世奏、秋月めい、滝川ソフィア、美咲結衣、愛実（秋川ルイ）、徠夢、七瀬友梨亜、七葉しほり、高城ゆい、小林さとみ、立花結衣、夏海ナミ、黒澤あみ、塚本渚、乙葉真希、春菜はな、高瀬ひとみ、伊東菜々、青空小夏、沙月みちる、中野愛里、諸星セイラ（百瀬涼）、ましろ杏、宮藤レイコ、松すみれ、高島恭子、朋香めい、真矢ゆき、武藤クレア、上村あずさ、水咲カレン、湖南みるく、仁科百華、ゆうきさやか、哀川りん、すずきりりか、JULIA、椎名ひかる、若菜ちえ、瀬戸みずほ、小沢アリス、菅野さゆき、伊沢美春（伊沢美晴）、仲村美緒、北川エリカ、池田美和子、橘なお（上原海里）、長谷川杏実（長谷川杏美）、西條るり,https://www.javbus.com/MKCK-055,
MIBD-688 怒涛の肉感！極上BODYとボディコンピタコス4時間スペシャル！,MIBD-688 怒涛の肉感！極上BODYとボディコンピタコス4時間スペシャル！,MIBD-688,,2012-12-09,238分鐘,,ムーディーズ,MOODYZBest,,角色扮演、身體意識、其他戀物癖、合集、數位馬賽克、巨乳、DMM獨家,星咲ひかる、ももかさくら、三ツ星りぼん、亜梨、西野翔、Hitomi（田中瞳）、大橋未久、佐山愛、JULIA、中森玲子、葵えり、泉麻那、RUMIKA、諸星セイラ（百瀬涼）、葵ぶるま,https://www.javbus.com/MIBD-688,
MBYD-149 欲求不満を見透かされて…マッサージで感じてイカされた女達！,MBYD-149 欲求不満を見透かされて…マッサージで感じてイカされた女達！,MBYD-149,,2012-12-09,239分鐘,,溜池ゴロー,溜池ゴロー,,成熟的女人、合集、數位馬賽克、按摩、DMM獨家,杏美月、伊織涼子、JULIA、浅倉彩音、中森玲子、佐藤みき（佐藤美紀、鈴木志帆）、北条麻妃、大塚咲（小野沙樹、大滝佐紀）、村上涼子（中村りかこ、黒木菜穂）、風間ゆみ、折原ゆかり、荒木瞳,https://www.javbus.com/MBYD-149,
JUSD-453 美熟女の喉奥を犯しまくる！痛烈イラマチオ8時間,JUSD-453 美熟女の喉奥を犯しまくる！痛烈イラマチオ8時間,JUSD-453,,2012-12-06,478分鐘,,マドンナ,Madonna,,成熟的女人、合集、已婚婦女、數位馬賽克、深喉、凌辱、4小時以上作品、DMM獨家,橘エレナ、今井ひろの、黒木いちか（東条かれん）、愛花沙也、さとう遥希、愛原さえ、みづなれい（みずなれい）、柳田やよい、牧原れい子、青木玲、波多野結衣、中森玲子、遥めぐみ、芦名未帆（稲森しほり）、二宮凛、黒木麻衣（花野真衣、SHIHO）、山口玲子、西野翔、坂上友香、持田夏樹、愛乃ゆな、原望美、青山葵、森ななこ、樹花凜（七咲楓花）、新城美稀、金崎あい、北川みなみ、夏目優希、綾瀬みなみ、山城みずほ、山本美和子、岩佐あゆみ、雪音ありさ、愛田奈々、羽月希、上村れな、初美沙希、青山沙希、早瀬和香、西尾かおり、白鳥美玲、稲森琴、篠田ゆう、黒谷りょうこ、伊島香織、里崎あかね、管野しずか,https://www.javbus.com/JUSD-453,
PSSD-269 主観×淫語×熟クリエイターSP,PSSD-269 主観×淫語×熟クリエイターSP,PSSD-269,,2012-11-30,222分鐘,,アウダースジャパン,AUDAZ,主観×淫語×○○,蕩婦、成熟的女人、合集、淫語、主觀視角,波多野結衣、羽月希、瀬奈涼、中森玲子、大塚咲（小野沙樹、大滝佐紀）、松下ゆうか（愛乃彩音、藤咲ゆうか）、紫彩乃,https://www.javbus.com/PSSD-269,
AIED-022 美魔女 ひとりHセレクション 拘束強制アクメ編,AIED-022 美魔女 ひとりHセレクション 拘束強制アクメ編,AIED-022,,2012-11-30,121分鐘,,アイ映像/妄想族,アイ映像/妄想族,美魔女ひとりHセレクション,其他戀物癖、合集、拘束、DMM獨家,森ななこ、水沢真樹、桐岡さつき、北川瞳、管野しずか、中森玲子、艶堂しほり（遠藤しおり）、澤村レイコ（高坂保奈美、高坂ますみ）、川上ゆう（森野雫）,https://www.javbus.com/AIED-022,
JFB-029 肉感女優のハレンチ衣装と肉体を楽しむ8時間,JFB-029 肉感女優のハレンチ衣装と肉体を楽しむ8時間,JFB-029,,2012-11-29,478分鐘,,Fitch,Fitch,,合集、屁股、數位馬賽克、緊身衣、泳裝、巨乳、DMM獨家,希本なつ美、愛あいり、折原ゆかり、栗崎紗理奈、佐山愛、高島恭子、浅倉彩音、中森玲子、佐藤みき（佐藤美紀、鈴木志帆）、山口玲子、Hitomi（田中瞳）、坂本理沙、風間ゆみ、鈴香音色、真琴紀香、石黒樹里、石川しずか、森山杏菜（森山杏奈）、漣ゆめ、水咲カレン、中居ちはる、櫻井夕樹、仁科百華、柚木彩華、杉本亜美、柴咲ゆうり、轟ここ、北条美里,https://www.javbus.com/JFB-029,
LADS-122 猥褻レズエステ,LADS-122 猥褻レズエステ,LADS-122,,2012-11-28,125分鐘,,トップマーシャル,LADIES♀ROOM,,女同性戀、舔陰、美容院,星野あかり、水玉レモン、横山みれい、浅倉彩音、中森玲子、星優乃、大塚咲（小野沙樹、大滝佐紀）、葉月奈穂（葉月菜穂）,https://www.javbus.com/LADS-122,
MCSR-080 美熟女野獣FUCK 完全撮り下ろし 3時間,MCSR-080 美熟女野獣FUCK 完全撮り下ろし 3時間,MCSR-080,,2012-11-25,181分鐘,ながふちつよし,ビッグモーカル,マスカット,,成熟的女人、多P、高畫質、巨乳,山口翠、桐岡さつき、中森玲子、北条麻妃、町村小夜子、よしい美希（伊沢涼子、吉井美希）,https://www.javbus.com/MCSR-080,
JUSD-451 巨乳のおかあさんを激しく突いて揺れるおっぱいを楽しむ8時間,JUSD-451 巨乳のおかあさんを激しく突いて揺れるおっぱいを楽しむ8時間,JUSD-451,,2012-11-22,478分鐘,,マドンナ,Madonna,,成熟的女人、母親、合集、亂倫、數位馬賽克、4小時以上作品、巨乳、DMM獨家,伊集院茜、岩崎千鶴、青木りん、長澤あずさ、森ななこ、加山なつこ、華山美玲、中森玲子、浜崎りお（森下えりか、篠原絵梨香）、村上涼子（中村りかこ、黒木菜穂）、恵けい、風間ゆみ、夢野まりあ、藤森綾子、橘エレナ、坂上友香、持田夏樹、暮町ゆうこ、美原咲子、星杏奈、櫻井夕樹、荒木瞳、中園貴代美、津村美那子、秋野千尋、蒼乃幸恵、木村真子、石井麻奈美、高樹結奈、紫彩乃,https://www.javbus.com/JUSD-451,
NHDTA-313 激しいSEXで体温が上がり汗を吹き散らし絶頂しまくる高学歴女 ～女弁護士・女医・女秘書～,NHDTA-313 激しいSEXで体温が上がり汗を吹き散らし絶頂しまくる高学歴女 ～女弁護士・女医・女秘書～,NHDTA-313,,2012-11-18,167分鐘,ジャケン小玉,ナチュラルハイ,NATURALHIGH,激しいSEXで体温が上がり汗を吹き散らし絶頂しまくる高学歴女,企畫、女醫生、秘書,水嶋あずみ、加藤ツバキ（夏樹カオル）、中森玲子,https://www.javbus.com/NHDTA-313,
QXL-80 RUBY厳選！純和風熟女コレクション 8時間,QXL-80 RUBY厳選！純和風熟女コレクション 8時間,QXL-80,,2012-11-09,477分鐘,木村浩之,ルビー,RUBY,純和風熟女,和服・喪服、成熟的女人、合集、4小時以上作品,戸田志乃、吹雪しおり、香野良枝、大川直子、松本あきえ、吉田涼子、藤森綾子、黒沢礼子、大河内奈美、中森玲子、亀山和枝、宮坂由岐、佳山智枝美、与田明子、三咲恭子、宮沢志乃,https://www.javbus.com/QXL-80,
FAX-450 有害図書 下劣なレイプがいっぱい,FAX-450 有害図書 下劣なレイプがいっぱい,FAX-450,,2012-11-09,169分鐘,ヘンリー塚本,FAプロ・プラチナ,FAプロ,有害図書,成熟的女人、強姦、亂倫、已婚婦女、戲劇、高中女生,沙希、内藤斐奈、菜月綾（水来亜矢）、中森玲子、雪平あい、東条美菜,https://www.javbus.com/FAX-450,
MBYD-148 美熟女36人が見せる日常のエロス8時間 Vol.2,MBYD-148 美熟女36人が見せる日常のエロス8時間 Vol.2,MBYD-148,,2012-11-08,478分鐘,,溜池ゴロー,溜池ゴロー,日常のエロス8時間,成熟的女人、其他戀物癖、合集、4小時以上作品、巨乳、DMM獨家,音無かおり、藤沢芳恵、雨宮真貴、星野あかり、伊織涼子、松本まりな、JULIA、横山みれい、神崎レオナ（七瀬かすみ）、山口玲子、川上ゆう（森野雫）、森ななこ、中森玲子、紗奈、長澤あずさ、風間ゆみ、川嶋菜緒、真矢涼子、沢村麻耶、管野しずか、瀬奈涼、結城みさ、香坂めぐ、江原あけみ（美輪ちあき）、桐岡さつき、荒木瞳、優木明日花、佐々木千香、小出遥、石田れいな、笠木忍,https://www.javbus.com/MBYD-148,
MBYD-147 疼きが止まらない美女限定の絶頂本番ベスト8時間,MBYD-147 疼きが止まらない美女限定の絶頂本番ベスト8時間,MBYD-147,,2012-11-08,478分鐘,,溜池ゴロー,溜池ゴロー,,成熟的女人、合集、4小時以上作品、DMM獨家,かすみりさ、長澤あずさ、森ななこ、JULIA、紗奈、中森玲子、佐藤みき（佐藤美紀、鈴木志帆）、澤村レイコ（高坂保奈美、高坂ますみ）、広瀬奈々美（堀口奈津美）、夢野まりあ、川上ゆう（森野雫）、折原ゆかり、風間ゆみ、榊なち、北条麻妃、椎名ゆな、真白希実、橘エレナ、友田真希、笠木忍、青木玲、浜崎りお（森下えりか、篠原絵梨香）、大塚咲（小野沙樹、大滝佐紀）、水城奈緒、香坂めぐ、伊織涼子、雨宮真貴、梨果メリア、西尾かおり、柏木ゆり、岩佐あゆみ、青木美空、音無かおり、山口玲子、星野あかり、芦名未帆（稲森しほり）、葉月奈穂（葉月菜穂）、松本まりな、翔田千里、春咲あずみ、横山みれい,https://www.javbus.com/MBYD-147,
VOLD-037 エロドラマ 傑作選 4,VOLD-037 エロドラマ 傑作選 4,VOLD-037,,2012-11-03,242分鐘,ガッデム崎山,ボリューミー,VOLUMY,エロドラマ傑作選,成熟的女人、已婚婦女、舔陰、戲劇,浅井舞香、坂下麗、中森玲子、北島玲、小鳥遊恋（高梨恋子）、生田沙織、山口玲子、黒木麻衣（花野真衣、SHIHO）、望月加奈（松沢真理）、山口真理,https://www.javbus.com/VOLD-037,
OBA-003 10人の美熟女の宴 他人の肉棒に溺れる女たち 傑作集4時間,OBA-003 10人の美熟女の宴 他人の肉棒に溺れる女たち 傑作集4時間,OBA-003,,2012-10-29,239分鐘,,ソルト・ペッパー,SaltPepper,,成熟的女人、合集、4小時以上作品,本庄瞳、長谷枝里香、滝川けいこ、竹井ゆかり、福元美砂恵（仲間麗奈）、一条梨乃、南野あかり、横山みれい、中森玲子、藤沢未央,https://www.javbus.com/OBA-003_2012-10-29,
AIED-021 美魔女 ひとりHセレクション ディルド編,AIED-021 美魔女 ひとりHセレクション ディルド編,AIED-021,,2012-10-27,139分鐘,,アイ映像/妄想族,アイ映像/妄想族,美魔女ひとりHセレクション,成熟的女人、其他戀物癖、潮吹、合集、DMM獨家、自慰,森ななこ、水沢真樹、桐岡さつき、北川瞳、管野しずか、中森玲子、艶堂しほり（遠藤しおり）、葉月奈穂（葉月菜穂）、村上涼子（中村りかこ、黒木菜穂）、川上ゆう（森野雫）,https://www.javbus.com/AIED-021,
JFB-027 揉んで揺らして挟んで楽しむ肉感女優の爆乳8時間,JFB-027 揉んで揺らして挟んで楽しむ肉感女優の爆乳8時間,JFB-027,,2012-10-26,478分鐘,,Fitch,Fitch,,乳交、合集、各種職業、數位馬賽克、4小時以上作品、泳裝、巨乳、DMM獨家,杏美月、折原ゆかり、青山菜々、Hitomi（田中瞳）、青木りん、佐山愛、仁科百華、中森玲子、葉月奈穂（葉月菜穂）、山口玲子、漣ゆめ、本真ゆり、希本なつ美、杉本亜美、北川瞳、柚木彩華、櫻井夕樹、水咲カレン、JULIA、あきな,https://www.javbus.com/JFB-027,
WING-026 働く人妻 ブルーレイスペシャル版,WING-026 働く人妻 ブルーレイスペシャル版,WING-026,,2012-10-25,121分鐘,杉崎仁,ビッグモーカル,HD-WING,働く人妻（ビッグモーカル）,各種職業、已婚婦女、高畫質,中山かすみ、綾波あすか、青山ゆい、中森玲子、澤村レイコ（高坂保奈美、高坂ますみ）、小鳥遊恋（高梨恋子）,https://www.javbus.com/WING-026,
RKI-213 超ド級！！！美熟女100人盛り16時間,RKI-213 超ド級！！！美熟女100人盛り16時間,RKI-213,,2012-10-14,958分鐘,,ROOKIE,ROOKIE,,成熟的女人、合集、DMM獨家,愛田奈々、秋野千尋、伊島香織、朝乃美咲、井川ゆい、岩崎千鶴、長谷川美紅、加山なつこ、水元ゆうな、紫彩乃、翔田千里、北川みなみ、佐伯みずほ、木村真子、みなせ優夏、観月由奈、中園貴代美、当真ゆき（桜井マミ）、吉澤清美（田村みゆき）、青木美空、望月加奈（松沢真理）、星野あかり、大城真澄、黒木小夜子（秀吉小夜子）、松本まりな、葉月奈穂（葉月菜穂）、芦名未帆（稲森しほり）、村上涼子（中村りかこ、黒木菜穂）、矢部寿恵、柳田やよい、倖田李梨（倖田美梨、岩下美季）、雨宮真貴、華山美玲、桐岡さつき、春日もも、松田早紀、宮藤レイコ、蒼井リナ、美原咲子、横山みれい、水嶋あずみ、姫乃えみり、妃悠愛（長澤杏奈、水原里香、木崎祐子）、伊吹稟、高島恭子、さくらい葉菜、伊織涼子、美山蘭子、結城みさ、夏川未来（小春）、管野しずか、持田ルナ、北島玲、櫻井夕樹、JULIA、優木夏、北条美里、北条麻妃、三咲恭子、夢野まりあ、牧原れい子、有沢実紗、時越芙美江、風見京子、風間ゆみ、真白希実、橘エレナ、青木玲、小池絵美子、友田真希、小林里穂、光月夜也（林絵里）、広瀬ゆかり、折原ゆかり、浅倉彩音、竹内順子、相内リカ、滝澤クリスタル、北原夏美、芦沢彩乃、樋口冴子（桐島千沙）、浅井舞香、倉木小夜（村上美咲、樋口啓子）、愛染恭子（青山涼子）、志村玲子、川上ゆう（森野雫）、浜崎りお（森下えりか、篠原絵梨香）、佐藤みき（佐藤美紀、鈴木志帆）、中森玲子、細川まり、澤村レイコ（高坂保奈美、高坂ますみ）、森ななこ、艶堂しほり（遠藤しおり）、芹沢恋、姫野京香、広瀬奈々美（堀口奈津美）、平瀬りょう、大塚咲（小野沙樹、大滝佐紀）,https://www.javbus.com/RKI-213,
RKI-218 ROOKIE×E-BODY×kira☆kira×kawaii*4メーカー連動コラボ作品第4弾！キラカワ☆E学園 最終章 めちゃめちゃ大乱交ROOKIE編,RKI-218 ROOKIE×E-BODY×kira☆kira×kawaii*4メーカー連動コラボ作品第4弾！キラカワ☆E学園 最終章 めちゃめちゃ大乱交ROOKIE編,RKI-218,,2012-10-14,598分鐘,中目黒浩治,ROOKIE,ROOKIE,キラカワ☆E学園,濫交、女教師、美少女、學校作品、DMM獨家、女生,松下ひかり、立花樹里亜、宇佐美なな、橘なお（上原海里）、一ノ瀬ルカ、愛内希、さとう遥希、桜りお、羽月希、成瀬心美（ここみ）、泉麻那、中森玲子、紡木かよ,https://www.javbus.com/RKI-218,
ANHD-019 オンナ達のディープキス,ANHD-019 オンナ達のディープキス,ANHD-019,,2012-10-14,479分鐘,,アンナと花子,アンナと花子,,女同性戀、合集、數位馬賽克、舔陰、女同接吻、按摩棒、DMM獨家,水玉レモン、椿まひる、稲葉ゆい、初美沙希、愛内希、夢実あくび（夢見あくび、新田あくび、小川まどか）、水沢真樹、小峰ひなた、浅倉彩音、中森玲子,https://www.javbus.com/ANHD-019,
RKI-212 ROOKIEが選んだS級女優の最高に美しいピンクマンコ,RKI-212 ROOKIEが選んだS級女優の最高に美しいピンクマンコ,RKI-212,,2012-10-14,958分鐘,,ROOKIE,ROOKIE,,口交、其他戀物癖、合集、DMM獨家、局部特寫,橘なお（上原海里）、あいりみく、松野ゆい、希咲あや、松すみれ、前田陽菜、桜りお、碧しの（篠めぐみ）、麻倉憂、芦名未帆（稲森しほり）、上条めぐ（三浦芽依）、美咲恋、恵けい、愛沢蓮、亜梨、成瀬心美（ここみ）、つくし（大沢つくし）、波多野結衣、中森玲子、かすみりさ、浜崎りお（森下えりか、篠原絵梨香）、糸矢めい、大塚咲（小野沙樹、大滝佐紀）、菅野亜梨沙、黒木麻衣（花野真衣、SHIHO）、乃亜（鳥越乃亜）、立花里子、紗月結花、吉沢明歩、笠木忍、吉沢みなみ,https://www.javbus.com/RKI-212,
FAX-443 365日アレがしたい女たち,FAX-443 365日アレがしたい女たち,FAX-443,,2012-10-08,119分鐘,ヘンリー塚本,FAプロ・プラチナ,FAプロ,,成熟的女人、通姦、戲劇、巨乳,相葉なな、浅倉彩音、中森玲子,https://www.javbus.com/FAX-443,
KCPB-012 熟女大陸3P編 PREMIUM 生姦中出し 4時間 Vol 2,KCPB-012 熟女大陸3P編 PREMIUM 生姦中出し 4時間 Vol 2,KCPB-012,,2012-10-08,243分鐘,KAZU,CREAMPIE,クリームパイ,PREMIUM生姦中出し,成熟的女人、多P、凌辱、中出、巨乳,西尾礼奈、荒木瞳、美山蘭子、早見るり、中森玲子、柳田やよい、小坂めぐる,https://www.javbus.com/KCPB-012,
DFDA-063 ド淫乱痴女に勃起チ○ポ犯されてみませんか？,DFDA-063 ド淫乱痴女に勃起チ○ポ犯されてみませんか？,DFDA-063,,2012-10-05,479分鐘,,デジタルアーク,digitalark（デジタルアーク）,,蕩婦、合集、巨乳、DMM獨家、打手槍,向井ゆうき、葉月紗絢、国見奈々、倉科さやか、愛菜りな、石原あすか、真咲南朋（楓モモ、安藤なつ妃）、松下ゆうか（愛乃彩音、藤咲ゆうか）、大塚ひな、吉澤レイカ、松すみれ、七瀬ゆうり、愛音ゆう、星優乃、北崎未来、瀬名えみり、雪野ひかる、佐伯奈々、鏡麗子、中森玲子、艶堂しほり（遠藤しおり）,https://www.javbus.com/DFDA-063,
EMBW-054 三十路！四十路！五十路！48人の美魔女SPECIAL 8時間,EMBW-054 三十路！四十路！五十路！48人の美魔女SPECIAL 8時間,EMBW-054,,2012-09-29,478分鐘,,香澄企画/エマニエル,香澄企画（エマニエル）,,成熟的女人、苗條、中出、4小時以上作品、巨乳,上原千尋、藤沢芳恵、永峰朋美（安岡たまき）、高島恭子、中森玲子、美原咲子、艶堂しほり（遠藤しおり）、澤村レイコ（高坂保奈美、高坂ますみ）、桐原あずさ（伊藤あずさ）、白鳥美鈴,https://www.javbus.com/EMBW-054,
AIED-020 美魔女 ひとりHセレクション 潮電マ編,AIED-020 美魔女 ひとりHセレクション 潮電マ編,AIED-020,,2012-09-29,141分鐘,,アイ映像/妄想族,アイ映像/妄想族,美魔女ひとりHセレクション,成熟的女人、潮吹、合集、女優按摩棒、DMM獨家、自慰,森ななこ、結城みさ、桐岡さつき、北川瞳、管野しずか、中森玲子、艶堂しほり（遠藤しおり）、北条麻妃、葉月奈穂（葉月菜穂）、村上涼子（中村りかこ、黒木菜穂）,https://www.javbus.com/AIED-020,
KAGS-010 人妻極秘裏バイト 自宅で回春マッサージ,KAGS-010 人妻極秘裏バイト 自宅で回春マッサージ,KAGS-010,,2012-09-28,119分鐘,三島六三郎,AFRO-FILM,赫夜姫映像,,成熟的女人、已婚婦女、按摩、巨乳,有奈めぐみ、松下美香、結城みさ、桐岡さつき、中森玲子、細川まり,https://www.javbus.com/KAGS-010,
KAGS-009 6名の働くおばさん 男を誘うムレた完熟マンコ,KAGS-009 6名の働くおばさん 男を誘うムレた完熟マンコ,KAGS-009,,2012-09-27,119分鐘,三島六三郎,AFRO-FILM,赫夜姫映像,6名の働くおばさん,成熟的女人、各種職業、中出、自慰,有奈めぐみ、松下美香、結城みさ、桐岡さつき、中森玲子、細川まり,https://www.javbus.com/KAGS-009,
KAGS-006 美熟女6名のセンズリ鑑賞 疼いてきちゃったんですけど…,KAGS-006 美熟女6名のセンズリ鑑賞 疼いてきちゃったんですけど…,KAGS-006,,2012-09-24,120分鐘,三島六三郎,AFRO-FILM,赫夜姫映像,,成熟的女人、乳交、已婚婦女、巨乳、自慰,有奈めぐみ、松下美香、結城みさ、桐岡さつき、中森玲子、細川まり,https://www.javbus.com/KAGS-006,
JUSD-438 水着の美熟女20人8時間 濡れて輝く卑猥なボディ大集合！！,JUSD-438 水着の美熟女20人8時間 濡れて輝く卑猥なボディ大集合！！,JUSD-438,,2012-09-21,478分鐘,,マドンナ,Madonna,,成熟的女人、合集、已婚婦女、數位馬賽克、4小時以上作品、泳裝、巨乳、DMM獨家,竹川綾、雪音ありさ、愛あいり、仁科百華、JULIA、浅倉彩音、中森玲子、成瀬心美（ここみ）、葉月奈穂（葉月菜穂）、芦名未帆（稲森しほり）、愛田奈々、南レイ、相馬亜由花、秋野千尋、伊島香織、優木明日花、椎名ひかる、漣ゆめ、伊沢美春（伊沢美晴）、風間ゆみ,https://www.javbus.com/JUSD-438,
JUSD-439 2012年マドンナ上半期151タイトル8時間,JUSD-439 2012年マドンナ上半期151タイトル8時間,JUSD-439,,2012-09-21,478分鐘,,マドンナ,Madonna,マドンナ○半期,成熟的女人、母親、合集、已婚婦女、新娘、年輕妻子、數位馬賽克、4小時以上作品、DMM獨家,青山葵、暮町ゆうこ、今井ひろの、青山菜々、黒木いちか（東条かれん）、羽月希、北条麻妃、小池絵美子、牧原れい子、水元ゆうな、風間ゆみ、芦名未帆（稲森しほり）、折原ゆかり、波多野結衣、佐藤みき（佐藤美紀、鈴木志帆）、中森玲子、澤村レイコ（高坂保奈美、高坂ますみ）、森ななこ、あいぶらん（蜜井とわ）、かすみりさ、遥めぐみ、崎田なな、高下えりか、君野ありさ、竹川綾、高橋アリサ、初美沙希、高樹結奈、二宮凛、名城翠、上原千尋、愛乃ゆな、琴星さゆり、北川美緒、青山沙希、有奈めぐみ、高梨あゆみ、吉乃ほのか、早瀬和香、青木美空、青木りん、結城恵華、愛花沙也、白鳥寿美礼、有村さなえ、さおり（沙織）、藤沢芳恵、矢部寿恵、平和島結希、黒沢那智、富樫まり子、小島優花、南レイ、愛田奈々、柴咲ゆうり、大月まゆか、岩佐あゆみ、山本美和子、本庄瞳、宮瀬リコ、真木今日子、中園貴代美、秋野千尋、西尾かおり、石倉えいみ、さとう遥希、辻井美穂、青木玲、持田夏樹、愛原さえ、藤咲葵（愛川香織）、北川エリカ、結城みさ、椎名ひかる、里崎あかね、黒谷りょうこ、杜山ゆりか、北川みなみ、春日もも、和久井もも,https://www.javbus.com/JUSD-439,
UMD-004 田舎の性犯罪 四畳半のレイプ事件簿,UMD-004 田舎の性犯罪 四畳半のレイプ事件簿,UMD-004,,2012-09-19,240分鐘,あばしり一家,グローバルメディアエンタテインメント,ULTRAMIX,,成熟的女人、強姦、合集、數位馬賽克、中出、出軌,橘エレナ、瞳りん、結城みさ、桐岡さつき、内田美奈子、管野しずか、坂下陽子、増田ゆり子、翔田千里、里中亜矢子、牧原れい子、相澤かな、加藤なお、中森玲子、紫彩乃、村上涼子（中村りかこ、黒木菜穂）、西本かつの、松本さやか、美月ゆう子（長瀬優子）、瀬名涼子、風間ゆみ、青井マリ、広瀬奈々美（堀口奈津美）、妃乃ひかり、柳田やよい、星野あかり、近澤まゆみ、雪野ひかり,https://www.javbus.com/UMD-004,
ZCOL-009 巨尻桃尻究極伝説 尻フェチ交尾 怒濤の六時間 前編,ZCOL-009 巨尻桃尻究極伝説 尻フェチ交尾 怒濤の六時間 前編,ZCOL-009,,2012-09-11,396分鐘,実録出版,実録出版,実録出版,巨尻桃尻究極伝説,合集、屁股、女上位、4小時以上作品、高畫質,白河美夕、彩佳リリス（藤崎クロエ）、眞木あずさ、橘美穂、小峰ひなた、中森玲子、大塚咲（小野沙樹、大滝佐紀）、葉月奈穂（葉月菜穂）、つぼみ,https://www.javbus.com/ZCOL-009,
MKCK-049 パイズリ100連発！！,MKCK-049 パイズリ100連発！！,MKCK-049,,2012-09-09,239分鐘,,E-BODY,E-BODY,,乳交、合集、戀乳癖、巨乳、DMM獨家,あざみねね、佐田あゆみ、仲村ろみひ、橘なお（上原海里）、椎名ゆな、長澤あずさ、恵けい、佳山三花、小峰ひなた、ましろ杏、緋村由衣、井川美保、中森玲子、亜梨、片岡梨沙、女池さゆり、二宮せりな、宮坂レイア、星島ちさ、浅乃ハルミ、甲斐ミハル、Erina、伊東美姫、成瀬心美（ここみ）、南ナミ、川瀬愛美、紅りんご、初音みのり、香坂杏奈、小澤マリア、山田マリコ、木村彩、櫻井ゆうこ、羽田夕夏、峰なゆか、広瀬ゆな、鈴木さとみ、花井メイサ、本田ゆかり、紅城まゆ、石黒沙良、愛実（秋川ルイ）、南沙也香、うるみゆう、並木るか（橘ひな）、松嶋れいな、里崎マリヤ、徠夢、中野愛里、桜木莉愛（かじか凛）、及川はるな、辻井美穂、さとう遥希、眞乃かすみ、愛原さえ、北川瞳、瀬戸みずほ、若菜ちえ、哀川りん、みなせ優夏、小島優花、西山真理、北村わか、大島あいる、沙藤ユリ、綾瀬みなみ、上原もね、成美雪菜、陽菜、菅野みいな、白川ゆかり、ゆうきさやか、上条めぐ（三浦芽依）、乙葉真希、朋香めい、高島恭子、塚本渚、立花結衣、七葉しほり、七瀬友梨亜、松すみれ、小沢アリス、宝生優果（羽野理沙）、仁科百華、宮藤レイコ、湖南みるく、水咲カレン、美咲結衣、武藤クレア、椎名ひかる、JULIA、長谷川杏実（長谷川杏美）、仲村美緒、伊沢美春（伊沢美晴）、菅野さゆき、青空小夏,https://www.javbus.com/MKCK-049,
BKSP-349 近親相姦 母子スワップ作品集,BKSP-349 近親相姦 母子スワップ作品集,BKSP-349,,2012-09-09,238分鐘,,アイエナジー,BKSP,近親相姦母子スワップ,母親、合集、亂倫、4小時以上作品,華山美玲、中森玲子、桜みちる、澤村レイコ（高坂保奈美、高坂ますみ）、明星ちかげ、翔田千里、村上涼子（中村りかこ、黒木菜穂）、友田真希、風間ゆみ,https://www.javbus.com/BKSP-349,
JUSD-436 じっとり汗ばむ美熟女20人の浴衣セックス8時間,JUSD-436 じっとり汗ばむ美熟女20人の浴衣セックス8時間,JUSD-436,,2012-09-06,478分鐘,,マドンナ,Madonna,,和服・喪服、成熟的女人、合集、已婚婦女、數位馬賽克、4小時以上作品、限時降價、DMM獨家,二宮凛、君野ありさ、かすみりさ、山本美和子、岩佐あゆみ、波多野結衣、櫻井ゆうこ、浅倉彩音、中森玲子、艶堂しほり（遠藤しおり）、秋野千尋、橘ひなた、結城みさ、妃悠愛（長澤杏奈、水原里香、木崎祐子）、井川ゆい、新尾きり子、岩崎千鶴,https://www.javbus.com/JUSD-436,
JUSD-435 二本のチ○ポをお口とマ○コで味わう！！3Pファック8時間,JUSD-435 二本のチ○ポをお口とマ○コで味わう！！3Pファック8時間,JUSD-435,,2012-09-06,478分鐘,,マドンナ,Madonna,,成熟的女人、合集、已婚婦女、多P、數位馬賽克、凌辱、4小時以上作品、限時降價、DMM獨家,本庄瞳、早瀬和香、南レイ、大月まゆか、青木美空、有村さなえ、長谷川美紅、結城みさ、牧原れい子、水元ゆうな、君野ありさ、竹川綾、かすみりさ、中森玲子、風間ゆみ、小池絵美子、平和島結希、さとう遥希、朝霧一花、横山みれい、春日もも、黒木唯香、羽月希、愛澄玲花、有村千佳、香坂玲依寧、百花エミリ、藤咲沙耶、神谷さき、秋野千尋、楢崎かほり、青木玲,https://www.javbus.com/JUSD-435,
CADV-343 近親●姦 8時間50連発！！,CADV-343 近親●姦 8時間50連発！！,CADV-343,,2012-09-01,479分鐘,,クリスタル映像,CRYSTALEX,近親●姦,成熟的女人、亂倫、已婚婦女、4小時以上作品,吹雪あかね、月島アスカ、水木恵理、櫻井聖香、柳木美麗、篠宮慶子、水希千里、南野あかり、神崎レオナ（七瀬かすみ）、よしい美希（伊沢涼子、吉井美希）、小橋紗良、愛良ひより、宮川あすか、牧野遥、新山遥、岡山やよい、藤宮櫻花（眞雪ゆん）、木村朱里、加藤ツバキ（夏樹カオル）、MINA、真鍋樹里、一ノ瀬彩香、加賀雅、岡崎美女、葉月奈穂（葉月菜穂）、西野あけみ、鏡まどか、久保希、美月杏、白鳥寿美礼、深海沙織、緋村さら、中森玲子、矢口真央、倉木さゆり、星川美沙、中園貴代美、水沢結那、石野真奈美、牧野えりな、星野あかり、高杉花月、金森美奈、滝沢さゆり、橘エレナ、池田美和、かなた美緒（舞雪）、小向杏奈（桜井麻美）、蓮見麗奈,https://www.javbus.com/CADV-343,
VVVD-084 V6周年神BEST 6年分の売上人気BEST100タイトル16時間,VVVD-084 V6周年神BEST 6年分の売上人気BEST100タイトル16時間,VVVD-084,,2012-08-31,958分鐘,,ヴィ,V,6周年記念神BEST,女同性戀、合集、灌腸、數位馬賽克、凌辱、限時降價、DMM獨家,明日菜、南つかさ、艶堂しほり（遠藤しおり）、星優乃、Rico、北島玲、つぼみ、浜崎りお（森下えりか、篠原絵梨香）、新井エリー（晶エリー、大沢佑香）、大塚ひな、小峰ひなた、有沢実紗、松すみれ、管野しずか、北川エリカ、大堀香奈、浅倉彩音、早乙女ルイ、吉沢みなみ、中森玲子、鷹宮りょう、澤村レイコ（高坂保奈美、高坂ますみ）、樹花凜（七咲楓花）、愛間みるく、倉木みお、あいぶらん（蜜井とわ）、愛音ゆう、永瀬あき、小坂めぐる、笠木忍、松本まりな、風間ゆみ、佐伯奈々、青木玲、今井もも、北田優歩、真崎寧々、川上ゆう（森野雫）,https://www.javbus.com/VVVD-084,
MCSR-071 中出しお義母さんが教えてあげる 息子との情事でオンナに戻る母たち,MCSR-071 中出しお義母さんが教えてあげる 息子との情事でオンナに戻る母たち,MCSR-071,,2012-08-26,121分鐘,ながふちつよし,ビッグモーカル,マスカット,中出しお義母さんが教えてあげる,成熟的女人、亂倫、中出、婆婆、高畫質,水野洋子、杉原えり、中森玲子,https://www.javbus.com/MCSR-071,
AAJB-115 【AV30】巨尻美尻大図鑑,AAJB-115 【AV30】巨尻美尻大図鑑,AAJB-115,,2012-08-13,239分鐘,,実録出版,AV30,,其他戀物癖、69、屁股、顏面騎乘、打手槍,弘前亮子、森元あすか、黒木いちか（東条かれん）、つくし（大沢つくし）、安西優子（鈴木なつ）、小峰ひなた、RUMIKA、中森玲子、つぼみ、水澤りの、愛菜りな、松下ゆうか（愛乃彩音、藤咲ゆうか）、永瀬あき、青山さつき（吉永なつき）、ひなのりく、南沙也香、彩花ゆめ、みづなれい（みずなれい）、村上里沙、櫻井ゆうこ、麻生梨奈,https://www.javbus.com/AAJB-115,
AAJB-118 【AV30】タカラ映像 100人8時間,AAJB-118 【AV30】タカラ映像 100人8時間,AAJB-118,,2012-08-13,482分鐘,,タカラ映像,AV30,,成熟的女人、合集、已婚婦女,高嶋美鈴、朝比奈れいこ、岩下京香、峰岸洋子、伊集院茜、柏木ゆり、田辺夏美、藤沢芳恵、滝沢さゆり、村上涼子（中村りかこ、黒木菜穂）、風見志穂、田中明美、桜ちえり、藤下梨花、雪音ありさ、西野あけみ、仁科さゆり、河瀬リナ、水咲理沙、さとう遥希、朝霧一花、蒼乃幸恵、木村真子、芦屋静香、桜井里緒菜、楢崎かほり、和久井もも、津村美那子、藤咲沙耶、中園貴代美、西城玲華、赤坂みなみ、花沢真子、香川翔、梨果メリア、白石冴子、水沢えみり、愛原さえ、大川直子、黒田麻世、沢渡紗織、香坂玲依寧、北川瞳、北川千尋、南野あかり、牧田かえで、百花エミリ、板倉幸江、小出遥、雨宮真貴、須永佐和子、有村千佳、水元鈴乃、荒木瞳、仁科百華、早乙女らぶ、桐岡さつき、倉木みお、上村あずさ、羽月希、橘ひなた、岡崎花江、伊織涼子、今村美穂、香坂めぐ、結城みさ、瀬奈涼、和葉みれい（藤白まき）、しずく、井川ゆい、RUMIKA、沢村麻耶、川上ゆう（森野雫）、椎名ゆな、宮坂レイア、安藤美沙、北条麻妃、花木あのん、麻生香月、中森玲子、澤村レイコ（高坂保奈美、高坂ますみ）、広瀬奈々美（堀口奈津美）、星崎アンリ、風間ゆみ、森ななこ、真田春香、柳田やよい、水城奈緒、つぼみ、加藤ツバキ（夏樹カオル）、芦名未帆（稲森しほり）、星野あかり、岡田京子、艶堂しほり（遠藤しおり）、木下若菜,https://www.javbus.com/AAJB-118,
BBST-034 セルフ乳揉み乳舐めオナニー4時間,BBST-034 セルフ乳揉み乳舐めオナニー4時間,BBST-034,,2012-08-13,241分鐘,,ex,BoinBB,,戀乳癖、巨乳、自慰,愛あいり、里原あみ、飯浜紀香、宝生優果（羽野理沙）、逢沢なお（青山れあ）、愛実（秋川ルイ）、黒川梨花、中森玲子、並木るか（橘ひな）、浅田ちち、上原リナ、吉沢千里、天咲めい、青木りん、乙宮ゆう、佐野るる、仁科百華、JULIA、長谷川杏実（長谷川杏美）、橘なお（上原海里）、まりん、高島恭子、松金めぐみ、真鍋紗愛、森永ひよこ、徠夢、叶彩、門倉真紀、伊東このみ、倉谷果歩,https://www.javbus.com/BBST-034,
GFT-162 痴女軍団があなたの自宅へ電撃訪問！,GFT-162 痴女軍団があなたの自宅へ電撃訪問！,GFT-162,,2012-08-11,127分鐘,,GALLOP,GIFT,,蕩婦、成熟的女人、高、故事集,滝沢のぞみ、愛あいり、浅倉彩音、甲斐ミハル、中森玲子、星優乃、北条麻妃、石原あすか、川上ゆう（森野雫）、風間ゆみ、鷺沼由衣香,https://www.javbus.com/GFT-162,
AAJB-135 【AV30】MILUカタログ 狂一 VS Dopamix,AAJB-135 【AV30】MILUカタログ 狂一 VS Dopamix,AAJB-135,,2012-08-10,239分鐘,DOPAMIX,ミル,AV30,,其他戀物癖、合集、連褲襪、屁股、戀腿癖,三村紗枝、水沢真樹、横山みれい、紗奈、中森玲子、みづなれい（みずなれい）、北条麻妃、深田梨菜（深田梨奈）、鈴木さとみ、つぼみ、水嶋あずみ、瑠菜（安西瑠菜、RUNA）、常磐エレナ、遥花しいな、本田奈々美、哀川りん、仲野希、琥珀うた、中居ちはる、内田真由、佐倉カオリ、橘ひなた、芹那,https://www.javbus.com/AAJB-135,
CADV-337 人妻痴女 巨乳限定8時間,CADV-337 人妻痴女 巨乳限定8時間,CADV-337,,2012-08-10,479分鐘,,クリスタル映像,CRYSTALEX,,蕩婦、已婚婦女、4小時以上作品、巨乳,城月沙羅、相原りお、さくらい葉菜、愛沢美奈、市川涼子、横山みれい、浅倉彩音、美原咲子、桜みちる、大越はるか、若林美保、阿当真子（合沢萌）、山口玲子、佐藤みき（佐藤美紀、鈴木志帆）、若林ひかる、橘エレナ、風間ゆみ、叶彩、藤恭子、石原こと、日向ゆみ、押切あやの、星名麗、朝倉まりあ、梶原まゆ、中森玲子、橘慶子,https://www.javbus.com/CADV-337,
AAJB-104 【AV30】S級熟女決定版！！ベストオブ義母中出し 4時間,AAJB-104 【AV30】S級熟女決定版！！ベストオブ義母中出し 4時間,AAJB-104,,2012-08-10,241分鐘,,VENUS,AV30,,成熟的女人、合集、已婚婦女、中出、婆婆,椎名ゆな、長澤あずさ、波多野結衣、結城みさ、立花みずき、新尾きり子、妃悠愛（長澤杏奈、水原里香、木崎祐子）、北条麻妃、澤村レイコ（高坂保奈美、高坂ますみ）、風間ゆみ、木下若菜、桐岡さつき、羽月希、伊織涼子、矢部寿恵、佐藤みき（佐藤美紀、鈴木志帆）、川上ゆう（森野雫）、柳田やよい、翔田千里、青木りん、妃乃ひかり、青木玲、長谷川美紅、水元ゆうな、友田真希、牧原れい子、加山なつこ、広瀬奈々美（堀口奈津美）、中森玲子、さとう遥希,https://www.javbus.com/AAJB-104,
AAJB-009 【AV30】今でも見たい熟女から旬な熟女まで総まとめ！ BEST HIT美熟女,AAJB-009 【AV30】今でも見たい熟女から旬な熟女まで総まとめ！ BEST HIT美熟女,AAJB-009,,2012-08-09,479分鐘,,溜池ゴロー,AV30,BESTHIT美熟女,成熟的女人、合集、已婚婦女、4小時以上作品、DMM獨家,雨宮真貴、あづま樹、大城真澄、増尾彩、星野あかり、伊織涼子、艶堂しほり（遠藤しおり）、翔田千里、村上涼子（中村りかこ、黒木菜穂）、高倉梨奈、紫彩乃、友崎亜希、友田真希、楠真由美、風間ゆみ、松本まりな、酒井ちなみ（紫葵）、金子リサ、牧本千幸（つかもと友希）、志村玲子、瀬戸ゆうき、中森玲子、佐藤みき（佐藤美紀、鈴木志帆）、浅倉彩音、折原ゆかり、三咲恭子、北条麻妃、橘エレナ、管野しずか、澤村レイコ（高坂保奈美、高坂ますみ）、森ななこ、山本艶子、五十川みどり、浅井舞香、松浦ユキ、北原夏美、竹内順子、川上ゆう（森野雫）、姫野京香、桐岡さつき,https://www.javbus.com/AAJB-009,
AAJB-005 【AV30】AV30×Madonnaマドンナが愛した美熟女30人8時間,AAJB-005 【AV30】AV30×Madonnaマドンナが愛した美熟女30人8時間,AAJB-005,,2012-08-09,478分鐘,,マドンナ,AV30,,成熟的女人、合集、已婚婦女、凌辱、巨乳、DMM獨家,長谷川美紅、酒井ちなみ（紫葵）、翔田千里、村上涼子（中村りかこ、黒木菜穂）、里中亜矢子、牧原れい子、紫彩乃、友田真希、友崎亜希、風間ゆみ、松本まりな、山口玲子、岩崎千鶴、加山なつこ、五十川みどり、樋口冴子（桐島千沙）、秋野千尋、伊島香織、桐岡さつき、結城みさ、北条麻妃、有沢実紗、佐藤みき（佐藤美紀、鈴木志帆）、中森玲子、澤村レイコ（高坂保奈美、高坂ますみ）、森ななこ、艶堂しほり（遠藤しおり）、広瀬奈々美（堀口奈津美）、川上ゆう（森野雫）、愛田奈々,https://www.javbus.com/AAJB-005,
JUSD-430 美しすぎる熟女の絶頂イカセ 潮吹き 8時間,JUSD-430 美しすぎる熟女の絶頂イカセ 潮吹き 8時間,JUSD-430,,2012-08-02,478分鐘,,マドンナ,Madonna,,成熟的女人、潮吹、合集、已婚婦女、數位馬賽克、凌辱、4小時以上作品、DMM獨家,伊島香織、橘エレナ、徠夢、加山なつこ、仁科百華、真白希実、成瀬心美（ここみ）、広瀬奈々美（堀口奈津美）、紫彩乃、友田真希、甲斐ミハル、浅倉彩音、真島みゆき、北川みなみ、竹川綾、川上ゆう（森野雫）、志村玲子、柳田やよい、大塚咲（小野沙樹、大滝佐紀）、村上涼子（中村りかこ、黒木菜穂）、酒井ちなみ（紫葵）、黒木麻衣（花野真衣、SHIHO）、愛咲れいら（原千尋）、中森玲子、澤村レイコ（高坂保奈美、高坂ますみ）、森ななこ、水澤まお（永沢まおみ）、山本美和子、ASUKA、藤沢芳恵、宮瀬リコ、辻井美穂、新城美稀、さとう遥希、石倉えいみ、西尾かおり、楢崎かほり、南野あかり、本庄瞳、永瀬美月、稲森琴、杉本亜美、黒谷りょうこ、芦名紗希、椎名ひかる、羽月希、平山薫、結城みさ、管野しずか,https://www.javbus.com/JUSD-430,
JUSD-427 もの凄い巨尻美熟女40人を後ろから犯す8時間,JUSD-427 もの凄い巨尻美熟女40人を後ろから犯す8時間,JUSD-427,,2012-07-21,478分鐘,,マドンナ,Madonna,もの凄い巨尻美熟女,成熟的女人、合集、亂倫、各種職業、屁股、數位馬賽克、DMM獨家,白鳥寿美礼、杜山ゆりか、早瀬和香、稲森琴、君野ありさ、伊織涼子、有奈めぐみ、加山なつこ、山口玲子、村上涼子（中村りかこ、黒木菜穂）、黒沢那智、葉月奈穂（葉月菜穂）、青木りん、志村玲子、中森玲子、浅倉彩音、折原ゆかり、風間ゆみ、鈴香音色、夢野まりあ、石井麻奈美、大月まゆか、美原咲子、森山杏菜（森山杏奈）、水咲カレン、櫻井夕樹、仁科百華、荒木瞳、小出遥、吉澤清美（田村みゆき）、楢崎かほり、日向みのり、藤沢芳恵、木村真子、南レイ、愛田奈々、雪音ありさ、柴咲ゆうり、岩崎千鶴,https://www.javbus.com/JUSD-427,
PZO-016 S級おっぱい Gカップ Hカップは当たり前！最大Mカップまで100センチ級の爆乳コレクション,PZO-016 S級おっぱい Gカップ Hカップは当たり前！最大Mカップまで100センチ級の爆乳コレクション,PZO-016,,2012-07-16,239分鐘,,Pazzo（フェチ）/妄想族,Pazzo/妄想族,,戀乳癖、泳裝、巨乳、內衣,深海沙織、永峰朋美（安岡たまき）、藤ノ宮礼美、浜崎せな、高島恭子、北川千尋、中森玲子、美原咲子、葉山くみこ、杉山圭,https://www.javbus.com/PZO-016,
PPSD-033 OPPAIエステスペシャル 上品なお姉さんと3時間50分,PPSD-033 OPPAIエステスペシャル 上品なお姉さんと3時間50分,PPSD-033,,2012-07-15,229分鐘,,OPPAI,OPPAI,,乳交、戀乳癖、姐姐、美容院、高畫質、巨乳、DMM獨家,綾瀬みなみ、森ななこ、小沢アリス、中森玲子,https://www.javbus.com/PPSD-033,
FAX-424 嫁たちの昭和 禁親相姦の昭和,FAX-424 嫁たちの昭和 禁親相姦の昭和,FAX-424,,2012-07-13,337分鐘,ヘンリー塚本,FAプロ・プラチナ,FAプロ,,成熟的女人、合集、亂倫、已婚婦女、戲劇,手塚みや、橘裕子、園村小春、夏海エリカ、内田美奈子、中森玲子、早坂めぐ、園原みか、白瀬あいみ、川上ゆう（森野雫）、あんなさくら、大沢萌,https://www.javbus.com/FAX-424,
AAJB-121 【AV30】digitalark BEST,AAJB-121 【AV30】digitalark BEST,AAJB-121,,2012-07-13,482分鐘,,デジタルアーク,AV30,,蕩婦、合集、姐姐、巨乳、女生,鈴香音色、ERIKA（モカ、MOKA）、RUMIKA、中森玲子、愛菜りな,https://www.javbus.com/AAJB-121,
EBOD-213 E-BODY×kira☆kira×kawaii*3メーカー連動コラボ作品第1弾！キラカワ☆E学園 爆乳女教師大乱交 熱血性教育改革の幕開け,EBOD-213 E-BODY×kira☆kira×kawaii*3メーカー連動コラボ作品第1弾！キラカワ☆E学園 爆乳女教師大乱交 熱血性教育改革の幕開け,EBOD-213,,2012-07-12,179分鐘,紋℃,E-BODY,E-BODY,キラカワ☆E学園,蕩婦、濫交、女教師、學校作品、高畫質、巨乳、DMM獨家,一ノ瀬ルカ、羽月希、中森玲子,https://www.javbus.com/EBOD-213,
CADV-328 巨乳女狩り 8時間100連発！！ （CADV-328）,CADV-328 巨乳女狩り 8時間100連発！！ （CADV-328）,CADV-328,,2012-07-03,478分鐘,,クリスタル映像,CRYSTALEX,巨乳女狩り,強姦、輪姦、拘束、4小時以上作品、巨乳,北沢みなみ、麻生なな、平嶋恵理、真咲さら、河野由利香、河瀬リナ、小暮まり、金崎あい、有沢りさ、西野ひなた、城戸さやか、葉月志保、吉沢千里、椎名まどか、小澤新音、桃咲まなみ、水元えり、宝生優果（羽野理沙）、浜咲亜弥花、はるか悠、魚住里奈、春さくら、冴木るな、水森あおい、七尾みつみ、天咲めい、佐々木美羽、朝木めい、林マリア、萩原めぐ、藤宮櫻花（眞雪ゆん）、星川ヒカル、青山遥、佐伯奈々、大川ゆうり、夏木まいむ、佐倉もなみ、小向杏奈（桜井麻美）、藤本優、深見ひなこ、さとう和香、葉山くみこ、渡部准、富永アキ、安奈久美、宮崎あい、瑠花、北条美里、成田幸恵、高瀬ひとみ、小沢優羽、有森美春、千野美帆、林このみ、凛音涼子、葉月奈穂（葉月菜穂）、七海あい、加藤ありさ、平山薫、新田まなみ、橘なお（上原海里）、酒井唯香、仲村美緒、塚本渚、持田百恵、松金めぐみ、藤沢雪乃、大塚あやね、月原ももか、片岡梨沙、金城ゆま、前田窓花、香久屋ひめ、西木美羽、広瀬ゆな、佐伯実里、望月歌歩、若槻せな、近藤優希、中森玲子、松田茜、沢木京華、佐野るる、稲森真澄、一ノ瀬ゆら、凛華、平井柚葉、飯浜紀香、山口奈津美、緋村由衣、あいぶらん（蜜井とわ）,https://www.javbus.com/CADV-328,
ATOM-087 母子家庭限定！素人母娘（おやこ）ツイスターゲーム,ATOM-087 母子家庭限定！素人母娘（おやこ）ツイスターゲーム,ATOM-087,,2012-06-24,240分鐘,,ATOM,ATOM,,企畫、業餘、母親、女優按摩棒、泳裝,長谷川しずく、小川美里、星川なつ、中森玲子、双葉みか、香山蘭、高谷さつき,https://www.javbus.com/ATOM-087,
DVDES-521 ムッチリ巨乳レズソープ 3,DVDES-521 ムッチリ巨乳レズソープ 3,DVDES-521,,2012-06-24,226分鐘,井坂朋泰,ディープス,DEEP’S,ムッチリ巨乳レズソープ,女同性戀、妓女、數位馬賽克、巨乳,小倉もも、小峰ひなた、中森玲子,https://www.javbus.com/DVDES-521,
JUSD-421 2011年マドンナ全262タイトル12時間,JUSD-421 2011年マドンナ全262タイトル12時間,JUSD-421,,2012-06-22,718分鐘,,マドンナ,Madonna,○○年マドンナ全タイトル,成熟的女人、業餘、母親、合集、已婚婦女、數位馬賽克、4小時以上作品、DMM獨家,安部千秋、秋野千尋、伊島香織、小林さとみ、松本まりな、小出遥、高島恭子、結城みさ、黒木唯香、管野しずか、高梨あゆみ、鈴宮理恵、北川みなみ、蜜美あい、本庄瞳、佐伯みずほ、山本美和子、片瀬翔子、小川美里、石井麻奈美、川島れい、大月まゆか、ASUKA、雪音ありさ、愛田奈々、南レイ、吉乃ほのか、木村真子、藤沢芳恵、及川はるな、日向みのり、金崎あい、黒岩まこと、白河雪乃、相馬亜由花、水咲理沙、新城美稀、さとう遥希、朝霧一花、観月由奈、石倉えいみ、蒼乃幸恵、西尾かおり、紫ちひろ、楢崎かほり、大田ゆりか、川嶋菜緒、神谷さき、津村美那子、藤咲沙耶、中園貴代美、新堂綾乃、西城玲華、白鳥美玲、香川翔、南野あかり、永瀬美月、渡部梓、愛原さえ、立花アイリ、遠山美樹、篠田ゆう、杉本亜美、矢部寿恵、百花エミリ、黒谷りょうこ、香坂玲依寧、北川瞳、牧田かえで、吉澤清美（田村みゆき）、峰岸志保、大城かえで、音和礼子、雨宮真貴、希咲あや、有村千佳、佐々木千香、優木明日花、愛澄玲花、芦名紗希、彩瀬りえか、真矢志穂、ゆうきさやか、有沢りさ、上村れな、荒木瞳、仁科百華、櫻井夕樹、桐岡さつき、水咲カレン、羽月希、伊織涼子、平山薫、西野花梨（小柳まりん、椎名くるみ）、横山みれい、彩佳リリス（藤崎クロエ）、ましろ杏、青空小夏、椎名ゆな、松浦ひろみ、成瀬心美（ここみ）、鈴香音色、Hitomi（田中瞳）、折原ゆかり、恵けい、みづなれい（みずなれい）、長澤あずさ、中森玲子、七瀬ゆい（羽田未来）、水野洋子、瀬名あゆむ（広瀬藍子）、澤村レイコ（高坂保奈美、高坂ますみ）、森ななこ、川上ゆう（森野雫）、鈴木さとみ、かすみりさ、はるか悠、真田春香、浜崎りお（森下えりか、篠原絵梨香）、大塚咲（小野沙樹、大滝佐紀）、水城奈緒、翔田千里、青木りん、村上涼子（中村りかこ、黒木菜穂）、愛咲れいら（原千尋）、青木玲、長谷川美紅、水元ゆうな、夢野まりあ、牧原れい子、風間ゆみ、鏡麗子、岩崎千鶴、加山なつこ,https://www.javbus.com/JUSD-421,
JUSD-420 ムッチムチ肉感的熟女20人大集合8時間 Vol.3,JUSD-420 ムッチムチ肉感的熟女20人大集合8時間 Vol.3,JUSD-420,,2012-06-22,478分鐘,,マドンナ,Madonna,ムッチムチ肉感的熟女20人大集合,成熟的女人、乳交、胖女人、合集、數位馬賽克、4小時以上作品、巨乳、DMM獨家,君野ありさ、木村真子、折原ゆかり、青木りん、恵けい、加山なつこ、中森玲子、村上涼子（中村りかこ、黒木菜穂）、風間ゆみ、夢野まりあ、杜山ゆりか、白鳥寿美礼、黒沢那智、石井麻奈美、柴咲ゆうり、南レイ、蒼乃幸恵、荒木瞳、櫻井夕樹、岩崎千鶴,https://www.javbus.com/JUSD-420,
WAB-110 ワンズファクトリーマニアコレクション 近親相姦BEST,WAB-110 ワンズファクトリーマニアコレクション 近親相姦BEST,WAB-110,,2012-06-19,243分鐘,,ワンズファクトリー,WANZ,ワンズファクトリーマニアコレクション,成熟的女人、合集、亂倫、多P、舔陰,和希優子、中森玲子、北原夏美、北条麻妃、瀬戸ゆうき、小林芽衣（小林メイ）、広瀬奈々美（堀口奈津美）、志村玲子、村上涼子（中村りかこ、黒木菜穂）、風間ゆみ、浅倉彩音、佐藤みき（佐藤美紀、鈴木志帆）、澤村レイコ（高坂保奈美、高坂ますみ）、妃悠愛（長澤杏奈、水原里香、木崎祐子）、増田ゆり子、秋吉くみ、小林みゆき、西条麗、里中亜矢子、小沢志乃、高倉梨奈、友田真希、楠真由美、山口玲子、菊池エリ、鮎川るい、麻生洋子、桐岡さつき,https://www.javbus.com/WAB-110,
PZO-015 痴熟女ザーメンしぼり4時間,PZO-015 痴熟女ザーメンしぼり4時間,PZO-015,,2012-06-17,239分鐘,,Pazzo（フェチ）/妄想族,Pazzo/妄想族,,蕩婦、成熟的女人、中出、巨乳,江原あけみ（美輪ちあき）、北川千尋、中森玲子、艶堂しほり（遠藤しおり）、桐島樹莉、桐原あずさ（伊藤あずさ）、白鳥美鈴、風間ゆみ,https://www.javbus.com/PZO-015,
OOMN-043 日常にあるエロス お母さんの無防備な誘惑。,OOMN-043 日常にあるエロス お母さんの無防備な誘惑。,OOMN-043,,2012-06-17,119分鐘,,ABC/妄想族,お母さん.com/ABC,美熟女プレイ集,成熟的女人、母親、其他戀物癖、已婚婦女、DVD多士爐、DMM獨家、內衣,本宮リカコ、青山祥子、峰岸志保、飯倉美奈子、雨宮真貴、宇喜多かすみ、宮瀬リコ、桐岡さつき、羽月希、澤村レイコ（高坂保奈美、高坂ますみ）、櫻井夕樹、内田美奈子、花村いづみ、立花みずき、加藤なお、新尾きり子、木村よしの、藤原絵理香、桜みちる、北条美里、永峰朋美（安岡たまき）、小向まな美、河合律子、時越芙美江、伊織涼子、加賀ゆり子、北原夏美、藤木未央、飯浜紀香、若槻尚美、北澤瞳、二宮亜季、中森玲子、富永ひろ美、鷹宮りょう、町村小夜子、ほしの菜実恵、水元えり、野原もも、竹井ゆかり、宮田まり、東条美菜、柳田やよい、大友唯愛、加藤ツバキ（夏樹カオル）、大越はるか、愛菜、秋川りお（美月このみ）、若林ひかる、梶原まゆ,https://www.javbus.com/OOMN-043,
RKI-189 S級女優限界露出 16時間,RKI-189 S級女優限界露出 16時間,RKI-189,,2012-06-16,958分鐘,,ROOKIE,ROOKIE,露出16時間,野外・露出、合集、性奴、羞恥、4小時以上作品、DMM獨家,大石美咲、大月まゆか、菅野さゆき、愛原さえ、あいだゆあ、持田茜（しじみ）、星ありす、水元ゆうな、青木玲、風間ゆみ、水川菜々子、水嶋あずみ、秋野千尋、市川まほ、滝沢優奈、西野翔、白石みさと、天宮まなみ（来嶋ゆきな）、星野あかり、上原保奈美、芦名紗希、櫻井ともか、周防ゆきこ、瑠川リナ、瀬奈涼、橘なお（上原海里）、JULIA、仁科百華、優希まこと、真木こころ、早川瀬里奈、秋月まりん、竹内あい、牧原れい子、甲斐ミハル、夕樹舞子、蒼井そら、笠木忍、Hitomi（田中瞳）、希崎ジェシカ、浜崎りお（森下えりか、篠原絵梨香）、灘坂舞、常盤りん、佐山愛、大橋未久、神田美穂、日向りのあ、七海なな、まりりん、中森玲子、Rinka,https://www.javbus.com/RKI-189,
GAS-230 爆乳ベスト2011 16人のベストシーンすべて見せます,GAS-230 爆乳ベスト2011 16人のベストシーンすべて見せます,GAS-230,,2012-06-16,149分鐘,,シネマユニット・ガス,GAS,爆乳,乳交、合集、戀乳癖、多P、巨乳,北嶋クリス、初見果梨奈（星野みかん）、さくら柚希、桜木莉愛（かじか凛）、結城モナ、白河ひなた、和希エリ、藍乃りこ、杏美月、中森玲子、あさひ蘭（川伊まな）、橘なお（上原海里）、木咲美琴、愛川のあ、上原花、葉月めい、本多かなめ,https://www.javbus.com/GAS-230,
QQ-019 禁断介護 BESTセレクション 4,QQ-019 禁断介護 BESTセレクション 4,QQ-019,,2012-06-07,238分鐘,,グローリークエスト,GLORYQUEST,禁断介護,其他戀物癖、合集、花癡、舔陰、4小時以上作品,中森玲子、艶堂しほり（遠藤しおり）、七瀬ゆい（羽田未来）、澤村レイコ（高坂保奈美、高坂ますみ）、浜崎りお（森下えりか、篠原絵梨香）,https://www.javbus.com/QQ-019,
VEZZ-006 S級熟女レズビアン 総集編,VEZZ-006 S級熟女レズビアン 総集編,VEZZ-006,,2012-06-01,242分鐘,,VENUS,Butch,,成熟的女人、女同性戀、合集、已婚婦女,西尾かおり、さとう遥希、矢部寿恵、桜りお、中森玲子、北条麻妃、村上涼子（中村りかこ、黒木菜穂）、紫彩乃、鏡麗子、風間ゆみ,https://www.javbus.com/VEZZ-006,
JFB-021 Fitch2011年全作品集16時間,JFB-021 Fitch2011年全作品集16時間,JFB-021,,2012-05-31,958分鐘,,Fitch,Fitch,,蕩婦、身體意識、合集、戀乳癖、屁股、數位馬賽克、4小時以上作品、DMM獨家,杉本亜美、星野あかり、西野翔、櫻井夕樹、小川あさ美、栗崎紗理奈、結城みさ、仁科百華、黒木麻衣（花野真衣、SHIHO）、村上涼子（中村りかこ、黒木菜穂）、柚木彩華、哀川りん、雨宮真貴、伊島香織、北川瞳、愛原さえ、彩佳リリス（藤崎クロエ）、あきな、桐岡さつき、倉木みお、水咲カレン、羽月希、JULIA、横山みれい、阿部リオン、南野あかり、瀬戸りょう、成瀬心美（ここみ）、榊なち、坂本理沙、Hitomi（田中瞳）、深田梨菜（深田梨奈）、中森玲子、広瀬奈々美（堀口奈津美）、佐山愛、青木りん、希本なつ美、柴咲ゆうり、青木玲,https://www.javbus.com/JFB-021,
VVVD-082 V 2011全タイトルCollection 25作品8時間,VVVD-082 V 2011全タイトルCollection 25作品8時間,VVVD-082,,2012-05-31,478分鐘,,ヴィ,V,,SM、女同性戀、合集、凌辱、4小時以上作品、高畫質、DMM獨家,森川このみ、有沢実紗、RICA（彩音リカ）、木下若菜、小峰ひなた、大堀香奈、中森玲子、小坂めぐる、笠木忍,https://www.javbus.com/VVVD-082,
SWF-197 最高に癒される快感洗体プレイ 30人4時間,SWF-197 最高に癒される快感洗体プレイ 30人4時間,SWF-197,,2012-05-30,240分鐘,,ワンズファクトリー,WANZ,,口交、其他戀物癖、打手槍,あいりみく、愛原さえ、絵色千佳、今村美穂、朝香涼、麻倉憂、和葉みれい（藤白まき）、成瀬心美（ここみ）、ひなのりく、北条麻妃、小坂めぐる、浜崎りお（森下えりか、篠原絵梨香）、葉月奈穂（葉月菜穂）、村上涼子（中村りかこ、黒木菜穂）、黒木麻衣（花野真衣、SHIHO）、佐伯奈々、風間ゆみ、中森玲子、あいぶらん（蜜井とわ）、浅田ちち、紗奈、有村千佳、仁科百華、早乙女らぶ、武藤クレア、夏川リアナ、七瀬ゆい（羽田未来）,https://www.javbus.com/SWF-197,
NASS-052 人妻強制中出し 騙されハメられ中出しされてしまう人妻たち 4時間,NASS-052 人妻強制中出し 騙されハメられ中出しされてしまう人妻たち 4時間,NASS-052,,2012-05-27,238分鐘,星野光明,なでしこ,Nadeshiko,,強姦、已婚婦女、中出、女上位,楓まお、香坂めぐ、鈴香音色、横山みれい、小野理菜、中森玲子、北条麻妃、はるか悠、村上涼子（中村りかこ、黒木菜穂）、川上ゆう（森野雫）,https://www.javbus.com/NASS-052,
CWM-139 漆黒の喉奥シャブリスト,CWM-139 漆黒の喉奥シャブリスト,CWM-139,,2012-05-16,118分鐘,,ワープエンタテインメント,Washingmachine,喉奥シャブリスト,蕩婦、口交、DVD多士爐、高畫質、吞精,竹内紗里奈、長澤あずさ、羽月希、碧しの（篠めぐみ）、中森玲子、澤村レイコ（高坂保奈美、高坂ますみ）、村上涼子（中村りかこ、黒木菜穂）,https://www.javbus.com/CWM-139,
MIBD-635 おしゃぶりテイスティングごっくん4時間,MIBD-635 おしゃぶりテイスティングごっくん4時間,MIBD-635,,2012-05-11,238分鐘,,ムーディーズ,MOODYZBest,,口交、其他戀物癖、合集、數位馬賽克、單體作品、DMM獨家、吞精,星野あかり、西尾かおり、美咲結衣、大沢美加（廣田まりこ）、碧しの（篠めぐみ）、妃悠愛（長澤杏奈、水原里香、木崎祐子）、小坂めぐる、愛菜りな、つぼみ、芦名未帆（稲森しほり）、亜梨、中森玲子、七瀬ゆい（羽田未来）、くるみひな、蒼井怜、朝田ばなな、佐倉カオリ、緋咲アンナ、若葉くるみ、まりか、雫パイン、鈴木きあら（美空あいり）、一色百音、友田彩也香、白石美咲、松すみれ、美咲恋、弘前亮子、谷村早苗、花村沙知,https://www.javbus.com/MIBD-635,
JUSD-411 義弟を狂わせる30人の兄嫁8時間,JUSD-411 義弟を狂わせる30人の兄嫁8時間,JUSD-411,,2012-05-07,479分鐘,,マドンナ,Madonna,,成熟的女人、合集、已婚婦女、數位馬賽克、凌辱、4小時以上作品、DMM獨家、肛交,伊吹稟、かすみりさ、大林理恵（大林リエ）、森ななこ、中森玲子、みづなれい（みずなれい）、中村綾乃、愛樹るい、澤村レイコ（高坂保奈美、高坂ますみ）、広瀬奈々美（堀口奈津美）,https://www.javbus.com/JUSD-411,
CADV-319 爆乳女祭り 8時間,CADV-319 爆乳女祭り 8時間,CADV-319,,2012-05-06,477分鐘,,クリスタル映像,CRYSTALEX,,各種職業、已婚婦女、戀乳癖、4小時以上作品、巨乳,鮎川まお、あすか光希、河瀬リナ、櫻井夕樹、有奈めぐみ、小出遥、有沢りさ、小峰ひなた、中森玲子,https://www.javbus.com/CADV-319,
LADS-111 巨乳のイイ女レズビアン,LADS-111 巨乳のイイ女レズビアン,LADS-111,,2012-04-28,120分鐘,,トップマーシャル,LADIES♀ROOM,,女同性戀、69、手指插入、巨乳,美咲りん、櫻井夕樹、小出遥、浅乃ハルミ、内田美奈子、中森玲子、七瀬ゆい（羽田未来）、西木美羽、葉月奈穂（葉月菜穂）、小坂めぐる、村上涼子（中村りかこ、黒木菜穂）、杉本亜美,https://www.javbus.com/LADS-111,
WING-019 団地妻 真昼に疼く ブルーレイスペシャル版,WING-019 団地妻 真昼に疼く ブルーレイスペシャル版,WING-019,,2012-04-25,121分鐘,杉崎仁,ビッグモーカル,HD-WING,団地妻,已婚婦女、通姦、女優按摩棒、高畫質、巨乳,結城みさ、羽月希、水嶋あずみ、華山美玲、中森玲子、松浦ユキ,https://www.javbus.com/WING-019,
VSPDS-632 マ○コもアナルもベロベロ舐めて！上も下もグチョグチョにして！超舌レズビアンDX,VSPDS-632 マ○コもアナルもベロベロ舐めて！上も下もグチョグチョにして！超舌レズビアンDX,VSPDS-632,,2012-04-22,302分鐘,しこさい,V＆Rプロダクツ,V＆Rプロダクツ,,OL、女同性戀、合集、舔陰、高中女生,早坂愛梨、原沢さな、我那覇レイ（REI）、木下若菜、小出遥、有沢りさ、琥珀うた、北川瞳、牧野絵里、平松恵理香、水嶋あずみ、大槻ひびき、あんなさくら、中森玲子、ゆうきさやか,https://www.javbus.com/VSPDS-632,
DANDY-276 「これは高確率でヤれる！ラブホテルで働きだした噂の美人従業員は一日中お客のアエギ声を聞きまくり発情汁が止まらない！！」 VOL.1,DANDY-276 「これは高確率でヤれる！ラブホテルで働きだした噂の美人従業員は一日中お客のアエギ声を聞きまくり発情汁が止まらない！！」 VOL.1,DANDY-276,,2012-04-22,230分鐘,ダンディよしの,DANDY,DANDY,,企畫、各種職業、數位馬賽克,澤村レイコ（高坂保奈美、高坂ますみ）、中森玲子、綾見ひかる、彩瀬希,https://www.javbus.com/DANDY-276,
FAX-411 ヘンリー塚本 夏 青姦劇場 海・山・川 ハマり狂う男女,FAX-411 ヘンリー塚本 夏 青姦劇場 海・山・川 ハマり狂う男女,FAX-411,,2012-04-20,129分鐘,ヘンリー塚本,FAプロ・プラチナ,FAプロ,ヘンリー塚本,成熟的女人、野外・露出、已婚婦女、戲劇,長谷川葵、夏海エリカ、坪倉史歩、小林美沙、椎名めぐみ、中森玲子、島田香奈、真鍋美奈、望月加奈（松沢真理）,https://www.javbus.com/FAX-411,
JUC-794 マドンナ8周年記念作品 本格凌辱サスペンス長編 8人の人妻潜入捜査官～狙われた特捜0課！！淫欲の大捜査線～,JUC-794 マドンナ8周年記念作品 本格凌辱サスペンス長編 8人の人妻潜入捜査官～狙われた特捜0課！！淫欲の大捜査線～,JUC-794,,2012-04-19,236分鐘,きとるね川口,マドンナ,Madonna,人妻潜入捜査官,成熟的女人、濫交、各種職業、已婚婦女、數位馬賽克、女檢察官、凌辱、高畫質、DMM獨家,愛田奈々、森ななこ、結城みさ、中森玲子、翔田千里、村上涼子（中村りかこ、黒木菜穂）、川上ゆう（森野雫）、風間ゆみ,https://www.javbus.com/JUC-794,
OKAS-099 ママと一緒にお風呂に入ろう 2,OKAS-099 ママと一緒にお風呂に入ろう 2,OKAS-099,,2012-04-17,96分鐘,,ex,お母さん.com,ママと一緒にお風呂に入ろう,母親、口交、乳交、亂倫,池田沙智子、島谷愛、南レイ、希本なつ美、木咲美琴、井川ゆい、前田優希、愛菜、中森玲子、葉月奈穂（葉月菜穂）、原望美,https://www.javbus.com/OKAS-099,
CADV-311 ディープレズビアン 8時間SP 2,CADV-311 ディープレズビアン 8時間SP 2,CADV-311,,2012-04-16,477分鐘,,クリスタル映像,CRYSTALEX,ディープ・レズビアン,成熟的女人、女同性戀、美少女、4小時以上作品、巨乳,篠原美咲、小宮山せりな、小沢優名、あずみ恋、上村あずさ、愛音麻友、結城みさ、中森玲子、北条麻妃、川上ゆう（森野雫）、小桜りく、平子知歌、優木さや、早坂愛梨、北川エリカ、星野あかり、辻本りょう、瀬名えみり、はるか悠、夏海碧、横山みれい、井川ゆい、風見渚、瀬奈涼、柴咲ゆうり,https://www.javbus.com/CADV-311,
SWF-191 特選美熟女 熟れた女の濃厚なまぐわい 20人4時間,SWF-191 特選美熟女 熟れた女の濃厚なまぐわい 20人4時間,SWF-191,,2012-04-04,240分鐘,来生元也,ワンズファクトリー,WANZ,,成熟的女人、多P、4小時以上作品,和希優子、中森玲子、艶堂しほり（遠藤しおり）、西条麗、翔田千里、玉置マリア、あずま樹、紫彩乃、朝倉まりあ、風間ゆみ、北島玲、早乙女香織、北原夏美、川上ゆう（森野雫）、澤村レイコ（高坂保奈美、高坂ますみ）、高井えみり、北条麻妃、橘エレナ、結城みさ,https://www.javbus.com/SWF-191,
SWF-189 オーバー100cmおっぱい 揺れる爆乳 20人4時間,SWF-189 オーバー100cmおっぱい 揺れる爆乳 20人4時間,SWF-189,,2012-04-04,240分鐘,谷底負太郎,ワンズファクトリー,WANZ,,乳交、戀乳癖、4小時以上作品、巨乳,桐島冴子、宮崎あい、逢沢なお（青山れあ）、浅田ちち、小向杏奈（桜井麻美）、桃井りか、あいぶらん（蜜井とわ）、佐倉もなみ、羽田夕夏、白雪彩、望月ゆみ、南沙也香、中森玲子、長澤あずさ、恵けい、鈴香音色、橘なお（上原海里）、仁科百華、星川ヒカル,https://www.javbus.com/SWF-189,
CADV-309 極選4時間 巨乳熟女 おばさんのオッパイで癒してあげる,CADV-309 極選4時間 巨乳熟女 おばさんのオッパイで癒してあげる,CADV-309,,2012-04-02,239分鐘,,クリスタル映像,CRYSTALEX,極選○時間,成熟的女人、乳交、已婚婦女、4小時以上作品、巨乳,栗原香奈、あやの琴美、大森あづさ、平尾雅美、中園貴代美、西野あけみ、加山なつこ、三咲恭子、若林ひかる、風間ゆみ、近江なみ、村上涼子（中村りかこ、黒木菜穂）、中森玲子、石野真奈美、菅谷もも、高杉花月、冬月容子、北尾つばさ、音和礼子、永作奈緒美、桜田映子、宮島ひとみ、櫻井夕樹、真鍋樹里,https://www.javbus.com/CADV-309,
EMBW-039 中出し母子相姦 デカマラ息子に犯される熟女8時間,EMBW-039 中出し母子相姦 デカマラ息子に犯される熟女8時間,EMBW-039,,2012-03-31,478分鐘,,香澄企画/エマニエル,香澄企画（エマニエル）,,成熟的女人、母親、合集、亂倫、中出,滝川峰子、三井綾乃、岡本かなえ、香野良枝、城山さをり、高島恭子、桐岡さつき、中森玲子、艶堂しほり（遠藤しおり）、松浦ユキ、賀来恵美子,https://www.javbus.com/EMBW-039,
JUSD-401 春の選抜 美熟女32人が魅せるご当地セックス8時間！！,JUSD-401 春の選抜 美熟女32人が魅せるご当地セックス8時間！！,JUSD-401,,2012-03-24,479分鐘,,マドンナ,Madonna,,成熟的女人、合集、已婚婦女、多P、數位馬賽克、4小時以上作品、巨乳、DMM獨家,藤沢芳恵、かすみりさ、深津映見、白石さゆり、松本まりな、青木りん、水沢真樹、仲田絵理、志村玲子、天霧真世、森ななこ、水野洋子、中森玲子、波多野結衣、Hitomi（田中瞳）、鏡麗子、牧本千幸（つかもと友希）、山口玲子、城エレン、新尾きり子、森山杏菜（森山杏奈）、江原あけみ（美輪ちあき）、近澤まゆみ、牧田かえで、伊島香織、黒谷りょうこ、秋野千尋、楢崎かほり、相馬亜由花、石井麻奈美、本庄瞳、紫彩乃,https://www.javbus.com/JUSD-401,
FRGJV-009 麗しの不倫人妻DX 42人 8時間,FRGJV-009 麗しの不倫人妻DX 42人 8時間,FRGJV-009,,2012-03-19,479分鐘,,グラフィティジャパン,フェアエスト,,成熟的女人、已婚婦女、通姦、舔陰、4小時以上作品,中森玲子,https://www.javbus.com/FRGJV-009,
RKI-171 SSS級オールスターズ メガ凌辱スペシャル16時間,RKI-171 SSS級オールスターズ メガ凌辱スペシャル16時間,RKI-171,,2012-03-16,959分鐘,,ROOKIE,ROOKIE,,強姦、合集、美少女、深喉、輪姦、凌辱、中出、4小時以上作品、DMM獨家,美咲みゆ、希志あいの、里美ゆりあ、長澤あずさ、麻美ゆま、吉沢明歩、紗奈、中森玲子、みづなれい（みずなれい）、蒼井そら、北川瞳、小西那奈、ましろ杏、愛原さえ、二宮沙樹、かすみ果穂、吉崎直緒、翔田千里、春咲あずみ、つぼみ、水城奈緒、青山ローラ、有村千佳、結城みさ、大沢美加（廣田まりこ）、妃悠愛（長澤杏奈、水原里香、木崎祐子）、亜希菜、井川ゆい、桜花えり、若葉くるみ、JULIA、羽月希、桐岡さつき、仁科百華、浜崎りお（森下えりか、篠原絵梨香）、初音みのり、大橋未久、麻倉まみ、成瀬心美（ここみ）、牧原れい子、音羽レオン、北条麻妃、椎名ゆな、友田真希、志保、水元ゆうな、長谷川美紅、青木玲、如月カレン、風間ゆみ、樋口冴子（桐島千沙）、ERIKA（モカ、MOKA）、黒木いちか（東条かれん）、川上ゆう（森野雫）、七海なな、葉月紗絢、星乃せあら（南まりん）、森ななこ、澤村レイコ（高坂保奈美、高坂ますみ）,https://www.javbus.com/RKI-171,
IENE-130 拒めず、逃げず、声も出せない 感度良好女子 母娘スペシャル,IENE-130 拒めず、逃げず、声も出せない 感度良好女子 母娘スペシャル,IENE-130,,2012-03-09,151分鐘,ボルボ中野,アイエナジー,IENERGY！,拒めず、逃げず、声も出せない感度良好女子,企畫、母親、性騷擾,長谷川しずく、星川なつ、中森玲子、高谷さつき,https://www.javbus.com/IENE-130,
MBYD-136 溜池ゴロー2011年下半期全32作品8時間,MBYD-136 溜池ゴロー2011年下半期全32作品8時間,MBYD-136,,2012-03-08,479分鐘,,溜池ゴロー,溜池ゴロー,溜池ゴロー○年○半期,成熟的女人、合集、已婚婦女、新娘、年輕妻子、數位馬賽克、4小時以上作品、DMM獨家,川嶋菜緒、星野あかり、岩崎千鶴、松本まりな、小出遥、藤咲沙耶、朝霧一花、浜崎りお（森下えりか、篠原絵梨香）、青木玲、笠木忍、川上ゆう（森野雫）、森ななこ、雪音ありさ、柏木ゆり、藤沢芳恵、西尾かおり、桐岡さつき、伊織涼子、春日もも、長澤あずさ、中森玲子、平川真澄,https://www.javbus.com/MBYD-136,
MKCK-038 E-BODY 絶景の騎乗位コレクション50,MKCK-038 E-BODY 絶景の騎乗位コレクション50,MKCK-038,,2012-03-08,239分鐘,,E-BODY,E-BODY,E-BODY,蕩婦、合集、戀乳癖、女上位、巨乳、DMM獨家,白川ゆかり、眞乃かすみ、二宮せりな、Ryo、来栖ひなた、小川あさ美、愛原さえ、春風えみ、春咲あずみ、諸星セイラ（百瀬涼）、佐々木はるか、北川瞳、瀬戸みずほ、竹内あい、かすみりさ、青木莉子（桜まい、片岡さき）、青空小夏、石原こと、桜ここみ、佳山三花、亜梨、長澤あずさ、黒木アリサ、中森玲子、広瀬ゆな、若菜ちえ、すずきりりか、哀川りん、小沢アリス、乙葉真希、高島恭子、夏海ナミ、立花結衣、高城ゆい、真矢ゆき、七葉しほり、松すみれ、菅野さゆき、伊沢美春（伊沢美晴）、仁科百華、湖南みるく、水咲カレン、美咲結衣、武藤クレア、JULIA、橘なお（上原海里）、池田美和子、仲村美緒、宮藤レイコ,https://www.javbus.com/MKCK-038,
DOKS-214 デカ乳輪が好き！,DOKS-214 デカ乳輪が好き！,DOKS-214,,2012-03-06,111分鐘,ピーターマン,OFFICEK’S,OFFICEK’S,,其他戀物癖、姐姐、DVD多士爐,伊沢美春（伊沢美晴）、ゆうきさやか、中森玲子、葉山由佳,https://www.javbus.com/DOKS-214,
VERO-017 S級熟女 巨尻美尻SUPER BEST II,VERO-017 S級熟女 巨尻美尻SUPER BEST II,VERO-017,,2012-02-27,243分鐘,,VENUS,ヴィーナス（VENUS）,S級熟女（VENUS）,成熟的女人、合集、已婚婦女、屁股,有永すずか、伊織涼子、加山なつこ、櫻井ゆうこ、優木明日花、水城奈緒、神崎レオナ（七瀬かすみ）、細川まり、山口玲子、風間ゆみ、川上ゆう（森野雫）、青木玲、橘エレナ、荒木瞳、波多野結衣、佐藤みき（佐藤美紀、鈴木志帆）、中森玲子、桐岡さつき、広瀬奈々美（堀口奈津美）、志村玲子,https://www.javbus.com/VERO-017,
VVVD-079 Vだけでしか見られない単体女優×過激レズ全作品神BEST16時間,VVVD-079 Vだけでしか見られない単体女優×過激レズ全作品神BEST16時間,VVVD-079,,2012-02-26,958分鐘,,ヴィ,V,,女同性戀、合集、凌辱、女同接吻、DMM獨家,平山ここ、長瀬あずさ、Rico、葉月奈穂（葉月菜穂）、乃亜（鳥越乃亜）、今野由愛、橘真央、沢井真帆、松島やや、風間ゆみ、伊沢美春（伊沢美晴）、立花結衣、牧野くるみ、中森玲子、細川まり、鷹宮りょう、瀬奈涼、木下あげは、早坂めぐ、柳田やよい、若林美保、花宮あみ、明日菜,https://www.javbus.com/VVVD-079,
DSE-904 エロ年増 4時間20人 2,DSE-904 エロ年増 4時間20人 2,DSE-904,,2012-02-22,239分鐘,,ドリームステージ,熟女絵巻,エロ年増（ドリームステージ）,成熟的女人、乳交、合集、69,澤田一美、福田信子、藤原絵理香、杉山あゆみ、四季彩乃、真波紫乃、藤木静子、久我舞、小久保真樹、宮田まり、佐和真由香、関口恵都子、水沢由美子、藤木未央、椎名はるか、中森玲子、加島清美、蔵内美樹、水城はるみ、浅田博美,https://www.javbus.com/DSE-904,
LIA-108 圧倒的爆乳100人 下巻 女神の巨乳に挟まれて天にも昇る大量射精！,LIA-108 圧倒的爆乳100人 下巻 女神の巨乳に挟まれて天にも昇る大量射精！,LIA-108,,2012-02-20,238分鐘,,プールクラブ・エンタテインメント,Philia,圧倒的爆乳,乳交、戀乳癖、巨乳,小椋まりあ、中森玲子、小林芽衣（小林メイ）、みずしまちはる,https://www.javbus.com/LIA-108,
SBB-129 美女とキモ男 4時間,SBB-129 美女とキモ男 4時間,SBB-129,,2012-02-10,241分鐘,,マルクス兄弟,MARXBrothersco.,キモ男に犯される○○,強姦、凌辱,早川瀬里奈、雫パイン、今村美穂、紗奈、大沢美加（廣田まりこ）、碧しの（篠めぐみ）、ERIKA（モカ、MOKA）、中森玲子、佐伯奈々、川上ゆう（森野雫）、村上涼子（中村りかこ、黒木菜穂）、水城奈緒,https://www.javbus.com/SBB-129,
MKCK-037 むっちむち肉感グラマー4時間,MKCK-037 むっちむち肉感グラマー4時間,MKCK-037,,2012-02-09,239分鐘,,E-BODY,E-BODY,,合集、戀乳癖、巨乳、DMM獨家,花井メイサ、うるみゆう、北川瞳、仁科百華、香坂杏奈、紅りんご、紅城まゆ、竹内あい、松嶋れいな、風間ゆみ、里崎マリヤ、橘なお（上原海里）、二宮せりな、女池さゆり、望月けい、長澤あずさ、中森玲子、川瀬愛美、広瀬ゆな、百花エミリ,https://www.javbus.com/MKCK-037,
MBYD-135 巨乳若妻たちの猥らな性交8時間,MBYD-135 巨乳若妻たちの猥らな性交8時間,MBYD-135,,2012-02-09,479分鐘,,溜池ゴロー,溜池ゴロー,,合集、新娘、年輕妻子、數位馬賽克、4小時以上作品、巨乳、DMM獨家,橘エレナ、有沢実紗、藤森綾子、沢村麻耶、横山みれい、浅倉彩音、桜みちる、佐藤みき（佐藤美紀、鈴木志帆）、黒木麻衣（花野真衣、SHIHO）、村上涼子（中村りかこ、黒木菜穂）、長澤あずさ、中森玲子、森ななこ、広瀬奈々美（堀口奈津美）、樋口冴子（桐島千沙）、美原咲子、亜希菜、春咲あずみ、辻本りょう、友田真希、風間ゆみ、杉本亜美、小出遥、荒木瞳、伊織涼子、立花みずき、夏原カレン、高島恭子、大塚咲（小野沙樹、大滝佐紀）,https://www.javbus.com/MBYD-135,
GMED-067 高級住宅街に住む美人のセレブ妻を近所で働く年収200万円の派遣労働者がレイプ！！,GMED-067 高級住宅街に住む美人のセレブ妻を近所で働く年収200万円の派遣労働者がレイプ！！,GMED-067,,2012-02-08,136分鐘,あばしり一家,グローバルメディアエンタテインメント,GlobalGME,,成熟的女人、強姦、已婚婦女、多P、數位馬賽克、高畫質,雪野ひかり、中森玲子、北条麻妃,https://www.javbus.com/GMED-067,
CADV-301 熟女レイプ祭り8時間,CADV-301 熟女レイプ祭り8時間,CADV-301,,2012-02-05,475分鐘,,クリスタル映像,CRYSTALEX,,成熟的女人、強姦、多P、拘束、4小時以上作品,美馬洋子、橘美沙、藤本ちさと、加納瞳、中森玲子,https://www.javbus.com/CADV-301,
JUSD-393 義母凌辱4時間,JUSD-393 義母凌辱4時間,JUSD-393,,2012-02-03,239分鐘,,マドンナ,Madonna,,成熟的女人、強姦、合集、數位馬賽克、凌辱、婆婆、DMM獨家,青山ゆかり、伊織涼子、中森玲子、浜崎りお（森下えりか、篠原絵梨香）、村上涼子（中村りかこ、黒木菜穂）、篠原さゆり、若林ひかる、友崎亜希、風間ゆみ、坂上友香、和希優子、優木明日花、早見るり、新村まり子、美原咲子、橘慶子、澤村レイコ（高坂保奈美、高坂ますみ）、森ななこ、宮崎彩香、愛田奈々,https://www.javbus.com/JUSD-393,
QQ-012 巨乳診断書 BESTセレクション,QQ-012 巨乳診断書 BESTセレクション,QQ-012,,2012-01-30,240分鐘,,グローリークエスト,GLORYQUEST,巨乳診断書,合集、戀乳癖、巨乳,恵けい、森ななこ、鈴香音色、松すみれ、中森玲子、佐藤みき（佐藤美紀、鈴木志帆）,https://www.javbus.com/QQ-012,
FAX-393 夫だけでは物足りず情事と言う麻薬にひたる人妻たち3,FAX-393 夫だけでは物足りず情事と言う麻薬にひたる人妻たち3,FAX-393,,2012-01-29,282分鐘,,FAプロ・プラチナ,FAプロ,,成熟的女人、亂倫、已婚婦女、戲劇,浅宮ゆかり、風見京子、中森玲子、大塚美雪、倖田李梨（倖田美梨、岩下美季）、北原麗子、黒木小夜子（秀吉小夜子）、加賀雅、小池絵美子、君島冴子（AOI.、村上葵）、夏海エリカ,https://www.javbus.com/FAX-393,
MIBD-615 女の子いっぱいと俺1人。BEST2,MIBD-615 女の子いっぱいと俺1人。BEST2,MIBD-615,,2012-01-28,238分鐘,,ムーディーズ,MOODYZBest,女の子いっぱいと俺1人。,乳交、合集、多P、數位馬賽克、輪姦、DMM獨家,美月、ましろ杏、横山みれい、RUMIKA、白石美咲、友田彩也香、泉麻那、周防ゆきこ、菅野さゆき、直嶋あい、桜りお、橘なお、若葉くるみ、吉川ゆあ、双葉あみ、双葉まみ、仁科百華、朝倉ことみ、北川瞳、西野まお、黒木麻衣、竹内あい、浜崎りお、佐山愛、大橋未久、かすみりさ、川上ゆう（森野雫）、広瀬奈々美（堀口奈津美）、愛菜りな、星乃せあら（南まりん）、中森玲子、恵けい、風間ゆみ、桐原エリカ、成瀬心美（ここみ）、如月カレン、小野こゆき、柳原あかり、北嶋あん、神納花,https://www.javbus.com/MIBD-615,
JUSD-390 美熟女風俗4時間,JUSD-390 美熟女風俗4時間,JUSD-390,,2012-01-21,239分鐘,,マドンナ,Madonna,,成熟的女人、合集、妓女、各種職業、數位馬賽克、DMM獨家,森ななこ、中森玲子、北原夏美、水城奈緒、五十川みどり、広瀬奈々美（堀口奈津美）、山口玲子、村上涼子（中村りかこ、黒木菜穂）、牧原れい子、風間ゆみ、佐藤みき（佐藤美紀、鈴木志帆）、遠山美樹,https://www.javbus.com/JUSD-390,
FEX-001 熱烈不倫 旦那がいるのに欲しがる女,FEX-001 熱烈不倫 旦那がいるのに欲しがる女,FEX-001,,2012-01-20,119分鐘,ピエロ三世,NEXTGROUP,フェニックス,,乳交、已婚婦女、通姦、巨乳,神咲みほ、藤本美和、小倉もも、中森玲子,https://www.javbus.com/FEX-001,
CADV-295 デカ尻熟女 8時間,CADV-295 デカ尻熟女 8時間,CADV-295,,2012-01-17,480分鐘,,クリスタル映像,CRYSTALEX,,成熟的女人、屁股、多P、4小時以上作品、巨乳,村田和花、近江なみ、杉山えりな、美里愛、白河雪乃、山田和歌子、加山なつこ、桐岡さつき、中森玲子、村上涼子（中村りかこ、黒木菜穂）、芹岡千夏、金森愛子、池永京子、嶋田しづ、真島やよい、高城真弥、桃尻ナノ、武田千景、葉月由梨子、染井美保、叶あん、田島奈緒子、西野あけみ、楢崎かほり、真鍋樹里、白石冴子、古瀬美奈代、北尾つばさ、川口凛子、加納瞳、南野リカ、葵沙希、内田美奈子、五十嵐慶子、松永秋子、原麻耶、津村美那子、藤島雪絵、木ノ内れい、中川幸恵、金久保麗、岸谷志保、杉原えり、北川千尋、秋本美乃里,https://www.javbus.com/CADV-295,
ANND-100 トリプル爆乳デカ尻潮吹き熟女の蒸れ蒸れガニ股ノーパンパンストレズ乱交SPECIAL,ANND-100 トリプル爆乳デカ尻潮吹き熟女の蒸れ蒸れガニ股ノーパンパンストレズ乱交SPECIAL,ANND-100,,2012-01-14,118分鐘,タイガー小堺,アンナと花子,アンナと花子,,成熟的女人、女同性戀、濫交、潮吹、連褲襪、DVD多士爐、高畫質、DMM獨家,浅倉彩音、中森玲子、村上涼子（中村りかこ、黒木菜穂）,https://www.javbus.com/ANND-100,
FAX-389 毒を食らわば皿まで… 悦楽の肉欲地獄は禁親相姦,FAX-389 毒を食らわば皿まで… 悦楽の肉欲地獄は禁親相姦,FAX-389,,2012-01-09,106分鐘,ヘンリー塚本,FAプロ・プラチナ,FAプロ,毒を喰らわば皿まで…,成熟的女人、亂倫、已婚婦女、69、戲劇,夏海エリカ、中森玲子、横山翔子、中條美華,https://www.javbus.com/FAX-389,
MKCK-034 カラダデ犯ス痴女8時間,MKCK-034 カラダデ犯ス痴女8時間,MKCK-034,,2012-01-08,479分鐘,,E-BODY,E-BODY,,蕩婦、乳交、合集、4小時以上作品、巨乳、DMM獨家,水咲カレン、花井メイサ、かすみりさ、川瀬愛美、恵けい、桜ここみ、森ななこ、美咲結衣、黒木アリサ、中森玲子、真田春香、竹内あい、山田マリコ、浅乃ハルミ、宮坂レイア、乙葉真希、小鳥遊瀬那、高沢沙耶、百花エミリ、若菜ちえ、哀川りん、上村あずさ、武藤クレア、菅野さゆき、小沢アリス、松すみれ、来栖ひなた,https://www.javbus.com/MKCK-034,
MKCK-033 深みあるコクと味わい山形健BEST,MKCK-033 深みあるコクと味わい山形健BEST,MKCK-033,,2012-01-08,239分鐘,,E-BODY,E-BODY,,合集、子宮頸、顏射、巨乳、DMM獨家,白川ゆかり、上原もね、山田マリコ、菅野さゆき、初音みのり、愛原さえ、小沢アリス、浅乃ハルミ、中森玲子,https://www.javbus.com/MKCK-033,
SDMT-636 超人気AV女優が離島で真剣お見合い,SDMT-636 超人気AV女優が離島で真剣お見合い,SDMT-636,,2012-01-08,229分鐘,鎗ヶ崎一,SODクリエイト,SODクリエイト,,成熟的女人、纪录片、數位馬賽克,結城みさ、中森玲子、北条麻妃、村上涼子（中村りかこ、黒木菜穂）,https://www.javbus.com/SDMT-636,
OKAS-088 決定的瞬間！！隣の奥さんパンチラ胸チラ集,OKAS-088 決定的瞬間！！隣の奥さんパンチラ胸チラ集,OKAS-088,,2012-01-07,119分鐘,,ex,お母さん.com,,成熟的女人、已婚婦女、內衣、巨乳,三原慶子、みはる雫、竹内奈々子、仁科さゆり、荒木瞳、桧山すず、根元純、堀越香奈、小出遥、桐岡さつき、羽月希、花村いづみ、伊織涼子、北条美里、甲斐ミハル、竹井ゆかり、若槻尚美、中森玲子、山口智美、南レイ,https://www.javbus.com/OKAS-088,
WAB-109 ワンズファクトリー ダークサイド オナニーBEST 4時間,WAB-109 ワンズファクトリー ダークサイド オナニーBEST 4時間,WAB-109,,2012-01-03,240分鐘,,ワンズファクトリー,WANZ,ワンズファクトリーダークサイド,玩具、合集、巨乳、自慰,宮崎あい、星野あかり、ERIKA（モカ、MOKA）、月野りさ、雪見紗弥、夏川亜咲、村上里沙、小坂めぐる、沢尻アヤカ、新井エリー（晶エリー、大沢佑香）、北島玲、大塚咲（小野沙樹、大滝佐紀）、妃乃ひかり、うるみゆう、広瀬奈々美（堀口奈津美）、辻さき、成瀬心美（ここみ）、鈴香音色、石川みずき、仲村ろみひ、須真杏里（須真杏理）、中森玲子、澤村レイコ（高坂保奈美、高坂ますみ）、浅田ちち、逢沢なお（青山れあ）、樹花凜（七咲楓花）、艶堂しほり（遠藤しおり）、一ノ瀬あきら、RUMIKA,https://www.javbus.com/WAB-109,
JUSD-388 もの凄い巨尻美熟女40人の馬乗りファック8時間,JUSD-388 もの凄い巨尻美熟女40人の馬乗りファック8時間,JUSD-388,,2011-12-29,479分鐘,,マドンナ,Madonna,もの凄い巨尻美熟女,成熟的女人、合集、屁股、數位馬賽克、女上位、DMM獨家,木村真子、伊織涼子、加山なつこ、浅倉彩音、中森玲子、七瀬ゆい（羽田未来）、神崎レオナ（七瀬かすみ）、広瀬奈々美（堀口奈津美）、志村玲子、川上ゆう（森野雫）、葉月奈穂（葉月菜穂）、村上涼子（中村りかこ、黒木菜穂）、黒木麻衣（花野真衣、SHIHO）、夢野まりあ、風間ゆみ、酒井ちなみ（紫葵）、山口玲子、岩崎千鶴、恵けい、折原ゆかり、Hitomi（田中瞳）、藤沢芳恵、朝霧一花、楢崎かほり、中園貴代美、百花エミリ、吉澤清美（田村みゆき）、小出遥、仁科百華、櫻井夕樹、吉永沙織、瀬戸ありさ、伊沢美春（伊沢美晴）、森山杏菜（森山杏奈）、伊吹稟、美原咲子、北条美里、鈴香音色、雪音ありさ,https://www.javbus.com/JUSD-388,
FRGJV-008 熟女100人10年史8時間,FRGJV-008 熟女100人10年史8時間,FRGJV-008,,2011-12-27,485分鐘,,グラフィティジャパン,フェアエスト,,成熟的女人、4小時以上作品,小沢志乃、冴島奈緒、風野チカ、姿麗子、渋谷あかね、立花優、麻生千尋、楠真由美、金子リサ、夢野まりあ、風間ゆみ、友田真希、山本さき、瀬名涼子、ミュウ（夏目ミュウ、春川リサ、夏目衣織）、坂下陽子、穂高奈月、小池絵美子、麻布レオナ、紫彩乃、桜月舞、松川怜未、友崎亜希、藤川真紀子、瀬戸恵子、杉本まりえ、星杏奈、相澤かな、藤森綾子、有沢実紗、青木りかこ（明石翼）、浅倉彩音、中森玲子、桐島ひかり、秋野美鈴、花村いづみ、酒井ちなみ（紫葵）、山口玲子、高梨さとみ、桐島秋子、宮下真紀、安藤千代子、艶堂しほり（遠藤しおり）、松本あきえ、澤村レイコ（高坂保奈美、高坂ますみ）、芹沢恋、浅井舞香、風間百合恵、五十川みどり、志村玲子、白鳥美鈴、日吉ルミコ、澤よし乃、愛川咲樹、天霧真世、東条美菜、叶艶子、上原美菜、町村小夜子、石黒京香（黒木かえで）、川上ゆう（森野雫）、北原夏美、今井ゆり、蓮見梨沙、高島恵、川田ちあき、柊麗子、翔田千里、長谷川真夕、松本亜璃沙、麻川梨乃、加賀雅、望月加奈（松沢真理）、立花瞳、里中亜矢子、結衣（結衣美沙）、風間今日子（風間恭子）、花井ももか、柊早矢（美咲ゆりあ）、黒木麻衣（花野真衣、SHIHO）、水紗和みずほ、月島えりな、あずま樹、山口真理、村上涼子（中村りかこ、黒木菜穂）、倖田李梨（倖田美梨、岩下美季）、麻倉みお、美月ゆう子（長瀬優子）、小林みゆき、海老原しのぶ,https://www.javbus.com/FRGJV-008,
DSE-887 美乳熟女4時間20人総集編 3,DSE-887 美乳熟女4時間20人総集編 3,DSE-887,,2011-12-26,238分鐘,,ドリームステージ,熟女絵巻,美乳熟女○時間○人総集編,成熟的女人、合集、乳房、4小時以上作品,竹内サキ、水城はるみ、夏樹しおり、野原もも、山口智美、桜井あずさ、黒木小夜子（秀吉小夜子）、麻生岬、鏡麗子、梶原まゆ、星優乃、一条梨乃、藤木未央、細川まり、橘美沙、中森玲子、夏川優奈（白石沙里奈）、椎名はるか、東条美菜,https://www.javbus.com/DSE-887,
JUSD-383 マドンナ8周年記念 絶頂に達する寸前の追い込み激ファック108発！！,JUSD-383 マドンナ8周年記念 絶頂に達する寸前の追い込み激ファック108発！！,JUSD-383,,2011-12-25,239分鐘,,マドンナ,Madonna,マドンナ8周年記念,成熟的女人、合集、已婚婦女、數位馬賽克、DMM獨家,橘エレナ、波多野結衣、JULIA、竹内結、横山みれい、ましろ杏、中森玲子、佐藤みき（佐藤美紀、鈴木志帆）、七瀬ゆい（羽田未来）、つぼみ,https://www.javbus.com/JUSD-383,
BOMN-039 巨乳パイズリSP 総集編4時間,BOMN-039 巨乳パイズリSP 総集編4時間,BOMN-039,,2011-12-23,239分鐘,,ABC/妄想族,BoinBB/ABC,巨乳スペシャル,乳交、合集、戀乳癖、巨乳,瀬戸みずほ、橘なお（上原海里）、櫻井夕樹、小出遥、鈴香音色、平山薫、高島恭子、北川瞳、仁科百華、JULIA、葉月奈穂（葉月菜穂）、水城奈緒、水森あおい、並木るか（橘ひな）、小林芽衣（小林メイ）、辻さき、友野みゆき、中森玲子、愛あいり、宮崎あい,https://www.javbus.com/BOMN-039,
MIBD-609 ザーメンを見せ付けるいやらしい舌使いが丸見え！ネバスペ4時間,MIBD-609 ザーメンを見せ付けるいやらしい舌使いが丸見え！ネバスペ4時間,MIBD-609,,2011-12-22,238分鐘,,ムーディーズ,MOODYZBest,,蕩婦、其他戀物癖、合集、淫語、DMM獨家、吞精,みずき紗英、中野美奈、つぼみ、新井エリー（晶エリー、大沢佑香）、滝沢優奈、ひな、寧々、妃乃ひかり、綾乃梓、南波杏、藤森くらら、野々宮りん（長谷川めい）、斉藤ここみ、Rin.、天衣みつ、水谷桃、持田茜（しじみ）、黒沢愛、金沢文子、COCOLO、真中ゆり、早川瀬里奈、花村沙知、雫パイン、まりか、夏川未来（小春）、佐倉カオリ、美咲結衣、芦名未帆（稲森しほり）、谷村早苗、亜梨、ひなのりく、桜井エミリ、水城奈緒、香月藍、愛菜りな、鷹宮りょう、くるみひな、あのあるる、七瀬ゆい（羽田未来）、中森玲子、石川流花,https://www.javbus.com/MIBD-609,
MKCK-032 高画質日替わりSEX4時間,MKCK-032 高画質日替わりSEX4時間,MKCK-032,,2011-12-08,239分鐘,,E-BODY,E-BODY,高画質日替わりSEX,苗條、合集、高畫質、巨乳、DMM獨家,上条めぐ（三浦芽依）、かすみりさ、初音みのり、長澤あずさ、恵けい、佳山三花、森ななこ、JULIA、ましろ杏、中森玲子、竹内あい、山田マリコ、百花エミリ、北川瞳、桜ここみ、浅乃ハルミ、青空小夏、小鳥遊瀬那、眞乃かすみ、瀬戸みずほ、若菜ちえ、すずきりりか、哀川りん、ゆうきさやか、仁科百華、水咲カレン、上村あずさ、美咲結衣、武藤クレア、菅野さゆき、愛原さえ,https://www.javbus.com/MKCK-032,
MKCK-031 E-BODY VS 巨根4時間,MKCK-031 E-BODY VS 巨根4時間,MKCK-031,,2011-12-08,239分鐘,,E-BODY,E-BODY,,合集、巨乳、DMM獨家,亜梨、緋村由衣、初音みのり、恵けい、桜ここみ、春咲あずみ、浅乃ハルミ、中森玲子、ASUKA、妃乃ひかり、青空小夏、諸星セイラ（百瀬涼）、橘なお（上原海里）、小鳥遊瀬那、眞乃かすみ、北川瞳、美咲結衣、武藤クレア、小島優花,https://www.javbus.com/MKCK-031,
ALD-490 生中出し美熟女,ALD-490 生中出し美熟女,ALD-490,,2011-12-02,244分鐘,,桃太郎映像出版,ALLIN☆ONE,,成熟的女人、多P、凌辱、中出、女上位,安西カルラ、藤咲沙耶、立花みずき、中森玲子、佐藤みき（佐藤美紀、鈴木志帆）、澤村レイコ（高坂保奈美、高坂ますみ）、藤宮櫻花（眞雪ゆん）、水元ゆうな、紫彩乃、風間ゆみ、春樹レイ、横山みれい、結城みさ,https://www.javbus.com/ALD-490,
JUSD-381 絶品グラマラス熟ボディ20人8時間 2,JUSD-381 絶品グラマラス熟ボディ20人8時間 2,JUSD-381,,2011-12-01,479分鐘,,マドンナ,Madonna,絶品グラマラス熟ボディ,成熟的女人、合集、多P、數位馬賽克、巨乳、DMM獨家,秋野千尋、真田春香、Hitomi（田中瞳）、森ななこ、鈴香音色、羽月希、中森玲子、鈴木さとみ、浜崎りお（森下えりか、篠原絵梨香）、風間ゆみ、折原ゆかり、神谷さき、永瀬美月、愛原さえ、百花エミリ、伊島香織、小出遥、仁科百華、浅乃ハルミ、雪音ありさ,https://www.javbus.com/JUSD-381,
MCSR-054R 極上美人妻 8時間BEST 第2章,MCSR-054R 極上美人妻 8時間BEST 第2章,MCSR-054R,,2011-11-25,478分鐘,蟹江大介,ビッグモーカル,マスカット,極上○○8時間BEST,合集、已婚婦女、4小時以上作品、高畫質,朝倉奈々子、中山かすみ、綾波あすか、天海ゆり、春風えみ、若槻尚美、中森玲子、あすかみみ、藤咲飛鳥、澤村レイコ（高坂保奈美、高坂ますみ）、吉岡奈々子、橘慶子、姫野りえ、Roco、広瀬奈々美（堀口奈津美）、牧野遥、はるか悠、青山ゆい、長谷川美紅、水原みなみ、望月加奈（松沢真理）、小峰由衣、葉月奈穂（葉月菜穂）、翔田千里、南原香織、坂本梨沙、柳田やよい、内田美奈子,https://www.javbus.com/MCSR-054R,
CO-4664 「アクメの特盛り4人前！」 2 限界知らずの巨乳妻達,CO-4664 「アクメの特盛り4人前！」 2 限界知らずの巨乳妻達,CO-4664,,2011-11-24,119分鐘,大葉繁,コロナ社,CORONASPECIAL,アクメの特盛り4人前！,成熟的女人、已婚婦女、女上位、巨乳,小泉ありさ、麻布じゅん、中森玲子、美原咲子,https://www.javbus.com/CO-4664,
SBB-122 お母さんデカ尻伝説 4時間,SBB-122 お母さんデカ尻伝説 4時間,SBB-122,,2011-11-11,242分鐘,,マルクス兄弟,MARXBrothersco.,,成熟的女人、母親、亂倫、屁股,滝川絵理子、加山なつこ、高島恭子、浅倉彩音、中森玲子、妃悠愛（長澤杏奈、水原里香、木崎祐子）、佐藤みき（佐藤美紀、鈴木志帆）、樋口冴子（桐島千沙）、村上涼子（中村りかこ、黒木菜穂）、牧本千幸（つかもと友希）,https://www.javbus.com/SBB-122,
MBYD-131 美熟女36人が見せる日常のエロス8時間,MBYD-131 美熟女36人が見せる日常のエロス8時間,MBYD-131,,2011-11-10,480分鐘,,溜池ゴロー,溜池ゴロー,日常のエロス8時間,成熟的女人、合集、數位馬賽克、4小時以上作品、巨乳、DMM獨家,有沢実紗、藤木ルイ、青木りかこ（明石翼）、結城みさ、三咲恭子、中森玲子、真田友里、細川まり、広瀬奈々美（堀口奈津美）、川上ゆう（森野雫）、美原咲子、新尾きり子、早見るり、高島恭子、白鳥聖子、橘慶子、真白希実、真波紫乃、四季彩乃、桜みちる、藤原絵理香、倉木さゆり、内田桃子（藤原多恵）、杉山あゆみ、藤森綾子、北条麻妃、河合律子、樋口冴子（桐島千沙）、大塚咲（小野沙樹、大滝佐紀）、村上涼子（中村りかこ、黒木菜穂）、城エレン、友田真希、山口玲子、光月涼子、椿めぐみ,https://www.javbus.com/MBYD-131,
MKCK-029 密着性交4時間 2,MKCK-029 密着性交4時間 2,MKCK-029,,2011-11-10,240分鐘,,E-BODY,E-BODY,密着性交,合集、巨乳、DMM獨家,仲村美緒、水咲カレン、池田美和子、長谷川杏実（長谷川杏美）、かすみりさ、亜梨、木下若菜、武藤クレア、上村あずさ、高沢沙耶、中森玲子、森ななこ、鈴木さとみ、紅りんご、春咲あずみ、小澤マリア、妃乃ひかり、松嶋れいな、浅乃ハルミ、青空小夏、ましろ杏、乙葉真希、愛原さえ、百花エミリ、佐々木はるか、瀬戸みずほ、すずきりりか、哀川りん、上条めぐ（三浦芽依）、あざみねね,https://www.javbus.com/MKCK-029,
SWF-178 ぷるんぷるんのやわらか～いデカパイでパイズリ挟射,SWF-178 ぷるんぷるんのやわらか～いデカパイでパイズリ挟射,SWF-178,,2011-11-08,240分鐘,,ワンズファクトリー,WANZ,,乳交、戀乳癖、4小時以上作品、巨乳,小町ななみ、桐島冴子、逢沢なお（青山れあ）、大空かのん、水城奈緒、浅田ちち、小坂めぐる、小向杏奈（桜井麻美）、響鳴音（望月なな）、佐倉もなみ、葉月奈穂（葉月菜穂）、妃乃ひかり、羽田夕夏、佐伯奈々、芽衣奈（南芽衣奈）、ERIKA（モカ、MOKA）、西野花梨（小柳まりん、椎名くるみ）、仁科百華、武藤クレア、鈴香音色、倖田みらい、恵けい、中森玲子、辻さき、南沙也香、望月ゆみ、並木るか（橘ひな）、あいぶらん（蜜井とわ）、宮崎あい、百花エミリ,https://www.javbus.com/SWF-178,
IFLY-026 digitalark SEX 8時間,IFLY-026 digitalark SEX 8時間,IFLY-026,,2011-11-04,484分鐘,,デジタルアーク,Di3,,蕩婦、合集、巨乳、女生,花木あのん、RICA（彩音リカ）、泉麻那、ERIKA（モカ、MOKA）、RUMIKA、中森玲子、諸星セイラ（百瀬涼）、佐伯奈々、真咲南朋（楓モモ、安藤なつ妃）、村上涼子（中村りかこ、黒木菜穂）,https://www.javbus.com/IFLY-026,
VERO-015 S級熟女 巨乳爆乳SUPER BEST II,VERO-015 S級熟女 巨乳爆乳SUPER BEST II,VERO-015,,2011-10-29,242分鐘,,VENUS,ヴィーナス（VENUS）,S級熟女（VENUS）,成熟的女人、乳交、合集、已婚婦女、巨乳,美咲りん、櫻井夕樹、森ななこ、櫻井ゆうこ、ましろ杏、水城奈緒、葉月奈穂（葉月菜穂）、浜崎りお（森下えりか、篠原絵梨香）、村上涼子（中村りかこ、黒木菜穂）、風間ゆみ、有永すずか、橘ミオン（石川鈴華）、長澤あずさ、音羽レオン、石原こと、松すみれ、黒澤あみ、漣ゆめ、中森玲子,https://www.javbus.com/VERO-015,
MIRD-100 美しい美熟女たちの夢の出張サービス 風間ゆみ 森ななこ 中森玲子 川上ゆう,MIRD-100 美しい美熟女たちの夢の出張サービス 風間ゆみ 森ななこ 中森玲子 川上ゆう,MIRD-100,,2011-10-28,147分鐘,FLAGMAN,ムーディーズ,MOODYZREAL,,蕩婦、企畫、成熟的女人、乳交、妓女、淫語、數位馬賽克、高畫質、DMM獨家,森ななこ、中森玲子、川上ゆう（森野雫）、風間ゆみ,https://www.javbus.com/MIRD-100,
CO-4651 騎乗位好きの奥さん達 1,CO-4651 騎乗位好きの奥さん達 1,CO-4651,,2011-10-26,119分鐘,金城哲哉,コロナ社,CORONASPECIAL,騎乗位好き,和服・喪服、已婚婦女、女上位、巨乳,桃野宵子、佐倉あやめ、山口智美、中森玲子、浅岡沙希（浅岡沙季）,https://www.javbus.com/CO-4651,
YSH-006 人妻覚悟の日 ソープ風俗店の新人講習 この日をさかいに覚悟を決めた人妻たち,YSH-006 人妻覚悟の日 ソープ風俗店の新人講習 この日をさかいに覚悟を決めた人妻たち,YSH-006,,2011-10-23,312分鐘,,映天,ヤブサメ（映天）,,妓女、已婚婦女、女優按摩棒,長谷川ゆりえ、春樹レイ、中森玲子、小野里美、葉月奈穂（葉月菜穂）,https://www.javbus.com/YSH-006,
JUSD-372 男を骨抜きにする30人の熟痴女ファック4時間,JUSD-372 男を骨抜きにする30人の熟痴女ファック4時間,JUSD-372,,2011-10-20,239分鐘,,マドンナ,Madonna,,蕩婦、合集、花癡、數位馬賽克、4小時以上作品、顏面騎乘、巨乳、DMM獨家,星野あかり、秋本絵梨、風見京子、星優乃、城エレン、浜崎りお（森下えりか、篠原絵梨香）、結衣（結衣美沙）、翔田千里、村上涼子（中村りかこ、黒木菜穂）、風間ゆみ、酒井ちなみ（紫葵）、山口珠理、宏岡みらい、鏡麗子、かすみりさ、竹内順子、瀬奈涼、立花みずき、ましろ杏、橘エレナ、徠夢、北条麻妃、佐藤みき（佐藤美紀、鈴木志帆）、藤咲凛子、関口梨乃、中森玲子、細川まり、艶堂しほり（遠藤しおり）、芹沢恋、音和礼子,https://www.javbus.com/JUSD-372,
VENU-180 湯けむり近親相姦 母子入浴交尾 総集編 4時間,VENU-180 湯けむり近親相姦 母子入浴交尾 総集編 4時間,VENU-180,,2011-10-16,242分鐘,,VENUS,女神（ヴィーナス）,湯けむり近親相姦,成熟的女人、合集、亂倫、已婚婦女、巨乳,彼方まりあ、石原こと、橘慶子、長谷川美紅、松すみれ、JULIA、中森玲子、北条麻妃、柳田やよい、村上涼子（中村りかこ、黒木菜穂）,https://www.javbus.com/VENU-180,
XQQ-011 人妻恥悦旅行 人妻交尾絵巻 4時間,XQQ-011 人妻恥悦旅行 人妻交尾絵巻 4時間,XQQ-011,,2011-10-11,238分鐘,高橋浩一,グローリークエスト,GLORYQUEST,人妻恥悦旅行,合集、已婚婦女、通姦、拘束、女優按摩棒,中園貴代美、池永京子、北園梓、中森玲子,https://www.javbus.com/XQQ-011,
FAX-372 熟女のアレはメラニン色素で黒ずんでいる,FAX-372 熟女のアレはメラニン色素で黒ずんでいる,FAX-372,,2011-10-10,108分鐘,ヘンリー塚本,FAプロ・プラチナ,FAプロ,,成熟的女人、舔陰、戲劇,美里蘭、中森玲子、ささきふう香,https://www.javbus.com/FAX-372,
AUKS-016 ペニバン女と変態マゾ男2,AUKS-016 ペニバン女と変態マゾ男2,AUKS-016,,2011-10-10,240分鐘,,U＆K,U＆K,「飼育の虜」変態マゾ男とペニバン女,蕩婦、合集、插入異物、拘束、肛交,辻さき、中森玲子、一戸のぞみ、山口玲子,https://www.javbus.com/AUKS-016,
AUKG-081 噂のビアン専用 巨乳レズエステ,AUKG-081 噂のビアン専用 巨乳レズエステ,AUKG-081,,2011-10-10,100分鐘,,U＆K,U＆K,,女同性戀、舔陰、美容院、女同接吻、巨乳,真鍋紗愛、横山みれい、ERIKA（モカ、MOKA）、中森玲子、永井智美、葉月奈穂（葉月菜穂）,https://www.javbus.com/AUKG-081,
VSPDS-594 最高級顔騎 2 ～豊満なお尻で最高の癒しを貴方に～,VSPDS-594 最高級顔騎 2 ～豊満なお尻で最高の癒しを貴方に～,VSPDS-594,,2011-10-08,116分鐘,吉田素直,V＆Rプロダクツ,V＆Rプロダクツ,最高級顔騎,蕩婦、其他戀物癖、屁股、舔陰、DVD多士爐、顏面騎乘,新垣美緒、中森玲子、水城奈緒,https://www.javbus.com/VSPDS-594,
VENU-177 S級熟女 8,VENU-177 S級熟女 8,VENU-177,,2011-09-30,243分鐘,,VENUS,女神（ヴィーナス）,S級熟女（VENUS）,成熟的女人、合集、亂倫、已婚婦女、巨乳,堀北あさみ、橘エレナ、芹沢恋、真白希実、中森玲子、妃悠愛（長澤杏奈、水原里香、木崎祐子）、加藤ツバキ（夏樹カオル）、浜崎りお（森下えりか、篠原絵梨香）、妃乃ひかり、風間ゆみ,https://www.javbus.com/VENU-177,
NASS-028 大人美人な人妻たち,NASS-028 大人美人な人妻たち,NASS-028,,2011-09-27,238分鐘,星野光明,なでしこ,Nadeshiko,,連褲襪、已婚婦女、4小時以上作品、手指插入,楓まお、横山みれい、中森玲子、艶堂しほり（遠藤しおり）、北条麻妃、澤村レイコ（高坂保奈美、高坂ますみ）、黒木麻衣（花野真衣、SHIHO）、姫野愛、村上涼子（中村りかこ、黒木菜穂）、川上ゆう（森野雫）、星優乃、鮎川みさと,https://www.javbus.com/NASS-028,
JUSD-365 2011年マドンナ上半期131タイトル8時間,JUSD-365 2011年マドンナ上半期131タイトル8時間,JUSD-365,,2011-09-18,478分鐘,,マドンナ,Madonna,マドンナ○半期,成熟的女人、業餘、合集、已婚婦女、新娘、年輕妻子、數位馬賽克、高畫質、DMM獨家,吉澤清美（田村みゆき）、牧田かえで、芦名紗希、かすみりさ、岩崎千鶴、加山なつこ、朝霧一花、ましろ杏、はるか悠、鏡麗子、風間ゆみ、牧原れい子、夢野まりあ、水元ゆうな、長谷川美紅、青木玲、青木りん、伊島香織、香坂玲依寧、石倉えいみ、紫ちひろ、秋野千尋、川嶋菜緒、神谷さき、新堂綾乃、藤咲沙耶、西城玲華、白鳥美玲、永瀬美月、香川翔、渡部梓、立花アイリ、遠山美樹、百花エミリ、杉本亜美、水城奈緒、浜崎りお（森下えりか、篠原絵梨香）、羽月希、桐岡さつき、櫻井夕樹、仁科百華、上村れな、有沢りさ、真矢志穂、彩瀬りえか、優木明日花、安部千秋、佐々木千香、希咲あや、雨宮真貴、音和礼子、大城かえで、小出遥、伊織涼子、平山薫、川上ゆう（森野雫）、森ななこ、七瀬ゆい（羽田未来）、中森玲子、長澤あずさ、恵けい、折原ゆかり、成瀬心美（ここみ）、松浦ひろみ、彩佳リリス（藤崎クロエ）、横山みれい、小林さとみ、高島恭子、黒木唯香、管野しずか、結城みさ、峰岸志保,https://www.javbus.com/JUSD-365,
BIJ-007 舐め至極,BIJ-007 舐め至極,BIJ-007,,2011-09-17,109分鐘,,虎堂,淫熟,,蕩婦、成熟的女人、多P,三村ちな、桜井里緒菜、中森玲子、桐原あずさ（伊藤あずさ）、川上ゆう（森野雫）、吉澤レイカ,https://www.javbus.com/BIJ-007,
CADV-271 レイプされた未亡人 8時間100連発！！,CADV-271 レイプされた未亡人 8時間100連発！！,CADV-271,,2011-09-16,479分鐘,,クリスタル映像,CRYSTALEX,,和服・喪服、強姦、寡婦、4小時以上作品,杉岡紗衣、大橋陽子、星川美沙、河合伊織、雪乃、橘エレナ、結城みさ、落合美鈴、白鳥るり、葉月由良（星野綾香、中州悠良）、深津映見、大島あさみ、華咲りょう、香咲美央、佐野ともか、雪美まゆ、川西やよい、吉永キラリ、井口清香、ayami（赤西涼、まひる）、沢木ルミ、奥井愛理、岩山舞、加藤ツバキ（夏樹カオル）、町野とびら、ささきふう香、牧本千幸（つかもと友希）、山口玲子、風間ゆみ、木村沙恵、長谷川美紅、牧村姫、秋川りお（美月このみ）、牧れいか、羽田麻衣子、星野あかり、夢咲こよい、村上涼子（中村りかこ、黒木菜穂）、高宮沙織、竹内なるみ、山口真理、山咲ちゆり、葉月奈穂（葉月菜穂）、斉藤容子、緋村さら、西岡まき、江口まりな、椿みゅう、真鍋里美、大嶺貴美子、星名麗、立木ゆりあ、桂菜々子、真白希実、小橋紗良、新尾きり子、南野あかり、田野みさと、加賀るみ、伊沢美春（伊沢美晴）、深海沙織、早見るり、風見渚、夏川真由美、広瀬みく、矢田真由美、黒谷彩乃、中島しのぶ、青山瞳、矢沢こころ、かなた美緒（舞雪）、篠原優衣、沢野なぎさ、小林芽衣（小林メイ）、沢希ひかる、大橋留美、吉原日出子、富永ひろ美、桧山すず、秋山瞳、佐藤みき（佐藤美紀、鈴木志帆）、綾女、上原彩花、月島アスカ、岬紗弥、中森玲子、美月杏,https://www.javbus.com/CADV-271,
FAX-366 世にも卑猥な淫乱秘戯 抱きたい女 抱かれたい女,FAX-366 世にも卑猥な淫乱秘戯 抱きたい女 抱かれたい女,FAX-366,,2011-09-09,128分鐘,ヘンリー塚本,FAプロ・プラチナ,FAプロ,,紧缚、69、多P、戲劇,中森玲子、大越はるか、東条美菜、松下ゆうか（愛乃彩音、藤咲ゆうか）、秋川りお（美月このみ）,https://www.javbus.com/FAX-366,
MKCK-026 50人50FUCK8時間,MKCK-026 50人50FUCK8時間,MKCK-026,,2011-09-08,479分鐘,,E-BODY,E-BODY,,合集、4小時以上作品、巨乳、DMM獨家,本田ゆかり、かすみりさ、亜梨、石黒沙良、里崎マリヤ、愛実（秋川ルイ）、初音みのり、森ななこ、春風えみ、中森玲子、桜井エミリ、緋村由衣、仲村ろみひ、花井メイサ、澄川ロア、妃乃ひかり、木村彩、小川あさ美、小澤マリア、水城奈緒、大塚咲（小野沙樹、大滝佐紀）、香坂杏奈、浜崎りお（森下えりか、篠原絵梨香）、真田春香、黒木アリサ、長澤あずさ、武藤クレア、美咲結衣、上村あずさ、水咲カレン、湖南みるく、仁科百華、若菜ちえ、瀬戸みずほ、北川瞳、百花エミリ、菅野さゆき、乙葉真希、朋香めい、愛沢蓮、浅乃ハルミ、吉川えみり、二宮せりな、青空小夏、諸星セイラ（百瀬涼）、松すみれ、真矢ゆき、高城ゆい、高島恭子、眞乃かすみ,https://www.javbus.com/MKCK-026,
MBYD-128 溜池ゴロー2011年上半期全36作品8時間,MBYD-128 溜池ゴロー2011年上半期全36作品8時間,MBYD-128,,2011-09-08,479分鐘,,溜池ゴロー,溜池ゴロー,溜池ゴロー○年○半期,成熟的女人、合集、數位馬賽克、4小時以上作品、DMM獨家,雨宮真貴、長澤あずさ、森ななこ、沢村麻耶、横山みれい、浅倉彩音、中森玲子、広瀬奈々美（堀口奈津美）、水元ゆうな、風間ゆみ、神崎レオナ（七瀬かすみ）、春咲あずみ、山口玲子、夏原カレン、森山杏菜（森山杏奈）、管野しずか、真矢涼子、杉本亜美、石田れいな、佐々木千香、優木明日花、百田栞、加納瞳、荒木瞳、桐岡さつき、江原あけみ（美輪ちあき）、伊織涼子、結城みさ、山見ゆな,https://www.javbus.com/MBYD-128,
JUSD-363 Hカップ以上限定！爆乳美熟女20人の騎乗位とバックとパイズリ4時間,JUSD-363 Hカップ以上限定！爆乳美熟女20人の騎乗位とバックとパイズリ4時間,JUSD-363,,2011-09-01,239分鐘,,マドンナ,Madonna,,成熟的女人、乳交、合集、數位馬賽克、女上位、巨乳、DMM獨家,野原もも、青木りん、櫻井夕樹、恵けい、高島恭子、櫻井ゆうこ、有沢りさ、葉月奈穂（葉月菜穂）、城エレン、夢野まりあ、愛樹るい、JULIA、美原咲子、徠夢、時越芙美江、宮田まり、中森玲子、大林理恵（大林リエ）、小林芽衣（小林メイ）、君嶋かほり,https://www.javbus.com/JUSD-363,
BOIN-093 巨乳・爆乳 撮影後のひと時 あなたの大きなおっぱい洗わせてください,BOIN-093 巨乳・爆乳 撮影後のひと時 あなたの大きなおっぱい洗わせてください,BOIN-093,,2011-08-29,109分鐘,,ex,BoinBB,巨乳・爆乳,戀乳癖、巨乳,真鍋紗愛、鮎川みさと、伊沢美春（伊沢美晴）、森永ひよこ、秋乃マロン、西本はるみ、橘なお（上原海里）、横山みれい、中森玲子、浅田ちち、星野あや、真野響、宝生優果（羽野理沙）、新田まなみ,https://www.javbus.com/BOIN-093,
OBST-021 母子相姦の入浴集 4時間,OBST-021 母子相姦の入浴集 4時間,OBST-021,,2011-08-29,241分鐘,,ex,お母さん.com,,成熟的女人、母親、亂倫、4小時以上作品、手指插入,永原美代子、押尾伸子、石田みちる、中野まりえ、四季彩乃、美山蘭子、中森玲子、小野里美、時越芙美江、小池絵美子、加賀ゆり子、伊織涼子、花村いづみ、青山祥子、成田レミ、三原慶子、杉山あゆみ、林このみ、井本茜、城エレン、志村玲子、水元えり、小林芽衣（小林メイ）、小鳥遊恋（高梨恋子）、木村雅子、安西里緒菜、林なお、水野優、夏海エリカ、加藤なお、石川さとこ、風見なな,https://www.javbus.com/OBST-021,
OOMN-029 フェラチオしたがる母親達 94名8時間,OOMN-029 フェラチオしたがる母親達 94名8時間,OOMN-029,,2011-08-27,480分鐘,,ABC/妄想族,お母さん.com/ABC,美熟女プレイ集,成熟的女人、母親、口交、婆婆、顏射、DMM獨家,愛原唯、藤森綾子、横山みれい、北条美里、中森玲子、時越芙美江、桜みちる、北原夏美、澤村レイコ（高坂保奈美、高坂ますみ）、細川まり、鷹宮りょう、藤宮櫻花（眞雪ゆん）、大越はるか、生田沙織、加藤ツバキ（夏樹カオル）、柳田やよい、松浦ユキ、町村小夜子、中村綾乃、立花みずき,https://www.javbus.com/OOMN-029,
SWF-170 魅惑の美熟女コレクション 25人4時間,SWF-170 魅惑の美熟女コレクション 25人4時間,SWF-170,,2011-08-22,242分鐘,,ワンズファクトリー,WANZ,,成熟的女人、4小時以上作品、手指插入、巨乳、內衣,伊吹稟、早乙女香織、和希優子、浅倉彩音、柳田やよい、黒木麻衣（花野真衣、SHIHO）、翔田千里、村上涼子（中村りかこ、黒木菜穂）、鮎川るい、朝倉まりあ、望月加奈（松沢真理）、西条麗、紫彩乃、松浦ユキ、川上ゆう（森野雫）、葉月紗絢、風間ゆみ、北川夏美、橘エレナ、桃山かおり、中森玲子、桜庭怜香、澤村レイコ（高坂保奈美、高坂ますみ）、艶堂しほり（遠藤しおり）、友田真希,https://www.javbus.com/SWF-170,
SWF-169 Gカップ以上の巨乳の激しい後背位 20人4時間,SWF-169 Gカップ以上の巨乳の激しい後背位 20人4時間,SWF-169,,2011-08-22,240分鐘,,ワンズファクトリー,WANZ,,其他戀物癖、戀乳癖、4小時以上作品、巨乳,松坂みるく、@YOU、飯島夏希、浅田ちち、葉月奈穂（葉月菜穂）、佐伯奈々、北島玲、響鳴音（望月なな）、浜崎りお（森下えりか、篠原絵梨香）、RIRICO、芽衣奈（南芽衣奈）、桐島冴子、中森玲子、七瀬ゆい（羽田未来）、辻さき、南沙也香、望月ゆみ、あいぶらん（蜜井とわ）、ERIKA（モカ、MOKA）、倖田みらい,https://www.javbus.com/SWF-169,
JUSD-361 壮絶ピストン！美熟女30人のヌメる結合部4時間,JUSD-361 壮絶ピストン！美熟女30人のヌメる結合部4時間,JUSD-361,,2011-08-14,239分鐘,,マドンナ,Madonna,,成熟的女人、合集、數位馬賽克、DMM獨家、局部特寫,伊島香織、加山なつこ、横山みれい、中森玲子、小向まな美、北条麻妃、柳田やよい、桐原あずさ（伊藤あずさ）、樋口冴子（桐島千沙）、村上涼子（中村りかこ、黒木菜穂）、黒木麻衣（花野真衣、SHIHO）、長谷川美紅、水元ゆうな、鏡麗子、桜みちる、橘慶子、新堂綾乃、渡部梓、雨宮真貴、優木明日花、桐岡さつき、真下礼子、江原あけみ（美輪ちあき）、佐々木さゆり、星杏奈、結城みさ、立花みずき、華山美玲、美原咲子、秋野千尋,https://www.javbus.com/JUSD-361,
CADV-262 エステなのに口説かれてエッチしちゃうエステティシャン 25人240分！！,CADV-262 エステなのに口説かれてエッチしちゃうエステティシャン 25人240分！！,CADV-262,,2011-08-10,239分鐘,,クリスタル映像,CRYSTALEX,エステなのに口説かれてエッチしちゃうエステティシャン,多P、美容院、按摩、打手槍,氷月麗、久保希、奄美ユウ、星野あかり、中森玲子,https://www.javbus.com/CADV-262,
FRGJV-006 禁親相姦介護 DX 4時間,FRGJV-006 禁親相姦介護 DX 4時間,FRGJV-006,,2011-08-09,239分鐘,,グラフィティジャパン,フェアエスト,禁親相姦介護,合集、亂倫、舔陰、女上位,相沢かな、秋野美鈴、井川ゆい、有沢実紗、芹沢恋、花村いづみ、青木りかこ（明石翼）、中森玲子、翔田千里,https://www.javbus.com/FRGJV-006,
FAX-360 昭和の夏の禁断の性 出戻り妹の飢えた割れ目/貧乏人の好色母娘/情事に狂う女先生,FAX-360 昭和の夏の禁断の性 出戻り妹の飢えた割れ目/貧乏人の好色母娘/情事に狂う女先生,FAX-360,,2011-08-06,121分鐘,ヘンリー塚本,FAプロ・プラチナ,FAプロ,,成熟的女人、女教師、姐妹、戲劇,夏海エリカ、中森玲子、大沢萌、坂本愛海,https://www.javbus.com/FAX-360,
FAX-361 奴隷制度復活 性欲処理専用人間,FAX-361 奴隷制度復活 性欲処理専用人間,FAX-361,,2011-08-06,119分鐘,ヘンリー塚本,FAプロ・プラチナ,FAプロ,,野外・露出、紧缚、多P、性奴、戲劇,夏海エリカ、浅井舞香、中森玲子、横山翔子、松下ゆうか（愛乃彩音、藤咲ゆうか）,https://www.javbus.com/FAX-361,
MBYD-126 特盛り！！ BEST HIT 美熟女 26人8時間,MBYD-126 特盛り！！ BEST HIT 美熟女 26人8時間,MBYD-126,,2011-08-05,479分鐘,,溜池ゴロー,溜池ゴロー,BESTHIT美熟女,成熟的女人、合集、數位馬賽克、4小時以上作品、DMM獨家,星野あかり、辻本りょう、横山みれい、管野しずか、水城奈緒、柳田やよい、黒木麻衣（花野真衣、SHIHO）、翔田千里、川上ゆう（森野雫）、友田真希、亜希菜、美原咲子、橘エレナ、真白希実、杉山あゆみ、北条麻妃、高島恭子、立花みずき、浅倉彩音、山口玲子、細川まり、中森玲子、広瀬奈々美（堀口奈津美）,https://www.javbus.com/MBYD-126,
JUSD-357 絶頂アクメ！熟マンクンニ120連発4時間,JUSD-357 絶頂アクメ！熟マンクンニ120連発4時間,JUSD-357,,2011-07-31,238分鐘,,マドンナ,Madonna,,成熟的女人、合集、數位馬賽克、舔陰、DMM獨家,星野あかり、黒木あげは、吉野碧、小林みゆき、伊織涼子、黒木麻衣（花野真衣、SHIHO）、あずま樹、鮎川るい、妃乃ひかり、よしい美希（伊沢涼子、吉井美希）、渡部梓、伊島香織、牧田かえで、雨宮真貴、優木明日花、真矢志穂、白鳥美雪、桐岡さつき、真下礼子、内田美奈子、星杏奈、平山薫、結城みさ、池田喜代子、伊吹稟、小林さとみ、新村まり子、横山みれい、北条美里、有沢実紗、石橋ゆう子、浅倉彩音、佐藤みき（佐藤美紀、鈴木志帆）、中森玲子、森ななこ、艶堂しほり（遠藤しおり）、春風えみ、広瀬奈々美（堀口奈津美）、川上ゆう（森野雫）、北原夏美、樋口冴子（桐島千沙）、宮崎彩香、五十川みどり、泉貴子、瀬戸ゆうき、倉木小夜（村上美咲、樋口啓子）、天海ゆり、神楽メイ、浜崎りお（森下えりか、篠原絵梨香）、志村玲子、白坂百合、大塚咲（小野沙樹、大滝佐紀）、白鳥美鈴、恭子、坂本梨沙、向井莉奈、日吉ルミコ、愛川咲樹、天霧真世、増尾彩、桐原あずさ（伊藤あずさ）、速水怜、美波志保、翔田千里、清水美佐子、佐伯晴香、如月みゆき、和希優子、片山ゆかり、吉川ゆう、神崎京子、増田ゆり子、藤原キリカ、沢田麗奈、野宮凛子、水城優子、麻生洋子、青山ゆかり、村上涼子（中村りかこ、黒木菜穂）、吹雪かすみ、倖田李梨（倖田美梨、岩下美季）、日向ゆみ、篠宮慶子、美月ゆう子（長瀬優子）、折原純子、西条麗、希崎圭蓮（杉本彩子）、里中亜矢子、結衣（結衣美沙）、葉山瑶子、青木玲、小池絵美子、麻布レオナ、神崎美樹、桜月舞、水元ゆうな、草凪純（加納瑞穂）、沙羅樹、真田ゆかり（葵のぞみ）、友崎亜希、須藤あゆみ、友田真希、赤坂ルナ、牧原れい子、風見京子、風間ゆみ、朝倉まりあ、沢口みき、篠崎さとみ、酒井ちなみ（紫葵）、山口珠理、宏岡みらい、橘未稀（石川麻矢）、吉野サリー（立花きらら）、菊池エリ、岩崎千鶴、加山なつこ、岡崎美女、牧本千幸（つかもと友希）,https://www.javbus.com/JUSD-357,
CASE-008 egoist case 解禁 7/7,CASE-008 egoist case 解禁 7/7,CASE-008,,2011-07-23,125分鐘,,デジタルアーク,digitalark（デジタルアーク）,egoistcase,纪录片,辻さき、星野あかり、鈴香音色、中森玲子,https://www.javbus.com/CASE-008,
LSTD-005 M男牧場 手搾りザーメン,LSTD-005 M男牧場 手搾りザーメン,LSTD-005,,2011-07-23,89分鐘,,ラハイナ食堂,ラハイナ食堂,,蕩婦、羞恥、DMM獨家、打手槍,小滝みい菜、三村ちな、小嶋ジュンナ、水川ゆうり、中森玲子,https://www.javbus.com/LSTD-005,
NASS-017 おしゃぶり妻 35人のフェラ好き妻,NASS-017 おしゃぶり妻 35人のフェラ好き妻,NASS-017,,2011-07-22,238分鐘,星野光明,なでしこ,Nadeshiko,おしゃぶり妻,蕩婦、口交、已婚婦女、4小時以上作品,西川紗希、池田美和子、楓まお、香坂めぐ、瀬戸ありさ、浅倉彩音、中森玲子、艶堂しほり（遠藤しおり）、北条麻妃、澤村レイコ（高坂保奈美、高坂ますみ）,https://www.javbus.com/NASS-017,
JUSD-355 スポーツに励む美熟女達のじっとり汗だく痴態4時間,JUSD-355 スポーツに励む美熟女達のじっとり汗だく痴態4時間,JUSD-355,,2011-07-22,239分鐘,,マドンナ,Madonna,,成熟的女人、合集、已婚婦女、數位馬賽克、運動、泳裝、DMM獨家、體育服,杉本亜美、山下やよい、伊沢美春（伊沢美晴）、恵けい、中森玲子、はるか悠,https://www.javbus.com/JUSD-355,
BBST-022 巨乳・爆乳 乳舐め揉みフェティッシュアングル ex3周年記念BEST 4時間,BBST-022 巨乳・爆乳 乳舐め揉みフェティッシュアングル ex3周年記念BEST 4時間,BBST-022,,2011-07-15,242分鐘,,ex,BoinBB,巨乳・爆乳,合集、戀乳癖、4小時以上作品、巨乳,美月ゆり、友野みゆき、篠田まい、黒田さな、宮崎あい、うるみゆう、仁科百華、JULIA、並木るか（橘ひな）、浅田ちち、西木美羽、秋乃マロン、宝生優果（羽野理沙）、小澤新音、波風きら、川峰さくら、羽田夕夏、妃乃ひかり、木下レイ、島谷小百合、安奈久美、西本はるみ、七尾みつみ、中森玲子、愛あいり、小倉ありさ、叶彩、徠夢、吉川桃、七海あい、真鍋紗愛、持田百恵、高島恭子、漣ゆめ、橘なお（上原海里）、菅なつみ、門倉真紀、仲村ろみひ、長谷川ミュウ、青木春、佐野るる、神崎レミ、倖田みらい、伊東このみ、櫻庭茜、星野あや、鈴花、まりん,https://www.javbus.com/BBST-022,
RKI-130 鮮明な映像美！高画質SEX 16時間,RKI-130 鮮明な映像美！高画質SEX 16時間,RKI-130,,2011-07-14,959分鐘,,ROOKIE,ROOKIE,,合集、4小時以上作品、DMM獨家,天海つばさ、かすみりさ、横山みれい、ましろ杏、碧しの（篠めぐみ）、かすみ果穂、つぼみ、ほしのみゆ、村上涼子（中村りかこ、黒木菜穂）、妃乃ひかり、小川あさ美、初音みのり、竹内あい、水城奈緒、春咲あずみ、青山菜々、佐山愛、大橋未久、めぐり（藤浦めぐ）、ERIKA（モカ、MOKA）、川上ゆう（森野雫）、七海なな、桜木凛、あすか伊央、冬月かえで、Rio（柚木ティナ）、KAORI、中森玲子、松嶋れいな、青木玲、長谷川美紅、水元ゆうな、吉沢明歩、蒼井そら、風間ゆみ、西野翔、二宮沙樹、黒木麻衣（花野真衣、SHIHO）、新井エリー（晶エリー、大沢佑香）、麻美ゆま、森ななこ、希志あいの、妃悠愛（長澤杏奈、水原里香、木崎祐子）、泉麻那、鈴木きあら（美空あいり）、麻倉憂、周防ゆきこ、きよみ玲、大沢美加（廣田まりこ）、管野しずか、結城みさ、橘なお（上原海里）、西條るり、JULIA、大堀香奈、仁科百華、優希まこと、ももかりん、亜希菜、希美まゆ、佐藤みき（佐藤美紀、鈴木志帆）、真木こころ、長澤あずさ、月野りさ、恵けい、横山美雪、希崎ジェシカ、Hitomi（田中瞳）、佳山三花、桜ここみ、鈴香音色、里美ゆりあ、春菜はな、松すみれ、RUMIKA、椎名ゆな、北条麻妃、成瀬心美（ここみ）,https://www.javbus.com/RKI-130,
FAX-354 昭和性犯罪 通り魔犯行,FAX-354 昭和性犯罪 通り魔犯行,FAX-354,,2011-07-08,123分鐘,ヘンリー塚本,FAプロ・プラチナ,FAプロ,昭和性犯罪,野外・露出、強姦、戲劇,夏海エリカ、桐島秋子、並樹ゆりあ、中森玲子、神崎レオナ（七瀬かすみ）,https://www.javbus.com/FAX-354,
FAX-353 教祖様の秘密の儀式 悪霊払いの48手体位/教祖の精液を呑む女性信者/教祖の御神体を突き刺してオルガスムス,FAX-353 教祖様の秘密の儀式 悪霊払いの48手体位/教祖の精液を呑む女性信者/教祖の御神体を突き刺してオルガスムス,FAX-353,,2011-07-08,114分鐘,ヘンリー塚本,FAプロ・プラチナ,FAプロ,,成熟的女人、女上位、戲劇、吞精,根本あきこ、中森玲子、桐原あずさ（伊藤あずさ）,https://www.javbus.com/FAX-353,
MBYD-124 溜池ゴロー五周年記念 大総集編 8時間 下巻,MBYD-124 溜池ゴロー五周年記念 大総集編 8時間 下巻,MBYD-124,,2011-07-07,479分鐘,,溜池ゴロー,溜池ゴロー,溜池ゴロー五周年記念大総集編8時間,成熟的女人、合集、數位馬賽克、4小時以上作品、DMM獨家,星野あかり、辻本りょう、横山みれい、艶堂しほり（遠藤しおり）、北条麻妃、城エレン、黒木麻衣（花野真衣、SHIHO）、翔田千里、村上涼子（中村りかこ、黒木菜穂）、風間ゆみ、橘エレナ、櫻井夕樹、飯倉えりか、加納瞳、百田栞、雨宮真貴、管野しずか、桐岡さつき、彼方まりあ、椿めぐみ、内田美奈子、伊織涼子、星杏奈、香坂めぐ、結城みさ、瀬奈涼、立花みずき、白鳥聖子、真白希実、白川ゆり、新尾きり子、美月あかり、亜希菜、早見るり、華山美玲、高島恭子、蒼井リナ、美原咲子、橘慶子、倉木さゆり、藤原絵理香、桜みちる、四季彩乃、真波紫乃、瀬奈ジュン、江原あけみ（美輪ちあき）、細川まり、光月涼子、藤森綾子、真田友里、柳井瞳、三咲恭子、河合律子、夏木響子、有沢実紗、藤木ルイ、吉岡奈々子、加藤なお、若菜あゆみ、浅倉彩音、佐藤みき（佐藤美紀、鈴木志帆）、山口美花、中森玲子、澤村レイコ（高坂保奈美、高坂ますみ）、広瀬奈々美（堀口奈津美）、友田真希、内田桃子（藤原多恵）、杉山あゆみ、川上ゆう（森野雫）、神崎レオナ（七瀬かすみ）、川瀬さやか、北原夏美、樋口冴子（桐島千沙）、柳田やよい、大塚咲（小野沙樹、大滝佐紀）、水城奈緒、春咲あずみ、山口玲子,https://www.javbus.com/MBYD-124,
MBYD-125 完熟！極上ボディ美熟女24人8時間,MBYD-125 完熟！極上ボディ美熟女24人8時間,MBYD-125,,2011-07-07,479分鐘,,溜池ゴロー,溜池ゴロー,,成熟的女人、合集、數位馬賽克、4小時以上作品、DMM獨家,星野あかり、中森玲子、水城奈緒、大塚咲（小野沙樹、大滝佐紀）、広瀬奈々美（堀口奈津美）、黒木麻衣（花野真衣、SHIHO）、翔田千里、村上涼子（中村りかこ、黒木菜穂）、水元ゆうな、風間ゆみ、山口玲子、佐藤みき（佐藤美紀、鈴木志帆）、有沢実紗、管野しずか、立花みずき、高島恭子、華山美玲、美原咲子、横山みれい、桜みちる、橘エレナ、藤森綾子、北条麻妃、櫻井夕樹,https://www.javbus.com/MBYD-125,
TGSD-003 未亡人えろ下宿,TGSD-003 未亡人えろ下宿,TGSD-003,,2011-07-06,161分鐘,,大洋図書,TAIYOH,,成熟的女人、寡婦、女主人、女老板、舔陰、巨乳,峯川かをり、櫻井夕樹、美山蘭子、中森玲子,https://www.javbus.com/TGSD-003,
CADV-255 極選4時間 高級ソープ 三十路編,CADV-255 極選4時間 高級ソープ 三十路編,CADV-255,,2011-07-01,237分鐘,,クリスタル映像,CRYSTALEX,極選○時間,成熟的女人、乳交、妓女、4小時以上作品,瀬田香月、後藤リカ、桜田映子、小日向杏梨、平岡あずみ、葵沙希、櫻井夕樹、内田美奈子、美原咲子、牧本千幸（つかもと友希）、菊川真菜、向井真輝、本城千鶴、山内さやか、成瀬いずみ、桜木れん、大川純、中森玲子、生田沙織、星野ひとみ（星野瞳、山吹瞳）、彩咲優奈,https://www.javbus.com/CADV-255,
JUSD-352 野外露出で悶える美熟女達の痴態4時間,JUSD-352 野外露出で悶える美熟女達の痴態4時間,JUSD-352,,2011-07-01,239分鐘,,マドンナ,Madonna,,成熟的女人、野外・露出、合集、多P、數位馬賽克、DMM獨家,芦名紗希、恵けい、JULIA、管野しずか、甲斐ミハル、中森玲子、明星ちかげ、はるか悠、牧原れい子、水元ゆうな、伊島香織,https://www.javbus.com/JUSD-352,
JTDV-013 いじって伸ばして包茎射精天国 2,JTDV-013 いじって伸ばして包茎射精天国 2,JTDV-013,,2011-06-28,148分鐘,宮本小次郎,実録出版,実録出版MANIACS,いじって伸ばして包茎射精天国,蕩婦、口交、其他戀物癖、打手槍,葉月しおり、川峰さくら、このは、Arisu（鈴木ありす）、加藤なつみ、愛海一夏（秋乃ひとみ）、中森玲子、倖田李梨（倖田美梨、岩下美季）、東野愛鈴、桐原あずさ（伊藤あずさ）、Alice（鈴木ありす）、二宮みゆ、白河美夕,https://www.javbus.com/JTDV-013,
BDSR-061R レイプ 100人 素人暴行 BEST 8時間,BDSR-061R レイプ 100人 素人暴行 BEST 8時間,BDSR-061R,,2011-06-25,481分鐘,ぽんこつ貫太郎,ビッグモーカル,BIGMORKAL,,OL、強姦、女大學生、已婚婦女、4小時以上作品、高中女生,村瀬優花、喜多嶋未来、一ノ瀬ゆき、上原空、山口まゆ、艶堂しほり（遠藤しおり）、望月加奈（松沢真理）、大塚ひな、村上涼子（中村りかこ、黒木菜穂）、持田茜（しじみ）、風間ゆみ、酒井ちなみ（紫葵）、翔田千里、あいかわゆら、川上ゆう（森野雫）、広瀬奈々美（堀口奈津美）、新井エリー（晶エリー、大沢佑香）、中森玲子、森元あすか、澤村レイコ（高坂保奈美、高坂ますみ）、山崎恭香、南原香織、仲咲千春、愛里ひな、はるか悠、彩花ゆめ、北島玲、南沙也香、辻さき,https://www.javbus.com/BDSR-061R,
NASS-006 美人妻は猥褻な妄想がお好き！！,NASS-006 美人妻は猥褻な妄想がお好き！！,NASS-006,,2011-06-24,239分鐘,,なでしこ,Nadeshiko,,成熟的女人、多P、妄想、4小時以上作品、按摩棒,高島恭子、櫻井ゆうこ、結城みさ、立花みずき、内田美奈子、瀬戸ありさ、中森玲子、美原咲子,https://www.javbus.com/NASS-006,
JUSD-348 激しく求め合う、愛ある夫婦の営み8時間,JUSD-348 激しく求め合う、愛ある夫婦の営み8時間,JUSD-348,,2011-06-19,478分鐘,,マドンナ,Madonna,激しく求め合う、愛ある夫婦の営み,成熟的女人、合集、已婚婦女、數位馬賽克、DMM獨家,松浦ひろみ、香坂めぐ、星杏奈、高島恭子、結城みさ、桐岡さつき、立花みずき、北条麻妃、村上涼子（中村りかこ、黒木菜穂）、川上ゆう（森野雫）、優木明日花、雨宮真貴、風間ゆみ、牧原れい子、水元ゆうな、紫彩乃、中森玲子、恵けい,https://www.javbus.com/JUSD-348,
OBST-018 お母さんは下着姿、生着替えを視姦する。総集編 4時間,OBST-018 お母さんは下着姿、生着替えを視姦する。総集編 4時間,OBST-018,,2011-06-17,242分鐘,,ex,お母さん.com,お母さんは下着姿、生着替えを視姦する。,母親、合集、內衣,木村雅子、蓮見梨沙、水野優、椿美羚、中森玲子、浅田ちち、大越はるか、小林芽衣（小林メイ）、細川まり、小鳥遊恋（高梨恋子）、二宮亜季、北澤瞳、藤木未央、北原夏美、東条美菜、神崎美樹、野原もも、若林ひかる、秋川りお（美月このみ）、城エレン、黒木麻衣（花野真衣、SHIHO）、生田沙織、坂本梨沙、絹田美津、関口恵都子、加藤なお、木村よしの、美原咲子、中野まりえ、新尾きり子、澤美レミ、石田みちる、立花みずき、北園梓、小町あかり、中野彩、岩淵香奈枝、藤原絵理香、桜みちる、佐野るる、時越芙美江、井本茜、林このみ、河合律子、小向まな美、秋野泉、藤森綾子、北条美里、永原美代子、沢渡紗織,https://www.javbus.com/OBST-018,
RKI-126 馬乗り騎乗位！ 16時間,RKI-126 馬乗り騎乗位！ 16時間,RKI-126,,2011-06-16,959分鐘,,ROOKIE,ROOKIE,,合集、女上位、顏面騎乘、DMM獨家,井上明日香、ジゼル、天海つばさ、希崎ジェシカ、相原れな（三浦加奈、篠原リョウ）、椎名ゆな、吉沢明歩、泉麻那、光月夜也（林絵里）、つぼみ、桜りお、福音未来、大沢美加（廣田まりこ）、森山杏菜（森山杏奈）、藤本リーナ、立花さや、成瀬心美（ここみ）、柚本紗希、緋咲アンナ、辻仁美、希美まゆ、上野綾、桃野なごみ、鈴木きあら（美空あいり）、乙葉真希、桐原エリカ、長澤あずさ、美咲みゆ、里美ゆりあ、鈴香音色、桜ここみ、女池さゆり、原小雪、佳山三花、横山美雪、黒木いちか（東条かれん）、松生彩、KEI、中森玲子、間宮怜子、橘ミオン（石川鈴華）、栗林里莉、七瀬ジュリア、杉原桃花、上原カエラ、恵けい、一戸のぞみ、月見栞、希志あいの、澤村レイコ（高坂保奈美、高坂ますみ）、愛実（秋川ルイ）、冬月かえで、広瀬奈々美（堀口奈津美）、桜木凛、岬リサ、あいぶらん（蜜井とわ）、相内リカ、鮎川なお、かすみりさ、小西那奈、大橋未久、佐山愛、澄川ロア、原更紗、杉崎夏希、京野明日香、真田春香、浅華優、初音みのり、水森あおい、葉月奈穂（葉月菜穂）、福沢あや、飯島夏希、大塚咲（小野沙樹、大滝佐紀）、竹内あい、藤崎怜里、Rio（柚木ティナ）、あずま樹、青山ゆい、穂花、ほしのみゆ、志村玲子、新井エリー（晶エリー、大沢佑香）、吉崎直緒、加瀬あゆむ、かすみ果穂、村上涼子（中村りかこ、黒木菜穂）、二宮沙樹、小泉ゆうか、西野翔、小川あさ美、Maika（MEW）,https://www.javbus.com/RKI-126,
FAX-349 色狂いの熟女たち 青姦・夜姦・淫姦・姦通,FAX-349 色狂いの熟女たち 青姦・夜姦・淫姦・姦通,FAX-349,,2011-06-11,114分鐘,ヘンリー塚本,FAプロ・プラチナ,FAプロ,,成熟的女人、野外・露出、69、戲劇,浅井舞香、中森玲子、大沢萌、黒木小夜子（秀吉小夜子）、今井ゆり,https://www.javbus.com/FAX-349,
WNZ-328 THE 巨乳 BEST 4時間,WNZ-328 THE 巨乳 BEST 4時間,WNZ-328,,2011-06-01,241分鐘,,ワンズファクトリー,WANZ,,乳交、合集、戀乳癖、4小時以上作品、巨乳,漣ゆめ、真中ちひろ、愛あいり、音羽レオン、高島恭子、JULIA、吉沢みなみ、浅倉彩音、諸星セイラ（百瀬涼）、佐藤みき（佐藤美紀、鈴木志帆）、愛実（秋川ルイ）、一ノ瀬あきら、水城奈緒、星野あかり、加山なつこ、中森玲子、黒木せりな,https://www.javbus.com/WNZ-328,
FAX-346 三十路女の世間によくある話し 熟女,FAX-346 三十路女の世間によくある話し 熟女,FAX-346,,2011-05-22,166分鐘,ヘンリー塚本,FAプロ・プラチナ,FAプロ,,成熟的女人、舔陰、戲劇、巨乳,風見京子、北条アミ、中森玲子、大塚美雪、君島冴子（AOI.、村上葵）,https://www.javbus.com/FAX-346,
MAMA-216 三十路すぎてもこの爆乳 自慢のオッパイで癒してあげる 3,MAMA-216 三十路すぎてもこの爆乳 自慢のオッパイで癒してあげる 3,MAMA-216,,2011-05-21,124分鐘,水城洋助,クリスタル映像,MADAMMANIAC,自慢のオッパイで癒してあげる,成熟的女人、已婚婦女、戀乳癖、巨乳,近江なみ、菅谷もも、平尾雅美、三咲恭子、中森玲子,https://www.javbus.com/MAMA-216,
JUSD-343 高画質で観る美熟女40人の絶頂フェラ抜き8時間,JUSD-343 高画質で観る美熟女40人の絶頂フェラ抜き8時間,JUSD-343,,2011-05-21,476分鐘,,マドンナ,Madonna,,成熟的女人、口交、合集、數位馬賽克、高畫質、DMM獨家,池田美和子、宇喜多かすみ、伊沢美春（伊沢美晴）、中野彩、結城みさ、横山みれい、雪見紗弥、山口玲子、村上涼子（中村りかこ、黒木菜穂）、牧原れい子、JULIA、Seiko。、江原あけみ（美輪ちあき）、真下礼子、桐岡さつき、優木明日花、本条直子、松沢麗、長谷川美紅、黒木麻衣（花野真衣、SHIHO）、妃乃ひかり、池田喜代子、さくらい葉菜、伊吹稟、沢村麻耶、甲斐ミハル、波多野結衣、佐藤みき（佐藤美紀、鈴木志帆）、中森玲子、鷹宮りょう、澤村レイコ（高坂保奈美、高坂ますみ）、森ななこ、芹沢恋、春風えみ、浜崎りお（森下えりか、篠原絵梨香）、柳田やよい、小向杏奈（桜井麻美）、加藤ツバキ（夏樹カオル）、白鳥美雪,https://www.javbus.com/JUSD-343,
OOMN-025 厳選！！美熟母 お母さんの止まらない騎乗位,OOMN-025 厳選！！美熟母 お母さんの止まらない騎乗位,OOMN-025,,2011-05-16,119分鐘,,ABC/妄想族,お母さん.com/ABC,美熟女プレイ集,成熟的女人、母親、女上位、DVD多士爐、DMM獨家,志村和美、橘実加、丘美和子、青山祥子、花村いづみ、波多野結衣、桐岡さつき、JULIA、羽月希、加賀ゆり子、鮎川るい、生田沙織、加藤ツバキ（夏樹カオル）、秋川真理、中森玲子、若林ひかる、藤森綾子、中野彩、宇喜多かすみ、西城玲華,https://www.javbus.com/OOMN-025,
DNT-076 生ハメ三昧！！燃え上がる年増の痙攣中出し交尾 22人4時間,DNT-076 生ハメ三昧！！燃え上がる年増の痙攣中出し交尾 22人4時間,DNT-076,,2011-05-16,242分鐘,,ダイナマイトエンタープライズ,ダイナマイト,,成熟的女人、中出、女上位、巨乳,宇喜多かすみ、五十嵐しのぶ、高島恭子、中森玲子、澤村レイコ（高坂保奈美、高坂ますみ）,https://www.javbus.com/DNT-076,
FAX-341 婚期を逸した女の性 あ～ 男が欲しい昼下がり/亭主はムショの中 絶倫竿に夢中の妻/力ずくでやられたい昼下がり…,FAX-341 婚期を逸した女の性 あ～ 男が欲しい昼下がり/亭主はムショの中 絶倫竿に夢中の妻/力ずくでやられたい昼下がり…,FAX-341,,2011-05-13,115分鐘,ヘンリー塚本,FAプロ・プラチナ,FAプロ,,成熟的女人、已婚婦女、舔陰、戲劇,夏海エリカ、中森玲子、北原夏美,https://www.javbus.com/FAX-341,
MKCK-019 E-BODYバックファッカー4時間,MKCK-019 E-BODYバックファッカー4時間,MKCK-019,,2011-05-12,239分鐘,,E-BODY,E-BODY,,其他戀物癖、合集、DMM獨家,広瀬ゆな、愛沢蓮、菅野さゆき、百花エミリ、長澤あずさ、恵けい、桜ここみ、黒木アリサ、中森玲子、宮藤レイコ、愛実（秋川ルイ）、花井メイサ、春咲あずみ、小川あさ美、亜梨、浅乃ハルミ、JULIA、橘なお（上原海里）、池田美和子、伊沢美春（伊沢美晴）、乙葉真希、朋香めい、高島恭子、立花結衣、高城ゆい、真矢ゆき、松すみれ、ましろ杏、諸星セイラ（百瀬涼）、湖南みるく,https://www.javbus.com/MKCK-019,
LADS-090 レズ×レズ×レズ地獄 6 4時間,LADS-090 レズ×レズ×レズ地獄 6 4時間,LADS-090,,2011-05-03,239分鐘,,トップマーシャル,LADIES♀ROOM,レズ×レズ×レズ地獄,女同性戀、舔陰、4小時以上作品、按摩棒,川本礼子、滝本美加、宮本れい、笹原ゆり、橘美穂、石川文子、大河内奈美、北条美里、中森玲子、神名ひとみ、桜沢愛子、華沢レモン、小沢志乃、愛川京香、大友園子、藤沢ひな、上野麻衣,https://www.javbus.com/LADS-090,
KBKD-840 未亡人 総集編,KBKD-840 未亡人 総集編,KBKD-840,,2011-04-29,120分鐘,,小林興業,小林,,合集、寡婦、舔陰,三咲恭子、中森玲子、一戸のぞみ、町村小夜子,https://www.javbus.com/KBKD-840,
CADV-244 絶叫熟女8時間100連発！！ 2,CADV-244 絶叫熟女8時間100連発！！ 2,CADV-244,,2011-04-28,478分鐘,,クリスタル映像,CRYSTALEX,絶叫熟女8時間100連発！！,成熟的女人、已婚婦女、舔陰、女上位、手指插入,長峰麻里子、立花すみれ、中澤清美、北澤初音、石原貴子、織谷瞳、真田ゆかり（葵のぞみ）、藤森綾子、中森玲子、村上涼子（中村りかこ、黒木菜穂）、小島歩、津久井洋子、三樹つかさ、沢近由紀美、藤美淑子、星川史菜、渡瀬ゆかり、時越芙美江、黒山さゆり、井本茜、桃山かおり、松坂洋子、麻生絵里子、三咲枝里、橋田佳苗、矢口京香、矢沢麻里、和泉雪奈、雪乃さゆり、北沢真理、坂本玲華、溝口詩音、美山蘭子、結城玲衣、玉崎詩織、瑠紀志穂、風口直美、片瀬真佐子、高樹小百合、四季彩乃、杉咲ひばり、小野里美、木下雪絵、堀越舞、堀田明美、美杉あやめ、新村まり子、新垣いずみ、愛田るか、南原香織、大場和希、愛川咲樹、沢木あゆみ、常盤みどり、さくら優、宮本由紀乃、白鳥美鈴、志津花、赤坂なつみ、沢田麗奈、山口玲子、朝倉まりあ、篠原さゆり、山口智美、葉月かんな、小池絵美子、若林ひかる、寺澤しのぶ、山科薫、星優奈、桜井咲子、石川志保、大河内さなえ、小向涼子、広畑加代子、華城咲、門井瑛子、田代千佳、白河ゆりか、須藤梨絵、及川ゆみり、川原小百合、新藤さやか、姫乃蘭、和光志穂、三咲エリナ、菊川麻里、浦沢亜矢子、香坂さゆり、阿川美咲、桐島樹莉、澤村美香,https://www.javbus.com/CADV-244,
FAX-338 大胆不敵・破廉恥野外SEX もちろんゴムなし！,FAX-338 大胆不敵・破廉恥野外SEX もちろんゴムなし！,FAX-338,,2011-04-22,123分鐘,ヘンリー塚本,FAプロ・プラチナ,FAプロ,,野外・露出、舔陰、女上位、戲劇,夏海エリカ、並樹ゆりあ、中森玲子、神崎レオナ（七瀬かすみ）、川上ゆう（森野雫）,https://www.javbus.com/FAX-338,
JUC-535 もう一つの混浴温泉バスツアー 6,JUC-535 もう一つの混浴温泉バスツアー 6,JUC-535,,2011-04-21,229分鐘,モヒカル,マドンナ,Madonna,美熟女と行く混浴温泉バスツアー,企畫、成熟的女人、潮吹、多P、數位馬賽克、高畫質、DMM獨家,美咲りん、香坂めぐ、加山なつこ、結城みさ、吉永沙織、新尾きり子、横山みれい、瀬戸ありさ、艶堂しほり（遠藤しおり）、村上涼子（中村りかこ、黒木菜穂）、大隈恵令奈（大隅恵令奈）、七瀬ゆい（羽田未来）、中森玲子、真下礼子,https://www.javbus.com/JUC-535,
JUSD-337 絶品グラマラス熟ボディ20人8時間,JUSD-337 絶品グラマラス熟ボディ20人8時間,JUSD-337,,2011-04-21,479分鐘,,マドンナ,Madonna,絶品グラマラス熟ボディ,成熟的女人、合集、數位馬賽克、DMM獨家,小林さとみ、森山杏菜（森山杏奈）、池田美和子、さくらい葉菜、伊沢美春（伊沢美晴）、平山薫、高島恭子、横山みれい、華山美玲、黒木麻衣（花野真衣、SHIHO）、JULIA、櫻井夕樹、荒木瞳、小出遥、伊島香織、青木玲、葉月奈穂（葉月菜穂）、中森玲子、恵けい、ましろ杏,https://www.javbus.com/JUSD-337,
BKSP-316 揺れる巨乳FUCK 4時間,BKSP-316 揺れる巨乳FUCK 4時間,BKSP-316,,2011-04-19,238分鐘,,アイエナジー,BKSP,,乳交、戀乳癖、女上位、4小時以上作品、巨乳,諸星セイラ（百瀬涼）、松すみれ、湖南みるく、浜崎りお、小坂めぐる、中森玲子、風間ゆみ、森永ひよこ,https://www.javbus.com/BKSP-316,
EMAZ-116 競泳水着姿で挑発する爆乳美熟女達BEST4時間,EMAZ-116 競泳水着姿で挑発する爆乳美熟女達BEST4時間,EMAZ-116,,2011-04-16,235分鐘,,婦人社/エマニエル,婦人社,,成熟的女人、合集、泳裝、巨乳,漣ゆめ、美神さゆり、中森玲子、美原咲子、桜みちる,https://www.javbus.com/EMAZ-116,
RKI-117 淫乱なオナニー ドスケベ80人16時間,RKI-117 淫乱なオナニー ドスケベ80人16時間,RKI-117,,2011-04-15,958分鐘,,ROOKIE,ROOKIE,,合集、DMM獨家、自慰,希美まゆ、希崎ジェシカ、佳山三花、春咲あずみ、管野しずか、水城奈緒、大塚咲（小野沙樹、大滝佐紀）、竹内あい、つぼみ、浜崎りお（森下えりか、篠原絵梨香）、初音みのり、雪見紗弥、原更紗、佐山愛、めぐり（藤浦めぐ）、桜木凛、広瀬奈々美（堀口奈津美）、冬月かえで、希志あいの、翔田千里、麻美ゆま、穂花、nao.（小池ひとみ）、長谷川美紅、水元ゆうな、吉沢明歩、風間ゆみ、Rio（柚木ティナ）、西野翔、二宮沙樹、星野あかり、村上涼子（中村りかこ、黒木菜穂）、妃乃ひかり、葉月奈穂（葉月菜穂）、小川あさ美、中森玲子、紗奈、波多野結衣、香月悠梨、天海つばさ、石井茜、妃悠愛（長澤杏奈、水原里香、木崎祐子）、泉麻那、鈴木きあら（美空あいり）、麻倉憂、周防ゆきこ、きよみ玲、大沢美加（廣田まりこ）、白瀬エリナ、桜りお、結城みさ、西條るり、JULIA、優希まこと、松すみれ、RUMIKA、美咲みゆ、長澤あずさ、月野りさ、黒木いちか（東条かれん）、横山美雪、Hitomi（田中瞳）、亜梨、桜ここみ、里美ゆりあ、成瀬心美（ここみ）、横山みれい、ましろ杏、星崎アンリ、有村みき、真白希実、北条麻妃、音羽レオン,https://www.javbus.com/RKI-117,
MKCK-017 濡れ過ぎたカラダ50人,MKCK-017 濡れ過ぎたカラダ50人,MKCK-017,,2011-04-09,239分鐘,,E-BODY,E-BODY,,其他戀物癖、合集、巨乳、DMM獨家,塚本渚、黒澤あみ、朋香めい、夏海ナミ、伊沢美春（伊沢美晴）、かすみりさ、菅野さゆき、桜ここみ、JULIA、大塚咲（小野沙樹、大滝佐紀）、仲村美緒、橘なお（上原海里）、立花結衣、高城ゆい、七葉しほり、Ryo、春咲あずみ、竹内あい、浜崎りお（森下えりか、篠原絵梨香）、紅城まゆ、ましろ杏、上条めぐ（三浦芽依）、松すみれ、長谷川杏実（長谷川杏美）、美咲結衣、長澤あずさ、恵けい、亜梨、南ナミ、浅乃ハルミ、石原こと、宮坂レイア、二宮せりな、高瀬ひとみ、青空小夏、黒木アリサ、中森玲子、上村あずさ、湖南みるく、哀川りん、すずきりりか、若菜ちえ、瀬戸みずほ、百花エミリ、本田ゆかり、広瀬ゆな、川瀬愛美、諸星セイラ（百瀬涼）,https://www.javbus.com/MKCK-017,
JUSD-334 羞恥で濡れる美熟女30人の痴態8時間,JUSD-334 羞恥で濡れる美熟女30人の痴態8時間,JUSD-334,,2011-04-07,479分鐘,,マドンナ,Madonna,,成熟的女人、合集、數位馬賽克、羞恥、DMM獨家,春風えみ、沢村麻耶、結城みさ、竹内結、中森玲子、水城奈緒、澤村レイコ（高坂保奈美、高坂ますみ）、黒木麻衣（花野真衣、SHIHO）、桐原あずさ（伊藤あずさ）、村上涼子（中村りかこ、黒木菜穂）,https://www.javbus.com/JUSD-334,
JUSD-335 犯された義姉大全集8時間,JUSD-335 犯された義姉大全集8時間,JUSD-335,,2011-04-02,479分鐘,,マドンナ,Madonna,犯された義姉,成熟的女人、強姦、合集、數位馬賽克、DMM獨家,中森玲子、佐藤みき（佐藤美紀、鈴木志帆）、北条麻妃、広瀬奈々美（堀口奈津美）、樋口冴子（桐島千沙）、川上ゆう（森野雫）、友田真希、山口珠理,https://www.javbus.com/JUSD-335,
JFB-016 絶品美女大集合！ハミ出し水着BEST4時間,JFB-016 絶品美女大集合！ハミ出し水着BEST4時間,JFB-016,,2011-04-02,239分鐘,,Fitch,Fitch,ハミ出し水着（Fitch）,成熟的女人、合集、數位馬賽克、泳裝、DMM獨家,漣ゆめ、愛あいり、高島恭子、瀬奈涼、浅倉彩音、中森玲子,https://www.javbus.com/JFB-016,
JUC-505 マドンナファンの集い 美熟女と行く混浴温泉バスツアー 6,JUC-505 マドンナファンの集い 美熟女と行く混浴温泉バスツアー 6,JUC-505,,2011-03-20,422分鐘,モヒカル,マドンナ,Madonna,美熟女と行く混浴温泉バスツアー,企畫、成熟的女人、女同性戀、濫交、數位馬賽克、高畫質、DMM獨家,加山なつこ、結城みさ、吉永沙織、新尾きり子、横山みれい、中森玲子、艶堂しほり（遠藤しおり）、大隈恵令奈（大隅恵令奈）、七瀬ゆい（羽田未来）、村上涼子（中村りかこ、黒木菜穂）,https://www.javbus.com/JUC-505,
JFB-015 2010年Fitch全作品集12時間,JFB-015 2010年Fitch全作品集12時間,JFB-015,,2011-03-20,718分鐘,,Fitch,Fitch,,成熟的女人、合集、數位馬賽克、DMM獨家,愛あいり、橘ミオン（石川鈴華）、紗奈、管野しずか、中森玲子、佐藤みき（佐藤美紀、鈴木志帆）、水城奈緒、細川まり、山口玲子、風間ゆみ、漣ゆめ、和葉みれい（藤白まき）、瀬奈涼、浦田みらい、吉永沙織、今枝陽子、森山杏菜（森山杏奈）、小向まな美、北条麻妃、北条美里、真白希実、美原咲子、妃悠愛（長澤杏奈、水原里香、木崎祐子）、Seiko。、鈴香音色、春風えみ、神崎レオナ（七瀬かすみ）、雪見紗弥、翔田千里、青木りん、葉月奈穂（葉月菜穂）、妃乃ひかり、星野あかり、牧原れい子、浅倉彩音、大堀香奈,https://www.javbus.com/JFB-015,
BBST-019 爆乳騎乗位 2,BBST-019 爆乳騎乗位 2,BBST-019,,2011-03-16,121分鐘,,ex,BoinBB,爆乳騎乗位,护士、戀乳癖、女上位、校服、巨乳,唯咲あかね、絢音マリカ、飯浜紀香、工藤れいか、二岡ゆり、紗奈、中森玲子、浅田ちち、水澤あやの、黒沢里菜、恵けい、甘井みかん、小澤新音、島谷小百合、MAKI、木下レイ、鮎川るい、朝木めい、川峰さくら、鮎川まどか、青木春、朝霧雫、松金めぐみ、橘なお（上原海里）、平山薫、JULIA、かえでみく、櫻井夕樹、仁科百華、瀬戸みずほ、花蓮、鈴木茶織、松すみれ、白瀬まなみ、鈴香音色、和希もも、森永ひよこ、白砂ゆの、横山みれい、名取アンナ、鮎川みさと、星山里穂,https://www.javbus.com/BBST-019,
SMD-034 発射3分前！！ 熟女43人中出しザーメン,SMD-034 発射3分前！！ 熟女43人中出しザーメン,SMD-034,,2011-03-16,240分鐘,,グローバルメディアエンタテインメント,SUPERMIX,,成熟的女人、數位馬賽克、中出,若槻まどか、橘美沙、大林理恵（大林リエ）、松岡貴美子、三角美紀子、山口美花、山本ちづこ、望月ゆみ、青井マリ、牧本千幸（つかもと友希）、望月加奈（松沢真理）、はるか悠、関口梨乃、時越芙美江、艶堂しほり（遠藤しおり）、真田友里、吉岡奈々子、長谷川美紅、妃乃ひかり、川上ゆう（森野雫）、加山なつこ、魚住優子、長沢小雪、中森玲子、神咲りえ、北原夏美、伊乃愛華、橘エレナ、澤よし乃,https://www.javbus.com/SMD-034,
SBB-106 僕だけの優しいママにおもいっきり甘えたい,SBB-106 僕だけの優しいママにおもいっきり甘えたい,SBB-106,,2011-03-11,241分鐘,,マルクス兄弟,MARXBrothersco.,,母親、乳交、其他戀物癖、打手槍,吉村茜、村井葉子、塚元ネネ、桜井なみ、今井優衣、佐々木玲奈、北島玲、松下ゆうか（愛乃彩音、藤咲ゆうか）、川上ゆう（森野雫）、風間ゆみ、黒崎萌華、高島恭子、妃悠愛（長澤杏奈、水原里香、木崎祐子）、横山みれい、牧野くるみ、紗奈、結城みさ、澤村レイコ（高坂保奈美、高坂ますみ）、小泉亜美、小坂めぐる、山口サチエ、中森玲子,https://www.javbus.com/SBB-106,
FAX-330 色っぽい嫁 マスをかく/毎日毎晩夫とSEX/亭主以外に男がいる/親父が手を出す,FAX-330 色っぽい嫁 マスをかく/毎日毎晩夫とSEX/亭主以外に男がいる/親父が手を出す,FAX-330,,2011-03-11,111分鐘,ヘンリー塚本,FAプロ・プラチナ,FAプロ,,已婚婦女、戲劇、巨乳,夏海エリカ、浅井舞香、中森玲子、秋川りお（美月このみ）,https://www.javbus.com/FAX-330,
DVDES-380 マジックミラー号 超ゴージャス！ 濃密美熟女逆ナンパ 2011 横浜みなとみらい編,DVDES-380 マジックミラー号 超ゴージャス！ 濃密美熟女逆ナンパ 2011 横浜みなとみらい編,DVDES-380,,2011-03-05,160分鐘,衣田陽水,ディープス,DEEP’S,マジックミラー号,成熟的女人、倒追、女上位,結城みさ、横山みれい、中森玲子、川上ゆう（森野雫）,https://www.javbus.com/DVDES-380,
CADV-236 完熟マダムPREMIUM 4時間,CADV-236 完熟マダムPREMIUM 4時間,CADV-236,,2011-03-03,239分鐘,,クリスタル映像,CRYSTALEX,完熟マダムPREMIUM,成熟的女人、口交、乳交、已婚婦女、巨乳,長谷川美紅、加山なつこ、結城みさ、艶堂しほり（遠藤しおり）、北原夏美、澤村レイコ（高坂保奈美、高坂ますみ）、広瀬奈々美（堀口奈津美）、翔田千里、村上涼子（中村りかこ、黒木菜穂）、風間ゆみ、中森玲子、華山美玲、早見るり、新尾きり子、美原咲子、真白希実、三咲恭子、浅倉彩音、佐藤みき（佐藤美紀、鈴木志帆）、桐岡さつき,https://www.javbus.com/CADV-236,
ACEC-003 Shake Body Collection Ver.3,ACEC-003 Shake Body Collection Ver.3,ACEC-003,,2011-02-25,239分鐘,,AVScollector’s,AVS,ShakeBody,其他戀物癖、合集、巨乳,小峰ひなた、浅倉彩音、中森玲子、星崎アンリ、新井エリー（晶エリー、大沢佑香）、村上涼子（中村りかこ、黒木菜穂）,https://www.javbus.com/ACEC-003,
CO-4591 騎乗位好きの色っぽい10人の女達！！激しく尻振り・あふれる淫汁・膣痙攣淫ら穴,CO-4591 騎乗位好きの色っぽい10人の女達！！激しく尻振り・あふれる淫汁・膣痙攣淫ら穴,CO-4591,,2011-02-23,118分鐘,金城哲哉,コロナ社,CORONASPECIAL,,制服、女上位、巨乳,進藤理沙、若葉薫子、鈴木琳茄、井上真央、中森玲子、愛川由衣、柳田やよい、真島みゆき、押切あやの、麻生岬,https://www.javbus.com/CO-4591,
YOB-001 夜這い ひっそりと静まりかえった家屋に丑三つ時に忍びよる男が一人寝ている人妻の女体をなぶる,YOB-001 夜這い ひっそりと静まりかえった家屋に丑三つ時に忍びよる男が一人寝ている人妻の女体をなぶる,YOB-001,,2011-02-22,104分鐘,,ソルト・ペッパー,SaltPepper,,成熟的女人、已婚婦女、多P、數位馬賽克、凌辱,滝川けいこ、櫻井ゆうこ、内田美奈子、中森玲子,https://www.javbus.com/YOB-001,
JUSD-327 20人の淫乱痴熟女に責められ続ける480分,JUSD-327 20人の淫乱痴熟女に責められ続ける480分,JUSD-327,,2011-02-20,479分鐘,,マドンナ,Madonna,,蕩婦、成熟的女人、合集、數位馬賽克、DMM獨家,徠夢、愛川咲樹、中森玲子、星優乃、佐藤みき（佐藤美紀、鈴木志帆）、青木美里、村上涼子（中村りかこ、黒木菜穂）、山口珠理、宏岡みらい、風間ゆみ、結衣（結衣美沙）、加納妖子,https://www.javbus.com/JUSD-327,
KND-006 9時間120人 熟女のマ○コへ中出し総量362ミリリットル！,KND-006 9時間120人 熟女のマ○コへ中出し総量362ミリリットル！,KND-006,,2011-02-16,541分鐘,,グローバルメディアエンタテインメント,長期熟成グローバル,ご愛顧感謝・限定10周年記念BOX,成熟的女人、數位馬賽克、中出、4小時以上作品,原島みどり、姫野京香、浦沢亜矢子、西山めぐみ、吉田絵里子、間宮志乃、艶堂しほり（遠藤しおり）、山口美花、中村綾乃、瀬戸恵子、牧本千幸（つかもと友希）、加山なつこ、宮下真紀、弓永真琴、三田涼子、沢口みき、田口ゆかり、風間ゆみ、結城綾音、楠真由美、青木美里、堀切忍、長谷川美紅、小池絵美子、矢田瞳、川村紅巳、花井ももか、田中芳江、白石京子、里中亜矢子、井川留美、愛田かれん、保坂陽子、望月加奈（松沢真理）、岡田裕美、秋山美紗、春日真由美、川久保夏美、吹雪かすみ、安藤ゆみ、松本佳代子（松本加代子）、あずま樹、石原小百合、翔田千里、柊麗子、小泉ありさ、青井マリ、中川智子、川島れいこ、伊乃愛華、北条アミ、白鳥美鈴、平川奈美、朝霧なつこ、白坂百合、志村玲子、織田なつき、山口愛子、絹田美津、泉貴子、五十川みどり、三角美紀子、松岡貴美子、東千津子、浅井舞香、松浦ユキ、東条美菜、叶艶子、はるか悠、高島恵、山本ちづこ、柿本真緒、北原夏美、川上ゆう（森野雫）、藤ノ宮礼美、秋野夕日、三木藤乃、一条真生、中森玲子、関口梨乃、根本恵津子、佐藤みき（佐藤美紀、鈴木志帆）、広畑加代子、横田美樹、宮田まり、夏目静子、藤崎あかり、矢部温子、中川ルナ、松下紗世、内田明日花、時越芙美江、永井智美、藤木ルイ、柳井瞳、松浦綾子、波木麗子、結城櫻子、神咲りえ、滝澤美緒、大久保久子、佐藤菜摘、橘エレナ、羽賀紀江、新村まり子、浅野静香、五十嵐しのぶ、谷綾香、佐藤千佳,https://www.javbus.com/KND-006_2011-02-16,
CADV-230 高級ソープへいらっしゃいEX 巨乳限定4時間 2,CADV-230 高級ソープへいらっしゃいEX 巨乳限定4時間 2,CADV-230,,2011-02-15,238分鐘,,クリスタル映像,CRYSTALEX,高級ソープへいらっしゃい,乳交、妓女、乳液、立即口交、巨乳,大川純、桜木れん、雪乃、七海まりあ、中野愛里、中森玲子、美原咲子、七瀬ゆい（羽田未来）、水野美香、柊早矢（美咲ゆりあ）、北園梓、美咲りん、小日向杏梨、杉本彩乃,https://www.javbus.com/CADV-230,
BOIN-071 巨乳・爆乳 おっぱい虐め,BOIN-071 巨乳・爆乳 おっぱい虐め,BOIN-071,,2011-02-12,121分鐘,,ex,BoinBB,巨乳・爆乳,玩具、強姦、戀乳癖、巨乳,若菜優衣、高城ゆい、立花結衣、真鍋紗愛、漣ゆめ、中野恭子、秋乃マロン、友野みゆき、浅田ちち、浜崎りお（森下えりか、篠原絵梨香）、徠夢、鈴香音色、仲村ろみひ、中森玲子、愛実（秋川ルイ）、有永すずか、波風きら、葉月奈穂（葉月菜穂）、羽田夕夏、かえでみく,https://www.javbus.com/BOIN-071,
MKCK-014 BEST OF E-BODY LOVERS 2010,MKCK-014 BEST OF E-BODY LOVERS 2010,MKCK-014,,2011-02-11,479分鐘,,E-BODY,E-BODY,BESTOFE-BODYLOVERS,合集、巨乳、DMM獨家,宮坂レイア、上条めぐ（三浦芽依）、朋香めい、花井メイサ、亜梨、桜ここみ、青空小夏、春咲あずみ、浅乃ハルミ、ましろ杏、恵けい、長澤あずさ、黒木アリサ、中森玲子、広瀬ゆな、伊織、松すみれ、立花結衣、塚本渚、若菜ちえ、すずきりりか、哀川りん、湖南みるく、上村あずさ、JULIA、林絵理、長谷川杏実（長谷川杏美）、橘なお（上原海里）、池田美和子、仲村美緒、高倉舞、伊沢美春（伊沢美晴）、乙葉真希、高島恭子、瀬戸みずほ,https://www.javbus.com/MKCK-014,
VIS-042 ディープ・レズビアン ～秘め百合覚醒～,VIS-042 ディープ・レズビアン ～秘め百合覚醒～,VIS-042,,2011-02-10,115分鐘,,クリスタル映像,FIVESTAR,ディープ・レズビアン,成熟的女人、女同性戀、舔陰、手指插入、戲劇,篠原美咲、上村あずさ、中森玲子、瀬名えみり,https://www.javbus.com/VIS-042,
NADE-917 麗しの美人義母,NADE-917 麗しの美人義母,NADE-917,,2011-01-29,240分鐘,,なでしこ,Nadeshiko,,成熟的女人、已婚婦女、婆婆,水崎清香、朝比奈るい、富永ひろ美、中森玲子、美原咲子、南ありさ,https://www.javbus.com/NADE-917,
WNZ-276 お母さんの美尻スペシャル4時間,WNZ-276 お母さんの美尻スペシャル4時間,WNZ-276,,2011-01-22,239分鐘,,ワンズファクトリー,WANZ,近親相姦お母さんの美尻,母親、合集、亂倫、屁股,有沢実紗、滝川絵理子、竹井ゆかり、中森玲子、澤村レイコ（高坂保奈美、高坂ますみ）、葉月奈穂（葉月菜穂）、生田沙織、村上涼子（中村りかこ、黒木菜穂）、秋川りお（美月このみ）、牧本千幸（つかもと友希）,https://www.javbus.com/WNZ-276,
JUSD-321 美熟女50人の豪快潮吹き8時間,JUSD-321 美熟女50人の豪快潮吹き8時間,JUSD-321,,2011-01-21,479分鐘,,マドンナ,Madonna,,成熟的女人、潮吹、合集、數位馬賽克、DMM獨家,川島めぐみ、加山なつこ、時越芙美江、雪見紗弥、艶堂しほり（遠藤しおり）、明星ちかげ、広瀬奈々美（堀口奈津美）、志村玲子、樋口冴子（桐島千沙）、川上ゆう（森野雫）、森ななこ、澤村レイコ（高坂保奈美、高坂ますみ）、中森玲子、柳田やよい、大塚咲（小野沙樹、大滝佐紀）、山口玲子、風間ゆみ、友田真希、長谷川美紅、紫彩乃、黒木麻衣（花野真衣、SHIHO）、星野あかり、村上涼子（中村りかこ、黒木菜穂）、翔田千里、佐藤みき（佐藤美紀、鈴木志帆）、波多野結衣、伊吹稟、華山美玲、妃悠愛（長澤杏奈、水原里香、木崎祐子）、五十嵐しのぶ、伊沢美春（伊沢美晴）、結城みさ、香坂めぐ、JULIA、美河さき、真下礼子、松すみれ、白川ゆり、美原咲子、浅倉彩音、宮田まり、有沢実紗、夏木響子、矢沢美奈、小向まな美、北条麻妃、真波紫乃、桜みちる、横山みれい、白鳥美雪,https://www.javbus.com/JUSD-321,
SWF-151 柔らかな巨乳で挟み込む 最高のパイズリ,SWF-151 柔らかな巨乳で挟み込む 最高のパイズリ,SWF-151,,2011-01-12,240分鐘,,ワンズファクトリー,WANZ,,乳交、戀乳癖、巨乳,桐島冴子、宮崎あい、逢沢なお（青山れあ）、うるみゆう、ERIKA（モカ、MOKA）、並木るか（橘ひな）、浅田ちち、望月ゆみ、あいぶらん（蜜井とわ）、羽田夕夏、南沙也香、辻さき、七瀬ゆい（羽田未来）、中森玲子、倖田みらい、藤本もも、小坂めぐる、佐伯奈々、黒川まい、妃乃ひかり、葉月奈穂（葉月菜穂）、小町ななみ、佐倉もなみ、黒沢ゆう、水城奈緒、小向杏奈（桜井麻美）、響鳴音（望月なな）、鈴香音色,https://www.javbus.com/SWF-151,
MBYD-113 美熟女24人のチンポ嬲り！濃厚手コキ4時間,MBYD-113 美熟女24人のチンポ嬲り！濃厚手コキ4時間,MBYD-113,,2011-01-09,239分鐘,,溜池ゴロー,溜池ゴロー,,成熟的女人、合集、數位馬賽克、DMM獨家、打手槍,七海菜々、中森玲子、艶堂しほり（遠藤しおり）、翔田千里、あずま樹、滝沢優奈、村上涼子（中村りかこ、黒木菜穂）、小池絵美子、神崎美樹、風間ゆみ、吉澤レイカ、白石さゆり、大塚咲（小野沙樹、大滝佐紀）、真白希実、夏木響子、吉岡奈々子、澤村レイコ（高坂保奈美、高坂ますみ）、姫野京香、流川純、樋口冴子（桐島千沙）、松浦ユキ、加藤レイナ、北島玲、倉木さゆり,https://www.javbus.com/MBYD-113,
HFD-057 しつけてください 喉奥に仕込む従口の作法 4時間,HFD-057 しつけてください 喉奥に仕込む従口の作法 4時間,HFD-057,,2011-01-05,238分鐘,,ドリームチケット,ドリームチケット,しつけてください,口交、紧缚、合集、性奴、深喉,黒木真夕、長谷川あゆみ、水沢真樹、真白希実、中森玲子、星優乃、希咲エマ（HARUKI、加藤はる希）、神崎レオナ（七瀬かすみ）、桐原あずさ（伊藤あずさ）、川上ゆう（森野雫）、柳田やよい、南つかさ、新井エリー（晶エリー、大沢佑香）、一ノ瀬カレン、管野しずか,https://www.javbus.com/HFD-057,
CADV-219 爆乳熟女 8時間,CADV-219 爆乳熟女 8時間,CADV-219,,2010-12-29,476分鐘,,クリスタル映像,CRYSTALEX,爆乳熟女8時間,成熟的女人、合集、多P、4小時以上作品、巨乳,中本朋美、永遠、蓮見あすか、廣野すみれ、君嶋かほり、川内董、間宮志乃、中森玲子、白川莉紗、中村綾乃、佐藤みき（佐藤美紀、鈴木志帆）、宮田まり、折原ゆかり、望月ゆみ、近藤美奈、宮戸織江、加山なつこ、山口玲子、若林ひかる、秋川りお（美月このみ）、村上涼子（中村りかこ、黒木菜穂）、阿部菜津子（福山洋子、織原寧々）、桜木まい、藤ノ宮礼美、立花かすみ、時越芙美江、森山杏菜（森山杏奈）、愛内凛、北園梓、麻布じゅん、山岸十和子、浅野まお、青山真希、加納栞、橘実加、相原りお、桜井麻里、松本貴子、松島ゆり子、夏川美鈴、矢吹紫穂、南なみ、三咲枝里、三咲恭子、伊吹かすみ、里美由利、高樹小百合、美原咲子、島倉みゆき、宮島ひとみ,https://www.javbus.com/CADV-219,
CCXS-031 プラチナ公式BESTセレクションVOL.30 ベロちゅ～＆SEX王国kissエロ熟女集めましたver kissエロ娘集めましたver,CCXS-031 プラチナ公式BESTセレクションVOL.30 ベロちゅ～＆SEX王国kissエロ熟女集めましたver kissエロ娘集めましたver,CCXS-031,,2010-12-25,334分鐘,毛利秀虎,FAプロ・プラチナ,プラチナ,BESTセレクション,其他戀物癖、合集、戲劇,鷹宮りょう、中森玲子、吉岡奈々子、澤村レイコ（高坂保奈美、高坂ますみ）、つぼみ、永瀬あき、川上ゆう（森野雫）,https://www.javbus.com/CCXS-031,
LADS-083 官能劇場 レズビアン生活 その参 人妻も娘もハマるセールスレディ達の真実の情事,LADS-083 官能劇場 レズビアン生活 その参 人妻も娘もハマるセールスレディ達の真実の情事,LADS-083,,2010-12-24,179分鐘,,トップマーシャル,LADIES♀ROOM,官能劇場レズビアン生活,女同性戀、已婚婦女、美容院,牧瀬まな、友川美由紀、浜野美和、中森玲子、小野里美、七瀬ゆい（羽田未来）,https://www.javbus.com/LADS-083,
MAMA-190 人妻メンズエステ 熟女さんだと何かが期待できる…て本当？,MAMA-190 人妻メンズエステ 熟女さんだと何かが期待できる…て本当？,MAMA-190,,2010-12-23,119分鐘,,クリスタル映像,MADAMMANIAC,,成熟的女人、已婚婦女、美容院、按摩、打手槍,高嶋涼子、有賀智穂、峰岸志保、中森玲子,https://www.javbus.com/MAMA-190,
JUSD-315 マドンナ7周年記念 極上美熟尻77人8時間,JUSD-315 マドンナ7周年記念 極上美熟尻77人8時間,JUSD-315,,2010-12-19,479分鐘,,マドンナ,Madonna,マドンナ7周年記念,成熟的女人、合集、屁股、數位馬賽克、DMM獨家,杉並静香、春風えみ、管野しずか、川瀬さやか、北原夏美、北条麻妃、澤村レイコ（高坂保奈美、高坂ますみ）、広瀬奈々美（堀口奈津美）、松下ゆうか（愛乃彩音、藤咲ゆうか）、翔田千里、明星ちかげ、森ななこ、鷹宮りょう、中森玲子、山口美花、関口梨乃、根元純、折原ゆかり、上原リナ、黒崎ヒトミ（神津千絵子）、樋口冴子（桐島千沙）、坂上友香、牧原れい子、高島小百合、黒木麻衣（花野真衣、SHIHO）、村上涼子（中村りかこ、黒木菜穂）、葉月奈穂（葉月菜穂）、あずま樹、青井マリ、今宮せつな、愛川咲樹、小向杏奈（桜井麻美）、柳田やよい、志村玲子、天海ゆり、白河ゆりか、加藤なお、華山美玲、高島恭子、さくらい葉菜、立花みずき、森山杏菜（森山杏奈）、今枝陽子、伊沢美春（伊沢美晴）、黒澤雪華、香坂めぐ、星杏奈、瀬戸ありさ、花村いづみ、吉永沙織、内田美奈子、江原あけみ（美輪ちあき）、真下礼子、早見るり、伊吹稟、羽鳥澄香、吉岡奈々子、時越芙美江、水沢真樹、三咲恭子、小向まな美、山下やよい、真田友里、藤森綾子、北条美里、橘エレナ、四季彩乃、橘慶子、新尾きり子、新村まり子、塚原百合、桐岡さつき,https://www.javbus.com/JUSD-315,
ETC-078 極上くちマ○コ チ○ポが大好きな女たちのフェラチオ踊り喰い,ETC-078 極上くちマ○コ チ○ポが大好きな女たちのフェラチオ踊り喰い,ETC-078,,2010-12-16,137分鐘,,グローリークエスト,Etcetera,,蕩婦、口交、巨乳、女生,本城さりな、北原れみ、八神れおん、白川ゆり、大槻ひびき、城内ヒカル、橘美穂、中森玲子、水澤りの、夏川未来（小春）、もりとまりな、真下礼子、COCONA（ココナ）、愛実（秋川ルイ）、小西レナ、泉麻那,https://www.javbus.com/ETC-078,
FAX-311 敗戦国婦人の卑猥な肉体 この肉体お国の為に捧げます！,FAX-311 敗戦国婦人の卑猥な肉体 この肉体お国の為に捧げます！,FAX-311,,2010-12-13,103分鐘,ヘンリー塚本,FAプロ・プラチナ,FAプロ,,成熟的女人、舔陰、戲劇,夏海エリカ、風見京子、中森玲子、雪平あい,https://www.javbus.com/FAX-311,
SWF-150 ゲキゆれ！ 巨乳絶景騎乗位,SWF-150 ゲキゆれ！ 巨乳絶景騎乗位,SWF-150,,2010-12-11,240分鐘,,ワンズファクトリー,WANZ,,戀乳癖、女上位、巨乳,うるみゆう、黒木アリサ、中森玲子、諸星セイラ（百瀬涼）、水城奈緒、浅田ちち、葉月奈穂（葉月菜穂）、佐伯奈々、妃乃ひかり、羽田夕夏、北島玲、響鳴音（望月なな）、紅葉紅葉、藤本もも、ERIKA（モカ、MOKA）、宮崎あい、あいぶらん（蜜井とわ）、並木るか（橘ひな）、桐島冴子,https://www.javbus.com/SWF-150,
GQR-064 絶倫老人 3 4時間の老人SEX,GQR-064 絶倫老人 3 4時間の老人SEX,GQR-064,,2010-12-04,239分鐘,,グローリークエスト,GQR,絶倫老人,成熟的女人、合集、女上位,ほのか優、宝生優果（羽野理沙）、春風えみ、七瀬ゆい（羽田未来）、小坂めぐる、星乃せあら（南まりん）、広瀬奈々美（堀口奈津美）、桐原あずさ（伊藤あずさ）、上野ゆり、星野つぐみ、中森玲子、成瀬心美（ここみ）,https://www.javbus.com/GQR-064,
JUSD-312 マドンナ7周年記念 巨乳美熟女77人12時間,JUSD-312 マドンナ7周年記念 巨乳美熟女77人12時間,JUSD-312,,2010-12-02,719分鐘,,マドンナ,Madonna,マドンナ7周年記念,成熟的女人、合集、戀乳癖、數位馬賽克、巨乳、DMM獨家,櫻井ゆうこ、吉川ゆう、日向ゆみ、翔田千里、村上涼子（中村りかこ、黒木菜穂）、鮎川るい、麻生岬、希崎圭蓮（杉本彩子）、友田真希、風間ゆみ、黒木麻衣（花野真衣、SHIHO）、速水怜、小泉ありさ、西本はるみ、大塚咲（小野沙樹、大滝佐紀）、志村玲子、泉貴子、五十川みどり、衣川音寧、一条梨乃、岡田裕美、城エレン、加山なつこ、山口珠理、山口玲子、沢口みき、朝倉まりあ、夢野まりあ、須藤あゆみ、友崎亜希、川島めぐみ、草凪純（加納瑞穂）、神崎美樹、小池絵美子、野原もも、若林ひかる、望月加奈（松沢真理）、松浦ユキ、樋口冴子（桐島千沙）、若狭静珈、徠夢、北条美里、橘エレナ、桜みちる、横山みれい、橘慶子、沢村麻耶、美原咲子、松坂晴美、鮎川みさと、新村まり子、伊吹稟、高島恭子、愛内凛、池田美和子、星杏奈、瀬戸ありさ、藤森綾子、時越芙美江、愛樹るい、杉並静香、流川純、北原夏美、町村小夜子、望月ゆみ、小林芽衣（小林メイ）、南沙也香、中村綾乃、宮本静、飯田ゆかり、明星ちかげ、君嶋かほり、中森玲子、佐藤みき（佐藤美紀、鈴木志帆）、浅倉彩音、宮田まり、櫻井夕樹,https://www.javbus.com/JUSD-312,
LADS-079 官能劇場 レズビアン生活 その弐 レズエステ界の表と裏で蠢く女達…,LADS-079 官能劇場 レズビアン生活 その弐 レズエステ界の表と裏で蠢く女達…,LADS-079,,2010-11-26,188分鐘,,トップマーシャル,LADIES♀ROOM,官能劇場レズビアン生活,女同性戀、美容院,中森玲子、松田早紀、神崎京子、倖田李梨（倖田美梨、岩下美季）、真咲南朋（楓モモ、安藤なつ妃）、桜田さくら（松井さくら）,https://www.javbus.com/LADS-079,
FAX-309 色っぽい女を 縛る/吊るす/犯す,FAX-309 色っぽい女を 縛る/吊るす/犯す,FAX-309,,2010-11-25,122分鐘,ヘンリー塚本,FAプロ・プラチナ,FAプロ,,強姦、紧缚、戲劇,中森玲子、大越はるか、真島みゆき、神崎レオナ（七瀬かすみ）、松下ゆうか（愛乃彩音、藤咲ゆうか）、川上ゆう（森野雫）,https://www.javbus.com/FAX-309,
JUSD-310 厳選美熟女10人の高画質セックス4時間,JUSD-310 厳選美熟女10人の高画質セックス4時間,JUSD-310,,2010-11-25,239分鐘,,マドンナ,Madonna,,成熟的女人、合集、數位馬賽克、高畫質、DMM獨家,長谷川美紅、結城みさ、中森玲子、美原咲子、佐藤みき（佐藤美紀、鈴木志帆）、山口玲子、樋口冴子（桐島千沙）、村上涼子（中村りかこ、黒木菜穂）、牧原れい子、風間ゆみ,https://www.javbus.com/JUSD-310,
IFLY-008 ボインボイン,IFLY-008 ボインボイン,IFLY-008,,2010-11-25,230分鐘,デジタルアーク,デジタルアーク,Di3,,蕩婦、乳交、戀乳癖、巨乳,ありさ、二宮せりな、叶彩、鈴香音色、中森玲子、諸星セイラ（百瀬涼）、西木美羽、佐伯奈々,https://www.javbus.com/IFLY-008,
VENU-084 S級熟女 Part.6,VENU-084 S級熟女 Part.6,VENU-084,,2010-11-19,242分鐘,,VENUS,ヴィーナス（VENUS）,S級熟女（VENUS）,成熟的女人、母親、已婚婦女、巨乳,相原れな（三浦加奈、篠原リョウ）、藤森綾子、中森玲子、美原咲子、城エレン、樋口冴子（桐島千沙）,https://www.javbus.com/VENU-084,
OOMN-018 母の乳房が揺れまくる、巨乳爆乳母20人ベスト 4時間,OOMN-018 母の乳房が揺れまくる、巨乳爆乳母20人ベスト 4時間,OOMN-018,,2010-11-19,239分鐘,,ABC/妄想族,お母さん.com/ABC,美熟女プレイ集,成熟的女人、母親、合集、戀乳癖、巨乳、DMM獨家,藤原絵理香、永峰朋美（安岡たまき）、二宮亜季、藤森綾子、横山みれい、中森玲子、桜みちる、町村小夜子、小林芽衣（小林メイ）、黒木麻衣（花野真衣、SHIHO）、水元えり、鮎川るい、城エレン、秋川りお（美月このみ）、美原咲子,https://www.javbus.com/OOMN-018,
MBYD-109 無情に犯され悶絶！人気美熟女20人4時間,MBYD-109 無情に犯され悶絶！人気美熟女20人4時間,MBYD-109,,2010-11-12,239分鐘,,溜池ゴロー,溜池ゴロー,,成熟的女人、強姦、合集、數位馬賽克、凌辱、DMM獨家,星野あかり、艶堂しほり（遠藤しおり）、澤村レイコ（高坂保奈美、高坂ますみ）、細川まり、広瀬奈々美（堀口奈津美）、樋口冴子（桐島千沙）、村上涼子（中村りかこ、黒木菜穂）、川上ゆう（森野雫）、友田真希、風間ゆみ、中森玲子、桜みちる、橘エレナ、真白希実、藤森綾子、北条麻妃、河合律子、吉岡奈々子、浅倉彩音、藤原絵理香,https://www.javbus.com/MBYD-109,
CADV-211 いやらしい若妻 8時間DX,CADV-211 いやらしい若妻 8時間DX,CADV-211,,2010-11-11,474分鐘,,クリスタル映像,CRYSTALEX,,新娘、年輕妻子、多P、通姦、手指插入,高田えり、玉木かおり、篠原亜希、北谷静香、中森玲子,https://www.javbus.com/CADV-211,
SMD-031 熟女口内イラマチオ強姦,SMD-031 熟女口内イラマチオ強姦,SMD-031,,2010-11-10,239分鐘,,グローバルメディアエンタテインメント,SUPERMIX,,成熟的女人、強姦、口交、數位馬賽克,伊乃愛華、松岡貴美子、三角美紀子、北原夏美、山本ちづこ、はるか悠、青井マリ、澤よし乃、妃乃ひかり、牧本千幸（つかもと友希）、望月加奈（松沢真理）、長谷川美紅、友田真希、加山なつこ、川上ゆう（森野雫）、望月ゆみ、真田友里、魚住優子、時越芙美江、吉岡奈々子、長沢小雪、関口梨乃、山口美花、中森玲子、若槻まどか、橘美沙、大林理恵（大林リエ）、艶堂しほり（遠藤しおり）、橘エレナ,https://www.javbus.com/SMD-031,
TOP-074 痴女温泉旅館,TOP-074 痴女温泉旅館,TOP-074,,2010-10-28,116分鐘,T-JAGA,NEXTGROUP,トップワン,,蕩婦、濫交、女主人、女老板、伴侶、巨乳,綾波瀬奈、結希玲衣（美咲礼、美咲レイ）、遥ゆりあ、芳本真理、水野さやか、林なお、中森玲子、福沢あや、相川まや、秋川真理、ひなのりく、山口沙希、白井ぷりん、姫咲リナ、倉田奈美,https://www.javbus.com/TOP-074,
WAB-106 10th ANNIVERSARY 美熟女 BEST,WAB-106 10th ANNIVERSARY 美熟女 BEST,WAB-106,,2010-10-27,240分鐘,,ワンズファクトリー,WANZ,10thANNIVERSARY,成熟的女人、合集、性奴、拘束、內衣,和希優子、阿部菜津子（福山洋子、織原寧々）、北原夏美、西条麗、大塚咲（小野沙樹、大滝佐紀）、瀬戸ゆうき、北島玲、広瀬奈々美（堀口奈津美）、望月加奈（松沢真理）、風間ゆみ、紫彩乃、友田真希、山口玲子、早乙女香織、澤村レイコ（高坂保奈美、高坂ますみ）、中森玲子、大塚美雪、桜庭怜香、艶堂しほり（遠藤しおり）、中村綾乃、町村小夜子、川上ゆう（森野雫）、流川純、松浦ユキ、天海ゆり、桃山かおり、坂田美影、浅倉彩音、橘エレナ,https://www.javbus.com/WAB-106,
VNDS-2563 三十路不倫旅,VNDS-2563 三十路不倫旅,VNDS-2563,,2010-10-27,89分鐘,奇譚,NEXTGROUP,ネクストイレブン,,紧缚、已婚婦女、通姦、巨乳,結希玲衣（美咲礼、美咲レイ）、芳本真理、中森玲子,https://www.javbus.com/VNDS-2563,
NSPS-094 女体を味わい尽くすマニアックエロス『おっぱい！』,NSPS-094 女体を味わい尽くすマニアックエロス『おっぱい！』,NSPS-094,,2010-10-25,104分鐘,ながえ,ながえスタイル,ながえSTYLEpremiere,女体を味わい尽くすマニアックエロス,乳交、多P、戲劇、巨乳,平山薫、中森玲子、藤宮櫻花（眞雪ゆん）,https://www.javbus.com/NSPS-094,
CCJ-002 熟女NIGHT FEVER,CCJ-002 熟女NIGHT FEVER,CCJ-002,,2010-10-21,155分鐘,,グローリークエスト,CCJ,,蕩婦、成熟的女人、濫交、身體意識、跳舞,白川ゆり、城内ヒカル、真下礼子、中森玲子,https://www.javbus.com/CCJ-002,
DIVS-003 DiVA’s総集編 VOL.3,DIVS-003 DiVA’s総集編 VOL.3,DIVS-003,,2010-10-18,240分鐘,,虎堂,DiVA’s,DiVA’s総集編,女同性戀、其他戀物癖、合集,桃咲まなみ、倉科さやか、浅倉彩音、中森玲子、鈴木千里、萩原亜紀、佐伯奈々、広瀬奈々美（堀口奈津美）、桐原あずさ（伊藤あずさ）、翔田千里、宮崎あい、神崎レオナ（七瀬かすみ）、はるか悠、天海ゆり、藤宮櫻花（眞雪ゆん）、東野愛鈴、瀬奈涼、今井知香、平松恵理香、小野理菜、矢沢美奈、立木ゆりあ、菜菜美ねい、七波ゆら,https://www.javbus.com/DIVS-003,
OKAS-048 お母さんは下着姿、生着替えを視姦する。2,OKAS-048 お母さんは下着姿、生着替えを視姦する。2,OKAS-048,,2010-10-12,121分鐘,,ex,お母さん.com,お母さんは下着姿、生着替えを視姦する。,母親、其他戀物癖、內衣,志村和美、宇喜多かすみ、鷹宮りょう、桜みちる、浅田ちち、明星ちかげ、生田沙織、加藤ツバキ（夏樹カオル）、若林ひかる、秋川りお（美月このみ）、野原もも、中森玲子、藤木未央、中野彩、小町あかり、北園梓、立花みずき、石田みちる、新尾きり子、中野まりえ、美原咲子、藤森綾子、秋野泉、美山蘭子,https://www.javbus.com/OKAS-048,
VIC-079 ムッチリ爆乳盛り！,VIC-079 ムッチリ爆乳盛り！,VIC-079,,2010-10-08,237分鐘,,ヴィクトリア,ヴィクトリア,,乳交、巨乳,野原もも、中森玲子、秋川りお（美月このみ）,https://www.javbus.com/VIC-079,
JUSD-301 義理のお姉さんとヤリまくり4時間,JUSD-301 義理のお姉さんとヤリまくり4時間,JUSD-301,,2010-10-07,239分鐘,,マドンナ,Madonna,,成熟的女人、合集、姐姐、數位馬賽克、DMM獨家,伊吹稟、原小雪、天海ゆり、和希優子、森ななこ、中森玲子、小向まな美、神楽メイ、山口玲子、川上ゆう（森野雫）,https://www.javbus.com/JUSD-301,
GLAM-001 着衣巨乳のスケベお姉さん,GLAM-001 着衣巨乳のスケベお姉さん,GLAM-001,,2010-09-29,240分鐘,,デジタルアーク,digitalark（デジタルアーク）,,合集、姐姐、巨乳、女生,叶彩、宮崎あい、青山ゆい、桃咲まなみ、鈴香音色、ERIKA（モカ、MOKA）、中森玲子、諸星セイラ（百瀬涼）、西木美羽,https://www.javbus.com/GLAM-001,
RE-552 AVに自ら出演志願した人妻3人 4 巨乳フェロモン妻たちの濃厚な本気SEX,RE-552 AVに自ら出演志願した人妻3人 4 巨乳フェロモン妻たちの濃厚な本気SEX,RE-552,,2010-09-27,118分鐘,偏屈屋,コロナ社,BIGWAVE,AVに自ら出演志願した人妻3人,潮吹、已婚婦女、女上位、按摩棒、巨乳,中森玲子、美原咲子、若林ひかる,https://www.javbus.com/RE-552,
TOP-073 まさかこんな所で！！第1回変態露出全国大会,TOP-073 まさかこんな所で！！第1回変態露出全国大会,TOP-073,,2010-09-26,119分鐘,HAMEX,NEXTGROUP,トップワン,,野外・露出、姐姐,桃咲たえ、綾波瀬奈、門田まつり、藤本ちさと、星川麻美、林なお、中森玲子、ひなのりく、若槻朱音、永瀬あき、小鳥遊恋（高梨恋子）、東野愛鈴、水野さやか、華沢鳴海,https://www.javbus.com/TOP-073,
MCSR-029 団地妻 旦那の知らない 4時間BEST,MCSR-029 団地妻 旦那の知らない 4時間BEST,MCSR-029,,2010-09-25,241分鐘,杉崎仁,ビッグモーカル,マスカット,団地妻,合集、已婚婦女、通姦、女優按摩棒、高畫質,柳木美麗、橘慶子、中山かすみ、赤坂エレナ、新尾きり子、中森玲子、中村綾乃、矢田真由美、北島玲、牧野遥、春風えみ、長谷川美紅、愛内凛,https://www.javbus.com/MCSR-029,
DGKD-327S 義母の巨乳に溺れた息子 4時間 COLLECTION,DGKD-327S 義母の巨乳に溺れた息子 4時間 COLLECTION,DGKD-327S,,2010-09-25,239分鐘,小山美仁,アカデミック,電撃,,成熟的女人、亂倫、中出、婆婆、巨乳,永峰朋美（安岡たまき）、矢吹紫穂、藤ノ宮礼美、川村あんな、中森玲子、小橋早苗、里中亜矢子、ささきふう香,https://www.javbus.com/DGKD-327S,
DITR-038 ムチムチボディコンお姉さん2 超ミニスカイケイケボディコン痴女お姉さんに犯されてみませんか？,DITR-038 ムチムチボディコンお姉さん2 超ミニスカイケイケボディコン痴女お姉さんに犯されてみませんか？,DITR-038,,2010-09-25,240分鐘,デジタルアーク,デジタルアーク,Di3,ムチムチボディコンお姉さん,蕩婦、身體意識、合集、巨乳、女生,青山ゆい、桃咲まなみ、ERIKA（モカ、MOKA）、中森玲子、諸星セイラ（百瀬涼）、松下ゆうか（愛乃彩音、藤咲ゆうか）、村上涼子（中村りかこ、黒木菜穂）,https://www.javbus.com/DITR-038,
JUSD-297 2010年マドンナ上半期134タイトル8時間,JUSD-297 2010年マドンナ上半期134タイトル8時間,JUSD-297,,2010-09-24,477分鐘,,マドンナ,Madonna,マドンナ○半期,成熟的女人、合集、數位馬賽克、DMM獨家,五十嵐しのぶ、青木りん、春風えみ、加山なつこ、雪見紗弥、柳田やよい、神崎レオナ（七瀬かすみ）、志村玲子、浜崎りお（森下えりか、篠原絵梨香）、樋口冴子（桐島千沙）、芹沢恋、明星ちかげ、森ななこ、鷹宮りょう、細川まり、中森玲子、橘ミオン（石川鈴華）、紗奈、小向杏奈（桜井麻美）、加藤ツバキ（夏樹カオル）、桐原あずさ（伊藤あずさ）、牧本千幸（つかもと友希）、坂上友香、山口玲子、風間ゆみ、牧原れい子、長谷川美紅、黒木麻衣（花野真衣、SHIHO）、星野あかり、櫻井ゆうこ、村上涼子（中村りかこ、黒木菜穂）、妃乃ひかり、葉月奈穂（葉月菜穂）、翔田千里、愛あいり、佐藤みき（佐藤美紀、鈴木志帆）、波多野結衣、水咲清香、早見るり、華山美玲、妃悠愛（長澤杏奈、水原里香、木崎祐子）、高島恭子、白鳥聖子、立花みずき、今枝陽子、池田喜代子、黒澤雪華、愛内凛、宇喜多かすみ、結城みさ、池田美和子、中野彩、伊吹稟、井川ゆい、新村まり子、浅倉彩音、鈴香音色、小向まな美、北条麻妃、藤森綾子、杉山あゆみ、北条美里、真白希実、真波紫乃、桜みちる、橘慶子、沢村麻耶、美原咲子、白川ゆり、新尾きり子、花村いづみ,https://www.javbus.com/JUSD-297,
JUSD-298 20人の義母が悶える禁断のセックス4時間,JUSD-298 20人の義母が悶える禁断のセックス4時間,JUSD-298,,2010-09-24,239分鐘,,マドンナ,Madonna,,合集、數位馬賽克、婆婆、DMM獨家,愛川咲樹、沙羅樹、岡崎美女、山口玲子、あずま樹、若林ひかる、牧原れい子、山口珠理、友崎亜希、風間ゆみ、星野あかり、北原夏美、早見るり、新村まり子、美原咲子、佐藤みき（佐藤美紀、鈴木志帆）、中森玲子、澤村レイコ（高坂保奈美、高坂ますみ）、村上涼子（中村りかこ、黒木菜穂）、艶堂しほり（遠藤しおり）,https://www.javbus.com/JUSD-298,
CADV-200 脅姦 罪を犯した女達4時間,CADV-200 脅姦 罪を犯した女達4時間,CADV-200,,2010-09-22,239分鐘,,クリスタル映像,CRYSTALEX,,OL、強姦、女大學生、已婚婦女,沢木京華、桜井ひとみ、大塚響子、川上愛華、藤本ちさと、ひなの、中森玲子、林マリア、佐伯奈々、葉月由良（星野綾香、中州悠良）、宮沢まゆ、佐野るる、北条美里,https://www.javbus.com/CADV-200,
VNDS-2712 完全撮り下ろし 極太！ディルドオナニー 悶絶！美熟女8名出演,VNDS-2712 完全撮り下ろし 極太！ディルドオナニー 悶絶！美熟女8名出演,VNDS-2712,,2010-09-20,118分鐘,COBRA48,NEXTGROUP,ネクストイレブン,,成熟的女人、其他戀物癖、高畫質、自慰,名取美和子、愛あいり、結城みさ、中森玲子、七瀬ゆい（羽田未来）、若菜あゆみ、川上ゆう（森野雫）,https://www.javbus.com/VNDS-2712,
MBYD-104 溜池ゴロー2010年上半期全56作品8時間,MBYD-104 溜池ゴロー2010年上半期全56作品8時間,MBYD-104,,2010-09-13,478分鐘,,溜池ゴロー,溜池ゴロー,溜池ゴロー○年○半期,成熟的女人、合集、數位馬賽克、DMM獨家,浅倉彩音、中森玲子、佐藤みき（佐藤美紀、鈴木志帆）、城エレン、広瀬奈々美（堀口奈津美）、樋口冴子（桐島千沙）、翔田千里、村上涼子（中村りかこ、黒木菜穂）、川上ゆう（森野雫）、風間ゆみ、新尾きり子、美原咲子、橘慶子、倉木さゆり、橘エレナ、真波紫乃、真白希実、内田桃子（藤原多恵）、杉山あゆみ、高島恭子、白鳥聖子、河合律子、大塚咲（小野沙樹、大滝佐紀）、星野あかり、友田真希、北条麻妃、藤森綾子、三咲恭子,https://www.javbus.com/MBYD-104,
OBST-010 母親のパンチラコレクション,OBST-010 母親のパンチラコレクション,OBST-010,,2010-09-12,122分鐘,,ex,お母さん.com,,成熟的女人、母親、其他戀物癖、內衣、迷你裙,二宮亜季、小柳倫子、飯浜紀香、根元純、来杉弓香、相田紀子、若槻尚美、中森玲子、仲田絵理、松浦ユキ、水野優、松嶋ルリ、平由美子、榎本香織、藤木未央、宮田まり、小町あかり、藤崎飛鳥、立花みずき、木村よしの、横山みれい、永井智美、時越芙美江、澤村美香、佐野るる、徳田富美子、澤村レイコ（高坂保奈美、高坂ますみ）、林なお、湯沢多喜子、五十川みどり、穂阪詩織、絹田美津、大友唯愛、大越はるか、秋川りお（美月このみ）、野原もも、山崎百合子、東条美菜、水元えり、ほしの菜実恵、大林理恵（大林リエ）、木村雅子、明星ちかげ、中村綾乃、町村小夜子、秋野夕日、菊川麻里、石田えりこ、北原夏美、神崎美樹,https://www.javbus.com/OBST-010,
NKD-068 イラマ＆ビンタ4,NKD-068 イラマ＆ビンタ4,NKD-068,,2010-09-01,140分鐘,,中嶋興業,中嶋興業,イラマ＆ビンタ,深喉、凌辱、水手服,水城ゆうか、速水百花、かわのすみれ、稲森しほ（永井あいこ、南ゆう）、中森玲子、飯島くらら、結城かれん、神崎レオナ（七瀬かすみ）、小宮ゆい、つぼみ,https://www.javbus.com/NKD-068_2010-09-01,
RE-546 犯された人妻達の悲鳴が聞こえる…レイプされても潮を吹き疼き悶える人妻達,RE-546 犯された人妻達の悲鳴が聞こえる…レイプされても潮を吹き疼き悶える人妻達,RE-546,,2010-08-26,108分鐘,金城哲哉,コロナ社,CORONASPECIAL,,強姦、潮吹、已婚婦女、中出,木下有希、中森玲子、南ありさ、華恋（一ノ瀬かれん）,https://www.javbus.com/RE-546,
CADV-195 人妻温泉EX 巨乳妻限定4時間 2,CADV-195 人妻温泉EX 巨乳妻限定4時間 2,CADV-195,,2010-08-24,239分鐘,,クリスタル映像,CRYSTALEX,人妻温泉癒し系,成熟的女人、已婚婦女、通姦、舔陰、巨乳,あゆか、織原ねね、早瀬夢実、澤美レミ、高倉ゆきの、折原ゆかり、橘いずみ、中森玲子、美原咲子、佐藤みき（佐藤美紀、鈴木志帆）、大林理恵（大林リエ）、夏樹しおり、星野由香、高野美香、加山なつこ、風間ゆみ、明星ちかげ、近藤由美、橘エレナ、山下やよい,https://www.javbus.com/CADV-195,
RKI-079 もうキミの尻しか見えない！お尻8時間スペシャル！！,RKI-079 もうキミの尻しか見えない！お尻8時間スペシャル！！,RKI-079,,2010-08-19,479分鐘,,ROOKIE,ROOKIE,,合集、屁股、DMM獨家,吉崎直緒、黒木いちか（東条かれん）、初音みのり、小川あさ美、麻美ゆま、佐山愛、水城奈緒、竹内あい、志村玲子、鮎川なお、西野翔、穂花、光月夜也（林絵里）、酒井ちなみ（紫葵）、KYOKO、月見栞、美月、桃野なごみ、沢木樹里、元井あきな、桐原エリカ、原小雪、桜あやめ、希崎ジェシカ、恵けい、上原カエラ、月野りさ、美咲みゆ、中森玲子、ジゼル,https://www.javbus.com/RKI-079,
GIFD-136 6時間の総集編 人妻たちの生まれて初めての風俗面接。 Vol.1,GIFD-136 6時間の総集編 人妻たちの生まれて初めての風俗面接。 Vol.1,GIFD-136,,2010-08-14,358分鐘,,ラハイナ東海,岐阜城,人妻たちの転落人生、生まれて初めての風俗面接。,成熟的女人、合集、妓女、已婚婦女,浅倉彩音、中森玲子、川瀬さやか、星優乃、澤村レイコ（高坂保奈美、高坂ますみ）、柳田やよい、黒木小夜子（秀吉小夜子）、東条美菜、七瀬ゆうり、神崎美樹、水野優、藤木未央、木下有希、鮎川亜由美、河合由奈、神崎エレナ、中村綾子、内田理音、三咲恭子,https://www.javbus.com/GIFD-136,
JFB-012 Fitch2009年全作品集8時間,JFB-012 Fitch2009年全作品集8時間,JFB-012,,2010-08-06,478分鐘,,Fitch,Fitch,,成熟的女人、合集、數位馬賽克、DMM獨家,波風きら、青木りん、加山なつこ、倖田李梨（倖田美梨、岩下美季）、村上里沙、大塚咲（小野沙樹、大滝佐紀）、柳田やよい、酒井ちなみ（紫葵）、翔田千里、村上涼子（中村りかこ、黒木菜穂）、中森玲子、佐藤みき（佐藤美紀、鈴木志帆）、凛音涼子、北条美里、橘エレナ、橘慶子、伊吹稟、白川莉紗、有沢実紗、鈴香音色、片岡梨沙、藤木未央、浅倉彩音、一戸のぞみ、細川まり、澤村レイコ（高坂保奈美、高坂ますみ）、黒木麻衣（花野真衣、SHIHO）、寧々、小池絵美子、友田真希、牧原れい子、風間ゆみ、広瀬奈々美（堀口奈津美）、高島恭子,https://www.javbus.com/JFB-012,
MBOX-055 帰ってきた！！すべらない熟女 part2 4時間,MBOX-055 帰ってきた！！すべらない熟女 part2 4時間,MBOX-055,,2010-08-05,240分鐘,,タカラ映像,タカラビジュアル,すべらない熟女,成熟的女人、數位馬賽克、女上位,高島小百合、有沢実紗、竹内順子、加山なつこ、中森玲子、能島あさ美（能美あさ美、野島あさみ）、志村玲子、翔田千里、村上涼子（中村りかこ、黒木菜穂）、風間ゆみ,https://www.javbus.com/MBOX-055,
NBD-036 巨乳拷問,NBD-036 巨乳拷問,NBD-036,,2010-08-01,138分鐘,,中嶋興業,中嶋興業,巨乳拷問,SM、戀乳癖、拘束、凌辱、巨乳,速水百花、宮崎あい、中森玲子、黒木麻衣（花野真衣、SHIHO）,https://www.javbus.com/NBD-036,
WNZ-229 悶絶ボイン揉みまくり,WNZ-229 悶絶ボイン揉みまくり,WNZ-229,,2010-07-29,242分鐘,,ワンズファクトリー,WANZ,,戀乳癖、乳房、巨乳,早川瀬里奈、北原夏美、藍花（花桐まつり）、小坂めぐる、はるか悠、長澤リカ、広瀬奈々美（堀口奈津美）、鮎川なお、新井エリー（晶エリー、大沢佑香）、風間ゆみ、あいぶらん（蜜井とわ）、一ノ瀬あきら、澤村レイコ（高坂保奈美、高坂ますみ）、矢部なつみ、中森玲子、竹井ゆかり、有沢実紗、愛菜りな、南沙也香、葉月奈穂（葉月菜穂）,https://www.javbus.com/WNZ-229,
RE-534 不倫妻たちの欲望「淫らな匂い…」夫以外の熱い肉棒に酔いしれる人妻たち,RE-534 不倫妻たちの欲望「淫らな匂い…」夫以外の熱い肉棒に酔いしれる人妻たち,RE-534,,2010-07-28,107分鐘,金城哲哉,コロナ社,BIGWAVE,,已婚婦女、通姦、舔陰、巨乳,木下有希、星野あや、中森玲子、福武まなみ、真島みゆき,https://www.javbus.com/RE-534,
FAX-285 田んぼと畑と青姦とただれた性の昭和,FAX-285 田んぼと畑と青姦とただれた性の昭和,FAX-285,,2010-07-25,159分鐘,ヘンリー塚本,FAプロ・プラチナ,FAプロ,,野外・露出、女上位、戲劇、巨乳、DMM獨家,夏海エリカ、二岡ゆり、中森玲子、結衣（結衣美沙）、白瀬あいみ、間宮いずみ,https://www.javbus.com/FAX-285,
MCSR-024 働く人妻 BEST4時間 職場で悶える人妻たち,MCSR-024 働く人妻 BEST4時間 職場で悶える人妻たち,MCSR-024,,2010-07-25,241分鐘,杉崎仁,ビッグモーカル,マスカット,働く人妻（ビッグモーカル）,合集、各種職業、已婚婦女、通姦、高畫質,柳木美麗、星名麗、真鍋里美、中山かすみ、綾波あすか、若槻尚美、中森玲子、川瀬さやか、澤村レイコ（高坂保奈美、高坂ますみ）、竹田千恵、小鳥遊恋（高梨恋子）、神崎レオナ（七瀬かすみ）、菜月綾（水来亜矢）、青山ゆい、いとう秋穂,https://www.javbus.com/MCSR-024,
OBST-009 お母さんのこっそり自慰行為（オナニー）をじっくり覗き見る 4時間,OBST-009 お母さんのこっそり自慰行為（オナニー）をじっくり覗き見る 4時間,OBST-009,,2010-07-21,241分鐘,,ex,お母さん.com,,成熟的女人、玩具、母親、自慰,永原美代子、永峰朋美（安岡たまき）、水沢久美、中森玲子、河合律子、藤木未央、水元えり、五十川みどり、東条美菜、松浦ユキ、秋野夕日、坂本梨沙、椿美羚、大越はるか、秋川りお（美月このみ）、若林ひかる、小池絵美子、森宮亜希、小野里美、小林芽衣（小林メイ）、小鳥遊恋（高梨恋子）、愛原唯、石橋ゆう子、広瀬ゆかり、澤村美香、時越芙美江、井本茜、林このみ、秋野泉、若槻尚美、北澤瞳、仲田絵理、明星ちかげ、浅田ちち、細川まり、水野優、二宮亜季、小柳倫子、根元純、木村よしの,https://www.javbus.com/OBST-009,
ARM-041 ディルドにまたがる女優たち4 ～お姉さん・熟女編～,ARM-041 ディルドにまたがる女優たち4 ～お姉さん・熟女編～,ARM-041,,2010-07-20,120分鐘,笠井貴人,アロマ企画,AROMA,ディルドにまたがる○○,成熟的女人、玩具、姐姐、DVD多士爐、DMM獨家、自慰,伊吹稟、川村典子、愛海一夏（秋乃ひとみ）、岡山涼花、中森玲子、桜庭彩、杉本蘭、艶堂しほり（遠藤しおり）,https://www.javbus.com/ARM-041,
WAKA-708 若松映像 人妻悶絶電マ50人4時間,WAKA-708 若松映像 人妻悶絶電マ50人4時間,WAKA-708,,2010-07-19,240分鐘,,若松映像,若松映像,若松映像○○4時間,成熟的女人、已婚婦女、女優按摩棒,湯沢多喜子、黒木唯香、中森玲子、美原咲子、艶堂しほり（遠藤しおり）、五十川みどり、澤村レイコ（高坂保奈美、高坂ますみ）、細川まり、小宮ゆい、川上ゆう（森野雫）,https://www.javbus.com/WAKA-708,
MADV-158 高級ソープ 三十路編 2,MADV-158 高級ソープ 三十路編 2,MADV-158,,2010-07-16,119分鐘,,クリスタル映像,MANIAC（クリスタル）,高級ソープ三十路編,成熟的女人、妓女、乳液、女上位、巨乳,後藤リカ、小日向杏梨、大川純、平岡あずみ、中森玲子,https://www.javbus.com/MADV-158,
RNADE-761 エロ下着姿でダイエット中の巨乳義母に中出ししちゃいました！ THE BEST 4時間,RNADE-761 エロ下着姿でダイエット中の巨乳義母に中出ししちゃいました！ THE BEST 4時間,RNADE-761,,2010-07-16,237分鐘,,なでしこ,Nadeshiko,エロ下着姿でダイエット中の巨乳義母に中出ししちゃいました！,合集、中出、婆婆、巨乳、內衣,有永すずか、藤森綾子、高島恭子、中森玲子、佐藤みき（佐藤美紀、鈴木志帆）,https://www.javbus.com/RNADE-761,
DGKD-322S 美熟女三十路コレクション4時間,DGKD-322S 美熟女三十路コレクション4時間,DGKD-322S,,2010-07-16,239分鐘,,アカデミック,電撃,,成熟的女人、69、乳房、中出、巨乳,美咲唯、永峰朋美（安岡たまき）、高岡さやか、高島恭子、中森玲子、艶堂しほり（遠藤しおり）、澤村レイコ（高坂保奈美、高坂ますみ）、木井香里、松本亜璃沙、風間ゆみ、白鳥美鈴、黒木唯香,https://www.javbus.com/DGKD-322S,
AUKG-014 巨乳妻 暴れ揺れるおっぱい自慢の人妻たち,AUKG-014 巨乳妻 暴れ揺れるおっぱい自慢の人妻たち,AUKG-014,,2010-07-13,242分鐘,,U＆K,U＆K,,口交、合集、已婚婦女、女上位、巨乳、DMM獨家,中森玲子、Rico、広瀬奈々美（堀口奈津美）、佐伯実里、山口玲子、矢藤あき、安原真美、妃乃ひかり、青山遥、風間ゆみ,https://www.javbus.com/AUKG-014,
MAN-110 エスカレートしすぎる熟女5人、あなたの自宅に突撃訪問。2,MAN-110 エスカレートしすぎる熟女5人、あなたの自宅に突撃訪問。2,MAN-110,,2010-07-11,240分鐘,,プレステージ,マンハッタン,エスカレートしすぎる●●、あなたの自宅に突撃訪問。,企畫、成熟的女人、多P、女上位,川上ゆう（森野雫）、中森玲子、浅倉彩音、風間ゆみ、北条麻妃,https://www.javbus.com/MAN-110,
BKSP-271 親子風呂 7,BKSP-271 親子風呂 7,BKSP-271,,2010-07-10,127分鐘,ボルボ中野,アイエナジー,BKSP,親子風呂,企畫、亂倫、巨乳,初美沙希、坂本愛海、中森玲子,https://www.javbus.com/BKSP-271,
TYK-031 官能 義母と息子 4時間 あってはならない母子交尾,TYK-031 官能 義母と息子 4時間 あってはならない母子交尾,TYK-031,,2010-07-09,239分鐘,バンク石川,東京音光,艶工房,あってはならない母子交尾,成熟的女人、乳交、亂倫、婆婆、巨乳,沢近由紀美、滝川絵理子、中森玲子、望月加奈（松沢真理）,https://www.javbus.com/TYK-031,
ALD-346 生イラマ！ 26人 中出し口レイプ生イラマチオ,ALD-346 生イラマ！ 26人 中出し口レイプ生イラマチオ,ALD-346,,2010-07-07,240分鐘,,桃太郎映像出版,ALLIN☆ONE,,企畫、強姦、口交、深喉、凌辱、中出,辻本りょう、鈴香音色、長谷川なぁみ、佐伯奈々、新井エリー（晶エリー、大沢佑香）、藤宮櫻花（眞雪ゆん）、山下真耶、妃乃ひかり、持田茜（しじみ）、菊原まどか、花木あのん、優木夏、星島ちさ、上野ゆり、松永ありす、今野梨乃、中森玲子、澤村レイコ（高坂保奈美、高坂ますみ）、小宮ゆい、星乃せあら（南まりん）、松下ゆうか（愛乃彩音、藤咲ゆうか）、早乙女ルイ、はるか悠、国見奈々、結城凛、榊なち,https://www.javbus.com/ALD-346,
VERO-003 S級熟女 巨尻美尻SUPER BEST,VERO-003 S級熟女 巨尻美尻SUPER BEST,VERO-003,,2010-07-01,121分鐘,,VENUS,女神（ヴィーナス）,S級熟女（VENUS）,成熟的女人、合集、已婚婦女、屁股、女上位、DMM獨家,五十嵐しのぶ、小林里穂、浅倉彩音、中森玲子、美原咲子、佐藤みき（佐藤美紀、鈴木志帆）、細川まり、志村玲子、妃乃ひかり、風間ゆみ,https://www.javbus.com/VERO-003,
OKAS-038 母親の厳選フェラコレクション 2,OKAS-038 母親の厳選フェラコレクション 2,OKAS-038,,2010-06-20,91分鐘,,ex,お母さん.com,母親の厳選フェラコレクション,成熟的女人、母親、口交、其他戀物癖,星奈緒美、夏海エリカ、中森玲子、林このみ、時越芙美江、小向まな美、柳田やよい、小橋早苗、藤宮櫻花（眞雪ゆん）、若林ひかる、木村よしの、美原咲子、小野里美、椿美羚、北原夏美,https://www.javbus.com/OKAS-038,
RNADE-739 人妻の情事 力ずくで犯される10人の人妻たち,RNADE-739 人妻の情事 力ずくで犯される10人の人妻たち,RNADE-739,,2010-06-18,238分鐘,マーKUN,なでしこ,Nadeshiko,人妻の情事（なでしこ）,強姦、已婚婦女、69、中出、巨乳,鮎川みさと、白川ゆり、伊吹稟、藤原絵理香、北条美里、小野理菜、中森玲子、大塚美雪、大隈恵令奈（大隅恵令奈）、川上ゆう（森野雫）,https://www.javbus.com/RNADE-739,
OOMN-012 お母さんがイカせてあげる…4時間,OOMN-012 お母さんがイカせてあげる…4時間,OOMN-012,,2010-06-18,241分鐘,,ABC/妄想族,お母さん.com/ABC,美熟女プレイ集,成熟的女人、母親、乳交、合集、巨乳、DMM獨家,藤原絵理香、永峰朋美（安岡たまき）、北条美里、小向まな美、美原咲子、桜みちる、浅田ちち、葉月奈穂（葉月菜穂）、柳田やよい、黒木麻衣（花野真衣、SHIHO）、河合律子、時越芙美江、中野まりえ、広瀬ゆかり、宮田まり、中森玲子、大林理恵（大林リエ）、小林芽衣（小林メイ）、城エレン、秋川りお（美月このみ）、若林ひかる、野原もも、山口智美、石橋ゆう子、加藤なお、立花みずき,https://www.javbus.com/OOMN-012,
CCXS-017 プラチナ公式BESTセレクションVOL16 女穴に入らずんば悦を得ず… ドスケベ女の発情期編,CCXS-017 プラチナ公式BESTセレクションVOL16 女穴に入らずんば悦を得ず… ドスケベ女の発情期編,CCXS-017,,2010-06-13,150分鐘,毛利秀虎,FAプロ・プラチナ,プラチナ,BESTセレクション,合集、女上位、戲劇,愛沢美奈、葉月紗絢、小林美沙、菜月綾（水来亜矢）、中森玲子、竹田千恵,https://www.javbus.com/CCXS-017,
TOS-118 本格レズ 訪問エステに溺れる八○子妻たち,TOS-118 本格レズ 訪問エステに溺れる八○子妻たち,TOS-118,,2010-06-11,88分鐘,岡田忍,東京音光,Aja,本格レズ,女同性戀、已婚婦女、多P、美容院、巨乳,川本礼子、宮本れい、中森玲子,https://www.javbus.com/TOS-118,
SMD-026 犯され熟女,SMD-026 犯され熟女,SMD-026,,2010-06-09,180分鐘,,グローバルメディアエンタテインメント,SUPERMIX,,成熟的女人、強姦、數位馬賽克、凌辱、中出,久我舞、藤木ルイ、伊乃愛華、松岡貴美子、深津映見、柿本真緒、中森玲子、澤村レイコ（高坂保奈美、高坂ますみ）、水谷マリ、村上涼子（中村りかこ、黒木菜穂）、北原夏美、朝子、佐藤菜摘、滝澤美緒、神咲りえ、真田友里、畑中美雪、艶堂しほり（遠藤しおり）、間宮志乃、沢近由紀美,https://www.javbus.com/SMD-026,
CADV-180 巨乳未亡人柔乳の悶え 4時間DX 2,CADV-180 巨乳未亡人柔乳の悶え 4時間DX 2,CADV-180,,2010-06-08,239分鐘,,クリスタル映像,CRYSTALEX,巨乳未亡人柔乳の悶え,和服・喪服、成熟的女人、乳交、寡婦、巨乳,伊沢美春（伊沢美晴）、橘エレナ、雪美まゆ、星名麗、中森玲子、佐藤みき（佐藤美紀、鈴木志帆）、綾女、葉月奈穂（葉月菜穂）、山口真理、ささきふう香、秋川りお（美月このみ）、深海沙織,https://www.javbus.com/CADV-180,
ALD-339 生中出し熟女 13人,ALD-339 生中出し熟女 13人,ALD-339,,2010-06-07,240分鐘,,桃太郎映像出版,ALLIN☆ONE,,成熟的女人、已婚婦女、通姦、中出、打手槍,佐々木涼、優木夏、国見奈々、中森玲子、佐藤みき（佐藤美紀、鈴木志帆）、澤村レイコ（高坂保奈美、高坂ますみ）、長澤リカ、松浦ユキ、甘衣かおり、川上ゆう（森野雫）、安西カルラ、桐島冴子、藤宮櫻花（眞雪ゆん）,https://www.javbus.com/ALD-339,
WFB-004 ワンズファクトリー100タイトル 100番勝負 8時間,WFB-004 ワンズファクトリー100タイトル 100番勝負 8時間,WFB-004,,2010-05-31,479分鐘,,ワンズファクトリー,WANZ,ワンズファクトリー100タイトル100番勝負,角色扮演、合集、拘束、4小時以上作品,可愛カナ、樹花凜（七咲楓花）、月野りさ、村上里沙、小坂めぐる、佐伯奈々、浜崎りお（森下えりか、篠原絵梨香）、新井エリー（晶エリー、大沢佑香）、妃乃ひかり、紅音ほたる（秋月杏奈）、鮎川なお、ERIKA（モカ、MOKA）、倖田みらい、石川みずき、中森玲子、星アンジェ、鷹宮りょう、澤村レイコ（高坂保奈美、高坂ますみ）、艶堂しほり（遠藤しおり）、辻さき、広瀬奈々美（堀口奈津美）、鈴香音色,https://www.javbus.com/WFB-004_2010-05-31,
OKAS-039 お母さんの乳舐め,OKAS-039 お母さんの乳舐め,OKAS-039,,2010-05-31,91分鐘,,ex,お母さん.com,,成熟的女人、母親、亂倫、巨乳,愛原唯、永峰朋美（安岡たまき）、北原夏美、宮田まり、葉月奈穂（葉月菜穂）、小林芽衣（小林メイ）、絹田美津、望月ゆみ、小鳥遊恋（高梨恋子）、秋川りお（美月このみ）、野原もも、浅田ちち、澤村レイコ（高坂保奈美、高坂ますみ）、中森玲子、澤美レミ、森宮亜希、中野まりえ、美原咲子、黒木麻衣（花野真衣、SHIHO）、時越芙美江、広瀬ゆかり、佐野るる、飯浜紀香、若槻尚美、漣ゆめ,https://www.javbus.com/OKAS-039,
CADV-178 CRYSTAL THE BEST 2010 vol.2,CADV-178 CRYSTAL THE BEST 2010 vol.2,CADV-178,,2010-05-31,229分鐘,,クリスタル映像,CRYSTALEX,CRYSTALTHEBEST,乳交、合集、手指插入、女優按摩棒、巨乳,黒谷彩乃、小澤マリア、中森玲子、月野りさ、浜崎りお（森下えりか、篠原絵梨香）、鮎川なお,https://www.javbus.com/CADV-178,
OKAS-036 母と入浴 お母さんといっしょ,OKAS-036 母と入浴 お母さんといっしょ,OKAS-036,,2010-05-30,91分鐘,,ex,お母さん.com,母と入浴お母さんといっしょ,母親、乳交、亂倫、手指插入,永原美代子、加藤なお、中野まりえ、石川さとこ、中森玲子、林このみ、小野里美、時越芙美江、城エレン、小池絵美子,https://www.javbus.com/OKAS-036,
DVH-551 こだわりの手コキ 人妻編 5,DVH-551 こだわりの手コキ 人妻編 5,DVH-551,,2010-05-25,238分鐘,,ハヤブサ,隼,こだわりの手コキ,成熟的女人、其他戀物癖、已婚婦女、打手槍,立花れん、新山めぐみ、竹内順子、北条麻妃、瀬戸珠美、柳田やよい、はるか悠、押切あやの、黒木麻衣（花野真衣、SHIHO）、川上ゆう（森野雫）、島谷由紀子、中森玲子、小向涼子、堺由樹、桧山すず、中山かすみ、澤村レイコ（高坂保奈美、高坂ますみ）、永井智美、北沢ひとみ、谷村亜紀、大里美佳子、葵みちる、北条美里、成田幸恵、北谷静香、南ありさ、真田友里、佐伯純子、白川莉紗、天野真由梨、池上莉緒、村上涼子（中村りかこ、黒木菜穂）、館山真冬、木下有希,https://www.javbus.com/DVH-551,
DVH-557 フェラコレ 特別編 2 増量4時間ぜーんぶWフェラ,DVH-557 フェラコレ 特別編 2 増量4時間ぜーんぶWフェラ,DVH-557,,2010-05-25,238分鐘,,ハヤブサ,隼,フェラコレ,口交、其他戀物癖、巨乳,羽鳥涼子、みはる、橘いずみ、平井綾、愛璃みい、中森玲子、樺月愛華、大塚美雪、ひなのりく、愛菜りな,https://www.javbus.com/DVH-557,
DVH-555 フェラコレ 熟女編 6 39人のフェラマダム,DVH-555 フェラコレ 熟女編 6 39人のフェラマダム,DVH-555,,2010-05-25,239分鐘,,ハヤブサ,隼,フェラコレ,成熟的女人、口交、其他戀物癖、數位馬賽克,藤原絵理香、有沢実紗、神谷みさと、中森玲子、南ありさ、大塚美雪、星優乃、瀬戸珠美、柳田やよい,https://www.javbus.com/DVH-555,
DGKD-313S 巨乳美熟女4時間,DGKD-313S 巨乳美熟女4時間,DGKD-313S,,2010-05-16,240分鐘,小山美仁,アカデミック,電撃,,成熟的女人、乳交、胖女人、中出、巨乳,安藤幸子、友川美由紀、松島ゆり子、水咲清香、安村玲美、永峰朋美（安岡たまき）、浜崎せな、高島恭子、浅田博美、美原咲子、中森玲子、桜田千佳子,https://www.javbus.com/DGKD-313S,
KBKD-658 小林興業人妻生出しオールスターズ8時間スペシャル,KBKD-658 小林興業人妻生出しオールスターズ8時間スペシャル,KBKD-658,,2010-05-15,482分鐘,,小林興業,小林,,乳交、已婚婦女、中出、4小時以上作品,藤原絵理香、石井明菜、谷本舞子、仁科祐紀、川村あんな、中森玲子、星優乃、吉岡奈々子、澤村レイコ（高坂保奈美、高坂ますみ）、小鳥遊恋（高梨恋子）、山下やよい、沢近由紀美,https://www.javbus.com/KBKD-658,
USH-006 2009年下半期（7月～12月）「レズ」作品集4時間,USH-006 2009年下半期（7月～12月）「レズ」作品集4時間,USH-006,,2010-05-13,240分鐘,,U＆K,U＆KCOLLECTION,,女同性戀、合集,橘ミオン（石川鈴華）、愛葉悠、千堂ゆりあ、成瀬心美（ここみ）、神崎レオナ（七瀬かすみ）、佐伯奈々、広瀬奈々美（堀口奈津美）、乙音奈々、楓はるか、春矢つばさ（椎名りく）、夢乃加奈、西尾いずみ（名波ゆら）、南つかさ、上原留華、村瀬優花、桜井エミリ、山口玲子、緋村由衣、麻生亜衣、あすかみみ、星島ちさ、篠原奈美、北条美里、中森玲子、奏のんか、涼宮ラム、さくらひなこ、飯島くらら,https://www.javbus.com/USH-006,
AUKB-004 U＆K BEST「ヤリまくり！！」4時間（2）,AUKB-004 U＆K BEST「ヤリまくり！！」4時間（2）,AUKB-004,,2010-05-13,239分鐘,,U＆K,U＆K,U＆KBEST,蕩婦、第一人稱攝影、合集、已婚婦女、打手槍,中森玲子、澤村レイコ（高坂保奈美、高坂ますみ）、瞳れん、山口玲子、天衣みつ、矢藤あき、立花瞳、綾乃梓、紅音ほたる（秋月杏奈）、立花里子、柚月ひかる、姫野りむ、汐見ゆうな、加藤ツバキ（夏樹カオル）、辻さき、桜井エミリ,https://www.javbus.com/AUKB-004,
HUNT-290 絶叫！！エレベーター 己の勘を信じ階数ボタンをプッシュ！狙え！賞金百万円の当たりフロア！扉の向こうにエロブリーフマンがいたら問答無用でスケベな罰ゲーム！,HUNT-290 絶叫！！エレベーター 己の勘を信じ階数ボタンをプッシュ！狙え！賞金百万円の当たりフロア！扉の向こうにエロブリーフマンがいたら問答無用でスケベな罰ゲーム！,HUNT-290,,2010-05-06,128分鐘,川尻,Hunter,Hunter（ソフトオンデマンド）,,業餘、女上位、女優按摩棒、DVD多士爐,坂本愛海、中森玲子、新山ゆきみ、種村美咲,https://www.javbus.com/HUNT-290,
BOMN-018 巨乳 乳揉みSP 総集編 デカイ乳だけひたすら揉む4時間,BOMN-018 巨乳 乳揉みSP 総集編 デカイ乳だけひたすら揉む4時間,BOMN-018,,2010-04-30,240分鐘,,ABC/妄想族,BoinBB/ABC,巨乳スペシャル,合集、戀乳癖、巨乳,成田幸恵、吉沢千里、美月ゆり、宮崎あい、宝生優果（羽野理沙）、小澤新音、月門ゆか、浅田ちち、葉月奈穂（葉月菜穂）、はるか悠、飯浜紀香、佐野るる、白瀬まなみ、鈴香音色、和希もも、菅なつみ、乙宮ゆう、夏川リアナ、小林芽衣（小林メイ）、恩田夏穂、篠田まい、中森玲子、京本由衣、真田リサ、桜沢いすず、あいぶらん（蜜井とわ）、松坂るい、黒川梨花、早坂めぐ、浜崎りお（森下えりか、篠原絵梨香）、波風きら、水森あおい、瀬咲るな、西本はるみ、木下レイ、羽田夕夏、川峰さくら、青葉優希、倉田茜,https://www.javbus.com/BOMN-018,
WFB-005 I◆イイオンナ8時間,WFB-005 I◆イイオンナ8時間,WFB-005,,2010-04-29,480分鐘,,ワンズファクトリー,WANZ,,角色扮演、已婚婦女、4小時以上作品、高中女生、女生,倖田みらい、桃山かおり、可愛カナ、石川みずき、桜井エミリ、鈴香音色、月野りさ、雪見紗弥、成瀬心美（ここみ）、ひなのりく、沢木樹里、一色明奈、大塚美雪、二宮せりな、橘エレナ、諸星セイラ（百瀬涼）、RUMIKA、中森玲子、星アンジェ、風間ゆみ、佐伯奈々、妃乃ひかり、新井エリー（晶エリー、大沢佑香）、水城奈緒、大塚咲（小野沙樹、大滝佐紀）、浜崎りお（森下えりか、篠原絵梨香）、小坂めぐる、鮎川なお、一ノ瀬あきら、艶堂しほり（遠藤しおり）、樹花凜（七咲楓花）、澤村レイコ（高坂保奈美、高坂ますみ）、小野紗里奈,https://www.javbus.com/WFB-005_2010-04-29,
DIV-059 女尻オナニー Vol.03,DIV-059 女尻オナニー Vol.03,DIV-059,,2010-04-29,119分鐘,ネコタソ,大久保ヤンキース,DiVA’s,女尻オナニー,屁股、女優按摩棒、按摩棒、自慰,三浦直緒、米山愛、今井ちか、坂井麻衣、平松恵理香、中森玲子,https://www.javbus.com/DIV-059,
CADV-171 人妻百選8時間DX 2,CADV-171 人妻百選8時間DX 2,CADV-171,,2010-04-29,478分鐘,,クリスタル映像,CRYSTALEX,○○百選,成熟的女人、已婚婦女、通姦、手指插入、自慰,橘美沙、高城梨沙、中森玲子、佐藤みき（佐藤美紀、鈴木志帆）、広瀬奈々美（堀口奈津美）,https://www.javbus.com/CADV-171,
UGSS-001 初めての風俗面接。 240分21名の人妻たち総集編,UGSS-001 初めての風俗面接。 240分21名の人妻たち総集編,UGSS-001,,2010-04-28,240分鐘,,タカラ映像,GUSUKU,初めての風俗面接,成熟的女人、合集、妓女、已婚婦女、偷窥,美原咲子、森宮亜希、さくらい葉菜、望月加奈（松沢真理）、村上涼子、黒木小夜子（秀吉小夜子）、艶堂しほり（遠藤しおり）、中森玲子、根元純、加藤なお、中山かすみ、広瀬ゆかり、木下有希、風間ゆみ、菜月綾（水来亜矢）、麻生恭子、小野里美、東条朱美、唯沢まひる、菜月あんな,https://www.javbus.com/UGSS-001,
MCSR-020 中出し人妻暴行4時間BEST 膣にタップリ出してやるから覚悟しな！！,MCSR-020 中出し人妻暴行4時間BEST 膣にタップリ出してやるから覚悟しな！！,MCSR-020,,2010-04-25,240分鐘,YUMEJI,ビッグモーカル,マスカット,中出し人妻暴行,強姦、合集、已婚婦女、高畫質,小林里穂、藤咲飛鳥、魚住里奈、中村綾乃、北島玲、広瀬奈々美（堀口奈津美）、生田沙織、坂本梨沙、村上涼子（中村りかこ、黒木菜穂）、川上ゆう（森野雫）、南沙也香、艶堂しほり（遠藤しおり）、澤村レイコ（高坂保奈美、高坂ますみ）、水野優、中森玲子、星名麗、いとう秋穂、翔田千里,https://www.javbus.com/MCSR-020,
JUC-298 もう一つの混浴温泉バスツアー 5,JUC-298 もう一つの混浴温泉バスツアー 5,JUC-298,,2010-04-23,150分鐘,モヒカル,マドンナ,Madonna,美熟女と行く混浴温泉バスツアー,企畫、成熟的女人、第一人稱攝影、數位馬賽克、巨乳、DMM獨家,矢沢美奈、仙崎春香、根元純、浅倉彩音、中森玲子、金森美奈、北条麻妃、細川まり、城エレン、川上ゆう（森野雫）、河合律子、真田友里、北条美里、藤原絵理香,https://www.javbus.com/JUC-298,
TDMJ-059 愛液べっちょり！美熟女ディルドオナニー その弐,TDMJ-059 愛液べっちょり！美熟女ディルドオナニー その弐,TDMJ-059,,2010-04-17,104分鐘,,虎堂,漫熟,愛液べっちょり！美熟女ディルドオナニー,成熟的女人、玩具、自慰,橘美沙、中森玲子、川瀬さやか、星優乃、立木ゆりあ,https://www.javbus.com/TDMJ-059,
BBST-010 巨乳・爆乳 デカ乳輪 BEST 4時間,BBST-010 巨乳・爆乳 デカ乳輪 BEST 4時間,BBST-010,,2010-04-17,241分鐘,,ex,BoinBB,巨乳・爆乳,乳交、合集、戀乳癖、巨乳、打手槍,鈴花、成田幸恵、吉川桃、木下レイ、愛あいり、宮崎あい、京本由衣、中森玲子、小林芽衣（小林メイ）、羽田夕夏、川峰さくら、中野恭子,https://www.javbus.com/BBST-010,
TDMJ-058 美熟女専科 舐めまくり回春サロン,TDMJ-058 美熟女専科 舐めまくり回春サロン,TDMJ-058,,2010-04-17,109分鐘,沢入焚火,虎堂,漫熟,,成熟的女人、其他戀物癖、多P,橘美沙、平松恵理香、中森玲子、川瀬さやか、星優乃、立木ゆりあ,https://www.javbus.com/TDMJ-058,
NL-004 ネチョレズ！ VOL.4,NL-004 ネチョレズ！ VOL.4,NL-004,,2010-04-13,104分鐘,,U＆K,Queer,ネチョレズ！,玩具、女同性戀、乳液、泳裝、巨乳,村瀬優花、桜井エミリ、中森玲子、あすかみみ、佐伯奈々、山口玲子,https://www.javbus.com/NL-004_2010-04-13,
TOS-109 本格レズ 訪問エステに溺れる母娘,TOS-109 本格レズ 訪問エステに溺れる母娘,TOS-109,,2010-04-09,88分鐘,岡田忍,東京音光,Aja,本格レズ,女同性戀、多P、美容院、女優按摩棒,牧瀬まな、中森玲子、小野里美,https://www.javbus.com/TOS-109,
BOIN-044 巨乳・爆乳 巨乳デカブラ着替え集 25人2時間,BOIN-044 巨乳・爆乳 巨乳デカブラ着替え集 25人2時間,BOIN-044,,2010-04-05,121分鐘,,ex,BoinBB,巨乳・爆乳,其他戀物癖、戀乳癖、巨乳、內衣,武田もも、鈴花、佐野るる、櫻庭茜、ひなの、門倉真紀、菅なつみ、伊東このみ、飯浜紀香、中森玲子、永峰朋美（安岡たまき）、徠夢、倖田みらい、青木春、長谷川ミュウ、葉月奈穂（葉月菜穂）、木下レイ、水森あおい、宝生優果（羽野理沙）、うるみゆう、愛あいり、夏川リアナ、乙宮ゆう、成田幸恵,https://www.javbus.com/BOIN-044,
SDDE-216 （裏）手コキクリニック ～完全版～ 性交クリニック 中出し看護スペシャル2,SDDE-216 （裏）手コキクリニック ～完全版～ 性交クリニック 中出し看護スペシャル2,SDDE-216,,2010-04-04,134分鐘,,SODクリエイト,SODクリエイト,（裏）手コキクリニック,企畫、护士、中出、女上位、DVD多士爐、打手槍,森乃しずく、あづみ、中森玲子、桜庭彩,https://www.javbus.com/SDDE-216,
WAB-102 10th ANNIVERSARY 巨乳 BEST,WAB-102 10th ANNIVERSARY 巨乳 BEST,WAB-102,,2010-04-03,241分鐘,オムニバス,ワンズファクトリー,WANZ,10thANNIVERSARY,合集、戀乳癖、巨乳,薫まい、和希結衣、@YOU、水城奈緒、浅田ちち、小坂めぐる、水原あき、妃乃ひかり、及川奈央、夢野まりあ、小町ななみ、安倍麻沙美、星野なつ、桃井りか、白雪彩、萩原めぐ、麻生岬、佐伯奈々、川村智花、松坂樹梨、薫桜子、山咲萌、小川音子、夏目しおん、紅音ほたる（秋月杏奈）、RIRICO、佐倉もなみ、黒沢ゆう、小向杏奈（桜井麻美）、一戸のぞみ、倖田みらい、諸星セイラ（百瀬涼）、川久保アンナ、星川ヒカル、風間ゆみ、小泉麻由、大浦あんな、川浜なつみ、鮎川あみ、中森玲子、七瀬ゆい（羽田未来）、綾瀬みゅう、相戸愛、飯島夏希、浜崎りお（森下えりか、篠原絵梨香）、紅葉紅葉、藤本もも、ERIKA（モカ、MOKA）、あいぶらん（蜜井とわ）、並木るか（橘ひな）、望月ゆみ、南沙也香、彩名杏子,https://www.javbus.com/WAB-102,
BBST-009 巨乳・爆乳 乳揉み2 BEST 4時間,BBST-009 巨乳・爆乳 乳揉み2 BEST 4時間,BBST-009,,2010-04-02,241分鐘,,ex,BoinBB,巨乳・爆乳,其他戀物癖、合集、巨乳,小倉ありさ、倖田みらい、永峰朋美（安岡たまき）、青木春、長谷川ミュウ、仲村ろみひ、鈴香音色、七尾みつみ、乙宮ゆう、妃乃ひかり、真田リサ、伊東このみ、櫻庭茜、星野あや、鈴花、門倉真紀、三浦まい、菅なつみ、徠夢、中野恭子、中森玲子、秋乃マロン、川峰さくら、羽田夕夏、西本はるみ、天咲めい、水森あおい、波風きら、浜崎りお（森下えりか、篠原絵梨香）、小澤新音、片瀬りこ、ひなの、初井てまり、うるみゆう、辻さき、篠田まい、逢沢なお（青山れあ）、浅田ちち、倉田茜,https://www.javbus.com/BBST-009,
DIR-025 監禁 狂乱アクメ2,DIR-025 監禁 狂乱アクメ2,DIR-025,,2010-04-01,131分鐘,,AFRO-FILM,D,監禁狂乱アクメ,監禁、深喉、舔陰、凌辱,桃咲まなみ、@YOU、浅倉彩音、中森玲子,https://www.javbus.com/DIR-025,
YAB-031 ザ・ボディコン 尻コキ,YAB-031 ザ・ボディコン 尻コキ,YAB-031,,2010-03-31,106分鐘,えんじょい多治見,映天,ヤブサメ（映天）,,身體意識、已婚婦女、屁股、乳液,中森玲子、大塚美雪、神崎レオナ（七瀬かすみ）、村上涼子（中村りかこ、黒木菜穂）、風間ゆみ,https://www.javbus.com/YAB-031,
JUC-274 マドンナファンの集い 美熟女と行く混浴温泉バスツアー 5,JUC-274 マドンナファンの集い 美熟女と行く混浴温泉バスツアー 5,JUC-274,,2010-03-25,399分鐘,モヒカル,マドンナ,Madonna,美熟女と行く混浴温泉バスツアー,角色扮演、企畫、成熟的女人、濫交、數位馬賽克、DMM獨家,矢沢美奈、仙崎春香、根元純、浅倉彩音、中森玲子、金森美奈、北条麻妃、細川まり、城エレン、川上ゆう（森野雫）、河合律子、真田友里、北条美里、藤原絵理香,https://www.javbus.com/JUC-274,
WNZ-150 パイズリは挟射だよな！ 3,WNZ-150 パイズリは挟射だよな！ 3,WNZ-150,,2010-03-20,150分鐘,,ワンズファクトリー,WANZ,パイズリは挟射だよな！,乳交、戀乳癖、乳房、巨乳,松金めぐみ、牧野くるみ、早乙女美奈子、鈴香音色、吉沢みなみ、ERIKA（モカ、MOKA）、浅倉彩音、中森玲子、小坂めぐる、風間ゆみ,https://www.javbus.com/WNZ-150,
GAS-138 爆乳一挙大放出4時間！！ 初出し！すべて撮り下ろし 伝説の爆乳女優16人,GAS-138 爆乳一挙大放出4時間！！ 初出し！すべて撮り下ろし 伝説の爆乳女優16人,GAS-138,,2010-03-18,243分鐘,高槻彰,シネマユニット・ガス,GAS,,第一人稱攝影、乳交、4小時以上作品、巨乳,安西もあ、YUNA、緒川ゆう、吉沢千里、あさひ蘭（川伊まな）、杏美月、福島まいこ、みすず陽菜、波風きら、中森玲子、根本わか、木下レイ、橘ナオミ、阿久津ルミ、城エレン、滝ロリアナ,https://www.javbus.com/GAS-138,
HUNT-273 1人暮らしで毎日カップラーメンばかりの彼女もいない寂しい僕が、家庭的な女性に癒されたくて料理専門の家政婦さんを呼んでチ○ポを擦り付けたら、頬を赤らめてその気になった！,HUNT-273 1人暮らしで毎日カップラーメンばかりの彼女もいない寂しい僕が、家庭的な女性に癒されたくて料理専門の家政婦さんを呼んでチ○ポを擦り付けたら、頬を赤らめてその気になった！,HUNT-273,,2010-03-18,136分鐘,,Hunter,Hunter（ソフトオンデマンド）,,業餘、戀乳癖、巨乳,川上ゆう（森野雫）、中森玲子、吉岡奈々子,https://www.javbus.com/HUNT-273,
MBYD-093 美熟女ナース4時間,MBYD-093 美熟女ナース4時間,MBYD-093,,2010-03-12,239分鐘,,溜池ゴロー,溜池ゴロー,美熟女ナース,成熟的女人、护士、合集、數位馬賽克、深喉、DMM獨家,柏原ふみえ、川島ちえみ、白石さゆり、中森玲子、北原夏美、翔田千里、RIRICO、中山りお,https://www.javbus.com/MBYD-093,
WNZ-188 連続2回発射するまで許しません！,WNZ-188 連続2回発射するまで許しません！,WNZ-188,,2010-03-11,240分鐘,,ワンズファクトリー,WANZ,,蕩婦、护士、打手槍,有賀知弥、早川瀬里奈、葉月奈穂（葉月菜穂）、小坂めぐる、生田沙織、松浦ユキ、黒木麻衣（花野真衣、SHIHO）、鮎川なお、新井エリー（晶エリー、大沢佑香）、風間ゆみ、北原夏美、葉月紗絢、一ノ瀬あきら、樹花凜（七咲楓花）、澤村レイコ（高坂保奈美、高坂ますみ）、鷹宮りょう、中森玲子、一戸のぞみ、石川みずき、広瀬奈々美（堀口奈津美）、浜崎りお（森下えりか、篠原絵梨香）,https://www.javbus.com/WNZ-188,
TDJK-009 結婚相談所に来た婚活女にアドバイスする婚活プロデューサーを装いチンポの根が乾く暇がないぐらいヤリまくれ！,TDJK-009 結婚相談所に来た婚活女にアドバイスする婚活プロデューサーを装いチンポの根が乾く暇がないぐらいヤリまくれ！,TDJK-009,,2010-03-07,120分鐘,ケイン,虎堂,蛇崩,,口交、乳交、舔陰,赤木梨香、倖田みらい、浅倉彩音、中森玲子、細川まり,https://www.javbus.com/TDJK-009,
OBST-007 お母さんの下半期 BEST 4時間,OBST-007 お母さんの下半期 BEST 4時間,OBST-007,,2010-03-07,242分鐘,,ex,お母さん.com,,母親、合集、亂倫、自慰、打手槍,安西里緒菜、相田紀子、秋野泉、穂阪詩織、五十川みどり、明星ちかげ、小林芽衣（小林メイ）、東条美菜、小鳥遊恋（高梨恋子）、秋川りお（美月このみ）、水沢久美、坂本梨沙、大越はるか、野原もも、木村雅子、近藤由美、永峰朋美（安岡たまき）、林このみ、時越芙美江、石橋ゆう子、関口恵都子、藤木未央、小柳倫子、二宮亜季、中森玲子、水野優、松嶋ルリ、細川まり、澤村レイコ（高坂保奈美、高坂ますみ）、井本茜,https://www.javbus.com/OBST-007,
DIV-053 レズビアンソープ VOL.3,DIV-053 レズビアンソープ VOL.3,DIV-053,,2010-02-26,123分鐘,高円寺☆ゴロー,大久保ヤンキース,DiVA’s,レズビアンソープ,玩具、女同性戀、妓女、乳房、巨乳,柚月ルナ、桃咲まなみ、中森玲子、藤宮櫻花（眞雪ゆん）,https://www.javbus.com/DIV-053,
JUSD-259 美熟女50人の濃密な接吻4時間,JUSD-259 美熟女50人の濃密な接吻4時間,JUSD-259,,2010-02-25,239分鐘,,マドンナ,Madonna,,成熟的女人、其他戀物癖、合集、數位馬賽克、DMM獨家,沢田麗奈、岩崎千鶴、向井莉奈、星優乃、倖田李梨（倖田美梨、岩下美季）、岡崎美女、大塚咲（小野沙樹、大滝佐紀）、美波志保、沢口みき、赤坂ルナ、夏木響子、新村まり子、橘慶子、桜みちる、四季彩乃、橘エレナ、真波紫乃、藤森綾子、真田友里、滝川絵理子、浅倉彩音、有沢実紗、時越芙美江、吉岡奈々子、羽鳥澄香、森下彩乃、広瀬ゆかり、楠木爽子、加藤なお、石橋ゆう子、三咲恭子、矢沢美奈、中森玲子、宮本静、中村綾乃、川上ゆう（森野雫）、泉貴子、篠宮慶子、青木美里、根元純、関口梨乃、小林みゆき、城エレン、高倉梨奈、麻布レオナ、神崎美樹、長谷川美紅、桜月舞、川島めぐみ、真田ゆかり（葵のぞみ）,https://www.javbus.com/JUSD-259,
BOIN-042 巨乳・爆乳 着衣揉み,BOIN-042 巨乳・爆乳 着衣揉み,BOIN-042,,2010-02-24,120分鐘,,ex,BoinBB,巨乳・爆乳,其他戀物癖、戀乳癖、巨乳,唯咲あかね、木原アリア、高峰みりあ、新田美希、長谷川ミュウ、飯浜紀香、仲村ろみひ、相沢優、中森玲子、白石このみ、秋乃マロン、白瀬まなみ、鈴香音色、伊東このみ、和希もも、三浦まい、菅なつみ、徠夢、成田幸恵、倉田茜、浅田ちち、逢沢なお（青山れあ）、恩田夏穂、羽田夕夏、雪野ひかる、木下レイ、渡部准、七尾みつみ、波風きら、浜崎りお（森下えりか、篠原絵梨香）、小澤新音、月門ゆか、黒川梨花、宮崎あい、青葉優希、あいぶらん（蜜井とわ）、小林芽衣（小林メイ）、あとみるみ、浅田もえ、若山薫,https://www.javbus.com/BOIN-042,
ARM-012 元アスリートの筋肉太腿フェロモン エロごっつい太腿に挟まれながら昇天してみませんか？,ARM-012 元アスリートの筋肉太腿フェロモン エロごっつい太腿に挟まれながら昇天してみませんか？,ARM-012,,2010-02-20,116分鐘,,アロマ企画,AROMA,,戀腿癖、肌肉、DMM獨家,冬月ありさ、中森玲子、西木美羽,https://www.javbus.com/ARM-012,
OKAS-032 お母さんの卑猥な接吻,OKAS-032 お母さんの卑猥な接吻,OKAS-032,,2010-02-18,92分鐘,,ex,お母さん.com,,成熟的女人、母親、其他戀物癖,星奈緒美、木村雅子、小柳倫子、廣野すみれ、林なお、中森玲子、時越芙美江、松嶋ルリ、澤村レイコ（高坂保奈美、高坂ますみ）、町村小夜子、柿本真緒、絹田美津、野原もも、梶原まゆ、岩淵香奈枝,https://www.javbus.com/OKAS-032,
KBKD-594 三十路妻中出しドキュメント 【総集編】 四,KBKD-594 三十路妻中出しドキュメント 【総集編】 四,KBKD-594,,2010-02-14,120分鐘,,小林興業,小林,三十路妻中出しドキュメント,成熟的女人、合集、已婚婦女、纪录片、中出,冴木るな、吉永夕子、中森玲子、松嶋ルリ,https://www.javbus.com/KBKD-594,
DSE-532 淫乳熟女 総集編,DSE-532 淫乳熟女 総集編,DSE-532,,2010-02-13,117分鐘,,ドリームステージ,熟女絵巻,淫乳熟女,成熟的女人、合集、巨乳,藤木静子、笠原都子、仙崎春香、中森玲子,https://www.javbus.com/DSE-532,
CCXS-009 プラチナ公式 BESTセレクションVOL.8,CCXS-009 プラチナ公式 BESTセレクションVOL.8,CCXS-009,,2010-02-13,148分鐘,毛利秀虎,FAプロ・プラチナ,プラチナ,BESTセレクション,成熟的女人、合集、戲劇,浅井舞香、桐島秋子、中森玲子、北原麗子、小鳥遊恋（高梨恋子）、望月加奈（松沢真理）、山口真理、よしい美希（伊沢涼子、吉井美希）,https://www.javbus.com/CCXS-009,
DSE-535 2009ドリームステージファン感謝特別総集編,DSE-535 2009ドリームステージファン感謝特別総集編,DSE-535,,2010-02-13,241分鐘,,ドリームステージ,熟女絵巻,,成熟的女人、合集、已婚婦女、巨乳,帝塚真織、石原よしえ、葦沢鳴海、柴田涼子、大林理恵（大林リエ）、中森玲子、桜井あずさ、吉岡奈々子、澤村レイコ（高坂保奈美、高坂ますみ）、若林ひかる、一条恵、愛樹るい、高瀬みどり、鏡麗子、藤木未央,https://www.javbus.com/DSE-535,
DKSW-207 クリトリスオナニー2 熟女編,DKSW-207 クリトリスオナニー2 熟女編,DKSW-207,,2010-02-06,120分鐘,ながしめ,OFFICEK’S,K’SWORKS,クリトリスオナニー,成熟的女人、其他戀物癖、自慰,赤木梨香、倖田みらい、浅倉彩音、中森玲子、細川まり,https://www.javbus.com/DKSW-207,
JFB-010 悶絶美熟女の卑猥な日常ベスト4時間 Vol.2,JFB-010 悶絶美熟女の卑猥な日常ベスト4時間 Vol.2,JFB-010,,2010-02-05,239分鐘,,Fitch,Fitch,悶絶○○の卑猥な日常,成熟的女人、合集、數位馬賽克、DMM獨家,白石さゆり、北条美里、中森玲子、一戸のぞみ、広瀬奈々美（堀口奈津美）、牧原れい子、風間ゆみ,https://www.javbus.com/JFB-010,
GQR-029 ヤバエロCHIJYO,GQR-029 ヤバエロCHIJYO,GQR-029,,2010-02-02,179分鐘,,グローリークエスト,GQR,,蕩婦、成熟的女人、乳交、姐姐、女上位,愛あいり、森ななこ、高島恭子、中森玲子、澤村レイコ（高坂保奈美、高坂ますみ）、桐原あずさ（伊藤あずさ）、村上涼子（中村りかこ、黒木菜穂）,https://www.javbus.com/GQR-029,
DIR-022 エロい女のピストンマ●コとイヤラシい腰使い 12 絶頂限界ディルドゥオナニー,DIR-022 エロい女のピストンマ●コとイヤラシい腰使い 12 絶頂限界ディルドゥオナニー,DIR-022,,2010-01-31,129分鐘,,AFRO-FILM,D,エロい女のピストンマ●コとイヤラシい腰使い,玩具、屁股、自慰,笠木奈美、倖田みらい、浅倉彩音、中森玲子、細川まり,https://www.javbus.com/DIR-022,
DIR-023 おっぱいバカ一代 ボインに痴女られた。,DIR-023 おっぱいバカ一代 ボインに痴女られた。,DIR-023,,2010-01-31,122分鐘,,AFRO-FILM,D,おっぱいバカ一代,蕩婦、乳交、巨乳、自慰,倖田みらい、浅倉彩音、中森玲子、南つかさ,https://www.javbus.com/DIR-023,
JUSD-253 スーツ姿で悶える美熟女達15人4時間,JUSD-253 スーツ姿で悶える美熟女達15人4時間,JUSD-253,,2010-01-25,239分鐘,,マドンナ,Madonna,,成熟的女人、OL、女教師、合集、數位馬賽克、DMM獨家,関口梨乃、沙羅樹、長谷川美紅、中森玲子、北原夏美、佐藤みき（佐藤美紀、鈴木志帆）、澤村レイコ（高坂保奈美、高坂ますみ）、南沙也香、山口玲子、牧原れい子、樋口冴子（桐島千沙）、星優乃、翔田千里、日向ゆみ、有沢実紗,https://www.javbus.com/JUSD-253,
JUSD-254 もの凄い熟尻20人4時間 Vol.2,JUSD-254 もの凄い熟尻20人4時間 Vol.2,JUSD-254,,2010-01-25,239分鐘,,マドンナ,Madonna,もの凄い熟尻,成熟的女人、合集、屁股、數位馬賽克、DMM獨家,橘エレナ、橘慶子、羽鳥澄香、藤森綾子、加山なつこ、吉岡奈々子、楠木爽子、酒井ちなみ（紫葵）、友田真希、風間ゆみ、浅倉彩音、佐藤みき（佐藤美紀、鈴木志帆）、中森玲子、澤村レイコ（高坂保奈美、高坂ますみ）、川上ゆう（森野雫）、黒崎ヒトミ（神津千絵子）、大塚咲（小野沙樹、大滝佐紀）、西本はるみ、青井マリ、塚原百合,https://www.javbus.com/JUSD-254,
CCXS-008 プラチナ公式 BESTセレクションVOL.7,CCXS-008 プラチナ公式 BESTセレクションVOL.7,CCXS-008,,2010-01-25,294分鐘,毛利秀虎,FAプロ・プラチナ,プラチナ,BESTセレクション,成熟的女人、合集、女上位、戲劇、巨乳,坂下麗、中森玲子、三咲エリナ、真島みゆき、望月加奈（松沢真理）、山口真理,https://www.javbus.com/CCXS-008,
DGKD-295S 巨乳の義母中出し BEST4時間,DGKD-295S 巨乳の義母中出し BEST4時間,DGKD-295S,,2010-01-16,238分鐘,小山美仁,アカデミック,電撃,,合集、戀乳癖、中出、婆婆、巨乳,新田亜季、永峰朋美（安岡たまき）、矢吹紫穂、真野沙代、奥田莉緒、藤ノ宮礼美、川村あんな、叶艶子、中森玲子、時越芙美江、千羽佳世子,https://www.javbus.com/DGKD-295S,
CWM-092 CFNM◆働くお姉さん 2,CWM-092 CFNM◆働くお姉さん 2,CWM-092,,2010-01-15,122分鐘,一ノ瀬くるみ,ワープエンタテインメント,Washingmachine,CFNM○○,蕩婦、企畫、各種職業、舔陰、女上位、DVD多士爐,青木りん、紗奈、浅倉彩音、中森玲子、妃悠愛（長澤杏奈、水原里香、木崎祐子）、希咲エマ（HARUKI、加藤はる希）、水城奈緒、神崎レオナ（七瀬かすみ）、水野美香,https://www.javbus.com/CWM-092,
KOJC-002 悩殺ボディオナニーコレクション2 くねくねバイブ編2,KOJC-002 悩殺ボディオナニーコレクション2 くねくねバイブ編2,KOJC-002,,2010-01-13,118分鐘,渡辺琢斗,AVScollector’s,個人,悩殺ボディオナニーコレクション,其他戀物癖、合集、連褲襪、按摩棒、自慰,神谷みさと、秋月彩乃、麻倉みゆき、月門ゆか、中森玲子、熊田ありさ、中峰さゆり、寺澤しのぶ,https://www.javbus.com/KOJC-002,
MBYD-088 極上ボディ！！美熟女15人4時間,MBYD-088 極上ボディ！！美熟女15人4時間,MBYD-088,,2010-01-13,239分鐘,,溜池ゴロー,溜池ゴロー,,成熟的女人、紧缚、數位馬賽克、手指插入、巨乳、DMM獨家,関口梨乃、中森玲子、北原夏美、佐藤みき（佐藤美紀、鈴木志帆）、酒井ちなみ（紫葵）、松下ゆうか（愛乃彩音、藤咲ゆうか）、樋口冴子（桐島千沙）、村上涼子（中村りかこ、黒木菜穂）、友崎亜希、風間ゆみ、如月セレナ、北島玲、白鳥美鈴、浅倉彩音,https://www.javbus.com/MBYD-088,
OKAS-028 お母さんの汚れた小便,OKAS-028 お母さんの汚れた小便,OKAS-028,,2010-01-08,90分鐘,,ex,お母さん.com,,成熟的女人、放尿、母親,近藤由美、北村みどり、水野優、大林理恵（大林リエ）、相田紀子、中森玲子、澤村レイコ（高坂保奈美、高坂ますみ）、細川まり、小橋早苗、梶原まゆ、二宮亜季、小柳倫子、神威愛美、月島アスカ、藤木未央、徳田富美子、桧山すず、木村雅子、仲田絵理、椿美羚、坂本梨沙、水沢久美、絹田美津、堀越香奈、湯沢多喜子、松浦ユキ、東条美菜、水元えり、北原夏美、真野沙代、望月ゆみ、小鳥遊恋（高梨恋子）、葛城えみ,https://www.javbus.com/OKAS-028,
OKAS-024 お母さんの顔騎の思い出,OKAS-024 お母さんの顔騎の思い出,OKAS-024,,2010-01-08,91分鐘,,ex,お母さん.com,,成熟的女人、母親、69、顏面騎乘、打手槍,安西里緒菜、関口恵都子、野原もも、中森玲子、井本茜、藤木未央、時越芙美江、浅田ちち、細川まり、小鳥遊恋（高梨恋子）,https://www.javbus.com/OKAS-024,
BBST-007 巨乳・爆乳 乳舐め吸い BEST 2 40人,BBST-007 巨乳・爆乳 乳舐め吸い BEST 2 40人,BBST-007,,2010-01-08,241分鐘,,ex,BoinBB,巨乳・爆乳,合集、戀乳癖、巨乳,青葉優希、木下レイ、徠夢、宮崎あい、黒川梨花、葉月奈穂（葉月菜穂）、小林芽衣（小林メイ）、あいぶらん（蜜井とわ）、妃乃ひかり、羽田夕夏、うるみゆう、月門ゆか、小澤新音、水森あおい、七尾みつみ、天咲めい、西本はるみ、渡部准、川原ミサキ、里原あみ、浅田もえ、倖田みらい、鈴香音色、伊東このみ、櫻庭茜、鈴花、武田もも、菅なつみ、永峰朋美（安岡たまき）、神崎レミ、白瀬まなみ、芹沢優華、逢沢なお（青山れあ）、秋乃マロン、中森玲子、京本由衣、乙宮ゆう、長谷川ミュウ、佐野るる、倉田茜,https://www.javbus.com/BBST-007,
OKAS-030 お母さんがするオナニー 2,OKAS-030 お母さんがするオナニー 2,OKAS-030,,2010-01-08,90分鐘,,ex,お母さん.com,お母さんがするオナニー,母親、其他戀物癖、自慰,永原美代子、近藤由美、秋野夕日、浅田ちち、水元えり、小林芽衣（小林メイ）、細川まり、榎本香織、小鳥遊恋（高梨恋子）、秋川りお（美月このみ）、中森玲子、北澤瞳、時越芙美江、永峰朋美（安岡たまき）、木村よしの,https://www.javbus.com/OKAS-030,
TOS-095 本格レズ 訪問エステ 伝統のSEX修行,TOS-095 本格レズ 訪問エステ 伝統のSEX修行,TOS-095,,2010-01-08,98分鐘,岡田忍,東京音光,Aja,本格レズ,女同性戀、多P、巨乳,中森玲子、倖田李梨（倖田美梨、岩下美季）、真咲南朋（楓モモ、安藤なつ妃）,https://www.javbus.com/TOS-095,
JUSD-250 極上美熟女30人の嗚咽イラマチオ4時間,JUSD-250 極上美熟女30人の嗚咽イラマチオ4時間,JUSD-250,,2010-01-07,239分鐘,,マドンナ,Madonna,,成熟的女人、口交、合集、數位馬賽克、深喉、DMM獨家,増尾彩、今宮せつな、一条梨乃、大塚咲（小野沙樹、大滝佐紀）、上原リナ、酒井ちなみ（紫葵）、流川純、牧原れい子、友田真希、風間ゆみ、村上涼子（中村りかこ、黒木菜穂）、黒木麻衣（花野真衣、SHIHO）、長谷川美紅、川島めぐみ、川瀬さやか、川上ゆう（森野雫）、北条麻妃、有沢実紗、吉岡奈々子、根元純、佐藤みき（佐藤美紀、鈴木志帆）、夏川優奈（白石沙里奈）、中森玲子、澤村レイコ（高坂保奈美、高坂ますみ）、艶堂しほり（遠藤しおり）、飯田ゆかり、広瀬奈々美（堀口奈津美）、真島みゆき、石黒京香（黒木かえで）、伊吹稟,https://www.javbus.com/JUSD-250,
DTD-016 BEST HIT DREAM TICKET 2009年ドリームチケット下半期総集編 THE 4時間,DTD-016 BEST HIT DREAM TICKET 2009年ドリームチケット下半期総集編 THE 4時間,DTD-016,,2010-01-06,228分鐘,,ドリームチケット,ドリームチケット,BESTHIT,角色扮演、紧缚、合集、多P、巨乳,希内あんな、稲見亜矢、吉永恵美、西山あき、星野あかり、RUMIKA、妃悠愛（長澤杏奈、水原里香、木崎祐子）、雪見紗弥、村上里沙、澤村レイコ（高坂保奈美、高坂ますみ）、七草まつり、秋元美由、ひなのりく、紗奈、中森玲子、麻倉憂,https://www.javbus.com/DTD-016,
ONED-954 お姉さん巨乳百景 GカップからLカップまで！！！50人のハニーパイパイ,ONED-954 お姉さん巨乳百景 GカップからLカップまで！！！50人のハニーパイパイ,ONED-954,,2009-12-30,242分鐘,,レイディックス,ONE,,乳交、戀乳癖、姐姐、多P、巨乳,桃谷彩、優希じゅりあ、近藤あずさ、林マリア、黒崎あかり、佐々木美羽、七尾みつみ、藤宮櫻花（眞雪ゆん）、杉山圭、鮎川るい、田村のぶえ、水森裕子、秋川りお（美月このみ）、風間今日子（風間恭子）、川久保アンナ、若林ひかる、楠真由美、南麗奈、田村優衣、中山ひなの、山口玲子、栗田美沙、美波愛、雛形ひろ子、桃井りか、大林理恵（大林リエ）、金城ゆま、市倉ことの、中森玲子、京本由衣、黒井夢、咲野とも、あきのくるみ、瀬名紀香、佐伯実里、恩田夏穂、小林芽衣（小林メイ）、瀬戸あつこ、桂木美優、平塚まゆみ、高田加奈、川村あんな、魚住里奈、卯月杏、藤ノ宮礼美、望月ゆみ、友崎亜希,https://www.javbus.com/ONED-954_2009-12-30,
BOMN-013 爆乳を舐めて吸っての極上手コキ 4時間,BOMN-013 爆乳を舐めて吸っての極上手コキ 4時間,BOMN-013,,2009-12-29,240分鐘,,ABC/妄想族,BoinBB/ABC,巨乳スペシャル,乳交、合集、戀乳癖、巨乳、DMM獨家、打手槍,愛あいり、伊東このみ、長谷川ミュウ、波風きら、仲村ろみひ、水森あおい、鈴香音色、中森玲子、渡部准、浜崎りお（森下えりか、篠原絵梨香）,https://www.javbus.com/BOMN-013,
OOMN-008 デカパイ熟女BEST10人 4時間,OOMN-008 デカパイ熟女BEST10人 4時間,OOMN-008,,2009-12-29,240分鐘,,ABC/妄想族,お母さん.com/ABC,美熟女プレイ集,成熟的女人、母親、合集、戀乳癖、巨乳、DMM獨家,永峰朋美（安岡たまき）、宮崎あい、野原もも、中森玲子、時越芙美江、北原夏美、浅田ちち、小林芽衣（小林メイ）、小鳥遊恋（高梨恋子）、ほしの菜実恵,https://www.javbus.com/OOMN-008,
DIV-055 ぬるべっちょオナニー,DIV-055 ぬるべっちょオナニー,DIV-055,,2009-12-27,96分鐘,ガリックソン,大久保ヤンキース,DiVA’s,,玩具、各種職業、乳液、自慰,桐島アリサ、柚月ルナ、桃咲まなみ、鈴香音色、中森玲子,https://www.javbus.com/DIV-055,
ACGJV-010 禁親相姦介護,ACGJV-010 禁親相姦介護,ACGJV-010,,2009-12-26,119分鐘,坂本太,グラフィティジャパン,アクメ,禁親相姦介護,亂倫、已婚婦女、女上位、巨乳,根本あきこ、中森玲子、翔田千里,https://www.javbus.com/ACGJV-010,
ALD-291 路地裏の日常 ～堕ちてゆく人妻～ 強制大量中出し,ALD-291 路地裏の日常 ～堕ちてゆく人妻～ 強制大量中出し,ALD-291,,2009-12-19,223分鐘,,桃太郎映像出版,ALLIN☆ONE,路地裏人妻中出し,已婚婦女、中出、戲劇、巨乳,優木夏、国見奈々、中森玲子、藤宮櫻花（眞雪ゆん）,https://www.javbus.com/ALD-291,
DMX-103 BBB REMIX 風呂で乳尻弄り LONG EDITION 260,DMX-103 BBB REMIX 風呂で乳尻弄り LONG EDITION 260,DMX-103,,2009-12-15,262分鐘,デカ拳,実録出版,ENJOY,BBBビッグ・ブーブス・バット,合集、戀乳癖、巨乳,桐島冴子、宮崎あい、星川麻美、鈴香音色、中森玲子、西木美羽、南沙也香、はるか悠、響鳴音（望月なな）、羽田夕夏,https://www.javbus.com/DMX-103,
CADV-145 巨乳×爆乳GP 8時間DX,CADV-145 巨乳×爆乳GP 8時間DX,CADV-145,,2009-12-15,478分鐘,,クリスタル映像,CRYSTALEX,巨乳×爆乳,強姦、潮吹、合集、拘束、顏射、巨乳,相沢桃、橘ミオン（石川鈴華）、野乃はなの、青山ゆい、真田春香、いずみ彩、高城梨沙、中森玲子、浅田ちち、小坂めぐる、波風きら、水森あおい、七尾みつみ、山口玲子、黒沢愛、佐藤みき（佐藤美紀、鈴木志帆）,https://www.javbus.com/CADV-145,
DPM-001 レイプ 犯された全裸女体,DPM-001 レイプ 犯された全裸女体,DPM-001,,2009-12-13,87分鐘,ヘンリー塚本,FAプロ・プラチナ,FAプロ・マニアック,,野外・露出、強姦、戲劇,円城ひとみ、中森玲子、雪平あい、加賀雅、望月加奈（松沢真理）、風間ゆみ,https://www.javbus.com/DPM-001,
DPM-002 ベロツバ接吻48手,DPM-002 ベロツバ接吻48手,DPM-002,,2009-12-13,124分鐘,ヘンリー塚本,FAプロ・プラチナ,FAプロ・マニアック,,其他戀物癖、女上位、戲劇,円城ひとみ、中森玲子、北原夏美、大沢萌、大越はるか、小鳥遊恋（高梨恋子）、七瀬ゆうり、桐原あずさ（伊藤あずさ）,https://www.javbus.com/DPM-002_2009-12-13,
CADV-144 極選4時間 私は痴女 人妻編 3,CADV-144 極選4時間 私は痴女 人妻編 3,CADV-144,,2009-12-08,241分鐘,,クリスタル映像,CRYSTALEX,極選○時間,蕩婦、已婚婦女、通姦、女上位、巨乳,葛城あかね、稲森さとみ、星名麗、秋元夏希、愛勇希、橘美沙、佐藤みき（佐藤美紀、鈴木志帆）、瀬戸珠美、愛良ひより、立木ゆりあ、初音かほ、新堂ルミ、持田貴子、小川ひなの、南ナミ、吉岡奈々子、山口玲子、阿当真子（合沢萌）、竹下なな、竹内梨乃、澤村レイコ（高坂保奈美、高坂ますみ）、富永ひろ美、中森玲子、綾女、秋山瞳、黒谷彩乃、平澤藤子,https://www.javbus.com/CADV-144,
DKSW-178 むっちり巨尻顔騎,DKSW-178 むっちり巨尻顔騎,DKSW-178,,2009-12-06,111分鐘,,OFFICEK’S,K’SWORKS,,戀乳癖、女上位、顏面騎乘、巨乳、打手槍,柚月ルナ、桃咲まなみ、鈴香音色、中森玲子、真田優,https://www.javbus.com/DKSW-178,
SWF-123 至高のパイズリ肉棒圧迫ノンストップ4時間,SWF-123 至高のパイズリ肉棒圧迫ノンストップ4時間,SWF-123,,2009-12-02,239分鐘,オムニバス,ワンズファクトリー,WANZ,○○ノンストップ4時間,乳交、戀乳癖、巨乳,藤本もも、逢沢なお（青山れあ）、辻さき、星野あかり、鈴香音色、夏川亜咲、星乃せあら（南まりん）、村上涼子（中村りかこ、黒木菜穂）、羽田夕夏、風間ゆみ、望月ゆみ、あいぶらん（蜜井とわ）、宮崎あい、ERIKA（モカ、MOKA）、芽衣奈（南芽衣奈）、南沙也香、倖田みらい、桐島冴子、乙宮ゆう、夏川リアナ、中森玲子、七瀬ゆい（羽田未来）、浅田ちち、浜崎りお（森下えりか、篠原絵梨香）、佐倉もなみ、小町ななみ、葉月奈穂（葉月菜穂）、妃乃ひかり、小坂めぐる,https://www.javbus.com/SWF-123,
SVS-022 妄想おもらし三昧 永久保存版 おもらし11人80発,SVS-022 妄想おもらし三昧 永久保存版 おもらし11人80発,SVS-022,,2009-12-01,115分鐘,網走ゴロー,AVScollector’s,AVS,おもらし三昧,放尿、潮吹、合集,若林もも、瀬織さら、辻さき、綾瀬メグ、浅倉彩音、中森玲子、小坂めぐる、広瀬奈々美（堀口奈津美）、泉まりん、京野明日香、大沢芽衣,https://www.javbus.com/SVS-022,
TCD-030 女大好き射精するWニューハーフ,TCD-030 女大好き射精するWニューハーフ,TCD-030,,2009-11-25,155分鐘,白水力,TRANSCLUB,TRANSCLUB,,其他戀物癖、變性者、多P、肛交,松下瑠衣、君島可憐、中森玲子、桜みちる,https://www.javbus.com/TCD-030,
NHDT-883 極上女痴漢師,NHDT-883 極上女痴漢師,NHDT-883,,2009-11-22,119分鐘,カリ,ナチュラルハイ,NATURALHIGH,極上女痴漢師,蕩婦、女上位、DVD多士爐,中森玲子、翔田千里、川上ゆう（森野雫）、風間ゆみ,https://www.javbus.com/NHDT-883,
R18-145 爆裂シーン満載！ やらしい爆乳ベストセレクション12人 4時間,R18-145 爆裂シーン満載！ やらしい爆乳ベストセレクション12人 4時間,R18-145,,2009-11-20,240分鐘,,チェリーズ,平成3年生,,乳交、合集、顏射、巨乳,二宮亜季、牧野くるみ、飯浜紀香、宮崎あい、辻さき、桃咲まなみ、中森玲子、浅田ちち、小林芽衣（小林メイ）、あいぶらん（蜜井とわ）、青山ゆい、鈴花,https://www.javbus.com/R18-145,
GERH-002 ソルトシャワー 熟若女のおしっこみせて！,GERH-002 ソルトシャワー 熟若女のおしっこみせて！,GERH-002,,2009-11-19,89分鐘,,ゲロニア/妄想族,ゲロニア,ソルトシャワー,成熟的女人、放尿,稲森ケイト、中森玲子、あすかみみ、芹沢舞、星優乃,https://www.javbus.com/GERH-002,
MBYD-082 美熟女10人の卑猥な熟乳4時間,MBYD-082 美熟女10人の卑猥な熟乳4時間,MBYD-082,,2009-11-13,239分鐘,,溜池ゴロー,溜池ゴロー,,成熟的女人、乳交、合集、數位馬賽克、巨乳、DMM獨家,折原ゆかり、一条真生、和光志穂、中森玲子、佐藤みき（佐藤美紀、鈴木志帆）、北島玲、松下ゆうか（愛乃彩音、藤咲ゆうか）、樋口冴子（桐島千沙）、村上涼子（中村りかこ、黒木菜穂）、君島冴子（AOI.、村上葵）,https://www.javbus.com/MBYD-082,
CADV-139 極選4時間 熟女狩り 2,CADV-139 極選4時間 熟女狩り 2,CADV-139,,2009-11-09,238分鐘,,クリスタル映像,CRYSTALEX,極選○時間,成熟的女人、強姦、合集、已婚婦女、巨乳,川上愛華、岩崎麻華、吉咲みなみ、秋元夏希、杉本はるか、水希千里、中森玲子、大塚美雪、佐藤みき（佐藤美紀、鈴木志帆）、竹田千恵、小久保真樹、黒谷彩乃、瀬戸珠美、宮川あすか、白川莉紗、橘美沙、美杉鈴香、東城えみ、小林里穂、青山恭子、桜井ひとみ、栗原凛、水川彩子、近藤美奈、真羅マキ、沢田梨花、夏目葉子、松沢博美、大塚響子,https://www.javbus.com/CADV-139,
BOIN-032 巨乳・爆乳 乳揉み VOL.8,BOIN-032 巨乳・爆乳 乳揉み VOL.8,BOIN-032,,2009-11-09,91分鐘,,ex,BoinBB,巨乳・爆乳,戀乳癖、乳房、巨乳,鈴花、永峰朋美（安岡たまき）、徠夢、櫻庭茜、菅なつみ、伊東このみ、青木春、倉田茜、星野あや、うるみゆう、倖田みらい、中森玲子、七尾みつみ、中野恭子,https://www.javbus.com/BOIN-032,
CCX-094 熟 ベロちゅ～＆SEX王国 DEEP KISS＆SEX KINGDOM VOL.3,CCX-094 熟 ベロちゅ～＆SEX王国 DEEP KISS＆SEX KINGDOM VOL.3,CCX-094,,2009-10-25,84分鐘,毛利秀虎,FAプロ・プラチナ,プラチナ,ベロちゅ～＆SEX王国,成熟的女人、其他戀物癖、戲劇,浅井舞香、中森玲子、北原夏美、大沢萌、倖田李梨（倖田美梨、岩下美季）、生田沙織、山口玲子、小池絵美子,https://www.javbus.com/CCX-094,
TCD-028 爆乳大好きニューハーフ,TCD-028 爆乳大好きニューハーフ,TCD-028,,2009-10-25,116分鐘,白水力,TRANSCLUB,TRANSCLUB,,其他戀物癖、變性者,夏目百合、柊めい、相崎真希（美空おんぷ）、中森玲子,https://www.javbus.com/TCD-028,
GAS-109 爆乳ベスト2008,GAS-109 爆乳ベスト2008,GAS-109,,2009-10-24,100分鐘,,シネマユニット・ガス,GAS,爆乳,合集、戀乳癖、拘束、巨乳,あさひ蘭（川伊まな）、谷川しずか、杏美月、福島まいこ、みすず陽菜、木下レイ、波風きら、浅田ちち、西木美羽、小林芽衣（小林メイ）、中森玲子、安西もあ、三枝ゆきな、みるみるくるみ,https://www.javbus.com/GAS-109,
GAS-102 爆乳騎乗位ベスト 45人すべて見せます！,GAS-102 爆乳騎乗位ベスト 45人すべて見せます！,GAS-102,,2009-10-24,118分鐘,,シネマユニット・ガス,GAS,,合集、女上位、巨乳,石黒セリ、吉沢千里、アネ・メニィ、宮崎ぱいん、滝川アンナ、りんごちゃん（青山りんご）、杏美月、波風きら、城エレン、杉山圭、あさひ蘭（川伊まな）、小林芽衣（小林メイ）、浅田ちち、西木美羽、中森玲子、尾崎ゆうこ、高城梨沙、谷川しずか、安西もあ、野中まき、木下レイ、桃井潤、島田ナナ、谷川みどり、大塚早恵、大沢環、星野樹里、真柴桃子、真夏かがり、月丘すずな、橘ナオミ、阿久津ルミ、飛鳥ひとみ、星野流宇、君津ゆうり、みずしまちはる、本木由美、大樹美由希,https://www.javbus.com/GAS-102,
UGUG-004 ワケあり巨乳妻の風俗面接 2,UGUG-004 ワケあり巨乳妻の風俗面接 2,UGUG-004,,2009-10-22,112分鐘,,タカラ映像,GUSUKU,ワケあり人妻の風俗面接,已婚婦女、偷窥、數位馬賽克、巨乳,美原咲子、森宮亜希、中森玲子、風間ゆみ、唯沢まひる,https://www.javbus.com/UGUG-004,
ALD-277 豊熟 ～たっぷん美熟女～ 12人,ALD-277 豊熟 ～たっぷん美熟女～ 12人,ALD-277,,2009-10-19,241分鐘,,桃太郎映像出版,ALLIN☆ONE,,成熟的女人、女上位、顏射、巨乳、打手槍,桐島冴子、中森玲子、佐藤みき（佐藤美紀、鈴木志帆）、松浦ユキ、増田ゆり子、村上涼子（中村りかこ、黒木菜穂）、藤宮櫻花（眞雪ゆん）、鮎川るい、友崎亜希、風間ゆみ,https://www.javbus.com/ALD-277,
DNT-032 巨乳大好き百科 22人4時間,DNT-032 巨乳大好き百科 22人4時間,DNT-032,,2009-10-19,241分鐘,,ダイナマイトエンタープライズ,ダイナマイト,,成熟的女人、乳交、戀乳癖、巨乳,中森玲子、酒井ちなみ（紫葵）、若林ひかる、友田真希,https://www.javbus.com/DNT-032,
JUSD-233 犯された義姉総集編4時間,JUSD-233 犯された義姉総集編4時間,JUSD-233,,2009-10-07,239分鐘,,マドンナ,Madonna,犯された義姉,強姦、合集、多P、數位馬賽克、DMM獨家,中森玲子、佐藤みき（佐藤美紀、鈴木志帆）、広瀬奈々美（堀口奈津美）、川上ゆう（森野雫）、友田真希、山口珠理,https://www.javbus.com/JUSD-233,
HFD-038 そのまま谷間に発射したくなっちゃうパイズリ 4時間,HFD-038 そのまま谷間に発射したくなっちゃうパイズリ 4時間,HFD-038,,2009-10-06,238分鐘,,ドリームチケット,ドリームチケット,,乳交、合集、巨乳,森野いちご、高城梨沙、飯島夏希、ERIKA（モカ、MOKA）、北原夏美、魚住里奈、流川純、七瀬ゆうり、浜崎りお（森下えりか、篠原絵梨香）、友田真希、松浦ユキ、志村玲子、福沢あや、天咲めい、春風花音、木村那美、宮崎あい、あいぶらん（蜜井とわ）、みはる、石川みずき、仲村ろみひ、吉沢みなみ、中森玲子、七瀬ゆい（羽田未来）、浅田ちち、逢沢なお（青山れあ）、あいだゆき、南沙也香、古館びわ、町村小夜子、Rico、亜佐倉みんと、葉月奈穂（葉月菜穂）、青山ゆい、夏目しおん、ARISA、春菜まい、琴乃夕夏、山咲萌、川嶋なな、川浜なつみ、山口玲子、三月あん（甘味いちご）、及川奈央、朝比奈ゆい、安原真美、森下理音、荒川美姫、水城梓、瞳、山下真耶、羽田夕夏、佐藤るり、黒木麻衣（花野真衣、SHIHO）、望月加奈（松沢真理）、麻川麗、椎名まゆみ、小春ひより、加山なつこ,https://www.javbus.com/HFD-038,
DMX-102 BBB REMIX 乳弄りパイズリ LONG EDITION 250,DMX-102 BBB REMIX 乳弄りパイズリ LONG EDITION 250,DMX-102,,2009-10-04,258分鐘,デカ拳,実録出版,ENJOY,BBBビッグ・ブーブス・バット,乳交、戀乳癖、巨乳,桐島冴子、宮崎あい、鈴香音色、中森玲子、西木美羽、南沙也香、はるか悠、小林芽衣（小林メイ）、響鳴音（望月なな）、羽田夕夏、星川麻美,https://www.javbus.com/DMX-102,
JUSD-229 16人の美熟女がパックリずっぽり3P三昧8時間,JUSD-229 16人の美熟女がパックリずっぽり3P三昧8時間,JUSD-229,,2009-09-25,479分鐘,,マドンナ,Madonna,,成熟的女人、合集、多P、數位馬賽克、DMM獨家,白河ゆりか、広瀬ゆかり、羽鳥澄香、黒崎ヒトミ（神津千絵子）、加山なつこ、澤村レイコ（高坂保奈美、高坂ますみ）、山口玲子、白鳥美鈴、川上ゆう（森野雫）、牧原れい子、艶堂しほり（遠藤しおり）、中森玲子、佐藤みき（佐藤美紀、鈴木志帆）、根元純、時越芙美江、夏木響子,https://www.javbus.com/JUSD-229,
JUSD-230 2009年マドンナ上半期134タイトル8時間,JUSD-230 2009年マドンナ上半期134タイトル8時間,JUSD-230,,2009-09-25,477分鐘,,マドンナ,Madonna,マドンナ○半期,成熟的女人、合集、數位馬賽克、DMM獨家,澄啓子、愛勇希、石原よしえ、畑永幸子、石川さとこ、滝川絵理子、北原夏美、広瀬奈々美（堀口奈津美）、牧原れい子、友田真希、木村よしの、熊谷麻美、藤原絵理香、永原美代子、橘エレナ、沙月みちる、北条美里、大河内奈美、姫花このみ、平澤藤子、篠原亜希、小川ひなの、大山桃子、西川もえ、川田奈美、堀内菜々、新堂ルミ、明石洋子、南條しのぶ、森田悠里、川尻さとこ、島谷さくら、林このみ、山本まる（村上てん）、上原彩香、永山美幸、夏木響子、神咲なお、白川莉紗、大嶺貴美子、大沢芽衣、折原みさと、小田島美和、愛田正子、久我舞、藤木ルイ、夏目やよい、有沢実紗、南ありさ、黒山さゆり、時越芙美江、前野美伽、吉岡奈々子、片岡梨沙、宮内静子、羽鳥澄香、森下彩乃、広瀬ゆかり、楠木爽子、鮎川エミ、加藤なお、月島なつめ、川内洋子、白河ゆりか、折原ゆかり、上村頼子、黒谷彩乃、竹井ゆかり、坂田美影、雪村あずさ、石橋ゆう子、三田村邦子、関口恵都子、芹沢舞、宮田まり、藤木未央、風祭あかり、若槻尚美、一戸のぞみ、根元純、佐藤みき（佐藤美紀、鈴木志帆）、根本恵津子、神威愛美、中森玲子、葦沢鳴海、橘美沙、澤村レイコ（高坂保奈美、高坂ますみ）、大林理恵（大林リエ）、艶堂しほり（遠藤しおり）、小鳥遊恋（高梨恋子）、小林芽衣（小林メイ）、佐々木涼、芦沢彩乃、新藤さやか、村上里沙、松浦ユキ、星優乃、押切あやの、香坂るい、白坂百合、大塚咲（小野沙樹、大滝佐紀）、青井マリ、愛田るか、川上ゆう（森野雫）、翔田千里、村上涼子（中村りかこ、黒木菜穂）、倖田李梨（倖田美梨、岩下美季）、黒木麻衣（花野真衣、SHIHO）、寧々、若林ひかる、小池絵美子、長谷川美紅、岸川ひろみ、加山なつこ、山口珠理、山口玲子、酒井ちなみ（紫葵）、風間ゆみ,https://www.javbus.com/JUSD-230,
SWF-109 美しい熟女たちの濃密なセックス,SWF-109 美しい熟女たちの濃密なセックス,SWF-109,,2009-09-16,239分鐘,,ワンズファクトリー,WANZ,,成熟的女人、紧缚、已婚婦女、多P,和希優子、黒川まい、艶堂しほり（遠藤しおり）、西条麗、北島玲、あいぶらん（蜜井とわ）、望月加奈（松沢真理）、玉置マリア、鮎川るい、紫彩乃、桃咲まなみ、松浦ユキ、坂田美影、中森玲子、桜庭怜香、澤村レイコ（高坂保奈美、高坂ますみ）、友田真希、神崎みい、北原夏美,https://www.javbus.com/SWF-109,
SWF-114 大量ゴックン精飲三昧ノンストップ4時間,SWF-114 大量ゴックン精飲三昧ノンストップ4時間,SWF-114,,2009-09-16,241分鐘,,ワンズファクトリー,WANZ,○○ノンストップ4時間,女上位、4小時以上作品、吞精,真田春香、星野あかり、艶堂しほり（遠藤しおり）、桜庭怜香、村上里沙、澤村レイコ（高坂保奈美、高坂ますみ）、小坂めぐる、松浦ユキ、鮎川なお、春矢つばさ（椎名りく）、辻あずき、新井エリー（晶エリー、大沢佑香）、坂田美影、中森玲子、姫咲まりあ（水沢愛音）、樹花凜（七咲楓花）、上原愛,https://www.javbus.com/SWF-114,
MBYD-074 溜池ゴロー2009年上半期全103作品8時間,MBYD-074 溜池ゴロー2009年上半期全103作品8時間,MBYD-074,,2009-09-11,478分鐘,,溜池ゴロー,溜池ゴロー,溜池ゴロー○年○半期,成熟的女人、合集、數位馬賽克、DMM獨家,白石さゆり、川瀬さやか、北原夏美、北島玲、青井マリ、広瀬奈々美（堀口奈津美）、倉木小夜（村上美咲、樋口啓子）、松下ゆうか（愛乃彩音、藤咲ゆうか）、桐原あずさ（伊藤あずさ）、風間ゆみ、翔田千里、村上涼子（中村りかこ、黒木菜穂）、君島冴子（AOI.、村上葵）、小池絵美子、神崎美樹、緒川さら、友田真希、姫野京香、艶堂しほり（遠藤しおり）、澤村レイコ（高坂保奈美、高坂ますみ）、三咲恭子、河合律子、笹森じゅん、有沢実紗、時越芙美江、吉岡奈々子、広瀬ゆかり、青木りかこ（明石翼）、折原ゆかり、伊吹怜、浅倉彩音、佐藤みき（佐藤美紀、鈴木志帆）、綾女、関口梨乃、山口美花、中森玲子、真田友里,https://www.javbus.com/MBYD-074,
ADMM-001 おっぱい祭り100人おっぱいその数なんとびっくり200個 授乳手コキ,ADMM-001 おっぱい祭り100人おっぱいその数なんとびっくり200個 授乳手コキ,ADMM-001,,2009-09-01,119分鐘,,ABC/妄想族,秋の感謝祭’09,巨乳スペシャル,成熟的女人、合集、DVD多士爐、高中女生、巨乳、DMM獨家、打手槍,小笠原のの、松浦由希、新田美希、水澤久美、島谷さゆり、白瀬まなみ、伊東このみ、川峰さくら、辻さき、並木るか（橘ひな）、夏川真由美、羽野理沙、佐野るる、姫咲まりあ、野々宮さえ、安奈咲、鈴香音色、来生弓香、神崎レミ、白百合姫、朝霧雫、木原アリア、星奈緒美、菅なつみ、倉田茜、黒木いちか（東条かれん）、秋乃マロン、大林理恵（大林リエ）、長谷川ミュウ、宮田まり、乙宮ゆう、仲村ろみひ、真田リサ、京本由衣、渋谷あすか、二宮亜季、西木美羽、石川みずき、青山ひかる、涼宮ラム、逢沢なお（青山れあ）、芹沢優華、篠田まい、恩田夏穂、近藤由美、明星ちかげ、中森玲子、友野みゆき、浅田ちち、門倉真紀、仲田絵理、里原あみ、愛菜りな、中村綾乃、小林芽衣（小林メイ）、望月ゆみ、桜沢いすず、町村小夜子、あいぶらん（蜜井とわ）、秋野夕日、小澤新音、東野愛鈴、宮崎あい、北原夏美、松坂るい、黒川梨花、ほしの菜実恵、卯月杏、水元えり、月門ゆか、片瀬りこ、はるか悠、桃咲まなみ、湯沢多喜子、早坂めぐ、小橋早苗、絹田美津、浜崎りお（森下えりか、篠原絵梨香）、波風きら、中峰さゆり、真中かおり、北条アミ、西本はるみ、梶原まゆ、神崎美樹、浅田もえ、五十川みどり、吉沢千里、妃乃ひかり、相田紀子、雪野ひかる、大越はるか、藤宮櫻花（眞雪ゆん）、秋川りお（美月このみ）、野原もも、小池絵美子、渡部准、安奈久美、葉月奈穂（葉月菜穂）,https://www.javbus.com/ADMM-001_2009-09-01,
ABCB-001 ABC 2009上半期BEST 4時間,ABCB-001 ABC 2009上半期BEST 4時間,ABCB-001,,2009-09-01,249分鐘,,ABC/妄想族,ABC,ABCBEST,成熟的女人、合集、戀乳癖、高中女生、巨乳,徠夢、倉田茜、友野みゆき、黒木いちか（東条かれん）、中森玲子、並木るか（橘ひな）、北原夏美、澤村レイコ（高坂保奈美、高坂ますみ）、美花ぬりぇ、羽田夕夏、愛菜りな、飯浜紀香、みづき伊織、工藤れいか、浅田ちち,https://www.javbus.com/ABCB-001,
JUSD-222 マドンナ2008年全291タイトル作品集8時間,JUSD-222 マドンナ2008年全291タイトル作品集8時間,JUSD-222,,2009-08-25,475分鐘,,マドンナ,Madonna,,成熟的女人、合集、數位馬賽克、DMM獨家,細川かな、臼井美佐恵、川村あんな、宮崎彩香、黒崎ヒトミ（神津千絵子）、天海ゆり、麻宮良子、艶堂しほり（遠藤しおり）、愛樹るい、間宮いずみ、北原麗子、瀧川絵里花、山咲愛、成瀬雛、魚住里奈、黒田ユリ、瀬戸綾乃、樋口冴子（桐島千沙）、西園寺ゆり、大沢りょうこ、東条美菜、久保川純、源元マリ、倉木小夜（村上美咲、樋口啓子）、来杉弓香、山本艶子、黒田和江、五十川みどり、三角美紀子、安斎芳香、吹雪あかね、東千津子、湯沢多喜子、秋川真理、一条梨乃、島中なぎさ、松浦ユキ、高瀬みどり、金城理香、須藤美羽、芦沢彩乃、水川彩子、三咲エリナ、柿本真緒、流川純、松坂るい、北原夏美、滝澤クリスタル、川瀬さやか、竹内順子、鈴木エリナ、長田まさみ、菊川麻里、織戸幸子、稲森さやか、小松ユリナ、大西ゆかり、ほしの菜実恵、杉並静香、上原リナ、牧野遥、草間律子、押切麗奈、赤井寿子、杞憂朝美、川田優子、椿かをる、生田正子、麻生咲乃、岡江久美、高橋恵、藤堂直美、山本ちづこ、和光志穂、藤ノ宮礼美、友田真希、高木礼子、川島めぐみ、岸川ひろみ、白石みなみ、神崎美樹、小池絵美子、高倉梨奈、野原もも、秋川りお（美月このみ）、君島冴子（AOI.、村上葵）、菊川れみ、麻生岬、瀬名紫、矢吹涼子、松本亜璃沙、白河かれん、橘未稀（石川麻矢）、桜澤芳恵、鏡麗子、金子リサ、山口珠理、山口玲子、酒井ちなみ（紫葵）、山村美和、黒木小夜子（秀吉小夜子）、渡辺弓絵、柏木優子、風間ゆみ、風見京子、牧原れい子、松原久美子、小林里穂、山口智美、大越はるか、倖田李梨（倖田美梨、岩下美季）、小峰由衣、北条アミ、水沢久美、白鳥美鈴、相沢ゆう、朝霧なつこ、白坂百合、白石ナナ、川島朋子、押切あやの、志村玲子、北島玲、星優乃、夏川まゆみ、南まいこ（有馬早紀子）、絹田美津、坂本梨沙、西本はるみ、椿美羚、村上涼子（中村りかこ、黒木菜穂）、山科薫、秋吉くるみ、葉月奈穂（葉月菜穂）、あずま樹、嶋田奈々子、大城真澄、翔田千里、片平恭子、小泉ありさ、増尾彩、青井マリ、今宮せつな、愛川咲樹、白石さゆり、藤木佐和子、真野沙代、有田典子、ヨネ、蔵内美樹、蓮水梨沙、三浦百合子、桃野宵子、町田レイナ、吉行純、椿早妃、綾女、藤咲凛子、佐藤みき（佐藤美紀、鈴木志帆）、山口奈津美、工藤彩乃、根元純、如月小雪、関口梨乃、角谷美和子、竹田千恵、島村倫代、神野美緒、蛍原雅、関根京子、姫川百合子、前田窓花、中森玲子、唐津もえ、木村奈緒子、夏川優奈（白石沙里奈）、木内ともえ、山口美花、浅岡沙希（浅岡沙季）、根本あきこ、大河内さなえ、広畑加代子、石井明菜、桂木聡美、高橋ゆきえ、立花かすみ、松下紗世、夏樹しおり、仙崎春香、広瀬ゆかり、森下彩乃、羽鳥澄香、木村節子、野村あけみ、藤崎絹子、高橋りこ、岩崎彩菜、市原藍音、綾乃美土理、白河ゆりか、石橋ゆう子、野々村小夜、横田美樹、桜井あずさ、森あけみ、新藤昭子、梶原愛子、島崎佳恵、坂木美春（坂木美晴）、蓮水奈保、宮田まり、吉永美佐子、山咲百合子、志村朝子、室井浩美、宮野誉、徳田富美子、林田聡美、石黒京香（黒木かえで）、柴田涼子、松下ゆうか（愛乃彩音、藤咲ゆうか）、多田博美、神尾奈々、郷沢美琴、宮本静、北条小百合、神谷節子、深草すみれ、飯田ゆかり、仲田絵理、持田准子、間宮志乃、岩本良美、一条恵、中村綾乃、南沙也香、千葉ゆかり、真島みゆき、町村小夜子、都築恵美子、三木藤乃、魚住紗江、近藤美奈、望月ゆみ、小林芽衣（小林メイ）、坂本淑子、日比谷真琴、石川美貴、寺島エリ、北村和歌、広瀬奈々美（堀口奈津美）、綾瀬沙羅、明星ちかげ、北上静香、白澤フタバ、瀬奈紀香、美空陽子、渥美イオン、夏目葉子、片岡美咲、木下やよい、矢野まり、宮本冷子、平由美子、君嶋かほり、堀田佐緒里、竹内サキ、橘美沙、宮川明日香、倉本まりこ、叶姫、近藤清美、廣野すみれ、黒川怜子、吉永麗子、峯谷由樹、長山良子、松坂聡子、森山れみ、星咲りの、澤村レイコ（高坂保奈美、高坂ますみ）、一条真生、林なお、穂坂菜摘、牧みどり、大林理恵（大林リエ）、豊田伸枝、山咲奈々美,https://www.javbus.com/JUSD-222,
JUSD-223 義母姦淫奴隷総集編4時間,JUSD-223 義母姦淫奴隷総集編4時間,JUSD-223,,2009-08-25,239分鐘,,マドンナ,Madonna,義母姦淫奴隷,合集、數位馬賽克、婆婆、DMM獨家,中森玲子、吉岡奈々子、村上涼子（中村りかこ、黒木菜穂）、山口珠理、風間ゆみ,https://www.javbus.com/JUSD-223,
NSPS-038 投稿実話 妻がまわされた 2,NSPS-038 投稿実話 妻がまわされた 2,NSPS-038,,2009-08-25,72分鐘,ながえ,ながえスタイル,ながえSTYLEpremiere,投稿実話,已婚婦女、投稿、戲劇,北谷静香、中森玲子、川瀬さやか,https://www.javbus.com/NSPS-038,
DMX-101 BBB REMIX 騎乗位後背位 LONG EDITION 230,DMX-101 BBB REMIX 騎乗位後背位 LONG EDITION 230,DMX-101,,2009-08-16,234分鐘,デカ拳,実録出版,ENJOY,BBBビッグ・ブーブス・バット,其他戀物癖、合集、女上位、巨乳,桐島冴子、宮崎あい、星川麻美、中森玲子、西木美羽、南沙也香、はるか悠、小林芽衣（小林メイ）、響鳴音（望月なな）、羽田夕夏,https://www.javbus.com/DMX-101,
CADV-124 極選4時間 巨乳女狩り 3,CADV-124 極選4時間 巨乳女狩り 3,CADV-124,,2009-08-12,239分鐘,,クリスタル映像,CRYSTALEX,極選○時間,OL、強姦、女教師、女大學生,香久屋ひめ、松田茜、近藤優希、若槻せな、宝生優果（羽野理沙）、望月歌歩、水森あおい、桃咲まなみ、あいぶらん（蜜井とわ）、佐伯実里、安奈久美、若宮莉那、佐倉もなみ、佐伯奈々、西木美羽、前田窓花、凛音涼子、大塚あやね、沢木京華、佐野るる、稲森真澄、一ノ瀬ゆら、凛華、藤宮櫻花（眞雪ゆん）、飯浜紀香、山口奈津美、緋村由衣、中森玲子、金城ゆま、鈴花,https://www.javbus.com/CADV-124,
BBST-005 巨乳・爆乳 全身マッサージ BEST 30人4時間,BBST-005 巨乳・爆乳 全身マッサージ BEST 30人4時間,BBST-005,,2009-08-08,240分鐘,,ex,BoinBB,巨乳・爆乳,其他戀物癖、合集、戀乳癖、按摩、巨乳,秋乃マロン、友野みゆき、芹沢優華、真田リサ、逢沢なお（青山れあ）、辻さき、京本由衣、中森玲子、並木るか（橘ひな）、浅田ちち、夏川リアナ、乙宮ゆう、飯浜紀香、佐野るる、鈴香、黒田さな、あいぶらん（蜜井とわ）、宝生優果（羽野理沙）、川峰さくら、妃乃ひかり、葉月奈穂（葉月菜穂）、安奈久美、西本はるみ、瀬咲るな、吉沢千里、小澤新音、はるか悠、片瀬りこ、月門ゆか、門倉真紀,https://www.javbus.com/BBST-005,
JUSD-220 ムッチムチ肉感的熟女20人大集合8時間 Vol.2,JUSD-220 ムッチムチ肉感的熟女20人大集合8時間 Vol.2,JUSD-220,,2009-08-07,479分鐘,,マドンナ,Madonna,ムッチムチ肉感的熟女20人大集合,成熟的女人、胖女人、合集、數位馬賽克、DMM獨家,松原久美子、石橋ゆう子、西本はるみ、黒崎ヒトミ（神津千絵子）、中森玲子、山本艶子、佐藤みき（佐藤美紀、鈴木志帆）、宮田まり、望月ゆみ、倉木小夜（村上美咲、樋口啓子）、小林芽衣（小林メイ）、根元純、藤咲凛子、君嶋かほり、大林理恵（大林リエ）、宮本静、松下ゆうか（愛乃彩音、藤咲ゆうか）、中村綾乃、南沙也香、森下彩乃,https://www.javbus.com/JUSD-220,
JFB-008 2007年～2008年Fitch傑作選8時間,JFB-008 2007年～2008年Fitch傑作選8時間,JFB-008,,2009-08-07,479分鐘,,Fitch,Fitch,,成熟的女人、合集、數位馬賽克、DMM獨家,松下紗世、中森玲子、村上里沙、北島玲、広瀬奈々美（堀口奈津美）、志村玲子、松本亜璃沙、村上涼子（中村りかこ、黒木菜穂）、寧々、風間ゆみ、片岡梨沙、君島冴子（AOI.、村上葵）、倖田李梨（倖田美梨、岩下美季）、あずま樹、金子リサ、押切あやの,https://www.javbus.com/JFB-008,
MBOX-035 でかぱいおかあさん 20人4時間,MBOX-035 でかぱいおかあさん 20人4時間,MBOX-035,,2009-07-30,239分鐘,,タカラ映像,タカラビジュアル,,母親、合集、戀乳癖、數位馬賽克、巨乳,一咲ハルカ、折原ゆかり、君嶋かほり、叶艶子、杉並静香、若狭静珈、来杉弓香、中森玲子、時越芙美江、立花かすみ,https://www.javbus.com/MBOX-035,
SRNJ-013 乱熟4時間スペシャル,SRNJ-013 乱熟4時間スペシャル,SRNJ-013,,2009-07-26,239分鐘,,KUKI,乱熟,背徳熟母,成熟的女人、合集、亂倫,早川ゆり、石川さとこ、新山めぐみ、滝川絵理子、小川ひなの、羽鳥澄香、中森玲子、河合律子、時越芙美江、真田友里、中条雪乃、藤木ルイ,https://www.javbus.com/SRNJ-013,
WNZ-115 人妻角擦りつけオナニー,WNZ-115 人妻角擦りつけオナニー,WNZ-115,,2009-07-15,120分鐘,,ワンズファクトリー,WANZ,,其他戀物癖、已婚婦女、自慰,白澤フタバ、桃山かおり、橘エレナ、坂田美影、中森玲子、艶堂しほり（遠藤しおり）、桜庭怜香、宮本由香、澤村レイコ（高坂保奈美、高坂ますみ）,https://www.javbus.com/WNZ-115,
MBYD-070 美熟女100人8時間！,MBYD-070 美熟女100人8時間！,MBYD-070,,2009-07-13,477分鐘,,溜池ゴロー,溜池ゴロー,,成熟的女人、多P、數位馬賽克、DMM獨家,星月優菜、関口梨乃、日比野美咲、浅井舞香、白石さゆり、宝来みずほ、松浦ユキ、秋川真理、藤森かおり、愛田るか、牧本千幸（つかもと友希）、金子リサ、広瀬奈央美、酒井ちなみ（紫葵）、風間ゆみ、立花優、楠真由美、水野さくら、友田真希、友崎亜希、吉澤レイカ、神崎美樹、紫彩乃、小池絵美子、高倉梨奈、君島冴子（AOI.、村上葵）、菊川れみ、結衣（結衣美沙）、杉山圭、滝沢優奈、内田知里、加賀雅、麻生岬、矢吹涼子、松本亜璃沙、吉野碧、林マリア、寺澤しのぶ、渡瀬りえ、倖田李梨（倖田美梨、岩下美季）、村上涼子（中村りかこ、黒木菜穂）、仲居あゆみ、大友園子、小椋まりあ、あずま樹、阿部菜津子（福山洋子、織原寧々）、大城真澄、白川なつみ、生田沙織、翔田千里、岬七瀬、桐原あずさ（伊藤あずさ）、増尾彩、青井マリ、南原香織、間宮いずみ、畑野ゆずき、坂本梨沙、北条アミ、深津映見、若林美保、白鳥美鈴、白坂百合、志村玲子、北島玲、飯田さやか、浅宮ゆかり、天海ゆり、瀬戸ゆうき、山本艶子、五十川みどり、樋口冴子（桐島千沙）、長澤リカ、山本ちづこ、和光志穂、流川純、北原夏美、川瀬さやか、竹内順子、朝宮涼子、広瀬奈々美（堀口奈津美）、小鳥遊恋（高梨恋子）、谷村都、姫野京香、艶堂しほり（遠藤しおり）、木村雅子、赤坂エレナ、澤村レイコ（高坂保奈美、高坂ますみ）、中森玲子、山口美花、綾女、檀杏奈、佐藤みき（佐藤美紀、鈴木志帆）、安奈ルコ、浅倉彩音、折原ゆかり、松下ゆうか（愛乃彩音、藤咲ゆうか）、時越芙美江、宮田佳子、三咲恭子,https://www.javbus.com/MBYD-070,
SKS-016 綺麗なママとの妄想○児プレイ,SKS-016 綺麗なママとの妄想○児プレイ,SKS-016,,2009-07-13,120分鐘,SARJI,マルクス兄弟,MARXBrothersco.,,乳交、其他戀物癖、妄想、母乳,今井優衣、佐々木玲奈、牧野くるみ、中森玲子、澤村レイコ（高坂保奈美、高坂ますみ）、北島玲、松下ゆうか（愛乃彩音、藤咲ゆうか）、風間ゆみ,https://www.javbus.com/SKS-016,
MAMA-108 美熟女 悩殺Body 6,MAMA-108 美熟女 悩殺Body 6,MAMA-108,,2009-07-09,128分鐘,,クリスタル映像,MADAMMANIAC,美熟女悩殺Body,成熟的女人、多P、凌辱、巨乳、肛交,宮沢しほ、立花千尋、加山なつこ、中森玲子、若林ひかる、風間ゆみ,https://www.javbus.com/MAMA-108,
DSE-460 2009年ファン投票ランキングコレクションベスト20作品,DSE-460 2009年ファン投票ランキングコレクションベスト20作品,DSE-460,,2009-07-05,240分鐘,,ドリームステージ,熟女絵巻,,成熟的女人、合集、4小時以上作品,藤木ルイ、杉本はるか、小田真智子、夏樹しおり、桧山すず、上村頼子、後藤さなえ、中森玲子、時越芙美江、澤村レイコ（高坂保奈美、高坂ますみ）、星優乃、高瀬みどり、佐藤みき（佐藤美紀、鈴木志帆）、芹沢舞、水沢由美子、山口智美、関口恵都子、小久保真樹、佐和真由香、鷹野すみれ,https://www.javbus.com/DSE-460,
DSE-468 熟女デカ尻強烈ピストン 総集編,DSE-468 熟女デカ尻強烈ピストン 総集編,DSE-468,,2009-07-05,239分鐘,,ドリームステージ,熟女絵巻,熟女デカ尻強烈ピストン総集編,成熟的女人、合集、屁股、4小時以上作品,笠原都子、佐和真由香、横田美樹、鷹野すみれ、生田正子、若狭静珈、麻宮良子、愛川咲樹、愛樹るい、秋川真理、原口裕美、大林理恵（大林リエ）、竹内サキ、中森玲子、宮田まり、関口恵都子、後藤さなえ、柴田淳子,https://www.javbus.com/DSE-468,
VSPDS-422 時間よ止まれ！ パート13,VSPDS-422 時間よ止まれ！ パート13,VSPDS-422,,2009-07-04,119分鐘,萩澤カルメン,V＆Rプロダクツ,V＆Rプロダクツ,時間よ止まれ！,企畫、已婚婦女、高、泳裝、巨乳,黒澤愛希、根本あきこ、光矢れん、中森玲子、一戸のぞみ,https://www.javbus.com/VSPDS-422,
OOMN-004 お母さんのすべて 2009年上半期BEST4時間,OOMN-004 お母さんのすべて 2009年上半期BEST4時間,OOMN-004,,2009-07-01,239分鐘,,ABC/妄想族,お母さん.com/ABC,美熟女プレミアムベスト,成熟的女人、母親、合集、巨乳、DMM獨家,竹井ゆかり、北澤瞳、野原もも、中森玲子、藤木未央、時越芙美江、北原夏美、浅田ちち、澤村レイコ（高坂保奈美、高坂ますみ）、秋川りお（美月このみ）,https://www.javbus.com/OOMN-004,
JUSD-212 厳選美熟女の絶品フェラ抜き18連発。,JUSD-212 厳選美熟女の絶品フェラ抜き18連発。,JUSD-212,,2009-06-25,207分鐘,,マドンナ,Madonna,,成熟的女人、口交、合集、數位馬賽克、DMM獨家,白石さゆり、星優乃、澤村レイコ（高坂保奈美、高坂ますみ）、酒井ちなみ（紫葵）、青井マリ、広瀬奈々美（堀口奈津美）、翔田千里、村上涼子（中村りかこ、黒木菜穂）、友田真希、山口珠理、五十川みどり、樋口冴子（桐島千沙）、中森玲子、艶堂しほり（遠藤しおり）、南沙也香、竹内順子、北原夏美、関口梨乃,https://www.javbus.com/JUSD-212,
AYA-027 人妻8人中出し肉便器,AYA-027 人妻8人中出し肉便器,AYA-027,,2009-06-23,120分鐘,ツチノコハウス,VIP,AYA,,成熟的女人、已婚婦女、中出,田原綾乃、工藤亜弥、豊田じゅんな、有森理美、真野沙代、深津映見、中森玲子、望月夕希,https://www.javbus.com/AYA-027,
ALSP-022 背徳の熟女ベスト10人,ALSP-022 背徳の熟女ベスト10人,ALSP-022,,2009-06-18,119分鐘,,タカラ映像,ALEDDIN,,成熟的女人、合集、69、女上位,広畑加代子、高木礼子、梶原愛子、日向ナオミ、杉並静香、中森玲子、桜井あずさ、宮田まり、澤村レイコ（高坂保奈美、高坂ますみ）,https://www.javbus.com/ALSP-022,
SWF-101 激揺れ巨乳FUCK50人4時間スペシャル,SWF-101 激揺れ巨乳FUCK50人4時間スペシャル,SWF-101,,2009-06-17,240分鐘,,ワンズファクトリー,WANZ,,乳交、姐姐、乳房、巨乳、蘿莉塔,星野なつ、真田春香、綾瀬メグ、黒沢ゆう、姫川麗、小坂めぐる、桃井りか、浜崎りお（森下えりか、篠原絵梨香）、佐倉もなみ、風間ゆみ、彩名杏子、水原あき、妃乃ひかり、上原空、小町ななみ、鈴房ありさ、羽田夕夏、星野あかり、白雪彩、大浦あんな、朝倉まりあ、小川音子、星川ヒカル、RIRICO、麻生岬、萩原めぐ、望月ゆみ、広瀬奈々美（堀口奈津美）、南沙也香、辻さき、逢沢なお（青山れあ）、浅田ちち、中森玲子、桐島冴子、鈴香音色、桜薫子、あいぶらん（蜜井とわ）、夏川亜咲、小向杏奈（桜井麻美）、一ノ瀬ゆき、宮崎あい、飯島夏希、北島玲、響鳴音（望月なな）、小池朱里、澄川ロア、松浦ユキ、藤本もも、ERIKA（モカ、MOKA）,https://www.javbus.com/SWF-101,
GMED-038 熟女産婦人科レイプ,GMED-038 熟女産婦人科レイプ,GMED-038,,2009-06-06,180分鐘,早川誠,グローバルメディアエンタテインメント,Global,,成熟的女人、強姦、數位馬賽克、鴨嘴、輪姦、中出,神咲りえ、佐藤菜摘、滝澤美緒、藤木ルイ、中森玲子、佐藤みき（佐藤美紀、鈴木志帆）,https://www.javbus.com/GMED-038,
BBST-002 巨乳・爆乳 授乳手コキ BEST 25人,BBST-002 巨乳・爆乳 授乳手コキ BEST 25人,BBST-002,,2009-06-06,241分鐘,,ex,BoinBB,巨乳・爆乳,合集、戀乳癖、4小時以上作品、巨乳、打手槍,時田はるみ、門倉真紀、菅なつみ、篠田まい、宮崎あい、中森玲子、葉月奈穂（葉月菜穂）、乙宮ゆう、浜崎りお（森下えりか、篠原絵梨香）、妃乃ひかり、あいぶらん（蜜井とわ）、卯月杏、吉沢千里、渡部准、えみり、桜沢いすず、辻さき、里原あみ、宗方ゆさ、白瀬まなみ、京本由衣、友野みゆき、浅田ちち、浅田もえ、久保田恵,https://www.javbus.com/BBST-002,
HEDV-093 THE 潮吹き 6,HEDV-093 THE 潮吹き 6,HEDV-093,,2009-06-05,118分鐘,,クリスタル映像,HERMES,THE潮吹き,潮吹、女上位、手指插入,花城メイ、今村亜沙美、雪乃、明佐奈（土屋かなこ）、中森玲子,https://www.javbus.com/HEDV-093,
JFB-007 エロい美熟女の巨尻誘惑BEST4時間,JFB-007 エロい美熟女の巨尻誘惑BEST4時間,JFB-007,,2009-06-05,239分鐘,,Fitch,Fitch,エロい○○の巨尻誘惑,成熟的女人、合集、屁股、數位馬賽克、DMM獨家,芦沢彩乃、中森玲子、葉月奈穂（葉月菜穂）、広瀬奈々美（堀口奈津美）、志村玲子、あずま樹,https://www.javbus.com/JFB-007,
MBOX-032 熟女のお尻でござひます 4時間,MBOX-032 熟女のお尻でござひます 4時間,MBOX-032,,2009-06-04,238分鐘,,タカラ映像,タカラビジュアル,○○ベスト4時間,成熟的女人、合集、屁股、數位馬賽克,芳本真理、立野ゆり、野島恵子、周防レイコ、吉本秋実、夢野つかさ、竹内久美子、中森玲子、広瀬奈々美（堀口奈津美）、村上涼子（中村りかこ、黒木菜穂）、江口恭子、真羅マキ、仲田絵理,https://www.javbus.com/MBOX-032,
NBD-024 拘束生乳集団揉み,NBD-024 拘束生乳集団揉み,NBD-024,,2009-06-01,138分鐘,,中嶋興業,中嶋興業,,紧缚、戀乳癖、拘束、巨乳,根本あきこ、速水百花、星川麻美、中森玲子、結城かれん、立花かすみ、小宮ゆい、黒木麻衣（花野真衣、SHIHO）,https://www.javbus.com/NBD-024,
DSE-431 ドリームステージベスト熟女美脚ランキング10,DSE-431 ドリームステージベスト熟女美脚ランキング10,DSE-431,,2009-05-31,241分鐘,,ドリームステージ,熟女絵巻,ドリームステージベスト義母,成熟的女人、合集、戀腿癖、倒追、4小時以上作品,夏川優奈（白石沙里奈）、上野ひとみ、真田ゆかり（葵のぞみ）、中森玲子、藤木未央、星優乃、樋口冴子（桐島千沙）、村上涼子（中村りかこ、黒木菜穂）、友田真希、鏡麗子,https://www.javbus.com/DSE-431,
MADV-099 昼下がりの淫ら妻 31,MADV-099 昼下がりの淫ら妻 31,MADV-099,,2009-05-29,123分鐘,,クリスタル映像,MANIAC（クリスタル）,昼下がりの淫ら妻,已婚婦女、通姦,高田えり、玉木かおり、篠原亜希、北谷静香、中森玲子,https://www.javbus.com/MADV-099,
BOIN-024 巨乳・爆乳 乳揉み VOL.6,BOIN-024 巨乳・爆乳 乳揉み VOL.6,BOIN-024,,2009-05-27,90分鐘,,ex,BoinBB,巨乳・爆乳,戀乳癖、巨乳,佐野るる、伊東このみ、里原あみ、飯浜紀香、逢沢なお（青山れあ）、黒川梨花、中森玲子、並木るか（橘ひな）、浅田ちち、乙宮ゆう、宝生優果（羽野理沙）、上原リナ、吉沢千里、天咲めい、門倉真紀,https://www.javbus.com/BOIN-024,
MCDR-810 職妻不倫,MCDR-810 職妻不倫,MCDR-810,,2009-05-25,118分鐘,YUMEJI,ビッグモーカル,大吉,,已婚婦女、通姦、制服、高畫質,中森玲子、澤村レイコ（高坂保奈美、高坂ますみ）、竹田千恵、神崎レオナ（七瀬かすみ）,https://www.javbus.com/MCDR-810,
JUSD-204 厳選！美熟女レイプ総集編4時間,JUSD-204 厳選！美熟女レイプ総集編4時間,JUSD-204,,2009-05-25,239分鐘,,マドンナ,Madonna,,成熟的女人、強姦、合集、數位馬賽克、DMM獨家,石黒京香（黒木かえで）、根元純、中森玲子、佐藤みき（佐藤美紀、鈴木志帆）、澤村レイコ（高坂保奈美、高坂ますみ）、宮本静、翔田千里、牧原れい子、友田真希,https://www.javbus.com/JUSD-204,
MCDR-809 団地妻 発情する淫乱妻たち,MCDR-809 団地妻 発情する淫乱妻たち,MCDR-809,,2009-05-25,117分鐘,蟹江大介,ビッグモーカル,大吉,団地妻,企畫、已婚婦女、高畫質、巨乳,柳木美麗、中山かすみ、中森玲子、矢田真由美,https://www.javbus.com/MCDR-809,
DDR-993 誘惑女教師,DDR-993 誘惑女教師,DDR-993,,2009-05-25,120分鐘,YUMEJI,ビッグモーカル,大吉,,蕩婦、女教師、高畫質、巨乳,相原れな（三浦加奈、篠原リョウ）、中森玲子、神崎レオナ（七瀬かすみ）、小宮ゆい,https://www.javbus.com/DDR-993,
WRC-005 隣の奥さんは欲情変態美人妻 the BEST,WRC-005 隣の奥さんは欲情変態美人妻 the BEST,WRC-005,,2009-05-23,239分鐘,,ワンズファクトリー,WANZ,隣の奥さんは○○,成熟的女人、已婚婦女、69、女上位,中森玲子、艶堂しほり（遠藤しおり）、桜庭怜香、澤村レイコ（高坂保奈美、高坂ますみ）、松浦ユキ,https://www.javbus.com/WRC-005,
ARMD-952 エロ熟女に騎乗られちゃった僕。その2,ARMD-952 エロ熟女に騎乗られちゃった僕。その2,ARMD-952,,2009-05-20,115分鐘,鷲本ひろし,アロマ企画,AROMA,○○ちゃった僕,蕩婦、成熟的女人、69、屁股、女上位、DMM獨家,仁科祐紀、中森玲子、中村綾乃、小鳥遊恋（高梨恋子）、白坂百合,https://www.javbus.com/ARMD-952,
RD-258 おはズボッ！ちょっと止めて 腰ふるの バックはだめッ イッちゃうから～！！,RD-258 おはズボッ！ちょっと止めて 腰ふるの バックはだめッ イッちゃうから～！！,RD-258,,2009-05-18,88分鐘,大沼栄太郎,アテナ映像,ATHENA,おはズボッ！,各種職業、女上位、巨乳,杉本愛理、大越まみ、宝生優果（羽野理沙）、中森玲子,https://www.javbus.com/RD-258,
NWF-265 無理矢理に連続で2回出さされる手コキ,NWF-265 無理矢理に連続で2回出さされる手コキ,NWF-265,,2009-05-16,119分鐘,,ワンズファクトリー,WANZ,,蕩婦、乳交、淫語、打手槍,葉月紗絢、石川みずき、一ノ瀬あきら、樹花凜（七咲楓花）、中森玲子、一戸のぞみ、広瀬奈々美（堀口奈津美）、生田沙織,https://www.javbus.com/NWF-265,
SKS-014 揉み責め×乳イキ×敏感乳房,SKS-014 揉み責め×乳イキ×敏感乳房,SKS-014,,2009-05-13,151分鐘,SARJI,マルクス兄弟,MARXBrothersco.,,其他戀物癖、乳房、巨乳,有沢実紗、早川瀬里奈、一ノ瀬あきら、中森玲子、澤村レイコ（高坂保奈美、高坂ますみ）、葉月奈穂（葉月菜穂）、藍花（花桐まつり）、広瀬奈々美（堀口奈津美）、新井エリー（晶エリー、大沢佑香）、風間ゆみ,https://www.javbus.com/SKS-014,
ARMD-949 ピストン騎乗位5,ARMD-949 ピストン騎乗位5,ARMD-949,,2009-05-08,126分鐘,夢野あいだ,アロマ企画,AROMA,ピストン騎乗位,屁股、女上位、DMM獨家,千野美帆、河本愛、中森玲子、飯島くらら,https://www.javbus.com/ARMD-949,
JKSP-015 超本格美熟女近親愛蔵盤 息子と済ませた母親達 4,JKSP-015 超本格美熟女近親愛蔵盤 息子と済ませた母親達 4,JKSP-015,,2009-05-07,119分鐘,,タカラ映像,熟恋,超本格エロ絵巻（タカラ映像）,成熟的女人、合集、亂倫、數位馬賽克、女上位,小久保真樹、神野美緒、坂木美春（坂木美晴）、塚本ひろな、関口恵都子、中森玲子、竹田千恵、秋川りお（美月このみ）,https://www.javbus.com/JKSP-015,
BKSP-192 羞恥！！社員教育,BKSP-192 羞恥！！社員教育,BKSP-192,,2009-05-04,120分鐘,,アイエナジー,IENERGY！,,企畫、OL、多P、性奴、羞恥、DVD多士爐,倖田みらい、中森玲子、鈴木千里、桜庭彩、夏芽涼,https://www.javbus.com/BKSP-192,
MAMA-100 熟女狩り 10,MAMA-100 熟女狩り 10,MAMA-100,,2009-05-02,123分鐘,,クリスタル映像,MADAMMANIAC,熟女狩り,成熟的女人、強姦,秋元夏希、杉本はるか、小林里穂、水希千里、中森玲子、大塚美雪,https://www.javbus.com/MAMA-100,
MCDR-806 中出し人妻暴行 さっさと諦めて中に出させな！！,MCDR-806 中出し人妻暴行 さっさと諦めて中に出させな！！,MCDR-806,,2009-04-25,119分鐘,蟹江大介,ビッグモーカル,マスカット,中出し人妻暴行,強姦、已婚婦女、中出、高畫質,中森玲子、中村綾乃、北島玲、川上ゆう（森野雫）,https://www.javbus.com/MCDR-806,
GODR-262 巨乳×美脚×生中出し,GODR-262 巨乳×美脚×生中出し,GODR-262,,2009-04-25,114分鐘,,VIP,God,巨乳×美脚×生中出し,乳交、舔陰、中出、手指插入、巨乳,山崎まりあ、ERIKA（モカ、MOKA）、中森玲子,https://www.javbus.com/GODR-262,
JUSD-199 働く美熟女15人4時間,JUSD-199 働く美熟女15人4時間,JUSD-199,,2009-04-24,239分鐘,,マドンナ,Madonna,,成熟的女人、合集、各種職業、多P、數位馬賽克、DMM獨家,根元純、関口梨乃、中森玲子、北原夏美、青井マリ、翔田千里、村上涼子（中村りかこ、黒木菜穂）、牧原れい子、友田真希、風間ゆみ、西本はるみ、五十川みどり、樋口冴子（桐島千沙）、宮本静、澤村レイコ（高坂保奈美、高坂ますみ）,https://www.javbus.com/JUSD-199,
JUSD-200 豊満おっぱい美熟女20人8時間,JUSD-200 豊満おっぱい美熟女20人8時間,JUSD-200,,2009-04-24,479分鐘,,マドンナ,Madonna,,成熟的女人、戀乳癖、數位馬賽克、巨乳、DMM獨家,大林理恵（大林リエ）、石橋ゆう子、野原もも、中森玲子、時越芙美江、佐藤みき（佐藤美紀、鈴木志帆）、山口玲子、村上涼子（中村りかこ、黒木菜穂）、友田真希、山口珠理、西本はるみ、中村綾乃、広瀬奈々美（堀口奈津美）、小林芽衣（小林メイ）、望月ゆみ、北原夏美、流川純、杉並静香、北島玲、君嶋かほり,https://www.javbus.com/JUSD-200,
BBST-001 巨乳・爆乳 乳舐め吸い BEST 25人,BBST-001 巨乳・爆乳 乳舐め吸い BEST 25人,BBST-001,,2009-04-09,241分鐘,,ex,BoinBB,巨乳・爆乳,合集、戀乳癖、巨乳,友野みゆき、芹沢優華、篠田まい、里原あみ、飯浜紀香、黒田さな、辻さき、浅田ちち、西木美羽、安奈久美、中森玲子、仲村ろみひ、白瀬まなみ、並木るか（橘ひな）、あいぶらん（蜜井とわ）、川峰さくら、瀬咲るな、波風きら、浜崎りお（森下えりか、篠原絵梨香）、早坂めぐ、小澤新音、片瀬りこ、月門ゆか、宮崎あい、白百合姫,https://www.javbus.com/BBST-001,
BOIN-021 巨乳・爆乳 乳揉み VOL.5,BOIN-021 巨乳・爆乳 乳揉み VOL.5,BOIN-021,,2009-04-09,90分鐘,,ex,BoinBB,巨乳・爆乳,其他戀物癖、戀乳癖、巨乳,初井てまり、小倉ありさ、秋乃マロン、篠田まい、宝生優果（羽野理沙）、辻さき、小澤新音、中森玲子、片瀬りこ、浜崎りお（森下えりか、篠原絵梨香）、妃乃ひかり、鈴花,https://www.javbus.com/BOIN-021,
JKSP-014 超本格美熟女近親愛蔵盤 息子と済ませた母親達 3,JKSP-014 超本格美熟女近親愛蔵盤 息子と済ませた母親達 3,JKSP-014,,2009-04-02,119分鐘,,タカラ映像,熟恋,超本格エロ絵巻（タカラ映像）,成熟的女人、合集、亂倫、數位馬賽克,大河内さなえ、坂木美春（坂木美晴）、塚本ひろな、立野ゆり、織戸幸江、竹内久美子、中森玲子、北原夏美,https://www.javbus.com/JKSP-014,
BOMN-002 巨乳乳揉みSP 乳フェチ向け 乳揉みしまくり120分,BOMN-002 巨乳乳揉みSP 乳フェチ向け 乳揉みしまくり120分,BOMN-002,,2009-04-01,121分鐘,,ABC/妄想族,BoinBB/ABC,巨乳スペシャル,戀乳癖、乳液、DVD多士爐、巨乳,尾崎ゆうこ、三浦まい、恩田夏穂、黒川梨花、瀬咲るな、月門ゆか、中森玲子、小林芽衣（小林メイ）、渡部准、浜崎りお（森下えりか、篠原絵梨香）,https://www.javbus.com/BOMN-002,
NSPS-017 底なしの欲求 バツイチ子持ち妻,NSPS-017 底なしの欲求 バツイチ子持ち妻,NSPS-017,,2009-03-25,75分鐘,ながえ,ながえスタイル,ながえSTYLEpremiere,底なしの欲求,已婚婦女、女上位、手指插入、戲劇,中森玲子、川上ゆう（森野雫）、柊早矢（美咲ゆりあ）,https://www.javbus.com/NSPS-017,
JUSD-193 美熟女羞恥凌辱総集編4時間 3,JUSD-193 美熟女羞恥凌辱総集編4時間 3,JUSD-193,,2009-03-25,239分鐘,,マドンナ,Madonna,美熟女羞恥凌辱総集編,成熟的女人、合集、數位馬賽克、凌辱、羞恥、DMM獨家,夏川優奈（白石沙里奈）、中森玲子、艶堂しほり（遠藤しおり）、北原夏美、澤村レイコ（高坂保奈美、高坂ますみ）、広瀬奈々美（堀口奈津美）、翔田千里、牧原れい子、友田真希、山口珠理,https://www.javbus.com/JUSD-193,
JUC-047 もう一つの混浴温泉バスツアー 4,JUC-047 もう一つの混浴温泉バスツアー 4,JUC-047,,2009-03-25,217分鐘,モヒカル,マドンナ,Madonna,美熟女と行く混浴温泉バスツアー,成熟的女人、第一人稱攝影、多P、數位馬賽克、女上位、DMM獨家,根元純、中森玲子、北原夏美、倖田李梨（倖田美梨、岩下美季）、宮田まり、澤村レイコ（高坂保奈美、高坂ますみ）、小林芽衣（小林メイ）、青井マリ、翔田千里、友田真希,https://www.javbus.com/JUC-047,
JTDV-009 尻コキ射精天国 熟女編,JTDV-009 尻コキ射精天国 熟女編,JTDV-009,,2009-03-20,136分鐘,宮本小次郎,実録出版,実録出版,尻コキ射精天国,成熟的女人、其他戀物癖、屁股,大沢芽衣、桐島冴子、中森玲子、川瀬さやか、流川純、広瀬奈々美（堀口奈津美）、望月加奈（松沢真理）、翔田千里,https://www.javbus.com/JTDV-009,
BOIN-018 巨乳・爆乳 パイズリ VOL.2,BOIN-018 巨乳・爆乳 パイズリ VOL.2,BOIN-018,,2009-03-17,90分鐘,,ex,BoinBB,巨乳・爆乳,乳交、其他戀物癖、戀乳癖、巨乳,浅田もえ、白瀬まなみ、夏川リアナ、佐野るる、門倉真紀、菅なつみ、篠田まい、中森玲子、葉月奈穂（葉月菜穂）、小林芽衣（小林メイ）、尾崎ゆうこ、小澤新音、高田愛子、西本はるみ、三浦まい,https://www.javbus.com/BOIN-018,
CADV-099 極選4時間 人妻が熟れて我慢できない午後3時,CADV-099 極選4時間 人妻が熟れて我慢できない午後3時,CADV-099,,2009-02-06,240分鐘,,クリスタル映像,CRYSTALEX,極選○時間,成熟的女人、合集、已婚婦女、多P、女上位,田代千佳、岡田裕美、中森玲子、牧野遥、宮本静、駿河志津子、村上涼子（中村りかこ、黒木菜穂）、寺澤しのぶ,https://www.javbus.com/CADV-099,
DANDY-124 「キスまで3cm 日曜日の恋人のいない美淑女に満員状態で息がかかるほど密着したらヤられた」 VOL.2,DANDY-124 「キスまで3cm 日曜日の恋人のいない美淑女に満員状態で息がかかるほど密着したらヤられた」 VOL.2,DANDY-124,,2009-02-05,178分鐘,ダンディよしの,DANDY,DANDY,キスまで3cm,企畫、OL、數位馬賽克,中森玲子、速水百花、北島ゆり、神咲りんか,https://www.javbus.com/DANDY-124,
CADR-264 街角ウブっ娘 ミラクル巨乳4時間,CADR-264 街角ウブっ娘 ミラクル巨乳4時間,CADR-264,,2009-01-31,241分鐘,TAKESHI,メディアバンク,Carnival,,乳交、戀乳癖、4小時以上作品、巨乳,夢美ここ（七瀬りか）、中森玲子、小林芽衣（小林メイ）,https://www.javbus.com/CADR-264,
JUC-010 マドンナファンの集い 美熟女と行く混浴温泉バスツアー 4 祝・マドンナ5周年 ～豪華美熟女たちの恩返しSPECIAL～,JUC-010 マドンナファンの集い 美熟女と行く混浴温泉バスツアー 4 祝・マドンナ5周年 ～豪華美熟女たちの恩返しSPECIAL～,JUC-010,,2009-01-25,476分鐘,モヒカル,マドンナ,Madonna,美熟女と行く混浴温泉バスツアー,企畫、成熟的女人、放尿、濫交、數位馬賽克、DMM獨家,大林理恵（大林リエ）、根元純、中森玲子、北原夏美、倖田李梨（倖田美梨、岩下美季）、澤村レイコ（高坂保奈美、高坂ますみ）、小林芽衣（小林メイ）、松浦ユキ、翔田千里、友田真希,https://www.javbus.com/JUC-010,
MMV-190 人妻温泉 癒し系 24,MMV-190 人妻温泉 癒し系 24,MMV-190,,2009-01-16,121分鐘,,クリスタル映像,MADAMMANIAC,人妻温泉癒し系,成熟的女人、已婚婦女、通姦、舔陰、打手槍,高野美香、星野由香、橘美沙、中森玲子、綾女、生田沙織,https://www.javbus.com/MMV-190,
WPW-002 絶対にハサまれたい巨乳が、そこにはある,WPW-002 絶対にハサまれたい巨乳が、そこにはある,WPW-002,,2009-01-15,111分鐘,一ノ瀬くるみ,ワープエンタテインメント,S＋,,乳交、合集、戀乳癖、乳液、巨乳,中森玲子、七瀬ゆい（羽田未来）、大塚咲（小野沙樹、大滝佐紀）、小坂めぐる、澄川ロア、北島玲、橘れもん、広瀬奈々美（堀口奈津美）、妃乃ひかり,https://www.javbus.com/WPW-002,
NWF-218 接吻や乳首を舐められながら手コキされた僕。 4,NWF-218 接吻や乳首を舐められながら手コキされた僕。 4,NWF-218,,2009-01-01,118分鐘,,ワンズファクトリー,WANZ,接吻や乳首を舐められながら手コキされた僕。,成熟的女人、巨乳、女生、打手槍,かのん、吉川莉奈、夏川リアナ、樹花凜（七咲楓花）、ERIKA（モカ、MOKA）、中森玲子、艶堂しほり（遠藤しおり）、七瀬ゆい（羽田未来）、紅音ほたる（秋月杏奈）、風間ゆみ,https://www.javbus.com/NWF-218,
CADR-260 奥さん欲求不満かい！？だったら中出し姦らせて！！,CADR-260 奥さん欲求不満かい！？だったら中出し姦らせて！！,CADR-260,,2008-12-25,118分鐘,亀出史朗,メディアバンク,Carnival,,已婚婦女、通姦、中出、女上位,工藤亜弥、杉山りの、有森理美、一条梨乃、中森玲子、桂木聡美,https://www.javbus.com/CADR-260,
MVF-177 巨乳女狩り 35,MVF-177 巨乳女狩り 35,MVF-177,,2008-12-19,118分鐘,,クリスタル映像,MANIAC（クリスタル）,巨乳女狩り,戀乳癖、多P、女上位、手指插入、巨乳,大塚あやね、緋村由衣、凛華、若宮莉那、桃咲まなみ、中森玲子,https://www.javbus.com/MVF-177,
ALSP-016 息子に揉まれた母達 溺愛保存版 2,ALSP-016 息子に揉まれた母達 溺愛保存版 2,ALSP-016,,2008-12-04,120分鐘,,タカラ映像,ALEDDIN,息子に揉まれ○○,成熟的女人、乳交、合集、數位馬賽克、巨乳,一条紅、大庭美和、君嶋かほり、杉並静香、間宮志乃、中森玲子、北原夏美、宮田まり、小林芽衣（小林メイ）、菊川麻里,https://www.javbus.com/ALSP-016,
BOIN-011 巨乳・爆乳 乳イカセ面接 VOL.1,BOIN-011 巨乳・爆乳 乳イカセ面接 VOL.1,BOIN-011,,2008-11-07,91分鐘,,ex,BoinBB,巨乳・爆乳,其他戀物癖、戀乳癖,山咲ななみ、秋乃マロン、波風きら、宮崎あい、仲村ろみひ、小澤新音、中森玲子、並木るか（橘ひな）,https://www.javbus.com/BOIN-011,
BOIN-012 巨乳・爆乳 全身マッサージ VOL.2,BOIN-012 巨乳・爆乳 全身マッサージ VOL.2,BOIN-012,,2008-11-07,90分鐘,,ex,BoinBB,巨乳・爆乳,其他戀物癖、戀乳癖、按摩、巨乳,京本ゆい、山咲ななみ、桜沢いすず、青葉優希、佐野るる、西本はるみ、中森玲子、はるか悠、妃乃ひかり,https://www.javbus.com/BOIN-012,
CADR-250 DEKAPAI ism. 仰天爆乳4時間,CADR-250 DEKAPAI ism. 仰天爆乳4時間,CADR-250,,2008-10-31,236分鐘,,メディアバンク,Carnival,,乳交、戀乳癖、4小時以上作品、手指插入、巨乳,豊田じゅんな、猫澤百華、中森玲子、小林芽衣（小林メイ）,https://www.javbus.com/CADR-250,
MVF-167 私は痴女・人妻編 奥さん！ナイスな腰づかい,MVF-167 私は痴女・人妻編 奥さん！ナイスな腰づかい,MVF-167,,2008-10-12,126分鐘,,クリスタル映像,MANIAC（クリスタル）,私は痴女,蕩婦、已婚婦女、多P、女上位、手指插入,秋山瞳、ゆりあ、中森玲子、綾女、澤村レイコ（高坂保奈美、高坂ますみ）,https://www.javbus.com/MVF-167,
MMV-174 人妻が熟れて我慢できない午後3時 23,MMV-174 人妻が熟れて我慢できない午後3時 23,MMV-174,,2008-09-12,119分鐘,,クリスタル映像,MADAMMANIAC,人妻が熟れて…,成熟的女人、已婚婦女、女上位、手指插入,広畑加代子、田代千佳、中森玲子、小向涼子、村上涼子（中村りかこ、黒木菜穂）,https://www.javbus.com/MMV-174,
BOIN-008 巨乳・爆乳 授乳手コキ VOL.2,BOIN-008 巨乳・爆乳 授乳手コキ VOL.2,BOIN-008,,2008-09-11,91分鐘,,ex,BoinBB,巨乳・爆乳,戀乳癖、母乳、巨乳、打手槍,波風きら、友野みゆき、里原あみ、宮崎あい、仲村ろみひ、辻さき、小澤新音、月門ゆか、中森玲子、西木美羽,https://www.javbus.com/BOIN-008,
BOIN-007 巨乳・爆乳 乳舐め吸い VOL.3,BOIN-007 巨乳・爆乳 乳舐め吸い VOL.3,BOIN-007,,2008-09-11,90分鐘,,ex,BoinBB,巨乳・爆乳,其他戀物癖、戀乳癖、巨乳,吉沢千里、波風きら、飯浜紀香、川峰さくら、宮崎あい、仲村ろみひ、黒川梨花、小澤新音、中森玲子、安奈久美,https://www.javbus.com/BOIN-007,
NHDT-693 美尻エステナンパ,NHDT-693 美尻エステナンパ,NHDT-693,,2008-08-21,231分鐘,,ナチュラルハイ,NATURALHIGH,,乳交、屁股、女上位、美容院,中森玲子,https://www.javbus.com/NHDT-693,
CADR-239 隣りの奥さんがこともあろうにボクのチ○ポをしごいてくれる！？,CADR-239 隣りの奥さんがこともあろうにボクのチ○ポをしごいてくれる！？,CADR-239,,0000-00-00,115分鐘,,メディアバンク,Carnival,,乳交、已婚婦女、中出、打手槍,黒沢あずみ、澤口沙也、千羽加世子、桐島秋子、中森玲子,https://www.javbus.com/CADR-239,
HA-067 義姉さん、昼間からよばいです 22,HA-067 義姉さん、昼間からよばいです 22,HA-067,,0000-00-00,119分鐘,,クリスタル映像,HERMES,義姉さん、昼間からよばいです,姐姐、多P、手指插入、巨乳,矢口真央、葛城あかね、芦屋朋美、橘美沙、中森玲子,https://www.javbus.com/HA-067,
ONED-935 でかっ！勢いのあるパイズリ発射,ONED-935 でかっ！勢いのあるパイズリ発射,ONED-935,,0000-00-00,126分鐘,,レイディックス,ONE,勢いのあるパイズリ発射,乳交、胖女人、戀乳癖、巨乳,市倉ことの、西崎あい、鈴原淳、瀬奈紀香、金城ゆま、大林理恵（大林リエ）、藤ノ宮礼美、中森玲子、小林芽衣（小林メイ）、若林ひかる,https://www.javbus.com/ONED-935_32lo,
MVF-153 未亡人 柔肌の悶え 19,MVF-153 未亡人 柔肌の悶え 19,MVF-153,,0000-00-00,119分鐘,,クリスタル映像,MANIAC（クリスタル）,未亡人柔肌の悶え,和服・喪服、成熟的女人、寡婦、多P、女上位,上原彩花、月島アスカ、中森玲子、佐藤みき（佐藤美紀、鈴木志帆）、ささきふう香,https://www.javbus.com/MVF-153,
