标题,名称,識別碼,原始番号,發行日期,長度,導演,製作商,發行商,系列,類別,演員,详情页,详情简介
DSE-329 美乳熟女 4時間 20人 総集編 2,DSE-329 美乳熟女 4時間 20人 総集編 2,DSE-329,,2026-08-10,237分鐘,,ドリームステージ,熟女絵巻,美乳熟女○時間○人総集編,成熟的女人、合集、已婚婦女、花癡、乳房,愛川咲樹、若狭静珈、山口玲子、流川純、愛樹るい、樋口冴子（桐島千沙）、北原夏美、日比野美咲、あおい桜子、明星ちかげ,https://www.javbus.com/DSE-329,
FXAIH-344 【AIリマスター版】 ヘンリー塚本監督作品 四十路の母の世間によくある話し 熟女,FXAIH-344 【AIリマスター版】 ヘンリー塚本監督作品 四十路の母の世間によくある話し 熟女,FXAIH-344,,2026-04-24,169分鐘,ヘンリー塚本,FAプロ,FAプロ,世間によくある○○,成熟的女人、花癡、高畫質、戲劇、故事集、巨乳、DMM獨家,北原夏美、大沢萌、五十嵐しのぶ,https://www.javbus.com/FXAIH-344,
OOMNVD-011 【限界85連発】無防備なパンチラ・胸チラ・着替え 生々しく覗く無警戒な人妻の日常生活,OOMNVD-011 【限界85連発】無防備なパンチラ・胸チラ・着替え 生々しく覗く無警戒な人妻の日常生活,OOMNVD-011,,2026-01-31,419分鐘,,ABC/妄想族,お母さん.com（ABC/妄想族）,,成熟的女人、苗條、母親、其他戀物癖、合集、4小時以上作品、DMM專屬、巨乳、妄想族、DMM獨家,風間ゆみ、初美沙希、山本美和子、阿部乃みく、水城奈緒、有村千佳、市来美保、村上涼子（中村りかこ、黒木菜穂）、青木玲、篠田あゆみ、北川エリカ、黒沢那智、藤江由恵、西川りおん、西澤百花、桜木美央、冴島かおり、北条麻妃、青山菜々、林ゆな、堀内秋美、水野朝陽、高梨あゆみ、吉永あかね、北堀舞、堀川奈美、矢部寿恵、波多野結衣、高月和花、杏美月、愛乃、青空小夏、相楽葵、愛菜、甲斐ミハル、桐岡さつき、春原未来、高岡すみれ、矢吹京子、青山祥子、加賀ゆり子、澤美レミ、小野里美、若林ひかる、宮田まり、廣野すみれ、大槻ひびき、三浦恵理子、立花紫保、藤原麻美、大野実花、春日もな、折原ゆかり、沢口みき、小早川怜子、小泉麻由、元山はるか、名城翠、藤下梨花、本真ゆり、荒木瞳、羽月希、伊織涼子、須藤早紀、七瀬ゆい（羽田未来）、本宮リカコ、櫻井夕樹、中野彩、松下美雪、立花みずき、桜みちる、北条美里、黒木麻衣（花野真衣、SHIHO）、二宮亜季、野原もも、中森玲子、松浦ユキ、大越はるか、北原夏美、ほしの菜実恵、梶原まゆ、秋川りお（美月このみ）、飯浜紀香、水元えり,https://www.javbus.com/OOMNVD-011,
SVS-029 【AIリマスター版】リピーター続出のパンスト美脚エステ,SVS-029 【AIリマスター版】リピーター続出のパンスト美脚エステ,SVS-029,,2025-09-15,243分鐘,,AVS collector’s,AVS collector’s AIリマスター,,其他戀物癖、合集、連褲襪、4小時以上作品、美容院、按摩、高畫質、DMM獨家,立木ゆりあ、綾女、小出遥、北原夏美、細川まり、橘未稀（石川麻矢）、流川純、大隈恵令奈（大隅恵令奈）、松嶋ルリ,https://www.javbus.com/SVS-029_2025-09-15,
JQRE-018 【AIリマスター】マドンナファンの集い 美熟女と行く混浴温泉バスツアー 4 翔田千里 友田真希 北原夏美 倖田李梨,JQRE-018 【AIリマスター】マドンナファンの集い 美熟女と行く混浴温泉バスツアー 4 翔田千里 友田真希 北原夏美 倖田李梨,JQRE-018,,2025-08-11,476分鐘,,マドンナ,Re:Madonna/AIリマスター,美熟女と行く混浴温泉バスツアー,成熟的女人、濫交、已婚婦女、纪录片、4小時以上作品、高畫質、温泉、DMM獨家,翔田千里、友田真希、北原夏美、倖田李梨（倖田美梨、岩下美季）、澤村レイコ（高坂保奈美、高坂ますみ）、青井マリ、中森玲子、小池絵美子、宮田まり、大林理恵（大林リエ）、小林芽衣（小林メイ）、松浦ユキ、岸川ひろみ、根元純,https://www.javbus.com/JQRE-018,
JQRE-023 【AIリマスター】極上美熟女のアナルファック大全8時間,JQRE-023 【AIリマスター】極上美熟女のアナルファック大全8時間,JQRE-023,,2025-07-08,479分鐘,,マドンナ,Re:Madonna/AIリマスター,極上美熟女のアナルファック大全,成熟的女人、合集、已婚婦女、4小時以上作品、高畫質、肛内中出、DMM獨家,石黒京香（黒木かえで）、澤村レイコ（高坂保奈美、高坂ますみ）、吉岡奈々子、志村玲子、松下ゆうか（愛乃彩音、藤咲ゆうか）、白鳥美鈴、北原夏美,https://www.javbus.com/JQRE-023,
KDMI-011 【AIリマスター版】完熟Cream Collection II 愛川咲樹 松浦ユキ 北原夏美,KDMI-011 【AIリマスター版】完熟Cream Collection II 愛川咲樹 松浦ユキ 北原夏美,KDMI-011,,2025-04-16,179分鐘,狂一,ミル,ミル,完熟Cream,成熟的女人、合集、連褲襪、屁股、高畫質、DMM獨家、水手服,愛川咲樹、松浦ユキ、北原夏美,https://www.javbus.com/KDMI-011_2025-04-16,
JDL-107 デジタルモザイク4部作 巨乳お母さん,JDL-107 デジタルモザイク4部作 巨乳お母さん,JDL-107,,2025-03-29,428分鐘,清水橋健太,ルビー,RUBY,,成熟的女人、母親、中出、4小時以上作品、高畫質、巨乳、DMM獨家,大橋ひとみ、北原夏美、翔田千里、織田真子,https://www.javbus.com/JDL-107,
OOMNVD-005 人妻達の日常風景 無防備チラリズムBEST 胸チラ・パンチラ 85名 7時間,OOMNVD-005 人妻達の日常風景 無防備チラリズムBEST 胸チラ・パンチラ 85名 7時間,OOMNVD-005,,2025-01-01,421分鐘,,ABC/妄想族,お母さん.com（ABC/妄想族）,,成熟的女人、合集、已婚婦女、偷窥、4小時以上作品、DMM專屬、妄想族、DMM獨家、內衣,翔田千里、矢部寿恵、北条美里、北原夏美、松本まりな、生田沙織、青山優花、沢口みき、中森玲子、内田美奈子、松嶋友里恵、松下美雪、松浦ユキ、加藤ツバキ（夏樹カオル）、希咲あや、弓束ちはや、結城みさ、荒木瞳、黒沢那智、三浦恵理子、小早川怜子、小町あかり、伊織涼子,https://www.javbus.com/OOMNVD-005,
P-017 【期間限定熟女パック】近親相姦パック,P-017 【期間限定熟女パック】近親相姦パック,P-017,,2024-08-08,78分鐘,,JUKUJO99,熟女パック,期間限定熟女パック,成熟的女人、母親、亂倫、中出、女上位、高畫質、巨乳、DMM獨家,篠田有里、北原夏美、尾野玲香,https://www.javbus.com/P-017_2024-08-08,
VHDX-006 【HD版・初配信】 VENUS15周年記念 解禁！初HD化作品 まるごと収録BOX 6 30作品 42時間15分,VHDX-006 【HD版・初配信】 VENUS15周年記念 解禁！初HD化作品 まるごと収録BOX 6 30作品 42時間15分,VHDX-006,,2024-05-28,2582分鐘,,VENUS,HDコンプリート,初HD化作品まるごと収録BOX,成熟的女人、合集、已婚婦女、中出、高畫質、DMM專屬、16時間以上作品、設置項目、巨乳、DMM獨家,長澤あずさ、村上涼子（中村りかこ、黒木菜穂）、鈴木さとみ、水元ゆうな、はるか悠、長谷川美紅、森ななこ、橘慶子、石原こと、音羽レオン、北条麻妃、阿利希キリア（阿利希カレラ）、柳田やよい、高島恭子、伊織涼子、風間ゆみ、星野あかり、北原夏美、沢渡紗織、加山なつこ、桐岡さつき、山口玲子、芹沢恋、佐藤みき（佐藤美紀、鈴木志帆）、松すみれ,https://www.javbus.com/VHDX-006,
VHDX-001 【HD版・初配信】 VENUS15周年記念 解禁！初HD化作品まるごと収録BOX 1 28作品 39時間,VHDX-001 【HD版・初配信】 VENUS15周年記念 解禁！初HD化作品まるごと収録BOX 1 28作品 39時間,VHDX-001,,2024-03-05,2405分鐘,,VENUS,HDコンプリート,,成熟的女人、合集、已婚婦女、中出、高畫質、DMM專屬、16時間以上作品、設置項目、巨乳、DMM獨家,桜庭怜香、吉岡奈々子、佐藤みき（佐藤美紀、鈴木志帆）、澤村レイコ（高坂保奈美、高坂ますみ）、村上涼子（中村りかこ、黒木菜穂）、艶堂しほり（遠藤しおり）、翔田千里、北原夏美、浅倉彩音、山湧ちさと、柳田やよい、根元純、滝川絵理子、白鳥美鈴、白川ゆり、桜みちる、細川まり、原小雪、長谷川美紅、橘エレナ、凛音涼子、香坂菫、北条麻妃、若林ひかる、鈴香音色,https://www.javbus.com/VHDX-001,
DOKS-195 【AIリマスター版】手を使わないフェラチオベスト4時間 Vol.2,DOKS-195 【AIリマスター版】手を使わないフェラチオベスト4時間 Vol.2,DOKS-195,,2024-01-15,240分鐘,松本性虫,OFFICE K’S,OFFICE K’S,手を使わないフェラチオ,口交、合集、4小時以上作品、高畫質,井川ゆい、白川ゆり、早見るり、艶堂しほり（遠藤しおり）、結城みさ、村上涼子（中村りかこ、黒木菜穂）、星優乃、浅井千尋、北原夏美、妃悠愛（長澤杏奈、水原里香、木崎祐子）,https://www.javbus.com/DOKS-195_2024-01-15,
DOKS-162 【AIリマスター版】手を使わないフェラチオ 6,DOKS-162 【AIリマスター版】手を使わないフェラチオ 6,DOKS-162,,2024-01-15,119分鐘,松本性虫,OFFICE K’S,OFFICE K’S,手を使わないフェラチオ,口交、其他戀物癖、已婚婦女、高畫質,井川ゆい、白川ゆり、結城みさ、篠原奈美、芦名紗希、北原夏美、浅井千尋,https://www.javbus.com/DOKS-162_2024-01-15,
JUMS-053 マドンナ20周年―。歴史を築き上げた伝説の女優100人24時間 Memorial Madonna Best 2004～2023,JUMS-053 マドンナ20周年―。歴史を築き上げた伝説の女優100人24時間 Memorial Madonna Best 2004～2023,JUMS-053,,2023-12-22,1440分鐘,,マドンナ,Madonna,,成熟的女人、合集、已婚婦女、高畫質、DMM獨家,和希優子、長谷川美紅、友田真希、吉川ゆう、矢部寿恵、伊島香織、秋野千尋、愛矢峰子、竹下千晶、さくらい葉菜、倉持結愛、青山葵、ティア、三浦恵理子、愛田奈々、北川エリカ、AIKA（三浦あいか）、青木玲、君島美香子（君島美香）、翔田千里、愛川咲樹、丸千香子、酒井ちなみ（紫葵）、水城奈緒、篠田ゆう、向井莉奈、白木優子、愛乃ゆな、織田真子、澤村レイコ（高坂保奈美、高坂ますみ）、佐藤みき（佐藤美紀、鈴木志帆）、折原ゆかり、時越芙美江、もちづきる美、椎名ゆな、結城みさ、樋口冴子（桐島千沙）、伊吹稟、青木美空、北原夏美、浜崎りお（森下えりか、篠原絵梨香）、向井藍、白石茉莉奈、北川みなみ、滝澤クリスタル、沙羅樹、神楽メイ、倉木小夜（村上美咲、樋口啓子）、篠原さゆり、村上涼子（中村りかこ、黒木菜穂）、広瀬奈々美（堀口奈津美）、城エレン、沖宮那美、木下凛々子、流川はる香、叶愛、葉山さゆり、KAORI、一乃あおい、神宮寺ナオ、笛木薫、君島みお、白花こう、末広純、栗山莉緒、石原希望、小松杏、金谷うの、本田瞳、藤かんな、上羽絢、愛弓りょう、長嶋沙央梨、佐々木あき、遥あやね、根尾あかり、夏目彩春、成宮いろは、牧原れい子、星野あかり、鮎川るい、紫彩乃、瞳リョウ、麻布レオナ、小池絵美子、風間ゆみ、森ほたる、水戸かな、安野由美、水原梨花、舞原聖、松村みをり、岡野美由紀、一色桃子、最上ゆり子、徳島えり、大島優香、吉瀬菜々子、加山なつこ,https://www.javbus.com/JUMS-053,
NASH-870 ねぇ、おばさんとセックスしてみない！？貴方の家の近くにもきっといる…硬くて大きなチ○ポを妄想してはヤれる男を探してるご近所不倫願望のエッチなおばさん,NASH-870 ねぇ、おばさんとセックスしてみない！？貴方の家の近くにもきっといる…硬くて大きなチ○ポを妄想してはヤれる男を探してるご近所不倫願望のエッチなおばさん,NASH-870,,2023-04-08,241分鐘,長澤純,なでしこ,Nadeshiko,,成熟的女人、已婚婦女、通姦、4小時以上作品、高畫質、戲劇、DMM獨家,北条麻妃、宮内雪菜、藍川京子、三峰かずこ、真崎陽子、北原夏美,https://www.javbus.com/NASH-870,
MGDV-023 【AIリマスター版】Dynamite Re-MiX 熟女×絶叫 16時間 狂乱SEX200連発！！,MGDV-023 【AIリマスター版】Dynamite Re-MiX 熟女×絶叫 16時間 狂乱SEX200連発！！,MGDV-023,,2023-01-11,951分鐘,,クリスタル映像,MEGA CRYSTAL,AIリマスター版（クリスタル映像）,成熟的女人、合集、已婚婦女、多P、4小時以上作品、高畫質、DMM獨家,中森玲子、高島恵、北原夏美、和光志穂、桜井咲子、及川ゆみり、真田ゆかり（葵のぞみ）、常盤みどり、白鳥美鈴,https://www.javbus.com/MGDV-023_2023-01-11,
JFB-305 Fitch15周年記念第3弾 人気女優50名以上収録！皆様に愛され続けた名作シリーズ抜きどころ満載の12時間BEST,JFB-305 Fitch15周年記念第3弾 人気女優50名以上収録！皆様に愛され続けた名作シリーズ抜きどころ満載の12時間BEST,JFB-305,,2022-12-16,720分鐘,,Fitch,Fitch,,蕩婦、合集、數位馬賽克、中出、高畫質、巨尻、巨乳、DMM獨家,村上涼子（中村りかこ、黒木菜穂）、坂本梨沙、風間ゆみ、青木りん、丸千香子、音海里奈、佐山愛、松本菜奈実、吹石れな、白木優子、永井マリア、深田えいみ、かなで自由、澁谷果歩、森ほたる、逢沢まりあ、桐谷なお、竹内瞳、三浦恵理子、北乃ちか、浜崎真緒、水野朝陽、桃園怜奈、瀬崎彩音、流田みな実、君島みお、八乃つばさ、美谷朱里、向井藍、KAORI、山本蓮加、篠田あゆみ、小早川怜子、吉川あいみ、三好亜矢、七草ちとせ、冨安れおな、篠田ゆう、優木いおり、波多野結衣、松坂美紀、小沢アリス、杏美月、八木あずさ、柚木彩華、音無かおり、北原夏美、さとう遥希、椎名ゆな、石黒樹里、瀬奈涼、浅倉彩音、高島恭子、春菜はな、本真ゆり、西條るり、綾川まどか、小向まな美、広瀬奈々美（堀口奈津美）、白川莉紗、加山なつこ、酒井ちなみ（紫葵）、芦沢彩乃、友田真希、浦田みらい、織田真子、細川まり、波風きら、橘ミオン（石川鈴華）、藤沢未央、翔田千里、北島玲、鏡麗子、仁科百華、根尾あかり,https://www.javbus.com/JFB-305,
JDL-076 近親相姦 デジタルモザイク4部作,JDL-076 近親相姦 デジタルモザイク4部作,JDL-076,,2022-06-04,483分鐘,清水橋健太,ルビー,RUBY,,成熟的女人、母親、亂倫、數位馬賽克、中出、DMM獨家,北原夏美、高橋りえ、村上涼子（中村りかこ、黒木菜穂）、三咲悠,https://www.javbus.com/JDL-076,
VSED-157 美人で自慢のお母さんと二人で出掛けた温泉旅行で無防備な母の裸体に興奮してしまい思わず犯してしまった人には言えない過ち 2,VSED-157 美人で自慢のお母さんと二人で出掛けた温泉旅行で無防備な母の裸体に興奮してしまい思わず犯してしまった人には言えない過ち 2,VSED-157,,2021-05-28,482分鐘,長澤純,シックスナイン,シックスナイン,美人で自慢のお母さんと二人で出掛けた温泉旅行で無防備な母の裸体に興奮してしまい思わず犯してしまった人には言えない過ち,成熟的女人、母親、亂倫、4小時以上作品、温泉、旅行,藤澤美織、七海ひさ代、井上綾子、北原夏美、咲良しほ、加山なつこ、武藤あやか、水野朝陽、春菜はな、八木あずさ、白鳥寿美礼、朝霧ゆう,https://www.javbus.com/VSED-157,
STDDT-065 【お得セット】まとめて抜ける！！ チンポいたぶり好き シリーズ 北原夏美 宮崎あい 川瀬さやか 翔田千里 友田真希 ささきふう香 天海ゆり さとう和香 SARINA,STDDT-065 【お得セット】まとめて抜ける！！ チンポいたぶり好き シリーズ 北原夏美 宮崎あい 川瀬さやか 翔田千里 友田真希 ささきふう香 天海ゆり さとう和香 SARINA,STDDT-065,,2021-03-25,343分鐘,ビーバップ・みのる,ドグマ,ドグマ（お得セット）,チンポいたぶり好き,OL、乳交、女上位、4小時以上作品、設置項目、巨乳、DMM獨家、打手槍,北原夏美、宮崎あい、川瀬さやか、翔田千里、SARINA、さとう和香、天海ゆり、ささきふう香、友田真希,https://www.javbus.com/STDDT-065,
HYAS-116 黒人に犯●れた日本人熟女たち 100人 強烈すぎるブラック巨根の快感！！,HYAS-116 黒人に犯●れた日本人熟女たち 100人 強烈すぎるブラック巨根の快感！！,HYAS-116,,2020-11-27,480分鐘,,ケイ・エム・プロデュース,100人,,成熟的女人、苗條、已婚婦女、凌辱、中出、高畫質、出軌、戲劇、巨乳、黑人演員,冴木真子、北村敏世、森下美緒、小野さち子、櫻井夕樹、松すみれ、澤村レイコ（高坂保奈美、高坂ますみ）、鏡麗子、星杏奈、柳田やよい、水沢真樹、瀬奈涼、管野しずか、村上涼子（中村りかこ、黒木菜穂）、蒼乃幸恵、桐岡さつき、紫彩乃、川上ゆう（森野雫）、北川瞳、有沢実紗、高島恭子、山本ちづこ、北条麻妃、北原夏美、若槻まどか、望月ゆみ、橘美沙、大林理恵（大林リエ）、関口梨乃、長沢小雪、吉岡奈々子、魚住優子、時越芙美江、加山なつこ、長谷川美紅、五十嵐しのぶ、牧原れい子、遥めぐみ、琥珀うた、小早川怜子、今亜理紗、夢野まりあ、小泉真希、星咲優菜、元山はるか、佐々木恋海（向井恋）、椎名ゆな、結城みさ、美堂かなえ、美泉咲、華原美奈子、翔田千里、白鳥寿美礼、七海ひさ代、羽月希、長澤あずさ、さとう遥希、愛原さえ、本庄瞳、矢部寿恵、霧島ゆかり、北川美緒、折原ゆかり、松本まりな、細川まり、内田美奈子、金城梨花、新山かえで、藤下梨花、時田こずえ,https://www.javbus.com/HYAS-116,
VSED-135 旦那の居ない昼下がり絶倫な甥っ子とセックスに明け暮れ何度も絶頂を繰り返したあの日,VSED-135 旦那の居ない昼下がり絶倫な甥っ子とセックスに明け暮れ何度も絶頂を繰り返したあの日,VSED-135,,2020-07-10,477分鐘,,シックスナイン,シックスナイン,,成熟的女人、亂倫、已婚婦女、花癡、4小時以上作品,村上涼子、小森愛、椿夏海、杉城かおる、鳴海遥子、森下夕子、手塚みや、島田響子、矢部寿恵、黒崎いずみ、北原夏美、北条麻妃,https://www.javbus.com/VSED-135,
HYAS-091 巨乳妻中出し100人8時間,HYAS-091 巨乳妻中出し100人8時間,HYAS-091,,2019-10-25,480分鐘,長澤純,ケイ・エム・プロデュース,100人,,成熟的女人、母親、胖女人、亂倫、已婚婦女、中出、4小時以上作品、婆婆、高畫質、超乳、巨乳,翔田千里、北原夏美、一条綺美香、小早川怜子、武藤あやか,https://www.javbus.com/HYAS-091,
VSED-120 旦那が出かけているスキに近所に住むイケメンを自宅に連れ込みセックスを楽しむイケナイ人妻たち 2,VSED-120 旦那が出かけているスキに近所に住むイケメンを自宅に連れ込みセックスを楽しむイケナイ人妻たち 2,VSED-120,,2019-07-08,239分鐘,,シックスナイン,シックスナイン,旦那が出かけているスキに近所に住むイケメンを自宅に連れ込み,成熟的女人、已婚婦女、通姦、中出、4小時以上作品、ビッチ,上島美都子、西城玲華、椿夏海、大森涼子、水野淑恵、北原夏美,https://www.javbus.com/VSED-120,
GIGL-554 濃厚なキスで欲情した母と息子の密着セックス,GIGL-554 濃厚なキスで欲情した母と息子の密着セックス,GIGL-554,,2019-06-28,240分鐘,長澤純,GIGOLO（ジゴロ）,GIGOLO,,和服・喪服、成熟的女人、母親、亂倫、中出、4小時以上作品、高畫質、戲劇,藤澤美織、七海ひさ代、井上綾子、北原夏美、加山なつこ、咲良しほ,https://www.javbus.com/GIGL-554,
NASH-098 重力に逆らえずだらしなく垂れ下がった熟女の乳房,NASH-098 重力に逆らえずだらしなく垂れ下がった熟女の乳房,NASH-098,,2019-06-28,239分鐘,長澤純,なでしこ,Nadeshiko,,成熟的女人、母親、胖女人、已婚婦女、戀乳癖、中出、4小時以上作品、高畫質,円城ひとみ、北原夏美、紅月ひかり,https://www.javbus.com/NASH-098,
JUSD-822 マドンナ歴代の超大作がここに集結ー。 美熟女オールスター夢の大共演BEST 8時間,JUSD-822 マドンナ歴代の超大作がここに集結ー。 美熟女オールスター夢の大共演BEST 8時間,JUSD-822,,2019-03-22,480分鐘,,マドンナ,Madonna,,成熟的女人、濫交、合集、已婚婦女、多P、數位馬賽克、4小時以上作品、DMM獨家,牧原れい子、艶堂しほり（遠藤しおり）、澤村レイコ（高坂保奈美、高坂ますみ）、有沢実紗、伊達紗弥、中森玲子、一色桃子、吉瀬菜々子、佐々木あき、三原ほのか、秋野千尋、西尾かおり、山本美和子、愛咲れいら（原千尋）、当真ゆき（桜井マミ）、横山みれい、柳田やよい、白木優子、上原亜衣、かなで自由、鈴木さとみ、黒川すみれ、美保結衣、澁谷果歩、三喜本のぞみ、水野朝陽、桜ちなみ、小早川怜子、森ななこ、中山理莉、菅野さゆき、水戸かな、遥あやね、友田真希、永井みひな、大浦真奈美、神波多一花、初美沙希、音無かおり、青木美空、桐岡さつき、広瀬奈々美（堀口奈津美）、伊織涼子、加山なつこ、北原夏美、川上ゆう（森野雫）、管野しずか、香坂澪、折原ゆかり、葉月奈穂（葉月菜穂）、細川まり、愛田奈々、風間ゆみ、翔田千里、村上涼子（中村りかこ、黒木菜穂）、城田るり、結城みさ、野間あんな、小森愛、星咲優菜、青山葵、暮町ゆうこ、矢部寿恵、七海ひさ代、神崎久美、竹下千晶、三浦恵理子、愛矢峰子、浅井舞香、大橋ひとみ、久保麗子、星野あかり,https://www.javbus.com/JUSD-822,
JUSD-810 マドンナが刻んだ人妻・熟女の歴史 15年間×売上TOP20=300作品 The Madonna Best 2004～2018,JUSD-810 マドンナが刻んだ人妻・熟女の歴史 15年間×売上TOP20=300作品 The Madonna Best 2004～2018,JUSD-810,,2018-12-16,1440分鐘,,マドンナ,Madonna,,成熟的女人、濫交、合集、各種職業、已婚婦女、數位馬賽克、16時間以上作品、DMM獨家,楠真由美、友崎亜希、友田真希、小池絵美子、風間今日子（風間恭子）、愛染恭子（青山涼子）、加賀雅、翔田千里、森下さやか、草凪純（加納瑞穂）、愛川咲樹、岡田裕美、沢田麗奈、風間ゆみ、立花沙織、増田ゆり子、青山ゆかり、あずま樹、真田ゆかり（葵のぞみ）、三上夕希、山口玲子、入江友子、松浦しのぶ、滝沢陽子、藤原キリカ、水城奈緒、水野さくら、吉川ゆう、加山なつこ、立花瞳、一ノ瀬由美、菊池エリ、鮎川るい、黒沢まりあ（七海りあ）、向井莉奈、里中亜矢子、小林みゆき、美月ゆう子（長瀬優子）、五月瑠美、黒木あげは、赤松由梨、藤谷牡丹、和希優子、酒井ちなみ（紫葵）、結城みさ、滝澤クリスタル、妃悠愛（長澤杏奈、水原里香、木崎祐子）、長谷川美紅、大塚咲（小野沙樹、大滝佐紀）、時越芙美江、伊吹稟、吉岡奈々子、神楽メイ、樋口冴子（桐島千沙）、牧原れい子、櫻井夕樹、川上ゆう（森野雫）、浜崎りお（森下えりか、篠原絵梨香）、森ななこ、成瀬心美（ここみ）、池田美和子、伊島香織、北原夏美、倖田李梨（倖田美梨、岩下美季）、西条麗、町村小夜子、鏡麗子、白鳥美鈴、志村玲子、宮崎彩香、山口珠理、芹沢もにか、広瀬奈々美（堀口奈津美）、南原香織、佐藤みき（佐藤美紀、鈴木志帆）、君島冴子（AOI.、村上葵）、倉木小夜（村上美咲、樋口啓子）、篠原さゆり、卯月杏、村上涼子（中村りかこ、黒木菜穂）、艶堂しほり（遠藤しおり）、澤村レイコ（高坂保奈美、高坂ますみ）、沙羅樹、瀬戸ゆうき、森本みう、城エレン、松岡紗幸、希崎圭蓮（杉本彩子）、赤坂ルナ、紫彩乃、須崎由奈、小沢あゆみ、神咲レイラ、君島美香子（君島美香）、花井ももか、坂下れい、星野彩香、君島怜子、星野ひとみ（星野瞳、山吹瞳）、秋本のり子、吉野碧、吉野藍、秋本絵梨、青木玲、高倉梨奈、麻布レオナ、遥あやね、星野あかり、岡野美由紀、希島あいり、松村みをり、阿部栞菜、吉瀬菜々子、ティア、森ほたる、長谷川秋子、もちづきる美、瞳リョウ、水戸かな、加藤英子、三浦恵理子、当真ゆき（桜井マミ）、吉澤留美、七海ひさ代、愛矢峰子、香坂澪、矢部寿恵、管野しずか、安野由美、波多野結衣、織田真子、宮部涼花、矢吹京子、石原莉奈、笛木薫、倉持結愛、竹下千晶、宮下ゆうこ、さくらい葉菜、松本まりな、仁科百華、折原ゆかり、秋野千尋、新井エリー（晶エリー、大沢佑香）、北条麻妃、青木美空、愛田奈々、初美沙希、暮町ゆうこ、愛乃ゆな、山本美和子、白木優子、青山葵、AIKA（三浦あいか）、羽月希、麻生早苗、秋川みなみ（沙倉みなみ）、河南実里、水野朝陽、桜ちなみ、小早川怜子、佐々木あき、吹石れな、埴生みこ、一色桃子、吉田花、中森いつき、成宮いろは、山本鈴、安西ひかり、松雪かなえ、加瀬かなこ、春菜はな、西野翔、橋本れいか、君島みお、徳島えり、北川エリカ、本田岬、大槻ひびき、原ちとせ、新山沙弥、たかせ由奈、最上ゆり子、本田莉子、三喜本のぞみ、KAORI、澁谷果歩、水原梨花、かすみ果穂、篠田あゆみ、西口あられ、夏目彩春、松井優子、白石すみれ、上原亜衣、大島優香,https://www.javbus.com/JUSD-810,
ABBA-407 センタービレッジ歴代女優ランキングベスト30 8時間,ABBA-407 センタービレッジ歴代女優ランキングベスト30 8時間,ABBA-407,,2018-11-15,485分鐘,,センタービレッジ,センタービレッジ,,成熟的女人、合集、4小時以上作品、高畫質,三浦恵理子、結城みさ、星杏奈、城エレン、北原夏美、北条麻妃、大橋ひとみ、笹山希、葵紫穂、音羽文子,https://www.javbus.com/ABBA-407,
GIGL-519 最近、女扱いされてなかった叔母さんはまだまだ子供と思っていた甥っ子でも発情されたらトキメキが止まらない,GIGL-519 最近、女扱いされてなかった叔母さんはまだまだ子供と思っていた甥っ子でも発情されたらトキメキが止まらない,GIGL-519,,2018-09-28,238分鐘,長澤純,GIGOLO（ジゴロ）,GIGOLO,,成熟的女人、亂倫、中出、4小時以上作品、高畫質、戲劇、巨乳,村上涼子（中村りかこ、黒木菜穂）、小森愛、椿夏海、杉城かおる、黒崎いずみ、北原夏美,https://www.javbus.com/GIGL-519,
NASS-921 地方の母と子 田舎の母子交尾 都会から隔離された山奥の村で背徳交尾に溺れる親子たち,NASS-921 地方の母と子 田舎の母子交尾 都会から隔離された山奥の村で背徳交尾に溺れる親子たち,NASS-921,,2018-09-14,240分鐘,,なでしこ,Nadeshiko,田舎の母子交尾,成熟的女人、母親、亂倫、已婚婦女、4小時以上作品、高畫質,吉澤清美（田村みゆき）、円城ひとみ、冴島ゆうり、松下美香、浅井舞香、北原夏美、近藤郁（近藤郁美）、大嶋しのぶ,https://www.javbus.com/NASS-921,
EMAF-466 浴衣美人100人 4時間,EMAF-466 浴衣美人100人 4時間,EMAF-466,,2018-08-17,240分鐘,清水橋健太,フォーディメンション/エマニエル,フォーディメンション（エマニエル）,,和服・喪服、成熟的女人、4小時以上作品、DMM獨家,横山みれい、結城みさ、桐岡さつき、矢部寿恵、村上涼子、KAORI、翔田千里、北原夏美、広瀬奈々美（堀口奈津美）、牧原れい子、三咲恭子、友田真希、鏡麗子、紫彩乃、円城ひとみ、上原千尋、三浦恵理子、七海ひさ代、神崎久美、大橋ひとみ、篠田あゆみ、中山香苗、吹石れな,https://www.javbus.com/EMAF-466,
POTS-002 女達のセンズリ鑑賞 勃起チ○ポに大興奮！4時間,POTS-002 女達のセンズリ鑑賞 勃起チ○ポに大興奮！4時間,POTS-002,,2018-05-18,240分鐘,ローション玉木,SPOT/エマニエル,SPOT/エマニエル,,成熟的女人、新娘、年輕妻子、4小時以上作品、DMM獨家、顏射、打手槍,細川まり、北原夏美、中森玲子、大堀香奈、西野エリカ、堀内秋美、宮野ゆかな、若菜みなみ、宮本ゆう,https://www.javbus.com/POTS-002,
MRXB-009 欲求不満が止まらない！熟女たちの濃密SEX総集編！,MRXB-009 欲求不満が止まらない！熟女たちの濃密SEX総集編！,MRXB-009,,2018-05-12,480分鐘,,MARX,MARX（マルクス兄弟）,欲求不満が止まらない！,成熟的女人、合集、已婚婦女、4小時以上作品、巨尻、DMM獨家,風間ゆみ、松本亜璃沙、南原香織、山口玲子、望月ゆみ、小林芽衣（小林メイ）、はるか悠、葉月奈穂（葉月菜穂）、北原夏美、松嶋侑里、松浦ユキ、竹内サキ,https://www.javbus.com/MRXB-009,
HIGH-062 混浴温泉の人妻たちに堂々と勃起チ●ポを見せつけ濃厚中出し,HIGH-062 混浴温泉の人妻たちに堂々と勃起チ●ポを見せつけ濃厚中出し,HIGH-062,,2018-03-20,12分鐘,,ハイライト,ハイライト,混浴温泉の人妻たちに堂々と勃起チ●ポを見せつけ濃厚中出し,獵豔、已婚婦女、姐姐、乳房、中出、高畫質,北原夏美、結城みさ、立花美里,https://www.javbus.com/HIGH-062,
EMAF-425 隣のおばさんがあの手この手で誘惑してくるので僕は…,EMAF-425 隣のおばさんがあの手この手で誘惑してくるので僕は…,EMAF-425,,2017-09-24,480分鐘,清水橋健太,フォーディメンション/エマニエル,フォーディメンション（エマニエル）,,蕩婦、成熟的女人、已婚婦女、中出、4小時以上作品、DMM獨家,北原夏美、遥花しいな、林原秀美、湯川美智子、高瀬杏、安野由美、広瀬奈々美（堀口奈津美）、水野淑恵、中嶋礼子、大森涼子、矢部寿恵、西城玲華、椿かなり、内村りな、水元恵梨香、西野エリカ、上島美都子、竹内梨恵,https://www.javbus.com/EMAF-425,
CVDX-273 夏の風物詩「打ち水」「夕立」「びちゃびちゃマ●コ」一気に5℃も冷やしちゃうマン汁潮吹き一斉放水！興奮しすぎて僕の体温5℃アップ！そして愚息は制御不能！30人4時間,CVDX-273 夏の風物詩「打ち水」「夕立」「びちゃびちゃマ●コ」一気に5℃も冷やしちゃうマン汁潮吹き一斉放水！興奮しすぎて僕の体温5℃アップ！そして愚息は制御不能！30人4時間,CVDX-273,,2017-08-17,242分鐘,,センタービレッジ,センタービレッジ,,成熟的女人、潮吹、4小時以上作品、高畫質,結城みさ、北原夏美、川上ゆう（森野雫）、澤村レイコ（高坂保奈美、高坂ますみ）,https://www.javbus.com/CVDX-273,
NASS-621 昭和エロス 熟女たちの性生活,NASS-621 昭和エロス 熟女たちの性生活,NASS-621,,2017-05-12,185分鐘,,なでしこ,Nadeshiko,,成熟的女人、合集、已婚婦女、花癡、戲劇、巨乳,風間ゆみ、望月加奈（松沢真理）、大沢萌、北原夏美、西沢麻里、岡安ひろみ、五十嵐しのぶ、美智子小夜曲,https://www.javbus.com/NASS-621,
NMDA-29 熟女の老舗ルビーが贈る特別企画12弾 母子交尾 ～男優が惚れた熟女BEST30 8時間～,NMDA-29 熟女の老舗ルビーが贈る特別企画12弾 母子交尾 ～男優が惚れた熟女BEST30 8時間～,NMDA-29,,2017-05-01,480分鐘,,ルビー,熟盛（ルビー）,母子交尾,成熟的女人、合集、4小時以上作品、温泉、DMM獨家,風間ゆみ、紫彩乃、翔田千里、北原夏美、結城みさ、大橋ひとみ,https://www.javbus.com/NMDA-29,
NASS-609 熟女 近親相姦,NASS-609 熟女 近親相姦,NASS-609,,2017-04-14,185分鐘,,なでしこ,Nadeshiko,,成熟的女人、合集、亂倫、已婚婦女、巨乳,倖田李梨（倖田美梨、岩下美季）、北原夏美、北谷静香、浅倉彩音、吉永静子、五十嵐しのぶ,https://www.javbus.com/NASS-609,
VSED-064 温泉で母の裸に勃起した息子、そのいきり立つチ○ポを優しく自身のマ○コに迎え入れる母 2,VSED-064 温泉で母の裸に勃起した息子、そのいきり立つチ○ポを優しく自身のマ○コに迎え入れる母 2,VSED-064,,2017-03-09,240分鐘,,シックスナイン,シックスナイン,温泉で母の裸に勃起した息子,成熟的女人、母親、亂倫、花癡、4小時以上作品、巨乳,村上涼子（中村りかこ、黒木菜穂）、北原夏美、吉澤清美（田村みゆき）、和田百美花、紅月ひかり、烏丸まどか,https://www.javbus.com/VSED-064,
HMD-008 喘ぎ我慢家庭内レイプ 寝取られた田舎で暮らす五十路母 身も心も犯され堕ち母4時間20人,HMD-008 喘ぎ我慢家庭内レイプ 寝取られた田舎で暮らす五十路母 身も心も犯され堕ち母4時間20人,HMD-008,,2017-02-25,242分鐘,,グローバルメディアエンタテインメント,ハイパーミックス（グローバルメディアエンタテインメント）,,成熟的女人、母親、亂倫、已婚婦女、數位馬賽克、中出、4小時以上作品、高畫質、出軌,北原夏美、神崎久美、井上綾子、和谷美園、豊嶋結子、紅月ひかり、水野淑恵、淡路富士子、竹原頼子、奈良絵美子,https://www.javbus.com/HMD-008,
EMAF-394 デカ乳首デカ乳輪熟女 8時間,EMAF-394 デカ乳首デカ乳輪熟女 8時間,EMAF-394,,2017-02-19,480分鐘,清水橋健太,フォーディメンション/エマニエル,フォーディメンション（エマニエル）,,成熟的女人、其他戀物癖、4小時以上作品、DMM獨家,北原夏美、愛あいり、近藤郁美、近藤郁（近藤郁美）,https://www.javbus.com/EMAF-394,
VIKG-191 官能草子 親友の母,VIKG-191 官能草子 親友の母,VIKG-191,,2017-02-15,120分鐘,倍王,STARPARADISE,バイキング,官能草子,成熟的女人、已婚婦女、女上位,北原夏美、藤原絵理香、桜田知佳子、山口杏子,https://www.javbus.com/VIKG-191,
EMAF-387 美しい熟女の美しい膣に生中出し 8時間,EMAF-387 美しい熟女の美しい膣に生中出し 8時間,EMAF-387,,2017-01-16,480分鐘,清水橋健太,フォーディメンション/エマニエル,フォーディメンション（エマニエル）,,成熟的女人、中出、4小時以上作品、DMM獨家,牧本千幸（つかもと友希）、翔田千里、澤村レイコ（高坂保奈美、高坂ますみ）、北原夏美,https://www.javbus.com/EMAF-387,
FABS-083 ヘンリー塚本 中年男女たちの禁断の愛のドラマ集２ 非道徳,FABS-083 ヘンリー塚本 中年男女たちの禁断の愛のドラマ集２ 非道徳,FABS-083,,2016-12-25,143分鐘,ヘンリー塚本,FAプロ,FAプレミアム,ヘンリー塚本中年男女たちの禁断の愛のドラマ集,成熟的女人、亂倫、已婚婦女、通姦、戲劇、DMM獨家,花宮あみ、倖田李梨（倖田美梨、岩下美季）、北原夏美、三咲恭子、星野あかり、手塚みや、荒木まい、熊谷麻美、広瀬奈々美（堀口奈津美）,https://www.javbus.com/FABS-083,
NASS-550 万引き常習女はセックス大好き女,NASS-550 万引き常習女はセックス大好き女,NASS-550,,2016-12-09,187分鐘,,なでしこ,Nadeshiko,,成熟的女人、合集、已婚婦女、花癡、巨乳,小池絵美子、北原夏美、浅井舞香、浅宮ゆかり、高島湊、鈴木加奈,https://www.javbus.com/NASS-550,
YLW-4389 止まらない性欲… 淫乱美熟女の濡れた日常,YLW-4389 止まらない性欲… 淫乱美熟女の濡れた日常,YLW-4389,,2016-11-30,240分鐘,たくま珍,MellowMoon（メロウムーン）,YellowMoon（イエロームーン）,,企畫、成熟的女人、花癡、4小時以上作品,翔田千里、北原夏美、町村あんな、紅月ひかり,https://www.javbus.com/YLW-4389,
EMAF-382 熟女200人 8時間,EMAF-382 熟女200人 8時間,EMAF-382,,2016-11-18,480分鐘,清水橋健太,フォーディメンション/エマニエル,フォーディメンション（エマニエル）,,蕩婦、成熟的女人、4小時以上作品、DMM獨家,澤村レイコ（高坂保奈美、高坂ますみ）、北原夏美、宮田かおる、白川ゆり、永井サツキ、浜崎真美,https://www.javbus.com/EMAF-382,
ABBA-318 童貞くん初めての相手は凄テク熟女 ベテラン男優が何度もイカされたスーパーエロテクで夢の童貞卒業50連発8時間,ABBA-318 童貞くん初めての相手は凄テク熟女 ベテラン男優が何度もイカされたスーパーエロテクで夢の童貞卒業50連発8時間,ABBA-318,,2016-10-20,485分鐘,,センタービレッジ,センタービレッジ,,成熟的女人、口交、乳交、合集、4小時以上作品、高畫質、處男、打手槍,北原夏美、風間ゆみ、紫彩乃、松下美香,https://www.javbus.com/ABBA-318,
NASS-497 ショック！夫が見た妻のファック現場,NASS-497 ショック！夫が見た妻のファック現場,NASS-497,,2016-09-09,187分鐘,,なでしこ,Nadeshiko,,成熟的女人、合集、已婚婦女、出軌,鮎川るい、瀬名涼子、桐原あずさ（伊藤あずさ）、加賀雅、北原夏美、竹内紗里奈、佐倉詩乃,https://www.javbus.com/NASS-497,
CVDX-235 「ダメッ、そんなにグイグイされたら、アンッてなっちゃいます…」トロ～ンと愛液が染み出す素人奥さんのマン毛丸見え食い込みパンティー大全集！！30人4時間,CVDX-235 「ダメッ、そんなにグイグイされたら、アンッてなっちゃいます…」トロ～ンと愛液が染み出す素人奥さんのマン毛丸見え食い込みパンティー大全集！！30人4時間,CVDX-235,,2016-09-08,243分鐘,,センタービレッジ,センタービレッジ,,成熟的女人、業餘、已婚婦女、4小時以上作品、高畫質、內衣,翔田千里、北原夏美、浅倉彩音、北条麻妃、三浦恵理子,https://www.javbus.com/CVDX-235,
FABS-077 非人道的セックス 眠らせてレイプ集,FABS-077 非人道的セックス 眠らせてレイプ集,FABS-077,,2016-08-21,250分鐘,ヘンリー塚本,FAプロ,FAプレミアム,,成熟的女人、胖女人、戲劇、巨乳、DMM獨家,川上ゆう（森野雫）、芽衣奈（南芽衣奈）、黒木小夜子（秀吉小夜子）、北原夏美、羽月希、上原優、夏海エリカ,https://www.javbus.com/FABS-077,
EMAF-369 隣のヤリマン奥さん 4時間,EMAF-369 隣のヤリマン奥さん 4時間,EMAF-369,,2016-07-31,240分鐘,清水橋健太,フォーディメンション/エマニエル,フォーディメンション（エマニエル）,,成熟的女人、已婚婦女、4小時以上作品、DMM獨家,北原夏美、西野エリカ、椿かなり、内村りな、広瀬奈々美（堀口奈津美）、水元恵梨香,https://www.javbus.com/EMAF-369,
FABS-074 女たちの昭和 しみじみとあの日あの時 好き者女たちの生きとし生ける日々… 女は卑しきもの、されど女体は愛おしき,FABS-074 女たちの昭和 しみじみとあの日あの時 好き者女たちの生きとし生ける日々… 女は卑しきもの、されど女体は愛おしき,FABS-074,,2016-07-25,293分鐘,ヘンリー塚本,FAプロ,FAプレミアム,女たちの昭和,成熟的女人、胖女人、已婚婦女、4小時以上作品、戲劇、巨乳、DMM獨家,白鳥るり、黒木小夜子（秀吉小夜子）、大沢萌、北原夏美、北谷静香、宮崎由麻、江波りゅう（RYU)、佐々木涼、一条綺美香、ましろあい、美智子小夜曲、浅井舞香、汝鳥すみか、桜瀬奈、稲森琴、愛川咲樹,https://www.javbus.com/FABS-074,
NMDA-17 母子交尾 監督が惚れた熟女BEST30 8時間,NMDA-17 母子交尾 監督が惚れた熟女BEST30 8時間,NMDA-17,,2016-07-04,480分鐘,,ルビー,熟盛（ルビー）,母子交尾,成熟的女人、4小時以上作品、DMM獨家,澤村レイコ（高坂保奈美、高坂ますみ）、北原夏美、石橋ゆう子、廣野すみれ,https://www.javbus.com/NMDA-17,
EMAF-364 四十路100人 8時間,EMAF-364 四十路100人 8時間,EMAF-364,,2016-07-01,480分鐘,清水橋健太,フォーディメンション/エマニエル,フォーディメンション（エマニエル）,,成熟的女人、其他戀物癖、4小時以上作品、DMM獨家,友田真希、翔田千里、北原夏美,https://www.javbus.com/EMAF-364,
FLOW-003 すけべ爺の女喰らい熟練交尾 第参章,FLOW-003 すけべ爺の女喰らい熟練交尾 第参章,FLOW-003,,2016-06-19,240分鐘,,不老仙人/エマニエル,不老仙人,すけべ爺の女喰らい熟練交尾,其他戀物癖、合集、亂倫、已婚婦女、4小時以上作品、DMM獨家,浜崎りお（森下えりか、篠原絵梨香）、北原夏美、雪見紗弥、桐岡さつき、春原未来、舞咲みくに,https://www.javbus.com/FLOW-003,
EMAF-360 息子と姦る母親 100人 8時間,EMAF-360 息子と姦る母親 100人 8時間,EMAF-360,,2016-05-30,473分鐘,清水橋健太,フォーディメンション/エマニエル,フォーディメンション（エマニエル）,,成熟的女人、亂倫、4小時以上作品、DMM獨家,牧本千幸（つかもと友希）、北原夏美、美原咲子、羽月希、三咲恭子、高島恭子、藤森綾子、鷹宮りょう,https://www.javbus.com/EMAF-360,
FABS-071 心に残り心に沁みるヘンリー塚本官能ポルノ のぞきスワッピング 傑作集,FABS-071 心に残り心に沁みるヘンリー塚本官能ポルノ のぞきスワッピング 傑作集,FABS-071,,2016-04-24,264分鐘,ヘンリー塚本,FAプロ,FAプレミアム,のぞきスワップ,成熟的女人、已婚婦女、花癡、戲劇、故事集、巨乳、DMM獨家,赤松由梨、麻倉みお、村上涼子（中村りかこ、黒木菜穂）、酒井ちなみ（紫葵）、北原夏美、永井智美、浅井舞香、坪倉史歩、仁科さゆり、菊島夕子、東条美菜,https://www.javbus.com/FABS-071,
MXM-039 息子に全てを捧げます… お母さんのねっとり絡みつく性教育 10人5時間,MXM-039 息子に全てを捧げます… お母さんのねっとり絡みつく性教育 10人5時間,MXM-039,,2016-01-29,310分鐘,,虎堂,MAXIM（虎堂）,,成熟的女人、母親、亂倫、4小時以上作品、巨乳,北原夏美、澤村レイコ（高坂保奈美、高坂ますみ）、中森玲子、時越芙美江、北澤瞳,https://www.javbus.com/MXM-039,
PYLD-248 夫の目の前で生徒に犯された五十路熟女,PYLD-248 夫の目の前で生徒に犯された五十路熟女,PYLD-248,,2015-12-28,240分鐘,,PileDriver,PileDriver,,成熟的女人、胖女人、巨乳、DMM獨家,里中亜矢子、北原夏美、佐藤みき（佐藤美紀、鈴木志帆）、浅倉彩音,https://www.javbus.com/PYLD-248,
OOMN-155 巨乳美熟女の日常生活 50名,OOMN-155 巨乳美熟女の日常生活 50名,OOMN-155,,2015-12-12,240分鐘,,ABC/妄想族,お母さん.com/ABC,,成熟的女人、合集、戀乳癖、內衣、巨乳、DMM獨家,松浦ユキ、大越はるか、七瀬ゆい（羽田未来）、北原夏美、小泉麻由、元山はるか、高月和花、名城翠、藤下梨花、三浦恵理子,https://www.javbus.com/OOMN-155,
NASS-344 7人の熟女たちが味わう悶絶セックス全集,NASS-344 7人の熟女たちが味わう悶絶セックス全集,NASS-344,,2015-11-27,186分鐘,,なでしこ,Nadeshiko,,成熟的女人、合集、已婚婦女、出軌,風間ゆみ、白坂百合、瀬名涼子、北原夏美、美河さき、北園梓、高島湊,https://www.javbus.com/NASS-344,
EMAF-331 美乳美熟女 40人 8時間,EMAF-331 美乳美熟女 40人 8時間,EMAF-331,,2015-10-18,480分鐘,清水橋健太,フォーディメンション/エマニエル,フォーディメンション（エマニエル）,,成熟的女人、乳房、4小時以上作品、巨乳、DMM獨家,北原夏美、南ありさ、藤木未央,https://www.javbus.com/EMAF-331,
RBB-063 セックスが大好き過ぎて仕方がないドスケベおばさんと気持ち良すぎるドスケベセックス16時間,RBB-063 セックスが大好き過ぎて仕方がないドスケベおばさんと気持ち良すぎるドスケベセックス16時間,RBB-063,,2015-10-17,960分鐘,,ROOKIE,ROOKIE,,成熟的女人、合集、花癡、中出、16時間以上作品、DMM獨家,五十川みどり、岩崎千鶴、藤木静子、蒼井リナ、富沢みすず、安野由美、井上綾子、杉崎千佳、桐島美奈子、船戸祥子、伊織涼子、有村さなえ、愛矢峰子、荒木瞳、天海ゆり、安部千秋、あづま樹、浅見香織、浅井舞香、内田美奈子、艶堂しほり（遠藤しおり）、青木美里、青木美空、あおい桜子、相原ひとみ、金沢文子、南波杏、君嶋かほり、山口珠理、寺崎泉、立花みずき、冴島ゆうり、桐岡さつき、木村はな、川嶋菜緒、折原ゆかり、秋山静香、青山葵、蒼乃幸恵、神崎久美、和田百美花、竹下千晶、菅野裕子、黒崎真純、生稲さゆり、井川香澄、藤谷真理、朝霧ゆう、園崎美弥、美原幸江、冴木真子、水野淑恵、進藤ふみえ、加山なつこ、寺島志保、馬場のぞみ、青木りかこ（明石翼）、愛樹るい、相澤かな、愛川咲樹、華山美玲、時越芙美江、広瀬ゆかり、石橋ゆう子、神野美緒、沙羅樹、伊藤美里、北原夏美、倖田李梨（倖田美梨、岩下美季）、八木あずさ、笛木薫,https://www.javbus.com/RBB-063,
YLW-4308 夏の疲れに熟女の癒し 美熟女大奉仕4時間,YLW-4308 夏の疲れに熟女の癒し 美熟女大奉仕4時間,YLW-4308,,2015-10-10,241分鐘,たくま珍,MellowMoon（メロウムーン）,YellowMoon（イエロームーン）,,成熟的女人、已婚婦女、乳房、4小時以上作品,草凪純（加納瑞穂）、村上涼子（中村りかこ、黒木菜穂）、翔田千里、望月ゆみ、北原夏美、真田友里、南ありさ、藤木未央、澤村美香、浅倉彩音、藤原絵理香,https://www.javbus.com/YLW-4308,
NASS-285 艶っぽい母親たち 成熟した女のふくよかな肉体,NASS-285 艶っぽい母親たち 成熟した女のふくよかな肉体,NASS-285,,2015-07-24,184分鐘,,なでしこ,Nadeshiko,,成熟的女人、野外・露出、合集、通姦、故事集、巨乳,黒木小夜子（秀吉小夜子）、大沢萌、北原夏美、浅井舞香、五十嵐しのぶ、東早苗、円城ひとみ,https://www.javbus.com/NASS-285,
KAGH-023 センズリ鑑賞4時間 チ●ポを見る人妻たちの顔は、SEXしてる時よりもエロい,KAGH-023 センズリ鑑賞4時間 チ●ポを見る人妻たちの顔は、SEXしてる時よりもエロい,KAGH-023,,2015-06-25,240分鐘,妻撮りの翁,AFRO-FILM,かぐや姫（AFRO-FILM）,,已婚婦女、4小時以上作品、高畫質、自慰、打手槍,結城みさ、加山なつこ、波多野結衣、大槻ひびき、浅井舞香、あいださくら、葵こはる（えりか）、未来ひかり、沢木りさ、住田みく、北原夏美,https://www.javbus.com/KAGH-023,
RBB-037 往年の熟女たちの淫らな性交 16時間,RBB-037 往年の熟女たちの淫らな性交 16時間,RBB-037,,2015-06-13,960分鐘,,ROOKIE,ROOKIE,,成熟的女人、合集、16時間以上作品、DMM獨家,風間ゆみ、紫彩乃、川上ゆう（森野雫）、坂本梨沙、志村玲子、佐藤みき（佐藤美紀、鈴木志帆）、艶堂しほり（遠藤しおり）、結城みさ、星野あかり、浅井舞香、真下礼子、細川まり、星杏奈、長谷川美紅、瞳リョウ、樋口冴子（桐島千沙）、葉月奈穂（葉月菜穂）、七海ひさ代、町村小夜子、美原咲子、宮部涼花、有沢実紗、広瀬奈々美（堀口奈津美）、小池絵美子、友田真希、北条麻妃、神崎久美、南原香織、本庄瞳、時越芙美江、美神さゆり、大橋ひとみ、優木明日花、山口珠理、明星ちかげ、近澤まゆみ、立花みずき、桐岡さつき、酒井ちなみ（紫葵）、光月夜也（林絵里）、秋野千尋、椎名ゆな、桜みちる、小森愛、山口玲子、三浦恵理子、浅倉彩音、矢部寿恵、中森玲子、澤村レイコ（高坂保奈美、高坂ますみ）、北原夏美、加山なつこ、新村まり子、橘エレナ、竹内紗里奈、松本まりな、上原千尋、横山みれい、松嶋友里恵、暮町ゆうこ、折原ゆかり、江原あけみ（美輪ちあき）、宇佐美奈々、伊島香織、伊織涼子、岩崎千鶴、青木美空、翔田千里,https://www.javbus.com/RBB-037,
KAGH-015 WORKER人妻4時間 汗で蒸れた完熟マ●コに勃起棒を生インサ～ト,KAGH-015 WORKER人妻4時間 汗で蒸れた完熟マ●コに勃起棒を生インサ～ト,KAGH-015,,2015-04-25,240分鐘,妻撮りの翁,AFRO-FILM,かぐや姫（AFRO-FILM）,,成熟的女人、已婚婦女、中出、4小時以上作品、高畫質,北原夏美、中森玲子、結城みさ、大槻ひびき、あいださくら、立花美里、沢木りさ、住田みく,https://www.javbus.com/KAGH-015,
NASS-237 狂い咲く 不倫に燃え上がる熟女たち,NASS-237 狂い咲く 不倫に燃え上がる熟女たち,NASS-237,,2015-04-24,191分鐘,,なでしこ,Nadeshiko,,成熟的女人、已婚婦女、通姦,望月加奈（松沢真理）、北原夏美、浅井舞香、北園梓、西城玲華、天野小雪,https://www.javbus.com/NASS-237,
RBB-023 肉棒を包み込む最高の口淫 美熟女の優しく丁寧なフェラチオ16時間,RBB-023 肉棒を包み込む最高の口淫 美熟女の優しく丁寧なフェラチオ16時間,RBB-023,,2015-04-16,960分鐘,,ROOKIE,ROOKIE,,成熟的女人、口交、姐姐、新娘、年輕妻子、DMM獨家,川上ゆう（森野雫）、浅倉彩音、大堀香奈、矢部寿恵、森ななこ、菅野さゆき、倉多まお、白木優子、小早川怜子、浅之美波、牧原れい子、乃亜（鳥越乃亜）、稲川なつめ、卯水咲流、本田岬、夏目彩春、新山かえで、青木美空、椎名ゆな、松本まりな、君島冴子（AOI.、村上葵）、北島玲、南紗穂、吉永あかね、羽月希、三浦恵理子、長谷川美紅、小向まな美、上原保奈美、今井ひろの、矢吹京子、柚希あおい、堀内秋美、横山夏希、笠木忍、北条麻妃、北原夏美、織田真子、艶堂しほり（遠藤しおり）、澤村レイコ（高坂保奈美、高坂ますみ）、大橋ひとみ、波多野結衣、今井美鈴、寺崎泉、森沢かな（飯岡かなこ）、二宮沙樹、西野翔、中森玲子、結城みさ、仲丘たまき（片岡まきな）、美泉咲、篠田あゆみ、北川エリカ、大場ゆい、新堂綾乃、風間ゆみ、JULIA、西條るり、沖田杏梨、秋吉ひな、佐山愛、広瀬奈々美（堀口奈津美）、瞳リョウ、星野あかり、保坂えり、山本美和子、小川あさ美、佐藤みき（佐藤美紀、鈴木志帆）、本田莉子、春菜はな、横山みれい、青木りん、青木玲,https://www.javbus.com/RBB-023,
RBB-009 高画質 SEXが大好き過ぎて淫乱な雰囲気ただよう ドスケベ熟女16時間,RBB-009 高画質 SEXが大好き過ぎて淫乱な雰囲気ただよう ドスケベ熟女16時間,RBB-009,,2015-02-15,960分鐘,,ROOKIE,ROOKIE,,成熟的女人、潮吹、合集、花癡、高畫質、DMM獨家,風間ゆみ、牧原れい子、芦名未帆（稲森しほり）、北条麻妃、北原夏美、美原咲子、JULIA、杏美月、愛田奈々、森沢かな（飯岡かなこ）、本田莉子、川上ゆう（森野雫）、青山菜々、西條るり、星野あかり、神波多一花、翔田千里、澤村レイコ（高坂保奈美、高坂ますみ）、有沢実紗、本庄瞳、長谷川美紅、白木優子、波多野結衣、椎名ゆな、友田真希、矢部寿恵、七海ひさ代、大橋ひとみ、浅倉彩音、浅井舞香、森ななこ、織田真子、松嶋友里恵、松下美雪、小早川怜子、篠田あゆみ、志村玲子、山本美和子、艶堂しほり（遠藤しおり）、中森玲子、大場ゆい、三浦恵理子、佐藤みき（佐藤美紀、鈴木志帆）、江波りゅう（RYU)、結城みさ、桐岡さつき、加藤ツバキ（夏樹カオル）、音無かおり、横山みれい、一条綺美香,https://www.javbus.com/RBB-009,
SWAC-016 強制イラマ咽喉270分,SWAC-016 強制イラマ咽喉270分,SWAC-016,,2015-01-18,270分鐘,,湘南/妄想族,湘南/妄想族,,口交、深喉、拘束、凌辱、4小時以上作品、DMM獨家,浅間アリス（黒川メイサ）、辻さき、朝倉ことみ、哀川りん、紗奈、一戸のぞみ、北原夏美、浅田ちち、小日向しおり、澄川ロア、加山なつこ、風間ゆみ、阿部菜津子（福山洋子、織原寧々）、今村美穂、和久井もも,https://www.javbus.com/SWAC-016,
EMAF-296 熟女200人抜き放題 8時間,EMAF-296 熟女200人抜き放題 8時間,EMAF-296,,2015-01-18,480分鐘,清水橋健太,フォーディメンション/エマニエル,フォーディメンション（エマニエル）,,成熟的女人、合集、DMM獨家,吹雪しおり、矢部寿恵、時越芙美江、北原夏美、村上涼子（中村りかこ、黒木菜穂）,https://www.javbus.com/EMAF-296,
DBR-84 2014年下半期RUBY年鑑 Vol.6 旅と温泉に映える熟女たち,DBR-84 2014年下半期RUBY年鑑 Vol.6 旅と温泉に映える熟女たち,DBR-84,,2014-12-18,240分鐘,CHIKABUN,ルビー,RUBY,ルビー年鑑,成熟的女人、合集、4小時以上作品、高畫質,坪井富美、伊原詩織、手塚みや、小森愛、北原夏美、翔田千里,https://www.javbus.com/DBR-84,
SWAC-013 強制連続発射させられちゃった 4時間,SWAC-013 強制連続発射させられちゃった 4時間,SWAC-013,,2014-12-12,240分鐘,,湘南/妄想族,湘南/妄想族,,蕩婦、DMM獨家、打手槍,有賀知弥、花野心、早川瀬里奈、葉月奈穂（葉月菜穂）、広瀬奈々美（堀口奈津美）、松浦ユキ、浜崎りお（森下えりか、篠原絵梨香）、鮎川なお、新井エリー（晶エリー、大沢佑香）、風間ゆみ、葉月紗絢、鷹宮りょう、澤村レイコ（高坂保奈美、高坂ますみ）、小坂めぐる、北原夏美、黒木麻衣（花野真衣、SHIHO）,https://www.javbus.com/SWAC-013,
OOMN-123 フェラをしたがる母親達 厳選集,OOMN-123 フェラをしたがる母親達 厳選集,OOMN-123,,2014-12-12,240分鐘,,ABC/妄想族,お母さん.com/ABC,フェラをしたがる母親達,成熟的女人、母親、口交、合集、亂倫、DMM獨家,桜木美央、松嶋友里恵、小早川怜子、折原ゆかり、稲川なつめ、波多野結衣、矢部寿恵、北原夏美、澤村レイコ（高坂保奈美、高坂ますみ）、町村小夜子、大橋ひとみ、篠田あゆみ、青木玲、川上ゆう（森野雫）、堀内秋美、水野朝陽、長瀬涼子、青山菜々、北川エリカ、三浦恵理子、宮瀬リコ、高月和花、名城翠、島谷愛、高梨あゆみ、吉永あかね、横山みれい、桐岡さつき、生田沙織、竹内奈々子、成田レミ、内田美奈子、加賀ゆり子、新尾きり子、宇喜多かすみ、藤森綾子、桜みちる、小向まな美、北澤瞳、愛菜、希咲あや、北条美里、加藤なお、柳田やよい、河合律子、葉月奈穂（葉月菜穂）、木村よしの、中森玲子、細川まり、浅田ちち,https://www.javbus.com/OOMN-123,
RKI-378 思いのママ、気の向くママ、本能のおもむくママに美熟女のほっこり優しいSEX16時間,RKI-378 思いのママ、気の向くママ、本能のおもむくママに美熟女のほっこり優しいSEX16時間,RKI-378,,2014-11-15,960分鐘,,ROOKIE,ROOKIE,,成熟的女人、合集、巨乳、DMM獨家,今井美鈴、宮本紗央里、三浦恵理子、小早川怜子、松本まりな、椎名ゆな、西條るり、北条麻妃、樋口冴子（桐島千沙）、翔田千里、桐岡さつき、稲川なつめ、竹内紗里奈、中森玲子、江波りゅう（RYU)、菅野さゆき、佐藤みき（佐藤美紀、鈴木志帆）、JULIA、白木優子、暮町ゆうこ、織田真子、風間ゆみ、牧原れい子、森ななこ、北島玲、艶堂しほり（遠藤しおり）、大橋ひとみ、矢部寿恵、君島冴子（AOI.、村上葵）、澤村レイコ（高坂保奈美、高坂ますみ）、波多野結衣、北原夏美、有沢実紗,https://www.javbus.com/RKI-378,
JFB-078 ムッチリ美女大集合！ハミ出し水着全作品集12時間,JFB-078 ムッチリ美女大集合！ハミ出し水着全作品集12時間,JFB-078,,2014-10-25,720分鐘,,Fitch,Fitch,ハミ出し水着（Fitch）,成熟的女人、合集、戀乳癖、數位馬賽克、泳裝、DMM獨家,あきな、漣ゆめ、片岡梨沙、愛あいり、仁科百華、浅倉彩音、中森玲子、北原夏美、小池絵美子、風間ゆみ、高島恭子、波風きら、鈴香音色、瀬奈涼,https://www.javbus.com/JFB-078,
SWAC-005 パイズリ50人4時間,SWAC-005 パイズリ50人4時間,SWAC-005,,2014-10-13,240分鐘,,湘南/妄想族,湘南/妄想族,,乳交、戀乳癖、巨乳、DMM獨家,藤内麻美、愛内ゆう、福山優、青山ゆい、青木りん、はるか悠、黒木麻衣（花野真衣、SHIHO）、浜崎りお（森下えりか、篠原絵梨香）、妃乃ひかり、秋川りお（美月このみ）、ERIKA（モカ、MOKA）、若槻尚美、吉沢みなみ、山崎まりあ、村上涼子（中村りかこ、黒木菜穂）、宮崎あい、南沙也香、あいぶらん（蜜井とわ）、松金めぐみ、翼裕香、牧野くるみ、中森玲子、中村綾乃、中野愛里、水森あおい、間宮志乃、秋瀬ルミ、須真杏里（須真杏理）、鈴香音色、白鳥美鈴、里中あきな、早乙女美奈子、佐伯奈々、小坂めぐる、黒木みらい、北原夏美、風間ゆみ、阿部菜津子（福山洋子、織原寧々）、浅倉彩音、辻さき、橘なお（上原海里）、大島あいる、伊沢美春（伊沢美晴）、安堂ゆう、新垣紗絵、彩名杏子、浅乃ハルミ、浅田ちち、朝倉まりあ、大西ちか,https://www.javbus.com/SWAC-005,
MXSPS-359 魅惑のクイーン50人！ ボンテージだらけのSM（秘）倶楽部スペシャル 10時間,MXSPS-359 魅惑のクイーン50人！ ボンテージだらけのSM（秘）倶楽部スペシャル 10時間,MXSPS-359,,2014-09-16,599分鐘,,マキシング,MAXING,魅惑のクイーン13人！ボンテージだらけのSM（秘）倶楽部,SM、合集、性奴、4小時以上作品、緊縛,吉沢明歩、三浦亜沙妃、佐藤江梨花、かすみ果穂、桐原あずさ（伊藤あずさ）、紅月ルナ、芦名未帆（稲森しほり）、nao.（小池ひとみ）、妃乃ひかり、水元ゆうな、水沢のの、愛沢かりん、由愛可奈、二宮ナナ、あすかりの（柴咲あや）、上村優子、北原夏美、成瀬心美（ここみ）、松本メイ、相庭ココ、さくらじゅり、森ななこ、綾瀬みう、高嶺さゆり、千堂ゆりあ、大島彩、椎名ゆな、ましろ杏、水野碧、愛原さえ、小沢アリス、向坂美々、紺野美奈子、広田さくら、横山美雪、つぼみ、クリス小澤、乙音奈々、小阪れおん、椎名ひかる、長澤あずさ、月野りさ、立花さや、前嶋美歩、大塚咲（小野沙樹、大滝佐紀）、木下柚花、藤井レイナ、春咲あずみ,https://www.javbus.com/MXSPS-359,
EMAF-280 母と息子の温泉旅行～日常から解き放された母と息子はドス黒い欲望を剥き出しにして、獣のように本能の赴くまま、昼も夜も、何度も何度も快楽を貪る～,EMAF-280 母と息子の温泉旅行～日常から解き放された母と息子はドス黒い欲望を剥き出しにして、獣のように本能の赴くまま、昼も夜も、何度も何度も快楽を貪る～,EMAF-280,,2014-08-29,239分鐘,清水橋健太,フォーディメンション/エマニエル,フォーディメンション（エマニエル）,,成熟的女人、母親、亂倫、DMM獨家,島村倫子、根元純、桜井あずさ、北原夏美,https://www.javbus.com/EMAF-280,
RLOJ-028 人妻熟女スペシャル40人 4時間,RLOJ-028 人妻熟女スペシャル40人 4時間,RLOJ-028,,2014-08-04,241分鐘,,マニアゼロ,乱熟（乱熟）,,成熟的女人、已婚婦女、4小時以上作品,白鳥聖子、白川ゆり、羽鳥澄香、華山美玲、北条美里、河合律子、美原咲子、北原夏美、吉岡奈々子、南原香織、桜みちる、三咲恭子、山口智美、七瀬ゆい（羽田未来）、松浦ユキ、細川まり、橘エレナ、結城みさ、澤村レイコ（高坂保奈美、高坂ますみ）、高島恭子、根元純、佐藤みき（佐藤美紀、鈴木志帆）、城エレン、真田友里、瀬戸ありさ、柳田やよい、牧野遥、浅倉彩音、早見るり、中村綾乃、中野彩、藤森綾子、内田美奈子、星杏奈、友田真希,https://www.javbus.com/RLOJ-028,
OOMN-107 美熟女着替え 100名,OOMN-107 美熟女着替え 100名,OOMN-107,,2014-07-27,239分鐘,,ABC/妄想族,お母さん.com/ABC,,成熟的女人、母親、合集、戀乳癖、巨乳、DMM獨家,堀川奈美、小早川怜子、来杉弓香、相田紀子、松本まりな、元山はるか、小泉麻由、七瀬ゆい（羽田未来）、松浦ユキ、小橋早苗、坂田美影、鮎川るい、新尾きり子、押尾伸子、加藤ツバキ（夏樹カオル）、志村和美、宇喜多かすみ、鷹宮りょう、生田沙織、北園梓、藤森綾子、美里このみ、有永すずか、速水静香、羽川佳美、みはる雫、橘実加、花村いづみ、飯倉美奈子、秋川真理、美月祥子、丘美和子、櫻井夕樹、中野彩、石田みちる、五十川みどり、湯沢多喜子、大友唯愛、大越はるか、北村みどり、中峰さゆり、葛城えみ、蓮見梨沙、真野沙代、秋野夕日、中村綾乃、美原咲子、藤原絵理香、加藤なお、黒木麻衣（花野真衣、SHIHO）、若林ひかる、小林芽衣（小林メイ）、藤木未央、小鳥遊恋（高梨恋子）、中森玲子、北原夏美、仲田絵理、椿美羚、翔田千里、島谷愛、青空小夏、湯川美智子、春日もも、前田優希、白鳥寿美礼、石倉えいみ、山本美和子、希本なつ美、愛乃、杏美月、山河ほたる、高月和花、矢部寿恵、大島あいる、本真ゆり、宮瀬リコ、愛菜、羽月希、風見なな、桐岡さつき、青山祥子、平山薫、竹内奈々子、成田レミ、三原慶子、内田美奈子、保坂友利子、音原恭子、雨宮真貴、小出遥、楢崎かほり、南レイ、中園貴代美、柴田かすみ、荒木瞳、木咲美琴、本多かなめ、仁科さゆり、甲斐ミハル、希咲あや,https://www.javbus.com/OOMN-107,
FABS-041 昭和 心揺さぶる官能ドラマ 母と未亡人の昭和/人妻たちの昭和,FABS-041 昭和 心揺さぶる官能ドラマ 母と未亡人の昭和/人妻たちの昭和,FABS-041,,2014-07-20,282分鐘,ヘンリー塚本,FAプロ・プラチナ,FAプレミアム,昭和,成熟的女人、母親、已婚婦女、4小時以上作品、戲劇、故事集、DMM獨家,真琴さや（織峰さや）、白雪蓮、愛川咲樹、岡安ひろみ、菜月綾（水来亜矢）、北原夏美、倖田李梨（倖田美梨、岩下美季）、酒井ちなみ（紫葵）、里中亜矢子、風間ゆみ、美智子小夜曲、五十嵐しのぶ、仲西彩子、若菜あゆみ,https://www.javbus.com/FABS-041,
FABS-043 昭和 心揺さぶる官能ドラマ 美しき嫁たちの昭和/セックスと女たちの昭和,FABS-043 昭和 心揺さぶる官能ドラマ 美しき嫁たちの昭和/セックスと女たちの昭和,FABS-043,,2014-07-20,272分鐘,ヘンリー塚本,FAプロ・プラチナ,FAプレミアム,昭和,成熟的女人、母親、已婚婦女、4小時以上作品、戲劇、故事集、巨乳、DMM獨家,本間香、春名れい、田辺香織、高根綾、岡安ひろみ、安藤沙耶佳、星沢レナ、宮地奈々、水沢ほたる、桜たまき、江波りゅう（RYU)、高島湊、なつみ、高峰千鶴、北原夏美,https://www.javbus.com/FABS-043,
HYAS-014 熟年近親相姦 100人8時間,HYAS-014 熟年近親相姦 100人8時間,HYAS-014,,2014-07-18,484分鐘,,ケイ・エム・プロデュース,100人,100人8時間,成熟的女人、合集、亂倫、中出、4小時以上作品,蒼乃幸恵、さくらい葉菜、加藤なお、川島めぐみ、藤森綾子、矢部寿恵、高島恭子、澤村レイコ（高坂保奈美、高坂ますみ）、里中亜矢子、紫彩乃、滝沢さゆり、久保麗子、松嶋友里恵、美神さゆり、北原夏美、折原ゆかり、大嶋しのぶ、小早川怜子、時越芙美江、中園貴代美、神崎久美,https://www.javbus.com/HYAS-014,
AMRD-012 アモーレ熟女・人妻16作品4時間,AMRD-012 アモーレ熟女・人妻16作品4時間,AMRD-012,,2014-07-15,242分鐘,,マニアゼロ,AMORE,,成熟的女人、合集、已婚婦女、4小時以上作品,羽鳥澄香、伊織涼子、稲森ケイト、藤森綾子、浅倉彩音、美原咲子、桜みちる、北原夏美、佐藤みき（佐藤美紀、鈴木志帆）、翔田千里、橘エレナ、結城みさ、水嶋あい,https://www.javbus.com/AMRD-012,
EMAC-051 近親相姦 息子に中出しされた24人の恥母DX 4時間,EMAC-051 近親相姦 息子に中出しされた24人の恥母DX 4時間,EMAC-051,,2014-06-29,240分鐘,,DX/エマニエル,DX（エマニエル）,息子に中出しされた12人の恥母,成熟的女人、合集、亂倫、已婚婦女、中出、DMM獨家,白川ゆり、四季彩乃、根元純、浅倉彩音、北条美里、河合律子、佐藤みき（佐藤美紀、鈴木志帆）、澤村レイコ（高坂保奈美、高坂ますみ）、瀬戸ゆうき、吉澤レイカ、北原夏美、松浦ユキ、桜みちる、羽鳥澄香、翔田千里、山口美花、立花みずき、早見るり、高島恭子、結城みさ,https://www.javbus.com/EMAC-051,
RLOJ-027 夢の近親相姦！息子の勃起チ○ポに興奮して「赤ちゃんできちゃうから、ダメ！」と言いながら中出しさせてくれる母親たち24人4時間,RLOJ-027 夢の近親相姦！息子の勃起チ○ポに興奮して「赤ちゃんできちゃうから、ダメ！」と言いながら中出しさせてくれる母親たち24人4時間,RLOJ-027,,2014-06-15,241分鐘,,マニアゼロ,乱熟（乱熟）,,成熟的女人、合集、亂倫、中出、4小時以上作品,根元純、浅倉彩音、北原夏美、佐藤みき（佐藤美紀、鈴木志帆）、山口美花、澤村レイコ（高坂保奈美、高坂ますみ）、瀬戸ゆうき、松浦ユキ、翔田千里、吉澤レイカ、早見るり、白川ゆり、四季彩乃、北条美里、河合律子、高島恭子、立花みずき、羽鳥澄香、桜みちる、結城みさ,https://www.javbus.com/RLOJ-027,
EMAC-050 熟年夫婦15組の秘密スワップパーティで夫の前で他人のチ○ポを咥え、手コキでドピュドピュと発射させた男汁をむしゃぶる肉欲熟女たち,EMAC-050 熟年夫婦15組の秘密スワップパーティで夫の前で他人のチ○ポを咥え、手コキでドピュドピュと発射させた男汁をむしゃぶる肉欲熟女たち,EMAC-050,,2014-05-30,240分鐘,,DX/エマニエル,DX（エマニエル）,,成熟的女人、口交、已婚婦女、4小時以上作品、打手槍,根元純、仲田絵理、北原夏美、河合律子、君島英里奈、森貴代美、石橋ゆう子、稲森琴、木村真子、白鳥寿美礼、真矢恭子、三井彩子,https://www.javbus.com/EMAC-050,
AST-37 熟尻母30尻［ケツ］4時間30人,AST-37 熟尻母30尻［ケツ］4時間30人,AST-37,,2014-05-26,240分鐘,矢野口進,ルビー,Treasure（ルビー）,,成熟的女人、屁股,北原夏美、志村玲子、村上涼子（中村りかこ、黒木菜穂）、浅倉彩音、澤村レイコ（高坂保奈美、高坂ますみ）,https://www.javbus.com/AST-37,
NASS-133 中年男たちに捧げる熟れた女のおっぱい,NASS-133 中年男たちに捧げる熟れた女のおっぱい,NASS-133,,2014-05-23,198分鐘,,なでしこ,Nadeshiko,,成熟的女人、母親、已婚婦女、戲劇、巨乳,黒沢那智、加納栞、根本あきこ、二岡ゆり、沢村麻耶、北条アミ、北原夏美、風間ゆみ,https://www.javbus.com/NASS-133,
LHJF-852 いやらしい熟女たちがド淫語で鬼コキ！,LHJF-852 いやらしい熟女たちがド淫語で鬼コキ！,LHJF-852,,2014-05-13,121分鐘,,マニアゼロ,F’OXY,,成熟的女人、淫語、已婚婦女、打手槍,根元純、河合律子、北原夏美、石橋ゆうこ、白鳥寿美礼、山本美和子、木村真子、藤沢芳恵、真矢恭子、稲森琴、君島英里奈、三井彩子,https://www.javbus.com/LHJF-852,
KAGS-051 パンツから取り出した途端、部屋に立ち込めるイカ臭チンポセンズリ鑑賞！あまりの臭さに頭がクラクラして糸引く精子にうっとりする人妻たち,KAGS-051 パンツから取り出した途端、部屋に立ち込めるイカ臭チンポセンズリ鑑賞！あまりの臭さに頭がクラクラして糸引く精子にうっとりする人妻たち,KAGS-051,,2014-05-02,139分鐘,石川出水,AFRO-FILM,赫夜姫映像,,獵豔、其他戀物癖、已婚婦女、高畫質,浅井舞香、加山なつこ、加藤ツバキ（夏樹カオル）、北原夏美、波多野結衣、結城みさ,https://www.javbus.com/KAGS-051,
KAGS-050 温泉旅行中のS級人妻は癒しを求めてるので確実にヤれる！こっそりゴムを外し、生ザーメンを子宮にブチ撒けられちゃう言いなり美人妻,KAGS-050 温泉旅行中のS級人妻は癒しを求めてるので確実にヤれる！こっそりゴムを外し、生ザーメンを子宮にブチ撒けられちゃう言いなり美人妻,KAGS-050,,2014-05-02,140分鐘,石川出水,AFRO-FILM,赫夜姫映像,,和服・喪服、獵豔、已婚婦女、中出、高畫質、立即口交,加山なつこ、結城みさ、北原夏美、立花美里,https://www.javbus.com/KAGS-050,
SCF-056 母と息子の近親相姦 88人のママ12時間,SCF-056 母と息子の近親相姦 88人のママ12時間,SCF-056,,2014-04-20,724分鐘,,マルクス兄弟,MARXBrothersco.,,亂倫,加山なつこ、牧本千幸（つかもと友希）、みずしまちはる、青山りか、秋川りお（美月このみ）、秋吉くみ、浅倉彩音、西条麗、満永知加、楠真由美、水奈りか、友田真希、友崎亜希、高倉梨奈、増田ゆり子、樋口善江、藤川ユリ、望月加奈（松沢真理）、松本亜璃沙、小林みゆき、鮎川るい、村上涼子（中村りかこ、黒木菜穂）、麻生洋子、里中亜矢子、葉月奈穂（葉月菜穂）、小沢志乃、西澤麻里、草壁夕子、山口玲子、高梨さとみ、鏡麗子、菊池エリ、浅岡雅、神野ミツル、奥村ゆう子、相川みほ、篠崎さとみ、織田万里、川奈まり子、風間ゆみ、藤川真紀子、天羽美砂、桃井なつみ、牧原れい子、佐藤みき（佐藤美紀、鈴木志帆）、有沢実紗、北条麻妃、橘慶子、瀬戸恵子、在佳亜矢、妃悠愛（長澤杏奈、水原里香、木崎祐子）、中森玲子、高島恭子、若槻尚美、黒崎萌華、竹井ゆかり、桐岡さつき、本条直子、安堂ゆう、井坂綾、吉川亜希、沙原りえ、橘仁美、阿部菜津子（福山洋子、織原寧々）、天海ゆり、和希優子、松嶋侑里、白鳥美鈴、滝川絵理子、志村玲子、澤村レイコ（高坂保奈美、高坂ますみ）、瀬戸ゆうき、樋口冴子（桐島千沙）、今井優衣、結城みさ、坂本梨沙、加藤ツバキ（夏樹カオル）、生田沙織、中村綾乃、流川純、北原夏美、町村小夜子、小林芽衣（小林メイ）、宮本静、広瀬奈々美（堀口奈津美）、白坂ゆり、藤森伸子,https://www.javbus.com/SCF-056,
AMRC-025 人妻スワッピング～男に飢えた熟女たちのヤリコンパーティー～ 2,AMRC-025 人妻スワッピング～男に飢えた熟女たちのヤリコンパーティー～ 2,AMRC-025,,2014-04-15,137分鐘,,マニアゼロ,AMORE,人妻スワッピング～男に飢えた熟女たちのヤリコンパーティー～,成熟的女人、濫交、已婚婦女、打手槍,北原夏美、真矢恭子、君島英里奈,https://www.javbus.com/AMRC-025,
DJSH-032 義母の脱ぎたて汚パンティで亀頭責め手コキ DX4時間,DJSH-032 義母の脱ぎたて汚パンティで亀頭責め手コキ DX4時間,DJSH-032,,2014-04-15,244分鐘,,ジャネス,艶女,義母の脱ぎたて汚パンティで亀頭責め手コキ,4小時以上作品、婆婆、打手槍,北原夏美、中村綾乃、翔田千里,https://www.javbus.com/DJSH-032,
EMAC-047 お母さんの脱ぎたてパンティで手コキされ発射する息子たちDX22名4時間,EMAC-047 お母さんの脱ぎたてパンティで手コキされ発射する息子たちDX22名4時間,EMAC-047,,2014-04-14,244分鐘,,DX/エマニエル,DX（エマニエル）,お母さんの脱ぎたてパンティで手コキされ発射する息子たち,成熟的女人、4小時以上作品、打手槍,北原夏美、中村綾乃、翔田千里、三咲恭子、四季彩乃、藤原絵理香、瀬戸ありさ、澤村レイコ（高坂保奈美、高坂ますみ）、浅倉彩音、高島恭子、真下礼子、結城みさ、立花みずき、北条美里、根元純、木村真子、雨宮真貴、蒼乃幸恵、真矢涼子、河合律子、佐藤みき（佐藤美紀、鈴木志帆）、伊織涼子,https://www.javbus.com/EMAC-047,
MAC-022 息子の性欲処理に勤しむ母親の告白,MAC-022 息子の性欲処理に勤しむ母親の告白,MAC-022,,2014-04-03,240分鐘,あばしり一家,グローバルメディアエンタテインメント,mother＆child,,成熟的女人、母親、亂倫、數位馬賽克、4小時以上作品、高畫質,大嶋しのぶ、松下美香、北原夏美、近藤郁（近藤郁美）,https://www.javbus.com/MAC-022,
FABS-033 心に残り心に沁みるヘンリー塚本官能ポルノ 300分間のヘンリー塚本名作エロ本,FABS-033 心に残り心に沁みるヘンリー塚本官能ポルノ 300分間のヘンリー塚本名作エロ本,FABS-033,,2014-03-22,289分鐘,ヘンリー塚本,FAプロ・プラチナ,FAプレミアム,心に残り、心に沁みるヘンリー塚本官能ポルノ,成熟的女人、母親、已婚婦女、4小時以上作品、戲劇、故事集、巨乳,菜月綾（水来亜矢）、風見京子、ささきふう香、北原夏美、浅井舞香、池端あやめ、杉本蘭、沙耶華（京乃あづさ）、白瀬あいみ、雪平あい,https://www.javbus.com/FABS-033,
AMRD-010 美熟女プレミアム 北原夏美 ベスト 4時間,AMRD-010 美熟女プレミアム 北原夏美 ベスト 4時間,AMRD-010,,2014-03-15,239分鐘,,マニアゼロ,AMORE,美熟女プレミアム,成熟的女人、合集、中出,君島英里奈、北原夏美、佐伯奈々、真矢恭子,https://www.javbus.com/AMRD-010,
HFD-095 奥さん、そんな反応したら、和姦になっちゃうよ 第二章 巨乳人妻×白昼堂々×強姦悦楽 4時間,HFD-095 奥さん、そんな反応したら、和姦になっちゃうよ 第二章 巨乳人妻×白昼堂々×強姦悦楽 4時間,HFD-095,,2014-03-05,239分鐘,,ドリームチケット,ドリームチケット,奥さん、そんな反応したら、和姦になっちゃうよ,已婚婦女、拘束、凌辱、手指插入、巨乳,望月加奈（松沢真理）、山口玲子、志村玲子、松浦ユキ、魚住里奈、流川純、北原夏美、町村小夜子、友田真希、加山なつこ,https://www.javbus.com/HFD-095,
NASS-112 夫婦交換 のぞきスワッピング,NASS-112 夫婦交換 のぞきスワッピング,NASS-112,,2014-02-28,181分鐘,,なでしこ,Nadeshiko,,成熟的女人、已婚婦女、偷窥、出軌、戲劇,魚住沙代、AOI、星菜、夏海エリカ、浅井舞香、北原夏美、大沢萌、真島みゆき、紫彩乃、風間ゆみ,https://www.javbus.com/NASS-112,
YLW-4175 働くおばさん達にセクハラしたら恥じらいながらもOKサインが出たから、そのまま生中出しセックスしちゃいました。,YLW-4175 働くおばさん達にセクハラしたら恥じらいながらもOKサインが出たから、そのまま生中出しセックスしちゃいました。,YLW-4175,,2014-02-26,120分鐘,大野祐一,MellowMoon,YellowMoon,,企畫、成熟的女人、各種職業、已婚婦女、中出,伊織涼子、結城みさ、北原夏美、立花美里、沢田珠里、松下美香,https://www.javbus.com/YLW-4175,
FABS-030 40人の女たちの世界一ねちっこい接吻SEX,FABS-030 40人の女たちの世界一ねちっこい接吻SEX,FABS-030,,2014-02-22,281分鐘,ヘンリー塚本,FAプロ・プラチナ,FAプレミアム,,成熟的女人、已婚婦女、4小時以上作品、戲劇、故事集,黒木小夜子（秀吉小夜子）、三田涼子、ささきふう香、風間ゆみ、加藤ツバキ（夏樹カオル）、瀬名涼子、はるか悠、杏野みつ、結衣（結衣美沙）、桐原あずさ（伊藤あずさ）、春矢つばさ（椎名りく）、沙耶華（京乃あづさ）、菊川蓮、秋川りお（美月このみ）、水沢ほたる、風見京子、白石雪、なつみ、加賀雅、倖田李梨（倖田美梨、岩下美季）、浅宮ゆかり、内藤斐奈、雪平あい、夏海エリカ、真島みゆき、北原夏美、今井ゆり、横山翔子、北原麗子、浅井千尋、香山蘭、早坂めぐ、高島湊、桜井あきら、浅井舞香、君島冴子（AOI.、村上葵）、竹内美希、大越はるか,https://www.javbus.com/FABS-030,
FABS-032 30人のいい女たちが生きて味わうこの世の天国絶叫アクメ,FABS-032 30人のいい女たちが生きて味わうこの世の天国絶叫アクメ,FABS-032,,2014-02-22,276分鐘,ヘンリー塚本,FAプロ・プラチナ,FAプレミアム,,成熟的女人、母親、已婚婦女、姐姐、4小時以上作品、戲劇、故事集,若林美穂、黒木小夜子（秀吉小夜子）、酒井ちなみ（紫葵）、音無かおり、つぼみ、浅倉彩音、今井ゆり、坪倉史歩、大越はるか、美里流季、玉置マリア、如月みゆき、森下さやか、日高ゆりあ（青山ひより）、北条アミ、咲田みう、加納さつき、大沢萌、大柴ルミ、及川ひなた、篠原由香子、瀬奈ジュン、三咲恭子、雪平あい、夏海エリカ、飯島くらら、なつみ、菊川麻里、北原夏美、浅井千尋、はるか悠、浅井舞香、真島みゆき、愛純彩、香山蘭、結衣（結衣美沙）,https://www.javbus.com/FABS-032,
FABS-031 30人の色っぽい女たちのふくよかな母なる乳房＆SEX,FABS-031 30人の色っぽい女たちのふくよかな母なる乳房＆SEX,FABS-031,,2014-02-22,306分鐘,ヘンリー塚本,FAプロ・プラチナ,FAプレミアム,,成熟的女人、戀乳癖、4小時以上作品、戲劇、故事集、巨乳、貧乳・微乳,山口玲子、ささきふう香、風間ゆみ、秋川りお（美月このみ）、大越はるか、石田ゆりあ、早坂めぐ、あゆか、早乙女らぶ、内田美奈子、高島恭子、北谷静香、根本あきこ、中森玲子、あいり、並木るか（橘ひな）、手塚みや、宮崎あい、若林ひかる、君島冴子（AOI.、村上葵）、結衣（結衣美沙）、加賀雅、山下真耶、桃井りか、二岡ゆり、北条アミ、黒沢那智、北原夏美,https://www.javbus.com/FABS-031,
RLOJ-019 どスケベ熟女の亀頭責めフェラ27名 4時間,RLOJ-019 どスケベ熟女の亀頭責めフェラ27名 4時間,RLOJ-019,,2014-01-30,240分鐘,,マニアゼロ,乱熟（乱熟）,,蕩婦、成熟的女人、口交、合集、4小時以上作品,北原夏美、松浦ユキ、早川由紀子、観月ゆり,https://www.javbus.com/RLOJ-019,
SCF-052 ディルドオナニー 100人8時間,SCF-052 ディルドオナニー 100人8時間,SCF-052,,2014-01-20,484分鐘,,マルクス兄弟,MARXBrothersco.,,潮吹、4小時以上作品、DMM獨家、自慰、局部特寫,愛内リカ、香坂美鈴、竹内サキ、安藤えみ、愛実（秋川ルイ）、長澤あずさ、哀川りん、北条麻妃、新垣さくら、愛菜りな、望月ゆみ、JULIA、椎名ひかる、武藤クレア、美咲結衣、内田真由、七瀬あさみ、矢吹杏、あずみ恋、早坂愛梨、結城みさ、紗奈、阿部菜津子（福山洋子、織原寧々）、水谷ひとみ、水城奈緒、松嶋侑里、松浦ユキ、はるか悠、鮎川なお、黒木アリサ、葉月奈穂（葉月菜穂）、菅野由紀、宇佐美なな、持田百恵、妃悠愛（長澤杏奈、水原里香、木崎祐子）、あづみ、愛乃みやび、望多つばさ、大城美咲、黒崎萌華、伊沢美春（伊沢美晴）、RUMIKA、瑠菜（安西瑠菜、RUNA）、在佳亜矢、中林彩、長谷川しずく、青木まり、時田あいみ、大槻ひびき、美神あおい、中野愛里、一ノ瀬アメリ（美空あやか、栗栖エリカ）、碧しの（篠めぐみ）、北川瞳、星野あかり、長南悠果、立花樹里亜、武井麻希、工藤沙菜恵、夏乃向日葵、桜木莉愛（かじか凛）、須藤早紀、高橋ゆい、小西なつみ、高月綾乃、高沢沙耶、秋野みさき、寺島ちひろ、相島奈央、本真ゆり、大島あいる、希内りな、悠月舞、上原亜衣、仲本紗代、朝桐光、さとう遥希、優木リノア、吉村あいか、EMI、藤野ルミ、南りん、平井ミッシェル、新垣紗絵、杉崎のあ、青木りん、水澤まお（永沢まおみ）、山口玲子、北原夏美、瀬名さくら（藤原史歩）、成宮あいり、月野りさ、樹花凜（七咲楓花）、森ななこ、大橋美香、風間ゆみ、黒木麻衣（花野真衣、SHIHO）,https://www.javbus.com/SCF-052,
FABS-028 心に残り心に沁みるヘンリー塚本官能ポルノ スワッピング,FABS-028 心に残り心に沁みるヘンリー塚本官能ポルノ スワッピング,FABS-028,,2014-01-20,240分鐘,ヘンリー塚本,FAプロ・プラチナ,FAプレミアム,心に残り、心に沁みるヘンリー塚本官能ポルノ,成熟的女人、濫交、已婚婦女、戲劇、故事集、巨乳、DMM獨家,樋口弓、東早苗、橘慶子、浅宮ゆかり、中山水穂、風見京子、北条アミ、瀬名涼子、小池絵美子、白鳥るり、金森美奈、北原夏美,https://www.javbus.com/FABS-028,
SGMS-111 M男襲撃！魔性のボンテージを纏う女王様の妖艶調教,SGMS-111 M男襲撃！魔性のボンテージを纏う女王様の妖艶調教,SGMS-111,,2014-01-16,241分鐘,,スターゲート,STARGATE,,SM、合集、緊縛,上村優子、向坂美々、綾瀬みう、小阪れおん、咲田うらら、吉田花、北原夏美、クリス小澤、望月加奈（松沢真理）、友田真希、高嶺さゆり、大野歩、衣川由衣、麻宮もな、広田さくら、南原香織、小倉もも、乙音奈々、千堂ゆりあ、永井智美,https://www.javbus.com/SGMS-111,
EMAC-041 くっさいチ○ポに淫語手コキ責めする痴熟女 DX 34名4時間,EMAC-041 くっさいチ○ポに淫語手コキ責めする痴熟女 DX 34名4時間,EMAC-041,,2013-12-22,243分鐘,,DX/エマニエル,DX（エマニエル）,くっさいチ○ポに淫語手コキ責めする痴熟女,蕩婦、成熟的女人、淫語、4小時以上作品、DMM獨家、打手槍,根元純、坂下麗、山口智美、坂田美影、北原夏美、佐藤みき（佐藤美紀、鈴木志帆）、澤村レイコ（高坂保奈美、高坂ますみ）、城エレン、松浦ユキ、夏樹りさ、早見るり、藤森綾子、羽鳥澄香、浅倉彩音、柳田やよい、坂本梨沙、翔田千里、麻布じゅん、伊藤若菜、藤原絵理香、明石洋子、河合律子、南ありさ、山口美花、加賀雅、麻生京子、菊川麻里、中村綾乃、細川まり、高島恭子、堀越香奈,https://www.javbus.com/EMAC-041,
EMAC-040 亀頭を締めあげ尺りたてる下品な熟女フェラ DX 62名4時間,EMAC-040 亀頭を締めあげ尺りたてる下品な熟女フェラ DX 62名4時間,EMAC-040,,2013-12-22,241分鐘,,DX/エマニエル,DX（エマニエル）,亀頭を締めあげ尺りたてる下品な熟女フェラ,蕩婦、成熟的女人、口交、4小時以上作品、DMM獨家,篠崎かおる、羽鳥澄香、杉本はるか、藤森綾子、浅倉彩音、桜みちる、瀬戸志乃、佐藤みき（佐藤美紀、鈴木志帆）、澤村レイコ（高坂保奈美、高坂ますみ）、城エレン、水沢なな、高島恭子、山口智美、山口美花、南ありさ、観月ゆり、早川由紀子、西田紗江、中山志穂、柳田やよい、白川ゆり、藤本ルイ、早見るり、坂田美影、菊川麻里、北原夏美、河合律子、加賀雅、片瀬真佐子、井端七海、井上雅、翔田千里、伊藤若菜、四季彩乃、佐伯奈々、佐藤奈々、鮎川るい、明石洋子、松浦ユキ、細川まり、北条美里、橘エレナ、友田真希、白鳥聖子,https://www.javbus.com/EMAC-040,
JUSD-529 Madonna10周年記念 Fitchレーベル全作品集 143タイトル12時間 全てはここから始まった！ 2007～2011年にリリースした全作品を完全網羅！！,JUSD-529 Madonna10周年記念 Fitchレーベル全作品集 143タイトル12時間 全てはここから始まった！ 2007～2011年にリリースした全作品を完全網羅！！,JUSD-529,,2013-12-15,718分鐘,,マドンナ,Madonna,Madonna10周年記念,蕩婦、成熟的女人、合集、已婚婦女、數位馬賽克、羞恥、DMM獨家,今枝陽子、橘ミオン（石川鈴華）、春風えみ、真白希実、雪見紗弥、北条麻妃、倖田李梨（倖田美梨、岩下美季）、山口玲子、坂本梨沙、鏡麗子、星野あかり、妃乃ひかり、愛あいり、妃悠愛（長澤杏奈、水原里香、木崎祐子）、橘エレナ、牧原れい子、有沢実紗、凛音涼子、浅倉彩音、青木りん、高島恭子、橘慶子、柳田やよい、伊吹稟、美原咲子、小向まな美、川上ゆう（森野雫）、結城みさ、櫻井夕樹、仁科百華、杉本亜美、横山みれい、彩佳リリス（藤崎クロエ）、小坂めぐる、吉永沙織、浦田みらい、大堀香奈、水城奈緒、漣ゆめ、Seiko。、和葉みれい（藤白まき）、管野しずか、瀬奈涼、森山杏菜（森山杏奈）、神崎レオナ（七瀬かすみ）、青木玲、芦沢彩乃、愛川咲樹、翔田千里、魚住里奈、北条アミ、友田真希、押切あやの、小泉ありさ、星優乃、酒井ちなみ（紫葵）、関口梨乃、松下ゆうか（愛乃彩音、藤咲ゆうか）、天海ゆり、広瀬奈々美（堀口奈津美）、松本亜璃沙、君島冴子（AOI.、村上葵）、風間ゆみ、白坂百合、流川純、志村玲子、あずま樹、北島玲、片岡梨沙、黒木麻衣（花野真衣、SHIHO）、大塚咲（小野沙樹、大滝佐紀）、鈴香音色、北条美里、加山なつこ、白川莉紗、細川まり、村上里沙、藤木未央、澤村レイコ（高坂保奈美、高坂ますみ）、松下紗世、北原夏美、白石さゆり、葉月奈穂（葉月菜穂）、佐藤みき（佐藤美紀、鈴木志帆）、一戸のぞみ、中森玲子、小池絵美子、波風きら,https://www.javbus.com/JUSD-529,
EMBE-006 ド淫乱美熟女たちの過激セックス事情！,EMBE-006 ド淫乱美熟女たちの過激セックス事情！,EMBE-006,,2013-12-13,239分鐘,,貴婦人族/エマニエル,貴婦人族,,成熟的女人、合集、已婚婦女、花癡、4小時以上作品、DMM獨家,北原夏美、青井マリ、志村玲子、望月加奈（松沢真理）、桜田さくら（松井さくら）,https://www.javbus.com/EMBE-006,
EMBT-006 「いらっしゃい童貞クン、食べちゃうわよ！！」 経験の無い初物ちんこを欲しがる熟女たち,EMBT-006 「いらっしゃい童貞クン、食べちゃうわよ！！」 経験の無い初物ちんこを欲しがる熟女たち,EMBT-006,,2013-12-13,239分鐘,,WIFE/エマニエル,WIFE（エマニエル）,,蕩婦、成熟的女人、其他戀物癖、合集、已婚婦女、4小時以上作品、DMM獨家,あおい桜子、宮崎彩香、三咲エリナ、北原夏美、朝桐楓、町村小夜子、美波志保、浜村咲、村上涼子（中村りかこ、黒木菜穂）、若林ひかる、一条梨乃、瀬戸友里恵,https://www.javbus.com/EMBT-006,
OOMN-084 皆様のおかげで5周年！ 感謝を込めて名女優＆名プレイ厳選スペシャル！！ ～熟女の母性を追い求めて～,OOMN-084 皆様のおかげで5周年！ 感謝を込めて名女優＆名プレイ厳選スペシャル！！ ～熟女の母性を追い求めて～,OOMN-084,,2013-12-13,241分鐘,,ABC/妄想族,お母さん.com/ABC,,成熟的女人、母親、乳交、合集、亂倫、4小時以上作品、DMM獨家,小早川怜子、竹井ゆかり、松本まりな、高月和花、元山はるか、矢部寿恵、北原夏美、浅田ちち、澤村レイコ（高坂保奈美、高坂ますみ）、沢口みき,https://www.javbus.com/OOMN-084,
MBYD-177 人妻の濃厚なお掃除フェラ8時間,MBYD-177 人妻の濃厚なお掃除フェラ8時間,MBYD-177,,2013-12-08,478分鐘,,溜池ゴロー,溜池ゴロー,,成熟的女人、口交、合集、已婚婦女、數位馬賽克、DMM獨家,雨宮真貴、荒木瞳、上原保奈美、沖田杏梨、椎名ゆな、さとう遥希、波多野結衣、矢部寿恵、桐岡さつき、JULIA、冴島かおり、堀内秋美、仲丘たまき（片岡まきな）、南紗穂、戸田さゆり、岩佐あゆみ、三井ゆかり、朝霧メイサ、かすみひかり、三浦恵理子、小早川怜子、上原千尋、青山葵、春原未来、稲川なつめ、雪音ありさ、柏木ゆり、藤沢芳恵、江原あけみ（美輪ちあき）、伊織涼子、西條るり、結城みさ、管野しずか、高島恭子、藤咲葵（愛川香織）、春日もも、さおり（沙織）、山本美和子、美原咲子、橘エレナ、柳井瞳、有沢実紗、浅倉彩音、紗奈、中森玲子、細川まり、澤村レイコ（高坂保奈美、高坂ますみ）、森ななこ、広瀬奈々美（堀口奈津美）、川上ゆう（森野雫）、北原夏美、樋口冴子（桐島千沙）、佐山愛、浜崎りお（森下えりか、篠原絵梨香）、柳田やよい、遥めぐみ、青山菜々、岩崎千鶴、倉木さゆり、江波りゅう（RYU)、葉月奈穂（葉月菜穂）、辻本りょう、芦名未帆（稲森しほり）、村上涼子（中村りかこ、黒木菜穂）、星野あかり、黒木麻衣（花野真衣、SHIHO）、愛咲れいら（原千尋）、西野翔、青木玲、友田真希、夢野まりあ、風間ゆみ、松本まりな、寺崎泉、笠木忍,https://www.javbus.com/MBYD-177,
JUSD-526 Madonna10周年記念 美熟女のアナルにどっぷり真性中出し40発,JUSD-526 Madonna10周年記念 美熟女のアナルにどっぷり真性中出し40発,JUSD-526,,2013-12-05,478分鐘,,マドンナ,Madonna,Madonna10周年記念,成熟的女人、合集、數位馬賽克、羞恥、中出、DMM獨家、肛交,江原あけみ（美輪ちあき）、宮崎由麻、大城かえで、結城みさ、瀬奈ジュン、管野しずか、艶堂しほり（遠藤しおり）、吉岡奈々子、山口玲子、翔田千里、牧野絵里、新尾きり子、横山みれい、西城玲華、藤咲沙耶、北条美里、甲斐ミハル、水沢真樹、折原ゆかり、川上ゆう（森野雫）、北原夏美、樋口冴子（桐島千沙）、柳田やよい、村上涼子（中村りかこ、黒木菜穂）、紫彩乃、長谷川美紅、松本まりな、篠原奈美、水咲理沙,https://www.javbus.com/JUSD-526,
EMAC-034 温泉露出旅スペシャル4時間,EMAC-034 温泉露出旅スペシャル4時間,EMAC-034,,2013-11-17,242分鐘,,DX/エマニエル,DX（エマニエル）,,成熟的女人、野外・露出、已婚婦女、通姦、DMM獨家,結城みさ、北原夏美、澤村レイコ（高坂保奈美、高坂ますみ）、友田真希,https://www.javbus.com/EMAC-034,
EMAC-035 ○○しながらオナニーをする美熟女SP 18名 4時間（フェラしながら、乳首舐めさせながら、パンツの匂い嗅ぎながら）,EMAC-035 ○○しながらオナニーをする美熟女SP 18名 4時間（フェラしながら、乳首舐めさせながら、パンツの匂い嗅ぎながら）,EMAC-035,,2013-11-17,240分鐘,,DX/エマニエル,DX（エマニエル）,,成熟的女人、口交、DMM獨家、自慰,滝川絵理子、高島恭子、結城みさ、立花みずき、山口智美、内田美奈子、北条美里、北原夏美、佐藤みき（佐藤美紀、鈴木志帆）、七瀬ゆい（羽田未来）、三咲恭子、澤村レイコ（高坂保奈美、高坂ますみ）、美原咲子、真下礼子、伊藤若菜,https://www.javbus.com/EMAC-035,
NXG-121 巨乳美熟母と禁断の中出し関係,NXG-121 巨乳美熟母と禁断の中出し関係,NXG-121,,2013-11-16,120分鐘,いなりかずき,NEXTGROUP,ネクストグループ,,成熟的女人、已婚婦女、中出、巨乳,滝川絵理子、関口恵都子、北原夏美、佐藤みき（佐藤美紀、鈴木志帆）、山口美花、酒井ちなみ（紫葵）、白鳥美鈴、風間ゆみ,https://www.javbus.com/NXG-121,
EMAC-033 熟女人妻の本当にイッてる指オナニー 3 （温泉編） 4時間,EMAC-033 熟女人妻の本当にイッてる指オナニー 3 （温泉編） 4時間,EMAC-033,,2013-10-27,242分鐘,,DX/エマニエル,DX（エマニエル）,熟女人妻の本当にイッてる指オナニー,成熟的女人、野外・露出、已婚婦女、4小時以上作品、DMM獨家、自慰,白川ゆり、石川さとこ、内田理緒、結城みさ、瀬戸ありさ、浅倉彩音、北原夏美、吉岡奈々子、黒谷渚、白坂百合、中野彩、牧野遥、松浦ユキ、早見るり、細川まり、大越はるか、藤森綾子、城内ヒカル、桐島樹莉,https://www.javbus.com/EMAC-033,
FABS-022 官能にうち震える女のポルノドラマ 母（おふくろ）,FABS-022 官能にうち震える女のポルノドラマ 母（おふくろ）,FABS-022,,2013-10-21,284分鐘,ヘンリー塚本,FAプロ・プラチナ,FAプレミアム,官能にうち震える女のポルノドラマ,成熟的女人、母親、已婚婦女、4小時以上作品、戲劇、巨乳、DMM獨家,魚住紗江、円城ひとみ、五十嵐しのぶ、美里流季、浅井舞香、愛川咲樹、北原夏美、黒木小夜子（秀吉小夜子）、酒井ちなみ（紫葵）、三田涼子,https://www.javbus.com/FABS-022,
JUSD-517 出産した女は感度抜群！ 子持ち母の下品なセックス 8時間,JUSD-517 出産した女は感度抜群！ 子持ち母の下品なセックス 8時間,JUSD-517,,2013-10-20,478分鐘,,マドンナ,Madonna,,蕩婦、成熟的女人、母親、合集、已婚婦女、數位馬賽克、DMM獨家,石井麻奈美、暮町ゆうこ、和久井もも、藤沢芳恵、木村真子、川嶋菜緒、新堂綾乃、松本まりな、結城みさ、村上涼子（中村りかこ、黒木菜穂）、中野彩、五十嵐しのぶ、新村まり子、藤森綾子、北原夏美、翔田千里、青木玲、岩崎千鶴、加山なつこ、伊織涼子、美河さき、本条直子、矢部寿恵、松嶋友里恵、若松かをり、木村まりえ、山河ほたる、黒谷りょうこ、吉澤留美,https://www.javbus.com/JUSD-517,
MBYD-172 絶頂！そしてその理由… ドラマシーンもしっかり収録！ イカされた白衣の女達8時間,MBYD-172 絶頂！そしてその理由… ドラマシーンもしっかり収録！ イカされた白衣の女達8時間,MBYD-172,,2013-10-13,480分鐘,,溜池ゴロー,溜池ゴロー,,成熟的女人、护士、合集、數位馬賽克、DMM獨家,三浦恵理子、柏木ゆり、橘エレナ、星野いずみ、白石さゆり、森ななこ、矢部寿恵、中森玲子、向井莉奈、北原夏美,https://www.javbus.com/MBYD-172,
AXAF-006 熟年者のセックスライフ DX4時間,AXAF-006 熟年者のセックスライフ DX4時間,AXAF-006,,2013-10-05,246分鐘,,ジャネス,艶女,熟年者のセックスライフ,成熟的女人、濫交、合集、已婚婦女、4小時以上作品,白鳥寿美礼、君島英里奈、藤沢芳恵、根元純、福元美砂恵（仲間麗奈）、山本美和子、真矢恭子、河合律子、仲田絵理、北原夏美,https://www.javbus.com/AXAF-006,
FABS-019 心に残り心に沁みるヘンリー塚本官能ポルノ 熟れた肉体 熟女・淑女・中年女,FABS-019 心に残り心に沁みるヘンリー塚本官能ポルノ 熟れた肉体 熟女・淑女・中年女,FABS-019,,2013-09-25,277分鐘,ヘンリー塚本,FAプロ・プラチナ,FAプレミアム,心に残り、心に沁みるヘンリー塚本官能ポルノ,成熟的女人、母親、已婚婦女、戲劇、巨乳、DMM獨家,榊みのり、浅井舞香、有沢りさ、北原夏美、大沢萌、菊川麻里、風間ゆみ,https://www.javbus.com/FABS-019,
OOMN-072 お母さんの淫靡なベロチュー大全集 100名,OOMN-072 お母さんの淫靡なベロチュー大全集 100名,OOMN-072,,2013-09-01,239分鐘,,ABC/妄想族,お母さん.com/ABC,,成熟的女人、母親、亂倫、已婚婦女、DMM獨家,中園貴代美、荒木瞳、廣野すみれ、花村いづみ、櫻井夕樹、平山薫、桐岡さつき、北原夏美、松嶋ルリ、明星ちかげ,https://www.javbus.com/OOMN-072,
FABS-017 心に残り心に沁みるヘンリー塚本官能ポルノ せっぷん,FABS-017 心に残り心に沁みるヘンリー塚本官能ポルノ せっぷん,FABS-017,,2013-08-24,237分鐘,ヘンリー塚本,FAプロ・プラチナ,FAプレミアム,心に残り、心に沁みるヘンリー塚本官能ポルノ,成熟的女人、母親、已婚婦女、戲劇、巨乳、DMM獨家,黒沢那智、浅倉彩音、北原夏美、飯島くらら、若菜あゆみ、真島みゆき、菊川麻里、川上ゆう（森野雫）、日高ゆりあ（青山ひより）、風間ゆみ、羽月希、鈴木加奈、朝霧一花、来栖ひなた、美咲奈々子、香山蘭、瀬奈ジュン、愛純彩、三咲恭子、北谷静香、川村沙織、五十嵐しのぶ、三田涼子、杉本はるか、円城ひとみ、浅井千尋、大越はるか、雪平あい、桐原あずさ（伊藤あずさ）、真鍋美奈、浅井舞香、愛川咲樹、手塚みや、今井ゆり,https://www.javbus.com/FABS-017,
SCF-037 パイズリ天国100人8時間,SCF-037 パイズリ天国100人8時間,SCF-037,,2013-08-09,485分鐘,,マルクス兄弟,MARXBrothersco.,,乳交、戀乳癖、巨乳、DMM獨家,葵智美、小西なつみ、安堂ゆう、愛内ゆう、愛あいり、愛実（秋川ルイ）、橘なお（上原海里）、木下若菜、来栖ひなた、北川瞳、山口玲子、里中あきな、ERIKA（モカ、MOKA）、浅倉彩音、はるか悠、来栖ほのか、桃彩ぷりん、山崎まりあ、鈴香音色、長澤あずさ、浅乃ハルミ、朝倉まりあ、青山ゆい、市川亜紀、秋瀬ルミ、秋川りお（美月このみ）、風間ゆみ、翼裕香、佐伯奈々、桜庭小雪、山咲萌、中沢レナ、夏目しおん、若槻尚美、中野愛里、牧野くるみ、中村綾乃、大西ちか、小室アリス、間宮志乃、浅田ちち、黒木みらい、中森玲子、吉沢みなみ、早乙女美奈子、望月ゆみ、福山優、松金めぐみ、大澤あや乃、伊沢美春（伊沢美晴）、漣ゆめ、結城みさ、新垣紗絵、辻さき、宮崎あい、あいぶらん（蜜井とわ）、南沙也香、須真杏里（須真杏理）、さとう遥希、小倉まりも、上条めぐ（三浦芽依）、篠崎アンナ、さくら悠、新山つぐみ、大島あいる、本真ゆり、須藤早紀、EMI、ゆうき真央、藤咲沙耶、武藤クレア、仁科百華、百花エミリ、和久井もも、木咲美琴、藤内麻美、真中ちひろ、水森あおい、浜崎りお（森下えりか、篠原絵梨香）、小坂めぐる、芽衣奈（南芽衣奈）、青木りん、瀬名さくら（藤原史歩）、JULIA、加山なつこ、彩名杏子、水谷桃、志村玲子、白鳥美鈴、星川ヒカル、桃井りか、桜木莉愛（かじか凛）、小向杏奈（桜井麻美）、北原夏美、萩原めぐ、黒木麻衣（花野真衣、SHIHO）、村上涼子（中村りかこ、黒木菜穂）、増田ゆり子、妃乃ひかり、阿部菜津子（福山洋子、織原寧々）,https://www.javbus.com/SCF-037,
DJSI-045 集団乱交 3対3 6Pスワッピング,DJSI-045 集団乱交 3対3 6Pスワッピング,DJSI-045,,2013-08-05,243分鐘,,ジャネス,艶女,,成熟的女人、濫交、已婚婦女、多P,三井彩子、白鳥寿美礼、君島英里奈、藤沢芳恵、根元純、福元美砂恵（仲間麗奈）、山本美和子、真矢恭子、河合律子、北原夏美,https://www.javbus.com/DJSI-045,
YLW-4102 競泳水着の巨乳熟女,YLW-4102 競泳水着の巨乳熟女,YLW-4102,,2013-07-30,122分鐘,,MellowMoon,YellowMoon,,企畫、成熟的女人、第一人稱攝影、巨乳、學校泳裝,北原夏美、佐藤みき（佐藤美紀、鈴木志帆）、松浦ユキ,https://www.javbus.com/YLW-4102,
SLBA-024 レズ羞恥旅スペシャル 4時間（永久保存版）,SLBA-024 レズ羞恥旅スペシャル 4時間（永久保存版）,SLBA-024,,2013-07-28,241分鐘,,スタイルアート/妄想族,スタイルアートLOVEBETES/妄想族,,和服・喪服、女同性戀、DMM獨家,遥ゆりあ、七瀬たまき、桜井あずさ、大越はるか、西尾いずみ（名波ゆら）、蒼月ひかり、高倉梨奈、友田真希、中山りお、友崎亜希、あずま樹、北原夏美、内田理緒、中村綾乃、牧野遥、南原香織、葉月由良（星野綾香、中州悠良）,https://www.javbus.com/SLBA-024,
EMBE-005 人妻色欲乱舞 「おちんこ欲しいの…おまんこに挿入て、もっと！子宮の奥まで激しく突いて～っ！！」,EMBE-005 人妻色欲乱舞 「おちんこ欲しいの…おまんこに挿入て、もっと！子宮の奥まで激しく突いて～っ！！」,EMBE-005,,2013-07-15,240分鐘,,貴婦人族/エマニエル,貴婦人族,,成熟的女人、已婚婦女、DMM獨家,上原真樹、北原夏美、結衣（結衣美沙）、姫野愛、日高ゆりあ（青山ひより）,https://www.javbus.com/EMBE-005,
DJSI-043 美熟女たちの集団フェラチオパーティー,DJSI-043 美熟女たちの集団フェラチオパーティー,DJSI-043,,2013-07-05,141分鐘,,ジャネス,艶女,,成熟的女人、口交、多P,石橋ゆうこ、君島英里奈、藤沢芳恵、森貴代美、根元純、福元美砂恵（仲間麗奈）、山本美和子、真矢恭子、河合律子、北原夏美,https://www.javbus.com/DJSI-043,
AMRB-003 セレブ妻たちの集団乱交パーティー,AMRB-003 セレブ妻たちの集団乱交パーティー,AMRB-003,,2013-06-28,219分鐘,,マニアゼロ,AMORE,,成熟的女人、濫交、合集、已婚婦女,三井彩子、君島英里奈、藤沢芳恵、根元純、福元美砂恵（仲間麗奈）、山本美和子、真矢恭子、河合律子、北原夏美,https://www.javbus.com/AMRB-003,
FABS-013 ヘンリー塚本コレクション 人妻エロス,FABS-013 ヘンリー塚本コレクション 人妻エロス,FABS-013,,2013-06-23,263分鐘,ヘンリー塚本,FAプロ・プラチナ,FAプレミアム,ヘンリー塚本,母親、強姦、亂倫、已婚婦女、戲劇、DMM獨家,浅井舞香、葉月サラ、結城みさ、真白希実、金森美奈、北原夏美、広瀬奈々美（堀口奈津美）、川上ゆう（森野雫）、ささきふう香,https://www.javbus.com/FABS-013,
HRD-07 四十路 五十路 六十路 七十路 40人240分,HRD-07 四十路 五十路 六十路 七十路 40人240分,HRD-07,,2013-06-20,237分鐘,MASASHI,ルビー,greed,,和服・喪服、成熟的女人、4小時以上作品,野際まり子、園上町子、月山優、南さつき、小坂綾乃、渡辺貴美子、白井浅子、林なお、北原夏美、木島優子、白鳥祥子、石橋ゆう子、山本艶子、広野すみれ、清水志保、高瀬まりこ、沢田友子、東千津子、吉永麗子、大谷みゆき、伊藤富士子、森山愛子、庄司留美子、大塚珠季、高木礼子、小山佐知子、田村玲子、橋本直美、村井貴子、吉村あけみ、吉井ゆりえ、野川美奈子、上原幸子、鈴木みち子、手塚美智子、上杉亜希子、松永由美子、福山京子、大山玲子,https://www.javbus.com/HRD-07,
RLOD-009 近親相姦 禁断の家族愛20連発 4時間,RLOD-009 近親相姦 禁断の家族愛20連発 4時間,RLOD-009,,2013-06-01,242分鐘,,マニアゼロ,乱熟（乱熟）,,成熟的女人、母親、合集、亂倫、4小時以上作品,くれは沙弥、秋月彩乃、桜みちる、北原夏美、瀬戸ゆうき、松浦ユキ、牧野遥、坂本梨沙、吉澤レイカ、黒沢まりあ（七海りあ）、澤村レイコ（高坂保奈美、高坂ますみ）、山口美花、城エレン、浅倉彩音、早見るり、高島恭子、立花みずき、荻原亜紀、楠木真由美、根元純,https://www.javbus.com/RLOD-009,
LLJW-713 SMレズビアン 2 4時間,LLJW-713 SMレズビアン 2 4時間,LLJW-713,,2013-05-20,241分鐘,,マニアゼロ,W（マニアゼロ）,SMレズビアン（ラハイナ東海）,SM、女同性戀、多P、拘束,藤崎真央、根元純、浅倉彩音、北原夏美、楠木爽子,https://www.javbus.com/LLJW-713,
FABS-011 ヘンリー塚本 コレクション 熟れた女たちのエロ話し,FABS-011 ヘンリー塚本 コレクション 熟れた女たちのエロ話し,FABS-011,,2013-05-20,259分鐘,ヘンリー塚本,FAプロ・プラチナ,FAプレミアム,ヘンリー塚本,成熟的女人、母親、已婚婦女、寡婦、戲劇、DMM獨家,山岡真理、夏海エリカ、五十嵐しのぶ、愛川咲樹、五月峰子、北原夏美、大沢萌、黒木小夜子（秀吉小夜子）、今井ゆり、広瀬奈々美（堀口奈津美）,https://www.javbus.com/FABS-011,
DJSI-040 美熟女限定15人！集団ねっとり手コキ責め！！,DJSI-040 美熟女限定15人！集団ねっとり手コキ責め！！,DJSI-040,,2013-05-15,121分鐘,,ジャネス,艶女,,成熟的女人、多P、打手槍,君島英里奈、藤沢芳恵、根元純、福元美砂恵（仲間麗奈）、山本美和子、真矢恭子、三井彩乃、河合律子、仲田絵理、北原夏美,https://www.javbus.com/DJSI-040,
SCF-026 エロすぎる ぬるぬるローション55番勝負！4時間,SCF-026 エロすぎる ぬるぬるローション55番勝負！4時間,SCF-026,,2013-05-12,244分鐘,,マルクス兄弟,MARXBrothersco.,,乳液、巨乳、DMM獨家、學校泳裝,篠崎さとみ、早川瀬里奈、阿部菜津子（福山洋子、織原寧々）、葉月奈穂（葉月菜穂）、佐伯奈々、望月ゆみ、浜崎りお（森下えりか、篠原絵梨香）、鮎川なお、村上涼子（中村りかこ、黒木菜穂）、風間ゆみ、北原夏美、芹沢優華、桜井エミリ、浅田ちち、山口玲子、はるか悠、竹内サキ、青山ゆい、早乙女美奈子、一戸のぞみ、浅倉彩音、鈴香音色、水沢真樹、成瀬心美（ここみ）、管野しずか、細川まり、哀川りん、小倉まりも、新山つぐみ、本真ゆり、桃葉、橘仁美、在佳亜矢、美咲結衣,https://www.javbus.com/SCF-026,
EMAC-028 センズリを見て我慢できない熟女たち変態相互オナニー 4時間,EMAC-028 センズリを見て我慢できない熟女たち変態相互オナニー 4時間,EMAC-028,,2013-04-26,242分鐘,,DX/エマニエル,DX（エマニエル）,,成熟的女人、DMM獨家、自慰,秋川真里、小宮由梨絵、香山蘭、星杏奈、結城みさ、真下礼子、三咲恭子、華山美玲、城エレン、菊川麻里、森貴代美、石橋ゆう子、小滝沙由美、立花みずき、柳田やよい、麻布じゅん、本庄瞳、北条美里、仲田絵理、北原夏美、蒼乃幸恵、高島恭子、澤村レイコ（高坂保奈美、高坂ますみ）、美原咲子、宝来みずほ、麻生ともよ,https://www.javbus.com/EMAC-028,
MSYG-009 脳でイク！！ ツイン女王様 アナル無限オーガズム 4時間,MSYG-009 脳でイク！！ ツイン女王様 アナル無限オーガズム 4時間,MSYG-009,,2013-04-19,242分鐘,,マニアゼロ,牝猫,,玩具、4小時以上作品、緊縛、肛交,RakuRa女王様、藤崎真央、根元純、浅倉彩音、北原夏美、楠木爽子、澤村レイコ（高坂保奈美、高坂ますみ）,https://www.javbus.com/MSYG-009,
EMAC-027 人妻温泉ファック59連発！！！ 8時間,EMAC-027 人妻温泉ファック59連発！！！ 8時間,EMAC-027,,2013-04-14,476分鐘,,DX/エマニエル,DX（エマニエル）,,和服・喪服、成熟的女人、已婚婦女、4小時以上作品、DMM獨家,酒井有子、渡辺聖良、都咲江、結城みさ、浅倉彩音、北原夏美、浅倉麻耶、澤村レイコ（高坂保奈美、高坂ますみ）、宮里季実、美波志保、千野麗香、松浦ユキ、南原香織、唐沢美樹、川島朋子、城内ヒカル、白川ゆり、藤森綾子、城エレン、三咲恭子、中野彩、土屋ゆづき、大越はるか、内田美奈子、細川まり、あずま樹、友田真希、一条美穂、若菜あゆみ、山岸十和子、瀬戸ありさ、早見るり、吉岡奈々子、中山りお、石川さとこ、麻生恭子、萩原亜紀、友崎亜希、江原あけみ（美輪ちあき）、片瀬渚、多々野昌稀、葉月由良（星野綾香、中州悠良）、蒼月ひかり、白坂百合、山形奈々子、観月ゆり、大友唯愛、滝澤クリスタル、相葉菜々、西尾いずみ（名波ゆら）、牧野遥、内田理緒、水沢心音、松嶋ルリ、桧山すず、長瀬かな、下平あや、藤咲まりえ、秋元夏希,https://www.javbus.com/EMAC-027,
LXJE-206 女王様たちの射精管理 4時間,LXJE-206 女王様たちの射精管理 4時間,LXJE-206,,2013-04-09,236分鐘,,マニアゼロ,Mスナイパー,,成熟的女人、SM、女同性戀、性奴、緊縛,RakuRa女王様、藤崎真央、根元純、浅倉彩音、北原夏美、楠木爽子、澤村レイコ（高坂保奈美、高坂ますみ）,https://www.javbus.com/LXJE-206,
SCF-022 キモメンに犯される33人の美女 8時間,SCF-022 キモメンに犯される33人の美女 8時間,SCF-022,,2013-04-08,478分鐘,,マルクス兄弟,MARXBrothersco.,,強姦、多P、凌辱、中出、DMM獨家,北原夏美、水城奈緒、村上里沙、伊藤青葉、小日向しおり、北島玲、加藤ツバキ（夏樹カオル）、浜崎りお（森下えりか、篠原絵梨香）、新井エリー（晶エリー、大沢佑香）、風間ゆみ、早川瀬里奈、妃乃ひかり、村上涼子（中村りかこ、黒木菜穂）、黒木麻衣（花野真衣、SHIHO）、佐伯奈々、ERIKA（モカ、MOKA）、川上ゆう（森野雫）、宇佐美なな、今村美穂、大沢美加（廣田まりこ）、雫パイン、碧しの（篠めぐみ）、北条麻妃、須真杏里（須真杏理）、吉沢みなみ、中森玲子、浅田ちち、広瀬奈々美（堀口奈津美）、平山こずえ,https://www.javbus.com/SCF-022,
LHJF-201 騎乗位で息子を犯すいやらしい母親たち 8時間,LHJF-201 騎乗位で息子を犯すいやらしい母親たち 8時間,LHJF-201,,2013-03-26,475分鐘,,マニアゼロ,F’OXY,,成熟的女人、女上位、4小時以上作品、婆婆,白鳥聖子、羽鳥澄香、立花みずき、三咲恭子、山口智美、浅倉彩音、河合律子、北原夏美、澤村レイコ（高坂保奈美、高坂ますみ）、翔田千里、北条美里、華山美玲、牧野遥、美原咲子、白川ゆり、真下礼子、結城みさ,https://www.javbus.com/LHJF-201,
UMD-011 寝取られた私の妻 夫が見た本当の妻の姿 20人,UMD-011 寝取られた私の妻 夫が見た本当の妻の姿 20人,UMD-011,,2013-03-25,240分鐘,,グローバルメディアエンタテインメント,ULTRAMIX,,已婚婦女、高畫質、出軌,木暮夏美、玉木かおり、音原恭子、坂上樹里、花村いづみ、早見るり、優木明日花、北原夏美、生田沙織、夢野まりあ、谷口佳子、北村りょう、桐原あずさ（伊藤あずさ）、七瀬ゆい（羽田未来）、立花みずき、白木純子、結城玲衣、さくらい葉菜、華山美玲,https://www.javbus.com/UMD-011,
AMRA-007 母親のオナニーに興奮してセンズリ顔射する息子たち,AMRA-007 母親のオナニーに興奮してセンズリ顔射する息子たち,AMRA-007,,2013-03-24,116分鐘,,マニアゼロ,AMORE,,成熟的女人、母親、其他戀物癖、合集、婆婆、自慰,結城みさ、立花みずき、浅倉彩音、北条美里、河合律子、北原夏美、翔田千里,https://www.javbus.com/AMRA-007,
IENE-237 アイエナジーいやらしい人妻のオナニー作品集 22人の人妻たち,IENE-237 アイエナジーいやらしい人妻のオナニー作品集 22人の人妻たち,IENE-237,,2013-03-21,238分鐘,,アイエナジー,IENERGY！,アイエナジー作品集,合集、已婚婦女、插入異物、高畫質,井川ゆい、長谷川美紅、松すみれ、桜みちる、北原夏美、星アンジェ、浜崎りお（森下えりか、篠原絵梨香）、鮎川なお、村上涼子（中村りかこ、黒木菜穂）、川上ゆう（森野雫）、羽月希、五十嵐しのぶ、華山美玲、翔田千里、明星ちかげ、艶堂しほり（遠藤しおり）、妃乃ひかり、風間ゆみ、澤村レイコ（高坂保奈美、高坂ますみ）、大堀香奈、中森玲子、榊なち,https://www.javbus.com/IENE-237,
HRD-01 垂れ乳ババア 4時間 24人見事に垂れてます！,HRD-01 垂れ乳ババア 4時間 24人見事に垂れてます！,HRD-01,,2013-03-21,239分鐘,MASASHI,ルビー,greed,,成熟的女人、其他戀物癖、4小時以上作品,吉村あけみ、吉野明菜、白鳥祥子、広瀬ゆかり、高木礼子、相田紀子、吉永麗子、時越芙美江、桂木聡美、高島百合子、森山愛子、堀切さちえ、石橋ゆう子、風間百合恵、藤木静子、野際まりこ、清水志保、小山佐知子、関口恵都子、北原夏美、山本艶子、叶艶子、村井貴子、根本純,https://www.javbus.com/HRD-01,
SCF-019 無理やり連続発射させられちゃったボク4時間スぺシャル,SCF-019 無理やり連続発射させられちゃったボク4時間スぺシャル,SCF-019,,2013-03-18,240分鐘,,マルクス兄弟,MARXBrothersco.,,蕩婦、乳交、DMM獨家、打手槍,花野心、早川瀬里奈、北原夏美、水城奈緒、葉月奈穂（葉月菜穂）、小坂めぐる、生田沙織、松浦ユキ、浜崎りお（森下えりか、篠原絵梨香）、鮎川なお、葉月紗絢、風間ゆみ、有賀知弥、一ノ瀬あきら、一戸のぞみ、石川みずき、鈴香音色、松金めぐみ、みずほゆき、望多つばさ、大澤あや乃、希咲エマ（HARUKI、加藤はる希）、広瀬奈々美（堀口奈津美）、中森玲子、樹花凜（七咲楓花）,https://www.javbus.com/SCF-019,
SLBA-019 レズビアンレイプ 2（熟娘編） 4時間,SLBA-019 レズビアンレイプ 2（熟娘編） 4時間,SLBA-019,,2013-03-15,240分鐘,,スタイルアート/妄想族,スタイルアートLOVEBETES/妄想族,レズビアンレイプ,成熟的女人、女同性戀、強姦、DMM獨家,霧島奈緒子、四季彩乃、倖田みらい、月島愛、伊藤れん、小久保真樹、新尾きり子、北原夏美、菊川麻里、泉まりん、松坂るい、那月りの、佐伯奈々、吉澤レイカ、あずま樹、高橋樹里、萩原亜紀、琥珀うた,https://www.javbus.com/SLBA-019,
UMD-010 黒人イマラチオ集,UMD-010 黒人イマラチオ集,UMD-010,,2013-02-28,239分鐘,,グローバルメディアエンタテインメント,ULTRAMIX,,成熟的女人、強姦、合集、數位馬賽克、深喉、高畫質、黑人演員,蒼乃幸恵、有沢実紗、藤森綾子、長谷川美紅、高島恭子、桐岡さつき、美原咲子、北原夏美、北条麻妃、川上ゆう（森野雫）,https://www.javbus.com/UMD-010,
UMD-015 下克上！！ お高い熟女をレイプで屈服させる！,UMD-015 下克上！！ お高い熟女をレイプで屈服させる！,UMD-015,,2013-02-26,240分鐘,,グローバルメディアエンタテインメント,ULTRAMIX,,成熟的女人、強姦、合集、已婚婦女、數位馬賽克、中出、高畫質,沢近由紀美、橘エレナ、有沢実紗、須真杏里（須真杏理）、水沢真樹、管野しずか、真田友里、松浦ユキ、村上涼子（中村りかこ、黒木菜穂）、小池絵美子、中野彩、北原夏美、姫野京香、艶堂しほり（遠藤しおり）、中野美紗子、沢本レイ、橘美沙、一条真生、深田梨菜（深田梨奈）、柴田かすみ,https://www.javbus.com/UMD-015,
VNDS-5092 熟女潮吹き大全 【第二巻】,VNDS-5092 熟女潮吹き大全 【第二巻】,VNDS-5092,,2013-02-23,117分鐘,コルト69,NEXTGROUP,ネクストイレブン,熟女潮吹き大全,成熟的女人、潮吹、手指插入,宏美怜、野島恵子、竹内久美子、北原夏美、綾女、松下ゆうか（愛乃彩音、藤咲ゆうか）,https://www.javbus.com/VNDS-5092,
JFB-035 爆乳から美巨乳までムッチリ極上パイズリ8時間,JFB-035 爆乳から美巨乳までムッチリ極上パイズリ8時間,JFB-035,,2013-02-23,478分鐘,,Fitch,Fitch,,乳交、合集、戀乳癖、數位馬賽克、乳房、泳裝、DMM獨家,杏美月、波風きら、青山菜々、佐山愛、北川瞳、JULIA、北条アミ、水城奈緒、村上涼子（中村りかこ、黒木菜穂）、風間ゆみ、小泉ありさ、流川純、北原夏美、七瀬ゆい（羽田未来）、中森玲子、愛あいり、佐藤みき（佐藤美紀、鈴木志帆）、折原ゆかり、Hitomi（田中瞳）、片岡梨沙、青木りん、葉月奈穂（葉月菜穂）、山口玲子、美原咲子、高島恭子、小沢アリス、漣ゆめ、櫻井夕樹、仁科百華、柚木彩華、持田美琴、希本なつ美、栗崎紗理奈、本真ゆり、椿みらい、石川しずか、寺島志保、有馬ひかり、三枝ゆき、鈴香音色,https://www.javbus.com/JFB-035,
FABS-004 ヘンリー塚本 コレクション 禁断の肉欲関係,FABS-004 ヘンリー塚本 コレクション 禁断の肉欲関係,FABS-004,,2013-02-18,255分鐘,ヘンリー塚本,FAプロ・プラチナ,FAプレミアム,ヘンリー塚本,成熟的女人、合集、亂倫、已婚婦女、戲劇,桜井ひとみ、円城ひとみ、夏海エリカ、香山蘭、北原夏美、飯島くらら、浅井千尋、若菜あゆみ,https://www.javbus.com/FABS-004,
YLW-4033 ママは愛ドル！息子の体を溺愛する美人妻たちの近親性愛,YLW-4033 ママは愛ドル！息子の体を溺愛する美人妻たちの近親性愛,YLW-4033,,2013-01-25,239分鐘,江川卓球,MellowMoon,YellowMoon,,成熟的女人、母親、合集、亂倫、4小時以上作品,藤原レナ、中森玲子、藤木未央、南ありさ、艶堂しほり（遠藤しおり）、北原夏美、藤咲飛鳥、愛樹るい、坂本梨沙、村上涼子（中村りかこ、黒木菜穂）,https://www.javbus.com/YLW-4033,
YLW-4032 激姦！中出しセックス！美熟女たちの快楽追及 12人4時間,YLW-4032 激姦！中出しセックス！美熟女たちの快楽追及 12人4時間,YLW-4032,,2013-01-25,240分鐘,江川卓球,MellowMoon,YellowMoon,,成熟的女人、合集、中出、4小時以上作品,夏海エリカ、若林美保、湯沢多喜子、浅井舞香、北原夏美、山口美花、倖田李梨（倖田美梨、岩下美季）、町村小夜子、ほしの菜実恵、小池絵美子、竹下なな、広畑加代子,https://www.javbus.com/YLW-4032,
FABS-003 人妻 夫以外の男とのSEX 3 夫を裏切るスリル/性に飢えている妻,FABS-003 人妻 夫以外の男とのSEX 3 夫を裏切るスリル/性に飢えている妻,FABS-003,,2013-01-21,331分鐘,ヘンリー塚本,FAプロ・プラチナ,FAプレミアム,人妻夫以外の男とのSEX,成熟的女人、強姦、亂倫、已婚婦女、戲劇,片桐静香、大塚美雪、北原夏美、大沢萌、倖田李梨（倖田美梨、岩下美季）、真島みゆき、酒井ちなみ（紫葵）、東条美菜、小池絵美子、紫彩乃、菊川麻里,https://www.javbus.com/FABS-003,
NXG-017 ネクストイレブン 美熟女作品BEST10 270分SPECIAL！！,NXG-017 ネクストイレブン 美熟女作品BEST10 270分SPECIAL！！,NXG-017,,2013-01-19,268分鐘,いなりかずき,NEXTGROUP,ネクストグループ,○○作品BEST10,成熟的女人、合集、亂倫、4小時以上作品,岬紗弥、澤口沙也、天海ゆり、北原夏美、流川純、広瀬奈々美（堀口奈津美）、あずま樹、松本亜璃沙、友田真希、風間ゆみ,https://www.javbus.com/NXG-017,
EXTA-019 レズレイプ 2（熟娘編） 4時間,EXTA-019 レズレイプ 2（熟娘編） 4時間,EXTA-019,,2012-12-27,239分鐘,,マニアゼロ,エクストラ,レズレイプ（マニアゼロ）,成熟的女人、女同性戀、強姦,霧島奈緒子、四季彩乃、月島愛、伊藤れん、澤村レイコ（高坂保奈美、高坂ますみ）、萩原亜紀、菊川麻里、瞳れん、松浦ユキ、那月りの、泉まりん、佐伯奈々、北原夏美、遥ゆりあ、荻原亜紀、小久保真樹、倖田みらい、宮崎香穂、若林ひかる、大貫かりん,https://www.javbus.com/EXTA-019,
AMRD-002 誘惑義母 ピストン騎乗位でイカされ中出しさせられた息子たち 4時間 2,AMRD-002 誘惑義母 ピストン騎乗位でイカされ中出しさせられた息子たち 4時間 2,AMRD-002,,2012-12-24,237分鐘,,マニアゼロ,AMORE,誘惑義母,成熟的女人、合集、中出、女上位、4小時以上作品、婆婆,白鳥聖子、羽鳥澄香、結城みさ、立花みずき、山口智美、北条美里、河合律子、北原夏美,https://www.javbus.com/AMRD-002,
EMAC-024 極選！巷で人気の熟女でございます！！DX 4時間,EMAC-024 極選！巷で人気の熟女でございます！！DX 4時間,EMAC-024,,2012-12-23,241分鐘,,DX/エマニエル,DX（エマニエル）,,成熟的女人、合集、多P,白鳥寿美礼、君島英里奈、木村真子、雨宮真貴、伊織涼子、松本まりな、波多野結衣、朝霧一花、羽月希、北原夏美、蒼乃幸恵、真矢恭子、桐岡さつき、本庄瞳,https://www.javbus.com/EMAC-024,
EXTA-018 道具を使わないレズ 3（熟娘編） 4時間,EXTA-018 道具を使わないレズ 3（熟娘編） 4時間,EXTA-018,,2012-12-15,241分鐘,,マニアゼロ,エクストラ,道具を使わないレズ,成熟的女人、女同性戀、顏面騎乘,霧島奈緒子、志保、一ノ瀬彩香、林なお、雛形ともこ、北原夏美、佐伯奈々、瞳れん、泉まりん、神谷りの、春矢つばさ（椎名りく）、宮崎香穂、西尾いずみ（名波ゆら）、川瀬七夏、君島冴子（AOI.、村上葵）、黒瀬いずみ、遥ゆりあ、野々宮りん（長谷川めい）、松本亜璃沙、松浦ユキ、大貫かりん、根本あきこ、青山亜里沙、小林みゆき、荒川美姫、あずま樹、長谷川ちひろ、坂下麗,https://www.javbus.com/EXTA-018,
EMBE-003 ヘルタースケルター（～超過激エログロ～）な美熟女たち！！,EMBE-003 ヘルタースケルター（～超過激エログロ～）な美熟女たち！！,EMBE-003,,2012-12-14,239分鐘,,貴婦人族/エマニエル,貴婦人族,,成熟的女人、已婚婦女、中出、巨乳、肛交,吉田香織、有森理美、赤坂なつみ、北原夏美、あずま樹,https://www.javbus.com/EMBE-003,
SLBA-015 近親相姦レズビアン4時間,SLBA-015 近親相姦レズビアン4時間,SLBA-015,,2012-12-14,244分鐘,,スタイルアート/妄想族,スタイルアートLOVEBETES/妄想族,,成熟的女人、女同性戀、亂倫、蘿莉塔,稲森琴、南あおい、新尾きり子、北原夏美、澤村レイコ（高坂保奈美、高坂ますみ）、佐伯奈々、瞳れん、泉まりん、神谷りの、松本亜璃沙、霧島奈緒子、艶堂しほり（遠藤しおり）、林なお、遥ゆりあ、大槻ひびき、桜りお、結城みさ、琥珀うた、愛音麻友、黒瀬いずみ、白河雪乃,https://www.javbus.com/SLBA-015,
QXL-84 RUBY厳選！2012年新モデル 熟女水着コレクション 8時間,QXL-84 RUBY厳選！2012年新モデル 熟女水着コレクション 8時間,QXL-84,,2012-11-28,475分鐘,木村浩之,ルビー,RUBY,熟女の水着,成熟的女人、合集、4小時以上作品、泳裝,永井サツキ、松部るな、白石かおる、宮田かおる、羽鳥澄香、牧みどり、江口恭子、青木りかこ（明石翼）、北原夏美、澤村レイコ（高坂保奈美、高坂ますみ）、川原小百合、広瀬ゆかり,https://www.javbus.com/QXL-84,
JUSD-450 息子の友達のチ○ポでイキまくる母 8時間,JUSD-450 息子の友達のチ○ポでイキまくる母 8時間,JUSD-450,,2012-11-22,478分鐘,,マドンナ,Madonna,,成熟的女人、合集、已婚婦女、數位馬賽克、凌辱、4小時以上作品、出軌、DMM獨家,暮町ゆうこ、折原ゆかり、露木陽子、美原咲子、北原夏美、北条麻妃、細川まり、志村玲子、翔田千里、牧原れい子、青山葵、波木薫、木村真子、藤沢芳恵、新堂綾乃、黒谷りょうこ、伊織涼子、星杏奈、沢村麻耶、岩崎千鶴,https://www.javbus.com/JUSD-450,
LHJF-802 イヤらしいお母さんの顔騎、尻コキでイカされた息子たち,LHJF-802 イヤらしいお母さんの顔騎、尻コキでイカされた息子たち,LHJF-802,,2012-11-10,139分鐘,,マニアゼロ,F’OXY,,成熟的女人、母親、亂倫、已婚婦女、顏面騎乘,結城みさ、立花みずき、真下礼子、三咲恭子、浅倉彩音、北条美里、河合律子、北原夏美、澤村レイコ（高坂保奈美、高坂ますみ）、翔田千里,https://www.javbus.com/LHJF-802,
FAX-449 有害図書 熟れた女がいっぱい,FAX-449 有害図書 熟れた女がいっぱい,FAX-449,,2012-11-09,178分鐘,ヘンリー塚本,FAプロ・プラチナ,FAプロ,有害図書,成熟的女人、亂倫、已婚婦女、戲劇,円城ひとみ、杉本はるか、北原夏美、大越はるか、今井ゆり、菊川麻里、広瀬奈々美（堀口奈津美）,https://www.javbus.com/FAX-449,
SBB-152 巨乳パイズリ狭射30人4時間,SBB-152 巨乳パイズリ狭射30人4時間,SBB-152,,2012-11-09,241分鐘,,マルクス兄弟,MARXBrothersco.,,乳交、戀乳癖、巨乳、DMM獨家,愛あいり、辻さき、愛実（秋川ルイ）、黒木みらい、若槻尚美、北原夏美、中村綾乃、南沙也香、小坂めぐる、妃乃ひかり、水森あおい、阿部菜津子（福山洋子、織原寧々）、風間ゆみ、加山なつこ、来栖ほのか、上条めぐ（三浦芽依）、愛内ゆう、ゆうき真央、藤咲沙耶、木咲美琴、百花エミリ、北川瞳、木下若菜、仁科百華、武藤クレア、真中ちひろ、橘なお（上原海里）、漣ゆめ、伊沢美春（伊沢美晴）、小倉まりも,https://www.javbus.com/SBB-152,
DSE-985 近親相姦FUCK8時間 2,DSE-985 近親相姦FUCK8時間 2,DSE-985,,2012-11-07,480分鐘,,ドリームステージ,熟女絵巻,近親相姦FUCK,成熟的女人、亂倫、4小時以上作品,美空陽子、高島恵、南ナナ、三浦幸恵、持田准子、浅井舞香、常盤ことこ、愛樹るい、黒木小夜子（秀吉小夜子）、神威愛美、吉岡奈々子、夏樹しおり、澤村レイコ（高坂保奈美、高坂ますみ）、横田美樹、中山かすみ、山口玲子、直江陵、堀越香奈、天海ゆり、北あやめ、常盤あすか、樋口冴子（桐島千沙）、川島めぐみ、桃原歩、広瀬百合子、片桐くらら、町村小夜子、北原夏美、流川純、吉永美佐子,https://www.javbus.com/DSE-985,
YLW-4020 美熟女に甘えたい人大集合！ こんなに優しくエッチに癒されてみたいもんだ！,YLW-4020 美熟女に甘えたい人大集合！ こんなに優しくエッチに癒されてみたいもんだ！,YLW-4020,,2012-10-30,240分鐘,CHIKABUN,MellowMoon,YellowMoon,,成熟的女人、4小時以上作品,藤木未央、南ありさ、北原夏美、望月ゆみ、翔田千里、村上涼子（中村りかこ、黒木菜穂）、草凪純（加納瑞穂）,https://www.javbus.com/YLW-4020,
FAX-445 あ～中高年 他人（ひと）様の女はエロスなり,FAX-445 あ～中高年 他人（ひと）様の女はエロスなり,FAX-445,,2012-10-21,110分鐘,ヘンリー塚本,FAプロ・プラチナ,FAプロ,,成熟的女人、已婚婦女、戲劇,雪平あい、永井智美、並木るか（橘ひな）、北原夏美、つぼみ,https://www.javbus.com/FAX-445,
RKI-213 超ド級！！！美熟女100人盛り16時間,RKI-213 超ド級！！！美熟女100人盛り16時間,RKI-213,,2012-10-14,958分鐘,,ROOKIE,ROOKIE,,成熟的女人、合集、DMM獨家,愛田奈々、秋野千尋、伊島香織、朝乃美咲、井川ゆい、岩崎千鶴、長谷川美紅、加山なつこ、水元ゆうな、紫彩乃、翔田千里、北川みなみ、佐伯みずほ、木村真子、みなせ優夏、観月由奈、中園貴代美、当真ゆき（桜井マミ）、吉澤清美（田村みゆき）、青木美空、望月加奈（松沢真理）、星野あかり、大城真澄、黒木小夜子（秀吉小夜子）、松本まりな、葉月奈穂（葉月菜穂）、芦名未帆（稲森しほり）、村上涼子（中村りかこ、黒木菜穂）、矢部寿恵、柳田やよい、倖田李梨（倖田美梨、岩下美季）、雨宮真貴、華山美玲、桐岡さつき、春日もも、松田早紀、宮藤レイコ、蒼井リナ、美原咲子、横山みれい、水嶋あずみ、姫乃えみり、妃悠愛（長澤杏奈、水原里香、木崎祐子）、伊吹稟、高島恭子、さくらい葉菜、伊織涼子、美山蘭子、結城みさ、夏川未来（小春）、管野しずか、持田ルナ、北島玲、櫻井夕樹、JULIA、優木夏、北条美里、北条麻妃、三咲恭子、夢野まりあ、牧原れい子、有沢実紗、時越芙美江、風見京子、風間ゆみ、真白希実、橘エレナ、青木玲、小池絵美子、友田真希、小林里穂、光月夜也（林絵里）、広瀬ゆかり、折原ゆかり、浅倉彩音、竹内順子、相内リカ、滝澤クリスタル、北原夏美、芦沢彩乃、樋口冴子（桐島千沙）、浅井舞香、倉木小夜（村上美咲、樋口啓子）、愛染恭子（青山涼子）、志村玲子、川上ゆう（森野雫）、浜崎りお（森下えりか、篠原絵梨香）、佐藤みき（佐藤美紀、鈴木志帆）、中森玲子、細川まり、澤村レイコ（高坂保奈美、高坂ますみ）、森ななこ、艶堂しほり（遠藤しおり）、芹沢恋、姫野京香、広瀬奈々美（堀口奈津美）、平瀬りょう、大塚咲（小野沙樹、大滝佐紀）,https://www.javbus.com/RKI-213,
FAX-444 スワップ 妻が男とやっているのをのぞく/夫が女とやっているのをのぞく/連れ子の娘をスワッピング,FAX-444 スワップ 妻が男とやっているのをのぞく/夫が女とやっているのをのぞく/連れ子の娘をスワッピング,FAX-444,,2012-10-08,116分鐘,ヘンリー塚本,FAプロ・プラチナ,FAプロ,,成熟的女人、已婚婦女、戲劇,北原夏美、黒木小夜子（秀吉小夜子）、つぼみ,https://www.javbus.com/FAX-444,
CADV-346 巨乳人妻デリバリー 8時間50連発！！,CADV-346 巨乳人妻デリバリー 8時間50連発！！,CADV-346,,2012-10-03,478分鐘,,クリスタル映像,CRYSTALEX,人妻デリバリー,成熟的女人、妓女、已婚婦女、4小時以上作品、巨乳,一ノ瀬みいな、斉藤容子、遥花しいな、沢田祐理子、一色エレナ、真矢恭子、内田美奈子、新藤さやか、北原夏美、藤咲飛鳥、神谷みさと、夏目葉子、浅倉彩音、志村玲子、柊麗子、中峰さゆり、牧本千幸（つかもと友希）、山口玲子、神崎美樹、小池絵美子、杉本京子、安倍京子、宮田理沙、久遠ユリ、城月沙羅、芹沢舞、佐和真由香、長谷川ゆりえ、加賀るみ、桜田映子、音和礼子、北川千尋、藤咲沙耶、白石冴子、白河雪乃、あやめ梁、工藤あおい、青山真希、大谷佳香、久保希、夏木響子、三咲恭子、桜みちる、七瀬京香、美原咲子、華山美玲、桜井麻里、青山怜加、風間逸巳、いずみ麗,https://www.javbus.com/CADV-346,
OBST-027 熟れた巨乳の熟年パイズリ狭射セレクション,OBST-027 熟れた巨乳の熟年パイズリ狭射セレクション,OBST-027,,2012-09-30,121分鐘,,ex,お母さん.com,,成熟的女人、乳交、巨乳,本宮リカコ、本多かなめ、楢崎かほり、杉本亜美、佐野るる、伊織涼子、平山薫、JULIA、北原夏美、宮田まり、秋川りお（美月このみ）、有永すずか、藤森綾子、中野彩、立花みずき、池田沙智子、城エレン、宮崎あい、浅田ちち、甲斐ミハル,https://www.javbus.com/OBST-027,
OOMN-050 四十路五十路集 お口と手コキで抜いてあげる 4時間,OOMN-050 四十路五十路集 お口と手コキで抜いてあげる 4時間,OOMN-050,,2012-09-29,240分鐘,,ABC/妄想族,お母さん.com/ABC,美熟女プレイ集,成熟的女人、母親、口交、亂倫、DMM獨家、打手槍,廣野すみれ、来杉弓香、矢部寿恵、林なお、井本茜、澤村美香、北原夏美、絹田美津、松浦ユキ、翔田千里、保坂友利子、平由美子、石橋ゆう子、相楽葵、相田紀子、大友唯愛、大林理恵（大林リエ）、町村小夜子、藤下梨花、五十川みどり、青山祥子、柿本真緒、関口恵都子、広瀬ゆかり、坂本梨沙、山口智美、志村玲子、小橋早苗、小柳倫子、河合律子、加賀ゆり子、杉山あゆみ、城エレン、新尾きり子、ほしの菜実恵、鮎川るい、永井智美、永原美代子、押尾伸子、湯川美智子,https://www.javbus.com/OOMN-050,
BJYG-020 義母と息子の相互オナニー 息子にセンズリ顔射させる義母 4時間,BJYG-020 義母と息子の相互オナニー 息子にセンズリ顔射させる義母 4時間,BJYG-020,,2012-09-26,235分鐘,,マニアゼロ,美熟,,成熟的女人、4小時以上作品、婆婆、顏射、自慰,結城みさ、立花みずき、真下礼子、三咲恭子、浅倉彩音、北条美里、河合律子、北原夏美、澤村レイコ（高坂保奈美、高坂ますみ）、翔田千里,https://www.javbus.com/BJYG-020,
SCF-001 男汁を搾り出す極テク手コキ女優 60人8時間,SCF-001 男汁を搾り出す極テク手コキ女優 60人8時間,SCF-001,,2012-09-10,474分鐘,,マルクス兄弟,MARXBrothersco.,,打手槍,愛乃みやび、家森かおり、竹内サキ、鷹宮りょう、吉沢みなみ、浅倉彩音、澤村レイコ（高坂保奈美、高坂ますみ）、藍花（花桐まつり）、細川まり、紅音ほたる（秋月杏奈）、水森あおい、牧本千幸（つかもと友希）、響鳴音（望月なな）、小坂めぐる、彩芽はる、樹林れもん、茅ヶ崎ありす、村上里沙、中村さら、はるか悠、月嶋りお、星優乃、早川瀬里奈、佐々木玲奈、佐伯奈々、風間ゆみ、有賀知弥、加藤ツバキ（夏樹カオル）、宝月ひかる、村上涼子（中村りかこ、黒木菜穂）、泉まりん、新井エリー（晶エリー、大沢佑香）、葉月奈穂（葉月菜穂）、阿部菜津子（福山洋子、織原寧々）、鮎川真咲、鮎川なお、朝倉みき、くるみ（未来）、橘ミオン（石川鈴華）、家森ひとみ、ひなのりく、滝川絵理子、花沢もも、諸星セイラ（百瀬涼）、友倉なつみ、橘慶子、在佳亜矢、望多つばさ、新垣さくら、桜井エミリ、北原夏美、竹内順子、あいぶらん（蜜井とわ）、葉月紗絢、小林芽衣（小林メイ）、実相寺あみ、南沙也香、辻さき、浅田ちち,https://www.javbus.com/SCF-001,
SBB-148 至高のお掃除ふぇら30人4時間,SBB-148 至高のお掃除ふぇら30人4時間,SBB-148,,2012-09-10,241分鐘,,マルクス兄弟,MARXBrothersco.,,口交、顏射,宮下杏菜、阿部菜津子（福山洋子、織原寧々）、北原夏美、葉月奈穂（葉月菜穂）、松浦ユキ、杏珠、新井エリー（晶エリー、大沢佑香）、阿立未来、間宮いずみ、村上涼子（中村りかこ、黒木菜穂）、武藤クレア、樹花凜（七咲楓花）、伊沢美春（伊沢美晴）、仁科あき、碧しの（篠めぐみ）、一ノ瀬アメリ（美空あやか、栗栖エリカ）、紗奈、愛菜りな、長澤リカ、結城みさ、哀川りん、大沢美加（廣田まりこ）、須真杏里（須真杏理）、山口玲子、風間ゆみ、桜田さくら（松井さくら）、星野マキ、永瀬あき、千羽千鶴、松嶋侑里,https://www.javbus.com/SBB-148,
PARATHD-585 息子に手を出すド破廉恥なお義母さん6人の近●相姦SP,PARATHD-585 息子に手を出すド破廉恥なお義母さん6人の近●相姦SP,PARATHD-585,,2012-09-09,115分鐘,,パラダイスTV,,お義母さん6人の近●相姦SP,母親、亂倫、天堂TV、舔陰、高畫質,藤沢未央、北原夏美、細川まり、翔田千里、紫彩乃、鏡麗子,https://www.javbus.com/PARATHD-585,
AAJB-141 【AV30】黒人巨大マラVSニッポンの熟女 熟女総合メーカーグローバルメディア完全保存版 8時間,AAJB-141 【AV30】黒人巨大マラVSニッポンの熟女 熟女総合メーカーグローバルメディア完全保存版 8時間,AAJB-141,,2012-08-13,478分鐘,,グローバルメディアエンタテインメント,AV30,,成熟的女人、合集、數位馬賽克、黑人演員,長沢小雪、関口梨乃、長谷川美紅、加山なつこ、はるか悠、青井マリ、望月加奈（松沢真理）、紫彩乃、鏡麗子、夢野まりあ、杉本蘭、牧本千幸（つかもと友希）、松岡貴美子、山本ちづこ、北原夏美、川上ゆう（森野雫）、望月ゆみ、大林理恵（大林リエ）、三角美紀子、柳田やよい、桜井ひとみ、村上涼子（中村りかこ、黒木菜穂）、澤村レイコ（高坂保奈美、高坂ますみ）、橘美沙、若槻まどか、神田美優、五十嵐しのぶ、管野しずか、月島悠里、瀬奈涼、星杏奈、桐岡さつき、櫻井夕樹、蒼乃幸恵、白鳥聖子、高島恭子、山口美香、吉岡奈々子、時越芙美江、藤沢未央、有沢実紗、水沢真樹、魚住優子、北条麻妃、藤森綾子、美原咲子、松すみれ,https://www.javbus.com/AAJB-141,
AAJB-138 【AV30】ルビー創立20周年記念作品ガッツリ魅せます！歴代売上ランキングBEST60,AAJB-138 【AV30】ルビー創立20周年記念作品ガッツリ魅せます！歴代売上ランキングBEST60,AAJB-138,,2012-08-13,482分鐘,,ルビー,AV30,,成熟的女人、合集、4小時以上作品,吹雪しおり、沢口愛子、廣野すみれ、川原小百合、根元純、鷹宮りょう、浅倉彩音、美原咲子、艶堂しほり（遠藤しおり）、友田真希、松岡貴美子、雪村あずさ、帝塚真織、浜野るり子、天間美津江、藤ノ宮礼美、岩崎千鶴、川上ゆう（森野雫）、大塚咲（小野沙樹、大滝佐紀）、沙羅樹、江原あけみ（美輪ちあき）、キム・ソラ、与田明子、岩本良美、牧本千幸（つかもと友希）、美神さゆり、佐藤みき（佐藤美紀、鈴木志帆）、山咲百合子、広瀬奈々美（堀口奈津美）、羽月希、星安奈、北条麻妃、滝川峰子、横尾しのぶ、櫻井夕樹、島村倫代、牧みどり、時越芙美江、大河内奈美、結希玲衣（美咲礼、美咲レイ）、石井みどり、波純子、佐倉久子、愛田正子、大竹かずよ、新尾きり子、湊まり、坂田美影、並木橋靖子、柳田やよい、中園貴代美、鏡麗子、結城みさ、草凪純（加納瑞穂）、桜井あずさ、黒崎礼子、北原夏美、澤村レイコ（高坂保奈美、高坂ますみ）、風間ゆみ,https://www.javbus.com/AAJB-138,
RKI-200 中出しベストの逸品 ドックドク生中出し100人24時間,RKI-200 中出しベストの逸品 ドックドク生中出し100人24時間,RKI-200,,2012-08-12,1438分鐘,,ROOKIE,ROOKIE,,其他戀物癖、合集、中出、DMM獨家,あすか伊央、長谷川リオ、並樹ゆりあ、北川瞳、浅乃ハルミ、ERIKA（モカ、MOKA）、茅ヶ崎ありす、君野ゆめ、秋麗子、愛咲れいら（原千尋）、北原夏美、浜崎りお（森下えりか、篠原絵梨香）、綾瀬しおり、香坂杏奈、村上里沙、七瀬ゆうり、大葉なな、遠山千里、夏川るい、真琴、樋口冴子（桐島千沙）、千堂ゆりあ、矢田みりあ、ほしのまき、RiRi、MOMO、乙音奈々、芦名未帆（稲森しほり）、藤本まりな、沙雪、楓アイル、上原留華、三津なつみ、nao.（小池ひとみ）、片瀬まこ、清原りょう、今野梨乃、加山なつこ、水野美香、大空あかね、秋菜楓、乙姫みゆ、牧原れい子、水元ゆうな、竹内あい、水城奈緒、広瀬奈々美（堀口奈津美）、西山香菜、鈴音りおな、橘なお（上原海里）、大沢美加（廣田まりこ）、まりか、鈴木きあら（美空あいり）、泉麻那、妃悠愛（長澤杏奈、水原里香、木崎祐子）、亜希菜、碧しの（篠めぐみ）、JULIA、坂野由梨、西城玲華、愛原さえ、本多成実、佐々木はるか、秋本詩音、仁科百華、弘前亮子、武藤クレア、愛沢蓮、上原カエラ、松すみれ、eco、矢沢もえ、伊藤美里、KYOKO、艶堂しほり（遠藤しおり）、小峰ひなた、天宮紗那、楓まお、紺野ひより、一戸のぞみ、Hitomi（田中瞳）、RUMIKA、美月、青空小夏、希内あんな、葵ちひろ、北条麻妃、さくら結衣、長澤あずさ、友亜リノ,https://www.javbus.com/RKI-200,
FAX-432 世紀末 夫婦交換 公衆便所で夫婦交換/車ごとスワップ/眠らせた妻を輪させる夫,FAX-432 世紀末 夫婦交換 公衆便所で夫婦交換/車ごとスワップ/眠らせた妻を輪させる夫,FAX-432,,2012-08-10,113分鐘,ヘンリー塚本,FAプロ・プラチナ,FAプロ,,成熟的女人、已婚婦女、戲劇,夏海エリカ、浅井舞香、北原夏美、水沢ゆうこ,https://www.javbus.com/FAX-432,
MBYD-142 熟女がイク瞬間4時間 Vol.2,MBYD-142 熟女がイク瞬間4時間 Vol.2,MBYD-142,,2012-08-09,239分鐘,,溜池ゴロー,溜池ゴロー,熟女がイク瞬間,成熟的女人、合集、數位馬賽克、巨乳、DMM獨家,辻本りょう、春咲あずみ、横山みれい、北原夏美、水城奈緒、北条麻妃、翔田千里、村上涼子（中村りかこ、黒木菜穂）、水元ゆうな、風間ゆみ、朝霧一花、神崎レオナ（七瀬かすみ）、川上ゆう（森野雫）、艶堂しほり（遠藤しおり）、森ななこ、澤村レイコ（高坂保奈美、高坂ますみ）、浅倉彩音、加藤なお、吉岡奈々子、河合律子、山見ゆな、杉本亜美、石田れいな、沢村麻耶、美原咲子、新尾きり子、華山美玲、立花みずき、森山杏菜（森山杏奈）、瀬奈ジュン、瀬奈涼、結城みさ、香坂めぐ、伊織涼子、飯倉えりか、荒木瞳、優木明日花、佐々木千香、小出遥、橘エレナ,https://www.javbus.com/MBYD-142,
AAJB-009 【AV30】今でも見たい熟女から旬な熟女まで総まとめ！ BEST HIT美熟女,AAJB-009 【AV30】今でも見たい熟女から旬な熟女まで総まとめ！ BEST HIT美熟女,AAJB-009,,2012-08-09,479分鐘,,溜池ゴロー,AV30,BESTHIT美熟女,成熟的女人、合集、已婚婦女、4小時以上作品、DMM獨家,雨宮真貴、あづま樹、大城真澄、増尾彩、星野あかり、伊織涼子、艶堂しほり（遠藤しおり）、翔田千里、村上涼子（中村りかこ、黒木菜穂）、高倉梨奈、紫彩乃、友崎亜希、友田真希、楠真由美、風間ゆみ、松本まりな、酒井ちなみ（紫葵）、金子リサ、牧本千幸（つかもと友希）、志村玲子、瀬戸ゆうき、中森玲子、佐藤みき（佐藤美紀、鈴木志帆）、浅倉彩音、折原ゆかり、三咲恭子、北条麻妃、橘エレナ、管野しずか、澤村レイコ（高坂保奈美、高坂ますみ）、森ななこ、山本艶子、五十川みどり、浅井舞香、松浦ユキ、北原夏美、竹内順子、川上ゆう（森野雫）、姫野京香、桐岡さつき,https://www.javbus.com/AAJB-009,
VNDS-5036 親友の母と背徳の交尾関係,VNDS-5036 親友の母と背徳の交尾関係,VNDS-5036,,2012-08-01,119分鐘,コルト69,NEXTGROUP,ネクストイレブン,,成熟的女人、已婚婦女,北原夏美、翔田千里、あずま樹、友田真希,https://www.javbus.com/VNDS-5036,
LHJF-202 三十路四十路近親相姦 禁断セックス絶頂ファック！,LHJF-202 三十路四十路近親相姦 禁断セックス絶頂ファック！,LHJF-202,,2012-07-31,479分鐘,,マニアゼロ,F’OXY,,成熟的女人、母親、亂倫、已婚婦女、4小時以上作品,蒼乃幸恵、木村真子、大沢みのり、四季彩乃、橘エレナ、結城みさ、瀬戸ありさ、浅倉彩音、真田友里、牧野遥、佐藤みき（佐藤美紀、鈴木志帆）、滝川絵理子、白川ゆり、北条美里、三咲恭子、高島恭子、立花みずき、澤村レイコ（高坂保奈美、高坂ますみ）、北原夏美,https://www.javbus.com/LHJF-202,
QXL-78 RUBY厳選！美熟女楽園4時間,QXL-78 RUBY厳選！美熟女楽園4時間,QXL-78,,2012-07-30,240分鐘,CHIKABUN,ルビー,RUBY,美熟女楽園,成熟的女人、舔陰、4小時以上作品、巨乳,藤美淑子、河合律子、藤木未央、時越芙美江、南ありさ、真田友里、北原夏美、望月ゆみ、翔田千里、村上涼子（中村りかこ、黒木菜穂）、澤村美香、藤原レナ,https://www.javbus.com/QXL-78,
AAJB-133 【AV30】マキシング5周年記念スーパーベスト歴代女優売上TOP100 ど～んと8時間全て高画質で見せちゃいます。,AAJB-133 【AV30】マキシング5周年記念スーパーベスト歴代女優売上TOP100 ど～んと8時間全て高画質で見せちゃいます。,AAJB-133,,2012-07-13,485分鐘,,マキシング,AV30,,合集、美少女、4小時以上作品,福山さやか、美藤れん、長澤あずさ、佐山愛、西山希、ましろ杏、千堂ゆりあ、一戸のぞみ、今野梨乃、妃乃ひかり、Alice（鈴木ありす）、RUMIKA、麻木りあ、月野りさ、小沢アリス、吉沢明歩、新井エリー（晶エリー、大沢佑香）、つぼみ、雫パイン、愛内梨花、森ななこ、大沢美加（廣田まりこ）、麻宮モナ、成瀬心美（ここみ）、早乙女ルイ、木下柚花、藤井レイナ、春咲あずみ、卯月麻衣、大塚咲（小野沙樹、大滝佐紀）、西野ちな、吉田花、クリス小澤、葵ぶるま、後藤ひろみ、はるか悠、高原智美、花美ひな、みづなれい（みずなれい）、佐藤江梨花、桜井あみ、高嶺さゆり、あすかりの（柴咲あや）、紺野美奈子、風間ゆみ、さとうはるな、かすみ果穂、前嶋美歩、乙音奈々、灘坂舞、北川瞳、萩原舞、大沢かな、夢野まりあ、nao.（小池ひとみ）、芦名未帆（稲森しほり）、大石もえ、倉木みお、美上セリ、水元ゆうな、紅月ルナ、榊なち、高橋あん、佐藤友里（橋岡麻衣）、高杉綾美、冴嶋ゆき、桃咲まなみ、愛原さえ、小阪れおん、真木みなみ、陽向さつき、友田真希、新山ゆきみ、神崎るな、星野声奈、真矢ゆき、北川エリカ、永井智美、浅田ちち、中野さやか、橘実加、三村紗枝、横山みれい、望月加奈（松沢真理）、南原香織、小野今日子、山口玲子、北原夏美、牧野遥、黒木麻衣（花野真衣、SHIHO）、北島玲、美里麻衣、立花さや,https://www.javbus.com/AAJB-133,
FAX-425 母（おふくろ）たちの昭和/娘たちの昭和,FAX-425 母（おふくろ）たちの昭和/娘たちの昭和,FAX-425,,2012-07-13,328分鐘,ヘンリー塚本,FAプロ・プラチナ,FAプロ,,成熟的女人、亂倫、已婚婦女、美少女、戲劇,木佐まい、平原あいみ、二岡ゆり、並木るか（橘ひな）、北原夏美、大沢萌、黒木小夜子（秀吉小夜子）、酒井ちなみ（紫葵）、川上ゆう（森野雫）、風間ゆみ、MOMO、なつみ、浅井舞香、東条美菜、浅井千尋、夏海エリカ、菊島夕子、水嶋あい,https://www.javbus.com/FAX-425,
SWF-199 理不尽なレイプによって突然幸せを奪われた人妻 10人4時間,SWF-199 理不尽なレイプによって突然幸せを奪われた人妻 10人4時間,SWF-199,,2012-07-09,240分鐘,,ワンズファクトリー,WANZ,,強姦、已婚婦女、4小時以上作品,桃咲まなみ、羽月希、管野しずか、艶堂しほり（遠藤しおり）、北原夏美、小坂めぐる、広瀬奈々美（堀口奈津美）、翔田千里、川上ゆう（森野雫）、風間ゆみ,https://www.javbus.com/SWF-199,
JUSD-422 マドンナDVD売り上げランキングTOP50～熟女の王道・近親相姦編～,JUSD-422 マドンナDVD売り上げランキングTOP50～熟女の王道・近親相姦編～,JUSD-422,,2012-07-05,478分鐘,,マドンナ,Madonna,,成熟的女人、合集、亂倫、數位馬賽克、中出、巨乳、DMM獨家,横峯美佐子、橘エレナ、東千津子、黒崎ヒトミ（神津千絵子）、長谷川美紅、北原夏美、五十川みどり、町村小夜子、志村玲子、樋口冴子（桐島千沙）、広瀬ゆかり、紫彩乃、岩崎千鶴、加山なつこ、友田真希、藤森綾子、牧原れい子、有沢実紗、折原ゆかり、愛染恭子（青山涼子）、倉木小夜（村上美咲、樋口啓子）、泉貴子、瀬戸ゆうき、時越芙美江、風間ゆみ、美月ゆう子（長瀬優子）、増尾彩、美波志保、翔田千里、清水美佐子、佐伯晴香、浅見香織、如月みゆき、あずま樹、村上涼子（中村りかこ、黒木菜穂）、小林みゆき、結城みさ、白鳥美鈴、天霧真世、酒井ちなみ（紫葵）、山口玲子、里中亜矢子、藤沢芳恵、秋野千尋、櫻井夕樹、桐岡さつき、星杏奈、美原咲子,https://www.javbus.com/JUSD-422,
FAX-422 色っぽい母親たち 犯してしまいたい義理の母/男なしでは生きられぬ未亡人母/郵便屋の絶倫男に夢中の母,FAX-422 色っぽい母親たち 犯してしまいたい義理の母/男なしでは生きられぬ未亡人母/郵便屋の絶倫男に夢中の母,FAX-422,,2012-06-23,108分鐘,ヘンリー塚本,FAプロ・プラチナ,FAプロ,,成熟的女人、亂倫、已婚婦女、戲劇,浅井舞香、北原夏美、黒木小夜子（秀吉小夜子）,https://www.javbus.com/FAX-422,
WAB-110 ワンズファクトリーマニアコレクション 近親相姦BEST,WAB-110 ワンズファクトリーマニアコレクション 近親相姦BEST,WAB-110,,2012-06-19,243分鐘,,ワンズファクトリー,WANZ,ワンズファクトリーマニアコレクション,成熟的女人、合集、亂倫、多P、舔陰,和希優子、中森玲子、北原夏美、北条麻妃、瀬戸ゆうき、小林芽衣（小林メイ）、広瀬奈々美（堀口奈津美）、志村玲子、村上涼子（中村りかこ、黒木菜穂）、風間ゆみ、浅倉彩音、佐藤みき（佐藤美紀、鈴木志帆）、澤村レイコ（高坂保奈美、高坂ますみ）、妃悠愛（長澤杏奈、水原里香、木崎祐子）、増田ゆり子、秋吉くみ、小林みゆき、西条麗、里中亜矢子、小沢志乃、高倉梨奈、友田真希、楠真由美、山口玲子、菊池エリ、鮎川るい、麻生洋子、桐岡さつき,https://www.javbus.com/WAB-110,
OOMN-043 日常にあるエロス お母さんの無防備な誘惑。,OOMN-043 日常にあるエロス お母さんの無防備な誘惑。,OOMN-043,,2012-06-17,119分鐘,,ABC/妄想族,お母さん.com/ABC,美熟女プレイ集,成熟的女人、母親、其他戀物癖、已婚婦女、DVD多士爐、DMM獨家、內衣,本宮リカコ、青山祥子、峰岸志保、飯倉美奈子、雨宮真貴、宇喜多かすみ、宮瀬リコ、桐岡さつき、羽月希、澤村レイコ（高坂保奈美、高坂ますみ）、櫻井夕樹、内田美奈子、花村いづみ、立花みずき、加藤なお、新尾きり子、木村よしの、藤原絵理香、桜みちる、北条美里、永峰朋美（安岡たまき）、小向まな美、河合律子、時越芙美江、伊織涼子、加賀ゆり子、北原夏美、藤木未央、飯浜紀香、若槻尚美、北澤瞳、二宮亜季、中森玲子、富永ひろ美、鷹宮りょう、町村小夜子、ほしの菜実恵、水元えり、野原もも、竹井ゆかり、宮田まり、東条美菜、柳田やよい、大友唯愛、加藤ツバキ（夏樹カオル）、大越はるか、愛菜、秋川りお（美月このみ）、若林ひかる、梶原まゆ,https://www.javbus.com/OOMN-043,
LHJF-803 美熟女たちの下品な本気オナニー,LHJF-803 美熟女たちの下品な本気オナニー,LHJF-803,,2012-06-12,142分鐘,,マニアゼロ,F’OXY,,已婚婦女、自慰,君島英里奈、江原あけみ（美輪ちあき）、伊織涼子、真矢恭子、桐岡さつき、三咲恭子、北原夏美,https://www.javbus.com/LHJF-803,
EMBE-001 相姦交尾！背徳の美熟母たち。火照る女体は男性器を欲して！ 私の女体を犯して姦して凌辱して～！！,EMBE-001 相姦交尾！背徳の美熟母たち。火照る女体は男性器を欲して！ 私の女体を犯して姦して凌辱して～！！,EMBE-001,,2012-05-18,240分鐘,,貴婦人族/エマニエル,貴婦人族,,成熟的女人、母親、合集、亂倫,神野美緒、中村亜紀、山口智美、北原夏美、青井マリ、松浦ユキ、望月加奈（松沢真理）、あずま樹、村上涼子（中村りかこ、黒木菜穂）、みずしまちはる,https://www.javbus.com/EMBE-001,
JUSD-412 スーツ姿で悶える美熟女27人8時間,JUSD-412 スーツ姿で悶える美熟女27人8時間,JUSD-412,,2012-04-29,479分鐘,,マドンナ,Madonna,スーツ姿で悶える美熟女,成熟的女人、OL、女教師、合集、各種職業、數位馬賽克、4小時以上作品、DMM獨家,遠山美樹、愛田奈々、新堂綾乃、真田春香、さとう遥希、ASUKA、北原夏美、佐藤みき（佐藤美紀、鈴木志帆）、澤村レイコ（高坂保奈美、高坂ますみ）、広瀬奈々美（堀口奈津美）、翔田千里、青木玲、長谷川美紅、山口玲子、浅倉彩音、有沢実紗、優木明日花、仁科百華、桐岡さつき、吉永沙織、香坂めぐ、結城みさ、森山杏菜（森山杏奈）、高島恭子、橘慶子、新城美稀、真波紫乃,https://www.javbus.com/JUSD-412,
CADV-313 ばついち熟女50人 8時間DX,CADV-313 ばついち熟女50人 8時間DX,CADV-313,,2012-04-17,477分鐘,,クリスタル映像,CRYSTALEX,ばついち,成熟的女人、花癡、4小時以上作品,水野香里、菊池美希、藤原美穂、芹沢美華、小桜舞、堀越香奈、花村いづみ、加納瞳、永井智美、風間百合恵、あおい桜子、吉澤ななえ、志村玲子、日野幸枝、深尾彩乃、西岡亜美、音無めぐ、水野えみ、さくら優、天霧真世、篠原恵美、菊川れみ、吉岡奈々子、三咲恭子、夕希いづみ、飯田翔子、真鍋恭子、竹原さおり、近江なみ、藤堂直美、新山ひろ子、滝本紗都美、北原夏美、宮内萌、常磐あや、高島かぐや、美河さき、橘慶子、新尾きり子、五十嵐しのぶ、結城みさ、中野彩、美月怜、矢沢静香、東山芳香、綾瀬ちな、高橋みはる,https://www.javbus.com/CADV-313,
EMAC-020 特盛り！美熟女スペシャル27人8時間 下巻,EMAC-020 特盛り！美熟女スペシャル27人8時間 下巻,EMAC-020,,2012-04-14,479分鐘,,DX/エマニエル,DX（エマニエル）,特盛り！美熟女スペシャル,成熟的女人,荻原亜紀、四季彩乃、石川さとこ、滝川絵理子、根元純、浅倉彩音、佐藤みき（佐藤美紀、鈴木志帆）、中村綾乃、澤村レイコ（高坂保奈美、高坂ますみ）、大越はるか、大沢みのり、中野彩、結城みさ、立花みずき、高島恭子、早見るり、白川ゆり、美原咲子、瀬戸ありさ、本条直子、桜みちる、三咲恭子、河合律子、北原夏美、城エレン、真田友里、三井綾乃,https://www.javbus.com/EMAC-020,
SBB-135 ディルドオナニー60人 4時間,SBB-135 ディルドオナニー60人 4時間,SBB-135,,2012-04-09,242分鐘,,マルクス兄弟,MARXBrothersco.,,玩具、自慰,杉崎のあ、香坂美鈴、竹内サキ、新垣紗絵、森ななこ、哀川りん、樹花凜（七咲楓花）、黒木アリサ、紗奈、愛菜りな、山口玲子、月野りさ、成宮あいり、南りん、平井ミッシェル、北条麻妃、望月ゆみ、青木りん、阿部菜津子（福山洋子、織原寧々）、葉月奈穂（葉月菜穂）、黒木麻衣（花野真衣、SHIHO）、愛実（秋川ルイ）、水城奈緒、松嶋侑里、松浦ユキ、はるか悠、北原夏美、水谷ひとみ、大槻ひびき、あづみ、中野愛里、安藤えみ、美咲結衣、内田真由、矢吹杏、美神あおい、北川瞳、青木まり、寺島ちひろ、高沢沙耶、優木リノア、悠月舞、工藤沙菜恵、武藤クレア、JULIA、伊沢美春（伊沢美晴）、在佳亜矢、RUMIKA、瑠菜（安西瑠菜、RUNA）、碧しの（篠めぐみ）、持田百恵、妃悠愛（長澤杏奈、水原里香、木崎祐子）、愛乃みやび、望多つばさ、大城美咲、結城みさ、七瀬あさみ、中林彩、黒崎萌華,https://www.javbus.com/SBB-135,
SWF-191 特選美熟女 熟れた女の濃厚なまぐわい 20人4時間,SWF-191 特選美熟女 熟れた女の濃厚なまぐわい 20人4時間,SWF-191,,2012-04-04,240分鐘,来生元也,ワンズファクトリー,WANZ,,成熟的女人、多P、4小時以上作品,和希優子、中森玲子、艶堂しほり（遠藤しおり）、西条麗、翔田千里、玉置マリア、あずま樹、紫彩乃、朝倉まりあ、風間ゆみ、北島玲、早乙女香織、北原夏美、川上ゆう（森野雫）、澤村レイコ（高坂保奈美、高坂ますみ）、高井えみり、北条麻妃、橘エレナ、結城みさ,https://www.javbus.com/SWF-191,
MXSPS-219 熟女劇場 DUAL BOX 7時間,MXSPS-219 熟女劇場 DUAL BOX 7時間,MXSPS-219,,2012-03-28,442分鐘,,マキシング,MAXING,DUALBOX,成熟的女人、合集、4小時以上作品,北原夏美、北島玲、牧野遥、黒木麻衣（花野真衣、SHIHO）,https://www.javbus.com/MXSPS-219,
LLJW-705 近親相姦レズ 義母と娘 4時間,LLJW-705 近親相姦レズ 義母と娘 4時間,LLJW-705,,2012-03-19,243分鐘,,マニアゼロ,W（マニアゼロ）,,女同性戀、亂倫、4小時以上作品、婆婆,霧島奈緒子、遥ゆりあ、小久保真樹、林なお、桜井あずさ、北原夏美、澤村レイコ（高坂保奈美、高坂ますみ）、西尾いずみ（名波ゆら）、佐伯奈々、松本亜璃沙、黒瀬いずみ、倖田みらい、四季彩乃、瞳れん、泉まりん、神谷りの、高橋樹里,https://www.javbus.com/LLJW-705,
YUYG-005 年の差同性愛 熟女と娘の禁断な関係 4時間,YUYG-005 年の差同性愛 熟女と娘の禁断な関係 4時間,YUYG-005,,2012-03-12,244分鐘,,マニアゼロ,百合,,成熟的女人、女同性戀、4小時以上作品、手指插入,宮崎香穂、長谷川ちひろ、坂下麗、雛形ともこ、北原夏美、西尾いずみ（名波ゆら）、蒼月ひかり、あずま樹、松本亜璃沙、春矢つばさ（椎名りく）、佐伯奈々、一ノ瀬彩香、瞳れん、君島冴子（AOI.、村上葵）、野々宮りん（長谷川めい）、小林みゆき、泉まりん、荒川美姫、大友唯愛,https://www.javbus.com/YUYG-005,
CADV-303 四十路マダム 8時間100連発！！,CADV-303 四十路マダム 8時間100連発！！,CADV-303,,2012-03-02,478分鐘,,クリスタル映像,CRYSTALEX,四十路マダム,成熟的女人、合集、已婚婦女、4小時以上作品,織谷瞳、橘美沙、桐岡さつき、北原夏美、門井瑛子,https://www.javbus.com/CADV-303,
EMBS-007 勃起した乳首舐めさせてオナニーでイクッ義母,EMBS-007 勃起した乳首舐めさせてオナニーでイクッ義母,EMBS-007,,2012-02-27,140分鐘,,DX/エマニエル,DX（エマニエル）,,成熟的女人、婆婆、DMM獨家、自慰,結城みさ、立花みずき、真下礼子、三咲恭子、浅倉彩音、北条美里、河合律子、北原夏美、澤村レイコ（高坂保奈美、高坂ますみ）、翔田千里,https://www.javbus.com/EMBS-007,
EMAC-019 特盛り！美熟女スペシャル29人8時間 上巻,EMAC-019 特盛り！美熟女スペシャル29人8時間 上巻,EMAC-019,,2012-02-27,466分鐘,,DX/エマニエル,DX（エマニエル）,特盛り！美熟女スペシャル,成熟的女人、DMM獨家,根元純、浅倉彩音、河合律子、真田友里、佐藤みき（佐藤美紀、鈴木志帆）、吉岡奈々子、松嶋ルリ、澤村レイコ（高坂保奈美、高坂ますみ）、西尾いずみ（名波ゆら）、細川まり、瀬戸ありさ、結城みさ、立花みずき、高島恭子、華山美玲、早見るり、白川ゆり、美原咲子、藤原絵理香、真下礼子、君島英里奈、橘エレナ、藤森綾子、三咲恭子、北原夏美、牧野遥、翔田千里、北条美里、真矢恭子,https://www.javbus.com/EMAC-019,
FAX-399 ヘンリー塚本の ショッキング映像 ナマナマしい性器結合のリアリズム,FAX-399 ヘンリー塚本の ショッキング映像 ナマナマしい性器結合のリアリズム,FAX-399,,2012-02-25,117分鐘,ヘンリー塚本,FAプロ・プラチナ,FAプロ,ヘンリー塚本,成熟的女人、其他戀物癖、已婚婦女、花癡、戲劇、局部特寫,風見京子、北原夏美、飯島くらら、望月加奈（松沢真理）、川上ゆう（森野雫）、友田真希、風間ゆみ,https://www.javbus.com/FAX-399,
SWF-188 視線を一人占め！主観フェラチオ 30人4時間,SWF-188 視線を一人占め！主観フェラチオ 30人4時間,SWF-188,,2012-02-21,240分鐘,,ワンズファクトリー,WANZ,,口交、4小時以上作品、主觀視角,桃咲まなみ、愛原さえ、仁科百華、哀川りん、成瀬心美（ここみ）、北原夏美、村上里沙、五十嵐こころ、南沙也香、広瀬奈々美（堀口奈津美）、夏芽涼、妃乃ひかり、松坂みるく、佐伯奈々、愛菜りな、辻さき、神河美音、あいりみく、今村美穂、和葉みれい（藤白まき）、朝香涼、大沢美加（廣田まりこ）、ましろ杏、あづみ、月野りさ、山下優、星アンジェ、桜井春、樹花凜（七咲楓花）、風間ゆみ,https://www.javbus.com/SWF-188,
BJYG-013 肉感！他人に抱かれた熟ボディ 20人 8時間,BJYG-013 肉感！他人に抱かれた熟ボディ 20人 8時間,BJYG-013,,2012-02-15,479分鐘,,マニアゼロ,美熟,,成熟的女人、舔陰、4小時以上作品、巨乳,江原あけみ（美輪ちあき）、香坂めぐ、星杏奈、高島恭子、結城みさ、華山美玲、内田美奈子、瀬戸ありさ、北原夏美、若菜あゆみ、橘エレナ、城エレン、柳田やよい、澤村レイコ（高坂保奈美、高坂ますみ）、七瀬ゆい（羽田未来）、佐藤みき（佐藤美紀、鈴木志帆）、浅倉彩音、羽鳥澄香、三咲恭子、美原咲子,https://www.javbus.com/BJYG-013,
DJSI-015 勃起した乳首舐めさせてマンズリする熟女,DJSI-015 勃起した乳首舐めさせてマンズリする熟女,DJSI-015,,2012-01-30,117分鐘,,ジャネス,艶女,,成熟的女人、其他戀物癖、亂倫、自慰,結城みさ、立花みずき、真下礼子、三咲恭子、北条美里、北原夏美、澤村レイコ（高坂保奈美、高坂ますみ）,https://www.javbus.com/DJSI-015,
JUSD-390 美熟女風俗4時間,JUSD-390 美熟女風俗4時間,JUSD-390,,2012-01-21,239分鐘,,マドンナ,Madonna,,成熟的女人、合集、妓女、各種職業、數位馬賽克、DMM獨家,森ななこ、中森玲子、北原夏美、水城奈緒、五十川みどり、広瀬奈々美（堀口奈津美）、山口玲子、村上涼子（中村りかこ、黒木菜穂）、牧原れい子、風間ゆみ、佐藤みき（佐藤美紀、鈴木志帆）、遠山美樹,https://www.javbus.com/JUSD-390,
JUSD-391 美熟女24人の揺れる爆乳セックス8時間,JUSD-391 美熟女24人の揺れる爆乳セックス8時間,JUSD-391,,2012-01-21,479分鐘,,マドンナ,Madonna,美熟女○人の○○爆乳セックス8時間,成熟的女人、乳交、合集、已婚婦女、戀乳癖、數位馬賽克、4小時以上作品、巨乳、DMM獨家,蒼乃幸恵、津村美那子、楢崎かほり、中園貴代美、荒木瞳、Hitomi（田中瞳）、青木りん、藤森綾子、仁科百華、浜崎りお（森下えりか、篠原絵梨香）、時越芙美江、朝霧一花、佐藤みき（佐藤美紀、鈴木志帆）、西本はるみ、野原もも、友崎亜希、風間ゆみ、朝倉まりあ、酒井ちなみ（紫葵）、山口玲子、山口珠理、北原夏美、南沙也香、木村真子,https://www.javbus.com/JUSD-391,
MBYD-134 バックで突かれ淫れる美熟女8時間,MBYD-134 バックで突かれ淫れる美熟女8時間,MBYD-134,,2012-01-08,479分鐘,,溜池ゴロー,溜池ゴロー,,成熟的女人、合集、數位馬賽克、巨乳、DMM獨家,MISA、宮崎彩香、大友唯愛、春咲あずみ、艶堂しほり（遠藤しおり）、大塚咲（小野沙樹、大滝佐紀）、黒木麻衣（花野真衣、SHIHO）、白鳥美鈴、樋口冴子（桐島千沙）、間宮いずみ、横山みれい、瀬奈涼、瀬奈ジュン、管野しずか、立花みずき、華山美玲、北条麻妃、河合律子、伊織涼子、桐岡さつき、桜みちる、橘エレナ、真波紫乃、真白希実、杉山あゆみ、光月涼子、新尾きり子、亜希菜、吉岡奈々子、小鳥遊恋（高梨恋子）、桃井さくら、澤村レイコ（高坂保奈美、高坂ますみ）、細川まり、桜庭怜香、檀杏奈、浅倉彩音、折原ゆかり、広瀬ゆかり、木村雅子、仁科祐紀、姫野京香、若狭静珈、桐島菜穂子、北原夏美、川瀬さやか、神崎レオナ（七瀬かすみ）、石黒京香（黒木かえで）、川上ゆう（森野雫）、白川ゆり、風吹逸見、相楽杏、桜井咲子、松浦ユキ、白河真央、加藤レイナ、青伊らん、水城奈緒、星月優菜、瀬戸ゆうき、天海ゆり、あづま樹、柳田やよい、大柴ルミ、南原香織、増尾彩、翔田千里、辻本りょう、大友園子、村上涼子（中村りかこ、黒木菜穂）、七海菜々、@YOU、星野あかり、金子リサ、桐原あずさ（伊藤あずさ）、矢吹涼子、内田知里、滝沢優奈、高倉梨奈、小池絵美子、友崎亜希、楠真由美、酒井ちなみ（紫葵）、山口玲子、広瀬奈央美、雨宮真貴,https://www.javbus.com/MBYD-134,
WNZ-411 お母さんの美尻 17人4時間,WNZ-411 お母さんの美尻 17人4時間,WNZ-411,,2012-01-03,239分鐘,,ワンズファクトリー,WANZ,近親相姦お母さんの美尻,成熟的女人、母親、亂倫、屁股、4小時以上作品,天海ゆり、阿部菜津子（福山洋子、織原寧々）、北原夏美、澤村レイコ（高坂保奈美、高坂ますみ）、葉月奈穂（葉月菜穂）、生田沙織、山口玲子、村上涼子（中村りかこ、黒木菜穂）、秋川りお（美月このみ）、風間ゆみ、瀬戸ゆうき、竹井ゆかり、中村綾乃、広瀬奈々美（堀口奈津美）、町村小夜子、流川純、有沢実紗,https://www.javbus.com/WNZ-411,
KK-101 巨乳ママさんバレー部合宿,KK-101 巨乳ママさんバレー部合宿,KK-101,,2012-01-02,125分鐘,,グローリークエスト,GLORYQUEST,巨乳ママさんバレー部合宿,成熟的女人、乳交、DVD多士爐、高畫質、巨乳,葉山渚、有奈めぐみ、栗崎紗理奈、吉永沙織、北原夏美、藤宮櫻花（眞雪ゆん）,https://www.javbus.com/KK-101,
JUSD-387 女教師BEST8時間,JUSD-387 女教師BEST8時間,JUSD-387,,2011-12-29,479分鐘,,マドンナ,Madonna,女教師BEST,成熟的女人、女教師、合集、數位馬賽克、凌辱、DMM獨家,森山杏菜（森山杏奈）、有沢実紗、橘慶子、桐岡さつき、吉永沙織、優木明日花、北原夏美、浜崎りお（森下えりか、篠原絵梨香）、樋口冴子（桐島千沙）、牧原れい子、香坂玲依寧、永瀬美月、新堂綾乃、愛田奈々、青木玲,https://www.javbus.com/JUSD-387,
FRGJV-008 熟女100人10年史8時間,FRGJV-008 熟女100人10年史8時間,FRGJV-008,,2011-12-27,485分鐘,,グラフィティジャパン,フェアエスト,,成熟的女人、4小時以上作品,小沢志乃、冴島奈緒、風野チカ、姿麗子、渋谷あかね、立花優、麻生千尋、楠真由美、金子リサ、夢野まりあ、風間ゆみ、友田真希、山本さき、瀬名涼子、ミュウ（夏目ミュウ、春川リサ、夏目衣織）、坂下陽子、穂高奈月、小池絵美子、麻布レオナ、紫彩乃、桜月舞、松川怜未、友崎亜希、藤川真紀子、瀬戸恵子、杉本まりえ、星杏奈、相澤かな、藤森綾子、有沢実紗、青木りかこ（明石翼）、浅倉彩音、中森玲子、桐島ひかり、秋野美鈴、花村いづみ、酒井ちなみ（紫葵）、山口玲子、高梨さとみ、桐島秋子、宮下真紀、安藤千代子、艶堂しほり（遠藤しおり）、松本あきえ、澤村レイコ（高坂保奈美、高坂ますみ）、芹沢恋、浅井舞香、風間百合恵、五十川みどり、志村玲子、白鳥美鈴、日吉ルミコ、澤よし乃、愛川咲樹、天霧真世、東条美菜、叶艶子、上原美菜、町村小夜子、石黒京香（黒木かえで）、川上ゆう（森野雫）、北原夏美、今井ゆり、蓮見梨沙、高島恵、川田ちあき、柊麗子、翔田千里、長谷川真夕、松本亜璃沙、麻川梨乃、加賀雅、望月加奈（松沢真理）、立花瞳、里中亜矢子、結衣（結衣美沙）、風間今日子（風間恭子）、花井ももか、柊早矢（美咲ゆりあ）、黒木麻衣（花野真衣、SHIHO）、水紗和みずほ、月島えりな、あずま樹、山口真理、村上涼子（中村りかこ、黒木菜穂）、倖田李梨（倖田美梨、岩下美季）、麻倉みお、美月ゆう子（長瀬優子）、小林みゆき、海老原しのぶ,https://www.javbus.com/FRGJV-008,
DJSF-126 顔面騎乗 尻コキでいかされた僕 2,DJSF-126 顔面騎乗 尻コキでいかされた僕 2,DJSF-126,,2011-12-25,140分鐘,,ジャネス,艶女,顔面騎乗尻コキでいかされた僕,成熟的女人、其他戀物癖、屁股、顏面騎乘,結城みさ、立花みずき、真下礼子、三咲恭子、北条美里、北原夏美、澤村レイコ（高坂保奈美、高坂ますみ）,https://www.javbus.com/DJSF-126,
KK-096 熟女混浴温泉 スケベな熟女が若い男を狙う混浴温泉があった！,KK-096 熟女混浴温泉 スケベな熟女が若い男を狙う混浴温泉があった！,KK-096,,2011-12-21,125分鐘,,グローリークエスト,GLORYQUEST,,成熟的女人、濫交、已婚婦女、女上位、高畫質、巨乳,葉山渚、有奈めぐみ、吉永沙織、北原夏美,https://www.javbus.com/KK-096,
FAX-386 人生は雨のち晴れ時々SEX,FAX-386 人生は雨のち晴れ時々SEX,FAX-386,,2011-12-17,121分鐘,ヘンリー塚本,FAプロ・プラチナ,FAプロ,,成熟的女人、戲劇,愛川咲樹、北原夏美、倖田李梨（倖田美梨、岩下美季）、酒井ちなみ（紫葵）、望月加奈（松沢真理）,https://www.javbus.com/FAX-386,
SGMS-086 淫乱美熟女の濡れそぼる裸体 4時間,SGMS-086 淫乱美熟女の濡れそぼる裸体 4時間,SGMS-086,,2011-12-16,242分鐘,,スターゲート,STARGATE,,成熟的女人、紧缚、合集、花癡、多P,北原夏美、浅田ちち、北島玲、広瀬奈々美（堀口奈津美）、志村玲子、牧野遥、黒木麻衣（花野真衣、SHIHO）、小池絵美子、風間ゆみ、夢野まりあ、永井智美,https://www.javbus.com/SGMS-086,
DJSI-012 息子にオナニー見せつけセンズリ顔射させる母親たち,DJSI-012 息子にオナニー見せつけセンズリ顔射させる母親たち,DJSI-012,,2011-12-15,119分鐘,,ジャネス,艶女,センズリ顔射される○○,成熟的女人、母親、顏射、自慰,結城みさ、立花みずき、真下礼子、三咲恭子、北条美里、北原夏美、澤村レイコ（高坂保奈美、高坂ますみ）,https://www.javbus.com/DJSI-012,
OKAS-086 熟女バック,OKAS-086 熟女バック,OKAS-086,,2011-12-13,121分鐘,,ex,お母さん.com,,成熟的女人、母親、其他戀物癖、亂倫,青山祥子、宮崎あい、波多野結衣、桐岡さつき、林なお、北原夏美、町村小夜子、望月ゆみ、生田沙織、秋川りお（美月このみ）、山崎百合子、成田レミ、雨宮真貴、沢渡紗織、白高ちさと、伊織涼子、加賀ゆり子、佐野るる、飯浜紀香、若槻尚美、二宮亜季、富永ひろ美、廣野すみれ、西城玲華、羽月希,https://www.javbus.com/OKAS-086,
MBYD-133 熟女がイク瞬間4時間,MBYD-133 熟女がイク瞬間4時間,MBYD-133,,2011-12-08,239分鐘,,溜池ゴロー,溜池ゴロー,熟女がイク瞬間,成熟的女人、合集、DMM獨家,桃井さくら、優希あさみ、姫野京香、仁科祐紀、川瀬さやか、小鳥遊恋（高梨恋子）、志村玲子、松下ゆうか（愛乃彩音、藤咲ゆうか）、翔田千里、川上ゆう（森野雫）、桜みちる、管野しずか、立花みずき、白鳥聖子、亜希菜、美月あかり、蒼井リナ、四季彩乃、青木りかこ（明石翼）、時越芙美江、有沢実紗、河合律子、北条麻妃、光月涼子、真白希実、真波紫乃、倉木さゆり、浅倉彩音、澤村レイコ（高坂保奈美、高坂ますみ）、桜庭怜香、一条真生、北原夏美、和光志穂、佐藤みき（佐藤美紀、鈴木志帆）、檀杏奈、小池絵美子、君島冴子（AOI.、村上葵）、滝沢優奈、村上涼子（中村りかこ、黒木菜穂）、白鳥美鈴、樋口冴子（桐島千沙）、友田真希,https://www.javbus.com/MBYD-133,
JUC-674 熟女宿 ～帰ってきた新女将と温泉盗撮大騒動～,JUC-674 熟女宿 ～帰ってきた新女将と温泉盗撮大騒動～,JUC-674,,2011-11-18,209分鐘,三島六三郎,マドンナ,Madonna,,成熟的女人、濫交、偷窥、數位馬賽克、女主人、女老板、高畫質、巨乳、DMM獨家,伊織涼子、加山なつこ、桐岡さつき、北原夏美,https://www.javbus.com/JUC-674,
FAX-379 女は見かけに寄らず 大人しくて慎ましやか 実は好き者嫁/熟女介護ヘルパー実は淫乱女/未亡人の母 子供に隠れてマスかきまくり,FAX-379 女は見かけに寄らず 大人しくて慎ましやか 実は好き者嫁/熟女介護ヘルパー実は淫乱女/未亡人の母 子供に隠れてマスかきまくり,FAX-379,,2011-11-11,112分鐘,,FAプロ・プラチナ,FAプロ,,成熟的女人、寡婦、戲劇,円城ひとみ、睦美杏奈、雪平あい、北原夏美,https://www.javbus.com/FAX-379,
WNZ-391 奥さんクイ込みレオタード15人4時間,WNZ-391 奥さんクイ込みレオタード15人4時間,WNZ-391,,2011-11-08,239分鐘,,ワンズファクトリー,WANZ,,已婚婦女、緊身衣、4小時以上作品、手指插入,篠崎さとみ、阿部菜津子（福山洋子、織原寧々）、北原夏美、葉月奈穂（葉月菜穂）、松浦ユキ、志村玲子、山口玲子、松本亜璃沙、村上涼子（中村りかこ、黒木菜穂）、風間ゆみ、響鳴音（望月なな）、はるか悠、高島恵、望月ゆみ、竹内サキ,https://www.javbus.com/WNZ-391,
CADV-279 人妻デリバリー8時間100連発！！,CADV-279 人妻デリバリー8時間100連発！！,CADV-279,,2011-11-02,478分鐘,,クリスタル映像,CRYSTALEX,人妻デリバリー,妓女、已婚婦女、巨乳、打手槍,桐島さゆり、香月悠子、長谷川ゆりえ、佐和真由香、結城みさ、華山美玲、浅倉彩音、芹沢舞、艶堂しほり（遠藤しおり）、綾女、三上カンナ、千堂静香、立木ゆりあ、吉咲みなみ、水野優、鈴木愛美、北原夏美、川瀬さやか、山田さとみ、沢田祐理子、澤村レイコ（高坂保奈美、高坂ますみ）、桐島愛、一色エリナ、神谷みさと、夏目葉子、夏木響子、北沢ひとみ、三咲恭子、真山さとり、久保希、青山真希、黒木静香、東山芳香、加賀るみ、吉田由美、桜田映子、花村いずみ、藤崎飛鳥、風間逸巳、桜みちる、美原咲子、新尾きり子、早見るり、桜井麻里、青山怜加、今枝陽子、松本あやの、月島悠里、野々宮京香、美月杏、牧本千幸（つかもと友希）、内田知里、仲西彩乃、寺澤しのぶ、安倍京子、桜木舞、大友園子、結城椿、高嶋ゆうこ（高島ゆう子）、生田沙織、西条麗、坂下れい、愛田るか、山口玲子、真田ゆかり（葵のぞみ）、柏木ありさ、神崎美樹、杉本京子、一ノ瀬かずみ、菊川れみ、結衣（結衣美沙）、宮田理沙、久遠ユリ、城月沙羅、栗原さやか、雨宮友美、志村玲子、中峰さゆり、浅宮ゆかり、藤田みやび、源彩華、新藤さやか、姫乃蘭、星優奈、白鳥美鈴、名取悦子、西本さつき、柊麗子、南原香織、町野とびら、山口かすみ、間宮いずみ、日吉ルミコ、白井エリ、斉藤容子,https://www.javbus.com/CADV-279,
OOMN-032 妖艶な四十路五十路母 どスケベセックス4時間,OOMN-032 妖艶な四十路五十路母 どスケベセックス4時間,OOMN-032,,2011-10-29,239分鐘,,ABC/妄想族,お母さん.com/ABC,美熟女プレイ集,成熟的女人、母親、合集、婆婆、DMM獨家、打手槍,石田みちる、美月祥子、杉山あゆみ、四季彩乃、美山蘭子、加賀ゆり子、河合律子、時越芙美江、北原夏美、生田沙織、広瀬ゆかり、城エレン、小橋早苗、椿美羚、来杉弓香、湯沢多喜子、大林理恵（大林リエ）、根元純、関口恵都子、伊織涼子,https://www.javbus.com/OOMN-032,
FAX-375 好き者嫁の色っぽい肉体,FAX-375 好き者嫁の色っぽい肉体,FAX-375,,2011-10-21,103分鐘,ヘンリー塚本,FAプロ・プラチナ,FAプロ,,已婚婦女、69、戲劇、巨乳,夏海エリカ、北原夏美、黒木小夜子（秀吉小夜子）、望月加奈（松沢真理）、秋川りお（美月このみ）,https://www.javbus.com/FAX-375,
EMBS-006 お母さんの脱ぎたてパンティで手コキされ発射する息子たち,EMBS-006 お母さんの脱ぎたてパンティで手コキされ発射する息子たち,EMBS-006,,2011-10-16,125分鐘,,DX/エマニエル,DX（エマニエル）,お母さんの脱ぎたてパンティで手コキされ発射する息子たち,成熟的女人、母親、DMM獨家、內衣、打手槍,根元純、結城みさ、北条美里、河合律子、北原夏美、佐藤みき（佐藤美紀、鈴木志帆）、翔田千里,https://www.javbus.com/EMBS-006,
DJSF-119 義母の脱ぎたて汚パンティで亀頭責め手コキ 2,DJSF-119 義母の脱ぎたて汚パンティで亀頭責め手コキ 2,DJSF-119,,2011-10-15,126分鐘,,ジャネス,艶女,義母の脱ぎたて汚パンティで亀頭責め手コキ,成熟的女人、婆婆、內衣、打手槍,結城みさ、立花みずき、真下礼子、三咲恭子、北条美里、北原夏美、澤村レイコ（高坂保奈美、高坂ますみ）,https://www.javbus.com/DJSF-119,
FAX-374 1●才で禁親相姦 嫁いでも尚続く義父と娘の肉欲関係,FAX-374 1●才で禁親相姦 嫁いでも尚続く義父と娘の肉欲関係,FAX-374,,2011-10-10,100分鐘,ヘンリー塚本,FAプロ・プラチナ,FAプロ,,亂倫、戲劇、打手槍,萩原理恵、夏海エリカ、北原夏美、風間ゆみ,https://www.javbus.com/FAX-374,
JUSD-370 挿入された瞬間のリアルな反応！！美熟女30人4時間,JUSD-370 挿入された瞬間のリアルな反応！！美熟女30人4時間,JUSD-370,,2011-10-06,239分鐘,,マドンナ,Madonna,,成熟的女人、合集、已婚婦女、數位馬賽克、巨乳、DMM獨家,秋野千尋、かすみりさ、青木りん、森ななこ、北原夏美、水城奈緒、つぼみ、浜崎りお（森下えりか、篠原絵梨香）、水元ゆうな、夢野まりあ、葉月奈穂（葉月菜穂）、青木玲、長谷川美紅、山口玲子、七瀬ゆい（羽田未来）、成瀬心美（ここみ）、百花エミリ、小出遥、雨宮真貴、荒木瞳、桐岡さつき、羽月希、平山薫、立花みずき、夏原カレン、横山みれい、ましろ杏、真白希実、浅乃ハルミ、渡部梓,https://www.javbus.com/JUSD-370,
JUSD-369 アナルオナニーに耽る美熟女BEST,JUSD-369 アナルオナニーに耽る美熟女BEST,JUSD-369,,2011-10-06,178分鐘,,マドンナ,Madonna,,成熟的女人、合集、已婚婦女、數位馬賽克、DMM獨家、自慰、肛交,長谷川美紅、瀬奈ジュン、艶堂しほり（遠藤しおり）、北原夏美、吉岡奈々子、若菜あゆみ、樋口冴子（桐島千沙）、村上涼子（中村りかこ、黒木菜穂）、川上ゆう（森野雫）、紫彩乃、澤村レイコ（高坂保奈美、高坂ますみ）、真白希実、管野しずか、大城かえで、西城玲華、藤咲沙耶,https://www.javbus.com/JUSD-369,
DJSI-004 エロ義母に騎乗られ中出しされた息子,DJSI-004 エロ義母に騎乗られ中出しされた息子,DJSI-004,,2011-10-05,138分鐘,,ジャネス,艶女,,成熟的女人、中出、女上位、婆婆、顏面騎乘,結城みさ、立花みずき、真下礼子、三咲恭子、北原夏美,https://www.javbus.com/DJSI-004,
FAX-371 昭和エロス 下宿屋の六畳間 38才未亡人のワイセツな日々/使用人とできた妻/再婚熟女新妻のねちっこい性生活,FAX-371 昭和エロス 下宿屋の六畳間 38才未亡人のワイセツな日々/使用人とできた妻/再婚熟女新妻のねちっこい性生活,FAX-371,,2011-09-19,115分鐘,ヘンリー塚本,FAプロ・プラチナ,FAプロ,昭和エロス（FAプロ・プラチナ）,成熟的女人、已婚婦女、寡婦、戲劇,北原夏美、大沢萌、望月加奈（松沢真理）、風間ゆみ,https://www.javbus.com/FAX-371,
EMAC-015 亀頭を締めあげ尺りたてる下品な熟女フェラ 4時間 3,EMAC-015 亀頭を締めあげ尺りたてる下品な熟女フェラ 4時間 3,EMAC-015,,2011-09-12,240分鐘,,DX/エマニエル,DX（エマニエル）,亀頭を締めあげ尺りたてる下品な熟女フェラ,成熟的女人、口交、DMM獨家,白川ゆり、橘エレナ、早見るり、河合律子、桜みちる、水沢なな、早川由紀子、観月ゆり、友田真希、井上雅、北条美里、浅倉彩音、佐藤みき（佐藤美紀、鈴木志帆）、鮎川るい、翔田千里、松浦ユキ、北原夏美、澤村レイコ（高坂保奈美、高坂ますみ）、細川まり、山口美花,https://www.javbus.com/EMAC-015,
EMAS-069 近親相姦 息子を痴女るいやらしい体をしたドスケベ熟女DX2 4時間,EMAS-069 近親相姦 息子を痴女るいやらしい体をしたドスケベ熟女DX2 4時間,EMAS-069,,2011-09-12,239分鐘,,SA/エマニエル,SA（エマニエル）,息子を痴女るいやらしい体をしたドスケベ熟女,蕩婦、亂倫、女上位、婆婆、巨乳、DMM獨家,結城みさ、立花みずき、真下礼子、三咲恭子、北原夏美,https://www.javbus.com/EMAS-069,
OOMN-029 フェラチオしたがる母親達 94名8時間,OOMN-029 フェラチオしたがる母親達 94名8時間,OOMN-029,,2011-08-27,480分鐘,,ABC/妄想族,お母さん.com/ABC,美熟女プレイ集,成熟的女人、母親、口交、婆婆、顏射、DMM獨家,愛原唯、藤森綾子、横山みれい、北条美里、中森玲子、時越芙美江、桜みちる、北原夏美、澤村レイコ（高坂保奈美、高坂ますみ）、細川まり、鷹宮りょう、藤宮櫻花（眞雪ゆん）、大越はるか、生田沙織、加藤ツバキ（夏樹カオル）、柳田やよい、松浦ユキ、町村小夜子、中村綾乃、立花みずき,https://www.javbus.com/OOMN-029,
FAX-363 ヘンリー塚本の色っぽい女たちのおっぱいフェチ,FAX-363 ヘンリー塚本の色っぽい女たちのおっぱいフェチ,FAX-363,,2011-08-15,121分鐘,ヘンリー塚本,FAプロ・プラチナ,FAプロ,ヘンリー塚本,成熟的女人、戀乳癖、戲劇、巨乳,根本あきこ、白雪蓮、北原夏美、早坂めぐ、秋川りお（美月このみ）,https://www.javbus.com/FAX-363,
FAX-362 もうどうなってもいい…禁親相姦悦楽地獄 娘 妹 姉 母,FAX-362 もうどうなってもいい…禁親相姦悦楽地獄 娘 妹 姉 母,FAX-362,,2011-08-06,108分鐘,ヘンリー塚本,FAプロ・プラチナ,FAプロ,,母親、亂倫、姐妹、戲劇,夏海エリカ、雪平あい、北原夏美、神崎レオナ（七瀬かすみ）,https://www.javbus.com/FAX-362,
RDD-069 久々の若い男の匂いに性欲をかき立てられ、発情してしまった美熟女は…,RDD-069 久々の若い男の匂いに性欲をかき立てられ、発情してしまった美熟女は…,RDD-069,,2011-08-03,121分鐘,,プレステージ,REALDOCUMENT,,成熟的女人、手指插入、巨乳,黒木唯香、桐岡さつき、北原夏美,https://www.javbus.com/RDD-069,
JUSD-357 絶頂アクメ！熟マンクンニ120連発4時間,JUSD-357 絶頂アクメ！熟マンクンニ120連発4時間,JUSD-357,,2011-07-31,238分鐘,,マドンナ,Madonna,,成熟的女人、合集、數位馬賽克、舔陰、DMM獨家,星野あかり、黒木あげは、吉野碧、小林みゆき、伊織涼子、黒木麻衣（花野真衣、SHIHO）、あずま樹、鮎川るい、妃乃ひかり、よしい美希（伊沢涼子、吉井美希）、渡部梓、伊島香織、牧田かえで、雨宮真貴、優木明日花、真矢志穂、白鳥美雪、桐岡さつき、真下礼子、内田美奈子、星杏奈、平山薫、結城みさ、池田喜代子、伊吹稟、小林さとみ、新村まり子、横山みれい、北条美里、有沢実紗、石橋ゆう子、浅倉彩音、佐藤みき（佐藤美紀、鈴木志帆）、中森玲子、森ななこ、艶堂しほり（遠藤しおり）、春風えみ、広瀬奈々美（堀口奈津美）、川上ゆう（森野雫）、北原夏美、樋口冴子（桐島千沙）、宮崎彩香、五十川みどり、泉貴子、瀬戸ゆうき、倉木小夜（村上美咲、樋口啓子）、天海ゆり、神楽メイ、浜崎りお（森下えりか、篠原絵梨香）、志村玲子、白坂百合、大塚咲（小野沙樹、大滝佐紀）、白鳥美鈴、恭子、坂本梨沙、向井莉奈、日吉ルミコ、愛川咲樹、天霧真世、増尾彩、桐原あずさ（伊藤あずさ）、速水怜、美波志保、翔田千里、清水美佐子、佐伯晴香、如月みゆき、和希優子、片山ゆかり、吉川ゆう、神崎京子、増田ゆり子、藤原キリカ、沢田麗奈、野宮凛子、水城優子、麻生洋子、青山ゆかり、村上涼子（中村りかこ、黒木菜穂）、吹雪かすみ、倖田李梨（倖田美梨、岩下美季）、日向ゆみ、篠宮慶子、美月ゆう子（長瀬優子）、折原純子、西条麗、希崎圭蓮（杉本彩子）、里中亜矢子、結衣（結衣美沙）、葉山瑶子、青木玲、小池絵美子、麻布レオナ、神崎美樹、桜月舞、水元ゆうな、草凪純（加納瑞穂）、沙羅樹、真田ゆかり（葵のぞみ）、友崎亜希、須藤あゆみ、友田真希、赤坂ルナ、牧原れい子、風見京子、風間ゆみ、朝倉まりあ、沢口みき、篠崎さとみ、酒井ちなみ（紫葵）、山口珠理、宏岡みらい、橘未稀（石川麻矢）、吉野サリー（立花きらら）、菊池エリ、岩崎千鶴、加山なつこ、岡崎美女、牧本千幸（つかもと友希）,https://www.javbus.com/JUSD-357,
PSSD-198 「熟女教師の口はもっと嘘をつく。3」 熟雌女anthology special ＃022,PSSD-198 「熟女教師の口はもっと嘘をつく。3」 熟雌女anthology special ＃022,PSSD-198,,2011-07-30,418分鐘,,アウダースジャパン,AUDAZ,熟雌女anthology,成熟的女人、女教師、合集、淫語、主觀視角,榊なち、桜みちる、北原夏美、村上里沙、柳田やよい、広瀬奈々美（堀口奈津美）、加藤ツバキ（夏樹カオル）、桐原あずさ（伊藤あずさ）、村上涼子（中村りかこ、黒木菜穂）、nao.（小池ひとみ）、新尾きり子、高島恭子、瀬奈涼、結城みさ,https://www.javbus.com/PSSD-198,
EMAS-066 中高年のトキメキお見合いパーティー 既婚者合コン2,EMAS-066 中高年のトキメキお見合いパーティー 既婚者合コン2,EMAS-066,,2011-07-29,136分鐘,ロック,SA/エマニエル,SA（エマニエル）,既婚者合コン（エマニエル）,成熟的女人、濫交、已婚婦女、DMM獨家,君島英里奈、真矢恭子、北原夏美,https://www.javbus.com/EMAS-066,
AXAF-002 熟年者のセックスライフ 2,AXAF-002 熟年者のセックスライフ 2,AXAF-002,,2011-07-25,110分鐘,TANAKA,ジャネス,艶女,熟年者のセックスライフ,成熟的女人、濫交、已婚婦女,君島英里奈、真矢恭子、北原夏美,https://www.javbus.com/AXAF-002,
OBST-019 母親のパンチラ胸チラの日常 ex3周年記念 BEST 4時間,OBST-019 母親のパンチラ胸チラの日常 ex3周年記念 BEST 4時間,OBST-019,,2011-07-15,241分鐘,,ex,お母さん.com,,成熟的女人、母親、合集、4小時以上作品、內衣,穂坂菜摘、二宮亜季、小柳倫子、水野優、大友唯愛、五十川みどり、松嶋ルリ、澤村レイコ（高坂保奈美、高坂ますみ）、町村小夜子、松浦ユキ、浅田ちち、北澤瞳、若槻尚美、飯浜紀香、佐野るる、時越芙美江、永井智美、山岡もも恵、小野里美、中野まりえ、近藤由美、廣野すみれ、仲田絵理、梶原まゆ、山崎百合子、秋川りお（美月このみ）、黒木麻衣（花野真衣、SHIHO）、相田紀子、水沢久美、湯沢多喜子、東条美菜、藤咲飛鳥、蓮見梨沙、ほしの菜実恵、北原夏美、石田えりこ、宮崎あい、望月ゆみ、中村綾乃、立花みずき,https://www.javbus.com/OBST-019,
SBB-112 足コキ50連発！,SBB-112 足コキ50連発！,SBB-112,,2011-07-08,242分鐘,,マルクス兄弟,MARXBrothersco.,,戀腿癖、足交,家森かおり、家森ひとみ、我那覇りな、鷹宮りょう、竹内順子、一戸のぞみ、北島玲、新井エリー（晶エリー、大沢佑香）、青木瀬奈、紅音ほたる（秋月杏奈）、澄川ロア、茅ヶ崎ありす、鮎川真咲、鮎川なお、北原夏美,https://www.javbus.com/SBB-112,
MBYD-124 溜池ゴロー五周年記念 大総集編 8時間 下巻,MBYD-124 溜池ゴロー五周年記念 大総集編 8時間 下巻,MBYD-124,,2011-07-07,479分鐘,,溜池ゴロー,溜池ゴロー,溜池ゴロー五周年記念大総集編8時間,成熟的女人、合集、數位馬賽克、4小時以上作品、DMM獨家,星野あかり、辻本りょう、横山みれい、艶堂しほり（遠藤しおり）、北条麻妃、城エレン、黒木麻衣（花野真衣、SHIHO）、翔田千里、村上涼子（中村りかこ、黒木菜穂）、風間ゆみ、橘エレナ、櫻井夕樹、飯倉えりか、加納瞳、百田栞、雨宮真貴、管野しずか、桐岡さつき、彼方まりあ、椿めぐみ、内田美奈子、伊織涼子、星杏奈、香坂めぐ、結城みさ、瀬奈涼、立花みずき、白鳥聖子、真白希実、白川ゆり、新尾きり子、美月あかり、亜希菜、早見るり、華山美玲、高島恭子、蒼井リナ、美原咲子、橘慶子、倉木さゆり、藤原絵理香、桜みちる、四季彩乃、真波紫乃、瀬奈ジュン、江原あけみ（美輪ちあき）、細川まり、光月涼子、藤森綾子、真田友里、柳井瞳、三咲恭子、河合律子、夏木響子、有沢実紗、藤木ルイ、吉岡奈々子、加藤なお、若菜あゆみ、浅倉彩音、佐藤みき（佐藤美紀、鈴木志帆）、山口美花、中森玲子、澤村レイコ（高坂保奈美、高坂ますみ）、広瀬奈々美（堀口奈津美）、友田真希、内田桃子（藤原多恵）、杉山あゆみ、川上ゆう（森野雫）、神崎レオナ（七瀬かすみ）、川瀬さやか、北原夏美、樋口冴子（桐島千沙）、柳田やよい、大塚咲（小野沙樹、大滝佐紀）、水城奈緒、春咲あずみ、山口玲子,https://www.javbus.com/MBYD-124,
BJDX-003 極選！美熟女スペシャル 3 4時間,BJDX-003 極選！美熟女スペシャル 3 4時間,BJDX-003,,2011-06-23,240分鐘,,マニアゼロ,美熟,極選！美熟女スペシャル,成熟的女人、多P、舔陰、4小時以上作品,白鳥聖子、橘エレナ、根元純、結城みさ、三咲恭子、華山美玲、桜みちる、真田友里、中村綾乃、細川まり、北原夏美、友崎亜希、立花みずき,https://www.javbus.com/BJDX-003,
BJYG-003 近親相姦12組の母と子の中出しSEX4時間,BJYG-003 近親相姦12組の母と子の中出しSEX4時間,BJYG-003,,2011-06-23,240分鐘,,マニアゼロ,美熟,,成熟的女人、母親、亂倫、中出、4小時以上作品,羽鳥澄香、根元純、北条美里、桜みちる、北原夏美、山口美花、澤村レイコ（高坂保奈美、高坂ますみ）、瀬戸ゆうき、松浦ユキ、吉澤レイカ、立花みずき、浅倉彩音,https://www.javbus.com/BJYG-003,
SMD-037 黒人にレイプされた10人の熟女,SMD-037 黒人にレイプされた10人の熟女,SMD-037,,2011-06-18,181分鐘,,グローバルメディアエンタテインメント,SUPERMIX,,成熟的女人、強姦、數位馬賽克、凌辱、中出、黑人演員,有沢実紗、松岡貴美子、関口梨乃、星杏奈、時越芙美江、北原夏美、吉岡奈々子、柳田やよい、望月加奈（松沢真理）、牧本千幸（つかもと友希）,https://www.javbus.com/SMD-037,
OKAS-070 昼下がり、美熟母のオナニーいろいろ 2,OKAS-070 昼下がり、美熟母のオナニーいろいろ 2,OKAS-070,,2011-06-18,119分鐘,,ex,お母さん.com,昼下がり、美熟母のオナニーいろいろ,成熟的女人、母親、自慰,山岡もも恵、青山祥子、藤倉香里、飯倉美奈子、雨宮真貴、堀越香奈、桐岡さつき、JULIA、加賀ゆり子、北原夏美、北園梓、澤美レミ、杉山あゆみ、鷹宮りょう、風見なな,https://www.javbus.com/OKAS-070,
OBST-018 お母さんは下着姿、生着替えを視姦する。総集編 4時間,OBST-018 お母さんは下着姿、生着替えを視姦する。総集編 4時間,OBST-018,,2011-06-17,242分鐘,,ex,お母さん.com,お母さんは下着姿、生着替えを視姦する。,母親、合集、內衣,木村雅子、蓮見梨沙、水野優、椿美羚、中森玲子、浅田ちち、大越はるか、小林芽衣（小林メイ）、細川まり、小鳥遊恋（高梨恋子）、二宮亜季、北澤瞳、藤木未央、北原夏美、東条美菜、神崎美樹、野原もも、若林ひかる、秋川りお（美月このみ）、城エレン、黒木麻衣（花野真衣、SHIHO）、生田沙織、坂本梨沙、絹田美津、関口恵都子、加藤なお、木村よしの、美原咲子、中野まりえ、新尾きり子、澤美レミ、石田みちる、立花みずき、北園梓、小町あかり、中野彩、岩淵香奈枝、藤原絵理香、桜みちる、佐野るる、時越芙美江、井本茜、林このみ、河合律子、小向まな美、秋野泉、藤森綾子、北条美里、永原美代子、沢渡紗織,https://www.javbus.com/OBST-018,
PSSD-197 「熟夜嬢の口はもっと嘘をつく。3」 熟雌女anthology special ＃021,PSSD-197 「熟夜嬢の口はもっと嘘をつく。3」 熟雌女anthology special ＃021,PSSD-197,,2011-06-14,309分鐘,,アウダースジャパン,AUDAZ,熟雌女anthology,成熟的女人、合集、妓女、淫語、主觀視角,夏川優奈（白石沙里奈）、加山なつこ、浅倉彩音、北原夏美、村上里沙、加藤ツバキ（夏樹カオル）、山口玲子、松下ゆうか（愛乃彩音、藤咲ゆうか）、金沢文子、風間ゆみ、藤木ルイ,https://www.javbus.com/PSSD-197,
SWF-165 大量放水 放尿・失禁・潮吹き 40人4時間,SWF-165 大量放水 放尿・失禁・潮吹き 40人4時間,SWF-165,,2011-06-13,237分鐘,,ワンズファクトリー,WANZ,,放尿、潮吹、4小時以上作品、手指插入、女優按摩棒,愛原さくら、樹花凜（七咲楓花）、ayami（赤西涼、まひる）、五十嵐こころ、小坂めぐる、愛菜りな、広瀬奈々美（堀口奈津美）、あいぶらん（蜜井とわ）、川上ゆう（森野雫）、紅音ほたる（秋月杏奈）、鷹宮りょう、星アンジェ、瀬奈涼、RUMIKA、一色明奈、ひなのりく、吉川莉奈、さくらゆめ（橘ゆめ）、香坂美優、早乙女美奈子、北原夏美、宝生優果（羽野理沙）、瀬戸ひなた、浜崎りお（森下えりか、篠原絵梨香）、柳田やよい、大塚咲（小野沙樹、大滝佐紀）、春矢つばさ（椎名りく）、加藤ツバキ（夏樹カオル）、翔田千里、新井エリー（晶エリー、大沢佑香）、日向ゆず葉、天衣みつ、佐伯奈々、風間ゆみ、彩芽はる、香椎杏子、浅田まほ、村上里沙、ほしの光莉,https://www.javbus.com/SWF-165,
FAX-347 大人たちがする ゴムをはめないナマナマしい 発情SEX,FAX-347 大人たちがする ゴムをはめないナマナマしい 発情SEX,FAX-347,,2011-06-11,114分鐘,ヘンリー塚本,FAプロ・プラチナ,FAプロ,,野外・露出、舔陰、戲劇,夏海エリカ、北原夏美、神崎レオナ（七瀬かすみ）、桐原あずさ（伊藤あずさ）、永瀬あき、川上ゆう（森野雫）,https://www.javbus.com/FAX-347,
SLBA-001 熟女×少女14組の淫らなレズ 濡れて止まらない敏感マ○コ 4時間,SLBA-001 熟女×少女14組の淫らなレズ 濡れて止まらない敏感マ○コ 4時間,SLBA-001,,2011-05-29,243分鐘,,スタイルアート/妄想族,スタイルアートLOVEBETES/妄想族,,成熟的女人、女同性戀、DMM獨家,宮崎香穂、小林みゆき、長谷川ちひろ、荒川美姫、一ノ瀬彩香、坂下麗、佐伯奈々、瞳れん、押切麗奈、あずま樹、君島冴子（AOI.、村上葵）、野々宮りん（長谷川めい）、松本亜璃沙、泉まりん、西尾いずみ（名波ゆら）、大友唯愛、雛形ともこ、蒼月ひかり、北原夏美、長瀬真央、春矢つばさ（椎名りく）,https://www.javbus.com/SLBA-001,
FAX-344 四十路の母の世間によくある話し 熟女,FAX-344 四十路の母の世間によくある話し 熟女,FAX-344,,2011-05-22,168分鐘,ヘンリー塚本,FAプロ・プラチナ,FAプロ,,成熟的女人、母親、已婚婦女、戲劇,五十嵐しのぶ、北原夏美、大沢萌,https://www.javbus.com/FAX-344,
GESD-192 古今東西 ど淫乱美熟女Best22 4時間,GESD-192 古今東西 ど淫乱美熟女Best22 4時間,GESD-192,,2011-05-19,238分鐘,,現映社,ぴあす,,成熟的女人、合集、花癡、舔陰、4小時以上作品,松村加津美、五十嵐しのぶ、愛川咲樹、今宮せつな、北原夏美、野宮凛子、岡崎靖子、松浦ユキ、志村玲子、結城あや、三谷良江、望月加奈（松沢真理）、里中亜矢子、紫彩乃、加藤さやか、青木美里、牧原れい子、前川清子、川奈まり子、瀬戸恵子、高梨さとみ、岡珠恵,https://www.javbus.com/GESD-192,
FAX-342 昭和乱れ牡丹 亭主の留守に輪されて愛液大洪水の妻/白目をむいていっちゃう俺の妹/色っぽい妻に群がる男たち,FAX-342 昭和乱れ牡丹 亭主の留守に輪されて愛液大洪水の妻/白目をむいていっちゃう俺の妹/色っぽい妻に群がる男たち,FAX-342,,2011-05-13,106分鐘,ヘンリー塚本,FAプロ・プラチナ,FAプロ,,已婚婦女、姐妹、女上位、戲劇,黒川ちょこ、北原夏美、秋川りお（美月このみ）,https://www.javbus.com/FAX-342,
FAX-341 婚期を逸した女の性 あ～ 男が欲しい昼下がり/亭主はムショの中 絶倫竿に夢中の妻/力ずくでやられたい昼下がり…,FAX-341 婚期を逸した女の性 あ～ 男が欲しい昼下がり/亭主はムショの中 絶倫竿に夢中の妻/力ずくでやられたい昼下がり…,FAX-341,,2011-05-13,115分鐘,ヘンリー塚本,FAプロ・プラチナ,FAプロ,,成熟的女人、已婚婦女、舔陰、戲劇,夏海エリカ、中森玲子、北原夏美,https://www.javbus.com/FAX-341,
AXAH-002 すべらない熟女 2 4時間,AXAH-002 すべらない熟女 2 4時間,AXAH-002,,2011-04-25,241分鐘,,ジャネス,艶女,すべらない熟女（ジャネス）,成熟的女人、合集、花癡、4小時以上作品,根元純、結城みさ、立花みずき、三咲恭子、華山美玲、桜みちる、真田友里、北原夏美、中村綾乃、細川まり,https://www.javbus.com/AXAH-002,
CADV-243 四十路マダムEX 巨乳妻限定4時間,CADV-243 四十路マダムEX 巨乳妻限定4時間,CADV-243,,2011-04-25,238分鐘,,クリスタル映像,CRYSTALEX,四十路マダム,成熟的女人、潮吹、已婚婦女、通姦、巨乳,風口直美、東早苗、堀田明美、矢吹紫穂、後藤さなえ、廣野すみれ、宮戸織江、藤森綾子、時越芙美江、北原夏美、小川美佐子、川奈マキ、小田春香、伊乃愛華、松原志穂,https://www.javbus.com/CADV-243,
PSSD-188 「熟OLの口はもっと嘘をつく。 3」 熟雌女anthology special ＃019,PSSD-188 「熟OLの口はもっと嘘をつく。 3」 熟雌女anthology special ＃019,PSSD-188,,2011-04-18,246分鐘,,アウダースジャパン,AUDAZ,熟雌女anthology,成熟的女人、OL、合集、淫語、主觀視角,藤木ルイ、天海ゆり、加山なつこ、艶堂しほり（遠藤しおり）、北原夏美、北条麻妃、桐原あずさ（伊藤あずさ）、川上ゆう（森野雫）,https://www.javbus.com/PSSD-188,
FAX-335 母の乱れた裸身 祖父の竿をしゃぶる母/父にあそこを舐められている母/自分であそこをこすっている母/祖父に犯されてしまった母,FAX-335 母の乱れた裸身 祖父の竿をしゃぶる母/父にあそこを舐められている母/自分であそこをこすっている母/祖父に犯されてしまった母,FAX-335,,2011-04-10,108分鐘,ヘンリー塚本,FAプロ・プラチナ,FAプロ,,母親、已婚婦女、舔陰、戲劇、巨乳,愛川咲樹、北原夏美、東条美菜,https://www.javbus.com/FAX-335,
MBYD-118 義母奴隷 COMPLETE BEST 2,MBYD-118 義母奴隷 COMPLETE BEST 2,MBYD-118,,2011-04-09,479分鐘,,溜池ゴロー,溜池ゴロー,義母奴隷,成熟的女人、合集、數位馬賽克、性奴、婆婆、DMM獨家,白鳥聖子、橘エレナ、真波紫乃、和光志穂、藤森綾子、艶堂しほり（遠藤しおり）、北原夏美、広瀬奈々美（堀口奈津美）、樋口冴子（桐島千沙）、村上涼子（中村りかこ、黒木菜穂）、澤村レイコ（高坂保奈美、高坂ますみ）、山口美花、浅倉彩音、広瀬ゆかり、吉岡奈々子、河合律子、三咲恭子、真田友里、藤原絵理香,https://www.javbus.com/MBYD-118,
EMBB-001 S級プラチナ熟女 4時間,EMBB-001 S級プラチナ熟女 4時間,EMBB-001,,2011-03-27,241分鐘,,DX/エマニエル,DX（エマニエル）,S級プラチナ熟女,成熟的女人、多P、女上位、巨乳、DMM獨家,白川ゆり、根元純、三咲恭子、浅倉彩音、吉岡奈々子、澤村レイコ（高坂保奈美、高坂ますみ）、柳田やよい、細川まり、城エレン、友田真希、真田友里、北条美里、橘エレナ、早見るり、佐藤みき（佐藤美紀、鈴木志帆）、北原夏美、松浦ユキ、中野彩,https://www.javbus.com/EMBB-001,
FAX-332 おっぱいに吸い付く中年男 巨乳エロ,FAX-332 おっぱいに吸い付く中年男 巨乳エロ,FAX-332,,2011-03-21,123分鐘,ヘンリー塚本,FAプロ・プラチナ,FAプロ,,成熟的女人、戀乳癖、戲劇、巨乳,宮崎あい、並木るか（橘ひな）、北原夏美、麻生岬,https://www.javbus.com/FAX-332,
FAX-333 ショック！妻が弟とやってる！/祖父のツバを呑む嫁/シックスナインに夢中の義母と息子/おふくろが隣りのおやじと駅弁ファック SEX現場,FAX-333 ショック！妻が弟とやってる！/祖父のツバを呑む嫁/シックスナインに夢中の義母と息子/おふくろが隣りのおやじと駅弁ファック SEX現場,FAX-333,,2011-03-21,103分鐘,ヘンリー塚本,FAプロ・プラチナ,FAプロ,,已婚婦女、69、女上位、戲劇,北原夏美、大沢萌、神崎レオナ（七瀬かすみ）、桐原あずさ（伊藤あずさ）,https://www.javbus.com/FAX-333,
SWF-157 強制連続イカせ 30人4時間,SWF-157 強制連続イカせ 30人4時間,SWF-157,,2011-03-20,240分鐘,,ワンズファクトリー,WANZ,,紧缚、4小時以上作品、女優按摩棒、按摩棒、跳蛋,村上里沙、愛菜りな、彩花ゆめ、桃井りか、北島玲、清原りょう、佐倉もなみ、紅月ルナ、三津なつみ、紅音ほたる（秋月杏奈）、妃乃ひかり、姫野愛、天衣みつ、風間ゆみ、北原夏美、ERIKA（モカ、MOKA）、RUMIKA、諸星セイラ（百瀬涼）、一色明奈、鈴香音色、倖田みらい、ひなのりく、月野りさ、真田リサ、可愛カナ、艶堂しほり（遠藤しおり）、辻さき、広瀬奈々美（堀口奈津美）、あいぶらん（蜜井とわ）、管野しずか,https://www.javbus.com/SWF-157,
JUSD-333 禁断の近親相姦ファック8時間,JUSD-333 禁断の近親相姦ファック8時間,JUSD-333,,2011-03-20,476分鐘,,マドンナ,Madonna,,成熟的女人、合集、亂倫、數位馬賽克、DMM獨家,相澤かな、池田喜代子、橘エレナ、星杏奈、長谷川美紅、結城みさ、新尾きり子、美原咲子、北原夏美、風間ゆみ、江原あけみ（美輪ちあき）、真下礼子、桐岡さつき、櫻井夕樹、横峯美佐子、牧原れい子、紫彩乃,https://www.javbus.com/JUSD-333,
FRGJV-005 隣の未亡人DX 4時間,FRGJV-005 隣の未亡人DX 4時間,FRGJV-005,,2011-03-18,239分鐘,,グラフィティジャパン,フェアエスト,隣の未亡人,合集、寡婦、顏面騎乘,芹沢恋、浅倉彩音、艶堂しほり（遠藤しおり）、北原夏美、澤村レイコ（高坂保奈美、高坂ますみ）、村上涼子（中村りかこ、黒木菜穂）、川上ゆう（森野雫）,https://www.javbus.com/FRGJV-005,
SMD-034 発射3分前！！ 熟女43人中出しザーメン,SMD-034 発射3分前！！ 熟女43人中出しザーメン,SMD-034,,2011-03-16,240分鐘,,グローバルメディアエンタテインメント,SUPERMIX,,成熟的女人、數位馬賽克、中出,若槻まどか、橘美沙、大林理恵（大林リエ）、松岡貴美子、三角美紀子、山口美花、山本ちづこ、望月ゆみ、青井マリ、牧本千幸（つかもと友希）、望月加奈（松沢真理）、はるか悠、関口梨乃、時越芙美江、艶堂しほり（遠藤しおり）、真田友里、吉岡奈々子、長谷川美紅、妃乃ひかり、川上ゆう（森野雫）、加山なつこ、魚住優子、長沢小雪、中森玲子、神咲りえ、北原夏美、伊乃愛華、橘エレナ、澤よし乃,https://www.javbus.com/SMD-034,
SMA-545 Mega-8時間 近親相姦に溺れたお母さん30人,SMA-545 Mega-8時間 近親相姦に溺れたお母さん30人,SMA-545,,2011-03-11,478分鐘,,マルクス兄弟,MARXBrothersco.,,成熟的女人、母親、合集、亂倫、中出,麻生洋子、小沢志乃、阿部菜津子（福山洋子、織原寧々）、秋吉くみ、西条麗、里中亜矢子、高倉梨奈、友田真希、楠真由美、風間ゆみ、天海ゆり、瀬戸ゆうき、北原夏美、中村綾乃、橘慶子、澤村レイコ（高坂保奈美、高坂ますみ）、和希優子、小林みゆき、鮎川るい,https://www.javbus.com/SMA-545,
CADV-236 完熟マダムPREMIUM 4時間,CADV-236 完熟マダムPREMIUM 4時間,CADV-236,,2011-03-03,239分鐘,,クリスタル映像,CRYSTALEX,完熟マダムPREMIUM,成熟的女人、口交、乳交、已婚婦女、巨乳,長谷川美紅、加山なつこ、結城みさ、艶堂しほり（遠藤しおり）、北原夏美、澤村レイコ（高坂保奈美、高坂ますみ）、広瀬奈々美（堀口奈津美）、翔田千里、村上涼子（中村りかこ、黒木菜穂）、風間ゆみ、中森玲子、華山美玲、早見るり、新尾きり子、美原咲子、真白希実、三咲恭子、浅倉彩音、佐藤みき（佐藤美紀、鈴木志帆）、桐岡さつき,https://www.javbus.com/CADV-236,
RLOB-007 近親義母 お母さんのフェラチオ,RLOB-007 近親義母 お母さんのフェラチオ,RLOB-007,,2011-02-19,138分鐘,,マニアゼロ,乱熟,,蕩婦、成熟的女人、口交、亂倫、打手槍,四季彩乃、橘エレナ、高島恭子、結城みさ、浅倉彩音、北条美里、桜みちる、北原夏美、山口美花、松浦ユキ、立花みずき,https://www.javbus.com/RLOB-007,
KND-006 9時間120人 熟女のマ○コへ中出し総量362ミリリットル！,KND-006 9時間120人 熟女のマ○コへ中出し総量362ミリリットル！,KND-006,,2011-02-16,541分鐘,,グローバルメディアエンタテインメント,長期熟成グローバル,ご愛顧感謝・限定10周年記念BOX,成熟的女人、數位馬賽克、中出、4小時以上作品,原島みどり、姫野京香、浦沢亜矢子、西山めぐみ、吉田絵里子、間宮志乃、艶堂しほり（遠藤しおり）、山口美花、中村綾乃、瀬戸恵子、牧本千幸（つかもと友希）、加山なつこ、宮下真紀、弓永真琴、三田涼子、沢口みき、田口ゆかり、風間ゆみ、結城綾音、楠真由美、青木美里、堀切忍、長谷川美紅、小池絵美子、矢田瞳、川村紅巳、花井ももか、田中芳江、白石京子、里中亜矢子、井川留美、愛田かれん、保坂陽子、望月加奈（松沢真理）、岡田裕美、秋山美紗、春日真由美、川久保夏美、吹雪かすみ、安藤ゆみ、松本佳代子（松本加代子）、あずま樹、石原小百合、翔田千里、柊麗子、小泉ありさ、青井マリ、中川智子、川島れいこ、伊乃愛華、北条アミ、白鳥美鈴、平川奈美、朝霧なつこ、白坂百合、志村玲子、織田なつき、山口愛子、絹田美津、泉貴子、五十川みどり、三角美紀子、松岡貴美子、東千津子、浅井舞香、松浦ユキ、東条美菜、叶艶子、はるか悠、高島恵、山本ちづこ、柿本真緒、北原夏美、川上ゆう（森野雫）、藤ノ宮礼美、秋野夕日、三木藤乃、一条真生、中森玲子、関口梨乃、根本恵津子、佐藤みき（佐藤美紀、鈴木志帆）、広畑加代子、横田美樹、宮田まり、夏目静子、藤崎あかり、矢部温子、中川ルナ、松下紗世、内田明日花、時越芙美江、永井智美、藤木ルイ、柳井瞳、松浦綾子、波木麗子、結城櫻子、神咲りえ、滝澤美緒、大久保久子、佐藤菜摘、橘エレナ、羽賀紀江、新村まり子、浅野静香、五十嵐しのぶ、谷綾香、佐藤千佳,https://www.javbus.com/KND-006_2011-02-16,
RLOA-002 近親ドキュメント 娘と義母の禁じられた関係 2,RLOA-002 近親ドキュメント 娘と義母の禁じられた関係 2,RLOA-002,,2011-02-07,138分鐘,,マニアゼロ,乱熟,近親ドキュメント娘と義母の禁じられた関係,成熟的女人、女同性戀、亂倫、婆婆,小久保直樹、荻原亜紀、霧島奈緒子、四季彩乃、倖田みらい、松坂るい、高橋樹里、北原夏美、佐伯奈々、泉まりん,https://www.javbus.com/RLOA-002,
JUSD-324 こちらマドンナ独身寮・11人の寮母さん8時間DX,JUSD-324 こちらマドンナ独身寮・11人の寮母さん8時間DX,JUSD-324,,2011-02-04,479分鐘,,マドンナ,Madonna,こちらマドンナ独身寮,成熟的女人、合集、數位馬賽克、DMM獨家,白石さゆり、愛川咲樹、青木りん、加山なつこ、北原夏美、山口玲子、翔田千里、村上涼子（中村りかこ、黒木菜穂）、友田真希、風間ゆみ、佐藤みき（佐藤美紀、鈴木志帆）,https://www.javbus.com/JUSD-324,
RLOB-001 下品で淫語で強制手コキ責めする痴熟女,RLOB-001 下品で淫語で強制手コキ責めする痴熟女,RLOB-001,,2011-02-02,140分鐘,,マニアゼロ,乱熟,,蕩婦、成熟的女人、淫語、多P、打手槍,堀越香奈、真田友里、北原夏美、澤村レイコ（高坂保奈美、高坂ますみ）、細川まり、松浦ユキ、坂本梨沙、翔田千里、鮎川るい,https://www.javbus.com/RLOB-001,
RLOA-001 近親ドキュメント 娘と義母の禁じられた関係,RLOA-001 近親ドキュメント 娘と義母の禁じられた関係,RLOA-001,,2011-02-01,140分鐘,,マニアゼロ,乱熟,近親ドキュメント娘と義母の禁じられた関係,成熟的女人、女同性戀、亂倫、婆婆,霧島奈緒子、ひなの、林なお、北原夏美、澤村レイコ（高坂保奈美、高坂ますみ）、佐伯奈々、瞳れん、泉まりん、神谷りの、松本亜璃沙,https://www.javbus.com/RLOA-001,
FAX-320 FAプロ 夫婦交換,FAX-320 FAプロ 夫婦交換,FAX-320,,2011-01-25,188分鐘,ヘンリー塚本,FAプロ・プラチナ,FAプロ,,成熟的女人、情侶、多P、戲劇,木内詩織、杉沢麻子、麻香いずみ、北原夏美、大沢萌、森野ひな,https://www.javbus.com/FAX-320,
OBST-012 お母さんとの情事 近親相姦50組4時間,OBST-012 お母さんとの情事 近親相姦50組4時間,OBST-012,,2011-01-17,242分鐘,,ex,お母さん.com,お母さんとの情事,母親、口交、合集、亂倫、打手槍,夏海エリカ、加藤なお、四季彩乃、小柳倫子、飯浜紀香、根元純、若槻尚美、北条美里、藤木未央、小向まな美、二宮亜季、水野優、松嶋ルリ、榎本香織、宮田まり、石橋ゆう子、藤倉香里、藤崎飛鳥、石田みちる、永峰朋美（安岡たまき）、井本茜、寺崎悠子、時越芙美江、澤村美香、佐野るる、桧山すず、澤村レイコ（高坂保奈美、高坂ますみ）、林なお、東条美菜、松浦ユキ、五十川みどり、穂阪詩織、絹田美津、坂本梨沙、大友唯愛、相田紀子、秋川りお（美月このみ）、水元えり、蓮見梨沙、ほしの菜実恵、浅田ちち、廣野すみれ、木村雅子、明星ちかげ、望月ゆみ、町村小夜子、石田えりこ、北原夏美、柿本真緒、神崎美樹,https://www.javbus.com/OBST-012,
RKI-103 超人気女優・超ボリューム・超ハード2穴FUCK150作品16時間,RKI-103 超人気女優・超ボリューム・超ハード2穴FUCK150作品16時間,RKI-103,,2011-01-15,958分鐘,,ROOKIE,ROOKIE,,合集、多P、DMM獨家、肛交,中塚愛、藤本まりな、小澤マリア、辻本りょう、柳田やよい、泉まりん、北田優歩、新井エリー（晶エリー、大沢佑香）、愛咲れいら（原千尋）、南波杏、志村玲子、渡瀬安奈、柚木あや、真鍋あや、轟絵夢、松野ゆい、富永ルナ、村上涼子（中村りかこ、黒木菜穂）、華美月、@YOU、真中ゆり、神谷りの、桜井梨花、流海、大石ひとみ、大塚咲（小野沙樹、大滝佐紀）、星沢マリ、今野梨乃、白鳥美鈴、MOMO、乙音奈々、香月藍、日吉ルミコ、大谷ひろみ、木村那美、水嶋友穂、翔田千里、秋山よし乃、松坂みるく、柊早矢（美咲ゆりあ）、坂下麻衣、沢見ひかり、酒井るんな、持田茜（しじみ）、月野しずく、真田ゆかり（葵のぞみ）、志保、佐伯奈々、逢乃うさぎ、東城えみ、安部かおり、西村あみ、山口玲子、広瀬奈央美、牧本千幸（つかもと友希）、上原美紀、小池絵美子、美里かすみ、沙雪、矢吹涼子、中川瞳、望月加奈（松沢真理）、森下さやか、葵あげは、椎名あきら、白鳥あきら、河瀬えまり、結衣（結衣美沙）、あんずさき、Rin.、裕木サラ、君島冴子（AOI.、村上葵）、真弓あゆ、COCOLO、美咲結衣、藤谷さやか、若槻朱音、一戸のぞみ、真琴さや（織峰さや）、吉沢みなみ、eco、鈴木明日香、愛海、くるみひな、倉本瞳、愛実（秋川ルイ）、艶堂しほり（遠藤しおり）、瀬織さら、心有花、松下ゆうか（愛乃彩音、藤咲ゆうか）、小峰ひなた、芳野弥生、亜梨、夏川未来（小春）、黒澤雪華、管野しずか、亜弓つばさ、松山ゆう、碧しの（篠めぐみ）、新尾きり子、美月、北条美里、黒木真夕、AYA、相崎真希（美空おんぷ）、浅乃ハルミ、水沢真樹、榊なち、早乙女ルイ、稲森ケイト、聖乃マリア、倉持りおな、君野ゆめ、菅野まゆみ、平松アンリ、長谷川なぁみ、小坂めぐる、結川るり、桜子、神楽メイ、小宮奈緒、みなもとみいな、姫咲りりあ、北島玲、RiRi、花宮あみ、美咲、麗花、北原夏美、美花ゆり、夏川るい、樋口冴子（桐島千沙）、リナ・ディソン、神田美穂、北原麗子、並樹ゆりあ、香椎杏子、緒川みずき、雛子ひな、常盤りん、rico、ayami（赤西涼、まひる）、澤井由奈、高原智美,https://www.javbus.com/RKI-103,
FAX-319 FAプロ 色っぽい嫁,FAX-319 FAプロ 色っぽい嫁,FAX-319,,2011-01-13,190分鐘,ヘンリー塚本,FAプロ・プラチナ,FAプロ,,成熟的女人、已婚婦女、戲劇,夏海エリカ、篠原真女（砂井春希）、相原涼、北条アミ、北原夏美,https://www.javbus.com/FAX-319,
OBST-013 お母さんのたーっぷり授乳手コキ 総集編 4時間 50人,OBST-013 お母さんのたーっぷり授乳手コキ 総集編 4時間 50人,OBST-013,,2010-12-27,242分鐘,,ex,お母さん.com,お母さんの授乳と手コキ,成熟的女人、母親、合集、打手槍,秋野夕日、宮崎あい、来杉弓香、仲田絵理、町村小夜子、小林芽衣（小林メイ）、望月ゆみ、小鳥遊恋（高梨恋子）、松浦ユキ、小橋早苗、明星ちかげ、廣野すみれ、近藤由美、北原夏美、ほしの菜実恵、山口智美、小池絵美子、野原もも、大越はるか、北村みどり、椿美羚、志村玲子、絹田美津、湯沢多喜子、浅田ちち、大林理恵（大林リエ）、鷹宮りょう、山岡もも恵、小向まな美、秋野泉、杉山あゆみ、四季彩乃、横山みれい、森宮亜希、澤美レミ、菊里藍、石田みちる、石川さとこ、時越芙美江、星奈緒美、細川まり、二宮亜季、小柳倫子、根元純、若槻尚美、飯浜紀香、藤木未央、石橋ゆう子、加藤なお、佐野るる、小町あかり,https://www.javbus.com/OBST-013,
AST-21 近親相姦 母のお尻 デラックスコレクション PART2,AST-21 近親相姦 母のお尻 デラックスコレクション PART2,AST-21,,2010-12-25,236分鐘,矢野口進,ルビー,Treasure（ルビー）,近親相姦母のお尻,成熟的女人、母親、合集、亂倫、屁股,畑中美雪、立野ゆり、廣野すみれ、湯沢多喜子、黒崎ヒトミ（神津千絵子）、増尾彩、桜井あずさ、北原夏美、五十川みどり、村上涼子（中村りかこ、黒木菜穂）,https://www.javbus.com/AST-21,
FAX-316 ヘンリー塚本の変態性愛 フェチ,FAX-316 ヘンリー塚本の変態性愛 フェチ,FAX-316,,2010-12-25,108分鐘,ヘンリー塚本,FAプロ・プラチナ,FAプロ,ヘンリー塚本,其他戀物癖、戲劇,二岡ゆり、風見京子、北原夏美、真島みゆき、酒井ちなみ（紫葵）、橘真央,https://www.javbus.com/FAX-316,
OKAS-056 お母さんは下着姿、生着替えを視姦する。3,OKAS-056 お母さんは下着姿、生着替えを視姦する。3,OKAS-056,,2010-12-22,121分鐘,,ex,お母さん.com,お母さんは下着姿、生着替えを視姦する。,母親、其他戀物癖、內衣,美里このみ、有永すずか、桧山すず、坂上えりか、関口恵都子、相田紀子、北原夏美、細川まり、東条美菜、秋川真理、鮎川るい、城エレン、時越芙美江、井本茜、飯倉美奈子、櫻井夕樹、丘美和子、加賀ゆり子、美月祥子、澤美レミ、押尾伸子、新尾きり子、岩淵香奈枝、河合律子、林このみ,https://www.javbus.com/OKAS-056,
JUSD-315 マドンナ7周年記念 極上美熟尻77人8時間,JUSD-315 マドンナ7周年記念 極上美熟尻77人8時間,JUSD-315,,2010-12-19,479分鐘,,マドンナ,Madonna,マドンナ7周年記念,成熟的女人、合集、屁股、數位馬賽克、DMM獨家,杉並静香、春風えみ、管野しずか、川瀬さやか、北原夏美、北条麻妃、澤村レイコ（高坂保奈美、高坂ますみ）、広瀬奈々美（堀口奈津美）、松下ゆうか（愛乃彩音、藤咲ゆうか）、翔田千里、明星ちかげ、森ななこ、鷹宮りょう、中森玲子、山口美花、関口梨乃、根元純、折原ゆかり、上原リナ、黒崎ヒトミ（神津千絵子）、樋口冴子（桐島千沙）、坂上友香、牧原れい子、高島小百合、黒木麻衣（花野真衣、SHIHO）、村上涼子（中村りかこ、黒木菜穂）、葉月奈穂（葉月菜穂）、あずま樹、青井マリ、今宮せつな、愛川咲樹、小向杏奈（桜井麻美）、柳田やよい、志村玲子、天海ゆり、白河ゆりか、加藤なお、華山美玲、高島恭子、さくらい葉菜、立花みずき、森山杏菜（森山杏奈）、今枝陽子、伊沢美春（伊沢美晴）、黒澤雪華、香坂めぐ、星杏奈、瀬戸ありさ、花村いづみ、吉永沙織、内田美奈子、江原あけみ（美輪ちあき）、真下礼子、早見るり、伊吹稟、羽鳥澄香、吉岡奈々子、時越芙美江、水沢真樹、三咲恭子、小向まな美、山下やよい、真田友里、藤森綾子、北条美里、橘エレナ、四季彩乃、橘慶子、新尾きり子、新村まり子、塚原百合、桐岡さつき,https://www.javbus.com/JUSD-315,
JUSD-312 マドンナ7周年記念 巨乳美熟女77人12時間,JUSD-312 マドンナ7周年記念 巨乳美熟女77人12時間,JUSD-312,,2010-12-02,719分鐘,,マドンナ,Madonna,マドンナ7周年記念,成熟的女人、合集、戀乳癖、數位馬賽克、巨乳、DMM獨家,櫻井ゆうこ、吉川ゆう、日向ゆみ、翔田千里、村上涼子（中村りかこ、黒木菜穂）、鮎川るい、麻生岬、希崎圭蓮（杉本彩子）、友田真希、風間ゆみ、黒木麻衣（花野真衣、SHIHO）、速水怜、小泉ありさ、西本はるみ、大塚咲（小野沙樹、大滝佐紀）、志村玲子、泉貴子、五十川みどり、衣川音寧、一条梨乃、岡田裕美、城エレン、加山なつこ、山口珠理、山口玲子、沢口みき、朝倉まりあ、夢野まりあ、須藤あゆみ、友崎亜希、川島めぐみ、草凪純（加納瑞穂）、神崎美樹、小池絵美子、野原もも、若林ひかる、望月加奈（松沢真理）、松浦ユキ、樋口冴子（桐島千沙）、若狭静珈、徠夢、北条美里、橘エレナ、桜みちる、横山みれい、橘慶子、沢村麻耶、美原咲子、松坂晴美、鮎川みさと、新村まり子、伊吹稟、高島恭子、愛内凛、池田美和子、星杏奈、瀬戸ありさ、藤森綾子、時越芙美江、愛樹るい、杉並静香、流川純、北原夏美、町村小夜子、望月ゆみ、小林芽衣（小林メイ）、南沙也香、中村綾乃、宮本静、飯田ゆかり、明星ちかげ、君嶋かほり、中森玲子、佐藤みき（佐藤美紀、鈴木志帆）、浅倉彩音、宮田まり、櫻井夕樹,https://www.javbus.com/JUSD-312,
OKAS-052 大好きなお母さんのおっぱいを吸って舐めてのパイズリde発射！！,OKAS-052 大好きなお母さんのおっぱいを吸って舐めてのパイズリde発射！！,OKAS-052,,2010-11-29,121分鐘,,ex,お母さん.com,,成熟的女人、母親、乳交、戀乳癖、巨乳,有永すずか、佐野るる、飯浜紀香、宮崎あい、藤森綾子、美山蘭子、北原夏美、城エレン、鮎川るい,https://www.javbus.com/OKAS-052,
FAX-308 あ～いくぅ この世で一番気持ちがいい瞬間 少女・淑女・熟女,FAX-308 あ～いくぅ この世で一番気持ちがいい瞬間 少女・淑女・熟女,FAX-308,,2010-11-25,128分鐘,ヘンリー塚本,FAプロ・プラチナ,FAプロ,,成熟的女人、女上位、戲劇、故事集,川嶋あみ、森雫、三咲エリナ、北原夏美、緒方瑠美、今井ゆり、はるか悠、結衣（結衣美沙）、日高ゆりあ（青山ひより）,https://www.javbus.com/FAX-308,
EMAC-002 くっさいチ○ポに淫語手コキ責めする痴熟女4時間,EMAC-002 くっさいチ○ポに淫語手コキ責めする痴熟女4時間,EMAC-002,,2010-11-19,241分鐘,,DX/エマニエル,DX（エマニエル）,くっさいチ○ポに淫語手コキ責めする痴熟女,蕩婦、成熟的女人、淫語、DMM獨家、打手槍,羽鳥澄香、堀越香奈、藤森綾子、高島恭子、澤村レイコ（高坂保奈美、高坂ますみ）、柳田やよい、城エレン、松浦ユキ、坂本梨沙、翔田千里、浅倉彩音、根元純、佐藤みき（佐藤美紀、鈴木志帆）、北原夏美、早見るり,https://www.javbus.com/EMAC-002,
LHJF-011 熟女さんにイヤらしく手コキされたい！,LHJF-011 熟女さんにイヤらしく手コキされたい！,LHJF-011,,2010-11-17,141分鐘,,マニアゼロ,F’OXY,,蕩婦、成熟的女人、多P、打手槍,高島恭子、坂田美影、浅倉彩音、河合律子、北原夏美、山口美花、中村綾乃、澤村レイコ（高坂保奈美、高坂ますみ）、柳田やよい、鮎川るい、南ありさ、明石洋子,https://www.javbus.com/LHJF-011,
GESD-180 奥さま100人どっぷりハマって4時間,GESD-180 奥さま100人どっぷりハマって4時間,GESD-180,,2010-11-17,236分鐘,カモン甲州,現映社,ぴあす,,成熟的女人、已婚婦女、新娘、年輕妻子、4小時以上作品,岸野倫子、木村久美、一条恵、中原綾、忍足くみ、西内弥生、瀬奈涼、渡部貴美子、大石純子、松下ゆうか（愛乃彩音、藤咲ゆうか）、宮川恵美、月岡理絵、工藤かな、小沢なつみ、沢村敦子、中山美里、潮ゆかり、望月ありさ、麻宮姫花、名波由香利、鈴木あや、阿部智子、葉山杏子、河村美樹、新堂ねね、浅田純子、綾瀬果菜、三河亜紀子、中田ゆうこ、藤谷さくら、藤田亮子、高野ユリ、田中芳江、河野さつき、森下さやか、瀬名ゆかり、五月留美、竹内なるみ、橋本直美、南るい、白川なつみ、沢口たえ、松野千明、姉崎今日子、宇田道子、香月景、奥田舞、愛川咲樹、井上真央、内村和美、落合真理子、川島れいこ、手塚真由美、小坂綾乃、仁科由美、大城鈴子、筒見優子、神崎彩、福井まみこ、立花みさ子、黒木奈美、田中かおり、倉木小夜（村上美咲、樋口啓子）、田中美貴子、堀井麻耶、大山玲子、吉村ちえみ、水谷エリ、沢希ひかる、大谷みゆき、北原夏美、大家貴子、田宮文子、小山佐知子、瀬川みゆき、葉山理沙、皆川陽子、野崎百合、内藤美奈子、青木綾香、和田いづみ、後藤幸恵、中井よし美、小早川みはる、中谷みゆき、鈴木由利、神山さき、奥百合子、中山瑞穂、芹沢里枝、青木ちか子、大谷ちあき、野原くみ、森口幸代、石橋のり子、堀本順子、野川利恵、伊藤昌美、保坂ひとみ、松村加寿美,https://www.javbus.com/GESD-180,
BJYG-001 日本縦断温泉ズブリ旅4時間,BJYG-001 日本縦断温泉ズブリ旅4時間,BJYG-001,,2010-11-14,239分鐘,,マニアゼロ,美熟,,和服・喪服、成熟的女人、已婚婦女、通姦,大越はるか、北原夏美、澤村レイコ（高坂保奈美、高坂ますみ）、細川まり、浅倉彩音,https://www.javbus.com/BJYG-001,
SMD-031 熟女口内イラマチオ強姦,SMD-031 熟女口内イラマチオ強姦,SMD-031,,2010-11-10,239分鐘,,グローバルメディアエンタテインメント,SUPERMIX,,成熟的女人、強姦、口交、數位馬賽克,伊乃愛華、松岡貴美子、三角美紀子、北原夏美、山本ちづこ、はるか悠、青井マリ、澤よし乃、妃乃ひかり、牧本千幸（つかもと友希）、望月加奈（松沢真理）、長谷川美紅、友田真希、加山なつこ、川上ゆう（森野雫）、望月ゆみ、真田友里、魚住優子、時越芙美江、吉岡奈々子、長沢小雪、関口梨乃、山口美花、中森玲子、若槻まどか、橘美沙、大林理恵（大林リエ）、艶堂しほり（遠藤しおり）、橘エレナ,https://www.javbus.com/SMD-031,
LHJF-006 綺麗なお母さんのオナニーは好きですか？,LHJF-006 綺麗なお母さんのオナニーは好きですか？,LHJF-006,,2010-11-07,139分鐘,,マニアゼロ,F’OXY,,母親、已婚婦女、自慰,羽鳥澄香、立花みずき、浅倉彩音、北条美里、桜みちる、北原夏美、山口美花、瀬戸ゆうき、吉澤レイカ,https://www.javbus.com/LHJF-006,
WAB-106 10th ANNIVERSARY 美熟女 BEST,WAB-106 10th ANNIVERSARY 美熟女 BEST,WAB-106,,2010-10-27,240分鐘,,ワンズファクトリー,WANZ,10thANNIVERSARY,成熟的女人、合集、性奴、拘束、內衣,和希優子、阿部菜津子（福山洋子、織原寧々）、北原夏美、西条麗、大塚咲（小野沙樹、大滝佐紀）、瀬戸ゆうき、北島玲、広瀬奈々美（堀口奈津美）、望月加奈（松沢真理）、風間ゆみ、紫彩乃、友田真希、山口玲子、早乙女香織、澤村レイコ（高坂保奈美、高坂ますみ）、中森玲子、大塚美雪、桜庭怜香、艶堂しほり（遠藤しおり）、中村綾乃、町村小夜子、川上ゆう（森野雫）、流川純、松浦ユキ、天海ゆり、桃山かおり、坂田美影、浅倉彩音、橘エレナ,https://www.javbus.com/WAB-106,
SWF-144 絶頂 潮吹きアクメ 20人240分,SWF-144 絶頂 潮吹きアクメ 20人240分,SWF-144,,2010-10-27,241分鐘,,ワンズファクトリー,WANZ,,其他戀物癖、潮吹、拘束、手指插入、女優按摩棒,ERIKA（モカ、MOKA）、RUMIKA、雪見紗弥、北原夏美、村上里沙、大塚咲（小野沙樹、大滝佐紀）、あいぶらん（蜜井とわ）、新井エリー（晶エリー、大沢佑香）、川上ゆう（森野雫）、紅音ほたる（秋月杏奈）、広瀬奈々美（堀口奈津美）、愛菜りな、浅田ちち、吉川莉奈、ひなのりく、一色明奈、希咲エマ（HARUKI、加藤はる希）、諸星セイラ（百瀬涼）、小野紗里奈、妃乃ひかり,https://www.javbus.com/SWF-144,
OKAS-050 お母さんの日常的パンチラ2時間,OKAS-050 お母さんの日常的パンチラ2時間,OKAS-050,,2010-10-24,121分鐘,,ex,お母さん.com,,成熟的女人、母親、內衣、迷你裙,丘美和子、美里このみ、小柳倫子、坂上えりか、水野優、加賀ゆり子、穂阪詩織、榎本香織、加藤ツバキ（夏樹カオル）、鮎川るい、北原夏美、飯倉美奈子、中野彩、小町あかり、宇喜多かすみ、藤森綾子、飯浜紀香、鷹宮りょう、廣野すみれ、櫻井夕樹,https://www.javbus.com/OKAS-050,
FAX-301 SEXにまつわるナマナマしい話し 暴走族・おとし前で輪される女/独身寮の好色まかない婦/障害者男性と肉欲の熟女ヘルパー,FAX-301 SEXにまつわるナマナマしい話し 暴走族・おとし前で輪される女/独身寮の好色まかない婦/障害者男性と肉欲の熟女ヘルパー,FAX-301,,2010-10-13,118分鐘,ヘンリー塚本,FAプロ・プラチナ,FAプロ,,成熟的女人、69、輪姦、戲劇,咲良ひな、北原夏美、大越はるか、結衣（結衣美沙）、麻生岬,https://www.javbus.com/FAX-301,
FAX-297 悦楽の性よ こんにちは 一人旅の主婦とタクシー運転手/不倫目的ヘルパー/有名女流作家のサディスティックSEX,FAX-297 悦楽の性よ こんにちは 一人旅の主婦とタクシー運転手/不倫目的ヘルパー/有名女流作家のサディスティックSEX,FAX-297,,2010-09-25,118分鐘,ヘンリー塚本,FAプロ・プラチナ,FAプロ,,已婚婦女、通姦、戲劇,浅井舞香、北原夏美、酒井ちなみ（紫葵）,https://www.javbus.com/FAX-297,
FAX-298 熱く濡れたわれ目 48手挿入の知恵,FAX-298 熱く濡れたわれ目 48手挿入の知恵,FAX-298,,2010-09-25,118分鐘,ヘンリー塚本,FAプロ・プラチナ,FAプロ,,成熟的女人、69、舔陰、戲劇,三咲エリナ、北原夏美、大越はるか、春矢つばさ（椎名りく）、よしい美希（伊沢涼子、吉井美希）,https://www.javbus.com/FAX-298,
JUSD-299 真っ昼間からヤりまくるふしだらな男女4時間,JUSD-299 真っ昼間からヤりまくるふしだらな男女4時間,JUSD-299,,2010-09-24,239分鐘,,マドンナ,Madonna,,成熟的女人、合集、數位馬賽克、DMM獨家,加山なつこ、妃悠愛（長澤杏奈、水原里香、木崎祐子）、北原夏美、北条麻妃、大塚咲（小野沙樹、大滝佐紀）、五十川みどり、広瀬奈々美（堀口奈津美）、志村玲子、翔田千里、友田真希,https://www.javbus.com/JUSD-299,
JUSD-298 20人の義母が悶える禁断のセックス4時間,JUSD-298 20人の義母が悶える禁断のセックス4時間,JUSD-298,,2010-09-24,239分鐘,,マドンナ,Madonna,,合集、數位馬賽克、婆婆、DMM獨家,愛川咲樹、沙羅樹、岡崎美女、山口玲子、あずま樹、若林ひかる、牧原れい子、山口珠理、友崎亜希、風間ゆみ、星野あかり、北原夏美、早見るり、新村まり子、美原咲子、佐藤みき（佐藤美紀、鈴木志帆）、中森玲子、澤村レイコ（高坂保奈美、高坂ますみ）、村上涼子（中村りかこ、黒木菜穂）、艶堂しほり（遠藤しおり）,https://www.javbus.com/JUSD-298,
DAID-001 極上近親相姦 50人8時間 みんな母ちゃんのそそる躰が悪いんだ！,DAID-001 極上近親相姦 50人8時間 みんな母ちゃんのそそる躰が悪いんだ！,DAID-001,,2010-09-19,478分鐘,,ダイナマイトエンタープライズ,ダイナマイトプレミア,極上近親相姦,成熟的女人、母親、亂倫、女上位、巨乳,北原夏美、野宮凛子、青木美里、石田えりこ、志村玲子、白鳥美鈴、里中亜矢子、折原純子,https://www.javbus.com/DAID-001,
PYLD-039 近親相姦 中出しJAPAN,PYLD-039 近親相姦 中出しJAPAN,PYLD-039,,2010-09-13,239分鐘,,PileDriver,PileDriver,近親相姦（PileDriver）,成熟的女人、母親、乳交、亂倫、中出,湯沢多喜子、時越芙美江、北原夏美、佐藤みき（佐藤美紀、鈴木志帆）,https://www.javbus.com/PYLD-039,
FAX-295 永遠のエロス 嫁を犯したい！ せがれの嫁/弟の嫁/隣の嫁,FAX-295 永遠のエロス 嫁を犯したい！ せがれの嫁/弟の嫁/隣の嫁,FAX-295,,2010-09-13,108分鐘,ヘンリー塚本,FAプロ・プラチナ,FAプロ,,成熟的女人、已婚婦女、戲劇,咲良ひな、北原夏美、真島みゆき,https://www.javbus.com/FAX-295,
OBST-010 母親のパンチラコレクション,OBST-010 母親のパンチラコレクション,OBST-010,,2010-09-12,122分鐘,,ex,お母さん.com,,成熟的女人、母親、其他戀物癖、內衣、迷你裙,二宮亜季、小柳倫子、飯浜紀香、根元純、来杉弓香、相田紀子、若槻尚美、中森玲子、仲田絵理、松浦ユキ、水野優、松嶋ルリ、平由美子、榎本香織、藤木未央、宮田まり、小町あかり、藤崎飛鳥、立花みずき、木村よしの、横山みれい、永井智美、時越芙美江、澤村美香、佐野るる、徳田富美子、澤村レイコ（高坂保奈美、高坂ますみ）、林なお、湯沢多喜子、五十川みどり、穂阪詩織、絹田美津、大友唯愛、大越はるか、秋川りお（美月このみ）、野原もも、山崎百合子、東条美菜、水元えり、ほしの菜実恵、大林理恵（大林リエ）、木村雅子、明星ちかげ、中村綾乃、町村小夜子、秋野夕日、菊川麻里、石田えりこ、北原夏美、神崎美樹,https://www.javbus.com/OBST-010,
BJSP-005 近親相姦 お義母さんがしてあげる,BJSP-005 近親相姦 お義母さんがしてあげる,BJSP-005,,2010-09-10,139分鐘,,マニアゼロ,美熟,,成熟的女人、亂倫、中出、婆婆、打手槍,四季彩乃、橘エレナ、根元純、高島恭子、結城みさ、立花みずき、北原夏美,https://www.javbus.com/BJSP-005,
DSE-642 ドリームステージ初撮り熟女セレクション240分20人,DSE-642 ドリームステージ初撮り熟女セレクション240分20人,DSE-642,,2010-09-09,241分鐘,,ドリームステージ,人妻道,,成熟的女人、合集,北上静香、夏川優奈（白石沙里奈）、伊藤美里、美咲舞、野原もも、北原夏美、宮本由香、麻生咲乃、明星ちかげ、菊川れみ、如月小雪、瀬戸志乃、小松崎和歌、北条美里、杉山あゆみ、真田友里、久我舞、羽鳥澄香、宮田まり、藤原絵理香,https://www.javbus.com/DSE-642,
JUSD-296 厳選美熟女調教の世界4時間,JUSD-296 厳選美熟女調教の世界4時間,JUSD-296,,2010-09-07,239分鐘,,マドンナ,Madonna,,成熟的女人、合集、數位馬賽克、性奴、DMM獨家,増尾彩、長谷川美紅、浅倉彩音、北原夏美、吉岡奈々子、町村小夜子、明星ちかげ、酒井ちなみ（紫葵）、青井マリ、風間ゆみ、艶堂しほり（遠藤しおり）、澤村レイコ（高坂保奈美、高坂ますみ）、佐藤みき（佐藤美紀、鈴木志帆）、翔田千里,https://www.javbus.com/JUSD-296,
SEED-077 近親相姦 母の穴 30人4時間,SEED-077 近親相姦 母の穴 30人4時間,SEED-077,,2010-09-06,240分鐘,,YellowDuck,幻影,近親相姦（YellowDuck）,成熟的女人、母親、亂倫,高咲夕子、高島あずさ、石原よしえ、折原ゆかり、坂木美春（坂木美晴）、結城可奈子、相原優子、黒山さゆり、時越芙美江、佐藤みき（佐藤美紀、鈴木志帆）、井本茜、滝川絵理子、石川さとこ、白石かおる、瑞樹さゆり、浦沢亜矢子、北原夏美、柿本真緒、斉藤容子、藤沢まどか、宮崎彩香、あおい桜子、湯沢多喜子、松木さやか、若林ひかる、町村小夜子、吉永夕子、森晴美,https://www.javbus.com/SEED-077,
SEED-078 近親相姦 母子密交絵巻 30人4時間,SEED-078 近親相姦 母子密交絵巻 30人4時間,SEED-078,,2010-09-06,239分鐘,,YellowDuck,幻影,近親相姦（YellowDuck）,成熟的女人、母親、亂倫、巨乳,片桐志穂、加藤幸子、風祭あかり、本田英里子、吉永夕子、増尾彩、木佐千秋、松本佳代子（松本加代子）、山口真央、瑞樹さゆり、加藤なお、藤木静子、立花かすみ、時越芙美江、秋山泉、尾崎和歌子、三木藤乃、宮戸織江、千葉ゆかり、藤ノ宮礼美、広瀬百合子、北原夏美、ほしの菜実恵、如月セレナ、長野恭子、相沢さゆり、持田涼子、石川美貴、小田真子,https://www.javbus.com/SEED-078,
FAX-290 投稿秘話 一晩8回の絶倫婿/夫は病院 嫁は父と悶絶48手/色っぽい牛乳屋の奥さん,FAX-290 投稿秘話 一晩8回の絶倫婿/夫は病院 嫁は父と悶絶48手/色っぽい牛乳屋の奥さん,FAX-290,,2010-08-25,118分鐘,ヘンリー塚本,FAプロ・プラチナ,FAプロ,投稿秘話,成熟的女人、已婚婦女、舔陰、女上位、戲劇、DMM獨家,美里流季、北原夏美、白坂百合,https://www.javbus.com/FAX-290,
SGSPS-028 美熟女傑作選,SGSPS-028 美熟女傑作選,SGSPS-028,,2010-08-16,239分鐘,エロキチ三平,スターゲート,カトリーヌ,,成熟的女人、通姦、凌辱,北原夏美、北島玲、牧野遥、黒木麻衣（花野真衣、SHIHO）,https://www.javbus.com/SGSPS-028,
MBYD-102 匂い立つ日常のエロス美熟女30人8時間 Vol.2,MBYD-102 匂い立つ日常のエロス美熟女30人8時間 Vol.2,MBYD-102,,2010-08-13,479分鐘,,溜池ゴロー,溜池ゴロー,匂い立つ日常のエロスベスト,成熟的女人、合集、數位馬賽克、DMM獨家,加藤レイナ、しいないおり、白石さゆり、艶堂しほり（遠藤しおり）、生田沙織、倉木小夜（村上美咲、樋口啓子）、桐原あずさ（伊藤あずさ）、翔田千里、村上涼子（中村りかこ、黒木菜穂）、風間ゆみ、七海菜々、@YOU、滝沢優奈、黒木小夜子（秀吉小夜子）、一条梨乃、長澤リカ、笹森じゅん、広瀬ゆかり、折原ゆかり、伊吹怜、浅倉彩音、佐藤みき（佐藤美紀、鈴木志帆）、関口梨乃、山口美花、澤村レイコ（高坂保奈美、高坂ますみ）、石黒京香（黒木かえで）、川瀬さやか、北原夏美、流川純、三咲恭子,https://www.javbus.com/MBYD-102,
SBB-095 美人妻むちむちレオタード,SBB-095 美人妻むちむちレオタード,SBB-095,,2010-08-13,238分鐘,,マルクス兄弟,MARXBrothersco.,人妻萌えレオタード,乳交、已婚婦女、緊身衣、巨乳,竹内サキ、阿部菜津子（福山洋子、織原寧々）、北原夏美、葉月奈穂（葉月菜穂）、はるか悠、望月ゆみ、山口玲子,https://www.javbus.com/SBB-095,
JUSD-291 禁断の愛 母と息子の狂おしき情事4時間,JUSD-291 禁断の愛 母と息子の狂おしき情事4時間,JUSD-291,,2010-08-06,239分鐘,,マドンナ,Madonna,,母親、亂倫、數位馬賽克、中出、女上位、DMM獨家,山下やよい、矢沢美奈、折原ゆかり、加山なつこ、真田友里、北原夏美、城エレン、志村玲子、牧原れい子、風間ゆみ、橘エレナ、美原咲子、澄川凌子（澄川綾子）、新村まり子、華山美玲、白鳥聖子,https://www.javbus.com/JUSD-291,
OBST-011 熟女が騎る熟れた極みの腰づかい 騎乗位BEST,OBST-011 熟女が騎る熟れた極みの腰づかい 騎乗位BEST,OBST-011,,2010-08-05,120分鐘,,ex,お母さん.com,熟女が騎る熟れた極みの腰づかい騎乗位,成熟的女人、其他戀物癖、女上位、巨乳,池田沙智子、夏海エリカ、佐野るる、小柳倫子、根元純、美山蘭子、北原夏美、浅田ちち、小鳥遊恋（高梨恋子）、志村玲子、藤木未央、柳田やよい、坂本梨沙、葉月奈穂（葉月菜穂）、黒木麻衣（花野真衣、SHIHO）、城エレン、若林ひかる、野原もも、山口智美、関口恵都子、竹井ゆかり、木村よしの、美原咲子、中野まりえ、森宮亜希、澤美レミ、立花みずき、漣ゆめ、小町あかり、横山みれい、岩淵香奈枝、加藤なお、時越芙美江、林このみ、小向まな美、杉山あゆみ、北条美里、桜みちる、藤原絵理香、河合律子,https://www.javbus.com/OBST-011,
WNZ-229 悶絶ボイン揉みまくり,WNZ-229 悶絶ボイン揉みまくり,WNZ-229,,2010-07-29,242分鐘,,ワンズファクトリー,WANZ,,戀乳癖、乳房、巨乳,早川瀬里奈、北原夏美、藍花（花桐まつり）、小坂めぐる、はるか悠、長澤リカ、広瀬奈々美（堀口奈津美）、鮎川なお、新井エリー（晶エリー、大沢佑香）、風間ゆみ、あいぶらん（蜜井とわ）、一ノ瀬あきら、澤村レイコ（高坂保奈美、高坂ますみ）、矢部なつみ、中森玲子、竹井ゆかり、有沢実紗、愛菜りな、南沙也香、葉月奈穂（葉月菜穂）,https://www.javbus.com/WNZ-229,
LHJF-001 近親痴母 ママがすけべで身がもたない！,LHJF-001 近親痴母 ママがすけべで身がもたない！,LHJF-001,,2010-07-26,140分鐘,,マニアゼロ,F’OXY,,蕩婦、成熟的女人、母親、亂倫、已婚婦女,白川ゆり、浅倉彩音、北原夏美、佐藤みき（佐藤美紀、鈴木志帆）、澤村レイコ（高坂保奈美、高坂ますみ）、翔田千里,https://www.javbus.com/LHJF-001,
CCXS-020 プラチナ公式BESTセレクションVOL.19 私たちは今が旬！ 熟女の殿堂編,CCXS-020 プラチナ公式BESTセレクションVOL.19 私たちは今が旬！ 熟女の殿堂編,CCXS-020,,2010-07-25,150分鐘,毛利秀虎,FAプロ・プラチナ,プラチナ,BESTセレクション,成熟的女人、合集、女上位、戲劇、DMM獨家,浅井舞香、桐島秋子、北原夏美、吉岡奈々子、澤村レイコ（高坂保奈美、高坂ますみ）、山口玲子,https://www.javbus.com/CCXS-020,
BOJB-002 世代別オッパイ図鑑 ～乳揉み編～ 4時間140人,BOJB-002 世代別オッパイ図鑑 ～乳揉み編～ 4時間140人,BOJB-002,,2010-07-21,241分鐘,,ex,BoinBB,,成熟的女人、戀乳癖、巨乳、女生,篠田まい、野原もも、辻さき、並木るか（橘ひな）、北原夏美、柳田やよい、絹田美津、あいぶらん（蜜井とわ）、浜崎りお（森下えりか、篠原絵梨香）、秋川りお（美月このみ）、浅田ちち、横山みれい、桜みちる、佐野るる、飯浜紀香、愛原唯、京本由衣、澤村レイコ（高坂保奈美、高坂ますみ）、林なお、立花みずき,https://www.javbus.com/BOJB-002,
EMAC-001 近親相姦 息子に中出しされた12人の恥母4時間,EMAC-001 近親相姦 息子に中出しされた12人の恥母4時間,EMAC-001,,2010-07-16,239分鐘,,DX/エマニエル,DX（エマニエル）,息子に中出しされた12人の恥母,成熟的女人、母親、亂倫、中出、DMM獨家,根元純、浅倉彩音、北原夏美、山口美花、澤村レイコ（高坂保奈美、高坂ますみ）、瀬戸ゆうき、松浦ユキ、吉澤レイカ,https://www.javbus.com/EMAC-001,
CADV-187 絶叫熟女8時間100連発！！,CADV-187 絶叫熟女8時間100連発！！,CADV-187,,2010-07-15,474分鐘,,クリスタル映像,CRYSTALEX,絶叫熟女8時間100連発！！,成熟的女人、已婚婦女、通姦、4小時以上作品,槙原ますみ、吉川恭子、大沢りょうこ、堺由樹、橘美沙、坂下愛、南まいこ（有馬早紀子）、五十川みどり、中峰さゆり、桜井咲子、西村雪代、一ノ瀬奈美（一ノ瀬奈未）、門倉早紀、沢木みさえ、赤木由希、酒井心乃、中嶋ゆかり、赤井寿子、水川彩子、北原夏美、川瀬ひとみ、雨宮れい子、山本千草、桜川しおり、山口美花、神谷千尋、美空陽子、及川ゆみり、立川君江、吉本秋実、柏木美香、松崎亜矢、早川みほ、河野みなこ、麻里村レイ、吉田あや、矢吹紫穂,https://www.javbus.com/CADV-187,
FAX-283 変態熟女・淑女・中年女 女社長の輪姦願望/痴漢されたい、したい痴女/フェラ大好き病の妻,FAX-283 変態熟女・淑女・中年女 女社長の輪姦願望/痴漢されたい、したい痴女/フェラ大好き病の妻,FAX-283,,2010-07-13,117分鐘,ヘンリー塚本,FAプロ・プラチナ,FAプロ,,蕩婦、成熟的女人、已婚婦女、女上位、戲劇、DMM獨家,浅井舞香、池端あやめ、北条アミ、北原夏美、今井ゆり,https://www.javbus.com/FAX-283,
SBB-094 奥様ぬるぬるローション粘絶レオタード 14人4時間,SBB-094 奥様ぬるぬるローション粘絶レオタード 14人4時間,SBB-094,,2010-07-13,240分鐘,,マルクス兄弟,MARXBrothersco.,,成熟的女人、已婚婦女、緊身衣、乳液、巨乳,竹内サキ、篠崎さとみ、北原夏美、望月ゆみ、松浦ユキ、志村玲子、山口玲子、響鳴音（望月なな）、村上涼子（中村りかこ、黒木菜穂）、風間ゆみ、阿部菜津子（福山洋子、織原寧々）、葉月奈穂（葉月菜穂）、松本亜璃沙、はるか悠,https://www.javbus.com/SBB-094,
JUSD-283 10人の美熟女と黒人8時間SPECIAL,JUSD-283 10人の美熟女と黒人8時間SPECIAL,JUSD-283,,2010-06-25,479分鐘,,マドンナ,Madonna,美熟女と黒人,成熟的女人、合集、數位馬賽克、DMM獨家、黑人演員,白石さゆり、北原夏美、酒井ちなみ（紫葵）、山口玲子、松下ゆうか（愛乃彩音、藤咲ゆうか）、翔田千里、村上涼子（中村りかこ、黒木菜穂）、君島冴子（AOI.、村上葵）、山口珠理、麻布レオナ,https://www.javbus.com/JUSD-283,
OKAS-038 母親の厳選フェラコレクション 2,OKAS-038 母親の厳選フェラコレクション 2,OKAS-038,,2010-06-20,91分鐘,,ex,お母さん.com,母親の厳選フェラコレクション,成熟的女人、母親、口交、其他戀物癖,星奈緒美、夏海エリカ、中森玲子、林このみ、時越芙美江、小向まな美、柳田やよい、小橋早苗、藤宮櫻花（眞雪ゆん）、若林ひかる、木村よしの、美原咲子、小野里美、椿美羚、北原夏美,https://www.javbus.com/OKAS-038,
DJNJ-108 若妻たちのレズ羞恥温泉旅行 DX 4時間,DJNJ-108 若妻たちのレズ羞恥温泉旅行 DX 4時間,DJNJ-108,,2010-06-15,241分鐘,,ジャネス,ladies,若妻たちのレズ羞恥旅行,女同性戀、合集、新娘、年輕妻子、羞恥,内田理緒、北原夏美、中村綾乃、大越はるか、西尾いずみ（名波ゆら）、牧野遥、中山りお,https://www.javbus.com/DJNJ-108,
PYLD-026 熟女巨大魔乳伝説2,PYLD-026 熟女巨大魔乳伝説2,PYLD-026,,2010-06-13,241分鐘,,PileDriver,PileDriver,熟女巨大魔乳伝説,成熟的女人、乳交、手指插入、巨乳,川島心、折原ゆかり、藤ノ宮礼美、如月セレナ、あおい桜子、北原夏美、佐藤みき（佐藤美紀、鈴木志帆）、魚住里奈、小林芽衣（小林メイ）、若林ひかる,https://www.javbus.com/PYLD-026,
SMA-486 巨乳だらけのパイズリ60人,SMA-486 巨乳だらけのパイズリ60人,SMA-486,,2010-06-13,481分鐘,,マルクス兄弟,MARXBrothersco.,,乳交、戀乳癖、巨乳,葵智美、黒木みらい、須真杏里（須真杏理）、鈴香音色、浅田ちち、小坂めぐる、白鳥美鈴、秋川りお（美月このみ）、相川みほ、坂上友香、菊池エリ、彩名杏子、山口玲子、朝倉まりあ、一色志乃（南えり）、風間ゆみ、桜庭小雪、紅音ほたる（秋月杏奈）、市川亜紀、大西ちか、和希結衣、白雪彩、小向杏奈（桜井麻美）、青山遥、北原夏美,https://www.javbus.com/SMA-486,
FAX-277 見てしまった恥態 父と母のシックスナイン/全裸の姉を抱く義父/マスかきで下半身丸出し兄嫁/祖父のアレをしゃぶる母,FAX-277 見てしまった恥態 父と母のシックスナイン/全裸の姉を抱く義父/マスかきで下半身丸出し兄嫁/祖父のアレをしゃぶる母,FAX-277,,2010-06-13,107分鐘,ヘンリー塚本,FAプロ・プラチナ,FAプロ,,69、戲劇、故事集,織倉真琴、三咲エリナ、北原夏美、真島みゆき、東条美菜,https://www.javbus.com/FAX-277,
MBYD-099 憧れの先生全集4時間,MBYD-099 憧れの先生全集4時間,MBYD-099,,2010-06-11,239分鐘,,溜池ゴロー,溜池ゴロー,憧れの先生,成熟的女人、女教師、合集、數位馬賽克、DMM獨家,和光志穂、川村紅巳、北原夏美、五十川みどり、村上涼子（中村りかこ、黒木菜穂）、友田真希,https://www.javbus.com/MBYD-099,
SMD-026 犯され熟女,SMD-026 犯され熟女,SMD-026,,2010-06-09,180分鐘,,グローバルメディアエンタテインメント,SUPERMIX,,成熟的女人、強姦、數位馬賽克、凌辱、中出,久我舞、藤木ルイ、伊乃愛華、松岡貴美子、深津映見、柿本真緒、中森玲子、澤村レイコ（高坂保奈美、高坂ますみ）、水谷マリ、村上涼子（中村りかこ、黒木菜穂）、北原夏美、朝子、佐藤菜摘、滝澤美緒、神咲りえ、真田友里、畑中美雪、艶堂しほり（遠藤しおり）、間宮志乃、沢近由紀美,https://www.javbus.com/SMD-026,
VERO-001 S級熟女 巨乳爆乳SUPER BEST,VERO-001 S級熟女 巨乳爆乳SUPER BEST,VERO-001,,2010-06-01,120分鐘,,VENUS,女神（ヴィーナス）,S級熟女（VENUS）,成熟的女人、乳交、合集、已婚婦女、巨乳、DMM獨家,凛音涼子、鈴香音色、高島恭子、浅倉彩音、時越芙美江、美原咲子、北原夏美、佐藤みき（佐藤美紀、鈴木志帆）、城エレン、若林ひかる,https://www.javbus.com/VERO-001,
OKAS-039 お母さんの乳舐め,OKAS-039 お母さんの乳舐め,OKAS-039,,2010-05-31,91分鐘,,ex,お母さん.com,,成熟的女人、母親、亂倫、巨乳,愛原唯、永峰朋美（安岡たまき）、北原夏美、宮田まり、葉月奈穂（葉月菜穂）、小林芽衣（小林メイ）、絹田美津、望月ゆみ、小鳥遊恋（高梨恋子）、秋川りお（美月このみ）、野原もも、浅田ちち、澤村レイコ（高坂保奈美、高坂ますみ）、中森玲子、澤美レミ、森宮亜希、中野まりえ、美原咲子、黒木麻衣（花野真衣、SHIHO）、時越芙美江、広瀬ゆかり、佐野るる、飯浜紀香、若槻尚美、漣ゆめ,https://www.javbus.com/OKAS-039,
DJSE-007 女子校生に犯される熟女 4時間,DJSE-007 女子校生に犯される熟女 4時間,DJSE-007,,2010-05-28,237分鐘,,マニアゼロ,性癖組,,成熟的女人、女同性戀、合集、性奴、高中女生,霧島奈緒子、黒瀬いずみ、倖田みらい、遥ゆりあ、松坂るい、小久保真樹、宮崎香穂、林なお、澤村レイコ（高坂保奈美、高坂ますみ）、萩原亜紀、北原夏美、高橋樹里、神谷りの、泉まりん、若林ひかる、瞳れん、佐伯奈々、四季彩乃,https://www.javbus.com/DJSE-007,
JUSD-278 S級美熟女の恥ずかしいお漏らしと放尿BEST,JUSD-278 S級美熟女の恥ずかしいお漏らしと放尿BEST,JUSD-278,,2010-05-25,179分鐘,,マドンナ,Madonna,,成熟的女人、放尿、合集、數位馬賽克、DMM獨家,今宮せつな、小向まな美、桜みちる、北原夏美、明星ちかげ、北島玲、青井マリ、翔田千里、友田真希、風間ゆみ、川上ゆう（森野雫）、広瀬奈々美（堀口奈津美）、澤村レイコ（高坂保奈美、高坂ますみ）、夏川優奈（白石沙里奈）,https://www.javbus.com/JUSD-278,
YAS-008 枕営業を強要された熟女歌手の淫行記録,YAS-008 枕営業を強要された熟女歌手の淫行記録,YAS-008,,2010-05-23,240分鐘,,映天,ヤブサメ（映天）,,成熟的女人、各種職業、偷窥,米倉えみ、井川美保、北原夏美、南原香織,https://www.javbus.com/YAS-008,
RNADE-717 超微細ハイビジョン！中出しに悶える15人の美熟女スペシャル,RNADE-717 超微細ハイビジョン！中出しに悶える15人の美熟女スペシャル,RNADE-717,,2010-05-18,241分鐘,,なでしこ,Nadeshiko,中出しに悶える三人の美熟女,成熟的女人、合集、中出、巨乳,夏海エリカ、山咲百合子、若林美保、湯沢多喜子、浅井舞香、北原夏美、倖田李梨（倖田美梨、岩下美季）、町村小夜子、竹下なな、小池絵美子、ほしの菜実恵、仲田絵理、山口美花、広畑加代子、桜井あずさ,https://www.javbus.com/RNADE-717,
FAX-271 現代肉欲劇場 フェラが3度のメシより好きな妻/亭主がインポの妻/絶倫祖父とできた母 の話し,FAX-271 現代肉欲劇場 フェラが3度のメシより好きな妻/亭主がインポの妻/絶倫祖父とできた母 の話し,FAX-271,,2010-05-13,104分鐘,ヘンリー塚本,FAプロ・プラチナ,FAプロ,現代肉欲劇場,成熟的女人、母親、已婚婦女、戲劇,三咲エリナ、北原夏美、横山翔子、三田涼子,https://www.javbus.com/FAX-271,
MBYD-097 どスケベな兄嫁12人4時間,MBYD-097 どスケベな兄嫁12人4時間,MBYD-097,,2010-05-13,239分鐘,,溜池ゴロー,溜池ゴロー,,成熟的女人、合集、數位馬賽克、DMM獨家,柊麗子、加藤レイナ、あづま樹、白石さゆり、七海菜々、@YOU、北原夏美、澤村レイコ（高坂保奈美、高坂ますみ）、坂本梨沙、姫野りむ、南ナナ、柳井瞳,https://www.javbus.com/MBYD-097,
SBB-091 強制拷問イラマチオ50人4時間,SBB-091 強制拷問イラマチオ50人4時間,SBB-091,,2010-05-13,242分鐘,,マルクス兄弟,MARXBrothersco.,,口交、紧缚、深喉、凌辱、中出、顏射,早乙女香織、小沢志乃、浅田ちち、白鳥あきら、楓アイル、小倉みなみ（愛沢かな）、大塚ひな、青木玲、藍山みなみ、菊原まどか、川村美咲、風間ゆみ、楠真由美、かわいゆい、及川奈央、加藤ツバキ（夏樹カオル）、一戸のぞみ、麻生岬、一色あかね、春矢つばさ（椎名りく）、小日向ゆい、辻さき、北原夏美、鮎川なお、紅りんご、澄川ロア、永瀬あき、小日向しおり、川嶋あみ、小林茜,https://www.javbus.com/SBB-091,
GQR-040 絶倫老人 2 4時間の老人SEX,GQR-040 絶倫老人 2 4時間の老人SEX,GQR-040,,2010-05-12,239分鐘,,グローリークエスト,GQR,絶倫老人,成熟的女人、合集、顏面騎乘、巨乳、蘿莉塔,増山恭子、辻さき、北原夏美、宮地奈々、浅田ちち、青木美里、真咲南朋（楓モモ、安藤なつ妃）、浜崎りお（森下えりか、篠原絵梨香）、樋口冴子（桐島千沙）、片瀬美香、芽衣奈（南芽衣奈）、月夜舞,https://www.javbus.com/GQR-040,
DSE-594 ドリームステージ厳選熟女4時間 ＜総集編＞ 3,DSE-594 ドリームステージ厳選熟女4時間 ＜総集編＞ 3,DSE-594,,2010-04-29,240分鐘,,ドリームステージ,熟女絵巻,ドリームステージ厳選熟女,成熟的女人、合集、女上位,帝塚真織、常盤あすか、北上静香、橘美沙、堀越香奈、北原夏美、愛樹るい、町村小夜子、東条美菜、山口玲子、麻生岬、黒木小夜子（秀吉小夜子）、梶原まゆ、鏡麗子、椎名はるか,https://www.javbus.com/DSE-594,
DBZH-014 熟女羞恥旅行DX 2 4時間,DBZH-014 熟女羞恥旅行DX 2 4時間,DBZH-014,,2010-04-25,241分鐘,BORDERZ,ジャネス,艶女,熟女羞恥旅行,和服・喪服、成熟的女人、合集、羞恥,相葉菜々、浅倉彩音、滝澤クリスタル、北原夏美、澤村レイコ（高坂保奈美、高坂ますみ）、松浦ユキ,https://www.javbus.com/DBZH-014,
OOMN-011 熟成 四十路五十路の20人,OOMN-011 熟成 四十路五十路の20人,OOMN-011,,2010-04-19,239分鐘,,ABC/妄想族,お母さん.com/ABC,美熟女プレイ集,成熟的女人、母親、合集、亂倫、巨乳、DMM獨家,杉山あゆみ、広瀬ゆかり、徳田富美子、根元純、湯沢多喜子、河合律子、秋野泉、澤村美香、時越芙美江、小橋早苗、関口恵都子、城エレン、椿美羚、絹田美津、来杉弓香、五十川みどり、北原夏美、大林理恵（大林リエ）、北澤瞳、四季彩乃,https://www.javbus.com/OOMN-011,
SMD-023 中年熟女のふくよかな乳房,SMD-023 中年熟女のふくよかな乳房,SMD-023,,2010-03-28,178分鐘,,グローバルメディアエンタテインメント,SUPERMIX,,成熟的女人、強姦、亂倫、數位馬賽克、通姦、巨乳,結城櫻子、矢沢美奈、永峰朋美（安岡たまき）、叶艶子、佐藤みき（佐藤美紀、鈴木志帆）、酒井ちなみ（紫葵）、愛原純（相原純子、愛原順子）、菊池エリ、岸川ひろみ、楠真由美、中川ルナ、高木礼子、山本さき、北原夏美、大林理恵（大林リエ）、宮田かおる、麻宮良子、松浦ユキ、絹田美津、小泉ありさ、滝沢陽子、増田ゆり子、森下こずえ、芹沢真理、望月加奈（松沢真理）、海老原しのぶ、若林ひかる、山本まりこ、小林冬香,https://www.javbus.com/SMD-023,
LW-001 犯られる熟女と痴女な女子校生,LW-001 犯られる熟女と痴女な女子校生,LW-001,,2010-03-19,219分鐘,,スタイルアート/妄想族,スタイルアート/妄想族,,蕩婦、成熟的女人、女同性戀、高中女生、DMM獨家,霧島奈緒子、黒瀬いずみ、倖田みらい、遥ゆりあ、宮崎香穂、佐伯奈々、瞳れん、泉まりん、神谷りの、若林ひかる、萩原亜紀、松坂るい、北原夏美、林なお、澤村レイコ（高坂保奈美、高坂ますみ）,https://www.javbus.com/LW-001,
SBB-085 Hip★hopヒップ 夢に見ていた理想の尻コキ,SBB-085 Hip★hopヒップ 夢に見ていた理想の尻コキ,SBB-085,,2010-03-13,240分鐘,,マルクス兄弟,MARXBrothersco.,,屁股、內衣,蒼葉ゆめ（浅野柚奈）、青山ゆい、桜井春、藍原夕妃、北原夏美、浅田ちち、小日向しおり、愛菜りな、北島玲、風間ゆみ,https://www.javbus.com/SBB-085,
MBYD-093 美熟女ナース4時間,MBYD-093 美熟女ナース4時間,MBYD-093,,2010-03-12,239分鐘,,溜池ゴロー,溜池ゴロー,美熟女ナース,成熟的女人、护士、合集、數位馬賽克、深喉、DMM獨家,柏原ふみえ、川島ちえみ、白石さゆり、中森玲子、北原夏美、翔田千里、RIRICO、中山りお,https://www.javbus.com/MBYD-093,
WNZ-188 連続2回発射するまで許しません！,WNZ-188 連続2回発射するまで許しません！,WNZ-188,,2010-03-11,240分鐘,,ワンズファクトリー,WANZ,,蕩婦、护士、打手槍,有賀知弥、早川瀬里奈、葉月奈穂（葉月菜穂）、小坂めぐる、生田沙織、松浦ユキ、黒木麻衣（花野真衣、SHIHO）、鮎川なお、新井エリー（晶エリー、大沢佑香）、風間ゆみ、北原夏美、葉月紗絢、一ノ瀬あきら、樹花凜（七咲楓花）、澤村レイコ（高坂保奈美、高坂ますみ）、鷹宮りょう、中森玲子、一戸のぞみ、石川みずき、広瀬奈々美（堀口奈津美）、浜崎りお（森下えりか、篠原絵梨香）,https://www.javbus.com/WNZ-188,
JUSD-261 2009年マドンナ下半期133タイトル8時間,JUSD-261 2009年マドンナ下半期133タイトル8時間,JUSD-261,,2010-03-05,475分鐘,,マドンナ,Madonna,マドンナ○半期,成熟的女人、合集、數位馬賽克、DMM獨家,坂上えりか、加山なつこ、北原夏美、佐藤みき（佐藤美紀、鈴木志帆）、明星ちかげ、酒井ちなみ（紫葵）、細川まり、山口玲子、川上ゆう（森野雫）、坂上友香、広瀬奈々美（堀口奈津美）、澤村レイコ（高坂保奈美、高坂ますみ）、艶堂しほり（遠藤しおり）、浅倉彩音、石橋ゆう子、杉本はるか、澤村美香、原小雪、宮内静子、羽鳥澄香、広瀬ゆかり、後藤さなえ、楠木爽子、折原ゆかり、樋口冴子（桐島千沙）、衣川音寧、牧原れい子、風間ゆみ、北条麻妃、真中ゆうき、山下やよい、永峰朋美（安岡たまき）、玉木かおり、藤森綾子、友田真希、長谷川美紅、城エレン、波風きら、柳田やよい、大塚咲（小野沙樹、大滝佐紀）、白鳥美鈴、翔田千里、青木りん、村上涼子（中村りかこ、黒木菜穂）、黒木麻衣（花野真衣、SHIHO）、安藤早百合、吉岡奈々子、高島恭子、川崎美華、小野里美、澄川凌子（澄川綾子）、橘慶子、高崎紀子、間中美来、朝倉菜々子、緑川あずさ、桜みちる、松坂晴美、英里奈、高野優、赤井マリ、妃悠愛（長澤杏奈、水原里香、木崎祐子）、伊吹稟、武村歌子、篠田秋乃、三保翔蓮、塚原百合、新村まり子、鮎川みさと、四季彩乃、加々美涼、矢沢美奈、凛音涼子、山本まる（村上てん）、夏木響子、白川莉紗、石原よしえ、滝川絵理子、有沢実紗、畑永幸子、河合律子、高見礼子、三咲恭子、橘エレナ、真波紫乃、福田信子、北条美里、神咲りえ、徠夢、内田桃子（藤原多恵）、真田友里、小向まな美、鈴香音色,https://www.javbus.com/JUSD-261,
BNDV-726 h.m.pがお贈りする熟女たっぷり100人12時間,BNDV-726 h.m.pがお贈りする熟女たっぷり100人12時間,BNDV-726,,2010-03-03,705分鐘,はまにい,h.m.p,VB,h.m.pがお贈りする,成熟的女人、業餘、多P、中出、4小時以上作品,艶堂しほり（遠藤しおり）、北原夏美、澤村レイコ（高坂保奈美、高坂ますみ）、広瀬奈々美（堀口奈津美）、松浦ユキ、翔田千里、あずま樹、南原香織、松本亜璃沙,https://www.javbus.com/BNDV-726,
DSMB-014 真性女王様がAV熟女優を調教したらこうなった！ DX,DSMB-014 真性女王様がAV熟女優を調教したらこうなった！ DX,DSMB-014,,2010-02-25,140分鐘,,ジャネス,BS,真性女王様がAV熟女優を調教したらこうなった！,成熟的女人、SM、合集、性奴,藤崎真央、根元純、浅倉彩音、北原夏美、澤村レイコ（高坂保奈美、高坂ますみ）,https://www.javbus.com/DSMB-014,
ROSD-03 美熟女楽園,ROSD-03 美熟女楽園,ROSD-03,,2010-02-24,120分鐘,,ルビー,Rose（ルビー）,美熟女楽園,成熟的女人、其他戀物癖、女上位,藤木未央、南ありさ、北原夏美、村上涼子（中村りかこ、黒木菜穂）,https://www.javbus.com/ROSD-03,
SREN-025 お母さんと…,SREN-025 お母さんと…,SREN-025,,2010-02-18,240分鐘,,タカラ映像,翠蓮,お母さんと…,成熟的女人、母親、合集、亂倫,若槻尚美、林なお、穂阪詩織、北原夏美、五十川みどり、松浦ユキ、高倉梨奈,https://www.javbus.com/SREN-025,
WNZ-179 近親中出し相姦 義母生尻淫行4時間,WNZ-179 近親中出し相姦 義母生尻淫行4時間,WNZ-179,,2010-02-16,241分鐘,オムニバス,ワンズファクトリー,WANZ,,成熟的女人、亂倫、屁股、中出、婆婆,橘慶子、若槻尚美、北原夏美、澤村レイコ（高坂保奈美、高坂ますみ）、風間ゆみ,https://www.javbus.com/WNZ-179,
SEED-052 近親相姦美熟女セレクション VOL.13,SEED-052 近親相姦美熟女セレクション VOL.13,SEED-052,,2010-02-16,232分鐘,,YellowDuck,幻影,近親相姦美熟女セレクション,成熟的女人、亂倫、女上位,宮戸織江、安藤久美子、椎名紅緒、北原夏美、瀬崎ひとみ、水紗和みずほ、新田亜希、青井マリ、結衣（結衣美沙）、村上涼子（中村りかこ、黒木菜穂）,https://www.javbus.com/SEED-052,
SBB-083 極楽ちんぽイジメ 手コキ4時間DX,SBB-083 極楽ちんぽイジメ 手コキ4時間DX,SBB-083,,2010-02-13,240分鐘,,マルクス兄弟,MARXBrothersco.,,蕩婦、打手槍,水森あおい、茅ヶ崎ありす、北原夏美、村上里沙、浅田ちち、広瀬奈々美（堀口奈津美）、あいぶらん（蜜井とわ）、鮎川なお、新井エリー（晶エリー、大沢佑香）、風間ゆみ,https://www.javbus.com/SBB-083,
TYK-022 ザ・近親筆下ろし 叔母ちゃんの童貞喰い 4,TYK-022 ザ・近親筆下ろし 叔母ちゃんの童貞喰い 4,TYK-022,,2010-02-12,179分鐘,バンク石川,東京音光,艶工房,叔母ちゃんの童貞喰い,成熟的女人、亂倫、舔陰、手指插入,水野優、北原夏美、友田真希,https://www.javbus.com/TYK-022,
MBYD-091 あってはならない親子の絆！ 禁断相姦4時間,MBYD-091 あってはならない親子の絆！ 禁断相姦4時間,MBYD-091,,2010-02-12,239分鐘,,溜池ゴロー,溜池ゴロー,,成熟的女人、合集、亂倫、數位馬賽克、DMM獨家,姫野京香、小林里穂、白石さゆり、北原夏美、桜井咲子、白鳥美鈴、樋口冴子（桐島千沙）、翔田千里、村上涼子（中村りかこ、黒木菜穂）、友田真希、艶堂しほり（遠藤しおり）、浅倉彩音,https://www.javbus.com/MBYD-091,
WA-155 ドスケベオヤジの妄想企画 巨乳美淑女の団地妻にターゲットを絞れ！時間を止めてデカ乳女をモミまくりハメまくり,WA-155 ドスケベオヤジの妄想企画 巨乳美淑女の団地妻にターゲットを絞れ！時間を止めてデカ乳女をモミまくりハメまくり,WA-155,,2010-02-08,187分鐘,,ロータス,LOTUS,,企畫、潮吹、已婚婦女、巨乳,愛川京香、藤原絵理香、浅倉彩音、北原夏美、白山ゆり,https://www.javbus.com/WA-155,
JUSD-257 極上美熟女のアナルファック大全8時間,JUSD-257 極上美熟女のアナルファック大全8時間,JUSD-257,,2010-02-05,479分鐘,,マドンナ,Madonna,,成熟的女人、合集、數位馬賽克、DMM獨家、肛交,石黒京香（黒木かえで）、艶堂しほり（遠藤しおり）、北原夏美、吉岡奈々子、澤村レイコ（高坂保奈美、高坂ますみ）、志村玲子、松下ゆうか（愛乃彩音、藤咲ゆうか）、白鳥美鈴,https://www.javbus.com/JUSD-257,
JUSD-253 スーツ姿で悶える美熟女達15人4時間,JUSD-253 スーツ姿で悶える美熟女達15人4時間,JUSD-253,,2010-01-25,239分鐘,,マドンナ,Madonna,,成熟的女人、OL、女教師、合集、數位馬賽克、DMM獨家,関口梨乃、沙羅樹、長谷川美紅、中森玲子、北原夏美、佐藤みき（佐藤美紀、鈴木志帆）、澤村レイコ（高坂保奈美、高坂ますみ）、南沙也香、山口玲子、牧原れい子、樋口冴子（桐島千沙）、星優乃、翔田千里、日向ゆみ、有沢実紗,https://www.javbus.com/JUSD-253,
SEED-062 イエローダック トップ20,SEED-062 イエローダック トップ20,SEED-062,,2010-01-24,241分鐘,,YellowDuck,幻影,,成熟的女人、母親、合集、姐姐,斉藤由美、小柳倫子、神野美緒、小池麻美、関口梨乃、山口美花、桜庭怜香、魚住里奈、牧野遥、村上涼子（中村りかこ、黒木菜穂）、澤村レイコ（高坂保奈美、高坂ますみ）、三咲エリナ、北原夏美、町村小夜子、望月ゆみ、小林芽衣（小林メイ）、間宮志乃、艶堂しほり（遠藤しおり）、大林理恵（大林リエ）、佐藤みき（佐藤美紀、鈴木志帆）,https://www.javbus.com/SEED-062,
DJNO-103 近親熟女 お母さん！中出しさせて！ DX,DJNO-103 近親熟女 お母さん！中出しさせて！ DX,DJNO-103,,2010-01-20,244分鐘,,ジャネス,艶女,近親熟女お母さん！中出しさせて！,成熟的女人、母親、合集、亂倫、女上位,北原夏美、山口美花、澤村レイコ（高坂保奈美、高坂ますみ）、瀬戸ゆうき、松浦ユキ、吉澤レイカ,https://www.javbus.com/DJNO-103,
DJNJ-099 レズ レイプ SP,DJNJ-099 レズ レイプ SP,DJNJ-099,,2010-01-20,236分鐘,,ジャネス,ladies,レズレイプ,成熟的女人、女同性戀、強姦、高中女生,霧島奈緒子、松坂るい、宮崎香穂、高橋樹里、北原夏美、萩原亜紀、佐伯奈々、瞳れん、泉まりん、若林ひかる,https://www.javbus.com/DJNJ-099,
MBYD-088 極上ボディ！！美熟女15人4時間,MBYD-088 極上ボディ！！美熟女15人4時間,MBYD-088,,2010-01-13,239分鐘,,溜池ゴロー,溜池ゴロー,,成熟的女人、紧缚、數位馬賽克、手指插入、巨乳、DMM獨家,関口梨乃、中森玲子、北原夏美、佐藤みき（佐藤美紀、鈴木志帆）、酒井ちなみ（紫葵）、松下ゆうか（愛乃彩音、藤咲ゆうか）、樋口冴子（桐島千沙）、村上涼子（中村りかこ、黒木菜穂）、友崎亜希、風間ゆみ、如月セレナ、北島玲、白鳥美鈴、浅倉彩音,https://www.javbus.com/MBYD-088,
OBST-006 熟女おんな盛り 4時間,OBST-006 熟女おんな盛り 4時間,OBST-006,,2010-01-08,241分鐘,,ex,お母さん.com,,成熟的女人、合集、亂倫,大友唯愛、北原夏美、水元えり、五十川みどり、澤村レイコ（高坂保奈美、高坂ますみ）、町村小夜子、東条美菜、望月ゆみ、松浦ユキ、坂本梨沙、二宮亜季、若槻尚美,https://www.javbus.com/OBST-006,
OKAS-028 お母さんの汚れた小便,OKAS-028 お母さんの汚れた小便,OKAS-028,,2010-01-08,90分鐘,,ex,お母さん.com,,成熟的女人、放尿、母親,近藤由美、北村みどり、水野優、大林理恵（大林リエ）、相田紀子、中森玲子、澤村レイコ（高坂保奈美、高坂ますみ）、細川まり、小橋早苗、梶原まゆ、二宮亜季、小柳倫子、神威愛美、月島アスカ、藤木未央、徳田富美子、桧山すず、木村雅子、仲田絵理、椿美羚、坂本梨沙、水沢久美、絹田美津、堀越香奈、湯沢多喜子、松浦ユキ、東条美菜、水元えり、北原夏美、真野沙代、望月ゆみ、小鳥遊恋（高梨恋子）、葛城えみ,https://www.javbus.com/OKAS-028,
VENU-038 S級熟女 Part.2,VENU-038 S級熟女 Part.2,VENU-038,,2010-01-01,241分鐘,,VENUS,INCEST（ヴィーナス）,S級熟女（VENUS）,成熟的女人、潮吹、手指插入、巨乳,滝川絵理子、根元純、浅倉彩音、艶堂しほり（遠藤しおり）、北原夏美、北条麻妃、白鳥美鈴、翔田千里、村上涼子（中村りかこ、黒木菜穂）、若林ひかる,https://www.javbus.com/VENU-038,
OOMN-008 デカパイ熟女BEST10人 4時間,OOMN-008 デカパイ熟女BEST10人 4時間,OOMN-008,,2009-12-29,240分鐘,,ABC/妄想族,お母さん.com/ABC,美熟女プレイ集,成熟的女人、母親、合集、戀乳癖、巨乳、DMM獨家,永峰朋美（安岡たまき）、宮崎あい、野原もも、中森玲子、時越芙美江、北原夏美、浅田ちち、小林芽衣（小林メイ）、小鳥遊恋（高梨恋子）、ほしの菜実恵,https://www.javbus.com/OOMN-008,
JUSD-247 28人の母さんとしたい！8時間,JUSD-247 28人の母さんとしたい！8時間,JUSD-247,,2009-12-25,479分鐘,,マドンナ,Madonna,母さんとしたい！,成熟的女人、母親、合集、數位馬賽克、DMM獨家,滝川絵理子、西本かつの、時越芙美江、山口美花、志村玲子、白鳥美鈴、翔田千里、天霧真世、あずま樹、牧原れい子、増尾彩、美波志保、林なお、倉木小夜（村上美咲、樋口啓子）、瀬戸ゆうき、一条真生、広瀬ゆかり、楠木爽子、石橋ゆう子、町村小夜子、北原夏美、押切麗奈、黒崎ヒトミ（神津千絵子）、秋川真理、東千津子、五十川みどり、泉貴子、根元純,https://www.javbus.com/JUSD-247,
DPM-004 ヘアけつおっぱい48手,DPM-004 ヘアけつおっぱい48手,DPM-004,,2009-12-13,102分鐘,ヘンリー塚本,FAプロ・プラチナ,FAプロ・マニアック,,其他戀物癖、戲劇,浅井舞香、雪平あい、北原夏美、黒木小夜子（秀吉小夜子）、酒井ちなみ（紫葵）、東条美菜、桐原あずさ（伊藤あずさ）、風間ゆみ,https://www.javbus.com/DPM-004_2009-12-13,
DPM-002 ベロツバ接吻48手,DPM-002 ベロツバ接吻48手,DPM-002,,2009-12-13,124分鐘,ヘンリー塚本,FAプロ・プラチナ,FAプロ・マニアック,,其他戀物癖、女上位、戲劇,円城ひとみ、中森玲子、北原夏美、大沢萌、大越はるか、小鳥遊恋（高梨恋子）、七瀬ゆうり、桐原あずさ（伊藤あずさ）,https://www.javbus.com/DPM-002_2009-12-13,
JFB-009 ムッチリ美女大集合！ハミ出し水着BEST4時間,JFB-009 ムッチリ美女大集合！ハミ出し水着BEST4時間,JFB-009,,2009-12-07,239分鐘,,Fitch,Fitch,ハミ出し水着（Fitch）,乳交、合集、數位馬賽克、泳裝、巨乳、DMM獨家,片岡梨沙、波風きら、鈴香音色、北原夏美、小池絵美子、風間ゆみ,https://www.javbus.com/JFB-009,
GON-379 近親相姦 ～お母さんと猥褻行為～ 4時間,GON-379 近親相姦 ～お母さんと猥褻行為～ 4時間,GON-379,,2009-11-27,238分鐘,,グレイズ,GLAY’zONE,近親相姦（グレイズ）,母親、亂倫、女上位、母乳,林なお、穂阪詩織、北原夏美、五十川みどり、松浦ユキ、高倉梨奈,https://www.javbus.com/GON-379,
SEED-048 美巨乳熟女BEST4時間 Vol.7,SEED-048 美巨乳熟女BEST4時間 Vol.7,SEED-048,,2009-11-20,238分鐘,,YellowDuck,幻影,美巨乳熟女BEST4時間,成熟的女人、合集、巨乳,緒方早苗、北山静香、松岡紗幸、北原夏美、三上夕希、岬レイカ、菅原朱美、松本亜璃沙、渡瀬りえ、麻布レオナ,https://www.javbus.com/SEED-048,
MBYD-080 禁断の情事に溺れる背徳妻12人4時間,MBYD-080 禁断の情事に溺れる背徳妻12人4時間,MBYD-080,,2009-11-13,239分鐘,,溜池ゴロー,溜池ゴロー,,成熟的女人、合集、數位馬賽克、DMM獨家,白石さゆり、七海菜々、@YOU、北原夏美、山口美花、流川純、青井マリ、坂本梨沙、立花優、友田真希、川瀬さやか、広瀬ゆかり,https://www.javbus.com/MBYD-080,
SBB-075 30人の極上美女のベロチュ～接吻！,SBB-075 30人の極上美女のベロチュ～接吻！,SBB-075,,2009-11-13,240分鐘,,マルクス兄弟,MARXBrothersco.,,其他戀物癖、打手槍,美島涼、浅田ちち、澤村レイコ（高坂保奈美、高坂ますみ）、小坂めぐる、あいぶらん（蜜井とわ）、泉まりん、新井エリー（晶エリー、大沢佑香）、浅見怜、桜田さくら（松井さくら）、風間ゆみ、一ノ瀬あきら、北原夏美、鮎川なお、鮎川真咲、樹林れもん,https://www.javbus.com/SBB-075,
JUSD-237 華麗なる美熟女レズの世界4時間,JUSD-237 華麗なる美熟女レズの世界4時間,JUSD-237,,2009-11-06,239分鐘,,マドンナ,Madonna,,成熟的女人、女同性戀、合集、數位馬賽克、DMM獨家,竹内順子、川島めぐみ、瀬戸ゆうき、青井マリ、志村玲子、翔田千里、牧原れい子、橘未稀（石川麻矢）、岸川ひろみ、風間ゆみ、白石さゆり、北島玲、北原夏美、竹田千恵、関口梨乃、綾女、有沢実紗,https://www.javbus.com/JUSD-237,
OOMN-006 フェラをしたがる母親達,OOMN-006 フェラをしたがる母親達,OOMN-006,,2009-10-30,240分鐘,,ABC/妄想族,お母さん.com/ABC,フェラをしたがる母親達,成熟的女人、母親、口交、亂倫,蓮水梨沙、愛原唯、水野優、堀越香奈、椿美羚、仲田絵理、北原夏美、五十川みどり、町村小夜子、松浦ユキ、時越芙美江、秋野夕日、真野沙代、大友唯愛、小橋早苗,https://www.javbus.com/OOMN-006,
BJUK-030 マン汁ぐちゅぐちゅドすけべ熟女の温泉欲情オナニースペシャル,BJUK-030 マン汁ぐちゅぐちゅドすけべ熟女の温泉欲情オナニースペシャル,BJUK-030,,2009-10-27,113分鐘,,マニアゼロ,美熟（映天）,温泉欲情オナニースペシャル,成熟的女人、其他戀物癖、已婚婦女、自慰,千野麗香、北原夏美、松浦ユキ、あずま樹、多々野昌稀、南原香織、友田真希、友崎亜希,https://www.javbus.com/BJUK-030,
CCX-094 熟 ベロちゅ～＆SEX王国 DEEP KISS＆SEX KINGDOM VOL.3,CCX-094 熟 ベロちゅ～＆SEX王国 DEEP KISS＆SEX KINGDOM VOL.3,CCX-094,,2009-10-25,84分鐘,毛利秀虎,FAプロ・プラチナ,プラチナ,ベロちゅ～＆SEX王国,成熟的女人、其他戀物癖、戲劇,浅井舞香、中森玲子、北原夏美、大沢萌、倖田李梨（倖田美梨、岩下美季）、生田沙織、山口玲子、小池絵美子,https://www.javbus.com/CCX-094,
DVH-477 フェラコレ 熟女編 2 31人のフェラマダム,DVH-477 フェラコレ 熟女編 2 31人のフェラマダム,DVH-477,,2009-10-22,177分鐘,,ハヤブサ,隼,フェラコレ,成熟的女人、口交、其他戀物癖、數位馬賽克,下北やよい、赤塚みずほ、篠原優衣、間宮志乃、艶堂しほり（遠藤しおり）、中村綾乃、明星ちかげ、望月ゆみ、松浦ユキ、村上涼子（中村りかこ、黒木菜穂）、水野優、松嶋ルリ、有田典子、原美園、城山みずき、桃野美佐子、佐倉あつこ、水川彩子、丸山亜紀、牧野遥、冬野みずき、上原リナ、山咲愛、藤咲飛鳥、天海ゆり、押切あやの、竹下あや、間宮いずみ、五島せり、北原夏美、三浦百合子,https://www.javbus.com/DVH-477,
ACGJV-007 隣の未亡人,ACGJV-007 隣の未亡人,ACGJV-007,,2009-10-22,120分鐘,坂本太,グラフィティジャパン,アクメ,隣の未亡人,成熟的女人、寡婦、女上位,山咲リリィ、北原夏美、澤村レイコ（高坂保奈美、高坂ますみ）,https://www.javbus.com/ACGJV-007,
SBB-073 ワイセツ美尻×フェチ快姦 イイオンナの尻アングル20人4時間,SBB-073 ワイセツ美尻×フェチ快姦 イイオンナの尻アングル20人4時間,SBB-073,,2009-10-13,238分鐘,,マルクス兄弟,MARXBrothersco.,,屁股、中出、女上位、肛交、內衣,青山ゆい、桜井春、一ノ瀬あきら、飯島夏希、北原夏美、小日向しおり、愛菜りな、白雪彩、岡田りな、風間ゆみ、黒崎扇菜、菊原まどか、紅音ほたる（秋月杏奈）、椎名あきら、澤村レイコ（高坂保奈美、高坂ますみ）,https://www.javbus.com/SBB-073,
MBYD-077 美熟女が乱れ舞う！四十路女50人8時間,MBYD-077 美熟女が乱れ舞う！四十路女50人8時間,MBYD-077,,2009-10-13,479分鐘,,溜池ゴロー,溜池ゴロー,,成熟的女人、合集、數位馬賽克、DMM獨家,一条恵、浅井舞香、大城真澄、増尾彩、仲田絵理、桜庭怜香、青井マリ、美波志保、秋川真理、あずま樹、天霧真世、高倉朱々、日比野美咲、山本ちづこ、立花優、宝来みずほ、今宮せつな、魚住紗江、東条美菜、美空陽子、青木美里、桐島菜穂子、川村紅巳、桃原歩、椿美羚、吉野碧、五月瑠美、山口美花、大河内さなえ、黒木小夜子（秀吉小夜子）、倉木小夜（村上美咲、樋口啓子）、翔田千里、広瀬ゆかり、青木りかこ（明石翼）、清水美佐子、葉山瑶子、楠真由美、萩原美喜子、沢田麗奈、五十川みどり、柊麗子、真田友里、河合律子、一条真生、桜井咲子、和光志穂、黒崎ヒトミ（神津千絵子）、北原夏美、谷村都、立野ゆり,https://www.javbus.com/MBYD-077,
HFD-038 そのまま谷間に発射したくなっちゃうパイズリ 4時間,HFD-038 そのまま谷間に発射したくなっちゃうパイズリ 4時間,HFD-038,,2009-10-06,238分鐘,,ドリームチケット,ドリームチケット,,乳交、合集、巨乳,森野いちご、高城梨沙、飯島夏希、ERIKA（モカ、MOKA）、北原夏美、魚住里奈、流川純、七瀬ゆうり、浜崎りお（森下えりか、篠原絵梨香）、友田真希、松浦ユキ、志村玲子、福沢あや、天咲めい、春風花音、木村那美、宮崎あい、あいぶらん（蜜井とわ）、みはる、石川みずき、仲村ろみひ、吉沢みなみ、中森玲子、七瀬ゆい（羽田未来）、浅田ちち、逢沢なお（青山れあ）、あいだゆき、南沙也香、古館びわ、町村小夜子、Rico、亜佐倉みんと、葉月奈穂（葉月菜穂）、青山ゆい、夏目しおん、ARISA、春菜まい、琴乃夕夏、山咲萌、川嶋なな、川浜なつみ、山口玲子、三月あん（甘味いちご）、及川奈央、朝比奈ゆい、安原真美、森下理音、荒川美姫、水城梓、瞳、山下真耶、羽田夕夏、佐藤るり、黒木麻衣（花野真衣、SHIHO）、望月加奈（松沢真理）、麻川麗、椎名まゆみ、小春ひより、加山なつこ,https://www.javbus.com/HFD-038,
OBST-004 お母さんの上半期 BEST 4時間,OBST-004 お母さんの上半期 BEST 4時間,OBST-004,,2009-10-04,241分鐘,,ex,お母さん.com,,成熟的女人、母親、合集,近藤由美、大林理恵（大林リエ）、宮崎あい、林なお、澤村レイコ（高坂保奈美、高坂ますみ）、町村小夜子、望月ゆみ、菊川麻里、石田えりこ、梶原まゆ、二宮亜季、根元純、飯浜紀香、宮田まり、佐野るる、北原夏美、ほしの菜実恵、水元えり、野原もも、大越はるか、大友唯愛、絹田美津、穂阪詩織、堀越香奈、五十川みどり、湯沢多喜子、松浦ユキ、東条美菜、藤咲飛鳥、松島ルリ,https://www.javbus.com/OBST-004,
WRC-009 近親相姦 お母さんの美尻 the BEST,WRC-009 近親相姦 お母さんの美尻 the BEST,WRC-009,,2009-10-03,239分鐘,,ワンズファクトリー,WANZ,近親相姦お母さんの美尻,母親、合集、亂倫、屁股、手指插入,天海ゆり、阿部菜津子（福山洋子、織原寧々）、北原夏美、中村綾乃、町村小夜子、瀬戸ゆうき、流川純、広瀬奈々美（堀口奈津美）、山口玲子、風間ゆみ,https://www.javbus.com/WRC-009,
SWF-112 凛としたスーツ姿の女たちの淫らな下半身 4時間30人,SWF-112 凛としたスーツ姿の女たちの淫らな下半身 4時間30人,SWF-112,,2009-09-27,240分鐘,,ワンズファクトリー,WANZ,,OL、其他戀物癖、淫語、舔陰、女上位,愛原さくら、仲村ろみひ、一ノ瀬ゆき、乃亜（鳥越乃亜）、黒木麻衣（花野真衣、SHIHO）、鮎川なお、紅月ルナ、RIRICO、紅音ほたる（秋月杏奈）、風間ゆみ、鈴房ありさ、清原りょう、妃乃ひかり、和希結衣、星野あかり、寧々、白雪彩、綾瀬メグ、大城舞衣子、星アンジェ、鷹宮りょう、一ノ瀬あきら、広瀬奈々美（堀口奈津美）、北原夏美、雨音しおん、村上里沙、浜崎りお（森下えりか、篠原絵梨香）、北島玲、小向杏奈（桜井麻美）、大空あかね,https://www.javbus.com/SWF-112,
JUSD-230 2009年マドンナ上半期134タイトル8時間,JUSD-230 2009年マドンナ上半期134タイトル8時間,JUSD-230,,2009-09-25,477分鐘,,マドンナ,Madonna,マドンナ○半期,成熟的女人、合集、數位馬賽克、DMM獨家,澄啓子、愛勇希、石原よしえ、畑永幸子、石川さとこ、滝川絵理子、北原夏美、広瀬奈々美（堀口奈津美）、牧原れい子、友田真希、木村よしの、熊谷麻美、藤原絵理香、永原美代子、橘エレナ、沙月みちる、北条美里、大河内奈美、姫花このみ、平澤藤子、篠原亜希、小川ひなの、大山桃子、西川もえ、川田奈美、堀内菜々、新堂ルミ、明石洋子、南條しのぶ、森田悠里、川尻さとこ、島谷さくら、林このみ、山本まる（村上てん）、上原彩香、永山美幸、夏木響子、神咲なお、白川莉紗、大嶺貴美子、大沢芽衣、折原みさと、小田島美和、愛田正子、久我舞、藤木ルイ、夏目やよい、有沢実紗、南ありさ、黒山さゆり、時越芙美江、前野美伽、吉岡奈々子、片岡梨沙、宮内静子、羽鳥澄香、森下彩乃、広瀬ゆかり、楠木爽子、鮎川エミ、加藤なお、月島なつめ、川内洋子、白河ゆりか、折原ゆかり、上村頼子、黒谷彩乃、竹井ゆかり、坂田美影、雪村あずさ、石橋ゆう子、三田村邦子、関口恵都子、芹沢舞、宮田まり、藤木未央、風祭あかり、若槻尚美、一戸のぞみ、根元純、佐藤みき（佐藤美紀、鈴木志帆）、根本恵津子、神威愛美、中森玲子、葦沢鳴海、橘美沙、澤村レイコ（高坂保奈美、高坂ますみ）、大林理恵（大林リエ）、艶堂しほり（遠藤しおり）、小鳥遊恋（高梨恋子）、小林芽衣（小林メイ）、佐々木涼、芦沢彩乃、新藤さやか、村上里沙、松浦ユキ、星優乃、押切あやの、香坂るい、白坂百合、大塚咲（小野沙樹、大滝佐紀）、青井マリ、愛田るか、川上ゆう（森野雫）、翔田千里、村上涼子（中村りかこ、黒木菜穂）、倖田李梨（倖田美梨、岩下美季）、黒木麻衣（花野真衣、SHIHO）、寧々、若林ひかる、小池絵美子、長谷川美紅、岸川ひろみ、加山なつこ、山口珠理、山口玲子、酒井ちなみ（紫葵）、風間ゆみ,https://www.javbus.com/JUSD-230,
JUSD-228 彼女の母親総集編4時間,JUSD-228 彼女の母親総集編4時間,JUSD-228,,2009-09-25,239分鐘,,マドンナ,Madonna,彼女の母親,成熟的女人、合集、數位馬賽克、巨乳、DMM獨家,滝川絵理子、羽鳥澄香、君嶋かほり、時越芙美江、北原夏美、牧原れい子,https://www.javbus.com/JUSD-228,
RNADE-486 団地妻ソープ‘中出し’4時間ベストコレクション！ VOL.1,RNADE-486 団地妻ソープ‘中出し’4時間ベストコレクション！ VOL.1,RNADE-486,,2009-09-19,234分鐘,,なでしこ,Nadeshiko,団地妻ソープ,成熟的女人、合集、已婚婦女、中出、4小時以上作品,松岡鈴香、蒼井美和、一条恵、刹那愛、大石純子、仲田絵理、北原夏美、松嶋ルリ、桐島樹莉、黒谷渚,https://www.javbus.com/RNADE-486,
DINM-010 禁断流出！！人妻不倫ハメ撮りプライベートSEX映像 40人8時間,DINM-010 禁断流出！！人妻不倫ハメ撮りプライベートSEX映像 40人8時間,DINM-010,,2009-09-19,478分鐘,,ダイナマイトエンタープライズ,ダイナマイトプレミア,,成熟的女人、第一人稱攝影、已婚婦女、通姦,沢近由紀美、関口梨乃、北原夏美、松本亜璃沙,https://www.javbus.com/DINM-010,
SWF-109 美しい熟女たちの濃密なセックス,SWF-109 美しい熟女たちの濃密なセックス,SWF-109,,2009-09-16,239分鐘,,ワンズファクトリー,WANZ,,成熟的女人、紧缚、已婚婦女、多P,和希優子、黒川まい、艶堂しほり（遠藤しおり）、西条麗、北島玲、あいぶらん（蜜井とわ）、望月加奈（松沢真理）、玉置マリア、鮎川るい、紫彩乃、桃咲まなみ、松浦ユキ、坂田美影、中森玲子、桜庭怜香、澤村レイコ（高坂保奈美、高坂ますみ）、友田真希、神崎みい、北原夏美,https://www.javbus.com/SWF-109,
CADV-131 人妻デリバリーEX 巨乳妻限定4時間,CADV-131 人妻デリバリーEX 巨乳妻限定4時間,CADV-131,,2009-09-15,237分鐘,,クリスタル映像,CRYSTALEX,人妻デリバリー,成熟的女人、乳交、妓女、已婚婦女、巨乳,一色エリナ、長谷川ゆりえ、夏目葉子、斉藤容子、佐和真由香、沢田祐理子、新藤さやか、芹沢舞、北原夏美、山口玲子、藤咲飛鳥、中峰さゆり、志村玲子、夏木響子,https://www.javbus.com/CADV-131,
CCXS-004 プラチナ公式 BESTセレクションVOL.3,CCXS-004 プラチナ公式 BESTセレクションVOL.3,CCXS-004,,2009-09-13,203分鐘,毛利秀虎,FAプロ・プラチナ,プラチナ,BESTセレクション,合集、亂倫、戲劇,美里流季、国生みさき、浅井舞香、坂下麗、北原夏美、大沢萌、萩原亜紀、春矢つばさ（椎名りく）、矢吹涼子、日高ゆりあ（青山ひより）,https://www.javbus.com/CCXS-004,
MBYD-074 溜池ゴロー2009年上半期全103作品8時間,MBYD-074 溜池ゴロー2009年上半期全103作品8時間,MBYD-074,,2009-09-11,478分鐘,,溜池ゴロー,溜池ゴロー,溜池ゴロー○年○半期,成熟的女人、合集、數位馬賽克、DMM獨家,白石さゆり、川瀬さやか、北原夏美、北島玲、青井マリ、広瀬奈々美（堀口奈津美）、倉木小夜（村上美咲、樋口啓子）、松下ゆうか（愛乃彩音、藤咲ゆうか）、桐原あずさ（伊藤あずさ）、風間ゆみ、翔田千里、村上涼子（中村りかこ、黒木菜穂）、君島冴子（AOI.、村上葵）、小池絵美子、神崎美樹、緒川さら、友田真希、姫野京香、艶堂しほり（遠藤しおり）、澤村レイコ（高坂保奈美、高坂ますみ）、三咲恭子、河合律子、笹森じゅん、有沢実紗、時越芙美江、吉岡奈々子、広瀬ゆかり、青木りかこ（明石翼）、折原ゆかり、伊吹怜、浅倉彩音、佐藤みき（佐藤美紀、鈴木志帆）、綾女、関口梨乃、山口美花、中森玲子、真田友里,https://www.javbus.com/MBYD-074,
MBYD-075 絶叫・絶頂の連続！イカサレ美熟女大全集4時間！,MBYD-075 絶叫・絶頂の連続！イカサレ美熟女大全集4時間！,MBYD-075,,2009-09-11,239分鐘,,溜池ゴロー,溜池ゴロー,,成熟的女人、紧缚、合集、數位馬賽克、DMM獨家,檀杏奈、姫野京香、増尾彩、北原夏美、吉岡奈々子、広瀬奈々美（堀口奈津美）、松下ゆうか（愛乃彩音、藤咲ゆうか）、白鳥美鈴、小池絵美子,https://www.javbus.com/MBYD-075,
PAKE-002 発射寸前！熟女100連発！！,PAKE-002 発射寸前！熟女100連発！！,PAKE-002,,2009-09-01,120分鐘,,センタービレッジ,秋の感謝祭’09,,成熟的女人、已婚婦女、女優按摩棒、DVD多士爐、按摩棒,山本艶子、艶堂しほり（遠藤しおり）、北原夏美、野宮凛子、青井マリ、美月ゆう子（長瀬優子）、樋口冴子（桐島千沙）、里中亜矢子、紫彩乃,https://www.javbus.com/PAKE-002,
KDMM-001 麗しい母親のフェラ・手コキ・パイズリの40人40連発,KDMM-001 麗しい母親のフェラ・手コキ・パイズリの40人40連発,KDMM-001,,2009-09-01,121分鐘,,ex,秋の感謝祭’09,,母親、口交、乳交、打手槍,蓮見梨沙、真野沙代、秋野夕日、宮崎あい、相田紀子、柿本真緒、北原夏美、藤咲飛鳥、浅田ちち、東条美菜、松浦ユキ、五十川みどり、堀越香奈、柳田やよい、水沢久美、大友唯愛、小橋早苗、大越はるか、山崎百合子、明星ちかげ、木村雅子、宮田まり、関口恵都子、佐野るる、星奈緒美、澤村美香、寺崎悠子、神威まなみ、椿美玲、飯浜紀香、月島アスカ、廣野すみれ、近藤由美、安西里緒菜、穂坂菜摘、林なお、澤村レイコ（高坂保奈美、高坂ますみ）、坂上えりか、平由美子、葛城えみ,https://www.javbus.com/KDMM-001,
ABCB-001 ABC 2009上半期BEST 4時間,ABCB-001 ABC 2009上半期BEST 4時間,ABCB-001,,2009-09-01,249分鐘,,ABC/妄想族,ABC,ABCBEST,成熟的女人、合集、戀乳癖、高中女生、巨乳,徠夢、倉田茜、友野みゆき、黒木いちか（東条かれん）、中森玲子、並木るか（橘ひな）、北原夏美、澤村レイコ（高坂保奈美、高坂ますみ）、美花ぬりぇ、羽田夕夏、愛菜りな、飯浜紀香、みづき伊織、工藤れいか、浅田ちち,https://www.javbus.com/ABCB-001,
ADMM-001 おっぱい祭り100人おっぱいその数なんとびっくり200個 授乳手コキ,ADMM-001 おっぱい祭り100人おっぱいその数なんとびっくり200個 授乳手コキ,ADMM-001,,2009-09-01,119分鐘,,ABC/妄想族,秋の感謝祭’09,巨乳スペシャル,成熟的女人、合集、DVD多士爐、高中女生、巨乳、DMM獨家、打手槍,小笠原のの、松浦由希、新田美希、水澤久美、島谷さゆり、白瀬まなみ、伊東このみ、川峰さくら、辻さき、並木るか（橘ひな）、夏川真由美、羽野理沙、佐野るる、姫咲まりあ、野々宮さえ、安奈咲、鈴香音色、来生弓香、神崎レミ、白百合姫、朝霧雫、木原アリア、星奈緒美、菅なつみ、倉田茜、黒木いちか（東条かれん）、秋乃マロン、大林理恵（大林リエ）、長谷川ミュウ、宮田まり、乙宮ゆう、仲村ろみひ、真田リサ、京本由衣、渋谷あすか、二宮亜季、西木美羽、石川みずき、青山ひかる、涼宮ラム、逢沢なお（青山れあ）、芹沢優華、篠田まい、恩田夏穂、近藤由美、明星ちかげ、中森玲子、友野みゆき、浅田ちち、門倉真紀、仲田絵理、里原あみ、愛菜りな、中村綾乃、小林芽衣（小林メイ）、望月ゆみ、桜沢いすず、町村小夜子、あいぶらん（蜜井とわ）、秋野夕日、小澤新音、東野愛鈴、宮崎あい、北原夏美、松坂るい、黒川梨花、ほしの菜実恵、卯月杏、水元えり、月門ゆか、片瀬りこ、はるか悠、桃咲まなみ、湯沢多喜子、早坂めぐ、小橋早苗、絹田美津、浜崎りお（森下えりか、篠原絵梨香）、波風きら、中峰さゆり、真中かおり、北条アミ、西本はるみ、梶原まゆ、神崎美樹、浅田もえ、五十川みどり、吉沢千里、妃乃ひかり、相田紀子、雪野ひかる、大越はるか、藤宮櫻花（眞雪ゆん）、秋川りお（美月このみ）、野原もも、小池絵美子、渡部准、安奈久美、葉月奈穂（葉月菜穂）,https://www.javbus.com/ADMM-001_2009-09-01,
JAM-001D 「年増の奥様」に筆おろしされたい！！！,JAM-001D 「年増の奥様」に筆おろしされたい！！！,JAM-001D,,2009-09-01,118分鐘,,なでしこ,秋の感謝祭’09,,成熟的女人、其他戀物癖、纪录片、DVD多士爐,根元純、山本艶子、北原夏美、青井マリ,https://www.javbus.com/JAM-001D,
SMD-020 熟女30人淫舌集,SMD-020 熟女30人淫舌集,SMD-020,,2009-08-31,179分鐘,,グローバルメディアエンタテインメント,SUPERMIX,,角色扮演、成熟的女人、合集、多P、數位馬賽克,姫野京香、橘美沙、大林理恵（大林リエ）、関口梨乃、間宮志乃、北原夏美、中村綾乃、澤村レイコ（高坂保奈美、高坂ますみ）、青井マリ、村上涼子（中村りかこ、黒木菜穂）、仲田絵美、山口美花、広畑加代子、藤木静子、広瀬ゆかり、浦沢亜矢子、叶艶子、松浦ユキ、黒木小夜子（秀吉小夜子）、青木美里、岡田裕美、あずま樹、滝沢陽子、愛川咲樹、志村玲子、織田なつき、五十川みどり、松岡貴美子、浅井舞香、近藤美香,https://www.javbus.com/SMD-020,
JUSD-222 マドンナ2008年全291タイトル作品集8時間,JUSD-222 マドンナ2008年全291タイトル作品集8時間,JUSD-222,,2009-08-25,475分鐘,,マドンナ,Madonna,,成熟的女人、合集、數位馬賽克、DMM獨家,細川かな、臼井美佐恵、川村あんな、宮崎彩香、黒崎ヒトミ（神津千絵子）、天海ゆり、麻宮良子、艶堂しほり（遠藤しおり）、愛樹るい、間宮いずみ、北原麗子、瀧川絵里花、山咲愛、成瀬雛、魚住里奈、黒田ユリ、瀬戸綾乃、樋口冴子（桐島千沙）、西園寺ゆり、大沢りょうこ、東条美菜、久保川純、源元マリ、倉木小夜（村上美咲、樋口啓子）、来杉弓香、山本艶子、黒田和江、五十川みどり、三角美紀子、安斎芳香、吹雪あかね、東千津子、湯沢多喜子、秋川真理、一条梨乃、島中なぎさ、松浦ユキ、高瀬みどり、金城理香、須藤美羽、芦沢彩乃、水川彩子、三咲エリナ、柿本真緒、流川純、松坂るい、北原夏美、滝澤クリスタル、川瀬さやか、竹内順子、鈴木エリナ、長田まさみ、菊川麻里、織戸幸子、稲森さやか、小松ユリナ、大西ゆかり、ほしの菜実恵、杉並静香、上原リナ、牧野遥、草間律子、押切麗奈、赤井寿子、杞憂朝美、川田優子、椿かをる、生田正子、麻生咲乃、岡江久美、高橋恵、藤堂直美、山本ちづこ、和光志穂、藤ノ宮礼美、友田真希、高木礼子、川島めぐみ、岸川ひろみ、白石みなみ、神崎美樹、小池絵美子、高倉梨奈、野原もも、秋川りお（美月このみ）、君島冴子（AOI.、村上葵）、菊川れみ、麻生岬、瀬名紫、矢吹涼子、松本亜璃沙、白河かれん、橘未稀（石川麻矢）、桜澤芳恵、鏡麗子、金子リサ、山口珠理、山口玲子、酒井ちなみ（紫葵）、山村美和、黒木小夜子（秀吉小夜子）、渡辺弓絵、柏木優子、風間ゆみ、風見京子、牧原れい子、松原久美子、小林里穂、山口智美、大越はるか、倖田李梨（倖田美梨、岩下美季）、小峰由衣、北条アミ、水沢久美、白鳥美鈴、相沢ゆう、朝霧なつこ、白坂百合、白石ナナ、川島朋子、押切あやの、志村玲子、北島玲、星優乃、夏川まゆみ、南まいこ（有馬早紀子）、絹田美津、坂本梨沙、西本はるみ、椿美羚、村上涼子（中村りかこ、黒木菜穂）、山科薫、秋吉くるみ、葉月奈穂（葉月菜穂）、あずま樹、嶋田奈々子、大城真澄、翔田千里、片平恭子、小泉ありさ、増尾彩、青井マリ、今宮せつな、愛川咲樹、白石さゆり、藤木佐和子、真野沙代、有田典子、ヨネ、蔵内美樹、蓮水梨沙、三浦百合子、桃野宵子、町田レイナ、吉行純、椿早妃、綾女、藤咲凛子、佐藤みき（佐藤美紀、鈴木志帆）、山口奈津美、工藤彩乃、根元純、如月小雪、関口梨乃、角谷美和子、竹田千恵、島村倫代、神野美緒、蛍原雅、関根京子、姫川百合子、前田窓花、中森玲子、唐津もえ、木村奈緒子、夏川優奈（白石沙里奈）、木内ともえ、山口美花、浅岡沙希（浅岡沙季）、根本あきこ、大河内さなえ、広畑加代子、石井明菜、桂木聡美、高橋ゆきえ、立花かすみ、松下紗世、夏樹しおり、仙崎春香、広瀬ゆかり、森下彩乃、羽鳥澄香、木村節子、野村あけみ、藤崎絹子、高橋りこ、岩崎彩菜、市原藍音、綾乃美土理、白河ゆりか、石橋ゆう子、野々村小夜、横田美樹、桜井あずさ、森あけみ、新藤昭子、梶原愛子、島崎佳恵、坂木美春（坂木美晴）、蓮水奈保、宮田まり、吉永美佐子、山咲百合子、志村朝子、室井浩美、宮野誉、徳田富美子、林田聡美、石黒京香（黒木かえで）、柴田涼子、松下ゆうか（愛乃彩音、藤咲ゆうか）、多田博美、神尾奈々、郷沢美琴、宮本静、北条小百合、神谷節子、深草すみれ、飯田ゆかり、仲田絵理、持田准子、間宮志乃、岩本良美、一条恵、中村綾乃、南沙也香、千葉ゆかり、真島みゆき、町村小夜子、都築恵美子、三木藤乃、魚住紗江、近藤美奈、望月ゆみ、小林芽衣（小林メイ）、坂本淑子、日比谷真琴、石川美貴、寺島エリ、北村和歌、広瀬奈々美（堀口奈津美）、綾瀬沙羅、明星ちかげ、北上静香、白澤フタバ、瀬奈紀香、美空陽子、渥美イオン、夏目葉子、片岡美咲、木下やよい、矢野まり、宮本冷子、平由美子、君嶋かほり、堀田佐緒里、竹内サキ、橘美沙、宮川明日香、倉本まりこ、叶姫、近藤清美、廣野すみれ、黒川怜子、吉永麗子、峯谷由樹、長山良子、松坂聡子、森山れみ、星咲りの、澤村レイコ（高坂保奈美、高坂ますみ）、一条真生、林なお、穂坂菜摘、牧みどり、大林理恵（大林リエ）、豊田伸枝、山咲奈々美,https://www.javbus.com/JUSD-222,
RNADE-480 THE 中出し近●相姦～ 僕の母の職業は女○○,RNADE-480 THE 中出し近●相姦～ 僕の母の職業は女○○,RNADE-480,,2009-08-24,238分鐘,Kamezo,なでしこ,Nadeshiko,,女教師、各種職業、制服、中出,竹内サキ、一条恵、北原夏美、松浦ユキ,https://www.javbus.com/RNADE-480,
SLW-005 ペニバンとアナル舐めと唾液責めで熟女を犯す女子校生のディープレズ,SLW-005 ペニバンとアナル舐めと唾液責めで熟女を犯す女子校生のディープレズ,SLW-005,,2009-08-19,128分鐘,,スタイルアート/妄想族,スタイルアート/妄想族,,成熟的女人、女同性戀、強姦、女同接吻、高中女生、DMM獨家,松坂るい、宮崎香穂、北原夏美、澤村レイコ（高坂保奈美、高坂ますみ）、萩原亜紀、佐伯奈々、瞳れん、若林ひかる,https://www.javbus.com/SLW-005,
OBST-003 お母さんとの情事BEST 4時間 ～手コキ、フェラ、SEX他～,OBST-003 お母さんとの情事BEST 4時間 ～手コキ、フェラ、SEX他～,OBST-003,,2009-08-17,241分鐘,,ex,お母さん.com,お母さんとの情事,成熟的女人、口交、合集、亂倫、打手槍,佐野るる、桧山すず、根元純、若槻尚美、林なお、北原夏美、宮田まり、五十川みどり、澤村レイコ（高坂保奈美、高坂ますみ）、松浦ユキ、廣野すみれ、望月ゆみ、町村小夜子、石田えりこ、蓮見梨沙、藤咲飛鳥、東条美菜、大友唯愛、神崎美樹、松島ルリ,https://www.javbus.com/OBST-003,
MBYD-073 特選美熟女10人4時間,MBYD-073 特選美熟女10人4時間,MBYD-073,,2009-08-13,239分鐘,,溜池ゴロー,溜池ゴロー,,成熟的女人、合集、數位馬賽克、女上位、DMM獨家,関口梨乃、白石さゆり、浅倉彩音、北原夏美、佐藤みき（佐藤美紀、鈴木志帆）、澤村レイコ（高坂保奈美、高坂ますみ）、瀬戸ゆうき、広瀬奈々美（堀口奈津美）、村上涼子（中村りかこ、黒木菜穂）、友田真希,https://www.javbus.com/MBYD-073,
SMD-012 黒人熟女暴行 三十路～還暦熟女8人 黒人巨マラ強姦ベストセレクション,SMD-012 黒人熟女暴行 三十路～還暦熟女8人 黒人巨マラ強姦ベストセレクション,SMD-012,,2009-08-11,179分鐘,グローバル,グローバルメディアエンタテインメント,SUPERMIX,黒人○○暴行,成熟的女人、強姦、合集、數位馬賽克、黑人演員,須田由奈、松岡貴美子、三角美紀子、北原夏美、山本ちづこ、望月ゆみ、青井マリ、牧本千幸（つかもと友希）,https://www.javbus.com/SMD-012,
SBJD-074 夜這い！秘められた熟女の寝室4時間DELUXE,SBJD-074 夜這い！秘められた熟女の寝室4時間DELUXE,SBJD-074,,2009-08-10,238分鐘,,サイドビー,熟女の細道,夜這い！,成熟的女人、乳交、女上位,栗林麗子、湯島美智子、石橋ゆう子、関口恵都子、上原優、北原夏美,https://www.javbus.com/SBJD-074,
JUSD-221 熟れたマンコにズッポリ！美熟女30人の結合部4時間,JUSD-221 熟れたマンコにズッポリ！美熟女30人の結合部4時間,JUSD-221,,2009-08-07,239分鐘,,マドンナ,Madonna,,成熟的女人、合集、數位馬賽克、女上位、DMM獨家,夏川優奈（白石沙里奈）、関口梨乃、黒崎ヒトミ（神津千絵子）、白石さゆり、青井マリ、神楽メイ、白鳥美鈴、翔田千里、友田真希、草凪純（加納瑞穂）、牧原れい子、風間ゆみ、酒井ちなみ（紫葵）、山口珠理、北原夏美、滝澤クリスタル、時越芙美江、吉岡奈々子、羽鳥澄香、広瀬ゆかり、白河ゆりか、根元純、佐藤みき（佐藤美紀、鈴木志帆）、山口美花、橘美沙、澤村レイコ（高坂保奈美、高坂ますみ）、艶堂しほり（遠藤しおり）、広瀬奈々美（堀口奈津美）、川上ゆう（森野雫）、有沢実紗,https://www.javbus.com/JUSD-221,
RNADE-463 ジブン義母さん達に… 第2章,RNADE-463 ジブン義母さん達に… 第2章,RNADE-463,,2009-08-04,119分鐘,,なでしこ,Nadeshiko,ジブン義母さん達に…,成熟的女人、合集、婆婆,笠原美咲、小久保真樹、関口恵都子、北原夏美,https://www.javbus.com/RNADE-463,
KBKD-532 不倫妻中出し 総集編 弐,KBKD-532 不倫妻中出し 総集編 弐,KBKD-532,,2009-07-28,120分鐘,,小林興業,小林,●●不倫妻中出し,合集、已婚婦女、通姦、中出,愛可ゆきの、くれは沙弥、北原夏美、麻生咲乃,https://www.javbus.com/KBKD-532,
DSE-482 ドリームステージ 美熟女垂れ乳ベストセレクション240分,DSE-482 ドリームステージ 美熟女垂れ乳ベストセレクション240分,DSE-482,,2009-07-28,240分鐘,,ドリームステージ,熟女絵巻,美熟女垂れ乳ベストセレクション,成熟的女人、其他戀物癖、女上位,水沢久美、相田ゆりあ、北条アミ、五十川みどり、新田亜希、吉永美佐子、天霧真世、村上涼子（中村りかこ、黒木菜穂）、秋川りお（美月このみ）、矢吹涼子、宝来みずほ、風間百合恵、北原夏美、大塚珠季、一条恵、神威愛美、山口美花,https://www.javbus.com/DSE-482,
DYM-032 ザ・筆おろし 30人4時間,DYM-032 ザ・筆おろし 30人4時間,DYM-032,,2009-07-19,242分鐘,,ダイナマイトエンタープライズ,ダイナマイト,,成熟的女人、女上位、巨乳、打手槍,北原夏美、村上涼子（中村りかこ、黒木菜穂）、紫彩乃,https://www.javbus.com/DYM-032,
MBYD-070 美熟女100人8時間！,MBYD-070 美熟女100人8時間！,MBYD-070,,2009-07-13,477分鐘,,溜池ゴロー,溜池ゴロー,,成熟的女人、多P、數位馬賽克、DMM獨家,星月優菜、関口梨乃、日比野美咲、浅井舞香、白石さゆり、宝来みずほ、松浦ユキ、秋川真理、藤森かおり、愛田るか、牧本千幸（つかもと友希）、金子リサ、広瀬奈央美、酒井ちなみ（紫葵）、風間ゆみ、立花優、楠真由美、水野さくら、友田真希、友崎亜希、吉澤レイカ、神崎美樹、紫彩乃、小池絵美子、高倉梨奈、君島冴子（AOI.、村上葵）、菊川れみ、結衣（結衣美沙）、杉山圭、滝沢優奈、内田知里、加賀雅、麻生岬、矢吹涼子、松本亜璃沙、吉野碧、林マリア、寺澤しのぶ、渡瀬りえ、倖田李梨（倖田美梨、岩下美季）、村上涼子（中村りかこ、黒木菜穂）、仲居あゆみ、大友園子、小椋まりあ、あずま樹、阿部菜津子（福山洋子、織原寧々）、大城真澄、白川なつみ、生田沙織、翔田千里、岬七瀬、桐原あずさ（伊藤あずさ）、増尾彩、青井マリ、南原香織、間宮いずみ、畑野ゆずき、坂本梨沙、北条アミ、深津映見、若林美保、白鳥美鈴、白坂百合、志村玲子、北島玲、飯田さやか、浅宮ゆかり、天海ゆり、瀬戸ゆうき、山本艶子、五十川みどり、樋口冴子（桐島千沙）、長澤リカ、山本ちづこ、和光志穂、流川純、北原夏美、川瀬さやか、竹内順子、朝宮涼子、広瀬奈々美（堀口奈津美）、小鳥遊恋（高梨恋子）、谷村都、姫野京香、艶堂しほり（遠藤しおり）、木村雅子、赤坂エレナ、澤村レイコ（高坂保奈美、高坂ますみ）、中森玲子、山口美花、綾女、檀杏奈、佐藤みき（佐藤美紀、鈴木志帆）、安奈ルコ、浅倉彩音、折原ゆかり、松下ゆうか（愛乃彩音、藤咲ゆうか）、時越芙美江、宮田佳子、三咲恭子,https://www.javbus.com/MBYD-070,
MBYD-069 夫の横で執拗な愛撫！悶える美熟女26人4時間,MBYD-069 夫の横で執拗な愛撫！悶える美熟女26人4時間,MBYD-069,,2009-07-13,237分鐘,,溜池ゴロー,溜池ゴロー,,成熟的女人、數位馬賽克、羞恥、DMM獨家,浅宮ゆかり、朝宮涼子、和光志穂、白石さゆり、山本艶子、北原夏美、松浦ユキ、翔田千里、友田真希、友崎亜希、艶堂しほり（遠藤しおり）、澤村レイコ（高坂保奈美、高坂ますみ）、山口美花、志村玲子、白鳥美鈴、日吉ルミコ、金子リサ、風間ゆみ、立花優、葉山瑶子、村上涼子（中村りかこ、黒木菜穂）、大友園子、大城真澄、増尾彩、青井マリ、浅倉彩音,https://www.javbus.com/MBYD-069,
RD-291 BEST of ザ・カメラテスト 濃縮（汁）11連発！！4時間,RD-291 BEST of ザ・カメラテスト 濃縮（汁）11連発！！4時間,RD-291,,2009-07-08,237分鐘,鬼闘光,アテナ映像,ATHENA,ザ・カメラテスト,合集、舔陰,水沢弥生、本村咲姫、里仲ゆずき、小沢なずな、中原琴美、美山ひなの、絢音ミミ、北原夏美、早坂めぐ、森下さやか、桐谷える,https://www.javbus.com/RD-291,
JUSD-215 バックで突かれる美熟女達31人4時間 2,JUSD-215 バックで突かれる美熟女達31人4時間 2,JUSD-215,,2009-07-07,239分鐘,,マドンナ,Madonna,バックで突かれる美熟女達,成熟的女人、其他戀物癖、合集、數位馬賽克、DMM獨家,時越芙美江、艶堂しほり（遠藤しおり）、北原夏美、佐藤みき（佐藤美紀、鈴木志帆）、澤村レイコ（高坂保奈美、高坂ますみ）、酒井ちなみ（紫葵）、広瀬奈々美（堀口奈津美）、川上ゆう（森野雫）、牧原れい子、友田真希,https://www.javbus.com/JUSD-215,
MBOX-034 すべらない熟女4時間,MBOX-034 すべらない熟女4時間,MBOX-034,,2009-07-02,239分鐘,,タカラ映像,タカラビジュアル,すべらない熟女,成熟的女人、合集、數位馬賽克、女上位,加山なつこ、艶堂しほり（遠藤しおり）、北原夏美、佐藤みき（佐藤美紀、鈴木志帆）、澤村レイコ（高坂保奈美、高坂ますみ）、瀬戸ゆうき、広瀬奈々美（堀口奈津美）、翔田千里、村上涼子（中村りかこ、黒木菜穂）、風間ゆみ,https://www.javbus.com/MBOX-034,
OOMN-004 お母さんのすべて 2009年上半期BEST4時間,OOMN-004 お母さんのすべて 2009年上半期BEST4時間,OOMN-004,,2009-07-01,239分鐘,,ABC/妄想族,お母さん.com/ABC,美熟女プレミアムベスト,成熟的女人、母親、合集、巨乳、DMM獨家,竹井ゆかり、北澤瞳、野原もも、中森玲子、藤木未央、時越芙美江、北原夏美、浅田ちち、澤村レイコ（高坂保奈美、高坂ますみ）、秋川りお（美月このみ）,https://www.javbus.com/OOMN-004,
JUSD-212 厳選美熟女の絶品フェラ抜き18連発。,JUSD-212 厳選美熟女の絶品フェラ抜き18連発。,JUSD-212,,2009-06-25,207分鐘,,マドンナ,Madonna,,成熟的女人、口交、合集、數位馬賽克、DMM獨家,白石さゆり、星優乃、澤村レイコ（高坂保奈美、高坂ますみ）、酒井ちなみ（紫葵）、青井マリ、広瀬奈々美（堀口奈津美）、翔田千里、村上涼子（中村りかこ、黒木菜穂）、友田真希、山口珠理、五十川みどり、樋口冴子（桐島千沙）、中森玲子、艶堂しほり（遠藤しおり）、南沙也香、竹内順子、北原夏美、関口梨乃,https://www.javbus.com/JUSD-212,
OBST-002 お母さんと日常生活BEST 240分 20人,OBST-002 お母さんと日常生活BEST 240分 20人,OBST-002,,2009-06-24,240分鐘,,ex,お母さん.com,お母さんと日常生活,成熟的女人、放尿、母親、合集、自慰,廣野すみれ、若槻尚美、穂阪詩織、藤咲飛鳥、中村綾乃、松嶋ルリ、澤村レイコ（高坂保奈美、高坂ますみ）、町村小夜子、望月ゆみ、ほしの菜実恵、宮崎あい、石田えりこ、北原夏美、松浦ユキ、湯沢多喜子、五十川みどり、大友唯愛、山崎百合子、梶原まゆ、飯浜紀香,https://www.javbus.com/OBST-002,
ALSP-021 近親相姦ベスト10人 THE VERY BEST OF ALEDDIN 21,ALSP-021 近親相姦ベスト10人 THE VERY BEST OF ALEDDIN 21,ALSP-021,,2009-06-18,118分鐘,,タカラ映像,ALEDDIN,近親相姦ベスト,成熟的女人、合集、亂倫、多P、數位馬賽克,野島恵子、一条紅、廣野すみれ、椿早妃、吉本秋実、君嶋かほり、艶堂しほり（遠藤しおり）、北原夏美、山口美花、村上涼子（中村りかこ、黒木菜穂）,https://www.javbus.com/ALSP-021,
GESD-117 特別編集版 巨乳熟女祭り！乳と戯れて25人！,GESD-117 特別編集版 巨乳熟女祭り！乳と戯れて25人！,GESD-117,,2009-06-14,117分鐘,ハッピー初台,現映社,ぴあす,,成熟的女人、乳房、乳液、母乳、巨乳,坂巻玖実、高橋みはる、森山愛子、叶艶子、手塚真由美、穂阪詩織、阿部菜津子（福山洋子、織原寧々）、山本艶子、北原夏美、松浦ユキ、月山優、町田優子、山口裕子、福田静香、青田美紀、若松愛子、朝倉まりあ、潮ゆかり、綾瀬果菜、高橋良美、里中亜矢子、河野さつき、荒井絵里子、岡田裕美、田宮雪乃,https://www.javbus.com/GESD-117,
SZE-001 尻汁肉便器エステ,SZE-001 尻汁肉便器エステ,SZE-001,,2009-06-13,114分鐘,網走ゴロー,AVScollector’s,AVS,,蕩婦、成熟的女人、其他戀物癖、潮吹、多P、美容院,北原夏美、大隈恵令奈（大隅恵令奈）、松嶋ルリ、細川まり,https://www.javbus.com/SZE-001,
MBYD-066 凌辱されながらも抗えない性奴隷美熟女10人4時間,MBYD-066 凌辱されながらも抗えない性奴隷美熟女10人4時間,MBYD-066,,2009-06-12,239分鐘,,溜池ゴロー,溜池ゴロー,,成熟的女人、多P、數位馬賽克、性奴、凌辱、DMM獨家,円城ひとみ、宮田佳子、白石さゆり、北原夏美、松浦ユキ、牧野遥、翔田千里、立花優、白坂百合、風間ゆみ,https://www.javbus.com/MBYD-066,
RNADE-529 近●相姦 義母の誘惑 4時間スペシャル,RNADE-529 近●相姦 義母の誘惑 4時間スペシャル,RNADE-529,,2009-06-06,238分鐘,,なでしこ,Nadeshiko,近●相姦,成熟的女人、亂倫、婆婆,上原優、北原夏美、愛樹るい、松浦ユキ、志村玲子、坂本梨沙、翔田千里、白坂百合,https://www.javbus.com/RNADE-529,
OBST-001 お母さんの授乳と手コキ BEST 25人,OBST-001 お母さんの授乳と手コキ BEST 25人,OBST-001,,2009-06-06,241分鐘,,ex,お母さん.com,お母さんの授乳と手コキ,母親、其他戀物癖、合集、4小時以上作品、打手槍,小柳倫子、近藤由美、北村みどり、飯浜紀香、大林理恵（大林リエ）、廣野すみれ、若槻尚美、北原夏美、明星ちかげ、望月ゆみ、佐野るる、星奈緒美、来生弓香、仲田絵理、町村小夜子、大越はるか、小橋早苗、絹田美津、穂阪詩織、湯沢多喜子、松浦ユキ、ほしの菜実恵、宮崎あい、秋野夕日、山岡もも恵,https://www.javbus.com/OBST-001,
EMAS-005 艶妻たちの温泉レズ情事,EMAS-005 艶妻たちの温泉レズ情事,EMAS-005,,2009-05-25,135分鐘,アキラ,SA/エマニエル,SA（エマニエル）,,和服・喪服、女同性戀、紧缚、已婚婦女、女同接吻、DMM獨家,内田理緒、北原夏美、中村綾乃、大越はるか、西尾いずみ（名波ゆら）、牧野遥、中山りお,https://www.javbus.com/EMAS-005,
DNT-018 近親相姦 オナニーしてたらお母さんに見つかりそのままやられちゃいました！ 22人4時間,DNT-018 近親相姦 オナニーしてたらお母さんに見つかりそのままやられちゃいました！ 22人4時間,DNT-018,,2009-05-19,240分鐘,,ダイナマイトエンタープライズ,ダイナマイト,,成熟的女人、母親、亂倫、舔陰、女上位,草笛緑、仲田絵理、北原夏美、ほしの菜実恵,https://www.javbus.com/DNT-018,
HFD-036 奥さん、そんなに反応したら、和姦になっちゃうよ 巨乳人妻×白昼堂々×強姦悦楽 4時間,HFD-036 奥さん、そんなに反応したら、和姦になっちゃうよ 巨乳人妻×白昼堂々×強姦悦楽 4時間,HFD-036,,2009-05-15,240分鐘,,ドリームチケット,ドリームチケット,昼間に自宅で監禁されて…,成熟的女人、強姦、合集、已婚婦女、巨乳,加山なつこ、北原夏美、魚住里奈、町村小夜子、流川純、松浦ユキ、志村玲子、山口玲子、望月加奈（松沢真理）、友田真希,https://www.javbus.com/HFD-036,
GESD-112 入りっぱなし！またひらいて絶倫年増が12人,GESD-112 入りっぱなし！またひらいて絶倫年増が12人,GESD-112,,2009-05-09,116分鐘,ハッピー初台,現映社,ぴあす,,成熟的女人、女上位、手指插入,月山優、福山京子、広野すみれ、大谷みゆき、上原幸子、橋本直美、松永由美子、北原夏美、清水しほ、結城あや、中山朋子、村井貴子,https://www.javbus.com/GESD-112,
JUSD-202 禁断の愛情総集編4時間 3,JUSD-202 禁断の愛情総集編4時間 3,JUSD-202,,2009-05-07,239分鐘,,マドンナ,Madonna,禁断の愛情総集編,成熟的女人、合集、亂倫、數位馬賽克、DMM獨家,北原夏美、澤村レイコ（高坂保奈美、高坂ますみ）、小林芽衣（小林メイ）、青井マリ、広瀬奈々美（堀口奈津美）、坂本梨沙、樋口冴子（桐島千沙）、村上涼子（中村りかこ、黒木菜穂）、友田真希、山口珠理、佐藤みき（佐藤美紀、鈴木志帆）、夏川優奈（白石沙里奈）,https://www.javbus.com/JUSD-202,
JUSD-200 豊満おっぱい美熟女20人8時間,JUSD-200 豊満おっぱい美熟女20人8時間,JUSD-200,,2009-04-24,479分鐘,,マドンナ,Madonna,,成熟的女人、戀乳癖、數位馬賽克、巨乳、DMM獨家,大林理恵（大林リエ）、石橋ゆう子、野原もも、中森玲子、時越芙美江、佐藤みき（佐藤美紀、鈴木志帆）、山口玲子、村上涼子（中村りかこ、黒木菜穂）、友田真希、山口珠理、西本はるみ、中村綾乃、広瀬奈々美（堀口奈津美）、小林芽衣（小林メイ）、望月ゆみ、北原夏美、流川純、杉並静香、北島玲、君嶋かほり,https://www.javbus.com/JUSD-200,
JUSD-199 働く美熟女15人4時間,JUSD-199 働く美熟女15人4時間,JUSD-199,,2009-04-24,239分鐘,,マドンナ,Madonna,,成熟的女人、合集、各種職業、多P、數位馬賽克、DMM獨家,根元純、関口梨乃、中森玲子、北原夏美、青井マリ、翔田千里、村上涼子（中村りかこ、黒木菜穂）、牧原れい子、友田真希、風間ゆみ、西本はるみ、五十川みどり、樋口冴子（桐島千沙）、宮本静、澤村レイコ（高坂保奈美、高坂ますみ）,https://www.javbus.com/JUSD-199,
WRC-004 セレブ妻拘束調教 the BEST,WRC-004 セレブ妻拘束調教 the BEST,WRC-004,,2009-04-18,238分鐘,,ワンズファクトリー,WANZ,セレブ妻拘束調教,合集、已婚婦女、性奴、拘束,艶堂しほり（遠藤しおり）、北原夏美、北島玲、広瀬奈々美（堀口奈津美）、あいぶらん（蜜井とわ）,https://www.javbus.com/WRC-004,
JUSD-196 熟年夫婦の夜の営みネットリ濃厚4時間 2,JUSD-196 熟年夫婦の夜の営みネットリ濃厚4時間 2,JUSD-196,,2009-04-07,239分鐘,,マドンナ,Madonna,熟年夫婦の夜の営みネットリ濃厚4時間,成熟的女人、69、數位馬賽克、女上位、DMM獨家,夏川優奈（白石沙里奈）、艶堂しほり（遠藤しおり）、北原夏美、澤村レイコ（高坂保奈美、高坂ますみ）、青井マリ、神楽メイ、広瀬奈々美（堀口奈津美）、小池絵美子、牧原れい子、草凪純（加納瑞穂）,https://www.javbus.com/JUSD-196,
DJSD-002 レズ年間ベスト10,DJSD-002 レズ年間ベスト10,DJSD-002,,2009-04-05,244分鐘,,ジャネス,JNS,○○年間ベスト10,成熟的女人、女同性戀、女教師、合集、高中女生,稲森ケイト、北原夏美、中村綾乃、大越はるか、佐伯奈々,https://www.javbus.com/DJSD-002,
DFTA-036 羞恥熟女 ～公衆の場での破廉恥行為に膣を濡らす女たち～,DFTA-036 羞恥熟女 ～公衆の場での破廉恥行為に膣を濡らす女たち～,DFTA-036,,2009-04-05,147分鐘,MBC,ジャネス,Future,羞恥熟女,成熟的女人、野外・露出、已婚婦女、羞恥,千野麗香、北原夏美、松浦ユキ、あずま樹、多々野昌稀、南原香織、友田真希、友崎亜希、葉月由良（星野綾香、中州悠良）,https://www.javbus.com/DFTA-036,
JKSP-014 超本格美熟女近親愛蔵盤 息子と済ませた母親達 3,JKSP-014 超本格美熟女近親愛蔵盤 息子と済ませた母親達 3,JKSP-014,,2009-04-02,119分鐘,,タカラ映像,熟恋,超本格エロ絵巻（タカラ映像）,成熟的女人、合集、亂倫、數位馬賽克,大河内さなえ、坂木美春（坂木美晴）、塚本ひろな、立野ゆり、織戸幸江、竹内久美子、中森玲子、北原夏美,https://www.javbus.com/JKSP-014,
JUC-047 もう一つの混浴温泉バスツアー 4,JUC-047 もう一つの混浴温泉バスツアー 4,JUC-047,,2009-03-25,217分鐘,モヒカル,マドンナ,Madonna,美熟女と行く混浴温泉バスツアー,成熟的女人、第一人稱攝影、多P、數位馬賽克、女上位、DMM獨家,根元純、中森玲子、北原夏美、倖田李梨（倖田美梨、岩下美季）、宮田まり、澤村レイコ（高坂保奈美、高坂ますみ）、小林芽衣（小林メイ）、青井マリ、翔田千里、友田真希,https://www.javbus.com/JUC-047,
JUC-049 妖艶おんな愛戯 守られた禁断の絆,JUC-049 妖艶おんな愛戯 守られた禁断の絆,JUC-049,,2009-03-25,118分鐘,夢童子,マドンナ,Madonna,妖艶おんな愛戯,成熟的女人、女同性戀、多P、數位馬賽克、DVD多士爐、巨乳、DMM獨家,根元純、北原夏美、村上涼子（中村りかこ、黒木菜穂）,https://www.javbus.com/JUC-049,
JUSD-193 美熟女羞恥凌辱総集編4時間 3,JUSD-193 美熟女羞恥凌辱総集編4時間 3,JUSD-193,,2009-03-25,239分鐘,,マドンナ,Madonna,美熟女羞恥凌辱総集編,成熟的女人、合集、數位馬賽克、凌辱、羞恥、DMM獨家,夏川優奈（白石沙里奈）、中森玲子、艶堂しほり（遠藤しおり）、北原夏美、澤村レイコ（高坂保奈美、高坂ますみ）、広瀬奈々美（堀口奈津美）、翔田千里、牧原れい子、友田真希、山口珠理,https://www.javbus.com/JUSD-193,
RD-245 和服妻の柔肌 第八章,RD-245 和服妻の柔肌 第八章,RD-245,,2009-03-20,120分鐘,市原克也,アテナ映像,ATHENA,和服妻の柔肌,和服・喪服、已婚婦女、舔陰,天宮まなみ（来嶋ゆきな）、北原夏美、真島みゆき、広瀬奈々美（堀口奈津美）,https://www.javbus.com/RD-245,
DNT-010 友達の姉DXベスト 22人4時間,DNT-010 友達の姉DXベスト 22人4時間,DNT-010,,2009-03-19,241分鐘,,ダイナマイトエンタープライズ,ダイナマイト,,成熟的女人、合集、女上位、巨乳,関口梨乃、宮崎彩香、北原夏美、小林芽衣（小林メイ）、村上涼子（中村りかこ、黒木菜穂）,https://www.javbus.com/DNT-010,
SBB-062 誘惑のお義母さん,SBB-062 誘惑のお義母さん,SBB-062,,2009-03-13,239分鐘,,マルクス兄弟,MARXBrothersco.,,成熟的女人、乳交、亂倫、女上位、婆婆,北原夏美、町村小夜子、瀬戸ゆうき、流川純、広瀬奈々美（堀口奈津美）、山口玲子,https://www.javbus.com/SBB-062,
JUSD-191 美熟女20人のマン汁垂れ流し4時間,JUSD-191 美熟女20人のマン汁垂れ流し4時間,JUSD-191,,2009-03-07,239分鐘,,マドンナ,Madonna,,成熟的女人、合集、數位馬賽克、手指插入、DMM獨家,石橋ゆう子、竹内順子、白石さゆり、艶堂しほり（遠藤しおり）、北原夏美、佐藤みき（佐藤美紀、鈴木志帆）、澤村レイコ（高坂保奈美、高坂ますみ）、酒井ちなみ（紫葵）、広瀬奈々美（堀口奈津美）、樋口冴子（桐島千沙）,https://www.javbus.com/JUSD-191,
SDDE-180 手コキクリニック 9,SDDE-180 手コキクリニック 9,SDDE-180,,2009-03-05,128分鐘,GORI,SODクリエイト,SOFTONDEMAND,手コキクリニック,护士、其他戀物癖、打手槍,水沢舞、純名もも、白石優、北原夏美、鈴木ありさ,https://www.javbus.com/SDDE-180,
NWF-241 完全ヴァーチャル フェラチオ視線,NWF-241 完全ヴァーチャル フェラチオ視線,NWF-241,,2009-03-01,119分鐘,,ワンズファクトリー,WANZ,,口交、乳交、其他戀物癖,愛原さくら、石川みずき、鈴香音色、坂田美影、艶堂しほり（遠藤しおり）、北原夏美、星アンジェ、浅田ちち、小坂めぐる、あいぶらん（蜜井とわ）,https://www.javbus.com/NWF-241,
PSSD-133 「熟人妻の口はもっと嘘をつく。」6 熟雌女anthology special ＃010,PSSD-133 「熟人妻の口はもっと嘘をつく。」6 熟雌女anthology special ＃010,PSSD-133,,2009-02-06,217分鐘,,アウダースジャパン,AUDAZ,熟雌女anthology,蕩婦、成熟的女人、合集、淫語、主觀視角,加藤レイナ、大城真澄、北原夏美、五十川みどり、松浦ユキ、村上涼子（中村りかこ、黒木菜穂）、高倉梨奈,https://www.javbus.com/PSSD-133,
AJOD-013 美熟女の淫らな巨乳4時間,AJOD-013 美熟女の淫らな巨乳4時間,AJOD-013,,2009-02-01,238分鐘,,ANIMALIJO,ANIMALIJO,,成熟的女人、戀乳癖、多P、巨乳、DMM獨家,平瀬りょう、君嶋かほり、華咲りょう、竹内順子、北原夏美、流川純、広瀬奈々美（堀口奈津美）、麻生岬、山口珠理、風間ゆみ,https://www.javbus.com/AJOD-013,
JUC-010 マドンナファンの集い 美熟女と行く混浴温泉バスツアー 4 祝・マドンナ5周年 ～豪華美熟女たちの恩返しSPECIAL～,JUC-010 マドンナファンの集い 美熟女と行く混浴温泉バスツアー 4 祝・マドンナ5周年 ～豪華美熟女たちの恩返しSPECIAL～,JUC-010,,2009-01-25,476分鐘,モヒカル,マドンナ,Madonna,美熟女と行く混浴温泉バスツアー,企畫、成熟的女人、放尿、濫交、數位馬賽克、DMM獨家,大林理恵（大林リエ）、根元純、中森玲子、北原夏美、倖田李梨（倖田美梨、岩下美季）、澤村レイコ（高坂保奈美、高坂ますみ）、小林芽衣（小林メイ）、松浦ユキ、翔田千里、友田真希,https://www.javbus.com/JUC-010,
JUSD-181 家政婦奴隷総集編4時間,JUSD-181 家政婦奴隷総集編4時間,JUSD-181,,2009-01-25,239分鐘,,マドンナ,Madonna,家政婦奴隷,成熟的女人、合集、數位馬賽克、性奴、女上位、DMM獨家,黒崎ヒトミ（神津千絵子）、北原夏美、青井マリ、松浦ユキ、樋口冴子（桐島千沙）、立花優,https://www.javbus.com/JUSD-181,
DNT-004 お母さんがお風呂で僕のチンポをしごいてきた… 22人4時間,DNT-004 お母さんがお風呂で僕のチンポをしごいてきた… 22人4時間,DNT-004,,2009-01-19,239分鐘,,ダイナマイトエンタープライズ,ダイナマイト1980,,成熟的女人、母親、巨乳、打手槍,増尾彩、北原夏美、町村小夜子、相沢さゆり、里中亜矢子,https://www.javbus.com/DNT-004,
JUC-001 新春マドンナスペシャル 爆乳美熟女姫始め ～ハッピー乳イヤ～ん～,JUC-001 新春マドンナスペシャル 爆乳美熟女姫始め ～ハッピー乳イヤ～ん～,JUC-001,,2009-01-07,183分鐘,,マドンナ,Madonna,,成熟的女人、濫交、潮吹、數位馬賽克、巨乳、DMM獨家,北原夏美、村上涼子（中村りかこ、黒木菜穂）、風間ゆみ,https://www.javbus.com/JUC-001,
JUSD-177 2008年マドンナ厳選美熟女20人8時間,JUSD-177 2008年マドンナ厳選美熟女20人8時間,JUSD-177,,2009-01-07,479分鐘,,マドンナ,Madonna,マドンナ厳選美熟女,成熟的女人、乳交、合集、數位馬賽克、女上位、DMM獨家,竹内順子、宮崎彩香、黒崎ヒトミ（神津千絵子）、滝澤クリスタル、北原夏美、五十川みどり、広瀬奈々美（堀口奈津美）、志村玲子、樋口冴子（桐島千沙）、翔田千里,https://www.javbus.com/JUSD-177,
AJOD-012 美熟女イカセ痙攣3時間,AJOD-012 美熟女イカセ痙攣3時間,AJOD-012,,2009-01-01,179分鐘,,ANIMALIJO,ANIMALIJO,,成熟的女人、潮吹、拘束、女優按摩棒、DMM獨家,大野梨華、綾瀬みさ、藤咲凛子、君嶋かほり、小林里穂、竹内翔子、若林美保、北原夏美、広瀬奈々美（堀口奈津美）、松下ゆうか（愛乃彩音、藤咲ゆうか）,https://www.javbus.com/AJOD-012,
AJOD-011 美熟女凌辱レイプ4時間,AJOD-011 美熟女凌辱レイプ4時間,AJOD-011,,2009-01-01,239分鐘,,ANIMALIJO,ANIMALIJO,,成熟的女人、強姦、已婚婦女、多P、凌辱、DMM獨家,伊藤美里、天海ゆり、北原夏美、広瀬奈々美（堀口奈津美）、樋口冴子（桐島千沙）、村上涼子（中村りかこ、黒木菜穂）,https://www.javbus.com/AJOD-011,
PSSD-127 Best Scene of 熟雌女anthology 2,PSSD-127 Best Scene of 熟雌女anthology 2,PSSD-127,,2008-12-26,229分鐘,,アウダースジャパン,AUDAZ,熟雌女anthology,蕩婦、成熟的女人、合集、淫語、主觀視角,夏川優奈（白石沙里奈）、加藤レイナ、艶堂しほり（遠藤しおり）、北原夏美、五十川みどり、松下ゆうか（愛乃彩音、藤咲ゆうか）、村上涼子（中村りかこ、黒木菜穂）、金沢文子,https://www.javbus.com/PSSD-127,
DJNO-056 ドスケベ爆乳三十路女が湯けむり旅で本気に下品にマ○コ汁垂らしました,DJNO-056 ドスケベ爆乳三十路女が湯けむり旅で本気に下品にマ○コ汁垂らしました,DJNO-056,,2008-12-25,139分鐘,BORDERZ,ジャネス,艶女,,和服・喪服、成熟的女人、通姦、羞恥、巨乳,北原夏美、松浦ユキ、あずま樹、友田真希、友崎亜希,https://www.javbus.com/DJNO-056,
JUSD-176 美熟女と黒人総集編4時間 2,JUSD-176 美熟女と黒人総集編4時間 2,JUSD-176,,2008-12-25,239分鐘,,マドンナ,Madonna,美熟女と黒人,成熟的女人、合集、數位馬賽克、女上位、DMM獨家、黑人演員,白石さゆり、北原夏美、松下ゆうか（愛乃彩音、藤咲ゆうか）、翔田千里,https://www.javbus.com/JUSD-176,
NIF-014 美熟女巨乳倶楽部,NIF-014 美熟女巨乳倶楽部,NIF-014,,2008-12-19,239分鐘,,NIRVANA,NIRVANA,美熟女巨乳倶楽部,成熟的女人、女上位、巨乳、DMM獨家,斉藤由美、大庭美和、北原夏美、町村小夜子,https://www.javbus.com/NIF-014,
JUKD-979 続・塀の中の懲りない熟女たち 熟女専門マドンナ刑務所,JUKD-979 続・塀の中の懲りない熟女たち 熟女専門マドンナ刑務所,JUKD-979,,2008-12-07,220分鐘,夢童子,マドンナ,Madonna,塀の中の懲りない熟女たち,成熟的女人、女同性戀、濫交、數位馬賽克、女上位、DMM獨家,松下紗世、高瀬みどり、白石さゆり、北原夏美、竹田千恵、村上涼子（中村りかこ、黒木菜穂）,https://www.javbus.com/JUKD-979,
DBR-44 2008年ルビー年鑑 VOL.4,DBR-44 2008年ルビー年鑑 VOL.4,DBR-44,,2008-12-06,478分鐘,,ルビー,RUBY,ルビー年鑑,成熟的女人、獵豔、合集、中出,川原小百合、石橋ゆう子、関口恵都子、根元純、和光志穂、椿かをる、山崎百合子、桜井あずさ、北原夏美、山口美花,https://www.javbus.com/DBR-44,
ALSP-016 息子に揉まれた母達 溺愛保存版 2,ALSP-016 息子に揉まれた母達 溺愛保存版 2,ALSP-016,,2008-12-04,120分鐘,,タカラ映像,ALEDDIN,息子に揉まれ○○,成熟的女人、乳交、合集、數位馬賽克、巨乳,一条紅、大庭美和、君嶋かほり、杉並静香、間宮志乃、中森玲子、北原夏美、宮田まり、小林芽衣（小林メイ）、菊川麻里,https://www.javbus.com/ALSP-016,
NAW-064 働く女集団 中出しレイプ3,NAW-064 働く女集団 中出しレイプ3,NAW-064,,2008-12-01,239分鐘,,ワンズファクトリー,WANZ,働く女集団中出しレイプ,強姦、各種職業、多P、凌辱、中出,鈴木あんな、南野みるく、ayami（赤西涼、まひる）、北原夏美、清原りょう、天衣みつ,https://www.javbus.com/NAW-064,
RD-221 女体解剖3 イキまくりで計測不能！おマメの刺激で膣圧MAX,RD-221 女体解剖3 イキまくりで計測不能！おマメの刺激で膣圧MAX,RD-221,,2008-11-28,122分鐘,鬼闘光,アテナ映像,ATHENA,女体解剖,乳交、插入異物、女上位,晴海りく、絢音ミミ、北原夏美、神崎レオナ（七瀬かすみ）,https://www.javbus.com/RD-221,
OKAS-002 お母さんとの情事 ～手コキ、フェラ、SEX編～,OKAS-002 お母さんとの情事 ～手コキ、フェラ、SEX編～,OKAS-002,,2008-11-26,91分鐘,,ex,お母さん.com,お母さんとの情事,成熟的女人、母親、亂倫、打手槍,大友唯愛、北原夏美、五十川みどり、町村小夜子、松浦ユキ,https://www.javbus.com/OKAS-002,
OKAS-001 お母さんと日常生活 ～着替え、日常風景。自慰、入浴、放尿編～,OKAS-001 お母さんと日常生活 ～着替え、日常風景。自慰、入浴、放尿編～,OKAS-001,,2008-11-24,91分鐘,,ex,お母さん.com,お母さんと日常生活,成熟的女人、放尿、母親、其他戀物癖,大友唯愛、北原夏美、五十川みどり、町村小夜子、松浦ユキ,https://www.javbus.com/OKAS-001,
AVGP-115 近親相姦 昭和禁断血族「母さん、この家は狂ってます」,AVGP-115 近親相姦 昭和禁断血族「母さん、この家は狂ってます」,AVGP-115,,2008-11-22,145分鐘,,グローリークエスト,AVGP2009,,成熟的女人、亂倫、巨乳,北原夏美、神崎レオナ（七瀬かすみ）、山口玲子,https://www.javbus.com/AVGP-115,
SKS-007 爆乳パイズリ挟射,SKS-007 爆乳パイズリ挟射,SKS-007,,2008-11-13,120分鐘,,マルクス兄弟,MARXBrothersco.,,乳交、戀乳癖、巨乳,辻さき、水森あおい、黒木みらい、若槻尚美、阿部菜津子（福山洋子、織原寧々）、北原夏美、中村綾乃、南沙也香、小坂めぐる、妃乃ひかり,https://www.javbus.com/SKS-007,
JUSD-167 極上美熟女16人のパックリずっぽり3Pベスト8時間,JUSD-167 極上美熟女16人のパックリずっぽり3Pベスト8時間,JUSD-167,,2008-11-07,479分鐘,,マドンナ,Madonna,,成熟的女人、合集、多P、數位馬賽克、DMM獨家,竹内順子、滝澤クリスタル、北原夏美、五十川みどり、酒井ちなみ（紫葵）、青井マリ、神楽メイ、樋口冴子（桐島千沙）、翔田千里、山口珠理,https://www.javbus.com/JUSD-167,
NWF-199 巨乳を鷲掴みにして強制イカせ,NWF-199 巨乳を鷲掴みにして強制イカせ,NWF-199,,2008-11-01,120分鐘,,ワンズファクトリー,WANZ,,合集、戀乳癖、巨乳,北原夏美、葉月奈穂（葉月菜穂）、南沙也香、小坂めぐる、愛菜りな、はるか悠、長澤リカ、広瀬奈々美（堀口奈津美）、あいぶらん（蜜井とわ）、鮎川なお,https://www.javbus.com/NWF-199,
RD-209 ザ・カメラテスト もう限界おかしくなっちゃう！,RD-209 ザ・カメラテスト もう限界おかしくなっちゃう！,RD-209,,2008-10-24,97分鐘,鬼闘光,アテナ映像,ATHENA,ザ・カメラテスト,姐姐、女生,月夜野あや、青葉優希、絢音ミミ、北原夏美,https://www.javbus.com/RD-209,
SKS-006 ベロチュ～接吻＆乳首やアナル舐めで手コキ責め2,SKS-006 ベロチュ～接吻＆乳首やアナル舐めで手コキ責め2,SKS-006,,2008-10-13,148分鐘,,マルクス兄弟,MARXBrothersco.,ベロチュ～接吻＆乳首やアナル舐めで手コキ責め,其他戀物癖、巨乳、打手槍,辻さき、竹内順子、水森あおい、茅ヶ崎ありす、阿部菜津子（福山洋子、織原寧々）、北原夏美、村上里沙、泉まりん、鮎川なお、新井エリー（晶エリー、大沢佑香）,https://www.javbus.com/SKS-006,
JUSD-158 ほろ酔い痴熟女に犯されまくり4時間スペシャル,JUSD-158 ほろ酔い痴熟女に犯されまくり4時間スペシャル,JUSD-158,,2008-09-25,239分鐘,,マドンナ,Madonna,ほろ酔いお姉さんが犯してあげる,蕩婦、成熟的女人、濫交、數位馬賽克、女上位、DMM獨家,水川彩子、南まいこ（有馬早紀子）、安斎芳香、川島めぐみ、柿本真緒、北原夏美、北原麗子、黒木小夜子（秀吉小夜子）、押切あやの、間宮いずみ,https://www.javbus.com/JUSD-158,
OKAN-003 母の淫らな日常,OKAN-003 母の淫らな日常,OKAN-003,,2008-09-19,118分鐘,,ミスター・インパクト,OKAN,,成熟的女人、母親、亂倫、69、巨乳、DMM獨家,林なお、穂阪詩織、北原夏美、五十川みどり、松浦ユキ、高倉梨奈,https://www.javbus.com/OKAN-003,
SKS-005 拘束×強制イラマ×口内射精,SKS-005 拘束×強制イラマ×口内射精,SKS-005,,2008-09-13,150分鐘,,マルクス兄弟,MARXBrothersco.,,口交、拘束、凌辱,辻さき、阿部菜津子（福山洋子、織原寧々）、一戸のぞみ、北原夏美、浅田ちち、小日向しおり、澄川ロア、風間ゆみ,https://www.javbus.com/SKS-005,
HRDV-738A SEX WIFE-素人妻モデルズ5-,HRDV-738A SEX WIFE-素人妻モデルズ5-,HRDV-738A,,2008-09-03,117分鐘,,h.m.p,h.m.p,SEXWIFE,業餘、已婚婦女、巨乳,宮崎香穂、北原夏美、佐藤みき（佐藤美紀、鈴木志帆）、山口真理,https://www.javbus.com/HRDV-738A,
OKAN-002 お母さんとセックス,OKAN-002 お母さんとセックス,OKAN-002,,2008-08-19,118分鐘,,ミスター・インパクト,OKAN,,成熟的女人、母親、亂倫、69、DMM獨家,林なお、北原夏美、五十川みどり、松浦ユキ、高倉梨奈,https://www.javbus.com/OKAN-002,
SREN-012 お母さんの膝まくらDX120,SREN-012 お母さんの膝まくらDX120,SREN-012,,2008-08-14,118分鐘,妹尾冬眠,タカラ映像,翠蓮,,成熟的女人、母親、合集、亂倫,林なお、北原夏美、五十川みどり、松浦ユキ、高倉梨奈,https://www.javbus.com/SREN-012,
SKS-004 尻コキ尻もみ尻ズリ発射,SKS-004 尻コキ尻もみ尻ズリ発射,SKS-004,,2008-08-13,149分鐘,,マルクス兄弟,MARXBrothersco.,,成熟的女人、屁股、巨乳,青山ゆい、桜井春、藍原夕妃、阿部菜津子（福山洋子、織原寧々）、北原夏美、小日向しおり、愛菜りな、風間ゆみ,https://www.javbus.com/SKS-004,
NWF-162 美脚で虐める最高の足コキ発射！,NWF-162 美脚で虐める最高の足コキ発射！,NWF-162,,2008-08-01,119分鐘,,ワンズファクトリー,WANZ,,連褲襪、戀腿癖、足交,北島夏美、鮎川真咲、竹内順子、松嶋侑里、茅ヶ崎ありす、一戸のぞみ、北原夏美、村上里沙、澄川ロア、新井エリー（晶エリー、大沢佑香）,https://www.javbus.com/NWF-162,
JUSD-145 巨乳美熟女騎乗位ファック4時間,JUSD-145 巨乳美熟女騎乗位ファック4時間,JUSD-145,,2008-07-25,239分鐘,,マドンナ,Madonna,,成熟的女人、數位馬賽克、女上位、巨乳、DMM獨家,黒崎ヒトミ（神津千絵子）、天海ゆり、北原夏美、町村小夜子、松浦ユキ、志村玲子、村上涼子（中村りかこ、黒木菜穂）、山口珠理、草凪純（加納瑞穂）、風間ゆみ,https://www.javbus.com/JUSD-145,
OKAN-001 お母さんと… 近親相姦,OKAN-001 お母さんと… 近親相姦,OKAN-001,,2008-07-19,119分鐘,,ミスター・インパクト,OKAN,,成熟的女人、母親、亂倫、69、DMM獨家,北原夏美、五十川みどり、松浦ユキ,https://www.javbus.com/OKAN-001,
SREN-011 母の乳房スペシャル,SREN-011 母の乳房スペシャル,SREN-011,,2008-07-17,119分鐘,,タカラ映像,翠蓮,,成熟的女人、亂倫、女上位、手指插入,北原夏美、五十川みどり、松浦ユキ,https://www.javbus.com/SREN-011,
JUSD-139 母さんとしたい！総集編4時間 3,JUSD-139 母さんとしたい！総集編4時間 3,JUSD-139,,2008-06-25,239分鐘,,マドンナ,Madonna,母さんとしたい！,成熟的女人、母親、合集、數位馬賽克、女上位、DMM獨家,黒崎ヒトミ（神津千絵子）、北原夏美、町村小夜子、志村玲子、押切麗奈、秋川真理,https://www.javbus.com/JUSD-139,
ALSP-011 近親相姦ベスト10人 背徳の愛に溺れた10人の美母達,ALSP-011 近親相姦ベスト10人 背徳の愛に溺れた10人の美母達,ALSP-011,,2008-06-19,120分鐘,,タカラ映像,ALEDDIN,近親相姦ベスト,成熟的女人、合集、亂倫、多P、數位馬賽克,伊藤結衣、大西ゆかり、和光志穂、杉並静香、川島めぐみ、北原夏美、松浦ユキ、ほしの菜実恵、樋口冴子（桐島千沙）,https://www.javbus.com/ALSP-011,
DDB-067 おチンポ・オフィス ～人事部性欲処理課～,DDB-067 おチンポ・オフィス ～人事部性欲処理課～,DDB-067,,2008-06-19,126分鐘,ビーバップ・みのる,ドグマ,Dogma,,OL、乳交、女上位、巨乳、打手槍,宮崎あい、川瀬さやか、北原夏美,https://www.javbus.com/DDB-067,
SKS-002 イッたばかりのチンポを強制連続発射！,SKS-002 イッたばかりのチンポを強制連続発射！,SKS-002,,2008-06-13,121分鐘,,マルクス兄弟,MARXBrothersco.,,乳交、巨乳、打手槍,北原夏美、小坂めぐる、広瀬奈々美（堀口奈津美）、浜崎りお（森下えりか、篠原絵梨香）、鮎川なお,https://www.javbus.com/SKS-002,
JUKD-871 チン棒舐めまくり淫口熟女 6,JUKD-871 チン棒舐めまくり淫口熟女 6,JUKD-871,,2008-06-07,89分鐘,芳賀栄太郎,マドンナ,Madonna,チン棒舐めまくり淫口熟女,成熟的女人、口交、已婚婦女、數位馬賽克、DMM獨家、打手槍,西園寺ゆり、魚住紗江、水川彩子、千葉ゆかり、山村美和、北原夏美、愛樹るい、町村小夜子、坂本梨沙,https://www.javbus.com/JUKD-871,
JUKD-858 好きモン奥さんの汁だく交尾,JUKD-858 好きモン奥さんの汁だく交尾,JUKD-858,,2008-05-25,180分鐘,ジャンク斎藤,マドンナ,Madonna,,成熟的女人、紧缚、數位馬賽克、女上位、手指插入、DMM獨家,近藤美奈、瀬戸綾乃、小泉ありさ、北原夏美、松浦ユキ、矢吹涼子,https://www.javbus.com/JUKD-858,
SHIN-018 オナニーを我慢できない人妻大尻 [自慰惑溺],SHIN-018 オナニーを我慢できない人妻大尻 [自慰惑溺],SHIN-018,,2008-05-02,102分鐘,,AFRO-FILM,SHINOBI,,其他戀物癖、已婚婦女、屁股、自慰,井川美保、北原夏美、米倉エミ、坂本梨沙、南原香織,https://www.javbus.com/SHIN-018,
JKSP-012 超本格美熟女近親愛蔵盤 息子と済ませた母親達,JKSP-012 超本格美熟女近親愛蔵盤 息子と済ませた母親達,JKSP-012,,2008-04-03,120分鐘,,タカラ映像,熟恋,超本格エロ絵巻（タカラ映像）,成熟的女人、乳交、合集、亂倫,神谷節子、川島めぐみ、北原夏美、五十川みどり、谷村都、高橋真由美,https://www.javbus.com/JKSP-012,
GCRD-020 熟亀頭責め 熟練淫技の熟女五名,GCRD-020 熟亀頭責め 熟練淫技の熟女五名,GCRD-020,,2008-03-08,94分鐘,,ラハイナ東海,CROWN,熟亀頭責め,成熟的女人、其他戀物癖、打手槍,夏川怜、大城真澄、北原夏美、牧野遥、坂本梨沙,https://www.javbus.com/GCRD-020,
JUKD-794 ほろ酔いお姉さんが犯してあげる2 巨乳ランパブ美嬢編,JUKD-794 ほろ酔いお姉さんが犯してあげる2 巨乳ランパブ美嬢編,JUKD-794,,2008-02-25,118分鐘,島袋浩,マドンナ,Madonna,ほろ酔いお姉さんが犯してあげる,濫交、乳交、姐姐、數位馬賽克、DVD多士爐、巨乳、DMM獨家,神尾奈々、安斎芳香、北原夏美、菊川麻里,https://www.javbus.com/JUKD-794,
JUKD-772 昼下がりのふしだら奥さん,JUKD-772 昼下がりのふしだら奥さん,JUKD-772,,2008-01-25,88分鐘,芳賀栄太郎,マドンナ,Madonna,昼下がりのふしだら奥さん,成熟的女人、已婚婦女、數位馬賽克、女上位、DMM獨家,水川彩子、北原夏美、愛樹るい,https://www.javbus.com/JUKD-772,
TDJM-009 乳首で感じてシゴかれちゃう僕,TDJM-009 乳首で感じてシゴかれちゃう僕,TDJM-009,,2007-12-07,101分鐘,,虎堂,熟丸,,成熟的女人、口交、多P、打手槍,蒼井美和、大橋弥生、北原夏美、桐島樹莉、南原香織、矢吹涼子,https://www.javbus.com/TDJM-009,
SMD-006 熟女マ○コ中出し集 中出しマニア垂涎！局部映像満載コレクション,SMD-006 熟女マ○コ中出し集 中出しマニア垂涎！局部映像満載コレクション,SMD-006,,2007-05-25,119分鐘,,グローバルメディアエンタテインメント,SUPERMIX,,成熟的女人、合集、白人、數位馬賽克、中出、女上位,泉貴子、安藤ゆみ、北原夏美、五十川みどり、山本ちづこ、青井マリ、志村玲子、白鳥美鈴、白坂百合、瀬戸恵子,https://www.javbus.com/SMD-006,
SEED-014 美巨乳熟女BEST4時間 VOL.3,SEED-014 美巨乳熟女BEST4時間 VOL.3,SEED-014,,2006-12-18,240分鐘,,YellowDuck,幻影,美巨乳熟女BEST4時間,成熟的女人、合集、戀乳癖、巨乳,水沢久美、北原夏美、水紗和みずほ、新田亜希、青井マリ、望月加奈（松沢真理）、村上涼子（中村りかこ、黒木菜穂）、みずしまちはる,https://www.javbus.com/SEED-014,
PAKE-001 センタービレッジ近親相姦ザ・ベスト30,PAKE-001 センタービレッジ近親相姦ザ・ベスト30,PAKE-001,,0000-00-00,121分鐘,,センタービレッジ,DMM10周年,,成熟的女人、合集、亂倫、中出、DVD多士爐、婆婆,堀越香奈、湯沢多喜子、日比野美咲、あおい桜子、椿かをる、叶艶子、泉貴子、山本艶子、北原夏美、山本ちづこ,https://www.javbus.com/PAKE-001,
RNADE-222 快楽逢引夫人,RNADE-222 快楽逢引夫人,RNADE-222,,0000-00-00,119分鐘,,なでしこ,Nadeshiko,,成熟的女人、已婚婦女、中出、女上位,和光志穂、北原夏美、野宮凛子、松浦ユキ、澤よし乃、村上涼子（中村りかこ、黒木菜穂）,https://www.javbus.com/RNADE-222,
MMV-130 人妻デリバリー 9,MMV-130 人妻デリバリー 9,MMV-130,,0000-00-00,119分鐘,,クリスタル映像,MADAMMANIAC,人妻デリバリー,已婚婦女、多P、女上位,山田さとみ、春野響、北原夏美、藤咲飛鳥、菊川れみ、寺澤しのぶ,https://www.javbus.com/MMV-130,
ETC-001 悪ADのAV現場盗撮録,ETC-001 悪ADのAV現場盗撮録,ETC-001,,0000-00-00,152分鐘,,グローリークエスト,Etcetera,,69、偷窥、乳房、巨乳,小島菜保、咲良ひな、さくらもも、桜井ひとみ、北原夏美,https://www.javbus.com/ETC-001,
MMV-134 ばついち 15 一人身は寂しいんです,MMV-134 ばついち 15 一人身は寂しいんです,MMV-134,,0000-00-00,129分鐘,ジャンク斎藤,クリスタル映像,MADAMMANIAC,ばついち,成熟的女人、女上位、手指插入,新井美華、宮内萌、近藤美奈、北原夏美、桜井咲子、香取理沙子,https://www.javbus.com/MMV-134,
