标题,名称,識別碼,原始番号,發行日期,長度,導演,製作商,發行商,系列,類別,演員,详情页,详情简介
JUMS-186 美熟女と少年が最高潮の絶頂に溺れる年の差セックス32人450分,JUMS-186 美熟女と少年が最高潮の絶頂に溺れる年の差セックス32人450分,JUMS-186,,2026-09-04,453分鐘,,マドンナ,Madonna,美熟女と少年が最高潮に燃え上がる年の差セックス,成熟的女人、合集、已婚婦女、通姦、4小時以上作品、高畫質、DMM獨家,白石茉莉奈、水野優香、愛弓りょう、武藤あやか、松本翔子、藤かんな、多田有花、吉根ゆりあ、大島優香、風間ゆみ、水戸かな、佐田茉莉子、一色桃子、加藤あやの、木村玲衣、葵百合香、めぐり（藤浦めぐ）、七海ティナ、城ヶ崎百瀬、椎名ゆな、新妻ゆうか、友田真希、古東まりこ、篠原いよ、星冬香、沖宮那美、北条麻妃、桐岡さつき、吉永塔子、小島みなみ、瀬尾礼子、木下凛々子,https://www.javbus.com/JUMS-186,
SVS-041 【AIリマスター版】スケ透けくびれ淫語 美人美巨乳 10人 240分,SVS-041 【AIリマスター版】スケ透けくびれ淫語 美人美巨乳 10人 240分,SVS-041,,2026-09-01,243分鐘,,AVS collector’s,AVS collector’s AIリマスター,,其他戀物癖、連褲襪、4小時以上作品、主觀視角、高畫質、DMM獨家,川上ゆう（森野雫）、森ななこ、小早川怜子、小嶋ジュンナ、瀬奈ジュン、江波りゅう（RYU)、友田彩也香、新山かえで、北条麻妃,https://www.javbus.com/SVS-041_2026-09-01,
NXGS-025 制服パンストの熟女OL,NXGS-025 制服パンストの熟女OL,NXGS-025,,2026-08-25,120分鐘,,ネクスト,ネクストグループ,,成熟的女人、OL、連褲襪、制服、中出、高畫質,加藤ツバキ（夏樹カオル）、北条麻妃、葉山弓子、野宮凛子、小原よしえ、岡本かなえ,https://www.javbus.com/NXGS-025,
BDSR-51204 この濃密さが、最高の誘惑。,BDSR-51204 この濃密さが、最高の誘惑。,BDSR-51204,,2026-08-22,59分鐘,メカテス武田,いきなりエロざんまい,いきなりエロざんまい,漆黒の絨毯,其他戀物癖、已婚婦女、中出、高畫質、出軌、巨乳,五十嵐しのぶ、芹沢恋、伊織涼子、三浦恵理子、町村小夜子、北条麻妃、江上しほ、若槻みづな,https://www.javbus.com/BDSR-51204,
UMSO-653 突き出すお尻に激ピストン！バック三昧！49人VOL.04,UMSO-653 突き出すお尻に激ピストン！バック三昧！49人VOL.04,UMSO-653,,2026-08-22,237分鐘,,ケイ・エム・プロデュース,UMANAMI,突き出すお尻に激ピストン！バック三昧！,其他戀物癖、合集、屁股、高畫質、巨尻、バック、DMM獨家,彩奈リナ（七原あかり）、佐々木あき、真木今日子、北条麻妃、加山なつこ、水上由紀恵、桃井しずか、柏木舞子、北川真由香、夏川栞歩、木村穂乃香、谷あづさ、森ほたる、菅野真穂、城月あやね、佐々木咲和、武藤あやか、佐久間泉、吹石れな、八木あずさ、響りん、中野七緒、和田百美花、宮前茜、池谷佳純、風間ゆみ、北川エリカ、大石忍、織田真子、青木玲、山口珠理、森沢かな（飯岡かなこ）、翔田千里、天野るみ、岡江凛、美原すみれ、二宮和香、北川舞、羽生アリサ、有沢実紗、時田こずえ、八神さおり、推川ゆうり、上島美都子、羽月希、森下美緒、西山あさひ、黒木あおい、成咲優美,https://www.javbus.com/UMSO-653,
JUMS-184 超絶シコいケツ穴モロ見え！マドンナ人妻熟女のオマ○コとアナル二穴同時に堪能できる怒涛の《眼福アングル》ガン突きSEX106本番 8時間BEST！,JUMS-184 超絶シコいケツ穴モロ見え！マドンナ人妻熟女のオマ○コとアナル二穴同時に堪能できる怒涛の《眼福アングル》ガン突きSEX106本番 8時間BEST！,JUMS-184,,2026-08-21,481分鐘,,マドンナ,Madonna,,成熟的女人、合集、已婚婦女、4小時以上作品、高畫質、巨尻、DMM獨家、肛交,愛弓りょう、瀬尾礼子、竹内有紀、小島みなみ、風間ゆみ、神宮寺ナオ、新村あかり、栗山莉緒、木下凛々子、大島優香、佐田茉莉子、豊崎清香、木村玲衣、沖宮那美、鈴河めぐみ、流川はる香、加藤あやの、向井藍、一色桃子、通野未帆、葉山さゆり、新妻ゆうか、須崎美羽、藤かんな、古東まりこ、相河沙季、水野優香、北条麻妃、白木優子、めぐり（藤浦めぐ）、白石茉莉奈、椎名ゆな、一乃あおい、日下部加奈、桐岡さつき、篠田ゆう、友田真希、黒川すみれ、水端あさみ、綾瀬麻衣子、叶愛、小早川怜子、由愛可奈、舞原聖、北乃ゆな、笹原カレン、明里つむぎ、倉多まお、夕季ちとせ、辻井ほのか、木村穂乃香、七緒夕希、東凛、波多野結衣、青木玲、柊るい、白鳥景子、末広純、水戸かな、渡辺まお,https://www.javbus.com/JUMS-184,
JUMS-180 母の友人 永久保存版16時間～年下男を狂わせる濃密性交 全40本番～,JUMS-180 母の友人 永久保存版16時間～年下男を狂わせる濃密性交 全40本番～,JUMS-180,,2026-08-07,961分鐘,,マドンナ,Madonna,母の友人,成熟的女人、合集、已婚婦女、高畫質、戲劇、16時間以上作品、DMM獨家,三浦恵理子、白木優子、大島優香、篠田あゆみ、めぐり（藤浦めぐ）、希島あいり、神宮寺ナオ、一色桃子、水戸かな、川上奈々美、もちづきる美、遥あやね、加藤ツバキ（夏樹カオル）、佐々木あき、夏目彩春、友田真希、北条麻妃、木下凛々子、岡江凛、風間ゆみ,https://www.javbus.com/JUMS-180,
JUMS-171 3十人3十色の人妻があなたのオナニーライフに彩りを与えるー。 Madonna美熟女SEXカレンダー2026 15時間,JUMS-171 3十人3十色の人妻があなたのオナニーライフに彩りを与えるー。 Madonna美熟女SEXカレンダー2026 15時間,JUMS-171,,2026-07-24,927分鐘,,マドンナ,Madonna,Madonna美熟女SEXカレンダー,成熟的女人、合集、已婚婦女、4小時以上作品、高畫質、戲劇、DMM獨家,沖宮那美、日下部加奈、椎名ゆな、風間ゆみ、藤かんな、星冬香、城ヶ崎百瀬、紗弥佳、上羽絢、一色桃子、白石茉莉奈、新妻ゆうか、吉永塔子、七海ティナ、木村玲衣、瀬尾礼子、愛弓りょう、古東まりこ、水戸かな、竹内有紀、小島みなみ、加藤あやの、めぐり（藤浦めぐ）、北条麻妃、篠原いよ、一乃あおい、木下凛々子、市来まひろ、桐岡さつき、友田真希,https://www.javbus.com/JUMS-171,
VSED-286 妖艶熟女のレズ交尾,VSED-286 妖艶熟女のレズ交尾,VSED-286,,2026-07-09,264分鐘,長澤純,シックスナイン,シックスナイン,シックスナイン,成熟的女人、女同性戀、4小時以上作品、高畫質,北条麻妃、竹内梨恵、加藤ツバキ（夏樹カオル）、咲良しほ、京野美麗、菊川麻里,https://www.javbus.com/VSED-286,
NOPB-001 【AIリマスター版】ノーパンパンストで発情する女たち Best CollectionVol.1,NOPB-001 【AIリマスター版】ノーパンパンストで発情する女たち Best CollectionVol.1,NOPB-001,,2026-07-07,241分鐘,渡辺琢斗,AVS collector’s,AVS collector’s AIリマスター,ノーパンパンストで発情する女たち,成熟的女人、其他戀物癖、各種職業、連褲襪、4小時以上作品、高畫質、DMM獨家,羽月希、葉月奈穂（葉月菜穂）、北条麻妃、風間ゆみ,https://www.javbus.com/NOPB-001_2026-07-07,
MCSR-52004 息子のムスコをバクリンちょ,MCSR-52004 息子のムスコをバクリンちょ,MCSR-52004,,2026-06-27,50分鐘,金子次郎,いきなりエロざんまい,いきなりエロざんまい,義母と息子（いきなりエロざんまい）,成熟的女人、亂倫、已婚婦女、中出、高畫質、巨乳,北条麻妃、伊織涼子、一条綺美香,https://www.javbus.com/MCSR-52004,
JUMS-172 頑張るアナタへ専属美熟女39人が贈る、特別なご褒美ー。 お義母さんといっしょ 授乳手コキ射精ラッシュ！！母性溢れる濃密せっくす38本番8時間,JUMS-172 頑張るアナタへ専属美熟女39人が贈る、特別なご褒美ー。 お義母さんといっしょ 授乳手コキ射精ラッシュ！！母性溢れる濃密せっくす38本番8時間,JUMS-172,,2026-06-26,481分鐘,,マドンナ,Madonna,,成熟的女人、合集、已婚婦女、4小時以上作品、婆婆、高畫質、DMM獨家,古東まりこ、城ヶ崎百瀬、篠原いよ、吉永塔子、上羽絢、松本翔子、友田真希、沖宮那美、葉山さゆり、月野ゆりね、安野由美、広瀬ゆり、椎名ゆな、愛弓りょう、風間ゆみ、一場れいか、一色桃子、加藤ツバキ（夏樹カオル）、瀬尾礼子、吉澤友貴、推川ゆうり、竹内有紀、木村玲衣、赤井美希、加藤あやの、叶愛、小早川怜子、佐田茉莉子、平岡里枝子、水戸かな、水野朝陽、水野優香、大島優香、藤かんな、白木優子、春菜はな、北条麻妃、木下凛々子、白石茉莉奈,https://www.javbus.com/JUMS-172,
AWTB-003 【AIリマスター版】淫語中出しソープ Best Collection 3,AWTB-003 【AIリマスター版】淫語中出しソープ Best Collection 3,AWTB-003,,2026-06-01,241分鐘,渡辺琢斗,AVS collector’s,AVS collector’s AIリマスター,淫語中出しソープ,其他戀物癖、合集、淫語、中出、4小時以上作品、主觀視角、高畫質、DMM獨家,彩名ゆい、榊なち、北条麻妃、広瀬ゆな,https://www.javbus.com/AWTB-003_2026-06-01,
UMSO-641 全編騎乗位BEST48人 ～美女たちの腰振りスペシャル～VOL.02,UMSO-641 全編騎乗位BEST48人 ～美女たちの腰振りスペシャル～VOL.02,UMSO-641,,2026-05-22,232分鐘,,ケイ・エム・プロデュース,UMANAMI,全編騎乗位BEST○人,成熟的女人、其他戀物癖、合集、女上位、高畫質、巨乳、DMM獨家,彩奈リナ（七原あかり）、佐々木あき、真木今日子、北条麻妃、森沢かな（飯岡かなこ）、織田真子、青木玲、翔田千里、森ほたる、菅野真穂、城月あやね、佐々木咲和、中野七緒、武藤あやか、加山なつこ、吹石れな、八木あずさ、響りん、山口珠理、木村穂乃香、森下美緒、天野るみ、成咲優美、美原すみれ、和田百美花、北川舞、羽生アリサ、飯山香織、近藤郁（近藤郁美）、有沢実紗、時田こずえ、澤村レイコ（高坂保奈美、高坂ますみ）、八神さおり、谷あづさ、羽月希、宮前茜、西山あさひ、黒木あおい、佐久間泉、二宮和香、川上ゆう（森野雫）、岡江凛、水上由紀恵、桃井しずか、柏木舞子、北川真由香、夏川栞歩、上島美都子,https://www.javbus.com/UMSO-641,
MCSR-63001 嫌がってるのにイキ果てるJカップ ムッチリ乳！ボン・キュッ・ボン！！！旦那の横で堕ちるM妻,MCSR-63001 嫌がってるのにイキ果てるJカップ ムッチリ乳！ボン・キュッ・ボン！！！旦那の横で堕ちるM妻,MCSR-63001,,2026-05-22,60分鐘,,いきなりエロざんまい,いきなりエロざんまい,,已婚婦女、中出、高畫質、出軌、巨乳,塚田詩織、北条麻妃、永井みひな、小早川怜子,https://www.javbus.com/MCSR-63001,
JUMS-173 爆揺れ 爆イキ！！美熟女が絶頂に腰砕け！！どこから見始めても常にクライマックス 妊娠覚悟の激ピス中出し142連発8時間,JUMS-173 爆揺れ 爆イキ！！美熟女が絶頂に腰砕け！！どこから見始めても常にクライマックス 妊娠覚悟の激ピス中出し142連発8時間,JUMS-173,,2026-05-21,481分鐘,,マドンナ,Madonna,,成熟的女人、合集、已婚婦女、中出、4小時以上作品、高畫質、DMM獨家,篠田ゆう、友田真希、さつき芽衣、桃園怜奈、竹内有紀、愛弓りょう、日下部加奈、藤かんな、加藤あやの、広瀬ゆり、宍戸里帆、小島みなみ、古東まりこ、美ノ嶋めぐり、藤森里穂、市来まひろ、水戸かな、岬ひかり、白石茉莉奈、椎名ゆな、木村玲衣、大島優香、多田有花、北川遥、むとうあやか、新井リマ、北条麻妃、神宮寺ナオ、上羽絢、羽月乃蒼、九井スナオ、推川ゆうり、宮西ひかる、風間ゆみ、沖宮那美、流川はる香、葉山さゆり、今井栞菜、一乃あおい、向井藍、木下凛々子、水野朝陽、月野江すい、篠原いよ、倉本すみれ、月乃ひな、白木優子、通野未帆、大槻ひびき、新村あかり、小早川怜子、初音みのり、北野未奈、黒川すみれ、岬あずさ、栗山莉緒、橘メアリー、吉澤友貴、叶愛、水川スミレ、水端あさみ、佐田茉莉子、尾崎えりか、水野優香,https://www.javbus.com/JUMS-173,
JUMS-170 「な、何でもするからっ…ヤメて…あぁん、中だけはダメぇぇぇぇ！！」望まない中出し性交で、皮肉にも絶頂してしまった人妻 12時間BEST,JUMS-170 「な、何でもするからっ…ヤメて…あぁん、中だけはダメぇぇぇぇ！！」望まない中出し性交で、皮肉にも絶頂してしまった人妻 12時間BEST,JUMS-170,,2026-05-07,721分鐘,,マドンナ,Madonna,,成熟的女人、合集、已婚婦女、中出、4小時以上作品、高畫質、DMM獨家,夏目玲香、ももの真利奈、沖宮那美、橘メアリー、上羽絢、木下凛々子、白石茉莉奈、市来まひろ、一乃あおい、日下部加奈、加藤あやの、推川ゆうり、藤かんな、七海ティナ、紗弥佳、桃園怜奈、古東まりこ、相沢澪、安堂はるの、星宮一花、通野未帆、篠原いよ、葉月保奈美、宮下華奈、一色桃子、岬ひかり、北条麻妃、月野江すい、木村玲衣、竹内有紀、盛永いろは、友田真希、風間ゆみ、黒川一花、椎名ゆな、愛弓りょう、広瀬ゆり、神宮寺ナオ、新妻ゆうか、花守夏歩、城ヶ崎百瀬、水戸かな、美ノ嶋めぐり、吉永塔子、めぐり（藤浦めぐ）,https://www.javbus.com/JUMS-170,
JDL-119 デジタルモザイク4部作 尼僧・団地妻物語,JDL-119 デジタルモザイク4部作 尼僧・団地妻物語,JDL-119,,2026-05-01,486分鐘,清水橋健太,ルビー,RUBY,,和服・喪服、成熟的女人、已婚婦女、4小時以上作品、高畫質、出軌、DMM獨家,名城翠、吉野艶子、北条麻妃、伊藤まい,https://www.javbus.com/JDL-119,
HYAS-147 濃密熟女浴場 泡々ぬるベチョ快楽ご奉仕で至高の射精に導く濃厚ソープ 100人 8時間,HYAS-147 濃密熟女浴場 泡々ぬるベチョ快楽ご奉仕で至高の射精に導く濃厚ソープ 100人 8時間,HYAS-147,,2026-03-20,480分鐘,,ケイ・エム・プロデュース,100人,,成熟的女人、合集、妓女、4小時以上作品、高畫質、巨乳、DMM獨家,安野由美、有奈めぐみ、山本かをり、島津かおる、結城みさ、矢城小百合、櫻井ゆうこ、沢口みき、友田真希、矢沢美奈、早川ゆり、広瀬ゆかり、蒼乃幸恵、富澤みすず、小早川怜子、鮎川るい、加山なつこ、一ノ瀬あやめ、白鳥寿美礼、風間ゆみ、大嶋しのぶ、上島美都子、柏木舞子、時田こずえ、音羽文子、橘慶子、青井マリ、三咲恭子、松坂華苗、矢部寿恵、藤下梨花、葉月奈穂（葉月菜穂）、原望美、村上涼子（中村りかこ、黒木菜穂）、中森玲子、森ななこ、北川瞳、北条麻妃、翔田千里、佐倉由美子、川上ゆう（森野雫）、織田真子、多田有花、豊永映美、成咲優美、川崎紀里恵、美原咲子、伊織涼子、福山いろは、塚田詩織、よしい美希（伊沢涼子、吉井美希）、三枝由梨、美咲結衣、岩沢香代、若宮はずき、本真ゆり、桧山ゆりか、設楽アリサ、優木なお、加藤ツバキ（夏樹カオル）、田所百合、中山穂香、池谷佳純、内原美智子、山口珠理、成宮いろは、甘乃つばき、森下美緒、月島さくら、岡江凛、大浦真奈美、近藤郁（近藤郁美）、平岡里枝子、桐島明日香、京野美沙、井上綾子、宇佐美すい、山瀬美紀、赤城穂波、西村ニーナ、姫川礼子、初音みのり、小林真梨香、仲野梢、石川芙美乃、水川かえで、美原すみれ、花城れん、水谷心音（藤崎りお）、波多野結衣、推川ゆうり、大槻ひびき、玉木くるみ、辻芽愛里、坂下真希、広瀬結香、美丘さとみ,https://www.javbus.com/HYAS-147,
HYAS-148 今が性欲ピーク！美熟女のオナニー100人8時間2枚組,HYAS-148 今が性欲ピーク！美熟女のオナニー100人8時間2枚組,HYAS-148,,2026-03-20,486分鐘,,ケイ・エム・プロデュース,100人,,成熟的女人、合集、乳房、4小時以上作品、高畫質、DMM獨家、自慰,波多野結衣、五十嵐しのぶ、加納綾子、篠田あゆみ、神波多一花、寺島志保、一条綺美香、近藤郁（近藤郁美）、羽月希、桜井彩、北条麻妃、春菜はな、上原千佳、風間ゆみ、上島美都子、金杉里織、笹川蓉子、緒方泰子、久保今日子、新堂有望、成宮いろは、翔田千里、鈴木さとみ、山口珠理、篠原ちとせ、成澤ひなみ、川菜美鈴、川上ゆう（森野雫）、中野七緒、塚田詩織、東希美、日南まつり、北川舞、時田こずえ、夕季ちとせ、宮村ななこ、櫻美雪、浅井舞香、朝霧ゆう、麻生千春、円城ひとみ、艶堂しほり（遠藤しおり）、大場ゆい、音無かおり、折原ゆかり、加山なつこ、本真ゆり、峰岸カレン、舞原聖、徳山翔子、葵紫穂、平清香、宮島優、池谷佳純、紗々原ゆり、夏川栞歩、美原すみれ、小早川怜子、真木今日子、佐知子、彩奈リナ（七原あかり）、純岡美乃理、松坂美紀、推川ゆうり、佐々木咲和、成咲優美、武藤あやか、牧村彩香、植木翔子、新村あかり、羽咲美亜、加藤ツバキ（夏樹カオル）、宮本紗央里、本庄瞳、佐々木あき、青木玲、村上涼子（中村りかこ、黒木菜穂）、森下美緒、矢吹京子、矢部寿恵、井上綾子、並木塔子、平岡里枝子、篠野まゆみ、飛鳥りん、七瀬ひな、吉澤ひかり、赤瀬尚子、藤森里穂、音羽文子、片瀬仁美、神ユキ、遥あやね、森沢かな（飯岡かなこ）、君島みお、小田しおり、松下弥生、谷口ゆみ、かなで自由,https://www.javbus.com/HYAS-148,
JUMS-165 人妻の滴るエロスを啜り喰らうすっぽん親父のベロキス性交 7時間,JUMS-165 人妻の滴るエロスを啜り喰らうすっぽん親父のベロキス性交 7時間,JUMS-165,,2026-03-19,431分鐘,,マドンナ,Madonna,すっぽん親父のベロキス性交,成熟的女人、合集、已婚婦女、4小時以上作品、高畫質、キス・接吻、DMM獨家,通野未帆、月野江すい、美ノ嶋めぐり、小島みなみ、加藤あやの、小谷舞花、古東まりこ、吉澤友貴、市来まひろ、二羽紗愛、広瀬ゆり、星宮一花、篠原いよ、岬ひかり、七海ティナ、葉月保奈美、友田真希、桐岡さつき、北条麻妃、瀬尾礼子、ももの真利奈、吉瀬葵、新妻ゆうか,https://www.javbus.com/JUMS-165,
ZOSB-001 【AIリマスター版】女王様は…Best Collection Vol.1,ZOSB-001 【AIリマスター版】女王様は…Best Collection Vol.1,ZOSB-001,,2026-03-02,250分鐘,,AVS collector’s,AVS collector’s AIリマスター,女王様は○○,SM、其他戀物癖、合集、4小時以上作品、高畫質、緊縛、DMM獨家,風間ゆみ、川上ゆう（森野雫）、伊織涼子、北条麻妃、水嶋あずみ,https://www.javbus.com/ZOSB-001_2026-03-02,
TOMNVD-022 【120発以上】最高潮からスタート！射精前の追い込みピストンでガチ喘ぎ連発するクライマックス BEST,TOMNVD-022 【120発以上】最高潮からスタート！射精前の追い込みピストンでガチ喘ぎ連発するクライマックス BEST,TOMNVD-022,,2026-02-19,450分鐘,,TEPPAN,TEPPAN,,苗條、合集、花癡、中出、4小時以上作品、高畫質、汗だく、巨乳、DMM獨家,弥生みづき、わか菜ほの、椿りか、水端あさみ、天馬ゆい、橘メアリー、美咲かんな、栄川乃亜、通野未帆、北川エリカ、サリー、荻野舞、尾上若葉、観月ひかる、愛咲れいら（原千尋）、椎名そら、羽月希、神納花、神木優愛、西川ゆい、月島ななこ、蓮実クレア、ひなみるか、椎名ゆな、波多野結衣、堀内秋美、初美沙希、有村千佳、林ゆな、森沢かな（飯岡かなこ）、阿部乃みく、麻里梨夏、小早川怜子、水野朝陽、なごみ、AIKA、大場ゆい、湊莉久、あず希、篠田あゆみ、紗々原ゆり、北条麻妃、葉月美音、二葉しずく、川菜美鈴、吹石れな、さくらみゆき、一条綺美香、ありす実来、塚田詩織、成宮いろは、佐々木あき、霧島さくら、きみと歩実、倉多まお、優月まりな、江上しほ、篠宮ゆり、川村まや、武藤あやか、松井優子、星空もあ、甘良しずく、花咲いあん、玉木くるみ、松嶋葵、神谷秋妃、西条沙羅、千乃あずみ、涼川絢音、中村まゆり、あかね杏珠、天野美優、稲村ひかり、乙葉ななせ、あおいれな、篠田ゆう、川上ゆう、鈴木真夕、小高里保、友田彩也香、佐々木恋海（向井恋）、卯水咲流,https://www.javbus.com/TOMNVD-022,
NACX-164 レジェンド美熟女10人BEST VOL.04,NACX-164 レジェンド美熟女10人BEST VOL.04,NACX-164,,2026-02-04,241分鐘,,プラネットプラス,七狗留,レジェンド美熟女○人BEST,成熟的女人、合集、乳房、4小時以上作品、高畫質、巨尻,矢部寿恵、藤下梨花、本庄瞳、澤村レイコ（高坂保奈美、高坂ますみ）、羽月希、平岡里枝子、北条麻妃、一条綺美香、川上ゆう（森野雫）、艶堂しほり（遠藤しおり）,https://www.javbus.com/NACX-164,
OOMNVD-011 【限界85連発】無防備なパンチラ・胸チラ・着替え 生々しく覗く無警戒な人妻の日常生活,OOMNVD-011 【限界85連発】無防備なパンチラ・胸チラ・着替え 生々しく覗く無警戒な人妻の日常生活,OOMNVD-011,,2026-01-31,419分鐘,,ABC/妄想族,お母さん.com（ABC/妄想族）,,成熟的女人、苗條、母親、其他戀物癖、合集、4小時以上作品、DMM專屬、巨乳、妄想族、DMM獨家,風間ゆみ、初美沙希、山本美和子、阿部乃みく、水城奈緒、有村千佳、市来美保、村上涼子（中村りかこ、黒木菜穂）、青木玲、篠田あゆみ、北川エリカ、黒沢那智、藤江由恵、西川りおん、西澤百花、桜木美央、冴島かおり、北条麻妃、青山菜々、林ゆな、堀内秋美、水野朝陽、高梨あゆみ、吉永あかね、北堀舞、堀川奈美、矢部寿恵、波多野結衣、高月和花、杏美月、愛乃、青空小夏、相楽葵、愛菜、甲斐ミハル、桐岡さつき、春原未来、高岡すみれ、矢吹京子、青山祥子、加賀ゆり子、澤美レミ、小野里美、若林ひかる、宮田まり、廣野すみれ、大槻ひびき、三浦恵理子、立花紫保、藤原麻美、大野実花、春日もな、折原ゆかり、沢口みき、小早川怜子、小泉麻由、元山はるか、名城翠、藤下梨花、本真ゆり、荒木瞳、羽月希、伊織涼子、須藤早紀、七瀬ゆい（羽田未来）、本宮リカコ、櫻井夕樹、中野彩、松下美雪、立花みずき、桜みちる、北条美里、黒木麻衣（花野真衣、SHIHO）、二宮亜季、野原もも、中森玲子、松浦ユキ、大越はるか、北原夏美、ほしの菜実恵、梶原まゆ、秋川りお（美月このみ）、飯浜紀香、水元えり,https://www.javbus.com/OOMNVD-011,
GIGL-765 カメラが捉えた熟年夫婦のリアルなセックススペシャル19組,GIGL-765 カメラが捉えた熟年夫婦のリアルなセックススペシャル19組,GIGL-765,,2026-01-23,243分鐘,,GIGOLO（ジゴロ）,GIGOLO,,成熟的女人、合集、已婚婦女、4小時以上作品、高畫質、巨乳、DMM獨家,円城ひとみ、加山なつこ、桐島美奈子、村上涼子、成咲優美、牧村彩香、翔田千里、藤谷真理、八木あずさ、澤村レイコ（高坂保奈美、高坂ますみ）、一条綺美香、寺島志保、折原ゆかり、朝霧ゆう、藤下梨花、矢吹京子、小早川怜子、森下美緒、北条麻妃,https://www.javbus.com/GIGL-765,
JUMS-154 35人の人妻が過去最大級にイキ狂う 膣奥にぶっ刺さるデカチン大絶頂SEX 460分,JUMS-154 35人の人妻が過去最大級にイキ狂う 膣奥にぶっ刺さるデカチン大絶頂SEX 460分,JUMS-154,,2025-12-18,468分鐘,,マドンナ,Madonna,,成熟的女人、合集、已婚婦女、中出、4小時以上作品、高畫質、デカチン・巨根、DMM獨家,篠田ゆう、神宮寺ナオ、愛弓りょう、末広純、上羽絢、篠原いよ、木下凛々子、岬ひかり、市来まひろ、新妻ゆうか、沖宮那美、葉山さゆり、美ノ嶋めぐり、水戸かな、橘メアリー、武藤あやか、竹内有紀、推川ゆうり、赤井美希、広瀬ゆり、吉澤友貴、白石茉莉奈、明里つむぎ、日下部加奈、椎名ゆな、藤かんな、北条麻妃、向井藍、大島優香、一乃あおい、小花のん、加藤あやの、通野未帆、栗山莉緒、木村玲衣,https://www.javbus.com/JUMS-154,
JUMS-146 ベロマ○コで乳首をこねくり強●射精！！ドエロい人妻が限界まで興奮とチ○ポを滾らせる最狂に気持ちイイ手コキラッシュ66連発440分,JUMS-146 ベロマ○コで乳首をこねくり強●射精！！ドエロい人妻が限界まで興奮とチ○ポを滾らせる最狂に気持ちイイ手コキラッシュ66連発440分,JUMS-146,,2025-12-04,448分鐘,,マドンナ,Madonna,,成熟的女人、合集、已婚婦女、4小時以上作品、高畫質、DMM獨家、打手槍,藤かんな、西村ニーナ、夕季ちとせ、愛弓りょう、沖宮那美、市来まひろ、北条麻妃、椎名ゆな、多田有花、神宮寺ナオ、上羽絢、佐田茉莉子、栗山莉緒、友田真希、月野ゆりね、水戸かな、小花のん、白石茉莉奈、武藤あやか、広瀬ゆり、日下部加奈、木下凛々子、風間ゆみ、明里つむぎ、一乃あおい、吉澤友貴、通野未帆、橘メアリー、沙月ふみの、竹内有紀、朝日りお、加藤あやの、一色桃子、北野未奈、松本いちか、新村あかり、めぐり（藤浦めぐ）,https://www.javbus.com/JUMS-146,
BDSR-54501 チ○ポ中毒！旦那以外に寝取られ絶頂ノックアウト キメて！ハメて！ブッ飛べ！！,BDSR-54501 チ○ポ中毒！旦那以外に寝取られ絶頂ノックアウト キメて！ハメて！ブッ飛べ！！,BDSR-54501,,2025-11-21,60分鐘,,いきなりエロざんまい,いきなりエロざんまい,ビクビク痙攣イクイク覚醒,已婚婦女、通姦、中出、高畫質、出軌、孕ませ、アクメ・オーガズム,宝田もなみ、篠田ゆう、藤森里穂、蓮実クレア、三原ほのか、笹倉杏、ジューン・ラブジョイ、冨安れおな、北条麻妃、今藤霧子,https://www.javbus.com/BDSR-54501,
ZOOO-243 昭和の性犯罪集 力尽くで無理やり慰み者となった忌まわしき4件の事件記録譚 9名収録 240分,ZOOO-243 昭和の性犯罪集 力尽くで無理やり慰み者となった忌まわしき4件の事件記録譚 9名収録 240分,ZOOO-243,,2025-11-13,240分鐘,,ZOOO,ZOOO,,成熟的女人、合集、已婚婦女、4小時以上作品、高畫質,尾島みゆき、北条麻妃、松下美香、遠野麗子、寺崎泉、七海ひさ代、和泉紫乃、竹内れい子、森下麻子,https://www.javbus.com/ZOOO-243,
NACX-159 熟れたカラダに茂ったマン毛！剛毛熟女コレクション35人 西山あさひ 清城ゆき 本庄瞳 羽月希 井上綾子,NACX-159 熟れたカラダに茂ったマン毛！剛毛熟女コレクション35人 西山あさひ 清城ゆき 本庄瞳 羽月希 井上綾子,NACX-159,,2025-11-05,241分鐘,,プラネットプラス,七狗留,,成熟的女人、苗條、合集、已婚婦女、乳房、4小時以上作品、戲劇、フルハイビジョン(FHD),西山あさひ、清城ゆき、本庄瞳、羽月希、井上綾子、向井雫、永倉由梨、城月あやね、水澤りこ、江上しほ、若槻みづな、水原さな、桐島美奈子、高城彩、矢部寿恵、北条麻妃、谷原希美、とみの伊織、安野由美、卯水咲流、加藤ツバキ、吉川あいみ、宮島優、宮本紗央里、篠崎かんな、森ほたる、笹川蓉子、青木玲、泉朱音、前園希美,https://www.javbus.com/NACX-159,
P-080 【期間限定熟女パック】熟女濃厚レズパック2,P-080 【期間限定熟女パック】熟女濃厚レズパック2,P-080,,2025-10-22,66分鐘,,JUKUJO99,熟女パック,期間限定熟女パック,成熟的女人、女同性戀、苗條、乳液、女同接吻、高畫質、設置項目、巨乳、DMM獨家,友田真希、風間ゆみ、北条麻妃、川上ゆう、円城ひとみ、福田由貴,https://www.javbus.com/P-080_2025-10-22,
JUMS-136 種付けザーメン注ぎまくってこのまま孕ませてやろうぜ…！！ 旦那の身代わりになった美人妻をハメ倒し中出しレ●プ113発720分,JUMS-136 種付けザーメン注ぎまくってこのまま孕ませてやろうぜ…！！ 旦那の身代わりになった美人妻をハメ倒し中出しレ●プ113発720分,JUMS-136,,2025-09-25,721分鐘,,マドンナ,Madonna,,成熟的女人、已婚婦女、凌辱、4小時以上作品、高畫質、女優ベスト・総集編、DMM獨家,末広純、椿りか、天川そら、篠田ゆう、大島優香、木下凛々子、葉山さゆり、明里つむぎ、神宮寺ナオ、渡辺まお、前田美波、上羽絢、向井藍、藤かんな、木村玲衣、清巳れの、森沢かな（飯岡かなこ）、今井栞菜、沖宮那美、一乃あおい、市来まひろ、辻井ほのか、水戸かな、椎名ゆな、高坂ニナ、橘京花、小花のん、吉澤友貴、愛弓りょう、庵ひめか、栗山莉緒、白石茉莉奈、広瀬ゆり、小谷舞花、北条麻妃、小早川怜子、舞原聖、風間ゆみ、叶愛,https://www.javbus.com/JUMS-136,
NASK-289 極上の昭和官能ドラマ 戦時戦後に翻弄された女たちの儚くも淫猥な生々しいエロス 6人4時間,NASK-289 極上の昭和官能ドラマ 戦時戦後に翻弄された女たちの儚くも淫猥な生々しいエロス 6人4時間,NASK-289,,2025-09-19,240分鐘,,なでしこ,Nadeshiko,極上の昭和官能ドラマ,成熟的女人、合集、4小時以上作品、高畫質、戲劇、DMM獨家,風間ゆみ、小池絵美子、春原未来、北条麻妃、川上ゆう（森野雫）、城野絵理香,https://www.javbus.com/NASK-289,
JUMS-143 こんなスケベな奥さんに誘われたら一線を越えてもしょうがない！！近所の極上美人妻と逆レ×プセックス8時間（JUMS-143）,JUMS-143 こんなスケベな奥さんに誘われたら一線を越えてもしょうがない！！近所の極上美人妻と逆レ×プセックス8時間（JUMS-143）,JUMS-143,,2025-09-18,481分鐘,,マドンナ,Madonna,近所の極上美人妻と逆レ×プセックス8時間,蕩婦、成熟的女人、合集、已婚婦女、4小時以上作品、高畫質、DMM獨家,北野未奈、北条麻妃、森沢かな（飯岡かなこ）、小松杏、一乃あおい、愛弓りょう、大島優香、上羽絢、椎名ゆな、風間ゆみ、神宮寺ナオ、竹内有紀、沖宮那美、橘メアリー、広瀬ゆり、水野優香、吹石れな、今井栞菜、沙月ふみの、小島みなみ、希島あいり,https://www.javbus.com/JUMS-143,
P-074 【期間限定熟女パック】熟女濃厚レズパック（J99-P074）,P-074 【期間限定熟女パック】熟女濃厚レズパック（J99-P074）,P-074,,2025-09-10,69分鐘,,JUKUJO99,熟女パック,期間限定熟女パック,成熟的女人、女同性戀、雙性人、高畫質、キス・接吻、設置項目、巨乳、DMM獨家、肛交、打手槍,北条麻妃、川上ゆう、桐原あずさ（伊藤あずさ）、瀬奈ジュン、森ななこ,https://www.javbus.com/P-074_2025-09-10,
JUMS-141 「夫のチ〇ポでしか感じない…」と言い張る塩対応の人妻が快楽に抗えず他人棒で絶頂SEX 33選470分BEST,JUMS-141 「夫のチ〇ポでしか感じない…」と言い張る塩対応の人妻が快楽に抗えず他人棒で絶頂SEX 33選470分BEST,JUMS-141,,2025-09-04,468分鐘,,マドンナ,Madonna,,成熟的女人、合集、已婚婦女、中出、4小時以上作品、高畫質、DMM獨家,水戸かな、篠田ゆう、七瀬アリス、小松杏、風間ゆみ、木下凛々子、庵ひめか、市来まひろ、沙月ふみの、梓ヒカリ、友田真希、森沢かな（飯岡かなこ）、明里つむぎ、藤かんな、北条麻妃、葉山さゆり、神宮寺ナオ、向井藍、小早川怜子、高坂ニナ、水川スミレ、愛弓りょう、松本いちか、上戸まり、一乃あおい、朝日りお、星宮一花、藤森里穂、橘メアリー、吉永塔子、吉澤友貴、椎名ゆな、推川ゆうり,https://www.javbus.com/JUMS-141,
JUMS-139 男達が貞淑人妻の口内を●す！ 乱交囲みフェラ125連射460分BEST！,JUMS-139 男達が貞淑人妻の口内を●す！ 乱交囲みフェラ125連射460分BEST！,JUMS-139,,2025-08-21,462分鐘,,マドンナ,Madonna,,成熟的女人、濫交、口交、已婚婦女、多P、4小時以上作品、高畫質、DMM獨家,木下凛々子、上羽絢、森沢かな（飯岡かなこ）、吉澤友貴、愛弓りょう、竹内有紀、橘メアリー、友田真希、白石茉莉奈、通野未帆、豊崎清香、葉山さゆり、流川はる香、一乃あおい、大島優香、藤かんな、瀬尾礼子、多田有花、明里つむぎ、推川ゆうり、椎名ゆな、日下部加奈、希島あいり、澄河美花、岡江凛、小野りんか、めぐり（藤浦めぐ）、佐田茉莉子、木村玲衣、叶愛、沖宮那美、水戸かな、栗山莉緒、児玉れな、美ノ嶋めぐり、北条麻妃、綾瀬麻衣子、夏川うみ、風間ゆみ、春谷美雨、水端あさみ、舞原聖、末広純、神宮寺ナオ,https://www.javbus.com/JUMS-139,
JUMS-135 美熟女と少年が情熱的に求め合う年の差セックス31人 8時間,JUMS-135 美熟女と少年が情熱的に求め合う年の差セックス31人 8時間,JUMS-135,,2025-08-07,481分鐘,,マドンナ,Madonna,燃え上がる年の差セックス,成熟的女人、合集、已婚婦女、通姦、4小時以上作品、高畫質、DMM獨家,白石茉莉奈、白木優子、小早川怜子、愛弓りょう、桐岡さつき、加藤あやの、大島優香、沖宮那美、吹石れな、瀬尾礼子、風間ゆみ、古東まりこ、美ノ辺さやか、木下凛々子、葉月保奈美、岡江凛、北条麻妃、吉永塔子、水野優香、藤かんな、友田真希、水戸かな、武藤あやか、椎名ゆな、篠田ゆう、上羽絢、大石紗季、佐田茉莉子、平岡里枝子、多田有花、一色桃子,https://www.javbus.com/JUMS-135,
SVS-088 綺麗なお姉さんが下品な淫語で僕を誘う 脳汁ダダ漏れ我慢汁溢れる淫語痴女,SVS-088 綺麗なお姉さんが下品な淫語で僕を誘う 脳汁ダダ漏れ我慢汁溢れる淫語痴女,SVS-088,,2025-07-19,277分鐘,,AVS collector’s,AVSCollector’s,,蕩婦、淫語、姐姐、4小時以上作品、主觀視角、高畫質、ビッチ、DMM獨家,七瀬ひな、AIKA、織田真子、有岡みう、日向うみ、黒川すみれ、澤村レイコ（高坂保奈美、高坂ますみ）、北条麻妃、水野朝陽、蓮実クレア、赤瀬尚子、風間ゆみ,https://www.javbus.com/SVS-088,
HMIX-047 驚愕！！ 人妻レ●プ事件 無理やり肉棒を捻じ込まれ中出し！！ 嗚咽と嬌声が響く衝撃の強●現場 20人 4時間,HMIX-047 驚愕！！ 人妻レ●プ事件 無理やり肉棒を捻じ込まれ中出し！！ 嗚咽と嬌声が響く衝撃の強●現場 20人 4時間,HMIX-047,,2025-07-19,240分鐘,,グローバルメディアエンタテインメント,ハイパーミックス（グローバルメディアエンタテインメント）,お得な総集編,成熟的女人、合集、已婚婦女、4小時以上作品、高畫質、DMM獨家,北条麻妃、中森玲子、雪野ひかり、桐岡さつき、谷原ゆき、奈良絵美子、澤村レイコ（高坂保奈美、高坂ますみ）、村上涼子（中村りかこ、黒木菜穂）、松浦ユキ、風間ゆみ、川上ゆう（森野雫）、高沢沙耶、音無かおり、平山こずえ、翔田千里、寺崎泉、瞳りん、五十嵐しのぶ、柳田やよい、北谷静香,https://www.javbus.com/HMIX-047,
JUMS-131 悩めるバキバキ童貞にオトナの美女が与える人生最高の射精体験 筆おろしBEST35人 8時間,JUMS-131 悩めるバキバキ童貞にオトナの美女が与える人生最高の射精体験 筆おろしBEST35人 8時間,JUMS-131,,2025-07-04,481分鐘,,マドンナ,Madonna,,成熟的女人、合集、已婚婦女、4小時以上作品、高畫質、處男、DMM獨家,神宮寺ナオ、水戸かな、愛弓りょう、明里つむぎ、森沢かな（飯岡かなこ）、北野未奈、武藤あやか、沙月ふみの、白石茉莉奈、通野未帆、上羽絢、木下凛々子、一乃あおい、竹内有紀、小野りんか、田中ねね、吉澤友貴、新村あかり、米倉穂香、椎名ゆな、向井藍、広瀬ゆり、佐田茉莉子、風間ゆみ、希島あいり、葉山さゆり、木村玲衣、日下部加奈、今井栞菜、橘メアリー、北条麻妃、栗山莉緒、小花のん、小松杏、加藤ツバキ（夏樹カオル）,https://www.javbus.com/JUMS-131,
ACJM-001 Madonna×M男×Achijo 大人の総合格闘技 5分×3Round、KO（射精）のみ、ルール（体位）無制限！！スペシャルタイトルマッチ96戦 8時間,ACJM-001 Madonna×M男×Achijo 大人の総合格闘技 5分×3Round、KO（射精）のみ、ルール（体位）無制限！！スペシャルタイトルマッチ96戦 8時間,ACJM-001,,2025-07-04,481分鐘,,マドンナ,ACHIJO（アチージョ）,,蕩婦、成熟的女人、合集、已婚婦女、4小時以上作品、高畫質、M男、DMM獨家,木下凛々子、篠田ゆう、黒川すみれ、水川スミレ、叶愛、広瀬ゆり、葉山さゆり、武藤あやか、小花のん、水戸かな、愛弓りょう、北条麻妃、竹内有紀、椎名ゆな、栗山莉緒、向井藍、一乃あおい、白石茉莉奈、佐田茉莉子、藤かんな、大島優香、日下部加奈、風間ゆみ、上羽絢、神宮寺ナオ、吉澤友貴,https://www.javbus.com/ACJM-001,
J99-P064 【期間限定熟女パック】ムリヤリパック,J99-P064 【期間限定熟女パック】ムリヤリパック,J99-P064,,2025-07-03,71分鐘,,JUKUJO99,熟女パック,期間限定熟女パック,成熟的女人、已婚婦女、凌辱、中出、女上位、高畫質、設置項目、巨乳、DMM獨家,沢村麻耶、後藤あずさ、北条麻妃,https://www.javbus.com/J99-P064,
KSBJ-386 厳選！！細身なのに巨乳な美熟女BEST14人,KSBJ-386 厳選！！細身なのに巨乳な美熟女BEST14人,KSBJ-386,,2025-06-28,243分鐘,,KSB企画/エマニエル,KSB企画/エマニエル,,成熟的女人、苗條、合集、4小時以上作品、高畫質、巨乳、エマニエル、DMM獨家,真木今日子、谷あづさ、小早川怜子、瀬崎彩音、池上まひろ、北条麻妃、君島みお、朝桐光、吹石れな、篠田あゆみ、芦名ユリア、二宮和香、東凛、高槻れい,https://www.javbus.com/KSBJ-386,
ZOOO-201 白昼の悪夢 極悪男に蹂躙された美熟女たち 慰み者となり見知らぬ男の肉棒を捩じ込まれ嗚咽まじりにイキ悶える！！ 12名収録 240分,ZOOO-201 白昼の悪夢 極悪男に蹂躙された美熟女たち 慰み者となり見知らぬ男の肉棒を捩じ込まれ嗚咽まじりにイキ悶える！！ 12名収録 240分,ZOOO-201,,2025-06-12,242分鐘,,ZOOO,ZOOO,,成熟的女人、合集、已婚婦女、凌辱、4小時以上作品、高畫質,風間ゆみ、堀口奈津美、妃乃ひかり、漣ゆめ、中野美紗子、櫻井夕樹、中野彩、沢本レイ、柴田かすみ、北条麻妃、中森玲子、雪野ひかり,https://www.javbus.com/ZOOO-201,
VSED-262 売上アップのためなら枕営業だって厭わない働く熟女の性事情,VSED-262 売上アップのためなら枕営業だって厭わない働く熟女の性事情,VSED-262,,2025-06-09,260分鐘,長澤純,シックスナイン,シックスナイン,シックスナイン,成熟的女人、4小時以上作品、高畫質,和久津和泉、北条麻妃、小早川怜子,https://www.javbus.com/VSED-262,
JUMS-127 ヌードモデルNTR総集編 8時間,JUMS-127 ヌードモデルNTR総集編 8時間,JUMS-127,,2025-06-06,481分鐘,,マドンナ,Madonna,ヌードモデルNTR,成熟的女人、已婚婦女、4小時以上作品、高畫質、出軌、巨乳、DMM獨家,沖宮那美、葉山さゆり、松本翔子、北条麻妃、竹内有紀、日下部加奈、小花のん,https://www.javbus.com/JUMS-127,
OOMNVD-010 美熟女激テク白濁ザーメン濃厚フェラチオBEST 130名,OOMNVD-010 美熟女激テク白濁ザーメン濃厚フェラチオBEST 130名,OOMNVD-010,,2025-06-01,409分鐘,,ABC/妄想族,お母さん.com（ABC/妄想族）,,成熟的女人、母親、口交、合集、4小時以上作品、婆婆、DMM專屬、妄想族、DMM獨家,川菜美鈴、川上ゆう（森野雫）、波多野結衣、夏川うみ、小早川怜子、稲川なつめ、高山えみり、三浦恵理子、北嶋あん、ERIKA（モカ、MOKA）、阿部乃みく、西川りおん、北条麻妃、前田可奈子、城月あやね、澤村レイコ（高坂保奈美、高坂ますみ）、篠田ゆう、青山菜々、北川エリカ、結城みさ、篠田あゆみ、水野朝陽、風間ゆみ、北堀舞、通野未帆、春原未来、矢部寿恵、佐々木あき、三好亜矢、青木玲、希咲あや、南佳代、有村千佳、小泉麻由、平山薫、高梨あゆみ、一条綺美香、羽月希、加藤みゆ紀、美月しのぶ、青木美空、艶堂しほり（遠藤しおり）、中山理莉、翔田千里、武藤あやか、高月和花、紺野まこ、香山美桜、水城奈緒、松本まりな、鈴木真夕、安野由美、松井優子、長瀬涼子、橘優花、初美沙希、神波多一花、加藤ツバキ（夏樹カオル）,https://www.javbus.com/OOMNVD-010,
RCT-168 【 AI リマスター版 】女子アナに顔射！ごっくんスペシャル,RCT-168 【 AI リマスター版 】女子アナに顔射！ごっくんスペシャル,RCT-168,,2025-05-26,162分鐘,ささきうずまき,ROCKET,ROCKET,AIリマスター（ROCKET）,企畫、高畫質、顏射、女主播、吞精,北条麻妃、つぼみ、小澤マリア、早乙女ルイ,https://www.javbus.com/RCT-168_2025-05-26,
UMSO-598 全裸掃除図鑑65人8時間2枚組,UMSO-598 全裸掃除図鑑65人8時間2枚組,UMSO-598,,2025-05-24,485分鐘,,ケイ・エム・プロデュース,UMANAMI,,其他戀物癖、合集、4小時以上作品、高畫質、巨尻、巨乳、DMM獨家,寺島志保、水元恵梨香、矢吹京子、KAORI、松永さな、藤川れいな、森沢かな（飯岡かなこ）、すなお恵、甘良しずく、羽田つばさ、北条麻妃、澤村レイコ（高坂保奈美、高坂ますみ）、春菜はな、君島みお、波多野結衣、加山なつこ、谷原希美、逢沢るる、水澤りこ、川上ゆう（森野雫）、辛島音瑠、佐々木あき、桜井彩、笹倉杏、村上涼子（中村りかこ、黒木菜穂）、西山あさひ、前園希美、清城ゆき、笹宮えれな、響りん、九条さやか、桜乃ゆいな、葉月美音、吹石れな、神納花、成宮みこと、星野ひびき、小西みか、七草ちとせ、藤下梨花、青木りん、桐島美奈子、羽生アリサ、風間ゆみ、篠田あゆみ、松坂美紀、本間麗花、朝霧ゆう、内山まい、塚田詩織、清塚那奈、小早川怜子、八木あずさ、翔田千里、三喜本のぞみ、真木今日子、音無かおり、葉月奈穂（葉月菜穂）、杏美月、若槻みづな、円城ひとみ、折原ゆかり、一条綺美香、舞野いつき、八束みこと,https://www.javbus.com/UMSO-598,
TOMNVD-012 ねじ伏せる圧倒的征服感100名 寝バックの深～イイッ挿入でポルチオぐりぐりBEST,TOMNVD-012 ねじ伏せる圧倒的征服感100名 寝バックの深～イイッ挿入でポルチオぐりぐりBEST,TOMNVD-012,,2025-05-16,393分鐘,,TEPPAN,TEPPAN,ねじ伏せる圧倒的征服感 寝バック,合集、屁股、花癡、美少女、4小時以上作品、高畫質、バック、DMM獨家,美咲かんな、川菜美鈴、蓮実クレア、青木玲、三浦恵理子、谷原希美、星空もあ、澤村レイコ（高坂保奈美、高坂ますみ）、湊莉久、武藤あやか、有村千佳、波多野結衣、北川エリカ、藤本紫媛、鈴木真夕、篠田あゆみ、通野未帆、風間ゆみ、乙葉ななせ、栄川乃亜、吹石れな、椎名ゆな、加藤ツバキ（夏樹カオル）、北条麻妃、玉木くるみ、千乃あずみ、川上ゆう（森野雫）、堀内秋美、春原未来、艶堂しほり（遠藤しおり）、神納花、香山美桜、折原ほのか、安野由美、卯水咲流、神波多一花、KAORI、南梨央奈、阿部乃みく、紺野ひかる、友田彩也香、水野朝陽、篠田ゆう、AIKA、七草ちとせ、ERIKA（モカ、MOKA）、伊東真緒、なつめ愛莉、森沢かな（飯岡かなこ）、初美沙希,https://www.javbus.com/TOMNVD-012,
JUMS-122 密着セックス BEST SELECTION 16時間 ～中年男と深まる情愛、背徳関係に溺れた人妻たちの総集編～,JUMS-122 密着セックス BEST SELECTION 16時間 ～中年男と深まる情愛、背徳関係に溺れた人妻たちの総集編～,JUMS-122,,2025-05-09,962分鐘,,マドンナ,Madonna,密着セックス,成熟的女人、合集、已婚婦女、高畫質、16時間以上作品、汗だく、DMM獨家,白木優子、佐々木あき、一色桃子、友田真希、遥あやね、青木玲、北条麻妃、澤村レイコ（高坂保奈美、高坂ますみ）、川上奈々美、水戸かな、もちづきる美、希島あいり、山口珠理、白石茉莉奈、木下凛々子、小早川怜子、水野朝陽、三浦恵理子、神宮寺ナオ、妃ひかり,https://www.javbus.com/JUMS-122,
JUMS-123 快感注入やみつきピストンで貞淑マ〇コはぐしょ濡れ！！淡白な夫婦の営みには戻れない、SEX中毒な人妻たち42本番8時間,JUMS-123 快感注入やみつきピストンで貞淑マ〇コはぐしょ濡れ！！淡白な夫婦の営みには戻れない、SEX中毒な人妻たち42本番8時間,JUMS-123,,2025-05-09,481分鐘,,マドンナ,Madonna,,成熟的女人、合集、已婚婦女、通姦、4小時以上作品、高畫質、DMM獨家,愛弓りょう、一乃あおい、市来まひろ、木下凛々子、明里つむぎ、藤森里穂、栗山莉緒、上羽絢、白石茉莉奈、森日向子、神宮寺ナオ、水戸かな、田中ねね、天宮かすみ、篠田ゆう、佐田茉莉子、椎名ゆな、木村玲衣、向井藍、瑶真由香、叶愛、北条麻妃、深田えいみ、岸えま、君塚ひなた、小早川怜子、舞原聖、本田瞳、小松杏、水川スミレ、白花こう,https://www.javbus.com/JUMS-123,
ATKD-389 ATTACKERS PRESENTS レジェンド女優の若かりしあの頃 総集編10時間,ATKD-389 ATTACKERS PRESENTS レジェンド女優の若かりしあの頃 総集編10時間,ATKD-389,,2025-04-25,647分鐘,,アタッカーズ,Attackers BEST,ATTACKERS THE BEST,合集、凌辱、4小時以上作品、高畫質、出軌、戲劇、DMM獨家,向井藍、北条麻妃、大槻ひびき、川上ゆう（森野雫）、風間ゆみ、波多野結衣,https://www.javbus.com/ATKD-389,
JUMS-121 月に一度、最も子宮が疼き出す着床確実の不貞に溺れる人妻達、 危険日カレンダー2025 15時間,JUMS-121 月に一度、最も子宮が疼き出す着床確実の不貞に溺れる人妻達、 危険日カレンダー2025 15時間,JUMS-121,,2025-04-18,932分鐘,,マドンナ,Madonna,,成熟的女人、已婚婦女、中出、4小時以上作品、高畫質、戲劇、DMM獨家,愛弓りょう、藤かんな、椎名ゆな、風間ゆみ、森日向子、広瀬ゆり、向井藍、水戸かな、沖宮那美、木村玲衣、小花のん、北条麻妃、吹石れな、一乃あおい、橘メアリー、叶愛、武藤あやか、明里つむぎ、竹内有紀、栗山莉緒、上羽絢、須崎美羽、沙月ふみの,https://www.javbus.com/JUMS-121,
OOMNVD-008 無防備で艶めかしい美女の着替え 特大ボリューム400分じっくり視姦するBEST 105名,OOMNVD-008 無防備で艶めかしい美女の着替え 特大ボリューム400分じっくり視姦するBEST 105名,OOMNVD-008,,2025-04-18,399分鐘,,ABC/妄想族,お母さん.com（ABC/妄想族）,無防備で艶めかしい美女の着替え,成熟的女人、苗條、其他戀物癖、合集、4小時以上作品、DMM專屬、巨乳、妄想族、DMM獨家,川菜美鈴、篠田あゆみ、波多野結衣、風間ゆみ、高月和花、伊東真緒、矢部寿恵、北嶋あん、篠田ゆう、三浦恵理子、小早川怜子、青山優花、彩奈リナ（七原あかり）、松本まりな、千乃あずみ、青木美空、艶堂しほり（遠藤しおり）、佐々木あき、結城みさ、武藤あやか、堀内秋美、神ユキ、月島ななこ、美月しのぶ、北川エリカ、あかね杏珠、吹石れな、稲川なつめ、時越芙美江、細川まり、小林芽衣（小林メイ）、葉月奈穂（葉月菜穂）、黒木麻衣（花野真衣、SHIHO）、美原咲子、城エレン、鮎川るい、有永すずか、希本なつ美、原望美、藤宮櫻花（眞雪ゆん）、宮崎あい、浅田ちち、橘優花、松下美雪、水野朝陽、黒沢那智、ERIKA（モカ、MOKA）、桜木美央、北堀舞、北条麻妃、松嶋友里恵、冴島かおり、松浦ユキ、藤下梨花,https://www.javbus.com/OOMNVD-008,
JUMS-119 イキたてほやほや敏感チ○ポを咥え込んで離さない！！おしゃぶり中毒奥様たちのお掃除フェラRUSH94連発8時間,JUMS-119 イキたてほやほや敏感チ○ポを咥え込んで離さない！！おしゃぶり中毒奥様たちのお掃除フェラRUSH94連発8時間,JUMS-119,,2025-04-04,481分鐘,,マドンナ,Madonna,,成熟的女人、口交、合集、已婚婦女、4小時以上作品、高畫質、DMM獨家,北条麻妃、神宮寺ナオ、篠田ゆう、風間ゆみ、藤森里穂、叶愛、向井藍、希島あいり、栗山莉緒、市来まひろ、上羽絢、一乃あおい、佐田茉莉子、大島優香、逢見リカ、末広純、小花のん、一色桃子、多田有花、安みなみ、流川はる香、広瀬ひな、日下部加奈、白石茉莉奈、藤かんな、竹内夏希、水端あさみ、白花こう、春菜はな、リリー・ハート、天川そら、小松杏、高坂ニナ、綾瀬麻衣子、よしい美希（伊沢涼子、吉井美希）、長嶋沙央梨、乃木蛍、木下凛々子、水戸かな、愛弓りょう、花沢ひまり、水野朝陽、西村ニーナ、舞原聖、平井栞奈、白木優子、本田瞳,https://www.javbus.com/JUMS-119,
NSFS-371 AIリマスター版究極の寝取られ 妻をあなたに差し上げます 名作永久保存版223分,NSFS-371 AIリマスター版究極の寝取られ 妻をあなたに差し上げます 名作永久保存版223分,NSFS-371,,2025-03-22,223分鐘,ナックル原田,ながえスタイル,ながえSTYLE,,成熟的女人、合集、已婚婦女、高畫質、出軌、戲劇、DMM獨家,川上ゆう（森野雫）、藤宮櫻花（眞雪ゆん）、北条麻妃、若菜あゆみ、佐伯春菜,https://www.javbus.com/NSFS-371,
JUMS-108 人妻がエグい他人棒に腰砕け！！ 大痙攣・大絶頂エビ反りSEX470分 イキまくり101連発,JUMS-108 人妻がエグい他人棒に腰砕け！！ 大痙攣・大絶頂エビ反りSEX470分 イキまくり101連発,JUMS-108,,2025-03-21,471分鐘,,マドンナ,Madonna,,成熟的女人、合集、已婚婦女、4小時以上作品、高畫質、アクメ・オーガズム、DMM獨家,リリー・ハート、愛弓りょう、綾瀬麻衣子、安みなみ、赤井美希、瀬尾礼子、水野優香、水野朝陽、沖宮那美、神宮寺ナオ、多田有花、大石紗季、大島優香、竹内有紀、藤かんな、白木優子、舞羽美翔、風間ゆみ、新井リマ、木下凛々子、上羽絢、松本翔子、平岡里枝子、北条麻妃、流川はる香、葉山さゆり、友田真希、一乃あおい、夏川あゆみ、一色桃子、水戸かな、叶愛、小早川怜子、小花のん、初音みのり、広瀬ゆり、向井藍、月野江すい、月野ゆりね、栗山莉緒、安野由美,https://www.javbus.com/JUMS-108,
JUMS-111 1発では満足できない絶倫ザーメン乱れ撃ち！！ 追撃生ハメで妊娠確定 連射マシンガン中出し 158連発 7時間,JUMS-111 1発では満足できない絶倫ザーメン乱れ撃ち！！ 追撃生ハメで妊娠確定 連射マシンガン中出し 158連発 7時間,JUMS-111,,2025-03-07,428分鐘,,マドンナ,Madonna,,成熟的女人、合集、已婚婦女、中出、4小時以上作品、高畫質、DMM獨家,AIKA、よしい美希（伊沢涼子、吉井美希）、愛弓りょう、安野由美、上羽絢、新村あかり、神宮寺ナオ、水戸かな、水野優香、市川京子、月野ゆりね、叶愛、松本翔子、初川みなみ、夏川うみ、春谷美雨、向井藍、広瀬ゆり、黒川すみれ、佐々木夏菜、沙月ふみの、三浦歩美、実浜みき、一場れいか、一色桃子、藤かんな、白石茉莉奈、多田有花、平岡里枝子、豊崎清香、北条麻妃、木下凛々子、木村玲衣、友田真希、葉山さゆり、東希美、通野未帆、一乃あおい、羽田希、沖宮那美、大石紗季、瀬尾礼子、流田みな実、風間ゆみ、沢田麗奈、竹内有紀、椎名ゆな、日下部加奈,https://www.javbus.com/JUMS-111,
JUMS-109 地元へ帰省した三日間、ずっと思いを寄せていた人妻と時を忘れて愛し合った記録―。永久保存版 16時間,JUMS-109 地元へ帰省した三日間、ずっと思いを寄せていた人妻と時を忘れて愛し合った記録―。永久保存版 16時間,JUMS-109,,2025-02-07,962分鐘,,マドンナ,Madonna,地元へ帰省した三日間、人妻になっていた憧れの○○,成熟的女人、合集、已婚婦女、通姦、高畫質、16時間以上作品、DMM獨家,神宮寺ナオ、水戸かな、白石茉莉奈、愛弓りょう、水野優香、三尾めぐ、小松杏、叶愛、加藤ツバキ（夏樹カオル）、水野朝陽、大島優香、栗山莉緒、希島あいり、向井藍、木下凛々子、北条麻妃、小早川怜子,https://www.javbus.com/JUMS-109,
P-043 【期間限定熟女パック】熟女濃厚レズパック（J99-P043）,P-043 【期間限定熟女パック】熟女濃厚レズパック（J99-P043）,P-043,,2025-02-06,71分鐘,,JUKUJO99,熟女パック,期間限定熟女パック,成熟的女人、放尿、女同性戀、雙性人、高畫質、設置項目、巨乳、DMM獨家、肛交,風間ゆみ、羽生アリサ、北条麻妃、川上ゆう（森野雫）、瀬奈ジュン、桐原あずさ（伊藤あずさ）、森ななこ,https://www.javbus.com/P-043_2025-02-06,
OOMNVD-006 母から息子へ癒しの手コキ…完全受け身でびゅるびゅる射精させられちゃうBEST 65名【授乳手コキ・乳首舐め・密着背面・洗体】,OOMNVD-006 母から息子へ癒しの手コキ…完全受け身でびゅるびゅる射精させられちゃうBEST 65名【授乳手コキ・乳首舐め・密着背面・洗体】,OOMNVD-006,,2025-02-01,290分鐘,,ABC/妄想族,お母さん.com（ABC/妄想族）,,成熟的女人、母親、合集、已婚婦女、4小時以上作品、DMM專屬、妄想族、DMM獨家、打手槍,北条麻妃、風間ゆみ、艶堂しほり（遠藤しおり）、一条綺美香、通野未帆、優月まりな、吹石れな、武藤あやか、佐々木あき、三浦恵理子、霧島さくら、波多野結衣、鈴木真夕、篠田あゆみ、稲川なつめ、花咲いあん、篠田ゆう、春原未来、初美沙希、水野朝陽、大槻ひびき、神波多一花,https://www.javbus.com/OOMNVD-006,
JDL-105 デジタルモザイク4部作 母子交尾5,JDL-105 デジタルモザイク4部作 母子交尾5,JDL-105,,2025-02-01,448分鐘,清水橋健太,ルビー,RUBY,母子交尾,成熟的女人、母親、亂倫、中出、4小時以上作品、高畫質、DMM獨家,北条麻妃、服部圭子、小早川怜子、竹内梨恵,https://www.javbus.com/JDL-105,
MCSR-31601 働くおばさんのエッチな実態！！,MCSR-31601 働くおばさんのエッチな実態！！,MCSR-31601,,2025-01-25,88分鐘,亀ヶ島三郎,いきなりエロざんまい,ドスケベ熟女ch,仕事着のおばさんとSEX,成熟的女人、各種職業、已婚婦女、制服、高畫質,北条麻妃、桜木ゆか、岡田智恵子、秋田富由美,https://www.javbus.com/MCSR-31601,
SVS-083 着衣でバコバコハメまくり脱がない脱がさせない着たまま追い込み絶頂アクメ,SVS-083 着衣でバコバコハメまくり脱がない脱がさせない着たまま追い込み絶頂アクメ,SVS-083,,2025-01-25,241分鐘,,AVS collector’s,AVSCollector’s,,連褲襪、緊身衣、4小時以上作品、高畫質、猥褻穿著、DMM獨家、迷你裙,AIKA、若宮はずき、新村あかり、北条麻妃、北川エリカ、蓮実クレア、メイメイ、藤本紫媛、今藤霧子、一条綺美香、碓氷れん、希のぞみ、春原未来、篠田あゆみ、さつき芽衣、黒川すみれ、卯水咲流、水谷心音（藤崎りお）、松本メイ、宮野ゆかな、福咲れん、三喜本のぞみ、麻生希、水野朝陽、KAORI、春菜はな、佐々木あき、吹石れな、君島みお、風間ゆみ,https://www.javbus.com/SVS-083,
MCSR-58903 奥さん、いつまでもイヤがる素振りしなくていいよ。本当は嬉しいんだろ？,MCSR-58903 奥さん、いつまでもイヤがる素振りしなくていいよ。本当は嬉しいんだろ？,MCSR-58903,,2025-01-25,60分鐘,,いきなりエロざんまい,いきなりエロざんまい,間男に穢される人妻,已婚婦女、高畫質、出軌、巨乳、アクメ・オーガズム,推川ゆうり、羽生アリサ、織田真子、北条麻妃,https://www.javbus.com/MCSR-58903,
JUMS-104 ストリップ劇場で舞う人妻 総集編8時間,JUMS-104 ストリップ劇場で舞う人妻 総集編8時間,JUMS-104,,2025-01-10,481分鐘,,マドンナ,Madonna,ストリップ劇場で舞う人妻,成熟的女人、合集、各種職業、已婚婦女、4小時以上作品、高畫質、DMM獨家,水戸かな、愛弓りょう、北条麻妃、流川はる香、沖宮那美、小花のん、大島優香、藤かんな,https://www.javbus.com/JUMS-104,
VHDX-020 解禁！初HD化作品 まるごと収録BOX 20 13作品 1300分,VHDX-020 解禁！初HD化作品 まるごと収録BOX 20 13作品 1300分,VHDX-020,,2024-12-24,1300分鐘,,VENUS,HDコンプリート,初HD化作品まるごと収録BOX,成熟的女人、已婚婦女、中出、高畫質、DMM專屬、16時間以上作品、設置項目、巨乳、福袋、DMM獨家,新奈ありさ、三浦恵理子、鈴木さとみ、北条麻妃、有村千佳、川上ゆう（森野雫）、菅野さゆき、大橋ひとみ、冴島かおり、森沢かな（飯岡かなこ）、青山葵、杏美月、松嶋友里恵、柳田やよい、秋野千尋,https://www.javbus.com/VHDX-020,
JUMS-103 貞淑マ〇コを奥深くエグり突く！！デカチンの虜になった人妻34人480分,JUMS-103 貞淑マ〇コを奥深くエグり突く！！デカチンの虜になった人妻34人480分,JUMS-103,,2024-12-20,480分鐘,,マドンナ,Madonna,,成熟的女人、合集、已婚婦女、高畫質、デカチン・巨根、DMM獨家,藤かんな、西村ニーナ、夕季ちとせ、友田真希、愛弓りょう、一色桃子、水戸かな、橘メアリー、月野ゆりね、平岡里枝子、流川はる香、安野由美、玉城夏帆、大島優香、北条麻妃、中野真子、多田有花、明里つむぎ、水野優香、上羽絢、沙月ふみの、木村玲衣、木下凛々子、栗山莉緒、沖宮那美、実浜みき、東条実澪、白石茉莉奈、葉山さゆり、佐田茉莉子、松本翔子、赤井美希、風間ゆみ、向井藍,https://www.javbus.com/JUMS-103,
NACX-016 ほろ酔いの部下の嫁がエロ過ぎて…（NACX-016SA1）,NACX-016 ほろ酔いの部下の嫁がエロ過ぎて…（NACX-016SA1）,NACX-016,,2024-12-11,197分鐘,,プラネットプラス,,,成熟的女人、合集、已婚婦女、高畫質、出軌,新堂有望、橘優花、北条麻妃、松坂美紀、峰岸カレン,https://www.javbus.com/NACX-016_2024-12-11,
GQHB-012 【FANZA独占】黒人巨根福袋1421分～イキリ勃つ黒人のデカチ○ポに欲求不満の美熟女発情中！,GQHB-012 【FANZA独占】黒人巨根福袋1421分～イキリ勃つ黒人のデカチ○ポに欲求不満の美熟女発情中！,GQHB-012,,2024-12-06,1422分鐘,,グローリークエスト,GLORY QUEST,,成熟的女人、已婚婦女、多P、高畫質、出軌、16時間以上作品、デカチン・巨根、設置項目、DMM獨家、黑人演員,波多野結衣、紺野ひかる、葵百合香、小早川怜子、澤村レイコ（高坂保奈美、高坂ますみ）、篠田あゆみ、北条麻妃、艶堂しほり（遠藤しおり）、松本まりな、水上由紀恵、桐島美奈子,https://www.javbus.com/GQHB-012,
KSBJ-347 お酒を飲んで高まる性欲！！友人の奥さんとNTR性交8人,KSBJ-347 お酒を飲んで高まる性欲！！友人の奥さんとNTR性交8人,KSBJ-347,,2024-11-30,243分鐘,,KSB企画/エマニエル,,,蕩婦、合集、已婚婦女、高畫質、出軌、エマニエル、DMM獨家,一条綺美香、円城ひとみ、新堂有望、西山あさひ、橘優花、北条麻妃、松坂美紀、峰岸カレン,https://www.javbus.com/KSBJ-347,
MCSR-30403 濡れ濡れのあそこがチンポを飲み込む！,MCSR-30403 濡れ濡れのあそこがチンポを飲み込む！,MCSR-30403,,2024-11-23,71分鐘,亀ヶ島三郎,いきなりエロざんまい,ドスケベ熟女ch,隣の家のおばさんはエロく見える,蕩婦、成熟的女人、已婚婦女、中出、高畫質,竹内梨恵、北条麻妃、藍川京子,https://www.javbus.com/MCSR-30403,
JUMS-100 どれだけイッても満足しない美熟女たちの∞性欲で男の金玉カラッポにする痴女ハーレムSEX480分,JUMS-100 どれだけイッても満足しない美熟女たちの∞性欲で男の金玉カラッポにする痴女ハーレムSEX480分,JUMS-100,,2024-11-22,480分鐘,,マドンナ,Madonna,,蕩婦、成熟的女人、合集、已婚婦女、高畫質、ハーレム、DMM獨家,水戸かな、遥あやね、友田真希、佐々木あき、三浦恵理子、白木優子、風間ゆみ、澤村レイコ（高坂保奈美、高坂ますみ）、吉瀬菜々子、岡江凛、愛弓りょう、吹石れな、日下部加奈、木村玲衣、推川ゆうり、沖宮那美、赤井美希、一色桃子、早川瑞希、並木塔子、北条麻妃、逢見リカ、水川スミレ、篠田ゆう、小花のん、黒川すみれ、末広純、小松杏、七瀬いおり、春菜はな、椎名ゆな、妃ひかり、木下凛々子、藤沢麗央,https://www.javbus.com/JUMS-100,
FUPT-012 【福袋】まるっと！！はだかの主婦11タイトルVOL.02 1355分！！,FUPT-012 【福袋】まるっと！！はだかの主婦11タイトルVOL.02 1355分！！,FUPT-012,,2024-11-20,1370分鐘,,プラネットプラス,まるっと！,裸の主婦,其他戀物癖、已婚婦女、中出、高畫質、16時間以上作品、設置項目、局部特寫,波多野結衣、川上ゆう（森野雫）、小早川怜子、村上涼子（中村りかこ、黒木菜穂）、佐々木あき、北条麻妃、春菜はな、吹石れな、谷原希美、澤村レイコ（高坂保奈美、高坂ますみ）、蓮実クレア,https://www.javbus.com/FUPT-012,
VHDX-017 解禁！初HD化作品 まるごと収録BOX 17 16作品 1420分,VHDX-017 解禁！初HD化作品 まるごと収録BOX 17 16作品 1420分,VHDX-017,,2024-11-12,1448分鐘,,VENUS,HDコンプリート,初HD化作品まるごと収録BOX,成熟的女人、已婚婦女、中出、高畫質、DMM專屬、16時間以上作品、設置項目、巨乳、福袋、DMM獨家,小田切あや、元山はるか、北条麻妃、松浦ユキ、北川美緒、翔田千里、江波りゅう（RYU)、北川エリカ、川上ゆう（森野雫）、結城みさ、愛咲れいら（原千尋）、志保、三浦恵理子、風間ゆみ、葉月奈穂（葉月菜穂）、牧原れい子、今村楓,https://www.javbus.com/VHDX-017,
JUMS-093 チ〇ポがトロけて脳まで届く超快感！！ 発射寸前110秒前、≪厳選≫人妻たちの 極上フェラチオラッシュ258連発8時間,JUMS-093 チ〇ポがトロけて脳まで届く超快感！！ 発射寸前110秒前、≪厳選≫人妻たちの 極上フェラチオラッシュ258連発8時間,JUMS-093,,2024-10-04,480分鐘,,マドンナ,Madonna,,成熟的女人、口交、合集、已婚婦女、高畫質、DMM獨家,篠田ゆう、黒川すみれ、松本いちか、新村あかり、藤森里穂、日下部加奈、白花こう、武藤あやか、舞原聖、北野未奈、本田瞳、花沢ひまり、水野朝陽、九井スナオ、赤井美希、玉城夏帆、小花のん、花柳杏奈、吉根ゆりあ、新井リマ、平岡里枝子、一色桃子、椎名ゆな、藤かんな、月乃ひな、君島みお、大槻ひびき、叶愛、及川うみ、春谷美雨、小松杏、小早川怜子、水端あさみ、綾瀬こころ、綾瀬麻衣子、天海つばさ、リリー・ハート、一場れいか、弥生みづき、永井マリア、清巳れの、沙月ふみの、水川スミレ、安みなみ、よしい美希（伊沢涼子、吉井美希）、AIKA、水野優香、流川はる香、栗山莉緒、大島優香、尾崎えりか、風間ゆみ、吉澤友貴、北条麻妃、愛弓りょう、倉本すみれ、佐田茉莉子、水戸かな、友田真希、ローレン花恋、上羽絢、西村ニーナ、波多野結衣、岬さくら、明里つむぎ、白石茉莉奈、木下凛々子、瀬尾礼子、森沢かな（飯岡かなこ）、花城れん、向井藍、上戸まり、神宮寺ナオ、多田有花、滝ゆいな、末広純、一乃あおい、五日市芽依、藤沢麗央、木村玲衣、橘京花、安野由美、沖宮那美、倉多まお、松本翔子、通野未帆、竹内有紀、橘メアリー、葉山さゆり,https://www.javbus.com/JUMS-093,
VHDX-015 解禁！初HD化作品 まるごと収録BOX 15 30作品 48時間0分,VHDX-015 解禁！初HD化作品 まるごと収録BOX 15 30作品 48時間0分,VHDX-015,,2024-09-28,2966分鐘,,VENUS,HDコンプリート,初HD化作品まるごと収録BOX,成熟的女人、合集、已婚婦女、中出、高畫質、DMM專屬、16時間以上作品、設置項目、巨乳、福袋、DMM獨家,水沢真樹、牧野遥、結城みさ、鈴木さとみ、三浦恵理子、北島玲、宮瀬リコ、星野あかり、黒木いちか（東条かれん）、矢部寿恵、佐藤みき（佐藤美紀、鈴木志帆）、小早川怜子、露木陽子、愛咲れいら（原千尋）、風間ゆみ、北条麻妃、柳田やよい、羽賀そら美、吉野艶子、藤沢芳恵、翔田千里、野間あんな、志保、春原未来、広瀬奈々美（堀口奈津美）、栗咲ユリカ、音無かおり、鏡麗子、伊織涼子、椎名ゆな、原田美奈、江波りゅう（RYU),https://www.javbus.com/VHDX-015,
VHDX-014 解禁！初HD化作品 まるごと収録BOX 14 30作品 46時間40分,VHDX-014 解禁！初HD化作品 まるごと収録BOX 14 30作品 46時間40分,VHDX-014,,2024-09-24,2872分鐘,,VENUS,HDコンプリート,初HD化作品まるごと収録BOX,成熟的女人、合集、已婚婦女、中出、高畫質、DMM專屬、16時間以上作品、設置項目、巨乳、福袋、DMM獨家,青木美空、青木玲、風間ゆみ、鈴木さとみ、矢部寿恵、松本まりな、牧原れい子、北条麻妃、本庄瞳、中森玲子、音無かおり、竹川綾、愛咲れいら（原千尋）、椎名ゆな、青木りん、志保、宮瀬リコ、桐原あずさ（伊藤あずさ）、川上ゆう（森野雫）、鏡麗子、森ななこ、北島玲、翔田千里、小早川怜子、佐藤みき（佐藤美紀、鈴木志帆）、杉本りさ、青山葵、柳田やよい,https://www.javbus.com/VHDX-014,
LZBS-110 絶頂顔を見下ろしながら絶頂する激しめ騎乗レズ性交 厳選ベスト5時間,LZBS-110 絶頂顔を見下ろしながら絶頂する激しめ騎乗レズ性交 厳選ベスト5時間,LZBS-110,,2024-09-21,300分鐘,,レズれ！,レズれ！ ベスト,,玩具、女同性戀、女同接吻、巨乳、アクメ・オーガズム、DMM獨家,松本いちか、美谷朱里、沙月恵奈、花狩まい、深田結梨、麻里梨夏、久留木玲、七瀬ひな、宝田もなみ、大槻ひびき、宝生めい、麻倉ゆあ、佐伯由美香、大浦真奈美、佐藤りこ、八乃つばさ、枢木あおい、加藤ももか、大谷翔子、朝桐光、風間ゆみ、松宮ひすい、有沢実紗、武田エレナ、千種ちな、伊東沙蘭、田原凛花、朝宮涼子、小司あん、円城ひとみ、音無かおり、水元恵梨香、春原未来、蓮実クレア、北条麻妃、黒川すみれ、波多野結衣、本真ゆり、柊木まりな、美波沙耶、内村りな、初芽里奈、小西まりえ、碧しの（篠めぐみ）、野々原なずな、琥珀うた、音海里奈、枢木みかん、篠田あゆみ、卯水咲流、北川エリカ、神納花、黒木いくみ、春風ひかる、小早川怜子、甘乃つばき、加藤ツバキ（夏樹カオル）、玉木くるみ、新村あかり、吉根ゆりあ、美園和花、向井藍、冬愛ことね、梨々花、椎木くるみ、阿部栞菜、尾上若葉、葉月レイラ、朱果、乃南静香、あべみかこ、寺田ここの、彩奈リナ（七原あかり）,https://www.javbus.com/LZBS-110,
VHDX-013 解禁！初HD化作品 まるごと収録BOX 13 30作品 45時間25分,VHDX-013 解禁！初HD化作品 まるごと収録BOX 13 30作品 45時間25分,VHDX-013,,2024-09-10,2794分鐘,,VENUS,HDコンプリート,初HD化作品まるごと収録BOX,成熟的女人、合集、已婚婦女、中出、高畫質、DMM專屬、16時間以上作品、設置項目、巨乳、DMM獨家,北川エリカ、水元ゆうな、加藤ツバキ（夏樹カオル）、鏡麗子、神乃いずみ、志保、北川美緒、安達亜美、桜木莉愛（かじか凛）、宮瀬リコ、桐岡さつき、当真ゆき（桜井マミ）、三浦恵理子、小早川怜子、愛咲れいら（原千尋）、杉本りさ、稲川なつめ、黒木いちか（東条かれん）、青山葵、紫彩乃、北条麻妃、波多野結衣、折原ゆかり、椎名ひかる、遥めぐみ、牧原れい子、本庄瞳,https://www.javbus.com/VHDX-013,
JUMS-087 美熟女と少年が最高潮に燃え滾る年の差セックス30人460分,JUMS-087 美熟女と少年が最高潮に燃え滾る年の差セックス30人460分,JUMS-087,,2024-09-06,460分鐘,,マドンナ,Madonna,燃え上がる年の差セックス,成熟的女人、合集、已婚婦女、通姦、高畫質、DMM獨家,上羽絢、吉根ゆりあ、友田真希、安野由美、佐田茉莉子、平岡里枝子、松本翔子、瀬尾礼子、沖宮那美、愛弓りょう、木下凛々子、玉城夏帆、白石茉莉奈、上戸まり、水戸かな、篠田ゆう、木村玲衣、赤井美希、森沢かな（飯岡かなこ）、武藤あやか、多田有花、藤かんな、一色桃子、北条麻妃、水野優香、大島優香、水野朝陽、風間ゆみ、吹石れな、月野ゆりね、椎名ゆな,https://www.javbus.com/JUMS-087,
VHDX-012 解禁！初HD化作品 まるごと収録BOX 12 30作品 45時間0分,VHDX-012 解禁！初HD化作品 まるごと収録BOX 12 30作品 45時間0分,VHDX-012,,2024-08-27,2772分鐘,,VENUS,HDコンプリート,初HD化作品まるごと収録BOX,成熟的女人、合集、已婚婦女、中出、高畫質、DMM專屬、16時間以上作品、設置項目、巨乳、福袋、DMM獨家,杏美月、青木美空、中森玲子、長澤あずさ、高梨あゆみ、神乃いずみ、北条麻妃、結城みさ、山本美和子、村上涼子（中村りかこ、黒木菜穂）、芹沢恋、野原もも、持田夏樹、椎名ゆな、竹川綾、伊織涼子、佐藤みき（佐藤美紀、鈴木志帆）、安達亜美、北川美緒、青木りん、葉月奈穂（葉月菜穂）、志保、牧原れい子、森ななこ、水元ゆうな、翔田千里,https://www.javbus.com/VHDX-012,
JUMS-086 マドンナ専属女優が選んだ 私のマ〇コが最高潮に疼いたセックスベスト26選 480分,JUMS-086 マドンナ専属女優が選んだ 私のマ〇コが最高潮に疼いたセックスベスト26選 480分,JUMS-086,,2024-08-23,480分鐘,,マドンナ,Madonna,,企畫、成熟的女人、合集、已婚婦女、高畫質、DMM獨家,風間ゆみ、木下凛々子、椎名ゆな、北条麻妃、流川はる香、神宮寺ナオ、向井藍、武藤あやか、白石茉莉奈、日下部加奈、葉山さゆり、沖宮那美、佐田茉莉子、叶愛、大島優香、一色桃子、水戸かな、愛弓りょう、多田有花、上羽絢、水野優香、栗山莉緒、藤かんな、一乃あおい、友田真希、瀬尾礼子,https://www.javbus.com/JUMS-086,
KRG-034 友だちのお母さんに誘惑されて2,KRG-034 友だちのお母さんに誘惑されて2,KRG-034,,2026-10-08,241分鐘,,SIGMA,SIGMA,友だちのお母さんに誘惑されて,成熟的女人、合集、已婚婦女、4小時以上作品、高畫質,北条麻妃、手塚みや、藤下梨花、矢代美智代、江口ともよ、伊織涼子、紫彩乃、桐島秋子、与田明子、美月潤,https://www.javbus.com/KRG-034,
KRG-030 ねぇワタシとレズしてみない！？キレイなおねえさんが街で暇そうにしている女の子をレズナンパ！その場でお持ち帰り濃厚レズプレイで素人女子を堕とす！！,KRG-030 ねぇワタシとレズしてみない！？キレイなおねえさんが街で暇そうにしている女の子をレズナンパ！その場でお持ち帰り濃厚レズプレイで素人女子を堕とす！！,KRG-030,,2026-10-07,240分鐘,,SIGMA,SIGMA,ねぇワタシとレズしてみない！？,成熟的女人、合集、已婚婦女、4小時以上作品、高畫質,翔田千里、悠月アイシャ、羽月希、北条麻妃、平清香、北川エリカ、さくらみゆき、加藤ツバキ（夏樹カオル）、山口優香、卯水咲流、片瀬仁美、佐伯音羽、黒川珠美、竹内梨恵、優木なお、京野美麗、深沢さやか,https://www.javbus.com/KRG-030,
ACEC-006 【AIリマスター版】Shake Body Collection Ver.6,ACEC-006 【AIリマスター版】Shake Body Collection Ver.6,ACEC-006,,2026-10-06,242分鐘,渡辺琢斗,AVS collector’s,AVS collector’s AIリマスター,Shake Body,其他戀物癖、合集、連褲襪、緊身衣、4小時以上作品、高畫質、猥褻穿著、DMM獨家,羽月希、北条麻妃、音無かおり、山本美和子、小早川怜子,https://www.javbus.com/ACEC-006_2026-10-06,
KRG-005 若くて硬いチ○ポが恋しくて旦那の居ぬ間にご近所不倫にハマる人妻,KRG-005 若くて硬いチ○ポが恋しくて旦那の居ぬ間にご近所不倫にハマる人妻,KRG-005,,2026-10-03,242分鐘,,SIGMA,SIGMA,,成熟的女人、合集、已婚婦女、4小時以上作品、高畫質,広瀬奈々美（堀口奈津美）、町村あんな、北条麻妃、西野エリカ、矢部寿恵、北原夏美、椿かなり、内村りな、大森涼子、水元恵梨香,https://www.javbus.com/KRG-005,
JUMS-085 息子の友人ともう5年間、セフレ関係を続けています―。 マドンナが誇る濃密な世界観―。傑作ドラマ コレクション,JUMS-085 息子の友人ともう5年間、セフレ関係を続けています―。 マドンナが誇る濃密な世界観―。傑作ドラマ コレクション,JUMS-085,,2024-08-09,480分鐘,,マドンナ,Madonna,息子の友人ともう5年間、セフレ関係を続けています─。,成熟的女人、已婚婦女、高畫質、戲劇、女優ベスト・総集編、DMM獨家,白石茉莉奈、水戸かな、多田有花、東条実澪、北条麻妃、松本翔子,https://www.javbus.com/JUMS-085,
UMSO-201 徹底攻略！女体観察45人227分,UMSO-201 徹底攻略！女体観察45人227分,UMSO-201,,2024-08-07,227分鐘,,ケイ・エム・プロデュース,UMANAMI,,其他戀物癖、合集、乳房、高畫質、巨乳、DMM獨家,逢沢るる、青木りん、雨宮ののか、綾瀬ゆい、九条さやか、桜井彩、桜乃ゆいな、佐々木あき、笹倉杏、笹宮えれな、白石りん、すなお恵、斉藤みゆ、小泉まり、来栖ちゃこ、北川エリカ、辛島音瑠、加山なつこ、神納花、KAORI、一条綺美香、清城ゆき、聖菜アリサ、谷原希美、藤川れいな、北条麻妃、舞野いつき、前園希美、水澤りこ、村上涼子（中村りかこ、黒木菜穂）、優月まりな、若槻みづな、西村ニーナ、吹石れな、響りん、永原まい、夏海花凛、成宮はるあ、西川りおん、西野杏子、西山あさひ、萩原奈々、葉月美音、春菜はな、高嶋ゆいか,https://www.javbus.com/UMSO-201_2024-08-07,
JDL-100 デジタルモザイク5部作 親友の母,JDL-100 デジタルモザイク5部作 親友の母,JDL-100,,2024-08-03,476分鐘,清水橋健太,ルビー,RUBY,,成熟的女人、母親、已婚婦女、中出、DMM獨家,風間ゆみ、桐島秋子、藤沢芳恵、里中亜矢子、北条麻妃,https://www.javbus.com/JDL-100,
JUMS-078 Madonna美熟女SEXカレンダー2024 15時間,JUMS-078 Madonna美熟女SEXカレンダー2024 15時間,JUMS-078,,2024-07-26,930分鐘,,マドンナ,Madonna,,成熟的女人、合集、已婚婦女、通姦、高畫質、DMM獨家,椎名ゆな、葉山さゆり、吉澤友貴、木村玲衣、橘メアリー、一乃あおい、友田真希、風間ゆみ、愛弓りょう、日下部加奈、沖宮那美、神宮寺ナオ、赤井美希、竹内有紀、栗山莉緒、上羽絢、木下凛々子、一色桃子、佐田茉莉子、白石茉莉奈、篠田ゆう、明里つむぎ、沙月ふみの、小花のん、水野優香、向井藍、流川はる香、水戸かな、北条麻妃、藤かんな,https://www.javbus.com/JUMS-078,
JUMS-083 パイパンでしか抜いた事ない男たち集合～！！恥じらいながら他人棒を受け挿れる人妻のフサフサマ〇コの良さ見たくない？知りたくない？ 天然ものの剛毛マ〇コに無理やりどぴゅっと中出し8時間,JUMS-083 パイパンでしか抜いた事ない男たち集合～！！恥じらいながら他人棒を受け挿れる人妻のフサフサマ〇コの良さ見たくない？知りたくない？ 天然ものの剛毛マ〇コに無理やりどぴゅっと中出し8時間,JUMS-083,,2024-07-19,480分鐘,,マドンナ,Madonna,,成熟的女人、已婚婦女、中出、高畫質、女優ベスト・総集編、DMM獨家,上羽絢、北条麻妃、白石茉莉奈、流川はる香、日下部加奈、倉多まお、谷原希美、加藤ツバキ（夏樹カオル）、高坂ニナ、長嶋沙央梨、由愛可奈、夏川うみ、初音みのり、神宮寺ナオ、一乃あおい、椎名ゆな、篠田ゆう、澤村レイコ（高坂保奈美、高坂ますみ）、平岡里枝子、瀬尾礼子、友田真希、希島あいり、向井藍、水野朝陽、岡江凛、倉本すみれ,https://www.javbus.com/JUMS-083,
VHDX-009 解禁！初HD化作品 まるごと収録BOX 9 30作品 45時間10分,VHDX-009 解禁！初HD化作品 まるごと収録BOX 9 30作品 45時間10分,VHDX-009,,2024-07-09,2783分鐘,,VENUS,HDコンプリート,初HD化作品まるごと収録BOX,成熟的女人、合集、已婚婦女、中出、高畫質、DMM專屬、16時間以上作品、設置項目、巨乳、福袋、DMM獨家,佐藤みき（佐藤美紀、鈴木志帆）、村上涼子（中村りかこ、黒木菜穂）、北条麻妃、矢部寿恵、伊織涼子、小坂めぐる、青木玲、長澤あずさ、桐岡さつき、結城みさ、羽月希、芦名未帆（稲森しほり）、中森玲子、鏡麗子、青木りん、風間ゆみ、鈴木さとみ、石倉えいみ、細川まり、椎名ゆな、木下若菜、北川瞳、広瀬奈々美（堀口奈津美）、柳田やよい、加山なつこ,https://www.javbus.com/VHDX-009,
BDAM-003 絶体絶命女捜査官 2 拷問される女たち 媚薬でイカされまくり、縛られて嬲られる美しき捜査官たち…,BDAM-003 絶体絶命女捜査官 2 拷問される女たち 媚薬でイカされまくり、縛られて嬲られる美しき捜査官たち…,BDAM-003,,2024-06-30,270分鐘,,バミューダ/妄想族,バミューダ/妄想族,絶体絶命女捜査官,紧缚、粗暴、中出、4小時以上作品、高畫質、折磨、黑暗系統、妄想族、DMM獨家,篠田あゆみ、仁美まどか、飯島くうが、北条麻妃、花咲いあん、卯水咲流、神納花、吹石れな,https://www.javbus.com/BDAM-003,
VHDX-008 解禁！初HD化作品 まるごと収録BOX 8 30作品 44時間35分,VHDX-008 解禁！初HD化作品 まるごと収録BOX 8 30作品 44時間35分,VHDX-008,,2024-06-25,2737分鐘,,VENUS,HDコンプリート,初HD化作品まるごと収録BOX,成熟的女人、合集、已婚婦女、中出、高畫質、DMM專屬、16時間以上作品、設置項目、巨乳、DMM獨家,仁科百華、青木玲、芦名未帆（稲森しほり）、村上涼子（中村りかこ、黒木菜穂）、浅倉彩音、鈴木さとみ、広瀬奈々美（堀口奈津美）、あずみ恋、牧原れい子、沢村麻耶、伊織涼子、細川まり、水元ゆうな、羽月希、森ななこ、佐藤みき（佐藤美紀、鈴木志帆）、青木りん、長谷川美紅、鈴音りおな、波多野結衣、結城みさ、志村玲子、早乙女ルイ、北条麻妃、川上ゆう（森野雫）,https://www.javbus.com/VHDX-008,
VHDX-007 解禁！初HD化作品 まるごと収録BOX 7 30作品 42時間55分,VHDX-007 解禁！初HD化作品 まるごと収録BOX 7 30作品 42時間55分,VHDX-007,,2024-06-11,2647分鐘,,VENUS,HDコンプリート,,成熟的女人、合集、已婚婦女、中出、高畫質、DMM專屬、16時間以上作品、設置項目、巨乳、DMM獨家,中森玲子、雨宮真貴、芹沢恋、紫彩乃、沢村麻耶、桐岡さつき、星野あかり、小出遥、JULIA、伊織涼子、小林里穂、荒木瞳、葉月奈穂（葉月菜穂）、優木明日花、鈴音りおな、佐藤みき（佐藤美紀、鈴木志帆）、北条麻妃、牧原れい子、川上ゆう（森野雫）、波多野結衣、長谷川美紅、松すみれ、藤咲沙耶、加山なつこ,https://www.javbus.com/VHDX-007,
RBB-286 女の子多数と男1人の幸せすぎるよりどりハーレムタイム8時間 もうチ○ポがもちませーーーん！！！（RBB-286）,RBB-286 女の子多数と男1人の幸せすぎるよりどりハーレムタイム8時間 もうチ○ポがもちませーーーん！！！（RBB-286）,RBB-286,,2024-06-07,480分鐘,,ROOKIE,ROOKIE,ROOKIEベスト,濫交、合集、中出、高畫質、ハーレム、巨乳、DMM獨家,篠田ゆう、枢木あおい、深田えいみ、天海つばさ、姫咲はな、有岡みう、水原みその、浜崎真緒、小松杏、推川ゆうり、月乃ルナ、堀北わん、水川スミレ、有坂深雪、森日向子、河南実里、並木塔子、北条麻妃、若宮はずき、北野未奈、倉本すみれ、花沢ひまり、百瀬あすか、山岸逢花、伊藤舞雪、月見伊織、野咲美桜、田中ねね、川北メイサ、小花のん、蜜美杏、乙アリス、水戸かな、蓮実クレア、波多野結衣、伊賀まこ、椎名そら、葵つかさ、三上悠亜、七瀬ひな、向井藍、通野未帆、奥田咲、鷲尾めい、舞原聖、久留木玲、夏希まろん、ひなたまりん、乃木蛍、阿部乃みく、架乃ゆら、坂道みる、美谷朱里、秋山祥子、羽咲みはる、AIKA、渚みつき、天使もえ、藤森里穂、稲場るか、椿りか、辻井ほのか、あべみかこ、丘えりな、奏音かのん、松本いちか、橋本ありな、筧ジュン,https://www.javbus.com/RBB-286,
VHDX-006 【HD版・初配信】 VENUS15周年記念 解禁！初HD化作品 まるごと収録BOX 6 30作品 42時間15分,VHDX-006 【HD版・初配信】 VENUS15周年記念 解禁！初HD化作品 まるごと収録BOX 6 30作品 42時間15分,VHDX-006,,2024-05-28,2582分鐘,,VENUS,HDコンプリート,初HD化作品まるごと収録BOX,成熟的女人、合集、已婚婦女、中出、高畫質、DMM專屬、16時間以上作品、設置項目、巨乳、DMM獨家,長澤あずさ、村上涼子（中村りかこ、黒木菜穂）、鈴木さとみ、水元ゆうな、はるか悠、長谷川美紅、森ななこ、橘慶子、石原こと、音羽レオン、北条麻妃、阿利希キリア（阿利希カレラ）、柳田やよい、高島恭子、伊織涼子、風間ゆみ、星野あかり、北原夏美、沢渡紗織、加山なつこ、桐岡さつき、山口玲子、芹沢恋、佐藤みき（佐藤美紀、鈴木志帆）、松すみれ,https://www.javbus.com/VHDX-006,
MCSR-563 理想の愛人が、乱れ、悶え、イキ狂う 濃密な2人だけの空間 ヒストリーオブ不倫旅行4,MCSR-563 理想の愛人が、乱れ、悶え、イキ狂う 濃密な2人だけの空間 ヒストリーオブ不倫旅行4,MCSR-563,,2024-05-25,300分鐘,金子次郎,ビッグモーカル,マスカット,ヒストリーオブ不倫旅行,和服・喪服、已婚婦女、通姦、中出、4小時以上作品、高畫質、巨乳,小峰ひなた、星咲優菜、星あんず、北川エリカ、瀬戸すみれ、西條るり、希咲あや、菅野さゆき、大塚れん、青葉優香、平山こずえ、北条麻妃、すずきりりか、朝桐光、福元美砂恵（仲間麗奈）、原千草、新山かえで、本庄瞳、西条沙羅、妃乃ひかり、浜崎真緒、本真ゆり、倉多まお、篠田ゆう,https://www.javbus.com/MCSR-563,
NASK-062 衝撃の人妻レ●プ 驚愕の白昼強●劇！！ 凶悪男に犯●れ悶え泣く女たち 7人4時間,NASK-062 衝撃の人妻レ●プ 驚愕の白昼強●劇！！ 凶悪男に犯●れ悶え泣く女たち 7人4時間,NASK-062,,2024-05-11,241分鐘,,なでしこ,Nadeshiko,,成熟的女人、合集、凌辱、4小時以上作品、高畫質、DMM獨家,北条麻妃、中森玲子、雪野ひかり、音無かおり、寺崎泉、北谷静香、高沢沙耶,https://www.javbus.com/NASK-062,
CADV-899 美し過ぎる裸体を晒す美魔女SEX8時間,CADV-899 美し過ぎる裸体を晒す美魔女SEX8時間,CADV-899,,2024-05-11,479分鐘,,クリスタル映像,CRYSTAL EX,,蕩婦、苗條、潮吹、合集、無毛、淫語、已婚婦女、通姦、乳房、中出、4小時以上作品、女優按摩棒、出軌、顏面騎乘、顏射、處男、温泉、巨尻、巨乳、DMM獨家、自慰,君島みお、白井ユリ、工藤まなみ、ののか、夏希のあ、佐々木あき、北条麻妃、本田瞳、若宮はずき、艶堂しほり（遠藤しおり）、華月さくら、並木塔子、一松愛梨、成澤ひなみ、水元恵梨香、森ほたる,https://www.javbus.com/CADV-899,
JUMS-073 人妻の喉マ〇コと膣奥を掻き乱す串刺し乱交BEST8時間,JUMS-073 人妻の喉マ〇コと膣奥を掻き乱す串刺し乱交BEST8時間,JUMS-073,,2024-05-10,480分鐘,,マドンナ,Madonna,,成熟的女人、濫交、合集、已婚婦女、中出、高畫質、DMM獨家,佐田茉莉子、椎名ゆな、上羽絢、安野由美、神宮寺ナオ、葉山さゆり、水野優香、大島優香、竹内有紀、北条麻妃、水戸かな、一色桃子、白石茉莉奈、橘メアリー、流川はる香、明里つむぎ、多田有花、栗山莉緒、瀬尾礼子、平岡里枝子、藤かんな、玉城夏帆、沖宮那美、吉澤友貴、向井藍、一乃あおい、森沢かな（飯岡かなこ）、木下凛々子、須崎美羽,https://www.javbus.com/JUMS-073,
J99-P008 【期間限定熟女パック】熟女濃厚レズパック,J99-P008 【期間限定熟女パック】熟女濃厚レズパック,J99-P008,,2024-05-01,76分鐘,,JUKUJO99,熟女パック,期間限定熟女パック,成熟的女人、OL、放尿、女同性戀、女同接吻、高畫質、巨乳、DMM獨家,友田真希、風間ゆみ、北条麻妃、川上ゆう（森野雫）、葉山りん、森下美緒,https://www.javbus.com/J99-P008,
UMSO-544 スレンダーなのに巨乳の人妻が全身くねらせビックンビックンVOL.05,UMSO-544 スレンダーなのに巨乳の人妻が全身くねらせビックンビックンVOL.05,UMSO-544,,2024-04-20,241分鐘,,ケイ・エム・プロデュース,UMANAMI,スレンダーなのに巨乳の人妻が全身くねらせビックンビックン,苗條、合集、已婚婦女、戀乳癖、4小時以上作品、高畫質、DMM獨家,北条麻妃、小早川怜子、黒川すみれ、緑川みやび、浜崎真緒、大槻ひびき、鈴木さとみ、宝生リリー,https://www.javbus.com/UMSO-544,
FUPT-006 【福袋】まるっと！！細腰美熟女20タイトル2703分！！,FUPT-006 【福袋】まるっと！！細腰美熟女20タイトル2703分！！,FUPT-006,,2024-04-18,2700分鐘,,プラネットプラス,まるっと！,,成熟的女人、苗條、已婚婦女、乳房、高畫質、16時間以上作品,本庄瞳、井上綾子、堀内秋美、佐々木あき、森下美緒、冴君麻衣子、麻生千春、二宮和香、七海ひさ代、峰岸カレン、神波多一花、神納花、青木玲、滝本エレナ、武藤あやか、北条麻妃、平岡里枝子、清城ゆき、葵紫穂、上原千佳,https://www.javbus.com/FUPT-006,
JUMS-069 息子の友達の制御不能な絶倫交尾でイカされ続けて… 総集編8時間（JUMS-069）,JUMS-069 息子の友達の制御不能な絶倫交尾でイカされ続けて… 総集編8時間（JUMS-069）,JUMS-069,,2024-04-05,480分鐘,,マドンナ,Madonna,息子の友達の制御不能な絶倫交尾でイカされ続けて…,成熟的女人、合集、已婚婦女、通姦、高畫質、DMM獨家,向井藍、篠田ゆう、大島優香、赤井美希、愛弓りょう、木下凛々子、北条麻妃、安みなみ,https://www.javbus.com/JUMS-069,
NACX-137 スレンダー巨乳美女中出しBEST14人,NACX-137 スレンダー巨乳美女中出しBEST14人,NACX-137,,2024-04-05,244分鐘,,プラネットプラス,七狗留,,苗條、合集、中出、4小時以上作品、高畫質、巨乳,小花のん、大槻ひびき、結城りの、飛鳥りいな、宝生リリー、黒川すみれ、緑川みやび、辻井ほのか、AIKA、黒川サリナ、倉多まお、小早川怜子、若菜奈央、北条麻妃,https://www.javbus.com/NACX-137,
RBFB-004 【ゴールデン福袋】妖艶 熟女レズビアン 人気タイトル15作品ノーカット収録！1623分,RBFB-004 【ゴールデン福袋】妖艶 熟女レズビアン 人気タイトル15作品ノーカット収録！1623分,RBFB-004,,2024-04-05,1623分鐘,,ルビー,黒百合,熟女レズ,成熟的女人、女同性戀、已婚婦女、高畫質、戲劇、16時間以上作品、設置項目、福袋、DMM獨家,大槻ひびき、加藤あやの、真矢みつき、北条麻妃、松坂美紀、倉本雪音、KAORI、有馬かれん、卯水咲流、東條麗美、真木今日子、成澤ひなみ、藤澤美織、篠宮千明、安野由美、新井由紀、島津かおる、山瀬美紀、竹内梨恵、風間ゆみ、今藤霧子、成宮いろは、神納花、坂本なつ歩、月島さくら、片岡なぎさ、白山葉子、井上綾子、新尾きり子、艶堂しほり（遠藤しおり）、高城彩,https://www.javbus.com/RBFB-004,
SAN-233 もしもレジェンド女優がレズビアンになったらPART1 240分,SAN-233 もしもレジェンド女優がレズビアンになったらPART1 240分,SAN-233,,2024-03-31,240分鐘,,マザー,マザー（マザー）,,女同性戀、合集、女同接吻、高畫質、巨乳、ディルド,波多野結衣、桜井あゆ、北条麻妃、友田彩也香,https://www.javbus.com/SAN-233_2024-03-31,
FKBD-011 【福袋】脅迫スイートルーム33時間！Vol.3 シリーズ18タイトルまるごと2036分収録！ドMインテリ美女19名,FKBD-011 【福袋】脅迫スイートルーム33時間！Vol.3 シリーズ18タイトルまるごと2036分収録！ドMインテリ美女19名,FKBD-011,,2024-03-15,2032分鐘,,ドリームチケット,,WAAPグループ福袋,合集、多P、深喉、粗暴、高畫質、16時間以上作品、福袋,大浦真奈美、亜希菜、富田優衣、卯水咲流、綾瀬メグ、神納花、葵百合香、大場ゆい、高梨あゆみ、松野ゆい、澤村レイコ（高坂保奈美、高坂ますみ）、藤崎エリナ、北条麻妃、舞咲みくに、風間ゆみ、みおり舞、美波さら、広瀬奈々美（堀口奈津美）,https://www.javbus.com/FKBD-011,
VHDX-001 【HD版・初配信】 VENUS15周年記念 解禁！初HD化作品まるごと収録BOX 1 28作品 39時間,VHDX-001 【HD版・初配信】 VENUS15周年記念 解禁！初HD化作品まるごと収録BOX 1 28作品 39時間,VHDX-001,,2024-03-05,2405分鐘,,VENUS,HDコンプリート,,成熟的女人、合集、已婚婦女、中出、高畫質、DMM專屬、16時間以上作品、設置項目、巨乳、DMM獨家,桜庭怜香、吉岡奈々子、佐藤みき（佐藤美紀、鈴木志帆）、澤村レイコ（高坂保奈美、高坂ますみ）、村上涼子（中村りかこ、黒木菜穂）、艶堂しほり（遠藤しおり）、翔田千里、北原夏美、浅倉彩音、山湧ちさと、柳田やよい、根元純、滝川絵理子、白鳥美鈴、白川ゆり、桜みちる、細川まり、原小雪、長谷川美紅、橘エレナ、凛音涼子、香坂菫、北条麻妃、若林ひかる、鈴香音色,https://www.javbus.com/VHDX-001,
JUMS-061 愛する夫の為に、身代わり週末肉便器。総集編8時間,JUMS-061 愛する夫の為に、身代わり週末肉便器。総集編8時間,JUMS-061,,2024-02-23,480分鐘,,マドンナ,Madonna,愛する夫の為に、身代わり週末肉便器。,成熟的女人、合集、已婚婦女、高畫質、DMM獨家,水戸かな、愛弓りょう、上羽絢、白石茉莉奈、大島優香、風間ゆみ、北条麻妃、流川はる香,https://www.javbus.com/JUMS-061,
SDMT-157-AI 【 AI リマスター版 】少年野球を応援するママは息子のお友達に夢中,SDMT-157-AI 【 AI リマスター版 】少年野球を応援するママは息子のお友達に夢中,SDMT-157-AI,,2024-02-20,132分鐘,よーすけ,SODクリエイト,SODクリエイト,,成熟的女人、濫交,村上涼子(中村りかこ、黒木菜穂)、北条麻妃、結城みさ,https://www.javbus.com/SDMT-157-AI,
PPBX-002 もしも…シリーズ4枚組スペシャルBOX,PPBX-002 もしも…シリーズ4枚組スペシャルBOX,PPBX-002,,2024-02-20,504分鐘,,プラネットプラス,プラネットBOX,もしも…○○が○○だったら…。,成熟的女人、已婚婦女、通姦、中出、4小時以上作品、高畫質,羽月希、佐々木あき、北条麻妃、吹石れな,https://www.javbus.com/PPBX-002,
SDMT-157 【 AI リマスター版 】少年野球を応援するママは息子のお友達に夢中,SDMT-157 【 AI リマスター版 】少年野球を応援するママは息子のお友達に夢中,SDMT-157,,2024-02-20,133分鐘,よーすけ,SODクリエイト,SODクリエイト,AIリマスター（SODクリエイト）,成熟的女人、濫交、母親、經典、高畫質、處男,北条麻妃、結城みさ、村上涼子（中村りかこ、黒木菜穂）,https://www.javbus.com/SDMT-157_2024-02-20,
JUMS-055 数限りない肉棒に掻き回される快楽。輪●‘沼’にドロ堕ちする人妻たち 12時間,JUMS-055 数限りない肉棒に掻き回される快楽。輪●‘沼’にドロ堕ちする人妻たち 12時間,JUMS-055,,2024-01-05,720分鐘,,マドンナ,Madonna,,成熟的女人、合集、已婚婦女、高畫質、DMM獨家,友田真希、愛弓りょう、栗山莉緒、木下凛々子、青木玲、リリー・ハート、石原希望、叶愛、神宮寺ナオ、白石茉莉奈、北条麻妃、水戸かな、根尾あかり、倉多まお、一色桃子、風間ゆみ、藤かんな、篠田ゆう、上羽絢、水野朝陽、平岡里枝子、向井藍、本田瞳、澤村レイコ（高坂保奈美、高坂ますみ）、白木優子、佐田茉莉子、三尾めぐ、末広純、日下部加奈、長嶋沙央梨、安みなみ,https://www.javbus.com/JUMS-055,
NACX-051 お尻を突き出すポーズがエロすぎる！後背位ばかりの動画集48人,NACX-051 お尻を突き出すポーズがエロすぎる！後背位ばかりの動画集48人,NACX-051,,2023-12-25,232分鐘,,プラネットプラス,七狗留,お尻を突き出すポーズがエロすぎる！,成熟的女人、其他戀物癖、合集、高畫質、巨尻、巨乳,青木りん、成宮はるあ、KAORI、西山あさひ、前園希美、折原ほのか、安達メイ、水澤りこ、桜乃ゆいな、神波多一花、峰岸カレン、ERIKA（モカ、MOKA）、城崎桐子、寺島志保、藤白桃羽、九条さやか、村上涼子（中村りかこ、黒木菜穂）、笹倉杏、彩奈リナ（七原あかり）、佐々木あき、真木今日子、北条麻妃、塚田詩織、鈴木真夕、佐知子、新垣智江、円城ひとみ、井上綾子、高城彩、北山早妃、泉朱音、笹宮えれな、沙原さゆ、高司奏、雪染ちな、倉多まお、水城奈緒、安野由美、通野未帆、川上ゆう（森野雫）、浅美結花、とみの伊織、成宮いろは、冴君麻衣子、森下美緒、上島美都子、葵紫穂、すなお恵,https://www.javbus.com/NACX-051_2023-12-25,
NACX-049 魅惑のボディで全力運動！全裸エクササイズ60人,NACX-049 魅惑のボディで全力運動！全裸エクササイズ60人,NACX-049,,2023-12-25,451分鐘,,プラネットプラス,七狗留,魅惑のボディで全力運動,其他戀物癖、合集、乳房、4小時以上作品、高畫質、巨乳,響りん、青木りん、朝霧ゆう、清塚那奈、折原ゆかり、桜井彩、吹石れな、KAORI、折原ほのか、優月まりな、佐々木あき、風間ゆみ、小西みか、谷原希美、笹倉杏、篠田あゆみ、桐島美奈子、若菜奈央、春菜はな、一条綺美香、杏美月、八束みこと、江上しほ、円城ひとみ、神納花、大橋ひとみ、音無かおり、後藤里香、七草ちとせ、星野ひびき、加山なつこ、本間麗花、君島みお、北条麻妃、松坂美紀、森沢かな（飯岡かなこ）、堀内秋美、三喜本のぞみ、澤村レイコ（高坂保奈美、高坂ますみ）、前園希美、ましろ杏、真木今日子、八木あずさ、村上涼子（中村りかこ、黒木菜穂）、羽生アリサ、西村ニーナ、潮見百合子、篠田ゆう、成宮みこと、塚田詩織、霧島さくら、翔田千里、葉月奈穂（葉月菜穂）、舞野いつき、高嶋ゆいか、七海ひさ代、波多野結衣、西山あさひ、藤下梨花、蓮実クレア,https://www.javbus.com/NACX-049_2023-12-25,
BDSR-512 おい！そこのマン毛！！俺を誘ってるだろ！？剛毛マン毛ボーボードスケベ挑発！！濡れ蒸れの絶対領域展開！,BDSR-512 おい！そこのマン毛！！俺を誘ってるだろ！？剛毛マン毛ボーボードスケベ挑発！！濡れ蒸れの絶対領域展開！,BDSR-512,,2023-12-23,480分鐘,メカテス武田,ビッグモーカル,ビッグモーカル,マン毛がいやらしい人妻たち,其他戀物癖、已婚婦女、中出、4小時以上作品、高畫質、巨乳,大島あいる、福元美砂恵（仲間麗奈）、本庄瞳、新山かえで、町村小夜子、北条麻妃、江上しほ、若槻みづな、霧島さくら、妃乃ひかり、吉川あいみ、橘慶子、長澤あずさ、三浦恵理子、伊織涼子、麻生岬、天海ゆり、橘エレナ、高倉ゆきの、高島恭子、柳田やよい、五十嵐しのぶ、坂上友香、芹沢恋、浜崎真緒、はるか悠、川上ゆう（森野雫）、早見るり、望月加奈（松沢真理）、鈴木さとみ、澤村レイコ（高坂保奈美、高坂ますみ）、水嶋あずみ、翔田千里、石倉えいみ、星野声奈、榊なち、青山ゆい、西川りおん、西条沙羅、園田ユリア、黒沢那智、若槻尚美、松浦ユキ、真鍋里美、真木今日子、神納花、羽月希、水城奈緒、星野あかり、杉原えり,https://www.javbus.com/BDSR-512,
JUMS-049 「ねぇ？あなた、本当に童貞なの？」 童貞詐欺にイカされ続けた人妻 Precious Best 16時間,JUMS-049 「ねぇ？あなた、本当に童貞なの？」 童貞詐欺にイカされ続けた人妻 Precious Best 16時間,JUMS-049,,2023-12-08,960分鐘,,マドンナ,Madonna,「ねぇ？あなた、本当に童貞なの？」～童貞詐欺にイカされ続けた人妻～,成熟的女人、已婚婦女、高畫質、女優ベスト・総集編、巨乳、DMM獨家,友田真希、木下凛々子、一色桃子、白石茉莉奈、もちづきる美、叶愛、水野朝陽、谷原希美、岡江凛、山口珠理、白木優子、青木玲、風間ゆみ、大島優香、北条麻妃、綾瀬麻衣子,https://www.javbus.com/JUMS-049,
CVDA-029 親戚のおばさん Complete SP2 10作品14時間15分,CVDA-029 親戚のおばさん Complete SP2 10作品14時間15分,CVDA-029,,2023-12-07,879分鐘,,センタービレッジ,大人になったらセンタービレッジ。,親戚のおばさん,成熟的女人、合集、已婚婦女、中出、4小時以上作品、高畫質,畑中美雪、牧原れい子、坂口恵子、大竹かずよ、美山蘭子、川嶋菜緒、富樫まり子、北条麻妃、東条百合子、高倉梨奈,https://www.javbus.com/CVDA-029,
JUMS-047 出張先のビジネスホテルでずっと憧れていた女上司とまさかまさかの相部屋宿泊 BEST SELECTION 16時間,JUMS-047 出張先のビジネスホテルでずっと憧れていた女上司とまさかまさかの相部屋宿泊 BEST SELECTION 16時間,JUMS-047,,2023-11-24,960分鐘,,マドンナ,Madonna,出張先のビジネスホテルでずっと憧れていた女上司とまさかまさかの相部屋宿泊,成熟的女人、合集、已婚婦女、高畫質、出軌、DMM獨家,水戸かな、神宮寺ナオ、木下凛々子、友田真希、妃ひかり、川上奈々美、黒川すみれ、向井藍、上羽絢、白石茉莉奈、波多野結衣、加藤ツバキ（夏樹カオル）、水野朝陽、佐々木あき、北条麻妃、愛弓りょう、小松杏、白花こう、通野未帆、白木優子,https://www.javbus.com/JUMS-047,
JUMS-046 射精直前のフェラチオ＆激ピストンラッシュ！！ 極濃ザーメンを人妻の美顔にぶっ放す！！大量顔射 120連発BEST,JUMS-046 射精直前のフェラチオ＆激ピストンラッシュ！！ 極濃ザーメンを人妻の美顔にぶっ放す！！大量顔射 120連発BEST,JUMS-046,,2023-11-24,240分鐘,,マドンナ,Madonna,,成熟的女人、口交、合集、已婚婦女、高畫質、顏射、DMM獨家,リリー・ハート、愛弓りょう、綾瀬麻衣子、綾川ふみ、姫川礼子、舞原聖、風間ゆみ、北条麻妃、末広純、木下凛々子、白石茉莉奈、水野優香、多田有花、小早川怜子、月乃ひな、友田真希、美原咲子、鷲見すみれ、弥生みづき、姫川ゆうな、大槻ひびき、大島優香、椿桃香、天河みなせ、天野るみ、藤かんな、日下部加奈、流川はる香、向井藍、弘中優、一場れいか、西村ニーナ、君塚ひなた、安みなみ、栗山莉緒、一色桃子、一乃あおい、奥美遥、加藤ロゼ、夏川うみ、春菜はな、水端あさみ、水戸かな、高坂ニナ、佐田茉莉子、紫月ゆかり、篠宮祐希、春谷美雨、橘菜々緒、松嶋保奈美、松尾理恵、上羽絢、神宮寺ナオ、希咲鈴々花,https://www.javbus.com/JUMS-046,
VSED-225 三十路・四十路・五十路の美熟女大百科 3 朝桐光 瞳リョウ 片瀬仁美 北条麻妃 牧原れいこ,VSED-225 三十路・四十路・五十路の美熟女大百科 3 朝桐光 瞳リョウ 片瀬仁美 北条麻妃 牧原れいこ,VSED-225,,2023-10-28,240分鐘,,ティーズ,,,成熟的女人、已婚婦女、乳房、中出、4小時以上作品,朝桐光、瞳リョウ、片瀬仁美、北条麻妃、牧原れいこ,https://www.javbus.com/VSED-225,
JUMS-041 こんなスケベな奥さんに誘われたら一線を越えてもしょうがない！！ 近所の極上美人妻と逆レ×プセックス8時間（JUMS-041）,JUMS-041 こんなスケベな奥さんに誘われたら一線を越えてもしょうがない！！ 近所の極上美人妻と逆レ×プセックス8時間（JUMS-041）,JUMS-041,,2023-10-20,480分鐘,,マドンナ,Madonna,近所の極上美人妻と逆レ×プセックス8時間,蕩婦、成熟的女人、合集、已婚婦女、高畫質、DMM獨家,神宮寺ナオ、春明潤、米倉穂香、水戸かな、小花のん、白石茉莉奈、風間ゆみ、大島優香、北条麻妃、暁真冬、安みなみ、愛弓りょう、一乃あおい、明里つむぎ、永井マリア、北野未奈、黒川すみれ、小松杏、森沢かな（飯岡かなこ）、木下凛々子、栗山莉緒,https://www.javbus.com/JUMS-041,
NASH-964 驚愕の人妻レ●プ 白昼に起きた衝撃の強●事件！！ 犯●れ泣き叫び悶え喘ぐ主婦たちの記録 8人4時間,NASH-964 驚愕の人妻レ●プ 白昼に起きた衝撃の強●事件！！ 犯●れ泣き叫び悶え喘ぐ主婦たちの記録 8人4時間,NASH-964,,2023-10-07,240分鐘,,なでしこ,Nadeshiko,,成熟的女人、合集、凌辱、4小時以上作品、高畫質、DMM獨家,青木玲、桃華マリエ、星野あかり、滝川かのん、松浦ユキ、平山こずえ、翔田千里、北条麻妃,https://www.javbus.com/NASH-964,
GMSP-005 【秋のギフト】【厳選！！】人妻・熟女レ●プ 48人2073分！！ 強●魔・媚薬・ママ友連鎖・自宅被害… リアルレ●プドキュメントドラマ15作品ノーカット収録！！ 泣き叫び悶え犯●れる哀しき女たち…,GMSP-005 【秋のギフト】【厳選！！】人妻・熟女レ●プ 48人2073分！！ 強●魔・媚薬・ママ友連鎖・自宅被害… リアルレ●プドキュメントドラマ15作品ノーカット収録！！ 泣き叫び悶え犯●れる哀しき女たち…,GMSP-005,,2023-10-06,2073分鐘,,グローバルメディアエンタテインメント,,,成熟的女人、已婚婦女、高畫質、出軌、戲劇、16時間以上作品、設置項目、巨乳、福袋、DMM獨家,広瀬奈々美（堀口奈津美）、松井優子、天野弥生、北条麻妃、紫彩乃、村上涼子（中村りかこ、黒木菜穂）、内田美奈子、中森玲子、雪野ひかり、加藤なお、牧原れい子、来生れい、富樫由紀子、五十嵐しのぶ、佐々木あき、白河里奈、水元恵梨香、美堂かなえ、平茉莉、三喜本のぞみ、相澤かな、翔田千里、烏丸まどか、平岡里枝子、柏木舞子、古川祥子、戸澤佳子、内原美智子、瀬戸すみれ、川上ゆう（森野雫）、松尾江里子、今浪優、深田梨菜（深田梨奈）、桐岡さつき、瞳りん、吉永静子、七海ひさ代、宮瀬リコ、管野しずか、水沢真樹、須真杏里（須真杏理）、横山夏希,https://www.javbus.com/GMSP-005,
JUMS-039 膣奥の最深を貫く！！デカチンの虜になった人妻30人 8時間,JUMS-039 膣奥の最深を貫く！！デカチンの虜になった人妻30人 8時間,JUMS-039,,2023-10-06,480分鐘,,マドンナ,Madonna,,成熟的女人、合集、已婚婦女、通姦、高畫質、デカチン・巨根、DMM獨家,大島優香、一色桃子、深田えいみ、神宮寺ナオ、風間ゆみ、小松杏、舞原聖、黒川すみれ、平岡里枝子、叶愛、水野優香、水戸かな、友田真希、水野朝陽、白石茉莉奈、佐田茉莉子、篠田ゆう、君塚ひなた、武藤あやか、栗山莉緒、愛弓りょう、日下部加奈、多田有花、安みなみ、向井藍、一乃あおい、一場れいか、北条麻妃、木下凛々子、小早川怜子,https://www.javbus.com/JUMS-039,
JUMS-038 美熟女と少年が最高潮に燃え盛る年の差セックス31人 8時間,JUMS-038 美熟女と少年が最高潮に燃え盛る年の差セックス31人 8時間,JUMS-038,,2023-09-22,480分鐘,,マドンナ,Madonna,,成熟的女人、合集、已婚婦女、通姦、高畫質、DMM獨家,武藤あやか、白木優子、白石茉莉奈、舞原聖、水野優香、大島優香、一色桃子、多田有花、春谷美雨、平岡里枝子、水戸かな、小早川怜子、木下凛々子、風間ゆみ、上羽絢、一場れいか、加山なつこ、花井ゆり、金谷うの、水野朝陽、北条麻妃、米倉穂香、綾瀬麻衣子、希咲鈴々花、叶愛、よしい美希（伊沢涼子、吉井美希）、友田真希、佐田茉莉子、藤かんな、篠田ゆう、愛弓りょう,https://www.javbus.com/JUMS-038,
KSBJ-264 泥●NTR野球拳！？旦那が横で寝ていてもお構いなし！勝っても負けても中出し本番！？,KSBJ-264 泥●NTR野球拳！？旦那が横で寝ていてもお構いなし！勝っても負けても中出し本番！？,KSBJ-264,,2023-09-16,241分鐘,,KSB企画/エマニエル,KSB企画/エマニエル,,合集、已婚婦女、4小時以上作品、高畫質、巨尻、エマニエル、DMM獨家,春菜はな、KAORI、北条麻妃、成宮いろは、ERIKA（モカ、MOKA）、佐々木あき、神波多一花、羽月希、桜井彩,https://www.javbus.com/KSBJ-264,
JUMS-035 発射数100発OVER！！ 妻と絶倫の後輩を2人きりにして3時間…抜かずの追撃中出しで妻を奪われた僕のNTR話,JUMS-035 発射数100発OVER！！ 妻と絶倫の後輩を2人きりにして3時間…抜かずの追撃中出しで妻を奪われた僕のNTR話,JUMS-035,,2023-08-25,480分鐘,,マドンナ,Madonna,愛を確かめたくて妻と絶倫の○○を2人きりにして3時間…,成熟的女人、已婚婦女、通姦、中出、高畫質、出軌、DMM獨家,小早川怜子、黒川すみれ、北条麻妃、白石茉莉奈、篠田ゆう、上羽絢、新村あかり、神宮寺ナオ,https://www.javbus.com/JUMS-035,
JUMS-030 ダイヤモンドのように輝くS級人妻たちと過ごす至極の1ヵ月！！ Madonna美熟女SEXカレンダー2023 16時間,JUMS-030 ダイヤモンドのように輝くS級人妻たちと過ごす至極の1ヵ月！！ Madonna美熟女SEXカレンダー2023 16時間,JUMS-030,,2023-07-21,960分鐘,,マドンナ,Madonna,Madonna美熟女SEXカレンダー,成熟的女人、合集、已婚婦女、數位馬賽克、高畫質、DMM獨家,白花こう、水川スミレ、大島優香、藤かんな、水野優香、小花のん、上羽絢、北条麻妃、栗山莉緒、佐田茉莉子、愛弓りょう、日下部加奈、上戸まり、一色桃子、安みなみ、一乃あおい、天川そら、流川はる香、友田真希、篠田ゆう、風間ゆみ、森沢かな（飯岡かなこ）、木下凛々子、大槻ひびき、一場れいか、君塚ひなた、多田有花、向井藍、神宮寺ナオ、水戸かな、末広純,https://www.javbus.com/JUMS-030,
FTKR-003 【お中元】【激選17作品】豪華2424分 人妻・熟女・巨乳・中出し・NTR 多彩なジャンルのバラエティー福袋,FTKR-003 【お中元】【激選17作品】豪華2424分 人妻・熟女・巨乳・中出し・NTR 多彩なジャンルのバラエティー福袋,FTKR-003,,2023-07-14,2424分鐘,,タカラ映像,,タカラ映像,成熟的女人、已婚婦女、中出、高畫質、出軌、16時間以上作品、設置項目、巨乳、福袋、DMM獨家,佐々木あき、北条麻妃、澤村レイコ（高坂保奈美、高坂ますみ）、田所百合、羽月希,https://www.javbus.com/FTKR-003,
GMSP-004 【お中元】夏の熟女ソープ祭！！ 麗しの熟女湯屋 ねっとり濃厚ぬるべちょ熟女の和風ソープ 25人2466分！！ 絶頂必至の絶品テクニックで泡まみれローションまみれの快楽フルコース！ 豪華女優の泡姫を大量収録でたっぷりシッポリ堪能できる極上風俗,GMSP-004 【お中元】夏の熟女ソープ祭！！ 麗しの熟女湯屋 ねっとり濃厚ぬるべちょ熟女の和風ソープ 25人2466分！！ 絶頂必至の絶品テクニックで泡まみれローションまみれの快楽フルコース！ 豪華女優の泡姫を大量収録でたっぷりシッポリ堪能できる極上風俗,GMSP-004,,2023-07-14,2466分鐘,,グローバルメディアエンタテインメント,,,和服・喪服、成熟的女人、乳液、主觀視角、高畫質、16時間以上作品、設置項目、ヘルス・ソープ、福袋、DMM獨家,牧原れい子、北条麻妃、蒼乃幸恵、北川瞳、藤下梨花、葉月奈穂（葉月菜穂）、原望美、伊織涼子、中森玲子、村上涼子（中村りかこ、黒木菜穂）、森ななこ、矢部寿恵、松坂華苗、富沢みすず、城エレン、美原咲子、滝川絵理子、浅倉彩音、風間ゆみ、矢城小百合、結城みさ、橘慶子、三咲恭子、長谷川美紅、真中ゆうき,https://www.javbus.com/GMSP-004,
JUMS-028 「お願い…もうやめて…中にだけは出しちゃダメえぇぇえ！！」 望まない中出し性交で、皮肉にも絶頂してしまった人妻 56連発12時間BEST,JUMS-028 「お願い…もうやめて…中にだけは出しちゃダメえぇぇえ！！」 望まない中出し性交で、皮肉にも絶頂してしまった人妻 56連発12時間BEST,JUMS-028,,2023-07-07,720分鐘,,マドンナ,Madonna,望まない中出し性交で、皮肉にも絶頂してしまった人妻,成熟的女人、合集、已婚婦女、數位馬賽克、中出、高畫質、DMM獨家,愛弓りょう、綾瀬こころ、一場れいか、一色桃子、木下凛々子、流川はる香、西村ニーナ、有賀みなほ、佐田茉莉子、加山なつこ、明里つむぎ、末広純、北条麻妃、風間ゆみ、舞原聖、白石茉莉奈、都崎あやめ、天川そら、鷲見すみれ、加藤ロゼ、夏川うみ、花井ゆり、高坂ニナ、水端あさみ、水戸かな、神宮寺ナオ、新村あかり、上羽絢、小早川怜子、篠田ゆう、倉本すみれ、佐々木咲和、多田有花、向井藍、栗山莉緒、吉根ゆりあ、叶愛、一乃あおい,https://www.javbus.com/JUMS-028,
JUMS-024 他人棒の激ピスで曲線美を描く鬼反り立ちバック 怒涛の100連オーバー大絶頂RUSH,JUMS-024 他人棒の激ピスで曲線美を描く鬼反り立ちバック 怒涛の100連オーバー大絶頂RUSH,JUMS-024,,2023-06-09,480分鐘,,マドンナ,Madonna,,成熟的女人、合集、已婚婦女、數位馬賽克、高畫質、バック、DMM獨家,愛弓りょう、綾瀬こころ、一色桃子、一乃あおい、天川そら、日下部加奈、篠田ゆう、舞羽美翔、舞原聖、大島優香、大槻ひびき、多田有花、水野朝陽、水戸かな、神宮寺ナオ、新村あかり、上羽絢、北条麻妃、木下凛々子、彩葉みおり、佐田茉莉子、黒川すみれ、高坂ニナ、向井藍、栗山莉緒、叶愛、春菜はな、小早川怜子、藤かんな、鷲見すみれ、流川はる香、弥生みづき、白石茉莉奈,https://www.javbus.com/JUMS-024,
LZBS-095 レズれ！の出演女優さんからアンケートを取ったら一番気持ち良かったプレイが「キス手マン」でした。 子宮こねくり回し絶頂厳選ベスト5時間,LZBS-095 レズれ！の出演女優さんからアンケートを取ったら一番気持ち良かったプレイが「キス手マン」でした。 子宮こねくり回し絶頂厳選ベスト5時間,LZBS-095,,2023-05-20,301分鐘,,レズれ！,レズれ！ ベスト,,女同性戀、舔陰、4小時以上作品、手指插入、女同接吻、高畫質、DMM獨家,稲場るか、月野かすみ、向井藍、枢木あおい、小西まりえ、新山かえで、水原さな、宮崎あや、佐々木あき、長瀬涼子、羽川るな、吹石れな、美園和花、波多野結衣、神納花、蓮実クレア、甘乃つばき、八乃つばさ、春風ひかる、北条麻妃、音無かおり、加藤ももか、永井みひな、浅田結梨、Maika（MEW）、大浦真奈美、桜井あゆ、大槻ひびき、加藤ツバキ（夏樹カオル）、風間ゆみ、春原未来、保坂えり、岬あずさ、成宮ルリ、篠田あゆみ、佐々木恋海（向井恋）,https://www.javbus.com/LZBS-095,
HYJD-004 御客様感謝大盤振舞特別作品！！ シリーズ別ドラマベストBOX 豪華5枚組50作品収録1200分 ドラマもエロもたっぷり堪能できる…,HYJD-004 御客様感謝大盤振舞特別作品！！ シリーズ別ドラマベストBOX 豪華5枚組50作品収録1200分 ドラマもエロもたっぷり堪能できる…,HYJD-004,,2023-05-20,1200分鐘,,グローバルメディアエンタテインメント,ハイパー熟道,,成熟的女人、合集、已婚婦女、戲劇、DMM獨家,伊織涼子、京野美沙、堀美也子、小林真梨香、福富りょう、西園寺美緒、柏木舞子、生野光代、青山葵、三枝由梨、佐倉由美子、小野さち子、福田由貴、平岡里枝子、翔田千里、小早川怜子、羽田希、中山穂香、山口珠理、岡江凛、森下美緒、本真ゆり、よしい美希（伊沢涼子、吉井美希）、北条麻妃、寺崎泉、春原未来、成宮いろは、向井藍、塚田詩織、青井マリ、風間ゆみ、川上ゆう（森野雫）、蓮実クレア、高瀬智香、加藤ツバキ（夏樹カオル）、嶋崎かすみ,https://www.javbus.com/HYJD-004,
JUMS-022 人妻の理性がチ○ポに狂わされる串刺し乱交BEST 8時間,JUMS-022 人妻の理性がチ○ポに狂わされる串刺し乱交BEST 8時間,JUMS-022,,2023-05-19,480分鐘,,マドンナ,Madonna,,成熟的女人、濫交、合集、已婚婦女、數位馬賽克、中出、高畫質、DMM獨家,神宮寺ナオ、水野朝陽、叶愛、本田瞳、末広純、安みなみ、風間ゆみ、佐々木咲和、木下凛々子、水野優香、奥美遥、大島優香、白石茉莉奈、夏川うみ、綾瀬麻衣子、友田真希、一乃あおい、佐田茉莉子、愛弓りょう、白木優子、長嶋沙央梨、北条麻妃、日下部加奈、篠田ゆう、一場れいか、上羽絢、平岡里枝子、向井藍、栗山莉緒、琴岡美雪、一色桃子,https://www.javbus.com/JUMS-022,
KANZ-270 S級美熟女列伝 960分 完全盤6枚組,KANZ-270 S級美熟女列伝 960分 完全盤6枚組,KANZ-270,,2023-04-20,777分鐘,,ネクスト,完全盤,,成熟的女人、合集、中出、4小時以上作品,波多野結衣、村上涼子（中村りかこ、黒木菜穂）、翔田千里、川上ゆう（森野雫）、山本美和子、風間ゆみ、北条麻妃,https://www.javbus.com/KANZ-270,
NASH-870 ねぇ、おばさんとセックスしてみない！？貴方の家の近くにもきっといる…硬くて大きなチ○ポを妄想してはヤれる男を探してるご近所不倫願望のエッチなおばさん,NASH-870 ねぇ、おばさんとセックスしてみない！？貴方の家の近くにもきっといる…硬くて大きなチ○ポを妄想してはヤれる男を探してるご近所不倫願望のエッチなおばさん,NASH-870,,2023-04-08,241分鐘,長澤純,なでしこ,Nadeshiko,,成熟的女人、已婚婦女、通姦、4小時以上作品、高畫質、戲劇、DMM獨家,北条麻妃、宮内雪菜、藍川京子、三峰かずこ、真崎陽子、北原夏美,https://www.javbus.com/NASH-870,
RBFB-001 【祝春ギフト】母子交尾の神髄を堪能せよ！！！,RBFB-001 【祝春ギフト】母子交尾の神髄を堪能せよ！！！,RBFB-001,,2023-04-07,1679分鐘,,ルビー,旅路,母子交尾,成熟的女人、母親、亂倫、中出、高畫質、16時間以上作品、設置項目、旅行、福袋、DMM獨家,翔田千里、篠田あゆみ、井上綾子、澤村レイコ（高坂保奈美、高坂ますみ）、波多野結衣、佐々木あき、吹石れな、羽月希、村上涼子（中村りかこ、黒木菜穂）、風間ゆみ、小早川怜子、川上ゆう（森野雫）、三浦恵理子、北条麻妃、武藤あやか,https://www.javbus.com/RBFB-001,
MCSR-00520 母性溢れる熟女の施し 息子の勃起ペニスを受け入れてしまう美熟母たち 18人5時間,MCSR-00520 母性溢れる熟女の施し 息子の勃起ペニスを受け入れてしまう美熟母たち 18人5時間,MCSR-00520,,2023-03-25,300分鐘,金子次郎,ビッグモーカル,マスカット,,成熟的女人、亂倫、已婚婦女、中出、4小時以上作品、高畫質、巨乳,美月祥子、甲斐ミハル、華山美玲、伊織涼子、京野美麗、相浦茉莉花、菊市桃子、中西江梨子、仲間明日香、一条綺美香、松本まりな、大橋ひとみ、小早川怜子、翔田千里、三浦恵理子、牧原れい子、北条麻妃、美原すみれ,https://www.javbus.com/MCSR-00520,
MCSX-001 【史上最強激安】極上美人妻福袋 超 長尺4320分超 大漁 252人 爆乳 中出し 熟女,MCSX-001 【史上最強激安】極上美人妻福袋 超 長尺4320分超 大漁 252人 爆乳 中出し 熟女,MCSX-001,,2023-02-25,4320分鐘,,ビッグモーカル,マスカット,【史上最強激安】○○福袋,已婚婦女、高畫質、巨乳,風間ゆみ、北条麻妃、三浦恵理子、翔田千里、篠田ゆう,https://www.javbus.com/MCSX-001,
OPBD-208 働くお姉さん達にグチョグチャ糞ハラスメント調教BEST,OPBD-208 働くお姉さん達にグチョグチャ糞ハラスメント調教BEST,OPBD-208,,2023-02-24,240分鐘,,オペラ,OPERA,,OL、糞便、女教師、合集、高畫質、DMM獨家,北条麻妃、朝桐光、樹花凜（七咲楓花）、葵紫穂、小日向まい、優木あおい、楓乃々花（朝倉夢）、安田美保、逢沢はるか（黒木琴音）、藤澤美織、黒澤仁美、小坂しおり、神崎まゆみ,https://www.javbus.com/OPBD-208,
RBB-251 やっぱりマ●コに種付けがしたい！ 溜め込んだ精子を子宮にぶちまける瞬間が最高に気持ちいいドックドク中出しBEST 8時間,RBB-251 やっぱりマ●コに種付けがしたい！ 溜め込んだ精子を子宮にぶちまける瞬間が最高に気持ちいいドックドク中出しBEST 8時間,RBB-251,,2023-02-10,480分鐘,,ROOKIE,ROOKIE,,合集、美少女、中出、女上位、高畫質、バック、DMM獨家,希島あいり、枢木あおい、つぼみ、北野未奈、木咲あんな、有坂深雪、夏希まろん、真木今日子、水川スミレ、朝比奈ななせ、篠田ゆう、藤森里穂、岬さくら、美谷朱里、さつき芽衣、北条麻妃、川北メイサ、百瀬あすか、由愛可奈、堀北わん、水原みその、新村あかり、唯奈みつき、乙アリス、桜空もも、白桃はな、REMI、栗宮ふたば、森日向子、花沢ひまり、柚希愛、牧野みおな、松本いちか、朝倉ここな、川上ゆう（森野雫）、百永さりな、深田えいみ、斎藤あみり、櫻井まみ、月乃ルナ、東條なつ、黒川すみれ、初川みなみ、沙月恵奈、宮名遥、AIKA、吉根ゆりあ、七瀬アリス、若月みいな、桃瀬くるみ、JULIA、西宮ゆめ、伊藤舞雪、塚田詩織、蜜美杏、佐野なつ、楠有栖、小梅えな、白川ゆず、姫咲はな、小花のん、川上奈々美、石原希望、天音ゆい、穂花あいり、吉岡ひより、倉本すみれ、深月めい、永井マリア、堀内未果子、琴石ゆめる、藍芽みずき,https://www.javbus.com/RBB-251,
LZBS-091 ねっちょりマ●コ舐めで連続絶頂！クリちゅぱベロ挿入ズッボズボでイカせまくるレズクンニ100連発 厳選ベスト5時間,LZBS-091 ねっちょりマ●コ舐めで連続絶頂！クリちゅぱベロ挿入ズッボズボでイカせまくるレズクンニ100連発 厳選ベスト5時間,LZBS-091,,2023-01-21,304分鐘,,レズれ！,レズれ！ ベスト,,女同性戀、舔陰、4小時以上作品、女同接吻、高畫質、巨乳、DMM獨家,稲場るか、弥生みづき、美谷朱里、向井藍、神ユキ、織田真子、宮崎あや、朱果、ジューン・ラブジョイ、朝倉ことみ、塚田詩織、美咲かんな、高杉麻里、三浦かなみ、佐々木あき、後藤里香、加藤ももか、原千草、波多野結衣、久遠れいら、宝生めい、久留木玲、神納花、麻里梨夏、深田結梨、七瀬ひな、春風ひかる、甘乃つばき、枢木あおい、冬愛ことね、五十嵐星蘭、桜田みつ葉、七海ゆあ、陽木かれん、北条麻妃、音無かおり、浜崎真緒、若宮穂乃、春原未来、黒崎みか、愛里るい、あべみかこ、風間ゆみ、宝田もなみ、月野かすみ、田中ねね、花狩まい、紗藤まゆ、水野朝陽、松宮ひすい、江藤侑里、香苗レノン、北川ゆず、佐倉ねね、真木今日子、夏川うみ、篠田あゆみ、麻倉ゆあ、阿部栞菜、宮村ななこ、美保結衣、大浦真奈美、小早川怜子、有沢実紗、永井みひな、優梨まいな、倉木しおり、椎名そら、北川エリカ、新村あかり、蓮実クレア、乙葉カレン、友田彩也香、佐伯由美香、大谷翔子、星乃美桜、三原ほのか、星奈あい、沙月恵奈、美園和花、栄川乃亜、加藤ツバキ（夏樹カオル）、あおいれな、川上ゆう（森野雫）、玉木くるみ、八乃つばさ、優木しの、岬あずさ、寺田ここの、紺野ひかる、美波沙耶、椎木くるみ,https://www.javbus.com/LZBS-091,
JUMS-006 妻の妊娠中、オナニーすらも禁じられた僕は上京してきたお義母さんに何度も種付けSEXをしてしまった…。 総集編8時間,JUMS-006 妻の妊娠中、オナニーすらも禁じられた僕は上京してきたお義母さんに何度も種付けSEXをしてしまった…。 総集編8時間,JUMS-006,,2023-01-20,480分鐘,,マドンナ,Madonna,妻の妊娠中、オナニーすらも禁じられた僕は…,成熟的女人、合集、已婚婦女、數位馬賽克、中出、高畫質、DMM獨家,北条麻妃、水戸かな、篠田ゆう、大島優香、白石茉莉奈、水端あさみ、木下凛々子、愛弓りょう,https://www.javbus.com/JUMS-006,
CVDA-011 彼女の母 Complete SP1,CVDA-011 彼女の母 Complete SP1,CVDA-011,,2023-01-19,839分鐘,,センタービレッジ,大人になったらセンタービレッジ。,彼女の母（センタービレッジ）,成熟的女人、合集、已婚婦女、中出、4小時以上作品、高畫質,内村美智子、吉川伶子、広沢美里、篠田有里、北条麻妃、七海ひさ代、冴島ゆうり、牧嶋美奈子、神崎久美、紅月ひかり,https://www.javbus.com/CVDA-011,
KSBJ-232 剛毛美熟女BEST17人VOL.02,KSBJ-232 剛毛美熟女BEST17人VOL.02,KSBJ-232,,2023-01-14,243分鐘,,KSB企画/エマニエル,KSB企画/エマニエル,剛毛美熟女BEST,成熟的女人、其他戀物癖、合集、中出、4小時以上作品、高畫質、エマニエル、DMM獨家,高城彩、若槻みづな、北条麻妃、前園希美、泉朱音、大石忍、島津かおる、澤村レイコ（高坂保奈美、高坂ますみ）、谷原希美、篠崎かんな、宮本紗央里、卯水咲流、加藤ツバキ（夏樹カオル）、浜崎真緒、北島玲、吉川あいみ、有坂深雪,https://www.javbus.com/KSBJ-232,
MGDV-021 【AIリマスター版】CRYSTAL MEGA CHOiCE 豪毛女 8時間,MGDV-021 【AIリマスター版】CRYSTAL MEGA CHOiCE 豪毛女 8時間,MGDV-021,,2023-01-11,477分鐘,,クリスタル映像,MEGA CRYSTAL,AIリマスター版（クリスタル映像）,成熟的女人、其他戀物癖、合集、已婚婦女、4小時以上作品、高畫質、DMM獨家,北条麻妃、妃乃ひかり、黒谷彩乃、新村まり子、藤井ゆま、瀬奈涼、坂上友香、加藤ツバキ（夏樹カオル）、高田美佐子、辺見麻衣、白井小雪、北川麗香、夢見あい、水池ひとみ、君島冴子（AOI.、村上葵）、保坂未玲、藤沢美歩、葉山沙希、和希美也、矢部寿恵、哀川りん、あすか,https://www.javbus.com/MGDV-021_2023-01-11,
JUMS-004 母の友人 総集編 12時間（JUMS-004）,JUMS-004 母の友人 総集編 12時間（JUMS-004）,JUMS-004,,2023-01-06,720分鐘,,マドンナ,Madonna,母の友人,成熟的女人、合集、已婚婦女、數位馬賽克、高畫質、戲劇、DMM獨家,希島あいり、神宮寺ナオ、木下凛々子、岡江凛、小野寺真優、北条麻妃、風間ゆみ、加藤ツバキ（夏樹カオル）,https://www.javbus.com/JUMS-004,
JUMS-002 僕を女手一つで育ててくれた、最愛の義母が…義姉が…義妹が…最低な友人に寝取られて… 総集編8時間,JUMS-002 僕を女手一つで育ててくれた、最愛の義母が…義姉が…義妹が…最低な友人に寝取られて… 総集編8時間,JUMS-002,,2022-12-23,480分鐘,,マドンナ,Madonna,僕を女手一つで育ててくれた、最愛の義母が最低な友人に寝取られて…,成熟的女人、合集、已婚婦女、數位馬賽克、高畫質、出軌、巨尻、DMM獨家,舞原聖、篠田ゆう、小早川怜子、白石茉莉奈、北条麻妃、神宮寺ナオ、水戸かな、弥生みづき,https://www.javbus.com/JUMS-002,
JFB-306 Fitch15周年記念第4弾 極上フェラチオで射精直前の1番気持ち良い瞬間150連発8時間BEST,JFB-306 Fitch15周年記念第4弾 極上フェラチオで射精直前の1番気持ち良い瞬間150連発8時間BEST,JFB-306,,2022-12-16,480分鐘,,Fitch,Fitch,,口交、合集、數位馬賽克、高畫質、顏射、巨乳、DMM獨家、吞精,小池絵美子、酒井ちなみ（紫葵）、風間ゆみ、牧原れい子、北条麻妃、和葉みれい（藤白まき）、一戸のぞみ、佐藤みき（佐藤美紀、鈴木志帆）、深田梨菜（深田梨奈）、浅倉彩音、折原ゆかり、片岡梨沙、澤村レイコ（高坂保奈美、高坂ますみ）、波多野結衣、松下ゆうか（愛乃彩音、藤咲ゆうか）、白川莉紗、小向まな美、椎名ゆな、藤沢未央、結城みさ、JULIA、瀬戸りょう、鈴香音色、柳田やよい、倖田李梨（倖田美梨、岩下美季）、鏡麗子、七瀬ゆい（羽田未来）、翔田千里、青木りん、妃乃ひかり、星野あかり、春風えみ、志村玲子、瀬奈涼、芦沢彩乃、北条アミ、村上涼子（中村りかこ、黒木菜穂）、青山菜々、星優乃、広瀬奈々美（堀口奈津美）、寧々、倉木みお、三浦恵理子、さとう遥希、菜月アンナ、杉本亜美、涼本清美、轟ここ、彩佳リリス（藤崎クロエ）、西條るり、藤崎梨々花、篠田ゆう、倉多まお、神代みゆ、桜咲ひな、織田真子、小早川怜子、高下えりか、夢野怜子、Seiko。、石川しずか、倉持結愛、本真ゆり、さくら悠、北川瞳、蓮実クレア、小沢アリス、伊島香織、AIKA、卯水咲流、杏美月、音無かおり、真木今日子、あきな、仁科百華、加山なつこ、寺島志保、田中ねね、吉澤留美、流田みな実、君島みお、本田莉子、江上しほ、優木いおり、新垣智江、松井優子、桃園怜奈、星奈あい、うららか麗、優月まりな、林ゆな、浜崎まりあ、根尾あかり、西田琴音、若菜奈央、新井梓、椿織さとみ、宮藤尚美、柳みゆう、月島ななこ、稲場るか、篠田あゆみ、小向美奈子、NAOMI、KAORI、澁谷果歩、長瀬涼子、桜ちなみ、松本菜奈実、工藤まなみ、八乃つばさ、新村あかり、牧村柚希、七草ちとせ、吹石れな、ももい理乃、碓氷れん、立花瑠莉、市来美保、かなで自由、大浦真奈美、佐々木あき、長瀬麻美、八木美智香、海空花、成海美雨、原ちとせ、花音うらら、真奈りおな、目黒めぐみ、松本いちか、さつき芽衣、優里なお、倉田アンナ、加藤ももか、河北はるな、あかぎ碧、椎名そら、永井マリア、麻季ゆず、宝田もなみ、葉月桃、黒宮えいみ、宮本紗希、美里詩織、斉藤みゆ、西条沙羅、水原アリサ、水野朝陽、松坂美紀、大場ゆい,https://www.javbus.com/JFB-306,
NAGM-001 【福袋】衝撃の美熟女レ●プ 32人 1135分！！ 強●魔・媚薬漬け・ママ友連鎖・自宅被害・泥沼一族争い… リアルレ●プドキュメントドラマ5作品ノーカット収録！お客様感謝祭スペシャルセット！,NAGM-001 【福袋】衝撃の美熟女レ●プ 32人 1135分！！ 強●魔・媚薬漬け・ママ友連鎖・自宅被害・泥沼一族争い… リアルレ●プドキュメントドラマ5作品ノーカット収録！お客様感謝祭スペシャルセット！,NAGM-001,,2022-11-18,1136分鐘,,なでしこ,,,成熟的女人、已婚婦女、高畫質、出軌、戲劇、16時間以上作品、設置項目、巨乳、DMM獨家,矢部寿恵、小早川怜子、折原ゆかり、五十嵐しのぶ、北条麻妃、澤村レイコ（高坂保奈美、高坂ますみ）、管野しずか、村上涼子（中村りかこ、黒木菜穂）、水沢真樹、翔田千里、早川なお（柊かえで）、川上ゆう（森野雫）、結城みさ、松浦ユキ、小泉さゆ、吉永静子、宮瀬リコ、七海ひさ代、時越芙美江、美緒みくる、このみゆうか、藤沢芳恵、桐岡さつき、宇佐美なな、山河ほたる,https://www.javbus.com/NAGM-001,
JFB-304 Fitch15周年記念第2弾 歴代デカ尻女優の圧倒的ド迫力で迫るSEX 大ボリュームの尻三昧！75SEX12時間BEST！,JFB-304 Fitch15周年記念第2弾 歴代デカ尻女優の圧倒的ド迫力で迫るSEX 大ボリュームの尻三昧！75SEX12時間BEST！,JFB-304,,2022-11-11,720分鐘,,Fitch,Fitch,,胖女人、合集、數位馬賽克、中出、高畫質、巨尻、DMM獨家,芦沢彩乃、村上涼子（中村りかこ、黒木菜穂）、あずま樹、葉月奈穂（葉月菜穂）、蘭華、木村詩織、ジューン・ラブジョイ、美波沙耶、桑田みのり、百合華、大原理央、桃園怜奈、藤沢麗央、根尾あかり、北条麻妃、真白希実、初美沙希、あきな、南野あかり、塚田詩織、江上しほ、かなで自由、今井夏帆、川原かなえ、佐山愛、八乃つばさ、要ゆうな、工藤まなみ、梨々花、逢沢りいな、KAORI、押切なおみ、優希うらら、明里ともか、神納花、葵千恵、横山翔子、一ノ瀬ひかる、柚木彩華、川上ゆう（森野雫）、小早川怜子、さとう遥希、峰岸ふじこ、愛原さえ、相内つかさ、涼本清美、杏美月、馬場のぞみ、本真ゆり、風間ゆみ、石川しずか、橘なお（上原海里）、水原アリサ、水野朝陽、篠田あゆみ、水城奈緒、榊なち、森山杏菜（森山杏奈）、坂本理沙、細川まり、深田梨菜（深田梨奈）、鈴香音色、北条美里、伊吹稟、白川莉紗、加山なつこ、酒井ちなみ（紫葵）、広瀬奈々美（堀口奈津美）、管野しずか、藤木静子、中森玲子,https://www.javbus.com/JFB-304,
MBYD-369 No.1絶頂体位！人妻と同時イキする106連発正常位中出しベスト,MBYD-369 No.1絶頂体位！人妻と同時イキする106連発正常位中出しベスト,MBYD-369,,2022-10-14,480分鐘,,溜池ゴロー,溜池ゴロー,,合集、已婚婦女、通姦、中出、高畫質、出軌、DMM獨家,AIKA、ましろ杏、めぐり（藤浦めぐ）、阿部栞菜、中山香苗、大槻ひびき、富田優衣、浅井舞香、川北りな、川上ゆう（森野雫）、西川ゆい、NOA、仲間明日香、通野未帆、東凛、桃瀬ゆり、内海みう、日向うみ、波多野結衣、大浦真奈美、水野朝陽、水谷心音（藤崎りお）、水城奈緒、風間ゆみ、並木塔子、穂高ゆうき、北条麻妃、岬あずさ、矢田美紀子、優梨まいな、有村のぞみ、凛音とうか、美谷朱里、八乃つばさ、神谷充希、澤村レイコ（高坂保奈美、高坂ますみ）、谷原希美、吹石れな、推川ゆうり、神宮寺ナオ、神納花、秋山祥子、松本菜奈実、織田真子、深田えいみ、篠田ゆう、榎本美咲、香山美桜、永井みひな、君島みお、加瀬ななほ、河南実里、花咲いあん、関根奈美、希島あいり、宮村ななこ、桐谷なお、桐嶋りの、松下紗栄子、松永さな、高杉麻里、黒崎ひなの、黒川サリナ、今井夏帆、佐久間恵美、佐々木あき、佐山愛、時多しほり、七草ちとせ、篠崎かんな、若菜奈央、琴古ひまり、春菜はな、小向美奈子、小川桃果、新井エリー（晶エリー、大沢佑香）、羽月希,https://www.javbus.com/MBYD-369,
JUSD-990 射精直前のフェラチオ＆激ピストンラッシュ！！ 極濃ザーメンを人妻の美顔にドビュルルッッ！ 大量顔射 145連発BEST,JUSD-990 射精直前のフェラチオ＆激ピストンラッシュ！！ 極濃ザーメンを人妻の美顔にドビュルルッッ！ 大量顔射 145連発BEST,JUSD-990,,2022-09-09,480分鐘,,マドンナ,Madonna,,成熟的女人、合集、已婚婦女、數位馬賽克、高畫質、顏射、DMM獨家,友田真希、風間ゆみ、加山なつこ、初音みのり、鷲見すみれ、水端あさみ、紫月ゆかり、希咲鈴々花、水蜜りえ、叶愛、青田悠華、沙月恵奈、静河真理子、喜久田みつは、児玉れな、北野未奈、春谷美雨、有賀みなほ、松嶋保奈美、早見なな、高比良いおり、美月桜花、本田瞳、堀内未果子、綾瀬麻衣子、木下凛々子、川北メイサ、小野寺真優、栗山莉緒、鈴川莉茉、一ノ瀬のどか、坂井希、安みなみ、青山れな、篠宮祐希、末広純、加峰幸香、松岡なつ美、天河みなせ、三尾めぐ、花井ゆり、永田莉雨、佐田茉莉子、白花こう、平岡里枝子、竹内夏希、結城のの、西村ニーナ、神宮寺ナオ、武藤あやか、森沢かな（飯岡かなこ）、乃木蛍、白石茉莉奈、向井藍、小早川怜子、水戸かな、リリー・ハート、舞原聖、佐々木夏菜、弘千花碧、愛弓りょう、水野優香、壇凛沙、瀬名未来、成咲優美、白木優子、由愛可奈、篠田ゆう、長嶋沙央梨、高坂ニナ、橘菜々緒、一乃あおい、田中なな実、奥美遥、椿桃香、岡江凛、岸えま、田原凛花、北条麻妃、水野朝陽、小松杏、暁真冬、弘中優、綾川ふみ、上羽絢、朝倉りょう、天野るみ,https://www.javbus.com/JUSD-990,
JUSD-989 禁欲明けで飢えた男の濃厚精子を膣奥に注がれて…不貞種付けSEXに溺れた人妻たち 8時間BEST,JUSD-989 禁欲明けで飢えた男の濃厚精子を膣奥に注がれて…不貞種付けSEXに溺れた人妻たち 8時間BEST,JUSD-989,,2022-09-09,480分鐘,,マドンナ,Madonna,,成熟的女人、合集、已婚婦女、數位馬賽克、中出、高畫質、DMM獨家,木下凛々子、北条麻妃、風間ゆみ、白石茉莉奈、谷原希美、岡江凛、安みなみ、叶愛、リリー・ハート、大島優香、水野優香、水野朝陽、水川スミレ、水戸かな、初音みのり、篠田ゆう、金谷うの、綾瀬麻衣子,https://www.javbus.com/JUSD-989,
HMIX-014 夏の昭和の物語 戦時・戦後を生きる女たちの生々しい性物語 10人 4時間,HMIX-014 夏の昭和の物語 戦時・戦後を生きる女たちの生々しい性物語 10人 4時間,HMIX-014,,2022-08-20,240分鐘,,グローバルメディアエンタテインメント,ハイパーミックス（グローバルメディアエンタテインメント）,,成熟的女人、合集、戲劇、DMM獨家,川上ゆう（森野雫）、小早川怜子、春原未来、成宮いろは、尾島みゆき、遠野麗子、松下美香、七海ひさ代、寺崎泉、北条麻妃,https://www.javbus.com/HMIX-014,
JUSD-988 「イヤぁ…もう許して…あッ、中は、中はダメぇぇぇぇ！！」望まない中出し性交で、皮肉にも絶頂してしまった人妻 12時間BEST,JUSD-988 「イヤぁ…もう許して…あッ、中は、中はダメぇぇぇぇ！！」望まない中出し性交で、皮肉にも絶頂してしまった人妻 12時間BEST,JUSD-988,,2022-08-19,720分鐘,,マドンナ,Madonna,望まない中出し性交で、皮肉にも絶頂してしまった人妻,成熟的女人、合集、已婚婦女、數位馬賽克、凌辱、中出、高畫質、DMM獨家,叶愛、小林真梨香、篠田ゆう、愛弓りょう、美月桜花、長嶋沙央梨、児玉れな、琴岡美雪、友田真希、由愛可奈、市川京子、風間ゆみ、岡江凛、白石茉莉奈、岸えま、田原凛花、平岡里枝子、天河みなせ、リリー・ハート、よしい美希（伊沢涼子、吉井美希）、神宮寺ナオ、小笠原るい、安みなみ、初音みのり、小松杏、米倉穂香、綾瀬麻衣子、本田瞳、水野朝陽、東條なつ、北条麻妃、天海つばさ、一色桃子、青田悠華、木下凛々子、夏川うみ、希咲鈴々花、向井藍、暁真冬、春谷美雨、西村ニーナ、森沢かな（飯岡かなこ）、栗山莉緒、三舩みすず、水野優香、末広純,https://www.javbus.com/JUSD-988,
DVAJ-590 Hなお姉さんがM男クンのお宅に訪問してご奉仕しまくりBEST,DVAJ-590 Hなお姉さんがM男クンのお宅に訪問してご奉仕しまくりBEST,DVAJ-590,,2022-08-06,301分鐘,神田うさぎ,アリスJAPAN,アリスJAPAN,,蕩婦、合集、4小時以上作品、高畫質、M男、ファン感謝・訪問、DMM獨家,川上奈々美、北野未奈、麻美ゆま、稲場るか、藍原佐理衣、神河美音、菅野さゆき、神波多一花、北条麻妃、澤村レイコ（高坂保奈美、高坂ますみ）、白川ゆり、森ななこ、絵色千佳、小森愛、小島みなみ、小川桃果、蓮実クレア,https://www.javbus.com/DVAJ-590,
RBB-240 【夏のSUPER SALE！！】 超特盛りSUMMER SALE 2022 興奮度MAX 200％の厳選200作品16時間special,RBB-240 【夏のSUPER SALE！！】 超特盛りSUMMER SALE 2022 興奮度MAX 200％の厳選200作品16時間special,RBB-240,,2022-08-05,960分鐘,,ROOKIE,ROOKIE,,合集、各種職業、美少女、高畫質、巨乳、DMM獨家,友田真希、風間ゆみ、つぼみ、岬さくら、星奈あい、小島みなみ、浜崎真緒、深田結梨、夕美しおん、水卜さくら、宝田もなみ、推川ゆうり、永井マリア、神宮寺ナオ、星宮一花、川上奈々美、夏目彩春、明里つむぎ、君島みお、麻里梨夏、羽咲みはる、桃園怜奈、青井いちご、冬愛ことね、新村あかり、七沢みあ、今井夏帆、森沢かな（飯岡かなこ）、美谷朱里、乃木蛍、塚田詩織、深田えいみ、希咲アリス、逢見リカ、小倉七海、藤井いよな、真宮ともか、石原希望、奏美りおん、香水じゅん、舞原聖、望月あやか、佐々木夏菜、神菜美まい、水野優香、八木奈々、西宮ゆめ、吉根ゆりあ、希島あいり、竹内有紀、天羽のい、槙いずな、小野六花、リリー・ハート、ひなたまりん、水戸かな、初川みなみ、架乃ゆら、水野朝陽、伊賀まこ、枢木あおい、河北彩花、高橋りほ、向井藍、白木優子、由愛可奈、AIKA、篠田ゆう、奥田咲、夢乃あいか、渚澤のあ、蘭々、朝桐えみか、妃ひかり、辻井ほのか、沙月恵奈、丹羽すみれ、瑞希かりん、堀内未果子、翼あおい、木下凛々子、本田のえる、音羽詩空、加美杏奈、弥生みづき、若宮はずき、樹咲ねむ、白花こう、児玉あむ、中野真子、たちばな日菜、佐伯由美香、月乃ルナ、森玲奈、夏希まろん、川北メイサ、蘭華、七瀬アリス、衣吹かのん、斎藤まりな、さつき芽衣、新井エリー（晶エリー、大沢佑香）、小梅えな、天海つばさ、冨安れおな、北条麻妃、佐山愛、田中ねね、櫻井まみ、永井みひな、詩月まどか、紫月ゆかり、桃瀬くるみ、蒼井結夏、琴石ゆめる、花沢ひまり、ERINA、市川愛茉、本真ゆり、栗宮ふたば、愛宝すず、白川ゆず、前田桃杏、百瀬あすか、藍芽みずき、日向なつ、楓ふうあ、吉岡ひより、愛沢さら、香椎花乃、新井リマ、るるちゃ。、琴音華、日泉舞香、梓ヒカリ、瀬名あまね、浜辺アンナ、花咲亜弥、天晴乃愛、倉本すみれ、楠有栖、月野かすみ、広瀬みつき、星谷瞳、九条みちる、水原みその、木咲あんな、橘ひなの、紺野みいな、瀬田一花、平井栞奈、宮崎リン、桜井千春、白桃はな、藤森里穂、有栖花あか、朝比奈ななせ、香澄りこ、叶恵みつは、はやのうた、朝倉ここな、広瀬りおな、本田瞳、大島せな、miru、一色彩葉、堀北わん、姫咲はな、七ツ森りり、天野るみ、天然美月、北野未奈、三舩みすず、工藤ララ、竹田まい、小野寺あおい、辻真希、松本いちか,https://www.javbus.com/RBB-240,
JUSD-986 汗ほとばしる人妻の圧倒的な腰振りで、一度も腰を動かさずに射精してしまった。総集編12時間,JUSD-986 汗ほとばしる人妻の圧倒的な腰振りで、一度も腰を動かさずに射精してしまった。総集編12時間,JUSD-986,,2022-08-05,720分鐘,,マドンナ,Madonna,一度も腰を動かせずに射精してしまった。,成熟的女人、合集、已婚婦女、數位馬賽克、女上位、高畫質、汗だく、DMM獨家,円城ひとみ、水城奈緒、木下凛々子、一色桃子、叶愛、北条麻妃、愛弓りょう、白石茉莉奈、水戸かな,https://www.javbus.com/JUSD-986,
MMFK-001 【福袋】レジェンド美熟女スペシャルベスト 40時間 2400分【FANZA限定】,MMFK-001 【福袋】レジェンド美熟女スペシャルベスト 40時間 2400分【FANZA限定】,MMFK-001,,2022-08-01,2435分鐘,,Mellow Moon（メロウムーン）,,,成熟的女人、中出、高畫質、16時間以上作品、福袋、DMM獨家,円城ひとみ、北条麻妃、宝田さゆり、加山なつこ、遠野麗子、近藤郁（近藤郁美）、小池絵美子、竹内梨恵、加納綾子、筒美かえで,https://www.javbus.com/MMFK-001,
MCSR-490 ヒストリーオブ不倫旅行 2 24人の人妻とゆく、一泊二日不貞の旅 すずきりりか 北条麻妃 仲間麗奈,MCSR-490 ヒストリーオブ不倫旅行 2 24人の人妻とゆく、一泊二日不貞の旅 すずきりりか 北条麻妃 仲間麗奈,MCSR-490,,2022-07-23,300分鐘,,ビッグモーカル,マスカット,ヒストリーオブ不倫旅行,已婚婦女、通姦、4小時以上作品,すずきりりか、北条麻妃、仲間麗奈,https://www.javbus.com/MCSR-490,
MCSR-00490 ヒストリーオブ不倫旅行2 24人の人妻とゆく、一泊二日不貞の旅,MCSR-00490 ヒストリーオブ不倫旅行2 24人の人妻とゆく、一泊二日不貞の旅,MCSR-00490,,2022-07-23,300分鐘,金子次郎,ビッグモーカル,マスカット,ヒストリーオブ不倫旅行,已婚婦女、4小時以上作品、高畫質、温泉、巨乳,すずきりりか、北条麻妃、福元美砂恵（仲間麗奈）、本庄瞳、原千草、朝桐光、篠田ゆう、青葉優香、西条沙羅、倉多まお、星あんず、菅野さゆき、希咲あや、浜崎真緒、新山かえで、平山こずえ、小峰ひなた、妃乃ひかり、星咲優菜、西條るり、北川エリカ、大塚れん、本真ゆり、瀬戸すみれ,https://www.javbus.com/MCSR-00490,
JUSD-984 アナタの1ヵ月とオナニーライフを彩る、S級人妻31人-。 Madonna美熟女SEXカレンダー2022 16時間,JUSD-984 アナタの1ヵ月とオナニーライフを彩る、S級人妻31人-。 Madonna美熟女SEXカレンダー2022 16時間,JUSD-984,,2022-07-22,960分鐘,,マドンナ,Madonna,Madonna美熟女SEXカレンダー,成熟的女人、合集、已婚婦女、數位馬賽克、乳房、DMM獨家,一乃あおい、愛弓りょう、神宮寺ナオ、水戸かな、小松杏、小早川怜子、友田真希、水川スミレ、谷原希美、初川みなみ、篠田ゆう、佐田茉莉子、黒川すみれ、高坂ニナ、水野朝陽、北野未奈、長嶋沙央梨、白花こう、栗山莉緒、一色桃子、安みなみ、綾瀬麻衣子、リリー・ハート、白石茉莉奈、向井藍、叶愛、森沢かな（飯岡かなこ）、北条麻妃、風間ゆみ、舞原聖、木下凛々子,https://www.javbus.com/JUSD-984,
JUSD-978 卒業式の後に…大人になった君へ義母からの贈り物―。総集編8時間,JUSD-978 卒業式の後に…大人になった君へ義母からの贈り物―。総集編8時間,JUSD-978,,2022-06-10,480分鐘,,マドンナ,Madonna,卒業式の後に…大人になった君へ義母からの贈り物―。,成熟的女人、合集、已婚婦女、數位馬賽克、中出、婆婆、DMM獨家,水戸かな、瀬戸奈々子、木下凛々子、北条麻妃、白石茉莉奈、綾瀬麻衣子、愛弓りょう、風間ゆみ,https://www.javbus.com/JUSD-978,
MBYD-359 「ひどい…非道すぎる…」悔しくてたまらないのにただ腰を振るしかない屈従人妻騎乗位BEST,MBYD-359 「ひどい…非道すぎる…」悔しくてたまらないのにただ腰を振るしかない屈従人妻騎乗位BEST,MBYD-359,,2022-05-13,240分鐘,,溜池ゴロー,溜池ゴロー,,合集、已婚婦女、中出、女上位、DMM獨家,澤村レイコ（高坂保奈美、高坂ますみ）、篠田あゆみ、通野未帆、川上奈々美、かすみ果穂、七草ちとせ、織田真子、春菜はな、森ななこ、西川ゆい、小川桃果、AIKA、大槻ひびき、三橋杏奈、円城ひとみ、五十嵐しのぶ、森沢かな（飯岡かなこ）、葵千恵、一条綺美香、谷原ゆき、杏、香山美桜、神ユキ、逢沢はるか（黒木琴音）、朱莉さとみ、今宮慶子、本城小百合、神納花、北川エリカ、岸杏南、高岡すみれ、風間ゆみ、北条麻妃、吉永あかね、美谷朱里、希島あいり、大場ゆい、潮見百合子、椎名ゆな、和泉潤、松井優子、めぐり（藤浦めぐ）、澁谷果歩、三浦恵理子、谷原希美、本田莉子、並木塔子、矢吹京子、華原亜美,https://www.javbus.com/MBYD-359,
MKMP-450 K.M.Produce創立20周年記念作品 激アツの精子を子宮にぶちまける中出しのエッグいSEX100人斬り2枚組8時間,MKMP-450 K.M.Produce創立20周年記念作品 激アツの精子を子宮にぶちまける中出しのエッグいSEX100人斬り2枚組8時間,MKMP-450,,2022-04-23,482分鐘,,ケイ・エム・プロデュース,million（ミリオン）,,合集、美少女、中出、4小時以上作品、高畫質、巨乳、DMM獨家,あおいれな、松本いちか、渚みつき、浜崎真緒、三原ほのか、麻里梨夏、あべみかこ、波木はるか、美咲かんな、椎名そら、きみと歩実、NAOMI、沙月とわ、小泉真希、天野美優、水野朝陽、一条みお、妃月るい、笹倉杏、優月まりな、倉多まお、橋本れいか、宝田もなみ、蓮実クレア、北川エリカ、枢木あおい、愛実れい、浅尾リカ、シェリー（Shelly、藤井シェリー）（しぇりー）、月野りさ、鈴木さとみ、成瀬心美（ここみ）、糸矢めい、ほしのみゆ、春咲あずみ、綾波ゆめ、夏川ゆか、山本美和子、川上ゆう（森野雫）、桐岡さつき、加藤ツバキ（夏樹カオル）、村上涼子（中村りかこ、黒木菜穂）、麻倉憂、椎名ゆな、羽月希、小早川怜子、さとう遥希、立花樹里亜、風間ゆみ、初美沙希、北条麻妃、加藤ももか、篠田ゆう、羽生アリサ、かなで自由、新井エリー（晶エリー、大沢佑香）、夢見照うた、八乃つばさ、有坂深雪、紺野ひかる、岬あずさ、跡美しゅり、長瀬麻美、河北はるな、七瀬いおり、星なこ、今井夏帆、藤森里穂、織田真子、吉良りん、佐知子、花沢ひまり、稲場るか、向井藍、かすみ果穂、美谷朱里、佐々木あき、佐倉絆、波多野結衣、春原未来、森沢かな（飯岡かなこ）、クリスティーン、星美りか、みほの（坂口みほの）、有村千佳、尾上若葉、絢森いちか、桜井あゆ、西条沙羅、通野未帆、大槻ひびき、AIKA、霧島さくら、KAORI、友田彩也香、澁谷果歩、三島奈津子、阿部乃みく、紗々原ゆり,https://www.javbus.com/MKMP-450,
LZBS-082 逃げ場のない密室で一日中イカされ続けレズの虜になった女たち 厳選ベスト5時間,LZBS-082 逃げ場のない密室で一日中イカされ続けレズの虜になった女たち 厳選ベスト5時間,LZBS-082,,2022-04-23,300分鐘,,レズれ！,レズれ！ ベスト,,女同性戀、合集、乳房、巨乳、DMM獨家,月野かすみ、美谷朱里、波多野結衣、蓮実クレア、篠田あゆみ、音無かおり、八乃つばさ、有沢実紗、星奈あい、久留木玲、向井藍、妃月るい、倉木しおり、黒川すみれ、北条麻妃、北川エリカ、二階堂ゆり、加藤あやの、羽川るな、桜井あゆ、友田彩也香、千乃あずみ、梨々花、三田杏、松宮ひすい,https://www.javbus.com/LZBS-082,
UREC-003 人妻×温泉 熟れコミ秘湯コレクション8時間 火照りゆく素肌、’浴衣’と’理性’が徐々に緩んで―。,UREC-003 人妻×温泉 熟れコミ秘湯コレクション8時間 火照りゆく素肌、’浴衣’と’理性’が徐々に緩んで―。,UREC-003,,2022-04-08,480分鐘,,マドンナ,熟れコミ,,成熟的女人、合集、已婚婦女、數位馬賽克、温泉、原作コラボ、DMM獨家,白石茉莉奈、北条麻妃、稲場るか、叶愛、織田真子、春菜はな、妃ひかり、佐山愛,https://www.javbus.com/UREC-003,
ATKD-331 拷問無残 本格ハードSM 8時間 BEST,ATKD-331 拷問無残 本格ハードSM 8時間 BEST,ATKD-331,,2022-04-01,480分鐘,朝霧浄,アタッカーズ,Attackers BEST,拷問無残,SM、紧缚、合集、巨乳、DMM獨家,篠田ゆう、西田カリナ、永井みひな、有坂深雪、北条麻妃、友田彩也香,https://www.javbus.com/ATKD-331,
JUSD-969 2021年Madonna全452タイトル 12時間 ￥1980,JUSD-969 2021年Madonna全452タイトル 12時間 ￥1980,JUSD-969,,2022-03-18,720分鐘,,マドンナ,Madonna,,成熟的女人、合集、各種職業、已婚婦女、數位馬賽克、DMM獨家,友田真希、風間ゆみ、加藤ツバキ（夏樹カオル）、初音みのり、武藤あやか、結城のの、有沢実紗、神宮寺ナオ、一色桃子、谷原希美、紗々原ゆり、水野朝陽、初川みなみ、橘メアリー、金谷うの、白石茉莉奈、並木塔子、乃木蛍、リリー・ハート、向井藍、小早川怜子、倉多まお、白木優子、よしい美希（伊沢涼子、吉井美希）、由愛可奈、篠田ゆう、本真ゆり、北条麻妃、春菜はな、もちづきる美、大槻ひびき、成澤ひなみ、佐々木夏菜、川村晴、静河真理子、水原みその、斎藤まりな、小松杏、成海美雨、藍川美穂、田中美矢、青山れな、弘中優、水戸かな、舞原聖、弘千花碧、松田優子、愛弓りょう、大原理央、水野優香、壇凛沙、天然かのん、瀬名未来、月島さくら、北川真由香、広瀬梓、成咲優美、東希美、鈴乃広香、飛鳥りいな、喜久田みつは、紫月ゆかり、希咲鈴々花、水蜜りえ、叶愛、花沢ひまり、辻井ほのか、青田悠華、沙月恵奈、丹羽すみれ、堀内未果子、羽田希、綾瀬麻衣子、奈良崎みづき、中野七緒、和泉貴子、木下凛々子、加峰幸香、椿原みゆ、小笠原るい、松岡なつ美、天河みなせ、麻生ひより、小林真梨香、さつき芽衣、平岡里枝子、卯月ちはや、もなみ鈴、佐伯由美香、舞奈みく、早見なな、田原凛花、岸えま、市川京子、長嶋沙央梨、岡江凛、雨森塔子、中城葵、天野るみ、北野未奈、小野寺あおい、奈津音秋帆、及川うみ、松嶋保奈美、朝倉ここな、星咲リサ、渡辺まお、高比良いおり、碧棺りか、美月桜花、本田瞳、柊紗栄子、成美このは、木村穂乃香、春明潤、児玉れな、真谷しほ、桃野りみ、市来まひろ、月乃ルナ、宮園咲良、川北メイサ、小野寺真優、蘭華、栗山莉緒、七瀬アリス、鈴川莉茉、笹原カレン、坂井希、北乃ゆな、朝倉りょう、七瀬いおり、有岡みう、夏希ゆめ、安みなみ、佐久間泉、白桃はな、竹内夏希、藤森里穂、永田莉雨、朝比奈ななせ、三尾めぐ、永野優、花狩まい、米倉穂香、平井栞奈,https://www.javbus.com/JUSD-969,
OPBD-196 糞汁大噴射BEST 26作品4時間,OPBD-196 糞汁大噴射BEST 26作品4時間,OPBD-196,,2022-03-18,240分鐘,,オペラ,OPERA,,糞便、排便、合集、灌腸、巨尻、DMM獨家,北条麻妃、樹花凜（七咲楓花）、鮎原いつき、久我かのん、玉木なるみ、こずえまき、宮川れみ、高司奏、水嶋あい、紺野渚、宮崎由麻、牧野絵里、井上リカ、宮永香織、希咲あや、碧木凛、架純、槇原愛菜、塚本アンナ、葵紫穂、沢城百合、白咲未羽（白咲美羽）、桐谷みいな,https://www.javbus.com/OPBD-196,
RBB-230 女の子多数と男1人の幸せすぎるよりどりハーレムタイム8時間 もうチ○ポがもちませーーーん！！！,RBB-230 女の子多数と男1人の幸せすぎるよりどりハーレムタイム8時間 もうチ○ポがもちませーーーん！！！,RBB-230,,2022-03-04,480分鐘,,ROOKIE,ROOKIE,ROOKIEベスト,蕩婦、濫交、多P、ハーレム、キス・接吻、DMM獨家,君島みお、八乃つばさ、椎名そら、河南実里、藍芽みずき、岬ななみ、星仲ここみ、前乃菜々、葉月レイラ、渚みつき、深田結梨、森本つぐみ、蓮実クレア、田中ねね、小島みなみ、葵つかさ、森日向子、橘メアリー、百瀬あすか、優梨まいな、橘ひなの、伊東める、松本いちか、花沢ひまり、星奈あい、白桃はな、大槻ひびき、武田真、波多野結衣、枢木あおい、深田えいみ、美谷朱里、真木今日子、鈴木さとみ、三原ほのか、川上奈々美、希島あいり、花音うらら、吉根ゆりあ、麻里梨夏、川口葉純、篠田ゆう、倉多まお、天海つばさ、羽咲みはる、秋山祥子、野々宮蘭、北条麻妃、AIKA、七瀬ひな、山本蓮加、稲場るか、愛乃零、優月まりな、凛音とうか、桐嶋りの、泉ののか、宇多田あみ、神咲紗々、笹倉杏、山岸逢花、相沢みなみ、鷲尾めい、奥田咲、吉高寧々、星宮一花、白葉りこ、弥生みづき、逢見リカ、椿りか、今井夏帆、妃ひかり、七瀬あいり、松永さな、宝田もなみ、日向うみ、友田真希、早川瑞希、橋本ありな、水戸かな,https://www.javbus.com/RBB-230,
KMDS-20541 カマタ映像美熟女ベスト 奇跡の美貌マドンナ20人240分2,KMDS-20541 カマタ映像美熟女ベスト 奇跡の美貌マドンナ20人240分2,KMDS-20541,,2022-02-25,241分鐘,,カマタ映像,カマタ映像,カマタ映像 ○○ベスト,成熟的女人、4小時以上作品,矢代美智代、内田美奈子、須藤紀子、矢吹涼華、小早川怜子、北条麻妃、高嶋美鈴、鏡涼子、高嶋碧、真中いずみ、松本まりな、新澤久美子、伊集院茜、阿部珠緒、高梨幹子、名城翠、植木美彩、高田典子、清川慶子、進藤由紀乃,https://www.javbus.com/KMDS-20541,
BKSP-305-F 女の子のオシッコ 4時間 Vol.4,BKSP-305-F 女の子のオシッコ 4時間 Vol.4,BKSP-305-F,,2022-02-23,240分鐘,,アイエナジー,BKSP,,羞恥、ベスト、総集編,内倉麻衣、君野ゆめ、菜菜美ねい、葉山潤子、北条麻妃、みづなれい、姫乃杏樹、妃悠愛、大沢美加、しずく,https://www.javbus.com/BKSP-305-F,
HMIX-009 衝撃の人妻レ●プ事件！！ 無茶苦茶に犯●れ望まない快楽に悶えイキ！！ 20人 4時間,HMIX-009 衝撃の人妻レ●プ事件！！ 無茶苦茶に犯●れ望まない快楽に悶えイキ！！ 20人 4時間,HMIX-009,,2022-02-19,240分鐘,,グローバルメディアエンタテインメント,ハイパーミックス（グローバルメディアエンタテインメント）,,成熟的女人、野外・露出、合集、DMM獨家,東条蒼、羽田希、川原かなえ、若宮はずき、宇佐美なな、北条麻妃、本庄ありさ、結城みさ、塚田詩織、優木なお、翔田千里、横山夏希、川上ゆう（森野雫）、瀬戸すみれ、折原ゆかり、五十嵐しのぶ、中島あいり、小早川怜子、赤瀬尚子、水森めぐ,https://www.javbus.com/HMIX-009,
MBYD-353 「もうイッてるってばー！」年下男の絶倫すぎるエネルギッシュピストンに欲求不満の人妻たちが何度も快感堕ちBEST,MBYD-353 「もうイッてるってばー！」年下男の絶倫すぎるエネルギッシュピストンに欲求不満の人妻たちが何度も快感堕ちBEST,MBYD-353,,2022-02-11,240分鐘,,溜池ゴロー,溜池ゴロー,,合集、已婚婦女、中出、出軌、DMM獨家,川上奈々美、西條るり、希島あいり、山口珠理、松本まりな、伊織涼子、川上ゆう（森野雫）、七海ひさ代、白鳥聖子、広瀬奈々美（堀口奈津美）、佐々木あき、真波紫乃、芦名未帆（稲森しほり）、翔田千里、青山葵、星野あかり、大浦真奈美、三浦恵理子、結城みさ、飯倉えりか、上原千尋、愛咲れいら（原千尋）、音無かおり、浅井舞香、篠田あゆみ、矢田美紀子、並木塔子、内海みう、佐藤りこ、新田真美、関根奈美、めぐり（藤浦めぐ）、北条麻妃、秋野千尋、波多野結衣、若菜奈央、長澤あずさ、円城ひとみ、八乃つばさ、西川ゆい、矢部寿恵、東凛、佐藤みき（佐藤美紀、鈴木志帆）、AIKA、桃瀬ゆり,https://www.javbus.com/MBYD-353,
JUSD-961 地元へ帰省した三日間、ずっと憧れていた最愛の人と時を忘れて愛し合った記録―。 総集編8時間,JUSD-961 地元へ帰省した三日間、ずっと憧れていた最愛の人と時を忘れて愛し合った記録―。 総集編8時間,JUSD-961,,2022-01-21,480分鐘,,マドンナ,Madonna,地元へ帰省した三日間、人妻になっていた憧れの○○,成熟的女人、合集、已婚婦女、數位馬賽克、通姦、乳房、DMM獨家,北条麻妃、水野優香、加藤ツバキ（夏樹カオル）、白石茉莉奈、叶愛、三尾めぐ、愛弓りょう、水野朝陽,https://www.javbus.com/JUSD-961,
JUSD-963 快感でヒクつく人妻マ○コに大量発射！！ 射精直前の激ピス中出しラッシュ202発！！,JUSD-963 快感でヒクつく人妻マ○コに大量発射！！ 射精直前の激ピス中出しラッシュ202発！！,JUSD-963,,2022-01-21,480分鐘,,マドンナ,Madonna,,成熟的女人、合集、已婚婦女、數位馬賽克、中出、DMM獨家,友田真希、沢田麗奈、山口珠理、青木玲、本真ゆり、北条麻妃、もちづきる美、加藤ツバキ（夏樹カオル）、白木優子、八乃つばさ、有沢実紗、逢見リカ、根尾あかり、佐々木れい、遥あやね、有坂深雪、君島みお、星奈あい、菅野真穂、加瀬ななほ、篠田ゆう、丸千香子、由愛可奈、日向うみ、あべみかこ、桜樹玲奈、篠崎かんな、牧村彩香、稲場るか、星咲マイカ、白石茉莉奈、向井藍、小早川怜子、武藤あやか、音海里奈、米倉穂香、朝陽えま、小梅えな、妃ひかり、辻井ほのか、綾瀬麻衣子、木下凛々子、悠木あやね、米津響、麻生ひより、小林真梨香、神坂朋子、さつき芽衣、叶愛、蘭華、鈴川莉茉、笹原カレン、ジューン・ラブジョイ、北乃ゆな、平井栞奈、白桃はな、藤森里穂、大森しずか、佐藤エル、吹石れな、桜井萌、流田みな実、岡江凛、佐野栞、豊崎みさと、田中ねね、吉瀬菜々子、田原凛花、北川真由香、広瀬梓、春咲りょう、リリー・ハート、水戸かな、橘メアリー、三船かれん、水樹璃子、初川みなみ、吉根ゆりあ、永井みひな、三浦歩美、枢木あおい、陸畑ひなの、大島優香、秋山祥子、香澄しおり、谷原希美、通野未帆、一色桃子、東凛、生駒みちる、水野朝陽、峰田ななみ、霧島レオナ、桃野りみ、星咲リサ、渡辺まお、新川愛七、本田瞳、柊紗栄子、木村穂乃香、春明潤、児玉れな、今井ひまり、佐知子、神宮寺ナオ、鈴乃広香、瀬戸奈々子、川合らな、椿りか、小松杏、藍川美穂、東希美、舞原聖、愛弓りょう、大原理央、水野優香、甘乃つばき,https://www.javbus.com/JUSD-963,
DVAJ-555 顔に膣内にドピュドピュ出しまくる気持ちいい射精の瞬間104連発,DVAJ-555 顔に膣内にドピュドピュ出しまくる気持ちいい射精の瞬間104連発,DVAJ-555,,2022-01-08,300分鐘,神田うさぎ,アリスJAPAN,アリスJAPAN,,合集、中出、4小時以上作品、高畫質、顏射、男の潮吹き、DMM獨家,葵つかさ、逢沢まりあ、大槻ひびき、奥田咲、桜リエ、さくら悠、小森愛、小橋咲、琥珀うた、古知亜美莉、小嶋ジュンナ、絵色千佳、北条麻妃、織田真子、管野しずか、川菜美鈴、川上奈々美、小島みなみ、紺野ひかる、愛音まひろ、桐嶋もも香、妃すみれ、加藤なつみ、乙葉ななせ、藍原佐理衣、朝香涼、麻倉憂、浅乃ハルミ、芦名未帆（稲森しほり）、雨宮琴音、板野有紀、伊東エリ、卯水咲流、うるや真帆、あいださくら、桜川とう美、相島奈央、柏木鈴、和葉みれい（藤白まき）、長瀬麻美、白川ゆり、南まゆ、前原友紀、堀内美希、平井七菜子、埴生みこ、野波麻衣、西川りおん、長澤えりな、仲丘たまき（片岡まきな）、美里有紗、水城りの、篠田あゆみ、園咲杏里、結菜はるか、森苺莉、百花エミリ、宮崎あや、水原さな、水沢真樹、徳永しおり、RUMIKA、みづなれい（みずなれい）、真野ゆりあ、澁谷果歩、希志あいの、麻美ゆま、佳苗るか、初美沙希、南梨央奈、湊莉久、愛内希、芹沢ゆい、瀬名あゆむ（広瀬藍子）、Alice（鈴木ありす）、杉崎杏梨、星野ひびき、紗奈、つぼみ、愛花沙也、遥花しいな,https://www.javbus.com/DVAJ-555,
JUSD-959 人妻の脳内がチ○ポに支配される串刺し乱交BEST 8時間,JUSD-959 人妻の脳内がチ○ポに支配される串刺し乱交BEST 8時間,JUSD-959,,2022-01-07,480分鐘,,マドンナ,Madonna,,成熟的女人、濫交、口交、合集、已婚婦女、數位馬賽克、DMM獨家,牧村彩香、水戸かな、根尾あかり、凛音とうか、石原希望、白木優子、舞原聖、澤村レイコ（高坂保奈美、高坂ますみ）、甘乃つばき、北条麻妃、一色桃子、友田真希、赤瀬尚子、青木玲、神宮寺ナオ、リリー・ハート、倉多まお、丹羽すみれ、美月桜花、愛弓りょう、七瀬いおり、木下凛々子、由愛可奈、三尾めぐ、鈴川莉茉、岡江凛、白石茉莉奈,https://www.javbus.com/JUSD-959,
YVG-036 黒光するデカマラ黒人とチ○ポを愉しむ美熟女たち8時間16人,YVG-036 黒光するデカマラ黒人とチ○ポを愉しむ美熟女たち8時間16人,YVG-036,,2021-12-18,480分鐘,,グローリークエスト,GLORY QUEST,,合集、多P、デカチン・巨根、DMM獨家、黑人演員,水澤まお（永沢まおみ）、宇佐美なな、北川礼子、相浦茉莉花、高城彩、有森涼（事原みゆ）、北条麻妃、浅井舞香、華月さくら、澤村レイコ（高坂保奈美、高坂ますみ）、小早川怜子、高瀬杏、松島香織、松岡香純、水上由紀恵、片瀬仁美,https://www.javbus.com/YVG-036,
JUSD-954 膣奥を貫く激ピスRUSH！！絶頂回数200回！！ デカチ○SEXに抗えない人妻達 8時間,JUSD-954 膣奥を貫く激ピスRUSH！！絶頂回数200回！！ デカチ○SEXに抗えない人妻達 8時間,JUSD-954,,2021-12-10,480分鐘,,マドンナ,Madonna,,成熟的女人、已婚婦女、數位馬賽克、通姦、戲劇、デカチン・巨根、DMM獨家,友田真希、一色桃子、澤村レイコ（高坂保奈美、高坂ますみ）、岡江凛、北条麻妃、我妻里帆、白木優子、吉川あいみ、青木玲、白石茉莉奈、加藤ツバキ（夏樹カオル）、木下凛々子、水野朝陽、大島優香、初音みのり、春明潤、本真ゆり、三浦歩美、山口珠理、北川真由香、水戸かな、神宮寺ナオ、小松杏,https://www.javbus.com/JUSD-954,
HODV-21636 h.m.p 平成女神伝説2,HODV-21636 h.m.p 平成女神伝説2,HODV-21636,,2021-12-03,1001分鐘,,h.m.p,h.m.p,h.m.p 平成女神伝説,成熟的女人、合集、美少女、複刻版、16時間以上作品、巨乳,星野ひかる、白石ひとみ、初美沙希、佐々木あき、ほしのみゆ、つぼみ、波多野結衣、成瀬心美、北条麻妃、篠田ゆう,https://www.javbus.com/HODV-21636,
KND-024 黒人巨大マラvs日本人美女 輪●陵●大乱交マ●コ破壊FUCK！！ 10枚組 1290分,KND-024 黒人巨大マラvs日本人美女 輪●陵●大乱交マ●コ破壊FUCK！！ 10枚組 1290分,KND-024,,2021-11-20,1290分鐘,,グローバルメディアエンタテインメント,長期熟成グローバル,黒人巨大マラ VS,成熟的女人、合集、凌辱、DMM獨家、黑人演員,松本まりな、川上ゆう（森野雫）、椎名ゆな、結城みさ、北条麻妃、蒼乃幸恵、桐岡さつき、紫彩乃、小早川怜子、華原美奈子,https://www.javbus.com/KND-024,
HMIX-006 濃厚ねっとり美熟女レズビアン 女体が絡み快楽を貪り合う美しく卑猥な同性交尾 10組 4時間,HMIX-006 濃厚ねっとり美熟女レズビアン 女体が絡み快楽を貪り合う美しく卑猥な同性交尾 10組 4時間,HMIX-006,,2021-11-20,240分鐘,,グローバルメディアエンタテインメント,ハイパーミックス（グローバルメディアエンタテインメント）,,成熟的女人、女同性戀、合集、女同接吻、DMM獨家,翔田千里、音羽文子、桜木えみ香、水上由紀恵、桐原あずさ（伊藤あずさ）、内原美智子、風間ゆみ、羽生アリサ、福田由貴、川上ゆう（森野雫）、北条麻妃、森ななこ、円城ひとみ、瀬奈ジュン、友田真希、葉山りん、森下美緒,https://www.javbus.com/HMIX-006,
BMW-244 男なら一生に一度は媚薬でキマッた美女を生ハメ中出しで突きまくりたい…よな？！発禁覚悟のヤバ過ぎ50本番,BMW-244 男なら一生に一度は媚薬でキマッた美女を生ハメ中出しで突きまくりたい…よな？！発禁覚悟のヤバ過ぎ50本番,BMW-244,,2021-10-29,240分鐘,,ワンズファクトリー,WANZ,,合集、花癡、美少女、中出、巨乳、DMM獨家,つぼみ、JULIA、椎名そら、月乃ルナ、優梨まいな、北条麻妃、神波多一花、水谷心音（藤崎りお）、跡美しゅり、加瀬ななほ、北川エリカ、蓮実クレア、波多野結衣、サリー、姫咲はな、AIKA、星奈あい、桐谷まつり、奏音かのん、西田カリナ、夕季ちとせ、紅音レイラ、佐々木あき、有坂深雪、愛須心亜、川菜美鈴、佐知子、麻倉憂、森苺莉、新井エリー（晶エリー、大沢佑香）、碧しの（篠めぐみ）、稲川なつめ、工藤美紗、鈴木さとみ、水沢みゆ、大場ゆい、香山美桜、佐山愛,https://www.javbus.com/BMW-244,
MCSR-458 死ぬまでに1発ヤリたい！！ 不倫してでも中出ししたいエロ熟女4時間！！ 北条麻妃、五十嵐しのぶ、本真ゆり…他 センズリ中毒注意！！人妻エロSEX10人！！,MCSR-458 死ぬまでに1発ヤリたい！！ 不倫してでも中出ししたいエロ熟女4時間！！ 北条麻妃、五十嵐しのぶ、本真ゆり…他 センズリ中毒注意！！人妻エロSEX10人！！,MCSR-458,,2021-10-23,239分鐘,枡郭雄,ビッグモーカル,マスカット,,成熟的女人、已婚婦女、高畫質、出軌,北条麻妃、五十嵐しのぶ、本真ゆり,https://www.javbus.com/MCSR-458,
OPBD-191 スカトロ初解禁BEST,OPBD-191 スカトロ初解禁BEST,OPBD-191,,2021-10-22,240分鐘,,オペラ,OPERA,,糞便、排便、合集、巨尻、巨乳、DMM獨家,松ゆきの、北条麻妃、小日向まい、朝桐光、逢沢はるか（黒木琴音）、玉木なるみ、速美もな、赤渕蓮、新尾きり子、金島裕子,https://www.javbus.com/OPBD-191,
CADV-827 CRYSTAL THE BEST 8時間 2020 下半期,CADV-827 CRYSTAL THE BEST 8時間 2020 下半期,CADV-827,,2021-10-09,479分鐘,,クリスタル映像,CRYSTAL EX,CRYSTAL THE BEST,玩具、第一人稱攝影、紧缚、合集、已婚婦女、美少女、中出、4小時以上作品、高畫質、處男、温泉、巨乳、DMM獨家、女傭、學校泳裝,逢見リカ、石原希望、吉良りん、花沢ひまり、広瀬うみ、渚みつき、山本美和子、七瀬ゆい（羽田未来）、一条綺美香、二條紗絵子、宮崎あや、三島奈津子、ayami（赤西涼、まひる）、君島みお、三上由梨絵、有村千佳、穂高ゆうき、AIKA、北条麻妃、真矢志穂、杏子ゆう、天音ありす、千乃あずみ、大田ゆりか、奏音かのん、稲場るか、桐岡さつき、柴崎ひかる、西城玲華、加藤ツバキ（夏樹カオル）、辺見麻衣、逢坂りの、里仲ゆい、武井希美、篠宮ゆり、君嶋かほる、京野ななか、佐々波エリカ、環ニコ、織田真子、福山美佳、紗霧ひなた、朝川静香、鈴木さとみ、三雲ゆり子、小鳥遊ももえ、仁美まどか、松本菜奈実、さくらい葉菜、夏希まろん、露梨あやせ、枢木あおい、河北はるな、朝陽えま、神咲まい、松本いちか、桜井千春、弥生みづき、椿りか、池谷佳澄,https://www.javbus.com/CADV-827,
KSBJ-160 美しい胸とクビレが堪らない！Sライン女優12人,KSBJ-160 美しい胸とクビレが堪らない！Sライン女優12人,KSBJ-160,,2021-10-02,240分鐘,,KSB企画/エマニエル,KSB企画/エマニエル,,苗條、合集、乳房、4小時以上作品、高畫質、巨乳、エマニエル、DMM獨家,二宮和香、沙原さゆ、上原千佳、神ユキ、北条麻妃、中条カノン、AIKA、滝本エレナ、君島みお、葵紫穂、瀬名ひかり、堀内秋美,https://www.javbus.com/KSBJ-160,
HMIX-004 厳選！！ 麗しの熟女湯屋 ヌルべちょ熟女の中出しソープ 20人 4時間,HMIX-004 厳選！！ 麗しの熟女湯屋 ヌルべちょ熟女の中出しソープ 20人 4時間,HMIX-004,,2021-09-25,240分鐘,,グローバルメディアエンタテインメント,ハイパーミックス（グローバルメディアエンタテインメント）,中出しソープ,成熟的女人、合集、乳液、主觀視角、高畫質、ヘルス・ソープ、DMM獨家,青井マリ、翔田千里、音羽文子、時田こずえ、櫻井ゆうこ、沢口みき、友田真希、矢沢美奈、北川瞳、美原咲子、広瀬ゆかり、蒼乃幸恵、桐島綾子、松坂華苗、矢部寿恵、藤下梨花、葉月奈穂（葉月菜穂）、富沢みすず、北条麻妃、早川ゆり,https://www.javbus.com/HMIX-004,
JUSD-943 「ダメっ…中だけは絶対出しちゃダメぇぇぇぇ！！」望まない中出しSEXの快感に抗えず絶頂を繰り返す人妻 49連発 12時間,JUSD-943 「ダメっ…中だけは絶対出しちゃダメぇぇぇぇ！！」望まない中出しSEXの快感に抗えず絶頂を繰り返す人妻 49連発 12時間,JUSD-943,,2021-09-10,720分鐘,,マドンナ,Madonna,,成熟的女人、合集、已婚婦女、數位馬賽克、中出、DMM獨家,さつき芽衣、綾瀬麻衣子、岡江凛、花音うらら、神宮寺ナオ、水戸かな、水野朝陽、水野優香、瀬戸奈々子、石原希望、倉多まお、新川愛七、小林真梨香、初音みのり、篠田ゆう、広瀬梓、向井藍、月島さくら、叶愛、辻井ほのか、春明潤、笹原カレン、椿りか、谷原希美、鈴乃広香、鈴川莉茉、由愛可奈、花沢ひまり、北川真由香、北条麻妃、峰田ななみ、平井栞奈、舞原聖、飛鳥りいな、白木優子、白石茉莉奈、東希美、渡辺まお、田中ねね、木村穂乃香、麻生ひより,https://www.javbus.com/JUSD-943,
MCSR-450 こんにちは。近所に住むスケベな変態おばさん18人4時間,MCSR-450 こんにちは。近所に住むスケベな変態おばさん18人4時間,MCSR-450,,2021-08-28,245分鐘,亀ヶ島三郎,ビッグモーカル,マスカット,,成熟的女人、其他戀物癖、已婚婦女、通姦、4小時以上作品、高畫質,安野由美、広瀬奈々美（堀口奈津美）、高瀬杏、上川晴子、湯川美智子、内村りな、北条麻妃、矢部寿恵、遥花しいな、椿かなり、中嶋礼子、竹内梨恵、大森涼子、西野エリカ、水野淑恵、水元恵梨香、上島美都子、林原秀美,https://www.javbus.com/MCSR-450,
REAL-775 「こ、これ以上はもうムリぃぃぃぃぃぃぃぃ」アクメ美女56名の限界を超えた極限エクスタシー！！大大大絶頂102連発BEST！！4時間,REAL-775 「こ、これ以上はもうムリぃぃぃぃぃぃぃぃ」アクメ美女56名の限界を超えた極限エクスタシー！！大大大絶頂102連発BEST！！4時間,REAL-775,,2021-08-21,245分鐘,K太郎,レアルワークス,REAL（レアルワークス）,,合集、花癡、高中女生、アクメ・オーガズム、DMM獨家,有坂深雪、大浦真奈美、あおいれな、阿部乃みく、水野朝陽、羽月希、あべみかこ、穂高ゆうき、麻里梨夏、尾上若葉、高杉麻里、姫川ゆうな、宮崎あや、椎名そら、佳苗るか、なつめ愛莉、跡美しゅり、卯水咲流、吉川あいみ、澁谷果歩、妃月るい、枢木あおい、山井すず、三原ほのか、南梨央奈、篠田あゆみ、新山かえで、橘優花、原千草、浜崎真緒、内村りな、北条麻妃、さとう遥希、山本美和子、乙葉ななせ、永井みひな、紺野ひかる、一条みお、望月りさ、篠宮ゆり、波多野結衣,https://www.javbus.com/REAL-775,
JUSD-941 射精直前のフェラチオ＆激ピストンラッシュ 極濃ザーメンを人妻のトロけ顔にブチ撒ける大量顔射 179連発BEST,JUSD-941 射精直前のフェラチオ＆激ピストンラッシュ 極濃ザーメンを人妻のトロけ顔にブチ撒ける大量顔射 179連発BEST,JUSD-941,,2021-08-20,480分鐘,,マドンナ,Madonna,,成熟的女人、合集、已婚婦女、數位馬賽克、顏射、DMM獨家,友田真希、沢田麗奈、山口珠理、加藤ツバキ（夏樹カオル）、神宮寺ナオ、美園和花、大島優香、紗々原ゆり、谷原希美、通野未帆、一色桃子、七緒夕希、生駒みちる、舞咲璃、君島みお、武藤あやか、山岸逢花、稲場るか、白石茉莉奈、向井藍、小早川怜子、東凛、天然かのん、雪乃つばき、柏木あみ、小松杏、石原希望、真田紗也子、桜井ゆみ、水野朝陽、三浦歩美、水戸かな、月島さくら、北川真由香、広瀬梓、リリー・ハート、乃木はるか、さとう白音、希島あいり、水野優香、織田真子、花音うらら、白木優子、由愛可奈、篠田ゆう、本真ゆり、REMI、長谷川りさ、初音みのり、倉多まお、北条麻妃、うららか麗、久留木玲、奈良崎みづき、豊崎みさと、叶愛、花沢ひまり、神坂朋子、青山水穂、妃ひかり、綾瀬麻衣子、流川千穂、木下凛々子、香坂のあ、中野七緒、星咲リサ、渡辺まお、本田瞳、青木珠菜、木村穂乃香、春明潤、中城葵、瀬月秋華、岡江凛、吉良りん、三岳ゆうな、真谷しほ、峰田ななみ、鈴乃広香、森梨々花、瀬戸奈々子、今野つばき、平井栞奈、米津響、麻生ひより、小林真梨香、米倉穂香、宮園咲良、鈴川莉茉、奈津音秋帆、北乃ゆな、和泉貴子、七瀬いおり、東條なつ、市来まひろ、武井希美、白桃はな、三尾めぐ、加賀美さら、笹原カレン,https://www.javbus.com/JUSD-941,
JUSD-940 イチオシ！！S級人妻たちを日替わり堪能できる1ヵ月！！ Madonna美熟女SEXカレンダー2021 16時間,JUSD-940 イチオシ！！S級人妻たちを日替わり堪能できる1ヵ月！！ Madonna美熟女SEXカレンダー2021 16時間,JUSD-940,,2021-08-20,960分鐘,,マドンナ,Madonna,Madonna美熟女SEXカレンダー,成熟的女人、合集、已婚婦女、數位馬賽克、乳房、DMM獨家,加藤ツバキ（夏樹カオル）、水戸かな、篠田ゆう、水野優香、神宮寺ナオ、岡江凛、白石茉莉奈、石原希望、木下凛々子、藤森里穂、三尾めぐ、由愛可奈、小松杏、米倉穂香、リリー・ハート、舞原聖、北条麻妃、向井藍、希島あいり、一色桃子、友田真希、本田瞳、叶愛、水野朝陽、武藤あやか、谷原希美、本真ゆり、綾瀬麻衣子、瀬戸奈々子、白木優子、初音みのり,https://www.javbus.com/JUSD-940,
BDSR-455 騎乗位の人妻たち 欲情妻36人4時間,BDSR-455 騎乗位の人妻たち 欲情妻36人4時間,BDSR-455,,2021-07-24,240分鐘,メカテス武田,ビッグモーカル,ビッグモーカル,,其他戀物癖、已婚婦女、女上位、高畫質、巨乳,川上ゆう（森野雫）、すずきりりか、管野しずか、北谷静香、川村典子、平山こずえ、星野あかり、牧原れい子、青山真希、新尾きり子、持田美琴、大島あいる、逢沢はるか（黒木琴音）、福元美砂恵（仲間麗奈）、間宮ココ、立花さや、知世奏、町村小夜子、桐岡さつき、本庄瞳、綾瀬みなみ、三浦恵理子、西條るり、有沢りさ、青山ゆい、北条麻妃、弓束ちはや、妃乃ひかり、星咲優菜、杉原えり、中森玲子、早見るり、優木あおい、小峰ひなた、眞木あずさ、北川エリカ,https://www.javbus.com/BDSR-455,
NANX-232 綺麗でエッチなおねえさんが街でウブそうな素人女子をレズナンパ 3,NANX-232 綺麗でエッチなおねえさんが街でウブそうな素人女子をレズナンパ 3,NANX-232,,2021-07-18,240分鐘,長澤純,ナンパHEAVEN,ナンパHEAVEN,綺麗でエッチなおねえさんが街でウブそうな素人女子をレズナンパ,女同性戀、獵豔、姐姐、女同接吻、高畫質、DMM獨家,羽田希、井上綾子、北条麻妃、塚田詩織、京野美麗、並木塔子,https://www.javbus.com/NANX-232,
HYJD-002 グローバルメディア20周年記念特別作品！！ 最新人気シリーズベストBOX 豪華5枚組100作品収録1200分 今回のためだけに新規編集でオイシイところだけ詰め込んだヌキどころ満載の大満足な20時間,HYJD-002 グローバルメディア20周年記念特別作品！！ 最新人気シリーズベストBOX 豪華5枚組100作品収録1200分 今回のためだけに新規編集でオイシイところだけ詰め込んだヌキどころ満載の大満足な20時間,HYJD-002,,2021-07-18,1200分鐘,,グローバルメディアエンタテインメント,ハイパー熟道,,成熟的女人、合集、已婚婦女、戲劇、DMM獨家,小野さち子、平岡里枝子、池谷佳純、一ノ瀬あやめ、水元恵梨香、美堂かなえ、富樫由紀子、五十嵐しのぶ、加山なつこ、佐々木あき、川上ゆう（森野雫）、佐倉由美子、横山夏希、高瀬智香、風間ゆみ、円城ひとみ、翔田千里、音羽文子、上島美都子、大嶋しのぶ、鮎川るい、甘乃つばき、中山穂香、青井マリ、時田こずえ、柏木舞子、及川里香子、内原美智子、森下美緒、近藤郁（近藤郁美）、小早川怜子、庄司優喜江、白鳥寿美礼、藍川美夏、葵紫穂、南澤ゆりえ、成宮いろは、田所百合、かなで自由、北村敏世、三原ほのか、美泉咲、結城みさ、佐々木恋海（向井恋）、元山はるか、今亜理紗、七海ひさ代、羽月希、松本まりな、折原ゆかり、瀬戸すみれ、北条麻妃、古川祥子、春原未来、松坂美紀、秋場莉緒、神波多一花、北川エリカ、猪原由紀子、白河里奈、来生れい、赤瀬尚子、富沢みすず、華原美奈子、今浪優、松尾江里子、烏丸まどか、戸澤佳子、冴木真子,https://www.javbus.com/HYJD-002,
FKHUNT-002 【VRお中元セット】大ヒット作詰め合わせ！ノーカット2177分完全収録！ 夏バテをぶっ飛ばせ！納涼大放出祭り！忘れられない夏にしようぜ！2021,FKHUNT-002 【VRお中元セット】大ヒット作詰め合わせ！ノーカット2177分完全収録！ 夏バテをぶっ飛ばせ！納涼大放出祭り！忘れられない夏にしようぜ！2021,FKHUNT-002,,2021-07-16,2183分鐘,,Hunter,,,成熟的女人、女同性戀、姐姐、巨尻、VR専用、巨乳、ハイクオリティVR、福袋、DMM獨家,深田えいみ、君島みお、北条麻妃、根尾あかり、宮崎あや、森下美怜、紗々原ゆり、新村あかり、永井マリア、松ゆきの、松下紗栄子、七海ゆあ、皆月ひかる、富田優衣、野々原なずな、森沢かな（飯岡かなこ）、宮沢ちはる、水谷あおい、桃尻かのん、天希ユリナ、石川ひかる、鈴木みか、天月叶菜、愛波りりか,https://www.javbus.com/FKHUNT-002,
AVS-025 【お中元セット】猛暑の中でもヌキまくり！日頃の感謝を込めて贈るAVScollector’sスペシャルエロギフト1740分,AVS-025 【お中元セット】猛暑の中でもヌキまくり！日頃の感謝を込めて贈るAVScollector’sスペシャルエロギフト1740分,AVS-025,,2021-07-16,1746分鐘,木村浩之,AVS collector’s,,,成熟的女人、淫語、拘束、高畫質、16時間以上作品、巨乳、福袋、DMM獨家,谷原希美、水野朝陽、君島みお、高梨りの、音海里奈、北条麻妃、永井みひな、推川ゆうり、川菜美鈴、凛音とうか、加藤ももか、渚みつき、風間ゆみ、最上さゆき,https://www.javbus.com/AVS-025,
KSBJ-145 やっぱり熟女が一番エロい！！22人,KSBJ-145 やっぱり熟女が一番エロい！！22人,KSBJ-145,,2021-07-15,243分鐘,,KSB企画/エマニエル,KSB企画/エマニエル,,成熟的女人、合集、已婚婦女、中出、高畫質、エマニエル、DMM獨家,安野由美、井上綾子、艶堂しほり（遠藤しおり）、佐々木あき、宮部涼花、篠田あゆみ、小早川怜子、加山なつこ、風間ゆみ、村上涼子（中村りかこ、黒木菜穂）、伊織涼子、近藤郁（近藤郁美）、翔田千里、谷原希美、澤村レイコ（高坂保奈美、高坂ますみ）、浅井舞香、川上ゆう（森野雫）、本庄瞳、加藤ツバキ（夏樹カオル）、北条麻妃、円城ひとみ、羽月希,https://www.javbus.com/KSBJ-145,
NASH-533 大人の色香漂うフェロモン美熟女に中出し12人,NASH-533 大人の色香漂うフェロモン美熟女に中出し12人,NASH-533,,2021-07-10,241分鐘,,なでしこ,Nadeshiko,,成熟的女人、合集、中出、巨乳、DMM獨家,安野由美、佐々木あき、翔田千里、北条麻妃、近藤郁（近藤郁美）、村上涼子（中村りかこ、黒木菜穂）、加山なつこ、小早川怜子、本庄瞳、加藤ツバキ（夏樹カオル）、伊織涼子、羽月希,https://www.javbus.com/NASH-533,
NASH-532 熟女レズビアン ねっとり濃厚ヌルべちょ同性愛交尾 10名 240分,NASH-532 熟女レズビアン ねっとり濃厚ヌルべちょ同性愛交尾 10名 240分,NASH-532,,2021-07-10,240分鐘,,なでしこ,Nadeshiko,熟女レズビアン,成熟的女人、女同性戀、合集、ディルド、DMM獨家,北条麻妃、川上ゆう（森野雫）、友田真希、風間ゆみ、広瀬奈々美（堀口奈津美）、有沢実紗、結城みさ、森ななこ、桐原あずさ（伊藤あずさ）、瀬奈ジュン,https://www.javbus.com/NASH-532,
JUSD-934 美熟女と少年が最高潮に燃え上がる年の差セックス31人 8時間,JUSD-934 美熟女と少年が最高潮に燃え上がる年の差セックス31人 8時間,JUSD-934,,2021-07-02,480分鐘,,マドンナ,Madonna,燃え上がる年の差セックス,成熟的女人、合集、已婚婦女、數位馬賽克、通姦、汗だく、DMM獨家,もちづきる美、一色桃子、岡江凛、加藤ツバキ（夏樹カオル）、武藤あやか、水戸かな、北条麻妃、木下凛々子、遥あやね、瀬戸奈々子、白木優子、東凛、谷原希美、沢田麗奈、大島優香、大森しずか、凛音とうか、牧村彩香、小林真梨香、山口珠理、三浦歩美、三浦恵理子、桜井ゆみ、菊市桃子、希島あいり、青木玲、甘乃つばき、美谷雪絵、翔田千里、友田真希、風間ゆみ,https://www.javbus.com/JUSD-934,
MCSR-441 禁断の性的介護 下半身の世話好きヘルパーたち 10人4時間,MCSR-441 禁断の性的介護 下半身の世話好きヘルパーたち 10人4時間,MCSR-441,,2021-06-26,244分鐘,亀ヶ島三郎,ビッグモーカル,マスカット,,其他戀物癖、各種職業、4小時以上作品、高畫質、お爺ちゃん、お婆ちゃん,汝鳥すみか、長尾さくら、浜丘ゆり、宮前奈美、五木さゆり、中島洋子、澤すみれ、北条麻妃、宝田さゆり、花岡よし乃,https://www.javbus.com/MCSR-441,
LZBS-072 熟ビアン じっとりねっとり熟練テクと美熟女の反応がよすぎて暴走 イキ過ぎレズSEX 厳選ベスト5時間,LZBS-072 熟ビアン じっとりねっとり熟練テクと美熟女の反応がよすぎて暴走 イキ過ぎレズSEX 厳選ベスト5時間,LZBS-072,,2021-06-17,300分鐘,,レズれ！,レズれ！ ベスト,,成熟的女人、女同性戀、合集、女同接吻、高畫質、DMM獨家,織田真子、瞳リョウ、篠田あゆみ、佐々木あき、麻里梨夏、甘乃つばき、音無かおり、川上ゆう（森野雫）、久保今日子、二階堂ゆり、加藤あやの、伴牧英、浅井舞香、北条麻妃、吉根ゆりあ、本真ゆり、朝桐光、佐々木恋海（向井恋）、倉木しおり、長瀬涼子、ジューン・ラブジョイ、向井藍、永井みひな、加藤ももか、神ユキ、伊織涼子、宮崎あや、たかせ由奈、白鳥すず、風間ゆみ,https://www.javbus.com/LZBS-072,
JUSD-931 許されぬ関係離れ難い2人 チェックアウト前の惜別性交 8時間,JUSD-931 許されぬ関係離れ難い2人 チェックアウト前の惜別性交 8時間,JUSD-931,,2021-06-04,480分鐘,,マドンナ,Madonna,,成熟的女人、合集、已婚婦女、數位馬賽克、通姦、戲劇、DMM獨家,水戸かな、白石茉莉奈、木下凛々子、神宮寺ナオ、蓮実クレア、篠田ゆう、加藤ツバキ（夏樹カオル）、向井藍、通野未帆、柊紗栄子、水野朝陽、木村穂乃香、辻井ほのか、三浦歩美、友田真希、一色桃子、北条麻妃、波多野結衣、白木優子、風間ゆみ、小梅えな、舞原聖、川上奈々美、水野優香,https://www.javbus.com/JUSD-931,
NACX-081 スレンダー熟女中出し18人BEST,NACX-081 スレンダー熟女中出し18人BEST,NACX-081,,2021-06-01,244分鐘,,プラネットプラス,七狗留,,成熟的女人、苗條、合集、中出、4小時以上作品、高畫質,葵紫穂、井上綾子、佐々木あき、冴君麻衣子、七海ひさ代、上原千佳、森下美緒、神納花、神波多一花、青木玲、滝本エレナ、二宮和香、武藤あやか、峰岸カレン、北条麻妃、堀内秋美、本庄瞳、麻生千春,https://www.javbus.com/NACX-081,
NASH-509 永遠のマドンナ美熟女SuperBEST21人,NASH-509 永遠のマドンナ美熟女SuperBEST21人,NASH-509,,2021-05-22,241分鐘,,なでしこ,Nadeshiko,,成熟的女人、乳房、女優ベスト・総集編、巨乳、DMM獨家,矢部寿恵、安野由美、井上綾子、艶堂しほり（遠藤しおり）、円城ひとみ、佐々木あき、北条麻妃、本庄瞳、加藤ツバキ（夏樹カオル）、翔田千里、浅井舞香、川上ゆう（森野雫）、澤村レイコ（高坂保奈美、高坂ますみ）、羽月希、篠田あゆみ、風間ゆみ、村上涼子（中村りかこ、黒木菜穂）、小早川怜子、加山なつこ、近藤郁（近藤郁美）、伊織涼子,https://www.javbus.com/NASH-509,
RASH-011 女の口はエロス溢れる性器なり 神淫語 4時間BEST,RASH-011 女の口はエロス溢れる性器なり 神淫語 4時間BEST,RASH-011,,2021-05-22,245分鐘,ラッシャーみよし,AVS collector’s,AVSCollector’s,神淫語,成熟的女人、合集、淫語、高畫質、巨尻、巨乳、DMM獨家,日向うみ、北条麻妃、水野朝陽、澤村レイコ（高坂保奈美、高坂ますみ）、蓮実クレア、瞳リョウ、赤瀬尚子、風間ゆみ,https://www.javbus.com/RASH-011,
JUVR-107 【VR】全タイトルSEXシーンノーカット収録！！ 人妻・熟女No.1メーカーMadonna専属女優ベスト465分,JUVR-107 【VR】全タイトルSEXシーンノーカット収録！！ 人妻・熟女No.1メーカーMadonna専属女優ベスト465分,JUVR-107,,2021-05-19,461分鐘,,マドンナ,MadonnaVR,,蕩婦、成熟的女人、已婚婦女、通姦、4小時以上作品、出軌、VR専用、ハイクオリティVR、DMM獨家,遥あやね、水戸かな、加藤沙季、青木玲、妃ひかり、北条麻妃、牧村彩香、希島あいり、神宮寺ナオ、舞原聖、大島優香、友田真希,https://www.javbus.com/JUVR-107,
RBB-209 発射寸前！ 我慢汁垂れ流しの気持ちいいフェラチオ160連射8時間（RBB-209）,RBB-209 発射寸前！ 我慢汁垂れ流しの気持ちいいフェラチオ160連射8時間（RBB-209）,RBB-209,,2021-05-14,480分鐘,,ROOKIE,ROOKIE,発射寸前！ 我慢汁垂れ流しの気持ちいいフェラチオ,口交、合集、美少女、顏射、DMM獨家,友田真希、山口珠理、初音みのり、北条麻妃、JULIA、本真ゆり、夢乃あいか、坂道みる、神宮寺ナオ、星宮一花、三上悠亜、川上奈々美、根尾あかり、優梨まいな、相沢みなみ、羽咲みはる、冬愛ことね、武藤あやか、永瀬ゆい、七沢みあ、八乃つばさ、新井エリー（晶エリー、大沢佑香）、倉多まお、奥田咲、篠田ゆう、AIKA、由愛可奈、白木優子、今井夏帆、小島みなみ、美谷朱里、葵つかさ、向井藍、白石茉莉奈、深田えいみ、乃木蛍、希島あいり、河南実里、桃乃木かな、日下部加奈、辻井ほのか、はるか、白坂有以、高坂あいり、田中ねね、もなみ鈴、木下凛々子、ひなたまりん、三宮つばき、石原希望、桜井ゆみ、三咲美憂、八木奈々、三浦歩美、天音まひな、久保凛、影山さくら、深沢いのり、竹内有紀、流川帆波、槙いずな、中野七緒、大島優香、通野未帆、楓カレン、夕美しおん、深田結梨、清宮すず、明里つむぎ、さとう白音、枢木あおい、伊賀まこ、桜もこ、架乃ゆら、水戸かな、久留木玲、岬ななみ、純真かれん、雪乃つばき、姫川ゆうな、竹内夏希、成宮えりか、ジューン・ラブジョイ、藤森里穂、千代子、佐藤エル、若宮はずき、新名あみん、加美杏奈、鷲尾めい、乙白さやか、一色桃子、夏希まろん、吉岡ひより、天音ゆい、花音うらら、森梨々花、鈴乃広香、丘えりな、赤井えちか、吉良りん、宮園ことね、藍芽みずき、梓ヒカリ、二葉エマ、環ニコ、七ツ森りり、松本いちか、三岳ゆうな,https://www.javbus.com/RBB-209,
JUSD-927 2020年Madonna全353タイトル 12時間 ￥1980,JUSD-927 2020年Madonna全353タイトル 12時間 ￥1980,JUSD-927,,2021-05-01,720分鐘,,マドンナ,Madonna,,成熟的女人、合集、已婚婦女、數位馬賽克、通姦、DMM獨家,友田真希、沢田麗奈、鮎川るい、瞳リョウ、枢木あおい、北川真由香、広瀬梓、深沢いのり、春咲りょう、乃木はるか、さとう白音、舞咲璃、水戸かな、佐川はるみ、水野朝陽、今井ひまり、阿部乃みく、吉根ゆりあ、陸畑ひなの、大島優香、通野未帆、河南実里、一色桃子、原田京子、東凛、生駒みちる、神宮寺ナオ、逢見リカ、根尾あかり、美園和花、大谷翔子、丘えりな、峰田ななみ、今野未知子、鈴乃広香、森梨々花、瀬戸奈々子、逢実ほたる、月乃しずく、花音うらら、川合らな、七緒夕希、月島さくら、岩沢香代、凛音とうか、雪乃つばき、椿りか、柏木あみ、石原希望、真田紗也子、桜井ゆみ、吉岡伊織、舞原聖、加藤沙季、水野優香、三浦歩美、久留木玲、加山なつこ、風間ゆみ、遥あやね、もちづきる美、小早川怜子、吉良りん、武藤あやか、山岸逢花、八乃つばさ、今井夏帆、桜樹玲奈、小泉ひなた、あおいれな、牧村彩香、稲場るか、深田えいみ、山口珠理、向井藍、加藤ツバキ（夏樹カオル）、織田真子、希島あいり、白木優子、三浦恵理子、篠田ゆう、澤村レイコ（高坂保奈美、高坂ますみ）、本真ゆり、REMI、北条麻妃、春菜はな、波多野結衣、君島みお、白石茉莉奈、三岳ゆうな、木村穂乃香、市来まひろ、武井希美、竹内夏希、藤森里穂、佐藤エル、加賀美さら、朝陽えま、松本いちか、岡江凛、中城葵、瀬崎彩音、青木珠菜、米津響、春明潤、今野つばき、青山翔、目黒めぐみ、夕季ちとせ、瀬月秋華、椎木くるみ、甘乃つばき、佐知子、香坂のあ、新川愛七、小梅えな、佐野栞、流川千穂、うららか麗、豊崎みさと、田中ねね、叶愛、花沢ひまり、神坂朋子、東條なつ、青山水穂、ジューン・ラブジョイ、妃ひかり、七瀬ひな、辻井ほのか、栗栖みなみ、北村敏世、里崎愛佳、藤原芽衣子、奥山ゆら、笛木さとみ、木下凛々子、悠木あやね、大城雪乃、流田みな実,https://www.javbus.com/JUSD-927,
STDDT-070 【お得セット】まとめて抜ける！！ チンポコ・マグニチュード シリーズ 3 北条麻妃 RUMIKA 三浦芽依,STDDT-070 【お得セット】まとめて抜ける！！ チンポコ・マグニチュード シリーズ 3 北条麻妃 RUMIKA 三浦芽依,STDDT-070,,2021-04-25,360分鐘,K*WEST,ドグマ,ドグマ（お得セット）,チンポコ・マグニチュード,蕩婦、女上位、4小時以上作品、顏面騎乘、設置項目、DMM獨家、打手槍,北条麻妃、RUMIKA、上条めぐ（三浦芽依）,https://www.javbus.com/STDDT-070,
REAL-767 極上のしゃぶり音 フェラ・イラマ BEST 240分！！,REAL-767 極上のしゃぶり音 フェラ・イラマ BEST 240分！！,REAL-767,,2021-04-18,240分鐘,K太郎,レアルワークス,REAL（レアルワークス）,,口交、其他戀物癖、合集、深喉、DMM獨家,藤波さとり、河北はるな、倉木しおり、一条みお、かなで自由、水瀬みき、大槻ひびき、飛鳥りん、京野明日香、志田紗希、宝田もなみ、椎名そら、早川瀬里奈、姫川ゆうな、神納花、泉ののか、篠田あゆみ、神波多一花、七草ちとせ、枢木みかん、管野しずか、水樹りさ、椎名ゆな、小早川怜子、桐谷あや、北条麻妃、瀬名あゆむ（広瀬藍子）、宮沢ちはる、有坂深雪、美甘りか、滝本エレナ、なつめ愛莉、佳苗るか、三原ほのか、倉多まお、新山かえで、栗林里莉、みづなれい（みずなれい）、波多野結衣、宇佐木あいか,https://www.javbus.com/REAL-767,
HMIX-001 衝撃映像記録 人妻レ●プ事件簿 強●され望まない快楽に悶絶イキ！！ 20人4時間,HMIX-001 衝撃映像記録 人妻レ●プ事件簿 強●され望まない快楽に悶絶イキ！！ 20人4時間,HMIX-001,,2021-04-18,240分鐘,,グローバルメディアエンタテインメント,ハイパーミックス（グローバルメディアエンタテインメント）,,成熟的女人、已婚婦女、凌辱、巨乳、DMM獨家,内原美智子、古川祥子、美堂かなえ、水元恵梨香、青木玲、西川りおん、星野あかり、桃華マリエ、広瀬奈々美（堀口奈津美）、百合川さら、青山美咲、松井優子、戸澤佳子、滝川かのん、平茉莉、天野弥生、星咲優菜、北条麻妃、三喜本のぞみ、白河里奈,https://www.javbus.com/HMIX-001,
RBB-207 2人だけの空間で時間も忘れて性欲に溺れる貪りSEX 相部屋BEST8時間,RBB-207 2人だけの空間で時間も忘れて性欲に溺れる貪りSEX 相部屋BEST8時間,RBB-207,,2021-04-14,480分鐘,,ROOKIE,ROOKIE,,合集、各種職業、中出、出軌、DMM獨家,奏音かのん、相沢みなみ、通野未帆、天海つばさ、架乃ゆら、橋本ありな、深田えいみ、想真花、楓カレン、河南実里、椎名そら、花宮あむ、皆川ゆうな、蓮実クレア、久留木玲、桜空もも、川上奈々美、石原希望、倉多まお、春咲りょう、小泉ひなた、小島みなみ、小梅えな、新井エリー（晶エリー、大沢佑香）、新名あみん、奥田咲、真木今日子、坂道みる、神宮寺ナオ、西宮ゆめ、桐谷まつり、向井藍、黒川すみれ、里美ゆりあ、Hitomi（田中瞳）、つぼみ、ひなたまりん、伊藤舞雪、羽咲みはる、岬ななみ、妃ひかり、天使もえ、東凛、桃乃木かな、乃木蛍、夢乃あいか、波多野結衣、根尾あかり、佐々木あき、希崎ジェシカ、永井マリア、加瀬ななほ、明里つむぎ、美園和花、望月あられ、北条麻妃、岬あずさ、篠田ゆう、二宮ひかり,https://www.javbus.com/RBB-207,
JUSD-921 Madonna2020年下半期全173タイトルBEST 8時間,JUSD-921 Madonna2020年下半期全173タイトルBEST 8時間,JUSD-921,,2021-03-21,480分鐘,,マドンナ,Madonna,,成熟的女人、合集、已婚婦女、纪录片、數位馬賽克、戲劇、DMM獨家,友田真希、沢田麗奈、鮎川るい、加山なつこ、瀬月秋華、原田京子、市来まひろ、通野未帆、希島あいり、東凛、神宮寺ナオ、根尾あかり、夕季ちとせ、今野つばき、春明潤、三岳ゆうな、加賀美さら、朝陽えま、岡江凛、中城葵、新川愛七、青木珠菜、木村穂乃香、君島みお、武藤あやか、波多野結衣、春菜はな、REMI、北条麻妃、本真ゆり、山口珠理、もちづきる美、加藤ツバキ（夏樹カオル）、篠田ゆう、白木優子、今井夏帆、小泉ひなた、牧村彩香、稲場るか、深田えいみ、白石茉莉奈、小早川怜子、一色桃子、向井藍、竹内夏希、峰田ななみ、真田紗也子、舞原聖、吉良りん、三浦歩美、吉根ゆりあ、月島さくら、北川真由香、広瀬梓、石原希望、椿りか、今野未知子、鈴乃広香、森梨々花、瀬戸奈々子、花音うらら、久留木玲、大谷翔子、雪乃つばき、深沢いのり、乃木はるか、花沢ひまり、神坂朋子、青山水穂、妃ひかり、辻井ほのか、笛木さとみ、木下凛々子、東條なつ、叶愛、田中ねね、さとう白音、水戸かな、水野朝陽、阿部乃みく、大島優香、桜井ゆみ、藤森里穂、豊崎みさと、水野優香,https://www.javbus.com/JUSD-921,
UMSO-359 全裸でお掃除する女性をただただ観察するビデオ24人 VOL.03 巨乳人妻編,UMSO-359 全裸でお掃除する女性をただただ観察するビデオ24人 VOL.03 巨乳人妻編,UMSO-359,,2021-01-15,243分鐘,,ケイ・エム・プロデュース,UMANAMI,全裸でお掃除する女性をただただ観察するビデオ,合集、已婚婦女、戀乳癖、屁股、4小時以上作品、高畫質,前園希美、西山あさひ、村上涼子、笹倉杏、神納花、響りん、春菜はな、北条麻妃、佐々木あき、桜井彩、吹石れな、谷原希美、加山なつこ、羽田つばさ、小早川怜子、中村知恵、橋本れいか、ましろ杏、澤村レイコ（高坂保奈美、高坂ますみ）、森沢かな（飯岡かなこ）、君島みお、波多野結衣、松永さな,https://www.javbus.com/UMSO-359,
NACX-070 レジェンド美熟女12人BEST,NACX-070 レジェンド美熟女12人BEST,NACX-070,,2021-01-01,243分鐘,,プラネットプラス,七狗留,,苗條、合集、4小時以上作品、高畫質、巨乳,矢部寿恵、安野由美、井上綾子、艶堂しほり（遠藤しおり）、宮部涼花、加藤ツバキ（夏樹カオル）、本庄瞳、北条麻妃、円城ひとみ、翔田千里、佐々木あき、篠田あゆみ,https://www.javbus.com/NACX-070,
JUSD-911 0.02mmの距離さえもどかしい-。不貞中出し性交BEST 8時間,JUSD-911 0.02mmの距離さえもどかしい-。不貞中出し性交BEST 8時間,JUSD-911,,2020-12-31,480分鐘,,マドンナ,Madonna,,成熟的女人、合集、已婚婦女、數位馬賽克、中出、戲劇、DMM獨家,一色桃子、水樹璃子、大島優香、星奈あい、小梅えな、逢見リカ、新川愛七、小早川怜子、田中ねね、通野未帆、木下凛々子、ジューン・ラブジョイ、神宮寺ナオ、豊崎みさと、桜井萌、舞原聖、白木優子、八乃つばさ、稲場るか、北条麻妃、有坂深雪、秋山祥子、友田真希、辻井ほのか、向井藍、根尾あかり、神咲詩織、水戸かな、三浦歩美、川合らな,https://www.javbus.com/JUSD-911,
JUSD-909 射精直前のフェラチオ＆激ピストンラッシュ！！ 特濃ザーメンを綺麗な顔にぶっかける大量顔射100連発BEST,JUSD-909 射精直前のフェラチオ＆激ピストンラッシュ！！ 特濃ザーメンを綺麗な顔にぶっかける大量顔射100連発BEST,JUSD-909,,2020-12-20,240分鐘,,マドンナ,Madonna,,成熟的女人、口交、合集、已婚婦女、數位馬賽克、顏射、DMM獨家,さとう白音、めぐり（藤浦めぐ）、逢見リカ、一色桃子、加藤沙季、草刈美緒、希島あいり、加藤ツバキ（夏樹カオル）、加賀美さら、岡野美由紀、水戸かな、水野優香、瀬戸奈々子、生駒みちる、西村有紗、青山翔、青木玲、石原希望、赤瀬尚子、羽月希、武藤あやか、妃ひかり、安西ひかり、舞咲璃、並木塔子、米津響、豊崎みさと、北条麻妃、木下凛々子、目黒めぐみ、友田真希、里崎愛佳、澤村レイコ（高坂保奈美、高坂ますみ）、香坂みりな、鈴乃広香、八神さおり、神宮寺ナオ、川合らな、織田真子、今井夏帆、根尾あかり、神田リカコ、桜井ゆみ、甘乃つばき、三岳ゆうな、山岸逢花、山口珠理、七緒夕希、篠田ゆう、春明潤、小日向あき、小梅えな、松村みをり、香坂のあ、向井藍、栗栖みなみ、大浦真奈美、大島優香、知花凛、竹内麻耶、通野未帆、東凛、瞳リョウ、南条亜美菜、白石茉莉奈、雪奈あいり、三浦歩美、吉岡伊織、久留木玲、橋本れいか、佐野栞,https://www.javbus.com/JUSD-909,
RBB-198 2020年上半期大集結！！ 超豪華21メーカー新作346タイトル特大16時間BOX,RBB-198 2020年上半期大集結！！ 超豪華21メーカー新作346タイトル特大16時間BOX,RBB-198,,2020-12-17,960分鐘,,ROOKIE,ROOKIE,,企畫、合集、美少女、巨乳、DMM獨家,友田真希、沢田麗奈、山口珠理、つぼみ、新美かりん、天使もえ、羽咲みはる、桐谷まつり、凛音とうか、遥あやね、渚みつき、根尾あかり、逢見リカ、夏目彩春、橋本ありな、星宮一花、筧ジュン、桜空もも、神宮寺ナオ、東凛、桃乃木かな、椎名そら、永井マリア、一色桃子、河南実里、通野未帆、小早川怜子、川上奈々美、桜樹玲奈、咲乃小春、向井藍、白石茉莉奈、深田えいみ、稲場るか、乃木蛍、坂道みる、河北麻衣、美谷朱里、桜羽のどか、小泉ひなた、冬愛ことね、今井夏帆、伊藤舞雪、八乃つばさ、七沢みあ、持田栞里、吉高寧々、松下紗栄子、永瀬ゆい、二宮ひかり、楓カレン、あおいれな、園美和子、清宮すず、高梨ことり、二階堂ゆか、永原菜由、日向ふわり、久保みなぎ、槙いずな、竹内有紀、深沢いのり、水卜さくら、今井ひまり、さとう白音、重本ミチル、影山さくら、吉根ゆりあ、皆川ゆうな、天音まひな、三浦歩美、三咲美憂、加藤沙季、舞原聖、綾瀬みな、伊藤かえで、美園和花、夕美しおん、有栖るる、岬ななみ、西宮ゆめ、明里つむぎ、加藤ももか、麻里梨夏、大島優香、陸畑ひなの、枢木あおい、春咲りょう、伊賀まこ、心実るな、桜もこ、佐川はるみ、架乃ゆら、星野ナミ、三船かれん、水戸かな、ひなたまりん、佐野ゆいな、舞咲璃、織田真子、阿部乃みく、葵つかさ、蓮実クレア、Hitomi（田中瞳）、波多野結衣、北条麻妃、ましろ杏、JULIA、新井エリー（晶エリー、大沢佑香）、天海つばさ、めぐり（藤浦めぐ）、夢乃あいか、奥田咲、佐山愛、澤村レイコ（高坂保奈美、高坂ますみ）、真木今日子、篠田ゆう、AIKA、由愛可奈、三浦恵理子、白木優子、希島あいり、小島みなみ、倉多まお、羽月希、里美ゆりあ、大槻ひびき、初音みのり、叶ユリア、桜井ゆみ、児玉れな、結白まさき、香坂のあ、矢乃かのん、高美はるか、佐知子、甘乃つばき、藍芽みずき、真白真緒、目黒めぐみ、水森翠、丘えりな、音羽ねいろ、水咲結乃、梓ヒカリ、堀北つむぎ、瀬崎彩音、朱莉きょうこ、柳井める、岡江凛、月永ゆら、松本いちか、青山翔、久留木玲、新田みずほ、石原希望、蒼井れいな、椿りか、加藤いおり、すみれ潤、志木あかね、露梨あやせ、岩沢香代、吉岡ひより、椎葉えま、吉良りん、七緒夕希、川合らな、花音うらら、滝川ほのか、新美詩織、月乃しずく、逢実ほたる、椎名のあ、広瀬なるみ、涼花くるみ、志田紗希、流田みな実、佐藤エル、奥山ゆら、藤原芽衣子、里崎愛佳、葉月レイラ、白葉りこ、北村敏世、日下部加奈、七瀬ひな、妃ひかり、木下凛々子、弥生みづき、前田いろは、天川そら、中山ふみか、白坂有以、永井みひな、もなみ鈴、豊崎みさと、うららか麗、流川千穂、佐野栞、高城ひかる、小梅えな、佐藤ゆか、美琴つばさ、羽鳥らむ、市川花音、ジューン・ラブジョイ、琴井しほり、知花凛、夏希まろん、渡辺みお、大川月乃、中野七緒、奏音かのん、赤瀬尚子、花宮あむ、希崎結衣花、純真かれん、新名あみん、森本つぐみ、加美杏奈、米津響、鷲尾めい、乙白さやか、悠木あやね、古賀みなみ,https://www.javbus.com/RBB-198,
JUSD-908 キス顔も…、イキ顔も…、フェラ顔もその全てが美しい―。 顔だけでもヌケる人妻を厳選！！ Madonna超美顔コレクション8時間,JUSD-908 キス顔も…、イキ顔も…、フェラ顔もその全てが美しい―。 顔だけでもヌケる人妻を厳選！！ Madonna超美顔コレクション8時間,JUSD-908,,2020-12-05,480分鐘,,マドンナ,Madonna,Madonna超美顔コレクション,成熟的女人、合集、已婚婦女、數位馬賽克、乳房、巨乳、DMM獨家,妃ひかり、舞原聖、八神さおり、瞳リョウ、三浦歩美、桜井ゆみ、希島あいり、木下凛々子、水戸かな、白石茉莉奈、山岸逢花、鈴乃広香、瀬戸奈々子、篠田ゆう、神宮寺ナオ、加藤ツバキ（夏樹カオル）、通野未帆、北条麻妃、小早川怜子、向井藍,https://www.javbus.com/JUSD-908,
HDKA-221 はだかの主婦総集編6人4時間Vol.12,HDKA-221 はだかの主婦総集編6人4時間Vol.12,HDKA-221,,2020-12-01,242分鐘,,プラネットプラス,裸婦趣向,裸の主婦,成熟的女人、其他戀物癖、已婚婦女、4小時以上作品、高畫質、巨乳,桜井彩、佐々木あき、北条麻妃、春菜はな、響りん、神納花,https://www.javbus.com/HDKA-221,
HYAS-116 黒人に犯●れた日本人熟女たち 100人 強烈すぎるブラック巨根の快感！！,HYAS-116 黒人に犯●れた日本人熟女たち 100人 強烈すぎるブラック巨根の快感！！,HYAS-116,,2020-11-27,480分鐘,,ケイ・エム・プロデュース,100人,,成熟的女人、苗條、已婚婦女、凌辱、中出、高畫質、出軌、戲劇、巨乳、黑人演員,冴木真子、北村敏世、森下美緒、小野さち子、櫻井夕樹、松すみれ、澤村レイコ（高坂保奈美、高坂ますみ）、鏡麗子、星杏奈、柳田やよい、水沢真樹、瀬奈涼、管野しずか、村上涼子（中村りかこ、黒木菜穂）、蒼乃幸恵、桐岡さつき、紫彩乃、川上ゆう（森野雫）、北川瞳、有沢実紗、高島恭子、山本ちづこ、北条麻妃、北原夏美、若槻まどか、望月ゆみ、橘美沙、大林理恵（大林リエ）、関口梨乃、長沢小雪、吉岡奈々子、魚住優子、時越芙美江、加山なつこ、長谷川美紅、五十嵐しのぶ、牧原れい子、遥めぐみ、琥珀うた、小早川怜子、今亜理紗、夢野まりあ、小泉真希、星咲優菜、元山はるか、佐々木恋海（向井恋）、椎名ゆな、結城みさ、美堂かなえ、美泉咲、華原美奈子、翔田千里、白鳥寿美礼、七海ひさ代、羽月希、長澤あずさ、さとう遥希、愛原さえ、本庄瞳、矢部寿恵、霧島ゆかり、北川美緒、折原ゆかり、松本まりな、細川まり、内田美奈子、金城梨花、新山かえで、藤下梨花、時田こずえ,https://www.javbus.com/HYAS-116,
JUSD-905 Madonna名作NTRコレクション 衝撃的「浮気」映像 8時間,JUSD-905 Madonna名作NTRコレクション 衝撃的「浮気」映像 8時間,JUSD-905,,2020-11-22,480分鐘,,マドンナ,Madonna,○○NTR 衝撃的浮気映像,成熟的女人、合集、已婚婦女、數位馬賽克、出軌、巨乳、DMM獨家,一色桃子、小早川怜子、水戸かな、根尾あかり、白石茉莉奈、山岸逢花、友田真希、三浦歩美、八神さおり、神宮寺ナオ、希島あいり、北条麻妃,https://www.javbus.com/JUSD-905,
JUSD-906 静まり返ったオフィス、一線を超える上司と部下。スーツを脱ぎ捨て求め合う、不貞残業BEST,JUSD-906 静まり返ったオフィス、一線を超える上司と部下。スーツを脱ぎ捨て求め合う、不貞残業BEST,JUSD-906,,2020-11-22,480分鐘,,マドンナ,Madonna,,成熟的女人、OL、合集、已婚婦女、數位馬賽克、戲劇、DMM獨家,波多野結衣、工藤まなみ、水戸かな、一色桃子、相楽ゆり子、篠田ゆう、甘乃つばき、友田真希、美保結衣、遥あやね、大島優香、里美ゆりあ、北条麻妃、木下凛々子、小早川怜子、松本菜奈実、舞原聖、澤村レイコ（高坂保奈美、高坂ますみ）、飛鳥りん、有坂深雪、岡江凛,https://www.javbus.com/JUSD-906,
JUSD-904 「お、お願い…！！もう許して、中は、中はダメぇぇぇぇ！！」 望まない中出し性交で、皮肉にも絶頂してしまった人妻 8時間BEST,JUSD-904 「お、お願い…！！もう許して、中は、中はダメぇぇぇぇ！！」 望まない中出し性交で、皮肉にも絶頂してしまった人妻 8時間BEST,JUSD-904,,2020-10-24,480分鐘,,マドンナ,Madonna,,成熟的女人、合集、已婚婦女、數位馬賽克、凌辱、中出、4小時以上作品、戲劇、DMM獨家,南条亜美菜、大島優香、音羽文子、永井みひな、木下凛々子、加瀬ななほ、今井ひまり、吉瀬菜々子、有坂深雪、赤瀬尚子、北条麻妃、春菜はな、佐藤エル、桜樹玲奈、岸上莉子、白木優子、向井藍、澤村レイコ（高坂保奈美、高坂ますみ）、丘えりな、陸畑ひなの、白木エレン、本上さつき、宝生リリー、羽田つばさ、神宮寺ナオ、小梅えな、一色桃子、星咲マイカ、飯山香織、希島あいり、水戸かな、妃ひかり、加藤ツバキ（夏樹カオル）、篠田ゆう、枢木あおい、甘乃つばき、春咲りょう、根尾あかり、舞原聖、栗栖みなみ、友田真希、永瀬ゆい、青木玲、柊るい、星奈あい、霧島レオナ、菅野真穂、牧村彩香、八乃つばさ,https://www.javbus.com/JUSD-904,
JUSD-896 グショグショに濡れる肉体、滴り落ちる愛液の雫―。 汗みどろSEX 8時間,JUSD-896 グショグショに濡れる肉体、滴り落ちる愛液の雫―。 汗みどろSEX 8時間,JUSD-896,,2020-10-24,480分鐘,,マドンナ,Madonna,,成熟的女人、合集、已婚婦女、數位馬賽克、4小時以上作品、戲劇、汗だく、DMM獨家,佐々木あき、吉瀬菜々子、一色桃子、水戸かな、友田真希、北条麻妃、我妻里帆、岬あずさ、桜樹玲奈、水城奈緒、円城ひとみ、妃ひかり、白木優子、三浦歩美、舞原聖、南条亜美菜、神宮寺ナオ、東凛、岡江凛、木下凛々子、牧村彩香、三浦恵理子,https://www.javbus.com/JUSD-896,
CADV-787 クリスタル映像35周年記念 人妻温泉 30人8時間スペシャル2,CADV-787 クリスタル映像35周年記念 人妻温泉 30人8時間スペシャル2,CADV-787,,2020-10-22,477分鐘,,クリスタル映像,CRYSTAL EX,クリスタル映像35周年記念,成熟的女人、合集、已婚婦女、通姦、女上位、4小時以上作品、顏射、温泉,風間ゆみ、遥花しいな、内田美奈子、山本美和子、川辺いづみ、小池絵美子、楢崎かほり、桜みちる、立花みずき、若林美保、円城ひとみ、岬レナ、九条雛子、橘エレナ、内田桃子（藤原多恵）、星野由香、綾女、中森玲子、叶あん、大嶋しのぶ、藤崎沙耶、山田和歌子、折原みさと、藤沢芳恵、北川亜矢、高倉梨奈、北条麻妃、西城早織、折川菜由、加山なつこ,https://www.javbus.com/CADV-787,
LZBS-064 激震パイ揺れ！暴走腰振り騎乗位 厳選ベスト5時間 オマ○コ感度無限大オーガズムお見せします！！,LZBS-064 激震パイ揺れ！暴走腰振り騎乗位 厳選ベスト5時間 オマ○コ感度無限大オーガズムお見せします！！,LZBS-064,,2020-10-18,300分鐘,,レズれ！,レズれ！ ベスト,,女同性戀、合集、女上位、4小時以上作品、高畫質、巨乳、DMM獨家,蓮実クレア、八乃つばさ、大槻ひびき、美谷朱里、宝田もなみ、円城ひとみ、矢沢りょう、黒木いくみ、枢木あおい、水元恵梨香、初芽里奈、内村りな、朝桐光、神納花、北川エリカ、阿部栞菜、篠田あゆみ、琥珀うた、愛里るい、麻里梨夏、星奈あい、大浦真奈美、野々原なずな、彩奈リナ（七原あかり）、枢木みかん、冬愛ことね、大谷翔子、北条麻妃、音無かおり、有村千佳、碧しの（篠めぐみ）、向井藍、黒川すみれ、加藤ももか、風間ゆみ、卯水咲流、梨々花、尾上若葉、音海里奈、小西まりえ、浅田結梨,https://www.javbus.com/LZBS-064,
NBES-028 僕のねとられ話しを聞いてほしい スペシャルコンプリートBEST 4枚組16時間,NBES-028 僕のねとられ話しを聞いてほしい スペシャルコンプリートBEST 4枚組16時間,NBES-028,,2020-10-03,960分鐘,,JET映像,卍GROUP,僕のねとられ話しを聞いてほしい,成熟的女人、合集、已婚婦女、4小時以上作品、出軌、DMM獨家,工藤まなみ、篠崎かんな、美咲かんな、美谷朱里、篠田ゆう、八乃つばさ、富田優衣、三原ほのか、倉多まお、黒川すみれ、飛鳥りん、谷原希美、翔田千里、澤村レイコ（高坂保奈美、高坂ますみ）、水川スミレ、高杉麻里、赤瀬尚子、春菜はな、波多野結衣、西條るり、千乃あずみ、蓮実クレア、優梨まいな、光井ひかり、逢沢まりあ、KAORI、澁谷果歩、香山美桜、大槻ひびき、今井真由美、清城ゆき、小西悠、若菜奈央、桜井彩、泉ののか、霧島さくら、明里ともか、君島みお、北条麻妃、水野朝陽、浜崎真緒、三浦恵理子、春原未来、菅野さゆき、桜ちなみ、森沢かな（飯岡かなこ）、北川エリカ、保坂えり、涼川絢音、阿部栞菜、成宮はるあ、竹内麻耶、風間ゆみ,https://www.javbus.com/NBES-028,
JUSD-899 密着セックス 総集編8時間 ～肌から伝わる熱が理性を狂わす濃密性交BEST～,JUSD-899 密着セックス 総集編8時間 ～肌から伝わる熱が理性を狂わす濃密性交BEST～,JUSD-899,,2020-10-03,480分鐘,,マドンナ,Madonna,密着セックス,成熟的女人、合集、已婚婦女、數位馬賽克、通姦、4小時以上作品、汗だく、DMM獨家,澤村レイコ（高坂保奈美、高坂ますみ）、北条麻妃、三浦恵理子、青木玲、もちづきる美、里美ゆりあ、翔田千里、川上奈々美、吉瀬菜々子、三浦歩美,https://www.javbus.com/JUSD-899,
KMDS-20491 友達の若くてイカ臭い肉棒に墜ちた母10人240分,KMDS-20491 友達の若くてイカ臭い肉棒に墜ちた母10人240分,KMDS-20491,,2020-09-30,240分鐘,,カマタ映像,弁天,,成熟的女人、中出、4小時以上作品,美咲真由、伊集院茜、村上涼子、松本まりな、小早川怜子、北条麻妃、青山葵、白鳥美玲、月咲雅、北川亜矢,https://www.javbus.com/KMDS-20491,
HYAS-111 濃密！熟女レズビアン100人8時間,HYAS-111 濃密！熟女レズビアン100人8時間,HYAS-111,,2020-09-25,480分鐘,長澤純,ケイ・エム・プロデュース,100人,,和服・喪服、成熟的女人、女同性戀、亂倫、已婚婦女、姐姐、女主人、女老板、舔陰、女同接吻、高畫質、戲劇、按摩棒,北条麻妃、華月さくら、川上ゆう（森野雫）、篠宮千明、北川エリカ、黒木いくみ、竹内梨恵、星奈あい,https://www.javbus.com/HYAS-111,
KUM-007 侵入犯 星奈あい 月下あいり 波多野結衣 北条麻妃,KUM-007 侵入犯 星奈あい 月下あいり 波多野結衣 北条麻妃,KUM-007,,2020-09-25,119分鐘,射案比呂,プレステージ,九龍(プレステージ),,放尿、紧缚、已婚婦女、高畫質,星奈あい、月下あいり、波多野結衣、北条麻妃,https://www.javbus.com/KUM-007,
JUSD-898 2020年上半期全180タイトルBEST8時間,JUSD-898 2020年上半期全180タイトルBEST8時間,JUSD-898,,2020-09-20,480分鐘,,マドンナ,Madonna,マドンナ○半期,成熟的女人、合集、各種職業、已婚婦女、數位馬賽克、4小時以上作品、DMM獨家,佐野栞、逢見リカ、吉岡伊織、神宮寺ナオ、大島優香、妃ひかり、青山翔、流川千穂、桜井ゆみ、陸畑ひなの、岩沢香代、松本いちか、友田真希、今井夏帆、月乃しずく、木下凛々子、東凛、米津響、藤原芽衣子、三浦恵理子、桜樹玲奈、凛音とうか、久留木玲、澤村レイコ（高坂保奈美、高坂ますみ）、今井ひまり、三浦歩美、生駒みちる、織田真子、北村敏世、美園和花、白石茉莉奈、風間ゆみ、八乃つばさ、佐川はるみ、香坂のあ、小早川怜子、奥山ゆら、さとう白音、山岸逢花、流田みな実、舞咲璃、岡江凛、里崎愛佳、希島あいり、丘えりな、川合らな、栗栖みなみ、甘乃つばき、水戸かな、小梅えな、根尾あかり、瞳リョウ、白木優子、舞原聖、大城雪乃、目黒めぐみ、遥あやね、一色桃子、七緒夕希、北条麻妃、うららか麗、柏木あみ、佐知子、河南実里、向井藍、深田えいみ、七瀬ひな、佐藤エル、沢田麗奈、山口珠理、通野未帆、春咲りょう、武井希美、豊崎みさと、ジューン・ラブジョイ、あおいれな、加藤ツバキ（夏樹カオル）、枢木あおい、悠木あやね、加藤沙季,https://www.javbus.com/JUSD-898,
RBB-189 発射寸前！ 我慢汁垂れ流しの気持ちいいフェラチオ160連射8時間（RBB-189）,RBB-189 発射寸前！ 我慢汁垂れ流しの気持ちいいフェラチオ160連射8時間（RBB-189）,RBB-189,,2020-09-17,480分鐘,,ROOKIE,ROOKIE,発射寸前！ 我慢汁垂れ流しの気持ちいいフェラチオ,蕩婦、口交、合集、4小時以上作品、キス・接吻、DMM獨家,友田真希、瞳リョウ、つぼみ、佐山愛、望月あられ、栗栖みなみ、白葉りこ、葉月レイラ、里崎愛佳、木下凛々子、前田いろは、橋本麗奈、桜井萌、弥生みづき、佐藤ゆか、奏音かのん、夏希まろん、早美れむ、知花凛、琴井しほり、加美杏奈、七瀬ひな、小梅えな、流川千穂、うららか麗、小鳥遊ももえ、天川そら、藍色なぎ、深田みお、由愛可奈、深田えいみ、向井藍、咲乃小春、葵つかさ、倉多まお、小島みなみ、枢木みかん、ジューン・ラブジョイ、白木優子、坂道みる、AIKA、真木今日子、澤村レイコ（高坂保奈美、高坂ますみ）、蓮実クレア、奥田咲、夢乃あいか、希島あいり、吉高寧々、相沢みなみ、遥あやね、有坂深雪、君島みお、桐谷まつり、羽咲みはる、天使もえ、桐嶋りの、永瀬ゆい、乃木蛍、松本菜奈実、七沢みあ、伊藤舞雪、今井夏帆、笠木いちか、波多野結衣、桜羽のどか、天海つばさ、逢見リカ、里美ゆりあ、大槻ひびき、北条麻妃、新谷未来、目黒めぐみ、藍芽みずき、甘乃つばき、佐知子、結白まさき、堀りほ、吉岡ひより、渚みつき、広瀬なるみ、児玉れな、花音うらら、川合らな、七緒夕希、志木あかね、加藤いおり、桜井ゆみ、吉良りん、霧島レオナ、加瀬エリナ、赤瀬尚子、月永ゆら、柳井める、馬場のん、朱莉きょうこ、心乃秋奈、三ツ橋真帆、水森翠、堀北つむぎ、水咲結乃、音羽ねいろ、柊るい、吉良薫、皆川ゆうな、瀬崎彩音、河南実里、枢木あおい、明里つむぎ、西宮ゆめ、秋山祥子、有栖るる、鈴木真夕、夕美しおん、舞原聖、橋本ありな、架乃ゆら、永井マリア、桃乃木かな、神宮寺ナオ、星宮一花、三上悠亜、市川花音、楓カレン、四葉さな、根尾あかり、明日菜じゅん、有村えりか、倉田アンナ、竹内有紀、槙いずな、月森ゆの、伊賀まこ、佐野ゆいな、桜もこ、如月夏希、ひなたまりん、長瀬麻美、三船かれん、星野ナミ、大原ゆりあ、二階堂ゆか,https://www.javbus.com/RBB-189,
RETOMN-122 鉄板女優が本気で悶絶するイッてもイッても終わらないイカセ絶頂 満面イキ顔BEST 46名,RETOMN-122 鉄板女優が本気で悶絶するイッてもイッても終わらないイカセ絶頂 満面イキ顔BEST 46名,RETOMN-122,,2020-09-09,225分鐘,,TEPPAN,TEPPAN SPECIAL,,合集、美少女、數位馬賽克、高畫質、汗だく、巨乳,桜井あゆ、有村千佳、神波多一花、堀内秋美、青木玲、蓮実クレア、ひなみるか、希咲エマ（HARUKI、加藤はる希）、森川涼花、黒瀬萌衣、紺野まこ、香山美桜、ERIKA（モカ、MOKA）、小南すず、初美沙希、佐々木恋海（向井恋）、森ななこ、本田莉子、竹内真琴、春原未来、北川エリカ、波多野結衣、AIKA、七草ちとせ、加藤ツバキ（夏樹カオル）、桐島美奈子、小早川怜子、あゆな虹恋、あやね遥菜、玉木くるみ、長谷川夏樹、MIRANO、卯水咲流、双葉ゆきな、北条麻妃、藤本紫媛、千乃あずみ、なつめ愛莉、武藤あやか、南梨央奈、吉永あかね、松本メイ、神谷秋妃、西条沙羅、艶堂しほり（遠藤しおり）、美月笑麻,https://www.javbus.com/RETOMN-122,
BBSS-040 オフィス内の誘惑、熱く交わる2人。社内OLレズビアン総集編 4時間,BBSS-040 オフィス内の誘惑、熱く交わる2人。社内OLレズビアン総集編 4時間,BBSS-040,,2020-09-05,240分鐘,,ビビアン,ビビアン,,OL、女同性戀、合集、4小時以上作品、女同接吻、DMM獨家,森本つぐみ、加藤ももか、望月りさ、梨々花、西野翔、北条麻妃、明里ともか、神宮寺ナオ、枢木あおい、八乃つばさ、美甘りか、本田岬,https://www.javbus.com/BBSS-040,
JUSD-890 永遠に終わらない、中出し輪●の日々。総集編12時間,JUSD-890 永遠に終わらない、中出し輪●の日々。総集編12時間,JUSD-890,,2020-09-05,720分鐘,,マドンナ,Madonna,永遠に終わらない、中出し輪●の日々。,成熟的女人、已婚婦女、數位馬賽克、中出、4小時以上作品、DMM獨家,音羽文子、羽田つばさ、本上さつき、牧村彩香、水戸かな、甘乃つばき、澤村レイコ（高坂保奈美、高坂ますみ）、北条麻妃、一色桃子、飯山香織、青木玲、友田真希,https://www.javbus.com/JUSD-890,
DOA-009 しっとり艷やかな髪コキで発射しまくり！精子まみれに汚れた黒髪！ザーメンが絡みつくロングヘア！,DOA-009 しっとり艷やかな髪コキで発射しまくり！精子まみれに汚れた黒髪！ザーメンが絡みつくロングヘア！,DOA-009,,2020-08-30,134分鐘,ザッパパ,ブラックドッグ/妄想族,ブラックドッグ/妄想族,,其他戀物癖、姐姐、主觀視角、妄想族、DMM獨家、打手槍,山井すず、平花、北条麻妃、二宮和香、星奈あい、稲場るか、美咲結衣、麗羽,https://www.javbus.com/DOA-009,
JUSD-889 Madonna歴代専属が献身的にリードしてくれる、理想の筆下ろしシチュエーションBEST 8時間,JUSD-889 Madonna歴代専属が献身的にリードしてくれる、理想の筆下ろしシチュエーションBEST 8時間,JUSD-889,,2020-08-22,480分鐘,,マドンナ,Madonna,,成熟的女人、合集、已婚婦女、數位馬賽克、4小時以上作品、戲劇、處男、DMM獨家,若葉加奈、大島優香、音羽文子、一色桃子、青木玲、遥あやね、丸千香子、友田真希、舞原聖、水戸かな、川上奈々美、神宮寺ナオ、北条麻妃、東凛、希島あいり、白木優子,https://www.javbus.com/JUSD-889,
NBES-026 JET映像5周年記念豪華版！厳選！特選！寝取られ作品スーパーBEST 上巻 4枚組16時間 初回限定生産,NBES-026 JET映像5周年記念豪華版！厳選！特選！寝取られ作品スーパーBEST 上巻 4枚組16時間 初回限定生産,NBES-026,,2020-08-01,960分鐘,,JET映像,卍GROUP,○周年記念スーパーBEST,成熟的女人、合集、出軌、戲劇、16時間以上作品、DMM獨家,遥あやね、波多野結衣、今井夏帆、三原ほのか、泡沫ゆうき、新村あかり、一ノ瀬あやめ、並木塔子、通野未帆、皆瀬杏樹、飛鳥りん、有坂深雪、咲々原リン、工藤まなみ、麻里梨夏、佐々木あき、香坂紗梨、枢木あおい、雨宮凛、篠崎かんな、澁谷果歩、谷原希美、大槻ひびき、高山えみり、北条麻妃、三浦恵理子、春原未来、新山沙弥、椎名そら、風間ゆみ、浜崎真緒、広瀬うみ、清城ゆき、渚みつき、森下美緒、美谷朱里、宮村ななこ、ひなみれん、森ほたる、香苗レノン、天海こころ、宮本紗央里、逢沢まりあ、桑田みのり、田中れいみ、宝田もなみ、葵百合香、八乃つばさ、美保結衣、深田えいみ、香椎りあ、小野寺梨紗、あおいれな、赤瀬尚子、若月みいな、永瀬ゆい、翔田千里、澤村レイコ（高坂保奈美、高坂ますみ）、河北麻衣、桐谷なお、蓮実クレア、若菜奈央、紺野ひかる、後藤里香、霧島さくら、明里ともか、栄川乃亜、星奈あい,https://www.javbus.com/NBES-026,
JUSD-886 極上の人妻達と日替わり出会える夢のような1ヵ月！！ Madonna美熟女SEXカレンダー2020 16時間,JUSD-886 極上の人妻達と日替わり出会える夢のような1ヵ月！！ Madonna美熟女SEXカレンダー2020 16時間,JUSD-886,,2020-08-01,960分鐘,,マドンナ,Madonna,Madonna美熟女SEXカレンダー,成熟的女人、合集、已婚婦女、16時間以上作品、巨乳、DMM獨家,通野未帆、篠田ゆう、大島優香、波多野結衣、流田みな実、北条麻妃、沢田麗奈、遥あやね、友田真希、神宮寺ナオ、三浦歩美、水戸かな、白木優子、向井藍、小早川怜子、風間ゆみ、白石茉莉奈、牧村彩香、もちづきる美、舞原聖、山口珠理、八神さおり、澤村レイコ（高坂保奈美、高坂ますみ）、一色桃子、瞳リョウ、三浦恵理子、桜井ゆみ、希島あいり、妃ひかり、東凛、木下凛々子,https://www.javbus.com/JUSD-886,
JUSD-885 妻には口が裂けても言えません、義母さんを孕ませてしまったなんて…。 総集編8時間,JUSD-885 妻には口が裂けても言えません、義母さんを孕ませてしまったなんて…。 総集編8時間,JUSD-885,,2020-07-19,480分鐘,,マドンナ,Madonna,妻には口が裂けても言えません、義母さんを孕ませてしまったなんて…。,成熟的女人、合集、已婚婦女、數位馬賽克、中出、4小時以上作品、温泉、巨乳、DMM獨家,一色桃子、友田真希、大島優香、北条麻妃、水戸かな、山口珠理、白木優子、もちづきる美,https://www.javbus.com/JUSD-885,
KSBJ-089 美熟女たちの自画撮りオナニー16人,KSBJ-089 美熟女たちの自画撮りオナニー16人,KSBJ-089,,2020-07-17,242分鐘,,KSB企画/エマニエル,KSB企画/エマニエル,,成熟的女人、合集、4小時以上作品、高畫質、巨乳、エマニエル、DMM獨家、自慰,神納花、吹石れな、谷原希美、由來ちとせ、KAORI、北条麻妃、篠田あゆみ、井上綾子、羽月希、川上ゆう（森野雫）、青木玲、春菜はな、矢部寿恵、並木塔子、近藤郁（近藤郁美）、加藤ツバキ（夏樹カオル）,https://www.javbus.com/KSBJ-089,
VSED-137 母と息子二人きりの温泉旅行で舌と舌を絡めあいギュと体を密着させる親子ならではの濃厚濃密なセックス12連発 8時間2枚組 4,VSED-137 母と息子二人きりの温泉旅行で舌と舌を絡めあいギュと体を密着させる親子ならではの濃厚濃密なセックス12連発 8時間2枚組 4,VSED-137,,2020-07-10,478分鐘,,シックスナイン,シックスナイン,母と息子二人きりの温泉旅行で…,成熟的女人、母親、亂倫、4小時以上作品、温泉,浅井舞香、片瀬仁美、中山香苗、村上涼子、倉本雪音、森崎りか、艶堂しほり（遠藤しおり）、黒木小夜子（秀吉小夜子）、新尾きり子、大橋ひとみ、北条麻妃,https://www.javbus.com/VSED-137,
UMD-742 平成31年間のAVを支えてきた美熟女31人 彼女たちの淫らに艶かしい足跡をたどる至極の3時間,UMD-742 平成31年間のAVを支えてきた美熟女31人 彼女たちの淫らに艶かしい足跡をたどる至極の3時間,UMD-742,,2020-07-10,180分鐘,タブー大崎,LEO,LEO,,成熟的女人、口交、女上位、高畫質、巨乳、打手槍,風間ゆみ、佐々木あき、北条麻妃,https://www.javbus.com/UMD-742,
VSED-135 旦那の居ない昼下がり絶倫な甥っ子とセックスに明け暮れ何度も絶頂を繰り返したあの日,VSED-135 旦那の居ない昼下がり絶倫な甥っ子とセックスに明け暮れ何度も絶頂を繰り返したあの日,VSED-135,,2020-07-10,477分鐘,,シックスナイン,シックスナイン,,成熟的女人、亂倫、已婚婦女、花癡、4小時以上作品,村上涼子、小森愛、椿夏海、杉城かおる、鳴海遥子、森下夕子、手塚みや、島田響子、矢部寿恵、黒崎いずみ、北原夏美、北条麻妃,https://www.javbus.com/VSED-135,
CADV-770 男では味わえない女同士だからわかる快楽を追求したガチレズ！！18人4時間,CADV-770 男では味わえない女同士だからわかる快楽を追求したガチレズ！！18人4時間,CADV-770,,2020-07-09,239分鐘,,クリスタル映像,CRYSTAL EX,,成熟的女人、女同性戀、4小時以上作品、高畫質、巨乳,北条麻妃、希咲あや、風間ゆみ、辺見麻衣、小宮山せりな、井川ゆい、瀬戸りょう、水沢真樹、後藤リサ、早坂愛梨、瀬奈涼、風見渚、大橋奈津美、小沢優名、南つかさ、結城みさ、京野ななか、杏子ゆう,https://www.javbus.com/CADV-770,
JUSD-882 検証 人妻は絶対に夫を裏切らない説 8時間,JUSD-882 検証 人妻は絶対に夫を裏切らない説 8時間,JUSD-882,,2020-07-04,480分鐘,,マドンナ,Madonna,,成熟的女人、合集、已婚婦女、數位馬賽克、4小時以上作品、出軌、巨乳、DMM獨家,霧島さくら、大浦真奈美、飛鳥りん、水野朝陽、神宮寺ナオ、根尾あかり、凛音とうか、岬あずさ、水戸かな、有坂深雪、逢見リカ、永瀬ゆい、八神さおり、倉多まお、河北麻衣、松本菜奈実、向井藍、小早川怜子、友田真希、希島あいり、栗栖みなみ、三浦歩美、北条麻妃、大城雪乃、一色桃子,https://www.javbus.com/JUSD-882,
JUSD-879 四六時中、娘婿のデカチ○ポが欲しくて堪らない義母の誘い総集編 8時間,JUSD-879 四六時中、娘婿のデカチ○ポが欲しくて堪らない義母の誘い総集編 8時間,JUSD-879,,2020-06-06,480分鐘,,マドンナ,Madonna,四六時中、娘婿のデカチ○ポが欲しくて堪らない義母の誘い,成熟的女人、合集、已婚婦女、數位馬賽克、4小時以上作品、婆婆、デカチン・巨根、DMM獨家,一色桃子、澤村レイコ（高坂保奈美、高坂ますみ）、白木優子、友田真希、青木玲、北条麻妃、遥あやね、大島優香,https://www.javbus.com/JUSD-879,
JUSD-877 2019年Madonna全394タイトル 12時間 ￥1980,JUSD-877 2019年Madonna全394タイトル 12時間 ￥1980,JUSD-877,,2020-05-23,720分鐘,,マドンナ,Madonna,,成熟的女人、合集、各種職業、已婚婦女、數位馬賽克、4小時以上作品、DMM獨家,友田真希、瞳リョウ、風間ゆみ、加山なつこ、川上奈々美、吉瀬菜々子、加藤沙季、有坂深雪、君島みお、霧島レオナ、三浦歩美、森下美緒、吹石れな、三原ほのか、舞原聖、並木塔子、水野朝陽、水戸かな、八嶋みどり、大浦真奈美、三船かれん、松永さな、水樹璃子、有村のぞみ、内海静香、牧村柚希、林美玲、内原美智子、菅野真穂、本上さつき、八乃つばさ、白木エレン、加瀬ななほ、黒崎みか、永瀬ゆい、羽田つばさ、松本菜奈実、丸千香子、音海里奈、樫村ゆり子、海藤みずほ、山口菜穂、山口椿、草刈美緒、戸田美々香、遥あやね、国仲涼香、甘乃つばき、中山穂香、原さくら、初美りえな、高瀬智香、大島優香、音羽文子、秋山祥子、黒宮えいみ、一条綺美香、大城雪乃、妃ひかり、辻井ほのか、栗栖みなみ、高樹あすか、雪奈あいり、高岡さつき、西村有紗、前田いろは、凛音とうか、菊市桃子、神宮寺ナオ、根尾あかり、佐野栞、高槻れい、流川千穂、及川里香子、南条亜美菜、大森しずか、上野朱里、赤瀬尚子、飯山香織、真樹涼子、知花凛、通野未帆、時田こずえ、相浦茉莉花、大沢カスミ、あいだ飛鳥、一色桃子、永井マリア、園原奈々子、生駒みちる、谷原希美、佐々木あき、青山翔、神田リカコ、立原結子、桐谷しほ、彩月希、相楽ゆり子、楓まひろ、水川愛絆、谷花紗耶、杉浦美保、桜井萌、北村敏世、川上ゆう（森野雫）、翔田千里、青木玲、山口珠理、佐山愛、今井夏帆、水城奈緒、美谷雪絵、羽月希、あべみかこ、小早川怜子、織田真子、白木優子、三浦恵理子、神咲詩織、篠田ゆう、向井藍、蓮実クレア、八神さおり、新井エリー（晶エリー、大沢佑香）、北条麻妃、春菜はな、波多野結衣、もちづきる美、吉岡奈々子、里美ゆりあ、澤村レイコ（高坂保奈美、高坂ますみ）、河北麻衣、桜樹玲奈、篠崎かんな、一ノ瀬あやめ、松尾江里子、迫田由香里、早川瑞希、篠原ちとせ、我妻里帆、美谷朱里、牧村彩香、白鳥景子、稲場るか、星咲マイカ、岬あずさ、深田えいみ、黒川すみれ、新山リオ、星奈あい、飛鳥りん、北川礼子、望月あられ、奏音かのん、柊るい、小日向あき,https://www.javbus.com/JUSD-877,
MMYM-037 卑猥語女 SPECIAL SELECT 総集編II,MMYM-037 卑猥語女 SPECIAL SELECT 総集編II,MMYM-037,,2020-05-17,242分鐘,夢野あいだ,MARRION,夢野,卑猥語女,蕩婦、成熟的女人、合集、淫語、4小時以上作品、高畫質、DMM獨家,北条麻妃、風間ゆみ、推川ゆうり、並木塔子、滝本エレナ、佐々木あき、吹石れな、浅見せな,https://www.javbus.com/MMYM-037,
KSBJ-081 性欲のピークを迎えた四十路熟女たちの本気セックス18人,KSBJ-081 性欲のピークを迎えた四十路熟女たちの本気セックス18人,KSBJ-081,,2020-05-17,243分鐘,,KSB企画/エマニエル,KSB企画/エマニエル,,成熟的女人、苗條、合集、已婚婦女、4小時以上作品、高畫質、エマニエル、DMM獨家,片瀬仁美、平岡里枝子、北条麻妃、谷原希美、古川祥子、北川礼子、井上綾子、久保今日子、松島香織、新堂有望、加山なつこ、宮島優、城月あやね、澤村レイコ（高坂保奈美、高坂ますみ）、伊織涼子、緒方泰子、汐河佳奈、宮本紗央里,https://www.javbus.com/KSBJ-081,
DOA-007 またがり密着素股で絶頂イキ！！ビンビンに勃起したチ○ポにむっちり尻コキで擦られまくって我慢出来ずに快楽射精！！,DOA-007 またがり密着素股で絶頂イキ！！ビンビンに勃起したチ○ポにむっちり尻コキで擦られまくって我慢出来ずに快楽射精！！,DOA-007,,2020-05-17,120分鐘,ザッパパ,ブラックドッグ/妄想族,ブラックドッグ/妄想族,,其他戀物癖、屁股、主觀視角、M男、巨尻、妄想族、DMM獨家,麻里梨夏、北条麻妃、福咲れん、中里美穂、葉月桃、篠田ゆう,https://www.javbus.com/DOA-007,
NASH-288 問答無用 自宅侵入 7 強● 生ハメ鬼突き！強●射精！ ママ友レ●プ,NASH-288 問答無用 自宅侵入 7 強● 生ハメ鬼突き！強●射精！ ママ友レ●プ,NASH-288,,2020-05-15,243分鐘,,なでしこ,Nadeshiko,生ハメ鬼突き！強●射精！ママ友レ●プ,成熟的女人、苗條、已婚婦女、凌辱、羞恥、中出、4小時以上作品、高畫質、出軌、戲劇、巨乳,早川なお（柊かえで）、矢部寿恵、細川まり、牧野遥、北条麻妃、三喜本のぞみ、平茉莉,https://www.javbus.com/NASH-288,
JUSD-875 舐めてしゃぶってタマまで伝う人妻の最高に気持ちいい射精直前！！フェラチオラッシュ276連発 8時間,JUSD-875 舐めてしゃぶってタマまで伝う人妻の最高に気持ちいい射精直前！！フェラチオラッシュ276連発 8時間,JUSD-875,,2020-05-02,480分鐘,,マドンナ,Madonna,,成熟的女人、口交、合集、已婚婦女、數位馬賽克、4小時以上作品、高畫質、顏射、DMM獨家,友田真希、瞳リョウ、山口珠理、青木玲、栗栖みなみ、妃ひかり、小梅えな、小日向あき、香坂みりな、流川千穂、佐野栞、高岡さつき、大浦真奈美、飯山香織、松永さな、彩葉みおり、植木翔子、水野朝陽、宝生リリー、吉瀬菜々子、高瀬智香、大島優香、松田美子、根尾あかり、北村敏世、相楽ゆり子、里崎愛佳、赤瀬尚子、上野朱里、大森しずか、南条亜美菜、望月あられ、桜井萌、神田リカコ、前田いろは、西村有紗、杉浦美保、瀬崎彩音、水戸かな、丸千香子、三船かれん、翔田千里、甘乃つばき、黒宮えいみ、三田真利江、星咲マイカ、桜樹玲奈、吹石れな、牧村彩香、林美玲、水咲カレン、東凛、我妻里帆、新山リオ、北条麻妃、永井マリア、篠崎かんな、咲々原リン、三浦恵理子、立原結子、波多野結衣、川上奈々美、西野翔、はるかみらい、美保結衣、通野未帆、もちづきる美、霧島レオナ、菊市桃子、神宮寺ナオ、一色桃子、あかぎ碧、八神さおり、美谷朱里、松本菜奈実、柊るい、青山翔、白鳥景子、佐山愛、森下美緒、鷹宮ゆい、里美ゆりあ、谷原希美、音羽文子、長谷川秋子、滝川穂乃果、永瀬ゆい、岸上莉子、中邑みずき、羽月希、目黒めぐみ、稲場るか、山口菜穂、神咲詩織、谷花紗耶、相原結衣、桜井ゆみ、舞原聖、佐々木れい、戸田美々香、本上さつき、加藤沙季、一条綺美香、三浦歩美、深田えいみ、有坂深雪、澤村レイコ（高坂保奈美、高坂ますみ）、北川礼子、国仲涼香、海藤みずほ、三原ほのか、小早川怜子、希島あいり、逢見リカ、白木優子、内海静香、並木塔子、佐々木あき、遥あやね、篠田ゆう、宝田もなみ、飛鳥りん、相浦茉莉花、岬あずさ、向井藍、早川瑞希、樫村ゆり子、彩月希、八乃つばさ、星奈あい、加瀬ななほ、高槻れい、君島みお、佐知子、三田杏、草刈美緒、凛音とうか、菅野真穂、大城雪乃、川合らな、七緒夕希、黒川すみれ、和泉藍、美森けい、松尾江里子,https://www.javbus.com/JUSD-875,
BTHA-054 ヘアーヌード～無●正・9人の絶頂・永久保存版～パンティー付 つぼみ 神宮寺ナオ 川上奈々美 北条麻妃 篠田ゆう 七沢みあ 友田彩也香 北川エリカ 塚田詩織,BTHA-054 ヘアーヌード～無●正・9人の絶頂・永久保存版～パンティー付 つぼみ 神宮寺ナオ 川上奈々美 北条麻妃 篠田ゆう 七沢みあ 友田彩也香 北川エリカ 塚田詩織,BTHA-054,,2020-05-02,95分鐘,,スパークビジョン,,ヘアーヌード 無●正,偶像藝人、介紹影片、高畫質,つぼみ、神宮寺ナオ、川上奈々美、北条麻妃、篠田ゆう、七沢みあ、友田彩也香、北川エリカ、塚田詩織,https://www.javbus.com/BTHA-054,
NACX-052 四十路美熟女に中出し12人VOL.02,NACX-052 四十路美熟女に中出し12人VOL.02,NACX-052,,2020-05-01,242分鐘,,プラネットプラス,七狗留,○○美熟女に中出し,成熟的女人、合集、中出、4小時以上作品、高畫質,片瀬仁美、平岡里枝子、北条麻妃、谷原希美、澤村レイコ（高坂保奈美、高坂ますみ）、井上綾子、久保今日子、森下美緒、宮本紗央里、北川礼子、汐河佳奈、伊織涼子,https://www.javbus.com/NACX-052,
OKAX-618 肉感溢れるボディを過度に密着させながら際どい箇所への誘惑マッサージで男性客の反応を楽しむ美人セラピスト,OKAX-618 肉感溢れるボディを過度に密着させながら際どい箇所への誘惑マッサージで男性客の反応を楽しむ美人セラピスト,OKAX-618,,2020-04-24,240分鐘,,ケイ・エム・プロデュース,おかず。,肉感溢れるボディを過度に密着,蕩婦、其他戀物癖、合集、4小時以上作品、按摩、DMM獨家,佐野優佳、平野里実、歩川みく、本真ゆり、川島由香子、朝川奈穂、星希、神宮寺ナナ、北川りこ、高松みどり、千野くるみ、大槻ひびき、広瀬奈々美（堀口奈津美）、北条麻妃、伊東真緒、押見れな、倉本雪音、二宮莉央、本田るい、川上ゆう（森野雫）,https://www.javbus.com/OKAX-618,
KSBJ-077 卑猥なエロ腰の淫乱美熟女中出し性交11人,KSBJ-077 卑猥なエロ腰の淫乱美熟女中出し性交11人,KSBJ-077,,2020-04-17,244分鐘,,KSB企画/エマニエル,KSB企画/エマニエル,,成熟的女人、合集、中出、4小時以上作品、巨乳、エマニエル、DMM獨家,一条綺美香、片瀬仁美、とみの伊織、神波多一花、北条麻妃、川上ゆう（森野雫）、横山みれい、浅井舞香、桜井彩、谷原希美、円城ひとみ,https://www.javbus.com/KSBJ-077,
UMSO-312 マジでイッちゃう5分前！40人の発射5分前からお見せます！VOL.02,UMSO-312 マジでイッちゃう5分前！40人の発射5分前からお見せます！VOL.02,UMSO-312,,2020-04-10,241分鐘,,ケイ・エム・プロデュース,UMANAMI,マジでイッちゃう5分前！○人の発射5分前からお見せます！,成熟的女人、合集、已婚婦女、4小時以上作品、高畫質、巨乳、DMM獨家,加藤ももか、笹倉杏、桜井彩、佐々木あき、月本愛、斉藤みゆ、葉月美音、小川桃果、二宮和香、さとう愛理、塚田詩織、北条麻妃、真木今日子、折原ほのか、辛島音瑠、沙原さゆ、笹宮えれな、向井雫、工藤つぼみ、高城彩、彩奈リナ（七原あかり）、高杉麻里、森下美緒、かなで自由、寺島志保、稲場るか、響りん、永倉由梨,https://www.javbus.com/UMSO-312,
NASH-271 モデル体型のスリムで美乳の熟女31人,NASH-271 モデル体型のスリムで美乳の熟女31人,NASH-271,,2020-04-10,244分鐘,,なでしこ,Nadeshiko,,成熟的女人、苗條、合集、乳房、4小時以上作品、高畫質,佐々木あき、武藤あやか、緒方泰子、加藤ツバキ（夏樹カオル）、麻生まり、北川礼子、小早川怜子、高槻れい、久保今日子、卯水咲流、一条綺美香、井川希、君島みお、阿部栞菜、二宮和香、七海ひさ代、本庄瞳、青木玲、滝本エレナ、北条麻妃、平岡里枝子、清城ゆき、葵紫穂、神波多一花、峰岸カレン、上原千佳、堀内秋美、麻生千春、冴君麻衣子、井上綾子、神納花,https://www.javbus.com/NASH-271,
AVS-023 AVSCollector’s2019年間 SPECIAL BESTカタログ,AVS-023 AVSCollector’s2019年間 SPECIAL BESTカタログ,AVS-023,,2020-03-22,240分鐘,,AVS collector’s,AVS,エーヴィエスカタログ,成熟的女人、胖女人、合集、中出、4小時以上作品、高畫質、DMM獨家,西田カリナ、風間ゆみ、篠田ゆう、八乃つばさ、新村あかり、日向うみ、黒川すみれ、北条麻妃、桐嶋りの、森ほたる、音海里奈、稲場るか、永井みひな、佐久間恵美、水谷心音（藤崎りお）、梨々花、松永さな、枢木みかん、永瀬ゆい、桜井萌、黒川ゆきな、今井夏帆、美園和花、最上さゆき、凛音とうか、水野朝陽、優月まりな、有村のぞみ、AIKA、波多野結衣、推川ゆうり、川菜美鈴、彩葉みおり、吹石れな、佐々木あき、黒川サリナ、片瀬仁美、小日向まい、有坂深雪、澤村レイコ（高坂保奈美、高坂ますみ）、渚みつき、葉月桃、藍川美夏、大浦真奈美、黒崎みか、乃木ちはる、優梨まいな、小早川怜子、君島みお、加藤ももか,https://www.javbus.com/AVS-023,
JUSD-868 2019年下半期全206タイトルBEST8時間,JUSD-868 2019年下半期全206タイトルBEST8時間,JUSD-868,,2020-03-21,480分鐘,,マドンナ,Madonna,マドンナ○半期,成熟的女人、合集、各種職業、已婚婦女、數位馬賽克、4小時以上作品、戲劇、DMM獨家,友田真希、瞳リョウ、風間ゆみ、山口珠理、水戸かな、大浦真奈美、三船かれん、時田こずえ、大島優香、秋山祥子、一色桃子、生駒みちる、神宮寺ナオ、吹石れな、新山リオ、内海静香、桐谷しほ、彩月希、草刈美緒、大城雪乃、谷花紗耶、舞原聖、加藤沙季、三浦歩美、国仲涼香、妃ひかり、海藤みずほ、南条亜美菜、高樹あすか、大森しずか、上野朱里、赤瀬尚子、飯山香織、真樹涼子、相楽ゆり子、霧島レオナ、柊るい、青山翔、甘乃つばき、雪奈あいり、立原結子、北村敏世、高岡さつき、杉浦美保、西村有紗、前田いろは、神田リカコ、桜井萌、望月あられ、奏音かのん、知花凛、青木玲、もちづきる美、篠崎かんな、有坂深雪、凛音とうか、星奈あい、菅野真穂、加瀬ななほ、永瀬ゆい、松本菜奈実、山口菜穂、織田真子、里美ゆりあ、神咲詩織、篠田ゆう、澤村レイコ（高坂保奈美、高坂ますみ）、蓮実クレア、羽月希、新井エリー（晶エリー、大沢佑香）、北条麻妃、春菜はな、波多野結衣、丸千香子、八乃つばさ、三浦恵理子、根尾あかり、辻井ほのか、佐野栞、流川千穂、水川愛絆、中山穂香、小日向あき、遥あやね、栗栖みなみ、今井夏帆、小早川怜子、向井藍、桜樹玲奈、白木優子、早川瑞希、美谷朱里、牧村彩香、稲場るか、岬あずさ、深田えいみ、八神さおり、並木塔子,https://www.javbus.com/JUSD-868,
JUSD-866 出張先のビジネスホテルでずっと憧れていた女上司とまさかまさかの相部屋宿泊 総集編 8時間,JUSD-866 出張先のビジネスホテルでずっと憧れていた女上司とまさかまさかの相部屋宿泊 総集編 8時間,JUSD-866,,2020-03-05,480分鐘,,マドンナ,Madonna,出張先のビジネスホテルでずっと憧れていた女上司とまさかまさかの相部屋宿泊,成熟的女人、合集、連褲襪、已婚婦女、數位馬賽克、4小時以上作品、戲劇、女上司、DMM獨家,黒川すみれ、波多野結衣、佐々木あき、川上奈々美、水戸かな、北条麻妃、通野未帆、神宮寺ナオ,https://www.javbus.com/JUSD-866,
BBSS-031 ネットリ濃厚な絡み合い 熟女レズビアン総集編4時間,BBSS-031 ネットリ濃厚な絡み合い 熟女レズビアン総集編4時間,BBSS-031,,2020-03-05,240分鐘,,ビビアン,ビビアン,,成熟的女人、女同性戀、已婚婦女、4小時以上作品、女同接吻、DMM獨家,KAORI、北条麻妃、吹石れな、風間ゆみ、宮部涼花、山本美和子、加納綾子、羽月希、円城ひとみ、安野由美、三浦恵理子、姫野かんな、小早川怜子、小向美奈子、澤村レイコ（高坂保奈美、高坂ますみ）、上原亜衣、葵百合香、翔田千里、音羽文子、早川瀬里奈、久保今日子、新井エリー（晶エリー、大沢佑香）、牧原れい子、朝桐光,https://www.javbus.com/BBSS-031,
LZBS-055 レズキス 密着ベロベロ接吻 厳選5時間 オンナ同士の美唇と絡みつく舌と唾液をじっくりお見せします！,LZBS-055 レズキス 密着ベロベロ接吻 厳選5時間 オンナ同士の美唇と絡みつく舌と唾液をじっくりお見せします！,LZBS-055,,2020-02-16,300分鐘,,レズれ！,レズれ！ ベスト,,女同性戀、其他戀物癖、合集、4小時以上作品、女同接吻、DMM獨家,八乃つばさ、上原亜衣、黒川すみれ、波多野結衣、緒奈もえ、麻里梨夏、佐々木あき、中谷玲奈、北川ゆず、咲良つむぎ、KAORI、横山みれい、北川エリカ、初芽里奈、朝倉ことみ、跡美しゅり、保坂えり、五十嵐星蘭、江藤侑里、北条麻妃、音無かおり、新山恵梨、あおいれな、明里ともか、宮崎あや、琥珀うた、優梨まいな、江上しほ、黒木いくみ、小西まりえ、高杉麻里、倉木しおり、滝川穂乃果、阿部乃みく、彩葉みおり、伴牧英、卯水咲流、音海里奈、浜崎真緒、大槻ひびき、藍川美夏、推川ゆうり、たかせ由奈、美保結衣、月本愛、加納綾子、竹内紗里奈、Maika（MEW）、友田彩也香、桜井あゆ、月島ななこ、木葉ちひろ、野々宮みさと,https://www.javbus.com/LZBS-055,
VSED-129 母と息子二人きりの温泉旅行で舌と舌を絡めあいギュと体を密着させる親子ならではの濃厚濃密なセックス12連発 8時間2枚組 3,VSED-129 母と息子二人きりの温泉旅行で舌と舌を絡めあいギュと体を密着させる親子ならではの濃厚濃密なセックス12連発 8時間2枚組 3,VSED-129,,2020-01-26,477分鐘,,シックスナイン,シックスナイン,母と息子二人きりの温泉旅行で…,成熟的女人、母親、亂倫、4小時以上作品、温泉、旅行,水谷しえり、北条麻妃、吉野艶子、広瀬奈々美（堀口奈津美）、波多野結衣、成宮いろは、荒木瞳、結城みさ、羽月希、池上まひろ、彩奈リナ（七原あかり）、澁谷果歩,https://www.javbus.com/VSED-129,
MCSR-373 禁断相姦,MCSR-373 禁断相姦,MCSR-373,,2020-01-25,240分鐘,メカテス武田,ビッグモーカル,マスカット,,女同性戀、亂倫、已婚婦女、通姦、4小時以上作品、婆婆、叔母さん,愛川咲樹、風間ゆみ、翔田千里、志村玲子、北島玲、望月加奈（松沢真理）、北条麻妃、つぼみ,https://www.javbus.com/MCSR-373,
JUSD-862 人妻・熟女No1メーカーMadonna年間ガチ売れTOP30！！（JUSD-862）,JUSD-862 人妻・熟女No1メーカーMadonna年間ガチ売れTOP30！！（JUSD-862）,JUSD-862,,2020-01-19,480分鐘,,マドンナ,Madonna,Madonna年間ガチ売れTOP30,成熟的女人、合集、已婚婦女、數位馬賽克、通姦、4小時以上作品、巨乳、DMM獨家,大沢カスミ、北条麻妃、澤村レイコ（高坂保奈美、高坂ますみ）、水野朝陽、川上奈々美、凛音とうか、和泉藍、妃ひかり、西野美幸、菅野真穂、向井藍、白木優子、佐々木あき、三浦歩美、羽田つばさ、春菜はな、黒川すみれ、根尾あかり、水戸かな、桜樹玲奈、神宮寺ナオ、大島優香、我妻里帆、一色桃子、白鳥景子、友田真希、生駒みちる、遥あやね、織田真子、丸千香子,https://www.javbus.com/JUSD-862,
BXX-005 脚コキ大全集 23人の奇跡の脚テクで発射しまくり！！,BXX-005 脚コキ大全集 23人の奇跡の脚テクで発射しまくり！！,BXX-005,,2020-01-17,239分鐘,,バミューダ/妄想族,フェニックス,,其他戀物癖、戀腿癖、4小時以上作品、主觀視角、高畫質、M男、妄想族、DMM獨家,翔田千里、さとう遥希、生駒はるな、小早川怜子、保坂えり、矢部寿恵、元山はるか、風間ゆみ、松下美雪、水澤まお（永沢まおみ）、浜崎真緒、北条麻妃、加藤ツバキ（夏樹カオル）、柏木あづさ、篠宮ゆり,https://www.javbus.com/BXX-005,
RBB-174 発射寸前！ 我慢汁垂れ流しの気持ちいいフェラチオ160連射8時間（RBB-174）,RBB-174 発射寸前！ 我慢汁垂れ流しの気持ちいいフェラチオ160連射8時間（RBB-174）,RBB-174,,2020-01-16,480分鐘,,ROOKIE,ROOKIE,発射寸前！ 我慢汁垂れ流しの気持ちいいフェラチオ,口交、合集、4小時以上作品、DMM獨家,友田真希、つぼみ、希崎ジェシカ、Hitomi（田中瞳）、竹内真琴、黒崎みか、結城のの、平川琴菜、水川かずは、天使もえ、森沢リサ、星奈あい、水川えみる、岩瀬りな、天野美優、益坂美亜、凛音とうか、牧野れいな、有坂深雪、星川光希、相沢みなみ、浜崎まりあ、仲間明日香、神原美優、渚みつき、根尾あかり、悠月リアナ、三田杏、三原ほのか、亜矢瀬もな、葵、三上悠亜、君島みお、牧村柚希、笠木いちか、奈々原えみり、茜はるか、西尾朱里、椿井えみ、深見らん、咲々原リン、夏川あかり、末永ありさ、大原向葵、伊藤舞雪、志田雪奈、筧ジュン、八乃つばさ、植村恵名、はるかみらい、天月叶菜、日向恵美、吉高寧々、松下紗栄子、羽田つばさ、香苗レノン、百葉花音、美作彩凪、新木ふみか、神坂ひなの、愛瀬美希、飛鳥りん、新井優香、涼海みさ、神谷充希、安藤かれん、水野朝陽、冴木エリカ、架乃ゆら、高杉麻里、泉りおん、河北彩未、初川みなみ、長谷川夏樹、星野ナミ、柚月ひまわり、大浦真奈美、風花くれは、加瀬かなこ、平沢すず、水戸かな、友光夏華、ひなたまりん、長濱もも、櫻井えみ、早美れむ、中条あおい、川菜美鈴、倉多まお、桜木優希音、三船かれん、河南実里、美谷朱里、千乃愛佳、市橋えりな、富永舞、楠セナ、有村のぞみ、神宮寺ナオ、河原かえで、高見怜奈、逢沢まりあ、熊宮由乃、有原あゆみ、早川真白、逢沢りいな、朝倉桃菜、あいだ飛鳥、真白ここ、木野香織、橋本ありな、楓カレン、水川スミレ、関根奈美、宮脇ひとみ、白百合ましろ、西宮ゆめ、吉池美歩、星宮一花、椎名そら、江藤侑里、愛世くらら、北条麻妃、麻倉憂、夢乃あいか、澤村レイコ（高坂保奈美、高坂ますみ）、篠田ゆう、AIKA、枢木みかん、本田岬、音市美音、鈴木心春、華咲じゅら、優月心菜、高牟礼れな、岬あずさ、悠綺ありさ、水澄ひかり、桐嶋りの、有季なお、阿部栞菜、乃木蛍、西野悠、葵つかさ、黒川すみれ,https://www.javbus.com/RBB-174,
KMDS-20465 ご褒美SEXで志望校絶対合格！色んな意味でヤリ手な痴女家庭教師10人240分,KMDS-20465 ご褒美SEXで志望校絶対合格！色んな意味でヤリ手な痴女家庭教師10人240分,KMDS-20465,,2020-01-08,240分鐘,,カマタ映像,弁天,,蕩婦、成熟的女人、家教、中出、4小時以上作品、處男,白鳥美玲、河瀬希美、元森玲子、奥村瞳、北条麻妃、飯倉美奈子、酒井依子、沢村華恋、三咲恭子、高嶋美鈴,https://www.javbus.com/KMDS-20465,
UMD-718 検証ドスケベのポテンシャル四十路おばさんが最強説,UMD-718 検証ドスケベのポテンシャル四十路おばさんが最強説,UMD-718,,2020-01-01,180分鐘,タブー大崎,LEO,LEO,,蕩婦、成熟的女人、口交、花癡、女上位、高畫質,澤村レイコ（高坂保奈美、高坂ますみ）、音羽文子、北条麻妃,https://www.javbus.com/UMD-718,
JUSD-860 美熟女のむっちむち美尻とスラっと美脚が堪能できるパンスト着衣性交 8時間,JUSD-860 美熟女のむっちむち美尻とスラっと美脚が堪能できるパンスト着衣性交 8時間,JUSD-860,,2019-12-28,480分鐘,,マドンナ,Madonna,,成熟的女人、連褲襪、已婚婦女、屁股、數位馬賽克、4小時以上作品、巨尻、DMM獨家,若葉加奈、黒川すみれ、成田麗、若菜奈央、八乃つばさ、水戸かな、白石りん、久保今日子、川上奈々美、最上ゆり子、水城奈緒、通野未帆、佐々木あき、竹内麻耶、北条麻妃、桜樹玲奈、水川スミレ、里美ゆりあ、一色桃子、波多野結衣、大島優香、谷原希美、神宮寺ナオ、橋本れいか、ティア、一ノ瀬あやめ、羽田つばさ、並木塔子,https://www.javbus.com/JUSD-860,
JUL-071 PRECIOUS MADONNA トリプル専属ゴージャス初共演！！プレシャスな美熟女たちが奪い合う！！3対1ハーレム遊宴190分！！,JUL-071 PRECIOUS MADONNA トリプル専属ゴージャス初共演！！プレシャスな美熟女たちが奪い合う！！3対1ハーレム遊宴190分！！,JUL-071,,2019-12-19,190分鐘,豆沢豆太郎,マドンナ,Madonna,,成熟的女人、已婚婦女、多P、數位馬賽克、高畫質、ハーレム、巨乳、DMM獨家,水戸かな、北条麻妃、妃ひかり,https://www.javbus.com/JUL-071,
KUD-011 黒人緊縛 巨大マラと麻縄,KUD-011 黒人緊縛 巨大マラと麻縄,KUD-011,,2019-12-13,120分鐘,,九龍,九龍,,紧缚、中出、高畫質、黑人演員,卯水咲流、桜咲姫莉、北条麻妃、篠田ゆう、森沢かな（飯岡かなこ）、中里美穂,https://www.javbus.com/KUD-011,
NACX-043 陰毛がふっさふさの剛毛熟女12人VOL.02,NACX-043 陰毛がふっさふさの剛毛熟女12人VOL.02,NACX-043,,2019-12-01,240分鐘,,プラネットプラス,七狗留,陰毛がふっさふさの剛毛熟女,成熟的女人、其他戀物癖、合集、已婚婦女、4小時以上作品、高畫質,水澤りこ、とみの伊織、江上しほ、若槻みづな、谷原希美、水原さな、桐島美奈子、西山あさひ、高城彩、矢部寿恵、北条麻妃、前園希美,https://www.javbus.com/NACX-043,
MMIX-033 Mellow Moon 極上美人 ヌクときは美人がいい 超美顔8人 MMIX-033,MMIX-033 Mellow Moon 極上美人 ヌクときは美人がいい 超美顔8人 MMIX-033,MMIX-033,,2019-12-01,242分鐘,Pigマム,Mellow Moon（メロウムーン）,Mellow Moon（メロウムーン）,極上美人 ヌクときは美人がいい,成熟的女人、已婚婦女、乳房、中出、4小時以上作品、巨乳、DMM獨家,北条麻妃、つぼみ、水嶋あずみ、柳田やよい、川上ゆう（森野雫）、加藤ツバキ（夏樹カオル）、横山みれい、桐島綾子,https://www.javbus.com/MMIX-033,
JUSD-855 顔だけでもヌケるイイ熟女達のねっとり濃密ベロキス性交 8時間,JUSD-855 顔だけでもヌケるイイ熟女達のねっとり濃密ベロキス性交 8時間,JUSD-855,,2019-11-30,479分鐘,,マドンナ,Madonna,,成熟的女人、合集、已婚婦女、數位馬賽克、4小時以上作品、キス・接吻、巨乳、DMM獨家,たかせ由奈、ティア、めぐり（藤浦めぐ）、逢沢まりあ、相原結衣、大浦真奈美、大島優香、徳島えり、谷原希美、川上奈々美、青木玲、西野翔、星奈あい、星川光希、瞳リョウ、本田岬、遥あやね、竹内麻耶、壇えみ、北条麻妃、並木塔子、美谷雪絵、美谷朱里、美作彩凪、妃ひかり、飯山香織、白木優子、波多野結衣、水戸かな、有坂深雪、澤村レイコ（高坂保奈美、高坂ますみ）、里美ゆりあ、一色桃子、佐々木あき、岡野美由紀、工藤まなみ、君島みお、橋本れいか、吉瀬菜々子、希美まゆ、希島あいり、丸千香子、関根奈美、我妻里帆、河南実里、桜樹玲奈、三浦歩美、吹石れな、安西ひかり、水川スミレ、加瀬かなこ、黒川すみれ、神宮寺ナオ、松村みをり、松雪かなえ、若葉加奈、若菜奈央、篠田ゆう、山口菜穂、三田真利江、最上ゆり子,https://www.javbus.com/JUSD-855,
XRW-787 大量の精子を美顔にぶっかける快感射精！30人4時間,XRW-787 大量の精子を美顔にぶっかける快感射精！30人4時間,XRW-787,,2019-11-22,239分鐘,,レアルワークス,REAL（レアルワークス）,,口交、其他戀物癖、4小時以上作品、高畫質、眼鏡、巨乳、顏射,成瀬心美、美咲結衣、風間ゆみ、北条麻妃、麻倉憂、有村千佳、碧しの（篠めぐみ）,https://www.javbus.com/XRW-787,
BXX-003 縛り拷問 奴隷市場の宴 其ノ五,BXX-003 縛り拷問 奴隷市場の宴 其ノ五,BXX-003,,2019-11-15,240分鐘,,バミューダ/妄想族,フェニックス,奴隷市場の宴,紧缚、性奴、4小時以上作品、高畫質、妄想族、DMM獨家,みゆき菜々子、推川ゆうり、水嶋アリス、橘メアリー、伊東紅蘭、水野朝陽、石川ゆうな、山川すず、西田カリナ、星奈あい、北条麻妃、波多野結衣,https://www.javbus.com/BXX-003,
MCSR-362 旅館で本当にあったエッチな体験談 「今なら休憩中だから…」 現実から離れて疲れた身体を癒してくれる和服美人女将 12人4時間,MCSR-362 旅館で本当にあったエッチな体験談 「今なら休憩中だから…」 現実から離れて疲れた身体を癒してくれる和服美人女将 12人4時間,MCSR-362,,2019-10-26,240分鐘,亀ヶ島三郎,ビッグモーカル,マスカット,,和服・喪服、成熟的女人、女主人、女老板、中出、4小時以上作品、高畫質,澤村レイコ（高坂保奈美、高坂ますみ）、北条麻妃、竹内梨恵、宝田さゆり、仁科りえ、風間ゆみ、艶堂しほり（遠藤しおり）、中山香苗、川上ゆう（森野雫）、浅井舞香、小早川怜子、片瀬仁美,https://www.javbus.com/MCSR-362,
HZGB-025 絶倫男にレ×プされ、何度も絶頂する人妻の罪悪感BEST,HZGB-025 絶倫男にレ×プされ、何度も絶頂する人妻の罪悪感BEST,HZGB-025,,2019-10-25,301分鐘,,人妻花園劇場,BEST（人妻花園劇場）,,合集、已婚婦女、中出、4小時以上作品、高畫質、戲劇、巨乳,神宮寺ナオ、篠田ゆう、君島みお、風間ゆみ、北条麻妃、真木今日子、花崎りこ、優梨まいな、阿部栞菜、浜崎なお、早川瀬里奈、橋本れいか、川上ゆう（森野雫）、望月りさ、井上綾子、花咲いあん、星奈あい、KAORI、水川スミレ、大浦真奈美,https://www.javbus.com/HZGB-025,
BXX-001 極縄 総集編,BXX-001 極縄 総集編,BXX-001,,2019-10-13,240分鐘,,バミューダ/妄想族,フェニックス（バミューダ/妄想族）,極縄,紧缚、性奴、拘束、凌辱、4小時以上作品、妄想族、DMM獨家,二宮和香、星川ういか、北条麻妃、桃瀬ゆり、神納花、波多野結衣,https://www.javbus.com/BXX-001,
JARB-038 隣人に僕は淫らに誘惑され,JARB-038 隣人に僕は淫らに誘惑され,JARB-038,,2019-10-11,243分鐘,長澤純,日本藝術浪漫文庫,日本藝術浪漫文庫,,成熟的女人、已婚婦女、姐姐、通姦、中出、4小時以上作品、高畫質、戲劇,椿かなり、広瀬奈々美（堀口奈津美）、北条麻妃、竹内梨恵、水元恵梨香、上島美都子,https://www.javbus.com/JARB-038,
NASH-157 昭和の性犯罪物語 忌まわしき陰湿事件,NASH-157 昭和の性犯罪物語 忌まわしき陰湿事件,NASH-157,,2019-10-11,242分鐘,,なでしこ,Nadeshiko,,成熟的女人、已婚婦女、中出、4小時以上作品、高畫質,北条麻妃、尾島みゆき、松下美香、遠野麗子、寺崎泉、七海ひさ代、瞳れい,https://www.javbus.com/NASH-157,
JUSD-847 有名アダルトサイトユーザーレビュー 高評価BEST 20タイトル8時間,JUSD-847 有名アダルトサイトユーザーレビュー 高評価BEST 20タイトル8時間,JUSD-847,,2019-10-03,480分鐘,,マドンナ,Madonna,,成熟的女人、合集、已婚婦女、數位馬賽克、4小時以上作品、戲劇、DMM獨家,桜樹玲奈、北条麻妃、三浦恵理子、白鳥景子、西野翔、水戸かな、遥あやね、音羽文子、大島優香、松村みをり、吉瀬菜々子、北川礼子、八木美智香、神宮寺ナオ、大沢カスミ、一色桃子、竹内麻耶、若葉加奈、友田真希、白木優子、黒川すみれ,https://www.javbus.com/JUSD-847,
MCSR-356 中出し近親相姦 50人 なんでも言うこと聞いてくれる爆乳お義母さん 5時間,MCSR-356 中出し近親相姦 50人 なんでも言うこと聞いてくれる爆乳お義母さん 5時間,MCSR-356,,2019-09-28,300分鐘,金子次郎,ビッグモーカル,マスカット,,亂倫、已婚婦女、中出、4小時以上作品、婆婆、高畫質、出軌,佐々木あき、北条麻妃、篠田あゆみ、翔田千里、逢沢はるか（黒木琴音）、明里ともか、杉原えり、牧原れい子、望月加奈（松沢真理）、五十嵐しのぶ、小出遥、志村玲子、高倉ゆきの、倉多まお、中森玲子、本田莉子、甲斐ミハル、松下ゆうか（愛乃彩音、藤咲ゆうか）、水沢真樹、横山みれい、澁谷果歩、原千草、月島えみり、鈴木さとみ、草凪純（加納瑞穂）、小早川怜子、夏美まや、橘優花、魚住里奈、二階堂ゆり、芹沢恋、柳田やよい、澤村レイコ（高坂保奈美、高坂ますみ）、本真ゆり、川上ゆう（森野雫）、三浦恵理子、速水怜、赤坂エレナ、橘エレナ、松浦ユキ、伊織涼子、北島玲、宮野ゆかな、村上涼子（中村りかこ、黒木菜穂）、有沢りさ、星野あかり、はるか悠、浜崎なお、華山美玲、川瀬さやか,https://www.javbus.com/MCSR-356,
HZGB-024 煩悩をヌキ飛ばせ！平成の人妻花園劇場108タイトル全部入りBEST,HZGB-024 煩悩をヌキ飛ばせ！平成の人妻花園劇場108タイトル全部入りBEST,HZGB-024,,2019-09-27,300分鐘,,人妻花園劇場,imageII,,成熟的女人、合集、已婚婦女、通姦、中出、4小時以上作品、高畫質、出軌、戲劇、巨乳,川菜美鈴、紺野ひかる、阿部乃みく、川上ゆう（森野雫）、倉多まお、佳苗るか、浜崎真緒、松嶋葵、吉川あいみ、蓮実クレア、二階堂ゆり、通野未帆、向井藍、江波りゅう（RYU)、推川ゆうり、今井真由美、吹石れな、かさいあみ、水川スミレ、さとう愛理、花咲いあん、三原ほのか、松本メイ、さくらみゆき、西條るり、水谷心音（藤崎りお）、水野朝陽、大場ゆい、森沢かな（飯岡かなこ）、春原未来、北川エリカ、君島みお、風間ゆみ、佐々木あき、涼川絢音、篠田あゆみ、中里美穂、たかせ由奈、彩奈リナ（七原あかり）、神波多一花、波多野結衣、大槻ひびき、羽月希、真木今日子、神納花、瞳リョウ、村上涼子（中村りかこ、黒木菜穂）、春菜はな、神宮寺ナオ、優月まりな、香椎りあ、優梨まいな、初美りん、加山なつこ、楓まい、山井すず、森下美怜、橋本れいか、AIKA、KAORI、高城彩、三島奈津子、黒木あおい、澤村レイコ（高坂保奈美、高坂ますみ）、星奈あい、ましろ杏、名森さえ、武田真、葵千恵、音羽文子、小早川怜子、宝田もなみ、早川瀬里奈、枢木みかん、浜崎なお、前田可奈子、泉ののか、由來ちとせ、月本愛、きみと歩実、美谷朱里、篠田ゆう、桐嶋りの、加藤あやの、天野美優、谷原希美、川口葉純、塚田詩織、花崎りこ、桐谷なお、北条麻妃,https://www.javbus.com/HZGB-024,
JUSD-845 Madonna2019年上半期全190タイトルBEST8時間,JUSD-845 Madonna2019年上半期全190タイトルBEST8時間,JUSD-845,,2019-09-21,480分鐘,,マドンナ,Madonna,,成熟的女人、合集、已婚婦女、數位馬賽克、4小時以上作品、出軌、巨乳、DMM獨家,友田真希、風間ゆみ、加山なつこ、青木玲、岬あずさ、我妻里帆、我妻澪、小早川怜子、白木優子、三浦恵理子、神咲詩織、篠田ゆう、河北麻衣、白木エレン、星咲マイカ、北川礼子、桜樹玲奈、篠崎かんな、一ノ瀬あやめ、松尾江里子、迫田由香里、篠原ちとせ、黒川すみれ、美谷朱里、あべみかこ、牧村彩香、北条麻妃、三原ほのか、黒崎みか、羽田つばさ、松本菜奈実、丸千香子、星あめり、牧村柚希、樫村ゆり子、八乃つばさ、飛鳥りん、藤田澪、白咲りの、林美玲、内原美智子、本上さつき、遥あやね、有坂深雪、君島みお、菊市桃子、星奈あい、菅野真穂、末永ありさ、宮川ありさ、美谷雪絵、吉岡奈々子、谷原希美、通野未帆、原さくら、波多野結衣、大沢カスミ、水樹璃子、一色桃子、永井マリア、園原奈々子、一条綺美香、黒宮えいみ、音羽文子、佐山愛、川上ゆう（森野雫）、水城奈緒、翔田千里、澤村レイコ（高坂保奈美、高坂ますみ）、あいだ飛鳥、初美りえな、高瀬智香、大島優香、生駒みちる、音海里奈、及川里香子、高槻れい、佐々木あき、水戸かな、八嶋みどり、大浦真奈美、松永さな、戸田美々香、白鳥景子、上野朱里、大森しずか、水野朝陽、神宮寺ナオ、有村のぞみ、山口椿、新美かりん、森下美緒、相浦茉莉花、杉浦美保、吉瀬菜々子、楓まひろ、川上奈々美,https://www.javbus.com/JUSD-845,
JFB-184 永久保存版！！ 貴方だけを見つめ続ける淫語中出しソープBEST16時間,JFB-184 永久保存版！！ 貴方だけを見つめ続ける淫語中出しソープBEST16時間,JFB-184,,2019-09-08,960分鐘,,Fitch,Fitch,貴方だけを見つめ続ける淫語中出しソープ,合集、妓女、淫語、數位馬賽克、中出、主觀視角、16時間以上作品、ヘルス・ソープ、DMM獨家,波多野結衣、椎名ゆな、北条麻妃、森沢かな（飯岡かなこ）、由來ちとせ、音海里奈、NAOMI、澤村レイコ（高坂保奈美、高坂ますみ）、宮藤尚美、藤咲エレン、椿織さとみ、羽海野まお、春菜はな、あかぎ碧、水澄ひかり、織田真子、風間ゆみ、本田岬、立花瑠莉、優月まりな、ましろ杏、中村知恵、原ちとせ、西野翔、西條るり、凛音とうか、澁谷果歩,https://www.javbus.com/JFB-184,
BTHA-043 ヘアーヌード～無●正・11人の絶頂・永久保存版～パンティー付/北条麻妃 川上ゆう 椎名そら 神咲詩織 ティア 鈴木心春 澁谷果歩 青山はな 尾上若葉 三島奈津子 NAOMI,BTHA-043 ヘアーヌード～無●正・11人の絶頂・永久保存版～パンティー付/北条麻妃 川上ゆう 椎名そら 神咲詩織 ティア 鈴木心春 澁谷果歩 青山はな 尾上若葉 三島奈津子 NAOMI,BTHA-043,,2019-09-06,126分鐘,,スパークビジョン,,ヘアーヌード 無●正,偶像藝人、介紹影片、高畫質,北条麻妃、川上ゆう（森野雫）、椎名そら、神咲詩織、ティア、鈴木心春、澁谷果歩、青山はな、尾上若葉、三島奈津子、NAOMI,https://www.javbus.com/BTHA-043,
BBSS-023 ノンケがレズの快感に目醒める瞬間… カラダに分からせレズビアン調教BEST 4時間,BBSS-023 ノンケがレズの快感に目醒める瞬間… カラダに分からせレズビアン調教BEST 4時間,BBSS-023,,2019-09-05,240分鐘,,ビビアン,ビビアン,,女同性戀、合集、性奴、4小時以上作品、女同接吻、DMM獨家,小西悠、波多野結衣、倉多まお、神波多一花、美谷朱里、河南実里、蓮実クレア、坂咲みほ、北条麻妃、明里ともか、佳苗るか、推川ゆうり、星奈あい、星あめり、ももき希、香椎りあ、美咲かんな、妃月るい、小西まりえ、今井麻衣、吹石れな、橋本れいか、跡美しゅり,https://www.javbus.com/BBSS-023,
BBSS-024 ビビアンが選んだ本当にエロいレズSEX 50連発8時間！！,BBSS-024 ビビアンが選んだ本当にエロいレズSEX 50連発8時間！！,BBSS-024,,2019-09-05,480分鐘,,ビビアン,ビビアン,ビビアンが選んだ本当にエロいレズSEX,女同性戀、合集、4小時以上作品、女同接吻、キス・接吻、DMM獨家,かすみ果穂、西野翔、二宮沙樹、大槻ひびき、河原かえで、五十嵐星蘭、香椎りあ、吹石れな、橋本れいか、西田カリナ、篠宮ゆり、渚みつき、杏璃さや、水嶋アリス、椎名そら、明里ともか、波多野結衣、優月まりな、星奈あい、神宮寺ナオ、通野未帆、桐谷なお、小谷みのり、河南実里、推川ゆうり、優梨まいな、松本メイ、あず希、浜崎真緒、阿部乃みく、枢木あおい、涼海みさ、有馬優羽、麻里梨夏、今宮いずみ、舞園かりん、関根奈美、美咲かんな、紗々原ゆり、霧島さくら、冴島エレナ、佐々木あき、さくらみゆき、星川麻紀、大島美緒、神納花、あやね遥菜、水野朝陽、富田あおい、倉多まお、本田岬、春原未来、AIKA、上原亜衣、朝桐光、卯水咲流、佳苗るか、蓮実クレア、織田真子、神波多一花、丘咲エミリ、北川エリカ、篠田あゆみ、高牟礼れな、向井藍、月島ななこ、愛須心亜、きみと歩実、小西まりえ、跡美しゅり、工藤まなみ、水川かずは、桜井あゆ、藤井あいり、琴羽雫、最上晶、あおいれな、澁谷果歩、宮崎あや、内村りな、星あめり、早乙女らぶ、紺野ひかる、笹倉杏、江上しほ、香苗レノン、花咲いあん、松本菜奈実、七海ゆあ、丸山れおな、美谷朱里、ももき希、初美沙希、北条麻妃,https://www.javbus.com/BBSS-024,
MCSR-351 妻に何が起こったか？ ～貞淑な人妻がどうして義父や息子とのセックスに溺れたのか～,MCSR-351 妻に何が起こったか？ ～貞淑な人妻がどうして義父や息子とのセックスに溺れたのか～,MCSR-351,,2019-08-24,242分鐘,金子次郎,ビッグモーカル,マスカット,妻に何が起こったか？,亂倫、已婚婦女、中出、4小時以上作品、高畫質、出軌,澤村レイコ（高坂保奈美、高坂ますみ）、本田莉子、川上ゆう（森野雫）、翔田千里、松本まりな、小早川怜子、羽生ありさ、風間ゆみ、北条麻妃、彩奈リナ（七原あかり）、大橋ひとみ、町村小夜子,https://www.javbus.com/MCSR-351,
XRW-738 日本緊縛師列伝4時間16人BEST,XRW-738 日本緊縛師列伝4時間16人BEST,XRW-738,,2019-08-23,240分鐘,ディラン富増,レアルワークス,REAL（レアルワークス）,日本緊縛師列伝,SM、紧缚、性奴、拘束、4小時以上作品、高畫質,北条麻妃、神納花、桃瀬ゆり、波多野結衣、玉城マイ、西田カリナ、篠田ゆう、神楽、二宮和香、大杜若羽、卯水咲流、花咲いあん、森沢かな（飯岡かなこ）、福咲れん、桜咲姫莉、真白ここ,https://www.javbus.com/XRW-738,
JFB-181 永久保存版！！ じっくり高める手コキでもてなす完全勃起ともの凄い射精の回春旅館 全作品収録16時間BEST,JFB-181 永久保存版！！ じっくり高める手コキでもてなす完全勃起ともの凄い射精の回春旅館 全作品収録16時間BEST,JFB-181,,2019-08-10,960分鐘,,Fitch,Fitch,完全勃起ともの凄い射精の回春旅館,合集、數位馬賽克、女主人、女老板、中出、按摩、16時間以上作品、DMM獨家、打手槍,森沢かな（飯岡かなこ）、神波多一花、初美沙希、波多野結衣、なつき、大石香織、通野未帆、中村知恵、佐々木あき、二階堂ゆり、神谷秋妃、北条麻妃、水城奈緒、瞳リョウ、河南実里、三浦恵理子、桐谷なお、逢沢まりあ、加瀬かなこ、森ほたる、長谷川舞、竹内瞳,https://www.javbus.com/JFB-181,
ATKD-287 生贄遊戯 拷問、緊縛、鼻フック羞恥の章,ATKD-287 生贄遊戯 拷問、緊縛、鼻フック羞恥の章,ATKD-287,,2019-08-03,480分鐘,,アタッカーズ,AttackersBEST,,SM、紧缚、性奴、羞恥、4小時以上作品、DMM獨家,波多野結衣、推川ゆうり、きみと歩実、小西悠、小向美奈子、神納花、妃月るい、有坂深雪、神咲詩織、桃瀬ゆり、篠田ゆう、希美まゆ、西田カリナ、川上ゆう（森野雫）、北条麻妃、友田彩也香、佐々木あき、川崎紀里恵,https://www.javbus.com/ATKD-287,
JUSD-840 至高のオナニーライフを一ヶ月間楽しめる！！Madonna美熟女SEXカレンダー31人 16時間,JUSD-840 至高のオナニーライフを一ヶ月間楽しめる！！Madonna美熟女SEXカレンダー31人 16時間,JUSD-840,,2019-08-03,960分鐘,,マドンナ,Madonna,Madonna美熟女SEXカレンダー,成熟的女人、合集、各種職業、已婚婦女、數位馬賽克、通姦、16時間以上作品、DMM獨家,希島あいり、音羽文子、吉瀬菜々子、水戸かな、君島みお、我妻里帆、澤村レイコ（高坂保奈美、高坂ますみ）、友田真希、美谷朱里、白木優子、黒川すみれ、三浦恵理子、一色桃子、風間ゆみ、川上奈々美、山口菜穂、波多野結衣、佐々木あき、北条麻妃、遥あやね、神宮寺ナオ、菅野真穂、有坂深雪、丸千香子、八乃つばさ、三原ほのか、牧村彩香、大島優香、星奈あい、青木玲、大浦真奈美,https://www.javbus.com/JUSD-840,
MCSR-347 卑猥映像 絶対ヌケル！！ えげつない濃厚変態SEX4時間20人5 生々しい本気のガチイキスペシャル！！,MCSR-347 卑猥映像 絶対ヌケル！！ えげつない濃厚変態SEX4時間20人5 生々しい本気のガチイキスペシャル！！,MCSR-347,,2019-07-27,240分鐘,メカテス武田,ビッグモーカル,マスカット,四十路・五十路・還暦熟女えげつない中出しSEX,成熟的女人、纪录片、中出、高畫質,風間ゆみ、本庄瞳、赤坂エレナ、草凪純、平松恵理香、新村まり子、荻原亜紀、山口翠、杉原えり、吉岡奈々子、北谷静香、北条麻妃、牧原れい子、横山みれい、中森玲子、竹田千恵、澤村レイコ（高坂保奈美、高坂ますみ）、朝桐光、新尾きり子、福元美砂恵（仲間麗奈）,https://www.javbus.com/MCSR-347,
OKAX-534 美人セラピストの細くしなやかな指にビンビンのチ●ポを焦らされておあずけされる悦び,OKAX-534 美人セラピストの細くしなやかな指にビンビンのチ●ポを焦らされておあずけされる悦び,OKAX-534,,2019-07-26,243分鐘,,ケイ・エム・プロデュース,おかず。,,口交、制服、4小時以上作品、美容院、按摩、打手槍,大崎初音、堀内秋美、今井まい、高城彩、岡本希、仁美まどか、北条麻妃、成宮いろは、小池奈央、結城みさ、水澤りこ、倉本雪音、倉内まりや、広瀬うみ、原美織、平子さおり、円城ひとみ、大崎静子、三上絵理香、長澤都,https://www.javbus.com/OKAX-534,
JUSD-836 人妻が最も罪悪感を忘れて乱れまくる射精90秒前の激ピストン300連発,JUSD-836 人妻が最も罪悪感を忘れて乱れまくる射精90秒前の激ピストン300連発,JUSD-836,,2019-07-04,480分鐘,,マドンナ,Madonna,,成熟的女人、合集、已婚婦女、數位馬賽克、通姦、4小時以上作品、巨乳、DMM獨家,友田真希、瞳リョウ、風間ゆみ、加山なつこ、はるかみらい、山口菜穂、神谷みなみ、末永ありさ、笹倉杏、工藤まなみ、八乃つばさ、美保結衣、一ノ瀬あやめ、若月みいな、松尾江里子、星あめり、丸千香子、浜崎なお、花崎りこ、星咲伶美、天月叶菜、黒木澪、松本菜奈実、樫村ゆり子、和久井麻結、豊中アリス、河北麻衣、西木野愛華、美谷朱里、黒川すみれ、西野美幸、大杜若羽、一之瀬みき、たかせ由奈、白石すみれ、早川瑞希、和泉藍、竹内瞳、福田涼子、愛花みちる、平真凛、大石香織、姫野あやめ、山本鈴、遥あやね、高城彩、真中真奈美、真山由夏、櫻井菜々子、竹内麻耶、凛音とうか、君島みお、羽田つばさ、ななせ麻衣、星奈あい、筒井まほ、川北りな、神山なな、西原ゆう、柴咲りか、仲間明日香、壇えみ、有坂深雪、二宮和香、一ノ瀬真紀子、香苗レノン、南あや、美作彩凪、相原結衣、水川かえで、滝川菜々美、加藤みゆ紀、霧島さくら、武藤あやか、新沢平蘭、小川桃果、蓮美柚香、深井京香、林美玲、坂咲みほ、宮川ありさ、菅野真穂、新川優里、星川光希、佐山愛、青木玲、翔田千里、西野翔、夏海あや、円城ひとみ、吉川あいみ、富田優衣、中邑みずき、我妻澪、我妻里帆、小出亜衣子、織田真琴、美月恋、水城奈緒、川口ともか、黛あお、桐嶋りの、白鳥景子、鷹宮ゆい、鈴木みか、小向美奈子、阿部栞菜、相澤ゆりな、川野なみ、加藤あやの、三浦恵理子、もちづきる美、希美まゆ、波多野結衣、春菜はな、北条麻妃、ましろ杏、めぐり（藤浦めぐ）、澤村レイコ（高坂保奈美、高坂ますみ）、湯本美紀、ティア、内田ゆり子、白木優子、希島あいり、本田岬、織田真子、安西ひかり、黒木れん、青葉雫、成宮いろは、篠田ゆう、本上さつき、加瀬かなこ、水戸かな、佐々木あき、並木塔子、若葉加奈、松永さな、三島奈津子、水沢かおり、吉瀬菜々子、近藤ゆき、宝生リリー、松雪かなえ、夏目あきら、水野朝陽、桐島ひとみ、大浦真奈美、高杉麻里、宮沢ちはる、早川りょう、池内涼子、香澄莉緒、立花瑠莉、本庄真理、和泉早妃、彩葉みおり、新田真美、初美りえな、岡野美由紀、香椎りあ、新美かりん、麻生まり、松村みをり、市橋えりな、山口椿、神宮寺ナオ、一色桃子、あかぎ碧、川上奈々美、逢沢まりあ、石川祐奈、熊宮由乃、秋山美咲、前田可奈子、椎名そら、須藤綾子、須原のぞみ、田中れいみ、吉澤りょうこ、中谷玲奈、柊さき、蛯原ゆき、三田杏、西島ゆいか、植木翔子、夏目彩春、若菜奈央、瀬戸すみれ、白石りん、吹石れな、橋本れいか、森ほたる、戸田美々香、白咲りの、三田真利江、福山美佳、中谷有希、青山はな、飯倉芽衣、長谷川秋子、河合美奈、高宮あん、黒崎ひなの、久保田慶子、光井ひかり、徳島えり、平野里実、明里ともか、響まりこ、奥村かや、風花くれは、久保今日子、音羽文子、麻里梨夏、松田美子、大島優香、高瀬智香、小川莉奈、速美もな、河南実里、大沢カスミ、相浦茉莉花、最上ゆり子、清城ゆき、桐谷なお、通野未帆、谷原希美、滝川穗乃果、宝田もなみ、山岸琴音、水川スミレ、関根奈美、西宮美月、紗藤まゆ、梨杏なつ、西尾友梨子、青山みき、渡良瀬りほ、紗々原ゆり,https://www.javbus.com/JUSD-836,
HZGB-021 夫以外のザーメンが膣中に欲しい！孕ませられ願望妻,HZGB-021 夫以外のザーメンが膣中に欲しい！孕ませられ願望妻,HZGB-021,,2019-06-28,301分鐘,,人妻花園劇場,人妻花園劇場,,合集、已婚婦女、凌辱、中出、4小時以上作品、高畫質、出軌、戲劇、巨乳,波多野結衣、風間ゆみ、宝田もなみ、大槻ひびき、優月まりな、高城彩、佐々木あき、北条麻妃、AIKA、篠田ゆう、KAORI、水野朝陽、北川エリカ、吹石れな、蓮実クレア、黒木あおい、川上ゆう（森野雫）、水谷心音（藤崎りお）、かさいあみ、吉川あいみ,https://www.javbus.com/HZGB-021,
XRW-697 中出し破壊 黒人巨大マラ BEST 4時間13人,XRW-697 中出し破壊 黒人巨大マラ BEST 4時間13人,XRW-697,,2019-06-28,240分鐘,,レアルワークス,REAL（レアルワークス）,中出し破壊黒人巨大マラ,合集、多P、中出、4小時以上作品、高畫質、デカチン・巨根、黑人演員,卯水咲流、花咲いあん、北条麻妃、桜咲姫莉、愛花みちる、徳永れい、森沢かな（飯岡かなこ）、二宮和香、西田カリナ、推川ゆうり、篠田ゆう、中里美穂、優月まりな,https://www.javbus.com/XRW-697,
MCSR-344 3代目 伝統文化芸能おばさん 10人4時間,MCSR-344 3代目 伝統文化芸能おばさん 10人4時間,MCSR-344,,2019-06-22,240分鐘,亀ヶ島三郎,ビッグモーカル,マスカット,,和服・喪服、成熟的女人、各種職業、4小時以上作品、高畫質,藍原かおる、秋田富由美、藍川京子、花岡よし乃、松島香織、竹内梨恵、坂本瑞希、北条麻妃、藤崎エリ子、咲良しほ,https://www.javbus.com/MCSR-344,
LZBS-047 レズれ！アクメに溺れる絶頂バスルームぐしょ濡れセックス 厳選ベスト5時間 こんなところでクリを擦り合いピクピクするオンナ達をお見せします！,LZBS-047 レズれ！アクメに溺れる絶頂バスルームぐしょ濡れセックス 厳選ベスト5時間 こんなところでクリを擦り合いピクピクするオンナ達をお見せします！,LZBS-047,,2019-06-16,300分鐘,,レズれ！,レズれ！ベスト,,女同性戀、合集、4小時以上作品、汗だく、巨乳、DMM獨家,佐々木あき、八乃つばさ、椎名そら、永井みひな、江藤侑里、北川エリカ、優姫ひかり、有村千佳、桜井あゆ、新山かえで、佐倉ねね、高杉麻里、倉木しおり、後藤里香、阿部栞菜、彩奈リナ（七原あかり）、桐嶋りの、宮崎あや、浅田結梨、春原未来、優月まりな、向井藍、川上ゆう（森野雫）、麻里梨夏、藍川美夏、枢木みかん、咲良つむぎ、蓮実クレア、北条麻妃、香苗レノン、横山みれい、宮部涼花、篠田あゆみ、神納花、風間ゆみ、埴生みこ、彩城ゆりな、二階堂ゆり、加藤あやの、吹石れな、Maika（MEW）、熊宮由乃、水原さな、美保結衣、たかせ由奈、清城ゆき、浅井舞香、音無かおり、小早川怜子、月本愛、保坂えり,https://www.javbus.com/LZBS-047,
NASH-085 問答無用 自宅侵入8連鎖 生ハメ鬼突き！強制射精！ママ友レイプ,NASH-085 問答無用 自宅侵入8連鎖 生ハメ鬼突き！強制射精！ママ友レイプ,NASH-085,,2019-06-14,243分鐘,,なでしこ,Nadeshiko,生ハメ鬼突き！強制射精！ママ友レイプ,成熟的女人、已婚婦女、中出、4小時以上作品、高畫質、ママ友,澤村レイコ（高坂保奈美、高坂ますみ）、村上涼子（中村りかこ、黒木菜穂）、北条麻妃、翔田千里、折原ゆかり、小早川怜子、中島あいり、五十嵐しのぶ,https://www.javbus.com/NASH-085,
NTLE-007 【愛欲淫鎖】倒錯の義姉妹,NTLE-007 【愛欲淫鎖】倒錯の義姉妹,NTLE-007,,2019-06-14,140分鐘,金子次郎,ナタリー文庫,ナタリー文庫,,女同性戀、姐妹、中出、婆婆、高畫質、戲劇,北条麻妃、翔田千里、志村玲子、望月加奈（松沢真理）、北島玲,https://www.javbus.com/NTLE-007,
PHD-003 緊縛奴隷夫人 縛られて犯される人妻たち 12人4時間,PHD-003 緊縛奴隷夫人 縛られて犯される人妻たち 12人4時間,PHD-003,,2019-04-30,239分鐘,,バミューダ,フェニックス,,成熟的女人、紧缚、合集、4小時以上作品、高畫質,篠田あゆみ、かさいあみ、神納花、仁美まどか、二宮和香、中里美穂、波多野結衣、花咲いあん、桃瀬ゆり、北条麻妃、臼井さと美、森沢かな（飯岡かなこ）,https://www.javbus.com/PHD-003,
HFD-191 ベロい接吻,HFD-191 ベロい接吻,HFD-191,,2019-04-19,243分鐘,,ドリームチケット,,,蕩婦、口交、合集、4小時以上作品、高畫質、キス・接吻,波多野結衣、谷原希美、北川エリカ、吹石れな、森沢かな（飯岡かなこ）、川上ゆう（森野雫）、成宮いろは、水城奈緒、北条麻妃、寺崎泉,https://www.javbus.com/HFD-191,
RVG-092 夜這いされ喘ぎ声を我慢しながら旦那の横で中出しまでされる人妻20人BEST vol.2,RVG-092 夜這いされ喘ぎ声を我慢しながら旦那の横で中出しまでされる人妻20人BEST vol.2,RVG-092,,2019-04-17,480分鐘,,グローリークエスト,GLORYQUEST,夜這いされ喘ぎ声を我慢しながら旦那の横で中出しまでされる人妻,合集、已婚婦女、中出、4小時以上作品、高畫質、出軌,美神さゆり、青山葵、本田莉子、千乃あずみ、江上しほ、星井笑、KAORI、成宮いろは、斉藤みゆ、彩奈リナ（七原あかり）、吹石れな、佐々木あき、北条麻妃、松井優子、かすみ果穂、有森涼（事原みゆ）、谷原希美、紺野ひかる、夏希みなみ、涼川絢音,https://www.javbus.com/RVG-092,
PHD-005 緊縛媚薬レイプ 闇に潜む鬼たち 4時間 17人の犠牲者,PHD-005 緊縛媚薬レイプ 闇に潜む鬼たち 4時間 17人の犠牲者,PHD-005,,2019-04-16,240分鐘,,バミューダ,フェニックス,,藥物、紧缚、4小時以上作品、高畫質,波多野結衣、佳苗るか、横山みれい、神納花、初美沙希、若槻みづな、小谷みのり、桃瀬ゆり、北条麻妃、浜崎真緒、二宮和香、大杜若羽、玉城マイ、小倉舞、中里美穂、篠田あゆみ、三喜本のぞみ,https://www.javbus.com/PHD-005,
JARB-026 美しすぎる親友の母,JARB-026 美しすぎる親友の母,JARB-026,,2019-04-12,240分鐘,長澤純,日本藝術浪漫文庫,日本藝術浪漫文庫,,成熟的女人、母親、已婚婦女、通姦、中出、4小時以上作品、高畫質、戲劇,矢代美智代、北条麻妃、野宮凛子、桐島秋子、細谷有紀子、伊藤まい,https://www.javbus.com/JARB-026,
PHD-002 刺青の女たち 12人 4時間,PHD-002 刺青の女たち 12人 4時間,PHD-002,,2019-04-06,239分鐘,,バミューダ,フェニックス,,其他戀物癖、合集、4小時以上作品、高畫質,北条麻妃、波多野結衣、九条さやか、飯島くうが、四宮あかり、森沢かな（飯岡かなこ）、花咲いあん、姫沢ハレン、吹石れな、麗羽、冴木エリカ、MIKA,https://www.javbus.com/PHD-002,
PHD-007 縛り拷問 奴隷市場の宴 其ノ四 12人4時間,PHD-007 縛り拷問 奴隷市場の宴 其ノ四 12人4時間,PHD-007,,2019-04-05,239分鐘,,バミューダ,フェニックス,奴隷市場の宴,紧缚、合集、性奴、4小時以上作品、高畫質、折磨,吉川あいみ、森沢かな（飯岡かなこ）、小谷みのり、玉城マイ、麗羽、星あんず、北条麻妃、愛花みちる、大杜若羽、中里美穂、真白ここ、MIKA,https://www.javbus.com/PHD-007,
NBES-010 JET映像3年間の集大成 フェラチオNTR100人BEST8時間,NBES-010 JET映像3年間の集大成 フェラチオNTR100人BEST8時間,NBES-010,,2019-04-04,480分鐘,,JET映像,JET映像,,成熟的女人、合集、已婚婦女、4小時以上作品、出軌、DMM獨家,波多野結衣、蓮実クレア、あおいれな、麻里梨夏、臼井さと美、吹石れな、涼海みさ、緒奈もえ、笹倉杏、桃瀬ゆり、星空もあ、保坂えり、西川ゆい、中山香苗、浅田結梨、河北紗依、若槻みづな、跡美しゅり、二宮和香、青山茉利奈、小野寺梨紗、松井優子、椎名そら、佐々木あき、香椎りあ、新山沙弥、森沢かな（飯岡かなこ）、推川ゆうり、高山えみり、森はるら、谷原希美、原ちとせ、星野ひびき、中村奈菜、中里美穂、西条沙羅、紺野まこ、香山美桜、水元恵梨香、三喜本のぞみ、通野未帆、塚田詩織、千乃あずみ、涼川絢音、宮部涼花、七草ちとせ、前園希美、澁谷果歩、乙葉ななせ、若菜奈央、霧島さくら、後藤里香、苑田あゆり、関根奈美、君島みお、夏樹まりな、斉藤みゆ、大槻ひびき、加山なつこ、風間ゆみ、KAORI、明里ともか、泉ののか、今宮いずみ、とみの伊織、あず希、日向あいり、二階堂ゆり、三島奈津子、栄川乃亜、佐倉ねね、彩奈リナ（七原あかり）、安達かすみ、川上ゆう（森野雫）、紺野ひかる、澤村レイコ（高坂保奈美、高坂ますみ）、国見みすず、円城ひとみ、水野朝陽、たかせ由奈、きみと歩実、なつめ愛莉、桜ちなみ、広瀬うみ、宮下華奈、藤本紫媛、浜崎真緒、三浦恵理子、桜井彩、北条麻妃、秋山静香、菅野さゆき、北川エリカ、西條るり、小西悠、春原未来、松本メイ、尾上若葉、サリー,https://www.javbus.com/NBES-010,
AVS-022 AVSCollector’s2018年間 SPECIAL BESTカタログ,AVS-022 AVSCollector’s2018年間 SPECIAL BESTカタログ,AVS-022,,2019-03-23,241分鐘,,AVScollector’s,AVS,エーヴィエスカタログ,成熟的女人、紧缚、合集、已婚婦女、中出、4小時以上作品、高畫質、DMM獨家,風間ゆみ、西田カリナ、星奈あい、美谷朱里、高梨りの、初美りん、推川ゆうり、春菜はな、水川スミレ、水野朝陽、優月まりな、水谷心音（藤崎りお）、神宮寺ナオ、北条麻妃、波多野結衣、八乃つばさ、高嶋ゆいか、君島みお、澤村レイコ（高坂保奈美、高坂ますみ）、篠田ゆう、卯水咲流、日向うみ、藍川美夏、佐々木あき、KAORI、翔田千里、川上ゆう（森野雫）,https://www.javbus.com/AVS-022,
ADBS-008 【相姦の家】旦那の父と 性愛に溺れた嫁,ADBS-008 【相姦の家】旦那の父と 性愛に溺れた嫁,ADBS-008,,2019-03-08,141分鐘,金子次郎,アダム書房,アダム書房,,中出、婆婆、高畫質、戲劇,三浦恵理子、翔田千里、松本まりな、堀内秋美、北条麻妃,https://www.javbus.com/ADBS-008,
NASH-020 強姦 犯された人妻たち,NASH-020 強姦 犯された人妻たち,NASH-020,,2019-03-08,241分鐘,,なでしこ,Nadeshiko,,成熟的女人、已婚婦女、性奴、4小時以上作品、高畫質,加藤なお、牧原れい子、相澤かな、北条麻妃、翔田千里、中森玲子,https://www.javbus.com/NASH-020,
NASH-021 とある夫婦のリアルなセックスライフ,NASH-021 とある夫婦のリアルなセックスライフ,NASH-021,,2019-03-08,241分鐘,,なでしこ,Nadeshiko,,成熟的女人、合集、已婚婦女、4小時以上作品、高畫質、巨乳,宮部涼花、葉月奈穂（葉月菜穂）、音無かおり、三喜本のぞみ、藤谷真理、翔田千里、八木あずさ、円城ひとみ、桐島美奈子、一条綺美香、村上涼子（中村りかこ、黒木菜穂）、北条麻妃、澤村レイコ（高坂保奈美、高坂ますみ）、加山なつこ,https://www.javbus.com/NASH-021,
ATAD-142 恥じらいの脱糞 完全保存版001,ATAD-142 恥じらいの脱糞 完全保存版001,ATAD-142,,2019-03-06,480分鐘,三島六三郎,アタッカーズ,アタッカーズアンソロジー,恥じらいの脱糞,排便、空中小姐、4小時以上作品、DMM獨家,愛咲れいら（原千尋）、北条麻妃、久我かのん、芹沢恋,https://www.javbus.com/ATAD-142,
JUSD-819 夫以外に膣内射精を求める妊娠覚悟の不貞中出し性交 総集編8時間,JUSD-819 夫以外に膣内射精を求める妊娠覚悟の不貞中出し性交 総集編8時間,JUSD-819,,2019-03-06,480分鐘,,マドンナ,Madonna,,成熟的女人、合集、已婚婦女、數位馬賽克、通姦、中出、4小時以上作品、DMM獨家,風間ゆみ、春菜はな、北条麻妃、久保今日子、日向うみ、遥あやね、倉多まお、西野翔、香澄しおり、星川光希、一色桃子、佐々木あき、君島みお、水戸かな、中邑みずき、岸上莉子、三田真利江、美作彩凪、澤村レイコ（高坂保奈美、高坂ますみ）、吉瀬菜々子,https://www.javbus.com/JUSD-819,
SITA-009 ターゲットは欲求不満な人妻たち！昼顔夫人を3Pで好き放題犯しまくり、顔射！中出し！,SITA-009 ターゲットは欲求不満な人妻たち！昼顔夫人を3Pで好き放題犯しまくり、顔射！中出し！,SITA-009,,2019-02-25,114分鐘,TANAKA,フューチャー,Situation,,成熟的女人、口交、已婚婦女、多P、深喉、女上位、高畫質、打手槍,松嶋友里恵、神崎久美、村上涼子（中村りかこ、黒木菜穂）、北条麻妃、広瀬奈々美（堀口奈津美）,https://www.javbus.com/SITA-009,
DFRD-002 こんな初体験がしたかった。ちまたに潜むフェラ好き巨乳痴女に誘惑された僕は…,DFRD-002 こんな初体験がしたかった。ちまたに潜むフェラ好き巨乳痴女に誘惑された僕は…,DFRD-002,,2019-02-25,122分鐘,,フューチャー,FUTURERED,,蕩婦、成熟的女人、口交、已婚婦女、美容院、高畫質、顏射、巨乳,松嶋友里恵、神崎久美、村上涼子（中村りかこ、黒木菜穂）、北条麻妃、広瀬奈々美（堀口奈津美）,https://www.javbus.com/DFRD-002_2019-02-25,
CXAZ-049 いけないとわかっていてもオマ○コ舐めたいんです。クリトリスを舌で刺激され自分でも信じられないくらいマン汁が出てしまったノンケは、戸惑いつつもレズクンニの虜になる DX4時間,CXAZ-049 いけないとわかっていてもオマ○コ舐めたいんです。クリトリスを舌で刺激され自分でも信じられないくらいマン汁が出てしまったノンケは、戸惑いつつもレズクンニの虜になる DX4時間,CXAZ-049,,2019-02-18,229分鐘,,ジャネス,ladies,いけないとわかっていてもオマ○コ舐めたいんです,OL、女同性戀、女教師、合集、亂倫、舔陰、4小時以上作品、美容院、女同接吻、高中女生,琥珀うた、新尾きり子、雨宮琴音、松本まりな、篠田ゆう、保坂えり、北条麻妃、友田彩也香、川上ゆう（森野雫）、瀬名あゆむ（広瀬藍子）、若菜みなみ、宮間葵、三浦まい、佳苗るか、波多野結衣、桜井あゆ、月美弥生、佐伯春菜、京野美麗,https://www.javbus.com/CXAZ-049,
BBSS-018 熟れたカラダ… 大人な絡みに溺れ合うレズビアンSEX 4時間,BBSS-018 熟れたカラダ… 大人な絡みに溺れ合うレズビアンSEX 4時間,BBSS-018,,2019-02-02,240分鐘,,ビビアン,ビビアン,,成熟的女人、女同性戀、已婚婦女、4小時以上作品、女同接吻、キス・接吻、DMM獨家,明里ともか、北条麻妃、新堂有望、君島みお、紺野ひかる、神波多一花、倉多まお、波多野結衣、小西悠、あおいれな、今井真由美、森沢かな（飯岡かなこ）、風間ゆみ、浅見せな、泉ののか、一条綺美香,https://www.javbus.com/BBSS-018,
NACX-024 細腰美熟女に中出し20人,NACX-024 細腰美熟女に中出し20人,NACX-024,,2019-02-01,243分鐘,,プラネットプラス,七狗留,,成熟的女人、苗條、已婚婦女、中出、4小時以上作品、高畫質,葵紫穂、青木玲、麻生千春、井上綾子、本庄瞳、峰岸カレン、武藤あやか、森下美緒、平岡里枝子、冴君麻衣子、北条麻妃、清城ゆき、佐々木あき、上原千佳、七海ひさ代、神波多一花、堀内秋美、神納花、二宮和香、滝本エレナ,https://www.javbus.com/NACX-024,
VSED-112 綺麗なおばさま達の濃厚レズ,VSED-112 綺麗なおばさま達の濃厚レズ,VSED-112,,2019-01-31,476分鐘,,シックスナイン,シックスナイン,,成熟的女人、女同性戀、已婚婦女、花癡、4小時以上作品、巨乳,北条麻妃、華月さくら、竹内梨恵、宮前幸恵、岡田智恵子、宝田さゆり,https://www.javbus.com/VSED-112,
BTHA-036 ヘアーヌード～セクシー女優10人のオナニー～,BTHA-036 ヘアーヌード～セクシー女優10人のオナニー～,BTHA-036,,2019-01-26,108分鐘,,スパークビジョン,スパークビジョン,ヘアーヌード無●正,偶像藝人、介紹影片、高畫質,椎名そら、神咲詩織、ティア、鈴木心春、澁谷果歩、北条麻妃、青山はな、三島奈津子、NAOMI,https://www.javbus.com/BTHA-036,
GIGL-535 感じやすい細身のカラダに突き挿れられた息子のデカチンが子宮の奥に直撃するバックからの突きにイキ堕ちる敏感な母,GIGL-535 感じやすい細身のカラダに突き挿れられた息子のデカチンが子宮の奥に直撃するバックからの突きにイキ堕ちる敏感な母,GIGL-535,,2019-01-25,239分鐘,長澤純,GIGOLO（ジゴロ）,GIGOLO,,和服・喪服、成熟的女人、苗條、母親、亂倫、中出、4小時以上作品、高畫質、戲劇,艶堂しほり（遠藤しおり）、黒木小夜子（秀吉小夜子）、新尾きり子、大橋ひとみ、北条麻妃、今井真由美,https://www.javbus.com/GIGL-535,
EMAF-487 女好きの女将のレズイカせおもてなし,EMAF-487 女好きの女将のレズイカせおもてなし,EMAF-487,,2019-01-18,240分鐘,清水橋健太,フォーディメンション/エマニエル,フォーディメンション（エマニエル）,,成熟的女人、女同性戀、4小時以上作品、女同接吻、出軌、DMM獨家,片瀬仁美、仁科りえ、風間ゆみ、艶堂しほり（遠藤しおり）、竹内梨恵、川上ゆう（森野雫）、北条麻妃、樹本つばさ、原ちとせ、宝田さゆり、小早川怜子、浅井舞香,https://www.javbus.com/EMAF-487,
JUSD-812 中華なると原作 Madonna祝15周年記念豪華版！！！！ 熟れコミ全13タイトルBOX16時間,JUSD-812 中華なると原作 Madonna祝15周年記念豪華版！！！！ 熟れコミ全13タイトルBOX16時間,JUSD-812,,2018-12-29,960分鐘,,マドンナ,Madonna,,成熟的女人、合集、已婚婦女、數位馬賽克、性奴、原作コラボ、16時間以上作品、DMM獨家,水城奈緒、浜崎りお（森下えりか、篠原絵梨香）、仁科百華、川上ゆう（森野雫）、羽月希、北条麻妃、西野翔、加瀬かなこ、森ほたる、深田梨菜（深田梨奈）、森ななこ、かすみ果穂、大槻ひびき、木村つな、春原未来、枢木みかん、本田莉子、浜崎真緒、本田岬、織田真子,https://www.javbus.com/JUSD-812,
HZGB-015 人妻花園劇場2周年記念 射精直前の一番気持ちいい鬼ピストン！厳選87連発,HZGB-015 人妻花園劇場2周年記念 射精直前の一番気持ちいい鬼ピストン！厳選87連発,HZGB-015,,2018-12-28,300分鐘,,人妻花園劇場,人妻花園劇場,,成熟的女人、口交、合集、已婚婦女、花癡、乳房、凌辱、中出、4小時以上作品、高畫質、戲劇、巨乳、內衣,波多野結衣、吹石れな、北川エリカ、春原未来、松嶋葵、初美りん、優梨まいな、きみと歩実、神宮寺ナオ、葵千恵、AIKA、森沢かな（飯岡かなこ）、加山なつこ、川上ゆう（森野雫）、小早川怜子、桐嶋りの、花咲いあん、三原ほのか、瞳リョウ、推川ゆうり、篠田あゆみ、KAORI、吉川あいみ、倉多まお、かさいあみ、佳苗るか、水谷心音（藤崎りお）、今井真由美、向井藍、村上涼子（中村りかこ、黒木菜穂）、中里美穂、西條るり、さくらみゆき、通野未帆、二階堂ゆり、蓮実クレア、浜崎真緒、一ノ瀬梓、三島奈津子、神波多一花、涼川絢音、大槻ひびき、神納花、真木今日子、江波りゅう（RYU)、さとう愛理、篠田ゆう、ななみ、天野美優、塚田詩織、川口葉純、谷原希美、君島みお、花崎りこ、桐谷なお、黒瀬萌衣、彩奈リナ（七原あかり）、美谷朱里、早川瀬里奈、枢木みかん、浜崎なお、香椎りあ、北条麻妃、月本愛、由來ちとせ、風間ゆみ、泉ののか、前田可奈子、松本メイ、たかせ由奈、水野朝陽、羽月希、佐々木あき、加藤あやの、神ユキ、大場ゆい,https://www.javbus.com/HZGB-015,
AVVB-014 【VR】高精細映像4K完全収録！ドッピュン！ドクッドク孕ませ中出しSEX 長尺VR120分,AVVB-014 【VR】高精細映像4K完全収録！ドッピュン！ドクッドク孕ませ中出しSEX 長尺VR120分,AVVB-014,,2018-12-21,120分鐘,,AVVR,AVVR,ドッピュン！ドクッドク孕ませ中出しSEX,口交、合集、中出、3D、VR専用、巨乳,若菜奈央、跡美しゅり、松本メイ、姫川ゆうな、あず希、花崎りこ、浜崎なお、前田可奈子、推川ゆうり、枢木みかん、北条麻妃、葉月七瀬、愛瀬美希、佐々木あき、宮崎あや、風間ゆみ、村上涼子（中村りかこ、黒木菜穂）、宮沢ゆかり、河北はるな、星咲伶美、三島奈津子、成海さやか、加藤みゆ紀、水谷心音（藤崎りお）,https://www.javbus.com/AVVB-014,
EIH-032 犯された美人妻 8時間6話収録,EIH-032 犯された美人妻 8時間6話収録,EIH-032,,2018-12-20,480分鐘,,STARPARADISE,EIGHT-H,,已婚婦女、凌辱、4小時以上作品、高畫質,波多野結衣、北条麻妃、森ななこ、筒井まりか、秋野千尋,https://www.javbus.com/EIH-032,
JUSD-810 マドンナが刻んだ人妻・熟女の歴史 15年間×売上TOP20=300作品 The Madonna Best 2004～2018,JUSD-810 マドンナが刻んだ人妻・熟女の歴史 15年間×売上TOP20=300作品 The Madonna Best 2004～2018,JUSD-810,,2018-12-16,1440分鐘,,マドンナ,Madonna,,成熟的女人、濫交、合集、各種職業、已婚婦女、數位馬賽克、16時間以上作品、DMM獨家,楠真由美、友崎亜希、友田真希、小池絵美子、風間今日子（風間恭子）、愛染恭子（青山涼子）、加賀雅、翔田千里、森下さやか、草凪純（加納瑞穂）、愛川咲樹、岡田裕美、沢田麗奈、風間ゆみ、立花沙織、増田ゆり子、青山ゆかり、あずま樹、真田ゆかり（葵のぞみ）、三上夕希、山口玲子、入江友子、松浦しのぶ、滝沢陽子、藤原キリカ、水城奈緒、水野さくら、吉川ゆう、加山なつこ、立花瞳、一ノ瀬由美、菊池エリ、鮎川るい、黒沢まりあ（七海りあ）、向井莉奈、里中亜矢子、小林みゆき、美月ゆう子（長瀬優子）、五月瑠美、黒木あげは、赤松由梨、藤谷牡丹、和希優子、酒井ちなみ（紫葵）、結城みさ、滝澤クリスタル、妃悠愛（長澤杏奈、水原里香、木崎祐子）、長谷川美紅、大塚咲（小野沙樹、大滝佐紀）、時越芙美江、伊吹稟、吉岡奈々子、神楽メイ、樋口冴子（桐島千沙）、牧原れい子、櫻井夕樹、川上ゆう（森野雫）、浜崎りお（森下えりか、篠原絵梨香）、森ななこ、成瀬心美（ここみ）、池田美和子、伊島香織、北原夏美、倖田李梨（倖田美梨、岩下美季）、西条麗、町村小夜子、鏡麗子、白鳥美鈴、志村玲子、宮崎彩香、山口珠理、芹沢もにか、広瀬奈々美（堀口奈津美）、南原香織、佐藤みき（佐藤美紀、鈴木志帆）、君島冴子（AOI.、村上葵）、倉木小夜（村上美咲、樋口啓子）、篠原さゆり、卯月杏、村上涼子（中村りかこ、黒木菜穂）、艶堂しほり（遠藤しおり）、澤村レイコ（高坂保奈美、高坂ますみ）、沙羅樹、瀬戸ゆうき、森本みう、城エレン、松岡紗幸、希崎圭蓮（杉本彩子）、赤坂ルナ、紫彩乃、須崎由奈、小沢あゆみ、神咲レイラ、君島美香子（君島美香）、花井ももか、坂下れい、星野彩香、君島怜子、星野ひとみ（星野瞳、山吹瞳）、秋本のり子、吉野碧、吉野藍、秋本絵梨、青木玲、高倉梨奈、麻布レオナ、遥あやね、星野あかり、岡野美由紀、希島あいり、松村みをり、阿部栞菜、吉瀬菜々子、ティア、森ほたる、長谷川秋子、もちづきる美、瞳リョウ、水戸かな、加藤英子、三浦恵理子、当真ゆき（桜井マミ）、吉澤留美、七海ひさ代、愛矢峰子、香坂澪、矢部寿恵、管野しずか、安野由美、波多野結衣、織田真子、宮部涼花、矢吹京子、石原莉奈、笛木薫、倉持結愛、竹下千晶、宮下ゆうこ、さくらい葉菜、松本まりな、仁科百華、折原ゆかり、秋野千尋、新井エリー（晶エリー、大沢佑香）、北条麻妃、青木美空、愛田奈々、初美沙希、暮町ゆうこ、愛乃ゆな、山本美和子、白木優子、青山葵、AIKA（三浦あいか）、羽月希、麻生早苗、秋川みなみ（沙倉みなみ）、河南実里、水野朝陽、桜ちなみ、小早川怜子、佐々木あき、吹石れな、埴生みこ、一色桃子、吉田花、中森いつき、成宮いろは、山本鈴、安西ひかり、松雪かなえ、加瀬かなこ、春菜はな、西野翔、橋本れいか、君島みお、徳島えり、北川エリカ、本田岬、大槻ひびき、原ちとせ、新山沙弥、たかせ由奈、最上ゆり子、本田莉子、三喜本のぞみ、KAORI、澁谷果歩、水原梨花、かすみ果穂、篠田あゆみ、西口あられ、夏目彩春、松井優子、白石すみれ、上原亜衣、大島優香,https://www.javbus.com/JUSD-810,
MCSR-328 もしも…ムチムチプリプリの美痴女が突然家族の一員になったとしたら…12人4時間,MCSR-328 もしも…ムチムチプリプリの美痴女が突然家族の一員になったとしたら…12人4時間,MCSR-328,,2018-12-15,240分鐘,金子次郎,ビッグモーカル,マスカット,,蕩婦、亂倫、已婚婦女、中出、4小時以上作品、高畫質,北条麻妃、川上ゆう（森野雫）、小早川怜子、本真ゆり、鈴木さとみ、翔田千里、三浦恵理子、杉原えり、牧原れい子、本庄瞳、黒沢那智,https://www.javbus.com/MCSR-328,
XRW-611 剃毛緊縛02 繁みを剃られて縛られて姦淫！,XRW-611 剃毛緊縛02 繁みを剃られて縛られて姦淫！,XRW-611,,2018-12-14,120分鐘,ディラン富増,レアルワークス,REAL（レアルワークス）,剃毛緊縛,無毛、性奴、拘束、凌辱、高畫質,卯水咲流、真白ここ、北条麻妃、君島みお,https://www.javbus.com/XRW-611,
EMBZ-169 淫乱痴熟女 「疲れたあなたを癒してくれるのは、やっぱりクソえっろい美熟女でしょ…」,EMBZ-169 淫乱痴熟女 「疲れたあなたを癒してくれるのは、やっぱりクソえっろい美熟女でしょ…」,EMBZ-169,,2018-12-10,180分鐘,,熟女塾/エマニエル,熟女塾,,蕩婦、成熟的女人、其他戀物癖、花癡、DMM獨家,風間ゆみ、澤村レイコ（高坂保奈美、高坂ますみ）、北条麻妃、円城ひとみ、南瀬奈、中島京子、片瀬仁美、神崎久美、白鳥寿美礼、井上綾子,https://www.javbus.com/EMBZ-169,
MRXB-016 マルクス 2018年 全14タイトル スペシャルBEST8時間,MRXB-016 マルクス 2018年 全14タイトル スペシャルBEST8時間,MRXB-016,,2018-12-09,480分鐘,,MARX,MARX（マルクス兄弟）,,合集、性奴、4小時以上作品、出軌、巨乳、DMM獨家,波多野結衣、君島みお、香椎りあ、優月まりな、ひなた澪、瀬戸すみれ、児玉るみ、あべみかこ、北条麻妃,https://www.javbus.com/MRXB-016,
BBSS-016 女同士でこんなこと…だめえぇぇぇっ！！ 強引に迫られて濡れてしまうカラダ…嫌がり抵抗する女を快楽に堕とすレズレ○プ4時間,BBSS-016 女同士でこんなこと…だめえぇぇぇっ！！ 強引に迫られて濡れてしまうカラダ…嫌がり抵抗する女を快楽に堕とすレズレ○プ4時間,BBSS-016,,2018-12-06,240分鐘,,ビビアン,ビビアン,,淫語、凌辱、DMM獨家,織田真子、本田岬、日向あいり、斉藤みゆ、秋吉花音、青山はな、君島みお、森沢かな（飯岡かなこ）、黒木いくみ、推川ゆうり、浜崎真緒、椎名そら、跡美しゅり、丸山れおな、藤井あいり、神波多一花、明里ともか、北条麻妃、佳苗るか、紗々原ゆり、大島美緒、香苗レノン、有馬優羽、永井みひな、堀越なぎさ、白石雪愛、天海こころ、ももき希、倉多まお,https://www.javbus.com/BBSS-016,
GIGL-527 子供扱いしていた甥っ子から女として見られてると知った叔母さんは若い性欲に押し負けたフリをして年の差セックスに燃え上がった 4時間,GIGL-527 子供扱いしていた甥っ子から女として見られてると知った叔母さんは若い性欲に押し負けたフリをして年の差セックスに燃え上がった 4時間,GIGL-527,,2018-11-23,239分鐘,長澤純,GIGOLO（ジゴロ）,GIGOLO,,成熟的女人、亂倫、已婚婦女、中出、4小時以上作品、高畫質、戲劇,矢部寿恵、島田響子、手塚みや、森下夕子、北条麻妃、鳴海遥子,https://www.javbus.com/GIGL-527,
SPBX-005 タカラ映像2016年下半期ベストカタログ,SPBX-005 タカラ映像2016年下半期ベストカタログ,SPBX-005,,2018-11-22,480分鐘,,タカラ映像,TAKARA,作品集,成熟的女人、合集、已婚婦女、4小時以上作品、高畫質,横山みれい、村上涼子、艶堂しほり（遠藤しおり）、澤村レイコ（高坂保奈美、高坂ますみ）、北条麻妃、小早川怜子、藤下梨花、紅月ひかり、服部圭子,https://www.javbus.com/SPBX-005,
PRMJ-015 禁断の母子相姦 四十路五十路六十路 濃厚中出し交尾 25連発,PRMJ-015 禁断の母子相姦 四十路五十路六十路 濃厚中出し交尾 25連発,PRMJ-015,,2018-11-18,240分鐘,,プレミアム熟女/エマニエル,プレミアム熟女/エマニエル,,成熟的女人、胖女人、亂倫、中出、巨乳、DMM獨家,北条麻妃、花島瑞江、喜多村ゆい、夏木響子、折原ゆかり、片桐葉子、畠山ゆかこ、北園由香利、石嶺悦子、加山しのぶ、淤見悦子、鈴木光代、美里愛、芹沢美穂、福田和代、愛川ヒカル、漣ゆめ、和久井由美子、真田静江、吹雪しおり、黒崎いずみ、月島悠里、亀山和枝、三咲恭子、根本あきこ,https://www.javbus.com/PRMJ-015,
ABBA-407 センタービレッジ歴代女優ランキングベスト30 8時間,ABBA-407 センタービレッジ歴代女優ランキングベスト30 8時間,ABBA-407,,2018-11-15,485分鐘,,センタービレッジ,センタービレッジ,,成熟的女人、合集、4小時以上作品、高畫質,三浦恵理子、結城みさ、星杏奈、城エレン、北原夏美、北条麻妃、大橋ひとみ、笹山希、葵紫穂、音羽文子,https://www.javbus.com/ABBA-407,
VERO-081 カメラは見た！女優がドラマを忘れて快楽に没頭している瞬間… S級熟女のシーツ掴み本気絶頂（マジイキ）セックスコレクション 30人8時間,VERO-081 カメラは見た！女優がドラマを忘れて快楽に没頭している瞬間… S級熟女のシーツ掴み本気絶頂（マジイキ）セックスコレクション 30人8時間,VERO-081,,2018-11-11,480分鐘,,VENUS,女神（ヴィーナス）,,成熟的女人、合集、已婚婦女、中出、4小時以上作品、DMM獨家,川上ゆう（森野雫）、艶堂しほり（遠藤しおり）、澤村レイコ（高坂保奈美、高坂ますみ）、佐藤みき（佐藤美紀、鈴木志帆）、風間ゆみ、北条麻妃、鏡麗子、小早川怜子、葵紫穂,https://www.javbus.com/VERO-081,
SVS-060 ノーパンパンストで誘惑し濡れ堕ちる女達の淫乱SEX10人4時間,SVS-060 ノーパンパンストで誘惑し濡れ堕ちる女達の淫乱SEX10人4時間,SVS-060,,2018-11-11,240分鐘,,AVScollector’s,AVS,,合集、連褲襪、4小時以上作品、高畫質、DMM獨家,佐々木あき、波多野結衣、北条麻妃、KAORI、優月まりな、川村まや、夏樹まりな、春菜はな、桜井彩、AIKA,https://www.javbus.com/SVS-060,
MCSR-323 卑猥爆尻 ナイスケッツ美熟女 15人4時間,MCSR-323 卑猥爆尻 ナイスケッツ美熟女 15人4時間,MCSR-323,,2018-11-10,240分鐘,松浦大輔,ビッグモーカル,マスカット,,成熟的女人、已婚婦女、4小時以上作品、高畫質、巨尻,神ユキ、久保麗子、風間ゆみ、篠田あゆみ、北条麻妃、松坂美紀、篠田ゆう、小峰ひなた、澤村レイコ（高坂保奈美、高坂ますみ）、明里ともか、有沢りさ、大橋ひとみ、川上ゆう（森野雫）、折原ゆかり、塚田詩織,https://www.javbus.com/MCSR-323,
NASS-935 【えげつない中高年】加齢臭とメス臭が匂いたつほどの濃厚な大人のまぐわい,NASS-935 【えげつない中高年】加齢臭とメス臭が匂いたつほどの濃厚な大人のまぐわい,NASS-935,,2018-11-09,240分鐘,,なでしこ,Nadeshiko,,成熟的女人、已婚婦女、4小時以上作品、高畫質、出軌、巨乳,船木千恵美、柳留美子、和谷美園、二本木百合、椎名綾、柳田和美、小池絵美子、篠田あゆみ、北条麻妃、北川エリカ、神崎久美、美月優芽、渡辺美羽,https://www.javbus.com/NASS-935,
NASS-939 撮影スタッフが選んだ現場で仕事が手につかないほど興奮したおばさんの燃えるような手コキ100連発傑作選2,NASS-939 撮影スタッフが選んだ現場で仕事が手につかないほど興奮したおばさんの燃えるような手コキ100連発傑作選2,NASS-939,,2018-11-09,239分鐘,,なでしこ,Nadeshiko,撮影スタッフが選んだ現場で仕事が手につかないほど興奮した○○,成熟的女人、口交、胖女人、4小時以上作品、高畫質、巨乳、打手槍,横山みれい、大石ひとみ、川上ゆう（森野雫）、広瀬奈々美（堀口奈津美）、河合律子、北条麻妃、高嶋杏子、藤下梨花,https://www.javbus.com/NASS-939,
VENU-826 近親相姦BESTVI30人8時間,VENU-826 近親相姦BESTVI30人8時間,VENU-826,,2018-11-04,480分鐘,,VENUS,INCEST（ヴィーナス）,近親相姦（VENUS）,成熟的女人、合集、已婚婦女、中出、4小時以上作品、DMM獨家,矢部寿恵、北条麻妃、円城ひとみ、三浦恵理子、篠田あゆみ、吹石れな,https://www.javbus.com/VENU-826,
JFB-166 恥辱の生尻肛門調教 BEST8時間,JFB-166 恥辱の生尻肛門調教 BEST8時間,JFB-166,,2018-10-27,480分鐘,,Fitch,Fitch,恥辱の生尻肛門調教,合集、已婚婦女、性奴、出軌、DMM獨家、肛交,篠田あゆみ、北条麻妃、都盛星空、かなで自由、神納花、夏目優希、葵千恵,https://www.javbus.com/JFB-166,
DINM-466 潮吹き放題！マン汁垂らし放題！クリトリスがふやけるまでじゃぶじゃぶ掻き混ぜオナニー～美容に自慰に忙しい長風呂かあさん～ 60人8時間,DINM-466 潮吹き放題！マン汁垂らし放題！クリトリスがふやけるまでじゃぶじゃぶ掻き混ぜオナニー～美容に自慰に忙しい長風呂かあさん～ 60人8時間,DINM-466,,2018-10-19,480分鐘,,ダイナマイトエンタープライズ,ダイナマイトプレミア,,成熟的女人、合集、已婚婦女、中出、4小時以上作品、DMM獨家,村上涼子、翔田千里、川上ゆう（森野雫）、澤村レイコ（高坂保奈美、高坂ますみ）、風間ゆみ、牧原れい子、北条麻妃、篠田あゆみ,https://www.javbus.com/DINM-466,
DINM-464 男はボク一人きり！！ド淫乱熟女軍団に抜かれっぱなしの極上筆下ろし初体験 22組40人8時間,DINM-464 男はボク一人きり！！ド淫乱熟女軍団に抜かれっぱなしの極上筆下ろし初体験 22組40人8時間,DINM-464,,2018-10-19,480分鐘,,ダイナマイトエンタープライズ,ダイナマイトプレミア,,成熟的女人、合集、已婚婦女、中出、4小時以上作品、DMM獨家,結城みさ、桐岡さつき、村上涼子、翔田千里、艶堂しほり（遠藤しおり）、澤村レイコ（高坂保奈美、高坂ますみ）、風間ゆみ、北条麻妃、鏡麗子、青木玲、三喜本のぞみ,https://www.javbus.com/DINM-464,
ABBA-403 息を潜めて股間を熱くする！！奥様の生着替え～かすかに残る下着跡や艶っぽさにギンギン濃密中出しセックス～ 30人4時間,ABBA-403 息を潜めて股間を熱くする！！奥様の生着替え～かすかに残る下着跡や艶っぽさにギンギン濃密中出しセックス～ 30人4時間,ABBA-403,,2018-10-18,243分鐘,,センタービレッジ,センタービレッジ,,成熟的女人、合集、已婚婦女、中出、4小時以上作品、高畫質,三浦恵理子、矢部寿恵、村上涼子、翔田千里、川上ゆう（森野雫）、北条麻妃、笹山希、服部圭子、音羽文子,https://www.javbus.com/ABBA-403,
MRXB-014 MARX リニューアル記念 8時間 大総集編 パート4,MRXB-014 MARX リニューアル記念 8時間 大総集編 パート4,MRXB-014,,2018-10-12,480分鐘,,MARX,MARX（マルクス兄弟）,MARX大総集編,合集、性奴、4小時以上作品、戲劇、巨乳、DMM獨家,香椎りあ、君島みお、児玉るみ、優月まりな、ひなた澪、瀬戸すみれ、あべみかこ、北条麻妃、波多野結衣,https://www.javbus.com/MRXB-014,
UMSO-211 高慢な熟女には店長の特別コース！エビ反り媚薬エステ！！,UMSO-211 高慢な熟女には店長の特別コース！エビ反り媚薬エステ！！,UMSO-211,,2018-10-12,244分鐘,,ケイ・エム・プロデュース,UMANAMI,,成熟的女人、合集、已婚婦女、4小時以上作品、美容院、高畫質,ERIKA（モカ、MOKA）、神波多一花、吹石れな、北条麻妃、加藤ツバキ（夏樹カオル）,https://www.javbus.com/UMSO-211,
MMIX-009 美熟女の卑猥な尻穴見せつけグリグリじゅぼじゅぼバックオナニーベスト 22人4時間,MMIX-009 美熟女の卑猥な尻穴見せつけグリグリじゅぼじゅぼバックオナニーベスト 22人4時間,MMIX-009,,2018-10-07,240分鐘,Pigマム,MellowMoon（メロウムーン）,MellowMoon（メロウムーン）,,成熟的女人、屁股、4小時以上作品、高畫質、巨乳、DMM獨家、自慰、肛交,風間ゆみ、加藤ツバキ（夏樹カオル）、北条麻妃、真木静乃、矢部寿恵、加山なつこ、大嶋しのぶ、藤下梨花、花島瑞江、竹内梨恵、牧野紗代、松本まりな、甲斐ミハル、菊川麻里、星杏奈、筒美かえで、結城みさ、神崎久美、妃乃ひかり、桐島綾子、翔田千里、片瀬仁美,https://www.javbus.com/MMIX-009,
MDB-940 男の欲望 ありえない願望シチュエーションスペシャルBEST 4時間,MDB-940 男の欲望 ありえない願望シチュエーションスペシャルBEST 4時間,MDB-940,,2018-09-28,241分鐘,K太郎,メディアステーション,BAZOOKA（バズーカ）,,合集、多P、妄想、中出、4小時以上作品、高畫質,AIKA、あおいれな、朝妃彩葉、跡美しゅり、吹石れな、藤波さとり、北条麻妃、篠崎みお、麻里梨夏、佐々波綾、水野朝陽、海空花、南梨央奈、通野未帆、原ちとせ、神ユキ、浜崎真緒、花咲いあん、波多野結衣、篠田ゆう、蓮実クレア、なつめ愛莉、月本愛、玉木くるみ、高杉麻里、早川瑞希、澁谷果歩、美咲かんな、森はるら、向井藍、宮崎あや、佐倉ねね、さくらみゆき、佐々木あき、紗々原ゆり、北川りこ、推川ゆうり、桜結奈、川上ゆう（森野雫）、佳苗るか、折原ほのか、桜井叶乃、斉藤みゆ、枢木あおい、星空もあ、尾上若葉、阿部乃みく、五十嵐星蘭、一ノ瀬恋、今井まい、大槻ひびき、椎葉みくる、乙葉ななせ、笹倉杏、峰ゆり香,https://www.javbus.com/MDB-940,
HZGB-012 他人棒ガン突かれ妻-特別編集版-,HZGB-012 他人棒ガン突かれ妻-特別編集版-,HZGB-012,,2018-09-28,301分鐘,,人妻花園劇場,人妻花園劇場,,成熟的女人、苗條、口交、乳交、亂倫、已婚婦女、新娘、年輕妻子、性奴、凌辱、中出、女上位、4小時以上作品、高畫質、出軌、戲劇、巨乳、內衣,松本メイ、AIKA、葵千恵、三島奈津子、塚田詩織、西條るり、風間ゆみ、谷原希美、川口葉純、笹倉杏、花崎りこ、加藤あやの、蓮実クレア、佐々木あき、由來ちとせ、波多野結衣、羽月希、早川瀬里奈、浜崎なお、月本愛、北条麻妃、香椎りあ、桐嶋りの、小早川怜子、吉川あいみ、天野美優、ななみ、美谷朱里,https://www.javbus.com/HZGB-012,
JUSD-802 2018年上半期全199タイトルBEST8時間,JUSD-802 2018年上半期全199タイトルBEST8時間,JUSD-802,,2018-09-25,480分鐘,,マドンナ,Madonna,マドンナ○半期,成熟的女人、合集、已婚婦女、數位馬賽克、出軌、巨乳、DMM獨家,吉岡奈々子、小向美奈子、若葉加奈、加瀬かなこ、香澄麗子、星川光希、水戸かな、川北りな、麻生まり、松村みをり、東條美樹、加山なつこ、川口ともか、坂咲みほ、北川礼子、工藤まなみ、内田ゆり子、黛あお、美作彩凪、逢沢まりあ、久保今日子、石川祐奈、谷原希美、田中れいみ、熊宮由乃、並木塔子、水野朝陽、三浦恵理子、西原ゆう、音羽文子、本田岬、篠田ゆう、桐谷なお、宝田もなみ、壇えみ、水川スミレ、波多野結衣、ななせ麻衣、渡良瀬りほ、神宮寺ナオ、宮川ありさ、滝川菜々美、平真凛、あかぎ碧、早川りょう、吉瀬菜々子、豊中アリス、加藤あやの、小田しおり、北条麻妃、竹内麻耶、友田真希、鈴木みか、橋本れいか、竹内瞳、希島あいり、霧島さくら、七瀬いずみ、光井ひかり、大島優香、ティア、水沢かおり、一色桃子、翔田千里、君島みお、姫野あやめ、最上ゆり子、中谷玲奈、福田涼子、安西ひかり、神波多一花、白木優子、伴牧英、美谷朱里、関根奈美、森ほたる、佐々木あき、柴咲りか、海宮みさき、円城ひとみ、星奈あい、ましろ杏、山本鈴、遥あやね、椎名そら、風間ゆみ、川上ゆう（森野雫）、山岸琴音、片岡なぎさ、西野翔、KAORI、織田真子、阿部栞菜,https://www.javbus.com/JUSD-802,
EMAF-471 これからが本番よ 課外授業に燃える熱血エロ先生！,EMAF-471 これからが本番よ 課外授業に燃える熱血エロ先生！,EMAF-471,,2018-09-19,240分鐘,清水橋健太,フォーディメンション/エマニエル,フォーディメンション（エマニエル）,,成熟的女人、4小時以上作品、DMM獨家,北条麻妃、竹内梨恵、藍川京子,https://www.javbus.com/EMAF-471,
VERO-077 竿と金玉だけを重点的に洗いたがるS級熟女～「綺麗にしてあげる…」と言いながら泡まみれの潤滑指を金玉の裏から亀頭の先までスクリューさせて大量射精へと導く無摩擦手コキ42人8時間,VERO-077 竿と金玉だけを重点的に洗いたがるS級熟女～「綺麗にしてあげる…」と言いながら泡まみれの潤滑指を金玉の裏から亀頭の先までスクリューさせて大量射精へと導く無摩擦手コキ42人8時間,VERO-077,,2018-09-19,480分鐘,,VENUS,女神（ヴィーナス）,,成熟的女人、合集、已婚婦女、中出、4小時以上作品、DMM獨家,桐岡さつき、村上涼子、翔田千里、澤村レイコ（高坂保奈美、高坂ますみ）、中森玲子、佐藤みき（佐藤美紀、鈴木志帆）、風間ゆみ、北条麻妃、鏡麗子、三浦恵理子、青木美空、神崎久美,https://www.javbus.com/VERO-077,
PRMJ-006 家庭教師 おばさんのお色気ムンムンな指導法,PRMJ-006 家庭教師 おばさんのお色気ムンムンな指導法,PRMJ-006,,2018-09-19,240分鐘,,プレミアム熟女/エマニエル,プレミアム熟女/エマニエル,,成熟的女人、家教、已婚婦女、中出、巨乳、DMM獨家,北条麻妃、木村真子、高嶋美鈴、水元恵梨香、奈良絵美子、河瀬希美、磯崎真樹、白鳥美智子、元森玲子、東堂さゆみ、森ななこ、篠宮千明、金島裕子,https://www.javbus.com/PRMJ-006,
NASS-914 剛毛熟女に濃厚中出し10人VOL.2,NASS-914 剛毛熟女に濃厚中出し10人VOL.2,NASS-914,,2018-09-14,243分鐘,,なでしこ,Nadeshiko,剛毛熟女に濃厚中出し,成熟的女人、合集、已婚婦女、中出、4小時以上作品、高畫質,谷原希美、北条麻妃、高城彩、向井雫、城月あやね、若槻みづな、永倉由梨、水澤りこ、西山あさひ、前園希美,https://www.javbus.com/NASS-914,
MGHT-210 四十路奥さま鬼ファック！1000人の中から選んだ淫乱熟女50人8時間,MGHT-210 四十路奥さま鬼ファック！1000人の中から選んだ淫乱熟女50人8時間,MGHT-210,,2018-09-13,478分鐘,,タカラ映像,TAKARA,2枚組8時間（タカラ映像）,成熟的女人、合集、已婚婦女、花癡、4小時以上作品、高畫質,矢部寿恵、松本まりな、柳田やよい、澤村レイコ（高坂保奈美、高坂ますみ）、北条麻妃、大橋ひとみ,https://www.javbus.com/MGHT-210,
ABBA-398 おい！娘がいるだろ！？ だって、私もうガマンできないの！！ 夜まで待てないおねだり叔母さんの即ハメ中出し交尾 30人8時間,ABBA-398 おい！娘がいるだろ！？ だって、私もうガマンできないの！！ 夜まで待てないおねだり叔母さんの即ハメ中出し交尾 30人8時間,ABBA-398,,2018-09-13,485分鐘,,センタービレッジ,センタービレッジ,,成熟的女人、合集、已婚婦女、中出、4小時以上作品、高畫質、立即口交,桐岡さつき、村上涼子、澤村レイコ（高坂保奈美、高坂ますみ）、北条麻妃、円城ひとみ、竹下千晶、片瀬仁美、南條れいな、森下美緒,https://www.javbus.com/ABBA-398,
JUSD-800 ～咲き乱れる花々になぞらえた人妻レズドラマ10シチュエーション～ 花言葉レズビアン 総集編8時間,JUSD-800 ～咲き乱れる花々になぞらえた人妻レズドラマ10シチュエーション～ 花言葉レズビアン 総集編8時間,JUSD-800,,2018-09-07,480分鐘,,マドンナ,Madonna,,成熟的女人、女同性戀、合集、已婚婦女、數位馬賽克、戲劇、DMM獨家,翔田千里、北条麻妃、ましろ杏、波多野結衣、神波多一花、徳島えり、安達かすみ、光井ひかり、加瀬かなこ、君島みお、一色桃子、前田可奈子、松雪かなえ、大島優香、椎名そら、安野由美、水野朝陽、花崎りこ、美谷朱里、加山なつこ、友田真希,https://www.javbus.com/JUSD-800,
OOMN-236 息子のチ●コを愛しすぎる母 手コキ70発射,OOMN-236 息子のチ●コを愛しすぎる母 手コキ70発射,OOMN-236,,2018-08-25,240分鐘,,ABC/妄想族,お母さん.com（ABC/妄想族）,,成熟的女人、母親、合集、DMM獨家、打手槍,結城みさ、伊織涼子、矢部寿恵、星野あかり、翔田千里、川上ゆう（森野雫）、艶堂しほり（遠藤しおり）、風間ゆみ、北条麻妃、三浦恵理子、大橋ひとみ、安野由美、篠田あゆみ、一条綺美香,https://www.javbus.com/OOMN-236,
NASS-908 スレンダー美熟女に中出し3 10人,NASS-908 スレンダー美熟女に中出し3 10人,NASS-908,,2018-08-24,243分鐘,,なでしこ,Nadeshiko,スレンダー美熟女に中出し,成熟的女人、苗條、已婚婦女、中出、4小時以上作品、高畫質,青木玲、北条麻妃、神波多一花、武藤あやか、葵紫穂、佐々木あき、神納花、滝本エレナ、峰岸カレン、上原千佳,https://www.javbus.com/NASS-908,
MCSR-309 ★配信限定特典付★今夜妻が浮気します 4時間12人,MCSR-309 ★配信限定特典付★今夜妻が浮気します 4時間12人,MCSR-309,,2018-08-23,281分鐘,メカテス武田,ビッグモーカル,マスカット,,已婚婦女、通姦、中出、4小時以上作品、高畫質、出軌、巨乳,妃乃ひかり、北条麻妃、小峰ひなた、朝桐光、菅野さゆき、北川エリカ、倉多まお、浜崎真緒、紗藤まゆ、大塚れん、篠田ゆう、長澤あずさ,https://www.javbus.com/MCSR-309,
HRD-132 ふんどし熟女,HRD-132 ふんどし熟女,HRD-132,,2018-08-17,240分鐘,鶴明星,ルビー,greed,,角色扮演、成熟的女人、無毛、4小時以上作品、DMM獨家,北条麻妃、松島香織、咲良しほ、坂本瑞希、藍川京子,https://www.javbus.com/HRD-132,
DINM-454 くちゅくちゅがエロ～い！痴女感たっぷり熟女の唾液でねっちょり手コキ！唾垂らしフェラ！ぬるぬるパイズリ！金玉空っぽ必至の大量発射！50人8時間,DINM-454 くちゅくちゅがエロ～い！痴女感たっぷり熟女の唾液でねっちょり手コキ！唾垂らしフェラ！ぬるぬるパイズリ！金玉空っぽ必至の大量発射！50人8時間,DINM-454,,2018-08-17,480分鐘,,ダイナマイトエンタープライズ,ダイナマイトプレミア,,成熟的女人、合集、已婚婦女、中出、4小時以上作品,伊織涼子、村上涼子、川上ゆう（森野雫）、澤村レイコ（高坂保奈美、高坂ますみ）、中森玲子、浅倉彩音、風間ゆみ、牧原れい子、北条麻妃、小早川怜子、三浦恵理子、笹山希、篠田あゆみ、三喜本のぞみ,https://www.javbus.com/DINM-454,
TOMN-154 滴る愛液が色気を醸す魅力 艶女汗だく性交 BEST 2,TOMN-154 滴る愛液が色気を醸す魅力 艶女汗だく性交 BEST 2,TOMN-154,,2018-08-16,240分鐘,,TEPPAN,TEPPANSPECIAL,滴る愛液が色気を醸す魅力艶女汗だく性交BEST,成熟的女人、合集、數位馬賽克、汗だく、巨乳、DMM獨家,KAORI、川上ゆう（森野雫）、艶堂しほり（遠藤しおり）、澤村レイコ（高坂保奈美、高坂ますみ）、北条麻妃、小早川怜子、三浦恵理子、篠田あゆみ、吹石れな、二階堂ゆり,https://www.javbus.com/TOMN-154,
RBB-139 日焼けあとが残るドエロボディの女の子とSEX8時間 SUMMER LOVE！LOVE！,RBB-139 日焼けあとが残るドエロボディの女の子とSEX8時間 SUMMER LOVE！LOVE！,RBB-139,,2018-08-16,470分鐘,,ROOKIE,ROOKIE,,合集、日焼け、DMM獨家、女生、蘿莉塔,北条麻妃、波多野結衣、秋吉ひな、星野あかり、白木優子、渋谷ありす、東凛、NAOMI、椿織さとみ、夏海あや、相内つかさ、西條るり、光月まや、牧瀬みさ、川菜美鈴、このは、日向リサ、一ノ瀬ルカ、芹沢つむぎ、椎名ゆな、さとう遥希、Erina、川村まや、水谷心音（藤崎りお）、安城アンナ、青山葵、西原里伊奈、松浦まいこ、森川涼花、丘咲エミリ、篠田あゆみ、原沢ゆうあ、愛乃なみ、森ななこ、雪野りこ、菅野さゆき、富永苺、愛田奈々、みなせ優夏、LINA、桃色さくら、沖田杏梨、倉多まお、鈴木心陽、小西まりえ、仁美まどか、浜崎真緒、咲田ありな、吹石れな、AIKA、円城ひとみ、希崎ジェシカ、小枝成実、涼風ことの、山川青空、松本メイ、松山千草、葉山めい、桜木凛、一条綺美香、桜ももい、琴沖華凛、高千穂すず、逢瀬ゆみ,https://www.javbus.com/RBB-139,
JUJU-175 もしもパンチラを見てまんまるお尻に欲情しフル勃起しているのがバレたら… 後ろからコッソリ覗いたつもりが全部お見通し！？お仕置きと称して生挿入させられちゃいました！ 40人8時間,JUJU-175 もしもパンチラを見てまんまるお尻に欲情しフル勃起しているのがバレたら… 後ろからコッソリ覗いたつもりが全部お見通し！？お仕置きと称して生挿入させられちゃいました！ 40人8時間,JUJU-175,,2018-07-29,480分鐘,,熟女JAPAN,熟女JAPAN,,成熟的女人、合集、已婚婦女、中出、4小時以上作品、DMM獨家,村上涼子、浅井舞香、川上ゆう（森野雫）、北条麻妃、円城ひとみ、三浦恵理子、片瀬仁美、笹山希、三喜本のぞみ、吹石れな、音羽文子,https://www.javbus.com/JUJU-175,
HZGB-010 人妻に強制中出し孕ませSEX 300分！第二弾,HZGB-010 人妻に強制中出し孕ませSEX 300分！第二弾,HZGB-010,,2018-07-27,301分鐘,,人妻花園劇場,人妻花園劇場,人妻に強制中出し孕ませSEX,已婚婦女、凌辱、中出、4小時以上作品、高畫質、出軌、巨乳,風間ゆみ、谷原希美、加藤あやの、笹倉杏、浜崎なお、天野美優、由來ちとせ、前田可奈子、川口葉純、君島みお、北条麻妃、香椎りあ、桐嶋りの、真木今日子、小早川怜子,https://www.javbus.com/HZGB-010,
GIGL-507 「こんなおばさんその気にさせてどうするんですか？」 女を捨てて仕事を選んだ温泉宿の女将でも客に求められたら拒めずにオンナを武器にしてしまう 2,GIGL-507 「こんなおばさんその気にさせてどうするんですか？」 女を捨てて仕事を選んだ温泉宿の女将でも客に求められたら拒めずにオンナを武器にしてしまう 2,GIGL-507,,2018-07-27,239分鐘,長澤純,GIGOLO（ジゴロ）,GIGOLO,「こんなおばさんその気にさせてどうするんですか？」,和服・喪服、成熟的女人、女主人、女老板、通姦、中出、4小時以上作品、高畫質,風間ゆみ、赤坂ルナ、北条麻妃、浅井舞香、片瀬仁美、仁科りえ,https://www.javbus.com/GIGL-507,
NASS-884 やって来たデリ嬢はなんと有名AV女優！僕の人並み外れたデカチンに仰天したAV女優は、プライドを掛けて自ら禁断の挿入を試みる！！ 3,NASS-884 やって来たデリ嬢はなんと有名AV女優！僕の人並み外れたデカチンに仰天したAV女優は、プライドを掛けて自ら禁断の挿入を試みる！！ 3,NASS-884,,2018-07-27,143分鐘,BIRDMAN鉄平,なでしこ,Nadeshiko,やって来たデリ嬢はなんと有名AV女優！,成熟的女人、合集、妓女、主觀視角、高畫質、巨乳,北条麻妃、KAORI、円城ひとみ、春菜はな、谷原希美、成宮いろは、佐々木あき,https://www.javbus.com/NASS-884,
CVDX-317 乳頭？乳輪？それともオチンチンと同時が好みかな？ドスケベ熟女の乳首舐め！！お礼は中出しセックスでいいわよ！！ 30人4時間,CVDX-317 乳頭？乳輪？それともオチンチンと同時が好みかな？ドスケベ熟女の乳首舐め！！お礼は中出しセックスでいいわよ！！ 30人4時間,CVDX-317,,2018-07-26,242分鐘,,センタービレッジ,センタービレッジ,,成熟的女人、合集、中出、4小時以上作品、高畫質,澤村レイコ（高坂保奈美、高坂ますみ）、風間ゆみ、北条麻妃、紫彩乃、円城ひとみ、湯川美智子、笹山希、篠田あゆみ、筒美かえで、鮎原いつき,https://www.javbus.com/CVDX-317,
VSED-089 熟女のマ○コ鑑賞会2 自らオマ○コを押し広げチ○コをねだる熟女たち,VSED-089 熟女のマ○コ鑑賞会2 自らオマ○コを押し広げチ○コをねだる熟女たち,VSED-089,,2018-07-05,238分鐘,,シックスナイン,シックスナイン,熟女のマ○コ鑑賞会,成熟的女人、已婚婦女、花癡、4小時以上作品、巨乳、局部特寫,赤坂ルナ、北条麻妃、円城ひとみ、秋吉多恵子、奈良絵美子、華月さくら、竹内梨恵、早川友里子、豊岡みち子、宝田さゆり、澤村レイコ（高坂保奈美、高坂ますみ）,https://www.javbus.com/VSED-089,
NBES-002 僕のねとられ話しを聞いてほしいBEST8時間,NBES-002 僕のねとられ話しを聞いてほしいBEST8時間,NBES-002,,2018-06-30,480分鐘,,JET映像,JET映像,僕のねとられ話しを聞いてほしい,成熟的女人、合集、4小時以上作品、出軌、巨乳、DMM獨家,北条麻妃、西條るり、千乃あずみ、谷原希美,https://www.javbus.com/NBES-002,
BBSS-012 ビビアン 2017年下半期コンプリートBEST 8時間 ～全作品のレズビアンセックス厳選収録～,BBSS-012 ビビアン 2017年下半期コンプリートBEST 8時間 ～全作品のレズビアンセックス厳選収録～,BBSS-012,,2018-06-30,480分鐘,,ビビアン,ビビアン,ビビアン○半期コンプリートBEST,女同性戀、合集、4小時以上作品、女同接吻、DMM獨家,川上ゆう（森野雫）、佳苗るか、上原花恋、月島ななこ、椎名そら、涼海みさ、しほのちさ、天海こころ、香苗レノン、有馬優羽、浜崎真緒、森苺莉、水野朝陽、北条麻妃、明里ともか、白石雪愛、堀越なぎさ、永井みひな、真木今日子、優月まりな、水城奈緒、黒木いくみ、成宮はるあ、麻里梨夏、宮崎あや、舞園かりん、葉月七瀬、芹沢ゆず、推川ゆうり、桜城あんな、一条リオン、大島美緒、紗々原ゆり、通野未帆、倉多まお、香椎りあ、水嶋アリス、あず希、あやね遥菜、ももき希、江上しほ、阿部乃みく、桜咲姫莉、杉崎絵里奈、春原未来、相澤ゆりな、二階堂ゆり、乃南静香、青山はな、神ユキ、星空もあ、さとう愛理、篠宮ゆり、南梨央奈,https://www.javbus.com/BBSS-012,
MCSR-304 おばさん、イカしてる 隣の家のおばさんはエロく見える。10人4時間,MCSR-304 おばさん、イカしてる 隣の家のおばさんはエロく見える。10人4時間,MCSR-304,,2018-06-25,239分鐘,亀ヶ島三郎,ビッグモーカル,マスカット,,成熟的女人、已婚婦女、中出、高畫質,北条麻妃、安野由美、水野淑恵、中嶋礼子、上島美都子、上川晴子、大森涼子、竹内梨恵、成田京子、藍川京子,https://www.javbus.com/MCSR-304,
MCSR-302 ★配信限定特典付★卑猥映像 絶対ヌケル！！ 四十路・五十路・還暦熟女 えげつない中出しSEX4時間 3 ド迫力爆乳スペシャル,MCSR-302 ★配信限定特典付★卑猥映像 絶対ヌケル！！ 四十路・五十路・還暦熟女 えげつない中出しSEX4時間 3 ド迫力爆乳スペシャル,MCSR-302,,2018-06-25,261分鐘,金子次郎,ビッグモーカル,マスカット,四十路・五十路・還暦熟女えげつない中出しSEX,成熟的女人、纪录片、中出、高畫質、巨乳,町村小夜子、中森玲子、北村信子、折原ゆかり、井川まい、倉田あきえ、久保麗子、大橋ひとみ、久世さくら、赤城沙代、中山佳子、米崎真理、近藤すみか、星杏奈、北条麻妃,https://www.javbus.com/MCSR-302,
VERO-074 知的なメガネと痴的なパンチラ…仕事中に肉欲を貪り倒す思春期棒に嵌ったS級熟女教師たち50人8時間,VERO-074 知的なメガネと痴的なパンチラ…仕事中に肉欲を貪り倒す思春期棒に嵌ったS級熟女教師たち50人8時間,VERO-074,,2018-06-24,480分鐘,,VENUS,女神（ヴィーナス）,,成熟的女人、合集、已婚婦女、中出、4小時以上作品、DMM獨家,結城みさ、青木レイ、星野あかり、翔田千里、北島玲、川上ゆう（森野雫）、澤村レイコ（高坂保奈美、高坂ますみ）、北条麻妃、小早川怜子、笹山希、三喜本のぞみ,https://www.javbus.com/VERO-074,
OKAX-392 腰が砕けそうな本気のディルドオナニー 270分！,OKAX-392 腰が砕けそうな本気のディルドオナニー 270分！,OKAX-392,,2018-06-22,273分鐘,,ケイ・エム・プロデュース,おかず。,,玩具、屁股、4小時以上作品、自慰、局部特寫,黒木麻衣（花野真衣、SHIHO）、北条麻妃、妃悠愛（長澤杏奈、水原里香、木崎祐子）、碧しの（篠めぐみ）、樹花凜（七咲楓花）、哀川りん、JULIA、北川瞳、結城みさ、青木りん、高沢沙耶、矢吹杏、美神あおい、寺島ちひろ、瑠菜（安西瑠菜、RUNA）、愛実（秋川ルイ）、黒木アリサ、悠月舞,https://www.javbus.com/OKAX-392,
JUSD-790 2017年マドンナ全342タイトル12時間,JUSD-790 2017年マドンナ全342タイトル12時間,JUSD-790,,2018-06-17,720分鐘,,マドンナ,Madonna,○○年マドンナ全タイトル,成熟的女人、合集、已婚婦女、纪录片、數位馬賽克、戲劇、DMM獨家,青葉雫、紗藤まゆ、夏目あきら、光井ひかり、若葉加奈、松雪かなえ、西木野愛華、愛花みちる、大杜若羽、夏海あや、川上ゆう（森野雫）、風間ゆみ、希美まゆ、池内涼子、坂上真弓、西口あられ、椎名そら、大石香織、若菜奈央、加藤みゆ紀、和久井麻結、澤村レイコ（高坂保奈美、高坂ますみ）、南澤ゆりえ、笹川蓉子、織田真子、春菜はな、深井京香、波多野結衣、香澄麗子、秋山美咲、新川千尋、河南実里、小川桃果、水野朝陽、速美もな、新田真美、前田可奈子、平野里実、岡野美由紀、草間美咲、常盤ゆり子、めぐり（藤浦めぐ）、青山はな、小川莉奈、桐島ひとみ、もちづきる美、江口浩美、中森いつき、紗々原ゆり、広瀬奈々美（堀口奈津美）、大島優香、友田真希、最上ゆり子、一色桃子、久保田慶子、安野由美、水橋ゆり、西野翔、徳島えり、安達かすみ、成宮いろは、高城彩、神ユキ、立花瑠莉、谷原希美、佐々木あき、白石すみれ、神谷みなみ、一之瀬みき、滝川なるみ、本田圭子、水城奈緒、神山なな、加瀬かなこ、村崎ちづる、藤澤美織、八木美智香、吹石れな、黒崎ひなの、美月恋、白木優子、吉岡奈々子、涼川絢音、鈴木みか、水沢かおり、向井藍、麻里梨夏、本田岬、香苗レノン、羽月希、三原ほのか、山岸琴音、工藤恵理子、明里ともか、佐々波綾、白石りん、中谷玲奈、水戸かな、桜井彩、君島みお、水川かえで、和泉早妃、川野なみ、青山みき、清城ゆき、一ノ瀬真紀子、翔田千里、姫野あやめ、ティア、福田涼子、希島あいり、遥あやね、石川明日美、二ノ宮慶子、栗原杏、竹内梨恵、高宮あん、橋本れいか、小出亜衣子、櫻井菜々子、瞳リョウ、奥村かや、片岡なぎさ、由良翠、神納花、桐嶋りの、竹内麻耶、花崎りこ、本庄真理、白山葉子、安西ひかり、佳苗るか、三浦恵理子、住吉綾香、北条麻妃、中村知恵、夏目彩春、山本鈴、緒方泰子、富田百々香、通野未帆、関根奈美、吉澤りょうこ、香椎りあ、宮沢ちはる、黒木れん、七瀬いずみ、桜木かおり、嶋崎かすみ、響まりこ,https://www.javbus.com/JUSD-790,
HRD-128 丁寧な仕上げで見る熟女性器の生態2 8時間,HRD-128 丁寧な仕上げで見る熟女性器の生態2 8時間,HRD-128,,2018-06-15,480分鐘,鶴明星,ルビー,greed,丁寧な仕上げで見る熟女性器の生態,成熟的女人、4小時以上作品、DMM獨家,新尾きり子、翔田千里、佐藤みき（佐藤美紀、鈴木志帆）、牧原れい子、三咲恭子、北条麻妃、円城ひとみ、羽野ありさ、安野由美、竹内梨恵,https://www.javbus.com/HRD-128,
CVDX-311 「我が子のザーメン、一滴残さず頂きます！！」帰郷相姦 半年オナ禁した母子の燃え上がる中出しSEXと射精直後の脈打つチ●ポをマン汁ごと舐め啜る愛情お掃除フェラ 30連発4時間,CVDX-311 「我が子のザーメン、一滴残さず頂きます！！」帰郷相姦 半年オナ禁した母子の燃え上がる中出しSEXと射精直後の脈打つチ●ポをマン汁ごと舐め啜る愛情お掃除フェラ 30連発4時間,CVDX-311,,2018-06-14,244分鐘,,センタービレッジ,センタービレッジ,,成熟的女人、合集、亂倫、中出、4小時以上作品、高畫質,矢部寿恵、倉木小夜（村上美咲、樋口啓子）、川上ゆう（森野雫）、風間ゆみ、河合律子、北条麻妃、片瀬仁美、安野由美、笹山希、中山香苗,https://www.javbus.com/CVDX-311,
VERO-073 「お願いあんまりジロジロ見ないで…今日は勝負の日じゃないの！！」S級熟女の他人には決して見られたくない普段づかいの地味パンティー～気になるお肉をすっぽり包み込むデカパンから矯正下着まで～30人8時間,VERO-073 「お願いあんまりジロジロ見ないで…今日は勝負の日じゃないの！！」S級熟女の他人には決して見られたくない普段づかいの地味パンティー～気になるお肉をすっぽり包み込むデカパンから矯正下着まで～30人8時間,VERO-073,,2018-06-10,480分鐘,,VENUS,女神（ヴィーナス）,,成熟的女人、合集、已婚婦女、中出、4小時以上作品、DMM獨家,結城みさ、村上涼子、翔田千里、風間ゆみ、北条麻妃、紫彩乃、円城ひとみ、三浦恵理子、笹山希,https://www.javbus.com/VERO-073,
NCAC-030 課外授業 教え子と恋に堕ちて,NCAC-030 課外授業 教え子と恋に堕ちて,NCAC-030,,2018-06-08,239分鐘,長澤純,新世紀文藝社,新世紀文藝社,,和服・喪服、成熟的女人、女教師、寡婦、中出、4小時以上作品、高畫質、戲劇,北条麻妃、咲良しほ、花岡よし乃、坂本瑞希、藍川京子,https://www.javbus.com/NCAC-030,
NASS-863 「知らなければ良かった、息子が私を女として見ていたなんて…」温泉旅行で成熟した母親の裸に興奮した童貞息子の視線に気づいた母は…,NASS-863 「知らなければ良かった、息子が私を女として見ていたなんて…」温泉旅行で成熟した母親の裸に興奮した童貞息子の視線に気づいた母は…,NASS-863,,2018-06-08,238分鐘,長澤純,なでしこ,Nadeshiko,,和服・喪服、成熟的女人、亂倫、中出、4小時以上作品、高畫質、戲劇、處男、温泉,北条麻妃、結城みさ、荒木瞳、吉野艶子、水谷しえり、広瀬奈々美（堀口奈津美）,https://www.javbus.com/NASS-863,
MLSM-008 働く美熟女 オフィスでムリヤリ発射 10名4時間,MLSM-008 働く美熟女 オフィスでムリヤリ発射 10名4時間,MLSM-008,,2018-06-03,240分鐘,,MellowMoon（メロウムーン）,MellowMoon（メロウムーン）,,蕩婦、成熟的女人、OL、合集、制服、DMM獨家,翔田千里、加藤ツバキ（夏樹カオル）、北島玲、北条麻妃、黒沢那智、加納綾子、大橋ひとみ、葉山弓子、桐島綾子、天野弥生,https://www.javbus.com/MLSM-008,
KUSR-042 艶めく身体を縛る！！縛られた美人妻04,KUSR-042 艶めく身体を縛る！！縛られた美人妻04,KUSR-042,,2018-05-25,119分鐘,,ビッグモーカル,九龍（ビッグモーカル）,縛られた美人妻,紧缚、已婚婦女、中出、高畫質、出軌,篠田ゆう、北条麻妃、森沢かな（飯岡かなこ）,https://www.javbus.com/KUSR-042,
HZGB-009 人妻の喉を愉しむ 唾液ダダ漏れフェラチオ5時間,HZGB-009 人妻の喉を愉しむ 唾液ダダ漏れフェラチオ5時間,HZGB-009,,2018-05-25,300分鐘,,人妻花園劇場,人妻花園劇場,,口交、合集、已婚婦女、花癡、新娘、年輕妻子、深喉、4小時以上作品、婆婆、高畫質、巨乳,北条麻妃、波多野結衣、西條るり、塚田詩織、加藤あやの、由來ちとせ、花崎りこ、君島みお、桐谷なお、優梨まいな、風間ゆみ、谷原希美、小早川怜子、川口葉純、葵千恵、三島奈津子、天野美優、羽月希、吉川あいみ、桐嶋りの、香椎りあ、加藤みゆ紀、真木今日子、月本愛、笹倉杏、前田可奈子、浜崎なお、枢木みかん、早川瀬里奈、泉ののか,https://www.javbus.com/HZGB-009,
NASS-854 美熟女ビデオレター あなただけに語りかけ！自画撮りオナニー 2,NASS-854 美熟女ビデオレター あなただけに語りかけ！自画撮りオナニー 2,NASS-854,,2018-05-25,177分鐘,,なでしこ,Nadeshiko,美熟女ビデオレター,成熟的女人、玩具、合集、高畫質、自慰、內衣,北条麻妃、羽月希、五十嵐しのぶ、円城ひとみ、春菜はな、桜井彩、加納綾子、神波多一花、武藤あやか、成宮いろは、本庄瞳,https://www.javbus.com/NASS-854,
ABBA-385 一流映像チェックマンが選んだ内容は良いのに埋もれてしまった隠れ名作BEST 50作品8時間,ABBA-385 一流映像チェックマンが選んだ内容は良いのに埋もれてしまった隠れ名作BEST 50作品8時間,ABBA-385,,2018-05-24,487分鐘,,センタービレッジ,センタービレッジ,,成熟的女人、合集、已婚婦女、4小時以上作品、高畫質,矢部寿恵、村上涼子、翔田千里、川上ゆう（森野雫）、艶堂しほり（遠藤しおり）、澤村レイコ（高坂保奈美、高坂ますみ）、風間ゆみ、北条麻妃、青木玲、松下美香、円城ひとみ、南條れいな、音羽文子,https://www.javbus.com/ABBA-385,
RBB-130 綺麗な女を犯したい！可愛い女を犯したい！イイ女を犯したい！ヤリたいことは全部やる！徹底的に犯しまくる8時間,RBB-130 綺麗な女を犯したい！可愛い女を犯したい！イイ女を犯したい！ヤリたいことは全部やる！徹底的に犯しまくる8時間,RBB-130,,2018-05-19,480分鐘,,ROOKIE,ROOKIE,,凌辱、中出、巨乳、DMM獨家,川上ゆう（森野雫）、かすみ果穂、きみと歩実、鈴木心春、大場ゆい、阿部乃みく、藍沢潤、井上瞳、美咲かんな、跡美しゅり、美雪ありす、羽月希、本田莉子、希志あいの、原千草、高岡すみれ、水原さな、つぼみ、秋山祥子、北川エリカ、佐山愛、安城アンナ、神ユキ、彩城ゆりな、神波多一花、雅さやか、七草ちとせ、神咲詩織、波多野結衣、初川みなみ、園田みおん、椿かなり、葵、西川ゆい、千乃あずみ、澁谷果歩、篠田あゆみ、谷原希美、あべみかこ、北条麻妃、みづなれい（みずなれい）,https://www.javbus.com/RBB-130,
HRD-126 東京○○を成功に導く日本のおもてなし お女将さんの凄テク 全八話,HRD-126 東京○○を成功に導く日本のおもてなし お女将さんの凄テク 全八話,HRD-126,,2018-05-18,240分鐘,鶴明星,ルビー,greed,,角色扮演、和服・喪服、成熟的女人、中出、4小時以上作品、DMM獨家,赤坂ルナ、川上ゆう（森野雫）、澤村レイコ（高坂保奈美、高坂ますみ）、北条麻妃、浅井舞香、小早川怜子、中山香苗、竹内梨恵,https://www.javbus.com/HRD-126,
DDT-590 勃起チ○ポを絶妙に誘惑してくる熟女ベスト,DDT-590 勃起チ○ポを絶妙に誘惑してくる熟女ベスト,DDT-590,,2018-05-18,240分鐘,,ドグマ,Dogma,,蕩婦、成熟的女人、合集、淫語、4小時以上作品、DMM獨家,風間ゆみ、澤村レイコ（高坂保奈美、高坂ますみ）、北条麻妃、北谷静香、浅倉彩音、新尾きり子、結城みさ、山本美和子、新谷彩夏、村上涼子、川上ゆう、円城ひとみ、佐々木あき、桐島美奈子、小早川怜子、篠田あゆみ、寺崎泉、加納綾子、春原未来、翔田千里、青山葵、松本まりな、艶堂しほり（遠藤しおり）、音無かおり、宮部涼花,https://www.javbus.com/DDT-590,
NSPS-703 熟女！熟女！熟女！ 熟れてエロさに拍車がかかった7人の女たち,NSPS-703 熟女！熟女！熟女！ 熟れてエロさに拍車がかかった7人の女たち,NSPS-703,,2018-05-13,501分鐘,柾愛蔵,ながえスタイル,ながえSTYLE,,成熟的女人、已婚婦女、通姦、出軌、戲劇、DMM獨家,村上涼子（中村りかこ、黒木菜穂）、北条麻妃、結城みさ、福元美砂恵（仲間麗奈）、五十嵐しのぶ、大田ゆりか、小早川怜子,https://www.javbus.com/NSPS-703,
KEEDX-005 彼女の母Premium DX 30人8時間,KEEDX-005 彼女の母Premium DX 30人8時間,KEEDX-005,,2018-05-10,484分鐘,,センタービレッジ,花園（センタービレッジ）,彼女の母（センタービレッジ）,成熟的女人、合集、已婚婦女、4小時以上作品、高畫質、出軌,桐岡さつき、矢部寿恵、翔田千里、川上ゆう（森野雫）、澤村レイコ（高坂保奈美、高坂ますみ）、風間ゆみ、北条麻妃、神崎久美、安野由美,https://www.javbus.com/KEEDX-005,
MLSM-006 じゅぽじゅぽフェラ 口内発射 吸って搾って 泡立ちザーメンまみれ お口ベチョベチョ 24人 4時間,MLSM-006 じゅぽじゅぽフェラ 口内発射 吸って搾って 泡立ちザーメンまみれ お口ベチョベチョ 24人 4時間,MLSM-006,,2018-05-04,240分鐘,,MellowMoon（メロウムーン）,MellowMoon（メロウムーン）,じゅぽじゅぽフェラ口内発射,蕩婦、成熟的女人、口交、合集、主觀視角、DMM獨家,牧原れい子、川上ゆう（森野雫）、翔田千里、加藤ツバキ（夏樹カオル）、澤村レイコ（高坂保奈美、高坂ますみ）、北条麻妃、矢部寿恵、藤下梨花、烏丸まどか、竹内梨恵、近藤郁（近藤郁美）、華月さくら、松本まりな、円城ひとみ、桐島綾子、妃乃ひかり、結城みさ、牧野紗代、加納綾子、風間ゆみ、加山なつこ、宝田さゆり、小池絵美子、大石忍,https://www.javbus.com/MLSM-006,
POTS-001 厳選！美乳美熟女 濃厚ザーメンぶっかけ中出し4時間,POTS-001 厳選！美乳美熟女 濃厚ザーメンぶっかけ中出し4時間,POTS-001,,2018-05-01,240分鐘,ローション玉木,SPOT/エマニエル,SPOT/エマニエル,,成熟的女人、合集、乳房、中出、4小時以上作品、DMM獨家,北条麻妃、羽月希、桐岡さつき、結城みさ、大槻ひびき、有奈めぐみ、稲川なつめ、伊織涼子、加納綾子、沢木りさ、住田みく,https://www.javbus.com/POTS-001,
NASS-835 旦那の友人を誘惑！美人奥様の泥酔寝取られ野球拳！！,NASS-835 旦那の友人を誘惑！美人奥様の泥酔寝取られ野球拳！！,NASS-835,,2018-04-27,219分鐘,,なでしこ,Nadeshiko,,蕩婦、成熟的女人、合集、已婚婦女、爛醉如泥的、高畫質、出軌,北条麻妃、ERIKA（モカ、MOKA）、春菜はな、桜井彩、佐々木あき,https://www.javbus.com/NASS-835,
CVDX-304 絶対指入れ宣言！痴女系美人おばさんのま○こもアナルも全部丸見えオナニー30人4時間,CVDX-304 絶対指入れ宣言！痴女系美人おばさんのま○こもアナルも全部丸見えオナニー30人4時間,CVDX-304,,2018-04-26,242分鐘,,センタービレッジ,センタービレッジ,,成熟的女人、合集、已婚婦女、4小時以上作品、高畫質、自慰,矢部寿恵、黒木小夜子（秀吉小夜子）、翔田千里、川上ゆう（森野雫）、澤村レイコ（高坂保奈美、高坂ますみ）、風間ゆみ、北条麻妃、松下美香、円城ひとみ、三浦恵理子、青木美空、神崎久美、葵紫穂,https://www.javbus.com/CVDX-304,
MCSR-296 お母さんといっしょ 僕と母と淫靡な湯治と。欲求不満の人妻は温泉旅館で息子に抱かれ激しく悶える近親相姦。12人4時間,MCSR-296 お母さんといっしょ 僕と母と淫靡な湯治と。欲求不満の人妻は温泉旅館で息子に抱かれ激しく悶える近親相姦。12人4時間,MCSR-296,,2018-04-25,239分鐘,亀ヶ島三郎,ビッグモーカル,マスカット,,成熟的女人、中出、高畫質、温泉,川上ゆう（森野雫）、村上涼子（中村りかこ、黒木菜穂）、北条麻妃、羽月希、KAORI、小早川怜子、三浦恵理子、中山香苗、吹石れな、三島奈津子,https://www.javbus.com/MCSR-296,
RBB-128 どくっ！どくん！！マ○コの奥の奥にぶちまける大量精子で子宮パンパン種付け着床！！ どろりと溢れ出るほど濃厚な生中出し生SEX8時間,RBB-128 どくっ！どくん！！マ○コの奥の奥にぶちまける大量精子で子宮パンパン種付け着床！！ どろりと溢れ出るほど濃厚な生中出し生SEX8時間,RBB-128,,2018-04-19,480分鐘,,ROOKIE,ROOKIE,,合集、中出、4小時以上作品、DMM獨家,北条麻妃、AIKA、めぐり（藤浦めぐ）、天海つばさ、本田岬、鈴木心春、水野朝陽、三原ほのか、麻里梨夏、栄川乃亜、きみと歩実、椎名そら、佐々木あき、澁谷果歩,https://www.javbus.com/RBB-128,
MLSM-005 熟女尻ベスト 4時間 10名 熟れたお尻の卑猥な誘惑,MLSM-005 熟女尻ベスト 4時間 10名 熟れたお尻の卑猥な誘惑,MLSM-005,,2018-04-07,240分鐘,,MellowMoon（メロウムーン）,MellowMoon（メロウムーン）,,蕩婦、成熟的女人、合集、乳房、巨乳、DMM獨家,風間ゆみ、妃乃ひかり、翔田千里、北条麻妃、甲斐ミハル、結城みさ、矢部寿恵、星杏奈、松本まりな、花島瑞江,https://www.javbus.com/MLSM-005,
ABBA-381 出し挿れの臨場感が興奮を掻き立てる熟女のヌルヌルおま●こ超接写SEX100連発 金玉空っぽ街道まっしぐらの甘えん坊な僕8時間,ABBA-381 出し挿れの臨場感が興奮を掻き立てる熟女のヌルヌルおま●こ超接写SEX100連発 金玉空っぽ街道まっしぐらの甘えん坊な僕8時間,ABBA-381,,2018-03-29,486分鐘,,センタービレッジ,センタービレッジ,,成熟的女人、合集、已婚婦女、4小時以上作品、高畫質、局部特寫,結城みさ、桐岡さつき、矢部寿恵、黒木小夜子（秀吉小夜子）、川上ゆう（森野雫）、澤村レイコ（高坂保奈美、高坂ますみ）、佐藤みき（佐藤美紀、鈴木志帆）、風間ゆみ、北条麻妃、小池絵美子、青木玲、松下美香、小早川怜子、上原千尋、大橋ひとみ、葵紫穂、鮎原いつき、南條れいな、森下美緒,https://www.javbus.com/ABBA-381,
NCAC-015 団地妻 昼下がりの秘め事,NCAC-015 団地妻 昼下がりの秘め事,NCAC-015,,2018-03-26,331分鐘,,新世紀文藝社,新世紀文藝社,,已婚婦女、寡婦、通姦、4小時以上作品、故事集、自慰,北条麻妃、春風えみ、橘エレナ,https://www.javbus.com/NCAC-015,
VERO-071 S級熟女が荒々しく舌を絡ませ吐息が漏れても接吻を交わし続ける超濃密ベロキスSEX30本番8時間,VERO-071 S級熟女が荒々しく舌を絡ませ吐息が漏れても接吻を交わし続ける超濃密ベロキスSEX30本番8時間,VERO-071,,2018-03-25,480分鐘,,VENUS,女神（ヴィーナス）,,成熟的女人、合集、已婚婦女、中出、4小時以上作品、DMM獨家,桐岡さつき、村上涼子、翔田千里、川上ゆう（森野雫）、澤村レイコ（高坂保奈美、高坂ますみ）、風間ゆみ、北条麻妃、円城ひとみ、笹山希、吹石れな,https://www.javbus.com/VERO-071,
KUSR-040 夫にだけは見られたくない姿… 緊縛隷夫人,KUSR-040 夫にだけは見られたくない姿… 緊縛隷夫人,KUSR-040,,2018-03-25,120分鐘,,ビッグモーカル,九龍（ビッグモーカル）,,紧缚、已婚婦女、高畫質,森沢かな（飯岡かなこ）、二宮和香、波多野結衣、北条麻妃,https://www.javbus.com/KUSR-040,
MCSR-290 ★配信限定特典付★妻に何が起こったか？ ～自慢の美人妻が義父や息子にセックスを仕込まれました～,MCSR-290 ★配信限定特典付★妻に何が起こったか？ ～自慢の美人妻が義父や息子にセックスを仕込まれました～,MCSR-290,,2018-03-25,270分鐘,メカテス武田,ビッグモーカル,マスカット,,亂倫、已婚婦女、中出、4小時以上作品、高畫質、出軌,北条麻妃、秋野千尋、本真ゆり、青山真希、三浦恵理子、原千草、橘優花、篠田あゆみ、逢沢はるか（黒木琴音）、川上ゆう、澤村レイコ（高坂保奈美、高坂ますみ）、松坂美紀,https://www.javbus.com/MCSR-290,
OOMN-222 息子で性欲を解消するイケナイ若妻たち,OOMN-222 息子で性欲を解消するイケナイ若妻たち,OOMN-222,,2018-03-24,240分鐘,,ABC/妄想族,お母さん.com（ABC/妄想族）,,母親、合集、亂倫、新娘、年輕妻子、DMM獨家,川上ゆう（森野雫）、北条麻妃、神波多一花、武藤あやか、松井優子、佐々木あき、今井真由美、清城ゆき、前田可奈子、加藤みゆ紀,https://www.javbus.com/OOMN-222,
HZGB-007 美人妻を容赦なく犯し続ける5時間,HZGB-007 美人妻を容赦なく犯し続ける5時間,HZGB-007,,2018-03-23,301分鐘,,人妻花園劇場,人妻花園劇場,,潮吹、已婚婦女、深喉、中出、4小時以上作品、高畫質、出軌、巨乳,北条麻妃、大槻ひびき、早川瀬里奈、春原未来、KAORI、推川ゆうり、大場ゆい、森沢かな（飯岡かなこ）、花咲いあん、浜崎なお、羽月希、波多野結衣、通野未帆、月本愛、篠田ゆう、香椎りあ、風間ゆみ、二階堂ゆり、涼川絢音、篠田あゆみ,https://www.javbus.com/HZGB-007,
NSPS-689 完全保存版 夫以外でイキまくる人妻たち 熟女総勢29人8時間,NSPS-689 完全保存版 夫以外でイキまくる人妻たち 熟女総勢29人8時間,NSPS-689,,2018-03-19,532分鐘,ながえ,ながえスタイル,ながえSTYLE,,成熟的女人、已婚婦女、通姦、出軌、戲劇、DMM獨家,笠木忍、友田真希、松田早紀、内田美奈子、眞木あずさ、石川さとこ、若泉まや、黒田ユリ、新谷彩夏、真白希美、杉本蘭、平松恵理香、樋口冴子（桐島千沙）、結城みさ、北条麻妃、艶堂しほり（遠藤しおり）、松浦ユキ、風間ゆみ、翔田千里、紫月、寺澤しのぶ、大越はるか、桐原あずさ（伊藤あずさ）、竹内えみり、赤坂なつみ、望月加奈（松沢真理）、小池絵美子、若菜あゆみ,https://www.javbus.com/NSPS-689,
AVS-021 AVSCollector’s2017年間 SPECIAL BESTカタログ,AVS-021 AVSCollector’s2017年間 SPECIAL BESTカタログ,AVS-021,,2018-03-19,240分鐘,,AVScollector’s,AVS,エーヴィエスカタログ,合集、4小時以上作品、DMM獨家,川上ゆう（森野雫）、春原未来、北川エリカ、麻生希、三浦恵理子、水野朝陽、川村まや、澁谷果歩、吹石れな、清城ゆき、谷原希美、一条綺美香、北条麻妃、風間ゆみ、KAORI、佐々木あき、波多野結衣、AIKA、三島奈津子、本田岬、若菜奈央、春菜はな、舞島あかり,https://www.javbus.com/AVS-021,
JUSD-779 2017年下半期全173タイトルBEST8時間,JUSD-779 2017年下半期全173タイトルBEST8時間,JUSD-779,,2018-03-10,480分鐘,,マドンナ,Madonna,マドンナ○半期,成熟的女人、合集、已婚婦女、數位馬賽克、出軌、巨乳、DMM獨家,風間ゆみ、友田真希、大島優香、向井藍、本庄真理、君島みお、水川かえで、鈴木みか、水沢かおり、和泉早妃、麻里梨夏、工藤恵理子、希島あいり、遥あやね、本田岬、山岸琴音、明里ともか、佐々波綾、白石りん、中谷玲奈、水戸かな、羽月希、香苗レノン、春菜はな、栗原杏、白山葉子、織田真子、夏目彩春、山本鈴、桜井彩、石川明日美、二ノ宮慶子、通野未帆、関根奈美、中村知恵、響まりこ、黒木れん、富田百々香、加藤みゆ紀、香椎りあ、宮沢ちはる、高城彩、波多野結衣、安西ひかり、緒方泰子、椎名そら、北条麻妃、吉澤りょうこ、桜木かおり、嶋崎かすみ、河南実里、七瀬いずみ、三浦恵理子、佳苗るか、吉岡奈々子、竹内梨恵、高宮あん、住吉綾香、常盤ゆり子、小出亜衣子、前田可奈子、櫻井菜々子、瞳リョウ、最上ゆり子、奥村かや、橋本れいか、香澄麗子、神納花、花崎りこ、若葉加奈、岡野美由紀、秋山美咲、加瀬かなこ、竹内麻耶、片岡なぎさ、由良翠、一色桃子、ななせ麻衣、桐嶋りの、松雪かなえ、水野朝陽、水城奈緒、めぐり（藤浦めぐ）、谷原希美、速美もな、白木優子、若菜奈央、佐々木あき、桐島ひとみ、三原ほのか,https://www.javbus.com/JUSD-779,
XRW-449 日本緊縛師列伝 第一章 奈加あきら,XRW-449 日本緊縛師列伝 第一章 奈加あきら,XRW-449,,2018-03-09,119分鐘,,レアルワークス,REAL（レアルワークス）,,SM、紧缚、性奴、拘束、粗暴、凌辱、高畫質,北条麻妃、波多野結衣、桃瀬ゆり、神納花,https://www.javbus.com/XRW-449,
NCAC-018 人妻艶情～時代に逆らった背徳の不貞妻～,NCAC-018 人妻艶情～時代に逆らった背徳の不貞妻～,NCAC-018,,2018-03-09,135分鐘,貞邪我,新世紀文藝社,新世紀文藝社,,已婚婦女、通姦、高畫質、出軌、戲劇、故事集,牧原れい子、翔田千里、北条麻妃,https://www.javbus.com/NCAC-018,
RDVHJ-095 あなた許して、義父や息子のデカチンに溺れてしまう母や嫁たち,RDVHJ-095 あなた許して、義父や息子のデカチンに溺れてしまう母や嫁たち,RDVHJ-095,,2018-02-27,239分鐘,,グラフィティジャパン,フェアエスト,,成熟的女人、亂倫、已婚婦女、中出、4小時以上作品、高畫質、巨乳,北条麻妃、吉永あかね、大橋ひとみ、水野朝陽、月島えみり,https://www.javbus.com/RDVHJ-095,
EMAF-444 お仕事熟女 ただ今発情中,EMAF-444 お仕事熟女 ただ今発情中,EMAF-444,,2018-02-25,434分鐘,清水橋健太,フォーディメンション/エマニエル,フォーディメンション（エマニエル）,,成熟的女人、女上位、4小時以上作品、DMM獨家,北条麻妃、五十嵐真理、中島美奈子、森下夕子、豊岡みち子、佐原ことみ、秋田富由美、水谷景子、桜木ゆか、高松みどり、鳴海遥子、岡田智恵子,https://www.javbus.com/EMAF-444,
DDT-581 孕むまで強制連続中出しベスト,DDT-581 孕むまで強制連続中出しベスト,DDT-581,,2018-02-16,245分鐘,,ドグマ,Dogma,,合集、多P、中出、4小時以上作品、DMM獨家,村上涼子（中村りかこ、黒木菜穂）、あいぶらん（蜜井とわ）、澤村レイコ（高坂保奈美、高坂ますみ）、辻本りょう、浜崎真緒、宮崎あや、なつめ愛莉、桃瀬ゆり、今井真由美、斉藤みゆ、横山みれい、青木玲、樹花凜（七咲楓花）、北条麻妃、琥珀うた、紗奈、みづなれい（みずなれい）、野中あんり、村西まりな、新井エリー（晶エリー、大沢佑香）、みはる、板垣あずさ、二階堂ゆり,https://www.javbus.com/DDT-581,
MMB-186 AV女優 プロフェッショナル オナニーの流儀,MMB-186 AV女優 プロフェッショナル オナニーの流儀,MMB-186,,2018-02-04,240分鐘,石切橋博士,桃太郎映像出版,桃太郎ベスト,,4小時以上作品、巨乳、DMM獨家、自慰,藤宮櫻花（眞雪ゆん）、村上涼子（中村りかこ、黒木菜穂）、志村玲子、水城奈緒、浅倉彩音、大槻ひびき、橘エレナ、玉城マイ、月美弥生、星野はるあ、優木夏、佐々木あき、沢城百合、早乙女らぶ、川上ゆう（森野雫）、塚田詩織、三島奈津子、乃南静香、桜咲姫莉、水野朝陽、ましろ杏、国見奈々、彩佳リリス（藤崎クロエ）、愛乃ゆな、加藤みゆ紀、枢木みかん、アメリア・イヤハート、新山かえで、佐々木恋海（向井恋）、甲斐ミハル、椎名ゆな、よしい美希（伊沢涼子、吉井美希）、水野洋子、長澤あずさ、中島京子、舞園にこ、北条麻妃、竹田千恵、春風えみ、高瀬杏,https://www.javbus.com/MMB-186,
JUY-372 超美顔レズビアン ～麗しき人妻女子アナのメスの戯れ～ マドンナデビューの絶世美女・光井ひかり《レズ解禁！！》,JUY-372 超美顔レズビアン ～麗しき人妻女子アナのメスの戯れ～ マドンナデビューの絶世美女・光井ひかり《レズ解禁！！》,JUY-372,,2018-01-27,120分鐘,三島六三郎,マドンナ,Madonna,,成熟的女人、女同性戀、苗條、已婚婦女、數位馬賽克、高畫質、女主播、DMM獨家,北条麻妃、神波多一花、光井ひかり,https://www.javbus.com/JUY-372,
XRW-426 イカセ拷問 姦犯,XRW-426 イカセ拷問 姦犯,XRW-426,,2018-01-26,119分鐘,ディラン富増,レアルワークス,REAL（レアルワークス）,,紧缚、監禁、性奴、粗暴、高畫質,北条麻妃、篠田ゆう、卯水咲流、福咲れん、二宮和香、桜咲姫莉,https://www.javbus.com/XRW-426,
NASS-781 ド迫力BODY爆乳熟女20人！全裸エクササイズ2,NASS-781 ド迫力BODY爆乳熟女20人！全裸エクササイズ2,NASS-781,,2018-01-26,220分鐘,,なでしこ,Nadeshiko,全裸エクササイズ,成熟的女人、合集、已婚婦女、高畫質、巨乳,翔田千里、青木りん、一条綺美香、七海ひさ代、大橋ひとみ、潮見百合子、西山あさひ、江上しほ、佐々木あき、北井杏樹、羽生ありさ、桜井彩、北条麻妃、村上涼子（中村りかこ、黒木菜穂）、KAORI、前園希美、堀内秋美、笹倉杏、桐島美奈子、真木今日子,https://www.javbus.com/NASS-781,
GIGL-456 「胸は弱いから触らないで…」勃起した乳首をこねくり回され欲情スイッチが入ってしまったおばさんはレズられても断れない,GIGL-456 「胸は弱いから触らないで…」勃起した乳首をこねくり回され欲情スイッチが入ってしまったおばさんはレズられても断れない,GIGL-456,,2018-01-26,239分鐘,長澤純,GIGOLO（ジゴロ）,GIGOLO,,成熟的女人、女同性戀、已婚婦女、4小時以上作品、女同接吻、高畫質,北条麻妃、安野由美、中嶋礼子、相原陽菜、上川晴子、大森涼子、山下ゆき子、新井由紀、竹内梨恵、三島奈津子、吹石れな、植村まさ子,https://www.javbus.com/GIGL-456,
BDSR-328 ★配信限定特典付★騎乗位の達人 巨乳妻のものすごい腰使い 39人4時間,BDSR-328 ★配信限定特典付★騎乗位の達人 巨乳妻のものすごい腰使い 39人4時間,BDSR-328,,2018-01-25,269分鐘,金子次郎,ビッグモーカル,BIGMORKAL,,已婚婦女、中出、女上位、4小時以上作品、高畫質、巨乳,篠田ゆう、北川エリカ、尾上若葉、小早川怜子、蓮実クレア、松本メイ、三浦恵理子、原千草、本田莉子、浜崎真緒、倉多まお、川上ゆう（森野雫）、星野あかり、澤村レイコ（高坂保奈美、高坂ますみ）、仲村茉莉恵、神ユキ、北条麻妃,https://www.javbus.com/BDSR-328,
STDDT-017 【お得セット】まとめて抜ける！肉便器先生3本セット,STDDT-017 【お得セット】まとめて抜ける！肉便器先生3本セット,STDDT-017,,2018-01-25,340分鐘,,ドグマ,ドグマ（お得セット）,肉便器先生,女教師、灌腸、拘束、凌辱,森下くるみ、翔田千里、北条麻妃,https://www.javbus.com/STDDT-017,
DDT-578 誘惑お姉さんベスト,DDT-578 誘惑お姉さんベスト,DDT-578,,2018-01-14,250分鐘,,ドグマ,Dogma,,蕩婦、合集、姐姐、4小時以上作品、DMM獨家,妃乃ひかり、芦名未帆（稲森しほり）、北条麻妃、紗奈、森ななこ、上原亜衣、篠田ゆう、丘咲エミリ、永沢まおみ、笹倉杏、菅野亜梨沙、楓アイル、富岡れいか、山本美和子、春原未来、仲丘たまき（片岡まきな）、桜井あゆ、佐々木恋海（向井恋）、川上ゆう、本田莉子、黒沢那智、二宮沙樹、浜崎真緒、青山沙希、朝河蘭（清水優香）,https://www.javbus.com/DDT-578,
LZBS-031 レズれ！熟レズセックス 厳選ベスト5時間 艶熟レズビアンのガチイキ！お見せします！,LZBS-031 レズれ！熟レズセックス 厳選ベスト5時間 艶熟レズビアンのガチイキ！お見せします！,LZBS-031,,2018-01-14,300分鐘,,レズれ！,レズれ！ベスト,,成熟的女人、女同性戀、合集、4小時以上作品、女同接吻、高畫質、DMM獨家,北条麻妃、北川エリカ、音無かおり、宮部涼花、篠田あゆみ、加藤あやの、吹石れな、二階堂ゆり、川上ゆう,https://www.javbus.com/LZBS-031,
OOMN-215 寝ている無抵抗な爆乳を舐め吸い堪能した後に夜這いパイズリ 30名,OOMN-215 寝ている無抵抗な爆乳を舐め吸い堪能した後に夜這いパイズリ 30名,OOMN-215,,2018-01-13,240分鐘,,ABC/妄想族,お母さん.com（ABC/妄想族）,,成熟的女人、母親、乳交、合集、巨乳、DMM獨家,風間ゆみ、北条麻妃、北川エリカ、水野朝陽、橘優花、林ゆな、香山美桜、佐倉あゆ、九条さやか、霧島さくら,https://www.javbus.com/OOMN-215,
ABBA-373 ビクビク跳ね腰突き上げ子宮アタック！！30人4時間,ABBA-373 ビクビク跳ね腰突き上げ子宮アタック！！30人4時間,ABBA-373,,2018-01-11,244分鐘,,センタービレッジ,センタービレッジ,,成熟的女人、其他戀物癖、合集、已婚婦女、4小時以上作品、高畫質、內衣,北条麻妃、葵紫穂、南條れいな,https://www.javbus.com/ABBA-373,
VSED-080 とうとう息子の友達にまで手を出した欲求不満のおばさん,VSED-080 とうとう息子の友達にまで手を出した欲求不満のおばさん,VSED-080,,2018-01-02,482分鐘,,シックスナイン,シックスナイン,,成熟的女人、已婚婦女、4小時以上作品、巨乳,里中亜矢子、野宮凛子、北条麻妃、伊織涼子、滝川峰子、矢代美智代、彩美ルリ子、平亜矢子、江口ともよ、細谷有紀子、扇原樹理、桐島秋子、高坂紀子、紫彩乃、風間ゆみ、伊藤まい,https://www.javbus.com/VSED-080,
UD-793R 男なら一度はやられてみたいっ！！厳選のドスケベ痴女プレイ集ベスト6！！（美熟女編） Part5,UD-793R 男なら一度はやられてみたいっ！！厳選のドスケベ痴女プレイ集ベスト6！！（美熟女編） Part5,UD-793R,,2018-01-01,181分鐘,タブー大崎,LEO,LEO,男なら一度はやられてみたいっ！！,蕩婦、成熟的女人、巨乳,川上ゆう（森野雫）、北条麻妃、篠田あゆみ,https://www.javbus.com/UD-793R,
JUSD-770 どんな男も腰砕けになるフェラの匠 厳選美熟女たちのいやらしいおチ○ポしゃぶり20人4時間,JUSD-770 どんな男も腰砕けになるフェラの匠 厳選美熟女たちのいやらしいおチ○ポしゃぶり20人4時間,JUSD-770,,2017-12-30,240分鐘,,マドンナ,Madonna,,蕩婦、成熟的女人、口交、合集、已婚婦女、數位馬賽克、DMM獨家,風間ゆみ、友田真希、北条麻妃、水城奈緒、西野翔、白木優子、神納花、竹内麻耶、橋本れいか、黒木れん、めぐり（藤浦めぐ）、織田真子、成宮いろは、三浦恵理子、中森いつき、一色桃子、大島優香、佐々木あき、波多野結衣、谷原希美,https://www.javbus.com/JUSD-770,
MDB-841 BAZOOKA人気シリーズ完全網羅BEST！！8時間スペシャル,MDB-841 BAZOOKA人気シリーズ完全網羅BEST！！8時間スペシャル,MDB-841,,2017-12-22,481分鐘,K太郎,メディアステーション,BAZOOKA（バズーカ）,,OL、合集、姐姐、乳房、4小時以上作品、高畫質、巨乳,北条麻妃、波多野結衣、大槻ひびき、上原亜衣、篠田ゆう、初美沙希、南梨央奈、浜崎真緒、川菜美鈴、あおいれな、乙葉ななせ、麻里梨夏、尾上若葉、蓮実クレア、吉川あいみ、佳苗るか、美咲かんな、椎名そら、篠田あゆみ、花咲いあん,https://www.javbus.com/MDB-841,
OKAX-319 悶絶洪水！鬼イカセ！大量潮吹き50人4時間,OKAX-319 悶絶洪水！鬼イカセ！大量潮吹き50人4時間,OKAX-319,,2017-12-22,240分鐘,,ケイ・エム・プロデュース,おかず。,,潮吹、凌辱、4小時以上作品、手指插入、高畫質、肛交,成瀬心美（ここみ）、JULIA、琥珀うた、波多野結衣、上原亜衣、竹内紗里奈、神波多一花、浜崎真緒、一条リオン、向井藍、木村つな、篠田ゆう、中西まや、矢吹杏、武藤クレア、伊沢美春（伊沢美晴）、青木りん、あすか光希、枢木みかん、水澤まお（永沢まおみ）、朝桐光、悠月舞、樹花凜（七咲楓花）、板野有紀、松本まりな、水嶋あい、碧しの（篠めぐみ）、紗奈、浅乃ハルミ、舞野いつき、仁科百華、小西まりえ、立花樹里亜、北条麻妃、桜りお、愛音まひろ、大沢美加（廣田まりこ）、さとう遥希、宇佐美なな、篠宮ゆり、坂東ゆうな、保志美あすか、星野あかり、桜ちずる、武井麻希、哀川りん,https://www.javbus.com/OKAX-319,
VEVE-015 S級熟女メーカーVENUS 2017年下半期 96タイトル全発射8時間,VEVE-015 S級熟女メーカーVENUS 2017年下半期 96タイトル全発射8時間,VEVE-015,,2017-12-17,480分鐘,,VENUS,女神（ヴィーナス）,S級熟女メーカーVENUS○年○半期,成熟的女人、合集、已婚婦女、中出、4小時以上作品、DMM獨家,村上涼子、川上ゆう（森野雫）、澤村レイコ（高坂保奈美、高坂ますみ）、風間ゆみ、北条麻妃、円城ひとみ、小早川怜子、三浦恵理子、南條れいな,https://www.javbus.com/VEVE-015,
OOMN-212 もうこれ以上突いちゃダメぇ！ バックで私イクッ 厳選美熟女 70名,OOMN-212 もうこれ以上突いちゃダメぇ！ バックで私イクッ 厳選美熟女 70名,OOMN-212,,2017-12-16,240分鐘,,ABC/妄想族,お母さん.com（ABC/妄想族）,,成熟的女人、苗條、母親、合集、巨乳、DMM獨家,北条麻妃、篠田ゆう、神ユキ、小早川怜子、浜崎真緒、通野未帆、篠田あゆみ、井上綾子、佐々木あき、今井真由美、風間ゆみ,https://www.javbus.com/OOMN-212,
NASS-751 昭和の田舎村で起きた性犯罪史レイプ,NASS-751 昭和の田舎村で起きた性犯罪史レイプ,NASS-751,,2017-12-08,243分鐘,,なでしこ,Nadeshiko,,成熟的女人、野外・露出、已婚婦女、凌辱、中出、4小時以上作品、高畫質,北条麻妃、松下美香、寺崎泉、七海ひさ代、森下麻子、竹内れい子、尾島みゆき、和泉紫乃、遠野麗子,https://www.javbus.com/NASS-751,
MKMP-209 KMP15周年特別企画！！超人気鉄板企画100タイトル超豪華8時間スペシャル,MKMP-209 KMP15周年特別企画！！超人気鉄板企画100タイトル超豪華8時間スペシャル,MKMP-209,,2017-12-08,482分鐘,K太郎,ケイ・エム・プロデュース,million（ミリオン）,KMP15周年特別企画,紧缚、合集、中出、4小時以上作品、高畫質、ハーレム、高中女生、巨乳,早坂ひとみ、小沢菜穂、麻倉憂、友田彩也香、シェリー（Shelly、藤井シェリー）（しぇりー）、AIKA、みなせ優夏、蓮実クレア、美咲かんな、波木はるか、篠田あゆみ、あべみかこ、みづなれい（みずなれい）、JULIA、あおいれな、吉永あかね、椎名そら、沖田杏梨、乙葉ななせ、川菜美鈴、霧島さくら、有村千佳、河南実里、麻里梨夏、水野朝陽、湊莉久、春原未来、桜井あゆ、つぼみ、川上ゆう（森野雫）、北条麻妃、なつめ愛莉、さとう遥希、紫艶、及川奈央、上原亜衣、神咲詩織、波多野結衣、北川エリカ、星美りか、成瀬心美（ここみ）,https://www.javbus.com/MKMP-209,
XRW-407 中出し破壊 黒人巨大マラ,XRW-407 中出し破壊 黒人巨大マラ,XRW-407,,2017-12-08,120分鐘,ディラン富増,レアルワークス,REAL（レアルワークス）,,苗條、紧缚、中出、高畫質、デカチン・巨根、黑人演員,北条麻妃、卯水咲流、花咲いあん、桜咲姫莉,https://www.javbus.com/XRW-407,
PSSD-414 催眠［TS］selection1,PSSD-414 催眠［TS］selection1,PSSD-414,,2017-12-01,120分鐘,,アウダースジャパン,AUDAZ,,合集、纪录片、手指插入、催眠、自慰,小辻もえ、北条麻妃、成瀬心美（ここみ）、吉沢みなみ、森元あすか,https://www.javbus.com/PSSD-414,
WSP-127 チチクリ愛,WSP-127 チチクリ愛,WSP-127,,2017-12-01,240分鐘,,ワープエンタテインメント,S＋,,女同性戀、合集、4小時以上作品、女同接吻、高畫質、戲劇,真咲南朋（楓モモ、安藤なつ妃）、神崎レオナ（七瀬かすみ）、北条麻妃、希咲エマ（HARUKI、加藤はる希）、成瀬心美（ここみ）、浅倉彩音、横山みれい、鷹宮りょう、橘ミオン（石川鈴華）、花井りん、黒木麻衣（花野真衣、SHIHO）、桐原あずさ（伊藤あずさ）,https://www.javbus.com/WSP-127,
GIGL-437 バレたら修羅場のご近所不倫にハマる人妻は若くて硬い絶倫チ○ポが欲しくて旦那が居ぬ間に隣の青年をヤらずには帰さない 4,GIGL-437 バレたら修羅場のご近所不倫にハマる人妻は若くて硬い絶倫チ○ポが欲しくて旦那が居ぬ間に隣の青年をヤらずには帰さない 4,GIGL-437,,2017-11-24,239分鐘,長澤純,GIGOLO（ジゴロ）,GIGOLO,バレたら修羅場のご近所不倫にハマる人妻は…,成熟的女人、已婚婦女、新娘、年輕妻子、通姦、中出、4小時以上作品、高畫質,北条麻妃、安野由美、紅月ひかり、上島美都子、竹内梨恵、Yoko Narumi、鳴海遥子,https://www.javbus.com/GIGL-437,
TOMN-121 滴る愛液が色気を醸す魅力 艶女汗だく性交 BEST,TOMN-121 滴る愛液が色気を醸す魅力 艶女汗だく性交 BEST,TOMN-121,,2017-11-23,240分鐘,,TEPPAN,TEPPANSPECIAL,,成熟的女人、合集、數位馬賽克、女上位、汗だく、DMM獨家,加藤ツバキ（夏樹カオル）、北条麻妃、小早川怜子、堀内秋美、大場ゆい、安野由美、桐島美奈子、佐々木あき、吹石れな、星空キラリ、川上ゆう（森野雫）、二階堂ゆり、今井真由美、神納花、伊東真緒、水野朝陽、卯水咲流、艶堂しほり（遠藤しおり）、神谷秋妃、KAORI、澤村レイコ（高坂保奈美、高坂ますみ）、松井優子、谷原希美、三浦恵理子、武藤あやか、松嶋葵、篠田あゆみ、原ちとせ、羽月希,https://www.javbus.com/TOMN-121,
OOMN-210 四十路五十路美女のフェラで私がヌイてあげる,OOMN-210 四十路五十路美女のフェラで私がヌイてあげる,OOMN-210,,2017-11-23,240分鐘,,ABC/妄想族,お母さん.com（ABC/妄想族）,,成熟的女人、苗條、口交、合集、巨乳、DMM獨家,翔田千里、澤村レイコ（高坂保奈美、高坂ますみ）、北条麻妃、矢部寿恵、折原ゆかり、一条綺美香、堀川奈美、三浦恵理子、千紘真奈美、安野由美,https://www.javbus.com/OOMN-210,
DPHC-011 非日常的クネクネ映像コレクションXI,DPHC-011 非日常的クネクネ映像コレクションXI,DPHC-011,,2017-11-19,230分鐘,渡辺琢斗,AVScollector’s,PHANTOM夢,非日常的クネクネ映像コレクション,身體意識、緊身衣、高畫質、DMM獨家,春菜はな、水野朝陽、川村まや、二宮和香、一条リオン、佐々木あき、向井藍、三島奈津子、咲坂花恋、七海ゆあ、早野いちか、通野未帆、澁谷果歩、かなで自由、KAORI、AIKA、二階堂ゆり、北条麻妃、逢沢るる、斉藤みゆ、夏樹まりな、清城ゆき,https://www.javbus.com/DPHC-011,
OOMN-208 激しく淫靡な傑作揃い！ 絶頂熟オナニー 50名,OOMN-208 激しく淫靡な傑作揃い！ 絶頂熟オナニー 50名,OOMN-208,,2017-11-12,240分鐘,,ABC/妄想族,お母さん.com（ABC/妄想族）,,成熟的女人、合集、巨乳、DMM獨家、自慰,風間ゆみ、北条麻妃、艶堂しほり（遠藤しおり）、一条綺美香、三浦恵理子、上原花恋、水野朝陽、篠田あゆみ、佐々木あき、花咲いあん,https://www.javbus.com/OOMN-208,
OOMN-207 極上敏感手コキ 50発,OOMN-207 極上敏感手コキ 50発,OOMN-207,,2017-10-28,240分鐘,,ABC/妄想族,お母さん.com（ABC/妄想族）,,成熟的女人、合集、數位馬賽克、巨乳、DMM獨家、打手槍,風間ゆみ、川上ゆう（森野雫）、北条麻妃、一条綺美香、神波多一花、通野未帆、篠田あゆみ、佐々木あき、今井真由美、加藤みゆ紀,https://www.javbus.com/OOMN-207,
BKJS-010 「お義父さん、私のカラダで興奮してしまったんですか？」夫婦ゲンカが絶えずセックスレスな専業主婦は自分を女として見てくれる義父からいやらしい視線を向けられて怒ると思ったら自ら挑発して高齢チ○ポを生ハメし,BKJS-010 「お義父さん、私のカラダで興奮してしまったんですか？」夫婦ゲンカが絶えずセックスレスな専業主婦は自分を女として見てくれる義父からいやらしい視線を向けられて怒ると思ったら自ら挑発して高齢チ○ポを生ハメし,BKJS-010,,2017-10-27,238分鐘,的場桔平,B級熟女選手権,B級熟女選手権,,成熟的女人、亂倫、已婚婦女、中出、4小時以上作品、高畫質、戲劇,北条麻妃、大槻ひびき、北川エリカ、内村りな、篠田あゆみ、花岡よし乃,https://www.javbus.com/BKJS-010,
XRW-383 媚縛潜入捜査官BEST4時間30分17人,XRW-383 媚縛潜入捜査官BEST4時間30分17人,XRW-383,,2017-10-27,270分鐘,ディラン富増,レアルワークス,REAL（レアルワークス）,媚縛潜入捜査官,紧缚、合集、女檢察官、粗暴、凌辱、4小時以上作品、格鬥家、高畫質,波多野結衣、希咲あや、初美沙希、佳苗るか、仁美まどか、保坂えり、神波多一花、篠田あゆみ、西条沙羅、飯島くうが、北条麻妃、吹石れな、神納花、卯水咲流、花咲いあん、森沢かな（飯岡かなこ）、大槻ひびき,https://www.javbus.com/XRW-383,
MLW-5044 美熟女SEXカウンセラー 15人 4時間 ベスト どんなチ○ポもタタせます,MLW-5044 美熟女SEXカウンセラー 15人 4時間 ベスト どんなチ○ポもタタせます,MLW-5044,,2017-09-29,243分鐘,,MellowMoon（メロウムーン）,MellowMoon（メロウムーン）,美熟女SEXカウンセラー,蕩婦、成熟的女人、合集、女醫生、連褲襪、4小時以上作品,小池絵美子、菊川麻里、北条麻妃、真木静乃、加山なつこ、松本まりな、寺崎泉、神崎久美、近藤郁美、桐島綾子、近藤郁（近藤郁美）、藤下梨花、翔田千里、結城みさ、大嶋しのぶ、牧野紗代,https://www.javbus.com/MLW-5044,
EMAF-424 尼と団地妻 官能劇場七選,EMAF-424 尼と団地妻 官能劇場七選,EMAF-424,,2017-09-24,480分鐘,清水橋健太,フォーディメンション/エマニエル,フォーディメンション（エマニエル）,,成熟的女人、已婚婦女、中出、4小時以上作品、戲劇、DMM獨家,野宮凛子、北条麻妃、浅井舞香、小野真美、名城翠、吉野艶子、遠峯江里子、伊藤まい,https://www.javbus.com/EMAF-424,
XRW-370 媚薬緊縛レイプ 媚薬でイカされ、縛られて嬲られる人妻たち…,XRW-370 媚薬緊縛レイプ 媚薬でイカされ、縛られて嬲られる人妻たち…,XRW-370,,2017-09-22,140分鐘,ディラン富増,レアルワークス,REAL（レアルワークス）,媚薬緊縛レイプ,SM、藥物、紧缚、監禁、已婚婦女、深喉、高畫質,北条麻妃、篠田あゆみ、三喜本のぞみ、桃瀬ゆり、小谷みのり,https://www.javbus.com/XRW-370,
OOMN-203 快楽を求め喘ぎ悶え狂う美女たちの騎乗位 50名,OOMN-203 快楽を求め喘ぎ悶え狂う美女たちの騎乗位 50名,OOMN-203,,2017-09-14,240分鐘,,ABC/妄想族,お母さん.com（ABC/妄想族）,,成熟的女人、母親、合集、女上位、DMM獨家,川上ゆう（森野雫）、澤村レイコ（高坂保奈美、高坂ますみ）、北条麻妃、艶堂しほり（遠藤しおり）、ERIKA（モカ、MOKA）、一条綺美香、通野未帆、佐々木あき、吹石れな、今井真由美、花咲いあん,https://www.javbus.com/OOMN-203,
TOMN-110 射精直前の獣のような激しい腰振り 55発射 3,TOMN-110 射精直前の獣のような激しい腰振り 55発射 3,TOMN-110,,2017-09-14,240分鐘,,TEPPAN,TEPPANSPECIAL,射精直前の獣のような激しい腰振り,合集、美少女、數位馬賽克、高畫質、汗だく、巨乳、DMM獨家,北条麻妃、初美沙希、小早川怜子、西川ゆい、森沢かな（飯岡かなこ）、成宮はるあ、吹石れな、麻里梨夏、さくらみゆき、栄川乃亜、水野朝陽、葉月美音、紗々原ゆり、若菜奈央、佐々木あき、羽月希、あず希、神納花、成宮いろは、一条綺美香、通野未帆、北川エリカ、春川せせら、ありす実来、塚田詩織、神木優愛、二階堂ゆり、観月ひかる、サリー、二葉しずく、椎名そら、月島ななこ、尾上若葉、大島美緒、なごみ、AIKA、大場ゆい、本田莉子、鈴原エミリ、篠田あゆみ、上原亜衣、湊莉久、阿部乃みく、美咲かんな、荻野舞、有村千佳、秋吉ひな、林ゆな、蓮実クレア、ひなみるか、愛咲れいら（原千尋）、川菜美鈴、波多野結衣、堀内秋美、椎名ゆな,https://www.javbus.com/TOMN-110,
UMSO-157 媚薬近親相姦 4時間16人ベスト,UMSO-157 媚薬近親相姦 4時間16人ベスト,UMSO-157,,2017-09-08,240分鐘,,ケイ・エム・プロデュース,UMANAMI,媚薬近親相姦,藥物、紧缚、合集、亂倫、中出、4小時以上作品、高畫質、出軌,Maika（MEW）、北条麻妃、波多野結衣、神波多一花、篠田あゆみ、三喜本のぞみ、臼井さと美、吹石れな、今宮なな、芹沢ゆず、森沢かな（飯岡かなこ）、二宮和香、宮沢すず、神納花、仁美まどか、かさいあみ,https://www.javbus.com/UMSO-157,
MKMP-196 円熟味を増した凄腕すぎるいい女たち40人4時間SP,MKMP-196 円熟味を増した凄腕すぎるいい女たち40人4時間SP,MKMP-196,,2017-09-08,241分鐘,K太郎,ケイ・エム・プロデュース,million（ミリオン）,,蕩婦、成熟的女人、合集、姐姐、4小時以上作品、高畫質、巨乳,風間ゆみ、澤村レイコ（高坂保奈美、高坂ますみ）、美泉咲、蓮実クレア、一条綺美香、水野朝陽、篠田あゆみ、広瀬奈々美（堀口奈津美）、佐々木あき、吹石れな、椎名ゆな、北条麻妃、川上ゆう（森野雫）、二階堂ゆり、横山みれい、波多野結衣、澁谷果歩、川菜美鈴、神波多一花、香山美桜、村上涼子（中村りかこ、黒木菜穂）、管野しずか、桜井彩、北川エリカ、通野未帆、春原未来、大槻ひびき、水城奈緒、結城みさ、かすみ果穂、推川ゆうり、羽生ありさ、KAORI、神ユキ、羽月希、小早川怜子、篠田ゆう、千乃あずみ、倉多まお,https://www.javbus.com/MKMP-196,
MLW-5042 家政婦ベスト8人 4時間 家政婦のイイなり,MLW-5042 家政婦ベスト8人 4時間 家政婦のイイなり,MLW-5042,,2017-09-01,245分鐘,,MellowMoon（メロウムーン）,MellowMoon（メロウムーン）,家政婦のイイなり,蕩婦、成熟的女人、合集、各種職業、4小時以上作品、女傭,小池絵美子、翔田千里、北条麻妃、結城みさ、矢部寿恵、松本まりな、西城玲華、近藤郁美、近藤郁（近藤郁美）,https://www.javbus.com/MLW-5042,
OOMN-202 人妻淫乱 下着覗き隠撮,OOMN-202 人妻淫乱 下着覗き隠撮,OOMN-202,,2017-08-26,240分鐘,,ABC/妄想族,お母さん.com（ABC/妄想族）,,成熟的女人、合集、已婚婦女、DMM獨家、內衣,川上ゆう（森野雫）、澤村レイコ（高坂保奈美、高坂ますみ）、北条麻妃、神ユキ、三浦恵理子、神波多一花、安野由美、篠田あゆみ、武藤あやか、吹石れな,https://www.javbus.com/OOMN-202,
GIGL-410 「そんなにおばさんのオッパイが見たいの？」誘われたと思っていきなり抱きついてみたら「こんなおばさんでいいのなら…」と中出しまでさせてくれた！！,GIGL-410 「そんなにおばさんのオッパイが見たいの？」誘われたと思っていきなり抱きついてみたら「こんなおばさんでいいのなら…」と中出しまでさせてくれた！！,GIGL-410,,2017-08-25,140分鐘,金子次郎,GIGOLO（ジゴロ）,GIGOLO,,成熟的女人、亂倫、已婚婦女、乳房、中出、高畫質、巨乳,西條るり、本真ゆり、香月あんな、北条麻妃、星咲優菜,https://www.javbus.com/GIGL-410,
NASS-690 接吻熟女レズ 訳ありおばさんの一人旅で訪れた場末の温泉宿の女将の舌を絡ませたレズ接吻で熟したカラダに火が点いた,NASS-690 接吻熟女レズ 訳ありおばさんの一人旅で訪れた場末の温泉宿の女将の舌を絡ませたレズ接吻で熟したカラダに火が点いた,NASS-690,,2017-08-25,238分鐘,長澤純,なでしこ,Nadeshiko,,和服・喪服、成熟的女人、女同性戀、已婚婦女、女主人、女老板、4小時以上作品、女同接吻、高畫質,川上ゆう（森野雫）、北条麻妃、浅井舞香、小早川怜子、片瀬仁美、宮前幸恵、篠宮千明、華月さくら、竹内梨恵、咲良しほ、宝田さゆり、岡田智恵子,https://www.javbus.com/NASS-690,
OKAX-254 おねだり痴女教師4時間,OKAX-254 おねだり痴女教師4時間,OKAX-254,,2017-08-23,242分鐘,,ケイ・エム・プロデュース,おかず。,,蕩婦、女教師、姐姐、戀腿癖、乳房、4小時以上作品,黒木麻衣（花野真衣、SHIHO）、北条麻妃、妃悠愛（長澤杏奈、水原里香、木崎祐子）、結城みさ、西尾かおり、神波多一花、吹石れな,https://www.javbus.com/OKAX-254,
ABBA-354 ガンガン子宮直撃！！年下男子から激しく突かれて中出しホールド！！30人8時間,ABBA-354 ガンガン子宮直撃！！年下男子から激しく突かれて中出しホールド！！30人8時間,ABBA-354,,2017-08-17,485分鐘,,センタービレッジ,センタービレッジ,,成熟的女人、中出、4小時以上作品、高畫質、巨尻,矢部寿恵、川上ゆう（森野雫）、澤村レイコ（高坂保奈美、高坂ますみ）、風間ゆみ、北条麻妃、紫彩乃,https://www.javbus.com/ABBA-354,
MKMP-187 途中下車不可能！電車バス痴漢BEST 31人4時間,MKMP-187 途中下車不可能！電車バス痴漢BEST 31人4時間,MKMP-187,,2017-08-11,242分鐘,K太郎,ケイ・エム・プロデュース,million（ミリオン）,,潮吹、合集、多P、性騷擾、羞恥、4小時以上作品、高畫質,瀬名あゆむ（広瀬藍子）、白鳥美玲、松下ひかり、野口まりや、篠田彩音、神波多一花、佐倉絆、島崎りこ、絢森いちか、柚木彩花、天音こころ、真木今日子、水希杏、北条麻妃、成瀬心美（ここみ）、相葉ななえ、如月カレン、あいぶらん（蜜井とわ）、南ともか、及川奈央、麻倉憂、有村千佳、小桜りく、初美沙希、愛花沙也、みづなれい（みずなれい）、神咲詩織、三浦まい、長谷川しずく、芹野莉奈,https://www.javbus.com/MKMP-187,
MMB-138 おバカ乳 服の下から猛アピールしてくるけしからん下品なオッパイ,MMB-138 おバカ乳 服の下から猛アピールしてくるけしからん下品なオッパイ,MMB-138,,2017-08-06,240分鐘,石切橋博士,桃太郎映像出版,桃太郎ベスト,,乳交、胖女人、乳房、中出、巨乳、DMM獨家,北条麻妃、長澤あずさ、橘エレナ、塚田詩織、佐々木恋海（向井恋）、綾波まこ、広瀬うみ、三島奈津子,https://www.javbus.com/MMB-138,
NASS-674 腰を突くたび波打つ尻肉 おばさんのムッチリしたお尻に埋もれたい！,NASS-674 腰を突くたび波打つ尻肉 おばさんのムッチリしたお尻に埋もれたい！,NASS-674,,2017-07-28,238分鐘,,なでしこ,Nadeshiko,,屁股、花癡、4小時以上作品、巨乳,北条麻妃、小早川怜子、神崎久美,https://www.javbus.com/NASS-674,
NASS-657 闇の事件簿 近親相姦集団レイプ,NASS-657 闇の事件簿 近親相姦集団レイプ,NASS-657,,2017-07-14,233分鐘,,なでしこ,Nadeshiko,,成熟的女人、亂倫、凌辱、高畫質、出軌、故事集,翔田千里、北条麻妃、時越芙美江、桐岡さつき、矢部寿恵、このみゆうか、美緒みくる、藤沢芳恵,https://www.javbus.com/NASS-657,
TRCT-522 【スマホ推奨】淫語裁判 ～女子校生痴漢えん罪事件～,TRCT-522 【スマホ推奨】淫語裁判 ～女子校生痴漢えん罪事件～,TRCT-522,,2017-07-03,138分鐘,松田まさし,ROCKET,ROCKET,,企畫、淫語、各種職業、戲劇、スマホ専用縦動画、高中女生,北条麻妃、星野あかり、愛代さやか,https://www.javbus.com/TRCT-522,
ASFB-266 パンストなら断然ベージュ派！ 魅惑のナチュラルストッキング 4時間 BEST,ASFB-266 パンストなら断然ベージュ派！ 魅惑のナチュラルストッキング 4時間 BEST,ASFB-266,,2017-06-30,240分鐘,,FetishBox/妄想族,FetishBox/妄想族,,蕩婦、其他戀物癖、合集、連褲襪、戀腿癖、DMM獨家,川上ゆう（森野雫）、深田梨菜（深田梨奈）、雨宮琴音、波多野結衣、有村千佳、竹内紗里奈、かすみりさ、浜崎真緒、成海うるみ、夏希みなみ、北条麻妃、友田彩也香、松岡セイラ、瀧川花音、澤村レイコ（高坂保奈美、高坂ますみ）、小早川怜子、桜井あゆ、上原花恋、仁美まどか、宮間葵,https://www.javbus.com/ASFB-266,
AUKB-074 美熟女レズビアン澤村レイコBEST4時間,AUKB-074 美熟女レズビアン澤村レイコBEST4時間,AUKB-074,,2017-06-30,240分鐘,,U＆K,U＆K,,成熟的女人、女同性戀、苗條、合集、戲劇、DMM獨家,澤村レイコ（高坂保奈美、高坂ますみ）、北条麻妃、矢部寿恵、沢木えりか、今藤霧子、神納花,https://www.javbus.com/AUKB-074,
EMAF-412 友達のお母さんが僕のチンチンを欲しがるのでたっぷり膣に出してやりました スペシャル,EMAF-412 友達のお母さんが僕のチンチンを欲しがるのでたっぷり膣に出してやりました スペシャル,EMAF-412,,2017-06-30,480分鐘,清水橋健太,フォーディメンション/エマニエル,フォーディメンション（エマニエル）,友達のお母さんが僕のチンチンを欲しがるのでたっぷり膣に出してやりました,成熟的女人、口交、已婚婦女、中出、巨乳、DMM獨家,紫彩乃、大塚咲（小野沙樹、大滝佐紀）、野宮凛子、北条麻妃、愛あいり、与田明子、高垣美和子、中園喜代美,https://www.javbus.com/EMAF-412,
TAAB-001 理性が吹っ飛ぶセクハラエロ天国～セクハラされまくりの働く女たち4時間～,TAAB-001 理性が吹っ飛ぶセクハラエロ天国～セクハラされまくりの働く女たち4時間～,TAAB-001,,2017-06-25,242分鐘,渡辺琢斗,AVScollector’s,AVSCollector’s,,其他戀物癖、合集、連褲襪、高畫質、DMM獨家,北条麻妃、AIKA、KAORI、佐々木あき、二階堂ゆり,https://www.javbus.com/TAAB-001,
XRW-329 レイプ拷問 邪犯,XRW-329 レイプ拷問 邪犯,XRW-329,,2017-06-23,140分鐘,ディラン富増,レアルワークス,REAL（レアルワークス）,,藥物、紧缚、花癡、拘束、粗暴、高畫質、折磨,北条麻妃、神波多一花、森沢かな（飯岡かなこ）、藤井凛、花咲いあん、神納花,https://www.javbus.com/XRW-329,
FMR-59 スペシャル美熟女コレクション図鑑Vol.2,FMR-59 スペシャル美熟女コレクション図鑑Vol.2,FMR-59,,2017-06-18,240分鐘,,ルビー,琥珀,スペシャル美熟女コレクション図鑑,成熟的女人、4小時以上作品、巨尻、巨乳、DMM獨家,風間ゆみ、友崎亜希、紫彩乃、村上涼子（中村りかこ、黒木菜穂）、翔田千里、志村玲子、北条麻妃、伊原詩織,https://www.javbus.com/FMR-59,
UMSO-145 見たかった所が見える 画期的エロプレイ！エアーセックス,UMSO-145 見たかった所が見える 画期的エロプレイ！エアーセックス,UMSO-145,,2017-06-09,123分鐘,あばしり一家,ケイ・エム・プロデュース,UMANAMI,,企畫、苗條、其他戀物癖、纪录片、乳房、高畫質,北条麻妃、卯水咲流、森沢かな（飯岡かなこ）、桃瀬ゆり、花咲いあん、神納花、九条さやか,https://www.javbus.com/UMSO-145,
OOMN-196 んぐっと咥えこむ密着吸引フェラチオ,OOMN-196 んぐっと咥えこむ密着吸引フェラチオ,OOMN-196,,2017-05-27,240分鐘,,ABC/妄想族,お母さん.com,,成熟的女人、苗條、母親、口交、合集、DMM獨家,川上ゆう（森野雫）、北条麻妃、艶堂しほり（遠藤しおり）、北川エリカ、一条綺美香、通野未帆、安野由美、武藤あやか、松井優子、今井真由美,https://www.javbus.com/OOMN-196,
MDB-786 セクシー女優たちの豪華共演作4時間BEST,MDB-786 セクシー女優たちの豪華共演作4時間BEST,MDB-786,,2017-05-26,241分鐘,K太郎,メディアステーション,BAZOOKA（バズーカ）,,濫交、合集、姐姐、4小時以上作品、高畫質、ハーレム、巨乳,波多野結衣、大槻ひびき、AIKA、佳苗るか、尾上若葉、長谷川夏樹、丸山れおな、佐々木あき、あず希、MIRANO、北川エリカ、森はるら、逢沢るる、花咲いあん、原ちとせ、星あんず、NOA、双葉ゆきな、阿部乃みく、三原ほのか、桜井彩、星井笑、吹石れな、跡美しゅり、幸田ユマ、向井藍、卯水咲流、水野朝陽、美咲かんな、麻里梨夏、澁谷果歩、浜崎真緒、なつめ愛莉、川上ゆう（森野雫）、推川ゆうり、篠田ゆう、あおいれな、宮崎あや、さくらみゆき、広瀬うみ、乙葉ななせ、蓮実クレア、北条麻妃、椎名そら,https://www.javbus.com/MDB-786,
AUKB-072 三穴淫交レズビアンBEST4時間,AUKB-072 三穴淫交レズビアンBEST4時間,AUKB-072,,2017-05-12,240分鐘,,U＆K,U＆K,,蕩婦、女同性戀、合集、各種職業、巨乳、DMM獨家,澤村レイコ（高坂保奈美、高坂ますみ）、北条麻妃、KAORI、小早川怜子、長澤都、浜崎真緒、片瀬仁美、柏木あづさ、今藤霧子、神納花、高倉梨奈、宮本紗央里、神乃いずみ、五十嵐しのぶ、内村りな、早川なお（柊かえで）、仁科りえ、井上綾子、一条リオン、美咲玲、久保田愛梨、加賀美シュナ、水嶋あい、仁美まどか、長谷川夏樹、生駒はるな、保坂えり、名城翠、北川エリカ,https://www.javbus.com/AUKB-072,
TSH-009 Body Stockings Loves 卑猥にくねるセクシーボディ,TSH-009 Body Stockings Loves 卑猥にくねるセクシーボディ,TSH-009,,2017-05-12,140分鐘,渡辺琢斗,AVScollector’s,琢斗,,苗條、連褲襪、戀腿癖、高畫質、DMM獨家,倉多まお、麻生希、通野未帆、逢沢るる、一条リオン、佐々木あき、向井藍、斉藤みゆ、二階堂ゆり、咲坂花恋、初美沙希、KAORI、水野朝陽、北条麻妃、夏樹まりな,https://www.javbus.com/TSH-009,
RVG-046 黒人の極太チ●ポに欲情する人妻BEST vol.1,RVG-046 黒人の極太チ●ポに欲情する人妻BEST vol.1,RVG-046,,2017-05-03,479分鐘,,グローリークエスト,GLORYQUEST,黒人の極太チ●ポに欲情する人妻,合集、已婚婦女、多P、4小時以上作品、高畫質、デカチン・巨根、黑人演員,北条麻妃、艶堂しほり（遠藤しおり）、松本まりな、浅井舞香、保坂えり、事原みゆ、篠田あゆみ、清水理紗、早乙女ありさ、華月さくら、有森涼（事原みゆ）,https://www.javbus.com/RVG-046,
DDT-555 首絞めハードFUCKベスト,DDT-555 首絞めハードFUCKベスト,DDT-555,,2017-04-16,253分鐘,,ドグマ,Dogma,,紧缚、合集、拘束、凌辱、4小時以上作品、DMM獨家,当真ゆき（桜井マミ）、かすみ果穂、北条麻妃、羽月希、愛内希、椎名ひかる、南梨央奈、柏木ゆり、原美織、桃瀬ゆり、萌雨らめ、樹花凜（七咲楓花）、希咲エマ（HARUKI、加藤はる希）、辻井ゆう、小西まりえ、有本紗世、杏今日花、あいかわ優衣、みづなれい（みずなれい）、川上ゆう（森野雫）,https://www.javbus.com/DDT-555,
BDA-031 縛り拷問 奴隷市場の宴 其ノ貮,BDA-031 縛り拷問 奴隷市場の宴 其ノ貮,BDA-031,,2017-04-16,240分鐘,あばしり一家,バミューダ/妄想族,バミューダ/妄想族,奴隷市場の宴,紧缚、性奴、拘束、DMM獨家,波多野結衣、初美沙希、仁美まどか、森沢かな（飯岡かなこ）、篠田あゆみ、三喜本のぞみ、飯島くうが、臼井さと美、吹石れな、今宮なな、かさいあみ、北条麻妃,https://www.javbus.com/BDA-031,
DFET-011 富裕層セレブ妻の変態メス汁が溢れ出る淫語オナニー 淫らな私の秘密をアナタだけに全部見せてあげるわ 4時間12名,DFET-011 富裕層セレブ妻の変態メス汁が溢れ出る淫語オナニー 淫らな私の秘密をアナタだけに全部見せてあげるわ 4時間12名,DFET-011,,2017-04-15,243分鐘,piana,プリモ,エロナンデス,,成熟的女人、其他戀物癖、已婚婦女、4小時以上作品、自慰,川上ゆう（森野雫）、澤村レイコ（高坂保奈美、高坂ますみ）、北条麻妃、横山みれい、結城みさ、波多野結衣、竹内紗里奈、冴島かおり、篠田あゆみ、広瀬奈々美（堀口奈津美）、小早川怜子、水沢真樹,https://www.javbus.com/DFET-011,
NASS-604 問答無用 自宅侵入6連鎖 生ハメ鬼突き！強制射精！ママ友レイプ,NASS-604 問答無用 自宅侵入6連鎖 生ハメ鬼突き！強制射精！ママ友レイプ,NASS-604,,2017-04-14,241分鐘,,なでしこ,Nadeshiko,,成熟的女人、已婚婦女、4小時以上作品、高畫質、出軌、戲劇,川上ゆう（森野雫）、翔田千里、松浦ユキ、北条麻妃、結城みさ、宇佐美なな,https://www.javbus.com/NASS-604,
HKD-106 お仕事熟女 CATVのチューナーの修理に行ったら お客さんが北条麻妃のAVを見ていて,HKD-106 お仕事熟女 CATVのチューナーの修理に行ったら お客さんが北条麻妃のAVを見ていて,HKD-106,,2017-04-03,100分鐘,海山輝一,ルビー,MAMARUBY,お仕事熟女,成熟的女人、各種職業、DMM獨家,北条麻妃、岡田智恵子、桜木ゆか,https://www.javbus.com/HKD-106,
PSSD-404 催眠［失神］selection1,PSSD-404 催眠［失神］selection1,PSSD-404,,2017-03-31,144分鐘,,アウダースジャパン,AUDAZ,,合集、纪录片、催眠、內衣,小辻もえ、北条麻妃、成瀬心美（ここみ）、吉沢みなみ、森元あすか,https://www.javbus.com/PSSD-404,
EMBZ-129 美熟女の汗だく汁だく本気オナニー！オナニー！！オナニー！！！,EMBZ-129 美熟女の汗だく汁だく本気オナニー！オナニー！！オナニー！！！,EMBZ-129,,2017-03-31,123分鐘,,熟女塾/エマニエル,熟女塾,,成熟的女人、其他戀物癖、汗だく、DMM獨家、自慰,翔田千里、北条麻妃、中島あいり、天野小雪、京野結衣、片瀬仁美、竹内れい子、南澤ゆりえ、希佳苗、三喜本のぞみ,https://www.javbus.com/EMBZ-129,
ABCB-016 殿堂入り 珠玉の筆おろし,ABCB-016 殿堂入り 珠玉の筆おろし,ABCB-016,,2017-03-30,240分鐘,,ABC/妄想族,ABC,,成熟的女人、母親、合集、數位馬賽克、巨乳、DMM獨家,風間ゆみ、川上ゆう（森野雫）、澤村レイコ（高坂保奈美、高坂ますみ）、北条麻妃、三浦恵理子、安野由美、武藤あやか、吹石れな、今井真由美、九条さやか,https://www.javbus.com/ABCB-016,
MCSR-247R ★配信限定特典付★30th BIGMORKAL 中出しお義母さんが教えてあげる ANNIVERSARY EDITION 8時間,MCSR-247R ★配信限定特典付★30th BIGMORKAL 中出しお義母さんが教えてあげる ANNIVERSARY EDITION 8時間,MCSR-247R,,2017-03-25,504分鐘,,ビッグモーカル,マスカット,中出しお義母さんが教えてあげる,成熟的女人、合集、已婚婦女、纪录片、中出、4小時以上作品、婆婆、高畫質,はるか悠、北条麻妃、中森玲子、華山美玲、伊織涼子、橘エレナ、小早川怜子、三浦恵理子、大橋ひとみ、篠田あゆみ,https://www.javbus.com/MCSR-247R,
XRW-291 媚薬緊縛レイプ,XRW-291 媚薬緊縛レイプ,XRW-291,,2017-03-24,140分鐘,ディラン富増,レアルワークス,REAL（レアルワークス）,,藥物、性奴、拘束、凌辱,北条麻妃、横山みれい、波多野結衣、初美沙希、佳苗るか、神納花,https://www.javbus.com/XRW-291,
DFET-009 パンスト完全着用！最後まで脱ぐわけがありません。マニアが泣いて喜ぶこだわりの美脚パンストオナニーCOLLECTION4時間12人,DFET-009 パンスト完全着用！最後まで脱ぐわけがありません。マニアが泣いて喜ぶこだわりの美脚パンストオナニーCOLLECTION4時間12人,DFET-009,,2017-03-17,241分鐘,,プリモ,エロナンデス,,連褲襪、戀腿癖、4小時以上作品、自慰,川上ゆう（森野雫）、北条麻妃、みづなれい（みずなれい）、波多野結衣、かすみりさ、小早川怜子、北川杏樹、瀧川花音、長谷川夏樹、篠田あゆみ、有村千佳、鈴原エミリ,https://www.javbus.com/DFET-009,
DFET-010 美魔女のねっとりとした絶品熟しゃぶり 粘着質なフェラチオに思わず大発射！4時間 12人,DFET-010 美魔女のねっとりとした絶品熟しゃぶり 粘着質なフェラチオに思わず大発射！4時間 12人,DFET-010,,2017-03-17,241分鐘,,プリモ,エロナンデス,,蕩婦、口交、其他戀物癖、4小時以上作品,川上ゆう（森野雫）、澤村レイコ（高坂保奈美、高坂ますみ）、北条麻妃、結城みさ、竹内紗里奈、かすみりさ、小早川怜子、冴島かおり、大場ゆい、篠田あゆみ、広瀬奈々美（堀口奈津美）、波多野結衣,https://www.javbus.com/DFET-010,
HYAS-075 グローバルメディア 熟女・人妻レイプ 100人8時間,HYAS-075 グローバルメディア 熟女・人妻レイプ 100人8時間,HYAS-075,,2017-03-10,482分鐘,,ケイ・エム・プロデュース,100人,100人8時間,成熟的女人、已婚婦女、4小時以上作品、高畫質、出軌、戲劇,青木玲、愛原さえ、青木美空、霧島ゆかり、黒沢那智、小泉真希、金城梨花、後藤あずさ、青山美咲、桐島綾子、風間ゆみ、綾瀬まな、有沢実紗、伊織涼子、五十嵐しのぶ、井川ゆい、樹花凜（七咲楓花）、大田ゆりか、高島恭子、内田美奈子、円城ひとみ、大堀香奈、笠木忍、折原ゆかり、音原恭子、宇佐美なな、尾島みゆき、杉原えり、浅井舞香、川上ゆう（森野雫）、石原貴子、音無かおり、佐々木恋海（向井恋）、高沢沙耶、冴島ゆかり、小早川怜子、さとう遥希、桐岡さつき、篠田あゆみ、春原未来、桃華マリエ、白鳥まみ、江波りゅう（RYU)、翔田千里、椎名ゆな、澤村レイコ（高坂保奈美、高坂ますみ）、白鳥寿美礼、管野しずか、北谷静香、北条麻妃、中園貴代美、広瀬奈々美（堀口奈津美）、時越芙美江、寺崎泉、橘エレナ、竹内紗里奈、滝川かのん、長谷川美紅、西川りおん、榊みほ、新山かえで、星咲優菜、中森玲子、藤田愛子、藤下梨花、平山こずえ、妃乃ひかり、瞳れい、羽月希、葉月奈穂（葉月菜穂）、紫彩乃、夢野まりあ、優木明日花、宮前幸恵、みづなれい（みずなれい）、松本まりな、松下美香、松浦ユキ、本庄瞳、中島あいり、元山はるか、沢村麻耶、今亜理紗、村上涼子（中村りかこ、黒木菜穂）、吉永静子、結城みさ、百合川さら、山河ほたる、矢部寿恵、矢部温子、細川まり、星野あかり、横山みれい、七海ひさ代、柳田やよい、加山なつこ,https://www.javbus.com/HYAS-075,
KMDS-20372 破廉恥Tバックのおばさん むっちりデカ尻40人8時間,KMDS-20372 破廉恥Tバックのおばさん むっちりデカ尻40人8時間,KMDS-20372,,2017-02-28,482分鐘,,カマタ映像,弁天,,成熟的女人、其他戀物癖、連褲襪、4小時以上作品、巨尻、內衣,城エレン、北条麻妃、浅倉彩音、加山なつこ、松本まりな、小早川怜子,https://www.javbus.com/KMDS-20372,
OOMN-194 女を欲情させる日本家屋の美 和室濃厚SEX,OOMN-194 女を欲情させる日本家屋の美 和室濃厚SEX,OOMN-194,,2017-02-26,240分鐘,,ABC/妄想族,お母さん.com/ABC,,成熟的女人、合集、數位馬賽克、女上位、DMM獨家,川上ゆう（森野雫）、北条麻妃、大槻ひびき、北川エリカ、神ユキ、上原花恋、桜井あゆ、水野朝陽、安野由美、篠田あゆみ,https://www.javbus.com/OOMN-194,
MCSR-243 ★配信限定特典付★30th BIGMORKAL 中出し人妻不倫旅行 ANNIVERSARY EDITION 8時間,MCSR-243 ★配信限定特典付★30th BIGMORKAL 中出し人妻不倫旅行 ANNIVERSARY EDITION 8時間,MCSR-243,,2017-02-25,502分鐘,,ビッグモーカル,マスカット,中出し人妻不倫旅行,合集、已婚婦女、纪录片、通姦、中出、4小時以上作品、高畫質,望月加奈（松沢真理）、北島玲、北条麻妃、有沢りさ、小出遥、長澤あずさ、篠田ゆう、真木今日子、北川エリカ、倉多まお,https://www.javbus.com/MCSR-243,
KOOB-003 S＆M 女神淫虐 4時間BEST COLLECTION,KOOB-003 S＆M 女神淫虐 4時間BEST COLLECTION,KOOB-003,,2017-02-24,239分鐘,,AVScollector’s,AVSCollector’s,S＆M女神淫虐,紧缚、合集、性奴、4小時以上作品、DMM獨家,風間ゆみ、北条麻妃、碧しの（篠めぐみ）,https://www.javbus.com/KOOB-003,
CRMN-127 パンスト美脚の足コキで死ぬほどイカされたい！4時間12人,CRMN-127 パンスト美脚の足コキで死ぬほどイカされたい！4時間12人,CRMN-127,,2017-02-24,240分鐘,,痴ロモン/妄想族,痴ロモン/妄想族,,其他戀物癖、連褲襪、足交、DMM獨家,川上ゆう（森野雫）、澤村レイコ（高坂保奈美、高坂ますみ）、北条麻妃、友田彩也香、波多野結衣、大槻ひびき、かすみりさ、北川エリカ、小早川怜子、瀧川花音、夏目優希、雨宮琴音,https://www.javbus.com/CRMN-127,
DFET-007 愛汁まみれの淫乱マ○コをぱっくり見せつけ淫語を連発しながら誘惑してくるオナニー【メス発情してフェロモン出まくりのお姉さま限定】 4時間 12人,DFET-007 愛汁まみれの淫乱マ○コをぱっくり見せつけ淫語を連発しながら誘惑してくるオナニー【メス発情してフェロモン出まくりのお姉さま限定】 4時間 12人,DFET-007,,2017-02-22,242分鐘,,プリモ,エロナンデス,,蕩婦、其他戀物癖、淫語、姐姐、4小時以上作品、高畫質、自慰,北条麻妃、みづなれい（みずなれい）、かすみりさ、小早川怜子、蓮実クレア、桜井あゆ、浜崎真緒、大場ゆい、広瀬奈々美（堀口奈津美）、香山美桜、篠田あゆみ、松岡セイラ,https://www.javbus.com/DFET-007,
DDT-549 いやらしい体を持て余す変態熟女ベスト,DDT-549 いやらしい体を持て余す変態熟女ベスト,DDT-549,,2017-02-19,250分鐘,,ドグマ,Dogma,,成熟的女人、合集、4小時以上作品、DMM獨家,川上ゆう（森野雫）、翔田千里、澤村レイコ（高坂保奈美、高坂ますみ）、艶堂しほり（遠藤しおり）、森下さくら（村上涼子、雨宮加奈、森下遥）、KAORI、篠田あゆみ、桃瀬ゆり、吹石れな、柳あきら、北条麻妃、小早川怜子、風間ゆみ、結城みさ,https://www.javbus.com/DDT-549,
VERO-061 美しいママの淫ら剛毛 20人4時間,VERO-061 美しいママの淫ら剛毛 20人4時間,VERO-061,,2017-02-19,240分鐘,,VENUS,女神（ヴィーナス）,,成熟的女人、其他戀物癖、合集、已婚婦女、4小時以上作品、DMM獨家,矢部寿恵、艶堂しほり（遠藤しおり）、北条麻妃、笹山希,https://www.javbus.com/VERO-061,
OOMN-192 美女の誘惑 勃起乳首SEX,OOMN-192 美女の誘惑 勃起乳首SEX,OOMN-192,,2017-02-18,240分鐘,,ABC/妄想族,お母さん.com/ABC,,合集、戀乳癖、數位馬賽克、女上位、巨乳、DMM獨家,風間ゆみ、澤村レイコ（高坂保奈美、高坂ますみ）、北条麻妃、艶堂しほり（遠藤しおり）、神ユキ、上原花恋、神波多一花、林ゆな、武藤あやか、吹石れな,https://www.javbus.com/OOMN-192,
UMSO-128 媚薬近親相姦 03 姉さんと娘を極秘ルートで入手したバイアグラを飲ませてイヤらしい身体を身動き出来なくして犯してしまった…,UMSO-128 媚薬近親相姦 03 姉さんと娘を極秘ルートで入手したバイアグラを飲ませてイヤらしい身体を身動き出来なくして犯してしまった…,UMSO-128,,2017-02-10,139分鐘,ディラン富増,ケイ・エム・プロデュース,UMANAMI,媚薬近親相姦,藥物、亂倫、姐妹、中出、高畫質、巨乳,北条麻妃、篠田あゆみ、神納花、宮沢すず,https://www.javbus.com/UMSO-128,
NASS-576 陵辱鬼に狙われた6人の美白ママ友たち,NASS-576 陵辱鬼に狙われた6人の美白ママ友たち,NASS-576,,2017-02-10,240分鐘,,なでしこ,Nadeshiko,,成熟的女人、已婚婦女、4小時以上作品、高畫質、出軌、戲劇,村上涼子（中村りかこ、黒木菜穂）、翔田千里、澤村レイコ（高坂保奈美、高坂ますみ）、北条麻妃、管野しずか、水沢真樹,https://www.javbus.com/NASS-576,
SDDE-477 淫熟シェアハウスへようこそ,SDDE-477 淫熟シェアハウスへようこそ,SDDE-477,,2017-02-02,154分鐘,イージー松本,SODクリエイト,SENZ,,企畫、成熟的女人、中出、高畫質、ハーレム、巨乳,北条麻妃、伊織涼子、三島奈津子、彩奈リナ（七原あかり）、小出亜衣子,https://www.javbus.com/SDDE-477,
KMDS-20369 カマタ映像BESTSELECTION 熟女に射精する瞬間！ 中出し 顔射 ぶっかけ35人8時間,KMDS-20369 カマタ映像BESTSELECTION 熟女に射精する瞬間！ 中出し 顔射 ぶっかけ35人8時間,KMDS-20369,,2017-01-31,481分鐘,,カマタ映像,弁天,,成熟的女人、玩具、已婚婦女、中出、4小時以上作品、立即口交,牧原れい子、千堂マリア、北条麻妃、奥村瞳、結城恋,https://www.javbus.com/KMDS-20369,
GIGL-351 絶倫オヤジのねちっこいSEX！！2,GIGL-351 絶倫オヤジのねちっこいSEX！！2,GIGL-351,,2017-01-27,140分鐘,金子二郎,GIGOLO（ジゴロ）,GIGOLO,絶倫オヤジのねちっこいSEX！！,成熟的女人、已婚婦女、中出、高畫質、出軌,桐岡さつき、川上ゆう（森野雫）、北条麻妃、日向あいり,https://www.javbus.com/GIGL-351,
NASS-570 一泊二日の温泉旅行で羞恥漬けにされる「いいなり」不倫妻。見知らぬ客たちの視線にオマ○コを疼かせてる彼女に辛抱たまらず中出ししちゃいました！2,NASS-570 一泊二日の温泉旅行で羞恥漬けにされる「いいなり」不倫妻。見知らぬ客たちの視線にオマ○コを疼かせてる彼女に辛抱たまらず中出ししちゃいました！2,NASS-570,,2017-01-27,130分鐘,チチシャブルノスキー,なでしこ,Nadeshiko,一泊二日の温泉旅行で羞恥漬けにされる「いいなり」不倫妻,和服・喪服、野外・露出、已婚婦女、通姦、凌辱、羞恥、高畫質、温泉、巨乳,横山みれい、澤村レイコ（高坂保奈美、高坂ますみ）、北条麻妃、小早川怜子、神崎久美,https://www.javbus.com/NASS-570,
OKAX-181 優しく微笑みながら膨れあがった股間をじっくりほぐしてくれる！完全ヌキありメンズエステ 4時間,OKAX-181 優しく微笑みながら膨れあがった股間をじっくりほぐしてくれる！完全ヌキありメンズエステ 4時間,OKAX-181,,2017-01-27,241分鐘,,ケイ・エム・プロデュース,おかず。,,蕩婦、4小時以上作品、美容院、按摩,北条麻妃、愛音まひろ、友田彩也香、篠原杏、前田優希、百瀬乃々花、近藤綾奈、美山ゆず、尾島みゆき、広瀬奈々美（堀口奈津美）,https://www.javbus.com/OKAX-181,
XRW-263 媚縛潜入捜査官03 拘束されて生き恥を晒す凄腕の女…,XRW-263 媚縛潜入捜査官03 拘束されて生き恥を晒す凄腕の女…,XRW-263,,2017-01-27,130分鐘,ディラン富増,レアルワークス,REAL（レアルワークス）,媚縛潜入捜査官,藥物、紧缚、監禁、制服、女檢察官、高畫質、戲劇、立即口交,北条麻妃、仁美まどか、篠田あゆみ、飯島くうが,https://www.javbus.com/XRW-263,
KOSK-018 人妻不倫発情期,KOSK-018 人妻不倫発情期,KOSK-018,,2017-01-22,155分鐘,好色男,好色一代/妄想族,好色一代/妄想族,,蕩婦、已婚婦女、通姦、DMM獨家,つぼみ、北条麻妃、大島あいる、綾瀬みなみ,https://www.javbus.com/KOSK-018,
SDDE-473 淫欲ママのセックス面談～熟したカラダで新米教師を誘惑する5人のママたち～,SDDE-473 淫欲ママのセックス面談～熟したカラダで新米教師を誘惑する5人のママたち～,SDDE-473,,2017-01-19,191分鐘,大村大,SODクリエイト,SENZ,,企畫、母親、已婚婦女、花癡、多P、高畫質、巨乳,北条麻妃、安野由美、今藤霧子、三島奈津子,https://www.javbus.com/SDDE-473,
OOMN-190 美熟女たちの“凄”フェラ,OOMN-190 美熟女たちの“凄”フェラ,OOMN-190,,2017-01-15,240分鐘,,ABC/妄想族,お母さん.com/ABC,,成熟的女人、母親、口交、合集、已婚婦女、DMM獨家,風間ゆみ、青木玲、川上ゆう（森野雫）、北条麻妃、北川エリカ、小早川怜子、三浦恵理子、安野由美、武藤あやか、吹石れな,https://www.javbus.com/OOMN-190,
ONGP-093 セックスなんていらない！ 全裸強要生活 じっくり見れる裸,ONGP-093 セックスなんていらない！ 全裸強要生活 じっくり見れる裸,ONGP-093,,2017-01-13,118分鐘,あばしり一家,バミューダ,Onafes（オナフェス）2017,,蕩婦、成熟的女人、其他戀物癖、高畫質、巨乳,北条麻妃、波多野結衣、小百合、吹石れな、神納花,https://www.javbus.com/ONGP-093,
SDDE-471 『えっ？僕が10，000人目の客！？記念サービスがある！？』人妻デリヘルを頼んだら、偶然、トップキャスト5名が来ることになってしまったら貴方はどうしますか？,SDDE-471 『えっ？僕が10，000人目の客！？記念サービスがある！？』人妻デリヘルを頼んだら、偶然、トップキャスト5名が来ることになってしまったら貴方はどうしますか？,SDDE-471,,2017-01-06,96分鐘,木村真也,SODクリエイト,SENZ,,企畫、成熟的女人、妓女、已婚婦女、高畫質、M男、ハーレム,伊織涼子、北条麻妃、安野由美、彩奈リナ、小出亜衣子,https://www.javbus.com/SDDE-471,
KUSR-025 媚薬中出し近親相姦 姉、妹、母親、娘をレイプ 4時間,KUSR-025 媚薬中出し近親相姦 姉、妹、母親、娘をレイプ 4時間,KUSR-025,,2016-12-25,239分鐘,菊の助,ビッグモーカル,九龍（ビッグモーカル）,,母親、藥物、亂倫、姐妹、中出、4小時以上作品、高畫質,北条麻妃、波多野結衣、仁美まどか、神波多一花、篠田あゆみ、宮沢すず,https://www.javbus.com/KUSR-025,
GWAZ-087 私のオナニー見て！5時間20分 ドスケベ不貞妻の肉ビラとマン汁にフル勃起！！,GWAZ-087 私のオナニー見て！5時間20分 ドスケベ不貞妻の肉ビラとマン汁にフル勃起！！,GWAZ-087,,2016-12-25,322分鐘,,ジャネス,MANIAプレイ,,成熟的女人、其他戀物癖、已婚婦女、4小時以上作品、高畫質、自慰、局部特寫,村上涼子（中村りかこ、黒木菜穂）、澤村レイコ（高坂保奈美、高坂ますみ）、北条麻妃、友田彩也香、水澤まお（永沢まおみ）、宮間葵、神崎久美、松嶋友里恵、篠宮ゆり、広瀬奈々美（堀口奈津美）,https://www.javbus.com/GWAZ-087,
NASS-554 DX20シーン4時間 人妻は夫が隣にいるのに寝取られるスリルにオマ○コが疼きすぎて俺のチ○コを欲しがるので辛抱たまらん！！,NASS-554 DX20シーン4時間 人妻は夫が隣にいるのに寝取られるスリルにオマ○コが疼きすぎて俺のチ○コを欲しがるので辛抱たまらん！！,NASS-554,,2016-12-23,241分鐘,GA-SU,なでしこ,Nadeshiko,人妻は夫が隣にいるのに寝取られるスリルにオマ●コが疼きすぎて俺のチ●コを欲しがるので辛抱たまらん！！,蕩婦、成熟的女人、合集、已婚婦女、4小時以上作品、高畫質、出軌,澤村レイコ（高坂保奈美、高坂ますみ）、北条麻妃、寺崎泉、小早川怜子、三喜本のぞみ,https://www.javbus.com/NASS-554,
DFET-004 膣内射精ゾッコン派！淫語で誘う美人妻の中出しおねだりSEX4時間12人,DFET-004 膣内射精ゾッコン派！淫語で誘う美人妻の中出しおねだりSEX4時間12人,DFET-004,,2016-12-21,241分鐘,,プリモ,エロナンデス,,蕩婦、淫語、已婚婦女、中出、女上位、4小時以上作品、內衣,澤村レイコ（高坂保奈美、高坂ますみ）、北条麻妃、すみれ（東尾真子）、岩佐あゆみ、かすみりさ、小早川怜子、冴島かおり、大場ゆい、篠田あゆみ、広瀬奈々美（堀口奈津美）、川上ゆう（森野雫）、波多野結衣,https://www.javbus.com/DFET-004,
LZBS-024 レズれ！2016年間プレミアムベスト 女と女のイカセ合い10時間SP,LZBS-024 レズれ！2016年間プレミアムベスト 女と女のイカセ合い10時間SP,LZBS-024,,2016-12-18,600分鐘,,レズれ！,レズれ！ベスト,レズれ！年間プレミアムベスト,女同性戀、合集、花癡、4小時以上作品、女同接吻、高畫質、DMM獨家,北条麻妃、ERIKA（モカ、MOKA）、波多野結衣、上原亜衣、音無かおり、原千草、宮部涼花、篠田あゆみ、佐々木あき、吹石れな、牧村ひな、篠田ゆう、松本メイ、神ユキ、森沢かな（飯岡かなこ）、愛原さえ、真咲南朋（楓モモ、安藤なつ妃）、月島ななこ、麻里梨夏、朝倉ことみ、水原さな、初美沙希、神納花、優姫ひかり、埴生みこ、藤本紫媛、武藤つぐみ、朝桐光、涼川絢音、なつめ愛莉、なごみ、川上ゆう（森野雫）、北川エリカ、水野朝陽、春原未来、大槻ひびき、蓮実クレア、たかせ由奈、碧しの（篠めぐみ）、加藤ツバキ（夏樹カオル）、内村りな、池端真実、南星愛、友田彩也香、桜井あゆ、夏目優希、土屋あさみ、上野菜穂、紗藤まゆ、陽木かれん、椎名そら,https://www.javbus.com/LZBS-024,
ASFB-233 もっこり食い込みレオタード 4時間 BEST,ASFB-233 もっこり食い込みレオタード 4時間 BEST,ASFB-233,,2016-12-18,240分鐘,,FetishBox/妄想族,FetishBox/妄想族,もっこり食い込み○○レオタード,其他戀物癖、合集、緊身衣、DMM獨家,澤村レイコ（高坂保奈美、高坂ますみ）、北条麻妃、みづなれい（みずなれい）、かすみりさ、大場ゆい、松岡セイラ、篠田あゆみ、香山美桜,https://www.javbus.com/ASFB-233,
MUJG-001 MUGON ANNEX 2016 生姦・中出し総集編,MUJG-001 MUGON ANNEX 2016 生姦・中出し総集編,MUJG-001,,2016-12-11,244分鐘,,ANNEX（無言）/HERO,MUJG,,合集、已婚婦女、中出、4小時以上作品、高畫質、出軌、DMM獨家,風間ゆみ、かすみ果穂、北条麻妃、丘咲エミリ、尾上若葉、成宮いろは、佐々木あき、向井藍、あおいれな、吹石れな、円城ひとみ、原ちとせ、新山沙弥、井上綾子、七草ちとせ、武藤あやか、彩奈リナ（七原あかり）、水元恵梨香、大橋ひとみ、卯水咲流,https://www.javbus.com/MUJG-001,
VAGU-168 隣の奥さんは連続絶頂ランジェリーナ 総集編 11人4時間,VAGU-168 隣の奥さんは連続絶頂ランジェリーナ 総集編 11人4時間,VAGU-168,,2016-12-11,240分鐘,,VENUS,ULTIMA,連続絶頂ランジェリーナ,成熟的女人、合集、已婚婦女、4小時以上作品、DMM獨家、內衣,風間ゆみ、翔田千里、澤村レイコ（高坂保奈美、高坂ますみ）、北条麻妃、初美沙希、吉川あいみ、谷原希美、羽田璃子、小川桜、吹石れな、水野朝陽,https://www.javbus.com/VAGU-168,
DJSH-048 親愛なるフェラチオ夫人 濃厚でねっとりとした美人妻おしゃぶり 4時間,DJSH-048 親愛なるフェラチオ夫人 濃厚でねっとりとした美人妻おしゃぶり 4時間,DJSH-048,,2016-12-11,240分鐘,,ジャネス,艶女,,蕩婦、成熟的女人、口交、已婚婦女、4小時以上作品,澤村レイコ（高坂保奈美、高坂ますみ）、北条麻妃、波多野結衣、小早川怜子、篠田あゆみ、広瀬奈々美（堀口奈津美）,https://www.javbus.com/DJSH-048,
DBR-92 2016年RUBY年鑑 第二期（2016.01～03）,DBR-92 2016年RUBY年鑑 第二期（2016.01～03）,DBR-92,,2016-12-04,480分鐘,,ルビー,RUBY,ルビー年鑑,成熟的女人、合集、4小時以上作品、DMM獨家,赤坂ルナ、北条麻妃、松坂美紀、竹内梨恵,https://www.javbus.com/DBR-92,
DBR-93 2016年RUBY年鑑 第三期（2016.04～06）,DBR-93 2016年RUBY年鑑 第三期（2016.04～06）,DBR-93,,2016-12-04,480分鐘,,ルビー,RUBY,ルビー年鑑,成熟的女人、合集、4小時以上作品、DMM獨家,澤村レイコ（高坂保奈美、高坂ますみ）、北条麻妃、円城ひとみ、竹内梨恵,https://www.javbus.com/DBR-93,
DBR-94 2016年RUBY年鑑 第四期（2016.07～09）,DBR-94 2016年RUBY年鑑 第四期（2016.07～09）,DBR-94,,2016-12-04,480分鐘,,ルビー,RUBY,ルビー年鑑,成熟的女人、合集、4小時以上作品、DMM獨家,川上ゆう（森野雫）、北条麻妃、浅井舞香、三浦恵理子、花岡よし乃,https://www.javbus.com/DBR-94,
ASFB-231 ちん潮スプラッシュ 男の潮吹きメガMAX 4時間,ASFB-231 ちん潮スプラッシュ 男の潮吹きメガMAX 4時間,ASFB-231,,2016-11-28,240分鐘,,FetishBox/妄想族,FetishBox/妄想族,,其他戀物癖、潮吹、4小時以上作品、DMM獨家,川上ゆう（森野雫）、北条麻妃、栗林里莉、結城みさ、北川エリカ、夏目優希、佳苗るか、小早川怜子、桜井あゆ、小西まりえ、友田彩也香、澤村レイコ（高坂保奈美、高坂ますみ）、大場ゆい,https://www.javbus.com/ASFB-231,
DMBK-054 最強の美尻プレッシャーがM男を襲うメガトン顔面騎乗 4時間,DMBK-054 最強の美尻プレッシャーがM男を襲うメガトン顔面騎乗 4時間,DMBK-054,,2016-11-27,243分鐘,,ジャネス,MAZOBOYSCLUB,,蕩婦、屁股、4小時以上作品、顏面騎乘、M男、巨尻,澤村レイコ（高坂保奈美、高坂ますみ）、北条麻妃、栗林里莉、竹内紗里奈、かすみりさ、神ユキ、上原花恋、桜井あゆ、佐々木恋海（向井恋）、篠田あゆみ,https://www.javbus.com/DMBK-054,
HOJ-307 見知らぬ男に痴漢レイプ！無防備な人妻にチ○ポを強引に咥えさせオマ○コに中出し！！ 3（3P編）,HOJ-307 見知らぬ男に痴漢レイプ！無防備な人妻にチ○ポを強引に咥えさせオマ○コに中出し！！ 3（3P編）,HOJ-307,,2016-11-23,115分鐘,,マニアゼロ,人妻倶楽部(ラハイナ東海),見知らぬ男に痴漢レイプ！,成熟的女人、已婚婦女、多P、性騷擾、高畫質,村上涼子（中村りかこ、黒木菜穂）、北条麻妃、神崎久美、松嶋友里恵、広瀬奈々美（堀口奈津美）,https://www.javbus.com/HOJ-307,
ASFB-228 賢者タイムなんて一切なし！どぴゅどぴゅザーメンが止まらない連続射精のエクスタシー PART2 4時間 Special,ASFB-228 賢者タイムなんて一切なし！どぴゅどぴゅザーメンが止まらない連続射精のエクスタシー PART2 4時間 Special,ASFB-228,,2016-11-18,240分鐘,,FetishBox/妄想族,FetishBox/妄想族,賢者タイムなんて一切なし！,蕩婦、濫交、其他戀物癖、DMM獨家,川上ゆう（森野雫）、澤村レイコ（高坂保奈美、高坂ますみ）、北条麻妃、みづなれい（みずなれい）、栗林里莉、波多野結衣、神ユキ、北川杏樹、桜井あゆ、篠田あゆみ、佳苗るか、星咲優菜,https://www.javbus.com/ASFB-228,
JAMC-015 オナニーで挑発する人妻210分 突然、目の前でエロ熟女がオマ○コ丸出しで激イキ！糸引くマン汁を指に絡ませてズボズボピストン！！,JAMC-015 オナニーで挑発する人妻210分 突然、目の前でエロ熟女がオマ○コ丸出しで激イキ！糸引くマン汁を指に絡ませてズボズボピストン！！,JAMC-015,,2016-11-18,210分鐘,,スタイルアート/妄想族,スタイルアートjam/妄想族,,蕩婦、成熟的女人、已婚婦女、DMM獨家、自慰,澤村レイコ（高坂保奈美、高坂ますみ）、北条麻妃、小早川怜子、神崎久美、松嶋友里恵、広瀬奈々美（堀口奈津美）,https://www.javbus.com/JAMC-015,
BDA-023 驚愕のウエット＆メッシー映像！！汚し大全集12人240分スペシャル,BDA-023 驚愕のウエット＆メッシー映像！！汚し大全集12人240分スペシャル,BDA-023,,2016-11-18,240分鐘,あばしり一家,バミューダ/妄想族,バミューダ/妄想族,,其他戀物癖、性奴、凌辱、4小時以上作品、顏射、DMM獨家,Maika（MEW）、加藤ツバキ（夏樹カオル）、北条麻妃、佳苗るか、篠宮ゆり、保坂えり、神波多一花、阿部乃みく、篠田あゆみ、香山美桜、希咲あや、波多野結衣,https://www.javbus.com/BDA-023,
SVS-054 『パンスト・ノーパン』マニアが選んだ厳選どエロ女BEST10！,SVS-054 『パンスト・ノーパン』マニアが選んだ厳選どエロ女BEST10！,SVS-054,,2016-11-13,240分鐘,,AVScollector’s,AVS,,成熟的女人、合集、連褲襪、4小時以上作品、DMM獨家,風間ゆみ、川上ゆう（森野雫）、北条麻妃、篠原奈美、波多野結衣、杏美月、KAORI、音無かおり、高橋美緒、水野朝陽,https://www.javbus.com/SVS-054,
CRMN-111 ガクガクぷるぷる立ちオナニー,CRMN-111 ガクガクぷるぷる立ちオナニー,CRMN-111,,2016-11-13,140分鐘,,痴ロモン/妄想族,痴ロモン/妄想族,,其他戀物癖、潮吹、DMM獨家、自慰,川上ゆう（森野雫）、北条麻妃、かすみりさ、神ユキ、上原花恋、篠田あゆみ、鈴原エミリ、香山美桜,https://www.javbus.com/CRMN-111,
MDB-731 仲良しカップルが挑戦！！目隠し状態で彼女とAV女優、どちらが本物の彼女なのか当ててみて！！AV女優のテクニックにいつも以上に勃起してしまった彼氏は彼女の目の前で中出し！！,MDB-731 仲良しカップルが挑戦！！目隠し状態で彼女とAV女優、どちらが本物の彼女なのか当ててみて！！AV女優のテクニックにいつも以上に勃起してしまった彼氏は彼女の目の前で中出し！！,MDB-731,,2016-11-11,150分鐘,こあら太郎（わ）,メディアステーション,BAZOOKA（バズーカ）,,蕩婦、企畫、姐姐、中出、高畫質、立即口交,川上ゆう（森野雫）、北条麻妃、水野朝陽,https://www.javbus.com/MDB-731,
AP-361 スカート巾着拘束固定媚薬バイブ痴漢バス,AP-361 スカート巾着拘束固定媚薬バイブ痴漢バス,AP-361,,2016-11-04,195分鐘,クニオカ,アパッチ,アパッチ（HHHグループ）,スカート巾着固定媚薬バイブ痴漢,藥物、已婚婦女、性騷擾、中出、DMM獨家,加藤ツバキ（夏樹カオル）、北条麻妃、加納綾子、佳苗るか、西条沙羅,https://www.javbus.com/AP-361,
JFB-150 犯されているのに感じてしまう肉感美女達の強制絶頂BEST8時間,JFB-150 犯されているのに感じてしまう肉感美女達の強制絶頂BEST8時間,JFB-150,,2016-11-03,480分鐘,,Fitch,Fitch,,合集、數位馬賽克、性奴、羞恥、中出、巨乳、DMM獨家,葉月奈穂（葉月菜穂）、中居ちはる、柴咲ゆうり、上原亜衣、杏美月、高橋美緒、吉澤留美、吉川あいみ、橘優花、井上瞳、七草ちとせ、風音りん、塚田詩織、桜咲ひな、北嶋あん、市来美保、中村知恵、星野千紗、成瀬心美（ここみ）、綾川まどか、松本メイ、清塚那奈、美波瀬奈、澁谷果歩、本田莉子、音無かおり、青山菜々、篠田あゆみ、三好亜矢、寺島志保、大場ゆい、波多野結衣、石川しずか、遥めぐみ、加山なつこ、都盛星空、松坂美紀、黒瀬萌衣、織田真子、美月あおい、北条麻妃、卯水咲流、菅野さゆき,https://www.javbus.com/JFB-150,
MHSO-008 ホッパンデニム美巨尻（；´Д｀）顔面騎乗,MHSO-008 ホッパンデニム美巨尻（；´Д｀）顔面騎乗,MHSO-008,,2016-10-31,178分鐘,宮本小次郎,MARRION,IRIS,,玩具、潮吹、屁股、高畫質、顏面騎乘,村上涼子（中村りかこ、黒木菜穂）、北条麻妃、上原亜衣、黒木いちか（東条かれん）、武井麻希、竹内紗里奈、木村つな,https://www.javbus.com/MHSO-008,
EMBZ-120 熟女の匂い立つ足裏 艶熟フェチ画報 「究極フェチズム館」,EMBZ-120 熟女の匂い立つ足裏 艶熟フェチ画報 「究極フェチズム館」,EMBZ-120,,2016-10-30,250分鐘,,熟女塾/エマニエル,熟女塾,艶熟フェチ画報,成熟的女人、其他戀物癖、連褲襪、戀腿癖、足交、DMM獨家,風間ゆみ、翔田千里、澤村レイコ（高坂保奈美、高坂ますみ）、北条麻妃、若林美保、神崎久美、真弓あずさ、松岡みれい、谷原ゆき,https://www.javbus.com/EMBZ-120,
DJSI-078 美熟女のしっぽり生搾り手コキ 4時間,DJSI-078 美熟女のしっぽり生搾り手コキ 4時間,DJSI-078,,2016-10-30,243分鐘,,ジャネス,艶女,,成熟的女人、淫語、4小時以上作品、主觀視角、キス・接吻、打手槍,川上ゆう（森野雫）、北条麻妃、結城みさ、竹内紗里奈、小早川怜子、北川杏樹、冴島かおり、大場ゆい、佐々木恋海（向井恋）、篠田あゆみ,https://www.javbus.com/DJSI-078,
NASS-525 夫の隣で寝取らせた不倫妻 チ○ポを激ピストンで突っ込まれ、声を抑えながらイキまくる奥様たち 極限のスリルに熟したオマ○コもびっしょり濡れまくり！！,NASS-525 夫の隣で寝取らせた不倫妻 チ○ポを激ピストンで突っ込まれ、声を抑えながらイキまくる奥様たち 極限のスリルに熟したオマ○コもびっしょり濡れまくり！！,NASS-525,,2016-10-28,124分鐘,GA-SU,なでしこ,Nadeshiko,,成熟的女人、通姦、高畫質、出軌,澤村レイコ（高坂保奈美、高坂ますみ）、北条麻妃、寺崎泉、小早川怜子、三喜本のぞみ,https://www.javbus.com/NASS-525,
ABBA-319 年上の女性の味を僕に教えてくれたクラスメートの母～おばさん好みの大人の男にして下さい～ 30人8時間,ABBA-319 年上の女性の味を僕に教えてくれたクラスメートの母～おばさん好みの大人の男にして下さい～ 30人8時間,ABBA-319,,2016-10-27,486分鐘,,センタービレッジ,センタービレッジ,,成熟的女人、合集、已婚婦女、4小時以上作品、高畫質、內衣,澤村レイコ（高坂保奈美、高坂ますみ）、北条麻妃、高倉梨奈、笹山希、南條れいな,https://www.javbus.com/ABBA-319,
MHSO-006 尻責め尻ハメ！！美尻交尾 Vol.2,MHSO-006 尻責め尻ハメ！！美尻交尾 Vol.2,MHSO-006,,2016-10-27,154分鐘,宮本小次郎,MARRION,IRIS,尻責め尻ハメ！！美尻交尾,屁股、女上位、高畫質、顏射,小坂めぐる、北条麻妃、桐岡さつき、黒木いちか（東条かれん）、AIKA,https://www.javbus.com/MHSO-006,
OOMN-182 熟女のピンと固く尖った美しいピンク乳首厳選集,OOMN-182 熟女のピンと固く尖った美しいピンク乳首厳選集,OOMN-182,,2016-10-15,240分鐘,,ABC/妄想族,お母さん.com/ABC,,成熟的女人、合集、已婚婦女、數位馬賽克、女上位、DMM獨家,風間ゆみ、川上ゆう（森野雫）、北条麻妃、山本美和子、水野朝陽、市来美保、林ゆな、篠田あゆみ、中山理莉、高山えみり,https://www.javbus.com/OOMN-182,
MDB-724 もしもデカちんの僕が中出し過剰サービスで噂の人妻麻雀クラブで働いたら… 澁谷果歩 篠田ゆう 川上ゆう 北条麻妃,MDB-724 もしもデカちんの僕が中出し過剰サービスで噂の人妻麻雀クラブで働いたら… 澁谷果歩 篠田ゆう 川上ゆう 北条麻妃,MDB-724,,2016-10-14,120分鐘,大崎広浩治,メディアステーション,BAZOOKA（バズーカ）,もしも巨チンの僕が○○で働いたら,企畫、各種職業、乳房、中出、高畫質,川上ゆう（森野雫）、北条麻妃、篠田ゆう、澁谷果歩,https://www.javbus.com/MDB-724,
AUKB-065 熟女レズ「卍:MANJI」BEST4時間 其の弐,AUKB-065 熟女レズ「卍:MANJI」BEST4時間 其の弐,AUKB-065,,2016-10-09,240分鐘,,U＆K,U＆K,「卍:MANJI」,成熟的女人、女同性戀、合集、已婚婦女、女同接吻、DMM獨家,矢部寿恵、真鍋あや、澤村レイコ（高坂保奈美、高坂ますみ）、北条麻妃、谷原ゆき、葵紫穂、松坂美紀、沢木えりか、早乙女ありさ、松坂亜矢子,https://www.javbus.com/AUKB-065,
CRMN-108 変態マ○コ大開脚！ビッチ脳が覚醒したパラノイア淫語オナニー 2,CRMN-108 変態マ○コ大開脚！ビッチ脳が覚醒したパラノイア淫語オナニー 2,CRMN-108,,2016-10-09,120分鐘,,痴ロモン/妄想族,痴ロモン/妄想族,ビッチ脳が覚醒したパラノイア淫語オナニー,其他戀物癖、淫語、DMM獨家、自慰,広瀬奈々美（堀口奈津美）、有村千佳、篠田あゆみ、北条麻妃、浜崎真緒、竹内紗里奈、北川杏樹,https://www.javbus.com/CRMN-108,
OOMN-180 美熟女痙攣種付け 膣内射精,OOMN-180 美熟女痙攣種付け 膣内射精,OOMN-180,,2016-09-29,240分鐘,,ABC/妄想族,お母さん.com/ABC,,成熟的女人、合集、數位馬賽克、中出、女上位、DMM獨家,風間ゆみ、川上ゆう（森野雫）、澤村レイコ（高坂保奈美、高坂ますみ）、北条麻妃、艶堂しほり（遠藤しおり）、三浦恵理子、安野由美、篠田あゆみ、武藤あやか、松井優子,https://www.javbus.com/OOMN-180,
OOMN-181 麗しき人妻の無防備チラリズム 50名 2,OOMN-181 麗しき人妻の無防備チラリズム 50名 2,OOMN-181,,2016-09-29,240分鐘,,ABC/妄想族,お母さん.com/ABC,麗しき人妻の無防備チラリズム,成熟的女人、母親、其他戀物癖、合集、數位馬賽克、DMM獨家,青木玲、川上ゆう（森野雫）、澤村レイコ（高坂保奈美、高坂ますみ）、北条麻妃、艶堂しほり（遠藤しおり）、神ユキ、神波多一花、千乃あずみ、篠田あゆみ、武藤あやか,https://www.javbus.com/OOMN-181,
CXAZ-048 ladies レズビアン 全16作品 PartIV 4時間,CXAZ-048 ladies レズビアン 全16作品 PartIV 4時間,CXAZ-048,,2016-09-25,241分鐘,,ジャネス,ladies,ladiesレズビアン,女同性戀、合集、已婚婦女、高畫質,川上ゆう（森野雫）、北条麻妃、友田彩也香、篠田ゆう、三浦まい、小早川怜子、佐伯春菜、広瀬奈々美（堀口奈津美）、月美弥生、三喜本のぞみ,https://www.javbus.com/CXAZ-048,
DJSI-077 いいのよ、私に生ハメ種付けしちゃって...。淫語で誘惑し膣内射精でイキ狂う美熟女たち,DJSI-077 いいのよ、私に生ハメ種付けしちゃって...。淫語で誘惑し膣内射精でイキ狂う美熟女たち,DJSI-077,,2016-09-25,121分鐘,,ジャネス,艶女,,蕩婦、成熟的女人、口交、緊身衣、中出、女上位、高畫質,川上ゆう（森野雫）、北条麻妃、小早川怜子、大場ゆい、篠田あゆみ、広瀬奈々美（堀口奈津美）,https://www.javbus.com/DJSI-077,
NASS-502 オマ○コ大好き！本気クンニでクリ勃起！！ レズビアンな若い娘に強引に迫られオマ○コを濡らしてしまうノンケな熟女たち,NASS-502 オマ○コ大好き！本気クンニでクリ勃起！！ レズビアンな若い娘に強引に迫られオマ○コを濡らしてしまうノンケな熟女たち,NASS-502,,2016-09-23,135分鐘,,なでしこ,Nadeshiko,,成熟的女人、女同性戀、舔陰、女同接吻、高畫質、顏面騎乘,川上ゆう（森野雫）、北条麻妃、友田彩也香、琥珀うた、雨宮琴音、瀬名あゆむ（広瀬藍子）、松本まりな、保坂えり、京野美麗、荒尾きりこ,https://www.javbus.com/NASS-502,
CJOB-019 痴女教師がチョーク代わりにチ○ポを握って挿れるのが当たり前の世界,CJOB-019 痴女教師がチョーク代わりにチ○ポを握って挿れるのが当たり前の世界,CJOB-019,,2016-09-23,230分鐘,,痴女ヘブン（美）,痴女ヘブンBEST,,蕩婦、女教師、合集、淫語、女上位、DMM獨家,里美ゆりあ、菅野さゆき、桜木凛、魅麗、ゆうきさやか、蓮実クレア、花柄ことり、新山沙弥、司ミコト、西川ゆい、みずほゆき、小野紗里奈、松嶋れいな、西野翔、小川あさ美、杉原桃花、杏堂なつ（榊れいな）、瀬名アスカ、北条麻妃、あゆむ、紅音レイラ,https://www.javbus.com/CJOB-019,
ASFB-217 スケベ汁ねっちょり淫語オナニー 4時間,ASFB-217 スケベ汁ねっちょり淫語オナニー 4時間,ASFB-217,,2016-09-18,240分鐘,,FetishBox/妄想族,FetishBox/妄想族,,淫語、4小時以上作品、DMM獨家、自慰,川上ゆう（森野雫）、澤村レイコ（高坂保奈美、高坂ますみ）、北条麻妃、かすみりさ、小早川怜子、浜崎真緒、大場ゆい、乙葉ななせ、篠田あゆみ、香山美桜、蓮実クレア、広瀬奈々美（堀口奈津美）,https://www.javbus.com/ASFB-217,
JAMC-014 相互オナニーで顔射したい！240分 俺の勃起チ○ポを見ながら指ズボする究極のオナニーサポート！,JAMC-014 相互オナニーで顔射したい！240分 俺の勃起チ○ポを見ながら指ズボする究極のオナニーサポート！,JAMC-014,,2016-09-18,240分鐘,艶熟寺,スタイルアート/妄想族,スタイルアートjam/妄想族,,已婚婦女、DMM獨家、自慰、顏射,北条麻妃、山本美和子、松本まりな、福元美砂恵（仲間麗奈）、寺崎泉、神崎久美、松嶋友里恵、広瀬奈々美（堀口奈津美）,https://www.javbus.com/JAMC-014,
TYWD-091 発射直前のハードピストン 足腰ガクブル大量中出しSEX50連発,TYWD-091 発射直前のハードピストン 足腰ガクブル大量中出しSEX50連発,TYWD-091,,2016-09-17,240分鐘,,乱丸,乱丸,,潮吹、合集、花癡、數位馬賽克、中出、キス・接吻、DMM獨家,波多野結衣、早川瀬里奈、春原未来、丘咲エミリ、神ユキ、千乃あずみ、林ゆな、香山美桜、木南日菜、椎名そら、かすみ果穂、七草ちとせ、川上ゆう（森野雫）、水原さな、風間ゆみ、尾上若葉、藤本紫媛、板垣あずさ、AIKA、小口田桂子、翔田千里、澤村レイコ（高坂保奈美、高坂ますみ）、逢沢はるか（黒木琴音）、西条沙羅、神納花、蓮実クレア、三浦恵理子、森沢かな（飯岡かなこ）、上原亜衣、幸田ユマ、北川エリカ、円城ひとみ、澁谷果歩、安野由美、桜井あゆ、三喜本のぞみ、音無かおり、湊莉久、大場ゆい、松本メイ、内山まい、南梨央奈、南祥子、宮崎あや、北条麻妃,https://www.javbus.com/TYWD-091,
OOMN-178 勃起乳首 授乳手コキ,OOMN-178 勃起乳首 授乳手コキ,OOMN-178,,2016-09-17,240分鐘,,ABC/妄想族,お母さん.com/ABC,,成熟的女人、合集、戀乳癖、巨乳、DMM獨家、打手槍,川上ゆう（森野雫）、澤村レイコ（高坂保奈美、高坂ますみ）、北条麻妃、艶堂しほり（遠藤しおり）、青山菜々、三浦恵理子、水野朝陽、本田莉子、篠田あゆみ,https://www.javbus.com/OOMN-178,
MHSO-004 尻責め尻ハメ！！美尻交尾,MHSO-004 尻責め尻ハメ！！美尻交尾,MHSO-004,,2016-09-14,164分鐘,宮本小次郎,MARRION,IRIS,尻責め尻ハメ！！美尻交尾,合集、屁股、高畫質,小坂めぐる、北条麻妃、桐岡さつき、黒木いちか（東条かれん）、AIKA,https://www.javbus.com/MHSO-004,
MBYD-262 溜池ゴロー2016年上半期総集編全55タイトル8時間,MBYD-262 溜池ゴロー2016年上半期総集編全55タイトル8時間,MBYD-262,,2016-09-11,480分鐘,,溜池ゴロー,溜池ゴロー,溜池ゴロー○年○半期,合集、性奴、4小時以上作品、DMM獨家,佐山愛、AIKA、めぐり（藤浦めぐ）、三浦恵理子、卯水咲流、通野未帆、東凛、井上綾子、谷原希美、花咲いあん、浅井舞香、篠田あゆみ、澤村レイコ（高坂保奈美、高坂ますみ）、西川ゆい、吹石れな、新川優衣、松井優子、円城ひとみ、風間ゆみ、北条麻妃、佐々木あき、川上ゆう（森野雫）、澁谷果歩、水野朝陽、並木塔子,https://www.javbus.com/MBYD-262,
CVDX-235 「ダメッ、そんなにグイグイされたら、アンッてなっちゃいます…」トロ～ンと愛液が染み出す素人奥さんのマン毛丸見え食い込みパンティー大全集！！30人4時間,CVDX-235 「ダメッ、そんなにグイグイされたら、アンッてなっちゃいます…」トロ～ンと愛液が染み出す素人奥さんのマン毛丸見え食い込みパンティー大全集！！30人4時間,CVDX-235,,2016-09-08,243分鐘,,センタービレッジ,センタービレッジ,,成熟的女人、業餘、已婚婦女、4小時以上作品、高畫質、內衣,翔田千里、北原夏美、浅倉彩音、北条麻妃、三浦恵理子,https://www.javbus.com/CVDX-235,
HYAZ-086 マニアを絶対に満足させる超最高峰のパンスト尻限定！ Sexy Hipパンスト尻コキ,HYAZ-086 マニアを絶対に満足させる超最高峰のパンスト尻限定！ Sexy Hipパンスト尻コキ,HYAZ-086,,2016-08-30,123分鐘,,ジャネス,Fetishパンスト,,連褲襪、屁股、戀腿癖、舔陰、高畫質,川上ゆう（森野雫）、北条麻妃、かすみりさ、上原花恋、浜崎真緒、大場ゆい,https://www.javbus.com/HYAZ-086,
DFGR-017 男は黙って2回戦！早漏男を焦らしながらの連続射精がマジやばい,DFGR-017 男は黙って2回戦！早漏男を焦らしながらの連続射精がマジやばい,DFGR-017,,2016-08-30,140分鐘,,ジャネス,FUTUREGREEN,,蕩婦、口交、連褲襪、姐姐、女上位、高畫質、打手槍,澤村レイコ（高坂保奈美、高坂ますみ）、北条麻妃、みづなれい（みずなれい）、神ユキ、蓮実クレア、桜井あゆ、篠田あゆみ,https://www.javbus.com/DFGR-017,
NASS-486 チ●コ狂いの淫乱熟妻は、淫語責めしながら何度も寸止めを繰り返す痴熟女たち 5名4時間30分,NASS-486 チ●コ狂いの淫乱熟妻は、淫語責めしながら何度も寸止めを繰り返す痴熟女たち 5名4時間30分,NASS-486,,2016-08-26,269分鐘,,なでしこ,Nadeshiko,,蕩婦、成熟的女人、淫語、4小時以上作品、打手槍,北条麻妃、保坂友利子、汝鳥すみか、田中菜留美、井上綾子,https://www.javbus.com/NASS-486,
JUSD-720 たぎる性欲を抑えきれず…今夜、夜這いしてみました8時間,JUSD-720 たぎる性欲を抑えきれず…今夜、夜這いしてみました8時間,JUSD-720,,2016-08-20,480分鐘,,マドンナ,Madonna,,成熟的女人、合集、已婚婦女、數位馬賽克、羞恥、出軌、DMM獨家,波多野結衣、愛原さえ、西野翔、浅井舞香、円城ひとみ、白木優子、卯水咲流、千乃あずみ、臼井さと美、神谷秋妃、三季まどか、三浦恵理子、大島優香、谷原希美、中村知恵、瀬奈まお、笛木薫、北条麻妃、原ちとせ、吹石れな,https://www.javbus.com/JUSD-720,
JUSD-721 吐息を漏らしながら、目を合わせながら、舌を絡せ求め合うベロキス性交。,JUSD-721 吐息を漏らしながら、目を合わせながら、舌を絡せ求め合うベロキス性交。,JUSD-721,,2016-08-20,240分鐘,,マドンナ,Madonna,,成熟的女人、合集、已婚婦女、數位馬賽克、キス・接吻、DMM獨家,結城みさ、森ななこ、浅井舞香、織田真子、潮見百合子、広瀬奈々美（堀口奈津美）、秋山静香、水原梨花、臼井さと美、花澤アン、白木優子、白石すみれ、成田麗、小崎里美、徳島えり、松うらら、最上ゆり子、吉川あいみ、谷原希美、神谷秋妃、卯水咲流、有森涼（事原みゆ）、たかせ由奈、AIKA、新山沙弥、坂口れな、澁谷果歩、水上由紀恵、湯本珠未、真木美咲、北川エリカ、瀬奈まお、栞菜まなみ、水元恵梨香、三浦恵理子、松慶子、白戸英理奈、郡司結子、朱莉さとみ、林ゆな、大島優香、松嶋葵、千乃あずみ、原ちとせ、かすみ果穂、円城ひとみ、松山愛、玉城マイ、さとう遥希、風間ゆみ、牧原れい子、浅見せり、木村はな、都盛星空、美和なつみ、椎名ゆな、白川千織、西野翔、香川ゆの、中村紗綾、安野由美、蓮実クレア、愛田奈々、三井茜、神ユキ、逢沢はるか（黒木琴音）、矢部寿恵、奥村瞳、南せりな、波多野結衣、水野朝陽、北条麻妃、篠田あゆみ、翔田千里、澤村レイコ（高坂保奈美、高坂ますみ）、三咲悠,https://www.javbus.com/JUSD-721,
CJOB-017 強制痴女バキューム！射精直前フェラチオ即ヌキ61連発！！,CJOB-017 強制痴女バキューム！射精直前フェラチオ即ヌキ61連発！！,CJOB-017,,2016-08-20,240分鐘,,痴女ヘブン（美）,痴女ヘブンBEST,,蕩婦、口交、合集、姐姐、主觀視角、DMM獨家,AIKA、蓮実クレア、卯水咲流、湊莉久、神波多一花、西川ゆい、山川青空、澁谷果歩、谷原希美、佐々木あき、司ミコト、上原果歩、神尾舞、柏木胡桃、篠田あゆみ、穂高ゆうき、紅音レイラ、有森涼（事原みゆ）、新山沙弥、上原亜衣、悠月舞、倉多まお、小谷理紗、千乃あずみ、今井美鈴、優木まみ、小桜沙樹、大石美咲、仁科百華、椎名ひかる、緋咲アンナ、北川エリカ、村西まりな、魅麗、井川ゆい、横山みれい、北条麻妃、伊東美姫、沖田杏梨、成瀬心美（ここみ）、里美ゆりあ、波多野結衣、浜崎りお（森下えりか、篠原絵梨香）、鈴木杏里、小川あさ美、西野翔、滝沢優奈、松嶋れいな、水元ゆうな,https://www.javbus.com/CJOB-017,
LZBS-022 レズれ！シリーズBEST ノーモザイク・レズれ！ コンプリート8時間 超ギリッギリを集めました！,LZBS-022 レズれ！シリーズBEST ノーモザイク・レズれ！ コンプリート8時間 超ギリッギリを集めました！,LZBS-022,,2016-08-15,486分鐘,,レズれ！,レズれ！ベスト,ノーモザイク・レズれ！,女同性戀、69、舔陰、女同接吻、高畫質、DMM獨家、局部特寫,北条麻妃、希咲エマ（HARUKI、加藤はる希）、波多野結衣、上原亜衣、南梨央奈、杏美月、北川エリカ、千乃あずみ、篠田あゆみ、陽木かれん、音無かおり、内村りな、新山かえで、矢沢りょう、鈴村みゆう、紗藤まゆ、木村つな、原千草、大場ゆい、川上ゆう（森野雫）、神ユキ、浜崎真緒、春原未来、乙葉ななせ、水野朝陽、神波多一花、友田彩也香、朝倉ことみ、朝桐光、有村千佳、桜井あゆ、綾川まどか,https://www.javbus.com/LZBS-022,
TYWD-090 肉欲に溺れ他人棒に夢中になり白目を引ん剥き痙攣絶頂しまくる淫乱妻の昼顔,TYWD-090 肉欲に溺れ他人棒に夢中になり白目を引ん剥き痙攣絶頂しまくる淫乱妻の昼顔,TYWD-090,,2016-08-14,240分鐘,,乱丸,乱丸,,合集、已婚婦女、花癡、數位馬賽克、中出、出軌、DMM獨家,川上ゆう（森野雫）、希咲エマ（HARUKI、加藤はる希）、波多野結衣、北川エリカ、森沢かな（飯岡かなこ）、宮崎あや、矢吹京子、小口田桂子、三喜本のぞみ、坂口れな、三浦恵理子、香山美桜、林ゆな、千乃あずみ、南祥子、風間ゆみ、神ユキ、春原未来、北条麻妃,https://www.javbus.com/TYWD-090,
NBES-001 見たくない 見たくなひのに 見てしまう JET映像1周年記念 全52タイトル作品紹介,NBES-001 見たくない 見たくなひのに 見てしまう JET映像1周年記念 全52タイトル作品紹介,NBES-001,,2016-08-05,240分鐘,,JET映像,JET映像,,成熟的女人、合集、已婚婦女、出軌、戲劇、巨乳、DMM獨家,KAORI、森沢かな（飯岡かなこ）、千乃あずみ、宮部涼花、水上由紀恵、桜ちなみ、葵千恵、宮下華奈、サリー、藤本紫媛、彩奈リナ（七原あかり）、三喜本のぞみ、西条沙羅、中村奈菜、杏、星野ひびき、原ちとせ、谷原希美、青山茉利奈、松井優子、高山えみり、三浦恵理子、蓮実クレア、新山沙弥、紺野まこ、七草ちとせ、星空もあ、澁谷果歩、川上ゆう（森野雫）、尾上若葉、松本メイ、香山美桜、水元恵梨香、西條るり、菅野さゆき、秋山静香、北条麻妃、円城ひとみ、澤村レイコ（高坂保奈美、高坂ますみ）、春原未来,https://www.javbus.com/NBES-001,
EMAF-368 三十路から七十路まで 中出し100人 8時間,EMAF-368 三十路から七十路まで 中出し100人 8時間,EMAF-368,,2016-07-31,480分鐘,清水橋健太,フォーディメンション/エマニエル,フォーディメンション（エマニエル）,,成熟的女人、中出、4小時以上作品、DMM獨家,川上ゆう（森野雫）、北条麻妃、美原咲子、羽月希、高島恭子、広瀬奈々美（堀口奈津美）,https://www.javbus.com/EMAF-368,
ASFB-210 鬼抜きリップサービス 肉棒をこよなく愛する美女 DELUXE 4時間,ASFB-210 鬼抜きリップサービス 肉棒をこよなく愛する美女 DELUXE 4時間,ASFB-210,,2016-07-31,240分鐘,,FetishBox/妄想族,FetishBox/妄想族,鬼抜きリップサービス,蕩婦、其他戀物癖、4小時以上作品、DMM獨家,川上ゆう（森野雫）、澤村レイコ（高坂保奈美、高坂ますみ）、北条麻妃、みづなれい（みずなれい）、大槻ひびき、北川エリカ、夏目優希、小早川怜子,https://www.javbus.com/ASFB-210,
OOMN-174 覗きこむほど見たい！！ いやらしい美女の着替え 傑作47名,OOMN-174 覗きこむほど見たい！！ いやらしい美女の着替え 傑作47名,OOMN-174,,2016-07-30,240分鐘,,ABC/妄想族,お母さん.com/ABC,,成熟的女人、苗條、合集、偷窥、巨乳、DMM獨家,川上ゆう（森野雫）、澤村レイコ（高坂保奈美、高坂ますみ）、北条麻妃、春原未来、三浦恵理子、林ゆな、安野由美、篠田あゆみ、丘野さくら,https://www.javbus.com/OOMN-174,
CJOB-015 チ○ポ争奪戦！痴女乱交4時間,CJOB-015 チ○ポ争奪戦！痴女乱交4時間,CJOB-015,,2016-07-24,240分鐘,,痴女ヘブン（美）,痴女ヘブンBEST,,蕩婦、濫交、合集、女上位、巨乳、DMM獨家,つぼみ、大塚咲（小野沙樹、大滝佐紀）、大沢美加（廣田まりこ）、前田陽菜、波多野結衣、大島あいる、鷹宮りょう、蒼井怜、小早川怜子、蓮実クレア、青木玲、星野あかり、星崎アンリ、星咲優菜、水城奈緒、水元ゆうな、仁科百華、知花メイサ、長澤あずさ、鈴木さとみ、鈴音りおな、立花さや、有沢りさ、優木あおい、岬リサ、穂高ゆうき、保坂えり、百合川さら、百花エミリ、桃依さら、すみれ（東尾真子）、椎名まりな、真木今日子、松本メイ、上条めぐ（三浦芽依）、Ciao、新井エリー（晶エリー、大沢佑香）、春原未来、春咲あずみ、恵けい、鮎川なお、かすみりさ、北条麻妃、風間ゆみ、浜崎りお（森下えりか、篠原絵梨香）、倉多まお、川上ゆう（森野雫）、Maika（MEW）、ましろ杏、ももかりん、桜木莉愛（かじか凛）、桜庭ハル、彩音さくら、今野梨乃、結城みさ、橘優花、雨宮琴音、羽月希、綾瀬みなみ、愛原さえ、愛音まひろ、亜希菜、西條るり,https://www.javbus.com/CJOB-015,
HUNTA-180 ボクがいじめていた同級生の父親が家に怒鳴りこんできた！まったくいじめを認めない母親に逆上したいじめられっ子の父親はボクの目の前でお母さんを犯しだした！犯されているにも関わらず感じまくる母を目の当たりに,HUNTA-180 ボクがいじめていた同級生の父親が家に怒鳴りこんできた！まったくいじめを認めない母親に逆上したいじめられっ子の父親はボクの目の前でお母さんを犯しだした！犯されているにも関わらず感じまくる母を目の当たりに,HUNTA-180,,2016-07-17,180分鐘,川尻,Hunter,Hunter（HHHグループ）,,亂倫、已婚婦女、粗暴、中出、DMM獨家,吉田花、芦名ユリア、北条麻妃、篠田あゆみ,https://www.javbus.com/HUNTA-180,
EMAF-367 友達のお母さんが僕のチンチンを欲しがるので たっぷり膣に出してやりました 4時間,EMAF-367 友達のお母さんが僕のチンチンを欲しがるので たっぷり膣に出してやりました 4時間,EMAF-367,,2016-07-17,240分鐘,清水橋健太,フォーディメンション/エマニエル,フォーディメンション（エマニエル）,,成熟的女人、其他戀物癖、4小時以上作品、DMM獨家,野宮凛子、北条麻妃、平亜矢子、高坂紀子,https://www.javbus.com/EMAF-367,
ASFB-207 色気むんむん！直穿きノーパンパンストMANIAX 4時間,ASFB-207 色気むんむん！直穿きノーパンパンストMANIAX 4時間,ASFB-207,,2016-07-17,240分鐘,,FetishBox/妄想族,FetishBox/妄想族,,蕩婦、其他戀物癖、連褲襪、DMM獨家,川上ゆう（森野雫）、澤村レイコ（高坂保奈美、高坂ますみ）、北条麻妃、大槻ひびき、かすみりさ、小早川怜子、上原花恋、大場ゆい、松岡セイラ、成海うるみ、篠田あゆみ、佳苗るか,https://www.javbus.com/ASFB-207,
LESJ-003 絶対にしてはいけない人をレズ痴漢 綺麗な熟女さん（ノンケ）をローションプレイでその気にさせて双頭ディルドでお互いイッちゃいました！,LESJ-003 絶対にしてはいけない人をレズ痴漢 綺麗な熟女さん（ノンケ）をローションプレイでその気にさせて双頭ディルドでお互いイッちゃいました！,LESJ-003,,2016-07-15,122分鐘,,マニアゼロ,レズ倶楽部（マニアゼロ）,絶対にしてはいけない人を（レズる）犯る,蕩婦、成熟的女人、玩具、女同性戀、乳液、高畫質,川上ゆう（森野雫）、北条麻妃、新尾きり子、友田彩也香、琥珀うた、雨宮琴音、瀬名あゆむ（広瀬藍子）、松本まりな、保坂えり、京野美麗,https://www.javbus.com/LESJ-003,
GYAZ-140 着衣エロスMANIAX 超ハイレグ食い込みレオタード Vol.2,GYAZ-140 着衣エロスMANIAX 超ハイレグ食い込みレオタード Vol.2,GYAZ-140,,2016-07-15,123分鐘,,ジャネス,MANIAPlay,着衣エロスMANIAX,蕩婦、屁股、戀腿癖、緊身衣、高畫質、猥褻穿著、巨乳、局部特寫,北条麻妃、かすみりさ、北川エリカ、小早川怜子、浜崎真緒、松岡セイラ,https://www.javbus.com/GYAZ-140,
DMBA-181 オスビッチ昇天！超絶ペニバンアナルFUCK,DMBA-181 オスビッチ昇天！超絶ペニバンアナルFUCK,DMBA-181,,2016-07-15,120分鐘,,ジャネス,MAZOBOYSCLUB,,蕩婦、玩具、M男、肛内中出、緊縛,北条麻妃、みづなれい（みずなれい）、平松恵理香、竹内紗里奈、小早川怜子、北川杏樹、桜井あゆ,https://www.javbus.com/DMBA-181,
REDC-003 「ゴム無しが気持ち良いの、私にナマでツッコんでぇ！」道徳皆無の異常性欲淫乱どスケベお姉さん10人の絶頂ノンストップSEX240分,REDC-003 「ゴム無しが気持ち良いの、私にナマでツッコんでぇ！」道徳皆無の異常性欲淫乱どスケベお姉さん10人の絶頂ノンストップSEX240分,REDC-003,,2016-07-10,240分鐘,,RedCat,赤猫BEST,,蕩婦、姐姐、中出、4小時以上作品、DMM獨家,北条麻妃、波多野結衣、上原亜衣、大橋未久、秋野千尋、源みいな、新山沙弥、瀬奈まお、篠田あゆみ、西条沙羅,https://www.javbus.com/REDC-003,
MIBT-002 尻コキ THE BEST OF IRIS,MIBT-002 尻コキ THE BEST OF IRIS,MIBT-002,,2016-07-10,375分鐘,宮本小次郎,MARRION,IRIS,,其他戀物癖、合集、4小時以上作品、高畫質、巨尻,村上涼子（中村りかこ、黒木菜穂）、北条麻妃、一ノ瀬ルカ、黒木いちか（東条かれん）、AIKA、枢木みかん、七瀬あさ美、馬場のぞみ、佐々木恋海（向井恋）、佐久間亜紀、小川菜乃、田中志乃、本真ゆり、木崎実花、美泉咲、さとう遥希,https://www.javbus.com/MIBT-002,
MBYD-259 旅行先の温泉で中出し交尾4時間,MBYD-259 旅行先の温泉で中出し交尾4時間,MBYD-259,,2016-07-09,240分鐘,,溜池ゴロー,溜池ゴロー,,合集、已婚婦女、中出、温泉、巨乳、DMM獨家,澤村レイコ（高坂保奈美、高坂ますみ）、北条麻妃、結城みさ、水沢真樹、佐山愛、橘優花、穂高ゆうき、東凛、朱莉さとみ、和泉潤,https://www.javbus.com/MBYD-259,
MDB-706 KMPが誇る豪華絢爛極上過ぎる泡姫達 8時間BEST,MDB-706 KMPが誇る豪華絢爛極上過ぎる泡姫達 8時間BEST,MDB-706,,2016-07-08,481分鐘,BIBI,メディアステーション,BAZOOKA（バズーカ）,,合集、妓女、多P、乳液、中出、4小時以上作品、高畫質、巨乳,北条麻妃、成瀬心美（ここみ）、友田彩也香、波多野結衣、上原亜衣、初美沙希、上原花恋、桜井あゆ、宮崎あや、篠田あゆみ,https://www.javbus.com/MDB-706,
ASFB-205 ちん先ぺろぺろフェラ チ○ポが溶けてしまうような舐めるだけの繊細なフェラ 4時間 Part2,ASFB-205 ちん先ぺろぺろフェラ チ○ポが溶けてしまうような舐めるだけの繊細なフェラ 4時間 Part2,ASFB-205,,2016-07-01,240分鐘,,FetishBox/妄想族,FetishBox/妄想族,ちん先ぺろぺろフェラ,蕩婦、口交、其他戀物癖、DMM獨家,北条麻妃、琥珀うた、水沢真樹、佳苗るか、浦友佳、和希美波、くるめまゆ、大場ゆい、乙葉ななせ、鈴原エミリ、月野みこ、栗林里莉、瀬名あゆむ（広瀬藍子）、一ノ瀬アメリ（美空あやか、栗栖エリカ）,https://www.javbus.com/ASFB-205,
OOMN-172 悶絶するほど気持ち良いフェラチオ2,OOMN-172 悶絶するほど気持ち良いフェラチオ2,OOMN-172,,2016-06-30,240分鐘,,ABC/妄想族,お母さん.com/ABC,悶絶するほど気持ち良いフェラチオ,成熟的女人、母親、口交、合集、已婚婦女、DMM獨家,川上ゆう（森野雫）、澤村レイコ（高坂保奈美、高坂ますみ）、北条麻妃、艶堂しほり（遠藤しおり）、羽月希、小早川怜子、三浦恵理子、水野朝陽、安野由美、武藤あやか、波多野結衣、篠田あゆみ,https://www.javbus.com/OOMN-172,
TPPN-120 Steel Hold Legend,TPPN-120 Steel Hold Legend,TPPN-120,,2016-06-30,122分鐘,,TEPPAN,TEPPAN,SteelHold,成熟的女人、數位馬賽克、拘束、女上位、DVD多士爐、高畫質、汗だく、DMM獨家,加藤ツバキ（夏樹カオル）、北条麻妃、桐島美奈子,https://www.javbus.com/TPPN-120,
HDVHJ-003 まだまだイケてる母の尻やムチムチした嫁の尻や胸を見ていただけで満足していた義父や息子たちはある瞬間にそれだけではガマンできずついに…,HDVHJ-003 まだまだイケてる母の尻やムチムチした嫁の尻や胸を見ていただけで満足していた義父や息子たちはある瞬間にそれだけではガマンできずついに…,HDVHJ-003,,2016-06-27,239分鐘,,グラフィティジャパン,ロマン,,亂倫、中出、高畫質,加藤ツバキ（夏樹カオル）、北条麻妃、小野麻里亜、五十嵐しのぶ、月島えみり、本間麗花、白河里奈、夏希のあ、相沢あすみ,https://www.javbus.com/HDVHJ-003,
MCSR-218 【マジです】尻軽過ぎる美人妻！ 自ら唇を奪われカラダを求められるよう仕向ける美熟女がスケベ過ぎる…。4時間12人,MCSR-218 【マジです】尻軽過ぎる美人妻！ 自ら唇を奪われカラダを求められるよう仕向ける美熟女がスケベ過ぎる…。4時間12人,MCSR-218,,2016-06-25,243分鐘,鶴舞龍之介,ビッグモーカル,マスカット,,成熟的女人、亂倫、已婚婦女、多P、4小時以上作品、高畫質、巨乳,川上ゆう（森野雫）、村上涼子（中村りかこ、黒木菜穂）、葉月奈穂（葉月菜穂）、横山みれい、矢部寿恵、波多野結衣、山本美和子、小早川怜子、神崎久美、松嶋友里恵、広瀬奈々美（堀口奈津美）、北条麻妃,https://www.javbus.com/MCSR-218,
UMD-055 獣になる中高年の牡と牝 田舎の性処理 四時間二十人,UMD-055 獣になる中高年の牡と牝 田舎の性処理 四時間二十人,UMD-055,,2016-06-25,240分鐘,,グローバルメディアエンタテインメント,ULTRAMIX,,成熟的女人、已婚婦女、數位馬賽克、4小時以上作品、高畫質、戲劇,川上ゆう（森野雫）、翔田千里、葉月奈穂（葉月菜穂）、北条麻妃、松下美香、浅井舞香、小早川怜子、井上綾子、水野淑恵,https://www.javbus.com/UMD-055,
FABS-073 心に残り、心に沁みるヘンリー塚本官能ポルノ 愛欲まみれのレズビアン完全傑作集,FABS-073 心に残り、心に沁みるヘンリー塚本官能ポルノ 愛欲まみれのレズビアン完全傑作集,FABS-073,,2016-06-25,250分鐘,ヘンリー塚本,FAプロ,FAプレミアム,心に残り、心に沁みるヘンリー塚本官能ポルノ,和服・喪服、女同性戀、女同接吻、戲劇、故事集、DMM獨家、內衣,結衣（結衣美沙）、桐原あずさ（伊藤あずさ）、渋谷あかね、加藤ツバキ（夏樹カオル）、大越はるか、澤村レイコ（高坂保奈美、高坂ますみ）、浅井千尋、北条麻妃、坪倉史歩、内藤斐奈,https://www.javbus.com/FABS-073,
NASS-454 昼顔夫人は旦那が近くにいるのに他人チ○ポを寝取るスリルに興奮しすぎてマン汁が止まらない！,NASS-454 昼顔夫人は旦那が近くにいるのに他人チ○ポを寝取るスリルに興奮しすぎてマン汁が止まらない！,NASS-454,,2016-06-24,121分鐘,GA-SU,なでしこ,Nadeshiko,,蕩婦、成熟的女人、口交、各種職業、已婚婦女、高畫質、巨乳,澤村レイコ（高坂保奈美、高坂ますみ）、北条麻妃、寺崎泉、小早川怜子、三喜本のぞみ,https://www.javbus.com/NASS-454,
NASS-452 旦那に構ってもらえない清楚な欲求不満妻は俺の臭いに発情してチ○ポの上に乗ってきた！,NASS-452 旦那に構ってもらえない清楚な欲求不満妻は俺の臭いに発情してチ○ポの上に乗ってきた！,NASS-452,,2016-06-24,144分鐘,GA-SU,なでしこ,Nadeshiko,,蕩婦、成熟的女人、已婚婦女、女上位、高畫質、戲劇,村上涼子（中村りかこ、黒木菜穂）、北条麻妃、神崎久美、松嶋友里恵、広瀬奈々美（堀口奈津美）,https://www.javbus.com/NASS-452,
KMDS-20350 カマタ映像熟女100選8時間,KMDS-20350 カマタ映像熟女100選8時間,KMDS-20350,,2016-06-24,481分鐘,,カマタ映像,弁天,,蕩婦、成熟的女人、獵豔、合集、4小時以上作品,千堂マリア、北島玲、北条麻妃、高梨あゆみ、真中いずみ、内田彩乃,https://www.javbus.com/KMDS-20350,
DIPO-034 人妻究極フェラチオ100人100連発！！！ Vol.3,DIPO-034 人妻究極フェラチオ100人100連発！！！ Vol.3,DIPO-034,,2016-06-21,240分鐘,,プリモ,エロナンデス,人妻究極フェラチオ100人100連発！！！,苗條、口交、已婚婦女、數位馬賽克、4小時以上作品、高畫質、巨乳,川上ゆう（森野雫）、押切あやの、中原綾香、北条麻妃、高原千夏、中森玲子、里谷あい、中山かすみ、有沢実紗、佐倉美香,https://www.javbus.com/DIPO-034,
GDHH-012 もう死んだってかまわない！超ラッキーの連続で巻き起こるスケベ過ぎる一日！鼻血が止まらないくらいの夢のエロハプニング続出！6,GDHH-012 もう死んだってかまわない！超ラッキーの連続で巻き起こるスケベ過ぎる一日！鼻血が止まらないくらいの夢のエロハプニング続出！6,GDHH-012,,2016-06-19,215分鐘,べんぞうさん,ゴールデンタイム,ゴールデンタイム（HHHグループ）,もう死んだってかまわない！,企畫、多P、4小時以上作品、內衣、ハーレム、巨乳、DMM獨家,加藤ツバキ（夏樹カオル）、北条麻妃、碧しの（篠めぐみ）、愛原さえ、早瀬ありす、橘花音、高山えみり、金井みお、椎名結希,https://www.javbus.com/GDHH-012,
FMR-47 美人でセレブな奥様たちの訳アリ高級デリヘル嬢,FMR-47 美人でセレブな奥様たちの訳アリ高級デリヘル嬢,FMR-47,,2016-06-19,240分鐘,,ルビー,琥珀,,成熟的女人、DMM獨家,澤村レイコ（高坂保奈美、高坂ますみ）、北条麻妃、羽月希、手嶋絵里,https://www.javbus.com/FMR-47,
OOMN-171 筆おろし 童貞VS美熟女,OOMN-171 筆おろし 童貞VS美熟女,OOMN-171,,2016-06-18,240分鐘,,ABC/妄想族,お母さん.com/ABC,,成熟的女人、合集、數位馬賽克、女上位、DMM獨家,風間ゆみ、初美沙希、春原未来、西川りおん、三浦恵理子、冴島かおり、大橋ひとみ、林ゆな、高岡すみれ、中山理莉、工藤美紗、武藤あやか、丘野さくら、上原花恋、澤村レイコ（高坂保奈美、高坂ますみ）、川上ゆう（森野雫）、艶堂しほり（遠藤しおり）、阿部乃みく、本田莉子、南佳代、吉永あかね、松下美雪、川菜美鈴、青山菜々、水野朝陽、水原さな、堀内秋美、北川エリカ、市来美保、北条麻妃、松野朱里、青木玲、宮部涼花,https://www.javbus.com/OOMN-171,
CRMN-090 亀頭くっきりのビキニブリーフ姿でたっぷりと焦らされる悶絶エクスタシー,CRMN-090 亀頭くっきりのビキニブリーフ姿でたっぷりと焦らされる悶絶エクスタシー,CRMN-090,,2016-06-12,120分鐘,,痴ロモン/妄想族,痴ロモン/妄想族,,蕩婦、其他戀物癖、M男、DMM獨家,北条麻妃、みづなれい（みずなれい）、大槻ひびき、冴島かおり、真野ゆりあ、鈴原エミリ,https://www.javbus.com/CRMN-090,
SVS-048 美人艶女の淫乱美脚プレイ！10人4時間スペシャル,SVS-048 美人艶女の淫乱美脚プレイ！10人4時間スペシャル,SVS-048,,2016-06-12,240分鐘,,AVScollector’s,AVS,,連褲襪、戀腿癖、4小時以上作品、DMM獨家,川上ゆう（森野雫）、北条麻妃、桐岡さつき、石倉えいみ、波多野結衣、伊織涼子、小早川怜子、蓮実クレア、篠田あゆみ、彩奈リナ（七原あかり）,https://www.javbus.com/SVS-048,
MBYD-257 ジックリ観れる！！ 溜池ゴロー BEST HIT 30タイトル 8時間 2015年版,MBYD-257 ジックリ観れる！！ 溜池ゴロー BEST HIT 30タイトル 8時間 2015年版,MBYD-257,,2016-06-11,479分鐘,,溜池ゴロー,溜池ゴロー,ジックリ観れる！！溜池ゴローBESTHIT,成熟的女人、合集、已婚婦女、新娘、年輕妻子、巨乳、DMM獨家,澤村レイコ（高坂保奈美、高坂ますみ）、羽月希、春菜はな、小早川怜子、卯水咲流、通野未帆、東凛、西条沙羅、柏木あおい、神谷秋妃、澁谷果歩、谷口優香、本城小百合、和泉潤、宮部涼花、かすみ果穂、北条麻妃、白木優子、川上ゆう（森野雫）、円城ひとみ、篠田あゆみ、谷原希美,https://www.javbus.com/MBYD-257,
BOYA-010 【童貞、ママにヤられる】童貞息子のデカチンでイかされまくる巨乳＆淫乱義母との近親相姦。絶対に手を出してはいけない相手だから燃える。15人4時間,BOYA-010 【童貞、ママにヤられる】童貞息子のデカチンでイかされまくる巨乳＆淫乱義母との近親相姦。絶対に手を出してはいけない相手だから燃える。15人4時間,BOYA-010,,2016-06-06,240分鐘,石原BO-YA,TMA,BO-YA,,亂倫、4小時以上作品、婆婆、高畫質、處男、デカチン・巨根、巨乳,川上ゆう（森野雫）、北条麻妃、中森玲子、青山真希、三浦恵理子、堀内秋美、本田莉子、橘優花、篠田あゆみ、逢沢はるか（黒木琴音）,https://www.javbus.com/BOYA-010,
HUNTA-158 深夜の病院で夜勤ナースに囲まれて男はボク1人の王様ゲーム！2 入院しているボクが、深夜トイレに行こうとナースステーションの前を通るとなんとそこには、暇を持て余したナースさんたちが女だけで王様ゲームをし,HUNTA-158 深夜の病院で夜勤ナースに囲まれて男はボク1人の王様ゲーム！2 入院しているボクが、深夜トイレに行こうとナースステーションの前を通るとなんとそこには、暇を持て余したナースさんたちが女だけで王様ゲームをし,HUNTA-158,,2016-06-05,386分鐘,川尻,Hunter,Hunter（HHHグループ）,王様ゲーム,护士、花癡、多P、4小時以上作品、ハーレム、DMM獨家,朝倉ことみ、北条麻妃、加納綾子、佳苗るか、仁美まどか、青葉優香、綾瀬ことり,https://www.javbus.com/HUNTA-158,
NSPS-471 妻を他人に抱かせたい 禁断スワッピング,NSPS-471 妻を他人に抱かせたい 禁断スワッピング,NSPS-471,,2016-05-30,197分鐘,ながえ,ながえスタイル,ながえSTYLE,,已婚婦女、通姦、中出、出軌、戲劇、DMM獨家,川上ゆう（森野雫）、藤宮櫻花（眞雪ゆん）、若槻朱音、若菜あゆみ、北条麻妃、若林美保、上原優、小久保真樹,https://www.javbus.com/NSPS-471,
DMBK-051 甘い躾 M男の理想的エロス DX 4時間,DMBK-051 甘い躾 M男の理想的エロス DX 4時間,DMBK-051,,2016-05-30,240分鐘,,ジャネス,MBCプラチナム,甘い躾M男の理想的エロス,合集、性奴、4小時以上作品、M男,川上ゆう（森野雫）、澤村レイコ（高坂保奈美、高坂ますみ）、北条麻妃、桜井あゆ、広瀬奈々美（堀口奈津美）,https://www.javbus.com/DMBK-051,
OOMN-169 熟穴いじり ほじくられしゃぶりつかれイカされる,OOMN-169 熟穴いじり ほじくられしゃぶりつかれイカされる,OOMN-169,,2016-05-29,240分鐘,,ABC/妄想族,お母さん.com/ABC,,成熟的女人、母親、合集、數位馬賽克、舔陰、高畫質、DMM獨家,川上ゆう（森野雫）、西川りおん、工藤美紗、冴島かおり、弓束ちはや、浜崎真緒、小口田桂子、武藤あやか、高山えみり、三好亜矢、神波多一花、中山理莉、紺野まこ、香山美桜、北嶋あん、澤村レイコ（高坂保奈美、高坂ますみ）、艶堂しほり（遠藤しおり）、神ユキ、丘野さくら、谷原ゆき、松井優子、安野由美、篠田あゆみ、初美沙希、南佳代、望月マリア、愛原さつき、吉永あかね、藤江由恵、黒沢那智、春日もな、水原さな、堀内秋美、青木玲、橘優花、市来美保、矢吹京子、北条麻妃、風間ゆみ、桜井あゆ、高岡すみれ、大橋ひとみ,https://www.javbus.com/OOMN-169,
NASS-436 厳選！ 四十路妻ファック BEST20人4時間 欲求不満な完熟ボディはいくつになってもド助平でもっとSEXがしたいんです！,NASS-436 厳選！ 四十路妻ファック BEST20人4時間 欲求不満な完熟ボディはいくつになってもド助平でもっとSEXがしたいんです！,NASS-436,,2016-05-27,239分鐘,GA-SU,なでしこ,Nadeshiko,,蕩婦、成熟的女人、合集、已婚婦女、4小時以上作品、高畫質,澤村レイコ（高坂保奈美、高坂ますみ）、北条麻妃、艶堂しほり（遠藤しおり）、山本美和子、松本まりな、福元美砂恵（仲間麗奈）、寺崎泉、森貴代美、石橋ゆうこ、神崎久美,https://www.javbus.com/NASS-436,
CRMN-088 むちむち巨尻コキCollection 美女のケツで絶品尻コキ 4時間スペシャル,CRMN-088 むちむち巨尻コキCollection 美女のケツで絶品尻コキ 4時間スペシャル,CRMN-088,,2016-05-22,240分鐘,,痴ロモン/妄想族,痴ロモン/妄想族,,蕩婦、其他戀物癖、屁股、DMM獨家,川上ゆう（森野雫）、北条麻妃、みづなれい（みずなれい）、かすみりさ、小早川怜子、浜崎真緒、大場ゆい、乙葉ななせ、成海うるみ、鈴原エミリ、澤村レイコ（高坂保奈美、高坂ますみ）、上原花恋,https://www.javbus.com/CRMN-088,
"HITJ-325 My Type Of Lady Is The Neighborhood Married Woman! I Took My Chances And Asked For Sex, But She Inst","HITJ-325 My Type Of Lady Is The Neighborhood Married Woman! I Took My Chances And Asked For Sex, But She Inst",HITJ-325,,2016-05-17,0分鐘,,マニアゼロ,,,成熟的女人、已婚婦女、高畫質、顏射、打手槍,村上涼子（中村りかこ、黒木菜穂）、北条麻妃、神崎久美、松嶋友里恵、広瀬奈々美（堀口奈津美）,https://www.javbus.com/HITJ-325,
RSE-07 熟女 陰毛アナル図鑑 3,RSE-07 熟女 陰毛アナル図鑑 3,RSE-07,,2016-05-16,120分鐘,たくま珍,ルビー,Rose（ルビー）,熟女陰毛アナル図鑑,成熟的女人、屁股、DMM獨家,赤坂ルナ、澤村レイコ（高坂保奈美、高坂ますみ）、北条麻妃、秋吉多恵子、藤井小百合、竹内梨恵、早川友里子、宝田さゆり,https://www.javbus.com/RSE-07,
"NASS-428 Alone With My Friend's Mom Who Has Yet To Give Up Her Female Desires, ""You're My Son's Friend... "" S","NASS-428 Alone With My Friend's Mom Who Has Yet To Give Up Her Female Desires, ""You're My Son's Friend... "" S",NASS-428,,2016-05-13,0分鐘,,なでしこ,,,成熟的女人、中出、女上位、4小時以上作品,北条麻妃、伊織涼子、彩美ルリ子,https://www.javbus.com/NASS-428,
SENJ-012 We Showed Our Rock Hard Cocks To A Beautiful Married Woman With A Heavenly Body! She Seemed Repulsed,SENJ-012 We Showed Our Rock Hard Cocks To A Beautiful Married Woman With A Heavenly Body! She Seemed Repulsed,SENJ-012,,2016-05-13,0分鐘,,マニアゼロ,,,已婚婦女、高畫質、顏射、自慰,村上涼子（中村りかこ、黒木菜穂）、北条麻妃、神崎久美、松嶋友里恵、広瀬奈々美（堀口奈津美）,https://www.javbus.com/SENJ-012,
"NASS-432 My Wife's Mother... -Forbidden Incest- 12 Women, 4 Hours And 30 Minutes","NASS-432 My Wife's Mother... -Forbidden Incest- 12 Women, 4 Hours And 30 Minutes",NASS-432,,2016-05-13,0分鐘,,なでしこ,,嫁の母に…,成熟的女人、母親、口交、中出、4小時以上作品,菊川麻里、北条麻妃、結城千賀子、星野ひとみ（星野瞳、山吹瞳）、藤沢芳恵、大澤ゆかり、三咲かず代、西尾みずえ、高坂紀子、小松麗、大石忍、山田富美,https://www.javbus.com/NASS-432,
"LESJ-321 ""Age Is Just A Number!"" This Young Girl's Kisses Make My Pussy Drip! Really! She's A Lesbian Who Wan","LESJ-321 ""Age Is Just A Number!"" This Young Girl's Kisses Make My Pussy Drip! Really! She's A Lesbian Who Wan",LESJ-321,,2016-05-13,0分鐘,,マニアゼロ,,,成熟的女人、女同性戀、舔陰、高畫質,川上ゆう（森野雫）、北条麻妃、友田彩也香、琥珀うた、雨宮琴音、瀬名あゆむ（広瀬藍子）、松本まりな、保坂えり、京野美麗、荒尾きりこ,https://www.javbus.com/LESJ-321,
CRMN-086 エロ脳完全トリップ！びんびんに迫ってくる淫語責め手コキ,CRMN-086 エロ脳完全トリップ！びんびんに迫ってくる淫語責め手コキ,CRMN-086,,2016-05-09,240分鐘,,痴ロモン/妄想族,痴ロモン/妄想族,,蕩婦、淫語、DMM獨家、打手槍,川上ゆう（森野雫）、北条麻妃、大槻ひびき、かすみりさ、佳苗るか、小早川怜子、上原花恋、桜井あゆ、篠田あゆみ、広瀬奈々美（堀口奈津美）、澤村レイコ（高坂保奈美、高坂ますみ）、夏目優希,https://www.javbus.com/CRMN-086,
HFD-132 熟女はキスをガマンできない 4時間,HFD-132 熟女はキスをガマンできない 4時間,HFD-132,,2016-05-06,239分鐘,,ドリームチケット,ドリームチケット,熟女はキスをガマンできない,蕩婦、OL、合集、姐姐、高畫質、キス・接吻,川上ゆう（森野雫）、北条麻妃、かすみりさ、音無かおり,https://www.javbus.com/HFD-132,
DFGR-011 驚きのトリプル快楽パニック 淫語×寸止め×男の潮吹き,DFGR-011 驚きのトリプル快楽パニック 淫語×寸止め×男の潮吹き,DFGR-011,,2016-04-30,120分鐘,,ジャネス,FUTUREGREEN,,蕩婦、口交、淫語、舔陰、高畫質、打手槍,澤村レイコ（高坂保奈美、高坂ますみ）、北条麻妃、かすみりさ、北川エリカ、小早川怜子、桜井あゆ、篠田あゆみ、広瀬奈々美（堀口奈津美）,https://www.javbus.com/DFGR-011,
JUX-861 まさか私が、レズビアンたちに狙われるなんて…。～仕組まれた婦人会温泉旅行編～,JUX-861 まさか私が、レズビアンたちに狙われるなんて…。～仕組まれた婦人会温泉旅行編～,JUX-861,,2016-04-30,120分鐘,古賀丈士,マドンナ,Madonna,,成熟的女人、女同性戀、已婚婦女、數位馬賽克、女同接吻、高畫質、温泉、DMM獨家,澤村レイコ（高坂保奈美、高坂ますみ）、北条麻妃、佐々木あき,https://www.javbus.com/JUX-861,
AUKB-059 熟女レズ「卍:MANJI」 BEST4時間,AUKB-059 熟女レズ「卍:MANJI」 BEST4時間,AUKB-059,,2016-04-28,240分鐘,,U＆K,U＆K,,成熟的女人、女同性戀、合集、已婚婦女、女同接吻、DMM獨家,飯島陽子、北条麻妃、矢部寿恵、山本美和子、松嶋友里恵、三浦恵理子、本庄真弓、立花紫保、綾川まどか、水澤まお、冬木舞、桐島綾子、円城ひとみ、五十嵐しのぶ、伊織涼子、神乃いずみ、音無かおり、竹内紗里奈、YANAMO、宮部涼花,https://www.javbus.com/AUKB-059,
DPHC-010 非日常的クネクネ映像コレクションX,DPHC-010 非日常的クネクネ映像コレクションX,DPHC-010,,2016-04-24,251分鐘,渡辺琢斗,AVScollector’s,PHANTOM夢,非日常的クネクネ映像コレクション,身體意識、其他戀物癖、緊身衣、4小時以上作品、DMM獨家,川上ゆう（森野雫）、北条麻妃、森ななこ、稲川なつめ、小早川怜子、蓮実クレア、高橋美緒、本田莉子、川村まや、水原さな、初美沙希、藤本紫媛、宮村恋、倉多まお、水野朝陽、音無かおり、江波りゅう（RYU)、加藤ツバキ（夏樹カオル）,https://www.javbus.com/DPHC-010,
CRMN-084 夢の足コキパラダイス 肉棒に絡みつく足技でザーメン生搾り 4時間 2,CRMN-084 夢の足コキパラダイス 肉棒に絡みつく足技でザーメン生搾り 4時間 2,CRMN-084,,2016-04-24,240分鐘,,痴ロモン/妄想族,痴ロモン/妄想族,夢の足コキパラダイス,蕩婦、其他戀物癖、足交、DMM獨家,北条麻妃、結城みさ、有村千佳、かすみりさ、北川エリカ、夏目優希、佳苗るか、小早川怜子、北川杏樹、桜井あゆ、みづなれい（みずなれい）、澤村レイコ（高坂保奈美、高坂ますみ）、川上ゆう（森野雫）、上原花恋、篠田あゆみ,https://www.javbus.com/CRMN-084,
NASS-421 人妻のエロい体に目を付け即ハメレイプ！日常の昼下がり、男たちの性欲が爆発！チ○ポ挿入だけじゃ物足りず、3P中出し！！,NASS-421 人妻のエロい体に目を付け即ハメレイプ！日常の昼下がり、男たちの性欲が爆発！チ○ポ挿入だけじゃ物足りず、3P中出し！！,NASS-421,,2016-04-22,124分鐘,GA-SU,なでしこ,Nadeshiko,,強姦、已婚婦女、多P、中出、高畫質、立即口交、巨乳,葉月奈穂（葉月菜穂）、北条麻妃、山本美和子、小早川怜子、潮見百合子,https://www.javbus.com/NASS-421,
AP-303 満員電車で密着した部下の手が偶然、私の胸に！振りほどこうとしても身動きができないまま、電車が揺れる度に胸を揉まれ、久しぶりに感じる女としての刺激に欲情してしまい私は我慢の限界！満員電車にも関わらず部下,AP-303 満員電車で密着した部下の手が偶然、私の胸に！振りほどこうとしても身動きができないまま、電車が揺れる度に胸を揉まれ、久しぶりに感じる女としての刺激に欲情してしまい私は我慢の限界！満員電車にも関わらず部下,AP-303,,2016-04-17,180分鐘,クニオカ,アパッチ（デマンド）,アパッチ（HHHグループ）,,蕩婦、OL、連褲襪、性騷擾、DMM獨家,辻本りょう、加藤ツバキ（夏樹カオル）、北条麻妃、青葉優香、西条沙羅,https://www.javbus.com/AP-303,
RSE-06 ドアップ 熟女の女性器 4,RSE-06 ドアップ 熟女の女性器 4,RSE-06,,2016-04-17,120分鐘,たくま珍,ルビー,Rose（ルビー）,ドアップ熟女の女性器,成熟的女人、高畫質、DMM獨家、局部特寫,赤坂ルナ、北条麻妃、円城ひとみ、秋吉多恵子、奈良絵美子、竹内梨恵,https://www.javbus.com/RSE-06,
ASFB-191 美脚パンストマニアックス 極上の悩殺ストッキング 4時間 Vol.5,ASFB-191 美脚パンストマニアックス 極上の悩殺ストッキング 4時間 Vol.5,ASFB-191,,2016-04-17,240分鐘,,FetishBox/妄想族,FetishBox/妄想族,美脚パンストマニアックス,蕩婦、其他戀物癖、連褲襪、DMM獨家,川上ゆう（森野雫）、北条麻妃、みづなれい（みずなれい）、大槻ひびき、かすみりさ、夏目優希、佳苗るか、浜崎真緒、大場ゆい、鈴原エミリ、上原花恋、成海うるみ,https://www.javbus.com/ASFB-191,
RBB-091 発射寸前！我慢汁垂れ流しの気持ちいいフェラチオ316連射16時間第5弾,RBB-091 発射寸前！我慢汁垂れ流しの気持ちいいフェラチオ316連射16時間第5弾,RBB-091,,2016-04-16,960分鐘,,ROOKIE,ROOKIE,発射寸前！我慢汁垂れ流しの気持ちいいフェラチオ,口交、合集、顏射、16時間以上作品、DMM獨家,川上ゆう（森野雫）、明日花キララ、並木優、麻倉憂、Hitomi（田中瞳）、西野翔、蓮実クレア、西川ゆい、夏希みなみ、なごみ、AIKA、塔堂マリエ、朝日奈あかり、松本メイ、北条麻妃、椎名ゆな、有村千佳、鈴木心春、きみと歩実、天海つばさ、音無かおり、水野朝陽、サリー、桜木凛、石原莉奈、三喜本のぞみ、星野ナミ、雅さやか、つぼみ、小島みなみ、希志あいの、里美ゆりあ、沖田杏梨、神ユキ、ティア、JULIA、水原アキ、周防ゆきこ、桜井あゆ、希島あいり、大場ゆい、波多野結衣、上原亜衣、七草ちとせ、川上奈々美、初音みのり、さとう遥希、緒川りお、佐山愛、吉沢明歩、早川瀬里奈、美竹すず、果瀬はるな、ほしの景子、本田莉子、推川ゆうり、倉多まお、中村知恵、白木優子、石原あずさ、有森涼（事原みゆ）、乙葉ななせ、澤村レイコ（高坂保奈美、高坂ますみ）、東凛、かすみ果穂、吉川あいみ、夢乃あいか、新山らん、葵つかさ、園田みおん、木南日菜、奥田咲、あべみかこ、桜木優希音、井上瞳、翔田千里、本田岬,https://www.javbus.com/RBB-091,
ANX-072 催眠洗脳研究 奴隷性玩20人 vol.3,ANX-072 催眠洗脳研究 奴隷性玩20人 vol.3,ANX-072,,2016-04-10,240分鐘,,催眠研究所別館,催眠隷女（催眠研究所別館）,催眠洗脳研究,纪录片、性奴、4小時以上作品、催眠、高畫質、巨乳、DMM獨家,青木玲、北条麻妃、艶堂しほり（遠藤しおり）、早乙女ルイ、樹花凜（七咲楓花）、前田陽菜、波多野結衣、志保、湊莉久、一之瀬すず、朝桐光、沙藤ユリ、小林まや、遠藤あいこ、南乃彩花、仲本紗代、泉麻那、美泉咲、雨宮真貴、和希ゆい,https://www.javbus.com/ANX-072,
VAGU-150 近親相姦中出しソープ 初めての熟女風俗、指名したら母ちゃんだった 総集編 2 4時間,VAGU-150 近親相姦中出しソープ 初めての熟女風俗、指名したら母ちゃんだった 総集編 2 4時間,VAGU-150,,2016-04-10,240分鐘,,VENUS,ULTIMA,近親相姦中出しソープ,成熟的女人、合集、亂倫、妓女、已婚婦女、4小時以上作品、DMM獨家,牧原れい子、澤村レイコ（高坂保奈美、高坂ますみ）、北条麻妃、折原ゆかり、楓姫輝、秋野千尋、七海ひさ代、森沢かな（飯岡かなこ）、百合川さら、篠田あゆみ,https://www.javbus.com/VAGU-150,
MBYD-253 恥ずかしさと快楽の狭間で崩れる貞操…玩具責めでイカされる人妻4時間,MBYD-253 恥ずかしさと快楽の狭間で崩れる貞操…玩具責めでイカされる人妻4時間,MBYD-253,,2016-04-09,240分鐘,,溜池ゴロー,溜池ゴロー,,成熟的女人、合集、新娘、年輕妻子、DMM獨家,北条麻妃、波多野結衣、椎名ゆな、保坂えり、本田莉子、篠田あゆみ、松嶋葵、井上綾子、香山美桜、葵千恵、柏木あおい、本城小百合、川上ゆう（森野雫）、南祥子、森ななこ、円城ひとみ、岡咲かすみ、本庄優花、北川エリカ、森沢かな（飯岡かなこ）、南せりな、神波多一花、通野未帆、長瀬涼子、東凛、一色里桜、かすみ果穂、谷原希美,https://www.javbus.com/MBYD-253,
TORG-038 昭和人妻官能絵巻 ～妖艶淫靡に熟した肢体達～［ディレクターズ特別編集版］,TORG-038 昭和人妻官能絵巻 ～妖艶淫靡に熟した肢体達～［ディレクターズ特別編集版］,TORG-038,,2016-04-08,241分鐘,貞邪我,オルガ,ORGA,,成熟的女人、合集、已婚婦女、通姦、4小時以上作品、高畫質、戲劇,北条麻妃、雨宮真貴、青山葵、宮部涼花、安野由美,https://www.javbus.com/TORG-038,
MMB-040 ～純真人妻プレミアム～ あの超S級他人妻とヤリたくて,MMB-040 ～純真人妻プレミアム～ あの超S級他人妻とヤリたくて,MMB-040,,2016-04-03,240分鐘,,桃太郎映像出版,桃太郎ベスト,,合集、已婚婦女、4小時以上作品、DMM獨家,川上ゆう（森野雫）、甘衣かおり、加藤ツバキ（夏樹カオル）、柳田やよい、北条麻妃、水城奈緒、佐藤みき（佐藤美紀、鈴木志帆）、春風えみ、桃瀬えみる、佐々木恋海（向井恋）,https://www.javbus.com/MMB-040,
EMAC-060 「厳選」四十路人妻 熟れカラダのぐっしょ濡れオマ○コにカチカチの肉棒を突っ込みまくる とにかくエロい熟した女たち20人4時間,EMAC-060 「厳選」四十路人妻 熟れカラダのぐっしょ濡れオマ○コにカチカチの肉棒を突っ込みまくる とにかくエロい熟した女たち20人4時間,EMAC-060,,2016-03-27,240分鐘,艶熟寺,DX/エマニエル,DX（エマニエル）,,成熟的女人、已婚婦女、4小時以上作品、DMM獨家,北条麻妃、山本美和子、松本まりな、福元美砂恵（仲間麗奈）、寺崎泉、木村真子、真矢涼子、稲森琴、高嶋美鈴、藤下梨花、波多野結衣、白鳥寿美礼、結城みさ、澤村レイコ（高坂保奈美、高坂ますみ）、松嶋友里恵、神崎久美、矢部寿恵、石橋ゆうこ、森貴代美、仲田絵理、艶堂しほり（遠藤しおり）,https://www.javbus.com/EMAC-060,
ASFB-190 悩殺SEXYランジェリー スケベな下着のお姉様 4時間 BEST,ASFB-190 悩殺SEXYランジェリー スケベな下着のお姉様 4時間 BEST,ASFB-190,,2016-03-27,240分鐘,,FetishBox/妄想族,FetishBox/妄想族,悩殺SEXYランジェリー,蕩婦、其他戀物癖、合集、DMM獨家,北条麻妃、波多野結衣、かすみりさ、北川エリカ、小早川怜子、篠田あゆみ、広瀬奈々美（堀口奈津美）,https://www.javbus.com/ASFB-190,
RUNG-1001 熟汁 キッチンでじゅぽじゅぽフェラ 口内発射 泡立つザーメン お口ベチョベチョ 21人 4時間,RUNG-1001 熟汁 キッチンでじゅぽじゅぽフェラ 口内発射 泡立つザーメン お口ベチョベチョ 21人 4時間,RUNG-1001,,2016-03-25,241分鐘,,MellowMoon（メロウムーン）,爛月（らんげつ）,,蕩婦、成熟的女人、口交、合集、4小時以上作品,小池絵美子、翔田千里、菊川麻里、北条麻妃、真木静乃、結城みさ、矢部寿恵、加山なつこ、松本まりな、朝宮涼子、桐島綾子、近藤郁（近藤郁美）、大嶋しのぶ、西城玲華、牧野紗代、杉本美奈代、寺島千鶴、小糸叶芽、七海ひさ代、沢木えりか、水野淑恵,https://www.javbus.com/RUNG-1001,
NASS-402 近所に住む綺麗な昼顔妻が濃厚エロフェロモンをふりまき、男は発情！2人掛かりでレイプし、無防備妻と濃厚に3P中出しSEXをした！,NASS-402 近所に住む綺麗な昼顔妻が濃厚エロフェロモンをふりまき、男は発情！2人掛かりでレイプし、無防備妻と濃厚に3P中出しSEXをした！,NASS-402,,2016-03-25,120分鐘,,なでしこ,Nadeshiko,,成熟的女人、強姦、連褲襪、已婚婦女、多P、中出、高畫質,村上涼子（中村りかこ、黒木菜穂）、北条麻妃、神崎久美、松嶋友里恵、広瀬奈々美（堀口奈津美）,https://www.javbus.com/NASS-402,
YUM-1006 美熟女 オフィス逆セクハラ 20人 4時間,YUM-1006 美熟女 オフィス逆セクハラ 20人 4時間,YUM-1006,,2016-03-25,239分鐘,,MellowMoon（メロウムーン）,YumYum,,蕩婦、成熟的女人、OL、4小時以上作品,妃乃ひかり、翔田千里、菊川麻里、北島玲、北条麻妃、松本まりな、おぐりみく、黒沢那智、加納綾子、間宮純、桐島綾子、花島瑞江、大橋ひとみ、葉山弓子、祐花凛、堀ゆずき、大嶋しのぶ、汝鳥すみか,https://www.javbus.com/YUM-1006,
KAGH-052 8時間はたらくおんな 真面目に勤務している女ほど、マ●コがぐじゅぐじゅに濡れている,KAGH-052 8時間はたらくおんな 真面目に勤務している女ほど、マ●コがぐじゅぐじゅに濡れている,KAGH-052,,2016-03-25,481分鐘,妻撮りの翁,AFRO-FILM,かぐや姫（AFRO-FILM）,,企畫、各種職業、中出、4小時以上作品、高畫質,川上ゆう（森野雫）、北条麻妃、羽月希、桐岡さつき、結城みさ、矢部寿恵、松下美香、有奈めぐみ、美緒みくる、伊織涼子、沢田珠里、大橋るり、葵こはる（えりか）、初美沙希、阿部乃みく、稲川なつめ、未来ひかり,https://www.javbus.com/KAGH-052,
KUSR-016 媚薬社内痴漢,KUSR-016 媚薬社内痴漢,KUSR-016,,2016-03-25,120分鐘,菊の助,ビッグモーカル,九龍（ビッグモーカル）,,OL、藥物、性騷擾、制服、輪姦、凌辱、高畫質,北条麻妃、保坂えり、篠田あゆみ,https://www.javbus.com/KUSR-016,
LESJ-320 唾液ダラダラ接吻痴漢 自分の娘と同じくらいの女の子にディープキスされた私（ノンケ）男日照りのカラダに火がついたのかパンティはマン汁でびちょ濡れでした！,LESJ-320 唾液ダラダラ接吻痴漢 自分の娘と同じくらいの女の子にディープキスされた私（ノンケ）男日照りのカラダに火がついたのかパンティはマン汁でびちょ濡れでした！,LESJ-320,,2016-03-22,124分鐘,,マニアゼロ,レズ倶楽部,,成熟的女人、女同性戀、性騷擾、高畫質、キス・接吻,川上ゆう（森野雫）、北条麻妃、新尾きり子、友田彩也香、琥珀うた、雨宮琴音、瀬名あゆむ（広瀬藍子）、松本まりな、保坂えり、京野美麗,https://www.javbus.com/LESJ-320,
DIPO-031 人妻究極フェラチオ100人100連発！！！ Vol.2,DIPO-031 人妻究極フェラチオ100人100連発！！！ Vol.2,DIPO-031,,2016-03-18,240分鐘,,プリモ,エロナンデス,人妻究極フェラチオ100人100連発！！！,苗條、口交、已婚婦女、數位馬賽克、4小時以上作品、顏射、巨乳,葉月由良（星野綾香、中州悠良）、楠木爽子、北条麻妃、林このみ、北川千尋、星野声奈、ゆりあ、宮坂レイア、山梨ゆず、片瀬瑞恵,https://www.javbus.com/DIPO-031,
DFGR-003 ベロキス接吻MANIAX 私の唾液、とっても甘くて美味しいでしょ？ VOL.2,DFGR-003 ベロキス接吻MANIAX 私の唾液、とっても甘くて美味しいでしょ？ VOL.2,DFGR-003,,2016-03-15,120分鐘,,ジャネス,FUTUREGREEN,ベロキス接吻MANIAX,成熟的女人、姐姐、キス・接吻、內衣、打手槍,川上ゆう（森野雫）、澤村レイコ（高坂保奈美、高坂ますみ）、北条麻妃、水嶋あずみ、雨宮琴音、大槻ひびき、瀧川花音,https://www.javbus.com/DFGR-003,
RBB-088 このあと滅茶苦茶SEXしたくなるようなエロい衣装で誘っている女16時間,RBB-088 このあと滅茶苦茶SEXしたくなるようなエロい衣装で誘っている女16時間,RBB-088,,2016-03-13,960分鐘,,ROOKIE,ROOKIE,,其他戀物癖、合集、美少女、DMM獨家,北条麻妃、JULIA、仁科百華、佐山愛、乃々果花、沖田杏梨、木下あずみ、水野朝陽、本田莉子、ゆいの,https://www.javbus.com/RBB-088,
EMBX-053 丸ごとエロ美熟女！4時間超えベスト「私達でヌイてヌイてヌキまくってね」,EMBX-053 丸ごとエロ美熟女！4時間超えベスト「私達でヌイてヌイてヌキまくってね」,EMBX-053,,2016-02-28,250分鐘,,LADY★BABA/エマニエル,LADY★BABA,,成熟的女人、合集、已婚婦女、羞恥、4小時以上作品、DMM獨家,徳井唯、北条麻妃、松下美雪、浅井舞香、五十嵐しのぶ、片瀬仁美、原山あかり、鈴木えり、真矢恵子、和泉紫乃、佐伯華枝、結希玲衣（美咲礼、美咲レイ）,https://www.javbus.com/EMBX-053,
NASS-389 嫁の母に… ～禁断の中出し性交～,NASS-389 嫁の母に… ～禁断の中出し性交～,NASS-389,,2016-02-26,118分鐘,,なでしこ,Nadeshiko,嫁の母に…,成熟的女人、中出、婆婆、高畫質、出軌,菊川麻里、北条麻妃、大石忍,https://www.javbus.com/NASS-389,
ARM-495 指一本触れずに僕を発射へ追い込むお姉さんのエロい囁きとチラリズム その3,ARM-495 指一本触れずに僕を発射へ追い込むお姉さんのエロい囁きとチラリズム その3,ARM-495,,2016-02-20,117分鐘,,アロマ企画,AROMA,指一本触れずに僕を発射へ追い込むお姉さんのエロい囁きとチラリズム,蕩婦、妄想、主觀視角、高畫質、內衣、DMM獨家,北条麻妃、枢木みかん、新山沙弥、滝澤れい、芦川芽依、桃瀬ゆり、朝比奈麻里,https://www.javbus.com/ARM-495,
LZBS-016 レズれ！厳選BEST8時間 真咲南朋監督が12作品から選んだエロシーン全てお見せします！,LZBS-016 レズれ！厳選BEST8時間 真咲南朋監督が12作品から選んだエロシーン全てお見せします！,LZBS-016,,2016-02-15,480分鐘,真咲南朋,レズれ！,レズれ！ベスト,レズれ！厳選BEST8時間,女同性戀、合集、69、4小時以上作品、女同接吻、DMM獨家,波多野結衣、新山かえで、成宮ルリ、朝宮涼子、音無かおり、桜井あゆ、長瀬涼子、内村りな、小司あん、篠田あゆみ、北条麻妃、真咲南朋（楓モモ、安藤なつ妃）、水嶋あい、琥珀うた、結城みさ、宮部涼花、希咲エマ（HARUKI、加藤はる希）、川上ゆう（森野雫）、乙葉ななせ、春原未来、北川エリカ、佐々木恋海（向井恋）、保坂えり、Maika（MEW）,https://www.javbus.com/LZBS-016,
EMBZ-106 今宵、美人妻を凌辱したい…熟女塾・ザ・レイプ・ベストセレクション Vol.5 嬲姦！熟れた女体は鬼畜共に犯されまくり、肉奴隷へと堕ちていく。,EMBZ-106 今宵、美人妻を凌辱したい…熟女塾・ザ・レイプ・ベストセレクション Vol.5 嬲姦！熟れた女体は鬼畜共に犯されまくり、肉奴隷へと堕ちていく。,EMBZ-106,,2016-02-15,250分鐘,熟島竜平,熟女塾/エマニエル,熟女塾,熟女塾・ザ・レイプ・ベストセレクション,成熟的女人、合集、中出、DMM獨家,澤村レイコ（高坂保奈美、高坂ますみ）、北条麻妃、真弓あずさ、華原美奈子、竹内れい子、和泉紫乃,https://www.javbus.com/EMBZ-106,
DFBL-005 ふしだらな淫脚で究極の足コキ その素晴らしい「おみ足」で僕のチ○ポをシゴいてくださいませんか？,DFBL-005 ふしだらな淫脚で究極の足コキ その素晴らしい「おみ足」で僕のチ○ポをシゴいてくださいませんか？,DFBL-005,,2016-02-15,140分鐘,,ジャネス,FUTUREBLUE,,蕩婦、連褲襪、戀腿癖、足交,澤村レイコ（高坂保奈美、高坂ますみ）、北条麻妃、有村千佳、竹内紗里奈、夏目優希、瀧川花音、桜井あゆ、松岡セイラ,https://www.javbus.com/DFBL-005,
LZWM-012 ノーモザイク・レズれ！ 川上ゆう/神ユキ/北川エリカ/陽木かれん/友田彩也香/朝倉ことみ/北条麻妃/紗藤まゆ/原千草/音無かおり,LZWM-012 ノーモザイク・レズれ！ 川上ゆう/神ユキ/北川エリカ/陽木かれん/友田彩也香/朝倉ことみ/北条麻妃/紗藤まゆ/原千草/音無かおり,LZWM-012,,2016-02-15,130分鐘,,レズれ！,レズれ！プレイ,ノーモザイク・レズれ！,女同性戀、69、女同接吻、女優按摩棒、DMM獨家、局部特寫,川上ゆう（森野雫）、北条麻妃、友田彩也香、朝倉ことみ、北川エリカ、音無かおり、神ユキ、原千草、紗藤まゆ、陽木かれん,https://www.javbus.com/LZWM-012,
MBYD-248 友人の母 息子の友人に犯され、幾度もイカされてしまったんです… 総集編12時間,MBYD-248 友人の母 息子の友人に犯され、幾度もイカされてしまったんです… 総集編12時間,MBYD-248,,2016-02-11,720分鐘,,溜池ゴロー,溜池ゴロー,友人の母,成熟的女人、合集、已婚婦女、羞恥、出軌、巨乳、DMM獨家,風間ゆみ、北条麻妃、佐藤みき（佐藤美紀、鈴木志帆）、矢部寿恵、大田ゆりか、三浦恵理子、長瀬涼子、潮見百合子、篠田あゆみ、広瀬奈々美（堀口奈津美）、相原ひとみ、大橋ひとみ、南紗穂、浅井舞香、牧原れい子、七海ひさ代、矢吹京子,https://www.javbus.com/MBYD-248,
DMBK-048 【逆】アナルペニバンFUCK 陶酔するM男オルガズムの世界4時間,DMBK-048 【逆】アナルペニバンFUCK 陶酔するM男オルガズムの世界4時間,DMBK-048,,2016-02-02,244分鐘,,ジャネス,MAZOBOYSCLUB,,玩具、4小時以上作品、M男、緊縛,川上ゆう（森野雫）、澤村レイコ（高坂保奈美、高坂ますみ）、北条麻妃、みづなれい（みずなれい）、泉麻那、有村千佳、初美沙希、北川エリカ、真野ゆりあ、篠田あゆみ,https://www.javbus.com/DMBK-048,
SESA-017 働くお姉さん（真性レズ）に突然、レズ痴漢された私（ノンケ）初めての経験に戸惑いつつも感じてしまい何度もイカされちゃいました！,SESA-017 働くお姉さん（真性レズ）に突然、レズ痴漢された私（ノンケ）初めての経験に戸惑いつつも感じてしまい何度もイカされちゃいました！,SESA-017,,2016-01-31,110分鐘,ACIDKILLER,設定思考/妄想族,設定思考/妄想族,,护士、女同性戀、各種職業、舔陰、女同接吻、DMM獨家,川上ゆう（森野雫）、北条麻妃、新尾きり子、友田彩也香、琥珀うた、雨宮琴音、瀬名あゆむ（広瀬藍子）、松本まりな、保坂えり、京野美麗、宮間葵、波多野結衣、篠田ゆう、佳苗るか、若菜みなみ、月美弥生、佐伯春菜、桜井あゆ、三浦まい,https://www.javbus.com/SESA-017,
KOOB-002 イキまくる女の肉壷がどうしようもなく蠢き 有りえないほど淫らに腰をクネらせ 僕たちの肉棒をトロけさせる媚薬的映像 狂気乱舞の淫乱SEX 総集編,KOOB-002 イキまくる女の肉壷がどうしようもなく蠢き 有りえないほど淫らに腰をクネらせ 僕たちの肉棒をトロけさせる媚薬的映像 狂気乱舞の淫乱SEX 総集編,KOOB-002,,2016-01-24,240分鐘,,AVScollector’s,AVSCollector’s,,成熟的女人、合集、4小時以上作品、高畫質、DMM獨家,風間ゆみ、碧しの（篠めぐみ）、舞咲みくに、堀内秋美、白咲未羽（白咲美羽）、今亜理紗、北条麻紀、北条麻妃,https://www.javbus.com/KOOB-002,
HNDS-039 100人×中出し2015完全版,HNDS-039 100人×中出し2015完全版,HNDS-039,,2016-01-23,720分鐘,,本中,本中,100人×中出し,野外・露出、濫交、纪录片、美少女、中出、高畫質、DMM獨家,翔田千里、北条麻妃、上原亜衣、AIKA、佳苗るか、浜崎真緒、宮崎あや、神木さやか,https://www.javbus.com/HNDS-039,
OVG-035 夜這いされ喘ぎ声を我慢しながら旦那の横で中出しまでされる人妻（OVG-035）,OVG-035 夜這いされ喘ぎ声を我慢しながら旦那の横で中出しまでされる人妻（OVG-035）,OVG-035,,2016-01-20,126分鐘,,グローリークエスト,GLORYQUEST,夜這いされ喘ぎ声を我慢しながら旦那の横で中出しまでされる人妻,已婚婦女、凌辱、中出、高畫質、出軌、單體作品,かすみ果穂、北条麻妃、松本まりな、KAORI、松井優子,https://www.javbus.com/OVG-035,
ASFB-176 ヌキ系性感DETOXサロン 心をこめて射精までしっかりとご奉仕いたします 4時間スペシャル,ASFB-176 ヌキ系性感DETOXサロン 心をこめて射精までしっかりとご奉仕いたします 4時間スペシャル,ASFB-176,,2016-01-17,240分鐘,,FetishBox/妄想族,FetishBox/妄想族,,蕩婦、其他戀物癖、美容院、DMM獨家,川上ゆう（森野雫）、北条麻妃、平松恵理香、結城みさ、大槻ひびき、有村千佳、北川エリカ、夏目優希、矢沢りょう、水瀬いつき、桜井あゆ、若菜あゆみ,https://www.javbus.com/ASFB-176,
ASFB-175 淫語オナニー中毒 6 4時間,ASFB-175 淫語オナニー中毒 6 4時間,ASFB-175,,2016-01-17,240分鐘,,FetishBox/妄想族,FetishBox/妄想族,淫語オナニー中毒,其他戀物癖、淫語、DMM獨家、自慰,川上ゆう（森野雫）、澤村レイコ（高坂保奈美、高坂ますみ）、北条麻妃、みづなれい（みずなれい）、大槻ひびき、かすみりさ、小早川怜子、上原花恋、篠田あゆみ、広瀬奈々美（堀口奈津美）,https://www.javbus.com/ASFB-175,
RBB-079 絡まる舌 交わるカラダ 女同士の百合×百合 レズ 50タイトル8時間,RBB-079 絡まる舌 交わるカラダ 女同士の百合×百合 レズ 50タイトル8時間,RBB-079,,2016-01-16,480分鐘,,ROOKIE,ROOKIE,,蕩婦、女同性戀、合集、女同接吻、DMM獨家,樹花凜（七咲楓花）、瀬名あゆむ（広瀬藍子）、大槻ひびき、Hitomi（田中瞳）、天海つばさ、沖田杏梨、大塚まゆ、堀内かえで、水野朝陽、伊織（黒姫伊織）、天川ひとみ、瞳リョウ、葵ゆめ、三浦恵理子、白木優子、尾上若葉、朝倉ことみ、上原亜衣、篠宮ゆり、湊莉久、さとう遥希、桃色さくら、江波りゅう（RYU)、青木美空、春希ゆきの、美泉咲、波多野結衣、櫻井ともか、妃乃ひかり、愛代さやか、辻本りょう、音無かおり、川上ゆう（森野雫）、麻生ゆう、七瀬あさ美、沙月由奈、愛咲れいら（原千尋）、北条麻妃、黒沢那智、野宮さとみ、澤村レイコ（高坂保奈美、高坂ますみ）、塚田詩織、春日もな、椎名みゆ、水嶋あい、木内亜美菜、上原花恋、彩城ゆりな、愛須心亜、結城みさ、浅井舞香、水原さな、桜井あゆ、有森涼（事原みゆ）、大場ゆい、広瀬りほ、篠宮奈津子、森沢かな（飯岡かなこ）、青山未来、小早川怜子、葵こはる（えりか）、翔田千里、風間ゆみ、牧原れい子、初美沙希、二葉このみ、水樹りさ、琥珀うた、竹内真琴、佳苗るか、市來あやか、中川理沙、藤江由恵、羽月希、さとう愛理、小川奈緒,https://www.javbus.com/RBB-079,
MBYD-247 愚鈍な夫には見抜けないっ！妻の浮気・不倫情事4時間,MBYD-247 愚鈍な夫には見抜けないっ！妻の浮気・不倫情事4時間,MBYD-247,,2016-01-09,240分鐘,,溜池ゴロー,溜池ゴロー,,合集、已婚婦女、新娘、年輕妻子、通姦、出軌、DMM獨家,かすみ果穂、Hitomi（田中瞳）、高梨あゆみ、通野未帆、橘優花、百合川さら、宮部涼花、白井ユリ、篠田あゆみ、東凛、高岡すみれ、三上里穂、森沢かな（飯岡かなこ）、本田莉子、倉多まお、風間ゆみ、森ななこ、波多野結衣、北条麻妃、椎名ゆな、結城みさ、神ユキ、矢部寿恵、朱莉さとみ,https://www.javbus.com/MBYD-247,
MBYD-246 凄テクを我慢できれば生★中出しSEXベストテクニック8時間,MBYD-246 凄テクを我慢できれば生★中出しSEXベストテクニック8時間,MBYD-246,,2016-01-09,480分鐘,,溜池ゴロー,溜池ゴロー,我慢できれば生★中出しSEX！,成熟的女人、合集、已婚婦女、中出、DMM獨家、打手槍,風間ゆみ、川上ゆう（森野雫）、村上涼子（中村りかこ、黒木菜穂）、翔田千里、澤村レイコ（高坂保奈美、高坂ますみ）、北条麻妃、加山なつこ、小早川怜子,https://www.javbus.com/MBYD-246,
KMDS-20334 日本VS海外剛毛熟女SEX対決！！40人8時間,KMDS-20334 日本VS海外剛毛熟女SEX対決！！40人8時間,KMDS-20334,,2016-01-01,483分鐘,,カマタ映像,弁天,,成熟的女人、玩具、其他戀物癖、白人、4小時以上作品,北条麻妃、加納瞳、高梨あゆみ、花村いずみ、溝口汐里、美月潤,https://www.javbus.com/KMDS-20334,
ASFB-173 ネバネバ変態ヤリま○こ膣内射精 美しきニンフォマニアの淫乱アクメ 4時間スペシャル,ASFB-173 ネバネバ変態ヤリま○こ膣内射精 美しきニンフォマニアの淫乱アクメ 4時間スペシャル,ASFB-173,,2015-12-28,240分鐘,,FetishBox/妄想族,FetishBox/妄想族,,蕩婦、其他戀物癖、花癡、DMM獨家,澤村レイコ（高坂保奈美、高坂ますみ）、北条麻妃、みづなれい（みずなれい）、水嶋あずみ、晴華れい、北川エリカ、夏目優希、小早川怜子、桜井あゆ、広瀬奈々美（堀口奈津美）、深田梨菜（深田梨奈）、相葉レイカ,https://www.javbus.com/ASFB-173,
RCT-808 かかってこいよ風間ゆみ 因縁女優とガチンコレズバトル3番勝負,RCT-808 かかってこいよ風間ゆみ 因縁女優とガチンコレズバトル3番勝負,RCT-808,,2015-12-24,134分鐘,舟木シータ,ROCKET,ROCKET,,企畫、女同性戀、潮吹、淫語、高畫質,風間ゆみ、北条麻妃、真木今日子、加納綾子,https://www.javbus.com/RCT-808,
GSNJV-005 近親相姦！「お父さんには内緒にしてね」いやらしいお母さんの体に僕のチ●コは超勃起！気づいたお母さんはお父さんにバレないようこっそりと挿入させてくれた 第2章,GSNJV-005 近親相姦！「お父さんには内緒にしてね」いやらしいお母さんの体に僕のチ●コは超勃起！気づいたお母さんはお父さんにバレないようこっそりと挿入させてくれた 第2章,GSNJV-005,,2015-12-17,116分鐘,,グラフィティジャパン,G-style（グラフィティジャパン）,近親相姦！「お父さんには内緒にしてね」,成熟的女人、亂倫、已婚婦女、中出、高畫質、出軌,加藤ツバキ（夏樹カオル）、北条麻妃、五十嵐しのぶ,https://www.javbus.com/GSNJV-005,
ASFB-168 爆尻ヒップスター デカ尻マニアCOLLECTION 4時間,ASFB-168 爆尻ヒップスター デカ尻マニアCOLLECTION 4時間,ASFB-168,,2015-12-13,240分鐘,,FetishBox/妄想族,FetishBox/妄想族,,其他戀物癖、屁股、巨尻、DMM獨家,川上ゆう（森野雫）、澤村レイコ（高坂保奈美、高坂ますみ）、みづなれい（みずなれい）、大槻ひびき、有村千佳、かすみりさ、小早川怜子、上原花恋、佐々木恋海（向井恋）、成海うるみ、北条麻妃、広瀬奈々美（堀口奈津美）,https://www.javbus.com/ASFB-168,
ASFB-170 淫語手コキで脳内快楽中枢を刺激せよ！Vol.3 4時間SP,ASFB-170 淫語手コキで脳内快楽中枢を刺激せよ！Vol.3 4時間SP,ASFB-170,,2015-12-13,240分鐘,,FetishBox/妄想族,FetishBox/妄想族,淫語手コキで脳内快楽中枢を刺激せよ,蕩婦、淫語、DMM獨家、打手槍,北条麻妃、みづなれい（みずなれい）、友田彩也香、大槻ひびき、かすみりさ、佳苗るか、北川杏樹、上原花恋、桜井あゆ、浜崎真緒、小早川怜子、真野ゆりあ、北川エリカ、有村千佳、稲川なつめ,https://www.javbus.com/ASFB-170,
AVSP-017 渡辺琢斗大図鑑 8時間 Premium Best 6,AVSP-017 渡辺琢斗大図鑑 8時間 Premium Best 6,AVSP-017,,2015-12-07,480分鐘,渡辺琢斗,AVScollector’s,AVS,渡辺琢斗大図鑑,其他戀物癖、合集、連褲襪、4小時以上作品、DMM獨家,梶原まゆ、村上涼子（中村りかこ、黒木菜穂）、星優乃、星崎アンリ、友田彩也香、江波りゅう（RYU)、伊織涼子、高瀬沙耶香、音無かおり、青山葵、加山なつこ、松下ゆうか（愛乃彩音、藤咲ゆうか）、森ななこ、宮崎由麻、桜月舞、紺乃すず、宮村恋、橘未稀（石川麻矢）、夢咲こよい、紫彩乃、森下さやか、上原優、若槻尚美、水嶋あずみ、木村真子、松本亜璃沙、立花瞳、里美りん、三咲恭子、高沢はるな、羽月希、川上ゆう（森野雫）、当真ゆき（桜井マミ）、寺崎泉、夏目優希、桐岡さつき、小出遥、小坂めぐる、美山蘭子、藤原絵理香、大塚ひな、一条あや、鳴瀬さき、RUMIKA、山本美和子、西条麗、加藤ツバキ（夏樹カオル）、北条麻妃、小嶋ジュンナ、叶みわ、神崎レオナ（七瀬かすみ）、瞳めい、寺澤しのぶ,https://www.javbus.com/AVSP-017,
AUKG-318 美熟女ぬるてかレズビアン,AUKG-318 美熟女ぬるてかレズビアン,AUKG-318,,2015-12-07,110分鐘,,U＆K,U＆K,,成熟的女人、女同性戀、乳液、性感的、巨乳、DMM獨家,澤村レイコ（高坂保奈美、高坂ますみ）、北条麻妃、冬木舞、桐島綾子、宮部涼花、逢沢はるか（黒木琴音）,https://www.javbus.com/AUKG-318,
CRMN-066 夢の足コキパラダイス 肉棒に絡みつく足技でザーメン生搾り 4時間,CRMN-066 夢の足コキパラダイス 肉棒に絡みつく足技でザーメン生搾り 4時間,CRMN-066,,2015-12-07,240分鐘,,痴ロモン/妄想族,痴ロモン/妄想族,,蕩婦、其他戀物癖、戀腿癖、DMM獨家,澤村レイコ（高坂保奈美、高坂ますみ）、みづなれい（みずなれい）、瀬名あゆむ（広瀬藍子）、大槻ひびき、有村千佳、宮間葵、上原花恋、桜井あゆ、小西まりえ、阿部乃みく、小早川怜子、北川エリカ、夏目優希、北川杏樹、北条麻妃、あずみ恋,https://www.javbus.com/CRMN-066,
JUSD-669 人妻凌辱痴漢電車 総集編8時間,JUSD-669 人妻凌辱痴漢電車 総集編8時間,JUSD-669,,2015-12-03,480分鐘,,マドンナ,Madonna,人妻○○痴漢電車,成熟的女人、合集、各種職業、已婚婦女、數位馬賽克、性騷擾、DMM獨家,北条麻妃、二宮沙樹、KAORI、愛田奈々、白木優子、三浦恵理子、石原あずさ、原ちとせ,https://www.javbus.com/JUSD-669,
UD-693R いきなりパンツ脱がせてM字開脚 恥じらいの美熟女ドエロマ●コ 4,UD-693R いきなりパンツ脱がせてM字開脚 恥じらいの美熟女ドエロマ●コ 4,UD-693R,,2015-12-01,133分鐘,毛利秀虎,LEO,LEO,いきなりパンツ脱がせてM字開脚,成熟的女人、其他戀物癖、纪录片、巨乳,北条麻妃、森ななこ、美泉咲,https://www.javbus.com/UD-693R,
ASFB-167 MEN’S潮吹きアクメ イカされて、吹かされて、イキ果てる 男の射精と潮吹き 4時間 Vol.2,ASFB-167 MEN’S潮吹きアクメ イカされて、吹かされて、イキ果てる 男の射精と潮吹き 4時間 Vol.2,ASFB-167,,2015-11-29,240分鐘,,FetishBox/妄想族,FetishBox/妄想族,MEN’S潮吹きアクメ,蕩婦、其他戀物癖、潮吹、DMM獨家,北条麻妃、有村千佳、かすみりさ、北川エリカ、夏目優希、小早川怜子、桜井あゆ、浜崎真緒、真野ゆりあ、篠田あゆみ、広瀬奈々美（堀口奈津美）、川上ゆう（森野雫）,https://www.javbus.com/ASFB-167,
BMW-115 100人100SEX24時間,BMW-115 100人100SEX24時間,BMW-115,,2015-11-28,1440分鐘,,ワンズファクトリー,WANZ,,合集、中出、巨乳、DMM獨家,京野明日香、つぼみ、澤村レイコ（高坂保奈美、高坂ますみ）、麻倉憂、尾上若葉、裕木まゆ、真野ゆりあ、里咲しおり、雨乃しずく、青山えりか、須藤あいく、板垣あずさ、原千草、千乃あずみ、上原花恋、紅音レイラ、水野朝陽、篠田あゆみ、本田莉子、川村まや、あべみかこ、かすみ果穂、水原アキ、北条麻妃、松下ひかり、新山かえで、桜木莉愛（かじか凛）、星崎アンリ、立花くるみ、AIKA、青山未来、シェリー（Shelly、藤井シェリー）（しぇりー）、林ゆな、早川瀬里奈、相葉りな、二宮沙樹、神ユキ、一色里桜、森沢かな（飯岡かなこ）、茜あずさ、白石ありさ、秋吉ひな、菜月アンナ、上原亜衣、葉月可恋、西條るり、妃乃ひかり、結城みさ、西川りおん、葉山ゆめの、椎名ゆな、北川瞳、長谷川ミク、三浦恵理子、稲川なつめ、江波りゅう（RYU)、春原未来、小早川怜子、森ななこ、成宮ルリ、佳苗るか、鈴村いろは、川菜美鈴、杏美月、北川杏樹、神波多一花、青井いちご、かすみりさ、愛乃なみ、友田彩也香、愛実れい、宮野瞳、葵こはる（えりか）、工藤美紗、星野あかり、板野有紀、風間ゆみ,https://www.javbus.com/BMW-115,
CORB-032 調教完了30人12時間,CORB-032 調教完了30人12時間,CORB-032,,2015-11-28,720分鐘,,CORE,CORE,調教完了○人○時間,合集、性奴、DMM獨家、肛交,愛咲れいら（原千尋）、翔田千里、澤村レイコ（高坂保奈美、高坂ますみ）、北条麻妃、碧しの（篠めぐみ）、春原未来、朝倉ことみ、杏紅茶々、涼風ことの、一之瀬すず,https://www.javbus.com/CORB-032,
BIB-132 痴女の腰振りテク騎乗位イカせ4時間,BIB-132 痴女の腰振りテク騎乗位イカせ4時間,BIB-132,,2015-11-21,240分鐘,,美,美,,蕩婦、合集、姐姐、女上位、巨乳、DMM獨家,風間ゆみ、北川瞳、森ななこ、倉多まお、蓮実クレア、今井美鈴、酒井ももか、森咲みお、穂高ゆうき、神尾舞、上原保奈美、さとう遥希、JULIA、桐谷ユリア、波多野結衣、春原未来、松嶋葵、結城みさ、北条麻妃、椎名ゆな、ももかさくら、前田優希、篠田あゆみ、長谷川リホ、桜木凛、紅音レイラ、有沢りさ、鈴村いろは、保坂えり、一ノ瀬ルカ、上原果歩、千乃あずみ、水咲あかね、小川あさ美、桜ここみ,https://www.javbus.com/BIB-132,
HNDS-036 裏100人×中出し2015 美熟女教師が教える孕ませ中出し学園,HNDS-036 裏100人×中出し2015 美熟女教師が教える孕ませ中出し学園,HNDS-036,,2015-11-21,120分鐘,らくだ,本中,本中,100人×中出し,蕩婦、成熟的女人、淫語、性奴、中出、高畫質、DMM獨家,村上涼子（中村りかこ、黒木菜穂）、翔田千里、北条麻妃,https://www.javbus.com/HNDS-036,
DJSR-039 私、おばさんなのに若い娘にレズ痴漢されちゃいました 恥ずかしさのあまり戸惑ってたらアナルまで舐められビックリ！双頭チ○ポで二人ともイキまくりでした！！,DJSR-039 私、おばさんなのに若い娘にレズ痴漢されちゃいました 恥ずかしさのあまり戸惑ってたらアナルまで舐められビックリ！双頭チ○ポで二人ともイキまくりでした！！,DJSR-039,,2015-11-18,168分鐘,,ジャネス,ladies,,成熟的女人、护士、女同性戀、舔陰、女同接吻、高畫質,川上ゆう（森野雫）、北条麻妃、新尾きり子、友田彩也香、琥珀うた、雨宮琴音、瀬名あゆむ（広瀬藍子）、松本まりな、保坂えり、京野美麗,https://www.javbus.com/DJSR-039,
DMBA-175 究極のM男ご褒美スペシャル ペニバンアナルFUCKと聖水オーガズム,DMBA-175 究極のM男ご褒美スペシャル ペニバンアナルFUCKと聖水オーガズム,DMBA-175,,2015-11-15,142分鐘,,ジャネス,MAZOBOYSCLUB,,放尿、M男、肛交、打手槍,川上ゆう（森野雫）、澤村レイコ（高坂保奈美、高坂ますみ）、北条麻妃、杏樹、夏目優希、桜井あゆ、真野ゆりあ,https://www.javbus.com/DMBA-175,
TYWD-080 女がガムシャラに腰を振る淫乱熱情SEX80連発4時間,TYWD-080 女がガムシャラに腰を振る淫乱熱情SEX80連発4時間,TYWD-080,,2015-11-14,240分鐘,,乱丸,乱丸,女がガムシャラに腰を振る淫乱熱情SEX,成熟的女人、合集、花癡、數位馬賽克、女上位、巨乳、DMM獨家,妃乃ひかり、さとう遥希、仲丘たまき（片岡まきな）、成宮ルリ、青山菜々、さくら悠、北川杏樹、瀧川花音、本田莉子、大場ゆい、神波多一花、蓮実クレア、浜崎真緒、尾上若葉、小早川怜子、青山葵、夏目優希、桜井あゆ、湊莉久、逢沢はるか（黒木琴音）、広瀬奈々美（堀口奈津美）、篠田あゆみ、小口田桂子、水原さな、望月るな、涼風ことの、橘優花、千乃あずみ、市来美保、竹内紗里奈、愛実れい、高梨あゆみ、上原亜衣、沖田杏梨、川上ゆう（森野雫）、澄川ロア、京野明日香、江波りゅう（RYU)、翔田千里、辻本りょう、かすみ果穂、乃亜（鳥越乃亜）、紫彩乃、牧原れい子、風間ゆみ、寺崎泉、板垣あずさ、澤村レイコ（高坂保奈美、高坂ますみ）、波多野結衣、仁科百華、琥珀うた、西條るり、結城みさ、北川エリカ、友田彩也香、碧しの（篠めぐみ）、椎名ゆな、大槻ひびき、北条麻妃、長谷川ミク、玲丸、加山なつこ,https://www.javbus.com/TYWD-080,
FMR-39 肉欲妻 卑猥なカラダと熟れた蜜壺でオトコを貪る美人妻,FMR-39 肉欲妻 卑猥なカラダと熟れた蜜壺でオトコを貪る美人妻,FMR-39,,2015-11-12,240分鐘,,ルビー,琥珀,,連褲襪、已婚婦女、花癡、通姦、4小時以上作品,川上ゆう（森野雫）、早乙女ルイ、雪見紗弥、南ありさ、北条美里、小林里穂、北川エリカ、倉木みお、南レイ、中川純、安西優子（鈴木なつ）、立花綾乃、鷹宮りょう、有沢実紗、井川ゆい、北条麻妃、真木今日子、澤村レイコ（高坂保奈美、高坂ますみ）、石原こと、西川紗希,https://www.javbus.com/FMR-39,
AVSP-016 渡辺琢斗大図鑑 8時間 Premium Best 5,AVSP-016 渡辺琢斗大図鑑 8時間 Premium Best 5,AVSP-016,,2015-11-08,480分鐘,渡辺琢斗,AVScollector’s,AVS,渡辺琢斗大図鑑,合集、連褲襪、4小時以上作品、DMM獨家,風間ゆみ、黒木麻衣（花野真衣、SHIHO）、北条麻妃、篠原奈美、木下若菜、江波りゅう（RYU)、青山亜里沙、北川エリカ、桜木れん、篠田あゆみ、葉月奈穂（葉月菜穂）、橋本菜月、星月まゆら、沢田麗奈、小林里穂、加藤なお、高島恭子、阿立未来、七瀬ゆい（羽田未来）、宮村恋、風見とも香、伊織涼子、松下ゆうか（愛乃彩音、藤咲ゆうか）、朝丘まりん、あずま樹、片桐梓、青山葵、石倉えいみ、管野しずか、加山なつこ、中森玲子、日向さつき、藤咲葵（愛川香織）、上原優、中野愛里、浅見友紀、山本美和子、加賀雅、青山花梨、瀬奈ジュン、相原りお、真咲南朋（楓モモ、安藤なつ妃）、櫻井夕樹、小峰ひなた、音無かおり、細川まり、森ななこ、川上ゆう（森野雫）,https://www.javbus.com/AVSP-016,
DJSR-041 ノンケな熟女に偽チ○ポでレズ痴漢するいけない娘たち！「若いから油断しちゃった！」ペニバンのあまりの気持ち良さに自分でもビックリするほどイキまくり…,DJSR-041 ノンケな熟女に偽チ○ポでレズ痴漢するいけない娘たち！「若いから油断しちゃった！」ペニバンのあまりの気持ち良さに自分でもビックリするほどイキまくり…,DJSR-041,,2015-11-07,193分鐘,,ジャネス,ladies,,成熟的女人、OL、女同性戀、女教師、亂倫、性騷擾、高畫質,川上ゆう（森野雫）、北条麻妃、新尾きり子、友田彩也香、琥珀うた、雨宮琴音、瀬名あゆむ（広瀬藍子）、松本まりな、保坂えり、京野美麗,https://www.javbus.com/DJSR-041,
MBYD-243 巨根フェラ4時間,MBYD-243 巨根フェラ4時間,MBYD-243,,2015-11-07,240分鐘,,溜池ゴロー,溜池ゴロー,,口交、合集、已婚婦女、デカチン・巨根、巨乳、DMM獨家,川上ゆう（森野雫）、矢部寿恵、Hitomi（田中瞳）、春菜はな、倉多まお、三浦恵理子、長瀬涼子、通野未帆、東凛、広瀬奈々美（堀口奈津美）、本田莉子、矢吹京子、一色里桜、三橋杏奈、かすみ果穂、南せりな、潮見百合子、結城みさ、JULIA、波多野結衣、音無かおり、沖田杏梨、高梨あゆみ、神波多一花、北条麻妃、椎名ゆな、牧原れい子、浅井舞香、白咲未羽（白咲美羽）、宮部涼花,https://www.javbus.com/MBYD-243,
HYAZ-077 肉ビラ丸見えノーパンパンストオナニー,HYAZ-077 肉ビラ丸見えノーパンパンストオナニー,HYAZ-077,,2015-10-30,122分鐘,,ジャネス,Fetishパンスト,,放尿、連褲襪、戀腿癖、女優按摩棒、高畫質、自慰,北条麻妃、大槻ひびき、かすみりさ、佳苗るか、上原花恋、成海うるみ,https://www.javbus.com/HYAZ-077,
ASFB-163 本物の超淫乱女はフェラチオしながら猛烈にオナニーもするんです,ASFB-163 本物の超淫乱女はフェラチオしながら猛烈にオナニーもするんです,ASFB-163,,2015-10-30,140分鐘,,FetishBox/妄想族,FetishBox/妄想族,,蕩婦、口交、DMM獨家、自慰,澤村レイコ（高坂保奈美、高坂ますみ）、北条麻妃、友田彩也香、前田陽菜、小嶋ジュンナ、夏目優希、浜崎真緒、広瀬奈々美（堀口奈津美）,https://www.javbus.com/ASFB-163,
EMCB-010 絶対に手を出してはいけない熟したノンケ女にレズ行為 声も出せず糸引くほどマン汁が溢れ出す敏感熟女に発情する私,EMCB-010 絶対に手を出してはいけない熟したノンケ女にレズ行為 声も出せず糸引くほどマン汁が溢れ出す敏感熟女に発情する私,EMCB-010,,2015-10-30,110分鐘,艶熟寺,DX/エマニエル,DX（エマニエル）,,成熟的女人、女同性戀、DMM獨家,川上ゆう（森野雫）、北条麻妃、新尾きり子、友田彩也香、琥珀うた、雨宮琴音、瀬名あゆむ（広瀬藍子）、松本まりな、保坂えり、京野美麗,https://www.javbus.com/EMCB-010,
ASFB-161 美脚パンストマニアックス 極上の悩殺ストッキング 4時間 Vol.4,ASFB-161 美脚パンストマニアックス 極上の悩殺ストッキング 4時間 Vol.4,ASFB-161,,2015-10-30,240分鐘,,FetishBox/妄想族,FetishBox/妄想族,美脚パンストマニアックス,蕩婦、其他戀物癖、連褲襪、DMM獨家,川上ゆう（森野雫）、北条麻妃、大槻ひびき、竹内紗里奈、かすみりさ、夏目優希、小早川怜子、上原花恋、桜井あゆ、松岡セイラ、阿部乃みく、一ノ瀬アメリ（美空あやか、栗栖エリカ）,https://www.javbus.com/ASFB-161,
SESA-015 夫のいない間にNTR（寝取ら）れ何度もイカされた私。主人以外のチ○ポを咥えさせられ思わずオマ○コが疼いて大欲情しズボズボ中出し！ 2,SESA-015 夫のいない間にNTR（寝取ら）れ何度もイカされた私。主人以外のチ○ポを咥えさせられ思わずオマ○コが疼いて大欲情しズボズボ中出し！ 2,SESA-015,,2015-10-30,110分鐘,艶熟寺,設定思考/妄想族,設定思考/妄想族,夫のいない間にNTR（寝取ら）れ何度もイカされた私。,已婚婦女、深喉、中出、出軌、DMM獨家,村上涼子（中村りかこ、黒木菜穂）、北条麻妃、神崎久美、松嶋友里恵、広瀬奈々美（堀口奈津美）,https://www.javbus.com/SESA-015,
ASFB-162 粘膜と粘膜で感じ合う甘～いキスしようよ 淫舌と唾液が混じり合う最高のエロス VOL.2,ASFB-162 粘膜と粘膜で感じ合う甘～いキスしようよ 淫舌と唾液が混じり合う最高のエロス VOL.2,ASFB-162,,2015-10-30,240分鐘,,FetishBox/妄想族,FetishBox/妄想族,粘膜と粘膜で感じ合う甘～いキスしようよ,蕩婦、其他戀物癖、キス・接吻、DMM獨家,川上ゆう（森野雫）、北条麻妃、みづなれい（みずなれい）、北川瞳、有村千佳、かすみりさ、北川エリカ、夏目優希、小早川怜子、桜井あゆ、澤村レイコ（高坂保奈美、高坂ますみ）、佳苗るか,https://www.javbus.com/ASFB-162,
YUM-1002 熟れた女の異常な性欲20人,YUM-1002 熟れた女の異常な性欲20人,YUM-1002,,2015-10-25,240分鐘,,MellowMoon（メロウムーン）,YumYum,,蕩婦、成熟的女人、合集、4小時以上作品,加藤ツバキ（夏樹カオル）、澤村レイコ（高坂保奈美、高坂ますみ）、北条麻妃、甲斐ミハル、桐岡さつき、結城みさ、矢部寿恵、青木美空、雨宮真貴、牧野紗代、花島瑞江、寺崎泉、青山愛、真木静乃、若松かをり、小池絵美子、北原小百合、松下美香、松嶋友里恵、水嶋あずみ,https://www.javbus.com/YUM-1002,
BDSR-222 この神脚、生唾ごっくん…。 肌に吸い付くようにフィットしたパンストがいやらし過ぎる美脚お姉さんが焦らせながら責めてくる4時間12人 Vol.2,BDSR-222 この神脚、生唾ごっくん…。 肌に吸い付くようにフィットしたパンストがいやらし過ぎる美脚お姉さんが焦らせながら責めてくる4時間12人 Vol.2,BDSR-222,,2015-10-25,241分鐘,B巻太,ビッグモーカル,BIGMORKAL,この神脚、生唾ごっくん…。,其他戀物癖、連褲襪、姐姐、戀腿癖、4小時以上作品、高畫質,澤村レイコ（高坂保奈美、高坂ますみ）、深田梨菜（深田梨奈）、北条麻妃、みづなれい（みずなれい）、水嶋あずみ、藤北彩香、かすみりさ、上原花恋、瀧川花音、松岡セイラ、小早川怜子、宮間葵,https://www.javbus.com/BDSR-222,
NASS-328 近所で評判な美人妻のイヤらしいカラダを無理ヤリ寝取る！「もう、ガマンできん！」フル勃起チ●ポを喉奥まで突っ込み高速ピストンで口内発射する俺 2,NASS-328 近所で評判な美人妻のイヤらしいカラダを無理ヤリ寝取る！「もう、ガマンできん！」フル勃起チ●ポを喉奥まで突っ込み高速ピストンで口内発射する俺 2,NASS-328,,2015-10-23,114分鐘,GASU,なでしこ,Nadeshiko,近所で評判な美人妻のイヤらしいカラダを無理ヤリ寝取る！,成熟的女人、口交、已婚婦女、羞恥、高畫質,村上涼子（中村りかこ、黒木菜穂）、北条麻妃、神崎久美、松嶋友里恵、広瀬奈々美（堀口奈津美）,https://www.javbus.com/NASS-328,
KOOB-001 女神絶頂伝説 SUPER BEST ～ヤバいほど逝き狂う女たち～,KOOB-001 女神絶頂伝説 SUPER BEST ～ヤバいほど逝き狂う女たち～,KOOB-001,,2015-10-23,237分鐘,,AVScollector’s,AVSCollector’s,,合集、性奴、拘束、4小時以上作品、高畫質、DMM獨家,風間ゆみ、北条麻妃、碧しの（篠めぐみ）、舞咲みくに、堀内秋美、白咲未羽（白咲美羽）、今亜理紗,https://www.javbus.com/KOOB-001,
TYWD-079 激しいセックスでガクガク痙攣絶頂,TYWD-079 激しいセックスでガクガク痙攣絶頂,TYWD-079,,2015-10-17,240分鐘,,乱丸,乱丸,ガクガク痙攣絶頂,合集、已婚婦女、花癡、數位馬賽克、中出、巨乳、DMM獨家,大槻ひびき、仲丘たまき（片岡まきな）、成宮ルリ、長谷川ミク、北川杏樹、瀧川花音、湊莉久、桜井あゆ、本田莉子、大場ゆい、神波多一花、蓮実クレア、愛実れい、市来美保、千乃あずみ、逢沢はるか（黒木琴音）、広瀬奈々美（堀口奈津美）、篠田あゆみ、小口田桂子、水原さな、望月るな、涼風ことの、橘優花、浜崎真緒、尾上若葉、青山葵、京野明日香、翔田千里、辻本りょう、かすみ果穂、紫彩乃、牧原れい子、風間ゆみ、寺崎泉、澄川ロア、川上ゆう（森野雫）、夏目優希、西條るり、結城みさ、北川エリカ、北条麻妃、波多野結衣、澤村レイコ（高坂保奈美、高坂ますみ）、板垣あずさ、加山なつこ,https://www.javbus.com/TYWD-079,
SBB-196 フレッシュザーメン顔射50人4時間,SBB-196 フレッシュザーメン顔射50人4時間,SBB-196,,2015-10-11,240分鐘,,マルクス兄弟,MARXBrothersco.,,姐姐、4小時以上作品、顏射、DMM獨家、蘿莉塔,藤北彩香、青木りん、朝桐光、原望美、野宮さとみ、あすか光希、西山真理、HIKARI、西川花子、愛実れい、あゆみ翼、新井エリー（晶エリー、大沢佑香）、神波多一花、管野しずか、枢木みかん、小西まりえ、佐藤かなえ、紗奈、椎名ゆな、和葉みれい（藤白まき）、大沢美加（廣田まりこ）、音羽レオン、有村千佳、在佳亜矢、杏子ゆう、板野有紀、一ノ瀬アメリ（美空あやか、栗栖エリカ）、今村楓、今村美穂、宇佐美なな、碧しの（篠めぐみ）、隅田かおる、保坂えり、本真ゆり、皆瀬ふう花、ERIKA（モカ、MOKA）、桃葉、柳田やよい、吉見りいな、RUMIKA、Conomi、悠月舞、北条麻妃、立花樹里亜、直嶋あい、永井みき、長澤あずさ、水澤まお（永沢まおみ）、成瀬心美（ここみ）、冬木舞,https://www.javbus.com/SBB-196,
CRMN-060 超密着サービス性感サロン,CRMN-060 超密着サービス性感サロン,CRMN-060,,2015-10-11,140分鐘,,痴ロモン/妄想族,痴ロモン/妄想族,,蕩婦、其他戀物癖、按摩、DMM獨家,北条麻妃、結城みさ、波多野結衣、有村千佳、竹内紗里奈、北川エリカ、夏目優希,https://www.javbus.com/CRMN-060,
ARMM-048 贅沢すぎる3Pセックス BEST 濃厚フェラ・接吻編II,ARMM-048 贅沢すぎる3Pセックス BEST 濃厚フェラ・接吻編II,ARMM-048,,2015-10-08,240分鐘,,アロマ企画,AROMAM-30,○○すぎる3Pセックス,成熟的女人、口交、合集、4小時以上作品、キス・接吻、DMM獨家,村上涼子（中村りかこ、黒木菜穂）、広瀬奈々美（堀口奈津美）、北条麻妃、水城奈緒、有沢りさ、松本まりな、沙羅樹、星野あかり,https://www.javbus.com/ARMM-048,
DMBA-172 ボンデージQUEENの男潮吹き 凄腕テクニックが炸裂する狂喜のM男,DMBA-172 ボンデージQUEENの男潮吹き 凄腕テクニックが炸裂する狂喜のM男,DMBA-172,,2015-09-30,142分鐘,,ジャネス,MAZOBOYSCLUB,,成熟的女人、姐姐、M男、緊縛、打手槍,北条麻妃、竹内紗里奈、北川エリカ、夏目優希、小早川怜子、松岡セイラ、篠田あゆみ,https://www.javbus.com/DMBA-172,
ASFB-157 甘い淫語フェラ おしゃべりでオシャブリな癒し系口淫 4時間スペシャル,ASFB-157 甘い淫語フェラ おしゃべりでオシャブリな癒し系口淫 4時間スペシャル,ASFB-157,,2015-09-28,240分鐘,,FetishBox/妄想族,FetishBox/妄想族,,口交、其他戀物癖、淫語、DMM獨家,川上ゆう（森野雫）、澤村レイコ（高坂保奈美、高坂ますみ）、北条麻妃、北川エリカ、夏目優希、佳苗るか、真野ゆりあ、成海うるみ、篠田あゆみ、広瀬奈々美（堀口奈津美）、大槻ひびき、上原花恋,https://www.javbus.com/ASFB-157,
BDSR-218 【ハズレなし】素晴らし過ぎる美女レズ。 ガチで綺麗なお姉さん達が唾液交換濃厚キスで発情しながらイキまくる！ 24人のレズバトル4時間,BDSR-218 【ハズレなし】素晴らし過ぎる美女レズ。 ガチで綺麗なお姉さん達が唾液交換濃厚キスで発情しながらイキまくる！ 24人のレズバトル4時間,BDSR-218,,2015-09-25,243分鐘,鶴舞龍之介,ビッグモーカル,BIGMORKAL,,女同性戀、姐姐、制服、4小時以上作品、高畫質、校服,川上ゆう（森野雫）、艶堂しほり（遠藤しおり）、友田彩也香、瀬名あゆむ（広瀬藍子）、波多野結衣、大槻ひびき、篠田ゆう、福元美砂恵（仲間麗奈）、三浦まい、桜井あゆ、宮間葵、北条麻妃、村上涼子（中村りかこ、黒木菜穂）、澤村レイコ（高坂保奈美、高坂ますみ）、音無かおり、水澤まお（永沢まおみ）、山本美和子、結城みさ、平山こずえ、雨宮琴音、松本まりな、翔田千里、寺崎泉、初美沙希,https://www.javbus.com/BDSR-218,
NASS-295 犯されたい人妻たち 夫が帰ってくるまで…いつも平凡な毎日を送っている昼顔夫人は他の男たちにレイプされることで欲求不満を解消しているんです！！,NASS-295 犯されたい人妻たち 夫が帰ってくるまで…いつも平凡な毎日を送っている昼顔夫人は他の男たちにレイプされることで欲求不満を解消しているんです！！,NASS-295,,2015-09-25,115分鐘,GA-SU,なでしこ,Nadeshiko,,成熟的女人、已婚婦女、高畫質、打手槍,村上涼子（中村りかこ、黒木菜穂）、北条麻妃、神崎久美、松嶋友里恵、広瀬奈々美（堀口奈津美）,https://www.javbus.com/NASS-295,
BDA-006 金粉大全集 12人180分スペシャル！豪華絢爛女優たちのエロく輝く狂宴！,BDA-006 金粉大全集 12人180分スペシャル！豪華絢爛女優たちのエロく輝く狂宴！,BDA-006,,2015-09-14,180分鐘,あばしり一家,バミューダ/妄想族,バミューダ/妄想族,,其他戀物癖、中出、DMM獨家,翔田千里、北条麻妃、さとう遥希、松本まりな、芦名ユリア、佳苗るか、小早川怜子、浜崎真緒、一之瀬すず、成海うるみ、阿部乃みく、波多野結衣,https://www.javbus.com/BDA-006,
TYWD-078 他人棒にイキ狂った貞淑な妻たち,TYWD-078 他人棒にイキ狂った貞淑な妻たち,TYWD-078,,2015-09-13,240分鐘,,乱丸,乱丸,,合集、已婚婦女、花癡、數位馬賽克、中出、出軌、DMM獨家,川上ゆう（森野雫）、かすみ果穂、澤村レイコ（高坂保奈美、高坂ますみ）、北条麻妃、北川エリカ、千乃あずみ、小口田桂子、逢沢はるか（黒木琴音）,https://www.javbus.com/TYWD-078,
OOMN-151 家庭内秘密の死角で犯される美熟女たち,OOMN-151 家庭内秘密の死角で犯される美熟女たち,OOMN-151,,2015-09-13,240分鐘,,ABC/妄想族,お母さん.com/ABC,,成熟的女人、合集、已婚婦女、出軌、DMM獨家,加藤ツバキ（夏樹カオル）、北条麻妃、水城奈緒、矢部寿恵、原望美、青山菜々、南佳代、市来美保、林ゆな、矢吹京子,https://www.javbus.com/OOMN-151,
RBB-056 舌を絡ませヨダレが滴り落ちるくらいに濃厚な熟キスSEX16時間,RBB-056 舌を絡ませヨダレが滴り落ちるくらいに濃厚な熟キスSEX16時間,RBB-056,,2015-09-13,960分鐘,,ROOKIE,ROOKIE,,成熟的女人、合集、16時間以上作品、キス・接吻、DMM獨家,矢部寿恵、大田ゆりか、本田岬、神波多一花、八木あずさ、篠田あゆみ、広瀬奈々美（堀口奈津美）、逢沢はるか（黒木琴音）、秋山静香、松山愛、中森玲子、友田真希、風間ゆみ、北条麻妃、佐藤みき（佐藤美紀、鈴木志帆）、川上ゆう（森野雫）、白木優子、華山美玲、河合律子、西野翔、艶堂しほり（遠藤しおり）、石田れいな、竹内紗里奈、松本まりな、岩佐あゆみ、星野あかり、音無かおり、三井ゆかり、木村まりえ、堀内美希、糸矢めい、小早川怜子、本真ゆり、春原未来、江波りゅう（RYU)、沢口みき、有沢実紗、伊織涼子、冴島かおり、愛乃ゆな、南紗穂、宮内京香、秋野千尋、仲丘たまき（片岡まきな）、JULIA、篠宮奈津子、大橋ひとみ、葉月奈穂（葉月菜穂）、水野淑恵、野間あんな、紀崎りおな、今井美鈴、森ななこ、織田真子、波多野結衣、牧原れい子、林ゆな、結城みさ、KAORI、水野朝陽、神ユキ、北川美緒、加山なつこ、木村はな、中山理莉、寺崎泉、椎名ゆな、蓮実クレア、美和なつみ、一条綺美香、菅野さゆき、寺林伸子、青山葵、紫彩乃、三浦恵理子、さとう遥希、桜木優希音、赤坂ルナ、周防ゆきこ、白川千織、高倉梨奈、大島優香、桐岡さつき,https://www.javbus.com/RBB-056,
RBB-057 泣け！喚け！美女たちの断末魔！絶叫レ○プ16時間,RBB-057 泣け！喚け！美女たちの断末魔！絶叫レ○プ16時間,RBB-057,,2015-09-13,960分鐘,,ROOKIE,ROOKIE,,合集、花癡、凌辱、16時間以上作品、DMM獨家,並木優、長谷川美紅、松本まりな、周防ゆきこ、二宮沙樹、安達真実、藤嶋唯、内村りな、さくらえな、涼風ことの、愛沢かりん、朝倉ことみ、君野ゆめ、仲間麗、中居みゆ、工藤彩乃、常盤りん、湊莉久、桜木優希音、JULIA、羽月希、橘ひなた、乙葉ななせ、北条麻妃、葉月紗絢、妃乃ひかり、涼果りん、戸田アイラ、琥珀うた、杏紅茶々、星崎アンリ、春原未来、千乃あずみ、吉沢明歩、七瀬ジュリア、青山菜々,https://www.javbus.com/RBB-057,
MKMP-019 ミリオンドリーム SUPER BEST 8時間スペシャル,MKMP-019 ミリオンドリーム SUPER BEST 8時間スペシャル,MKMP-019,,2015-09-11,481分鐘,K太郎,ケイ・エム・プロデュース,million（ミリオン）,ミリオン・ドリーム,濫交、合集、4小時以上作品、高畫質、戲劇、單體作品,川上ゆう（森野雫）、つぼみ、北条麻妃、麻倉憂、シェリー（Shelly、藤井シェリー）（しぇりー）、神咲詩織、星美りか、坂口みほの、クリスティーン北島、佐倉絆、みほの（坂口みほの）、クリスティーン,https://www.javbus.com/MKMP-019,
SBB-192 フェロモン家庭教師18人のリアル性教育,SBB-192 フェロモン家庭教師18人のリアル性教育,SBB-192,,2015-09-11,240分鐘,,マルクス兄弟,MARXBrothersco.,,蕩婦、家教、合集、4小時以上作品、DMM獨家,北条麻妃、仁科百華、高沢沙耶、長澤あずさ、上原亜衣、愛実れい、美月ゆうか、春日もな、嘉門ゆうか、葉山こころ、羽月都花沙（月野こころ、葉山こころ）、鈴木ミント、碧しの（篠めぐみ）、雫月こと（姫野あみゅ）、椎名ゆな、Conomi、百花エミリ,https://www.javbus.com/SBB-192,
CRMN-054 溶けるような温かい舌の感触、甘い淫音…。脳内アドレナリンが沸騰する極上フェラチオでイカせてあげるわ,CRMN-054 溶けるような温かい舌の感触、甘い淫音…。脳内アドレナリンが沸騰する極上フェラチオでイカせてあげるわ,CRMN-054,,2015-09-11,120分鐘,,痴ロモン/妄想族,痴ロモン/妄想族,,蕩婦、口交、其他戀物癖、DMM獨家,北条麻妃、栗林里莉、北川エリカ、あずみ恋、小早川怜子、上原花恋、小西まりえ,https://www.javbus.com/CRMN-054,
MBYD-238 助けて！！でもこんな姿は見られたくない…。夫のすぐ傍らで汚される人妻,MBYD-238 助けて！！でもこんな姿は見られたくない…。夫のすぐ傍らで汚される人妻,MBYD-238,,2015-09-10,240分鐘,,溜池ゴロー,溜池ゴロー,,合集、已婚婦女、凌辱、出軌、戲劇、DMM獨家,波多野結衣、湊莉久、桜井あゆ、保坂えり、本田莉子、森沢かな（飯岡かなこ）、白咲未羽（白咲美羽）、通野未帆、篠田あゆみ、東凛、本庄優花、華原亜美、宮部涼花、南せりな、酒井京香、岡咲かすみ、香山美桜、神波多一花、稲川なつめ、神ユキ、かすみ果穂、翔田千里、浅井舞香、佐山愛、鈴木さとみ、森ななこ、澤村レイコ（高坂保奈美、高坂ますみ）、Hitomi（田中瞳）、北条麻妃、椎名ゆな、春菜はな、北川エリカ、結城みさ、杏,https://www.javbus.com/MBYD-238,
MBYD-239 溜池ゴロー2015年上半期総集編全64タイトル8時間,MBYD-239 溜池ゴロー2015年上半期総集編全64タイトル8時間,MBYD-239,,2015-09-10,480分鐘,,溜池ゴロー,溜池ゴロー,溜池ゴロー○年○半期,成熟的女人、合集、已婚婦女、新娘、年輕妻子、DMM獨家,川上ゆう（森野雫）、かすみ果穂、森ななこ、椎名ゆな、春菜はな、白木優子、大場ゆい、通野未帆、東凛、逢沢はるか（黒木琴音）、神ユキ、森沢かな（飯岡かなこ）、香山美桜、杏、林ゆな、一条綺美香、武藤亜樹、北条麻妃、浅見せり、西山あさひ、紺野まこ、谷原ゆき、三橋杏奈、岡咲かすみ、円城ひとみ、有村千佳、水原さな、白咲碧、矢吹京子、加山なつこ、千乃あずみ、朱莉さとみ、織田真子、羽月希、三上里穂、湊莉久、宮部涼花、風間ゆみ、澤村レイコ（高坂保奈美、高坂ますみ）、一色里桜、七草ちとせ、篠田あゆみ、本田莉子,https://www.javbus.com/MBYD-239,
VEMA-104 友人の妻はドスケベ家庭教師 総集編 4 4時間,VEMA-104 友人の妻はドスケベ家庭教師 総集編 4 4時間,VEMA-104,,2015-09-06,240分鐘,,VENUS,女神（ヴィーナス）,友人の妻はドスケベ家庭教師,成熟的女人、家教、合集、已婚婦女、4小時以上作品、戲劇、DMM獨家,川上ゆう（森野雫）、翔田千里、北島玲、北条麻妃、宮瀬リコ、青山菜々、杏美月、高梨あゆみ、笹山希、三上里穂,https://www.javbus.com/VEMA-104,
JUSD-651 人妻ハイレグ羞恥 総集編8時間,JUSD-651 人妻ハイレグ羞恥 総集編8時間,JUSD-651,,2015-09-05,480分鐘,,マドンナ,Madonna,人妻ハイレグ羞恥,成熟的女人、合集、已婚婦女、數位馬賽克、緊身衣、羞恥、DMM獨家,牧原れい子、澤村レイコ（高坂保奈美、高坂ますみ）、北条麻妃、小森愛、白木優子、三浦恵理子,https://www.javbus.com/JUSD-651,
GYAZ-135 淫脚フェチ 究極の美脚コキでぶっこきたい,GYAZ-135 淫脚フェチ 究極の美脚コキでぶっこきたい,GYAZ-135,,2015-08-30,141分鐘,,ジャネス,MANIAPlay,,蕩婦、成熟的女人、連褲襪、戀腿癖、足交,澤村レイコ（高坂保奈美、高坂ますみ）、北条麻妃、大槻ひびき、有村千佳、北川エリカ、夏目優希、桜井あゆ,https://www.javbus.com/GYAZ-135,
NASS-300 団地妻 我慢できない欲情,NASS-300 団地妻 我慢できない欲情,NASS-300,,2015-08-28,184分鐘,,なでしこ,Nadeshiko,,成熟的女人、合集、已婚婦女、通姦、巨乳,風間ゆみ、北条麻妃、永井智美、浅倉彩音、結城みさ、浅井舞香,https://www.javbus.com/NASS-300,
DJSR-035 いけないとわかっていてもオマ○コ舐めたいんです。クリトリスを舌で刺激され自分でも信じられないくらいマン汁が出てしまったノンケは、戸惑いつつもレズクンニの虜になる,DJSR-035 いけないとわかっていてもオマ○コ舐めたいんです。クリトリスを舌で刺激され自分でも信じられないくらいマン汁が出てしまったノンケは、戸惑いつつもレズクンニの虜になる,DJSR-035,,2015-08-27,135分鐘,,ジャネス,ladies,,成熟的女人、女同性戀、舔陰、高畫質,川上ゆう（森野雫）、北条麻妃、新尾きり子、友田彩也香、琥珀うた、雨宮琴音、瀬名あゆむ（広瀬藍子）、松本まりな、保坂えり、京野美麗,https://www.javbus.com/DJSR-035,
YUM-1001 淫らな家政婦 美熟女 20人,YUM-1001 淫らな家政婦 美熟女 20人,YUM-1001,,2015-08-25,239分鐘,,MellowMoon（メロウムーン）,YumYum,,成熟的女人、合集、各種職業、中出、4小時以上作品,妃乃ひかり、菊川麻里、矢部寿恵、加山なつこ、松本まりな、若松かをり、西城玲華、花島瑞江、葉山弓子、桐島綾子、小池絵美子、加藤ツバキ（夏樹カオル）、近藤郁（近藤郁美）、甲斐ミハル、加納綾子、北条麻妃、翔田千里、川上ゆう（森野雫）、結城みさ、円城ひとみ,https://www.javbus.com/YUM-1001,
RBB-048 悔しいけどガクガク震えるほど感じてしまう…痴漢16時間,RBB-048 悔しいけどガクガク震えるほど感じてしまう…痴漢16時間,RBB-048,,2015-08-15,960分鐘,,ROOKIE,ROOKIE,,合集、性騷擾、16時間以上作品、DMM獨家,愛咲れいら（原千尋）、かすみ果穂、JULIA、愛花沙也、めぐり（藤浦めぐ）、二宮沙樹、冬月かえで、天海つばさ、姫野ゆうり、白木優子、相沢恋、倉多まお、前田かおり、石原あずさ、青山菜々、並木優、暮町ゆうこ、北条麻妃、澤村レイコ（高坂保奈美、高坂ますみ）、鈴羽みう、瑠川リナ、涼川絢音、立花はるみ、明日花キララ、夢乃あいか、篠田香織、あかり優、黒瀬ノア、北川エリカ、西條るり、西川ゆい、星美りか、源みいな、結城みさ、宮部涼花、吉沢明歩、希美まゆ、希志あいの、管野しずか、加々美ゆい、一之瀬すず、安土結、安城アンナ、黒木アリサ、桜ここみ、成海うるみ、新山沙弥、上原亜衣、松島かえで、小川あさ美、渚ことみ、初音みのり、柴咲エリカ、篠田ゆう、篠原杏、桜木凛、愛田奈々,https://www.javbus.com/RBB-048,
DJSG-119 M性感ドライオーガズム 男の潮吹きサロン 癒されて、吹かされて…。,DJSG-119 M性感ドライオーガズム 男の潮吹きサロン 癒されて、吹かされて…。,DJSG-119,,2015-08-15,141分鐘,,ジャネス,MANIA痴女,,蕩婦、制服、美容院、旗袍、打手槍,北条麻妃、栗林里莉、結城みさ、北川エリカ、冴島かおり、上原花恋、桜井あゆ,https://www.javbus.com/DJSG-119,
RBB-052 感度崩壊！薬漬けキメセク凌辱 16時間,RBB-052 感度崩壊！薬漬けキメセク凌辱 16時間,RBB-052,,2015-08-15,960分鐘,,ROOKIE,ROOKIE,,蕩婦、花癡、性奴、凌辱、キス・接吻、DMM獨家,北条麻妃、羽月希、志保、冬月かえで、長谷川リホ、ティア、奥田咲、青井いちご、涼風ことの、かのんこゆる、広瀬奈々美（堀口奈津美）、水城奈緒、青山菜々、北川瞳、愛沢かりん、碧しの（篠めぐみ）、佐咲ゆい、間宮純、京野明日香、かすみ果穂、愛乃なみ、滝川ソフィア、Maika（MEW）、春咲あずみ、長田まさみ、北島玲、星野ナミ、板垣あずさ、芹沢つむぎ、朝日奈あかり、瑠川リナ、南波杏、鈴木さとみ、新井エリー（晶エリー、大沢佑香）、椎名ゆな、立花はるみ、みづなれい（みずなれい）、吉沢明歩、峰なゆか、大塚咲（小野沙樹、大滝佐紀）、辻さき、宇佐美なな、純名つらら、如月カレン、樹花凜（七咲楓花）、春菜はな、江波りゅう（RYU)、前田かおり、速水美桜、芽衣奈（南芽衣奈）、亜梨,https://www.javbus.com/RBB-052,
TORG-026 昭和官能ポルノ大全集,TORG-026 昭和官能ポルノ大全集,TORG-026,,2015-08-14,241分鐘,貞邪我,オルガ,ORGA,,成熟的女人、合集、4小時以上作品、高畫質、戲劇,風間ゆみ、川上ゆう（森野雫）、北条麻妃、加山なつこ、森ななこ、江波りゅう（RYU)、伊織涼子、五十嵐しのぶ、小早川怜子、長瀬涼子,https://www.javbus.com/TORG-026,
REAL-548 REALを彩ってきたスケベすぎる痴女達 BEST50 8時間,REAL-548 REALを彩ってきたスケベすぎる痴女達 BEST50 8時間,REAL-548,,2015-08-14,458分鐘,K太郎,レアルワークス,REAL（レアルワークス）,,蕩婦、合集、4小時以上作品、高畫質、高中女生、打手槍,立花里子、川上ゆう（森野雫）、村上涼子（中村りかこ、黒木菜穂）、乃亜（鳥越乃亜）、北条麻妃、前田陽菜、さとう遥希、椎名ゆな,https://www.javbus.com/REAL-548,
DSE-1374 ドリームステージ！メガ盛り！！ベストヒット美熟女28人8時間,DSE-1374 ドリームステージ！メガ盛り！！ベストヒット美熟女28人8時間,DSE-1374,,2015-08-11,481分鐘,,ドリームステージ,熟女絵巻,,成熟的女人、合集、4小時以上作品,風間ゆみ、村上涼子（中村りかこ、黒木菜穂）、白鳥美鈴、澤村レイコ（高坂保奈美、高坂ますみ）、内田美奈子、横山みれい、三咲恭子、松本まりな、伊織涼子、寺崎泉、矢部寿恵、艶堂しほり（遠藤しおり）、小早川怜子、美神さゆり、七海ひさ代、望月加奈（松沢真理）、松嶋友里恵、北条麻妃、森ななこ、青山葵、結城みさ、紫彩乃、黒木小夜子（秀吉小夜子）、友田真希、神崎久美、黒木久美子、高島小百合、伊集院茜,https://www.javbus.com/DSE-1374,
CRMN-051 敏感ビーチク男子大集合！羽のように柔らかい舌でねっとりと舐めあげられるフル勃起な男の乳首,CRMN-051 敏感ビーチク男子大集合！羽のように柔らかい舌でねっとりと舐めあげられるフル勃起な男の乳首,CRMN-051,,2015-08-09,140分鐘,,痴ロモン/妄想族,痴ロモン/妄想族,,蕩婦、其他戀物癖、DMM獨家,川上ゆう（森野雫）、北条麻妃、岩佐あゆみ、初美沙希、竹内紗里奈、矢沢りょう、桜井あゆ,https://www.javbus.com/CRMN-051,
AP-190 ノーブラ若妻乳首擦り痴漢 「ちょっとそこまでだから…。」とノーブラで出かけた顔見知りの無防備若妻と満員状態のエレベーター内で超密着！服の上から覗く敏感そうな乳首を擦りまくってパンツを濡らしながら吐息を,AP-190 ノーブラ若妻乳首擦り痴漢 「ちょっとそこまでだから…。」とノーブラで出かけた顔見知りの無防備若妻と満員状態のエレベーター内で超密着！服の上から覗く敏感そうな乳首を擦りまくってパンツを濡らしながら吐息を,AP-190,,2015-08-05,213分鐘,クニオカ,アパッチ（デマンド）,アパッチ（デマンド）,,其他戀物癖、新娘、年輕妻子、性騷擾、高畫質,山本美和子、水城奈緒、北条麻妃、神波多一花,https://www.javbus.com/AP-190,
ASFB-148 美脚パンストマニアックス 極上の悩殺ストッキング 4時間 Vol.3,ASFB-148 美脚パンストマニアックス 極上の悩殺ストッキング 4時間 Vol.3,ASFB-148,,2015-07-26,240分鐘,,FetishBox/妄想族,FetishBox/妄想族,美脚パンストマニアックス,蕩婦、其他戀物癖、連褲襪、DMM獨家,川上ゆう（森野雫）、北条麻妃、結城みさ、波多野結衣、北川エリカ、夏目優希、北川杏樹、上原花恋、桜井あゆ、佐々木恋海（向井恋）、みづなれい（みずなれい）、小早川怜子、阿部乃みく、瀧川花音,https://www.javbus.com/ASFB-148,
OOMN-147 母の歪んだ愛情 決意の筆おろし24発射,OOMN-147 母の歪んだ愛情 決意の筆おろし24発射,OOMN-147,,2015-07-25,239分鐘,,ABC/妄想族,お母さん.com/ABC,,成熟的女人、母親、合集、亂倫、數位馬賽克、高畫質、DMM獨家,北条麻妃、堀内秋美、市来美保、林ゆな、高岡すみれ、篠田あゆみ,https://www.javbus.com/OOMN-147,
NATR-479 絶対にいけないことだとわかっていても手を出してしまう私（真性レズビアン） 恥かしそうにしながら唾液と愛液が糸を引くほどの濃厚レズセックスに夢中になる熟女（ノンケ）,NATR-479 絶対にいけないことだとわかっていても手を出してしまう私（真性レズビアン） 恥かしそうにしながら唾液と愛液が糸を引くほどの濃厚レズセックスに夢中になる熟女（ノンケ）,NATR-479,,2015-07-24,115分鐘,,なでしこ,Nadeshiko,絶対にいけないことだとわかっていても手を出してしまう私,成熟的女人、女同性戀、其他戀物癖、舔陰、女同接吻、高畫質,川上ゆう（森野雫）、北条麻妃、新尾きり子、友田彩也香、琥珀うた、雨宮琴音、瀬名あゆむ（広瀬藍子）、松本まりな、保坂えり、京野美麗,https://www.javbus.com/NATR-479,
ARMM-047 贅沢すぎる3Pセックス BEST 濃厚SEX編 II,ARMM-047 贅沢すぎる3Pセックス BEST 濃厚SEX編 II,ARMM-047,,2015-07-20,240分鐘,,アロマ企画,AROMAM-30,○○すぎる3Pセックス,成熟的女人、合集、淫語、姐姐、4小時以上作品、DMM獨家,村上涼子（中村りかこ、黒木菜穂）、広瀬奈々美（堀口奈津美）、北条麻妃、水城奈緒、有沢りさ、松本まりな、沙羅樹、星野あかり,https://www.javbus.com/ARMM-047,
ASFB-147 スケベな匂いの愛液が溢れるガチイキ変態ディルドオナニー,ASFB-147 スケベな匂いの愛液が溢れるガチイキ変態ディルドオナニー,ASFB-147,,2015-07-17,240分鐘,,FetishBox/妄想族,FetishBox/妄想族,,其他戀物癖、4小時以上作品、DMM獨家、自慰,澤村レイコ（高坂保奈美、高坂ますみ）、北条麻妃、みづなれい（みずなれい）、有村千佳、かすみりさ、北川エリカ、佳苗るか、上原花恋、松岡セイラ、篠田あゆみ、桜井あゆ、小嶋ジュンナ,https://www.javbus.com/ASFB-147,
DJSR-036 若い娘が大人の女性にレズキス痴漢 突然、舌を突っこんだらダラダラと唾液を垂らすノンケ熟女に興奮する私は真性レズビアン！？,DJSR-036 若い娘が大人の女性にレズキス痴漢 突然、舌を突っこんだらダラダラと唾液を垂らすノンケ熟女に興奮する私は真性レズビアン！？,DJSR-036,,2015-07-15,123分鐘,,ジャネス,ladies,,成熟的女人、女同性戀、姐姐、性騷擾、女同接吻、高畫質,川上ゆう（森野雫）、北条麻妃、友田彩也香、琥珀うた、雨宮琴音、瀬名あゆむ（広瀬藍子）、松本まりな、保坂えり、京野美麗、荒尾きりこ,https://www.javbus.com/DJSR-036,
CRMN-046 男脳を執拗に刺激するパンストエロチシズム 4時間,CRMN-046 男脳を執拗に刺激するパンストエロチシズム 4時間,CRMN-046,,2015-07-12,240分鐘,,痴ロモン/妄想族,痴ロモン/妄想族,,其他戀物癖、連褲襪、4小時以上作品、DMM獨家,澤村レイコ（高坂保奈美、高坂ますみ）、深田梨菜（深田梨奈）、北条麻妃、横山みれい、友田彩也香、雨宮琴音、波多野結衣、宮間葵、稲川なつめ、夏目優希,https://www.javbus.com/CRMN-046,
MLW-5023 美熟女ママの濡れた欲情 4時間,MLW-5023 美熟女ママの濡れた欲情 4時間,MLW-5023,,2015-06-25,242分鐘,,MellowMoon（メロウムーン）,MellowMoon（メロウムーン）,,蕩婦、成熟的女人、合集、妓女、4小時以上作品,加藤ツバキ（夏樹カオル）、菊川麻里、松下美香、青山愛、名城翠、大嶋しのぶ、北原小百合、近藤郁美、内田彩乃、響京香、真木静乃、北条麻妃、近藤郁（近藤郁美）、上原千尋,https://www.javbus.com/MLW-5023,
BDSR-207 「まだイっちゃだめぇ～」クッソエロい超美人な回春エステお姉さん達のこの上品な淫語と究極テクで3分間も射精を我慢できるヤツとかホントにいるの？ 4時間12人,BDSR-207 「まだイっちゃだめぇ～」クッソエロい超美人な回春エステお姉さん達のこの上品な淫語と究極テクで3分間も射精を我慢できるヤツとかホントにいるの？ 4時間12人,BDSR-207,,2015-06-25,241分鐘,B巻太,ビッグモーカル,BIGMORKAL,,蕩婦、姐姐、制服、4小時以上作品、美容院、M男,北条麻妃、平松恵理香、栗林里莉、結城みさ、有村千佳、北川エリカ、夏目優希、白河雪乃、矢沢りょう、桜井あゆ、波多野結衣、川上ゆう（森野雫）,https://www.javbus.com/BDSR-207,
RABS-011 女のセックス全盛期 三十路の色香,RABS-011 女のセックス全盛期 三十路の色香,RABS-011,,2015-06-21,180分鐘,竜二,FAプロ,FAプロ竜二ベスト,,成熟的女人、已婚婦女、戲劇、故事集、巨乳、DMM獨家,酒井ちなみ（紫葵）、北条麻妃、結城みさ、黒沢那智、八重いろは,https://www.javbus.com/RABS-011,
DAZD-071 美女の喉奥がぶっ壊れるまでイラマチオしたら気持ちよすぎて精子が出すぎた,DAZD-071 美女の喉奥がぶっ壊れるまでイラマチオしたら気持ちよすぎて精子が出すぎた,DAZD-071,,2015-06-20,480分鐘,,ダスッ！,ダスッ！,,合集、花癡、美少女、深喉、4小時以上作品、DMM獨家,風間ゆみ、北条麻妃、桜りお、JULIA、上原亜衣、Hitomi（田中瞳）、宮坂レイア、湊莉久、篠田あゆみ、苺ミク、愛原さえ、芹沢つむぎ、桜井あゆ、市来美保、藤嶋唯、羽月希、島崎りか、さくら悠、和希さやか、佐藤みき（佐藤美紀、鈴木志帆）、小坂めぐる、小日向みく、美咲恋、石川流花、水元ゆうな、松本まりな、碧しの（篠めぐみ）、横山みれい、HIKARI、大倉彩音、彩音さくら、双葉まみ、双葉あみ、青木玲、二宮沙樹、RUMIKA、花井メイサ、北川瞳、北川エリカ、水玉レモン、恵けい、小峰ひなた、大塚咲（小野沙樹、大滝佐紀）、妃乃ひかり、夏川未来（小春）、成瀬心美（ここみ）,https://www.javbus.com/DAZD-071,
LESJ-311 母親のような女性を見ると欲求を抑えられず強引にレズ痴漢する年頃の娘 執拗にオッパイやオマ○コをいじられのけぞって感じまくる熟したノンケ女,LESJ-311 母親のような女性を見ると欲求を抑えられず強引にレズ痴漢する年頃の娘 執拗にオッパイやオマ○コをいじられのけぞって感じまくる熟したノンケ女,LESJ-311,,2015-06-18,114分鐘,,マニアゼロ,レズ倶楽部（マニアゼロ）,,成熟的女人、玩具、女同性戀、性騷擾、舔陰、高畫質,川上ゆう（森野雫）、北条麻妃、新尾きり子、友田彩也香、琥珀うた、雨宮琴音、瀬名あゆむ（広瀬藍子）、松本まりな、保坂えり、京野美麗,https://www.javbus.com/LESJ-311,
DMBA-169 M男汁が枯れるまでシャブリ殺してあげるわ 絶品フェラチオに大発射,DMBA-169 M男汁が枯れるまでシャブリ殺してあげるわ 絶品フェラチオに大発射,DMBA-169,,2015-06-17,141分鐘,,ジャネス,MAZOBOYSCLUB,,口交、姐姐、美少女、M男、打手槍,北条麻妃、大槻ひびき、佳苗るか、瀧川花音、桜井あゆ、小西まりえ、阿部乃みく,https://www.javbus.com/DMBA-169,
SESA-008 若い女（真性レズ）に突然、痴漢され立場も忘れて感じてしまうノンケな熟女 されるがままに犯されイキまくりレズの虜になってしまった,SESA-008 若い女（真性レズ）に突然、痴漢され立場も忘れて感じてしまうノンケな熟女 されるがままに犯されイキまくりレズの虜になってしまった,SESA-008,,2015-06-14,110分鐘,,設定思考/妄想族,設定思考/妄想族,,蕩婦、女同性戀、DMM獨家,川上ゆう（森野雫）、北条麻妃、新尾きり子、友田彩也香、琥珀うた、雨宮琴音、瀬名あゆむ（広瀬藍子）、松本まりな、保坂えり、京野美麗,https://www.javbus.com/SESA-008,
RBB-037 往年の熟女たちの淫らな性交 16時間,RBB-037 往年の熟女たちの淫らな性交 16時間,RBB-037,,2015-06-13,960分鐘,,ROOKIE,ROOKIE,,成熟的女人、合集、16時間以上作品、DMM獨家,風間ゆみ、紫彩乃、川上ゆう（森野雫）、坂本梨沙、志村玲子、佐藤みき（佐藤美紀、鈴木志帆）、艶堂しほり（遠藤しおり）、結城みさ、星野あかり、浅井舞香、真下礼子、細川まり、星杏奈、長谷川美紅、瞳リョウ、樋口冴子（桐島千沙）、葉月奈穂（葉月菜穂）、七海ひさ代、町村小夜子、美原咲子、宮部涼花、有沢実紗、広瀬奈々美（堀口奈津美）、小池絵美子、友田真希、北条麻妃、神崎久美、南原香織、本庄瞳、時越芙美江、美神さゆり、大橋ひとみ、優木明日花、山口珠理、明星ちかげ、近澤まゆみ、立花みずき、桐岡さつき、酒井ちなみ（紫葵）、光月夜也（林絵里）、秋野千尋、椎名ゆな、桜みちる、小森愛、山口玲子、三浦恵理子、浅倉彩音、矢部寿恵、中森玲子、澤村レイコ（高坂保奈美、高坂ますみ）、北原夏美、加山なつこ、新村まり子、橘エレナ、竹内紗里奈、松本まりな、上原千尋、横山みれい、松嶋友里恵、暮町ゆうこ、折原ゆかり、江原あけみ（美輪ちあき）、宇佐美奈々、伊島香織、伊織涼子、岩崎千鶴、青木美空、翔田千里,https://www.javbus.com/RBB-037,
MDB-619 美女ぶっかけ顔射100人8時間BEST,MDB-619 美女ぶっかけ顔射100人8時間BEST,MDB-619,,2015-06-12,481分鐘,K太郎,メディアステーション,BAZOOKA（バズーカ）,,業餘、合集、乳房、4小時以上作品、高畫質、顏射,北条麻妃、成瀬心美（ここみ）、月野りさ、麻倉憂、桜りお、上原亜衣、有村千佳、板垣あずさ、神咲詩織、みなせ優夏,https://www.javbus.com/MDB-619,
REAL-540 喰らいついたら離さない！ヌキ尽くしフェラチオ100人8時間,REAL-540 喰らいついたら離さない！ヌキ尽くしフェラチオ100人8時間,REAL-540,,2015-06-12,481分鐘,K太郎,レアルワークス,REAL（レアルワークス）,,蕩婦、口交、合集、4小時以上作品、高畫質、打手槍,つぼみ、北条麻妃、みづなれい（みずなれい）、成瀬心美（ここみ）、友田彩也香、波多野結衣、さとう遥希、初美沙希、新山かえで、桜井あゆ,https://www.javbus.com/REAL-540,
HTMS-068 セックスの匂いがする 熟女と中年女,HTMS-068 セックスの匂いがする 熟女と中年女,HTMS-068,,2015-06-08,80分鐘,ヘンリー塚本,FAプロ,ヘンリー塚本マニアック,,成熟的女人、已婚婦女、戲劇、故事集、巨乳、DMM獨家,翔田千里、北条麻妃、羽月希、寺崎泉,https://www.javbus.com/HTMS-068,
VOIB-001 淫ボイスBEST Vol.1,VOIB-001 淫ボイスBEST Vol.1,VOIB-001,,2015-06-08,240分鐘,渡辺琢斗,AVScollector’s,琢斗,淫ボイス（AVScollector’s）,合集、淫語、4小時以上作品、高畫質、DMM獨家,北条麻妃、友田彩也香、山本美和子、小早川怜子、篠田あゆみ,https://www.javbus.com/VOIB-001,
SBB-183 マジイキ！ディルドオナニー4時間,SBB-183 マジイキ！ディルドオナニー4時間,SBB-183,,2015-06-08,240分鐘,,マルクス兄弟,MARXBrothersco.,,玩具、4小時以上作品、DMM獨家、自慰,北条麻妃、瑠菜（安西瑠菜、RUNA）、哀川りん、北川瞳、結城みさ、悠月舞、青木りん、愛実（秋川ルイ）、矢吹杏、美神あおい、樹花凜（七咲楓花）、寺島ちひろ、JULIA、碧しの（篠めぐみ）、黒木麻衣（花野真衣、SHIHO）、黒木アリサ、妃悠愛（長澤杏奈、水原里香、木崎祐子）、高沢沙耶,https://www.javbus.com/SBB-183,
ASFB-140 粘膜と粘膜で感じ合う甘～いキスしようよ 淫舌と唾液が混じり合う最高のエロス,ASFB-140 粘膜と粘膜で感じ合う甘～いキスしようよ 淫舌と唾液が混じり合う最高のエロス,ASFB-140,,2015-05-31,240分鐘,,FetishBox/妄想族,FetishBox/妄想族,,蕩婦、其他戀物癖、キス・接吻、DMM獨家,川上ゆう（森野雫）、北条麻妃、岩佐あゆみ、北川エリカ、佳苗るか、小早川怜子、瀧川花音、桜井あゆ、松岡セイラ、篠田あゆみ、深田梨菜（深田梨奈）、有村千佳、辺見麻衣,https://www.javbus.com/ASFB-140,
CORB-026 媚薬浣腸エビ反り噴射BEST,CORB-026 媚薬浣腸エビ反り噴射BEST,CORB-026,,2015-05-30,240分鐘,,CORE,CORE,媚薬浣腸エビ反り噴射,藥物、灌腸、性奴、DMM獨家,新井エリー（晶エリー、大沢佑香）、北条麻妃、碧しの（篠めぐみ）,https://www.javbus.com/CORB-026,
DMBA-168 脳内快楽★淫語トリップ 卑猥な言葉でボクを犯して下さい,DMBA-168 脳内快楽★淫語トリップ 卑猥な言葉でボクを犯して下さい,DMBA-168,,2015-05-26,141分鐘,,ジャネス,MAZOBOYSCLUB,,其他戀物癖、淫語、M男,北条麻妃、有村千佳、竹内紗里奈、北川エリカ、夏目優希、瀧川花音,https://www.javbus.com/DMBA-168,
DAZD-070 女が何人居ても男たちの前では為す術もなくただ犯される,DAZD-070 女が何人居ても男たちの前では為す術もなくただ犯される,DAZD-070,,2015-05-23,480分鐘,,ダスッ！,ダスッ！,,濫交、合集、輪姦、凌辱、DMM獨家,妃乃ひかり、かすみ果穂、大塚咲（小野沙樹、大滝佐紀）、管野しずか、上原亜衣、朝桐光、木下あげは、佳苗るか、児島奈央、藤井千沙、吉美さあや、二宮沙樹、湊莉久、蓮実クレア、小西まりえ、北川エリカ、霧島あんな、RUMIKA、桜りお、北条麻妃、柚樹なな、瀬名あゆむ（広瀬藍子）、大槻ひびき、小滝みい菜、久希まひろ（蔵前まどか）、堀内かえで、松下ひかり、皆町しずく、宮間葵、向井一葉、雨宮琴音、早瀬ありす、里崎あかね、荒木ありさ（月島うさぎ）、坂下えみり、西園寺れお、藤北彩香、桜井あゆ、風間ゆみ,https://www.javbus.com/DAZD-070,
MDB-613 回春エステサロンで働く100人8時間 BEST,MDB-613 回春エステサロンで働く100人8時間 BEST,MDB-613,,2015-05-22,480分鐘,K太郎,メディアステーション,BAZOOKA（バズーカ）,,口交、4小時以上作品、按摩、足交、高畫質、打手槍,川上ゆう（森野雫）、広瀬奈々美（堀口奈津美）、北条麻妃、波多野結衣、森ななこ、西條るり、椎名ゆな、星野あかり、北川エリカ、千乃あずみ,https://www.javbus.com/MDB-613,
NEO-406 日本一の咀嚼大全集 51人6時間,NEO-406 日本一の咀嚼大全集 51人6時間,NEO-406,,2015-05-22,360分鐘,,レイディックス,neo（パラドックス）,,其他戀物癖、4小時以上作品,琥珀うた、平山薫、佐々木レナ、北川まり、村井志穂、浦田留美子、森野毬、三城ゆき子、優希まゆ、高崎なる美、城山梓、寺島志保、高野香苗、中園喜代美、新尾きり子、笠木忍、朝倉ことみ、内山みわ、市來あやか、優木あおい、橋本理乃、牧野絵里、甲斐ミハル、浦田みらい、久見木梓、横瀬来夢、神谷つくし、桃原茜、徳井唯、北条麻妃、広瀬りほ、杉浦綾、米元路子、羽生ちえり、中谷そら、翔田千里、管野しずか、飯田せいこ、内村美樹、塚本アンナ、要ユリア、佐々木果穂、水崎泰子、高井雪、宮川れみ、原美里、高沢沙耶、渋谷海莉、紀里谷真穂,https://www.javbus.com/NEO-406,
ASFB-138 これぞドライオーガズムの頂点 男の潮吹き 5 4時間スペシャル,ASFB-138 これぞドライオーガズムの頂点 男の潮吹き 5 4時間スペシャル,ASFB-138,,2015-05-17,240分鐘,,FetishBox/妄想族,FetishBox/妄想族,これぞドライオーガズムの頂点男の潮吹き,其他戀物癖、潮吹、4小時以上作品、DMM獨家,川上ゆう（森野雫）、澤村レイコ（高坂保奈美、高坂ますみ）、北条麻妃、みづなれい（みずなれい）、夏目優希、佳苗るか、小早川怜子、上原花恋、桜井あゆ、阿部乃みく、北川エリカ、友田彩也香,https://www.javbus.com/ASFB-138,
CRAD-119 有名女優を無理矢理 犯しまくる8時間,CRAD-119 有名女優を無理矢理 犯しまくる8時間,CRAD-119,,2015-05-16,480分鐘,,クロス,CROSS,,合集、數位馬賽克、4小時以上作品、DMM獨家,川上ゆう（森野雫）、つぼみ、北島玲、桐生さくら、大沢美加（廣田まりこ）、Arisu（鈴木ありす）、さとう遥希、有村千佳、黒木いちか（東条かれん）、真田春香、Alice（鈴木ありす）、一戸のぞみ、新井エリー（晶エリー、大沢佑香）、北条麻妃、友田真希、瀧川花音、早乙女ルイ、小澤マリア,https://www.javbus.com/CRAD-119,
CADV-523 CRYSTAL GOLDEN COLLECTION 厳選AV女優30人8時間,CADV-523 CRYSTAL GOLDEN COLLECTION 厳選AV女優30人8時間,CADV-523,,2015-05-15,478分鐘,,クリスタル映像,CRYSTALEX,,成熟的女人、合集、美少女、4小時以上作品、巨乳,つぼみ、北条麻妃、上原亜衣、椎名ゆな、蓮実クレア、湊莉久、原千草、高梨あゆみ、浜崎真緒、紺野ひかる、水野朝陽、篠田あゆみ、小早川怜子、初美沙希、有村千佳、川上ゆう（森野雫）、七草ちとせ、阿部乃みく、川村まや、本田莉子、友田彩也香、結城みさ、森沢かな（飯岡かなこ）、風間ゆみ、羽月希、野宮さとみ、山本美和子、北川エリカ、倉多まお,https://www.javbus.com/CADV-523,
SBB-180 ザ・痴女☆女教師4時間,SBB-180 ザ・痴女☆女教師4時間,SBB-180,,2015-05-11,240分鐘,,マルクス兄弟,MARXBrothersco.,,蕩婦、女教師、各種職業、中出、4小時以上作品、DMM獨家,北条麻妃、浅倉彩音、浅乃ハルミ、大槻ひびき、西尾かおり、星野あかり、椿かなり、水希杏、浜崎真緒、紅音レイラ、椎名まりな、冴島かおり、黒木麻衣（花野真衣、SHIHO）、妃悠愛（長澤杏奈、水原里香、木崎祐子）、神波多一花、鈴音りおな、鈴村いろは、瀬奈涼、美澄しゅん、筒井まりか、結城みさ,https://www.javbus.com/SBB-180,
MBYD-227 愛する者が居る傍で…容赦なくイカされる人妻4時間,MBYD-227 愛する者が居る傍で…容赦なくイカされる人妻4時間,MBYD-227,,2015-05-10,240分鐘,,溜池ゴロー,溜池ゴロー,,合集、已婚婦女、羞恥、巨乳、DMM獨家,翔田千里、北条麻妃、結城みさ、波多野結衣、西條るり、北川美緒、堀内美希、保坂えり、白咲未羽（白咲美羽）、華原亜美,https://www.javbus.com/MBYD-227,
REAL-537 ハードSEX大量中出し8時間BEST 怒涛の30人連続ザーメン流し込みスペシャル,REAL-537 ハードSEX大量中出し8時間BEST 怒涛の30人連続ザーメン流し込みスペシャル,REAL-537,,2015-05-08,481分鐘,K太郎,レアルワークス,REAL（レアルワークス）,,濫交、紧缚、合集、中出、4小時以上作品、高畫質,川上ゆう（森野雫）、清原りょう、深田梨菜（深田梨奈）、北条麻妃、みづなれい（みずなれい）、波多野結衣、愛内希、椎名ゆな、宇佐美なな、芹野莉奈、新山かえで、妃悠愛（長澤杏奈、水原里香、木崎祐子）、知花メイサ、水城奈緒、上原保奈美、月野りさ、麻生岬、藤嶋唯、椎名ひかる、美咲結衣、愛花沙也、舞咲みくに、彩佳リリス（藤崎クロエ）、Maika（MEW）、内村りな、小桜沙樹、板野有紀、愛須心亜,https://www.javbus.com/REAL-537,
JUSD-626 少年を誘惑する美熟女の年の差セックス8時間,JUSD-626 少年を誘惑する美熟女の年の差セックス8時間,JUSD-626,,2015-05-03,480分鐘,,マドンナ,Madonna,,蕩婦、成熟的女人、合集、已婚婦女、數位馬賽克、通姦、DMM獨家,牧原れい子、翔田千里、桐岡さつき、椎名ゆな、秋野千尋、三浦恵理子、アンジェリーナ、五十嵐紀子、安野由美、朝霧ゆう、矢部寿恵、風間ゆみ、西野翔、北条麻妃、白木優子、寺林伸子、小森愛、青山葵、井上綾子,https://www.javbus.com/JUSD-626,
MLW-5020 働くきれいな熟女の美尻 4時間 ベスト,MLW-5020 働くきれいな熟女の美尻 4時間 ベスト,MLW-5020,,2015-04-25,242分鐘,,MellowMoon（メロウムーン）,MellowMoon（メロウムーン）,,成熟的女人、合集、屁股、4小時以上作品,風間ゆみ、妃乃ひかり、加藤ツバキ（夏樹カオル）、柳田やよい、北条麻妃、甲斐ミハル、内田美奈子、横山みれい、結城みさ、雨宮真貴、牧野遥,https://www.javbus.com/MLW-5020,
MCSR-154 【マジです】秒速でヌケるほどシコる右手が止まらない。美人でスケベ過ぎる人妻熟女が淫語連発で優しく苛めてくれる4時間12人,MCSR-154 【マジです】秒速でヌケるほどシコる右手が止まらない。美人でスケベ過ぎる人妻熟女が淫語連発で優しく苛めてくれる4時間12人,MCSR-154,,2015-04-25,242分鐘,B巻太,ビッグモーカル,マスカット,,蕩婦、成熟的女人、淫語、已婚婦女、4小時以上作品、高畫質,川上ゆう（森野雫）、澤村レイコ（高坂保奈美、高坂ますみ）、北条麻妃、艶堂しほり（遠藤しおり）、桐岡さつき、結城みさ、波多野結衣、元山はるか、小早川怜子、冴島かおり、竹内紗里奈、横山みれい,https://www.javbus.com/MCSR-154,
HXAK-018 超脚パンストクイーンDX 4時間 Vol.2,HXAK-018 超脚パンストクイーンDX 4時間 Vol.2,HXAK-018,,2015-04-25,243分鐘,,ジャネス,Fetishパンスト,超脚パンストクイーン,玩具、合集、連褲襪、戀腿癖、4小時以上作品,澤村レイコ（高坂保奈美、高坂ますみ）、北条麻妃、結城みさ、竹内紗里奈、桜井あゆ,https://www.javbus.com/HXAK-018,
NATR-458 接吻情事 人気美熟女達の…とびきり濃厚な接吻とセックス,NATR-458 接吻情事 人気美熟女達の…とびきり濃厚な接吻とセックス,NATR-458,,2015-04-24,117分鐘,藤元ジョージ,なでしこ,Nadeshiko,接吻情事,企畫、成熟的女人、各種職業、已婚婦女,北条麻妃、伊織涼子、峰岸ふじこ,https://www.javbus.com/NATR-458,
SVS-038 綺麗なお姉さんの 開脚ドスケベオナニー大全集,SVS-038 綺麗なお姉さんの 開脚ドスケベオナニー大全集,SVS-038,,2015-04-20,239分鐘,,AVScollector’s,AVS,,合集、4小時以上作品、高畫質、DMM獨家、自慰,小池絵美子、加藤ツバキ（夏樹カオル）、葉月奈穂（葉月菜穂）、北条麻妃、ひなのりく、結城みさ、木下若菜、上原優、宮村恋、木村真子、風間ゆみ、雨宮真貴、黒木麻衣（花野真衣、SHIHO）、音無かおり、羽月希、川上ゆう（森野雫）、櫻井夕樹、加山なつこ、紫彩乃、伊織涼子、今村楓,https://www.javbus.com/SVS-038,
ASFB-135 淫語手コキで脳内快楽中枢を刺激せよ！Vol.2 4時間SP,ASFB-135 淫語手コキで脳内快楽中枢を刺激せよ！Vol.2 4時間SP,ASFB-135,,2015-04-17,240分鐘,,FetishBox/妄想族,FetishBox/妄想族,淫語手コキで脳内快楽中枢を刺激せよ,其他戀物癖、淫語、DMM獨家、打手槍,川上ゆう（森野雫）、北条麻妃、みづなれい（みずなれい）、有村千佳、夏目優希、佳苗るか、小早川怜子、北川杏樹、上原花恋、桜井あゆ、阿部乃みく、松岡セイラ、冴島かおり,https://www.javbus.com/ASFB-135,
RBB-023 肉棒を包み込む最高の口淫 美熟女の優しく丁寧なフェラチオ16時間,RBB-023 肉棒を包み込む最高の口淫 美熟女の優しく丁寧なフェラチオ16時間,RBB-023,,2015-04-16,960分鐘,,ROOKIE,ROOKIE,,成熟的女人、口交、姐姐、新娘、年輕妻子、DMM獨家,川上ゆう（森野雫）、浅倉彩音、大堀香奈、矢部寿恵、森ななこ、菅野さゆき、倉多まお、白木優子、小早川怜子、浅之美波、牧原れい子、乃亜（鳥越乃亜）、稲川なつめ、卯水咲流、本田岬、夏目彩春、新山かえで、青木美空、椎名ゆな、松本まりな、君島冴子（AOI.、村上葵）、北島玲、南紗穂、吉永あかね、羽月希、三浦恵理子、長谷川美紅、小向まな美、上原保奈美、今井ひろの、矢吹京子、柚希あおい、堀内秋美、横山夏希、笠木忍、北条麻妃、北原夏美、織田真子、艶堂しほり（遠藤しおり）、澤村レイコ（高坂保奈美、高坂ますみ）、大橋ひとみ、波多野結衣、今井美鈴、寺崎泉、森沢かな（飯岡かなこ）、二宮沙樹、西野翔、中森玲子、結城みさ、仲丘たまき（片岡まきな）、美泉咲、篠田あゆみ、北川エリカ、大場ゆい、新堂綾乃、風間ゆみ、JULIA、西條るり、沖田杏梨、秋吉ひな、佐山愛、広瀬奈々美（堀口奈津美）、瞳リョウ、星野あかり、保坂えり、山本美和子、小川あさ美、佐藤みき（佐藤美紀、鈴木志帆）、本田莉子、春菜はな、横山みれい、青木りん、青木玲,https://www.javbus.com/RBB-023,
HPF-012 催眠素顔 12,HPF-012 催眠素顔 12,HPF-012,,2015-04-15,136分鐘,,催眠研究所,催眠素顔,催眠素顔,纪录片、性奴、惡作劇、催眠、高畫質、巨乳,加藤ツバキ（夏樹カオル）、北条麻妃、小早川怜子、堀内秋美、本庄優花、広瀬奈々美（堀口奈津美）,https://www.javbus.com/HPF-012,
GYAZ-131 生殺しパニック射精 あなたのザーメン、私がコントロールしてあげるわ,GYAZ-131 生殺しパニック射精 あなたのザーメン、私がコントロールしてあげるわ,GYAZ-131,,2015-04-15,141分鐘,,ジャネス,MANIAPlay,,成熟的女人、口交、其他戀物癖、姐姐、打手槍,北条麻妃、友田彩也香、結城みさ、竹内紗里奈、北川エリカ、瀧川花音、小西まりえ,https://www.javbus.com/GYAZ-131,
SBB-177 スーパーピストンディルドオナニー 4時間,SBB-177 スーパーピストンディルドオナニー 4時間,SBB-177,,2015-04-12,240分鐘,,マルクス兄弟,MARXBrothersco.,,玩具、女上位、4小時以上作品、巨乳、DMM獨家、自慰,愛菜りな、北条麻妃、水城奈緒、結城みさ、大槻ひびき、南りん、持田百恵、大城美咲、愛乃みやび、望多つばさ、七瀬あさみ、中野愛里、月野りさ、あづみ、RUMIKA,https://www.javbus.com/SBB-177,
REAL-534 祝！！10周年 REALヒストリー完全保存版 8時間スペシャル,REAL-534 祝！！10周年 REALヒストリー完全保存版 8時間スペシャル,REAL-534,,2015-04-10,481分鐘,K太郎,レアルワークス,REAL（レアルワークス）,,潮吹、合集、4小時以上作品、高畫質,早坂ひとみ、川上ゆう（森野雫）、つぼみ、北条麻妃、星優乃、成瀬心美（ここみ）、月野りさ、大槻ひびき、上原亜衣、篠田あゆみ,https://www.javbus.com/REAL-534,
QXL-127 RUBY厳選！ 浪漫劇場 団地妻＆尼僧物語 有閑の瞬間をエロスで満たすふしだら妻、そして背徳の聖職者の性交,QXL-127 RUBY厳選！ 浪漫劇場 団地妻＆尼僧物語 有閑の瞬間をエロスで満たすふしだら妻、そして背徳の聖職者の性交,QXL-127,,2015-04-09,241分鐘,焚魔珍,ルビー,RUBY,,成熟的女人、合集、已婚婦女、4小時以上作品、高畫質,北条麻妃、名城翠、吉野艶子、伊藤まい,https://www.javbus.com/QXL-127,
BOYA-003 【旦那の目を盗んで】近所で一番綺麗な奥さんと不倫温泉ねっとり旅情～情緒溢れる旅館で夫を忘れ寝取られる美巨乳妻に中出し受精…15人4時間,BOYA-003 【旦那の目を盗んで】近所で一番綺麗な奥さんと不倫温泉ねっとり旅情～情緒溢れる旅館で夫を忘れ寝取られる美巨乳妻に中出し受精…15人4時間,BOYA-003,,2015-03-31,240分鐘,,TMA,BO-YA,,已婚婦女、通姦、4小時以上作品、高畫質、出軌、巨乳,風間ゆみ、楠本ゆかり、森下理音、日向ゆみ、北条麻妃、立花みずき、有沢りさ、西條るり、阿川蘭、平山こずえ、大越はるか,https://www.javbus.com/BOYA-003,
ASFB-132 美脚パンストマニアックス 極上の悩殺ストッキング 4時間 Vol.2,ASFB-132 美脚パンストマニアックス 極上の悩殺ストッキング 4時間 Vol.2,ASFB-132,,2015-03-29,240分鐘,,FetishBox/妄想族,FetishBox/妄想族,美脚パンストマニアックス,其他戀物癖、合集、連褲襪、戀腿癖、DMM獨家,北条麻妃、友田彩也香、有村千佳、北川エリカ、夏目優希、北川杏樹、桜井あゆ、松岡セイラ、佐々木恋海（向井恋）、阿部乃みく、結城みさ、小西まりえ、栗林里莉、波多野結衣,https://www.javbus.com/ASFB-132,
OKSN-236 完全撮り卸し 人妻夜姦,OKSN-236 完全撮り卸し 人妻夜姦,OKSN-236,,2015-03-29,120分鐘,,ABC/妄想族,お母さん.com/ABC,,成熟的女人、苗條、已婚婦女、數位馬賽克、巨乳、DMM獨家,青木玲、川上ゆう（森野雫）、北条麻妃、有村千佳、水野朝陽、千乃あずみ、篠田あゆみ、松野朱里,https://www.javbus.com/OKSN-236,
AVSP-015 綺麗なお姉さんの卑猥な膣内に濃厚真正生中出し 8時間BEST Vol.2,AVSP-015 綺麗なお姉さんの卑猥な膣内に濃厚真正生中出し 8時間BEST Vol.2,AVSP-015,,2015-03-22,480分鐘,,AVScollector’s,AVS,綺麗なお姉さんの卑猥な膣内に濃厚真正生中出し,合集、中出、4小時以上作品、DMM獨家,松下ゆうか（愛乃彩音、藤咲ゆうか）、友田彩也香、稲川なつめ、江波りゅう（RYU)、浅井舞香、青山亜里沙、佐々木涼、杉原理恵、北川エリカ、天音まりあ、凛華、青山花梨、宮村恋、紫彩乃、山本美和子、瀬奈ジュン、北川千尋、艶堂しほり（遠藤しおり）、広瀬ゆな、北条麻妃、榊なち、神崎レオナ（七瀬かすみ）、加藤なお、当真ゆき（桜井マミ）、沢田珠里,https://www.javbus.com/AVSP-015,
BS-029 きれいなお姉さんたちのチン棒寸止め遊び,BS-029 きれいなお姉さんたちのチン棒寸止め遊び,BS-029,,2015-03-22,142分鐘,ラッシャーみよし,RASH,ビザールスタイル,,蕩婦、成熟的女人、姐姐、性奴、打手槍,小早川怜子、音無かおり、松本まりな、北条麻妃、加藤ツバキ（夏樹カオル）,https://www.javbus.com/BS-029,
HYAS-027 グローバルメディア 熟女・人妻レイプ 23歳人妻～五十路熟女 100人8時間,HYAS-027 グローバルメディア 熟女・人妻レイプ 23歳人妻～五十路熟女 100人8時間,HYAS-027,,2015-03-18,483分鐘,,ケイ・エム・プロデュース,100人,,成熟的女人、合集、已婚婦女、4小時以上作品,風間ゆみ、川上ゆう（森野雫）、北条麻妃、羽月希、矢部寿恵、さとう遥希、椎名ゆな、小早川怜子,https://www.javbus.com/HYAS-027,
EMBX-040 強姦！凌辱！犯され、膣内射精レイプされ続けた美熟妻たち！！ 第二章,EMBX-040 強姦！凌辱！犯され、膣内射精レイプされ続けた美熟妻たち！！ 第二章,EMBX-040,,2015-03-15,250分鐘,,LADY★BABA/エマニエル,LADY★BABA,膣内射精レイプされ続けた美熟妻たち,成熟的女人、強姦、中出、DMM獨家,北条麻妃、浅井舞香、折原ゆかり、上原千尋、高橋美緒、冬木舞、春岡ちさと、後藤あづさ,https://www.javbus.com/EMBX-040,
PHO-003 尻コキ倶楽部,PHO-003 尻コキ倶楽部,PHO-003,,2015-03-15,120分鐘,,バミューダ,フェニックス（バミューダ）,,成熟的女人、第一人稱攝影、其他戀物癖、高畫質,加藤ツバキ（夏樹カオル）、北条麻妃、矢部寿恵、浜崎真緒、阿部乃みく,https://www.javbus.com/PHO-003_2015-03-15,
ASFB-131 熱いクチマ○コでしゃぶり尽くしてあげるわっ！！！ 厳選フェラチオ映像 4時間 Vol.2,ASFB-131 熱いクチマ○コでしゃぶり尽くしてあげるわっ！！！ 厳選フェラチオ映像 4時間 Vol.2,ASFB-131,,2015-03-15,240分鐘,,FetishBox/妄想族,FetishBox/妄想族,厳選フェラチオ映像,蕩婦、口交、其他戀物癖、DMM獨家,川上ゆう（森野雫）、澤村レイコ（高坂保奈美、高坂ますみ）、北条麻妃、みづなれい（みずなれい）、横山みれい、大槻ひびき、有村千佳、小早川怜子、上原花恋、桜井あゆ、佳苗るか、星咲優菜,https://www.javbus.com/ASFB-131,
ASFB-130 Men’s乳首と凄テク手淫 敏感なチクビを責めながらシゴいてあげる,ASFB-130 Men’s乳首と凄テク手淫 敏感なチクビを責めながらシゴいてあげる,ASFB-130,,2015-03-15,240分鐘,,FetishBox/妄想族,FetishBox/妄想族,,其他戀物癖、4小時以上作品、DMM獨家、打手槍,桐原あずさ（伊藤あずさ）、北条麻妃、平松恵理香、横山みれい、雨宮琴音、瀬名あゆむ（広瀬藍子）、大槻ひびき、初美沙希、竹内紗里奈、晴華れい、結城みさ、小滝みい菜,https://www.javbus.com/ASFB-130,
GYAZ-126 夢のフェラサロン 絶品な舌技で舐めてあげる,GYAZ-126 夢のフェラサロン 絶品な舌技で舐めてあげる,GYAZ-126,,2015-03-15,142分鐘,,ジャネス,MANIAPlay,,蕩婦、成熟的女人、口交、姐姐,川上ゆう（森野雫）、北条麻妃、結城みさ、波多野結衣、有村千佳、夏目優希、矢沢りょう、桜井あゆ,https://www.javbus.com/GYAZ-126,
RBB-017 いいなりマゾ女を性調教凌辱 16時間,RBB-017 いいなりマゾ女を性調教凌辱 16時間,RBB-017,,2015-03-14,960分鐘,,ROOKIE,ROOKIE,,合集、花癡、美少女、性奴、凌辱、DMM獨家,かすみ果穂、並木優、瑠川リナ、西條るり、椎名ゆな、新山かえで、鶴田かな、尾上若葉、大場ゆい、森沢かな（飯岡かなこ）、葵ちひろ、北条麻妃、木村つな、湊莉久、吉澤留美、佐山愛、葉月奈穂（葉月菜穂）、梨果メリア、小早川怜子、西野翔、星乃らむ、JULIA、Hitomi（田中瞳）、星野ナミ、保坂えり、浜崎真緒、希志あいの、夏目優希、あすか光希、若菜亜衣、二宮沙樹、雪見紗弥、麻美ゆま、妃悠愛（長澤杏奈、水原里香、木崎祐子）、松坂沙耶、西野まお、冬月かえで、沢口あすか、翔田千里、鈴木麻奈美、相原れな（三浦加奈、篠原リョウ）、鈴木明日香、吉沢明歩、恵けい、森口琴音、月見栞、沖田杏梨,https://www.javbus.com/RBB-017,
PPFB-001 完全パンストフェティッシュ Best Collection,PPFB-001 完全パンストフェティッシュ Best Collection,PPFB-001,,2015-03-09,239分鐘,渡辺琢斗,AVScollector’s,琢斗,完全パンストフェティッシュ,合集、連褲襪、4小時以上作品、高畫質、DMM獨家,北条麻妃、友田彩也香、江波りゅう（RYU)、小早川怜子,https://www.javbus.com/PPFB-001,
KAGH-006 極楽センズリ鑑賞 8時間どっぴゅんSP ソリ返った勃起チ●ポを目の前にして欲情するドスケベ人妻たちに濃厚ザーメン発射25連発,KAGH-006 極楽センズリ鑑賞 8時間どっぴゅんSP ソリ返った勃起チ●ポを目の前にして欲情するドスケベ人妻たちに濃厚ザーメン発射25連発,KAGH-006,,2015-03-05,481分鐘,,AFRO-FILM,かぐや姫（AFRO-FILM）,,已婚婦女、4小時以上作品、高畫質、打手槍,川上ゆう（森野雫）、桐原あずさ（伊藤あずさ）、加藤ツバキ（夏樹カオル）、細川まり、中森玲子、羽月希、桐岡さつき、結城みさ、矢部寿恵、波多野結衣、有奈めぐみ、一ノ瀬ルカ、小嶋ジュンナ、筒井まりか、沢田珠里、伊織京子、北条麻妃、松下美香、水樹あやか,https://www.javbus.com/KAGH-006,
VNDS-3099 美熟女潮吹き大饗乱,VNDS-3099 美熟女潮吹き大饗乱,VNDS-3099,,2015-02-25,119分鐘,コルト69,STARPARADISE,ネクストイレブン,,成熟的女人、濫交、潮吹、花癡、手指插入、高畫質,風間ゆみ、北条麻妃、艶堂しほり（遠藤しおり）、中森玲子、浅倉彩音,https://www.javbus.com/VNDS-3099,
AVSP-014 綺麗なお姉さんの卑猥な膣内に濃厚真正生中出し 8時間BEST Vol.1,AVSP-014 綺麗なお姉さんの卑猥な膣内に濃厚真正生中出し 8時間BEST Vol.1,AVSP-014,,2015-02-22,480分鐘,,AVScollector’s,AVS,,合集、中出、4小時以上作品、DMM獨家,加藤ツバキ（夏樹カオル）、北島玲、水城奈緒、星優乃、新山かえで、桜沢まひる、つゆの優、小早川怜子、横山夏希、冴木琴美、小嶋ジュンナ、新井エリー（晶エリー、大沢佑香）、羽月希、叶みわ、大塚咲（小野沙樹、大滝佐紀）、横山みれい、相原りお、村上涼子（中村りかこ、黒木菜穂）、桐岡さつき、宮村恋、間宮志乃、観月マヤ、宮崎もも、北条麻妃、浅見友紀、彩名ゆい,https://www.javbus.com/AVSP-014,
VERO-042 男のロマン！やさしい年上熟女の童貞筆おろしシチュエーションBEST20 4時間,VERO-042 男のロマン！やさしい年上熟女の童貞筆おろしシチュエーションBEST20 4時間,VERO-042,,2015-02-16,240分鐘,,VENUS,女神（ヴィーナス）,,成熟的女人、合集、已婚婦女、4小時以上作品、DMM獨家,風間ゆみ、牧原れい子、川上ゆう（森野雫）、桐原あずさ（伊藤あずさ）、広瀬奈々美（堀口奈津美）、佐藤みき（佐藤美紀、鈴木志帆）、北川瞳、羽賀そら美、蜜美あい、原田美奈、椎名ひかる、浜崎真緒、星野あかり、樋口冴子（桐島千沙）、青木りん、葉月奈穂（葉月菜穂）、柳田やよい、加山なつこ、鏡麗子、北条麻妃、翔田千里、時越芙美江、瀧川花音、愛あいり,https://www.javbus.com/VERO-042,
TYWD-066 淫乱日替わりSEX16時間,TYWD-066 淫乱日替わりSEX16時間,TYWD-066,,2015-02-15,960分鐘,,乱丸,乱丸,,合集、淫語、花癡、數位馬賽克、DMM獨家,新井エリー（晶エリー、大沢佑香）、翔田千里、鮎川なお、前乃さとみ、Marin.、波多野結衣、さとう遥希、大槻ひびき、花井メイサ、桜井あゆ、成瀬心美（ここみ）、風間ゆみ、Hitomi（田中瞳）、澤村レイコ（高坂保奈美、高坂ますみ）、北条麻妃、友田真希、妃乃ひかり、星野あかり、西野翔、望月るな、乃亜（鳥越乃亜）、音丸、小早川怜子、希咲エマ（HARUKI、加藤はる希）、雛丸、沖田杏梨、仁科百華、泉麻那、RUMIKA、峰なゆか、水元ゆうな,https://www.javbus.com/TYWD-066,
RBB-009 高画質 SEXが大好き過ぎて淫乱な雰囲気ただよう ドスケベ熟女16時間,RBB-009 高画質 SEXが大好き過ぎて淫乱な雰囲気ただよう ドスケベ熟女16時間,RBB-009,,2015-02-15,960分鐘,,ROOKIE,ROOKIE,,成熟的女人、潮吹、合集、花癡、高畫質、DMM獨家,風間ゆみ、牧原れい子、芦名未帆（稲森しほり）、北条麻妃、北原夏美、美原咲子、JULIA、杏美月、愛田奈々、森沢かな（飯岡かなこ）、本田莉子、川上ゆう（森野雫）、青山菜々、西條るり、星野あかり、神波多一花、翔田千里、澤村レイコ（高坂保奈美、高坂ますみ）、有沢実紗、本庄瞳、長谷川美紅、白木優子、波多野結衣、椎名ゆな、友田真希、矢部寿恵、七海ひさ代、大橋ひとみ、浅倉彩音、浅井舞香、森ななこ、織田真子、松嶋友里恵、松下美雪、小早川怜子、篠田あゆみ、志村玲子、山本美和子、艶堂しほり（遠藤しおり）、中森玲子、大場ゆい、三浦恵理子、佐藤みき（佐藤美紀、鈴木志帆）、江波りゅう（RYU)、結城みさ、桐岡さつき、加藤ツバキ（夏樹カオル）、音無かおり、横山みれい、一条綺美香,https://www.javbus.com/RBB-009,
PHO-001 脚コキ倶楽部 脚コキが気持ち良すぎて発射しちゃったボク！,PHO-001 脚コキ倶楽部 脚コキが気持ち良すぎて発射しちゃったボク！,PHO-001,,2015-02-12,124分鐘,あばしり一家,バミューダ,フェニックス（バミューダ）,○○倶楽部,成熟的女人、第一人稱攝影、其他戀物癖、足交、高畫質,翔田千里、北条麻妃、さとう遥希,https://www.javbus.com/PHO-001_2015-02-12,
MBYD-216 奥さんのボリューミーなお尻8時間,MBYD-216 奥さんのボリューミーなお尻8時間,MBYD-216,,2015-02-07,480分鐘,,溜池ゴロー,溜池ゴロー,,成熟的女人、合集、已婚婦女、屁股、DMM獨家,風間ゆみ、細川まり、葉月奈穂（葉月菜穂）、西條るり、仲丘たまき（片岡まきな）、森山杏菜（森山杏奈）、沖田杏梨、小早川怜子、高橋美緒、南紗穂、佐山愛、さとう遥希、大塚咲（小野沙樹、大滝佐紀）、北条麻妃、中森玲子,https://www.javbus.com/MBYD-216,
MLW-5015 美熟女4時間 どんなチ○ポもタタせます SEXカウンセラー ベスト,MLW-5015 美熟女4時間 どんなチ○ポもタタせます SEXカウンセラー ベスト,MLW-5015,,2015-02-02,242分鐘,,MellowMoon,MellowMoon,,蕩婦、成熟的女人、合集、女醫生、花癡、4小時以上作品,小池絵美子、翔田千里、北条麻妃、結城みさ、松本まりな、寺崎泉、近藤郁美、近藤郁（近藤郁美）,https://www.javbus.com/MLW-5015,
CADV-508 温泉旅館で起こったエッチなハプニング8時間！！混浴温泉で初めて会った男に性交を懇願！！マッサージ師の指テクでパンツはグチョ濡れ！！深夜の旅館で夜ばいSEX！！宴会場で大乱交！！憧れのAV女優が和室で筆,CADV-508 温泉旅館で起こったエッチなハプニング8時間！！混浴温泉で初めて会った男に性交を懇願！！マッサージ師の指テクでパンツはグチョ濡れ！！深夜の旅館で夜ばいSEX！！宴会場で大乱交！！憧れのAV女優が和室で筆,CADV-508,,2015-02-01,478分鐘,,クリスタル映像,CRYSTALEX,,成熟的女人、女大學生、合集、已婚婦女、4小時以上作品、巨乳,風間ゆみ、つぼみ、中森玲子、内田美奈子、仁科百華、青山真希、沢村ゆうみ、月野ひかり、川原杏美、真仲佐知、黒木歩、中居ちはる、櫻井夕樹、美泉咲、小早川怜子、九条雛子、結城みさ、橘なお、長澤アイミ、新垣沙織、朝宮涼子、西野エリカ、本庄真弓、森下さくら（村上涼子、雨宮加奈、森下遥）、立花美里、つかもと勇希、円城ひとみ、水咲理沙、宮島ひとみ、加山なつこ、松本貴子、西川りおん、山本美和子、北条麻妃、美咲涼、横山みれい,https://www.javbus.com/CADV-508,
VAGU-113 S級ママたちとのやらしい生活 10人4時間 2,VAGU-113 S級ママたちとのやらしい生活 10人4時間 2,VAGU-113,,2015-02-01,240分鐘,,VENUS,ULTIMA,○○ママとのやらしい生活,成熟的女人、合集、亂倫、已婚婦女、4小時以上作品、主觀視角、DMM獨家,風間ゆみ、鈴木さとみ、北条麻妃、波多野結衣、森ななこ、西條るり、青木りん、小早川怜子、水野朝陽、神波多一花,https://www.javbus.com/VAGU-113,
DMBA-167 激☆足コキ 美脚でM男汁の生搾り 2,DMBA-167 激☆足コキ 美脚でM男汁の生搾り 2,DMBA-167,,2015-01-30,141分鐘,,ジャネス,MAZOBOYSCLUB,激☆足コキ美脚でM男汁の生搾り,成熟的女人、連褲襪、姐姐、戀腿癖、美少女、足交,澤村レイコ（高坂保奈美、高坂ますみ）、北条麻妃、友田彩也香、栗林里莉、夏目優希、北川杏樹、瀧川花音,https://www.javbus.com/DMBA-167,
DMBM-005 ボンデージの虜 M男調教QUEEN DX 4時間 Vol.3,DMBM-005 ボンデージの虜 M男調教QUEEN DX 4時間 Vol.3,DMBM-005,,2015-01-30,242分鐘,,ジャネス,MBCプラチナム,ボンデージの虜,成熟的女人、SM、合集、姐姐、4小時以上作品、緊縛、打手槍,澤村レイコ（高坂保奈美、高坂ますみ）、北条麻妃、平松恵理香、竹内紗里奈、桜井あゆ,https://www.javbus.com/DMBM-005,
ASFB-125 甘い接吻と濃厚なSEX 激しくキスを求め合いお互いの肉体を貪り尽くす男と女,ASFB-125 甘い接吻と濃厚なSEX 激しくキスを求め合いお互いの肉体を貪り尽くす男と女,ASFB-125,,2015-01-26,240分鐘,,FetishBox/妄想族,FetishBox/妄想族,,蕩婦、其他戀物癖、4小時以上作品、DMM獨家,松岡セイラ、桜井あゆ、上原花恋、北川杏樹、小早川怜子、夏目優希、水嶋あずみ、北条麻妃,https://www.javbus.com/ASFB-125,
ASFB-123 淫語フェラBEST Vol.4,ASFB-123 淫語フェラBEST Vol.4,ASFB-123,,2015-01-26,240分鐘,,FetishBox/妄想族,FetishBox/妄想族,淫語フェラBEST,口交、其他戀物癖、淫語、DMM獨家,阿部乃みく、上原花恋、小早川怜子、夏目優希、北川エリカ、有村千佳、栗林里莉、みづなれい（みずなれい）、北条麻妃、澤村レイコ（高坂保奈美、高坂ますみ）、佳苗るか、佐々木恋海（向井恋）、桜井あゆ、竹内紗里奈,https://www.javbus.com/ASFB-123,
GYAZ-125 未体験快楽ゾーン 男の潮吹きオーガズム 2,GYAZ-125 未体験快楽ゾーン 男の潮吹きオーガズム 2,GYAZ-125,,2015-01-20,141分鐘,,ジャネス,MANIAPlay,未体験快楽ゾーン男の潮吹きオーガズム,成熟的女人、連褲襪、姐姐、眼鏡、打手槍,澤村レイコ（高坂保奈美、高坂ますみ）、北条麻妃、友田彩也香、結城みさ、有村千佳、北川エリカ、夏目優希、小早川怜子,https://www.javbus.com/GYAZ-125,
EMMJ-012 没落セレブ妻 恥辱のセックス講習,EMMJ-012 没落セレブ妻 恥辱のセックス講習,EMMJ-012,,2015-01-19,240分鐘,,MANJIRO/エマニエル,MANJIRO,,妓女、已婚婦女、性奴、中出、巨乳、DMM獨家,雨宮真貴、竹内順子、大槻ひびき、竹内結、星優乃、北条麻妃、瀬戸珠美、澤村レイコ（高坂保奈美、高坂ますみ）、松浦ユキ、黒木麻衣（花野真衣、SHIHO）,https://www.javbus.com/EMMJ-012,
RBB-005 誰にも言えず、誰にも知られたくない。禁断 近親相姦16時間,RBB-005 誰にも言えず、誰にも知られたくない。禁断 近親相姦16時間,RBB-005,,2015-01-19,960分鐘,,ROOKIE,ROOKIE,,母親、亂倫、姐妹、DMM獨家,ティア、秋野千尋、沖田杏梨、有沢実紗、愛内希、長谷川美紅、小桜沙樹、北条麻妃、葉月奈穂（葉月菜穂）、友田真希,https://www.javbus.com/RBB-005,
ASFB-120 ワイセツな美脚で抜かれたい 4時間,ASFB-120 ワイセツな美脚で抜かれたい 4時間,ASFB-120,,2015-01-18,240分鐘,,FetishBox/妄想族,FetishBox/妄想族,,其他戀物癖、合集、屁股、戀腿癖、DMM獨家,佐々木恋海（向井恋）、松岡セイラ、桜井あゆ、小早川怜子、夏目優希、有村千佳、大槻ひびき、友田彩也香、北条麻妃、一ノ瀬アメリ（美空あやか、栗栖エリカ）,https://www.javbus.com/ASFB-120,
ASFB-122 これぞドライオーガズムの頂点 男の潮吹き4 4時間スペシャル,ASFB-122 これぞドライオーガズムの頂点 男の潮吹き4 4時間スペシャル,ASFB-122,,2015-01-18,240分鐘,,FetishBox/妄想族,FetishBox/妄想族,これぞドライオーガズムの頂点男の潮吹き,蕩婦、其他戀物癖、潮吹、DMM獨家,松岡セイラ、桜井あゆ、上原花恋、冴島かおり、小早川怜子、夏目優希、北川エリカ、稲川なつめ、有村千佳、北条麻妃、栗林里莉、瀧川花音,https://www.javbus.com/ASFB-122,
ASFB-121 ハメ狂い濡れマ○コ ドスケベな女たちが一心不乱にイキまくる絶頂SEX,ASFB-121 ハメ狂い濡れマ○コ ドスケベな女たちが一心不乱にイキまくる絶頂SEX,ASFB-121,,2015-01-18,240分鐘,,FetishBox/妄想族,FetishBox/妄想族,,蕩婦、其他戀物癖、花癡、DMM獨家,佐々木恋海（向井恋）、冴島かおり、夏目優希、北川エリカ、有村千佳、結城みさ、栗林里莉、友田彩也香、北条麻妃、川上ゆう（森野雫）、瀧川花音、みづなれい（みずなれい）、上原花恋、桜井あゆ,https://www.javbus.com/ASFB-121,
SWAC-015 女教師スペシャル 30人4時間,SWAC-015 女教師スペシャル 30人4時間,SWAC-015,,2015-01-18,240分鐘,,湘南/妄想族,湘南/妄想族,,蕩婦、強姦、女教師、輪姦、4小時以上作品、DMM獨家,新山つぐみ、中川理沙、西尾かおり、波多野結衣、浅乃ハルミ、浅倉彩音、北条麻妃、新井エリー（晶エリー、大沢佑香）、一ノ瀬アメリ（美空あやか、栗栖エリカ）、妃乃ひかり、三上香里菜、真中ちひろ、広瀬奈々美（堀口奈津美）、星野あかり、結城みさ、高梨あゆみ、鈴村いろは、鈴音りおな、紗奈、さくら悠、黒木麻衣（花野真衣、SHIHO）、黒木アリサ、妃悠愛（長澤杏奈、水原里香、木崎祐子）、神波多一花、春日もな、風間ゆみ、大槻ひびき、瀬奈涼、澤村レイコ（高坂保奈美、高坂ますみ）、漣ゆめ,https://www.javbus.com/SWAC-015,
CADV-506 本当にあったエッチな体験8時間 突然やってきたAV女優と自宅でSEX30連発！！,CADV-506 本当にあったエッチな体験8時間 突然やってきたAV女優と自宅でSEX30連発！！,CADV-506,,2015-01-16,485分鐘,,クリスタル映像,CRYSTALEX,,成熟的女人、女大學生、已婚婦女、4小時以上作品、高中女生、巨乳,つぼみ、星乃せあら（南まりん）、月野りさ、仁科百華、長谷川美紅、上原亜衣、木下若菜、愛那梨華、青山真希、湊莉久、浅倉彩音、花沢真子、愛須心亜、結城みさ、長谷川沙希、北川エリカ、内田美奈子、北条麻妃、北川千尋、さとう遥希、妃乃ひかり、名城翠、大島あいる、春原未来、南梨央奈、小倉ゆず、朝宮涼子、葵こはる（えりか）、横山みれい、宮村恋,https://www.javbus.com/CADV-506,
MBYD-215 毎夜違う人妻さんでヌける！！31人の日替わり性交12時間,MBYD-215 毎夜違う人妻さんでヌける！！31人の日替わり性交12時間,MBYD-215,,2015-01-10,720分鐘,,溜池ゴロー,溜池ゴロー,,成熟的女人、合集、已婚婦女、新娘、年輕妻子、巨乳、DMM獨家,広瀬奈々美（堀口奈津美）、潮見百合子、森沢かな（飯岡かなこ）、本田莉子、神波多一花、秋菜はるか、三浦恵理子、音無かおり、森ななこ、矢部寿恵、南紗穂、椎名ゆな、川上ゆう（森野雫）、翔田千里、堀内秋美、佐山愛、浅井舞香、北川エリカ、風間ゆみ、Hitomi（田中瞳）、北条麻妃、結城みさ、本庄優花、水野咲希、高岡すみれ、澤村レイコ（高坂保奈美、高坂ますみ）、牧原れい子、波多野結衣、JULIA,https://www.javbus.com/MBYD-215,
HUNT-951 「え！？ 私で興奮してくれてるの？」息子の友達が私にまさかの発情！結婚してからすっかり異性の目を気にしなくなってしまった私…。普段から無防備、無警戒！,HUNT-951 「え！？ 私で興奮してくれてるの？」息子の友達が私にまさかの発情！結婚してからすっかり異性の目を気にしなくなってしまった私…。普段から無防備、無警戒！,HUNT-951,,2015-01-08,240分鐘,ボルボ中野,Hunter,Hunter（ソフトオンデマンド）,,企畫、成熟的女人、4小時以上作品、高畫質、巨乳,新山かえで、北条麻妃、水希杏、井上瞳、阿澄ちほ,https://www.javbus.com/HUNT-951,
VERO-041 剛毛ママ 20人4時間,VERO-041 剛毛ママ 20人4時間,VERO-041,,2015-01-07,240分鐘,,VENUS,女神（ヴィーナス）,,成熟的女人、已婚婦女、4小時以上作品、DMM獨家,名取結衣、野間あんな、小田切あや、神崎久美、楓姫輝、長澤あずさ、さとう遥希、小出遥、北条麻妃、牧野遥,https://www.javbus.com/VERO-041,
ATKD-230 厳選、美女凌辱2 いい女は犯しても美しい 選りすぐり美女16人480分,ATKD-230 厳選、美女凌辱2 いい女は犯しても美しい 選りすぐり美女16人480分,ATKD-230,,2014-12-27,480分鐘,,アタッカーズ,AttackersBEST,厳選美女凌辱,女教師、女檢察官、凌辱、DMM獨家,桜井あゆ、本田岬、白木優子、堀咲りあ、長谷川ミク、桜木凛、小川あさ美、北条麻妃、竹内あい、灘ジュン、波多野結衣、板垣あずさ、冬月かえで、愛田奈々、AIKA（三浦あいか）、天海つばさ,https://www.javbus.com/ATKD-230,
KUSR-004 人間フォンデュタワー 2,KUSR-004 人間フォンデュタワー 2,KUSR-004,,2014-12-25,120分鐘,菊の助,ビッグモーカル,九龍（ビッグモーカル）,人間フォンデュタワー,成熟的女人、口交、其他戀物癖、高畫質,矢部寿恵、北条麻妃、翔田千里,https://www.javbus.com/KUSR-004,
YLW-4249 親友を誘惑する肉食母さん 2,YLW-4249 親友を誘惑する肉食母さん 2,YLW-4249,,2014-12-22,238分鐘,,MellowMoon,YellowMoon,親友を誘惑する肉食母さん,蕩婦、企畫、成熟的女人,彩美ルリ子、伊織涼子、北条麻妃、里中亜矢子,https://www.javbus.com/YLW-4249,
LZBS-002 レズれ！はじめての年間ベスト 女と女の本気イキ総集編 8時間SP,LZBS-002 レズれ！はじめての年間ベスト 女と女の本気イキ総集編 8時間SP,LZBS-002,,2014-12-12,480分鐘,,レズれ！,レズれ！ベスト,,女同性戀、合集、69、舔陰、4小時以上作品、女同接吻、DMM獨家,長瀬涼子、白鳥ゆな、原千草、保坂えり、鈴村みゆう、宮下つばさ、有村千佳、上原亜衣、波多野結衣、風間ゆみ、葵こはる（えりか）、伊織しずく、矢沢りょう、彩城ゆりな、音無かおり、木村つな、成宮ルリ、桜井あゆ、乙葉ななせ、春原未来、竹内紗里奈、羽月希、琥珀うた、南梨央奈、Maika（MEW）、有本紗世、羽川るな、小司あん、佐々木恋海（向井恋）、結城みさ、加納綾子、内村りな、緒方みずき、北川エリカ、大槻ひびき、北条麻妃、真咲南朋（楓モモ、安藤なつ妃）、澤村レイコ（高坂保奈美、高坂ますみ）、朝宮涼子、小西まりえ,https://www.javbus.com/LZBS-002,
TYWD-063 クンニ絶頂トランス117連発,TYWD-063 クンニ絶頂トランス117連発,TYWD-063,,2014-12-11,240分鐘,,乱丸,乱丸,,蕩婦、合集、花癡、舔陰、DMM獨家,桜井あゆ、上原亜衣、さとう遥希、波多野結衣、加山なつこ、nao.（小池ひとみ）、水元ゆうな、青木玲、笠木忍、金沢文子、北田優歩、高梨あゆみ、仲丘たまき（片岡まきな）、北川杏樹、成宮ルリ、瀧川花音、神波多一花、音丸、尾上若葉、小早川怜子、知世奏、木村つな、愛実れい、市来美保、橘優花、村上涼子（中村りかこ、黒木菜穂）、櫻井ゆうこ、峰なゆか、星野あかり、柊早矢（美咲ゆりあ）、寧々、愛咲れいら（原千尋）、田中梨子、西野翔、望月るな、涼風ことの、青山沙希、夏目優希、山本美和子、水咲カレン、西條るり、結城みさ、瀬奈涼、まりか、泉麻那、妃悠愛（長澤杏奈、水原里香、木崎祐子）、碧しの（篠めぐみ）、井川ゆい、RUMIKA、佐倉美佐、COCONA（ココナ）、桐岡さつき、琥珀うた、木島るみ、水沢杏香、悠月舞、水澤まお（永沢まおみ）、西野まお、雛丸、沖田杏梨、櫻井ともか、北川瞳、近澤まゆみ、仁科百華、ましろ杏、新井エリー（晶エリー、大沢佑香）、風間ゆみ、Hitomi（田中瞳）、岡山涼花、ひなのりく、佐田あゆみ、長澤あずさ、一戸のぞみ、須真杏里（須真杏理）、橘ミオン（石川鈴華）、鷹宮りょう、澤村レイコ（高坂保奈美、高坂ますみ）、長谷川ミク、女池さゆり、成瀬心美（ここみ）、友田真希、希内あんな、椎名ゆな、大槻ひびき、北条麻妃、牧原れい子、平井綾、森ななこ、樹花凜（七咲楓花）、浜崎りお（森下えりか、篠原絵梨香）、星優乃、柳田やよい、水城奈緒、春咲あずみ、江波りゅう（RYU)、早川瀬里奈、Marin.、翔田千里、鈴木杏里、小澤マリア、葉月奈穂（葉月菜穂）、真田春香、雪見紗弥、艶堂しほり（遠藤しおり）、一ノ瀬あきら、春風えみ、広瀬奈々美（堀口奈津美）、花井メイサ、東野愛鈴、川上ゆう（森野雫）、麗花、澄川ロア、香椎杏子、鮎川なお、前乃さとみ,https://www.javbus.com/TYWD-063,
HUNT-936 小汚いワンルーム住まいの僕だけど、掃除専門のお手伝いさんを雇ったら最もスケベな年代の30代半ばの人妻ばかりがやって来た。,HUNT-936 小汚いワンルーム住まいの僕だけど、掃除専門のお手伝いさんを雇ったら最もスケベな年代の30代半ばの人妻ばかりがやって来た。,HUNT-936,,2014-12-06,243分鐘,川尻,Hunter,Hunter（ソフトオンデマンド）,小汚いワンルーム住まいの僕だけど,企畫、成熟的女人、已婚婦女、高畫質,山本美和子、水城奈緒、北条麻妃、神波多一花,https://www.javbus.com/HUNT-936,
CADV-498 NON STOP FUCKING！！美女100人の100連続FUCK8時間,CADV-498 NON STOP FUCKING！！美女100人の100連続FUCK8時間,CADV-498,,2014-12-01,479分鐘,,クリスタル映像,CRYSTALEX,,成熟的女人、家教、妓女、已婚婦女、多P、4小時以上作品、高中女生、學校泳裝,橘なお、愛須心亜、葵こはる（えりか）、田中志乃、葵ぶるま、橘美沙、西川りおん、青木りん、仁科百華、月野りさ、立川理恵、武井麻希、春原未来、水城奈緒、板野有紀、大沢美加（廣田まりこ）、円城ひとみ、内田美奈子、青山真希、咲田ありな、早乙女らぶ、西條るり、杏紅茶々、さとう遥希、さとう愛理、北川瞳、木村つな、小司あん、小辻もえ、琥珀うた、小早川怜子、立花くるみ、みづなれい（みずなれい）、和葉みれい（藤白まき）、臼井あいみ、朝倉ことみ、浅倉彩音、有村千佳、大場ゆい、上原亜衣、尾上若葉、吉永あかね、風間ゆみ、大堀香奈、保坂えり、松本まりな、松岡セイラ、真希レイラ、本田莉子、星咲優菜、秋野千尋、宇佐美なな、鈴村いろは、小倉ゆず、森下さくら（村上涼子、雨宮加奈、森下遥）、若葉くるみ、南梨央奈、長澤あずさ、雪見紗弥、春咲あずみ、西野エリカ、野宮さとみ、長谷川美紅、羽月希、初美沙希、結城みさ、山本美和子、成瀬心美（ここみ）、成宮ルリ、中森玲子、妃乃ひかり、双葉ゆな、辺見麻衣、武藤つぐみ、夏海いく、八上寿々音、山口玲子、湊莉久、浜崎真緒、渡辺もも、今村美穂、加納綾子、川越ゆい、北川エリカ、篠田ゆう、白鳥あすか、白鳥寿美礼、みなせ優夏、高沢沙耶、森沢かな（飯岡かなこ）、早瀬ありす、原美織、つぼみ、篠田あゆみ、鈴木さとみ、北条麻妃,https://www.javbus.com/CADV-498,
ASFB-115 狂おしいほどオナニーしたい 7,ASFB-115 狂おしいほどオナニーしたい 7,ASFB-115,,2014-11-30,240分鐘,,FetishBox/妄想族,FetishBox/妄想族,狂おしいほどオナニーしたい,其他戀物癖、合集、DMM獨家、自慰,佐々木恋海（向井恋）、藤咲セイラ、上原花恋、星野ひとみ（星野瞳、山吹瞳）、初美沙希、有村千佳、友田彩也香、北条麻妃、澤村レイコ（高坂保奈美、高坂ますみ）、川上ゆう（森野雫）、夏目優希、桜井あゆ、栗林里莉,https://www.javbus.com/ASFB-115,
ASFB-116 暴発モード突入 射精は急には止まらない 玩ばれるギン勃ちチ○ポ 4時間,ASFB-116 暴発モード突入 射精は急には止まらない 玩ばれるギン勃ちチ○ポ 4時間,ASFB-116,,2014-11-30,240分鐘,,FetishBox/妄想族,FetishBox/妄想族,,蕩婦、其他戀物癖、合集、DMM獨家,桜井あゆ、上原花恋、小早川怜子、夏目優希、北川エリカ、竹内紗里奈、有村千佳、栗林里莉、みづなれい（みずなれい）、北条麻妃、澤村レイコ（高坂保奈美、高坂ますみ）、大槻ひびき,https://www.javbus.com/ASFB-116,
NASS-174 接吻情事 接吻映像の巨匠 藤元ジョージ厳選コレクション 至高の接吻セックス映像！,NASS-174 接吻情事 接吻映像の巨匠 藤元ジョージ厳選コレクション 至高の接吻セックス映像！,NASS-174,,2014-11-28,138分鐘,藤元ジョージ,なでしこ,Nadeshiko,接吻情事,企畫、成熟的女人、合集、各種職業、已婚婦女、通姦,柏木あづさ、松本まりな、矢部寿恵、北条麻妃、加藤ツバキ（夏樹カオル）,https://www.javbus.com/NASS-174,
EMMJ-008 子宮の疼きがガマンできずに他人棒でヨガリ狂う美人妻たち,EMMJ-008 子宮の疼きがガマンできずに他人棒でヨガリ狂う美人妻たち,EMMJ-008,,2014-11-16,240分鐘,,MANJIRO/エマニエル,MANJIRO,,成熟的女人、已婚婦女、巨乳、DMM獨家、打手槍,立花綾乃、西川紗希、有沢実紗、北条美里、南ありさ、雪見紗弥、早乙女ルイ、北条麻妃、澤村レイコ（高坂保奈美、高坂ますみ）、川上ゆう（森野雫）,https://www.javbus.com/EMMJ-008,
ASFB-113 美脚パンストマニアックス 極上の悩殺ストッキング 4時間,ASFB-113 美脚パンストマニアックス 極上の悩殺ストッキング 4時間,ASFB-113,,2014-11-16,240分鐘,,FetishBox/妄想族,FetishBox/妄想族,,合集、連褲襪、屁股、戀腿癖、DMM獨家,桜井あゆ、藤咲セイラ、佐伯春菜、小早川怜子、竹内紗里奈、稲川なつめ、大槻ひびき、北条麻妃、一ノ瀬アメリ（美空あやか、栗栖エリカ）、川上ゆう（森野雫）、瀧川花音、波多野結衣、水沢真樹,https://www.javbus.com/ASFB-113,
ASFB-112 淫語手コキで脳内快楽中枢を刺激せよ！ 4時間SP,ASFB-112 淫語手コキで脳内快楽中枢を刺激せよ！ 4時間SP,ASFB-112,,2014-11-16,240分鐘,,FetishBox/妄想族,FetishBox/妄想族,,其他戀物癖、淫語、DMM獨家、打手槍,佐々木恋海（向井恋）、小早川怜子、夏目優希、竹内紗里奈、有村千佳、波多野結衣、みづなれい（みずなれい）、北条麻妃、澤村レイコ（高坂保奈美、高坂ますみ）、川上ゆう（森野雫）、瀧川花音、北川杏樹、北川エリカ,https://www.javbus.com/ASFB-112,
EMBZ-072 熟女の匂い立つ足裏 艶熟フェチ画報,EMBZ-072 熟女の匂い立つ足裏 艶熟フェチ画報,EMBZ-072,,2014-11-16,135分鐘,,熟女塾/エマニエル,熟女塾,,成熟的女人、其他戀物癖、已婚婦女、足交、DMM獨家,真弓あずさ、北条麻妃、翔田千里,https://www.javbus.com/EMBZ-072,
RKI-381 複数の男たちで顔もカラダも精子で汚しまくる！ぶっかけ輪姦BEST 16時間,RKI-381 複数の男たちで顔もカラダも精子で汚しまくる！ぶっかけ輪姦BEST 16時間,RKI-381,,2014-11-15,960分鐘,,ROOKIE,ROOKIE,,多P、輪姦、凌辱、DMM獨家、顏射,松生彩、星野あかり、月城まおら、Hitomi（田中瞳）、大橋未久、小川あさ美、波多野結衣、竹内あい、芦名未帆（稲森しほり）、牧原れい子、上原亜衣、野宮さとみ、新名しおり、榊ひなの、加藤なつみ、さくら姫、栄倉彩、穂積マヤ、加納綾子、内田美奈子、初美沙希、さくら結衣、愛原さえ、木島るみ、愛あいり、横山美雪、英里奈、青山菜々、ティア、Ray、朝倉ことみ、鶴田かな、初芽里奈、鈴木きあら（美空あいり）、東野愛鈴、篠田ゆう、JULIA、きみと歩実、有村千佳、二宮沙樹、友田真希、周防ゆきこ、吉崎直緒、水城奈緒、神崎みさと、工藤れいか、夏目彩春、成宮カナ、Nina、青山ローラ、南ともか、里美ゆりあ、長月ラム、七瀬ジュリア、天海つばさ、希崎ジェシカ、櫻井ゆうこ、成瀬心美（ここみ）、早乙女ルイ、新井エリー（晶エリー、大沢佑香）、北条麻妃、つぼみ、妃悠愛（長澤杏奈、水原里香、木崎祐子）、黒木いちか（東条かれん）、上原カエラ、夏樹あい、常盤りん、石原あずさ、春菜はな、佳苗るか、愛葉みう、桜花えり,https://www.javbus.com/RKI-381,
RKI-378 思いのママ、気の向くママ、本能のおもむくママに美熟女のほっこり優しいSEX16時間,RKI-378 思いのママ、気の向くママ、本能のおもむくママに美熟女のほっこり優しいSEX16時間,RKI-378,,2014-11-15,960分鐘,,ROOKIE,ROOKIE,,成熟的女人、合集、巨乳、DMM獨家,今井美鈴、宮本紗央里、三浦恵理子、小早川怜子、松本まりな、椎名ゆな、西條るり、北条麻妃、樋口冴子（桐島千沙）、翔田千里、桐岡さつき、稲川なつめ、竹内紗里奈、中森玲子、江波りゅう（RYU)、菅野さゆき、佐藤みき（佐藤美紀、鈴木志帆）、JULIA、白木優子、暮町ゆうこ、織田真子、風間ゆみ、牧原れい子、森ななこ、北島玲、艶堂しほり（遠藤しおり）、大橋ひとみ、矢部寿恵、君島冴子（AOI.、村上葵）、澤村レイコ（高坂保奈美、高坂ますみ）、波多野結衣、北原夏美、有沢実紗,https://www.javbus.com/RKI-378,
HYAZ-075 華麗なるパンストオナニー 3,HYAZ-075 華麗なるパンストオナニー 3,HYAZ-075,,2014-11-15,141分鐘,,ジャネス,Fetishパンスト,華麗なるパンストオナニー,連褲襪、姐姐、女優按摩棒、自慰,佐々木恋海（向井恋）、小西まりえ、瀧川花音、夏目優希、竹内紗里奈、結城みさ、北条麻妃,https://www.javbus.com/HYAZ-075,
HTMS-056 ヘンリー塚本のセックスのすすめ 挿入篇,HTMS-056 ヘンリー塚本のセックスのすすめ 挿入篇,HTMS-056,,2014-11-09,117分鐘,ヘンリー塚本,FAプロ,FAプロ,ヘンリー塚本,成熟的女人、已婚婦女、姐姐、戲劇、故事集、DMM獨家,松嶋友里恵、寺崎泉、桜瀬奈、水嶋あい、北条麻妃,https://www.javbus.com/HTMS-056,
MBYD-209 誘う人妻たち8時間,MBYD-209 誘う人妻たち8時間,MBYD-209,,2014-11-08,480分鐘,,溜池ゴロー,溜池ゴロー,,蕩婦、成熟的女人、合集、已婚婦女、新娘、年輕妻子、DMM獨家,堀内秋美、瀧川花音、小早川怜子、北川エリカ、星野あかり、仲丘たまき（片岡まきな）、稲川なつめ、椎名ゆな、水沢真樹、浜崎りお（森下えりか、篠原絵梨香）、南紗穂、倉多まお、大場ゆい、矢部寿恵、波多野結衣、優月良花、高瀬茉希、音無かおり、小川奈々、桜井里緒菜、翔田千里、北条麻妃、JULIA、結城みさ、澤村レイコ（高坂保奈美、高坂ますみ）、森ななこ、松本まりな、竹内紗里奈、朝霧メイサ、百合川さら,https://www.javbus.com/MBYD-209,
MBYD-208 輪姦される人妻8時間,MBYD-208 輪姦される人妻8時間,MBYD-208,,2014-11-08,480分鐘,,溜池ゴロー,溜池ゴロー,,強姦、合集、已婚婦女、輪姦、凌辱、DMM獨家,桜井あゆ、浅井舞香、松本まりな、森ななこ、さとう遥希、波多野結衣、JULIA、柳田やよい、川上ゆう（森野雫）、風間ゆみ、横山みれい、愛乃ゆな、北条麻妃,https://www.javbus.com/MBYD-208,
VAGU-104 麗しのマネキン夫人総集編,VAGU-104 麗しのマネキン夫人総集編,VAGU-104,,2014-11-02,240分鐘,,VENUS,ULTIMA,麗しのマネキン夫人,成熟的女人、合集、已婚婦女、4小時以上作品、DMM獨家,野間あんな、小早川怜子、芦名ユリア、有沢実紗、志保、椎名ゆな、長谷川美紅、森ななこ、波多野結衣、北条麻妃,https://www.javbus.com/VAGU-104,
TSMS-020 ディルドオナニー30人4時間,TSMS-020 ディルドオナニー30人4時間,TSMS-020,,2014-10-30,241分鐘,,TMA,シエスタ,,玩具、其他戀物癖、自慰,宇佐美なな、上原亜衣、さとう遥希、北条麻妃,https://www.javbus.com/TSMS-020,
TSMS-005 美人教師の誘惑レッスン 4時間,TSMS-005 美人教師の誘惑レッスン 4時間,TSMS-005,,2014-10-30,240分鐘,,TMA,シエスタ,,蕩婦、女教師、4小時以上作品,星野あかり、西尾かおり、結城みさ、鈴音りおな、瀬奈涼、浅倉彩音、妃悠愛（長澤杏奈、水原里香、木崎祐子）、一戸のぞみ、北条麻妃、黒木麻衣（花野真衣、SHIHO）,https://www.javbus.com/TSMS-005,
MDSM-017 ちょっ…、マジやばい。 あたま真っ白、乳首ピンコ勃ち。 そして、同時に（下も）責められたら僕もうダメっ！,MDSM-017 ちょっ…、マジやばい。 あたま真っ白、乳首ピンコ勃ち。 そして、同時に（下も）責められたら僕もうダメっ！,MDSM-017,,2014-10-26,239分鐘,,MOTHERSENTERTAINMENTPICTURES,スーパーマザーズ,,蕩婦、合集、凌辱、薄馬賽克、女上位、4小時以上作品、DMM獨家、肛交,夕樹七瀬、青山愛、有村千佳、上原亜衣、羽月希、柳田やよい、つぼみ、桐原あずさ（伊藤あずさ）、Maika（MEW）、風間ゆみ、北条麻妃、北谷静香、一ノ瀬アメリ（美空あやか、栗栖エリカ）、友田彩也香、管野しずか、杉菜つくし、あすかみみ、北川エリカ、結城みさ、風見京子、滝川マリア、愛沢えみり、成宮ルリ、神田朋実、沢田珠里、七瀬あさ美、倉木みお、佐伯みゆ、及川はるな、和希さやか、さとう遥希、藤北彩香、琥珀うた、矢沢りょう、春希ゆきの、真咲南朋（楓モモ、安藤なつ妃）、川上ゆう（森野雫）,https://www.javbus.com/MDSM-017,
MLW-5010 美熟女オフィス逆セクハラ 社長編 12名 4時間,MLW-5010 美熟女オフィス逆セクハラ 社長編 12名 4時間,MLW-5010,,2014-10-25,242分鐘,,MellowMoon,MellowMoon,,蕩婦、成熟的女人、OL、合集、中出,普川ゆりね、三条加奈子、葉山弓子、松嶋友里恵、若松かをり、松本まりな、矢部寿恵、横山みれい、北条麻妃、小池絵美子、加藤ツバキ（夏樹カオル）、花島瑞江,https://www.javbus.com/MLW-5010,
MCSR-128 中出し近親相姦 お義父様やめて下さい 義理の父に中出しされる息子の嫁 BEST 4時間,MCSR-128 中出し近親相姦 お義父様やめて下さい 義理の父に中出しされる息子の嫁 BEST 4時間,MCSR-128,,2014-10-25,240分鐘,ながふちつよし,ビッグモーカル,マスカット,中出し近親相姦お義父様やめて下さい義理の父に中出しされる息子の嫁,成熟的女人、合集、亂倫、已婚婦女、高畫質、出軌,大橋ひとみ、三浦恵理子、黒沢那智、秋野千尋、桐岡さつき、北条麻妃、澤村レイコ（高坂保奈美、高坂ますみ）、町村小夜子、翔田千里、川上ゆう（森野雫）、小早川怜子、本庄瞳,https://www.javbus.com/MCSR-128,
NEO-404 美熟女30人のオナラ,NEO-404 美熟女30人のオナラ,NEO-404,,2014-10-20,179分鐘,,レイディックス,neo（パラドックス）,,成熟的女人、女同性戀、濫交、口交、其他戀物癖、自慰,恩田範子、玉木かおり、松原志穂、円城ひとみ、美咲藤子、黒木唯香、永井智美、北条麻妃、生田沙織、村上涼子（中村りかこ、黒木菜穂）、本山由美、小野里美、黒沢なつみ、菊川ひとみ、倉木さゆり、西岡まき、新尾きり子、赤坂エレナ、藤沢未央、杉原えり、蜂谷由樹、杉本蘭、柳原紫乃、新堂ルミ、川田優子、橋本菜月,https://www.javbus.com/NEO-404,
ASFB-106 淫語フェラBEST Vol.3,ASFB-106 淫語フェラBEST Vol.3,ASFB-106,,2014-10-13,240分鐘,,FetishBox/妄想族,FetishBox/妄想族,淫語フェラBEST,口交、其他戀物癖、合集、淫語、DMM獨家,北川エリカ、有村千佳、大槻ひびき、希咲あや、波多野結衣、すみれ（東尾真子）、艶堂しほり（遠藤しおり）、澤村レイコ（高坂保奈美、高坂ますみ）、桐原あずさ（伊藤あずさ）、川上ゆう（森野雫）、結城みさ、北条麻妃、桜井あゆ、竹内紗里奈、友田彩也香、小滝みい菜,https://www.javbus.com/ASFB-106,
RKI-371 凌辱と鬼畜の凶気姦獄 16時間,RKI-371 凌辱と鬼畜の凶気姦獄 16時間,RKI-371,,2014-10-12,960分鐘,,ROOKIE,ROOKIE,,合集、花癡、性奴、DMM獨家,湖城りせ、平原みなみ、藤本リーナ、葉月紗絢、江波りゅう（RYU)、大橋未久、森ななこ、瀬名あゆむ（広瀬藍子）、結城みさ、大堀香奈、澤村レイコ（高坂保奈美、高坂ますみ）、相原れな（三浦加奈、篠原リョウ）、真白希実、杏紅茶々、朝桐光、松本まりな、稲川なつめ、初美沙希、宇佐美なな、芹沢つむぎ、愛田奈々、松下ゆうか（愛乃彩音、藤咲ゆうか）、北条麻妃、浅井千尋、初芽里奈、渡野夕芽、妃悠愛（長澤杏奈、水原里香、木崎祐子）、雪見紗弥、希咲エマ（HARUKI、加藤はる希）、碧しの（篠めぐみ）、横山みれい、川上ゆう（森野雫）,https://www.javbus.com/RKI-371,
FAX-515 レズビアンポルノ ネコとタチ ムショ帰りのタチが辿る愛の地獄,FAX-515 レズビアンポルノ ネコとタチ ムショ帰りのタチが辿る愛の地獄,FAX-515,,2014-10-10,113分鐘,ヘンリー塚本,FAプロ・プラチナ,FAプロ,ネコとタチ（FAプロ）,成熟的女人、女同性戀、已婚婦女、戲劇、故事集、DMM獨家,熊谷麻美、辺見麻衣、北条麻妃、浅井千尋,https://www.javbus.com/FAX-515,
MBYD-205 生涯を夫だけと誓った妻の完堕ち自我崩壊SEX,MBYD-205 生涯を夫だけと誓った妻の完堕ち自我崩壊SEX,MBYD-205,,2014-10-09,480分鐘,,溜池ゴロー,溜池ゴロー,,成熟的女人、合集、已婚婦女、凌辱、出軌、DMM獨家,相原ひとみ、森沢かな（飯岡かなこ）、高梨あゆみ、篠宮奈津子、佐々木しおり、沖田杏梨、西野翔、Hitomi（田中瞳）、波多野結衣、愛咲れいら（原千尋）、村上涼子（中村りかこ、黒木菜穂）、翔田千里、浅井舞香、川上ゆう（森野雫）、澤村レイコ（高坂保奈美、高坂ますみ）、佐藤みき（佐藤美紀、鈴木志帆）、牧原れい子、北条麻妃、大橋ひとみ、保坂えり、戸田さゆり、結城みさ、JULIA、矢部寿恵、秋野千尋、稲川なつめ、上原千尋、三浦恵理子、倉多まお、神波多一花、七海ひさ代、瀧川花音、大場ゆい、伊原詩織、南紗穂、椎名ゆな,https://www.javbus.com/MBYD-205,
DJSG-113 悩殺アクメ淫語オナニー vol.4,DJSG-113 悩殺アクメ淫語オナニー vol.4,DJSG-113,,2014-10-05,142分鐘,,ジャネス,MANIA痴女,悩殺アクメ淫語オナニー,蕩婦、成熟的女人、淫語、自慰,桜井あゆ、竹内紗里奈、有村千佳、栗林里莉、友田彩也香、北条麻妃、澤村レイコ（高坂保奈美、高坂ますみ）,https://www.javbus.com/DJSG-113,
ATKD-225 ATTACKERS PRESENTS 籠城 全編ノーカット完全版,ATKD-225 ATTACKERS PRESENTS 籠城 全編ノーカット完全版,ATKD-225,,2014-10-04,530分鐘,高原寿,アタッカーズ,AttackersBEST,籠城,护士、強姦、監禁、DMM獨家,みなせ優夏、織田真子、西野翔、朝桐光、波多野結衣、北条麻妃、澤村レイコ（高坂保奈美、高坂ますみ）、妃乃ひかり、愛咲れいら（原千尋）、AIKA（三浦あいか）,https://www.javbus.com/ATKD-225,
ASFB-105 淫語オナニー中毒 3 4時間,ASFB-105 淫語オナニー中毒 3 4時間,ASFB-105,,2014-09-28,241分鐘,,FetishBox/妄想族,FetishBox/妄想族,淫語オナニー中毒,合集、淫語、DMM獨家、自慰,佐々木恋海（向井恋）、相葉レイカ、佐伯春菜、竹内紗里奈、有村千佳、波多野結衣、瀬名あゆむ（広瀬藍子）、結城みさ、北条麻妃、澤村レイコ（高坂保奈美、高坂ますみ）,https://www.javbus.com/ASFB-105,
MDBS-016 狂乱幻獄Men‘s アナル・オーガズムのすべて 狙われた僕のケツマ○コ,MDBS-016 狂乱幻獄Men‘s アナル・オーガズムのすべて 狙われた僕のケツマ○コ,MDBS-016,,2014-09-28,239分鐘,,MOTHERSENTERTAINMENTPICTURES,スーパーマザーズ,,蕩婦、其他戀物癖、合集、凌辱、薄馬賽克、4小時以上作品、DMM獨家、肛交,比呂子、桜井あゆ、平山こずえ、木村つな、北川エリカ、成宮ルリ、春原未来、稲川なつめ、上原亜衣、波多野結衣、小司あん、志保、Maika（MEW）、七瀬ゆい（羽田未来）、北条麻妃、彩佳リリス（藤崎クロエ）、一ノ瀬アメリ（美空あやか、栗栖エリカ）、芹沢つむぎ、橘優菜,https://www.javbus.com/MDBS-016,
YLW-4230 センズリ鑑賞4時間！久しぶりに生臭い生チンポを見せられて発情せずにはいられず、エロモード全開になる人妻たち 発射14発！,YLW-4230 センズリ鑑賞4時間！久しぶりに生臭い生チンポを見せられて発情せずにはいられず、エロモード全開になる人妻たち 発射14発！,YLW-4230,,2014-09-25,240分鐘,,MellowMoon,YellowMoon,,企畫、成熟的女人、已婚婦女、顏射,北条麻紀、加納綾子、沢田珠里、伊織涼子、稲川なつめ、美緒みくる、初美沙希、矢部寿恵、結城みさ、川上ゆう（森野雫）、北条麻妃,https://www.javbus.com/YLW-4230,
MLW-5008 美脚熟女10人 ベスト4時間,MLW-5008 美脚熟女10人 ベスト4時間,MLW-5008,,2014-09-25,239分鐘,,MellowMoon,MellowMoon,,成熟的女人、戀腿癖、4小時以上作品,花島瑞江、北原小百合、加納綾子、青山愛、青木美空、星杏奈、甲斐ミハル、北条麻妃、澤村レイコ（高坂保奈美、高坂ますみ）、加藤ツバキ（夏樹カオル）,https://www.javbus.com/MLW-5008,
ASFB-103 寸止め焦らしで大暴発スペシャル VOL.5,ASFB-103 寸止め焦らしで大暴発スペシャル VOL.5,ASFB-103,,2014-09-14,241分鐘,,FetishBox/妄想族,FetishBox/妄想族,寸止め焦らしで大暴発スペシャル,蕩婦、其他戀物癖、DMM獨家、打手槍,桜井あゆ、瀧川花音、冴島かおり、北川杏樹、有村千佳、大槻ひびき、友田彩也香、みづなれい（みずなれい）、北条麻妃、澤村レイコ（高坂保奈美、高坂ますみ）、佐々木恋海（向井恋）,https://www.javbus.com/ASFB-103,
TYWD-058 女が「イクッ！」3分前160コーナー8時間,TYWD-058 女が「イクッ！」3分前160コーナー8時間,TYWD-058,,2014-09-13,479分鐘,,乱丸,乱丸,,蕩婦、潮吹、合集、花癡、DMM獨家,貝満ひとみ、乃亜（鳥越乃亜）、nao.（小池ひとみ）、水元ゆうな、友田真希、青木玲、白鳥るり、笠木忍、金沢文子、風間ゆみ、つぼみ、成瀬心美（ここみ）、大槻ひびき、諸星セイラ（百瀬涼）、ましろ杏、佐倉美佐、RUMIKA、ジゼル、松すみれ、愛音ゆり、井川ゆい、相原れな（三浦加奈、篠原リョウ）、碧しの（篠めぐみ）、妃悠愛（長澤杏奈、水原里香、木崎祐子）、泉麻那、雫パイン、まりか、大沢美加（廣田まりこ）、村西まりな、瀬奈涼、鈴音りおな、美咲結衣、水咲カレン、大堀香奈、COCONA（ココナ）、桐岡さつき、仁科百華、藤江まみ、進藤みく、近澤まゆみ、美神あおい、霜月るな、北川瞳、櫻井ともか、愛原さえ、雛丸、西野まお、高沢沙耶、水澤まお（永沢まおみ）、希咲エマ（HARUKI、加藤はる希）、悠月舞、木島るみ、山本美和子、愛内希、木村つな、豹丸、西野翔、田中梨子、寧々、柊早矢（美咲ゆりあ）、星野あかり、峰なゆか、櫻井ゆうこ、@YOU、雪野ひかる、村上涼子（中村りかこ、黒木菜穂）、妃乃ひかり、北田優歩、芦名未帆（稲森しほり）、新井エリー（晶エリー、大沢佑香）、葉月奈穂（葉月菜穂）、小澤マリア、青木りん、鈴木杏里、Marin.、早川瀬里奈、春咲あずみ、水野美香、くるみ（未来）、きこうでんみさ、水城奈緒、柳田やよい、星優乃、浜崎りお（森下えりか、篠原絵梨香）、小坂めぐる、真田春香、雪見紗弥、麗花、香椎杏子、田中亜弥、村上里沙、はるか悠、鮎川なお、前乃さとみ、ERIKA（モカ、MOKA）、川上ゆう（森野雫）、東野愛鈴、クリス小澤、早乙女ルイ、花井メイサ、広瀬奈々美（堀口奈津美）、春風えみ、一ノ瀬あきら、艶堂しほり（遠藤しおり）、樹花凜（七咲楓花）、KYOKO、森ななこ、平井綾、澤村レイコ（高坂保奈美、高坂ますみ）、鷹宮りょう、あのあるる、eco、橘ミオン（石川鈴華）、紗奈、須真杏里（須真杏理）、一戸のぞみ、長澤あずさ、佐田あゆみ、倉科さやか、ひなのりく、岡山涼花、玲丸、Hitomi（田中瞳）、女池さゆり、鈴木ミント、榊なち、有沢実紗、水沢真樹、浅乃ハルミ、北条麻妃、希内あんな、星崎アンリ,https://www.javbus.com/TYWD-058,
SILK-021 Melty touch,SILK-021 Melty touch,SILK-021,,2014-09-12,118分鐘,,SILKLABO,SILKLABO,,美容院、高畫質、給女性觀眾,前田陽菜、北条麻妃、佐野ゆみか、春野萌、吉永真弓,https://www.javbus.com/SILK-021,
AWTB-006 淫語中出しソープ Best Collection 6,AWTB-006 淫語中出しソープ Best Collection 6,AWTB-006,,2014-09-08,240分鐘,渡辺琢斗,AVScollector’s,AVS,淫語中出しソープ,合集、妓女、淫語、中出、4小時以上作品、DMM獨家,小早川怜子、江波りゅう（RYU)、稲川なつめ、北条麻妃、北島玲、加藤ツバキ（夏樹カオル）、紫彩乃,https://www.javbus.com/AWTB-006,
MBYD-203 溜池ゴロー2014年上半期総集編全53タイトル8時間,MBYD-203 溜池ゴロー2014年上半期総集編全53タイトル8時間,MBYD-203,,2014-09-07,479分鐘,,溜池ゴロー,溜池ゴロー,溜池ゴロー○年○半期,成熟的女人、合集、新娘、年輕妻子、出軌、巨乳、DMM獨家,浅井舞香、青山菜々、Hitomi（田中瞳）、森ななこ、佐山愛、波多野結衣、澤村レイコ（高坂保奈美、高坂ますみ）、翔田千里、牧原れい子、風間ゆみ、椎名ゆな、高梨あゆみ、倉多まお、高岡すみれ、華原亜美、吉永あかね、百合川さら、白咲未羽（白咲美羽）、白井ユリ、結城みさ、矢部寿恵、保坂えり、白咲梓、稲川なつめ、七海ひさ代、相原ひとみ、神波多一花、春日もな、北条麻妃、本庄優花,https://www.javbus.com/MBYD-203,
MBYD-201 スレンダー美人妻8時間,MBYD-201 スレンダー美人妻8時間,MBYD-201,,2014-09-07,479分鐘,,溜池ゴロー,溜池ゴロー,,成熟的女人、苗條、合集、已婚婦女、戲劇、DMM獨家,梨果メリア、音無かおり、西野翔、稲川なつめ、宮瀬リコ、波多野結衣、JULIA、北条麻妃、澤村レイコ（高坂保奈美、高坂ますみ）、愛咲れいら（原千尋）、神波多一花、森沢かな（飯岡かなこ）、瀧川花音、朝霧メイサ、堀内秋美,https://www.javbus.com/MBYD-201,
DMBA-164 ボンデージQUEENのM男アナル躾,DMBA-164 ボンデージQUEENのM男アナル躾,DMBA-164,,2014-09-05,141分鐘,,ジャネス,MAZOBOYSCLUB,,玩具、SM、性奴、緊縛、肛交、打手槍,桜井あゆ、竹内紗里奈、有村千佳、栗林里莉、北条麻妃、澤村レイコ（高坂保奈美、高坂ますみ）,https://www.javbus.com/DMBA-164,
CADV-482 クリスタルソープへようこそ◆ ～最高に気持ちのいい8時間～,CADV-482 クリスタルソープへようこそ◆ ～最高に気持ちのいい8時間～,CADV-482,,2014-09-01,479分鐘,,クリスタル映像,CRYSTALEX,,無毛、妓女、乳液、4小時以上作品、巨乳,大倉彩音、西野紗江、北乃ちか、名城翠、北川エリカ、春原未来、上原亜衣、恵けい、松すみれ、北川瞳、木崎実花、美緒みくる、葵ぶるま、小倉もも、今村美穂、音羽レオン、大沢美加（廣田まりこ）、仁科百華、みづなれい（みずなれい）、前田優希、北条麻妃、椎名ひかる、ももかさくら、さとう遥希、宇佐美なな、谷川くるみ、長澤あずさ、葉月奈穂（葉月菜穂）、田中志乃、春咲あずみ,https://www.javbus.com/CADV-482,
CADV-483 BEST OF 熟女の営むエステサロン 大悶絶8時間,CADV-483 BEST OF 熟女の営むエステサロン 大悶絶8時間,CADV-483,,2014-09-01,484分鐘,,クリスタル映像,CRYSTALEX,熟女の営むエステサロン,成熟的女人、多P、4小時以上作品、美容院、顏面騎乘、打手槍,白鳥あやか、滝沢すみれ、白河雪乃、早川なお（柊かえで）、霧島ゆかり、結城みさ、吉永りさ子、内田美奈子、牧野遥、風間ゆみ、松下花梨、北条麻妃、みずたまり、鶴見かの香、岩下みちる、桐岡さつき、伊原詩織、西野あけみ、神乃いずみ、藤咲沙耶、青田友里、川辺いづみ、工藤幸子、末永汐莉、黒木唯香、稲森琴,https://www.javbus.com/CADV-483,
MLW-5006 人気熟女 濃厚誘惑SEX4時間,MLW-5006 人気熟女 濃厚誘惑SEX4時間,MLW-5006,,2014-08-25,242分鐘,,MellowMoon,MellowMoon,,蕩婦、成熟的女人、合集,花島瑞江、松本まりな、星杏奈、矢部寿恵、結城みさ、甲斐ミハル、北条麻妃、翔田千里、妃乃ひかり、風間ゆみ,https://www.javbus.com/MLW-5006,
TSH-007 見せつけ、クネる、悶える、欲しがる、美脚オナニスト 2,TSH-007 見せつけ、クネる、悶える、欲しがる、美脚オナニスト 2,TSH-007,,2014-08-22,135分鐘,渡辺琢斗,AVScollector’s,琢斗,美脚オナニスト,其他戀物癖、連褲襪、戀腿癖、緊身衣、高畫質、DMM獨家、自慰,高橋美緒、北川エリカ、宮村恋、浅井舞香、稲川なつめ、北条麻妃、大塚咲（小野沙樹、大滝佐紀）、細川まり、加藤ツバキ（夏樹カオル）、風間ゆみ,https://www.javbus.com/TSH-007,
DJSG-109 キレイなお姉さんの淫語手コキ,DJSG-109 キレイなお姉さんの淫語手コキ,DJSG-109,,2014-08-15,141分鐘,,ジャネス,MANIA痴女,,蕩婦、淫語、姐姐、打手槍,桜井あゆ、冴島かおり、竹内紗里奈、稲川なつめ、北川瞳、北条麻妃、澤村レイコ（高坂保奈美、高坂ますみ）,https://www.javbus.com/DJSG-109,
SWAC-002 M男の為の亀頭＆尿道責め 4時間,SWAC-002 M男の為の亀頭＆尿道責め 4時間,SWAC-002,,2014-08-15,239分鐘,,湘南/妄想族,湘南/妄想族,,其他戀物癖、4小時以上作品、DMM獨家,田中くれは、真白希実、鈴音りおな、浅乃ハルミ、なのかひより、紗奈、大沢美加（廣田まりこ）、碧しの（篠めぐみ）、月野りさ、北条麻妃、浅倉彩音、樋口冴子（桐島千沙）、結城みさ、黒木アリサ、風間ゆみ,https://www.javbus.com/SWAC-002,
ORG-027 時代官能物語～懐かしの昭和に彩られた至高のオルガズム全集～,ORG-027 時代官能物語～懐かしの昭和に彩られた至高のオルガズム全集～,ORG-027,,2014-08-14,242分鐘,貞邪我,オルガ,ORGA,,成熟的女人、合集、已婚婦女、戲劇,結城みさ、北条麻妃、翔田千里、川上ゆう（森野雫）、牧原れい子、風間ゆみ,https://www.javbus.com/ORG-027,
RKI-362 おじいちゃんとSEX16時間,RKI-362 おじいちゃんとSEX16時間,RKI-362,,2014-08-14,958分鐘,,ROOKIE,ROOKIE,,合集、花癡、輪姦、出軌、戲劇、DMM獨家,夏木香奈、紫ちひろ、安藤美沙、愛原さえ、結城みさ、あすかみみ、艶堂しほり（遠藤しおり）、北条麻妃、澤村レイコ（高坂保奈美、高坂ますみ）、つぼみ、遥めぐみ、岬りく、佐藤江梨花、美咲恋、君野ゆめ、宮崎あいか、心愛、高下えりか、ティア、原更紗、沢口あすか、友田真希、桜りお、北川瞳、桐生さくら、神咲ノア、小坂めぐる、夏川るい、長谷川聖那、Hitomi（田中瞳）、大塚ひな、乙音奈々、成瀬心美（ここみ）、奥田咲、大沢美加（廣田まりこ）、森永ひよこ、小桜沙樹、桜美沙希、リコ、泉麻那、武藤クレア、nao.（小池ひとみ）,https://www.javbus.com/RKI-362,
MIBD-843 働くお姉さんの日替わりパンスト誘惑SEX31本番！！,MIBD-843 働くお姉さんの日替わりパンスト誘惑SEX31本番！！,MIBD-843,,2014-08-13,239分鐘,,ムーディーズ,MOODYZBest,,蕩婦、合集、連褲襪、姐姐、戀腿癖、數位馬賽克、DMM獨家,原小雪、春乃かすみ、里美ゆりあ、大橋未久、椎名ゆな、森ななこ、佐山愛、成瀬心美（ここみ）、北条麻妃、水嶋友穂,https://www.javbus.com/MIBD-843,
HTMS-050 ネコとタチ あわびとはまぐり,HTMS-050 ネコとタチ あわびとはまぐり,HTMS-050,,2014-08-10,99分鐘,ヘンリー塚本,FAプロ・プラチナ,ヘンリー塚本マニアック,ネコとタチ（FAプロ）,成熟的女人、女同性戀、已婚婦女、高畫質、戲劇、高中女生、DMM獨家,熊谷麻美、手塚みや、竹内紗里奈、水嶋あい、浅倉彩音、北条麻妃、浅井千尋、桐原あずさ（伊藤あずさ）,https://www.javbus.com/HTMS-050,
MBYD-199 美人妻レ×プ,MBYD-199 美人妻レ×プ,MBYD-199,,2014-08-09,478分鐘,,溜池ゴロー,溜池ゴロー,,成熟的女人、強姦、合集、已婚婦女、數位馬賽克、凌辱、DMM獨家,相原ひとみ、南紗穂、三浦恵理子、上原千尋、愛乃ゆな、雨宮真貴、青山菜々、青木美空、JULIA、翔田千里、川嶋菜緒、長澤あずさ、松本まりな、小早川怜子、北条麻妃、堀内美希、愛咲れいら（原千尋）、青木玲,https://www.javbus.com/MBYD-199,
REAL-518 REALのイカセ・フェラ・オナニー・ハードSEXまで全て見せます 100人8時間BEST,REAL-518 REALのイカセ・フェラ・オナニー・ハードSEXまで全て見せます 100人8時間BEST,REAL-518,,2014-08-08,474分鐘,K太郎,レアルワークス,REAL（レアルワークス）,,口交、潮吹、合集、4小時以上作品、自慰,沖田杏梨、宇佐美なな、春原未来、山本美和子、椎名ゆな、さとう遥希、友田彩也香、成瀬心美（ここみ）、北条麻妃、川上ゆう（森野雫）、みづなれい（みずなれい）、小早川怜子、つぼみ、波多野結衣、星野あかり、木下若菜、かすみりさ,https://www.javbus.com/REAL-518,
HYAKU-021 100人8時間 悶え感じる淫らな美熟女たち,HYAKU-021 100人8時間 悶え感じる淫らな美熟女たち,HYAKU-021,,2014-08-07,477分鐘,K太郎,ケイ・エム・プロデュース,100人,100人8時間,成熟的女人、合集、已婚婦女、4小時以上作品、巨乳,みなせ優夏、野村萌香、山本美和子、椎名ゆな、北川美緒、森ななこ、さとう遥希、紗奈、北条麻妃、川上ゆう（森野雫）,https://www.javbus.com/HYAKU-021,
MLW-2078 美脚パンストOL、オフィスで逆セクハラ,MLW-2078 美脚パンストOL、オフィスで逆セクハラ,MLW-2078,,2014-07-25,120分鐘,アイスマン落合,MellowMoon,MellowMoon,,成熟的女人、OL、連褲襪、戀腿癖、制服,葉山弓子、北条麻妃、加藤ツバキ（夏樹カオル）,https://www.javbus.com/MLW-2078,
DAZD-060 女を道具のように扱う集団強姦 8時間,DAZD-060 女を道具のように扱う集団強姦 8時間,DAZD-060,,2014-07-19,479分鐘,,ダスッ！,ダスッ！,,多P、輪姦、凌辱、4小時以上作品、DMM獨家,市来美保、彩音さくら、弘前亮子、上原亜衣、高沢沙耶、須真杏里（須真杏理）、琥珀うた、北川瞳、碧しの（篠めぐみ）、希咲エマ（HARUKI、加藤はる希）、小坂めぐる、青木玲、成瀬心美（ここみ）、小川あさ美、北条麻妃、風間ゆみ、桜りお、RUMIKA、JULIA、恵けい、如月カレン、浅乃ハルミ、坂野由梨、藍野夢、さくら悠、成宮ルリ、上原保奈美、HIKARI、大倉彩音、和希さやか、佐藤みき（佐藤美紀、鈴木志帆）、かすみりさ、朝桐光、横山みれい、橘ひなた、松本まりな、水元ゆうな、管野しずか、藤井千沙、石川流花、吉見りいな,https://www.javbus.com/DAZD-060,
LZBS-001 レズれ！ 祝 1周年記念 初めてのベスト4時間,LZBS-001 レズれ！ 祝 1周年記念 初めてのベスト4時間,LZBS-001,,2014-07-14,240分鐘,,レズれ！,レズれ！ベスト,レズれ！,女同性戀、其他戀物癖、合集、4小時以上作品、手指插入、女同接吻、高畫質、DMM獨家,乙葉ななせ、加納綾子、木村つな、音無かおり、南梨央奈、宮下つばさ、竹内紗里奈、春原未来、上原亜衣、結城みさ、北川エリカ、北条麻妃、原千草、風間ゆみ、有村千佳、鈴村みゆう、桜井あゆ、矢沢りょう、伊織しずく、彩城ゆりな,https://www.javbus.com/LZBS-001,
TYWD-055 厳選！淫乱女優24人の感度が高すぎる熱情SEX,TYWD-055 厳選！淫乱女優24人の感度が高すぎる熱情SEX,TYWD-055,,2014-07-13,239分鐘,,乱丸,乱丸,,合集、花癡、DMM獨家,桜井あゆ、近澤まゆみ、沖田杏梨、山本美和子、西條るり、波多野結衣、桐岡さつき、仁科百華、泉麻那、風間ゆみ、小早川怜子、音丸、碧しの（篠めぐみ）、井川ゆい、北条麻妃、友田真希、村上涼子（中村りかこ、黒木菜穂）、辻本りょう、翔田千里、川上ゆう（森野雫）、艶堂しほり（遠藤しおり）、澤村レイコ（高坂保奈美、高坂ますみ）、長澤あずさ、瀧川花音,https://www.javbus.com/TYWD-055,
AUKG-239 熟女ど淫乱レズ痴態 ～鬼才！滝口シルヴィア監督レズ作品集3～,AUKG-239 熟女ど淫乱レズ痴態 ～鬼才！滝口シルヴィア監督レズ作品集3～,AUKG-239,,2014-07-11,240分鐘,滝口シルヴィア,U＆K,U＆K,滝口シルヴィア監督レズ作品集,成熟的女人、女同性戀、合集、花癡、女同接吻、DMM獨家,SHU-MEI、山本美和子、水嶋あい、美咲結衣、結城みさ、内田美奈子、艶堂しほり（遠藤しおり）、北条麻妃、妃乃ひかり、川上ゆう（森野雫）,https://www.javbus.com/AUKG-239,
VEC-111 友人の母親 総集編3,VEC-111 友人の母親 総集編3,VEC-111,,2014-06-29,243分鐘,,VENUS,女神（ヴィーナス）,友人の母親,成熟的女人、合集、已婚婦女、4小時以上作品、DMM獨家,新奈ありさ、瀧川花音、小早川怜子、竹内紗里奈、西條るり、北条麻妃、鈴木さとみ、柳田やよい、鏡麗子、風間ゆみ,https://www.javbus.com/VEC-111,
ASFB-094 受身手コキの快楽 痴女たちのチ○ポ遊びSPECIAL 4時間,ASFB-094 受身手コキの快楽 痴女たちのチ○ポ遊びSPECIAL 4時間,ASFB-094,,2014-06-29,242分鐘,,FetishBox/妄想族,FetishBox/妄想族,,蕩婦、其他戀物癖、合集、4小時以上作品、DMM獨家、打手槍,星咲優菜、浅見友紀、あすか光希、橘ひなた、初美沙希、有村千佳、波多野結衣、瀬名あゆむ（広瀬藍子）、横山みれい、北条麻妃、北川瞳、友田彩也香、栗林里莉、澤村レイコ（高坂保奈美、高坂ますみ）、杏樹,https://www.javbus.com/ASFB-094,
DAZD-059 2穴＆輪姦鬼畜中出し！ 8時間,DAZD-059 2穴＆輪姦鬼畜中出し！ 8時間,DAZD-059,,2014-06-21,479分鐘,,ダスッ！,ダスッ！,,合集、多P、凌辱、中出、DMM獨家、肛交,上原保奈美、成宮ルリ、上原亜衣、須真杏里（須真杏理）、琥珀うた、桜りお、碧しの（篠めぐみ）、RUMIKA、成瀬心美（ここみ）、青木玲、弘前亮子、彩音さくら、小川あさ美、北条麻妃、美優千奈、桜あやめ、花井メイサ、牧原れい子、大塚咲（小野沙樹、大滝佐紀）、妃乃ひかり、JULIA、風間ゆみ、北川瞳、小坂めぐる、浅乃ハルミ、HIKARI、瀧川花音、大島あいる、希咲エマ（HARUKI、加藤はる希）、佐藤みき（佐藤美紀、鈴木志帆）、かすみりさ、朝桐光、横山みれい、橘ひなた、水元ゆうな、管野しずか、藤井千沙、石川流花、美咲恋、藍野夢、泉麻那、南野あかり、澤村レイコ（高坂保奈美、高坂ますみ）,https://www.javbus.com/DAZD-059,
RCT-622 女性社員だけの宴会に勘違いで呼ばれたピンクコンパニオン,RCT-622 女性社員だけの宴会に勘違いで呼ばれたピンクコンパニオン,RCT-622,,2014-06-19,122分鐘,テンプルすわ,ROCKET,ROCKET,,企畫、羞恥、DVD多士爐、高畫質、戲劇、伴侶,芦名ゆりあ、浜崎真緒、北条麻妃、加藤ツバキ（夏樹カオル）,https://www.javbus.com/RCT-622,
TYWD-054 自我崩壊 トランス自慰,TYWD-054 自我崩壊 トランス自慰,TYWD-054,,2014-06-14,240分鐘,,乱丸,乱丸,,潮吹、合集、花癡、4小時以上作品、女優按摩棒、自慰,@YOU、田中梨子、櫻井ゆうこ、乃亜（鳥越乃亜）、北田優歩、nao.（小池ひとみ）、妃乃ひかり、水元ゆうな、青木玲、笠木忍、上原亜衣、桜井あゆ、大槻ひびき、椎名ゆな、愛音ゆり、碧しの（篠めぐみ）、まりか、大沢美加（廣田まりこ）、村西まりな、鈴音りおな、RUMIKA、佐倉美佐、ましろ杏、諸星セイラ（百瀬涼）、星崎アンリ、希内あんな、北条麻妃、水沢真樹、有沢実紗、西條るり、水咲カレン、竹内紗里奈、仲丘たまき（片岡まきな）、瀧川花音、尾上若葉、知世奏、夏目優希、木島るみ、希咲エマ（HARUKI、加藤はる希）、水澤まお（永沢まおみ）、高沢沙耶、雛丸、愛原さえ、進藤みく、仁科百華、桐岡さつき、榊なち、岡山涼花、水城奈緒、水野美香、春咲あずみ、早川瀬里奈、鈴木杏里、真田春香、雪見紗弥、はるか悠、ひなのりく、倉科さやか、須真杏里（須真杏理）、紗奈、橘ミオン（石川鈴華）、澤村レイコ（高坂保奈美、高坂ますみ）、平井綾、KYOKO、艶堂しほり（遠藤しおり）、一ノ瀬あきら、花井メイサ、東野愛鈴、川上ゆう（森野雫）、前乃さとみ,https://www.javbus.com/TYWD-054,
REAL-514 デカちん吸い込む極上のフェラチオ100人8時間,REAL-514 デカちん吸い込む極上のフェラチオ100人8時間,REAL-514,,2014-06-13,476分鐘,K太郎,レアルワークス,REAL（レアルワークス）,,口交、合集、4小時以上作品、女生,小早川怜子、春原未来、山本美和子、さとう遥希、結城みさ、成瀬心美（ここみ）、北条麻妃、つぼみ、川上ゆう（森野雫）、風間ゆみ,https://www.javbus.com/REAL-514,
AVSP-006 透けるマンコに張り付く陰毛、ノーパンパンスト至福の8時間スペシャル！！,AVSP-006 透けるマンコに張り付く陰毛、ノーパンパンスト至福の8時間スペシャル！！,AVSP-006,,2014-06-09,480分鐘,,AVScollector’s,AVS,,合集、連褲襪、戀腿癖、4小時以上作品,佐伯奈々、黒木麻衣（花野真衣、SHIHO）、風間ゆみ、澤よし乃、真咲南朋（楓モモ、安藤なつ妃）、若槻尚美、艶堂しほり（遠藤しおり）、村上涼子（中村りかこ、黒木菜穂）、加藤なお、若林美保、柳田やよい、星優乃、川上ゆう（森野雫）、広瀬奈々美（堀口奈津美）、森ななこ、天音まりあ、雨宮真貴、高沢沙耶、北条麻妃、篠原奈美、水嶋あずみ、MOE、桜木れん、羽月希、阿川蘭、木下若菜、雫パイン、榊なち、葉月奈穂（葉月菜穂）,https://www.javbus.com/AVSP-006,
JUSD-562 美熟女の淫尻ぴったりタイトスカートFUCK 8時間,JUSD-562 美熟女の淫尻ぴったりタイトスカートFUCK 8時間,JUSD-562,,2014-06-05,480分鐘,,マドンナ,Madonna,,成熟的女人、合集、各種職業、已婚婦女、數位馬賽克、4小時以上作品、迷你裙,遥めぐみ、長谷川美紅、当真ゆき（桜井マミ）、橘慶子、結城みさ、華山美玲、北条麻妃、浅之美波、アンジェリーナ、周防ゆきこ、白木優子、芹川菜々、夏目優希、小早川怜子、芹沢恋、長瀬涼子、愛乃ゆな、北川みなみ、愛花沙也、青山葵、中森玲子、さとう遥希、桐岡さつき、愛田奈々、音羽レオン、観月由奈、優木明日花、真田春香、新堂綾乃、ましろ杏、三浦恵理子,https://www.javbus.com/JUSD-562,
DIPO-010 どすけべ妻のいやらしいフェラチオ 40連発4時間,DIPO-010 どすけべ妻のいやらしいフェラチオ 40連発4時間,DIPO-010,,2014-06-04,240分鐘,,プリモ,エロナンデス,どすけべ妻のいやらしいフェラチオ,成熟的女人、口交、已婚婦女、4小時以上作品,宮野あき、渋谷莉子、麻田サラ、朝比奈れいこ、宮本ひかる、愛勇希、香山蘭、南ありさ、松雪杏奈、北条麻妃,https://www.javbus.com/DIPO-010,
SVS-037 セクシーコスチューム濡れ透けコレクション I,SVS-037 セクシーコスチューム濡れ透けコレクション I,SVS-037,,2014-05-23,247分鐘,,AVScollector’s,AVS,,其他戀物癖、合集、4小時以上作品,葉月奈穂（葉月菜穂）、当真ゆき（桜井マミ）、風間ゆみ、森ななこ、山本美和子、青山葵、高瀬沙耶香、北条麻妃、音無かおり、木村真子、小出遥、木下若菜、櫻井夕樹、羽月希、伊織涼子、折原ゆかり、川上ゆう（森野雫）、青木りん、水嶋あずみ,https://www.javbus.com/SVS-037,
ALSP-040 義母のブラが浮いています BEST,ALSP-040 義母のブラが浮いています BEST,ALSP-040,,2014-05-19,240分鐘,,タカラ映像,タカラビジュアル,○○のブラが浮いています。,成熟的女人、已婚婦女、4小時以上作品、婆婆、高畫質,矢部寿恵、北条麻妃、澤村レイコ（高坂保奈美、高坂ますみ）,https://www.javbus.com/ALSP-040,
VEZZ-022 親族レズビアン わたしの叔母さん総集編,VEZZ-022 親族レズビアン わたしの叔母さん総集編,VEZZ-022,,2014-05-18,240分鐘,,VENUS,Butch,親族レズビアン,成熟的女人、女同性戀、母親、合集、已婚婦女、4小時以上作品,翔田千里、風間ゆみ、北条麻妃,https://www.javbus.com/VEZZ-022,
TYWD-053 射精5分前ピストンにイキ狂う淫乱女88連発8時間,TYWD-053 射精5分前ピストンにイキ狂う淫乱女88連発8時間,TYWD-053,,2014-05-17,480分鐘,,乱丸,乱丸,,合集、花癡、巨乳,水元ゆうな、笠木忍、風間ゆみ、成瀬心美（ここみ）、さとう遥希、上原亜衣、仁科百華、水澤まお（永沢まおみ）、悠月舞、水沢杏香、木島るみ、山本美和子、さくら悠、西野まお、愛原さえ、沖田杏梨、北川瞳、美神あおい、近澤まゆみ、琥珀うた、桐岡さつき、夏目優希、愛内希、青山沙希、葉月可恋、市来美保、竹内紗里奈、高梨あゆみ、河愛雪乃、桜井あゆ、仲丘たまき（片岡まきな）、瀧川花音、浜崎真緒、音丸、尾上若葉、小早川怜子、知世奏、木村つな、水咲カレン、美咲結衣、伊織涼子、川上ゆう（森野雫）、小坂めぐる、青山菜々、江波りゅう（RYU)、翔田千里、辻本りょう、芦名未帆（稲森しほり）、妃乃ひかり、愛咲れいら（原千尋）、乃亜（鳥越乃亜）、白鳥るり、青木玲、樹花凜（七咲楓花）、森ななこ、西條るり、結城みさ、友田彩也香、碧しの（篠めぐみ）、松すみれ、椎名ゆな、大槻ひびき、北条麻妃、長谷川ミク、Hitomi（田中瞳）、玲丸、長澤あずさ、波多野結衣、澤村レイコ（高坂保奈美、高坂ますみ）,https://www.javbus.com/TYWD-053,
MAST-016 美熟女大競艶3D 風間ゆみ 艶堂しほり 中森玲子 北条麻妃 浅倉彩音 瀬奈涼,MAST-016 美熟女大競艶3D 風間ゆみ 艶堂しほり 中森玲子 北条麻妃 浅倉彩音 瀬奈涼,MAST-016,,2014-05-08,70分鐘,HAMEX,NEXTGROUP,3DMASTERS,,成熟的女人、濫交、潮吹、高畫質,中森玲子、艶堂しほり（遠藤しおり）、風間ゆみ、浅倉彩音、北条麻妃、瀬奈涼,https://www.javbus.com/MAST-016,
ARM-342 おスペの女神,ARM-342 おスペの女神,ARM-342,,2014-05-08,124分鐘,鷲本ひろし,アロマ企画,AROMA,,其他戀物癖、高畫質、DMM獨家、打手槍,長澤郁、円城ひとみ、松本まりな、北条麻妃,https://www.javbus.com/ARM-342,
UD-623R 人気の美熟女セレクション 3,UD-623R 人気の美熟女セレクション 3,UD-623R,,2014-04-30,179分鐘,タブー大崎,LEO,LEO,人気の美熟女セレクション,成熟的女人、合集、女上位、高畫質,大橋ひとみ、上原千尋、寺崎泉、松本まりな、山本美和子、北条麻妃,https://www.javbus.com/UD-623R,
MLW-5005 完全撮り下ろし！！ 美熟女トイレオナニーコレクション 25人4時間30分,MLW-5005 完全撮り下ろし！！ 美熟女トイレオナニーコレクション 25人4時間30分,MLW-5005,,2014-04-25,271分鐘,,MellowMoon,MellowMoon,,成熟的女人、玩具、4小時以上作品、自慰,寺崎泉、松本まりな、小池絵美子、北条麻妃、加藤ツバキ（夏樹カオル）、大橋ひとみ、若松かをり、庵叶和子、近藤郁（近藤郁美）、花島瑞江、松嶋友里恵、青山愛、横山みれい、真鍋千枝美、祐花凛、瀬野ゆかり、加納綾子、甲斐ミハル、結城みさ、矢部寿恵、上原千尋、北原小百合、真木静乃、汝鳥すみか、翔田千里,https://www.javbus.com/MLW-5005,
SCF-056 母と息子の近親相姦 88人のママ12時間,SCF-056 母と息子の近親相姦 88人のママ12時間,SCF-056,,2014-04-20,724分鐘,,マルクス兄弟,MARXBrothersco.,,亂倫,加山なつこ、牧本千幸（つかもと友希）、みずしまちはる、青山りか、秋川りお（美月このみ）、秋吉くみ、浅倉彩音、西条麗、満永知加、楠真由美、水奈りか、友田真希、友崎亜希、高倉梨奈、増田ゆり子、樋口善江、藤川ユリ、望月加奈（松沢真理）、松本亜璃沙、小林みゆき、鮎川るい、村上涼子（中村りかこ、黒木菜穂）、麻生洋子、里中亜矢子、葉月奈穂（葉月菜穂）、小沢志乃、西澤麻里、草壁夕子、山口玲子、高梨さとみ、鏡麗子、菊池エリ、浅岡雅、神野ミツル、奥村ゆう子、相川みほ、篠崎さとみ、織田万里、川奈まり子、風間ゆみ、藤川真紀子、天羽美砂、桃井なつみ、牧原れい子、佐藤みき（佐藤美紀、鈴木志帆）、有沢実紗、北条麻妃、橘慶子、瀬戸恵子、在佳亜矢、妃悠愛（長澤杏奈、水原里香、木崎祐子）、中森玲子、高島恭子、若槻尚美、黒崎萌華、竹井ゆかり、桐岡さつき、本条直子、安堂ゆう、井坂綾、吉川亜希、沙原りえ、橘仁美、阿部菜津子（福山洋子、織原寧々）、天海ゆり、和希優子、松嶋侑里、白鳥美鈴、滝川絵理子、志村玲子、澤村レイコ（高坂保奈美、高坂ますみ）、瀬戸ゆうき、樋口冴子（桐島千沙）、今井優衣、結城みさ、坂本梨沙、加藤ツバキ（夏樹カオル）、生田沙織、中村綾乃、流川純、北原夏美、町村小夜子、小林芽衣（小林メイ）、宮本静、広瀬奈々美（堀口奈津美）、白坂ゆり、藤森伸子,https://www.javbus.com/SCF-056,
DAZD-057 ダスッ！7周年記念77タイトル7時間SPECIAL EDITION,DAZD-057 ダスッ！7周年記念77タイトル7時間SPECIAL EDITION,DAZD-057,,2014-04-19,420分鐘,,ダスッ！,ダスッ！,,合集、凌辱、4小時以上作品,牧原れい子、金沢文子、風間ゆみ、上原亜衣、結城みさ、芦名ユリア、栄倉彩、水玉レモン、JULIA、恵けい、妃乃ひかり、翔田千里、広瀬奈々美（堀口奈津美）、如月カレン、宮坂レイア、北条麻妃、希咲エマ（HARUKI、加藤はる希）、愛原さえ、碧しの（篠めぐみ）、青木玲、RUMIKA、桜りお、長谷川美紅、小川あさ美、小峰ひなた、竹内あい、伊沢千夏、鈴木杏里、松嶋れいな、小澤マリア、ayami（赤西涼、まひる）、青木りん、美優千奈、峰なゆか、美波優香、灘坂舞、黒木麻衣（花野真衣、SHIHO）、真田春香、春咲あずみ、大塚咲（小野沙樹、大滝佐紀）、鮎川なお、花井メイサ、南つかさ、須真杏里（須真杏理）、澤村レイコ（高坂保奈美、高坂ますみ）、上原保奈美、杏紅茶々、成宮ルリ、吉美さあや、柚樹なな、瀬名あゆむ（広瀬藍子）、桜井あゆ、雨宮琴音、早瀬ありす、藤北彩香、宮間葵、皆町しずく、松下ひかり、堀内かえで、久希まひろ（蔵前まどか）、小滝みい菜、瀧川花音、宮瀬リコ、有村さなえ、結希レイナ、弘前亮子、彩音さくら、浅乃ハルミ、泉麻那、藤井千沙、管野しずか、橘ひなた、霧島あんな、朝桐光、北川エリカ、佐藤みき（佐藤美紀、鈴木志帆）、水城奈緒、木村まりえ、和希さやか、大島あいる、宮崎由麻、大槻ひびき,https://www.javbus.com/DAZD-057,
TYWD-052 淫乱AV乱丸 2013年発売作品全部入り8時間,TYWD-052 淫乱AV乱丸 2013年発売作品全部入り8時間,TYWD-052,,2014-04-13,480分鐘,,乱丸,乱丸,淫乱AV乱丸○年発売作品全部入り8時間,潮吹、合集、花癡、數位馬賽克,辻本りょう、乃亜（鳥越乃亜）、風間ゆみ、上原亜衣、椎名ゆな、仁科百華、川上ゆう（森野雫）、沖田杏梨、さくら悠、夏目優希、小早川怜子、尾上若葉、浜崎真緒、瀧川花音、仲丘たまき（片岡まきな）、桜井あゆ、河愛雪乃、竹内紗里奈、琥珀うた、西條るり、碧しの（篠めぐみ）、翔田千里、江波りゅう（RYU)、青山菜々、澤村レイコ（高坂保奈美、高坂ますみ）、波多野結衣、長谷川ミク、北条麻妃、大槻ひびき、葉月可恋,https://www.javbus.com/TYWD-052,
CRAD-094 強制肉便器に成り下がった女たち 凌辱・レイプ・輪姦 21タイトル 8時間,CRAD-094 強制肉便器に成り下がった女たち 凌辱・レイプ・輪姦 21タイトル 8時間,CRAD-094,,2014-04-13,480分鐘,,クロス,CROSS,,強姦、合集、數位馬賽克、輪姦、凌辱,松本まりな、辻本りょう、新井エリー（晶エリー、大沢佑香）、北条麻妃、大沢美加（廣田まりこ）、篠田ゆう、黒木いちか（東条かれん）、春原未来、水城奈緒、江波りゅう（RYU)、愛原さえ、ももかさくら、かすみりさ、桃音まみる、さとう遥希、小松ひな、瀧川花音,https://www.javbus.com/CRAD-094,
ALD-715 濃厚完熟マ●コ 食べ頃アワビのグチョグチョSEX 13人,ALD-715 濃厚完熟マ●コ 食べ頃アワビのグチョグチョSEX 13人,ALD-715,,2014-04-06,245分鐘,,桃太郎映像出版,ALLIN☆ONE,,成熟的女人、合集、中出、4小時以上作品,春風えみ、翔田千里、村上涼子（中村りかこ、黒木菜穂）、青山葵、橘エレナ、浅倉彩音、水野洋子、澤村レイコ（高坂保奈美、高坂ますみ）、竹田千恵、国見奈々、佐藤みき（佐藤美紀、鈴木志帆）、北条麻妃,https://www.javbus.com/ALD-715,
HODV-20968 レズism 4時間,HODV-20968 レズism 4時間,HODV-20968,,2014-04-04,233分鐘,一平,h.m.p,h.m.p,○○ism,女同性戀、69、女同接吻、按摩棒,小坂めぐる、浜崎りお（森下えりか、篠原絵梨香）、紫彩乃、神谷まゆ、上原亜衣、北条麻妃、花村いずみ、七瀬ゆい（羽田未来）、亜希菜、星アンジェ、雨音レイラ、浅倉彩音、成瀬心美（ここみ）、三咲恭子、明日花キララ,https://www.javbus.com/HODV-20968,
OKAX-001 スーパー潮吹き50人 4時間,OKAX-001 スーパー潮吹き50人 4時間,OKAX-001,,2014-03-28,242分鐘,,ケイ・エム・プロデュース,おかず。,,潮吹、合集、4小時以上作品、手指插入,立花樹里亜、宇佐美なな、竹内紗里奈、上原亜衣、さとう遥希、ERIKA（モカ、MOKA）、管野しずか、成瀬心美（ここみ）、望月ゆみ、鮎川なお、村上涼子（中村りかこ、黒木菜穂）、星野あかり、武井麻希、青木りん、琥珀うた、新垣さくら、伊藤青葉、木村つな、広瀬奈々美（堀口奈津美）、澤村レイコ（高坂保奈美、高坂ますみ）、RUMIKA、美咲結衣、浅乃ハルミ、北条麻妃、桜りお、JULIA、愛音まひろ、大沢美加（廣田まりこ）、松本まりな、椎奈つばめ、浅倉彩音、鷹宮りょう、新井エリー（晶エリー、大沢佑香）,https://www.javbus.com/OKAX-001,
UMD-027 他人の女は蜜の味 人妻を犯す20人,UMD-027 他人の女は蜜の味 人妻を犯す20人,UMD-027,,2014-03-24,241分鐘,,グローバルメディアエンタテインメント,ULTRAMIX,,成熟的女人、強姦、合集、已婚婦女、數位馬賽克、高畫質,葉月奈穂（葉月菜穂）、村上涼子（中村りかこ、黒木菜穂）、紫彩乃、広瀬奈々美（堀口奈津美）、澤村レイコ（高坂保奈美、高坂ますみ）、松すみれ、北条麻妃、管野しずか、優木明日花、桐岡さつき,https://www.javbus.com/UMD-027,
DPHC-007 非日常的クネクネ映像コレクション VII,DPHC-007 非日常的クネクネ映像コレクション VII,DPHC-007,,2014-03-22,251分鐘,渡辺琢斗,AVScollector’s,PHANTOM夢,非日常的クネクネ映像コレクション,其他戀物癖、連褲襪、緊身衣、4小時以上作品、高畫質,柳田やよい、黒木麻衣（花野真衣、SHIHO）、紫彩乃、立花綾乃、天音まりあ、阿川蘭、榊なち、加藤なお、中森玲子、神崎レオナ（七瀬かすみ）、北条麻妃、桜木れん、管野しずか、相原りお、大堀香奈、櫻井夕樹、叶みわ、彩名ゆい、横山みれい,https://www.javbus.com/DPHC-007,
JUX-282 小森愛レズ解禁！！ 女性専用車両 人妻レズ痴漢 小森愛 北条麻妃 村上涼子,JUX-282 小森愛レズ解禁！！ 女性専用車両 人妻レズ痴漢 小森愛 北条麻妃 村上涼子,JUX-282,,2014-03-21,150分鐘,小山雅継,マドンナ,Madonna,,成熟的女人、女同性戀、已婚婦女、數位馬賽克、性騷擾、女同接吻、高畫質,小森愛、北条麻妃、村上涼子（中村りかこ、黒木菜穂）,https://www.javbus.com/JUX-282,
CADV-456 完熟マダムPREMIUM 8時間 2,CADV-456 完熟マダムPREMIUM 8時間 2,CADV-456,,2014-03-17,479分鐘,,クリスタル映像,CRYSTALEX,完熟マダムPREMIUM,成熟的女人、已婚婦女、中出、4小時以上作品、巨乳,中島美和、松本まりな、風間ゆみ、北条麻妃、小早川怜子、中森玲子、森下麻子、一條弥生、八上寿々音、山口真理、さくらい葉菜、円城ひとみ、七海ひさ代、神崎久美、上原千尋、寺島志保、大橋ひとみ、藤江由恵、朝宮淳子、美山蘭子、翔田千里、滝沢すみれ、木村真子、横山みれい、白鳥寿美礼、村上涼子（中村りかこ、黒木菜穂）、結城みさ、山城みずほ、宮村恋、水原薫子,https://www.javbus.com/CADV-456,
TYWD-051 汗！ヨダレ！潮！無我夢中ガムシャラ汁まみれ絶頂68連発4時間,TYWD-051 汗！ヨダレ！潮！無我夢中ガムシャラ汁まみれ絶頂68連発4時間,TYWD-051,,2014-03-15,239分鐘,,乱丸,乱丸,,潮吹、合集、數位馬賽克,西野翔、友田真希、笠木忍、上原亜衣、仁科百華、川上ゆう（森野雫）、桐岡さつき、近澤まゆみ、櫻井ともか、沖田杏梨、愛原さえ、COCONA（ココナ）、大堀香奈、まりか、泉麻那、碧しの（篠めぐみ）、RUMIKA、ましろ杏、大槻ひびき、雛丸、西野まお、河愛雪乃、瀧川花音、音丸、木村つな、青山沙希、夏目優希、山本美和子、岩佐あゆみ、木島るみ、水沢杏香、悠月舞、希咲エマ（HARUKI、加藤はる希）、水澤まお（永沢まおみ）、北条麻妃、有沢実紗、女池さゆり、香椎杏子、浜崎りお（森下えりか、篠原絵梨香）、Marin.、翔田千里、新井エリー（晶エリー、大沢佑香）、妃乃ひかり、村上涼子（中村りかこ、黒木菜穂）、@YOU、櫻井ゆうこ、星野あかり、田中梨子、前乃さとみ、東野愛鈴、花井メイサ、岡山涼花、倉科さやか、佐田あゆみ、須真杏里（須真杏理）、橘ミオン（石川鈴華）、あのあるる、KYOKO、樹花凜（七咲楓花）、艶堂しほり（遠藤しおり）、一ノ瀬あきら、春風えみ、広瀬奈々美（堀口奈津美）,https://www.javbus.com/TYWD-051,
AUKG-221 寝取られ美熟女レズレイプ,AUKG-221 寝取られ美熟女レズレイプ,AUKG-221,,2014-03-10,110分鐘,,U＆K,U＆K,,成熟的女人、女同性戀、強姦、女同接吻、出軌,柏木あづさ、神乃いずみ、北条麻妃,https://www.javbus.com/AUKG-221,
UD-613R バイト先のパートのおばさんが、エロ過ぎて困った件。,UD-613R バイト先のパートのおばさんが、エロ過ぎて困った件。,UD-613R,,2014-02-28,119分鐘,浜西ひかり,LEO,LEO,,蕩婦、成熟的女人、各種職業、高畫質,大橋ひとみ、結城みさ、北条麻妃,https://www.javbus.com/UD-613R,
AVSP-005 渡辺琢斗大図鑑 8時間 Premium Best 3,AVSP-005 渡辺琢斗大図鑑 8時間 Premium Best 3,AVSP-005,,2014-02-22,483分鐘,渡辺琢斗,AVScollector’s,AVS,渡辺琢斗大図鑑,其他戀物癖、合集、連褲襪、4小時以上作品,杉浦まな、佐伯奈々、風間ゆみ、つゆの優、麻生岬、南原香織、麗花、柊麗子、卯月真奈美、新井エリー（晶エリー、大沢佑香）、沢田麗奈、@YOU、音和礼子、川峰さくら、神崎レオナ（七瀬かすみ）、松下ゆうか（愛乃彩音、藤咲ゆうか）、上原優、青山雪菜、深尾彩乃、山吹センリ、高原智美、瞳めい、川瀬さやか、川上ゆう（森野雫）、吉本千秋、広瀬奈々美（堀口奈津美）、鳴海せいら、高倉梨奈、立木ゆりあ、観月マヤ、宮崎もも、加藤なお、浅倉彩音、紫月、綾女、中森玲子、細川まり、堀江朋子、真咲南朋（楓モモ、安藤なつ妃）、岩崎彩菜、北条麻妃、艶堂しほり（遠藤しおり）、舞野まや、阿川蘭、潮見千夜、天音まりあ、管野しずか、美原咲子、横山みれい、加々美涼、朝比奈瑠依,https://www.javbus.com/AVSP-005,
TYWD-050 イキっぱなし淫乱SEX16時間,TYWD-050 イキっぱなし淫乱SEX16時間,TYWD-050,,2014-02-15,960分鐘,,乱丸,乱丸,,合集、花癡、數位馬賽克、單體作品、DMM獨家,ジゼル、井川ゆい、相原れな（三浦加奈、篠原リョウ）、上原亜衣、長澤あずさ、さとう遥希、愛音ゆり、松すみれ、RUMIKA、川上ゆう（森野雫）、仲丘たまき（片岡まきな）、瀧川花音、音丸、尾上若葉、小早川怜子、豹丸、知世奏、夏目優希、山本美和子、水沢杏香、悠月舞、希咲エマ（HARUKI、加藤はる希）、水澤まお（永沢まおみ）、雛丸、愛原さえ、沖田杏梨、櫻井ともか、近澤まゆみ、仁科百華、琥珀うた、桐岡さつき、COCONA（ココナ）、大堀香奈、伊織涼子、西條るり、結城みさ、瀬奈涼、まりか、雫パイン、泉麻那、妃悠愛（長澤杏奈、水原里香、木崎祐子）、碧しの（篠めぐみ）、佐倉美佐、ましろ杏、倉科さやか、諸星セイラ（百瀬涼）、大槻ひびき、北条麻妃、有沢実紗、女池さゆり、長谷川ミク、Hitomi（田中瞳）、玲丸、岡山涼花、ひなのりく、佐田あゆみ、一戸のぞみ、須真杏里（須真杏理）、橘ミオン（石川鈴華）、あのあるる、鷹宮りょう、澤村レイコ（高坂保奈美、高坂ますみ）、平井綾、森ななこ、樹花凜（七咲楓花）、艶堂しほり（遠藤しおり）、春風えみ、広瀬奈々美（堀口奈津美）、花井メイサ、東野愛鈴、前乃さとみ、鮎川なお、香椎杏子、麗花、雪見紗弥、浜崎りお（森下えりか、篠原絵梨香）、星優乃、柳田やよい、水野美香、春咲あずみ、江波りゅう（RYU)、早川瀬里奈、Marin.、翔田千里、鈴木杏里、辻本りょう、新井エリー（晶エリー、大沢佑香）、北田優歩、村上涼子（中村りかこ、黒木菜穂）、雪野ひかる、@YOU、櫻井ゆうこ、峰なゆか、笠木忍、星野あかり、柊早矢（美咲ゆりあ）、田中梨子、西野翔、乃亜（鳥越乃亜）、白鳥るり、青木玲、nao.（小池ひとみ）、水元ゆうな、貝満ひとみ、友田真希、風間ゆみ、寧々,https://www.javbus.com/TYWD-050,
RCT-566 全裸オイルキャットファイト ～闘う相手は自分で指名する1回戦、激闘壮絶ガチバトル復活～,RCT-566 全裸オイルキャットファイト ～闘う相手は自分で指名する1回戦、激闘壮絶ガチバトル復活～,RCT-566,,2014-02-09,120分鐘,神戸たろう,ROCKET,ROCKET,,企畫、玩具、放尿、格鬥家、高畫質,愛咲リア、高澤美優、藤堂ルシア、真木今日子、西園寺れお、樹花凜（七咲楓花）、北条麻妃、加藤ツバキ（夏樹カオル）,https://www.javbus.com/RCT-566,
BCDP-020 THE BEST 性感エステ 30編,BCDP-020 THE BEST 性感エステ 30編,BCDP-020,,2014-02-09,242分鐘,,BACKDROP,BACKDROP（BACKDROP）,THEBEST○○,成熟的女人、合集、4小時以上作品、美容院、巨乳、DMM獨家,加納綾子、小早川怜子、結城みさ、桐岡さつき、仁科百華、内田美奈子、成瀬心美（ここみ）、北条麻妃、つぼみ、風間ゆみ,https://www.javbus.com/BCDP-020,
MAST-003 潮吹き3D 痴女妻三姉妹物語,MAST-003 潮吹き3D 痴女妻三姉妹物語,MAST-003,,2014-02-01,71分鐘,ハリー杉乃,NEXTGROUP,3DMASTERS,潮吹き3D,蕩婦、潮吹、亂倫、高畫質、戲劇、3D,瀬奈涼、浅倉彩音、北条麻妃,https://www.javbus.com/MAST-003_2014-02-01,
MDBS-011 淫殺女仕置き人 ULTIMATE BEST 8時間コンプリート,MDBS-011 淫殺女仕置き人 ULTIMATE BEST 8時間コンプリート,MDBS-011,,2014-01-26,480分鐘,,MOTHERSENTERTAINMENTPICTURES,MOTHERS,淫殺女仕置き人,蕩婦、其他戀物癖、凌辱、女上位、4小時以上作品、顏面騎乘、DMM獨家,山本美和子、稲川なつめ、琥珀うた、北条麻妃、柳田やよい、一ノ瀬アメリ（美空あやか、栗栖エリカ）、風間ゆみ,https://www.javbus.com/MDBS-011,
MIBD-791 真性中出し特濃107連発,MIBD-791 真性中出し特濃107連発,MIBD-791,,2014-01-25,960分鐘,,ムーディーズ,MOODYZBest,,合集、美少女、數位馬賽克、中出、巨乳、DMM獨家,尾上若葉、杏堂なつ（榊れいな）、桃野なごみ、葵ちひろ、大橋未久、長澤あずさ、青空小夏、羽月希、浅乃ハルミ、北条麻妃、めぐり（藤浦めぐ）、真琴、千堂ゆりあ、橘れもん、宮嶋かれん、美澄れな、常盤りん、紺野りさ子、花井メイサ、早紀歩、麗花、澤村レイコ（高坂保奈美、高坂ますみ）、逢沢なお（青山れあ）、KYOKO、愛実（秋川ルイ）、艶堂しほり（遠藤しおり）、瀬織さら、桜みみ、広瀬奈々美（堀口奈津美）、中居みゆ、美咲、桜子、結川るり、むらさき真珠、青山菜々、水嶋友穂、佐藤江梨花、早川瀬里奈、鈴木杏里、若宮莉那、二宮沙樹、織田真子、神楽メイ、浜崎りお（森下えりか、篠原絵梨香）、春乃かすみ、松田亜美、香坂杏奈、北島玲、花宮あみ、竹内あい、笠木忍、青木りん、吉見りいな、あずみ恋、このは、大沢美加（廣田まりこ）、まりか、菅野さゆき、鈴木きあら（美空あいり）、白石美咲、松すみれ、杉崎りか、青山ローラ、前田優希、初芽里奈、知花メイサ、彩城ゆりな、佳苗るか、宮地由梨香、木村つな、河合こころ、石川流花、葵まりあ、里美理恵、美咲恋、さくら結衣、うるるまみ（風吹かのん）、水森れん、一戸のぞみ、愛あいり、七瀬ジュリア、あのあるる、愛咲れいら（原千尋）、Hitomi（田中瞳）、小峰ひなた、彩月あかり（岩佐めい）、里美ゆりあ、横山みれい、あゆむ、星崎アンリ、亜梨、岬リサ,https://www.javbus.com/MIBD-791,
NEO-403 プレミア極嬢おなら 2 968発 6時間,NEO-403 プレミア極嬢おなら 2 968発 6時間,NEO-403,,2014-01-24,361分鐘,,レイディックス,neo（パラドックス）,プレミア極嬢おなら,其他戀物癖、4小時以上作品、肛交,前田陽菜、北条麻妃、新井エリー（晶エリー、大沢佑香）、村上涼子（中村りかこ、黒木菜穂）,https://www.javbus.com/NEO-403,
DSE-1168 ショタ・チビ亀くんのハレンチいたずら日記 総集編 2,DSE-1168 ショタ・チビ亀くんのハレンチいたずら日記 総集編 2,DSE-1168,,2014-01-23,240分鐘,,ドリームステージ,ParadoX,ハレンチいたずら日記,成熟的女人、合集、舔陰、女上位、正太控,小早川怜子、松本まりな、北条麻妃、村上涼子（中村りかこ、黒木菜穂）,https://www.javbus.com/DSE-1168,
SCF-052 ディルドオナニー 100人8時間,SCF-052 ディルドオナニー 100人8時間,SCF-052,,2014-01-20,484分鐘,,マルクス兄弟,MARXBrothersco.,,潮吹、4小時以上作品、DMM獨家、自慰、局部特寫,愛内リカ、香坂美鈴、竹内サキ、安藤えみ、愛実（秋川ルイ）、長澤あずさ、哀川りん、北条麻妃、新垣さくら、愛菜りな、望月ゆみ、JULIA、椎名ひかる、武藤クレア、美咲結衣、内田真由、七瀬あさみ、矢吹杏、あずみ恋、早坂愛梨、結城みさ、紗奈、阿部菜津子（福山洋子、織原寧々）、水谷ひとみ、水城奈緒、松嶋侑里、松浦ユキ、はるか悠、鮎川なお、黒木アリサ、葉月奈穂（葉月菜穂）、菅野由紀、宇佐美なな、持田百恵、妃悠愛（長澤杏奈、水原里香、木崎祐子）、あづみ、愛乃みやび、望多つばさ、大城美咲、黒崎萌華、伊沢美春（伊沢美晴）、RUMIKA、瑠菜（安西瑠菜、RUNA）、在佳亜矢、中林彩、長谷川しずく、青木まり、時田あいみ、大槻ひびき、美神あおい、中野愛里、一ノ瀬アメリ（美空あやか、栗栖エリカ）、碧しの（篠めぐみ）、北川瞳、星野あかり、長南悠果、立花樹里亜、武井麻希、工藤沙菜恵、夏乃向日葵、桜木莉愛（かじか凛）、須藤早紀、高橋ゆい、小西なつみ、高月綾乃、高沢沙耶、秋野みさき、寺島ちひろ、相島奈央、本真ゆり、大島あいる、希内りな、悠月舞、上原亜衣、仲本紗代、朝桐光、さとう遥希、優木リノア、吉村あいか、EMI、藤野ルミ、南りん、平井ミッシェル、新垣紗絵、杉崎のあ、青木りん、水澤まお（永沢まおみ）、山口玲子、北原夏美、瀬名さくら（藤原史歩）、成宮あいり、月野りさ、樹花凜（七咲楓花）、森ななこ、大橋美香、風間ゆみ、黒木麻衣（花野真衣、SHIHO）,https://www.javbus.com/SCF-052,
DPH-117 非日常的悶絶コレクション 第十三集,DPH-117 非日常的悶絶コレクション 第十三集,DPH-117,,2014-01-20,258分鐘,渡辺琢斗,AVScollector’s,PHANTOM夢,非日常的悶絶遊戯,其他戀物癖、合集、惡作劇、4小時以上作品、主觀視角、DMM獨家,小林さとみ、美山蘭子、結城みさ、優木明日花、水嶋あずみ、管野しずか、北条麻妃、細川まり、加藤ツバキ（夏樹カオル）、紫彩乃,https://www.javbus.com/DPH-117,
TYWD-049 キマリすぎた敏感絶品BODY8時間,TYWD-049 キマリすぎた敏感絶品BODY8時間,TYWD-049,,2014-01-12,480分鐘,,乱丸,乱丸,,合集、花癡、數位馬賽克、乳房、巨乳、DMM獨家,尾上若葉、水咲カレン、椎名ゆな、西條るり、まりか、さとう遥希、松すみれ、ましろ杏、成瀬心美（ここみ）、北条麻妃、大堀香奈、仁科百華、北川瞳、沖田杏梨、愛原さえ、さくら悠、Hitomi（田中瞳）、森ななこ、峰なゆか、櫻井ゆうこ、村上涼子（中村りかこ、黒木菜穂）、妃乃ひかり、鈴木杏里、青山菜々、春咲あずみ、水城奈緒、浜崎りお（森下えりか、篠原絵梨香）、小坂めぐる、真田春香、花井メイサ、小早川怜子,https://www.javbus.com/TYWD-049,
UD-604R 親戚のおばさんに筆おろしされた僕。 7,UD-604R 親戚のおばさんに筆おろしされた僕。 7,UD-604R,,2014-01-09,121分鐘,ドラゴン西川,LEO,LEO,親戚のおばさんに筆おろしされた僕。,成熟的女人、已婚婦女、多P、中出、高畫質、處男,米崎真理、寺崎泉、北条麻妃,https://www.javbus.com/UD-604R,
KAGS-040 SS級熟女 センズリ鑑賞4時間,KAGS-040 SS級熟女 センズリ鑑賞4時間,KAGS-040,,2014-01-08,240分鐘,石川出水,AFRO-FILM,赫夜姫映像,,成熟的女人、4小時以上作品、高畫質、自慰,北条麻紀、沢田珠里、伊織涼子、有奈めぐみ、松下美香、矢部寿恵、結城みさ、桐岡さつき、羽月希、川上ゆう（森野雫）、北条麻妃、中森玲子,https://www.javbus.com/KAGS-040,
MCSR-107 美熟女野獣ファック 絶叫悶絶妻 4時間,MCSR-107 美熟女野獣ファック 絶叫悶絶妻 4時間,MCSR-107,,2013-12-25,240分鐘,ながふちつよし,ビッグモーカル,マスカット,美熟女野獣FUCK,成熟的女人、已婚婦女、4小時以上作品、高畫質,山口翠、音和礼子、小滝紗由美、桐岡さつき、中森玲子、町村小夜子、松下ゆうか（愛乃彩音、藤咲ゆうか）、速水怜、よしい美希（伊沢涼子、吉井美希）、風間ゆみ、結城みさ、新尾きり子、北島玲、佐伯奈々、南原香織、北条麻妃,https://www.javbus.com/MCSR-107,
CADV-439 熟女と性交 美人編,CADV-439 熟女と性交 美人編,CADV-439,,2013-12-17,240分鐘,,クリスタル映像,CRYSTALEX,熟女と性交,成熟的女人、亂倫、已婚婦女、4小時以上作品、巨乳,小早川怜子、長谷川美紅、結城みさ、北条麻妃,https://www.javbus.com/CADV-439,
CADV-438 THE ソープ祭り 8時間 日本に生まれて良かったスペシャル！！,CADV-438 THE ソープ祭り 8時間 日本に生まれて良かったスペシャル！！,CADV-438,,2013-12-16,479分鐘,,クリスタル映像,CRYSTALEX,,成熟的女人、女同性戀、妓女、4小時以上作品、立即口交、巨乳,東野マコ、相川里沙、吉澤未來、近沢ゆみえ、大倉彩音、田中志乃、椿姫、美咲結衣、希咲あや、北条麻妃、森下麻子、霞貴理子、二葉恵、星崎アンリ、本庄瞳、織江なつき、藤下梨花、優月良花、月丘咲、白河雪乃、水希千里、香月蘭、川奈ゆり、美緒みくる、吉瀬リナ、西野紗江、浅木のん、木崎実花、陽咲花音、宮崎由麻、牧野絵里、多山佑香、三宅ちえ、南野リカ、雪乃紗恵、水野はるか、芦屋静香、九条雛子,https://www.javbus.com/CADV-438,
SCF-051 自慰コレクション100人8時間,SCF-051 自慰コレクション100人8時間,SCF-051,,2013-12-16,485分鐘,,マルクス兄弟,MARXBrothersco.,,4小時以上作品、DMM獨家、自慰,葵なつ、青木りん、哀川りん、愛音まひろ、北川弓香、麻生れいな、望月加奈（松沢真理）、松本亜璃沙、楠真由美、風間ゆみ、篠田ゆう、高月綾乃、河合千里、吉見りいな、吉川瑠花、月城あいか、前島絵里奈、工藤茜、妃悠愛（長澤杏奈、水原里香、木崎祐子）、芽衣奈（南芽衣奈）、早乙女ルイ、冬木舞、板野有紀、藤咲沙耶、白井仁美、小桜りく、瀬戸彩子、栗崎紗理奈、さくら悠、黒沢せりな、山本かえで、藤北彩香、麻生ゆう、工藤さき、一ノ瀬あきら、吉野麻美、和葉みれい（藤白まき）、瀬奈涼、今村美穂、このみゆうか、諸星セイラ（百瀬涼）、松山ももか、近藤れいな、鏡麗子、宮下真紀、管野しずか、澤村レイコ（高坂保奈美、高坂ますみ）、香坂美優、早乙女りん、青木りかこ（明石翼）、北条麻妃、有村千佳、碧しの（篠めぐみ）、野中あんり、大沢美加（廣田まりこ）、黒崎萌華、三井エリ、ささきふう香、天霧真世、星野あかり、押切あやの、風間今日子（風間恭子）、小坂めぐる、千羽千鶴、AKI、茅ヶ崎ありす、森川ヒカル、星優奈、友田真希、白鳥美鈴、間宮いずみ、杏珠、早川瀬里奈、翔田千里、阿部菜津子（福山洋子、織原寧々）、新井エリー（晶エリー、大沢佑香）、高原沙恵、澤よし乃、阿立未来、浜崎りお（森下えりか、篠原絵梨香）、藤谷和美、川奈まり子、草壁夕子、小沢志乃、広瀬奈々美（堀口奈津美）、結衣（結衣美沙）、樋口冴子（桐島千沙）、樋口夕希、林かれん、みなみ愛梨、あいぶらん（蜜井とわ）、石田れいな、稲森あずさ、安永亜紀、紫彩乃、秋元恵、中谷美由紀、桃井望、萩原さやか（荻原さやか）、姫島レイ,https://www.javbus.com/SCF-051,
JUSD-529 Madonna10周年記念 Fitchレーベル全作品集 143タイトル12時間 全てはここから始まった！ 2007～2011年にリリースした全作品を完全網羅！！,JUSD-529 Madonna10周年記念 Fitchレーベル全作品集 143タイトル12時間 全てはここから始まった！ 2007～2011年にリリースした全作品を完全網羅！！,JUSD-529,,2013-12-15,718分鐘,,マドンナ,Madonna,Madonna10周年記念,蕩婦、成熟的女人、合集、已婚婦女、數位馬賽克、羞恥、DMM獨家,今枝陽子、橘ミオン（石川鈴華）、春風えみ、真白希実、雪見紗弥、北条麻妃、倖田李梨（倖田美梨、岩下美季）、山口玲子、坂本梨沙、鏡麗子、星野あかり、妃乃ひかり、愛あいり、妃悠愛（長澤杏奈、水原里香、木崎祐子）、橘エレナ、牧原れい子、有沢実紗、凛音涼子、浅倉彩音、青木りん、高島恭子、橘慶子、柳田やよい、伊吹稟、美原咲子、小向まな美、川上ゆう（森野雫）、結城みさ、櫻井夕樹、仁科百華、杉本亜美、横山みれい、彩佳リリス（藤崎クロエ）、小坂めぐる、吉永沙織、浦田みらい、大堀香奈、水城奈緒、漣ゆめ、Seiko。、和葉みれい（藤白まき）、管野しずか、瀬奈涼、森山杏菜（森山杏奈）、神崎レオナ（七瀬かすみ）、青木玲、芦沢彩乃、愛川咲樹、翔田千里、魚住里奈、北条アミ、友田真希、押切あやの、小泉ありさ、星優乃、酒井ちなみ（紫葵）、関口梨乃、松下ゆうか（愛乃彩音、藤咲ゆうか）、天海ゆり、広瀬奈々美（堀口奈津美）、松本亜璃沙、君島冴子（AOI.、村上葵）、風間ゆみ、白坂百合、流川純、志村玲子、あずま樹、北島玲、片岡梨沙、黒木麻衣（花野真衣、SHIHO）、大塚咲（小野沙樹、大滝佐紀）、鈴香音色、北条美里、加山なつこ、白川莉紗、細川まり、村上里沙、藤木未央、澤村レイコ（高坂保奈美、高坂ますみ）、松下紗世、北原夏美、白石さゆり、葉月奈穂（葉月菜穂）、佐藤みき（佐藤美紀、鈴木志帆）、一戸のぞみ、中森玲子、小池絵美子、波風きら,https://www.javbus.com/JUSD-529,
JUX-215 Madonna10周年記念作品 マドンナ熟女祭 ～10年に1度の大祭を仕切るのは誰！？愛液乱れ飛ぶ婦人会対抗の乱～,JUX-215 Madonna10周年記念作品 マドンナ熟女祭 ～10年に1度の大祭を仕切るのは誰！？愛液乱れ飛ぶ婦人会対抗の乱～,JUX-215,,2013-12-15,410分鐘,きとるね川口,マドンナ,Madonna,Madonna10周年記念,成熟的女人、野外・露出、濫交、已婚婦女、數位馬賽克、高畫質、出軌、DMM獨家,三浦恵理子、白木優子、愛田奈々、小森愛、結城みさ、北条麻妃、翔田千里、村上涼子（中村りかこ、黒木菜穂）、牧原れい子、風間ゆみ、友田真希,https://www.javbus.com/JUX-215,
TYWD-048 欲しくて欲しくて堪らない女たち120人！ 挿入の瞬間120連発,TYWD-048 欲しくて欲しくて堪らない女たち120人！ 挿入の瞬間120連発,TYWD-048,,2013-12-12,238分鐘,,乱丸,乱丸,,其他戀物癖、合集、花癡、數位馬賽克、DMM獨家,音丸、知世奏、小早川怜子、尾上若葉、青山沙希、夏目優希、櫻井ともか、上原亜衣、さとう遥希、成瀬心美（ここみ）、あのあるる、前乃さとみ、鮎川なお、田中亜弥、香椎杏子、麗花、雪見紗弥、小坂めぐる、浜崎りお（森下えりか、篠原絵梨香）、星優乃、柳田やよい、水城奈緒、水野美香、ERIKA（モカ、MOKA）、川上ゆう（森野雫）、鷹宮りょう、澤村レイコ（高坂保奈美、高坂ますみ）、平井綾、森ななこ、KYOKO、樹花凜（七咲楓花）、艶堂しほり（遠藤しおり）、一ノ瀬あきら、春風えみ、広瀬奈々美（堀口奈津美）、花井メイサ、東野愛鈴、春咲あずみ、青山菜々、江波りゅう（RYU)、星野あかり、柊早矢（美咲ゆりあ）、寧々、愛咲れいら（原千尋）、田中梨子、西野翔、乃亜（鳥越乃亜）、青木玲、nao.（小池ひとみ）、水元ゆうな、友田真希、風間ゆみ、峰なゆか、櫻井ゆうこ、早川瀬里奈、Marin.、翔田千里、鈴木杏里、葉月奈穂（葉月菜穂）、新井エリー（晶エリー、大沢佑香）、芦名未帆（稲森しほり）、北田優歩、妃乃ひかり、村上涼子（中村りかこ、黒木菜穂）、雪野ひかる、@YOU、笠木忍、橘ミオン（石川鈴華）、竹内紗里奈、沖田杏梨、北川瞳、近澤まゆみ、仁科百華、桐岡さつき、COCONA（ココナ）、大堀香奈、水咲カレン、伊織涼子、結城みさ、村西まりな、雛丸、水澤まお（永沢まおみ）、仲丘たまき（片岡まきな）、瀧川花音、さくら悠、山本美和子、木島るみ、水沢杏香、希咲エマ（HARUKI、加藤はる希）、大沢美加（廣田まりこ）、まりか、雫パイン、有沢実紗、鈴木ミント、女池さゆり、長谷川ミク、Hitomi（田中瞳）、岡山涼花、ひなのりく、倉科さやか、佐田あゆみ、長澤あずさ、一戸のぞみ、須真杏里（須真杏理）、北条麻妃、大槻ひびき、椎名ゆな、泉麻那、妃悠愛（長澤杏奈、水原里香、木崎祐子）、碧しの（篠めぐみ）、相原れな（三浦加奈、篠原リョウ）、井川ゆい、愛音ゆり、RUMIKA、希内あんな、星崎アンリ、諸星セイラ（百瀬涼）、ましろ杏、佐倉美佐,https://www.javbus.com/TYWD-048,
RKI-304 ローションまみれ！泡まみれ！ 全身にゅるにゅるソープ BEST 16時間,RKI-304 ローションまみれ！泡まみれ！ 全身にゅるにゅるソープ BEST 16時間,RKI-304,,2013-12-12,959分鐘,,ROOKIE,ROOKIE,,合集、多P、美少女、4小時以上作品、巨乳、DMM獨家,沖田杏梨、春菜はな、天海つばさ、西野翔、今井もも、平山千里、椎名ゆな、西條るり、小森美樹、あいだゆあ、北条麻妃、ももかさくら、尾上若葉、鶴田かな、大島あいる、桜木莉愛（かじか凛）、丘咲エミリ、青空小夏、長澤あずさ、前田優希、仁科百華、月城ルネ、河純ひなみ、Rio（柚木ティナ）、小日向みく、内藤斐奈、宮下まい、風見渚、音無かおり、里美ゆりあ、RUMIKA、神谷姫、愛斗ゆうき、香坂百合、友田真希、初音みのり、二宮沙樹、如月カレン、恋小夜、綾瀬しおり、光月夜也（林絵里）、愛嶋リーナ、美優千奈、綾瀬ひめ、歩原らいと、葉月奈穂（葉月菜穂）、大橋未久、桜木凛、黒木なほ、水野美香、桜井優、椎名れいか、松嶋れいな、小澤マリア、天宮まなみ（来嶋ゆきな）、川村カンナ、しいないおり、真壁りの、北島優,https://www.javbus.com/RKI-304,
FAX-494 団地妻（マンション）ポルノ セクシャルブルーな昼下りの情事,FAX-494 団地妻（マンション）ポルノ セクシャルブルーな昼下りの情事,FAX-494,,2013-12-09,118分鐘,ヘンリー塚本,FAプロ・プラチナ,FAプロ,団地妻（マンション）ポルノ,成熟的女人、已婚婦女、通姦、戲劇、故事集、DMM獨家,北園梓、北条麻妃、倖田李梨（倖田美梨、岩下美季）,https://www.javbus.com/FAX-494,
BCDP-010 極上 宅配妻100選 8時間デラックス,BCDP-010 極上 宅配妻100選 8時間デラックス,BCDP-010,,2013-12-09,479分鐘,,BACKDROP,BACKDROP（BACKDROP）,極上○○100選デラックス,業餘、合集、已婚婦女、4小時以上作品、巨乳、DMM獨家,長谷川美紅、結城みさ、北川千尋、華山美玲、内田美奈子、浅倉彩音、桜みちる、艶堂しほり（遠藤しおり）、北条麻妃、小池絵美子,https://www.javbus.com/BCDP-010,
LADYA-015 ノーモザイク・レズビアン,LADYA-015 ノーモザイク・レズビアン,LADYA-015,,2013-12-09,116分鐘,二村ヒトシ,LADY×LADY,LADY×LADY,,女同性戀、緊身衣、女同接吻、巨乳,原千草、桜井あゆ、矢沢りょう、音無かおり、北川エリカ、鈴村みゆう、有村千佳、北条麻妃,https://www.javbus.com/LADYA-015,
CADV-434 超★人妻温泉 8時間 DX,CADV-434 超★人妻温泉 8時間 DX,CADV-434,,2013-12-06,483分鐘,,クリスタル映像,CRYSTALEX,,成熟的女人、合集、無毛、已婚婦女、多P、4小時以上作品、肛交,長澤アイミ、西城早織、後藤あづさ、大石真理子、立花美里、西野エリカ、伊原詩織、岬レナ、竹内紗里奈、北条麻妃,https://www.javbus.com/CADV-434,
JUSD-525 Madonna10周年記念 激しく求め合う母子の近親相姦50組8時間,JUSD-525 Madonna10周年記念 激しく求め合う母子の近親相姦50組8時間,JUSD-525,,2013-12-05,478分鐘,,マドンナ,Madonna,Madonna10周年記念,成熟的女人、母親、合集、亂倫、數位馬賽克、巨乳、DMM獨家,宮崎良美、大橋かおり、渡辺なつみ、冬木舞、松嶋友里恵、石黒樹里、結城みさ、北条麻妃、牧原れい子、風間ゆみ、神崎久美、七海ひさ代、高月和花、大嶋しのぶ、永瀬美月、上原千尋、暮町ゆうこ、波木薫、山河ほたる、富樫まり子、木村真子、藤沢芳恵、津村美那子、新堂綾乃、三浦恵理子、藤下梨花、美原咲子、真矢志穂、荒木瞳、桐岡さつき、江原あけみ（美輪ちあき）、伊織涼子、星杏奈、白鳥聖子、華山美玲、新尾きり子、沢村麻耶、橘エレナ、岩崎千鶴、黒谷りょうこ、吉澤清美（田村みゆき）、藤森綾子、折原ゆかり、志村玲子、櫻井ゆうこ、紫彩乃、露木陽子、夢野まりあ、沢口みき、加山なつこ,https://www.javbus.com/JUSD-525,
MDBS-009 驚天動地のマザーズ ～TWO YEARS SUPER BEST～ ver.BLUE 男魂イキ地獄,MDBS-009 驚天動地のマザーズ ～TWO YEARS SUPER BEST～ ver.BLUE 男魂イキ地獄,MDBS-009,,2013-11-29,231分鐘,,MOTHERSENTERTAINMENTPICTURES,MOTHERS,○○のマザーズ～TWOYEARSSUPERBEST～,其他戀物癖、合集、凌辱、顏面騎乘、DMM獨家,有村千佳、羽月希、柳田やよい、つぼみ、加藤ツバキ（夏樹カオル）、桐原あずさ（伊藤あずさ）、一ノ瀬アメリ（美空あやか、栗栖エリカ）、Maika（MEW）、川上ゆう（森野雫）、風間ゆみ、北谷静香、真咲南朋（楓モモ、安藤なつ妃）、琥珀うた、深田梨菜（深田梨奈）、細川まり、彩佳リリス（藤崎クロエ）、風見京子、北川エリカ、倉木みお、結城みさ、及川はるな、山本美和子、沢田珠里、佐伯みゆ、春希ゆきの、平山こずえ、北条麻妃、神田朋実、まりか、管野しずか、星優乃、大塚咲（小野沙樹、大滝佐紀）,https://www.javbus.com/MDBS-009,
CADV-433 マダムマニアック THE BEST 3 大悶絶熟女100人8時間,CADV-433 マダムマニアック THE BEST 3 大悶絶熟女100人8時間,CADV-433,,2013-11-23,479分鐘,,クリスタル映像,CRYSTALEX,マダムマニアックTHEBEST8時間,成熟的女人、合集、已婚婦女、通姦、4小時以上作品,立川美代、大石輝美、久保麗子、沢平秋乃、松下花梨、みずたまり、小早川怜子、結城みさ、北条麻妃、広瀬奈々美（堀口奈津美）、星杏奈、二葉恵、雨宮真貴、川奈ゆり、本庄瞳、織原亜希、福井咲子、伊原詩織、花岡百合子、羽月希、瀬野ゆかり、堀ゆずき、近藤郁（近藤郁美）、九条雛子、岬レナ、円城ひとみ、加藤なお、青山京香、彩美ルリ子、月丘咲、喜多村ゆい、西野まい、筒井まりか、秋本美紗子、伊藤まい、沢村ゆうみ、七海ひさ代、坂本詩織、畑野美沙、宝城薫子、冴島ゆうり、矢野早紀、大倉聡子、綾瀬多香子、西野エリカ、大石真理子、秋山百合、白河雪乃、沢口もなみ、早乙女るい、岡田真理、真鍋千枝美、宮園涼子、中村翔子、山口智美、河原美咲、花園多香子、七瀬美香、高倉梨奈、原田美奈、加護亜矢、大野奈々子、名城翠、柴波千里、工藤幸子、神崎久美、紙本早紀、山本美和子、島田響子、山崎由里子、横山久美子、高崎千鶴、高嶋碧、西城早織、花島瑞江、青山圭子、五月ふみ枝、新澤久美子、折川菜由、霧島ゆかり、有沢実紗、大嶋しのぶ、早川なお（柊かえで）、滝沢すみれ、吉永静子、山城みずほ、内田美奈子、艶堂しほり（遠藤しおり）、一条ゆり、牧野遥、美山かおり、水谷しずか、吉宮詩織、大田ゆりか、田中菜留美、米倉葵,https://www.javbus.com/CADV-433,
RKI-296 お尻の形がエロすぎる！ 悩殺美尻のオンナたち 40人16時間,RKI-296 お尻の形がエロすぎる！ 悩殺美尻のオンナたち 40人16時間,RKI-296,,2013-11-19,958分鐘,,ROOKIE,ROOKIE,,成熟的女人、合集、屁股、姐姐、4小時以上作品、DMM獨家,源みいな、希美まゆ、伊東エリ、黒木いちか（東条かれん）、ましろ杏、北条麻妃、竹内あい、一ノ瀬アメリ（美空あやか、栗栖エリカ）、あいだゆあ、妃乃ひかり,https://www.javbus.com/RKI-296,
MMO-011 20th anniversary 人妻熟女302人 いやらしい美人妻からドスケベ熟女まで…丸ごと見せます！10時間スペシャル,MMO-011 20th anniversary 人妻熟女302人 いやらしい美人妻からドスケベ熟女まで…丸ごと見せます！10時間スペシャル,MMO-011,,2013-11-04,602分鐘,,桃太郎映像出版,大満足,,成熟的女人、合集、已婚婦女、4小時以上作品、DMM獨家,佐々木恋海（向井恋）、斉木ゆあ（竹崎ゆりな）、桜井あゆ、青山葵、橘エレナ、春風えみ、澤村レイコ（高坂保奈美、高坂ますみ）、渡部准、朝河蘭（清水優香）、瀬戸恵子、川上ゆう（森野雫）、水城奈緒、翔田千里、甘衣かおり、風間ゆみ、北条麻妃,https://www.javbus.com/MMO-011,
YLW-4134 ギンギンに勃起したチンポに見惚れた人妻の顔がエロすぎる 顔見てるだけでこっちもさらに興奮してきて…,YLW-4134 ギンギンに勃起したチンポに見惚れた人妻の顔がエロすぎる 顔見てるだけでこっちもさらに興奮してきて…,YLW-4134,,2013-10-31,120分鐘,前田幸三,MellowMoon,YellowMoon,,成熟的女人、已婚婦女、花癡、打手槍,北条麻紀、沢田珠里、川辺いづみ、相澤かな、小倉もも、結城みさ、羽月希、北条麻妃,https://www.javbus.com/YLW-4134,
EMCS-013 12名の働くおばさん 男を誘うムレて臭めの完熟マンコ 4時間,EMCS-013 12名の働くおばさん 男を誘うムレて臭めの完熟マンコ 4時間,EMCS-013,,2013-10-27,240分鐘,MAX松井,抜玉/エマニエル,抜玉/エマニエル,,成熟的女人、各種職業、已婚婦女、4小時以上作品、高畫質、巨乳、DMM獨家,沢田珠里、伊織涼子、有奈めぐみ、松下美香、結城みさ、桐岡さつき、羽月希、中森玲子、北条麻妃、川上ゆう（森野雫）、細川まり、矢部寿恵,https://www.javbus.com/EMCS-013,
MCSR-103R 極上美人妻 8時間BEST 第4章,MCSR-103R 極上美人妻 8時間BEST 第4章,MCSR-103R,,2013-10-25,481分鐘,武新,ビッグモーカル,マスカット,極上○○8時間BEST,合集、已婚婦女、4小時以上作品、高畫質,佐々木恋海（向井恋）、知世奏、島谷愛、すずきりりか、真木今日子、桐岡さつき、加瀬あゆむ、北条麻妃、深田梨菜（深田梨奈）、町村小夜子、立花さや、間宮ココ、福元美砂恵（仲間麗奈）、大田ゆりか、つぼみ、雫パイン、大堀香奈、橘エレナ、柳田やよい、長澤あずさ、黒木麻衣（花野真衣、SHIHO）、中森玲子、甲斐ミハル、石倉えいみ、榊なち、小出遥、本庄瞳,https://www.javbus.com/MCSR-103R,
MCSR-102 中出しお義母さんが教えてあげる BEST4時間 4,MCSR-102 中出しお義母さんが教えてあげる BEST4時間 4,MCSR-102,,2013-10-25,241分鐘,武新,ビッグモーカル,マスカット,中出しお義母さんが教えてあげる,合集、亂倫、中出、4小時以上作品、婆婆、高畫質,水野洋子、青山真希、伊織涼子、小出遥、杉原えり、雫パイン、横山みれい、中森玲子、北条麻妃、牧原れい子、青山ゆい、有沢りさ,https://www.javbus.com/MCSR-102,
LIA-411 溢れ出るマンカス オナニー女30人 6時間,LIA-411 溢れ出るマンカス オナニー女30人 6時間,LIA-411,,2013-10-20,360分鐘,,プールクラブ・エンタテインメント,Philia,,其他戀物癖、4小時以上作品、按摩棒、自慰,北条麻妃、真咲南朋（楓モモ、安藤なつ妃）、桐原あずさ（伊藤あずさ）,https://www.javbus.com/LIA-411,
KAGS-033 働く人妻 仕事中のSEXってメチャクチャ燃える！,KAGS-033 働く人妻 仕事中のSEXってメチャクチャ燃える！,KAGS-033,,2013-10-17,120分鐘,三島六三郎,AFRO-FILM,赫夜姫映像,,OL、已婚婦女、打手槍,加納綾子、稲川なつめ、矢部寿恵、結城みさ、中森玲子、北条麻妃,https://www.javbus.com/KAGS-033,
KDMI-017 コスッて熟女神 BEST,KDMI-017 コスッて熟女神 BEST,KDMI-017,,2013-10-14,240分鐘,狂一,ミル,ミル,コスッて熟女神,角色扮演、成熟的女人、連褲襪、屁股、緊身衣、DMM獨家,有沢実紗、高島恭子、中森玲子、北条麻妃、澤村レイコ（高坂保奈美、高坂ますみ）,https://www.javbus.com/KDMI-017,
SCF-043 アナル舐め＆寸止め手コキ 24人4時間,SCF-043 アナル舐め＆寸止め手コキ 24人4時間,SCF-043,,2013-10-11,242分鐘,,マルクス兄弟,MARXBrothersco.,,DMM獨家、肛交、打手槍,篠崎アンナ、宇佐美なな、椎名ゆな、長澤あずさ、結城みさ、紗奈、鈴木ミント、広瀬奈々美（堀口奈津美）、亜佐倉みんと、風間ゆみ、大島あいる、松本まりな、春原未来、EMI、柳田やよい、平山こずえ、星咲あおい、宮下しほり、竹内紗里奈、ましろふわり、美月優芽、愛内リカ、美村ひろ子、北条麻妃,https://www.javbus.com/SCF-043,
GRYD-017 すーぱーべすと じじいに嬲られた生中出し 8時間 30人,GRYD-017 すーぱーべすと じじいに嬲られた生中出し 8時間 30人,GRYD-017,,2013-10-07,480分鐘,三こすり半イク蔵,桃太郎映像出版,我流,じじいに嬲られた○○,濫交、強姦、合集、中出、4小時以上作品、DMM獨家,星野あかり、荒木ありさ（月島うさぎ）、小倉ゆず、辻本りょう、水沢真樹、琥珀うた、水城奈緒、北条麻妃、小坂めぐる、村上涼子（中村りかこ、黒木菜穂）,https://www.javbus.com/GRYD-017,
JFB-048 チ○ポが擦り減るほどに味わい尽くされる肉感痴女のフェラ50連発,JFB-048 チ○ポが擦り減るほどに味わい尽くされる肉感痴女のフェラ50連発,JFB-048,,2013-10-01,240分鐘,,Fitch,Fitch,,蕩婦、成熟的女人、口交、合集、數位馬賽克、DMM獨家、吞精,柚木彩華、水咲カレン、伊島香織、今枝陽子、倉木みお、仁科百華、哀川りん、浅倉彩音、北条美里、北条麻妃,https://www.javbus.com/JFB-048,
ARMM-040 贅沢すぎる3Pセックス BEST 濃厚接吻＆Wフェラチオ編,ARMM-040 贅沢すぎる3Pセックス BEST 濃厚接吻＆Wフェラチオ編,ARMM-040,,2013-09-25,192分鐘,,アロマ企画,AROMAM-30,○○すぎる3Pセックス,成熟的女人、其他戀物癖、合集、多P、DMM獨家,結城みさ、伊織涼子、川上ゆう（森野雫）、広瀬奈々美（堀口奈津美）、艶堂しほり（遠藤しおり）、澤村レイコ（高坂保奈美、高坂ますみ）、北条麻妃,https://www.javbus.com/ARMM-040,
AVSP-004 渡辺琢斗大図鑑 8時間 Premium Best 2,AVSP-004 渡辺琢斗大図鑑 8時間 Premium Best 2,AVSP-004,,2013-09-25,480分鐘,渡辺琢斗,AVScollector’s,AVS,渡辺琢斗大図鑑,其他戀物癖、合集、連褲襪、4小時以上作品、主觀視角、DMM獨家,沢田麗奈、浅倉彩音、北条麻妃、佐伯奈々、加賀雅、松下ゆうか（愛乃彩音、藤咲ゆうか）、松本亜璃沙、村上涼子（中村りかこ、黒木菜穂）、牧本千幸（つかもと友希）、風間ゆみ,https://www.javbus.com/AVSP-004,
MLW-2040 いやらしい女社長のいる会社 横山みれい,MLW-2040 いやらしい女社長のいる会社 横山みれい,MLW-2040,,2013-09-25,117分鐘,,MellowMoon,MellowMoon,いやらしい女社長のいる会社,成熟的女人、各種職業、花癡、自慰,横山みれい、北条麻妃、加藤ツバキ（夏樹カオル）,https://www.javbus.com/MLW-2040,
NEO-212 オバギャル 全員、セーラー熟女,NEO-212 オバギャル 全員、セーラー熟女,NEO-212,,2013-09-20,122分鐘,,レイディックス,neo（パラドックス）,オバギャル,角色扮演、成熟的女人、水手服、女生,三浦夏帆、田端聡美、鶴岡尚美、堀之内多恵、朝霧一花、北条麻妃,https://www.javbus.com/NEO-212,
RBD-510 籠城3 北条麻妃 ASUKA 美月優菜,RBD-510 籠城3 北条麻妃 ASUKA 美月優菜,RBD-510,,2013-09-07,93分鐘,高原寿,アタッカーズ,龍縛,籠城,強姦、凌辱、DVD多士爐、高畫質、DMM獨家,美月優菜、ASUKA、北条麻妃,https://www.javbus.com/RBD-510,
HFD-088 秘書in…2 ［脅迫スイートルーム］ 朝まで密室調教性交八発 4時間,HFD-088 秘書in…2 ［脅迫スイートルーム］ 朝まで密室調教性交八発 4時間,HFD-088,,2013-09-06,240分鐘,,ドリームチケット,ドリームチケット,脅迫スイートルーム,潮吹、秘書、性奴,一ノ瀬あきら、北条麻妃、広瀬奈々美（堀口奈津美）、村上涼子（中村りかこ、黒木菜穂）,https://www.javbus.com/HFD-088,
MLW-2038 いやらしい女社長のいる会社 北条麻妃,MLW-2038 いやらしい女社長のいる会社 北条麻妃,MLW-2038,,2013-08-25,117分鐘,あばしり一家,MellowMoon,MellowMoon,いやらしい女社長のいる会社,蕩婦、成熟的女人、各種職業、中出,横山みれい、北条麻妃、加藤ツバキ（夏樹カオル）,https://www.javbus.com/MLW-2038,
VENU-362 幻母 禁断母子スワップ総集編 2,VENU-362 幻母 禁断母子スワップ総集編 2,VENU-362,,2013-08-24,243分鐘,,VENUS,女神（ヴィーナス）,近親相姦幻母INCEST,成熟的女人、母親、合集、已婚婦女、DMM獨家,青木美空、青木りん、森ななこ、中森玲子、時越芙美江、澤村レイコ（高坂保奈美、高坂ますみ）、葉月奈穂（葉月菜穂）、村上涼子（中村りかこ、黒木菜穂）、水元ゆうな、青木玲、紫彩乃、長澤あずさ、北条麻妃,https://www.javbus.com/VENU-362,
BIB-079 美熟女に昇天するまで犯されたい8時間,BIB-079 美熟女に昇天するまで犯されたい8時間,BIB-079,,2013-08-23,478分鐘,,美,美,○○に昇天するまで犯されたい,蕩婦、成熟的女人、濫交、合集、花癡、顏射、DMM獨家,小早川怜子、北川エリカ、愛あいり、里美ゆりあ、青木美空、結城みさ、仁科百華、JULIA、横山みれい、青木玲、椎名ゆな、北条麻妃、川上ゆう（森野雫）、つぼみ、愛咲れいら（原千尋）、水元ゆうな、志保、風間ゆみ、笠木忍、藤本悠麻,https://www.javbus.com/BIB-079,
BIB-080 美しいオンナの美しい淫乱SEX100タイトル8時間,BIB-080 美しいオンナの美しい淫乱SEX100タイトル8時間,BIB-080,,2013-08-23,478分鐘,,美,美,,蕩婦、濫交、合集、花癡、姐姐、DMM獨家,ゆうきさやか、大石美咲、桐谷ユリア、桜木凛、里美ゆりあ、大橋未久、有村千佳、有沢りさ、北川瞳、浅乃ハルミ、小谷理紗、美咲うらん、愛沢有紗、たなか唯、辻愛菜、藤本悠麻、元山はるか、芦名ユリア、優木まみ、蓮実クレア、知花メイサ、桜花りり、大島あいる、綾瀬みなみ、さくら悠、あすか光希、初見果梨奈（星野みかん）、白川ゆかり、悠月舞、春原未来、初美沙希、さとう遥希、緋咲アンナ、北川エリカ、坂野由梨、愛原さえ、AIKA、水澤まお（永沢まおみ）、椎名ひかる、妃悠愛（長澤杏奈、水原里香、木崎祐子）、管野しずか、村西まりな、魅麗、阿利希キリア（阿利希カレラ）、みずほゆき、瑠菜（安西瑠菜、RUNA）、鈴音りおな、西條るり、長谷川聖那、一ノ瀬ルカ、ももかりん、亜希菜、井川ゆい、小野紗里奈、横山みれい、小桜沙樹、あゆむ、椎名ゆな、北条麻妃、瀬名アスカ、愛あいり、綾瀬美都（内山遥）、伊東美姫、成瀬心美（ここみ）、杏堂なつ（榊れいな）、南りん、新名しおり、蒼井怜、夏樹あい、杉原桃花、松生彩、上原カエラ、黒木アリサ、紗奈、鈴木杏里、新井エリー（晶エリー、大沢佑香）、川上ゆう（森野雫）、かすみりさ、藤本AYAY、橘れもん、ayami（赤西涼、まひる）、真田春香、浜崎りお（森下えりか、篠原絵梨香）、大塚咲（小野沙樹、大滝佐紀）、笠木忍、花柄ことり、KYOKO、森ななこ、愛咲れいら（原千尋）、西野翔、滝沢優奈、松嶋れいな、如月カレン、青木玲、水元ゆうな、志保、つぼみ、竹内あい、青木美空,https://www.javbus.com/BIB-080,
REAL-473 REAL SUPER BEST 8時間 9,REAL-473 REAL SUPER BEST 8時間 9,REAL-473,,2013-08-12,478分鐘,八山A太郎,レアルワークス,REAL（レアルワークス）,REALSUPERBEST,紧缚、合集、深喉、4小時以上作品,椎名ゆな、さとう遥希、波多野結衣、結城みさ、北川瞳、みづなれい（みずなれい）、北条麻妃、つぼみ、村上涼子（中村りかこ、黒木菜穂）、川上ゆう（森野雫）,https://www.javbus.com/REAL-473,
ANHD-025 イヤラシすぎるレズビアン乱交8時間,ANHD-025 イヤラシすぎるレズビアン乱交8時間,ANHD-025,,2013-08-11,478分鐘,,アンナと花子,アンナと花子,,女同性戀、濫交、合集、舔陰、巨乳、DMM獨家,折原ゆうな、津川麻衣子、稲川なつめ、藤北彩香、小倉もも、一ノ瀬あきら、波多野結衣、里崎あかね、雨宮琴音、北条麻妃、すみれ（東尾真子）、宮崎由麻、夏川未来（小春）、高梨ひとみ、原田実紗、鮎川みさと、新堂ルミ、白川るり、酒井和、柚花杏、安田美樹、有沢実紗、白川莉紗、叶志穂、浅倉彩音、一戸のぞみ、中森玲子、桐島ひかり、南沙也香、英里奈、水嶋あずみ、つぼみ、小泉梨菜、川上ゆう（森野雫）、稲森ケイト、桃咲まなみ、瀬戸ひなた、茅ヶ崎ありす、ayami（赤西涼、まひる）、愛音ゆう、永瀬あき、天海ゆり、浜崎りお（森下えりか、篠原絵梨香）、北島玲、桐原あずさ（伊藤あずさ）、風間ゆみ、広瀬奈々美（堀口奈津美）、東野愛鈴、南つかさ、鈴木杏里、妃乃ひかり、姫野りむ、村上涼子（中村りかこ、黒木菜穂）、立花里子、桜田さくら（松井さくら）、芹澤かなえ、真田ゆかり（葵のぞみ）、友田真希、佐伯奈々、橘未稀（石川麻矢）,https://www.javbus.com/ANHD-025,
RCT-522 淫語裁判 ～女子校生痴漢えん罪事件～ チ○ポ、マ○コ淫語バリバリの女検事VS女弁護士の法廷闘争,RCT-522 淫語裁判 ～女子校生痴漢えん罪事件～ チ○ポ、マ○コ淫語バリバリの女検事VS女弁護士の法廷闘争,RCT-522,,2013-08-08,138分鐘,松田まさし,ROCKET,ROCKET,,企畫、淫語、各種職業、高畫質、戲劇、高中女生,愛代さやか、星野あかり、北条麻妃,https://www.javbus.com/RCT-522,
JUSD-501 発射直後のチ○ポをむさぼる美熟女お掃除フェラ8時間SP,JUSD-501 発射直後のチ○ポをむさぼる美熟女お掃除フェラ8時間SP,JUSD-501,,2013-08-02,478分鐘,,マドンナ,Madonna,発射直後のチ○ポをむさぼる美熟女お掃除フェラ,成熟的女人、口交、合集、已婚婦女、數位馬賽克、顏射、DMM獨家,七海ひさ代、冴島かおり、麻生ゆう、神崎久美、柳朋子、水星有貴、椎名ゆな、さとう遥希、川上ゆう（森野雫）、風間ゆみ、片瀬翔子、伊織涼子、北川エリカ、伊沢美春（伊沢美晴）、周防ゆきこ、阿利希キリア（阿利希カレラ）、藤咲葵（愛川香織）、美原咲子、横山みれい、北条麻妃、有沢実紗、美河さき、中居ちはる、沖ひとみ、南レイ、木村真子、白河雪乃、綾瀬れん、西尾かおり、佐々木恋海（向井恋）、中園貴代美、上原保奈美、矢部寿恵、折原ゆかり、黒木いちか（東条かれん）、愛咲れいら（原千尋）、西野翔、青山優花、紫彩乃、水元ゆうな、中島京子、貝満ひとみ、露木陽子、牧原れい子、AIKA（三浦あいか）、星野あかり、恵けい、中森玲子、澤村レイコ（高坂保奈美、高坂ますみ）、浅井舞香、遥めぐみ、青山菜々、江波りゅう（RYU)、翔田千里、青木りん、芦名未帆（稲森しほり）、岩崎千鶴、鏡麗子、山本美和子、大橋かおり、神山智咲、高月和花、三浦恵理子、七瀬あさ美、天野小雪、神乃いずみ、崎田なな、藤下梨花、森井智恵、志戸まなみ、松嶋友里恵、芹川菜々、冬月みどり、星野来夢、一色まりな、りんか、筒井まりか、高下えりか、春原未来、青木美空、夏目優希、綾瀬みなみ、波木薫、山河ほたる、蜜美あい、佐伯みずほ、青山葵、北川美緒、青山沙希、伊集院茜、知世奏、石黒樹里、汝鳥すみか、大嶋しのぶ、小早川怜子、愛乃ゆな、美泉咲、杉崎杏梨、上原千尋、暮町ゆうこ,https://www.javbus.com/JUSD-501,
SCF-036 指入れオナニー50人8時間,SCF-036 指入れオナニー50人8時間,SCF-036,,2013-07-22,481分鐘,,マルクス兄弟,MARXBrothersco.,,DMM獨家、自慰、局部特寫,あすか光希、朝倉ことみ、杏子ゆう、有村千佳、高島恭子、今村美穂、碧しの（篠めぐみ）、和葉みれい（藤白まき）、大隈恵令奈（大隅恵令奈）、一ノ瀬アメリ（美空あやか、栗栖エリカ）、北条麻妃、雫パイン、末永くみ、舞野まや、神谷りの、高倉舞、石川みずき、JULIA、松下ゆうか（愛乃彩音、藤咲ゆうか）、早乙女ルイ、川上ゆう（森野雫）、ERIKA（モカ、MOKA）、北島玲、早川瀬里奈、一戸のぞみ、結城みさ、七緒果帆、永井みき、倉木みお、森井智恵、山口サトコ、西山真里、桃葉、枢木みかん、小西友梨、並木つかさ、来栖ひなた、小滝みい菜、琥珀うた、風間ゆみ、音羽レオン、西野まお、木咲美琴、篠田ゆう、桐岡さつき、北川瞳、三上香里菜、皆瀬ふう花、浅間アリス（黒川メイサ）、小嶋ジュンナ,https://www.javbus.com/SCF-036,
URE-009 御手洗佑樹原作！！話題の過激電子コミック実写化！！人妻落とし,URE-009 御手洗佑樹原作！！話題の過激電子コミック実写化！！人妻落とし,URE-009,,2013-07-21,358分鐘,きとるね川口,マドンナ,熟れコミ,,成熟的女人、藥物、已婚婦女、數位馬賽克、凌辱、高畫質、出軌、DMM獨家,藤下梨花、筒井まりか、早川なお（柊かえで）、北条麻妃、細川まり、翔田千里,https://www.javbus.com/URE-009,
DAZD-050 10人以上の男に犯される大輪姦凌辱8時間,DAZD-050 10人以上の男に犯される大輪姦凌辱8時間,DAZD-050,,2013-07-21,478分鐘,,ダスッ！,ダスッ！,,強姦、合集、DMM獨家、顏射,さくら姫、弘前亮子、宮坂レイア、朋香めい、桜あやめ、松本まりな、北川瞳、JULIA、RUMIKA、水元ゆうな、小日向みく、哀川りん、愛原さえ、坂野由梨、雨宮琴音、Hitomi（田中瞳）、友田真希、美咲恋、長月ラム、牧原れい子、青木玲、桜りお、双葉まみ、双葉あみ、風間ゆみ、霧島あんな、朝桐光、北川エリカ、石川流花、恵けい、妃乃ひかり、大塚咲（小野沙樹、大滝佐紀）、灘坂舞、鮎川なお、岬リサ、花井メイサ、KYOKO、如月カレン、北条麻妃,https://www.javbus.com/DAZD-050,
CRAD-076 高嶺の花の女教師が乱れてイキまくる至極の9タイトル 4時間,CRAD-076 高嶺の花の女教師が乱れてイキまくる至極の9タイトル 4時間,CRAD-076,,2013-07-14,238分鐘,,クロス,CROSS,,女同性戀、女教師、合集、數位馬賽克、DMM獨家,英里奈、春咲あずみ、北条麻妃、東野愛鈴,https://www.javbus.com/CRAD-076,
YLW-4078 家の近くに居そうな人妻たちのセンズリ鑑賞！,YLW-4078 家の近くに居そうな人妻たちのセンズリ鑑賞！,YLW-4078,,2013-07-05,120分鐘,三島六三郎,MellowMoon,YellowMoon,,成熟的女人、已婚婦女,杉本芙美枝、吉野艶子、沢田珠里、小川奈々、北条麻妃、細川まり、牧野遥、川上ゆう（森野雫）,https://www.javbus.com/YLW-4078,
CADV-405 熟女の営むエステサロン 8時間 Re-MIX SP,CADV-405 熟女の営むエステサロン 8時間 Re-MIX SP,CADV-405,,2013-07-04,479分鐘,,クリスタル映像,CRYSTALEX,熟女の営むエステサロン,成熟的女人、合集、4小時以上作品、美容院、按摩,一条ゆり、鶴見かの香、工藤幸子、松下花梨、みずたまり、滝沢すみれ、真鍋千枝美、霧島ゆかり、結城みさ、北条麻妃、牧野遥、水上きよか、稲森琴、浜田麻衣、岩下みちる、柴波千里,https://www.javbus.com/CADV-405,
RPD-004 練○区大○学園で生活保護をもらいながらブランド品をまとい贅沢に暮らすシングルマザーを犯す！,RPD-004 練○区大○学園で生活保護をもらいながらブランド品をまとい贅沢に暮らすシングルマザーを犯す！,RPD-004,,2013-07-02,180分鐘,あばしり一家,グローバルメディアエンタテインメント,RAPE（グローバルメディアエンタテインメント）,レイプ（グローバルメディア）,成熟的女人、強姦、已婚婦女、纪录片、數位馬賽克、中出、高畫質,平山こずえ、北条麻妃、松浦ユキ、翔田千里,https://www.javbus.com/RPD-004_2013-07-02,
SCOP-146 人気人妻デリ嬢にはワケがある！！本番禁止といわれても土下座で真剣にお願いすれば、押しに負けて生ハメ、中出しまで許してしまう！！,SCOP-146 人気人妻デリ嬢にはワケがある！！本番禁止といわれても土下座で真剣にお願いすれば、押しに負けて生ハメ、中出しまで許してしまう！！,SCOP-146,,2013-06-28,241分鐘,麻生誠次,スクープ,SCOOP（スクープ）,,妓女、已婚婦女、中出、巨乳,大田ゆりか、音羽レオン、北条麻妃,https://www.javbus.com/SCOP-146,
MCSR-094 中出し人妻不倫旅行 淫爛旅情 4時間,MCSR-094 中出し人妻不倫旅行 淫爛旅情 4時間,MCSR-094,,2013-06-25,241分鐘,武新,ビッグモーカル,マスカット,中出し人妻不倫旅行,合集、已婚婦女、通姦、中出、4小時以上作品、高畫質,島谷愛、すずきりりか、真木今日子、北条麻妃,https://www.javbus.com/MCSR-094,
JUSD-491 2012年マドンナ全313タイトル12時間,JUSD-491 2012年マドンナ全313タイトル12時間,JUSD-491,,2013-06-22,718分鐘,,マドンナ,Madonna,○○年マドンナ全タイトル,成熟的女人、母親、合集、已婚婦女、數位馬賽克、DMM獨家,冬月みどり、新澤久美子、麻生まり子、庵叶和子、彩美ルリ子、天野小雪、椎名ゆな、さとう遥希、羽月希、成瀬心美（ここみ）、岩佐あゆみ、真木今日子、矢部寿恵、黒谷りょうこ、里崎あかね、中居ちはる、椎名ひかる、伊織涼子、結城みさ、北川エリカ、藤咲葵（愛川香織）、春日もも、沢村麻耶、北条麻妃、今井ひろの、有沢実紗、折原ゆかり、和久井もも、愛原さえ、大月まゆか、柴咲ゆうり、愛田奈々、南レイ、小島優花、みなせ優夏、平和島結希、藤沢芳恵、宮瀬リコ、辻井美穂、綾瀬れん、石倉えいみ、西尾かおり、秋野千尋、佐々木恋海（向井恋）、中園貴代美、黒木いちか（東条かれん）、麻生早苗、佐藤みき（佐藤美紀、鈴木志帆）、牧原れい子、加山なつこ、波多野結衣、青木玲、小池絵美子、水元ゆうな、宇佐美奈々、貝満ひとみ、志保、露木陽子、笠木忍、岩崎千鶴、鏡麗子、AIKA（三浦あいか）、沢口みき、風間ゆみ、西野翔、当真ゆき（桜井マミ）、中森玲子、澤村レイコ（高坂保奈美、高坂ますみ）、森ななこ、艶堂しほり（遠藤しおり）、あいぶらん（蜜井とわ）、川上ゆう（森野雫）、かすみりさ、浅井舞香、遥めぐみ、青山菜々、翔田千里、青木りん、芦名未帆（稲森しほり）、村上涼子（中村りかこ、黒木菜穂）、星野あかり、愛咲れいら（原千尋）、夢野まりあ、伊集院茜、竹川綾、原望美、山本美和子、松嶋友里恵、神乃いずみ、崎田なな、藤下梨花、りんか、高橋アリサ、筒井まりか、石黒樹里、持田夏樹、汝鳥すみか、大嶋しのぶ、小早川怜子、愛乃ゆな、杉崎杏梨、七瀬あさ美、吉永静子、神山智咲、芹川菜々、神崎久美、一色まりな、千紘真奈美、木原としみ、志戸まなみ、森井智恵、白木優子、東早紀、美泉咲、柳朋子、羽賀そら美、高嶋美鈴、本庄瞳、有奈めぐみ、杜山ゆりか、北川みなみ、夏目優希、綾瀬みなみ、有村さなえ、波木薫、白鳥寿美礼、山河ほたる、愛花沙也、山城みずほ、北川亜矢、結城恵華、黒沢那智、高梨あゆみ、吉乃ほのか、琴星さゆり、富樫まり子、上原千尋、名城翠、菊川亜美、暮町ゆうこ、青山葵、二宮凛、知世奏、高樹結奈、北川美緒、高下えりか、君野ありさ、青木美空、早瀬和香、青山沙希、初美沙希,https://www.javbus.com/JUSD-491,
BIB-075 荒淫美ッ痴ハメ狂い大乱交スペシャル8時間2,BIB-075 荒淫美ッ痴ハメ狂い大乱交スペシャル8時間2,BIB-075,,2013-06-22,478分鐘,,美,美,荒淫美ッ痴ハメ狂い大乱交スペシャル,蕩婦、濫交、淫語、DMM獨家,小早川怜子、星野あかり、波多野結衣、結城みさ、北条麻妃、乃亜（鳥越乃亜）、水元ゆうな、愛咲れいら（原千尋）,https://www.javbus.com/BIB-075,
JUSD-492 スレンダー熟女 腰砕けハードFUCK 8時間～いくつになっても衰えないスタイルと性欲～,JUSD-492 スレンダー熟女 腰砕けハードFUCK 8時間～いくつになっても衰えないスタイルと性欲～,JUSD-492,,2013-06-22,478分鐘,,マドンナ,Madonna,,成熟的女人、苗條、母親、合集、已婚婦女、數位馬賽克、DMM獨家,本庄瞳、西尾かおり、宮瀬リコ、岩佐あゆみ、石倉えいみ、相馬亜由花、結城みさ、艶堂しほり（遠藤しおり）、北条麻妃、愛咲れいら（原千尋）、蜜美あい、夏目優希、高梨あゆみ、青木美空、北川美緒、二宮凛、神山智咲、矢部寿恵、黒谷りょうこ、雨宮真貴、松本まりな、牧原れい子、長谷川美紅、青木玲、春咲あずみ、かすみりさ、芹沢恋、澤村レイコ（高坂保奈美、高坂ますみ）、有沢実紗、井川ゆい、藤咲葵（愛川香織）、阿利希キリア（阿利希カレラ）、愛澄玲花、柳朋子,https://www.javbus.com/JUSD-492,
KDMI-015 狂一監督・歴代売上げベスト5作品集,KDMI-015 狂一監督・歴代売上げベスト5作品集,KDMI-015,,2013-06-16,240分鐘,狂一,ミル,ミル,,身體意識、合集、連褲襪、屁股、戀腿癖、DMM獨家,寺川愛、仲咲千春、水嶋あずみ、一戸のぞみ、北条麻妃,https://www.javbus.com/KDMI-015,
ANHD-024 潮吹き噴射しても気持ち良すぎて絶頂が止まらないレズビアン8時間,ANHD-024 潮吹き噴射しても気持ち良すぎて絶頂が止まらないレズビアン8時間,ANHD-024,,2013-06-15,478分鐘,,アンナと花子,アンナと花子,,女同性戀、潮吹、合集、DMM獨家,大橋くる実、まりか、大槻ひびき、水澤まお（永沢まおみ）、琥珀うた、鈴音りおな、内田美奈子、一戸のぞみ、北条麻妃、桐島ひかり、前田陽菜、愛原さえ、さとう遥希、鷹宮りょう、広瀬奈々美（堀口奈津美）、川上ゆう（森野雫）、風間ゆみ、成島りゅう、霧島あんな、乃亜（鳥越乃亜）、新井エリー（晶エリー、大沢佑香）、米倉真央、今野梨乃、大塚咲（小野沙樹、大滝佐紀）、夏川亜咲、朝桐光,https://www.javbus.com/ANHD-024,
TYWD-042 潮吹きは派手なほうがいいに決まってる。淫乱トランス大噴水125連発,TYWD-042 潮吹きは派手なほうがいいに決まってる。淫乱トランス大噴水125連発,TYWD-042,,2013-06-15,238分鐘,,乱丸,乱丸,,潮吹、合集、花癡、數位馬賽克、DMM獨家,井川ゆい、さとう遥希、愛音ゆり、ましろ杏、RUMIKA、諸星セイラ（百瀬涼）、成瀬心美（ここみ）、星崎アンリ、つぼみ、愛咲れいら（原千尋）、相原れな（三浦加奈、篠原リョウ）、碧しの（篠めぐみ）、妃悠愛（長澤杏奈、水原里香、木崎祐子）、泉麻那、希内あんな、大槻ひびき、紗奈、須真杏里（須真杏理）、一戸のぞみ、長澤あずさ、佐田あゆみ、岡山涼花、女池さゆり、鈴木ミント、有沢実紗、北条麻妃、まりか、大沢美加（廣田まりこ）、村西まりな、水澤まお（永沢まおみ）、希咲エマ（HARUKI、加藤はる希）、悠月舞、水沢杏香、木島るみ、山本美和子、さくら悠、木村つな、知世奏、西野まお、雛丸、愛原さえ、瀬奈涼、結城みさ、鈴音りおな、水咲カレン、COCONA（ココナ）、桐岡さつき、霜月るな、北川瞳、櫻井ともか、音丸、風間ゆみ、葉月奈穂（葉月菜穂）、青木りん、翔田千里、Marin.、早川瀬里奈、青山菜々、水野美香、水城奈緒、柳田やよい、新井エリー（晶エリー、大沢佑香）、芦名未帆（稲森しほり）、北田優歩、友田真希、青木玲、西野翔、田中梨子、星野あかり、@YOU、雪野ひかる、村上涼子（中村りかこ、黒木菜穂）、妃乃ひかり、星優乃、浜崎りお（森下えりか、篠原絵梨香）、雪見紗弥、一ノ瀬あきら、艶堂しほり（遠藤しおり）、樹花凜（七咲楓花）、KYOKO、平井綾、澤村レイコ（高坂保奈美、高坂ますみ）、鷹宮りょう、あのあるる、eco、広瀬奈々美（堀口奈津美）、花井メイサ、早乙女ルイ、麗花、香椎杏子、田中亜弥、村上里沙、はるか悠、前乃さとみ、ERIKA（モカ、MOKA）、川上ゆう（森野雫）、東野愛鈴、橘ミオン（石川鈴華）,https://www.javbus.com/TYWD-042,
REAL-463 Mr.ダンディのありえないくらい濃厚な一発大量顔射30人4時間,REAL-463 Mr.ダンディのありえないくらい濃厚な一発大量顔射30人4時間,REAL-463,,2013-06-14,236分鐘,中山A太郎,レアルワークス,REAL（レアルワークス）,,美少女、主觀視角、顏射,神咲詩織、木下若菜、椎名ゆな、波多野結衣、絵色千佳、結城みさ、桜りお、みづなれい（みずなれい）、北条麻妃、川上ゆう（森野雫）,https://www.javbus.com/REAL-463,
MIBD-735 1年365通りの日替わり中出し16時間,MIBD-735 1年365通りの日替わり中出し16時間,MIBD-735,,2013-06-09,958分鐘,,ムーディーズ,MOODYZBest,1年365通りの日替わり○○,合集、乳房、中出、4小時以上作品、DMM獨家,二宮沙樹、美月、葵ちひろ、Hitomi（田中瞳）、里美ゆりあ、大橋未久、青空小夏、浅乃ハルミ、星崎アンリ、北条麻妃、美浦秋、岬リサ、中居みゆ、真琴、千堂ゆりあ、橘れもん、宮嶋かれん、美澄れな、MARIMO、花井メイサ、七瀬ジュリア、早紀歩、くるみひな、逢沢なお（青山れあ）、KYOKO、愛実（秋川ルイ）、艶堂しほり（遠藤しおり）、桜みみ、広瀬奈々美（堀口奈津美）、常盤りん、美咲、君野ゆめ、花宮あみ、今野梨乃、竹内あい、むらさき真珠、若宮莉那、青山菜々、佐藤江梨花、早川瀬里奈、紺野りさ子、RiRi、川愛加奈、桜子、神楽メイ、浜崎りお（森下えりか、篠原絵梨香）、松田亜美、青木りん、麗花、香坂杏奈、渚、あのあるる、宮地由梨香、あずみ恋、羽月希、若葉くるみ、大沢美加（廣田まりこ）、まりか、菅野さゆき、中山エリス、鈴木きあら（美空あいり）、青山ローラ、前田優希、ありさ（中野ありさ）、木村つな、芹沢つむぎ、河合こころ、石川流花、平子知歌、葵まりあ、里美理恵、初芽里奈、白石美咲、松すみれ、杏堂なつ（榊れいな）、亜梨、彩月あかり（岩佐めい）、小峰ひなた、うるるまみ（風吹かのん）、Alice（鈴木ありす）、長澤あずさ、水森れん、一戸のぞみ、杉崎りか、愛あいり、桃野なごみ、美咲恋、横山みれい、あゆむ、さくら結衣、瀬織さら,https://www.javbus.com/MIBD-735,
ALD-630 「2日連続で犯される！」…噂のチンポスラム街はあった！！ 口コミで人気のオイルサロンで犯され、翌日には鬼畜じじい達に中出しされた被害女性6人,ALD-630 「2日連続で犯される！」…噂のチンポスラム街はあった！！ 口コミで人気のオイルサロンで犯され、翌日には鬼畜じじい達に中出しされた被害女性6人,ALD-630,,2013-06-07,243分鐘,,桃太郎映像出版,ALLIN☆ONE,,企畫、強姦、潮吹、中出、DMM獨家,星野あかり、荒木ありさ（月島うさぎ）、雨宮琴音、水沢真樹、琥珀うた、北条麻妃,https://www.javbus.com/ALD-630,
ALD-627 メガチンポ生イラマ！50人,ALD-627 メガチンポ生イラマ！50人,ALD-627,,2013-06-07,242分鐘,,桃太郎映像出版,ALLIN☆ONE,,口交、深喉、凌辱、DMM獨家,山下真那、ありさ（中野ありさ）、鈴香音色、Arisu（鈴木ありす）、榊なち、佐々木恋海（向井恋）、ましろ杏、北条麻妃、村上涼子（中村りかこ、黒木菜穂）、水元ゆうな、Alice（鈴木ありす）、国見奈々、中森玲子、春風えみ、松下ゆうか（愛乃彩音、藤咲ゆうか）、優木夏、藤宮櫻花（眞雪ゆん）、新井エリー（晶エリー、大沢佑香）、辻本りょう、加藤ツバキ（夏樹カオル）、柳田やよい、花木あのん、早乙女ルイ、水野洋子、澤村レイコ（高坂保奈美、高坂ますみ）、さとう遥希、AYAKA、一色まりな、今井乃愛、有馬ひかり、愛乃ゆな、美泉咲、香坂澪、有沢りさ、甲斐ミハル、橘なお（上原海里）、椎名ゆな、持田茜（しじみ）、風間ゆみ、結城みさ、管野しずか、村西まりな、立花みずき、横山みれい、星崎アンリ、橘エレナ、小西友梨,https://www.javbus.com/ALD-627,
HMJM-012 美熟女スーパースター列伝 6時間,HMJM-012 美熟女スーパースター列伝 6時間,HMJM-012,,2013-05-23,361分鐘,タートル今田,HMJM,HMJM,○○のすべて,成熟的女人、合集、4小時以上作品、巨乳,浅倉彩音、北条麻妃、村上涼子（中村りかこ、黒木菜穂）、風間ゆみ,https://www.javbus.com/HMJM-012,
HMJM-011 SEX by HMJM ハマジムベスト09 6時間,HMJM-011 SEX by HMJM ハマジムベスト09 6時間,HMJM-011,,2013-05-23,359分鐘,カンパニー松尾,HMJM,HMJM,SEXbyHMJMハマジムベスト,合集、4小時以上作品、顏射、巨乳,MARIA、小嶋ゆうか、木村つな、伊集院茜、原望美、一ノ瀬ルカ、長澤あずさ、小倉ゆず、さとう遥希、北条麻妃、一ノ瀬アメリ（美空あやか、栗栖エリカ）、浜崎りお（森下えりか、篠原絵梨香）、坂上ゆあ,https://www.javbus.com/HMJM-011,
IGUB-001 極エロ女神の淫語誘惑BEST Vol.1,IGUB-001 極エロ女神の淫語誘惑BEST Vol.1,IGUB-001,,2013-05-20,248分鐘,,AVScollector’s,AVSCollector’s,極エロ女神の淫語誘惑,蕩婦、成熟的女人、其他戀物癖、合集、淫語、DMM獨家,羽月希、水嶋あずみ、北条麻妃、川上ゆう（森野雫）、風間ゆみ,https://www.javbus.com/IGUB-001,
AVSP-003 渡辺琢斗大図鑑 8時間 Premium Best,AVSP-003 渡辺琢斗大図鑑 8時間 Premium Best,AVSP-003,,2013-05-20,480分鐘,渡辺琢斗,AVScollector’s,AVS,渡辺琢斗大図鑑,其他戀物癖、合集、連褲襪、主觀視角、DMM獨家,朝比奈瑠依、春樹レイ、中森玲子、川瀬さやか、ひなのりく、艶堂しほり（遠藤しおり）、北条麻妃、綾女、松下ゆうか（愛乃彩音、藤咲ゆうか）、村上涼子（中村りかこ、黒木菜穂）、梨杏（江住梨杏）、結城みさ、真咲南朋（楓モモ、安藤なつ妃）、加藤なお、あいぶらん（蜜井とわ）、七瀬ゆい（羽田未来）、川上ゆう（森野雫）、水嶋あずみ、森ななこ、星野かすみ、間宮志乃、羽月希、流川純、浜崎りお（森下えりか、篠原絵梨香）、細川まり、浅井舞香、秋月彩乃、佐伯奈々、秋本由香里、樋口冴子（桐島千沙）、青山亜里沙、志村玲子、星優乃、澤よし乃、黒木麻衣（花野真衣、SHIHO）、風間ゆみ、北島玲、三咲エリナ、高倉梨奈、葉月奈穂（葉月菜穂）、大石もえ、桜沢まひる、若宮莉那、つゆの優,https://www.javbus.com/AVSP-003,
BIB-074 綺麗なお姉さんの淫らな腰振りで犯されたい！8時間,BIB-074 綺麗なお姉さんの淫らな腰振りで犯されたい！8時間,BIB-074,,2013-05-19,478分鐘,,美,美,,蕩婦、合集、女上位、DMM獨家,藤本悠麻、花柄ことり、辻愛菜、美咲うらん、愛沢有紗、蓮実クレア、小早川怜子、たなか唯、西條るり、鈴音りおな、元山はるか、初美沙希、春原未来、青木美空、大島あいる、綾瀬みなみ、白川ゆかり、悠月舞、結城みさ、大石美咲、AIKA、坂野由梨、さとう遥希、優木まみ、桐谷ユリア、有村千佳、ゆうきさやか、椎名ひかる、JULIA、緋咲アンナ、さくら悠、あすか光希、川上ゆう（森野雫）、村西まりな、阿利希キリア（阿利希カレラ）、みずほゆき、瑠菜（安西瑠菜、RUNA）、井川ゆい、横山みれい、北条麻妃、伊東美姫、里美ゆりあ、上原カエラ、森ななこ、KYOKO、ERIKA（モカ、MOKA）、大橋未久、風間ゆみ、北川エリカ、長谷川聖那、真田春香、浜崎りお（森下えりか、篠原絵梨香）、村上涼子（中村りかこ、黒木菜穂）、西野翔、滝沢優奈、乃亜（鳥越乃亜）、松嶋れいな、如月カレン、青木玲、水元ゆうな、志保、笠木忍,https://www.javbus.com/BIB-074,
JUSD-487 淫乱熟女レズビアンの無限イカセ8時間,JUSD-487 淫乱熟女レズビアンの無限イカセ8時間,JUSD-487,,2013-05-19,478分鐘,,マドンナ,Madonna,,成熟的女人、女同性戀、野外・露出、合集、花癡、數位馬賽克、4小時以上作品、女同接吻、DMM獨家,高下えりか、早瀬和香、愛田奈々、秋野千尋、青木美空、内田美奈子、北条麻妃、翔田千里、愛咲れいら（原千尋）、風間ゆみ、青山沙希、横山みれい、柳田やよい、青木りん、村上涼子（中村りかこ、黒木菜穂）、当真ゆき（桜井マミ）、志保、夢野まりあ、牧原れい子、松本まりな、初美沙希,https://www.javbus.com/JUSD-487,
ALD-626 発射3分前からの絶頂！！！NON STOP美熟女中出し50人,ALD-626 発射3分前からの絶頂！！！NON STOP美熟女中出し50人,ALD-626,,2013-05-04,244分鐘,,桃太郎映像出版,ALLIN☆ONE,発射3分前からの絶頂！！！,成熟的女人、已婚婦女、寡婦、中出、DMM獨家,春風えみ、加山なつこ、佐々木恋海（向井恋）、北条麻妃、澤村レイコ（高坂保奈美、高坂ますみ）、松浦ユキ、加藤ツバキ（夏樹カオル）、松下ゆうか（愛乃彩音、藤咲ゆうか）、芦名未帆（稲森しほり）、川上ゆう（森野雫）、七瀬みれい、辻本りょう、水野洋子、長澤リカ、風間ゆみ、村上涼子（中村りかこ、黒木菜穂）、森下さやか、中森玲子、優木夏、紫彩乃、nao.（小池ひとみ）、水元ゆうな、甘衣かおり、佐々木涼、藤宮櫻花（眞雪ゆん）、よしい美希（伊沢涼子、吉井美希）、立花みずき、榊なち、愛乃ゆな、国見奈々、藤咲沙耶、有沢りさ、美山蘭子、結城みさ、早坂麻衣、管野しずか、彩佳リリス（藤崎クロエ）、佐伯春菜、星野あかり、香坂澪、椎名ゆな、水沢真樹、春樹レイ、深田梨菜（深田梨奈）、桐島冴子、浅倉彩音、佐藤みき（佐藤美紀、鈴木志帆）、安西カルラ、横山みれい,https://www.javbus.com/ALD-626,
QXL-95 RUBY厳選！ 旅先で息子が触れる母の温もり… 母子交尾コレクション4時間 Vol.3,QXL-95 RUBY厳選！ 旅先で息子が触れる母の温もり… 母子交尾コレクション4時間 Vol.3,QXL-95,,2013-04-25,240分鐘,焚魔,ルビー,RUBY,母子交尾,成熟的女人、母親、合集、亂倫、4小時以上作品,白河雪乃、荒木瞳、彩月かおる、加山なつこ、矢部寿恵、沢村麻耶、北条麻妃、柳田やよい、川上ゆう（森野雫）、風間ゆみ,https://www.javbus.com/QXL-95,
DPH-114 非日常的悶絶コレクション 第十集,DPH-114 非日常的悶絶コレクション 第十集,DPH-114,,2013-04-21,253分鐘,渡辺琢斗,AVScollector’s,PHANTOM夢,非日常的悶絶遊戯,其他戀物癖、合集、連褲襪、主觀視角、DMM獨家,藤原絵理香、橘慶子、三咲恭子、北条美里、北条麻妃、澤村レイコ（高坂保奈美、高坂ますみ）、葉月奈穂（葉月菜穂）、細川まり、黒木麻衣（花野真衣、SHIHO）、村上涼子（中村りかこ、黒木菜穂）,https://www.javbus.com/DPH-114,
ARM-252 マッサージで感じちゃった僕。 その10,ARM-252 マッサージで感じちゃった僕。 その10,ARM-252,,2013-04-20,121分鐘,鷲本ひろし,アロマ企画,AROMA,○○ちゃった僕,妄想、按摩、高畫質、DMM獨家、打手槍,近藤綾奈、友田彩也香、北条麻妃、広瀬奈々美（堀口奈津美）,https://www.javbus.com/ARM-252,
BIB-072 美2012年下半期総集編8時間,BIB-072 美2012年下半期総集編8時間,BIB-072,,2013-04-20,478分鐘,,美,美,美○半期総集編,蕩婦、合集、DMM獨家,美咲うらん、愛沢有紗、蓮実クレア、たなか唯、波多野結衣、結城みさ、村上涼子（中村りかこ、黒木菜穂）、川上ゆう（森野雫）、愛咲れいら（原千尋）、風間ゆみ、北条麻妃、辻愛菜、元山はるか、小早川怜子、春原未来、青木美空、一ノ瀬ルカ、大島あいる、綾瀬みなみ、さくら悠、初見果梨奈（星野みかん）、椎名ゆな,https://www.javbus.com/BIB-072,
JUSD-481 美熟女の物凄く下品なフェラ 花ビラ50回転8時間,JUSD-481 美熟女の物凄く下品なフェラ 花ビラ50回転8時間,JUSD-481,,2013-04-20,478分鐘,,マドンナ,Madonna,,蕩婦、成熟的女人、口交、合集、已婚婦女、數位馬賽克、4小時以上作品、DMM獨家,真田春香、浅井舞香、さとう遥希、澤村レイコ（高坂保奈美、高坂ますみ）、柳田やよい、浜崎りお（森下えりか、篠原絵梨香）、樋口冴子（桐島千沙）、翔田千里、村上涼子（中村りかこ、黒木菜穂）、川上ゆう（森野雫）、長谷川美紅、水元ゆうな、鏡麗子、岩崎千鶴、貝満ひとみ、北条麻妃、牧原れい子、中森玲子、一色まりな、西野翔、森ななこ、星野あかり、山口玲子、有沢実紗、風間ゆみ、佐藤みき（佐藤美紀、鈴木志帆）、横山みれい、柳朋子、七瀬あさ美、天野小雪、愛乃ゆな、暮町ゆうこ、青山葵、北川美緒、高下えりか、青木美空、高嶋美鈴、夏目優希、白木優子、平和島結希、愛原さえ、伊島香織、音和礼子、優木明日花、桐岡さつき、伊織涼子、結城みさ、阿利希キリア（阿利希カレラ）、岩佐あゆみ,https://www.javbus.com/JUSD-481,
LIA-009 四六時中クンニリングス 01,LIA-009 四六時中クンニリングス 01,LIA-009,,2013-04-20,111分鐘,,プールクラブ・エンタテインメント,Philia,,野外・露出、制服、舔陰、蘿莉塔,塚本アンナ、愛代さやか、ありさ（中野ありさ）、大城かえで、北条麻妃,https://www.javbus.com/LIA-009,
PSI-239 熟女野外羞恥 恥辱に酔う30人の熟女たち 6時間,PSI-239 熟女野外羞恥 恥辱に酔う30人の熟女たち 6時間,PSI-239,,2013-04-20,360分鐘,桜庭九心男,プールクラブ・エンタテインメント,PASSION（プールクラブ）,,成熟的女人、野外・露出、羞恥、4小時以上作品,寺島志保、櫻井夕樹、松下美香、桐岡さつき、管野しずか、北条麻妃、生田沙織、翔田千里、笠木忍、風間ゆみ、黒木唯香、新尾きり子,https://www.javbus.com/PSI-239,
MAMA-331 浮気妻はスゴ淫です 9,MAMA-331 浮気妻はスゴ淫です 9,MAMA-331,,2013-04-18,127分鐘,ジャンク斉藤,クリスタル映像,MADAMMANIAC,浮気妻はスゴ淫です,成熟的女人、已婚婦女、多P、通姦、高畫質,丸山紫乃、元木綾子、戸田優子、青山京香、北条麻妃,https://www.javbus.com/MAMA-331,
SCF-022 キモメンに犯される33人の美女 8時間,SCF-022 キモメンに犯される33人の美女 8時間,SCF-022,,2013-04-08,478分鐘,,マルクス兄弟,MARXBrothersco.,,強姦、多P、凌辱、中出、DMM獨家,北原夏美、水城奈緒、村上里沙、伊藤青葉、小日向しおり、北島玲、加藤ツバキ（夏樹カオル）、浜崎りお（森下えりか、篠原絵梨香）、新井エリー（晶エリー、大沢佑香）、風間ゆみ、早川瀬里奈、妃乃ひかり、村上涼子（中村りかこ、黒木菜穂）、黒木麻衣（花野真衣、SHIHO）、佐伯奈々、ERIKA（モカ、MOKA）、川上ゆう（森野雫）、宇佐美なな、今村美穂、大沢美加（廣田まりこ）、雫パイン、碧しの（篠めぐみ）、北条麻妃、須真杏里（須真杏理）、吉沢みなみ、中森玲子、浅田ちち、広瀬奈々美（堀口奈津美）、平山こずえ,https://www.javbus.com/SCF-022,
MBYD-157 下着をつけたままで貪る人妻のヤラしい性交8時間,MBYD-157 下着をつけたままで貪る人妻のヤラしい性交8時間,MBYD-157,,2013-04-07,478分鐘,,溜池ゴロー,溜池ゴロー,,合集、已婚婦女、數位馬賽克、DMM獨家,かすみりさ、星野あかり、森ななこ、中森玲子、艶堂しほり（遠藤しおり）、佐藤みき（佐藤美紀、鈴木志帆）、北条麻妃、澤村レイコ（高坂保奈美、高坂ますみ）、広瀬奈々美（堀口奈津美）、川上ゆう（森野雫）、倉木さゆり、山見ゆな、川嶋菜緒、西尾かおり、宮瀬リコ、長谷枝里香、島谷愛、音無かおり、石田れいな、雨宮真貴、香坂めぐ、桐岡さつき、横山みれい、白川ゆり、新尾きり子、早見るり、華山美玲、立花みずき、森山杏菜（森山杏奈）、黒木麻衣（花野真衣、SHIHO）、村上涼子（中村りかこ、黒木菜穂）、芦名未帆（稲森しほり）、桜みちる、有沢実紗、夢野まりあ、河合律子、光月涼子、杉山あゆみ、内田桃子（藤原多恵）、真白希実、橘エレナ、四季彩乃、吉岡奈々子、風間ゆみ、翔田千里、水城奈緒、大塚咲（小野沙樹、大滝佐紀）、柳田やよい、樋口冴子（桐島千沙）,https://www.javbus.com/MBYD-157,
RCT-483 電流アクメ ～勃起クリトリス電極責め～ 10時間全作品集,RCT-483 電流アクメ ～勃起クリトリス電極責め～ 10時間全作品集,RCT-483,,2013-04-07,609分鐘,,ROCKET,ROCKET,電流アクメ,潮吹、合集、4小時以上作品、女優按摩棒、高畫質,吉田遼子、山本美和子、木下若菜、桃咲まなみ、音羽レオン、長澤あずさ、北川瞳、雪見紗弥、小坂めぐる、浜崎りお（森下えりか、篠原絵梨香）、水城奈緒、北条麻妃、恵けい,https://www.javbus.com/RCT-483,
JUSD-477 美熟女ソープ壺姫御殿 極上泡姫総集編8時間,JUSD-477 美熟女ソープ壺姫御殿 極上泡姫総集編8時間,JUSD-477,,2013-04-04,478分鐘,,マドンナ,Madonna,美熟女ソープ壺姫御殿,成熟的女人、合集、妓女、各種職業、數位馬賽克、巨乳、DMM獨家,愛乃ゆな、青山葵、愛田奈々、結城みさ、北条麻妃、澤村レイコ（高坂保奈美、高坂ますみ）,https://www.javbus.com/JUSD-477,
FAJS-010 浮気がしたい人妻たち,FAJS-010 浮気がしたい人妻たち,FAJS-010,,2013-03-29,102分鐘,赤羽菊次郎,FAプロ・プラチナ,FAプロ熟女,,成熟的女人、女醫生、已婚婦女、通姦、戲劇、DMM獨家,水嶋あい、北条麻妃、倖田李梨（倖田美梨、岩下美季）,https://www.javbus.com/FAJS-010,
BIB-070 働くお姉さんにイカされたい8時間,BIB-070 働くお姉さんにイカされたい8時間,BIB-070,,2013-03-17,478分鐘,,美,美,,蕩婦、合集、各種職業、DMM獨家,蓮実クレア、桐谷ユリア、杏堂なつ（榊れいな）、夏樹あい、杉原桃花、かすみりさ、松生彩、里美ゆりあ、紗奈、成瀬心美（ここみ）、瀬名アスカ、浅乃ハルミ、北条麻妃、水元ゆうな、如月カレン、真田春香、西野翔、滝沢優奈、あゆむ、小桜沙樹、小野紗里奈、みずほゆき、魅麗、緋咲アンナ、椎名ひかる、ゆうきさやか、北川瞳、水澤まお（永沢まおみ）、白川ゆかり、松嶋れいな,https://www.javbus.com/BIB-070,
TYWD-039 女がガムシャラに腰を振る淫乱熱情SEX82連発4時間,TYWD-039 女がガムシャラに腰を振る淫乱熱情SEX82連発4時間,TYWD-039,,2013-03-14,238分鐘,,乱丸,乱丸,,合集、數位馬賽克、女上位、DMM獨家,花井メイサ、真田春香、麗花、結城みさ、雪見紗弥、成瀬心美（ここみ）、東野愛鈴、つぼみ、鮎川なお、川上ゆう（森野雫）、鷹宮りょう、北条麻妃、希内あんな、友田真希、笠木忍、水元ゆうな、平井綾、有沢実紗、風間ゆみ、Hitomi（田中瞳）、岡山涼花、ひなのりく、倉科さやか、佐田あゆみ、長澤あずさ、須真杏里（須真杏理）、あのあるる、森ななこ、樹花凜（七咲楓花）、水野美香、広瀬奈々美（堀口奈津美）、艶堂しほり（遠藤しおり）、浜崎りお（森下えりか、篠原絵梨香）、星優乃、芦名未帆（稲森しほり）、葉月奈穂（葉月菜穂）、翔田千里、Marin.、早川瀬里奈、新井エリー（晶エリー、大沢佑香）、春咲あずみ、諸星セイラ（百瀬涼）、田中梨子、愛咲れいら（原千尋）、星野あかり、櫻井ゆうこ、@YOU、村上涼子（中村りかこ、黒木菜穂）、妃乃ひかり、雛丸、西野翔、乃亜（鳥越乃亜）、水澤まお（永沢まおみ）、悠月舞、水沢杏香、木島るみ、山本美和子、木村つな、小早川怜子、音丸、櫻井ともか、北川瞳、ましろ杏、村西まりな、水咲カレン、COCONA（ココナ）、桐岡さつき、仁科百華、美神あおい、北田優歩、nao.（小池ひとみ）、大沢美加（廣田まりこ）、泉麻那、佐倉美佐、RUMIKA、松すみれ、愛音ゆり、井川ゆい、相原れな（三浦加奈、篠原リョウ）、碧しの（篠めぐみ）、妃悠愛（長澤杏奈、水原里香、木崎祐子）、澤村レイコ（高坂保奈美、高坂ますみ）,https://www.javbus.com/TYWD-039,
SCF-018 もの凄い淫乱痴女30人4時間,SCF-018 もの凄い淫乱痴女30人4時間,SCF-018,,2013-03-09,240分鐘,,マルクス兄弟,MARXBrothersco.,,蕩婦、乳交、中出、DMM獨家、打手槍,浅間アリス（黒川メイサ）、小咲みお、矢吹杏、内田真由、美島涼、結城みさ、管野しずか、広瀬奈々美（堀口奈津美）、新井エリー（晶エリー、大沢佑香）、風間ゆみ、大城美咲、諸星セイラ（百瀬涼）、北条麻妃、浅乃ハルミ、牧野かおる、成瀬心美（ここみ）、香坂美優、紗奈、吉沢みなみ、澤村レイコ（高坂保奈美、高坂ますみ）、一ノ瀬あきら、松嶋侑里、早川瀬里奈、青木りん、星野あかり、黒木麻衣（花野真衣、SHIHO）、佐伯奈々、黒木アリサ、水沢真樹、平山こずえ,https://www.javbus.com/SCF-018,
MAMA-324 熟女の営むエステサロン 8 絶対あるある裏メニュー,MAMA-324 熟女の営むエステサロン 8 絶対あるある裏メニュー,MAMA-324,,2013-03-08,151分鐘,大田ケンイチ,クリスタル映像,MADAMMANIAC,熟女の営むエステサロン,成熟的女人、美容院、高畫質、巨乳,松下花梨、みずたまり、真鍋千枝美、北条麻妃,https://www.javbus.com/MAMA-324,
MBYD-156 絶頂寸前の最高に気持ちのいい激ピストン8時間,MBYD-156 絶頂寸前の最高に気持ちのいい激ピストン8時間,MBYD-156,,2013-03-08,478分鐘,,溜池ゴロー,溜池ゴロー,,成熟的女人、合集、已婚婦女、數位馬賽克、出軌、DMM獨家,杏美月、江波りゅう（RYU)、竹内紗里奈、松本まりな、森ななこ、JULIA、紗奈、北条麻妃、浜崎りお（森下えりか、篠原絵梨香）、愛咲れいら（原千尋）、浅倉彩音、葉月奈穂（葉月菜穂）、佐々木恋海（向井恋）、西尾かおり、音無かおり、美泉咲、朝霧メイサ、三井ゆかり、杉本みわ、星野あかり、折原ゆかり,https://www.javbus.com/MBYD-156,
QXL-91 RUBY厳選！親友の母コレクション4時間 Vol.2,QXL-91 RUBY厳選！親友の母コレクション4時間 Vol.2,QXL-91,,2013-03-07,239分鐘,CHIKABUN,ルビー,RUBY,親友の母（ルビー）,成熟的女人、合集、已婚婦女、4小時以上作品,彩美ルリ子、岩下愛、藤下梨花、桐島秋子、伊織涼子、北条麻妃、野宮凛子、里中亜矢子、紫彩乃、風間ゆみ,https://www.javbus.com/QXL-91,
RCT-475 衝撃！男の頭までスッポリ入るメガマ○コ スカルファック10時間全作品集,RCT-475 衝撃！男の頭までスッポリ入るメガマ○コ スカルファック10時間全作品集,RCT-475,,2013-03-07,600分鐘,,ROCKET,ROCKET,衝撃！男の頭までスッポリ入るメガマ○コ,潮吹、合集、拳交、4小時以上作品、高畫質、肛交,吉田遼子、さとう遥希、真白希実、浅乃ハルミ、水嶋あずみ、管野しずか、一戸のぞみ、北条麻妃、佐伯奈々、浜崎りお（森下えりか、篠原絵梨香）,https://www.javbus.com/RCT-475,
MZQ-005 熟女突撃隊！8時間,MZQ-005 熟女突撃隊！8時間,MZQ-005,,2013-03-02,480分鐘,,プレステージ,マジッククオリティ,,成熟的女人、舔陰、4小時以上作品、巨乳,星野あかり、結城みさ、浅倉彩音、艶堂しほり（遠藤しおり）、北条麻妃、広瀬奈々美（堀口奈津美）、川上ゆう（森野雫）,https://www.javbus.com/MZQ-005,
HODV-20859 美女が男のアナルを舐めまくる100連発,HODV-20859 美女が男のアナルを舐めまくる100連発,HODV-20859,,2013-03-01,241分鐘,ヘリ,h.m.p,h.m.p,,蕩婦、其他戀物癖、巨乳,夏目りょうこ、神谷まゆ、秋山祥子、小倉ゆず、さとう遥希、大堀香奈、北条麻妃,https://www.javbus.com/HODV-20859,
JUSD-471 2012年マドンナ下半期161タイトル8時間,JUSD-471 2012年マドンナ下半期161タイトル8時間,JUSD-471,,2013-03-01,478分鐘,,マドンナ,Madonna,マドンナ○半期,成熟的女人、母親、合集、亂倫、已婚婦女、數位馬賽克、4小時以上作品、DMM獨家,松嶋友里恵、芹川菜々、神崎久美、麻生まり子、庵叶和子、白木優子、西野翔、さとう遥希、当真ゆき（桜井マミ）、AIKA（三浦あいか）、神乃いずみ、菊川亜美、暮町ゆうこ、青山葵、知世奏、初美沙希、伊集院茜、羽賀そら美、青山沙希、音無かおり、杉崎杏梨、原望美、藤下梨花、りんか、筒井まりか、石黒樹里、汝鳥すみか、大嶋しのぶ、小早川怜子、愛乃ゆな、美泉咲、北川美緒、高下えりか、みなせ優夏、綾瀬れん、西尾かおり、佐々木恋海（向井恋）、矢部寿恵、中居ちはる、羽月希、伊織涼子、岩佐あゆみ、愛田奈々、山本美和子、山河ほたる、早瀬和香、高嶋美鈴、夏目優希、綾瀬みなみ、波木薫、山城みずほ、結城みさ、北川亜矢、青木美空、天野小雪、鏡麗子、成瀬心美（ここみ）、有沢実紗、風間ゆみ、折原ゆかり、黒木いちか（東条かれん）、中森玲子、川上ゆう（森野雫）、沢口みき、浅井舞香、遥めぐみ、牧原れい子、麻生早苗、岩崎千鶴、笠木忍、加山なつこ、宇佐美奈々、貝満ひとみ、志保、露木陽子、椎名ゆな、北条麻妃、夢野まりあ、青山菜々、翔田千里、新澤久美子、一色まりな、千紘真奈美、木原としみ、志戸まなみ、森井智恵、東早紀、柳朋子、吉永静子、神山智咲、冬月みどり、芦名未帆（稲森しほり）、村上涼子（中村りかこ、黒木菜穂）、星野あかり、愛咲れいら（原千尋）、彩美ルリ子、七瀬あさ美,https://www.javbus.com/JUSD-471,
UMD-010 黒人イマラチオ集,UMD-010 黒人イマラチオ集,UMD-010,,2013-02-28,239分鐘,,グローバルメディアエンタテインメント,ULTRAMIX,,成熟的女人、強姦、合集、數位馬賽克、深喉、高畫質、黑人演員,蒼乃幸恵、有沢実紗、藤森綾子、長谷川美紅、高島恭子、桐岡さつき、美原咲子、北原夏美、北条麻妃、川上ゆう（森野雫）,https://www.javbus.com/UMD-010,
BDSR-122R 中出し！！ 100人 Extreme BEST 8時間,BDSR-122R 中出し！！ 100人 Extreme BEST 8時間,BDSR-122R,,2013-02-25,481分鐘,ながふちつよし,ビッグモーカル,BIGMORKAL,,合集、中出、4小時以上作品、高畫質,阿川蘭、音羽レオン、さとう遥希、愛原さえ、仁科百華、北条麻妃、風間ゆみ,https://www.javbus.com/BDSR-122R,
WING-030 中出しお義母さんが教えてあげる 3 ブルーレイスペシャル版,WING-030 中出しお義母さんが教えてあげる 3 ブルーレイスペシャル版,WING-030,,2013-02-25,121分鐘,杉崎仁,ビッグモーカル,HD-WING,中出しお義母さんが教えてあげる,亂倫、中出、婆婆、高畫質,芹沢恋、小出遥、水沢真樹、雫パイン、華山美玲、北条麻妃,https://www.javbus.com/WING-030,
RKI-240 ど・淫乱 ど・すけべ ど・変態 心の底からエロオーラ全開SEX16時間,RKI-240 ど・淫乱 ど・すけべ ど・変態 心の底からエロオーラ全開SEX16時間,RKI-240,,2013-02-10,958分鐘,,ROOKIE,ROOKIE,,合集、中出、DMM獨家,里美ゆりあ、山本美和子、羽月希、雪見紗弥、大塚咲（小野沙樹、大滝佐紀）、小坂めぐる、北島玲、東野愛鈴、広瀬奈々美（堀口奈津美）、川上ゆう（森野雫）、乃亜（鳥越乃亜）、愛原さえ、沖田杏梨、真木今日子、上原保奈美、百花エミリ、櫻井ともか、前田陽菜、西尾かおり、さとう遥希、姫野ゆうり、りんか、仲里紗羽、初美沙希、春原未来、朝桐光、愛内希、上原亜衣、希咲エマ（HARUKI、加藤はる希）、宇佐美なな、北川ゆり、妃悠愛（長澤杏奈、水原里香、木崎祐子）、亜希菜、愛音ゆり、RUMIKA、美原咲子、横山みれい、ましろ杏、まりか、泉麻那、村西まりな、秋月玲奈、倉木みお、美咲結衣、絵色千佳、結城みさ、和葉みれい（藤白まき）、水嶋あずみ、管野しずか、星美りか、穂花、成瀬心美（ここみ）、黒川きらら、榊なち、桜ここみ、風間ゆみ、倉科さやか、波多野結衣、一戸のぞみ、橘ゆめみ、美神さゆり、北条麻妃、立花里子、紅音ほたる（秋月杏奈）、鏡麗子、吉沢明歩、三上翔子、志保、南波杏、朝河蘭（清水優香）、星崎アンリ、中森玲子、澤村レイコ（高坂保奈美、高坂ますみ）、新井エリー（晶エリー、大沢佑香）、芦名未帆（稲森しほり）、姫野愛、松野ゆい、村上涼子（中村りかこ、黒木菜穂）、城崎めぐ、中野美奈、西真奈美（米倉夏弥）、早川瀬里奈、星野あかり、森ななこ、艶堂しほり（遠藤しおり）、水城奈緒、沢本あすか、滝沢優奈,https://www.javbus.com/RKI-240,
CADV-369 完熟マダムPREMIUM 8時間,CADV-369 完熟マダムPREMIUM 8時間,CADV-369,,2013-02-02,479分鐘,,クリスタル映像,CRYSTALEX,完熟マダムPREMIUM,成熟的女人、已婚婦女、4小時以上作品,小早川怜子、本庄瞳、折原ゆかり、星野ひとみ（星野瞳、山吹瞳）、山本美和子、中森玲子、佐藤みき（佐藤美紀、鈴木志帆）、北条麻妃、柳田やよい、白鳥美鈴、矢部寿恵、新尾きり子、名城翠、吉野艶子、有沢実紗、内田美奈子、沢村麻耶、木村真子、広瀬奈々美（堀口奈津美）、結城みさ、川上ゆう（森野雫）、艶堂しほり（遠藤しおり）、村上涼子（中村りかこ、黒木菜穂）、風間ゆみ、桐岡さつき、紫彩乃、長谷川美紅、浅倉彩音、鏡麗子、藤沢芳恵,https://www.javbus.com/CADV-369,
JUSD-466 背徳スワッピングに溺れた20組8時間,JUSD-466 背徳スワッピングに溺れた20組8時間,JUSD-466,,2013-02-02,478分鐘,,マドンナ,Madonna,,成熟的女人、合集、已婚婦女、多P、數位馬賽克、羞恥、DMM獨家,愛沢りん、柴咲ゆうり、小出遥、加山なつこ、櫻井ゆうこ、中森玲子、北条麻妃、新井エリー（晶エリー、大沢佑香）、川上ゆう（森野雫）、風間ゆみ、沢村麻耶、牧原れい子、山本美和子、結城みさ、岩崎千鶴、暮町ゆうこ、黒沢那智、朝霧一花、楢崎かほり、紫彩乃,https://www.javbus.com/JUSD-466,
VEZZ-008 美熟女レズマンション～ようこそラ・レズメゾンLa lesmaisonへ～ 北条麻妃 三浦恵理子 柳田やよい,VEZZ-008 美熟女レズマンション～ようこそラ・レズメゾンLa lesmaisonへ～ 北条麻妃 三浦恵理子 柳田やよい,VEZZ-008,,2013-01-27,125分鐘,玉塚びんご,VENUS,Butch,,成熟的女人、女同性戀、已婚婦女、多P、女同接吻,三浦恵理子、北条麻妃、柳田やよい,https://www.javbus.com/VEZZ-008,
HYAKU-020 100人8時間 AV女優厳選ベスト100,HYAKU-020 100人8時間 AV女優厳選ベスト100,HYAKU-020,,2013-01-24,475分鐘,奥山光輝,ケイ・エム・プロデュース,100人,100人8時間,合集、乳房、4小時以上作品、巨乳,木村つな、神咲詩織、かすみりさ、青木美空、山本美和子、さとう遥希、絵色千佳、JULIA、麻倉憂、川上ゆう（森野雫）、波多野結衣、つぼみ、RUMIKA、風間ゆみ、艶堂しほり（遠藤しおり）、北条麻妃、浜崎りお（森下えりか、篠原絵梨香）、夏目優希、音羽レオン,https://www.javbus.com/HYAKU-020,
RCT-461 お仕置きビンタから潮まみれレズ調教,RCT-461 お仕置きビンタから潮まみれレズ調教,RCT-461,,2013-01-20,131分鐘,ささきうずまき,ROCKET,ROCKET,,OL、女同性戀、女教師、潮吹、性奴、高畫質,上原亜衣、ありさ（中野ありさ）、瀬名あゆむ（広瀬藍子）、北条麻妃、加藤ツバキ（夏樹カオル）,https://www.javbus.com/RCT-461,
BIB-066 美4周年記念 淫乱痴女SPECIAL 108TITLE8時間,BIB-066 美4周年記念 淫乱痴女SPECIAL 108TITLE8時間,BIB-066,,2013-01-20,478分鐘,,美,美,,蕩婦、合集、姐姐、DMM獨家,蓮実クレア、愛あいり、かすみりさ、里美ゆりあ、大橋未久、森ななこ、JULIA、黒木アリサ、紗奈、ERIKA（モカ、MOKA）、優木まみ、さとう遥希、水澤まお（永沢まおみ）、坂野由梨、有村千佳、横山みれい、初見果梨奈（星野みかん）、あすか光希、さくら悠、小谷理紗、一ノ瀬ルカ、青木美空、元山はるか、藤本悠麻、西野翔、愛原さえ、大石美咲、魅麗、みずほゆき、妃悠愛（長澤杏奈、水原里香、木崎祐子）、瑠菜（安西瑠菜、RUNA）、井川ゆい、AIKA、管野しずか、緋咲アンナ、鈴音りおな、椎名ひかる、仁科百華、ゆうきさやか、桐谷ユリア、美咲うらん、滝沢優奈、愛咲れいら（原千尋）、杉原桃花、雨宮琴音、蒼井怜、新名しおり、杏堂なつ（榊れいな）、成瀬心美（ここみ）、瀬名アスカ、浅乃ハルミ、北条麻妃、志保、笠木忍、水元ゆうな、青木玲、如月カレン、松嶋れいな、松生彩、上原カエラ、黒木麻衣（花野真衣、SHIHO）、夏樹あい、星野あかり、鈴木杏里、桜庭ハル、水城奈緒、竹内あい、大塚咲（小野沙樹、大滝佐紀）、真田春香、ayami（赤西涼、まひる）、藤本AYAY,https://www.javbus.com/BIB-066,
BIB-067 発射寸前のものすごく気持ち良い淫口フェラチオ6時間,BIB-067 発射寸前のものすごく気持ち良い淫口フェラチオ6時間,BIB-067,,2013-01-20,358分鐘,,美,美,,蕩婦、口交、合集、DMM獨家,さくら悠、杉原桃花、愛あいり、かすみりさ、松生彩、さとう遥希、仁科百華、黒木アリサ、藤本AYAY、川上ゆう（森野雫）、大橋未久、志保、水元ゆうな、如月カレン、松嶋れいな、新名しおり、椎名ゆな、北条麻妃、浅乃ハルミ、綾瀬美都（内山遥）、伊東美姫、成瀬心美（ここみ）、杏堂なつ（榊れいな）、夏樹あい、愛咲れいら（原千尋）、橘れもん、真田春香、浜崎りお（森下えりか、篠原絵梨香）、星優乃、竹内あい、鈴木杏里、里美ゆりあ、南りん、西野翔、大石美咲、蓮実クレア、美咲うらん、たなか唯、辻愛菜、元山はるか、初美沙希、春原未来、青木美空、小谷理紗、綾瀬みなみ、悠月舞、優木まみ、水澤まお（永沢まおみ）、桐谷ユリア、椎名ひかる、滝沢優奈、JULIA、鈴音りおな、緋咲アンナ、北川エリカ、管野しずか、村西まりな、魅麗、阿利希キリア（阿利希カレラ）、妃悠愛（長澤杏奈、水原里香、木崎祐子）、ももかりん、井川ゆい、横山みれい、小桜沙樹、あゆむ,https://www.javbus.com/BIB-067,
UMD-009 人の女房を犯す！,UMD-009 人の女房を犯す！,UMD-009,,2013-01-16,240分鐘,,グローバルメディアエンタテインメント,ULTRAMIX,,強姦、已婚婦女、凌辱、4小時以上作品、高畫質,五十嵐しのぶ、有沢実紗、須真杏里（須真杏理）、結城みさ、管野しずか、深田梨菜（深田梨奈）、川上ゆう（森野雫）、牧原れい子、風間ゆみ、夢野まりあ、水沢真樹、星野あかり、櫻井夕樹、柳田やよい、妃乃ひかり、北条麻妃、翔田千里、村上涼子（中村りかこ、黒木菜穂）、澤村レイコ（高坂保奈美、高坂ますみ）、柴田かすみ,https://www.javbus.com/UMD-009,
YUYU-018 S級レズビアン,YUYU-018 S級レズビアン,YUYU-018,,2013-01-14,242分鐘,,ゆり★ゆり,ゆり★ゆり,S級レズビアン,女同性戀、合集、女同接吻、DMM獨家,持田夏樹、初美沙希、椎名ゆな、長澤あずさ、中森玲子、北条麻妃、鈴木さとみ、柳田やよい、翔田千里、風間ゆみ,https://www.javbus.com/YUYU-018,
RKI-235 自宅でエッチしよ 美女50人の訪問SEX 16時間,RKI-235 自宅でエッチしよ 美女50人の訪問SEX 16時間,RKI-235,,2013-01-13,958分鐘,,ROOKIE,ROOKIE,,企畫、合集、4小時以上作品、DMM獨家,天海つばさ、かすみりさ、あすか伊央、青山菜々、大橋未久、泉麻那、麻倉憂、月野りさ、雪見紗弥、ひなのりく、里美ゆりあ、桃野なごみ、希美まゆ、北条麻妃、宮坂レイア、鈴香音色、Hitomi（田中瞳）、南波杏、つぼみ、村上涼子（中村りかこ、黒木菜穂）、西野翔、月城ルネ、杏樹紗奈、愛原さえ、上原保奈美、北川瞳、高野千莉、優希まこと、仁科百華、JULIA、大沢美加（廣田まりこ）、美原咲子、ましろ杏、妃乃ひかり、翔田千里、吉沢明歩,https://www.javbus.com/RKI-235,
RKI-234 プリッ尻を鷲づかみ！ お尻丸犯し 高画質で掴みたくなる16時間,RKI-234 プリッ尻を鷲づかみ！ お尻丸犯し 高画質で掴みたくなる16時間,RKI-234,,2013-01-13,958分鐘,,ROOKIE,ROOKIE,,合集、屁股、4小時以上作品、高畫質、DMM獨家,麻生めい、天海つばさ、桜木凛、小西那奈、冬月かえで、初音みのり、長澤あずさ、麻美ゆま、佐山愛、大塚咲（小野沙樹、大滝佐紀）、青山葵、美神あおい、矢吹杏、Nina、仁科百華、桐岡さつき、大堀香奈、水咲カレン、椎名ひかる、篠原杏、前田陽菜、秋吉ひな、愛乃、沙織、大島あいる、ASUKA、水川菜々子、愛原さえ、佐倉カオリ、沖田杏梨、桐谷ユリア、桜花えり、長谷川聖那、小松ひな、瑠菜（安西瑠菜、RUNA）、高城ゆい、ももかりん、松すみれ、松田早紀、源みいな、RUMIKA、麻倉憂、華山美玲、柚本紗希、木下柚花、梓ユイ、和葉みれい（藤白まき）、管野しずか、魅麗、森山杏菜（森山杏奈）、美月、泉麻那、横山みれい、夏川未来（小春）、西野翔、風間ゆみ、ひなのりく、希崎ジェシカ、黒木いちか（東条かれん）、恵けい、上原カエラ、美咲みゆ、茉莉花、紗奈、桜ここみ、栗林里莉、榊なち、鈴香音色、青山ゆい、真白希実、希内あんな、北条麻妃、浅乃ハルミ、葉山リサ、成瀬心美（ここみ）、桐原エリカ、橘ミオン（石川鈴華）、吉沢明歩、中森玲子、竹内あい、Rio（柚木ティナ）、青木りん、KAORI、小川あさ美、妃乃ひかり、吉崎直緒、かすみ果穂、黒木麻衣（花野真衣、SHIHO）、水城奈緒、如月カレン、水野美香、月見栞、細川まり、森ななこ、KYOKO、つぼみ、Maika（MEW）,https://www.javbus.com/RKI-234,
TYWD-037 淫乱美熟女FUCK4時間,TYWD-037 淫乱美熟女FUCK4時間,TYWD-037,,2013-01-13,238分鐘,,乱丸,乱丸,,成熟的女人、濫交、潮吹、合集、花癡、DMM獨家,花井メイサ、森ななこ、水沢真樹、艶堂しほり（遠藤しおり）、星優乃、澤村レイコ（高坂保奈美、高坂ますみ）、広瀬奈々美（堀口奈津美）、村上涼子（中村りかこ、黒木菜穂）、川上ゆう（森野雫）、風間ゆみ、北条麻妃、友田真希、笠木忍、柳田やよい、翔田千里、葉月奈穂（葉月菜穂）、結城みさ、伊織涼子、桐岡さつき、近澤まゆみ、山本美和子、豹丸、音丸、柊早矢（美咲ゆりあ）、星野あかり、青木玲,https://www.javbus.com/TYWD-037,
AUKG-156 マンズリぬる濡れ濃縮官能絵巻 淫獣レズ狂乱 滝口シルヴィア監督レズ作品集2,AUKG-156 マンズリぬる濡れ濃縮官能絵巻 淫獣レズ狂乱 滝口シルヴィア監督レズ作品集2,AUKG-156,,2013-01-12,247分鐘,,U＆K,U＆K,滝口シルヴィア監督レズ作品集,蕩婦、成熟的女人、女同性戀、合集、女同接吻、女生,結城みさ、艶堂しほり（遠藤しおり）、北条麻妃、川上ゆう（森野雫）,https://www.javbus.com/AUKG-156,
SCF-008 対面オナニー＆相互愛撫 厳選淫乱女優24名！！,SCF-008 対面オナニー＆相互愛撫 厳選淫乱女優24名！！,SCF-008,,2013-01-12,241分鐘,,マルクス兄弟,MARXBrothersco.,,自慰、打手槍,在佳亜矢、早乙女りん、音羽レオン、水沢真樹、皆瀬ふう花、大沢美加（廣田まりこ）、碧しの（篠めぐみ）、浅倉彩音、北条麻妃、一ノ瀬アメリ（美空あやか、栗栖エリカ）、黒木麻衣（花野真衣、SHIHO）、管野しずか、瀬奈涼、西尾かおり、篠田ゆう、百花エミリ、木下若菜、矢吹杏、黒沢せりな、琥珀うた、神河美音、鈴音りおな、結城みさ、桜木莉愛（かじか凛）,https://www.javbus.com/SCF-008,
MBYD-152 なぜ彼女たちは犯されてしまったのか ドラマシーンもしっかり収録！凌辱作品傑作選！,MBYD-152 なぜ彼女たちは犯されてしまったのか ドラマシーンもしっかり収録！凌辱作品傑作選！,MBYD-152,,2013-01-11,478分鐘,,溜池ゴロー,溜池ゴロー,,成熟的女人、強姦、合集、數位馬賽克、DMM獨家,かすみりさ、遥めぐみ、長澤あずさ、森ななこ、JULIA、中森玲子、北条麻妃、広瀬奈々美（堀口奈津美）、川上ゆう（森野雫）、風間ゆみ、椎名ゆな、真白希実、青山菜々、翔田千里、松本まりな、横山みれい、春日もも、伊織涼子、岩佐あゆみ、青木美空、愛乃ゆな、星野あかり、芦名未帆（稲森しほり）、青木玲,https://www.javbus.com/MBYD-152,
MKCK-058 BEST OF E-BODY LOVERS 2012,MKCK-058 BEST OF E-BODY LOVERS 2012,MKCK-058,,2013-01-11,478分鐘,,E-BODY,E-BODY,BESTOFE-BODYLOVERS,苗條、合集、屁股、女上位、4小時以上作品、巨乳、DMM獨家,小早川怜子、蒼井まなみ、ティア、美月優芽、たなか唯、桜木莉愛（かじか凛）、椎名ゆな、さとう遥希、成瀬心美（ここみ）、風間ゆみ、西條るり、椎名ひかる、ももかさくら、上原保奈美、姫野ゆうり、綾瀬れん、みなせ優夏、日向リサ、北川エリカ、陽菜、愛乃ゆな、原望美、西山真理、愛沢有紗、アンジェ、愛乃、小沢アリス、春菜はな、今村なつ、星野来夢、滝川ソフィア、ERIKA（モカ、MOKA）、小峰ひなた、伊東美姫、Erina、麻生早苗、北条麻妃、安達亜美、鶴田かな、綾瀬みなみ、沙藤ユリ、大島あいる、北村わか、青山沙希、菅野みいな、知世奏、秋月めい,https://www.javbus.com/MKCK-058,
DBR-61 2012年RUBY年鑑 Vol.1 ルビー色の美熟女たち,DBR-61 2012年RUBY年鑑 Vol.1 ルビー色の美熟女たち,DBR-61,,2013-01-09,241分鐘,ハクション翼,ルビー,RUBY,ルビー年鑑,成熟的女人、合集、4小時以上作品,桐島秋子、伊織涼子、矢部寿恵、北条麻妃、野宮凛子、里中亜矢子,https://www.javbus.com/DBR-61,
MAMA-313 人妻デリバリー 31,MAMA-313 人妻デリバリー 31,MAMA-313,,2013-01-08,149分鐘,太田ケンイチ,クリスタル映像,MADAMMANIAC,人妻デリバリー,成熟的女人、潮吹、妓女、已婚婦女、高畫質,花園多香子、河原美咲、折川菜由、優月良花、北条麻妃,https://www.javbus.com/MAMA-313,
DBUD-020 団地妻の昼下がり 8人の妻、真昼の情事8篇 シリーズ団地妻コンプリート！★完全無欠★,DBUD-020 団地妻の昼下がり 8人の妻、真昼の情事8篇 シリーズ団地妻コンプリート！★完全無欠★,DBUD-020,,2012-12-29,930分鐘,ブッダ☆佐藤,桃太郎映像出版,仏陀madam,団地妻の昼下がり,合集、已婚婦女、凌辱、中出,橘エレナ、彩佳リリス（藤崎クロエ）、春風えみ、結城みさ、水城奈緒、北条麻妃、水元ゆうな、風間ゆみ,https://www.javbus.com/DBUD-020,
ALD-597 美熟女プレミアム DX,ALD-597 美熟女プレミアム DX,ALD-597,,2012-12-29,241分鐘,,桃太郎映像出版,ALLIN☆ONE,,成熟的女人、已婚婦女、多P,竹内翔子、赤坂なつみ、有沢りさ、佐々木恋海（向井恋）、小向まな美、水城奈緒、加藤ツバキ（夏樹カオル）、白鳥美鈴、翔田千里、芦名未帆（稲森しほり）、松本亜璃沙、水元ゆうな、甘衣かおり、風間ゆみ、川上ゆう（森野雫）、春風えみ、志村玲子、石黒京香（黒木かえで）、広瀬奈々美（堀口奈津美）、藤咲沙耶、結城みさ、瀬奈涼、橘エレナ、椎名ゆな、北条麻妃、浅倉彩音、国見奈々、澤村レイコ（高坂保奈美、高坂ますみ）、森ななこ、柳田やよい,https://www.javbus.com/ALD-597,
MAMA-311 美熟女専門 温泉出張マッサージ 2 旦那の横で悶える4人の熟女,MAMA-311 美熟女専門 温泉出張マッサージ 2 旦那の横で悶える4人の熟女,MAMA-311,,2012-12-18,149分鐘,真咲南朋,クリスタル映像,MADAMMANIAC,美熟女専門温泉出張マッサージ,和服・喪服、成熟的女人、已婚婦女、按摩、高畫質、出軌,横山久美子、加護亜矢、芦屋静香、北条麻妃,https://www.javbus.com/MAMA-311,
MILD-807 VERY BEST OF million 22,MILD-807 VERY BEST OF million 22,MILD-807,,2012-12-17,475分鐘,奥山光輝,ケイ・エム・プロデュース,million（ミリオン）,VERYBESTOF,合集、4小時以上作品,神咲詩織、シェリー（Shelly、藤井シェリー）（しぇりー）、麻倉憂、北条麻妃、つぼみ,https://www.javbus.com/MILD-807,
BDMILD-070 KMPドリーム2012 エッチな商店街は大騒ぎ全員集合スペシャル,BDMILD-070 KMPドリーム2012 エッチな商店街は大騒ぎ全員集合スペシャル,BDMILD-070,,2012-12-17,234分鐘,秋秀人,ケイ・エム・プロデュース,million（ミリオン）,ミリオン・ドリーム,角色扮演、各種職業、多P、4小時以上作品、高畫質,若菜ひまり、神咲詩織、シェリー（Shelly、藤井シェリー）（しぇりー）、さとう遥希、麻倉憂、成瀬心美（ここみ）、みづなれい（みずなれい）、北条麻妃、つぼみ、川上ゆう（森野雫）、篠宮ゆり,https://www.javbus.com/BDMILD-070,
TYOD-174 イグイグ大乱交 淫乱美熟女大乱交,TYOD-174 イグイグ大乱交 淫乱美熟女大乱交,TYOD-174,,2012-12-13,237分鐘,紫丸,乱丸,乱丸,イグイグ大乱交,蕩婦、成熟的女人、濫交、淫語、花癡、數位馬賽克、高畫質、DMM獨家,横山みれい、北条麻妃、北島玲、翔田千里、風間ゆみ,https://www.javbus.com/TYOD-174,
ANHD-021 淫乱熟女レズビアン8時間,ANHD-021 淫乱熟女レズビアン8時間,ANHD-021,,2012-12-13,479分鐘,,アンナと花子,アンナと花子,,成熟的女人、女同性戀、合集、花癡、舔陰、DMM獨家,杏美月、西尾かおり、森ななこ、内田美奈子、今野梨乃、夏川亜咲、大塚咲（小野沙樹、大滝佐紀）、広瀬奈々美（堀口奈津美）、桐原あずさ（伊藤あずさ）、川上ゆう（森野雫）、樹花凜（七咲楓花）、鷹宮りょう、桐島ひかり、風間ゆみ、水沢真樹、北条麻妃、成島りゅう、霧島あんな、新井エリー（晶エリー、大沢佑香）、姫野りむ、乃亜（鳥越乃亜）、横山みれい、つくし（大沢つくし）、井川ゆい、藤咲葵（愛川香織）、管野しずか、瀬奈涼、北川エリカ、鈴音りおな、加賀美セリナ、有沢りさ、雨宮真貴、百花エミリ、新城美稀、朝桐光、nao.（小池ひとみ）,https://www.javbus.com/ANHD-021,
SCF-004 たっぷり見せます！潮吹き40人4時間,SCF-004 たっぷり見せます！潮吹き40人4時間,SCF-004,,2012-12-10,243分鐘,,マルクス兄弟,MARXBrothersco.,,潮吹、手指插入、女優按摩棒,立花樹里亜、朝桐光、青木りん、JULIA、桜りお、樹花凜（七咲楓花）、浅乃ハルミ、愛音まひろ、紗奈、大沢美加（廣田まりこ）、仁科百華、琥珀うた、美咲結衣、武藤クレア、伊沢美春（伊沢美晴）、碧しの（篠めぐみ）、北条麻妃、姫谷りさ、哀川りん、あすか光希、枢木みかん、麻木莉恵、悠月舞、吉川亜希、北川瞳、青木まり、和久井もも、水澤まお（永沢まおみ）、さとう遥希、宇佐美なな、矢吹杏、武井麻希,https://www.javbus.com/SCF-004,
MKCK-055 E-BODY24時間 E-BODY5周年記念作品,MKCK-055 E-BODY24時間 E-BODY5周年記念作品,MKCK-055,,2012-12-09,1438分鐘,,E-BODY,E-BODY,,合集、戀乳癖、高、女上位、巨乳、DMM獨家,あざみねね、あすか光希、上条めぐ（三浦芽依）、井川美保、やまのあかね、かすみりさ、緋村由衣、あいだゆき、桜井エミリ、一戸のぞみ、石黒沙良、仲村ろみひ、小栗涼、黒木アリサ、長澤あずさ、佐田あゆみ、eco、紅城まゆ、本田ゆかり、里崎マリヤ、広瀬ゆな、高梨風花、川瀬愛美、矢沢もえ、梨々花、中森玲子、恵けい、愛沢蓮、小峰ひなた、ASUKA、Erina、真中ゆかり、甲斐ミハル、浅乃ハルミ、石原こと、北条麻妃、吉川えみり、星島ちさ、沢木樹里、伊東美姫、望月けい、亜梨、佳山三花、片岡梨沙、倖田みらい、女池さゆり、桜ここみ、南ナミ、成瀬心美（ここみ）、宮坂レイア、横峰あい、木村彩、風間ゆみ、山田マリコ、小澤マリア、綾瀬メグ、春咲あずみ、水城奈緒、竹内あい、大塚咲（小野沙樹、大滝佐紀）、飯島夏希、森ななこ、水森あおい、小川あさ美、麻生早苗、夏川葵、松嶋れいな、Ryo、黒木麻衣（花野真衣、SHIHO）、峰なゆか、羽田夕夏、櫻井ゆうこ、香坂杏奈、妃乃ひかり、浜崎りお（森下えりか、篠原絵梨香）、一ノ瀬あきら、初音みのり、うるみゆう、坂本愛海、花井メイサ、広瀬奈々美（堀口奈津美）、南沙也香、春風えみ、辻さき、並木るか（橘ひな）、あいぶらん（蜜井とわ）、ERIKA（モカ、MOKA）、真田春香、澄川ロア、高瀬みどり、横山翔子、雨音しおん、紅りんご、宝生優果（羽野理沙）、鈴木さとみ、青木莉子（桜まい、片岡さき）、二宮せりな、椎名ゆな、小鳥遊瀬那、及川はるな、みなせ優夏、小島優花、来栖ひなた、白川ゆかり、菅野みいな、陽菜、成美雪菜、辻井美穂、綾瀬れん、北川瞳、ももかさくら、佐々木はるか、百花エミリ、上原保奈美、沖田杏梨、愛原さえ、眞乃かすみ、さとう遥希、上原もね、鶴田かな、綾瀬みなみ、西山真理、愛乃ゆな、小早川怜子、桜木莉愛（かじか凛）、たなか唯、ティア、愛沢有紗、今村なつ、原望美、安達亜美、沙藤ユリ、大島あいる、北村わか、アンジェ、青山沙希、愛乃、日向リサ、知世奏、秋月めい、滝川ソフィア、美咲結衣、愛実（秋川ルイ）、徠夢、七瀬友梨亜、七葉しほり、高城ゆい、小林さとみ、立花結衣、夏海ナミ、黒澤あみ、塚本渚、乙葉真希、春菜はな、高瀬ひとみ、伊東菜々、青空小夏、沙月みちる、中野愛里、諸星セイラ（百瀬涼）、ましろ杏、宮藤レイコ、松すみれ、高島恭子、朋香めい、真矢ゆき、武藤クレア、上村あずさ、水咲カレン、湖南みるく、仁科百華、ゆうきさやか、哀川りん、すずきりりか、JULIA、椎名ひかる、若菜ちえ、瀬戸みずほ、小沢アリス、菅野さゆき、伊沢美春（伊沢美晴）、仲村美緒、北川エリカ、池田美和子、橘なお（上原海里）、長谷川杏実（長谷川杏美）、西條るり,https://www.javbus.com/MKCK-055,
MBYD-149 欲求不満を見透かされて…マッサージで感じてイカされた女達！,MBYD-149 欲求不満を見透かされて…マッサージで感じてイカされた女達！,MBYD-149,,2012-12-09,239分鐘,,溜池ゴロー,溜池ゴロー,,成熟的女人、合集、數位馬賽克、按摩、DMM獨家,杏美月、伊織涼子、JULIA、浅倉彩音、中森玲子、佐藤みき（佐藤美紀、鈴木志帆）、北条麻妃、大塚咲（小野沙樹、大滝佐紀）、村上涼子（中村りかこ、黒木菜穂）、風間ゆみ、折原ゆかり、荒木瞳,https://www.javbus.com/MBYD-149,
UMD-007 黒人巨大マラで苦痛にヨガる熟女20人,UMD-007 黒人巨大マラで苦痛にヨガる熟女20人,UMD-007,,2012-12-05,240分鐘,,グローバルメディアエンタテインメント,ULTRAMIX,,成熟的女人、強姦、合集、數位馬賽克、4小時以上作品、黑人演員,星杏奈、櫻井夕樹、松すみれ、瀬奈涼、管野しずか、時越芙美江、北条麻妃、澤村レイコ（高坂保奈美、高坂ますみ）、村上涼子（中村りかこ、黒木菜穂）、夢野まりあ,https://www.javbus.com/UMD-007,
MLW-3022 ご奉仕美女たちのお宅訪問性処理サービス,MLW-3022 ご奉仕美女たちのお宅訪問性処理サービス,MLW-3022,,2012-12-01,135分鐘,,MellowMoon,MellowMoon,,乳交、多P、處男,葉月しおり、国見奈々、紗奈、管野しずか、稲森しほ（永井あいこ、南ゆう）、北条麻妃,https://www.javbus.com/MLW-3022,
MCSR-081R 極上美人妻 8時間BEST 第3章,MCSR-081R 極上美人妻 8時間BEST 第3章,MCSR-081R,,2012-11-25,481分鐘,ながふちつよし,ビッグモーカル,マスカット,極上○○8時間BEST,業餘、合集、已婚婦女、4小時以上作品、高畫質,本庄瞳、伊織涼子、長澤あずさ、石倉えいみ、結城みさ、羽月希、管野しずか、北条麻妃,https://www.javbus.com/MCSR-081R,
MCSR-080 美熟女野獣FUCK 完全撮り下ろし 3時間,MCSR-080 美熟女野獣FUCK 完全撮り下ろし 3時間,MCSR-080,,2012-11-25,181分鐘,ながふちつよし,ビッグモーカル,マスカット,,成熟的女人、多P、高畫質、巨乳,山口翠、桐岡さつき、中森玲子、北条麻妃、町村小夜子、よしい美希（伊沢涼子、吉井美希）,https://www.javbus.com/MCSR-080,
LIA-112 オナニー中毒 100人の変態すぎるキ●ガイ自慰行為 下巻 6時間,LIA-112 オナニー中毒 100人の変態すぎるキ●ガイ自慰行為 下巻 6時間,LIA-112,,2012-11-24,357分鐘,,プールクラブ・エンタテインメント,Philia,オナニー中毒,野外・露出、紧缚、合集、4小時以上作品、按摩棒、自慰,橘ひなた、北川瞳、羽月希、北条麻妃、桐原あずさ（伊藤あずさ）、新井エリー（晶エリー、大沢佑香）,https://www.javbus.com/LIA-112,
BIB-062 男根一本に群がる淫女達8時間,BIB-062 男根一本に群がる淫女達8時間,BIB-062,,2012-11-22,479分鐘,,美,美,男根一本に群がる○○,蕩婦、合集、花癡、姐姐、多P、4小時以上作品、DMM獨家,里美ゆりあ、小川あさ美、結城みさ、北川瞳、成瀬心美（ここみ）、北条麻妃、松嶋れいな、村上涼子（中村りかこ、黒木菜穂）、川上ゆう（森野雫）、風間ゆみ,https://www.javbus.com/BIB-062,
JUSD-450 息子の友達のチ○ポでイキまくる母 8時間,JUSD-450 息子の友達のチ○ポでイキまくる母 8時間,JUSD-450,,2012-11-22,478分鐘,,マドンナ,Madonna,,成熟的女人、合集、已婚婦女、數位馬賽克、凌辱、4小時以上作品、出軌、DMM獨家,暮町ゆうこ、折原ゆかり、露木陽子、美原咲子、北原夏美、北条麻妃、細川まり、志村玲子、翔田千里、牧原れい子、青山葵、波木薫、木村真子、藤沢芳恵、新堂綾乃、黒谷りょうこ、伊織涼子、星杏奈、沢村麻耶、岩崎千鶴,https://www.javbus.com/JUSD-450,
MAMA-303 人妻温泉 癒し系 41,MAMA-303 人妻温泉 癒し系 41,MAMA-303,,2012-11-09,130分鐘,ジャンク斉藤,クリスタル映像,MADAMMANIAC,人妻温泉癒し系,成熟的女人、已婚婦女、高畫質、巨乳,西城早織、折川菜由、滝沢すみれ、高橋美緒、北条麻妃,https://www.javbus.com/MAMA-303,
MBYD-147 疼きが止まらない美女限定の絶頂本番ベスト8時間,MBYD-147 疼きが止まらない美女限定の絶頂本番ベスト8時間,MBYD-147,,2012-11-08,478分鐘,,溜池ゴロー,溜池ゴロー,,成熟的女人、合集、4小時以上作品、DMM獨家,かすみりさ、長澤あずさ、森ななこ、JULIA、紗奈、中森玲子、佐藤みき（佐藤美紀、鈴木志帆）、澤村レイコ（高坂保奈美、高坂ますみ）、広瀬奈々美（堀口奈津美）、夢野まりあ、川上ゆう（森野雫）、折原ゆかり、風間ゆみ、榊なち、北条麻妃、椎名ゆな、真白希実、橘エレナ、友田真希、笠木忍、青木玲、浜崎りお（森下えりか、篠原絵梨香）、大塚咲（小野沙樹、大滝佐紀）、水城奈緒、香坂めぐ、伊織涼子、雨宮真貴、梨果メリア、西尾かおり、柏木ゆり、岩佐あゆみ、青木美空、音無かおり、山口玲子、星野あかり、芦名未帆（稲森しほり）、葉月奈穂（葉月菜穂）、松本まりな、翔田千里、春咲あずみ、横山みれい,https://www.javbus.com/MBYD-147,
KAGS-021 どすけべお母さんのセンズリ鑑賞 目の前の勃起チンポに興奮しちゃった美熟女たち,KAGS-021 どすけべお母さんのセンズリ鑑賞 目の前の勃起チンポに興奮しちゃった美熟女たち,KAGS-021,,2012-11-04,122分鐘,三島六三郎,AFRO-FILM,赫夜姫映像,,成熟的女人、母親、其他戀物癖、打手槍,伊織京子、沢田珠里、矢部寿恵、羽月希、北条麻妃、川上ゆう（森野雫）,https://www.javbus.com/KAGS-021,
KAGS-022 6名の働くおばさん 熟れたマン臭にガマンできない,KAGS-022 6名の働くおばさん 熟れたマン臭にガマンできない,KAGS-022,,2012-11-03,121分鐘,三島六三郎,AFRO-FILM,赫夜姫映像,6名の働くおばさん,成熟的女人、各種職業、花癡,沢田珠里、伊織涼子、矢部寿恵、羽月希、北条麻妃、川上ゆう（森野雫）,https://www.javbus.com/KAGS-022,
GRYD-012 続続 じじいに嬲られた美くびれ奥さん生中出し 5人,GRYD-012 続続 じじいに嬲られた美くびれ奥さん生中出し 5人,GRYD-012,,2012-11-02,196分鐘,三こすり半イク蔵,桃太郎映像出版,我流,じじいに嬲られた○○,已婚婦女、凌辱、中出、DMM獨家,小倉もも、星野あかり、雨宮琴音、北条麻妃、荒木ありさ（月島うさぎ）,https://www.javbus.com/GRYD-012,
LIA-111 顔面パンストエクスタシー,LIA-111 顔面パンストエクスタシー,LIA-111,,2012-10-29,239分鐘,,プールクラブ・エンタテインメント,Philia,,其他戀物癖、連褲襪、4小時以上作品,菅野由紀、平子さおり、雪乃あさ美、大城かえで、平山薫、真矢志穂、倉科さやか、管野しずか、北条麻妃、笠木忍、高沢沙耶、飯田せいこ,https://www.javbus.com/LIA-111,
BDMILD-066 女系家族 もしもスーパーアイドルが僕と家族だったら… 3時間スペシャル,BDMILD-066 女系家族 もしもスーパーアイドルが僕と家族だったら… 3時間スペシャル,BDMILD-066,,2012-10-24,172分鐘,望永斉,ケイ・エム・プロデュース,million（ミリオン）,もしも○○だったら…,潮吹、亂倫、69、高畫質,さとう遥希、北条麻妃、つぼみ,https://www.javbus.com/BDMILD-066,
MADV-267 高級ソープ 三十路編 13,MADV-267 高級ソープ 三十路編 13,MADV-267,,2012-10-21,149分鐘,大田ケンイチ,クリスタル映像,MANIAC（クリスタル）,高級ソープ三十路編,成熟的女人、妓女、高畫質、巨乳,相川里沙、多山佑香、椿姫、北条麻妃,https://www.javbus.com/MADV-267,
BEB-075 裏美熟痴女の本気フィーリングカップル温泉,BEB-075 裏美熟痴女の本気フィーリングカップル温泉,BEB-075,,2012-10-20,156分鐘,ザック荒井,美,美ッ痴,,成熟的女人、第一人稱攝影、高畫質、DMM獨家,結城みさ、北条麻妃、村上涼子（中村りかこ、黒木菜穂）、川上ゆう（森野雫）、風間ゆみ,https://www.javbus.com/BEB-075,
CRAD-061 家族揃って変態揃い！近親相姦の禁忌 4時間,CRAD-061 家族揃って変態揃い！近親相姦の禁忌 4時間,CRAD-061,,2012-10-19,239分鐘,,クロス,CROSS,,母親、合集、亂倫、多P、數位馬賽克、DMM獨家,竹内結、北条麻妃、友田真希,https://www.javbus.com/CRAD-061,
RKI-213 超ド級！！！美熟女100人盛り16時間,RKI-213 超ド級！！！美熟女100人盛り16時間,RKI-213,,2012-10-14,958分鐘,,ROOKIE,ROOKIE,,成熟的女人、合集、DMM獨家,愛田奈々、秋野千尋、伊島香織、朝乃美咲、井川ゆい、岩崎千鶴、長谷川美紅、加山なつこ、水元ゆうな、紫彩乃、翔田千里、北川みなみ、佐伯みずほ、木村真子、みなせ優夏、観月由奈、中園貴代美、当真ゆき（桜井マミ）、吉澤清美（田村みゆき）、青木美空、望月加奈（松沢真理）、星野あかり、大城真澄、黒木小夜子（秀吉小夜子）、松本まりな、葉月奈穂（葉月菜穂）、芦名未帆（稲森しほり）、村上涼子（中村りかこ、黒木菜穂）、矢部寿恵、柳田やよい、倖田李梨（倖田美梨、岩下美季）、雨宮真貴、華山美玲、桐岡さつき、春日もも、松田早紀、宮藤レイコ、蒼井リナ、美原咲子、横山みれい、水嶋あずみ、姫乃えみり、妃悠愛（長澤杏奈、水原里香、木崎祐子）、伊吹稟、高島恭子、さくらい葉菜、伊織涼子、美山蘭子、結城みさ、夏川未来（小春）、管野しずか、持田ルナ、北島玲、櫻井夕樹、JULIA、優木夏、北条美里、北条麻妃、三咲恭子、夢野まりあ、牧原れい子、有沢実紗、時越芙美江、風見京子、風間ゆみ、真白希実、橘エレナ、青木玲、小池絵美子、友田真希、小林里穂、光月夜也（林絵里）、広瀬ゆかり、折原ゆかり、浅倉彩音、竹内順子、相内リカ、滝澤クリスタル、北原夏美、芦沢彩乃、樋口冴子（桐島千沙）、浅井舞香、倉木小夜（村上美咲、樋口啓子）、愛染恭子（青山涼子）、志村玲子、川上ゆう（森野雫）、浜崎りお（森下えりか、篠原絵梨香）、佐藤みき（佐藤美紀、鈴木志帆）、中森玲子、細川まり、澤村レイコ（高坂保奈美、高坂ますみ）、森ななこ、艶堂しほり（遠藤しおり）、芹沢恋、姫野京香、広瀬奈々美（堀口奈津美）、平瀬りょう、大塚咲（小野沙樹、大滝佐紀）,https://www.javbus.com/RKI-213,
MAC-015 闇の事件簿・近親相姦集団レイプ… 汚れた血脈の一族,MAC-015 闇の事件簿・近親相姦集団レイプ… 汚れた血脈の一族,MAC-015,,2012-10-13,113分鐘,あばしり一家,グローバルメディアエンタテインメント,mother＆child,闇の事件簿・近親相姦集団レイプ…,強姦、亂倫、多P、數位馬賽克、中出、高畫質、戲劇,藤沢芳恵、このみゆうか、桐岡さつき、北条麻妃,https://www.javbus.com/MAC-015,
MADV-264 有名女優が通う高級レズソープ 5,MADV-264 有名女優が通う高級レズソープ 5,MADV-264,,2012-10-06,178分鐘,真咲南朋,クリスタル映像,MANIAC（クリスタル）,有名女優が通う高級レズソープ,女同性戀、妓女、多P、手指插入、高畫質,二葉恵、美咲結衣、星崎アンリ、北条麻妃,https://www.javbus.com/MADV-264,
HODV-20813 恥ずかしいお尻がよ～く見える いろんな尻責め100連発,HODV-20813 恥ずかしいお尻がよ～く見える いろんな尻責め100連発,HODV-20813,,2012-10-05,240分鐘,ヘリ,h.m.p,h.m.p,,屁股、女上位、4小時以上作品、肛交,安達亜美、優月良花、秋山祥子、美咲あかり、小倉ゆず、北条麻妃,https://www.javbus.com/HODV-20813,
VOLD-027 あなたごめんなさい。義父、義弟が犯す！未亡人・団地妻たち4時間 2,VOLD-027 あなたごめんなさい。義父、義弟が犯す！未亡人・団地妻たち4時間 2,VOLD-027,,2012-10-02,244分鐘,奥山光輝,ボリューミー,VOLUMY,あなたごめんなさい。,成熟的女人、已婚婦女、寡婦、巨乳,高島恭子、黒木アリサ、艶堂しほり（遠藤しおり）、北条麻妃、澤村レイコ（高坂保奈美、高坂ますみ）,https://www.javbus.com/VOLD-027,
AIED-020 美魔女 ひとりHセレクション 潮電マ編,AIED-020 美魔女 ひとりHセレクション 潮電マ編,AIED-020,,2012-09-29,141分鐘,,アイ映像/妄想族,アイ映像/妄想族,美魔女ひとりHセレクション,成熟的女人、潮吹、合集、女優按摩棒、DMM獨家、自慰,森ななこ、結城みさ、桐岡さつき、北川瞳、管野しずか、中森玲子、艶堂しほり（遠藤しおり）、北条麻妃、葉月奈穂（葉月菜穂）、村上涼子（中村りかこ、黒木菜穂）,https://www.javbus.com/AIED-020,
JUSD-439 2012年マドンナ上半期151タイトル8時間,JUSD-439 2012年マドンナ上半期151タイトル8時間,JUSD-439,,2012-09-21,478分鐘,,マドンナ,Madonna,マドンナ○半期,成熟的女人、母親、合集、已婚婦女、新娘、年輕妻子、數位馬賽克、4小時以上作品、DMM獨家,青山葵、暮町ゆうこ、今井ひろの、青山菜々、黒木いちか（東条かれん）、羽月希、北条麻妃、小池絵美子、牧原れい子、水元ゆうな、風間ゆみ、芦名未帆（稲森しほり）、折原ゆかり、波多野結衣、佐藤みき（佐藤美紀、鈴木志帆）、中森玲子、澤村レイコ（高坂保奈美、高坂ますみ）、森ななこ、あいぶらん（蜜井とわ）、かすみりさ、遥めぐみ、崎田なな、高下えりか、君野ありさ、竹川綾、高橋アリサ、初美沙希、高樹結奈、二宮凛、名城翠、上原千尋、愛乃ゆな、琴星さゆり、北川美緒、青山沙希、有奈めぐみ、高梨あゆみ、吉乃ほのか、早瀬和香、青木美空、青木りん、結城恵華、愛花沙也、白鳥寿美礼、有村さなえ、さおり（沙織）、藤沢芳恵、矢部寿恵、平和島結希、黒沢那智、富樫まり子、小島優花、南レイ、愛田奈々、柴咲ゆうり、大月まゆか、岩佐あゆみ、山本美和子、本庄瞳、宮瀬リコ、真木今日子、中園貴代美、秋野千尋、西尾かおり、石倉えいみ、さとう遥希、辻井美穂、青木玲、持田夏樹、愛原さえ、藤咲葵（愛川香織）、北川エリカ、結城みさ、椎名ひかる、里崎あかね、黒谷りょうこ、杜山ゆりか、北川みなみ、春日もも、和久井もも,https://www.javbus.com/JUSD-439,
BIB-060 淫乱痴女SEX8時間,BIB-060 淫乱痴女SEX8時間,BIB-060,,2012-09-21,479分鐘,,美,美,淫乱痴女SEX,蕩婦、口交、合集、各種職業、多P、DMM獨家,新名しおり、里美ゆりあ、大橋未久、志保、さとう遥希、JULIA、紗奈、北条麻妃、水元ゆうな、笠木忍、森ななこ、川上ゆう（森野雫）、ERIKA（モカ、MOKA）、かすみりさ、真田春香、浜崎りお（森下えりか、篠原絵梨香）、鈴木杏里、愛咲れいら（原千尋）、如月カレン、西野翔、初美沙希、小谷理紗、あすか光希、悠月舞、水澤まお（永沢まおみ）、愛原さえ、AIKA、大石美咲、桐谷ユリア、北川瞳、妃悠愛（長澤杏奈、水原里香、木崎祐子）、北川エリカ、椎名ひかる、仁科百華、有村千佳、藤本悠麻、松嶋れいな,https://www.javbus.com/BIB-060,
AUKB-024 人妻レズ4時間 3,AUKB-024 人妻レズ4時間 3,AUKB-024,,2012-09-10,245分鐘,,U＆K,U＆K,人妻レズ4時間,成熟的女人、女同性戀、合集、已婚婦女、女同接吻,水沢真樹、結城みさ、羽月希、瀬戸ありさ、管野しずか、北条麻妃、大塚咲（小野沙樹、大滝佐紀）、加藤ツバキ（夏樹カオル）、浜崎りお（森下えりか、篠原絵梨香）、桐原あずさ（伊藤あずさ）、浅倉彩音、紫彩乃、若林ひかる,https://www.javbus.com/AUKB-024,
LADS-119 夜這いレズビアン LADS-119,LADS-119 夜這いレズビアン LADS-119,LADS-119,,2012-09-08,127分鐘,,トップマーシャル,LADIES♀ROOM,,和服・喪服、女同性戀、舔陰,倉木みお、大槻ひびき、藤咲沙耶、浅乃ハルミ、北条麻妃、小坂めぐる、加藤ツバキ（夏樹カオル）,https://www.javbus.com/LADS-119,
PSD-911 RADIX48 3rdシーズン 恥ずかしい浣腸 美女48人の丸見えアナル噴射540分,PSD-911 RADIX48 3rdシーズン 恥ずかしい浣腸 美女48人の丸見えアナル噴射540分,PSD-911,,2012-08-27,539分鐘,,レイディックス,Piss,RADIX48,放尿、灌腸、羞恥、肛交,藤永梓、田辺莉子、倉科絢果、松下紗弓、青山はるき、吉沢花梨、宮瀬あき、真中ケイ、つるのゆう、管野しずか、日南りょう、桜戸りんご、松尾うめ、観月あさみ、西山真里、真咲南朋（楓モモ、安藤なつ妃）、杏子ゆう、桜井由乃、桐原あずさ（伊藤あずさ）、内村美樹、おりえあん、長谷川真央、夏樹美雨、飯田あかり、坂本理沙、水谷しずか、早瀬礼香、杉田千明、真中陶子、鳳生つばき、川並すみれ、前田友美、桃香ゆり、浅川サラ、西園あみ、ゆうき真央、城井聖花、愛咲麻里子、宮崎由麻、北条麻妃、坂田もも、光矢れん、吉村杏菜,https://www.javbus.com/PSD-911,
MLW-5002 Mellow Moon スレンダー美熟女12人 特選ベスト4時間,MLW-5002 Mellow Moon スレンダー美熟女12人 特選ベスト4時間,MLW-5002,,2012-08-27,240分鐘,,MellowMoon,MellowMoon,,成熟的女人、苗條、合集,結城みさ、桐岡さつき、水嶋あずみ、北条麻妃、澤村レイコ（高坂保奈美、高坂ますみ）、妃乃ひかり、川上ゆう（森野雫）,https://www.javbus.com/MLW-5002,
MCSR-072 中出し近親相姦 お義父様やめて下さい 義理の父に中出しされる息子の嫁,MCSR-072 中出し近親相姦 お義父様やめて下さい 義理の父に中出しされる息子の嫁,MCSR-072,,2012-08-26,121分鐘,ながふちつよし,ビッグモーカル,マスカット,中出し近親相姦お義父様やめて下さい義理の父に中出しされる息子の嫁,成熟的女人、亂倫、已婚婦女、中出、高畫質,桐岡さつき、北条麻妃、町村小夜子,https://www.javbus.com/MCSR-072,
JUSD-433 発射直後のチ○ポをむさぼる美熟女お掃除フェラ8時間,JUSD-433 発射直後のチ○ポをむさぼる美熟女お掃除フェラ8時間,JUSD-433,,2012-08-24,478分鐘,,マドンナ,Madonna,発射直後のチ○ポをむさぼる美熟女お掃除フェラ,成熟的女人、母親、口交、合集、已婚婦女、數位馬賽克、DMM獨家,和久井もも、中園貴代美、杉本亜美、真木今日子、篠田ゆう、愛原さえ、結城みさ、ましろ杏、管野しずか、ASUKA、百花エミリ、白河雪乃、神谷さき、秋野千尋、香坂玲依寧、愛田奈々、南レイ、木村真子、平和島結希、宮瀬リコ、日向みのり、さとう遥希、石倉えいみ、石田れいな、池田美和子、有村千佳、伊沢美春（伊沢美晴）、大沢美加（廣田まりこ）、立花みずき、阿利希キリア（阿利希カレラ）、さくらい葉菜、藤咲葵（愛川香織）、平山薫、瀬戸ありさ、愛内凛、花村いづみ、羽月希、白鳥美雪、荒木瞳、美河さき、水咲カレン、新村まり子、美原咲子、里崎あかね、観月恋、青木玲、佐藤みき（佐藤美紀、鈴木志帆）、瀬名あゆむ（広瀬藍子）、森ななこ、明星ちかげ、神崎レオナ（七瀬かすみ）、はるか悠、雪見紗弥、小向杏奈（桜井麻美）、恵けい、つぼみ、波多野結衣、小池絵美子、鏡麗子、橘エレナ、真波紫乃、真白希実、北条麻妃、鈴香音色、折原ゆかり、若菜あゆみ、翔田千里、青木りん、愛咲れいら（原千尋）、さおり（沙織）、蜜美あい、富樫まり子、佐伯みずほ、片瀬翔子、石井麻奈美、川島れい、吉乃ほのか、柴咲ゆうり、北川みなみ、青木美空、高橋アリサ、持田夏樹、上原千尋、名城翠、暮町ゆうこ、二宮凛、君野ありさ、高梨あゆみ、有奈めぐみ、和希美波,https://www.javbus.com/JUSD-433,
OKJU-001 夢の美熟女回春エステサロン,OKJU-001 夢の美熟女回春エステサロン,OKJU-001,,2012-08-22,235分鐘,EKIMOTO,ケイ・エム・プロデュース,おか熟。,夢の美熟女回春エステサロン,成熟的女人、美容院、足交,横山みれい、内田美奈子、北条麻妃、村上涼子（中村りかこ、黒木菜穂）、川上ゆう（森野雫）,https://www.javbus.com/OKJU-001,
LADS-118 禁断レズ調教3 女の肉欲に目覚め溺れゆく女達,LADS-118 禁断レズ調教3 女の肉欲に目覚め溺れゆく女達,LADS-118,,2012-08-16,121分鐘,,トップマーシャル,LADIES♀ROOM,禁断レズ調教,成熟的女人、女同性戀、性奴、拘束、舔陰,浅間アリス（黒川メイサ）、愛あいり、松田友美、青木あさみ、愛葉悠、彩佳リリス（藤崎クロエ）、水沢真樹、櫻井ゆうこ、管野しずか、北条麻妃、楓はるか、加藤ツバキ（夏樹カオル）,https://www.javbus.com/LADS-118,
AAJB-141 【AV30】黒人巨大マラVSニッポンの熟女 熟女総合メーカーグローバルメディア完全保存版 8時間,AAJB-141 【AV30】黒人巨大マラVSニッポンの熟女 熟女総合メーカーグローバルメディア完全保存版 8時間,AAJB-141,,2012-08-13,478分鐘,,グローバルメディアエンタテインメント,AV30,,成熟的女人、合集、數位馬賽克、黑人演員,長沢小雪、関口梨乃、長谷川美紅、加山なつこ、はるか悠、青井マリ、望月加奈（松沢真理）、紫彩乃、鏡麗子、夢野まりあ、杉本蘭、牧本千幸（つかもと友希）、松岡貴美子、山本ちづこ、北原夏美、川上ゆう（森野雫）、望月ゆみ、大林理恵（大林リエ）、三角美紀子、柳田やよい、桜井ひとみ、村上涼子（中村りかこ、黒木菜穂）、澤村レイコ（高坂保奈美、高坂ますみ）、橘美沙、若槻まどか、神田美優、五十嵐しのぶ、管野しずか、月島悠里、瀬奈涼、星杏奈、桐岡さつき、櫻井夕樹、蒼乃幸恵、白鳥聖子、高島恭子、山口美香、吉岡奈々子、時越芙美江、藤沢未央、有沢実紗、水沢真樹、魚住優子、北条麻妃、藤森綾子、美原咲子、松すみれ,https://www.javbus.com/AAJB-141,
AAJB-118 【AV30】タカラ映像 100人8時間,AAJB-118 【AV30】タカラ映像 100人8時間,AAJB-118,,2012-08-13,482分鐘,,タカラ映像,AV30,,成熟的女人、合集、已婚婦女,高嶋美鈴、朝比奈れいこ、岩下京香、峰岸洋子、伊集院茜、柏木ゆり、田辺夏美、藤沢芳恵、滝沢さゆり、村上涼子（中村りかこ、黒木菜穂）、風見志穂、田中明美、桜ちえり、藤下梨花、雪音ありさ、西野あけみ、仁科さゆり、河瀬リナ、水咲理沙、さとう遥希、朝霧一花、蒼乃幸恵、木村真子、芦屋静香、桜井里緒菜、楢崎かほり、和久井もも、津村美那子、藤咲沙耶、中園貴代美、西城玲華、赤坂みなみ、花沢真子、香川翔、梨果メリア、白石冴子、水沢えみり、愛原さえ、大川直子、黒田麻世、沢渡紗織、香坂玲依寧、北川瞳、北川千尋、南野あかり、牧田かえで、百花エミリ、板倉幸江、小出遥、雨宮真貴、須永佐和子、有村千佳、水元鈴乃、荒木瞳、仁科百華、早乙女らぶ、桐岡さつき、倉木みお、上村あずさ、羽月希、橘ひなた、岡崎花江、伊織涼子、今村美穂、香坂めぐ、結城みさ、瀬奈涼、和葉みれい（藤白まき）、しずく、井川ゆい、RUMIKA、沢村麻耶、川上ゆう（森野雫）、椎名ゆな、宮坂レイア、安藤美沙、北条麻妃、花木あのん、麻生香月、中森玲子、澤村レイコ（高坂保奈美、高坂ますみ）、広瀬奈々美（堀口奈津美）、星崎アンリ、風間ゆみ、森ななこ、真田春香、柳田やよい、水城奈緒、つぼみ、加藤ツバキ（夏樹カオル）、芦名未帆（稲森しほり）、星野あかり、岡田京子、艶堂しほり（遠藤しおり）、木下若菜,https://www.javbus.com/AAJB-118,
AAJB-138 【AV30】ルビー創立20周年記念作品ガッツリ魅せます！歴代売上ランキングBEST60,AAJB-138 【AV30】ルビー創立20周年記念作品ガッツリ魅せます！歴代売上ランキングBEST60,AAJB-138,,2012-08-13,482分鐘,,ルビー,AV30,,成熟的女人、合集、4小時以上作品,吹雪しおり、沢口愛子、廣野すみれ、川原小百合、根元純、鷹宮りょう、浅倉彩音、美原咲子、艶堂しほり（遠藤しおり）、友田真希、松岡貴美子、雪村あずさ、帝塚真織、浜野るり子、天間美津江、藤ノ宮礼美、岩崎千鶴、川上ゆう（森野雫）、大塚咲（小野沙樹、大滝佐紀）、沙羅樹、江原あけみ（美輪ちあき）、キム・ソラ、与田明子、岩本良美、牧本千幸（つかもと友希）、美神さゆり、佐藤みき（佐藤美紀、鈴木志帆）、山咲百合子、広瀬奈々美（堀口奈津美）、羽月希、星安奈、北条麻妃、滝川峰子、横尾しのぶ、櫻井夕樹、島村倫代、牧みどり、時越芙美江、大河内奈美、結希玲衣（美咲礼、美咲レイ）、石井みどり、波純子、佐倉久子、愛田正子、大竹かずよ、新尾きり子、湊まり、坂田美影、並木橋靖子、柳田やよい、中園貴代美、鏡麗子、結城みさ、草凪純（加納瑞穂）、桜井あずさ、黒崎礼子、北原夏美、澤村レイコ（高坂保奈美、高坂ますみ）、風間ゆみ,https://www.javbus.com/AAJB-138,
TYWD-032 とってもエロ～い女の舌！全身ベロベロ男体舐め狂い集,TYWD-032 とってもエロ～い女の舌！全身ベロベロ男体舐め狂い集,TYWD-032,,2012-08-12,239分鐘,,乱丸,乱丸,,口交、其他戀物癖、合集、花癡、DMM獨家,花井メイサ、あのあるる、平井綾、KYOKO、ましろ杏、早乙女ルイ、艶堂しほり（遠藤しおり）、水城奈緒、澤村レイコ（高坂保奈美、高坂ますみ）、笠木忍、クリス小澤、東野愛鈴、川上ゆう（森野雫）、ERIKA（モカ、MOKA）、鮎川なお、田中亜弥、香椎杏子、小坂めぐる、浜崎りお（森下えりか、篠原絵梨香）、橘ミオン（石川鈴華）、紗奈、長澤あずさ、青木玲、nao.（小池ひとみ）、水元ゆうな、貝満ひとみ、友田真希、星崎アンリ、北条麻妃、浅乃ハルミ、有沢実紗、鈴木ミント、女池さゆり、Hitomi（田中瞳）、玲丸、ひなのりく、倉科さやか、星優乃、柳田やよい、大堀香奈、水咲カレン、美咲結衣、鈴音りおな、瀬奈涼、村西まりな、まりか、雫パイン、泉麻那、妃悠愛（長澤杏奈、水原里香、木崎祐子）、碧しの（篠めぐみ）、井川ゆい、愛音ゆり、RUMIKA、佐倉美佐、COCONA（ココナ）、桐岡さつき、つぼみ、春咲あずみ、新井エリー（晶エリー、大沢佑香）、芦名未帆（稲森しほり）、北田優歩、村上涼子（中村りかこ、黒木菜穂）、@YOU、寧々、田中梨子、西野翔、山本美和子、雛丸、北川瞳、美神あおい、進藤みく、諸星セイラ（百瀬涼）,https://www.javbus.com/TYWD-032,
RKI-200 中出しベストの逸品 ドックドク生中出し100人24時間,RKI-200 中出しベストの逸品 ドックドク生中出し100人24時間,RKI-200,,2012-08-12,1438分鐘,,ROOKIE,ROOKIE,,其他戀物癖、合集、中出、DMM獨家,あすか伊央、長谷川リオ、並樹ゆりあ、北川瞳、浅乃ハルミ、ERIKA（モカ、MOKA）、茅ヶ崎ありす、君野ゆめ、秋麗子、愛咲れいら（原千尋）、北原夏美、浜崎りお（森下えりか、篠原絵梨香）、綾瀬しおり、香坂杏奈、村上里沙、七瀬ゆうり、大葉なな、遠山千里、夏川るい、真琴、樋口冴子（桐島千沙）、千堂ゆりあ、矢田みりあ、ほしのまき、RiRi、MOMO、乙音奈々、芦名未帆（稲森しほり）、藤本まりな、沙雪、楓アイル、上原留華、三津なつみ、nao.（小池ひとみ）、片瀬まこ、清原りょう、今野梨乃、加山なつこ、水野美香、大空あかね、秋菜楓、乙姫みゆ、牧原れい子、水元ゆうな、竹内あい、水城奈緒、広瀬奈々美（堀口奈津美）、西山香菜、鈴音りおな、橘なお（上原海里）、大沢美加（廣田まりこ）、まりか、鈴木きあら（美空あいり）、泉麻那、妃悠愛（長澤杏奈、水原里香、木崎祐子）、亜希菜、碧しの（篠めぐみ）、JULIA、坂野由梨、西城玲華、愛原さえ、本多成実、佐々木はるか、秋本詩音、仁科百華、弘前亮子、武藤クレア、愛沢蓮、上原カエラ、松すみれ、eco、矢沢もえ、伊藤美里、KYOKO、艶堂しほり（遠藤しおり）、小峰ひなた、天宮紗那、楓まお、紺野ひより、一戸のぞみ、Hitomi（田中瞳）、RUMIKA、美月、青空小夏、希内あんな、葵ちひろ、北条麻妃、さくら結衣、長澤あずさ、友亜リノ,https://www.javbus.com/RKI-200,
RKI-201 お漏らしが止まらない！気持ちよすぎる失禁・羞恥お漏らし200人16時間,RKI-201 お漏らしが止まらない！気持ちよすぎる失禁・羞恥お漏らし200人16時間,RKI-201,,2012-08-12,958分鐘,,ROOKIE,ROOKIE,,放尿、合集、羞恥、DMM獨家,仲村知夏、鮎川あゆみ、愛実（秋川ルイ）、雪乃しずく、麻美ゆま、愛原さえ、春風えみ、泉麻那、広瀬奈々美（堀口奈津美）、青木玲、愛里ひな、綾瀬しおり、歩原らいと、ほしのみゆ、春名えみ、果梨、ICHIKA、向坂美々、竹内あい、遥めぐみ、綾瀬ひめ、春日梨乃、水城奈緒、今宮せつな、藤崎怜里、加藤ツバキ（夏樹カオル）、桜井かりん、百瀬まひる、水元美菜、浜崎りお（森下えりか、篠原絵梨香）、矢田みりあ、村上里沙、田中亜弥、小西那奈、大橋未久、香椎由紀、香椎杏子、加藤レイナ、ayami（赤西涼、まひる）、原更紗、常盤りん、灘坂舞、杉崎夏希、雪見紗弥、京野明日香、君野ゆめ、真田春香、佐藤リカ、大城舞衣子、Rico、心愛、羽田夕夏、峰なゆか、桃瀬えみる、RION（二宮沙羅）、寧々、楓アイル、早咲まみ、西野翔、藤沢マリ、仲村もも、如月カレン、長谷川美紅、天使美樹、志保、南波杏、風間ゆみ、村上涼子（中村りかこ、黒木菜穂）、かすみ果穂、綾瀬メグ、早川瀬里奈、Rio（柚木ティナ）、Marin.、山咲ちゆり、遥奈歩、桜井梨花、SARINA、来栖ゆう、柚木あや、片瀬まこ、小川あさ美、辻本りょう、新井エリー（晶エリー、大沢佑香）、芦名未帆（稲森しほり）、一ノ瀬カレン、北田優歩、金沢文子、小谷理紗、周防ゆきこ、鈴木きあら（美空あいり）、永田玲子、松すみれ、杉崎りか、横山みれい、ましろ杏、椎名ゆな、星島ちさ、葵ちひろ、北条麻妃、速水百花、小向まな美、成瀬心美（ここみ）、愛斗ゆうき、葵ぶるま、里美ゆりあ、大沢美加（廣田まりこ）、管野しずか、木島るみ、高沢沙耶、櫻井ともか、長谷川しずく、北川瞳、前田優希、野高ゆめ、沢アリサ、森川真羽、吉永沙織、白高ちさと、絵色千佳、吉川ゆあ、西條るり、若葉くるみ、平田美咲、桜花えり、亜梨、雨宮琴音、前乃さとみ、那月朱里、国仲ありす、逢沢なお（青山れあ）、松嶋りょう、冬月かえで、花井メイサ、桜木凛、うるみゆう、岬リサ、川上ゆう（森野雫）、相内リカ、細川まり、愛海、橘ゆめみ、茉莉花、一戸のぞみ、長澤あずさ、明佐奈（土屋かなこ）、佐田あゆみ、恵けい、希崎ジェシカ、真琴さや（織峰さや）、紗奈、星アンジェ、月見栞、ふわり、みなみちょこ、あのあるる、吉沢みなみ、水玉レモン、星野梨緒,https://www.javbus.com/RKI-201,
GFT-162 痴女軍団があなたの自宅へ電撃訪問！,GFT-162 痴女軍団があなたの自宅へ電撃訪問！,GFT-162,,2012-08-11,127分鐘,,GALLOP,GIFT,,蕩婦、成熟的女人、高、故事集,滝沢のぞみ、愛あいり、浅倉彩音、甲斐ミハル、中森玲子、星優乃、北条麻妃、石原あすか、川上ゆう（森野雫）、風間ゆみ、鷺沼由衣香,https://www.javbus.com/GFT-162,
AAJB-135 【AV30】MILUカタログ 狂一 VS Dopamix,AAJB-135 【AV30】MILUカタログ 狂一 VS Dopamix,AAJB-135,,2012-08-10,239分鐘,DOPAMIX,ミル,AV30,,其他戀物癖、合集、連褲襪、屁股、戀腿癖,三村紗枝、水沢真樹、横山みれい、紗奈、中森玲子、みづなれい（みずなれい）、北条麻妃、深田梨菜（深田梨奈）、鈴木さとみ、つぼみ、水嶋あずみ、瑠菜（安西瑠菜、RUNA）、常磐エレナ、遥花しいな、本田奈々美、哀川りん、仲野希、琥珀うた、中居ちはる、内田真由、佐倉カオリ、橘ひなた、芹那,https://www.javbus.com/AAJB-135,
AAJB-104 【AV30】S級熟女決定版！！ベストオブ義母中出し 4時間,AAJB-104 【AV30】S級熟女決定版！！ベストオブ義母中出し 4時間,AAJB-104,,2012-08-10,241分鐘,,VENUS,AV30,,成熟的女人、合集、已婚婦女、中出、婆婆,椎名ゆな、長澤あずさ、波多野結衣、結城みさ、立花みずき、新尾きり子、妃悠愛（長澤杏奈、水原里香、木崎祐子）、北条麻妃、澤村レイコ（高坂保奈美、高坂ますみ）、風間ゆみ、木下若菜、桐岡さつき、羽月希、伊織涼子、矢部寿恵、佐藤みき（佐藤美紀、鈴木志帆）、川上ゆう（森野雫）、柳田やよい、翔田千里、青木りん、妃乃ひかり、青木玲、長谷川美紅、水元ゆうな、友田真希、牧原れい子、加山なつこ、広瀬奈々美（堀口奈津美）、中森玲子、さとう遥希,https://www.javbus.com/AAJB-104,
MBYD-142 熟女がイク瞬間4時間 Vol.2,MBYD-142 熟女がイク瞬間4時間 Vol.2,MBYD-142,,2012-08-09,239分鐘,,溜池ゴロー,溜池ゴロー,熟女がイク瞬間,成熟的女人、合集、數位馬賽克、巨乳、DMM獨家,辻本りょう、春咲あずみ、横山みれい、北原夏美、水城奈緒、北条麻妃、翔田千里、村上涼子（中村りかこ、黒木菜穂）、水元ゆうな、風間ゆみ、朝霧一花、神崎レオナ（七瀬かすみ）、川上ゆう（森野雫）、艶堂しほり（遠藤しおり）、森ななこ、澤村レイコ（高坂保奈美、高坂ますみ）、浅倉彩音、加藤なお、吉岡奈々子、河合律子、山見ゆな、杉本亜美、石田れいな、沢村麻耶、美原咲子、新尾きり子、華山美玲、立花みずき、森山杏菜（森山杏奈）、瀬奈ジュン、瀬奈涼、結城みさ、香坂めぐ、伊織涼子、飯倉えりか、荒木瞳、優木明日花、佐々木千香、小出遥、橘エレナ,https://www.javbus.com/MBYD-142,
AAJB-009 【AV30】今でも見たい熟女から旬な熟女まで総まとめ！ BEST HIT美熟女,AAJB-009 【AV30】今でも見たい熟女から旬な熟女まで総まとめ！ BEST HIT美熟女,AAJB-009,,2012-08-09,479分鐘,,溜池ゴロー,AV30,BESTHIT美熟女,成熟的女人、合集、已婚婦女、4小時以上作品、DMM獨家,雨宮真貴、あづま樹、大城真澄、増尾彩、星野あかり、伊織涼子、艶堂しほり（遠藤しおり）、翔田千里、村上涼子（中村りかこ、黒木菜穂）、高倉梨奈、紫彩乃、友崎亜希、友田真希、楠真由美、風間ゆみ、松本まりな、酒井ちなみ（紫葵）、金子リサ、牧本千幸（つかもと友希）、志村玲子、瀬戸ゆうき、中森玲子、佐藤みき（佐藤美紀、鈴木志帆）、浅倉彩音、折原ゆかり、三咲恭子、北条麻妃、橘エレナ、管野しずか、澤村レイコ（高坂保奈美、高坂ますみ）、森ななこ、山本艶子、五十川みどり、浅井舞香、松浦ユキ、北原夏美、竹内順子、川上ゆう（森野雫）、姫野京香、桐岡さつき,https://www.javbus.com/AAJB-009,
AAJB-005 【AV30】AV30×Madonnaマドンナが愛した美熟女30人8時間,AAJB-005 【AV30】AV30×Madonnaマドンナが愛した美熟女30人8時間,AAJB-005,,2012-08-09,478分鐘,,マドンナ,AV30,,成熟的女人、合集、已婚婦女、凌辱、巨乳、DMM獨家,長谷川美紅、酒井ちなみ（紫葵）、翔田千里、村上涼子（中村りかこ、黒木菜穂）、里中亜矢子、牧原れい子、紫彩乃、友田真希、友崎亜希、風間ゆみ、松本まりな、山口玲子、岩崎千鶴、加山なつこ、五十川みどり、樋口冴子（桐島千沙）、秋野千尋、伊島香織、桐岡さつき、結城みさ、北条麻妃、有沢実紗、佐藤みき（佐藤美紀、鈴木志帆）、中森玲子、澤村レイコ（高坂保奈美、高坂ますみ）、森ななこ、艶堂しほり（遠藤しおり）、広瀬奈々美（堀口奈津美）、川上ゆう（森野雫）、愛田奈々,https://www.javbus.com/AAJB-005,
KAGS-019 出演直後の控室で人気AV女優6名にビンビン勃起チンポを見せたらまだまだとヤリ足りなくて発情しっぱなしだったのですぐにイカされちゃいました！,KAGS-019 出演直後の控室で人気AV女優6名にビンビン勃起チンポを見せたらまだまだとヤリ足りなくて発情しっぱなしだったのですぐにイカされちゃいました！,KAGS-019,,2012-08-07,122分鐘,網走ゴロー,AFRO-FILM,赫夜姫映像,,成熟的女人、乳交、巨乳,沢田珠里、伊織涼子、矢部寿恵、羽月希、北条麻妃、川上ゆう（森野雫）,https://www.javbus.com/KAGS-019,
HODV-20795 熟女スタイル SUPER STARS 8時間,HODV-20795 熟女スタイル SUPER STARS 8時間,HODV-20795,,2012-08-04,478分鐘,一平,h.m.p,h.m.p,SUPER★STARS,成熟的女人、多P、4小時以上作品,艶堂しほり（遠藤しおり）、佐藤みき（佐藤美紀、鈴木志帆）、北条麻妃、澤村レイコ（高坂保奈美、高坂ますみ）、翔田千里、松本亜璃沙、高倉梨奈、紫彩乃、風間ゆみ,https://www.javbus.com/HODV-20795,
BID-033 美熟痴女の温泉ツアー,BID-033 美熟痴女の温泉ツアー,BID-033,,2012-07-21,178分鐘,ザック荒井,美,DELUXE,,蕩婦、成熟的女人、濫交、口交、多P、高畫質、DMM獨家,結城みさ、北条麻妃、村上涼子（中村りかこ、黒木菜穂）、川上ゆう（森野雫）、風間ゆみ,https://www.javbus.com/BID-033,
WSP-100 一撃！！舌上発射 至極の20連弾！！ BEST4時間,WSP-100 一撃！！舌上発射 至極の20連弾！！ BEST4時間,WSP-100,,2012-07-20,239分鐘,,ワープエンタテインメント,S＋,一撃！！舌上発射,其他戀物癖、合集、眼鏡、吞精,秋元美由、青山ゆい、絵色千佳、麻倉憂、雪見紗弥、星崎アンリ、早乙女ルイ、北条麻妃、広瀬奈々美（堀口奈津美）、川上ゆう（森野雫）、泉麻那、芦名未帆（稲森しほり）、月野りさ、浅乃かこ、橘れもん、一色明奈、結城みさ、碧しの（篠めぐみ）、大沢美加（廣田まりこ）、鷹宮りょう,https://www.javbus.com/WSP-100,
HTMS-012 接吻！（やる！）,HTMS-012 接吻！（やる！）,HTMS-012,,2012-07-13,111分鐘,ヘンリー塚本,FAプロ・プラチナ,ヘンリー塚本マニアック,,其他戀物癖、舔陰、女上位、戲劇,浅井舞香、羽月希、北谷静香、北条麻妃、浅井千尋、若菜あゆみ、つぼみ、広瀬奈々美（堀口奈津美）、加藤ツバキ（夏樹カオル）、風間ゆみ、早乙女らぶ、手塚みや、西城玲華、辺見麻衣、新谷彩夏、瀬奈ジュン、結城みさ、五十嵐しのぶ、内田美奈子,https://www.javbus.com/HTMS-012,
AAJB-023 【AV30】厳選美ッ痴女性交-究極の快楽に溺れ狂う美女-,AAJB-023 【AV30】厳選美ッ痴女性交-究極の快楽に溺れ狂う美女-,AAJB-023,,2012-07-12,239分鐘,,美,AV30,,蕩婦、合集、DMM獨家,あゆむ、西野翔、大橋未久、志保、森ななこ、鈴音りおな、竹内あい、松嶋れいな、水元ゆうな、笠木忍、里美ゆりあ、成瀬心美（ここみ）、北条麻妃、さとう遥希、仁科百華、JULIA、管野しずか、みずほゆき、小谷理紗,https://www.javbus.com/AAJB-023,
NEO-314 白濁！ マンカスコレクション 2 アドレナリンと共に卑猥なマンカスを溢れ出す6人の女たち,NEO-314 白濁！ マンカスコレクション 2 アドレナリンと共に卑猥なマンカスを溢れ出す6人の女たち,NEO-314,,2012-07-12,139分鐘,レジェンド☆MUKAI,レイディックス,neo（パラドックス）,白濁！マンカスコレクション,其他戀物癖、花癡、按摩棒、自慰,葵ジェル、桜戸りんご、西園あみ、米元路子、堀北優、北条麻妃,https://www.javbus.com/NEO-314,
AAJB-001 【AV30】祝AV30周年 MOODYZは全部ガチ！！歴代超人気女優100人 超人気シリーズ真性中出しコンプリート12時間,AAJB-001 【AV30】祝AV30周年 MOODYZは全部ガチ！！歴代超人気女優100人 超人気シリーズ真性中出しコンプリート12時間,AAJB-001,,2012-07-12,718分鐘,,ムーディーズ,AV30,真性中出し,合集、中出、4小時以上作品、DMM獨家,麗花、RiRi、椎名あきら、香月藍、竹内あい、北島玲、花宮あみ、美里かすみ、持田茜（しじみ）、真中ゆり、桃野なごみ、大沢美加（廣田まりこ）、鈴木きあら（美空あいり）、白石美咲、松すみれ、杉崎りか、美咲恋、Hitomi（田中瞳）、夏川未来（小春）、青山ローラ、北条麻妃、杏堂なつ（榊れいな）、里美ゆりあ、さくら結衣、亜梨、彩月あかり（岩佐めい）、小峰ひなた、あゆむ、前田優希、うるるまみ（風吹かのん）、広瀬奈々美（堀口奈津美）、花井メイサ、水森れん、友亜リノ、一戸のぞみ、愛あいり、七瀬ジュリア、あのあるる、早紀歩、逢沢なお（青山れあ）、桜みみ、愛実（秋川ルイ）、美澄れな、真琴、橘れもん、大橋未久、宮嶋かれん、KYOKO、瀬織さら、艶堂しほり（遠藤しおり）、岬リサ、浅乃ハルミ、里美理恵、常盤りん、美咲、櫻井美優、君野ゆめ、結川るり、桜子、神楽メイ、浜崎りお（森下えりか、篠原絵梨香）、紺野りさ子、春乃かすみ、松田亜美、香坂杏奈、むらさき真珠、若宮莉那、佐藤江梨花、早川瀬里奈、折原まみ、鈴木杏里、青木りん、神谷りの、柚木あや、さくらみいな、姫野愛、富永ルナ、藤森くらら、黒木麻衣（花野真衣、SHIHO）、当真ゆき（桜井マミ）、笠木忍、雪乃まひる、水原みなみ、あんずさき、上原留華、金城アンナ、美保唯、nao.（小池ひとみ）、南波杏、さくら紗希、葵ちひろ,https://www.javbus.com/AAJB-001,
WNZ-466 競泳水着×ぬるぬるローション×23人4時間,WNZ-466 競泳水着×ぬるぬるローション×23人4時間,WNZ-466,,2012-07-08,240分鐘,,ワンズファクトリー,WANZ,,乳液、4小時以上作品、學校泳裝,内田真由、早乙女美奈子、桜井エミリ、泉麻那、愛璃みい、RUMIKA、一戸のぞみ、成瀬心美（ここみ）、北条麻妃、細川まり、鮎川なお、月野りさ、早川瀬里奈、浅倉彩音、澤村レイコ（高坂保奈美、高坂ますみ）、妃悠愛（長澤杏奈、水原里香、木崎祐子）、星野あかり、鈴香音色、優木リノア、佐伯奈々、愛内ゆう,https://www.javbus.com/WNZ-466,
HODV-20787 SEXに溺れる女たち 4時間 これがチ○コ好きお姉さんの淫乱SEXだ！,HODV-20787 SEXに溺れる女たち 4時間 これがチ○コ好きお姉さんの淫乱SEXだ！,HODV-20787,,2012-07-06,239分鐘,一平,h.m.p,h.m.p,,花癡、姐姐、4小時以上作品,亜希菜、三田愛、浅倉舞、安達亜美、綾音ゆりあ、仁科百華、青山可奈、北条麻妃、北島玲、黒崎扇菜、水野つかさ、加藤ディーナ、篠原杏、大堀香奈、前田陽菜、豊丸,https://www.javbus.com/HODV-20787,
JUC-862 社宅妻スワッピング ～夫の留守に男を弄ぶ痴熟女乱交～,JUC-862 社宅妻スワッピング ～夫の留守に男を弄ぶ痴熟女乱交～,JUC-862,,2012-07-05,160分鐘,芳賀栄太郎,マドンナ,Madonna,,蕩婦、成熟的女人、濫交、已婚婦女、數位馬賽克、通姦、高畫質、DMM獨家,北条麻妃、牧原れい子、紫彩乃,https://www.javbus.com/JUC-862,
NASS-053 いいなりな人妻たち 辱め、おしおき、調教をされてしまう人妻たち,NASS-053 いいなりな人妻たち 辱め、おしおき、調教をされてしまう人妻たち,NASS-053,,2012-06-22,238分鐘,,なでしこ,Nadeshiko,いいなりな人妻たち,成熟的女人、已婚婦女、性奴、凌辱、女上位,池田美和子、鮎川みさと、松すみれ、竹内結、管野しずか、雪見紗弥、早乙女ルイ、北条麻妃、七瀬ゆい（羽田未来）、川上ゆう（森野雫）,https://www.javbus.com/NASS-053,
DAZD-042 悶絶浣腸全作品コンプリートBOX16時間,DAZD-042 悶絶浣腸全作品コンプリートBOX16時間,DAZD-042,,2012-06-22,958分鐘,,ダスッ！,ダスッ！,,灌腸、首次亮相、性奴、深喉、羞恥、DMM獨家,中島千秋、結希レイナ、愛沢蓮、KYOKO、恵けい、小峰ひなた、翼裕香、艶堂しほり（遠藤しおり）、広瀬奈々美（堀口奈津美）、紫彩乃、風間ゆみ、北条麻妃、前乃さとみ、鈴木杏里、小澤マリア、新井エリー（晶エリー、大沢佑香）、妃乃ひかり、峰なゆか、夏川未来（小春）、管野しずか、碧しの（篠めぐみ）、翔田千里、春咲あずみ、長谷川美紅,https://www.javbus.com/DAZD-042,
UMD-001 黒人婦女暴行 第参巻 日本人熟女20人4時間,UMD-001 黒人婦女暴行 第参巻 日本人熟女20人4時間,UMD-001,,2012-06-20,240分鐘,,グローバルメディアエンタテインメント,ULTRAMIX,黒人○○暴行,合集、數位馬賽克、4小時以上作品、高畫質、黑人演員,有沢実紗、櫻井夕樹、水沢真樹、松すみれ、桐岡さつき、美原咲子、北条麻妃、澤村レイコ（高坂保奈美、高坂ますみ）、柳田やよい、川上ゆう（森野雫）、紫彩乃、高島恭子、夢野まりあ、鏡麗子、村上涼子（中村りかこ、黒木菜穂）、蒼乃幸恵、管野しずか、瀬奈涼、星杏奈、長谷川美紅,https://www.javbus.com/UMD-001,
WAB-110 ワンズファクトリーマニアコレクション 近親相姦BEST,WAB-110 ワンズファクトリーマニアコレクション 近親相姦BEST,WAB-110,,2012-06-19,243分鐘,,ワンズファクトリー,WANZ,ワンズファクトリーマニアコレクション,成熟的女人、合集、亂倫、多P、舔陰,和希優子、中森玲子、北原夏美、北条麻妃、瀬戸ゆうき、小林芽衣（小林メイ）、広瀬奈々美（堀口奈津美）、志村玲子、村上涼子（中村りかこ、黒木菜穂）、風間ゆみ、浅倉彩音、佐藤みき（佐藤美紀、鈴木志帆）、澤村レイコ（高坂保奈美、高坂ますみ）、妃悠愛（長澤杏奈、水原里香、木崎祐子）、増田ゆり子、秋吉くみ、小林みゆき、西条麗、里中亜矢子、小沢志乃、高倉梨奈、友田真希、楠真由美、山口玲子、菊池エリ、鮎川るい、麻生洋子、桐岡さつき,https://www.javbus.com/WAB-110,
WAB-111 ワンズファクトリーマニアコレクション 露出デートBEST,WAB-111 ワンズファクトリーマニアコレクション 露出デートBEST,WAB-111,,2012-06-19,239分鐘,,ワンズファクトリー,WANZ,ワンズファクトリーマニアコレクション,放尿、野外・露出、合集、女生,大槻ひびき、泉麻那、飯島夏希、RUMIKA、松嶋侑里、茅ヶ崎ありす、星優乃、北条麻妃、村上里沙、澄川ロア、鷹宮りょう、澤村レイコ（高坂保奈美、高坂ますみ）、広瀬奈々美（堀口奈津美）、鮎川なお、一戸のぞみ、春矢つばさ（椎名りく）、早川瀬里奈、新井エリー（晶エリー、大沢佑香）、若葉薫子、青山葉子、黒木麻衣（花野真衣、SHIHO）、愛咲れいら（原千尋）、麻生岬、立花瞳、白鳥あきら、紅音ほたる（秋月杏奈）、佐伯奈々、加藤ツバキ（夏樹カオル）、小向杏奈（桜井麻美）、哀川りん,https://www.javbus.com/WAB-111,
TYWD-030 帰ってきた淫乱AV16時間 SEX大全,TYWD-030 帰ってきた淫乱AV16時間 SEX大全,TYWD-030,,2012-06-16,958分鐘,,乱丸,乱丸,,合集、花癡、數位馬賽克、4小時以上作品、DMM獨家,花井メイサ、玲丸、峰なゆか、鈴木杏里、ERIKA（モカ、MOKA）、早乙女ルイ、クリス小澤、乃亜（鳥越乃亜）、東野愛鈴、川上ゆう（森野雫）、くるみ（未来）、柊早矢（美咲ゆりあ）、寧々、田中梨子、西野翔、豹丸、山本美和子、木島るみ、悠月舞、希咲エマ（HARUKI、加藤はる希）、水澤まお（永沢まおみ）、高沢沙耶、西野まお、雛丸、星野あかり、櫻井ゆうこ、@YOU、水野美香、春咲あずみ、早川瀬里奈、Marin.、青木りん、小澤マリア、葉月奈穂（葉月菜穂）、新井エリー（晶エリー、大沢佑香）、芦名未帆（稲森しほり）、北田優歩、妃乃ひかり、村上涼子（中村りかこ、黒木菜穂）、雪野ひかる、愛原さえ、櫻井ともか、北川瞳、雫パイン、泉麻那、妃悠愛（長澤杏奈、水原里香、木崎祐子）、碧しの（篠めぐみ）、相原れな（三浦加奈、篠原リョウ）、井川ゆい、愛音ゆり、松すみれ、ジゼル、RUMIKA、佐倉美佐、横山みれい、ましろ杏、まりか、大沢美加（廣田まりこ）、村西まりな、霜月るな、美神あおい、近澤まゆみ、進藤みく、藤江まみ、仁科百華、桐岡さつき、COCONA（ココナ）、大堀香奈、水咲カレン、美咲結衣、鈴音りおな、瀬奈涼、諸星セイラ（百瀬涼）、つぼみ、白鳥るり、鈴木ミント、女池さゆり、Hitomi（田中瞳）、岡山涼花、ひなのりく、倉科さやか、佐田あゆみ、長澤あずさ、一戸のぞみ、須真杏里（須真杏理）、紗奈、橘ミオン（石川鈴華）、eco、榊なち、有沢実紗、水沢真樹、青木玲、nao.（小池ひとみ）、金沢文子、水元ゆうな、笠木忍、貝満ひとみ、友田真希、星崎アンリ、希内あんな、大槻ひびき、北条麻妃、浅乃ハルミ、成瀬心美（ここみ）、あのあるる、鷹宮りょう、澤村レイコ（高坂保奈美、高坂ますみ）、はるか悠、村上里沙、田中亜弥、香椎杏子、麗花、雪見紗弥、真田春香、浜崎りお（森下えりか、篠原絵梨香）、星優乃、北島玲、桜庭彩、柳田やよい、水城奈緒、きこうでんみさ、鮎川なお、前乃さとみ、平井綾、森ななこ、KYOKO、樹花凜（七咲楓花）、艶堂しほり（遠藤しおり）、一ノ瀬あきら、春風えみ、広瀬奈々美（堀口奈津美）,https://www.javbus.com/TYWD-030,
MDB-364 美熟女おもてなし癒し系ソープランド,MDB-364 美熟女おもてなし癒し系ソープランド,MDB-364,,2012-06-15,144分鐘,秋秀人,メディアステーション,BAZOOKA（バズーカ）,,企畫、成熟的女人、口交、妓女、按摩,横山みれい、北条麻妃、村上涼子（中村りかこ、黒木菜穂）、川上ゆう（森野雫）,https://www.javbus.com/MDB-364,
WNZ-471 ズボズボメッタ挿し！バイブオナニー！！,WNZ-471 ズボズボメッタ挿し！バイブオナニー！！,WNZ-471,,2012-06-15,120分鐘,,ワンズファクトリー,WANZ,,按摩棒、自慰,三上香里菜、綾見ひかる、百花エミリ、木下若菜、AIKA、椎名ひかる、さとう遥希、絵色千佳、今村美穂、北条麻妃,https://www.javbus.com/WNZ-471,
RPD-002 実録投稿・○編のリアルレイプドラマ 鬼塾長に狙われたとあるお受験ママたち,RPD-002 実録投稿・○編のリアルレイプドラマ 鬼塾長に狙われたとあるお受験ママたち,RPD-002,,2012-06-15,166分鐘,,グローバルメディアエンタテインメント,RAPE（グローバルメディアエンタテインメント）,,強姦、已婚婦女、數位馬賽克、高畫質、戲劇,北条麻妃、澤村レイコ（高坂保奈美、高坂ますみ）、翔田千里、村上涼子（中村りかこ、黒木菜穂）,https://www.javbus.com/RPD-002_2012-06-15,
SBB-142 美しすぎる女教師の誘惑授業,SBB-142 美しすぎる女教師の誘惑授業,SBB-142,,2012-06-11,239分鐘,,マルクス兄弟,MARXBrothersco.,,女教師、中出、女上位,星野あかり、西尾かおり、結城みさ、鈴音りおな、浅乃ハルミ、瀬奈涼、浅倉彩音、妃悠愛（長澤杏奈、水原里香、木崎祐子）、北条麻妃、黒木麻衣（花野真衣、SHIHO）,https://www.javbus.com/SBB-142,
LADY-107 LADY×LADY 5周年記念作品集 ♀2011年2月～2012年3月♀,LADY-107 LADY×LADY 5周年記念作品集 ♀2011年2月～2012年3月♀,LADY-107,,2012-06-10,218分鐘,浜口まき,LADY×LADY,LADY×LADY,,成熟的女人、女同性戀、合集、美少女、女優按摩棒,星野あかり、琥珀うた、樹花凜（七咲楓花）、北条麻妃、川上ゆう（森野雫）,https://www.javbus.com/LADY-107,
IE-254 団地妻の憂い 完全保存版,IE-254 団地妻の憂い 完全保存版,IE-254,,2012-06-10,238分鐘,,アイエナジー,IENERGY！,団地妻の憂い,合集、已婚婦女、羞恥、4小時以上作品,鷹宮りょう、辻さき、波多野結衣、友田彩也香、妃悠愛（長澤杏奈、水原里香、木崎祐子）、諸星セイラ（百瀬涼）、水城奈緒、加藤ツバキ（夏樹カオル）、浜崎りお（森下えりか、篠原絵梨香）、鮎川なお、北条麻妃、星アンジェ、早乙女ルイ、雨宮真貴、榊なち、森ななこ、星野あかり、かすみ果穂、三咲エリナ、若宮莉那、大塚咲（小野沙樹、大滝佐紀）、広瀬奈々美（堀口奈津美）、花井メイサ、立花里子、村上里沙、新井エリー（晶エリー、大沢佑香）、松すみれ,https://www.javbus.com/IE-254,
PDV-145 女ざかりのエロ熟女,PDV-145 女ざかりのエロ熟女,PDV-145,,2012-06-08,239分鐘,神田うさぎ構成編集,アリスJAPAN,ALICEPink,,成熟的女人、口交、合集、女上位、4小時以上作品,白川ゆり、妃すみれ、小森愛、芹沢恋、水沢真樹、妃悠愛（長澤杏奈、水原里香、木崎祐子）、佐藤みき（佐藤美紀、鈴木志帆）、吉岡奈々子、北条麻妃、坂本梨沙、澤村レイコ（高坂保奈美、高坂ますみ）、星野彩、桜川とう美、橘いずみ,https://www.javbus.com/PDV-145,
WSP-097 乳首の弱いカノジョと僕が、互いに乳首を責めあいました。 BEST THE 4時間,WSP-097 乳首の弱いカノジョと僕が、互いに乳首を責めあいました。 BEST THE 4時間,WSP-097,,2012-06-06,237分鐘,,ワープエンタテインメント,S＋,乳首の弱いカノジョと僕が、互いに乳首を責めあいました。,合集、姐姐、按摩、女生、打手槍,茉莉花、長澤あずさ、森ななこ、秋吉ひな、紗奈、Reo.（早坂玲央）、大塚咲（小野沙樹、大滝佐紀）、神崎レオナ（七瀬かすみ）、桐原あずさ（伊藤あずさ）、金沢文子、澤村レイコ（高坂保奈美、高坂ますみ）、北条麻妃、喜多沢くるす、RUMIKA、広瀬奈々美（堀口奈津美）、村上里沙、桜井梨花、橘れもん、一ノ瀬カレン、浜崎りお（森下えりか、篠原絵梨香）、新井エリー（晶エリー、大沢佑香）、風間ゆみ、Marin.、黒木麻衣（花野真衣、SHIHO）、瀬乃ゆいか,https://www.javbus.com/WSP-097,
VEZZ-006 S級熟女レズビアン 総集編,VEZZ-006 S級熟女レズビアン 総集編,VEZZ-006,,2012-06-01,242分鐘,,VENUS,Butch,,成熟的女人、女同性戀、合集、已婚婦女,西尾かおり、さとう遥希、矢部寿恵、桜りお、中森玲子、北条麻妃、村上涼子（中村りかこ、黒木菜穂）、紫彩乃、鏡麗子、風間ゆみ,https://www.javbus.com/VEZZ-006,
SWF-197 最高に癒される快感洗体プレイ 30人4時間,SWF-197 最高に癒される快感洗体プレイ 30人4時間,SWF-197,,2012-05-30,240分鐘,,ワンズファクトリー,WANZ,,口交、其他戀物癖、打手槍,あいりみく、愛原さえ、絵色千佳、今村美穂、朝香涼、麻倉憂、和葉みれい（藤白まき）、成瀬心美（ここみ）、ひなのりく、北条麻妃、小坂めぐる、浜崎りお（森下えりか、篠原絵梨香）、葉月奈穂（葉月菜穂）、村上涼子（中村りかこ、黒木菜穂）、黒木麻衣（花野真衣、SHIHO）、佐伯奈々、風間ゆみ、中森玲子、あいぶらん（蜜井とわ）、浅田ちち、紗奈、有村千佳、仁科百華、早乙女らぶ、武藤クレア、夏川リアナ、七瀬ゆい（羽田未来）,https://www.javbus.com/SWF-197,
TKO-111 接吻女装レズ 3 オンナになって女とキスをする。唾液まみれの絡み合うベロとベロ,TKO-111 接吻女装レズ 3 オンナになって女とキスをする。唾液まみれの絡み合うベロとベロ,TKO-111,,2012-05-28,119分鐘,MG☆ユッキー,レイディックス,TKO（パラドックス）,接吻女装レズ,其他戀物癖、女裝人妖、巨乳、打手槍,観月あさみ、川並すみれ、鳳生つばき、西野花梨（小柳まりん、椎名くるみ）、北条麻妃、桐原あずさ（伊藤あずさ）,https://www.javbus.com/TKO-111,
NASS-052 人妻強制中出し 騙されハメられ中出しされてしまう人妻たち 4時間,NASS-052 人妻強制中出し 騙されハメられ中出しされてしまう人妻たち 4時間,NASS-052,,2012-05-27,238分鐘,星野光明,なでしこ,Nadeshiko,,強姦、已婚婦女、中出、女上位,楓まお、香坂めぐ、鈴香音色、横山みれい、小野理菜、中森玲子、北条麻妃、はるか悠、村上涼子（中村りかこ、黒木菜穂）、川上ゆう（森野雫）,https://www.javbus.com/NASS-052,
BIB-052 働くオンナの逆レイプBEST,BIB-052 働くオンナの逆レイプBEST,BIB-052,,2012-05-24,359分鐘,,美,BEST（美）,,合集、各種職業、4小時以上作品、DMM獨家,杏堂なつ（榊れいな）、瀬名アスカ、あゆむ、蒼井怜、杉原桃花、里美ゆりあ、浅乃ハルミ、紗奈、北条麻妃、水元ゆうな、如月カレン、真田春香、西野翔、滝沢優奈、ゆうきさやか、仁科百華、椎名ひかる、JULIA、緋咲アンナ、魅麗、井川ゆい、松嶋れいな,https://www.javbus.com/BIB-052,
HYAKU-005 100人8時間 アイドル達のスゴすぎる潮吹きSEX,HYAKU-005 100人8時間 アイドル達のスゴすぎる潮吹きSEX,HYAKU-005,,2012-05-19,476分鐘,奥山光輝,ケイ・エム・プロデュース,100人,100人8時間,潮吹、合集、4小時以上作品,大石のぞみ、椎名ゆな、シェリー（Shelly、藤井シェリー）（しぇりー）、森ななこ、さとう遥希、西山希、桜りお、羽月希、麻倉憂、妃悠愛（長澤杏奈、水原里香、木崎祐子）、北条麻妃、成瀬心美（ここみ）、波多野結衣、紗奈、澤村レイコ（高坂保奈美、高坂ますみ）、綾波優、浅尾リカ、糸矢めい、紅音ほたる（秋月杏奈）、神咲詩織,https://www.javbus.com/HYAKU-005,
MDYD-687 欲求不満な若妻の大胆パンティ見せつけ挑発3 若妻4名,MDYD-687 欲求不満な若妻の大胆パンティ見せつけ挑発3 若妻4名,MDYD-687,,2012-05-11,147分鐘,,溜池ゴロー,溜池ゴロー,欲求不満な若妻の大胆パンティ見せつけ挑発,企畫、成熟的女人、新娘、年輕妻子、數位馬賽克、爛醉如泥的、高畫質、內衣、DMM獨家,水沢真樹、結城みさ、北条麻妃、澤村レイコ（高坂保奈美、高坂ますみ）,https://www.javbus.com/MDYD-687,
UD-527R 美乳騎乗位 The BEST,UD-527R 美乳騎乗位 The BEST,UD-527R,,2012-05-11,119分鐘,伊行留高山,LEO,LEO,,其他戀物癖、合集、乳房、女上位、巨乳,森山みき、平塚ゆい、森ななこ、吉田花、鈴音りおな、鈴木ミント、愛海一夏（秋乃ひとみ）、成瀬心美（ここみ）、北条麻妃、澄川ロア、瀬奈涼,https://www.javbus.com/UD-527R,
DBR-59 2011年RUBY年鑑 Vol.4,DBR-59 2011年RUBY年鑑 Vol.4,DBR-59,,2012-05-08,243分鐘,CHIKABUN,ルビー,RUBY,ルビー年鑑,成熟的女人、合集、4小時以上作品,白河雪乃、荒木瞳、有沢実紗、岩崎千鶴、沙羅樹、北条麻妃、柳田やよい、川上ゆう（森野雫）、紫彩乃、風間ゆみ、城山さをり、大竹かずよ、中園貴代美、高畑ゆり、天間美津江、高城紗香、彩月かおる、江原あけみ（美輪ちあき）、高垣美和子、竹田かよ,https://www.javbus.com/DBR-59,
JUSD-408 甘い蜜壷を求め合う美熟女20人のレズSEX8時間,JUSD-408 甘い蜜壷を求め合う美熟女20人のレズSEX8時間,JUSD-408,,2012-04-19,479分鐘,,マドンナ,Madonna,,成熟的女人、女同性戀、合集、無毛、數位馬賽克、4小時以上作品、DMM獨家、肛交,森ななこ、加山なつこ、浅倉彩音、艶堂しほり（遠藤しおり）、北条麻妃、深田梨菜（深田梨奈）、広瀬奈々美（堀口奈津美）、川上ゆう（森野雫）、笠木忍、風間ゆみ、浜崎りお（森下えりか、篠原絵梨香）、桐原あずさ（伊藤あずさ）、新井エリー（晶エリー、大沢佑香）、星野あかり、雪音ありさ、藤咲沙耶、伊島香織、結城みさ、管野しずか、篠原奈美,https://www.javbus.com/JUSD-408,
CADV-311 ディープレズビアン 8時間SP 2,CADV-311 ディープレズビアン 8時間SP 2,CADV-311,,2012-04-16,477分鐘,,クリスタル映像,CRYSTALEX,ディープ・レズビアン,成熟的女人、女同性戀、美少女、4小時以上作品、巨乳,篠原美咲、小宮山せりな、小沢優名、あずみ恋、上村あずさ、愛音麻友、結城みさ、中森玲子、北条麻妃、川上ゆう（森野雫）、小桜りく、平子知歌、優木さや、早坂愛梨、北川エリカ、星野あかり、辻本りょう、瀬名えみり、はるか悠、夏海碧、横山みれい、井川ゆい、風見渚、瀬奈涼、柴咲ゆうり,https://www.javbus.com/CADV-311,
RKI-180 風俗でヌこうよ エッチな美女100名16時間,RKI-180 風俗でヌこうよ エッチな美女100名16時間,RKI-180,,2012-04-13,959分鐘,,ROOKIE,ROOKIE,,合集、妓女、4小時以上作品、DMM獨家,KAORI、KEI、美咲みゆ、橘美沙、希崎ジェシカ、茉莉花、桜ここみ、ましろ杏、佐藤みき（佐藤美紀、鈴木志帆）、ほしのみゆ、小川あさ美、辻本りょう、今井もも、美原咲子、かすみ果穂、麻美ゆま、翔田千里、Rio（柚木ティナ）、青井マリ、くるみ（未来）、水城奈緒、乙音奈々、志村玲子、村上涼子（中村りかこ、黒木菜穂）、中野美奈、西條るり、SARA、平山みな、雫パイン、天海つばさ、安部ちなつ、佐倉カオリ、佐々木はるか、Maika（MEW）、二宮沙樹、星野あかり、桃瀬えみる、峰なゆか、恋小夜、北島玲、愛斗ゆうき、君島冴子（AOI.、村上葵）、花木あのん、牧原れい子、希美まゆ、北条麻妃、憂木瞳（中山アンナ）、光月夜也（林絵里）、蒼井そら、南波杏、吉沢明歩、水元ゆうな、神崎美樹、あいだゆあ、桐原エリカ、星優乃、歩原らいと、綾瀬しおり、初音みのり、大橋未久、川上ゆう（森野雫）、七海なな、桜木凛、広瀬奈々美（堀口奈津美）、冬月かえで、森ななこ,https://www.javbus.com/RKI-180,
RKI-179 噴射がぶっちぎりに凄い浣腸アクメ16時間,RKI-179 噴射がぶっちぎりに凄い浣腸アクメ16時間,RKI-179,,2012-04-13,959分鐘,,ROOKIE,ROOKIE,,合集、灌腸、凌辱、羞恥、4小時以上作品、DMM獨家,KYOKO、恵けい、春咲あずみ、翼裕香、艶堂しほり（遠藤しおり）、前乃さとみ、桃瀬れな、広瀬奈々美（堀口奈津美）、新井エリー（晶エリー、大沢佑香）、風間ゆみ、リナ・ディソン、紫彩乃、長谷川美紅、志保、結城綾音、真白希実、結希レイナ、北条麻妃、榊なち、亜梨、愛沢蓮、結城かれん、並樹ゆりあ、浅井千尋、一ノ瀬さくら、神田美穂、小峰ひなた、菜菜美ねい、辻本りょう、結城凛、姫咲りりあ、早川瀬里奈、翔田千里、大塚ひな、片瀬くるみ、鈴木杏里、神谷りの、中村香月、小澤マリア、妃乃ひかり、松坂みるく、碧しの（篠めぐみ）、愛音ゆう、常盤りん、峰なゆか、RION（二宮沙羅）、希咲エマ（HARUKI、加藤はる希）、あきな、京野ゆめ、夏川未来（小春）、管野しずか、村西まりな、水嶋あい、小松ひな,https://www.javbus.com/RKI-179,
SBB-137 美脚＆美尻×黒タイツ＆黒パンスト×4時間,SBB-137 美脚＆美尻×黒タイツ＆黒パンスト×4時間,SBB-137,,2012-04-09,238分鐘,,マルクス兄弟,MARXBrothersco.,,連褲襪、屁股、戀腿癖,内田真由、黒木アリサ、紗奈、北条麻妃、澤村レイコ（高坂保奈美、高坂ますみ）、佐伯奈々、黒木麻衣（花野真衣、SHIHO）、風間ゆみ,https://www.javbus.com/SBB-137,
SBB-135 ディルドオナニー60人 4時間,SBB-135 ディルドオナニー60人 4時間,SBB-135,,2012-04-09,242分鐘,,マルクス兄弟,MARXBrothersco.,,玩具、自慰,杉崎のあ、香坂美鈴、竹内サキ、新垣紗絵、森ななこ、哀川りん、樹花凜（七咲楓花）、黒木アリサ、紗奈、愛菜りな、山口玲子、月野りさ、成宮あいり、南りん、平井ミッシェル、北条麻妃、望月ゆみ、青木りん、阿部菜津子（福山洋子、織原寧々）、葉月奈穂（葉月菜穂）、黒木麻衣（花野真衣、SHIHO）、愛実（秋川ルイ）、水城奈緒、松嶋侑里、松浦ユキ、はるか悠、北原夏美、水谷ひとみ、大槻ひびき、あづみ、中野愛里、安藤えみ、美咲結衣、内田真由、矢吹杏、美神あおい、北川瞳、青木まり、寺島ちひろ、高沢沙耶、優木リノア、悠月舞、工藤沙菜恵、武藤クレア、JULIA、伊沢美春（伊沢美晴）、在佳亜矢、RUMIKA、瑠菜（安西瑠菜、RUNA）、碧しの（篠めぐみ）、持田百恵、妃悠愛（長澤杏奈、水原里香、木崎祐子）、愛乃みやび、望多つばさ、大城美咲、結城みさ、七瀬あさみ、中林彩、黒崎萌華,https://www.javbus.com/SBB-135,
MDYD-680 社員旅行で酔っ払った同僚と中出しSEX,MDYD-680 社員旅行で酔っ払った同僚と中出しSEX,MDYD-680,,2012-04-08,117分鐘,ながしめ,溜池ゴロー,溜池ゴロー,,成熟的女人、中出、DVD多士爐、高畫質、DMM獨家,水沢真樹、結城みさ、北条麻妃、澤村レイコ（高坂保奈美、高坂ますみ）,https://www.javbus.com/MDYD-680,
MIBD-631 美しき百合の花園 レズビアン4時間,MIBD-631 美しき百合の花園 レズビアン4時間,MIBD-631,,2012-04-08,238分鐘,,ムーディーズ,MOODYZBest,,女同性戀、合集、美少女、數位馬賽克、舔陰、女同接吻、DMM獨家,辻さき、つくし（大沢つくし）、まりか、星優乃、水城奈緒、大塚咲（小野沙樹、大滝佐紀）、竹内あい、つぼみ、浜崎りお（森下えりか、篠原絵梨香）、鮎川なお、真田春香、彩花ゆめ、瀬織さら、風間ゆみ、里美ゆりあ、南つかさ、小川あさ美、芦名未帆（稲森しほり）、諸星セイラ（百瀬涼）、碧しの（篠めぐみ）、大沢美加（廣田まりこ）、松乃涼、弘前亮子、大堀香奈、前田陽菜、山下みう、ゆうき真央、西野翔、峰なゆか、北条麻妃,https://www.javbus.com/MIBD-631,
MBYD-137 義姉凌辱調教8時間,MBYD-137 義姉凌辱調教8時間,MBYD-137,,2012-04-08,479分鐘,,溜池ゴロー,溜池ゴロー,義姉凌辱調教,合集、已婚婦女、多P、數位馬賽克、性奴、凌辱、羞恥、4小時以上作品、DMM獨家,星野あかり、森ななこ、浅倉彩音、北条麻妃、柳田やよい、広瀬奈々美（堀口奈津美）,https://www.javbus.com/MBYD-137,
SWF-191 特選美熟女 熟れた女の濃厚なまぐわい 20人4時間,SWF-191 特選美熟女 熟れた女の濃厚なまぐわい 20人4時間,SWF-191,,2012-04-04,240分鐘,来生元也,ワンズファクトリー,WANZ,,成熟的女人、多P、4小時以上作品,和希優子、中森玲子、艶堂しほり（遠藤しおり）、西条麗、翔田千里、玉置マリア、あずま樹、紫彩乃、朝倉まりあ、風間ゆみ、北島玲、早乙女香織、北原夏美、川上ゆう（森野雫）、澤村レイコ（高坂保奈美、高坂ますみ）、高井えみり、北条麻妃、橘エレナ、結城みさ,https://www.javbus.com/SWF-191,
MIBD-627 中出し1450連発,MIBD-627 中出し1450連発,MIBD-627,,2012-03-30,478分鐘,,ムーディーズ,MOODYZBest,,合集、數位馬賽克、凌辱、中出、4小時以上作品、DMM獨家,桜子、さくら紗希、鈴木杏里、早川瀬里奈、青木りん、川奈まり子、佐藤江梨花、真弓あゆ、上原美紀、逢乃うさぎ、美咲、香月藍、むらさき真珠、若宮莉那、Rico、流海、神谷りの、柚木あや、しいないおり、乙音奈々、竹内あい、君野ゆめ、結川るり、渚、神楽メイ、浜崎りお（森下えりか、篠原絵梨香）、春乃かすみ、松田亜美、香坂杏奈、北島玲、RiRi、花宮あみ、新井エリー（晶エリー、大沢佑香）、北田優歩、野々宮りん（長谷川めい）、雪乃まひる、水原みなみ、あんずさき、上原留華、裕木サラ、金城アンナ、美保唯、美里かすみ、葉山みなみ（杉浦美由）、河瀬えまり、南波杏、持田茜（しじみ）、酒井るんな、中塚愛、藤本まりな、さくらみいな、姫野愛、富永ルナ、真中ゆり、藤森くらら、折原まみ、黒木麻衣（花野真衣、SHIHO）、川愛加奈、当真ゆき（桜井マミ）、椎名あきら、白鳥あきら、安部かおり、麗花、nao.（小池ひとみ）、早紀歩、横山みれい、あゆむ、美月、星崎アンリ、青空小夏、葵ちひろ、北条麻妃、浅乃ハルミ、桃野なごみ、杏堂なつ（榊れいな）、里美ゆりあ、さくら結衣、亜梨、美咲恋、杉崎りか、石川流花、里美理恵、前田優希、青山ローラ、あずみ恋、羽月希、夏川未来（小春）、大沢美加（廣田まりこ）、まりか、中山エリス、鈴木きあら（美空あいり）、白石美咲、松すみれ、彩月あかり（岩佐めい）、小峰ひなた、広瀬奈々美（堀口奈津美）、花井メイサ、MARIMO、岬リサ、中居みゆ、真琴、千堂ゆりあ、橘れもん、大橋未久、宮嶋かれん、美澄れな、常盤りん、紺野りさ子、桜みみ、瀬織さら、くるみひな、Hitomi（田中瞳）、艶堂しほり（遠藤しおり）、うるるまみ（風吹かのん）、藤谷さやか、水森れん、友亜リノ、一戸のぞみ、愛あいり、逢沢なお（青山れあ）、KYOKO、愛実（秋川ルイ）、あのあるる、七瀬ジュリア,https://www.javbus.com/MIBD-627,
BIB-048 BEST100セレクション！ 騎乗位8時間スペシャル,BIB-048 BEST100セレクション！ 騎乗位8時間スペシャル,BIB-048,,2012-03-24,479分鐘,,美,BEST（美）,,蕩婦、合集、女上位、4小時以上作品、DMM獨家,杏堂なつ（榊れいな）、愛あいり、KYOKO、森ななこ、紗奈、早乙女ルイ、藤本AYAY、広瀬奈々美（堀口奈津美）、松嶋れいな、愛咲れいら（原千尋）、北条麻妃、笠木忍、鈴木杏里、夏樹あい、浅乃ハルミ、瀬名アスカ、綾瀬美都（内山遥）、伊東美姫、里美ゆりあ、南りん、新名しおり、松生彩、黒木アリサ、大橋未久、ayami（赤西涼、まひる）、真田春香、浜崎りお（森下えりか、篠原絵梨香）、竹内あい、新井エリー（晶エリー、大沢佑香）、蒼井怜、杉原桃花、仁科百華、小谷理紗、白川ゆかり、悠月舞、優木まみ、さとう遥希、坂野由梨、愛原さえ、大石美咲、北川瞳、有村千佳、ゆうきさやか、あゆむ、椎名ひかる、井川ゆい、西野翔、滝沢優奈、JULIA、鈴音りおな、緋咲アンナ、長谷川聖那、村西まりな、魅麗、みずほゆき、瑠菜（安西瑠菜、RUNA）、小桜沙樹、横山みれい、小野紗里奈、ももかりん,https://www.javbus.com/BIB-048,
RKI-175 世界で一番大きなチンポを持つ男のSEX 水沢真樹 澤村レイコ 北条麻妃 結城みさ,RKI-175 世界で一番大きなチンポを持つ男のSEX 水沢真樹 澤村レイコ 北条麻妃 結城みさ,RKI-175,,2012-03-16,150分鐘,タイガー小堺,ROOKIE,ROOKIE,世界で一番大きなチンポを持つ男のSEX,企畫、成熟的女人、中出、高畫質、顏射、DMM獨家,水沢真樹、結城みさ、北条麻妃、澤村レイコ（高坂保奈美、高坂ますみ）,https://www.javbus.com/RKI-175,
ELO-380 超熟練 癒し女優の自宅で超高級ソープ,ELO-380 超熟練 癒し女優の自宅で超高級ソープ,ELO-380,,2012-03-16,467分鐘,,イエロー,YeLLOW,AV女優出張ヘルスハッピーマットパラダイス,合集、妓女、數位馬賽克、按摩、高畫質、DMM獨家,美原咲子、北条麻妃、村上涼子（中村りかこ、黒木菜穂）、川上ゆう（森野雫）,https://www.javbus.com/ELO-380,
ANHD-015 団地妻レズビアン全集,ANHD-015 団地妻レズビアン全集,ANHD-015,,2012-03-16,466分鐘,,アンナと花子,アンナと花子,団地妻レズビアン,女同性戀、合集、已婚婦女、4小時以上作品、DMM獨家,北川エリカ、鷹宮りょう、北条麻妃、桐島ひかり、大塚咲（小野沙樹、大滝佐紀）、桐原あずさ（伊藤あずさ）、新井エリー（晶エリー、大沢佑香）、川上ゆう（森野雫）,https://www.javbus.com/ANHD-015,
RKI-171 SSS級オールスターズ メガ凌辱スペシャル16時間,RKI-171 SSS級オールスターズ メガ凌辱スペシャル16時間,RKI-171,,2012-03-16,959分鐘,,ROOKIE,ROOKIE,,強姦、合集、美少女、深喉、輪姦、凌辱、中出、4小時以上作品、DMM獨家,美咲みゆ、希志あいの、里美ゆりあ、長澤あずさ、麻美ゆま、吉沢明歩、紗奈、中森玲子、みづなれい（みずなれい）、蒼井そら、北川瞳、小西那奈、ましろ杏、愛原さえ、二宮沙樹、かすみ果穂、吉崎直緒、翔田千里、春咲あずみ、つぼみ、水城奈緒、青山ローラ、有村千佳、結城みさ、大沢美加（廣田まりこ）、妃悠愛（長澤杏奈、水原里香、木崎祐子）、亜希菜、井川ゆい、桜花えり、若葉くるみ、JULIA、羽月希、桐岡さつき、仁科百華、浜崎りお（森下えりか、篠原絵梨香）、初音みのり、大橋未久、麻倉まみ、成瀬心美（ここみ）、牧原れい子、音羽レオン、北条麻妃、椎名ゆな、友田真希、志保、水元ゆうな、長谷川美紅、青木玲、如月カレン、風間ゆみ、樋口冴子（桐島千沙）、ERIKA（モカ、MOKA）、黒木いちか（東条かれん）、川上ゆう（森野雫）、七海なな、葉月紗絢、星乃せあら（南まりん）、森ななこ、澤村レイコ（高坂保奈美、高坂ますみ）,https://www.javbus.com/RKI-171,
DTD-015 BEST HIT DREAM TICKET 2009年ドリームチケット上半期総集編 THE 4時間,DTD-015 BEST HIT DREAM TICKET 2009年ドリームチケット上半期総集編 THE 4時間,DTD-015,,2012-03-14,235分鐘,,ドリームチケット,ドリームチケット,BESTHIT,蕩婦、合集、女上位、高中女生、女生,小澤マリア、北条麻妃、澤村レイコ（高坂保奈美、高坂ますみ）、妃乃ひかり,https://www.javbus.com/DTD-015,
SBB-132 メガネが似合うエロカワ娘 50人4時間,SBB-132 メガネが似合うエロカワ娘 50人4時間,SBB-132,,2012-03-09,242分鐘,,マルクス兄弟,MARXBrothersco.,,合集、眼鏡,仁科百華、愛音まひろ、愛璃みい、松嶋侑里、麻倉憂、成瀬心美（ここみ）、鈴木さとみ、あいぶらん（蜜井とわ）、浜崎りお（森下えりか、篠原絵梨香）、姫野愛、松金めぐみ、辻さき、碧しの（篠めぐみ）、月野りさ、新井エリー（晶エリー、大沢佑香）、椎奈つばめ、風間ゆみ、宝月ひかる、紅音ほたる（秋月杏奈）、あづみ、小坂めぐる、北条麻妃、小日向しおり、樹花凜（七咲楓花）、澤村レイコ（高坂保奈美、高坂ますみ）、吉沢みなみ、一戸のぞみ、早乙女りん、ERIKA（モカ、MOKA）、鈴木ミント、川愛加奈、星野あかり、木下若菜、百花エミリ、長谷川しずく、有村千佳、鈴音りおな、結城みさ、桜りお、瀬奈涼、直嶋あい、大沢美加（廣田まりこ）、時田あいみ、中野愛理、鮎川なお、妃乃ひかり、芽衣奈（南芽衣奈）、Rico、川嶋あみ、春矢つばさ（椎名りく）,https://www.javbus.com/SBB-132,
UD-519R 特選！！3P＆レズ＆凌辱レイプ集,UD-519R 特選！！3P＆レズ＆凌辱レイプ集,UD-519R,,2012-03-06,179分鐘,タブー大崎,LEO,LEO,,女同性戀、強姦、多P、凌辱、按摩棒,上村あずさ、三隅京子、観月由奈、今村美穂、桜りお、朝香涼、北条麻妃、川上ゆう（森野雫）、朝倉智子、三森純菜、吉野あおい、桜井桃子、吉田理恵子,https://www.javbus.com/UD-519R,
SMD-045 濡れびちょ変態 熟女レズ集,SMD-045 濡れびちょ変態 熟女レズ集,SMD-045,,2012-02-29,239分鐘,,グローバルメディアエンタテインメント,SUPERMIX,,成熟的女人、女同性戀、合集、數位馬賽克、乳液、女優按摩棒、高畫質,有沢実紗、森ななこ、高島恭子、瀬奈ジュン、管野しずか、北条麻妃、広瀬奈々美（堀口奈津美）、浜崎りお（森下えりか、篠原絵梨香）、桐原あずさ（伊藤あずさ）、川上ゆう（森野雫）、北島玲、柳田やよい、大塚咲（小野沙樹、大滝佐紀）、村上涼子（中村りかこ、黒木菜穂）、黒木麻衣（花野真衣、SHIHO）、友田真希、夢野まりあ、風間ゆみ、結城みさ,https://www.javbus.com/SMD-045,
MIBD-622 女を穴扱い集団輪姦,MIBD-622 女を穴扱い集団輪姦,MIBD-622,,2012-02-26,238分鐘,,ムーディーズ,MOODYZBest,,強姦、合集、各種職業、多P、數位馬賽克、輪姦、凌辱、DMM獨家,真琴、桜子、麗花、渚、うるみゆう、美咲、歩原らいと、灘坂舞、鈴木きあら（美空あいり）、佐山愛、糸矢めい、竹内あい、むらさき真珠、黒木なほ、青山菜々、早川瀬里奈、櫻井ゆうこ、峰なゆか、西野翔、常盤りん、大橋未久、日向りのあ、亜梨、北条麻妃、ましろ杏、天海つばさ、妃悠愛（長澤杏奈、水原里香、木崎祐子）、周防ゆきこ、まりか、羽月希、水森れん、友亜リノ、MARIMO、心有花、愛実（秋川ルイ）、逢沢なお（青山れあ）、眞鍋しおり、七瀬ジュリア、水無月レイラ、愛あいり、青山ローラ,https://www.javbus.com/MIBD-622,
BIB-047 射精寸前の絶頂SEX6時間,BIB-047 射精寸前の絶頂SEX6時間,BIB-047,,2012-02-24,359分鐘,,美,BEST（美）,,蕩婦、合集、淫語、DMM獨家,愛あいり、鷹宮りょう、里美ゆりあ、大橋未久、森ななこ、仁科百華、黒木アリサ、紗奈、成瀬心美（ここみ）、愛咲れいら（原千尋）、笠木忍、橘れもん、西野翔、上原カエラ、松生彩、杉原桃花、夏樹あい、小峰ひなた、蒼井怜、伊東美姫、広瀬奈々美（堀口奈津美）、水元ゆうな、如月カレン、松嶋れいな、滝沢優奈、新井エリー（晶エリー、大沢佑香）、鈴木杏里、竹内あい、浜崎りお（森下えりか、篠原絵梨香）、真田春香、藤本AYAY、新名しおり、南りん、ももかりん、鈴音りおな、JULIA、椎名ひかる、北川瞳、AIKA、愛原さえ、坂野由梨、さとう遥希、優木まみ、白川ゆかり、小谷理紗、緋咲アンナ、長谷川聖那、魅麗、杏堂なつ（榊れいな）、綾瀬美都（内山遥）、瀬名アスカ、管野しずか、浅乃ハルミ、北条麻妃、あゆむ、小桜沙樹、横山みれい、小野紗里奈、妃悠愛（長澤杏奈、水原里香、木崎祐子）、みずほゆき、大沢美加（廣田まりこ）、亜希菜,https://www.javbus.com/BIB-047,
DAZD-039 ダスッ！5周年記念16時間BEST,DAZD-039 ダスッ！5周年記念16時間BEST,DAZD-039,,2012-02-24,958分鐘,,ダスッ！,ダスッ！,,強姦、合集、輪姦、中出、4小時以上作品、DMM獨家、肛交,佐藤ショコラ、白石さゆり、橘なお（上原海里）、木下若菜、坂野由梨、浅乃ハルミ、水城奈緒、竹内あい、あいぶらん（蜜井とわ）、乙音奈々、風間ゆみ、桜りお、北川瞳、彩音さくら、希咲あや、仁科百華、小日向みく、弘前亮子、JULIA、小林さとみ、七瀬ルナ、愛原さえ、夏川未来（小春）、管野しずか、まりか、朋香めい、泉麻那、さくら姫、碧しの（篠めぐみ）、小泉なほ、鈴音りおな、RUMIKA、恵けい、結希レイナ、宮坂レイア、北条麻妃、成瀬心美（ここみ）、松下桃香、桜あやめ、雨宮琴音、小峰ひなた、Hitomi（田中瞳）、長月ラム、日向ひかる、佐藤みき（佐藤美紀、鈴木志帆）、七瀬ジュリア、水玉レモン、KYOKO、艶堂しほり（遠藤しおり）、広瀬奈々美（堀口奈津美）、愛沢蓮、KEI、原明奈、花井メイサ、岬リサ、前乃さとみ、鮎川なお、ayami（赤西涼、まひる）、美優千奈、灘坂舞、綾瀬みう、南つかさ、うるみゆう、真田春香、小坂めぐる、浜崎りお（森下えりか、篠原絵梨香）、果梨、大塚咲（小野沙樹、大滝佐紀）、春咲あずみ、翔田千里、松嶋れいな、小澤マリア、小川あさ美、叶樹梨、新井エリー（晶エリー、大沢佑香）、妃乃ひかり、亜紗美、峰なゆか、牧原れい子、愛咲れいら（原千尋）、伊沢千夏、鈴木杏里、金沢文子、如月カレン、涼果りん、青木玲、紫彩乃、長谷川美紅、水元ゆうな、友田真希、夕樹舞子、青木りん、北川エリカ,https://www.javbus.com/DAZD-039,
BIB-046 美ッ痴！淫口フェラチオ8時間スペシャル,BIB-046 美ッ痴！淫口フェラチオ8時間スペシャル,BIB-046,,2012-02-24,479分鐘,,美,BEST（美）,,蕩婦、口交、合集、DMM獨家,蒼井怜、夏樹あい、新名しおり、南りん、里美ゆりあ、大橋未久、さとう遥希、成瀬心美（ここみ）、橘れもん、水元ゆうな、緋咲アンナ、あゆむ、村西まりな、白川ゆかり、優木まみ、愛咲れいら（原千尋）、ゆうきさやか、長谷川聖那、管野しずか、小桜沙樹、横山みれい、小野紗里奈、井川ゆい、ももかりん、妃悠愛（長澤杏奈、水原里香、木崎祐子）、魅麗、椎名ひかる、JULIA、鈴音りおな、瀬名アスカ、綾瀬美都（内山遥）、杏堂なつ（榊れいな）、如月カレン、滝沢優奈、西野翔、北条麻妃、浅乃ハルミ、杉原桃花、黒木アリサ、藤本AYAY、竹内あい、鈴木杏里、松嶋れいな,https://www.javbus.com/BIB-046,
BID-028 男1人を責め続ける3人の痴女 乃亜 結城みさ 北条麻妃,BID-028 男1人を責め続ける3人の痴女 乃亜 結城みさ 北条麻妃,BID-028,,2012-02-24,178分鐘,ザック荒井,美,DELUXE,男1人を責め続ける3人の痴女,蕩婦、淫語、多P、高畫質、DMM獨家、打手槍,結城みさ、北条麻妃、乃亜（鳥越乃亜）,https://www.javbus.com/BID-028,
NHDTA-219 痴漢されても拒めない手をつないだ母娘を感じさせろ！！ 6,NHDTA-219 痴漢されても拒めない手をつないだ母娘を感じさせろ！！ 6,NHDTA-219,,2012-02-23,175分鐘,ジャケン小玉,ナチュラルハイ,NATURALHIGH,痴漢されても拒めない手をつないだ母娘を感じさせろ！！,母親、數位馬賽克、性騷擾,早乙女らぶ、矢部寿恵、北条麻妃,https://www.javbus.com/NHDTA-219,
WNZ-422 THE 放尿・失禁 44人4時間,WNZ-422 THE 放尿・失禁 44人4時間,WNZ-422,,2012-02-21,241分鐘,,ワンズファクトリー,WANZ,,放尿、野外・露出、4小時以上作品、女優按摩棒,有村千佳、哀川りん、大沢美加（廣田まりこ）、碧しの（篠めぐみ）、月野りさ、小坂めぐる、広瀬奈々美（堀口奈津美）、あいぶらん（蜜井とわ）、浜崎りお（森下えりか、篠原絵梨香）、鮎川なお、樹花凜（七咲楓花）、鈴香音色、音羽レオン、愛瑠みい、泉麻那、RUMIKA、大槻ひびき、北条麻妃、西野まお,https://www.javbus.com/WNZ-422,
SWF-184 憧れの有名女優VS素人マジ童貞 筆おろし10番勝負！4時間,SWF-184 憧れの有名女優VS素人マジ童貞 筆おろし10番勝負！4時間,SWF-184,,2012-02-21,240分鐘,,ワンズファクトリー,WANZ,,4小時以上作品、處男、巨乳,朝倉ことみ、木下若菜、武藤クレア、仁科百華、雫パイン、紗奈、ひなのりく、北条麻妃、小坂めぐる、浜崎りお（森下えりか、篠原絵梨香）,https://www.javbus.com/SWF-184,
RKI-168 感じるワキ毛 総集編4時間,RKI-168 感じるワキ毛 総集編4時間,RKI-168,,2012-02-18,239分鐘,,ROOKIE,ROOKIE,感じるワキ毛,其他戀物癖、合集、4小時以上作品、DMM獨家,桃瀬えみる、北条麻妃、大塚咲（小野沙樹、大滝佐紀）、川上ゆう（森野雫）,https://www.javbus.com/RKI-168,
TYWD-025 淫乱AV80連発8時間,TYWD-025 淫乱AV80連発8時間,TYWD-025,,2012-02-18,479分鐘,,乱丸,乱丸,,合集、花癡、4小時以上作品、DMM獨家,COCONA（ココナ）、雫パイン、泉麻那、大沢美加（廣田まりこ）、村西まりな、瀬奈涼、ましろ杏、倉科さやか、諸星セイラ（百瀬涼）、希咲エマ（HARUKI、加藤はる希）、鈴音りおな、美咲結衣、大堀香奈、桐岡さつき、仁科百華、笠木忍、妃悠愛（長澤杏奈、水原里香、木崎祐子）、碧しの（篠めぐみ）、ひなのりく、女池さゆり、鈴木ミント、榊なち、有沢実紗、水沢真樹、成瀬心美（ここみ）、浅乃ハルミ、北条麻妃、希内あんな、星崎アンリ、佐倉美佐、RUMIKA、愛音ゆり、井川ゆい、友田真希、水元ゆうな、青木玲、クリス小澤、花井メイサ、春風えみ、KYOKO、森ななこ、平井綾、あのあるる、橘ミオン（石川鈴華）、紗奈、長澤あずさ、藤江まみ、霜月るな、北川瞳、櫻井ともか、雛丸、東野愛鈴、川上ゆう（森野雫）、白鳥るり、西野翔、田中梨子、雪野ひかる、村上涼子（中村りかこ、黒木菜穂）、北田優歩、新井エリー（晶エリー、大沢佑香）、柳田やよい、きこうでんみさ、春咲あずみ、水野美香、つぼみ、澤村レイコ（高坂保奈美、高坂ますみ）、桜庭彩、ERIKA（モカ、MOKA）、西野まお,https://www.javbus.com/TYWD-025,
JJ-021 ヌル撮 オイルマッサージ 会社の上司と部下,JJ-021 ヌル撮 オイルマッサージ 会社の上司と部下,JJ-021,,2012-02-16,130分鐘,,グローリークエスト,GLORYQUEST,ヌル撮,按摩、手指插入、高畫質、泳裝、巨乳,桐谷あや、柏木鈴、栗崎紗理奈、仁科百華、北条麻妃、村上涼子（中村りかこ、黒木菜穂）,https://www.javbus.com/JJ-021,
GMED-067 高級住宅街に住む美人のセレブ妻を近所で働く年収200万円の派遣労働者がレイプ！！,GMED-067 高級住宅街に住む美人のセレブ妻を近所で働く年収200万円の派遣労働者がレイプ！！,GMED-067,,2012-02-08,136分鐘,あばしり一家,グローバルメディアエンタテインメント,GlobalGME,,成熟的女人、強姦、已婚婦女、多P、數位馬賽克、高畫質,雪野ひかり、中森玲子、北条麻妃,https://www.javbus.com/GMED-067,
SW-090 一周年ありがとう480分メガ盛りスイッチコンプリート,SW-090 一周年ありがとう480分メガ盛りスイッチコンプリート,SW-090,,2012-02-07,489分鐘,,SWITCH,SWITCH（SWITCH）,○周年ありがとう,合集、亂倫、已婚婦女、校服,倉木みお、橘ひなた、瀬名あゆむ（広瀬藍子）、松すみれ、北川瞳、桜りお、成瀬心美（ここみ）、早乙女ルイ、北条麻妃、つぼみ,https://www.javbus.com/SW-090_2012-02-07,
WNZ-421 誰かに見つかりそうな場所で相互愛撫しながら発射しちゃった僕。,WNZ-421 誰かに見つかりそうな場所で相互愛撫しながら発射しちゃった僕。,WNZ-421,,2012-01-31,121分鐘,,ワンズファクトリー,WANZ,,蕩婦、手指插入、打手槍,西尾かおり、篠田ゆう、水沢真樹、琥珀うた、管野しずか、北条麻妃、黒木麻衣（花野真衣、SHIHO）、一ノ瀬アメリ（美空あやか、栗栖エリカ）,https://www.javbus.com/WNZ-421,
REAL-411 しっぽフェラチオ 四つん這い男のチ○ポを後ろから舐め犯す,REAL-411 しっぽフェラチオ 四つん這い男のチ○ポを後ろから舐め犯す,REAL-411,,2012-01-27,151分鐘,アニー中村,レアルワークス,REAL（レアルワークス）,,口交、深喉,悠月舞、北川瞳、仁科百華、瑠菜（安西瑠菜、RUNA）、泉麻那、横山みれい、みづなれい（みずなれい）、北条麻妃,https://www.javbus.com/REAL-411,
NATR-079 温泉旅館の欲求不満な三姉妹 ～近親交尾に痴態を晒す女たち～ 北条麻妃 結城みさ 成瀬心美,NATR-079 温泉旅館の欲求不満な三姉妹 ～近親交尾に痴態を晒す女たち～ 北条麻妃 結城みさ 成瀬心美,NATR-079,,2012-01-24,171分鐘,倉田大明,なでしこ,Nadeshiko,,亂倫、戲劇,結城みさ、成瀬心美（ここみ）、北条麻妃,https://www.javbus.com/NATR-079,
SVOMN-041 THEガチンコプロレズ ベストバウト作品集,SVOMN-041 THEガチンコプロレズ ベストバウト作品集,SVOMN-041,,2012-01-22,270分鐘,,サディスティックヴィレッジ,サディスティックヴィレッジ,THEガチンコ○○,女同性戀、其他戀物癖、格鬥家,彩佳リリス（藤崎クロエ）、武藤クレア、桜りお、RUMIKA、雪見紗弥、星優乃、北条麻妃、橘れもん、つぼみ、新井エリー（晶エリー、大沢佑香）,https://www.javbus.com/SVOMN-041,
MBYD-134 バックで突かれ淫れる美熟女8時間,MBYD-134 バックで突かれ淫れる美熟女8時間,MBYD-134,,2012-01-08,479分鐘,,溜池ゴロー,溜池ゴロー,,成熟的女人、合集、數位馬賽克、巨乳、DMM獨家,MISA、宮崎彩香、大友唯愛、春咲あずみ、艶堂しほり（遠藤しおり）、大塚咲（小野沙樹、大滝佐紀）、黒木麻衣（花野真衣、SHIHO）、白鳥美鈴、樋口冴子（桐島千沙）、間宮いずみ、横山みれい、瀬奈涼、瀬奈ジュン、管野しずか、立花みずき、華山美玲、北条麻妃、河合律子、伊織涼子、桐岡さつき、桜みちる、橘エレナ、真波紫乃、真白希実、杉山あゆみ、光月涼子、新尾きり子、亜希菜、吉岡奈々子、小鳥遊恋（高梨恋子）、桃井さくら、澤村レイコ（高坂保奈美、高坂ますみ）、細川まり、桜庭怜香、檀杏奈、浅倉彩音、折原ゆかり、広瀬ゆかり、木村雅子、仁科祐紀、姫野京香、若狭静珈、桐島菜穂子、北原夏美、川瀬さやか、神崎レオナ（七瀬かすみ）、石黒京香（黒木かえで）、川上ゆう（森野雫）、白川ゆり、風吹逸見、相楽杏、桜井咲子、松浦ユキ、白河真央、加藤レイナ、青伊らん、水城奈緒、星月優菜、瀬戸ゆうき、天海ゆり、あづま樹、柳田やよい、大柴ルミ、南原香織、増尾彩、翔田千里、辻本りょう、大友園子、村上涼子（中村りかこ、黒木菜穂）、七海菜々、@YOU、星野あかり、金子リサ、桐原あずさ（伊藤あずさ）、矢吹涼子、内田知里、滝沢優奈、高倉梨奈、小池絵美子、友崎亜希、楠真由美、酒井ちなみ（紫葵）、山口玲子、広瀬奈央美、雨宮真貴,https://www.javbus.com/MBYD-134,
MIBD-614 MOODYZ歴代セールスTOP50作品 中出し編,MIBD-614 MOODYZ歴代セールスTOP50作品 中出し編,MIBD-614,,2012-01-08,238分鐘,,ムーディーズ,MOODYZBest,MOODYZ歴代セールスTOP○作品,合集、花癡、數位馬賽克、凌辱、中出、DMM獨家,桜子、若宮莉那、青木りん、横山みれい、大沢美加（廣田まりこ）、君野ゆめ、竹内あい、相崎琴音、浜崎りお（森下えりか、篠原絵梨香）、夏川未来（小春）、広瀬奈々美（堀口奈津美）、北条麻妃、亜梨、石川流花、前田優希、鈴木きあら（美空あいり）、松すみれ、美月、桃野なごみ、里美ゆりあ、中居みゆ、花井メイサ、愛実（秋川ルイ）、KYOKO、くるみひな、あのあるる、Hitomi（田中瞳）、さくら結衣、青空小夏、葵ちひろ、浅乃ハルミ、田中亜弥、大橋未久、常盤りん、麗花、美咲、南波杏、nao.（小池ひとみ）、美花ゆり、水嶋友穂、佐藤江梨花、早川瀬里奈、鈴木杏里、姫野愛、黒木麻衣（花野真衣、SHIHO）、当真ゆき（桜井マミ）、あんずさき、持田茜（しじみ）,https://www.javbus.com/MIBD-614,
SDMT-636 超人気AV女優が離島で真剣お見合い,SDMT-636 超人気AV女優が離島で真剣お見合い,SDMT-636,,2012-01-08,229分鐘,鎗ヶ崎一,SODクリエイト,SODクリエイト,,成熟的女人、纪录片、數位馬賽克,結城みさ、中森玲子、北条麻妃、村上涼子（中村りかこ、黒木菜穂）,https://www.javbus.com/SDMT-636,
AUKG-092 ほろ酔いビアンの夜這いレズ,AUKG-092 ほろ酔いビアンの夜這いレズ,AUKG-092,,2011-12-23,121分鐘,,U＆K,U＆K,,女同性戀、舔陰、手指插入、女同接吻、戲劇,倉木みお、藤咲沙耶、水沢真樹、羽月希、北条麻妃、加藤ツバキ（夏樹カオル）,https://www.javbus.com/AUKG-092,
BIB-043 淫乱美ッ痴 3P 6時間,BIB-043 淫乱美ッ痴 3P 6時間,BIB-043,,2011-12-16,359分鐘,,美,BEST（美）,,合集、多P、4小時以上作品、DMM獨家,蒼井怜、夏樹あい、杉原桃花、新名しおり、AIKA、森ななこ、北川瞳、黒木アリサ、成瀬心美（ここみ）、藤本AYAY、緋咲アンナ、北条麻妃、魅麗、さとう遥希、愛咲れいら（原千尋）、坂野由梨、愛原さえ、長谷川聖那、管野しずか、小桜沙樹、小野紗里奈、井川ゆい、ももかりん、瑠菜（安西瑠菜、RUNA）、妃悠愛（長澤杏奈、水原里香、木崎祐子）、みずほゆき、仁科百華、JULIA、鈴音りおな、杏堂なつ（榊れいな）、里美ゆりあ、南りん、水元ゆうな、瀬名アスカ、滝沢優奈、浅乃ハルミ、愛あいり、紗奈、ERIKA（モカ、MOKA）、ayami（赤西涼、まひる）、真田春香、鈴木杏里、松嶋れいな,https://www.javbus.com/BIB-043,
WNZ-401 限界ギリギリ！指入れオナニー,WNZ-401 限界ギリギリ！指入れオナニー,WNZ-401,,2011-12-13,150分鐘,,ワンズファクトリー,WANZ,,其他戀物癖、手指插入、自慰,新山つぐみ、並木つかさ、永井みき、篠田ゆう、小嶋ジュンナ、桐岡さつき、琥珀うた、北条麻妃、一ノ瀬アメリ（美空あやか、栗栖エリカ）,https://www.javbus.com/WNZ-401,
SMA-599 手を使わない口だけフェラ,SMA-599 手を使わない口だけフェラ,SMA-599,,2011-12-13,150分鐘,,マルクス兄弟,MARXBrothersco.,,蕩婦、口交,桃葉、蓮美クレア、並木つかさ、永井みき、町田みなみ、小嶋ジュンナ、桐岡さつき、北川瞳、北条麻妃、一ノ瀬アメリ（美空あやか、栗栖エリカ）,https://www.javbus.com/SMA-599,
ELO-376 YeLLOW 6年間の全作品収録！最初で最後のBEST BOX 325タイトル24時間,ELO-376 YeLLOW 6年間の全作品収録！最初で最後のBEST BOX 325タイトル24時間,ELO-376,,2011-12-11,1437分鐘,,イエロー,YeLLOW,,合集、4小時以上作品、DMM獨家,山本瞳子、松野ゆい、管野しずか、ほしのみゆ、姫野愛、菅野亜梨沙、寧々、綾乃梓、RION（二宮沙羅）、紅音ほたる（秋月杏奈）、矢吹レイラ、相澤さゆり、七海りん、一戸のぞみ、平井柚葉、水城ひかり、北条麻妃、釈ゆりあ、美島遥、辻さき、あいぶらん（蜜井とわ）、川上ゆう（森野雫）、我那覇レイ（REI）、愛里ひな、鮎川なお、魚住里奈、三上ユキ、高瀬七海、永瀬あき、鮎川香織、福沢あや、春名えみ、浜崎りお（森下えりか、篠原絵梨香）、響鳴音（望月なな）、真田春香、長谷川なぁみ、真央♪、飯島夏希、竹下あや、五十嵐あみ、百瀬まひる、桜井かりん、夢乃加奈、徳澤エリカ、瀬咲るな、蛯原美沙、小倉ゆい、松嶋侑里、村上りさ、清原りょう、星野みく、渡瀬安奈、大原めぐ、土屋ゆづき、桃井りか、綾瀬メグ、真鍋あや、葉月奈穂（葉月菜穂）、愛乃ララ、北田優歩、新井エリー（晶エリー、大沢佑香）、愛咲れいら（原千尋）、乃亜（鳥越乃亜）、黒沢英里奈（喜田嶋りお）、杉山圭、松村優、一色あずさ、可愛あみん、西真奈美（米倉夏弥）、川村カンナ、野々宮りん（長谷川めい）、来栖りお、鈴木麻奈美、志保、上村愛、持田茜（しじみ）、三津なつみ、上原美紀、金城アンナ、立花里子、灘ジュン,https://www.javbus.com/ELO-376,
RKI-158 フェラチオベストの名編 フェラ抜き天国200連発24時間,RKI-158 フェラチオベストの名編 フェラ抜き天国200連発24時間,RKI-158,,2011-12-11,1438分鐘,,ROOKIE,ROOKIE,,口交、合集、4小時以上作品、DMM獨家,花井メイサ、桜木凛、吉永純、冬月かえで、あすかりの（柴咲あや）、JULIA、ERIKA（モカ、MOKA）、広瀬奈々美（堀口奈津美）、矢田みりあ、ほしのみゆ、藤本カレン、菊美かりん、秋野千尋、愛咲れいら（原千尋）、杏樹紗奈、愛原さえ、沖田杏梨、上原保奈美、桐谷ユリア、佐々木はるか、ももかさくら、北川瞳、伊島香織、香月悠梨、哀川りん、真木こころ、優希まこと、原田明絵、桐岡さつき、芦名未帆（稲森しほり）、森川真羽、弘前亮子、武藤クレア、佐倉カオリ、吉川ゆあ、桜美沙希、西條るり、鈴音りおな、結城みさ、桜りお、宮下リカ、梓ユイ、来栖ケイト、管野しずか、白瀬エリナ、大沢美加（廣田まりこ）、まりか、佐伯さき、菅野さゆき、周防ゆきこ、佳山三花、阿利希キリア（阿利希カレラ）、小沢真理奈、麻倉憂、鈴木きあら（美空あいり）、さくらい葉菜、南ともか、妃悠愛（長澤杏奈、水原里香、木崎祐子）、碧しの（篠めぐみ）、天海つばさ、ももかりん、RUMIKA、南ちゆき、桐生さくら、ましろ杏、あゆむ、美月、青空小夏、亜希菜、真白希実、希内あんな、椎名ゆな、北条麻妃、音羽レオン、卯月麻衣、浅乃ハルミ、三村翔子、桃野なごみ、綾瀬美都（内山遥）、沢木樹里、水谷心音（藤崎りお）、松浦ひろみ、愛斗ゆうき、有沢実紗、優木ルナ、里美ゆりあ、さくら結衣、蒼井怜、桜ここみ、春菜はな、Hitomi（田中瞳）、希崎ジェシカ、横山美雪、黒木いちか（東条かれん）、恵けい、美咲みゆ、波多野結衣、初美りおん、佐藤みき（佐藤美紀、鈴木志帆）、原明奈、紗奈、橘ミオン（石川鈴華）、沖田はづき、水玉レモン、吉沢みなみ、あのあるる、ふわり、沢良麻美、希志あいの、澤村レイコ（高坂保奈美、高坂ますみ）、平井綾、森美咲、森ななこ、風子、青木莉子（桜まい、片岡さき）、早乙女ルイ、大城友佳、川上ゆう（森野雫）、相内リカ、大葉なな、藤間ゆかり、めぐり（藤浦めぐ）、鈴木さとみ、鮎川なお、かすみりさ、小西那奈、大橋未久、佐山愛、原更紗、雪見紗弥、小坂めぐる、初音みのり、浜崎りお（森下えりか、篠原絵梨香）、星優乃、恋小夜、糸矢めい、大塚咲（小野沙樹、大滝佐紀）、青山菜々、Rio（柚木ティナ）、翔田千里、麻美ゆま、小澤マリア、小川あさ美、葉月奈穂（葉月菜穂）、新井エリー（晶エリー、大沢佑香）、吉崎直緒、かすみ果穂、村上涼子（中村りかこ、黒木菜穂）、折原まみ、穂花、紅音ほたる（秋月杏奈）、松嶋れいな、妃乃ひかり、如月カレン、青木玲、水元ゆうな、吉沢明歩、志保、蒼井そら、松島かえで、光月夜也（林絵里）、牧原れい子、風間ゆみ,https://www.javbus.com/RKI-158,
MBYD-132 夫の前で犯され感じる熟女4時間,MBYD-132 夫の前で犯され感じる熟女4時間,MBYD-132,,2011-12-08,239分鐘,,溜池ゴロー,溜池ゴロー,,成熟的女人、合集、出軌、DMM獨家,星野あかり、森ななこ、川瀬さやか、艶堂しほり（遠藤しおり）、柳田やよい、広瀬奈々美（堀口奈津美）、山口玲子、翔田千里、村上涼子（中村りかこ、黒木菜穂）、風間ゆみ、澤村レイコ（高坂保奈美、高坂ますみ）、加納瞳、伊織涼子、管野しずか、橘エレナ、内田桃子（藤原多恵）、北条麻妃、河合律子、浅倉彩音、石田れいな,https://www.javbus.com/MBYD-132,
MBYD-133 熟女がイク瞬間4時間,MBYD-133 熟女がイク瞬間4時間,MBYD-133,,2011-12-08,239分鐘,,溜池ゴロー,溜池ゴロー,熟女がイク瞬間,成熟的女人、合集、DMM獨家,桃井さくら、優希あさみ、姫野京香、仁科祐紀、川瀬さやか、小鳥遊恋（高梨恋子）、志村玲子、松下ゆうか（愛乃彩音、藤咲ゆうか）、翔田千里、川上ゆう（森野雫）、桜みちる、管野しずか、立花みずき、白鳥聖子、亜希菜、美月あかり、蒼井リナ、四季彩乃、青木りかこ（明石翼）、時越芙美江、有沢実紗、河合律子、北条麻妃、光月涼子、真白希実、真波紫乃、倉木さゆり、浅倉彩音、澤村レイコ（高坂保奈美、高坂ますみ）、桜庭怜香、一条真生、北原夏美、和光志穂、佐藤みき（佐藤美紀、鈴木志帆）、檀杏奈、小池絵美子、君島冴子（AOI.、村上葵）、滝沢優奈、村上涼子（中村りかこ、黒木菜穂）、白鳥美鈴、樋口冴子（桐島千沙）、友田真希,https://www.javbus.com/MBYD-133,
BIB-041 淫乱美ッ痴103本番SEX8時間,BIB-041 淫乱美ッ痴103本番SEX8時間,BIB-041,,2011-11-18,479分鐘,,美,BEST（美）,,合集、4小時以上作品、DMM獨家,愛あいり、KYOKO、上原カエラ、里美ゆりあ、木下若菜、森ななこ、黒木アリサ、ERIKA（モカ、MOKA）、水城奈緒、水元ゆうな、小野紗里奈、井川ゆい、愛原さえ、坂野由梨、愛咲れいら（原千尋）、魅麗、北川瞳、JULIA、鈴音りおな、緋咲アンナ、長谷川聖那、管野しずか、さとう遥希、阿利希キリア（阿利希カレラ）、ももかりん、瑠菜（安西瑠菜、RUNA）、妃悠愛（長澤杏奈、水原里香、木崎祐子）、横山みれい、小桜沙樹、あゆむ、北条麻妃、浅乃ハルミ、瀬名アスカ、みずほゆき、村西まりな、綾瀬美都（内山遥）、杏堂なつ（榊れいな）、南りん、新名しおり、蒼井怜、夏樹あい、杉原桃花、松生彩、如月カレン、松嶋れいな、成瀬心美（ここみ）、橘れもん、大橋未久、ayami（赤西涼、まひる）、真田春香、竹内あい、鈴木杏里、小川あさ美、新井エリー（晶エリー、大沢佑香）、西野翔、滝沢優奈、藤本AYAY,https://www.javbus.com/BIB-041,
DWD-053 チンポコ・マグニチュード 男の潮吹きベスト Vol.2,DWD-053 チンポコ・マグニチュード 男の潮吹きベスト Vol.2,DWD-053,,2011-11-14,242分鐘,K*WEST,ドグマ,Dogma,チンポコ・マグニチュード,其他戀物癖、合集、DMM獨家,上条めぐ（三浦芽依）、松すみれ、今村美穂、樹花凜（七咲楓花）、RUMIKA、北条麻妃,https://www.javbus.com/DWD-053_2011-11-14,
USBC-002 舐めまくり吸いつくし私の口マンコでザーメン搾り取ってあげる,USBC-002 舐めまくり吸いつくし私の口マンコでザーメン搾り取ってあげる,USBC-002,,2011-11-11,119分鐘,,AVScollector’s,AVS,舐めまくり吸いつくし私の口マンコでザーメン搾り取ってあげる,成熟的女人、口交、打手槍,高沢沙耶、小峰ひなた、横山みれい、管野しずか、艶堂しほり（遠藤しおり）、北条麻妃,https://www.javbus.com/USBC-002,
MBYD-131 美熟女36人が見せる日常のエロス8時間,MBYD-131 美熟女36人が見せる日常のエロス8時間,MBYD-131,,2011-11-10,480分鐘,,溜池ゴロー,溜池ゴロー,日常のエロス8時間,成熟的女人、合集、數位馬賽克、4小時以上作品、巨乳、DMM獨家,有沢実紗、藤木ルイ、青木りかこ（明石翼）、結城みさ、三咲恭子、中森玲子、真田友里、細川まり、広瀬奈々美（堀口奈津美）、川上ゆう（森野雫）、美原咲子、新尾きり子、早見るり、高島恭子、白鳥聖子、橘慶子、真白希実、真波紫乃、四季彩乃、桜みちる、藤原絵理香、倉木さゆり、内田桃子（藤原多恵）、杉山あゆみ、藤森綾子、北条麻妃、河合律子、樋口冴子（桐島千沙）、大塚咲（小野沙樹、大滝佐紀）、村上涼子（中村りかこ、黒木菜穂）、城エレン、友田真希、山口玲子、光月涼子、椿めぐみ,https://www.javbus.com/MBYD-131,
WNZS-191 徹底的膣内射精 4時間,WNZS-191 徹底的膣内射精 4時間,WNZS-191,,2011-11-08,230分鐘,,ワンズファクトリー,WANZ,徹底的膣内射精,中出、4小時以上作品、顏射,葉月みりあ、夏川リアナ、長月ラム、橘ミオン（石川鈴華）、七瀬ジュリア、愛咲MIU（桜井りあ）、北条麻妃,https://www.javbus.com/WNZS-191,
SVOMN-037 陵辱！超高級公衆肉便器作品集 ～浮浪者、肉体労働者に犯される極上美女6人4時間半～,SVOMN-037 陵辱！超高級公衆肉便器作品集 ～浮浪者、肉体労働者に犯される極上美女6人4時間半～,SVOMN-037,,2011-11-06,271分鐘,,サディスティックヴィレッジ,サディスティックヴィレッジ,陵辱！超高級公衆肉便器,合集、凌辱,小澤マリア、早川瀬里奈、大沢美加（廣田まりこ）、星島ちさ、北条麻妃、つぼみ,https://www.javbus.com/SVOMN-037,
BNDV-836 h.m.pカウントダウン2011 ［Cosmic］ BEST HIT RANKING 4時間,BNDV-836 h.m.pカウントダウン2011 ［Cosmic］ BEST HIT RANKING 4時間,BNDV-836,,2011-11-04,238分鐘,ヘリ,h.m.p,VB,hmpカウントダウン,护士、合集、美少女、4小時以上作品、巨乳,秋山祥子、はるか真菜、綾音ゆりあ、瀬乃ゆいか、前田陽菜、北川瞳、大堀香奈、北条麻妃,https://www.javbus.com/BNDV-836,
ALD-477 背の高い女を犯したい、犯されたい,ALD-477 背の高い女を犯したい、犯されたい,ALD-477,,2011-11-04,241分鐘,,桃太郎映像出版,ALLIN☆ONE,,企畫、已婚婦女、高、拘束、女上位,飯倉美奈子、相原れな（三浦加奈、篠原リョウ）、彩佳リリス（藤崎クロエ）、星崎アンリ、北条麻妃、澄川ロア、広瀬奈々美（堀口奈津美）、水野美香、nao.（小池ひとみ）、浅見怜、井川ゆい,https://www.javbus.com/ALD-477,
QQ-005 ママのリアル性教育 BEST セレクション,QQ-005 ママのリアル性教育 BEST セレクション,QQ-005,,2011-11-02,239分鐘,ひょん,グローリークエスト,GLORYQUEST,ママのリアル性教育,母親、合集、亂倫、巨乳,森ななこ、雪見紗弥、水城奈緒、北条麻妃、黒木麻衣（花野真衣、SHIHO）、浜崎りお（森下えりか、篠原絵梨香）,https://www.javbus.com/QQ-005,
BDMILD-037 イカセ4時間 BEST Blu-ray Special 2,BDMILD-037 イカセ4時間 BEST Blu-ray Special 2,BDMILD-037,,2011-10-28,233分鐘,杉ノ木,ケイ・エム・プロデュース,million（ミリオン）,イカセ4時間,合集、多P、拘束、4小時以上作品、高畫質,音羽レオン、鈴音りおな、麻倉憂、北条麻妃,https://www.javbus.com/BDMILD-037,
MILD-733 VERY BEST OF million 20,MILD-733 VERY BEST OF million 20,MILD-733,,2011-10-23,370分鐘,セカンド斎藤,ケイ・エム・プロデュース,million（ミリオン）,VERYBESTOF,合集、多P、4小時以上作品、顏射、巨乳,神咲詩織、大石のぞみ、音羽レオン、シェリー（Shelly、藤井シェリー）（しぇりー）、優木ひかる、松すみれ、鈴音りおな、麻倉憂、北条麻妃,https://www.javbus.com/MILD-733,
JUSD-372 男を骨抜きにする30人の熟痴女ファック4時間,JUSD-372 男を骨抜きにする30人の熟痴女ファック4時間,JUSD-372,,2011-10-20,239分鐘,,マドンナ,Madonna,,蕩婦、合集、花癡、數位馬賽克、4小時以上作品、顏面騎乘、巨乳、DMM獨家,星野あかり、秋本絵梨、風見京子、星優乃、城エレン、浜崎りお（森下えりか、篠原絵梨香）、結衣（結衣美沙）、翔田千里、村上涼子（中村りかこ、黒木菜穂）、風間ゆみ、酒井ちなみ（紫葵）、山口珠理、宏岡みらい、鏡麗子、かすみりさ、竹内順子、瀬奈涼、立花みずき、ましろ杏、橘エレナ、徠夢、北条麻妃、佐藤みき（佐藤美紀、鈴木志帆）、藤咲凛子、関口梨乃、中森玲子、細川まり、艶堂しほり（遠藤しおり）、芹沢恋、音和礼子,https://www.javbus.com/JUSD-372,
VENU-180 湯けむり近親相姦 母子入浴交尾 総集編 4時間,VENU-180 湯けむり近親相姦 母子入浴交尾 総集編 4時間,VENU-180,,2011-10-16,242分鐘,,VENUS,女神（ヴィーナス）,湯けむり近親相姦,成熟的女人、合集、亂倫、已婚婦女、巨乳,彼方まりあ、石原こと、橘慶子、長谷川美紅、松すみれ、JULIA、中森玲子、北条麻妃、柳田やよい、村上涼子（中村りかこ、黒木菜穂）,https://www.javbus.com/VENU-180,
WNZ-390 馬乗りディルドオナニー,WNZ-390 馬乗りディルドオナニー,WNZ-390,,2011-10-15,120分鐘,,ワンズファクトリー,WANZ,,玩具、巨乳、自慰,西野花梨（小柳まりん、椎名くるみ）、木下若菜、武藤クレア、長澤あずさ、愛原さえ、結城みさ、北川瞳、哀川りん、成瀬心美（ここみ）、北条麻妃,https://www.javbus.com/WNZ-390,
SBB-119 噂の女教師スペシャル 世界一受けたいハレンチ授業 4時間,SBB-119 噂の女教師スペシャル 世界一受けたいハレンチ授業 4時間,SBB-119,,2011-10-10,238分鐘,,マルクス兄弟,MARXBrothersco.,,女教師、合集,宮崎あい、星野あかり、鈴音りおな、浅倉彩音、一戸のぞみ、浅田ちち、小坂めぐる、広瀬奈々美（堀口奈津美）、黒木麻衣（花野真衣、SHIHO）、新井エリー（晶エリー、大沢佑香）、澤村レイコ（高坂保奈美、高坂ますみ）、浅乃ハルミ、北条麻妃、妃悠愛（長澤杏奈、水原里香、木崎祐子）、漣ゆめ、瀬奈涼、結城みさ、黒木アリサ、紗奈、真中ちひろ,https://www.javbus.com/SBB-119,
SMA-587 ズッポリ！ディルドオナニー！,SMA-587 ズッポリ！ディルドオナニー！,SMA-587,,2011-10-10,151分鐘,,マルクス兄弟,MARXBrothersco.,,玩具、自慰,美神あおい、矢吹杏、青木りん、高沢沙耶、悠月舞、北川瞳、哀川りん、樹花凜（七咲楓花）、北条麻妃、黒木麻衣（花野真衣、SHIHO）,https://www.javbus.com/SMA-587,
MIBD-592 肉ビラで竿を包み込みクリで裏スジを刺激！この快感はSEXでは味わえない！！素股4時間,MIBD-592 肉ビラで竿を包み込みクリで裏スジを刺激！この快感はSEXでは味わえない！！素股4時間,MIBD-592,,2011-10-09,238分鐘,,ムーディーズ,MOODYZBest,,其他戀物癖、合集、數位馬賽克、DMM獨家、打手槍,神條レイカ、上原カエラ、青山菜々、西野翔、大橋未久、小日向みく、飯島夏希、天乃みお、つぼみ、当真ゆき（桜井マミ）、あいだゆあ、青木玲、原更紗、KYOKO、葵えり、周防ゆきこ、松すみれ、月城まおら、葵ちひろ、北条麻妃、花村沙知、亜梨、彩月あかり（岩佐めい）、うるるまみ（風吹かのん）、水森れん、相澤リナ,https://www.javbus.com/MIBD-592,
SW-061 仕事が出来る女上司をバレないように悪戯したら意外に男慣れしていなくて捻り込めた,SW-061 仕事が出来る女上司をバレないように悪戯したら意外に男慣れしていなくて捻り込めた,SW-061,,2011-10-08,119分鐘,とっちー,SWITCH,SWITCH（SWITCH）,,企畫、女上位、DVD多士爐,北条麻妃、加藤ツバキ（夏樹カオル）、夏川未来（小春）,https://www.javbus.com/SW-061_2011-10-08,
VICD-214 巷で噂の…超イイ女達が3人同時に身体の隅々まで洗体してくれる素敵なお店に予約して行ってみました！！,VICD-214 巷で噂の…超イイ女達が3人同時に身体の隅々まで洗体してくれる素敵なお店に予約して行ってみました！！,VICD-214,,2011-09-29,118分鐘,ばば★ザ★ばびぃ,ヴィ,V,,企畫、美容院、按摩、DVD多士爐、高畫質、DMM獨家、打手槍,北条麻妃、小坂めぐる、夏川未来（小春）,https://www.javbus.com/VICD-214,
NASS-028 大人美人な人妻たち,NASS-028 大人美人な人妻たち,NASS-028,,2011-09-27,238分鐘,星野光明,なでしこ,Nadeshiko,,連褲襪、已婚婦女、4小時以上作品、手指插入,楓まお、横山みれい、中森玲子、艶堂しほり（遠藤しおり）、北条麻妃、澤村レイコ（高坂保奈美、高坂ますみ）、黒木麻衣（花野真衣、SHIHO）、姫野愛、村上涼子（中村りかこ、黒木菜穂）、川上ゆう（森野雫）、星優乃、鮎川みさと,https://www.javbus.com/NASS-028,
MADV-214 ディープレズビアン ～秘め百合覚醒 3～,MADV-214 ディープレズビアン ～秘め百合覚醒 3～,MADV-214,,2011-09-23,127分鐘,,クリスタル映像,MANIAC（クリスタル）,ディープ・レズビアン,女同性戀、69、舔陰、女同接吻、戲劇,優木さや、井川ゆい、愛音麻友、北条麻妃,https://www.javbus.com/MADV-214,
19ID-024 働く女の黒ストッキング 4時間,19ID-024 働く女の黒ストッキング 4時間,19ID-024,,2011-09-23,242分鐘,,TMA,TMA,,其他戀物癖、各種職業、連褲襪、4小時以上作品,Lily La Beau、井川ゆい、森ななこ、雨宮琴音、松すみれ、紗奈、妃悠愛（長澤杏奈、水原里香、木崎祐子）、諸星セイラ（百瀬涼）、月野りさ、北条麻妃、春咲あずみ、Katie Jardin,https://www.javbus.com/19ID-024,
SDMT-508 ち○ぽ嬲りの虜になった私 ヨガ教室に通う健康的な美淑女編,SDMT-508 ち○ぽ嬲りの虜になった私 ヨガ教室に通う健康的な美淑女編,SDMT-508,,2011-09-20,95分鐘,木村達哉,SODクリエイト,SODクリエイト,チ●ポなぶりの虜になった私,企畫、姐姐、數位馬賽克,浅倉彩音、北条麻妃、細川まり、広瀬奈々美（堀口奈津美）,https://www.javbus.com/SDMT-508,
MILD-728 カリスマアイドル潮吹き噴射スペシャル,MILD-728 カリスマアイドル潮吹き噴射スペシャル,MILD-728,,2011-09-17,258分鐘,セカンド斎藤,ケイ・エム・プロデュース,million（ミリオン）,,偶像藝人、潮吹、4小時以上作品、手指插入、女優按摩棒,華原希、神咲詩織、橘なお（上原海里）、シェリー（Shelly、藤井シェリー）（しぇりー）、優木ひかる、松すみれ、桜花えり、泉麻那、妃悠愛（長澤杏奈、水原里香、木崎祐子）、夏川未来（小春）、瑠菜（安西瑠菜、RUNA）、彩佳リリス（藤崎クロエ）、水澤りの、茉莉花、RICA（彩音リカ）、成瀬心美（ここみ）、北条麻妃、RUMIKA,https://www.javbus.com/MILD-728,
HAOZ-002 かわいい素人50人斬り！！ HD 8時間,HAOZ-002 かわいい素人50人斬り！！ HD 8時間,HAOZ-002,,2011-09-13,479分鐘,,青空ソフト,青空ソフト,かわいい素人○人斬り！！,業餘、合集、已婚婦女、4小時以上作品、高畫質,森ななこ、今村美穂、紗奈、瀬奈涼、月野りさ、北条麻妃、浜崎りお（森下えりか、篠原絵梨香）、妃乃ひかり,https://www.javbus.com/HAOZ-002,
SBB-118 M男くんが泣いて喜ぶ新感覚性感尿道責め,SBB-118 M男くんが泣いて喜ぶ新感覚性感尿道責め,SBB-118,,2011-09-09,206分鐘,,マルクス兄弟,MARXBrothersco.,,其他戀物癖、姐姐、打手槍,田中くれは、黒木アリサ、なのかひより、紗奈、大沢美加（廣田まりこ）、碧しの（篠めぐみ）、浅倉彩音、月野りさ、北条麻妃、樋口冴子（桐島千沙）、鈴音りおな、結城みさ、浅乃ハルミ,https://www.javbus.com/SBB-118,
JUSD-364 美熟女58人の超濃厚ディープキス4時間,JUSD-364 美熟女58人の超濃厚ディープキス4時間,JUSD-364,,2011-09-01,238分鐘,,マドンナ,Madonna,,成熟的女人、合集、數位馬賽克、女同接吻、DMM獨家,雨宮真貴、伊織涼子、沢村麻耶、横山みれい、小向まな美、美原咲子、艶堂しほり（遠藤しおり）、北条麻妃、澤村レイコ（高坂保奈美、高坂ますみ）、若菜あゆみ、新尾きり子、井川ゆい、森ななこ、柳田やよい、星野あかり、加山なつこ、岩崎千鶴、鏡麗子、牧原れい子、水元ゆうな、紫彩乃、青木玲、黒木麻衣（花野真衣、SHIHO）、小林さとみ、伊吹稟、華山美玲、真下礼子、桐岡さつき、櫻井夕樹、荒木瞳、優木明日花、音和礼子、伊島香織、渡部梓、新堂綾乃、藤咲沙耶、江原あけみ（美輪ちあき）、内田美奈子、高島恭子、立花みずき、森山杏菜（森山杏奈）、結城みさ、池田美和子、平山薫、星杏奈、瀬戸ありさ、花村いづみ、佐々木さゆり、秋野千尋,https://www.javbus.com/JUSD-364,
NASS-023 おしゃぶり妻 2 27人のフェラ好き妻,NASS-023 おしゃぶり妻 2 27人のフェラ好き妻,NASS-023,,2011-08-26,239分鐘,星野光明,なでしこ,Nadeshiko,おしゃぶり妻,蕩婦、口交、已婚婦女、4小時以上作品,北川エリカ、井川ゆい、香山蘭、安西優子（鈴木なつ）、羽月希、高倉舞、内田美奈子、管野しずか、早乙女ルイ、北条麻妃,https://www.javbus.com/NASS-023,
LADY-098 美熟女家庭教師×ちびっこ美少女 秘密のレズ授業,LADY-098 美熟女家庭教師×ちびっこ美少女 秘密のレズ授業,LADY-098,,2011-08-21,135分鐘,RIKACHANG（♀）,LADY×LADY,LADY×LADY,,成熟的女人、家教、女同性戀、美少女、姐妹,初芽里奈、早坂愛梨、北条麻妃,https://www.javbus.com/LADY-098,
BIB-036 男を犯す美尻痴女6時間～腰振りが止まらない～,BIB-036 男を犯す美尻痴女6時間～腰振りが止まらない～,BIB-036,,2011-08-14,359分鐘,,美,BEST（美）,,蕩婦、合集、屁股、4小時以上作品、DMM獨家,KYOKO、真田春香、大橋未久、小川あさ美、森ななこ、仁科百華、雪見紗弥、大塚咲（小野沙樹、大滝佐紀）、橘れもん、松嶋れいな、春咲あずみ、新井エリー（晶エリー、大沢佑香）、星野あかり、如月カレン、紗奈、上原カエラ、緋咲アンナ、長谷川聖那、管野しずか、泉麻那、井川ゆい、小野紗里奈、上条めぐ（三浦芽依）、北条麻妃、綾瀬美都（内山遥）、里美ゆりあ、新名しおり、夏樹あい、松生彩、JULIA,https://www.javbus.com/BIB-036,
JUSD-361 壮絶ピストン！美熟女30人のヌメる結合部4時間,JUSD-361 壮絶ピストン！美熟女30人のヌメる結合部4時間,JUSD-361,,2011-08-14,239分鐘,,マドンナ,Madonna,,成熟的女人、合集、數位馬賽克、DMM獨家、局部特寫,伊島香織、加山なつこ、横山みれい、中森玲子、小向まな美、北条麻妃、柳田やよい、桐原あずさ（伊藤あずさ）、樋口冴子（桐島千沙）、村上涼子（中村りかこ、黒木菜穂）、黒木麻衣（花野真衣、SHIHO）、長谷川美紅、水元ゆうな、鏡麗子、桜みちる、橘慶子、新堂綾乃、渡部梓、雨宮真貴、優木明日花、桐岡さつき、真下礼子、江原あけみ（美輪ちあき）、佐々木さゆり、星杏奈、結城みさ、立花みずき、華山美玲、美原咲子、秋野千尋,https://www.javbus.com/JUSD-361,
JUC-608 美熟女レズスワッピング,JUC-608 美熟女レズスワッピング,JUC-608,,2011-08-14,150分鐘,三島六三郎,マドンナ,Madonna,,成熟的女人、女同性戀、濫交、數位馬賽克、女同接吻、高畫質、DMM獨家,北条麻妃、新井エリー（晶エリー、大沢佑香）、川上ゆう（森野雫）、風間ゆみ,https://www.javbus.com/JUC-608,
UD-495R エロドラマ（仮） 8,UD-495R エロドラマ（仮） 8,UD-495R,,2011-08-12,178分鐘,タブー大崎,LEO,LEO,エロドラマ（仮）,紧缚、亂倫、已婚婦女、戲劇、巨乳,北条麻妃、川上ゆう（森野雫）、吉野あおい、桜井美奈、吉野サリー（立花きらら）、桜井桃子、三森純菜,https://www.javbus.com/UD-495R,
RKI-136 潮吹きベストの傑作 終わらない潮吹き100連発24時間,RKI-136 潮吹きベストの傑作 終わらない潮吹き100連発24時間,RKI-136,,2011-08-11,1438分鐘,,ROOKIE,ROOKIE,,潮吹、合集、4小時以上作品、DMM獨家,桜木凛、佐藤ショコラ、遥めぐみ、Rio（柚木ティナ）、JULIA、ましろ杏、綾瀬しおり、竹内あい、浜崎りお（森下えりか、篠原絵梨香）、ほしのみゆ、橘ミオン（石川鈴華）、水城奈緒、きこうでんみさ、初音みのり、君野ゆめ、高瀬七海、東野愛鈴、川上ゆう（森野雫）、めぐり（藤浦めぐ）、鮎川なお、小西那奈、大橋未久、佐山愛、ayami（赤西涼、まひる）、原更紗、春咲あずみ、桃瀬えみる、仲村もも、立花里子、北島優、紅音ほたる（秋月杏奈）、青木玲、長谷川美紅、吉沢明歩、南波杏、佐伯奈々、南つかさ、乃亜（鳥越乃亜）、新井エリー（晶エリー、大沢佑香）、青木りん、KAORI、麻美ゆま、片瀬まこ、小川あさ美、かすみ果穂、峰なゆか、西野翔、Marin.、北川瞳、松すみれ、北条麻妃、小向まな美、成瀬心美（ここみ）、愛斗ゆうき、里美ゆりあ、椎名ルイ、桜ここみ、佳山三花、Hitomi（田中瞳）、晴海カンナ、碧しの（篠めぐみ）、香月悠梨、原田明絵、西條るり、桜花えり、白瀬エリナ、大沢美加（廣田まりこ）、きよみ玲、周防ゆきこ、鈴木きあら（美空あいり）、妃悠愛（長澤杏奈、水原里香、木崎祐子）、水玉レモン、横山美雪、希志あいの、浅田ちち、森美咲、神崎みさと、森ななこ、仲村知夏、KYOKO、北川結衣、風間ゆみ、広瀬奈々美（堀口奈津美）、月見栞、希崎ジェシカ、黒木いちか（東条かれん）、KEI、恵けい、月野りさ、長澤あずさ、美咲みゆ、百華リオン、吉沢みなみ、冬月かえで、吉永純、花井メイサ,https://www.javbus.com/RKI-136,
MBYD-126 特盛り！！ BEST HIT 美熟女 26人8時間,MBYD-126 特盛り！！ BEST HIT 美熟女 26人8時間,MBYD-126,,2011-08-05,479分鐘,,溜池ゴロー,溜池ゴロー,BESTHIT美熟女,成熟的女人、合集、數位馬賽克、4小時以上作品、DMM獨家,星野あかり、辻本りょう、横山みれい、管野しずか、水城奈緒、柳田やよい、黒木麻衣（花野真衣、SHIHO）、翔田千里、川上ゆう（森野雫）、友田真希、亜希菜、美原咲子、橘エレナ、真白希実、杉山あゆみ、北条麻妃、高島恭子、立花みずき、浅倉彩音、山口玲子、細川まり、中森玲子、広瀬奈々美（堀口奈津美）,https://www.javbus.com/MBYD-126,
UD-491R セックスに狂った熟女たち 3 ～三十路四十路のよがり腰漫遊録～,UD-491R セックスに狂った熟女たち 3 ～三十路四十路のよがり腰漫遊録～,UD-491R,,2011-07-24,178分鐘,タブー大崎,LEO,LEO,セックスに狂った熟女たち,成熟的女人、手指插入、顏射、巨乳,結希玲衣（美咲礼、美咲レイ）、横山みれい、佐藤みき（佐藤美紀、鈴木志帆）、北条麻妃、三森純菜、桜井美奈、桜井桃子,https://www.javbus.com/UD-491R,
DPHC-002 非日常的クネクネ映像コレクション II,DPHC-002 非日常的クネクネ映像コレクション II,DPHC-002,,2011-07-23,241分鐘,渡辺琢斗,AVScollector’s,PHANTOM夢,非日常的クネクネ映像コレクション,身體意識、連褲襪、戀腿癖、緊身衣、DMM獨家,杉原理恵、小林里穂、つゆの優、雫パイン、ひなのりく、艶堂しほり（遠藤しおり）、北条麻妃、細川まり、黒木麻衣（花野真衣、SHIHO）、坂上友香、北条美里、中野愛里、横山みれい、相原りお、阿川蘭,https://www.javbus.com/DPHC-002,
NASS-017 おしゃぶり妻 35人のフェラ好き妻,NASS-017 おしゃぶり妻 35人のフェラ好き妻,NASS-017,,2011-07-22,238分鐘,星野光明,なでしこ,Nadeshiko,おしゃぶり妻,蕩婦、口交、已婚婦女、4小時以上作品,西川紗希、池田美和子、楓まお、香坂めぐ、瀬戸ありさ、浅倉彩音、中森玲子、艶堂しほり（遠藤しおり）、北条麻妃、澤村レイコ（高坂保奈美、高坂ますみ）,https://www.javbus.com/NASS-017,
BIB-033 美女痴女たちのハメ狂い大乱交BEST,BIB-033 美女痴女たちのハメ狂い大乱交BEST,BIB-033,,2011-07-22,239分鐘,,美,BEST（美）,,蕩婦、濫交、合集、DMM獨家,あゆむ、ましろ杏、小桜沙樹、横山みれい、上条めぐ（三浦芽依）、優木あおい、亜希菜、ももかりん、大沢美加（廣田まりこ）、橘なお、鈴音りおな、仁科百華、彩音さくら、桃依さら、百花エミリ、乃亜（鳥越乃亜）、星野あかり、村上涼子、新井エリー（晶エリー、大沢佑香）、春咲あずみ、つぼみ、水城奈緒、今野梨乃、浜崎りお、藤本AYAY、鮎川なお、鈴木さとみ、川上ゆう（森野雫）、岬リサ、鷹宮りょう、波多野結衣、恵けい、夏樹あい、Ciao、蒼井怜、新名しおり、里美ゆりあ、北条麻妃、愛音まひろ、水元ゆうな、青木玲,https://www.javbus.com/BIB-033,
HITMA-074 黒ストッキングOLがまたがってしてあげる 4時間 HD,HITMA-074 黒ストッキングOLがまたがってしてあげる 4時間 HD,HITMA-074,,2011-07-22,236分鐘,,TMA,Hi-TMA,またがってしてあげる,OL、連褲襪、女上位、4小時以上作品、高畫質,井川ゆい、森ななこ、松すみれ、春咲あずみ、紗奈、妃悠愛（長澤杏奈、水原里香、木崎祐子）、月野りさ、北条麻妃,https://www.javbus.com/HITMA-074,
RKI-131 ROOKIE’s Best 2010,RKI-131 ROOKIE’s Best 2010,RKI-131,,2011-07-14,959分鐘,,ROOKIE,ROOKIE,ROOKIE’sBest,企畫、合集、4小時以上作品、DMM獨家,麻美ゆま、JULIA、真白希実、大沢美加（廣田まりこ）、RUMIKA、管野しずか、北条麻妃、大塚咲（小野沙樹、大滝佐紀）、つぼみ、妃乃ひかり、桜井みく、長澤エミリ、麻倉憂、大堀香奈,https://www.javbus.com/RKI-131,
TYWD-018 射精5分前ピストンにイキ狂う淫乱女100連発,TYWD-018 射精5分前ピストンにイキ狂う淫乱女100連発,TYWD-018,,2011-07-14,479分鐘,,乱丸,乱丸,,合集、數位馬賽克、4小時以上作品、DMM獨家,女池さゆり、星野あかり、@YOU、櫻井ゆうこ、ましろ杏、桜庭彩、ひなのりく、鮎川なお、雪野ひかる、柊早矢（美咲ゆりあ）、榊なち、鈴木ミント、寧々、玲丸、村上涼子（中村りかこ、黒木菜穂）、妃乃ひかり、くるみ（未来）、水野美香、春咲あずみ、早川瀬里奈、Marin.、青木りん、小澤マリア、葉月奈穂（葉月菜穂）、新井エリー（晶エリー、大沢佑香）、北田優歩、藤江まみ、COCONA（ココナ）、RUMIKA、佐倉美佐、諸星セイラ（百瀬涼）、星崎アンリ、希内あんな、雛丸、大槻ひびき、北条麻妃、霜月るな、愛音ゆり、井川ゆい、相原れな（三浦加奈、篠原リョウ）、大堀香奈、鈴音りおな、瀬奈涼、村西まりな、大沢美加（廣田まりこ）、雫パイン、泉麻那、妃悠愛（長澤杏奈、水原里香、木崎祐子）、碧しの（篠めぐみ）、櫻井ともか、希咲エマ（HARUKI、加藤はる希）、須真杏里（須真杏理）、紗奈、橘ミオン（石川鈴華）、eco、あのあるる、鷹宮りょう、澤村レイコ（高坂保奈美、高坂ますみ）、平井綾、KYOKO、一戸のぞみ、佐田あゆみ、倉科さやか、有沢実紗、貝満ひとみ、友田真希、金沢文子、nao.（小池ひとみ）、青木玲、西野翔、田中梨子、岡山涼花、艶堂しほり（遠藤しおり）、一ノ瀬あきら、香椎杏子、麗花、雪見紗弥、真田春香、浜崎りお（森下えりか、篠原絵梨香）、星優乃、柳田やよい、水城奈緒、きこうでんみさ、田中亜弥、村上里沙、はるか悠、春風えみ、広瀬奈々美（堀口奈津美）、花井メイサ、早乙女ルイ、クリス小澤、東野愛鈴、川上ゆう（森野雫）、ERIKA（モカ、MOKA）、前乃さとみ、つぼみ,https://www.javbus.com/TYWD-018,
RKI-130 鮮明な映像美！高画質SEX 16時間,RKI-130 鮮明な映像美！高画質SEX 16時間,RKI-130,,2011-07-14,959分鐘,,ROOKIE,ROOKIE,,合集、4小時以上作品、DMM獨家,天海つばさ、かすみりさ、横山みれい、ましろ杏、碧しの（篠めぐみ）、かすみ果穂、つぼみ、ほしのみゆ、村上涼子（中村りかこ、黒木菜穂）、妃乃ひかり、小川あさ美、初音みのり、竹内あい、水城奈緒、春咲あずみ、青山菜々、佐山愛、大橋未久、めぐり（藤浦めぐ）、ERIKA（モカ、MOKA）、川上ゆう（森野雫）、七海なな、桜木凛、あすか伊央、冬月かえで、Rio（柚木ティナ）、KAORI、中森玲子、松嶋れいな、青木玲、長谷川美紅、水元ゆうな、吉沢明歩、蒼井そら、風間ゆみ、西野翔、二宮沙樹、黒木麻衣（花野真衣、SHIHO）、新井エリー（晶エリー、大沢佑香）、麻美ゆま、森ななこ、希志あいの、妃悠愛（長澤杏奈、水原里香、木崎祐子）、泉麻那、鈴木きあら（美空あいり）、麻倉憂、周防ゆきこ、きよみ玲、大沢美加（廣田まりこ）、管野しずか、結城みさ、橘なお（上原海里）、西條るり、JULIA、大堀香奈、仁科百華、優希まこと、ももかりん、亜希菜、希美まゆ、佐藤みき（佐藤美紀、鈴木志帆）、真木こころ、長澤あずさ、月野りさ、恵けい、横山美雪、希崎ジェシカ、Hitomi（田中瞳）、佳山三花、桜ここみ、鈴香音色、里美ゆりあ、春菜はな、松すみれ、RUMIKA、椎名ゆな、北条麻妃、成瀬心美（ここみ）,https://www.javbus.com/RKI-130,
WNZ-346 女教師の誘惑 DX180分,WNZ-346 女教師の誘惑 DX180分,WNZ-346,,2011-07-09,181分鐘,,ワンズファクトリー,WANZ,女教師の誘惑,女教師、女上位、女優按摩棒,結城みさ、鈴音りおな、瀬奈涼、妃悠愛（長澤杏奈、水原里香、木崎祐子）、北条麻妃、黒木麻衣（花野真衣、SHIHO）,https://www.javbus.com/WNZ-346,
MBYD-125 完熟！極上ボディ美熟女24人8時間,MBYD-125 完熟！極上ボディ美熟女24人8時間,MBYD-125,,2011-07-07,479分鐘,,溜池ゴロー,溜池ゴロー,,成熟的女人、合集、數位馬賽克、4小時以上作品、DMM獨家,星野あかり、中森玲子、水城奈緒、大塚咲（小野沙樹、大滝佐紀）、広瀬奈々美（堀口奈津美）、黒木麻衣（花野真衣、SHIHO）、翔田千里、村上涼子（中村りかこ、黒木菜穂）、水元ゆうな、風間ゆみ、山口玲子、佐藤みき（佐藤美紀、鈴木志帆）、有沢実紗、管野しずか、立花みずき、高島恭子、華山美玲、美原咲子、横山みれい、桜みちる、橘エレナ、藤森綾子、北条麻妃、櫻井夕樹,https://www.javbus.com/MBYD-125,
MBYD-124 溜池ゴロー五周年記念 大総集編 8時間 下巻,MBYD-124 溜池ゴロー五周年記念 大総集編 8時間 下巻,MBYD-124,,2011-07-07,479分鐘,,溜池ゴロー,溜池ゴロー,溜池ゴロー五周年記念大総集編8時間,成熟的女人、合集、數位馬賽克、4小時以上作品、DMM獨家,星野あかり、辻本りょう、横山みれい、艶堂しほり（遠藤しおり）、北条麻妃、城エレン、黒木麻衣（花野真衣、SHIHO）、翔田千里、村上涼子（中村りかこ、黒木菜穂）、風間ゆみ、橘エレナ、櫻井夕樹、飯倉えりか、加納瞳、百田栞、雨宮真貴、管野しずか、桐岡さつき、彼方まりあ、椿めぐみ、内田美奈子、伊織涼子、星杏奈、香坂めぐ、結城みさ、瀬奈涼、立花みずき、白鳥聖子、真白希実、白川ゆり、新尾きり子、美月あかり、亜希菜、早見るり、華山美玲、高島恭子、蒼井リナ、美原咲子、橘慶子、倉木さゆり、藤原絵理香、桜みちる、四季彩乃、真波紫乃、瀬奈ジュン、江原あけみ（美輪ちあき）、細川まり、光月涼子、藤森綾子、真田友里、柳井瞳、三咲恭子、河合律子、夏木響子、有沢実紗、藤木ルイ、吉岡奈々子、加藤なお、若菜あゆみ、浅倉彩音、佐藤みき（佐藤美紀、鈴木志帆）、山口美花、中森玲子、澤村レイコ（高坂保奈美、高坂ますみ）、広瀬奈々美（堀口奈津美）、友田真希、内田桃子（藤原多恵）、杉山あゆみ、川上ゆう（森野雫）、神崎レオナ（七瀬かすみ）、川瀬さやか、北原夏美、樋口冴子（桐島千沙）、柳田やよい、大塚咲（小野沙樹、大滝佐紀）、水城奈緒、春咲あずみ、山口玲子,https://www.javbus.com/MBYD-124,
SDMT-472 人気AV女優×人気SOD企画 女優祭7時間40分,SDMT-472 人気AV女優×人気SOD企画 女優祭7時間40分,SDMT-472,,2011-07-04,465分鐘,,SODクリエイト,VALUE,,企畫、合集、4小時以上作品,ももかりん、AYA、恵けい、波多野結衣、春咲あずみ、JULIA、大沢美加（廣田まりこ）、妃悠愛（長澤杏奈、水原里香、木崎祐子）、北条麻妃、松嶋れいな,https://www.javbus.com/SDMT-472,
NASS-012 いけない人妻たち 夫以外の男たちに痴態をさらす6人の人妻たち,NASS-012 いけない人妻たち 夫以外の男たちに痴態をさらす6人の人妻たち,NASS-012,,2011-06-24,237分鐘,,なでしこ,Nadeshiko,,成熟的女人、已婚婦女、通姦、舔陰,立花綾乃、倉木みお、北川エリカ、鷹宮りょう、北条麻妃、川上ゆう（森野雫）,https://www.javbus.com/NASS-012,
SNAD-021 5周年記念全198タイトル収録12時間作品集！,SNAD-021 5周年記念全198タイトル収録12時間作品集！,SNAD-021,,2011-06-19,718分鐘,,しのだ,しのだ,,合集、DMM獨家,西彩花、山咲ちゆり、桜沢まひる、横山みれい、成瀬心美（ここみ）、倖田李梨（倖田美梨、岩下美季）、加藤ツバキ（夏樹カオル）、南原香織、速水怜、川上ゆう（森野雫）、白井さや、加藤千春、中谷裕子、中川ユリ、竹内玲奈、相沢ゆう、姫咲りりあ、水森あおい、水元美菜、小澤マリア、藤本ちさと、灘ジュン、宮地奈々、森咲小雪、友田真希、友崎亜希、白川リサ、鈴木美帆、瀬名涼子、綾乃梓、松本亜璃沙、菅野亜梨沙、さいとう真央、七海菜々、姫野愛、葉月奈穂（葉月菜穂）、小坂めぐる、新山亜希子、神崎瀬那、永峰朋美（安岡たまき）、柔ひばり、真中ゆうき、真白希実、愛内りえ、永田玲子、大沢美加（廣田まりこ）、川添杏奈、平田美咲、白高ちさと、水沢史子、谷原香織、櫻井夕樹、柚木彩華、佐久間梢、中山江梨子、北条麻妃、山下やよい、南瑠璃華、加藤レイナ、秋麗子、河合優美、香椎由紀、星野エミリ、浅井千尋、葉月紗絢、松下ゆうか（愛乃彩音、藤咲ゆうか）、辻さき、澤村レイコ（高坂保奈美、高坂ますみ）、細川まり、吉沢みなみ、愛あいり、伊織（黒姫伊織）、宮澤亜紀、川村れみ、吉田潤,https://www.javbus.com/SNAD-021,
JUSD-348 激しく求め合う、愛ある夫婦の営み8時間,JUSD-348 激しく求め合う、愛ある夫婦の営み8時間,JUSD-348,,2011-06-19,478分鐘,,マドンナ,Madonna,激しく求め合う、愛ある夫婦の営み,成熟的女人、合集、已婚婦女、數位馬賽克、DMM獨家,松浦ひろみ、香坂めぐ、星杏奈、高島恭子、結城みさ、桐岡さつき、立花みずき、北条麻妃、村上涼子（中村りかこ、黒木菜穂）、川上ゆう（森野雫）、優木明日花、雨宮真貴、風間ゆみ、牧原れい子、水元ゆうな、紫彩乃、中森玲子、恵けい,https://www.javbus.com/JUSD-348,
BIB-031 特選美人SEX完全網羅8時間,BIB-031 特選美人SEX完全網羅8時間,BIB-031,,2011-06-19,479分鐘,,美,BEST（美）,,合集、DMM獨家,鈴木杏里、里美ゆりあ、大橋未久、小川あさ美、JULIA、紗奈、橘れもん、広瀬奈々美（堀口奈津美）、鮎川なお、新井エリー（晶エリー、大沢佑香）、西野翔、滝沢優奈、松嶋れいな、如月カレン、水元ゆうな、黒木アリサ、月野りさ、上原カエラ、管野しずか、魅麗、妃悠愛（長澤杏奈、水原里香、木崎祐子）、井川ゆい、小野紗里奈、小桜沙樹、あゆむ、北条麻妃、瀬名アスカ、杏堂なつ（榊れいな）、新名しおり、蒼井怜、夏樹あい、松生彩、鈴音りおな,https://www.javbus.com/BIB-031,
ANND-087 女王様監禁レズ凌辱 牝マンコに堕落していく元本指名No.1,ANND-087 女王様監禁レズ凌辱 牝マンコに堕落していく元本指名No.1,ANND-087,,2011-06-16,119分鐘,小野寺マサル,アンナと花子,アンナと花子,,女同性戀、監禁、凌辱、女同接吻、高畫質、DMM獨家,小倉もも、すみれ（東尾真子）、北条麻妃、広瀬奈々美（堀口奈津美）,https://www.javbus.com/ANND-087,
TYWD-017 帰ってきた淫乱AV16時間,TYWD-017 帰ってきた淫乱AV16時間,TYWD-017,,2011-06-16,958分鐘,,乱丸,乱丸,,合集、花癡、DMM獨家,玲丸、きこうでんみさ、泉麻那、桜庭彩、雪見紗弥、星崎アンリ、水城奈緒、柳田やよい、東野愛鈴、つぼみ、早乙女ルイ、浜崎りお（森下えりか、篠原絵梨香）、星優乃、くるみ（未来）、水野美香、春咲あずみ、真田春香、麗花、クリス小澤、川上ゆう（森野雫）、ERIKA（モカ、MOKA）、前乃さとみ、鮎川なお、はるか悠、村上里沙、田中亜弥、香椎杏子、早川瀬里奈、Marin.、星野あかり、柊早矢（美咲ゆりあ）、寧々、田中梨子、西野翔、乃亜（鳥越乃亜）、青木玲、nao.（小池ひとみ）、貝満ひとみ、友田真希、峰なゆか、櫻井ゆうこ、鈴木杏里、青木りん、小澤マリア、葉月奈穂（葉月菜穂）、新井エリー（晶エリー、大沢佑香）、北田優歩、妃乃ひかり、村上涼子（中村りかこ、黒木菜穂）、雪野ひかる、@YOU、金沢文子、雛丸、相原れな（三浦加奈、篠原リョウ）、井川ゆい、愛音ゆり、ジゼル、RUMIKA、佐倉美佐、ましろ杏、諸星セイラ（百瀬涼）、希内あんな、大槻ひびき、碧しの（篠めぐみ）、妃悠愛（長澤杏奈、水原里香、木崎祐子）、霜月るな、進藤みく、COCONA（ココナ）、大堀香奈、鈴音りおな、瀬奈涼、村西まりな、大沢美加（廣田まりこ）、まりか、雫パイン、北条麻妃、希咲エマ（HARUKI、加藤はる希）、あのあるる、鷹宮りょう、澤村レイコ（高坂保奈美、高坂ますみ）、平井綾、KYOKO、艶堂しほり（遠藤しおり）、一ノ瀬あきら、春風えみ、広瀬奈々美（堀口奈津美）、花井メイサ、eco、橘ミオン（石川鈴華）、紗奈、有沢実紗、榊なち、鈴木ミント、女池さゆり、岡山涼花、ひなのりく、倉科さやか、佐田あゆみ、一戸のぞみ、須真杏里（須真杏理）,https://www.javbus.com/TYWD-017,
SMA-565 綺麗なお姉さんの顔騎で手コキ,SMA-565 綺麗なお姉さんの顔騎で手コキ,SMA-565,,2011-06-11,121分鐘,,マルクス兄弟,MARXBrothersco.,,屁股、姐姐、顏面騎乘、打手槍,黒澤ルナ、倉木みお、星野あかり、百花エミリ、木下若菜、結城みさ、北条麻妃、風間ゆみ,https://www.javbus.com/SMA-565,
MBYD-123 夫が傍に居るのに… 悶え感じる美熟女26人4時間,MBYD-123 夫が傍に居るのに… 悶え感じる美熟女26人4時間,MBYD-123,,2011-06-10,239分鐘,,溜池ゴロー,溜池ゴロー,,成熟的女人、合集、已婚婦女、數位馬賽克、DMM獨家,有沢実紗、広瀬ゆかり、星野あかり、佐藤みき（佐藤美紀、鈴木志帆）、吉岡奈々子、柳田やよい、広瀬奈々美（堀口奈津美）、樋口冴子（桐島千沙）、翔田千里、村上涼子（中村りかこ、黒木菜穂）、風間ゆみ、山口玲子、浅倉彩音、河合律子、瀬奈涼、白鳥聖子、倉木さゆり、藤原絵理香、橘エレナ、真波紫乃、内田桃子（藤原多恵）、藤森綾子、北条麻妃、真田友里、三咲恭子、彼方まりあ,https://www.javbus.com/MBYD-123,
SDMT-441 北条麻妃の美人母娘 ウンチ,SDMT-441 北条麻妃の美人母娘 ウンチ,SDMT-441,,2011-06-07,128分鐘,野島京子,SODクリエイト,SODクリエイト,,企畫、糞便、排便、已婚婦女、羞恥,いちご、桜庭彩、北条麻妃,https://www.javbus.com/SDMT-441,
UD-483R バック限定 ケツファックベストセレクション TOP20,UD-483R バック限定 ケツファックベストセレクション TOP20,UD-483R,,2011-05-30,120分鐘,タブー大崎,LEO,LEO,ケツファックベストセレクション,合集、屁股,若泉まや、杏りり、安達みずほ、北川エリカ、葉月しおり、西村アキホ、鈴木ミント、美嶋茜、月野りさ、北条麻妃、和希あい、長谷川杏実（長谷川杏美）、川村葵、成瀬心美（ここみ）、村上涼子（中村りかこ、黒木菜穂）、神谷りの、小泉梨菜、森ななこ、小向まな美、桜井美奈、吉野あおい、桜井桃子,https://www.javbus.com/UD-483R,
NATR-001 欲求不満な社宅妻と美しい義母たち,NATR-001 欲求不満な社宅妻と美しい義母たち,NATR-001,,2011-05-27,115分鐘,,なでしこ,Nadeshiko,,成熟的女人、濫交、乳交、已婚婦女、婆婆,白鳥美玲、松すみれ、北条麻妃,https://www.javbus.com/NATR-001,
WNZ-334 ぬるぬるローション競泳水着,WNZ-334 ぬるぬるローション競泳水着,WNZ-334,,2011-05-22,122分鐘,,ワンズファクトリー,WANZ,,其他戀物癖、乳液、泳裝,優木リノア、愛内ゆう、内田真由、星野あかり、泉麻那、紗奈、北条麻妃,https://www.javbus.com/WNZ-334,
BIB-030 綺麗なお姉さんに犯されたい-女教師のふしだらな日常SEX-,BIB-030 綺麗なお姉さんに犯されたい-女教師のふしだらな日常SEX-,BIB-030,,2011-05-21,239分鐘,,美,BEST（美）,,女教師、合集、姐姐、DMM獨家,魅麗、杏堂なつ（榊れいな）、夏樹あい、杉原桃花、西野翔、里美ゆりあ、紗奈、松嶋れいな、如月カレン、水元ゆうな、瀬名アスカ、浅乃ハルミ、北条麻妃、あゆむ、小野紗里奈、みずほゆき、JULIA,https://www.javbus.com/BIB-030,
JUSD-342 官能的レズビアンの世界8時間,JUSD-342 官能的レズビアンの世界8時間,JUSD-342,,2011-05-21,479分鐘,,マドンナ,Madonna,,成熟的女人、女同性戀、合集、數位馬賽克、DMM獨家,艶堂しほり（遠藤しおり）、北条麻妃、風間ゆみ,https://www.javbus.com/JUSD-342,
DNT-075 近親相姦 闇夜に咲き乱れる艶々しい肉体と静寂を切り裂く荒々しい吐息 22組4時間,DNT-075 近親相姦 闇夜に咲き乱れる艶々しい肉体と静寂を切り裂く荒々しい吐息 22組4時間,DNT-075,,2011-05-16,243分鐘,,ダイナマイトエンタープライズ,ダイナマイト,,成熟的女人、母親、亂倫、女上位,国見りさ、橘エレナ、桐岡さつき、北条麻妃、村上涼子（中村りかこ、黒木菜穂）,https://www.javbus.com/DNT-075,
ELO-358 ダブルストッキング足コキスペシャル,ELO-358 ダブルストッキング足コキスペシャル,ELO-358,,2011-05-15,240分鐘,,イエロー,YeLLOW,,合集、連褲襪、數位馬賽克、足交、高畫質、DMM獨家,井川ゆい、水玉レモン、高島恭子、大沢美加（廣田まりこ）、瀬奈涼、高倉舞、RUMIKA、月野りさ、北条麻妃、村上涼子（中村りかこ、黒木菜穂）、鈴木ミント、愛音まひろ、横山みれい、柳田やよい、つぼみ、早乙女らぶ,https://www.javbus.com/ELO-358,
BIB-028 2010年完全総集編,BIB-028 2010年完全総集編,BIB-028,,2011-04-21,239分鐘,,美,BEST（美）,,合集、DMM獨家,KYOKO、西野翔、鈴木杏里、里美ゆりあ、JULIA、成瀬心美（ここみ）、北条麻妃、滝沢優奈、松嶋れいな、水元ゆうな、鈴音りおな、緋咲アンナ、管野しずか、村西まりな、阿利希キリア（阿利希カレラ）、みずほゆき、妃悠愛（長澤杏奈、水原里香、木崎祐子）、井川ゆい、横山みれい、如月カレン,https://www.javbus.com/BIB-028,
PSSD-188 「熟OLの口はもっと嘘をつく。 3」 熟雌女anthology special ＃019,PSSD-188 「熟OLの口はもっと嘘をつく。 3」 熟雌女anthology special ＃019,PSSD-188,,2011-04-18,246分鐘,,アウダースジャパン,AUDAZ,熟雌女anthology,成熟的女人、OL、合集、淫語、主觀視角,藤木ルイ、天海ゆり、加山なつこ、艶堂しほり（遠藤しおり）、北原夏美、北条麻妃、桐原あずさ（伊藤あずさ）、川上ゆう（森野雫）,https://www.javbus.com/PSSD-188,
REAL-399 メガザーメン一発大量顔射 6,REAL-399 メガザーメン一発大量顔射 6,REAL-399,,2011-04-17,115分鐘,,レアルワークス,REAL（レアルワークス）,メガザーメン一発大量顔射！,口交、美少女、深喉、顏射,桜りお、成瀬心美（ここみ）、北条麻妃,https://www.javbus.com/REAL-399,
TYWD-015 淫乱女の白目痙攣潮吹き絶頂140連発4時間,TYWD-015 淫乱女の白目痙攣潮吹き絶頂140連発4時間,TYWD-015,,2011-04-15,239分鐘,,乱丸,乱丸,淫乱女の白目痙攣潮吹き絶頂○連発,潮吹、合集、花癡、DMM獨家,早川瀬里奈、@YOU、春咲あずみ、葉月奈穂（葉月菜穂）、広瀬奈々美（堀口奈津美）、水野美香、鮎川なお、北田優歩、新井エリー（晶エリー、大沢佑香）、妃乃ひかり、Marin.、つぼみ、水城奈緒、柳田やよい、星優乃、浜崎りお（森下えりか、篠原絵梨香）、雪見紗弥、田中亜弥、村上涼子（中村りかこ、黒木菜穂）、雪野ひかる、有沢実紗、北条麻妃、村西まりな、瀬奈涼、鈴音りおな、進藤みく、希咲エマ（HARUKI、加藤はる希）、櫻井ゆうこ、友田真希、貝満ひとみ、青木玲、西野翔、田中梨子、柊早矢（美咲ゆりあ）、星野あかり、はるか悠、前乃さとみ、女池さゆり、鈴木ミント、榊なち、ジゼル、愛音ゆり、井川ゆい、妃悠愛（長澤杏奈、水原里香、木崎祐子）、泉麻那、雫パイン、大沢美加（廣田まりこ）、大槻ひびき、希内あんな、星崎アンリ、諸星セイラ（百瀬涼）、ましろ杏、佐倉美佐、玲丸、岡山涼花、ERIKA（モカ、MOKA）、川上ゆう（森野雫）、東野愛鈴、早乙女ルイ、花井メイサ、春風えみ、艶堂しほり（遠藤しおり）、平井綾、澤村レイコ（高坂保奈美、高坂ますみ）、鷹宮りょう、あのあるる、橘ミオン（石川鈴華）、紗奈、須真杏里（須真杏理）、佐田あゆみ、ひなのりく、RUMIKA,https://www.javbus.com/TYWD-015,
GON-427 人妻専門 4時間 Vol.2,GON-427 人妻専門 4時間 Vol.2,GON-427,,2011-04-15,240分鐘,,グレイズ,GLAY’zONE,人妻専門4時間,已婚婦女、通姦、中出、4小時以上作品、巨乳,高橋ひとみ、会沢みずほ、安西カルラ、辻さき、管野しずか、澤村レイコ（高坂保奈美、高坂ますみ）、瞳れん、七瀬ゆうり、牧野遥、鈴木ありさ、藤宮櫻花（眞雪ゆん）、渡辺弓絵、酒井ちなみ（紫葵）、石川遼子、北条麻妃、佐々木千香、篠原由香子、水野えみり、瀬戸ありさ、一色かれん、若槻ゆめ、宮村恋、伊吹杏奈、明日香芽衣、華山美玲、早見るり、春野麻絢、藤井未来,https://www.javbus.com/GON-427,
ANHD-009 アンナと花子レズビアンクンニベスト4時間,ANHD-009 アンナと花子レズビアンクンニベスト4時間,ANHD-009,,2011-04-15,239分鐘,,アンナと花子,アンナと花子,,女同性戀、合集、舔陰、DMM獨家,管野しずか、今野梨乃、つぼみ、桐原あずさ（伊藤あずさ）、北田優歩、新井エリー（晶エリー、大沢佑香）、妃乃ひかり、姫野りむ、友田真希、風間ゆみ、乃亜（鳥越乃亜）、nao.（小池ひとみ）、橘未稀（石川麻矢）、大塚咲（小野沙樹、大滝佐紀）、雪見紗弥、鮎川なお、瀬奈涼、藤咲葵（愛川香織）、井川ゆい、横山みれい、水嶋あずみ、北条麻妃、明佐奈（土屋かなこ）、桐島ひかり、鷹宮りょう、広瀬奈々美（堀口奈津美）、早乙女ルイ、川上ゆう（森野雫）、北川エリカ,https://www.javbus.com/ANHD-009,
RKI-117 淫乱なオナニー ドスケベ80人16時間,RKI-117 淫乱なオナニー ドスケベ80人16時間,RKI-117,,2011-04-15,958分鐘,,ROOKIE,ROOKIE,,合集、DMM獨家、自慰,希美まゆ、希崎ジェシカ、佳山三花、春咲あずみ、管野しずか、水城奈緒、大塚咲（小野沙樹、大滝佐紀）、竹内あい、つぼみ、浜崎りお（森下えりか、篠原絵梨香）、初音みのり、雪見紗弥、原更紗、佐山愛、めぐり（藤浦めぐ）、桜木凛、広瀬奈々美（堀口奈津美）、冬月かえで、希志あいの、翔田千里、麻美ゆま、穂花、nao.（小池ひとみ）、長谷川美紅、水元ゆうな、吉沢明歩、風間ゆみ、Rio（柚木ティナ）、西野翔、二宮沙樹、星野あかり、村上涼子（中村りかこ、黒木菜穂）、妃乃ひかり、葉月奈穂（葉月菜穂）、小川あさ美、中森玲子、紗奈、波多野結衣、香月悠梨、天海つばさ、石井茜、妃悠愛（長澤杏奈、水原里香、木崎祐子）、泉麻那、鈴木きあら（美空あいり）、麻倉憂、周防ゆきこ、きよみ玲、大沢美加（廣田まりこ）、白瀬エリナ、桜りお、結城みさ、西條るり、JULIA、優希まこと、松すみれ、RUMIKA、美咲みゆ、長澤あずさ、月野りさ、黒木いちか（東条かれん）、横山美雪、Hitomi（田中瞳）、亜梨、桜ここみ、里美ゆりあ、成瀬心美（ここみ）、横山みれい、ましろ杏、星崎アンリ、有村みき、真白希実、北条麻妃、音羽レオン,https://www.javbus.com/RKI-117,
MILD-706 Welcome to KMPプロジェクト2011 ようこそKMPプロジェクトへ！,MILD-706 Welcome to KMPプロジェクト2011 ようこそKMPプロジェクトへ！,MILD-706,,2011-04-13,211分鐘,,ケイ・エム・プロデュース,million（ミリオン）,,4小時以上作品、手指插入、女生,神咲詩織、シェリー（Shelly、藤井シェリー）（しぇりー）、紗奈、RUMIKA、麻倉憂、星優乃、北条麻妃、つぼみ、村上涼子（中村りかこ、黒木菜穂）、川上ゆう（森野雫）、小桜沙樹、松すみれ、泉麻那、桜りお、鈴音りおな、吉川ゆあ、西山希、白鳥美玲、瑠菜（安西瑠菜、RUNA）,https://www.javbus.com/MILD-706,
MIBD-555 特選レズビアン27人4時間,MIBD-555 特選レズビアン27人4時間,MIBD-555,,2011-04-09,238分鐘,,ムーディーズ,MOODYZBest,,女同性戀、合集、數位馬賽克、DMM獨家,真鍋あや、西野翔、峰なゆか、里美ゆりあ、大橋未久、南つかさ、竹内あい、乃亜（鳥越乃亜）、新井エリー（晶エリー、大沢佑香）、紅音ほたる（秋月杏奈）、風間ゆみ、つぼみ、陽多まり、大塚咲（小野沙樹、大滝佐紀）、松乃涼、来栖ケイト、北条麻妃、亜梨、辻さき、鮎川なお、真田春香、浜崎りお（森下えりか、篠原絵梨香）、星優乃、ICHIKA、芦名未帆（稲森しほり）,https://www.javbus.com/MIBD-555,
SVOMN-033 THEレイプ！レイプ！レイプ！ 被害者50名！強姦挿入51連発！珠玉の4時間半！,SVOMN-033 THEレイプ！レイプ！レイプ！ 被害者50名！強姦挿入51連発！珠玉の4時間半！,SVOMN-033,,2011-04-07,270分鐘,,サディスティックヴィレッジ,サディスティックヴィレッジ,,強姦、合集、凌辱、4小時以上作品,小澤マリア、真白希実、村西まりな、妃悠愛（長澤杏奈、水原里香、木崎祐子）、北条麻妃、つぼみ,https://www.javbus.com/SVOMN-033,
JUSD-335 犯された義姉大全集8時間,JUSD-335 犯された義姉大全集8時間,JUSD-335,,2011-04-02,479分鐘,,マドンナ,Madonna,犯された義姉,成熟的女人、強姦、合集、數位馬賽克、DMM獨家,中森玲子、佐藤みき（佐藤美紀、鈴木志帆）、北条麻妃、広瀬奈々美（堀口奈津美）、樋口冴子（桐島千沙）、川上ゆう（森野雫）、友田真希、山口珠理,https://www.javbus.com/JUSD-335,
MIBD-552 集団輪姦！！連続中出しBEST,MIBD-552 集団輪姦！！連続中出しBEST,MIBD-552,,2011-03-26,238分鐘,,ムーディーズ,MOODYZBest,,合集、數位馬賽克、輪姦、中出、DMM獨家,花井メイサ、亜梨、愛実（秋川ルイ）、美花ゆり、田中亜弥、Hitomi（田中瞳）、竹内あい、橘れもん、広瀬奈々美（堀口奈津美）、南波杏、むらさき真珠、早川瀬里奈、鈴木杏里、青木りん、姫野愛、黒木麻衣（花野真衣、SHIHO）、当真ゆき（桜井マミ）、鈴木きあら（美空あいり）、松すみれ、浜崎りお（森下えりか、篠原絵梨香）、葵ちひろ、横山みれい、浅乃ハルミ、桃野なごみ、さくら結衣、あのあるる、常盤りん、桜子、北条麻妃,https://www.javbus.com/MIBD-552,
REAL-397 尻責め鬼突きうしろから犯す！,REAL-397 尻責め鬼突きうしろから犯す！,REAL-397,,2011-03-21,212分鐘,,レアルワークス,REAL（レアルワークス）,,其他戀物癖、屁股,RUMIKA、妃悠愛（長澤杏奈、水原里香、木崎祐子）、水城奈緒、北条麻妃、川上ゆう（森野雫）,https://www.javbus.com/REAL-397,
JFB-015 2010年Fitch全作品集12時間,JFB-015 2010年Fitch全作品集12時間,JFB-015,,2011-03-20,718分鐘,,Fitch,Fitch,,成熟的女人、合集、數位馬賽克、DMM獨家,愛あいり、橘ミオン（石川鈴華）、紗奈、管野しずか、中森玲子、佐藤みき（佐藤美紀、鈴木志帆）、水城奈緒、細川まり、山口玲子、風間ゆみ、漣ゆめ、和葉みれい（藤白まき）、瀬奈涼、浦田みらい、吉永沙織、今枝陽子、森山杏菜（森山杏奈）、小向まな美、北条麻妃、北条美里、真白希実、美原咲子、妃悠愛（長澤杏奈、水原里香、木崎祐子）、Seiko。、鈴香音色、春風えみ、神崎レオナ（七瀬かすみ）、雪見紗弥、翔田千里、青木りん、葉月奈穂（葉月菜穂）、妃乃ひかり、星野あかり、牧原れい子、浅倉彩音、大堀香奈,https://www.javbus.com/JFB-015,
BIB-026 究極のクビレた肉体,BIB-026 究極のクビレた肉体,BIB-026,,2011-03-20,239分鐘,,美,BEST（美）,,合集、DMM獨家,蒼井怜、夏樹あい、上原カエラ、鈴木杏里、里美ゆりあ、JULIA、黒木アリサ、竹内あい、松嶋れいな、水元ゆうな、みずほゆき、小野紗里奈、横山みれい、小桜沙樹、北条麻妃、浅乃ハルミ、緋咲アンナ、瀬名アスカ、杏堂なつ（榊れいな）、南りん、成瀬心美（ここみ）、鈴音りおな,https://www.javbus.com/BIB-026,
WNZ-298 ディルドオナニー 22人4時間,WNZ-298 ディルドオナニー 22人4時間,WNZ-298,,2011-03-20,238分鐘,,ワンズファクトリー,WANZ,,玩具、4小時以上作品、自慰,望多つばさ、愛乃みやび、大城美咲、七瀬あさみ、持田百恵、結城みさ、瑠菜（安西瑠菜、RUNA）、碧しの（篠めぐみ）、RUMIKA、妃悠愛（長澤杏奈、水原里香、木崎祐子）、愛菜りな、愛実（秋川ルイ）、黒木アリサ、月野りさ、南りん、北条麻妃、水城奈緒、大槻ひびき、JULIA、中野愛里、あづみ、寺島ちひろ,https://www.javbus.com/WNZ-298,
ELO-352 レンタルAV熟女優BEST,ELO-352 レンタルAV熟女優BEST,ELO-352,,2011-03-17,236分鐘,,イエロー,YeLLOW,レンタルAV女優,成熟的女人、合集、數位馬賽克、高畫質、巨乳、DMM獨家,美原咲子、北条麻妃、村上涼子（中村りかこ、黒木菜穂）、川上ゆう（森野雫）、風間ゆみ,https://www.javbus.com/ELO-352,
JUSD-329 2010年マドンナ下半期137タイトル8時間,JUSD-329 2010年マドンナ下半期137タイトル8時間,JUSD-329,,2011-03-07,479分鐘,,マドンナ,Madonna,マドンナ○半期,成熟的女人、合集、已婚婦女、數位馬賽克、高畫質、DMM獨家,さくらい葉菜、音羽レオン、水沢真樹、桐岡さつき、春咲あずみ、甲斐ミハル、成瀬心美（ここみ）、艶堂しほり（遠藤しおり）、北条麻妃、紫彩乃,https://www.javbus.com/JUSD-329,
SVOMN-032 サディスペディア2010 下半期作品集,SVOMN-032 サディスペディア2010 下半期作品集,SVOMN-032,,2011-03-05,269分鐘,,サディスティックヴィレッジ,サディスティックヴィレッジ,サディスペディア○○作品集,潮吹、合集、凌辱、羞恥、肛交,彩佳リリス（藤崎クロエ）、鈴香音色、真白希実、妃悠愛（長澤杏奈、水原里香、木崎祐子）、月野りさ、雪見紗弥、北条麻妃、つぼみ、椎名ゆい、妃乃ひかり,https://www.javbus.com/SVOMN-032,
HLEG-001 Working Woman’s Legs BEST HD,HLEG-001 Working Woman’s Legs BEST HD,HLEG-001,,2011-02-23,119分鐘,,青空ソフト,青空ソフト,WorkingWoman’sLegs,合集、連褲襪、戀腿癖、制服、高畫質,楓姫輝、井川ゆい、森ななこ、紗奈、妃悠愛（長澤杏奈、水原里香、木崎祐子）、諸星セイラ（百瀬涼）、北条麻妃,https://www.javbus.com/HLEG-001,
DAZD-033 ベストヒット凌辱厳選20タイトル,DAZD-033 ベストヒット凌辱厳選20タイトル,DAZD-033,,2011-02-20,239分鐘,,ダスッ！,ダスッ！,,合集、輪姦、凌辱、DMM獨家,KYOKO、恵けい、小川あさ美、JULIA、北条麻妃、竹内あい、広瀬奈々美（堀口奈津美）、如月カレン、牧原れい子、風間ゆみ、花井メイサ、鮎川なお、灘坂舞、真田春香、浜崎りお（森下えりか、篠原絵梨香）、大塚咲（小野沙樹、大滝佐紀）、春咲あずみ、翔田千里、妃乃ひかり、友田真希,https://www.javbus.com/DAZD-033,
TYWD-013 淫乱3P8時間,TYWD-013 淫乱3P8時間,TYWD-013,,2011-02-17,479分鐘,,乱丸,乱丸,,合集、花癡、多P、DMM獨家,あのあるる、KYOKO、鷹宮りょう、eco、@YOU、春風えみ、一ノ瀬あきら、雪見紗弥、艶堂しほり（遠藤しおり）、新井エリー（晶エリー、大沢佑香）、橘ミオン（石川鈴華）、広瀬奈々美（堀口奈津美）、花井メイサ、早乙女ルイ、川上ゆう（森野雫）、ERIKA（モカ、MOKA）、前乃さとみ、はるか悠、村上里沙、田中亜弥、紗奈、須真杏里（須真杏理）、一戸のぞみ、青木玲、nao.（小池ひとみ）、金沢文子、貝満ひとみ、友田真希、星崎アンリ、希内あんな、大槻ひびき、北条麻妃、希咲エマ（HARUKI、加藤はる希）、鈴木ミント、女池さゆり、玲丸、岡山涼花、ひなのりく、佐田あゆみ、麗花、真田春香、峰なゆか、星野あかり、柊早矢（美咲ゆりあ）、寧々、乃亜（鳥越乃亜）、COCONA（ココナ）、鈴音りおな、瀬奈涼、大沢美加（廣田まりこ）、泉麻那、妃悠愛（長澤杏奈、水原里香、木崎祐子）、相原れな（三浦加奈、篠原リョウ）、井川ゆい、ジゼル、RUMIKA、ましろ杏、櫻井ゆうこ、雪野ひかる、浜崎りお（森下えりか、篠原絵梨香）、星優乃、柳田やよい、水城奈緒、きこうでんみさ、つぼみ、くるみ（未来）、春咲あずみ、Marin.、鈴木杏里、青木りん、小澤マリア、葉月奈穂（葉月菜穂）、北田優歩、妃乃ひかり、村上涼子（中村りかこ、黒木菜穂）、諸星セイラ（百瀬涼）,https://www.javbus.com/TYWD-013,
ELO-346 人妻中出しパンティーストッキングBEST,ELO-346 人妻中出しパンティーストッキングBEST,ELO-346,,2011-02-17,176分鐘,,イエロー,YeLLOW,人妻中出しパンティーストッキング,合集、連褲襪、已婚婦女、數位馬賽克、中出、高畫質、DMM獨家,井川ゆい、高島恭子、横山みれい、北条麻妃、柳田やよい、村上涼子（中村りかこ、黒木菜穂）,https://www.javbus.com/ELO-346,
MIBD-542 MOODYZハードプレイ150連発12時間,MIBD-542 MOODYZハードプレイ150連発12時間,MIBD-542,,2011-02-11,718分鐘,,ムーディーズ,MOODYZBest,,合集、花癡、數位馬賽克、DMM獨家,滝沢クリステル、常盤りん、大橋未久、吉岡なつみ、橘れもん、紺野りさ子、鮎川なお、長谷川いずみ、南波杏、金沢文子、来栖りお、黒沢愛、紅音ほたる（秋月杏奈）、金城アンナ、飯沢もも、葉山みなみ（杉浦美由）、篠原もえ、小森美樹、森ななこ、浅乃ハルミ、北島玲、榊なち、亜梨、Hitomi（田中瞳）、あのあるる、愛海、くるみひな、逢沢なお（青山れあ）、さくら結衣、志保、北条麻妃、心有花、桜みみ、麗花、花井メイサ、美花ゆり、真琴、辻さき、雪見紗弥、君野ゆめ、結川るり、桜子、神楽メイ、浜崎りお（森下えりか、篠原絵梨香）、春乃かすみ、香坂杏奈、聖乃マリア、小坂めぐる、RiRi、大塚咲（小野沙樹、大滝佐紀）、竹内あい、佐藤ショコラ、香月藍、むらさき真珠、くるみ（未来）、若宮莉那、青山菜々、柚木あや、花宮あみ、川村カンナ、水嶋友穂、天乃みお、佐藤江梨花、早川瀬里奈、鈴夏ゆらん、Marin.、さくら紗希、鈴木杏里、青木りん、流海、辻本りょう、新井エリー（晶エリー、大沢佑香）、西野翔、松坂みるく、峰なゆか、黒木麻衣（花野真衣、SHIHO）、天宮まなみ（来嶋ゆきな）、綾乃梓、あいか瞬、あゆむ、碧しの（篠めぐみ）、恋野恋、@YOU、一ノ瀬カレン、かわい果南、水原みなみ、夏川未来（小春）、村西まりな、大沢美加（廣田まりこ）、藤本リーナ、亜弓つばさ、鈴木きあら（美空あいり）、早咲まみ、愛実（秋川ルイ）,https://www.javbus.com/MIBD-542,
VSPDS-544 V＆R 2010 下半期BEST,VSPDS-544 V＆R 2010 下半期BEST,VSPDS-544,,2011-02-08,239分鐘,,V＆Rプロダクツ,V＆Rプロダクツ,V＆R○半期BEST,合集、已婚婦女、明星臉、拘束、水手服,大沢美加（廣田まりこ）、瀬奈涼、北条麻妃,https://www.javbus.com/VSPDS-544,
ALD-407 わけあり妻 それぞれの事情,ALD-407 わけあり妻 それぞれの事情,ALD-407,,2011-02-07,244分鐘,,桃太郎映像出版,ALLIN☆ONE,,成熟的女人、已婚婦女、多P、深喉、中出,橘エレナ、春風えみ、立花みずき、水城奈緒、北条麻妃、川上ゆう（森野雫）,https://www.javbus.com/ALD-407,
GQR-068 いいなりになるオンナたち,GQR-068 いいなりになるオンナたち,GQR-068,,2011-02-03,240分鐘,,グローリークエスト,GQR,,和服・喪服、紧缚、合集、多P、性奴,井川ゆい、桃咲まなみ、鈴香音色、紗奈、RUMIKA、雪見紗弥、佐藤みき（佐藤美紀、鈴木志帆）、北条麻妃、澤村レイコ（高坂保奈美、高坂ますみ）、つぼみ、妃悠愛（長澤杏奈、水原里香、木崎祐子）、和葉みれい（藤白まき）、池田美和子、大堀香奈、愛実（秋川ルイ）、長谷川美紅、君嶋かりん、浜崎りお（森下えりか、篠原絵梨香）、七瀬ゆい（羽田未来）,https://www.javbus.com/GQR-068,
JUSD-321 美熟女50人の豪快潮吹き8時間,JUSD-321 美熟女50人の豪快潮吹き8時間,JUSD-321,,2011-01-21,479分鐘,,マドンナ,Madonna,,成熟的女人、潮吹、合集、數位馬賽克、DMM獨家,川島めぐみ、加山なつこ、時越芙美江、雪見紗弥、艶堂しほり（遠藤しおり）、明星ちかげ、広瀬奈々美（堀口奈津美）、志村玲子、樋口冴子（桐島千沙）、川上ゆう（森野雫）、森ななこ、澤村レイコ（高坂保奈美、高坂ますみ）、中森玲子、柳田やよい、大塚咲（小野沙樹、大滝佐紀）、山口玲子、風間ゆみ、友田真希、長谷川美紅、紫彩乃、黒木麻衣（花野真衣、SHIHO）、星野あかり、村上涼子（中村りかこ、黒木菜穂）、翔田千里、佐藤みき（佐藤美紀、鈴木志帆）、波多野結衣、伊吹稟、華山美玲、妃悠愛（長澤杏奈、水原里香、木崎祐子）、五十嵐しのぶ、伊沢美春（伊沢美晴）、結城みさ、香坂めぐ、JULIA、美河さき、真下礼子、松すみれ、白川ゆり、美原咲子、浅倉彩音、宮田まり、有沢実紗、夏木響子、矢沢美奈、小向まな美、北条麻妃、真波紫乃、桜みちる、横山みれい、白鳥美雪,https://www.javbus.com/JUSD-321,
BIB-022 美2周年記念 美女COMPLETECOLLECTION 114TITLE8時間,BIB-022 美2周年記念 美女COMPLETECOLLECTION 114TITLE8時間,BIB-022,,2011-01-21,479分鐘,,美,BEST（美）,,蕩婦、合集、DMM獨家,杉原桃花、愛あいり、松生彩、上原カエラ、里美ゆりあ、大橋未久、黒木アリサ、竹内あい、橘れもん、如月カレン、ももかりん、鈴音りおな、緋咲アンナ、管野しずか、村西まりな、魅麗、阿利希キリア（阿利希カレラ）、井川ゆい、小野紗里奈、綾瀬美都（内山遥）、瀬名アスカ、浅乃ハルミ、北条麻妃、あゆむ、小桜沙樹、横山みれい、みずほゆき、妃悠愛（長澤杏奈、水原里香、木崎祐子）、成瀬心美（ここみ）、南りん、新名しおり、蒼井怜、夏樹あい、紗奈、松嶋れいな、杏堂なつ（榊れいな）、KYOKO、藤本AYAY、鈴木杏里、新井エリー（晶エリー、大沢佑香）、西野翔、滝沢優奈、水元ゆうな,https://www.javbus.com/BIB-022,
ETC-086 めざましフェラチオ,ETC-086 めざましフェラチオ,ETC-086,,2011-01-20,239分鐘,,グローリークエスト,Etcetera,,OL、口交、巨乳,皆澤奏美、弘前亮子、恵けい、中居ちはる、仁科百華、横山みれい、瀬奈涼、管野しずか、北条麻妃、浜崎りお（森下えりか、篠原絵梨香）,https://www.javbus.com/ETC-086,
TYWD-012 淫乱四つん這いバック4時間,TYWD-012 淫乱四つん這いバック4時間,TYWD-012,,2011-01-15,239分鐘,,乱丸,乱丸,,其他戀物癖、合集、花癡、數位馬賽克、DMM獨家,あのあるる、きこうでんみさ、くるみ（未来）、早川瀬里奈、@YOU、ましろ杏、水城奈緒、つぼみ、鮎川なお、新井エリー（晶エリー、大沢佑香）、柳田やよい、星優乃、浜崎りお（森下えりか、篠原絵梨香）、雪見紗弥、麗花、香椎杏子、田中亜弥、はるか悠、Marin.、青木りん、金沢文子、友田真希、貝満ひとみ、nao.（小池ひとみ）、青木玲、柊早矢（美咲ゆりあ）、星野あかり、櫻井ゆうこ、雪野ひかる、村上涼子（中村りかこ、黒木菜穂）、妃乃ひかり、北田優歩、葉月奈穂（葉月菜穂）、前乃さとみ、ERIKA（モカ、MOKA）、川上ゆう（森野雫）、鈴木ミント、希咲エマ（HARUKI、加藤はる希）、北条麻妃、希内あんな、星崎アンリ、諸星セイラ（百瀬涼）、RUMIKA、ジゼル、井川ゆい、相原れな（三浦加奈、篠原リョウ）、妃悠愛（長澤杏奈、水原里香、木崎祐子）、泉麻那、大沢美加（廣田まりこ）、瀬奈涼、鈴音りおな、女池さゆり、玲丸、クリス小澤、早乙女ルイ、花井メイサ、広瀬奈々美（堀口奈津美）、春風えみ、艶堂しほり（遠藤しおり）、KYOKO、鷹宮りょう、eco、橘ミオン（石川鈴華）、紗奈、須真杏里（須真杏理）、一戸のぞみ、佐田あゆみ、岡山涼花、COCONA（ココナ）,https://www.javbus.com/TYWD-012,
GON-420 美人妻フェラ4時間コレクション Vol.2,GON-420 美人妻フェラ4時間コレクション Vol.2,GON-420,,2011-01-14,239分鐘,,グレイズ,GLAY’zONE,美人妻フェラ4時間コレクション,口交、其他戀物癖、已婚婦女、多P,三咲由香、瀬戸みき、杉本はるか、後藤さなえ、辻本りょう、紗奈、大塚咲（小野沙樹、大滝佐紀）、黒木麻衣（花野真衣、SHIHO）、ミュウ（夏目ミュウ、春川リサ、夏目衣織）、叶麗子、今野梨乃、速水怜、鈴木ありさ、なつき、高橋ひとみ、藤宮櫻花（眞雪ゆん）、吉岡奈々子、明石洋子、水野えみり、みなみゆず、片桐りの、豊田沙希、管野しずか、森ゆきな、平松恵理香、浅田沙織、常磐エレナ、小畑ゆう、早見るり、小林さとみ、北原まどか、真白希実、北条麻妃、篠原由香子,https://www.javbus.com/GON-420,
VSPDS-537 極上美熟女コレクション,VSPDS-537 極上美熟女コレクション,VSPDS-537,,2011-01-07,239分鐘,,V＆Rプロダクツ,V＆Rプロダクツ,,成熟的女人、合集、4小時以上作品,小向まな美、北条麻妃、澤村レイコ（高坂保奈美、高坂ますみ）、広瀬奈々美（堀口奈津美）、風間ゆみ,https://www.javbus.com/VSPDS-537,
DVH-591 こだわりの手コキ 人妻編 9,DVH-591 こだわりの手コキ 人妻編 9,DVH-591,,2010-12-25,239分鐘,,ハヤブサ,隼,こだわりの手コキ,已婚婦女、乳房、打手槍,加藤聖良、三村ちな、宮本ひかる、伊沢美春（伊沢美晴）、香坂めぐ、秋吉小百合、管野しずか、北条麻妃、柳田やよい、夏川未来（小春）、国沢百合香、山梨ゆず、橘実加、渋谷海莉、篠原奈美,https://www.javbus.com/DVH-591,
SDDS-017I 森谷みゆ 初めてのLADY×LADY,SDDS-017I 森谷みゆ 初めてのLADY×LADY,SDDS-017I,,2010-12-23,22分鐘,RIKACHANG（♀）,LADY×LADY,LADY×LADY,15周年記念BOX撮り下ろし作品,女同性戀,鷹宮りょう、岡山涼花、北条麻妃,https://www.javbus.com/SDDS-017I,
DAZD-031 ダスッ！2010年総決算厳選8時間スペシャル,DAZD-031 ダスッ！2010年総決算厳選8時間スペシャル,DAZD-031,,2010-12-19,479分鐘,,ダスッ！,ダスッ！,,合集、灌腸、凌辱、中出、DMM獨家、肛交,花井メイサ、小川あさ美、JULIA、泉麻那、RUMIKA、竹内あい、翔田千里、如月カレン、妃乃ひかり、牧原れい子、広瀬奈々美（堀口奈津美）、夏川未来（小春）、朋香めい、宮坂レイア、北条麻妃、小峰ひなた、恵けい、水玉レモン、KYOKO、桜りお,https://www.javbus.com/DAZD-031,
JUSD-315 マドンナ7周年記念 極上美熟尻77人8時間,JUSD-315 マドンナ7周年記念 極上美熟尻77人8時間,JUSD-315,,2010-12-19,479分鐘,,マドンナ,Madonna,マドンナ7周年記念,成熟的女人、合集、屁股、數位馬賽克、DMM獨家,杉並静香、春風えみ、管野しずか、川瀬さやか、北原夏美、北条麻妃、澤村レイコ（高坂保奈美、高坂ますみ）、広瀬奈々美（堀口奈津美）、松下ゆうか（愛乃彩音、藤咲ゆうか）、翔田千里、明星ちかげ、森ななこ、鷹宮りょう、中森玲子、山口美花、関口梨乃、根元純、折原ゆかり、上原リナ、黒崎ヒトミ（神津千絵子）、樋口冴子（桐島千沙）、坂上友香、牧原れい子、高島小百合、黒木麻衣（花野真衣、SHIHO）、村上涼子（中村りかこ、黒木菜穂）、葉月奈穂（葉月菜穂）、あずま樹、青井マリ、今宮せつな、愛川咲樹、小向杏奈（桜井麻美）、柳田やよい、志村玲子、天海ゆり、白河ゆりか、加藤なお、華山美玲、高島恭子、さくらい葉菜、立花みずき、森山杏菜（森山杏奈）、今枝陽子、伊沢美春（伊沢美晴）、黒澤雪華、香坂めぐ、星杏奈、瀬戸ありさ、花村いづみ、吉永沙織、内田美奈子、江原あけみ（美輪ちあき）、真下礼子、早見るり、伊吹稟、羽鳥澄香、吉岡奈々子、時越芙美江、水沢真樹、三咲恭子、小向まな美、山下やよい、真田友里、藤森綾子、北条美里、橘エレナ、四季彩乃、橘慶子、新尾きり子、新村まり子、塚原百合、桐岡さつき,https://www.javbus.com/JUSD-315,
BIB-020 特選女優20選 SPECIAL6時間,BIB-020 特選女優20選 SPECIAL6時間,BIB-020,,2010-12-19,359分鐘,,美,BEST（美）,,蕩婦、合集、多P、女上位、DMM獨家,あゆむ、蒼井怜、新名しおり、上原カエラ、里美ゆりあ、大橋未久、黒木アリサ、浅乃ハルミ、成瀬心美（ここみ）、北条麻妃、妃悠愛（長澤杏奈、水原里香、木崎祐子）、鈴音りおな、橘れもん、水元ゆうな、如月カレン、松嶋れいな、滝沢優奈、西野翔、竹内あい、紗奈,https://www.javbus.com/BIB-020,
JUSD-314 マドンナ7周年記念 特選美熟女100人16時間,JUSD-314 マドンナ7周年記念 特選美熟女100人16時間,JUSD-314,,2010-12-19,959分鐘,,マドンナ,Madonna,マドンナ7周年記念,成熟的女人、合集、數位馬賽克、DMM獨家,愛染恭子（青山涼子）、長谷川美紅、艶堂しほり（遠藤しおり）、君島美香子（君島美香）、広瀬奈々美（堀口奈津美）、美月ゆう子（長瀬優子）、小池絵美子、紫彩乃、神崎美樹、麻布レオナ、竹内順子、美原咲子、橘慶子、桜みちる、藤森綾子、北条麻妃、有沢実紗、浅倉彩音、天海ゆり、結城みさ、星杏奈、佐藤みき（佐藤美紀、鈴木志帆）、滝澤クリスタル、葉月樹里、樋口冴子（桐島千沙）、一条梨乃、五十川みどり、泉貴子、瀬戸ゆうき、町村小夜子、澤村レイコ（高坂保奈美、高坂ますみ）、神楽メイ、志村玲子、和希優子、白鳥美鈴、坂本梨沙、向井莉奈、愛川咲樹、天霧真世、増尾彩、速水怜、美波志保、翔田千里、柳田やよい、清水美佐子、麻生洋子、吉川ゆう、増田ゆり子、藤原キリカ、野宮凛子、水城優子、青山ゆかり、村上涼子（中村りかこ、黒木菜穂）、佐伯晴香、あずま樹、川上ゆう（森野雫）、日向ゆみ、篠宮慶子、小林みゆき、吉野碧、黒木あげは、折原純子、立花瞳、西条麗、希崎圭蓮（杉本彩子）、木村沙恵、里中亜矢子、結衣（結衣美沙）、君島冴子（AOI.、村上葵）、高倉梨奈、桜月舞、須崎由奈、水野朋美、秋本絵梨、草凪純（加納瑞穂）、山口珠理、沙羅樹、真田ゆかり（葵のぞみ）、友崎亜希、友田真希、赤坂ルナ、牧原れい子、風見京子、風間ゆみ、牧本千幸（つかもと友希）、倖田李梨（倖田美梨、岩下美季）、青木美里、朝倉まりあ、宏岡みらい、鏡麗子、橘未稀（石川麻矢）、吉野サリー（立花きらら）、よしい美希（伊沢涼子、吉井美希）、菊池エリ、加山なつこ、岡崎美女、山口玲子、沢口みき、桐岡さつき,https://www.javbus.com/JUSD-314,
JUC-443 マドンナ7周年記念作品 七人の団地妻 ～婦人会長選挙と下着泥棒大騒動～,JUC-443 マドンナ7周年記念作品 七人の団地妻 ～婦人会長選挙と下着泥棒大騒動～,JUC-443,,2010-12-19,234分鐘,三島六三郎,マドンナ,Madonna,マドンナ7周年記念,成熟的女人、女同性戀、濫交、已婚婦女、數位馬賽克、高畫質、DMM獨家,有沢実紗、結城みさ、艶堂しほり（遠藤しおり）、北条麻妃、澤村レイコ（高坂保奈美、高坂ますみ）、牧原れい子、風間ゆみ,https://www.javbus.com/JUC-443,
DAZD-030 浣腸美熟女BEST4時間,DAZD-030 浣腸美熟女BEST4時間,DAZD-030,,2010-12-19,239分鐘,,ダスッ！,ダスッ！,浣腸美熟女,成熟的女人、潮吹、合集、灌腸、凌辱、DMM獨家,北条麻妃、広瀬奈々美（堀口奈津美）、翔田千里、風間ゆみ,https://www.javbus.com/DAZD-030,
CRAD-041 CROSS2009年下半期作品総集編8時間,CRAD-041 CROSS2009年下半期作品総集編8時間,CRAD-041,,2010-12-16,479分鐘,,クロス,CROSS,,合集、數位馬賽克、DMM獨家,杏堂なつ（榊れいな）、有沢実紗、橘ミオン（石川鈴華）、ERIKA（モカ、MOKA）、一戸のぞみ、北条麻妃、大塚咲（小野沙樹、大滝佐紀）、東野愛鈴、妃乃ひかり、川上ゆう（森野雫）、瑠菜（安西瑠菜、RUNA）、姫乃えみり、天本みさ,https://www.javbus.com/CRAD-041,
RKI-097 ROOKIE「中出し」スペシャル イイオンナの厳選「中出し」ファック16時間,RKI-097 ROOKIE「中出し」スペシャル イイオンナの厳選「中出し」ファック16時間,RKI-097,,2010-12-16,958分鐘,,ROOKIE,ROOKIE,,合集、中出、DMM獨家,上原カエラ、さくら紗希、鈴木杏里、早川瀬里奈、青木りん、泉麻那、水城奈緒、佐藤江梨花、むらさき真珠、妃乃ひかり、AYA、北条麻妃、杏堂なつ（榊れいな）、さくら結衣、亜梨、玲丸、あゆむ、吉沢みなみ、岬リサ、田中亜弥、宮嶋かれん、常盤りん、杉崎夏希、真田春香、あのあるる、七瀬ジュリア、花井メイサ、香坂杏奈、広瀬奈央美、竹内あい、前嶋美歩、香月藍、nao.（小池ひとみ）、花宮あみ、小澤マリア、しいないおり、星野あかり、黒木麻衣（花野真衣、SHIHO）、上原留華、紗月結花、神谷りの,https://www.javbus.com/RKI-097,
SBB-102 マルクス兄弟ベストセレクション50タイトル4時間 2010,SBB-102 マルクス兄弟ベストセレクション50タイトル4時間 2010,SBB-102,,2010-12-13,240分鐘,,マルクス兄弟,MARXBrothersco.,マルクス兄弟ベストセレクション,強姦、合集、各種職業、中出,新垣紗絵、七瀬あさみ、椎奈つばめ、真白希実、紗奈、碧しの（篠めぐみ）、ERIKA（モカ、MOKA）、浅倉彩音、月野りさ、北条麻妃、大澤あや乃、成瀬心美（ここみ）、中村まなみ、桜井なみ、大城美咲、中林彩、妃悠愛（長澤杏奈、水原里香、木崎祐子）、諸星セイラ（百瀬涼）、RUMIKA、希咲エマ（HARUKI、加藤はる希）,https://www.javbus.com/SBB-102,
HFD-054 イラマチオin… ［脅迫スイートルーム］ 4時間 インテリ・ドMレディ×22人,HFD-054 イラマチオin… ［脅迫スイートルーム］ 4時間 インテリ・ドMレディ×22人,HFD-054,,2010-12-05,240分鐘,,ドリームチケット,ドリームチケット,脅迫スイートルーム,企畫、合集、各種職業、凌辱,綾瀬メグ、小澤マリア、紗奈、雪見紗弥、今野梨乃、水城奈緒、大塚咲（小野沙樹、大滝佐紀）、澤村レイコ（高坂保奈美、高坂ますみ）、北島玲、神楽メイ、長谷川あゆみ、水野美香、妃乃ひかり、村上涼子（中村りかこ、黒木菜穂）、草凪純（加納瑞穂）、広瀬奈々美（堀口奈津美）、春風えみ、一ノ瀬あきら、一戸のぞみ、北条麻妃、相原れな（三浦加奈、篠原リョウ）、佐藤江梨花,https://www.javbus.com/HFD-054,
ETC-075 寝犯 寝てる女を触りまくり、舐めまくり、イカセまくり、シャぶらせまくり…,ETC-075 寝犯 寝てる女を触りまくり、舐めまくり、イカセまくり、シャぶらせまくり…,ETC-075,,2010-12-04,194分鐘,,グローリークエスト,Etcetera,,其他戀物癖、女優按摩棒、高畫質、巨乳,福永めぐ、RYNN、瞳りな、緋咲アンナ、森元あすか、仁科百華、ましろ杏、和葉みれい（藤白まき）、北条麻妃、星乃せあら（南まりん）,https://www.javbus.com/ETC-075,
ATKD-163 あなた、許して…。総集編2,ATKD-163 あなた、許して…。総集編2,ATKD-163,,2010-12-02,239分鐘,なぎら健造,アタッカーズ,AttackersBEST,あなた、許して…。,強姦、合集、已婚婦女、DMM獨家,芹沢恋、長澤あずさ、管野しずか、雪見紗弥、北条麻妃,https://www.javbus.com/ATKD-163,
MIBD-527 真性中出し100人4時間,MIBD-527 真性中出し100人4時間,MIBD-527,,2010-11-27,238分鐘,,ムーディーズ,MOODYZBest,真性中出し,合集、數位馬賽克、中出、DMM獨家,桜子、渚、松田亜美、青木りん、香坂杏奈、神楽メイ、広瀬奈々美（堀口奈津美）、相崎琴音、浜崎りお（森下えりか、篠原絵梨香）、新井エリー（晶エリー、大沢佑香）、あゆむ、横山みれい、杉崎りか、松すみれ、あのあるる、小峰ひなた、美月、青空小夏、葵ちひろ、北条麻妃、浅乃ハルミ、桃野なごみ、杏堂なつ（榊れいな）、さくら結衣、亜梨、中山エリス、岬リサ、水森れん、友亜リノ、一戸のぞみ、愛あいり、七瀬ジュリア、うるるまみ（風吹かのん）、Hitomi（田中瞳）、藤谷さやか、早紀歩、逢沢なお（青山れあ）、KYOKO、愛実（秋川ルイ）、桜みみ、花井メイサ、MARIMO、彩月あかり（岩佐めい）、中居みゆ、雪乃まひる、田中亜弥、澤井由奈、宮嶋かれん、美澄れな、常盤りん、紺野りさ子、麗花、美咲、倉持りおな、君野ゆめ、結川るり、RiRi、さくら紗希、美花ゆり、真琴、橘れもん、花宮あみ、竹内あい、乙音奈々、香月藍、むらさき真珠、若宮莉那、水嶋友穂、佐藤江梨花、川愛加奈、黒木麻衣（花野真衣、SHIHO）、@YOU、さくらみいな、北田優歩、早川瀬里奈,https://www.javbus.com/MIBD-527,
BIB-018 美フェラチオ大全集vol.2-肉棒を舐め回す濃厚フェラ-,BIB-018 美フェラチオ大全集vol.2-肉棒を舐め回す濃厚フェラ-,BIB-018,,2010-11-25,239分鐘,,美,BEST（美）,美フェラチオ大全集,口交、合集、DMM獨家,井川ゆい、ももかりん、蒼井怜、上原カエラ、西野翔、横山みれい、成瀬心美（ここみ）、北条麻妃、橘れもん、新井エリー（晶エリー、大沢佑香）、里美ゆりあ、妃悠愛（長澤杏奈、水原里香、木崎祐子）、みずほゆき、魅麗、緋咲アンナ、鈴音りおな、水元ゆうな、如月カレン、松嶋れいな、滝沢優奈、鈴木杏里,https://www.javbus.com/BIB-018,
DVH-587 フェラコレ熟女編VIII,DVH-587 フェラコレ熟女編VIII,DVH-587,,2010-11-25,239分鐘,,ハヤブサ,隼,フェラコレ,成熟的女人、口交、數位馬賽克、打手槍,七瀬歩、佐々木いちか、山梨ゆず、三村ちな、宮本ひかる、伊沢美春（伊沢美晴）、香坂めぐ、横山みれい、高倉舞、北条麻妃、国沢百合香、橘実加、香山蘭、夏川未来（小春）、管野しずか,https://www.javbus.com/DVH-587,
BIB-019 -働く大人の女たち- 綺麗なお姉さんに犯されたい,BIB-019 -働く大人の女たち- 綺麗なお姉さんに犯されたい,BIB-019,,2010-11-25,239分鐘,,美,BEST（美）,,合集、姐姐、DMM獨家,杏堂なつ（榊れいな）、杉原桃花、松生彩、西野翔、里美ゆりあ、浅乃ハルミ、北条麻妃、滝沢優奈、如月カレン、水元ゆうな、小野紗里奈、井川ゆい、みずほゆき、魅麗,https://www.javbus.com/BIB-019,
WNZ-255 ちょっと怖いけどドキドキしちゃう 綺麗なお姉さんに亀頭＆尿道責めされて、禁断の快楽に目覚めたM男たち,WNZ-255 ちょっと怖いけどドキドキしちゃう 綺麗なお姉さんに亀頭＆尿道責めされて、禁断の快楽に目覚めたM男たち,WNZ-255,,2010-11-22,121分鐘,,ワンズファクトリー,WANZ,,口交、姐姐、打手槍,田中くれは、結城みさ、黒木アリサ、鈴音りおな、浅乃ハルミ、大沢美加（廣田まりこ）、碧しの（篠めぐみ）、北条麻妃,https://www.javbus.com/WNZ-255,
SVDVD-193 「仕事欲しい」とタダでナマ中出しSEXをさせてくれたり、階段の陰でフェラチオ営業して来たりするAV女優の不思議！,SVDVD-193 「仕事欲しい」とタダでナマ中出しSEXをさせてくれたり、階段の陰でフェラチオ営業して来たりするAV女優の不思議！,SVDVD-193,,2010-11-21,272分鐘,SHOHEI,サディスティックヴィレッジ,サディスティックヴィレッジ,,口交、凌辱、中出、女上位、手指插入,天川るる、小澤マリア、月野りさ、北条麻妃、小宮ゆい、つぼみ、広瀬奈々美（堀口奈津美）、香坂百合,https://www.javbus.com/SVDVD-193,
CRAD-040 CROSS2009年上半期作品総集編8時間,CRAD-040 CROSS2009年上半期作品総集編8時間,CRAD-040,,2010-11-19,479分鐘,,クロス,CROSS,,合集、數位馬賽克、DMM獨家,星野あかり、ayami（赤西涼、まひる）、一戸のぞみ、今野梨乃、北条麻妃、大塚咲（小野沙樹、大滝佐紀）,https://www.javbus.com/CRAD-040,
RKI-093 ALL STAR 夢の饗宴 ROOKIE50タイトル480分COMPLETE ALBUM,RKI-093 ALL STAR 夢の饗宴 ROOKIE50タイトル480分COMPLETE ALBUM,RKI-093,,2010-11-19,479分鐘,,ROOKIE,ROOKIE,,合集、DMM獨家,花井メイサ、かすみりさ、青木りん、吉沢明歩、千堂ゆりあ、大塚咲（小野沙樹、大滝佐紀）、神崎レオナ（七瀬かすみ）、つぼみ、蒼井そら、nao.（小池ひとみ）、月野りさ、成瀬心美（ここみ）、北条麻妃、有村みき、星崎アンリ、石井茜、妃悠愛（長澤杏奈、水原里香、木崎祐子）、長澤エミリ,https://www.javbus.com/RKI-093,
RKI-096 AV女優養成所,RKI-096 AV女優養成所,RKI-096,,2010-11-19,155分鐘,ピエロ田,ROOKIE,ROOKIE,,女同性戀、濫交、淫語、女上位、高畫質、DMM獨家,新井恵、和葉みれい（藤白まき）、北条麻妃,https://www.javbus.com/RKI-096,
ZQR-006 人妻恥悦旅行 総集編 十一,ZQR-006 人妻恥悦旅行 総集編 十一,ZQR-006,,2010-11-18,242分鐘,高橋浩一,グローリークエスト,ZQR,人妻恥悦旅行,和服・喪服、第一人稱攝影、合集、已婚婦女、通姦,五十嵐しのぶ、長谷川美紅、森ななこ、妃悠愛（長澤杏奈、水原里香、木崎祐子）、北条麻妃、黒木麻衣（花野真衣、SHIHO）,https://www.javbus.com/ZQR-006,
NADE-867 人妻の情事 2 力ずくで義父に犯される10人の人妻たち,NADE-867 人妻の情事 2 力ずくで義父に犯される10人の人妻たち,NADE-867,,2010-11-12,238分鐘,,なでしこ,Nadeshiko,人妻の情事（なでしこ）,成熟的女人、強姦、亂倫、已婚婦女,鮎川みさと、伊吹稟、石原こと、平塚ゆい、香坂めぐ、鈴香音色、横山みれい、美嶋茜、大塚美雪、北条麻妃,https://www.javbus.com/NADE-867,
MBYD-109 無情に犯され悶絶！人気美熟女20人4時間,MBYD-109 無情に犯され悶絶！人気美熟女20人4時間,MBYD-109,,2010-11-12,239分鐘,,溜池ゴロー,溜池ゴロー,,成熟的女人、強姦、合集、數位馬賽克、凌辱、DMM獨家,星野あかり、艶堂しほり（遠藤しおり）、澤村レイコ（高坂保奈美、高坂ますみ）、細川まり、広瀬奈々美（堀口奈津美）、樋口冴子（桐島千沙）、村上涼子（中村りかこ、黒木菜穂）、川上ゆう（森野雫）、友田真希、風間ゆみ、中森玲子、桜みちる、橘エレナ、真白希実、藤森綾子、北条麻妃、河合律子、吉岡奈々子、浅倉彩音、藤原絵理香,https://www.javbus.com/MBYD-109,
ALD-381 淫ら妻の日常 本能むき出し昼下がり妻の下半身,ALD-381 淫ら妻の日常 本能むき出し昼下がり妻の下半身,ALD-381,,2010-11-07,240分鐘,,桃太郎映像出版,ALLIN☆ONE,,成熟的女人、已婚婦女、中出、女上位、巨乳,橘エレナ、佐藤みき（佐藤美紀、鈴木志帆）、水城奈緒、北条麻妃,https://www.javbus.com/ALD-381,
BIB-017 美2010年上半期総集編,BIB-017 美2010年上半期総集編,BIB-017,,2010-10-25,239分鐘,K*WEST,美,BEST（美）,美○半期総集編,蕩婦、合集、DMM獨家,西野翔、鈴木杏里、里美ゆりあ、横山みれい、成瀬心美（ここみ）、北条麻妃、滝沢優奈、松嶋れいな、如月カレン、水元ゆうな、井川ゆい、妃悠愛（長澤杏奈、水原里香、木崎祐子）、みずほゆき、緋咲アンナ、鈴音りおな,https://www.javbus.com/BIB-017,
JUSD-305 25人の美熟女が悶える絶頂オナニー4時間,JUSD-305 25人の美熟女が悶える絶頂オナニー4時間,JUSD-305,,2010-10-25,239分鐘,,マドンナ,Madonna,,成熟的女人、合集、數位馬賽克、DMM獨家、自慰,有沢実紗、浅倉彩音、艶堂しほり（遠藤しおり）、佐藤みき（佐藤美紀、鈴木志帆）、澤村レイコ（高坂保奈美、高坂ますみ）、志村玲子、山口玲子、樋口冴子（桐島千沙）、川上ゆう（森野雫）、風間ゆみ、牧原れい子、北条麻妃、加山なつこ、柳田やよい、大塚咲（小野沙樹、大滝佐紀）、美原咲子、妃悠愛（長澤杏奈、水原里香、木崎祐子）、池田美和子、星杏奈、Seiko。、櫻井夕樹、星野あかり、村上涼子（中村りかこ、黒木菜穂）、翔田千里、長谷川美紅,https://www.javbus.com/JUSD-305,
ARJKT-10001 お掃除にまつわるエロなお話,ARJKT-10001 お掃除にまつわるエロなお話,ARJKT-10001,,2010-10-23,116分鐘,溜池ゴロー,AROUND,JKT,,成熟的女人、其他戀物癖、惡作劇,真白希実、浅倉彩音、北条麻妃、川上ゆう（森野雫）,https://www.javbus.com/ARJKT-10001,
REAL-388 メガスプラッシュ ～潮吹き絶頂スペシャル～,REAL-388 メガスプラッシュ ～潮吹き絶頂スペシャル～,REAL-388,,2010-10-22,99分鐘,,レアルワークス,REAL（レアルワークス）,,潮吹、拘束、手指插入,AYA、辻さき、雪見紗弥、星崎アンリ、水城奈緒、北条麻妃、鈴木さとみ、妃乃ひかり,https://www.javbus.com/REAL-388,
ARJKT-10002 暗闇で淑女はメスになる!,ARJKT-10002 暗闇で淑女はメスになる!,ARJKT-10002,,2010-10-21,120分鐘,溜池ゴロー,AROUND,,,成熟的女人、口交、乳交、姐姐、羞恥,川上ゆう、柳田やよい、堀口奈津美、北条麻妃,https://www.javbus.com/ARJKT-10002,
ANHD-007 アンナと花子レズ潮ベスト4時間,ANHD-007 アンナと花子レズ潮ベスト4時間,ANHD-007,,2010-10-19,239分鐘,,アンナと花子,アンナと花子,,女同性戀、潮吹、合集、DMM獨家,鷹宮りょう、一戸のぞみ、北条麻妃、桐島ひかり、大塚咲（小野沙樹、大滝佐紀）、乃亜（鳥越乃亜）、広瀬奈々美（堀口奈津美）、妃乃ひかり、川上ゆう（森野雫）、風間ゆみ、新井エリー（晶エリー、大沢佑香）、紅音ほたる（秋月杏奈）,https://www.javbus.com/ANHD-007,
MILD-667 痴女フェラ最強王座決定戦2010,MILD-667 痴女フェラ最強王座決定戦2010,MILD-667,,2010-10-15,239分鐘,,ケイ・エム・プロデュース,million（ミリオン）,,蕩婦、口交,シェリー（Shelly、藤井シェリー）（しぇりー）、星優乃、北条麻妃、川上ゆう（森野雫）,https://www.javbus.com/MILD-667,
MIGD-360 激イラマチオ5人共演180分SP,MIGD-360 激イラマチオ5人共演180分SP,MIGD-360,,2010-10-13,175分鐘,炎龍,ムーディーズ,MOODYZGati,,其他戀物癖、數位馬賽克、深喉、高畫質、DMM獨家,藤本リーナ、武藤クレア、管野しずか、雪見紗弥、北条麻妃,https://www.javbus.com/MIGD-360,
JUSD-302 働く美熟女15人の卑猥なセックス4時間,JUSD-302 働く美熟女15人の卑猥なセックス4時間,JUSD-302,,2010-10-07,239分鐘,,マドンナ,Madonna,,成熟的女人、合集、各種職業、數位馬賽克、DMM獨家,松坂晴美、有沢実紗、長谷川美紅、浅倉彩音、星優乃、佐藤みき（佐藤美紀、鈴木志帆）、大塚咲（小野沙樹、大滝佐紀）、澤村レイコ（高坂保奈美、高坂ますみ）、柳田やよい、黒木麻衣（花野真衣、SHIHO）、北条麻妃、藤森綾子、真波紫乃、華山美玲、結城みさ,https://www.javbus.com/JUSD-302,
JUSD-297 2010年マドンナ上半期134タイトル8時間,JUSD-297 2010年マドンナ上半期134タイトル8時間,JUSD-297,,2010-09-24,477分鐘,,マドンナ,Madonna,マドンナ○半期,成熟的女人、合集、數位馬賽克、DMM獨家,五十嵐しのぶ、青木りん、春風えみ、加山なつこ、雪見紗弥、柳田やよい、神崎レオナ（七瀬かすみ）、志村玲子、浜崎りお（森下えりか、篠原絵梨香）、樋口冴子（桐島千沙）、芹沢恋、明星ちかげ、森ななこ、鷹宮りょう、細川まり、中森玲子、橘ミオン（石川鈴華）、紗奈、小向杏奈（桜井麻美）、加藤ツバキ（夏樹カオル）、桐原あずさ（伊藤あずさ）、牧本千幸（つかもと友希）、坂上友香、山口玲子、風間ゆみ、牧原れい子、長谷川美紅、黒木麻衣（花野真衣、SHIHO）、星野あかり、櫻井ゆうこ、村上涼子（中村りかこ、黒木菜穂）、妃乃ひかり、葉月奈穂（葉月菜穂）、翔田千里、愛あいり、佐藤みき（佐藤美紀、鈴木志帆）、波多野結衣、水咲清香、早見るり、華山美玲、妃悠愛（長澤杏奈、水原里香、木崎祐子）、高島恭子、白鳥聖子、立花みずき、今枝陽子、池田喜代子、黒澤雪華、愛内凛、宇喜多かすみ、結城みさ、池田美和子、中野彩、伊吹稟、井川ゆい、新村まり子、浅倉彩音、鈴香音色、小向まな美、北条麻妃、藤森綾子、杉山あゆみ、北条美里、真白希実、真波紫乃、桜みちる、橘慶子、沢村麻耶、美原咲子、白川ゆり、新尾きり子、花村いづみ,https://www.javbus.com/JUSD-297,
JUSD-299 真っ昼間からヤりまくるふしだらな男女4時間,JUSD-299 真っ昼間からヤりまくるふしだらな男女4時間,JUSD-299,,2010-09-24,239分鐘,,マドンナ,Madonna,,成熟的女人、合集、數位馬賽克、DMM獨家,加山なつこ、妃悠愛（長澤杏奈、水原里香、木崎祐子）、北原夏美、北条麻妃、大塚咲（小野沙樹、大滝佐紀）、五十川みどり、広瀬奈々美（堀口奈津美）、志村玲子、翔田千里、友田真希,https://www.javbus.com/JUSD-299,
SMA-505 我マンできない角マンオナニスト,SMA-505 我マンできない角マンオナニスト,SMA-505,,2010-09-13,121分鐘,,マルクス兄弟,MARXBrothersco.,,OL、高中女生、自慰、女傭,黒崎萌華、愛音まひろ、瀬奈涼、妃悠愛（長澤杏奈、水原里香、木崎祐子）、早乙女ルイ、北条麻妃、野中あんり,https://www.javbus.com/SMA-505,
MBYD-104 溜池ゴロー2010年上半期全56作品8時間,MBYD-104 溜池ゴロー2010年上半期全56作品8時間,MBYD-104,,2010-09-13,478分鐘,,溜池ゴロー,溜池ゴロー,溜池ゴロー○年○半期,成熟的女人、合集、數位馬賽克、DMM獨家,浅倉彩音、中森玲子、佐藤みき（佐藤美紀、鈴木志帆）、城エレン、広瀬奈々美（堀口奈津美）、樋口冴子（桐島千沙）、翔田千里、村上涼子（中村りかこ、黒木菜穂）、川上ゆう（森野雫）、風間ゆみ、新尾きり子、美原咲子、橘慶子、倉木さゆり、橘エレナ、真波紫乃、真白希実、内田桃子（藤原多恵）、杉山あゆみ、高島恭子、白鳥聖子、河合律子、大塚咲（小野沙樹、大滝佐紀）、星野あかり、友田真希、北条麻妃、藤森綾子、三咲恭子,https://www.javbus.com/MBYD-104,
BIB-014 SEXよりもいやらしい接吻BEST4時間,BIB-014 SEXよりもいやらしい接吻BEST4時間,BIB-014,,2010-08-25,239分鐘,,美,BEST（美）,,其他戀物癖、合集、DMM獨家,緋咲アンナ、新名しおり、鈴木杏里、里美ゆりあ、大橋未久、紗奈、藤本AYAY、竹内あい、橘れもん、新井エリー（晶エリー、大沢佑香）、蒼井怜、南りん、成瀬心美（ここみ）、浅乃ハルミ、夏樹あい、北条麻妃、あゆむ、小桜沙樹、小野紗里奈、井川ゆい、妃悠愛（長澤杏奈、水原里香、木崎祐子）、みずほゆき、松生彩、上原カエラ、西野翔、滝沢優奈、松嶋れいな、如月カレン、水元ゆうな、黒木アリサ、鈴音りおな,https://www.javbus.com/BIB-014,
JUSD-293 極撰美熟女20人の淫らな腰つき 騎乗位セックス4時間,JUSD-293 極撰美熟女20人の淫らな腰つき 騎乗位セックス4時間,JUSD-293,,2010-08-25,239分鐘,,マドンナ,Madonna,,成熟的女人、合集、數位馬賽克、女上位、DMM獨家,長谷川美紅、加山なつこ、佐藤みき（佐藤美紀、鈴木志帆）、大塚咲（小野沙樹、大滝佐紀）、山口玲子、黒木麻衣（花野真衣、SHIHO）、樋口冴子（桐島千沙）、翔田千里、川上ゆう（森野雫）、牧原れい子、広瀬奈々美（堀口奈津美）、新村まり子、新尾きり子、沢村麻耶、北条麻妃、有沢実紗、浅倉彩音、澤村レイコ（高坂保奈美、高坂ますみ）、艶堂しほり（遠藤しおり）、結城みさ,https://www.javbus.com/JUSD-293,
YJKB-001 妖艶熟女の快楽淫語責め BEST,YJKB-001 妖艶熟女の快楽淫語責め BEST,YJKB-001,,2010-08-19,239分鐘,菊池28号,AVScollector’s,AVS,妖艶熟女の快楽淫語責め,蕩婦、成熟的女人、合集、淫語,凛音涼子、西原志保、浅倉彩音、北条麻妃、北島玲,https://www.javbus.com/YJKB-001,
HHK-101 百花美人全タイトル完全版,HHK-101 百花美人全タイトル完全版,HHK-101,,2010-08-13,479分鐘,,百花美人,百花美人,,合集、DMM獨家,佐野史奈、椿エリ、優木夏、瞳りん、間宮怜子、妃すみれ、芹沢恋、横山みれい、小向まな美、北条麻妃、末永あい、雪乃、華山美玲、井川ゆい、華月まなか、葵ゆりあ、黒木真夕、朝乃美咲、優木奈美、柳井瞳、宇野伊織、真木彩花,https://www.javbus.com/HHK-101,
EXVR-003 ふやけるほど、ち●ぽなめ。,EXVR-003 ふやけるほど、ち●ぽなめ。,EXVR-003,,2010-08-04,119分鐘,,AFRO-FILM,UP,ふやけるほど、ち○ぽなめ。,成熟的女人、口交、其他戀物癖,柴田かすみ、伊沢美春（伊沢美晴）、ひなた、茅ヶ崎ありす、北条麻妃,https://www.javbus.com/EXVR-003_2010-08-04,
RCT-223 ROCKET2010 上半期総集編,RCT-223 ROCKET2010 上半期総集編,RCT-223,,2010-08-02,307分鐘,,ROCKET,ROCKET,ROCKET○半期総集編,企畫、合集、多P、明星臉、肌肉,豊満まり子、吉田遼子、真白希実、村西まりな、瀬奈涼、妃悠愛（長澤杏奈、水原里香、木崎祐子）、北条麻妃、佐伯奈々,https://www.javbus.com/RCT-223,
BIB-013 ところ構わず男に乗っちゃう！馬乗り女たち53人4時間,BIB-013 ところ構わず男に乗っちゃう！馬乗り女たち53人4時間,BIB-013,,2010-07-23,239分鐘,,美,BEST（美）,,其他戀物癖、合集、女上位、DMM獨家,愛あいり、新名しおり、松生彩、上原カエラ、里美ゆりあ、大橋未久、黒木アリサ、紗奈、藤本AYAY、松嶋れいな、小野紗里奈、井川ゆい、ももかりん、妃悠愛（長澤杏奈、水原里香、木崎祐子）、魅麗、小桜沙樹、あゆむ、北条麻妃、杏堂なつ（榊れいな）、成瀬心美（ここみ）、綾瀬美都（内山遥）、瀬名アスカ、浅乃ハルミ、緋咲アンナ、南りん、夏樹あい、杉原桃花、橘れもん、竹内あい、鈴木杏里、新井エリー（晶エリー、大沢佑香）、西野翔、如月カレン、水元ゆうな、蒼井怜、鈴音りおな,https://www.javbus.com/BIB-013,
JUSD-289 後背位で悶える美熟女30人4時間,JUSD-289 後背位で悶える美熟女30人4時間,JUSD-289,,2010-07-23,239分鐘,,マドンナ,Madonna,,成熟的女人、其他戀物癖、合集、數位馬賽克、DMM獨家,有沢実紗、滝川絵理子、羽鳥澄香、長谷川美紅、結城みさ、三咲恭子、美原咲子、真田友里、吉岡奈々子、樋口冴子（桐島千沙）、北条麻妃、藤森綾子、橘エレナ、桜みちる、加山なつこ、森下彩乃、広瀬ゆかり、石橋ゆう子、橘慶子、沢村麻耶、新村まり子、和希優子、流川純、竹内順子、町村小夜子、明星ちかげ、山口美花、根元純、浅倉彩音、友崎亜希,https://www.javbus.com/JUSD-289,
RNADE-776 私たち熟女のフェラチオ見てください 大人美人40人の極上テクニック,RNADE-776 私たち熟女のフェラチオ見てください 大人美人40人の極上テクニック,RNADE-776,,2010-07-23,222分鐘,,なでしこ,Nadeshiko,,蕩婦、成熟的女人、口交、淫語,福島潤子、吉咲みなみ、渥美イオン、神谷みさと、北条麻妃、澤村レイコ（高坂保奈美、高坂ますみ）、はるか悠、押切あやの、村上涼子（中村りかこ、黒木菜穂）、川上ゆう（森野雫）、柳田やよい、宇佐美レイ,https://www.javbus.com/RNADE-776,
VERO-004 S級熟女 オナニーSUPER BEST,VERO-004 S級熟女 オナニーSUPER BEST,VERO-004,,2010-07-19,121分鐘,,VENUS,女神（ヴィーナス）,S級熟女（VENUS）,成熟的女人、合集、已婚婦女、DMM獨家,有沢実紗、橘慶子、滝川絵理子、芹沢恋、長谷川美紅、北条麻妃、加藤ツバキ（夏樹カオル）,https://www.javbus.com/VERO-004,
CRAD-036 CROSS本番人妻4時間作品集,CRAD-036 CROSS本番人妻4時間作品集,CRAD-036,,2010-07-16,239分鐘,,クロス,CROSS,,合集、已婚婦女、數位馬賽克、DMM獨家,姫乃えみり、有沢実紗、結川るり、北条麻妃、川上ゆう（森野雫）、友田真希,https://www.javbus.com/CRAD-036,
HHK-100 選りすぐり美女の名コーナー完全ノーカット集！8時間特大編,HHK-100 選りすぐり美女の名コーナー完全ノーカット集！8時間特大編,HHK-100,,2010-07-13,478分鐘,,百花美人,百花美人,,合集、DMM獨家,真木彩花、佐野史奈、椿エリ、柳井瞳、瞳りん、妃すみれ、芹沢恋、華山美玲、小向まな美、北条麻妃、華月まなか、横山みれい、朝乃美咲,https://www.javbus.com/HHK-100,
MAN-110 エスカレートしすぎる熟女5人、あなたの自宅に突撃訪問。2,MAN-110 エスカレートしすぎる熟女5人、あなたの自宅に突撃訪問。2,MAN-110,,2010-07-11,240分鐘,,プレステージ,マンハッタン,エスカレートしすぎる●●、あなたの自宅に突撃訪問。,企畫、成熟的女人、多P、女上位,川上ゆう（森野雫）、中森玲子、浅倉彩音、風間ゆみ、北条麻妃,https://www.javbus.com/MAN-110,
VSPDS-497 V＆R 2010 上半期BEST,VSPDS-497 V＆R 2010 上半期BEST,VSPDS-497,,2010-07-10,239分鐘,,V＆Rプロダクツ,V＆Rプロダクツ,V＆R○半期BEST,企畫、OL、合集、已婚婦女、巨乳,麻倉憂、月野りさ、水城奈緒、北条麻妃,https://www.javbus.com/VSPDS-497,
JFB-011 僕にだけ優しい6人のママ4時間,JFB-011 僕にだけ優しい6人のママ4時間,JFB-011,,2010-07-07,239分鐘,,Fitch,Fitch,僕にだけ優しい○○ママ,成熟的女人、母親、合集、數位馬賽克、DMM獨家,佐藤みき（佐藤美紀、鈴木志帆）、北条麻妃、翔田千里、村上涼子（中村りかこ、黒木菜穂）、友田真希、風間ゆみ,https://www.javbus.com/JFB-011,
PSSD-172 「熟人妻の口はもっと嘘をつく。」8 熟雌女anthology special ＃017,PSSD-172 「熟人妻の口はもっと嘘をつく。」8 熟雌女anthology special ＃017,PSSD-172,,2010-06-30,323分鐘,,アウダースジャパン,AUDAZ,熟雌女anthology,蕩婦、成熟的女人、合集、4小時以上作品、主觀視角,羽鳥澄香、藤木ルイ、加山なつこ、浅倉彩音、佐藤みき（佐藤美紀、鈴木志帆）、北条麻妃、村上里沙、広瀬奈々美（堀口奈津美）、桐原あずさ（伊藤あずさ）、川上ゆう（森野雫）,https://www.javbus.com/PSSD-172,
HFD-048 拘束アクメin… ［脅迫スイートルーム 密室監禁オマ●コいじめ］ 4時間 無抵抗で弄ばれる傲慢インテリ女,HFD-048 拘束アクメin… ［脅迫スイートルーム 密室監禁オマ●コいじめ］ 4時間 無抵抗で弄ばれる傲慢インテリ女,HFD-048,,2010-06-23,240分鐘,,ドリームチケット,ドリームチケット,脅迫スイートルーム,合集、各種職業、拘束、凌辱,長谷川あゆみ、唐沢美樹、松野ゆい、雪見紗弥、MIMI、三浦亜沙妃、佐藤江梨花、大塚咲（小野沙樹、大滝佐紀）、加藤ツバキ（夏樹カオル）、妃乃ひかり、澄川ロア、紗奈、北条麻妃、橘未稀（石川麻矢）、綾瀬メグ,https://www.javbus.com/HFD-048,
VERO-002 S級熟女 潮吹きSUPER BEST,VERO-002 S級熟女 潮吹きSUPER BEST,VERO-002,,2010-06-19,119分鐘,,VENUS,女神（ヴィーナス）,S級熟女（VENUS）,成熟的女人、潮吹、合集、已婚婦女、手指插入、DMM獨家,白川ゆり、艶堂しほり（遠藤しおり）、北条麻妃、大塚咲（小野沙樹、大滝佐紀）、広瀬奈々美（堀口奈津美）、妃乃ひかり、風間ゆみ,https://www.javbus.com/VERO-002,
TYWD-007 帰ってきた淫乱AV8時間,TYWD-007 帰ってきた淫乱AV8時間,TYWD-007,,2010-06-18,479分鐘,,乱丸,乱丸,,合集、花癡、DMM獨家,希内あんな、井川ゆい、きこうでんみさ、@YOU、妃悠愛（長澤杏奈、水原里香、木崎祐子）、水城奈緒、つぼみ、北田優歩、新井エリー（晶エリー、大沢佑香）、雪野ひかる、青木玲、友田真希、柳田やよい、星優乃、諸星セイラ（百瀬涼）、北条麻妃、希咲エマ（HARUKI、加藤はる希）、女池さゆり、橘ミオン（石川鈴華）、あのあるる、春風えみ、花井メイサ、早乙女ルイ、クリス小澤、ERIKA（モカ、MOKA）、ジゼル,https://www.javbus.com/TYWD-007,
VSPDS-489 時間よ止まれ！ パート15,VSPDS-489 時間よ止まれ！ パート15,VSPDS-489,,2010-06-13,119分鐘,萩澤カルメン,V＆Rプロダクツ,V＆Rプロダクツ,時間よ止まれ！,企畫、护士、拘束、高中女生,宝部ゆき、安田美樹、北条麻妃,https://www.javbus.com/VSPDS-489,
JUSD-281 こんなところで…ベッド以外でのセックスに酔い痴れる美熟女達4時間,JUSD-281 こんなところで…ベッド以外でのセックスに酔い痴れる美熟女達4時間,JUSD-281,,2010-06-07,239分鐘,,マドンナ,Madonna,,成熟的女人、合集、數位馬賽克、DMM獨家,加山なつこ、浅倉彩音、桜みちる、妃悠愛（長澤杏奈、水原里香、木崎祐子）、佐藤みき（佐藤美紀、鈴木志帆）、北条麻妃、樋口冴子（桐島千沙）、翔田千里、牧原れい子、風間ゆみ、友田真希,https://www.javbus.com/JUSD-281,
MIBD-498 マン汁垂れ流しつゆだくオナニー4時間,MIBD-498 マン汁垂れ流しつゆだくオナニー4時間,MIBD-498,,2010-06-01,239分鐘,,ムーディーズ,MOODYZBest,,合集、數位馬賽克、DMM獨家、自慰,きよみ玲、杏堂なつ（榊れいな）、花井メイサ、あのあるる、亜梨、愛実（秋川ルイ）、西野翔、小峰ひなた、吉沢みなみ、佐藤みき（佐藤美紀、鈴木志帆）、麻田有希、葵ぶるま、桃野なごみ、葉山リサ、浅乃ハルミ、大橋未久、星優乃、あゆむ、杉崎りか、松すみれ、井川芽衣、一色百音、平沢蓮、中山エリス、福音未来、小川あさ美、水城奈緒、竹内あい、北条麻妃,https://www.javbus.com/MIBD-498,
WNZ-209 美脚黒パンストの足コキ発射,WNZ-209 美脚黒パンストの足コキ発射,WNZ-209,,2010-05-30,121分鐘,オムニバス,ワンズファクトリー,WANZ,,連褲襪、戀腿癖、足交,真白希実、紗奈、鈴木ミント、RUMIKA、和葉みれい（藤白まき）、北条麻妃、愛菜りな,https://www.javbus.com/WNZ-209,
DVH-551 こだわりの手コキ 人妻編 5,DVH-551 こだわりの手コキ 人妻編 5,DVH-551,,2010-05-25,238分鐘,,ハヤブサ,隼,こだわりの手コキ,成熟的女人、其他戀物癖、已婚婦女、打手槍,立花れん、新山めぐみ、竹内順子、北条麻妃、瀬戸珠美、柳田やよい、はるか悠、押切あやの、黒木麻衣（花野真衣、SHIHO）、川上ゆう（森野雫）、島谷由紀子、中森玲子、小向涼子、堺由樹、桧山すず、中山かすみ、澤村レイコ（高坂保奈美、高坂ますみ）、永井智美、北沢ひとみ、谷村亜紀、大里美佳子、葵みちる、北条美里、成田幸恵、北谷静香、南ありさ、真田友里、佐伯純子、白川莉紗、天野真由梨、池上莉緒、村上涼子（中村りかこ、黒木菜穂）、館山真冬、木下有希,https://www.javbus.com/DVH-551,
BID-011 ボディコン熟痴女に犯されたい 北条麻妃 村上涼子 鷹宮りょう 川上ゆう,BID-011 ボディコン熟痴女に犯されたい 北条麻妃 村上涼子 鷹宮りょう 川上ゆう,BID-011,,2010-05-25,178分鐘,ザック荒井,美,DELUXE,,蕩婦、成熟的女人、濫交、身體意識、高畫質、DMM獨家,鷹宮りょう、北条麻妃、村上涼子（中村りかこ、黒木菜穂）、川上ゆう（森野雫）,https://www.javbus.com/BID-011,
DVH-573 こだわりの手コキ 人妻編VII,DVH-573 こだわりの手コキ 人妻編VII,DVH-573,,2010-05-25,238分鐘,,ハヤブサ,隼,こだわりの手コキ,成熟的女人、其他戀物癖、已婚婦女、巨乳、打手槍,橘まいら、北条麻妃、片瀬くるみ、川上ゆう（森野雫）、坂上友香,https://www.javbus.com/DVH-573,
DVH-547 フェラコレ 特別編 3時間まるごとWフェラ,DVH-547 フェラコレ 特別編 3時間まるごとWフェラ,DVH-547,,2010-05-25,178分鐘,,ハヤブサ,隼,フェラコレ,成熟的女人、口交、巨乳,ほしのさり、神田ゆりあ、雪乃、花木あのん、北条美里、君野ゆめ、雪見紗弥、星優乃、花宮あみ、押切あやの、稲森しほ（永井あいこ、南ゆう）、岡田あい、蒼木ゆきな、白川莉紗、星野あや、瀬戸珠美、女池さゆり、澤村レイコ（高坂保奈美、高坂ますみ）、北条麻妃、鈴木茶緒、飯島くらら、宝生優果（羽野理沙）、はるか悠、神谷りの、成島りゅう、早乙女ルイ、二宮せりな,https://www.javbus.com/DVH-547,
SDMT-071 「秘湯・子宝の湯」が実在した。 子供に恵まれない勃起不全の夫が妻を通わせる会員制エステでは若いマッサージ師が妻を妊娠させる膣内射精サービスが行われていた。,SDMT-071 「秘湯・子宝の湯」が実在した。 子供に恵まれない勃起不全の夫が妻を通わせる会員制エステでは若いマッサージ師が妻を妊娠させる膣内射精サービスが行われていた。,SDMT-071,,2010-05-22,136分鐘,Keita★No.1,SODクリエイト,SODクリエイト,,企畫、多P、數位馬賽克、中出、美容院、按摩,小林さとみ、和葉みれい（藤白まき）、北条麻妃,https://www.javbus.com/SDMT-071,
CRAD-034 CROSS大量スペルマぶっかけ乱交ベスト4時間,CRAD-034 CROSS大量スペルマぶっかけ乱交ベスト4時間,CRAD-034,,2010-05-19,239分鐘,,クロス,CROSS,,濫交、合集、數位馬賽克、DMM獨家、顏射,真田春香、星野あかり、麻川麗、ERIKA（モカ、MOKA）、北条麻妃,https://www.javbus.com/CRAD-034,
HHK-096 どうしようもなく淫らな女たち,HHK-096 どうしようもなく淫らな女たち,HHK-096,,2010-05-13,479分鐘,,百花美人,百花美人,,合集、多P、女上位、DMM獨家,黒木真夕、雪乃、佐野史奈、優木夏、宇野伊織、間宮怜子、妃すみれ、芹沢恋、横山みれい、北条麻妃、朝乃美咲、華月まなか、華山美玲,https://www.javbus.com/HHK-096,
MIBD-494 巨尻メガトンFUCK4時間,MIBD-494 巨尻メガトンFUCK4時間,MIBD-494,,2010-05-13,238分鐘,,ムーディーズ,MOODYZBest,,合集、屁股、數位馬賽克、DMM獨家,あのあるる、愛実（秋川ルイ）、ICHIKA、香月藍、@YOU、香坂杏奈、花宮あみ、神谷りの、黒木なほ、綾乃梓、峰なゆか、川愛加奈、西真奈美（米倉夏弥）、中川瞳、立花里子、歩原らいと、真田春香、櫻井美優、杉崎りか、諸星セイラ（百瀬涼）、美月、森永ひよこ、北条麻妃、桃野なごみ、安藤さやか、女池さゆり、小峰ひなた、七瀬ジュリア、花井メイサ、岬リサ、南條あみ、神田美穂、神條レイカ,https://www.javbus.com/MIBD-494,
WSP-064 キスがエロけりゃ醜男だって、美女とベロちゅうデキるのだぁ 2 THE4時間,WSP-064 キスがエロけりゃ醜男だって、美女とベロちゅうデキるのだぁ 2 THE4時間,WSP-064,,2010-05-10,236分鐘,,ワープエンタテインメント,S＋,キスがエロけりゃ,手指插入、顏射、眼鏡、女傭,藤舞みいな、和久井優子、立花久美、牧野くるみ、喜多沢くるす、吉沢みなみ、一色明奈、北条麻妃、Reo.（早坂玲央）、つぼみ、艶堂しほり（遠藤しおり）、山口玲子、星野あかり、美波さら、小坂めぐる、水谷ひとみ、彩佳リリス（藤崎クロエ）,https://www.javbus.com/WSP-064,
VEVE-001 VENUS 生誕一周年記念全作品集,VEVE-001 VENUS 生誕一周年記念全作品集,VEVE-001,,2010-05-01,241分鐘,,VENUS,ヴィーナス（VENUS）,,成熟的女人、合集、已婚婦女,長谷川美紅、妃悠愛（長澤杏奈、水原里香、木崎祐子）、佐藤みき（佐藤美紀、鈴木志帆）、北条麻妃、風間ゆみ,https://www.javbus.com/VEVE-001,
MIBD-492 女教師100人8時間,MIBD-492 女教師100人8時間,MIBD-492,,2010-04-30,478分鐘,,ムーディーズ,MOODYZBest,,女教師、合集、連褲襪、數位馬賽克、眼鏡、DMM獨家,あのあるる、葵ぶるま、若菜ひかる、黒川まい、美神ルナ、あおりんご、@YOU、櫻井ゆうこ、鮎川なお、日向ゆず葉、藤森くらら、さいとう真央、峰なゆか、加瀬あゆむ、一ノ瀬カレン、新井エリー（晶エリー、大沢佑香）、早川瀬里奈、長谷川真夕、鈴木杏里、青木りん、あおば、小澤マリア、柚木あや、小川あさ美、叶樹梨、黒木麻衣（花野真衣、SHIHO）、沙雪、寧々、涼果りん、青木玲、水元ゆうな、星川ヒカル、小森美樹、長谷川いずみ、中島京子、南波杏、来生ひかり、美里かすみ、あいだゆあ、黒沢英里奈（喜田嶋りお）、西真奈美（米倉夏弥）、当真ゆき（桜井マミ）、西野翔、中川瞳、紅月ルナ、来栖りお、天衣みつ、松嶋れいな、森永みか、佐藤江梨花、夏川未来（小春）、佐藤みき（佐藤美紀、鈴木志帆）、愛あいり、七瀬ジュリア、城山みずき、浅田ちち、森ななこ、広瀬奈々美（堀口奈津美）、花井メイサ、中居みゆ、美花ゆり、シャンドン萌、友亜リノ、一色百音、杉崎りか、美月、北条麻妃、葉山リサ、桃野なごみ、麻田有希、原小雪、小峰ひなた、水森れん、芦沢彩乃、千堂ゆりあ、雨音しおん、今野梨乃、竹内あい、佐藤ショコラ、むらさき真珠、水城奈緒、黒木なほ、小日向優、春咲あずみ、青山菜々、美波さら、北島玲、波風きら、岡本渚、宮嶋かれん、灘坂舞、麗花、美咲、京野明日香、君野ゆめ、真田春香、浜崎りお（森下えりか、篠原絵梨香）、春乃かすみ、天乃みお,https://www.javbus.com/MIBD-492,
JUSD-271 無残に犯られる美熟女達ベスト4時間,JUSD-271 無残に犯られる美熟女達ベスト4時間,JUSD-271,,2010-04-23,239分鐘,,マドンナ,Madonna,,成熟的女人、強姦、合集、數位馬賽克、DMM獨家,伊吹稟、朝倉菜々子、真波紫乃、有沢実紗、長谷川美紅、北条美里、北条麻妃、明星ちかげ、桐原あずさ（伊藤あずさ）、樋口冴子（桐島千沙）,https://www.javbus.com/JUSD-271,
JUC-298 もう一つの混浴温泉バスツアー 5,JUC-298 もう一つの混浴温泉バスツアー 5,JUC-298,,2010-04-23,150分鐘,モヒカル,マドンナ,Madonna,美熟女と行く混浴温泉バスツアー,企畫、成熟的女人、第一人稱攝影、數位馬賽克、巨乳、DMM獨家,矢沢美奈、仙崎春香、根元純、浅倉彩音、中森玲子、金森美奈、北条麻妃、細川まり、城エレン、川上ゆう（森野雫）、河合律子、真田友里、北条美里、藤原絵理香,https://www.javbus.com/JUC-298,
SNAD-013 しのプロ2009年全作品集,SNAD-013 しのプロ2009年全作品集,SNAD-013,,2010-04-23,479分鐘,,しのだ,しのだ,,其他戀物癖、合集、4小時以上作品、DMM獨家,葉月紗絢、辻さき、相沢ゆう、水森あおい、小澤マリア、成瀬心美（ここみ）、北条麻妃、澤村レイコ（高坂保奈美、高坂ますみ）、小坂めぐる、川上ゆう（森野雫）、吉沢みなみ、伊織（黒姫伊織）、松下ゆうか（愛乃彩音、藤咲ゆうか）、永峰朋美（安岡たまき）、真中ゆうき,https://www.javbus.com/SNAD-013,
TYWD-006 淫乱騎乗位4時間,TYWD-006 淫乱騎乗位4時間,TYWD-006,,2010-04-19,239分鐘,,乱丸,乱丸,淫乱騎乗位,花癡、女上位、DMM獨家,あのあるる、星野あかり、@YOU、櫻井ゆうこ、北条麻妃、広瀬奈々美（堀口奈津美）、浜崎りお（森下えりか、篠原絵梨香）、雪野ひかる、妃乃ひかり、青木玲、ジゼル、諸星セイラ（百瀬涼）、佐田あゆみ、一戸のぞみ、北田優歩、Marin.、希咲エマ（HARUKI、加藤はる希）、須真杏里（須真杏理）、橘ミオン（石川鈴華）、鷹宮りょう、一ノ瀬あきら、春風えみ、鮎川なお、はるか悠、田中亜弥、麗花、星優乃、水城奈緒、早川瀬里奈、女池さゆり,https://www.javbus.com/TYWD-006,
HFD-045 痴女教師×男子喰い 4時間,HFD-045 痴女教師×男子喰い 4時間,HFD-045,,2010-04-15,241分鐘,,ドリームチケット,ドリームチケット,誘惑、女教師。,蕩婦、女教師、合集、吞精,優木夏、鷹宮りょう、田中亜弥、星野あかり、村上里沙、大塚咲（小野沙樹、大滝佐紀）、神崎レオナ（七瀬かすみ）、北島玲、広瀬奈々美（堀口奈津美）、川上ゆう（森野雫）、eco、紗奈、綾瀬みさ、綾女、有沢実紗、北条麻妃,https://www.javbus.com/HFD-045,
SMA-473 デキる女は尿道＆亀頭責め手コキ,SMA-473 デキる女は尿道＆亀頭責め手コキ,SMA-473,,2010-04-13,121分鐘,,マルクス兄弟,MARXBrothersco.,,其他戀物癖、打手槍,真白希実、なのかひより、紗奈、浅倉彩音、月野りさ、北条麻妃、樋口冴子（桐島千沙）,https://www.javbus.com/SMA-473,
MIBD-485 厳選中出し50連発4時間,MIBD-485 厳選中出し50連発4時間,MIBD-485,,2010-04-13,238分鐘,,ムーディーズ,MOODYZBest,,合集、數位馬賽克、中出、DMM獨家,宮嶋かれん、あゆむ、愛実（秋川ルイ）、高岡紗英、美澄れな、常盤りん、美咲、浅乃ハルミ、君野ゆめ、香坂杏奈、うるるまみ（風吹かのん）、愛あいり、杉崎りか、青空小夏、北条麻妃、杏堂なつ（榊れいな）、さくら結衣、亜梨、友亜リノ、沢尻もも美、岬リサ、一戸のぞみ、七瀬ジュリア、あのあるる、早紀歩、愛海、逢沢なお（青山れあ）、KYOKO、桜みみ、彩月あかり（岩佐めい）、小峰ひなた、水森れん、@YOU、鈴木あんな、千堂ゆりあ、橘れもん、村上里沙、田中亜弥、真琴、美花ゆり、浜崎りお（森下えりか、篠原絵梨香）、竹内あい、乙音奈々、むらさき真珠、水嶋友穂、佐藤江梨花、早川瀬里奈、新井エリー（晶エリー、大沢佑香）、渚,https://www.javbus.com/MIBD-485,
MAN-101 エスカレートしすぎる熟女5人、あなたの自宅に突撃訪問。,MAN-101 エスカレートしすぎる熟女5人、あなたの自宅に突撃訪問。,MAN-101,,2010-04-11,236分鐘,,プレステージ,マンハッタン,エスカレートしすぎる●●、あなたの自宅に突撃訪問。,角色扮演、蕩婦、成熟的女人、女上位,村上涼子、翔田千里、有沢実紗、北条麻妃、友田真希,https://www.javbus.com/MAN-101,
JUSD-269 羞恥に悶える美熟女たち20人4時間,JUSD-269 羞恥に悶える美熟女たち20人4時間,JUSD-269,,2010-04-07,239分鐘,,マドンナ,Madonna,,成熟的女人、合集、數位馬賽克、羞恥、DMM獨家,橘慶子、長谷川美紅、桜みちる、大塚咲（小野沙樹、大滝佐紀）、明星ちかげ、黒木麻衣（花野真衣、SHIHO）、樋口冴子（桐島千沙）、村上涼子（中村りかこ、黒木菜穂）、牧原れい子、風間ゆみ、川上ゆう（森野雫）、北条麻妃、小向まな美、有沢実紗、浅倉彩音、佐藤みき（佐藤美紀、鈴木志帆）、澤村レイコ（高坂保奈美、高坂ますみ）、艶堂しほり（遠藤しおり）、広瀬奈々美（堀口奈津美）、伊吹稟,https://www.javbus.com/JUSD-269,
WSP-062 働クオンナ、イラマチオ。 4時間,WSP-062 働クオンナ、イラマチオ。 4時間,WSP-062,,2010-04-05,227分鐘,,ワープエンタテインメント,S＋,,角色扮演、口交、合集、各種職業、深喉,秋元美由、RiRi、小澤マリア、北条麻妃、澤村レイコ（高坂保奈美、高坂ますみ）,https://www.javbus.com/WSP-062,
RCT-195 知らなきゃ絶対損をする！これが噂の男の潮吹き伝授します！総集編5時間DX,RCT-195 知らなきゃ絶対損をする！これが噂の男の潮吹き伝授します！総集編5時間DX,RCT-195,,2010-04-04,304分鐘,,ROCKET,ROCKET,知らなきゃ絶対損をする！,蕩婦、护士、合集、打手槍,松野ゆい、北条麻妃、新井エリー（晶エリー、大沢佑香）,https://www.javbus.com/RCT-195,
MIBD-484 MOODYZ2009年下半期BEST100タイトル8時間,MIBD-484 MOODYZ2009年下半期BEST100タイトル8時間,MIBD-484,,2010-04-01,478分鐘,,ムーディーズ,MOODYZBest,MOODYZ○○○○年○半期,合集、數位馬賽克、中出、DMM獨家、顏射、肛交,あのあるる、KYOKO、青山菜々、鈴木杏里、水城奈緒、大塚咲（小野沙樹、大滝佐紀）、竹内あい、真咲南朋（楓モモ、安藤なつ妃）、乙音奈々、鮎川なお、柳田やよい、星優乃、浜崎りお（森下えりか、篠原絵梨香）、雪見紗弥、広瀬奈々美（堀口奈津美）、花井メイサ、葉月紗絢、桃咲まなみ、鈴木さとみ、宝生優果（羽野理沙）、橘れもん、大橋未久、ayami（赤西涼、まひる）、青木りん、神谷りの、小澤マリア、一色百音、早咲爽、桜木ここな、きよみ玲、中山エリス、乙葉真希、平沢蓮、風間ゆみ、青木玲、櫻井ゆうこ、小川あさ美、新井エリー（晶エリー、大沢佑香）、妃乃ひかり、村上涼子（中村りかこ、黒木菜穂）、西野翔、乃亜（鳥越乃亜）、松嶋れいな、神條レイカ、田嶋めぐみ、あゆむ、美月、月城まおら、青空小夏、篠原奈美、森永ひよこ、希内あんな、二宮せりな、星島ちさ、諸星セイラ（百瀬涼）、望月ちはや、森田みほ、桜木ふうな、柊りん、佐々木香里奈、井川芽衣、松すみれ、ジゼル、観月樹音、杉崎りか、北条麻妃、浅乃ハルミ、月野りさ、波多野結衣、一戸のぞみ、緋村由衣、橘ミオン（石川鈴華）、桜井エミリ、吉沢みなみ、鷹宮りょう、澤村レイコ（高坂保奈美、高坂ますみ）、ひなのりく、うるるまみ（風吹かのん）、葉山リサ、西村アキホ、桃野なごみ、成瀬心美（ここみ）、葵ぶるま、麻田有希、鈴香音色、亜梨、小峰ひなた、愛実（秋川ルイ）,https://www.javbus.com/MIBD-484,
JUC-274 マドンナファンの集い 美熟女と行く混浴温泉バスツアー 5,JUC-274 マドンナファンの集い 美熟女と行く混浴温泉バスツアー 5,JUC-274,,2010-03-25,399分鐘,モヒカル,マドンナ,Madonna,美熟女と行く混浴温泉バスツアー,角色扮演、企畫、成熟的女人、濫交、數位馬賽克、DMM獨家,矢沢美奈、仙崎春香、根元純、浅倉彩音、中森玲子、金森美奈、北条麻妃、細川まり、城エレン、川上ゆう（森野雫）、河合律子、真田友里、北条美里、藤原絵理香,https://www.javbus.com/JUC-274,
GERH-009 ソルトシャワー 熟若女のおしっこみせて Vol.4,GERH-009 ソルトシャワー 熟若女のおしっこみせて Vol.4,GERH-009,,2010-03-19,89分鐘,,ゲロニア/妄想族,ゲロニア,ソルトシャワー,成熟的女人、放尿、內衣,北条美里、松雪杏奈、観月さな、北条麻妃、神谷りの,https://www.javbus.com/GERH-009,
SMA-468 ディルドに跨りピストン騎乗位,SMA-468 ディルドに跨りピストン騎乗位,SMA-468,,2010-03-13,150分鐘,,マルクス兄弟,MARXBrothersco.,,玩具、女上位、自慰,大城美咲、七瀬あさみ、結城みさ、RUMIKA、月野りさ、北条麻妃、愛菜りな,https://www.javbus.com/SMA-468,
HHK-092 百花美人ベストフェラチオ集8時間,HHK-092 百花美人ベストフェラチオ集8時間,HHK-092,,2010-03-12,477分鐘,,百花美人,百花美人,,口交、合集、4小時以上作品、DMM獨家,雪乃、佐野史奈、椿エリ、宇野伊織、柳井瞳、末永あい、間宮怜子、妃すみれ、芹沢恋、小向まな美、北条麻妃、優木奈美、朝乃美咲、黒木真夕、横山みれい、華月まなか、華山美玲,https://www.javbus.com/HHK-092,
WNZ-187 非日常的ヌルヌルぴたぴた競泳水着,WNZ-187 非日常的ヌルヌルぴたぴた競泳水着,WNZ-187,,2010-03-11,121分鐘,,ワンズファクトリー,WANZ,,乳液、女上位、泳裝,愛璃みい、ERIKA（モカ、MOKA）、RUMIKA、浅倉彩音、妃悠愛（長澤杏奈、水原里香、木崎祐子）、月野りさ、北条麻妃,https://www.javbus.com/WNZ-187,
PSSD-161 Best Scene of 催眠 3,PSSD-161 Best Scene of 催眠 3,PSSD-161,,2010-03-09,240分鐘,,アウダースジャパン,AUDAZ,催眠赤,其他戀物癖、合集、性奴、催眠、娃娃,森元あすか、Arisu（鈴木ありす）、雪見紗弥、北条麻妃、村上里沙、澤村レイコ（高坂保奈美、高坂ますみ）、つぼみ、Alice（鈴木ありす）,https://www.javbus.com/PSSD-161,
PSSD-160 Best Scene of 熟雌女anthology 3,PSSD-160 Best Scene of 熟雌女anthology 3,PSSD-160,,2010-03-09,254分鐘,,アウダースジャパン,AUDAZ,熟雌女anthology,蕩婦、成熟的女人、合集、淫語、主觀視角,羽鳥澄香、加山なつこ、浅倉彩音、佐藤みき（佐藤美紀、鈴木志帆）、北条麻妃、村上里沙、広瀬奈々美（堀口奈津美）、川上ゆう（森野雫）,https://www.javbus.com/PSSD-160,
JUSD-261 2009年マドンナ下半期133タイトル8時間,JUSD-261 2009年マドンナ下半期133タイトル8時間,JUSD-261,,2010-03-05,475分鐘,,マドンナ,Madonna,マドンナ○半期,成熟的女人、合集、數位馬賽克、DMM獨家,坂上えりか、加山なつこ、北原夏美、佐藤みき（佐藤美紀、鈴木志帆）、明星ちかげ、酒井ちなみ（紫葵）、細川まり、山口玲子、川上ゆう（森野雫）、坂上友香、広瀬奈々美（堀口奈津美）、澤村レイコ（高坂保奈美、高坂ますみ）、艶堂しほり（遠藤しおり）、浅倉彩音、石橋ゆう子、杉本はるか、澤村美香、原小雪、宮内静子、羽鳥澄香、広瀬ゆかり、後藤さなえ、楠木爽子、折原ゆかり、樋口冴子（桐島千沙）、衣川音寧、牧原れい子、風間ゆみ、北条麻妃、真中ゆうき、山下やよい、永峰朋美（安岡たまき）、玉木かおり、藤森綾子、友田真希、長谷川美紅、城エレン、波風きら、柳田やよい、大塚咲（小野沙樹、大滝佐紀）、白鳥美鈴、翔田千里、青木りん、村上涼子（中村りかこ、黒木菜穂）、黒木麻衣（花野真衣、SHIHO）、安藤早百合、吉岡奈々子、高島恭子、川崎美華、小野里美、澄川凌子（澄川綾子）、橘慶子、高崎紀子、間中美来、朝倉菜々子、緑川あずさ、桜みちる、松坂晴美、英里奈、高野優、赤井マリ、妃悠愛（長澤杏奈、水原里香、木崎祐子）、伊吹稟、武村歌子、篠田秋乃、三保翔蓮、塚原百合、新村まり子、鮎川みさと、四季彩乃、加々美涼、矢沢美奈、凛音涼子、山本まる（村上てん）、夏木響子、白川莉紗、石原よしえ、滝川絵理子、有沢実紗、畑永幸子、河合律子、高見礼子、三咲恭子、橘エレナ、真波紫乃、福田信子、北条美里、神咲りえ、徠夢、内田桃子（藤原多恵）、真田友里、小向まな美、鈴香音色,https://www.javbus.com/JUSD-261,
RCT-187 電流アクメ ～勃起クリトリス電極責め～ 総集編4時間DX,RCT-187 電流アクメ ～勃起クリトリス電極責め～ 総集編4時間DX,RCT-187,,2010-03-04,242分鐘,,ROCKET,ROCKET,電流アクメ,合集、拘束、凌辱,桃咲まなみ、雪見紗弥、北条麻妃、小坂めぐる,https://www.javbus.com/RCT-187,
MIVD-022 MOODYZ 2009年9月～12月作品集,MIVD-022 MOODYZ 2009年9月～12月作品集,MIVD-022,,2010-03-01,239分鐘,,ムーディーズ,MOODYZBest,MOODYZ○○○○年○月～○月作品集,合集、數位馬賽克、DMM獨家,麻田有希、亜梨、青山菜々、西野翔、中山エリス、月野りさ、ひなのりく、乃亜（鳥越乃亜）、真咲南朋（楓モモ、安藤なつ妃）、新井エリー（晶エリー、大沢佑香）、神條レイカ、一色百音、田嶋めぐみ、桜木ここな、桜木ふうな、松すみれ、月城まおら、美月、あゆむ、望月ちはや、杉崎りか、乙葉真希、希内あんな、浅乃ハルミ、KYOKO、広瀬奈々美（堀口奈津美）、花井メイサ、大橋未久、雪見紗弥、竹内あい、水城奈緒、北条麻妃、きよみ玲,https://www.javbus.com/MIVD-022,
MIBD-476 コスプレ100人100着8時間,MIBD-476 コスプレ100人100着8時間,MIBD-476,,2010-03-01,478分鐘,,ムーディーズ,MOODYZBest,,角色扮演、合集、數位馬賽克、DMM獨家,花井桃、眞鍋しおり、夏川優奈（白石沙里奈）、小林里穂、七瀬ジュリア、篠原もえ、月野りさ、ひなのりく、nao.（小池ひとみ）、南波杏、仲村ろみひ、やまのあかね、小泉梨菜、愛原つばさ、心有花、新川舞美、矢口あかり、若菜ひかる、南つかさ、長谷川真夕、鈴木奏、日向りのあ、大橋未久、常盤りん、姫咲まりあ（水沢愛音）、あずみしおり、綾瀬なな、寧々、相原れな（三浦加奈、篠原リョウ）、中川瞳、黒沢英里奈（喜田嶋りお）、乃亜（鳥越乃亜）、立花里子、夏川未来（小春）、涼果りん、高井桃、宝月ひかる、一色あずさ、西野翔、早咲まみ、亜梨、望月けい、小峰ひなた、松坂みるく、峰なゆか、美森ここ、小泉ゆうか、当真ゆき（桜井マミ）、みずき紗英、安藤さやか、水嶋友穂、葵ぶるま、神楽メイ、浜崎りお（森下えりか、篠原絵梨香）、麻木マキ、春乃かすみ、花宮あみ、木村佳香、小日向葵、糸矢めい、ICHIKA、竹内あい、真田春香、君野ゆめ、観月樹音、杉崎りか、美月、青空小夏、北条麻妃、桃野なごみ、さくら結衣、灘坂舞、紺野りさ子、真央♪、香月藍、かなたゆう、神谷りの、小澤マリア、小川あさ美、汐見ゆうな、北田優歩、妃乃ひかり、佐藤リカ、春咲あずみ、華島彩、青山菜々、あおば、鈴木杏里、むらさき真珠、杉本あやな、藤崎怜里、椎名れいか、城戸あやか、日向ゆず葉、姫野りむ、美神ルナ、心愛、片瀬くるみ、川村カンナ,https://www.javbus.com/MIBD-476,
MIBD-474 涙目の涎便器美少女イラマ50連発4時間,MIBD-474 涙目の涎便器美少女イラマ50連発4時間,MIBD-474,,2010-03-01,238分鐘,,ムーディーズ,MOODYZBest,,口交、合集、美少女、數位馬賽克、DMM獨家,小林里穂、若宮莉那、青山菜々、くるみ（未来）、篠原もえ、早川瀬里奈、南つかさ、天乃みお、nao.（小池ひとみ）、水元ゆうな、千堂ゆりあ、北条麻妃、桃野なごみ、安藤さやか、友亜リノ、水無月レイラ、橘ゆめみ、七瀬ジュリア、心有花、岡本渚、春乃かすみ、橘れもん、大橋未久、常盤りん、麗花、美咲、聖乃マリア、君野ゆめ、結城凛、渚、辻さき、鮎川なお、竹内あい、佐藤ショコラ、香月藍、むらさき真珠、黒木なほ、鈴夏ゆらん、西野翔、北島玲、花宮あみ、妃乃ひかり、櫻井ゆうこ、恋野恋、中野美奈、峰なゆか、川愛加奈、天宮まなみ（来嶋ゆきな）、みずき紗英、黒沢英里奈（喜田嶋りお）,https://www.javbus.com/MIBD-474,
DVDES-266 マジックミラー号 超ゴージャス！濃密美熟女逆ナンパ 池袋編,DVDES-266 マジックミラー号 超ゴージャス！濃密美熟女逆ナンパ 池袋編,DVDES-266,,2010-02-12,160分鐘,ルミナックス,ディープス,DEEP’S,マジックミラー号,成熟的女人、女同性戀、倒追,有沢実紗、浅倉彩音、北条麻妃、村上涼子（中村りかこ、黒木菜穂）,https://www.javbus.com/DVDES-266,
RNADE-639 人妻のフェラ 3,RNADE-639 人妻のフェラ 3,RNADE-639,,2010-01-28,179分鐘,,なでしこ,Nadeshiko,人妻のフェラ,口交、已婚婦女、深喉,長島智美、宮田瑛子、間宮りな、山下梨恵、片瀬瑞恵、楓まお、高島恭子、横山みれい、伊藤若菜、北条麻妃、桃原和音、名取未知子、鈴木あきほ、笠木奈美、仲村美緒、羽鳥澄香、藤原絵理香、美原咲子、宮下ゆうこ、弓削亜弓、松島ゆり子、貴田明美、美月祥子、高梨ひとみ、藪里美,https://www.javbus.com/RNADE-639,
RNADE-631 乱れた人妻たち,RNADE-631 乱れた人妻たち,RNADE-631,,2010-01-28,238分鐘,,なでしこ,Nadeshiko,乱れた人妻たち,已婚婦女、通姦、中出、顏射,ゆりあ、南ありさ、北条麻妃、澤村レイコ（高坂保奈美、高坂ますみ）、村上涼子（中村りかこ、黒木菜穂）、川上ゆう（森野雫）,https://www.javbus.com/RNADE-631,
MMSP-004 兄嫁奴隷 若妻肉壷調教2時間,MMSP-004 兄嫁奴隷 若妻肉壷調教2時間,MMSP-004,,2010-01-21,119分鐘,,タカラ映像,MOMIJI,兄嫁奴隷,合集、已婚婦女、多P、性奴,小室みお、北条麻妃、nao.（小池ひとみ）、川上ゆう（森野雫）,https://www.javbus.com/MMSP-004,
LADY-079 女社長と美人秘書 深夜の密室レズ調教 北条麻妃 鷹宮りょう 岡山涼花,LADY-079 女社長と美人秘書 深夜の密室レズ調教 北条麻妃 鷹宮りょう 岡山涼花,LADY-079,,2010-01-19,128分鐘,,LADY×LADY,LADY×LADY,,女同性戀、多P、秘書、性奴、手指插入,鷹宮りょう、岡山涼花、北条麻妃,https://www.javbus.com/LADY-079,
SDDE-206 （裏）手コキクリニック ～完全版～ 性交クリニックスペシャル WITH 手コキクリニック,SDDE-206 （裏）手コキクリニック ～完全版～ 性交クリニックスペシャル WITH 手コキクリニック,SDDE-206,,2010-01-19,133分鐘,GORI,SODクリエイト,SENZ,（裏）手コキクリニック,企畫、护士、女上位、DVD多士爐、打手槍,北条麻妃、澤村レイコ（高坂保奈美、高坂ますみ）、広瀬奈々美（堀口奈津美）、翔田千里、風間ゆみ,https://www.javbus.com/SDDE-206,
MIBD-463 おっぱいがいっぱい4時間,MIBD-463 おっぱいがいっぱい4時間,MIBD-463,,2010-01-13,239分鐘,,ムーディーズ,MOODYZBest,,合集、數位馬賽克、乳房、巨乳、DMM獨家,観月マヤ、彩月あかり（岩佐めい）、みはる、女池さゆり、亜梨、さくら結衣、西野翔、松嶋れいな、nao.（小池ひとみ）、青木玲、安藤さやか、松すみれ、観月樹音、杉崎りか、美月、山村絵美、中根あゆみ、森永ひよこ、北条麻妃、速水百花、優希じゅりあ、南りん、一戸のぞみ、小峰ひなた、立花久美、仲村ろみひ、浅乃ハルミ、沢木樹里、愛あいり、鮎川なお、黒木みらい、浅田ちち、KYOKO、小室アリス、花井メイサ、うるみゆう、並木るか（橘ひな）、あいぶらん（蜜井とわ）、宮崎あい、桃咲まなみ、大橋未久、浜崎りお（森下えりか、篠原絵梨香）、小川あさ美、橘ミオン（石川鈴華）、あのあるる、星優乃、糸矢めい、今野梨乃、竹内あい、乙音奈々、春咲あずみ、青山菜々、青木りん、小澤マリア、辻本りょう,https://www.javbus.com/MIBD-463,
HHK-086 百花美人で絶叫した16人の厳選アクメ特大8時間スペシャル,HHK-086 百花美人で絶叫した16人の厳選アクメ特大8時間スペシャル,HHK-086,,2010-01-13,479分鐘,,百花美人,百花美人,,合集、DMM獨家,葵ゆりあ、華月まなか、佐野史奈、井川ゆい、末永あい、瞳りん、間宮怜子、芹沢恋、横山みれい、華山美玲、黒木真夕、朝乃美咲、優木奈美、北条麻妃、宇野伊織、真木彩花,https://www.javbus.com/HHK-086,
JUSD-250 極上美熟女30人の嗚咽イラマチオ4時間,JUSD-250 極上美熟女30人の嗚咽イラマチオ4時間,JUSD-250,,2010-01-07,239分鐘,,マドンナ,Madonna,,成熟的女人、口交、合集、數位馬賽克、深喉、DMM獨家,増尾彩、今宮せつな、一条梨乃、大塚咲（小野沙樹、大滝佐紀）、上原リナ、酒井ちなみ（紫葵）、流川純、牧原れい子、友田真希、風間ゆみ、村上涼子（中村りかこ、黒木菜穂）、黒木麻衣（花野真衣、SHIHO）、長谷川美紅、川島めぐみ、川瀬さやか、川上ゆう（森野雫）、北条麻妃、有沢実紗、吉岡奈々子、根元純、佐藤みき（佐藤美紀、鈴木志帆）、夏川優奈（白石沙里奈）、中森玲子、澤村レイコ（高坂保奈美、高坂ますみ）、艶堂しほり（遠藤しおり）、飯田ゆかり、広瀬奈々美（堀口奈津美）、真島みゆき、石黒京香（黒木かえで）、伊吹稟,https://www.javbus.com/JUSD-250,
DSD-098 ワープエンタテインメント1年まるごと特別総集編 4時間 09_10,DSD-098 ワープエンタテインメント1年まるごと特別総集編 4時間 09_10,DSD-098,,2010-01-06,242分鐘,,ワープエンタテインメント,Waap,ワープエンタテインメント1年まるごと特別総集編,女同性戀、第一人稱攝影、合集、巨乳、貧乳・微乳,姫乃えみり、喜多沢くるす、小澤マリア、紗奈、妃悠愛（長澤杏奈、水原里香、木崎祐子）、希咲エマ（HARUKI、加藤はる希）、つぼみ、村上涼子（中村りかこ、黒木菜穂）、妃乃ひかり、金沢文子、相原れな（三浦加奈、篠原リョウ）、藤舞みいな、彩佳リリス（藤崎クロエ）、森田史奈、希内あんな、北条麻妃、純名もも、南つかさ、一色明奈、牧野くるみ、吉沢みなみ、みはる、成瀬心美（ここみ）、早乙女ルイ、春風えみ、澤村レイコ（高坂保奈美、高坂ますみ）、ERIKA（モカ、MOKA）、川上ゆう（森野雫）、うるみゆう、女池さゆり、桃咲まなみ、橘ミオン（石川鈴華）、浅倉彩音、Reo.（早坂玲央）、秋元美由、水城奈緒、夏野かをり、大塚咲（小野沙樹、大滝佐紀）、雪見紗弥、平塚ゆい,https://www.javbus.com/DSD-098_2010-01-06,
VENU-038 S級熟女 Part.2,VENU-038 S級熟女 Part.2,VENU-038,,2010-01-01,241分鐘,,VENUS,INCEST（ヴィーナス）,S級熟女（VENUS）,成熟的女人、潮吹、手指插入、巨乳,滝川絵理子、根元純、浅倉彩音、艶堂しほり（遠藤しおり）、北原夏美、北条麻妃、白鳥美鈴、翔田千里、村上涼子（中村りかこ、黒木菜穂）、若林ひかる,https://www.javbus.com/VENU-038,
MIRD-071 ザーメン病棟24時,MIRD-071 ザーメン病棟24時,MIRD-071,,2009-12-29,236分鐘,黒澤あらら,ムーディーズ,MOODYZREAL,,护士、濫交、女醫生、數位馬賽克、高畫質、DMM獨家、顏射,成瀬心美（ここみ）、早乙女ルイ、北条麻妃、つぼみ、新井エリー（晶エリー、大沢佑香）,https://www.javbus.com/MIRD-071,
GERH-004 ソルトシャワー 熟若女のおしっこみせて Vol.2,GERH-004 ソルトシャワー 熟若女のおしっこみせて Vol.2,GERH-004,,2009-12-18,89分鐘,,ゲロニア/妄想族,ゲロニア,ソルトシャワー,成熟的女人、放尿、制服、女生,芹沢もえ、水無月レイラ、藤原絵理香、艶堂しほり（遠藤しおり）、北条麻妃,https://www.javbus.com/GERH-004,
HHK-076 上半期の総決算 女優まるごとプレイリスト4時間,HHK-076 上半期の総決算 女優まるごとプレイリスト4時間,HHK-076,,2009-12-11,239分鐘,,百花美人,百花美人,,合集、DMM獨家,宇野伊織、柳井瞳、末永あい、優木奈美、瞳りん、間宮怜子、妃すみれ、芹沢恋、横山みれい、北条麻妃、佐野史奈、黒木真夕、椿エリ、葵ゆりあ、優木夏、小向まな美、朝乃美咲,https://www.javbus.com/HHK-076,
PSSD-157 シチュエーションドラマ催眠 5,PSSD-157 シチュエーションドラマ催眠 5,PSSD-157,,2009-11-23,251分鐘,,アウダースジャパン,AUDAZ,催眠赤,合集、性奴、4小時以上作品、催眠、娃娃,Arisu（鈴木ありす）、北条麻妃、村上里沙、澤村レイコ（高坂保奈美、高坂ますみ）、Alice（鈴木ありす）,https://www.javbus.com/PSSD-157,
PSSD-156 予備催眠 SP6,PSSD-156 予備催眠 SP6,PSSD-156,,2009-11-11,205分鐘,,アウダースジャパン,AUDAZ,予備催眠,合集、纪录片、性奴、催眠、娃娃,森元あすか、Arisu（鈴木ありす）、北条麻妃、村上里沙、澤村レイコ（高坂保奈美、高坂ますみ）、Alice（鈴木ありす）,https://www.javbus.com/PSSD-156,
SDDE-199 手コキクリニック 10,SDDE-199 手コキクリニック 10,SDDE-199,,2009-11-08,120分鐘,GORI,SODクリエイト,SENZ,手コキクリニック,企畫、护士、其他戀物癖、DVD多士爐、打手槍,浅倉彩音、北条麻妃、広瀬奈々美（堀口奈津美）、翔田千里、風間ゆみ,https://www.javbus.com/SDDE-199,
MIBD-443 禁断のレズビアン4時間,MIBD-443 禁断のレズビアン4時間,MIBD-443,,2009-10-30,238分鐘,,ムーディーズ,MOODYZBest,,女同性戀、合集、數位馬賽克、制服、DMM獨家,辻さき、篠原もえ、西野翔、峰なゆか、小川あさ美、竹内あい、乃亜（鳥越乃亜）、鮎川なお、紅音ほたる（秋月杏奈）、風間ゆみ、ICHIKA、星優乃、浜崎りお（森下えりか、篠原絵梨香）、聖乃マリア、田中亜弥、クリス小澤、月丘裕香、月丘瑛美、北条麻妃,https://www.javbus.com/MIBD-443,
JUC-180 マドンナ学園7 ～激情の文化祭闘争～,JUC-180 マドンナ学園7 ～激情の文化祭闘争～,JUC-180,,2009-10-23,209分鐘,芳賀栄太郎,マドンナ,Madonna,マドンナ学園,成熟的女人、女教師、多P、數位馬賽克、女上位、DMM獨家,赤井マリ、永峰朋美（安岡たまき）、石橋ゆう子、北条麻妃、城エレン、牧原れい子,https://www.javbus.com/JUC-180,
RKI-043 フェラチオ品評会 北条麻妃・雪見紗弥・鈴木杏里,RKI-043 フェラチオ品評会 北条麻妃・雪見紗弥・鈴木杏里,RKI-043,,2009-10-19,118分鐘,Seven,ROOKIE,ROOKIE,,口交、其他戀物癖、DVD多士爐、DMM獨家,鈴木杏里、雪見紗弥、北条麻妃,https://www.javbus.com/RKI-043,
WSP-057 燃えるお姉さん ガッツリ騎乗位M男喰い 4時間,WSP-057 燃えるお姉さん ガッツリ騎乗位M男喰い 4時間,WSP-057,,2009-10-15,226分鐘,,ワープエンタテインメント,S＋,,蕩婦、合集、姐姐、女上位,坂下ゆき、石黒あすか、星野あかり、桜庭彩、南つかさ、北条麻妃、愛菜りな、黒木麻衣（花野真衣、SHIHO）、浜崎りお（森下えりか、篠原絵梨香）、妃乃ひかり、矢井田あき、鷹宮りょう、桜井春、澄川ロア、村上里沙、神崎レオナ（七瀬かすみ）、鮎川なお、橘れもん、うるみゆう、Reo.（早坂玲央）、結城かれん、鈴木千里、福山まりな、川上ゆう（森野雫）、広瀬奈々美（堀口奈津美）,https://www.javbus.com/WSP-057,
FSET-212 熟女派遣センター,FSET-212 熟女派遣センター,FSET-212,,2009-09-20,117分鐘,アキノリ,アキノリ,AKNR,,成熟的女人、數位馬賽克、女上位、顏射,北条麻妃、澤村レイコ（高坂保奈美、高坂ますみ）、神崎レオナ（七瀬かすみ）、広瀬奈々美（堀口奈津美）,https://www.javbus.com/FSET-212,
ANHD-003 レズビアンベストクンニリングス総集編,ANHD-003 レズビアンベストクンニリングス総集編,ANHD-003,,2009-09-18,239分鐘,,アンナと花子,アンナと花子,,女同性戀、合集、舔陰、DMM獨家,浅田ちち、伊藤青葉、乃亜（鳥越乃亜）、森野ひな、坂本愛海、広瀬奈々美（堀口奈津美）、浜崎りお（森下えりか、篠原絵梨香）、新井エリー（晶エリー、大沢佑香）、川上ゆう（森野雫）、風間ゆみ、桐原あずさ（伊藤あずさ）、純名もも、つぼみ、北島玲、天海ゆり、永瀬あき、鈴木杏里、橘未稀（石川麻矢）、佐伯奈々、友田真希、紅音ほたる（秋月杏奈）、立花里子、姫野りむ、妃乃ひかり、ayami（赤西涼、まひる）、茅ヶ崎ありす、瀬戸ひなた、安田美樹、酒井和、夏川えり、叶志穂、神まこと、明佐奈（土屋かなこ）、一戸のぞみ、柏木ひかる、桐島ひかり、如月薫、鮎川なお、北条麻妃,https://www.javbus.com/ANHD-003,
RKI-038 目をそらすな！,RKI-038 目をそらすな！,RKI-038,,2009-09-18,156分鐘,極ノ介,ROOKIE,ROOKIE,,強姦、多P、主觀視角、高畫質、巨乳、DMM獨家,吉沢みなみ、水城奈緒、北条麻妃、友田真希,https://www.javbus.com/RKI-038,
DM-104 ヒトヅマ ドット セレクション Mrs.SELECTION,DM-104 ヒトヅマ ドット セレクション Mrs.SELECTION,DM-104,,2009-09-01,119分鐘,,チーム川崎,秋の感謝祭’09,,成熟的女人、紧缚、已婚婦女、深喉、中出、DVD多士爐、巨乳,有沢実紗、夏木響子、藤木ルイ、吉岡奈々子、北条麻妃、澤村レイコ（高坂保奈美、高坂ますみ）,https://www.javbus.com/DM-104,
MIBD-430 MOODYZ2009年上半期BEST100タイトル8時間,MIBD-430 MOODYZ2009年上半期BEST100タイトル8時間,MIBD-430,,2009-09-01,478分鐘,,ムーディーズ,MOODYZBest,MOODYZ○○○○年○半期,合集、數位馬賽克、中出、DMM獨家、顏射、肛交,あのあるる、さくら結衣、白石さゆり、@YOU、並木るか（橘ひな）、水城奈緒、芽衣奈（南芽衣奈）、つぼみ、乙音奈々、鮎川なお、観月マヤ、北条麻妃、速水百花、白川るり、沢木樹里、杏堂なつ（榊れいな）、南りん、安藤さやか、水森れん、松浦らん、中根あゆみ、原小雪、亜梨、彩月あかり（岩佐めい）、望月けい、小峰ひなた、響愛莉、芹菜ひなた、市川よしの、山村絵美、愛実（秋川ルイ）、辻さき、友亜リノ、一戸のぞみ、佐藤みき（佐藤美紀、鈴木志帆）、愛あいり、緋村由衣、真田リサ、桜井エミリ、吉沢みなみ、仲村ろみひ、乙川ミキ、鷹宮りょう、愛菜りな、花井メイサ、岬リサ、あいぶらん（蜜井とわ）、宮崎あい、KYOKO、若槻せな、広瀬奈々美（堀口奈津美）、みはる、小泉梨菜、石原あすか、橘れもん、村上里沙、大橋未久、雪見紗弥、真田春香、浜崎りお（森下えりか、篠原絵梨香）、佐藤江梨花、榎本ゆうな、星優乃、糸矢めい、大塚咲（小野沙樹、大滝佐紀）、今野梨乃、竹内あい、春咲あずみ、青山菜々、鈴木杏里、寧々、辻本りょう、新井エリー（晶エリー、大沢佑香）、松野ゆい、雪野ひかる、松坂みるく、峰なゆか、風間ゆみ、佐伯奈々、美月、小川あさ美、小澤マリア、亜佐倉みんと、西野翔、乃亜（鳥越乃亜）、日高ゆりあ（青山ひより）、夏川未来（小春）、松嶋れいな、青木玲、水元ゆうな、友田真希、桃瀬えみる、若林もも,https://www.javbus.com/MIBD-430,
DM-103 DMM【限定】お掃除フェラ Best Selection,DM-103 DMM【限定】お掃除フェラ Best Selection,DM-103,,2009-09-01,119分鐘,,グレイズ,秋の感謝祭’09,,口交、其他戀物癖、DVD多士爐,渋谷梨果、鷹宮りょう、うるみゆう、水城奈緒、北条麻妃、七瀬ゆい（羽田未来）、小辻もえ、青山ひかる、小宮ゆい、黒木麻衣（花野真衣、SHIHO）、坂本愛海、あいだゆき、成瀬心美（ここみ）、黒木いちか（東条かれん）、月野りさ、小田切みく、藤咲さくら、早乙女ルイ、夏川るい、鈴木さとみ、鮎川なお、美花ぬりぇ、彩花ゆめ、村上里沙、澄川ロア、瀬咲るな、大塚咲（小野沙樹、大滝佐紀）、辻あずき、ほしのみゆ、浜崎りお（森下えりか、篠原絵梨香）、桃咲まなみ、ARISA,https://www.javbus.com/DM-103,
RNADE-568 人妻のフェラ 2,RNADE-568 人妻のフェラ 2,RNADE-568,,2009-08-26,118分鐘,マーKUN,なでしこ,Nadeshiko,人妻のフェラ,口交、其他戀物癖、已婚婦女,山城香月、吉野ひめか、浅倉麗、浅田博美、高原千夏、瀬戸珠美、柳田やよい、はるか悠、押切あやの、川上ゆう（森野雫）、白川莉紗、真田友里、葵みちる、市川鮎子、大里美佳子、山科茜、大隈恵令奈（大隅恵令奈）、北条美里、成田幸恵、北谷静香、北条麻妃,https://www.javbus.com/RNADE-568,
CWM-082 一撃！！舌上発射 2,CWM-082 一撃！！舌上発射 2,CWM-082,,2009-08-15,124分鐘,一ノ瀬くるみ,ワープエンタテインメント,Washingmachine,一撃！！舌上発射,企畫、口交、DVD多士爐,沢尻もえ、秋元美由、平塚ゆい、小澤マリア、諸星セイラ（百瀬涼）、雪見紗弥、一色明奈、星崎アンリ、早乙女ルイ、北条麻妃,https://www.javbus.com/CWM-082,
CWM-076 デキる女は、乳首を責める。,CWM-076 デキる女は、乳首を責める。,CWM-076,,2009-05-15,126分鐘,五右衛門,ワープエンタテインメント,Washingmachine,,其他戀物癖、各種職業、姐姐、DVD多士爐、旗袍,牧野くるみ、喜多沢くるす、純名もも、北条麻妃、Reo.（早坂玲央）、大塚咲（小野沙樹、大滝佐紀）、澤村レイコ（高坂保奈美、高坂ますみ）、夏野かをり、金沢文子,https://www.javbus.com/CWM-076,
MBYD-056 美熟女たちの熱いセックスと顔射30タイトル4時間,MBYD-056 美熟女たちの熱いセックスと顔射30タイトル4時間,MBYD-056,,2009-04-01,239分鐘,,溜池ゴロー,溜池ゴロー,,成熟的女人、合集、數位馬賽克、顏射、DMM獨家,望月加奈（松沢真理）、大友園子、北条麻妃、高倉梨奈,https://www.javbus.com/MBYD-056,
TBD-007 痴漢飢獣（ケダモノ）集団 中出し 7,TBD-007 痴漢飢獣（ケダモノ）集団 中出し 7,TBD-007,,2006-07-01,103分鐘,,グローリークエスト,TOUCHFIELDBEAST,痴漢飢獣（ケダモノ）集団,性騷擾、凌辱、中出、顏射、眼鏡,相原れな（三浦加奈、篠原リョウ）、妃悠愛（長澤杏奈、水原里香、木崎祐子）、水城奈緒、大塚咲（小野沙樹、大滝佐紀）、澤村レイコ（高坂保奈美、高坂ますみ）、有沢実紗、北条麻妃,https://www.javbus.com/TBD-007,
