标题,名称,識別碼,原始番号,發行日期,長度,導演,製作商,發行商,系列,類別,演員,详情页,详情简介
BMW-366 ひくひくアナル丸見え！ケツ肉波打ちデカ尻バック激ピストンBEST,BMW-366 ひくひくアナル丸見え！ケツ肉波打ちデカ尻バック激ピストンBEST,BMW-366,,2026-08-28,240分鐘,,ワンズファクトリー,WANZ,,中出、4小時以上作品、高畫質、巨尻、アクメ・オーガズム、バック、DMM獨家、肛交,五日市芽依、宍戸里帆、末広純、花沢ひまり、JULIA、春菜はな、篠田ゆう、姫咲はな、天川そら、富田優衣、蘭華、奏音かのん、皆月ひかる、水川スミレ、有栖舞衣、尾崎えりか、都月るいさ、美咲かんな、月島さくら、美谷朱里、流川莉央、黒川すみれ、丘えりな、水端あさみ、黒木逢夢、由良かな、花柳杏奈,https://www.javbus.com/BMW-366,
CJOB-214 最もシコりやすいシーンをたっぷり収録！射精直前のフェラチオラッシュ100連発Over！,CJOB-214 最もシコりやすいシーンをたっぷり収録！射精直前のフェラチオラッシュ100連発Over！,CJOB-214,,2026-08-21,238分鐘,,痴女ヘブン,痴女ヘブンBEST,,蕩婦、口交、合集、姐姐、美少女、高畫質、DMM獨家,逢沢みゆ、春陽モカ、松本いちか、北野未奈、君島みお、久留木玲、辻井ほのか、有岡みう、浜崎真緒、美谷朱里、花沢ひまり、有村のぞみ、黒島玲衣、北岡果林、波多野結衣、愛那あい、竹内有紀、宍戸里帆、月野かすみ、姫咲はな、西條るり、藤森里穂、枢木あおい、深田えいみ、吉良りん、AIKA、奏音かのん、蓮実クレア、篠田ゆう、さつき芽衣、夕季ちとせ、倉本すみれ、百永さりな、工藤ララ、乙アリス、JULIA、森沢かな（飯岡かなこ）、黒川すみれ、月乃ルナ、都月るいさ、弥生みづき、妃ひかり、新村あかり、森日向子、吉根ゆりあ、佐伯由美香,https://www.javbus.com/CJOB-214,
CJOB-213 見つめて乳首をカリカリ！さすさす！こねこね！主観乳首責めで何度も射精ブッコぬかれる僕。,CJOB-213 見つめて乳首をカリカリ！さすさす！こねこね！主観乳首責めで何度も射精ブッコぬかれる僕。,CJOB-213,,2026-08-21,229分鐘,,痴女ヘブン,痴女ヘブンBEST,,蕩婦、口交、合集、女上位、高畫質、DMM獨家、打手槍,月野かすみ、JULIA、春陽モカ、北野未奈、波多野結衣、工藤ララ、藤森里穂、花音うらら、沙月恵奈、加藤ももか、森日向子、美咲かんな、逢沢みゆ、黒川すみれ、月乃ルナ、有村のぞみ、黒島玲衣、宍戸里帆、北岡果林、永野いち夏,https://www.javbus.com/CJOB-213,
PBD-524 後ろからバコバコ突かれながら貪るような接吻で快楽を求めてしまう淫乱美女の振り向きベロキス立ちバック絶頂40本番,PBD-524 後ろからバコバコ突かれながら貪るような接吻で快楽を求めてしまう淫乱美女の振り向きベロキス立ちバック絶頂40本番,PBD-524,,2026-08-14,240分鐘,,プレミアム,PREMIUM BEST,,合集、姐姐、4小時以上作品、高畫質、キス・接吻、アクメ・オーガズム、バック、DMM獨家,三好佑香、楪カレン、逢沢みゆ、山岸逢花、森沢かな（飯岡かなこ）、和香なつき、篠田ゆう、白峰ミウ、星宮一花、明里つむぎ、竹内有紀、JULIA、新谷未来,https://www.javbus.com/PBD-524,
BMW-364 主人のチ●ポよりも気持ち良いっっっ！レス界隈奥さん他人棒でドーパミン爆発し淫乱覚醒するゲスい巨乳人妻脳汁イキ不倫,BMW-364 主人のチ●ポよりも気持ち良いっっっ！レス界隈奥さん他人棒でドーパミン爆発し淫乱覚醒するゲスい巨乳人妻脳汁イキ不倫,BMW-364,,2026-07-31,240分鐘,,ワンズファクトリー,WANZ,,合集、已婚婦女、中出、4小時以上作品、高畫質、巨乳、DMM獨家,椿りか、藤森里穂、JULIA、瀬名ひかり、つぼみ、福咲れん、桐谷まつり、辻井ほのか、水川スミレ、篠田ゆう、佐伯由美香,https://www.javbus.com/BMW-364,
CJOB-211 おっぱいちゅぱちゅぱ！しあわせになれる授乳手コキベスト,CJOB-211 おっぱいちゅぱちゅぱ！しあわせになれる授乳手コキベスト,CJOB-211,,2026-07-24,240分鐘,,痴女ヘブン,痴女ヘブンBEST,,蕩婦、合集、4小時以上作品、高畫質、巨乳、DMM獨家、打手槍,JULIA、姫咲はな、波多野結衣、AIKA、愛那あい、佐山愛、真木今日子、春菜はな、椿りか、凪沙ゆきの、推川ゆうり、夕季ちとせ、有岡みう、西村ニーナ,https://www.javbus.com/CJOB-211,
PBD-522 奉仕型イイ女が付け根から先端まで丁寧にシャブり尽くしてくれる最高に気持ちイイ濃厚バキュームフェラ7時間BEST,PBD-522 奉仕型イイ女が付け根から先端まで丁寧にシャブり尽くしてくれる最高に気持ちイイ濃厚バキュームフェラ7時間BEST,PBD-522,,2026-07-17,422分鐘,,プレミアム,PREMIUM BEST,,口交、合集、姐姐、深喉、4小時以上作品、高畫質、顏射、DMM獨家,三好佑香、北岡果林、山岸逢花、篠田ゆう、AIKA、西野絵美、阿部栞菜、佐々木あき、楪カレン、深田えいみ、悠綺ありさ、竹内有紀、白百合ましろ、竹内夏希、さつき芽衣、広瀬りおな、長谷川夕奈、蓮実クレア、花沢ひまり、森日向子、春陽モカ、JULIA、姫川ゆうな、明里つむぎ、尾崎えりか、松本梨穂、柚木ひなた、希島あいり,https://www.javbus.com/PBD-522,
PBD-521 綺麗なお姉さんのヒクヒクアナルをガン見しながらどっちゅどちゅ精子搾られる騎乗位中出しベスト！,PBD-521 綺麗なお姉さんのヒクヒクアナルをガン見しながらどっちゅどちゅ精子搾られる騎乗位中出しベスト！,PBD-521,,2026-07-17,240分鐘,,プレミアム,PREMIUM BEST,,蕩婦、姐姐、中出、女上位、4小時以上作品、高畫質、巨尻、DMM獨家,楪カレン、山岸逢花、白峰ミウ、明里つむぎ、JULIA、春陽モカ、AIKA、星宮一花、広瀬ゆり、竹内有紀、篠田ゆう、長谷川夕奈、流川莉央、乙アリス、尾崎えりか、櫻井まみ,https://www.javbus.com/PBD-521,
RBB-340 柔らかさとハリを併せ持つ巨乳が驚くほどチ○ポにフィットする おっぱい締め上げ刺激マシマシ 最強乳圧エキサイトパイズリ8時間BEST,RBB-340 柔らかさとハリを併せ持つ巨乳が驚くほどチ○ポにフィットする おっぱい締め上げ刺激マシマシ 最強乳圧エキサイトパイズリ8時間BEST,RBB-340,,2026-07-10,481分鐘,,ROOKIE,ROOKIE,ROOKIEベスト,乳交、合集、戀乳癖、乳房、4小時以上作品、高畫質、巨乳、DMM獨家,宍戸里帆、田中ねね、中山ふみか、姫咲はな、Hitomi（田中瞳）、辻井ほのか、小梅えな、水卜さくら、桃瀬くるみ、佐知子、中野七緒、小宵こなん、佐山愛、庵ひめか、梓ヒカリ、奥田咲、有栖花あか、鷲尾めい、ジューン・ラブジョイ、桃園怜奈、有岡みう、筧ジュン、松本菜奈実、羽咲みはる、櫻茉日、綾瀬こころ、蜜美杏、水原みその、JULIA、谷あづさ、小花のん,https://www.javbus.com/RBB-340,
RBB-339 本能が種付けしろと叫んでいる！特濃ザーメン膣奥にドピュっとラブ注入！本気ピストンで子宮降ろして絶対中出し！75連発8時間BEST,RBB-339 本能が種付けしろと叫んでいる！特濃ザーメン膣奥にドピュっとラブ注入！本気ピストンで子宮降ろして絶対中出し！75連発8時間BEST,RBB-339,,2026-07-10,481分鐘,,ROOKIE,ROOKIE,ROOKIEベスト,合集、美少女、中出、女上位、4小時以上作品、高畫質、バック、DMM獨家,夢見るぅ、月乃ルナ、早見なな、北野未奈、夕美しおん、天海つばさ、乃木蛍、川原かなえ、永瀬ゆい、桜空もも、小花のん、流田みな実、Hitomi（田中瞳）、JULIA、枢木あおい、梨本ゆず、広瀬りおな、冬愛ことね、姫咲はな、七瀬もも、松本いちか、神宮寺ナオ、倉本すみれ、沙月恵奈、工藤ララ、初音みのり、衣吹かのん、彩芽くるみ、成美このは、沙和れもん、黒木れいな、田中ねね、朝日りん、小梅えな、横宮七海、美園和花、初川みなみ、浜崎真緒、本田もも、末広純、根尾あかり、奥井楓、由愛可奈、八乃つばさ、美谷朱里、百永さりな、堀沢茉由、瀬田一花、つぼみ、佐藤エル、夏巳ゆりか、香椎花乃、真木今日子、堀内未果子、夕季ちとせ、市来まひろ、さつき芽衣、初愛ねんね、江本あやみ、椎名そら、広瀬ひな、森沢かな（飯岡かなこ）、水原みその、向井藍、桜もこ、乙アリス、千石もなか、希島あいり、東條なつ、星あめり、石原希望、藤森里穂、結城りの、深田えいみ、堀北つむぎ,https://www.javbus.com/RBB-339,
CJOB-210 ドスケベ痴女テクニシャンがあの手この手で導く絶対連射凄テク手コキエステBEST,CJOB-210 ドスケベ痴女テクニシャンがあの手この手で導く絶対連射凄テク手コキエステBEST,CJOB-210,,2026-06-19,234分鐘,,痴女ヘブン,痴女ヘブンBEST,,蕩婦、花癡、姐姐、美容院、高畫質、DMM獨家、打手槍,春陽モカ、黒島玲衣、北野未奈、逢沢みゆ、美波もも、八乃つばさ、蓮実クレア、ERINA、向井藍、倉多まお、深田えいみ、真木今日子、AIKA、羽生アリサ、本真ゆり、JULIA、月乃ルナ、冨安れおな、弥生みづき、乙アリス、森沢かな（飯岡かなこ）、黒川すみれ、松本いちか、北岡果林、森日向子、美咲かんな,https://www.javbus.com/CJOB-210,
CJOB-208 オナニーするのに実用的！チ○ポだけをね～～～～～っとりシャブり尽くす超接写フェラベスト！厳選35コーナー,CJOB-208 オナニーするのに実用的！チ○ポだけをね～～～～～っとりシャブり尽くす超接写フェラベスト！厳選35コーナー,CJOB-208,,2026-06-19,237分鐘,,痴女ヘブン,痴女ヘブンBEST,,蕩婦、口交、姐姐、美少女、高畫質、顏射、DMM獨家,松本いちか、渚みつき、久留木玲、宍戸里帆、有村のぞみ、AIKA、七瀬ひな、辻井ほのか、さつき芽衣、JULIA、佐伯由美香、弥生みづき、新村あかり、森日向子、北岡果林、逢沢みゆ、姫咲はな、北野未奈、二羽紗愛、月乃ルナ,https://www.javbus.com/CJOB-208,
PBD-517 射精直前のフェラチオ100連発,PBD-517 射精直前のフェラチオ100連発,PBD-517,,2026-05-14,227分鐘,,プレミアム,PREMIUM BEST,,蕩婦、口交、姐姐、高畫質、顏射、DMM獨家、吞精,楪カレン、山岸逢花、和香なつき、月野江すい、花沢ひまり、白峰ミウ、根尾あかり、長谷川夕奈、星宮一花、月乃ルナ、藤森里穂、櫻井まみ、香椎花乃、篠田ゆう、希島あいり、森日向子、乙アリス、西野絵美、波多野結衣、尾崎えりか、竹内有紀、松本梨穂、JULIA、広瀬ゆり,https://www.javbus.com/PBD-517,
RBB-335 S級美女の肉体貫くWサイドピストン 上下穴に肉棒ぶっこみ串刺しファック！8時間BEST,RBB-335 S級美女の肉体貫くWサイドピストン 上下穴に肉棒ぶっこみ串刺しファック！8時間BEST,RBB-335,,2026-05-07,481分鐘,,ROOKIE,ROOKIE,ROOKIEベスト,合集、花癡、多P、深喉、中出、4小時以上作品、高畫質、DMM獨家,吉根ゆりあ、日向なつ、千石もなか、武田エレナ、竹内有紀、東條なつ、水戸かな、小倉七海、櫻井まみ、葵いぶき、JULIA、三咲美憂、望月あられ、坂道みる、伊賀まこ、望月あやか、鈴音杏夏、八木奈々、水卜さくら、八乃つばさ、黒川すみれ、三宮つばき、横宮七海、花沢ひまり、倉本すみれ、七宮ゆりあ、星宮一花,https://www.javbus.com/RBB-335,
BMW-357 膣内射精後、抜かずにピストン続行！中出しシェイク状態の妊娠確定セックス53連発 第三弾！,BMW-357 膣内射精後、抜かずにピストン続行！中出しシェイク状態の妊娠確定セックス53連発 第三弾！,BMW-357,,2026-04-30,228分鐘,,ワンズファクトリー,WANZ,膣内射精後、抜かずにピストン続行！中出しシェイク妊娠確定セックス,合集、花癡、中出、高畫質、アクメ・オーガズム、M女、DMM獨家,鈴の家りん、春陽モカ、逢沢みゆ、五日市芽依、小坂ひまり、佐山愛、美咲かんな、森日向子、佐々木あき、椿りか、望月あやか、斎藤まりな、川北メイサ、綾瀬こころ、柏木こなつ、二葉エマ、松本いちか、水川スミレ、JULIA、桐谷まつり、つぼみ、深田えいみ、若宮はずき、美波もも、花沢ひまり、月野かすみ,https://www.javbus.com/BMW-357,
BMW-358 しなる曲線美ボディ！イキ顔！弾けるおっぱい！限界突破FUCK 立ちバック痙攣エビ反り101連発！ Vol.2,BMW-358 しなる曲線美ボディ！イキ顔！弾けるおっぱい！限界突破FUCK 立ちバック痙攣エビ反り101連発！ Vol.2,BMW-358,,2026-04-30,238分鐘,,ワンズファクトリー,WANZ,,中出、高畫質、巨尻、巨乳、アクメ・オーガズム、バック、DMM獨家,柏木こなつ、松本いちか、都月るいさ、妃ひかり、JULIA、月野江すい、春陽モカ、鈴の家りん、根尾あかり、月野かすみ、星宮ゆのん、黒木逢夢、花柳杏奈、月乃ルナ、ジュリアンチャック.マルティーノ、佐山愛、川上奈々美、奏音かのん、枢木あおい、篠田ゆう、由愛可奈、弥生みづき、吉根ゆりあ、玉城夏帆、東條なつ、結城りの、つぼみ、星乃マミ、花狩まい、佐伯由美香、水川スミレ、綾瀬こころ、本田のえる,https://www.javbus.com/BMW-358,
PBD-515 最高すぎた不倫生活。 セックスも、日常も、全てでオレをダメにする愛人沼で溶かされて…。BEST,PBD-515 最高すぎた不倫生活。 セックスも、日常も、全てでオレをダメにする愛人沼で溶かされて…。BEST,PBD-515,,2026-04-16,481分鐘,,プレミアム,PREMIUM BEST,オレをダメにする愛人沼で溶かされて…。,蕩婦、通姦、中出、4小時以上作品、高畫質、出軌、戲劇、DMM獨家,山岸逢花、楪カレン、和香なつき、白峰ミウ、JULIA、明里つむぎ,https://www.javbus.com/PBD-515,
RBB-334 顔面ザーメンまみれであら大変！極上ルックスが俺の精子で白濁だくだく！大量顔射ぶっかけ80連発！,RBB-334 顔面ザーメンまみれであら大変！極上ルックスが俺の精子で白濁だくだく！大量顔射ぶっかけ80連発！,RBB-334,,2026-04-09,481分鐘,,ROOKIE,ROOKIE,ROOKIEベスト,口交、合集、美少女、4小時以上作品、高畫質、顏射、DMM獨家,黒川すみれ、渚みつき、白坂有以、石原希望、五十嵐清華、綾波咲桜、星沢エミリ、庵ひめか、西宮ゆめ、梓ヒカリ、三宮つばき、河北彩花、安達夕莉、星乃さくら、吉根ゆりあ、小野六花、新井リマ、桜井もえ、八木奈々、石川澪、七沢みあ、坂道みる、三田サクラ、佐知子、翔すずめ、架乃ゆら、花芽ありす、潮美舞、安位カヲル、Hitomi（田中瞳）、乃木蛍、樋口みつは、花沢ひまり、蓮見天、弥生みづき、JULIA、小花のん、川上奈々美、永瀬ゆい、つぼみ、希島あいり、香椎花乃、世良あさか、希咲アリス、佐伯由美香、咲乃小春、奏音かのん、広瀬ひな、楓カレン、松本菜奈実、槙いずな、うんぱい、小倉七海、七ツ森りり、広瀬なるみ、神宮寺ナオ、杉咲麦、工藤ララ、明日葉優、楠有栖、山崎水愛、根尾あかり、初川みなみ、深田えいみ、倉本すみれ、美谷朱里、二の宮すずか、相沢みなみ、柚月沙央梨、仲村みう、友咲まりか、児玉あむ、木月りり、加賀美まり、長谷川夕奈、松本梨穂、与田さくら、清宮すず、長谷川柚月、田中ねね,https://www.javbus.com/RBB-334,
BMW-356 妊娠OK！！色気むんむんで迫ってくる絶倫ヤリマン不倫人妻 12時間,BMW-356 妊娠OK！！色気むんむんで迫ってくる絶倫ヤリマン不倫人妻 12時間,BMW-356,,2026-04-02,721分鐘,,ワンズファクトリー,WANZ,妊娠OK！！色気むんむんで迫ってくる爆乳ヤリマン不倫人妻,已婚婦女、中出、4小時以上作品、高畫質、出軌、汗だく、巨乳、DMM獨家,JULIA、篠崎かんな、篠田ゆう、赤瀬尚子、里美ゆりあ、佐山愛、吉根ゆりあ、田中ねね、つぼみ、月島さくら,https://www.javbus.com/BMW-356,
CJOB-204 射精直後の感度ブッ飛びチ○ポをブッ吸いながら追撃バキュームお掃除フェラ50連発Over BEST,CJOB-204 射精直後の感度ブッ飛びチ○ポをブッ吸いながら追撃バキュームお掃除フェラ50連発Over BEST,CJOB-204,,2026-03-19,238分鐘,,痴女ヘブン,痴女ヘブンBEST,,蕩婦、口交、合集、女上位、高畫質、顏射、DMM獨家,斎藤あみり、逢沢みゆ、宍戸里帆、黒島玲衣、逢見リカ、美谷朱里、望月あられ、百永さりな、浜崎真緒、伊東める、花沢ひまり、香苗レノン、奏音かのん、藤森里穂、松本いちか、森日向子、AIKA、JULIA、加藤ももか、春陽モカ、北野未奈、三岳ゆうな、有村のぞみ,https://www.javbus.com/CJOB-204,
PPBD-318 2020～2025OPPAIベストプロポーション 圧倒的な存在感で令和のAV界を盛り上げた巨乳女優72名470分,PPBD-318 2020～2025OPPAIベストプロポーション 圧倒的な存在感で令和のAV界を盛り上げた巨乳女優72名470分,PPBD-318,,2026-03-12,467分鐘,,OPPAI,OPPAI,,蕩婦、苗條、中出、4小時以上作品、高畫質、巨乳、アクメ・オーガズム、DMM獨家,楪カレン、Hitomi（田中瞳）、春陽モカ、桐谷まつり、高橋りほ、君島みお、永田莉雨、冨安れおな、辻井ほのか、辻さくら、月野かすみ、月妃さら、椿りか、田中ねね、夏希まろん、橘メアリー、似鳥日菜、瀬田一花、佐知子、さつき芽衣、小花のん、小梅えな、九十九メイ、花沢ひまり、北野未奈、壇凛沙、水原みその、有岡みう、松本菜奈実、白川みなみ、逢見リカ、蘭華、吉根ゆりあ、結城りの、夕美しおん、森日向子、凪沙ゆきの、望月あやか、川村晴、水川スミレ、弥生みづき、蜜美杏、藤森里穂、妃ひかり、浜崎真緒、羽月乃蒼、初愛ねんね、日下部加奈、桃瀬くるみ、希咲アリス、朝日奈かれん、川北メイサ、神坂朋子、柏木こなつ、乙アリス、五日市芽依、市原玲、綾瀬こころ、新村あかり、新井リマ、朝田ひまり、姫咲はな、新井エリー（晶エリー、大沢佑香）、JULIA、ERINA、美園和花、麻倉ゆあ,https://www.javbus.com/PPBD-318,
CJOB-201 もう射精してるってばぁ～！杭打ち騎乗位で66発中出しブッコ抜かれちゃった僕ベスト,CJOB-201 もう射精してるってばぁ～！杭打ち騎乗位で66発中出しブッコ抜かれちゃった僕ベスト,CJOB-201,,2026-02-19,456分鐘,,痴女ヘブン,痴女ヘブンBEST,,蕩婦、合集、中出、女上位、4小時以上作品、高畫質、巨尻、DMM獨家,逢沢みゆ、北野未奈、JULIA、松本いちか、黒川すみれ、花沢ひまり、弥生みづき、天馬ゆい、姫咲はな、藤森里穂、乙アリス、佐山愛、蓮実クレア、永井マリア、AIKA、篠田ゆう、夕季ちとせ,https://www.javbus.com/CJOB-201,
REBD-1013 REbecca STARS13-The marvels-,REBD-1013 REbecca STARS13-The marvels-,REBD-1013,,2026-02-18,184分鐘,MAX★,REbecca,REbecca,REbecca STARS,合集、介紹影片、性感的、高畫質,JULIA、石川澪、小野六花、明里つむぎ、八掛うみ、百田充希、涼森れむ、莉々はるか、白上咲花、本庄鈴、河合あすな、小湊よつ葉,https://www.javbus.com/REBD-1013,
PBD-512 高級ランジェリーで映える絶品BODYの超イイ女とハメまくりたい…裸よりも興奮して燃え上がる濃密中出し35本番,PBD-512 高級ランジェリーで映える絶品BODYの超イイ女とハメまくりたい…裸よりも興奮して燃え上がる濃密中出し35本番,PBD-512,,2026-02-12,240分鐘,,プレミアム,PREMIUM BEST,,合集、花癡、姐姐、中出、4小時以上作品、高畫質、DMM獨家、內衣,楪カレン、星宮一花、白峰ミウ、伊藤舞雪、篠田ゆう、竹内有紀、JULIA、渚みつき、結城りの、佐々木あき、月乃ルナ、山岸逢花、深田えいみ,https://www.javbus.com/PBD-512,
RBB-329 身を委ねれば美女が馬乗り悦の極み！女の子主導で絶頂超えてもまだピストン！S級女優が止まらない腰振りで性の獣と化す騎乗位8時間BEST,RBB-329 身を委ねれば美女が馬乗り悦の極み！女の子主導で絶頂超えてもまだピストン！S級女優が止まらない腰振りで性の獣と化す騎乗位8時間BEST,RBB-329,,2026-02-05,481分鐘,,ROOKIE,ROOKIE,ROOKIEベスト,蕩婦、合集、屁股、美少女、女上位、4小時以上作品、高畫質、DMM獨家,美谷朱里、三咲美憂、永井マリア、神宮寺ナオ、七沢みあ、AIKA、桜もこ、百永さりな、花沢ひまり、冬愛ことね、松本いちか、春咲りょう、篠田ゆう、佐藤エル、希島あいり、桜井もえ、相沢みなみ、石川澪、水卜さくら、星宮一花、吉高寧々、児玉れな、蓮実クレア、月乃ルナ、新井リマ、松田莉緒、成田つむぎ、伊藤舞雪、竹内有紀、miru、白葉りこ、黒川すみれ、美園和花、夜空あみ、香椎花乃、初川みなみ、橘ひなの、有村のぞみ、桐谷まつり、JULIA、甘夏りいな、東條えみり、小野六花、渚みつき,https://www.javbus.com/RBB-329,
CJOB-196 スキルもテクニックも超SSS級！もう射精してるってばぁ！ド痴女の天才SEX 100本番BEST！8時間！,CJOB-196 スキルもテクニックも超SSS級！もう射精してるってばぁ！ド痴女の天才SEX 100本番BEST！8時間！,CJOB-196,,2026-01-22,481分鐘,,痴女ヘブン,痴女ヘブンBEST,,蕩婦、花癡、中出、女上位、4小時以上作品、高畫質、キス・接吻、DMM獨家,春陽モカ、北岡果林、百永さりな、逢沢みゆ、麻里梨夏、里美ゆりあ、谷原希美、JULIA、美谷朱里、若宮はずき、真木今日子、佐伯由美香、伊東める、水川スミレ、佐山愛、AIKA、佐々木あき、千川とわ、宝田もなみ、姫咲はな、辻井ほのか、松本菜奈実、初愛ねんね、東條なつ、佐藤エル、浜崎真緒、吉根ゆりあ、斎藤あみり、蓮実クレア、花沢ひまり、森日向子、月野江すい、都月るいさ、工藤ララ、月乃ルナ、倉本すみれ、本真ゆり、森沢かな（飯岡かなこ）、小花のん、乙アリス、弥生みづき、夕季ちとせ、深田えいみ、松本いちか、さつき芽衣、篠田ゆう、初川みなみ、若月みいな、塚田詩織、推川ゆうり、花音うらら、北野未奈、堀内未果子、藤森里穂、久留木玲、吉良りん、百瀬あすか、あおいれな、佐知子、稲場るか、椿りか、永野いち夏、天馬ゆい、君島みお、波多野結衣、椎名そら、水野朝陽、あべみかこ、渚みつき、黒川すみれ、枢木あおい、宍戸里帆、美咲かんな、通野未帆、妃ひかり、竹内有紀、有岡みう、逢見リカ、川上ゆう（森野雫）,https://www.javbus.com/CJOB-196,
CJOB-198 背後で女体密着お姉さんたちに後ろから手コキで62発も射精させられちゃった僕BEST,CJOB-198 背後で女体密着お姉さんたちに後ろから手コキで62発も射精させられちゃった僕BEST,CJOB-198,,2026-01-22,240分鐘,,痴女ヘブン,痴女ヘブンBEST,,蕩婦、合集、姐姐、乳液、4小時以上作品、高畫質、DMM獨家、打手槍,妃ひかり、逢沢みゆ、JULIA、橘メアリー、小花のん、大槻ひびき、藤森里穂、倉本すみれ、弥生みづき、沙月恵奈、姫咲はな、佐山愛、冨安れおな、推川ゆうり、川上ゆう（森野雫）、AIKA、美谷朱里、蓮実クレア、向井藍、吉根ゆりあ、篠田ゆう、渚みつき,https://www.javbus.com/CJOB-198,
PBD-510 大ッ嫌いな男達に犯●れて105発も中出しされた女たち8時間。,PBD-510 大ッ嫌いな男達に犯●れて105発も中出しされた女たち8時間。,PBD-510,,2026-01-15,481分鐘,,プレミアム,PREMIUM BEST,,花癡、多P、凌辱、中出、4小時以上作品、高畫質、出軌、DMM獨家,楪カレン、山岸逢花、逢沢みゆ、白峰ミウ、竹内有紀、花沢ひまり、星宮一花、JULIA、ひなたまりん、AIKA、蒼乃美月,https://www.javbus.com/PBD-510,
MIZD-511 無数の男に全身犯●れつくす無限レ×プ地獄！終わらない集団輪●ベスト,MIZD-511 無数の男に全身犯●れつくす無限レ×プ地獄！終わらない集団輪●ベスト,MIZD-511,,2026-01-15,220分鐘,,ムーディーズ,MOODYZ Best,,合集、多P、美少女、凌辱、中出、高畫質、DMM獨家,七沢みあ、小野六花、八木奈々、葵いぶき、水卜さくら、仲村みう、秋山祥子、石原希望、由愛可奈、深田えいみ、跡美しゅり、琴音華、花芽ありす、香椎りあ、前田美波、二宮ひかり、久留木玲、美谷朱里、神宮寺ナオ、五日市芽依、都月るいさ、宍戸里帆、中山ふみか、高橋しょう子、JULIA、皆月ひかる、浦上ひのり、羽月乃蒼、冬愛ことね、小野坂ゆいか、優梨まいな、百田光希,https://www.javbus.com/MIZD-511,
BMW-350 肉弾性交種付けプレス104連発Vol.2,BMW-350 肉弾性交種付けプレス104連発Vol.2,BMW-350,,2025-12-31,206分鐘,,ワンズファクトリー,WANZ,,多P、美少女、中出、高畫質、デカチン・巨根、アクメ・オーガズム、DMM獨家,北岡果林、逢沢みゆ、五日市芽依、倉本すみれ、尾崎えりか、松本菜奈実、JULIA、一条みお、乃木絢愛、天月あず、奏音かのん、小梅えな、希咲那奈、新井リマ、月島さくら、月野かすみ、月野江すい、有村のぞみ、有栖舞衣、小坂ひまり、柏木こなつ、末広純、透美かなた、橘メアリー、櫻井まみ、由良かな、皆月ひかる、綾瀬こころ、美咲かんな、花柳杏奈、花狩まい、藤沢麗央、鈴の家りん、静河、藤森里穂,https://www.javbus.com/BMW-350,
BMW-349 何度イッても止まってくれない！人力を超越する玩具快楽にブッ壊れるオンナたち。潮ブシャお漏らし鬼イカセBEST,BMW-349 何度イッても止まってくれない！人力を超越する玩具快楽にブッ壊れるオンナたち。潮ブシャお漏らし鬼イカセBEST,BMW-349,,2025-12-31,240分鐘,,ワンズファクトリー,WANZ,,玩具、潮吹、合集、花癡、4小時以上作品、高畫質、アクメ・オーガズム、DMM獨家,五日市芽依、新井リマ、春陽モカ、美園和花、花沢ひまり、美谷朱里、椎名そら、佐野なつ、倉本すみれ、本田瞳、倉多まお、月乃ルナ、逢沢みゆ、蘭華、末広純、松本いちか、三岳ゆうな、JULIA、花狩まい、柏木こなつ、あおいれな、工藤ララ、桐谷まつり、霧島さくら、佐々木あき、深田えいみ、川北メイサ、月野かすみ、月野江すい、鈴の家りん,https://www.javbus.com/BMW-349,
RBB-324 湯気と浴衣と火照る素肌 欲情温泉旅行8時間ベスト,RBB-324 湯気と浴衣と火照る素肌 欲情温泉旅行8時間ベスト,RBB-324,,2025-12-25,481分鐘,,ROOKIE,ROOKIE,ROOKIEベスト,和服・喪服、合集、通姦、4小時以上作品、高畫質、温泉、旅行、DMM獨家,栗山莉緒、夢乃あいか、東雲みれい、明日見未来、伊藤舞雪、宮西ひかる、矢野沙衣、希島あいり、根尾あかり、愛宝すず、朝比奈ななせ、水卜さくら、八木奈々、辻井ほのか、花狩まい、赤瀬尚子、冬愛ことね、篠崎かんな、八乃つばさ、黒川すみれ、鈴木心春、桃乃木かな、つぼみ、奥田咲、楪カレン、日向なつ、石川澪、小花のん、稲森美憂、神宮寺ナオ、石原希望、神菜美まい、南条いちか、小宵こなん、楓ふうあ、竹内有紀、安齋らら、鷲尾めい、JULIA、星宮一花,https://www.javbus.com/RBB-324,
CJOB-197 「マ○コより気持ちよくしてアゲル」痴女手コキ100発オーバーBEST5,CJOB-197 「マ○コより気持ちよくしてアゲル」痴女手コキ100発オーバーBEST5,CJOB-197,,2025-12-18,481分鐘,,痴女ヘブン,痴女ヘブンBEST,痴女手コキBEST,蕩婦、合集、乳液、4小時以上作品、高畫質、キス・接吻、DMM獨家、打手槍,佐山愛、逢沢みゆ、北岡果林、春陽モカ、枢木あおい、百永さりな、天月あず、弥生みづき、竹内有紀、小花のん、吉根ゆりあ、冨安れおな、通野未帆、深田結梨、姫川ゆうな、さつき芽衣、篠田ゆう、久留木玲、吉良りん、真木今日子、北野未奈、JULIA、松本いちか、美園和花、倉本すみれ、藤森里穂、都月るいさ、黒川すみれ、月乃ルナ、姫咲はな、斎藤あみり、有岡みう、沙月恵奈、美咲かんな、森日向子、永瀬ゆい、凪沙ゆきの、深田えいみ、百瀬あすか、AIKA、浜崎真緒、初愛ねんね、松本菜奈実、若宮はずき、東條なつ、南乃そら、堀内未果子、初川みなみ、蓮実クレア、渚みつき、向井藍、成美このは、森沢かな（飯岡かなこ）、永井マリア、水川スミレ、妃ひかり、夕美しおん、本真ゆり、ERINA、夕季ちとせ、あおいれな,https://www.javbus.com/CJOB-197,
CJOB-194 恥ずかしいけど超気持ちイイ！！！射精直後チ○ポをこねくり！にぎにぎ！離さない！もう吹いちゃってるってばぁ追撃男潮BEST,CJOB-194 恥ずかしいけど超気持ちイイ！！！射精直後チ○ポをこねくり！にぎにぎ！離さない！もう吹いちゃってるってばぁ追撃男潮BEST,CJOB-194,,2025-11-20,240分鐘,,痴女ヘブン,痴女ヘブンBEST,,蕩婦、花癡、姐姐、4小時以上作品、高畫質、男の潮吹き、DMM獨家、打手槍,天月あず、春陽モカ、百永さりな、姫咲はな、逢沢みゆ、水川スミレ、花柳杏奈、斎藤あみり、加藤ももか、北岡果林、月野江すい、美咲かんな、有岡みう、森日向子、吉根ゆりあ、松本いちか、夕美しおん、倉本すみれ、JULIA、沙月恵奈、森沢かな（飯岡かなこ）、黒川すみれ、美園和花、西條るり,https://www.javbus.com/CJOB-194,
RBB-322 痴女の天才は責めたくてしょうがない！8時間スペシャルBEST,RBB-322 痴女の天才は責めたくてしょうがない！8時間スペシャルBEST,RBB-322,,2025-11-06,481分鐘,,ROOKIE,ROOKIE,ROOKIEベスト,蕩婦、合集、中出、女上位、4小時以上作品、高畫質、アクメ・オーガズム、DMM獨家,神宮寺ナオ、石原希望、石川澪、藤森里穂、神菜美まい、桃乃木かな、矢乃かのん、水川スミレ、桜樹玲奈、水原みその、渋谷華、神坂朋子、美谷朱里、JULIA、蓮実クレア、波多野結衣、佐々木あき、乙アリス、竹内有紀、星野ナミ、松本いちか、AIKA、岬さくら、田中ねね、百瀬あすか、明里つむぎ、七瀬アリス、月野かすみ、山岸逢花、七沢みあ、黒川すみれ、篠田ゆう、深田えいみ、夕季ちとせ、月乃ルナ、楪カレン、椿りか、辻井ほのか、蜜美杏、永井マリア、工藤ララ、君島みお,https://www.javbus.com/RBB-322,
PBD-503 新2024年PREMIUMの爆売れ人気作25タイトル！超長尺1440分スペシャル！盛り沢山のディスク6枚組！超豪華な特大ボリュームBEST,PBD-503 新2024年PREMIUMの爆売れ人気作25タイトル！超長尺1440分スペシャル！盛り沢山のディスク6枚組！超豪華な特大ボリュームBEST,PBD-503,,2025-10-16,1442分鐘,,プレミアム,PREMIUM BEST,,蕩婦、苗條、姐姐、中出、高畫質、16時間以上作品、DMM獨家,楪カレン、山岸逢花、白峰ミウ、JULIA、春陽モカ、AIKA、森日向子、花沢ひまり、北岡果林、星宮一花,https://www.javbus.com/PBD-503,
CJOB-190 キレカワお姉さんにれろれろ、ねっとり、とろとろ極濃ベロキスされながら何度も射精されまくったボクBEST,CJOB-190 キレカワお姉さんにれろれろ、ねっとり、とろとろ極濃ベロキスされながら何度も射精されまくったボクBEST,CJOB-190,,2025-09-18,240分鐘,,痴女ヘブン,痴女ヘブンBEST,,蕩婦、姐姐、中出、4小時以上作品、高畫質、キス・接吻、DMM獨家、打手槍,逢沢みゆ、北岡果林、森日向子、松本いちか、さつき芽衣、初川みなみ、百永さりな、川上ゆう（森野雫）、百瀬あすか、倉本すみれ、JULIA、佐山愛、推川ゆうり,https://www.javbus.com/CJOB-190,
BOMNVD-021 【令和版】四つん這いの垂れ下がった爆乳を下から揉み舐め吸う,BOMNVD-021 【令和版】四つん這いの垂れ下がった爆乳を下から揉み舐め吸う,BOMNVD-021,,2025-08-31,399分鐘,,ABC/妄想族,BoinBB/ABC,巨乳スペシャル,其他戀物癖、合集、戀乳癖、4小時以上作品、超乳、DMM專屬、巨乳、妄想族、DMM獨家,羽月乃蒼、綾瀬こころ、武田怜香、西村ニーナ、青山菜々、霧島さくら、佐倉あゆ、櫻井夕樹、松すみれ、西野花梨（小柳まりん、椎名くるみ）、及川はるな、ひなみるか、桜木莉愛（かじか凛）、辻井美穂、鈴村いろは、岸杏南、市來あやか、美波瀬奈、あきな、仁科百華、かえでみく、三好亜矢、JULIA、有永すずか、平山薫、真中ちひろ、漣ゆめ、弓束ちはや、真鍋紗愛、橘なお（上原海里）、まりん、七草ちとせ、折原ほのか,https://www.javbus.com/BOMNVD-021,
BMW-341 綺麗な顔を精子でドロドロにする ぶっかけ一閃！顔面射精ベスト,BMW-341 綺麗な顔を精子でドロドロにする ぶっかけ一閃！顔面射精ベスト,BMW-341,,2025-08-28,236分鐘,,ワンズファクトリー,WANZ,,口交、合集、花癡、高畫質、顏射、DMM獨家、打手槍,月野江すい、五日市芽依、JULIA、篠田ゆう、松本いちか、椎名心春、柊ゆうき、白浜みなみ、佐野なつ、本田瞳、二葉エマ、宍戸里帆、朝倉ここな、倉本すみれ、北岡果林、さつき芽衣、小花のん、新井リマ、椎名そら、樋口みつは、七瀬アリス、東條なつ、花狩まい、永瀬ゆい、広瀬りおな、月乃ルナ、松本菜奈実,https://www.javbus.com/BMW-341,
CJOB-187 見つめて乳首をカリカリさすさすこねこね！ド痴女の主観乳首責めで何度も射精ブッコぬかれる僕。,CJOB-187 見つめて乳首をカリカリさすさすこねこね！ド痴女の主観乳首責めで何度も射精ブッコぬかれる僕。,CJOB-187,,2025-08-21,240分鐘,,痴女ヘブン,痴女ヘブンBEST,,蕩婦、口交、合集、女上位、4小時以上作品、高畫質、DMM獨家、打手槍,沙月恵奈、JULIA、逢沢みゆ、北岡果林、森日向子、蓮実クレア、加藤ももか、松本いちか、藤森里穂、篠田ゆう、本真ゆり、工藤ララ、夕季ちとせ、佐山愛、月乃ルナ、川上ゆう（森野雫）、さつき芽衣、AIKA、南乃そら、推川ゆうり、吉良りん、阿部栞菜、栄川乃亜,https://www.javbus.com/CJOB-187,
RBB-316 刺激強すぎてもうダメぇぇッ！ハイパーバイブレーション絶頂玩具責めBEST470分,RBB-316 刺激強すぎてもうダメぇぇッ！ハイパーバイブレーション絶頂玩具責めBEST470分,RBB-316,,2025-08-07,473分鐘,,ROOKIE,ROOKIE,ROOKIEベスト,玩具、潮吹、合集、4小時以上作品、女優按摩棒、高畫質、DMM獨家、跳蛋,つぼみ、中山ふみか、八乃つばさ、天川そら、青空優、東條なつ、森玲奈、藤森里穂、羽生みずき、世良あさか、神菜美まい、宮名遥、藤井いよな、綾瀬こころ、二葉エマ、白葉りこ、深田えいみ、乙アリス、三舩みすず、樋口みつは、葵いぶき、有栖花あか、朝日りん、優里なお、楓カレン、梓ヒカリ、水原みその、明日見未来、香乃萌音、栗宮ふたば、天野碧、JULIA、宮下玲奈、横宮七海、さつき芽衣、夕美しおん、望月あられ、松本梨穂、長谷川夕奈、藍芽みずき、辻さくら、月野かすみ、小宵こなん、櫻井まみ、月乃ルナ、三田サクラ、佐久良咲希、石原希望、清宮すず、香水じゅん、日向かえで、古川ほのか、都月るいさ、永瀬ゆい、松本いちか、与田さくら、水卜さくら、広瀬みつき,https://www.javbus.com/RBB-316,
CJOB-184 悶絶するほどシャブり吸引バキューム！射精直前のフェラチオラッシュ！96連発！,CJOB-184 悶絶するほどシャブり吸引バキューム！射精直前のフェラチオラッシュ！96連発！,CJOB-184,,2025-07-18,241分鐘,,痴女ヘブン,痴女ヘブンBEST,,蕩婦、口交、合集、姐姐、美少女、4小時以上作品、高畫質、DMM獨家,北岡果林、都月るいさ、美咲かんな、AIKA、南乃そら、百永さりな、本真ゆり、JULIA、森沢かな（飯岡かなこ）、北野未奈、渚みつき、久留木玲、初川みなみ、月乃ルナ、辻井ほのか、佐伯由美香、加藤ももか、藤森里穂、妃ひかり、羽生アリサ、東條なつ、蓮実クレア、篠田ゆう、七瀬ひな、水川スミレ、吉良りん、深田えいみ、美谷朱里、さつき芽衣、奏音かのん、REMI、森日向子、松本いちか、倉本すみれ、新村あかり、有村のぞみ,https://www.javbus.com/CJOB-184,
BOMNVD-019 最大Kカップのクソデカおっぱいを徹底的に揉みつくすBEST 85名170個の爆乳勢揃い！！,BOMNVD-019 最大Kカップのクソデカおっぱいを徹底的に揉みつくすBEST 85名170個の爆乳勢揃い！！,BOMNVD-019,,2025-07-18,454分鐘,,ABC/妄想族,BoinBB/ABC,,合集、戀乳癖、美少女、4小時以上作品、超乳、巨乳、妄想族、DMM獨家,羽月乃蒼、望月乃々、西村ニーナ、夕季ちとせ、吉野麻衣子、菅野みいな、希本なつ美、水樹まいか、華原美奈子、加藤あずみ、青葉ゆな、永瀬里美、北川瞳、及川はるな、高沢沙耶、小出遥、木咲美琴、西井優香、星山里穂、望月マリア、JULIA、春日もな、荒木りな、ももい理乃、辻井美穂、愛内ゆう、あきな、山田マリコ、葉山志穂、仁科百華、倉谷果歩、桜木莉愛（かじか凛）、一ノ瀬ルカ、美月優芽、柚ノ木りん、原千草、弓束ちはや、桜瀬ありな、夢野怜子、小衣くるみ、綾瀬れん、小泉麻由、桃華マリエ、鈴村いろは、美月しのぶ,https://www.javbus.com/BOMNVD-019,
CJOB-185 完全上位の顔面騎乗！勝手にまたがりイキまくるド痴女でシコりたいボク,CJOB-185 完全上位の顔面騎乗！勝手にまたがりイキまくるド痴女でシコりたいボク,CJOB-185,,2025-07-18,241分鐘,,痴女ヘブン,痴女ヘブンBEST,,蕩婦、合集、屁股、4小時以上作品、高畫質、顏面騎乘、巨尻、DMM獨家,花沢ひまり、弥生みづき、乙アリス、蓮実クレア、藤森里穂、森日向子、若月みいな、倉本すみれ、永井マリア、桐嶋りの、香椎りあ、あおいれな、北野未奈、JULIA、佐山愛、宝田もなみ、篠田ゆう、春菜はな、香坂紗梨、松本いちか、夕季ちとせ、月乃ルナ、倉多まお、黒川すみれ、美波もも、吉良りん、凪沙ゆきの、推川ゆうり、都月るいさ,https://www.javbus.com/CJOB-185,
RBB-313 SSR級女優の豪快プッシャー潮吹き 吹けば吹くほど気持ちイイ快楽イキ潮！480分スペシャルBEST,RBB-313 SSR級女優の豪快プッシャー潮吹き 吹けば吹くほど気持ちイイ快楽イキ潮！480分スペシャルBEST,RBB-313,,2025-07-04,481分鐘,,ROOKIE,ROOKIE,,潮吹、合集、4小時以上作品、高畫質、M女、DMM獨家、顏射,小花のん、川北メイサ、鈴木さとみ、有栖るる、松本菜奈実、神宮寺ナオ、神菜美まい、水原乃亜、黒木美沙、星川まい、松本いちか、新井エリー（晶エリー、大沢佑香）、小野六花、七沢みあ、児玉れな、桜もこ、坂道みる、水卜さくら、清宮すず、相沢みなみ、北野未奈、岬野まなつ、月野かすみ、稲森美憂、うんぱい、JULIA、根尾あかり、佐野なつ、水原みその、風間リナ、楓カレン、八木奈々、畑めい、白石みくり、桃園怜奈、天音ゆい、潮美舞、岬さくら,https://www.javbus.com/RBB-313,
CJOB-183 ドスケベ美女たちの杭打ち騎乗位ピストン！濃厚123発中出し搾られたボクBEST！,CJOB-183 ドスケベ美女たちの杭打ち騎乗位ピストン！濃厚123発中出し搾られたボクBEST！,CJOB-183,,2025-06-20,481分鐘,,痴女ヘブン,痴女ヘブンBEST,,蕩婦、合集、屁股、中出、女上位、4小時以上作品、高畫質、DMM獨家,松本いちか、JULIA、森日向子、倉本すみれ、本真ゆり、百永さりな、篠田ゆう、堀内未果子、八乃つばさ、花沢ひまり、黒川すみれ、弥生みづき、森沢かな（飯岡かなこ）、乙アリス、宝田もなみ、飛鳥りいな、若宮はずき、冨安れおな、初川みなみ、ERINA、北野未奈、川上ゆう（森野雫）、百瀬あすか、向井藍、吉根ゆりあ、真木今日子、蓮実クレア、水川スミレ、深田えいみ、君島みお、工藤ララ、月乃ルナ、さつき芽衣、南乃そら、佐山愛、瀬名ひかり、推川ゆうり,https://www.javbus.com/CJOB-183,
CJOB-182 おっぱいしゃぶっておちんちんきもちいい！授乳手コキBEST,CJOB-182 おっぱいしゃぶっておちんちんきもちいい！授乳手コキBEST,CJOB-182,,2025-06-20,241分鐘,,痴女ヘブン,痴女ヘブンBEST,,蕩婦、合集、姐姐、4小時以上作品、高畫質、巨乳、DMM獨家、打手槍,吉根ゆりあ、姫咲はな、推川ゆうり、宝田もなみ、若月みいな、佐知子、稲場るか、神坂朋子、夕季ちとせ、春菜はな、凪沙ゆきの、妃ひかり、辻井ほのか、JULIA、真木今日子、AIKA、椿りか、藤森里穂、佐山愛、有岡みう、美波もも,https://www.javbus.com/CJOB-182,
PBD-496 無理やり迫られダメダメ言いつつも…教え子の若い性欲に負けて禁断の絶頂に溺れてしまった女教師たち。,PBD-496 無理やり迫られダメダメ言いつつも…教え子の若い性欲に負けて禁断の絶頂に溺れてしまった女教師たち。,PBD-496,,2025-06-13,481分鐘,,プレミアム,PREMIUM BEST,,苗條、女教師、姐姐、多P、中出、4小時以上作品、高畫質、DMM獨家,山岸逢花、楪カレン、篠田ゆう、櫻井まみ、藤森里穂、北乃ゆな、波多野結衣、JULIA、三咲美憂,https://www.javbus.com/PBD-496,
BMW-332 大迫力デカパイの超圧迫パイテクで発射！ダイナミック爆乳痴女のパイズリ挟射BEST,BMW-332 大迫力デカパイの超圧迫パイテクで発射！ダイナミック爆乳痴女のパイズリ挟射BEST,BMW-332,,2025-05-02,233分鐘,,ワンズファクトリー,WANZ,,蕩婦、乳交、戀乳癖、美少女、高畫質、巨乳、DMM獨家,吉根ゆりあ、小花のん、日下部加奈、佐山愛、夕季ちとせ、天月あず、星明日菜、鳳カレン、椿りか、有村のぞみ、瀬那ルミナ、有栖かなう、沙月恵奈、玉城夏帆、JULIA、柏木こなつ、美園和花,https://www.javbus.com/BMW-332,
OOMNVD-009 息子の愚息に蜜壺を湿らす母親が手コキ×フェラ×パイズリで精液を搾り出す400分 82名のお母さんがイカせてあげるBEST,OOMNVD-009 息子の愚息に蜜壺を湿らす母親が手コキ×フェラ×パイズリで精液を搾り出す400分 82名のお母さんがイカせてあげるBEST,OOMNVD-009,,2025-05-01,399分鐘,,ABC/妄想族,お母さん.com（ABC/妄想族）,,成熟的女人、口交、乳交、合集、4小時以上作品、DMM專屬、妄想族、DMM獨家、打手槍,艶堂しほり（遠藤しおり）、鈴木真夕、波多野結衣、青木玲、桐岡さつき、工藤美紗、水城奈緒、ERIKA（モカ、MOKA）、黒木麻衣（花野真衣、SHIHO）、JULIA、羽月希、橘優花、井上綾子、佐々木あき、北川エリカ、篠田あゆみ、霧島さくら、堀内秋美、五十嵐潤、三浦恵理子、風間ゆみ、香山美桜、三原ほのか、千乃あずみ、通野未帆、阿部乃みく、長瀬涼子、篠田ゆう、紺野まこ、松嶋友里恵、川上ゆう（森野雫）、初美沙希、中園貴代美、結城みさ、高梨あゆみ、甲斐ミハル、水野朝陽、武藤あやか、神ユキ、一条綺美香、千紘真奈美、矢部寿恵、清城ゆき、安野由美、北嶋あん,https://www.javbus.com/OOMNVD-009,
BOMNVD-018 シン決定版 令和のオッパイは舐め吸うタメだけに存在する 巨乳倫・黒乳首・デカ乳首・ぷっくり乳輪 etc.が勢揃い！,BOMNVD-018 シン決定版 令和のオッパイは舐め吸うタメだけに存在する 巨乳倫・黒乳首・デカ乳首・ぷっくり乳輪 etc.が勢揃い！,BOMNVD-018,,2025-05-01,399分鐘,,ABC/妄想族,BoinBB/ABC,,其他戀物癖、合集、戀乳癖、美少女、4小時以上作品、DMM專屬、巨乳、妄想族、DMM獨家,JULIA、北川瞳、高島恭子、青空小夏、黒沢せりな、愛内ゆう、栗崎紗理奈、大沢かえで、新田まなみ、高沢沙耶、漣ゆめ、平山薫、櫻井夕樹、森永ひよこ、響まゆ、相奈さゆき、柏木みあ、星山里穂、松すみれ、葉山志穂、鮎川まどか、倉谷果歩、かえでみく、立花結衣、小出遥、西井優香、大月まゆか、森野いずみ、あきな、仁科百華,https://www.javbus.com/BOMNVD-018,
CJOB-178 バキュームギュイン！にゅる舌じゅぽん！一番シコれる射精直前の凄テクフェラチオラッシュ50連発ベスト,CJOB-178 バキュームギュイン！にゅる舌じゅぽん！一番シコれる射精直前の凄テクフェラチオラッシュ50連発ベスト,CJOB-178,,2025-04-18,241分鐘,,痴女ヘブン,痴女ヘブンBEST,,蕩婦、口交、合集、姐姐、制服、4小時以上作品、高畫質、DMM獨家,松本いちか、北野未奈、真木今日子、JULIA、松本菜奈実、辻井ほのか、波多野結衣、七瀬ひな、久留木玲、南乃そら、夕季ちとせ、深田えいみ、蓮実クレア、推川ゆうり、吉根ゆりあ、AIKA、初川みなみ、さつき芽衣、奏音かのん、百永さりな、佐伯由美香、篠田ゆう、美谷朱里、月乃ルナ、有坂深雪、本真ゆり,https://www.javbus.com/CJOB-178,
PBD-492 オーガズム重なる瞬間の最高に気持ち良い射精と受精。同時イキ正常位中出し94連射BEST,PBD-492 オーガズム重なる瞬間の最高に気持ち良い射精と受精。同時イキ正常位中出し94連射BEST,PBD-492,,2025-04-11,481分鐘,,プレミアム,PREMIUM BEST,,苗條、合集、姐姐、中出、4小時以上作品、高畫質、巨乳、DMM獨家,山岸逢花、楪カレン、希島あいり、竹内有紀、吉良りん、波多野結衣、JULIA、深田えいみ、初川みなみ、辻井ほのか、花音うらら、星仲ここみ、北乃ゆな、めぐり（藤浦めぐ）、君島みお、有坂深雪、黒川すみれ、霧島レオナ、篠田ゆう、渚みつき、櫻井まみ、三咲美憂、結城りの、藤森里穂,https://www.javbus.com/PBD-492,
MIZD-449 MOODYZ輪●100連発12時間ベスト 総勢300人overの男たちに囲まれ犯●れ続ける美少女たち。,MIZD-449 MOODYZ輪●100連発12時間ベスト 総勢300人overの男たちに囲まれ犯●れ続ける美少女たち。,MIZD-449,,2025-04-11,721分鐘,,ムーディーズ,MOODYZ Best,,多P、美少女、深喉、中出、4小時以上作品、高畫質、顏射、DMM獨家,七沢みあ、宮下玲奈、葵いぶき、新ありな、八木奈々、水卜さくら、神宮寺ナオ、石原希望、向井藍、佐野なつ、堀内未果子、二宮ひかり、吹石れな、八乃つばさ、明日見未来、黒川すみれ、椎名そら、白坂有以、あべみかこ、水野朝陽、深田えいみ、夢見るぅ、高杉麻里、咲々原リン、奏音かのん、五十嵐清華、有坂深雪、中山ふみか、蜜美杏、大浦真奈美、日下部加奈、双葉くるみ、倉本すみれ、枢木あおい、宝田もなみ、乙アリス、つぼみ、九重かんな、永瀬ゆい、由愛可奈、琴音華、秋山祥子、咲乃小春、君島みお、花芽ありす、愛須心亜、七宮ゆりあ、西田カリナ、根尾あかり、望月あやか、初川みなみ、志田雪奈、東條なつ、跡美しゅり、高橋しょう子、JULIA、渚みつき、藍芽みずき、めぐり（藤浦めぐ）、さとう愛理、広瀬みつき、麻里梨夏、栄川乃亜、日泉舞香,https://www.javbus.com/MIZD-449,
RBB-307 着せて着せ替えて！俺好みに染めるコスプレがエッチなんだ！興奮するんだ！8時間BEST,RBB-307 着せて着せ替えて！俺好みに染めるコスプレがエッチなんだ！興奮するんだ！8時間BEST,RBB-307,,2025-04-04,481分鐘,,ROOKIE,ROOKIE,ROOKIEベスト,角色扮演、各種職業、4小時以上作品、高畫質、アクメ・オーガズム、M女、DMM獨家,有栖舞衣、麻倉憂、宝生リリー、姫咲はな、逢咲ゆあ、るるちゃ。、RION、JULIA、Hitomi（田中瞳）、AIKA、桐谷まつり、日泉舞香、美谷朱里、一星キメラ、河南実里、高咲まりな、日下部加奈、桃園怜奈、石川澪、石川祐奈、水卜さくら、松本菜奈実、初川みなみ、宍戸里帆、志木まいな、山岸逢花、三苫うみ、黒川すみれ、永井マリア,https://www.javbus.com/RBB-307,
CJOB-176 「デカパイ眺めてシコりたい！」乳首ビンビンでブルンブルン巨乳揺れる卑猥アングルBEST 100コーナー,CJOB-176 「デカパイ眺めてシコりたい！」乳首ビンビンでブルンブルン巨乳揺れる卑猥アングルBEST 100コーナー,CJOB-176,,2025-03-21,481分鐘,,痴女ヘブン,痴女ヘブンBEST,,乳交、合集、戀乳癖、4小時以上作品、高畫質、超乳、巨乳、DMM獨家,JULIA、夕季ちとせ、吉根ゆりあ、西村ニーナ、祈里きすみ、芹沢ゆず、春菜はな、佐知子、美波もも、推川ゆうり、宝田もなみ、佐山愛、塚田詩織、真木今日子、北野未奈、辻井ほのか、めぐり（藤浦めぐ）、妃ひかり、本真ゆり、初愛ねんね、松本菜奈実、姫咲はな、凪沙ゆきの、瀬名ひかり、羽生アリサ、神坂朋子、若月みいな、稲場るか、有岡みう、君島みお、永井マリア,https://www.javbus.com/CJOB-176,
CJOB-177 アナル丸見え！デカ尻杭打ち100本番BEST,CJOB-177 アナル丸見え！デカ尻杭打ち100本番BEST,CJOB-177,,2025-03-21,481分鐘,,痴女ヘブン,痴女ヘブンBEST,,蕩婦、中出、女上位、4小時以上作品、高畫質、巨尻、DMM獨家、肛交,乙アリス、弥生みづき、松本いちか、倉本すみれ、若宮はずき、篠田ゆう、大槻ひびき、REMI、宝田もなみ、推川ゆうり、初川みなみ、北野未奈、八乃つばさ、飛鳥りいな、倉多まお、夕季ちとせ、逢見リカ、浜崎真緒、渚みつき、久留木玲、本真ゆり、AIKA、奏音かのん、藤森里穂、真木今日子、吉良りん、南乃そら、月乃ルナ、JULIA、森日向子、花沢ひまり、水川スミレ、枢木あおい、羽生アリサ、佐山愛、美波もも、百瀬あすか、市来まひろ、姫咲はな、堀内未果子、椎名そら、美谷朱里、君島みお、深田えいみ、蓮実クレア、川上ゆう（森野雫）、あおいれな、若月みいな、百永さりな,https://www.javbus.com/CJOB-177,
PPBD-304 巨乳美女達がビックンビックン仰け反り大絶頂！チクビをこねくりマワされゾーンに入った女体BEST,PPBD-304 巨乳美女達がビックンビックン仰け反り大絶頂！チクビをこねくりマワされゾーンに入った女体BEST,PPBD-304,,2025-03-14,481分鐘,,OPPAI,OPPAI,,潮吹、合集、戀乳癖、4小時以上作品、高畫質、巨乳、アクメ・オーガズム、DMM獨家,Hitomi（田中瞳）、JULIA、あいだ飛鳥、さつき芽衣、深田えいみ、椿りか、松本菜奈実、凪沙ゆきの、波多野結衣、舞奈みく、堀内未果子、長瀬麻美、有沢実紗、倉多まお、川村晴、千早菜奈、赤瀬尚子、天晴乃愛、綾瀬ことは、赤目レイラン、目黒めぐみ、有栖いおり、楪さき、高橋りほ、佐知子、佐藤りこ、咲々原リン、初愛ねんね、小梅えな、小美川まゆ、芹奈りく、香坂紗梨、神坂朋子、桐谷まつり、辻井ほのか、高岡美鈴、一ノ瀬菫、稲場るか、羽生みずき、永田莉雨、希咲アリス、吉根ゆりあ、櫻茉日,https://www.javbus.com/PPBD-304,
RBB-305 ふわとろ巨乳をダイレクトに感じる！ ぶっ飛ぶ乳圧パイズリパラダイス8時間,RBB-305 ふわとろ巨乳をダイレクトに感じる！ ぶっ飛ぶ乳圧パイズリパラダイス8時間,RBB-305,,2025-03-07,481分鐘,,ROOKIE,ROOKIE,ROOKIEベスト,乳交、合集、戀乳癖、乳房、4小時以上作品、高畫質、巨乳、DMM獨家,君島みお、水卜さくら、安齋らら、楪カレン、有岡みう、辻井ほのか、宮西ひかる、伊藤舞雪、篠田ゆう、初愛ねんね、吉根ゆりあ、藤森里穂、中野七緒、水原みその、小花のん、梓ヒカリ、桃園怜奈、谷あづさ、松本菜奈実、穂花あいり、桃乃木かな、神坂朋子、天音まひな、小梅えな、有栖花あか、奥田咲、安位カヲル、綾瀬こころ、JULIA、桐谷まつり、姫咲はな、月見伊織、野咲美桜、美波もも、夕季ちとせ、小宵こなん、田中ねね、さつき芽衣、凪沙ゆきの、中山ふみか、宍戸里帆、鷲尾めい,https://www.javbus.com/RBB-305,
CJOB-174 乳首こねくり騎乗位で中出しブッコヌかれたボク,CJOB-174 乳首こねくり騎乗位で中出しブッコヌかれたボク,CJOB-174,,2025-02-21,241分鐘,,痴女ヘブン,痴女ヘブンBEST,,蕩婦、合集、淫語、中出、女上位、4小時以上作品、高畫質、DMM獨家,沙月恵奈、JULIA、佐山愛、藤森里穂、森沢かな（飯岡かなこ）、松本いちか、川上ゆう（森野雫）、乙アリス、月乃ルナ、推川ゆうり、黒川すみれ、篠田ゆう、蓮実クレア、南乃そら,https://www.javbus.com/CJOB-174,
REBD-916 REbecca STARS12-The fetchings-,REBD-916 REbecca STARS12-The fetchings-,REBD-916,,2025-02-20,185分鐘,MAX★,REbecca,REbecca,REbecca STARS,介紹影片、性感的、高畫質,松本いちか、小野六花、羽咲みはる、JULIA、河合あすな、宮下玲奈、涼森れむ、楪カレン、神木麗、石川澪、桜空もも、椎名ゆな,https://www.javbus.com/REBD-916,
PPBD-303 射精直前から一緒に高まるシンクロ同時イキ！正常位中出し105連発BEST,PPBD-303 射精直前から一緒に高まるシンクロ同時イキ！正常位中出し105連発BEST,PPBD-303,,2025-02-14,472分鐘,,OPPAI,OPPAI,,合集、戀乳癖、中出、4小時以上作品、高畫質、巨乳、アクメ・オーガズム、DMM獨家,楪カレン、Hitomi（田中瞳）、JULIA、さつき芽衣、宮名遥、桐谷まつり、九十九メイ、結城りの、月野かすみ、吉岡ひより、希咲アリス、夏希まろん、新村あかり、乙アリス、横宮七海、川北メイサ、春菜はな、朝倉ここな、小花のん、真木今日子、水川スミレ、浜崎真緒、水原みその、飛鳥りいな、神坂朋子、新井リマ、吉根ゆりあ、佐知子、松本菜奈実、小梅えな、中野七緒、乃木蛍、夕美しおん、月見伊織、田中ねね、天月あず、椿りか、辻井ほのか、辻さくら、朝日奈かれん、朝田ひまり、百永さりな、美園和花、永井マリア、蘭華、綾瀬こころ、逢見リカ、小美川まゆ、東あかり、桃瀬くるみ、野咲美桜、花沢ひまり、麻倉ゆあ、北野未奈、望月あやか、穂花あいり、高橋りほ、冨安れおな、姫咲はな、瀬田一花、妃ひかり、羽月乃蒼、凪沙ゆきの、藤森里穂、羽生みずき,https://www.javbus.com/PPBD-303,
PPBD-302 柔ふわモッチリ爆乳に跨り挟み込み超快感ホールド馬乗りパイズリ挟射BEST,PPBD-302 柔ふわモッチリ爆乳に跨り挟み込み超快感ホールド馬乗りパイズリ挟射BEST,PPBD-302,,2025-02-14,241分鐘,,OPPAI,OPPAI,,乳交、戀乳癖、4小時以上作品、高畫質、顏射、巨乳、DMM獨家,吉根ゆりあ、佐山愛、JULIA、椿りか、川村晴、千歳りあ、桐谷まつり、春菜はな、倉多まお、成海さやか、笹倉杏、浅田結梨、Hitomi（田中瞳）、藤咲エレン,https://www.javbus.com/PPBD-302,
PBD-488 絶頂開発ポルチオ激突き立ちバック57本番,PBD-488 絶頂開発ポルチオ激突き立ちバック57本番,PBD-488,,2025-02-14,206分鐘,,プレミアム,PREMIUM BEST,,合集、屁股、花癡、中出、高畫質、バック、DMM獨家,楪カレン、山岸逢花、白峰ミウ、伊藤舞雪、JULIA、長谷川夕奈、尾崎えりか、弥生みづき、篠田ゆう、AIKA、森沢かな（飯岡かなこ）、辻井ほのか、七原さゆ、妃ひかり、藤森里穂、竹内有紀、西野絵美、湊すみれ、ひなたまりん,https://www.javbus.com/PBD-488,
BMW-326 性交中も、何度イキ果てても、死ぬほどビンカンな乳首をず～っとこねくりっ放しBEST,BMW-326 性交中も、何度イキ果てても、死ぬほどビンカンな乳首をず～っとこねくりっ放しBEST,BMW-326,,2025-01-31,241分鐘,,ワンズファクトリー,WANZ,,合集、羞恥、4小時以上作品、高畫質、巨乳、アクメ・オーガズム、DMM獨家、貧乳・微乳,JULIA、桐谷まつり、莉々はるか、小花のん、松本いちか、佐知子、樋口みつは、麻倉憂、有坂深雪、枢木みかん、椎名そら、朝日奈かれん、柊ゆうき、有栖かなう、櫻井まみ、つぼみ、森沢かな（飯岡かなこ）、松岡美桜、星乃マミ,https://www.javbus.com/BMW-326,
HNDB-256 2023年【本中】上半期傑作選！全56作品83射精8時間！！2023年2月～2023年7月,HNDB-256 2023年【本中】上半期傑作選！全56作品83射精8時間！！2023年2月～2023年7月,HNDB-256,,2025-01-24,474分鐘,,本中,本中,本中半期傑作集！,合集、美少女、中出、4小時以上作品、高畫質、アクメ・オーガズム、DMM獨家,松本いちか、堂元ふわり、綾瀬こころ、美谷朱里、沢北みなみ、伊織ひなの、藤森里穂、有栖舞衣、森日向子、末広純、日下部加奈、ちゃんよた、市井結夏、森沢かな（飯岡かなこ）、都月るいさ、美園和花、胡桃さくら、東條なつ、沙月恵奈、北野未奈、工藤ララ、二宮もも、JULIA、新井リマ、桜もこ、花狩まい、弥生みづき、八神カレン、月乃ルナ、ゆめ莉りか、黒川すみれ、倉本すみれ、前田美波、五日市芽依、柏木こなつ、橘メアリー、愛瀬ゆうり、小花のん,https://www.javbus.com/HNDB-256,
BMW-324 ビーチクとチ〇ポのW快感に大量射精！乳首こねくりスパイダー騎乗位BEST Vol.2,BMW-324 ビーチクとチ〇ポのW快感に大量射精！乳首こねくりスパイダー騎乗位BEST Vol.2,BMW-324,,2025-01-03,241分鐘,,ワンズファクトリー,WANZ,ビーチクとチ○ポのW快感に大量射精！乳首こねくりスパイダー騎乗位BEST,蕩婦、花癡、美少女、中出、女上位、4小時以上作品、高畫質、DMM獨家,松本いちか、佐野ゆま、佐山愛、弥生みづき、小梅えな、由愛可奈、松本菜奈実、稲場るか、水原みその、佐伯由美香、藤森里穂、蘭華、篠田ゆう、堀内未果子、佐野なつ、田中ねね、末広純、枢木あおい、朝倉ここな、美園和花、AIKA、永瀬ゆい、初川みなみ、君島みお、辻井ほのか、JULIA、日下部加奈、五日市芽依、長谷川夕奈、玉城夏帆、新村あかり、つぼみ、浜崎真緒、百永さりな、さつき芽衣,https://www.javbus.com/BMW-324,
PBD-482 捕食したオトコは離さない！チ〇ポ締め付けながらキス＆乳首責め！スパイダー騎乗位66連発,PBD-482 捕食したオトコは離さない！チ〇ポ締め付けながらキス＆乳首責め！スパイダー騎乗位66連発,PBD-482,,2024-12-13,430分鐘,,プレミアム,PREMIUM BEST,,蕩婦、合集、姐姐、女上位、高畫質、キス・接吻、DMM獨家,山岸逢花、楪カレン、流川莉央、蓮実クレア、長谷川夕奈、藤森里穂、月乃ルナ、JULIA、乙アリス、希島あいり、櫻井まみ、深田えいみ、白峰ミウ、香椎花乃、竹内有紀,https://www.javbus.com/PBD-482,
RBB-298 精子滴るイイ女！可愛い顔めがけてドピュドピュ大量顔射BEST8時間,RBB-298 精子滴るイイ女！可愛い顔めがけてドピュドピュ大量顔射BEST8時間,RBB-298,,2024-12-06,480分鐘,,ROOKIE,ROOKIE,ROOKIEベスト,口交、合集、美少女、高畫質、顏射、キス・接吻、DMM獨家,根尾あかり、石原希望、神宮寺ナオ、工藤ララ、樋口みつは、つぼみ、深田えいみ、世良あさか、松本梨穂、石川澪、雫、友咲まりか、松本いちか、桜空もも、天音まひな、加賀美まり、森日向子、東條なつ、ティア、西宮ゆめ、明里つむぎ、佐伯由美香、小倉七海、楪カレン、橋本ありな、吉高寧々、河北彩花、流川莉央、星乃さくら、松本菜奈実、渚みつき、久留木玲、夕季ちとせ、永瀬ゆい、児玉あむ、明日葉優、朝比奈ななせ、桃園怜奈、音海里奈、蓮見天、JULIA、日菜々はのん,https://www.javbus.com/RBB-298,
BMW-321 唾液ダラダラ淫らな接吻と心地良いハンドテクのW快感 ベロキス種搾り手コキBEST,BMW-321 唾液ダラダラ淫らな接吻と心地良いハンドテクのW快感 ベロキス種搾り手コキBEST,BMW-321,,2024-11-29,240分鐘,,ワンズファクトリー,WANZ,,蕩婦、合集、姐姐、高畫質、キス・接吻、DMM獨家、打手槍,北野未奈、佐山愛、末広純、森沢かな（飯岡かなこ）、つぼみ、花沢ひまり、藤森里穂、松本いちか、永瀬ゆい、JULIA、沙月恵奈、長谷川夕奈、佐野ゆま、日下部加奈、辻井ほのか、君島みお、さつき芽衣、水川スミレ、森日向子、倉本すみれ、寺田ここの、皇ゆず、花狩まい、朝比奈ななせ、新村あかり、月乃ルナ、深田えいみ、新井リマ,https://www.javbus.com/BMW-321,
PBD-479 死ぬほど大嫌いな男の望まない中出しSEXで最低精子に50連発over孕まされた美女たち。,PBD-479 死ぬほど大嫌いな男の望まない中出しSEXで最低精子に50連発over孕まされた美女たち。,PBD-479,,2024-11-15,480分鐘,,プレミアム,PREMIUM BEST,,姐姐、多P、中出、高畫質、出軌、DMM獨家,楪カレン、山岸逢花、白峰ミウ、竹内有紀、月乃ルナ、松本梨穂、藤森里穂、JULIA、ひなたまりん、長谷川夕奈,https://www.javbus.com/PBD-479,
PBD-480 何度イっても止めない追撃にブッ壊れる。膣奥ズドズド突き上げピストン45本番,PBD-480 何度イっても止めない追撃にブッ壊れる。膣奥ズドズド突き上げピストン45本番,PBD-480,,2024-11-15,220分鐘,,プレミアム,PREMIUM BEST,,合集、花癡、姐姐、中出、高畫質、アクメ・オーガズム、DMM獨家,山岸逢花、楪カレン、白峰ミウ、伊藤舞雪、尾崎えりか、月乃ルナ、AIKA、広瀬ゆり、佐野ゆま、西野絵美、松本いちか、流川莉央、櫻井まみ、都月るいさ、JULIA、竹内有紀、希島あいり、篠田ゆう、長谷川夕奈、ひなたまりん,https://www.javbus.com/PBD-480,
BMW-320 柔らかい舌をネットリ絡ませながらハメまくるベロキス中出しセックスBEST 49中出し4時間,BMW-320 柔らかい舌をネットリ絡ませながらハメまくるベロキス中出しセックスBEST 49中出し4時間,BMW-320,,2024-11-01,230分鐘,,ワンズファクトリー,WANZ,,合集、中出、高畫質、キス・接吻、DMM獨家,山岸逢花、篠田ゆう、佐山愛、JULIA、瀬田一花、堀内未果子、さつき芽衣、白川ゆず、小泉ひなた、結城りの、皇ゆず、寺田ここの、アンナ、朝田ひまり、吉根ゆりあ、星宮ゆのん、小梅えな、里美ゆりあ、仲村みう、藤森里穂、天川そら、田中ねね、つぼみ、鈴木心春、神谷充希、夏希まろん、辻井ほのか、君島みお、本真ゆり、月乃ルナ、篠崎かんな、百永さりな、柊るい、月野かすみ,https://www.javbus.com/BMW-320,
RBB-294 秘密さわさわ（チカン）決定版8時間BEST 狙われたら終わり！この手からは逃れられない！,RBB-294 秘密さわさわ（チカン）決定版8時間BEST 狙われたら終わり！この手からは逃れられない！,RBB-294,,2024-10-04,480分鐘,,ROOKIE,ROOKIE,ROOKIEベスト,合集、花癡、惡作劇、羞恥、高畫質、M女、DMM獨家,鈴木心春、有坂深雪、明里つむぎ、夢乃あいか、妃月るい、相沢夏帆、大島優香、竹内有紀、椎名そら、辻本杏、天海つばさ、天使もえ、奥田咲、架乃ゆら、あやみ旬果、益坂美亜、葵つかさ、夏川あかり、JULIA、つぼみ、安西ひかり、伊藤舞雪、一色桃子、羽咲みはる、永井みひな、二宮ひかり、雛鶴みお、七沢みあ、星野ナミ、松田美子、星奈あい、松本菜奈実、真白ここ、神宮寺ナオ、水戸かな、水卜さくら、山岸逢花、結城のの、美谷朱里、宝田もなみ、岬あずさ、桃乃木かな、松本いちか、希島あいり、吉高寧々、橋本ありな、君島みお、篠田ゆう,https://www.javbus.com/RBB-294,
BMW-317 輪●大量中出しBEST 精子ブリュブリュ逆流するまで何度も種付け！イってもザーメン求め続ける淫乱マ〇コに怒涛の射精220発！,BMW-317 輪●大量中出しBEST 精子ブリュブリュ逆流するまで何度も種付け！イってもザーメン求め続ける淫乱マ〇コに怒涛の射精220発！,BMW-317,,2024-09-27,230分鐘,,ワンズファクトリー,WANZ,,合集、花癡、多P、中出、高畫質、アクメ・オーガズム、DMM獨家,佐山愛、JULIA、松本いちか、姫咲はな、由愛可奈、朝比奈ななせ、夕季ちとせ、花柳杏奈、佐知子、桐谷まつり、松本菜奈実、藤森里穂、深田えいみ、櫻井まみ、倉本すみれ、末広純、花狩まい、白川ゆず、つぼみ、水川スミレ,https://www.javbus.com/BMW-317,
CJOB-163 乳首舐め手コキの天才たちに舐め射精させられちゃったボクBEST,CJOB-163 乳首舐め手コキの天才たちに舐め射精させられちゃったボクBEST,CJOB-163,,2024-09-20,240分鐘,,痴女ヘブン,痴女ヘブンBEST,,蕩婦、合集、美少女、高畫質、キス・接吻、DMM獨家、打手槍,JULIA、藤森里穂、乙アリス、松本いちか、ERINA、倉本すみれ、森日向子、通野未帆、月乃ルナ、弥生みづき,https://www.javbus.com/CJOB-163,
PPBD-289 おっきいオッパイにムギュ～！と圧迫されながらシコシコ発射！Hカップ以上爆乳集まれ授乳手コキBEST,PPBD-289 おっきいオッパイにムギュ～！と圧迫されながらシコシコ発射！Hカップ以上爆乳集まれ授乳手コキBEST,PPBD-289,,2024-09-13,240分鐘,,OPPAI,OPPAI,,蕩婦、戀乳癖、姐姐、高畫質、巨乳、DMM獨家、打手槍,楪カレン、田中ねね、JULIA、吉根ゆりあ、Hitomi（田中瞳）、あいだ飛鳥、神坂朋子、希咲アリス、愛宝すず、松本梨穂、宝田もなみ、藤咲エレン、高杉麻里、織田真子、永井マリア、優月まりな、春菜はな、桐谷まつり、芹奈りく,https://www.javbus.com/PPBD-289,
BMW-315 弾けるおっぱい！イキ顔！しなる曲線美ボディ！ 立ちバック痙攣エビ反り100連発！Vol.2,BMW-315 弾けるおっぱい！イキ顔！しなる曲線美ボディ！ 立ちバック痙攣エビ反り100連発！Vol.2,BMW-315,,2024-08-30,240分鐘,,ワンズファクトリー,WANZ,立ちバック痙攣エビ反り100連発！,苗條、花癡、中出、高畫質、巨乳、バック、DMM獨家,佐山愛、森日向子、松本いちか、佐野ゆま、吉根ゆりあ、本田のえる、由愛可奈、篠田ゆう、高山すず、藤森里穂、斎藤まりな、奏音かのん、倉本すみれ、月乃ルナ、東條なつ、七瀬アリス、深田えいみ、樋口みつは、丘えりな、久留木玲、横宮七海、有栖舞衣、つぼみ、結城りの、川上奈々美、本田もも、明日見未来、玉城夏帆、松本菜奈実、花柳杏奈、綾瀬こころ、花狩まい、工藤ララ、響乃うた、有栖かなう、愛宝すず、天川そら、花沢ひまり、黒木逢夢、枢木あおい、水川スミレ、星乃マミ、弥生みづき、JULIA、柏木こなつ、佐伯由美香,https://www.javbus.com/BMW-315,
CJOB-162 「もう射精してるってばぁ～！」状態でも身動きできずにブッコ抜かれたボクBest,CJOB-162 「もう射精してるってばぁ～！」状態でも身動きできずにブッコ抜かれたボクBest,CJOB-162,,2024-08-23,240分鐘,,痴女ヘブン,痴女ヘブンBEST,,蕩婦、合集、多P、女上位、高畫質、DMM獨家、打手槍,JULIA、吉根ゆりあ、本真ゆり、倉本すみれ、AIKA、藤森里穂、新村あかり、夕季ちとせ、真木今日子、竹内有紀、橘メアリー、浜崎真緒,https://www.javbus.com/CJOB-162,
PBD-473 スレンダー美女のウエストがへし折れるほどのエビ反りブリッジ絶頂でイクイク50本番,PBD-473 スレンダー美女のウエストがへし折れるほどのエビ反りブリッジ絶頂でイクイク50本番,PBD-473,,2024-08-16,480分鐘,,プレミアム,PREMIUM BEST,,合集、花癡、中出、女上位、高畫質、アクメ・オーガズム、DMM獨家,山岸逢花、楪カレン、白峰ミウ、竹内有紀、AIKA、伊藤舞雪、月乃ルナ、都月るいさ、櫻井まみ、希島あいり、星奈あい、JULIA、篠田ゆう、広瀬ゆり、西野絵美、与田さくら,https://www.javbus.com/PBD-473,
PPBD-287 大・迫・力！！ぶるんぶるん淫れ暴れる巨乳痴女達が一心不乱にイキ喘ぐロデオファック90連発！,PPBD-287 大・迫・力！！ぶるんぶるん淫れ暴れる巨乳痴女達が一心不乱にイキ喘ぐロデオファック90連発！,PPBD-287,,2024-08-16,480分鐘,,OPPAI,OPPAI,,蕩婦、合集、中出、女上位、高畫質、巨乳、DMM獨家,JULIA、Hitomi（田中瞳）、美園和花、深田えいみ、朝田ひまり、櫻茉日、小花のん、新村あかり、野咲美桜、川村晴、弥生みづき、明日見未来、浜崎真緒、新井エリー（晶エリー、大沢佑香）、辻さくら、朝日奈かれん、真木夏芽、安位薫、美澄しおん、辻井ほのか、蓮実クレア、中野七緒、深沢いのり、月見伊織、蜜美杏、柏木こなつ、田中ねね、松本梨穂、日下部加奈、藤森里穂、五日市芽依、夏希まろん、吉根ゆりあ、本真ゆり、アンナ、百永さりな、朝倉ここな、妃ひかり、松本菜奈実、蘭華、楪カレン、夕美しおん、ERINA、小梅えな、水原みその、叶ユリア、桃瀬くるみ、乙アリス、月野かすみ、綾瀬こころ、壇凛沙、片瀬みさ、君島みお、芹奈りく、真木今日子、春菜はな、椿りか、堀内未果子、宝田もなみ、さつき芽衣、皇ゆず,https://www.javbus.com/PPBD-287,
RBB-290 厳選美女達の腰振りエグいてぇ！チ〇ポ気持ちよすぎだろ！肉厚美尻ピストンを極限まで堪能する騎乗位50連発8時間BEST,RBB-290 厳選美女達の腰振りエグいてぇ！チ〇ポ気持ちよすぎだろ！肉厚美尻ピストンを極限まで堪能する騎乗位50連発8時間BEST,RBB-290,,2024-08-09,480分鐘,,ROOKIE,ROOKIE,ROOKIEベスト,苗條、合集、女上位、高畫質、巨尻、DMM獨家,明日見未来、楓ふうあ、葵つかさ、黒木逢夢、黒川すみれ、Hitomi（田中瞳）、北野未奈、水野朝陽、君島みお、小花のん、水原みその、浜崎真緒、白石茉莉奈、深田えいみ、堀内未果子、枢木あおい、明里つむぎ、楓カレン、山岸逢花、有坂深雪、天川そら、冬愛ことね、朝田ひまり、篠田ゆう、miru、蘭華、相沢みなみ、永瀬愛菜、逢見リカ、相澤ゆりな、つぼみ、流川莉央、蓮実クレア、若宮はずき、美谷朱里、春咲りょう、永井マリア、根尾あかり、神宮寺ナオ、AIKA、竹内有紀、花沢ひまり、結城のの、加藤ももか、藤森里穂、もなみ鈴、二葉エマ、琴音華、冨安れおな、花音うらら、紺野みいな、河北彩花、JULIA,https://www.javbus.com/RBB-290,
MIZD-395 人気同人マンガを完全再現！！MOODYZ実写化8作品BEST,MIZD-395 人気同人マンガを完全再現！！MOODYZ実写化8作品BEST,MIZD-395,,2024-08-02,240分鐘,,ムーディーズ,MOODYZ Best,,中出、高畫質、原作コラボ、巨乳、アクメ・オーガズム、DMM獨家,七沢みあ、春菜はな、椿りか、佐知子、川村晴、篠田ゆう、稲場るか、JULIA,https://www.javbus.com/MIZD-395,
HNDB-248 全部中出し100本番12時間 人気の100タイトルから好評だったコーナーを厳選して収録！！,HNDB-248 全部中出し100本番12時間 人気の100タイトルから好評だったコーナーを厳選して収録！！,HNDB-248,,2024-07-26,720分鐘,,本中,本中,本中BEST,苗條、美少女、中出、高畫質、巨乳、DMM獨家,佐山愛、JULIA、本真ゆり、AIKA、柏木こなつ、結城りの、児玉あむ、久留木玲、織田花純、成実まあり、南乃そら、戸崎いつか、如月ゆの、清水あんな、綾瀬こころ、麻里梨夏、森下ことの、由良かな、牧野みおな、吉根ゆりあ、早田菜々子、天野碧、三舩みすず、葉山美音、大原ひなた、宮藤ゆみな、姫咲はな、彩芽くるみ、広瀬ひな、三尾めぐ、夜空あみ、美波こづえ、姫野らん、水原みその、東條なつ、天神ユリ、美月リナ、綿矢好花、太田咲那、流川莉央、三田サクラ、佐伯由美香、葉月みりあ、CHIYU、弥生みづき、皇ゆず、花詠陽菜、月野かすみ、広瀬みつき、川上奈々美、蜜美杏、美谷朱里、奏美りおん、月乃ルナ、夏希まろん、堀北わん、運メイ、白川みなみ、本田もも、稲森美優、広瀬りおな、初川みなみ、さつき芽衣、水湊楓、北野未奈、本城茜、百瀬あすか、冨安れおな、朝田ひまり、小花のん、南坂あすか、五十嵐美月、橘メアリー、新井リマ、倉本すみれ、蘭華、浜崎みなみ、真白美生、朝倉ここな、あおいれな、森日向子、尾崎えりか、小波さくら、乃木蛍、花狩まい、皆月ひかる、水川スミレ、工藤ララ、松本いちか、沙月恵奈、妃ひかり、双葉くるみ、小宮山奈南、花芽ありす、NATSUKA、黒木逢夢、枢木あおい、桜庭りおな、河北あさひ,https://www.javbus.com/HNDB-248,
CJOB-159 エグい程こねくり吸引なお掃除フェラでじゅるじゅるシャブられたいッ！BEST,CJOB-159 エグい程こねくり吸引なお掃除フェラでじゅるじゅるシャブられたいッ！BEST,CJOB-159,,2024-07-19,240分鐘,,痴女ヘブン,痴女ヘブンBEST,,口交、合集、高畫質、顏射、ハーレム、DMM獨家、吞精,弥生みづき、本真ゆり、吉根ゆりあ、森沢かな（飯岡かなこ）、佐伯由美香、篠田ゆう、さつき芽衣、向井藍、羽生アリサ、辻井ほのか、AIKA、永瀬ゆい、初川みなみ、佐山愛、有岡みう、浜崎真緒、北野未奈、渚みつき、久留木玲、加藤ももか、真木今日子、工藤ララ、倉本すみれ、藤森里穂、月乃ルナ、黒川すみれ、松本いちか、REMI、橘メアリー、JULIA、森日向子、推川ゆうり、夕季ちとせ,https://www.javbus.com/CJOB-159,
HMJL-003 【福袋】どすけべコスプレ2090分20人まるごとノーカット収録,HMJL-003 【福袋】どすけべコスプレ2090分20人まるごとノーカット収録,HMJL-003,,2024-07-19,2082分鐘,,HMJM,HMJM,HMJM福袋,家教、苗條、女教師、秘書、高畫質、16時間以上作品、巨乳、福袋,上木奈央、森元あすか、松すみれ、倉谷かほ、飯倉美奈子、華山美玲、JULIA、南野あかり、一ノ瀬ルカ、青山沙希、堀内美希、立川理恵、小早川怜子、八ッ橋さい子、唯川みさき、和泉小春、北島玲、清城ゆき、滝川穂乃果,https://www.javbus.com/HMJL-003,
RBB-288 いやぁ！！だめだめだめぇぇぇっ！！！！ 中出しを嫌がり必死に抵抗する女を完全絶望させる中出し 8時間（RBB-288）,RBB-288 いやぁ！！だめだめだめぇぇぇっ！！！！ 中出しを嫌がり必死に抵抗する女を完全絶望させる中出し 8時間（RBB-288）,RBB-288,,2024-07-05,481分鐘,,ROOKIE,ROOKIE,中出しを嫌がり必死に抵抗する女,多P、粗暴、凌辱、中出、4小時以上作品、高畫質、黑暗系統、DMM獨家,渚みつき、咲々原リン、永瀬ゆい、伊藤舞雪、久留木玲、岬さくら、笠木いちか、向井藍、明里つむぎ、望月あられ、桐谷なお、有村のぞみ、奏音かのん、桜もこ、吉根ゆりあ、初音みのり、花音うらら、松本いちか、冬愛ことね、枢木あおい、若宮穂乃、つぼみ、加藤ももか、東條なつ、水原みその、星奈あい、穂花あいり、深田えいみ、琴石ゆめる、辻井ほのか、花宮あむ、有坂深雪、小花のん、小栗もなか、東凛、岬あずさ、秋山祥子、八乃つばさ、天海つばさ、美谷朱里、黒川すみれ、皆月ひかる、JULIA、稲場るか,https://www.javbus.com/RBB-288,
RBB-287 圧倒的な肉体美。形、大きさ、感度すべてが国宝級 これぞまさに神乳 8時間,RBB-287 圧倒的な肉体美。形、大きさ、感度すべてが国宝級 これぞまさに神乳 8時間,RBB-287,,2024-07-05,480分鐘,,ROOKIE,ROOKIE,神乳○時間,合集、乳房、高畫質、巨乳、DMM獨家,JULIA、綾瀬こころ、安齋らら、皆瀬あかり、佐野なつ、山手梨愛、有栖花あか、小梅えな、水原みその、佐知子、桐谷まつり、久留木玲、吉根ゆりあ、希咲アリス、叶愛、桃園怜奈、中山ふみか、朝比奈ななせ、田中ねね、楪カレン、鷲尾めい、夕美しおん、夕季ちとせ、蜜美杏、堀内未果子、宝田もなみ、姫咲はな、乃木蛍、東條なつ、凪沙ゆきの、宮名遥、月乃ルナ,https://www.javbus.com/RBB-287,
CJOB-156 デカ乳揺れる腰振りは爆乳痴女の証！爆乳ぶるんっ！ぶるんっ！揺らす凄い腰振りで中出しさせられる僕BEST,CJOB-156 デカ乳揺れる腰振りは爆乳痴女の証！爆乳ぶるんっ！ぶるんっ！揺らす凄い腰振りで中出しさせられる僕BEST,CJOB-156,,2024-06-21,240分鐘,,痴女ヘブン,痴女ヘブンBEST,,蕩婦、合集、中出、女上位、高畫質、巨乳、DMM獨家,JULIA、弥生みづき、藤森里穂、吉根ゆりあ、百永さりな、塚田詩織、推川ゆうり、羽生アリサ、姫咲はな、松本菜奈実、初愛ねんね、美波もも、宝田もなみ、真木今日子、夕季ちとせ、小花のん、橘メアリー、綾瀬こころ、乙アリス、佐山愛、本真ゆり、若月みいな,https://www.javbus.com/CJOB-156,
CJOB-157 射精しても止めない！吹いても止めない！ド痴女たちの凄テク追撃男潮40発12000cc吹かされた僕BEST,CJOB-157 射精しても止めない！吹いても止めない！ド痴女たちの凄テク追撃男潮40発12000cc吹かされた僕BEST,CJOB-157,,2024-06-21,240分鐘,,痴女ヘブン,痴女ヘブンBEST,射精しても止めない！吹いても止めない！ド痴女たちの凄テク追撃男潮,蕩婦、口交、合集、高畫質、男の潮吹き、DMM獨家、打手槍,JULIA、松本いちか、佐山愛、藤森里穂、ERINA、愛宝すず、美波もも、森沢かな（飯岡かなこ）、真木今日子、本真ゆり、大槻ひびき、浜崎真緒、小花のん、橘メアリー、綾瀬こころ、黒川すみれ、百永さりな、水川スミレ、北野未奈、八乃つばさ、向井藍、深田えいみ、南乃そら、吉根ゆりあ、さつき芽衣、倉本すみれ、弥生みづき、月乃ルナ、乙アリス、佐伯由美香、姫咲はな、冨安れおな、永瀬ゆい、初川みなみ、波多野結衣,https://www.javbus.com/CJOB-157,
PBD-470 良き妻でありたかったはずなのに…旦那以外の男と浮気中出しセックスに溺れた不貞妻たち8時間ベスト,PBD-470 良き妻でありたかったはずなのに…旦那以外の男と浮気中出しセックスに溺れた不貞妻たち8時間ベスト,PBD-470,,2024-06-14,480分鐘,,プレミアム,PREMIUM BEST,,口交、合集、已婚婦女、多P、中出、高畫質、出軌、DMM獨家,山岸逢花、楪カレン、白峰ミウ、JULIA、竹内有紀、希島あいり、櫻井まみ、AIKA、月乃ルナ、篠田ゆう,https://www.javbus.com/PBD-470,
PBD-469 2023年PREMIUMの激シコ人気作25タイトル！超長尺1440分スペシャル！盛り沢山のディスク6枚組！超豪華な特大ボリュームBEST,PBD-469 2023年PREMIUMの激シコ人気作25タイトル！超長尺1440分スペシャル！盛り沢山のディスク6枚組！超豪華な特大ボリュームBEST,PBD-469,,2024-06-14,1440分鐘,,プレミアム,PREMIUM BEST,,蕩婦、苗條、合集、姐姐、中出、高畫質、DMM獨家,山岸逢花、楪カレン、白峰ミウ、JULIA、竹内有紀、伊藤舞雪、高島愛、広瀬ゆり、佐野ゆま、松本梨穂,https://www.javbus.com/PBD-469,
PPBD-283 膣奥と口内にチ〇ポねじり込み思わず乳揺れ悶絶！！上下串刺し乱交98射精,PPBD-283 膣奥と口内にチ〇ポねじり込み思わず乳揺れ悶絶！！上下串刺し乱交98射精,PPBD-283,,2024-06-14,240分鐘,,OPPAI,OPPAI,,濫交、凌辱、中出、女上位、高畫質、巨乳、DMM獨家,乃木蛍、北野未奈、深田えいみ、Hitomi（田中瞳）、小野崎りこ、桐谷まつり、凛音とうか、舞奈みく、月野かすみ、桃瀬くるみ、楪カレン、綾瀬こころ、九十九メイ、JULIA、水原みその,https://www.javbus.com/PPBD-283,
VHDX-007 解禁！初HD化作品 まるごと収録BOX 7 30作品 42時間55分,VHDX-007 解禁！初HD化作品 まるごと収録BOX 7 30作品 42時間55分,VHDX-007,,2024-06-11,2647分鐘,,VENUS,HDコンプリート,,成熟的女人、合集、已婚婦女、中出、高畫質、DMM專屬、16時間以上作品、設置項目、巨乳、DMM獨家,中森玲子、雨宮真貴、芹沢恋、紫彩乃、沢村麻耶、桐岡さつき、星野あかり、小出遥、JULIA、伊織涼子、小林里穂、荒木瞳、葉月奈穂（葉月菜穂）、優木明日花、鈴音りおな、佐藤みき（佐藤美紀、鈴木志帆）、北条麻妃、牧原れい子、川上ゆう（森野雫）、波多野結衣、長谷川美紅、松すみれ、藤咲沙耶、加山なつこ,https://www.javbus.com/VHDX-007,
BMW-309 絶頂中の敏感マ●コでもお構いなしにガンガン突き上げ何度もイカせまくる 追撃ロケットピストンBEST,BMW-309 絶頂中の敏感マ●コでもお構いなしにガンガン突き上げ何度もイカせまくる 追撃ロケットピストンBEST,BMW-309,,2024-05-31,240分鐘,,ワンズファクトリー,WANZ,,合集、花癡、中出、女上位、高畫質、アクメ・オーガズム、DMM獨家,JULIA、深田えいみ、桐谷まつり、瀬田一花、水川スミレ、小梅えな、つぼみ、月島さくら、藤森里穂、白川ゆず、久留木玲、乃木絢愛、綾瀬こころ、小花のん、弥生みづき、花沢ひまり、椿りか、根尾あかり、末広純、新井リマ、花狩まい、月野かすみ、柊ゆうき、吉根ゆりあ、佐知子,https://www.javbus.com/BMW-309,
CJOB-155 ずぅ～っと乳首こねくりながら何度も射精させてアゲル BEST4,CJOB-155 ずぅ～っと乳首こねくりながら何度も射精させてアゲル BEST4,CJOB-155,,2024-05-24,240分鐘,,痴女ヘブン,痴女ヘブンBEST,ずぅ～っと乳首こねくりながら何度も射精かせてアゲル,蕩婦、合集、淫語、多P、高畫質、DMM獨家、打手槍,黒川すみれ、倉本すみれ、松本いちか、月乃ルナ、加藤ももか、ERINA、北野未奈、水川スミレ、森日向子、有岡みう、初川みなみ、工藤ララ、姫咲はな、乙アリス、JULIA、本真ゆり、花沢ひまり、森沢かな（飯岡かなこ）、藤森里穂、小花のん、綾瀬こころ、佐山愛,https://www.javbus.com/CJOB-155,
PBD-467 人生が狂わされるほどの愛人たちに溶かされて…日常も、理性も、全てを忘れた不倫セックス8時間BEST,PBD-467 人生が狂わされるほどの愛人たちに溶かされて…日常も、理性も、全てを忘れた不倫セックス8時間BEST,PBD-467,,2024-05-17,480分鐘,,プレミアム,PREMIUM BEST,,蕩婦、合集、通姦、高畫質、出軌、DMM獨家,山岸逢花、楪カレン、松本梨穂、藤森里穂、希島あいり、竹内有紀、JULIA,https://www.javbus.com/PBD-467,
RBB-280 超特盛りゴールデンSALE2024 ROOKIEが贈る興奮度MAX200％over 厳選161作品16時間special,RBB-280 超特盛りゴールデンSALE2024 ROOKIEが贈る興奮度MAX200％over 厳選161作品16時間special,RBB-280,,2024-04-26,960分鐘,,ROOKIE,ROOKIE,ROOKIEベスト,合集、各種職業、美少女、高畫質、巨乳、DMM獨家,佐山愛、月野ルナ、大槻ひびき、JULIA、葵つかさ、小島みなみ、希島あいり、AIKA、奥田咲、夢乃あいか、天海つばさ、美谷朱里、日向なつ、姫川ゆうな、栄川乃亜、枢木あおい、一条みお、大島優香、河北彩花、明里つむぎ、西宮ゆめ、岬ななみ、水川スミレ、夕美しおん、皆月ひかる、神宮寺ナオ、向井藍、星宮一花、逢見リカ、渚みつき、相沢みなみ、羽咲みはる、松本菜奈実、新村あかり、伊藤舞雪、森沢かな（飯岡かなこ）、黒川すみれ、永井マリア、ひなたまりん、皆瀬あかり、鷲尾めい、笹原麻未、天馬ゆい、尾崎えりか、松本梨穂、柚月沙央梨、乙アリス、加美杏奈、桐條紗綾、平岡里枝子、桜もこ、伊織ひなの、天音ゆい、夢見るぅ、つばさ舞、佐伯由美香、日向ひかげ、ひかり唯、北山憂、川北メイサ、宮名遥、葉月みりあ、栗山莉緒、安達ゆら、並木あいな、沙月恵奈、櫻井まみ、もなみ鈴、月乃ひな、野咲美桜、中山ふみか、花沢ひまり、天川そら、弥生みづき、櫻茉日、小梅えな、星乃夏月、蜜美杏、葵いぶき、希咲那奈、星野夢、本田もも、うんぱい、似鳥日菜、白川みなみ、新ありな、千石もなか、渋谷華、星宮にの、宍戸里帆、五十嵐清華、流川はる香、水原みその、夏目みらい、二葉エマ、篠宮花音、前田美波、藤かんな、小宵こなん、白鳥すわん、新井リマ、山手梨愛、宮下玲奈、佐野なつ、工藤ララ、楠有栖、上羽絢、藤井いよな、小松杏、三宮つばき、石原希望、香水じゅん、神菜美まい、天音まひな、吉根ゆりあ、竹内有紀、小野六花、田中ねね、倉本すみれ、一乃あおい、架乃ゆら、愛宝すず、古川ほのか、東條なつ、綾瀬こころ、双葉くるみ、五十嵐美月、月見伊織、加藤結衣、花柳杏奈、花狩まい、姫野らん、松本いちか、野々宮あめ、瀬田一花、miru、都月るいさ、鷲見すみれ、菊池まや、未歩なな、姫咲はな、木之宮ねいろ、一場れいか、東雲みれい、天然美月、有岡みう,https://www.javbus.com/RBB-280,
CJOB-152 「マ○コより気持ちよくしてアゲル」痴女手コキ100発オーバーBEST4,CJOB-152 「マ○コより気持ちよくしてアゲル」痴女手コキ100発オーバーBEST4,CJOB-152,,2024-04-19,480分鐘,,痴女ヘブン,痴女ヘブンBEST,痴女手コキBEST,蕩婦、合集、高畫質、ハーレム、キス・接吻、DMM獨家、打手槍,吉根ゆりあ、松本いちか、藤森里穂、黒川すみれ、枢木あおい、REMI、AIKA、水川スミレ、百永さりな、美波もも、真木今日子、本真ゆり、JULIA、月乃ルナ、佐山愛、冨安れおな、推川ゆうり、北野未奈、向井藍、百瀬あすか、南乃そら、永瀬ゆい、さつき芽衣、篠田ゆう、川上ゆう（森野雫）、大槻ひびき、波多野結衣、倉本すみれ、初川みなみ、栄川乃亜、工藤ララ、浜崎真緒、夕季ちとせ、小花のん、乙アリス、森沢かな（飯岡かなこ）、弥生みづき、渚みつき、久留木玲、若宮はずき、あおいれな、ERINA、橘メアリー、深田えいみ、蓮実クレア、八乃つばさ、羽生アリサ、成美このは、凪沙ゆきの、吉良りん、姫咲はな、宝田もなみ,https://www.javbus.com/CJOB-152,
MBYD-389 初めて知る他人棒のハードピストンで爆乳ガクブル超絶頂！全員Gカップオーバー人妻46人の乳ブルアクメ不倫SEX8時間ベスト,MBYD-389 初めて知る他人棒のハードピストンで爆乳ガクブル超絶頂！全員Gカップオーバー人妻46人の乳ブルアクメ不倫SEX8時間ベスト,MBYD-389,,2024-04-12,480分鐘,,溜池ゴロー,溜池ゴロー,,成熟的女人、合集、已婚婦女、高畫質、巨乳、アクメ・オーガズム、DMM獨家,有岡みう、蜜美杏、夏川あゆみ、結城りの、中野七緒、冨安れおな、美園和花、目黒めぐみ、永井マリア、長瀬麻美、松本菜奈実、凛音とうか、辻井ほのか、今井夏帆、田中ねね、瀬崎彩音、瀬田一花、壇凛沙、朝倉ここな、姫咲はな、風間ゆみ、真木今日子、桐谷まつり、篠崎かんな、橋本優佳、あいだ飛鳥、河北麻衣、小向美奈子、美国沙耶、君島みお、春菜はな、和泉貴子、三原ほのか、美空杏、長峰河南、織田真子、めぐり（藤浦めぐ）、乃木蛍、JULIA、山口珠理、さつき芽衣、北野未奈、藤森里穂、佐山愛、松永さな,https://www.javbus.com/MBYD-389,
PBD-465 いつもは皆が働く会社で…エロすぎる女上司、同僚、先輩、後輩OLとこっそりハメまくる8時間BEST,PBD-465 いつもは皆が働く会社で…エロすぎる女上司、同僚、先輩、後輩OLとこっそりハメまくる8時間BEST,PBD-465,,2024-04-12,480分鐘,,プレミアム,PREMIUM BEST,,合集、姐姐、中出、高畫質、部下・同僚、ビジネススーツ、DMM獨家,山岸逢花、JULIA、藤森里穂、結城りの、香椎花乃、波多野結衣、花沢ひまり、広瀬りおな、堀内未果子、篠田ゆう、月乃ルナ、希島あいり、竹内有紀,https://www.javbus.com/PBD-465,
PBD-464 この腰振りで綺麗なお姉さんをイカせたる！「もうイッてるってばぁ！」正常位中出しピストンBEST これでアナタもイカせられる！howto正常位ピストン！,PBD-464 この腰振りで綺麗なお姉さんをイカせたる！「もうイッてるってばぁ！」正常位中出しピストンBEST これでアナタもイカせられる！howto正常位ピストン！,PBD-464,,2024-04-12,240分鐘,,プレミアム,PREMIUM BEST,,合集、姐姐、中出、高畫質、教學、キス・接吻、巨乳、DMM獨家,山岸逢花、楪カレン、松本梨穂、藤森里穂、香椎花乃、与田さくら、櫻井まみ、結城りの、JULIA、篠田ゆう、希島あいり,https://www.javbus.com/PBD-464,
BMW-303 脚ガク痙攣！ポルチオ鬼突き！エビ反りイキっ！直立絶頂フルコース 立ちバックBEST,BMW-303 脚ガク痙攣！ポルチオ鬼突き！エビ反りイキっ！直立絶頂フルコース 立ちバックBEST,BMW-303,,2024-03-29,240分鐘,,ワンズファクトリー,WANZ,,合集、花癡、中出、高畫質、巨尻、バック、DMM獨家,佐山愛、JULIA、桐谷まつり、水川スミレ、樋口みつは、久留木玲、朝倉ここな、深田えいみ、根尾あかり、花沢ひまり、さつき芽衣、天川そら、松永さな、百永さりな、月野かすみ、逢見リカ、斎藤まりな、高山すず、つぼみ、今井夏帆、奏音かのん、吉根ゆりあ、朝比奈ななせ、東條なつ、浜崎真緒、花音うらら,https://www.javbus.com/BMW-303,
CJOB-151 ド痴女の唾液たっぷりベロキスでチ○ポこねくられながら射精したい！,CJOB-151 ド痴女の唾液たっぷりベロキスでチ○ポこねくられながら射精したい！,CJOB-151,,2024-03-22,240分鐘,,痴女ヘブン,痴女ヘブンBEST,,蕩婦、合集、中出、女上位、高畫質、ハーレム、キス・接吻、DMM獨家,松本いちか、倉本すみれ、弥生みづき、JULIA、真木今日子、美波もも、工藤ララ,https://www.javbus.com/CJOB-151,
CJOB-150 「もう中に出してるってばぁ～」デカ尻中出しびったん！びったん！ぶっこ抜かれ杭打ちBEST,CJOB-150 「もう中に出してるってばぁ～」デカ尻中出しびったん！びったん！ぶっこ抜かれ杭打ちBEST,CJOB-150,,2024-03-22,240分鐘,,痴女ヘブン,痴女ヘブンBEST,,蕩婦、合集、屁股、中出、女上位、高畫質、巨尻、DMM獨家,藤森里穂、森沢かな（飯岡かなこ）、JULIA、綾瀬こころ、堀内未果子、吉根ゆりあ、倉本すみれ、AIKA、百永さりな、森日向子、花沢ひまり、伊東める、推川ゆうり、橘メアリー、真木今日子、夕季ちとせ、小花のん、さつき芽衣、蓮実クレア、月乃ルナ、宝田もなみ、松本いちか、弥生みづき、乙アリス、本真ゆり、加藤ももか,https://www.javbus.com/CJOB-150,
BMW-302 チ〇ポを疼かせる最強神器！ 蒸れ蒸れ黒ストッキングお姉さんの艶脚杭打ちプレスBEST,BMW-302 チ〇ポを疼かせる最強神器！ 蒸れ蒸れ黒ストッキングお姉さんの艶脚杭打ちプレスBEST,BMW-302,,2024-03-01,240分鐘,,ワンズファクトリー,WANZ,,蕩婦、合集、連褲襪、花癡、女上位、高畫質、DMM獨家,藤森里穂、天川そら、佐山愛、AIKA、深田えいみ、稲場るか、広瀬りおな、永井マリア、JULIA、つぼみ、田中ねね、さつき芽衣、星乃マミ、里美ゆりあ、朝倉ここな、辻井ほのか、赤瀬尚子、加瀬ななほ、秋山祥子、波多野結衣、菜月るい、蘭華、妃ひかり、夕季ちとせ、久留木玲、松本菜奈実、月乃ルナ、君島みお、水川スミレ,https://www.javbus.com/BMW-302,
REBD-820 REbecca STARS11-The pretties-,REBD-820 REbecca STARS11-The pretties-,REBD-820,,2024-02-22,189分鐘,MAX★,REbecca,REbecca,REbecca STARS,介紹影片、性感的、高畫質,JULIA、架乃ゆら、八掛うみ、小宵こなん、涼森れむ、時田亜美、伊藤舞雪、楓カレン、七沢みあ、神宮寺ナオ、八木奈々、姫咲はな,https://www.javbus.com/REBD-820,
PBD-460 絶対妊娠させるまで終わらない！子宮直撃ピストン孕ませバック中出しBEST,PBD-460 絶対妊娠させるまで終わらない！子宮直撃ピストン孕ませバック中出しBEST,PBD-460,,2024-02-16,240分鐘,,プレミアム,PREMIUM BEST,,合集、花癡、姐姐、中出、高畫質、出軌、巨尻、DMM獨家,山岸逢花、楪カレン、松本梨穂、竹内有紀、JULIA、深田えいみ、月乃ルナ、弥生みづき、初川みなみ、藤森里穂、星奈あい、AIKA、篠田ゆう,https://www.javbus.com/PBD-460,
RBB-277 いやぁ！！だめだめだめぇぇぇっ！！！！ 中出しを嫌がり必死に抵抗する女を完全絶望させる中出し8時間（RBB-277）,RBB-277 いやぁ！！だめだめだめぇぇぇっ！！！！ 中出しを嫌がり必死に抵抗する女を完全絶望させる中出し8時間（RBB-277）,RBB-277,,2024-02-09,480分鐘,,ROOKIE,ROOKIE,中出しを嫌がり必死に抵抗する女,花癡、中出、高畫質、巨乳、DMM獨家,天海つばさ、八乃つばさ、松永さな、香坂紗梨、川北メイサ、日向なつ、さつき芽衣、深田えいみ、根尾あかり、花音うらら、森沢かな（飯岡かなこ）、初川みなみ、明里つむぎ、希島あいり、伊藤舞雪、琴石ゆめる、月乃ルナ、東條なつ、岬ななみ、黒川すみれ、椎名そら、茜はるか、有坂深雪、倉多まお、美谷朱里、永瀬ゆい、堀北わん、日下部加奈、北野未奈、笠木いちか、奏音かのん、神宮寺ナオ、有村のぞみ、市来まひろ、夏目彩春、川上奈々美、秋山祥子、跡美しゅり、松本菜奈実、希崎ジェシカ、竹内有紀、松本いちか、JULIA、つぼみ、望月あられ、桜もこ、工藤ララ、桐谷まつり、西宮ゆめ、Hitomi（田中瞳）、岬あずさ、凛音とうか、加藤ももか、枢木あおい、藤波さとり、星奈あい,https://www.javbus.com/RBB-277,
MMXD-036 全部出します！日本一エロいイメージビデオメーカー【未満】 10年間の全歴史104タイトル3000分,MMXD-036 全部出します！日本一エロいイメージビデオメーカー【未満】 10年間の全歴史104タイトル3000分,MMXD-036,,2024-02-06,3130分鐘,,未満,未満,未満ベスト,美少女、制服、乳房、介紹影片、高畫質、巨乳、DMM獨家,JULIA、鈴木心春、深田えいみ、稲場るか、稀夕らら、橘莉央、水卜さくら、前田のの（菊池ひなの）、凛音とうか、藤井あかり、有栖いおり、あかね杏珠、千寿まゆ、瀬野みやび、百々谷りあ、柊るい、朱莉きょうこ、霧島さくら、桐谷まつり、友里梓、四ツ葉うらら、久我かのん、並木杏梨、姫野あやめ、今井夏帆、伊藤舞雪、松本菜奈実、永瀬ゆい、篠崎もも、妃宮侑里、百合なぎさ、羽咲みはる、深田ナナ、ほむら優音、凪沙ゆきの、舞奈みく、陽咲希美、葉山夏希、長谷川古宵、花守みらい、露梨あやせ、小栗もなか、斉藤みゆ、御坂恵衣、水城えま、雛鶴みお、佐知子、星井笑、初愛ねんね、蒼井りあん、椿あいの、北川ゆず、奥菜莉乃、徳永しおり、白石めい、あやみ旬果、小倉七海、伊賀まこ、高岡美鈴、淡月みたま、RION、天音まひな、佐倉ねね、茉莉花みく、佐藤りこ、黛ちよ,https://www.javbus.com/MMXD-036,
BMW-300 響くイキ声！波打つデカ尻！ヒクつきアナル！ イッた直後のおま●こガン突き追撃バックピストン81連発,BMW-300 響くイキ声！波打つデカ尻！ヒクつきアナル！ イッた直後のおま●こガン突き追撃バックピストン81連発,BMW-300,,2024-02-02,240分鐘,,ワンズファクトリー,WANZ,,苗條、屁股、中出、高畫質、巨尻、バック、DMM獨家,JULIA、アンナ、つぼみ、綾瀬こころ、篠田ゆう、小花のん、小梅えな、松本いちか、新井リマ、水川スミレ、星宮ゆのん、木月りり、双葉くるみ、三舩みすず、笹原麻未、沙月恵奈、由愛可奈、蘭華、奥井楓、美波もも、花沢ひまり、末広純、倉本すみれ、高山すず、奏音かのん、朝田ひまり、辻井ほのか、花音うらら、花狩まい、希咲那奈、結城りの、月乃ルナ、工藤ララ、黒木逢夢、根尾あかり、横宮七海、斎藤まりな、佐野なつ、天川そら、東條なつ、南乃そら、柊ゆうき、穂花あいり、堀沢茉由、本田のえる、川上奈々美、佐山愛,https://www.javbus.com/BMW-300,
BMW-299 唾液、汗、愛液ダラダラ感度爆上がり絶頂ノンストップ ぐちょぐちょ汁まみれ中出し性交40本番,BMW-299 唾液、汗、愛液ダラダラ感度爆上がり絶頂ノンストップ ぐちょぐちょ汁まみれ中出し性交40本番,BMW-299,,2024-02-02,240分鐘,,ワンズファクトリー,WANZ,,合集、花癡、中出、高畫質、汗だく、アクメ・オーガズム、DMM獨家,佐山愛、神宮寺ナオ、つぼみ、深田えいみ、沙月恵奈、白川ゆず、JULIA、さつき芽衣、綾瀬こころ、工藤ララ、横宮七海、樋口みつは、月野かすみ、姫咲はな、星乃マミ、藤森里穂、久留木玲、夕季ちとせ、本田のえる、桐谷まつり,https://www.javbus.com/BMW-299,
RBB-273 ROOKIE 15周年記念 FANZA令和BEST 超豪華22メーカー集結！売り上げ上位から人気企画まで240作品ダイジェスト収録！特大4時間×2枚組=8時間総集編！,RBB-273 ROOKIE 15周年記念 FANZA令和BEST 超豪華22メーカー集結！売り上げ上位から人気企画まで240作品ダイジェスト収録！特大4時間×2枚組=8時間総集編！,RBB-273,,2024-01-26,480分鐘,,ROOKIE,ROOKIE,ROOKIEベスト,合集、中出、高畫質、巨乳、DMM獨家,つぼみ、初音みのり、佐山愛、JULIA、藤井レイラ、乙アリス、黒木逢夢、木月りり、森川華名、しおかわ雲丹、都月るいさ、瀬田一花、藤子みお、松本いちか、唯奈みつき、一宮希帆、前乃菜々、岡西友美、有岡みう、桃里るな、音琴るい、花狩まい、一乃あおい、上坂めい、新井リマ、吉岡ひより、辻芽愛里、夕季ちとせ、百瀬あすか、小宵こなん、本田瞳、七ツ森りり、梓ヒカリ、朝比奈ななせ、有賀みなほ、前田美波、篠宮花音、工藤ララ、北野未奈、森下ことの、朝田ひまり、来栖みく、水端あさみ、北山憂、日向ひかげ、月乃ルナ、佐伯由美香、つばさ舞、春乃真奈美、星宮ゆのん、三尾めぐ、広瀬結香、宮名遥、夢見るぅ、NATSUKA、皆瀬あかり、伊織ひなの、若宮はずき、さつき芽衣、末広純、安みなみ、佐野なつ、涼花くるみ、樋口みつは、流川莉央、白桃はな、有加里ののか、綾瀬こころ、安藤もあ、九十九メイ、森日向子、市来まひろ、東條なつ、北乃ゆな、与田さくら、ちゃんよた、夏目みらい、椿乃愛、花柳杏奈、鬼塚もなみ、八乃つばさ、希島あいり、小島みなみ、深田えいみ、岬あずさ、乃木蛍、美谷朱里、黒川すみれ、夏目彩春、今井夏帆、夢乃あいか、新村あかり、山岸逢花、二宮ひかり、星奈あい、宮村ななこ、相沢みなみ、宮下玲奈、森沢かな（飯岡かなこ）、篠田ゆう、水谷心音（藤崎りお）、天海つばさ、川上奈々美、小松杏、深沢いのり、吉根ゆりあ、のあういか、葉風ゆりあ、神菜美まい、望月あやか、香水じゅん、根尾あかり、三宮つばき、初川みなみ、永野つかさ、水原みその、加藤ももか、横宮七海、楠有栖、倉本すみれ、柚月沙央梨、美波もも、岬ななみ、日向なつ、桜空もも、神宮寺ナオ、宝田もなみ、楓カレン、夕美しおん、深田結梨、小野六花、水川スミレ、リリー・ハート、大島優香、一条みお、枢木あおい、栄川乃亜、美園和花、桜もこ、宮沢ちはる、斎藤あみり、浜崎真緒、加美杏奈、神坂朋子、葵いぶき、流川はる香、星乃夏月、妃ひかり、渚ひまわり、櫻茉日、明日葉優、花沢ひまり、富井美帆、本田もも、奈々月みれい、星乃水音、九野ひなの、結城りの、夏海さや、美城るる、穂花あいり、明日美かんな、松本梨穂、尾崎えりか、天馬ゆい、白雪ひめ、楪カレン、皆川るい、蜜美杏、辻井ほのか、天音ゆい、沙月恵奈、堀内未果子、百永さりな、渋谷華、千石もなか、花渕なつ、新ありな、似鳥日菜、石川澪、希咲那奈、天川そら、宮西ひかる、NAOO、伊織羽音、谷あづさ、聖璃とあ、小花のん、東雲あずさ、櫻井まみ、由良かな、柏木こなつ、田中ねね,https://www.javbus.com/RBB-273,
BMW-298 舐めしゃぶり淫乱痴女がほかほか精子を全部バキューム！フェラチオ口内射精BEST！,BMW-298 舐めしゃぶり淫乱痴女がほかほか精子を全部バキューム！フェラチオ口内射精BEST！,BMW-298,,2024-01-26,240分鐘,,ワンズファクトリー,WANZ,,蕩婦、口交、合集、深喉、高畫質、巨乳、DMM獨家、打手槍,佐伯由美香、倉本すみれ、天川そら、新村あかり、佐野なつ、JULIA、希咲那奈、松本いちか、広瀬りおな、朝田ひまり、月乃ルナ、つぼみ、堀沢茉由、枢木あおい、REMI、波多野結衣、森日向子、横宮七海,https://www.javbus.com/BMW-298,
CJOB-146 「射精しても終わりじゃないよ」どぴゅ！どぴゅ！中出し種搾り騎乗位BEST,CJOB-146 「射精しても終わりじゃないよ」どぴゅ！どぴゅ！中出し種搾り騎乗位BEST,CJOB-146,,2024-01-19,240分鐘,,痴女ヘブン,痴女ヘブンBEST,,蕩婦、合集、花癡、中出、女上位、高畫質、巨乳、DMM獨家,松本いちか、藤森里穂、森日向子、森沢かな（飯岡かなこ）、塚田詩織、枢木あおい、弥生みづき、工藤ララ、深田結梨、伊東める、花沢ひまり、宝田もなみ、夕季ちとせ、吉根ゆりあ、JULIA、倉本すみれ、姫川ゆうな、AIKA、花音うらら、星奈あい、永瀬ゆい、篠田ゆう、堀内未果子、南乃そら、久留木玲、姫咲はな、北野未奈、本真ゆり、真木今日子、橘メアリー、月乃ルナ、永野いち夏、乙アリス,https://www.javbus.com/CJOB-146,
PPBD-272 望まない追撃ピストンでイキ果てる哀れな巨乳女たち！ 集団輪●BEST4時間,PPBD-272 望まない追撃ピストンでイキ果てる哀れな巨乳女たち！ 集団輪●BEST4時間,PPBD-272,,2024-01-12,240分鐘,,OPPAI,OPPAI,,濫交、合集、多P、中出、高畫質、巨乳、DMM獨家,楪カレン、Hitomi（田中瞳）、JULIA、綾瀬こころ、月野かすみ、小梅えな、深田えいみ、水原みその、辻井ほのか、桐谷まつり、蜜美杏、一ノ瀬菫、乃木蛍、北野未奈、凛音とうか、夕美しおん、弥生みづき、桃瀬くるみ,https://www.javbus.com/PPBD-272,
RBB-274 プッシャアアァァァッ！！ ハメ潮、イキ潮、漏らし潮！！気持ちよすぎる絶頂スプラッシュ8時間,RBB-274 プッシャアアァァァッ！！ ハメ潮、イキ潮、漏らし潮！！気持ちよすぎる絶頂スプラッシュ8時間,RBB-274,,2024-01-05,480分鐘,,ROOKIE,ROOKIE,,放尿、潮吹、合集、花癡、美少女、高畫質、DMM獨家,東條なつ、水卜さくら、深田えいみ、笹原麻未、西宮ゆめ、七ツ森りり、佐野なつ、琴石ゆめる、白坂有以、枢木あおい、皆月ひかる、由愛可奈、七沢みあ、柳井める、唯奈みつき、竹内有紀、市川花音、佐久良咲希、倉多まお、広瀬なるみ、穂高ひな、夏希まろん、詩音乃らん、児玉れな、天音まひな、葵いぶき、坂道みる、ひなたまりん、桜空もも、月野かすみ、五十嵐清華、乙白さやか、夢乃あいか、香椎花乃、伊賀まこ、槙いずな、音羽ねいろ、川北メイサ、小野六花、天馬ゆい、柚希あい、乙アリス、さつき芽衣、岬野まなつ、舞奈みく、JULIA、梓ヒカリ、初川みなみ、二見れい、根尾あかり,https://www.javbus.com/RBB-274,
MMXD-035 未満、最後の着衣いたずら 制服おっぱい少女のラストベスト作品49人8時間 完全穢し撮り,MMXD-035 未満、最後の着衣いたずら 制服おっぱい少女のラストベスト作品49人8時間 完全穢し撮り,MMXD-035,,2023-12-29,470分鐘,,未満,未満,未満ベスト,合集、美少女、制服、介紹影片、高畫質、巨乳、DMM獨家,佐倉ねね、水卜さくら、百々谷りあ、伊藤舞雪、深田えいみ、柊るい、佐知子、佐藤りこ、朱莉きょうこ、高岡美鈴、今井夏帆、有栖いおり、御坂恵衣、神坂朋子、あやみ旬果、天音まひな、淡月みたま、桐谷まつり、白石めい、JULIA、雛鶴みお、小栗もなか、稲場るか、露梨あやせ、蒼井りあん、ほむら優音、舞奈みく、初愛ねんね、長谷川古宵、凪沙ゆきの、小倉七海,https://www.javbus.com/MMXD-035,
BMW-297 アクメ輪●で理性ブッ飛び！性欲MAX暴力ピストンでイキ狂い肉便器BEST,BMW-297 アクメ輪●で理性ブッ飛び！性欲MAX暴力ピストンでイキ狂い肉便器BEST,BMW-297,,2023-12-29,240分鐘,,ワンズファクトリー,WANZ,,合集、多P、中出、高畫質、アクメ・オーガズム、DMM獨家,佐山愛、JULIA、篠田ゆう、奏音かのん、麻倉憂、深田えいみ、月乃ルナ、七瀬アリス、横宮七海、辻井ほのか、工藤ララ、桐谷まつり、本田のえる、花狩まい、双葉くるみ、花沢ひまり、冬愛ことね、北川エリカ、八乃つばさ、つぼみ、初乃ふみか、星奈あい、花音うらら、結城りの、水川スミレ、月野かすみ、宝田もなみ、佐知子、久留木玲,https://www.javbus.com/BMW-297,
HNDB-242 2022年【本中】下半期傑作選！全84作品130発！！8時間！！2022年8月～2023年1月,HNDB-242 2022年【本中】下半期傑作選！全84作品130発！！8時間！！2022年8月～2023年1月,HNDB-242,,2023-12-22,480分鐘,,本中,本中,本中半期傑作集！,合集、姐姐、美少女、中出、高畫質、巨乳、DMM獨家,彩芽くるみ、織田花純、NATSUKA、茅野亜美、佐伯由美香、弥生みづき、星乃さくら、五十嵐美月、松本いちか、森日向子、CHIYU、美澄玲衣、運メイ、舞川つぐみ、姫野らん、小花のん、九十九メイ、北山憂、琴音華、花狩まい、本田もも、五十嵐清華、南条いちか、小梅えな、あべみかこ、末広純、百瀬あすか、工藤ララ、浜崎真緒、乙アリス、雨依つばめ、柏木こなつ、AIKA、推川ゆうり、美谷朱里、泉田栞、白川みなみ、三田サクラ、JULIA、片瀬かのん、美月リナ、天川そら、新井リマ、奥井楓、千葉あやめ、綾瀬こころ、東條なつ、有賀みなほ、稲森美優、広瀬ひな、水湊楓、渡辺葵依、太田咲那、北野未奈、双葉くるみ、牧野みおな、小宮山奈南、清水あんな、月乃ルナ、天神ユリ、宮藤ゆみな、杏奈、尾崎えりか、さつき芽衣,https://www.javbus.com/HNDB-242,
CJOB-144 令和No.1！ユーザー人気のドスケベ痴女達を集めた！超超超！ド痴女の天才！BEST全91作品！超お買い得！,CJOB-144 令和No.1！ユーザー人気のドスケベ痴女達を集めた！超超超！ド痴女の天才！BEST全91作品！超お買い得！,CJOB-144,,2023-12-22,480分鐘,,痴女ヘブン,痴女ヘブンBEST,,蕩婦、合集、花癡、中出、女上位、高畫質、巨乳、DMM獨家,藤森里穂、北野未奈、松本いちか、倉本すみれ、ERINA、深田えいみ、辻井ほのか、さつき芽衣、AIKA、羽生アリサ、有村のぞみ、麻里梨夏、枢木あおい、加藤ももか、塚田詩織、初川みなみ、渚みつき、真木今日子、今井夏帆、佐山愛、森日向子、凛音とうか、百永さりな、稲場るか、佐知子、冨安れおな、若宮はずき、浜崎真緒、久留木玲、倉多まお、椎名そら、永井マリア、花沢ひまり、宝田もなみ、姫川ゆうな、弥生みづき、推川ゆうり、本真ゆり、吉根ゆりあ、有坂深雪、篠田ゆう、美谷朱里、永瀬ゆい、八乃つばさ、吉良りん、月乃ルナ、REMI、七瀬ひな、君島みお、蓮実クレア、有岡みう、乙アリス、妃ひかり、星奈あい、水川スミレ、新井エリー（晶エリー、大沢佑香）、姫咲はな、凪沙ゆきの、佐伯由美香、JULIA、市来まひろ、夕季ちとせ、波多野結衣、大槻ひびき、向井藍,https://www.javbus.com/CJOB-144,
RBB-271 形100点大きさ120点乳首95.0点以上のこれぞまさに神乳8時間,RBB-271 形100点大きさ120点乳首95.0点以上のこれぞまさに神乳8時間,RBB-271,,2023-12-08,480分鐘,,ROOKIE,ROOKIE,神乳○時間,其他戀物癖、合集、戀乳癖、花癡、高畫質、巨乳、DMM獨家,初音みのり、辻井ほのか、田中ねね、愛宝すず、鷲尾めい、JULIA、八乃つばさ、佐知子、夕美しおん、有栖花あか、凪沙ゆきの、楪カレン、深田えいみ、結城りの、河北彩花、朝日りん、夢乃あいか、明日見未来、月野かすみ、宝田もなみ、小梅えな、山手梨愛、水卜さくら、小野六花、桐谷まつり、姫咲はな、高橋しょう子、吉根ゆりあ、宮名遥、蜜美杏、乙アリス、葉風ゆりあ、沙月恵奈、リリー・ハート、深沢いのり、藤森里穂,https://www.javbus.com/RBB-271,
RBB-272 入ってくれて、きもちくしてくれて、ありがとう。燃え上がる不倫BEST48人52タイトル8時間,RBB-272 入ってくれて、きもちくしてくれて、ありがとう。燃え上がる不倫BEST48人52タイトル8時間,RBB-272,,2023-12-08,480分鐘,,ROOKIE,ROOKIE,ROOKIEベスト,口交、合集、通姦、中出、高畫質、出軌、DMM獨家,星宮一花、通野未帆、藍芽みずき、藤森里穂、希島あいり、有坂深雪、由愛可奈、水野朝陽、向井藍、新村あかり、田中ねね、琴石ゆめる、小花のん、本田瞳、小島みなみ、北野未奈、有加里ののか、架乃ゆら、結城りの、水川スミレ、花沢ひまり、花狩まい、JULIA、推川ゆうり、里美ゆりあ、篠崎かんな、葵つかさ、岬あずさ、黒川すみれ、富田優衣、美谷朱里、篠田ゆう、深田えいみ、辻井ほのか、吉岡ひより、松本菜奈実、穂花あいり、神宮寺ナオ、伊藤舞雪、乃木蛍、初川みなみ、坂道みる、つぼみ、橋本ありな、羽咲みはる、吉根ゆりあ、今井夏帆、根尾あかり,https://www.javbus.com/RBB-272,
BMW-294 嫌がるオンナたちを快楽に堕とす大量中出し 何発でギブアップするか試してヤルっ！！,BMW-294 嫌がるオンナたちを快楽に堕とす大量中出し 何発でギブアップするか試してヤルっ！！,BMW-294,,2023-12-01,480分鐘,,ワンズファクトリー,WANZ,,花癡、中出、高畫質、アクメ・オーガズム、DMM獨家,JULIA、佐山愛、深田えいみ、桐谷まつり、今井夏帆、吉根ゆりあ、三舩みすず、羽生アリサ、穂花あいり、佐々木れい、冬愛ことね、水川スミレ、倉本すみれ、椿りか、辻井ほのか、月乃ルナ、松本いちか、つぼみ、永瀬ゆい、初愛ねんね、白川ゆず、花狩まい,https://www.javbus.com/BMW-294,
PPBD-269 巨乳を押し付けながらムニュムニュ接吻！唾液を飲ませて交わる密着ベロキス中出し性交,PPBD-269 巨乳を押し付けながらムニュムニュ接吻！唾液を飲ませて交わる密着ベロキス中出し性交,PPBD-269,,2023-11-17,240分鐘,,OPPAI,OPPAI,,花癡、多P、中出、高畫質、キス・接吻、巨乳、DMM獨家,蜜美杏、百永さりな、さつき芽衣、野咲美桜、Hitomi（田中瞳）、東あかり、朝倉ここな、水原みその、横宮七海、月見伊織、乙アリス、新村あかり、神坂朋子、朝日奈かれん、辻さくら、夕美しおん、JULIA、吉根ゆりあ、永井マリア、川村晴、桐谷まつり、飛鳥りいな、楪カレン、浜崎真緒,https://www.javbus.com/PPBD-269,
PBD-453 朝の光に包まれて… お互いの関係など忘れて欲望のまま濃密に交わり中出しSEXに耽るボクたち。,PBD-453 朝の光に包まれて… お互いの関係など忘れて欲望のまま濃密に交わり中出しSEXに耽るボクたち。,PBD-453,,2023-11-17,240分鐘,,プレミアム,PREMIUM BEST,,口交、合集、姐姐、通姦、中出、女上位、高畫質、DMM獨家,楪カレン、山岸逢花、篠田ゆう、竹内有紀、北乃ゆな、夏希まろん、希島あいり、月乃ルナ、JULIA、星奈あい、初川みなみ、藤森里穂,https://www.javbus.com/PBD-453,
BMW-293 暴走痴女お姉さん達が金玉スッカラカンになるまでザーメン搾り取り！ イクまで激ズボわがまま騎乗位中出しBEST,BMW-293 暴走痴女お姉さん達が金玉スッカラカンになるまでザーメン搾り取り！ イクまで激ズボわがまま騎乗位中出しBEST,BMW-293,,2023-11-03,240分鐘,,ワンズファクトリー,WANZ,,蕩婦、合集、花癡、中出、女上位、高畫質、DMM獨家,松本いちか、山岸逢花、藤森里穂、美谷朱里、赤瀬尚子、枢木みかん、今井夏帆、逢見リカ、吉根ゆりあ、蘭華、月野かすみ、本田のえる、寺田ここの、水原みその、百永さりな、川上奈々美、根尾あかり、さつき芽衣、倉本すみれ、佐山愛、森日向子、弥生みづき、花狩まい、田中ねね、白桃はな、篠田ゆう、有村のぞみ、朝倉ここな、辻井ほのか、AIKA、枢木あおい、本真ゆり、姫咲はな、天然美月、深田えいみ、花沢ひまり、JULIA、REMI、波多野結衣、初川みなみ、広瀬りおな、水川スミレ、浜崎真緒、皇ゆず、月乃ルナ、つぼみ、黒木逢夢、永瀬ゆい、妃ひかり、君島みお,https://www.javbus.com/BMW-293,
BMW-292 愛する女性がゲスチ〇ポで犯●れて堕ちてイク胸糞NTRベスト,BMW-292 愛する女性がゲスチ〇ポで犯●れて堕ちてイク胸糞NTRベスト,BMW-292,,2023-11-03,240分鐘,,ワンズファクトリー,WANZ,,合集、已婚婦女、花癡、多P、中出、高畫質、出軌、DMM獨家,桐谷まつり、JULIA、辻井ほのか、月乃さくら、瀬名ひかり、月乃ルナ、白川ゆず、深田えいみ、本田のえる、吉根ゆりあ、三舩みすず、花狩まい、佐山愛、つぼみ、逢見リカ,https://www.javbus.com/BMW-292,
CJOB-140 「もう射精してるってばぁ！」状態でも鍛え上げられたド痴女の腹筋キレッキレSEXで痴女られたボクBEST,CJOB-140 「もう射精してるってばぁ！」状態でも鍛え上げられたド痴女の腹筋キレッキレSEXで痴女られたボクBEST,CJOB-140,,2023-10-20,240分鐘,,痴女ヘブン,痴女ヘブンBEST,,蕩婦、合集、花癡、女上位、高畫質、DMM獨家,松本いちか、黒川すみれ、倉本すみれ、藤森里穂、初川みなみ、堀内未果子、JULIA、月乃ルナ、北野未奈、本真ゆり、飛鳥りいな、凛音とうか、水川スミレ、ERINA、百永さりな、羽生アリサ、AIKA,https://www.javbus.com/CJOB-140,
CJOB-139 イッてもチ〇ポ離さない！凄テクスケベ痴女に追撃男潮で38発も吹かされちゃったボクBEST,CJOB-139 イッてもチ〇ポ離さない！凄テクスケベ痴女に追撃男潮で38発も吹かされちゃったボクBEST,CJOB-139,,2023-10-20,240分鐘,,痴女ヘブン,痴女ヘブンBEST,,蕩婦、合集、花癡、高畫質、男の潮吹き、DMM獨家,松本いちか、倉本すみれ、さつき芽衣、深田えいみ、ERINA、永瀬ゆい、冨安れおな、JULIA、篠田ゆう、月乃ルナ、吉根ゆりあ、堀内未果子、久留木玲、南乃そら、吉良りん、向井藍、佐伯由美香、初川みなみ、松本菜奈実、初愛ねんね、藤森里穂、本真ゆり、大槻ひびき、美波もも、真木今日子、水川スミレ、百永さりな、北野未奈、佐山愛、凪沙ゆきの,https://www.javbus.com/CJOB-139,
BMW-290 過激コスプレ爆乳スケベ女と49発中出ししちゃったボクBEST,BMW-290 過激コスプレ爆乳スケベ女と49発中出ししちゃったボクBEST,BMW-290,,2023-09-29,240分鐘,,ワンズファクトリー,WANZ,,蕩婦、合集、中出、女上位、高畫質、兔女郎、巨乳、DMM獨家,佐山愛、JULIA、つぼみ、結城りの、桐谷まつり、蓮実クレア、篠田ゆう、枢木みかん、さつき芽衣、田中ねね、水原みその、深田えいみ,https://www.javbus.com/BMW-290,
BMW-291 「イヤっ！中に出すのは絶対にダメっ！」 乱れた衣服が最高のオカズ着衣バックレ×プ中出し50連発Vol.2,BMW-291 「イヤっ！中に出すのは絶対にダメっ！」 乱れた衣服が最高のオカズ着衣バックレ×プ中出し50連発Vol.2,BMW-291,,2023-09-29,240分鐘,,ワンズファクトリー,WANZ,乱れた衣服が最高のオカズ着衣バックレ×プ中出し50連発,合集、美少女、羞恥、中出、高畫質、巨乳、バック、DMM獨家,JULIA、佐山愛、松本いちか、倉本すみれ、瀬田一花、希咲那奈、双葉くるみ、朝田ひまり、朝日奈かれん、穂花あいり、三舩みすず、三浦乃愛、佐野なつ、根尾あかり、工藤ララ、月野かすみ、月乃ルナ、椎名そら、東條なつ、乃木蛍、本田のえる、美波もも、堀沢茉由、花狩まい、横宮七海、逢見リカ、つぼみ、新井リマ、アンナ、丘えりな、結城りの、さつき芽衣、小泉ひなた、川北メイサ,https://www.javbus.com/BMW-291,
PBD-450 後ろからガンガン鬼ピストンされ、チ○ポの快楽に負け、何度もイキ狂わされたワタシ…BEST,PBD-450 後ろからガンガン鬼ピストンされ、チ○ポの快楽に負け、何度もイキ狂わされたワタシ…BEST,PBD-450,,2023-09-15,240分鐘,,プレミアム,PREMIUM BEST,,合集、花癡、姐姐、中出、高畫質、汗だく、DMM獨家,山岸逢花、楪カレン、竹内有紀、星奈あい、藤森里穂、望月あられ、香椎花乃、与田さくら、JULIA、月乃ルナ、篠田ゆう、辻井ほのか、乙アリス、堀北わん、希島あいり、AIKA、櫻井まみ、花沢ひまり、森日向子、深田えいみ,https://www.javbus.com/PBD-450,
RBB-265 いやぁ！！だめだめだめぇぇぇっ！！！！ 中出しを嫌がり必死に抵抗する女を完全絶望させる中出し8時間（RBB-265）,RBB-265 いやぁ！！だめだめだめぇぇぇっ！！！！ 中出しを嫌がり必死に抵抗する女を完全絶望させる中出し8時間（RBB-265）,RBB-265,,2023-09-08,480分鐘,,ROOKIE,ROOKIE,中出しを嫌がり必死に抵抗する女,各種職業、美少女、中出、高畫質、孕ませ、DMM獨家,深田えいみ、加藤ももか、JULIA、つぼみ、永瀬ゆい、枢木あおい、日向うみ、今井夏帆、向井藍、桐谷まつり、新美かりん、羽田つばさ、琴石ゆめる、瀬名ひかり、麻倉憂、希崎ジェシカ、辻井ほのか、中城葵、新井エリー（晶エリー、大沢佑香）、蓮実クレア、岬ななみ、伊藤舞雪、笠木いちか、赤瀬尚子、根尾あかり、柊るい、奏音かのん、月乃さくら、初音みのり、渚みつき、甘乃つばき、神宮寺ナオ、松永さな、永井みひな、秋山祥子、椎名そら、咲々原リン、あおいれな、有坂深雪、美谷朱里、河南実里、あべみかこ、Hitomi（田中瞳）、天海つばさ、阿部栞菜、高杉麻里、八乃つばさ、榎本美咲、工藤まなみ、君島みお、永野いち夏、星奈あい、東條なつ、松本いちか、紺野みいな、夜空あみ、花沢ひまり、乃木蛍、宝生リリー、真白ここ、月乃ルナ,https://www.javbus.com/RBB-265,
BMW-289 女がエヅく程にノドが締まって気持ちイイ！喉ボコ鬼畜イラマピストンBEST,BMW-289 女がエヅく程にノドが締まって気持ちイイ！喉ボコ鬼畜イラマピストンBEST,BMW-289,,2023-09-01,240分鐘,,ワンズファクトリー,WANZ,,合集、花癡、深喉、高畫質、DMM獨家、吞精,倉本すみれ、松本いちか、東條なつ、花狩まい、小梅えな、星宮ゆのん、美波もも、花沢ひまり、つぼみ、佐山愛、根尾あかり、JULIA、横宮七海、工藤ララ、月野かすみ、沙月恵奈、さつき芽衣、辻井ほのか、樋口みつは、朝田ひまり、七瀬アリス、乃木蛍、双葉くるみ、アンナ、本田のえる、初愛ねんね、佐野なつ、逢見リカ、桐谷まつり、久留木玲、奏音かのん、結城りの、永野いち夏、深田えいみ、川北メイサ、月乃ルナ、三舩みすず、瀬田一花、水川スミレ,https://www.javbus.com/BMW-289,
CJOB-136 耳元ささやき射精されBestドスケベ淫語ささやかれながらチ○ポをグリグリしごかれ何度も痴女られる！,CJOB-136 耳元ささやき射精されBestドスケベ淫語ささやかれながらチ○ポをグリグリしごかれ何度も痴女られる！,CJOB-136,,2023-08-18,240分鐘,,痴女ヘブン,痴女ヘブンBEST,,蕩婦、乳交、合集、淫語、女上位、高畫質、DMM獨家、打手槍,JULIA、本真ゆり、さつき芽衣、月乃ルナ、姫咲はな、初川みなみ、宝田もなみ、夕季ちとせ、吉根ゆりあ、真木今日子、川上ゆう（森野雫）、有岡みう、百瀬あすか、吉良りん、東條なつ、蓮実クレア、凪沙ゆきの、黒川すみれ、成美このは,https://www.javbus.com/CJOB-136,
PPBD-263 「もう壊れちゃうってばぁ！」 下からお構いなしにピストン！イッても追撃をやめない突き上げ乳揺れ騎乗位BEST,PPBD-263 「もう壊れちゃうってばぁ！」 下からお構いなしにピストン！イッても追撃をやめない突き上げ乳揺れ騎乗位BEST,PPBD-263,,2023-08-11,240分鐘,,OPPAI,OPPAI,,潮吹、合集、花癡、中出、女上位、高畫質、巨乳、DMM獨家,小花のん、櫻茉日、楪カレン、羽生みずき、中条りの、蜜美杏、夕美しおん、有賀みなほ、朝田ひまり、穂花あいり、桃瀬くるみ、宮名遥、さつき芽衣、水原みその、初愛ねんね、早見依桜、有馬凛、有栖いおり、水川スミレ、壇凛沙、凪沙ゆきの、神坂朋子、あいだ飛鳥、吉岡ひより、月野かすみ、星宮ゆのん、綾瀬ことは、Hitomi（田中瞳）、高岡美鈴、藤咲エレン、永田莉雨、JULIA、凛音とうか、今井夏帆、小梅えな、千歳りあ、葉月シュリ、中野七緒,https://www.javbus.com/PPBD-263,
PBD-447 射精直前のフェラチオラッシュ88連発BEST,PBD-447 射精直前のフェラチオラッシュ88連発BEST,PBD-447,,2023-08-11,240分鐘,,プレミアム,PREMIUM BEST,,口交、合集、姐姐、高畫質、顏射、DMM獨家、吞精,山岸逢花、楪カレン、竹内有紀、JULIA、妃ひかり、横宮七海、夏希まろん、尾崎えりか、星奈あい、藤森里穂、櫻井まみ、香椎花乃、椿りょう、広瀬りおな、初川みなみ、堀内未果子、結城りの、花沢ひまり、与田さくら、里美ゆりあ、舞原聖、倉多まお、今井夏帆、蓮実クレア、根尾あかり、篠田ゆう、さつき芽衣、乙アリス、希島あいり、森日向子、波多野結衣,https://www.javbus.com/PBD-447,
RBB-263 溜め込んだ精子をぜ～んぶ子宮にぶちまけろ！ 射精寸前 ドックドク中出し種付けSEX60連発8時間,RBB-263 溜め込んだ精子をぜ～んぶ子宮にぶちまけろ！ 射精寸前 ドックドク中出し種付けSEX60連発8時間,RBB-263,,2023-08-04,480分鐘,,ROOKIE,ROOKIE,溜め込んだ精子を子宮にぶちまける！ ドックドク中出し100連発,蕩婦、合集、中出、高畫質、DMM獨家,松本いちか、倉本すみれ、多田有花、乙アリス、推川ゆうり、森日向子、花狩まい、川北メイサ、若月みいな、石原希望、つぼみ、斎藤あみり、堀北わん、天然美月、枢木あおい、AIKA、北野未奈、藤森里穂、沙月恵奈、西宮ゆめ、河北あさひ、吉岡ひより、蜜美杏、佐伯由美香、初川みなみ、結城りの、星宮ゆのん、ERINA、月乃ルナ、浜崎真緒、佐山愛、水原みその、安達ゆら、さつき芽衣、小花のん、日向ひかげ、吉根ゆりあ、JULIA、夕美しおん、大槻ひびき、綾瀬こころ、永井マリア、星乃夏月、藤子みお、水川スミレ、弥生みづき、矢野沙衣、森沢かな（飯岡かなこ）、花沢ひまり、波多野結衣、尾崎えりか、通野未帆、百永さりな、明里つむぎ、日向なつ、逢見リカ、工藤ララ、篠田ゆう,https://www.javbus.com/RBB-263,
CJOB-134 後ろから悶絶手コキでイカされちゃったボクBEST,CJOB-134 後ろから悶絶手コキでイカされちゃったボクBEST,CJOB-134,,2023-07-21,240分鐘,,痴女ヘブン,痴女ヘブンBEST,,蕩婦、合集、姐姐、高畫質、巨乳、男の潮吹き、DMM獨家、打手槍,JULIA、松本いちか、月乃ルナ、篠田ゆう、大槻ひびき、ERINA、星奈あい、永瀬ゆい、さつき芽衣、南乃そら、渚みつき、AIKA、深田えいみ、姫咲はな、久留木玲、蓮実クレア、波多野結衣、倉多まお、八乃つばさ、向井藍、冨安れおな、美波もも、黒川すみれ、真木今日子、成美このは、吉良りん、美谷朱里,https://www.javbus.com/CJOB-134,
CJOB-133 M男の…敏感なチ・ク・ビ ひたすら！こねくり！イジリ犯しながら！騎乗位中出しでイカせてアゲルBEST,CJOB-133 M男の…敏感なチ・ク・ビ ひたすら！こねくり！イジリ犯しながら！騎乗位中出しでイカせてアゲルBEST,CJOB-133,,2023-07-21,240分鐘,,痴女ヘブン,痴女ヘブンBEST,,蕩婦、合集、中出、女上位、高畫質、M男、DMM獨家,松本いちか、倉本すみれ、渚みつき、JULIA、AIKA、推川ゆうり、川上ゆう（森野雫）、月乃ルナ、黒川すみれ、乙アリス、さつき芽衣、久留木玲、佐伯由美香、宝田もなみ、美波もも、吉根ゆりあ、佐山愛、花沢ひまり、若宮はずき、森日向子、蓮実クレア、篠田ゆう、本真ゆり、藤森里穂、北野未奈、羽生アリサ、真木今日子、水川スミレ,https://www.javbus.com/CJOB-133,
PBD-445 美女の唾液ねっとり濃厚すぎる接吻中出しセックスで何度もイカされちゃったボクBEST,PBD-445 美女の唾液ねっとり濃厚すぎる接吻中出しセックスで何度もイカされちゃったボクBEST,PBD-445,,2023-07-14,240分鐘,,プレミアム,PREMIUM BEST,,蕩婦、合集、姐姐、數位馬賽克、中出、女上位、高畫質、キス・接吻、DMM獨家,山岸逢花、楪カレン、竹内有紀、星奈あい、永井マリア、深田えいみ、与田さくら、月乃ルナ、香椎花乃、希島あいり、蓮実クレア、篠田ゆう、櫻井まみ、JULIA、夏希まろん、枢木あおい,https://www.javbus.com/PBD-445,
PBD-444 先生とボクが一線を越えて中出しセックスをしてしまった日。総集編8時間,PBD-444 先生とボクが一線を越えて中出しセックスをしてしまった日。総集編8時間,PBD-444,,2023-07-14,480分鐘,,プレミアム,PREMIUM BEST,,女教師、合集、數位馬賽克、中出、高畫質、キス・接吻、巨乳、DMM獨家,山岸逢花、楪カレン、篠田ゆう、藤森里穂、大槻ひびき、AIKA、香椎花乃、希島あいり、さつき芽衣、星奈あい、北乃ゆな、花沢ひまり、波多野結衣、尾崎えりか、JULIA、蓮実クレア、初川みなみ,https://www.javbus.com/PBD-444,
VENE-006 【お中元】【極盛】【巨乳】湯けむり近親相姦 まるごと15タイトル ノーカット1400分,VENE-006 【お中元】【極盛】【巨乳】湯けむり近親相姦 まるごと15タイトル ノーカット1400分,VENE-006,,2023-07-14,1400分鐘,,VENUS,INCEST（ヴィーナス）,湯けむり近親相姦,成熟的女人、亂倫、已婚婦女、中出、高畫質、16時間以上作品、設置項目、巨乳、福袋、DMM獨家,JULIA、篠田あゆみ、後藤里香、神咲紗々、神山なな、水澄ひかり、藤波さえ、長谷川リホ、牧村彩香、西條るり、若槻みづな、星野千紗、相澤ゆりな、長澤あずさ、風間ゆみ,https://www.javbus.com/VENE-006,
MMXD-034 未満過去10年で最もエロかった大当たり 神乳穢し撮り犠牲者50名 完全保存版コレクション,MMXD-034 未満過去10年で最もエロかった大当たり 神乳穢し撮り犠牲者50名 完全保存版コレクション,MMXD-034,,2023-06-30,480分鐘,,未満,未満,未満ベスト,苗條、制服、乳房、介紹影片、高畫質、巨乳、DMM獨家,蒼井りあん、ほむら優音、舞奈みく、初愛ねんね、凪沙ゆきの、稲場るか、淡月みたま、JULIA、藤井あかり、赤井美月、天音まひな、神坂朋子、凛音とうか、露梨あやせ、佐藤りこ、佐知子、朱莉きょうこ、高岡美鈴、夢乃あいか、逢田みなみ、花守みらい、柊るい、伊藤舞雪、百々谷りあ、妃宮侑里、あやみ旬果、桐谷まつり、小栗もなか、雛鶴みお、御坂恵衣、白石めい、有栖いおり、水卜さくら、千寿まゆ、深田ナナ、羽咲みはる、RION、佐倉ねね,https://www.javbus.com/MMXD-034,
BMW-285 膣穴と喉奥を同時にエグる男根サンドバック！上下串刺しアクメBEST,BMW-285 膣穴と喉奥を同時にエグる男根サンドバック！上下串刺しアクメBEST,BMW-285,,2023-06-30,240分鐘,,ワンズファクトリー,WANZ,,濫交、口交、合集、花癡、中出、高畫質、DMM獨家,白桃はな、小花のん、東條なつ、花狩まい、深田えいみ、つぼみ、佐山愛、JULIA、花沢ひまり、倉本すみれ、七瀬アリス、花音うらら、綾瀬こころ、笹原麻未、水川スミレ、夕季ちとせ、望月あやか、双葉くるみ、姫咲はな、木月りり、結城りの、星乃マミ、本田のえる、由愛可奈、月野かすみ、工藤ララ、白川ゆず、横宮七海、月乃ルナ、佐伯由美香,https://www.javbus.com/BMW-285,
CJOB-131 デカ乳ブルンッ！ブルンッ！チ○ポ貪る腰振りで何発も何発も射精されるッ！逆レ○プ騎乗位BEST,CJOB-131 デカ乳ブルンッ！ブルンッ！チ○ポ貪る腰振りで何発も何発も射精されるッ！逆レ○プ騎乗位BEST,CJOB-131,,2023-06-23,240分鐘,,痴女ヘブン,痴女ヘブンBEST,,蕩婦、合集、花癡、中出、女上位、高畫質、巨乳、DMM獨家,JULIA、佐山愛、藤森里穂、吉根ゆりあ、妃ひかり、有岡みう、水川スミレ、西村ニーナ、百永さりな、凛音とうか、本真ゆり、松本菜奈実、美波もも、北野未奈、塚田詩織、姫咲はな、初愛ねんね、宝田もなみ、夕季ちとせ、推川ゆうり、真木今日子、若月みいな,https://www.javbus.com/CJOB-131,
PBD-443 綺麗なお姉さんに濃厚中出し！射精直前！鬼ピストンラッシュ！70本番BEST,PBD-443 綺麗なお姉さんに濃厚中出し！射精直前！鬼ピストンラッシュ！70本番BEST,PBD-443,,2023-06-16,240分鐘,,プレミアム,PREMIUM BEST,,合集、花癡、姐姐、數位馬賽克、凌辱、中出、高畫質、巨尻、DMM獨家,山岸逢花、楪カレン、竹内有紀、JULIA、月乃ルナ、AIKA、森日向子、尾崎えりか、吉良りん、結城りの、希島あいり、白桃はな、川上奈々美、堀北わん、初川みなみ、さつき芽衣、妃ひかり、乙アリス、篠田ゆう、香椎花乃、蓮実クレア、松本いちか、佐知子、深田えいみ、永井マリア、新井エリー（晶エリー、大沢佑香）、今井夏帆、辻井ほのか、夏希まろん、波多野結衣、藤森里穂、星奈あい、櫻井まみ、花沢ひまり,https://www.javbus.com/PBD-443,
PBD-442 大ッ嫌いな男達に何度も何度も犯●れる8時間50本番,PBD-442 大ッ嫌いな男達に何度も何度も犯●れる8時間50本番,PBD-442,,2023-06-16,480分鐘,,プレミアム,PREMIUM BEST,,合集、花癡、數位馬賽克、凌辱、中出、高畫質、出軌、DMM獨家,山岸逢花、深田えいみ、竹内有紀、AIKA、月乃ルナ、楪カレン、星奈あい、高杉麻里、JULIA、黒川すみれ、蓮実クレア、香椎花乃、櫻井まみ、吉良りん,https://www.javbus.com/PBD-442,
PPBD-258 絡みつく肉感と密着おっぱいで興奮倍プッシュ！後ろから痴女手コキBEST,PPBD-258 絡みつく肉感と密着おっぱいで興奮倍プッシュ！後ろから痴女手コキBEST,PPBD-258,,2023-06-16,240分鐘,,OPPAI,OPPAI,,蕩婦、其他戀物癖、合集、戀乳癖、高畫質、巨乳、DMM獨家、打手槍,楪カレン、Hitomi（田中瞳）、桐谷まつり、JULIA、深田えいみ、朝倉ここな、あいだ飛鳥、目黒めぐみ、飛鳥りいな、深沢いのり、川村晴、真木今日子、藤森里穂、咲々原リン、櫻茉日、高橋りほ、冨安れおな、壇凛沙、葵百合香、桃瀬くるみ、新村あかり、乙アリス、春菜はな、辻井ほのか、永井マリア、百永さりな、神坂朋子、夕美しおん、織田真子、北野未奈、片瀬みさ、野咲美桜、月見伊織、妃ひかり、蜜美杏、結城りの、夏希まろん、美園和花、川北メイサ、君島みお、新井エリー（晶エリー、大沢佑香）、小花のん,https://www.javbus.com/PPBD-258,
RBB-260 神乳 一生に一度は拝んでみたい神がかった美しいおっぱい SSS級ベスト8時間,RBB-260 神乳 一生に一度は拝んでみたい神がかった美しいおっぱい SSS級ベスト8時間,RBB-260,,2023-06-09,480分鐘,,ROOKIE,ROOKIE,ROOKIEベスト,乳交、其他戀物癖、合集、美少女、乳房、高畫質、巨乳、DMM獨家,花柳杏奈、吉根ゆりあ、水卜さくら、桃園怜奈、ひなたまりん、北野未奈、椿りか、伊織羽音、さつき芽衣、水原みその、うんぱい、日向かえで、三上悠亜、山手梨愛、つばさ舞、楪カレン、葉風ゆりあ、推川ゆうり、有栖花あか、安位カヲル、愛宝すず、田中ねね、有村のぞみ、八乃つばさ、蜜美杏、桃乃木かな、梓ヒカリ、小宵こなん、弥生みづき、小花のん、美園和花、あやみ旬果、宝田もなみ、桐谷まつり、朝日りん、奥田咲、JULIA,https://www.javbus.com/RBB-260,
BMW-282 絶頂中の女に怒涛の中出し30連発,BMW-282 絶頂中の女に怒涛の中出し30連発,BMW-282,,2023-06-02,240分鐘,,ワンズファクトリー,WANZ,,花癡、多P、中出、女上位、高畫質、アクメ・オーガズム、DMM獨家,白桃はな、倉本すみれ、花狩まい、川上奈々美、愛須心亜、深田えいみ、里美ゆりあ、今井夏帆、花音うらら、朝比奈ななせ、白川ゆず、麻倉憂、月野かすみ、小梅えな、松本菜奈実、桐谷まつり、椎名そら、根尾あかり、佐山愛、JULIA、稲場るか、奏音かのん、佐藤エル、久留木玲、本田のえる、希咲那奈、穂花あいり、瀬田一花、つぼみ、逢見リカ,https://www.javbus.com/BMW-282,
CJOB-129 「もう中に出してるってばぁ～」デカ尻杭打ち騎乗位90発！BEST,CJOB-129 「もう中に出してるってばぁ～」デカ尻杭打ち騎乗位90発！BEST,CJOB-129,,2023-05-19,240分鐘,,痴女ヘブン,痴女ヘブンBEST,,蕩婦、合集、屁股、中出、女上位、高畫質、巨尻、DMM獨家,松本いちか、JULIA、森日向子、花沢ひまり、工藤ララ、黒川すみれ、堀内未果子、深田えいみ、波多野結衣、倉多まお、花音うらら、永野いち夏、あおいれな、吉根ゆりあ、さつき芽衣、弥生みづき、乙アリス、倉本すみれ、ERINA、川上ゆう（森野雫）、真木今日子、百永さりな、美波もも、佐山愛、AIKA、若月みいな、夕季ちとせ、宝田もなみ、塚田詩織、姫咲はな、有岡みう、月乃ルナ、篠田ゆう、蓮実クレア、今井夏帆、伊東める、若宮はずき、推川ゆうり,https://www.javbus.com/CJOB-129,
PBD-441 綺麗なお姉さんの尻穴が見えるほど杭打ち騎乗位で60発も痴女られたボク…BEST,PBD-441 綺麗なお姉さんの尻穴が見えるほど杭打ち騎乗位で60発も痴女られたボク…BEST,PBD-441,,2023-05-12,240分鐘,,プレミアム,PREMIUM BEST,,蕩婦、合集、姐姐、數位馬賽克、中出、女上位、高畫質、巨尻、DMM獨家,山岸逢花、楪カレン、竹内有紀、JULIA、星奈あい、櫻井まみ、香椎花乃、篠田ゆう、月乃ルナ、花沢ひまり、堀内未果子、流川莉央、初川みなみ、枢木あおい、希島あいり、波多野結衣,https://www.javbus.com/PBD-441,
BMW-281 アヘ顔でエビ反り！アクメ潮！大絶叫！ガクブル痙攣キメセク SEX中毒女 中出しBEST,BMW-281 アヘ顔でエビ反り！アクメ潮！大絶叫！ガクブル痙攣キメセク SEX中毒女 中出しBEST,BMW-281,,2023-04-28,240分鐘,,ワンズファクトリー,WANZ,,潮吹、合集、中出、高畫質、汗だく、アクメ・オーガズム、DMM獨家,佐山愛、JULIA、つぼみ、沙月恵奈、姫咲はな、夕季ちとせ、工藤ララ、横宮七海、本田のえる、月乃ルナ、佐知子、双葉くるみ,https://www.javbus.com/BMW-281,
PPBD-256 オッパイにむぎゅむぎゅ圧迫されて甘えたい！！授乳手コキ4時間BEST,PPBD-256 オッパイにむぎゅむぎゅ圧迫されて甘えたい！！授乳手コキ4時間BEST,PPBD-256,,2023-04-14,240分鐘,,OPPAI,OPPAI,,口交、合集、姐姐、乳房、高畫質、巨乳、DMM獨家、打手槍,希咲アリス、楪カレン、Hitomi（田中瞳）、吉根ゆりあ、優月まりな、あいだ飛鳥、香坂紗梨、中野七緒、宝田もなみ、桐谷まつり、JULIA,https://www.javbus.com/PPBD-256,
RBB-256 痴女の天才が超責めてくる！ 8時間スペシャルBEST【第2弾】,RBB-256 痴女の天才が超責めてくる！ 8時間スペシャルBEST【第2弾】,RBB-256,,2023-04-07,480分鐘,,ROOKIE,ROOKIE,ROOKIEベスト,蕩婦、其他戀物癖、合集、淫語、高畫質、M男、DMM獨家,赤瀬尚子、川上奈々美、広瀬りおな、美谷朱里、神坂朋子、天使もえ、桜華みゆ、吉高寧々、葵つかさ、天川そら、桐谷まつり、加藤ももか、星乃星良、琴石ゆめる、天音ゆい、日向なつ、栗宮ふたば、三上悠亜、永井マリア、泉あや、若宮はずき、辻井ほのか、堀内未果子、JULIA、北野未奈、斎藤あみり、桜空もも、梓ヒカリ、藤井いよな、神菜美まい、椎名そら、ERINA、松本いちか、松ゆきの、渚みつき、凛音とうか、さつき芽衣、田中ねね、永瀬ゆい、篠田ゆう,https://www.javbus.com/RBB-256,
PPBD-254 ロケット巨乳！未成熟巨乳！スレンダー巨乳！ 巨乳女子と1か月の日替わりルームシェア密着イチャラブSEXカレンダー,PPBD-254 ロケット巨乳！未成熟巨乳！スレンダー巨乳！ 巨乳女子と1か月の日替わりルームシェア密着イチャラブSEXカレンダー,PPBD-254,,2023-03-17,240分鐘,,OPPAI,OPPAI,,乳交、合集、中出、女上位、高畫質、巨乳、DMM獨家,香坂紗梨、JULIA、桐谷まつり、辻井ほのか、乙アリス、朝田ひまり、Hitomi（田中瞳）、姫咲はな、神坂朋子、百永さりな、朝日奈かれん、辻さくら、水原みその、藤森里穂、月野かすみ、楪カレン、瀬田一花,https://www.javbus.com/PPBD-254,
REBD-725 REbecca STARS10-The charmings-,REBD-725 REbecca STARS10-The charmings-,REBD-725,,2023-02-16,193分鐘,MAX★,REbecca,REbecca,REbecca STARS,介紹影片、性感的、高畫質,明里つむぎ、JULIA、架乃ゆら、小倉由菜、本庄鈴、小梅えな、石原希望、鈴村あいり、唯井まひろ、桃園怜奈、美乃すずめ、伊藤舞雪,https://www.javbus.com/REBD-725,
RBB-251 やっぱりマ●コに種付けがしたい！ 溜め込んだ精子を子宮にぶちまける瞬間が最高に気持ちいいドックドク中出しBEST 8時間,RBB-251 やっぱりマ●コに種付けがしたい！ 溜め込んだ精子を子宮にぶちまける瞬間が最高に気持ちいいドックドク中出しBEST 8時間,RBB-251,,2023-02-10,480分鐘,,ROOKIE,ROOKIE,,合集、美少女、中出、女上位、高畫質、バック、DMM獨家,希島あいり、枢木あおい、つぼみ、北野未奈、木咲あんな、有坂深雪、夏希まろん、真木今日子、水川スミレ、朝比奈ななせ、篠田ゆう、藤森里穂、岬さくら、美谷朱里、さつき芽衣、北条麻妃、川北メイサ、百瀬あすか、由愛可奈、堀北わん、水原みその、新村あかり、唯奈みつき、乙アリス、桜空もも、白桃はな、REMI、栗宮ふたば、森日向子、花沢ひまり、柚希愛、牧野みおな、松本いちか、朝倉ここな、川上ゆう（森野雫）、百永さりな、深田えいみ、斎藤あみり、櫻井まみ、月乃ルナ、東條なつ、黒川すみれ、初川みなみ、沙月恵奈、宮名遥、AIKA、吉根ゆりあ、七瀬アリス、若月みいな、桃瀬くるみ、JULIA、西宮ゆめ、伊藤舞雪、塚田詩織、蜜美杏、佐野なつ、楠有栖、小梅えな、白川ゆず、姫咲はな、小花のん、川上奈々美、石原希望、天音ゆい、穂花あいり、吉岡ひより、倉本すみれ、深月めい、永井マリア、堀内未果子、琴石ゆめる、藍芽みずき,https://www.javbus.com/RBB-251,
CJOB-122 乳首ビンビン豊満ボディ痴女と汗だく肉弾セックス31本番BEST,CJOB-122 乳首ビンビン豊満ボディ痴女と汗だく肉弾セックス31本番BEST,CJOB-122,,2023-01-20,240分鐘,,痴女ヘブン,痴女ヘブンBEST,,乳交、合集、中出、女上位、高畫質、汗だく、巨乳、DMM獨家,JULIA、佐山愛、夕季ちとせ、藤森里穂、真木今日子、椿りか、瀬名ひかり、姫咲はな、水川スミレ、推川ゆうり、辻井ほのか、凪沙ゆきの,https://www.javbus.com/CJOB-122,
PPBD-250 「ナカに出すのはね…女も男も最高に気持ちイイのよ…」 巨乳人妻に誘惑されめちゃくちゃSEXして中出ししまくった,PPBD-250 「ナカに出すのはね…女も男も最高に気持ちイイのよ…」 巨乳人妻に誘惑されめちゃくちゃSEXして中出ししまくった,PPBD-250,,2023-01-13,236分鐘,,OPPAI,OPPAI,,合集、通姦、中出、高畫質、汗だく、巨乳、DMM獨家,JULIA、Hitomi（田中瞳）、永井マリア、赤瀬尚子、織田真子、桐谷まつり、君島みお、凛音とうか、吉根ゆりあ、中野七緒、篠田ゆう、藤森里穂、月野かすみ、楪カレン、夕美しおん,https://www.javbus.com/PPBD-250,
RBB-250 近くにヒトがいるのにバレちゃうよ 声我慢セックス8時間,RBB-250 近くにヒトがいるのにバレちゃうよ 声我慢セックス8時間,RBB-250,,2023-01-06,480分鐘,,ROOKIE,ROOKIE,ROOKIEベスト,蕩婦、羞恥、中出、高畫質、出軌、巨乳、DMM獨家,桜もこ、真白ここ、時多しほり、秋山祥子、JULIA、有坂深雪、つぼみ、宝田もなみ、伊藤舞雪、百田くるみ、結城りの、坂道みる、小梅えな、永瀬ゆい、北野未奈、堀内未果子、渚みつき、日向うみ,https://www.javbus.com/RBB-250,
RBB-249 嫌いな相手に強引に迫られて… 抵抗できずにチ●ポを捻じ込まれる嫌々SEX8時間,RBB-249 嫌いな相手に強引に迫られて… 抵抗できずにチ●ポを捻じ込まれる嫌々SEX8時間,RBB-249,,2023-01-06,480分鐘,,ROOKIE,ROOKIE,,OL、已婚婦女、花癡、中出、高畫質、DMM獨家,AIKA、伊織羽音、黒川すみれ、JULIA、七沢みあ、広瀬みつき、ジューン・ラブジョイ、小島みなみ、花狩まい、篠田ゆう、羽咲みはる、有坂深雪、月乃ルナ、水原みその、梓ヒカリ、北野未奈、葵つかさ、星宮一花、香澄りこ、西宮ゆめ、夢見るぅ、希島あいり、明里つむぎ、初音みのり、深田結梨、吉野里奈、桜もこ、永野いち夏、堀内未果子、伊藤舞雪、二葉エマ、さつき芽衣、桃乃木かな、白川ゆず、辻さくら、桃園怜奈、天海つばさ、紗々原ゆり、琴石ゆめる、初愛ねんね、舞原聖、八木奈々,https://www.javbus.com/RBB-249,
CJOB-124 ずぅ～っと乳首こねくりながら何度も射精かせてアゲルBEST2（CJOB-124）,CJOB-124 ずぅ～っと乳首こねくりながら何度も射精かせてアゲルBEST2（CJOB-124）,CJOB-124,,2022-12-23,240分鐘,,痴女ヘブン,痴女ヘブンBEST,ずぅ～っと乳首こねくりながら何度も射精かせてアゲル,蕩婦、合集、淫語、多P、高畫質、DMM獨家,花沢ひまり、森日向子、白桃はな、藤森里穂、冨安れおな、さつき芽衣、永瀬ゆい、姫川ゆうな、有岡みう、黒川すみれ、北野未奈、渚みつき、JULIA、月乃ルナ、枢木あおい、初川みなみ、深田結梨、REMI、波多野結衣、佐伯由美香、大槻ひびき、塚田詩織、浜崎真緒、久留木玲、AIKA、松本いちか、吉根ゆりあ,https://www.javbus.com/CJOB-124,
MBYD-373 女教師NTR 学年主任の妻が修学旅行の下見へ行ったきり…8時間ベストvol.2,MBYD-373 女教師NTR 学年主任の妻が修学旅行の下見へ行ったきり…8時間ベストvol.2,MBYD-373,,2022-12-16,480分鐘,,溜池ゴロー,溜池ゴロー,女教師NTR,合集、已婚婦女、通姦、中出、高畫質、出軌、DMM獨家,水川スミレ、岬さくら、ジューン・ラブジョイ、月乃ルナ、中野七緒、JULIA,https://www.javbus.com/MBYD-373,
JFB-306 Fitch15周年記念第4弾 極上フェラチオで射精直前の1番気持ち良い瞬間150連発8時間BEST,JFB-306 Fitch15周年記念第4弾 極上フェラチオで射精直前の1番気持ち良い瞬間150連発8時間BEST,JFB-306,,2022-12-16,480分鐘,,Fitch,Fitch,,口交、合集、數位馬賽克、高畫質、顏射、巨乳、DMM獨家、吞精,小池絵美子、酒井ちなみ（紫葵）、風間ゆみ、牧原れい子、北条麻妃、和葉みれい（藤白まき）、一戸のぞみ、佐藤みき（佐藤美紀、鈴木志帆）、深田梨菜（深田梨奈）、浅倉彩音、折原ゆかり、片岡梨沙、澤村レイコ（高坂保奈美、高坂ますみ）、波多野結衣、松下ゆうか（愛乃彩音、藤咲ゆうか）、白川莉紗、小向まな美、椎名ゆな、藤沢未央、結城みさ、JULIA、瀬戸りょう、鈴香音色、柳田やよい、倖田李梨（倖田美梨、岩下美季）、鏡麗子、七瀬ゆい（羽田未来）、翔田千里、青木りん、妃乃ひかり、星野あかり、春風えみ、志村玲子、瀬奈涼、芦沢彩乃、北条アミ、村上涼子（中村りかこ、黒木菜穂）、青山菜々、星優乃、広瀬奈々美（堀口奈津美）、寧々、倉木みお、三浦恵理子、さとう遥希、菜月アンナ、杉本亜美、涼本清美、轟ここ、彩佳リリス（藤崎クロエ）、西條るり、藤崎梨々花、篠田ゆう、倉多まお、神代みゆ、桜咲ひな、織田真子、小早川怜子、高下えりか、夢野怜子、Seiko。、石川しずか、倉持結愛、本真ゆり、さくら悠、北川瞳、蓮実クレア、小沢アリス、伊島香織、AIKA、卯水咲流、杏美月、音無かおり、真木今日子、あきな、仁科百華、加山なつこ、寺島志保、田中ねね、吉澤留美、流田みな実、君島みお、本田莉子、江上しほ、優木いおり、新垣智江、松井優子、桃園怜奈、星奈あい、うららか麗、優月まりな、林ゆな、浜崎まりあ、根尾あかり、西田琴音、若菜奈央、新井梓、椿織さとみ、宮藤尚美、柳みゆう、月島ななこ、稲場るか、篠田あゆみ、小向美奈子、NAOMI、KAORI、澁谷果歩、長瀬涼子、桜ちなみ、松本菜奈実、工藤まなみ、八乃つばさ、新村あかり、牧村柚希、七草ちとせ、吹石れな、ももい理乃、碓氷れん、立花瑠莉、市来美保、かなで自由、大浦真奈美、佐々木あき、長瀬麻美、八木美智香、海空花、成海美雨、原ちとせ、花音うらら、真奈りおな、目黒めぐみ、松本いちか、さつき芽衣、優里なお、倉田アンナ、加藤ももか、河北はるな、あかぎ碧、椎名そら、永井マリア、麻季ゆず、宝田もなみ、葉月桃、黒宮えいみ、宮本紗希、美里詩織、斉藤みゆ、西条沙羅、水原アリサ、水野朝陽、松坂美紀、大場ゆい,https://www.javbus.com/JFB-306,
PPBD-249 ピストンで爆乳を激しく揺らしシンクロ絶頂！正常位中出し105連発BEST！,PPBD-249 ピストンで爆乳を激しく揺らしシンクロ絶頂！正常位中出し105連発BEST！,PPBD-249,,2022-12-16,240分鐘,,OPPAI,OPPAI,,蕩婦、合集、中出、高畫質、ハーレム、巨乳、DMM獨家,楪カレン、水原みその、藤森里穂、乙アリス、稲場るか、凛音とうか、JULIA、新井エリー（晶エリー、大沢佑香）、瀬田一花、織田真子、永井マリア、目黒めぐみ、有栖いおり、逢見リカ、美園和花、北野未奈、千歳りあ、妃ひかり、月野かすみ、舞奈みく、姫咲はな、凪沙ゆきの、麻倉ゆあ、真木今日子、春菜はな、小泉ひなた、君島みお、川村晴、堀内未果子、夏希まろん、辻さくら、朝日奈かれん、桐谷まつり、中野七緒、辻井ほのか、小美川まゆ、さつき芽衣、高橋りほ、桃瀬くるみ、川北メイサ、朝倉ここな、赤目レイラン、皇ゆず、早見依桜、吉根ゆりあ、佐知子、松本菜奈実、永田莉雨、冨安れおな、乃木蛍、希咲アリス、花沢ひまり、深田えいみ、神坂朋子、深沢いのり、今井夏帆、アンナ、夕美しおん、結城りの、百永さりな、宮名遥、吉岡ひより、遥香りく、小梅えな、田中ねね、ERINA、宝田もなみ,https://www.javbus.com/PPBD-249,
RBB-247 圧倒的な肉体美。形、大きさ、感度すべてが最上級。 これぞまさに 超・神乳 8時間（RBB-247）,RBB-247 圧倒的な肉体美。形、大きさ、感度すべてが最上級。 これぞまさに 超・神乳 8時間（RBB-247）,RBB-247,,2022-12-09,480分鐘,,ROOKIE,ROOKIE,神乳○時間,苗條、合集、花癡、乳房、高畫質、巨乳、DMM獨家,山口珠理、つぼみ、佐山愛、柚希愛、沙月恵奈、栗宮ふたば、南条いちか、天晴乃愛、月野かすみ、横宮七海、水原みその、藤井いよな、初愛ねんね、吉岡ひより、佐知子、寺田ここの、田中ねね、蜜美杏、佐野なつ、姫咲はな、七ツ森りり、北野未奈、三舩みすず、三宮つばき、香水じゅん、皇ゆず、冨安れおな、安みなみ、白桃はな、藤森里穂、白石椿、中条りの、有岡みう、百永さりな、miru、宮名遥、葉月みりあ、乙アリス、さつき芽衣、花井ゆり、星宮ゆのん、つばさ舞、川北メイサ、柚希あい、森日向子、辻井ほのか、ERINA、奥田咲、天海つばさ、JULIA、AIKA、水川スミレ、吉根ゆりあ、朝日りん、西村ニーナ、有沢実紗、篠田ゆう、水野優香、桃園怜奈、若月みいな、美谷朱里、稲場るか、葵つかさ、小早川怜子、星奈あい、水野朝陽、桜もこ、美園和花、葉風ゆりあ、小花のん、高橋りほ、東雲あずさ、花沢ひまり、結城りの、七瀬広海、穂花あいり、河北彩花、神宮寺ナオ、羽咲みはる、西宮ゆめ、浜崎真緒、夕美しおん、水卜さくら、宝田もなみ、推川ゆうり、永井マリア、葵いぶき,https://www.javbus.com/RBB-247,
PPBD-246 強●チ●ポがドストライク！たった1突きで瞬間KO！巨乳痙攣4時間BEST,PPBD-246 強●チ●ポがドストライク！たった1突きで瞬間KO！巨乳痙攣4時間BEST,PPBD-246,,2022-11-11,240分鐘,,OPPAI,OPPAI,,合集、中出、高畫質、出軌、巨乳、DMM獨家,Hitomi（田中瞳）、JULIA、めぐり（藤浦めぐ）、一ノ瀬菫、今井夏帆、凪沙ゆきの、松坂美紀、辻井ほのか、神坂朋子、推川ゆうり、水原みその、水野朝陽、浅田結梨、早見依桜、中野七緒、月野かすみ、君島みお、桐谷まつり、乃木蛍、柊紗栄子、舞奈みく、北野未奈、本真ゆり、凛音とうか、楪カレン、長瀬麻美、深田えいみ、希咲アリス、吉根ゆりあ、佐山愛,https://www.javbus.com/PPBD-246,
MBYD-371 人妻の子宮めがけて下からガン突き！結合部丸見え状態の奥さんを寝取るノックアップピストンBEST,MBYD-371 人妻の子宮めがけて下からガン突き！結合部丸見え状態の奥さんを寝取るノックアップピストンBEST,MBYD-371,,2022-11-11,240分鐘,,溜池ゴロー,溜池ゴロー,,合集、已婚婦女、中出、女上位、高畫質、出軌、DMM獨家,JULIA、ジューン・ラブジョイ、めぐり（藤浦めぐ）、永井マリア、真木今日子、辻井ほのか、長瀬麻美、朝倉ここな、中野七緒、大浦真奈美、川上奈々美、赤瀬尚子、東希美、水川スミレ、咲乃小春、篠崎かんな、佐藤りこ、佐山愛、黒川すみれ、黒川サリナ、月乃ルナ、久留木玲、吉岡ひより、花狩まい、加瀬ななほ、加藤ツバキ（夏樹カオル）、東條なつ、深田えいみ、松本菜奈実、北野未奈、山口葉瑠、風間ゆみ、姫咲はな、美谷朱里、妃ひかり、八乃つばさ、白桃はな、藤森里穂、天然美月、岬あずさ、岬さくら、新井エリー（晶エリー、大沢佑香）、初川みなみ、秋山祥子、篠田ゆう、石原希望、平井栞奈、矢田美紀子、弥生みづき、花沢ひまり、堀内未果子,https://www.javbus.com/MBYD-371,
PPBD-247 「おっぱいマ○コの方が気持ちいいでしょ」 チン好き巨乳痴女の金玉バグらせるテクい種搾りパイズリ8時間,PPBD-247 「おっぱいマ○コの方が気持ちいいでしょ」 チン好き巨乳痴女の金玉バグらせるテクい種搾りパイズリ8時間,PPBD-247,,2022-11-11,480分鐘,,OPPAI,OPPAI,,蕩婦、乳交、合集、高畫質、巨乳、DMM獨家,楪カレン、Hitomi（田中瞳）、藤森里穂、JULIA、結城りの、新井エリー（晶エリー、大沢佑香）、君島みお、芹奈りく、桐谷まつり、宮名遥、真木今日子、桃瀬くるみ、花沢ひまり、麻倉ゆあ、本真ゆり、壇凛沙、春菜はな、蘭華、月野かすみ、川村晴、瀬田一花、水川スミレ、飛鳥りいな、神坂朋子、佐知子、松本菜奈実、小梅えな、今井夏帆、堀内未果子、北野未奈、宝田もなみ、田中ねね、水原みその、吉岡ひより、希咲アリス、夏希まろん、乙アリス、逢見リカ、小美川まゆ、さつき芽衣、ERINA、冨安れおな、吉根ゆりあ、朝倉ここな、片瀬みさ、高橋りほ、深沢いのり、乃木蛍、川北メイサ、椿りか、辻井ほのか、辻さくら、朝日奈かれん、百永さりな、アンナ,https://www.javbus.com/PPBD-247,
RBB-246 鬱勃起 胸糞なのに興奮してしまうNTR 8時間,RBB-246 鬱勃起 胸糞なのに興奮してしまうNTR 8時間,RBB-246,,2022-11-04,480分鐘,,ROOKIE,ROOKIE,ROOKIEベスト,其他戀物癖、合集、中出、高畫質、出軌、DMM獨家,希島あいり、黒川すみれ、今井夏帆、根尾あかり、東條なつ、柚木結愛、石原希望、桜空もも、岬ななみ、有坂深雪、加藤ももか、奥田咲、JULIA、水野朝陽、葵つかさ、七沢みあ、水戸かな、田中ねね、百瀬あすか、八乃つばさ、篠田ゆう,https://www.javbus.com/RBB-246,
RBB-245 発射寸前！我慢汁垂れ流しの気持ちいいフェラチオ150連射8時間（RBB-245）,RBB-245 発射寸前！我慢汁垂れ流しの気持ちいいフェラチオ150連射8時間（RBB-245）,RBB-245,,2022-11-04,480分鐘,,ROOKIE,ROOKIE,発射寸前！ 我慢汁垂れ流しの気持ちいいフェラチオ,蕩婦、口交、合集、妓女、美少女、高畫質、DMM獨家,つぼみ、佐山愛、希崎ジェシカ、波多野結衣、永瀬ゆい、有季なお、三原ほのか、渚みつき、相沢みなみ、有坂深雪、君島みお、凛音とうか、桐谷まつり、星奈あい、星宮一花、桜羽のどか、有村のぞみ、松下紗栄子、松本菜奈実、伊藤舞雪、笹倉杏、今井夏帆、八尋麻衣、黒川すみれ、美谷朱里、小倉七海、天使もえ、枢木あおい、穂高ひな、小日向まい、小野六花、四葉さな、星野ナミ、長谷川夏樹、初川みなみ、高杉麻里、三上悠亜、桜もこ、塚田詩織、大島優香、河北彩花、明里つむぎ、西宮ゆめ、岬ななみ、深田結梨、橋本ありな、椎名そら、神宮寺ナオ、架乃ゆら、佐久間恵美、REMI、桐嶋りの、悠綺ありさ、深田えいみ、優月心菜、愛須心亜、倉多まお、枢木みかん、AIKA、篠田ゆう、蓮実クレア、天音まひな、天海つばさ、新井エリー（晶エリー、大沢佑香）、JULIA、真木今日子、葵いぶき、望月あられ、香坂みりな、河北あさひ、白坂有以、花沢ひまり、天川そら、愛須もえ、沙月恵奈、日下部加奈、白葉りこ、葉月レイラ、天音ゆい、天馬ゆい、戸崎いつか、加美杏奈、竹内有紀、弥生みづき、宇佐木あいか、るるちゃ。、森本つぐみ、小宵こなん、七嶋十愛、藍芽みずき、楓ふうあ、吉良りん、成田つむぎ、香椎花乃、広瀬なるみ、柊るい、久留木玲、上坂めい、河合陽菜、栗宮ふたば、月野かすみ、宮園ことね、藤井いよな、石原希望、叶ユリア、野々宮蘭、八木奈々、花音うらら、藤森里穂、高畑ゆい、七瀬ひな、奏音かのん、月乃ルナ、川北メイサ、森日向子、琴井しほり、市川花音、白桃はな、水森翠、涼花くるみ、上野朱里、花狩まい、朝倉ここな、有岡みう、松本いちか、姫咲はな、北野未奈、工藤ララ、辻真希、樋口みつは,https://www.javbus.com/RBB-245,
BMW-268 躍動するおっぱい！アヘ顔！弓なり曲線美ボディ！ 立ちバック痙攣エビ反り100連発！,BMW-268 躍動するおっぱい！アヘ顔！弓なり曲線美ボディ！ 立ちバック痙攣エビ反り100連発！,BMW-268,,2022-10-28,240分鐘,,ワンズファクトリー,WANZ,,苗條、合集、花癡、中出、高畫質、巨尻、巨乳、DMM獨家,北野未奈、藤森里穂、吉根ゆりあ、さつき芽衣、本真ゆり、飛鳥りいな、斎藤まりな、辻井ほのか、三浦乃愛、乃木蛍、君島みお、初愛ねんね、夏希まろん、瀬名ひかり、柊るい、朝日奈かれん、穂高ひな、霧島さくら、浅田結梨、清城ゆき、瀬田一花、花沢ひまり、妃ひかり、丘えりな、逢見リカ、望月あやか、夕季ちとせ、小泉ひなた、神坂朋子、椿りか、赤瀬尚子、叶ユリア、菜月るい、桐谷まつり、今井夏帆、奏音かのん、里美ゆりあ、花音うらら、高山すず、優梨まいな、結城りの、松本菜奈実、弥生みづき、宝田もなみ、つぼみ、美波もも、JULIA、朝倉ここな、穂花あいり、アンナ、星乃マミ、月野かすみ、三舩みすず、根尾あかり、沙月恵奈、水川スミレ、七瀬アリス、深田えいみ、百永さりな、仲間明日香、富田優衣、三田杏、紗々原ゆり、日向うみ、望月りさ、佐々木れい、佐久間恵美、有村のぞみ、松永さな、通野未帆、愛須心亜、篠田ゆう、水野朝陽、川北メイサ、AIKA、佐山愛,https://www.javbus.com/BMW-268,
JFB-303 Fitch15周年記念 Gカップ以上限定！歴代爆乳女優のSEX 激揺れ！激シコ！12時間BEST,JFB-303 Fitch15周年記念 Gカップ以上限定！歴代爆乳女優のSEX 激揺れ！激シコ！12時間BEST,JFB-303,,2022-10-28,720分鐘,,Fitch,Fitch,,胖女人、合集、數位馬賽克、中出、高畫質、巨乳、DMM獨家,中森玲子、鈴香音色、波風きら、青木りん、風音りん、栗崎紗理奈、村上涼子（中村りかこ、黒木菜穂）、希本なつ美、北川瞳、仁科百華、杏美月、吉澤留美、三枝ゆき、安藤あかね、藤崎梨々花、相内つかさ、八木美智香、本真ゆり、小西みか、水咲カレン、石川しずか、彩奈リナ（七原あかり）、ももい理乃、荒木りな、小早川怜子、青山葵、八木あずさ、七草ちとせ、小向美奈子、松本メイ、西條るり、澁谷果歩、桃園怜奈、北嶋あん、国見みすず、西山あさひ、月森ゆの、露梨あやせ、優木いおり、春菜はな、佐倉ねね、小梅えな、武藤クレア、葉月奈穂（葉月菜穂）、高島恭子、真田春香、愛あいり、あきな、JULIA、杉本亜美、水城奈緒、佐藤みき（佐藤美紀、鈴木志帆）、椿織さとみ、祈里きすみ、音海里奈、藤沢麗央、瀬名ひかり、吉根ゆりあ、春風コウ、永井マリア、伊織羽音、Hitomi（田中瞳）、織田真子、生野ひかる、小栗もなか、中村詩織、宝田もなみ、岩瀬りな、天野美優、佐山愛,https://www.javbus.com/JFB-303,
BMW-269 巨乳女優限定！揺れるデカパイ＆アへ顔を見ながら同時イキ！ 正常位シンクロ中出し124射精BEST！！,BMW-269 巨乳女優限定！揺れるデカパイ＆アへ顔を見ながら同時イキ！ 正常位シンクロ中出し124射精BEST！！,BMW-269,,2022-10-28,240分鐘,,ワンズファクトリー,WANZ,,合集、美少女、中出、高畫質、巨乳、アクメ・オーガズム、DMM獨家,藤森里穂、北野未奈、佐山愛、川北メイサ、小泉ひなた、椿りか、神坂朋子、弥生みづき、叶ユリア、飛鳥りいな、桐谷まつり、今井夏帆、永井マリア、椎名そら、波多野結衣、夕季ちとせ、根尾あかり、沙月恵奈、月野かすみ、さつき芽衣、穂花あいり、JULIA、結城りの、アンナ、三舩みすず、稲場るか、吉根ゆりあ、逢見リカ、夏希まろん、美波もも、佐知子、松本菜奈実、春菜はな、岩瀬りな、相沢夏帆、宝田もなみ、佐久間恵美、篠崎かんな、八乃つばさ、愛須心亜、三浦乃愛、篠田ゆう、姫咲はな、乃木蛍、妃ひかり、瀬田一花、つぼみ、田中ねね、本真ゆり、辻井ほのか、羽生アリサ、初愛ねんね、三原ほのか、深田えいみ,https://www.javbus.com/BMW-269,
HNDB-225 2022年【本中】上半期傑作選！全110作品217発！！8時間！！2022年2月～2022年7月,HNDB-225 2022年【本中】上半期傑作選！全110作品217発！！8時間！！2022年2月～2022年7月,HNDB-225,,2022-10-21,480分鐘,,本中,本中,本中半期傑作集！,姐姐、美少女、中出、高畫質、巨乳、DMM獨家,小泉ふう、本城茜、紫城れの、児玉あむ、永瀬ゆい、久留木玲、百瀬あすか、藤森里穂、あおいれな、牧野みおな、角名つむぎ、川上奈々美、倉本すみれ、成実まあり、奈々月みれい、蜜美杏、朝田ひまり、森下ことの、黒木逢夢、流川莉央、綿矢好花、唯奈みつき、佐伯由美香、双葉くるみ、宮嶋叶音、横宮七海、堀沢茉由、中条りの、夏目いろは、天海一華、乙アリス、結城りの、佐野なつ、小花のん、穂花あいり、如月ゆの、小宮山奈南、花狩まい、明日葉優、綾瀬こころ、月乃ルナ、北野未奈、水川スミレ、美井ひなの、月野かすみ、川北メイサ、沙月恵奈、美谷朱里、志木まいな、工藤ララ、葉月みりあ、吉岡ひより、皇ゆず、夏巳ゆりか、琴美りお、戸崎いつか、河北あさひ、アンナ、堀北わん、音羽美波、森日向子、水原みその、宝田もなみ、東條なつ、友咲まりか、夕季ちとせ、上坂めい、AIKA、佐山愛、由良かな、市川愛茉、白桃はな、JULIA、花芽ありす,https://www.javbus.com/HNDB-225,
PBD-430 媚薬に犯●れキメセクアクメ堕ちした美女たち…BEST,PBD-430 媚薬に犯●れキメセクアクメ堕ちした美女たち…BEST,PBD-430,,2022-10-14,240分鐘,,プレミアム,PREMIUM BEST,,藥物、潮吹、合集、花癡、姐姐、數位馬賽克、中出、高畫質、DMM獨家,山岸逢花、JULIA、AIKA、堀北わん、麻倉憂、辻井ほのか、新井エリー（晶エリー、大沢佑香）、深田えいみ、神宮寺ナオ、宇垣ちさと、月乃ルナ、篠田ゆう、八乃つばさ、佐々木あき、水原乃亜、美国沙耶、世良あさか、三咲美憂、みづき乃愛、有村のぞみ、水野朝陽、君島みお、三田杏、藤森里穂,https://www.javbus.com/PBD-430,
MIZD-300 唾液まみれでイク女たち！ ねっちょりベロキスで絡み合う粘着セックスBEST,MIZD-300 唾液まみれでイク女たち！ ねっちょりベロキスで絡み合う粘着セックスBEST,MIZD-300,,2022-10-14,240分鐘,,ムーディーズ,MOODYZ Best,,蕩婦、合集、美少女、數位馬賽克、中出、高畫質、キス・接吻、巨乳、DMM獨家,神宮寺ナオ、石原希望、七沢みあ、白桃はな、栄川乃亜、柚木彩花、さとう愛理、秋山祥子、JULIA、安土結、里美ゆりあ、西川ゆい、夏目彩春、二宮ひかり、七瀬ひな、九重かんな、AIKA、高橋しょう子、百瀬あすか、八木奈々、稲場るか、奏音かのん、樋口みつは、久留木玲、丘えりな、初川みなみ、咲乃小春、沙月恵奈、松本いちか、佳苗るか、根尾あかり、つぼみ、八乃つばさ、水川スミレ、小野六花、翼あおい、枢木あおい、穂高結花、愛須心亜、琴音華、藍芽みずき、森日向子、藤森里穂、月野かすみ、蓮見天、倉本すみれ、川北メイサ、月乃ルナ、朝日奈かれん、さつき芽衣、花沢ひまり、深沢いのり,https://www.javbus.com/MIZD-300,
BMW-267 綺麗な顔にひたすら精子ぶっかけドロドロ！ 一撃顔面射精ラッシュ100連発オーバー！,BMW-267 綺麗な顔にひたすら精子ぶっかけドロドロ！ 一撃顔面射精ラッシュ100連発オーバー！,BMW-267,,2022-09-30,240分鐘,,ワンズファクトリー,WANZ,,口交、合集、高畫質、顏射、巨乳、DMM獨家,松本いちか、倉本すみれ、花狩まい、月乃ルナ、松本菜奈実、奏音かのん、渚みつき、篠田ゆう、蘭華、花沢ひまり、幾田まち、由愛可奈、JULIA、妃ひかり、七瀬アリス、朝日奈かれん、椎名そら、柊るい、優梨まいな、星奈あい、加賀美まり、有村のぞみ、神宮寺ナオ、茜はるか、愛須心亜、丘えりな、初川みなみ、桐谷まつり、星乃マミ、川北メイサ、稲場るか、北野未奈、東條なつ、田中ねね、さつき芽衣、朝倉ここな、つぼみ、枢木あおい、広瀬りおな、叶ユリア、波多野結衣、佐知子、永野いち夏、菜月るい、根尾あかり、深田えいみ、夕季ちとせ、久留木玲、樋口みつは、水川スミレ、佐野なつ,https://www.javbus.com/BMW-267,
HNDB-224 巨乳限定！パイズリで高めて高めて…一番気持ちイイ状態でたっぷり中出しさせてくれるおっぱいビッチBEST,HNDB-224 巨乳限定！パイズリで高めて高めて…一番気持ちイイ状態でたっぷり中出しさせてくれるおっぱいビッチBEST,HNDB-224,,2022-09-23,240分鐘,,本中,本中,本中BEST,乳交、合集、姐姐、中出、女上位、高畫質、巨乳、DMM獨家,佐山愛、水原みその、月野かすみ、本真ゆり、凛音とうか、冨安れおな、初愛ねんね、姫咲はな、辻井ほのか、藤森里穂、朝倉ここな、宝田もなみ、吉根ゆりあ、神坂朋子、皇ゆず、JULIA、小花のん、天野碧、田中ねね、松本菜奈実、瀬田一花、春風ひかる,https://www.javbus.com/HNDB-224,
MBYD-367 「妊娠しちゃうってばぁ…」マ○コびくびく痙攣人妻におかわりピストン！吹きこぼれメレンゲ中出し48連発,MBYD-367 「妊娠しちゃうってばぁ…」マ○コびくびく痙攣人妻におかわりピストン！吹きこぼれメレンゲ中出し48連発,MBYD-367,,2022-09-16,240分鐘,,溜池ゴロー,溜池ゴロー,,合集、已婚婦女、中出、高畫質、出軌、デカチン・巨根、DMM獨家,JULIA、さつき芽衣、ジューン・ラブジョイ、めぐり（藤浦めぐ）、秋山祥子、春咲りょう、美谷朱里、新井エリー（晶エリー、大沢佑香）、阿部栞菜、深田えいみ、織田真子、竹内夏希、朝倉ここな、若菜奈央、根尾あかり、松本菜奈実、乙葉カレン、希島あいり、君島みお、向井藍、広瀬りおな、黒川すみれ、山口葉瑠、佐山愛、東希美、田中ねね、冨安れおな、堀内未果子、堀北わん、岬さくら、月乃ルナ、有村のぞみ、樋口みつは、花狩まい、長瀬麻美、姫咲はな、妃ひかり、朝比奈ななせ、東條なつ、白桃はな、乃木蛍、初川みなみ、榎本美咲、永井マリア、辻井ほのか、矢田美紀子,https://www.javbus.com/MBYD-367,
PPBD-243 3か月以上オナニーライフがはかどる乳どりみどり日替わり巨乳中出しSEX100日分！,PPBD-243 3か月以上オナニーライフがはかどる乳どりみどり日替わり巨乳中出しSEX100日分！,PPBD-243,,2022-09-16,480分鐘,,OPPAI,OPPAI,,合集、姐姐、美少女、中出、高畫質、巨乳、DMM獨家,鈴木さとみ、波多野結衣、春菜はな、JULIA、月野かすみ、水原みその、希咲アリス、赤瀬尚子、花沢ひまり、咲々原リン、百瀬とあ、泡沫ゆうき、乃木蛍、川村晴、皇ゆず、篠崎かんな、瀬田一花、楪カレン、北野未奈、柊紗栄子、目黒めぐみ、佐知子、吉岡ひより、初愛ねんね、美国沙耶、深田えいみ、倉多まお、小梅えな、妃ひかり、千歳りあ、辻井ほのか、堀内未果子、中野七緒、麻倉ゆあ、舞奈みく、穂花あいり、神坂朋子、結城りの、篠田ゆう、本真ゆり、新井エリー（晶エリー、大沢佑香）、稲場るか、さつき芽衣、田中ねね、乙アリス、ERINA、望月あやか、アンナ、森ほたる、小泉ひなた、逢見リカ、織田真子、藤咲エレン、仲間明日香、優月まりな、雛菊つばさ、凛音とうか、永井マリア、三原ほのか、あいだ飛鳥、宝田もなみ、河北麻衣、一ノ瀬菫、浅田結梨、小西悠、水川スミレ、若菜奈央、浜崎真緒、時多しほり、浅井梨杏、松本菜奈実、遥香りく、奏音かのん、夏希まろん、川北メイサ、蘭華、宮名遥、凪沙ゆきの、早見依桜、有栖いおり、姫咲はな、逢坂はるな、八乃つばさ、今井夏帆、石原理央、高橋りほ、吉根ゆりあ、菜月るい、宝生リリー、美園和花、藤森里穂,https://www.javbus.com/PPBD-243,
BMW-265 ダメぇっ！今、イッてるってばぁ！！ ビクビク絶頂中でも腰振りを止めない追撃ピストンBEST 77セックス 中出し91発！！,BMW-265 ダメぇっ！今、イッてるってばぁ！！ ビクビク絶頂中でも腰振りを止めない追撃ピストンBEST 77セックス 中出し91発！！,BMW-265,,2022-09-02,240分鐘,,ワンズファクトリー,WANZ,,濫交、合集、花癡、中出、高畫質、DMM獨家,東條なつ、佐山愛、由愛可奈、花沢ひまり、奏音かのん、久留木玲、花音うらら、樋口みつは、朝比奈ななせ、本田のえる、JULIA、深田えいみ、つぼみ、七瀬アリス、仲間明日香、今井夏帆、里美ゆりあ、田中ねね、吉根ゆりあ、丘えりな、望月あやか、姫咲はな、夕季ちとせ、三田杏、麻倉憂、AIKA、愛須心亜、桐谷まつり、白川ゆず,https://www.javbus.com/BMW-265,
CJOB-118 キミだけを見つめて犯してアゲル 主観痴女プレイBEST,CJOB-118 キミだけを見つめて犯してアゲル 主観痴女プレイBEST,CJOB-118,,2022-08-19,240分鐘,,痴女ヘブン,痴女ヘブンBEST,,蕩婦、合集、中出、女上位、主觀視角、高畫質、ハーレム、DMM獨家,白桃はな、渚みつき、松本いちか、永瀬ゆい、宝田もなみ、吉良りん、工藤ララ、花音うらら、永野いち夏、枢木あおい、深田結梨、姫川ゆうな、初川みなみ、栄川乃亜、推川ゆうり、月乃ルナ、吉根ゆりあ、佐山愛、JULIA、姫咲はな、久留木玲、辻井ほのか、佐伯由美香、冨安れおな、夕季ちとせ、AIKA、さつき芽衣、南乃そら,https://www.javbus.com/CJOB-118,
BMW-262 ムチムチ美女と汗だく密着中出し50本番BEST,BMW-262 ムチムチ美女と汗だく密着中出し50本番BEST,BMW-262,,2022-07-29,240分鐘,,ワンズファクトリー,WANZ,,合集、中出、女上位、高畫質、巨尻、汗だく、巨乳、DMM獨家,JULIA、北野未奈、藤森里穂、佐山愛、里美ゆりあ、妃ひかり、篠田ゆう、月野かすみ、吉根ゆりあ、本真ゆり、夕季ちとせ、稲場るか、松本菜奈実、桐谷まつり、深田えいみ、篠崎かんな、君島みお、椿りか、佐知子、さつき芽衣、姫咲はな、飛鳥りいな、神坂朋子、つぼみ、辻井ほのか、田中ねね、赤瀬尚子,https://www.javbus.com/BMW-262,
CJOB-116 痴女テクお姉さんが密着ボディ絡み合うご奉仕ぬるぬるローションプレイで射精したいBEST,CJOB-116 痴女テクお姉さんが密着ボディ絡み合うご奉仕ぬるぬるローションプレイで射精したいBEST,CJOB-116,,2022-07-22,240分鐘,,痴女ヘブン,痴女ヘブンBEST,,蕩婦、乳交、合集、妓女、乳液、女上位、DMM獨家,吉根ゆりあ、姫咲はな、さつき芽衣、JULIA、佐山愛、奏音かのん、渚みつき、倉多まお、森川アンナ、春菜はな、真白ここ、羽生アリサ、凪沙ゆきの、初川みなみ、美谷朱里、深田えいみ、AIKA、君島みお、堀内未果子、八乃つばさ、水野朝陽、推川ゆうり、本真ゆり、宝田もなみ、松本菜奈実、初愛ねんね,https://www.javbus.com/CJOB-116,
CJOB-115 「マ○コより気持ちよくしてアゲル」痴女手コキ100発オーバーBEST3,CJOB-115 「マ○コより気持ちよくしてアゲル」痴女手コキ100発オーバーBEST3,CJOB-115,,2022-07-22,480分鐘,,痴女ヘブン,痴女ヘブンBEST,痴女手コキBEST,蕩婦、合集、ハーレム、男の潮吹き、DMM獨家、打手槍,JULIA、藤森里穂、白桃はな、月乃ルナ、工藤ララ、花音うらら、永野いち夏、冨安れおな、南乃そら、瀬名ひかり、吉良りん、大槻ひびき、波多野結衣、姫咲はな、妃ひかり、真木今日子、AIKA、深田結梨、枢木あおい、姫川ゆうな、宝田もなみ、久留木玲、川上ゆう（森野雫）、さつき芽衣、初川みなみ、篠田ゆう、百瀬あすか、東條なつ、推川ゆうり、吉根ゆりあ、REMI、松本いちか、市来まひろ、堀内未果子、向井藍、深田えいみ、永瀬ゆい、美谷朱里、渚みつき、星奈あい、浜崎真緒、佐山愛、凪沙ゆきの、蓮実クレア、若宮はずき,https://www.javbus.com/CJOB-115,
PPBD-238 3分に1回絶頂射精！1番気持ちいい射精直前のパイズリ挟射80連発BEST,PPBD-238 3分に1回絶頂射精！1番気持ちいい射精直前のパイズリ挟射80連発BEST,PPBD-238,,2022-07-15,240分鐘,,OPPAI,OPPAI,,乳交、其他戀物癖、合集、姐姐、巨乳、DMM獨家,楪カレン、Hitomi（田中瞳）、JULIA、吉根ゆりあ、鈴木奏、水野朝陽、佐知子、千歳りあ、相沢夏帆、新井エリー（晶エリー、大沢佑香）、初野こころ、春菜はな、祈里きすみ、平真凛、香椎りあ、雛菊つばさ、松本菜奈実、凛音とうか、咲々原リン、三島奈津子、美園和花、倉多まお、浜崎真緒、川村晴、宝田もなみ、石原理央、篠崎かんな、松永さな、河北麻衣、一ノ瀬菫、百瀬とあ、霧島さくら、椎葉みくる、白石りん、松坂美紀、岡沢リナ、香坂紗梨、冴木りつ、藤咲エレン、真白ここ、雛鶴みお、推川ゆうり、凪沙ゆきの、神坂朋子、辻井ほのか、森ほたる、神咲紗々、美国沙耶、高岡美鈴、希咲アリス、有馬凛、永井千里、佐山愛、あいだ飛鳥、小梅えな、玉木なるみ、黒川サリナ、華咲じゅら、時多しほり、稲場るか,https://www.javbus.com/PPBD-238,
MIZD-288 嫌がる女を犯して射精する最高のレ×プ発射144発！ 8時間BEST,MIZD-288 嫌がる女を犯して射精する最高のレ×プ発射144発！ 8時間BEST,MIZD-288,,2022-07-15,480分鐘,,ムーディーズ,MOODYZ Best,,合集、數位馬賽克、凌辱、中出、出軌、巨乳、DMM獨家,あべみかこ、JULIA、桃瀬ゆり、秋山祥子、日下部加奈、根尾あかり、今井夏帆、七瀬ひな、由愛可奈、深田えいみ、八乃つばさ、優梨まいな、篠宮ゆり、南乃そら、八木奈々、葵いぶき、神宮寺ナオ、吉良りん、松本菜奈実、河南実里、逢見リカ、水卜さくら、藍芽みずき、つぼみ、高橋しょう子、冬愛ことね、RISA、高杉麻里、咲乃小春、七沢みあ、美谷朱里、松本いちか、久留木玲、岬あずさ、枢木あおい、中城葵、花音うらら、初川みなみ、栄川乃亜、倉多まお、渚みつき、永瀬ゆい、中山ふみか、二見れい、黒川すみれ、永井みひな、稲場るか、春咲りょう,https://www.javbus.com/MIZD-288,
RBB-238 圧倒的な肉体美。形、大きさ、感度すべてが最上級。 これぞまさに 超・神乳 8時間（RBB-238）,RBB-238 圧倒的な肉体美。形、大きさ、感度すべてが最上級。 これぞまさに 超・神乳 8時間（RBB-238）,RBB-238,,2022-07-08,480分鐘,,ROOKIE,ROOKIE,神乳○時間,苗條、合集、乳房、超乳、巨乳、DMM獨家,乃木蛍、吉根ゆりあ、塚田詩織、水原みその、小梅えな、稲場るか、鷲尾めい、来栖みく、水卜さくら、冨安れおな、天野碧、初愛ねんね、山崎水愛、堀内未果子、宝田もなみ、蘭華、JULIA、市原玲、翼あおい、有栖花あか、葉風ゆりあ、辻さくら、石原希望、有坂深雪、田中ねね、月野かすみ、さつき芽衣、高橋りほ、北野未奈、今井夏帆、はやのうた、夕美しおん、佐山愛、新井リマ、たちばな日菜、希咲アリス、推川ゆうり、姫咲はな、八木奈々、沙月恵奈、桃瀬くるみ、藤森里穂,https://www.javbus.com/RBB-238,
BMW-261 死ぬほど大嫌いな男たちに泣きたくなるほど種付けされる胸糞レxプBEST,BMW-261 死ぬほど大嫌いな男たちに泣きたくなるほど種付けされる胸糞レxプBEST,BMW-261,,2022-07-01,240分鐘,,ワンズファクトリー,WANZ,,合集、凌辱、中出、出軌、DMM獨家,月野かすみ、川北メイサ、東條なつ、花狩まい、永野いち夏、有坂深雪、茜はるか、三田杏、高杉麻里、麻倉憂、朝日奈かれん、逢見リカ、白川ゆず、今井夏帆、深田えいみ、月乃さくら、辻井ほのか、根尾あかり、枢木あおい、つぼみ、JULIA、松本いちか、月乃ルナ、三舩みすず、桐谷まつり、八乃つばさ、初乃ふみか、佐知子、椿りか,https://www.javbus.com/BMW-261,
BMW-260 ビーチクとチ○ポのW快感に大量射精！乳首こねくりスパイダー騎乗位BEST,BMW-260 ビーチクとチ○ポのW快感に大量射精！乳首こねくりスパイダー騎乗位BEST,BMW-260,,2022-07-01,240分鐘,,ワンズファクトリー,WANZ,,蕩婦、其他戀物癖、合集、花癡、中出、女上位、DMM獨家,さつき芽衣、枢木あおい、松本いちか、永瀬ゆい、椎名みう、稲場るか、水森翠、葉月レイラ、枢木みかん、長瀬麻美、椎名そら、高杉麻里、麻倉憂、根尾あかり、深田えいみ、桐谷まつり、蓮実クレア、AIKA、篠田ゆう、波多野結衣、朝日奈かれん、佐山愛、堀内未果子、つぼみ、白桃はな、花狩まい、初川みなみ、広瀬りおな、姫咲はな、松本菜奈実、花音うらら、緒川りお、跡美しゅり、麻里梨夏、香苗レノン、永井マリア、月乃ルナ、あおいれな、川上奈々美、北野未奈、水川スミレ、JULIA、辻井ほのか、君島みお、藤森里穂、本真ゆり,https://www.javbus.com/BMW-260,
CJOB-113 「もう中に出してるってばぁ～」デカ尻杭打ち騎乗位BEST,CJOB-113 「もう中に出してるってばぁ～」デカ尻杭打ち騎乗位BEST,CJOB-113,,2022-06-24,240分鐘,,痴女ヘブン,痴女ヘブンBEST,,蕩婦、合集、花癡、中出、女上位、巨尻、DMM獨家,藤森里穂、蓮実クレア、JULIA、北野未奈、春咲りょう、工藤ララ、推川ゆうり、白桃はな、花音うらら、久留木玲、佐知子、川上ゆう（森野雫）、凪沙ゆきの、若宮はずき、百瀬あすか、西村ニーナ、塚田詩織、永野いち夏、枢木あおい、姫川ゆうな、永瀬ゆい、松本いちか、渚みつき、初川みなみ、月乃ルナ、宝田もなみ、冨安れおな、稲場るか、堀内未果子、夕季ちとせ、深田結梨、さつき芽衣、篠田ゆう、若月みいな,https://www.javbus.com/CJOB-113,
MIZD-284 同時イキで迎える最高の射精 正常位中出し114連発BEST,MIZD-284 同時イキで迎える最高の射精 正常位中出し114連発BEST,MIZD-284,,2022-06-17,240分鐘,,ムーディーズ,MOODYZ Best,,蕩婦、苗條、合集、美少女、數位馬賽克、中出、巨乳、DMM獨家,高瀬りな、つぼみ、大槻ひびき、JULIA、中山ふみか、琴石ゆめる、夜空あみ、朝倉ここな、黒川すみれ、百瀬あすか、工藤ララ、北野未奈、姫咲はな、花沢ひまり、結城りの、七瀬ひな、さつき芽衣、本田のえる、天音ゆい、月乃ルナ、堀内未果子、森日向子、弥生みづき、神坂朋子、中城葵、堀北わん、瀬田一花、あべみかこ、REMI、蓮実クレア、由愛可奈、きみと歩実、向井藍、乃木蛍、蘭華、衣吹かのん、冨安れおな、佐伯由美香、松本いちか、藍芽みずき、花狩まい、藤森里穂、樋口みつは、白桃はな、東條なつ、美谷朱里、星谷瞳、月野かすみ、皇ゆず、るるちゃ。、久留木玲、丘えりな、成田つむぎ、辻さくら、逢見リカ、広瀬みつき、麻里梨夏、水原みその、永井みひな、朝日奈かれん、リリー・ハート、天然かのん、永野いち夏、高橋りほ、石原希望、高橋しょう子、八乃つばさ、星あめり、河南実里、水川スミレ、加藤ももか、七嶋十愛、君島みお、小梅えな、佐知子、たちばな日菜、推川ゆうり、永井マリア、椎名そら、松本菜奈実、永瀬ゆい、冬愛ことね、星奈あい、栄川乃亜、根尾あかり、枢木あおい、神宮寺ナオ、奏音かのん,https://www.javbus.com/MIZD-284,
PPBD-237 巨乳美女がおっぱい爆揺れで痴女りまくる乳首こねくりスパイダー騎乗位BEST,PPBD-237 巨乳美女がおっぱい爆揺れで痴女りまくる乳首こねくりスパイダー騎乗位BEST,PPBD-237,,2022-06-17,240分鐘,,OPPAI,OPPAI,,蕩婦、合集、花癡、中出、女上位、巨乳、DMM獨家,楪カレン、藤森里穂、Hitomi（田中瞳）、皇ゆず、吉根ゆりあ、月野かすみ、前田桃杏、壇凛沙、君島みお、真木今日子、深田えいみ、望月のあ、藤咲エレン、佐山愛、祈里きすみ、仲間明日香、新井エリー（晶エリー、大沢佑香）、柊るい、ジューン・ラブジョイ、辻井ほのか、桐谷まつり、蓮実クレア、中野七緒、深沢いのり、川村晴、椿りか、逢見リカ、飛鳥りいな、辻さくら、春菜はな、武田真、篠田ゆう、夏希まろん、妃ひかり、神坂朋子、花沢ひまり、小美川まゆ、さつき芽衣、北野未奈、冨安れおな、赤目レイラン、宝田もなみ、松本菜奈実、ERINA、本真ゆり、凛音とうか、高梨ゆあ、今井夏帆、篠崎かんな、JULIA、目黒めぐみ、永井マリア、石原理央、葵百合香、羽生アリサ、古賀まつな、朝日奈かれん、高橋りほ,https://www.javbus.com/PPBD-237,
RBB-236 SDGsこんにちは！私達はSEX大好きガールズです！持続可能な逆バニーをお届けするよ！スペシャルベスト8時間,RBB-236 SDGsこんにちは！私達はSEX大好きガールズです！持続可能な逆バニーをお届けするよ！スペシャルベスト8時間,RBB-236,,2022-06-10,480分鐘,,ROOKIE,ROOKIE,,合集、中出、兔女郎、巨乳、DMM獨家,JULIA、鷲尾めい、Hitomi（田中瞳）、冨安れおな、姫咲はな、北野未奈、初川みなみ、市原玲、桃園怜奈、辻井ほのか、REMI、森日向子、花沢ひまり、水卜さくら,https://www.javbus.com/RBB-236,
RBB-235 溜め込んだ精子を子宮にぶちまける！ 射精寸前！ドックドク中出し100連発8時間（RBB-235）,RBB-235 溜め込んだ精子を子宮にぶちまける！ 射精寸前！ドックドク中出し100連発8時間（RBB-235）,RBB-235,,2022-06-10,480分鐘,,ROOKIE,ROOKIE,溜め込んだ精子を子宮にぶちまける！ ドックドク中出し100連発,合集、花癡、美少女、中出、巨乳、DMM獨家,高瀬りな、つぼみ、佐山愛、Hitomi（田中瞳）、本田さとみ、伊東める、工藤ララ、冨安れおな、三浦乃愛、花原アスカ、桜華みゆ、蘭華、藤森里穂、朝比奈ななせ、朝倉ここな、希島あいり、小早川怜子、深田えいみ、桐嶋くるみ、東條なつ、瀬田一花、大島せな、有岡みう、森日向子、川北メイサ、天晴乃愛、北野未奈、白石のん、白石らん、金谷うの、花音うらら、香椎花乃、藍芽みずき、堀北わん、月野かすみ、白桃はな、戸川あゆ、奏美りおん、石原希望、希咲アリス、水原みその、星谷瞳、広瀬みつき、倉本すみれ、由愛可奈、篠田ゆう、八神未来、花沢ひまり、琴石ゆめる、楓なつき、百永さりな、月乃ルナ、推川ゆうり、今井夏帆、潮崎ななみ、あさみ潤、沙月恵奈、白石みき、さつき芽衣、本田のえる、天音ゆい、愛月セリア、堀内未果子、瑞希かりん、八乃つばさ、新村あかり、朝日りん、吉根ゆりあ、深月めい、川上奈々美、JULIA、美谷朱里、乃木蛍、天海つばさ、竹内有紀、神代りま、星奈あい、君島みお、優梨まいな、高橋りほ、神宮寺ナオ、塚田詩織、夕美しおん、初川みなみ、佐伯由美香,https://www.javbus.com/RBB-235,
BMW-259 嫌っ！中出しだけはダメぇっ！！ 突く度にブルンブルン巨乳を揺らして強●種付けされまくる絶望レ×プBEST,BMW-259 嫌っ！中出しだけはダメぇっ！！ 突く度にブルンブルン巨乳を揺らして強●種付けされまくる絶望レ×プBEST,BMW-259,,2022-06-03,240分鐘,,ワンズファクトリー,WANZ,,合集、凌辱、中出、巨乳、DMM獨家,篠田ゆう、蓮実クレア、月野かすみ、川北メイサ、JULIA、椿りか、霧島さくら、根尾あかり、香山美桜、羽生アリサ、桐谷まつり、八乃つばさ、宝田もなみ、岩瀬りな、妃月るい、高杉麻里、仲間明日香、初愛ねんね、三舩みすず、沙月恵奈、麻里梨夏、朝日奈かれん、佐知子、今井夏帆、佐々木れい、日向うみ、澁谷果歩、本田莉子、原千草、波多野結衣、あいだ飛鳥、君島みお、松永さな、通野未帆、里美ゆりあ、浜崎真緒、辻井ほのか、紗々原ゆり,https://www.javbus.com/BMW-259,
BMW-258 「まだ残ってるでしょ」 精子1滴も残さない射精直後のチンしゃぶお掃除フェラ67連発BEST,BMW-258 「まだ残ってるでしょ」 精子1滴も残さない射精直後のチンしゃぶお掃除フェラ67連発BEST,BMW-258,,2022-06-03,240分鐘,,ワンズファクトリー,WANZ,,口交、合集、美少女、中出、顏射、DMM獨家,佐山愛、JULIA、つぼみ、藤森里穂、椿りか、辻井ほのか、蘭華、赤瀬尚子、里美ゆりあ、水川スミレ、松本いちか、永瀬ゆい、田中ねね、波多野結衣、枢木みかん、桐谷まつり、花沢ひまり、本真ゆり、堀内未果子、北野未奈、美谷朱里、飛鳥りいな、篠田ゆう、枢木あおい、REMI、愛須心亜、永井マリア、加賀美まり、花音うらら、花狩まい、月乃ルナ、初川みなみ、深田えいみ、さつき芽衣、久留木玲、夕季ちとせ、椎名そら、月野かすみ、根尾あかり、菜月るい、篠崎かんな、AIKA,https://www.javbus.com/BMW-258,
CJOB-112 凄テクお姉さんのパイズリラッシュ100発オーバー ～大きなおっぱいで金玉すっからかんになるまで犯●れ、何度もイカされちゃったボク～BEST,CJOB-112 凄テクお姉さんのパイズリラッシュ100発オーバー ～大きなおっぱいで金玉すっからかんになるまで犯●れ、何度もイカされちゃったボク～BEST,CJOB-112,,2022-05-20,480分鐘,,痴女ヘブン,痴女ヘブンBEST,,蕩婦、乳交、合集、花癡、乳房、巨乳、DMM獨家,北野未奈、藤森里穂、JULIA、吉根ゆりあ、西條るり、凛音とうか、澁谷果歩、推川ゆうり、夕季ちとせ、冨安れおな、稲場るか、姫咲はな、佐山愛、今井夏帆、宝田もなみ、KAORI、辻井ほのか、若宮はずき、佐知子、君島みお、初愛ねんね、真木今日子、松本菜奈実、本真ゆり、永井マリア、凪沙ゆきの、祈里きすみ、西村ニーナ、椿りか、北川エリカ、羽生アリサ、春菜はな、倉多まお、AIKA、吹石れな、ましろ杏、水野朝陽、森川アンナ、神ユキ、立花瑠莉、鈴木真夕、NAOMI、堀内未果子、神坂朋子、成美このは、瀬名ひかり,https://www.javbus.com/CJOB-112,
PBD-420 好きでもない男に中出しされた私は…BEST,PBD-420 好きでもない男に中出しされた私は…BEST,PBD-420,,2022-05-13,240分鐘,,プレミアム,PREMIUM BEST,,苗條、合集、花癡、數位馬賽克、通姦、中出、出軌、DMM獨家,山岸逢花、竹内有紀、星奈あい、篠田ゆう、JULIA、森沢かな（飯岡かなこ）、碧しの（篠めぐみ）、あおいれな、桃瀬ゆり、初川みなみ、麻倉憂、枢木あおい、有坂深雪、澤村レイコ（高坂保奈美、高坂ますみ）、香椎りあ、佐々木あき、南まゆ、水城奈緒、冬愛ことね、あべみかこ、ましろ杏、美谷朱里、松本いちか、新井エリー（晶エリー、大沢佑香）、深田結梨、蓮実クレア、麻里梨夏、佐知子、南梨央奈、花音うらら、向井藍、永井みひな、美咲かんな,https://www.javbus.com/PBD-420,
MIZD-280 えぇ！こんな場所で！？男潮吹くんですか！！？満足顔痴女の男潮噴射直前フィニッシュ手コキ95連発BEST,MIZD-280 えぇ！こんな場所で！？男潮吹くんですか！！？満足顔痴女の男潮噴射直前フィニッシュ手コキ95連発BEST,MIZD-280,,2022-05-13,240分鐘,,ムーディーズ,MOODYZ Best,,蕩婦、合集、美少女、數位馬賽克、男の潮吹き、DMM獨家、打手槍,倉持りん（望月さくら）、宮沢ゆかり、麻里梨夏、JULIA、工藤ララ、藍芽みずき、北野未奈、楪カレン、稲場るか、葉月シュリ、うららか麗、蓮実クレア、永井マリア、七沢みあ、松本菜奈実、大槻ひびき、桐嶋りの、泉あや、AIKA、高橋しょう子、君島みお、篠田ゆう、沙月恵奈、白井冬花、優梨まいな、天音ゆい、波多野結衣、水川スミレ、るるちゃ。、日下部加奈、冨安れおな、EMI、中山ふみか、堀内未果子、神宮寺ナオ、小野六花、花沢ひまり、松本いちか、真木今日子、羽生アリサ、新井エリー（晶エリー、大沢佑香）、二見れい、月乃ルナ、永瀬ゆい、白桃はな、森日向子、深田えいみ、凛音とうか、星奈あい、鈴木さとみ、つぼみ、初川みなみ、藤森里穂、佐々木あき、翼あおい、石原希望、成澤ひなみ,https://www.javbus.com/MIZD-280,
DVAJ-574 【巨乳ちゃん限定】オッパイが激揺れしまくる射精寸前のピストンラッシュ91連発,DVAJ-574 【巨乳ちゃん限定】オッパイが激揺れしまくる射精寸前のピストンラッシュ91連発,DVAJ-574,,2022-05-07,301分鐘,神田うさぎ,アリスJAPAN,アリスJAPAN,,合集、中出、4小時以上作品、高畫質、顏射、巨乳、DMM獨家,JULIA、稲場るか、佐知子、君島みお、森はるら、立花瑠莉、ジューン・ラブジョイ、澁谷果歩、藤咲エレン、諸星エミリー、小阪みちる、小西みか、小早川怜子、みなせ優夏、長瀬麻美、彩奈リナ（七原あかり）、葉月奈穂（葉月菜穂）、藍原佐理衣、優月まりな、立川理恵、篠田ゆう、櫻井ゆうこ、伊藤ともり、蓮実クレア、さとう愛理、今井夏帆、藤森里穂、AIKA、春日もな、三原ほのか、香坂紗梨、愛乃なみ、辻井ほのか、愛里るい、綾瀬ひなの、香山美桜、佐倉カオリ、篠田あゆみ、かなで自由、宮野ゆかな、月本るい（宮原友里絵）、小島みなみ、小梅えな、KAORI、塚田詩織、深田えいみ、原千草、美里有紗、保志美あすか、北山かんな、日向あいり、吉永あかね、葉月美音、さくら悠、すみれ美香、深田結梨、保坂えり、並木杏梨、百花エミリ、相澤ゆりな、知花メイサ、橘なお（上原海里）、中村知恵、鶴田かな、北川エリカ、尾上若葉、星野ひびき、綾瀬れん、伊藤りな、斉藤みゆ、羽生アリサ、奥田咲、蘭華、三島奈津子、鷹宮ゆい、鈴香音色、麻美ゆま、霧島さくら、水野朝陽、逢沢まりあ、井上真帆、華原恵里奈、西川りおん、真木ゆかり、仁科百華、水城静来、成宮はるあ、成澤ひなみ、本田莉子、木下あずみ,https://www.javbus.com/DVAJ-574,
BMW-256 妊・娠・確・定 むしろ三つ子確定！射精→挿入→また射精！グチュグチュ大量中出し30連発BEST,BMW-256 妊・娠・確・定 むしろ三つ子確定！射精→挿入→また射精！グチュグチュ大量中出し30連発BEST,BMW-256,,2022-04-29,240分鐘,,ワンズファクトリー,WANZ,,濫交、合集、花癡、中出、顏射、DMM獨家,優梨まいな、星奈あい、佐々木あき、波多野結衣、前田桃杏、深田えいみ、朝比奈ななせ、七瀬アリス、由愛可奈、叶ユリア、里美ゆりあ、今井夏帆、つぼみ、椎名そら、JULIA、北川エリカ、白川ゆず、佐山愛、花音うらら、花沢ひまり、桐谷まつり、愛須心亜、加瀬ななほ、樋口みつは,https://www.javbus.com/BMW-256,
MIZD-278 おっぱいマ○コに挟まれてイクッ！射精直前のパイズリラッシュ100連発！,MIZD-278 おっぱいマ○コに挟まれてイクッ！射精直前のパイズリラッシュ100連発！,MIZD-278,,2022-04-29,240分鐘,,ムーディーズ,MOODYZ Best,,蕩婦、乳交、合集、戀乳癖、美少女、數位馬賽克、巨乳、DMM獨家,中山ふみか、高橋しょう子、水卜さくら、水原みその、初音みのり、澁谷果歩、吉川あいみ、七草ちとせ、桜井彩、水野朝陽、葉月シュリ、神坂朋子、高杉麻里、鈴木さとみ、篠田ゆう、美国沙耶、相沢夏帆、塚田詩織、松本菜奈実、さつき芽衣、姫咲はな、藤森里穂、瀬田一花、吉根ゆりあ、冨安れおな、小梅えな、辻井ほのか、笹倉杏、高瀬りな、凛音とうか、倉多まお、今井夏帆、REMI、美竹すず、玉木くるみ、日向うみ、三咲美憂、宝生リリー、祈里きすみ、春菜はな、香坂紗梨、椎葉みくる、宝田もなみ、三浦るい、本真ゆり、須原のぞみ、瀬名ひかり、君島みお、凪沙ゆきの、田中ねね、佐知子、椿りか、成澤ひなみ、日下部加奈、JULIA、衣吹かのん、はるかみらい,https://www.javbus.com/MIZD-278,
MIZD-277 子宮をグイグイ突きまくり「もうイッてるってばぁ！」状態で追撃突き上げピストンBEST,MIZD-277 子宮をグイグイ突きまくり「もうイッてるってばぁ！」状態で追撃突き上げピストンBEST,MIZD-277,,2022-04-29,240分鐘,,ムーディーズ,MOODYZ Best,,潮吹、合集、花癡、美少女、數位馬賽克、中出、女上位、DMM獨家,高橋しょう子、七沢みあ、八木奈々、小野六花、篠田ゆう、久留木玲、永瀬ゆい、今井夏帆、姫咲はな、JULIA、辻さくら、渚みつき、田中ねね、花音うらら、永井マリア、日下部加奈、由愛可奈、君島みお、白坂有以、凛音とうか、望月あられ、奏音かのん、つぼみ、宮村ななこ、水卜さくら、白桃はな、さつき芽衣、初川みなみ、朝倉ここな、神宮寺ナオ、枢木あおい、藍芽みずき、根尾あかり、工藤ララ、松本いちか、深田えいみ、東條なつ、松本菜奈実、稲場るか、広瀬みつき、相沢夏帆、月乃ルナ,https://www.javbus.com/MIZD-277,
CJOB-110 Goto不倫トラベル 爆乳セレブ妻と濃厚オヤジの中出し交遊浪漫！8時間BEST,CJOB-110 Goto不倫トラベル 爆乳セレブ妻と濃厚オヤジの中出し交遊浪漫！8時間BEST,CJOB-110,,2022-04-22,480分鐘,,痴女ヘブン,痴女ヘブンBEST,Goto不倫トラベル,蕩婦、合集、通姦、中出、女上位、巨乳、DMM獨家,初川みなみ、藤森里穂、JULIA、篠田ゆう、夕季ちとせ、推川ゆうり,https://www.javbus.com/CJOB-110,
PPBD-233 一度の中出しでは終わらせない！ 絶対妊娠するまでリピート膣射！孕ませ中出し連射135発！,PPBD-233 一度の中出しでは終わらせない！ 絶対妊娠するまでリピート膣射！孕ませ中出し連射135発！,PPBD-233,,2022-04-15,240分鐘,,OPPAI,OPPAI,,蕩婦、花癡、中出、孕ませ、巨乳、DMM獨家,楪カレン、Hitomi（田中瞳）、川北メイサ、冨安れおな、JULIA、夏希まろん、佐知子、中野七緒、一ノ瀬菫、赤瀬尚子、松本菜奈実、高梨ゆあ、笹倉杏、篠田あゆみ、水野朝陽、目黒めぐみ、水原みその、乃木蛍、永井マリア、高橋りほ、今井夏帆、桐谷まつり、佐山愛、あいだ飛鳥、松永さな、遥香りく、小梅えな、舞奈みく、本真ゆり、吉根ゆりあ、春菜はな、真木今日子、凪沙ゆきの、小泉ひなた、姫咲はな、深田えいみ、美園和花、堀内未果子、北野未奈、神坂朋子、瀬田一花、月野かすみ、朝日奈かれん、辻さくら、さつき芽衣,https://www.javbus.com/PPBD-233,
PBD-418 お風呂でも、舌を絡ませ密着絡み合い快楽求める中出し性交BEST,PBD-418 お風呂でも、舌を絡ませ密着絡み合い快楽求める中出し性交BEST,PBD-418,,2022-04-15,240分鐘,,プレミアム,PREMIUM BEST,,蕩婦、口交、合集、姐姐、數位馬賽克、中出、汗だく、DMM獨家,山岸逢花、竹内有紀、星奈あい、香椎花乃、希島あいり、篠田ゆう、深田えいみ、水野朝陽、君島みお、凛音とうか、新井エリー（晶エリー、大沢佑香）、永井マリア、辻井ほのか、水戸かな、JULIA、波多野結衣,https://www.javbus.com/PBD-418,
PBD-417 プレミアム2021年下半期BEST 総絶頂回数30000回over！30タイトルず～っとイッてるってばぁ！8時間,PBD-417 プレミアム2021年下半期BEST 総絶頂回数30000回over！30タイトルず～っとイッてるってばぁ！8時間,PBD-417,,2022-04-15,480分鐘,,プレミアム,PREMIUM BEST,,蕩婦、合集、姐姐、多P、數位馬賽克、中出、ハーレム、DMM獨家,山岸逢花、希島あいり、JULIA、竹内有紀、月乃ルナ、藤森里穂、楪カレン、広瀬りおな、星奈あい、波多野結衣、堀内未果子、櫻井まみ、香椎花乃、初川みなみ、篠田ゆう、花沢ひまり,https://www.javbus.com/PBD-417,
RBB-232 SEX大好き 精子大好き おち○ちん大好き 中出し欲しがりイチャラブリー中出し8時間,RBB-232 SEX大好き 精子大好き おち○ちん大好き 中出し欲しがりイチャラブリー中出し8時間,RBB-232,,2022-04-08,480分鐘,,ROOKIE,ROOKIE,,口交、合集、美少女、中出、DMM獨家,君島みお、乃木蛍、桐谷なお、河南実里、吉根ゆりあ、篠田ゆう、大浦真奈美、あいだ飛鳥、鈴木心春、八乃つばさ、月野かすみ、もなみ鈴、桜もこ、七瀬アリス、有村のぞみ、時多しほり、佐知子、田中ねね、望月あやか、つぼみ、櫻井まみ、山岸逢花、月乃ルナ、天海つばさ、永井マリア、赤瀬尚子、桐谷まつり、由愛可奈、JULIA、星奈あい、深田えいみ、水川かずは、高杉麻里,https://www.javbus.com/RBB-232,
RBB-231 男なら絶対に一度はハメてみたくなる。 神尻SEX総集編 8時間,RBB-231 男なら絶対に一度はハメてみたくなる。 神尻SEX総集編 8時間,RBB-231,,2022-04-08,480分鐘,,ROOKIE,ROOKIE,,蕩婦、合集、屁股、女上位、巨尻、バック、DMM獨家,松本いちか、堀内未果子、星咲リサ、香椎花乃、枢木あおい、渚みつき、愛須心亜、黒川すみれ、今井夏帆、北野未奈、河南実里、篠田ゆう、天使もえ、美谷朱里、弥生みづき、つぼみ、七緒夕希、星奈あい、佐山愛、花沢ひまり、夕美しおん、丘えりな、白坂有以、奏音かのん、JULIA、白葉りこ、工藤まなみ、神宮寺ナオ、蘭華、栗栖みなみ、倉多まお、東條なつ、藤森里穂、七瀬アリス、蓮実クレア、若宮はずき、明里つむぎ、天海つばさ、水野朝陽、星野ナミ、月乃ルナ、希島あいり、七沢みあ、田中ねね、妃ひかり、真木今日子、石原希望、本真ゆり、さつき芽衣、優梨まいな、深田えいみ,https://www.javbus.com/RBB-231,
MIZD-274 膣内射精後もセックス続行 ドクドク溢れる精子逆流中出し50本番,MIZD-274 膣内射精後もセックス続行 ドクドク溢れる精子逆流中出し50本番,MIZD-274,,2022-04-01,480分鐘,,ムーディーズ,MOODYZ Best,,花癡、多P、美少女、數位馬賽克、中出、巨乳、DMM獨家,高橋しょう子、石原希望、神宮寺ナオ、JULIA、八乃つばさ、向井藍、白桃はな、初川みなみ、東條なつ、藍芽みずき、由愛可奈、深田えいみ、倉多まお、琴石ゆめる、逢見リカ、君島みお、永井マリア、佐藤エル、北野未奈、工藤ララ、つぼみ、深沢いのり、樋口みつは、百瀬あすか、堀内未果子、蓮実クレア、奏音かのん、さつき芽衣、堀北わん、久留木玲、篠田ゆう、花沢ひまり、神坂朋子、松本いちか、乃木蛍、枢木あおい、松本菜奈実、今井夏帆、相沢夏帆、愛須心亜、辻さくら、月乃ルナ,https://www.javbus.com/MIZD-274,
BMW-255 【甘サド淫語・拘束責め・寸止め焦らし】 精子沸騰寸前でチ○ポバカになるエロテク痴女の射精管理BEST,BMW-255 【甘サド淫語・拘束責め・寸止め焦らし】 精子沸騰寸前でチ○ポバカになるエロテク痴女の射精管理BEST,BMW-255,,2022-04-01,240分鐘,,ワンズファクトリー,WANZ,,蕩婦、合集、淫語、中出、M男、DMM獨家、打手槍,つぼみ、初川みなみ、JULIA、佐山愛、蘭華、枢木あおい、椎名そら、花沢ひまり、月乃ルナ、桐谷まつり、弥生みづき、堀内未果子、北川エリカ、美谷朱里、妃ひかり、田中ねね、天然かのん、君島みお、辻井ほのか、松本いちか、月野かすみ、深田えいみ、篠田ゆう、菜月るい、今井夏帆、花狩まい、花音うらら、永瀬ゆい、蓮実クレア、波多野結衣、REMI、七瀬ひな、AIKA、北野未奈、さつき芽衣、藤森里穂、枢木みかん,https://www.javbus.com/BMW-255,
HNDB-212 「もうイッてるってばぁ！」状態の巨乳女子をマ○コバカになるまで孕ませたい！33本番67発射！ブルンブルンおっぱい爆揺れ中出しピストン4時間BEST,HNDB-212 「もうイッてるってばぁ！」状態の巨乳女子をマ○コバカになるまで孕ませたい！33本番67発射！ブルンブルンおっぱい爆揺れ中出しピストン4時間BEST,HNDB-212,,2022-03-18,240分鐘,,本中,本中,本中BEST,合集、中出、女上位、巨乳、DMM獨家,JULIA、月野かすみ、葉風ゆりあ、三舩みすず、朝倉ここな、初愛ねんね、瀬名ひかり、冨安れおな、前田桃杏、神代りま、姫咲はな、今井夏帆、凛音とうか、結城りの、瀬田一花、藤森里穂、辻井ほのか、水原みその、佐山愛、田中ねね,https://www.javbus.com/HNDB-212,
CJOB-107 射精しても止めない悶絶こねくり追撃お掃除フェラ50発BEST,CJOB-107 射精しても止めない悶絶こねくり追撃お掃除フェラ50発BEST,CJOB-107,,2022-03-18,240分鐘,,痴女ヘブン,痴女ヘブンBEST,,蕩婦、口交、合集、美少女、顏射、巨乳、DMM獨家,松本いちか、永瀬ゆい、枢木あおい、篠田ゆう、初愛ねんね、月乃ルナ、さつき芽衣、渚みつき、初川みなみ、蓮実クレア、佐伯由美香、久留木玲、辻井ほのか、松本菜奈実、百瀬あすか、吉良りん、JULIA、夕季ちとせ、堀内未果子、凪沙ゆきの、成美このは、吉根ゆりあ、宝田もなみ、妃ひかり、向井藍、南乃そら,https://www.javbus.com/CJOB-107,
PBD-415 お姉さんが1000回イっても止められない…！追撃アクメ中出しピストンBEST,PBD-415 お姉さんが1000回イっても止められない…！追撃アクメ中出しピストンBEST,PBD-415,,2022-03-11,240分鐘,,プレミアム,PREMIUM BEST,,蕩婦、合集、已婚婦女、姐姐、多P、數位馬賽克、中出、DMM獨家,香椎花乃、波多野結衣、花沢ひまり、新井エリー（晶エリー、大沢佑香）、舞原聖、希島あいり、JULIA、里美ゆりあ、藤森里穂、星奈あい、蓮実クレア、山岸逢花、さつき芽衣、夏希まろん、辻井ほのか、篠田ゆう、竹内有紀、初川みなみ、深田えいみ,https://www.javbus.com/PBD-415,
MBYD-355 2021年溜池ゴロー厳選75タイトル100本番12時間BEST,MBYD-355 2021年溜池ゴロー厳選75タイトル100本番12時間BEST,MBYD-355,,2022-03-11,720分鐘,,溜池ゴロー,溜池ゴロー,,合集、已婚婦女、中出、出軌、DMM獨家,岬さくら、月乃ルナ、川上奈々美、JULIA、乃木蛍、瀬田一花、冨安れおな、平井栞奈、美波杏奈、北野未奈、妃ひかり、東希美、滝田あゆ、天然かのん、初川みなみ、深田えいみ、堀内未果子、真木今日子、朝倉ここな、藤森里穂、風間ゆみ、朝比奈ななせ、皇ゆず、さつき芽衣、堀北わん、姫咲はな、向井藍、篠田ゆう、山口葉瑠、山口珠理、AIKA、佐伯由美香、佐山愛、舞原聖、広瀬りおな、壇凛沙、吉岡ルミカ、加藤ツバキ（夏樹カオル）、乙葉カレン、リリー・ハート、永井みひな、楓なつき,https://www.javbus.com/MBYD-355,
RBB-229 いやぁ！！だめだめだめぇぇぇっ！！！！ 中出しを嫌がり必死に抵抗する女を完全絶望させる中出し 8時間（RBB-229）,RBB-229 いやぁ！！だめだめだめぇぇぇっ！！！！ 中出しを嫌がり必死に抵抗する女を完全絶望させる中出し 8時間（RBB-229）,RBB-229,,2022-03-04,480分鐘,,ROOKIE,ROOKIE,中出しを嫌がり必死に抵抗する女,合集、美少女、中出、デカチン・巨根、DMM獨家,小泉ひなた、今井夏帆、河合ゆい、吉良りん、紺野みいな、工藤ララ、朝比奈ななせ、花沢ひまり、天海つばさ、君島みお、久留木玲、松本いちか、辻さくら、妃ひかり、桜もこ、深田えいみ、琴石ゆめる、月乃ルナ、永野いち夏、白川ゆず、田中ねね、深沢いのり、冬愛ことね、三咲美憂、南乃そら、瀬名ひかり、篠田ゆう、星奈あい、根尾あかり、神宮寺ナオ、向井藍、樋口みつは、飛鳥りいな、JULIA、中城葵、藍芽みずき、辻井ほのか、姫咲はな、星あめり、鈴乃広香,https://www.javbus.com/RBB-229,
MIZD-269 MOODYZ2021年12時間BEST,MIZD-269 MOODYZ2021年12時間BEST,MIZD-269,,2022-02-25,720分鐘,,ムーディーズ,MOODYZ Best,,合集、美少女、數位馬賽克、中出、巨乳、DMM獨家,高瀬りな、つぼみ、波多野結衣、春菜はな、松本菜奈実、向井藍、JULIA、新井エリー（晶エリー、大沢佑香）、REMI、本真ゆり、蓮実クレア、瀬名ひかり、真木今日子、篠田ゆう、AIKA、皆月ひかる、深田えいみ、岬あずさ、稲場るか、塚田詩織、乃木蛍、高橋しょう子、あべみかこ、七沢みあ、新村あかり、小早川怜子、永瀬ゆい、好実ほの、木咲あんな、田中ねね、星仲ここみ、成澤ひなみ、妃ひかり、京橋葵、夜空あみ、翼あおい、綾瀬ひまり、堀内未果子、百永さりな、瑞希かりん、綾瀬らん、潮崎ななみ、茜美弥、真琴つぐみ、葵いぶき、小梅えな、湊ひめか、神坂朋子、八神未来、結城りの、花沢ひまり、中山ふみか、琴石ゆめる、高梨有紗、蒼井結夏、辻井ほのか、二見れい、氷堂りりあ、楪カレン、奏美りおん、花詠陽菜、石原希望、椿りか、佐藤明日菜、松井さあや、辻さくら、斎藤まりな、橘ひなの、舞原聖、水原みその、望月あやか、星谷瞳、堀中未来、広瀬みつき、月野かすみ、倉本すみれ、日泉舞香、川村晴、久留木玲、成田つむぎ、初愛ねんね、桃山もえか、朝日奈かれん、結城のの、水卜さくら、渚みつき、神宮寺ナオ、加藤ももか、羽生アリサ、栄川乃亜、美園和花、神納花、初川みなみ、東希美、如月夏希、藍芽みずき、リリー・ハート、小野六花、神代りま、天羽のい、広仲みなみ、天然かのん、永野いち夏、吉根ゆりあ、泉あや、八木奈々、奏音かのん、夏希まろん、白桃はな、伊東める、東條なつ、冨安れおな、春名紗奈、香乃萌音、衣吹かのん、七瀬アリス、凪沙ゆきの、蘭華、吉良りん、麻宮わかな、藤森里穂、冨永美月、月乃ルナ、佐伯由美香、山口りか、七瀬ひな、深月めい、結城かずな、さつき芽衣、乙アリス、森日向子、姫咲はな、本田のえる、七嶋十愛、百瀬あすか、前田桃杏、初美ゆりか、玉城美希、岸井遥、南乃そら、三浦るい、工藤ララ、樋口みつは、北野未奈、竹内夏希、堀北わん、塩見彩、一色彩葉、瀬田一花、松本いちか、朝倉ここな、坂井じゅの、樋坂リョウナ、花狩まい、麻生マーガレット奈々美、佐知子、三舩みすず,https://www.javbus.com/MIZD-269,
BMW-252 イジメっ娘の杭打ちで50回痴女られたボク…,BMW-252 イジメっ娘の杭打ちで50回痴女られたボク…,BMW-252,,2022-02-25,240分鐘,,ワンズファクトリー,WANZ,,蕩婦、合集、中出、女上位、高中女生、巨乳、DMM獨家,藤森里穂、月乃ルナ、北野未奈、白桃はな、永瀬ゆい、蘭華、花狩まい、今井夏帆、篠田ゆう、松本いちか、河南実里、香苗レノン、深田えいみ、さつき芽衣、つぼみ、根尾あかり、田中ねね、本真ゆり、天然かのん、枢木あおい、美谷朱里、佐山愛、桐谷まつり、桐谷なお、AIKA、花沢ひまり、波多野結衣、君島みお、広瀬りおな、辻井ほのか、永井マリア、堀内未果子、あおいれな、きみと歩実、REMI、JULIA、栄川乃亜、緒川りお、椎名そら、富田優衣、永井みひな、佳苗るか,https://www.javbus.com/BMW-252,
CJOB-106 凄テクお姉さんがあの手この手でヌイてくれる回春エステ100発射精BEST,CJOB-106 凄テクお姉さんがあの手この手でヌイてくれる回春エステ100発射精BEST,CJOB-106,,2022-02-18,480分鐘,,痴女ヘブン,痴女ヘブンBEST,,蕩婦、合集、中出、美容院、男の潮吹き、DMM獨家、打手槍,月乃ルナ、松本いちか、JULIA、AIKA、あおいれな、向井藍、八乃つばさ、今井夏帆、吉良りん、南乃そら、凪沙ゆきの、成美このは、倉多まお,https://www.javbus.com/CJOB-106,
REBD-630 REbecca STARS9-The lovelinesses-,REBD-630 REbecca STARS9-The lovelinesses-,REBD-630,,2022-02-17,192分鐘,MAX★,REbecca,REbecca,REbecca STARS,介紹影片、性感的、高畫質,JULIA、橋本ありな、楓カレン、稲場るか、さつき芽衣、青空ひかり、松本いちか、山岸逢花、松本菜奈実、本庄鈴、架乃ゆら、伊藤舞雪,https://www.javbus.com/REBD-630,
PPBD-228 腰が砕けるほどチ○ポをこねくるガマン汁垂れ流し手コキ100連発！,PPBD-228 腰が砕けるほどチ○ポをこねくるガマン汁垂れ流し手コキ100連発！,PPBD-228,,2022-02-11,240分鐘,,OPPAI,OPPAI,,蕩婦、淫語、巨乳、男の潮吹き、DMM獨家、打手槍,佐山愛、Hitomi（田中瞳）、波多野結衣、春菜はな、桐谷まつり、千早菜奈、凛音とうか、優月まりな、君島みお、逢見リカ、川村晴、祈里きすみ、時多しほり、浅井梨杏、八乃つばさ、長峰河南、若菜奈央、NAOMI、稀夕らら、篠田あゆみ、乃木蛍、水原みその、妃ひかり、辻井ほのか、田中ねね、神坂朋子、月野かすみ、千歳りあ、飛鳥りいな、中野七緒、楪カレン、夏希まろん、凪沙ゆきの、柊木まりな、藤森里穂、ほむら優音、瀬田一花、目黒めぐみ、結白まさき、塚田詩織、深田えいみ、香坂紗梨、赤渕蓮、高杉麻里、葵百合香、宝生リリー、朝倉桃菜、浅田結梨、武田真、岸上莉子、桜庭ひかり、宝田もなみ、松嶋葵、永井マリア、高梨ゆあ、藤咲エレン、森ほたる、玉木なるみ、長瀬麻美、織田真子、篠田ゆう、真木今日子、蓮実クレア、北川エリカ、めぐり（藤浦めぐ）、JULIA、平真凛、美園和花、辻さくら、椿りか、芹奈りく、吉根ゆりあ、壇凛沙、深沢いのり、朝日奈かれん、水野朝陽,https://www.javbus.com/PPBD-228,
PBD-414 美尻スケベお姉さんに勝手にまたがられて淫らな杭打ち騎乗位で何度も、中出しさせられて…,PBD-414 美尻スケベお姉さんに勝手にまたがられて淫らな杭打ち騎乗位で何度も、中出しさせられて…,PBD-414,,2022-02-11,240分鐘,,プレミアム,PREMIUM BEST,,蕩婦、苗條、姐姐、數位馬賽克、中出、女上位、DMM獨家,山岸逢花、竹内有紀、星奈あい、櫻井まみ、JULIA、篠田ゆう、初川みなみ、香椎花乃、希島あいり、新井エリー（晶エリー、大沢佑香）、根尾あかり、水戸かな、妃ひかり、永井マリア,https://www.javbus.com/PBD-414,
PPBD-229 「飛びすぎでしょっ！」 極限乳圧で湧き上がったグツグツ精子ぶっ飛ぶロケット射精パイズリ50発OVER,PPBD-229 「飛びすぎでしょっ！」 極限乳圧で湧き上がったグツグツ精子ぶっ飛ぶロケット射精パイズリ50発OVER,PPBD-229,,2022-02-11,240分鐘,,OPPAI,OPPAI,,蕩婦、乳交、其他戀物癖、美少女、巨乳、DMM獨家,楪カレン、Hitomi（田中瞳）、JULIA、桐谷まつり、冨安れおな、朝日奈かれん、綾瀬ことは、永井れいな、夏希まろん、叶ユリア、高梨ゆあ、ジューン・ラブジョイ、吉根ゆりあ、松本菜奈実、市原玲、あいだ飛鳥、目黒めぐみ、蘭華、鈴木さとみ、凛音とうか、藤森里穂、田中ねね、辻井ほのか、佐知子、篠崎かんな、石原理央、葵百合香、羽生アリサ、古賀まつな、柊るい、柊紗栄子、姫咲はな、百瀬とあ、美国沙耶、八乃つばさ、森ほたる、神坂朋子、川村晴、中野七緒、望月あやか、椿りか、舞奈みく、凪沙ゆきの、辻さくら,https://www.javbus.com/PPBD-229,
MIZD-263 大嫌いなアイツのチ○ポがドストライクすぎてレ×プなのにイかされまくったオンナ達480分BEST,MIZD-263 大嫌いなアイツのチ○ポがドストライクすぎてレ×プなのにイかされまくったオンナ達480分BEST,MIZD-263,,2022-01-28,480分鐘,,ムーディーズ,MOODYZ Best,,合集、多P、數位馬賽克、中出、巨乳、DMM獨家,由愛可奈、根尾あかり、瀬名ひかり、白桃はな、日下部加奈、逢見リカ、永井みひな、向井藍、水卜さくら、高橋しょう子、姫咲はな、神宮寺ナオ、妃ひかり、辻さくら、東條なつ、広瀬みつき、久留木玲、奏音かのん、河南実里、椎名そら、咲乃小春、樋口みつは、辻井ほのか、初川みなみ、秋山祥子、今井夏帆、七沢みあ、中城葵、松本いちか、美谷朱里、大浦真奈美、黒川すみれ、二宮ひかり、有坂深雪、松本菜奈実、倉多まお、宝田もなみ、八木奈々、永瀬ゆい、穂高結花、中山ふみか、藍芽みずき、水野朝陽、渚みつき、君島みお、麻里梨夏、御坂りあ、緒川りお、佐々木あき、冬月かえで、蓮実クレア、つぼみ、JULIA、月乃ルナ、森沢かな（飯岡かなこ）、篠田ゆう、稲場るか、愛須心亜、桐谷なお、妃月るい、八乃つばさ、枢木あおい、佐藤エル、桜井彩、七瀬ひな、高杉麻里、深田えいみ、堀内未果子、彩葉みおり,https://www.javbus.com/MIZD-263,
BMW-251 超絶快感「イクッ！」3分前！ 爆乳パイズリ射精ラッシュ100連発BEST,BMW-251 超絶快感「イクッ！」3分前！ 爆乳パイズリ射精ラッシュ100連発BEST,BMW-251,,2022-01-28,240分鐘,,ワンズファクトリー,WANZ,,乳交、合集、美少女、巨乳、DMM獨家,藤森里穂、北野未奈、JULIA、田中ねね、尾上若葉、逢見リカ、佐山愛、辻井ほのか、深田えいみ、神坂朋子、瀬名ひかり、仲間明日香、真白ここ、杏美月、篠田あゆみ、千乃あずみ、妃ひかり、西條るり、さくら悠、美月優芽、新山かえで、桜木莉愛（かじか凛）、星野来夢、岩瀬りな、椎名ゆな、めぐり（藤浦めぐ）、君島みお、桜井彩、春菜はな、相沢夏帆、桐谷まつり、倉多まお、REMI、本真ゆり、姫咲はな、篠崎かんな、篠田ゆう、松本菜奈実、佐知子、椿りか、波多野結衣、根尾あかり、夕季ちとせ、月野かすみ,https://www.javbus.com/BMW-251,
BMW-250 子宮の奥までぶち込むダイレクトち○ぽ！ 肉弾性交種付けプレス108連発,BMW-250 子宮の奥までぶち込むダイレクトち○ぽ！ 肉弾性交種付けプレス108連発,BMW-250,,2022-01-28,240分鐘,,ワンズファクトリー,WANZ,,花癡、多P、美少女、中出、デカチン・巨根、DMM獨家,東條なつ、工藤ララ、七瀬アリス、花沢ひまり、星奈あい、柊るい、月乃さくら、有坂深雪、茜はるか、乃木蛍、松本菜奈実、椎名そら、JULIA、奏音かのん、桐谷まつり、椿りか、枢木あおい、高杉麻里、北川エリカ、栄川乃亜、南梨央奈、河南実里、永井みひな、美谷朱里、松永さな、佐々木あき、加瀬ななほ、赤瀬尚子、永井マリア、佐知子、逢見リカ、つぼみ、瀬田一花、今井夏帆、小泉ひなた、前田桃杏、永野いち夏、月乃ルナ、佐山愛、高山すず、斎藤まりな、久留木玲、花音うらら、白川ゆず、月野かすみ、里美ゆりあ、辻井ほのか、深田えいみ、三浦乃愛、白桃はな、朝比奈ななせ、丘えりな、松本いちか、波多野結衣、根尾あかり、望月あやか、さつき芽衣、飛鳥りいな、愛須心亜,https://www.javbus.com/BMW-250,
MIZD-266 媚薬でアへ顔ガンギマリ！ 体液ダダ漏れでイキまくるキメセクBEST,MIZD-266 媚薬でアへ顔ガンギマリ！ 体液ダダ漏れでイキまくるキメセクBEST,MIZD-266,,2022-01-28,240分鐘,,ムーディーズ,MOODYZ Best,,放尿、潮吹、合集、花癡、數位馬賽克、乳液、中出、DMM獨家,高橋しょう子、七沢みあ、神宮寺ナオ、水卜さくら、白桃はな、永井みひな、初川みなみ、永瀬ゆい、辻さくら、大浦真奈美、高杉麻里、小梅えな、川村晴、蓮実クレア、根尾あかり、藍芽みずき、星あめり、冬愛ことね、深沢いのり、吉良りん、真木今日子、市来まひろ、JULIA、九重かんな、由愛可奈、つぼみ、佐藤エル、AIKA、妃月るい、黒川すみれ、秋山祥子、星奈あい、彩葉みおり、篠田ゆう、松本いちか、河南実里、跡美しゅり、日下部加奈、三咲美憂、今井夏帆、望月あられ、美谷朱里,https://www.javbus.com/MIZD-266,
CJOB-103 ずぅ～っと乳首こねくりながら何度も射精かせてアゲル BEST,CJOB-103 ずぅ～っと乳首こねくりながら何度も射精かせてアゲル BEST,CJOB-103,,2022-01-21,240分鐘,,痴女ヘブン,痴女ヘブンBEST,ずぅ～っと乳首こねくりながら何度も射精かせてアゲル,蕩婦、合集、淫語、多P、女上位、DMM獨家,松本いちか、枢木あおい、月乃ルナ、永瀬ゆい、辻井ほのか、川上ゆう（森野雫）、渚みつき、蓮実クレア、大槻ひびき、篠田ゆう、初川みなみ、久留木玲、佐伯由美香、堀内未果子、JULIA、吉良りん、深田えいみ、妃ひかり、真木今日子、浜崎真緒、REMI、凪沙ゆきの、向井藍、百瀬あすか、南乃そら、夕季ちとせ,https://www.javbus.com/CJOB-103,
CJOB-104 射精しても止めない！吹いても止めない！ド痴女たちの凄テク追撃男潮BEST,CJOB-104 射精しても止めない！吹いても止めない！ド痴女たちの凄テク追撃男潮BEST,CJOB-104,,2022-01-21,240分鐘,,痴女ヘブン,痴女ヘブンBEST,射精しても止めない！吹いても止めない！ド痴女たちの凄テク追撃男潮,蕩婦、合集、M男、男の潮吹き、DMM獨家、打手槍,深田えいみ、月乃ルナ、さつき芽衣、蓮実クレア、有坂深雪、佐山愛、松本菜奈実、吉良りん、水野朝陽、堀内未果子、凛音とうか、初愛ねんね、久留木玲、向井藍、JULIA、渚みつき、椎名そら、南乃そら、初川みなみ、松本いちか、篠田ゆう、大槻ひびき、麻里梨夏、姫川ゆうな、碧しの（篠めぐみ）、美国沙耶、水原乃亜、鈴木さとみ、咲々原リン、凪沙ゆきの、里美ゆりあ,https://www.javbus.com/CJOB-104,
MIZD-264 イッた直後の感度インフレおま○こをメッタ突き追撃バックピストン60SEX,MIZD-264 イッた直後の感度インフレおま○こをメッタ突き追撃バックピストン60SEX,MIZD-264,,2022-01-14,240分鐘,,ムーディーズ,MOODYZ Best,,屁股、美少女、數位馬賽克、中出、巨乳、バック、DMM獨家,七沢みあ、高橋しょう子、小野六花、初川みなみ、白桃はな、三咲美憂、根尾あかり、今井夏帆、広瀬みつき、樋口みつは、美谷朱里、麻里梨夏、椎名そら、河合ゆい、河北はるな、久留木玲、高杉麻里、向井藍、中山ふみか、黒川すみれ、九重かんな、JULIA、二宮ひかり、藤森里穂、日下部加奈、凛音とうか、姫川ゆうな、堀北わん、蓮実クレア、平沢すず、水卜さくら、星奈あい、辻井ほのか、篠田ゆう、東條なつ、由愛可奈、柊るい、蘭華、望月あられ、藍芽みずき、弥生みづき、白坂有以、君島みお、奏音かのん、枢木あおい、丘えりな、有坂深雪、辻さくら、秋山祥子、栄川乃亜、永瀬ゆい、AIKA、稲場るか、渚みつき、小梅えな、永井マリア、新井エリー（晶エリー、大沢佑香）、松本いちか、神宮寺ナオ、つぼみ、志田雪奈,https://www.javbus.com/MIZD-264,
MBYD-351 人妻たちが完全に絶望する瞬間！射精直前の壮絶ピストンレ×プ78連発,MBYD-351 人妻たちが完全に絶望する瞬間！射精直前の壮絶ピストンレ×プ78連発,MBYD-351,,2022-01-14,240分鐘,,溜池ゴロー,溜池ゴロー,,合集、已婚婦女、中出、出軌、DMM獨家,石原希望、七草ちとせ、篠田あゆみ、東凛、五十嵐しのぶ、浅井舞香、水野朝陽、有坂深雪、大浦真奈美、佐山愛、阿部栞菜、佐々木あき、根尾あかり、初川みなみ、井上綾子、川上ゆう（森野雫）、大槻ひびき、一色里桜、君島みお、川北りな、優梨まいな、松浦理央、柏木あおい、通野未帆、波多野結衣、琴古ひまり、あゆみ莉花、深田えいみ、JULIA、平井栞奈、桐谷まつり、神谷充希、小向美奈子、黒川すみれ、榎本美咲、松永さな、河北麻衣、松下紗栄子、永井みひな、白木優子、美空杏、河南実里、飛鳥りん、内海みう、希島あいり、八乃つばさ、清城ゆき、中山香苗、杏、めぐり（藤浦めぐ）、谷原希美、神ユキ、新川優衣、森ななこ、かすみ果穂、円城ひとみ、本田莉子、三浦恵理子、岬あずさ、川上奈々美、有村のぞみ、若菜奈央、西川ゆい、松井優子、一条綺美香、神納花、高杉麻里、美谷朱里、織田真子、和泉潤、吹石れな、明里ともか、並木塔子、松本いちか、今井夏帆、中野七緒、秋山祥子、水樹璃子,https://www.javbus.com/MBYD-351,
PBD-412 君のビンビン乳首ねっちょり舐めて、こねくり犯して、気持ち良くしてアゲルからねBEST,PBD-412 君のビンビン乳首ねっちょり舐めて、こねくり犯して、気持ち良くしてアゲルからねBEST,PBD-412,,2022-01-14,240分鐘,,プレミアム,PREMIUM BEST,,蕩婦、苗條、合集、淫語、姐姐、數位馬賽克、DMM獨家、打手槍,山岸逢花、竹内有紀、星奈あい、櫻井まみ、JULIA、水戸かな、初川みなみ、深田えいみ、波多野結衣、倉多まお、篠田ゆう、香椎花乃、蓮実クレア、舞原聖、藍芽みずき、今井夏帆、大槻ひびき、夏希まろん、希島あいり、AIKA、岬ななみ、里美ゆりあ,https://www.javbus.com/PBD-412,
RBB-226 痴女の天才に責められたい！ 8時間スペシャルBEST,RBB-226 痴女の天才に責められたい！ 8時間スペシャルBEST,RBB-226,,2022-01-07,480分鐘,,ROOKIE,ROOKIE,,蕩婦、口交、合集、出軌、DMM獨家,佐々木あき、相沢みなみ、深田えいみ、星宮一花、瀬名ひかり、東條なつ、JULIA、辻井ほのか、春咲りょう、桜井彩、永井マリア、田中ねね、あおいれな、伊藤舞雪、大槻ひびき、高杉麻里、桐谷まつり、松本いちか、リリー・ハート、松ゆきの、麻里梨夏、松本菜奈実、桐嶋りの、吉高寧々、新名あみん、坂道みる、葵つかさ、稲場るか、桜もこ、紺野みいな、若菜奈央、Hitomi（田中瞳）、夢乃あいか、栄川乃亜、川上ゆう（森野雫）、橋本ありな、神宮寺ナオ、篠田ゆう、美谷朱里、波多野結衣、新井エリー（晶エリー、大沢佑香）、君島みお、佐山愛、AIKA、小島みなみ、天使もえ、架乃ゆら、三上悠亜、山岸逢花、星奈あい、香椎りあ、凛音とうか、推川ゆうり、三浦恵理子、KAORI、八乃つばさ、舞原聖、新村あかり、花沢ひまり、加藤ももか、有栖いおり、跡美しゅり、希島あいり、竹内有紀、蓮実クレア,https://www.javbus.com/RBB-226,
BMW-248 10コスリで既に逝きかけてたのにそこから1000回突かれて顔面アクメ崩壊した女達,BMW-248 10コスリで既に逝きかけてたのにそこから1000回突かれて顔面アクメ崩壊した女達,BMW-248,,2021-12-31,240分鐘,,ワンズファクトリー,WANZ,,合集、花癡、美少女、中出、巨乳、DMM獨家,深田えいみ、つぼみ、JULIA、白桃はな、前田桃杏、花音うらら、今井夏帆、里美ゆりあ、波多野結衣、南乃そら、優梨まいな、逢見リカ、松本菜奈実、加瀬ななほ、愛須心亜、桐谷なお、佐久間恵美、小泉ひなた、佐々木あき、奏音かのん、花沢ひまり、星奈あい、麻倉憂、椎名そら、さつき芽衣、桐谷まつり、朝比奈ななせ、久留木玲、北川エリカ、根尾あかり、樋口みつは、七瀬アリス、佐藤エル、稲場るか、椿りか、白川ゆず,https://www.javbus.com/BMW-248,
PPBD-224 「嫌だ、ヤメテってばぁ！」 望まない中出しに乳を揺らしてイク女孕ませバックレ×プBEST,PPBD-224 「嫌だ、ヤメテってばぁ！」 望まない中出しに乳を揺らしてイク女孕ませバックレ×プBEST,PPBD-224,,2021-12-17,240分鐘,,OPPAI,OPPAI,,合集、花癡、多P、中出、巨乳、バック、DMM獨家,Hitomi（田中瞳）、桐谷まつり、JULIA、佐山愛、めぐり（藤浦めぐ）、一ノ瀬菫、吉根ゆりあ、君島みお、月野かすみ、吹石れな、水野朝陽、浅田結梨、相沢夏帆、波多野結衣、凛音とうか、深田えいみ,https://www.javbus.com/PPBD-224,
PBD-409 プレミアム2021年上半期BEST 人気作品の激シコポイント完全コンプリート30タイトル8時間,PBD-409 プレミアム2021年上半期BEST 人気作品の激シコポイント完全コンプリート30タイトル8時間,PBD-409,,2021-12-17,480分鐘,,プレミアム,PREMIUM BEST,プレミアムBEST（プレミアム）,蕩婦、合集、姐姐、數位馬賽克、中出、ハーレム、巨乳、DMM獨家,山岸逢花、竹内有紀、櫻井まみ、希島あいり、蓮実クレア、大槻ひびき、AIKA、藍芽みずき、香椎花乃、夏希まろん、辻井ほのか、さつき芽衣、妃ひかり、篠田ゆう、JULIA、岬ななみ、星奈あい,https://www.javbus.com/PBD-409,
MBYD-349 夫が帰宅するまであと10分！？バレるよりも快感を求めてしまう中出しチキンレース不倫BEST,MBYD-349 夫が帰宅するまであと10分！？バレるよりも快感を求めてしまう中出しチキンレース不倫BEST,MBYD-349,,2021-12-17,240分鐘,,溜池ゴロー,溜池ゴロー,,合集、已婚婦女、通姦、中出、出軌、DMM獨家,JULIA、永井マリア、岬さくら、榎本美咲、春菜はな、秋山祥子、若菜奈央、時多しほり、佐山愛、波多野結衣、黒川サリナ、黒崎ひなの、君島みお、桐嶋りの、希島あいり、小向美奈子、深田えいみ、永瀬ゆい、堀内未果子、風間ゆみ、東凛、八乃つばさ、今井夏帆、通野未帆、長瀬麻美、中野七緒、谷原希美、川上奈々美、桜井彩,https://www.javbus.com/MBYD-349,
PPBD-225 【※閲覧注意※】激ピスでブッ飛びまくる巨乳美女の発狂脳バグSEX4時間,PPBD-225 【※閲覧注意※】激ピスでブッ飛びまくる巨乳美女の発狂脳バグSEX4時間,PPBD-225,,2021-12-17,240分鐘,,OPPAI,OPPAI,,胖女人、合集、花癡、中出、巨乳、DMM獨家,夏希まろん、吉根ゆりあ、AIKA、Hitomi（田中瞳）、めぐり（藤浦めぐ）、川村晴、JULIA、逢坂はるな、水城奈緒、本真ゆり、舞奈みく、波多野結衣、凪沙ゆきの、中野七緒、水野朝陽、玉木なるみ、桐谷まつり、NAOMI、深田えいみ、小梅えな、小向美奈子、初愛ねんね、春菜はな、篠田ゆう、三原ほのか、佐山愛、今井夏帆、谷原希美,https://www.javbus.com/PPBD-225,
DVAJ-551 凄テクを持つ美女たちが極上口マ○コを駆使して何度でも何本でも抜きまくる！連続フェラ抜き66連発the BEST！！,DVAJ-551 凄テクを持つ美女たちが極上口マ○コを駆使して何度でも何本でも抜きまくる！連続フェラ抜き66連発the BEST！！,DVAJ-551,,2021-12-11,299分鐘,神田うさぎ,アリスJAPAN,アリスJAPAN,,口交、合集、4小時以上作品、高畫質、顏射、DMM獨家、打手槍,川上奈々美、奥田咲、あず希、妃すみれ、涼宮琴音、小島みなみ、葵つかさ、長瀬麻美、逢沢まりあ、麻美ゆま、森苺莉、木下あずみ、うるや真帆、大沢美加（廣田まりこ）、白石美咲、美月リア、澤村レイコ（高坂保奈美、高坂ますみ）、JULIA、芹沢恋,https://www.javbus.com/DVAJ-551,
RBB-223 圧倒的な肉体美。形、大きさ、感度すべてが最上級。 これぞまさに超・神乳8時間,RBB-223 圧倒的な肉体美。形、大きさ、感度すべてが最上級。 これぞまさに超・神乳8時間,RBB-223,,2021-12-10,480分鐘,,ROOKIE,ROOKIE,神乳○時間,蕩婦、苗條、乳交、合集、乳房、巨乳、DMM獨家,河北彩花、神宮寺ナオ、藤森里穂、初川みなみ、小野六花、八木奈々、夢乃あいか、辻井ほのか、架乃ゆら、奥田咲、花宮あむ、つぼみ、水卜さくら、深田えいみ、夕季ちとせ、天使もえ、有栖花あか、伊藤舞雪、篠田ゆう、根尾あかり、逢見リカ、望月あやか、川村晴、飛鳥りいな、衣吹かのん、夏希まろん、葵いぶき、永井マリア、石原希望、美谷朱里、叶愛、今井夏帆、凪沙ゆきの、有坂深雪、佐知子、JULIA、椿りか、松下紗栄子、三宮つばき、天音まひな、白石茉莉奈、水野朝陽、中山ふみか、稲場るか、鷲尾めい、梓ヒカリ、葵つかさ、小島みなみ、桜空もも、相沢みなみ、桃園怜奈、初愛ねんね、桐谷まつり、田中ねね、桃乃木かな、羽咲みはる、小梅えな,https://www.javbus.com/RBB-223,
MMXD-031 未満式着衣いたずら いいなり制服美少女48人8時間 完全穢しまくり撮り,MMXD-031 未満式着衣いたずら いいなり制服美少女48人8時間 完全穢しまくり撮り,MMXD-031,,2021-12-03,480分鐘,,未満,未満,未満式着衣いたずら,合集、美少女、制服、巨乳、DMM獨家,天音まひな、神坂朋子、凪沙ゆきの、初愛ねんね、白石めい、有栖いおり、雛鶴みお、小栗もなか、伊藤舞雪、松本菜奈実、御坂恵衣、あやみ旬果、高梨ゆあ、永瀬ゆい、石原理央、柊るい、稲場るか、今井夏帆、百々谷りあ、妃宮侑里、桐谷まつり、花守みらい、長谷川古宵、高岡美鈴、朱莉きょうこ、佐藤りこ、佐知子、露梨あやせ、深田えいみ、淡月みたま、伊賀まこ、舞奈みく、ほむら優音、蒼井りあん、凛音とうか、JULIA,https://www.javbus.com/MMXD-031,
CJOB-100 おっぱい密着でヌルヌル痴女ッてくる泡洗体手コキBEST,CJOB-100 おっぱい密着でヌルヌル痴女ッてくる泡洗体手コキBEST,CJOB-100,,2021-11-19,240分鐘,,痴女ヘブン,痴女ヘブンBEST,,蕩婦、合集、淫語、姐姐、男の潮吹き、DMM獨家、打手槍,JULIA、篠田ゆう、深田えいみ、松本いちか、佐知子、澁谷果歩、森川アンナ、君島みお、AIKA、新井エリー（晶エリー、大沢佑香）、波多野結衣、美谷朱里、麻里梨夏、水野朝陽、あべみかこ、椎名そら、きみと歩実、相沢夏帆、神坂朋子、七瀬ひな、今井夏帆、蓮実クレア、奏音かのん、真木今日子、さつき芽衣、久留木玲、渚みつき、南乃そら、松本菜奈実、初愛ねんね、凪沙ゆきの、成美このは、本真ゆり、羽生アリサ、八乃つばさ、栄川乃亜、稲場るか、吉良りん、倉多まお、永井マリア,https://www.javbus.com/CJOB-100,
HNDB-204 種無し旦那のためにボロ屋敷へ行き30日間精子を溜めた独身男と濃厚種付けセックスを楽しむ人妻8時間BEST,HNDB-204 種無し旦那のためにボロ屋敷へ行き30日間精子を溜めた独身男と濃厚種付けセックスを楽しむ人妻8時間BEST,HNDB-204,,2021-11-19,480分鐘,,本中,本中,30日間精子を溜めた独身男と濃厚種付けセックスを楽しむ人妻,潮吹、合集、已婚婦女、中出、DMM獨家,JULIA、妃ひかり、佐山愛,https://www.javbus.com/HNDB-204,
PPBD-223 一緒に迎えるシンクロ絶頂！カラダの相性抜群 正常位中出し100連発オーバーBEST,PPBD-223 一緒に迎えるシンクロ絶頂！カラダの相性抜群 正常位中出し100連発オーバーBEST,PPBD-223,,2021-11-12,240分鐘,,OPPAI,OPPAI,,苗條、合集、美少女、中出、巨乳、DMM獨家,楪カレン、Hitomi（田中瞳）、藤森里穂、さつき芽衣、百瀬とあ、倉多まお、佐山愛、逢坂はるな、君島みお、水城奈緒、咲々原リン、平真凛、白石りん、高杉麻里、美国沙耶、宝田もなみ、八乃つばさ、相沢夏帆、凪沙ゆきの、浅田結梨、水野朝陽、めぐり（藤浦めぐ）、祈里きすみ、河北麻衣、浅美結花、永井マリア、石原理央、篠崎かんな、日向うみ、新井エリー（晶エリー、大沢佑香）、織田真子、成海さやか、あいだ飛鳥、姫咲はな、目黒めぐみ、桜井彩、推川ゆうり、藤咲エレン、麻倉ゆあ、堀内未果子、月野かすみ、美園和花、JULIA、鈴木さとみ、吉根ゆりあ、菜月るい、霧島さくら、赤瀬尚子、今井夏帆、高梨ゆあ、本真ゆり、楪さき、小泉ひなた、香坂紗梨、泡沫ゆうき、松永さな、凛音とうか、前田桃杏、松本菜奈実、夏希まろん、田中ねね、望月あやか、中野七緒、神坂朋子、深田えいみ、川村晴、春菜はな、真木今日子、妃ひかり、佐知子、舞奈みく、稲場るか、小梅えな、千歳りあ、桐谷まつり、一ノ瀬菫、桜庭ひかり,https://www.javbus.com/PPBD-223,
HJBB-140 夫婦で挑戦！夫がAV女優の凄テクを20分我慢できたら賞金！イカされちゃったら妻が寝取られ中出しSEX！！5,HJBB-140 夫婦で挑戦！夫がAV女優の凄テクを20分我慢できたら賞金！イカされちゃったら妻が寝取られ中出しSEX！！5,HJBB-140,,2021-11-12,480分鐘,,はじめ企画,はじめ企画,夫婦で挑戦,蕩婦、合集、已婚婦女、數位馬賽克、中出、出軌、巨乳、DMM獨家,深田えいみ、JULIA、松本いちか、辻井ほのか、田中ねね、本真ゆり,https://www.javbus.com/HJBB-140,
PBD-408 真昼間から密会ホテル不倫。激しく交わり我を忘れて、何度も、中出しイキ果てた私達。BEST,PBD-408 真昼間から密会ホテル不倫。激しく交わり我を忘れて、何度も、中出しイキ果てた私達。BEST,PBD-408,,2021-11-12,240分鐘,,プレミアム,PREMIUM BEST,,苗條、合集、姐姐、數位馬賽克、通姦、中出、出軌、DMM獨家,山岸逢花、竹内有紀、希島あいり、星奈あい、初川みなみ、篠田ゆう、深田えいみ、永井マリア、新井エリー（晶エリー、大沢佑香）、秋山祥子、JULIA,https://www.javbus.com/PBD-408,
MKCK-297 全員Jcup以上！ スーパーメガトン級のモンスター爆乳41人オール本番ベスト vol.2,MKCK-297 全員Jcup以上！ スーパーメガトン級のモンスター爆乳41人オール本番ベスト vol.2,MKCK-297,,2021-11-12,480分鐘,,E-BODY,E-BODY,全員Jcup以上！ スーパーメガトン級のモンスター爆乳○人オール本番ベスト,苗條、胖女人、合集、戀乳癖、花癡、巨乳、DMM獨家,希咲アリス、夕季ちとせ、絢弓あん、桃乃ゆめ、桜木美央、菅野みいな、深田ナナ、姫野ゆうり、綾瀬みなみ、吉澤留美、弘前かな、RION、菅野さゆき、篠崎ゆう、小西みか、優木いおり、舞奈みく、松本菜奈実、吉根ゆりあ、堀北七海、春菜はな、桜ゆり、麻倉ゆあ、塚田詩織、鈴村いろは、澁谷果歩、小梅えな、JULIA、優月まりな、七草ちとせ、西條るり,https://www.javbus.com/MKCK-297,
MIZD-254 SEX中でも咥えたいチンしゃぶ大好きな女達！！乱交フェラチオBEST,MIZD-254 SEX中でも咥えたいチンしゃぶ大好きな女達！！乱交フェラチオBEST,MIZD-254,,2021-10-29,240分鐘,,ムーディーズ,MOODYZ Best,,濫交、口交、合集、花癡、多P、數位馬賽克、深喉、DMM獨家,七沢みあ、中山ふみか、高橋しょう子、神宮寺ナオ、高杉麻里、日下部加奈、秋山祥子、白坂有以、小日向かずさ、深沢いのり、永井マリア、堀内未果子、塩見彩、川菜美鈴、樋口みつは、佐知子、春咲りょう、七瀬ひな、乙アリス、円さゆき、水卜さくら、由愛可奈、新村あかり、白桃はな、姫咲はな、今井夏帆、根尾あかり、星奈あい、日泉舞香、JULIA、佐伯由美香、美谷朱里、永瀬ゆい、冬愛ことね、斎藤まりな、松本いちか、二宮ひかり、つぼみ、藍芽みずき、深田えいみ、吉良りん,https://www.javbus.com/MIZD-254,
BMW-245 「ダメっ！中だけは許して下さい…！」 乱れた衣服が最高のオカズ着衣バックレ×プ中出し50連発,BMW-245 「ダメっ！中だけは許して下さい…！」 乱れた衣服が最高のオカズ着衣バックレ×プ中出し50連発,BMW-245,,2021-10-29,240分鐘,,ワンズファクトリー,WANZ,,合集、屁股、花癡、中出、バック、DMM獨家,つぼみ、JULIA、白桃はな、深田えいみ、枢木あおい、宝田もなみ、久留木玲、栄川乃亜、椿りか、森苺莉、冬愛ことね、椎名そら、桐谷まつり、姫川ゆうな、羽生アリサ、根尾あかり、逢見リカ、花音うらら、稲場るか、南梨央奈、波多野結衣、さとう愛理、高杉麻里、佐久間恵美、南乃そら、茜はるか、柊るい、あべみかこ、奏音かのん、有坂深雪、初愛ねんね、永瀬ゆい、川上ゆう（森野雫）、麻里梨夏、八乃つばさ、愛瀬美希、佐々木あき,https://www.javbus.com/BMW-245,
BMW-244 男なら一生に一度は媚薬でキマッた美女を生ハメ中出しで突きまくりたい…よな？！発禁覚悟のヤバ過ぎ50本番,BMW-244 男なら一生に一度は媚薬でキマッた美女を生ハメ中出しで突きまくりたい…よな？！発禁覚悟のヤバ過ぎ50本番,BMW-244,,2021-10-29,240分鐘,,ワンズファクトリー,WANZ,,合集、花癡、美少女、中出、巨乳、DMM獨家,つぼみ、JULIA、椎名そら、月乃ルナ、優梨まいな、北条麻妃、神波多一花、水谷心音（藤崎りお）、跡美しゅり、加瀬ななほ、北川エリカ、蓮実クレア、波多野結衣、サリー、姫咲はな、AIKA、星奈あい、桐谷まつり、奏音かのん、西田カリナ、夕季ちとせ、紅音レイラ、佐々木あき、有坂深雪、愛須心亜、川菜美鈴、佐知子、麻倉憂、森苺莉、新井エリー（晶エリー、大沢佑香）、碧しの（篠めぐみ）、稲川なつめ、工藤美紗、鈴木さとみ、水沢みゆ、大場ゆい、香山美桜、佐山愛,https://www.javbus.com/BMW-244,
CJOB-097 乳首ビンッビンッな爆乳ドスケベ痴女と汗だく交わる中出しBEST GカップOVERのみ収録,CJOB-097 乳首ビンッビンッな爆乳ドスケベ痴女と汗だく交わる中出しBEST GカップOVERのみ収録,CJOB-097,,2021-10-22,480分鐘,,痴女ヘブン,痴女ヘブンBEST,,蕩婦、合集、多P、中出、汗だく、巨乳、DMM獨家,夕季ちとせ、瀬名ひかり、姫咲はな、JULIA、松本菜奈実、初愛ねんね、凪沙ゆきの、羽生アリサ、神坂朋子、佐知子、稲場るか、真木今日子、本真ゆり,https://www.javbus.com/CJOB-097,
PPBD-220 「もう出ましぇぇぇん！」にやにやボイン痴女のめちゃイキ追撃男潮BEST,PPBD-220 「もう出ましぇぇぇん！」にやにやボイン痴女のめちゃイキ追撃男潮BEST,PPBD-220,,2021-10-15,238分鐘,,OPPAI,OPPAI,,蕩婦、乳交、合集、巨乳、男の潮吹き、DMM獨家、打手槍,Hitomi（田中瞳）、JULIA、佐山愛、夏希まろん、西条沙羅、若槻みづな、成海さやか、野々宮みさと、小西みか、篠田あゆみ、目黒めぐみ、辻井ほのか、吉根ゆりあ、水野朝陽、凪沙ゆきの、椿りか、北川エリカ、壇凛沙、平真凛、優梨まいな、笹倉杏、神咲紗々、宇多田あみ、泉ののか、真木今日子、春菜はな、本真ゆり、柊木まりな、松嶋葵、橘メアリー,https://www.javbus.com/PPBD-220,
PPBD-221 ぬるぬるおっぱいに包まれる超快感！ 即尺・泡洗体・潜望鏡・マット 至れり尽くせり発射無制限ソープBEST,PPBD-221 ぬるぬるおっぱいに包まれる超快感！ 即尺・泡洗体・潜望鏡・マット 至れり尽くせり発射無制限ソープBEST,PPBD-221,,2021-10-15,238分鐘,,OPPAI,OPPAI,,蕩婦、合集、乳液、中出、巨乳、ヘルス・ソープ、DMM獨家,楪カレン、Hitomi（田中瞳）、桐谷まつり、佐山愛、川菜美鈴、JULIA、あいだ飛鳥、高梨ゆあ、目黒めぐみ、松本菜奈実、槇原愛菜、椿りか、水希舞、吉根ゆりあ、川村晴、夏希まろん、大浦真奈美、茜あずさ、笹倉杏、岡沢リナ、水野朝陽、白石りん、君島みお、澁谷果歩,https://www.javbus.com/PPBD-221,
DVAJ-541 デカ乳＆デカ乳輪！！おっぱいデカ盛りセックス16人5時間スペシャル,DVAJ-541 デカ乳＆デカ乳輪！！おっぱいデカ盛りセックス16人5時間スペシャル,DVAJ-541,,2021-10-09,300分鐘,神田うさぎ,アリスJAPAN,アリスJAPAN,,乳交、合集、女上位、4小時以上作品、高畫質、巨乳、DMM獨家,長瀬麻美、優月まりな、塚田詩織、彩奈リナ（七原あかり）、澁谷果歩、篠田ゆう、JULIA、佐知子、奥田咲、三島奈津子、篠田あゆみ、月本るい（宮原友里絵）、知花メイサ、菅野さゆき、麻美ゆま、藤咲エレン,https://www.javbus.com/DVAJ-541,
BMW-243 ドビュッ！ドビュッ！！ドビュッ！！！美しい顔限定！濃くてドロドロの精液ぶっ放し！ザーメン顔射バズーカ400連発BEST,BMW-243 ドビュッ！ドビュッ！！ドビュッ！！！美しい顔限定！濃くてドロドロの精液ぶっ放し！ザーメン顔射バズーカ400連発BEST,BMW-243,,2021-10-01,240分鐘,,ワンズファクトリー,WANZ,,合集、美少女、顏射、巨乳、DMM獨家,篠田ゆう、永瀬ゆい、つぼみ、星奈あい、優梨まいな、月乃さくら、野々宮みさと、望月あやか、菜月るい、永野いち夏、椎名そら、根尾あかり、久留木玲、北川エリカ、加瀬ななほ、加賀美まり、倉多まお、渚みつき、辻井ほのか、波多野結衣、JULIA、樋口みつは、柊るい、赤瀬尚子、愛須心亜、枢木みかん、冬愛ことね、桐谷まつり、丘えりな、あべみかこ,https://www.javbus.com/BMW-243,
BMW-242 手コキ112連発 WANZFACTORY最新作を沢山詰め込みました！！,BMW-242 手コキ112連発 WANZFACTORY最新作を沢山詰め込みました！！,BMW-242,,2021-10-01,240分鐘,,ワンズファクトリー,WANZ,,蕩婦、合集、美少女、男の潮吹き、DMM獨家、打手槍,つぼみ、JULIA、椎名そら、松本いちか、倉多まお、君島みお、ひなみれん、本田岬、関根奈美、めぐり（藤浦めぐ）、星咲セイラ、若菜奈央、春菜はな、南梨央奈、星奈あい、蓮実クレア、緒川りお、桐谷まつり、瀬名ひかり、篠田ゆう、堀内未果子、蘭華、月乃ルナ、天然かのん、神坂朋子、水川スミレ、波多野結衣、叶ユリア、深田えいみ、心花ゆら、麻里梨夏、佐々木あき、有坂深雪、麻倉憂、八乃つばさ、日向うみ、美谷朱里、佳苗るか、浜崎真緒、神波多一花、鈴木心春、推川ゆうり、河南実里、秋山祥子、新井エリー（晶エリー、大沢佑香）、跡美しゅり、北川エリカ、市来まひろ、逢坂はるな、きみと歩実、神谷充希、今井夏帆、水森翠、葉月レイラ、枢木みかん、愛須心亜、有村のぞみ,https://www.javbus.com/BMW-242,
CJOB-096 可愛いだけのマグロ女とSEXしてないで私がパコパコしてアゲル勝手にまたがり強●連射痴女られ杭打ち中出しBEST,CJOB-096 可愛いだけのマグロ女とSEXしてないで私がパコパコしてアゲル勝手にまたがり強●連射痴女られ杭打ち中出しBEST,CJOB-096,,2021-09-24,240分鐘,,痴女ヘブン,痴女ヘブンBEST,,蕩婦、合集、中出、女上位、巨尻、巨乳、DMM獨家,JULIA、AIKA、松本菜奈実、篠田ゆう、倉多まお、加藤ももか、枢木あおい、麻里梨夏、君島みお、佐々木あき、永井マリア、咲々原リン、深田えいみ、蓮実クレア、凪沙ゆきの、瀬名ひかり、佐知子、南乃そら、春咲りょう、宝田もなみ、美国沙耶、吉良りん、久留木玲、あおいれな、真木今日子、本真ゆり、辻井ほのか、稲場るか、凛音とうか、八乃つばさ、松本いちか、若宮はずき、向井藍、今井夏帆、桐嶋りの、姫咲はな、水稀みり、初愛ねんね,https://www.javbus.com/CJOB-096,
CJOB-095 「マ●コより気持ちよくしてアゲル」痴女手コキ100発オーバーBEST2,CJOB-095 「マ●コより気持ちよくしてアゲル」痴女手コキ100発オーバーBEST2,CJOB-095,,2021-09-24,480分鐘,,痴女ヘブン,痴女ヘブンBEST,痴女手コキBEST,蕩婦、苗條、合集、淫語、姐姐、DMM獨家、打手槍,松本いちか、永瀬ゆい、蓮実クレア、百瀬あすか、跡美しゅり、香椎りあ、君島みお、水野朝陽、若菜奈央、麻里梨夏、椎名そら、NAOMI、立花瑠莉、美竹すず、姫川ゆうな、きみと歩実、河南実里、佐々木あき、美谷朱里、香坂紗梨、加藤ももか、枢木あおい、めぐり（藤浦めぐ）、有坂深雪、阿部栞菜、妃月るい、仲間明日香、水原乃亜、星奈あい、里美ゆりあ、佐山愛、辻井ほのか、AIKA、大槻ひびき、吉良りん、篠田ゆう、神坂朋子、栄川乃亜、東條なつ、あおいれな、成美このは、向井藍、市来まひろ、凪沙ゆきの、南乃そら、渚みつき、深田えいみ、波多野結衣、倉多まお、椿りか、葉月レイラ、今井夏帆、水森翠、永井マリア、新井エリー（晶エリー、大沢佑香）、春咲りょう、佐久間恵美、佐藤エル、凛音とうか、久留木玲、JULIA,https://www.javbus.com/CJOB-095,
MIZD-248 嫌がる女を孕ませてヤル！ 子宮直撃ハードピストンで無理やりイカす中出しレ×プ100連発,MIZD-248 嫌がる女を孕ませてヤル！ 子宮直撃ハードピストンで無理やりイカす中出しレ×プ100連発,MIZD-248,,2021-09-17,240分鐘,,ムーディーズ,MOODYZ Best,,花癡、美少女、數位馬賽克、凌辱、中出、出軌、DMM獨家,神宮寺ナオ、藍芽みずき、初川みなみ、つぼみ、秋山祥子、松本菜奈実、川村晴、尾上若葉、八乃つばさ、愛須心亜、枢木あおい、今井夏帆、湊ひめか、倉多まお、佐知子、蓮実クレア、根尾あかり、高梨有紗、松本いちか、月乃ルナ、白桃はな、天然かのん、樋口みつは、さつき芽衣、新井エリー（晶エリー、大沢佑香）、篠田ゆう、AIKA、美谷朱里、吉良りん、真木今日子、市来まひろ、笹倉杏、君島みお、渚みつき、永瀬ゆい、逢見リカ、由愛可奈、七瀬ひな、花音うらら、春咲りょう、奏音かのん、三原ほのか、浜崎真緒、咲々原リン、久留木玲、星あめり、瀬名ひかり、若宮はずき、辻井ほのか、中城葵、深田えいみ、堀内未果子、JULIA、向井藍、冬愛ことね,https://www.javbus.com/MIZD-248,
PPBD-219 パイズリしながら亀頭を舐めしゃぶるW刺激で超快感パイフェラBEST,PPBD-219 パイズリしながら亀頭を舐めしゃぶるW刺激で超快感パイフェラBEST,PPBD-219,,2021-09-17,240分鐘,,OPPAI,OPPAI,,蕩婦、口交、乳交、合集、美少女、巨乳、DMM獨家,Hitomi（田中瞳）、吉根ゆりあ、JULIA、桐谷まつり、佐知子、真木今日子、春菜はな、芹奈りく、本真ゆり、舞奈みく、川村晴、ジューン・ラブジョイ、辻井ほのか、あいだ飛鳥、凛音とうか、宝田もなみ、藤咲エレン、玉木なるみ、尾上若葉、笹倉杏、初愛ねんね、西條るり,https://www.javbus.com/PPBD-219,
PPBD-218 淫乱ボインが揺れ乱れ！巨乳痴女の縦ノリ杭打ちピストンBEST,PPBD-218 淫乱ボインが揺れ乱れ！巨乳痴女の縦ノリ杭打ちピストンBEST,PPBD-218,,2021-09-17,240分鐘,,OPPAI,OPPAI,,蕩婦、合集、戀乳癖、中出、女上位、巨乳、DMM獨家,Hitomi（田中瞳）、JULIA、桐谷まつり、佐山愛、中野七緒、本真ゆり、深沢いのり、藤森里穂、相沢夏帆、叶ユリア、大浦真奈美、夏希まろん、辻井ほのか、椿りか、宝田もなみ、蓮実クレア、蘭華、目黒めぐみ、麻倉ゆあ、堀内未果子、武田真、美園和花、永井マリア、葵百合香、川村晴、深田えいみ、松永さな、小泉ひなた、真木今日子、春菜はな、時多しほり、ジューン・ラブジョイ、佐知子、新井エリー（晶エリー、大沢佑香）、君島みお、芹奈りく、浅井梨杏、逢見リカ、田中ねね、あいだ飛鳥、今井夏帆、吉根ゆりあ,https://www.javbus.com/PPBD-218,
MKCK-293 Hcup以上限定！ ブルンブルンと暴れ狂う爆乳をノンストップで鬼突きするデカ乳激揺れ騎乗位 50名 4時間 ここから眺める神乳…迫力ハンパねえ！,MKCK-293 Hcup以上限定！ ブルンブルンと暴れ狂う爆乳をノンストップで鬼突きするデカ乳激揺れ騎乗位 50名 4時間 ここから眺める神乳…迫力ハンパねえ！,MKCK-293,,2021-09-17,240分鐘,,E-BODY,E-BODY,,合集、戀乳癖、花癡、女上位、巨乳、DMM獨家,姫咲はな、凪沙ゆきの、宝田もなみ、神坂朋子、舞奈みく、夕季ちとせ、凛音とうか、ティア、蒼井楓、朝倉桃菜、吉川あいみ、松本菜奈実、奥田咲、飛鳥りいな、美竹すず、桜ゆり、百々谷りあ、深田ナナ、高岡美鈴、美雲あい梨、八束みこと、鈴木明那、胡桃華、夢乃あいか、RION、八神さおり、堺希美、吉根ゆりあ、果瀬はるな、桃瀬友梨奈、クロエ、岩瀬りな、JULIA、祈里きすみ、咲楽アンナ、NAOMI、小梅えな、霧島さくら、佐倉ねね、藤白はな,https://www.javbus.com/MKCK-293,
RBB-217 えっ、ウソッ！？いま中に出されたばかりなのにぃぃぃぃ！！ 中出しされてまだマ○コがビクビク痙攣してるのに再びチ○ポを連続挿入！！子宮を精液で埋め尽くす追撃中出し8時間,RBB-217 えっ、ウソッ！？いま中に出されたばかりなのにぃぃぃぃ！！ 中出しされてまだマ○コがビクビク痙攣してるのに再びチ○ポを連続挿入！！子宮を精液で埋め尽くす追撃中出し8時間,RBB-217,,2021-09-10,480分鐘,,ROOKIE,ROOKIE,,合集、花癡、多P、中出、立即口交、汗だく、DMM獨家,花沢ひまり、朝比奈ななせ、琴石ゆめる、樋口みつは、深田えいみ、秋山祥子、天海つばさ、愛須心亜、河西乃愛、咲々原リン、AIKA、神谷充希、松永さな、君島みお、星奈あい、波多野結衣、希崎ジェシカ、里美ゆりあ、岬ななみ、富田優衣、有坂深雪、小栗もなか、高見怜奈、夕季ちとせ、叶ユリア、吉良りん、竹内有紀、佐知子、佐藤りこ、渚みつき、新美かりん、三咲美憂、目黒めぐみ、椎名そら、吉根ゆりあ、永瀬ゆい、凛音とうか、明里つむぎ、JULIA、久留木玲、西野翔、あいだ飛鳥、美谷朱里、桜もこ、奏音かのん、水森翠、Hitomi（田中瞳）、花音うらら、向井藍、椿りか、白桃はな、今井夏帆、丘えりな、新井優香、希島あいり、八乃つばさ、倉多まお、佐久間恵美,https://www.javbus.com/RBB-217,
MMXD-030 未満史上最強BEST 極上のおっぱい美女59人が集結！ 完全穢し撮り 神乳アイドル8時間,MMXD-030 未満史上最強BEST 極上のおっぱい美女59人が集結！ 完全穢し撮り 神乳アイドル8時間,MMXD-030,,2021-09-03,480分鐘,,未満,未満,,合集、戀乳癖、巨乳、DMM獨家,天音まひな、神坂朋子、初愛ねんね、朱莉きょうこ、千寿まゆ、水卜さくら、花守みらい、瀬野みやび、妃宮侑里、百々谷りあ、松本菜奈実、伊藤舞雪、小栗もなか、雛鶴みお、四ツ葉うらら、白石めい、藤井あかり、露梨あやせ、徳永しおり、北川ゆず、斉藤みゆ、RION、佐倉ねね、羽咲みはる、篠崎もも、深田ナナ、鈴木心春、桐谷まつり、佐知子、深田えいみ、淡月みたま、葉山夏希、凪沙ゆきの、長谷川古宵、舞奈みく、ほむら優音、蒼井りあん、高岡美鈴、今井夏帆、有栖いおり、JULIA、凛音とうか、あやみ旬果、高梨ゆあ、石原理央、柊るい、稲場るか、御坂恵衣、伊賀まこ、佐藤りこ,https://www.javbus.com/MMXD-030,
PPBD-217 亀頭が爆発寸前！ドS巨乳お姉さんの焦らし寸止め射精管理BEST,PPBD-217 亀頭が爆発寸前！ドS巨乳お姉さんの焦らし寸止め射精管理BEST,PPBD-217,,2021-08-13,240分鐘,,OPPAI,OPPAI,,蕩婦、乳交、合集、姐姐、中出、巨乳、DMM獨家,Hitomi（田中瞳）、辻井ほのか、芹奈りく、春菜はな、小西みか、平真凛、優月まりな、あいだ飛鳥、中野七緒、藤咲エレン、深沢いのり、川村晴、桐谷まつり、武田真、玉木くるみ、壇凛沙、千早菜奈、椿りか、凛音とうか、JULIA、吉根ゆりあ、佐山愛、真木今日子、葵百合香、織田真子、飛鳥りいな、神坂朋子、三島奈津子,https://www.javbus.com/PPBD-217,
MBYD-340 本番なしのマットヘルスに行って出てきたのは隣家の高慢な美人妻。弱みを握った僕は本番も中出しも強要！店外でも言いなりの性奴●にした 8作品豪華8時間BEST vol.5,MBYD-340 本番なしのマットヘルスに行って出てきたのは隣家の高慢な美人妻。弱みを握った僕は本番も中出しも強要！店外でも言いなりの性奴●にした 8作品豪華8時間BEST vol.5,MBYD-340,,2021-08-06,480分鐘,,溜池ゴロー,溜池ゴロー,本番なしのマットヘルスに行って出てきたのは…,合集、妓女、已婚婦女、乳房、中出、出軌、DMM獨家,水森翠、春咲りょう、根尾あかり、辻井ほのか、桐谷まつり、岬さくら、JULIA、松本いちか,https://www.javbus.com/MBYD-340,
MDVR-168 【VR】専属女優も人気女優も！ MOODYZハイクオリティBEST40タイトル600分SPECIAL！！ ＜高画質×高没入×高クオリティ＞厳選されたかわい～女の子でじ～っくりオナニー体験！,MDVR-168 【VR】専属女優も人気女優も！ MOODYZハイクオリティBEST40タイトル600分SPECIAL！！ ＜高画質×高没入×高クオリティ＞厳選されたかわい～女の子でじ～っくりオナニー体験！,MDVR-168,,2021-07-26,605分鐘,,ムーディーズ,MOODYZ VR,MOODYZ VR BEST,合集、4小時以上作品、ハーレム、VR専用、巨乳、ハイクオリティVR、DMM獨家,JULIA、日下部加奈、水卜さくら、小鳥遊ももえ、藍芽みずき、佐山愛、奏音かのん、松本いちか、Hitomi（田中瞳）、蓮実クレア、小早川怜子、神ユキ、河合ゆい、白坂有以、由愛可奈、篠田ゆう、栄川乃亜、跡美しゅり、渚みつき、早美れむ、川上奈々美、あおいれな、あべみかこ、向井藍、新井エリー（晶エリー、大沢佑香）、深田えいみ、三島奈津子、宝田もなみ、葵いぶき、朝陽えま、八木奈々、南乃そら、初川みなみ、中山ふみか、樋口みつは、結城のの、神宮寺ナオ、もなみ鈴、皆月ひかる、永澤ゆきの、深沢いのり、織田真子、吉根ゆりあ、本真ゆり、加賀美さら、つぼみ、吉良りん、千歳りあ、竹内夏希、朝日しずく、永瀬ゆい、夢見照うた、石原希望,https://www.javbus.com/MDVR-168,
MIZD-241 誘惑ささやき淫語で耳からねっと～り責められる密着痴女られ性交BEST,MIZD-241 誘惑ささやき淫語で耳からねっと～り責められる密着痴女られ性交BEST,MIZD-241,,2021-07-22,240分鐘,,ムーディーズ,MOODYZ Best,,蕩婦、其他戀物癖、合集、淫語、美少女、數位馬賽克、DMM獨家,七沢みあ、神宮寺ナオ、高橋しょう子、水卜さくら、星奈あい、根尾あかり、成澤ひなみ、如月夏希、七瀬ひな、AIKA、向井藍、百瀬あすか、有季なお、九重かんな、JULIA、白坂有以、つぼみ、日下部加奈、藍芽みずき、中山ふみか、美谷朱里、栄川乃亜、椿りか、辻井ほのか、水原乃亜、弥生みづき、愛須心亜、麻里梨夏、笹倉杏、美国沙耶、君島みお、高杉麻里、篠田ゆう、田中ねね、藤森里穂、八乃つばさ、奏音かのん、凛音とうか、初川みなみ、松本いちか、深田えいみ,https://www.javbus.com/MIZD-241,
BMW-239 欲しがり痴女が口マ○コであっつあつザーメン吸引！口内射精フェラ91コーナー105発,BMW-239 欲しがり痴女が口マ○コであっつあつザーメン吸引！口内射精フェラ91コーナー105発,BMW-239,,2021-07-22,240分鐘,,ワンズファクトリー,WANZ,,蕩婦、口交、合集、淫語、DMM獨家、吞精,深田えいみ、つぼみ、JULIA、藤森里穂、松本いちか、望月あやか、野々宮みさと、天然かのん、夕季ちとせ、波多野結衣、水川スミレ、花音うらら、水森翠、蓮実クレア、愛須心亜、AIKA、菜月るい、吉根ゆりあ、久留木玲、桐谷まつり、蘭華、佐山愛、田中ねね、篠田ゆう、加賀美まり、春菜はな、篠崎かんな、椎名そら、富田優衣、有村のぞみ、阿由葉あみ、緒川りお、茜はるか、葉月レイラ、永瀬ゆい、里美ゆりあ、姫川ゆうな、麻倉憂、星咲セイラ、南梨央奈、涼川絢音、栄川乃亜、根尾あかり、あおいれな、宮崎あや、高杉麻里、永井みひな、水野朝陽、佐々木あき、森川アンナ、関根奈美、永井マリア、弥生みづき、枢木みかん、赤瀬尚子、叶ユリア、森苺莉、跡美しゅり、桜井彩、きみと歩実、美谷朱里、河南実里、阿部栞菜、本田岬、麻里梨夏,https://www.javbus.com/BMW-239,
BMW-238 膣内射精後、抜かずにピストン続行！中出しシェイク状態の妊娠確定セックス50連発,BMW-238 膣内射精後、抜かずにピストン続行！中出しシェイク状態の妊娠確定セックス50連発,BMW-238,,2021-07-22,240分鐘,,ワンズファクトリー,WANZ,,合集、花癡、姐姐、美少女、中出、DMM獨家,JULIA、つぼみ、神宮寺ナオ、星奈あい、本田莉子、椎名ゆな、花沢ひまり、早川瀬里奈、佐久間恵美、愛須心亜、妃ひかり、香山美桜、卯水咲流、麻里梨夏、佐々木あき、桐谷まつり、篠田あゆみ、稲場るか、南乃そら、朝比奈ななせ、松本メイ、樋口みつは、佐山愛、風間ゆみ、吉川あいみ、花音うらら、奏音かのん、波多野結衣、吉永あかね、永瀬ゆい、倉多まお、蓮実クレア、AIKA、麻倉憂、今井夏帆、椎名そら、水野朝陽、深田えいみ、根尾あかり、神波多一花、久留木玲,https://www.javbus.com/BMW-238,
PBD-400 チェックアウト前別れ際に燃え上がる不倫中出しBEST,PBD-400 チェックアウト前別れ際に燃え上がる不倫中出しBEST,PBD-400,,2021-07-02,240分鐘,,プレミアム,PREMIUM BEST,,苗條、合集、數位馬賽克、通姦、中出、出軌、DMM獨家,山岸逢花、竹内有紀、希島あいり、JULIA、星奈あい、篠田ゆう、新井エリー（晶エリー、大沢佑香）、永井マリア、水戸かな、辻井ほのか、蓮実クレア,https://www.javbus.com/PBD-400,
PBD-399 浮気セックス…それは一番キモチ良い性交！彼女が！妻が！婚約者がいるのに魅力的すぎる悪女の誘惑に勝てなかったボクたち…。240分,PBD-399 浮気セックス…それは一番キモチ良い性交！彼女が！妻が！婚約者がいるのに魅力的すぎる悪女の誘惑に勝てなかったボクたち…。240分,PBD-399,,2021-07-02,240分鐘,,プレミアム,PREMIUM BEST,,蕩婦、淫語、數位馬賽克、通姦、中出、出軌、DMM獨家,山岸逢花、星奈あい、香椎花乃、JULIA、深田えいみ、篠田ゆう、凛音とうか、蓮実クレア、根尾あかり、君島みお、今井夏帆、川村晴、波多野結衣、辻井ほのか、倉多まお,https://www.javbus.com/PBD-399,
BMW-236 おま○こイクイクぶっ飛びぃ！ 激ピストンで痙攣絶頂ハネ腰BEST！,BMW-236 おま○こイクイクぶっ飛びぃ！ 激ピストンで痙攣絶頂ハネ腰BEST！,BMW-236,,2021-06-25,240分鐘,,ワンズファクトリー,WANZ,,合集、花癡、美少女、中出、DMM獨家,つぼみ、JULIA、深田えいみ、佐々木れい、佐久間恵美、樋口みつは、永瀬ゆい、篠田ゆう、通野未帆、月乃さくら、愛須心亜、松本菜奈実、佐藤エル、奏音かのん、稲場るか、波多野結衣、有坂深雪、久留木玲、星奈あい、里美ゆりあ、椎名そら、花音うらら、椿りか、柊るい、桜井彩、逢坂はるな、桐谷なお、高杉麻里、霧島さくら、南田みさき、麻倉憂、根尾あかり,https://www.javbus.com/BMW-236,
CJOB-089 射精してもノンストップでしゃぶり続ける追撃こねくりお掃除フェラBEST,CJOB-089 射精してもノンストップでしゃぶり続ける追撃こねくりお掃除フェラBEST,CJOB-089,,2021-06-19,240分鐘,,痴女ヘブン,痴女ヘブンBEST,,蕩婦、口交、合集、花癡、多P、制服、DMM獨家,松本いちか、久留木玲、吉良りん、AIKA、JULIA、若宮はずき、成美このは、東條なつ、八乃つばさ、七瀬ひな、枢木あおい、本真ゆり、真木今日子,https://www.javbus.com/CJOB-089,
RBB-212 美しいカラダ。形良し大きさ良し乳首良し！！ これぞまさに神乳8時間（RBB-212）,RBB-212 美しいカラダ。形良し大きさ良し乳首良し！！ これぞまさに神乳8時間（RBB-212）,RBB-212,,2021-06-16,480分鐘,,ROOKIE,ROOKIE,神乳○時間,口交、戀乳癖、美少女、女優ベスト・総集編、巨乳、DMM獨家,鈴木心春、羽咲みはる、桜空もも、明日花キララ、神宮寺ナオ、倉多まお、葵つかさ、奥田咲、月本愛、夕美しおん、椎名そら、河北彩花、君島みお、伊藤舞雪、今井夏帆、石川祐奈、岬あずさ、宝田もなみ、水卜さくら、篠田ゆう、佐知子、美園和花、田中ねね、藤川れいな、桃乃木かな、筧ジュン、吉川あいみ、逢見リカ、深田結梨、河北はるな、あいだ飛鳥、永井マリア、凛音とうか、佐山愛、白石茉莉奈、美谷朱里、松下紗栄子、桐嶋りの、深田えいみ、あやみ旬果、澁谷果歩、霧島さくら、水野朝陽、JULIA,https://www.javbus.com/RBB-212,
RBB-211 溜め込んだ精子を子宮にぶちまける！ 射精寸前！ドックドク中出し100連発8時間,RBB-211 溜め込んだ精子を子宮にぶちまける！ 射精寸前！ドックドク中出し100連発8時間,RBB-211,,2021-06-16,480分鐘,,ROOKIE,ROOKIE,溜め込んだ精子を子宮にぶちまける！ ドックドク中出し100連発,蕩婦、合集、美少女、中出、DMM獨家,蓮実クレア、八乃つばさ、神坂朋子、初愛ねんね、永澤ゆきの、由愛可奈、西宮ゆめ、春風ひかる、叶ユリア、桐谷まつり、吉良りん、月乃さくら、河合ゆい、白桃はな、中野七緒、冬愛ことね、岬ななみ、星奈あい、佐山愛、柚木結愛、小泉ひなた、川井もか、緑川みやび、AIKA、今井夏帆、桜もこ、つぼみ、花音うらら、根尾あかり、もなみ鈴、佐知子、久留木玲、夕季ちとせ、JULIA、あおいれな、春那和花、三咲美憂、水川スミレ、衣吹かのん、Hitomi（田中瞳）、深沢いのり、川村晴、蘭華、愛須もえ、辻井ほのか、希島あいり、椿りか、飛鳥りいな、篠田ゆう、凪沙ゆきの、中城葵、明里つむぎ、咲音リオ、森下まりこ、里美ゆりあ、舞原聖、風間ゆみ、樋口みつは、REMI、逢見リカ、美谷朱里、東條なつ、八乙女なな、青田のぞみ、成田つむぎ、松本いちか、枢木あおい、夏希まろん、星あめり、まみや羽花、田中ねね、渚みつき、竹内有紀、木ノ葉みう、湊ひめか、花沢ひまり、七嶋十愛、永瀬ゆい、石原希望、高瀬りな、深田えいみ、篠原りこ,https://www.javbus.com/RBB-211,
PPBD-213 犯した爆乳女を再びレ×プする絶望追姦堕とし8時間ベスト,PPBD-213 犯した爆乳女を再びレ×プする絶望追姦堕とし8時間ベスト,PPBD-213,,2021-06-16,480分鐘,,OPPAI,OPPAI,,合集、羞恥、中出、巨乳、DMM獨家,桐谷まつり、吉根ゆりあ、Hitomi（田中瞳）、JULIA、ひなみれん、月本愛、神咲詩織、推川ゆうり、かなで自由、一ノ瀬菫、玉木なるみ、佐山愛、桜庭ひかり、霧生ゆきな、天野美優、斉藤みゆ、深田結梨、梨杏なつ,https://www.javbus.com/PPBD-213,
BMW-235 嫌がる女の喉奥をブチ●す 残忍イラマチオBEST,BMW-235 嫌がる女の喉奥をブチ●す 残忍イラマチオBEST,BMW-235,,2021-05-28,240分鐘,,ワンズファクトリー,WANZ,,其他戀物癖、合集、花癡、深喉、DMM獨家、吞精,つぼみ、JULIA、松本いちか、辻井ほのか、涼川絢音、麻里梨夏、今井夏帆、椎名そら、冬愛ことね、奏音かのん、星咲セイラ、神宮寺ナオ、根尾あかり、三田杏、逢見リカ、篠崎みお、有坂深雪、南梨央奈、川上ゆう（森野雫）、茜はるか、さとう愛理、水野朝陽、逢坂はるな、篠田ゆう、波多野結衣、あべみかこ、森苺莉、姫川ゆうな、渚みつき、高杉麻里、宝田もなみ、佐々木あき、久留木玲、永瀬ゆい、初乃ふみか、栄川乃亜、二階堂ゆり、柊るい,https://www.javbus.com/BMW-235,
CJOB-088 射精しても止めない！吹いても止めない！ド痴女たちの凄テク追撃男潮BEST2,CJOB-088 射精しても止めない！吹いても止めない！ド痴女たちの凄テク追撃男潮BEST2,CJOB-088,,2021-05-21,240分鐘,,痴女ヘブン,痴女ヘブンBEST,,蕩婦、合集、淫語、姐姐、男の潮吹き、DMM獨家、打手槍,篠田ゆう、JULIA、倉多まお、松本いちか、七瀬ひな、深田えいみ、辻井ほのか、八乃つばさ、大槻ひびき、蓮実クレア、吉良りん、AIKA、栄川乃亜、ましろ杏、うららか麗、佐藤エル、今井夏帆、渚みつき、波多野結衣、美谷朱里、枢木あおい,https://www.javbus.com/CJOB-088,
RBB-209 発射寸前！ 我慢汁垂れ流しの気持ちいいフェラチオ160連射8時間（RBB-209）,RBB-209 発射寸前！ 我慢汁垂れ流しの気持ちいいフェラチオ160連射8時間（RBB-209）,RBB-209,,2021-05-14,480分鐘,,ROOKIE,ROOKIE,発射寸前！ 我慢汁垂れ流しの気持ちいいフェラチオ,口交、合集、美少女、顏射、DMM獨家,友田真希、山口珠理、初音みのり、北条麻妃、JULIA、本真ゆり、夢乃あいか、坂道みる、神宮寺ナオ、星宮一花、三上悠亜、川上奈々美、根尾あかり、優梨まいな、相沢みなみ、羽咲みはる、冬愛ことね、武藤あやか、永瀬ゆい、七沢みあ、八乃つばさ、新井エリー（晶エリー、大沢佑香）、倉多まお、奥田咲、篠田ゆう、AIKA、由愛可奈、白木優子、今井夏帆、小島みなみ、美谷朱里、葵つかさ、向井藍、白石茉莉奈、深田えいみ、乃木蛍、希島あいり、河南実里、桃乃木かな、日下部加奈、辻井ほのか、はるか、白坂有以、高坂あいり、田中ねね、もなみ鈴、木下凛々子、ひなたまりん、三宮つばき、石原希望、桜井ゆみ、三咲美憂、八木奈々、三浦歩美、天音まひな、久保凛、影山さくら、深沢いのり、竹内有紀、流川帆波、槙いずな、中野七緒、大島優香、通野未帆、楓カレン、夕美しおん、深田結梨、清宮すず、明里つむぎ、さとう白音、枢木あおい、伊賀まこ、桜もこ、架乃ゆら、水戸かな、久留木玲、岬ななみ、純真かれん、雪乃つばき、姫川ゆうな、竹内夏希、成宮えりか、ジューン・ラブジョイ、藤森里穂、千代子、佐藤エル、若宮はずき、新名あみん、加美杏奈、鷲尾めい、乙白さやか、一色桃子、夏希まろん、吉岡ひより、天音ゆい、花音うらら、森梨々花、鈴乃広香、丘えりな、赤井えちか、吉良りん、宮園ことね、藍芽みずき、梓ヒカリ、二葉エマ、環ニコ、七ツ森りり、松本いちか、三岳ゆうな,https://www.javbus.com/RBB-209,
PPBD-211 こってり精子でドッロドロ！ オッパイぶっかけラッシュ115発,PPBD-211 こってり精子でドッロドロ！ オッパイぶっかけラッシュ115発,PPBD-211,,2021-05-14,240分鐘,,OPPAI,OPPAI,,蕩婦、乳交、巨乳、DMM獨家、顏射,風間ゆみ、鈴木さとみ、佐山愛、Hitomi（田中瞳）、黒川サリナ、宝田もなみ、桜坂和歌、あいだ飛鳥、永井マリア、石原理央、高梨ゆあ、深田結梨、浅田結梨、羽生アリサ、優月まりな、百瀬とあ、泡沫ゆうき、春菜はな、JULIA、新井エリー（晶エリー、大沢佑香）、藤咲エレン、成海さやか、森ほたる、美咲りおな、凛音とうか、桐谷まつり、彩奈リナ（七原あかり）、永井れいな、浅井梨杏、君島みお、松本菜奈実、葵百合香、八乃つばさ、笹倉杏、今井夏帆、篠崎かんな、咲々原リン、永井千里、美国沙耶、蓮実クレア、真木今日子、香坂紗梨、大浦真奈美、松永さな、望月あやか、姫咲はな、赤瀬尚子、凪沙ゆきの、夏希まろん、中野七緒、飛鳥りいな、辻井ほのか、千歳りあ、小梅えな、神坂朋子、田中ねね、宝生リリー、長瀬麻美、柊るい、篠田ゆう、神咲詩織、倉多まお、深田えいみ、相沢夏帆、稲場るか、水野朝陽、美園和花、一ノ瀬菫、古賀まつな、初愛ねんね、川村晴、椿りか、叶ユリア、目黒めぐみ、吉根ゆりあ、佐知子,https://www.javbus.com/PPBD-211,
MKCK-285 巨乳フェチくびれフェチに贈る絶景アングル！！ スレンダー美巨乳ボディ限定 エビ反り・痙攣アクメ50本番8時間,MKCK-285 巨乳フェチくびれフェチに贈る絶景アングル！！ スレンダー美巨乳ボディ限定 エビ反り・痙攣アクメ50本番8時間,MKCK-285,,2021-05-07,480分鐘,,E-BODY,E-BODY,,苗條、口交、合集、乳房、女上位、巨乳、DMM獨家,汐音まり、ティア、ほしの景子、篠田あゆみ、桜ここみ、水川かずは、東条蒼、松沢薫、相澤ゆりな、成美このは、日向菜々子、RION、尾崎ののか、乙葉真希、鈴森ローサ、霧島さくら、知花メイサ、沢尻真未、水咲カレン、本田岬、森川アンナ、佐々木エリー、杏、皆川エレナ、美竹すず、立川理恵、林ゆな、並樹ひかり、茜みなと、鈴村いろは、月本るい（宮原友里絵）、若菜奈央、愛乃なみ、奥田咲、新美もも、JULIA、飛鳥りいな、吉川あいみ、NAOMI、花宮あむ、沙和れもん、夢乃あいか,https://www.javbus.com/MKCK-285,
CJOB-086 「もう中に出してるってばぁ」杭打ち騎乗位BEST,CJOB-086 「もう中に出してるってばぁ」杭打ち騎乗位BEST,CJOB-086,,2021-04-17,240分鐘,,痴女ヘブン,痴女ヘブンBEST,,蕩婦、合集、姐姐、中出、女上位、巨尻、DMM獨家,蓮実クレア、篠田ゆう、八乃つばさ、東條なつ、JULIA、佐藤エル、吉良りん、AIKA、今井夏帆、松本いちか、本真ゆり、真木今日子、椿りか、水川スミレ、久留木玲、春咲りょう、辻井ほのか、倉多まお、枢木あおい、神坂朋子,https://www.javbus.com/CJOB-086,
CJOB-085 「マ○コより気持ちよくしてアゲル」痴女手コキ100発オーバーBEST,CJOB-085 「マ○コより気持ちよくしてアゲル」痴女手コキ100発オーバーBEST,CJOB-085,,2021-04-17,480分鐘,,痴女ヘブン,痴女ヘブンBEST,,蕩婦、潮吹、合集、淫語、姐姐、DMM獨家、打手槍,蓮実クレア、東條なつ、深田えいみ、八乃つばさ、椿りか、AIKA、永井マリア、水森翠、今井夏帆、葉月レイラ、美谷朱里、永瀬ゆい、凛音とうか、倉多まお、大槻ひびき、佐藤エル、新井エリー（晶エリー、大沢佑香）、佐山愛、辻井ほのか、JULIA、久留木玲、松本いちか、篠田ゆう、波多野結衣、春咲りょう、星奈あい、サリー、跡美しゅり、たかせ由奈、吹石れな、椎名そら、花咲いあん、神ユキ、西條るり、水野朝陽、真木今日子、吉良りん、神坂朋子、枢木あおい、渚みつき、KAORI、姫野かんな、三原ほのか、鈴木さとみ、佐久間恵美,https://www.javbus.com/CJOB-085,
PPBD-209 Iカップ以上の神乳で締め上げ！精子を1滴も残さない超乳圧パイズリ45人90乳房BEST,PPBD-209 Iカップ以上の神乳で締め上げ！精子を1滴も残さない超乳圧パイズリ45人90乳房BEST,PPBD-209,,2021-04-14,240分鐘,,OPPAI,OPPAI,,乳交、合集、戀乳癖、姐姐、巨乳、DMM獨家,JULIA、神坂朋子、辻井ほのか、藤咲エレン、松本菜奈実、小梅えな、春菜はな、七草ちとせ、三島奈津子、水咲カレン、澁谷果歩、白戸もも、仁科百華、咲野ひより、菅野さゆき、菅野みいな、西垣るか、西條るり、千歳りあ、大井結仁、上原怜奈、大月まゆか、凛音とうか、椎葉みくる、Hitomi（田中瞳）、響まゆ、綾瀬みなみ、杏美月、河西希、甘良しずく、吉根ゆりあ、吉澤留美、あいだ飛鳥、三浦奏、桐谷まつり、美咲りおな、平真凛、北乃ちか、木咲美琴、涼木奏、ももい理乃,https://www.javbus.com/PPBD-209,
MBYD-333 望まない妊娠！嫌がる人妻を絶望させる孕ませ中出しレ×プ92連発,MBYD-333 望まない妊娠！嫌がる人妻を絶望させる孕ませ中出しレ×プ92連発,MBYD-333,,2021-04-09,480分鐘,,溜池ゴロー,溜池ゴロー,,合集、已婚婦女、凌辱、中出、DMM獨家,Hitomi（田中瞳）、JULIA、根尾あかり、佐山愛、風間ゆみ、美谷朱里、樋口みつは、森沢かな（飯岡かなこ）、八乃つばさ、東凛、神咲詩織、推川ゆうり、辻井ほのか、小川桃果、佐久間恵美、佐々木あき、本田岬、波多野結衣、岬あずさ、優梨まいな、有村のぞみ、凛音とうか、並木塔子、白木優子、水森翠、川上奈々美、大浦真奈美、中野七緒、通野未帆、田中ねね、冬愛ことね、七草ちとせ、篠崎かんな、篠田ゆう、羽月希、永井みひな、榎本美咲、加瀬ななほ、今井夏帆、花音うらら、黒川すみれ、希島あいり、久留木玲、桐谷まつり、君島みお、香山美桜、めぐり（藤浦めぐ）、ジューン・ラブジョイ、秋山祥子、春菜はな、小向美奈子、高杉麻里、新井エリー（晶エリー、大沢佑香）、松永さな、松本いちか、織田真子、深田えいみ、春咲りょう、花咲いあん、神波多一花、河南実里,https://www.javbus.com/MBYD-333,
PBD-393 キスの雨。舌とヨダレが粘・膜・融・合。脳までトロけるほどキモチ良すぎてバカになる接吻セックス240分30本番,PBD-393 キスの雨。舌とヨダレが粘・膜・融・合。脳までトロけるほどキモチ良すぎてバカになる接吻セックス240分30本番,PBD-393,,2021-04-02,240分鐘,,プレミアム,PREMIUM BEST,,蕩婦、姐姐、數位馬賽克、キス・接吻、巨乳、DMM獨家,山岸逢花、竹内有紀、JULIA、篠田ゆう、佐々木あき、香坂のあ、めぐり（藤浦めぐ）、咲々原リン、君島みお、AIKA、舞原聖、深田えいみ、濱松愛季、高見怜奈、麻倉憂、蓮実クレア、枢木あおい、波多野結衣、凛音とうか、新井エリー（晶エリー、大沢佑香）、今井夏帆、里美ゆりあ、永井マリア,https://www.javbus.com/PBD-393,
BMW-231 ヤリたい欲求が止まらず衝動的に誘惑！こっそりイキまくり声我慢SEXベスト！,BMW-231 ヤリたい欲求が止まらず衝動的に誘惑！こっそりイキまくり声我慢SEXベスト！,BMW-231,,2021-03-26,240分鐘,,ワンズファクトリー,WANZ,,蕩婦、野外・露出、合集、通姦、中出、DMM獨家,JULIA、つぼみ、深田えいみ、松本いちか、君島みお、枢木あおい、今井夏帆、根尾あかり、麻倉憂、桐谷まつり、篠田ゆう、美谷朱里、河南実里、佐々木あき、椎名そら、関根奈美、有坂深雪、日向うみ、枢木みかん、弥生みづき、高杉麻里、花音うらら、相沢夏帆,https://www.javbus.com/BMW-231,
BMW-230 彼女と間違って即ズボBEST 突然のチ○ポに発情して中出しを求め続けられた僕。,BMW-230 彼女と間違って即ズボBEST 突然のチ○ポに発情して中出しを求め続けられた僕。,BMW-230,,2021-03-26,240分鐘,,ワンズファクトリー,WANZ,彼女と間違って即ズボ,蕩婦、合集、中出、出軌、立即口交、巨乳、DMM獨家,JULIA、深田えいみ、佐山愛、根尾あかり、弥生みづき、花沢ひまり,https://www.javbus.com/BMW-230,
CJOB-082 ずぅ～っと乳首こねくりながら何度も射精かせてアゲル BEST2,CJOB-082 ずぅ～っと乳首こねくりながら何度も射精かせてアゲル BEST2,CJOB-082,,2021-03-21,240分鐘,,痴女ヘブン,痴女ヘブンBEST,ずぅ～っと乳首こねくりながら何度も射精かせてアゲル,蕩婦、合集、多P、中出、女上位、DMM獨家,JULIA、松本いちか、真木今日子、本真ゆり、辻井ほのか、AIKA、蓮実クレア、波多野結衣、大槻ひびき、吉良りん、佐山愛、佐藤エル、深田えいみ、春咲りょう、篠田ゆう、久留木玲、枢木あおい、神咲詩織、今井夏帆、倉多まお、永井マリア、新井エリー（晶エリー、大沢佑香）、凛音とうか,https://www.javbus.com/CJOB-082,
RBB-202 いやぁ！！だめだめだめぇぇぇっ！！！！ 中出しを嫌がり必死に抵抗する女を完全絶望させる中出し 8時間（RBB-202）,RBB-202 いやぁ！！だめだめだめぇぇぇっ！！！！ 中出しを嫌がり必死に抵抗する女を完全絶望させる中出し 8時間（RBB-202）,RBB-202,,2021-03-18,480分鐘,,ROOKIE,ROOKIE,中出しを嫌がり必死に抵抗する女,合集、多P、中出、デカチン・巨根、DMM獨家,Hitomi（田中瞳）、由愛可奈、花音うらら、八乃つばさ、甘乃つばき、桜もこ、佐藤エル、椎名そら、初音みのり、赤瀬尚子、冬愛ことね、佐知子、つぼみ、三咲美憂、永井マリア、佐藤りこ、AIKA、篠田ゆう、柊るい、根尾あかり、明里つむぎ、JULIA、西宮ゆめ、枢木あおい、春風ひかる、奏音かのん、佐藤ゆか、岬ななみ、蓮実クレア、君島みお、七瀬ひな、伊藤舞雪、小泉ひなた、松本いちか、逢見リカ、深田えいみ、久留木玲、今井夏帆、倉多まお、長瀬ゆい、美園和花、中野七緒、新井エリー（晶エリー、大沢佑香）、凛音とうか、めぐり（藤浦めぐ）、桐谷まつり、河南実里、今井ひまり,https://www.javbus.com/RBB-202,
PPBD-206 おっぱいマ○コでイクッ！！ ふっくら乳圧パイズリ109連発8時間,PPBD-206 おっぱいマ○コでイクッ！！ ふっくら乳圧パイズリ109連発8時間,PPBD-206,,2021-03-18,480分鐘,,OPPAI,OPPAI,,蕩婦、乳交、美少女、巨乳、DMM獨家,風間ゆみ、水城奈緒、鈴木奏、鈴木さとみ、桜乃ゆいな、華咲じゅら、織田真子、倉多まお、本田岬、篠田ゆう、めぐり（藤浦めぐ）、稲場るか、JULIA、新井エリー（晶エリー、大沢佑香）、宝田もなみ、成海さやか、岡沢リナ、白石りん、真白ここ、森ほたる、永井マリア、石原理央、椎葉みくる、高梨ゆあ、藤咲エレン、ましろ杏、波多野結衣、Hitomi（田中瞳）、百瀬とあ、相沢夏帆、NAOMI、泡沫ゆうき、河北麻衣、相澤ゆりな、美国沙耶、小坂みすず、平真凛、深田えいみ、長峰河南、佐山愛、蓮実クレア、中村知恵、成宮はるあ、八乃つばさ、日向うみ、今井夏帆、篠崎かんな、咲々原リン、安田亜衣、梨杏なつ、川村晴、一ノ瀬菫、長瀬麻美、香坂紗梨、ひなみれん、佐知子、二階堂ゆり、千歳りあ、小梅えな、水野朝陽、吉根ゆりあ、椿りか、辻井ほのか、中野七緒、奏音かのん、夏希まろん、柊るい、目黒めぐみ、かなで自由、古賀まつな、高岡美鈴、桐谷まつり、三原ほのか、葵百合香、永井千里、浅美結花、松本菜奈実、凛音とうか、清城ゆき、美園和花、羽生アリサ、斉藤みゆ、桜井彩、神咲紗々、時多しほり、愛咲えな、逢見リカ、仲間明日香、君島みお、里美まゆ、霧島さくら、白川サユ、泉ののか、雛菊つばさ、浅田結梨,https://www.javbus.com/PPBD-206,
PFES-004 未満式着衣いたずら いいなり美少女の巨乳とおま●こを弄ぶ 生パンツ完全穢し撮り40人8時間,PFES-004 未満式着衣いたずら いいなり美少女の巨乳とおま●こを弄ぶ 生パンツ完全穢し撮り40人8時間,PFES-004,,2021-03-03,478分鐘,,未満,春のパンツまつり,未満式着衣いたずら,合集、4小時以上作品、女優按摩棒、巨乳、DMM獨家,天音まひな、神坂朋子、凪沙ゆきの、長谷川古宵、佐藤りこ、朱莉きょうこ、淡月みたま、葉山夏希、伊賀まこ、有栖いおり、御坂恵衣、神咲詩織、今井夏帆、高岡美鈴、石原理央、佐知子、露梨あやせ、雛鶴みお、小栗もなか、伊藤舞雪、松本菜奈実、桐谷まつり、JULIA、深田えいみ、あやみ旬果、白石めい、百々谷りあ、永瀬ゆい、稲場るか、高梨ゆあ、柊るい、凛音とうか,https://www.javbus.com/PFES-004,
BMW-228 早漏マ○コを舐めイカす！女を堕とす快感クンニ120連発,BMW-228 早漏マ○コを舐めイカす！女を堕とす快感クンニ120連発,BMW-228,,2021-02-27,240分鐘,,ワンズファクトリー,WANZ,,其他戀物癖、潮吹、合集、舔陰、顏面騎乘、DMM獨家、局部特寫,JULIA、つぼみ、桐谷まつり、佐山愛、愛須心亜、波多野結衣、通野未帆、茜はるか、美谷朱里、愛瀬美希、稲場るか、永井みひな、丘えりな、久留木玲、奏音かのん、河南実里、花音うらら、めぐり（藤浦めぐ）、枢木あおい、推川ゆうり、森苺莉、関根奈美、今井夏帆、根尾あかり、椎名そら、有坂深雪、弥生みづき、高杉麻里、倉多まお、岩瀬りな、樋口みつは、有村のぞみ、優梨まいな、里美ゆりあ、宝田もなみ、麻倉憂、星咲セイラ、篠田ゆう、三田杏、深田えいみ、佐々木れい、佐知子、松本菜奈実、八乃つばさ、松本いちか、星奈あい、逢坂はるな、吉根ゆりあ、栄川乃亜、永井マリア、富田優衣、小谷みのり、春菜はな,https://www.javbus.com/BMW-228,
RBB-200 チ○ポで頭がいっぱい！SEXしながら同時に何本も咥えたい下品な女の乱交フェラチオ8時間,RBB-200 チ○ポで頭がいっぱい！SEXしながら同時に何本も咥えたい下品な女の乱交フェラチオ8時間,RBB-200,,2021-02-18,480分鐘,,ROOKIE,ROOKIE,,濫交、口交、合集、花癡、多P、DMM獨家,夢乃あいか、天海つばさ、桃乃木かな、渚ひかり、星奈あい、椎名そら、凛音とうか、つぼみ、めぐり（藤浦めぐ）、深田えいみ、里美ゆりあ、佐知子、加瀬ななほ、愛須心亜、初音みのり、西宮ゆめ、希崎ジェシカ、峰エリ、今井夏帆、本田岬、Hitomi（田中瞳）、有坂深雪、希島あいり、秋山祥子、冬愛ことね、奏音かのん、水野朝陽、河南実里、北川エリカ、波多野結衣、佐々木あき、星野ナミ、結月恭子、美竹すず、澁谷果歩、七草ちとせ、杏美月、新井エリー（晶エリー、大沢佑香）、辻本杏、奥田咲、初川みなみ、葵つかさ、柳みゆう、森ほたる、永井マリア、天使もえ、優梨まいな、JULIA、若菜奈央、君島みお、桐谷まつり、春菜はな、雛菊つばさ、胡桃華、湊莉久、小島みなみ、鈴木心春、乾りっか、織田真子,https://www.javbus.com/RBB-200,
PPBD-205 嫌がる巨乳を揉み潰しレ×プ 女を囲って肉穴扱い 尊厳崩壊 集団中出し輪●BEST,PPBD-205 嫌がる巨乳を揉み潰しレ×プ 女を囲って肉穴扱い 尊厳崩壊 集団中出し輪●BEST,PPBD-205,,2021-02-18,240分鐘,,OPPAI,OPPAI,,合集、已婚婦女、花癡、多P、中出、巨乳、DMM獨家,Hitomi（田中瞳）、桐谷まつり、JULIA、佐山愛、一ノ瀬菫、めぐり（藤浦めぐ）、君島みお、相沢夏帆、中村知恵、笹倉杏、北川瞳、長瀬麻美,https://www.javbus.com/PPBD-205,
REBD-536 REbecca STARS8-The miracles-,REBD-536 REbecca STARS8-The miracles-,REBD-536,,2021-02-18,184分鐘,MAX★,REbecca,REbecca,REbecca STARS,介紹影片、性感的、高畫質,橋本ありな、桐谷まつり、明里つむぎ、小倉由菜、星宮一花、伊藤舞雪、本庄鈴、唯井まひろ、架乃ゆら、永瀬みなも、佐知子、JULIA,https://www.javbus.com/REBD-536,
HJBB-135 2020年はじめ企画 女子大生・若妻・凄テク女優まで！ぜ～んぶ見せますイクイク連発ハメ狂いラッシュ,HJBB-135 2020年はじめ企画 女子大生・若妻・凄テク女優まで！ぜ～んぶ見せますイクイク連発ハメ狂いラッシュ,HJBB-135,,2021-02-12,240分鐘,,はじめ企画,はじめ企画,,業餘、女大學生、已婚婦女、數位馬賽克、羞恥、中出、DMM獨家,つぼみ、JULIA、深田えいみ、松本菜奈実、凛音とうか、永井マリア、ジューン・ラブジョイ,https://www.javbus.com/HJBB-135,
PBD-389 美女に身をまかせて快感射精！どっきゅどきゅ精子を吸い取ってくれる騎乗位中出しテクニック2 4時間,PBD-389 美女に身をまかせて快感射精！どっきゅどきゅ精子を吸い取ってくれる騎乗位中出しテクニック2 4時間,PBD-389,,2021-02-06,240分鐘,,プレミアム,PREMIUM BEST,どっきゅどきゅ精子を吸い取ってくれる騎乗位中出しテクニック,蕩婦、合集、淫語、數位馬賽克、中出、女上位、巨乳、DMM獨家,山岸逢花、竹内有紀、JULIA、篠田ゆう、AIKA、倉多まお、枢木あおい、美月咲良、新井エリー（晶エリー、大沢佑香）、永井マリア、咲々原リン、凛音とうか、黒川すみれ、蓮実クレア、松本菜奈実、根尾あかり、深田えいみ、波多野結衣,https://www.javbus.com/PBD-389,
BMW-226 射精＆男潮が意志に反して出ちゃうぅ！驚異のフェラテクBEST,BMW-226 射精＆男潮が意志に反して出ちゃうぅ！驚異のフェラテクBEST,BMW-226,,2021-01-30,240分鐘,,ワンズファクトリー,WANZ,,蕩婦、口交、合集、深喉、男の潮吹き、DMM獨家、吞精,つぼみ、JULIA、松本いちか、椎名そら、森川アンナ、奏音かのん、水稀みり、本田岬、高杉麻里、神谷充希、枢木みかん、AIKA、柊るい、桐嶋りの、麻倉憂、松本菜奈実、めぐり（藤浦めぐ）、永瀬ゆい、美谷朱里、麻里梨夏、若菜奈央、永井マリア、佐々木あき、佳苗るか、茜はるか、有坂深雪、栄川乃亜、星咲セイラ、星奈あい、桐谷まつり、波多野結衣、桜井彩、きみと歩実、仲間明日香、阿部栞菜、河南実里、碧しの（篠めぐみ）、根尾あかり、逢見リカ、八乃つばさ、鈴木心春、神宮寺ナオ、ましろ杏、あおいれな,https://www.javbus.com/BMW-226,
BMW-227 2020年作品完全コンプリート中出しSEXベスト8時間,BMW-227 2020年作品完全コンプリート中出しSEXベスト8時間,BMW-227,,2021-01-30,480分鐘,,ワンズファクトリー,WANZ,完全コンプリート中出しSEXベスト,蕩婦、合集、美少女、中出、巨乳、DMM獨家,JULIA、つぼみ、桐谷まつり、根尾あかり、穂高ひな、椿りか、吉根ゆりあ、叶ユリア、花音うらら、深田えいみ、冬愛ことね、蓮実クレア、波多野結衣、神坂朋子、佐知子、稲場るか、辻井ほのか、奏音かのん、椎名そら、枢木みかん、佐藤エル、松本菜奈実、葉月レイラ、今井夏帆、水森翠、里美ゆりあ、丘えりな、花沢ひまり、弥生みづき、久留木玲、山岸逢花、春咲りょう、水川スミレ、篠田ゆう、倉多まお、永瀬ゆい、永井マリア、椎名みう、逢見リカ、佐山愛、あおいれな、樋口みつは、市来まひろ、松本いちか,https://www.javbus.com/BMW-227,
CJOB-080 焦らし寸止め騎乗位BEST,CJOB-080 焦らし寸止め騎乗位BEST,CJOB-080,,2021-01-23,240分鐘,,痴女ヘブン,痴女ヘブンBEST,,蕩婦、合集、淫語、姐姐、中出、女上位、DMM獨家,JULIA、深田えいみ、水野朝陽、凛音とうか、美竹すず、君島みお、桜井彩、美国沙耶、鈴木さとみ、咲々原リン、河南実里、栄川乃亜、春咲りょう、若菜奈央、川上ゆう（森野雫）、佐山愛、里美ゆりあ、森川アンナ、枢木あおい、立花瑠莉、星奈あい、うららか麗、大浦真奈美,https://www.javbus.com/CJOB-080,
RBB-205 濃厚な精子を子宮で欲しがり搾り尽くす！締め付けマ○コによくばり超・中出しSEX 8時間,RBB-205 濃厚な精子を子宮で欲しがり搾り尽くす！締め付けマ○コによくばり超・中出しSEX 8時間,RBB-205,,2021-01-16,480分鐘,,ROOKIE,ROOKIE,,蕩婦、制服、中出、女上位、DMM獨家,千歳りあ、松本いちか、深沢いのり、天海つばさ、瀬崎彩音、心実るな、希島あいり、渚みつき、初音みのり、黒田なな、JULIA、蓮実クレア、丘えりな、つぼみ、伊藤かえで、南円、露梨あやせ、有村えりか、竹内有紀、羽鳥らむ、西宮ゆめ、奏音かのん、神宮寺ナオ、凛音とうか、新井エリー（晶エリー、大沢佑香）、美園和花、明里つむぎ、川上奈々美、栗栖みなみ、月森ゆの、花音うらら、桐谷まつり、逢見リカ、春咲りょう、渡辺凛、今井夏帆、倉田アンナ、有栖いおり、小梅えな、佐山愛、柊るい、穂高ひな、由愛可奈、美谷朱里、堀北つむぎ、弥生みづき、小泉ひなた、里美ゆりあ、うららか麗、ジューン・ラブジョイ、高梨ことり、椎名そら、久留木玲、ましろ杏、葉月レイラ,https://www.javbus.com/RBB-205,
PPBD-203 2020年OPPAI SEXコンプリートBEST8時間,PPBD-203 2020年OPPAI SEXコンプリートBEST8時間,PPBD-203,,2021-01-16,480分鐘,,OPPAI,OPPAI,,蕩婦、合集、中出、女上位、巨乳、DMM獨家,Hitomi（田中瞳）、桐谷まつり、JULIA、川村晴、ジューン・ラブジョイ、椿りか、長瀬麻美、奏音かのん、千歳りあ、柊るい、小梅えな、古賀まつな、佐知子、今井夏帆、中野七緒、永井マリア、逢見リカ、蓮実クレア、有栖いおり、目黒めぐみ、石原理央、葵百合香、羽生アリサ、深田えいみ、夏希まろん、吉根ゆりあ、高岡美鈴、美園和花、辻井ほのか,https://www.javbus.com/PPBD-203,
PPBD-202 S級巨乳91人と毎日日替わりSEX豪華3ヶ月分8時間BEST,PPBD-202 S級巨乳91人と毎日日替わりSEX豪華3ヶ月分8時間BEST,PPBD-202,,2021-01-16,480分鐘,,OPPAI,OPPAI,,合集、戀乳癖、中出、巨乳、DMM獨家,水城奈緒、鈴木奏、鈴木さとみ、佐山愛、高梨ゆあ、武田真、香坂紗梨、泡沫ゆうき、NAOMI、新井エリー（晶エリー、大沢佑香）、神咲詩織、真白ここ、桜坂和歌、宝田もなみ、あいだ飛鳥、清城ゆき、初野こころ、浜崎真緒、岡沢リナ、西宮美月、倉多まお、黒川サリナ、百瀬とあ、澁谷果歩、桜ちなみ、一ノ瀬菫、桜井彩、有栖いおり、天音ありす、奏音かのん、赤瀬尚子、目黒めぐみ、川村晴、吉根ゆりあ、千歳りあ、玉木なるみ、小梅えな、舞野いつき、松永さな、篠崎かんな、咲々原リン、平真凛、高杉麻里、北川エリカ、浅井梨杏、永井れいな、JULIA、ましろ杏、波多野結衣、Hitomi（田中瞳）、浅田結梨、吉川あいみ、相沢夏帆、深田えいみ、冴木りつ、尾上若葉、篠田ゆう、AIKA、篠田あゆみ、本田岬、稲場るか、織田真子、華咲じゅら、水野朝陽、八乃つばさ、今井夏帆、凛音とうか、優月まりな、石原理央、若菜奈央、椎葉みくる、白石りん、雛鶴みお、永井マリア、桐谷まつり、祈里きすみ、葵百合香、美国沙耶、美咲りおな、三原ほのか、小向美奈子、白川サユ、松坂美紀、吹石れな、香椎りあ、推川ゆうり,https://www.javbus.com/PPBD-202,
RBB-206 美しいカラダ。形良し大きさ良し乳首良し！！これぞまさに神乳8時間（RBB-206）,RBB-206 美しいカラダ。形良し大きさ良し乳首良し！！これぞまさに神乳8時間（RBB-206）,RBB-206,,2021-01-16,480分鐘,,ROOKIE,ROOKIE,神乳○時間,口交、合集、戀乳癖、乳房、巨乳、DMM獨家,美園和花、辻井ほのか、美保結衣、稲場るか、織田真子、筧ジュン、逢見リカ、川上ゆう（森野雫）、吉川あいみ、桐谷まつり、あいだ飛鳥、架乃ゆら、倉多まお、明日花キララ、乃木蛍、夕美しおん、奥田咲、今井夏帆、東条蒼、椎名そら、春菜はな、松下紗栄子、君島みお、松本菜奈実、霧島さくら、河北彩花、佐山愛、JULIA、桃乃木かな、かなで自由、小向美奈子、初音みのり、篠田ゆう、斉藤みゆ、鈴木さとみ、香坂紗梨、森本つぐみ、舞原聖、伊藤舞雪、澁谷果歩、中村知恵、桜空もも、三船かれん、優梨まいな、蓮実クレア、宝田もなみ、佐知子、Hitomi（田中瞳）、夢乃あいか、水卜さくら、羽咲みはる、月本愛、めぐり（藤浦めぐ）、鈴木心春,https://www.javbus.com/RBB-206,
PBD-388 綺麗なお姉さんと濃密中出しSEX480分BEST,PBD-388 綺麗なお姉さんと濃密中出しSEX480分BEST,PBD-388,,2020-12-31,480分鐘,,プレミアム,PREMIUM BEST,,口交、合集、姐姐、數位馬賽克、中出、キス・接吻、巨乳、DMM獨家,JULIA、山岸逢花、波多野結衣、竹内有紀、凛音とうか、篠崎かんな、永井マリア、新井エリー（晶エリー、大沢佑香）、君島みお,https://www.javbus.com/PBD-388,
BMW-225 デカパイは揺らしてナンボ！乳跳ね騎乗位BEST,BMW-225 デカパイは揺らしてナンボ！乳跳ね騎乗位BEST,BMW-225,,2020-12-26,240分鐘,,ワンズファクトリー,WANZ,,合集、戀乳癖、中出、女上位、巨乳、DMM獨家,JULIA、桐谷まつり、松本菜奈実、佐山愛、高杉麻里、愛須心亜、ましろ杏、篠田ゆう、神宮寺ナオ、今井夏帆、宝田もなみ、相沢夏帆、仲間明日香、君島みお、真白ここ、桜井彩、吉川あいみ、本田岬、稲場るか、柊るい、吉根ゆりあ、逢見リカ、笹倉杏、北川エリカ、佐知子、永井マリア、枢木みかん、赤瀬尚子、深田えいみ、緒川りお、根尾あかり、二階堂ゆり、里美ゆりあ、波多野結衣、倉多まお、篠崎かんな,https://www.javbus.com/BMW-225,
BMW-224 終わらない中出し地獄 集団輪●レ×プBEST,BMW-224 終わらない中出し地獄 集団輪●レ×プBEST,BMW-224,,2020-12-26,240分鐘,,ワンズファクトリー,WANZ,,合集、花癡、拘束、中出、巨乳、DMM獨家,JULIA、つぼみ、椎名そら、篠田ゆう、姫川ゆうな、逢坂はるな、永瀬ゆい、篠崎みお、森苺莉、栄川乃亜、あべみかこ、跡美しゅり、さくらみゆき、佐々木あき、霧島さくら、星咲セイラ、佐々木れい、佐知子、冬愛ことね、奏音かのん、柊るい、八乃つばさ、初乃ふみか、麻倉憂、宝田もなみ、あおいれな,https://www.javbus.com/BMW-224,
PPBD-201 超敏感チクビをこねくり回す！快感アクメラッシュ54連発,PPBD-201 超敏感チクビをこねくり回す！快感アクメラッシュ54連発,PPBD-201,,2020-12-17,240分鐘,,OPPAI,OPPAI,,苗條、合集、美少女、巨乳、DMM獨家,Hitomi（田中瞳）、JULIA、桐谷まつり、あいだ飛鳥、鈴木さとみ、篠田ゆう、君島みお、佐山愛、神咲詩織、春菜はな、めぐり（藤浦めぐ）、三原ほのか、AIKA、水野朝陽、桜坂和歌、香坂紗梨、波多野結衣、今井夏帆、逢見リカ、宝田もなみ、千早菜奈、吉根ゆりあ、小梅えな、奏音かのん、高岡美鈴、倉多まお、凛音とうか、八乃つばさ,https://www.javbus.com/PPBD-201,
RBB-199 銀河系最強のイラマチオ 100人8時間,RBB-199 銀河系最強のイラマチオ 100人8時間,RBB-199,,2020-12-17,480分鐘,,ROOKIE,ROOKIE,ROOKIEベスト,口交、合集、花癡、深喉、凌辱、DMM獨家,つぼみ、佐山愛、Hitomi（田中瞳）、JULIA、君島みお、吉高寧々、妃月るい、永瀬ゆい、美竹すず、浅見せな、白石真琴、星奈あい、白川麻衣、桐谷まつり、新美かりん、優月まりな、藍川美夏、有坂深雪、相沢みなみ、優梨まいな、悠月リアナ、三田杏、若菜奈央、三原ほのか、海空花、小野寺梨紗、益坂美亜、美谷朱里、春原未来、小島みなみ、南梨央奈、葵つかさ、鈴木心春、愛須心亜、岬あずさ、相沢夏帆、長谷川まや、阿部栞菜、森苺莉、坂道みる、八乃つばさ、黒川すみれ、音あずさ、中村知恵、愛花みちる、姫野あやめ、茜はるか、咲々原リン、星咲セイラ、あべみかこ、愛瀬美希、乃木蛍、大浦真奈美、伊賀まこ、永井みひな、桜もこ、朝長ゆき、阿由葉あみ、黒木いくみ、架乃ゆら、七瀬恵梨香、初川みなみ、香椎りあ、星野ナミ、あず希、辻本杏、永瀬双葉、並木塔子、三咲美憂、堀北つむぎ、赤瀬尚子、加賀美まり、新名あみん、望月あられ、加美杏奈、あやみ旬果、梨杏なつ、有村のぞみ、最上さゆき、笹川りほ、松本ななえ、東凛、椎名そら、あいだ飛鳥、谷原希美、水卜さくら、橋本ありな、姫川ゆうな、浜崎真緒、栄川乃亜、秋山祥子、宇垣ちさと、百合咲うるみ、西宮ゆめ、加藤ももか、松田美子、桜井彩、一色さゆり、雫、新井エリー（晶エリー、大沢佑香）、夕美しおん、神咲詩織、高宮菜々子、AIKA,https://www.javbus.com/RBB-199,
RBB-198 2020年上半期大集結！！ 超豪華21メーカー新作346タイトル特大16時間BOX,RBB-198 2020年上半期大集結！！ 超豪華21メーカー新作346タイトル特大16時間BOX,RBB-198,,2020-12-17,960分鐘,,ROOKIE,ROOKIE,,企畫、合集、美少女、巨乳、DMM獨家,友田真希、沢田麗奈、山口珠理、つぼみ、新美かりん、天使もえ、羽咲みはる、桐谷まつり、凛音とうか、遥あやね、渚みつき、根尾あかり、逢見リカ、夏目彩春、橋本ありな、星宮一花、筧ジュン、桜空もも、神宮寺ナオ、東凛、桃乃木かな、椎名そら、永井マリア、一色桃子、河南実里、通野未帆、小早川怜子、川上奈々美、桜樹玲奈、咲乃小春、向井藍、白石茉莉奈、深田えいみ、稲場るか、乃木蛍、坂道みる、河北麻衣、美谷朱里、桜羽のどか、小泉ひなた、冬愛ことね、今井夏帆、伊藤舞雪、八乃つばさ、七沢みあ、持田栞里、吉高寧々、松下紗栄子、永瀬ゆい、二宮ひかり、楓カレン、あおいれな、園美和子、清宮すず、高梨ことり、二階堂ゆか、永原菜由、日向ふわり、久保みなぎ、槙いずな、竹内有紀、深沢いのり、水卜さくら、今井ひまり、さとう白音、重本ミチル、影山さくら、吉根ゆりあ、皆川ゆうな、天音まひな、三浦歩美、三咲美憂、加藤沙季、舞原聖、綾瀬みな、伊藤かえで、美園和花、夕美しおん、有栖るる、岬ななみ、西宮ゆめ、明里つむぎ、加藤ももか、麻里梨夏、大島優香、陸畑ひなの、枢木あおい、春咲りょう、伊賀まこ、心実るな、桜もこ、佐川はるみ、架乃ゆら、星野ナミ、三船かれん、水戸かな、ひなたまりん、佐野ゆいな、舞咲璃、織田真子、阿部乃みく、葵つかさ、蓮実クレア、Hitomi（田中瞳）、波多野結衣、北条麻妃、ましろ杏、JULIA、新井エリー（晶エリー、大沢佑香）、天海つばさ、めぐり（藤浦めぐ）、夢乃あいか、奥田咲、佐山愛、澤村レイコ（高坂保奈美、高坂ますみ）、真木今日子、篠田ゆう、AIKA、由愛可奈、三浦恵理子、白木優子、希島あいり、小島みなみ、倉多まお、羽月希、里美ゆりあ、大槻ひびき、初音みのり、叶ユリア、桜井ゆみ、児玉れな、結白まさき、香坂のあ、矢乃かのん、高美はるか、佐知子、甘乃つばき、藍芽みずき、真白真緒、目黒めぐみ、水森翠、丘えりな、音羽ねいろ、水咲結乃、梓ヒカリ、堀北つむぎ、瀬崎彩音、朱莉きょうこ、柳井める、岡江凛、月永ゆら、松本いちか、青山翔、久留木玲、新田みずほ、石原希望、蒼井れいな、椿りか、加藤いおり、すみれ潤、志木あかね、露梨あやせ、岩沢香代、吉岡ひより、椎葉えま、吉良りん、七緒夕希、川合らな、花音うらら、滝川ほのか、新美詩織、月乃しずく、逢実ほたる、椎名のあ、広瀬なるみ、涼花くるみ、志田紗希、流田みな実、佐藤エル、奥山ゆら、藤原芽衣子、里崎愛佳、葉月レイラ、白葉りこ、北村敏世、日下部加奈、七瀬ひな、妃ひかり、木下凛々子、弥生みづき、前田いろは、天川そら、中山ふみか、白坂有以、永井みひな、もなみ鈴、豊崎みさと、うららか麗、流川千穂、佐野栞、高城ひかる、小梅えな、佐藤ゆか、美琴つばさ、羽鳥らむ、市川花音、ジューン・ラブジョイ、琴井しほり、知花凛、夏希まろん、渡辺みお、大川月乃、中野七緒、奏音かのん、赤瀬尚子、花宮あむ、希崎結衣花、純真かれん、新名あみん、森本つぐみ、加美杏奈、米津響、鷲尾めい、乙白さやか、悠木あやね、古賀みなみ,https://www.javbus.com/RBB-198,
MKCK-274 2020年E-BODYラストベスト 過去10年で最も美体でドエロかった大当たり肉弾200SEX アジア最高峰ボディコレクション16時間,MKCK-274 2020年E-BODYラストベスト 過去10年で最も美体でドエロかった大当たり肉弾200SEX アジア最高峰ボディコレクション16時間,MKCK-274,,2020-12-12,960分鐘,,E-BODY,E-BODY,,合集、花癡、乳房、巨尻、巨乳、DMM獨家,麻美ゆま、風間ゆみ、加山なつこ、麻生早苗、かすみ果穂、青山菜々、三島奈津子、司ミコト、美園和花、堺希美、水野朝陽、RION、山手栞、高杉麻里、若宮はずき、小椋かをり、後藤里香、羽海野まお、吉根ゆりあ、桜ゆり、叶ユリア、石原希望、衣吹かのん、鈴森ローサ、北山かんな、清城ゆき、初音みのり、並樹ひかり、鈴森ひなた、高丘大空、香山美桜、雛鶴みお、永井マリア、須原のぞみ、果瀬はるな、深田ナナ、宝田もなみ、如月愛、浜崎真緒、鈴木真夕、武田真、佐倉ねね、山神すみれ、飛鳥りいな、須崎まどか、凪沙ゆきの、栗栖みなみ、辻井ほのか、小梅えな、神坂朋子、若槻みづな、三浦恵理子、北川エリカ、北川瞳、奥田咲、赤井美月、蓮実クレア、杏美月、村上涼子（中村りかこ、黒木菜穂）、愛乃なみ、AIKA、水咲カレン、さとう遥希、鶴田かな、本田岬、長谷川リホ、羽月希、姫野ゆうり、高梨ゆあ、ティア、サリー、長澤あずさ、中森玲子、佳山三花、里美ゆりあ、Hitomi（田中瞳）、波多野結衣、アンジェ、ましろ杏、希咲エマ（HARUKI、加藤はる希）、JULIA、新井エリー（晶エリー、大沢佑香）、西條るり、めぐり（藤浦めぐ）、菅野さゆき、本真ゆり、夢乃あいか、白咲梓、春菜はな、凛音とうか、クロエ、中村推菜、美竹すず、永井れいな、手塚ひかり、胡桃華、水川かずは、小早川怜子、岩瀬りな、青野セイラ、篠崎ゆう、君島みお、結月恭子、能美ちなつ、逢見リカ、若菜奈央、桃瀬友梨奈、麻見ももか、NAOMI、八神さおり、深田えいみ、相沢夏帆、吉川あいみ、稲場るか、篠田あゆみ、美国沙耶、メイメイ、佐久間恵美、妃月るい、ほしの景子、篠崎かんな、今井夏帆、ケイラ、ゆいの、浜崎なお、七草ちとせ、かすみりさ、相澤ゆりな,https://www.javbus.com/MKCK-274,
MIZD-212 どたぷん揺れすぎ！デカパイ暴走激ピストンBEST,MIZD-212 どたぷん揺れすぎ！デカパイ暴走激ピストンBEST,MIZD-212,,2020-12-12,240分鐘,,ムーディーズ,MOODYZ Best,,合集、戀乳癖、數位馬賽克、中出、女上位、巨乳、バック、DMM獨家,高橋しょう子、水卜さくら、中山ふみか、日下部加奈、JULIA、鈴木真夕、由來ちとせ、めぐり（藤浦めぐ）、春菜はな、真白ここ、祈里きすみ、水野朝陽、倉多まお、柏木もも、美竹すず、桜井彩、鈴木さとみ、佐知子、蓮実クレア、香坂紗梨、凛音とうか、三咲美憂、稲場るか、松本菜奈実、赤瀬尚子、小梅えな、神咲詩織、宝田もなみ、宝生リリー,https://www.javbus.com/MIZD-212,
BMW-223 「お願い中にだけは出さないで…」 射精直前の無理やり中出しレ×プ34連発vol.2,BMW-223 「お願い中にだけは出さないで…」 射精直前の無理やり中出しレ×プ34連発vol.2,BMW-223,,2020-11-28,240分鐘,,ワンズファクトリー,WANZ,射精直前の無理やり中出しレ×プ,花癡、多P、中出、巨乳、DMM獨家,JULIA、つぼみ、深田えいみ、松本いちか、根尾あかり、今井夏帆、柊るい、冬愛ことね、星咲セイラ、永瀬ゆい、渚みつき、椎名そら、篠田ゆう、里美ゆりあ、佐々木あき、南梨央奈、霧島さくら、麻倉憂、通野未帆、初乃ふみか,https://www.javbus.com/BMW-223,
BMW-222 美しい乳房・クビレ・乳首 S級美女の極乳BEST ―細い体に規格外巨乳！これぞ究極エロボディ！―,BMW-222 美しい乳房・クビレ・乳首 S級美女の極乳BEST ―細い体に規格外巨乳！これぞ究極エロボディ！―,BMW-222,,2020-11-28,240分鐘,,ワンズファクトリー,WANZ,,苗條、乳交、合集、乳房、巨乳、DMM獨家,JULIA、桐谷まつり、永井マリア、稲場るか、笹倉杏、めぐり（藤浦めぐ）、ひなみれん、八乃つばさ、二宮和香、椎名そら、佐知子、若菜奈央、宝田もなみ、佐山愛、真白ここ、浜崎真緒、吉永あかね、風間ゆみ、高杉麻里、吉川あいみ、深田えいみ、松本菜奈実、篠崎かんな、篠田ゆう、君島みお、ましろ杏、岩瀬りな、相沢夏帆、春菜はな、椎名ゆな,https://www.javbus.com/BMW-222,
MMXD-028 未満式着衣いたずら いいなり制服美少女52人8時間 完全穢しまくり撮り,MMXD-028 未満式着衣いたずら いいなり制服美少女52人8時間 完全穢しまくり撮り,MMXD-028,,2020-11-28,480分鐘,,未満,未満,未満式着衣いたずら,合集、巨乳、DMM獨家,天音まひな、神坂朋子、RION、水卜さくら、佐藤りこ、高梨ゆあ、露梨あやせ、深田えいみ、凛音とうか、伊藤舞雪、高岡美鈴、有栖いおり、今井夏帆、御坂恵衣、伊賀まこ、稲場るか、柊るい、石原理央、佐知子、朱莉きょうこ、妃宮侑里、佐倉ねね、百々谷りあ、松本菜奈実、小栗もなか、雛鶴みお、JULIA、白石めい、桐谷まつり、あやみ旬果、永瀬ゆい、姫野あやめ、羽咲みはる、深田ナナ、篠崎もも、鈴木心春、四ツ葉うらら、千寿まゆ、花守みらい、神咲詩織、瀬野みやび,https://www.javbus.com/MMXD-028,
MIZD-211 イクイク淫乱覚醒マッサージ 理性ブッ飛びオーガズム性感SEX40連発,MIZD-211 イクイク淫乱覚醒マッサージ 理性ブッ飛びオーガズム性感SEX40連発,MIZD-211,,2020-11-28,240分鐘,,ムーディーズ,MOODYZ Best,,合集、數位馬賽克、中出、女上位、美容院、按摩、巨乳、DMM獨家,高橋しょう子、七沢みあ、初川みなみ、水卜さくら、高杉麻里、小梅えな、佐藤エル、平沢すず、倉多まお、AIKA、九重かんな、秋山祥子、JULIA、つぼみ、三咲美憂、日下部加奈、藍芽みずき、紗藤まゆ,https://www.javbus.com/MIZD-211,
RBB-203 このスリルがたまらない。 女を立っていられないほど感じさせる痴●-チカン-BEST 8時間,RBB-203 このスリルがたまらない。 女を立っていられないほど感じさせる痴●-チカン-BEST 8時間,RBB-203,,2020-11-19,480分鐘,,ROOKIE,ROOKIE,,合集、多P、羞恥、高中女生、DMM獨家,天海つばさ、立花めい、日菜々はのん、あやみ旬果、笠木いちか、坂道みる、JULIA、小島みなみ、美谷朱里、夢乃あいか、志田雪奈、羽月希、奥田咲、伊賀まこ、渚みつき、葵つかさ、永瀬ゆい、水卜さくら、三上悠亜、篠田ゆう、大島優香、藤波さとり、妃月るい、岬あずさ、伊藤舞雪、七沢みあ、架乃ゆら、相沢夏帆、桜もこ、吉瀬菜々子、神宮寺ナオ、宝田もなみ、水戸かな、松本菜奈実、つぼみ、益坂美亜、二宮ひかり、椎名そら、夕美しおん、伊藤優希、岬ななみ,https://www.javbus.com/RBB-203,
RBB-197 神裸 ドスケベ・ザ・エッチセックス 8時間,RBB-197 神裸 ドスケベ・ザ・エッチセックス 8時間,RBB-197,,2020-11-19,480分鐘,,ROOKIE,ROOKIE,ROOKIEベスト,口交、合集、DMM獨家,水卜さくら、美谷朱里、羽咲みはる、美保結衣、葵つかさ、神宮寺ナオ、松本菜奈実、稲場るか、星野ナミ、本田岬、佐々木あき、深田えいみ、JULIA、ひなたまりん、桃乃木かな、君島みお、夢乃あいか、蓮実クレア、波多野結衣、八乃つばさ、若菜奈央、桜空もも、倉多まお、石川祐奈、佐山愛、筧ジュン、伊藤舞雪、岬あずさ、水野朝陽、藤川れいな、鈴木心春、椎名そら、今井夏帆、大浦真奈美、奥田咲、月本愛、凛音とうか、篠田ゆう、霧島さくら、明日花キララ,https://www.javbus.com/RBB-197,
PPBD-199 連続中出しキメるまで暴走ピストンにデカ乳揺れまくり！追撃孕ませ150射精,PPBD-199 連続中出しキメるまで暴走ピストンにデカ乳揺れまくり！追撃孕ませ150射精,PPBD-199,,2020-11-19,240分鐘,,OPPAI,OPPAI,,合集、戀乳癖、中出、巨乳、DMM獨家,Hitomi（田中瞳）、JULIA、桐谷まつり、あいだ飛鳥、倉多まお、春菜はな、藤咲エレン、祈里きすみ、香坂紗梨、霧島さくら、佐山愛、浅田結梨、目黒めぐみ、吉根ゆりあ、八乃つばさ、赤瀬尚子、宝田もなみ、美国沙耶、浅井梨杏、深田えいみ、篠田ゆう、一ノ瀬菫、君島みお、相沢夏帆、本田岬、美園和花、小梅えな、永井マリア、高梨ゆあ、松永さな、百瀬とあ、長瀬麻美,https://www.javbus.com/PPBD-199,
MKCK-272 E-BODY全900タイトルから選ばれしアダルトサイトFANZAレビュー星4.0以上のユーザーが選ぶ高評価ボディ10人8時間ベスト,MKCK-272 E-BODY全900タイトルから選ばれしアダルトサイトFANZAレビュー星4.0以上のユーザーが選ぶ高評価ボディ10人8時間ベスト,MKCK-272,,2020-11-13,480分鐘,,E-BODY,E-BODY,,苗條、合集、乳房、女上位、4小時以上作品、巨乳、DMM獨家,堺希美、結月恭子、ほしの景子、RION、奥田咲、JULIA、藤白はな、汐音まり,https://www.javbus.com/MKCK-272,
PBD-384 中出しOK 連続射精！ 追撃男潮！！ エロ過ぎお姉さんに何度もヌカれちゃう 痴女メンズエステBEST,PBD-384 中出しOK 連続射精！ 追撃男潮！！ エロ過ぎお姉さんに何度もヌカれちゃう 痴女メンズエステBEST,PBD-384,,2020-11-06,240分鐘,,プレミアム,PREMIUM BEST,,蕩婦、合集、姐姐、數位馬賽克、中出、4小時以上作品、美容院、男の潮吹き、DMM獨家,山岸逢花、根尾あかり、篠崎かんな、深田えいみ、JULIA、里美ゆりあ、佐山愛、三井さき、川上ゆう（森野雫）、倉多まお、有坂深雪、阿部栞菜、祈里きすみ、篠田ゆう、波多野結衣,https://www.javbus.com/PBD-384,
HNDB-177 令和最新版！人気女優と毎日ナマSEX日替わり31日中出しカレンダー,HNDB-177 令和最新版！人気女優と毎日ナマSEX日替わり31日中出しカレンダー,HNDB-177,,2020-10-24,240分鐘,,本中,本中,本中BEST,女大學生、合集、美少女、中出、4小時以上作品、DMM獨家,美谷朱里、七瀬ひな、小梅えな、枢木あおい、凛音とうか、ジューン・ラブジョイ、松本いちか、新井エリー（晶エリー、大沢佑香）、花音うらら、永井マリア、渚みつき、根尾あかり、稲場るか、椎名そら、久留木玲、長瀬麻美、神宮寺ナオ、石原希望、秋山祥子、河南実里、丘えりな、深田えいみ、小向美奈子、松本菜奈実、永瀬ゆい、椎葉えま、今井夏帆、奏音かのん、JULIA、三咲美憂、小泉ひなた,https://www.javbus.com/HNDB-177,
RBB-190 エロいプリケツを堪能する 神尻SEX8時間,RBB-190 エロいプリケツを堪能する 神尻SEX8時間,RBB-190,,2020-10-17,480分鐘,,ROOKIE,ROOKIE,,蕩婦、合集、屁股、女上位、4小時以上作品、巨尻、DMM獨家,久保みなぎ、葉月レイラ、JULIA、白葉りこ、神咲詩織、葵つかさ、香坂紗梨、美保結衣、神木まほろ、白木エレン、黒川すみれ、愛須心亜、栗栖みなみ、篠崎かんな、枢木あおい、天海つばさ、倉多まお、奏音かのん、真白真緒、望月あられ、結白まさき、今井夏帆、夕美しおん、永井マリア、七緒夕希、永瀬ゆい、夢乃あいか、新井エリー（晶エリー、大沢佑香）、美谷朱里、新山リオ、もなみ鈴、明里つむぎ、夢咲ひなみ、日下部加奈、八乃つばさ、凛音とうか、加賀美まり、星奈あい、AIKA、佐山愛、吉根ゆりあ、天使もえ、神宮寺ナオ、乾りっか、八神さおり、三上悠亜、加藤沙季、有村えりか、橋本麗奈、逢沢りいな、稲場るか、桜樹玲奈、深田えいみ、音海里奈、篠田ゆう、根尾あかり,https://www.javbus.com/RBB-190,
PPBD-198 「そんなにおっぱい揺らされたらバレちゃうって」でもバレたらもっと興奮しちゃうかもBEST,PPBD-198 「そんなにおっぱい揺らされたらバレちゃうって」でもバレたらもっと興奮しちゃうかもBEST,PPBD-198,,2020-10-17,240分鐘,,OPPAI,OPPAI,,蕩婦、合集、女上位、4小時以上作品、出軌、巨乳、DMM獨家,Hitomi（田中瞳）、JULIA、佐山愛、吉根ゆりあ、相沢夏帆、春菜はな、中村知恵、篠崎かんな、時多しほり、桜井彩、咲々原リン、小梅えな、新井エリー（晶エリー、大沢佑香）、松永さな、森ほたる、深田えいみ、水野朝陽、雛菊つばさ、赤瀬尚子、逢坂はるな、黒川サリナ、高杉麻里、香坂紗梨、めぐり（藤浦めぐ）、桐谷まつり、松本菜奈実、河北麻衣、仲間明日香、波多野結衣、八乃つばさ、美園和花、美国沙耶、宝生リリー、本田岬、目黒めぐみ、NAOMI、浅田結梨、凛音とうか、小西悠、若菜奈央,https://www.javbus.com/PPBD-198,
RBB-192 超シリ穴丸見え！ 一番恥ずかしいアナルを堪能しながらエッチに夢中な女の子！S級女優60人8時間BEST,RBB-192 超シリ穴丸見え！ 一番恥ずかしいアナルを堪能しながらエッチに夢中な女の子！S級女優60人8時間BEST,RBB-192,,2020-10-17,480分鐘,,ROOKIE,ROOKIE,ROOKIEベスト,合集、屁股、花癡、羞恥、4小時以上作品、巨尻、巨乳、DMM獨家,栄川乃亜、小西悠、君島みお、武田真、星奈あい、桐嶋りの、水野朝陽、麻倉憂、並木塔子、美竹すず、湊莉久、翼、美谷朱里、篠田ゆう、河南実里、有栖いおり、JULIA、仲間明日香、彩葉みおり、うららか麗、椎名そら、石山ひかり、通野未帆、枢木あおい、凛音とうか、松本菜奈実、黒川すみれ、神宮寺ナオ、AIKA、濱松愛季、麻里梨夏、東凛、Lilly、根尾あかり、深田えいみ、明里ともか、葵つかさ、神咲詩織、桃乃木かな、坂道みる、坂口りおな、奥田咲、桜もこ、白石みくり、さくらゆら、白葉りこ、椎葉えま、星宮一花、吉高寧々、甘夏りいな、雛鶴みお、希崎ジェシカ、天海つばさ、風間ゆみ、八乃つばさ、佐山愛、永井マリア、三船かれん、有村のぞみ、ヴァレンタリッチ、松田莉緒、佐倉ねね、伊藤舞雪、竹内麻耶、加藤ももか、明里つむぎ、桜空もも、如月愛,https://www.javbus.com/RBB-192,
DVAJ-481 色素の薄い色白美巨乳たゆんたゆん揺れる濃密性交BEST5時間,DVAJ-481 色素の薄い色白美巨乳たゆんたゆん揺れる濃密性交BEST5時間,DVAJ-481,,2020-10-11,300分鐘,神田うさぎ,アリスJAPAN,アリスJAPAN,,乳交、合集、戀乳癖、4小時以上作品、高畫質、巨乳、DMM獨家,JULIA、奥田咲、美谷朱里、深田えいみ、すみれ美香、長澤あずさ、仁科百華、森ななこ、芦名未帆（稲森しほり）、芹沢ゆい、美里有紗、知花メイサ、鷹宮ゆい、逢沢まりあ、斉藤みゆ、木下あずみ、野宮さとみ,https://www.javbus.com/DVAJ-481,
MIZD-992 「もう吹いてるってばぁ～！」S級美女に痴女られ続ける追撃男潮BEST,MIZD-992 「もう吹いてるってばぁ～！」S級美女に痴女られ続ける追撃男潮BEST,MIZD-992,,2020-10-10,240分鐘,,ムーディーズ,MOODYZ Best,,蕩婦、口交、其他戀物癖、合集、數位馬賽克、M男、DMM獨家、打手槍,稲場るか、深田えいみ、凛音とうか、篠田ゆう、波多野結衣、AIKA、佐々木あき、鈴木さとみ、星奈あい、君島みお、有坂深雪、小島みなみ、日下部加奈、JULIA、蓮実クレア、永井マリア、松本菜奈実、EMI、桜井彩、卯水咲流、高橋しょう子、神咲詩織、本田岬、麻里梨夏、宮沢ゆかり、倉持りん（望月さくら）、水野朝陽、KAORI、つぼみ、大槻ひびき、里美ゆりあ、二宮沙樹、工藤美紗、水樹りさ、七沢みあ、初川みなみ,https://www.javbus.com/MIZD-992,
MIZD-990 夫よりレ×プに濡れてしまう妻…。～犯●れ絶頂に堕ちた10人の美女～,MIZD-990 夫よりレ×プに濡れてしまう妻…。～犯●れ絶頂に堕ちた10人の美女～,MIZD-990,,2020-10-10,240分鐘,,ムーディーズ,MOODYZ Best,,口交、已婚婦女、新娘、年輕妻子、數位馬賽克、中出、DMM獨家,高橋しょう子、初川みなみ、水卜さくら、由愛可奈、君島みお、蓮実クレア、JULIA、秋山祥子、森沢かな（飯岡かなこ）、倉多まお,https://www.javbus.com/MIZD-990,
BMW-215 好き勝手に●す乱暴ピストンでイグイグイグ！！不本意アクメでレ×プ堕ち！！8時間,BMW-215 好き勝手に●す乱暴ピストンでイグイグイグ！！不本意アクメでレ×プ堕ち！！8時間,BMW-215,,2020-09-26,480分鐘,,ワンズファクトリー,WANZ,,合集、拘束、凌辱、中出、4小時以上作品、DMM獨家,西田カリナ、日向うみ、JULIA、つぼみ、有坂深雪、渚みつき、永瀬ゆい、根尾あかり、柊るい、今井夏帆、奏音かのん、茜はるか、初乃ふみか、神宮寺ナオ、佐々木れい、椎名そら、枢木あおい、篠田ゆう、冬愛ことね、深田えいみ、北川エリカ、桐谷まつり,https://www.javbus.com/BMW-215,
RBB-191 もう中に出さないでえぇぇぇ！！！！ 望まない中出し！嫌がる中出し！抵抗する中出し！絶望の中出し！8時間,RBB-191 もう中に出さないでえぇぇぇ！！！！ 望まない中出し！嫌がる中出し！抵抗する中出し！絶望の中出し！8時間,RBB-191,,2020-09-17,480分鐘,,ROOKIE,ROOKIE,ROOKIEベスト,美少女、凌辱、中出、4小時以上作品、巨乳、DMM獨家,鈴木心春、藍里ゆな、甘良しずく、山元あや、神咲詩織、若菜奈央、JULIA、麻倉憂、有坂深雪、望月あられ、加瀬ななほ、有村のぞみ、黒川すみれ、水野朝陽、SARA、羽田つばさ、吹石れな、霧島レオナ、八乃つばさ、音羽文子、神宮寺ナオ、三田杏、工藤まなみ、永井みひな、君島みお、高杉麻里、河南実里、岬あずさ、天海つばさ、清本玲奈、八木美智香、真白ここ、枢木あおい、東凛、星奈あい、希崎ジェシカ、Hitomi（田中瞳）,https://www.javbus.com/RBB-191,
MIZD-972 タイトスカート女教師8タイトル8時間BEST,MIZD-972 タイトスカート女教師8タイトル8時間BEST,MIZD-972,,2020-09-12,480分鐘,,ムーディーズ,MOODYZ Best,タイトスカート女教師,蕩婦、女教師、合集、屁股、戀腿癖、數位馬賽克、學校作品、4小時以上作品、DMM獨家,鈴木心春、西田カリナ、秋山祥子、卯水咲流、蓮実クレア、JULIA、波多野結衣、大橋未久,https://www.javbus.com/MIZD-972,
MMXD-027 未満13年史特選BEST 最高のおっぱい美女44人が集結！ 完全穢し撮り 神乳アイドルMANIAX,MMXD-027 未満13年史特選BEST 最高のおっぱい美女44人が集結！ 完全穢し撮り 神乳アイドルMANIAX,MMXD-027,,2020-08-29,240分鐘,,未満,未満,,乳交、合集、戀乳癖、4小時以上作品、巨乳、DMM獨家,RION、羽咲みはる、水卜さくら、伊藤舞雪、永井すみれ、JULIA、白石めい、露梨あやせ、高梨ゆあ、雛鶴みお、小栗もなか、松本菜奈実、百々谷りあ、妃宮侑里、花守みらい、千寿まゆ、四ツ葉うらら、深田ナナ、石原理央、柊るい、佐倉ねね、あやみ旬果、篠崎もも、鈴木心春、桐谷まつり、佐知子、佐藤りこ、朱莉きょうこ、高岡美鈴、有栖いおり、今井夏帆、御坂恵衣、稲場るか、神咲詩織,https://www.javbus.com/MMXD-027,
PPBD-191 自分が挟まれている気分で最高に没入する主観パイズリ4時間BEST,PPBD-191 自分が挟まれている気分で最高に没入する主観パイズリ4時間BEST,PPBD-191,,2020-08-15,240分鐘,,OPPAI,OPPAI,,乳交、合集、戀乳癖、4小時以上作品、主觀視角、巨乳、DMM獨家,岡沢リナ、藤咲エレン、Hitomi（田中瞳）、佐山愛、神咲紗々、宇多田あみ、泉ののか、春菜はな、冴木りつ、小梅えな、JULIA、笹倉杏、橘メアリー、神咲詩織、一ノ瀬菫、柊るい、古賀まつな、羽生アリサ、石原理央、今井夏帆、桐谷まつり、武田真、霧島さくら、相澤ゆりな、香坂紗梨、相沢夏帆、浅井梨杏、日向うみ、成海さやか、浅美結花、時多しほり、安田亜衣、優梨まいな、あいだ飛鳥、真木今日子、鈴木さとみ、彩奈リナ（七原あかり）、優月まりな、高梨ゆあ、吉根ゆりあ、葵百合香,https://www.javbus.com/PPBD-191,
PPBD-190 Iカップ以上限定 猛追ピストンで巨乳がオーガズムを迎える瞬間60人120乳房BEST,PPBD-190 Iカップ以上限定 猛追ピストンで巨乳がオーガズムを迎える瞬間60人120乳房BEST,PPBD-190,,2020-08-15,240分鐘,,OPPAI,OPPAI,,合集、戀乳癖、乳房、4小時以上作品、超乳、巨乳、DMM獨家,吉根ゆりあ、甘良しずく、青木りん、春菜はな、白戸もも、仁科百華、JULIA、七草ちとせ、澁谷果歩、あいだ飛鳥、大井結仁、宝田もなみ、すなお恵、松本菜奈実、菅野さゆき、小梅えな、藤咲エレン、綾瀬みなみ、ももい理乃、木咲美琴、西垣るか、西條るり、Hitomi（田中瞳）、青山菜々、涼木奏、佐知子、小早川怜子、三島奈津子、長澤あずさ、橘なお（上原海里）、成宮みこと、大島あいる、凛音とうか、平山薫、MOMOKA、北乃ちか、平真凛、塚田詩織、桐谷まつり、河西希、岸杏南、杏美月、吉澤留美、美咲りおな、三浦奏、灘坂舞、水咲カレン,https://www.javbus.com/PPBD-190,
RBB-188 射精寸前！ やっぱり最後は中出し ドピュドピュ128連発 8時間,RBB-188 射精寸前！ やっぱり最後は中出し ドピュドピュ128連発 8時間,RBB-188,,2020-08-15,480分鐘,,ROOKIE,ROOKIE,,合集、中出、4小時以上作品、DMM獨家,つぼみ、初音みのり、川上ゆう（森野雫）、佐山愛、枢木あおい、吹石れな、新美かりん、高梨ゆあ、椎名そら、永井マリア、岬ななみ、根尾あかり、明里つむぎ、渚みつき、桜もこ、藤波さとり、松永さな、三船かれん、長瀬麻美、一ノ瀬菫、四葉さな、西宮ゆめ、加瀬ななほ、小泉ひなた、咲々原リン、篠崎かんな、今井夏帆、夢咲ひなみ、松本菜奈実、永瀬ゆい、川上奈々美、黒崎みか、明日菜じゅん、冬愛ことね、星奈あい、水川えみる、桐谷まつり、益坂美亜、凛音とうか、有坂深雪、二宮ひかり、辻井ほのか、市川花音、夏希まろん、奏音かのん、佐藤ゆか、高畑ゆい、宇佐木あいか、有栖いおり、倉田アンナ、葉月レイラ、三ツ橋真帆、小梅えな、小日向あき、弥生みづき、椿ゆな、藍色なぎ、三田ゆい、小鳥遊ももえ、望月あられ、花音うらら、小向美奈子、双葉ゆず、吉根ゆりあ、大原ゆりあ、姫野ことめ、綾瀬みな、美月咲良、深田みお、彩音めぐみ、赤瀬尚子、結白まさき、草刈美緒、甘乃つばき、目黒めぐみ、水森翠、柊るい、甘夏りいな、有村えりか、加藤いおり、跡美しゅり、神咲詩織、波多野結衣、JULIA、新井エリー（晶エリー、大沢佑香）、天海つばさ、蓮実クレア、真木今日子、篠田ゆう、由愛可奈、希崎ジェシカ、枢木みかん、倉多まお、織田真子、愛須心亜、咲乃小春、深田えいみ、愛瀬るか、AIKA、Hitomi（田中瞳）、里美ゆりあ、笠木いちか,https://www.javbus.com/RBB-188,
RBB-187 ドスケベ・ザ・エッチセックス 流れ乳するほどの巨乳を爆揺らし横突き8時間BEST,RBB-187 ドスケベ・ザ・エッチセックス 流れ乳するほどの巨乳を爆揺らし横突き8時間BEST,RBB-187,,2020-08-15,480分鐘,,ROOKIE,ROOKIE,,合集、戀乳癖、姐姐、乳房、4小時以上作品、巨乳、DMM獨家,青木りん、水城奈緒、鈴木さとみ、佐山愛、笹宮えれな、倉多まお、白木優子、神咲詩織、篠田ゆう、奥田咲、夢乃あいか、めぐり（藤浦めぐ）、八神さおり、春菜はな、神咲紗々、推川ゆうり、永井マリア、音海里奈、高丘大空、香椎りあ、藤咲エレン、吹石れな、真白ここ、愛葉りり、ましろ杏、水澄ひかり、中村知恵、NAOMI、佐久間恵美、手塚有紀、稲場るか、相沢夏帆、篠崎かんな、松本菜奈実、平真凛、逢坂はるな、織田真子、Hitomi（田中瞳）、日菜々はのん、二階堂ゆり、はるかみらい、牧村柚希、八乃つばさ、逢咲ゆあ、今井夏帆、JULIA、香坂紗梨、高杉麻里、深田ナナ、江藤ゆい、八木美智香、朝倉桃菜、桑田みのり、美里詩織、初乃ふみか、逢見リカ、あやみ旬果、星野ナミ、松永さな、小梅えな、朝倉凪、大森しずか、柊るい、佐知子、雪美千夏、川原かなえ、辻本杏、相美ゆな、倉吉美帆、桜にこ、藤井美琴、あいだ飛鳥、小西悠、乃南静香、秋山祥子、夕美しおん、水卜さくら、宝田もなみ、若菜奈央、三田雅美、優木いおり、徳島理子、海乃うた、君島みお、凛音とうか、椿織さとみ、天野美優、岩瀬りな、桐谷まつり、雛菊つばさ、祈里きすみ、市丸ひめ,https://www.javbus.com/RBB-187,
MIZD-196 終わらない追撃ピストンでイキ果てるオンナ！ 集団輪●レ×プ35連発,MIZD-196 終わらない追撃ピストンでイキ果てるオンナ！ 集団輪●レ×プ35連発,MIZD-196,,2020-07-24,240分鐘,,ムーディーズ,MOODYZ Best,集団輪●レ●プ,監禁、數位馬賽克、拘束、中出、4小時以上作品、高中女生、巨乳、DMM獨家,高橋しょう子、水卜さくら、七沢みあ、日下部加奈、今井夏帆、久留木玲、由愛可奈、高杉麻里、咲乃小春、中山ふみか、根尾あかり、椎名そら、松本菜奈実、波多野結衣、九重かんな、枢木あおい、奏音かのん、君島みお、永井みひな、河南実里、JULIA、八乃つばさ、神宮寺ナオ、志田雪奈、妃月るい、咲々原リン、桐谷なお、二宮ひかり、佐藤エル、深田えいみ、藍芽みずき,https://www.javbus.com/MIZD-196,
BMW-210 妊娠OK！！色気むんむんで迫ってくる超ヤリマン不倫人妻BEST8時間,BMW-210 妊娠OK！！色気むんむんで迫ってくる超ヤリマン不倫人妻BEST8時間,BMW-210,,2020-07-24,480分鐘,,ワンズファクトリー,WANZ,妊娠OK！！色気むんむんで迫ってくる爆乳ヤリマン不倫人妻,蕩婦、合集、已婚婦女、中出、4小時以上作品、巨乳、DMM獨家,JULIA、篠崎かんな、篠田ゆう、赤瀬尚子、佐山愛、里美ゆりあ,https://www.javbus.com/BMW-210,
PPBD-188 射精直前のおっぱい爆揺らしレ×プ4時間BEST,PPBD-188 射精直前のおっぱい爆揺らしレ×プ4時間BEST,PPBD-188,,2020-07-16,240分鐘,,OPPAI,OPPAI,,合集、凌辱、中出、4小時以上作品、巨乳、DMM獨家,Hitomi（田中瞳）、JULIA、浅田結梨、水野朝陽、梨杏なつ、斉藤みゆ、かなで自由、佐山愛、めぐり（藤浦めぐ）、月本愛、長瀬麻美、凛音とうか、君島みお、天野美優、ひなみれん、神咲詩織、中村知恵,https://www.javbus.com/PPBD-188,
PPBD-187 プルルンおっぱいに甘えたくてたまらない！！ 男をダメにする授乳手コキBEST,PPBD-187 プルルンおっぱいに甘えたくてたまらない！！ 男をダメにする授乳手コキBEST,PPBD-187,,2020-07-16,240分鐘,,OPPAI,OPPAI,,蕩婦、合集、戀乳癖、4小時以上作品、M男、巨乳、DMM獨家、打手槍,JULIA、Hitomi（田中瞳）、桐谷まつり、あいだ飛鳥、春菜はな、若菜奈央、佐山愛、武田真、美国沙耶、千早菜奈、優月まりな、祈里きすみ、高杉麻里、咲々原リン、葵百合香、織田真子、永井マリア、吉根ゆりあ、藤咲エレン、宝田もなみ,https://www.javbus.com/PPBD-187,
RBB-185 美しいカラダ。形良し大きさ良し乳首良し！！ これぞまさに神乳 8時間,RBB-185 美しいカラダ。形良し大きさ良し乳首良し！！ これぞまさに神乳 8時間,RBB-185,,2020-07-16,480分鐘,,ROOKIE,ROOKIE,神乳○時間,苗條、合集、乳房、4小時以上作品、巨乳、DMM獨家,日下部加奈、彩葉みおり、小梅えな、乃木蛍、美雲あい梨、篠崎かんな、新名あみん、筧ジュン、AIKA、葉月レイラ、高橋しょう子、新井エリー（晶エリー、大沢佑香）、佐藤りこ、枢木みかん、伊藤舞雪、松本菜奈実、夏希まろん、大原ゆりあ、赤瀬尚子、秋山祥子、深田えいみ、逢見リカ、真白真緒、篠田ゆう、君島みお、有栖いおり、佐山愛、今井夏帆、倉田アンナ、朱莉きょうこ、吉根ゆりあ、明日花キララ、星野ナミ、JULIA、ひなたまりん、桐谷まつり、奥田咲、吉良薫、花宮あみ、永井マリア、凛音とうか、羽咲みはる、根尾あかり、和泉つかさ、桃乃木かな、神咲詩織、水卜さくら、稲場るか、初音みのり、三上悠亜,https://www.javbus.com/RBB-185,
MKCK-262 乳フェチに贈るおっぱい躍動アングル！！美巨乳ボディ限定パイ揺れ暴走ピストン60人8時間,MKCK-262 乳フェチに贈るおっぱい躍動アングル！！美巨乳ボディ限定パイ揺れ暴走ピストン60人8時間,MKCK-262,,2020-07-11,480分鐘,,E-BODY,E-BODY,,已婚婦女、美少女、乳房、女上位、4小時以上作品、巨乳、DMM獨家,叶ユリア、園美和子、永原菜由、深田えいみ、七瀬美羽、松沢薫、岩瀬りな、RION、メイメイ、井上愛唯、新井エリー（晶エリー、大沢佑香）、松本菜奈実、有村のぞみ、今井夏帆、東城ななせ、吉根ゆりあ、美雲あい梨、稲場るか、汐音まり、須崎まどか、結白まさき、吉良薫、泉ゆうめ、小梅えな、JULIA、雛鶴みお、宝田もなみ、ヴァレンタリッチ、大原ゆりあ、夢乃あいか、谷あづさ、相原じゅり、双葉りか,https://www.javbus.com/MKCK-262,
RBB-183 制御不能！ 理性が吹き飛んだ女達のビクンビクン痙攣セックス 8時間 催●・洗脳イキ狂い,RBB-183 制御不能！ 理性が吹き飛んだ女達のビクンビクン痙攣セックス 8時間 催●・洗脳イキ狂い,RBB-183,,2020-06-14,480分鐘,,ROOKIE,ROOKIE,,蕩婦、潮吹、4小時以上作品、汗だく、DMM獨家,小島みなみ、富田優衣、瀬名きらり、つぼみ、永井みひな、黒木いくみ、星奈あい、深田えいみ、松本菜奈実、吉高寧々、近藤ゆき、石原ルリカ、綾瀬ひなの、希崎ジェシカ、有坂深雪、椎名そら、河南実里、心花ゆら、秋山祥子、AIKA、麻里梨夏、美竹すず、大槻ひびき、姫川ゆうな、君島みお、加藤あやの、葉月七瀬、石川祐奈、黒川サリナ、二階堂ゆり、笹倉杏、月島ななこ、天海つばさ、天使もえ、JULIA、藤にいな,https://www.javbus.com/RBB-183,
BMW-206 「もう射精してるってばぁ」追撃男潮スプラッシュ50発BEST,BMW-206 「もう射精してるってばぁ」追撃男潮スプラッシュ50発BEST,BMW-206,,2020-05-30,240分鐘,,ワンズファクトリー,WANZ,,蕩婦、潮吹、合集、花癡、中出、4小時以上作品、DMM獨家,麻倉憂、二宮沙樹、椎名そら、つぼみ、佐々木あき、小澤まな、森苺莉、君島みお、河南実里、春菜はな、波多野結衣、めぐり（藤浦めぐ）、桐谷まつり、桜井あゆ、JULIA、南梨央奈,https://www.javbus.com/BMW-206,
PPBD-184 イクイク大痙攣！！激ピストンおっぱい爆揺れ騎乗位ラッシュBESTVol.2,PPBD-184 イクイク大痙攣！！激ピストンおっぱい爆揺れ騎乗位ラッシュBESTVol.2,PPBD-184,,2020-05-16,240分鐘,,OPPAI,OPPAI,激ピストンおっぱい爆揺れ騎乗位,苗條、合集、戀乳癖、女上位、4小時以上作品、超乳、巨乳、DMM獨家,JULIA、桐谷まつり、Hitomi（田中瞳）、あいだ飛鳥、三島奈津子、有栖いおり、永井マリア、小梅えな、凛音とうか、深田えいみ、香坂紗梨、吉根ゆりあ、高岡美鈴、新井エリー（晶エリー、大沢佑香）、水野朝陽、春菜はな、目黒めぐみ、鈴木さとみ、高梨ゆあ、真木今日子、松本菜奈実、赤瀬尚子、一ノ瀬菫、織田真子、彩奈リナ（七原あかり）、真白ここ、稲場るか、石原理央、優月まりな、推川ゆうり、霧島さくら、葵百合香、須原のぞみ、舞野いつき、羽生アリサ、浜崎真緒、篠崎かんな、今井夏帆、咲々原リン、平真凛、神咲詩織、西宮美月、藤咲エレン、佐山愛、鈴木奏、めぐり（藤浦めぐ）、美国沙耶、本田岬、篠田ゆう、岡沢リナ,https://www.javbus.com/PPBD-184,
MIZD-185 ひたすら美少女に顔面射精ラッシュBEST 合計顔射100発オーバー,MIZD-185 ひたすら美少女に顔面射精ラッシュBEST 合計顔射100発オーバー,MIZD-185,,2020-05-09,480分鐘,,ムーディーズ,MOODYZ Best,,合集、美少女、數位馬賽克、4小時以上作品、顏射、巨乳、DMM獨家,七沢みあ、高橋しょう子、水卜さくら、根尾あかり、小谷みのり、宮沢ゆかり、星奈あい、初川みなみ、つぼみ、石原理央、JULIA、九重かんな、あべみかこ、椎名そら、三田杏、天野美優、美谷朱里、黒川すみれ、藍色なぎ、上川星空、双葉ゆず、渚みつき、枢木あおい、長濱もも、弥生みづき、椿ゆな、瀬野琴海、野々宮すず、中条あおい、跡美しゅり、有坂深雪、有季なお、咲々原リン、柊るい、立浪花恋、平沢すず、八乃つばさ、宇佐美みか、富田優衣、神谷千佳、石川祐奈、桐谷なお、山本エリカ、南ゆき、関根奈美、松岡玲奈、泉りおん、高杉麻里、麻里梨夏、河南実里、岬あずさ、永瀬ゆい、加賀美まり、岡本真憂、奏音かのん、夏原唯、河合ののか、夢咲ひなみ、茜はるか、志田雪奈、美保結衣、日向恵美、御坂りあ、加瀬ななほ、藤井林檎、咲乃小春、二宮ひかり,https://www.javbus.com/MIZD-185,
BMW-204 痙攣する膣奥に大量射精！ 射精直前の追撃ピストン中出しBEST,BMW-204 痙攣する膣奥に大量射精！ 射精直前の追撃ピストン中出しBEST,BMW-204,,2020-04-25,480分鐘,,ワンズファクトリー,WANZ,,合集、中出、4小時以上作品、高中女生、巨乳、DMM獨家,あべみかこ、佐々木あき、AIKA、桃瀬ゆり、きみと歩実、森苺莉、小谷みのり、はるのるみ、通野未帆、麻倉憂、愛須心亜、霧島さくら、緒川りお、三田杏、桜井彩、河南実里、優梨まいな、南田みさき、星奈あい、吉川あいみ、君島みお、波多野結衣、柊るい、根尾あかり、篠崎みお、栄川乃亜、姫川ゆうな、あおいれな、つぼみ、桐谷まつり、椎名そら、JULIA、相沢夏帆、有坂深雪、佐々木れい、佐久間恵美、神谷充希、篠崎かんな、岩瀬りな、深田えいみ、稲場るか、本田岬,https://www.javbus.com/BMW-204,
BMW-203 オトコの敏感スポット集中刺激！！ 乳首イジくり痴女責めラッシュ4時間,BMW-203 オトコの敏感スポット集中刺激！！ 乳首イジくり痴女責めラッシュ4時間,BMW-203,,2020-04-25,240分鐘,,ワンズファクトリー,WANZ,,蕩婦、口交、女上位、4小時以上作品、M男、DMM獨家、打手槍,深田えいみ、つぼみ、桐谷まつり、JULIA、長瀬麻美、高杉麻里、松本菜奈実、美谷朱里、AIKA、君島みお、桐嶋りの、倉多まお、枢木あおい、跡美しゅり、波多野結衣、八乃つばさ、篠田ゆう、蓮実クレア、星奈あい、北川エリカ、麻倉憂、神咲詩織、緒川りお、心花ゆら、枢木みかん、秋山祥子、相沢夏帆、河南実里、小谷みのり、椎名そら、凛音とうか、水野朝陽,https://www.javbus.com/BMW-203,
RBB-179 だめっ、もうやめて…イッちゃうからぁぁぁ！！ 抵抗できない女を無理やり犯して絶頂させる完全敗北。8時間,RBB-179 だめっ、もうやめて…イッちゃうからぁぁぁ！！ 抵抗できない女を無理やり犯して絶頂させる完全敗北。8時間,RBB-179,,2020-04-16,480分鐘,,ROOKIE,ROOKIE,,美少女、凌辱、4小時以上作品、DMM獨家,一ノ瀬菫、咲乃小春、葵つかさ、伊賀まこ、吉高寧々、神咲詩織、星野ナミ、姫野あやめ、川上奈々美、大島優香、倉木しおり、篠田ゆう、椎名そら、永瀬ゆい、あやみ旬果、美谷朱里、桃乃木かな、篠田れいこ、新井優香、星奈あい、つぼみ、咲々原リン、夢乃あいか、水樹璃子、黒崎みか、加藤沙季、赤瀬尚子、深田えいみ、桐谷まつり、乃木蛍、羽咲みはる、由愛可奈、明里つむぎ、坂道みる、愛須心亜、逢見リカ、JULIA、蓮実クレア、伊藤舞雪、初川みなみ、小島みなみ、岬あずさ、結城のの,https://www.javbus.com/RBB-179,
PPBD-181 2019年OPPAI作品コンプリートSEXラッシュBEST8時間,PPBD-181 2019年OPPAI作品コンプリートSEXラッシュBEST8時間,PPBD-181,,2020-04-16,480分鐘,,OPPAI,OPPAI,,蕩婦、乳交、合集、中出、4小時以上作品、巨乳、DMM獨家,Hitomi（田中瞳）、JULIA、桐谷まつり、吉根ゆりあ、有栖いおり、深田えいみ、奏音かのん、長瀬麻美、高岡美鈴、目黒めぐみ、凛音とうか、松永さな、あいだ飛鳥、泡沫ゆうき、深田結梨、桜庭ひかり、長峰河南、咲々原リン、香坂紗梨、鈴木さとみ、波多野結衣、倉多まお、高梨ゆあ、新井エリー（晶エリー、大沢佑香）、織田真子、赤瀬尚子、一ノ瀬菫、優月まりな、春菜はな、彩奈リナ（七原あかり）、葵百合香、真木今日子、永井マリア、稲場るか、石原理央、篠崎かんな、今井夏帆、松本菜奈実,https://www.javbus.com/PPBD-181,
DVAJ-452 大きさカタチすべて良し！スーパー神乳BEST20人,DVAJ-452 大きさカタチすべて良し！スーパー神乳BEST20人,DVAJ-452,,2020-04-12,300分鐘,神田うさぎ,アリスJAPAN,アリスJAPAN,,乳交、合集、戀乳癖、4小時以上作品、高畫質、巨乳、DMM獨家,JULIA、奥田咲、稲場るか、今井夏帆、香坂紗梨、麻美ゆま、篠田あゆみ、仁科百華、中村知恵、澁谷果歩、鷹宮ゆい、霧島さくら、斉藤みゆ、美里有紗、藤咲エレン、吉永あかね、長瀬麻美、みなせ優夏、春菜はな、君島みお,https://www.javbus.com/DVAJ-452,
MIZD-179 NTR 最愛の人が最低男に絶頂堕ちした胸糞映像集,MIZD-179 NTR 最愛の人が最低男に絶頂堕ちした胸糞映像集,MIZD-179,,2020-03-28,240分鐘,,ムーディーズ,MOODYZ Best,,第一人稱攝影、口交、合集、數位馬賽克、中出、4小時以上作品、出軌、DMM獨家,JULIA、根尾あかり、神宮寺ナオ、深田えいみ、森沢かな（飯岡かなこ）、AIKA、美谷朱里、星奈あい、黒川すみれ,https://www.javbus.com/MIZD-179,
BMW-202 絶対妊娠中出しして再び何度も中出し追姦レ×プBEST,BMW-202 絶対妊娠中出しして再び何度も中出し追姦レ×プBEST,BMW-202,,2020-03-28,240分鐘,,ワンズファクトリー,WANZ,,合集、凌辱、中出、4小時以上作品、DMM獨家、顏射,奏音かのん、JULIA、柊るい、深田えいみ、神宮寺ナオ、椎名そら、佐久間恵美、篠田ゆう、つぼみ、桐谷まつり、稲場るか、愛須心亜、渚みつき、佐々木れい,https://www.javbus.com/BMW-202,
RBB-177 いやぁ！！だめだめだめぇぇぇっ！！！！ 中出しを嫌がり必死に抵抗する女を完全絶望させる中出し8時間（RBB-177）,RBB-177 いやぁ！！だめだめだめぇぇぇっ！！！！ 中出しを嫌がり必死に抵抗する女を完全絶望させる中出し8時間（RBB-177）,RBB-177,,2020-03-14,480分鐘,,ROOKIE,ROOKIE,中出しを嫌がり必死に抵抗する女,合集、凌辱、中出、4小時以上作品、DMM獨家,一ノ瀬菫、咲乃小春、葵つかさ、伊賀まこ、永瀬ゆい、咲々原リン、蓮実クレア、星奈あい、姫野あやめ、美谷朱里、水樹璃子、桃乃木かな、椎名そら、吉高寧々、岬あずさ、神咲詩織、夢乃あいか、篠田ゆう、つぼみ、大島優香、初川みなみ、黒崎みか、星野ナミ、赤瀬尚子、あやみ旬果、羽咲みはる、由愛可奈、JULIA、加藤沙季、結城のの、坂道みる、愛須心亜、逢見リカ、乃木蛍、桐谷まつり、川上奈々美、倉木しおり、新井優香、小島みなみ、篠田れいこ、伊藤舞雪、明里つむぎ、深田えいみ、波多野結衣,https://www.javbus.com/RBB-177,
RBB-176 SSS級女優70人以上のSEXに溺れて気持ちヨガっている姿丸出し！美乳巨乳美尻巨尻のパーフェクトボディーセックス8時間,RBB-176 SSS級女優70人以上のSEXに溺れて気持ちヨガっている姿丸出し！美乳巨乳美尻巨尻のパーフェクトボディーセックス8時間,RBB-176,,2020-03-14,480分鐘,,ROOKIE,ROOKIE,ROOKIEベスト,口交、其他戀物癖、4小時以上作品、巨乳、DMM獨家,明日花キララ、葵つかさ、三原ほのか、本田岬、JULIA、希崎ジェシカ、七沢みあ、河南実里、枢木あおい、冬愛ことね、あべみかこ、霧島さくら、妃月るい、倉多まお、優梨まいな、美谷朱里、希島あいり、深田えいみ、永瀬ゆい、秋山祥子、八乃つばさ、葵、架乃ゆら、篠崎かんな、波多野結衣、あおいれな、つぼみ、麻里梨夏、栄川乃亜、永井みひな、小島みなみ、桐谷まつり、筧ジュン、湊莉久、伊賀まこ、天使もえ、松本菜奈実、坂道みる、水野朝陽、星奈あい、星宮一花、羽咲みはる、神宮寺ナオ、相沢みなみ、桜もこ、鈴木心春、川上奈々美、澁谷果歩、明里つむぎ、根尾あかり、稲場るか、渚みつき、君島みお、大浦真奈美、天海つばさ、桜空もも、松田美子、橋本ありな、笠木いちか、松下紗栄子、飛鳥りん、奥田咲、吉高寧々、加藤ももか、夢乃あいか、椎名そら、桐嶋りの、伊藤舞雪、有坂深雪、今井夏帆、鈴木さとみ、宝田もなみ、高杉麻里、篠田ゆう、佐々木あき、きみと歩実、凛音とうか、楓カレン,https://www.javbus.com/RBB-176,
PPBD-180 射精直前のおっぱい爆揺れバックピストンBEST120連発,PPBD-180 射精直前のおっぱい爆揺れバックピストンBEST120連発,PPBD-180,,2020-03-14,240分鐘,,OPPAI,OPPAI,,蕩婦、合集、戀乳癖、中出、4小時以上作品、巨乳、DMM獨家,玉木なるみ、浅田結梨、藤咲エレン、佐山愛、相沢夏帆、泡沫ゆうき、あいだ飛鳥、桐谷まつり、葵百合香、松永さな、河北麻衣、ましろ杏、咲々原リン、風間ゆみ、凛音とうか、永井れいな、宝生リリー、長峰河南、白川サユ、百瀬とあ、美国沙耶、波多野結衣、時多しほり、今井夏帆、森ほたる、鈴木さとみ、八乃つばさ、篠田ゆう、香坂紗梨、浅井梨杏、推川ゆうり、美咲りおな、千早菜奈、涼木奏、高杉麻里、華咲じゅら、宝田もなみ、椎葉みくる、若菜奈央、桜井彩、逢坂はるな、めぐり（藤浦めぐ）、神咲詩織、小西悠、中村知恵、君島みお、倉多まお、一ノ瀬菫、目黒めぐみ、織田真子、高梨ゆあ、稲場るか、石原理央、吉根ゆりあ、松本菜奈実、神咲紗々、小向美奈子、JULIA、水野朝陽、Hitomi（田中瞳）、NAOMI、本田岬、清城ゆき、岡沢リナ、平真凛、篠崎かんな、白石りん、冴木りつ、真白ここ、春菜はな、霧島さくら、三原ほのか、新井エリー（晶エリー、大沢佑香）,https://www.javbus.com/PPBD-180,
BMW-200 「もうイッてるってばぁ！」状態で何度も中出し！ 240分総集編,BMW-200 「もうイッてるってばぁ！」状態で何度も中出し！ 240分総集編,BMW-200,,2020-02-29,240分鐘,,ワンズファクトリー,WANZ,「もうイッてるってばぁ！」状態で何度も中出し！,潮吹、合集、乳房、中出、4小時以上作品、立即口交、DMM獨家,桐谷まつり、JULIA、つぼみ、愛須心亜、深田えいみ、椎名そら,https://www.javbus.com/BMW-200,
BMW-199 2019年作品完全コンプリート 中出しSEXベスト8時間,BMW-199 2019年作品完全コンプリート 中出しSEXベスト8時間,BMW-199,,2020-02-29,480分鐘,,ワンズファクトリー,WANZ,,濫交、合集、中出、4小時以上作品、巨乳、DMM獨家,高杉麻里、つぼみ、波多野結衣、椎名そら、秋山祥子、稲場るか、渚みつき、新井エリー（晶エリー、大沢佑香）、岬あずさ、松本菜奈実、有坂深雪、有村のぞみ、松永さな、葉月桃、通野未帆、加瀬ななほ、篠崎かんな、加賀美まり、愛須心亜、星奈あい、神咲詩織、深田えいみ、AIKA、茜はるか、美谷朱里、柊るい、長瀬麻美、奏音かのん、赤瀬尚子、今井夏帆、凛音とうか、北川エリカ、永瀬ゆい、篠田ゆう、JULIA、枢木あおい、八乃つばさ、佐々木れい、神宮寺ナオ、初乃ふみか、桐谷まつり、佐久間恵美、根尾あかり,https://www.javbus.com/BMW-199,
MIZD-176 射精直前 嫌がる女を絶頂するまで●すレ×プ88連発,MIZD-176 射精直前 嫌がる女を絶頂するまで●すレ×プ88連発,MIZD-176,,2020-02-29,480分鐘,,ムーディーズ,MOODYZ Best,,合集、美少女、數位馬賽克、凌辱、中出、4小時以上作品、高中女生、DMM獨家,根尾あかり、水卜さくら、七沢みあ、神宮寺ナオ、篠田ゆう、御坂りあ、緒川りお、今井真由美、つぼみ、黒川すみれ、有坂深雪、彩葉みおり、碧しの（篠めぐみ）、小澤まな、高杉麻里、阿部栞菜、君島みお、香椎りあ、河南実里、姫川ゆうな、冬月かえで、椎名そら、佐々木あき、初川みなみ、永井みひな、関根奈美、愛須心亜、星奈あい、桐谷なお、水野朝陽、優梨まいな、桜井彩、心花ゆら、あべみかこ、成海夏季、明海こう（小泉まり）、涼海みさ、秋山祥子、神咲詩織、広瀬うみ、麻里梨夏、きみと歩実、JULIA、九重かんな、美谷朱里、香苗レノン、蓮実クレア、大浦真奈美、栄川乃亜、藍川美夏、八乃つばさ、渚みつき、二宮ひかり、宝田もなみ、永瀬ゆい,https://www.javbus.com/MIZD-176,
PPBD-178 射精寸前の超快感パイズリラッシュ100連発 オッパイでいっぱいイッちゃいな挟射スペシャルVol.2,PPBD-178 射精寸前の超快感パイズリラッシュ100連発 オッパイでいっぱいイッちゃいな挟射スペシャルVol.2,PPBD-178,,2020-02-15,240分鐘,,OPPAI,OPPAI,射精寸前の超快感パイズリラッシュ100連発,乳交、戀乳癖、4小時以上作品、超乳、巨乳、DMM獨家,Hitomi（田中瞳）、JULIA、桐谷まつり、吉根ゆりあ、松永さな、一ノ瀬菫、香坂紗梨、八乃つばさ、百瀬とあ、赤瀬尚子、優月まりな、春菜はな、彩奈リナ（七原あかり）、葵百合香、鈴木さとみ、真木今日子、咲々原リン、風間ゆみ、織田真子、新井エリー（晶エリー、大沢佑香）、目黒めぐみ、佐山愛、君島みお、篠崎かんな、松本菜奈実、凛音とうか、美国沙耶、今井夏帆、永井千里、高梨ゆあ、神咲詩織、神咲紗々、椎葉みくる、藤咲エレン、華咲じゅら、羽生ありさ、めぐり（藤浦めぐ）、本田岬、あいだ飛鳥、平真凛、倉多まお、涼木奏、河音くるみ、吹石れな、霧島さくら、香椎りあ、宝田もなみ、篠田ゆう、水野朝陽、西條るり、尾上若葉、桜ちなみ、澁谷果歩、斉藤みゆ、吉川あいみ、笹倉杏、三島奈津子、岡沢リナ、小向美奈子、玉木なるみ,https://www.javbus.com/PPBD-178,
PPBD-177 高級ランジェリー販売員の誘惑セールス術総集編240分,PPBD-177 高級ランジェリー販売員の誘惑セールス術総集編240分,PPBD-177,,2020-02-15,240分鐘,,OPPAI,OPPAI,高級ランジェリー販売員の誘惑セールス術,蕩婦、乳交、合集、4小時以上作品、巨乳、DMM獨家、內衣,JULIA、凛音とうか、あいだ飛鳥、桐谷まつり、織田真子、吉根ゆりあ,https://www.javbus.com/PPBD-177,
RBB-175 美しいカラダ。形良し大きさ良し乳首良し！！ これぞまさに神乳8時間（RBB-175）,RBB-175 美しいカラダ。形良し大きさ良し乳首良し！！ これぞまさに神乳8時間（RBB-175）,RBB-175,,2020-02-15,480分鐘,,ROOKIE,ROOKIE,神乳○時間,蕩婦、苗條、乳房、4小時以上作品、巨乳、DMM獨家,三上悠亜、筧ジュン、今井夏帆、ひなたまりん、夢乃あいか、凛音とうか、高梨ゆあ、神咲詩織、AIKA、西垣るか、小早川怜子、深田えいみ、水野朝陽、君島みお、松本菜奈実、日向うみ、稲場るか、JULIA、河北麻衣、彩葉みおり、秋山祥子、水卜さくら、桐谷まつり、乃木蛍、奥田咲、大浦真奈美、相沢夏帆、Hitomi（田中瞳）、松田莉緒、夕美しおん、泉ゆり、羽咲みはる、琴宮リオナ、天使もえ、逢見リカ、星宮一花、夏希まろん、琴井しほり、愛乃はるか、真白真緒、松永さな、天海つばさ、希崎ジェシカ、八乃つばさ、篠崎かんな、黒川サリナ、桜空もも、あやみ旬果、益坂美亜、RION、星野ナミ、葵、桃乃木かな,https://www.javbus.com/RBB-175,
MIZD-173 スレンダー美女がぶっ壊れる大大大痙攣SEX50連発！,MIZD-173 スレンダー美女がぶっ壊れる大大大痙攣SEX50連発！,MIZD-173,,2020-02-08,240分鐘,,ムーディーズ,MOODYZ Best,,苗條、潮吹、合集、美少女、4小時以上作品、DMM獨家,七沢みあ、渚みつき、有坂深雪、小園梨央、咲々原リン、陸畑ひなの、藤井林檎、御坂りあ、君島みお、永瀬ゆい、深田えいみ、AIKA、小谷みのり、山本エリカ、小澤まな、森沢かな（飯岡かなこ）、瞳ひかる、琴爪あおい、平沢すず、香苗レノン、二宮ひかり、美谷朱里、黒川すみれ、有季なお、星奈あい、あべみかこ、初川みなみ、宮村ななこ、秋山祥子、八乃つばさ、冬月かえで、あおいれな、椎名そら、白雪心々奈、山川ゆな、JULIA、つぼみ,https://www.javbus.com/MIZD-173,
MIZD-174 終わらない追撃ピストンでイキ果てるオンナ！集団輪●レ×プ42連発,MIZD-174 終わらない追撃ピストンでイキ果てるオンナ！集団輪●レ×プ42連発,MIZD-174,,2020-02-08,240分鐘,,ムーディーズ,MOODYZ Best,,拘束、4小時以上作品、高中女生、巨乳、DMM獨家,高橋しょう子、水卜さくら、七沢みあ、由愛可奈、香苗レノン、秋山祥子、君島みお、河南実里、栄川乃亜、きみと歩実、麻里梨夏、優梨まいな、桐谷なお、篠田ゆう、宝田もなみ、神宮寺ナオ、美谷朱里、高杉麻里、大浦真奈美、八乃つばさ、跡美しゅり、岬あずさ、つぼみ、咲乃小春、二宮ひかり、愛須心亜、椎名そら、有坂深雪、永井みひな、渚みつき、JULIA、星奈あい、黒川すみれ、松本菜奈実、稲場るか、永瀬ゆい、根尾あかり、深田えいみ、九重かんな,https://www.javbus.com/MIZD-174,
REBD-443 REbecca STARS7-The sweets-,REBD-443 REbecca STARS7-The sweets-,REBD-443,,2020-02-06,185分鐘,,REbecca,REbecca,REbecca STARS,介紹影片、性感的、高畫質,JULIA、橋本ありな、架乃ゆら、松本菜奈実、伊藤舞雪、小倉由菜、鈴村あいり、本庄鈴、春菜はな、霧島さくら,https://www.javbus.com/REBD-443,
PBD-363 総額1000万円超！夢の極上美女プレミアム風俗へようこそ。,PBD-363 総額1000万円超！夢の極上美女プレミアム風俗へようこそ。,PBD-363,,2020-02-01,240分鐘,,プレミアム,PREMIUM BEST,,口交、合集、妓女、姐姐、數位馬賽克、乳液、4小時以上作品、巨乳、DMM獨家,朝日奈るみな（芽森しずく）、穂高ゆうき、桜井あゆ、NAOMI、佐々木あき、麻里梨夏、河南実里、川村まや、湊莉久、早川瀬里奈、蓮実クレア、有坂深雪、かすみ果穂、篠田あゆみ、佐山愛、鈴木真夕、椎名ゆな、浜崎真緒、泉ののか、若菜奈央、八乃つばさ、JULIA、大場ゆい、宇垣ちさと、AIKA、川菜美鈴、卯水咲流、里美ゆりあ、富田優衣,https://www.javbus.com/PBD-363,
BMW-198 超快感で射精させられちゃう！発射直前 凄テクフェラチオ100連発,BMW-198 超快感で射精させられちゃう！発射直前 凄テクフェラチオ100連発,BMW-198,,2020-01-25,240分鐘,,ワンズファクトリー,WANZ,,蕩婦、口交、合集、4小時以上作品、顏射、DMM獨家、吞精,椎名そら、姫川ゆうな、佐々木あき、松嶋葵、本田岬、波多野結衣、森苺莉、河南実里、桐谷なお、宮沢ゆかり、あず希、向井藍、山川ゆな、緒川りお、星咲セイラ、通野未帆、桜井彩、めぐり（藤浦めぐ）、新井エリー（晶エリー、大沢佑香）、篠田ゆう、麻里梨夏、立花瑠莉、若菜奈央、栄川乃亜、小西悠、宮崎あや、きみと歩実、桐嶋りの、君島みお、永瀬ゆい、麻倉憂、つぼみ、碧しの（篠めぐみ）、天月叶菜、AIKA、稲場るか、有村のぞみ、加賀美まり、仲間明日香、春菜はな、優梨まいな、美谷朱里、岩瀬りな、神谷充希、JULIA、有坂深雪、高杉麻里、富田優衣、永井みひな、関根奈美、森川アンナ、水稀みり、跡美しゅり、桃瀬ゆり、鈴木心春、ましろ杏、小澤まな、八乃つばさ、茜はるか、深田えいみ、篠崎かんな、星奈あい、愛須心亜,https://www.javbus.com/BMW-198,
BMW-197 男汁ぶっかけ痴●バス 300発ザーメン凌●BEST,BMW-197 男汁ぶっかけ痴●バス 300発ザーメン凌●BEST,BMW-197,,2020-01-25,240分鐘,,ワンズファクトリー,WANZ,男汁ぶっかけ痴●バス,合集、中出、4小時以上作品、高中女生、DMM獨家、顏射,JULIA、永瀬ゆい、椎名そら、渚みつき、篠田ゆう,https://www.javbus.com/BMW-197,
PPBD-176 射精直前 無理矢理挟ませる強●パイズリ42連発,PPBD-176 射精直前 無理矢理挟ませる強●パイズリ42連発,PPBD-176,,2020-01-16,240分鐘,,OPPAI,OPPAI,,乳交、合集、凌辱、中出、4小時以上作品、巨乳、DMM獨家,JULIA、Hitomi（田中瞳）、水野朝陽、浅田結梨、めぐり（藤浦めぐ）、桐谷まつり、今井夏帆、波多野結衣、相沢夏帆、推川ゆうり、君島みお、神咲詩織、佐山愛、中村知恵,https://www.javbus.com/PPBD-176,
MKCK-249 イッた直後に激突き再開する巨乳限定乳痙攣イキBEST 追撃ピストン60本番8時間,MKCK-249 イッた直後に激突き再開する巨乳限定乳痙攣イキBEST 追撃ピストン60本番8時間,MKCK-249,,2020-01-11,480分鐘,,E-BODY,E-BODY,,合集、花癡、女上位、4小時以上作品、巨乳、DMM獨家,大原ゆりあ、稲場るか、吉根ゆりあ、今井夏帆、JULIA、結月恭子、並樹ひかり、クロエ、RION、水澤りこ、武田真、水川かずは、深田ナナ、八神さおり、佐倉ねね、三島奈津子、AIKA、NAOMI、鈴木真夕、美竹すず、美国沙耶、桃瀬友梨奈、朝倉凪、羽月希、汐音まり、海乃うた、朝比奈しの、双葉りか、白石めい、松沢薫、須崎まどか、朝倉桃菜、青澤えみり、雪美千夏、美雲あい梨、水咲カレン、音羽美玲、東城ななせ、松田莉緒、明望萌衣、宝田もなみ、岩瀬りな、雛鶴みお、麻見ももか、須原のぞみ、相沢夏帆、茜みなと,https://www.javbus.com/MKCK-249,
MIZD-169 射精直前 超美尻バックピストン絶頂100連発,MIZD-169 射精直前 超美尻バックピストン絶頂100連発,MIZD-169,,2020-01-11,480分鐘,,ムーディーズ,MOODYZ Best,,合集、屁股、數位馬賽克、中出、4小時以上作品、巨尻、高中女生、DMM獨家,涼海みさ、成海夏季、栄川乃亜、桜井彩、JULIA、神咲詩織、平沢すず、九重かんな、初川みなみ、深田えいみ、土谷まな、MIRANO、五十嵐星蘭、生田みく、阿部乃みく、椎名そら、愛須心亜、高杉麻里、有坂深雪、麻里梨夏、永瀬ゆい、美谷朱里、根尾あかり、黒川すみれ、姫川ゆうな、星奈あい、二宮ひかり、水卜さくら、山井すず、凛音とうか、桐谷なお、枢木あおい、きみと歩実、つぼみ、日向恵美、今井夏帆、天野美優、坂咲みほ、水野朝陽、二階堂ゆり、若菜奈央、倉多まお、神宮寺ナオ、永井みひな、彩葉みおり、志田雪奈、八乃つばさ、七沢みあ、篠田ゆう、大浦真奈美、相沢夏帆、波多野結衣、藤波さとり、緒奈もえ、秋山祥子、岬あずさ、河北はるな、関根奈美,https://www.javbus.com/MIZD-169,
MIZD-167 男が潮吹いたりすんげぇ発射しちゃう！女神の痴女テク41発4時間,MIZD-167 男が潮吹いたりすんげぇ発射しちゃう！女神の痴女テク41発4時間,MIZD-167,,2019-12-22,240分鐘,,ムーディーズ,MOODYZ Best,女神の痴女テク,蕩婦、潮吹、合集、數位馬賽克、4小時以上作品、DMM獨家、打手槍,宮沢ゆかり、麻里梨夏、君島みお、AIKA、JULIA、佐久間恵美、稲場るか、森川アンナ、跡美しゅり、鈴木さとみ、凛音とうか、つぼみ、篠田ゆう、佐々木あき、波多野結衣、本田岬、大槻ひびき、桐嶋りの、星奈あい、阿部乃みく、美谷朱里、蓮実クレア、日向うみ、坂咲みほ、平沢すず、優梨まいな、愛乃はるか、春菜はな、倉多まお、初川みなみ、深田えいみ、椎名そら、倉持りん（望月さくら）,https://www.javbus.com/MIZD-167,
BMW-196 嫌がる女に孕ませバック中出し！BEST 最も妊娠しやすい体位NO.1で犯す！,BMW-196 嫌がる女に孕ませバック中出し！BEST 最も妊娠しやすい体位NO.1で犯す！,BMW-196,,2019-12-22,480分鐘,,ワンズファクトリー,WANZ,,合集、美少女、凌辱、中出、4小時以上作品、DMM獨家,つぼみ、永瀬ゆい、稲場るか、桐谷まつり、JULIA、愛須心亜、宝田もなみ、三田杏、星奈あい、佐々木あき、高杉麻里、永井みひな、倉多まお、君島みお、有坂深雪、佐久間恵美、富田優衣、日向うみ、枢木あおい、松永さな、篠田ゆう、八乃つばさ、通野未帆、渚みつき、麻倉憂、あいだ飛鳥、仲間明日香、椎名そら、初乃ふみか、波多野結衣,https://www.javbus.com/BMW-196,
RBB-171 スタイル良し！美尻・美乳！カメコ大興奮！ 超えっちなコスプレイヤー50人8時間,RBB-171 スタイル良し！美尻・美乳！カメコ大興奮！ 超えっちなコスプレイヤー50人8時間,RBB-171,,2019-12-14,480分鐘,,ROOKIE,ROOKIE,,角色扮演、合集、4小時以上作品、DMM獨家,桃園みらい、めぐり（藤浦めぐ）、白井ゆずか、つぼみ、JULIA、夢乃あいか、乃木蛍、優月心菜、一星キメラ、佳苗るか、あやね遥菜、深田ナナ、心花ゆら、宝生リリー、RION、八乃つばさ、栄川乃亜、あず希、波多野結衣、椎名そら、姫乃はる、Hitomi（田中瞳）、桜もこ、なつめ愛莉、あべみかこ、篠宮ゆり、武藤つぐみ、葵、吉川いと、ティア、北川エリカ、白石みお（白石未央）、愛須心亜、天使もえ、星空もあ、稀夕らら、桃瀬友梨奈、篠田あゆみ、七沢みあ、三原ほのか、相沢夏帆、枢木あおい、宮崎あや、芦田知子、倉多まお、阿部乃みく、吉川あいみ、生田みく、益坂美亜、松本菜奈実,https://www.javbus.com/RBB-171,
PPBD-174 絶叫イキまくり痙攣反り！！追撃ピストン性感刺激オイルマッサージSEX,PPBD-174 絶叫イキまくり痙攣反り！！追撃ピストン性感刺激オイルマッサージSEX,PPBD-174,,2019-12-14,240分鐘,,OPPAI,OPPAI,,花癡、中出、4小時以上作品、美容院、按摩、巨乳、DMM獨家,桐谷まつり、Hitomi（田中瞳）、JULIA、今井夏帆、笹倉杏、君島みお、真白ここ、水野朝陽、玉木なるみ、めぐり（藤浦めぐ）、美咲りおな、あいだ飛鳥、松本菜奈実,https://www.javbus.com/PPBD-174,
MKCK-247 巨乳、美尻、スレンダー、肉感、カラダにこだわるE-BODY史850作から厳選300人オールSEX24時間,MKCK-247 巨乳、美尻、スレンダー、肉感、カラダにこだわるE-BODY史850作から厳選300人オールSEX24時間,MKCK-247,,2019-12-07,1438分鐘,,E-BODY,E-BODY,,苗條、合集、16時間以上作品、巨尻、巨乳、DMM獨家,風間ゆみ、加山なつこ、かすみ果穂、山本さゆり、川嶋明香莉、如月愛、梨杏なつ、真田美樹、滝沢ななお、岡沢リナ、鈴木真夕、一条綺美香、宇多田あみ、綾川まどか、彩奈リナ（七原あかり）、鈴村いろは、宝田もなみ、濱口えな、真白ここ、喜山エリカ、清城ゆき、結月恭子、みずしの葉月、東条蒼、仲西なつき、深田ナナ、彩音かのん、堀越なぎさ、安達かすみ、早川真白、石倉沙緒里、桃乃誉、朝倉桃菜、佐倉ねね、青澤えみり、雪染ちな、後藤里香、佐伯ゆきな、はるか奏、新美もも、奥田かなえ、浜田理丘、果瀬はるな、大島ひな、百合川さら、若菜奈央、岩本純奈、小澤まな、美咲ゆう、能美ちなつ、鈴森ローサ、佐々木れい、前田朱里、仲間明日香、響レミ、城田アンナ、森川アンナ、鈴森ひなた、綾瀬ゆの、須崎まどか、雛鶴みお、水澤りこ、原千草、佐々木エリー、若槻みづな、椎葉みくる、生成うい、並樹ひかり、有村のぞみ、リリィ、橋本あんな、吹石れな、松坂美紀、高丘大空、西条沙羅、水野朝陽、白石めい、小此木ひなの、小椋かをり、井上みわ、松野朱里、水稀みり、三島奈津子、山手栞、松永さな、堺希美、咲楽アンナ、百々谷りあ、司ミコト、加納芽衣、沖田奈々、松田莉緒、鈴木心春、美雲あい梨、東城ななせ、朝倉凪、雪美千夏、吉根ゆりあ、七瀬リナ、友光夏華、須原のぞみ、天音響、八束みこと、羽海野まお、大浦真奈美、君島まりや、相美ゆな、双葉ゆず、周防ゆきこ、AIKA、ティア、上原亜衣、茜あずさ、蓮実クレア、赤井美月、北川エリカ、めぐり（藤浦めぐ）、結城かずは、JULIA、椎名ゆな、サリー、波多野結衣、乃美智香、希咲エマ（HARUKI、加藤はる希）、井上愛唯、仲村茉莉恵、笹本梓、泡沫ゆうき、佐久間恵美、相澤ゆりな、美国沙耶、福田沙耶、本田岬、稲場るか、岩佐萌、吉川あいみ、杏、相沢夏帆、八神さおり、桜乃ゆいな、篠田あゆみ、水城唯、三喜本のぞみ、NAOMI、星野ひびき、胡桃華、手塚ひかり、明望萌衣、双葉良香、美竹すず、白木エレン、大澤愛美、水川かずは、水川かえで、クロエ、徳永亜美、汐音まり、浅井梨杏、尾崎ののか、中村推菜、霧島さくら、海乃うた、なつき、篠崎ゆう、凛音とうか、鈴木明那、藤井美琴、祈里きすみ、亜麻里りりす、谷山智美、麻見ももか、宇佐木もも、音無レナ、藤白はな、片平あかね、里中結衣、岩瀬りな、AYU、宮森なほ、清塚那奈、ゆいの、日向うみ、小倉多絵、ケイラ、島崎麻友、美咲りおな、音羽美玲、松沢薫、茜みなと、蒼星ユリ、皆川エレナ、長峰河南、朝比奈しの、ほしの景子、今井夏帆、松本菜奈実、長谷川由香、日向菜々子、メイメイ、さとう愛理、本田莉子、佐伯なるみ、たかなみ花蓮、逢沢はるか（黒木琴音）、林ゆな、青山茉利奈、青野セイラ、七草ちとせ、蒼井楓、浜崎なお、沢尻真未,https://www.javbus.com/MKCK-247,
BMW-194 中出し1000発8時間,BMW-194 中出し1000発8時間,BMW-194,,2019-11-23,479分鐘,,ワンズファクトリー,WANZ,,濫交、合集、美少女、中出、4小時以上作品、巨乳、DMM獨家,つぼみ、川上ゆう（森野雫）、大槻ひびき、波多野結衣、阿由葉あみ、関根奈美、小西悠、麻里梨夏、桜井彩、枢木あおい、あず希、神谷充希、栄川乃亜、姫川ゆうな、水野朝陽、福咲れん、柳あきら、山川ゆな、高杉麻里、立花瑠莉、佐々木あき、吉川あいみ、三田杏、永井みひな、推川ゆうり、若菜奈央、西田カリナ、若槻みづな、星あんず、宮沢ゆかり、愛瀬美希、神宮寺ナオ、唯川希、宝田もなみ、椎名そら、紗々原ゆり、河南実里、小谷みのり、清城ゆき、真白ここ、桐谷なお、通野未帆、松嶋葵、松本メイ、森川アンナ、佳苗るか、小澤まな、春菜はな、麻倉憂、JULIA、めぐり（藤浦めぐ）、蓮実クレア、緒川りお、篠田ゆう、AIKA、朝倉ことみ、枢木みかん、本田岬、倉多まお、南梨央奈、北川エリカ、きみと歩実、霧島さくら、富田優衣、星咲伶美、花咲いあん、妃月るい、香苗レノン、さとう愛理、二宮和香、はるのるみ、星奈あい、森苺莉、桐谷まつり、八乃つばさ、岩瀬りな、山井すず、君島みお、森下美怜、有坂深雪、竹内真琴、優梨まいな、仲間明日香、百合華、あおいれな、桃瀬ゆり、向井藍、阿部栞菜、佐久間恵美、美谷朱里、心花ゆら、跡美しゅり、二階堂ゆり、涼川絢音、皆月ひかる、篠崎みお、早川瑞希、茜はるか、逢坂はるな、星咲セイラ、あべみかこ、笹倉杏、日向うみ、宮崎あや,https://www.javbus.com/BMW-194,
MMXD-025 ワケあり本物アイドル、現役グラドル、素人JDまで一挙収録 いいなり制服美少女23人 完全穢しまくり撮り,MMXD-025 ワケあり本物アイドル、現役グラドル、素人JDまで一挙収録 いいなり制服美少女23人 完全穢しまくり撮り,MMXD-025,,2019-11-23,240分鐘,,未満,未満,,4小時以上作品、猥褻穿著、高中女生、DMM獨家,永瀬ゆい、稲場るか、小栗もなか、桐谷まつり、伊賀まこ、石原理央、神咲詩織、高梨ゆあ、あやみ旬果、白石めい、JULIA、雛鶴みお、柊るい、永井すみれ、御坂恵衣,https://www.javbus.com/MMXD-025,
BMW-193 毎日乳揺れSEX三昧！31人の爆乳美女と夢の日替わり中出し生活8時間,BMW-193 毎日乳揺れSEX三昧！31人の爆乳美女と夢の日替わり中出し生活8時間,BMW-193,,2019-11-23,479分鐘,,ワンズファクトリー,WANZ,,合集、姐姐、中出、女上位、4小時以上作品、巨乳、DMM獨家,JULIA、桐谷まつり、篠崎かんな、神咲詩織、若菜奈央、めぐり（藤浦めぐ）、逢坂はるな、桜井彩、涼川絢音、緒川りお、ましろ杏、河南実里、本田岬、八乃つばさ、きみと歩実、君島みお、桐嶋りの、真白ここ、桐谷なお、鈴木心春、春菜はな、森川アンナ、笹倉杏、椎名そら、篠田ゆう、高杉麻里、美谷朱里、AIKA、北川エリカ、水野朝陽、吉川あいみ,https://www.javbus.com/BMW-193,
PPBD-171 パイズリと生ハメで精子を搾り取る巨乳痴女34人4時間,PPBD-171 パイズリと生ハメで精子を搾り取る巨乳痴女34人4時間,PPBD-171,,2019-11-14,240分鐘,,OPPAI,OPPAI,,蕩婦、乳交、合集、中出、4小時以上作品、巨乳、DMM獨家,JULIA、小西みか、玉木くるみ、本田岬、葵百合香、咲々原リン、河北麻衣、百瀬とあ、篠田ゆう、桐谷まつり、日向うみ、浅美結花、泉ののか、相澤ゆりな、安田亜衣、篠崎かんな、凛音とうか、永井れいな、君島みお、佐山愛、清城ゆき、神咲詩織、平真凛、Hitomi（田中瞳）、春菜はな、波多野結衣、優月まりな、華咲じゅら、藤咲エレン、音羽美玲、涼木奏、成海さやか、浅井梨杏、三島奈津子,https://www.javbus.com/PPBD-171,
PPBD-172 絶頂状態の敏感おっぱいを揉みまくる怒涛の追撃ピストンBEST,PPBD-172 絶頂状態の敏感おっぱいを揉みまくる怒涛の追撃ピストンBEST,PPBD-172,,2019-11-14,240分鐘,,OPPAI,OPPAI,,合集、戀乳癖、乳房、中出、4小時以上作品、巨乳、DMM獨家,JULIA、玉木なるみ、浅田結梨、佐山愛、宝生リリー、凛音とうか、泡沫ゆうき、あいだ飛鳥、水城奈緒、若菜奈央、桜井彩、本田岬、岡沢リナ、Hitomi（田中瞳）、松本菜奈実、鈴木さとみ、八乃つばさ、ましろ杏、桐谷まつり、稲場るか、倉多まお、三原ほのか、美作いのり、小西悠、めぐり（藤浦めぐ）、NAOMI、神咲詩織、霧島さくら、平真凛、君島みお、春菜はな、水野朝陽、神咲紗々,https://www.javbus.com/PPBD-172,
BMW-192 美しい顔面がドッロドロ！ザーメンぶっかけ300連発！！,BMW-192 美しい顔面がドッロドロ！ザーメンぶっかけ300連発！！,BMW-192,,2019-10-26,240分鐘,,ワンズファクトリー,WANZ,,口交、合集、美少女、4小時以上作品、巨乳、DMM獨家、顏射,あべみかこ、篠崎みお、小野寺梨紗、つぼみ、加賀美まり、波多野結衣、星奈あい、優梨まいな、椎名そら、三田杏、神宮寺ナオ、桐谷まつり、有村のぞみ、北川エリカ、愛須心亜、篠田ゆう、茜はるか、JULIA,https://www.javbus.com/BMW-192,
MIZD-159 射精だけじゃつまらない！ チ●ポの反応に興奮する痴女の追撃男潮吹き240分,MIZD-159 射精だけじゃつまらない！ チ●ポの反応に興奮する痴女の追撃男潮吹き240分,MIZD-159,,2019-10-26,240分鐘,,ムーディーズ,MOODYZ Best,,蕩婦、口交、合集、數位馬賽克、4小時以上作品、M男、DMM獨家、打手槍,倉持りん（望月さくら）、宮沢ゆかり、麻里梨夏、JULIA、深田えいみ、桐嶋りの、鈴木さとみ、つぼみ、佐々木あき、波多野結衣、大槻ひびき、本田岬、君島みお、稲場るか、星奈あい、篠田ゆう、AIKA、桜井彩、凛音とうか,https://www.javbus.com/MIZD-159,
BMW-191 イッても終わらない追撃ハードピストン！性感オイルマッサージ反りイキ痙攣SEX中出しBEST,BMW-191 イッても終わらない追撃ハードピストン！性感オイルマッサージ反りイキ痙攣SEX中出しBEST,BMW-191,,2019-10-26,240分鐘,,ワンズファクトリー,WANZ,,合集、花癡、拘束、中出、4小時以上作品、美容院、按摩、DMM獨家,JULIA、つぼみ、麻倉憂、椎名そら、卯水咲流、篠崎かんな、水谷心音（藤崎りお）、西田カリナ、桜井彩、あおいれな、たかせ由奈、篠崎みお、森苺莉、栄川乃亜、あべみかこ、佐々木あき、跡美しゅり、霧島さくら、星咲セイラ、神宮寺ナオ、三田杏、有坂深雪、逢坂はるな,https://www.javbus.com/BMW-191,
MIZD-160 本番禁止のお店でまさかまさかのこっそり過激30本番サービスBEST,MIZD-160 本番禁止のお店でまさかまさかのこっそり過激30本番サービスBEST,MIZD-160,,2019-10-26,240分鐘,,ムーディーズ,MOODYZ Best,,口交、合集、妓女、數位馬賽克、4小時以上作品、美容院、巨乳、DMM獨家,美国沙耶、笹倉杏、柏木もも、JULIA、小島みなみ、蓮実クレア、三原ほのか、桐嶋りの、凛音とうか、平沢すず、大槻ひびき、星奈あい、七沢みあ、つぼみ、若菜奈央、水卜さくら、美谷朱里、高橋しょう子、初川みなみ、深田えいみ、栄川乃亜、君島みお、神谷充希、神宮寺ナオ、枢木あおい、椎名そら、篠田ゆう,https://www.javbus.com/MIZD-160,
PPBD-170 射精寸前の超イクイクおっぱい爆揺れピストンラッシュ中出し100連発,PPBD-170 射精寸前の超イクイクおっぱい爆揺れピストンラッシュ中出し100連発,PPBD-170,,2019-10-12,240分鐘,,OPPAI,OPPAI,,花癡、中出、4小時以上作品、超乳、巨乳、DMM獨家,JULIA、Hitomi（田中瞳）、桐谷まつり、松本菜奈実、百瀬とあ、松永さな、波多野結衣、八乃つばさ、稲場るか、高梨ゆあ、今井夏帆、あいだ飛鳥、凛音とうか、泡沫ゆうき、香坂紗梨、河北麻衣、咲々原リン、宝生リリー、黒川サリナ、君島みお、浅井梨杏、篠崎かんな、逢坂はるな、岡沢リナ、玉木なるみ、白石りん、神咲紗々、平真凛、神咲詩織、佐山愛、高杉麻里、時多しほり、美国沙耶、篠田ゆう、春菜はな、霧島さくら、森ほたる、桜井彩、若菜奈央、NAOMI、浅田結梨、水野朝陽、小西悠、中村知恵、相沢夏帆、本田岬、めぐり（藤浦めぐ）,https://www.javbus.com/PPBD-170,
RBB-167 中はっ、中はだめぇぇぇっ！！！望まない生セックス 絶望させる強制中出し8時間,RBB-167 中はっ、中はだめぇぇぇっ！！！望まない生セックス 絶望させる強制中出し8時間,RBB-167,,2019-10-12,480分鐘,,ROOKIE,ROOKIE,,合集、多P、中出、4小時以上作品、DMM獨家,星咲マイカ、枢木あおい、あいだ飛鳥、河北麻衣、希崎ジェシカ、相沢夏帆、阿部栞菜、あべみかこ、永井みひな、宝生リリー、神宮寺ナオ、天海つばさ、羽田つばさ、有坂深雪、美谷朱里、八乃つばさ、JULIA、高杉麻里、君島みお、星奈あい、麻倉憂、神咲詩織、宝田もなみ、希島あいり、神谷充希、あおいれな、桐嶋りの、波多野結衣、姫川ゆうな、椎名そら、中村知恵、小谷みのり、森苺莉、栄川乃亜、音ノ木さくら、佐山愛、山岸逢花、仲間明日香、山元あや、浅田結梨、Hitomi（田中瞳）、藤咲エレン、佐倉ねね、つぼみ、桜井彩、逢坂はるな、宇垣ちさと、佐々木あき、桜井まほ、跡美しゅり、河南実里、きみと歩実、ティア,https://www.javbus.com/RBB-167,
MKCK-243 全員Jcup以上！スーパーメガトン級のモンスター爆乳29人オール本番ベスト,MKCK-243 全員Jcup以上！スーパーメガトン級のモンスター爆乳29人オール本番ベスト,MKCK-243,,2019-10-06,480分鐘,,E-BODY,E-BODY,,乳交、合集、戀乳癖、4小時以上作品、超乳、巨乳、DMM獨家,深田ナナ、菅野みいな、塚田詩織、堀北七海、綾瀬みなみ、桜木美央、姫野ゆうり、弘前かな、吉根ゆりあ、美咲りおな、上原保奈美、吉澤留美、澁谷果歩、JULIA、菅野さゆき、西條るり、鈴村いろは、松本菜奈実、篠崎ゆう、七草ちとせ、春菜はな、小西みか,https://www.javbus.com/MKCK-243,
MIZD-156 声が出せない状況で無理ヤリ犯された女たち サイレント痴漢レ×プ屈辱アクメ痙攣絶頂スペシャル,MIZD-156 声が出せない状況で無理ヤリ犯された女たち サイレント痴漢レ×プ屈辱アクメ痙攣絶頂スペシャル,MIZD-156,,2019-09-28,240分鐘,,ムーディーズ,MOODYZ Best,,潮吹、花癡、數位馬賽克、性騷擾、輪姦、凌辱、4小時以上作品、DMM獨家,JULIA、水卜さくら、七沢みあ、秋山祥子、志田雪奈、渚みつき、姫川ゆうな、二宮ひかり、有坂深雪、神宮寺ナオ、宝田もなみ、永井みひな、九重かんな、桐谷なお、きみと歩実、河南実里、椎名そら,https://www.javbus.com/MIZD-156,
RBB-159 SUPER SUMMER LOVE LOVE GALS 8時間,RBB-159 SUPER SUMMER LOVE LOVE GALS 8時間,RBB-159,,2019-09-14,480分鐘,,ROOKIE,ROOKIE,ROOKIEベスト,口交、合集、4小時以上作品、日焼け、巨乳、DMM獨家、女生,AIKA、明日花キララ、あやみ旬果、ERIKA（モカ、MOKA）、波多野結衣、若菜奈央、友田彩也香、JULIA、佐山愛、冴木エリカ、小島みなみ、天海つばさ、成海あすか、麻里梨夏、麻倉憂、MIRANO、SARA、冬月かえで、美竹すず、NAOMI、ティア、椎名そら、里美ゆりあ、西條るり、希崎ジェシカ、ARIA、水川スミレ,https://www.javbus.com/RBB-159,
PPBD-168 爆乳娘に1ヶ月毎日日替わり中出しSEX31人8時間BEST,PPBD-168 爆乳娘に1ヶ月毎日日替わり中出しSEX31人8時間BEST,PPBD-168,,2019-09-14,480分鐘,,OPPAI,OPPAI,,合集、戀乳癖、中出、4小時以上作品、巨乳、DMM獨家,白石りん、神咲紗々、平真凛、高杉麻里、泡沫ゆうき、咲々原リン、浅井梨杏、森ほたる、八乃つばさ、篠田ゆう、美国沙耶、時多しほり、君島みお、香坂紗梨、凛音とうか、松永さな、桐谷まつり、本田岬、神咲詩織、三原ほのか、佐山愛、黒川サリナ、めぐり（藤浦めぐ）、小向美奈子、春菜はな、鈴木さとみ、風間ゆみ、Hitomi（田中瞳）、JULIA、篠崎かんな、桜庭ひかり,https://www.javbus.com/PPBD-168,
MIZD-154 不細工なのに性感マッサージだけがめちゃ上手い中年オヤジのせいでイキやすいカラダに改造されてしまったAAAランク美女達ベスト,MIZD-154 不細工なのに性感マッサージだけがめちゃ上手い中年オヤジのせいでイキやすいカラダに改造されてしまったAAAランク美女達ベスト,MIZD-154,,2019-09-08,240分鐘,,ムーディーズ,MOODYZ Best,,潮吹、合集、美少女、數位馬賽克、4小時以上作品、美容院、按摩、DMM獨家,浅田結梨、あおいれな、初川みなみ、若菜奈央、あべみかこ、佐々木あき、つぼみ、JULIA、山川ゆな、椎名そら、星奈あい、麻里梨夏、小野寺梨紗、阿部栞菜、南まゆ、富田優衣、広瀬うみ、天野美優、平沢すず、紗藤まゆ、君島みお、河南実里、推川ゆうり、一色さゆり、清城ゆき、小谷みのり、秋山祥子、AIKA、倉多まお、高杉麻里、宝田もなみ、美谷朱里、水野朝陽,https://www.javbus.com/MIZD-154,
BMW-188 「お願い中にだけは出さないで…」 射精直前の無理やり中出しレ○プ42連発,BMW-188 「お願い中にだけは出さないで…」 射精直前の無理やり中出しレ○プ42連発,BMW-188,,2019-08-31,240分鐘,,ワンズファクトリー,WANZ,,合集、凌辱、中出、4小時以上作品、出軌、DMM獨家,あべみかこ、さとう愛理、篠崎みお、二階堂ゆり、紗々原ゆり、茜はるか、妃月るい、有坂深雪、篠田ゆう、八乃つばさ、初乃ふみか、枢木あおい、JULIA、あいだ飛鳥、日向うみ、西田カリナ、栄川乃亜、松永さな、桐谷まつり、椎名そら、高杉麻里、仲間明日香、麻倉憂、波多野結衣、星咲セイラ、霧島さくら、南梨央奈、松本メイ、三田杏、佐々木あき、麻里梨夏、つぼみ、佳苗るか、姫川ゆうな、逢坂はるな、森苺莉、川上ゆう（森野雫）、竹内真琴,https://www.javbus.com/BMW-188,
PPBD-165 2018年OPPAI作品コンプリートSEXラッシュBEST8時間,PPBD-165 2018年OPPAI作品コンプリートSEXラッシュBEST8時間,PPBD-165,,2019-08-16,480分鐘,,OPPAI,OPPAI,,戀乳癖、中出、4小時以上作品、女優ベスト・総集編、巨乳、DMM獨家,JULIA、神咲詩織、Hitomi（田中瞳）、ましろ杏、波多野結衣、宇多田あみ、宝田もなみ、華咲じゅら、優月まりな、祈里きすみ、藤咲エレン、西宮美月、笹倉杏、篠田ゆう、推川ゆうり、橘メアリー、優梨まいな、仲間明日香、椎葉みくる、春菜はな、佐山愛、平真凛、君島みお、神咲紗々、美国沙耶、泉ののか、時多しほり、千早菜奈、高杉麻里、相沢夏帆、宝生リリー、美咲りおな、永井千里、桜坂和歌、涼木奏、永井れいな、相澤ゆりな、雛鶴みお、成海さやか、日向うみ、河北麻衣、百瀬とあ、咲々原リン、浅美結花、森ほたる、あいだ飛鳥、黒川サリナ、浅井梨杏、凛音とうか、鈴木さとみ、風間ゆみ、八乃つばさ、武田真、月本愛、天野美優、香坂紗梨、安田亜衣,https://www.javbus.com/PPBD-165,
RBB-164 美しいカラダ。形良し大きさ良し乳首良し！！ これぞまさに神乳8時間,RBB-164 美しいカラダ。形良し大きさ良し乳首良し！！ これぞまさに神乳8時間,RBB-164,,2019-08-16,480分鐘,,ROOKIE,ROOKIE,神乳○時間,戀乳癖、乳房、4小時以上作品、超乳、巨乳、DMM獨家,鈴木心春、八神さおり、推川ゆうり、後藤里香、伊藤舞雪、椎名そら、澁谷果歩、春菜はな、神咲詩織、倉多まお、優梨まいな、三島奈津子、浅田結梨、JULIA、吹石れな、吉川あいみ、天野美優、美国沙耶、篠田ゆう、桜空もも、水卜さくら、夢乃あいか、明日花キララ、葵、羽咲みはる、藤川れいな、桃乃木かな、美竹すず、ティア、三原ほのか、佐山愛、本田岬,https://www.javbus.com/RBB-164,
RBB-161 男の劣情を誘う美しいカラダ。おっぱいと尻を魅せる究極のエロボディ。 神くびれ 8時間,RBB-161 男の劣情を誘う美しいカラダ。おっぱいと尻を魅せる究極のエロボディ。 神くびれ 8時間,RBB-161,,2019-07-13,480分鐘,,ROOKIE,ROOKIE,,苗條、其他戀物癖、合集、4小時以上作品、巨乳、DMM獨家,希崎ジェシカ、美谷朱里、奥田咲、川上奈々美、阿由葉あみ、君色花音、彩葉みおり、有栖るる、つぼみ、小島みなみ、宇佐美みか、八乃つばさ、明日花キララ、坂咲みほ、乾りっか、音あずさ、双葉良香、星奈あい、水卜さくら、最上りこ、谷山智美、妃月るい、森ほたる、水原乃亜、心音にこ、佐久間恵美、夏川あかり、天使もえ、あやみ旬果、橋本ありな、日向うみ、黒川すみれ、寺岡まゆり、相沢みなみ、希島あいり、蒼風とわ、桜もこ、あいだ飛鳥、星宮一花、御坂りあ、辻本杏、富田優衣、香苗レノン、有坂深雪、青葉雫、夢乃あいか、JULIA、葵つかさ、森高かすみ、皆川エレナ、二宮和香、一乃瀬るりあ、あべみかこ,https://www.javbus.com/RBB-161,
PPBD-163 イクイク大痙攣！！激ピストンおっぱい爆揺れ騎乗位ラッシュBEST,PPBD-163 イクイク大痙攣！！激ピストンおっぱい爆揺れ騎乗位ラッシュBEST,PPBD-163,,2019-07-13,240分鐘,,OPPAI,OPPAI,,苗條、合集、戀乳癖、女上位、4小時以上作品、超乳、巨乳、DMM獨家,桐谷まつり、Hitomi（田中瞳）、JULIA、凛音とうか、松永さな、霧島さくら、涼木奏、咲々原リン、河北麻衣、宝生リリー、冴木りつ、藤咲エレン、水野朝陽、清城ゆき、雛菊つばさ、小西悠、神咲詩織、香坂紗梨、黒川サリナ、森ほたる、美国沙耶、泡沫ゆうき、君島みお、春菜はな、平真凛、波多野結衣、宝田もなみ、華咲じゅら、高杉麻里、佐山愛、推川ゆうり、本田岬、篠田ゆう、八乃つばさ、あいだ飛鳥,https://www.javbus.com/PPBD-163,
BMW-183 2018年作品完全コンプリート中出しSEXベスト8時間,BMW-183 2018年作品完全コンプリート中出しSEXベスト8時間,BMW-183,,2019-06-29,480分鐘,,ワンズファクトリー,WANZ,,合集、姐姐、中出、4小時以上作品、巨乳、DMM獨家,麻倉憂、つぼみ、星奈あい、君島みお、佳苗るか、有坂深雪、紗々原ゆり、佐々木あき、茜はるか、三田杏、倉多まお、篠田ゆう、真白ここ、鈴木心春、西野翔、神谷充希、枢木あおい、枢木みかん、永井みひな、神波多一花、仲間明日香、岩瀬りな、宝田もなみ、美谷朱里、阿部栞菜、南田みさき、香苗レノン、富田優衣、望月りさ、西田カリナ、日向うみ、阿由葉あみ、森下美怜、あいだ飛鳥、高杉麻里、優梨まいな、妃月るい、JULIA、桐谷なお、八乃つばさ、春菜はな、あべみかこ、河南実里、波多野結衣、小澤まな、推川ゆうり、椎名そら,https://www.javbus.com/BMW-183,
RBB-160 抜きや本番は当たり前！メンズエステ＆性感マッサージ8時間,RBB-160 抜きや本番は当たり前！メンズエステ＆性感マッサージ8時間,RBB-160,,2019-06-15,480分鐘,,ROOKIE,ROOKIE,,妓女、4小時以上作品、美容院、按摩、DMM獨家、打手槍,つぼみ、夢乃あいか、天使もえ、湊莉久、卯水咲流、倉吉美帆、須原のぞみ、持田ゆかり、織田真子、桐嶋りの、九重かんな、小島みなみ、JULIA、藤咲エレン、西宮ゆめ、葵、中村知恵、乳咲杏、桜空もも、AIKA、きみと歩実、舞島あかり、篠田ゆう、星奈あい、阿部栞菜、波多野結衣、香坂紗梨、望月瑠璃子、水川かえで、柚月ひまわり、君島みお,https://www.javbus.com/RBB-160,
MIZD-142 常にこねくりギュ～ンで限界射精！！ 乳首イジり痴女責めラッシュ4時間,MIZD-142 常にこねくりギュ～ンで限界射精！！ 乳首イジり痴女責めラッシュ4時間,MIZD-142,,2019-06-08,240分鐘,,ムーディーズ,MOODYZBest,,蕩婦、其他戀物癖、淫語、數位馬賽克、4小時以上作品、M男、DMM獨家、打手槍,篠田ゆう、蓮実クレア、つぼみ、椎名そら、佳苗るか、天野美優、初川みなみ、星奈あい、麻里梨夏、波多野結衣、大槻ひびき、JULIA、野々宮みさと、美咲かんな、立花瑠莉、水野朝陽、加藤ももか、秋山祥子、美谷朱里、神宮寺ナオ、日向うみ、君島みお、若菜奈央、波木はるか、宮沢ゆかり、跡美しゅり、高杉麻里、あべみかこ、桃尻かのん、皆月ひかる、森下美怜、八乃つばさ、水原乃亜、富田優衣,https://www.javbus.com/MIZD-142,
MKCK-235 ユーザーが認めた神BODY集結！ E-BODY平成ベストボディ売上TOP100絶対ヌける女体が見つかる100本番12時間メモリアルベスト,MKCK-235 ユーザーが認めた神BODY集結！ E-BODY平成ベストボディ売上TOP100絶対ヌける女体が見つかる100本番12時間メモリアルベスト,MKCK-235,,2019-06-08,720分鐘,,E-BODY,E-BODY,,苗條、合集、4小時以上作品、巨尻、巨乳、DMM獨家,JULIA、NAOMI、ケイラ、さとう遥希、汐音まり、初音みのり、佐々木れい、ましろ杏、ティア、有森涼（事原みゆ）、山手栞、稲場るか、堺希美、佐々木ゆい、佐久間恵美、結月恭子、果瀬はるな、奥田咲、なつき、小椋かをり、哀川りん、逢沢はるか（黒木琴音）、高丘大空、西川りおん、中村推菜、中森玲子、沢尻真未、七草ちとせ、ゆいの、ほしの景子、希咲エマ（HARUKI、加藤はる希）、咲楽アンナ、小澤まな、鈴森ローサ、林ゆな、麻美ゆま、麻生早苗、仲間明日香、堀越なぎさ、椎名まりな、片平あかね、並樹ひかり、美竹すず、八神さおり、日向リサ、藤白はな、鈴木心春、宝田もなみ、赤井美月、小早川怜子、鈴木真夕、滝沢ななお、滝川ソフィア、蒼井楓、青野セイラ、桃瀬友梨奈、西条沙羅、星咲優菜、菅野さゆき、深田ナナ、森川アンナ、城田アンナ、堀北七海,https://www.javbus.com/MKCK-235,
BMW-182 凄テクを我慢できれば生★中出しSEX！ベストテクニック8時間vol.6,BMW-182 凄テクを我慢できれば生★中出しSEX！ベストテクニック8時間vol.6,BMW-182,,2019-05-25,480分鐘,,ワンズファクトリー,WANZ,我慢できれば生中出しSEX！,角色扮演、蕩婦、合集、中出、4小時以上作品、ファン感謝・訪問、DMM獨家,篠田ゆう、JULIA、碧しの（篠めぐみ）、河南実里、水稀みり、春菜はな、星奈あい、君島みお,https://www.javbus.com/BMW-182,
RBB-156 S級女優50人の尻肉！ケツ穴！完全制覇！ むちむちプリケツを揺らしまくる神美尻ックス！！ 8時間,RBB-156 S級女優50人の尻肉！ケツ穴！完全制覇！ むちむちプリケツを揺らしまくる神美尻ックス！！ 8時間,RBB-156,,2019-05-16,480分鐘,,ROOKIE,ROOKIE,,其他戀物癖、合集、屁股、4小時以上作品、巨尻、DMM獨家,後藤里香、柳みゆう、水稀みり、最上りこ、枢木あおい、深田ナナ、今宮いずみ、白井ゆずか、雛菊つばさ、天野美優、栗原ゆい、八乃つばさ、須原のぞみ、涼海みさ、佐久間恵美、きみと歩実、成宮いろは、湊莉久、南梨央奈、鈴木心春、常盤ゆり子、舞島あかり、二階堂ゆり、秋山祥子、佐々木あき、葵つかさ、内田ゆり子、小澤まな、桐谷なお、河南実里、安西ひかり、竹内麻耶、姫川ゆうな、明里ともか、高杉麻里、JULIA、柚月ひまわり、君島みお、水野朝陽、天使もえ、葵、美谷朱里、星野ナミ、永井みひな、西野翔、平沢すず、つぼみ、宝田もなみ,https://www.javbus.com/RBB-156,
PPBD-159 射精寸前の超快感パイズリラッシュ100連発 オッパイでいっぱいイッちゃってぇ挟射スペシャル,PPBD-159 射精寸前の超快感パイズリラッシュ100連発 オッパイでいっぱいイッちゃってぇ挟射スペシャル,PPBD-159,,2019-05-16,240分鐘,,OPPAI,OPPAI,,乳交、合集、戀乳癖、4小時以上作品、超乳、巨乳、DMM獨家,佐山愛、菜月アンナ、Hitomi（田中瞳）、波多野結衣、めぐり（藤浦めぐ）、冴木りつ、平真凛、澁谷果歩、百瀬とあ、保坂えり、泡沫ゆうき、日向うみ、春菜はな、椎名ゆな、小西悠、咲々原リン、雛鶴みお、推川ゆうり、あいだ飛鳥、清城ゆき、河北麻衣、相澤ゆりな、美国沙耶、香坂紗梨、舞野いつき、吉川あいみ、玉木なるみ、吉永あかね、尾上若葉、篠田ゆう、神咲詩織、沖田杏梨、風音舞香、折原ほのか、河音くるみ、西條るり、相沢夏帆、JULIA、篠田あゆみ、真白ここ、宝田もなみ、彩奈リナ（七原あかり）、浅美結花、一ノ瀬なつき、初野こころ、浅井梨杏、祈里きすみ、香山美桜、霧島さくら、笹倉杏、凛音とうか、君島みお、仲間明日香、星空キラリ、白石りん、森ほたる、成海さやか、吹石れな、甘良しずく、本田莉子、浜崎真緒、香椎りあ、愛実れい、藤咲エレン、成宮みこと、大井結仁、浅田結梨、西条沙羅、羽生ありさ、水野朝陽、川菜美鈴、天音ありす、三島奈津子、岡沢リナ、河西希、安田亜衣、泉ののか,https://www.javbus.com/PPBD-159,
MMXD-024 2018年完全総集編8時間,MMXD-024 2018年完全総集編8時間,MMXD-024,,2019-04-27,480分鐘,,未満,未満,○年完全総集編,合集、4小時以上作品、巨乳、DMM獨家,伊藤舞雪、JULIA、小栗もなか、永井すみれ、雛鶴みお,https://www.javbus.com/MMXD-024,
RBB-155 めっちゃ可愛くて頼んだらSEXさせてくれそうなスケベなお姉さんの気持ち良すぎるセックス！,RBB-155 めっちゃ可愛くて頼んだらSEXさせてくれそうなスケベなお姉さんの気持ち良すぎるセックス！,RBB-155,,2019-04-13,480分鐘,,ROOKIE,ROOKIE,,合集、花癡、姐姐、美少女、乳房、4小時以上作品、DMM獨家,八神さおり、波多野結衣、松下紗栄子、八乃つばさ、小西悠、逢坂はるな、佐山愛、星野ナミ、河南実里、竹内麻耶、白木優子、西宮ゆめ、美谷朱里、碧しの（篠めぐみ）、中村知恵、NAOMI、若菜奈央、美竹すず、宇垣ちさと、秋山祥子、神咲詩織、JULIA、初川みなみ、北川エリカ、佐々木あき、椎名そら、色紙るな、麻里梨夏、如月愛、RION、桜井彩、一ノ瀬梓、麻倉憂、関根奈美、吉高寧々、葵つかさ、奥田咲、湊莉久、笹川りほ、伊東ちなみ、安西ひかり、彩葉みおり、鈴木さとみ、水原乃亜、美国沙耶、舞島あかり、倉多まお、君島みお、吉沢明歩、葵、水野朝陽、森川アンナ,https://www.javbus.com/RBB-155,
MIZD-132 抵抗出来ない状態の美女を生オナホ扱いでレ×プし放題4時間BEST,MIZD-132 抵抗出来ない状態の美女を生オナホ扱いでレ×プし放題4時間BEST,MIZD-132,,2019-03-30,240分鐘,,ムーディーズ,MOODYZBest,,合集、數位馬賽克、性奴、拘束、中出、4小時以上作品、DMM獨家,星奈あい、麻里梨夏、つぼみ、JULIA、姫川ゆうな、栄川乃亜、黒木いくみ、白雪心々奈、神咲詩織、妃月るい、浅田結梨、跡美しゅり、三原ほのか、水野朝陽、碧しの（篠めぐみ）、初川みなみ、富田優衣,https://www.javbus.com/MIZD-132,
BMW-178 「イク時は一緒だよ」 ビクビク痙攣アクメ状態で同時イキ！！たっぷり中出し100連発！！,BMW-178 「イク時は一緒だよ」 ビクビク痙攣アクメ状態で同時イキ！！たっぷり中出し100連発！！,BMW-178,,2019-03-30,240分鐘,,ワンズファクトリー,WANZ,,花癡、美少女、中出、女上位、4小時以上作品、DMM獨家,水野朝陽、あべみかこ、麻里梨夏、高杉麻里、南田みさき、神谷充希、三田杏、有坂深雪、JULIA、篠田ゆう、岩瀬りな、つぼみ、仲間明日香、河南実里、阿部栞菜、倉多まお、香苗レノン、吉川あいみ、本田岬、茜はるか、望月りさ、麻倉憂、通野未帆、波多野結衣、霧島さくら、きみと歩実、涼川絢音、佳苗るか、あおいれな、佐々木あき、星咲セイラ、椎名そら、君島みお、跡美しゅり、AIKA、星奈あい、栄川乃亜、相沢夏帆,https://www.javbus.com/BMW-178,
PPBD-157 むにゅっとおっぱいに挟まれながらイク！爆乳圧迫プレス中出し性交BEST,PPBD-157 むにゅっとおっぱいに挟まれながらイク！爆乳圧迫プレス中出し性交BEST,PPBD-157,,2019-03-16,240分鐘,,OPPAI,OPPAI,,口交、乳交、合集、戀乳癖、中出、4小時以上作品、DMM獨家,JULIA、Hitomi（田中瞳）、あいだ飛鳥、笹倉杏、小西みか、玉木くるみ、成海さやか、優月まりな,https://www.javbus.com/PPBD-157,
MMXD-023 未満厳選極上のカラダを集めたスペシャルBEST！ 完全穢し撮りくびれ美巨乳アイドル,MMXD-023 未満厳選極上のカラダを集めたスペシャルBEST！ 完全穢し撮りくびれ美巨乳アイドル,MMXD-023,,2019-02-28,240分鐘,,未満,未満,,合集、戀乳癖、乳房、4小時以上作品、巨乳、DMM獨家,JULIA、伊藤舞雪、水卜さくら、鈴木心春、永井すみれ、瀬野みやび、花守みらい、百合なぎさ、千寿まゆ、藤井あかり、篠崎もも、小栗もなか,https://www.javbus.com/MMXD-023,
BMW-177 「もうイってるからぁ！」状態の無防備ま●こに怒涛の追撃ピストン中出しBEST,BMW-177 「もうイってるからぁ！」状態の無防備ま●こに怒涛の追撃ピストン中出しBEST,BMW-177,,2019-02-28,240分鐘,,ワンズファクトリー,WANZ,,合集、中出、4小時以上作品、DMM獨家、顏射,波多野結衣、佐々木あき、星奈あい、高杉麻里、関根奈美、永井みひな、椎名そら、南田みさき、阿部栞菜、優梨まいな、小澤まな、霧島さくら、星咲セイラ、河南実里、清城ゆき、篠崎みお、栄川乃亜、姫川ゆうな、妃月るい、紗々原ゆり、真白ここ、桐谷なお、たかせ由奈、跡美しゅり、卯水咲流、吉川あいみ、あべみかこ、南梨央奈、JULIA、麻倉憂、森苺莉、つぼみ、あおいれな、春菜はな、美谷朱里、富田優衣、三田杏、有坂深雪、君島みお,https://www.javbus.com/BMW-177,
REBDB-352 REbecca STARS6-The goddesses-,REBDB-352 REbecca STARS6-The goddesses-,REBDB-352,,2019-02-21,188分鐘,,REbecca,REbecca,REbeccaSTARS,偶像藝人、合集、介紹影片、高畫質、巨乳,JULIA、橋本ありな、水野朝陽、麻里梨夏、羽田あい、つぼみ、鈴村あいり、美谷朱里、桐谷まつり、佐々木あき,https://www.javbus.com/REBDB-352,
RBB-150 声を出せない状況で構わずイカされる！気持ち良すぎてガマン無理っ！8時間,RBB-150 声を出せない状況で構わずイカされる！気持ち良すぎてガマン無理っ！8時間,RBB-150,,2019-02-16,480分鐘,,ROOKIE,ROOKIE,,蕩婦、野外・露出、性騷擾、羞恥、4小時以上作品、DMM獨家,浅田結梨、相沢夏帆、椎名そら、鈴木心春、星奈あい、小池奈央、芹沢ゆず、杏璃さや、佐山愛、麻倉憂、倉多まお、佐々木あき、松本菜奈実、栄川乃亜、麻里梨夏、枢木あおい、四ツ葉うらら、橋本ありな、咲坂花恋、真白ここ、相澤ゆりな、明日花キララ、泉ののか、夢乃あいか、あやね遥菜、小澤まな、桜もこ、香椎りあ、JULIA、日菜々はのん、心花ゆら、跡美しゅり、吉沢明歩、河南実里,https://www.javbus.com/RBB-150,
MIZD-123 「もぅイッちゃいます！」状態の 限界突破フェラチオラッシュ100連発,MIZD-123 「もぅイッちゃいます！」状態の 限界突破フェラチオラッシュ100連発,MIZD-123,,2019-01-26,240分鐘,,ムーディーズ,MOODYZBest,,口交、合集、花癡、數位馬賽克、4小時以上作品、DMM獨家,妃月るい、美谷朱里、つぼみ、AIKA、三原ほのか、桐嶋りの、秋山祥子、阿由葉あみ、あず希、神咲詩織、蓮実クレア、浜崎真緒、JULIA、冬月かえで、優梨まいな、高杉麻里、神谷充希、MIKA、山井すず、河南実里、八乃つばさ、泉りおん、西宮このみ、天海こころ、冴木エリカ、真白ここ、佐々木あき、本田岬、輝月あんり、野々宮みさと、佳苗るか、涼川絢音、竹内真琴、今永亜美、枢木みかん、河北はるな、麻里梨夏、めぐり（藤浦めぐ）、心花ゆら、ANRI、鈴木真夕、穂高結花、木村つな、あべみかこ、初川みなみ、西田カリナ、跡美しゅり、椎名そら、碧しの（篠めぐみ）、二宮和香,https://www.javbus.com/MIZD-123,
BMW-174 美女たちの体内に1490発の媚・薬・濃・縮精液注入BEST,BMW-174 美女たちの体内に1490発の媚・薬・濃・縮精液注入BEST,BMW-174,,2019-01-26,480分鐘,,ワンズファクトリー,WANZ,媚薬濃縮精液注入,濫交、合集、中出、4小時以上作品、DMM獨家、顏射、吞精,佐々木あき、星奈あい、椎名そら、つぼみ、JULIA、優梨まいな,https://www.javbus.com/BMW-174,
PPBD-154 寸止め淫語パイズリ 最後はもの凄い挟射 BEST,PPBD-154 寸止め淫語パイズリ 最後はもの凄い挟射 BEST,PPBD-154,,2019-01-17,480分鐘,,OPPAI,OPPAI,寸止め淫語パイズリ最後はもの凄い挟射,蕩婦、乳交、合集、淫語、戀乳癖、4小時以上作品、DMM獨家,JULIA、Hitomi（田中瞳）、藤咲エレン、神咲詩織、春菜はな、佐山愛,https://www.javbus.com/PPBD-154,
RBB-149 美しいカラダ。形良し大きさ良し乳首良し！！ これぞまさに神乳8時間,RBB-149 美しいカラダ。形良し大きさ良し乳首良し！！ これぞまさに神乳8時間,RBB-149,,2019-01-17,480分鐘,,ROOKIE,ROOKIE,神乳16時間,苗條、乳房、4小時以上作品、巨乳、DMM獨家,羽咲みはる、水卜さくら、相沢夏帆、日向うみ、KAORI、霧島さくら、君島みお、織田真子、葵、秋山祥子、湊莉久、水原乃亜、神宮寺ナオ、架乃ゆら、椎名そら、もりの小鳥、鈴木心春、倉多まお、高杉麻里、逢沢まりあ、三上悠亜、凛音とうか、本田岬、星野ナミ、明日花キララ、奥田咲、一ノ瀬梓、白木優子、西原ゆう、月本愛、桜空もも、雛鶴みお、星奈あい、橋本れいか、河南実里、美谷朱里、辻本杏、初川みなみ、神咲詩織、春菜はな、祈里きすみ、Hitomi（田中瞳）、水野朝陽、夢乃あいか、水川スミレ、森ほたる、松本菜奈実、桐谷なお、JULIA、伊藤舞雪、あやみ旬果、岩瀬りな、八乃つばさ、小栗もなか、天野美優、宝田もなみ、須原のぞみ、富田優衣,https://www.javbus.com/RBB-149,
MIZD-121 暗転なし！ブツ切りなし！ MOODYZ最新1年分中出し全部入り超絶技巧編集ベスト,MIZD-121 暗転なし！ブツ切りなし！ MOODYZ最新1年分中出し全部入り超絶技巧編集ベスト,MIZD-121,,2019-01-12,240分鐘,,ムーディーズ,MOODYZBest,,合集、姐姐、美少女、數位馬賽克、中出、4小時以上作品、巨乳、DMM獨家,河南実里、二階堂ゆり、姫川ゆうな、あべみかこ、森川ひな、愛里るい、佐々木あき、栄川乃亜、天海こころ、麻里梨夏、八乃つばさ、君島みお、生田みく、海空花、篠田ゆう、美谷朱里、涼南佳奈、丸山れおな、立花瑠莉、水野朝陽、若菜奈央、神宮寺ナオ、JULIA、杏璃さや,https://www.javbus.com/MIZD-121,
MIZD-119 痙攣絶頂サイレントレ×プBEST8時間Vol.2,MIZD-119 痙攣絶頂サイレントレ×プBEST8時間Vol.2,MIZD-119,,2018-12-22,480分鐘,,ムーディーズ,MOODYZBest,痙攣絶頂サイレントレ×プ,女教師、數位馬賽克、性騷擾、深喉、輪姦、4小時以上作品、巨乳、DMM獨家,JULIA、秋山祥子、永井みひな、関根奈美、優梨まいな、あおいれな,https://www.javbus.com/MIZD-119,
BMW-172 ひくひくアナル丸見え！！ 尻肉波打ちバックピストンBEST,BMW-172 ひくひくアナル丸見え！！ 尻肉波打ちバックピストンBEST,BMW-172,,2018-12-22,240分鐘,,ワンズファクトリー,WANZ,,企畫、屁股、中出、4小時以上作品、巨尻、DMM獨家,あおいれな、永井みひな、君島みお、星奈あい、春菜はな、水谷心音（藤崎りお）、波多野結衣、川上ゆう（森野雫）、つぼみ、南梨央奈、愛須心亜、篠田ゆう、水野朝陽、佳苗るか、あべみかこ、倉多まお、蓮実クレア、きみと歩実、椎名そら、高杉麻里、浅田結梨、推川ゆうり、さとう愛理、涼川絢音、江上しほ、跡美しゅり、桐谷なお、佐々木あき、本田莉子、笹倉杏、松下美織、栄川乃亜、河南実里、美谷朱里、JULIA,https://www.javbus.com/BMW-172,
MIZD-118 極上のサービスを1ヶ月間毎日楽しめる！！ MOODYZ日めくり風俗カレンダー,MIZD-118 極上のサービスを1ヶ月間毎日楽しめる！！ MOODYZ日めくり風俗カレンダー,MIZD-118,,2018-12-13,480分鐘,,ムーディーズ,MOODYZBest,,口交、合集、妓女、美少女、數位馬賽克、4小時以上作品、DMM獨家、打手槍,鈴木真夕、今宮いずみ、倉持りん（望月さくら）、西田カリナ、つぼみ、篠田ゆう、笹倉杏、水野朝陽、あべみかこ、波多野結衣、美国沙耶、西原ゆう、JULIA、河南実里、君島みお、柏木もも、春菜はな、通野未帆、めぐり（藤浦めぐ）、二宮和香、椎名そら、栄川乃亜、森川アンナ、本田岬、枢木あおい、桐嶋りの、立花瑠莉、野々宮みさと、若菜奈央、美咲かんな、姫川ゆうな、桜井彩、西宮このみ、神谷充希,https://www.javbus.com/MIZD-118,
RBB-146 あっそれダメっ！！イッちゃうぅぅぅぅっ！！！ 乳首やクリを刺激され’ながら’激ピストン！！W絶頂8時間,RBB-146 あっそれダメっ！！イッちゃうぅぅぅぅっ！！！ 乳首やクリを刺激され’ながら’激ピストン！！W絶頂8時間,RBB-146,,2018-12-13,480分鐘,,ROOKIE,ROOKIE,,口交、其他戀物癖、4小時以上作品、子宮頸、DMM獨家,JULIA、Hitomi（田中瞳）、柏木もも、川北りな、河南実里、初川みなみ、桜空もも、鈴木心春、つぼみ、椎名そら、神咲詩織、加瀬かなこ、南梨央奈、ERIKA（モカ、MOKA）、優梨まいな、星奈あい、平真凛、春菜はな、君島みお、月本愛、AIKA、小島みなみ、橋本ありな、柚月ひまわり、愛里るい、麻里梨夏、若菜奈央、倉多まお,https://www.javbus.com/RBB-146,
MKCK-225 世界に誇るスーパーボディ大百科BEST 業界の中でも選ばれし女体コレクション 100人100SEX 16時間スペシャル,MKCK-225 世界に誇るスーパーボディ大百科BEST 業界の中でも選ばれし女体コレクション 100人100SEX 16時間スペシャル,MKCK-225,,2018-12-09,960分鐘,,E-BODY,E-BODY,世界に誇るスーパーボディ大百科BEST,苗條、合集、花癡、16時間以上作品、巨尻、巨乳、DMM獨家,宝田もなみ、結月恭子、深田ナナ、堺希美、果瀬はるな、西條るり、波多野結衣、麻美ゆま、美竹すず、かすみ果穂、篠田あゆみ、鈴木真夕、片平あかね、吉川あいみ、鈴木心春、麻見ももか、JULIA、北川瞳、鈴森ローサ、奥田咲、Hitomi（田中瞳）、本田岬、ほしの景子、小椋かをり、沖田杏梨、林ゆな、初音みのり、桜ここみ、佳山三花、風間ゆみ、七草ちとせ、希咲エマ（HARUKI、加藤はる希）、咲楽アンナ、里美ゆりあ、蒼井楓、赤井美月、ティア、さとう遥希、かすみりさ、上原亜衣、霧島さくら、春菜はな、音羽美玲、岩本純奈、彩音かのん、祈里きすみ、早川真白、雛鶴みお、相沢夏帆、如月愛、岩瀬りな、武田真、クロエ、藤井美琴、AIKA、美国沙耶、長谷川由香、谷山智美、RION、百々谷りあ、鈴木明那、水澤りこ、清塚那奈、佐々木れい、中村推菜、須原のぞみ、岡沢リナ、日向うみ、森川アンナ、双葉良香、めぐり（藤浦めぐ）、後藤里香、佐倉ねね、若菜奈央、羽海野まお、八神さおり、水川かえで、三島奈津子、桃瀬友梨奈、NAOMI、喜山エリカ,https://www.javbus.com/MKCK-225,
BMW-171 デカ尻見せつけ！！ピストン騎乗位3,BMW-171 デカ尻見せつけ！！ピストン騎乗位3,BMW-171,,2018-11-30,240分鐘,,ワンズファクトリー,WANZ,デカ尻見せつけ！！ピストン騎乗位,合集、屁股、女上位、巨尻、DMM獨家,波多野結衣、佐々木あき、君島みお、清城ゆき、成田りな、阿部栞菜、今宮いずみ、小澤まな、真白ここ、高杉麻里、桐谷なお、仲間明日香、永井みひな、美谷朱里、優梨まいな、栄川乃亜、ひなみれん、河南実里、愛瀬美希、香苗レノン、関根奈美、森川アンナ、一ノ瀬梓、神谷充希、麻里梨夏、椎名そら、推川ゆうり、緒川りお、吉川あいみ、桜井彩、本田岬、倉多まお、妃月るい、JULIA、姫川ゆうな、春菜はな、つぼみ、篠田ゆう、星奈あい、相沢夏帆、岩瀬りな、麻倉憂,https://www.javbus.com/BMW-171,
MIZD-114 「もうイッてるってばぁ！」状態で追撃ピストンSEXベスト4時間2,MIZD-114 「もうイッてるってばぁ！」状態で追撃ピストンSEXベスト4時間2,MIZD-114,,2018-11-10,240分鐘,,ムーディーズ,MOODYZBest,「もうイッてるってばぁ！」状態で追撃ピストンSEX,合集、數位馬賽克、巨乳、DMM獨家,北川ゆず、篠崎みお、佐々木あき、栄川乃亜、星奈あい、小澤まな、西原ゆう、真白ここ、高杉麻里、香苗レノン、宮沢ゆかり、美谷朱里、山川ゆな、白雪心々奈、愛瀬美希、河南実里、小谷みのり、立花瑠莉、若菜奈央、つぼみ、香坂紗梨、きみと歩実、麻里梨夏、あおいれな、香椎りあ、江奈るり、姫川ゆうな、桜井彩、河北はるな、あべみかこ、朝桐光、神咲詩織、JULIA、秋山祥子、君島みお,https://www.javbus.com/MIZD-114,
MKCK-223 大きさ、形、揉み心地、どれを取っても日本最高峰！E-BODY 10年史ベストオブベスト神乳100人オール本番映像8時間,MKCK-223 大きさ、形、揉み心地、どれを取っても日本最高峰！E-BODY 10年史ベストオブベスト神乳100人オール本番映像8時間,MKCK-223,,2018-11-10,480分鐘,,E-BODY,E-BODY,,業餘、乳交、乳房、中出、巨乳、DMM獨家,RION、めぐり（藤浦めぐ）、JULIA、岩瀬りな、清城ゆき、堀越なぎさ、八神さおり、皆川エレナ、三島奈津子、堺希美、岡沢リナ、佐倉ねね、鈴木真夕、結月恭子、咲楽アンナ、仲村茉莉恵、亜麻里りりす、中村推菜、清塚那奈、赤井美月、水咲カレン、ほしの景子、雪染ちな、大島ひな、森川アンナ、浜崎なお、桜乃ゆいな、篠田あゆみ、ティア、NAOMI、RAN、桃瀬友梨奈、真田美樹、相澤ゆりな、AIKA、佐々木エリー、若槻みづな、篠崎ゆう、新美もも、彩音かのん、深田ナナ、並樹ひかり、水澤りこ、森高かすみ、ケイラ、鈴森ローサ、須原のぞみ、百々谷りあ、相沢夏帆、宝田もなみ、仲間明日香、美国沙耶、音羽美玲、真白ここ、佐伯なるみ、武田真、日向うみ、麻見ももか、早川真白、立花レナ、吉川あいみ、里中結衣、北川エリカ、濱口えな、徳島理子、如月愛、桑田みのり、小椋かをり、茜あずさ、石倉沙緒里、喜山エリカ、雛鶴みお、本田莉子、鈴木明那、祈里きすみ、長谷川由香、椎名ゆな、霧島さくら、美竹すず、西条沙羅、藤井美琴、岩本純奈,https://www.javbus.com/MKCK-223,
MIZD-109 ケツ穴丸見え！！イッタ後も激突き！！ デカ尻追撃バックピストン4時間,MIZD-109 ケツ穴丸見え！！イッタ後も激突き！！ デカ尻追撃バックピストン4時間,MIZD-109,,2018-10-13,240分鐘,,ムーディーズ,MOODYZBest,,合集、屁股、數位馬賽克、中出、女上位、巨尻、DMM獨家,篠田ゆう、佐々波綾、倉多まお、佐々木あき、若菜奈央、初川みなみ、水野朝陽、神咲詩織、JULIA、秋山祥子、冬月かえで、つぼみ、椎名そら、香椎りあ、桐谷なお、星奈あい、冴木エリカ、美谷朱里、森川アンナ、河南実里、栄川乃亜、姫川ゆうな、二階堂ゆり、宮沢ゆかり、麻里梨夏、平沢すず,https://www.javbus.com/MIZD-109,
MIZD-108 あの！人気女優の生涯最大の膣内イキBEST,MIZD-108 あの！人気女優の生涯最大の膣内イキBEST,MIZD-108,,2018-10-01,240分鐘,,ムーディーズ,MOODYZBest,,合集、淫語、姐姐、美少女、巨乳、DMM獨家,波多野結衣、篠田ゆう、秋山祥子、倉多まお、あべみかこ、初川みなみ、椎名そら、佐々木あき、美谷朱里、君島みお、神咲詩織、上原亜衣、つぼみ、湊莉久、AIKA、篠田あゆみ、河南実里、星奈あい、栄川乃亜、JULIA,https://www.javbus.com/MIZD-108,
PPBD-146 毎日10発中出しするまで終わらない粘着オヤジと濃厚SEX8タイトル大ボリューム8時間BEST,PPBD-146 毎日10発中出しするまで終わらない粘着オヤジと濃厚SEX8タイトル大ボリューム8時間BEST,PPBD-146,,2018-08-16,480分鐘,,OPPAI,OPPAI,毎日10発中出しするまで終わらない粘着オヤジと濃厚SEX,乳交、合集、通姦、中出、キス・接吻、巨乳、DMM獨家,JULIA、佐山愛、Hitomi（田中瞳）、めぐり（藤浦めぐ）、本田岬、吉永あかね、篠田あゆみ、澁谷果歩,https://www.javbus.com/PPBD-146,
MKCK-217 ウエストU59！E-BODY10年史選抜BESTクビレボディ48体オール本番コレクション,MKCK-217 ウエストU59！E-BODY10年史選抜BESTクビレボディ48体オール本番コレクション,MKCK-217,,2018-08-11,480分鐘,,E-BODY,E-BODY,,苗條、合集、花癡、乳房、女上位、巨乳、DMM獨家,波多野結衣、美竹すず、笹本梓、NAOMI、小椋かをり、能美ちなつ、森川アンナ、並樹ひかり、クロエ、高丘大空、大島ひな、双葉良香、手塚ひかり、谷山智美、横田キャサリンみつ貴、美国沙耶、水稀みり、鈴木明那、メイメイ、鈴森ひなた、水川かずは、若菜奈央、堺希美、ほしの景子、清城ゆき、佐倉ねね、ティア、新美もも、JULIA、鈴木心春、皆川エレナ、美咲ゆう,https://www.javbus.com/MKCK-217,
RBB-136 美しいカラダ。形良し大きさ良し乳首良し！！これぞまさに神乳8時間,RBB-136 美しいカラダ。形良し大きさ良し乳首良し！！これぞまさに神乳8時間,RBB-136,,2018-07-14,480分鐘,,ROOKIE,ROOKIE,神乳16時間,苗條、合集、乳房、4小時以上作品、超乳、巨乳、DMM獨家,星野ナミ、推川ゆうり、辻本杏、三上悠亜、桃乃木かな、椎名そら、松本菜奈実、渚ひかり、桜空もも、風間リナ、笹倉杏、優月まりな、優梨まいな、立花瑠莉、天野美優、桜井彩、水川かえで、胡桃華、百々谷りあ、祈里きすみ、平真凛、めぐり（藤浦めぐ）、桐嶋りの、霧島さくら、ティア、吹石れな、澁谷果歩、真白ここ、水野朝陽、紗藤まゆ、倉多まお、吉沢明歩、夢乃あいか、松本ななえ、葵、森川アンナ、秋山祥子、若菜奈央、逢坂はるな、佐山愛、水城奈緒、春菜はな、鈴木心春、深田ナナ、三原ほのか、明日花キララ、音無レナ、水川かずは、美竹すず、JULIA、天海つばさ、神咲詩織、北川ゆず、鈴木真夕、奥田咲、RION、水卜さくら,https://www.javbus.com/RBB-136,
OKAX-392 腰が砕けそうな本気のディルドオナニー 270分！,OKAX-392 腰が砕けそうな本気のディルドオナニー 270分！,OKAX-392,,2018-06-22,273分鐘,,ケイ・エム・プロデュース,おかず。,,玩具、屁股、4小時以上作品、自慰、局部特寫,黒木麻衣（花野真衣、SHIHO）、北条麻妃、妃悠愛（長澤杏奈、水原里香、木崎祐子）、碧しの（篠めぐみ）、樹花凜（七咲楓花）、哀川りん、JULIA、北川瞳、結城みさ、青木りん、高沢沙耶、矢吹杏、美神あおい、寺島ちひろ、瑠菜（安西瑠菜、RUNA）、愛実（秋川ルイ）、黒木アリサ、悠月舞,https://www.javbus.com/OKAX-392,
RBB-135 発射寸前！我慢汁垂れ流しの気持ちいいフェラチオ150連射8時間,RBB-135 発射寸前！我慢汁垂れ流しの気持ちいいフェラチオ150連射8時間,RBB-135,,2018-06-14,480分鐘,,ROOKIE,ROOKIE,発射寸前！我慢汁垂れ流しの気持ちいいフェラチオ,口交、合集、4小時以上作品、DMM獨家,神咲詩織、吉川あいみ、さくらゆら、三上悠亜、二階堂ゆり、柚木彩花、栄川乃亜、黒木澪、天野美優、星奈あい、松本菜奈実、永井みひな、愛瀬美希、佐々波綾、葵つかさ、真白ここ、佐々木あき、日菜々はのん、一色桃子、加瀬かなこ、竹内麻耶、工藤恵理子、水戸かな、安西ひかり、友田真希、藤堂みかん、岬ななみ、優梨まいな、明里つむぎ、桜空もも、橋本ありな、富田百々香、緒川りお、櫻井美月、西宮ゆめ、七瀬いずみ、山本鈴、琴古ひまり、岡野美由紀、琴水せいら、栗原杏、酒井奈々未、有原あゆみ、辻本杏、姫野あやめ、西原ゆう、篠崎みお、浅田結梨、向井藍、相沢みなみ、丸山れおな、河音くるみ、さくらみゆき、心花ゆら、麻里梨夏、高城アミナ、宇垣ちさと、桐嶋りの、日向るな、金澤セレナ、水卜さくら、渚ひかり、水稀みり、風間ゆみ、深田ナナ、織田真子、松田美子、天使もえ、AIKA、羽咲みはる、愛世くらら、柳みゆう、水川かえで、鈴木みか、関根奈美、希崎ジェシカ、島崎綾、紗々原ゆり、つぼみ、清城ゆき、上園ゆりか、三原ほのか、中森いつき、小谷みのり、澄川鮎、あべみかこ、JULIA、君色花音、夏川あかり、輝月あんり、宮藤尚美、穂高結花、あず希、成宮いろは、清本玲奈、江上しほ、北川エリカ、有村みかこ、明里ともか、西田カリナ、日向ひなた、小野寺梨紗、咲坂花恋、白石雪愛、神山なな、吹石れな、跡美しゅり、波多野結衣、花咲いあん、枢木みかん、河南実里、妃月るい、きみと歩実、通野未帆、若葉加奈、湊莉久、吉沢明歩、若菜奈央、美咲かんな、野々宮みさと、小島みなみ、百合咲うるみ、倉多まお、奥村かや、響まりこ、優月まりな、夢乃あいか、野崎ありす、本田岬、石倉沙緒里、柚月ひまわり、推川ゆうり、八木美智香、一ノ瀬もも、Ai、石原莉奈、雫、涼海みさ、星川光希、谷原希美、愛葉りり、RION、折原ゆら、きみかわ結衣、七瀬恵梨香,https://www.javbus.com/RBB-135,
RBB-131 S級女優50人以上のケツ穴見放題！プル尻美尻の大迫力エッチ8時間！振り返ればケツがある！ぷりぷりお尻でツルもちお尻でイカせにきている,RBB-131 S級女優50人以上のケツ穴見放題！プル尻美尻の大迫力エッチ8時間！振り返ればケツがある！ぷりぷりお尻でツルもちお尻でイカせにきている,RBB-131,,2018-05-19,480分鐘,,ROOKIE,ROOKIE,,其他戀物癖、屁股、美少女、巨尻、DMM獨家,秋山祥子、葵つかさ、本田岬、きみと歩実、鈴木心春、涼川絢音、桐嶋りの、森苺莉、松雪かなえ、桜空もも、柚月ひまわり、桃園みらい、笹川りほ、夏川あかり、立花瑠莉、若菜奈央、Hitomi（田中瞳）、宮崎あや、織田真子、跡美しゅり、夢乃あいか、姫川ゆうな、RION、葵、堀越なぎさ、さくらゆら、つぼみ、水野朝陽、宇垣ちさと、星野ナミ、佐々木あき、麻里梨夏、妃月るい、紗々原ゆり、羽海野まお、クロエ、八木美智香、宮藤尚美、柳みゆう、佐倉ねね、百合華、後藤里香、湊莉久、由來ちとせ、JULIA、栄川乃亜、一色桃子、NAOMI、中村知恵、大西まい、友田真希、野々宮あん、椎名そら、波多野結衣、水城奈緒,https://www.javbus.com/RBB-131,
RBB-133 いやぁ！！だめだめだめぇぇぇっ！！！！ 中出しを嫌がり必死に抵抗する女を完全絶望させる中出し8時間,RBB-133 いやぁ！！だめだめだめぇぇぇっ！！！！ 中出しを嫌がり必死に抵抗する女を完全絶望させる中出し8時間,RBB-133,,2018-05-17,480分鐘,,ROOKIE,ROOKIE,,凌辱、中出、4小時以上作品、DMM獨家,風間ゆみ、波多野結衣、佐山愛、鈴木心春、紺野ひかる、あべみかこ、跡美しゅり、さくらみゆき、彩奈リナ（七原あかり）、山元あや、卯水咲流、倉多まお、清本玲奈、成海さやか、あず希、河音くるみ、三原ほのか、Hitomi（田中瞳）、大槻ひびき、本庄優花、麻倉憂、美咲かんな、神ユキ、森沢かな（飯岡かなこ）、音無かおり、林ゆな、シェリー（Shelly、藤井シェリー）（しぇりー）、中村知恵、めぐり（藤浦めぐ）、羽月希、三浦恵理子、梨杏なつ、七草ちとせ、JULIA、推川ゆうり、姫野あやめ、麻里梨夏、八木美智香、桜井彩、小向美奈子、笹倉杏、八神さおり、つぼみ、かなで自由、五十嵐星蘭、あおいれな、秋山祥子、みなみ愛星、篠崎みお、椎名そら、佐々木あき、緒川りお、逢坂はるな、姫川ゆうな、宇垣ちさと、森苺莉、桜井まほ、浅田結梨、甘良しずく,https://www.javbus.com/RBB-133,
RBB-132 イク瞬間の快楽で顔が乱れまくるマジイキ絶頂8時間,RBB-132 イク瞬間の快楽で顔が乱れまくるマジイキ絶頂8時間,RBB-132,,2018-05-17,480分鐘,,ROOKIE,ROOKIE,,其他戀物癖、合集、巨乳、DMM獨家,天海つばさ、春菜はな、推川ゆうり、鈴木真夕、三上悠亜、桃乃木かな、栄川乃亜、桜空もも、日菜々はのん、君島みお、浅田結梨、星奈あい、秋山祥子、霧島さくら、明日花キララ、夢乃あいか、葵つかさ、水野朝陽、深田ナナ、天使もえ、優梨まいな、雛菊つばさ、橋本ありな、三原ほのか、明里つむぎ、本田岬、倉多まお、湊莉久、麻倉憂、ひなみれん、九重かんな、優月まりな、吉沢明歩、羽咲みはる、希崎ジェシカ、佐々波綾、麻里梨夏、中村知恵、松本菜奈実、辻本杏、松下紗栄子、つぼみ、初川みなみ、谷原希美、佐倉ねね、椎名そら、河南実里、佐々木あき、波多野結衣、鈴木心春、JULIA、濱松愛季、伊東ちなみ、RION,https://www.javbus.com/RBB-132,
MKCK-209 E-BODY10周年記念 世界に誇るスーパーボディ大百科BEST AV史上最強＆最高のボディコレクション 100人100SEX 12時間スペシャル,MKCK-209 E-BODY10周年記念 世界に誇るスーパーボディ大百科BEST AV史上最強＆最高のボディコレクション 100人100SEX 12時間スペシャル,MKCK-209,,2018-05-13,720分鐘,,E-BODY,E-BODY,,苗條、合集、花癡、巨尻、巨乳、DMM獨家,上原亜衣、かすみりさ、司ミコト、茜あずさ、林ゆな、片平あかね、ほしの景子、RION、結月恭子、百々谷りあ、並樹ひかり、篠田あゆみ、波多野結衣、蓮実クレア、クロエ、里美ゆりあ、西條るり、春菜はな、宮森なほ、椎名ゆな、吹石れな、竹内あい、森川アンナ、若菜奈央、皆川エレナ、浜崎なお、佐倉ねね、新美もも、佐々木エリー、水川かずは、音無レナ、若槻みづな、美咲ゆう、姫野ゆうり、西条沙羅、吉川あいみ、希咲エマ（HARUKI、加藤はる希）、羽海野まお、橋本あんな、村上涼子（中村りかこ、黒木菜穂）、雪染ちな、上原保奈美、沖田杏梨、佳山三花、水稀みり、双葉良香、堀越なぎさ、三島奈津子、鶴田かな、水澤りこ、能美ちなつ、小椋かをり、桃瀬友梨奈、果瀬はるな、青野セイラ、リリィ、霧島さくら、杏、鈴森ローサ、初音みのり、深田ナナ、有森涼（事原みゆ）、本田岬、長谷川リホ、赤井美月、JULIA、三浦恵理子、杏美月、風間ゆみ、北川瞳、桜ここみ、浜崎真緒、谷山智美、美国沙耶、麻美ゆま、横田キャサリンみつ貴、後藤里香、めぐり（藤浦めぐ）、堺希美、清城ゆき、中村推菜、藤白はな、篠崎ゆう、塚田詩織、八神さおり、祈里きすみ、美竹すず、NAOMI、ケイラ、Hitomi（田中瞳）、尾上若葉、椎名まりな、水野朝陽、奥田咲、ティア、蒼井楓、沢尻真未、胡桃華,https://www.javbus.com/MKCK-209,
MKCK-211 美人かつすっごいカラダ 奇跡！！巨乳でクビレてて顔も美しすぎるパーフェクト女優たち 31人8時間コレクション,MKCK-211 美人かつすっごいカラダ 奇跡！！巨乳でクビレてて顔も美しすぎるパーフェクト女優たち 31人8時間コレクション,MKCK-211,,2018-05-12,480分鐘,,E-BODY,E-BODY,,合集、花癡、美少女、乳房、巨乳、DMM獨家,麻美ゆま、上原亜衣、里美ゆりあ、鶴田かな、奥田咲、吉川あいみ、ほしの景子、桃瀬友梨奈、RION、結月恭子、初音みのり、さとう遥希、西條るり、北川瞳、美竹すず、八神さおり、鈴木心春、堺希美、若菜奈央、佐倉ねね、めぐり（藤浦めぐ）、羽海野まお、美国沙耶、AIKA、JULIA、ティア、鈴木真夕、桜ここみ,https://www.javbus.com/MKCK-211,
MIZD-094 「超ビ・ン・カ・ン！」透き通るピンク色の乳首いじくり絶頂FUCKベスト4時間,MIZD-094 「超ビ・ン・カ・ン！」透き通るピンク色の乳首いじくり絶頂FUCKベスト4時間,MIZD-094,,2018-04-28,240分鐘,,ムーディーズ,MOODYZBest,,合集、數位馬賽克、乳房、女上位、巨乳、DMM獨家、貧乳・微乳,波多野結衣、椎名そら、佐々木あき、あおいれな、北川ゆず、姫川ゆうな、篠崎みお、小谷みのり、西宮このみ、愛瀬美希、美谷朱里、伊東ちなみ、つぼみ、冬月かえで、JULIA、あべみかこ、本田岬、きみと歩実、初川みなみ、三原ほのか、若菜奈央、石川祐奈,https://www.javbus.com/MIZD-094,
MIZD-053 セックスよりも気持ち良い本気の絶頂オナニー100連発,MIZD-053 セックスよりも気持ち良い本気の絶頂オナニー100連発,MIZD-053,,2018-04-13,240分鐘,,ムーディーズ,MOODYZBest,,潮吹、合集、美少女、數位馬賽克、DMM獨家、自慰,波多野結衣、倉多まお、あべみかこ、槇原愛菜、塚田詩織、初川みなみ、西田カリナ、篠田あゆみ、森川涼花、椎名そら、成瀬心美（ここみ）、西野翔、浅乃ハルミ、ましろ杏、秋山祥子、周防ゆきこ、菅野さゆき、JULIA、上原保奈美、AIKA、沖田杏梨、里美ゆりあ、澤村レイコ（高坂保奈美、高坂ますみ）、つぼみ、早川瀬里奈、芦名未帆（稲森しほり）、二宮沙樹、Hitomi（田中瞳）、織田真子、初音みのり、真田春香、佐山愛、大橋未久、めぐり（藤浦めぐ）、神咲詩織、上原亜衣、佳苗るか、ANRI、星空もあ、澁谷果歩、香山美桜、なつめ愛莉、桜ちなみ、折原ほのか、サリー、大島美緒、佐々木あき、向井藍、心花ゆら、芹沢ひとみ、鈴原エミリ、尾上若葉、本田岬、水野朝陽、桜井あゆ、湊莉久、西川ゆい、夏目彩春、乙葉ななせ,https://www.javbus.com/MIZD-053,
PPBD-142 オッパイ揉みながら同時イキ BEST8時間,PPBD-142 オッパイ揉みながら同時イキ BEST8時間,PPBD-142,,2018-03-24,480分鐘,,OPPAI,OPPAI,,乳交、合集、戀乳癖、中出、巨乳、DMM獨家,JULIA、Hitomi（田中瞳）、神咲詩織、倉多まお、平真凛、君島みお,https://www.javbus.com/PPBD-142,
MIZD-086 はじめての真性中出し解禁8時間16本番BEST,MIZD-086 はじめての真性中出し解禁8時間16本番BEST,MIZD-086,,2018-03-24,480分鐘,,ムーディーズ,MOODYZBest,,合集、美少女、數位馬賽克、中出、4小時以上作品、巨乳、DMM獨家,JULIA、秋山祥子、神咲詩織、木下あずみ、鈴羽みう、西田カリナ、千早希、河南実里,https://www.javbus.com/MIZD-086,
MKCK-206 イッた直後の敏感オマ●コ再び激突き！追い打ちピストンのけ反り性交,MKCK-206 イッた直後の敏感オマ●コ再び激突き！追い打ちピストンのけ反り性交,MKCK-206,,2018-03-10,480分鐘,,E-BODY,E-BODY,,合集、花癡、4小時以上作品、巨尻、巨乳、DMM獨家,吉川あいみ、茜あずさ、はるか奏、ケイラ、井上みわ、深田ナナ、後藤里香、霧島さくら、結月恭子、並樹ひかり、佐倉ねね、なつき、中村推菜、JULIA、鈴木心春、能美ちなつ、NAOMI、小椋かをり、水澤りこ、桃瀬友梨奈、三島奈津子、岡沢リナ、浜崎なお、清城ゆき、堀越なぎさ、八神さおり、皆川エレナ、新美もも、ほしの景子、鈴木真夕、ティア、塚田詩織、赤井美月、本田岬、長谷川リホ、立川理恵、芦名ユリア、奥田咲、吉永あかね、槇原愛菜、蒼井楓、果瀬はるな、サリー、片平あかね、西条沙羅、杏,https://www.javbus.com/MKCK-206,
RBB-120 零れ落ちるほどのむっちり肉感。ピッタピタで魅せられる曲線美。カラダに吸い付くピタコスSEX8時間BEST,RBB-120 零れ落ちるほどのむっちり肉感。ピッタピタで魅せられる曲線美。カラダに吸い付くピタコスSEX8時間BEST,RBB-120,,2018-03-03,480分鐘,,ROOKIE,ROOKIE,,其他戀物癖、合集、美少女、泳裝、巨乳、DMM獨家,小西悠、佐山愛、早川瀬里奈、希崎ジェシカ、天海つばさ、春菜はな、長谷川リホ、ティア、松本メイ、赤井美月、里美ゆりあ、卯水咲流、大場ゆい、森はるら、緒川りお、伊東紅、涼木みらい、霧島さくら、麻倉憂、めぐり（藤浦めぐ）、紅音レイラ、葵、美竹すず、Hitomi（田中瞳）、園田みおん、風間ゆみ、天使もえ、香山美桜、みづなれい（みずなれい）、雅さやか、千乃あずみ、宇佐美まい、七草ちとせ、さくら悠、沖田奈々、湊莉久、波多野結衣、本田岬、さとう遥希、JULIA、葵つかさ、倉多まお、つぼみ、有森涼（事原みゆ）、蓮実クレア、北川瞳、麻美ゆま、桜ここみ、かすみ果穂、木南日菜,https://www.javbus.com/RBB-120,
RBB-127 発射寸前！我慢汁垂れ流しの気持ちいいフェラチオ150連射8時間,RBB-127 発射寸前！我慢汁垂れ流しの気持ちいいフェラチオ150連射8時間,RBB-127,,2018-02-24,480分鐘,,ROOKIE,ROOKIE,発射寸前！我慢汁垂れ流しの気持ちいいフェラチオ,蕩婦、口交、合集、4小時以上作品、DMM獨家,JULIA、希美まゆ、丘咲エミリ、東凛、天使もえ、谷原希美、三上悠亜、桃乃木かな、鳴沢ゆり、橋本ありな、涼海みさ、きみと歩実、稀夕らら、皆道あゆむ、上原花恋、池端真実、広瀬うみ、川上奈々美、夏目彩春、南祥子、鮎川柚姫、松嶋葵、春菜はな、里美ゆりあ、木南日菜、花咲いあん、坂口れな、サリー、波多野結衣、大島美緒、水卜さくら、めぐり（藤浦めぐ）、大島優香、篠宮玲奈、愛瀬美希、松岡玲奈、通野未帆、神谷みなみ、美玲、湊莉久、神山なな、堺希美、立花瑠莉、今宮いずみ、榊梨々亜、葵つかさ、一色桃子、佐倉ねね、江奈るり、水川ひなこ、星崎琴音、新村あかり、星井笑、日比乃さとみ、千早希、跡美しゅり、冬月かえで、本田莉子、碧しの（篠めぐみ）、初美沙希、倉多まお、枢木みかん、本田岬、心花ゆら、緒川りお、宮沢ゆかり、小谷みのり、吉沢明歩、星空キラリ、ゆいかまな、麻倉憂、佐々木あき、安達かすみ、西宮ゆめ、あべみかこ、若槻みづな、椎名そら、稲村ひかり、蓮実クレア、森はるら、美月レイア、新川みなせ、紗々原ゆり、新道ありさ、桐嶋りの、宮崎あや、鈴木真夕、中村推菜、愛華みれい、麻丘みゆう、幸田ユマ、千野くるみ、緒奈もえ、KAORI、桃園怜奈、吉川あいみ、水原梨花、かすみ果穂、あおいれな、水谷心音（藤崎りお）、舞島あかり、夢乃あいか、なつめ愛莉、由比まなみ、中村知恵、小島みなみ、白木優子、霧島かほ、姫川ゆうな、宮藤尚美、輝月あんり、羽咲みはる、中森いつき、月島ななこ、つぼみ、白川麻衣、天海つばさ、上原亜衣、希崎ジェシカ、夏川あかり、森苺莉、Ai、日向曜、宇垣ちさと、さくらゆら、神咲詩織、初川みなみ、栄川乃亜、麻里梨夏、穂高結花、明里つむぎ、伊東ちなみ、若菜奈央、澁谷果歩,https://www.javbus.com/RBB-127,
MKCK-187 神体型くびれボイン ほっっそいクセに出るトコ出てる奇跡のプロポーション52体8時間,MKCK-187 神体型くびれボイン ほっっそいクセに出るトコ出てる奇跡のプロポーション52体8時間,MKCK-187,,2018-02-24,480分鐘,,E-BODY,E-BODY,,合集、女上位、4小時以上作品、巨尻、巨乳、DMM獨家,椎名ゆな、鈴木心春、林ゆな、鈴森ローサ、岩佐萌、相澤ゆりな、新美もも、天音響、浜崎なお、清城ゆき、桃瀬友梨奈、尾崎ののか、美竹すず、宮森なほ、小椋かをり、片平あかね、能美ちなつ、城田アンナ、JULIA、中村推菜、ティア、NAOMI、前田朱里、AIKA、笹本梓、ほしの景子、美咲ゆう、深田ナナ、上原亜衣、堺希美、茜あずさ、皆川エレナ、吉川あいみ、逢沢はるか（黒木琴音）、波多野結衣、沢尻真未、岡沢リナ、サリー、麻美ゆま,https://www.javbus.com/MKCK-187,
MIZD-049 絶対にイカせる激ピストンvsしがみついてイキ我慢する女4時間BEST,MIZD-049 絶対にイカせる激ピストンvsしがみついてイキ我慢する女4時間BEST,MIZD-049,,2018-02-24,240分鐘,,ムーディーズ,MOODYZBest,,苗條、合集、姐姐、數位馬賽克、汗だく、巨乳、DMM獨家,JULIA、佐山愛、秋山祥子、二宮沙樹、織田真子、香月悠梨、鶴田かな、尾上若葉、知花メイサ、佐々木あき、AIKA、西野翔、上原亜衣、里美ゆりあ、水谷心音（藤崎りお）、初音みのり、絵色千佳、つぼみ、倉多まお、めぐり（藤浦めぐ）、大橋未久、神咲詩織、Hitomi（田中瞳）、吹石れな、西川ゆい、水城奈緒、さくらえな、跡美しゅり、月城ルネ、菅野さゆき、芦名未帆（稲森しほり）、大島美緒、保坂えり、周防ゆきこ、更田まき、Maika（MEW）、佳苗るか、丘咲エミリ,https://www.javbus.com/MIZD-049,
PPBD-139 スペンス乳腺開発クリニック8タイトル大ボリューム480分BEST,PPBD-139 スペンス乳腺開発クリニック8タイトル大ボリューム480分BEST,PPBD-139,,2018-02-03,480分鐘,,OPPAI,OPPAI,スペンス乳腺開発クリニック,乳交、潮吹、合集、戀乳癖、中出、高畫質、DMM獨家,JULIA、波多野結衣、AIKA、Hitomi（田中瞳）、めぐり（藤浦めぐ）、水野朝陽、谷原希美、三原ほのか,https://www.javbus.com/PPBD-139,
REBDB-279 REbecca STARS5-The beauties-,REBDB-279 REbecca STARS5-The beauties-,REBDB-279,,2018-02-02,197分鐘,,REbecca,REbecca,REbeccaSTARS,偶像藝人、合集、介紹影片、高畫質,JULIA、上原瑞穂、湊莉久、白石茉莉奈、橘ましろ、篠田あゆみ、天使もえ、松岡ちな、園田みおん、佐々木あき、澁谷果歩、高千穂すず,https://www.javbus.com/REBDB-279,
MIZD-082 「チクビとれちゃうってばぁ」と言っても触り続ける！悶絶！ビクビク敏感乳首こねくりっ放しBEST,MIZD-082 「チクビとれちゃうってばぁ」と言っても触り続ける！悶絶！ビクビク敏感乳首こねくりっ放しBEST,MIZD-082,,2018-01-27,240分鐘,,ムーディーズ,MOODYZBest,,其他戀物癖、合集、數位馬賽克、乳房、巨乳、DMM獨家、貧乳・微乳,初川みなみ、若菜奈央、伊東ちなみ、跡美しゅり、中西翔子、椎名そら、佐々木あき、あおいれな、麻里梨夏、篠崎みお、小谷みのり、河南実里、土屋あさみ、桜井彩、本田岬、あべみかこ、神咲詩織、JULIA、秋山祥子、佐山愛、つぼみ、紗藤まゆ、山川ゆな,https://www.javbus.com/MIZD-082,
REAL-665 悶絶射精寸止め無間地獄 4時間BEST,REAL-665 悶絶射精寸止め無間地獄 4時間BEST,REAL-665,,2018-01-26,240分鐘,K太郎,レアルワークス,REAL（レアルワークス）,,合集、淫語、女上位、4小時以上作品、高畫質、打手槍,JULIA、波多野結衣、大槻ひびき、上原亜衣、篠田ゆう、春原未来、蓮実クレア、松本メイ、浜崎真緒、跡美しゅり、椎名そら,https://www.javbus.com/REAL-665,
BDSR-330 ★配信限定特典付★これで抜けなかったら神。出し惜しみ一切なしの最強打線！細いのに巨乳な最高ボディ美女のガッチガチ生本番濃厚セックス。12人4時間,BDSR-330 ★配信限定特典付★これで抜けなかったら神。出し惜しみ一切なしの最強打線！細いのに巨乳な最高ボディ美女のガッチガチ生本番濃厚セックス。12人4時間,BDSR-330,,2018-01-25,301分鐘,メカテス武田,ビッグモーカル,BIGMORKAL,,苗條、第一人稱攝影、屁股、4小時以上作品、高畫質、巨乳、內衣,かすみ果穂、JULIA、小倉ゆず、沖田杏梨、小早川怜子、本田莉子、鈴村いろは、三原ほのか,https://www.javbus.com/BDSR-330,
PPBD-141 2017年OPPAI総集編480分！,PPBD-141 2017年OPPAI総集編480分！,PPBD-141,,2018-01-13,480分鐘,,OPPAI,OPPAI,OPPAI総集編,蕩婦、乳交、合集、中出、巨乳、DMM獨家,JULIA、Hitomi（田中瞳）、水野朝陽、浅田結梨、香椎りあ、今宮いずみ、藤咲エレン、三島奈津子、玉木なるみ、雛菊つばさ、逢坂はるな、桜井彩、本田岬、倉多まお、神咲詩織、小西悠、水城奈緒、佐山愛、めぐり（藤浦めぐ）、春菜はな、小向美奈子、三原ほのか、中村知恵、君島みお、平真凛、霧島さくら、石原ニコル、白川サユ、清城ゆき、NAOMI、若菜奈央、真白ここ,https://www.javbus.com/PPBD-141,
MIZD-079 「もうイッてるってばぁ！」状態で追撃ピストンSEXベスト4時間,MIZD-079 「もうイッてるってばぁ！」状態で追撃ピストンSEXベスト4時間,MIZD-079,,2017-12-27,240分鐘,,ムーディーズ,MOODYZBest,,潮吹、合集、已婚婦女、美少女、數位馬賽克、中出、巨乳、DMM獨家,JULIA、椎名そら、佐々木あき、麻里梨夏、今宮いずみ、姫川ゆうな、宮沢ゆかり、栄川乃亜、河北はるな、河南実里、瞳ひかる、小谷みのり、立花瑠莉、篠崎みお、白雪心々奈、北川ゆず、桃瀬ゆり、跡美しゅり、若菜奈央、穂高結花、水野朝陽、きみと歩実、あべみかこ、神咲詩織、秋山祥子、冬月かえで、つぼみ、江奈るり、あおいれな、山川ゆな,https://www.javbus.com/MIZD-079,
OKAX-319 悶絶洪水！鬼イカセ！大量潮吹き50人4時間,OKAX-319 悶絶洪水！鬼イカセ！大量潮吹き50人4時間,OKAX-319,,2017-12-22,240分鐘,,ケイ・エム・プロデュース,おかず。,,潮吹、凌辱、4小時以上作品、手指插入、高畫質、肛交,成瀬心美（ここみ）、JULIA、琥珀うた、波多野結衣、上原亜衣、竹内紗里奈、神波多一花、浜崎真緒、一条リオン、向井藍、木村つな、篠田ゆう、中西まや、矢吹杏、武藤クレア、伊沢美春（伊沢美晴）、青木りん、あすか光希、枢木みかん、水澤まお（永沢まおみ）、朝桐光、悠月舞、樹花凜（七咲楓花）、板野有紀、松本まりな、水嶋あい、碧しの（篠めぐみ）、紗奈、浅乃ハルミ、舞野いつき、仁科百華、小西まりえ、立花樹里亜、北条麻妃、桜りお、愛音まひろ、大沢美加（廣田まりこ）、さとう遥希、宇佐美なな、篠宮ゆり、坂東ゆうな、保志美あすか、星野あかり、桜ちずる、武井麻希、哀川りん,https://www.javbus.com/OKAX-319,
MIZD-076 MOODYZ 2017年上半期152タイトルBEST 480分,MIZD-076 MOODYZ 2017年上半期152タイトルBEST 480分,MIZD-076,,2017-12-09,480分鐘,,ムーディーズ,MOODYZBest,MOODYZ○○○○年○半期,蕩婦、合集、屁股、數位馬賽克、凌辱、巨乳、DMM獨家,神咲詩織、きみと歩実、初川みなみ、二宮和香、緒奈もえ、今井真由美、佐川はるみ、西宮このみ、澄川鮎、ゆいちゃん、輝月あんり、雛菊つばさ、不二まこ、雫みあ、星咲伶美、七海ゆあ、咲良つむぎ、明海こう（小泉まり）、MIRANO、枢木みかん、長澤ルナ、白雪心々奈、今永亜美、竹内真琴、涼川絢音、佳苗るか、成海夏季、北川ゆず、矢澤美々、涼海みさ、美竹すず、関根奈美、浅田結梨、佐々波綾、めぐり（藤浦めぐ）、若菜奈央、若槻みづな、一条リオン、あおいれな、二階堂ゆり、由來ちとせ、通野未帆、桃瀬ゆり、中森いつき、松岡玲奈、川崎亜里沙、星あんず、芹沢ゆず、百瀬ひまり、三宅美香、河南実里、北見かなみ、谷原希美、千早希、立花瑠莉、小谷みのり、西田カリナ、有村みかこ、丸山れおな、宮沢ゆかり、姫川ゆうな、朝倉ことみ、かなで自由、跡美しゅり、水野朝陽、瞳ひかる、麻里梨夏、波多野結衣、大槻ひびき、広瀬うみ、小野寺梨紗、秋山祥子、JULIA、あべみかこ、今宮いずみ、河北はるな、冬月かえで、つぼみ、あず希、篠崎みお、椎名そら、栄川乃亜、穂高結花、桜井彩、本田岬、佐々木あき、伊東ちなみ、笹倉杏,https://www.javbus.com/MIZD-076,
MKCK-201 ボインなのにクビレすぎ！日本に2％しかいないと言われるスリム爆乳BODY50体コレクション8時間2,MKCK-201 ボインなのにクビレすぎ！日本に2％しかいないと言われるスリム爆乳BODY50体コレクション8時間2,MKCK-201,,2017-12-09,480分鐘,,E-BODY,E-BODY,スリム爆乳BODYコレクション,合集、女上位、4小時以上作品、巨尻、巨乳、DMM獨家,鈴木心春、桃瀬友梨奈、NAOMI、浜崎なお、清城ゆき、皆川エレナ、結月恭子、双葉良香、並樹ひかり、クロエ、相澤ゆりな、JULIA、佐々木エリー、AIKA、尾崎ののか、波多野結衣、城田アンナ、若菜奈央、堺希美、ティア、岡沢リナ、佐倉ねね、天音響、三島奈津子、ほしの景子、森川アンナ、中村推菜、篠田あゆみ、美咲ゆう、藤白はな、宮森なほ、小椋かをり、美竹すず、新美もも、彩音かのん、めぐり（藤浦めぐ）、大島ひな、石倉沙緒里,https://www.javbus.com/MKCK-201,
MKMP-209 KMP15周年特別企画！！超人気鉄板企画100タイトル超豪華8時間スペシャル,MKMP-209 KMP15周年特別企画！！超人気鉄板企画100タイトル超豪華8時間スペシャル,MKMP-209,,2017-12-08,482分鐘,K太郎,ケイ・エム・プロデュース,million（ミリオン）,KMP15周年特別企画,紧缚、合集、中出、4小時以上作品、高畫質、ハーレム、高中女生、巨乳,早坂ひとみ、小沢菜穂、麻倉憂、友田彩也香、シェリー（Shelly、藤井シェリー）（しぇりー）、AIKA、みなせ優夏、蓮実クレア、美咲かんな、波木はるか、篠田あゆみ、あべみかこ、みづなれい（みずなれい）、JULIA、あおいれな、吉永あかね、椎名そら、沖田杏梨、乙葉ななせ、川菜美鈴、霧島さくら、有村千佳、河南実里、麻里梨夏、水野朝陽、湊莉久、春原未来、桜井あゆ、つぼみ、川上ゆう（森野雫）、北条麻妃、なつめ愛莉、さとう遥希、紫艶、及川奈央、上原亜衣、神咲詩織、波多野結衣、北川エリカ、星美りか、成瀬心美（ここみ）,https://www.javbus.com/MKMP-209,
MIZD-072 滑る体液が溢れる痙攣絶頂オイルFUCK,MIZD-072 滑る体液が溢れる痙攣絶頂オイルFUCK,MIZD-072,,2017-11-09,480分鐘,,ムーディーズ,MOODYZBest,,苗條、合集、戀乳癖、數位馬賽克、美容院、巨乳、DMM獨家,Hitomi（田中瞳）、めぐり（藤浦めぐ）、尾上若葉、椎名理紗、水野朝陽、南まゆ、跡美しゅり、佐々木あき、たかせ由奈、立花瑠莉、西条沙羅、JULIA、神咲詩織、西田カリナ、穂高ゆうき、佐山愛、木下あずみ、沖田杏梨、土屋あさみ、初川みなみ、つぼみ、秋山祥子,https://www.javbus.com/MIZD-072,
CJOB-024 しゃぶり尽くしノーハンドフェラBEST,CJOB-024 しゃぶり尽くしノーハンドフェラBEST,CJOB-024,,2017-10-07,240分鐘,,痴女ヘブン（美）,痴女ヘブンBEST,,蕩婦、口交、合集、淫語、姐姐、DMM獨家,水元ゆうな、妃悠愛（長澤杏奈、水原里香、木崎祐子）、村西まりな、JULIA、里美ゆりあ、緋咲アンナ、秋野千尋、蓮実クレア、事原みゆ、谷原希美、有森涼（事原みゆ）、山川青空、桜花りり、元山はるか、美月アンジェリア（アンジェリア）、優木まみ、花柄ことり、井川ゆい、綾瀬みなみ、Erina、徳島えり、跡美しゅり、椎名ゆな、桜ここみ、桜木凛、たかせ由奈、神波多一花、神納花、横山みれい、鈴音りおな,https://www.javbus.com/CJOB-024,
MIZD-070 Dcup以上限定 巨乳騎乗位,MIZD-070 Dcup以上限定 巨乳騎乗位,MIZD-070,,2017-10-07,480分鐘,,ムーディーズ,MOODYZBest,,合集、屁股、美少女、數位馬賽克、女上位、巨乳、DMM獨家,つぼみ、JULIA、穂高結花、二宮和香、椎名そら、麻里梨夏、今宮いずみ、立花瑠莉、中森いつき、河南実里、本田岬、河北はるな、水野朝陽、笹倉杏、二階堂ゆり、枢木みかん、一条リオン、有村みかこ、丸山れおな、桜井彩、初川みなみ、波多野結衣、秋山祥子、めぐり（藤浦めぐ）、美竹すず、伊東ちなみ、若菜奈央、通野未帆、神咲詩織、谷原希美、由來ちとせ、桐嶋りの,https://www.javbus.com/MIZD-070,
BOMN-211 自らおっぱいをただひたすらに刺激する セルフ揉み舐めオナニー,BOMN-211 自らおっぱいをただひたすらに刺激する セルフ揉み舐めオナニー,BOMN-211,,2017-09-14,240分鐘,,ABC/妄想族,BoinBB/ABC,,合集、戀乳癖、超乳、巨乳、DMM獨家、自慰,JULIA、眞野さくら、吉永あかね、七草ちとせ、ひなみるか、澁谷果歩、折原ほのか、甘良しずく、北嶋あん、霧島さくら,https://www.javbus.com/BOMN-211,
PPBD-138 息子の巨乳妻を確実に孕ませたい 8タイトル大ボリューム8時間BEST,PPBD-138 息子の巨乳妻を確実に孕ませたい 8タイトル大ボリューム8時間BEST,PPBD-138,,2017-09-14,480分鐘,,OPPAI,OPPAI,息子の巨乳妻を確実に孕ませたい,合集、已婚婦女、中出、巨乳、DMM獨家,JULIA、佐山愛、Hitomi（田中瞳）、水野朝陽、篠田あゆみ、松坂美紀、吹石れな、笹倉杏,https://www.javbus.com/PPBD-138,
GAOR-120 オレのカノジョ オーラル ベスト コンプリート 2,GAOR-120 オレのカノジョ オーラル ベスト コンプリート 2,GAOR-120,,2017-06-25,240分鐘,,GARDEN,オレカノ,○○はオレのカノジョ。,口交、合集、美少女、高畫質、猥褻穿著、泳裝、DMM獨家、打手槍,JULIA、希崎ジェシカ、希美まゆ、奥田咲、彩乃なな、松岡ちな、桃乃木かな、三島奈津子、戸田真琴、秋吉花音、赤根京、川上奈々美、AIKA、鈴木心春,https://www.javbus.com/GAOR-120,
MKMP-172 人気AV監督によるAV女優ランキング！4時間ベスト,MKMP-172 人気AV監督によるAV女優ランキング！4時間ベスト,MKMP-172,,2017-06-09,241分鐘,K太郎,ケイ・エム・プロデュース,million（ミリオン）,,其他戀物癖、合集、纪录片、美少女、深喉、女上位、4小時以上作品、高畫質,JULIA、琥珀うた、波多野結衣、大槻ひびき、上原亜衣、AIKA、初美沙希、佐々木あき、あおいれな、麻里梨夏、星美りか、愛須心亜、神咲詩織、桜井あゆ、佐倉絆、澁谷果歩,https://www.javbus.com/MKMP-172,
PPBD-135 寝ているだけで巨乳が跨ってピストンしてくれるラクで気持ちいい騎乗位,PPBD-135 寝ているだけで巨乳が跨ってピストンしてくれるラクで気持ちいい騎乗位,PPBD-135,,2017-05-27,240分鐘,,OPPAI,OPPAI,,合集、戀乳癖、女上位、4小時以上作品、巨乳、DMM獨家,JULIA、西條るり、AIKA、Hitomi（田中瞳）、KAORI、水野朝陽、成宮みこと、吹石れな、星空キラリ、水野らん、天音ありす、篠田あゆみ、笹倉杏、桜ちなみ、佐山愛、吉川あいみ、稀夕らら、沖田杏梨、羽生ありさ、三上絵理香、澁谷果歩,https://www.javbus.com/PPBD-135,
MIZD-061 猿轡レ×プ調教 大ボリューム8タイトル8時間BEST,MIZD-061 猿轡レ×プ調教 大ボリューム8タイトル8時間BEST,MIZD-061,,2017-05-27,480分鐘,,ムーディーズ,MOODYZBest,猿轡レ×プ調教,合集、數位馬賽克、性奴、凌辱、キス・接吻、巨乳、DMM獨家,川上ゆう（森野雫）、JULIA、小西悠、波多野結衣、椎名ゆな、沖田杏梨、大場ゆい、佐々木あき,https://www.javbus.com/MIZD-061,
MKCK-188 ロケット乳・釣鐘乳・美白乳・お椀乳 日本女性すべての乳房タイプを揃えた E-BODY9年間史記念作品 巨乳図鑑300選24時間,MKCK-188 ロケット乳・釣鐘乳・美白乳・お椀乳 日本女性すべての乳房タイプを揃えた E-BODY9年間史記念作品 巨乳図鑑300選24時間,MKCK-188,,2017-05-11,1440分鐘,,E-BODY,E-BODY,,合集、戀乳癖、超乳、16時間以上作品、巨乳、DMM獨家,菅野さゆき、塚田詩織、澁谷果歩、小西みか、笹本梓、藤白はな、能美ちなつ、八ッ橋さい子、真白ゆず、天音響、若菜ちえ、潮絢那、二葉しずく、成瀬みゆ、瀬戸ひまり、橋本麻衣子、友原ももか、沖田奈々、甘良しずく、美咲杏、鈴屋いちご、松下美雪、永瀬里美、中山理莉、穂高ゆうき、神木優愛、篠田あさみ、桃華マリエ、浅見せり、柏木みあ、瑞樹らら、三好亜矢、穂積すず、高嶋ゆいか、北井杏樹、三原ほのか、高城ゆい、宮坂レイア、瀬戸みずほ、仁科百華、武藤クレア、愛原さえ、あすか光希、春菜はな、アンジェ、たなか唯、大澤愛美、姫野ゆうり、杏美月、瑞乃ありさ、横山みれい、大橋ひとみ、星咲優菜、長谷川リホ、高橋エミリー、月本るい（宮原友里絵）、永作ゆう美、若林美保、堀北七海、Conomi、希咲エマ（HARUKI、加藤はる希）、逢沢はるか（黒木琴音）、綾見ひなの、湖南みるく、井上みわ、沢尻真未、星野ひびき、蓮実クレア、濱口えな、ほしの景子、宮森なほ、尾崎ののか、水澤りこ、水野らん、なおい夕羅、赤井美月、森咲みお、周防ゆきこ、松すみれ、桜ももい、相原ひとみ、白川ゆかり、沖田杏梨、ももかさくら、水城奈緒、森ななこ、愛沢有紗、麻生早苗、星野来夢、蒼井まなみ、舞咲みくに、吉永あかね、原千草、入江愛美、保坂えり、かすみりさ、井上瞳、及川はるな、吉澤留美、浅香蘭、綾川まどか、仲村茉莉恵、はるか奏、青葉ゆな、西條カレン、青空小夏、椎名ゆな、仲西なつき、青野セイラ、片平あかね、サリー、波多野結衣、三喜本のぞみ、吹石れな、JULIA、麻美ゆま、桜乃ゆいな、三島奈津子、篠田あゆみ、上条めぐ（三浦芽依）、恵けい、美咲結衣、桜ここみ、水咲カレン、ゆうきさやか、上原もね、菅野みいな、西山真理、日向リサ、愛乃ゆな、里美ゆりあ、麻生ゆう、千乃あずみ、桃瀬友梨奈、篠原優、藤堂ルシア、尾上若葉、弓束ちはや、神川ひな、西條るり、橘優花、山手栞、槇原愛菜、鈴村いろは、島崎麻友、長瀬あおい、乃美智香、ケイラ、鶴田かな、里中結衣、青山茉利奈、八束みこと、七草ちとせ、奥田かなえ、美咲ゆう、佐々木ゆい、小椋かをり、AIKA、清塚那奈、八神さおり、浜崎なお、長谷川杏実（長谷川杏美）、上村あずさ、竹内あい、秋野千尋、夏木千絵、北川瞳、佐々木はるか、辻井美穂、北村わか、青山沙希、Erina、安達亜美、原望美、今村なつ、美月優芽、牧瀬みさ、新山かえで、小泉真希、芦名ユリア、南條ユナ、ももい理乃、小島優花、新城あゆみ、弘前かな、青葉優香、司ミコト、咲楽アンナ、松野朱里、加山なつこ、生成うい、宇佐木もも、福田沙耶、倉多まお、ゆいの、本田莉子、かすみ果穂、美竹すず、彩奈リナ（七原あかり）、果瀬はるな、篠崎ゆう、高倉舞、佐々木エリー、鈴木心春、新美もも、安達かすみ、佐倉ねね、ティア、NAOMI、浅乃ハルミ、すずきりりか、百花エミリ、眞乃かすみ、小鳥遊瀬那、あざみねね、小沢アリス、小峰ひなた、大島あいる、秋月めい、長澤あずさ、一条綺美香、一色まりな、原沢ゆうあ、知花メイサ、桜木美央、立川理恵、工藤美紗、三浦恵理子、愛実れい、小宮涼菜、百合川さら、水城唯、上原亜衣、茜あずさ、有森涼（事原みゆ）、千秋華、西条沙羅、吉川あいみ、綾瀬れん、橋本あんな、浜崎真緒、香山美桜、北川エリカ、結城かずは、若槻みづな、西川りおん、綾瀬みなみ、西村ニーナ、前田朱里、鈴木真夕、城田アンナ、岡沢リナ、真田美樹、風間ゆみ、相澤ゆりな、岩佐萌、奥田咲、初音みのり、山田マリコ、来栖ひなた、成美雪菜、陽菜、愛乃、桜木莉愛（かじか凛）、上原保奈美、さとう遥希、青山菜々、米崎真理、愛乃なみ、水野朝陽、佳山三花、鈴森ローサ、徳永亜美、ましろ杏、哀川りん、蒼井楓、桃乃誉、小倉多絵、浜田理丘、霧島さくら、佐伯ゆきな、松坂美紀、白咲梓、本田岬、知世奏,https://www.javbus.com/MKCK-188,
MKCK-193 E-BODYプレミアムBEST 2016全109タイトル全部入り12時間,MKCK-193 E-BODYプレミアムBEST 2016全109タイトル全部入り12時間,MKCK-193,,2017-04-27,720分鐘,,E-BODY,E-BODY,E-BODYプレミアムBEST,合集、花癡、乳房、巨尻、巨乳、DMM獨家,鈴木真夕、三喜本のぞみ、ほしの景子、NAOMI、桜乃ゆいな、新美もも、佐倉ねね、天音響、岡沢リナ、安達かすみ、成瀬みゆ、ティア、相澤ゆりな、奥田咲、水澤りこ、JULIA、鈴木心春、前田朱里、桃瀬友梨奈、宮森なほ、佐々木エリー、美竹すず、小椋かをり、尾崎ののか、能美ちなつ、AIKA、三原ほのか、吹石れな、清城ゆき、八神さおり、菅野さゆき、塚田詩織、小西みか、澁谷果歩、真田美樹、西尾れむ、浜崎なお、なおい夕羅、三島奈津子、城田アンナ、清塚那奈、吉川あいみ,https://www.javbus.com/MKCK-193,
MIZD-063 男が潮吹いたりすんげぇ発射しちゃう！女神の痴女テク60連発8時間 VOL.3,MIZD-063 男が潮吹いたりすんげぇ発射しちゃう！女神の痴女テク60連発8時間 VOL.3,MIZD-063,,2017-04-27,480分鐘,,ムーディーズ,MOODYZBest,女神の痴女テク,蕩婦、乳交、合集、數位馬賽克、DMM獨家、打手槍,川上ゆう（森野雫）、JULIA、秋山祥子、神咲詩織、水野朝陽、千乃あずみ、真野ゆりあ、初川みなみ、跡美しゅり、倉持りん（望月さくら）、倉多まお、大場ゆい、大島美緒、板垣あずさ、北乃ちか、本田莉子、蓮実クレア、初音みのり、篠崎みお、七草ちとせ、AIKA、KAORI、あおいれな、あべみかこ、たかせ由奈、ももい理乃、卯水咲流、栄川乃亜、吉川あいみ、宮沢ゆかり、香山美桜、佐山愛、桜井あゆ、澁谷果歩,https://www.javbus.com/MIZD-063,
BOMN-199 BEST OF BEST 【四つん這いの垂れ下がった爆乳を下から揉み舐め吸う】,BOMN-199 BEST OF BEST 【四つん這いの垂れ下がった爆乳を下から揉み舐め吸う】,BOMN-199,,2017-04-27,240分鐘,,ABC/妄想族,BoinBB/ABC,,合集、戀乳癖、超乳、巨乳、DMM獨家,JULIA、吉永あかね、ももい理乃、塚田詩織、春日もな、七草ちとせ、ひなみるか、河西希、小西みか、佐倉あゆ,https://www.javbus.com/BOMN-199,
RBB-118 S級女優100人のケツ穴丸見え！ノンストップ背面騎乗位8時間 Ver.2,RBB-118 S級女優100人のケツ穴丸見え！ノンストップ背面騎乗位8時間 Ver.2,RBB-118,,2017-03-16,480分鐘,,ROOKIE,ROOKIE,ノンストップ背面騎乗位,屁股、中出、巨尻、高中女生、巨乳、DMM獨家,つぼみ、JULIA、Rio（柚木ティナ）、AIKA、きみと歩実、さくらゆら、さとう愛理、あゆな虹恋、あおいれな、さくらみゆき,https://www.javbus.com/RBB-118,
TDOP-007 ワンペーベスト 【振る恥】腰を振るのは恥ずかしいけど気持ちいい騎乗位ダケ！ ～激しい‘腰ダンス’オチョでみんな昇天～,TDOP-007 ワンペーベスト 【振る恥】腰を振るのは恥ずかしいけど気持ちいい騎乗位ダケ！ ～激しい‘腰ダンス’オチョでみんな昇天～,TDOP-007,,2017-03-07,61分鐘,,アリスJAPAN,アリスJAPAN,トコダケ,合集、花癡、美少女、女上位、高畫質、DMM專屬、巨乳,JULIA、麻美ゆま、葵つかさ、辰巳ゆい、北川エリカ、尾上若葉、浜崎真緒、乙葉ななせ、美里有紗、長澤えりな,https://www.javbus.com/TDOP-007_2017-03-07,
XVSR-210 日本一の美乳,XVSR-210 日本一の美乳,XVSR-210,,2017-02-24,240分鐘,MAX-IKA,マックスエー,Calen,,合集、美少女、乳房、4小時以上作品、特典あり（AVベースボール）、巨乳、DMM獨家,JULIA、小倉奈々、香澄のあ、二階堂あい、長瀬麻美、春宮すず,https://www.javbus.com/XVSR-210,
MKCK-190 理性ぐちゃぐちゃ絶叫トランス性交 シリーズ全8タイトル全コーナー収録8時間,MKCK-190 理性ぐちゃぐちゃ絶叫トランス性交 シリーズ全8タイトル全コーナー収録8時間,MKCK-190,,2017-02-23,480分鐘,,E-BODY,E-BODY,理性ぐちゃぐちゃ絶叫トランス性交,性奴、女優ベスト・総集編、巨乳、DMM獨家,JULIA、AIKA、鈴木真夕、美竹すず、桃瀬友梨奈、NAOMI、小椋かをり、佐倉ねね,https://www.javbus.com/MKCK-190,
REBDB-205 REbecca STARS4-The queens-,REBDB-205 REbecca STARS4-The queens-,REBDB-205,,2017-02-16,190分鐘,,REbecca,REbecca,REbeccaSTARS,偶像藝人、合集、介紹影片、高畫質,夢乃あいか、新山らん、浅野えみ、白石茉莉奈、橘ましろ、鈴村あいり、辻本杏、美里有紗、さくらゆら、柚月あい、JULIA,https://www.javbus.com/REBDB-205,
XVSR-190 乱暴されてるのに、どうしてイッちゃうの？,XVSR-190 乱暴されてるのに、どうしてイッちゃうの？,XVSR-190,,2016-12-25,240分鐘,MAX-IKA,マックスエー,Calen,,合集、美少女、拘束、巨乳、DMM獨家,JULIA、みひろ、希志あいの、小倉奈々、咲田ありな、二階堂あい、湊莉久、紺野ひかる、長瀬麻美、彩乃なな、成海うるみ、さくらえな、水原さな、篠田あゆみ、小倉ゆず、香坂百合、つぼみ、橋本麻耶、美竹涼子、吉沢明歩、Rio（柚木ティナ）,https://www.javbus.com/XVSR-190,
RBB-113 高画質 アッツアツの精子を子宮に孕ませ中出し120発16時間,RBB-113 高画質 アッツアツの精子を子宮に孕ませ中出し120発16時間,RBB-113,,2016-12-24,960分鐘,,ROOKIE,ROOKIE,,合集、中出、16時間以上作品、DMM獨家,かすみ果穂、波多野結衣、里美ゆりあ、AIKA、鈴木心春、湊莉久、森沢かな（飯岡かなこ）、鈴原エミリ、澁谷果歩、佐々木あき、さとう愛理、丘咲エミリ、松本メイ、上原亜衣、中村知恵、森星いまり、愛須心亜、あべみかこ、卯水咲流、北条ルルカ、香月星七、七草ちとせ、杏美月、春菜はな、佳苗るか、松井優子、尾上若葉、沖田杏梨、彩奈リナ（七原あかり）、原ちとせ、霧島さくら、水谷心音（藤崎りお）、倉多まお、吹石れな、JULIA、阿部乃みく、大槻ひびき、つぼみ、西田カリナ、乙葉ななせ、三宅美香、鈴木真夕、西川ゆい、吉川あいみ、きみと歩実、なつめ愛莉、有村リア、円城ひとみ、桜ちなみ、藤嶋唯、西條るり、本田莉子、桜井みか、林ゆな、本多ちひろ、白石悠、立花はるみ、香山美桜、三浦恵理子、今村加奈子、長谷川リホ、松嶋葵、井上瞳、翔田千里、吉永あかね、朝日奈るみな（芽森しずく）、澤村レイコ（高坂保奈美、高坂ますみ）、河西希、推川ゆうり、徳永亜美、雛森みこ、野宮さとみ、小早川怜子、かすみりさ、小鳥遊はる、水野朝陽、涼川絢音、本城小百合、大井結仁、西条沙羅、安城アンナ、神尾舞、裕木まゆ、早川瀬里奈、川上ゆう（森野雫）、森はるら、青山菜々、川村まや、有森涼（事原みゆ）、悠月舞、桜りお、桃井早苗、宮部涼花、玉城マイ、二宮沙樹、柏木胡桃、千乃あずみ、霧嶋りお,https://www.javbus.com/RBB-113,
IDBD-745 大人のオンナを教えてあげる… 美人女教師がマンツーマンで誘惑手ほどき プライベートSEXレッスン26本番！,IDBD-745 大人のオンナを教えてあげる… 美人女教師がマンツーマンで誘惑手ほどき プライベートSEXレッスン26本番！,IDBD-745,,2016-10-29,480分鐘,,アイデアポケット,アイデアポケットBEST,,蕩婦、女教師、合集、淫語、數位馬賽克、處男、DMM獨家,並木優、Rio（柚木ティナ）、希志あいの、希崎ジェシカ、横山美雪、羽田あい、前田かおり、丘咲エミリ、卯水咲流、希島あいり、小暮カレン、冬月かえで、舞島あかり、里美ゆりあ、石原莉奈、美雪ありす、澁谷果歩、天海つばさ、初音みのり、JULIA、桜ここみ、本城小百合、香波りょう、かすみ果穂、木南日菜、吉沢明歩,https://www.javbus.com/IDBD-745,
PPBD-133 爆乳娘と日替わりSEX31人1ヶ月分 vol.2,PPBD-133 爆乳娘と日替わりSEX31人1ヶ月分 vol.2,PPBD-133,,2016-10-22,240分鐘,,OPPAI,OPPAI,爆乳娘と日替わりSEX,乳交、合集、戀乳癖、4小時以上作品、高畫質、巨乳、DMM獨家,JULIA、水野朝陽、霧生ゆきな、一ノ瀬なつき、宮森なほ、天音ありす、成宮みこと、吹石れな、笹倉杏、西垣るか、舞野いつき、星空キラリ、斉藤みゆ、水野らん、三上絵理香、彩奈リナ（七原あかり）、桜ちなみ、篠田あゆみ、本庄優花、塚田詩織、吉永あかね、吉川あいみ、西條るり、Hitomi（田中瞳）、めぐり（藤浦めぐ）、佐山愛、KAORI、折原ほのか、羽生ありさ,https://www.javbus.com/PPBD-133,
MIZD-041 尻肉拡げてネジ込みプレス！寝バック絶頂BEST,MIZD-041 尻肉拡げてネジ込みプレス！寝バック絶頂BEST,MIZD-041,,2016-10-15,240分鐘,,ムーディーズ,MOODYZBest,,苗條、合集、數位馬賽克、高中女生、巨乳、DMM獨家、蘿莉塔,灘ジュン、AIKA、周防ゆきこ、青山ローラ、佳苗るか、尾上若葉、桜井あゆ、阿部乃みく、さとう愛理、鈴原エミリ、澁谷果歩、桜木優希音、伊藤果夏、佐々木あき、JULIA、泉麻那、RUMIKA、亜梨、ひなのりく、橘ミオン（石川鈴華）、大橋未久、織田真子、水城奈緒、つぼみ、二宮沙樹、和葉みれい（藤白まき）、あおいれな,https://www.javbus.com/MIZD-041,
MKCK-182 高画質！黄金BODY31人 日替わりSEX8時間4,MKCK-182 高画質！黄金BODY31人 日替わりSEX8時間4,MKCK-182,,2016-10-08,480分鐘,,E-BODY,E-BODY,高画質日替わりSEX,合集、花癡、女上位、4小時以上作品、巨乳、DMM獨家,波多野結衣、AIKA、鈴木心春、小椋かをり、藤白はな、佐々木エリー、尾崎ののか、吹石れな、水澤りこ、三島奈津子、桃瀬友梨奈、鈴木真夕、桜乃ゆいな、香山美桜、中村推菜、佐倉ねね、NAOMI、美竹すず、天音響、宮森なほ、ほしの景子、三喜本のぞみ、JULIA、能美ちなつ、清塚那奈、相澤ゆりな、城田アンナ、浜崎真緒,https://www.javbus.com/MKCK-182,
MIZD-037 ハーレムフェラで美女たちに贅沢独り占めされたボク。,MIZD-037 ハーレムフェラで美女たちに贅沢独り占めされたボク。,MIZD-037,,2016-09-29,240分鐘,,ムーディーズ,MOODYZBest,,口交、合集、多P、美少女、數位馬賽克、主觀視角、DMM獨家,JULIA、大槻ひびき、椎名ゆな、AIKA、大橋未久、乃々果花、浜崎真緒、大場ゆい、川村まや、永瀬里美,https://www.javbus.com/MIZD-037,
BOMN-181 股座から覗く絶好フェチアングル 揺れ揉み爆乳フェラ,BOMN-181 股座から覗く絶好フェチアングル 揺れ揉み爆乳フェラ,BOMN-181,,2016-09-29,240分鐘,,ABC/妄想族,BoinBB/ABC,,口交、合集、戀乳癖、超乳、巨乳、DMM獨家,希咲エマ（HARUKI、加藤はる希）、JULIA、青山菜々、菜月アンナ、吉永あかね、ももい理乃、春日もな、水咲あかね、七草ちとせ、三好亜矢,https://www.javbus.com/BOMN-181,
CJOB-020 痴女のバーチャルSEXで淫語挑発されながら騎乗位で犯されるボク,CJOB-020 痴女のバーチャルSEXで淫語挑発されながら騎乗位で犯されるボク,CJOB-020,,2016-09-23,230分鐘,,痴女ヘブン（美）,痴女ヘブンBEST,,蕩婦、合集、淫語、女上位、主觀視角、DMM獨家,JULIA、AIKA、優木まみ、蓮実クレア、美咲うらん、知花メイサ、滝川かのん、水野朝陽、山川青空、澁谷果歩、穂高ゆうき、上原果歩、北川瞳、北川エリカ、みずほゆき、西野翔、小川あさ美、KAORI、川上ゆう（森野雫）、桜木凛、波多野結衣、桜ここみ、里美ゆりあ、早川伊織,https://www.javbus.com/CJOB-020,
PPBD-131 100人もの巨乳美女達にたっぷり孕ませ中出しSEX100通り,PPBD-131 100人もの巨乳美女達にたっぷり孕ませ中出しSEX100通り,PPBD-131,,2016-09-17,240分鐘,,OPPAI,OPPAI,,合集、戀乳癖、中出、4小時以上作品、巨乳、DMM獨家,水野朝陽、穂高ゆうき、松本ほのか、篠田あゆみ、かのんこゆる、ステイシー、里咲しおり、笹倉杏、水野らん、三上絵理香、大井結仁、宮森なほ、成宮みこと、立川理恵、香山美桜、愛乃まほろ、甘良しずく、徳永亜美、桜ちなみ、すなお恵、潮絢那、河西希、篠原舞、美月アンジェリア（アンジェリア）、澁谷果歩、七草ちとせ、岸杏南、松嶋葵、仲村茉莉恵、長谷部ゆい、さとう愛理、塚田詩織、推川ゆうり、ももい理乃、原千草、茜あずさ、星野ひびき、森はるら、保坂えり、本田莉子、野宮さとみ、小西なつみ、北乃ちか、浜崎真緒、尾上若葉、新山かえで、舞咲みくに、枢木みかん、星崎エミリ、美緒みくる、上原亜衣、及川はるな、持田美琴、辻井美穂、霧島さくら、吉川あいみ、響まゆ、Hitomi（田中瞳）、吉永あかね、沖田杏梨、秋吉ひな、北川瞳、菜月アンナ、仁科百華、JULIA、西條るり、平山薫、北川エリカ、青空小夏、杏美月、佐山愛、めぐり（藤浦めぐ）、波多野結衣、長澤あずさ、椎名ゆな,https://www.javbus.com/PPBD-131,
MIZD-035 デカチン超硬勃起ガポッじゅるフェラBEST,MIZD-035 デカチン超硬勃起ガポッじゅるフェラBEST,MIZD-035,,2016-09-11,240分鐘,,ムーディーズ,MOODYZBest,,蕩婦、苗條、口交、合集、數位馬賽克、キス・接吻、巨乳、DMM獨家,前田陽菜、武藤クレア、AIKA、沖田杏梨、神咲詩織、倉多まお、蓮実クレア、本田莉子、澁谷果歩、大島美緒、西川ゆい、吉川ゆあ、JULIA、秋山祥子、里美ゆりあ、Hitomi（田中瞳）、大橋未久、佐山愛、早川瀬里奈、芦名未帆（稲森しほり）、妃乃ひかり、千乃あずみ,https://www.javbus.com/MIZD-035,
MIZD-033 タイトスカート女教師 BEST8時間,MIZD-033 タイトスカート女教師 BEST8時間,MIZD-033,,2016-09-11,480分鐘,,ムーディーズ,MOODYZBest,タイトスカート女教師,蕩婦、苗條、女教師、合集、屁股、戀腿癖、數位馬賽克、DMM獨家,JULIA、波多野結衣、秋山祥子、乃々果花、長谷川リホ、蓮実クレア、卯水咲流、鈴木心春、司ミコト、西田カリナ,https://www.javbus.com/MIZD-033,
MKCK-178 E-BODY 2016上半期全58TITLE 完全COMPLETE8時間,MKCK-178 E-BODY 2016上半期全58TITLE 完全COMPLETE8時間,MKCK-178,,2016-09-11,470分鐘,,E-BODY,E-BODY,完全COMPLETE●時間,苗條、合集、花癡、乳房、巨乳、DMM獨家,JULIA、奥田咲、鈴木心春、鈴木真夕、美竹すず、三原ほのか、NAOMI、佐々木エリー、相澤ゆりな、水澤りこ、城田アンナ、八ッ橋さい子、吉川あいみ、清塚那奈、中村推菜、吹石れな、神木優愛、能美ちなつ、尾崎ののか、北井杏樹、桃瀬友梨奈、小椋かをり、前田朱里、成瀬みゆ、AIKA、鈴屋いちご、三島奈津子,https://www.javbus.com/MKCK-178,
MIZD-031 射精直前フェラチオ113連発！,MIZD-031 射精直前フェラチオ113連発！,MIZD-031,,2016-08-27,240分鐘,,ムーディーズ,MOODYZBest,,蕩婦、口交、合集、數位馬賽克、キス・接吻、巨乳、DMM獨家,JULIA、初音みのり、AIKA、乃々果花、桜井あゆ、保坂えり、原千草、神川ひな、坂口みほの、西川ゆい,https://www.javbus.com/MIZD-031,
PPBD-129 あまりに気持ち良すぎて思わずロケット射精してしまうパイズリ挟射,PPBD-129 あまりに気持ち良すぎて思わずロケット射精してしまうパイズリ挟射,PPBD-129,,2016-08-14,240分鐘,,OPPAI,OPPAI,,乳交、合集、戀乳癖、4小時以上作品、巨乳、DMM獨家,西條るり、AIKA、吉川あいみ、雪本香奈、篠原舞、美月アンジェリア（アンジェリア）、桜ちなみ、潮絢那、河西希、西垣るか、本田莉子、澁谷果歩、霧島さくら、推川ゆうり、さとう愛理、井上瞳、篠田あゆみ、尾上若葉、菜月アンナ、JULIA、北川エリカ、Hitomi（田中瞳）、波多野結衣、めぐり（藤浦めぐ）、佐山愛、KAORI、ステイシー、松嶋葵、七草ちとせ、彩奈リナ（七原あかり）、大井結仁、霧生ゆきな、一ノ瀬なつき、天音ありす、成宮みこと、笹倉杏、斉藤みゆ、徳永亜美、桜ももい、森はるら、折原ほのか、稀夕らら、西条沙羅,https://www.javbus.com/PPBD-129,
RBB-101 ドピュ！！ドピュ！！子宮に絶頂中出し！濃厚ザーメン120連発16時間,RBB-101 ドピュ！！ドピュ！！子宮に絶頂中出し！濃厚ザーメン120連発16時間,RBB-101,,2016-08-14,960分鐘,,ROOKIE,ROOKIE,,合集、中出、16時間以上作品、DMM獨家,JULIA、佐山愛、上原亜衣、杏美月、蓮実クレア、澁谷果歩、星野ひびき、なつめ愛莉、今村加奈子、北条ルルカ、宮崎あや、越川アメリ、さとう愛理、中村知恵、河西希、吉永あかね、桃瀬友梨奈、鈴木真夕、松本メイ、あべみかこ、桜ちなみ、藤本紫媛、内山まい、吹石れな、水野朝陽、浜崎真緒、宮森なほ、尾上若葉、鈴木心春、吉川あいみ、卯水咲流、川上ゆう（森野雫）、円城ひとみ、佐々木あき、南菜々、徳永亜美、穂高ゆうき、澤村レイコ（高坂保奈美、高坂ますみ）、森はるら、三浦恵理子、香山美桜、神木さやか、長谷川リホ、大場ゆい、北川エリカ、立花はるみ、渋谷美希、推川ゆうり、春菜はな、白石悠、神ユキ、本田莉子、武藤つぐみ、涼川絢音、霧嶋りお、本城小百合、西条沙羅、有村リア、青山未来、きみと歩実、森内香奈美、波多野結衣、麻倉憂、霧島さくら、朝日奈るみな（芽森しずく）、千乃あずみ、みづなれい（みずなれい）,https://www.javbus.com/RBB-101,
RBB-102 78000G 防御力1の「エロそうび」を身に付けた魅惑の女の子8時間,RBB-102 78000G 防御力1の「エロそうび」を身に付けた魅惑の女の子8時間,RBB-102,,2016-08-14,480分鐘,,ROOKIE,ROOKIE,,角色扮演、合集、4小時以上作品、DMM獨家,JULIA、吉沢明歩、AIKA、蓮実クレア、奥田咲、緒川りお、青山未来、長谷川モニカ、桃瀬友梨奈、吹石れな,https://www.javbus.com/RBB-102,
MIZD-029 射精2分前のスパート手コキ120連発,MIZD-029 射精2分前のスパート手コキ120連発,MIZD-029,,2016-08-11,240分鐘,,ムーディーズ,MOODYZBest,,蕩婦、合集、數位馬賽克、巨乳、DMM獨家、顏射、打手槍,大堀香奈、谷村早苗、JULIA、前田陽菜、小日向みく、沖田杏梨、雨宮真貴、篠原梨織、西田カリナ、香山美桜,https://www.javbus.com/MIZD-029,
PBD-331 プレミアム スタイリッシュソープゴールドBEST 480分8回転ピンクチェアコース時間内無制限発射スペシャル,PBD-331 プレミアム スタイリッシュソープゴールドBEST 480分8回転ピンクチェアコース時間内無制限発射スペシャル,PBD-331,,2016-08-05,480分鐘,,プレミアム,PREMIUMBEST,PREMIUMSTYLISHSOAP,合集、妓女、數位馬賽克、中出、DMM獨家,かすみ果穂、JULIA、波多野結衣、上原亜衣、里美ゆりあ、湊莉久、桜井あゆ、川村まや,https://www.javbus.com/PBD-331,
HMGL-144 麗しのキャンペーンガールAGAINベスト01,HMGL-144 麗しのキャンペーンガールAGAINベスト01,HMGL-144,,2016-07-30,361分鐘,カンパニー松尾,HMJM,Glamour,麗しのキャンペーンガールAGAIN,苗條、第一人稱攝影、展場女孩、合集、4小時以上作品、高畫質、巨乳,金森美奈、横山みれい、JULIA、高城ゆい、美神あおい、東条美麗,https://www.javbus.com/HMGL-144,
RBB-099 いやぁ！！だめだめだめぇぇぇっ！！！！中出しを嫌がり必死に抵抗する女を完全絶望させる中出しレ○プ 8時間,RBB-099 いやぁ！！だめだめだめぇぇぇっ！！！！中出しを嫌がり必死に抵抗する女を完全絶望させる中出しレ○プ 8時間,RBB-099,,2016-07-16,480分鐘,,ROOKIE,ROOKIE,,輪姦、中出、DMM獨家,麻倉憂、大沢美加（廣田まりこ）、JULIA、波多野結衣、雨宮真貴、佐々木はるか、蓮実クレア、片桐りの、向井一葉、黒木ルナ,https://www.javbus.com/RBB-099,
PPBD-127 バレたらヤバい状況に興奮して乳首がクリトリス状態にビンビンになった巨乳女達,PPBD-127 バレたらヤバい状況に興奮して乳首がクリトリス状態にビンビンになった巨乳女達,PPBD-127,,2016-07-16,240分鐘,,OPPAI,OPPAI,,合集、戀乳癖、姐妹、出軌、巨乳、DMM獨家,JULIA、波多野結衣、めぐり（藤浦めぐ）、原千草、さとう愛理、篠田あゆみ,https://www.javbus.com/PPBD-127,
MBYD-258 あなたがいない間に義父にレ×プされました…8時間,MBYD-258 あなたがいない間に義父にレ×プされました…8時間,MBYD-258,,2016-07-09,480分鐘,,溜池ゴロー,溜池ゴロー,あなたがいない間に義父にレイプされました…,合集、已婚婦女、新娘、年輕妻子、巨乳、DMM獨家,JULIA、青木美空、青山菜々、音無かおり、堀内美希、華原亜美、篠田あゆみ、東凛,https://www.javbus.com/MBYD-258,
IDBD-725 教え子には見せられない 先生と呼ばれている人間も裏ではバンバンSEXしているんです8時間SPECIAL,IDBD-725 教え子には見せられない 先生と呼ばれている人間も裏ではバンバンSEXしているんです8時間SPECIAL,IDBD-725,,2016-06-30,480分鐘,,アイデアポケット,アイデアポケットBEST,,蕩婦、女教師、合集、女醫生、數位馬賽克、巨乳、DMM獨家,並木優、シェリー（Shelly、藤井シェリー）（しぇりー）、Rio（柚木ティナ）、小川あさ美、希志あいの、希崎ジェシカ、前田かおり、丘咲エミリ、澁谷果歩、香波りょう、冬月かえで、水谷心音（藤崎りお）、希美まゆ、天海つばさ、桜ここみ、佳苗るか、吉沢明歩、木南日菜、原更紗、横山美雪、石原莉奈、JULIA、朝日奈あかり、初音みのり、美雪ありす、希島あいり、卯水咲流、本城小百合、新山沙弥、百田ゆきな、小暮カレン、羽田あい、長谷川ミク、里美ゆりあ、森咲みちる,https://www.javbus.com/IDBD-725,
BOMN-172 働くおっぱい過失乳 仕事中のおっぱいに誘惑され 2,BOMN-172 働くおっぱい過失乳 仕事中のおっぱいに誘惑され 2,BOMN-172,,2016-06-30,240分鐘,,ABC/妄想族,BoinBB/ABC,働くおっぱい過失乳,角色扮演、乳交、合集、女上位、巨乳、DMM獨家,JULIA、大島あいる、桜木莉愛（かじか凛）、ももい理乃、永瀬里美、美波瀬奈、井上瞳、ひなみるか、濱口えな、国見みすず,https://www.javbus.com/BOMN-172,
PPBD-124 拘束されて抵抗できない巨乳女が意思とは裏腹に本気イキ8時間,PPBD-124 拘束されて抵抗できない巨乳女が意思とは裏腹に本気イキ8時間,PPBD-124,,2016-06-18,480分鐘,,OPPAI,OPPAI,,紧缚、合集、戀乳癖、拘束、巨乳、DMM獨家,JULIA、北川瞳、菅野みいな、Hitomi（田中瞳）、めぐり（藤浦めぐ）、響まゆ、白戸もも、尾上若葉、星野来夢、愛乃まほろ、長澤あずさ、佐山愛、霧生ゆきな,https://www.javbus.com/PPBD-124,
BOMN-169 癒しの時 爆乳授乳手コキ4,BOMN-169 癒しの時 爆乳授乳手コキ4,BOMN-169,,2016-06-18,240分鐘,,ABC/妄想族,BoinBB/ABC,癒しの時爆乳授乳手コキ,合集、戀乳癖、超乳、巨乳、DMM獨家、打手槍,JULIA、小出遥、漣ゆめ、瀬戸みずほ、井上瞳、紺野まこ、ひなみるか、本間麗花、二葉しずく、折原ほのか、八束みこと、小南すず、北嶋あん、彩奈リナ（七原あかり）、愛乃まほろ、甘良しずく、若槻みづな、木崎レナ、菊地はな、七草ちとせ、生成うい、水咲あかね、木咲美琴、桜木莉愛（かじか凛）、綾瀬みなみ、桃華マリエ、佐藤愛、星野来夢、吉永あかね、小衣くるみ、ももい理乃、高橋エミリー、水樹まいか、春日もな、鈴村いろは、塚田詩織、永瀬里美、meru,https://www.javbus.com/BOMN-169,
RBB-095 S級女優100人のケツ穴丸見え！ノンストップ背面騎乗位8時間,RBB-095 S級女優100人のケツ穴丸見え！ノンストップ背面騎乗位8時間,RBB-095,,2016-06-18,480分鐘,,ROOKIE,ROOKIE,,屁股、中出、巨尻、高中女生、巨乳、DMM獨家,つぼみ、JULIA、水谷心音（藤崎りお）、星美りか、星野ナミ、水野朝陽、あべみかこ、西川ゆい、さとう愛理、西田カリナ,https://www.javbus.com/RBB-095,
PPBD-125 自我を忘れた巨乳女のガンガンケツ振り暴れおっぱい騎乗位8時間BEST,PPBD-125 自我を忘れた巨乳女のガンガンケツ振り暴れおっぱい騎乗位8時間BEST,PPBD-125,,2016-06-18,480分鐘,,OPPAI,OPPAI,,蕩婦、合集、戀乳癖、屁股、女上位、巨乳、DMM獨家,JULIA、吉川あいみ、篠田あゆみ、桜ちなみ、潮絢那、すなお恵、河西希、折原ほのか、徳永亜美、笹倉杏、青山ひな、斉藤みゆ、西垣るか、吹石れな、宮森なほ、一ノ瀬なつき、霧生ゆきな、大井結仁、彩奈リナ（七原あかり）、雪本香奈、甘良しずく、篠原舞、美月アンジェリア（アンジェリア）、中村知恵、愛乃まほろ、西条沙羅、霧島さくら、澁谷果歩、七草ちとせ、松嶋葵、ステイシー、穂高ゆうき、さとう愛理、塚田詩織、推川ゆうり、吉永あかね、森はるら、本田莉子、KAORI、稀夕らら、沖田杏梨、AIKA、菜月アンナ、西條るり、北川エリカ、Hitomi（田中瞳）、波多野結衣、めぐり（藤浦めぐ）、佐山愛、尾上若葉,https://www.javbus.com/PPBD-125,
MIZD-015 我慢できずに漏れちゃった…着衣状態での潮吹き・放尿・おもらしBEST,MIZD-015 我慢できずに漏れちゃった…着衣状態での潮吹き・放尿・おもらしBEST,MIZD-015,,2016-06-11,239分鐘,,ムーディーズ,MOODYZBest,,放尿、潮吹、合集、數位馬賽克、DMM獨家,青木玲、愛内希、大橋未久、ありすひな、更田まき、可愛みくり、鈴木心春、あべみかこ、本田莉子、浜崎真緒、鈴原エミリ、西田カリナ、望月るな、保坂えり、大島美緒、成宮カナ、上原亜衣、さとう遥希、ももかさくら、宇佐美なな、前田優希、上原結衣、絵色千佳、JULIA、周防ゆきこ、秋山祥子、水谷心音（藤崎りお）、二宮沙樹、河合こころ、菜々瀬美里,https://www.javbus.com/MIZD-015,
BOMN-167 ローションで卑猥に輝く ぬるテカ 爆乳揉みイカセ,BOMN-167 ローションで卑猥に輝く ぬるテカ 爆乳揉みイカセ,BOMN-167,,2016-05-15,240分鐘,,ABC/妄想族,BoinBB/ABC,,合集、戀乳癖、乳液、超乳、巨乳、DMM獨家,小出遥、恵けい、愛あいり、漣ゆめ、優花めぐみ、高橋エミリー、美波瀬奈、七草ちとせ、北嶋あん、若槻みづな、園田セイラ、一ノ瀬ルカ、美月優芽、倖田みらい、星野あや、meru、甘良しずく、木崎レナ、野口まりや、北見ゆみ、桃華マリエ、JULIA、福山優、持田美琴、辻井美穂、桜木莉愛（かじか凛）、桜咲舞花、星野来夢、塚田詩織、風音りん、ももい理乃、春日もな、鈴村いろは、水樹まいか、佐藤愛、瑞乃ありさ、眞野さくら、希咲エマ（HARUKI、加藤はる希）、原千草、吉永あかね、弓束ちはや、夢野怜子、小衣くるみ、入江愛美、末木ゆりは,https://www.javbus.com/BOMN-167,
PPBD-123 巨乳娘と毎日日替わりSEX豪華3ヶ月分91人8時間BEST,PPBD-123 巨乳娘と毎日日替わりSEX豪華3ヶ月分91人8時間BEST,PPBD-123,,2016-05-15,480分鐘,,OPPAI,OPPAI,,乳交、合集、戀乳癖、中出、巨乳、DMM獨家,JULIA、Hitomi（田中瞳）、めぐり（藤浦めぐ）、七草ちとせ、逢沢ふみ奈、中山理莉、澁谷果歩、風音舞香、桜ももい、中村知恵、桜ちなみ、霧生ゆきな、大井結仁、愛乃まほろ、沖田奈々、青山ひな、西条沙羅、星野ひびき、一ノ瀬なつき、彩奈リナ（七原あかり）、すなお恵、潮絢那、河西希、篠原舞、美月アンジェリア（アンジェリア）、雪本香奈、徳永亜美、甘良しずく、水咲あかね、里咲しおり、夕城芹、森はるら、稀夕らら、松嶋葵、ステイシー、かのんこゆる、篠田あゆみ、折原ほのか、宮森なほ、仲村茉莉恵、岸杏南、穂高ゆうき、井上瞳、波多野結衣、さとう愛理、白咲梓、西條カレン、塚田詩織、川菜美鈴、愛実れい、推川ゆうり、愛乃なみ、長谷部ゆい、椎名まりな、西川りおん、茜あずさ、立川理恵、保坂えり、月本るい（宮原友里絵）、水野朝陽、吉永あかね、桜咲ひな、原千草、本田莉子、佐山愛、倉多まお、尾上若葉、小早川怜子、舞咲みくに、枢木みかん、霧島さくら、堀北七海、沖田杏梨、浜崎真緒、北乃ちか、野宮さとみ、秋吉ひな、希咲エマ（HARUKI、加藤はる希）、北川瞳、菜月アンナ、西條るり、北川エリカ、椎名ゆな、上原亜衣,https://www.javbus.com/PPBD-123,
PPBD-122 最高級○cup 巨乳中出しソープ8タイトル大ボリューム8時間BEST,PPBD-122 最高級○cup 巨乳中出しソープ8タイトル大ボリューム8時間BEST,PPBD-122,,2016-05-15,480分鐘,,OPPAI,OPPAI,巨乳中出しソープ,乳交、合集、妓女、乳液、中出、巨乳、DMM獨家,JULIA、佐山愛、めぐり（藤浦めぐ）、長谷部ゆい、里咲しおり、澁谷果歩、美月アンジェリア（アンジェリア）、河西希,https://www.javbus.com/PPBD-122,
RBB-092 【胸糞注意】NTR胸糞犯されSEX8時間,RBB-092 【胸糞注意】NTR胸糞犯されSEX8時間,RBB-092,,2016-05-15,480分鐘,,ROOKIE,ROOKIE,,已婚婦女、美少女、凌辱、出軌、DMM獨家,川上ゆう（森野雫）、JULIA、秋山祥子、神咲詩織、吉永あかね、新山沙弥、朱莉さとみ、柊木なな（葉山美空）、中村知恵、香川ゆの、広瀬奈々美（堀口奈津美）、水原さな、西川ゆい、かすみ果穂、林ゆな、蓮実クレア、風音舞香、桜木優希音、白川千織、瀬奈まお、美堂かなえ、和泉潤、逢坂はるな、梶まりか,https://www.javbus.com/RBB-092,
RBB-093 無防備すぎるスケベお姉さんをたらしこむ、いたずら大好きおねショタえっち 8時間,RBB-093 無防備すぎるスケベお姉さんをたらしこむ、いたずら大好きおねショタえっち 8時間,RBB-093,,2016-05-15,480分鐘,,ROOKIE,ROOKIE,,乳交、花癡、姐姐、正太控、巨乳、DMM獨家,美原咲子、JULIA、森ななこ、春菜はな、沖田杏梨、新山らん、推川ゆうり、本田莉子、東凛、潮絢那、杉山あゆみ、立花みずき、篠田あゆみ、西条沙羅,https://www.javbus.com/RBB-093,
MIZD-010 激しく突かれて激しく揺れる巨乳固めバックFUCK！！,MIZD-010 激しく突かれて激しく揺れる巨乳固めバックFUCK！！,MIZD-010,,2016-05-08,239分鐘,,ムーディーズ,MOODYZBest,,合集、戀乳癖、屁股、美少女、數位馬賽克、巨乳、DMM獨家,秋山祥子、周防ゆきこ、Hitomi（田中瞳）、桐原エリカ、尾上若葉、椎名理紗、鈴木心春、水野朝陽、吉川あいみ、大場ゆい、乙葉ななせ、原千草、西川ゆい、さとう愛理、新山かえで、鈴木あいか、神咲詩織、沖田杏梨、AIKA、ももかさくら、秋吉ひな、JULIA、西條るり、小向美奈子、めぐり（藤浦めぐ）、長谷川リホ、香山美桜,https://www.javbus.com/MIZD-010,
GAOR-086 天使もえ 白石茉莉菜 浅野えみ 星美りか JULIA ほしの景子 美竹すず 澁谷果歩 はオレのカノジョ。,GAOR-086 天使もえ 白石茉莉菜 浅野えみ 星美りか JULIA ほしの景子 美竹すず 澁谷果歩 はオレのカノジョ。,GAOR-086,,2016-04-24,240分鐘,,GARDEN,オレカノ,○○はオレのカノジョ。,情侶、美少女、泳裝、單體作品、DMM獨家、打手槍,JULIA、星美りか、浅野えみ、白石茉莉奈、天使もえ、澁谷果歩、美竹すず、ほしの景子,https://www.javbus.com/GAOR-086,
REAL-593 鬼パイズリ地獄ベスト 最強パイズリ軍団ノンストップズリ倒しスペシャル,REAL-593 鬼パイズリ地獄ベスト 最強パイズリ軍団ノンストップズリ倒しスペシャル,REAL-593,,2016-04-22,242分鐘,ジーニアス膝,レアルワークス,REAL（レアルワークス）,鬼パイズリ地獄,蕩婦、乳交、合集、戀乳癖、4小時以上作品、高畫質、巨乳,風間ゆみ、JULIA、仁科百華、北川瞳、西條るり、青木りん、杏美月、北川エリカ、星咲優菜、七草ちとせ,https://www.javbus.com/REAL-593,
BOMN-164 身動きがとれない爆乳拘束イカセ！,BOMN-164 身動きがとれない爆乳拘束イカセ！,BOMN-164,,2016-04-16,240分鐘,,ABC/妄想族,BoinBB/ABC,,潮吹、合集、拘束、巨乳、DMM獨家,JULIA、星野あや、倖田みらい、本田ゆかり、紺野まこ、三好亜矢、仲西なつき、八束みこと、二葉しずく、折原ほのか、本間麗花、ひなみるか、七草ちとせ、生成うい、藤森亜紀、濱口えな、市來あやか、吉永あかね、甘良しずく、菊地はな、若槻みづな、愛乃まほろ、敷根まほ、北嶋あん、彩奈リナ（七原あかり）、小南すず、松野朱里、井上瞳、吉野麻衣子、来栖あさみ、木咲美琴、西井優香、恵けい、仁科百華、立花結衣、有永すずか、真鍋紗愛、菅野みいな、桜木莉愛（かじか凛）、桜瀬ありな、希咲エマ（HARUKI、加藤はる希）、美波瀬奈、塚田詩織、高橋エミリー、南條ユナ、望月マリア、弓束ちはや、原千草、入江愛美、愛実（秋川ルイ）,https://www.javbus.com/BOMN-164,
RBB-091 発射寸前！我慢汁垂れ流しの気持ちいいフェラチオ316連射16時間第5弾,RBB-091 発射寸前！我慢汁垂れ流しの気持ちいいフェラチオ316連射16時間第5弾,RBB-091,,2016-04-16,960分鐘,,ROOKIE,ROOKIE,発射寸前！我慢汁垂れ流しの気持ちいいフェラチオ,口交、合集、顏射、16時間以上作品、DMM獨家,川上ゆう（森野雫）、明日花キララ、並木優、麻倉憂、Hitomi（田中瞳）、西野翔、蓮実クレア、西川ゆい、夏希みなみ、なごみ、AIKA、塔堂マリエ、朝日奈あかり、松本メイ、北条麻妃、椎名ゆな、有村千佳、鈴木心春、きみと歩実、天海つばさ、音無かおり、水野朝陽、サリー、桜木凛、石原莉奈、三喜本のぞみ、星野ナミ、雅さやか、つぼみ、小島みなみ、希志あいの、里美ゆりあ、沖田杏梨、神ユキ、ティア、JULIA、水原アキ、周防ゆきこ、桜井あゆ、希島あいり、大場ゆい、波多野結衣、上原亜衣、七草ちとせ、川上奈々美、初音みのり、さとう遥希、緒川りお、佐山愛、吉沢明歩、早川瀬里奈、美竹すず、果瀬はるな、ほしの景子、本田莉子、推川ゆうり、倉多まお、中村知恵、白木優子、石原あずさ、有森涼（事原みゆ）、乙葉ななせ、澤村レイコ（高坂保奈美、高坂ますみ）、東凛、かすみ果穂、吉川あいみ、夢乃あいか、新山らん、葵つかさ、園田みおん、木南日菜、奥田咲、あべみかこ、桜木優希音、井上瞳、翔田千里、本田岬,https://www.javbus.com/RBB-091,
PPBD-121 ノンストップでおっぱいが揺れまくる巨乳ならではのフェラチオ8時間BEST,PPBD-121 ノンストップでおっぱいが揺れまくる巨乳ならではのフェラチオ8時間BEST,PPBD-121,,2016-04-16,480分鐘,,OPPAI,OPPAI,,口交、合集、戀乳癖、乳房、デカチン・巨根、巨乳、DMM獨家,JULIA、佐山愛、Hitomi（田中瞳）、沖田杏梨、松嶋葵、ステイシー、七草ちとせ、逢沢ふみ奈、中山理莉、風音舞香、愛実れい、月本るい（宮原友里絵）、水野朝陽、吉永あかね、桜咲ひな、吉澤留美、本田莉子、野宮さとみ、保坂えり、立川理恵、推川ゆうり、椎名まりな、西川りおん、ももい理乃、愛乃なみ、西條カレン、原千草、茜あずさ、北川瞳、尾上若葉、杏美月、めぐり（藤浦めぐ）、波多野結衣、椎名ゆな、北川エリカ、西條るり、菜月アンナ、希咲エマ（HARUKI、加藤はる希）、北乃ちか、浜崎真緒、倉多まお、塚田詩織、さとう愛理、霧島さくら、上原亜衣、枢木みかん、小早川怜子、舞咲みくに、河西希、篠原舞、美月アンジェリア（アンジェリア）、中村知恵、雪本香奈、西条沙羅、星野ひびき、森はるら、潮絢那、すなお恵、桜ちなみ、一ノ瀬なつき、霧生ゆきな、大井結仁、愛乃まほろ、青山ひな、甘良しずく、徳永亜美、折原ほのか、夕城芹、岸杏南、仲村茉莉恵、堀北七海、長谷部ゆい、宮森なほ、白咲梓、秋吉ひな、井上瞳、穂高ゆうき、里咲しおり、水咲あかね、桜ももい、香山美桜、かのんこゆる、篠田あゆみ、川菜美鈴,https://www.javbus.com/PPBD-121,
MIZD-004 濡れて悔しい…。ゲスな痴漢に堕ちた女BEST,MIZD-004 濡れて悔しい…。ゲスな痴漢に堕ちた女BEST,MIZD-004,,2016-04-09,240分鐘,,ムーディーズ,MOODYZBest,,合集、數位馬賽克、性騷擾、深喉、凌辱、中出、DMM獨家,管野しずか、JULIA、佳苗るか、西川ゆい、乙葉ななせ、広瀬奈々美（堀口奈津美）、若菜みなみ,https://www.javbus.com/MIZD-004,
MIZD-002 舌と唇で感じあう濃密ベロキスづくし8時間BEST,MIZD-002 舌と唇で感じあう濃密ベロキスづくし8時間BEST,MIZD-002,,2016-04-09,480分鐘,,ムーディーズ,MOODYZBest,舌と唇で感じあう濃密ベロキスづくし,合集、數位馬賽克、キス・接吻、巨乳、DMM獨家,JULIA、秋山祥子、大橋未久、里美ゆりあ、乃々果花、佳苗るか、西川ゆい、夏目彩春,https://www.javbus.com/MIZD-002,
ATKD-242 こんな所で…なのに、なのに私ったら…！完全保存版001,ATKD-242 こんな所で…なのに、なのに私ったら…！完全保存版001,ATKD-242,,2016-04-02,470分鐘,犬神涼,アタッカーズ,AttackersBEST,こんな所で…なのに、なのに私ったら…！,合集、性騷擾、4小時以上作品、DMM獨家,鈴木麻奈美、JULIA、西野翔、夏目優希,https://www.javbus.com/ATKD-242,
MIBD-998 スレンダーBODYの細身巨乳31人とセックス三昧日替わりBEST,MIBD-998 スレンダーBODYの細身巨乳31人とセックス三昧日替わりBEST,MIBD-998,,2016-03-26,239分鐘,,ムーディーズ,MOODYZBest,,苗條、合集、姐姐、數位馬賽克、女上位、巨乳、DMM獨家,JULIA、AIKA、沖田杏梨、愛乃なみ、木下あずみ、水野朝陽、本田莉子、吉川あいみ、山川青空、篠田あゆみ、夕城芹、山手栞、愛実れい、椎名まりな、鈴木心春、橘優花、蓮実クレア、長谷川リホ、仁科百華、西條るり、北川エリカ、葵えり、松すみれ、ましろ杏、椎名ゆな、桐原エリカ、波多野結衣、大橋未久、ティア、倉多まお,https://www.javbus.com/MIBD-998,
MIZD-001 絶頂男潮ベスト 射精を超えた究極快感！！,MIZD-001 絶頂男潮ベスト 射精を超えた究極快感！！,MIZD-001,,2016-03-26,240分鐘,,ムーディーズ,MOODYZBest,,潮吹、合集、姐姐、數位馬賽克、DMM獨家、打手槍,前田優希、秋山祥子、大橋未久、ももかさくら、神咲詩織、遥結愛、倉多まお、本田莉子、西川ゆい、大場ゆい、JULIA、菅野さゆき、水谷心音（藤崎りお）、里美ゆりあ、水城奈緒、つぼみ、芦名未帆（稲森しほり）、二宮沙樹、真野ゆりあ,https://www.javbus.com/MIZD-001,
DAZD-078 極上女優だけの凌辱BEST,DAZD-078 極上女優だけの凌辱BEST,DAZD-078,,2016-03-19,240分鐘,,ダスッ！,ダスッ！,,合集、美少女、中出、DMM獨家、顏射,JULIA、波多野結衣、大槻ひびき、上原亜衣、Hitomi（田中瞳）、尾上若葉、湊莉久、事原みゆ、篠田あゆみ、中村知恵、有森涼（事原みゆ）、吉永あかね,https://www.javbus.com/DAZD-078,
PPBD-118 OPPAI 2015年1年分 全タイトルまるごと収録！！16時間,PPBD-118 OPPAI 2015年1年分 全タイトルまるごと収録！！16時間,PPBD-118,,2016-03-13,960分鐘,,OPPAI,OPPAI,1年分全タイトルまるごと収録,乳交、合集、戀乳癖、中出、巨乳、DMM獨家,JULIA、佐山愛、Hitomi（田中瞳）、めぐり（藤浦めぐ）、篠原舞、美月アンジェリア（アンジェリア）、桜ちなみ、潮絢那、すなお恵、河西希、本田莉子、夕城芹、霧島さくら、さとう愛理、穂高ゆうき、篠田あゆみ、ステイシー、松嶋葵、塚田詩織、推川ゆうり、吉永あかね、尾上若葉、舞咲みくに、菜月アンナ、西條るり、北川エリカ、波多野結衣、七草ちとせ、香山美桜、徳永亜美、甘良しずく、彩奈リナ（七原あかり）、青山ひな、愛乃まほろ、大井結仁、霧生ゆきな、一ノ瀬なつき、宮森なほ、森はるら、星野ひびき、西条沙羅、折原ほのか、雪本香奈、中村知恵,https://www.javbus.com/PPBD-118,
RBB-088 このあと滅茶苦茶SEXしたくなるようなエロい衣装で誘っている女16時間,RBB-088 このあと滅茶苦茶SEXしたくなるようなエロい衣装で誘っている女16時間,RBB-088,,2016-03-13,960分鐘,,ROOKIE,ROOKIE,,其他戀物癖、合集、美少女、DMM獨家,北条麻妃、JULIA、仁科百華、佐山愛、乃々果花、沖田杏梨、木下あずみ、水野朝陽、本田莉子、ゆいの,https://www.javbus.com/RBB-088,
RBB-086 ちんちんクリクリ 痴女お姉さんが射精管理してあげるっ！気持ち良すぎる絶頂チ○コ責め8時間,RBB-086 ちんちんクリクリ 痴女お姉さんが射精管理してあげるっ！気持ち良すぎる絶頂チ○コ責め8時間,RBB-086,,2016-03-13,480分鐘,,ROOKIE,ROOKIE,,蕩婦、淫語、姐姐、M男、DMM獨家,森ななこ、希志あいの、美神さゆり、水谷心音（藤崎りお）、ティア、小早川怜子、小暮カレン、大場ゆい、穂高ゆうき、上原果歩、知花メイサ、さとう遥希、長谷川ミク、里美ゆりあ、蓮実クレア、西條るり、有森涼（事原みゆ）、本城小百合、相葉レイカ、朝日奈あかり、成瀬心美（ここみ）、桜ここみ、椎名ゆな、天海つばさ、上原保奈美、秋山祥子、倉多まお、新山沙弥、かすみ果穂、川菜美鈴、長谷部ゆい、立花美涼、JULIA、愛乃なみ、葛木りむ、秋野千尋、浅倉愛、林ゆな、神尾舞、千乃あずみ、桜木凛、吉沢明歩、茉莉花みく、稀夕らら、芦名未帆（稲森しほり）、工藤美紗、水樹りさ、川上ゆう（森野雫）、板垣あずさ、風間ゆみ、浜崎りお（森下えりか、篠原絵梨香）、Maika（MEW）、星野あかり、竹内紗里奈、愛咲れいら（原千尋）、稲川なつめ、佐々木恋海（向井恋）、早乙女ルイ、波多野結衣、Hitomi（田中瞳）、二宮沙樹、希美まゆ、瑠川リナ、前田優希、桜井あゆ,https://www.javbus.com/RBB-086,
RBB-085 イクと同時にブッシャアァァァァ！！！！とめどなく溢れる潮噴き大噴射8時間,RBB-085 イクと同時にブッシャアァァァァ！！！！とめどなく溢れる潮噴き大噴射8時間,RBB-085,,2016-03-13,480分鐘,,ROOKIE,ROOKIE,とめどなく溢れる潮噴き大噴射○時間,放尿、潮吹、合集、美少女、羞恥、DMM獨家,明日花キララ、JULIA、波多野結衣、稲川なつめ、大橋未久、里美ゆりあ、木村つな、湊莉久、神波多一花、西川ゆい,https://www.javbus.com/RBB-085,
MIBD-995 極上女優限定！贅沢ハーレム逆3P23本番,MIBD-995 極上女優限定！贅沢ハーレム逆3P23本番,MIBD-995,,2016-03-10,240分鐘,,ムーディーズ,MOODYZBest,,合集、多P、數位馬賽克、ハーレム、巨乳、DMM獨家,南波杏、Maika（MEW）、北島優、黒沢英里奈（喜田嶋りお）、JULIA、北川瞳、里美ゆりあ、菅野さゆき、周防ゆきこ、沖田杏梨,https://www.javbus.com/MIBD-995,
MIBD-991 見た事も無い道具でイカされる女達！！ 絶頂拷問装置全集！！,MIBD-991 見た事も無い道具でイカされる女達！！ 絶頂拷問装置全集！！,MIBD-991,,2016-02-27,240分鐘,,ムーディーズ,MOODYZBest,,合集、數位馬賽克、拘束、凌辱、中出、DMM獨家、肛交、吞精,羽月希、JULIA、上原亜衣、AIKA、秋山祥子、Hitomi（田中瞳）、吉川あいみ、浜崎真緒、水原さな、篠田あゆみ、竹内あい、七草ちとせ,https://www.javbus.com/MIBD-991,
MIRD-159 【限定共演】MOODYZファン感謝祭 バコバコバスツアー2015 優勝記念版,MIRD-159 【限定共演】MOODYZファン感謝祭 バコバコバスツアー2015 優勝記念版,MIRD-159,,2016-02-27,720分鐘,,ムーディーズ,MOODYZREAL,バコバコバスツアー,業餘、濫交、潮吹、美少女、數位馬賽克、高畫質、巨乳、DMM獨家,かすみ果穂、JULIA、波多野結衣、上原亜衣、AIKA、早川瀬里奈、乃々果花、蓮実クレア、涼川絢音、香山美桜,https://www.javbus.com/MIRD-159,
CJOB-006 ベロを絡ませながら挿入するのが気持ちいいと知ってしまったからもうセックスをやめることができない31人ベスト,CJOB-006 ベロを絡ませながら挿入するのが気持ちいいと知ってしまったからもうセックスをやめることができない31人ベスト,CJOB-006,,2016-02-20,240分鐘,,痴女ヘブン（美）,痴女ヘブンBEST,,蕩婦、合集、淫語、姐姐、キス・接吻、DMM獨家,波多野結衣、仲丘たまき（片岡まきな）、北川エリカ、長谷川リホ、蓮実クレア、一条綺美香、西川ゆい、今井美鈴、穂高ゆうき、水咲あかね、松嶋葵、森高南、神尾舞、星野ひびき、上原果歩、美月アンジェリア（アンジェリア）、優木まみ、坂野由梨、小川あさ美、真田春香、かすみりさ、桜木凛、桜ここみ、JULIA、仁科百華、ゆうきさやか、有村千佳、北川瞳、桐谷ユリア、AIKA、越川アメリ,https://www.javbus.com/CJOB-006,
DAZD-077 ぶっかけ/ネトラレ/輪姦/中出し/犯られ過ぎた爆乳性奴隷4時間,DAZD-077 ぶっかけ/ネトラレ/輪姦/中出し/犯られ過ぎた爆乳性奴隷4時間,DAZD-077,,2016-02-20,240分鐘,,ダスッ！,ダスッ！,,合集、中出、巨乳、DMM獨家、顏射,希咲エマ（HARUKI、加藤はる希）、JULIA、北川瞳、恵けい、Hitomi（田中瞳）、吉永あかね、浜崎真緒、井上瞳、篠田あゆみ、中村知恵、桜ももい、槇原愛菜、さくら悠、夢野怜子、藍野夢、小坂めぐる、上原保奈美,https://www.javbus.com/DAZD-077,
RBB-082 SSS級美女120人！厳選119タイトル！本能剥き出し孕ませ中出し16時間,RBB-082 SSS級美女120人！厳選119タイトル！本能剥き出し孕ませ中出し16時間,RBB-082,,2016-02-14,960分鐘,,ROOKIE,ROOKIE,,合集、中出、16時間以上作品、DMM獨家,川上ゆう（森野雫）、JULIA、椎名ゆな、AIKA、早川瀬里奈、倉多まお、HIKARI、あべみかこ、川村まや、中山理莉,https://www.javbus.com/RBB-082,
BOMN-157 フェチに捧ぐ ゆっくりジックリめりこむ乳揉み 4時間 4,BOMN-157 フェチに捧ぐ ゆっくりジックリめりこむ乳揉み 4時間 4,BOMN-157,,2016-02-14,240分鐘,,ABC/妄想族,BoinBB/ABC,巨乳スペシャル,合集、戀乳癖、數位馬賽克、4小時以上作品、超乳、巨乳、DMM獨家,JULIA、小出遥、鮎川まどか、あきな、井上瞳、本間麗花、三好亜矢、二葉しずく、榎本祐希、折原ほのか,https://www.javbus.com/BOMN-157,
PPBD-116 彼女のお姉さんは巨乳と中出しOKで僕を誘惑8タイトル丸ごと全部入り16時間BEST,PPBD-116 彼女のお姉さんは巨乳と中出しOKで僕を誘惑8タイトル丸ごと全部入り16時間BEST,PPBD-116,,2016-02-14,960分鐘,,OPPAI,OPPAI,彼女のお姉さんは巨乳と中出しOKで僕を誘惑,合集、姐姐、姐妹、中出、出軌、巨乳、DMM獨家,JULIA、波多野結衣、佐山愛、西條るり、Hitomi（田中瞳）、めぐり（藤浦めぐ）、推川ゆうり、森はるら,https://www.javbus.com/PPBD-116,
MIBD-988 チ●ポは限界寸前！凄い寸止め快感射精BEST,MIBD-988 チ●ポは限界寸前！凄い寸止め快感射精BEST,MIBD-988,,2016-02-11,240分鐘,,ムーディーズ,MOODYZBest,,蕩婦、合集、淫語、數位馬賽克、巨乳、DMM獨家、打手槍,諸星セイラ（百瀬涼）、JULIA、佐山愛、里美ゆりあ、菅野さゆき、二宮沙樹、工藤美紗、沖田杏梨、神咲詩織、本田莉子,https://www.javbus.com/MIBD-988,
REBDB-137 REbecca STARS3-The princesses-,REBDB-137 REbecca STARS3-The princesses-,REBDB-137,,2016-02-10,182分鐘,,REbecca,REbecca,REbeccaSTARS,偶像藝人、合集、介紹影片、高畫質、巨乳,つぼみ、JULIA、北川瞳、あやみ旬果、二宮沙樹、桜木凛、ティア、坂口みほの、鈴村あいり、浜崎真緒、みほの（坂口みほの）、吉川あいみ,https://www.javbus.com/REBDB-137,
DAZD-076 支配欲を満たす征服顔射,DAZD-076 支配欲を満たす征服顔射,DAZD-076,,2016-01-23,240分鐘,,ダスッ！,ダスッ！,,合集、顏射、DMM獨家,京野明日香、かすみ果穂、佐藤みき（佐藤美紀、鈴木志帆）、碧しの（篠めぐみ）、秋吉ひな、荒木ありさ（月島うさぎ）、成宮ルリ、二宮沙樹、かすみりさ、中村知恵、成瀬心美（ここみ）、Hitomi（田中瞳）、JULIA、愛原さえ、高沢沙耶、板垣あずさ、篠田あゆみ、森川涼花、桜ももい、槇原愛菜、RUMIKA,https://www.javbus.com/DAZD-076,
MIBD-979 絶頂！足腰ガクガク激突き立ちバック,MIBD-979 絶頂！足腰ガクガク激突き立ちバック,MIBD-979,,2016-01-09,240分鐘,,ムーディーズ,MOODYZBest,,苗條、其他戀物癖、合集、數位馬賽克、巨乳、DMM獨家、蘿莉塔,JULIA、琥珀うた、里美ゆりあ、二宮沙樹、双葉かな（大島里奈）、木下あずみ、瀧川花音、鈴木心春、神波多一花、山川青空,https://www.javbus.com/MIBD-979,
MIBD-978 緊縛快楽堕ち 身動きできない女が極限の絶頂を知る…,MIBD-978 緊縛快楽堕ち 身動きできない女が極限の絶頂を知る…,MIBD-978,,2016-01-09,240分鐘,,ムーディーズ,MOODYZBest,,紧缚、合集、數位馬賽克、拘束、凌辱、巨乳、DMM獨家,つぼみ、樹花凜（七咲楓花）、JULIA、あいかわ優衣、早川瀬里奈、大橋未久、乃々果花、Hitomi（田中瞳）、水原さな、西田カリナ,https://www.javbus.com/MIBD-978,
CJOB-002 女神達のフェラテクで口内射精！1ヵ月日替わり痴女責め31発,CJOB-002 女神達のフェラテクで口内射精！1ヵ月日替わり痴女責め31発,CJOB-002,,2015-12-20,240分鐘,,痴女ヘブン（美）,痴女ヘブンBEST,,蕩婦、口交、合集、姐姐、DMM獨家、打手槍,浜崎りお（森下えりか、篠原絵梨香）、悠月舞、波多野結衣、初美沙希、元山はるか、優木まみ、辻愛菜、今井美鈴、上原果歩、越川アメリ、JULIA、たなか唯、Erina、椎名ゆな、友田彩也香、大槻ひびき、さとう遥希、滝川かのん、蓮実クレア、桜木凛、桜ここみ、滝沢優奈,https://www.javbus.com/CJOB-002,
PPBD-112 現役女子大生 巨乳中出し家庭教師8タイトル丸ごと全部入り16時間BEST,PPBD-112 現役女子大生 巨乳中出し家庭教師8タイトル丸ごと全部入り16時間BEST,PPBD-112,,2015-12-12,960分鐘,,OPPAI,OPPAI,現役女子大生巨乳中出し家庭教師,家教、乳交、女大學生、合集、中出、巨乳、DMM獨家,JULIA、めぐり（藤浦めぐ）、北川エリカ、枢木みかん、保坂えり、本田莉子、浜崎真緒、長谷部ゆい,https://www.javbus.com/PPBD-112,
MIBD-968 丸裸にされ抵抗するのを諦めた 完堕ちレ×プBEST,MIBD-968 丸裸にされ抵抗するのを諦めた 完堕ちレ×プBEST,MIBD-968,,2015-11-28,240分鐘,,ムーディーズ,MOODYZBest,,女教師、合集、各種職業、數位馬賽克、輪姦、凌辱、DMM獨家,JULIA、佐山愛、秋山祥子、大橋未久、乃々果花、めぐり（藤浦めぐ）、水谷心音（藤崎りお）、夏目優希、安土結、愛須心亜,https://www.javbus.com/MIBD-968,
BIB-132 痴女の腰振りテク騎乗位イカせ4時間,BIB-132 痴女の腰振りテク騎乗位イカせ4時間,BIB-132,,2015-11-21,240分鐘,,美,美,,蕩婦、合集、姐姐、女上位、巨乳、DMM獨家,風間ゆみ、北川瞳、森ななこ、倉多まお、蓮実クレア、今井美鈴、酒井ももか、森咲みお、穂高ゆうき、神尾舞、上原保奈美、さとう遥希、JULIA、桐谷ユリア、波多野結衣、春原未来、松嶋葵、結城みさ、北条麻妃、椎名ゆな、ももかさくら、前田優希、篠田あゆみ、長谷川リホ、桜木凛、紅音レイラ、有沢りさ、鈴村いろは、保坂えり、一ノ瀬ルカ、上原果歩、千乃あずみ、水咲あかね、小川あさ美、桜ここみ,https://www.javbus.com/BIB-132,
RBB-073 見えない素肌が逆にエロい スリスリしたい黒ストッキングBEST16時間,RBB-073 見えない素肌が逆にエロい スリスリしたい黒ストッキングBEST16時間,RBB-073,,2015-11-14,960分鐘,,ROOKIE,ROOKIE,,OL、女教師、合集、戀腿癖、中出、高中女生、DMM獨家,並木優、波多野結衣、一ノ瀬ルカ、稲川なつめ、仲丘たまき（片岡まきな）、真田春香、ティア、南紗穂、蛯原さくら、美里有紗、高井真奈、長谷川リホ、司ミコト、蓮実クレア、朝日奈あかり、鈴木心春、水野朝陽、椎名ゆな、赤井美月、大場ゆい、鷹宮りょう、愛須心亜、葵こはる（えりか）、上原亜衣、西川りおん、桜りお、月野りさ、高倉舞、長谷川杏実（長谷川杏美）、宮下まい、桐原あずさ（伊藤あずさ）、今野梨乃、松生彩、風見渚、朝比奈るい、藤江由恵、倉持結愛、吉崎直緒、かすみ果穂、大橋未久、ゆうきさやか、悠月舞、白木優子、希美まゆ、JULIA、天海つばさ、浜崎真緒、桜井あゆ、つぼみ、木島すみれ、奥田咲、森ななこ、葉月奈穂（葉月菜穂）、渋谷ありす、瀬奈涼、大沢美加（廣田まりこ）、水城奈緒、原更紗、鈴木ミント、水玉レモン、白瀬エリナ、雨宮真貴、桜木凛、麻美ゆま、希志あいの、澤村レイコ（高坂保奈美、高坂ますみ）、青木美空、秋山祥子,https://www.javbus.com/RBB-073,
RBB-069 興奮度120％ パンツずらしてチ○コ挿入する着衣セックス16時間,RBB-069 興奮度120％ パンツずらしてチ○コ挿入する着衣セックス16時間,RBB-069,,2015-11-14,960分鐘,,ROOKIE,ROOKIE,,企畫、合集、中出、DMM獨家,JULIA、小西悠、秋山祥子、朝日奈あかり、希美まゆ、吉永あかね、水野朝陽、本田莉子、乙葉ななせ、朝日奈るみな（芽森しずく）、西川ゆい、司ミコト、水谷心音（藤崎りお）、篠田あゆみ、沖田杏梨、夢乃あいか、小島みなみ、奥田咲、長谷川リホ、並木優、香波りょう、波多野結衣、山手栞、咲田ありな、上原果歩、里美ゆりあ、八木あずさ、星野ナミ、ティア、天海つばさ、桜井あゆ、上原亜衣、椎名ひかる、青木玲、佐山愛、鈴木心春、風間ゆみ、阿部乃みく,https://www.javbus.com/RBB-069,
RBB-071 感度・色・形・大きさが完璧な美チクビを揉みたい吸いたいしゃぶりたい16時間,RBB-071 感度・色・形・大きさが完璧な美チクビを揉みたい吸いたいしゃぶりたい16時間,RBB-071,,2015-11-14,960分鐘,,ROOKIE,ROOKIE,,合集、乳房、女上位、16時間以上作品、巨乳、DMM獨家,成瀬心美（ここみ）、吉沢明歩、尾上若葉、奥田咲、川菜美鈴、あおば結衣、篠田あゆみ、なごみ、前田のの（菊池ひなの）、宇多田みか、野宮さとみ、横山美雪、みなみ愛梨、JULIA、里美ゆりあ、水野朝陽、本田莉子、沖田杏梨、森ななこ、北川瞳、川上ゆう（森野雫）、桜井あゆ、北川エリカ、希美まゆ、上原亜衣、原千草、里咲しおり、吉永あかね、佐山愛、保坂えり、仲村茉莉恵、光月夜也（林絵里）、ティア、逢沢はるか（黒木琴音）、希志あいの、天海つばさ、茉莉花みく、鈴木心春、香波りょう、石原莉奈、上原保奈美、林ゆな、弓束ちはや、工藤美紗、青葉ゆな、井上みわ、森はるら、水咲ローラ（滝澤ローラ）、前田かおり、水咲カレン、仁科百華、本田岬、桐原エリカ、麻美ゆま、白石悠、柚本紗希、吉川あいみ、小島みなみ、夢乃あいか、篠崎ゆう、佳山三花,https://www.javbus.com/RBB-071,
BOMN-149 最大Lカップ全員100cm超え 超乳の極み,BOMN-149 最大Lカップ全員100cm超え 超乳の極み,BOMN-149,,2015-11-14,240分鐘,,ABC/妄想族,BoinBB/ABC,,乳交、合集、女上位、超乳、巨乳、DMM獨家,JULIA、青木りん、木咲美琴、塚田詩織、七草ちとせ、三好亜矢、八束みこと、二葉しずく、藤森亜紀、北嶋あん、鈴村いろは、響まゆ、希本なつ美、相奈さゆき、桜木莉愛（かじか凛）、小泉麻由、桃華マリエ、夢野怜子、ももい理乃、甘良しずく,https://www.javbus.com/BOMN-149,
RBB-070 拘束した女を犯したいという抑えきれない衝動16時間,RBB-070 拘束した女を犯したいという抑えきれない衝動16時間,RBB-070,,2015-11-14,960分鐘,,ROOKIE,ROOKIE,,SM、合集、拘束、凌辱、DMM獨家,竹内あい、羽月希、JULIA、長谷川美紅、伊島香織、三ツ星りぼん、ティア、阿部乃みく、成海うるみ、篠田あゆみ,https://www.javbus.com/RBB-070,
PPBD-110 高画質！！巨乳だらけのパイズリ発射132発8時間BEST,PPBD-110 高画質！！巨乳だらけのパイズリ発射132発8時間BEST,PPBD-110,,2015-11-14,480分鐘,,OPPAI,OPPAI,,乳交、合集、戀乳癖、姐姐、乳房、巨乳、DMM獨家,JULIA、波多野結衣、椎名ゆな、本田莉子、上原ひなの、水咲あかね、ステイシー、七草ちとせ、逢沢ふみ奈、風音舞香、青山ひな、徳永亜美、潮絢那、河西希、篠原舞、美月アンジェリア（アンジェリア）、中村知恵、雪本香奈、森はるら、桜ももい、中山理莉、篠田あゆみ、里咲しおり、井上瞳、仲村茉莉恵、夕城芹、堀北七海、桜咲ひな、白咲梓、西條カレン、川菜美鈴、愛実れい、推川ゆうり、椎名まりな、茜あずさ、保坂えり、吉永あかね、野宮さとみ、北乃ちか、めぐり（藤浦めぐ）、長谷部ゆい、さとう愛理、浜崎真緒、枢木みかん、希咲エマ（HARUKI、加藤はる希）、沖田杏梨、秋吉ひな、菜月アンナ、西條るり、Hitomi（田中瞳）、佐山愛,https://www.javbus.com/PPBD-110,
MBYD-243 巨根フェラ4時間,MBYD-243 巨根フェラ4時間,MBYD-243,,2015-11-07,240分鐘,,溜池ゴロー,溜池ゴロー,,口交、合集、已婚婦女、デカチン・巨根、巨乳、DMM獨家,川上ゆう（森野雫）、矢部寿恵、Hitomi（田中瞳）、春菜はな、倉多まお、三浦恵理子、長瀬涼子、通野未帆、東凛、広瀬奈々美（堀口奈津美）、本田莉子、矢吹京子、一色里桜、三橋杏奈、かすみ果穂、南せりな、潮見百合子、結城みさ、JULIA、波多野結衣、音無かおり、沖田杏梨、高梨あゆみ、神波多一花、北条麻妃、椎名ゆな、牧原れい子、浅井舞香、白咲未羽（白咲美羽）、宮部涼花,https://www.javbus.com/MBYD-243,
MIBD-957 不貞SEXの快楽に堕ちた若妻BEST,MIBD-957 不貞SEXの快楽に堕ちた若妻BEST,MIBD-957,,2015-10-29,240分鐘,,ムーディーズ,MOODYZBest,,合集、已婚婦女、數位馬賽克、出軌、キス・接吻、巨乳、單體作品、DMM獨家,JULIA、仁科百華、佐山愛、青木りん、西尾かおり、秋山祥子、大橋未久、乃々果花、丘咲エミリ、広瀬奈々美（堀口奈津美）,https://www.javbus.com/MIBD-957,
IDBD-673 ボクを誘うイタズラ痴女教師 8時間 総勢35名 大人の階段に登らせてくれたのはアナタ方変態教師です！！,IDBD-673 ボクを誘うイタズラ痴女教師 8時間 総勢35名 大人の階段に登らせてくれたのはアナタ方変態教師です！！,IDBD-673,,2015-10-29,480分鐘,,アイデアポケット,アイデアポケットBEST,,蕩婦、女教師、美少女、數位馬賽克、4小時以上作品、DMM獨家、吞精,かすみ果穂、Rio（柚木ティナ）、小川あさ美、黒木いちか（東条かれん）、希志あいの、希崎ジェシカ、朝日奈あかり、松本メイ、卯水咲流、美波なみ、里美ゆりあ、希島あいり、原更紗、桜木優希音、本城小百合、佳苗るか、冬月かえで、安城アンナ、桜ここみ、長谷川ミク、吉沢明歩、前田かおり、美雪ありす、丘咲エミリ、JULIA、Maika（MEW）、横山美雪、並木優、石原莉奈、希美まゆ、初音みのり、百田ゆきな、天海つばさ、水咲ローラ（滝澤ローラ）、水谷心音（藤崎りお）,https://www.javbus.com/IDBD-673,
MIBD-958 美人お姉様限定！ピタッ！ムチッタイトスカートSEX4時間2,MIBD-958 美人お姉様限定！ピタッ！ムチッタイトスカートSEX4時間2,MIBD-958,,2015-10-29,240分鐘,,ムーディーズ,MOODYZBest,美人お姉様限定！ピタッ！ムチッタイトスカートSEX,蕩婦、合集、屁股、姐姐、戀腿癖、數位馬賽克、DMM獨家,JULIA、小西悠、佐山愛、里美ゆりあ、乃々果花、長谷川リホ、蓮実クレア、赤井美月、鈴木心春、西田カリナ,https://www.javbus.com/MIBD-958,
BIB-130 痴女の巨尻誘惑50名4時間ベスト,BIB-130 痴女の巨尻誘惑50名4時間ベスト,BIB-130,,2015-10-22,240分鐘,,美,美,,蕩婦、合集、屁股、女上位、巨尻、DMM獨家,仲丘たまき（片岡まきな）、花柄ことり、北川杏樹、湊莉久、羽生稀、滝川かのん、新山沙弥、千乃あずみ、松嶋葵、香山美桜、波多野結衣、瑠菜（安西瑠菜、RUNA）、西野翔、秋吉ひな、桐谷ユリア、水澤まお（永沢まおみ）、初見果梨奈（星野みかん）、小谷理紗、初美沙希、長谷川リホ、長谷川ミク、工藤美紗、森ななこ、桜木凛、かすみりさ、真田春香、小川あさ美、有村千佳、一ノ瀬ルカ、春原未来、愛実れい、上原果歩、司ミコト、市来美保、有森涼（事原みゆ）、紅音レイラ、森咲みお、森高南、JULIA、里美ゆりあ、芦名ユリア、松本メイ、高梨あゆみ、蓮実クレア、知花メイサ、山川青空、桜花りり,https://www.javbus.com/BIB-130,
HNDB-078 2015年【本中】上半期傑作選！16時間！！ 2015年1月～6月,HNDB-078 2015年【本中】上半期傑作選！16時間！！ 2015年1月～6月,HNDB-078,,2015-10-22,960分鐘,,本中,本中,本中○○期傑作集！,女大學生、合集、美少女、中出、DMM獨家,JULIA、波多野結衣、上原亜衣、湊莉久、鳥井美希、千乃あずみ、事原みゆ、紅音レイラ、宮崎あや、森咲みお,https://www.javbus.com/HNDB-078,
RBB-060 インタビューからの生挿入 初めての生中出し 気持ち良すぎる中出しの余韻16時間,RBB-060 インタビューからの生挿入 初めての生中出し 気持ち良すぎる中出しの余韻16時間,RBB-060,,2015-10-17,960分鐘,,ROOKIE,ROOKIE,,合集、纪录片、中出、16時間以上作品、DMM獨家,JULIA、秋山祥子、香月悠梨、遥結愛、倉多まお、更田まき、双葉かな（大島里奈）、ほのか美空、事原みゆ、篠田あゆみ,https://www.javbus.com/RBB-060,
RBB-066 ポニーテールとシュシュまとめ16時間,RBB-066 ポニーテールとシュシュまとめ16時間,RBB-066,,2015-10-17,960分鐘,,ROOKIE,ROOKIE,,其他戀物癖、合集、美少女、16時間以上作品、DMM獨家,麻美ゆま、小川あさ美、松島かえで、原更紗、天海つばさ、梨々衣、ティア、新山らん、さくらえな、宇佐美まい、波多野結衣、野宮さとみ、碧しの（篠めぐみ）、栗林里莉、原田明絵、横山美雪、星野ナミ、天使もえ、JULIA、宇佐美なな、仁科百華、茜あずさ、かすみ果穂、希志あいの、二宮沙樹、今井ひろの、Maika（MEW）、香山美桜、椎名まりな、知花メイサ、大槻ひびき、桜井あゆ、つぼみ、西野翔、初美沙希、周防ゆきこ、本田岬、山手栞、有森涼（事原みゆ）、本田莉子、黒木いちか（東条かれん）、成瀬心美（ここみ）、舞咲みくに、成宮カナ、初音みのり、紺野朋美、木下柚花、辻仁美、上原亜衣、立花はるみ、愛田奈々,https://www.javbus.com/RBB-066,
MVBD-140 射精直前からの気持ちいい中出し4時間ベスト,MVBD-140 射精直前からの気持ちいい中出し4時間ベスト,MVBD-140,,2015-10-17,240分鐘,,エムズビデオグループ,M’svideoGroup,,合集、多P、數位馬賽克、性奴、中出、DMM獨家、肛交,村上涼子（中村りかこ、黒木菜穂）、希咲エマ（HARUKI、加藤はる希）、芹沢つむぎ、石川流花、遥結愛、長谷川リホ、更田まき、蓮実クレア、篠田あゆみ、実栗ゆね、横山みれい、碧しの（篠めぐみ）、松山ゆう、北川エリカ、JULIA、真木こころ、翔田千里、中島京子、美月、希内あんな、浅乃ハルミ、愛沢蓮、みづなれい（みずなれい）、浜崎りお（森下えりか、篠原絵梨香）、香月悠梨、青山ローラ、二宮沙樹、富永苺、ほのか美空、咲田ありな、新垣とわ、市来美保、内村りな、井上瞳、双葉かな（大島里奈）、尾上若葉、ももかさくら、さとう遥希、杏樹紗奈、北川瞳,https://www.javbus.com/MVBD-140,
MIBD-954 中年オヤジの荒々しい接吻SEXにイキ堕ちちゃった女達,MIBD-954 中年オヤジの荒々しい接吻SEXにイキ堕ちちゃった女達,MIBD-954,,2015-10-10,240分鐘,,ムーディーズ,MOODYZBest,,合集、姐姐、美少女、數位馬賽克、キス・接吻、汗だく、DMM獨家,JULIA、上原亜衣、椎名ゆな、秋山祥子、里美ゆりあ、周防ゆきこ、神咲詩織、佳苗るか、安土結、西川ゆい、大橋未久、つぼみ、二宮沙樹、Maika（MEW）、夏目彩春,https://www.javbus.com/MIBD-954,
MIBD-953 BDSM BEST,MIBD-953 BDSM BEST,MIBD-953,,2015-10-10,240分鐘,,ムーディーズ,MOODYZBest,,SM、合集、數位馬賽克、性奴、凌辱、單體作品、DMM獨家,澤村レイコ（高坂保奈美、高坂ますみ）、樹花凜（七咲楓花）、JULIA、上原亜衣、鮎川千里、芹奈ゆき、平子知歌、周防ゆきこ、湊莉久、時田あいみ、宮間葵、清水りさ、木下あげは、南梨央奈、一之瀬すず、羽月希、森川涼花、七草ちとせ、成宮カナ、桃音まみる,https://www.javbus.com/MIBD-953,
VGD-159 裏BestHits 梁井一,VGD-159 裏BestHits 梁井一,VGD-159,,2015-09-27,361分鐘,梁井一,HMJM,pornograph.tv,BestHits梁井一,第一人稱攝影、野外・露出、合集、4小時以上作品、高畫質,JULIA、新城美稀、さとう遥希、西條るり、杏子ゆう、花木あのん、長谷川リホ、水野朝陽、望月ひより、武藤つぐみ,https://www.javbus.com/VGD-159,
RBB-057 泣け！喚け！美女たちの断末魔！絶叫レ○プ16時間,RBB-057 泣け！喚け！美女たちの断末魔！絶叫レ○プ16時間,RBB-057,,2015-09-13,960分鐘,,ROOKIE,ROOKIE,,合集、花癡、凌辱、16時間以上作品、DMM獨家,並木優、長谷川美紅、松本まりな、周防ゆきこ、二宮沙樹、安達真実、藤嶋唯、内村りな、さくらえな、涼風ことの、愛沢かりん、朝倉ことみ、君野ゆめ、仲間麗、中居みゆ、工藤彩乃、常盤りん、湊莉久、桜木優希音、JULIA、羽月希、橘ひなた、乙葉ななせ、北条麻妃、葉月紗絢、妃乃ひかり、涼果りん、戸田アイラ、琥珀うた、杏紅茶々、星崎アンリ、春原未来、千乃あずみ、吉沢明歩、七瀬ジュリア、青山菜々,https://www.javbus.com/RBB-057,
RBB-056 舌を絡ませヨダレが滴り落ちるくらいに濃厚な熟キスSEX16時間,RBB-056 舌を絡ませヨダレが滴り落ちるくらいに濃厚な熟キスSEX16時間,RBB-056,,2015-09-13,960分鐘,,ROOKIE,ROOKIE,,成熟的女人、合集、16時間以上作品、キス・接吻、DMM獨家,矢部寿恵、大田ゆりか、本田岬、神波多一花、八木あずさ、篠田あゆみ、広瀬奈々美（堀口奈津美）、逢沢はるか（黒木琴音）、秋山静香、松山愛、中森玲子、友田真希、風間ゆみ、北条麻妃、佐藤みき（佐藤美紀、鈴木志帆）、川上ゆう（森野雫）、白木優子、華山美玲、河合律子、西野翔、艶堂しほり（遠藤しおり）、石田れいな、竹内紗里奈、松本まりな、岩佐あゆみ、星野あかり、音無かおり、三井ゆかり、木村まりえ、堀内美希、糸矢めい、小早川怜子、本真ゆり、春原未来、江波りゅう（RYU)、沢口みき、有沢実紗、伊織涼子、冴島かおり、愛乃ゆな、南紗穂、宮内京香、秋野千尋、仲丘たまき（片岡まきな）、JULIA、篠宮奈津子、大橋ひとみ、葉月奈穂（葉月菜穂）、水野淑恵、野間あんな、紀崎りおな、今井美鈴、森ななこ、織田真子、波多野結衣、牧原れい子、林ゆな、結城みさ、KAORI、水野朝陽、神ユキ、北川美緒、加山なつこ、木村はな、中山理莉、寺崎泉、椎名ゆな、蓮実クレア、美和なつみ、一条綺美香、菅野さゆき、寺林伸子、青山葵、紫彩乃、三浦恵理子、さとう遥希、桜木優希音、赤坂ルナ、周防ゆきこ、白川千織、高倉梨奈、大島優香、桐岡さつき,https://www.javbus.com/RBB-056,
PPBD-106 OPPAI 2014年1年分 全タイトルまるごと収録！！16時間,PPBD-106 OPPAI 2014年1年分 全タイトルまるごと収録！！16時間,PPBD-106,,2015-09-13,960分鐘,,OPPAI,OPPAI,1年分全タイトルまるごと収録,乳交、合集、戀乳癖、乳房、中出、巨乳、DMM獨家,JULIA、波多野結衣、上原亜衣、椎名ゆな、枢木みかん、保坂えり、水野朝陽、本田莉子、浜崎真緒、桜咲ひな、松本ほのか、篠田あゆみ、かのんこゆる、水咲あかね、逢沢ふみ奈、風音舞香、里咲しおり、川菜美鈴、白咲梓、長谷部ゆい、堀北七海、仲村茉莉恵、岸杏南、井上瞳、中山理莉、愛実れい、原千草、茜あずさ、希咲エマ（HARUKI、加藤はる希）、沖田杏梨、秋吉ひな、北川瞳、菜月アンナ、Hitomi（田中瞳）、めぐり（藤浦めぐ）、佐山愛、椎名まりな、桜ももい,https://www.javbus.com/PPBD-106,
MIBD-947 レ○プ中の絶頂に抗えなかった悲しい肉体 犯されて快感に負けた女達2,MIBD-947 レ○プ中の絶頂に抗えなかった悲しい肉体 犯されて快感に負けた女達2,MIBD-947,,2015-09-10,240分鐘,,ムーディーズ,MOODYZBest,犯されて快感に負けた女達,合集、已婚婦女、美少女、數位馬賽克、中出、出軌、DMM獨家,つぼみ、JULIA、秋山祥子、乃々果花、佳苗るか、湊莉久、本田莉子、西川ゆい、小西まりえ、川村まや,https://www.javbus.com/MIBD-947,
MIBD-948 お姉さんたちに見つめられて恥ずかし射精BEST,MIBD-948 お姉さんたちに見つめられて恥ずかし射精BEST,MIBD-948,,2015-09-10,240分鐘,,ムーディーズ,MOODYZBest,,蕩婦、乳交、合集、數位馬賽克、主觀視角、ハーレム、DMM獨家,つぼみ、JULIA、友田彩也香、波多野結衣、大槻ひびき、大橋未久、里美ゆりあ、倉多まお、木下あずみ、篠田あゆみ,https://www.javbus.com/MIBD-948,
MIBD-945 女優vs素人 我慢できず大量ザーメンを暴発させた瞬間BEST！！,MIBD-945 女優vs素人 我慢できず大量ザーメンを暴発させた瞬間BEST！！,MIBD-945,,2015-09-10,240分鐘,,ムーディーズ,MOODYZBest,,野外・露出、濫交、合集、數位馬賽克、中出、ファン感謝・訪問、DMM獨家,麻倉憂、JULIA、波多野結衣、大槻ひびき、有村千佳、大橋未久、神咲詩織,https://www.javbus.com/MIBD-945,
MIBD-946 膝上でとろけそうになるチ○ポを挟み上げるパイズリ4時間,MIBD-946 膝上でとろけそうになるチ○ポを挟み上げるパイズリ4時間,MIBD-946,,2015-09-10,240分鐘,,ムーディーズ,MOODYZBest,,乳交、胖女人、合集、數位馬賽克、主觀視角、巨乳、DMM獨家,JULIA、波多野結衣、秋山祥子、神咲詩織、入江愛美、立川理恵、木下あずみ、鈴木心春、保坂えり、本田莉子,https://www.javbus.com/MIBD-946,
AVOP-119 【限定共演】MOODYZファン感謝祭 バコバコバスツアー2015-1泊2日でイクッ！夢の大乱交AVオールスターズ！-,AVOP-119 【限定共演】MOODYZファン感謝祭 バコバコバスツアー2015-1泊2日でイクッ！夢の大乱交AVオールスターズ！-,AVOP-119,,2015-09-01,240分鐘,モヒカル,ムーディーズ,AVOPEN2015,バコバコバスツアー,企畫、濫交、高畫質、AV OPEN 2015 企画部門、巨乳、DMM獨家,かすみ果穂、JULIA、波多野結衣、上原亜衣、乃々果花、蓮実クレア、水野朝陽、吉川あいみ、なごみ、香山美桜,https://www.javbus.com/AVOP-119,
BIB-126 高画質！美巨乳痴女31人日替わりFUCK8時間,BIB-126 高画質！美巨乳痴女31人日替わりFUCK8時間,BIB-126,,2015-08-22,480分鐘,,美,美,痴女●人日替わりFUCK,蕩婦、合集、淫語、姐姐、キス・接吻、DMM獨家,波多野結衣、桜ここみ、工藤美紗、秋野千尋、芦名ユリア、倉多まお、長谷川リホ、愛実れい、事原みゆ、篠田あゆみ、有森涼（事原みゆ）、森咲みお、西條るり、さくら悠、一ノ瀬ルカ、仁科百華、あすか光希、北川瞳、森ななこ、松嶋れいな、JULIA、菅野さゆき、水咲あかね、蓮実クレア、秋吉ひな、浜崎真緒、紅音レイラ、穂高ゆうき、椎名ゆな、かすみりさ、松本メイ,https://www.javbus.com/BIB-126,
RGB-021 官能的なキス 5,RGB-021 官能的なキス 5,RGB-021,,2015-08-21,15分鐘,,ROOKIE,LoveTune,官能的なキス,高畫質、給女性觀眾、DMM獨家,JULIA、シェリー（Shelly、藤井シェリー）（しぇりー）、椎名ゆな、希志あいの、沖田杏梨、安城アンナ、神ユキ、山川青空、蒼井楓、鈴宮まり、二葉このみ、Erina、吉野あおい、よしい美希（伊沢涼子、吉井美希）,https://www.javbus.com/RGB-021,
PPBD-105 激揺れする巨乳を眺めながら快感射精する騎乗位SEX8時間BEST,PPBD-105 激揺れする巨乳を眺めながら快感射精する騎乗位SEX8時間BEST,PPBD-105,,2015-08-15,480分鐘,,OPPAI,OPPAI,,濫交、合集、戀乳癖、中出、女上位、巨乳、DMM獨家,JULIA、波多野結衣、上原亜衣、愛実れい、川菜美鈴、長谷部ゆい、仲村茉莉恵、岸杏南、篠田あゆみ、里咲しおり、原千草、紺野まこ、二葉しずく、濱口えな、篠原舞、美月アンジェリア（アンジェリア）、冬乃あかり、星野ひびき、香山美桜、中山理莉、かのんこゆる、松本ほのか、椎名まりな、西川りおん、茜あずさ、風音舞香、七草ちとせ、小早川怜子、月本るい（宮原友里絵）、水野朝陽、吉永あかね、愛乃なみ、本田莉子、野宮さとみ、北乃ちか、浜崎真緒、倉多まお、尾上若葉、長谷川リホ、めぐり（藤浦めぐ）、立川理恵、保坂えり、舞咲みくに、枢木みかん、希咲エマ（HARUKI、加藤はる希）、沖田杏梨、秋吉ひな、菜月アンナ、西條るり、椎名ゆな、Hitomi（田中瞳）、佐山愛,https://www.javbus.com/PPBD-105,
RBB-048 悔しいけどガクガク震えるほど感じてしまう…痴漢16時間,RBB-048 悔しいけどガクガク震えるほど感じてしまう…痴漢16時間,RBB-048,,2015-08-15,960分鐘,,ROOKIE,ROOKIE,,合集、性騷擾、16時間以上作品、DMM獨家,愛咲れいら（原千尋）、かすみ果穂、JULIA、愛花沙也、めぐり（藤浦めぐ）、二宮沙樹、冬月かえで、天海つばさ、姫野ゆうり、白木優子、相沢恋、倉多まお、前田かおり、石原あずさ、青山菜々、並木優、暮町ゆうこ、北条麻妃、澤村レイコ（高坂保奈美、高坂ますみ）、鈴羽みう、瑠川リナ、涼川絢音、立花はるみ、明日花キララ、夢乃あいか、篠田香織、あかり優、黒瀬ノア、北川エリカ、西條るり、西川ゆい、星美りか、源みいな、結城みさ、宮部涼花、吉沢明歩、希美まゆ、希志あいの、管野しずか、加々美ゆい、一之瀬すず、安土結、安城アンナ、黒木アリサ、桜ここみ、成海うるみ、新山沙弥、上原亜衣、松島かえで、小川あさ美、渚ことみ、初音みのり、柴咲エリカ、篠田ゆう、篠原杏、桜木凛、愛田奈々,https://www.javbus.com/RBB-048,
MIBD-940 ハイレグズラしハメBEST22人,MIBD-940 ハイレグズラしハメBEST22人,MIBD-940,,2015-08-08,240分鐘,,ムーディーズ,MOODYZBest,,合集、賽車女郎、屁股、戀腿癖、數位馬賽克、緊身衣、女上位、DMM獨家,つぼみ、JULIA、波多野結衣、佐山愛、乃々果花、丘咲エミリ、佳苗るか、蓮実クレア、木下あずみ、浜崎真緒,https://www.javbus.com/MIBD-940,
MIBD-939 凄いチ○ポでポルチオを突かれておかしくなった女達2,MIBD-939 凄いチ○ポでポルチオを突かれておかしくなった女達2,MIBD-939,,2015-08-08,240分鐘,,ムーディーズ,MOODYZBest,ポルチオを突かれておかしくなった女達,合集、淫語、數位馬賽克、子宮頸、デカチン・巨根、巨乳、DMM獨家,つぼみ、JULIA、上原亜衣、沖田杏梨、神咲詩織、蓮実クレア、湊莉久、川村まや、涼風ことの、望月るな、朝倉ことみ、小向美奈子、Hitomi（田中瞳）、佐山愛、京野明日香、西田カリナ,https://www.javbus.com/MIBD-939,
RGB-019 肌から伝わる快感密着セックス vol.3,RGB-019 肌から伝わる快感密着セックス vol.3,RGB-019,,2015-08-07,15分鐘,,ROOKIE,LoveTune,肌から伝わる快感密着セックス,高畫質、給女性觀眾、DMM獨家,JULIA、秋山祥子、希志あいの、希美まゆ、水咲カレン、香西咲、小島みなみ、湊莉久,https://www.javbus.com/RGB-019,
MIBD-931 全感度が一極集中する亀頭責めBEST,MIBD-931 全感度が一極集中する亀頭責めBEST,MIBD-931,,2015-07-11,240分鐘,,ムーディーズ,MOODYZBest,,蕩婦、其他戀物癖、合集、淫語、數位馬賽克、DMM獨家、打手槍,青木玲、Maika（MEW）、つぼみ、泉麻那、桜りお、波多野結衣、佐山愛、里美ゆりあ、西野翔、桜井あゆ、芦名未帆（稲森しほり）、雫パイン、かすみりさ、月城ルネ、天音エミル、本田莉子、工藤美紗、水樹りさ、水谷心音（藤崎りお）、JULIA、二宮沙樹、小早川怜子、菜月アンナ、大橋未久、谷村早苗,https://www.javbus.com/MIBD-931,
MIBD-930 最高のチ●ポで堕とされまいっちゃった女達,MIBD-930 最高のチ●ポで堕とされまいっちゃった女達,MIBD-930,,2015-07-11,240分鐘,,ムーディーズ,MOODYZBest,,潮吹、合集、花癡、數位馬賽克、中出、DMM獨家,JULIA、佐山愛、さとう遥希、上原亜衣、乃々果花、河合こころ、鈴木心春、湊莉久、本田莉子、西川ゆい,https://www.javbus.com/MIBD-930,
MIBD-932 デカ尻で顔面騎乗！！強制クンニベスト,MIBD-932 デカ尻で顔面騎乗！！強制クンニベスト,MIBD-932,,2015-07-11,240分鐘,,ムーディーズ,MOODYZBest,,合集、屁股、數位馬賽克、舔陰、女上位、顏面騎乘、巨尻、DMM獨家,秋山祥子、泉麻那、JULIA、つぼみ、竹内あい、佐山愛、橘ミオン（石川鈴華）、葵ぶるま、椎名ゆな、鈴木心春,https://www.javbus.com/MIBD-932,
MIBD-928 孕ませ危険日！！膣奥にザーメンたっぷり快感射精8時間！！ vol.2,MIBD-928 孕ませ危険日！！膣奥にザーメンたっぷり快感射精8時間！！ vol.2,MIBD-928,,2015-07-11,480分鐘,,ムーディーズ,MOODYZBest,ザーメンたっぷり快感射精,其他戀物癖、合集、數位馬賽克、中出、DMM獨家、肛交、吞精,JULIA、上原亜衣、湊莉久、原千草、小西まりえ、森沢かな（飯岡かなこ）、乙葉ななせ、槇原愛菜、辻井ゆう、篠田あゆみ,https://www.javbus.com/MIBD-928,
RGB-015 求め続ける騎乗位 vol.2,RGB-015 求め続ける騎乗位 vol.2,RGB-015,,2015-07-10,15分鐘,,ROOKIE,LoveTune,求め続ける騎乗位,高畫質、給女性觀眾、DMM獨家,月野りさ、紗奈、JULIA、麻美ゆま、颯希真衣、宇都宮しをん,https://www.javbus.com/RGB-015,
BOMN-133 爆乳責め 淫語パイズリ挟射2,BOMN-133 爆乳責め 淫語パイズリ挟射2,BOMN-133,,2015-06-27,240分鐘,,ABC/妄想族,BoinBB/ABC,淫語パイズリ挟射,乳交、合集、戀乳癖、4小時以上作品、巨乳、DMM獨家,希咲エマ（HARUKI、加藤はる希）、JULIA、星野来夢、眞野さくら、小衣くるみ、井上瞳、七草ちとせ、ひなみるか、本間麗花、二葉しずく,https://www.javbus.com/BOMN-133,
MIBD-927 激突きバック中出し 垂れ落ちるザーメンベスト,MIBD-927 激突きバック中出し 垂れ落ちるザーメンベスト,MIBD-927,,2015-06-27,240分鐘,,ムーディーズ,MOODYZBest,,其他戀物癖、合集、屁股、數位馬賽克、中出、デカチン・巨根、DMM獨家,JULIA、長澤あずさ、上原亜衣、倉多まお、彩城ゆりな、篠宮ゆり、知花メイサ、木下あずみ、湊莉久、森沢かな（飯岡かなこ）,https://www.javbus.com/MIBD-927,
ATKD-235 厳選、巨乳凌辱 わがままボディを犯して征服 選りすぐり巨乳美女16人480分,ATKD-235 厳選、巨乳凌辱 わがままボディを犯して征服 選りすぐり巨乳美女16人480分,ATKD-235,,2015-06-20,480分鐘,,アタッカーズ,AttackersBEST,,合集、凌辱、巨乳、DMM獨家,羽田夕夏、浜崎りお（森下えりか、篠原絵梨香）、佐山愛、青山菜々、真央♪、織田真子、みなせ優夏、倉持結愛、緒川凛、本田莉子、青木りん、JULIA、仁科百華、水城奈緒、花井メイサ、妃乃ひかり,https://www.javbus.com/ATKD-235,
DAZD-071 美女の喉奥がぶっ壊れるまでイラマチオしたら気持ちよすぎて精子が出すぎた,DAZD-071 美女の喉奥がぶっ壊れるまでイラマチオしたら気持ちよすぎて精子が出すぎた,DAZD-071,,2015-06-20,480分鐘,,ダスッ！,ダスッ！,,合集、花癡、美少女、深喉、4小時以上作品、DMM獨家,風間ゆみ、北条麻妃、桜りお、JULIA、上原亜衣、Hitomi（田中瞳）、宮坂レイア、湊莉久、篠田あゆみ、苺ミク、愛原さえ、芹沢つむぎ、桜井あゆ、市来美保、藤嶋唯、羽月希、島崎りか、さくら悠、和希さやか、佐藤みき（佐藤美紀、鈴木志帆）、小坂めぐる、小日向みく、美咲恋、石川流花、水元ゆうな、松本まりな、碧しの（篠めぐみ）、横山みれい、HIKARI、大倉彩音、彩音さくら、双葉まみ、双葉あみ、青木玲、二宮沙樹、RUMIKA、花井メイサ、北川瞳、北川エリカ、水玉レモン、恵けい、小峰ひなた、大塚咲（小野沙樹、大滝佐紀）、妃乃ひかり、夏川未来（小春）、成瀬心美（ここみ）,https://www.javbus.com/DAZD-071,
RGB-012 濡れる身体。感じあう愛撫 vol.2,RGB-012 濡れる身体。感じあう愛撫 vol.2,RGB-012,,2015-06-19,13分鐘,,ROOKIE,LoveTune,濡れる身体。感じあう愛撫,高畫質、給女性觀眾、DMM獨家,JULIA、天海つばさ、美雪ありす、長谷川リホ、緒川りお、逢沢つばさ、よしい美希（伊沢涼子、吉井美希）、吉野あおい、京本香織,https://www.javbus.com/RGB-012,
PPBD-101 爆乳娘に日替わり中出しSEX31人8時間,PPBD-101 爆乳娘に日替わり中出しSEX31人8時間,PPBD-101,,2015-06-13,480分鐘,,OPPAI,OPPAI,,家教、合集、偷窥、中出、出軌、巨乳、DMM獨家,JULIA、波多野結衣、上原亜衣、椎名ゆな、長谷部ゆい、仲村茉莉恵、岸杏南、松本ほのか、篠田あゆみ、里咲しおり、かのんこゆる、紺野まこ、本山茉莉、香山美桜、宇佐木もも、星野ひびき、川菜美鈴、原千草、佐山愛、めぐり（藤浦めぐ）、Hitomi（田中瞳）、北川瞳、秋吉ひな、沖田杏梨、枢木みかん、舞咲みくに、浜崎真緒、本田莉子、水野朝陽、茜あずさ、冬乃あかり,https://www.javbus.com/PPBD-101,
SBB-183 マジイキ！ディルドオナニー4時間,SBB-183 マジイキ！ディルドオナニー4時間,SBB-183,,2015-06-08,240分鐘,,マルクス兄弟,MARXBrothersco.,,玩具、4小時以上作品、DMM獨家、自慰,北条麻妃、瑠菜（安西瑠菜、RUNA）、哀川りん、北川瞳、結城みさ、悠月舞、青木りん、愛実（秋川ルイ）、矢吹杏、美神あおい、樹花凜（七咲楓花）、寺島ちひろ、JULIA、碧しの（篠めぐみ）、黒木麻衣（花野真衣、SHIHO）、黒木アリサ、妃悠愛（長澤杏奈、水原里香、木崎祐子）、高沢沙耶,https://www.javbus.com/SBB-183,
MIBD-922 失禁するまで抵抗できずにイカされる女達4時間,MIBD-922 失禁するまで抵抗できずにイカされる女達4時間,MIBD-922,,2015-06-07,240分鐘,,ムーディーズ,MOODYZBest,,放尿、潮吹、合集、數位馬賽克、女優按摩棒、DMM獨家,若葉くるみ、JULIA、仁科百華、さとう遥希、優希まこと、きよみ玲、宮下リカ、三ツ星りぼん、湊莉久、本田莉子、青山ローラ、秋野千尋、みなせ優夏、河合こころ、成宮カナ、牧瀬ひかり、周防ゆきこ、鈴木きあら（美空あいり）、水元ゆうな、佐山愛、大橋未久、澤村レイコ（高坂保奈美、高坂ますみ）、みづなれい（みずなれい）、月野りさ、Hitomi（田中瞳）、花村沙知、水谷心音（藤崎りお）、葵ちひろ、ましろ杏、秋山祥子、一之瀬すず,https://www.javbus.com/MIBD-922,
MBYD-230 こんな水着で恥ずかしいはずなのに、私興奮しています…町内会でストリップを踊らされた美人妻達4時間総集編,MBYD-230 こんな水着で恥ずかしいはずなのに、私興奮しています…町内会でストリップを踊らされた美人妻達4時間総集編,MBYD-230,,2015-06-07,240分鐘,,溜池ゴロー,溜池ゴロー,町内会でストリップを踊らされた妻,濫交、合集、已婚婦女、新娘、年輕妻子、羞恥、出軌、DMM獨家,かすみ果穂、鈴木さとみ、JULIA、波多野結衣、佐山愛、Hitomi（田中瞳）、青山菜々、保坂えり,https://www.javbus.com/MBYD-230,
MIBD-923 いやらし～い巨乳のお姉さんに見下されながら跨られて犯された僕。,MIBD-923 いやらし～い巨乳のお姉さんに見下されながら跨られて犯された僕。,MIBD-923,,2015-06-07,240分鐘,,ムーディーズ,MOODYZBest,,蕩婦、合集、淫語、姐姐、數位馬賽克、女上位、巨乳、DMM獨家,JULIA、波多野結衣、乃々果花、沖田杏梨、神咲詩織、蓮実クレア、鈴木心春、本田莉子、槇原愛菜、篠田あゆみ,https://www.javbus.com/MIBD-923,
BOMN-130 激 巨乳潮噴きイカセSEX,BOMN-130 激 巨乳潮噴きイカセSEX,BOMN-130,,2015-05-31,240分鐘,,ABC/妄想族,BoinBB/ABC,,苗條、潮吹、合集、數位馬賽克、女上位、巨乳、DMM獨家,JULIA、さとう遥希、吉永あかね、弓束ちはや、青葉ゆな、生成うい、ひなみるか、本間麗花、三好亜矢、八束みこと、井上瞳、永瀬里美、塚田詩織、加藤あずみ、美波瀬奈、水咲あかね、松野朱里、希咲エマ（HARUKI、加藤はる希）、菜月アンナ、市來あやか,https://www.javbus.com/BOMN-130,
MIBD-917 半中半外中出し4時間,MIBD-917 半中半外中出し4時間,MIBD-917,,2015-05-30,240分鐘,,ムーディーズ,MOODYZBest,,其他戀物癖、合集、數位馬賽克、中出、單體作品、DMM獨家,JULIA、さとう遥希、乃々果花、菜月アンナ、河合こころ、佳苗るか、尾上若葉、椎名理紗、安土結、夏目彩春,https://www.javbus.com/MIBD-917,
RGB-009 Carnal Kiss Ver. 3,RGB-009 Carnal Kiss Ver. 3,RGB-009,,2015-05-29,0分鐘,,ROOKIE,,官能的なキス,高畫質、給女性觀眾,かすみ果穂、JULIA、Rio（柚木ティナ）、瑠川リナ、椎名ゆな、野村萌香、周防ゆきこ、希美まゆ、芦名ユリア、ティア、辻本杏、鈴木心春、吉川あいみ、よしい美希（伊沢涼子、吉井美希）、京本香織、吉野あおい,https://www.javbus.com/RGB-009,
PPBD-098 巨乳娘とヤリ放題 8タイトル丸ごと全部入り16時間BEST,PPBD-098 巨乳娘とヤリ放題 8タイトル丸ごと全部入り16時間BEST,PPBD-098,,2015-05-16,960分鐘,,OPPAI,OPPAI,巨乳娘とヤリ放題,蕩婦、乳交、合集、戀乳癖、中出、巨乳、DMM獨家,JULIA、波多野結衣、秋吉ひな、上原亜衣、椎名ゆな、めぐり（藤浦めぐ）、沖田杏梨、舞咲みくに,https://www.javbus.com/PPBD-098,
PPBD-099 高画質！！ねっとりと絡み合う爆乳ローション性交8時間BEST！！,PPBD-099 高画質！！ねっとりと絡み合う爆乳ローション性交8時間BEST！！,PPBD-099,,2015-05-16,480分鐘,,OPPAI,OPPAI,,合集、妓女、乳液、中出、美容院、巨乳、DMM獨家,JULIA、上原亜衣、椎名ゆな、尾上若葉、北乃ちか、入江愛美、吉永あかね、月本るい（宮原友里絵）、風音りん、保坂えり、西川りおん、西條カレン、長谷部ゆい、堀北七海、里咲しおり、三浦奏、小早川怜子、新山かえで、佐山愛、めぐり（藤浦めぐ）、Hitomi（田中瞳）、菅野さゆき、西條るり、仁科百華、菜月アンナ、白戸もも、沖田杏梨、及川はるな、大月まゆか、水咲あかね,https://www.javbus.com/PPBD-099,
MIBD-916 発射直前ラッシュピストン！！巨乳ちゃんの爆揺れおっぱい4時間,MIBD-916 発射直前ラッシュピストン！！巨乳ちゃんの爆揺れおっぱい4時間,MIBD-916,,2015-05-10,240分鐘,,ムーディーズ,MOODYZBest,,苗條、合集、戀乳癖、數位馬賽克、巨乳、DMM獨家,JULIA、佐山愛、西條るり、Hitomi（田中瞳）、新山かえで、星咲ひかる、みなせ優夏、綾瀬みなみ、倉多まお、大塩友里,https://www.javbus.com/MIBD-916,
MIBD-912 ヌキあり！ハメあり！中出しあり！究極の悶絶マッサージ4時間,MIBD-912 ヌキあり！ハメあり！中出しあり！究極の悶絶マッサージ4時間,MIBD-912,,2015-04-25,240分鐘,,ムーディーズ,MOODYZBest,,乳交、合集、數位馬賽克、中出、按摩、巨乳、DMM獨家、打手槍,JULIA、波多野結衣、佐山愛、乃々果花、上原保奈美、枢木みかん、愛乃なみ、本田莉子、西川ゆい、乙葉ななせ,https://www.javbus.com/MIBD-912,
PPBD-096 OPPAI 7周年記念！！ 巨乳と中出しSEX8時間,PPBD-096 OPPAI 7周年記念！！ 巨乳と中出しSEX8時間,PPBD-096,,2015-04-16,480分鐘,,OPPAI,OPPAI,,蕩婦、女大學生、合集、中出、女主播、巨乳、DMM獨家,JULIA、佐山愛、めぐり（藤浦めぐ）、沖田杏梨、水野朝陽、長谷部ゆい、岸杏南、松本ほのか、かのんこゆる、里咲しおり、本田莉子、北乃ちか、枢木みかん、上原亜衣、椎名ゆな、波多野結衣、紺野まこ,https://www.javbus.com/PPBD-096,
PPBD-097 OPPAI 7周年記念！！ 高画質パイズリ8時間,PPBD-097 OPPAI 7周年記念！！ 高画質パイズリ8時間,PPBD-097,,2015-04-16,480分鐘,,OPPAI,OPPAI,,女教師、乳交、合集、已婚婦女、女主播、巨乳、DMM獨家,JULIA、佐山愛、めぐり（藤浦めぐ）、沖田杏梨、井上瞳、篠田あゆみ、上原ひなの、水咲あかね、逢沢ふみ奈、里咲しおり、風音舞香、中山理莉、仲村茉莉恵、長谷部ゆい、愛実れい、茜あずさ、保坂えり、浜崎真緒、希咲エマ（HARUKI、加藤はる希）、秋吉ひな、Hitomi（田中瞳）、波多野結衣、川菜美鈴、桜ももい,https://www.javbus.com/PPBD-097,
RBB-024 昇天絶頂ブッシャアァァァァ！！！！とめどなく溢れる潮噴き大噴射 16時間,RBB-024 昇天絶頂ブッシャアァァァァ！！！！とめどなく溢れる潮噴き大噴射 16時間,RBB-024,,2015-04-16,960分鐘,,ROOKIE,ROOKIE,,放尿、潮吹、高畫質、單體作品、DMM獨家,つぼみ、JULIA、水澤まお（永沢まおみ）、麻美ゆま、初音みのり、アンジェ、星美りか、たなか唯、きみと歩実、希島あいり,https://www.javbus.com/RBB-024,
RBB-023 肉棒を包み込む最高の口淫 美熟女の優しく丁寧なフェラチオ16時間,RBB-023 肉棒を包み込む最高の口淫 美熟女の優しく丁寧なフェラチオ16時間,RBB-023,,2015-04-16,960分鐘,,ROOKIE,ROOKIE,,成熟的女人、口交、姐姐、新娘、年輕妻子、DMM獨家,川上ゆう（森野雫）、浅倉彩音、大堀香奈、矢部寿恵、森ななこ、菅野さゆき、倉多まお、白木優子、小早川怜子、浅之美波、牧原れい子、乃亜（鳥越乃亜）、稲川なつめ、卯水咲流、本田岬、夏目彩春、新山かえで、青木美空、椎名ゆな、松本まりな、君島冴子（AOI.、村上葵）、北島玲、南紗穂、吉永あかね、羽月希、三浦恵理子、長谷川美紅、小向まな美、上原保奈美、今井ひろの、矢吹京子、柚希あおい、堀内秋美、横山夏希、笠木忍、北条麻妃、北原夏美、織田真子、艶堂しほり（遠藤しおり）、澤村レイコ（高坂保奈美、高坂ますみ）、大橋ひとみ、波多野結衣、今井美鈴、寺崎泉、森沢かな（飯岡かなこ）、二宮沙樹、西野翔、中森玲子、結城みさ、仲丘たまき（片岡まきな）、美泉咲、篠田あゆみ、北川エリカ、大場ゆい、新堂綾乃、風間ゆみ、JULIA、西條るり、沖田杏梨、秋吉ひな、佐山愛、広瀬奈々美（堀口奈津美）、瞳リョウ、星野あかり、保坂えり、山本美和子、小川あさ美、佐藤みき（佐藤美紀、鈴木志帆）、本田莉子、春菜はな、横山みれい、青木りん、青木玲,https://www.javbus.com/RBB-023,
MIBD-907 レ○プ中の絶頂に抗えなかった悲しい肉体 犯されて快感に負けた女達,MIBD-907 レ○プ中の絶頂に抗えなかった悲しい肉体 犯されて快感に負けた女達,MIBD-907,,2015-04-11,480分鐘,,ムーディーズ,MOODYZBest,,強姦、合集、已婚婦女、數位馬賽克、出軌、DMM獨家,JULIA、琥珀うた、波多野結衣、さとう遥希、上原亜衣、橘ひなた、乃々果花、神咲詩織、桜井あゆ、夏目彩春,https://www.javbus.com/MIBD-907,
MIBD-902 集団輪姦！！連続中出しBESTvol.3,MIBD-902 集団輪姦！！連続中出しBESTvol.3,MIBD-902,,2015-04-01,480分鐘,,ムーディーズ,MOODYZBest,集団輪姦！！連続中出し,強姦、合集、數位馬賽克、輪姦、中出、DMM獨家,JULIA、さとう遥希、上原亜衣、秋山祥子、乃々果花、京野ゆめ、篠宮ゆり、桜ちずる、木下あずみ、湊莉久,https://www.javbus.com/MIBD-902,
T28-388 100人の美脚美少女たちによる極上足コキBOX 16時間,T28-388 100人の美脚美少女たちによる極上足コキBOX 16時間,T28-388,,2015-03-20,960分鐘,,TMA,TMA,,合集、戀腿癖、美少女、足交、16時間以上作品,つぼみ、月野りさ、妃悠愛（長澤杏奈、水原里香、木崎祐子）、大沢美加（廣田まりこ）、JULIA、絵色千佳、波多野結衣,https://www.javbus.com/T28-388,
BOMN-121 巨乳輪を味わう舐め吸い デカ乳輪しか愛せない,BOMN-121 巨乳輪を味わう舐め吸い デカ乳輪しか愛せない,BOMN-121,,2015-03-15,240分鐘,,ABC/妄想族,BoinBB/ABC,,其他戀物癖、合集、戀乳癖、超乳、巨乳、DMM獨家,羽田夕夏、JULIA、鈴香音色、うるみゆう、相奈さゆき、桜木莉愛（かじか凛）、美月優芽、眞野さくら、桃華マリエ、佐藤愛,https://www.javbus.com/BOMN-121,
PPBD-095 危険日の巨乳に孕ませ中出し8時間,PPBD-095 危険日の巨乳に孕ませ中出し8時間,PPBD-095,,2015-03-14,480分鐘,,OPPAI,OPPAI,,合集、戀乳癖、乳房、中出、巨乳、DMM獨家,JULIA、北川瞳、波多野結衣、佐山愛、秋吉ひな、上原亜衣、沖田杏梨、水野朝陽、本田莉子、茜あずさ、長谷部ゆい、仲村茉莉恵、岸杏南、里咲しおり、松本ほのか、かのんこゆる、めぐり（藤浦めぐ）、椎名ゆな,https://www.javbus.com/PPBD-095,
RBB-017 いいなりマゾ女を性調教凌辱 16時間,RBB-017 いいなりマゾ女を性調教凌辱 16時間,RBB-017,,2015-03-14,960分鐘,,ROOKIE,ROOKIE,,合集、花癡、美少女、性奴、凌辱、DMM獨家,かすみ果穂、並木優、瑠川リナ、西條るり、椎名ゆな、新山かえで、鶴田かな、尾上若葉、大場ゆい、森沢かな（飯岡かなこ）、葵ちひろ、北条麻妃、木村つな、湊莉久、吉澤留美、佐山愛、葉月奈穂（葉月菜穂）、梨果メリア、小早川怜子、西野翔、星乃らむ、JULIA、Hitomi（田中瞳）、星野ナミ、保坂えり、浜崎真緒、希志あいの、夏目優希、あすか光希、若菜亜衣、二宮沙樹、雪見紗弥、麻美ゆま、妃悠愛（長澤杏奈、水原里香、木崎祐子）、松坂沙耶、西野まお、冬月かえで、沢口あすか、翔田千里、鈴木麻奈美、相原れな（三浦加奈、篠原リョウ）、鈴木明日香、吉沢明歩、恵けい、森口琴音、月見栞、沖田杏梨,https://www.javbus.com/RBB-017,
MBYD-220 夫の親族一同に輪姦された美人妻8時間BEST,MBYD-220 夫の親族一同に輪姦された美人妻8時間BEST,MBYD-220,,2015-03-08,480分鐘,,溜池ゴロー,溜池ゴロー,夫の親族一同に輪姦された美人妻,強姦、合集、已婚婦女、輪姦、出軌、巨乳、DMM獨家,JULIA、波多野結衣、さとう遥希、桜井あゆ、篠田あゆみ,https://www.javbus.com/MBYD-220,
MIBD-894 女教師レ×プ輪姦8時間総集編,MIBD-894 女教師レ×プ輪姦8時間総集編,MIBD-894,,2015-03-01,480分鐘,,ムーディーズ,MOODYZBest,女教師レイプ輪姦,強姦、女教師、合集、數位馬賽克、輪姦、凌辱、DMM獨家,つぼみ、JULIA、大橋未久、乃々果花、めぐり（藤浦めぐ）、二宮沙樹、木下あずみ、本田莉子、山川青空、夏目彩春,https://www.javbus.com/MIBD-894,
MIBD-893 射精直前の気持ち良いピストン102連発,MIBD-893 射精直前の気持ち良いピストン102連発,MIBD-893,,2015-03-01,240分鐘,,ムーディーズ,MOODYZBest,射精直前の気持ち良いピストン,合集、數位馬賽克、中出、顏射、DMM獨家,つぼみ、JULIA、波多野結衣、上原亜衣、乙葉ななせ、夏目彩春、青井いちご、葉月可恋、山手栞、阿部乃みく,https://www.javbus.com/MIBD-893,
23-ID-007 100人の巨乳乳揉みフェチ映像集 8時間,23-ID-007 100人の巨乳乳揉みフェチ映像集 8時間,23-ID-007,,2015-02-20,484分鐘,,TMA,TMA,,戀乳癖、4小時以上作品、巨乳,JULIA、北川エリカ、吉永あかね、本田莉子、さとう愛理,https://www.javbus.com/23-ID-007,
SWAC-018 ディルド騎乗位オナニー4時間,SWAC-018 ディルド騎乗位オナニー4時間,SWAC-018,,2015-02-16,240分鐘,,湘南/妄想族,湘南/妄想族,,潮吹、女上位、4小時以上作品、DMM獨家、自慰、局部特寫,碧しの（篠めぐみ）、瑠菜（安西瑠菜、RUNA）、JULIA、愛内梨花、さとう遥希、上原亜衣、須藤早紀、愛実（秋川ルイ）、高橋ゆい、寺島ちひろ、小西なつみ、黒木アリサ、宇佐美なな、EMI、大島あいる、長南悠果、妃悠愛（長澤杏奈、水原里香、木崎祐子）、結城みさ,https://www.javbus.com/SWAC-018,
PPBD-093 こんな大きなおっぱいは披露しなきゃ勿体ない！！巨乳娘たちの露出性交4時間！！,PPBD-093 こんな大きなおっぱいは披露しなきゃ勿体ない！！巨乳娘たちの露出性交4時間！！,PPBD-093,,2015-02-15,240分鐘,,OPPAI,OPPAI,,蕩婦、野外・露出、合集、戀乳癖、巨乳、DMM獨家,JULIA、波多野結衣、大島あいる、めぐり（藤浦めぐ）、新山かえで、杏美月、吉永あかね、原千草,https://www.javbus.com/PPBD-093,
RBB-007 横乳下乳はみ出し放題！スーパーヘビー級のHカップ以上厳選 世界に誇れるモンスターおっぱい！！16時間,RBB-007 横乳下乳はみ出し放題！スーパーヘビー級のHカップ以上厳選 世界に誇れるモンスターおっぱい！！16時間,RBB-007,,2015-02-15,960分鐘,,ROOKIE,ROOKIE,,乳交、合集、乳房、超乳、DMM獨家,夢野まりあ、浅田ちち、青木りん、Hitomi（田中瞳）、風子、二階堂ソフィア、滝川ソフィア、北乃ちか、新山らん、ももい理乃、花井メイサ、愛実（秋川ルイ）、春菜はな、沖田杏梨、仁科百華、恵けい、市来美保、あいぶらん（蜜井とわ）、桜木莉愛（かじか凛）、西條るり、長澤あずさ、前田優希、大島あいる、宇都宮しをん、JULIA、鈴香音色、立川理恵、仲村ろみひ、七空うみ(七海そら)、春日もな、浜崎りお（森下えりか、篠原絵梨香）、佐山愛、青山菜々、鮎川あゆみ、麻美ゆま、春風美羽、菅野さゆき、塚田詩織、竹内あい、さくら悠、杏美月、上原保奈美、吉永あかね,https://www.javbus.com/RBB-007,
RBB-009 高画質 SEXが大好き過ぎて淫乱な雰囲気ただよう ドスケベ熟女16時間,RBB-009 高画質 SEXが大好き過ぎて淫乱な雰囲気ただよう ドスケベ熟女16時間,RBB-009,,2015-02-15,960分鐘,,ROOKIE,ROOKIE,,成熟的女人、潮吹、合集、花癡、高畫質、DMM獨家,風間ゆみ、牧原れい子、芦名未帆（稲森しほり）、北条麻妃、北原夏美、美原咲子、JULIA、杏美月、愛田奈々、森沢かな（飯岡かなこ）、本田莉子、川上ゆう（森野雫）、青山菜々、西條るり、星野あかり、神波多一花、翔田千里、澤村レイコ（高坂保奈美、高坂ますみ）、有沢実紗、本庄瞳、長谷川美紅、白木優子、波多野結衣、椎名ゆな、友田真希、矢部寿恵、七海ひさ代、大橋ひとみ、浅倉彩音、浅井舞香、森ななこ、織田真子、松嶋友里恵、松下美雪、小早川怜子、篠田あゆみ、志村玲子、山本美和子、艶堂しほり（遠藤しおり）、中森玲子、大場ゆい、三浦恵理子、佐藤みき（佐藤美紀、鈴木志帆）、江波りゅう（RYU)、結城みさ、桐岡さつき、加藤ツバキ（夏樹カオル）、音無かおり、横山みれい、一条綺美香,https://www.javbus.com/RBB-009,
PPBD-092 巨乳女教師の誘惑16時間BEST,PPBD-092 巨乳女教師の誘惑16時間BEST,PPBD-092,,2015-02-15,960分鐘,,OPPAI,OPPAI,巨乳女教師の誘惑（OPPAI）,蕩婦、女教師、乳交、合集、戀乳癖、巨乳、DMM獨家,JULIA、椎名ゆな、めぐり（藤浦めぐ）、倉多まお、愛乃なみ、羽生稀、椎名まりな、愛実れい,https://www.javbus.com/PPBD-092,
MIBD-889 究極カメラアングル高画質抜き挿しBEST,MIBD-889 究極カメラアングル高画質抜き挿しBEST,MIBD-889,,2015-02-13,240分鐘,,ムーディーズ,MOODYZBest,,其他戀物癖、合集、美少女、數位馬賽克、巨乳、DMM獨家,つぼみ、JULIA、上原亜衣、乃々果花、神咲詩織、丘咲エミリ、鈴木心春、湊莉久、西川ゆい、篠田あゆみ,https://www.javbus.com/MIBD-889,
MIBD-891 濃密KISS＆100本番12時間,MIBD-891 濃密KISS＆100本番12時間,MIBD-891,,2015-02-13,720分鐘,,ムーディーズ,MOODYZBest,,蕩婦、合集、美少女、數位馬賽克、巨乳、DMM獨家,Maika（MEW）、西真奈美（米倉夏弥）、妃乃ひかり、芦名未帆（稲森しほり）、沙雪、つぼみ、JULIA、上原亜衣、椎名ゆな、鈴木杏里,https://www.javbus.com/MIBD-891,
BIB-115 真性痴女！桜ここみ 里美ゆりあ JULIA 12時間スペシャル永久保存版,BIB-115 真性痴女！桜ここみ 里美ゆりあ JULIA 12時間スペシャル永久保存版,BIB-115,,2015-01-22,720分鐘,,美,美,,蕩婦、合集、姐姐、巨乳、DMM獨家,里美ゆりあ、桜ここみ、JULIA,https://www.javbus.com/BIB-115,
RBB-002 生活感のある部屋でのSEXほどエロいものはない16時間,RBB-002 生活感のある部屋でのSEXほどエロいものはない16時間,RBB-002,,2015-01-19,960分鐘,,ROOKIE,ROOKIE,,其他戀物癖、合集、巨乳、DMM獨家,瞳りん、桃野なごみ、かすみりさ、あすか伊央、二宮沙樹、Hitomi（田中瞳）、椎名ゆな、長澤あずさ、波多野結衣、JULIA,https://www.javbus.com/RBB-002,
OOMN-126 熟れたオンナの巨大乳輪性交集,OOMN-126 熟れたオンナの巨大乳輪性交集,OOMN-126,,2015-01-18,240分鐘,,ABC/妄想族,お母さん.com/ABC,,成熟的女人、合集、已婚婦女、數位馬賽克、女上位、巨乳、DMM獨家,上原ひなの、篠田あゆみ、桜木美央、黒沢那智、高橋美緒、美月しのぶ、南レイ、木咲美琴、西川りおん、JULIA,https://www.javbus.com/OOMN-126,
PPBD-090 爆乳娘と日替わりSEX31人8時間,PPBD-090 爆乳娘と日替わりSEX31人8時間,PPBD-090,,2015-01-17,480分鐘,,OPPAI,OPPAI,,乳交、合集、戀乳癖、乳房、中出、巨乳、DMM獨家,篠田あゆみ、仲村茉莉恵、長谷部ゆい、堀北七海、白咲梓、西條カレン、川菜美鈴、本田莉子、椎名ゆな、JULIA、茜あずさ、保坂えり、吉永あかね、野宮さとみ、北乃ちか、浜崎真緒、枢木みかん、希咲エマ（HARUKI、加藤はる希）、沖田杏梨、原千草、秋吉ひな、めぐり（藤浦めぐ）、佐山愛、逢沢ふみ奈、水咲あかね、愛実れい、椎名まりな、Hitomi（田中瞳）,https://www.javbus.com/PPBD-090,
PPBD-091 放っておくなんてもったいない！！巨乳を愛撫しながらのSEX51人8時間,PPBD-091 放っておくなんてもったいない！！巨乳を愛撫しながらのSEX51人8時間,PPBD-091,,2015-01-17,480分鐘,,OPPAI,OPPAI,,乳交、合集、戀乳癖、乳房、中出、巨乳、DMM獨家,川菜美鈴、愛実れい、本田莉子、原千草、保坂えり、月本るい（宮原友里絵）、西川りおん、椎名ゆな、波多野結衣、JULIA、響まゆ、三浦奏、菅野さゆき、綾瀬みなみ、鈴宮理恵、大島あいる、知世奏、小早川怜子、枢木みかん、大月まゆか、持田美琴、沖田杏梨、秋吉ひな、白戸もも、北川瞳、菜月アンナ、南レイ、美月優芽、尾上若葉、希咲エマ（HARUKI、加藤はる希）、葵ぶるま、堀北七海、仲村茉莉恵、篠田あゆみ、浜崎りお（森下えりか、篠原絵梨香）、杏美月、佐山愛、めぐり（藤浦めぐ）、Hitomi（田中瞳）、長谷部ゆい、浜崎真緒、北乃ちか、西條カレン、野宮さとみ、吉永あかね,https://www.javbus.com/PPBD-091,
MBYD-215 毎夜違う人妻さんでヌける！！31人の日替わり性交12時間,MBYD-215 毎夜違う人妻さんでヌける！！31人の日替わり性交12時間,MBYD-215,,2015-01-10,720分鐘,,溜池ゴロー,溜池ゴロー,,成熟的女人、合集、已婚婦女、新娘、年輕妻子、巨乳、DMM獨家,広瀬奈々美（堀口奈津美）、潮見百合子、森沢かな（飯岡かなこ）、本田莉子、神波多一花、秋菜はるか、三浦恵理子、音無かおり、森ななこ、矢部寿恵、南紗穂、椎名ゆな、川上ゆう（森野雫）、翔田千里、堀内秋美、佐山愛、浅井舞香、北川エリカ、風間ゆみ、Hitomi（田中瞳）、北条麻妃、結城みさ、本庄優花、水野咲希、高岡すみれ、澤村レイコ（高坂保奈美、高坂ますみ）、牧原れい子、波多野結衣、JULIA,https://www.javbus.com/MBYD-215,
MIBD-881 ちゅぱちゅぱシコシコ乳首舐め手コキ,MIBD-881 ちゅぱちゅぱシコシコ乳首舐め手コキ,MIBD-881,,2015-01-10,240分鐘,,ムーディーズ,MOODYZBest,,合集、淫語、美少女、數位馬賽克、巨乳、DMM獨家、打手槍,夏目彩春、西川ゆい、安土結、鈴木心春、尾上若葉、めぐり（藤浦めぐ）、大橋未久、佐山愛、JULIA、つぼみ、山川青空、月城ルネ、神咲詩織、秋吉ひな、秋山祥子、里美ゆりあ,https://www.javbus.com/MIBD-881,
MIBD-878 日焼けあと 総集編8時間,MIBD-878 日焼けあと 総集編8時間,MIBD-878,,2014-12-20,480分鐘,,ムーディーズ,MOODYZBest,ひやけあと,苗條、野外・露出、合集、數位馬賽克、巨乳、DMM獨家,川菜美鈴、鳴美れい、愛乃なみ、牧瀬みさ、滝川ソフィア、倉多まお、椎名ゆな、一ノ瀬ルカ、さとう遥希、JULIA、みなせ優夏、菅野さゆき、Erina,https://www.javbus.com/MIBD-878,
MIBD-873 綺麗な女性の恥ずかしいマングリ性交,MIBD-873 綺麗な女性の恥ずかしいマングリ性交,MIBD-873,,2014-12-13,240分鐘,,ムーディーズ,MOODYZBest,,苗條、合集、屁股、姐姐、戀腿癖、數位馬賽克、羞恥、DMM獨家,白鳥あすか、愛乃なみ、春木彩奈、初芽里奈、綾瀬れん、大橋未久、愛内希、上原亜衣、さとう遥希、JULIA,https://www.javbus.com/MIBD-873,
MBYD-211 美人妻達のフェラチオ300本16時間,MBYD-211 美人妻達のフェラチオ300本16時間,MBYD-211,,2014-12-13,960分鐘,,溜池ゴロー,溜池ゴロー,,成熟的女人、口交、合集、DMM獨家,三浦恵理子、春日もも、夏原カレン、Hitomi（田中瞳）、菅野さゆき、藤咲葵（愛川香織）、佐山愛、立花みずき、JULIA、横山みれい,https://www.javbus.com/MBYD-211,
BOMN-117 SEXでフィニッシュ間近の一番激しい腰振りで揺れる爆乳映像集 全員射精されるまで完全収録！ 60発射！ 120個おっぱい！2,BOMN-117 SEXでフィニッシュ間近の一番激しい腰振りで揺れる爆乳映像集 全員射精されるまで完全収録！ 60発射！ 120個おっぱい！2,BOMN-117,,2014-12-12,240分鐘,,ABC/妄想族,BoinBB/ABC,フィニッシュ間近の一番激しい腰振りで揺れる爆乳映像集,合集、戀乳癖、女上位、超乳、巨乳、DMM獨家,華原美奈子、永瀬里美、青葉ゆな、西田琴音、塚田詩織、末木ゆりは、漣ゆめ、青山菜々、櫻井夕樹、JULIA,https://www.javbus.com/BOMN-117,
PPBD-089 パイズリ射精250発24時間,PPBD-089 パイズリ射精250発24時間,PPBD-089,,2014-12-11,1440分鐘,,OPPAI,OPPAI,,乳交、合集、戀乳癖、乳房、巨乳、DMM獨家,本真ゆり、枢木みかん、綾瀬みなみ、鈴宮理恵、めぐり（藤浦めぐ）、菅野みいな、大島あいる、佐山愛、波多野結衣、JULIA、吉永あかね、森ななこ、佐藤みき（佐藤美紀、鈴木志帆）、長澤あずさ、Hitomi（田中瞳）、葵ぶるま、西條カレン、杏美月、浜崎りお（森下えりか、篠原絵梨香）、水城奈緒、青山菜々、葉月奈穂（葉月菜穂）、水咲あかね、篠田あゆみ、仲村茉莉恵、堀北七海、風音りん、愛乃なみ、瑞乃ありさ、保坂えり、立川理恵、川菜美鈴、愛実れい、椎名まりな、西川りおん、ももい理乃、吉澤留美、野宮さとみ、本田莉子、知花メイサ、椎名ゆな、月本るい（宮原友里絵）、入江愛美、桜咲ひな、長谷部ゆい、白咲梓、花美ひな、星野来夢、北乃ちか、浜崎真緒、三浦奏、倉多まお、尾上若葉、たなか唯、美月優芽、小早川怜子、新山かえで、知世奏、大月まゆか、桃実、仁科百華、菅野さゆき、百花エミリ、沖田杏梨、木咲美琴、響まゆ、持田美琴、希咲エマ（HARUKI、加藤はる希）、みなせ優夏、上原怜奈、白戸もも、小出遥、葵えり、橘なお（上原海里）、西條るり、大沢かえで、水咲カレン、櫻井夕樹、菜月アンナ,https://www.javbus.com/PPBD-089,
MBYD-210 生徒に自宅を占拠されイカされ続けた若妻の3日間 女教師監禁レ×プ8時間,MBYD-210 生徒に自宅を占拠されイカされ続けた若妻の3日間 女教師監禁レ×プ8時間,MBYD-210,,2014-12-07,480分鐘,,溜池ゴロー,溜池ゴロー,女教師監禁レイプ,強姦、女教師、合集、輪姦、巨乳、DMM獨家,篠田あゆみ、岸杏南、三浦恵理子、青山菜々、Hitomi（田中瞳）、森ななこ、JULIA、風間ゆみ,https://www.javbus.com/MBYD-210,
GAH-020 美尻30人8時間DX,GAH-020 美尻30人8時間DX,GAH-020,,2014-12-05,477分鐘,,GALLOP,GOAHEAD,,合集、屁股、4小時以上作品,大場ゆい、鈴村あいり、朱音ゆい、あやみ旬果、北川美緒、桜ここみ、小西悠、JULIA、明日花キララ,https://www.javbus.com/GAH-020,
SWAC-009 ビンカン過ぎる巨乳娘50人 DX4時間,SWAC-009 ビンカン過ぎる巨乳娘50人 DX4時間,SWAC-009,,2014-11-16,240分鐘,,湘南/妄想族,湘南/妄想族,,戀乳癖、4小時以上作品、巨乳、DMM獨家,Conomi、愛実れい、森川静代、吉永あかね、白坂ゆり、愛内ゆう、美神さゆり、愛あいり、愛実（秋川ルイ）、吉沢みなみ、青木りん、木咲美琴、小西なつみ、小林芽衣（小林メイ）、小室アリス、桜木莉愛（かじか凛）、さくら悠、漣ゆめ、さとう遥希、小坂めぐる、春日もな、来栖ほのか、青山ゆい、浅倉彩音、浅田ちち、浅乃ハルミ、綾瀬みなみ、大島あいる、尾上若葉、折原ゆかり、椎名まりな、椎名ゆな、原千草、水城奈緒、あいぶらん（蜜井とわ）、宮崎あい、ももい理乃、桃彩ぷりん、浜崎りお（森下えりか、篠原絵梨香）、JULIA、鈴村いろは、須藤早紀、塚田詩織、辻さき、中川理沙、永瀬里美、新山つぐみ、西川りおん、仁科百華、真中ちひろ,https://www.javbus.com/SWAC-009,
RKI-381 複数の男たちで顔もカラダも精子で汚しまくる！ぶっかけ輪姦BEST 16時間,RKI-381 複数の男たちで顔もカラダも精子で汚しまくる！ぶっかけ輪姦BEST 16時間,RKI-381,,2014-11-15,960分鐘,,ROOKIE,ROOKIE,,多P、輪姦、凌辱、DMM獨家、顏射,松生彩、星野あかり、月城まおら、Hitomi（田中瞳）、大橋未久、小川あさ美、波多野結衣、竹内あい、芦名未帆（稲森しほり）、牧原れい子、上原亜衣、野宮さとみ、新名しおり、榊ひなの、加藤なつみ、さくら姫、栄倉彩、穂積マヤ、加納綾子、内田美奈子、初美沙希、さくら結衣、愛原さえ、木島るみ、愛あいり、横山美雪、英里奈、青山菜々、ティア、Ray、朝倉ことみ、鶴田かな、初芽里奈、鈴木きあら（美空あいり）、東野愛鈴、篠田ゆう、JULIA、きみと歩実、有村千佳、二宮沙樹、友田真希、周防ゆきこ、吉崎直緒、水城奈緒、神崎みさと、工藤れいか、夏目彩春、成宮カナ、Nina、青山ローラ、南ともか、里美ゆりあ、長月ラム、七瀬ジュリア、天海つばさ、希崎ジェシカ、櫻井ゆうこ、成瀬心美（ここみ）、早乙女ルイ、新井エリー（晶エリー、大沢佑香）、北条麻妃、つぼみ、妃悠愛（長澤杏奈、水原里香、木崎祐子）、黒木いちか（東条かれん）、上原カエラ、夏樹あい、常盤りん、石原あずさ、春菜はな、佳苗るか、愛葉みう、桜花えり,https://www.javbus.com/RKI-381,
RKI-378 思いのママ、気の向くママ、本能のおもむくママに美熟女のほっこり優しいSEX16時間,RKI-378 思いのママ、気の向くママ、本能のおもむくママに美熟女のほっこり優しいSEX16時間,RKI-378,,2014-11-15,960分鐘,,ROOKIE,ROOKIE,,成熟的女人、合集、巨乳、DMM獨家,今井美鈴、宮本紗央里、三浦恵理子、小早川怜子、松本まりな、椎名ゆな、西條るり、北条麻妃、樋口冴子（桐島千沙）、翔田千里、桐岡さつき、稲川なつめ、竹内紗里奈、中森玲子、江波りゅう（RYU)、菅野さゆき、佐藤みき（佐藤美紀、鈴木志帆）、JULIA、白木優子、暮町ゆうこ、織田真子、風間ゆみ、牧原れい子、森ななこ、北島玲、艶堂しほり（遠藤しおり）、大橋ひとみ、矢部寿恵、君島冴子（AOI.、村上葵）、澤村レイコ（高坂保奈美、高坂ますみ）、波多野結衣、北原夏美、有沢実紗,https://www.javbus.com/RKI-378,
PPBD-086 巨乳限定！高画質中出し8時間,PPBD-086 巨乳限定！高画質中出し8時間,PPBD-086,,2014-11-15,480分鐘,,OPPAI,OPPAI,,乳交、合集、戀乳癖、乳房、中出、巨乳、DMM獨家,川菜美鈴、原千草、保坂えり、ももい理乃、吉永あかね、立川理恵、尾上若葉、めぐり（藤浦めぐ）、波多野結衣、JULIA、野宮さとみ、北乃ちか、浜崎真緒、枢木みかん、菜月アンナ、Hitomi（田中瞳）,https://www.javbus.com/PPBD-086,
MBYD-208 輪姦される人妻8時間,MBYD-208 輪姦される人妻8時間,MBYD-208,,2014-11-08,480分鐘,,溜池ゴロー,溜池ゴロー,,強姦、合集、已婚婦女、輪姦、凌辱、DMM獨家,桜井あゆ、浅井舞香、松本まりな、森ななこ、さとう遥希、波多野結衣、JULIA、柳田やよい、川上ゆう（森野雫）、風間ゆみ、横山みれい、愛乃ゆな、北条麻妃,https://www.javbus.com/MBYD-208,
MBYD-209 誘う人妻たち8時間,MBYD-209 誘う人妻たち8時間,MBYD-209,,2014-11-08,480分鐘,,溜池ゴロー,溜池ゴロー,,蕩婦、成熟的女人、合集、已婚婦女、新娘、年輕妻子、DMM獨家,堀内秋美、瀧川花音、小早川怜子、北川エリカ、星野あかり、仲丘たまき（片岡まきな）、稲川なつめ、椎名ゆな、水沢真樹、浜崎りお（森下えりか、篠原絵梨香）、南紗穂、倉多まお、大場ゆい、矢部寿恵、波多野結衣、優月良花、高瀬茉希、音無かおり、小川奈々、桜井里緒菜、翔田千里、北条麻妃、JULIA、結城みさ、澤村レイコ（高坂保奈美、高坂ますみ）、森ななこ、松本まりな、竹内紗里奈、朝霧メイサ、百合川さら,https://www.javbus.com/MBYD-209,
MIBD-860 美巨乳＆爆乳 高画質パイズリ12時間,MIBD-860 美巨乳＆爆乳 高画質パイズリ12時間,MIBD-860,,2014-11-01,720分鐘,,ムーディーズ,MOODYZBest,,蕩婦、乳交、合集、美少女、數位馬賽克、巨乳、DMM獨家,橘優花、愛実れい、椎名まりな、保坂えり、ももい理乃、立川理恵、Hitomi（田中瞳）、乃々果花、佐山愛、JULIA,https://www.javbus.com/MIBD-860,
RKI-370 射精直後の敏感ち○ぽを丁寧にお掃除フェラ16時間,RKI-370 射精直後の敏感ち○ぽを丁寧にお掃除フェラ16時間,RKI-370,,2014-10-19,960分鐘,,ROOKIE,ROOKIE,,口交、其他戀物癖、合集、DMM獨家,桜井あゆ、ティア、尾上若葉、希志あいの、乃々果花、上原亜衣、波多野結衣、JULIA、明日花キララ、つぼみ,https://www.javbus.com/RKI-370,
MIBD-859 巨乳限定！立ちバック100人8時間 Vol.2,MIBD-859 巨乳限定！立ちバック100人8時間 Vol.2,MIBD-859,,2014-10-13,480分鐘,,ムーディーズ,MOODYZBest,巨乳限定！立ちバック100人,合集、數位馬賽克、巨乳、DMM獨家,神咲詩織、沖田杏梨、板垣あずさ、華咲りょう、めぐり（藤浦めぐ）、上原亜衣、森ななこ、JULIA、橘ゆめみ、小坂めぐる,https://www.javbus.com/MIBD-859,
MIBD-858 凄いチ○ポでポルチオを突かれておかしくなった女達,MIBD-858 凄いチ○ポでポルチオを突かれておかしくなった女達,MIBD-858,,2014-10-13,480分鐘,,ムーディーズ,MOODYZBest,,潮吹、合集、淫語、花癡、數位馬賽克、DMM獨家,尾上若葉、織田真子、真田春香、常盤りん、西野翔、佐山愛、JULIA、澤村レイコ（高坂保奈美、高坂ますみ）、つぼみ、新井エリー（晶エリー、大沢佑香）,https://www.javbus.com/MIBD-858,
PPBD-085 OPPAI 2013年1年分 全タイトルまるごと収録！！16時間,PPBD-085 OPPAI 2013年1年分 全タイトルまるごと収録！！16時間,PPBD-085,,2014-10-12,960分鐘,,OPPAI,OPPAI,1年分全タイトルまるごと収録,角色扮演、乳交、合集、戀乳癖、乳房、中出、巨乳、DMM獨家,保坂えり、羽生稀、風音りん、月本るい（宮原友里絵）、吉永あかね、立川理恵、入江愛美、尾上若葉、菜月アンナ、JULIA、上原怜奈、北乃ちか、浜崎真緒、倉多まお、小早川怜子、大島あいる、沖田杏梨、西條るり、菅野さゆき、知花メイサ、野宮さとみ、愛乃なみ、杏美月、西條カレン、西川りおん、ももい理乃、吉澤留美、瑞乃ありさ、河合千里、めぐり（藤浦めぐ）,https://www.javbus.com/PPBD-085,
MBYD-205 生涯を夫だけと誓った妻の完堕ち自我崩壊SEX,MBYD-205 生涯を夫だけと誓った妻の完堕ち自我崩壊SEX,MBYD-205,,2014-10-09,480分鐘,,溜池ゴロー,溜池ゴロー,,成熟的女人、合集、已婚婦女、凌辱、出軌、DMM獨家,相原ひとみ、森沢かな（飯岡かなこ）、高梨あゆみ、篠宮奈津子、佐々木しおり、沖田杏梨、西野翔、Hitomi（田中瞳）、波多野結衣、愛咲れいら（原千尋）、村上涼子（中村りかこ、黒木菜穂）、翔田千里、浅井舞香、川上ゆう（森野雫）、澤村レイコ（高坂保奈美、高坂ますみ）、佐藤みき（佐藤美紀、鈴木志帆）、牧原れい子、北条麻妃、大橋ひとみ、保坂えり、戸田さゆり、結城みさ、JULIA、矢部寿恵、秋野千尋、稲川なつめ、上原千尋、三浦恵理子、倉多まお、神波多一花、七海ひさ代、瀧川花音、大場ゆい、伊原詩織、南紗穂、椎名ゆな,https://www.javbus.com/MBYD-205,
MBYD-206 女教師50人8時間,MBYD-206 女教師50人8時間,MBYD-206,,2014-10-09,480分鐘,,溜池ゴロー,溜池ゴロー,,女教師、合集、數位馬賽克、性奴、輪姦、巨乳、DMM獨家,音無かおり、青山菜々、深津映見、伊織涼子、松本まりな、立花みずき、酒井ちなみ（紫葵）、風間ゆみ、金子リサ、夢野まりあ、真波紫乃、沢田麗奈、澤村レイコ（高坂保奈美、高坂ますみ）、神崎美樹、緒川さら、山口美花、広瀬ゆかり、北島玲、大河内さなえ、君島冴子（AOI.、村上葵）、円城ひとみ、翔田千里、速水怜、友田真希、若林ひかる、加藤レイナ、間宮いずみ、仙道春奈、浅倉彩音、三咲恭子、夏木響子、西條るり、小早川怜子、沖田杏梨、仲丘たまき（片岡まきな）、菅野さゆき、西野翔、JULIA、南紗穂、森ななこ、Hitomi（田中瞳）、艶堂しほり（遠藤しおり）、真田友里、桜みちる、佐山愛、河合律子、真白希実、広瀬奈々美（堀口奈津美）,https://www.javbus.com/MBYD-206,
BOMN-109 Iカップ以上限定！ フェチに捧ぐ ゆっくりジックリめりこむ乳揉み 4時間 50人 3,BOMN-109 Iカップ以上限定！ フェチに捧ぐ ゆっくりジックリめりこむ乳揉み 4時間 50人 3,BOMN-109,,2014-09-28,240分鐘,,ABC/妄想族,BoinBB/ABC,巨乳スペシャル,合集、戀乳癖、美少女、乳房、巨乳、DMM獨家,有永すずか、木下レイ、愛あいり、友野みゆき、愛実（秋川ルイ）、青木りん、長澤あずさ、恵けい、七尾みつみ、鮎川るい、佐野るる、倉田茜、鈴香音色、風音りん、市來あやか、Conomi、meru、ももい理乃、美波瀬奈、岸杏南、塚田詩織、鈴村いろは、夢野怜子、南レイ、吉永あかね、小衣くるみ、桃華マリエ、桜木莉愛（かじか凛）、美月しのぶ、相奈さゆき、大島あいる、前田優希、水樹まいか、荒木りな、JULIA、辻井美穂、響まゆ、愛内ゆう、木咲美琴、あきな、仁科百華、櫻井夕樹、漣ゆめ、希本なつ美、菅野みいな、松金めぐみ、叶彩、持田百恵、永峰朋美（安岡たまき）、櫻庭茜,https://www.javbus.com/BOMN-109,
MIBD-854 美人お姉様限定！ピタッ！ムチッタイトスカートSEX8時間,MIBD-854 美人お姉様限定！ピタッ！ムチッタイトスカートSEX8時間,MIBD-854,,2014-09-27,478分鐘,,ムーディーズ,MOODYZBest,,蕩婦、合集、屁股、姐姐、戀腿癖、數位馬賽克、DMM獨家,赤井美月、真田春香、めぐり（藤浦めぐ）、Hitomi（田中瞳）、里美ゆりあ、大橋未久、椎名ゆな、佐山愛、波多野結衣、JULIA、神波多一花、長谷川リホ、青木美空、一ノ瀬ルカ、秋吉ひな,https://www.javbus.com/MIBD-854,
MIBD-853 完全限定生産 1日10回射精しても止まらないオーガズムSEX PREMIUM BOX,MIBD-853 完全限定生産 1日10回射精しても止まらないオーガズムSEX PREMIUM BOX,MIBD-853,,2014-09-27,922分鐘,,ムーディーズ,MOODYZBest,1日10回射精しても止まらないオーガズムSEX,合集、DMM獨家、打手槍,ティア、月城ルネ、西野翔、里美ゆりあ、大橋未久、JULIA,https://www.javbus.com/MIBD-853,
PPBD-083 柔らか巨乳での挟射は膣挿入以上の快感！！射精直前の気持ちいいパイズリ100連発！！,PPBD-083 柔らか巨乳での挟射は膣挿入以上の快感！！射精直前の気持ちいいパイズリ100連発！！,PPBD-083,,2014-09-13,239分鐘,,OPPAI,OPPAI,,乳交、合集、戀乳癖、乳房、超乳、巨乳、DMM獨家,杏美月、青山菜々、めぐり（藤浦めぐ）、長澤あずさ、森ななこ、佐山愛、佐藤みき（佐藤美紀、鈴木志帆）、水城奈緒、葉月奈穂（葉月菜穂）、浜崎りお（森下えりか、篠原絵梨香）、JULIA、椎名ゆな、西條るり、星野来夢、花美ひな、葵ぶるま、Hitomi（田中瞳）、愛実れい、椎名まりな、ももい理乃、吉澤留美、風音りん、立川理恵、保坂えり、入江愛美、吉永あかね、愛乃なみ、北乃ちか、浜崎真緒、倉多まお、尾上若葉、たなか唯、美月優芽、小早川怜子、新山かえで、知世奏、鈴宮理恵、綾瀬みなみ、菅野みいな、大月まゆか、桃実、みなせ優夏、橘なお（上原海里）、三浦奏、持田美琴、木咲美琴、沖田杏梨、百花エミリ、白戸もも、小出遥、菜月アンナ、仁科百華、櫻井夕樹、水咲カレン、菅野さゆき,https://www.javbus.com/PPBD-083,
PPBD-082 全裸巨乳家政婦8タイトル丸ごと全部入り16時間BEST,PPBD-082 全裸巨乳家政婦8タイトル丸ごと全部入り16時間BEST,PPBD-082,,2014-09-13,958分鐘,,OPPAI,OPPAI,全裸巨乳家政婦,乳交、合集、戀乳癖、乳房、中出、巨乳、DMM獨家,保坂えり、吉永あかね、知花メイサ、尾上若葉、めぐり（藤浦めぐ）、菅野さゆき、野宮さとみ、JULIA,https://www.javbus.com/PPBD-082,
MBYD-201 スレンダー美人妻8時間,MBYD-201 スレンダー美人妻8時間,MBYD-201,,2014-09-07,479分鐘,,溜池ゴロー,溜池ゴロー,,成熟的女人、苗條、合集、已婚婦女、戲劇、DMM獨家,梨果メリア、音無かおり、西野翔、稲川なつめ、宮瀬リコ、波多野結衣、JULIA、北条麻妃、澤村レイコ（高坂保奈美、高坂ますみ）、愛咲れいら（原千尋）、神波多一花、森沢かな（飯岡かなこ）、瀧川花音、朝霧メイサ、堀内秋美,https://www.javbus.com/MBYD-201,
REBDB-057 REbecca STARS2-the LEGENDS-,REBDB-057 REbecca STARS2-the LEGENDS-,REBDB-057,,2014-08-30,182分鐘,,REbecca,REbecca,REbeccaSTARS,偶像藝人、合集、介紹影片、高畫質,緒川凛、藤嶋唯、小島みなみ、紗倉まな、鶴田かな、七海なな、秋山祥子、加藤リナ、JULIA、高崎美佳,https://www.javbus.com/REBDB-057,
BOMN-106 おっぱい先生の誘惑レッスン たっぷり15シチュエーション 4時間,BOMN-106 おっぱい先生の誘惑レッスン たっぷり15シチュエーション 4時間,BOMN-106,,2014-08-29,240分鐘,,ABC/妄想族,BoinBB/ABC,,家教、女教師、乳交、合集、數位馬賽克、巨乳、單體作品、DMM獨家,園田セイラ、桜木莉愛（かじか凛）、あきな、愛内ゆう、河瀬リナ、大月まゆか、瀬戸みずほ、菅野みいな、恵けい、JULIA、鈴村いろは、塚田詩織、永瀬里美,https://www.javbus.com/BOMN-106,
MIBD-846 痴女お姉さんの昇天テクニック 強制射精8時間,MIBD-846 痴女お姉さんの昇天テクニック 強制射精8時間,MIBD-846,,2014-08-28,478分鐘,,ムーディーズ,MOODYZBest,,蕩婦、乳交、合集、數位馬賽克、巨乳、DMM獨家、打手槍,水谷心音（藤崎りお）、上原カエラ、西野翔、めぐり（藤浦めぐ）、Hitomi（田中瞳）、里美ゆりあ、大橋未久、佐山愛、波多野結衣、浜崎りお（森下えりか、篠原絵梨香）、さとう遥希、JULIA、山川青空、佳苗るか、沖田杏梨,https://www.javbus.com/MIBD-846,
MIBD-844 スペシャルデリバリー！AV女優が素人のお宅訪問8時間！,MIBD-844 スペシャルデリバリー！AV女優が素人のお宅訪問8時間！,MIBD-844,,2014-08-28,478分鐘,,ムーディーズ,MOODYZBest,,蕩婦、合集、妓女、數位馬賽克、巨乳、DMM獨家,かすみりさ、Hitomi（田中瞳）、里美ゆりあ、大橋未久、大槻ひびき、波多野結衣、ましろ杏、麻倉憂、ひなのりく、つぼみ、JULIA、月城ルネ、優希まこと、西條るり、大沢美加（廣田まりこ）、中山エリス,https://www.javbus.com/MIBD-844,
MIBD-847 動けない…イキたくない…ヤダ、イっちゃう！！動けない女を強制鬼イカセ！！,MIBD-847 動けない…イキたくない…ヤダ、イっちゃう！！動けない女を強制鬼イカセ！！,MIBD-847,,2014-08-28,239分鐘,,ムーディーズ,MOODYZBest,,潮吹、合集、數位馬賽克、拘束、羞恥、DMM獨家,井川ゆい、Hitomi（田中瞳）、里美ゆりあ、大橋未久、佐山愛、Arisu（鈴木ありす）、ましろ杏、妃悠愛（長澤杏奈、水原里香、木崎祐子）、月野りさ、竹内あい、さとう遥希、JULIA、西條るり、鮎川千里、成宮カナ、牧瀬ひかり、Alice（鈴木ありす）、秋野千尋、青山ローラ、三ツ星りぼん、大沢美加（廣田まりこ）、坂下梢、和葉みれい（藤白まき）、宮下リカ、羽月希,https://www.javbus.com/MIBD-847,
BOMN-105 最大Lカップ 時代を彩る爆乳女優大集結 パイズリ狭射100名,BOMN-105 最大Lカップ 時代を彩る爆乳女優大集結 パイズリ狭射100名,BOMN-105,,2014-08-15,240分鐘,,ABC/妄想族,BoinBB/ABC,,乳交、合集、戀乳癖、超乳、巨乳、DMM獨家,持田美琴、相奈さゆき、友野みゆき、芹沢優華、辻さき、沙藤ユリ、一ノ瀬ルカ、小倉ゆず、高沢沙耶、浜崎りお（森下えりか、篠原絵梨香）、原千草、真中ゆかり、ももい理乃、美波瀬奈、西田琴音、青葉ゆな、鈴村いろは、小宮涼菜、佐藤愛、meru、Conomi、末木ゆりは、弓束ちはや、吉永あかね、小衣くるみ、眞野さくら、桜咲舞花、柚ノ木りん、桃華マリエ、南佳代、高橋エミリー、小泉麻由、美月優芽、栗崎紗理奈、桜木莉愛（かじか凛）、園田セイラ、小西麻琴、美月しのぶ、大島あいる、優花めぐみ、南レイ、菅野みいな、小島優花、辻井美穂、響まゆ、愛内ゆう、小出遥、前田優希、希本なつ美、荒木りな、西井優香、恵けい、星山里穂、山田マリコ、松すみれ、鮎川まどか、仁科百華、倉谷果歩、黒沢せりな、櫻井夕樹、伊沢美春（伊沢美晴）、横山みれい、鮎川るい、中野愛里、かえでみく、立花結衣、大沢かえで、長谷川杏実（長谷川杏美）、若菜優衣、漣ゆめ、本原純、森永ひよこ、JULIA、橘なお（上原海里）、七海あい、飯浜紀香、愛あいり、徠夢、まりん、櫻庭茜、七尾みつみ、羽田夕夏、鈴香音色、ひなの、浅田ちち、あきな、愛実（秋川ルイ）、伊東このみ、佐野るる、中森玲子、並木るか（橘ひな）、仲村ろみひ、小澤新音、西本はるみ、宮崎あい、山咲奈々美、門倉真紀、長谷川ミュウ、市來あやか,https://www.javbus.com/BOMN-105,
MBYD-199 美人妻レ×プ,MBYD-199 美人妻レ×プ,MBYD-199,,2014-08-09,478分鐘,,溜池ゴロー,溜池ゴロー,,成熟的女人、強姦、合集、已婚婦女、數位馬賽克、凌辱、DMM獨家,相原ひとみ、南紗穂、三浦恵理子、上原千尋、愛乃ゆな、雨宮真貴、青山菜々、青木美空、JULIA、翔田千里、川嶋菜緒、長澤あずさ、松本まりな、小早川怜子、北条麻妃、堀内美希、愛咲れいら（原千尋）、青木玲,https://www.javbus.com/MBYD-199,
MIBD-837 フェラチオ500本抜き24時間,MIBD-837 フェラチオ500本抜き24時間,MIBD-837,,2014-08-01,1438分鐘,,ムーディーズ,MOODYZBest,,蕩婦、口交、合集、美少女、數位馬賽克、DMM獨家、吞精,美咲恋、白石美咲、さとう遥希、佐山愛、JULIA、水嶋あずみ、碧しの（篠めぐみ）、RUMIKA、妃悠愛（長澤杏奈、水原里香、木崎祐子）、つぼみ,https://www.javbus.com/MIBD-837,
BOMN-103 フェラの最中に揺れる爆乳 永久保存版 4時間 2,BOMN-103 フェラの最中に揺れる爆乳 永久保存版 4時間 2,BOMN-103,,2014-07-27,240分鐘,,ABC/妄想族,BoinBB/ABC,巨乳スペシャル,口交、乳交、合集、戀乳癖、巨乳、DMM獨家,春日もな、鈴村いろは、末木ゆりは、望月マリア、吉永あかね、入江愛美、倉谷果歩、黒沢せりな、櫻井夕樹、JULIA、永瀬里美、華原美奈子、志田菜香、岸杏南、美波瀬奈、沢城つぐみ、青葉ゆな、瑞乃ありさ、ももい理乃、さとう遥希、星野来夢、伊空真悠、桃華マリエ、Erina、桜木莉愛（かじか凛）、美月しのぶ、園田セイラ、長澤あずさ、桜井はづき、持田美琴、高沢沙耶、大島あいる、大月まゆか、菅野みいな、あきな、恵けい、星山里穂、佐藤愛、Conomi,https://www.javbus.com/BOMN-103,
DAZD-060 女を道具のように扱う集団強姦 8時間,DAZD-060 女を道具のように扱う集団強姦 8時間,DAZD-060,,2014-07-19,479分鐘,,ダスッ！,ダスッ！,,多P、輪姦、凌辱、4小時以上作品、DMM獨家,市来美保、彩音さくら、弘前亮子、上原亜衣、高沢沙耶、須真杏里（須真杏理）、琥珀うた、北川瞳、碧しの（篠めぐみ）、希咲エマ（HARUKI、加藤はる希）、小坂めぐる、青木玲、成瀬心美（ここみ）、小川あさ美、北条麻妃、風間ゆみ、桜りお、RUMIKA、JULIA、恵けい、如月カレン、浅乃ハルミ、坂野由梨、藍野夢、さくら悠、成宮ルリ、上原保奈美、HIKARI、大倉彩音、和希さやか、佐藤みき（佐藤美紀、鈴木志帆）、かすみりさ、朝桐光、横山みれい、橘ひなた、松本まりな、水元ゆうな、管野しずか、藤井千沙、石川流花、吉見りいな,https://www.javbus.com/DAZD-060,
MIBD-836 真夏のビーチSEX 性欲リゾート8時間,MIBD-836 真夏のビーチSEX 性欲リゾート8時間,MIBD-836,,2014-07-13,478分鐘,,ムーディーズ,MOODYZBest,,野外・露出、合集、數位馬賽克、泳裝、DMM獨家,悠希めい、まりりん、青山菜々、鈴木杏里、周防ゆきこ、乃々果花、大橋未久、JULIA、南つかさ、つぼみ,https://www.javbus.com/MIBD-836,
MIBD-835 自我崩壊過程記録集 人体固定レイプBEST2,MIBD-835 自我崩壊過程記録集 人体固定レイプBEST2,MIBD-835,,2014-07-13,478分鐘,,ムーディーズ,MOODYZBest,人体固定レイプ,合集、美少女、數位馬賽克、拘束、凌辱、DMM獨家、肛交,宮地由梨香、成宮カナ、織田真子、藤原ひとみ、大橋未久、西條るり、琥珀うた、JULIA、樹花凜（七咲楓花）、村上涼子（中村りかこ、黒木菜穂）,https://www.javbus.com/MIBD-835,
IDBD-550 IPコスチューム祭！ Part2！！美女の着せ替えコスプレ100変化16時間スペシャル,IDBD-550 IPコスチューム祭！ Part2！！美女の着せ替えコスプレ100変化16時間スペシャル,IDBD-550,,2014-07-13,958分鐘,,アイデアポケット,アイデアポケットBEST,IPコスチューム祭！,角色扮演、和服・喪服、合集、數位馬賽克、貓耳女、DMM獨家、體育服,朝日まな、希島あいり、卯水咲流、桐谷ユリア、水谷心音（藤崎りお）、辻仁美、天海つばさ、今井ひろの、希崎ジェシカ、JULIA、長谷川ミク、丘咲エミリ、星美りか、冬月かえで、柚希あおい、かすみ果穂、AZUMI、来那、Rio（柚木ティナ）、小暮カレン、羽田あい、希美まゆ、前田かおり、茜あずさ、初音みのり、美雪ありす、石原莉奈、希志あいの、柴咲エリカ、百田ゆきな、桜ここみ、新山沙弥、Maika（MEW）、桜りお、堀咲りあ、原田明絵、佐咲ゆい、武井もな、二宮沙樹、小川あさ美、原更紗、安城アンナ、上原亜衣、佳苗るか、舞咲みくに、里美ゆりあ、並木優、相沢恋、成宮カナ,https://www.javbus.com/IDBD-550,
PPBD-080 巨乳で癒す極上ソープ嬢4時間,PPBD-080 巨乳で癒す極上ソープ嬢4時間,PPBD-080,,2014-07-13,239分鐘,,OPPAI,OPPAI,,乳交、合集、妓女、戀乳癖、乳房、巨乳、DMM獨家,保坂えり、月本るい（宮原友里絵）、めぐり（藤浦めぐ）、西川りおん、菅野みいな、JULIA,https://www.javbus.com/PPBD-080,
MBYD-197 ジックリ観れる！！ 溜池ゴロー BEST HIT 30タイトル 8時間,MBYD-197 ジックリ観れる！！ 溜池ゴロー BEST HIT 30タイトル 8時間,MBYD-197,,2014-07-10,478分鐘,,溜池ゴロー,溜池ゴロー,,成熟的女人、合集、已婚婦女、新娘、年輕妻子、DMM獨家,七海ひさ代、三浦恵理子、小早川怜子、秋野千尋、沖田杏梨、青山菜々、Hitomi（田中瞳）、稲川なつめ、矢部寿恵、JULIA、堀内秋美、大場ゆい、南紗穂、西條るり、椎名ゆな、波多野結衣、佐藤みき（佐藤美紀、鈴木志帆）、森ななこ、浅井舞香、杏美月、翔田千里、西野翔、風間ゆみ、菅野さゆき、結城みさ、森沢かな（飯岡かなこ）,https://www.javbus.com/MBYD-197,
MIBD-830 1年365通り日替わりSEX24時間 高画質ver.,MIBD-830 1年365通り日替わりSEX24時間 高画質ver.,MIBD-830,,2014-07-01,1438分鐘,,ムーディーズ,MOODYZBest,1年365通りの日替わり○○,合集、美少女、數位馬賽克、立即口交、巨乳、DMM獨家,西川ゆい、赤井美月、丘咲エミリ、ももかさくら、宇佐美なな、大橋未久、木下若菜、上原亜衣、秋吉ひな、JULIA,https://www.javbus.com/MIBD-830,
DAZD-059 2穴＆輪姦鬼畜中出し！ 8時間,DAZD-059 2穴＆輪姦鬼畜中出し！ 8時間,DAZD-059,,2014-06-21,479分鐘,,ダスッ！,ダスッ！,,合集、多P、凌辱、中出、DMM獨家、肛交,上原保奈美、成宮ルリ、上原亜衣、須真杏里（須真杏理）、琥珀うた、桜りお、碧しの（篠めぐみ）、RUMIKA、成瀬心美（ここみ）、青木玲、弘前亮子、彩音さくら、小川あさ美、北条麻妃、美優千奈、桜あやめ、花井メイサ、牧原れい子、大塚咲（小野沙樹、大滝佐紀）、妃乃ひかり、JULIA、風間ゆみ、北川瞳、小坂めぐる、浅乃ハルミ、HIKARI、瀧川花音、大島あいる、希咲エマ（HARUKI、加藤はる希）、佐藤みき（佐藤美紀、鈴木志帆）、かすみりさ、朝桐光、横山みれい、橘ひなた、水元ゆうな、管野しずか、藤井千沙、石川流花、美咲恋、藍野夢、泉麻那、南野あかり、澤村レイコ（高坂保奈美、高坂ますみ）,https://www.javbus.com/DAZD-059,
BOMN-097 爆乳限定！馬乗りマウントポジションパイズリ特選集 4時間 30名,BOMN-097 爆乳限定！馬乗りマウントポジションパイズリ特選集 4時間 30名,BOMN-097,,2014-06-15,240分鐘,,ABC/妄想族,BoinBB/ABC,巨乳スペシャル,乳交、合集、戀乳癖、4小時以上作品、超乳、巨乳、DMM獨家,永瀬里美、青葉ゆな、西田琴音、鈴村いろは、塚田詩織、末木ゆりは、小島優花、漣ゆめ、恵けい、JULIA、南條ユナ、荒木りな、望月マリア、原千草、岸杏南、弓束ちはや、吉永あかね、小泉麻由、桜木莉愛（かじか凛）、美月優芽、美月しのぶ、小西麻琴、一ノ瀬ルカ、小倉ゆず、栗崎紗理奈、希本なつ美、大月まゆか、野口まりや、風音りん、Conomi,https://www.javbus.com/BOMN-097,
MBYD-195 汚れなき人妻が汚されてしまった最初の強姦,MBYD-195 汚れなき人妻が汚されてしまった最初の強姦,MBYD-195,,2014-06-08,480分鐘,,溜池ゴロー,溜池ゴロー,,強姦、合集、已婚婦女、凌辱、4小時以上作品、出軌、戲劇,松本まりな、風間ゆみ、夢野まりあ、三浦恵理子、椎名ゆな、森沢かな（飯岡かなこ）、JULIA、かすみひかり、愛乃ゆな、上原千尋、音無かおり、青山葵、知世奏、北川美緒、春原未来、稲川なつめ、青木美空、一ノ瀬ルカ、倉多まお、吉咲あんり、佐々木恋海（向井恋）、佐々木しおり、大橋ひとみ、戸田さゆり、南紗穂、大場ゆい、瀧川花音、堀内美希、冴島かおり、七海ひさ代、鶴田舞、山本美和子、岩佐あゆみ、かすみりさ、浅井舞香、青山菜々、翔田千里、芦名未帆（稲森しほり）、村上涼子（中村りかこ、黒木菜穂）、愛咲れいら（原千尋）、西野翔、川上ゆう（森野雫）、澤村レイコ（高坂保奈美、高坂ますみ）、佐藤みき（佐藤美紀、鈴木志帆）、さとう遥希、沖田杏梨、矢部寿恵、西條るり、結城みさ、藤咲葵（愛川香織）、有沢実紗、榊なち、長澤あずさ、波多野結衣,https://www.javbus.com/MBYD-195,
MBYD-194 夫の居ぬ間に犯される人妻,MBYD-194 夫の居ぬ間に犯される人妻,MBYD-194,,2014-06-08,480分鐘,,溜池ゴロー,溜池ゴロー,,成熟的女人、強姦、合集、已婚婦女、輪姦、4小時以上作品,西野翔、牧原れい子、風間ゆみ、JULIA、三浦恵理子、佐藤みき（佐藤美紀、鈴木志帆）、かすみひかり、上原千尋、青山葵、北川美緒、春原未来、倉多まお、七海ひさ代、冴島かおり、大場ゆい、南紗穂、戸田さゆり、大橋ひとみ、稲川なつめ、岩佐あゆみ、村上涼子（中村りかこ、黒木菜穂）、翔田千里、遥めぐみ、浅井舞香、森ななこ、澤村レイコ（高坂保奈美、高坂ますみ）、有沢実紗、春日もも、藤咲葵（愛川香織）、結城みさ、相原ひとみ,https://www.javbus.com/MBYD-194,
BOMN-095 爆乳OL 社内乳辱 キミが入社した時から乳射したかった！,BOMN-095 爆乳OL 社内乳辱 キミが入社した時から乳射したかった！,BOMN-095,,2014-05-30,120分鐘,,ABC/妄想族,BoinBB/ABC,,OL、口交、乳交、合集、巨乳,恵けい、青空小夏、松すみれ、JULIA、小出遥、桜木莉愛（かじか凛）、大島あいる、希本なつ美、大月まゆか,https://www.javbus.com/BOMN-095,
BOMN-094 オッパイは舐め吸うタメだけに存在する4時間 5,BOMN-094 オッパイは舐め吸うタメだけに存在する4時間 5,BOMN-094,,2014-05-18,240分鐘,,ABC/妄想族,BoinBB/ABC,オッパイは舐め吸うタメだけに存在する,合集、戀乳癖、4小時以上作品、超乳、巨乳,佐藤愛、叶彩、長澤あずさ、高城ゆい、JULIA、あきな、小出遥、春日もな、塚田詩織、青葉ゆな、永瀬里美、西田琴音、華原美奈子、鈴村いろは、小宮涼菜、水樹まいか、末木ゆりは、高橋エミリー、南條ユナ、望月マリア、加藤あずみ、meru、荒木りな、ももい理乃、原千草、弓束ちはや、桜瀬ありな、風音りん、小衣くるみ、入江愛美、吉永あかね、相奈さゆき、園田セイラ、美月しのぶ、桜木莉愛（かじか凛）、桃華マリエ、伊空真悠、南佳代、Conomi,https://www.javbus.com/BOMN-094,
IDBD-535 ザーメン欲しさにくっさいチ○ポをジュボジュボしゃぶる！淫語たっぷり！口マ○コにずっぽり！ドスケベ痴女達の濃厚鬼フェラチオBEST8時間！！,IDBD-535 ザーメン欲しさにくっさいチ○ポをジュボジュボしゃぶる！淫語たっぷり！口マ○コにずっぽり！ドスケベ痴女達の濃厚鬼フェラチオBEST8時間！！,IDBD-535,,2014-05-17,480分鐘,,アイデアポケット,アイデアポケットBEST,,蕩婦、口交、花癡、數位馬賽克、4小時以上作品、吞精,KAORI、本城小百合、Rio（柚木ティナ）、希崎ジェシカ、希志あいの、希美まゆ、羽田あい、里美ゆりあ、柴咲エリカ、冬月かえで、並木優、初音みのり、美雪ありす、前田かおり、希島あいり、天海つばさ、卯水咲流、石原莉奈、来那、かすみりさ、藤崎エリナ、丘咲エミリ、長谷川ミク、安城アンナ、さとう遥希、織田真子、星美りか、小暮カレン、川並舞夏、桜ここみ、JULIA、横山美雪,https://www.javbus.com/IDBD-535,
MBYD-192 火照る躰を自ら慰める欲求不満な人妻のオナニー,MBYD-192 火照る躰を自ら慰める欲求不満な人妻のオナニー,MBYD-192,,2014-05-11,240分鐘,,溜池ゴロー,溜池ゴロー,,合集、已婚婦女、自慰,西野翔、翔田千里、風間ゆみ、佐々木恋海（向井恋）、杏美月、朝霧メイサ、かすみひかり、川上ゆう（森野雫）、椎名ゆな、JULIA、七海ひさ代、瀧川花音、伊原詩織、澤村レイコ（高坂保奈美、高坂ますみ）、倉多まお、佐藤みき（佐藤美紀、鈴木志帆）、南紗穂、波多野結衣、結城みさ、小早川怜子、稲川なつめ、堀内秋美、三浦恵理子、矢部寿恵、浅井舞香,https://www.javbus.com/MBYD-192,
T28-352 60秒ごとに絶頂シーン！！総勢480人のノンストップ絶頂トランス8時間,T28-352 60秒ごとに絶頂シーン！！総勢480人のノンストップ絶頂トランス8時間,T28-352,,2014-05-09,485分鐘,,TMA,TMA,,其他戀物癖、合集、4小時以上作品,波多野結衣、成瀬心美（ここみ）、つぼみ、吉永あかね、JULIA,https://www.javbus.com/T28-352,
DAZD-057 ダスッ！7周年記念77タイトル7時間SPECIAL EDITION,DAZD-057 ダスッ！7周年記念77タイトル7時間SPECIAL EDITION,DAZD-057,,2014-04-19,420分鐘,,ダスッ！,ダスッ！,,合集、凌辱、4小時以上作品,牧原れい子、金沢文子、風間ゆみ、上原亜衣、結城みさ、芦名ユリア、栄倉彩、水玉レモン、JULIA、恵けい、妃乃ひかり、翔田千里、広瀬奈々美（堀口奈津美）、如月カレン、宮坂レイア、北条麻妃、希咲エマ（HARUKI、加藤はる希）、愛原さえ、碧しの（篠めぐみ）、青木玲、RUMIKA、桜りお、長谷川美紅、小川あさ美、小峰ひなた、竹内あい、伊沢千夏、鈴木杏里、松嶋れいな、小澤マリア、ayami（赤西涼、まひる）、青木りん、美優千奈、峰なゆか、美波優香、灘坂舞、黒木麻衣（花野真衣、SHIHO）、真田春香、春咲あずみ、大塚咲（小野沙樹、大滝佐紀）、鮎川なお、花井メイサ、南つかさ、須真杏里（須真杏理）、澤村レイコ（高坂保奈美、高坂ますみ）、上原保奈美、杏紅茶々、成宮ルリ、吉美さあや、柚樹なな、瀬名あゆむ（広瀬藍子）、桜井あゆ、雨宮琴音、早瀬ありす、藤北彩香、宮間葵、皆町しずく、松下ひかり、堀内かえで、久希まひろ（蔵前まどか）、小滝みい菜、瀧川花音、宮瀬リコ、有村さなえ、結希レイナ、弘前亮子、彩音さくら、浅乃ハルミ、泉麻那、藤井千沙、管野しずか、橘ひなた、霧島あんな、朝桐光、北川エリカ、佐藤みき（佐藤美紀、鈴木志帆）、水城奈緒、木村まりえ、和希さやか、大島あいる、宮崎由麻、大槻ひびき,https://www.javbus.com/DAZD-057,
IDBD-527 震える肉感桃尻！響き渡る尻打音！止まらない鬼ピストンバックFUCK8時間！！,IDBD-527 震える肉感桃尻！響き渡る尻打音！止まらない鬼ピストンバックFUCK8時間！！,IDBD-527,,2014-04-13,480分鐘,,アイデアポケット,アイデアポケットBEST,,合集、屁股,Rio（柚木ティナ）、かすみ果穂、Maika（MEW）、希崎ジェシカ、成瀬心美（ここみ）、羽田あい、JULIA、星美りか、希美まゆ、小暮カレン、初音みのり、里美ゆりあ、舞咲みくに、美雪ありす、木下柚花、原田明絵、織田真子、泉麻那、COCONA（ココナ）、安城アンナ、桜ここみ、前田かおり、桐谷ユリア、天海つばさ、堀咲りあ、柴咲エリカ、佳苗るか、並木優、Erina、石原莉奈、横山美雪、希志あいの、丘咲エミリ、星崎キララ,https://www.javbus.com/IDBD-527,
MIBD-812 AV女優の凄テクほどこし性行為,MIBD-812 AV女優の凄テクほどこし性行為,MIBD-812,,2014-04-10,480分鐘,,ムーディーズ,MOODYZBest,,蕩婦、其他戀物癖、合集、數位馬賽克、女上位,西野翔、Maika（MEW）、青木玲、つぼみ、JULIA、西條るり、Hitomi（田中瞳）、大槻ひびき、ましろ杏、麻倉憂、優希まこと、月城ルネ、桐原エリカ、里美ゆりあ、大橋未久、佐山愛、二宮沙樹、本田莉子,https://www.javbus.com/MIBD-812,
BOMN-089 働くおっぱい過失乳 仕事中のおっぱいに誘惑され 4時間,BOMN-089 働くおっぱい過失乳 仕事中のおっぱいに誘惑され 4時間,BOMN-089,,2014-03-30,240分鐘,,ABC/妄想族,BoinBB/ABC,,角色扮演、乳交、合集、4小時以上作品、巨乳,恵けい、仁科百華、JULIA、あきな、木咲美琴、大月まゆか、大島あいる、園田セイラ、桜木莉愛（かじか凛）、柚ノ木りん、吉永あかね、風音りん、小衣くるみ、塚田詩織,https://www.javbus.com/BOMN-089,
IDBD-521 串刺し連結3PFUCK,IDBD-521 串刺し連結3PFUCK,IDBD-521,,2014-03-29,480分鐘,,アイデアポケット,アイデアポケットBEST,,濫交、口交、合集、多P、美少女、數位馬賽克,二宮沙樹、かすみ果穂、Maika（MEW）、希志あいの、藤崎エリナ、前田かおり、堀咲りあ、原田明絵、今井ひろの、紺野朋美、梨々衣、Erina、桜りお、希美まゆ、桐谷ユリア、木下柚花、里美ゆりあ、原更紗、麻田有希、黒木いちか（東条かれん）、☆LUNA☆、JULIA、美咲みゆ、横山美雪、菊美かりん、大橋未久、丘咲エミリ、天海つばさ、佳苗るか、並木優、織田真子、冬月かえで、長谷川ミク、Rio（柚木ティナ）、柴咲エリカ、小暮カレン、石原莉奈、美雪ありす、桜ここみ、羽田あい、初音みのり、舞咲みくに、希崎ジェシカ、成宮カナ、星美りか、相沢恋、安城アンナ、成瀬心美（ここみ）、百田ゆきな,https://www.javbus.com/IDBD-521,
OKAX-001 スーパー潮吹き50人 4時間,OKAX-001 スーパー潮吹き50人 4時間,OKAX-001,,2014-03-28,242分鐘,,ケイ・エム・プロデュース,おかず。,,潮吹、合集、4小時以上作品、手指插入,立花樹里亜、宇佐美なな、竹内紗里奈、上原亜衣、さとう遥希、ERIKA（モカ、MOKA）、管野しずか、成瀬心美（ここみ）、望月ゆみ、鮎川なお、村上涼子（中村りかこ、黒木菜穂）、星野あかり、武井麻希、青木りん、琥珀うた、新垣さくら、伊藤青葉、木村つな、広瀬奈々美（堀口奈津美）、澤村レイコ（高坂保奈美、高坂ますみ）、RUMIKA、美咲結衣、浅乃ハルミ、北条麻妃、桜りお、JULIA、愛音まひろ、大沢美加（廣田まりこ）、松本まりな、椎奈つばめ、浅倉彩音、鷹宮りょう、新井エリー（晶エリー、大沢佑香）,https://www.javbus.com/OKAX-001,
BOMN-087 巨乳パイズリSP5 乳フェチ向け パイズリしまくり 40名 4時間,BOMN-087 巨乳パイズリSP5 乳フェチ向け パイズリしまくり 40名 4時間,BOMN-087,,2014-03-16,240分鐘,,ABC/妄想族,BoinBB/ABC,巨乳スペシャル,乳交、合集、戀乳癖、4小時以上作品、超乳、巨乳,佐藤愛、漣ゆめ、小泉麻由、JULIA、櫻井夕樹、仁科百華、柚ノ木りん、星野来夢、野口まりや、吉永あかね、瑞乃ありさ、愛内ゆう、小島優花、大月まゆか、栗崎紗理奈、園田セイラ、美月しのぶ、桜木莉愛（かじか凛）、小衣くるみ、夢野怜子、meru、青葉ゆな、永瀬里美、塚田詩織、鈴村いろは、春日もな、高橋エミリー、南條ユナ、望月マリア、入江愛美、弓束ちはや、原千草、ももい理乃、南佳代、荒木りな、桜瀬ありな、風音りん、Conomi,https://www.javbus.com/BOMN-087,
PPBD-076 男なら一度はヤッてみたい細身巨乳スタイルBEST 50人4時間,PPBD-076 男なら一度はヤッてみたい細身巨乳スタイルBEST 50人4時間,PPBD-076,,2014-03-15,239分鐘,,OPPAI,OPPAI,男なら一度はヤッてみたい,乳交、合集、戀乳癖、姐姐、乳房、巨乳,佐山愛、水城奈緒、浜崎りお（森下えりか、篠原絵梨香）、JULIA、大沢かえで、上木奈央、菅野みいな、ましろ杏、百花エミリ、小出遥、葵ぶるま、菅野さゆき、大堀香奈、葵えり、恵けい、水咲カレン、仁科百華、大月まゆか、吉永あかね、沖田杏梨、西條るり、羽月希、瑞乃ありさ、上原怜奈、知世奏、新山かえで、大島あいる、中森玲子、成瀬心美（ここみ）、みなせ優夏、平山薫,https://www.javbus.com/PPBD-076,
MIBD-802 女に白目剥かせたり潮吹かせる！ 神技イカセテク36連発 8時間,MIBD-802 女に白目剥かせたり潮吹かせる！ 神技イカセテク36連発 8時間,MIBD-802,,2014-02-27,480分鐘,,ムーディーズ,MOODYZBest,,合集、性奴、拘束、女優按摩棒,東城えみ、篠原もえ、天宮まなみ（来嶋ゆきな）、大橋未久、さとう遥希、仁科百華、JULIA、小日向みく、宮下リカ、大沢美加（廣田まりこ）、まりか、鈴木きあら（美空あいり）、妃悠愛（長澤杏奈、水原里香、木崎祐子）、琥珀うた、小嶋ゆい菜、菜月アンナ、青山ローラ、ももかさくら、河合こころ、愛内希、牧瀬ひかり、松すみれ、西野花梨（小柳まりん、椎名くるみ）、葵ちひろ、川愛加奈、早川瀬里奈、香月藍、花宮あみ、RiRi、北島玲、神楽メイ、結城凛、聖乃マリア、澤井由奈、上原カエラ、宮地由梨香,https://www.javbus.com/MIBD-802,
DAZD-056 ぶっかけ特濃ザーメン 8時間,DAZD-056 ぶっかけ特濃ザーメン 8時間,DAZD-056,,2014-02-21,480分鐘,,ダスッ！,ダスッ！,,濫交、強姦、合集、DMM獨家、顏射,花井メイサ、桜りお、横山みれい、碧しの（篠めぐみ）、RUMIKA、管野しずか、竹内あい、如月カレン、牧原れい子、水元ゆうな、小川あさ美、雨宮琴音、水城奈緒、灘坂舞、青木玲、希咲エマ（HARUKI、加藤はる希）、須真杏里（須真杏理）、藤井千沙、美咲恋、琥珀うた、浅乃ハルミ、北川瞳、弘前亮子、成瀬心美（ここみ）、JULIA、妃乃ひかり、大塚咲（小野沙樹、大滝佐紀）、美優千奈,https://www.javbus.com/DAZD-056,
PPBD-075 爆乳女に中出し 8時間,PPBD-075 爆乳女に中出し 8時間,PPBD-075,,2014-02-15,480分鐘,,OPPAI,OPPAI,爆乳女に中出し,戀乳癖、乳房、中出、超乳、巨乳、DMM獨家,保坂えり、ももい理乃、瑞乃ありさ、上原怜奈、尾上若葉、山田マリコ、及川はるな、杏美月、青空小夏、水城奈緒、小西なつみ、成瀬心美（ここみ）、持田美琴、新山かえで、美緒みくる、長澤あずさ、星野来夢、葵ぶるま、仁科百華、佐藤みき（佐藤美紀、鈴木志帆）、青山菜々、桜木莉愛（かじか凛）、大島あいる、羽月希、美月優芽、JULIA、大沢かえで、櫻井夕樹、花美ひな、長谷川杏実（長谷川杏美）、Hitomi（田中瞳）、橘なお（上原海里）、知世奏,https://www.javbus.com/PPBD-075,
MIBD-796 巨乳限定！立ちバック100人8時間,MIBD-796 巨乳限定！立ちバック100人8時間,MIBD-796,,2014-02-13,480分鐘,,ムーディーズ,MOODYZBest,,合集、數位馬賽克、巨乳、DMM獨家,和希さやか、鈴木あいか、ありすひな、能世愛香、乃々果花、高沢沙耶、さとう遥希、秋吉ひな、佐山愛、JULIA,https://www.javbus.com/MIBD-796,
SCF-052 ディルドオナニー 100人8時間,SCF-052 ディルドオナニー 100人8時間,SCF-052,,2014-01-20,484分鐘,,マルクス兄弟,MARXBrothersco.,,潮吹、4小時以上作品、DMM獨家、自慰、局部特寫,愛内リカ、香坂美鈴、竹内サキ、安藤えみ、愛実（秋川ルイ）、長澤あずさ、哀川りん、北条麻妃、新垣さくら、愛菜りな、望月ゆみ、JULIA、椎名ひかる、武藤クレア、美咲結衣、内田真由、七瀬あさみ、矢吹杏、あずみ恋、早坂愛梨、結城みさ、紗奈、阿部菜津子（福山洋子、織原寧々）、水谷ひとみ、水城奈緒、松嶋侑里、松浦ユキ、はるか悠、鮎川なお、黒木アリサ、葉月奈穂（葉月菜穂）、菅野由紀、宇佐美なな、持田百恵、妃悠愛（長澤杏奈、水原里香、木崎祐子）、あづみ、愛乃みやび、望多つばさ、大城美咲、黒崎萌華、伊沢美春（伊沢美晴）、RUMIKA、瑠菜（安西瑠菜、RUNA）、在佳亜矢、中林彩、長谷川しずく、青木まり、時田あいみ、大槻ひびき、美神あおい、中野愛里、一ノ瀬アメリ（美空あやか、栗栖エリカ）、碧しの（篠めぐみ）、北川瞳、星野あかり、長南悠果、立花樹里亜、武井麻希、工藤沙菜恵、夏乃向日葵、桜木莉愛（かじか凛）、須藤早紀、高橋ゆい、小西なつみ、高月綾乃、高沢沙耶、秋野みさき、寺島ちひろ、相島奈央、本真ゆり、大島あいる、希内りな、悠月舞、上原亜衣、仲本紗代、朝桐光、さとう遥希、優木リノア、吉村あいか、EMI、藤野ルミ、南りん、平井ミッシェル、新垣紗絵、杉崎のあ、青木りん、水澤まお（永沢まおみ）、山口玲子、北原夏美、瀬名さくら（藤原史歩）、成宮あいり、月野りさ、樹花凜（七咲楓花）、森ななこ、大橋美香、風間ゆみ、黒木麻衣（花野真衣、SHIHO）,https://www.javbus.com/SCF-052,
RKI-309 高画質 この「カ・ラ・ダ」超絶品。16時間 Vol.2,RKI-309 高画質 この「カ・ラ・ダ」超絶品。16時間 Vol.2,RKI-309,,2014-01-19,960分鐘,,ROOKIE,ROOKIE,このカ・ラ・ダ超絶品。,合集、美少女、高畫質、巨乳、DMM獨家,愛乃なみ、尾上若葉、愛田奈々、乃々果花、百花エミリ、椎名ゆな、西條るり、桜ここみ、JULIA、竹内あい,https://www.javbus.com/RKI-309,
MIBD-788 美巨乳スタイル×競泳水着 4時間,MIBD-788 美巨乳スタイル×競泳水着 4時間,MIBD-788,,2014-01-13,240分鐘,,ムーディーズ,MOODYZBest,,乳交、合集、戀乳癖、數位馬賽克、講師、巨乳、DMM獨家、學校泳裝,神川ひな、立川理恵、星咲ひかる、ももかさくら、藤原ひとみ、めぐり（藤浦めぐ）、Hitomi（田中瞳）、JULIA、ましろ杏,https://www.javbus.com/MIBD-788,
MIBD-787 最高潮に盛り上がる！ 挿入する瞬間 100人100連発,MIBD-787 最高潮に盛り上がる！ 挿入する瞬間 100人100連発,MIBD-787,,2014-01-13,240分鐘,,ムーディーズ,MOODYZBest,,合集、淫語、數位馬賽克、女上位、DMM獨家,尾上若葉、長谷川リホ、春木彩奈、遥結愛、新山かえで、春原未来、稲川なつめ、さとう遥希、JULIA、つぼみ,https://www.javbus.com/MIBD-787,
PPBD-074 巨乳お姉さんの誘惑8時間,PPBD-074 巨乳お姉さんの誘惑8時間,PPBD-074,,2014-01-12,480分鐘,,OPPAI,OPPAI,,乳交、合集、戀乳癖、姐姐、乳房、巨乳、DMM獨家,小日向杏梨、青山菜々、菅野さゆき、真木今日子、佐山愛、平山薫、櫻井ゆうこ、北川瞳、仁科百華、成瀬心美（ここみ）、青空小夏、長澤あずさ、JULIA、伊東カンナ,https://www.javbus.com/PPBD-074,
BOMN-077 Iカップ以上限定 オッパイは舐め吸うタメだけに存在する 厳選集,BOMN-077 Iカップ以上限定 オッパイは舐め吸うタメだけに存在する 厳選集,BOMN-077,,2013-12-13,239分鐘,,ABC/妄想族,BoinBB/ABC,巨乳スペシャル,其他戀物癖、合集、戀乳癖、4小時以上作品、巨乳、DMM獨家,吉永あかね、夢野怜子、桜木莉愛（かじか凛）、相奈さゆき、希本なつ美、友野みゆき、大島あいる、浅田ちち、浜崎りお（森下えりか、篠原絵梨香）、安奈久美、菅野みいな、愛内ゆう、木咲美琴、あきな、恵けい、松すみれ、仁科百華、櫻井夕樹、JULIA、持田百恵、漣ゆめ、七尾みつみ、櫻庭茜、永峰朋美（安岡たまき）、福山優、愛あいり、吉川桃、叶彩、愛実（秋川ルイ）、木下レイ、宮崎あい、青木りん、松金めぐみ、鈴香音色、伊東このみ、倉田茜、仲村ろみひ、波風きら、京本由衣、meru,https://www.javbus.com/BOMN-077,
MIBD-779 すごテクで我慢出来ずに思わず暴発Special☆,MIBD-779 すごテクで我慢出来ずに思わず暴発Special☆,MIBD-779,,2013-12-13,238分鐘,,ムーディーズ,MOODYZBest,,合集、淫語、姐姐、數位馬賽克、DMM獨家、打手槍,尾上若葉、星咲ひかる、菜月アンナ、周防ゆきこ、菅野さゆき、乃々果花、大橋未久、椎名ゆな、JULIA、つぼみ,https://www.javbus.com/MIBD-779,
MIBD-780 固いチ○ポが好きだから言葉と淫テクで男を虐めるお姉さん 4時間,MIBD-780 固いチ○ポが好きだから言葉と淫テクで男を虐めるお姉さん 4時間,MIBD-780,,2013-12-13,238分鐘,,ムーディーズ,MOODYZBest,,蕩婦、合集、淫語、姐姐、數位馬賽克、乳房、巨乳、DMM獨家,ももかさくら、上原保奈美、上原結衣、相澤リナ、乃々果花、大橋未久、さとう遥希、佐山愛、絵色千佳、JULIA,https://www.javbus.com/MIBD-780,
MBYD-177 人妻の濃厚なお掃除フェラ8時間,MBYD-177 人妻の濃厚なお掃除フェラ8時間,MBYD-177,,2013-12-08,478分鐘,,溜池ゴロー,溜池ゴロー,,成熟的女人、口交、合集、已婚婦女、數位馬賽克、DMM獨家,雨宮真貴、荒木瞳、上原保奈美、沖田杏梨、椎名ゆな、さとう遥希、波多野結衣、矢部寿恵、桐岡さつき、JULIA、冴島かおり、堀内秋美、仲丘たまき（片岡まきな）、南紗穂、戸田さゆり、岩佐あゆみ、三井ゆかり、朝霧メイサ、かすみひかり、三浦恵理子、小早川怜子、上原千尋、青山葵、春原未来、稲川なつめ、雪音ありさ、柏木ゆり、藤沢芳恵、江原あけみ（美輪ちあき）、伊織涼子、西條るり、結城みさ、管野しずか、高島恭子、藤咲葵（愛川香織）、春日もも、さおり（沙織）、山本美和子、美原咲子、橘エレナ、柳井瞳、有沢実紗、浅倉彩音、紗奈、中森玲子、細川まり、澤村レイコ（高坂保奈美、高坂ますみ）、森ななこ、広瀬奈々美（堀口奈津美）、川上ゆう（森野雫）、北原夏美、樋口冴子（桐島千沙）、佐山愛、浜崎りお（森下えりか、篠原絵梨香）、柳田やよい、遥めぐみ、青山菜々、岩崎千鶴、倉木さゆり、江波りゅう（RYU)、葉月奈穂（葉月菜穂）、辻本りょう、芦名未帆（稲森しほり）、村上涼子（中村りかこ、黒木菜穂）、星野あかり、黒木麻衣（花野真衣、SHIHO）、愛咲れいら（原千尋）、西野翔、青木玲、友田真希、夢野まりあ、風間ゆみ、松本まりな、寺崎泉、笠木忍,https://www.javbus.com/MBYD-177,
MIBD-781 1本のチ○ポに2人以上のスケベ美女が群がる！ 極上フェラ抜き天国50連発！！,MIBD-781 1本のチ○ポに2人以上のスケベ美女が群がる！ 極上フェラ抜き天国50連発！！,MIBD-781,,2013-12-08,238分鐘,,ムーディーズ,MOODYZBest,,口交、其他戀物癖、合集、數位馬賽克、DMM獨家,尾上若葉、大橋未久、JULIA、つぼみ,https://www.javbus.com/MIBD-781,
MKCK-081 E-BODY 300SEX 24時間,MKCK-081 E-BODY 300SEX 24時間,MKCK-081,,2013-12-08,1438分鐘,,E-BODY,E-BODY,,潮吹、合集、花癡、巨乳、DMM獨家,尾上若葉、姫野ゆうり、綾瀬れん、みなせ優夏、小鳥遊瀬那、及川はるな、辻井美穂、さとう遥希、JULIA、成瀬心美（ここみ）、矢沢もえ、工藤美紗、小峰ひなた、望月けい、亜梨、佳山三花、片岡梨沙、倖田みらい、女池さゆり、桜ここみ、南ナミ、里美ゆりあ、伊東美姫、愛沢蓮、Hitomi（田中瞳）、中森玲子、eco、井川美保、桜井エミリ、緋村由衣、やまのあかね、一戸のぞみ、小栗涼、黒木アリサ、長澤あずさ、佐田あゆみ、恵けい、沢木樹里、ASUKA、中野愛里、諸星セイラ（百瀬涼）、ましろ杏、横山みれい、宮藤レイコ、松すみれ、春菜はな、七瀬友梨亜、七葉しほり、真矢ゆき、伊東菜々、高城ゆい、沙月みちる、青空小夏、Erina、真中ゆかり、甲斐ミハル、浅乃ハルミ、石原こと、吉川えみり、星島ちさ、宮坂レイア、二宮せりな、高瀬ひとみ、椎名ゆな、徠夢、小林さとみ、花井メイサ、羽田夕夏、夏川葵、川瀬愛美、峰なゆか、小澤マリア、黒木麻衣（花野真衣、SHIHO）、青山菜々、春咲あずみ、水城奈緒、竹内あい、大塚咲（小野沙樹、大滝佐紀）、飯島夏希、香坂杏奈、水森あおい、浜崎りお（森下えりか、篠原絵梨香）、風間ゆみ、麻美ゆま、Ryo、松嶋れいな、櫻井ゆうこ、村上涼子（中村りかこ、黒木菜穂）、妃乃ひかり、木村彩、山田マリコ、小川あさ美、真田春香、初音みのり、綾瀬メグ、杏美月、広瀬ゆな、高瀬みどり、春風えみ、辻さき、青木莉子（桜まい、片岡さき）、一ノ瀬あきら、あいだゆき、愛実（秋川ルイ）、森ななこ、石黒沙良、紅城まゆ、本田ゆかり、南沙也香、坂本愛海、澄川ロア、広瀬奈々美（堀口奈津美）、横山翔子、雨音しおん、紅りんご、かすみりさ、宝生優果（羽野理沙）、鈴木さとみ、ERIKA（モカ、MOKA）、あいぶらん（蜜井とわ）、並木るか（橘ひな）、うるみゆう、里崎マリヤ、立花結衣、夏海ナミ、アンジェ、小早川怜子、蒼井まなみ、桜木莉愛（かじか凛）、美月優芽、たなか唯、ティア、三浦恵理子、愛沢有紗、今村なつ、一色まりな、星野来夢、愛乃ゆな、原望美、舞咲みくに、青山沙希、愛乃、日向リサ、知世奏、秋月めい、長谷川リホ、安達亜美、新山かえで、牧瀬みさ、芦名ユリア、西山真理、滝川ソフィア、麻生ゆう、大橋ひとみ、吉澤留美、藤堂ルシア、原千草、南條ユナ、弓束ちはや、西川りおん、星咲優菜、椎名まりな、AYU、篠田あさみ、高橋エミリー、篠原優、立川理恵、知花メイサ、松下美雪、小泉真希、愛乃なみ、原沢ゆうあ、米崎真理、瑞乃ありさ、桜木美央、吉永あかね、水野朝陽、入江愛美、保坂えり、眞乃かすみ、高梨風花、椎名ひかる、武藤クレア、美咲結衣、上村あずさ、水咲カレン、湖南みるく、仁科百華、ゆうきさやか、哀川りん、すずきりりか、若菜ちえ、瀬戸みずほ、西條るり、長谷川杏実（長谷川杏美）、黒澤あみ、塚本渚、高島恭子、朋香めい、乙葉真希、小沢アリス、菅野さゆき、伊沢美春（伊沢美晴）、仲村美緒、北川エリカ、池田美和子、橘なお（上原海里）、赤井美月、北川瞳、菅野みいな、陽菜、上条めぐ（三浦芽依）、成美雪菜、上原もね、鶴田かな、あすか光希、綾瀬みなみ、沙藤ユリ、大島あいる、奥田咲、白川ゆかり、あざみねね、ももかさくら、北村わか、来栖ひなた、佐々木はるか、百花エミリ、上原保奈美、愛原さえ、小島優花、沖田杏梨,https://www.javbus.com/MKCK-081,
MKCK-082 東洋一のクビレ巨乳 8時間,MKCK-082 東洋一のクビレ巨乳 8時間,MKCK-082,,2013-12-08,478分鐘,,E-BODY,E-BODY,,苗條、合集、戀乳癖、女上位、巨乳、DMM獨家,知花メイサ、今村なつ、小泉真希、愛沢有紗、滝川ソフィア、一色まりな、椎名ゆな、さとう遥希、JULIA、成瀬心美（ここみ）、吉永あかね、篠田あさみ、AYU、弓束ちはや、原千草、藤堂ルシア、篠原優、立川理恵、愛乃なみ、新山かえで、牧瀬みさ、蒼井まなみ、小早川怜子、保坂えり、水野朝陽、安達亜美、姫野ゆうり、知世奏、日向リサ、舞咲みくに、アンジェ、大島あいる、あすか光希、上原もね、菅野みいな、みなせ優夏、奥田咲、沖田杏梨、長谷川リホ、上原保奈美、赤井美月、西條るり、北川エリカ、菅野さゆき、春菜はな、Erina、里美ゆりあ、工藤美紗、麻美ゆま,https://www.javbus.com/MKCK-082,
MBYD-176 子宮の奥まで熱いのが来てるぅ！ ドラマシーンもしっかり収録！中出しされた女達8時間,MBYD-176 子宮の奥まで熱いのが来てるぅ！ ドラマシーンもしっかり収録！中出しされた女達8時間,MBYD-176,,2013-12-08,478分鐘,,溜池ゴロー,溜池ゴロー,,強姦、合集、已婚婦女、中出、戲劇、DMM獨家,一乃瀬レイナ、堀内美希、小早川怜子、島谷愛、秋野千尋、菅野さゆき、松本まりな、結城みさ、JULIA、風間ゆみ,https://www.javbus.com/MBYD-176,
MIBD-778 入れて◆から一緒にイクまで収録！ チ○ポだけでイカせる！！ 激しいピストンSEX 4時間,MIBD-778 入れて◆から一緒にイクまで収録！ チ○ポだけでイカせる！！ 激しいピストンSEX 4時間,MIBD-778,,2013-12-01,238分鐘,,ムーディーズ,MOODYZBest,,合集、無毛、美少女、數位馬賽克、立即口交、DMM獨家,きよみ玲、乃々果花、里美ゆりあ、大橋未久、西條るり、絵色千佳、友田彩也香、JULIA、妃悠愛（長澤杏奈、水原里香、木崎祐子）、つぼみ,https://www.javbus.com/MIBD-778,
BOMN-075 ボインボックス5年間の軌跡 ベストプレイ集 ディレクターズカット版,BOMN-075 ボインボックス5年間の軌跡 ベストプレイ集 ディレクターズカット版,BOMN-075,,2013-11-29,241分鐘,,ABC/妄想族,BoinBB/ABC,Boin「○○」Box,乳交、合集、戀乳癖、4小時以上作品、巨乳、DMM獨家,桃華マリエ、眞野さくら、美月優芽、綾瀬れん、桜木莉愛（かじか凛）、友野みゆき、小倉ゆず、並木るか（橘ひな）、浅田ちち、浜崎りお（森下えりか、篠原絵梨香）、松すみれ、仁科百華、櫻井夕樹、JULIA、水城奈緒、漣ゆめ、倉田茜、伊東このみ、鈴香音色、鮎川みさと、橘なお（上原海里）、恵けい、木咲美琴、高橋エミリー、南佳代、荒木りな、ももい理乃、小衣くるみ、吉永あかね、大島あいる、前田優希、水樹まいか,https://www.javbus.com/BOMN-075,
BIB-085 射精寸前の絶頂SEX8時間スペシャル,BIB-085 射精寸前の絶頂SEX8時間スペシャル,BIB-085,,2013-11-22,478分鐘,,美,美,射精寸前の絶頂SEX,蕩婦、合集、女上位、巨乳、DMM獨家,蓮実クレア、ゆうきさやか、桐谷ユリア、桜木凛、里美ゆりあ、椎名ひかる、有村千佳、北川瞳、仁科百華、JULIA、綾瀬みなみ、愛沢有紗、たなか唯、辻愛菜、元山はるか、芦名ユリア、音無かおり、水澤まお（永沢まおみ）、桜花りり、花柄ことり、さくら悠、あすか光希、初見果梨奈（星野みかん）、白川ゆかり、悠月舞、青木美空、春原未来、初美沙希、秋野千尋、緋咲アンナ、村西まりな、大石美咲、AIKA、坂野由梨、西條るり、鈴音りおな、小野紗里奈、井川ゆい、ももかりん、瑠菜（安西瑠菜、RUNA）、妃悠愛（長澤杏奈、水原里香、木崎祐子）、魅麗、みずほゆき、小谷理紗、横山みれい、小桜沙樹、あゆむ、椎名ゆな、浅乃ハルミ、瀬名アスカ、綾瀬美都（内山遥）、伊東美姫、黒木アリサ、成瀬心美（ここみ）、杏堂なつ（榊れいな）、南りん、新名しおり、蒼井怜、長谷川ミク、夏樹あい、杉原桃花、松生彩、上原カエラ、波多野結衣、愛あいり、鈴木杏里、新井エリー（晶エリー、大沢佑香）、川上ゆう（森野雫）、かすみりさ、藤本AYAY、橘れもん、大橋未久、ayami（赤西涼、まひる）、笠木忍、滝川かのん、KYOKO、森ななこ、真田春香、西野翔、滝沢優奈、如月カレン、青木玲、水元ゆうな、志保、竹内あい、浜崎りお（森下えりか、篠原絵梨香）、一ノ瀬ルカ,https://www.javbus.com/BIB-085,
PPBD-072 大きなおっぱいと極上パイズリ特濃挟射 8時間,PPBD-072 大きなおっぱいと極上パイズリ特濃挟射 8時間,PPBD-072,,2013-11-16,478分鐘,,OPPAI,OPPAI,,蕩婦、乳交、合集、戀乳癖、乳房、巨乳、DMM獨家,ももい理乃、吉澤留美、風音りん、立川理恵、入江愛美、星野来夢、本真ゆり、白戸もも、大月まゆか、橘なお（上原海里）、吉永あかね、瑞乃ありさ、三浦奏、尾上若葉、桃実、たなか唯、美月優芽、新山かえで、知世奏、大島あいる、鈴宮理恵、綾瀬みなみ、菅野みいな、知花メイサ、上原怜奈、葵えり、響まゆ、木咲美琴、沖田杏梨、百花エミリ、小出遥、仁科百華、水咲カレン、JULIA、西條るり、菅野さゆき、青山菜々、みなせ優夏、持田美琴、葵ぶるま、Hitomi（田中瞳）、佐藤みき（佐藤美紀、鈴木志帆）、森ななこ、佐山愛、杏美月、浜崎りお（森下えりか、篠原絵梨香）、水城奈緒、葉月奈穂（葉月菜穂）,https://www.javbus.com/PPBD-072,
RKI-295 高画質 悶え苦しむ拘束 16時間,RKI-295 高画質 悶え苦しむ拘束 16時間,RKI-295,,2013-11-16,955分鐘,,ROOKIE,ROOKIE,,強姦、合集、拘束、凌辱、中出、高畫質、DMM獨家,鶴田かな、成宮カナ、櫻井ともか、有村千佳、高沢沙耶、辻本りょう、篠原杏、愛原さえ、前田陽菜、JULIA、ふわりゆうき、堀咲りあ、山本美和子、陽菜、沙織、荒木ありさ（月島うさぎ）、初芽里奈、秋野千尋、Nina、牧瀬ひかり、冴島かおり、仁科百華、桜ここみ、里美ゆりあ、椎名ゆな、美咲恋、渚ことみ、碧しの（篠めぐみ）、泉麻那、菅野さゆき、黒木いちか（東条かれん）、月野りさ、弘前亮子、桜花えり、妃乃ひかり、KAORI、竹内あい、佐山愛、広瀬奈々美（堀口奈津美）、澤村レイコ（高坂保奈美、高坂ますみ）、吉沢明歩,https://www.javbus.com/RKI-295,
MKCK-080 100cm以上限定超乳SEX,MKCK-080 100cm以上限定超乳SEX,MKCK-080,,2013-11-10,238分鐘,,E-BODY,E-BODY,,乳交、合集、戀乳癖、巨乳、DMM獨家,吉永あかね、桜木美央、滝川ソフィア、綾瀬みなみ、桜木莉愛（かじか凛）、菅野みいな、大島あいる、長澤あずさ、仁科百華、中森玲子、姫野ゆうり、沖田杏梨、上原保奈美、JULIA、西條るり、春菜はな、杏美月、西川りおん,https://www.javbus.com/MKCK-080,
MBYD-174 義母奴隷 総集編,MBYD-174 義母奴隷 総集編,MBYD-174,,2013-11-10,478分鐘,,溜池ゴロー,溜池ゴロー,義母奴隷,成熟的女人、合集、凌辱、婆婆、DMM獨家,青山葵、かすみりさ、松本まりな、JULIA、芦名未帆（稲森しほり）、青木玲、笠木忍,https://www.javbus.com/MBYD-174,
MKCK-079 高画質日替わりSEX8時間2,MKCK-079 高画質日替わりSEX8時間2,MKCK-079,,2013-11-10,478分鐘,,E-BODY,E-BODY,高画質日替わりSEX,合集、花癡、巨乳、DMM獨家,立川理恵、牧瀬みさ、愛沢有紗、小早川怜子、ティア、尾上若葉、長谷川リホ、椎名ゆな、麻美ゆま、JULIA、星咲優菜、知花メイサ、秋月めい、愛乃なみ、保坂えり、南條ユナ、鶴田かな、愛原さえ、北川エリカ、成瀬心美（ここみ）、里美ゆりあ、桜ここみ、佳山三花、かすみりさ、初音みのり、村上涼子（中村りかこ、黒木菜穂）、風間ゆみ、アンジェ、森ななこ,https://www.javbus.com/MKCK-079,
ATAD-098 終わらない凌辱の日々。望まない絶頂が悔しくて…完全保存版001,ATAD-098 終わらない凌辱の日々。望まない絶頂が悔しくて…完全保存版001,ATAD-098,,2013-11-03,643分鐘,阿川優,アタッカーズ,アタッカーズアンソロジー,○○、凌辱の日々。望まない絶頂が悔しくて…,OL、強姦、合集、女醫生、已婚婦女、凌辱、DMM獨家,みなせ優夏、西野翔、椎名ゆな、JULIA、Maika（MEW）,https://www.javbus.com/ATAD-098,
GAH-005 エロ過ぎるカラダ 8時間SP,GAH-005 エロ過ぎるカラダ 8時間SP,GAH-005,,2013-10-29,476分鐘,,GALLOP,GOAHEAD,,多P、乳房、4小時以上作品、巨乳,月城ルネ、北川美緒、長谷川ゆな、JULIA,https://www.javbus.com/GAH-005,
RKI-287 H・I・J・K・Lカップ！美女と爆乳H-cup以上限定BEST！50人越え16時間,RKI-287 H・I・J・K・Lカップ！美女と爆乳H-cup以上限定BEST！50人越え16時間,RKI-287,,2013-10-19,958分鐘,,ROOKIE,ROOKIE,,合集、美少女、巨乳、DMM獨家、女生,菜月アンナ、二階堂ソフィア、相内リカ、川峰さくら、ベティ・リン、武藤クレア、有沢りさ、仁科百華、JULIA、ましろ杏,https://www.javbus.com/RKI-287,
MIBD-764 犯される女教師8時間,MIBD-764 犯される女教師8時間,MIBD-764,,2013-10-13,480分鐘,,ムーディーズ,MOODYZBest,,強姦、女教師、合集、數位馬賽克、輪姦、凌辱、巨乳、DMM獨家,成宮カナ、水谷心音（藤崎りお）、天海つばさ、めぐり（藤浦めぐ）、周防ゆきこ、里美ゆりあ、大橋未久、さとう遥希、佐山愛、JULIA,https://www.javbus.com/MIBD-764,
RKI-293 高画質 徹底的に犯し尽くす輪姦16時間,RKI-293 高画質 徹底的に犯し尽くす輪姦16時間,RKI-293,,2013-10-13,958分鐘,,ROOKIE,ROOKIE,,強姦、合集、深喉、輪姦、高畫質、巨乳、DMM獨家,初芽里奈、彩音さくら、Nina、青山ローラ、愛原さえ、佐山愛、琥珀うた、北川瞳、羽月希、RUMIKA、双葉かな（大島里奈）、有安真里、HIKARI、北川エリカ、和希さやか、大倉彩音、宮地由梨香、初美沙希、春原未来、朝桐光、沙月由奈、御厨あおい、市川まほ、坂野由梨、沢アリサ、弘前亮子、JULIA、桜花えり、桜りお、成宮カナ、木島るみ、早乙女ルイ、まりか、南ともか、妃悠愛（長澤杏奈、水原里香、木崎祐子）、天海つばさ、横山みれい、水谷心音（藤崎りお）、成瀬心美（ここみ）、里美ゆりあ、黒木いちか（東条かれん）、佐藤みき（佐藤美紀、鈴木志帆）、栗林里莉、水玉レモン、めぐり（藤浦めぐ）、志保、和葉みれい（藤白まき）、大沢美加（廣田まりこ）、かすみりさ、小西那奈、大橋未久、小坂めぐる、水城奈緒、Rio（柚木ティナ）、村上涼子（中村りかこ、黒木菜穂）、二宮沙樹、如月カレン、水元ゆうな、吉沢明歩、松本まりな,https://www.javbus.com/RKI-293,
MVBD-091 体中で飲み干す！3穴ごっくん！中出し28発・アナル29発・ごっくん30発,MVBD-091 体中で飲み干す！3穴ごっくん！中出し28発・アナル29発・ごっくん30発,MVBD-091,,2013-10-13,478分鐘,,エムズビデオグループ,M’svideoGroup,,合集、美少女、數位馬賽克、中出、DMM獨家、肛交、吞精,椎名みくる、さとう遥希、JULIA、羽月希、鈴音りおな、大沢美加（廣田まりこ）、柊ちさと、管野しずか、水城奈緒、つぼみ、石川流花、遥結愛、更田まき、双葉かな（大島里奈）、ほのか美空、西野まお、杏樹紗奈、櫻井ともか、ももかさくら、北川瞳、舞野まや、青山ローラ、香月悠梨、哀川りん、早乙女らぶ、美月、まりか、大堀香奈、安西優子（鈴木なつ）、松山ゆう、妃悠愛（長澤杏奈、水原里香、木崎祐子）、碧しの（篠めぐみ）、瑠菜（安西瑠菜、RUNA）、高城ゆい、つくし（大沢つくし）、横山みれい、桜あい、真木こころ、進藤みく、nao.（小池ひとみ）、相崎真希（美空おんぷ）、浅乃ハルミ、愛沢蓮、みづなれい（みずなれい）、橘ミオン（石川鈴華）、吉沢みなみ、倉本瞳、澤村レイコ（高坂保奈美、高坂ますみ）、愛菜りな、沢尻もも美、川上ゆう（森野雫）、ERIKA（モカ、MOKA）、石原あすか、翼裕香、夏川るい、リナ・ディソン、橘れもん、辻本りょう、星崎アンリ、希内あんな、香椎杏子、雪見紗弥、長谷川なぁみ、浜崎りお（森下えりか、篠原絵梨香）、RiRi、大塚咲（小野沙樹、大滝佐紀）、今野梨乃、木村那美、渡瀬安奈、北原麗子、あんずさき、二宮沙樹、松坂みるく、新井エリー（晶エリー、大沢佑香）、真鍋あや,https://www.javbus.com/MVBD-091,
RKI-288 超豪華S級人気女優48人のデビュー＆初心なSEX16時間,RKI-288 超豪華S級人気女優48人のデビュー＆初心なSEX16時間,RKI-288,,2013-10-13,958分鐘,,ROOKIE,ROOKIE,,潮吹、合集、多P、首次亮相、顏射、DMM獨家,希美まゆ、天海つばさ、里美ゆりあ、椎名ゆな、あいかわ優衣、音羽レオン、桜ここみ、麻美ゆま、ましろ杏、蒼井そら、竹内あい、月野りさ、藤本AYAY、かすみりさ、めぐり（藤浦めぐ）、七海なな、桜木凛、希志あいの、大橋未久、佐山愛、原更紗、初音みのり、つぼみ、Rio（柚木ティナ）、小川あさ美、吉崎直緒、西野翔、吉沢明歩、星アンジェ、茉莉花、恵けい、JULIA、原田明絵、星美りか、上原保奈美、音市美音、佳苗るか、尾上若葉、ティア、結夜、瑠川リナ、春菜はな、横山美雪、加藤なつみ、希崎ジェシカ、雨宮琴音、亜梨,https://www.javbus.com/RKI-288,
MBYD-171 僕だけの巨乳女教師ペット総集編,MBYD-171 僕だけの巨乳女教師ペット総集編,MBYD-171,,2013-10-13,480分鐘,,溜池ゴロー,溜池ゴロー,僕だけの巨乳女教師ペット,女教師、合集、凌辱、羞恥、巨乳、DMM獨家,青山菜々、西條るり、森ななこ、佐山愛、JULIA、夢野まりあ,https://www.javbus.com/MBYD-171,
MIBD-763 超快感！！ 絶品ソープ嬢の極上マット本番 8時間,MIBD-763 超快感！！ 絶品ソープ嬢の極上マット本番 8時間,MIBD-763,,2013-10-13,480分鐘,,ムーディーズ,MOODYZBest,,合集、妓女、姐姐、數位馬賽克、乳液、巨乳、DMM獨家,月城ルネ、木村つな、初芽里奈、綾瀬みなみ、綾瀬れん、星咲ひかる、ももかさくら、乃々果花、里美ゆりあ、JULIA,https://www.javbus.com/MIBD-763,
MIBD-759 Very Best of MOODYZ 2013 上半期傑作選！,MIBD-759 Very Best of MOODYZ 2013 上半期傑作選！,MIBD-759,,2013-10-01,480分鐘,,ムーディーズ,MOODYZBest,VeryBestofMOODYZ,合集、數位馬賽克、輪姦、中出、巨乳、DMM獨家,吉永あかね、立川理恵、尾上若葉、長谷川リホ、成宮カナ、上原保奈美、乃々果花、春原未来、JULIA、つぼみ,https://www.javbus.com/MIBD-759,
MIBD-761 喉奥オナホール酷使！！ 壮絶すぎるイラマチオ8時間,MIBD-761 喉奥オナホール酷使！！ 壮絶すぎるイラマチオ8時間,MIBD-761,,2013-10-01,480分鐘,,ムーディーズ,MOODYZBest,喉奥オナホール酷使！！壮絶すぎるイラマチオ,合集、美少女、數位馬賽克、性奴、深喉、凌辱、DMM獨家、吞精,西野翔、周防ゆきこ、菅野さゆき、鈴木きあら（美空あいり）、琥珀うた、友田彩也香、JULIA、大沢美加（廣田まりこ）、妃悠愛（長澤杏奈、水原里香、木崎祐子）、つぼみ,https://www.javbus.com/MIBD-761,
MIBD-762 感度良好！膣圧ムギュゥ！ 潮吹きセックス100本番8時間,MIBD-762 感度良好！膣圧ムギュゥ！ 潮吹きセックス100本番8時間,MIBD-762,,2013-10-01,480分鐘,,ムーディーズ,MOODYZBest,,放尿、潮吹、合集、美少女、數位馬賽克、DMM獨家,篠原梨織、藤原ひとみ、上原結衣、里美ゆりあ、大橋未久、優希まこと、さとう遥希、琥珀うた、JULIA、若葉くるみ,https://www.javbus.com/MIBD-762,
BIB-082 淫女お姉さんが咥える イヤラしいフェラチオ100連発8時間,BIB-082 淫女お姉さんが咥える イヤラしいフェラチオ100連発8時間,BIB-082,,2013-09-25,478分鐘,,美,美,,蕩婦、口交、合集、淫語、顏射、DMM獨家,蓮実クレア、さくら悠、桐谷ユリア、緋咲アンナ、桜木凛、里美ゆりあ、椎名ひかる、仁科百華、JULIA、鈴音りおな,https://www.javbus.com/BIB-082,
RKI-283 アナルSEX「NG」女優の本当は見せたくないアナル丸見え！16時間,RKI-283 アナルSEX「NG」女優の本当は見せたくないアナル丸見え！16時間,RKI-283,,2013-09-19,958分鐘,,ROOKIE,ROOKIE,,其他戀物癖、合集、4小時以上作品、DMM獨家、肛交,神ユキ、星美りか、原田明絵、優希まこと、前田優希、有村千佳、瑠川リナ、Rio（柚木ティナ）、JULIA、つぼみ,https://www.javbus.com/RKI-283,
MBYD-170 溜池ゴロー2013年上半期総集編全54タイトル8時間,MBYD-170 溜池ゴロー2013年上半期総集編全54タイトル8時間,MBYD-170,,2013-09-13,478分鐘,,溜池ゴロー,溜池ゴロー,溜池ゴロー○年○半期,成熟的女人、合集、已婚婦女、巨乳、DMM獨家,堀内美希、冴島かおり、三浦恵理子、高橋美緒、知世奏、小早川怜子、木村まりえ、西野翔、稲川なつめ、JULIA,https://www.javbus.com/MBYD-170,
MIBD-758 エビ反り絶頂イキ,MIBD-758 エビ反り絶頂イキ,MIBD-758,,2013-09-13,478分鐘,,ムーディーズ,MOODYZBest,,苗條、合集、花癡、數位馬賽克、女上位、巨乳、DMM獨家,藤原ひとみ、内田真由、相澤リナ、大橋未久、小日向みく、さとう遥希、美咲結衣、琥珀うた、仁科百華、JULIA,https://www.javbus.com/MIBD-758,
MBYD-169 悔しいけど勃起する ドラマシーンもしっかり収録！寝取られ作品傑作選！,MBYD-169 悔しいけど勃起する ドラマシーンもしっかり収録！寝取られ作品傑作選！,MBYD-169,,2013-09-13,478分鐘,,溜池ゴロー,溜池ゴロー,,合集、數位馬賽克、出軌、DMM獨家,かすみひかり、音無かおり、杏美月、青木美空、山本美和子、西條るり、さとう遥希、波多野結衣、榊なち、JULIA,https://www.javbus.com/MBYD-169,
MIBD-757 究極のパイズリ すんごい挟射4時間 第2弾,MIBD-757 究極のパイズリ すんごい挟射4時間 第2弾,MIBD-757,,2013-09-13,238分鐘,,ムーディーズ,MOODYZBest,究極のパイズリ,蕩婦、乳交、戀乳癖、數位馬賽克、乳房、巨乳、DMM獨家,大塩友里、綾瀬みなみ、星咲ひかる、桜木莉愛（かじか凛）、菜月アンナ、新山かえで、Hitomi（田中瞳）、乃々果花、佐山愛、JULIA,https://www.javbus.com/MIBD-757,
MIBD-753 スレンダーグラマラス特選4時間,MIBD-753 スレンダーグラマラス特選4時間,MIBD-753,,2013-09-01,238分鐘,,ムーディーズ,MOODYZBest,,苗條、合集、數位馬賽克、乳房、巨乳、DMM獨家,みなせ優夏、七色あん、相澤リナ、峰なゆか、菅野さゆき、さとう遥希、松すみれ、仁科百華、JULIA、水城奈緒,https://www.javbus.com/MIBD-753,
MIBD-751 射精直前の気持ち良いピストン206連発,MIBD-751 射精直前の気持ち良いピストン206連発,MIBD-751,,2013-09-01,478分鐘,,ムーディーズ,MOODYZBest,射精直前の気持ち良いピストン,合集、數位馬賽克、中出、顏射、DMM獨家、肛交,荒木まい、牧瀬みさ、宮地由梨香、更田まき、牧瀬ひかり、新山かえで、里美ゆりあ、大橋未久、さとう遥希、JULIA,https://www.javbus.com/MIBD-751,
MIBD-752 巨乳・結合が目前に迫る迫力アングル100連発！！,MIBD-752 巨乳・結合が目前に迫る迫力アングル100連発！！,MIBD-752,,2013-09-01,238分鐘,,ムーディーズ,MOODYZBest,,乳交、合集、數位馬賽克、女上位、巨乳、DMM獨家、局部特寫,一色百音、坂下梢、西野花梨（小柳まりん、椎名くるみ）、杉崎りか、Hitomi（田中瞳）、菅野さゆき、椎名ゆな、佐山愛、松すみれ、JULIA,https://www.javbus.com/MIBD-752,
JFB-046 迫りくる50人の尻肉！魅惑の顔面騎乗圧迫,JFB-046 迫りくる50人の尻肉！魅惑の顔面騎乗圧迫,JFB-046,,2013-09-01,238分鐘,,Fitch,Fitch,,蕩婦、合集、屁股、數位馬賽克、舔陰、顏面騎乘、DMM獨家,神代みゆ、高下えりか、持田美琴、希本なつ美、水咲カレン、木下若菜、小倉もも、柴咲ゆうり、佐山愛、JULIA,https://www.javbus.com/JFB-046,
BIB-079 美熟女に昇天するまで犯されたい8時間,BIB-079 美熟女に昇天するまで犯されたい8時間,BIB-079,,2013-08-23,478分鐘,,美,美,○○に昇天するまで犯されたい,蕩婦、成熟的女人、濫交、合集、花癡、顏射、DMM獨家,小早川怜子、北川エリカ、愛あいり、里美ゆりあ、青木美空、結城みさ、仁科百華、JULIA、横山みれい、青木玲、椎名ゆな、北条麻妃、川上ゆう（森野雫）、つぼみ、愛咲れいら（原千尋）、水元ゆうな、志保、風間ゆみ、笠木忍、藤本悠麻,https://www.javbus.com/BIB-079,
PPBD-069 S級美巨乳8時間,PPBD-069 S級美巨乳8時間,PPBD-069,,2013-08-11,478分鐘,,OPPAI,OPPAI,,乳交、合集、戀乳癖、乳房、中出、4小時以上作品、巨乳、DMM獨家,桃実、みなせ優夏、及川はるな、大月まゆか、菅野みいな、辻井美穂、さとう遥希、北川瞳、仁科百華、JULIA、知世奏、新山かえで、真木今日子、百花エミリ、白戸もも、水城奈緒、葵ぶるま、Erina、青空小夏、ましろ杏、平山薫、湖南みるく、大堀香奈、瑞乃ありさ,https://www.javbus.com/PPBD-069,
MVBD-087 スーパーBODY×生中出し爆乳勢揃い8時間,MVBD-087 スーパーBODY×生中出し爆乳勢揃い8時間,MVBD-087,,2013-08-11,478分鐘,,エムズビデオグループ,M’svideoGroup,,蕩婦、合集、數位馬賽克、中出、巨乳、DMM獨家,吉川えみり、真木こころ、愛沢蓮、佐田あゆみ、明佐奈（土屋かなこ）、さとう遥希、JULIA、浅乃ハルミ、橘ゆめみ、浜崎りお（森下えりか、篠原絵梨香）、坂本愛海、雪乃しずく、辻さき、高梨風花、七海りん、並木るか（橘ひな）、ERIKA（モカ、MOKA）、大塚咲（小野沙樹、大滝佐紀）、水森あおい、小坂めぐる、香椎杏子、橘れもん、鮎川なお、吉沢みなみ、辻本りょう、杏樹紗奈、ももかさくら、北川瞳、羽月希、松山ゆう、高城ゆい、横山みれい、桜あい、須真杏里（須真杏理）、橘ミオン（石川鈴華）、大島あいる,https://www.javbus.com/MVBD-087,
SCF-037 パイズリ天国100人8時間,SCF-037 パイズリ天国100人8時間,SCF-037,,2013-08-09,485分鐘,,マルクス兄弟,MARXBrothersco.,,乳交、戀乳癖、巨乳、DMM獨家,葵智美、小西なつみ、安堂ゆう、愛内ゆう、愛あいり、愛実（秋川ルイ）、橘なお（上原海里）、木下若菜、来栖ひなた、北川瞳、山口玲子、里中あきな、ERIKA（モカ、MOKA）、浅倉彩音、はるか悠、来栖ほのか、桃彩ぷりん、山崎まりあ、鈴香音色、長澤あずさ、浅乃ハルミ、朝倉まりあ、青山ゆい、市川亜紀、秋瀬ルミ、秋川りお（美月このみ）、風間ゆみ、翼裕香、佐伯奈々、桜庭小雪、山咲萌、中沢レナ、夏目しおん、若槻尚美、中野愛里、牧野くるみ、中村綾乃、大西ちか、小室アリス、間宮志乃、浅田ちち、黒木みらい、中森玲子、吉沢みなみ、早乙女美奈子、望月ゆみ、福山優、松金めぐみ、大澤あや乃、伊沢美春（伊沢美晴）、漣ゆめ、結城みさ、新垣紗絵、辻さき、宮崎あい、あいぶらん（蜜井とわ）、南沙也香、須真杏里（須真杏理）、さとう遥希、小倉まりも、上条めぐ（三浦芽依）、篠崎アンナ、さくら悠、新山つぐみ、大島あいる、本真ゆり、須藤早紀、EMI、ゆうき真央、藤咲沙耶、武藤クレア、仁科百華、百花エミリ、和久井もも、木咲美琴、藤内麻美、真中ちひろ、水森あおい、浜崎りお（森下えりか、篠原絵梨香）、小坂めぐる、芽衣奈（南芽衣奈）、青木りん、瀬名さくら（藤原史歩）、JULIA、加山なつこ、彩名杏子、水谷桃、志村玲子、白鳥美鈴、星川ヒカル、桃井りか、桜木莉愛（かじか凛）、小向杏奈（桜井麻美）、北原夏美、萩原めぐ、黒木麻衣（花野真衣、SHIHO）、村上涼子（中村りかこ、黒木菜穂）、増田ゆり子、妃乃ひかり、阿部菜津子（福山洋子、織原寧々）,https://www.javbus.com/SCF-037,
MBYD-167 私、実は夫の上司に犯され続けてます…総集編,MBYD-167 私、実は夫の上司に犯され続けてます…総集編,MBYD-167,,2013-08-08,478分鐘,,溜池ゴロー,溜池ゴロー,私、実は夫の上司に犯され続けてます…,強姦、合集、新娘、年輕妻子、出軌、DMM獨家,春日もも、遥めぐみ、吉咲あんり、稲川なつめ、藤咲葵（愛川香織）、岩佐あゆみ、JULIA,https://www.javbus.com/MBYD-167,
MBYD-166 姦欲を掻き立てる極上ボディな女たちの性交8時間,MBYD-166 姦欲を掻き立てる極上ボディな女たちの性交8時間,MBYD-166,,2013-08-08,478分鐘,,溜池ゴロー,溜池ゴロー,,合集、巨乳、DMM獨家,本真ゆり、藤沢芳恵、山本美和子、椎名ゆな、小出遥、佐々木恋海（向井恋）、JULIA、浜崎りお（森下えりか、篠原絵梨香）、愛咲れいら（原千尋）、風間ゆみ、一ノ瀬ルカ、音無かおり、有沢実紗、長澤あずさ、中森玲子、夢野まりあ、星野あかり、芦名未帆（稲森しほり）、葉月奈穂（葉月菜穂）、江波りゅう（RYU)、青山菜々、佐山愛、森ななこ、小早川怜子,https://www.javbus.com/MBYD-166,
BDCLB-013 絶対！！ベスト 癒らしパイズリ 8じかん。,BDCLB-013 絶対！！ベスト 癒らしパイズリ 8じかん。,BDCLB-013,,2013-08-07,477分鐘,,ワープエンタテインメント,Waap,絶対！！ベスト,乳交、合集、高畫質、巨乳,ましろ杏、JULIA、仁科百華、前田優希、秋吉ひな、本真ゆり、舞咲みくに、香月あんな、愛沢有紗,https://www.javbus.com/BDCLB-013,
SCF-036 指入れオナニー50人8時間,SCF-036 指入れオナニー50人8時間,SCF-036,,2013-07-22,481分鐘,,マルクス兄弟,MARXBrothersco.,,DMM獨家、自慰、局部特寫,あすか光希、朝倉ことみ、杏子ゆう、有村千佳、高島恭子、今村美穂、碧しの（篠めぐみ）、和葉みれい（藤白まき）、大隈恵令奈（大隅恵令奈）、一ノ瀬アメリ（美空あやか、栗栖エリカ）、北条麻妃、雫パイン、末永くみ、舞野まや、神谷りの、高倉舞、石川みずき、JULIA、松下ゆうか（愛乃彩音、藤咲ゆうか）、早乙女ルイ、川上ゆう（森野雫）、ERIKA（モカ、MOKA）、北島玲、早川瀬里奈、一戸のぞみ、結城みさ、七緒果帆、永井みき、倉木みお、森井智恵、山口サトコ、西山真里、桃葉、枢木みかん、小西友梨、並木つかさ、来栖ひなた、小滝みい菜、琥珀うた、風間ゆみ、音羽レオン、西野まお、木咲美琴、篠田ゆう、桐岡さつき、北川瞳、三上香里菜、皆瀬ふう花、浅間アリス（黒川メイサ）、小嶋ジュンナ,https://www.javbus.com/SCF-036,
DAZD-050 10人以上の男に犯される大輪姦凌辱8時間,DAZD-050 10人以上の男に犯される大輪姦凌辱8時間,DAZD-050,,2013-07-21,478分鐘,,ダスッ！,ダスッ！,,強姦、合集、DMM獨家、顏射,さくら姫、弘前亮子、宮坂レイア、朋香めい、桜あやめ、松本まりな、北川瞳、JULIA、RUMIKA、水元ゆうな、小日向みく、哀川りん、愛原さえ、坂野由梨、雨宮琴音、Hitomi（田中瞳）、友田真希、美咲恋、長月ラム、牧原れい子、青木玲、桜りお、双葉まみ、双葉あみ、風間ゆみ、霧島あんな、朝桐光、北川エリカ、石川流花、恵けい、妃乃ひかり、大塚咲（小野沙樹、大滝佐紀）、灘坂舞、鮎川なお、岬リサ、花井メイサ、KYOKO、如月カレン、北条麻妃,https://www.javbus.com/DAZD-050,
RKI-272 高画質 ブッチギリに凄い！ぶっかけ16時間,RKI-272 高画質 ブッチギリに凄い！ぶっかけ16時間,RKI-272,,2013-07-14,958分鐘,,ROOKIE,ROOKIE,,合集、高畫質、顏射、DMM獨家,星美りか、彩音さくら、青山ローラ、平子知歌、安西優子（鈴木なつ）、秋吉ひな、希咲あや、仁科百華、哀川りん、成瀬心美（ここみ）、舞野まや、小谷理紗、北川はるか、春木彩奈、更田まき、大石美咲、愛内希、みなともも、河合こころ、石川流花、希咲エマ（HARUKI、加藤はる希）、ASUKA、西尾かおり、秋野千尋、坂野由梨、桐谷ユリア、北川瞳、上原結衣、小日向みく、弘前亮子、椎名ひかる、羽月希、JULIA、結城みさ、まりか、浅唐あく美、木下柚花、杏樹紗奈、愛原さえ、碧しの（篠めぐみ）、小松ひな、天海つばさ、源みいな、美咲恋、つくし（大沢つくし）、今井ひろの、浅乃ハルミ、水谷心音（藤崎りお）、里美ゆりあ、亜梨、横山美雪、黒木いちか（東条かれん）、Alice（鈴木ありす）、みづなれい（みずなれい）、長澤あずさ、笠木忍、美咲みゆ、二宮沙樹、鈴木きあら（美空あいり）、妃悠愛（長澤杏奈、水原里香、木崎祐子）、佐藤みき（佐藤美紀、鈴木志帆）、須真杏里（須真杏理）、希志あいの、花井メイサ、翼裕香、大橋未久、初音みのり、つぼみ、青山菜々、Rio（柚木ティナ）、松本まりな、水元ゆうな、青木玲、Maika（MEW）、愛咲れいら（原千尋）、小川あさ美,https://www.javbus.com/RKI-272,
IDBD-457 鮮明画質でヌキ挿しバッチリ丸見え！IP高画質ハメシロSEX2 8時間,IDBD-457 鮮明画質でヌキ挿しバッチリ丸見え！IP高画質ハメシロSEX2 8時間,IDBD-457,,2013-07-14,478分鐘,,アイデアポケット,アイデアポケットBEST,鮮明画質でヌキ挿しバッチリ丸見え！IP高画質ハメシロSEX,合集、數位馬賽克、DMM獨家,杏樹紗奈、堀咲りあ、菊美かりん、前田かおり、希志あいの、立花美涼、初音みのり、Rio（柚木ティナ）、坂野由梨、JULIA、桐谷ユリア、美雪ありす、星美りか、梨々衣、紺野朋美、百田ゆきな、小暮カレン、柴咲エリカ、相沢恋、佳苗るか、舞咲みくに、安城アンナ、丘咲エミリ、成宮カナ、原田明絵、浅唐あく美、木下柚花、石原莉奈、並木優、冬月かえで、織田真子、KAORI、かすみ果穂、二宮沙樹、愛咲れいら（原千尋）、紗奈、横山美雪、希崎ジェシカ、天海つばさ、今井ひろの、希美まゆ、羽田あい、水谷心音（藤崎りお）、里美ゆりあ、桜ここみ、長谷川ミク、Maika（MEW）,https://www.javbus.com/IDBD-457,
MBYD-164 溜池ゴロー下半期傑作集,MBYD-164 溜池ゴロー下半期傑作集,MBYD-164,,2013-07-11,478分鐘,,溜池ゴロー,溜池ゴロー,溜池ゴロー傑作集,合集、已婚婦女、數位馬賽克、出軌、DMM獨家,上原千尋、春原未来、青木美空、稲川なつめ、さとう遥希、佐山愛、波多野結衣、JULIA、澤村レイコ（高坂保奈美、高坂ますみ）、愛咲れいら（原千尋）、森ななこ、杏美月、青山菜々、江波りゅう（RYU)、夢野まりあ、風間ゆみ、朝霧メイサ,https://www.javbus.com/MBYD-164,
MIBD-740 ドラマシーンも収録で臨場感たっぷり！！その女がレイプされた理由…,MIBD-740 ドラマシーンも収録で臨場感たっぷり！！その女がレイプされた理由…,MIBD-740,,2013-07-11,478分鐘,,ムーディーズ,MOODYZBest,,強姦、美少女、數位馬賽克、輪姦、凌辱、戲劇、DMM獨家,宮地由梨香、初芽里奈、秋野千尋、大橋未久、橘ひなた、春原未来、沙月由奈、さとう遥希、琥珀うた、JULIA、周防ゆきこ、水元ゆうな、村上涼子（中村りかこ、黒木菜穂）、芦名未帆（稲森しほり）、佐山愛、めぐり（藤浦めぐ）、里美ゆりあ、水谷心音（藤崎りお）、天海つばさ、有安真里,https://www.javbus.com/MIBD-740,
ATAD-096 ATTACKERS Anthology.2012,ATAD-096 ATTACKERS Anthology.2012,ATAD-096,,2013-07-04,958分鐘,,アタッカーズ,アタッカーズアンソロジー,ATTACKERSANTHOLOGY,強姦、合集、凌辱、DMM獨家,みなせ優夏、御厨あおい、成宮カナ、織田真子、周防ゆきこ、愛花沙也、麻美ゆま、さとう遥希、JULIA、かすみ果穂、竹内紗里奈、青山菜々、KAORI、芦名未帆（稲森しほり）、愛咲れいら（原千尋）、AIKA（三浦あいか）、麻生早苗、鈴木麻奈美、水元ゆうな、西野翔、川上ゆう（森野雫）、芹沢恋、澤村レイコ（高坂保奈美、高坂ますみ）、朝桐光、夏目優希、橘ひなた、北川瞳、杏樹紗奈、えりりか（片桐えりりか）、椎名ゆな、舞咲みくに,https://www.javbus.com/ATAD-096,
ATKD-198 厳選、美女凌辱 いい女は犯しても美しい 選りすぐり美女16人480分,ATKD-198 厳選、美女凌辱 いい女は犯しても美しい 選りすぐり美女16人480分,ATKD-198,,2013-07-04,478分鐘,,アタッカーズ,AttackersBEST,,強姦、合集、凌辱、DMM獨家,市川まほ、成宮カナ、遥めぐみ、西野翔、竹内紗里奈、椎名ゆな、森ななこ、JULIA、芦名未帆（稲森しほり）、川上ゆう（森野雫）、鈴木麻奈美、青木玲、愛咲れいら（原千尋）、かすみ果穂、麻美ゆま、夏目優希,https://www.javbus.com/ATKD-198,
MIBD-738 スケベ過ぎる！指・玩具ズッボズッボ変態オナニー,MIBD-738 スケベ過ぎる！指・玩具ズッボズッボ変態オナニー,MIBD-738,,2013-07-01,238分鐘,,ムーディーズ,MOODYZBest,,合集、數位馬賽克、女優按摩棒、按摩棒、DMM獨家、自慰,めぐり（藤浦めぐ）、Hitomi（田中瞳）、周防ゆきこ、菅野さゆき、乃々果花、里美ゆりあ、大橋未久、佐山愛、JULIA、つぼみ,https://www.javbus.com/MIBD-738,
JFB-042 揺らして揉んで舐めて吸う！絶品爆乳フルコース,JFB-042 揺らして揉んで舐めて吸う！絶品爆乳フルコース,JFB-042,,2013-06-27,238分鐘,,Fitch,Fitch,,乳交、合集、戀乳癖、數位馬賽克、巨乳、DMM獨家,持田美琴、柚木彩華、希本なつ美、青山菜々、櫻井夕樹、小倉もも、中居ちはる、仁科百華、JULIA、浅倉彩音、栗崎紗理奈、大島あいる、轟ここ、石川しずか、石黒樹里、真琴紀香、寺島志保、有馬ひかり、三枝ゆき、水咲カレン、漣ゆめ、小泉麻由、沢口みき、当真ゆき（桜井マミ）、村上涼子（中村りかこ、黒木菜穂）、青木りん、遥めぐみ、七瀬ゆい（羽田未来）、中森玲子、愛あいり、Hitomi（田中瞳）、橘エレナ、彩佳リリス（藤崎クロエ）、美原咲子、高島恭子、小沢アリス、安藤あかね,https://www.javbus.com/JFB-042,
IDBD-454 どしゃぶり！！IP美女たちの究極の高画質フェラチオBEST16時間！！,IDBD-454 どしゃぶり！！IP美女たちの究極の高画質フェラチオBEST16時間！！,IDBD-454,,2013-06-27,958分鐘,,アイデアポケット,アイデアポケットBEST,,口交、合集、數位馬賽克、DMM獨家,星美りか、浅唐あく美、桐谷ユリア、原田明絵、美雪ありす、希美まゆ、希崎ジェシカ、希志あいの、Rio（柚木ティナ）、JULIA、木下柚花、成宮カナ、百田ゆきな、小暮カレン、柴咲エリカ、相沢恋、佳苗るか、舞咲みくに、堀咲りあ、前田かおり、天海つばさ、安城アンナ、丘咲エミリ、冬月かえで、成瀬心美（ここみ）、里美ゆりあ、桜ここみ、長谷川ミク、横山美雪、黒木いちか（東条かれん）、石原莉奈、並木優、かすみりさ、Maika（MEW）、今井ひろの、羽田あい、原更紗、初音みのり、織田真子、KAORI、小川あさ美、かすみ果穂、二宮沙樹、松島かえで,https://www.javbus.com/IDBD-454,
DAZD-049 頭を押さえつけ激しく腰を振る発射寸前の気持ち良すぎるイラマチオ8時間,DAZD-049 頭を押さえつけ激しく腰を振る発射寸前の気持ち良すぎるイラマチオ8時間,DAZD-049,,2013-06-22,478分鐘,,ダスッ！,ダスッ！,,強姦、口交、合集、深喉、DMM獨家,和希さやか、さくら姫、北川エリカ、朋香めい、小川あさ美、まりか、桜りお、管野しずか、成瀬心美（ここみ）、佐藤みき（佐藤美紀、鈴木志帆）、桜あやめ、松本まりな、水玉レモン、須真杏里（須真杏理）、恵けい、KEI、日向ひかる、長月ラム、Hitomi（田中瞳）、愛沢蓮、KYOKO、花井メイサ、鮎川なお、岬リサ、友田真希、水元ゆうな、青木玲、如月カレン、妃乃ひかり、春咲あずみ、乙音奈々、大塚咲（小野沙樹、大滝佐紀）、小坂めぐる、小峰ひなた、雨宮琴音、翼裕香、JULIA、弘前亮子、小日向みく、琥珀うた、希咲あや、彩音さくら、北川瞳、愛原さえ、坂野由梨、希咲エマ（HARUKI、加藤はる希）、石川流花、藤井千沙、鈴音りおな、浅乃ハルミ、宮坂レイア、結希レイナ、横山みれい、美咲恋、RUMIKA、小林さとみ、碧しの（篠めぐみ）,https://www.javbus.com/DAZD-049,
BIB-076 綺麗なお姉さんの完璧なカラダ8時間,BIB-076 綺麗なお姉さんの完璧なカラダ8時間,BIB-076,,2013-06-22,478分鐘,,美,美,,蕩婦、淫語、巨乳、DMM獨家,蓮実クレア、さくら悠、ゆうきさやか、かすみりさ、AIKA、西條るり、愛原さえ、北川瞳、仁科百華、JULIA、元山はるか、大島あいる、綾瀬みなみ、あすか光希、初見果梨奈（星野みかん）、たなか唯、愛沢有紗、緋咲アンナ、浅乃ハルミ、瀬名アスカ、伊東美姫、南りん、杉原桃花、黒木アリサ、愛あいり、森ななこ、ERIKA（モカ、MOKA）、真田春香、浜崎りお（森下えりか、篠原絵梨香）、松嶋れいな、椎名ゆな、北川エリカ、花柄ことり,https://www.javbus.com/BIB-076,
RKI-260 SS級女優 完全露出 16時間 Vol.2,RKI-260 SS級女優 完全露出 16時間 Vol.2,RKI-260,,2013-06-15,958分鐘,,ROOKIE,ROOKIE,露出16時間,野外・露出、合集、凌辱、羞恥、4小時以上作品、DMM獨家,遠藤ななみ、芦名紗希、真木こころ、里美ゆりあ、大橋未久、優希まこと、瑠川リナ、桐岡さつき、仁科百華、大堀香奈、ももかさくら、更田まき、遥結愛、白鳥寿美礼、音市美音、大月まゆか、秋野千尋、水川菜々子、愛原さえ、大石美咲、上原保奈美、菜月アンナ、椎名ゆな、JULIA、瀬奈涼、菅野さゆき、周防ゆきこ、水嶋あずみ、百花エミリ、櫻井ともか、甲斐ミハル、綾瀬るか、中森玲子、美浦秋、佐倉あやめ、七海なな、日向りのあ、神田美穂、佐山愛、常盤りん、灘坂舞、雪見紗弥、浜崎りお（森下えりか、篠原絵梨香）、竹内あい、秋月まりん、風間ゆみ、Hitomi（田中瞳）、大野梨華、星野あかり、天宮まなみ（来嶋ゆきな）、西野翔、滝沢優奈、青木玲、水元ゆうな、星ありす、蒼井そら、夕樹舞子、牧原れい子、笠木忍,https://www.javbus.com/RKI-260,
MIBD-733 ノーハンドフェラチオ4時間,MIBD-733 ノーハンドフェラチオ4時間,MIBD-733,,2013-06-13,238分鐘,,ムーディーズ,MOODYZBest,,口交、其他戀物癖、合集、DMM獨家,佐々木香里奈、美咲恋、相原れな（三浦加奈、篠原リョウ）、宇佐美なな、里美ゆりあ、中山エリス、友田彩也香、JULIA、雫パイン、つぼみ,https://www.javbus.com/MIBD-733,
MBYD-162 快楽に溺れた女教師8時間総集編,MBYD-162 快楽に溺れた女教師8時間総集編,MBYD-162,,2013-06-09,478分鐘,,溜池ゴロー,溜池ゴロー,,女教師、合集、數位馬賽克、DMM獨家,小早川怜子、白石さゆり、伊織涼子、西條るり、森ななこ、立花みずき、JULIA、真白希実、河合律子、村上涼子（中村りかこ、黒木菜穂）、広瀬奈々美（堀口奈津美）、佐山愛、五十川みどり、青山菜々、友田真希、夢野まりあ、松本まりな、沖田杏梨,https://www.javbus.com/MBYD-162,
MKCK-069 高画質 大量潮吹き 絶頂8時間,MKCK-069 高画質 大量潮吹き 絶頂8時間,MKCK-069,,2013-06-09,478分鐘,,E-BODY,E-BODY,,潮吹、合集、花癡、4小時以上作品、高畫質、巨乳、DMM獨家,西山真理、牧瀬みさ、知世奏、小早川怜子、蒼井まなみ、日向リサ、麻美ゆま、さとう遥希、JULIA、浅乃ハルミ、綾瀬れん、姫野ゆうり、ももかさくら、水咲カレン、西條るり、小沢アリス、桜ここみ、恵けい、ERIKA（モカ、MOKA）、辻井美穂、みなせ優夏、成美雪菜、あすか光希、滝川ソフィア、ティア、たなか唯、美月優芽、鶴田かな、知花メイサ,https://www.javbus.com/MKCK-069,
ATAD-095 あなた、許して…。完全保存版003,ATAD-095 あなた、許して…。完全保存版003,ATAD-095,,2013-06-06,1345分鐘,なぎら健造,アタッカーズ,アタッカーズアンソロジー,あなた、許して…。,強姦、合集、已婚婦女、凌辱、4小時以上作品、DMM獨家,愛澄玲花、水咲カレン、KAORI、遥めぐみ、西野翔、小野今日子、森ななこ、JULIA、かすみ果穂、当真ゆき（桜井マミ）、笠木忍、二宮凛,https://www.javbus.com/ATAD-095,
MIBD-730 突いて揺らして下から見上げる！！巨乳騎乗位BEST,MIBD-730 突いて揺らして下から見上げる！！巨乳騎乗位BEST,MIBD-730,,2013-06-01,478分鐘,,ムーディーズ,MOODYZBest,,合集、戀乳癖、數位馬賽克、女上位、4小時以上作品、巨乳、DMM獨家,相澤リナ、藤本リーナ、かすみりさ、周防ゆきこ、菅野さゆき、乃々果花、里美ゆりあ、JULIA、ましろ杏、水城奈緒,https://www.javbus.com/MIBD-730,
21ID-020 鳴沢‘ゴロー’賢一 LEGEND FUCK COLLECTION 4時間,21ID-020 鳴沢‘ゴロー’賢一 LEGEND FUCK COLLECTION 4時間,21ID-020,,2013-05-24,243分鐘,,TMA,TMA,,角色扮演、女教師、合集、已婚婦女、學校泳裝,仁科百華、JULIA、成瀬心美（ここみ）、みづなれい（みずなれい）、つぼみ、星月まゆら、叶麗美,https://www.javbus.com/21ID-020,
RKI-256 高画質SSS級女優100人16時間,RKI-256 高画質SSS級女優100人16時間,RKI-256,,2013-05-19,958分鐘,,ROOKIE,ROOKIE,,合集、中出、高畫質、DMM獨家,宮地由梨香、木村つな、立花樹里亜、鶴田かな、里美ゆりあ、初美沙希、北川美緒、瑠川リナ、麻美ゆま、JULIA,https://www.javbus.com/RKI-256,
BIB-074 綺麗なお姉さんの淫らな腰振りで犯されたい！8時間,BIB-074 綺麗なお姉さんの淫らな腰振りで犯されたい！8時間,BIB-074,,2013-05-19,478分鐘,,美,美,,蕩婦、合集、女上位、DMM獨家,藤本悠麻、花柄ことり、辻愛菜、美咲うらん、愛沢有紗、蓮実クレア、小早川怜子、たなか唯、西條るり、鈴音りおな、元山はるか、初美沙希、春原未来、青木美空、大島あいる、綾瀬みなみ、白川ゆかり、悠月舞、結城みさ、大石美咲、AIKA、坂野由梨、さとう遥希、優木まみ、桐谷ユリア、有村千佳、ゆうきさやか、椎名ひかる、JULIA、緋咲アンナ、さくら悠、あすか光希、川上ゆう（森野雫）、村西まりな、阿利希キリア（阿利希カレラ）、みずほゆき、瑠菜（安西瑠菜、RUNA）、井川ゆい、横山みれい、北条麻妃、伊東美姫、里美ゆりあ、上原カエラ、森ななこ、KYOKO、ERIKA（モカ、MOKA）、大橋未久、風間ゆみ、北川エリカ、長谷川聖那、真田春香、浜崎りお（森下えりか、篠原絵梨香）、村上涼子（中村りかこ、黒木菜穂）、西野翔、滝沢優奈、乃亜（鳥越乃亜）、松嶋れいな、如月カレン、青木玲、水元ゆうな、志保、笠木忍,https://www.javbus.com/BIB-074,
IDBD-446 美脚長身BEST 美麗な長身メリハリBODYとしなやかな脚線美に魅せられる8時間,IDBD-446 美脚長身BEST 美麗な長身メリハリBODYとしなやかな脚線美に魅せられる8時間,IDBD-446,,2013-05-16,478分鐘,,アイデアポケット,アイデアポケットBEST,,合集、高、戀腿癖、數位馬賽克、4小時以上作品、DMM獨家,丘咲エミリ、安城アンナ、梨々衣、桐谷ユリア、美雪ありす、希崎ジェシカ、里美ゆりあ、Rio（柚木ティナ）、坂野由梨、JULIA、舞咲みくに、相沢恋、一ノ瀬アメリ（美空あやか、栗栖エリカ）、羽田あい、桜ここみ、松島かえで、nao.（小池ひとみ）、小川あさ美、原更紗、大橋未久、かすみりさ、冬月かえで、横山美雪、小暮カレン,https://www.javbus.com/IDBD-446,
MIBD-727 Very Best of MOODYZ 2012 下半期傑作選！,MIBD-727 Very Best of MOODYZ 2012 下半期傑作選！,MIBD-727,,2013-05-13,478分鐘,,ムーディーズ,MOODYZBest,VeryBestofMOODYZ,合集、數位馬賽克、DMM獨家,白鳥あすか、荒木まい、宮地由梨香、ティア、橘芹那、里美ゆりあ、一ノ瀬ルカ、さとう遥希、JULIA、澤村レイコ（高坂保奈美、高坂ますみ）,https://www.javbus.com/MIBD-727,
MKCK-067 爆乳限定 高画質セックス40人,MKCK-067 爆乳限定 高画質セックス40人,MKCK-067,,2013-05-11,478分鐘,,E-BODY,E-BODY,E-BODY高画質セックス,合集、戀乳癖、花癡、高畫質、巨乳、DMM獨家,綾瀬みなみ、あすか光希、沙藤ユリ、菅野みいな、大島あいる、来栖ひなた、長澤あずさ、麻美ゆま、北川瞳、JULIA、水咲カレン、湖南みるく、仁科百華、ももかさくら、上原保奈美、沖田杏梨、武藤クレア、青山菜々、杏美月、ERIKA（モカ、MOKA）、松すみれ、春菜はな、菅野さゆき、西條るり、姫野ゆうり、綾瀬れん、辻井美穂、滝川ソフィア、星野来夢、ティア、たなか唯、美月優芽、小早川怜子、新山かえで、愛乃、小島優花、みなせ優夏、及川はるな、瑞乃ありさ,https://www.javbus.com/MKCK-067,
MBYD-159 最後までしゃぶらせて！ 射精寸前の一番気持ちいいフェラチオ4時間,MBYD-159 最後までしゃぶらせて！ 射精寸前の一番気持ちいいフェラチオ4時間,MBYD-159,,2013-05-11,238分鐘,,溜池ゴロー,溜池ゴロー,,成熟的女人、口交、合集、已婚婦女、數位馬賽克、DMM獨家,知世奏、本真ゆり、美泉咲、山本美和子、椎名ゆな、森ななこ、さとう遥希、波多野結衣、JULIA、川上ゆう（森野雫）、佐山愛、浜崎りお（森下えりか、篠原絵梨香）、葉月奈穂（葉月菜穂）、夢野まりあ、松本まりな、鶴田舞,https://www.javbus.com/MBYD-159,
MBYD-160 男どもに犯され続ける人妻たち8時間,MBYD-160 男どもに犯され続ける人妻たち8時間,MBYD-160,,2013-05-11,478分鐘,,溜池ゴロー,溜池ゴロー,,成熟的女人、合集、已婚婦女、數位馬賽克、凌辱、巨乳、DMM獨家,本真ゆり、青山葵、音無かおり、さおり（沙織）、有沢実紗、椎名ゆな、JULIA、中森玲子、澤村レイコ（高坂保奈美、高坂ますみ）、愛咲れいら（原千尋）、森ななこ、川上ゆう（森野雫）、翔田千里、葉月奈穂（葉月菜穂）、芦名未帆（稲森しほり）、青木玲、夢野まりあ、松本まりな、笠木忍、上原千尋,https://www.javbus.com/MBYD-160,
ATKD-196 痴漢総集編4時間 こんな所で…なのに、なのに私ったら…！,ATKD-196 痴漢総集編4時間 こんな所で…なのに、なのに私ったら…！,ATKD-196,,2013-05-03,238分鐘,犬神涼,アタッカーズ,AttackersBEST,こんな所で…なのに、なのに私ったら…！,強姦、合集、已婚婦女、性騷擾、凌辱、DMM獨家,夏目優希、織田真子、西野翔、JULIA、鈴木麻奈美,https://www.javbus.com/ATKD-196,
MIBD-722 ヌルテカ絶品ボディ,MIBD-722 ヌルテカ絶品ボディ,MIBD-722,,2013-05-01,478分鐘,,ムーディーズ,MOODYZBest,,合集、戀乳癖、屁股、數位馬賽克、乳液、4小時以上作品、巨乳、DMM獨家,可愛みくり、花井メイサ、望月けい、KYOKO、小川あさ美、春咲あずみ、仁科百華、JULIA、竹内あい、澄川ロア,https://www.javbus.com/MIBD-722,
MIBD-720 超高画質100本フェラ抜き8時間,MIBD-720 超高画質100本フェラ抜き8時間,MIBD-720,,2013-05-01,478分鐘,,ムーディーズ,MOODYZBest,,口交、合集、數位馬賽克、4小時以上作品、顏射、DMM獨家、吞精,木村つな、亜梨、葵ちひろ、里美ゆりあ、大橋未久、JULIA、羽月希、中森玲子、つぼみ、水元ゆうな,https://www.javbus.com/MIBD-720,
MIBD-723 堕ちるまでのドラマも完全収録！人妻寝取られレイプBEST,MIBD-723 堕ちるまでのドラマも完全収録！人妻寝取られレイプBEST,MIBD-723,,2013-05-01,478分鐘,,ムーディーズ,MOODYZBest,,強姦、合集、已婚婦女、數位馬賽克、凌辱、4小時以上作品、出軌、戲劇、DMM獨家,菅野さゆき、里美ゆりあ、仁科百華、JULIA、羽月希、中森玲子、浅田ちち、澤村レイコ（高坂保奈美、高坂ますみ）、水元ゆうな、風間ゆみ,https://www.javbus.com/MIBD-723,
MIBD-721 極太挿入祭 40本の巨根、8時間。,MIBD-721 極太挿入祭 40本の巨根、8時間。,MIBD-721,,2013-04-25,478分鐘,,ムーディーズ,MOODYZBest,,其他戀物癖、合集、數位馬賽克、性奴、4小時以上作品、DMM獨家、黑人演員,花井メイサ、心有花、瀬織さら、桜みみ、真田春香、常盤りん、大橋未久、長澤あずさ、JULIA、竹内あい、小泉ゆうか、峰なゆか、櫻井ゆうこ、辻本りょう、鈴夏ゆらん、水嶋友穂、武藤クレア、橘ひなた、相原れな（三浦加奈、篠原リョウ）、碧しの（篠めぐみ）、まりか、管野しずか、坂下梢、若葉くるみ、青山菜々、華島彩、麻田有希、さくら結衣、安藤さやか、原小雪、水森れん、鈴木明日香、愛海、愛実（秋川ルイ）、花宮あみ、葵ぶるま、鮎川香織、南波杏,https://www.javbus.com/MIBD-721,
GFT-225 癒しのオッパイお見せします。 1,GFT-225 癒しのオッパイお見せします。 1,GFT-225,,2013-04-17,124分鐘,,GALLOP,GIFT,癒しのオッパイお見せします。,戀乳癖、舔陰、巨乳,ましろ杏、JULIA、真木奏、おかだ梨花、桃宮もか（MOCA）、葵ぶるま、沙羅,https://www.javbus.com/GFT-225,
PPBD-065 爆乳鷲掴み激SEX4時間,PPBD-065 爆乳鷲掴み激SEX4時間,PPBD-065,,2013-04-13,238分鐘,,OPPAI,OPPAI,,乳交、合集、戀乳癖、乳房、巨乳、DMM獨家,三浦奏、知世奏、美月優芽、本真ゆり、桜木莉愛（かじか凛）、新山かえで、橘なお（上原海里）、仁科百華、JULIA、葉月奈穂（葉月菜穂）、鈴宮理恵、星野来夢、青木りん、青山菜々、浜崎りお（森下えりか、篠原絵梨香）、愛実（秋川ルイ）、佐藤みき（佐藤美紀、鈴木志帆）、水森れん、Hitomi（田中瞳）、葵ぶるま、綾瀬みなみ、星崎エミリ、諸星セイラ（百瀬涼）、ましろ杏、松すみれ、朋香めい、SARA、葵えり、大沢かえで、水咲カレン、白戸もも、百花エミリ、真木今日子、木咲美琴、持田美琴、美緒みくる、大月まゆか、菅野みいな、里中あきな,https://www.javbus.com/PPBD-065,
RKI-252 魅惑の授業は蜜の味！憧れの女教師16時間,RKI-252 魅惑の授業は蜜の味！憧れの女教師16時間,RKI-252,,2013-04-13,958分鐘,,ROOKIE,ROOKIE,,女教師、合集、DMM獨家,花井メイサ、相内リカ、かすみりさ、七海なな、小西那奈、原更紗、青木美空、青木りん、愛原さえ、ERIKA（モカ、MOKA）、榊ひなの、星ありす、吉沢明歩、志保、松島かえで、光月夜也（林絵里）、真白希実、希美まゆ、澤村レイコ（高坂保奈美、高坂ますみ）、如月カレン、松嶋れいな、末永あい、桜ここみ、佳山三花、Hitomi（田中瞳）、希崎ジェシカ、横山美雪、美咲みゆ、紗奈、麻田有希、桃野なごみ、浅田ちち、みなみ優羽、北島玲、艶堂しほり（遠藤しおり）、冬月かえで、広瀬奈々美（堀口奈津美）、真田春香、愛実（秋川ルイ）、初音みのり、麻美ゆま、水城奈緒、春咲あずみ、青山菜々、南つかさ、Rio（柚木ティナ）、伊沢千夏、浜崎りお（森下えりか、篠原絵梨香）、乙音奈々、小川あさ美、笠木彩花（笠木あやか）、吉崎直緒、かすみ果穂、村上涼子（中村りかこ、黒木菜穂）、二宮沙樹、西真奈美（米倉夏弥）、西野翔、藤宮櫻花（眞雪ゆん）、芦名ユリア、仁科百華、沙織、麻生めい、大月まゆか、みなせ優夏、坂野由梨、前田かおり、沖田杏梨、秋吉ひな、白戸もも、北川瞳、優希まこと、丘咲エミリ、沢アリサ、武藤クレア、菅野さゆき、西條るり、鈴音りおな、上木奈央、桜花えり、平山薫、橘なお（上原海里）、月城まおら、諸星セイラ（百瀬涼）、小澤マリア、穂花、JULIA、絵色千佳、周防ゆきこ、妃悠愛（長澤杏奈、水原里香、木崎祐子）、瑠菜（安西瑠菜、RUNA）、天海つばさ、春菜はな、松すみれ、ましろ杏、藤本リーナ、梓ユイ、小日向みく、里美ゆりあ,https://www.javbus.com/RKI-252,
MIBD-717 キスしながら求め合うSEX 4時間,MIBD-717 キスしながら求め合うSEX 4時間,MIBD-717,,2013-04-13,238分鐘,,ムーディーズ,MOODYZBest,,合集、數位馬賽克、巨乳、DMM獨家,かすみりさ、二宮沙樹、葵ちひろ、里美ゆりあ、大橋未久、JULIA、鮎川なお、芦名未帆（稲森しほり）、西真奈美（米倉夏弥）、Maika（MEW）,https://www.javbus.com/MIBD-717,
MKCK-065 高画質ベロ絡み接吻ファック8時間,MKCK-065 高画質ベロ絡み接吻ファック8時間,MKCK-065,,2013-04-07,478分鐘,,E-BODY,E-BODY,,其他戀物癖、合集、花癡、4小時以上作品、高畫質、巨乳、DMM獨家,愛沢有紗、一色まりな、小早川怜子、蒼井まなみ、ティア、桜木莉愛（かじか凛）、初音みのり、麻美ゆま、さとう遥希、成瀬心美（ここみ）、かすみりさ、青山菜々、愛乃なみ、星野来夢、里美ゆりあ、愛乃ゆな、秋月めい、日向リサ、愛原さえ、上原保奈美、ゆうきさやか、水咲カレン、椎名ひかる、JULIA、西條るり、北川エリカ、小沢アリス、牧瀬みさ、西山真理、浅乃ハルミ,https://www.javbus.com/MKCK-065,
MKCK-066 イク寸前から発射までの快楽ピストン60連発,MKCK-066 イク寸前から発射までの快楽ピストン60連発,MKCK-066,,2013-04-07,238分鐘,,E-BODY,E-BODY,,其他戀物癖、合集、花癡、巨乳、DMM獨家,杏美月、雨音しおん、真田春香、長澤あずさ、さとう遥希、JULIA、香坂杏奈、澄川ロア、浜崎りお（森下えりか、篠原絵梨香）、松嶋れいな、沙藤ユリ、長谷川杏実（長谷川杏美）、松すみれ、原望美、蒼井まなみ、桜木莉愛（かじか凛）、美月優芽、たなか唯、ティア、今村なつ、星野来夢、綾瀬みなみ、米崎真理、美咲結衣、高城ゆい、乙葉真希、小沢アリス、菅野さゆき、上村あずさ、湖南みるく、すずきりりか、百花エミリ、姫野ゆうり、小鳥遊瀬那、滝川ソフィア、原沢ゆうあ、森ななこ、石黒沙良、高梨風花、川瀬愛美、矢沢もえ、中森玲子、一戸のぞみ、佳山三花、風間ゆみ、宮坂レイア、青空小夏、あいだゆき、一ノ瀬あきら、峰なゆか、鈴木さとみ、羽田夕夏、妃乃ひかり、山田マリコ、小澤マリア、綾瀬メグ、飯島夏希、うるみゆう,https://www.javbus.com/MKCK-066,
MBYD-158 溜池ゴロー上半期傑作集8時間,MBYD-158 溜池ゴロー上半期傑作集8時間,MBYD-158,,2013-04-07,478分鐘,,溜池ゴロー,溜池ゴロー,溜池ゴロー傑作集,成熟的女人、合集、已婚婦女、數位馬賽克、凌辱、DMM獨家,折原ゆかり、かすみりさ、松本まりな、椎名ゆな、長澤あずさ、森ななこ、JULIA、澤村レイコ（高坂保奈美、高坂ますみ）、葉月奈穂（葉月菜穂）、翔田千里、芦名未帆（稲森しほり）、星野あかり、音無かおり、夢野まりあ,https://www.javbus.com/MBYD-158,
MIBD-714 爆乳限定！バックファッカー-乱打ピストン！縦横無尽に激揺れ美爆乳-,MIBD-714 爆乳限定！バックファッカー-乱打ピストン！縦横無尽に激揺れ美爆乳-,MIBD-714,,2013-04-01,358分鐘,,ムーディーズ,MOODYZBest,,合集、戀乳癖、數位馬賽克、4小時以上作品、巨乳、DMM獨家,花井メイサ、波風きら、ベティ・リン、愛実（秋川ルイ）、Hitomi（田中瞳）、乃々果花、灘坂舞、佐山愛、JULIA、澄川ロア,https://www.javbus.com/MIBD-714,
BOIE-013 爆乳歯科助手の胸が当たって勃起しちゃった僕,BOIE-013 爆乳歯科助手の胸が当たって勃起しちゃった僕,BOIE-013,,2013-03-29,98分鐘,,ex,BoinBB,リアル巨乳ドキュメント,乳交、各種職業、巨乳、DMM獨家、打手槍,漣ゆめ、平山薫、JULIA、及川はるな、桜木なち、北嶋あん,https://www.javbus.com/BOIE-013,
MIBD-713 男女が見つめ合って同時にイクSEX4時間,MIBD-713 男女が見つめ合って同時にイクSEX4時間,MIBD-713,,2013-03-28,238分鐘,,ムーディーズ,MOODYZBest,,合集、數位馬賽克、女上位、DMM獨家,青山菜々、里美ゆりあ、大橋未久、小川あさ美、佐山愛、春咲あずみ、JULIA、水城奈緒、竹内あい、鮎川なお、ティア、月城ルネ、石原あおい、青山ローラ、香月悠梨、二宮沙樹、ましろ杏、周防ゆきこ、菅野さゆき、哀川りん、西野翔、西真奈美（米倉夏弥）、妃乃ひかり、青木玲、桃野なごみ、桐原エリカ、Hitomi（田中瞳）、水森れん、花井メイサ、芦名未帆（稲森しほり）、あいだゆあ,https://www.javbus.com/MIBD-713,
JFB-037 ムッチリボディが激しく揺れる射精寸前のガン突き124連発8時間,JFB-037 ムッチリボディが激しく揺れる射精寸前のガン突き124連発8時間,JFB-037,,2013-03-28,478分鐘,,Fitch,Fitch,,合集、戀乳癖、屁股、數位馬賽克、羞恥、巨乳、DMM獨家,青山菜々、小泉麻由、青木りん、小川あさ美、さとう遥希、仁科百華、JULIA、成瀬心美（ここみ）、葉月奈穂（葉月菜穂）、村上涼子（中村りかこ、黒木菜穂）、遥めぐみ、鈴香音色、風間ゆみ、Hitomi（田中瞳）、折原ゆかり、浅倉彩音、佐藤みき（佐藤美紀、鈴木志帆）、愛あいり、中森玲子、七瀬ゆい（羽田未来）、佐山愛、水城奈緒、有馬ひかり、山口玲子、当真ゆき（桜井マミ）、美波奏音、安藤あかね、三枝ゆき、沢口みき、真田春香、寺島志保、杉本亜美、石川しずか、轟ここ、椿みらい、神代みゆ、栗崎紗理奈、希本なつ美、柴咲ゆうり、雪音ありさ、持田美琴、小倉もも、和久井もも、北川瞳、小出遥、高島恭子、真琴紀香、石黒樹里、柚木彩華、櫻井夕樹、中居ちはる、大堀香奈、水咲カレン、橘なお（上原海里）、漣ゆめ、今枝陽子、森山杏菜（森山杏奈）、小沢アリス、彩佳リリス（藤崎クロエ）,https://www.javbus.com/JFB-037,
IDBD-435 働くオンナたちの36SEX8時間,IDBD-435 働くオンナたちの36SEX8時間,IDBD-435,,2013-03-28,478分鐘,,アイデアポケット,アイデアポケットBEST,,角色扮演、合集、各種職業、數位馬賽克、4小時以上作品、DMM獨家,希美まゆ、天海つばさ、今井ひろの、希崎ジェシカ、希志あいの、Rio（柚木ティナ）、木下柚花、吉沢明歩、JULIA、成瀬心美（ここみ）、辻仁美、星美りか、桐谷ユリア、前田かおり、丘咲エミリ、里美ゆりあ、桜ここみ、長谷川ミク、松島かえで、かすみ果穂、芦名未帆（稲森しほり）、小川あさ美、KAORI、初音みのり、原更紗、冬月かえで、並木優、栗林里莉、横山美雪、佳苗るか,https://www.javbus.com/IDBD-435,
BIB-071 爆乳で男を犯す痴女4時間,BIB-071 爆乳で男を犯す痴女4時間,BIB-071,,2013-03-17,238分鐘,,美,美,,蕩婦、乳交、合集、巨乳、DMM獨家,さくら悠、桜木莉愛（かじか凛）、杉原桃花、愛あいり、南りん、長澤あずさ、恵けい、森ななこ、JULIA、浜崎りお（森下えりか、篠原絵梨香）、浅乃ハルミ、かすみりさ、真田春香、一ノ瀬ルカ、大島あいる、綾瀬みなみ、あすか光希、初見果梨奈（星野みかん）、北川瞳、仁科百華、松嶋れいな,https://www.javbus.com/BIB-071,
MIBD-712 魅惑のランジェリーズ 下着に身を包まれた麗しの美女達8時間,MIBD-712 魅惑のランジェリーズ 下着に身を包まれた麗しの美女達8時間,MIBD-712,,2013-03-13,478分鐘,,ムーディーズ,MOODYZBest,,合集、數位馬賽克、DMM獨家、內衣,青山菜々、めぐり（藤浦めぐ）、Hitomi（田中瞳）、乃々果花、大橋未久、長澤あずさ、佐山愛、JULIA、月野りさ、Maika（MEW）,https://www.javbus.com/MIBD-712,
MBYD-156 絶頂寸前の最高に気持ちのいい激ピストン8時間,MBYD-156 絶頂寸前の最高に気持ちのいい激ピストン8時間,MBYD-156,,2013-03-08,478分鐘,,溜池ゴロー,溜池ゴロー,,成熟的女人、合集、已婚婦女、數位馬賽克、出軌、DMM獨家,杏美月、江波りゅう（RYU)、竹内紗里奈、松本まりな、森ななこ、JULIA、紗奈、北条麻妃、浜崎りお（森下えりか、篠原絵梨香）、愛咲れいら（原千尋）、浅倉彩音、葉月奈穂（葉月菜穂）、佐々木恋海（向井恋）、西尾かおり、音無かおり、美泉咲、朝霧メイサ、三井ゆかり、杉本みわ、星野あかり、折原ゆかり,https://www.javbus.com/MBYD-156,
MBYD-155 溜池ゴロー2012年下半期総集編全48タイトル8時間,MBYD-155 溜池ゴロー2012年下半期総集編全48タイトル8時間,MBYD-155,,2013-03-08,478分鐘,,溜池ゴロー,溜池ゴロー,溜池ゴロー○年○半期,成熟的女人、合集、新娘、年輕妻子、數位馬賽克、DMM獨家,青山葵、江波りゅう（RYU)、森ななこ、佐山愛、波多野結衣、榊なち、JULIA、浅倉彩音、澤村レイコ（高坂保奈美、高坂ますみ）、風間ゆみ、竹内紗里奈、杏美月、三井ゆかり、杉本みわ、愛咲れいら（原千尋）、松本まりな、青山菜々、遥めぐみ、有沢実紗、鶴田舞、かすみひかり、愛乃ゆな、上原千尋、音無かおり、春原未来、稲川なつめ、青木美空、一ノ瀬ルカ、本真ゆり、山本美和子、岩佐あゆみ、さとう遥希、佐々木恋海（向井恋）、梨果メリア、結城みさ、朝霧メイサ、吉咲あんり、夢野まりあ,https://www.javbus.com/MBYD-155,
ATKD-193 ATTACKERS 誰か助けてっ…！-ファーストレイプ集2-,ATKD-193 ATTACKERS 誰か助けてっ…！-ファーストレイプ集2-,ATKD-193,,2013-03-01,478分鐘,,アタッカーズ,AttackersBEST,ファーストレイプ集,強姦、合集、各種職業、凌辱、4小時以上作品、DMM獨家,大川ナミ、夏目優希、青山菜々、西野翔、小野今日子、竹内紗里奈、小川あさ美、JULIA、Maika（MEW）、鈴木麻奈美、市川たづな、椎名ひかる、愛澄玲花、宇佐美なな、杏樹紗奈、えりりか（片桐えりりか）、市川まほ、石川流花、愛花沙也、志保,https://www.javbus.com/ATKD-193,
JFB-035 爆乳から美巨乳までムッチリ極上パイズリ8時間,JFB-035 爆乳から美巨乳までムッチリ極上パイズリ8時間,JFB-035,,2013-02-23,478分鐘,,Fitch,Fitch,,乳交、合集、戀乳癖、數位馬賽克、乳房、泳裝、DMM獨家,杏美月、波風きら、青山菜々、佐山愛、北川瞳、JULIA、北条アミ、水城奈緒、村上涼子（中村りかこ、黒木菜穂）、風間ゆみ、小泉ありさ、流川純、北原夏美、七瀬ゆい（羽田未来）、中森玲子、愛あいり、佐藤みき（佐藤美紀、鈴木志帆）、折原ゆかり、Hitomi（田中瞳）、片岡梨沙、青木りん、葉月奈穂（葉月菜穂）、山口玲子、美原咲子、高島恭子、小沢アリス、漣ゆめ、櫻井夕樹、仁科百華、柚木彩華、持田美琴、希本なつ美、栗崎紗理奈、本真ゆり、椿みらい、石川しずか、寺島志保、有馬ひかり、三枝ゆき、鈴香音色,https://www.javbus.com/JFB-035,
IDBD-428 A女E女 寝ても覚めても忘れられないイイ女達のプラチナクラスSEX 8時間FUCK★,IDBD-428 A女E女 寝ても覚めても忘れられないイイ女達のプラチナクラスSEX 8時間FUCK★,IDBD-428,,2013-02-23,478分鐘,,アイデアポケット,アイデアポケットBEST,,合集、數位馬賽克、4小時以上作品、DMM獨家,羽田あい、長谷川ミク、希崎ジェシカ、上原カエラ、伊東エリ、冬月かえで、原更紗、初音みのり、並木優、綾瀬しおり、横山美雪、桜ここみ、里美ゆりあ、麻生香月、松島かえで、吉沢明歩、nao.（小池ひとみ）、あいだゆあ、恋小夜、前嶋美歩、浅唐あく美、JULIA、有沢りさ、桐谷ユリア、前田かおり、坂野由梨、立花美涼、夏希アンジュ、丘咲エミリ、安城アンナ、愛咲れいら（原千尋）、芦名未帆（稲森しほり）、小川あさ美、Rio（柚木ティナ）、穂花,https://www.javbus.com/IDBD-428,
BIB-068 痴女お姉さんの接吻と性交8時間,BIB-068 痴女お姉さんの接吻と性交8時間,BIB-068,,2013-02-17,478分鐘,,美,美,,蕩婦、合集、DMM獨家,真田春香、初美沙希、さとう遥希、北川瞳、仁科百華、JULIA、水城奈緒、大塚咲（小野沙樹、大滝佐紀）、浜崎りお（森下えりか、篠原絵梨香）、愛咲れいら（原千尋）、森ななこ、伊東美姫、小谷理紗、白川ゆかり、悠月舞、優木まみ、坂野由梨、愛原さえ、ゆうきさやか、椎名ひかる、北川エリカ、あすか光希、笠木忍,https://www.javbus.com/BIB-068,
MIBD-703 極美画質で送る極上スーパーBODY 8時間SP,MIBD-703 極美画質で送る極上スーパーBODY 8時間SP,MIBD-703,,2013-02-13,478分鐘,,ムーディーズ,MOODYZBest,,苗條、合集、數位馬賽克、4小時以上作品、巨乳、DMM獨家,可愛みくり、桜木莉愛（かじか凛）、青山菜々、Hitomi（田中瞳）、乃々果花、里美ゆりあ、JULIA、小坂めぐる、竹内あい、妃乃ひかり,https://www.javbus.com/MIBD-703,
PPBD-063 厳選！爆乳騎乗位アングル4時間,PPBD-063 厳選！爆乳騎乗位アングル4時間,PPBD-063,,2013-02-10,238分鐘,,OPPAI,OPPAI,,其他戀物癖、合集、戀乳癖、女上位、巨乳、DMM獨家,知世奏、本真ゆり、鈴宮理恵、桜木莉愛（かじか凛）、SARA、新山かえで、大島あいる、JULIA、神野みつき、佐藤みき（佐藤美紀、鈴木志帆）、長谷川杏実（長谷川杏美）、ましろ杏、仁科百華、白戸もも、百花エミリ、真木今日子、木咲美琴、響まゆ、辻井美穂、持田美琴、櫻井夕樹、水咲カレン、大沢かえで、沢尻もえ、鮎川みさと、高島恭子、朋香めい、菅野さゆき、川添杏奈、橘なお（上原海里）、平山薫、かえでみく、及川はるな、みなせ優夏、南レイ、星野来夢、青山菜々、水城奈緒、杏美月、佐山愛、森ななこ、中森玲子、長澤あずさ、葵ぶるま、花美ひな、青空小夏、たなか唯、美月優芽、桃実、葉月奈穂（葉月菜穂）、大月まゆか、菅野みいな、星崎エミリ、伊東カンナ、綾瀬みなみ,https://www.javbus.com/PPBD-063,
MKCK-060 高画質日替わりSEX8時間,MKCK-060 高画質日替わりSEX8時間,MKCK-060,,2013-02-07,478分鐘,,E-BODY,E-BODY,高画質日替わりSEX,潮吹、花癡、乳房、4小時以上作品、高畫質、巨乳、DMM獨家,ちとせりこ、星野来夢、愛沢有紗、蒼井まなみ、ティア、桜木莉愛（かじか凛）、長澤あずさ、北川瞳、JULIA、成瀬心美（ここみ）、哀川りん、ゆうきさやか、仁科百華、水咲カレン、武藤クレア、北川エリカ、菅野さゆき、小沢アリス、ましろ杏、さとう遥希、上条めぐ（三浦芽依）、日向リサ、麻生早苗、Erina、佳山三花、中森玲子、森ななこ、かすみりさ、小早川怜子、浅乃ハルミ,https://www.javbus.com/MKCK-060,
MKCK-062 助平な男喰い騎乗位,MKCK-062 助平な男喰い騎乗位,MKCK-062,,2013-02-07,238分鐘,,E-BODY,E-BODY,,蕩婦、苗條、合集、女上位、巨乳、DMM獨家,愛沢有紗、滝川ソフィア、蒼井まなみ、美月優芽、たなか唯、青山沙希、桜木莉愛（かじか凛）、安達亜美、麻美ゆま、JULIA、小鳥遊瀬那、佐々木はるか、ももかさくら、上村あずさ、西條るり、長谷川杏実（長谷川杏美）、菅野さゆき、高城ゆい、ましろ杏、上条めぐ（三浦芽依）、鶴田かな、小峰ひなた、初音みのり、水城奈緒、今村なつ、浅乃ハルミ、アンジェ、宮坂レイア,https://www.javbus.com/MKCK-062,
MIBD-697 くっきりハメシロ＆ばっちりイキ顔,MIBD-697 くっきりハメシロ＆ばっちりイキ顔,MIBD-697,,2013-02-01,238分鐘,,ムーディーズ,MOODYZBest,,苗條、第一人稱攝影、合集、巨乳、DMM獨家,悠希めい、可愛みくり、二宮沙樹、前田優希、さとう遥希、JULIA、水城奈緒、竹内あい、芦名未帆（稲森しほり）、Maika（MEW）,https://www.javbus.com/MIBD-697,
HYAKU-020 100人8時間 AV女優厳選ベスト100,HYAKU-020 100人8時間 AV女優厳選ベスト100,HYAKU-020,,2013-01-24,475分鐘,奥山光輝,ケイ・エム・プロデュース,100人,100人8時間,合集、乳房、4小時以上作品、巨乳,木村つな、神咲詩織、かすみりさ、青木美空、山本美和子、さとう遥希、絵色千佳、JULIA、麻倉憂、川上ゆう（森野雫）、波多野結衣、つぼみ、RUMIKA、風間ゆみ、艶堂しほり（遠藤しおり）、北条麻妃、浜崎りお（森下えりか、篠原絵梨香）、夏目優希、音羽レオン,https://www.javbus.com/HYAKU-020,
BIB-066 美4周年記念 淫乱痴女SPECIAL 108TITLE8時間,BIB-066 美4周年記念 淫乱痴女SPECIAL 108TITLE8時間,BIB-066,,2013-01-20,478分鐘,,美,美,,蕩婦、合集、姐姐、DMM獨家,蓮実クレア、愛あいり、かすみりさ、里美ゆりあ、大橋未久、森ななこ、JULIA、黒木アリサ、紗奈、ERIKA（モカ、MOKA）、優木まみ、さとう遥希、水澤まお（永沢まおみ）、坂野由梨、有村千佳、横山みれい、初見果梨奈（星野みかん）、あすか光希、さくら悠、小谷理紗、一ノ瀬ルカ、青木美空、元山はるか、藤本悠麻、西野翔、愛原さえ、大石美咲、魅麗、みずほゆき、妃悠愛（長澤杏奈、水原里香、木崎祐子）、瑠菜（安西瑠菜、RUNA）、井川ゆい、AIKA、管野しずか、緋咲アンナ、鈴音りおな、椎名ひかる、仁科百華、ゆうきさやか、桐谷ユリア、美咲うらん、滝沢優奈、愛咲れいら（原千尋）、杉原桃花、雨宮琴音、蒼井怜、新名しおり、杏堂なつ（榊れいな）、成瀬心美（ここみ）、瀬名アスカ、浅乃ハルミ、北条麻妃、志保、笠木忍、水元ゆうな、青木玲、如月カレン、松嶋れいな、松生彩、上原カエラ、黒木麻衣（花野真衣、SHIHO）、夏樹あい、星野あかり、鈴木杏里、桜庭ハル、水城奈緒、竹内あい、大塚咲（小野沙樹、大滝佐紀）、真田春香、ayami（赤西涼、まひる）、藤本AYAY,https://www.javbus.com/BIB-066,
BIB-067 発射寸前のものすごく気持ち良い淫口フェラチオ6時間,BIB-067 発射寸前のものすごく気持ち良い淫口フェラチオ6時間,BIB-067,,2013-01-20,358分鐘,,美,美,,蕩婦、口交、合集、DMM獨家,さくら悠、杉原桃花、愛あいり、かすみりさ、松生彩、さとう遥希、仁科百華、黒木アリサ、藤本AYAY、川上ゆう（森野雫）、大橋未久、志保、水元ゆうな、如月カレン、松嶋れいな、新名しおり、椎名ゆな、北条麻妃、浅乃ハルミ、綾瀬美都（内山遥）、伊東美姫、成瀬心美（ここみ）、杏堂なつ（榊れいな）、夏樹あい、愛咲れいら（原千尋）、橘れもん、真田春香、浜崎りお（森下えりか、篠原絵梨香）、星優乃、竹内あい、鈴木杏里、里美ゆりあ、南りん、西野翔、大石美咲、蓮実クレア、美咲うらん、たなか唯、辻愛菜、元山はるか、初美沙希、春原未来、青木美空、小谷理紗、綾瀬みなみ、悠月舞、優木まみ、水澤まお（永沢まおみ）、桐谷ユリア、椎名ひかる、滝沢優奈、JULIA、鈴音りおな、緋咲アンナ、北川エリカ、管野しずか、村西まりな、魅麗、阿利希キリア（阿利希カレラ）、妃悠愛（長澤杏奈、水原里香、木崎祐子）、ももかりん、井川ゆい、横山みれい、小桜沙樹、あゆむ,https://www.javbus.com/BIB-067,
PPBD-061 爆乳ナース8時間,PPBD-061 爆乳ナース8時間,PPBD-061,,2013-01-19,478分鐘,,OPPAI,OPPAI,,护士、合集、戀乳癖、中出、4小時以上作品、巨乳、DMM獨家,榊ひなの、辻さき、Hitomi（田中瞳）、長澤あずさ、青空小夏、鈴香音色、仁科百華、JULIA、竹内結、佐藤みき（佐藤美紀、鈴木志帆）,https://www.javbus.com/PPBD-061,
MVBD-073 ドロ～リ濃い鮮明射精！高画質中出し33連発8時間,MVBD-073 ドロ～リ濃い鮮明射精！高画質中出し33連発8時間,MVBD-073,,2013-01-13,478分鐘,,エムズビデオグループ,M’svideoGroup,,合集、美少女、數位馬賽克、中出、4小時以上作品、巨乳、DMM獨家,更田まき、遥結愛、石川流花、杏樹紗奈、ももかさくら、愛沢蓮、JULIA、羽月希、澤村レイコ（高坂保奈美、高坂ますみ）、浜崎りお（森下えりか、篠原絵梨香）、まりか、松山ゆう、碧しの（篠めぐみ）、高城ゆい、横山みれい、美月、真木こころ、青山ローラ、浅乃ハルミ、希内あんな、北川瞳、nao.（小池ひとみ）,https://www.javbus.com/MVBD-073,
RKI-235 自宅でエッチしよ 美女50人の訪問SEX 16時間,RKI-235 自宅でエッチしよ 美女50人の訪問SEX 16時間,RKI-235,,2013-01-13,958分鐘,,ROOKIE,ROOKIE,,企畫、合集、4小時以上作品、DMM獨家,天海つばさ、かすみりさ、あすか伊央、青山菜々、大橋未久、泉麻那、麻倉憂、月野りさ、雪見紗弥、ひなのりく、里美ゆりあ、桃野なごみ、希美まゆ、北条麻妃、宮坂レイア、鈴香音色、Hitomi（田中瞳）、南波杏、つぼみ、村上涼子（中村りかこ、黒木菜穂）、西野翔、月城ルネ、杏樹紗奈、愛原さえ、上原保奈美、北川瞳、高野千莉、優希まこと、仁科百華、JULIA、大沢美加（廣田まりこ）、美原咲子、ましろ杏、妃乃ひかり、翔田千里、吉沢明歩,https://www.javbus.com/RKI-235,
IDBD-416 女性上位時代サードシーズン 美し過ぎる女達のわがまま騎乗位セックス40人8時間スペシャル！,IDBD-416 女性上位時代サードシーズン 美し過ぎる女達のわがまま騎乗位セックス40人8時間スペシャル！,IDBD-416,,2013-01-13,478分鐘,,アイデアポケット,アイデアポケットBEST,女性上位時代,合集、數位馬賽克、女上位、4小時以上作品、DMM獨家,織田真子、KAORI、希崎ジェシカ、希志あいの、大橋未久、初音みのり、Rio（柚木ティナ）、JULIA、成瀬心美（ここみ）、かすみ果穂、二宮沙樹、冬月かえで、並木優、横山美雪、長谷川ミク、桜ここみ、里美ゆりあ、羽田あい、Erina、希美まゆ、Maika（MEW）、柴咲エリカ、相沢恋、天海つばさ、木下柚花、浅唐あく美、桜りお、原田明絵、星美りか、桐谷ユリア、前田かおり、坂野由梨、立花美涼、梨々衣、成宮カナ、丘咲エミリ、安城アンナ、舞咲みくに、佳苗るか、今井ひろの,https://www.javbus.com/IDBD-416,
MBYD-152 なぜ彼女たちは犯されてしまったのか ドラマシーンもしっかり収録！凌辱作品傑作選！,MBYD-152 なぜ彼女たちは犯されてしまったのか ドラマシーンもしっかり収録！凌辱作品傑作選！,MBYD-152,,2013-01-11,478分鐘,,溜池ゴロー,溜池ゴロー,,成熟的女人、強姦、合集、數位馬賽克、DMM獨家,かすみりさ、遥めぐみ、長澤あずさ、森ななこ、JULIA、中森玲子、北条麻妃、広瀬奈々美（堀口奈津美）、川上ゆう（森野雫）、風間ゆみ、椎名ゆな、真白希実、青山菜々、翔田千里、松本まりな、横山みれい、春日もも、伊織涼子、岩佐あゆみ、青木美空、愛乃ゆな、星野あかり、芦名未帆（稲森しほり）、青木玲,https://www.javbus.com/MBYD-152,
MKCK-059 絶対顔射4時間,MKCK-059 絶対顔射4時間,MKCK-059,,2013-01-11,238分鐘,,E-BODY,E-BODY,,合集、花癡、顏射、巨乳、DMM獨家,伊東菜々、花井メイサ、青木莉子（桜まい、片岡さき）、緋村由衣、初音みのり、小川あさ美、愛原さえ、JULIA、ましろ杏、水城奈緒、大島あいる、小鳥遊瀬那、眞乃かすみ、佐々木はるか、水咲カレン、上村あずさ、菅野さゆき、小林さとみ、真矢ゆき、知世奏、ティア、櫻井ゆうこ、桜ここみ、佐田あゆみ、黒木アリサ、仲村ろみひ、一戸のぞみ、山田マリコ、浅乃ハルミ,https://www.javbus.com/MKCK-059,
MIBD-691 ムチムチ過ぎて服からはみ出たがる豊満なカラダBEST,MIBD-691 ムチムチ過ぎて服からはみ出たがる豊満なカラダBEST,MIBD-691,,2013-01-01,478分鐘,,ムーディーズ,MOODYZBest,,乳交、其他戀物癖、合集、戀乳癖、數位馬賽克、巨乳、DMM獨家,ももかさくら、亜梨、仲村ろみひ、青山菜々、Hitomi（田中瞳）、森ななこ、佐山愛、JULIA、竹内あい、綾乃梓,https://www.javbus.com/MIBD-691,
T28-294 巨乳の歴史15年おっぱい大きい順BEST100 16時間,T28-294 巨乳の歴史15年おっぱい大きい順BEST100 16時間,T28-294,,2012-12-21,959分鐘,,TMA,TMA,,合集、4小時以上作品、巨乳,青木りん、恵けい、仁科百華、JULIA、浜崎りお（森下えりか、篠原絵梨香）,https://www.javbus.com/T28-294,
BIB-065 淫らな責め好きお姉さんの美脚ストッキング6時間,BIB-065 淫らな責め好きお姉さんの美脚ストッキング6時間,BIB-065,,2012-12-16,358分鐘,,美,美,,蕩婦、合集、連褲襪、戀腿癖、4小時以上作品、DMM獨家,上原カエラ、里美ゆりあ、伊東美姫、水澤まお（永沢まおみ）、JULIA、横山みれい、ERIKA（モカ、MOKA）、藤本AYAY、橘れもん、愛咲れいら（原千尋）、優木まみ、悠月舞、白川ゆかり、大島あいる、小谷理紗、大石美咲、桐谷ユリア、管野しずか、北川エリカ、椎名ひかる、仁科百華、ゆうきさやか、北川瞳、青木美空、魅麗、瑠菜（安西瑠菜、RUNA）、真田春香、西野翔、滝沢優奈、松嶋れいな、如月カレン、志保、笠木忍、みずほゆき、阿利希キリア（阿利希カレラ）、蓮実クレア,https://www.javbus.com/BIB-065,
PPBD-060 高画質！敏感おっぱい Hcup以上30名がイキまくり4時間,PPBD-060 高画質！敏感おっぱい Hcup以上30名がイキまくり4時間,PPBD-060,,2012-12-13,239分鐘,,OPPAI,OPPAI,,女教師、合集、戀乳癖、新娘、年輕妻子、高畫質、巨乳、DMM獨家,伊東カンナ、星崎エミリ、本真ゆり、綾瀬みなみ、鈴宮理恵、大沢かえで、花美ひな、菅野みいな、櫻井夕樹、佐山愛、新山かえで、葉月奈穂（葉月菜穂）、青山菜々、浜崎りお（森下えりか、篠原絵梨香）、長澤あずさ、大月まゆか、桃実、橘なお（上原海里）、平山薫、JULIA、水咲カレン、仁科百華、小出遥、木咲美琴、響まゆ、辻井美穂、みなせ優夏、南レイ、Hitomi（田中瞳）,https://www.javbus.com/PPBD-060,
MIBD-685 MOODYZ2012年上半期全タイトル16時間,MIBD-685 MOODYZ2012年上半期全タイトル16時間,MIBD-685,,2012-12-13,958分鐘,,ムーディーズ,MOODYZBest,MOODYZ○○○○年○半期,企畫、合集、數位馬賽克、中出、4小時以上作品、DMM獨家、顏射,菊池空、可愛みくり、りんか、更田まき、牧瀬ひかり、愛内希、さとう遥希、JULIA、みづなれい（みずなれい）、Maika（MEW）,https://www.javbus.com/MIBD-685,
SCF-004 たっぷり見せます！潮吹き40人4時間,SCF-004 たっぷり見せます！潮吹き40人4時間,SCF-004,,2012-12-10,243分鐘,,マルクス兄弟,MARXBrothersco.,,潮吹、手指插入、女優按摩棒,立花樹里亜、朝桐光、青木りん、JULIA、桜りお、樹花凜（七咲楓花）、浅乃ハルミ、愛音まひろ、紗奈、大沢美加（廣田まりこ）、仁科百華、琥珀うた、美咲結衣、武藤クレア、伊沢美春（伊沢美晴）、碧しの（篠めぐみ）、北条麻妃、姫谷りさ、哀川りん、あすか光希、枢木みかん、麻木莉恵、悠月舞、吉川亜希、北川瞳、青木まり、和久井もも、水澤まお（永沢まおみ）、さとう遥希、宇佐美なな、矢吹杏、武井麻希,https://www.javbus.com/SCF-004,
MKCK-056 超乳SEX4時間,MKCK-056 超乳SEX4時間,MKCK-056,,2012-12-09,239分鐘,,E-BODY,E-BODY,,合集、戀乳癖、花癡、超乳、巨乳、DMM獨家,綾瀬みなみ、沖田杏梨、里崎マリヤ、愛実（秋川ルイ）、櫻井ゆうこ、JULIA、紅城まゆ、南沙也香、あいぶらん（蜜井とわ）、羽田夕夏、長澤あずさ、恵けい、桜木莉愛（かじか凛）、大島あいる、菅野みいな、春菜はな、高島恭子、橘なお（上原海里）、西條るり、水咲カレン、仁科百華、上原保奈美、小島優花、高瀬ひとみ,https://www.javbus.com/MKCK-056,
MBYD-149 欲求不満を見透かされて…マッサージで感じてイカされた女達！,MBYD-149 欲求不満を見透かされて…マッサージで感じてイカされた女達！,MBYD-149,,2012-12-09,239分鐘,,溜池ゴロー,溜池ゴロー,,成熟的女人、合集、數位馬賽克、按摩、DMM獨家,杏美月、伊織涼子、JULIA、浅倉彩音、中森玲子、佐藤みき（佐藤美紀、鈴木志帆）、北条麻妃、大塚咲（小野沙樹、大滝佐紀）、村上涼子（中村りかこ、黒木菜穂）、風間ゆみ、折原ゆかり、荒木瞳,https://www.javbus.com/MBYD-149,
MIBD-688 怒涛の肉感！極上BODYとボディコンピタコス4時間スペシャル！,MIBD-688 怒涛の肉感！極上BODYとボディコンピタコス4時間スペシャル！,MIBD-688,,2012-12-09,238分鐘,,ムーディーズ,MOODYZBest,,角色扮演、身體意識、其他戀物癖、合集、數位馬賽克、巨乳、DMM獨家,星咲ひかる、ももかさくら、三ツ星りぼん、亜梨、西野翔、Hitomi（田中瞳）、大橋未久、佐山愛、JULIA、中森玲子、葵えり、泉麻那、RUMIKA、諸星セイラ（百瀬涼）、葵ぶるま,https://www.javbus.com/MIBD-688,
MKCK-055 E-BODY24時間 E-BODY5周年記念作品,MKCK-055 E-BODY24時間 E-BODY5周年記念作品,MKCK-055,,2012-12-09,1438分鐘,,E-BODY,E-BODY,,合集、戀乳癖、高、女上位、巨乳、DMM獨家,あざみねね、あすか光希、上条めぐ（三浦芽依）、井川美保、やまのあかね、かすみりさ、緋村由衣、あいだゆき、桜井エミリ、一戸のぞみ、石黒沙良、仲村ろみひ、小栗涼、黒木アリサ、長澤あずさ、佐田あゆみ、eco、紅城まゆ、本田ゆかり、里崎マリヤ、広瀬ゆな、高梨風花、川瀬愛美、矢沢もえ、梨々花、中森玲子、恵けい、愛沢蓮、小峰ひなた、ASUKA、Erina、真中ゆかり、甲斐ミハル、浅乃ハルミ、石原こと、北条麻妃、吉川えみり、星島ちさ、沢木樹里、伊東美姫、望月けい、亜梨、佳山三花、片岡梨沙、倖田みらい、女池さゆり、桜ここみ、南ナミ、成瀬心美（ここみ）、宮坂レイア、横峰あい、木村彩、風間ゆみ、山田マリコ、小澤マリア、綾瀬メグ、春咲あずみ、水城奈緒、竹内あい、大塚咲（小野沙樹、大滝佐紀）、飯島夏希、森ななこ、水森あおい、小川あさ美、麻生早苗、夏川葵、松嶋れいな、Ryo、黒木麻衣（花野真衣、SHIHO）、峰なゆか、羽田夕夏、櫻井ゆうこ、香坂杏奈、妃乃ひかり、浜崎りお（森下えりか、篠原絵梨香）、一ノ瀬あきら、初音みのり、うるみゆう、坂本愛海、花井メイサ、広瀬奈々美（堀口奈津美）、南沙也香、春風えみ、辻さき、並木るか（橘ひな）、あいぶらん（蜜井とわ）、ERIKA（モカ、MOKA）、真田春香、澄川ロア、高瀬みどり、横山翔子、雨音しおん、紅りんご、宝生優果（羽野理沙）、鈴木さとみ、青木莉子（桜まい、片岡さき）、二宮せりな、椎名ゆな、小鳥遊瀬那、及川はるな、みなせ優夏、小島優花、来栖ひなた、白川ゆかり、菅野みいな、陽菜、成美雪菜、辻井美穂、綾瀬れん、北川瞳、ももかさくら、佐々木はるか、百花エミリ、上原保奈美、沖田杏梨、愛原さえ、眞乃かすみ、さとう遥希、上原もね、鶴田かな、綾瀬みなみ、西山真理、愛乃ゆな、小早川怜子、桜木莉愛（かじか凛）、たなか唯、ティア、愛沢有紗、今村なつ、原望美、安達亜美、沙藤ユリ、大島あいる、北村わか、アンジェ、青山沙希、愛乃、日向リサ、知世奏、秋月めい、滝川ソフィア、美咲結衣、愛実（秋川ルイ）、徠夢、七瀬友梨亜、七葉しほり、高城ゆい、小林さとみ、立花結衣、夏海ナミ、黒澤あみ、塚本渚、乙葉真希、春菜はな、高瀬ひとみ、伊東菜々、青空小夏、沙月みちる、中野愛里、諸星セイラ（百瀬涼）、ましろ杏、宮藤レイコ、松すみれ、高島恭子、朋香めい、真矢ゆき、武藤クレア、上村あずさ、水咲カレン、湖南みるく、仁科百華、ゆうきさやか、哀川りん、すずきりりか、JULIA、椎名ひかる、若菜ちえ、瀬戸みずほ、小沢アリス、菅野さゆき、伊沢美春（伊沢美晴）、仲村美緒、北川エリカ、池田美和子、橘なお（上原海里）、長谷川杏実（長谷川杏美）、西條るり,https://www.javbus.com/MKCK-055,
BOMN-052 フェチに捧ぐ ゆっくりジックリめりこむ乳揉み 4時間 50人,BOMN-052 フェチに捧ぐ ゆっくりジックリめりこむ乳揉み 4時間 50人,BOMN-052,,2012-11-30,239分鐘,,ABC/妄想族,BoinBB/ABC,巨乳スペシャル,合集、戀乳癖、美少女、制服、巨乳、DMM獨家,桜井はづき、小西麻琴、森野いづみ、美月しのぶ、園田セイラ、桜木莉愛（かじか凛）、相奈さゆき、希本なつ美、一ノ瀬ルカ、JULIA,https://www.javbus.com/BOMN-052,
MIRD-117 超絶品BODY ドリーム大乱交 SPECIAL JULIA さとう遥希 椎名ゆな あすか光希,MIRD-117 超絶品BODY ドリーム大乱交 SPECIAL JULIA さとう遥希 椎名ゆな あすか光希,MIRD-117,,2012-11-29,237分鐘,紋℃,ムーディーズ,MOODYZREAL,,濫交、乳交、潮吹、數位馬賽克、高畫質、巨乳、DMM獨家,あすか光希、椎名ゆな、さとう遥希、JULIA,https://www.javbus.com/MIRD-117,
BIB-063 痴女の美巨乳で犯す濃厚パイズリ,BIB-063 痴女の美巨乳で犯す濃厚パイズリ,BIB-063,,2012-11-22,238分鐘,,美,美,,蕩婦、乳交、合集、乳房、巨乳、DMM獨家,蒼井怜、杉原桃花、新名しおり、南りん、長澤あずさ、さとう遥希、JULIA、黒木アリサ、竹内あい、浜崎りお（森下えりか、篠原絵梨香）、伊東美姫、浅乃ハルミ、椎名ゆな、愛あいり、森ななこ、かすみりさ、長谷川聖那、仁科百華、ゆうきさやか、初見果梨奈（星野みかん）、あすか光希、綾瀬みなみ、当真ゆき（桜井マミ）、水城奈緒、真田春香、松嶋れいな,https://www.javbus.com/BIB-063,
RKI-219 凄すぎる美巨乳 大きさ、形、ハリの三拍子そろった完璧なおっぱい16時間,RKI-219 凄すぎる美巨乳 大きさ、形、ハリの三拍子そろった完璧なおっぱい16時間,RKI-219,,2012-11-19,958分鐘,,ROOKIE,ROOKIE,,乳交、合集、戀乳癖、乳房、超乳、巨乳、DMM獨家,Hitomi（田中瞳）、里美ゆりあ、長澤あずさ、桜ここみ、鈴香音色、北川瞳、仁科百華、JULIA、佐藤みき（佐藤美紀、鈴木志帆）、浜崎りお（森下えりか、篠原絵梨香）,https://www.javbus.com/RKI-219,
BOIE-002 光射す爆乳 全身ぬる責めセックス,BOIE-002 光射す爆乳 全身ぬる責めセックス,BOIE-002,,2012-11-16,119分鐘,,ex,BoinBB,リアル巨乳ドキュメント,乳交、戀乳癖、乳液、按摩、巨乳、DMM獨家,小西麻琴、園田セイラ、桜木莉愛（かじか凛）、木咲美琴、菅野みいな、仁科百華、JULIA,https://www.javbus.com/BOIE-002,
IDBD-403 3・2・1イク～！発射間際からチュパチュパレロレロのフェラで大発射！～総勢166人8時間ノンストップ発射オンパレード！！～,IDBD-403 3・2・1イク～！発射間際からチュパチュパレロレロのフェラで大発射！～総勢166人8時間ノンストップ発射オンパレード！！～,IDBD-403,,2012-11-15,478分鐘,,アイデアポケット,アイデアポケットBEST,3・2・1イク～！,口交、合集、數位馬賽克、4小時以上作品、DMM獨家,さとうはるな、亜紗美、松島かえで、吉沢明歩、成瀬心美（ここみ）、かすみ果穂、つぼみ、nao.（小池ひとみ）、宝月ひかる、三津なつみ、天衣みつ、紅音ほたる（秋月杏奈）、金城アンナ、松嶋れいな、実咲つばさ、今井ひろの、希美まゆ、Erina、夏咲まりみ、桃野なごみ、水谷心音（藤崎りお）、松浦ひろみ、麻生香月、麻田有希、優木ルナ、里美ゆりあ、桜あやめ、希崎ジェシカ、横山美雪、黒木いちか（東条かれん）、KEI、上原カエラ、明佐奈（土屋かなこ）、美咲みゆ、初美りおん、北川結衣、橘ミオン（石川鈴華）、栗林里莉、星野梨緒、長谷川リオ、SAORI、松下怜、小沢麻緒、希志あいの、平井綾、宮瀬あきな、夏海碧、楓ひみつ、瀬織さら、村上里沙、千堂ゆりあ、星美織、伊東エリ、岬リサ、大橋未久、小笠原咲、原更紗、宮嶋かれん、愛嶋リーナ、杉崎夏希、白咲ひなの、京野明日香、長谷川なぁみ、初音みのり、海野なつ、美上セリ、綾瀬しおり、歩原らいと、恋小夜、相原るる、辻あずき、冬月かえで、今野梨乃、乙音奈々、伊川なち、徳澤エリカ、島谷小百合、くるみ（未来）、三浦亜沙妃、青山菜々、桐原あずさ（伊藤あずさ）、桜川満月、真壁りの、Rio（柚木ティナ）、Marin.、永井レナ、南国楓、渡瀬安奈、山崎亜美、片瀬まこ、小川あさ美、芦名未帆（稲森しほり）、一ノ瀬カレン、藤本まりな、金城美麗（REINA）、姫野愛、松野ゆい、日向ゆず葉、今井もも、七海菜々、片桐なお、上野美咲、折原まみ、芹沢レイ、中野美奈、桃瀬えみる、二宮沙樹、愛咲れいら（原千尋）、楓アイル、黒沢英里奈（喜田嶋りお）、舞咲みくに、安城アンナ、丘咲エミリ、成宮カナ、紺野朋美、梨々衣、菊美かりん、坂野由梨、前田かおり、杏樹紗奈、桐谷ユリア、有沢りさ、諸星セイラ（百瀬涼）、Maika（MEW）、星美りか、原田明絵、和希あや、辻仁美、JULIA、桜りお、管野しずか、浅唐あく美、木下柚花、泉麻那、朝比奈るい、☆LUNA☆、桐生さくら、RUMIKA、一ノ瀬アメリ（美空あやか、栗栖エリカ）、天海つばさ、碧しの（篠めぐみ）,https://www.javbus.com/IDBD-403,
MVBD-069 100発出しても終わらない4年分から厳選したフェラチオ101連発,MVBD-069 100発出しても終わらない4年分から厳選したフェラチオ101連発,MVBD-069,,2012-11-15,239分鐘,,エムズビデオグループ,M’svideoGroup,,口交、合集、美少女、數位馬賽克、DMM獨家、吞精、打手槍,遥結愛、青山ローラ、ERIKA（モカ、MOKA）、雪見紗弥、早乙女ルイ、橘れもん、石原あすか、新井エリー（晶エリー、大沢佑香）、nao.（小池ひとみ）、川上ゆう（森野雫）、大堀香奈、羽月希、美月、柊ちさと、JULIA、安西優子（鈴木なつ）、早乙女らぶ、進藤みく、真木こころ、哀川りん、舞野まや、北川瞳、鈴音りおな、桜あい、碧しの（篠めぐみ）、瑠菜（安西瑠菜、RUNA）、高城ゆい、つくし（大沢つくし）、横山みれい、妃悠愛（長澤杏奈、水原里香、木崎祐子）、松山ゆう、まりか、大沢美加（廣田まりこ）、管野しずか、西野まお、櫻井ともか、杏樹紗奈、澤村レイコ（高坂保奈美、高坂ますみ）、橘ミオン（石川鈴華）、みづなれい（みずなれい）、緋咲優、石川みずき、ひなのりく、愛沢蓮、沢木樹里、浅乃ハルミ、愛音まひろ、相崎真希（美空おんぷ）、希内あんな、星崎アンリ、織田ルイ、石川流花、妃乃ひかり、愛菜りな、辻本りょう、つぼみ、水城奈緒、乙音奈々、大塚咲（小野沙樹、大滝佐紀）、浜崎りお（森下えりか、篠原絵梨香）,https://www.javbus.com/MVBD-069,
MIBD-679 猛烈な接吻と絡み合う肉体 4時間,MIBD-679 猛烈な接吻と絡み合う肉体 4時間,MIBD-679,,2012-11-13,238分鐘,,ムーディーズ,MOODYZBest,,合集、花癡、數位馬賽克、巨乳、DMM獨家,月城ルネ、西野翔、周防ゆきこ、菅野さゆき、大橋未久、JULIA、哀川りん、芦名未帆（稲森しほり）、西真奈美（米倉夏弥）、青木玲,https://www.javbus.com/MIBD-679,
MIBD-677 激しいピストンで暴れるおっぱい,MIBD-677 激しいピストンで暴れるおっぱい,MIBD-677,,2012-11-13,238分鐘,,ムーディーズ,MOODYZBest,,其他戀物癖、戀乳癖、數位馬賽克、乳房、超乳、巨乳、DMM獨家,白鳥あすか、可愛みくり、みなせ優夏、桜木莉愛（かじか凛）、ももかさくら、牧瀬ひかり、新山かえで、一ノ瀬ルカ、さとう遥希、JULIA,https://www.javbus.com/MIBD-677,
MBYD-148 美熟女36人が見せる日常のエロス8時間 Vol.2,MBYD-148 美熟女36人が見せる日常のエロス8時間 Vol.2,MBYD-148,,2012-11-08,478分鐘,,溜池ゴロー,溜池ゴロー,日常のエロス8時間,成熟的女人、其他戀物癖、合集、4小時以上作品、巨乳、DMM獨家,音無かおり、藤沢芳恵、雨宮真貴、星野あかり、伊織涼子、松本まりな、JULIA、横山みれい、神崎レオナ（七瀬かすみ）、山口玲子、川上ゆう（森野雫）、森ななこ、中森玲子、紗奈、長澤あずさ、風間ゆみ、川嶋菜緒、真矢涼子、沢村麻耶、管野しずか、瀬奈涼、結城みさ、香坂めぐ、江原あけみ（美輪ちあき）、桐岡さつき、荒木瞳、優木明日花、佐々木千香、小出遥、石田れいな、笠木忍,https://www.javbus.com/MBYD-148,
MKCK-053 高画質50本番8時間,MKCK-053 高画質50本番8時間,MKCK-053,,2012-11-08,478分鐘,,E-BODY,E-BODY,,合集、花癡、戀腿癖、高畫質、巨乳、DMM獨家,あすか光希、白川ゆかり、小島優花、眞乃かすみ、沖田杏梨、かすみりさ、さとう遥希、愛原さえ、北川瞳、JULIA、春菜はな、長澤あずさ、菅野さゆき、哀川りん、高城ゆい、ERIKA（モカ、MOKA）、北川エリカ、武藤クレア、小沢アリス、上条めぐ（三浦芽依）、綾瀬みなみ、椎名ひかる、長谷川杏実（長谷川杏美）、椎名ゆな、恵けい、佳山三花、成瀬心美（ここみ）、伊東美姫、Erina、美咲結衣、仁科百華、愛乃ゆな、上原もね、北村わか、アンジェ、青山沙希、日向リサ、秋月めい、西山真理、原望美、来栖ひなた、みなせ優夏、及川はるな、ゆうきさやか、若菜ちえ、瀬戸みずほ、成美雪菜、綾瀬れん,https://www.javbus.com/MKCK-053,
MBYD-147 疼きが止まらない美女限定の絶頂本番ベスト8時間,MBYD-147 疼きが止まらない美女限定の絶頂本番ベスト8時間,MBYD-147,,2012-11-08,478分鐘,,溜池ゴロー,溜池ゴロー,,成熟的女人、合集、4小時以上作品、DMM獨家,かすみりさ、長澤あずさ、森ななこ、JULIA、紗奈、中森玲子、佐藤みき（佐藤美紀、鈴木志帆）、澤村レイコ（高坂保奈美、高坂ますみ）、広瀬奈々美（堀口奈津美）、夢野まりあ、川上ゆう（森野雫）、折原ゆかり、風間ゆみ、榊なち、北条麻妃、椎名ゆな、真白希実、橘エレナ、友田真希、笠木忍、青木玲、浜崎りお（森下えりか、篠原絵梨香）、大塚咲（小野沙樹、大滝佐紀）、水城奈緒、香坂めぐ、伊織涼子、雨宮真貴、梨果メリア、西尾かおり、柏木ゆり、岩佐あゆみ、青木美空、音無かおり、山口玲子、星野あかり、芦名未帆（稲森しほり）、葉月奈穂（葉月菜穂）、松本まりな、翔田千里、春咲あずみ、横山みれい,https://www.javbus.com/MBYD-147,
BOMN-050 激しすぎる乳揺れ騎乗位 揺れる爆乳映像 50人,BOMN-050 激しすぎる乳揺れ騎乗位 揺れる爆乳映像 50人,BOMN-050,,2012-10-27,119分鐘,,ABC/妄想族,BoinBB/ABC,巨乳スペシャル,合集、乳房、女上位、DVD多士爐、超乳、巨乳、DMM獨家,美月優芽、美月しのぶ、桜木莉愛（かじか凛）、新田まなみ、長谷川杏実（長谷川杏美）、真中ちひろ、前田優希、小倉ゆず、JULIA、水城奈緒,https://www.javbus.com/BOMN-050,
JFB-027 揉んで揺らして挟んで楽しむ肉感女優の爆乳8時間,JFB-027 揉んで揺らして挟んで楽しむ肉感女優の爆乳8時間,JFB-027,,2012-10-26,478分鐘,,Fitch,Fitch,,乳交、合集、各種職業、數位馬賽克、4小時以上作品、泳裝、巨乳、DMM獨家,杏美月、折原ゆかり、青山菜々、Hitomi（田中瞳）、青木りん、佐山愛、仁科百華、中森玲子、葉月奈穂（葉月菜穂）、山口玲子、漣ゆめ、本真ゆり、希本なつ美、杉本亜美、北川瞳、柚木彩華、櫻井夕樹、水咲カレン、JULIA、あきな,https://www.javbus.com/JFB-027,
MIBD-675 見下されながら騎乗位で犯された僕。,MIBD-675 見下されながら騎乗位で犯された僕。,MIBD-675,,2012-10-26,478分鐘,,ムーディーズ,MOODYZBest,,蕩婦、合集、淫語、數位馬賽克、性奴、女上位、DMM獨家,かすみりさ、大橋未久、灘坂舞、佐山愛、ましろ杏、千堂ゆりあ、澄川ロア、広瀬奈々美（堀口奈津美）、鮎川なお、芦名未帆（稲森しほり）、葉山リサ、桐原エリカ、里美ゆりあ、Hitomi（田中瞳）、KYOKO、南波杏、青木玲、大塚咲（小野沙樹、大滝佐紀）、鈴木杏里、西真奈美（米倉夏弥）、西野翔、雨宮真貴、優希まこと、小日向みく、相澤リナ、JULIA、藤本リーナ、菅野さゆき、周防ゆきこ、白石美咲、相原れな（三浦加奈、篠原リョウ）、若菜ひかる、天衣みつ,https://www.javbus.com/MIBD-675,
JUSD-445 マドンナ厳選女優のイク瞬間109連発 8時間,JUSD-445 マドンナ厳選女優のイク瞬間109連発 8時間,JUSD-445,,2012-10-25,478分鐘,,マドンナ,Madonna,,成熟的女人、合集、已婚婦女、多P、數位馬賽克、凌辱、4小時以上作品、DMM獨家,橘エレナ、加山なつこ、JULIA、横山みれい、雪見紗弥、柳田やよい、小向杏奈（桜井麻美）、志村玲子、浜崎りお（森下えりか、篠原絵梨香）、樋口冴子（桐島千沙）,https://www.javbus.com/JUSD-445,
HYAKU-015 100人8時間 カワイイ顔したあの娘に生中出し 3 ～巨乳special～,HYAKU-015 100人8時間 カワイイ顔したあの娘に生中出し 3 ～巨乳special～,HYAKU-015,,2012-10-24,475分鐘,TODO,ケイ・エム・プロデュース,100人,100人8時間,合集、中出、4小時以上作品、巨乳,神咲詩織、かすみりさ、木下若菜、椎名ゆな、さとう遥希、愛原さえ、北川瞳、JULIA、羽月希、成瀬心美（ここみ）,https://www.javbus.com/HYAKU-015,
RKI-213 超ド級！！！美熟女100人盛り16時間,RKI-213 超ド級！！！美熟女100人盛り16時間,RKI-213,,2012-10-14,958分鐘,,ROOKIE,ROOKIE,,成熟的女人、合集、DMM獨家,愛田奈々、秋野千尋、伊島香織、朝乃美咲、井川ゆい、岩崎千鶴、長谷川美紅、加山なつこ、水元ゆうな、紫彩乃、翔田千里、北川みなみ、佐伯みずほ、木村真子、みなせ優夏、観月由奈、中園貴代美、当真ゆき（桜井マミ）、吉澤清美（田村みゆき）、青木美空、望月加奈（松沢真理）、星野あかり、大城真澄、黒木小夜子（秀吉小夜子）、松本まりな、葉月奈穂（葉月菜穂）、芦名未帆（稲森しほり）、村上涼子（中村りかこ、黒木菜穂）、矢部寿恵、柳田やよい、倖田李梨（倖田美梨、岩下美季）、雨宮真貴、華山美玲、桐岡さつき、春日もも、松田早紀、宮藤レイコ、蒼井リナ、美原咲子、横山みれい、水嶋あずみ、姫乃えみり、妃悠愛（長澤杏奈、水原里香、木崎祐子）、伊吹稟、高島恭子、さくらい葉菜、伊織涼子、美山蘭子、結城みさ、夏川未来（小春）、管野しずか、持田ルナ、北島玲、櫻井夕樹、JULIA、優木夏、北条美里、北条麻妃、三咲恭子、夢野まりあ、牧原れい子、有沢実紗、時越芙美江、風見京子、風間ゆみ、真白希実、橘エレナ、青木玲、小池絵美子、友田真希、小林里穂、光月夜也（林絵里）、広瀬ゆかり、折原ゆかり、浅倉彩音、竹内順子、相内リカ、滝澤クリスタル、北原夏美、芦沢彩乃、樋口冴子（桐島千沙）、浅井舞香、倉木小夜（村上美咲、樋口啓子）、愛染恭子（青山涼子）、志村玲子、川上ゆう（森野雫）、浜崎りお（森下えりか、篠原絵梨香）、佐藤みき（佐藤美紀、鈴木志帆）、中森玲子、細川まり、澤村レイコ（高坂保奈美、高坂ますみ）、森ななこ、艶堂しほり（遠藤しおり）、芹沢恋、姫野京香、広瀬奈々美（堀口奈津美）、平瀬りょう、大塚咲（小野沙樹、大滝佐紀）,https://www.javbus.com/RKI-213,
MIBD-672 発射寸前の最高に気持い～いフェラチオ,MIBD-672 発射寸前の最高に気持い～いフェラチオ,MIBD-672,,2012-10-13,478分鐘,,ムーディーズ,MOODYZBest,,蕩婦、口交、合集、數位馬賽克、4小時以上作品、巨乳、DMM獨家,春木彩奈、遥結愛、初芽里奈、星咲ひかる、河合こころ、乃々果花、里美ゆりあ、大橋未久、西尾かおり、JULIA,https://www.javbus.com/MIBD-672,
JUSD-442 Madonnaが厳選した100人の女優と一緒にオナニーを楽しむメガ盛り8時間,JUSD-442 Madonnaが厳選した100人の女優と一緒にオナニーを楽しむメガ盛り8時間,JUSD-442,,2012-10-07,478分鐘,,マドンナ,Madonna,,成熟的女人、合集、已婚婦女、數位馬賽克、4小時以上作品、巨乳、DMM獨家、自慰,荒木瞳、伊島香織、鷹宮りょう、森ななこ、春風えみ、JULIA、横山みれい、明星ちかげ、神崎レオナ（七瀬かすみ）、川上ゆう（森野雫）,https://www.javbus.com/JUSD-442,
MKCK-051 絶品BODY×悩殺コスチュームFUCK,MKCK-051 絶品BODY×悩殺コスチュームFUCK,MKCK-051,,2012-10-07,239分鐘,,E-BODY,E-BODY,,角色扮演、蕩婦、合集、巨乳、DMM獨家,小栗涼、愛沢蓮、あのあるる、松生彩、一ノ瀬あきら、JULIA、諸星セイラ（百瀬涼）、横山翔子、坂本愛海、広瀬奈々美（堀口奈津美）、有沢実紗、並木るか（橘ひな）、横峰あい、夏川亜咲、高瀬みどり、星優乃、安達亜美、秋月めい、芹沢もえ、菅野さゆき、福山優、石原こと,https://www.javbus.com/MKCK-051,
WSP-104 挟射責め THE4時間,WSP-104 挟射責め THE4時間,WSP-104,,2012-10-03,236分鐘,,ワープエンタテインメント,S＋,,乳交、合集、高畫質、巨乳,綾瀬みなみ、前田優希、長澤あずさ、恵けい、森ななこ、秋吉ひな、松すみれ、仁科百華、JULIA、横山みれい、水城奈緒,https://www.javbus.com/WSP-104,
MIBD-664 電マで容赦なくイキ殺された女たち116連発,MIBD-664 電マで容赦なくイキ殺された女たち116連発,MIBD-664,,2012-10-01,238分鐘,,ムーディーズ,MOODYZBest,,潮吹、合集、花癡、數位馬賽克、女優按摩棒、DMM獨家,工藤れいか、高梨風花、鷹宮りょう、愛海、逢沢なお（青山れあ）、JULIA、ましろ杏、浅田ちち、つぼみ、鮎川なお,https://www.javbus.com/MIBD-664,
OBST-027 熟れた巨乳の熟年パイズリ狭射セレクション,OBST-027 熟れた巨乳の熟年パイズリ狭射セレクション,OBST-027,,2012-09-30,121分鐘,,ex,お母さん.com,,成熟的女人、乳交、巨乳,本宮リカコ、本多かなめ、楢崎かほり、杉本亜美、佐野るる、伊織涼子、平山薫、JULIA、北原夏美、宮田まり、秋川りお（美月このみ）、有永すずか、藤森綾子、中野彩、立花みずき、池田沙智子、城エレン、宮崎あい、浅田ちち、甲斐ミハル,https://www.javbus.com/OBST-027,
MIBD-668 凄いパイズリ、凄い挟射 ディレクターズカットBEST,MIBD-668 凄いパイズリ、凄い挟射 ディレクターズカットBEST,MIBD-668,,2012-09-28,238分鐘,タイガー小堺,ムーディーズ,MOODYZBest,凄いパイズリ、凄い挟射,乳交、其他戀物癖、合集、戀乳癖、數位馬賽克、單體作品、DMM獨家,菜月アンナ、青山菜々、Hitomi（田中瞳）、菅野さゆき、佐山愛、JULIA,https://www.javbus.com/MIBD-668,
HMGL-079 カンパニー松尾 コンプリート 05 巨乳コスプレ 10時間,HMGL-079 カンパニー松尾 コンプリート 05 巨乳コスプレ 10時間,HMGL-079,,2012-09-23,609分鐘,カンパニー松尾,HMJM,Glamour,○○コンプリート（HMJM）,角色扮演、第一人稱攝影、合集、4小時以上作品、巨乳,倉谷かほ、東条美麗、美神あおい、飯倉美奈子、森元あすか、木下若菜、小嶋ジュンナ、松すみれ、JULIA、横山みれい、南野あかり、牧瀬まな,https://www.javbus.com/HMGL-079,
JUSD-438 水着の美熟女20人8時間 濡れて輝く卑猥なボディ大集合！！,JUSD-438 水着の美熟女20人8時間 濡れて輝く卑猥なボディ大集合！！,JUSD-438,,2012-09-21,478分鐘,,マドンナ,Madonna,,成熟的女人、合集、已婚婦女、數位馬賽克、4小時以上作品、泳裝、巨乳、DMM獨家,竹川綾、雪音ありさ、愛あいり、仁科百華、JULIA、浅倉彩音、中森玲子、成瀬心美（ここみ）、葉月奈穂（葉月菜穂）、芦名未帆（稲森しほり）、愛田奈々、南レイ、相馬亜由花、秋野千尋、伊島香織、優木明日花、椎名ひかる、漣ゆめ、伊沢美春（伊沢美晴）、風間ゆみ,https://www.javbus.com/JUSD-438,
BIB-060 淫乱痴女SEX8時間,BIB-060 淫乱痴女SEX8時間,BIB-060,,2012-09-21,479分鐘,,美,美,淫乱痴女SEX,蕩婦、口交、合集、各種職業、多P、DMM獨家,新名しおり、里美ゆりあ、大橋未久、志保、さとう遥希、JULIA、紗奈、北条麻妃、水元ゆうな、笠木忍、森ななこ、川上ゆう（森野雫）、ERIKA（モカ、MOKA）、かすみりさ、真田春香、浜崎りお（森下えりか、篠原絵梨香）、鈴木杏里、愛咲れいら（原千尋）、如月カレン、西野翔、初美沙希、小谷理紗、あすか光希、悠月舞、水澤まお（永沢まおみ）、愛原さえ、AIKA、大石美咲、桐谷ユリア、北川瞳、妃悠愛（長澤杏奈、水原里香、木崎祐子）、北川エリカ、椎名ひかる、仁科百華、有村千佳、藤本悠麻、松嶋れいな,https://www.javbus.com/BIB-060,
BOMN-048 巨乳イジメ総集編 4時間,BOMN-048 巨乳イジメ総集編 4時間,BOMN-048,,2012-09-17,240分鐘,,ABC/妄想族,BoinBB/ABC,巨乳スペシャル,OL、乳交、戀乳癖、巨乳、DMM獨家,小西麻琴、美月優芽、希本なつ美、立花結衣、菅野みいな、大島あいる、辻井美穂、恵けい、小出遥、JULIA、青空小夏、仁科百華、鮎川まどか,https://www.javbus.com/BOMN-048,
MIBD-662 気持ち良いピストンと射精直後のじっくり長時間お掃除フェラ 107連発,MIBD-662 気持ち良いピストンと射精直後のじっくり長時間お掃除フェラ 107連発,MIBD-662,,2012-09-13,238分鐘,,ムーディーズ,MOODYZBest,,口交、合集、美少女、數位馬賽克、顏射、DMM獨家,春木彩奈、橘芹那、遥結愛、河合こころ、牧瀬ひかり、新山かえで、里美ゆりあ、大橋未久、JULIA、ひなのりく,https://www.javbus.com/MIBD-662,
BOIN-124 揉み4時間50人,BOIN-124 揉み4時間50人,BOIN-124,,2012-09-11,242分鐘,,ex,BoinBB,,戀乳癖、4小時以上作品、巨乳,桜木なち、小泉あずさ、かえでみく、大沢かえで、長谷川杏実（長谷川杏美）、前田優希、小倉ゆず、小出遥、平山薫、JULIA、花蓮、長澤あずさ、山田マリコ、北川瞳、あきな、高沢沙耶、桜井はづき、園田セイラ、一ノ瀬ルカ、相奈さゆき、大島あいる、沙藤ユリ、希本なつ美、菅野みいな、南レイ、持田美琴、辻井美穂、響まゆ、小西麻琴,https://www.javbus.com/BOIN-124,
MKCK-050 ディープキスファック3,MKCK-050 ディープキスファック3,MKCK-050,,2012-09-09,239分鐘,,E-BODY,E-BODY,ディープキスファック,苗條、其他戀物癖、合集、戀乳癖、巨乳、DMM獨家,ももかさくら、佐々木はるか、水咲カレン、沖田杏梨、春菜はな、北川エリカ、長谷川杏実（長谷川杏美）、初音みのり、西條るり、JULIA、日向リサ、西山真理、桜木莉愛（かじか凛）、風間ゆみ、成瀬心美（ここみ）、Erina、愛乃、陽菜、小沢アリス、小島優花、菅野みいな、椎名ゆな,https://www.javbus.com/MKCK-050,
MKCK-049 パイズリ100連発！！,MKCK-049 パイズリ100連発！！,MKCK-049,,2012-09-09,239分鐘,,E-BODY,E-BODY,,乳交、合集、戀乳癖、巨乳、DMM獨家,あざみねね、佐田あゆみ、仲村ろみひ、橘なお（上原海里）、椎名ゆな、長澤あずさ、恵けい、佳山三花、小峰ひなた、ましろ杏、緋村由衣、井川美保、中森玲子、亜梨、片岡梨沙、女池さゆり、二宮せりな、宮坂レイア、星島ちさ、浅乃ハルミ、甲斐ミハル、Erina、伊東美姫、成瀬心美（ここみ）、南ナミ、川瀬愛美、紅りんご、初音みのり、香坂杏奈、小澤マリア、山田マリコ、木村彩、櫻井ゆうこ、羽田夕夏、峰なゆか、広瀬ゆな、鈴木さとみ、花井メイサ、本田ゆかり、紅城まゆ、石黒沙良、愛実（秋川ルイ）、南沙也香、うるみゆう、並木るか（橘ひな）、松嶋れいな、里崎マリヤ、徠夢、中野愛里、桜木莉愛（かじか凛）、及川はるな、辻井美穂、さとう遥希、眞乃かすみ、愛原さえ、北川瞳、瀬戸みずほ、若菜ちえ、哀川りん、みなせ優夏、小島優花、西山真理、北村わか、大島あいる、沙藤ユリ、綾瀬みなみ、上原もね、成美雪菜、陽菜、菅野みいな、白川ゆかり、ゆうきさやか、上条めぐ（三浦芽依）、乙葉真希、朋香めい、高島恭子、塚本渚、立花結衣、七葉しほり、七瀬友梨亜、松すみれ、小沢アリス、宝生優果（羽野理沙）、仁科百華、宮藤レイコ、湖南みるく、水咲カレン、美咲結衣、武藤クレア、椎名ひかる、JULIA、長谷川杏実（長谷川杏美）、仲村美緒、伊沢美春（伊沢美晴）、菅野さゆき、青空小夏,https://www.javbus.com/MKCK-049,
MBYD-143 溜池ゴロー2012年上半期総集編全36タイトル8時間,MBYD-143 溜池ゴロー2012年上半期総集編全36タイトル8時間,MBYD-143,,2012-09-09,478分鐘,,溜池ゴロー,溜池ゴロー,溜池ゴロー○年○半期,成熟的女人、合集、新娘、年輕妻子、數位馬賽克、戲劇、巨乳、DMM獨家,音無かおり、かすみりさ、星野あかり、松本まりな、JULIA、澤村レイコ（高坂保奈美、高坂ますみ）、葉月奈穂（葉月菜穂）、翔田千里、芦名未帆（稲森しほり）、夢野まりあ、森ななこ、島谷愛、宮瀬リコ、新城美稀、藤咲葵（愛川香織）、椎名ゆな、折原ゆかり、長澤あずさ、紗奈、美泉咲,https://www.javbus.com/MBYD-143,
BDREAL-004 REAL SUPER BEST 8時間 8,BDREAL-004 REAL SUPER BEST 8時間 8,BDREAL-004,,2012-09-05,471分鐘,アニー中村,レアルワークス,REAL（レアルワークス）,REALSUPERBEST,潮吹、合集、4小時以上作品、高畫質、顏射,JULIA、桜りお、管野しずか、成瀬心美（ここみ）、みづなれい（みずなれい）、つぼみ、川上ゆう（森野雫）,https://www.javbus.com/BDREAL-004,
MIBD-657 でか尻をバックで犯す4時間,MIBD-657 でか尻をバックで犯す4時間,MIBD-657,,2012-09-01,238分鐘,,ムーディーズ,MOODYZBest,,企畫、其他戀物癖、合集、屁股、數位馬賽克、限時降價、DMM獨家,葉山リサ、かすみりさ、水森れん、真田春香、長澤あずさ、森ななこ、佐山愛、JULIA、樹花凜（七咲楓花）、水城奈緒,https://www.javbus.com/MIBD-657,
FETI-031 爆乳パイズリ 4時間,FETI-031 爆乳パイズリ 4時間,FETI-031,,2012-09-01,238分鐘,,Fetishist/妄想族,Fetishist（Fetishist/妄想族）,,乳交、合集、戀乳癖、限時降價、巨乳,小島エミ、藍原夕妃、小泉ありさ、ayami（赤西涼、まひる）、須藤あゆみ、芽衣奈（南芽衣奈）、橘れもん、七瀬ゆうり、鮎川なお、麻生岬、飯島くらら、桃咲まなみ、ERIKA（モカ、MOKA）、灘坂舞、高瀬七海、早坂めぐ、宮崎あい、あいぶらん（蜜井とわ）、茉莉花、浅田ちち、森ななこ、青井マリ、浜崎りお（森下えりか、篠原絵梨香）、葉月ゆり、小坂めぐる、佐伯奈々、青山ゆい、優木夏、椎名真央、妃乃ひかり、青木りん、さとう和香、恵けい、風間ゆみ、つぼみ、小向杏奈（桜井麻美）、福沢あや、春名えみ、志村玲子、水森あおい、まさき真、青空小夏、今村美穂、JULIA、吉川ゆあ、羽月希、仁科百華、ましろ杏、夏川未来（小春）、牧野絵里、橘なお（上原海里）、前田優希、ももかさくら、真木今日子、京野ゆめ、優花めぐみ、ゆうき真央、さとう遥希、沙藤ユリ、北川瞳、愛川セイラ、宮藤レイコ、西野花梨（小柳まりん、椎名くるみ）、小峰ひなた、葵ぶるま、成瀬心美（ここみ）、神山杏奈、音羽レオン、荒木ありさ（月島うさぎ）、水城奈緒、南沙也香、石川みずき、綾波あすか、松すみれ、真鍋紗愛、楓姫輝、伊東菜々、月嶋美唯、宮坂レイア、ゆうきさやか、上条めぐ（三浦芽依）、辻さき,https://www.javbus.com/FETI-031_2012-09-01,
MIBD-658 射精直前の気持ち良いピストン103連発 第4弾,MIBD-658 射精直前の気持ち良いピストン103連発 第4弾,MIBD-658,,2012-09-01,238分鐘,,ムーディーズ,MOODYZBest,射精直前の気持ち良いピストン,合集、美少女、數位馬賽克、中出、顏射、限時降價、單體作品、DMM獨家,あずみ恋、亜梨、Hitomi（田中瞳）、里美ゆりあ、黒木いちか（東条かれん）、佐山愛、JULIA、みづなれい（みずなれい）、つぼみ、笠木忍,https://www.javbus.com/MIBD-658,
BOMN-047 巨乳輪パイズリ挟射 新フェチモザイク,BOMN-047 巨乳輪パイズリ挟射 新フェチモザイク,BOMN-047,,2012-09-01,119分鐘,,ABC/妄想族,BoinBB/ABC,巨乳スペシャル,乳交、合集、戀乳癖、數位馬賽克、DVD多士爐、限時降價、巨乳、DMM獨家,相奈さゆき、南レイ、鮎川まどか、大沢かえで、長谷川杏実（長谷川杏美）、持田百恵、伊沢美春（伊沢美晴）、栗崎紗理奈、JULIA、あいぶらん（蜜井とわ）、鮎川みさと、七海あい、吉川桃、仲村ろみひ、友野みゆき、宮崎あい、木下レイ、川峰さくら、美月優芽,https://www.javbus.com/BOMN-047,
IDBD-388 Everydayガ～ンシャ！！ザーメンビュンビュン迸る顔面直撃 顔射SEX 8時間,IDBD-388 Everydayガ～ンシャ！！ザーメンビュンビュン迸る顔面直撃 顔射SEX 8時間,IDBD-388,,2012-08-31,478分鐘,,アイデアポケット,アイデアポケットBEST,,合集、數位馬賽克、4小時以上作品、顏射、限時降價、DMM獨家,丘咲エミリ、星美りか、前田かおり、希志あいの、冬月かえで、原更紗、大橋未久、初音みのり、Rio（柚木ティナ）、桜ここみ、横山美雪、希崎ジェシカ、里美ゆりあ、成瀬心美（ここみ）、水谷心音（藤崎りお）、希美まゆ、かすみ果穂、二宮沙樹、天海つばさ、木下柚花、浅唐あく美、JULIA、原田明絵、桐谷ユリア、立花美涼、紺野朋美、成宮カナ、舞咲みくに、佳苗るか、Maika（MEW）、今井ひろの,https://www.javbus.com/IDBD-388,
BIB-057 イヤラしい痴女の絶頂と潮吹き6時間,BIB-057 イヤラしい痴女の絶頂と潮吹き6時間,BIB-057,,2012-08-24,358分鐘,,美,美,,蕩婦、潮吹、合集、淫語、DMM獨家,小谷理紗、夏樹あい、杉原桃花、新名しおり、里美ゆりあ、JULIA、浅乃ハルミ、妃悠愛（長澤杏奈、水原里香、木崎祐子）、大塚咲（小野沙樹、大滝佐紀）、藤本AYAY、悠月舞、さとう遥希、水澤まお（永沢まおみ）、長谷川聖那、小野紗里奈、RUMIKA、小桜沙樹、あゆむ、杏堂なつ（榊れいな）,https://www.javbus.com/BIB-057,
BOIN-121 巨乳女教師の性的個人授業,BOIN-121 巨乳女教師の性的個人授業,BOIN-121,,2012-08-14,121分鐘,,ex,BoinBB,,女教師、乳交、舔陰、巨乳、打手槍,愛内ゆう、河瀬リナ、かえでみく、菅野みいな、JULIA,https://www.javbus.com/BOIN-121,
BBST-034 セルフ乳揉み乳舐めオナニー4時間,BBST-034 セルフ乳揉み乳舐めオナニー4時間,BBST-034,,2012-08-13,241分鐘,,ex,BoinBB,,戀乳癖、巨乳、自慰,愛あいり、里原あみ、飯浜紀香、宝生優果（羽野理沙）、逢沢なお（青山れあ）、愛実（秋川ルイ）、黒川梨花、中森玲子、並木るか（橘ひな）、浅田ちち、上原リナ、吉沢千里、天咲めい、青木りん、乙宮ゆう、佐野るる、仁科百華、JULIA、長谷川杏実（長谷川杏美）、橘なお（上原海里）、まりん、高島恭子、松金めぐみ、真鍋紗愛、森永ひよこ、徠夢、叶彩、門倉真紀、伊東このみ、倉谷果歩,https://www.javbus.com/BBST-034,
MIBD-653 本気でイクための真剣オナニー 4時間,MIBD-653 本気でイクための真剣オナニー 4時間,MIBD-653,,2012-08-13,238分鐘,,ムーディーズ,MOODYZBest,,玩具、潮吹、數位馬賽克、女優按摩棒、單體作品、DMM獨家、自慰,シャンドン萌、あずみしおり、安藤さやか、桃野なごみ、葵ぶるま、里美ゆりあ、JULIA、ましろ杏、星優乃、広瀬奈々美（堀口奈津美）,https://www.javbus.com/MIBD-653,
RKI-200 中出しベストの逸品 ドックドク生中出し100人24時間,RKI-200 中出しベストの逸品 ドックドク生中出し100人24時間,RKI-200,,2012-08-12,1438分鐘,,ROOKIE,ROOKIE,,其他戀物癖、合集、中出、DMM獨家,あすか伊央、長谷川リオ、並樹ゆりあ、北川瞳、浅乃ハルミ、ERIKA（モカ、MOKA）、茅ヶ崎ありす、君野ゆめ、秋麗子、愛咲れいら（原千尋）、北原夏美、浜崎りお（森下えりか、篠原絵梨香）、綾瀬しおり、香坂杏奈、村上里沙、七瀬ゆうり、大葉なな、遠山千里、夏川るい、真琴、樋口冴子（桐島千沙）、千堂ゆりあ、矢田みりあ、ほしのまき、RiRi、MOMO、乙音奈々、芦名未帆（稲森しほり）、藤本まりな、沙雪、楓アイル、上原留華、三津なつみ、nao.（小池ひとみ）、片瀬まこ、清原りょう、今野梨乃、加山なつこ、水野美香、大空あかね、秋菜楓、乙姫みゆ、牧原れい子、水元ゆうな、竹内あい、水城奈緒、広瀬奈々美（堀口奈津美）、西山香菜、鈴音りおな、橘なお（上原海里）、大沢美加（廣田まりこ）、まりか、鈴木きあら（美空あいり）、泉麻那、妃悠愛（長澤杏奈、水原里香、木崎祐子）、亜希菜、碧しの（篠めぐみ）、JULIA、坂野由梨、西城玲華、愛原さえ、本多成実、佐々木はるか、秋本詩音、仁科百華、弘前亮子、武藤クレア、愛沢蓮、上原カエラ、松すみれ、eco、矢沢もえ、伊藤美里、KYOKO、艶堂しほり（遠藤しおり）、小峰ひなた、天宮紗那、楓まお、紺野ひより、一戸のぞみ、Hitomi（田中瞳）、RUMIKA、美月、青空小夏、希内あんな、葵ちひろ、北条麻妃、さくら結衣、長澤あずさ、友亜リノ,https://www.javbus.com/RKI-200,
IDBD-384 淫乱女教師に身を任せよ！ 美人女教師達の誘惑授業 8時間快楽指導！！,IDBD-384 淫乱女教師に身を任せよ！ 美人女教師達の誘惑授業 8時間快楽指導！！,IDBD-384,,2012-08-12,479分鐘,,アイデアポケット,アイデアポケットBEST,誘惑授業,女教師、合集、花癡、數位馬賽克、4小時以上作品、DMM獨家,丘咲エミリ、水谷心音（藤崎りお）、横山美雪、希崎ジェシカ、里美ゆりあ、初音みのり、Rio（柚木ティナ）、吉沢明歩、かすみ果穂、Maika（MEW）、天海つばさ、JULIA,https://www.javbus.com/IDBD-384,
PPBD-054 乳首浮き出るノーブラ4時間,PPBD-054 乳首浮き出るノーブラ4時間,PPBD-054,,2012-08-12,239分鐘,,OPPAI,OPPAI,,乳交、戀乳癖、乳房、巨乳、DMM獨家,白戸もも、みなせ優夏、鈴宮理恵、及川はるな、青山菜々、Hitomi（田中瞳）、橘なお（上原海里）、美緒みくる、葉月奈穂（葉月菜穂）、浜崎りお（森下えりか、篠原絵梨香）、木咲美琴、百花エミリ、仁科百華、JULIA、水城奈緒,https://www.javbus.com/PPBD-054,
AAJB-015 【AV30】強姦のされすぎで意識が朦朧としている女をさらに犯し性処理だけの肉の塊にする！,AAJB-015 【AV30】強姦のされすぎで意識が朦朧としている女をさらに犯し性処理だけの肉の塊にする！,AAJB-015,,2012-08-09,478分鐘,,ダスッ！,AV30,,強姦、輪姦、凌辱、中出、DMM獨家,彩音さくら、花井メイサ、小日向みく、小川あさ美、まりか、琥珀うた、JULIA、成瀬心美（ここみ）、水元ゆうな、青木玲、北川瞳、愛原さえ、坂野由梨,https://www.javbus.com/AAJB-015,
AAJB-008 【AV30】祝AV30周年3穴ごっくん！中出し27発・アナル28発・ごっくん29発,AAJB-008 【AV30】祝AV30周年3穴ごっくん！中出し27発・アナル28発・ごっくん29発,AAJB-008,,2012-08-09,478分鐘,,エムズビデオグループ,AV30,,合集、美少女、中出、DMM獨家、肛交、吞精,杏樹紗奈、真木こころ、青山ローラ、木下千夏、YOKO（楓）、堤詩織、水森あおい、渡瀬安奈、横山みれい、大塚ひな、清原りょう、愛みこ、木村那美、水城奈緒、乙音奈々、MOMO、今野梨乃、花川ひらり、天咲めい、RiRi、姫咲りりあ、真鍋あや、辻本りょう、雪見ほのか、さくら葵、中川瞳、白鳥あきら、矢藤あき、長谷川ちひろ、あんずさき、nao.（小池ひとみ）、星ありす、海老川せり、菅野亜梨沙、小宮奈緒、新井エリー（晶エリー、大沢佑香）、笠木彩花（笠木あやか）、轟絵夢、華美月、沢井真帆、松坂みるく、橘れもん、愛沢蓮、あいの詩、吉沢みなみ、倉本瞳、佐倉あやめ、あいだゆき、石川流花、織田ルイ、浅乃ハルミ、相崎真希（美空おんぷ）、北川瞳、JULIA、松山ゆう、碧しの（篠めぐみ）、高城ゆい、桜あい、星崎アンリ、希内あんな、辻さき、雪乃しずく、リナ・ディソン、長谷川なぁみ、菅野まゆみ、椎名めぐみ、rico、香椎杏子、並樹ゆりあ、浜崎りお（森下えりか、篠原絵梨香）、緒川さら、小坂めぐる、吉川萌、夏川るい、翼裕香、ERIKA（モカ、MOKA）、伊藤結衣、沢尻もも美、坂本愛海、北原麗子、村上里沙、みなもとみいな,https://www.javbus.com/AAJB-008,
WANZ-005 お下品変態指数MAX たっぷり指挿入のオナスぺ 4時間,WANZ-005 お下品変態指数MAX たっぷり指挿入のオナスぺ 4時間,WANZ-005,,2012-08-07,240分鐘,,ワンズファクトリー,WANZ,,其他戀物癖、4小時以上作品、手指插入、自慰,山口サトコ、麻木莉恵、七緒果帆、木咲美琴、来栖ひなた、北川瞳、JULIA、碧しの（篠めぐみ）、早乙女ルイ、風間ゆみ、雫パイン、浅間アリス（黒川メイサ）、西野まお、朝倉ことみ、今村美穂、川上ゆう（森野雫）、結城みさ、高倉舞、皆瀬ふう花、音羽レオン、高島恭子、倉木みお、舞野まや、和葉みれい（藤白まき）,https://www.javbus.com/WANZ-005,
WSP-101 イイオンナ、イラマチオ。 2 4時間,WSP-101 イイオンナ、イラマチオ。 2 4時間,WSP-101,,2012-08-01,242分鐘,,ワープエンタテインメント,S＋,イイオンナ、イラマチオ,口交、深喉、高畫質、顏射,黒木いちか（東条かれん）、椎名ゆな、長澤あずさ、秋吉ひな、春咲あずみ、仁科百華、JULIA、大空かのん、横山みれい、澤村レイコ（高坂保奈美、高坂ますみ）、碧しの（篠めぐみ）、妃悠愛（長澤杏奈、水原里香、木崎祐子）、谷村早苗、優木ひかる、弘前亮子、羽月希、橘ひなた、和葉みれい（藤白まき）、大沢美加（廣田まりこ）、まりか、北川瞳,https://www.javbus.com/WSP-101,
MIBD-652 爆乳アングルフェラチオ4時間,MIBD-652 爆乳アングルフェラチオ4時間,MIBD-652,,2012-08-01,238分鐘,,ムーディーズ,MOODYZBest,,口交、合集、戀乳癖、數位馬賽克、巨乳、DMM獨家,花井メイサ、葵ぶるま、野乃はなの、ベティ・リン、相田紗耶香、辻さき、森ななこ、佐山愛、JULIA、ましろ杏,https://www.javbus.com/MIBD-652,
IDBD-381 THE IP ULTRA BEST 2011 全タイトル凝縮完全収録！ 8時間保存版！！,IDBD-381 THE IP ULTRA BEST 2011 全タイトル凝縮完全収録！ 8時間保存版！！,IDBD-381,,2012-07-28,479分鐘,,アイデアポケット,アイデアポケットBEST,,合集、多P、數位馬賽克、4小時以上作品、顏射、DMM獨家,原田明絵、希崎ジェシカ、希志あいの、大橋未久、黒木いちか（東条かれん）、初音みのり、Rio（柚木ティナ）、JULIA、紗奈、かすみ果穂、横山美雪、里美ゆりあ、成瀬心美（ここみ）、水谷心音（藤崎りお）、Erina、希美まゆ、二宮沙樹、愛咲れいら（原千尋）、Maika（MEW）、天海つばさ、碧しの（篠めぐみ）、木下柚花、浅唐あく美、桐谷ユリア、杏樹紗奈、坂野由梨、菊美かりん、梨々衣、紺野朋美、成宮カナ、安城アンナ、今井ひろの,https://www.javbus.com/IDBD-381,
BIB-055 美巨乳痴女6時間,BIB-055 美巨乳痴女6時間,BIB-055,,2012-07-21,358分鐘,,美,美,,蕩婦、口交、乳交、合集、巨乳、DMM獨家,蒼井怜、杉原桃花、上原カエラ、森ななこ、さとう遥希、仁科百華、JULIA、小峰ひなた、黒木アリサ、ERIKA（モカ、MOKA）、AIKA、北川瞳、ゆうきさやか、鈴音りおな、北川エリカ、鈴木杏里、白川ゆかり、あすか光希、浜崎りお（森下えりか、篠原絵梨香）、浅乃ハルミ、杏堂なつ（榊れいな）、真田春香、松嶋れいな,https://www.javbus.com/BIB-055,
HYAKU-009 100人8時間 イイカラダのオンナ達の極上SEX！！,HYAKU-009 100人8時間 イイカラダのオンナ達の極上SEX！！,HYAKU-009,,2012-07-18,474分鐘,TODO,ケイ・エム・プロデュース,100人,100人8時間,多P、4小時以上作品、巨乳,神咲詩織、辻さき、森ななこ、さとう遥希、JULIA、紗奈、澤村レイコ（高坂保奈美、高坂ますみ）、鈴木さとみ、つぼみ、香坂百合、茉莉花、黒木アリサ、鮎川なお、かすみりさ、浅尾リカ、小坂めぐる、水城奈緒、春咲あずみ、妃乃ひかり、松嶋れいな、長谷川瞳、及川奈央、波多野結衣、鈴香音色、鈴音りおな、吉川ゆあ、仁科百華、木下若菜、北川瞳、真木今日子、愛原さえ、白鳥美玲、星沢ひなの、桜花えり、五十嵐しのぶ、南ともか、有沢実紗、成瀬心美（ここみ）、音羽レオン、宮坂レイア、椎名ゆな、星崎アンリ、松すみれ、亜希菜、高島恭子、村上涼子（中村りかこ、黒木菜穂）,https://www.javbus.com/HYAKU-009,
RKI-195 Rookie’s Best 2011,RKI-195 Rookie’s Best 2011,RKI-195,,2012-07-15,958分鐘,,ROOKIE,ROOKIE,ROOKIE’sBest,企畫、合集、巨乳、DMM獨家,夢川あおい、橋乃いちか、月城れいか、陽菜、Hitomi（田中瞳）、桃瀬えみる、仁科百華、JULIA、新井エリー（晶エリー、大沢佑香）、川上ゆう（森野雫）、北川瞳、雨宮真貴、大沢美加（廣田まりこ）、笠木忍,https://www.javbus.com/RKI-195,
CRAD-056 CROSS2011年全作品集 人気女優のハード作品 36タイトル8時間,CRAD-056 CROSS2011年全作品集 人気女優のハード作品 36タイトル8時間,CRAD-056,,2012-07-15,478分鐘,,クロス,CROSS,,女同性戀、合集、數位馬賽克、DMM獨家、肛交,みなともも、麻木莉恵、菜菜美ねい、さとう遥希、双葉みか、美咲結衣、悠月舞、JULIA、大沢美加（廣田まりこ）、希咲エマ（HARUKI、加藤はる希）、榊なち、山下みう、桐谷あや、水嶋あずみ、小松ひな、水嶋あい、管野しずか、雨宮真貴、篠田ゆう、京野ゆめ、大空彩夏、浅乃ハルミ,https://www.javbus.com/CRAD-056,
MKCK-045 前戯なき戦い4時間,MKCK-045 前戯なき戦い4時間,MKCK-045,,2012-07-12,239分鐘,,E-BODY,E-BODY,,合集、花癡、乳房、巨乳、DMM獨家,愛乃、あざみねね、あすか光希、ももかさくら、沖田杏梨、菅野みいな、辻井美穂、さとう遥希、ERIKA（モカ、MOKA）、成瀬心美（ここみ）、松すみれ、JULIA、水咲カレン、仁科百華、すずきりりか、ましろ杏、若菜ちえ、亜梨、佐々木はるか、桜ここみ,https://www.javbus.com/MKCK-045,
MIBD-647 素人男が憧れのAV女優とパコパコBEST,MIBD-647 素人男が憧れのAV女優とパコパコBEST,MIBD-647,,2012-07-12,238分鐘,,ムーディーズ,MOODYZBest,,企畫、業餘、其他戀物癖、合集、數位馬賽克、單體作品、DMM獨家,美咲恋、緋咲アンナ、西野翔、周防ゆきこ、大橋未久、優希まこと、JULIA、ひなのりく、つぼみ、青木玲、大沢美加（廣田まりこ）、麻倉憂、ましろ杏、月城まおら、桐原エリカ,https://www.javbus.com/MIBD-647,
AAJB-023 【AV30】厳選美ッ痴女性交-究極の快楽に溺れ狂う美女-,AAJB-023 【AV30】厳選美ッ痴女性交-究極の快楽に溺れ狂う美女-,AAJB-023,,2012-07-12,239分鐘,,美,AV30,,蕩婦、合集、DMM獨家,あゆむ、西野翔、大橋未久、志保、森ななこ、鈴音りおな、竹内あい、松嶋れいな、水元ゆうな、笠木忍、里美ゆりあ、成瀬心美（ここみ）、北条麻妃、さとう遥希、仁科百華、JULIA、管野しずか、みずほゆき、小谷理紗,https://www.javbus.com/AAJB-023,
MIBD-646 ノーブラ巨乳4時間,MIBD-646 ノーブラ巨乳4時間,MIBD-646,,2012-06-28,238分鐘,,ムーディーズ,MOODYZBest,,其他戀物癖、合集、戀乳癖、數位馬賽克、巨乳、DMM獨家,綾瀬れん、みなせ優夏、星咲ひかる、ももかさくら、青山菜々、Hitomi（田中瞳）、佐山愛、仁科百華、JULIA、竹内あい、菜月アンナ、三ツ星りぼん、相澤リナ、菅野さゆき、真央♪,https://www.javbus.com/MIBD-646,
IDBD-377 IP美女がイキまくりイカされまくり！ 絶頂ばかり100人8時間,IDBD-377 IP美女がイキまくりイカされまくり！ 絶頂ばかり100人8時間,IDBD-377,,2012-06-28,478分鐘,,アイデアポケット,アイデアポケットBEST,,合集、數位馬賽克、4小時以上作品、DMM獨家,SAORI、星野梨緒、沖田はづき、松下怜、愛嶋リーナ、青山菜々、栗林里莉、紗奈、あいだゆあ、愛咲れいら（原千尋）、水谷心音（藤崎りお）、南波杏、松島かえで、宮坂レイア、AYA、今井ひろの、希美まゆ、三村翔子、黒木いちか（東条かれん）、吉沢明歩、nao.（小池ひとみ）、Erina、松浦ひろみ、麻生香月、成瀬心美（ここみ）、優木ルナ、里美ゆりあ、桜あやめ、希崎ジェシカ、横山美雪、夏咲まりみ、上原カエラ、夏海碧、楓ひみつ、美咲みゆ、初美りおん、北川結衣、明佐奈（土屋かなこ）、小沢麻緒、伊東エリ、辻さき、冬月かえで、春乃花音、岬リサ、吉井玲奈、千堂ゆりあ、神崎みさと、希志あいの、瀬織さら、桃野なごみ、七瀬ゆうり、長谷川リオ、大橋未久、さとうはるな、原更紗、杉崎夏希、京野明日香、初音みのり、美上セリ、歩原らいと、恋小夜、乙音奈々、前嶋美歩、水城奈緒、つぼみ、三浦亜沙妃、Rio（柚木ティナ）、Marin.、山崎亜美、小川あさ美、かすみ果穂、二宮沙樹、Maika（MEW）、舞咲みくに、安城アンナ、和希あや、成宮カナ、紺野朋美、梨々衣、夏希アンジュ、菊美かりん、坂野由梨、杏樹紗奈、桐谷ユリア、有沢りさ、☆LUNA☆、丘咲エミリ、星美りか、辻仁美、JULIA、桜りお、管野しずか、浅唐あく美、木下柚花、碧しの（篠めぐみ）、天海つばさ、一ノ瀬アメリ（美空あやか、栗栖エリカ）、原田明絵、穂花,https://www.javbus.com/IDBD-377,
IDBD-374 GTF☆ グレートティーチャー達のフェラチオ授業8時間！！～授業中にたるんでる生徒はしゃぶっちゃうわよ！！スペシャル☆～,IDBD-374 GTF☆ グレートティーチャー達のフェラチオ授業8時間！！～授業中にたるんでる生徒はしゃぶっちゃうわよ！！スペシャル☆～,IDBD-374,,2012-06-28,479分鐘,,アイデアポケット,アイデアポケットBEST,,女教師、口交、合集、數位馬賽克、4小時以上作品、DMM獨家,美咲みゆ、上原カエラ、松下怜、希志あいの、里美ゆりあ、黒木いちか（東条かれん）、初音みのり、栗林里莉、JULIA、Maika（MEW）、横山美雪、希崎ジェシカ、麻田有希、水谷心音（藤崎りお）、夏咲まりみ、希美まゆ、今井ひろの、松島かえで、瀬織さら、岬リサ、伊東エリ、天海つばさ、有沢りさ、寧々、かすみ果穂、芦名未帆（稲森しほり）、小川あさ美、片瀬まこ、Rio（柚木ティナ）、乙音奈々、恋小夜、綾瀬しおり、美上セリ、原更紗、星美織、吉沢明歩,https://www.javbus.com/IDBD-374,
BBST-033 巨乳・爆乳 徹底的に乳首いじり 決定版4時間 2,BBST-033 巨乳・爆乳 徹底的に乳首いじり 決定版4時間 2,BBST-033,,2012-06-27,242分鐘,,ex,BoinBB,巨乳・爆乳,其他戀物癖、戀乳癖、巨乳,初井てまり、花蓮、桜あい、松金めぐみ、立花結衣、真鍋紗愛、本田ゆかり、持田百恵、中野愛里、叶彩、森永ひよこ、真中ゆかり、愛実（秋川ルイ）、山田マリコ、高島恭子、朋香めい、倉谷果歩、黒沢せりな、櫻井夕樹、大沢かえで、かえでみく、JULIA、長谷川杏実（長谷川杏美）、真中ちひろ、平山薫、新田まなみ、本原純、漣ゆめ、伊沢美春（伊沢美晴）、響まゆ,https://www.javbus.com/BBST-033,
RKI-189 S級女優限界露出 16時間,RKI-189 S級女優限界露出 16時間,RKI-189,,2012-06-16,958分鐘,,ROOKIE,ROOKIE,露出16時間,野外・露出、合集、性奴、羞恥、4小時以上作品、DMM獨家,大石美咲、大月まゆか、菅野さゆき、愛原さえ、あいだゆあ、持田茜（しじみ）、星ありす、水元ゆうな、青木玲、風間ゆみ、水川菜々子、水嶋あずみ、秋野千尋、市川まほ、滝沢優奈、西野翔、白石みさと、天宮まなみ（来嶋ゆきな）、星野あかり、上原保奈美、芦名紗希、櫻井ともか、周防ゆきこ、瑠川リナ、瀬奈涼、橘なお（上原海里）、JULIA、仁科百華、優希まこと、真木こころ、早川瀬里奈、秋月まりん、竹内あい、牧原れい子、甲斐ミハル、夕樹舞子、蒼井そら、笠木忍、Hitomi（田中瞳）、希崎ジェシカ、浜崎りお（森下えりか、篠原絵梨香）、灘坂舞、常盤りん、佐山愛、大橋未久、神田美穂、日向りのあ、七海なな、まりりん、中森玲子、Rinka,https://www.javbus.com/RKI-189,
PPBD-052 爆乳に優しく犯される逆レイプ4時間（PPBD-052）,PPBD-052 爆乳に優しく犯される逆レイプ4時間（PPBD-052）,PPBD-052,,2012-06-16,239分鐘,,OPPAI,OPPAI,,蕩婦、乳交、合集、戀乳癖、高中女生、巨乳、DMM獨家,みなせ優夏、鈴宮理恵、水咲カレン、たかなし愛、Hitomi（田中瞳）、橘なお（上原海里）、平山薫、JULIA、佐藤みき（佐藤美紀、鈴木志帆）、葉月奈穂（葉月菜穂）、SARA、菅野さゆき、朋香めい、花美ひな,https://www.javbus.com/PPBD-052,
MKCK-044 スーパーBODYのド派手潮吹き4時間,MKCK-044 スーパーBODYのド派手潮吹き4時間,MKCK-044,,2012-06-10,239分鐘,,E-BODY,E-BODY,,苗條、潮吹、合集、手指插入、巨乳、DMM獨家,井川美保、倖田みらい、愛沢蓮、緋村由衣、桜井エミリ、辻井美穂、伊東美姫、桜ここみ、さとう遥希、ERIKA（モカ、MOKA）、真中ゆかり、石原こと、川瀬愛美、里崎マリヤ、愛実（秋川ルイ）、諸星セイラ（百瀬涼）、夏海ナミ、乙葉真希、JULIA、水咲カレン、来栖ひなた、Ryo、小川あさ美、高瀬ひとみ,https://www.javbus.com/MKCK-044,
IDBD-366 これが膣！これが質！ 高画質 IP女優美画裸SEX S級美女30名高画質SEX8時間,IDBD-366 これが膣！これが質！ 高画質 IP女優美画裸SEX S級美女30名高画質SEX8時間,IDBD-366,,2012-05-31,479分鐘,,アイデアポケット,アイデアポケットBEST,,合集、數位馬賽克、4小時以上作品、DMM獨家,希美まゆ、天海つばさ、希崎ジェシカ、希志あいの、冬月かえで、原更紗、黒木いちか（東条かれん）、初音みのり、小川あさ美、Rio（柚木ティナ）、横山美雪、里美ゆりあ、成瀬心美（ここみ）、水谷心音（藤崎りお）、今井ひろの、かすみ果穂、二宮沙樹、木下柚花、浅唐あく美、JULIA、原田明絵、桐谷ユリア、菊美かりん、梨々衣、紺野朋美、成宮カナ、安城アンナ、Maika（MEW）、nao.（小池ひとみ）,https://www.javbus.com/IDBD-366,
JFB-021 Fitch2011年全作品集16時間,JFB-021 Fitch2011年全作品集16時間,JFB-021,,2012-05-31,958分鐘,,Fitch,Fitch,,蕩婦、身體意識、合集、戀乳癖、屁股、數位馬賽克、4小時以上作品、DMM獨家,杉本亜美、星野あかり、西野翔、櫻井夕樹、小川あさ美、栗崎紗理奈、結城みさ、仁科百華、黒木麻衣（花野真衣、SHIHO）、村上涼子（中村りかこ、黒木菜穂）、柚木彩華、哀川りん、雨宮真貴、伊島香織、北川瞳、愛原さえ、彩佳リリス（藤崎クロエ）、あきな、桐岡さつき、倉木みお、水咲カレン、羽月希、JULIA、横山みれい、阿部リオン、南野あかり、瀬戸りょう、成瀬心美（ここみ）、榊なち、坂本理沙、Hitomi（田中瞳）、深田梨菜（深田梨奈）、中森玲子、広瀬奈々美（堀口奈津美）、佐山愛、青木りん、希本なつ美、柴咲ゆうり、青木玲,https://www.javbus.com/JFB-021,
DAZD-041 ザーメン1万2000連発,DAZD-041 ザーメン1万2000連発,DAZD-041,,2012-05-24,958分鐘,,ダスッ！,ダスッ！,,合集、輪姦、凌辱、中出、DMM獨家、顏射,花井メイサ、KEI、KYOKO、七瀬ジュリア、水玉レモン、小日向みく、恵けい、坂野由梨、北川瞳、小坂めぐる、桜あやめ、成瀬心美（ここみ）、牧原れい子、宮坂レイア、友田真希、青木玲、雨宮琴音、Hitomi（田中瞳）、岬リサ、長月ラム、如月カレン、鮎川なお、哀川りん、彩音さくら、愛原さえ、南レイ、妃乃ひかり、小川あさ美、水城奈緒、美咲恋、琥珀うた、RUMIKA、灘坂舞、大塚咲（小野沙樹、大滝佐紀）、弘前亮子、JULIA、桜りお、まりか、朋香めい、さくら姫,https://www.javbus.com/DAZD-041,
BIB-052 働くオンナの逆レイプBEST,BIB-052 働くオンナの逆レイプBEST,BIB-052,,2012-05-24,359分鐘,,美,BEST（美）,,合集、各種職業、4小時以上作品、DMM獨家,杏堂なつ（榊れいな）、瀬名アスカ、あゆむ、蒼井怜、杉原桃花、里美ゆりあ、浅乃ハルミ、紗奈、北条麻妃、水元ゆうな、如月カレン、真田春香、西野翔、滝沢優奈、ゆうきさやか、仁科百華、椎名ひかる、JULIA、緋咲アンナ、魅麗、井川ゆい、松嶋れいな,https://www.javbus.com/BIB-052,
AAJ-021 AV30GP 青盤 メーカーが選ぶ最高にヌケるSEX,AAJ-021 AV30GP 青盤 メーカーが選ぶ最高にヌケるSEX,AAJ-021,,2012-05-13,481分鐘,,オールアダルトジャパン,AV30,AV30GP,偶像藝人、合集、花癡、戲劇、DMM獨家、女生,遥花しいな、森川真羽、池田美和子、里美ゆりあ、藤井レイナ、西山希、JULIA、成瀬心美（ここみ）、みづなれい（みずなれい）、村上涼子（中村りかこ、黒木菜穂）,https://www.javbus.com/AAJ-021,
MKCK-041 E-BODY高画質セックス4時間2,MKCK-041 E-BODY高画質セックス4時間2,MKCK-041,,2012-05-11,239分鐘,,E-BODY,E-BODY,E-BODY高画質セックス,蕩婦、苗條、合集、高畫質、巨乳、DMM獨家,あざみねね、北村わか、小島優花、菅野みいな、来栖ひなた、佳山三花、成美雪菜、JULIA、竹内あい、風間ゆみ、眞乃かすみ、沖田杏梨、水咲カレン、西條るり、小沢アリス、春菜はな、及川はるな、みなせ優夏、ERIKA（モカ、MOKA）,https://www.javbus.com/MKCK-041,
HMJM-009 SEX by HMJM ハマジムベスト07 6時間,HMJM-009 SEX by HMJM ハマジムベスト07 6時間,HMJM-009,,2012-04-28,359分鐘,カンパニー松尾,HMJM,HMJM,SEXbyHMJMハマジムベスト,成熟的女人、第一人稱攝影、合集、4小時以上作品、巨乳,阿部リオン、神谷さき、百花エミリ、木下若菜、小嶋ジュンナ、前田陽菜、琥珀うた、JULIA、南野あかり、風間ゆみ、上村あずさ、青空小夏、小坂めぐる、愛咲れいら（原千尋）、沙羅,https://www.javbus.com/HMJM-009,
SBB-135 ディルドオナニー60人 4時間,SBB-135 ディルドオナニー60人 4時間,SBB-135,,2012-04-09,242分鐘,,マルクス兄弟,MARXBrothersco.,,玩具、自慰,杉崎のあ、香坂美鈴、竹内サキ、新垣紗絵、森ななこ、哀川りん、樹花凜（七咲楓花）、黒木アリサ、紗奈、愛菜りな、山口玲子、月野りさ、成宮あいり、南りん、平井ミッシェル、北条麻妃、望月ゆみ、青木りん、阿部菜津子（福山洋子、織原寧々）、葉月奈穂（葉月菜穂）、黒木麻衣（花野真衣、SHIHO）、愛実（秋川ルイ）、水城奈緒、松嶋侑里、松浦ユキ、はるか悠、北原夏美、水谷ひとみ、大槻ひびき、あづみ、中野愛里、安藤えみ、美咲結衣、内田真由、矢吹杏、美神あおい、北川瞳、青木まり、寺島ちひろ、高沢沙耶、優木リノア、悠月舞、工藤沙菜恵、武藤クレア、JULIA、伊沢美春（伊沢美晴）、在佳亜矢、RUMIKA、瑠菜（安西瑠菜、RUNA）、碧しの（篠めぐみ）、持田百恵、妃悠愛（長澤杏奈、水原里香、木崎祐子）、愛乃みやび、望多つばさ、大城美咲、結城みさ、七瀬あさみ、中林彩、黒崎萌華,https://www.javbus.com/SBB-135,
IDBD-356 IP Ultra 巨乳ガールズ ダッダーン！ぷるるん♪ぷるるん♪おっぱーい！いっぱーい！ 8時間45人,IDBD-356 IP Ultra 巨乳ガールズ ダッダーン！ぷるるん♪ぷるるん♪おっぱーい！いっぱーい！ 8時間45人,IDBD-356,,2012-03-30,479分鐘,,アイデアポケット,アイデアポケットBEST,IPUltra○○ガールズ,合集、戀乳癖、數位馬賽克、4小時以上作品、巨乳、DMM獨家,片瀬茉奈、浅唐あく美、天海つばさ、永井レナ、中野美奈、初音みのり、木下柚花、綾乃梓、羽田夕夏、三月あん（甘味いちご）、辻仁美、JULIA、桜あやめ、瀬織さら、桐谷ユリア、七瀬ゆうり、有沢りさ、恋小夜、くるみ（未来）、青山菜々、島谷小百合、楓ひみつ,https://www.javbus.com/IDBD-356,
IDBD-355 3Pが大スキ！ 2本無いと物足りないIP美女 40名8時間,IDBD-355 3Pが大スキ！ 2本無いと物足りないIP美女 40名8時間,IDBD-355,,2012-03-30,479分鐘,,アイデアポケット,アイデアポケットBEST,,合集、多P、數位馬賽克、4小時以上作品、DMM獨家,安城アンナ、杏樹紗奈、浅唐あく美、天海つばさ、美咲みゆ、希志あいの、原更紗、大橋未久、初音みのり、栗林里莉、恋小夜、沢本あすか、Rio（柚木ティナ）、小川あさ美、かすみ果穂、二宮沙樹、穂花、吉沢明歩、松島かえで、黒木いちか（東条かれん）、横山美雪、Maika（MEW）、原田明絵、桐谷ユリア、坂野由梨、菊美かりん、夏希アンジュ、梨々衣、紺野朋美、辻仁美、JULIA、希崎ジェシカ、里美ゆりあ、成瀬心美（ここみ）、桃野なごみ、夏咲まりみ、今井ひろの、一ノ瀬アメリ（美空あやか、栗栖エリカ）、木下柚花、成宮カナ,https://www.javbus.com/IDBD-355,
BIB-049 厳選有名女優 淫乱ファックBEST,BIB-049 厳選有名女優 淫乱ファックBEST,BIB-049,,2012-03-24,239分鐘,,美,BEST（美）,,蕩婦、合集、花癡、乳房、DMM獨家,あゆむ、新名しおり、里美ゆりあ、大橋未久、JULIA、成瀬心美（ここみ）、水元ゆうな,https://www.javbus.com/BIB-049,
BIB-048 BEST100セレクション！ 騎乗位8時間スペシャル,BIB-048 BEST100セレクション！ 騎乗位8時間スペシャル,BIB-048,,2012-03-24,479分鐘,,美,BEST（美）,,蕩婦、合集、女上位、4小時以上作品、DMM獨家,杏堂なつ（榊れいな）、愛あいり、KYOKO、森ななこ、紗奈、早乙女ルイ、藤本AYAY、広瀬奈々美（堀口奈津美）、松嶋れいな、愛咲れいら（原千尋）、北条麻妃、笠木忍、鈴木杏里、夏樹あい、浅乃ハルミ、瀬名アスカ、綾瀬美都（内山遥）、伊東美姫、里美ゆりあ、南りん、新名しおり、松生彩、黒木アリサ、大橋未久、ayami（赤西涼、まひる）、真田春香、浜崎りお（森下えりか、篠原絵梨香）、竹内あい、新井エリー（晶エリー、大沢佑香）、蒼井怜、杉原桃花、仁科百華、小谷理紗、白川ゆかり、悠月舞、優木まみ、さとう遥希、坂野由梨、愛原さえ、大石美咲、北川瞳、有村千佳、ゆうきさやか、あゆむ、椎名ひかる、井川ゆい、西野翔、滝沢優奈、JULIA、鈴音りおな、緋咲アンナ、長谷川聖那、村西まりな、魅麗、みずほゆき、瑠菜（安西瑠菜、RUNA）、小桜沙樹、横山みれい、小野紗里奈、ももかりん,https://www.javbus.com/BIB-048,
OKAD-438 巨乳BEST8時間30人スペシャル おっぱいオールスター決定戦！,OKAD-438 巨乳BEST8時間30人スペシャル おっぱいオールスター決定戦！,OKAD-438,,2012-03-22,448分鐘,TODO,ケイ・エム・プロデュース,おかず。,,乳交、合集、戀乳癖、4小時以上作品、巨乳,彩佳リリス（藤崎クロエ）、音羽レオン、愛原さえ、青空小夏、鈴香音色、松すみれ、仁科百華、JULIA、浅乃ハルミ、成瀬心美（ここみ）、橘なお（上原海里）、仲野希、北川瞳、彩月あかり（岩佐めい）、雨宮琴音、波多野結衣、松嶋れいな、妃乃ひかり、水城奈緒、小坂めぐる、ayami（赤西涼、まひる）、辻さき、浅田ちち、茉莉花、黒木アリサ、さとう遥希,https://www.javbus.com/OKAD-438,
BOMN-042 フェラの最中に揺れる爆乳 4時間,BOMN-042 フェラの最中に揺れる爆乳 4時間,BOMN-042,,2012-03-17,239分鐘,,ABC/妄想族,BoinBB/ABC,巨乳スペシャル,口交、合集、戀乳癖、巨乳、DMM獨家,あきな、柏木みあ、西井優香、相奈さゆき、来栖あさみ、希本なつ美、木咲美琴、優花めぐみ、大島あいる、北川瞳、小出遥、JULIA、かえでみく、大沢かえで、櫻井夕樹、仁科百華、桜木なち、瀬戸みずほ、響まゆ、辻井美穂、長谷川杏実（長谷川杏美）、漣ゆめ、伊沢美春（伊沢美晴）、明日香芽衣、立花結衣、高城ゆい、真鍋紗愛、七海あい、横山みれい、青空小夏、森永ひよこ、鈴香音色、恵けい、愛実（秋川ルイ）、有永すずか、青木りん、山田マリコ、橘なお（上原海里）、栗崎紗理奈,https://www.javbus.com/BOMN-042,
BOIN-111 巨乳・爆乳 馬乗りパイズリ挟射マウントポジション！！ 2,BOIN-111 巨乳・爆乳 馬乗りパイズリ挟射マウントポジション！！ 2,BOIN-111,,2012-03-16,107分鐘,,ex,BoinBB,巨乳・爆乳,乳交、其他戀物癖、戀乳癖、巨乳,小島優花、南レイ、希本なつ美、愛内ゆう、木咲美琴、有永すずか、橘なお（上原海里）、辻井美穂、栗崎紗理奈、JULIA,https://www.javbus.com/BOIN-111,
RKI-171 SSS級オールスターズ メガ凌辱スペシャル16時間,RKI-171 SSS級オールスターズ メガ凌辱スペシャル16時間,RKI-171,,2012-03-16,959分鐘,,ROOKIE,ROOKIE,,強姦、合集、美少女、深喉、輪姦、凌辱、中出、4小時以上作品、DMM獨家,美咲みゆ、希志あいの、里美ゆりあ、長澤あずさ、麻美ゆま、吉沢明歩、紗奈、中森玲子、みづなれい（みずなれい）、蒼井そら、北川瞳、小西那奈、ましろ杏、愛原さえ、二宮沙樹、かすみ果穂、吉崎直緒、翔田千里、春咲あずみ、つぼみ、水城奈緒、青山ローラ、有村千佳、結城みさ、大沢美加（廣田まりこ）、妃悠愛（長澤杏奈、水原里香、木崎祐子）、亜希菜、井川ゆい、桜花えり、若葉くるみ、JULIA、羽月希、桐岡さつき、仁科百華、浜崎りお（森下えりか、篠原絵梨香）、初音みのり、大橋未久、麻倉まみ、成瀬心美（ここみ）、牧原れい子、音羽レオン、北条麻妃、椎名ゆな、友田真希、志保、水元ゆうな、長谷川美紅、青木玲、如月カレン、風間ゆみ、樋口冴子（桐島千沙）、ERIKA（モカ、MOKA）、黒木いちか（東条かれん）、川上ゆう（森野雫）、七海なな、葉月紗絢、星乃せあら（南まりん）、森ななこ、澤村レイコ（高坂保奈美、高坂ますみ）,https://www.javbus.com/RKI-171,
PPBD-049 夫以外のチンポでイキまくる爆乳浮気人妻4時間,PPBD-049 夫以外のチンポでイキまくる爆乳浮気人妻4時間,PPBD-049,,2012-03-16,239分鐘,,OPPAI,OPPAI,,蕩婦、乳交、已婚婦女、戀乳癖、通姦、巨乳、DMM獨家,伊東カンナ、水咲カレン、木咲美琴、青山菜々、菅野さゆき、百花エミリ、平山薫、JULIA、佐藤みき（佐藤美紀、鈴木志帆）,https://www.javbus.com/PPBD-049,
BBST-031 巨乳・爆乳 デカ乳輪 BEST 4時間 2,BBST-031 巨乳・爆乳 デカ乳輪 BEST 4時間 2,BBST-031,,2012-03-16,241分鐘,,ex,BoinBB,巨乳・爆乳,口交、乳交、合集、戀乳癖、巨乳,相奈さゆき、木咲美琴、大沢かえで、長谷川杏実（長谷川杏美）、立花結衣、七海あい、伊沢美春（伊沢美晴）、森永ひよこ、愛実（秋川ルイ）、JULIA、愛内ゆう、南レイ,https://www.javbus.com/BBST-031,
BBST-030 爆乳騎乗位総集編4時間,BBST-030 爆乳騎乗位総集編4時間,BBST-030,,2012-03-11,243分鐘,,ex,BoinBB,爆乳騎乗位,合集、戀乳癖、女上位、巨乳,来栖あさみ、瀬戸みずほ、黒沢せりな、かえでみく、小出遥、星山里穂、JULIA、横山みれい、浅田ちち、鮎川るい,https://www.javbus.com/BBST-030,
MKCK-038 E-BODY 絶景の騎乗位コレクション50,MKCK-038 E-BODY 絶景の騎乗位コレクション50,MKCK-038,,2012-03-08,239分鐘,,E-BODY,E-BODY,E-BODY,蕩婦、合集、戀乳癖、女上位、巨乳、DMM獨家,白川ゆかり、眞乃かすみ、二宮せりな、Ryo、来栖ひなた、小川あさ美、愛原さえ、春風えみ、春咲あずみ、諸星セイラ（百瀬涼）、佐々木はるか、北川瞳、瀬戸みずほ、竹内あい、かすみりさ、青木莉子（桜まい、片岡さき）、青空小夏、石原こと、桜ここみ、佳山三花、亜梨、長澤あずさ、黒木アリサ、中森玲子、広瀬ゆな、若菜ちえ、すずきりりか、哀川りん、小沢アリス、乙葉真希、高島恭子、夏海ナミ、立花結衣、高城ゆい、真矢ゆき、七葉しほり、松すみれ、菅野さゆき、伊沢美春（伊沢美晴）、仁科百華、湖南みるく、水咲カレン、美咲結衣、武藤クレア、JULIA、橘なお（上原海里）、池田美和子、仲村美緒、宮藤レイコ,https://www.javbus.com/MKCK-038,
IDBD-345 イクぞー！1・2・3ドゥピュュュ～！発射直前からパンパンペロペロで大発射！～182人8時間ノンストップ 発射オンパレード！！～,IDBD-345 イクぞー！1・2・3ドゥピュュュ～！発射直前からパンパンペロペロで大発射！～182人8時間ノンストップ 発射オンパレード！！～,IDBD-345,,2012-02-26,479分鐘,,アイデアポケット,アイデアポケットBEST,,合集、數位馬賽克、4小時以上作品、DMM獨家,成宮カナ、島谷小百合、希美まゆ、希崎ジェシカ、愛嶋リーナ、くるみ（未来）、伊川なち、Rio（柚木ティナ）、前田千春、徳澤エリカ、原更紗、今野梨乃、乙音奈々、三浦亜沙妃、青山菜々、大城舞衣子、桐原あずさ（伊藤あずさ）、藤咲りさ、綾瀬ちづる、MIHO、宮嶋かれん、杉崎夏希、白咲ひなの、京野明日香、浅華優、初音みのり、美上セリ、綾瀬しおり、歩原らいと、恋小夜、桜川満月、秋菜楓、真壁りの、上野美咲、折原まみ、中野美奈、桃瀬えみる、二宮沙樹、寧々、黒沢英里奈（喜田嶋りお）、芹沢直美、あいだゆあ、nao.（小池ひとみ）、吉沢明歩、羽田夕夏、かすみ果穂、今井もも、Marin.、みそぎあいる、永井レナ、山崎亜美、片瀬まこ、小川あさ美、芦名未帆（稲森しほり）、上原空、藤本まりな、上原優実、金城美麗（REINA）、松島かえで、さとうはるな、紺野朋美、天海つばさ、一ノ瀬アメリ（美空あやか、栗栖エリカ）、☆LUNA☆、今井ひろの、夏咲まりみ、桃野なごみ、水谷心音（藤崎りお）、麻生香月、成瀬心美（ここみ）、麻田有希、木下柚花、浅唐あく美、管野しずか、菊美かりん、愛咲れいら（原千尋）、坂野由梨、杏樹紗奈、桐谷ユリア、有沢りさ、原田明絵、Maika（MEW）、和希あや、辻仁美、JULIA、優木ルナ、里美ゆりあ、桜あやめ、楓ひみつ、瀬織さら、春乃花音、岬リサ、吉井玲奈、伊東エリ、夏川るい、星美織、千堂ゆりあ、七瀬ゆうり、長谷川リオ、大橋未久、夏海碧、宮瀬あきな、横山美雪、黒木いちか（東条かれん）、上原カエラ、明佐奈（土屋かなこ）、美咲みゆ、北川結衣、栗林里莉、希志あいの、小沢麻緒、松下怜、SAORI、星野梨緒,https://www.javbus.com/IDBD-345,
BIB-046 美ッ痴！淫口フェラチオ8時間スペシャル,BIB-046 美ッ痴！淫口フェラチオ8時間スペシャル,BIB-046,,2012-02-24,479分鐘,,美,BEST（美）,,蕩婦、口交、合集、DMM獨家,蒼井怜、夏樹あい、新名しおり、南りん、里美ゆりあ、大橋未久、さとう遥希、成瀬心美（ここみ）、橘れもん、水元ゆうな、緋咲アンナ、あゆむ、村西まりな、白川ゆかり、優木まみ、愛咲れいら（原千尋）、ゆうきさやか、長谷川聖那、管野しずか、小桜沙樹、横山みれい、小野紗里奈、井川ゆい、ももかりん、妃悠愛（長澤杏奈、水原里香、木崎祐子）、魅麗、椎名ひかる、JULIA、鈴音りおな、瀬名アスカ、綾瀬美都（内山遥）、杏堂なつ（榊れいな）、如月カレン、滝沢優奈、西野翔、北条麻妃、浅乃ハルミ、杉原桃花、黒木アリサ、藤本AYAY、竹内あい、鈴木杏里、松嶋れいな,https://www.javbus.com/BIB-046,
DAZD-039 ダスッ！5周年記念16時間BEST,DAZD-039 ダスッ！5周年記念16時間BEST,DAZD-039,,2012-02-24,958分鐘,,ダスッ！,ダスッ！,,強姦、合集、輪姦、中出、4小時以上作品、DMM獨家、肛交,佐藤ショコラ、白石さゆり、橘なお（上原海里）、木下若菜、坂野由梨、浅乃ハルミ、水城奈緒、竹内あい、あいぶらん（蜜井とわ）、乙音奈々、風間ゆみ、桜りお、北川瞳、彩音さくら、希咲あや、仁科百華、小日向みく、弘前亮子、JULIA、小林さとみ、七瀬ルナ、愛原さえ、夏川未来（小春）、管野しずか、まりか、朋香めい、泉麻那、さくら姫、碧しの（篠めぐみ）、小泉なほ、鈴音りおな、RUMIKA、恵けい、結希レイナ、宮坂レイア、北条麻妃、成瀬心美（ここみ）、松下桃香、桜あやめ、雨宮琴音、小峰ひなた、Hitomi（田中瞳）、長月ラム、日向ひかる、佐藤みき（佐藤美紀、鈴木志帆）、七瀬ジュリア、水玉レモン、KYOKO、艶堂しほり（遠藤しおり）、広瀬奈々美（堀口奈津美）、愛沢蓮、KEI、原明奈、花井メイサ、岬リサ、前乃さとみ、鮎川なお、ayami（赤西涼、まひる）、美優千奈、灘坂舞、綾瀬みう、南つかさ、うるみゆう、真田春香、小坂めぐる、浜崎りお（森下えりか、篠原絵梨香）、果梨、大塚咲（小野沙樹、大滝佐紀）、春咲あずみ、翔田千里、松嶋れいな、小澤マリア、小川あさ美、叶樹梨、新井エリー（晶エリー、大沢佑香）、妃乃ひかり、亜紗美、峰なゆか、牧原れい子、愛咲れいら（原千尋）、伊沢千夏、鈴木杏里、金沢文子、如月カレン、涼果りん、青木玲、紫彩乃、長谷川美紅、水元ゆうな、友田真希、夕樹舞子、青木りん、北川エリカ,https://www.javbus.com/DAZD-039,
BBST-028 巨乳店員がいると噂の店に、実際行ってみたら…4時間,BBST-028 巨乳店員がいると噂の店に、実際行ってみたら…4時間,BBST-028,,2012-02-11,241分鐘,,ex,BoinBB,,乳交、各種職業、戀乳癖、巨乳,佐々木りな、桜木なち、福山優、松金めぐみ、漣ゆめ、辻井美穂、恵けい、平山薫、仁科百華、JULIA、葉山志穂、鮎川まどか、あきな,https://www.javbus.com/BBST-028,
MIBD-619 寝取られ本舗総集編,MIBD-619 寝取られ本舗総集編,MIBD-619,,2012-02-09,238分鐘,,ムーディーズ,MOODYZBest,,已婚婦女、數位馬賽克、凌辱、羞恥、出軌、DMM獨家,青木莉子（桜まい、片岡さき）、春咲あずみ、仁科百華、JULIA、羽月希、ましろ杏、水元ゆうな、青木玲、風間ゆみ,https://www.javbus.com/MIBD-619,
MKCK-036 密会HOTEL E-BODY,MKCK-036 密会HOTEL E-BODY,MKCK-036,,2012-02-09,239分鐘,,E-BODY,E-BODY,,合集、乳房、巨乳、DMM獨家,白川ゆかり、上原もね、峰なゆか、初音みのり、桜ここみ、仁科百華、JULIA、ましろ杏、羽田夕夏、風間ゆみ、真田春香、香坂杏奈、竹内あい、綾瀬メグ、山田マリコ、妃乃ひかり、花井メイサ、川瀬愛美、長澤あずさ、乙葉真希、辻井美穂、眞乃かすみ、瀬戸みずほ、すずきりりか、水咲カレン、長谷川杏実（長谷川杏美）、菅野さゆき、小沢アリス、亜梨,https://www.javbus.com/MKCK-036,
MKCK-035 BEST OF E-BODY LOVERS 2011,MKCK-035 BEST OF E-BODY LOVERS 2011,MKCK-035,,2012-02-09,479分鐘,,E-BODY,E-BODY,BESTOFE-BODYLOVERS,苗條、合集、屁股、巨乳、DMM獨家,あすか光希、小鳥遊瀬那、山田マリコ、及川はるな、菅野さゆき、辻井美穂、初音みのり、佳山三花、JULIA、竹内あい、水咲カレン、美咲結衣、武藤クレア、小沢アリス、北川瞳、桜ここみ、森ななこ、かすみりさ、仁科百華、ゆうきさやか、佐々木はるか、成美雪菜、白川ゆかり、あざみねね、来栖ひなた、小島優花、眞乃かすみ、愛原さえ、沖田杏梨、百花エミリ、上原もね,https://www.javbus.com/MKCK-035,
WSP-091 犯したくなるカラダ THE4時間,WSP-091 犯したくなるカラダ THE4時間,WSP-091,,2012-02-05,237分鐘,,ワープエンタテインメント,S＋,,苗條、合集、多P、女上位、巨乳,女池さゆり、茉莉花、彩佳リリス（藤崎クロエ）、音羽レオン、松すみれ、仁科百華、JULIA、横山みれい、ましろ杏、水城奈緒、森ななこ、北川瞳,https://www.javbus.com/WSP-091,
MIBD-616 射精後も最後の1滴まで精液搾り取る！すんごいお掃除フェラ101連発！！,MIBD-616 射精後も最後の1滴まで精液搾り取る！すんごいお掃除フェラ101連発！！,MIBD-616,,2012-02-01,238分鐘,,ムーディーズ,MOODYZBest,,口交、合集、數位馬賽克、顏射、DMM獨家、吞精,青山菜々、さとう和香、佐山愛、春咲あずみ、JULIA、水城奈緒、つぼみ、乙音奈々、能田曜子、華島彩,https://www.javbus.com/MIBD-616,
BIB-044 美ッ痴 TOP100タイトル 8時間BEST,BIB-044 美ッ痴 TOP100タイトル 8時間BEST,BIB-044,,2012-01-21,479分鐘,,美,BEST（美）,,蕩婦、合集、4小時以上作品、DMM獨家,杏堂なつ（榊れいな）、蒼井怜、夏樹あい、愛あいり、新名しおり、里美ゆりあ、大橋未久、綾瀬美都（内山遥）、竹内あい、松嶋れいな、ゆうきさやか、北川瞳、AIKA、愛原さえ、坂野由梨、愛咲れいら（原千尋）、仁科百華、JULIA、鈴音りおな、長谷川聖那、妃悠愛（長澤杏奈、水原里香、木崎祐子）、瑠菜（安西瑠菜、RUNA）、小野紗里奈、小桜沙樹、さとう遥希、あゆむ、瀬名アスカ、紗奈、KYOKO、水元ゆうな、如月カレン、西野翔、真田春香、橘れもん、藤本AYAY、ERIKA（モカ、MOKA）、浅乃ハルミ、白川ゆかり,https://www.javbus.com/BIB-044,
OOMN-037 母性熟女手コキ 4時間50発射,OOMN-037 母性熟女手コキ 4時間50発射,OOMN-037,,2012-01-15,239分鐘,,ABC/妄想族,お母さん.com/ABC,美熟女プレイ集,成熟的女人、母親、合集、亂倫、DMM獨家、打手槍,本宮リカコ、香野良枝、成田レミ、花村いずみ、藤倉香里、愛原唯、松浦由希、伊織涼子、柳田やよい、加藤ツバキ（夏樹カオル）、飯倉美奈子、美里このみ、丘美和子、加賀ゆり子、四季彩乃、小町あかり、藤崎飛鳥、宇喜多かすみ、石田みちる、森宮亜希、中野まりえ、岩淵香奈枝、藤原絵理香、桜みちる、橘実加、JULIA、菊川麻里、時越芙美江、加藤なお、若槻尚美、根元純、小柳倫子、松嶋ルリ、中村綾乃、町村小夜子、秋野夕日、石田えりこ、ほしの菜実恵、神崎美樹、永原美代子、寺崎悠子、蓮見梨沙、東条美菜、有永すずか、水沢久美、相田紀子、大越はるか、藤宮櫻花（眞雪ゆん）、若林ひかる、梶原まゆ,https://www.javbus.com/OOMN-037,
SDDL-479 1度はヤリたいピンクのおっぱい,SDDL-479 1度はヤリたいピンクのおっぱい,SDDL-479,,2012-01-08,125分鐘,,SODクリエイト,SODクリエイト,,乳交、其他戀物癖、數位馬賽克、乳房、巨乳,相澤リナ、雨宮琴音、北川瞳、仁科百華、JULIA、ましろ杏、水城奈緒,https://www.javbus.com/SDDL-479,
JUSD-383 マドンナ8周年記念 絶頂に達する寸前の追い込み激ファック108発！！,JUSD-383 マドンナ8周年記念 絶頂に達する寸前の追い込み激ファック108発！！,JUSD-383,,2011-12-25,239分鐘,,マドンナ,Madonna,マドンナ8周年記念,成熟的女人、合集、已婚婦女、數位馬賽克、DMM獨家,橘エレナ、波多野結衣、JULIA、竹内結、横山みれい、ましろ杏、中森玲子、佐藤みき（佐藤美紀、鈴木志帆）、七瀬ゆい（羽田未来）、つぼみ,https://www.javbus.com/JUSD-383,
BOMN-039 巨乳パイズリSP 総集編4時間,BOMN-039 巨乳パイズリSP 総集編4時間,BOMN-039,,2011-12-23,239分鐘,,ABC/妄想族,BoinBB/ABC,巨乳スペシャル,乳交、合集、戀乳癖、巨乳,瀬戸みずほ、橘なお（上原海里）、櫻井夕樹、小出遥、鈴香音色、平山薫、高島恭子、北川瞳、仁科百華、JULIA、葉月奈穂（葉月菜穂）、水城奈緒、水森あおい、並木るか（橘ひな）、小林芽衣（小林メイ）、辻さき、友野みゆき、中森玲子、愛あいり、宮崎あい,https://www.javbus.com/BOMN-039,
IDBD-332 2012年！ぬけましておめでとう！新春IP姫達によるフェラ初め100本抜き8時間,IDBD-332 2012年！ぬけましておめでとう！新春IP姫達によるフェラ初め100本抜き8時間,IDBD-332,,2011-12-22,479分鐘,,アイデアポケット,アイデアポケットBEST,ぬけましておめでとう！新春IP姫達によるフェラ初め,口交、合集、4小時以上作品、DMM獨家,希美まゆ、横山美雪、美咲みゆ、希崎ジェシカ、里美ゆりあ、大橋未久、Rio（柚木ティナ）、栗林里莉、JULIA、成瀬心美（ここみ）、かすみ果穂、nao.（小池ひとみ）、水谷心音（藤崎りお）、今井ひろの、愛咲れいら（原千尋）、坂野由梨、杏樹紗奈、桐谷ユリア、有沢りさ、Maika（MEW）、管野しずか、浅唐あく美、木下柚花、碧しの（篠めぐみ）、天海つばさ、夏希アンジュ,https://www.javbus.com/IDBD-332,
MIBD-608 究極のパイズリ すんごい挟射4時間,MIBD-608 究極のパイズリ すんごい挟射4時間,MIBD-608,,2011-12-22,238分鐘,,ムーディーズ,MOODYZBest,究極のパイズリ,乳交、合集、巨乳、DMM獨家,ももかさくら、菜月アンナ、相澤リナ、葉山リサ、葵ぶるま、Hitomi（田中瞳）、菅野さゆき、前田優希、佐山愛、JULIA、小坂めぐる、竹内あい、青木りん、鈴木あいか,https://www.javbus.com/MIBD-608,
BIB-043 淫乱美ッ痴 3P 6時間,BIB-043 淫乱美ッ痴 3P 6時間,BIB-043,,2011-12-16,359分鐘,,美,BEST（美）,,合集、多P、4小時以上作品、DMM獨家,蒼井怜、夏樹あい、杉原桃花、新名しおり、AIKA、森ななこ、北川瞳、黒木アリサ、成瀬心美（ここみ）、藤本AYAY、緋咲アンナ、北条麻妃、魅麗、さとう遥希、愛咲れいら（原千尋）、坂野由梨、愛原さえ、長谷川聖那、管野しずか、小桜沙樹、小野紗里奈、井川ゆい、ももかりん、瑠菜（安西瑠菜、RUNA）、妃悠愛（長澤杏奈、水原里香、木崎祐子）、みずほゆき、仁科百華、JULIA、鈴音りおな、杏堂なつ（榊れいな）、里美ゆりあ、南りん、水元ゆうな、瀬名アスカ、滝沢優奈、浅乃ハルミ、愛あいり、紗奈、ERIKA（モカ、MOKA）、ayami（赤西涼、まひる）、真田春香、鈴木杏里、松嶋れいな,https://www.javbus.com/BIB-043,
MIBD-607 汗まみれ本気セックス4時間,MIBD-607 汗まみれ本気セックス4時間,MIBD-607,,2011-12-13,238分鐘,,ムーディーズ,MOODYZBest,,合集、其他、多P、單體作品、DMM獨家,花村沙知、桃野なごみ、原小雪、上原のぞみ、美花ゆり、佐山愛、JULIA、ましろ杏、Marin.、あいだゆあ,https://www.javbus.com/MIBD-607,
OOMN-035 母性あふれる近親相姦にこだわり続けた3年間を8時間で全て見せる！,OOMN-035 母性あふれる近親相姦にこだわり続けた3年間を8時間で全て見せる！,OOMN-035,,2011-12-12,478分鐘,,ABC/妄想族,お母さん.com/ABC,,成熟的女人、母親、合集、亂倫、打手槍,青山祥子、西城玲華、中園貴代美、雨宮真貴、荒木瞳、希咲あや、波多野結衣、小出遥、桐岡さつき、JULIA、羽月希、伊織涼子、加賀ゆり子、藤原絵理香、甲斐ミハル、愛原唯、柳田やよい、黒木麻衣（花野真衣、SHIHO）、野原もも、仁科さゆり,https://www.javbus.com/OOMN-035,
RKI-158 フェラチオベストの名編 フェラ抜き天国200連発24時間,RKI-158 フェラチオベストの名編 フェラ抜き天国200連発24時間,RKI-158,,2011-12-11,1438分鐘,,ROOKIE,ROOKIE,,口交、合集、4小時以上作品、DMM獨家,花井メイサ、桜木凛、吉永純、冬月かえで、あすかりの（柴咲あや）、JULIA、ERIKA（モカ、MOKA）、広瀬奈々美（堀口奈津美）、矢田みりあ、ほしのみゆ、藤本カレン、菊美かりん、秋野千尋、愛咲れいら（原千尋）、杏樹紗奈、愛原さえ、沖田杏梨、上原保奈美、桐谷ユリア、佐々木はるか、ももかさくら、北川瞳、伊島香織、香月悠梨、哀川りん、真木こころ、優希まこと、原田明絵、桐岡さつき、芦名未帆（稲森しほり）、森川真羽、弘前亮子、武藤クレア、佐倉カオリ、吉川ゆあ、桜美沙希、西條るり、鈴音りおな、結城みさ、桜りお、宮下リカ、梓ユイ、来栖ケイト、管野しずか、白瀬エリナ、大沢美加（廣田まりこ）、まりか、佐伯さき、菅野さゆき、周防ゆきこ、佳山三花、阿利希キリア（阿利希カレラ）、小沢真理奈、麻倉憂、鈴木きあら（美空あいり）、さくらい葉菜、南ともか、妃悠愛（長澤杏奈、水原里香、木崎祐子）、碧しの（篠めぐみ）、天海つばさ、ももかりん、RUMIKA、南ちゆき、桐生さくら、ましろ杏、あゆむ、美月、青空小夏、亜希菜、真白希実、希内あんな、椎名ゆな、北条麻妃、音羽レオン、卯月麻衣、浅乃ハルミ、三村翔子、桃野なごみ、綾瀬美都（内山遥）、沢木樹里、水谷心音（藤崎りお）、松浦ひろみ、愛斗ゆうき、有沢実紗、優木ルナ、里美ゆりあ、さくら結衣、蒼井怜、桜ここみ、春菜はな、Hitomi（田中瞳）、希崎ジェシカ、横山美雪、黒木いちか（東条かれん）、恵けい、美咲みゆ、波多野結衣、初美りおん、佐藤みき（佐藤美紀、鈴木志帆）、原明奈、紗奈、橘ミオン（石川鈴華）、沖田はづき、水玉レモン、吉沢みなみ、あのあるる、ふわり、沢良麻美、希志あいの、澤村レイコ（高坂保奈美、高坂ますみ）、平井綾、森美咲、森ななこ、風子、青木莉子（桜まい、片岡さき）、早乙女ルイ、大城友佳、川上ゆう（森野雫）、相内リカ、大葉なな、藤間ゆかり、めぐり（藤浦めぐ）、鈴木さとみ、鮎川なお、かすみりさ、小西那奈、大橋未久、佐山愛、原更紗、雪見紗弥、小坂めぐる、初音みのり、浜崎りお（森下えりか、篠原絵梨香）、星優乃、恋小夜、糸矢めい、大塚咲（小野沙樹、大滝佐紀）、青山菜々、Rio（柚木ティナ）、翔田千里、麻美ゆま、小澤マリア、小川あさ美、葉月奈穂（葉月菜穂）、新井エリー（晶エリー、大沢佑香）、吉崎直緒、かすみ果穂、村上涼子（中村りかこ、黒木菜穂）、折原まみ、穂花、紅音ほたる（秋月杏奈）、松嶋れいな、妃乃ひかり、如月カレン、青木玲、水元ゆうな、吉沢明歩、志保、蒼井そら、松島かえで、光月夜也（林絵里）、牧原れい子、風間ゆみ,https://www.javbus.com/RKI-158,
MKCK-032 高画質日替わりSEX4時間,MKCK-032 高画質日替わりSEX4時間,MKCK-032,,2011-12-08,239分鐘,,E-BODY,E-BODY,高画質日替わりSEX,苗條、合集、高畫質、巨乳、DMM獨家,上条めぐ（三浦芽依）、かすみりさ、初音みのり、長澤あずさ、恵けい、佳山三花、森ななこ、JULIA、ましろ杏、中森玲子、竹内あい、山田マリコ、百花エミリ、北川瞳、桜ここみ、浅乃ハルミ、青空小夏、小鳥遊瀬那、眞乃かすみ、瀬戸みずほ、若菜ちえ、すずきりりか、哀川りん、ゆうきさやか、仁科百華、水咲カレン、上村あずさ、美咲結衣、武藤クレア、菅野さゆき、愛原さえ,https://www.javbus.com/MKCK-032,
HMJM-008 SEX by HMJM ハマジムベスト06 6時間,HMJM-008 SEX by HMJM ハマジムベスト06 6時間,HMJM-008,,2011-11-27,359分鐘,カンパニー松尾,HMJM,HMJM,SEXbyHMJMハマジムベスト,第一人稱攝影、合集、已婚婦女、4小時以上作品、巨乳,三原ジュン、美神あおい、飯倉美奈子、百花エミリ、上村あずさ、有沢りさ、仁科百華、JULIA、優木明日花、ましろ杏、桜花えり、華山美玲、星崎アンリ、葵ちひろ、花木あのん、堀池仁美,https://www.javbus.com/HMJM-008,
MIBD-603 白目を剥くほど狂乱アクメ50連発part2,MIBD-603 白目を剥くほど狂乱アクメ50連発part2,MIBD-603,,2011-11-24,238分鐘,,ムーディーズ,MOODYZBest,白目を剥くほど狂乱アクメ,合集、數位馬賽克、性奴、拘束、女優按摩棒、單體作品、DMM獨家,原小雪、田中亜弥、Hitomi（田中瞳）、灘坂舞、櫻井ゆうこ、JULIA、君野ゆめ、香坂杏奈、糸矢めい、あいだゆあ、安藤さやか、ももかさくら、小嶋ゆい菜、仁科百華、小日向みく、宮下リカ、大沢美加（廣田まりこ）、まりか、妃悠愛（長澤杏奈、水原里香、木崎祐子）、井川ゆい、小峰ひなた、亜梨、榊なち、瀬名アスカ、桃野なごみ、美月、諸星セイラ（百瀬涼）、西野花梨（小柳まりん、椎名くるみ）、菅野さゆき、鈴木きあら（美空あいり）、仲村ろみひ、水玉レモン、心有花、真琴、大塚咲（小野沙樹、大滝佐紀）、竹内あい、さくら愛々、月野りさ、水森れん、水城奈緒、青山菜々、峰なゆか、桃瀬えみる、西野翔、松嶋れいな、南波杏,https://www.javbus.com/MIBD-603,
BIB-041 淫乱美ッ痴103本番SEX8時間,BIB-041 淫乱美ッ痴103本番SEX8時間,BIB-041,,2011-11-18,479分鐘,,美,BEST（美）,,合集、4小時以上作品、DMM獨家,愛あいり、KYOKO、上原カエラ、里美ゆりあ、木下若菜、森ななこ、黒木アリサ、ERIKA（モカ、MOKA）、水城奈緒、水元ゆうな、小野紗里奈、井川ゆい、愛原さえ、坂野由梨、愛咲れいら（原千尋）、魅麗、北川瞳、JULIA、鈴音りおな、緋咲アンナ、長谷川聖那、管野しずか、さとう遥希、阿利希キリア（阿利希カレラ）、ももかりん、瑠菜（安西瑠菜、RUNA）、妃悠愛（長澤杏奈、水原里香、木崎祐子）、横山みれい、小桜沙樹、あゆむ、北条麻妃、浅乃ハルミ、瀬名アスカ、みずほゆき、村西まりな、綾瀬美都（内山遥）、杏堂なつ（榊れいな）、南りん、新名しおり、蒼井怜、夏樹あい、杉原桃花、松生彩、如月カレン、松嶋れいな、成瀬心美（ここみ）、橘れもん、大橋未久、ayami（赤西涼、まひる）、真田春香、竹内あい、鈴木杏里、小川あさ美、新井エリー（晶エリー、大沢佑香）、西野翔、滝沢優奈、藤本AYAY,https://www.javbus.com/BIB-041,
PPBD-045 親身になって教えてくれる 爆乳女教師4時間,PPBD-045 親身になって教えてくれる 爆乳女教師4時間,PPBD-045,,2011-11-13,239分鐘,,OPPAI,OPPAI,,蕩婦、女教師、乳交、合集、戀乳癖、巨乳、DMM獨家,上木奈央、榊ひなの、愛実（秋川ルイ）、Hitomi（田中瞳）、青木りん、松すみれ、仁科百華、JULIA、諸星セイラ（百瀬涼）,https://www.javbus.com/PPBD-045,
MKCK-030 爆乳スペシャル4時間,MKCK-030 爆乳スペシャル4時間,MKCK-030,,2011-11-10,240分鐘,,E-BODY,E-BODY,,合集、戀乳癖、巨乳、DMM獨家,小島優花、本田ゆかり、里崎マリヤ、仲村ろみひ、愛実（秋川ルイ）、北川瞳、仁科百華、JULIA、紅城まゆ、浜崎りお（森下えりか、篠原絵梨香）、あいぶらん（蜜井とわ）、澄川ロア、櫻井ゆうこ、羽田夕夏、峰なゆか、長澤あずさ、恵けい、及川はるな、水咲カレン、武藤クレア、あおい、橘なお（上原海里）、伊沢美春（伊沢美晴）、菅野さゆき、朋香めい、高島恭子、立花結衣、松すみれ、諸星セイラ（百瀬涼）、徠夢、高瀬ひとみ、湖南みるく,https://www.javbus.com/MKCK-030,
JUSD-376 え？ここで！？場所を選ばず辱められる美熟女たち8時間,JUSD-376 え？ここで！？場所を選ばず辱められる美熟女たち8時間,JUSD-376,,2011-11-07,479分鐘,,マドンナ,Madonna,,成熟的女人、野外・露出、合集、數位馬賽克、凌辱、羞恥、4小時以上作品、DMM獨家,春風えみ、JULIA、横山みれい、管野しずか、早乙女ルイ、柳田やよい、小向杏奈（桜井麻美）、黒木麻衣（花野真衣、SHIHO）、村上涼子（中村りかこ、黒木菜穂）、水元ゆうな,https://www.javbus.com/JUSD-376,
SDMT-588 MM号×有名AV女優24人 スーパーマジックミラー号がイク！＆クル！2009～2011作品集,SDMT-588 MM号×有名AV女優24人 スーパーマジックミラー号がイク！＆クル！2009～2011作品集,SDMT-588,,2011-11-06,226分鐘,,SODクリエイト,SODクリエイト,スーパーマジックミラー号,合集、羞恥,波多野結衣、仁科百華、JULIA、大空かのん、ましろ杏、碧しの（篠めぐみ）、ERIKA（モカ、MOKA）、麻倉憂、水城奈緒、橘れもん,https://www.javbus.com/SDMT-588,
IDBD-319 痴女ハーレム3 8時間,IDBD-319 痴女ハーレム3 8時間,IDBD-319,,2011-10-28,479分鐘,,アイデアポケット,アイデアポケットBEST,痴女ハーレム,蕩婦、合集、4小時以上作品、DMM獨家,水谷心音（藤崎りお）、希美まゆ、天海つばさ、横山美雪、希志あいの、里美ゆりあ、大橋未久、初音みのり、Rio（柚木ティナ）、木下柚花、JULIA、Maika（MEW）、原田明絵、有沢りさ、桐谷ユリア、杏樹紗奈、坂野由梨、愛咲れいら（原千尋）、菊美かりん,https://www.javbus.com/IDBD-319,
JUSD-373 男のモノ以外で感じまくる美熟女32連発8時間,JUSD-373 男のモノ以外で感じまくる美熟女32連発8時間,JUSD-373,,2011-10-20,479分鐘,,マドンナ,Madonna,,成熟的女人、合集、已婚婦女、數位馬賽克、羞恥、4小時以上作品、按摩棒、DMM獨家,長谷川美紅、結城みさ、水城奈緒、葉月奈穂（葉月菜穂）、黒木麻衣（花野真衣、SHIHO）、浜崎りお（森下えりか、篠原絵梨香）、桐原あずさ（伊藤あずさ）、村上涼子（中村りかこ、黒木菜穂）、川上ゆう（森野雫）、風間ゆみ、水元ゆうな、夢野まりあ、牧原れい子、山口玲子、澤村レイコ（高坂保奈美、高坂ますみ）、恵けい、真白希実、白鳥美玲、香川翔、愛原さえ、伊島香織、小出遥、櫻井夕樹、瀬戸ありさ、JULIA、池田美和子、Roco、さくらい葉菜、美原咲子、横山みれい、観月由奈,https://www.javbus.com/JUSD-373,
BIB-039 美2011年上半期総集編,BIB-039 美2011年上半期総集編,BIB-039,,2011-10-20,239分鐘,,美,BEST（美）,美○半期総集編,蕩婦、合集、4小時以上作品、巨乳、DMM獨家,長谷川聖那、真田春香、木下若菜、森ななこ、仁科百華、ayami（赤西涼、まひる）、ましろ杏、ERIKA（モカ、MOKA）、水城奈緒、水元ゆうな、坂野由梨、つぼみ、JULIA、愛咲れいら（原千尋）,https://www.javbus.com/BIB-039,
DAZD-037 中出しされ過ぎた子宮にさらに精子を注入する！,DAZD-037 中出しされ過ぎた子宮にさらに精子を注入する！,DAZD-037,,2011-10-20,239分鐘,,ダスッ！,ダスッ！,,強姦、合集、凌辱、中出、4小時以上作品、單體作品、DMM獨家,花井メイサ、Hitomi（田中瞳）、恵けい、小川あさ美、JULIA、碧しの（篠めぐみ）、管野しずか、鮎川なお、如月カレン、青木玲、桜りお、まりか、RUMIKA、成瀬心美（ここみ）、鈴音りおな,https://www.javbus.com/DAZD-037,
BOMN-036 オッパイは舐め吸うタメだけに存在する4時間2,BOMN-036 オッパイは舐め吸うタメだけに存在する4時間2,BOMN-036,,2011-10-16,239分鐘,,ABC/妄想族,BoinBB/ABC,巨乳スペシャル,合集、戀乳癖、巨乳、DMM獨家,及川はるな、愛内ゆう、響まゆ、河瀬リナ、大月まゆか、木咲美琴、辻井美穂、北川瞳、仁科百華、JULIA,https://www.javbus.com/BOMN-036,
VENU-180 湯けむり近親相姦 母子入浴交尾 総集編 4時間,VENU-180 湯けむり近親相姦 母子入浴交尾 総集編 4時間,VENU-180,,2011-10-16,242分鐘,,VENUS,女神（ヴィーナス）,湯けむり近親相姦,成熟的女人、合集、亂倫、已婚婦女、巨乳,彼方まりあ、石原こと、橘慶子、長谷川美紅、松すみれ、JULIA、中森玲子、北条麻妃、柳田やよい、村上涼子（中村りかこ、黒木菜穂）,https://www.javbus.com/VENU-180,
CRAD-048 猥褻美女の男喰い！怒涛の痴女責め4時間ベスト,CRAD-048 猥褻美女の男喰い！怒涛の痴女責め4時間ベスト,CRAD-048,,2011-10-15,239分鐘,,クロス,CROSS,,蕩婦、口交、合集、中出、4小時以上作品、DMM獨家、吞精、打手槍,杏堂なつ（榊れいな）、有沢実紗、春咲あずみ、JULIA、水嶋あずみ、ERIKA（モカ、MOKA）、管野しずか、浜崎りお（森下えりか、篠原絵梨香）、藤宮櫻花（眞雪ゆん）、妃乃ひかり、上条めぐ（三浦芽依）、RUMIKA、瀬奈涼、北川エリカ,https://www.javbus.com/CRAD-048,
RKI-144 怒涛のザーメンシャワー！大量ぶっかけ1500発16時間,RKI-144 怒涛のザーメンシャワー！大量ぶっかけ1500発16時間,RKI-144,,2011-10-15,958分鐘,,ROOKIE,ROOKIE,,合集、4小時以上作品、顏射、DMM獨家,桃野なごみ、亜梨、里美ゆりあ、大橋未久、麻生香月、浅乃ハルミ、妃悠愛（長澤杏奈、水原里香、木崎祐子）、成瀬心美（ここみ）、如月カレン、あいだゆあ、周防ゆきこ、大沢美加（廣田まりこ）、来栖ケイト、夏川未来（小春）、JULIA、安西優子（鈴木なつ）、青空小夏、鈴木きあら（美空あいり）、瑠菜（安西瑠菜、RUNA）、天海つばさ、井川ゆい、西野花梨（小柳まりん、椎名くるみ）、RUMIKA、つくし（大沢つくし）、小桜沙樹、桜あい、今井ひろの、上原カエラ、初美りおん、希崎ジェシカ、Hitomi（田中瞳）、松生彩、恵けい、あのあるる、Ami、吉沢みなみ、間宮怜子、茉莉花、黒木アリサ、美月、あづみ、リナ・ディソン、鮎川なお、中居みゆ、早乙女ルイ、花井メイサ、冬月かえで、愛実（秋川ルイ）、つぼみ、村上里沙、佐山愛、水城奈緒、今野梨乃、大塚咲（小野沙樹、大滝佐紀）、恋小夜、真央♪、杉崎夏希、美優千奈、原更紗、春咲あずみ、翔田千里、新井エリー（晶エリー、大沢佑香）、葉月奈穂（葉月菜穂）、小川あさ美、Marin.、桐原あずさ（伊藤あずさ）、三浦亜沙妃、KYOKO、舞野まや、芦名未帆（稲森しほり）、妃乃ひかり、牧原れい子、松島かえで、白鳥あきら、Maika（MEW）、二宮沙樹、星野あかり、あおりんご、吉崎直緒、友田真希,https://www.javbus.com/RKI-144,
BBST-024 狂いたい爆乳達 4時間,BBST-024 狂いたい爆乳達 4時間,BBST-024,,2011-10-12,241分鐘,,ex,BoinBB,狂いたい爆乳,第一人稱攝影、乳交、合集、戀乳癖、巨乳,木咲美琴、櫻井夕樹、仁科百華、JULIA,https://www.javbus.com/BBST-024,
MKCK-028 SSS-BODY COMPLETE BOX,MKCK-028 SSS-BODY COMPLETE BOX,MKCK-028,,2011-10-09,855分鐘,,E-BODY,E-BODY,SSS-BODY,合集、巨乳、單體作品、DMM獨家,かすみりさ、初音みのり、桜ここみ、佳山三花、JULIA、竹内あい,https://www.javbus.com/MKCK-028,
IDBD-317 IP SUPER GIRLS BEST 100人16時間,IDBD-317 IP SUPER GIRLS BEST 100人16時間,IDBD-317,,2011-09-29,958分鐘,,アイデアポケット,アイデアポケットBEST,,合集、數位馬賽克、4小時以上作品、DMM獨家,希崎ジェシカ、岬リサ、希志あいの、辻さき、伊東エリ、大橋未久、千堂ゆりあ、成瀬心美（ここみ）、吉井玲奈、春乃花音、恋小夜、宮沢涼子、今野梨乃、乙音奈々、伊川なち、前嶋美歩、前田千春、水城奈緒、歩原らいと、綾瀬しおり、美上セリ、長谷川リオ、原更紗、愛嶋リーナ、星野優奈、杉崎夏希、白咲ひなの、浅華優、初音みのり、つぼみ、三浦亜沙妃、大城舞衣子、羽田夕夏、桃瀬えみる、二宮沙樹、寧々、穂花、あいだゆあ、nao.（小池ひとみ）、吉沢明歩、南波杏、かすみ果穂、上原優実、小川あさ美、桐原あずさ（伊藤あずさ）、Rio（柚木ティナ）、Marin.、みそぎあいる、山崎亜美、松島かえで、くるみ（未来）、芦名未帆（稲森しほり）、沢本あすか、夏希アンジュ、天海つばさ、一ノ瀬アメリ（美空あやか、栗栖エリカ）、☆LUNA☆、AYA、今井ひろの、希美まゆ、三村翔子、夏咲まりみ、桃野なごみ、水谷心音（藤崎りお）、木下柚花、管野しずか、菊美かりん、愛咲れいら（原千尋）、坂野由梨、杏樹紗奈、桐谷ユリア、有沢りさ、原田明絵、Maika（MEW）、辻仁美、JULIA、松浦ひろみ、初美りおん、麻生香月、沖田はづき、SAORI、松下怜、小沢麻緒、宮瀬あきな、夏海碧、楓ひみつ、美咲みゆ、星野梨緒、栗林里莉、麻田有希、優木ルナ、里美ゆりあ、桜あやめ、横山美雪、黒木いちか（東条かれん）、上原カエラ、明佐奈（土屋かなこ）、北川結衣、紗奈,https://www.javbus.com/IDBD-317,
MIBD-589 ノーブラ＆着衣巨乳Collection4時間,MIBD-589 ノーブラ＆着衣巨乳Collection4時間,MIBD-589,,2011-09-29,238分鐘,,ムーディーズ,MOODYZBest,,合集、各種職業、已婚婦女、戀乳癖、數位馬賽克、巨乳、DMM獨家,三ツ星りぼん、相澤リナ、花井桃、真央♪、Hitomi（田中瞳）、菅野さゆき、佐山愛、JULIA、竹内あい,https://www.javbus.com/MIBD-589,
IDBD-314 本番ですよっ！たびたび,IDBD-314 本番ですよっ！たびたび,IDBD-314,,2011-09-29,479分鐘,,アイデアポケット,アイデアポケットBEST,本番ですよっ！,合集、數位馬賽克、4小時以上作品、DMM獨家,原田明絵、希美まゆ、希崎ジェシカ、希志あいの、原更紗、里美ゆりあ、大橋未久、初音みのり、Rio（柚木ティナ）、nao.（小池ひとみ）、天海つばさ、菊美かりん、愛咲れいら（原千尋）、坂野由梨、杏樹紗奈、桐谷ユリア、JULIA、木下柚花、碧しの（篠めぐみ）、夏希アンジュ,https://www.javbus.com/IDBD-314,
T28-254 150人の巨乳娘がまたがってしてあげる 8時間,T28-254 150人の巨乳娘がまたがってしてあげる 8時間,T28-254,,2011-09-21,480分鐘,,TMA,TMA,またがってしてあげる,戀乳癖、女上位、4小時以上作品、巨乳,葵ぶるま、星野あかり、森ななこ、春咲あずみ、仁科百華、JULIA、鈴音りおな、成瀬心美（ここみ）,https://www.javbus.com/T28-254,
BIB-038 厳選美ッ痴！売れまくり高セールス極上FUCK,BIB-038 厳選美ッ痴！売れまくり高セールス極上FUCK,BIB-038,,2011-09-18,239分鐘,,美,BEST（美）,,蕩婦、合集、DMM獨家,杏堂なつ（榊れいな）、蒼井怜、夏樹あい、新名しおり、里美ゆりあ、大橋未久、森ななこ、紗奈、藤本AYAY、松嶋れいな、成瀬心美（ここみ）、綾瀬美都（内山遥）、浅乃ハルミ、あゆむ、妃悠愛（長澤杏奈、水原里香、木崎祐子）、管野しずか、JULIA,https://www.javbus.com/BIB-038,
MIBD-584 激バック100人8時間,MIBD-584 激バック100人8時間,MIBD-584,,2011-09-13,478分鐘,,ムーディーズ,MOODYZBest,,合集、數位馬賽克、4小時以上作品、DMM獨家,桐原エリカ、麻田有希、亜梨、葵ぶるま、杉崎りか、Hitomi（田中瞳）、仁科百華、JULIA、西真奈美（米倉夏弥）、南波杏,https://www.javbus.com/MIBD-584,
BOMN-035 巨乳パイズリSP3 乳フェチ向け パイズリしまくり4時間,BOMN-035 巨乳パイズリSP3 乳フェチ向け パイズリしまくり4時間,BOMN-035,,2011-09-12,239分鐘,,ABC/妄想族,BoinBB/ABC,巨乳スペシャル,乳交、合集、戀乳癖、巨乳,漣ゆめ、橘なお（上原海里）、椎名みくる、櫻井夕樹、辻井美穂、小出遥、北川瞳、星山里穂、仁科百華、JULIA,https://www.javbus.com/BOMN-035,
SMA-581 Mega-8時間 巨乳おっぱい女優50人,SMA-581 Mega-8時間 巨乳おっぱい女優50人,SMA-581,,2011-09-09,479分鐘,,マルクス兄弟,MARXBrothersco.,,蕩婦、乳交、戀乳癖、巨乳,黒沢せりな、黒木アリサ、阿部菜津子（福山洋子、織原寧々）、紅りんご、佐藤みき（佐藤美紀、鈴木志帆）、浅田ちち、鈴木さとみ、小坂めぐる、小林芽衣（小林メイ）、風間ゆみ、真中ちひろ、伊沢美春（伊沢美晴）、音羽レオン、浅乃ハルミ、鈴香音色、JULIA、木下若菜、坂本愛海、一ノ瀬あきら、一戸のぞみ,https://www.javbus.com/SMA-581,
MKCK-027 PERFECT BODY2,MKCK-027 PERFECT BODY2,MKCK-027,,2011-09-08,239分鐘,,E-BODY,E-BODY,PERFECTBODY,苗條、合集、巨乳、DMM獨家,佐々木はるか、上条めぐ（三浦芽依）、かすみりさ、小川あさ美、桜ここみ、北川瞳、仁科百華、JULIA、哀川りん、ましろ杏、立花結衣、菅野さゆき、水咲カレン,https://www.javbus.com/MKCK-027,
BOIN-096 巨乳・爆乳 乳変＆乳遊,BOIN-096 巨乳・爆乳 乳変＆乳遊,BOIN-096,,2011-09-02,120分鐘,,ex,BoinBB,巨乳・爆乳,其他戀物癖、戀乳癖、巨乳,小泉あずさ、木咲美琴、本原純、長谷川杏実（長谷川杏美）、漣ゆめ、永峰朋美（安岡たまき）、櫻庭茜、恵けい、平山薫、JULIA、櫻井夕樹、仁科百華、優花めぐみ、愛内ゆう、響まゆ,https://www.javbus.com/BOIN-096,
JUSD-363 Hカップ以上限定！爆乳美熟女20人の騎乗位とバックとパイズリ4時間,JUSD-363 Hカップ以上限定！爆乳美熟女20人の騎乗位とバックとパイズリ4時間,JUSD-363,,2011-09-01,239分鐘,,マドンナ,Madonna,,成熟的女人、乳交、合集、數位馬賽克、女上位、巨乳、DMM獨家,野原もも、青木りん、櫻井夕樹、恵けい、高島恭子、櫻井ゆうこ、有沢りさ、葉月奈穂（葉月菜穂）、城エレン、夢野まりあ、愛樹るい、JULIA、美原咲子、徠夢、時越芙美江、宮田まり、中森玲子、大林理恵（大林リエ）、小林芽衣（小林メイ）、君嶋かほり,https://www.javbus.com/JUSD-363,
IDBD-310 日めくりオナニーカレンダー2,IDBD-310 日めくりオナニーカレンダー2,IDBD-310,,2011-08-26,479分鐘,,アイデアポケット,アイデアポケットBEST,日めくりオナニーカレンダー,數位馬賽克、4小時以上作品、DMM獨家、自慰,SAORI、星野梨緒、小沢麻緒、希崎ジェシカ、沖田はづき、夏海碧、大橋未久、Rio（柚木ティナ）、つぼみ、芦名未帆（稲森しほり）、菊美かりん、愛咲れいら（原千尋）、坂野由梨、杏樹紗奈、桐谷ユリア、有沢りさ、原田明絵、Maika（MEW）、和希あや、辻仁美、JULIA、碧しの（篠めぐみ）、天海つばさ、今井ひろの、AYA、宮坂レイア、☆LUNA☆、一ノ瀬アメリ（美空あやか、栗栖エリカ）、希美まゆ、三村翔子、夏咲まりみ、水谷心音（藤崎りお）、麻生香月、成瀬心美（ここみ）、木下柚花、麻田有希、桜あやめ、横山美雪、黒木いちか（東条かれん）、美咲みゆ、初美りおん、北川結衣、栗林里莉、原更紗、吉沢明歩、優木ルナ、里美ゆりあ、初音みのり、美上セリ、恋小夜、乙音奈々、前嶋美歩、水城奈緒、Marin.、かすみ果穂、穂花、nao.（小池ひとみ）、松島かえで,https://www.javbus.com/IDBD-310,
IDBD-305 IDEAPOCKET 上半期傑作集2011,IDBD-305 IDEAPOCKET 上半期傑作集2011,IDBD-305,,2011-08-26,479分鐘,,アイデアポケット,アイデアポケットBEST,傑作集（アイデアポケット）,合集、數位馬賽克、4小時以上作品、顏射、DMM獨家,桐谷ユリア、原田明絵、希美まゆ、天海つばさ、希崎ジェシカ、希志あいの、大橋未久、Rio（柚木ティナ）、坂野由梨、JULIA、菊美かりん,https://www.javbus.com/IDBD-305,
CRAD-046 CROSS2010年下半期全18作品総集編8時間,CRAD-046 CROSS2010年下半期全18作品総集編8時間,CRAD-046,,2011-08-19,479分鐘,,クロス,CROSS,,強姦、合集、數位馬賽克、DMM獨家、肛交,上条めぐ（三浦芽依）、音羽レオン、春咲あずみ、JULIA、竹内結、水嶋あずみ、村西まりな、瀬奈涼、RUMIKA、雪見紗弥,https://www.javbus.com/CRAD-046,
BIB-035 美巨乳痴女31本番6時間～縦横無尽に激揺れ～,BIB-035 美巨乳痴女31本番6時間～縦横無尽に激揺れ～,BIB-035,,2011-08-14,359分鐘,,美,BEST（美）,,蕩婦、合集、乳房、4小時以上作品、巨乳、DMM獨家,愛あいり、真田春香、鈴木杏里、里美ゆりあ、森ななこ、仁科百華、JULIA、ayami（赤西涼、まひる）、成瀬心美（ここみ）、竹内あい、瀬名アスカ、浅乃ハルミ、ましろ杏、横山みれい、緋咲アンナ、杏堂なつ（榊れいな）、鈴音りおな、南りん、黒木アリサ、蒼井怜、杉原桃花,https://www.javbus.com/BIB-035,
BIB-036 男を犯す美尻痴女6時間～腰振りが止まらない～,BIB-036 男を犯す美尻痴女6時間～腰振りが止まらない～,BIB-036,,2011-08-14,359分鐘,,美,BEST（美）,,蕩婦、合集、屁股、4小時以上作品、DMM獨家,KYOKO、真田春香、大橋未久、小川あさ美、森ななこ、仁科百華、雪見紗弥、大塚咲（小野沙樹、大滝佐紀）、橘れもん、松嶋れいな、春咲あずみ、新井エリー（晶エリー、大沢佑香）、星野あかり、如月カレン、紗奈、上原カエラ、緋咲アンナ、長谷川聖那、管野しずか、泉麻那、井川ゆい、小野紗里奈、上条めぐ（三浦芽依）、北条麻妃、綾瀬美都（内山遥）、里美ゆりあ、新名しおり、夏樹あい、松生彩、JULIA,https://www.javbus.com/BIB-036,
OOMN-028 爆乳ナースと患者の母性愛セックス4時間,OOMN-028 爆乳ナースと患者の母性愛セックス4時間,OOMN-028,,2011-08-12,239分鐘,,ABC/妄想族,お母さん.com/ABC,美熟女プレイ集,成熟的女人、护士、乳交、巨乳、DMM獨家、打手槍,愛内ゆう、河瀬リナ、木咲美琴、真中ゆかり、漣ゆめ、野原もも、JULIA、葉月奈穂（葉月菜穂）,https://www.javbus.com/OOMN-028,
RKI-136 潮吹きベストの傑作 終わらない潮吹き100連発24時間,RKI-136 潮吹きベストの傑作 終わらない潮吹き100連発24時間,RKI-136,,2011-08-11,1438分鐘,,ROOKIE,ROOKIE,,潮吹、合集、4小時以上作品、DMM獨家,桜木凛、佐藤ショコラ、遥めぐみ、Rio（柚木ティナ）、JULIA、ましろ杏、綾瀬しおり、竹内あい、浜崎りお（森下えりか、篠原絵梨香）、ほしのみゆ、橘ミオン（石川鈴華）、水城奈緒、きこうでんみさ、初音みのり、君野ゆめ、高瀬七海、東野愛鈴、川上ゆう（森野雫）、めぐり（藤浦めぐ）、鮎川なお、小西那奈、大橋未久、佐山愛、ayami（赤西涼、まひる）、原更紗、春咲あずみ、桃瀬えみる、仲村もも、立花里子、北島優、紅音ほたる（秋月杏奈）、青木玲、長谷川美紅、吉沢明歩、南波杏、佐伯奈々、南つかさ、乃亜（鳥越乃亜）、新井エリー（晶エリー、大沢佑香）、青木りん、KAORI、麻美ゆま、片瀬まこ、小川あさ美、かすみ果穂、峰なゆか、西野翔、Marin.、北川瞳、松すみれ、北条麻妃、小向まな美、成瀬心美（ここみ）、愛斗ゆうき、里美ゆりあ、椎名ルイ、桜ここみ、佳山三花、Hitomi（田中瞳）、晴海カンナ、碧しの（篠めぐみ）、香月悠梨、原田明絵、西條るり、桜花えり、白瀬エリナ、大沢美加（廣田まりこ）、きよみ玲、周防ゆきこ、鈴木きあら（美空あいり）、妃悠愛（長澤杏奈、水原里香、木崎祐子）、水玉レモン、横山美雪、希志あいの、浅田ちち、森美咲、神崎みさと、森ななこ、仲村知夏、KYOKO、北川結衣、風間ゆみ、広瀬奈々美（堀口奈津美）、月見栞、希崎ジェシカ、黒木いちか（東条かれん）、KEI、恵けい、月野りさ、長澤あずさ、美咲みゆ、百華リオン、吉沢みなみ、冬月かえで、吉永純、花井メイサ,https://www.javbus.com/RKI-136,
JUSD-358 オナニーに耽る美熟女26人の痴態4時間,JUSD-358 オナニーに耽る美熟女26人の痴態4時間,JUSD-358,,2011-08-07,239分鐘,,マドンナ,Madonna,,成熟的女人、合集、數位馬賽克、DMM獨家、自慰,雨宮真貴、伊島香織、伊織涼子、森ななこ、立花みずき、JULIA、竹内結、横山みれい、篠原奈美、青木玲,https://www.javbus.com/JUSD-358,
MKCK-024 E-BODY高画質セックス4時間,MKCK-024 E-BODY高画質セックス4時間,MKCK-024,,2011-08-05,239分鐘,,E-BODY,E-BODY,E-BODY高画質セックス,合集、高畫質、巨乳、DMM獨家,水咲カレン、上条めぐ（三浦芽依）、かすみりさ、菅野さゆき、恵けい、森ななこ、青空小夏、仁科百華、JULIA、ましろ杏、松すみれ、北川瞳、若菜ちえ、哀川りん、湖南みるく、上村あずさ、美咲結衣、長谷川杏実（長谷川杏美）、高城ゆい、眞乃かすみ,https://www.javbus.com/MKCK-024,
MIBD-575 射精直前の気持ち良いピストン103連発 第2弾,MIBD-575 射精直前の気持ち良いピストン103連発 第2弾,MIBD-575,,2011-08-01,238分鐘,,ムーディーズ,MOODYZBest,射精直前の気持ち良いピストン,合集、4小時以上作品、DMM獨家,花村沙知、桐原エリカ、蒼井怜、葵ぶるま、菅野さゆき、乃々果花、里美ゆりあ、JULIA、RUMIKA、成瀬心美（ここみ）,https://www.javbus.com/MIBD-575,
IDBD-303 IPザーメン大感謝祭！特濃精子1000発24時間,IDBD-303 IPザーメン大感謝祭！特濃精子1000発24時間,IDBD-303,,2011-07-28,1438分鐘,,アイデアポケット,アイデアポケットBEST,,合集、數位馬賽克、顏射、單體作品、DMM獨家,希崎ジェシカ、桜川満月、渡瀬安奈、みそぎあいる、片瀬まこ、Rio（柚木ティナ）、Marin.、秋菜楓、あいだゆあ、Maika（MEW）、広瀬奈央美、桐原あずさ（伊藤あずさ）、大城舞衣子、青山菜々、三浦亜沙妃、MIMI、くるみ（未来）、つぼみ、前田千春、前嶋美歩、上原空、愛咲れいら（原千尋）、穂花、持田ゆき、nao.（小池ひとみ）、吉沢明歩、南波杏、芦名未帆（稲森しほり）、寧々、沙雪、桃瀬えみる、羽田夕夏、かすみ果穂、今井もも、金城美麗（REINA）、藤本まりな、伊川なち、乙音奈々、杏樹紗奈、黒木いちか（東条かれん）、横山美雪、桜あやめ、麻生香月、水谷心音（藤崎りお）、夏咲まりみ、希美まゆ、今井ひろの、AYA、一ノ瀬アメリ（美空あやか、栗栖エリカ）、天海つばさ、碧しの（篠めぐみ）、管野しずか、JULIA、有沢りさ、上原カエラ、美咲みゆ、岬リサ、今野梨乃、MIHO、恋小夜、歩原らいと、綾瀬しおり、初音みのり、杉崎夏希、原更紗、長谷川リオ、七瀬ゆうり、星美織、初美りおん、工藤れいか、松下怜、神崎みさと、瀬織さら、伊東エリ,https://www.javbus.com/IDBD-303,
IDBD-301 IP VENUS COLLECTION,IDBD-301 IP VENUS COLLECTION,IDBD-301,,2011-07-28,479分鐘,,アイデアポケット,アイデアポケットBEST,IPVENUSCOLLECTION,合集、數位馬賽克、4小時以上作品、單體作品、DMM獨家,菊美かりん、桐谷ユリア、原田明絵、和希あや、水谷心音（藤崎りお）、里美ゆりあ、初音みのり、木下柚花、JULIA、Maika（MEW）,https://www.javbus.com/IDBD-301,
IDBD-304 美女をイカせまくる激ピストン70発8時間,IDBD-304 美女をイカせまくる激ピストン70発8時間,IDBD-304,,2011-07-28,479分鐘,,アイデアポケット,アイデアポケットBEST,,合集、數位馬賽克、4小時以上作品、單體作品、DMM獨家,希崎ジェシカ、希志あいの、杉崎夏希、原更紗、千堂ゆりあ、管野しずか、かすみ果穂、つぼみ、美上セリ、夏川るい、松島かえで、伊東エリ、岬リサ、春乃花音、瀬織さら、楓ひみつ、夏海碧、神崎みさと、恋小夜、前嶋美歩、桃瀬えみる、二宮沙樹、穂花、nao.（小池ひとみ）、吉沢明歩、乙音奈々、芦名未帆（稲森しほり）、小川あさ美、Marin.、Rio（柚木ティナ）、沢本あすか、青山菜々、水城奈緒、小沢麻緒、松下怜、SAORI、三村翔子、愛咲れいら（原千尋）、今井ひろの、AYA、宮坂レイア、☆LUNA☆、天海つばさ、碧しの（篠めぐみ）、JULIA、辻仁美、和希あや、Maika（MEW）、原田明絵、有沢りさ、坂野由梨、夏咲まりみ、成瀬心美（ここみ）、沖田はづき、星野梨緒、栗林里莉、紗奈、北川結衣、初美りおん、美咲みゆ、明佐奈（土屋かなこ）、上原カエラ、横山美雪、桜あやめ、桃野なごみ、水谷心音（藤崎りお）、松浦ひろみ、麻生香月、麻田有希,https://www.javbus.com/IDBD-304,
BIB-034 激腰振り騎乗位！馬乗り痴女FUCK,BIB-034 激腰振り騎乗位！馬乗り痴女FUCK,BIB-034,,2011-07-22,239分鐘,,美,BEST（美）,,蕩婦、合集、女上位、DMM獨家,KYOKO、真田春香、里美ゆりあ、小川あさ美、森ななこ、仁科百華、JULIA、ayami（赤西涼、まひる）、滝沢優奈、松嶋れいな、横山みれい、みずほゆき、阿利希キリア（阿利希カレラ）、村西まりな、緋咲アンナ,https://www.javbus.com/BIB-034,
BBST-022 巨乳・爆乳 乳舐め揉みフェティッシュアングル ex3周年記念BEST 4時間,BBST-022 巨乳・爆乳 乳舐め揉みフェティッシュアングル ex3周年記念BEST 4時間,BBST-022,,2011-07-15,242分鐘,,ex,BoinBB,巨乳・爆乳,合集、戀乳癖、4小時以上作品、巨乳,美月ゆり、友野みゆき、篠田まい、黒田さな、宮崎あい、うるみゆう、仁科百華、JULIA、並木るか（橘ひな）、浅田ちち、西木美羽、秋乃マロン、宝生優果（羽野理沙）、小澤新音、波風きら、川峰さくら、羽田夕夏、妃乃ひかり、木下レイ、島谷小百合、安奈久美、西本はるみ、七尾みつみ、中森玲子、愛あいり、小倉ありさ、叶彩、徠夢、吉川桃、七海あい、真鍋紗愛、持田百恵、高島恭子、漣ゆめ、橘なお（上原海里）、菅なつみ、門倉真紀、仲村ろみひ、長谷川ミュウ、青木春、佐野るる、神崎レミ、倖田みらい、伊東このみ、櫻庭茜、星野あや、鈴花、まりん,https://www.javbus.com/BBST-022,
OKAS-076 近親相姦 お母さんに甘えっぱなし●児プレイ 2,OKAS-076 近親相姦 お母さんに甘えっぱなし●児プレイ 2,OKAS-076,,2011-07-15,120分鐘,,ex,お母さん.com,お母さんに甘えっぱなし,成熟的女人、母親、其他戀物癖、亂倫、打手槍,本宮リカコ、青山祥子、西城玲華、雨宮真貴、伊織涼子、中野彩、小出遥、JULIA、北条美里、加藤ツバキ（夏樹カオル）,https://www.javbus.com/OKAS-076,
BOMN-033 ボインボックス 撮影時マル秘面接ドキュメント 4時間,BOMN-033 ボインボックス 撮影時マル秘面接ドキュメント 4時間,BOMN-033,,2011-07-15,239分鐘,,ABC/妄想族,BoinBB/ABC,Boin「○○」Box,戀乳癖、纪录片、巨乳,西井優香、愛内ゆう、瀬戸みずほ、鮎川まどか、漣ゆめ、西野花梨（小柳まりん、椎名くるみ）、恵けい、星山里穂、仁科百華、JULIA,https://www.javbus.com/BOMN-033,
RKI-130 鮮明な映像美！高画質SEX 16時間,RKI-130 鮮明な映像美！高画質SEX 16時間,RKI-130,,2011-07-14,959分鐘,,ROOKIE,ROOKIE,,合集、4小時以上作品、DMM獨家,天海つばさ、かすみりさ、横山みれい、ましろ杏、碧しの（篠めぐみ）、かすみ果穂、つぼみ、ほしのみゆ、村上涼子（中村りかこ、黒木菜穂）、妃乃ひかり、小川あさ美、初音みのり、竹内あい、水城奈緒、春咲あずみ、青山菜々、佐山愛、大橋未久、めぐり（藤浦めぐ）、ERIKA（モカ、MOKA）、川上ゆう（森野雫）、七海なな、桜木凛、あすか伊央、冬月かえで、Rio（柚木ティナ）、KAORI、中森玲子、松嶋れいな、青木玲、長谷川美紅、水元ゆうな、吉沢明歩、蒼井そら、風間ゆみ、西野翔、二宮沙樹、黒木麻衣（花野真衣、SHIHO）、新井エリー（晶エリー、大沢佑香）、麻美ゆま、森ななこ、希志あいの、妃悠愛（長澤杏奈、水原里香、木崎祐子）、泉麻那、鈴木きあら（美空あいり）、麻倉憂、周防ゆきこ、きよみ玲、大沢美加（廣田まりこ）、管野しずか、結城みさ、橘なお（上原海里）、西條るり、JULIA、大堀香奈、仁科百華、優希まこと、ももかりん、亜希菜、希美まゆ、佐藤みき（佐藤美紀、鈴木志帆）、真木こころ、長澤あずさ、月野りさ、恵けい、横山美雪、希崎ジェシカ、Hitomi（田中瞳）、佳山三花、桜ここみ、鈴香音色、里美ゆりあ、春菜はな、松すみれ、RUMIKA、椎名ゆな、北条麻妃、成瀬心美（ここみ）,https://www.javbus.com/RKI-130,
RKI-131 ROOKIE’s Best 2010,RKI-131 ROOKIE’s Best 2010,RKI-131,,2011-07-14,959分鐘,,ROOKIE,ROOKIE,ROOKIE’sBest,企畫、合集、4小時以上作品、DMM獨家,麻美ゆま、JULIA、真白希実、大沢美加（廣田まりこ）、RUMIKA、管野しずか、北条麻妃、大塚咲（小野沙樹、大滝佐紀）、つぼみ、妃乃ひかり、桜井みく、長澤エミリ、麻倉憂、大堀香奈,https://www.javbus.com/RKI-131,
SDMT-472 人気AV女優×人気SOD企画 女優祭7時間40分,SDMT-472 人気AV女優×人気SOD企画 女優祭7時間40分,SDMT-472,,2011-07-04,465分鐘,,SODクリエイト,VALUE,,企畫、合集、4小時以上作品,ももかりん、AYA、恵けい、波多野結衣、春咲あずみ、JULIA、大沢美加（廣田まりこ）、妃悠愛（長澤杏奈、水原里香、木崎祐子）、北条麻妃、松嶋れいな,https://www.javbus.com/SDMT-472,
JUSD-352 野外露出で悶える美熟女達の痴態4時間,JUSD-352 野外露出で悶える美熟女達の痴態4時間,JUSD-352,,2011-07-01,239分鐘,,マドンナ,Madonna,,成熟的女人、野外・露出、合集、多P、數位馬賽克、DMM獨家,芦名紗希、恵けい、JULIA、管野しずか、甲斐ミハル、中森玲子、明星ちかげ、はるか悠、牧原れい子、水元ゆうな、伊島香織,https://www.javbus.com/JUSD-352,
JUSD-349 2010年マドンナ全271タイトル12時間,JUSD-349 2010年マドンナ全271タイトル12時間,JUSD-349,,2011-06-25,717分鐘,,マドンナ,Madonna,○○年マドンナ全タイトル,成熟的女人、合集、數位馬賽克、DMM獨家,愛あいり、波多野結衣、加山なつこ、JULIA、竹内結、横山みれい、浅倉彩音、管野しずか、艶堂しほり（遠藤しおり）、佐藤みき（佐藤美紀、鈴木志帆）,https://www.javbus.com/JUSD-349,
IDBD-298 とことん美女を追い詰めろ！ 屈辱の強姦レイプ8時間,IDBD-298 とことん美女を追い詰めろ！ 屈辱の強姦レイプ8時間,IDBD-298,,2011-06-25,479分鐘,,アイデアポケット,アイデアポケットBEST,,強姦、合集、數位馬賽克、DMM獨家,天海つばさ、青山菜々、藤本まりな、小川あさ美、片瀬まこ、かすみ果穂、桐原あずさ（伊藤あずさ）、一ノ瀬アメリ（美空あやか、栗栖エリカ）、芦名未帆（稲森しほり）、寧々、つぼみ、希美まゆ、希崎ジェシカ、黒木いちか（東条かれん）、瀬織さら、長谷川リオ、原更紗、今野梨乃、水城奈緒、JULIA,https://www.javbus.com/IDBD-298,
BIB-032 淫乱痴女SEX傑作8時間,BIB-032 淫乱痴女SEX傑作8時間,BIB-032,,2011-06-19,479分鐘,,美,BEST（美）,,蕩婦、合集、DMM獨家,杉原桃花、松生彩、KYOKO、真田春香、里美ゆりあ、森ななこ、JULIA、ayami（赤西涼、まひる）、橘れもん、新井エリー（晶エリー、大沢佑香）、滝沢優奈、杏堂なつ（榊れいな）、成瀬心美（ここみ）、瀬名アスカ、管野しずか、村西まりな、阿利希キリア（阿利希カレラ）、泉麻那、みずほゆき、RUMIKA、横山みれい、小桜沙樹、あゆむ、浅乃ハルミ、緋咲アンナ,https://www.javbus.com/BIB-032,
BIB-031 特選美人SEX完全網羅8時間,BIB-031 特選美人SEX完全網羅8時間,BIB-031,,2011-06-19,479分鐘,,美,BEST（美）,,合集、DMM獨家,鈴木杏里、里美ゆりあ、大橋未久、小川あさ美、JULIA、紗奈、橘れもん、広瀬奈々美（堀口奈津美）、鮎川なお、新井エリー（晶エリー、大沢佑香）、西野翔、滝沢優奈、松嶋れいな、如月カレン、水元ゆうな、黒木アリサ、月野りさ、上原カエラ、管野しずか、魅麗、妃悠愛（長澤杏奈、水原里香、木崎祐子）、井川ゆい、小野紗里奈、小桜沙樹、あゆむ、北条麻妃、瀬名アスカ、杏堂なつ（榊れいな）、新名しおり、蒼井怜、夏樹あい、松生彩、鈴音りおな,https://www.javbus.com/BIB-031,
CRAD-045 CROSS集団FUCK乱交＆輪姦ベスト8時間,CRAD-045 CROSS集団FUCK乱交＆輪姦ベスト8時間,CRAD-045,,2011-06-19,479分鐘,,クロス,CROSS,,女同性戀、濫交、合集、數位馬賽克、DMM獨家,北川エリカ、上条めぐ（三浦芽依）、小澤マリア、JULIA、あづみ、早乙女ルイ、新井エリー（晶エリー、大沢佑香）、藤宮櫻花（眞雪ゆん）、妃乃ひかり、友田真希,https://www.javbus.com/CRAD-045,
BOIN-088 巨乳・爆乳 爆乳OLセクハラ乳姦レイプ,BOIN-088 巨乳・爆乳 爆乳OLセクハラ乳姦レイプ,BOIN-088,,2011-06-18,121分鐘,,ex,BoinBB,巨乳・爆乳,OL、強姦、凌辱、巨乳,葉山志穂、来栖あさみ、瀬戸みずほ、鮎川まどか、恵けい、松すみれ、仁科百華、JULIA,https://www.javbus.com/BOIN-088,
OKAS-070 昼下がり、美熟母のオナニーいろいろ 2,OKAS-070 昼下がり、美熟母のオナニーいろいろ 2,OKAS-070,,2011-06-18,119分鐘,,ex,お母さん.com,昼下がり、美熟母のオナニーいろいろ,成熟的女人、母親、自慰,山岡もも恵、青山祥子、藤倉香里、飯倉美奈子、雨宮真貴、堀越香奈、桐岡さつき、JULIA、加賀ゆり子、北原夏美、北園梓、澤美レミ、杉山あゆみ、鷹宮りょう、風見なな,https://www.javbus.com/OKAS-070,
BOMN-031 3D ボインボックス ディレクターズカット,BOMN-031 3D ボインボックス ディレクターズカット,BOMN-031,,2011-06-17,119分鐘,,ABC/妄想族,BoinBB/ABC,Boin「○○」Box,乳交、戀乳癖、女上位、巨乳,恵けい、松すみれ、仁科百華、JULIA,https://www.javbus.com/BOMN-031,
BOIN-089 巨乳・爆乳 デカパイ娘の乳揺れむしゃぶりフェラ 2,BOIN-089 巨乳・爆乳 デカパイ娘の乳揺れむしゃぶりフェラ 2,BOIN-089,,2011-06-14,119分鐘,,ex,BoinBB,巨乳・爆乳,口交、戀乳癖、巨乳,桜木なち、来栖あさみ、黒沢せりな、大沢かえで、真鍋紗愛、橘なお（上原海里）、恵けい、小出遥、平山薫、JULIA、伊沢美春（伊沢美晴）、中野愛里、有永すずか、山田マリコ、星山里穂,https://www.javbus.com/BOIN-089,
MIBD-567 MOODYZ2010年下半期BEST100タイトル8時間,MIBD-567 MOODYZ2010年下半期BEST100タイトル8時間,MIBD-567,,2011-06-13,478分鐘,,ムーディーズ,MOODYZBest,MOODYZ○○○○年○半期,合集、數位馬賽克、DMM獨家,桐原エリカ、亜梨、原更紗、西野翔、Hitomi（田中瞳）、里美ゆりあ、JULIA、ましろ杏、ひなのりく、つぼみ,https://www.javbus.com/MIBD-567,
MKCK-020 潮吹き30連発！！！,MKCK-020 潮吹き30連発！！！,MKCK-020,,2011-06-10,239分鐘,,E-BODY,E-BODY,,潮吹、合集、手指插入、DMM獨家,あおい、二宮せりな、石黒沙良、川瀬愛美、里崎マリヤ、愛実（秋川ルイ）、桜ここみ、浅乃ハルミ、紅りんご、妃乃ひかり、澄川ロア、小川あさ美、木村彩、eco、桜井エミリ、JULIA、高倉舞、菅野さゆき、乙葉真希、諸星セイラ（百瀬涼）、高瀬ひとみ、石原こと、愛沢蓮、恵けい、佐田あゆみ、一戸のぞみ、緋村由衣、Ryo,https://www.javbus.com/MKCK-020,
MIBD-566 AV女優が自宅に押しかけSEXしまくり 8時間,MIBD-566 AV女優が自宅に押しかけSEXしまくり 8時間,MIBD-566,,2011-06-10,478分鐘,,ムーディーズ,MOODYZBest,○○が自宅に押しかけSEXしまくり,合集、數位馬賽克、DMM獨家,JULIA、大沢美加（廣田まりこ）、ましろ杏、麻倉憂、ひなのりく、つぼみ,https://www.javbus.com/MIBD-566,
WNZ-328 THE 巨乳 BEST 4時間,WNZ-328 THE 巨乳 BEST 4時間,WNZ-328,,2011-06-01,241分鐘,,ワンズファクトリー,WANZ,,乳交、合集、戀乳癖、4小時以上作品、巨乳,漣ゆめ、真中ちひろ、愛あいり、音羽レオン、高島恭子、JULIA、吉沢みなみ、浅倉彩音、諸星セイラ（百瀬涼）、佐藤みき（佐藤美紀、鈴木志帆）、愛実（秋川ルイ）、一ノ瀬あきら、水城奈緒、星野あかり、加山なつこ、中森玲子、黒木せりな,https://www.javbus.com/WNZ-328,
MIBD-564 世界クラスのデカチンで口・マ○コ同時串刺し159連発,MIBD-564 世界クラスのデカチンで口・マ○コ同時串刺し159連発,MIBD-564,,2011-06-01,240分鐘,,ムーディーズ,MOODYZBest,,口交、合集、多P、數位馬賽克、DMM獨家,みずほ、シャンドン萌、聖まりあ、一ノ瀬カレン、藤本まりな、JULIA、北田優歩、水嶋友穂、あいだゆあ、妃乃ひかり,https://www.javbus.com/MIBD-564,
BIB-030 綺麗なお姉さんに犯されたい-女教師のふしだらな日常SEX-,BIB-030 綺麗なお姉さんに犯されたい-女教師のふしだらな日常SEX-,BIB-030,,2011-05-21,239分鐘,,美,BEST（美）,,女教師、合集、姐姐、DMM獨家,魅麗、杏堂なつ（榊れいな）、夏樹あい、杉原桃花、西野翔、里美ゆりあ、紗奈、松嶋れいな、如月カレン、水元ゆうな、瀬名アスカ、浅乃ハルミ、北条麻妃、あゆむ、小野紗里奈、みずほゆき、JULIA,https://www.javbus.com/BIB-030,
JUSD-343 高画質で観る美熟女40人の絶頂フェラ抜き8時間,JUSD-343 高画質で観る美熟女40人の絶頂フェラ抜き8時間,JUSD-343,,2011-05-21,476分鐘,,マドンナ,Madonna,,成熟的女人、口交、合集、數位馬賽克、高畫質、DMM獨家,池田美和子、宇喜多かすみ、伊沢美春（伊沢美晴）、中野彩、結城みさ、横山みれい、雪見紗弥、山口玲子、村上涼子（中村りかこ、黒木菜穂）、牧原れい子、JULIA、Seiko。、江原あけみ（美輪ちあき）、真下礼子、桐岡さつき、優木明日花、本条直子、松沢麗、長谷川美紅、黒木麻衣（花野真衣、SHIHO）、妃乃ひかり、池田喜代子、さくらい葉菜、伊吹稟、沢村麻耶、甲斐ミハル、波多野結衣、佐藤みき（佐藤美紀、鈴木志帆）、中森玲子、鷹宮りょう、澤村レイコ（高坂保奈美、高坂ますみ）、森ななこ、芹沢恋、春風えみ、浜崎りお（森下えりか、篠原絵梨香）、柳田やよい、小向杏奈（桜井麻美）、加藤ツバキ（夏樹カオル）、白鳥美雪,https://www.javbus.com/JUSD-343,
BIB-029 官能的・接吻FUCK-美の接吻、全て見せます-,BIB-029 官能的・接吻FUCK-美の接吻、全て見せます-,BIB-029,,2011-05-21,359分鐘,,美,BEST（美）,,其他戀物癖、合集、DMM獨家,KYOKO、真田春香、鈴木杏里、里美ゆりあ、JULIA、ayami（赤西涼、まひる）、管野しずか、成瀬心美（ここみ）、橘れもん、滝沢優奈、阿利希キリア（阿利希カレラ）、ももかりん、井川ゆい、横山みれい、小桜沙樹、村西まりな、緋咲アンナ、瀬名アスカ、黒木アリサ、松生彩、鈴音りおな,https://www.javbus.com/BIB-029,
OOMN-025 厳選！！美熟母 お母さんの止まらない騎乗位,OOMN-025 厳選！！美熟母 お母さんの止まらない騎乗位,OOMN-025,,2011-05-16,119分鐘,,ABC/妄想族,お母さん.com/ABC,美熟女プレイ集,成熟的女人、母親、女上位、DVD多士爐、DMM獨家,志村和美、橘実加、丘美和子、青山祥子、花村いづみ、波多野結衣、桐岡さつき、JULIA、羽月希、加賀ゆり子、鮎川るい、生田沙織、加藤ツバキ（夏樹カオル）、秋川真理、中森玲子、若林ひかる、藤森綾子、中野彩、宇喜多かすみ、西城玲華,https://www.javbus.com/OOMN-025,
MIBD-561 人気女優の騎乗位30人4時間,MIBD-561 人気女優の騎乗位30人4時間,MIBD-561,,2011-05-13,238分鐘,,ムーディーズ,MOODYZBest,,合集、數位馬賽克、女上位、DMM獨家,七色あん、西野花梨（小柳まりん、椎名くるみ）、原更紗、里美ゆりあ、大橋未久、佐山愛、JULIA、浅乃ハルミ、成瀬心美（ここみ）、竹内あい,https://www.javbus.com/MIBD-561,
MKCK-018 バキュームフェラ50連発4時間,MKCK-018 バキュームフェラ50連発4時間,MKCK-018,,2011-05-12,239分鐘,,E-BODY,E-BODY,,口交、合集、DMM獨家,緋村由衣、石黒沙良、川瀬愛美、里崎マリヤ、高梨風花、春風えみ、JULIA、哀川りん、飯島夏希、紅城まゆ、一戸のぞみ、佐田あゆみ、宝生優果（羽野理沙）、澄川ロア、真田春香、峰なゆか、羽田夕夏、木村彩、春咲あずみ、竹内あい、大塚咲（小野沙樹、大滝佐紀）、香坂杏奈、浜崎りお（森下えりか、篠原絵梨香）、望月けい、亜梨、ましろ杏、真矢ゆき、高島恭子、菅野さゆき、伊沢美春（伊沢美晴）、池田美和子、長谷川杏実（長谷川杏美）、洋子、美咲結衣、上村あずさ、諸星セイラ（百瀬涼）、青木莉子（桜まい、片岡さき）、片岡梨沙、女池さゆり、真中ゆかり、浅乃ハルミ、石原こと、吉川えみり、宮坂レイア、二宮せりな、高瀬ひとみ、青空小夏、若菜ちえ,https://www.javbus.com/MKCK-018,
MKCK-019 E-BODYバックファッカー4時間,MKCK-019 E-BODYバックファッカー4時間,MKCK-019,,2011-05-12,239分鐘,,E-BODY,E-BODY,,其他戀物癖、合集、DMM獨家,広瀬ゆな、愛沢蓮、菅野さゆき、百花エミリ、長澤あずさ、恵けい、桜ここみ、黒木アリサ、中森玲子、宮藤レイコ、愛実（秋川ルイ）、花井メイサ、春咲あずみ、小川あさ美、亜梨、浅乃ハルミ、JULIA、橘なお（上原海里）、池田美和子、伊沢美春（伊沢美晴）、乙葉真希、朋香めい、高島恭子、立花結衣、高城ゆい、真矢ゆき、松すみれ、ましろ杏、諸星セイラ（百瀬涼）、湖南みるく,https://www.javbus.com/MKCK-019,
MIBD-558 巨乳でしかも美形女優のパイズリ101連射,MIBD-558 巨乳でしかも美形女優のパイズリ101連射,MIBD-558,,2011-05-01,238分鐘,,ムーディーズ,MOODYZBest,,乳交、合集、戀乳癖、數位馬賽克、巨乳、DMM獨家,Hitomi（田中瞳）、佐山愛、仁科百華、JULIA、松嶋れいな、あいだゆあ、安原真美、妃乃ひかり、舞岡結希、青木玲,https://www.javbus.com/MIBD-558,
BOIN-083 巨乳・爆乳 馬乗りパイズリ狭射マウントポジション！！,BOIN-083 巨乳・爆乳 馬乗りパイズリ狭射マウントポジション！！,BOIN-083,,2011-04-26,105分鐘,,ex,BoinBB,巨乳・爆乳,乳交、戀乳癖、巨乳,松金めぐみ、立花結衣、漣ゆめ、真中ちひろ、橘なお（上原海里）、櫻井夕樹、平山薫、高島恭子、仁科百華、JULIA、鈴香音色、恵けい、愛実（秋川ルイ）、山田マリコ、星山里穂,https://www.javbus.com/BOIN-083,
BOIN-084 巨乳・爆乳 正常位の乳揺れ,BOIN-084 巨乳・爆乳 正常位の乳揺れ,BOIN-084,,2011-04-26,122分鐘,,ex,BoinBB,巨乳・爆乳,护士、戀乳癖、高中女生、巨乳,武田もも、鈴花、永峰朋美（安岡たまき）、櫻庭茜、伊東このみ、星野あや、宝生優果（羽野理沙）、逢沢なお（青山れあ）、鈴香音色、乙宮ゆう、叶彩、二宮せりな、徠夢、倖田みらい、恵けい、羽田夕夏、木下レイ、青木りん、有永すずか、うるみゆう、愛実（秋川ルイ）、ひなの、本田ゆかり、長谷川ミュウ、森永ひよこ、成田幸恵、桜あい、平山薫、長谷川杏実（長谷川杏美）、JULIA、若菜優衣、大沢かえで、櫻井夕樹、黒沢せりな、瀬戸みずほ、星山里穂、西井優香、橘なお（上原海里）、漣ゆめ、伊沢美春（伊沢美晴）、若葉まゆこ、吉川桃、七海あい、西野花梨（小柳まりん、椎名くるみ）、松すみれ、真鍋紗愛、高城ゆい、松金めぐみ、持田百恵、明日香芽衣、まりん,https://www.javbus.com/BOIN-084,
BOIN-082 巨乳・爆乳 デカパイ娘の乳揺れむしゃぶりフェラ,BOIN-082 巨乳・爆乳 デカパイ娘の乳揺れむしゃぶりフェラ,BOIN-082,,2011-04-26,100分鐘,,ex,BoinBB,巨乳・爆乳,口交、戀乳癖、巨乳,小泉あずさ、花蓮、長谷川杏実（長谷川杏美）、高城ゆい、立花結衣、漣ゆめ、真中ちひろ、櫻井夕樹、仁科百華、JULIA、横山みれい、桜あい、森永ひよこ、山田マリコ、倉谷果歩,https://www.javbus.com/BOIN-082,
ABCB-004 巨乳50人のたっぷり授乳プレイ＋手コキ祭り 4時間,ABCB-004 巨乳50人のたっぷり授乳プレイ＋手コキ祭り 4時間,ABCB-004,,2011-04-24,239分鐘,,ABC/妄想族,ABC,巨乳スペシャル,戀乳癖、巨乳、DMM獨家、打手槍,柏木みあ、木咲美琴、本原純、大沢かえで、長谷川杏実（長谷川杏美）、持田百恵、伊織涼子、平山薫、仁科百華、JULIA、立花結衣、櫻井夕樹、瀬戸みずほ、花蓮、桜あい、森永ひよこ、徠夢、二宮せりな、武田もも、恵けい、本田ゆかり、鮎川るい、羽田夕夏、若葉まゆこ、星山里穂,https://www.javbus.com/ABCB-004,
BIB-028 2010年完全総集編,BIB-028 2010年完全総集編,BIB-028,,2011-04-21,239分鐘,,美,BEST（美）,,合集、DMM獨家,KYOKO、西野翔、鈴木杏里、里美ゆりあ、JULIA、成瀬心美（ここみ）、北条麻妃、滝沢優奈、松嶋れいな、水元ゆうな、鈴音りおな、緋咲アンナ、管野しずか、村西まりな、阿利希キリア（阿利希カレラ）、みずほゆき、妃悠愛（長澤杏奈、水原里香、木崎祐子）、井川ゆい、横山みれい、如月カレン,https://www.javbus.com/BIB-028,
JUSD-337 絶品グラマラス熟ボディ20人8時間,JUSD-337 絶品グラマラス熟ボディ20人8時間,JUSD-337,,2011-04-21,479分鐘,,マドンナ,Madonna,絶品グラマラス熟ボディ,成熟的女人、合集、數位馬賽克、DMM獨家,小林さとみ、森山杏菜（森山杏奈）、池田美和子、さくらい葉菜、伊沢美春（伊沢美晴）、平山薫、高島恭子、横山みれい、華山美玲、黒木麻衣（花野真衣、SHIHO）、JULIA、櫻井夕樹、荒木瞳、小出遥、伊島香織、青木玲、葉月奈穂（葉月菜穂）、中森玲子、恵けい、ましろ杏,https://www.javbus.com/JUSD-337,
BOMN-029 2010ボインボックス下半期BEST 4時間,BOMN-029 2010ボインボックス下半期BEST 4時間,BOMN-029,,2011-04-16,239分鐘,,ABC/妄想族,BoinBB/ABC,Boin「○○」Box,乳交、合集、戀乳癖、巨乳,瀬戸みずほ、黒沢せりな、かえでみく、大沢かえで、長谷川杏実（長谷川杏美）、櫻井夕樹、平山薫、星山里穂、仁科百華、JULIA、立花結衣、高城ゆい、松すみれ、有永すずか、鮎川まどか,https://www.javbus.com/BOMN-029,
BOIN-080 巨乳・爆乳 顔面パイズリ乳圧迫 ついに、出た！乳の新ジャンル！,BOIN-080 巨乳・爆乳 顔面パイズリ乳圧迫 ついに、出た！乳の新ジャンル！,BOIN-080,,2011-04-13,102分鐘,,ex,BoinBB,巨乳・爆乳,乳交、戀乳癖、巨乳,瀬戸みずほ、朋香めい、有永すずか、西野花梨（小柳まりん、椎名くるみ）、櫻井夕樹、松すみれ、JULIA,https://www.javbus.com/BOIN-080,
MIBD-554 厳選美女のフェラチオ！40人4時間,MIBD-554 厳選美女のフェラチオ！40人4時間,MIBD-554,,2011-04-13,239分鐘,,ムーディーズ,MOODYZBest,,口交、合集、數位馬賽克、DMM獨家,七色あん、亜梨、くるみひな、Hitomi（田中瞳）、大橋未久、佐山愛、JULIA、ERIKA（モカ、MOKA）、愛菜りな、鮎川なお,https://www.javbus.com/MIBD-554,
MKCK-017 濡れ過ぎたカラダ50人,MKCK-017 濡れ過ぎたカラダ50人,MKCK-017,,2011-04-09,239分鐘,,E-BODY,E-BODY,,其他戀物癖、合集、巨乳、DMM獨家,塚本渚、黒澤あみ、朋香めい、夏海ナミ、伊沢美春（伊沢美晴）、かすみりさ、菅野さゆき、桜ここみ、JULIA、大塚咲（小野沙樹、大滝佐紀）、仲村美緒、橘なお（上原海里）、立花結衣、高城ゆい、七葉しほり、Ryo、春咲あずみ、竹内あい、浜崎りお（森下えりか、篠原絵梨香）、紅城まゆ、ましろ杏、上条めぐ（三浦芽依）、松すみれ、長谷川杏実（長谷川杏美）、美咲結衣、長澤あずさ、恵けい、亜梨、南ナミ、浅乃ハルミ、石原こと、宮坂レイア、二宮せりな、高瀬ひとみ、青空小夏、黒木アリサ、中森玲子、上村あずさ、湖南みるく、哀川りん、すずきりりか、若菜ちえ、瀬戸みずほ、百花エミリ、本田ゆかり、広瀬ゆな、川瀬愛美、諸星セイラ（百瀬涼）,https://www.javbus.com/MKCK-017,
SDMT-393 SOFT ON DEMAND 男性ユーザー100万人が選んだ！確実にヌケる巨乳女優 2010年間BEST.20,SDMT-393 SOFT ON DEMAND 男性ユーザー100万人が選んだ！確実にヌケる巨乳女優 2010年間BEST.20,SDMT-393,,2011-04-05,235分鐘,,SODクリエイト,VALUE,SOFTONDEMAND男性ユーザー100万人が選んだ！,合集、戀乳癖、多P、羞恥、巨乳,真木奏、海老原ひとみ、Nina、SARAH、相澤リナ、彩音まい、範田紗々、春咲あずみ、JULIA、諸星セイラ（百瀬涼）、ましろ杏,https://www.javbus.com/SDMT-393,
HAOZ-001 巨乳素人大図鑑 完全保存版 HD,HAOZ-001 巨乳素人大図鑑 完全保存版 HD,HAOZ-001,,2011-04-01,119分鐘,,青空ソフト,青空ソフト,巨乳素人図鑑,合集、戀乳癖、高畫質、巨乳,橘なお（上原海里）、松すみれ、JULIA、ましろ杏、諸星セイラ（百瀬涼）、水城奈緒、浜崎りお（森下えりか、篠原絵梨香）,https://www.javbus.com/HAOZ-001,
OOMN-024 フェラをしたがる母親達4時間 3,OOMN-024 フェラをしたがる母親達4時間 3,OOMN-024,,2011-03-27,239分鐘,,ABC/妄想族,お母さん.com/ABC,フェラをしたがる母親達,成熟的女人、母親、口交、69、打手槍,青山祥子、宇喜多かすみ、森宮亜希、杉山あゆみ、桐岡さつき、JULIA、加賀ゆり子、桜みちる、鮎川るい、秋川りお（美月このみ）、山岡もも恵、寺崎悠子、坂田美影、夏海エリカ、月島アスカ、坂上えりか、浅田ちち、安西里緒菜、城エレン、杉本亜美,https://www.javbus.com/OOMN-024,
HITMA-059 巨乳騎乗位 HYPER BEST HD 4時間,HITMA-059 巨乳騎乗位 HYPER BEST HD 4時間,HITMA-059,,2011-03-25,237分鐘,,TMA,Hi-TMA,HYPERBESTHD,合集、女上位、4小時以上作品、高畫質、巨乳,松すみれ、JULIA、成瀬心美（ここみ）、水城奈緒、大塚咲（小野沙樹、大滝佐紀）、広瀬奈々美（堀口奈津美）、浜崎りお（森下えりか、篠原絵梨香）、妃乃ひかり,https://www.javbus.com/HITMA-059,
BIB-026 究極のクビレた肉体,BIB-026 究極のクビレた肉体,BIB-026,,2011-03-20,239分鐘,,美,BEST（美）,,合集、DMM獨家,蒼井怜、夏樹あい、上原カエラ、鈴木杏里、里美ゆりあ、JULIA、黒木アリサ、竹内あい、松嶋れいな、水元ゆうな、みずほゆき、小野紗里奈、横山みれい、小桜沙樹、北条麻妃、浅乃ハルミ、緋咲アンナ、瀬名アスカ、杏堂なつ（榊れいな）、南りん、成瀬心美（ここみ）、鈴音りおな,https://www.javbus.com/BIB-026,
WNZ-298 ディルドオナニー 22人4時間,WNZ-298 ディルドオナニー 22人4時間,WNZ-298,,2011-03-20,238分鐘,,ワンズファクトリー,WANZ,,玩具、4小時以上作品、自慰,望多つばさ、愛乃みやび、大城美咲、七瀬あさみ、持田百恵、結城みさ、瑠菜（安西瑠菜、RUNA）、碧しの（篠めぐみ）、RUMIKA、妃悠愛（長澤杏奈、水原里香、木崎祐子）、愛菜りな、愛実（秋川ルイ）、黒木アリサ、月野りさ、南りん、北条麻妃、水城奈緒、大槻ひびき、JULIA、中野愛里、あづみ、寺島ちひろ,https://www.javbus.com/WNZ-298,
RKI-114 THE AV WORLD SPECIAL このカ・ラ・ダ超絶品。 50体480分,RKI-114 THE AV WORLD SPECIAL このカ・ラ・ダ超絶品。 50体480分,RKI-114,,2011-03-17,479分鐘,,ROOKIE,ROOKIE,THEAVWORLDSPECIAL,合集、巨乳、DMM獨家,小澤マリア、小川あさ美、佳山三花、麻美ゆま、JULIA、水城奈緒、葉月奈穂（葉月菜穂）、芦名未帆（稲森しほり）、穂花、あいだゆあ、鈴木さとみ、藤本リーナ、伊東菜々、ましろ杏、椎名ゆな、AYA、桃野なごみ、桐原エリカ、大野梨華、eco、小西那奈、かすみりさ、ERIKA（モカ、MOKA）、ベティ・リン、辻さき、瀬織さら、星アンジェ、松下怜、桜ここみ、水森れん、真田春香、竹内あい、青山菜々、桜庭ハル、鈴木杏里、妃乃ひかり、羽田夕夏、松島かえで、恋小夜、大塚咲（小野沙樹、大滝佐紀）、峰なゆか、沙雪、松嶋れいな、涼果りん、神崎麻衣、水元ゆうな、風間ゆみ,https://www.javbus.com/RKI-114,
BBST-019 爆乳騎乗位 2,BBST-019 爆乳騎乗位 2,BBST-019,,2011-03-16,121分鐘,,ex,BoinBB,爆乳騎乗位,护士、戀乳癖、女上位、校服、巨乳,唯咲あかね、絢音マリカ、飯浜紀香、工藤れいか、二岡ゆり、紗奈、中森玲子、浅田ちち、水澤あやの、黒沢里菜、恵けい、甘井みかん、小澤新音、島谷小百合、MAKI、木下レイ、鮎川るい、朝木めい、川峰さくら、鮎川まどか、青木春、朝霧雫、松金めぐみ、橘なお（上原海里）、平山薫、JULIA、かえでみく、櫻井夕樹、仁科百華、瀬戸みずほ、花蓮、鈴木茶織、松すみれ、白瀬まなみ、鈴香音色、和希もも、森永ひよこ、白砂ゆの、横山みれい、名取アンナ、鮎川みさと、星山里穂,https://www.javbus.com/BBST-019,
MKCK-016 全身アクメ240分！！,MKCK-016 全身アクメ240分！！,MKCK-016,,2011-03-10,239分鐘,,E-BODY,E-BODY,,潮吹、合集、巨乳、DMM獨家,高城ゆい、伊沢美春（伊沢美晴）、女池さゆり、かすみりさ、Ryo、小川あさ美、美咲結衣、JULIA、水城奈緒、大塚咲（小野沙樹、大滝佐紀）、若菜ちえ、すずきりりか、哀川りん、花井メイサ、春風えみ、緋村由衣、菅野さゆき、乙葉真希、塚本渚、黒澤あみ、立花結衣、上条めぐ（三浦芽依）、ましろ杏、諸星セイラ（百瀬涼）、二宮せりな、宮坂レイア、愛沢蓮、黒木アリサ、橘なお（上原海里）,https://www.javbus.com/MKCK-016,
WNZ-303 メッタ挿し バイブオナニー,WNZ-303 メッタ挿し バイブオナニー,WNZ-303,,2011-03-09,120分鐘,,ワンズファクトリー,WANZ,,其他戀物癖、按摩棒、自慰,友田彩也香、星山里穂、仁科百華、神河美音、JULIA、雫パイン、大空かのん、朝田ばなな、哀川りん、黒木麻衣（花野真衣、SHIHO）,https://www.javbus.com/WNZ-303,
DAZD-033 ベストヒット凌辱厳選20タイトル,DAZD-033 ベストヒット凌辱厳選20タイトル,DAZD-033,,2011-02-20,239分鐘,,ダスッ！,ダスッ！,,合集、輪姦、凌辱、DMM獨家,KYOKO、恵けい、小川あさ美、JULIA、北条麻妃、竹内あい、広瀬奈々美（堀口奈津美）、如月カレン、牧原れい子、風間ゆみ、花井メイサ、鮎川なお、灘坂舞、真田春香、浜崎りお（森下えりか、篠原絵梨香）、大塚咲（小野沙樹、大滝佐紀）、春咲あずみ、翔田千里、妃乃ひかり、友田真希,https://www.javbus.com/DAZD-033,
MIBD-543 厳選巨乳美女100人,MIBD-543 厳選巨乳美女100人,MIBD-543,,2011-02-13,478分鐘,,ムーディーズ,MOODYZBest,,合集、戀乳癖、數位馬賽克、巨乳、DMM獨家,七色あん、大野梨華、仲村ろみひ、水森れん、佐山愛、JULIA、小峰ひなた、橘ゆめみ、米倉エミ、春菜まい,https://www.javbus.com/MIBD-543,
MKCK-014 BEST OF E-BODY LOVERS 2010,MKCK-014 BEST OF E-BODY LOVERS 2010,MKCK-014,,2011-02-11,479分鐘,,E-BODY,E-BODY,BESTOFE-BODYLOVERS,合集、巨乳、DMM獨家,宮坂レイア、上条めぐ（三浦芽依）、朋香めい、花井メイサ、亜梨、桜ここみ、青空小夏、春咲あずみ、浅乃ハルミ、ましろ杏、恵けい、長澤あずさ、黒木アリサ、中森玲子、広瀬ゆな、伊織、松すみれ、立花結衣、塚本渚、若菜ちえ、すずきりりか、哀川りん、湖南みるく、上村あずさ、JULIA、林絵理、長谷川杏実（長谷川杏美）、橘なお（上原海里）、池田美和子、仲村美緒、高倉舞、伊沢美春（伊沢美晴）、乙葉真希、高島恭子、瀬戸みずほ,https://www.javbus.com/MKCK-014,
JUSD-321 美熟女50人の豪快潮吹き8時間,JUSD-321 美熟女50人の豪快潮吹き8時間,JUSD-321,,2011-01-21,479分鐘,,マドンナ,Madonna,,成熟的女人、潮吹、合集、數位馬賽克、DMM獨家,川島めぐみ、加山なつこ、時越芙美江、雪見紗弥、艶堂しほり（遠藤しおり）、明星ちかげ、広瀬奈々美（堀口奈津美）、志村玲子、樋口冴子（桐島千沙）、川上ゆう（森野雫）、森ななこ、澤村レイコ（高坂保奈美、高坂ますみ）、中森玲子、柳田やよい、大塚咲（小野沙樹、大滝佐紀）、山口玲子、風間ゆみ、友田真希、長谷川美紅、紫彩乃、黒木麻衣（花野真衣、SHIHO）、星野あかり、村上涼子（中村りかこ、黒木菜穂）、翔田千里、佐藤みき（佐藤美紀、鈴木志帆）、波多野結衣、伊吹稟、華山美玲、妃悠愛（長澤杏奈、水原里香、木崎祐子）、五十嵐しのぶ、伊沢美春（伊沢美晴）、結城みさ、香坂めぐ、JULIA、美河さき、真下礼子、松すみれ、白川ゆり、美原咲子、浅倉彩音、宮田まり、有沢実紗、夏木響子、矢沢美奈、小向まな美、北条麻妃、真波紫乃、桜みちる、横山みれい、白鳥美雪,https://www.javbus.com/JUSD-321,
MKCK-013 ディープキスファック2,MKCK-013 ディープキスファック2,MKCK-013,,2011-01-09,239分鐘,,E-BODY,E-BODY,ディープキスファック,合集、巨乳、DMM獨家,宮坂レイア、広瀬ゆな、花井メイサ、亜梨、恵けい、桜ここみ、春咲あずみ、JULIA、黒木アリサ、ましろ杏、上村あずさ、伊沢美春（伊沢美晴）、乙葉真希、朋香めい、立花結衣、湖南みるく、高城ゆい、青空小夏、上条めぐ（三浦芽依）、哀川りん,https://www.javbus.com/MKCK-013,
BOIN-073 巨乳・爆乳 巨乳セルフ乳揉み乳舐めオナニー,BOIN-073 巨乳・爆乳 巨乳セルフ乳揉み乳舐めオナニー,BOIN-073,,2011-01-08,120分鐘,,ex,BoinBB,巨乳・爆乳,戀乳癖、巨乳、自慰,松金めぐみ、真鍋紗愛、森永ひよこ、愛あいり、徠夢、叶彩、愛実（秋川ルイ）、橘なお（上原海里）、青木りん、高島恭子、長谷川杏実（長谷川杏美）、JULIA、仁科百華、倉谷果歩,https://www.javbus.com/BOIN-073,
HITMA-049 TMA Hi-Vision アイドル COLLECTION 4時間,HITMA-049 TMA Hi-Vision アイドル COLLECTION 4時間,HITMA-049,,2010-12-22,239分鐘,,TMA,Hi-TMA,,偶像藝人、合集、高畫質、水手服,松すみれ、JULIA、紗奈、大沢美加（廣田まりこ）、碧しの（篠めぐみ）、RUMIKA、麻倉憂、妃悠愛（長澤杏奈、水原里香、木崎祐子）、月野りさ、つぼみ,https://www.javbus.com/HITMA-049,
DAZD-031 ダスッ！2010年総決算厳選8時間スペシャル,DAZD-031 ダスッ！2010年総決算厳選8時間スペシャル,DAZD-031,,2010-12-19,479分鐘,,ダスッ！,ダスッ！,,合集、灌腸、凌辱、中出、DMM獨家、肛交,花井メイサ、小川あさ美、JULIA、泉麻那、RUMIKA、竹内あい、翔田千里、如月カレン、妃乃ひかり、牧原れい子、広瀬奈々美（堀口奈津美）、夏川未来（小春）、朋香めい、宮坂レイア、北条麻妃、小峰ひなた、恵けい、水玉レモン、KYOKO、桜りお,https://www.javbus.com/DAZD-031,
18ID-025 TMA PRICE 980 巨乳,18ID-025 TMA PRICE 980 巨乳,18ID-025,,2010-12-10,238分鐘,,TMA,TMA,TMAPRICE980,乳交、戀乳癖、女上位、巨乳,茉莉花、仲村ろみひ、真田春香、石川みずき、JULIA、ERIKA（モカ、MOKA）、澄川ロア、あいぶらん（蜜井とわ）、七瀬ゆうり、鮎川なお、浜崎りお（森下えりか、篠原絵梨香）、水城奈緒、妃乃ひかり、成瀬心美（ここみ）,https://www.javbus.com/18ID-025,
BOIN-069 巨乳・爆乳 甘えたい授乳プレイさらに手コキ発射！！,BOIN-069 巨乳・爆乳 甘えたい授乳プレイさらに手コキ発射！！,BOIN-069,,2010-11-23,121分鐘,,ex,BoinBB,巨乳・爆乳,其他戀物癖、戀乳癖、巨乳、打手槍,黒沢せりな、大沢かえで、立花結衣、北見ゆみ、明日香芽衣、伊東このみ、倉田茜、櫻井夕樹、平山薫、JULIA,https://www.javbus.com/BOIN-069,
BOMN-024 巨乳パイズリSP2 乳フェチ向け パイズリしまくり4時間,BOMN-024 巨乳パイズリSP2 乳フェチ向け パイズリしまくり4時間,BOMN-024,,2010-11-01,239分鐘,,ABC/妄想族,BoinBB/ABC,巨乳スペシャル,乳交、戀乳癖、巨乳,かえでみく、松金めぐみ、高城ゆい、鮎川みさと、吉川桃、伊沢美春（伊沢美晴）、愛あいり、橘なお（上原海里）、高島恭子、JULIA、若葉まゆこ、横山みれい、三浦まい、伊東このみ、宗方ゆさ、夏川リアナ、愛実（秋川ルイ）、小澤新音、黒沢せりな,https://www.javbus.com/BOMN-024,
BOIN-064 巨乳・爆乳 お仕事中のおっぱいがあたるシチュエーションあるある！！,BOIN-064 巨乳・爆乳 お仕事中のおっぱいがあたるシチュエーションあるある！！,BOIN-064,,2010-10-24,110分鐘,,ex,BoinBB,巨乳・爆乳,护士、乳交、各種職業、戀乳癖、巨乳,佐々木りな、葉山志穂、福山優、松金めぐみ、漣ゆめ、平山薫、JULIA,https://www.javbus.com/BOIN-064,
FETI-008 働く女の黒ストッキング足コキ,FETI-008 働く女の黒ストッキング足コキ,FETI-008,,2010-10-01,121分鐘,,Fetishist/妄想族,Fetishist（Fetishist/妄想族）,,OL、連褲襪、戀腿癖、足交,藤原ひとみ、稲見亜矢、波多野結衣、神河美音、JULIA、加藤なつみ、大沢美加（廣田まりこ）、和葉みれい（藤白まき）、妃悠愛（長澤杏奈、水原里香、木崎祐子）、みづなれい（みずなれい）,https://www.javbus.com/FETI-008_2010-10-01,
CWM-107 後ろからムギュッって服従させて、最後は谷間にパイズリ挟射 男が背後にいるってだけで、ゾクゾク期待しちゃってる爆乳M女のボインを、揉んでコスッて征服する,CWM-107 後ろからムギュッって服従させて、最後は谷間にパイズリ挟射 男が背後にいるってだけで、ゾクゾク期待しちゃってる爆乳M女のボインを、揉んでコスッて征服する,CWM-107,,2010-09-15,124分鐘,HAM,ワープエンタテインメント,Washingmachine,,乳交、戀乳癖、DVD多士爐、巨乳,煌芽木ひかる、宮坂レイア、澪、恵けい、高島恭子、JULIA、横山みれい、ましろ杏、水城奈緒、黒木麻衣（花野真衣、SHIHO）,https://www.javbus.com/CWM-107,
MKCK-011 スレンダーグラマラス19人,MKCK-011 スレンダーグラマラス19人,MKCK-011,,2010-09-13,239分鐘,,E-BODY,E-BODY,○○グラマラス（E-BODY）,苗條、合集、戀乳癖、巨乳、DMM獨家,七葉しほり、伊東菜々、高城ゆい、立花結衣、愛沢蓮、石黒沙良、高梨風花、eco、真田春香、沢木樹里、かすみりさ、綾瀬メグ、黒木麻衣（花野真衣、SHIHO）、Ryo、夏川葵、JULIA,https://www.javbus.com/MKCK-011,
SMA-498 ズッポリ丸呑みディルド騎乗位オナニー,SMA-498 ズッポリ丸呑みディルド騎乗位オナニー,SMA-498,,2010-08-13,121分鐘,,マルクス兄弟,MARXBrothersco.,,玩具、女上位、巨乳、自慰,愛実（秋川ルイ）、結城みさ、JULIA、瑠菜（安西瑠菜、RUNA）、黒木アリサ、碧しの（篠めぐみ）、妃悠愛（長澤杏奈、水原里香、木崎祐子）,https://www.javbus.com/SMA-498,
WNZ-228 妄想淫語で指入れオナニー,WNZ-228 妄想淫語で指入れオナニー,WNZ-228,,2010-07-25,120分鐘,,ワンズファクトリー,WANZ,,其他戀物癖、淫語、妄想、手指插入、自慰,山口サチエ、音羽レオン、高島恭子、JULIA、和葉みれい（藤白まき）、早乙女ルイ、川上ゆう（森野雫）,https://www.javbus.com/WNZ-228,
HJMO-176 同棲カップルの家に密着取材にきたカメラマンが巨大チンポだったら彼女を寝取れるか！？,HJMO-176 同棲カップルの家に密着取材にきたカメラマンが巨大チンポだったら彼女を寝取れるか！？,HJMO-176,,2010-07-13,235分鐘,はじめ,はじめ企画,はじめ企画,,企畫、業餘、多P、數位馬賽克、手指插入、高畫質、DMM獨家,井川ゆい、JULIA、早乙女らぶ,https://www.javbus.com/HJMO-176,
