标题,名称,識別碼,發行日期,長度,導演,製作商,發行商,系列,類別,演員,详情页
DSE-329 美乳熟女 4時間 20人 総集編 2,DSE-329 美乳熟女 4時間 20人 総集編 2,DSE-329,2026-08-10,237分鐘,,ドリームステージ,熟女絵巻,美乳熟女○時間○人総集編,成熟的女人、合集、已婚婦女、花癡、乳房,多人,https://www.javbus.com/DSE-329
FXAIH-344 【AIリマスター版】 ヘンリー塚本監督作品 四十路の母の世間によくある話し 熟女,FXAIH-344 【AIリマスター版】 ヘンリー塚本監督作品 四十路の母の世間によくある話し 熟女,FXAIH-344,2026-04-24,169分鐘,ヘンリー塚本,FAプロ,FAプロ,世間によくある○○,成熟的女人、花癡、高畫質、戲劇、故事集、巨乳、DMM獨家,多人,https://www.javbus.com/FXAIH-344
OOMNVD-011 【限界85連発】無防備なパンチラ・胸チラ・着替え 生々しく覗く無警戒な人妻の日常生活,OOMNVD-011 【限界85連発】無防備なパンチラ・胸チラ・着替え 生々しく覗く無警戒な人妻の日常生活,OOMNVD-011,2026-01-31,419分鐘,,ABC/妄想族,お母さん.com（ABC/妄想族）,,成熟的女人、苗條、母親、其他戀物癖、合集、4小時以上作品、DMM專屬、巨乳、妄想族、DMM獨家,多人,https://www.javbus.com/OOMNVD-011
DSE-165 初撮り熟女 北原夏美,DSE-165 初撮り熟女 北原夏美,DSE-165,2026-01-31,88分鐘,,ドリームステージ,人妻道,初撮り熟女,成熟的女人、女上位、手指插入、巨乳、單體作品,北原夏美,https://www.javbus.com/DSE-165
JQRE-018 【AIリマスター】マドンナファンの集い 美熟女と行く混浴温泉バスツアー 4 翔田千里 友田真希 北原夏美 倖田李梨,JQRE-018 【AIリマスター】マドンナファンの集い 美熟女と行く混浴温泉バスツアー 4 翔田千里 友田真希 北原夏美 倖田李梨,JQRE-018,2025-08-11,476分鐘,,マドンナ,Re:Madonna/AIリマスター,美熟女と行く混浴温泉バスツアー,成熟的女人、濫交、已婚婦女、纪录片、4小時以上作品、高畫質、温泉、DMM獨家,多人,https://www.javbus.com/JQRE-018
JQRE-023 【AIリマスター】極上美熟女のアナルファック大全8時間,JQRE-023 【AIリマスター】極上美熟女のアナルファック大全8時間,JQRE-023,2025-07-08,479分鐘,,マドンナ,Re:Madonna/AIリマスター,極上美熟女のアナルファック大全,成熟的女人、合集、已婚婦女、4小時以上作品、高畫質、肛内中出、DMM獨家,多人,https://www.javbus.com/JQRE-023
JQRE-016 【AIリマスター】狙われた母のアナル 北原夏美,JQRE-016 【AIリマスター】狙われた母のアナル 北原夏美,JQRE-016,2025-05-27,119分鐘,芳賀栄太郎,マドンナ,Re:Madonna/AIリマスター,,成熟的女人、母親、已婚婦女、多P、高畫質、肛内中出、單體作品、DMM獨家,北原夏美,https://www.javbus.com/JQRE-016
JDL-107 デジタルモザイク4部作 巨乳お母さん,JDL-107 デジタルモザイク4部作 巨乳お母さん,JDL-107,2025-03-29,428分鐘,清水橋健太,ルビー,RUBY,,成熟的女人、母親、中出、4小時以上作品、高畫質、巨乳、DMM獨家,多人,https://www.javbus.com/JDL-107
OOMNVD-005 人妻達の日常風景 無防備チラリズムBEST 胸チラ・パンチラ 85名 7時間,OOMNVD-005 人妻達の日常風景 無防備チラリズムBEST 胸チラ・パンチラ 85名 7時間,OOMNVD-005,2025-01-01,421分鐘,,ABC/妄想族,お母さん.com（ABC/妄想族）,,成熟的女人、合集、已婚婦女、偷窥、4小時以上作品、DMM專屬、妄想族、DMM獨家、內衣,多人,https://www.javbus.com/OOMNVD-005
VHDX-006 【HD版・初配信】 VENUS15周年記念 解禁！初HD化作品 まるごと収録BOX 6 30作品 42時間15分,VHDX-006 【HD版・初配信】 VENUS15周年記念 解禁！初HD化作品 まるごと収録BOX 6 30作品 42時間15分,VHDX-006,2024-05-28,2582分鐘,,VENUS,HDコンプリート,初HD化作品まるごと収録BOX,成熟的女人、合集、已婚婦女、中出、高畫質、DMM專屬、16時間以上作品、設置項目、巨乳、DMM獨家,多人,https://www.javbus.com/VHDX-006
AIDDB-069 【AIリマスター版】熟女トランス 北原夏美,AIDDB-069 【AIリマスター版】熟女トランス 北原夏美,AIDDB-069,2024-03-29,114分鐘,ビーバップ・みのる,ドグマ,,熟女トランス,成熟的女人、拘束、女上位、高畫質、顏射、單體作品、DMM獨家,北原夏美,https://www.javbus.com/AIDDB-069
VHDX-001 【HD版・初配信】 VENUS15周年記念 解禁！初HD化作品まるごと収録BOX 1 28作品 39時間,VHDX-001 【HD版・初配信】 VENUS15周年記念 解禁！初HD化作品まるごと収録BOX 1 28作品 39時間,VHDX-001,2024-03-05,2405分鐘,,VENUS,HDコンプリート,,成熟的女人、合集、已婚婦女、中出、高畫質、DMM專屬、16時間以上作品、設置項目、巨乳、DMM獨家,多人,https://www.javbus.com/VHDX-001
JUMS-053 マドンナ20周年―。歴史を築き上げた伝説の女優100人24時間 Memorial Madonna Best 2004～2023,JUMS-053 マドンナ20周年―。歴史を築き上げた伝説の女優100人24時間 Memorial Madonna Best 2004～2023,JUMS-053,2023-12-22,1440分鐘,,マドンナ,Madonna,,成熟的女人、合集、已婚婦女、高畫質、DMM獨家,多人,https://www.javbus.com/JUMS-053
NASH-870 ねぇ、おばさんとセックスしてみない！？貴方の家の近くにもきっといる…硬くて大きなチ○ポを妄想してはヤれる男を探してるご近所不倫願望のエッチなおばさん,NASH-870 ねぇ、おばさんとセックスしてみない！？貴方の家の近くにもきっといる…硬くて大きなチ○ポを妄想してはヤれる男を探してるご近所不倫願望のエッチなおばさん,NASH-870,2023-04-08,241分鐘,長澤純,なでしこ,Nadeshiko,,成熟的女人、已婚婦女、通姦、4小時以上作品、高畫質、戲劇、DMM獨家,多人,https://www.javbus.com/NASH-870
GML-031 息子の性欲処理に勤しむ母親の告白 パート4 北原夏美,GML-031 息子の性欲処理に勤しむ母親の告白 パート4 北原夏美,GML-031,2023-03-26,58分鐘,,グローバルメディアエンタテインメント,グローバルメディアライト,息子の性欲処理に勤しむ母親の告白,成熟的女人、母親、亂倫、已婚婦女、中出、高畫質、戲劇、單體作品、DMM獨家,北原夏美,https://www.javbus.com/GML-031
JFB-305 Fitch15周年記念第3弾 人気女優50名以上収録！皆様に愛され続けた名作シリーズ抜きどころ満載の12時間BEST,JFB-305 Fitch15周年記念第3弾 人気女優50名以上収録！皆様に愛され続けた名作シリーズ抜きどころ満載の12時間BEST,JFB-305,2022-12-16,720分鐘,,Fitch,Fitch,,蕩婦、合集、數位馬賽克、中出、高畫質、巨尻、巨乳、DMM獨家,多人,https://www.javbus.com/JFB-305
JDL-076 近親相姦 デジタルモザイク4部作,JDL-076 近親相姦 デジタルモザイク4部作,JDL-076,2022-06-04,483分鐘,清水橋健太,ルビー,RUBY,,成熟的女人、母親、亂倫、數位馬賽克、中出、DMM獨家,多人,https://www.javbus.com/JDL-076
SEMS-029 艶本 母子交尾絵巻 番外編 1【あこがれの叔母さん編】,SEMS-029 艶本 母子交尾絵巻 番外編 1【あこがれの叔母さん編】,SEMS-029,2021-08-31,217分鐘,,SEX MACHINE,SEX MACHINE,艶本 母子交尾絵巻,口交、亂倫、故事集、バック、自慰,多人,https://www.javbus.com/SEMS-029
VSED-157 美人で自慢のお母さんと二人で出掛けた温泉旅行で無防備な母の裸体に興奮してしまい思わず犯してしまった人には言えない過ち 2,VSED-157 美人で自慢のお母さんと二人で出掛けた温泉旅行で無防備な母の裸体に興奮してしまい思わず犯してしまった人には言えない過ち 2,VSED-157,2021-05-28,482分鐘,長澤純,シックスナイン,シックスナイン,美人で自慢のお母さんと二人で出掛けた温泉旅行で無防備な母の裸体に興奮してしまい思わず犯してしまった人には言えない過ち,成熟的女人、母親、亂倫、4小時以上作品、温泉、旅行,多人,https://www.javbus.com/VSED-157
STDDT-065 【お得セット】まとめて抜ける！！ チンポいたぶり好き シリーズ 北原夏美 宮崎あい 川瀬さやか 翔田千里 友田真希 ささきふう香 天海ゆり さとう和香 SARINA,STDDT-065 【お得セット】まとめて抜ける！！ チンポいたぶり好き シリーズ 北原夏美 宮崎あい 川瀬さやか 翔田千里 友田真希 ささきふう香 天海ゆり さとう和香 SARINA,STDDT-065,2021-03-25,343分鐘,ビーバップ・みのる,ドグマ,ドグマ（お得セット）,チンポいたぶり好き,OL、乳交、女上位、4小時以上作品、設置項目、巨乳、DMM獨家、打手槍,多人,https://www.javbus.com/STDDT-065
HYAS-116 黒人に犯●れた日本人熟女たち 100人 強烈すぎるブラック巨根の快感！！,HYAS-116 黒人に犯●れた日本人熟女たち 100人 強烈すぎるブラック巨根の快感！！,HYAS-116,2020-11-27,480分鐘,,ケイ・エム・プロデュース,100人,,成熟的女人、苗條、已婚婦女、凌辱、中出、高畫質、出軌、戲劇、巨乳、黑人演員,多人,https://www.javbus.com/HYAS-116
BKDS-001 母子交尾 【湯沢路】【会津路】 完全ノーカットスペシャル 北原夏美,BKDS-001 母子交尾 【湯沢路】【会津路】 完全ノーカットスペシャル 北原夏美,BKDS-001,2020-08-16,345分鐘,,ルビー,RUBY,母子交尾,蕩婦、成熟的女人、4小時以上作品、温泉、巨乳、單體作品、DMM獨家,北原夏美,https://www.javbus.com/BKDS-001
VSED-135 旦那の居ない昼下がり絶倫な甥っ子とセックスに明け暮れ何度も絶頂を繰り返したあの日,VSED-135 旦那の居ない昼下がり絶倫な甥っ子とセックスに明け暮れ何度も絶頂を繰り返したあの日,VSED-135,2020-07-10,477分鐘,,シックスナイン,シックスナイン,,成熟的女人、亂倫、已婚婦女、花癡、4小時以上作品,多人,https://www.javbus.com/VSED-135
HYAS-091 巨乳妻中出し100人8時間,HYAS-091 巨乳妻中出し100人8時間,HYAS-091,2019-10-25,480分鐘,長澤純,ケイ・エム・プロデュース,100人,,成熟的女人、母親、胖女人、亂倫、已婚婦女、中出、4小時以上作品、婆婆、高畫質、超乳、巨乳,多人,https://www.javbus.com/HYAS-091
VSED-120 旦那が出かけているスキに近所に住むイケメンを自宅に連れ込みセックスを楽しむイケナイ人妻たち 2,VSED-120 旦那が出かけているスキに近所に住むイケメンを自宅に連れ込みセックスを楽しむイケナイ人妻たち 2,VSED-120,2019-07-08,239分鐘,,シックスナイン,シックスナイン,旦那が出かけているスキに近所に住むイケメンを自宅に連れ込み,成熟的女人、已婚婦女、通姦、中出、4小時以上作品、ビッチ,多人,https://www.javbus.com/VSED-120
GIGL-554 濃厚なキスで欲情した母と息子の密着セックス,GIGL-554 濃厚なキスで欲情した母と息子の密着セックス,GIGL-554,2019-06-28,240分鐘,長澤純,GIGOLO（ジゴロ）,GIGOLO,,和服・喪服、成熟的女人、母親、亂倫、中出、4小時以上作品、高畫質、戲劇,多人,https://www.javbus.com/GIGL-554
NASH-098 重力に逆らえずだらしなく垂れ下がった熟女の乳房,NASH-098 重力に逆らえずだらしなく垂れ下がった熟女の乳房,NASH-098,2019-06-28,239分鐘,長澤純,なでしこ,Nadeshiko,,成熟的女人、母親、胖女人、已婚婦女、戀乳癖、中出、4小時以上作品、高畫質,多人,https://www.javbus.com/NASH-098
JDL-43 北原夏美全仕事 8時間2枚組,JDL-43 北原夏美全仕事 8時間2枚組,JDL-43,2019-06-02,503分鐘,,ルビー,RUBY,●●全仕事,成熟的女人、亂倫、4小時以上作品、巨尻、巨乳、單體作品、DMM獨家,北原夏美,https://www.javbus.com/JDL-43
JUSD-822 マドンナ歴代の超大作がここに集結ー。 美熟女オールスター夢の大共演BEST 8時間,JUSD-822 マドンナ歴代の超大作がここに集結ー。 美熟女オールスター夢の大共演BEST 8時間,JUSD-822,2019-03-22,480分鐘,,マドンナ,Madonna,,成熟的女人、濫交、合集、已婚婦女、多P、數位馬賽克、4小時以上作品、DMM獨家,多人,https://www.javbus.com/JUSD-822
JUSD-810 マドンナが刻んだ人妻・熟女の歴史 15年間×売上TOP20=300作品 The Madonna Best 2004～2018,JUSD-810 マドンナが刻んだ人妻・熟女の歴史 15年間×売上TOP20=300作品 The Madonna Best 2004～2018,JUSD-810,2018-12-16,1440分鐘,,マドンナ,Madonna,,成熟的女人、濫交、合集、各種職業、已婚婦女、數位馬賽克、16時間以上作品、DMM獨家,多人,https://www.javbus.com/JUSD-810
ABBA-407 センタービレッジ歴代女優ランキングベスト30 8時間,ABBA-407 センタービレッジ歴代女優ランキングベスト30 8時間,ABBA-407,2018-11-15,485分鐘,,センタービレッジ,センタービレッジ,,成熟的女人、合集、4小時以上作品、高畫質,多人,https://www.javbus.com/ABBA-407
GIGL-519 最近、女扱いされてなかった叔母さんはまだまだ子供と思っていた甥っ子でも発情されたらトキメキが止まらない,GIGL-519 最近、女扱いされてなかった叔母さんはまだまだ子供と思っていた甥っ子でも発情されたらトキメキが止まらない,GIGL-519,2018-09-28,238分鐘,長澤純,GIGOLO（ジゴロ）,GIGOLO,,成熟的女人、亂倫、中出、4小時以上作品、高畫質、戲劇、巨乳,多人,https://www.javbus.com/GIGL-519
NASS-921 地方の母と子 田舎の母子交尾 都会から隔離された山奥の村で背徳交尾に溺れる親子たち,NASS-921 地方の母と子 田舎の母子交尾 都会から隔離された山奥の村で背徳交尾に溺れる親子たち,NASS-921,2018-09-14,240分鐘,,なでしこ,Nadeshiko,田舎の母子交尾,成熟的女人、母親、亂倫、已婚婦女、4小時以上作品、高畫質,多人,https://www.javbus.com/NASS-921
EMAF-466 浴衣美人100人 4時間,EMAF-466 浴衣美人100人 4時間,EMAF-466,2018-08-17,240分鐘,清水橋健太,フォーディメンション/エマニエル,フォーディメンション（エマニエル）,,和服・喪服、成熟的女人、4小時以上作品、DMM獨家,多人,https://www.javbus.com/EMAF-466
NASS-889 こんなにぽっちゃりしたおばさんなのに指名してくれてありがとね。でも私、豊満だからマットも気持ちいいわよ！四十路三十路の豊満おばさんソープ嬢中出しありの2時間＋延長20分！,NASS-889 こんなにぽっちゃりしたおばさんなのに指名してくれてありがとね。でも私、豊満だからマットも気持ちいいわよ！四十路三十路の豊満おばさんソープ嬢中出しありの2時間＋延長20分！,NASS-889,2018-07-27,139分鐘,カッキー鶯谷,なでしこ,Nadeshiko,,成熟的女人、胖女人、妓女、已婚婦女、戀乳癖、屁股、乳液、中出、巨乳、局部特寫、打手槍,北原夏美,https://www.javbus.com/NASS-889
POTS-002 女達のセンズリ鑑賞 勃起チ○ポに大興奮！4時間,POTS-002 女達のセンズリ鑑賞 勃起チ○ポに大興奮！4時間,POTS-002,2018-05-18,240分鐘,ローション玉木,SPOT/エマニエル,SPOT/エマニエル,,成熟的女人、新娘、年輕妻子、4小時以上作品、DMM獨家、顏射、打手槍,多人,https://www.javbus.com/POTS-002
MRXB-009 欲求不満が止まらない！熟女たちの濃密SEX総集編！,MRXB-009 欲求不満が止まらない！熟女たちの濃密SEX総集編！,MRXB-009,2018-05-12,480分鐘,,MARX,MARX（マルクス兄弟）,欲求不満が止まらない！,成熟的女人、合集、已婚婦女、4小時以上作品、巨尻、DMM獨家,多人,https://www.javbus.com/MRXB-009
HIGH-078 温泉旅行中の人妻は湯壷マ●コに精子湯の花が舞う！ 北原夏美,HIGH-078 温泉旅行中の人妻は湯壷マ●コに精子湯の花が舞う！ 北原夏美,HIGH-078,2018-04-20,13分鐘,,ハイライト,ハイライト,温泉旅行中の人妻は湯壷マ●コに精子湯の花が舞う！,獵豔、已婚婦女、姐姐、中出、高畫質、巨乳、單體作品,北原夏美,https://www.javbus.com/HIGH-078
HIGH-064 混浴温泉の人妻たちに堂々と勃起チ●ポを見せつけ濃厚中出し 北原夏美,HIGH-064 混浴温泉の人妻たちに堂々と勃起チ●ポを見せつけ濃厚中出し 北原夏美,HIGH-064,2018-03-20,11分鐘,,ハイライト,ハイライト,混浴温泉の人妻たちに堂々と勃起チ●ポを見せつけ濃厚中出し,獵豔、已婚婦女、姐姐、乳房、中出、高畫質、單體作品,北原夏美,https://www.javbus.com/HIGH-064
HIGH-063 混浴温泉の人妻たちに堂々と勃起チ●ポを見せつけ濃厚中出し,HIGH-063 混浴温泉の人妻たちに堂々と勃起チ●ポを見せつけ濃厚中出し,HIGH-063,2018-03-20,10分鐘,,ハイライト,ハイライト,混浴温泉の人妻たちに堂々と勃起チ●ポを見せつけ濃厚中出し,獵豔、已婚婦女、姐姐、乳房、中出、高畫質,多人,https://www.javbus.com/HIGH-063
HIGH-062 混浴温泉の人妻たちに堂々と勃起チ●ポを見せつけ濃厚中出し,HIGH-062 混浴温泉の人妻たちに堂々と勃起チ●ポを見せつけ濃厚中出し,HIGH-062,2018-03-20,12分鐘,,ハイライト,ハイライト,混浴温泉の人妻たちに堂々と勃起チ●ポを見せつけ濃厚中出し,獵豔、已婚婦女、姐姐、乳房、中出、高畫質,多人,https://www.javbus.com/HIGH-062
HIGH-144 汗で蒸れた完熟マ●コに勃起棒を生インサ～ト 北原夏美,HIGH-144 汗で蒸れた完熟マ●コに勃起棒を生インサ～ト 北原夏美,HIGH-144,2017-12-22,13分鐘,,ハイライト,ハイライト,汗で蒸れた完熟マ●コに勃起棒を生インサ～ト,和服・喪服、已婚婦女、姐姐、乳房、中出、高畫質、單體作品,北原夏美,https://www.javbus.com/HIGH-144
EMAF-425 隣のおばさんがあの手この手で誘惑してくるので僕は…,EMAF-425 隣のおばさんがあの手この手で誘惑してくるので僕は…,EMAF-425,2017-09-24,480分鐘,清水橋健太,フォーディメンション/エマニエル,フォーディメンション（エマニエル）,,蕩婦、成熟的女人、已婚婦女、中出、4小時以上作品、DMM獨家,多人,https://www.javbus.com/EMAF-425
CVDX-273 夏の風物詩「打ち水」「夕立」「びちゃびちゃマ●コ」一気に5℃も冷やしちゃうマン汁潮吹き一斉放水！興奮しすぎて僕の体温5℃アップ！そして愚息は制御不能！30人4時間,CVDX-273 夏の風物詩「打ち水」「夕立」「びちゃびちゃマ●コ」一気に5℃も冷やしちゃうマン汁潮吹き一斉放水！興奮しすぎて僕の体温5℃アップ！そして愚息は制御不能！30人4時間,CVDX-273,2017-08-17,242分鐘,,センタービレッジ,センタービレッジ,,成熟的女人、潮吹、4小時以上作品、高畫質,多人,https://www.javbus.com/CVDX-273
NANX-128 お願いすればナンとかなる！？熟女マッサージ 本当は男のエキスが欲しかった！12人4時間,NANX-128 お願いすればナンとかなる！？熟女マッサージ 本当は男のエキスが欲しかった！12人4時間,NANX-128,2017-07-14,240分鐘,,ナンパHEAVEN,ナンパHEAVEN,,成熟的女人、口交、花癡、女上位、4小時以上作品、按摩、高畫質、巨乳,北原夏美,https://www.javbus.com/NANX-128
NASS-621 昭和エロス 熟女たちの性生活,NASS-621 昭和エロス 熟女たちの性生活,NASS-621,2017-05-12,185分鐘,,なでしこ,Nadeshiko,,成熟的女人、合集、已婚婦女、花癡、戲劇、巨乳,多人,https://www.javbus.com/NASS-621
NMDA-29 熟女の老舗ルビーが贈る特別企画12弾 母子交尾 ～男優が惚れた熟女BEST30 8時間～,NMDA-29 熟女の老舗ルビーが贈る特別企画12弾 母子交尾 ～男優が惚れた熟女BEST30 8時間～,NMDA-29,2017-05-01,480分鐘,,ルビー,熟盛（ルビー）,母子交尾,成熟的女人、合集、4小時以上作品、温泉、DMM獨家,多人,https://www.javbus.com/NMDA-29
MGDV-023 Dynamite Re-MiX 熟女×絶叫 16時間 狂乱SEX200連発！！,MGDV-023 Dynamite Re-MiX 熟女×絶叫 16時間 狂乱SEX200連発！！,MGDV-023,2017-04-15,951分鐘,,クリスタル映像,MEGACRYSTAL,DynamiteRe-MiX,成熟的女人、合集、已婚婦女、多P、16時間以上作品,多人,https://www.javbus.com/MGDV-023
NASS-609 熟女 近親相姦,NASS-609 熟女 近親相姦,NASS-609,2017-04-14,185分鐘,,なでしこ,Nadeshiko,,成熟的女人、合集、亂倫、已婚婦女、巨乳,多人,https://www.javbus.com/NASS-609
VSED-064 温泉で母の裸に勃起した息子、そのいきり立つチ○ポを優しく自身のマ○コに迎え入れる母 2,VSED-064 温泉で母の裸に勃起した息子、そのいきり立つチ○ポを優しく自身のマ○コに迎え入れる母 2,VSED-064,2017-03-09,240分鐘,,シックスナイン,シックスナイン,温泉で母の裸に勃起した息子,成熟的女人、母親、亂倫、花癡、4小時以上作品、巨乳,多人,https://www.javbus.com/VSED-064
HMD-008 喘ぎ我慢家庭内レイプ 寝取られた田舎で暮らす五十路母 身も心も犯され堕ち母4時間20人,HMD-008 喘ぎ我慢家庭内レイプ 寝取られた田舎で暮らす五十路母 身も心も犯され堕ち母4時間20人,HMD-008,2017-02-25,242分鐘,,グローバルメディアエンタテインメント,ハイパーミックス（グローバルメディアエンタテインメント）,,成熟的女人、母親、亂倫、已婚婦女、數位馬賽克、中出、4小時以上作品、高畫質、出軌,多人,https://www.javbus.com/HMD-008
EMAF-394 デカ乳首デカ乳輪熟女 8時間,EMAF-394 デカ乳首デカ乳輪熟女 8時間,EMAF-394,2017-02-19,480分鐘,清水橋健太,フォーディメンション/エマニエル,フォーディメンション（エマニエル）,,成熟的女人、其他戀物癖、4小時以上作品、DMM獨家,多人,https://www.javbus.com/EMAF-394
VIKG-191 官能草子 親友の母,VIKG-191 官能草子 親友の母,VIKG-191,2017-02-15,120分鐘,倍王,STARPARADISE,バイキング,官能草子,成熟的女人、已婚婦女、女上位,多人,https://www.javbus.com/VIKG-191
EMAF-387 美しい熟女の美しい膣に生中出し 8時間,EMAF-387 美しい熟女の美しい膣に生中出し 8時間,EMAF-387,2017-01-16,480分鐘,清水橋健太,フォーディメンション/エマニエル,フォーディメンション（エマニエル）,,成熟的女人、中出、4小時以上作品、DMM獨家,多人,https://www.javbus.com/EMAF-387
FABS-083 ヘンリー塚本 中年男女たちの禁断の愛のドラマ集２ 非道徳,FABS-083 ヘンリー塚本 中年男女たちの禁断の愛のドラマ集２ 非道徳,FABS-083,2016-12-25,143分鐘,ヘンリー塚本,FAプロ,FAプレミアム,ヘンリー塚本中年男女たちの禁断の愛のドラマ集,成熟的女人、亂倫、已婚婦女、通姦、戲劇、DMM獨家,多人,https://www.javbus.com/FABS-083
NASS-550 万引き常習女はセックス大好き女,NASS-550 万引き常習女はセックス大好き女,NASS-550,2016-12-09,187分鐘,,なでしこ,Nadeshiko,,成熟的女人、合集、已婚婦女、花癡、巨乳,多人,https://www.javbus.com/NASS-550
YLW-4389 止まらない性欲… 淫乱美熟女の濡れた日常,YLW-4389 止まらない性欲… 淫乱美熟女の濡れた日常,YLW-4389,2016-11-30,240分鐘,たくま珍,MellowMoon（メロウムーン）,YellowMoon（イエロームーン）,,企畫、成熟的女人、花癡、4小時以上作品,多人,https://www.javbus.com/YLW-4389
EMAF-382 熟女200人 8時間,EMAF-382 熟女200人 8時間,EMAF-382,2016-11-18,480分鐘,清水橋健太,フォーディメンション/エマニエル,フォーディメンション（エマニエル）,,蕩婦、成熟的女人、4小時以上作品、DMM獨家,多人,https://www.javbus.com/EMAF-382
ABBA-318 童貞くん初めての相手は凄テク熟女 ベテラン男優が何度もイカされたスーパーエロテクで夢の童貞卒業50連発8時間,ABBA-318 童貞くん初めての相手は凄テク熟女 ベテラン男優が何度もイカされたスーパーエロテクで夢の童貞卒業50連発8時間,ABBA-318,2016-10-20,485分鐘,,センタービレッジ,センタービレッジ,,成熟的女人、口交、乳交、合集、4小時以上作品、高畫質、處男、打手槍,多人,https://www.javbus.com/ABBA-318
NASS-497 ショック！夫が見た妻のファック現場,NASS-497 ショック！夫が見た妻のファック現場,NASS-497,2016-09-09,187分鐘,,なでしこ,Nadeshiko,,成熟的女人、合集、已婚婦女、出軌,多人,https://www.javbus.com/NASS-497
CVDX-235 「ダメッ、そんなにグイグイされたら、アンッてなっちゃいます…」トロ～ンと愛液が染み出す素人奥さんのマン毛丸見え食い込みパンティー大全集！！30人4時間,CVDX-235 「ダメッ、そんなにグイグイされたら、アンッてなっちゃいます…」トロ～ンと愛液が染み出す素人奥さんのマン毛丸見え食い込みパンティー大全集！！30人4時間,CVDX-235,2016-09-08,243分鐘,,センタービレッジ,センタービレッジ,,成熟的女人、業餘、已婚婦女、4小時以上作品、高畫質、內衣,多人,https://www.javbus.com/CVDX-235
FABS-077 非人道的セックス 眠らせてレイプ集,FABS-077 非人道的セックス 眠らせてレイプ集,FABS-077,2016-08-21,250分鐘,ヘンリー塚本,FAプロ,FAプレミアム,,成熟的女人、胖女人、戲劇、巨乳、DMM獨家,多人,https://www.javbus.com/FABS-077
EMAF-369 隣のヤリマン奥さん 4時間,EMAF-369 隣のヤリマン奥さん 4時間,EMAF-369,2016-07-31,240分鐘,清水橋健太,フォーディメンション/エマニエル,フォーディメンション（エマニエル）,,成熟的女人、已婚婦女、4小時以上作品、DMM獨家,多人,https://www.javbus.com/EMAF-369
FABS-074 女たちの昭和 しみじみとあの日あの時 好き者女たちの生きとし生ける日々… 女は卑しきもの、されど女体は愛おしき,FABS-074 女たちの昭和 しみじみとあの日あの時 好き者女たちの生きとし生ける日々… 女は卑しきもの、されど女体は愛おしき,FABS-074,2016-07-25,293分鐘,ヘンリー塚本,FAプロ,FAプレミアム,女たちの昭和,成熟的女人、胖女人、已婚婦女、4小時以上作品、戲劇、巨乳、DMM獨家,多人,https://www.javbus.com/FABS-074
NMDA-17 母子交尾 監督が惚れた熟女BEST30 8時間,NMDA-17 母子交尾 監督が惚れた熟女BEST30 8時間,NMDA-17,2016-07-04,480分鐘,,ルビー,熟盛（ルビー）,母子交尾,成熟的女人、4小時以上作品、DMM獨家,多人,https://www.javbus.com/NMDA-17
EMAF-364 四十路100人 8時間,EMAF-364 四十路100人 8時間,EMAF-364,2016-07-01,480分鐘,清水橋健太,フォーディメンション/エマニエル,フォーディメンション（エマニエル）,,成熟的女人、其他戀物癖、4小時以上作品、DMM獨家,多人,https://www.javbus.com/EMAF-364
FLOW-003 すけべ爺の女喰らい熟練交尾 第参章,FLOW-003 すけべ爺の女喰らい熟練交尾 第参章,FLOW-003,2016-06-19,240分鐘,,不老仙人/エマニエル,不老仙人,すけべ爺の女喰らい熟練交尾,其他戀物癖、合集、亂倫、已婚婦女、4小時以上作品、DMM獨家,多人,https://www.javbus.com/FLOW-003
EMAF-360 息子と姦る母親 100人 8時間,EMAF-360 息子と姦る母親 100人 8時間,EMAF-360,2016-05-30,473分鐘,清水橋健太,フォーディメンション/エマニエル,フォーディメンション（エマニエル）,,成熟的女人、亂倫、4小時以上作品、DMM獨家,多人,https://www.javbus.com/EMAF-360
FABS-071 心に残り心に沁みるヘンリー塚本官能ポルノ のぞきスワッピング 傑作集,FABS-071 心に残り心に沁みるヘンリー塚本官能ポルノ のぞきスワッピング 傑作集,FABS-071,2016-04-24,264分鐘,ヘンリー塚本,FAプロ,FAプレミアム,のぞきスワップ,成熟的女人、已婚婦女、花癡、戲劇、故事集、巨乳、DMM獨家,多人,https://www.javbus.com/FABS-071
MXM-039 息子に全てを捧げます… お母さんのねっとり絡みつく性教育 10人5時間,MXM-039 息子に全てを捧げます… お母さんのねっとり絡みつく性教育 10人5時間,MXM-039,2016-01-29,310分鐘,,虎堂,MAXIM（虎堂）,,成熟的女人、母親、亂倫、4小時以上作品、巨乳,多人,https://www.javbus.com/MXM-039
PYLD-248 夫の目の前で生徒に犯された五十路熟女,PYLD-248 夫の目の前で生徒に犯された五十路熟女,PYLD-248,2015-12-28,240分鐘,,PileDriver,PileDriver,,成熟的女人、胖女人、巨乳、DMM獨家,多人,https://www.javbus.com/PYLD-248
OOMN-155 巨乳美熟女の日常生活 50名,OOMN-155 巨乳美熟女の日常生活 50名,OOMN-155,2015-12-12,240分鐘,,ABC/妄想族,お母さん.com/ABC,,成熟的女人、合集、戀乳癖、內衣、巨乳、DMM獨家,多人,https://www.javbus.com/OOMN-155
NASS-344 7人の熟女たちが味わう悶絶セックス全集,NASS-344 7人の熟女たちが味わう悶絶セックス全集,NASS-344,2015-11-27,186分鐘,,なでしこ,Nadeshiko,,成熟的女人、合集、已婚婦女、出軌,多人,https://www.javbus.com/NASS-344
EMAF-331 美乳美熟女 40人 8時間,EMAF-331 美乳美熟女 40人 8時間,EMAF-331,2015-10-18,480分鐘,清水橋健太,フォーディメンション/エマニエル,フォーディメンション（エマニエル）,,成熟的女人、乳房、4小時以上作品、巨乳、DMM獨家,多人,https://www.javbus.com/EMAF-331
RBB-063 セックスが大好き過ぎて仕方がないドスケベおばさんと気持ち良すぎるドスケベセックス16時間,RBB-063 セックスが大好き過ぎて仕方がないドスケベおばさんと気持ち良すぎるドスケベセックス16時間,RBB-063,2015-10-17,960分鐘,,ROOKIE,ROOKIE,,成熟的女人、合集、花癡、中出、16時間以上作品、DMM獨家,多人,https://www.javbus.com/RBB-063
YLW-4308 夏の疲れに熟女の癒し 美熟女大奉仕4時間,YLW-4308 夏の疲れに熟女の癒し 美熟女大奉仕4時間,YLW-4308,2015-10-10,241分鐘,たくま珍,MellowMoon（メロウムーン）,YellowMoon（イエロームーン）,,成熟的女人、已婚婦女、乳房、4小時以上作品,多人,https://www.javbus.com/YLW-4308
NASS-285 艶っぽい母親たち 成熟した女のふくよかな肉体,NASS-285 艶っぽい母親たち 成熟した女のふくよかな肉体,NASS-285,2015-07-24,184分鐘,,なでしこ,Nadeshiko,,成熟的女人、野外・露出、合集、通姦、故事集、巨乳,多人,https://www.javbus.com/NASS-285
KAGH-023 センズリ鑑賞4時間 チ●ポを見る人妻たちの顔は、SEXしてる時よりもエロい,KAGH-023 センズリ鑑賞4時間 チ●ポを見る人妻たちの顔は、SEXしてる時よりもエロい,KAGH-023,2015-06-25,240分鐘,妻撮りの翁,AFRO-FILM,かぐや姫（AFRO-FILM）,,已婚婦女、4小時以上作品、高畫質、自慰、打手槍,多人,https://www.javbus.com/KAGH-023
RBB-037 往年の熟女たちの淫らな性交 16時間,RBB-037 往年の熟女たちの淫らな性交 16時間,RBB-037,2015-06-13,960分鐘,,ROOKIE,ROOKIE,,成熟的女人、合集、16時間以上作品、DMM獨家,多人,https://www.javbus.com/RBB-037
KAGH-015 WORKER人妻4時間 汗で蒸れた完熟マ●コに勃起棒を生インサ～ト,KAGH-015 WORKER人妻4時間 汗で蒸れた完熟マ●コに勃起棒を生インサ～ト,KAGH-015,2015-04-25,240分鐘,妻撮りの翁,AFRO-FILM,かぐや姫（AFRO-FILM）,,成熟的女人、已婚婦女、中出、4小時以上作品、高畫質,多人,https://www.javbus.com/KAGH-015
NASS-237 狂い咲く 不倫に燃え上がる熟女たち,NASS-237 狂い咲く 不倫に燃え上がる熟女たち,NASS-237,2015-04-24,191分鐘,,なでしこ,Nadeshiko,,成熟的女人、已婚婦女、通姦,多人,https://www.javbus.com/NASS-237
RBB-023 肉棒を包み込む最高の口淫 美熟女の優しく丁寧なフェラチオ16時間,RBB-023 肉棒を包み込む最高の口淫 美熟女の優しく丁寧なフェラチオ16時間,RBB-023,2015-04-16,960分鐘,,ROOKIE,ROOKIE,,成熟的女人、口交、姐姐、新娘、年輕妻子、DMM獨家,多人,https://www.javbus.com/RBB-023
RBB-009 高画質 SEXが大好き過ぎて淫乱な雰囲気ただよう ドスケベ熟女16時間,RBB-009 高画質 SEXが大好き過ぎて淫乱な雰囲気ただよう ドスケベ熟女16時間,RBB-009,2015-02-15,960分鐘,,ROOKIE,ROOKIE,,成熟的女人、潮吹、合集、花癡、高畫質、DMM獨家,多人,https://www.javbus.com/RBB-009
SWAC-016 強制イラマ咽喉270分,SWAC-016 強制イラマ咽喉270分,SWAC-016,2015-01-18,270分鐘,,湘南/妄想族,湘南/妄想族,,口交、深喉、拘束、凌辱、4小時以上作品、DMM獨家,多人,https://www.javbus.com/SWAC-016
EMAF-296 熟女200人抜き放題 8時間,EMAF-296 熟女200人抜き放題 8時間,EMAF-296,2015-01-18,480分鐘,清水橋健太,フォーディメンション/エマニエル,フォーディメンション（エマニエル）,,成熟的女人、合集、DMM獨家,多人,https://www.javbus.com/EMAF-296
DBR-84 2014年下半期RUBY年鑑 Vol.6 旅と温泉に映える熟女たち,DBR-84 2014年下半期RUBY年鑑 Vol.6 旅と温泉に映える熟女たち,DBR-84,2014-12-18,240分鐘,CHIKABUN,ルビー,RUBY,ルビー年鑑,成熟的女人、合集、4小時以上作品、高畫質,多人,https://www.javbus.com/DBR-84
SWAC-013 強制連続発射させられちゃった 4時間,SWAC-013 強制連続発射させられちゃった 4時間,SWAC-013,2014-12-12,240分鐘,,湘南/妄想族,湘南/妄想族,,蕩婦、DMM獨家、打手槍,多人,https://www.javbus.com/SWAC-013
OOMN-123 フェラをしたがる母親達 厳選集,OOMN-123 フェラをしたがる母親達 厳選集,OOMN-123,2014-12-12,240分鐘,,ABC/妄想族,お母さん.com/ABC,フェラをしたがる母親達,成熟的女人、母親、口交、合集、亂倫、DMM獨家,多人,https://www.javbus.com/OOMN-123
RKI-378 思いのママ、気の向くママ、本能のおもむくママに美熟女のほっこり優しいSEX16時間,RKI-378 思いのママ、気の向くママ、本能のおもむくママに美熟女のほっこり優しいSEX16時間,RKI-378,2014-11-15,960分鐘,,ROOKIE,ROOKIE,,成熟的女人、合集、巨乳、DMM獨家,多人,https://www.javbus.com/RKI-378
JFB-078 ムッチリ美女大集合！ハミ出し水着全作品集12時間,JFB-078 ムッチリ美女大集合！ハミ出し水着全作品集12時間,JFB-078,2014-10-25,720分鐘,,Fitch,Fitch,ハミ出し水着（Fitch）,成熟的女人、合集、戀乳癖、數位馬賽克、泳裝、DMM獨家,多人,https://www.javbus.com/JFB-078
SWAC-005 パイズリ50人4時間,SWAC-005 パイズリ50人4時間,SWAC-005,2014-10-13,240分鐘,,湘南/妄想族,湘南/妄想族,,乳交、戀乳癖、巨乳、DMM獨家,多人,https://www.javbus.com/SWAC-005
HKD-74 「もっと奥まで…入れてほしい…」性欲異常な四十路のカラダ！ 甥っ子とご近所少年を喰い乱れ！ 北原夏美,HKD-74 「もっと奥まで…入れてほしい…」性欲異常な四十路のカラダ！ 甥っ子とご近所少年を喰い乱れ！ 北原夏美,HKD-74,2014-10-09,107分鐘,木村浩之,ルビー,聖,「もっと奥まで…入れてほしい…」,成熟的女人、高畫質、正太控、單體作品,北原夏美,https://www.javbus.com/HKD-74
MXSPS-359 魅惑のクイーン50人！ ボンテージだらけのSM（秘）倶楽部スペシャル 10時間,MXSPS-359 魅惑のクイーン50人！ ボンテージだらけのSM（秘）倶楽部スペシャル 10時間,MXSPS-359,2014-09-16,599分鐘,,マキシング,MAXING,魅惑のクイーン13人！ボンテージだらけのSM（秘）倶楽部,SM、合集、性奴、4小時以上作品、緊縛,多人,https://www.javbus.com/MXSPS-359
EMAF-280 母と息子の温泉旅行～日常から解き放された母と息子はドス黒い欲望を剥き出しにして、獣のように本能の赴くまま、昼も夜も、何度も何度も快楽を貪る～,EMAF-280 母と息子の温泉旅行～日常から解き放された母と息子はドス黒い欲望を剥き出しにして、獣のように本能の赴くまま、昼も夜も、何度も何度も快楽を貪る～,EMAF-280,2014-08-29,239分鐘,清水橋健太,フォーディメンション/エマニエル,フォーディメンション（エマニエル）,,成熟的女人、母親、亂倫、DMM獨家,多人,https://www.javbus.com/EMAF-280
BKD-120 母子交尾 ［会津路］ 北原夏美,BKD-120 母子交尾 ［会津路］ 北原夏美,BKD-120,2014-08-28,149分鐘,伊勢風太,ルビー,旅路,母子交尾,成熟的女人、亂倫、中出、高畫質、單體作品,北原夏美,https://www.javbus.com/BKD-120
RLOJ-028 人妻熟女スペシャル40人 4時間,RLOJ-028 人妻熟女スペシャル40人 4時間,RLOJ-028,2014-08-04,241分鐘,,マニアゼロ,乱熟（乱熟）,,成熟的女人、已婚婦女、4小時以上作品,多人,https://www.javbus.com/RLOJ-028
OOMN-107 美熟女着替え 100名,OOMN-107 美熟女着替え 100名,OOMN-107,2014-07-27,239分鐘,,ABC/妄想族,お母さん.com/ABC,,成熟的女人、母親、合集、戀乳癖、巨乳、DMM獨家,多人,https://www.javbus.com/OOMN-107
FABS-041 昭和 心揺さぶる官能ドラマ 母と未亡人の昭和/人妻たちの昭和,FABS-041 昭和 心揺さぶる官能ドラマ 母と未亡人の昭和/人妻たちの昭和,FABS-041,2014-07-20,282分鐘,ヘンリー塚本,FAプロ・プラチナ,FAプレミアム,昭和,成熟的女人、母親、已婚婦女、4小時以上作品、戲劇、故事集、DMM獨家,多人,https://www.javbus.com/FABS-041
FABS-043 昭和 心揺さぶる官能ドラマ 美しき嫁たちの昭和/セックスと女たちの昭和,FABS-043 昭和 心揺さぶる官能ドラマ 美しき嫁たちの昭和/セックスと女たちの昭和,FABS-043,2014-07-20,272分鐘,ヘンリー塚本,FAプロ・プラチナ,FAプレミアム,昭和,成熟的女人、母親、已婚婦女、4小時以上作品、戲劇、故事集、巨乳、DMM獨家,多人,https://www.javbus.com/FABS-043
HYAS-014 熟年近親相姦 100人8時間,HYAS-014 熟年近親相姦 100人8時間,HYAS-014,2014-07-18,484分鐘,,ケイ・エム・プロデュース,100人,100人8時間,成熟的女人、合集、亂倫、中出、4小時以上作品,多人,https://www.javbus.com/HYAS-014
AMRD-012 アモーレ熟女・人妻16作品4時間,AMRD-012 アモーレ熟女・人妻16作品4時間,AMRD-012,2014-07-15,242分鐘,,マニアゼロ,AMORE,,成熟的女人、合集、已婚婦女、4小時以上作品,多人,https://www.javbus.com/AMRD-012
EMAC-051 近親相姦 息子に中出しされた24人の恥母DX 4時間,EMAC-051 近親相姦 息子に中出しされた24人の恥母DX 4時間,EMAC-051,2014-06-29,240分鐘,,DX/エマニエル,DX（エマニエル）,息子に中出しされた12人の恥母,成熟的女人、合集、亂倫、已婚婦女、中出、DMM獨家,多人,https://www.javbus.com/EMAC-051
RLOJ-027 夢の近親相姦！息子の勃起チ○ポに興奮して「赤ちゃんできちゃうから、ダメ！」と言いながら中出しさせてくれる母親たち24人4時間,RLOJ-027 夢の近親相姦！息子の勃起チ○ポに興奮して「赤ちゃんできちゃうから、ダメ！」と言いながら中出しさせてくれる母親たち24人4時間,RLOJ-027,2014-06-15,241分鐘,,マニアゼロ,乱熟（乱熟）,,成熟的女人、合集、亂倫、中出、4小時以上作品,多人,https://www.javbus.com/RLOJ-027
EMAC-050 熟年夫婦15組の秘密スワップパーティで夫の前で他人のチ○ポを咥え、手コキでドピュドピュと発射させた男汁をむしゃぶる肉欲熟女たち,EMAC-050 熟年夫婦15組の秘密スワップパーティで夫の前で他人のチ○ポを咥え、手コキでドピュドピュと発射させた男汁をむしゃぶる肉欲熟女たち,EMAC-050,2014-05-30,240分鐘,,DX/エマニエル,DX（エマニエル）,,成熟的女人、口交、已婚婦女、4小時以上作品、打手槍,多人,https://www.javbus.com/EMAC-050
SENJ-001 こっそり熟女たちが集団でオナニーしながらセンズリを見てイクッ姿に興奮ついでに喰わえて精子をしぼり取る,SENJ-001 こっそり熟女たちが集団でオナニーしながらセンズリを見てイクッ姿に興奮ついでに喰わえて精子をしぼり取る,SENJ-001,2014-05-27,239分鐘,,マニアゼロ,センズリ倶楽部（マニアゼロ）,,成熟的女人、其他戀物癖、4小時以上作品、自慰,北原夏美,https://www.javbus.com/SENJ-001
AST-37 熟尻母30尻［ケツ］4時間30人,AST-37 熟尻母30尻［ケツ］4時間30人,AST-37,2014-05-26,240分鐘,矢野口進,ルビー,Treasure（ルビー）,,成熟的女人、屁股,多人,https://www.javbus.com/AST-37
NASS-133 中年男たちに捧げる熟れた女のおっぱい,NASS-133 中年男たちに捧げる熟れた女のおっぱい,NASS-133,2014-05-23,198分鐘,,なでしこ,Nadeshiko,,成熟的女人、母親、已婚婦女、戲劇、巨乳,多人,https://www.javbus.com/NASS-133
LHJF-852 いやらしい熟女たちがド淫語で鬼コキ！,LHJF-852 いやらしい熟女たちがド淫語で鬼コキ！,LHJF-852,2014-05-13,121分鐘,,マニアゼロ,F’OXY,,成熟的女人、淫語、已婚婦女、打手槍,多人,https://www.javbus.com/LHJF-852
KAGS-051 パンツから取り出した途端、部屋に立ち込めるイカ臭チンポセンズリ鑑賞！あまりの臭さに頭がクラクラして糸引く精子にうっとりする人妻たち,KAGS-051 パンツから取り出した途端、部屋に立ち込めるイカ臭チンポセンズリ鑑賞！あまりの臭さに頭がクラクラして糸引く精子にうっとりする人妻たち,KAGS-051,2014-05-02,139分鐘,石川出水,AFRO-FILM,赫夜姫映像,,獵豔、其他戀物癖、已婚婦女、高畫質,多人,https://www.javbus.com/KAGS-051
KAGS-050 温泉旅行中のS級人妻は癒しを求めてるので確実にヤれる！こっそりゴムを外し、生ザーメンを子宮にブチ撒けられちゃう言いなり美人妻,KAGS-050 温泉旅行中のS級人妻は癒しを求めてるので確実にヤれる！こっそりゴムを外し、生ザーメンを子宮にブチ撒けられちゃう言いなり美人妻,KAGS-050,2014-05-02,140分鐘,石川出水,AFRO-FILM,赫夜姫映像,,和服・喪服、獵豔、已婚婦女、中出、高畫質、立即口交,多人,https://www.javbus.com/KAGS-050
SCF-056 母と息子の近親相姦 88人のママ12時間,SCF-056 母と息子の近親相姦 88人のママ12時間,SCF-056,2014-04-20,724分鐘,,マルクス兄弟,MARXBrothersco.,,亂倫,多人,https://www.javbus.com/SCF-056
AMRC-025 人妻スワッピング～男に飢えた熟女たちのヤリコンパーティー～ 2,AMRC-025 人妻スワッピング～男に飢えた熟女たちのヤリコンパーティー～ 2,AMRC-025,2014-04-15,137分鐘,,マニアゼロ,AMORE,人妻スワッピング～男に飢えた熟女たちのヤリコンパーティー～,成熟的女人、濫交、已婚婦女、打手槍,多人,https://www.javbus.com/AMRC-025
DJSH-032 義母の脱ぎたて汚パンティで亀頭責め手コキ DX4時間,DJSH-032 義母の脱ぎたて汚パンティで亀頭責め手コキ DX4時間,DJSH-032,2014-04-15,244分鐘,,ジャネス,艶女,義母の脱ぎたて汚パンティで亀頭責め手コキ,4小時以上作品、婆婆、打手槍,多人,https://www.javbus.com/DJSH-032
EMAC-047 お母さんの脱ぎたてパンティで手コキされ発射する息子たちDX22名4時間,EMAC-047 お母さんの脱ぎたてパンティで手コキされ発射する息子たちDX22名4時間,EMAC-047,2014-04-14,244分鐘,,DX/エマニエル,DX（エマニエル）,お母さんの脱ぎたてパンティで手コキされ発射する息子たち,成熟的女人、4小時以上作品、打手槍,多人,https://www.javbus.com/EMAC-047
MAC-022 息子の性欲処理に勤しむ母親の告白,MAC-022 息子の性欲処理に勤しむ母親の告白,MAC-022,2014-04-03,240分鐘,あばしり一家,グローバルメディアエンタテインメント,mother＆child,,成熟的女人、母親、亂倫、數位馬賽克、4小時以上作品、高畫質,多人,https://www.javbus.com/MAC-022
FABS-033 心に残り心に沁みるヘンリー塚本官能ポルノ 300分間のヘンリー塚本名作エロ本,FABS-033 心に残り心に沁みるヘンリー塚本官能ポルノ 300分間のヘンリー塚本名作エロ本,FABS-033,2014-03-22,289分鐘,ヘンリー塚本,FAプロ・プラチナ,FAプレミアム,心に残り、心に沁みるヘンリー塚本官能ポルノ,成熟的女人、母親、已婚婦女、4小時以上作品、戲劇、故事集、巨乳,多人,https://www.javbus.com/FABS-033
AMRD-010 美熟女プレミアム 北原夏美 ベスト 4時間,AMRD-010 美熟女プレミアム 北原夏美 ベスト 4時間,AMRD-010,2014-03-15,239分鐘,,マニアゼロ,AMORE,美熟女プレミアム,成熟的女人、合集、中出,多人,https://www.javbus.com/AMRD-010
HFD-095 奥さん、そんな反応したら、和姦になっちゃうよ 第二章 巨乳人妻×白昼堂々×強姦悦楽 4時間,HFD-095 奥さん、そんな反応したら、和姦になっちゃうよ 第二章 巨乳人妻×白昼堂々×強姦悦楽 4時間,HFD-095,2014-03-05,239分鐘,,ドリームチケット,ドリームチケット,奥さん、そんな反応したら、和姦になっちゃうよ,已婚婦女、拘束、凌辱、手指插入、巨乳,多人,https://www.javbus.com/HFD-095
NASS-112 夫婦交換 のぞきスワッピング,NASS-112 夫婦交換 のぞきスワッピング,NASS-112,2014-02-28,181分鐘,,なでしこ,Nadeshiko,,成熟的女人、已婚婦女、偷窥、出軌、戲劇,多人,https://www.javbus.com/NASS-112
YLW-4175 働くおばさん達にセクハラしたら恥じらいながらもOKサインが出たから、そのまま生中出しセックスしちゃいました。,YLW-4175 働くおばさん達にセクハラしたら恥じらいながらもOKサインが出たから、そのまま生中出しセックスしちゃいました。,YLW-4175,2014-02-26,120分鐘,大野祐一,MellowMoon,YellowMoon,,企畫、成熟的女人、各種職業、已婚婦女、中出,多人,https://www.javbus.com/YLW-4175
FABS-032 30人のいい女たちが生きて味わうこの世の天国絶叫アクメ,FABS-032 30人のいい女たちが生きて味わうこの世の天国絶叫アクメ,FABS-032,2014-02-22,276分鐘,ヘンリー塚本,FAプロ・プラチナ,FAプレミアム,,成熟的女人、母親、已婚婦女、姐姐、4小時以上作品、戲劇、故事集,多人,https://www.javbus.com/FABS-032
FABS-031 30人の色っぽい女たちのふくよかな母なる乳房＆SEX,FABS-031 30人の色っぽい女たちのふくよかな母なる乳房＆SEX,FABS-031,2014-02-22,306分鐘,ヘンリー塚本,FAプロ・プラチナ,FAプレミアム,,成熟的女人、戀乳癖、4小時以上作品、戲劇、故事集、巨乳、貧乳・微乳,多人,https://www.javbus.com/FABS-031
FABS-030 40人の女たちの世界一ねちっこい接吻SEX,FABS-030 40人の女たちの世界一ねちっこい接吻SEX,FABS-030,2014-02-22,281分鐘,ヘンリー塚本,FAプロ・プラチナ,FAプレミアム,,成熟的女人、已婚婦女、4小時以上作品、戲劇、故事集,多人,https://www.javbus.com/FABS-030
RLOJ-019 どスケベ熟女の亀頭責めフェラ27名 4時間,RLOJ-019 どスケベ熟女の亀頭責めフェラ27名 4時間,RLOJ-019,2014-01-30,240分鐘,,マニアゼロ,乱熟（乱熟）,,蕩婦、成熟的女人、口交、合集、4小時以上作品,多人,https://www.javbus.com/RLOJ-019
FABS-028 心に残り心に沁みるヘンリー塚本官能ポルノ スワッピング,FABS-028 心に残り心に沁みるヘンリー塚本官能ポルノ スワッピング,FABS-028,2014-01-20,240分鐘,ヘンリー塚本,FAプロ・プラチナ,FAプレミアム,心に残り、心に沁みるヘンリー塚本官能ポルノ,成熟的女人、濫交、已婚婦女、戲劇、故事集、巨乳、DMM獨家,多人,https://www.javbus.com/FABS-028
SCF-052 ディルドオナニー 100人8時間,SCF-052 ディルドオナニー 100人8時間,SCF-052,2014-01-20,484分鐘,,マルクス兄弟,MARXBrothersco.,,潮吹、4小時以上作品、DMM獨家、自慰、局部特寫,多人,https://www.javbus.com/SCF-052
SGMS-111 M男襲撃！魔性のボンテージを纏う女王様の妖艶調教,SGMS-111 M男襲撃！魔性のボンテージを纏う女王様の妖艶調教,SGMS-111,2014-01-16,241分鐘,,スターゲート,STARGATE,,SM、合集、緊縛,多人,https://www.javbus.com/SGMS-111
EMAC-040 亀頭を締めあげ尺りたてる下品な熟女フェラ DX 62名4時間,EMAC-040 亀頭を締めあげ尺りたてる下品な熟女フェラ DX 62名4時間,EMAC-040,2013-12-22,241分鐘,,DX/エマニエル,DX（エマニエル）,亀頭を締めあげ尺りたてる下品な熟女フェラ,蕩婦、成熟的女人、口交、4小時以上作品、DMM獨家,多人,https://www.javbus.com/EMAC-040
EMAC-041 くっさいチ○ポに淫語手コキ責めする痴熟女 DX 34名4時間,EMAC-041 くっさいチ○ポに淫語手コキ責めする痴熟女 DX 34名4時間,EMAC-041,2013-12-22,243分鐘,,DX/エマニエル,DX（エマニエル）,くっさいチ○ポに淫語手コキ責めする痴熟女,蕩婦、成熟的女人、淫語、4小時以上作品、DMM獨家、打手槍,多人,https://www.javbus.com/EMAC-041
EMAF-248 本当にエロい熟女 北原夏美 4時間,EMAF-248 本当にエロい熟女 北原夏美 4時間,EMAF-248,2013-12-22,238分鐘,清水橋健太,フォーディメンション/エマニエル,フォーディメンション（エマニエル）,,成熟的女人、合集、乳房、4小時以上作品、單體作品、DMM獨家,北原夏美,https://www.javbus.com/EMAF-248
JUSD-529 Madonna10周年記念 Fitchレーベル全作品集 143タイトル12時間 全てはここから始まった！ 2007～2011年にリリースした全作品を完全網羅！！,JUSD-529 Madonna10周年記念 Fitchレーベル全作品集 143タイトル12時間 全てはここから始まった！ 2007～2011年にリリースした全作品を完全網羅！！,JUSD-529,2013-12-15,718分鐘,,マドンナ,Madonna,Madonna10周年記念,蕩婦、成熟的女人、合集、已婚婦女、數位馬賽克、羞恥、DMM獨家,多人,https://www.javbus.com/JUSD-529
EMBT-006 「いらっしゃい童貞クン、食べちゃうわよ！！」 経験の無い初物ちんこを欲しがる熟女たち,EMBT-006 「いらっしゃい童貞クン、食べちゃうわよ！！」 経験の無い初物ちんこを欲しがる熟女たち,EMBT-006,2013-12-13,239分鐘,,WIFE/エマニエル,WIFE（エマニエル）,,蕩婦、成熟的女人、其他戀物癖、合集、已婚婦女、4小時以上作品、DMM獨家,多人,https://www.javbus.com/EMBT-006
OOMN-084 皆様のおかげで5周年！ 感謝を込めて名女優＆名プレイ厳選スペシャル！！ ～熟女の母性を追い求めて～,OOMN-084 皆様のおかげで5周年！ 感謝を込めて名女優＆名プレイ厳選スペシャル！！ ～熟女の母性を追い求めて～,OOMN-084,2013-12-13,241分鐘,,ABC/妄想族,お母さん.com/ABC,,成熟的女人、母親、乳交、合集、亂倫、4小時以上作品、DMM獨家,多人,https://www.javbus.com/OOMN-084
EMBE-006 ド淫乱美熟女たちの過激セックス事情！,EMBE-006 ド淫乱美熟女たちの過激セックス事情！,EMBE-006,2013-12-13,239分鐘,,貴婦人族/エマニエル,貴婦人族,,成熟的女人、合集、已婚婦女、花癡、4小時以上作品、DMM獨家,多人,https://www.javbus.com/EMBE-006
MBYD-177 人妻の濃厚なお掃除フェラ8時間,MBYD-177 人妻の濃厚なお掃除フェラ8時間,MBYD-177,2013-12-08,478分鐘,,溜池ゴロー,溜池ゴロー,,成熟的女人、口交、合集、已婚婦女、數位馬賽克、DMM獨家,多人,https://www.javbus.com/MBYD-177
JUSD-526 Madonna10周年記念 美熟女のアナルにどっぷり真性中出し40発,JUSD-526 Madonna10周年記念 美熟女のアナルにどっぷり真性中出し40発,JUSD-526,2013-12-05,478分鐘,,マドンナ,Madonna,Madonna10周年記念,成熟的女人、合集、數位馬賽克、羞恥、中出、DMM獨家、肛交,多人,https://www.javbus.com/JUSD-526
EMAC-034 温泉露出旅スペシャル4時間,EMAC-034 温泉露出旅スペシャル4時間,EMAC-034,2013-11-17,242分鐘,,DX/エマニエル,DX（エマニエル）,,成熟的女人、野外・露出、已婚婦女、通姦、DMM獨家,多人,https://www.javbus.com/EMAC-034
EMAC-035 ○○しながらオナニーをする美熟女SP 18名 4時間（フェラしながら、乳首舐めさせながら、パンツの匂い嗅ぎながら）,EMAC-035 ○○しながらオナニーをする美熟女SP 18名 4時間（フェラしながら、乳首舐めさせながら、パンツの匂い嗅ぎながら）,EMAC-035,2013-11-17,240分鐘,,DX/エマニエル,DX（エマニエル）,,成熟的女人、口交、DMM獨家、自慰,多人,https://www.javbus.com/EMAC-035
NXG-121 巨乳美熟母と禁断の中出し関係,NXG-121 巨乳美熟母と禁断の中出し関係,NXG-121,2013-11-16,120分鐘,いなりかずき,NEXTGROUP,ネクストグループ,,成熟的女人、已婚婦女、中出、巨乳,多人,https://www.javbus.com/NXG-121
EMAC-033 熟女人妻の本当にイッてる指オナニー 3 （温泉編） 4時間,EMAC-033 熟女人妻の本当にイッてる指オナニー 3 （温泉編） 4時間,EMAC-033,2013-10-27,242分鐘,,DX/エマニエル,DX（エマニエル）,熟女人妻の本当にイッてる指オナニー,成熟的女人、野外・露出、已婚婦女、4小時以上作品、DMM獨家、自慰,多人,https://www.javbus.com/EMAC-033
FABS-022 官能にうち震える女のポルノドラマ 母（おふくろ）,FABS-022 官能にうち震える女のポルノドラマ 母（おふくろ）,FABS-022,2013-10-21,284分鐘,ヘンリー塚本,FAプロ・プラチナ,FAプレミアム,官能にうち震える女のポルノドラマ,成熟的女人、母親、已婚婦女、4小時以上作品、戲劇、巨乳、DMM獨家,多人,https://www.javbus.com/FABS-022
JUSD-517 出産した女は感度抜群！ 子持ち母の下品なセックス 8時間,JUSD-517 出産した女は感度抜群！ 子持ち母の下品なセックス 8時間,JUSD-517,2013-10-20,478分鐘,,マドンナ,Madonna,,蕩婦、成熟的女人、母親、合集、已婚婦女、數位馬賽克、DMM獨家,多人,https://www.javbus.com/JUSD-517
MBYD-172 絶頂！そしてその理由… ドラマシーンもしっかり収録！ イカされた白衣の女達8時間,MBYD-172 絶頂！そしてその理由… ドラマシーンもしっかり収録！ イカされた白衣の女達8時間,MBYD-172,2013-10-13,480分鐘,,溜池ゴロー,溜池ゴロー,,成熟的女人、护士、合集、數位馬賽克、DMM獨家,多人,https://www.javbus.com/MBYD-172
JUSD-512 丸ごと！北原夏美SPECIAL16時間～マドンナ出演24タイトル大放出BEST！！～,JUSD-512 丸ごと！北原夏美SPECIAL16時間～マドンナ出演24タイトル大放出BEST！！～,JUSD-512,2013-10-07,960分鐘,,マドンナ,Madonna,丸ごと！○○8時間,成熟的女人、女同性戀、合集、數位馬賽克、巨乳、DMM獨家、肛交,北原夏美,https://www.javbus.com/JUSD-512
AXAF-006 熟年者のセックスライフ DX4時間,AXAF-006 熟年者のセックスライフ DX4時間,AXAF-006,2013-10-05,246分鐘,,ジャネス,艶女,熟年者のセックスライフ,成熟的女人、濫交、合集、已婚婦女、4小時以上作品,多人,https://www.javbus.com/AXAF-006
FABS-019 心に残り心に沁みるヘンリー塚本官能ポルノ 熟れた肉体 熟女・淑女・中年女,FABS-019 心に残り心に沁みるヘンリー塚本官能ポルノ 熟れた肉体 熟女・淑女・中年女,FABS-019,2013-09-25,277分鐘,ヘンリー塚本,FAプロ・プラチナ,FAプレミアム,心に残り、心に沁みるヘンリー塚本官能ポルノ,成熟的女人、母親、已婚婦女、戲劇、巨乳、DMM獨家,多人,https://www.javbus.com/FABS-019
OOMN-072 お母さんの淫靡なベロチュー大全集 100名,OOMN-072 お母さんの淫靡なベロチュー大全集 100名,OOMN-072,2013-09-01,239分鐘,,ABC/妄想族,お母さん.com/ABC,,成熟的女人、母親、亂倫、已婚婦女、DMM獨家,多人,https://www.javbus.com/OOMN-072
EMAF-233 またがり熟女 跨りっぱなし4時間,EMAF-233 またがり熟女 跨りっぱなし4時間,EMAF-233,2013-09-01,240分鐘,清水橋健太,フォーディメンション/エマニエル,フォーディメンション（エマニエル）,,成熟的女人、女上位、顏面騎乘、DMM獨家,北原夏美,https://www.javbus.com/EMAF-233
FABS-017 心に残り心に沁みるヘンリー塚本官能ポルノ せっぷん,FABS-017 心に残り心に沁みるヘンリー塚本官能ポルノ せっぷん,FABS-017,2013-08-24,237分鐘,ヘンリー塚本,FAプロ・プラチナ,FAプレミアム,心に残り、心に沁みるヘンリー塚本官能ポルノ,成熟的女人、母親、已婚婦女、戲劇、巨乳、DMM獨家,多人,https://www.javbus.com/FABS-017
SCF-037 パイズリ天国100人8時間,SCF-037 パイズリ天国100人8時間,SCF-037,2013-08-09,485分鐘,,マルクス兄弟,MARXBrothersco.,,乳交、戀乳癖、巨乳、DMM獨家,多人,https://www.javbus.com/SCF-037
DJSI-045 集団乱交 3対3 6Pスワッピング,DJSI-045 集団乱交 3対3 6Pスワッピング,DJSI-045,2013-08-05,243分鐘,,ジャネス,艶女,,成熟的女人、濫交、已婚婦女、多P,多人,https://www.javbus.com/DJSI-045
YLW-4102 競泳水着の巨乳熟女,YLW-4102 競泳水着の巨乳熟女,YLW-4102,2013-07-30,122分鐘,,MellowMoon,YellowMoon,,企畫、成熟的女人、第一人稱攝影、巨乳、學校泳裝,多人,https://www.javbus.com/YLW-4102
SLBA-024 レズ羞恥旅スペシャル 4時間（永久保存版）,SLBA-024 レズ羞恥旅スペシャル 4時間（永久保存版）,SLBA-024,2013-07-28,241分鐘,,スタイルアート/妄想族,スタイルアートLOVEBETES/妄想族,,和服・喪服、女同性戀、DMM獨家,多人,https://www.javbus.com/SLBA-024
OBA-058 近親相姦 Wアナルスワッピング 松本まりな 北原夏美,OBA-058 近親相姦 Wアナルスワッピング 松本まりな 北原夏美,OBA-058,2013-07-21,130分鐘,三島六三郎,マドンナ,Obasan,近親相姦,成熟的女人、母親、亂倫、多P、數位馬賽克、高畫質、DMM獨家、肛交,多人,https://www.javbus.com/OBA-058
EMBE-005 人妻色欲乱舞 「おちんこ欲しいの…おまんこに挿入て、もっと！子宮の奥まで激しく突いて～っ！！」,EMBE-005 人妻色欲乱舞 「おちんこ欲しいの…おまんこに挿入て、もっと！子宮の奥まで激しく突いて～っ！！」,EMBE-005,2013-07-15,240分鐘,,貴婦人族/エマニエル,貴婦人族,,成熟的女人、已婚婦女、DMM獨家,多人,https://www.javbus.com/EMBE-005
DJSI-043 美熟女たちの集団フェラチオパーティー,DJSI-043 美熟女たちの集団フェラチオパーティー,DJSI-043,2013-07-05,141分鐘,,ジャネス,艶女,,成熟的女人、口交、多P,多人,https://www.javbus.com/DJSI-043
AMRB-003 セレブ妻たちの集団乱交パーティー,AMRB-003 セレブ妻たちの集団乱交パーティー,AMRB-003,2013-06-28,219分鐘,,マニアゼロ,AMORE,,成熟的女人、濫交、合集、已婚婦女,多人,https://www.javbus.com/AMRB-003
FABS-013 ヘンリー塚本コレクション 人妻エロス,FABS-013 ヘンリー塚本コレクション 人妻エロス,FABS-013,2013-06-23,263分鐘,ヘンリー塚本,FAプロ・プラチナ,FAプレミアム,ヘンリー塚本,母親、強姦、亂倫、已婚婦女、戲劇、DMM獨家,多人,https://www.javbus.com/FABS-013
HRD-07 四十路 五十路 六十路 七十路 40人240分,HRD-07 四十路 五十路 六十路 七十路 40人240分,HRD-07,2013-06-20,237分鐘,MASASHI,ルビー,greed,,和服・喪服、成熟的女人、4小時以上作品,多人,https://www.javbus.com/HRD-07
RLOD-009 近親相姦 禁断の家族愛20連発 4時間,RLOD-009 近親相姦 禁断の家族愛20連発 4時間,RLOD-009,2013-06-01,242分鐘,,マニアゼロ,乱熟（乱熟）,,成熟的女人、母親、合集、亂倫、4小時以上作品,多人,https://www.javbus.com/RLOD-009
SPRD-652 たびじ 親友の母 北原夏美,SPRD-652 たびじ 親友の母 北原夏美,SPRD-652,2013-05-23,127分鐘,大谷卓生,タカラ映像,ALEDDIN,たびじ,成熟的女人、已婚婦女、高畫質、戲劇、單體作品,北原夏美,https://www.javbus.com/SPRD-652
LLJW-713 SMレズビアン 2 4時間,LLJW-713 SMレズビアン 2 4時間,LLJW-713,2013-05-20,241分鐘,,マニアゼロ,W（マニアゼロ）,SMレズビアン（ラハイナ東海）,SM、女同性戀、多P、拘束,多人,https://www.javbus.com/LLJW-713
FABS-011 ヘンリー塚本 コレクション 熟れた女たちのエロ話し,FABS-011 ヘンリー塚本 コレクション 熟れた女たちのエロ話し,FABS-011,2013-05-20,259分鐘,ヘンリー塚本,FAプロ・プラチナ,FAプレミアム,ヘンリー塚本,成熟的女人、母親、已婚婦女、寡婦、戲劇、DMM獨家,多人,https://www.javbus.com/FABS-011
DJSI-040 美熟女限定15人！集団ねっとり手コキ責め！！,DJSI-040 美熟女限定15人！集団ねっとり手コキ責め！！,DJSI-040,2013-05-15,121分鐘,,ジャネス,艶女,,成熟的女人、多P、打手槍,多人,https://www.javbus.com/DJSI-040
SCF-026 エロすぎる ぬるぬるローション55番勝負！4時間,SCF-026 エロすぎる ぬるぬるローション55番勝負！4時間,SCF-026,2013-05-12,244分鐘,,マルクス兄弟,MARXBrothersco.,,乳液、巨乳、DMM獨家、學校泳裝,多人,https://www.javbus.com/SCF-026
EMAC-028 センズリを見て我慢できない熟女たち変態相互オナニー 4時間,EMAC-028 センズリを見て我慢できない熟女たち変態相互オナニー 4時間,EMAC-028,2013-04-26,242分鐘,,DX/エマニエル,DX（エマニエル）,,成熟的女人、DMM獨家、自慰,多人,https://www.javbus.com/EMAC-028
MSYG-009 脳でイク！！ ツイン女王様 アナル無限オーガズム 4時間,MSYG-009 脳でイク！！ ツイン女王様 アナル無限オーガズム 4時間,MSYG-009,2013-04-19,242分鐘,,マニアゼロ,牝猫,,玩具、4小時以上作品、緊縛、肛交,多人,https://www.javbus.com/MSYG-009
EMAC-027 人妻温泉ファック59連発！！！ 8時間,EMAC-027 人妻温泉ファック59連発！！！ 8時間,EMAC-027,2013-04-14,476分鐘,,DX/エマニエル,DX（エマニエル）,,和服・喪服、成熟的女人、已婚婦女、4小時以上作品、DMM獨家,多人,https://www.javbus.com/EMAC-027
LXJE-206 女王様たちの射精管理 4時間,LXJE-206 女王様たちの射精管理 4時間,LXJE-206,2013-04-09,236分鐘,,マニアゼロ,Mスナイパー,,成熟的女人、SM、女同性戀、性奴、緊縛,多人,https://www.javbus.com/LXJE-206
SCF-022 キモメンに犯される33人の美女 8時間,SCF-022 キモメンに犯される33人の美女 8時間,SCF-022,2013-04-08,478分鐘,,マルクス兄弟,MARXBrothersco.,,強姦、多P、凌辱、中出、DMM獨家,多人,https://www.javbus.com/SCF-022
JAMD-024 「M専科」ダブル ミストレス ナツミ女王様＆RakuRa女王様,JAMD-024 「M専科」ダブル ミストレス ナツミ女王様＆RakuRa女王様,JAMD-024,2013-03-29,104分鐘,,スタイルアート/妄想族,スタイルアートjam/妄想族,「M専科」ダブルミストレス,SM、性奴、緊縛、DMM獨家、肛交,多人,https://www.javbus.com/JAMD-024
LHJF-201 騎乗位で息子を犯すいやらしい母親たち 8時間,LHJF-201 騎乗位で息子を犯すいやらしい母親たち 8時間,LHJF-201,2013-03-26,475分鐘,,マニアゼロ,F’OXY,,成熟的女人、女上位、4小時以上作品、婆婆,多人,https://www.javbus.com/LHJF-201
UMD-011 寝取られた私の妻 夫が見た本当の妻の姿 20人,UMD-011 寝取られた私の妻 夫が見た本当の妻の姿 20人,UMD-011,2013-03-25,240分鐘,,グローバルメディアエンタテインメント,ULTRAMIX,,已婚婦女、高畫質、出軌,多人,https://www.javbus.com/UMD-011
AMRA-007 母親のオナニーに興奮してセンズリ顔射する息子たち,AMRA-007 母親のオナニーに興奮してセンズリ顔射する息子たち,AMRA-007,2013-03-24,116分鐘,,マニアゼロ,AMORE,,成熟的女人、母親、其他戀物癖、合集、婆婆、自慰,多人,https://www.javbus.com/AMRA-007
IENE-237 アイエナジーいやらしい人妻のオナニー作品集 22人の人妻たち,IENE-237 アイエナジーいやらしい人妻のオナニー作品集 22人の人妻たち,IENE-237,2013-03-21,238分鐘,,アイエナジー,IENERGY！,アイエナジー作品集,合集、已婚婦女、插入異物、高畫質,多人,https://www.javbus.com/IENE-237
HRD-01 垂れ乳ババア 4時間 24人見事に垂れてます！,HRD-01 垂れ乳ババア 4時間 24人見事に垂れてます！,HRD-01,2013-03-21,239分鐘,MASASHI,ルビー,greed,,成熟的女人、其他戀物癖、4小時以上作品,多人,https://www.javbus.com/HRD-01
SCF-019 無理やり連続発射させられちゃったボク4時間スぺシャル,SCF-019 無理やり連続発射させられちゃったボク4時間スぺシャル,SCF-019,2013-03-18,240分鐘,,マルクス兄弟,MARXBrothersco.,,蕩婦、乳交、DMM獨家、打手槍,多人,https://www.javbus.com/SCF-019
SLBA-019 レズビアンレイプ 2（熟娘編） 4時間,SLBA-019 レズビアンレイプ 2（熟娘編） 4時間,SLBA-019,2013-03-15,240分鐘,,スタイルアート/妄想族,スタイルアートLOVEBETES/妄想族,レズビアンレイプ,成熟的女人、女同性戀、強姦、DMM獨家,多人,https://www.javbus.com/SLBA-019
UMD-010 黒人イマラチオ集,UMD-010 黒人イマラチオ集,UMD-010,2013-02-28,239分鐘,,グローバルメディアエンタテインメント,ULTRAMIX,,成熟的女人、強姦、合集、數位馬賽克、深喉、高畫質、黑人演員,多人,https://www.javbus.com/UMD-010
UMD-015 下克上！！ お高い熟女をレイプで屈服させる！,UMD-015 下克上！！ お高い熟女をレイプで屈服させる！,UMD-015,2013-02-26,240分鐘,,グローバルメディアエンタテインメント,ULTRAMIX,,成熟的女人、強姦、合集、已婚婦女、數位馬賽克、中出、高畫質,多人,https://www.javbus.com/UMD-015
JFB-035 爆乳から美巨乳までムッチリ極上パイズリ8時間,JFB-035 爆乳から美巨乳までムッチリ極上パイズリ8時間,JFB-035,2013-02-23,478分鐘,,Fitch,Fitch,,乳交、合集、戀乳癖、數位馬賽克、乳房、泳裝、DMM獨家,多人,https://www.javbus.com/JFB-035
VNDS-5092 熟女潮吹き大全 【第二巻】,VNDS-5092 熟女潮吹き大全 【第二巻】,VNDS-5092,2013-02-23,117分鐘,コルト69,NEXTGROUP,ネクストイレブン,熟女潮吹き大全,成熟的女人、潮吹、手指插入,多人,https://www.javbus.com/VNDS-5092
FABS-004 ヘンリー塚本 コレクション 禁断の肉欲関係,FABS-004 ヘンリー塚本 コレクション 禁断の肉欲関係,FABS-004,2013-02-18,255分鐘,ヘンリー塚本,FAプロ・プラチナ,FAプレミアム,ヘンリー塚本,成熟的女人、合集、亂倫、已婚婦女、戲劇,多人,https://www.javbus.com/FABS-004
YLW-4032 激姦！中出しセックス！美熟女たちの快楽追及 12人4時間,YLW-4032 激姦！中出しセックス！美熟女たちの快楽追及 12人4時間,YLW-4032,2013-01-25,240分鐘,江川卓球,MellowMoon,YellowMoon,,成熟的女人、合集、中出、4小時以上作品,多人,https://www.javbus.com/YLW-4032
YLW-4033 ママは愛ドル！息子の体を溺愛する美人妻たちの近親性愛,YLW-4033 ママは愛ドル！息子の体を溺愛する美人妻たちの近親性愛,YLW-4033,2013-01-25,239分鐘,江川卓球,MellowMoon,YellowMoon,,成熟的女人、母親、合集、亂倫、4小時以上作品,多人,https://www.javbus.com/YLW-4033
FABS-003 人妻 夫以外の男とのSEX 3 夫を裏切るスリル/性に飢えている妻,FABS-003 人妻 夫以外の男とのSEX 3 夫を裏切るスリル/性に飢えている妻,FABS-003,2013-01-21,331分鐘,ヘンリー塚本,FAプロ・プラチナ,FAプレミアム,人妻夫以外の男とのSEX,成熟的女人、強姦、亂倫、已婚婦女、戲劇,多人,https://www.javbus.com/FABS-003
OBA-022 熟女銭湯レズビアン ～ノンケ禁制・白百合の湯～ 加山なつこ 北原夏美,OBA-022 熟女銭湯レズビアン ～ノンケ禁制・白百合の湯～ 加山なつこ 北原夏美,OBA-022,2013-01-20,119分鐘,三島六三郎,マドンナ,Obasan,,成熟的女人、女同性戀、數位馬賽克、女同接吻、DVD多士爐、高畫質、巨乳、DMM獨家,多人,https://www.javbus.com/OBA-022
NXG-017 ネクストイレブン 美熟女作品BEST10 270分SPECIAL！！,NXG-017 ネクストイレブン 美熟女作品BEST10 270分SPECIAL！！,NXG-017,2013-01-19,268分鐘,いなりかずき,NEXTGROUP,ネクストグループ,○○作品BEST10,成熟的女人、合集、亂倫、4小時以上作品,多人,https://www.javbus.com/NXG-017
EXTA-019 レズレイプ 2（熟娘編） 4時間,EXTA-019 レズレイプ 2（熟娘編） 4時間,EXTA-019,2012-12-27,239分鐘,,マニアゼロ,エクストラ,レズレイプ（マニアゼロ）,成熟的女人、女同性戀、強姦,多人,https://www.javbus.com/EXTA-019
AMRD-002 誘惑義母 ピストン騎乗位でイカされ中出しさせられた息子たち 4時間 2,AMRD-002 誘惑義母 ピストン騎乗位でイカされ中出しさせられた息子たち 4時間 2,AMRD-002,2012-12-24,237分鐘,,マニアゼロ,AMORE,誘惑義母,成熟的女人、合集、中出、女上位、4小時以上作品、婆婆,多人,https://www.javbus.com/AMRD-002
EMAC-024 極選！巷で人気の熟女でございます！！DX 4時間,EMAC-024 極選！巷で人気の熟女でございます！！DX 4時間,EMAC-024,2012-12-23,241分鐘,,DX/エマニエル,DX（エマニエル）,,成熟的女人、合集、多P,多人,https://www.javbus.com/EMAC-024
EXTA-018 道具を使わないレズ 3（熟娘編） 4時間,EXTA-018 道具を使わないレズ 3（熟娘編） 4時間,EXTA-018,2012-12-15,241分鐘,,マニアゼロ,エクストラ,道具を使わないレズ,成熟的女人、女同性戀、顏面騎乘,多人,https://www.javbus.com/EXTA-018
EMBE-003 ヘルタースケルター（～超過激エログロ～）な美熟女たち！！,EMBE-003 ヘルタースケルター（～超過激エログロ～）な美熟女たち！！,EMBE-003,2012-12-14,239分鐘,,貴婦人族/エマニエル,貴婦人族,,成熟的女人、已婚婦女、中出、巨乳、肛交,多人,https://www.javbus.com/EMBE-003
SLBA-015 近親相姦レズビアン4時間,SLBA-015 近親相姦レズビアン4時間,SLBA-015,2012-12-14,244分鐘,,スタイルアート/妄想族,スタイルアートLOVEBETES/妄想族,,成熟的女人、女同性戀、亂倫、蘿莉塔,多人,https://www.javbus.com/SLBA-015
QXL-84 RUBY厳選！2012年新モデル 熟女水着コレクション 8時間,QXL-84 RUBY厳選！2012年新モデル 熟女水着コレクション 8時間,QXL-84,2012-11-28,475分鐘,木村浩之,ルビー,RUBY,熟女の水着,成熟的女人、合集、4小時以上作品、泳裝,多人,https://www.javbus.com/QXL-84
JUSD-450 息子の友達のチ○ポでイキまくる母 8時間,JUSD-450 息子の友達のチ○ポでイキまくる母 8時間,JUSD-450,2012-11-22,478分鐘,,マドンナ,Madonna,,成熟的女人、合集、已婚婦女、數位馬賽克、凌辱、4小時以上作品、出軌、DMM獨家,多人,https://www.javbus.com/JUSD-450
AMRD-005 美熟女プレミアム 北原夏美ベスト 4時間,AMRD-005 美熟女プレミアム 北原夏美ベスト 4時間,AMRD-005,2012-11-17,239分鐘,,マニアゼロ,AMORE,美熟女プレミアム,成熟的女人、合集、4小時以上作品、巨乳、單體作品,北原夏美,https://www.javbus.com/AMRD-005
LHJF-802 イヤらしいお母さんの顔騎、尻コキでイカされた息子たち,LHJF-802 イヤらしいお母さんの顔騎、尻コキでイカされた息子たち,LHJF-802,2012-11-10,139分鐘,,マニアゼロ,F’OXY,,成熟的女人、母親、亂倫、已婚婦女、顏面騎乘,多人,https://www.javbus.com/LHJF-802
FAX-449 有害図書 熟れた女がいっぱい,FAX-449 有害図書 熟れた女がいっぱい,FAX-449,2012-11-09,178分鐘,ヘンリー塚本,FAプロ・プラチナ,FAプロ,有害図書,成熟的女人、亂倫、已婚婦女、戲劇,多人,https://www.javbus.com/FAX-449
SBB-152 巨乳パイズリ狭射30人4時間,SBB-152 巨乳パイズリ狭射30人4時間,SBB-152,2012-11-09,241分鐘,,マルクス兄弟,MARXBrothersco.,,乳交、戀乳癖、巨乳、DMM獨家,多人,https://www.javbus.com/SBB-152
DSE-985 近親相姦FUCK8時間 2,DSE-985 近親相姦FUCK8時間 2,DSE-985,2012-11-07,480分鐘,,ドリームステージ,熟女絵巻,近親相姦FUCK,成熟的女人、亂倫、4小時以上作品,多人,https://www.javbus.com/DSE-985
YLW-4020 美熟女に甘えたい人大集合！ こんなに優しくエッチに癒されてみたいもんだ！,YLW-4020 美熟女に甘えたい人大集合！ こんなに優しくエッチに癒されてみたいもんだ！,YLW-4020,2012-10-30,240分鐘,CHIKABUN,MellowMoon,YellowMoon,,成熟的女人、4小時以上作品,多人,https://www.javbus.com/YLW-4020
AXAI-016 S級熟女 北原夏美スペシャル 8時間,AXAI-016 S級熟女 北原夏美スペシャル 8時間,AXAI-016,2012-10-25,478分鐘,,ジャネス,艶女,S級熟女（ジャネス）,成熟的女人、合集、4小時以上作品、巨乳、單體作品,北原夏美,https://www.javbus.com/AXAI-016
FAX-445 あ～中高年 他人（ひと）様の女はエロスなり,FAX-445 あ～中高年 他人（ひと）様の女はエロスなり,FAX-445,2012-10-21,110分鐘,ヘンリー塚本,FAプロ・プラチナ,FAプロ,,成熟的女人、已婚婦女、戲劇,多人,https://www.javbus.com/FAX-445
RKI-213 超ド級！！！美熟女100人盛り16時間,RKI-213 超ド級！！！美熟女100人盛り16時間,RKI-213,2012-10-14,958分鐘,,ROOKIE,ROOKIE,,成熟的女人、合集、DMM獨家,多人,https://www.javbus.com/RKI-213
FAX-444 スワップ 妻が男とやっているのをのぞく/夫が女とやっているのをのぞく/連れ子の娘をスワッピング,FAX-444 スワップ 妻が男とやっているのをのぞく/夫が女とやっているのをのぞく/連れ子の娘をスワッピング,FAX-444,2012-10-08,116分鐘,ヘンリー塚本,FAプロ・プラチナ,FAプロ,,成熟的女人、已婚婦女、戲劇,多人,https://www.javbus.com/FAX-444
CADV-346 巨乳人妻デリバリー 8時間50連発！！,CADV-346 巨乳人妻デリバリー 8時間50連発！！,CADV-346,2012-10-03,478分鐘,,クリスタル映像,CRYSTALEX,人妻デリバリー,成熟的女人、妓女、已婚婦女、4小時以上作品、巨乳,多人,https://www.javbus.com/CADV-346
OBST-027 熟れた巨乳の熟年パイズリ狭射セレクション,OBST-027 熟れた巨乳の熟年パイズリ狭射セレクション,OBST-027,2012-09-30,121分鐘,,ex,お母さん.com,,成熟的女人、乳交、巨乳,多人,https://www.javbus.com/OBST-027
OOMN-050 四十路五十路集 お口と手コキで抜いてあげる 4時間,OOMN-050 四十路五十路集 お口と手コキで抜いてあげる 4時間,OOMN-050,2012-09-29,240分鐘,,ABC/妄想族,お母さん.com/ABC,美熟女プレイ集,成熟的女人、母親、口交、亂倫、DMM獨家、打手槍,多人,https://www.javbus.com/OOMN-050
BJYG-020 義母と息子の相互オナニー 息子にセンズリ顔射させる義母 4時間,BJYG-020 義母と息子の相互オナニー 息子にセンズリ顔射させる義母 4時間,BJYG-020,2012-09-26,235分鐘,,マニアゼロ,美熟,,成熟的女人、4小時以上作品、婆婆、顏射、自慰,多人,https://www.javbus.com/BJYG-020
SCF-001 男汁を搾り出す極テク手コキ女優 60人8時間,SCF-001 男汁を搾り出す極テク手コキ女優 60人8時間,SCF-001,2012-09-10,474分鐘,,マルクス兄弟,MARXBrothersco.,,打手槍,多人,https://www.javbus.com/SCF-001
SBB-148 至高のお掃除ふぇら30人4時間,SBB-148 至高のお掃除ふぇら30人4時間,SBB-148,2012-09-10,241分鐘,,マルクス兄弟,MARXBrothersco.,,口交、顏射,多人,https://www.javbus.com/SBB-148
PARATHD-585 息子に手を出すド破廉恥なお義母さん6人の近●相姦SP,PARATHD-585 息子に手を出すド破廉恥なお義母さん6人の近●相姦SP,PARATHD-585,2012-09-09,115分鐘,,パラダイスTV,,お義母さん6人の近●相姦SP,母親、亂倫、天堂TV、舔陰、高畫質,多人,https://www.javbus.com/PARATHD-585
EMAB-014 四十路、北原夏美 DX 4時間 すべらない11シーン,EMAB-014 四十路、北原夏美 DX 4時間 すべらない11シーン,EMAB-014,2012-09-01,239分鐘,,DX/エマニエル,DX（エマニエル）,○十路○○DXすべらない○シーン,成熟的女人、合集、顏射、限時降價、巨乳、單體作品,北原夏美,https://www.javbus.com/EMAB-014
AAJB-141 【AV30】黒人巨大マラVSニッポンの熟女 熟女総合メーカーグローバルメディア完全保存版 8時間,AAJB-141 【AV30】黒人巨大マラVSニッポンの熟女 熟女総合メーカーグローバルメディア完全保存版 8時間,AAJB-141,2012-08-13,478分鐘,,グローバルメディアエンタテインメント,AV30,,成熟的女人、合集、數位馬賽克、黑人演員,多人,https://www.javbus.com/AAJB-141
AAJB-138 【AV30】ルビー創立20周年記念作品ガッツリ魅せます！歴代売上ランキングBEST60,AAJB-138 【AV30】ルビー創立20周年記念作品ガッツリ魅せます！歴代売上ランキングBEST60,AAJB-138,2012-08-13,482分鐘,,ルビー,AV30,,成熟的女人、合集、4小時以上作品,多人,https://www.javbus.com/AAJB-138
RKI-200 中出しベストの逸品 ドックドク生中出し100人24時間,RKI-200 中出しベストの逸品 ドックドク生中出し100人24時間,RKI-200,2012-08-12,1438分鐘,,ROOKIE,ROOKIE,,其他戀物癖、合集、中出、DMM獨家,多人,https://www.javbus.com/RKI-200
FAX-432 世紀末 夫婦交換 公衆便所で夫婦交換/車ごとスワップ/眠らせた妻を輪させる夫,FAX-432 世紀末 夫婦交換 公衆便所で夫婦交換/車ごとスワップ/眠らせた妻を輪させる夫,FAX-432,2012-08-10,113分鐘,ヘンリー塚本,FAプロ・プラチナ,FAプロ,,成熟的女人、已婚婦女、戲劇,多人,https://www.javbus.com/FAX-432
AAJB-009 【AV30】今でも見たい熟女から旬な熟女まで総まとめ！ BEST HIT美熟女,AAJB-009 【AV30】今でも見たい熟女から旬な熟女まで総まとめ！ BEST HIT美熟女,AAJB-009,2012-08-09,479分鐘,,溜池ゴロー,AV30,BESTHIT美熟女,成熟的女人、合集、已婚婦女、4小時以上作品、DMM獨家,多人,https://www.javbus.com/AAJB-009
MBYD-142 熟女がイク瞬間4時間 Vol.2,MBYD-142 熟女がイク瞬間4時間 Vol.2,MBYD-142,2012-08-09,239分鐘,,溜池ゴロー,溜池ゴロー,熟女がイク瞬間,成熟的女人、合集、數位馬賽克、巨乳、DMM獨家,多人,https://www.javbus.com/MBYD-142
VNDS-5036 親友の母と背徳の交尾関係,VNDS-5036 親友の母と背徳の交尾関係,VNDS-5036,2012-08-01,119分鐘,コルト69,NEXTGROUP,ネクストイレブン,,成熟的女人、已婚婦女,多人,https://www.javbus.com/VNDS-5036
LHJF-202 三十路四十路近親相姦 禁断セックス絶頂ファック！,LHJF-202 三十路四十路近親相姦 禁断セックス絶頂ファック！,LHJF-202,2012-07-31,479分鐘,,マニアゼロ,F’OXY,,成熟的女人、母親、亂倫、已婚婦女、4小時以上作品,多人,https://www.javbus.com/LHJF-202
QXL-78 RUBY厳選！美熟女楽園4時間,QXL-78 RUBY厳選！美熟女楽園4時間,QXL-78,2012-07-30,240分鐘,CHIKABUN,ルビー,RUBY,美熟女楽園,成熟的女人、舔陰、4小時以上作品、巨乳,多人,https://www.javbus.com/QXL-78
AAJB-133 【AV30】マキシング5周年記念スーパーベスト歴代女優売上TOP100 ど～んと8時間全て高画質で見せちゃいます。,AAJB-133 【AV30】マキシング5周年記念スーパーベスト歴代女優売上TOP100 ど～んと8時間全て高画質で見せちゃいます。,AAJB-133,2012-07-13,485分鐘,,マキシング,AV30,,合集、美少女、4小時以上作品,多人,https://www.javbus.com/AAJB-133
FAX-425 母（おふくろ）たちの昭和/娘たちの昭和,FAX-425 母（おふくろ）たちの昭和/娘たちの昭和,FAX-425,2012-07-13,328分鐘,ヘンリー塚本,FAプロ・プラチナ,FAプロ,,成熟的女人、亂倫、已婚婦女、美少女、戲劇,多人,https://www.javbus.com/FAX-425
SWF-199 理不尽なレイプによって突然幸せを奪われた人妻 10人4時間,SWF-199 理不尽なレイプによって突然幸せを奪われた人妻 10人4時間,SWF-199,2012-07-09,240分鐘,,ワンズファクトリー,WANZ,,強姦、已婚婦女、4小時以上作品,多人,https://www.javbus.com/SWF-199
JUSD-422 マドンナDVD売り上げランキングTOP50～熟女の王道・近親相姦編～,JUSD-422 マドンナDVD売り上げランキングTOP50～熟女の王道・近親相姦編～,JUSD-422,2012-07-05,478分鐘,,マドンナ,Madonna,,成熟的女人、合集、亂倫、數位馬賽克、中出、巨乳、DMM獨家,多人,https://www.javbus.com/JUSD-422
FAX-422 色っぽい母親たち 犯してしまいたい義理の母/男なしでは生きられぬ未亡人母/郵便屋の絶倫男に夢中の母,FAX-422 色っぽい母親たち 犯してしまいたい義理の母/男なしでは生きられぬ未亡人母/郵便屋の絶倫男に夢中の母,FAX-422,2012-06-23,108分鐘,ヘンリー塚本,FAプロ・プラチナ,FAプロ,,成熟的女人、亂倫、已婚婦女、戲劇,多人,https://www.javbus.com/FAX-422
WAB-110 ワンズファクトリーマニアコレクション 近親相姦BEST,WAB-110 ワンズファクトリーマニアコレクション 近親相姦BEST,WAB-110,2012-06-19,243分鐘,,ワンズファクトリー,WANZ,ワンズファクトリーマニアコレクション,成熟的女人、合集、亂倫、多P、舔陰,多人,https://www.javbus.com/WAB-110
OOMN-043 日常にあるエロス お母さんの無防備な誘惑。,OOMN-043 日常にあるエロス お母さんの無防備な誘惑。,OOMN-043,2012-06-17,119分鐘,,ABC/妄想族,お母さん.com/ABC,美熟女プレイ集,成熟的女人、母親、其他戀物癖、已婚婦女、DVD多士爐、DMM獨家、內衣,多人,https://www.javbus.com/OOMN-043
DSE-931 淫母相姦 息子と嫁に嫉妬する母 北原夏美 矢崎果林,DSE-931 淫母相姦 息子と嫁に嫉妬する母 北原夏美 矢崎果林,DSE-931,2012-06-14,87分鐘,,ドリームステージ,熟女絵巻,淫母相姦息子と嫁に嫉妬する母,成熟的女人、母親、口交、亂倫、女上位,多人,https://www.javbus.com/DSE-931
LHJF-803 美熟女たちの下品な本気オナニー,LHJF-803 美熟女たちの下品な本気オナニー,LHJF-803,2012-06-12,142分鐘,,マニアゼロ,F’OXY,,已婚婦女、自慰,多人,https://www.javbus.com/LHJF-803
SVS-029 リピーター続出のパンスト美脚エステ,SVS-029 リピーター続出のパンスト美脚エステ,SVS-029,2012-06-11,243分鐘,,AVScollector’s,AVS,,其他戀物癖、合集、連褲襪、美容院、按摩,多人,https://www.javbus.com/SVS-029
EMBE-001 相姦交尾！背徳の美熟母たち。火照る女体は男性器を欲して！ 私の女体を犯して姦して凌辱して～！！,EMBE-001 相姦交尾！背徳の美熟母たち。火照る女体は男性器を欲して！ 私の女体を犯して姦して凌辱して～！！,EMBE-001,2012-05-18,240分鐘,,貴婦人族/エマニエル,貴婦人族,,成熟的女人、母親、合集、亂倫,多人,https://www.javbus.com/EMBE-001
JUSD-412 スーツ姿で悶える美熟女27人8時間,JUSD-412 スーツ姿で悶える美熟女27人8時間,JUSD-412,2012-04-29,479分鐘,,マドンナ,Madonna,スーツ姿で悶える美熟女,成熟的女人、OL、女教師、合集、各種職業、數位馬賽克、4小時以上作品、DMM獨家,多人,https://www.javbus.com/JUSD-412
CADV-313 ばついち熟女50人 8時間DX,CADV-313 ばついち熟女50人 8時間DX,CADV-313,2012-04-17,477分鐘,,クリスタル映像,CRYSTALEX,ばついち,成熟的女人、花癡、4小時以上作品,多人,https://www.javbus.com/CADV-313
EMAC-020 特盛り！美熟女スペシャル27人8時間 下巻,EMAC-020 特盛り！美熟女スペシャル27人8時間 下巻,EMAC-020,2012-04-14,479分鐘,,DX/エマニエル,DX（エマニエル）,特盛り！美熟女スペシャル,成熟的女人,多人,https://www.javbus.com/EMAC-020
SBB-135 ディルドオナニー60人 4時間,SBB-135 ディルドオナニー60人 4時間,SBB-135,2012-04-09,242分鐘,,マルクス兄弟,MARXBrothersco.,,玩具、自慰,多人,https://www.javbus.com/SBB-135
SWF-191 特選美熟女 熟れた女の濃厚なまぐわい 20人4時間,SWF-191 特選美熟女 熟れた女の濃厚なまぐわい 20人4時間,SWF-191,2012-04-04,240分鐘,来生元也,ワンズファクトリー,WANZ,,成熟的女人、多P、4小時以上作品,多人,https://www.javbus.com/SWF-191
MXSPS-219 熟女劇場 DUAL BOX 7時間,MXSPS-219 熟女劇場 DUAL BOX 7時間,MXSPS-219,2012-03-28,442分鐘,,マキシング,MAXING,DUALBOX,成熟的女人、合集、4小時以上作品,多人,https://www.javbus.com/MXSPS-219
JUSD-402 丸ごと！北原夏美BEST4時間,JUSD-402 丸ごと！北原夏美BEST4時間,JUSD-402,2012-03-24,239分鐘,,マドンナ,Madonna,丸ごと！○○8時間,成熟的女人、合集、數位馬賽克、處男、巨乳、單體作品、DMM獨家、肛交,北原夏美,https://www.javbus.com/JUSD-402
LLJW-705 近親相姦レズ 義母と娘 4時間,LLJW-705 近親相姦レズ 義母と娘 4時間,LLJW-705,2012-03-19,243分鐘,,マニアゼロ,W（マニアゼロ）,,女同性戀、亂倫、4小時以上作品、婆婆,多人,https://www.javbus.com/LLJW-705
YUYG-005 年の差同性愛 熟女と娘の禁断な関係 4時間,YUYG-005 年の差同性愛 熟女と娘の禁断な関係 4時間,YUYG-005,2012-03-12,244分鐘,,マニアゼロ,百合,,成熟的女人、女同性戀、4小時以上作品、手指插入,多人,https://www.javbus.com/YUYG-005
CADV-303 四十路マダム 8時間100連発！！,CADV-303 四十路マダム 8時間100連発！！,CADV-303,2012-03-02,478分鐘,,クリスタル映像,CRYSTALEX,四十路マダム,成熟的女人、合集、已婚婦女、4小時以上作品,多人,https://www.javbus.com/CADV-303
EMBS-007 勃起した乳首舐めさせてオナニーでイクッ義母,EMBS-007 勃起した乳首舐めさせてオナニーでイクッ義母,EMBS-007,2012-02-27,140分鐘,,DX/エマニエル,DX（エマニエル）,,成熟的女人、婆婆、DMM獨家、自慰,多人,https://www.javbus.com/EMBS-007
EMAC-019 特盛り！美熟女スペシャル29人8時間 上巻,EMAC-019 特盛り！美熟女スペシャル29人8時間 上巻,EMAC-019,2012-02-27,466分鐘,,DX/エマニエル,DX（エマニエル）,特盛り！美熟女スペシャル,成熟的女人、DMM獨家,多人,https://www.javbus.com/EMAC-019
FAX-399 ヘンリー塚本の ショッキング映像 ナマナマしい性器結合のリアリズム,FAX-399 ヘンリー塚本の ショッキング映像 ナマナマしい性器結合のリアリズム,FAX-399,2012-02-25,117分鐘,ヘンリー塚本,FAプロ・プラチナ,FAプロ,ヘンリー塚本,成熟的女人、其他戀物癖、已婚婦女、花癡、戲劇、局部特寫,多人,https://www.javbus.com/FAX-399
SWF-188 視線を一人占め！主観フェラチオ 30人4時間,SWF-188 視線を一人占め！主観フェラチオ 30人4時間,SWF-188,2012-02-21,240分鐘,,ワンズファクトリー,WANZ,,口交、4小時以上作品、主觀視角,多人,https://www.javbus.com/SWF-188
BJYG-013 肉感！他人に抱かれた熟ボディ 20人 8時間,BJYG-013 肉感！他人に抱かれた熟ボディ 20人 8時間,BJYG-013,2012-02-15,479分鐘,,マニアゼロ,美熟,,成熟的女人、舔陰、4小時以上作品、巨乳,多人,https://www.javbus.com/BJYG-013
DJSI-015 勃起した乳首舐めさせてマンズリする熟女,DJSI-015 勃起した乳首舐めさせてマンズリする熟女,DJSI-015,2012-01-30,117分鐘,,ジャネス,艶女,,成熟的女人、其他戀物癖、亂倫、自慰,多人,https://www.javbus.com/DJSI-015
JUSD-390 美熟女風俗4時間,JUSD-390 美熟女風俗4時間,JUSD-390,2012-01-21,239分鐘,,マドンナ,Madonna,,成熟的女人、合集、妓女、各種職業、數位馬賽克、DMM獨家,多人,https://www.javbus.com/JUSD-390
JUSD-391 美熟女24人の揺れる爆乳セックス8時間,JUSD-391 美熟女24人の揺れる爆乳セックス8時間,JUSD-391,2012-01-21,479分鐘,,マドンナ,Madonna,美熟女○人の○○爆乳セックス8時間,成熟的女人、乳交、合集、已婚婦女、戀乳癖、數位馬賽克、4小時以上作品、巨乳、DMM獨家,多人,https://www.javbus.com/JUSD-391
FAX-388 歪んだ性本能 男はソレをやってみたい！眠らせた女を犯す！,FAX-388 歪んだ性本能 男はソレをやってみたい！眠らせた女を犯す！,FAX-388,2012-01-09,117分鐘,ヘンリー塚本,FAプロ・プラチナ,FAプロ,,成熟的女人、強姦、已婚婦女、舔陰、戲劇,多人,https://www.javbus.com/FAX-388
MBYD-134 バックで突かれ淫れる美熟女8時間,MBYD-134 バックで突かれ淫れる美熟女8時間,MBYD-134,2012-01-08,479分鐘,,溜池ゴロー,溜池ゴロー,,成熟的女人、合集、數位馬賽克、巨乳、DMM獨家,多人,https://www.javbus.com/MBYD-134
WNZ-411 お母さんの美尻 17人4時間,WNZ-411 お母さんの美尻 17人4時間,WNZ-411,2012-01-03,239分鐘,,ワンズファクトリー,WANZ,近親相姦お母さんの美尻,成熟的女人、母親、亂倫、屁股、4小時以上作品,多人,https://www.javbus.com/WNZ-411
KK-101 巨乳ママさんバレー部合宿,KK-101 巨乳ママさんバレー部合宿,KK-101,2012-01-02,125分鐘,,グローリークエスト,GLORYQUEST,巨乳ママさんバレー部合宿,成熟的女人、乳交、DVD多士爐、高畫質、巨乳,多人,https://www.javbus.com/KK-101
JUSD-387 女教師BEST8時間,JUSD-387 女教師BEST8時間,JUSD-387,2011-12-29,479分鐘,,マドンナ,Madonna,女教師BEST,成熟的女人、女教師、合集、數位馬賽克、凌辱、DMM獨家,多人,https://www.javbus.com/JUSD-387
FRGJV-008 熟女100人10年史8時間,FRGJV-008 熟女100人10年史8時間,FRGJV-008,2011-12-27,485分鐘,,グラフィティジャパン,フェアエスト,,成熟的女人、4小時以上作品,多人,https://www.javbus.com/FRGJV-008
DJSF-126 顔面騎乗 尻コキでいかされた僕 2,DJSF-126 顔面騎乗 尻コキでいかされた僕 2,DJSF-126,2011-12-25,140分鐘,,ジャネス,艶女,顔面騎乗尻コキでいかされた僕,成熟的女人、其他戀物癖、屁股、顏面騎乘,多人,https://www.javbus.com/DJSF-126
KK-096 熟女混浴温泉 スケベな熟女が若い男を狙う混浴温泉があった！,KK-096 熟女混浴温泉 スケベな熟女が若い男を狙う混浴温泉があった！,KK-096,2011-12-21,125分鐘,,グローリークエスト,GLORYQUEST,,成熟的女人、濫交、已婚婦女、女上位、高畫質、巨乳,多人,https://www.javbus.com/KK-096
FAX-386 人生は雨のち晴れ時々SEX,FAX-386 人生は雨のち晴れ時々SEX,FAX-386,2011-12-17,121分鐘,ヘンリー塚本,FAプロ・プラチナ,FAプロ,,成熟的女人、戲劇,多人,https://www.javbus.com/FAX-386
SGMS-086 淫乱美熟女の濡れそぼる裸体 4時間,SGMS-086 淫乱美熟女の濡れそぼる裸体 4時間,SGMS-086,2011-12-16,242分鐘,,スターゲート,STARGATE,,成熟的女人、紧缚、合集、花癡、多P,多人,https://www.javbus.com/SGMS-086
DJSI-012 息子にオナニー見せつけセンズリ顔射させる母親たち,DJSI-012 息子にオナニー見せつけセンズリ顔射させる母親たち,DJSI-012,2011-12-15,119分鐘,,ジャネス,艶女,センズリ顔射される○○,成熟的女人、母親、顏射、自慰,多人,https://www.javbus.com/DJSI-012
OKAS-086 熟女バック,OKAS-086 熟女バック,OKAS-086,2011-12-13,121分鐘,,ex,お母さん.com,,成熟的女人、母親、其他戀物癖、亂倫,多人,https://www.javbus.com/OKAS-086
MBYD-133 熟女がイク瞬間4時間,MBYD-133 熟女がイク瞬間4時間,MBYD-133,2011-12-08,239分鐘,,溜池ゴロー,溜池ゴロー,熟女がイク瞬間,成熟的女人、合集、DMM獨家,多人,https://www.javbus.com/MBYD-133
KDMI-011 完熟Cream Collection II,KDMI-011 完熟Cream Collection II,KDMI-011,2011-12-02,178分鐘,狂一,ミル,ミル,完熟Cream,成熟的女人、合集、連褲襪、屁股、水手服,多人,https://www.javbus.com/KDMI-011
JUC-674 熟女宿 ～帰ってきた新女将と温泉盗撮大騒動～,JUC-674 熟女宿 ～帰ってきた新女将と温泉盗撮大騒動～,JUC-674,2011-11-18,209分鐘,三島六三郎,マドンナ,Madonna,,成熟的女人、濫交、偷窥、數位馬賽克、女主人、女老板、高畫質、巨乳、DMM獨家,多人,https://www.javbus.com/JUC-674
FAX-379 女は見かけに寄らず 大人しくて慎ましやか 実は好き者嫁/熟女介護ヘルパー実は淫乱女/未亡人の母 子供に隠れてマスかきまくり,FAX-379 女は見かけに寄らず 大人しくて慎ましやか 実は好き者嫁/熟女介護ヘルパー実は淫乱女/未亡人の母 子供に隠れてマスかきまくり,FAX-379,2011-11-11,112分鐘,,FAプロ・プラチナ,FAプロ,,成熟的女人、寡婦、戲劇,多人,https://www.javbus.com/FAX-379
WNZ-391 奥さんクイ込みレオタード15人4時間,WNZ-391 奥さんクイ込みレオタード15人4時間,WNZ-391,2011-11-08,239分鐘,,ワンズファクトリー,WANZ,,已婚婦女、緊身衣、4小時以上作品、手指插入,多人,https://www.javbus.com/WNZ-391
CADV-279 人妻デリバリー8時間100連発！！,CADV-279 人妻デリバリー8時間100連発！！,CADV-279,2011-11-02,478分鐘,,クリスタル映像,CRYSTALEX,人妻デリバリー,妓女、已婚婦女、巨乳、打手槍,多人,https://www.javbus.com/CADV-279
OOMN-032 妖艶な四十路五十路母 どスケベセックス4時間,OOMN-032 妖艶な四十路五十路母 どスケベセックス4時間,OOMN-032,2011-10-29,239分鐘,,ABC/妄想族,お母さん.com/ABC,美熟女プレイ集,成熟的女人、母親、合集、婆婆、DMM獨家、打手槍,多人,https://www.javbus.com/OOMN-032
FAX-375 好き者嫁の色っぽい肉体,FAX-375 好き者嫁の色っぽい肉体,FAX-375,2011-10-21,103分鐘,ヘンリー塚本,FAプロ・プラチナ,FAプロ,,已婚婦女、69、戲劇、巨乳,多人,https://www.javbus.com/FAX-375
EMBS-006 お母さんの脱ぎたてパンティで手コキされ発射する息子たち,EMBS-006 お母さんの脱ぎたてパンティで手コキされ発射する息子たち,EMBS-006,2011-10-16,125分鐘,,DX/エマニエル,DX（エマニエル）,お母さんの脱ぎたてパンティで手コキされ発射する息子たち,成熟的女人、母親、DMM獨家、內衣、打手槍,多人,https://www.javbus.com/EMBS-006
DJSF-119 義母の脱ぎたて汚パンティで亀頭責め手コキ 2,DJSF-119 義母の脱ぎたて汚パンティで亀頭責め手コキ 2,DJSF-119,2011-10-15,126分鐘,,ジャネス,艶女,義母の脱ぎたて汚パンティで亀頭責め手コキ,成熟的女人、婆婆、內衣、打手槍,多人,https://www.javbus.com/DJSF-119
FAX-374 1●才で禁親相姦 嫁いでも尚続く義父と娘の肉欲関係,FAX-374 1●才で禁親相姦 嫁いでも尚続く義父と娘の肉欲関係,FAX-374,2011-10-10,100分鐘,ヘンリー塚本,FAプロ・プラチナ,FAプロ,,亂倫、戲劇、打手槍,多人,https://www.javbus.com/FAX-374
JUSD-369 アナルオナニーに耽る美熟女BEST,JUSD-369 アナルオナニーに耽る美熟女BEST,JUSD-369,2011-10-06,178分鐘,,マドンナ,Madonna,,成熟的女人、合集、已婚婦女、數位馬賽克、DMM獨家、自慰、肛交,多人,https://www.javbus.com/JUSD-369
JUSD-370 挿入された瞬間のリアルな反応！！美熟女30人4時間,JUSD-370 挿入された瞬間のリアルな反応！！美熟女30人4時間,JUSD-370,2011-10-06,239分鐘,,マドンナ,Madonna,,成熟的女人、合集、已婚婦女、數位馬賽克、巨乳、DMM獨家,多人,https://www.javbus.com/JUSD-370
DJSI-004 エロ義母に騎乗られ中出しされた息子,DJSI-004 エロ義母に騎乗られ中出しされた息子,DJSI-004,2011-10-05,138分鐘,,ジャネス,艶女,,成熟的女人、中出、女上位、婆婆、顏面騎乘,多人,https://www.javbus.com/DJSI-004
DOKS-195 手を使わないフェラチオベスト4時間 Vol.2,DOKS-195 手を使わないフェラチオベスト4時間 Vol.2,DOKS-195,2011-10-03,240分鐘,松本性虫,OFFICEK’S,OFFICEK’S,手を使わないフェラチオ,口交、合集,多人,https://www.javbus.com/DOKS-195
FAX-371 昭和エロス 下宿屋の六畳間 38才未亡人のワイセツな日々/使用人とできた妻/再婚熟女新妻のねちっこい性生活,FAX-371 昭和エロス 下宿屋の六畳間 38才未亡人のワイセツな日々/使用人とできた妻/再婚熟女新妻のねちっこい性生活,FAX-371,2011-09-19,115分鐘,ヘンリー塚本,FAプロ・プラチナ,FAプロ,昭和エロス（FAプロ・プラチナ）,成熟的女人、已婚婦女、寡婦、戲劇,多人,https://www.javbus.com/FAX-371
EMAC-015 亀頭を締めあげ尺りたてる下品な熟女フェラ 4時間 3,EMAC-015 亀頭を締めあげ尺りたてる下品な熟女フェラ 4時間 3,EMAC-015,2011-09-12,240分鐘,,DX/エマニエル,DX（エマニエル）,亀頭を締めあげ尺りたてる下品な熟女フェラ,成熟的女人、口交、DMM獨家,多人,https://www.javbus.com/EMAC-015
EMAS-069 近親相姦 息子を痴女るいやらしい体をしたドスケベ熟女DX2 4時間,EMAS-069 近親相姦 息子を痴女るいやらしい体をしたドスケベ熟女DX2 4時間,EMAS-069,2011-09-12,239分鐘,,SA/エマニエル,SA（エマニエル）,息子を痴女るいやらしい体をしたドスケベ熟女,蕩婦、亂倫、女上位、婆婆、巨乳、DMM獨家,多人,https://www.javbus.com/EMAS-069
OOMN-029 フェラチオしたがる母親達 94名8時間,OOMN-029 フェラチオしたがる母親達 94名8時間,OOMN-029,2011-08-27,480分鐘,,ABC/妄想族,お母さん.com/ABC,美熟女プレイ集,成熟的女人、母親、口交、婆婆、顏射、DMM獨家,多人,https://www.javbus.com/OOMN-029
FAX-363 ヘンリー塚本の色っぽい女たちのおっぱいフェチ,FAX-363 ヘンリー塚本の色っぽい女たちのおっぱいフェチ,FAX-363,2011-08-15,121分鐘,ヘンリー塚本,FAプロ・プラチナ,FAプロ,ヘンリー塚本,成熟的女人、戀乳癖、戲劇、巨乳,多人,https://www.javbus.com/FAX-363
FAX-362 もうどうなってもいい…禁親相姦悦楽地獄 娘 妹 姉 母,FAX-362 もうどうなってもいい…禁親相姦悦楽地獄 娘 妹 姉 母,FAX-362,2011-08-06,108分鐘,ヘンリー塚本,FAプロ・プラチナ,FAプロ,,母親、亂倫、姐妹、戲劇,多人,https://www.javbus.com/FAX-362
RDD-069 久々の若い男の匂いに性欲をかき立てられ、発情してしまった美熟女は…,RDD-069 久々の若い男の匂いに性欲をかき立てられ、発情してしまった美熟女は…,RDD-069,2011-08-03,121分鐘,,プレステージ,REALDOCUMENT,,成熟的女人、手指插入、巨乳,多人,https://www.javbus.com/RDD-069
JUSD-357 絶頂アクメ！熟マンクンニ120連発4時間,JUSD-357 絶頂アクメ！熟マンクンニ120連発4時間,JUSD-357,2011-07-31,238分鐘,,マドンナ,Madonna,,成熟的女人、合集、數位馬賽克、舔陰、DMM獨家,多人,https://www.javbus.com/JUSD-357
PSSD-198 「熟女教師の口はもっと嘘をつく。3」 熟雌女anthology special ＃022,PSSD-198 「熟女教師の口はもっと嘘をつく。3」 熟雌女anthology special ＃022,PSSD-198,2011-07-30,418分鐘,,アウダースジャパン,AUDAZ,熟雌女anthology,成熟的女人、女教師、合集、淫語、主觀視角,多人,https://www.javbus.com/PSSD-198
EMAS-066 中高年のトキメキお見合いパーティー 既婚者合コン2,EMAS-066 中高年のトキメキお見合いパーティー 既婚者合コン2,EMAS-066,2011-07-29,136分鐘,ロック,SA/エマニエル,SA（エマニエル）,既婚者合コン（エマニエル）,成熟的女人、濫交、已婚婦女、DMM獨家,多人,https://www.javbus.com/EMAS-066
AXAF-002 熟年者のセックスライフ 2,AXAF-002 熟年者のセックスライフ 2,AXAF-002,2011-07-25,110分鐘,TANAKA,ジャネス,艶女,熟年者のセックスライフ,成熟的女人、濫交、已婚婦女,多人,https://www.javbus.com/AXAF-002
OBST-019 母親のパンチラ胸チラの日常 ex3周年記念 BEST 4時間,OBST-019 母親のパンチラ胸チラの日常 ex3周年記念 BEST 4時間,OBST-019,2011-07-15,241分鐘,,ex,お母さん.com,,成熟的女人、母親、合集、4小時以上作品、內衣,多人,https://www.javbus.com/OBST-019
SBB-112 足コキ50連発！,SBB-112 足コキ50連発！,SBB-112,2011-07-08,242分鐘,,マルクス兄弟,MARXBrothersco.,,戀腿癖、足交,多人,https://www.javbus.com/SBB-112
MBYD-124 溜池ゴロー五周年記念 大総集編 8時間 下巻,MBYD-124 溜池ゴロー五周年記念 大総集編 8時間 下巻,MBYD-124,2011-07-07,479分鐘,,溜池ゴロー,溜池ゴロー,溜池ゴロー五周年記念大総集編8時間,成熟的女人、合集、數位馬賽克、4小時以上作品、DMM獨家,多人,https://www.javbus.com/MBYD-124
BJYG-003 近親相姦12組の母と子の中出しSEX4時間,BJYG-003 近親相姦12組の母と子の中出しSEX4時間,BJYG-003,2011-06-23,240分鐘,,マニアゼロ,美熟,,成熟的女人、母親、亂倫、中出、4小時以上作品,多人,https://www.javbus.com/BJYG-003
BJDX-003 極選！美熟女スペシャル 3 4時間,BJDX-003 極選！美熟女スペシャル 3 4時間,BJDX-003,2011-06-23,240分鐘,,マニアゼロ,美熟,極選！美熟女スペシャル,成熟的女人、多P、舔陰、4小時以上作品,多人,https://www.javbus.com/BJDX-003
SMD-037 黒人にレイプされた10人の熟女,SMD-037 黒人にレイプされた10人の熟女,SMD-037,2011-06-18,181分鐘,,グローバルメディアエンタテインメント,SUPERMIX,,成熟的女人、強姦、數位馬賽克、凌辱、中出、黑人演員,多人,https://www.javbus.com/SMD-037
OKAS-070 昼下がり、美熟母のオナニーいろいろ 2,OKAS-070 昼下がり、美熟母のオナニーいろいろ 2,OKAS-070,2011-06-18,119分鐘,,ex,お母さん.com,昼下がり、美熟母のオナニーいろいろ,成熟的女人、母親、自慰,多人,https://www.javbus.com/OKAS-070
OBST-018 お母さんは下着姿、生着替えを視姦する。総集編 4時間,OBST-018 お母さんは下着姿、生着替えを視姦する。総集編 4時間,OBST-018,2011-06-17,242分鐘,,ex,お母さん.com,お母さんは下着姿、生着替えを視姦する。,母親、合集、內衣,多人,https://www.javbus.com/OBST-018
PSSD-197 「熟夜嬢の口はもっと嘘をつく。3」 熟雌女anthology special ＃021,PSSD-197 「熟夜嬢の口はもっと嘘をつく。3」 熟雌女anthology special ＃021,PSSD-197,2011-06-14,309分鐘,,アウダースジャパン,AUDAZ,熟雌女anthology,成熟的女人、合集、妓女、淫語、主觀視角,多人,https://www.javbus.com/PSSD-197
SWF-165 大量放水 放尿・失禁・潮吹き 40人4時間,SWF-165 大量放水 放尿・失禁・潮吹き 40人4時間,SWF-165,2011-06-13,237分鐘,,ワンズファクトリー,WANZ,,放尿、潮吹、4小時以上作品、手指插入、女優按摩棒,多人,https://www.javbus.com/SWF-165
FAX-347 大人たちがする ゴムをはめないナマナマしい 発情SEX,FAX-347 大人たちがする ゴムをはめないナマナマしい 発情SEX,FAX-347,2011-06-11,114分鐘,ヘンリー塚本,FAプロ・プラチナ,FAプロ,,野外・露出、舔陰、戲劇,多人,https://www.javbus.com/FAX-347
SLBA-001 熟女×少女14組の淫らなレズ 濡れて止まらない敏感マ○コ 4時間,SLBA-001 熟女×少女14組の淫らなレズ 濡れて止まらない敏感マ○コ 4時間,SLBA-001,2011-05-29,243分鐘,,スタイルアート/妄想族,スタイルアートLOVEBETES/妄想族,,成熟的女人、女同性戀、DMM獨家,多人,https://www.javbus.com/SLBA-001
FAX-344 四十路の母の世間によくある話し 熟女,FAX-344 四十路の母の世間によくある話し 熟女,FAX-344,2011-05-22,168分鐘,ヘンリー塚本,FAプロ・プラチナ,FAプロ,,成熟的女人、母親、已婚婦女、戲劇,多人,https://www.javbus.com/FAX-344
GESD-192 古今東西 ど淫乱美熟女Best22 4時間,GESD-192 古今東西 ど淫乱美熟女Best22 4時間,GESD-192,2011-05-19,238分鐘,,現映社,ぴあす,,成熟的女人、合集、花癡、舔陰、4小時以上作品,多人,https://www.javbus.com/GESD-192
FAX-342 昭和乱れ牡丹 亭主の留守に輪されて愛液大洪水の妻/白目をむいていっちゃう俺の妹/色っぽい妻に群がる男たち,FAX-342 昭和乱れ牡丹 亭主の留守に輪されて愛液大洪水の妻/白目をむいていっちゃう俺の妹/色っぽい妻に群がる男たち,FAX-342,2011-05-13,106分鐘,ヘンリー塚本,FAプロ・プラチナ,FAプロ,,已婚婦女、姐妹、女上位、戲劇,多人,https://www.javbus.com/FAX-342
FAX-341 婚期を逸した女の性 あ～ 男が欲しい昼下がり/亭主はムショの中 絶倫竿に夢中の妻/力ずくでやられたい昼下がり…,FAX-341 婚期を逸した女の性 あ～ 男が欲しい昼下がり/亭主はムショの中 絶倫竿に夢中の妻/力ずくでやられたい昼下がり…,FAX-341,2011-05-13,115分鐘,ヘンリー塚本,FAプロ・プラチナ,FAプロ,,成熟的女人、已婚婦女、舔陰、戲劇,多人,https://www.javbus.com/FAX-341
AXAH-002 すべらない熟女 2 4時間,AXAH-002 すべらない熟女 2 4時間,AXAH-002,2011-04-25,241分鐘,,ジャネス,艶女,すべらない熟女（ジャネス）,成熟的女人、合集、花癡、4小時以上作品,多人,https://www.javbus.com/AXAH-002
CADV-243 四十路マダムEX 巨乳妻限定4時間,CADV-243 四十路マダムEX 巨乳妻限定4時間,CADV-243,2011-04-25,238分鐘,,クリスタル映像,CRYSTALEX,四十路マダム,成熟的女人、潮吹、已婚婦女、通姦、巨乳,多人,https://www.javbus.com/CADV-243
SPL-029 むっちりスケベ乳 デカエロ過ぎるボイン熟女たち 北原夏美 冴木るな,SPL-029 むっちりスケベ乳 デカエロ過ぎるボイン熟女たち 北原夏美 冴木るな,SPL-029,2011-04-22,129分鐘,,AVScollector’s,SPLASH（AVS）,,成熟的女人、乳交、戀乳癖、巨乳,多人,https://www.javbus.com/SPL-029
PSSD-188 「熟OLの口はもっと嘘をつく。 3」 熟雌女anthology special ＃019,PSSD-188 「熟OLの口はもっと嘘をつく。 3」 熟雌女anthology special ＃019,PSSD-188,2011-04-18,246分鐘,,アウダースジャパン,AUDAZ,熟雌女anthology,成熟的女人、OL、合集、淫語、主觀視角,多人,https://www.javbus.com/PSSD-188
FAX-335 母の乱れた裸身 祖父の竿をしゃぶる母/父にあそこを舐められている母/自分であそこをこすっている母/祖父に犯されてしまった母,FAX-335 母の乱れた裸身 祖父の竿をしゃぶる母/父にあそこを舐められている母/自分であそこをこすっている母/祖父に犯されてしまった母,FAX-335,2011-04-10,108分鐘,ヘンリー塚本,FAプロ・プラチナ,FAプロ,,母親、已婚婦女、舔陰、戲劇、巨乳,多人,https://www.javbus.com/FAX-335
MBYD-118 義母奴隷 COMPLETE BEST 2,MBYD-118 義母奴隷 COMPLETE BEST 2,MBYD-118,2011-04-09,479分鐘,,溜池ゴロー,溜池ゴロー,義母奴隷,成熟的女人、合集、數位馬賽克、性奴、婆婆、DMM獨家,多人,https://www.javbus.com/MBYD-118
EMBB-001 S級プラチナ熟女 4時間,EMBB-001 S級プラチナ熟女 4時間,EMBB-001,2011-03-27,241分鐘,,DX/エマニエル,DX（エマニエル）,S級プラチナ熟女,成熟的女人、多P、女上位、巨乳、DMM獨家,多人,https://www.javbus.com/EMBB-001
FAX-333 ショック！妻が弟とやってる！/祖父のツバを呑む嫁/シックスナインに夢中の義母と息子/おふくろが隣りのおやじと駅弁ファック SEX現場,FAX-333 ショック！妻が弟とやってる！/祖父のツバを呑む嫁/シックスナインに夢中の義母と息子/おふくろが隣りのおやじと駅弁ファック SEX現場,FAX-333,2011-03-21,103分鐘,ヘンリー塚本,FAプロ・プラチナ,FAプロ,,已婚婦女、69、女上位、戲劇,多人,https://www.javbus.com/FAX-333
FAX-332 おっぱいに吸い付く中年男 巨乳エロ,FAX-332 おっぱいに吸い付く中年男 巨乳エロ,FAX-332,2011-03-21,123分鐘,ヘンリー塚本,FAプロ・プラチナ,FAプロ,,成熟的女人、戀乳癖、戲劇、巨乳,多人,https://www.javbus.com/FAX-332
SWF-157 強制連続イカせ 30人4時間,SWF-157 強制連続イカせ 30人4時間,SWF-157,2011-03-20,240分鐘,,ワンズファクトリー,WANZ,,紧缚、4小時以上作品、女優按摩棒、按摩棒、跳蛋,多人,https://www.javbus.com/SWF-157
JUSD-333 禁断の近親相姦ファック8時間,JUSD-333 禁断の近親相姦ファック8時間,JUSD-333,2011-03-20,476分鐘,,マドンナ,Madonna,,成熟的女人、合集、亂倫、數位馬賽克、DMM獨家,多人,https://www.javbus.com/JUSD-333
FRGJV-005 隣の未亡人DX 4時間,FRGJV-005 隣の未亡人DX 4時間,FRGJV-005,2011-03-18,239分鐘,,グラフィティジャパン,フェアエスト,隣の未亡人,合集、寡婦、顏面騎乘,多人,https://www.javbus.com/FRGJV-005
VENU-114 幻母 母のマンコはブラックホール 北原夏美,VENU-114 幻母 母のマンコはブラックホール 北原夏美,VENU-114,2011-03-18,106分鐘,紫音,VENUS,INCEST（ヴィーナス）,近親相姦幻母INCEST,成熟的女人、亂倫、已婚婦女、手指插入、婆婆、單體作品,北原夏美,https://www.javbus.com/VENU-114
SMD-034 発射3分前！！ 熟女43人中出しザーメン,SMD-034 発射3分前！！ 熟女43人中出しザーメン,SMD-034,2011-03-16,240分鐘,,グローバルメディアエンタテインメント,SUPERMIX,,成熟的女人、數位馬賽克、中出,多人,https://www.javbus.com/SMD-034
SMA-545 Mega-8時間 近親相姦に溺れたお母さん30人,SMA-545 Mega-8時間 近親相姦に溺れたお母さん30人,SMA-545,2011-03-11,478分鐘,,マルクス兄弟,MARXBrothersco.,,成熟的女人、母親、合集、亂倫、中出,多人,https://www.javbus.com/SMA-545
CADV-236 完熟マダムPREMIUM 4時間,CADV-236 完熟マダムPREMIUM 4時間,CADV-236,2011-03-03,239分鐘,,クリスタル映像,CRYSTALEX,完熟マダムPREMIUM,成熟的女人、口交、乳交、已婚婦女、巨乳,多人,https://www.javbus.com/CADV-236
AXAP-003 お義母さんがエロ過ぎて二回連続中出し射精した 3 北原夏美 香坂めぐ,AXAP-003 お義母さんがエロ過ぎて二回連続中出し射精した 3 北原夏美 香坂めぐ,AXAP-003,2011-02-25,128分鐘,TANAKA,ジャネス,艶女,お義母さんがエロ過ぎて二回連続中出し射精した,成熟的女人、亂倫、中出、DVD多士爐、婆婆,多人,https://www.javbus.com/AXAP-003
RLOB-007 近親義母 お母さんのフェラチオ,RLOB-007 近親義母 お母さんのフェラチオ,RLOB-007,2011-02-19,138分鐘,,マニアゼロ,乱熟,,蕩婦、成熟的女人、口交、亂倫、打手槍,多人,https://www.javbus.com/RLOB-007
RLOA-002 近親ドキュメント 娘と義母の禁じられた関係 2,RLOA-002 近親ドキュメント 娘と義母の禁じられた関係 2,RLOA-002,2011-02-07,138分鐘,,マニアゼロ,乱熟,近親ドキュメント娘と義母の禁じられた関係,成熟的女人、女同性戀、亂倫、婆婆,多人,https://www.javbus.com/RLOA-002
DOKS-162 手を使わないフェラチオ 6,DOKS-162 手を使わないフェラチオ 6,DOKS-162,2011-02-06,118分鐘,松本性虫,OFFICEK’S,OFFICEK’S,手を使わないフェラチオ,口交、其他戀物癖、已婚婦女,多人,https://www.javbus.com/DOKS-162
JUSD-324 こちらマドンナ独身寮・11人の寮母さん8時間DX,JUSD-324 こちらマドンナ独身寮・11人の寮母さん8時間DX,JUSD-324,2011-02-04,479分鐘,,マドンナ,Madonna,こちらマドンナ独身寮,成熟的女人、合集、數位馬賽克、DMM獨家,多人,https://www.javbus.com/JUSD-324
RLOB-001 下品で淫語で強制手コキ責めする痴熟女,RLOB-001 下品で淫語で強制手コキ責めする痴熟女,RLOB-001,2011-02-02,140分鐘,,マニアゼロ,乱熟,,蕩婦、成熟的女人、淫語、多P、打手槍,多人,https://www.javbus.com/RLOB-001
RLOA-001 近親ドキュメント 娘と義母の禁じられた関係,RLOA-001 近親ドキュメント 娘と義母の禁じられた関係,RLOA-001,2011-02-01,140分鐘,,マニアゼロ,乱熟,近親ドキュメント娘と義母の禁じられた関係,成熟的女人、女同性戀、亂倫、婆婆,多人,https://www.javbus.com/RLOA-001
VNDS-974 親友の母と背徳の性行為 北原夏美,VNDS-974 親友の母と背徳の性行為 北原夏美,VNDS-974,2011-01-26,89分鐘,北野元,NEXTGROUP,ネクストイレブン,,已婚婦女、中出、手指插入、巨乳、單體作品,北原夏美,https://www.javbus.com/VNDS-974
FAX-320 FAプロ 夫婦交換,FAX-320 FAプロ 夫婦交換,FAX-320,2011-01-25,188分鐘,ヘンリー塚本,FAプロ・プラチナ,FAプロ,,成熟的女人、情侶、多P、戲劇,多人,https://www.javbus.com/FAX-320
OBST-012 お母さんとの情事 近親相姦50組4時間,OBST-012 お母さんとの情事 近親相姦50組4時間,OBST-012,2011-01-17,242分鐘,,ex,お母さん.com,お母さんとの情事,母親、口交、合集、亂倫、打手槍,多人,https://www.javbus.com/OBST-012
RKI-103 超人気女優・超ボリューム・超ハード2穴FUCK150作品16時間,RKI-103 超人気女優・超ボリューム・超ハード2穴FUCK150作品16時間,RKI-103,2011-01-15,958分鐘,,ROOKIE,ROOKIE,,合集、多P、DMM獨家、肛交,多人,https://www.javbus.com/RKI-103
FAX-319 FAプロ 色っぽい嫁,FAX-319 FAプロ 色っぽい嫁,FAX-319,2011-01-13,190分鐘,ヘンリー塚本,FAプロ・プラチナ,FAプロ,,成熟的女人、已婚婦女、戲劇,多人,https://www.javbus.com/FAX-319
NADE-899 美熟女レズビアン姉妹,NADE-899 美熟女レズビアン姉妹,NADE-899,2010-12-29,130分鐘,,なでしこ,Nadeshiko,,成熟的女人、女同性戀、亂倫、已婚婦女、多P,多人,https://www.javbus.com/NADE-899
OBST-013 お母さんのたーっぷり授乳手コキ 総集編 4時間 50人,OBST-013 お母さんのたーっぷり授乳手コキ 総集編 4時間 50人,OBST-013,2010-12-27,242分鐘,,ex,お母さん.com,お母さんの授乳と手コキ,成熟的女人、母親、合集、打手槍,多人,https://www.javbus.com/OBST-013
FAX-316 ヘンリー塚本の変態性愛 フェチ,FAX-316 ヘンリー塚本の変態性愛 フェチ,FAX-316,2010-12-25,108分鐘,ヘンリー塚本,FAプロ・プラチナ,FAプロ,ヘンリー塚本,其他戀物癖、戲劇,多人,https://www.javbus.com/FAX-316
AST-21 近親相姦 母のお尻 デラックスコレクション PART2,AST-21 近親相姦 母のお尻 デラックスコレクション PART2,AST-21,2010-12-25,236分鐘,矢野口進,ルビー,Treasure（ルビー）,近親相姦母のお尻,成熟的女人、母親、合集、亂倫、屁股,多人,https://www.javbus.com/AST-21
OKAS-056 お母さんは下着姿、生着替えを視姦する。3,OKAS-056 お母さんは下着姿、生着替えを視姦する。3,OKAS-056,2010-12-22,121分鐘,,ex,お母さん.com,お母さんは下着姿、生着替えを視姦する。,母親、其他戀物癖、內衣,多人,https://www.javbus.com/OKAS-056
JUSD-315 マドンナ7周年記念 極上美熟尻77人8時間,JUSD-315 マドンナ7周年記念 極上美熟尻77人8時間,JUSD-315,2010-12-19,479分鐘,,マドンナ,Madonna,マドンナ7周年記念,成熟的女人、合集、屁股、數位馬賽克、DMM獨家,多人,https://www.javbus.com/JUSD-315
JUSD-312 マドンナ7周年記念 巨乳美熟女77人12時間,JUSD-312 マドンナ7周年記念 巨乳美熟女77人12時間,JUSD-312,2010-12-02,719分鐘,,マドンナ,Madonna,マドンナ7周年記念,成熟的女人、合集、戀乳癖、數位馬賽克、巨乳、DMM獨家,多人,https://www.javbus.com/JUSD-312
EMAS-061 近親相姦 息子を痴女るいやらしい体をしたドスケベ熟女9,EMAS-061 近親相姦 息子を痴女るいやらしい体をしたドスケベ熟女9,EMAS-061,2010-12-01,140分鐘,ロック,SA/エマニエル,SA（エマニエル）,息子を痴女るいやらしい体をしたドスケベ熟女,蕩婦、成熟的女人、亂倫、中出、巨乳、單體作品、DMM獨家,北原夏美,https://www.javbus.com/EMAS-061
OKAS-052 大好きなお母さんのおっぱいを吸って舐めてのパイズリde発射！！,OKAS-052 大好きなお母さんのおっぱいを吸って舐めてのパイズリde発射！！,OKAS-052,2010-11-29,121分鐘,,ex,お母さん.com,,成熟的女人、母親、乳交、戀乳癖、巨乳,多人,https://www.javbus.com/OKAS-052
FAX-308 あ～いくぅ この世で一番気持ちがいい瞬間 少女・淑女・熟女,FAX-308 あ～いくぅ この世で一番気持ちがいい瞬間 少女・淑女・熟女,FAX-308,2010-11-25,128分鐘,ヘンリー塚本,FAプロ・プラチナ,FAプロ,,成熟的女人、女上位、戲劇、故事集,多人,https://www.javbus.com/FAX-308
EMAC-002 くっさいチ○ポに淫語手コキ責めする痴熟女4時間,EMAC-002 くっさいチ○ポに淫語手コキ責めする痴熟女4時間,EMAC-002,2010-11-19,241分鐘,,DX/エマニエル,DX（エマニエル）,くっさいチ○ポに淫語手コキ責めする痴熟女,蕩婦、成熟的女人、淫語、DMM獨家、打手槍,多人,https://www.javbus.com/EMAC-002
GESD-180 奥さま100人どっぷりハマって4時間,GESD-180 奥さま100人どっぷりハマって4時間,GESD-180,2010-11-17,236分鐘,カモン甲州,現映社,ぴあす,,成熟的女人、已婚婦女、新娘、年輕妻子、4小時以上作品,多人,https://www.javbus.com/GESD-180
LHJF-011 熟女さんにイヤらしく手コキされたい！,LHJF-011 熟女さんにイヤらしく手コキされたい！,LHJF-011,2010-11-17,141分鐘,,マニアゼロ,F’OXY,,蕩婦、成熟的女人、多P、打手槍,多人,https://www.javbus.com/LHJF-011
BJYG-001 日本縦断温泉ズブリ旅4時間,BJYG-001 日本縦断温泉ズブリ旅4時間,BJYG-001,2010-11-14,239分鐘,,マニアゼロ,美熟,,和服・喪服、成熟的女人、已婚婦女、通姦,多人,https://www.javbus.com/BJYG-001
SMD-031 熟女口内イラマチオ強姦,SMD-031 熟女口内イラマチオ強姦,SMD-031,2010-11-10,239分鐘,,グローバルメディアエンタテインメント,SUPERMIX,,成熟的女人、強姦、口交、數位馬賽克,多人,https://www.javbus.com/SMD-031
LHJF-006 綺麗なお母さんのオナニーは好きですか？,LHJF-006 綺麗なお母さんのオナニーは好きですか？,LHJF-006,2010-11-07,139分鐘,,マニアゼロ,F’OXY,,母親、已婚婦女、自慰,多人,https://www.javbus.com/LHJF-006
WAB-106 10th ANNIVERSARY 美熟女 BEST,WAB-106 10th ANNIVERSARY 美熟女 BEST,WAB-106,2010-10-27,240分鐘,,ワンズファクトリー,WANZ,10thANNIVERSARY,成熟的女人、合集、性奴、拘束、內衣,多人,https://www.javbus.com/WAB-106
SWF-144 絶頂 潮吹きアクメ 20人240分,SWF-144 絶頂 潮吹きアクメ 20人240分,SWF-144,2010-10-27,241分鐘,,ワンズファクトリー,WANZ,,其他戀物癖、潮吹、拘束、手指插入、女優按摩棒,多人,https://www.javbus.com/SWF-144
OKAS-050 お母さんの日常的パンチラ2時間,OKAS-050 お母さんの日常的パンチラ2時間,OKAS-050,2010-10-24,121分鐘,,ex,お母さん.com,,成熟的女人、母親、內衣、迷你裙,多人,https://www.javbus.com/OKAS-050
FAX-301 SEXにまつわるナマナマしい話し 暴走族・おとし前で輪される女/独身寮の好色まかない婦/障害者男性と肉欲の熟女ヘルパー,FAX-301 SEXにまつわるナマナマしい話し 暴走族・おとし前で輪される女/独身寮の好色まかない婦/障害者男性と肉欲の熟女ヘルパー,FAX-301,2010-10-13,118分鐘,ヘンリー塚本,FAプロ・プラチナ,FAプロ,,成熟的女人、69、輪姦、戲劇,多人,https://www.javbus.com/FAX-301
FAX-298 熱く濡れたわれ目 48手挿入の知恵,FAX-298 熱く濡れたわれ目 48手挿入の知恵,FAX-298,2010-09-25,118分鐘,ヘンリー塚本,FAプロ・プラチナ,FAプロ,,成熟的女人、69、舔陰、戲劇,多人,https://www.javbus.com/FAX-298
FAX-297 悦楽の性よ こんにちは 一人旅の主婦とタクシー運転手/不倫目的ヘルパー/有名女流作家のサディスティックSEX,FAX-297 悦楽の性よ こんにちは 一人旅の主婦とタクシー運転手/不倫目的ヘルパー/有名女流作家のサディスティックSEX,FAX-297,2010-09-25,118分鐘,ヘンリー塚本,FAプロ・プラチナ,FAプロ,,已婚婦女、通姦、戲劇,多人,https://www.javbus.com/FAX-297
JUSD-298 20人の義母が悶える禁断のセックス4時間,JUSD-298 20人の義母が悶える禁断のセックス4時間,JUSD-298,2010-09-24,239分鐘,,マドンナ,Madonna,,合集、數位馬賽克、婆婆、DMM獨家,多人,https://www.javbus.com/JUSD-298
JUSD-299 真っ昼間からヤりまくるふしだらな男女4時間,JUSD-299 真っ昼間からヤりまくるふしだらな男女4時間,JUSD-299,2010-09-24,239分鐘,,マドンナ,Madonna,,成熟的女人、合集、數位馬賽克、DMM獨家,多人,https://www.javbus.com/JUSD-299
DAID-001 極上近親相姦 50人8時間 みんな母ちゃんのそそる躰が悪いんだ！,DAID-001 極上近親相姦 50人8時間 みんな母ちゃんのそそる躰が悪いんだ！,DAID-001,2010-09-19,478分鐘,,ダイナマイトエンタープライズ,ダイナマイトプレミア,極上近親相姦,成熟的女人、母親、亂倫、女上位、巨乳,多人,https://www.javbus.com/DAID-001
PYLD-039 近親相姦 中出しJAPAN,PYLD-039 近親相姦 中出しJAPAN,PYLD-039,2010-09-13,239分鐘,,PileDriver,PileDriver,近親相姦（PileDriver）,成熟的女人、母親、乳交、亂倫、中出,多人,https://www.javbus.com/PYLD-039
FAX-295 永遠のエロス 嫁を犯したい！ せがれの嫁/弟の嫁/隣の嫁,FAX-295 永遠のエロス 嫁を犯したい！ せがれの嫁/弟の嫁/隣の嫁,FAX-295,2010-09-13,108分鐘,ヘンリー塚本,FAプロ・プラチナ,FAプロ,,成熟的女人、已婚婦女、戲劇,多人,https://www.javbus.com/FAX-295
OBST-010 母親のパンチラコレクション,OBST-010 母親のパンチラコレクション,OBST-010,2010-09-12,122分鐘,,ex,お母さん.com,,成熟的女人、母親、其他戀物癖、內衣、迷你裙,多人,https://www.javbus.com/OBST-010
BJSP-005 近親相姦 お義母さんがしてあげる,BJSP-005 近親相姦 お義母さんがしてあげる,BJSP-005,2010-09-10,139分鐘,,マニアゼロ,美熟,,成熟的女人、亂倫、中出、婆婆、打手槍,多人,https://www.javbus.com/BJSP-005
DSE-642 ドリームステージ初撮り熟女セレクション240分20人,DSE-642 ドリームステージ初撮り熟女セレクション240分20人,DSE-642,2010-09-09,241分鐘,,ドリームステージ,人妻道,,成熟的女人、合集,多人,https://www.javbus.com/DSE-642
JUSD-296 厳選美熟女調教の世界4時間,JUSD-296 厳選美熟女調教の世界4時間,JUSD-296,2010-09-07,239分鐘,,マドンナ,Madonna,,成熟的女人、合集、數位馬賽克、性奴、DMM獨家,多人,https://www.javbus.com/JUSD-296
JUC-383 母は爆乳ソープ嬢 北原夏美,JUC-383 母は爆乳ソープ嬢 北原夏美,JUC-383,2010-09-07,117分鐘,朝霧浄,マドンナ,Madonna,,成熟的女人、母親、多P、數位馬賽克、DVD多士爐、高畫質、巨乳、單體作品、DMM獨家,北原夏美,https://www.javbus.com/JUC-383
SEED-077 近親相姦 母の穴 30人4時間,SEED-077 近親相姦 母の穴 30人4時間,SEED-077,2010-09-06,240分鐘,,YellowDuck,幻影,近親相姦（YellowDuck）,成熟的女人、母親、亂倫,多人,https://www.javbus.com/SEED-077
SEED-078 近親相姦 母子密交絵巻 30人4時間,SEED-078 近親相姦 母子密交絵巻 30人4時間,SEED-078,2010-09-06,239分鐘,,YellowDuck,幻影,近親相姦（YellowDuck）,成熟的女人、母親、亂倫、巨乳,多人,https://www.javbus.com/SEED-078
FAX-290 投稿秘話 一晩8回の絶倫婿/夫は病院 嫁は父と悶絶48手/色っぽい牛乳屋の奥さん,FAX-290 投稿秘話 一晩8回の絶倫婿/夫は病院 嫁は父と悶絶48手/色っぽい牛乳屋の奥さん,FAX-290,2010-08-25,118分鐘,ヘンリー塚本,FAプロ・プラチナ,FAプロ,投稿秘話,成熟的女人、已婚婦女、舔陰、女上位、戲劇、DMM獨家,多人,https://www.javbus.com/FAX-290
SGSPS-028 美熟女傑作選,SGSPS-028 美熟女傑作選,SGSPS-028,2010-08-16,239分鐘,エロキチ三平,スターゲート,カトリーヌ,,成熟的女人、通姦、凌辱,多人,https://www.javbus.com/SGSPS-028
MBYD-102 匂い立つ日常のエロス美熟女30人8時間 Vol.2,MBYD-102 匂い立つ日常のエロス美熟女30人8時間 Vol.2,MBYD-102,2010-08-13,479分鐘,,溜池ゴロー,溜池ゴロー,匂い立つ日常のエロスベスト,成熟的女人、合集、數位馬賽克、DMM獨家,多人,https://www.javbus.com/MBYD-102
SBB-095 美人妻むちむちレオタード,SBB-095 美人妻むちむちレオタード,SBB-095,2010-08-13,238分鐘,,マルクス兄弟,MARXBrothersco.,人妻萌えレオタード,乳交、已婚婦女、緊身衣、巨乳,多人,https://www.javbus.com/SBB-095
JUSD-291 禁断の愛 母と息子の狂おしき情事4時間,JUSD-291 禁断の愛 母と息子の狂おしき情事4時間,JUSD-291,2010-08-06,239分鐘,,マドンナ,Madonna,,母親、亂倫、數位馬賽克、中出、女上位、DMM獨家,多人,https://www.javbus.com/JUSD-291
OBST-011 熟女が騎る熟れた極みの腰づかい 騎乗位BEST,OBST-011 熟女が騎る熟れた極みの腰づかい 騎乗位BEST,OBST-011,2010-08-05,120分鐘,,ex,お母さん.com,熟女が騎る熟れた極みの腰づかい騎乗位,成熟的女人、其他戀物癖、女上位、巨乳,多人,https://www.javbus.com/OBST-011
WNZ-229 悶絶ボイン揉みまくり,WNZ-229 悶絶ボイン揉みまくり,WNZ-229,2010-07-29,242分鐘,,ワンズファクトリー,WANZ,,戀乳癖、乳房、巨乳,多人,https://www.javbus.com/WNZ-229
LHJF-001 近親痴母 ママがすけべで身がもたない！,LHJF-001 近親痴母 ママがすけべで身がもたない！,LHJF-001,2010-07-26,140分鐘,,マニアゼロ,F’OXY,,蕩婦、成熟的女人、母親、亂倫、已婚婦女,多人,https://www.javbus.com/LHJF-001
CCXS-020 プラチナ公式BESTセレクションVOL.19 私たちは今が旬！ 熟女の殿堂編,CCXS-020 プラチナ公式BESTセレクションVOL.19 私たちは今が旬！ 熟女の殿堂編,CCXS-020,2010-07-25,150分鐘,毛利秀虎,FAプロ・プラチナ,プラチナ,BESTセレクション,成熟的女人、合集、女上位、戲劇、DMM獨家,多人,https://www.javbus.com/CCXS-020
BOJB-002 世代別オッパイ図鑑 ～乳揉み編～ 4時間140人,BOJB-002 世代別オッパイ図鑑 ～乳揉み編～ 4時間140人,BOJB-002,2010-07-21,241分鐘,,ex,BoinBB,,成熟的女人、戀乳癖、巨乳、女生,多人,https://www.javbus.com/BOJB-002
EMAC-001 近親相姦 息子に中出しされた12人の恥母4時間,EMAC-001 近親相姦 息子に中出しされた12人の恥母4時間,EMAC-001,2010-07-16,239分鐘,,DX/エマニエル,DX（エマニエル）,息子に中出しされた12人の恥母,成熟的女人、母親、亂倫、中出、DMM獨家,多人,https://www.javbus.com/EMAC-001
CADV-187 絶叫熟女8時間100連発！！,CADV-187 絶叫熟女8時間100連発！！,CADV-187,2010-07-15,474分鐘,,クリスタル映像,CRYSTALEX,絶叫熟女8時間100連発！！,成熟的女人、已婚婦女、通姦、4小時以上作品,多人,https://www.javbus.com/CADV-187
FAX-283 変態熟女・淑女・中年女 女社長の輪姦願望/痴漢されたい、したい痴女/フェラ大好き病の妻,FAX-283 変態熟女・淑女・中年女 女社長の輪姦願望/痴漢されたい、したい痴女/フェラ大好き病の妻,FAX-283,2010-07-13,117分鐘,ヘンリー塚本,FAプロ・プラチナ,FAプロ,,蕩婦、成熟的女人、已婚婦女、女上位、戲劇、DMM獨家,多人,https://www.javbus.com/FAX-283
SBB-094 奥様ぬるぬるローション粘絶レオタード 14人4時間,SBB-094 奥様ぬるぬるローション粘絶レオタード 14人4時間,SBB-094,2010-07-13,240分鐘,,マルクス兄弟,MARXBrothersco.,,成熟的女人、已婚婦女、緊身衣、乳液、巨乳,多人,https://www.javbus.com/SBB-094
SPRD-395 息子に揉まれスペックの母 北原夏美,SPRD-395 息子に揉まれスペックの母 北原夏美,SPRD-395,2010-06-29,119分鐘,大村大,タカラ映像,ALEDDIN,息子に揉まれ○○,成熟的女人、母親、亂倫、數位馬賽克、單體作品,北原夏美,https://www.javbus.com/SPRD-395
JUSD-283 10人の美熟女と黒人8時間SPECIAL,JUSD-283 10人の美熟女と黒人8時間SPECIAL,JUSD-283,2010-06-25,479分鐘,,マドンナ,Madonna,美熟女と黒人,成熟的女人、合集、數位馬賽克、DMM獨家、黑人演員,多人,https://www.javbus.com/JUSD-283
OKAS-038 母親の厳選フェラコレクション 2,OKAS-038 母親の厳選フェラコレクション 2,OKAS-038,2010-06-20,91分鐘,,ex,お母さん.com,母親の厳選フェラコレクション,成熟的女人、母親、口交、其他戀物癖,多人,https://www.javbus.com/OKAS-038
SBJD-091 叔母が筆下ろししてあげる 3時間 2,SBJD-091 叔母が筆下ろししてあげる 3時間 2,SBJD-091,2010-06-16,178分鐘,バンク石川,サイドビー,熟女の細道,叔母が筆下ろししてあげる,成熟的女人、舔陰、手指插入、巨乳,多人,https://www.javbus.com/SBJD-091
DJNJ-108 若妻たちのレズ羞恥温泉旅行 DX 4時間,DJNJ-108 若妻たちのレズ羞恥温泉旅行 DX 4時間,DJNJ-108,2010-06-15,241分鐘,,ジャネス,ladies,若妻たちのレズ羞恥旅行,女同性戀、合集、新娘、年輕妻子、羞恥,多人,https://www.javbus.com/DJNJ-108
PYLD-026 熟女巨大魔乳伝説2,PYLD-026 熟女巨大魔乳伝説2,PYLD-026,2010-06-13,241分鐘,,PileDriver,PileDriver,熟女巨大魔乳伝説,成熟的女人、乳交、手指插入、巨乳,多人,https://www.javbus.com/PYLD-026
SMA-486 巨乳だらけのパイズリ60人,SMA-486 巨乳だらけのパイズリ60人,SMA-486,2010-06-13,481分鐘,,マルクス兄弟,MARXBrothersco.,,乳交、戀乳癖、巨乳,多人,https://www.javbus.com/SMA-486
FAX-277 見てしまった恥態 父と母のシックスナイン/全裸の姉を抱く義父/マスかきで下半身丸出し兄嫁/祖父のアレをしゃぶる母,FAX-277 見てしまった恥態 父と母のシックスナイン/全裸の姉を抱く義父/マスかきで下半身丸出し兄嫁/祖父のアレをしゃぶる母,FAX-277,2010-06-13,107分鐘,ヘンリー塚本,FAプロ・プラチナ,FAプロ,,69、戲劇、故事集,多人,https://www.javbus.com/FAX-277
MBYD-099 憧れの先生全集4時間,MBYD-099 憧れの先生全集4時間,MBYD-099,2010-06-11,239分鐘,,溜池ゴロー,溜池ゴロー,憧れの先生,成熟的女人、女教師、合集、數位馬賽克、DMM獨家,多人,https://www.javbus.com/MBYD-099
SMD-026 犯され熟女,SMD-026 犯され熟女,SMD-026,2010-06-09,180分鐘,,グローバルメディアエンタテインメント,SUPERMIX,,成熟的女人、強姦、數位馬賽克、凌辱、中出,多人,https://www.javbus.com/SMD-026
VERO-001 S級熟女 巨乳爆乳SUPER BEST,VERO-001 S級熟女 巨乳爆乳SUPER BEST,VERO-001,2010-06-01,120分鐘,,VENUS,女神（ヴィーナス）,S級熟女（VENUS）,成熟的女人、乳交、合集、已婚婦女、巨乳、DMM獨家,多人,https://www.javbus.com/VERO-001
OKAS-039 お母さんの乳舐め,OKAS-039 お母さんの乳舐め,OKAS-039,2010-05-31,91分鐘,,ex,お母さん.com,,成熟的女人、母親、亂倫、巨乳,多人,https://www.javbus.com/OKAS-039
DJSE-007 女子校生に犯される熟女 4時間,DJSE-007 女子校生に犯される熟女 4時間,DJSE-007,2010-05-28,237分鐘,,マニアゼロ,性癖組,,成熟的女人、女同性戀、合集、性奴、高中女生,多人,https://www.javbus.com/DJSE-007
MUSK-015 誘母 寮の人達を誘惑して 北原夏美,MUSK-015 誘母 寮の人達を誘惑して 北原夏美,MUSK-015,2010-05-26,117分鐘,来生元也,タカラ映像,MUSK,誘母,成熟的女人、母親、數位馬賽克、妄想、單體作品,北原夏美,https://www.javbus.com/MUSK-015
JUSD-278 S級美熟女の恥ずかしいお漏らしと放尿BEST,JUSD-278 S級美熟女の恥ずかしいお漏らしと放尿BEST,JUSD-278,2010-05-25,179分鐘,,マドンナ,Madonna,,成熟的女人、放尿、合集、數位馬賽克、DMM獨家,多人,https://www.javbus.com/JUSD-278
YAS-008 枕営業を強要された熟女歌手の淫行記録,YAS-008 枕営業を強要された熟女歌手の淫行記録,YAS-008,2010-05-23,240分鐘,,映天,ヤブサメ（映天）,,成熟的女人、各種職業、偷窥,多人,https://www.javbus.com/YAS-008
RNADE-717 超微細ハイビジョン！中出しに悶える15人の美熟女スペシャル,RNADE-717 超微細ハイビジョン！中出しに悶える15人の美熟女スペシャル,RNADE-717,2010-05-18,241分鐘,,なでしこ,Nadeshiko,中出しに悶える三人の美熟女,成熟的女人、合集、中出、巨乳,多人,https://www.javbus.com/RNADE-717
FAX-271 現代肉欲劇場 フェラが3度のメシより好きな妻/亭主がインポの妻/絶倫祖父とできた母 の話し,FAX-271 現代肉欲劇場 フェラが3度のメシより好きな妻/亭主がインポの妻/絶倫祖父とできた母 の話し,FAX-271,2010-05-13,104分鐘,ヘンリー塚本,FAプロ・プラチナ,FAプロ,現代肉欲劇場,成熟的女人、母親、已婚婦女、戲劇,多人,https://www.javbus.com/FAX-271
MBYD-097 どスケベな兄嫁12人4時間,MBYD-097 どスケベな兄嫁12人4時間,MBYD-097,2010-05-13,239分鐘,,溜池ゴロー,溜池ゴロー,,成熟的女人、合集、數位馬賽克、DMM獨家,多人,https://www.javbus.com/MBYD-097
SBB-091 強制拷問イラマチオ50人4時間,SBB-091 強制拷問イラマチオ50人4時間,SBB-091,2010-05-13,242分鐘,,マルクス兄弟,MARXBrothersco.,,口交、紧缚、深喉、凌辱、中出、顏射,多人,https://www.javbus.com/SBB-091
GQR-040 絶倫老人 2 4時間の老人SEX,GQR-040 絶倫老人 2 4時間の老人SEX,GQR-040,2010-05-12,239分鐘,,グローリークエスト,GQR,絶倫老人,成熟的女人、合集、顏面騎乘、巨乳、蘿莉塔,多人,https://www.javbus.com/GQR-040
DSE-594 ドリームステージ厳選熟女4時間 ＜総集編＞ 3,DSE-594 ドリームステージ厳選熟女4時間 ＜総集編＞ 3,DSE-594,2010-04-29,240分鐘,,ドリームステージ,熟女絵巻,ドリームステージ厳選熟女,成熟的女人、合集、女上位,多人,https://www.javbus.com/DSE-594
DBZH-014 熟女羞恥旅行DX 2 4時間,DBZH-014 熟女羞恥旅行DX 2 4時間,DBZH-014,2010-04-25,241分鐘,BORDERZ,ジャネス,艶女,熟女羞恥旅行,和服・喪服、成熟的女人、合集、羞恥,多人,https://www.javbus.com/DBZH-014
OOMN-011 熟成 四十路五十路の20人,OOMN-011 熟成 四十路五十路の20人,OOMN-011,2010-04-19,239分鐘,,ABC/妄想族,お母さん.com/ABC,美熟女プレイ集,成熟的女人、母親、合集、亂倫、巨乳、DMM獨家,多人,https://www.javbus.com/OOMN-011
GESD-151 良かパイ！デカパイ！女は乳で勝負13人,GESD-151 良かパイ！デカパイ！女は乳で勝負13人,GESD-151,2010-04-06,117分鐘,ハッピー初台,現映社,ぴあす,,成熟的女人、已婚婦女、巨乳,北原夏美,https://www.javbus.com/GESD-151
SMD-023 中年熟女のふくよかな乳房,SMD-023 中年熟女のふくよかな乳房,SMD-023,2010-03-28,178分鐘,,グローバルメディアエンタテインメント,SUPERMIX,,成熟的女人、強姦、亂倫、數位馬賽克、通姦、巨乳,多人,https://www.javbus.com/SMD-023
LW-001 犯られる熟女と痴女な女子校生,LW-001 犯られる熟女と痴女な女子校生,LW-001,2010-03-19,219分鐘,,スタイルアート/妄想族,スタイルアート/妄想族,,蕩婦、成熟的女人、女同性戀、高中女生、DMM獨家,多人,https://www.javbus.com/LW-001
MUSK-012 暴走性欲母 ～全部搾ってあげる～ 北原夏美,MUSK-012 暴走性欲母 ～全部搾ってあげる～ 北原夏美,MUSK-012,2010-03-16,121分鐘,来生元也,タカラ映像,MUSK,暴走性欲○○,成熟的女人、其他戀物癖、數位馬賽克、妄想、單體作品,北原夏美,https://www.javbus.com/MUSK-012
SBB-085 Hip★hopヒップ 夢に見ていた理想の尻コキ,SBB-085 Hip★hopヒップ 夢に見ていた理想の尻コキ,SBB-085,2010-03-13,240分鐘,,マルクス兄弟,MARXBrothersco.,,屁股、內衣,多人,https://www.javbus.com/SBB-085
MBYD-093 美熟女ナース4時間,MBYD-093 美熟女ナース4時間,MBYD-093,2010-03-12,239分鐘,,溜池ゴロー,溜池ゴロー,美熟女ナース,成熟的女人、护士、合集、數位馬賽克、深喉、DMM獨家,多人,https://www.javbus.com/MBYD-093
WNZ-188 連続2回発射するまで許しません！,WNZ-188 連続2回発射するまで許しません！,WNZ-188,2010-03-11,240分鐘,,ワンズファクトリー,WANZ,,蕩婦、护士、打手槍,多人,https://www.javbus.com/WNZ-188
JUSD-261 2009年マドンナ下半期133タイトル8時間,JUSD-261 2009年マドンナ下半期133タイトル8時間,JUSD-261,2010-03-05,475分鐘,,マドンナ,Madonna,マドンナ○半期,成熟的女人、合集、數位馬賽克、DMM獨家,多人,https://www.javbus.com/JUSD-261
BNDV-726 h.m.pがお贈りする熟女たっぷり100人12時間,BNDV-726 h.m.pがお贈りする熟女たっぷり100人12時間,BNDV-726,2010-03-03,705分鐘,はまにい,h.m.p,VB,h.m.pがお贈りする,成熟的女人、業餘、多P、中出、4小時以上作品,多人,https://www.javbus.com/BNDV-726
DSMB-014 真性女王様がAV熟女優を調教したらこうなった！ DX,DSMB-014 真性女王様がAV熟女優を調教したらこうなった！ DX,DSMB-014,2010-02-25,140分鐘,,ジャネス,BS,真性女王様がAV熟女優を調教したらこうなった！,成熟的女人、SM、合集、性奴,多人,https://www.javbus.com/DSMB-014
ROSD-03 美熟女楽園,ROSD-03 美熟女楽園,ROSD-03,2010-02-24,120分鐘,,ルビー,Rose（ルビー）,美熟女楽園,成熟的女人、其他戀物癖、女上位,多人,https://www.javbus.com/ROSD-03
SREN-025 お母さんと…,SREN-025 お母さんと…,SREN-025,2010-02-18,240分鐘,,タカラ映像,翠蓮,お母さんと…,成熟的女人、母親、合集、亂倫,多人,https://www.javbus.com/SREN-025
SEED-052 近親相姦美熟女セレクション VOL.13,SEED-052 近親相姦美熟女セレクション VOL.13,SEED-052,2010-02-16,232分鐘,,YellowDuck,幻影,近親相姦美熟女セレクション,成熟的女人、亂倫、女上位,多人,https://www.javbus.com/SEED-052
WNZ-179 近親中出し相姦 義母生尻淫行4時間,WNZ-179 近親中出し相姦 義母生尻淫行4時間,WNZ-179,2010-02-16,241分鐘,オムニバス,ワンズファクトリー,WANZ,,成熟的女人、亂倫、屁股、中出、婆婆,多人,https://www.javbus.com/WNZ-179
SBB-083 極楽ちんぽイジメ 手コキ4時間DX,SBB-083 極楽ちんぽイジメ 手コキ4時間DX,SBB-083,2010-02-13,240分鐘,,マルクス兄弟,MARXBrothersco.,,蕩婦、打手槍,多人,https://www.javbus.com/SBB-083
TYK-022 ザ・近親筆下ろし 叔母ちゃんの童貞喰い 4,TYK-022 ザ・近親筆下ろし 叔母ちゃんの童貞喰い 4,TYK-022,2010-02-12,179分鐘,バンク石川,東京音光,艶工房,叔母ちゃんの童貞喰い,成熟的女人、亂倫、舔陰、手指插入,多人,https://www.javbus.com/TYK-022
MBYD-091 あってはならない親子の絆！ 禁断相姦4時間,MBYD-091 あってはならない親子の絆！ 禁断相姦4時間,MBYD-091,2010-02-12,239分鐘,,溜池ゴロー,溜池ゴロー,,成熟的女人、合集、亂倫、數位馬賽克、DMM獨家,多人,https://www.javbus.com/MBYD-091
WA-155 ドスケベオヤジの妄想企画 巨乳美淑女の団地妻にターゲットを絞れ！時間を止めてデカ乳女をモミまくりハメまくり,WA-155 ドスケベオヤジの妄想企画 巨乳美淑女の団地妻にターゲットを絞れ！時間を止めてデカ乳女をモミまくりハメまくり,WA-155,2010-02-08,187分鐘,,ロータス,LOTUS,,企畫、潮吹、已婚婦女、巨乳,多人,https://www.javbus.com/WA-155
JUSD-257 極上美熟女のアナルファック大全8時間,JUSD-257 極上美熟女のアナルファック大全8時間,JUSD-257,2010-02-05,479分鐘,,マドンナ,Madonna,,成熟的女人、合集、數位馬賽克、DMM獨家、肛交,多人,https://www.javbus.com/JUSD-257
JUSD-253 スーツ姿で悶える美熟女達15人4時間,JUSD-253 スーツ姿で悶える美熟女達15人4時間,JUSD-253,2010-01-25,239分鐘,,マドンナ,Madonna,,成熟的女人、OL、女教師、合集、數位馬賽克、DMM獨家,多人,https://www.javbus.com/JUSD-253
SEED-062 イエローダック トップ20,SEED-062 イエローダック トップ20,SEED-062,2010-01-24,241分鐘,,YellowDuck,幻影,,成熟的女人、母親、合集、姐姐,多人,https://www.javbus.com/SEED-062
DJNO-103 近親熟女 お母さん！中出しさせて！ DX,DJNO-103 近親熟女 お母さん！中出しさせて！ DX,DJNO-103,2010-01-20,244分鐘,,ジャネス,艶女,近親熟女お母さん！中出しさせて！,成熟的女人、母親、合集、亂倫、女上位,多人,https://www.javbus.com/DJNO-103
DJNJ-099 レズ レイプ SP,DJNJ-099 レズ レイプ SP,DJNJ-099,2010-01-20,236分鐘,,ジャネス,ladies,レズレイプ,成熟的女人、女同性戀、強姦、高中女生,多人,https://www.javbus.com/DJNJ-099
MBYD-088 極上ボディ！！美熟女15人4時間,MBYD-088 極上ボディ！！美熟女15人4時間,MBYD-088,2010-01-13,239分鐘,,溜池ゴロー,溜池ゴロー,,成熟的女人、紧缚、數位馬賽克、手指插入、巨乳、DMM獨家,多人,https://www.javbus.com/MBYD-088
OBST-006 熟女おんな盛り 4時間,OBST-006 熟女おんな盛り 4時間,OBST-006,2010-01-08,241分鐘,,ex,お母さん.com,,成熟的女人、合集、亂倫,多人,https://www.javbus.com/OBST-006
OKAS-028 お母さんの汚れた小便,OKAS-028 お母さんの汚れた小便,OKAS-028,2010-01-08,90分鐘,,ex,お母さん.com,,成熟的女人、放尿、母親,多人,https://www.javbus.com/OKAS-028
VENU-038 S級熟女 Part.2,VENU-038 S級熟女 Part.2,VENU-038,2010-01-01,241分鐘,,VENUS,INCEST（ヴィーナス）,S級熟女（VENUS）,成熟的女人、潮吹、手指插入、巨乳,多人,https://www.javbus.com/VENU-038
OOMN-008 デカパイ熟女BEST10人 4時間,OOMN-008 デカパイ熟女BEST10人 4時間,OOMN-008,2009-12-29,240分鐘,,ABC/妄想族,お母さん.com/ABC,美熟女プレイ集,成熟的女人、母親、合集、戀乳癖、巨乳、DMM獨家,多人,https://www.javbus.com/OOMN-008
JUSD-247 28人の母さんとしたい！8時間,JUSD-247 28人の母さんとしたい！8時間,JUSD-247,2009-12-25,479分鐘,,マドンナ,Madonna,母さんとしたい！,成熟的女人、母親、合集、數位馬賽克、DMM獨家,多人,https://www.javbus.com/JUSD-247
JFB-009 ムッチリ美女大集合！ハミ出し水着BEST4時間,JFB-009 ムッチリ美女大集合！ハミ出し水着BEST4時間,JFB-009,2009-12-07,239分鐘,,Fitch,Fitch,ハミ出し水着（Fitch）,乳交、合集、數位馬賽克、泳裝、巨乳、DMM獨家,多人,https://www.javbus.com/JFB-009
NRYO-017 熟れた人妻の身体に背徳の契約が刻まれる…汗と唾液にまみれて墜ちていく美熟女の姦淫地獄,NRYO-017 熟れた人妻の身体に背徳の契約が刻まれる…汗と唾液にまみれて墜ちていく美熟女の姦淫地獄,NRYO-017,2009-11-28,110分鐘,,女体探究凌辱研究所,女体探求凌辱研究所,,成熟的女人、紧缚、已婚婦女、凌辱、中出、單體作品,北原夏美,https://www.javbus.com/NRYO-017
GON-379 近親相姦 ～お母さんと猥褻行為～ 4時間,GON-379 近親相姦 ～お母さんと猥褻行為～ 4時間,GON-379,2009-11-27,238分鐘,,グレイズ,GLAY’zONE,近親相姦（グレイズ）,母親、亂倫、女上位、母乳,多人,https://www.javbus.com/GON-379
SEED-048 美巨乳熟女BEST4時間 Vol.7,SEED-048 美巨乳熟女BEST4時間 Vol.7,SEED-048,2009-11-20,238分鐘,,YellowDuck,幻影,美巨乳熟女BEST4時間,成熟的女人、合集、巨乳,多人,https://www.javbus.com/SEED-048
SBB-075 30人の極上美女のベロチュ～接吻！,SBB-075 30人の極上美女のベロチュ～接吻！,SBB-075,2009-11-13,240分鐘,,マルクス兄弟,MARXBrothersco.,,其他戀物癖、打手槍,多人,https://www.javbus.com/SBB-075
JUSD-237 華麗なる美熟女レズの世界4時間,JUSD-237 華麗なる美熟女レズの世界4時間,JUSD-237,2009-11-06,239分鐘,,マドンナ,Madonna,,成熟的女人、女同性戀、合集、數位馬賽克、DMM獨家,多人,https://www.javbus.com/JUSD-237
JUC-192 狙われた母のアナル 北原夏美,JUC-192 狙われた母のアナル 北原夏美,JUC-192,2009-11-06,118分鐘,芳賀栄太郎,マドンナ,Madonna,狙われた母のアナル,成熟的女人、母親、多P、數位馬賽克、DVD多士爐、高畫質、單體作品、DMM獨家、肛交,北原夏美,https://www.javbus.com/JUC-192
OOMN-006 フェラをしたがる母親達,OOMN-006 フェラをしたがる母親達,OOMN-006,2009-10-30,240分鐘,,ABC/妄想族,お母さん.com/ABC,フェラをしたがる母親達,成熟的女人、母親、口交、亂倫,多人,https://www.javbus.com/OOMN-006
BJUK-030 マン汁ぐちゅぐちゅドすけべ熟女の温泉欲情オナニースペシャル,BJUK-030 マン汁ぐちゅぐちゅドすけべ熟女の温泉欲情オナニースペシャル,BJUK-030,2009-10-27,113分鐘,,マニアゼロ,美熟（映天）,温泉欲情オナニースペシャル,成熟的女人、其他戀物癖、已婚婦女、自慰,多人,https://www.javbus.com/BJUK-030
CCX-094 熟 ベロちゅ～＆SEX王国 DEEP KISS＆SEX KINGDOM VOL.3,CCX-094 熟 ベロちゅ～＆SEX王国 DEEP KISS＆SEX KINGDOM VOL.3,CCX-094,2009-10-25,84分鐘,毛利秀虎,FAプロ・プラチナ,プラチナ,ベロちゅ～＆SEX王国,成熟的女人、其他戀物癖、戲劇,多人,https://www.javbus.com/CCX-094
ACGJV-007 隣の未亡人,ACGJV-007 隣の未亡人,ACGJV-007,2009-10-22,120分鐘,坂本太,グラフィティジャパン,アクメ,隣の未亡人,成熟的女人、寡婦、女上位,多人,https://www.javbus.com/ACGJV-007
DVH-477 フェラコレ 熟女編 2 31人のフェラマダム,DVH-477 フェラコレ 熟女編 2 31人のフェラマダム,DVH-477,2009-10-22,177分鐘,,ハヤブサ,隼,フェラコレ,成熟的女人、口交、其他戀物癖、數位馬賽克,多人,https://www.javbus.com/DVH-477
SBB-073 ワイセツ美尻×フェチ快姦 イイオンナの尻アングル20人4時間,SBB-073 ワイセツ美尻×フェチ快姦 イイオンナの尻アングル20人4時間,SBB-073,2009-10-13,238分鐘,,マルクス兄弟,MARXBrothersco.,,屁股、中出、女上位、肛交、內衣,多人,https://www.javbus.com/SBB-073
MBYD-077 美熟女が乱れ舞う！四十路女50人8時間,MBYD-077 美熟女が乱れ舞う！四十路女50人8時間,MBYD-077,2009-10-13,479分鐘,,溜池ゴロー,溜池ゴロー,,成熟的女人、合集、數位馬賽克、DMM獨家,多人,https://www.javbus.com/MBYD-077
HFD-038 そのまま谷間に発射したくなっちゃうパイズリ 4時間,HFD-038 そのまま谷間に発射したくなっちゃうパイズリ 4時間,HFD-038,2009-10-06,238分鐘,,ドリームチケット,ドリームチケット,,乳交、合集、巨乳,多人,https://www.javbus.com/HFD-038
OBST-004 お母さんの上半期 BEST 4時間,OBST-004 お母さんの上半期 BEST 4時間,OBST-004,2009-10-04,241分鐘,,ex,お母さん.com,,成熟的女人、母親、合集,多人,https://www.javbus.com/OBST-004
WRC-009 近親相姦 お母さんの美尻 the BEST,WRC-009 近親相姦 お母さんの美尻 the BEST,WRC-009,2009-10-03,239分鐘,,ワンズファクトリー,WANZ,近親相姦お母さんの美尻,母親、合集、亂倫、屁股、手指插入,多人,https://www.javbus.com/WRC-009
SWF-112 凛としたスーツ姿の女たちの淫らな下半身 4時間30人,SWF-112 凛としたスーツ姿の女たちの淫らな下半身 4時間30人,SWF-112,2009-09-27,240分鐘,,ワンズファクトリー,WANZ,,OL、其他戀物癖、淫語、舔陰、女上位,多人,https://www.javbus.com/SWF-112
JUSD-228 彼女の母親総集編4時間,JUSD-228 彼女の母親総集編4時間,JUSD-228,2009-09-25,239分鐘,,マドンナ,Madonna,彼女の母親,成熟的女人、合集、數位馬賽克、巨乳、DMM獨家,多人,https://www.javbus.com/JUSD-228
JUSD-230 2009年マドンナ上半期134タイトル8時間,JUSD-230 2009年マドンナ上半期134タイトル8時間,JUSD-230,2009-09-25,477分鐘,,マドンナ,Madonna,マドンナ○半期,成熟的女人、合集、數位馬賽克、DMM獨家,多人,https://www.javbus.com/JUSD-230
BKSP-218 不動産営業レディ 物件案内中の赤裸々映像が流出 同期入社2年目のライバル3人「ヒミツの契約獲得テクニック」,BKSP-218 不動産営業レディ 物件案内中の赤裸々映像が流出 同期入社2年目のライバル3人「ヒミツの契約獲得テクニック」,BKSP-218,2009-09-20,119分鐘,,アイエナジー,IENERGY！,不動産営業レディ,各種職業、偷窥、女上位、DVD多士爐,北原夏美,https://www.javbus.com/BKSP-218
RNADE-486 団地妻ソープ‘中出し’4時間ベストコレクション！ VOL.1,RNADE-486 団地妻ソープ‘中出し’4時間ベストコレクション！ VOL.1,RNADE-486,2009-09-19,234分鐘,,なでしこ,Nadeshiko,団地妻ソープ,成熟的女人、合集、已婚婦女、中出、4小時以上作品,多人,https://www.javbus.com/RNADE-486
DINM-010 禁断流出！！人妻不倫ハメ撮りプライベートSEX映像 40人8時間,DINM-010 禁断流出！！人妻不倫ハメ撮りプライベートSEX映像 40人8時間,DINM-010,2009-09-19,478分鐘,,ダイナマイトエンタープライズ,ダイナマイトプレミア,,成熟的女人、第一人稱攝影、已婚婦女、通姦,多人,https://www.javbus.com/DINM-010
SWF-109 美しい熟女たちの濃密なセックス,SWF-109 美しい熟女たちの濃密なセックス,SWF-109,2009-09-16,239分鐘,,ワンズファクトリー,WANZ,,成熟的女人、紧缚、已婚婦女、多P,多人,https://www.javbus.com/SWF-109
CADV-131 人妻デリバリーEX 巨乳妻限定4時間,CADV-131 人妻デリバリーEX 巨乳妻限定4時間,CADV-131,2009-09-15,237分鐘,,クリスタル映像,CRYSTALEX,人妻デリバリー,成熟的女人、乳交、妓女、已婚婦女、巨乳,多人,https://www.javbus.com/CADV-131
CCXS-004 プラチナ公式 BESTセレクションVOL.3,CCXS-004 プラチナ公式 BESTセレクションVOL.3,CCXS-004,2009-09-13,203分鐘,毛利秀虎,FAプロ・プラチナ,プラチナ,BESTセレクション,合集、亂倫、戲劇,多人,https://www.javbus.com/CCXS-004
MBYD-075 絶叫・絶頂の連続！イカサレ美熟女大全集4時間！,MBYD-075 絶叫・絶頂の連続！イカサレ美熟女大全集4時間！,MBYD-075,2009-09-11,239分鐘,,溜池ゴロー,溜池ゴロー,,成熟的女人、紧缚、合集、數位馬賽克、DMM獨家,多人,https://www.javbus.com/MBYD-075
MDYD-482 美熟女ナース 北原夏美,MDYD-482 美熟女ナース 北原夏美,MDYD-482,2009-09-11,116分鐘,溜池ゴロー,溜池ゴロー,溜池ゴロー,美熟女ナース,成熟的女人、护士、多P、數位馬賽克、性奴、單體作品、DMM獨家,北原夏美,https://www.javbus.com/MDYD-482
MBYD-074 溜池ゴロー2009年上半期全103作品8時間,MBYD-074 溜池ゴロー2009年上半期全103作品8時間,MBYD-074,2009-09-11,478分鐘,,溜池ゴロー,溜池ゴロー,溜池ゴロー○年○半期,成熟的女人、合集、數位馬賽克、DMM獨家,多人,https://www.javbus.com/MBYD-074
ABCB-001 ABC 2009上半期BEST 4時間,ABCB-001 ABC 2009上半期BEST 4時間,ABCB-001,2009-09-01,249分鐘,,ABC/妄想族,ABC,ABCBEST,成熟的女人、合集、戀乳癖、高中女生、巨乳,多人,https://www.javbus.com/ABCB-001
JAM-001D 「年増の奥様」に筆おろしされたい！！！,JAM-001D 「年増の奥様」に筆おろしされたい！！！,JAM-001D,2009-09-01,118分鐘,,なでしこ,秋の感謝祭’09,,成熟的女人、其他戀物癖、纪录片、DVD多士爐,多人,https://www.javbus.com/JAM-001D
PAKE-002 発射寸前！熟女100連発！！,PAKE-002 発射寸前！熟女100連発！！,PAKE-002,2009-09-01,120分鐘,,センタービレッジ,秋の感謝祭’09,,成熟的女人、已婚婦女、女優按摩棒、DVD多士爐、按摩棒,多人,https://www.javbus.com/PAKE-002
KDMM-001 麗しい母親のフェラ・手コキ・パイズリの40人40連発,KDMM-001 麗しい母親のフェラ・手コキ・パイズリの40人40連発,KDMM-001,2009-09-01,121分鐘,,ex,秋の感謝祭’09,,母親、口交、乳交、打手槍,多人,https://www.javbus.com/KDMM-001
SMD-020 熟女30人淫舌集,SMD-020 熟女30人淫舌集,SMD-020,2009-08-31,179分鐘,,グローバルメディアエンタテインメント,SUPERMIX,,角色扮演、成熟的女人、合集、多P、數位馬賽克,多人,https://www.javbus.com/SMD-020
JUSD-222 マドンナ2008年全291タイトル作品集8時間,JUSD-222 マドンナ2008年全291タイトル作品集8時間,JUSD-222,2009-08-25,475分鐘,,マドンナ,Madonna,,成熟的女人、合集、數位馬賽克、DMM獨家,多人,https://www.javbus.com/JUSD-222
RNADE-480 THE 中出し近●相姦～ 僕の母の職業は女○○,RNADE-480 THE 中出し近●相姦～ 僕の母の職業は女○○,RNADE-480,2009-08-24,238分鐘,Kamezo,なでしこ,Nadeshiko,,女教師、各種職業、制服、中出,多人,https://www.javbus.com/RNADE-480
SLW-005 ペニバンとアナル舐めと唾液責めで熟女を犯す女子校生のディープレズ,SLW-005 ペニバンとアナル舐めと唾液責めで熟女を犯す女子校生のディープレズ,SLW-005,2009-08-19,128分鐘,,スタイルアート/妄想族,スタイルアート/妄想族,,成熟的女人、女同性戀、強姦、女同接吻、高中女生、DMM獨家,多人,https://www.javbus.com/SLW-005
OBST-003 お母さんとの情事BEST 4時間 ～手コキ、フェラ、SEX他～,OBST-003 お母さんとの情事BEST 4時間 ～手コキ、フェラ、SEX他～,OBST-003,2009-08-17,241分鐘,,ex,お母さん.com,お母さんとの情事,成熟的女人、口交、合集、亂倫、打手槍,多人,https://www.javbus.com/OBST-003
MBYD-073 特選美熟女10人4時間,MBYD-073 特選美熟女10人4時間,MBYD-073,2009-08-13,239分鐘,,溜池ゴロー,溜池ゴロー,,成熟的女人、合集、數位馬賽克、女上位、DMM獨家,多人,https://www.javbus.com/MBYD-073
MDYD-477 お掃除おばさん 北原夏美,MDYD-477 お掃除おばさん 北原夏美,MDYD-477,2009-08-13,118分鐘,ながしめ,溜池ゴロー,溜池ゴロー,お掃除おばさん,成熟的女人、多P、數位馬賽克、女上位、DVD多士爐、單體作品、DMM獨家,北原夏美,https://www.javbus.com/MDYD-477
SMD-012 黒人熟女暴行 三十路～還暦熟女8人 黒人巨マラ強姦ベストセレクション,SMD-012 黒人熟女暴行 三十路～還暦熟女8人 黒人巨マラ強姦ベストセレクション,SMD-012,2009-08-11,179分鐘,グローバル,グローバルメディアエンタテインメント,SUPERMIX,黒人○○暴行,成熟的女人、強姦、合集、數位馬賽克、黑人演員,多人,https://www.javbus.com/SMD-012
SBJD-074 夜這い！秘められた熟女の寝室4時間DELUXE,SBJD-074 夜這い！秘められた熟女の寝室4時間DELUXE,SBJD-074,2009-08-10,238分鐘,,サイドビー,熟女の細道,夜這い！,成熟的女人、乳交、女上位,多人,https://www.javbus.com/SBJD-074
IESP-493 近親相姦【参】母子スワップ 北原夏美 村上涼子,IESP-493 近親相姦【参】母子スワップ 北原夏美 村上涼子,IESP-493,2009-08-09,120分鐘,菅原養史,アイエナジー,暴夢,近親相姦母子スワップ,成熟的女人、母親、亂倫、已婚婦女、女上位、DVD多士爐,多人,https://www.javbus.com/IESP-493
JUSD-221 熟れたマンコにズッポリ！美熟女30人の結合部4時間,JUSD-221 熟れたマンコにズッポリ！美熟女30人の結合部4時間,JUSD-221,2009-08-07,239分鐘,,マドンナ,Madonna,,成熟的女人、合集、數位馬賽克、女上位、DMM獨家,多人,https://www.javbus.com/JUSD-221
RNADE-463 ジブン義母さん達に… 第2章,RNADE-463 ジブン義母さん達に… 第2章,RNADE-463,2009-08-04,119分鐘,,なでしこ,Nadeshiko,ジブン義母さん達に…,成熟的女人、合集、婆婆,多人,https://www.javbus.com/RNADE-463
DSE-482 ドリームステージ 美熟女垂れ乳ベストセレクション240分,DSE-482 ドリームステージ 美熟女垂れ乳ベストセレクション240分,DSE-482,2009-07-28,240分鐘,,ドリームステージ,熟女絵巻,美熟女垂れ乳ベストセレクション,成熟的女人、其他戀物癖、女上位,多人,https://www.javbus.com/DSE-482
KBKD-532 不倫妻中出し 総集編 弐,KBKD-532 不倫妻中出し 総集編 弐,KBKD-532,2009-07-28,120分鐘,,小林興業,小林,●●不倫妻中出し,合集、已婚婦女、通姦、中出,多人,https://www.javbus.com/KBKD-532
DYM-032 ザ・筆おろし 30人4時間,DYM-032 ザ・筆おろし 30人4時間,DYM-032,2009-07-19,242分鐘,,ダイナマイトエンタープライズ,ダイナマイト,,成熟的女人、女上位、巨乳、打手槍,多人,https://www.javbus.com/DYM-032
MBYD-070 美熟女100人8時間！,MBYD-070 美熟女100人8時間！,MBYD-070,2009-07-13,477分鐘,,溜池ゴロー,溜池ゴロー,,成熟的女人、多P、數位馬賽克、DMM獨家,多人,https://www.javbus.com/MBYD-070
MBYD-069 夫の横で執拗な愛撫！悶える美熟女26人4時間,MBYD-069 夫の横で執拗な愛撫！悶える美熟女26人4時間,MBYD-069,2009-07-13,237分鐘,,溜池ゴロー,溜池ゴロー,,成熟的女人、數位馬賽克、羞恥、DMM獨家,多人,https://www.javbus.com/MBYD-069
RD-291 BEST of ザ・カメラテスト 濃縮（汁）11連発！！4時間,RD-291 BEST of ザ・カメラテスト 濃縮（汁）11連発！！4時間,RD-291,2009-07-08,237分鐘,鬼闘光,アテナ映像,ATHENA,ザ・カメラテスト,合集、舔陰,多人,https://www.javbus.com/RD-291
JUSD-215 バックで突かれる美熟女達31人4時間 2,JUSD-215 バックで突かれる美熟女達31人4時間 2,JUSD-215,2009-07-07,239分鐘,,マドンナ,Madonna,バックで突かれる美熟女達,成熟的女人、其他戀物癖、合集、數位馬賽克、DMM獨家,多人,https://www.javbus.com/JUSD-215
MBOX-034 すべらない熟女4時間,MBOX-034 すべらない熟女4時間,MBOX-034,2009-07-02,239分鐘,,タカラ映像,タカラビジュアル,すべらない熟女,成熟的女人、合集、數位馬賽克、女上位,多人,https://www.javbus.com/MBOX-034
OOMN-004 お母さんのすべて 2009年上半期BEST4時間,OOMN-004 お母さんのすべて 2009年上半期BEST4時間,OOMN-004,2009-07-01,239分鐘,,ABC/妄想族,お母さん.com/ABC,美熟女プレミアムベスト,成熟的女人、母親、合集、巨乳、DMM獨家,多人,https://www.javbus.com/OOMN-004
JUSD-212 厳選美熟女の絶品フェラ抜き18連発。,JUSD-212 厳選美熟女の絶品フェラ抜き18連発。,JUSD-212,2009-06-25,207分鐘,,マドンナ,Madonna,,成熟的女人、口交、合集、數位馬賽克、DMM獨家,多人,https://www.javbus.com/JUSD-212
OBST-002 お母さんと日常生活BEST 240分 20人,OBST-002 お母さんと日常生活BEST 240分 20人,OBST-002,2009-06-24,240分鐘,,ex,お母さん.com,お母さんと日常生活,成熟的女人、放尿、母親、合集、自慰,多人,https://www.javbus.com/OBST-002
ALSP-021 近親相姦ベスト10人 THE VERY BEST OF ALEDDIN 21,ALSP-021 近親相姦ベスト10人 THE VERY BEST OF ALEDDIN 21,ALSP-021,2009-06-18,118分鐘,,タカラ映像,ALEDDIN,近親相姦ベスト,成熟的女人、合集、亂倫、多P、數位馬賽克,多人,https://www.javbus.com/ALSP-021
GESD-117 特別編集版 巨乳熟女祭り！乳と戯れて25人！,GESD-117 特別編集版 巨乳熟女祭り！乳と戯れて25人！,GESD-117,2009-06-14,117分鐘,ハッピー初台,現映社,ぴあす,,成熟的女人、乳房、乳液、母乳、巨乳,多人,https://www.javbus.com/GESD-117
SZE-001 尻汁肉便器エステ,SZE-001 尻汁肉便器エステ,SZE-001,2009-06-13,114分鐘,網走ゴロー,AVScollector’s,AVS,,蕩婦、成熟的女人、其他戀物癖、潮吹、多P、美容院,多人,https://www.javbus.com/SZE-001
MBYD-066 凌辱されながらも抗えない性奴隷美熟女10人4時間,MBYD-066 凌辱されながらも抗えない性奴隷美熟女10人4時間,MBYD-066,2009-06-12,239分鐘,,溜池ゴロー,溜池ゴロー,,成熟的女人、多P、數位馬賽克、性奴、凌辱、DMM獨家,多人,https://www.javbus.com/MBYD-066
RNADE-529 近●相姦 義母の誘惑 4時間スペシャル,RNADE-529 近●相姦 義母の誘惑 4時間スペシャル,RNADE-529,2009-06-06,238分鐘,,なでしこ,Nadeshiko,近●相姦,成熟的女人、亂倫、婆婆,多人,https://www.javbus.com/RNADE-529
OBST-001 お母さんの授乳と手コキ BEST 25人,OBST-001 お母さんの授乳と手コキ BEST 25人,OBST-001,2009-06-06,241分鐘,,ex,お母さん.com,お母さんの授乳と手コキ,母親、其他戀物癖、合集、4小時以上作品、打手槍,多人,https://www.javbus.com/OBST-001
VENU-009 北原夏美 40歳,VENU-009 北原夏美 40歳,VENU-009,2009-06-01,93分鐘,,VENUS,ヴィーナス（VENUS）,,成熟的女人、乳交、潮吹、連褲襪、巨乳、單體作品,北原夏美,https://www.javbus.com/VENU-009
EMAS-005 艶妻たちの温泉レズ情事,EMAS-005 艶妻たちの温泉レズ情事,EMAS-005,2009-05-25,135分鐘,アキラ,SA/エマニエル,SA（エマニエル）,,和服・喪服、女同性戀、紧缚、已婚婦女、女同接吻、DMM獨家,多人,https://www.javbus.com/EMAS-005
SBJD-069 水着熟女 原色ビキニ編,SBJD-069 水着熟女 原色ビキニ編,SBJD-069,2009-05-25,110分鐘,,サイドビー,熟女の細道,水着熟女,成熟的女人、女上位、女優按摩棒、泳裝、打手槍,多人,https://www.javbus.com/SBJD-069
DNT-018 近親相姦 オナニーしてたらお母さんに見つかりそのままやられちゃいました！ 22人4時間,DNT-018 近親相姦 オナニーしてたらお母さんに見つかりそのままやられちゃいました！ 22人4時間,DNT-018,2009-05-19,240分鐘,,ダイナマイトエンタープライズ,ダイナマイト,,成熟的女人、母親、亂倫、舔陰、女上位,多人,https://www.javbus.com/DNT-018
HFD-036 奥さん、そんなに反応したら、和姦になっちゃうよ 巨乳人妻×白昼堂々×強姦悦楽 4時間,HFD-036 奥さん、そんなに反応したら、和姦になっちゃうよ 巨乳人妻×白昼堂々×強姦悦楽 4時間,HFD-036,2009-05-15,240分鐘,,ドリームチケット,ドリームチケット,昼間に自宅で監禁されて…,成熟的女人、強姦、合集、已婚婦女、巨乳,多人,https://www.javbus.com/HFD-036
SOUL-014 隣りのおばさん 北原夏美,SOUL-014 隣りのおばさん 北原夏美,SOUL-014,2009-05-14,116分鐘,紫音,センタービレッジ,魂,隣りのおばさん,成熟的女人、女上位、單體作品,北原夏美,https://www.javbus.com/SOUL-014
GESD-112 入りっぱなし！またひらいて絶倫年増が12人,GESD-112 入りっぱなし！またひらいて絶倫年増が12人,GESD-112,2009-05-09,116分鐘,ハッピー初台,現映社,ぴあす,,成熟的女人、女上位、手指插入,多人,https://www.javbus.com/GESD-112
JUSD-202 禁断の愛情総集編4時間 3,JUSD-202 禁断の愛情総集編4時間 3,JUSD-202,2009-05-07,239分鐘,,マドンナ,Madonna,禁断の愛情総集編,成熟的女人、合集、亂倫、數位馬賽克、DMM獨家,多人,https://www.javbus.com/JUSD-202
BKSP-193 生まれて初めて風俗面接に堕ちてきた人妻たち 第2幕,BKSP-193 生まれて初めて風俗面接に堕ちてきた人妻たち 第2幕,BKSP-193,2009-05-04,119分鐘,,アイエナジー,IENERGY！,生まれて初めて風俗面接に堕ちてきた人妻たち,已婚婦女、偷窥、乳液、DVD多士爐、打手槍,多人,https://www.javbus.com/BKSP-193
JUSD-200 豊満おっぱい美熟女20人8時間,JUSD-200 豊満おっぱい美熟女20人8時間,JUSD-200,2009-04-24,479分鐘,,マドンナ,Madonna,,成熟的女人、戀乳癖、數位馬賽克、巨乳、DMM獨家,多人,https://www.javbus.com/JUSD-200
JUSD-199 働く美熟女15人4時間,JUSD-199 働く美熟女15人4時間,JUSD-199,2009-04-24,239分鐘,,マドンナ,Madonna,,成熟的女人、合集、各種職業、多P、數位馬賽克、DMM獨家,多人,https://www.javbus.com/JUSD-199
WRC-004 セレブ妻拘束調教 the BEST,WRC-004 セレブ妻拘束調教 the BEST,WRC-004,2009-04-18,238分鐘,,ワンズファクトリー,WANZ,セレブ妻拘束調教,合集、已婚婦女、性奴、拘束,多人,https://www.javbus.com/WRC-004
MBYD-057 北原夏美全集4時間,MBYD-057 北原夏美全集4時間,MBYD-057,2009-04-13,239分鐘,,溜池ゴロー,溜池ゴロー,,成熟的女人、合集、多P、數位馬賽克、拘束、單體作品、DMM獨家,北原夏美,https://www.javbus.com/MBYD-057
JUSD-196 熟年夫婦の夜の営みネットリ濃厚4時間 2,JUSD-196 熟年夫婦の夜の営みネットリ濃厚4時間 2,JUSD-196,2009-04-07,239分鐘,,マドンナ,Madonna,熟年夫婦の夜の営みネットリ濃厚4時間,成熟的女人、69、數位馬賽克、女上位、DMM獨家,多人,https://www.javbus.com/JUSD-196
DJSD-002 レズ年間ベスト10,DJSD-002 レズ年間ベスト10,DJSD-002,2009-04-05,244分鐘,,ジャネス,JNS,○○年間ベスト10,成熟的女人、女同性戀、女教師、合集、高中女生,多人,https://www.javbus.com/DJSD-002
DFTA-036 羞恥熟女 ～公衆の場での破廉恥行為に膣を濡らす女たち～,DFTA-036 羞恥熟女 ～公衆の場での破廉恥行為に膣を濡らす女たち～,DFTA-036,2009-04-05,147分鐘,MBC,ジャネス,Future,羞恥熟女,成熟的女人、野外・露出、已婚婦女、羞恥,多人,https://www.javbus.com/DFTA-036
JKSP-014 超本格美熟女近親愛蔵盤 息子と済ませた母親達 3,JKSP-014 超本格美熟女近親愛蔵盤 息子と済ませた母親達 3,JKSP-014,2009-04-02,119分鐘,,タカラ映像,熟恋,超本格エロ絵巻（タカラ映像）,成熟的女人、合集、亂倫、數位馬賽克,多人,https://www.javbus.com/JKSP-014
JUC-047 もう一つの混浴温泉バスツアー 4,JUC-047 もう一つの混浴温泉バスツアー 4,JUC-047,2009-03-25,217分鐘,モヒカル,マドンナ,Madonna,美熟女と行く混浴温泉バスツアー,成熟的女人、第一人稱攝影、多P、數位馬賽克、女上位、DMM獨家,多人,https://www.javbus.com/JUC-047
JUC-049 妖艶おんな愛戯 守られた禁断の絆,JUC-049 妖艶おんな愛戯 守られた禁断の絆,JUC-049,2009-03-25,118分鐘,夢童子,マドンナ,Madonna,妖艶おんな愛戯,成熟的女人、女同性戀、多P、數位馬賽克、DVD多士爐、巨乳、DMM獨家,多人,https://www.javbus.com/JUC-049
JUSD-193 美熟女羞恥凌辱総集編4時間 3,JUSD-193 美熟女羞恥凌辱総集編4時間 3,JUSD-193,2009-03-25,239分鐘,,マドンナ,Madonna,美熟女羞恥凌辱総集編,成熟的女人、合集、數位馬賽克、凌辱、羞恥、DMM獨家,多人,https://www.javbus.com/JUSD-193
CCX-071 淫らに喘ぐ昼と夜 熟女性生活報告 北原夏美 高坂保奈美,CCX-071 淫らに喘ぐ昼と夜 熟女性生活報告 北原夏美 高坂保奈美,CCX-071,2009-03-25,95分鐘,,FAプロ・プラチナ,プラチナ,,成熟的女人、通姦、舔陰、戲劇、DMM獨家,多人,https://www.javbus.com/CCX-071
RD-245 和服妻の柔肌 第八章,RD-245 和服妻の柔肌 第八章,RD-245,2009-03-20,120分鐘,市原克也,アテナ映像,ATHENA,和服妻の柔肌,和服・喪服、已婚婦女、舔陰,多人,https://www.javbus.com/RD-245
DNT-010 友達の姉DXベスト 22人4時間,DNT-010 友達の姉DXベスト 22人4時間,DNT-010,2009-03-19,241分鐘,,ダイナマイトエンタープライズ,ダイナマイト,,成熟的女人、合集、女上位、巨乳,多人,https://www.javbus.com/DNT-010
SBB-062 誘惑のお義母さん,SBB-062 誘惑のお義母さん,SBB-062,2009-03-13,239分鐘,,マルクス兄弟,MARXBrothersco.,,成熟的女人、乳交、亂倫、女上位、婆婆,多人,https://www.javbus.com/SBB-062
JUSD-191 美熟女20人のマン汁垂れ流し4時間,JUSD-191 美熟女20人のマン汁垂れ流し4時間,JUSD-191,2009-03-07,239分鐘,,マドンナ,Madonna,,成熟的女人、合集、數位馬賽克、手指插入、DMM獨家,多人,https://www.javbus.com/JUSD-191
SDDE-180 手コキクリニック 9,SDDE-180 手コキクリニック 9,SDDE-180,2009-03-05,128分鐘,GORI,SODクリエイト,SOFTONDEMAND,手コキクリニック,护士、其他戀物癖、打手槍,多人,https://www.javbus.com/SDDE-180
NWF-241 完全ヴァーチャル フェラチオ視線,NWF-241 完全ヴァーチャル フェラチオ視線,NWF-241,2009-03-01,119分鐘,,ワンズファクトリー,WANZ,,口交、乳交、其他戀物癖,多人,https://www.javbus.com/NWF-241
JUC-019 こちらマドンナ独身寮・ただいま満室 爆乳寮母がチンポのお世話もいたします！ 北原夏美,JUC-019 こちらマドンナ独身寮・ただいま満室 爆乳寮母がチンポのお世話もいたします！ 北原夏美,JUC-019,2009-02-07,118分鐘,長島哲,マドンナ,Madonna,こちらマドンナ独身寮,成熟的女人、乳交、數位馬賽克、巨乳、單體作品、DMM獨家,北原夏美,https://www.javbus.com/JUC-019
PSSD-133 「熟人妻の口はもっと嘘をつく。」6 熟雌女anthology special ＃010,PSSD-133 「熟人妻の口はもっと嘘をつく。」6 熟雌女anthology special ＃010,PSSD-133,2009-02-06,217分鐘,,アウダースジャパン,AUDAZ,熟雌女anthology,蕩婦、成熟的女人、合集、淫語、主觀視角,多人,https://www.javbus.com/PSSD-133
AJOD-013 美熟女の淫らな巨乳4時間,AJOD-013 美熟女の淫らな巨乳4時間,AJOD-013,2009-02-01,238分鐘,,ANIMALIJO,ANIMALIJO,,成熟的女人、戀乳癖、多P、巨乳、DMM獨家,多人,https://www.javbus.com/AJOD-013
MDYD-408 熟れ盛りの女 北原夏美,MDYD-408 熟れ盛りの女 北原夏美,MDYD-408,2009-02-01,119分鐘,TAKEZO,溜池ゴロー,溜池ゴロー,熟れ盛りの女,成熟的女人、多P、數位馬賽克、女上位、巨乳、單體作品、DMM獨家,北原夏美,https://www.javbus.com/MDYD-408
JUC-010 マドンナファンの集い 美熟女と行く混浴温泉バスツアー 4 祝・マドンナ5周年 ～豪華美熟女たちの恩返しSPECIAL～,JUC-010 マドンナファンの集い 美熟女と行く混浴温泉バスツアー 4 祝・マドンナ5周年 ～豪華美熟女たちの恩返しSPECIAL～,JUC-010,2009-01-25,476分鐘,モヒカル,マドンナ,Madonna,美熟女と行く混浴温泉バスツアー,企畫、成熟的女人、放尿、濫交、數位馬賽克、DMM獨家,多人,https://www.javbus.com/JUC-010
JUSD-181 家政婦奴隷総集編4時間,JUSD-181 家政婦奴隷総集編4時間,JUSD-181,2009-01-25,239分鐘,,マドンナ,Madonna,家政婦奴隷,成熟的女人、合集、數位馬賽克、性奴、女上位、DMM獨家,多人,https://www.javbus.com/JUSD-181
DNT-004 お母さんがお風呂で僕のチンポをしごいてきた… 22人4時間,DNT-004 お母さんがお風呂で僕のチンポをしごいてきた… 22人4時間,DNT-004,2009-01-19,239分鐘,,ダイナマイトエンタープライズ,ダイナマイト1980,,成熟的女人、母親、巨乳、打手槍,多人,https://www.javbus.com/DNT-004
SGCRS-043 昭和色情横丁 続・三丁目の美熟女 北原夏美,SGCRS-043 昭和色情横丁 続・三丁目の美熟女 北原夏美,SGCRS-043,2009-01-16,120分鐘,,スターゲート,カトリーヌ,昭和色情横丁,成熟的女人、女教師、乳交、巨乳、單體作品,北原夏美,https://www.javbus.com/SGCRS-043
JUC-001 新春マドンナスペシャル 爆乳美熟女姫始め ～ハッピー乳イヤ～ん～,JUC-001 新春マドンナスペシャル 爆乳美熟女姫始め ～ハッピー乳イヤ～ん～,JUC-001,2009-01-07,183分鐘,,マドンナ,Madonna,,成熟的女人、濫交、潮吹、數位馬賽克、巨乳、DMM獨家,多人,https://www.javbus.com/JUC-001
JUSD-177 2008年マドンナ厳選美熟女20人8時間,JUSD-177 2008年マドンナ厳選美熟女20人8時間,JUSD-177,2009-01-07,479分鐘,,マドンナ,Madonna,マドンナ厳選美熟女,成熟的女人、乳交、合集、數位馬賽克、女上位、DMM獨家,多人,https://www.javbus.com/JUSD-177
MDYD-385 義母奴隷 北原夏美,MDYD-385 義母奴隷 北原夏美,MDYD-385,2009-01-01,146分鐘,溜池ゴロー,溜池ゴロー,溜池ゴロー,義母奴隷,成熟的女人、多P、數位馬賽克、性奴、婆婆、單體作品、DMM獨家,北原夏美,https://www.javbus.com/MDYD-385
AJOD-012 美熟女イカセ痙攣3時間,AJOD-012 美熟女イカセ痙攣3時間,AJOD-012,2009-01-01,179分鐘,,ANIMALIJO,ANIMALIJO,,成熟的女人、潮吹、拘束、女優按摩棒、DMM獨家,多人,https://www.javbus.com/AJOD-012
AJOD-011 美熟女凌辱レイプ4時間,AJOD-011 美熟女凌辱レイプ4時間,AJOD-011,2009-01-01,239分鐘,,ANIMALIJO,ANIMALIJO,,成熟的女人、強姦、已婚婦女、多P、凌辱、DMM獨家,多人,https://www.javbus.com/AJOD-011
PSSD-127 Best Scene of 熟雌女anthology 2,PSSD-127 Best Scene of 熟雌女anthology 2,PSSD-127,2008-12-26,229分鐘,,アウダースジャパン,AUDAZ,熟雌女anthology,蕩婦、成熟的女人、合集、淫語、主觀視角,多人,https://www.javbus.com/PSSD-127
DJNO-056 ドスケベ爆乳三十路女が湯けむり旅で本気に下品にマ○コ汁垂らしました,DJNO-056 ドスケベ爆乳三十路女が湯けむり旅で本気に下品にマ○コ汁垂らしました,DJNO-056,2008-12-25,139分鐘,BORDERZ,ジャネス,艶女,,和服・喪服、成熟的女人、通姦、羞恥、巨乳,多人,https://www.javbus.com/DJNO-056
JUSD-176 美熟女と黒人総集編4時間 2,JUSD-176 美熟女と黒人総集編4時間 2,JUSD-176,2008-12-25,239分鐘,,マドンナ,Madonna,美熟女と黒人,成熟的女人、合集、數位馬賽克、女上位、DMM獨家、黑人演員,多人,https://www.javbus.com/JUSD-176
NIF-014 美熟女巨乳倶楽部,NIF-014 美熟女巨乳倶楽部,NIF-014,2008-12-19,239分鐘,,NIRVANA,NIRVANA,美熟女巨乳倶楽部,成熟的女人、女上位、巨乳、DMM獨家,多人,https://www.javbus.com/NIF-014
JUKD-979 続・塀の中の懲りない熟女たち 熟女専門マドンナ刑務所,JUKD-979 続・塀の中の懲りない熟女たち 熟女専門マドンナ刑務所,JUKD-979,2008-12-07,220分鐘,夢童子,マドンナ,Madonna,塀の中の懲りない熟女たち,成熟的女人、女同性戀、濫交、數位馬賽克、女上位、DMM獨家,多人,https://www.javbus.com/JUKD-979
DBR-44 2008年ルビー年鑑 VOL.4,DBR-44 2008年ルビー年鑑 VOL.4,DBR-44,2008-12-06,478分鐘,,ルビー,RUBY,ルビー年鑑,成熟的女人、獵豔、合集、中出,多人,https://www.javbus.com/DBR-44
ALSP-016 息子に揉まれた母達 溺愛保存版 2,ALSP-016 息子に揉まれた母達 溺愛保存版 2,ALSP-016,2008-12-04,120分鐘,,タカラ映像,ALEDDIN,息子に揉まれ○○,成熟的女人、乳交、合集、數位馬賽克、巨乳,多人,https://www.javbus.com/ALSP-016
OKSN-001 お母さんのすべて 北原夏美,OKSN-001 お母さんのすべて 北原夏美,OKSN-001,2008-12-01,91分鐘,,ABC/妄想族,お母さん.com/ABC,美熟女プレミアムベスト,成熟的女人、母親、其他戀物癖、亂倫、巨乳、單體作品、DMM獨家,北原夏美,https://www.javbus.com/OKSN-001
MDYD-370 美顔 北原夏美,MDYD-370 美顔 北原夏美,MDYD-370,2008-12-01,110分鐘,溜池ゴロー,溜池ゴロー,溜池ゴロー,美顔,成熟的女人、乳交、數位馬賽克、女上位、巨乳、單體作品、DMM獨家,北原夏美,https://www.javbus.com/MDYD-370
NAW-064 働く女集団 中出しレイプ3,NAW-064 働く女集団 中出しレイプ3,NAW-064,2008-12-01,239分鐘,,ワンズファクトリー,WANZ,働く女集団中出しレイプ,強姦、各種職業、多P、凌辱、中出,多人,https://www.javbus.com/NAW-064
RD-221 女体解剖3 イキまくりで計測不能！おマメの刺激で膣圧MAX,RD-221 女体解剖3 イキまくりで計測不能！おマメの刺激で膣圧MAX,RD-221,2008-11-28,122分鐘,鬼闘光,アテナ映像,ATHENA,女体解剖,乳交、插入異物、女上位,多人,https://www.javbus.com/RD-221
OKAS-002 お母さんとの情事 ～手コキ、フェラ、SEX編～,OKAS-002 お母さんとの情事 ～手コキ、フェラ、SEX編～,OKAS-002,2008-11-26,91分鐘,,ex,お母さん.com,お母さんとの情事,成熟的女人、母親、亂倫、打手槍,多人,https://www.javbus.com/OKAS-002
OKAS-001 お母さんと日常生活 ～着替え、日常風景。自慰、入浴、放尿編～,OKAS-001 お母さんと日常生活 ～着替え、日常風景。自慰、入浴、放尿編～,OKAS-001,2008-11-24,91分鐘,,ex,お母さん.com,お母さんと日常生活,成熟的女人、放尿、母親、其他戀物癖,多人,https://www.javbus.com/OKAS-001
AVGP-127 近親相姦母子スワップ 僕の母親を抱かせてやるから、キミの母さんをヤらせてくれ。,AVGP-127 近親相姦母子スワップ 僕の母親を抱かせてやるから、キミの母さんをヤらせてくれ。,AVGP-127,2008-11-22,123分鐘,,タカラ映像,AVGP2009,近親相姦母子スワップ,成熟的女人、亂倫、巨乳,多人,https://www.javbus.com/AVGP-127
AVGP-115 近親相姦 昭和禁断血族「母さん、この家は狂ってます」,AVGP-115 近親相姦 昭和禁断血族「母さん、この家は狂ってます」,AVGP-115,2008-11-22,145分鐘,,グローリークエスト,AVGP2009,,成熟的女人、亂倫、巨乳,多人,https://www.javbus.com/AVGP-115
SCD-021 禁断介護21 ～巨乳嫁と義父の肉欲介護～,SCD-021 禁断介護21 ～巨乳嫁と義父の肉欲介護～,SCD-021,2008-11-20,98分鐘,,グローリークエスト,SEXCARE,禁断介護,亂倫、已婚婦女、舔陰、巨乳、單體作品,北原夏美,https://www.javbus.com/SCD-021
SKS-007 爆乳パイズリ挟射,SKS-007 爆乳パイズリ挟射,SKS-007,2008-11-13,120分鐘,,マルクス兄弟,MARXBrothersco.,,乳交、戀乳癖、巨乳,多人,https://www.javbus.com/SKS-007
SMA-371 キモ男に犯される派遣会社の人事部長 北原夏美,SMA-371 キモ男に犯される派遣会社の人事部長 北原夏美,SMA-371,2008-11-13,121分鐘,,マルクス兄弟,MARXBrothersco.,キモ男に犯される○○,強姦、多P、輪姦、中出、巨乳、單體作品,北原夏美,https://www.javbus.com/SMA-371
JUSD-167 極上美熟女16人のパックリずっぽり3Pベスト8時間,JUSD-167 極上美熟女16人のパックリずっぽり3Pベスト8時間,JUSD-167,2008-11-07,479分鐘,,マドンナ,Madonna,,成熟的女人、合集、多P、數位馬賽克、DMM獨家,多人,https://www.javbus.com/JUSD-167
JUKD-959 銭湯の看板女将はお熱いのがお好き 北原夏美,JUKD-959 銭湯の看板女将はお熱いのがお好き 北原夏美,JUKD-959,2008-11-07,118分鐘,小池ゆい,マドンナ,Madonna,銭湯の看板女将はお熱いのがお好き,成熟的女人、數位馬賽克、女主人、女老板、女上位、巨乳、單體作品、DMM獨家,北原夏美,https://www.javbus.com/JUKD-959
MBOX-023 北原夏美でござひます 4時間,MBOX-023 北原夏美でござひます 4時間,MBOX-023,2008-11-06,240分鐘,,タカラ映像,タカラビジュアル,○○ベスト4時間,合集、亂倫、數位馬賽克、女上位、巨乳、單體作品,北原夏美,https://www.javbus.com/MBOX-023
NWF-199 巨乳を鷲掴みにして強制イカせ,NWF-199 巨乳を鷲掴みにして強制イカせ,NWF-199,2008-11-01,120分鐘,,ワンズファクトリー,WANZ,,合集、戀乳癖、巨乳,多人,https://www.javbus.com/NWF-199
MDYD-354 美熟女が拘束され加藤鷹にイカサレまくるビデオ！ 北原夏美,MDYD-354 美熟女が拘束され加藤鷹にイカサレまくるビデオ！ 北原夏美,MDYD-354,2008-11-01,119分鐘,溜池ゴロー,溜池ゴロー,溜池ゴロー,美熟女が拘束され加藤鷹にイカサレまくるビデオ！,成熟的女人、數位馬賽克、拘束、女上位、單體作品、DMM獨家,北原夏美,https://www.javbus.com/MDYD-354
JUFD-039 ムッチリ美熟女ハミ出し水着 北原夏美,JUFD-039 ムッチリ美熟女ハミ出し水着 北原夏美,JUFD-039,2008-10-25,118分鐘,旗大漁,Fitch,Fitch,ハミ出し水着（Fitch）,成熟的女人、乳交、數位馬賽克、DVD多士爐、泳裝、巨乳、單體作品、DMM獨家,北原夏美,https://www.javbus.com/JUFD-039
RD-209 ザ・カメラテスト もう限界おかしくなっちゃう！,RD-209 ザ・カメラテスト もう限界おかしくなっちゃう！,RD-209,2008-10-24,97分鐘,鬼闘光,アテナ映像,ATHENA,ザ・カメラテスト,姐姐、女生,多人,https://www.javbus.com/RD-209
SKS-006 ベロチュ～接吻＆乳首やアナル舐めで手コキ責め2,SKS-006 ベロチュ～接吻＆乳首やアナル舐めで手コキ責め2,SKS-006,2008-10-13,148分鐘,,マルクス兄弟,MARXBrothersco.,ベロチュ～接吻＆乳首やアナル舐めで手コキ責め,其他戀物癖、巨乳、打手槍,多人,https://www.javbus.com/SKS-006
NWF-180 セレブ妻拘束調教 4 北原夏美,NWF-180 セレブ妻拘束調教 4 北原夏美,NWF-180,2008-10-01,118分鐘,,ワンズファクトリー,WANZ,セレブ妻拘束調教,已婚婦女、多P、性奴、拘束、單體作品,北原夏美,https://www.javbus.com/NWF-180
JUSD-158 ほろ酔い痴熟女に犯されまくり4時間スペシャル,JUSD-158 ほろ酔い痴熟女に犯されまくり4時間スペシャル,JUSD-158,2008-09-25,239分鐘,,マドンナ,Madonna,ほろ酔いお姉さんが犯してあげる,蕩婦、成熟的女人、濫交、數位馬賽克、女上位、DMM獨家,多人,https://www.javbus.com/JUSD-158
JUSD-156 北原夏美 総集編 4時間,JUSD-156 北原夏美 総集編 4時間,JUSD-156,2008-09-25,238分鐘,,マドンナ,Madonna,○○総集編4時間,成熟的女人、合集、數位馬賽克、女上位、巨乳、單體作品、DMM獨家,北原夏美,https://www.javbus.com/JUSD-156
OKAN-003 母の淫らな日常,OKAN-003 母の淫らな日常,OKAN-003,2008-09-19,118分鐘,,ミスター・インパクト,OKAN,,成熟的女人、母親、亂倫、69、巨乳、DMM獨家,多人,https://www.javbus.com/OKAN-003
OKAS-006 お母さんの北原夏美SP ～息子編・友人のお母さん編～,OKAS-006 お母さんの北原夏美SP ～息子編・友人のお母さん編～,OKAS-006,2008-09-16,92分鐘,,ex,お母さん.com,,成熟的女人、母親、母乳、巨乳、單體作品,北原夏美,https://www.javbus.com/OKAS-006
SKS-005 拘束×強制イラマ×口内射精,SKS-005 拘束×強制イラマ×口内射精,SKS-005,2008-09-13,150分鐘,,マルクス兄弟,MARXBrothersco.,,口交、拘束、凌辱,多人,https://www.javbus.com/SKS-005
HRDV-738A SEX WIFE-素人妻モデルズ5-,HRDV-738A SEX WIFE-素人妻モデルズ5-,HRDV-738A,2008-09-03,117分鐘,,h.m.p,h.m.p,SEXWIFE,業餘、已婚婦女、巨乳,多人,https://www.javbus.com/HRDV-738A
MDYD-327 義母 夏美 北原夏美,MDYD-327 義母 夏美 北原夏美,MDYD-327,2008-09-01,115分鐘,溜池ゴロー,溜池ゴロー,溜池ゴロー,義母,成熟的女人、多P、數位馬賽克、凌辱、婆婆、單體作品、DMM獨家,北原夏美,https://www.javbus.com/MDYD-327
PSD-335 「熟女の口はもっと嘘をつく。」 熟雌女anthology ＃036 北原夏美,PSD-335 「熟女の口はもっと嘘をつく。」 熟雌女anthology ＃036 北原夏美,PSD-335,2008-08-22,218分鐘,,アウダースジャパン,PLUS,熟雌女anthology,蕩婦、成熟的女人、淫語、各種職業、主觀視角、單體作品,北原夏美,https://www.javbus.com/PSD-335
OKAN-002 お母さんとセックス,OKAN-002 お母さんとセックス,OKAN-002,2008-08-19,118分鐘,,ミスター・インパクト,OKAN,,成熟的女人、母親、亂倫、69、DMM獨家,多人,https://www.javbus.com/OKAN-002
NADE-338 近●相姦 義母の誘惑 8 北原夏美,NADE-338 近●相姦 義母の誘惑 8 北原夏美,NADE-338,2008-08-18,88分鐘,,なでしこ,Nadeshiko,近●相姦,成熟的女人、亂倫、女優按摩棒、婆婆、單體作品,北原夏美,https://www.javbus.com/NADE-338
DJNO-043 近親熟女 お母さん！中出しさせて！ 5,DJNO-043 近親熟女 お母さん！中出しさせて！ 5,DJNO-043,2008-08-15,96分鐘,HO,ジャネス,艶女,近親熟女お母さん！中出しさせて！,成熟的女人、母親、乳交、亂倫、妓女、單體作品,北原夏美,https://www.javbus.com/DJNO-043
SREN-012 お母さんの膝まくらDX120,SREN-012 お母さんの膝まくらDX120,SREN-012,2008-08-14,118分鐘,妹尾冬眠,タカラ映像,翠蓮,,成熟的女人、母親、合集、亂倫,多人,https://www.javbus.com/SREN-012
MDYD-326 兄嫁の疼き 北原夏美,MDYD-326 兄嫁の疼き 北原夏美,MDYD-326,2008-08-13,118分鐘,TAKEZO,溜池ゴロー,溜池ゴロー,,成熟的女人、已婚婦女、數位馬賽克、拘束、女上位、單體作品、DMM獨家,北原夏美,https://www.javbus.com/MDYD-326
SMA-353 人妻萌えレオタード 北原夏美,SMA-353 人妻萌えレオタード 北原夏美,SMA-353,2008-08-13,119分鐘,,マルクス兄弟,MARXBrothersco.,人妻萌えレオタード,成熟的女人、乳交、已婚婦女、緊身衣、乳液、單體作品,北原夏美,https://www.javbus.com/SMA-353
SKS-004 尻コキ尻もみ尻ズリ発射,SKS-004 尻コキ尻もみ尻ズリ発射,SKS-004,2008-08-13,149分鐘,,マルクス兄弟,MARXBrothersco.,,成熟的女人、屁股、巨乳,多人,https://www.javbus.com/SKS-004
TOS-015 まさか叔母ちゃんに筆下ろしされるとは… 17,TOS-015 まさか叔母ちゃんに筆下ろしされるとは… 17,TOS-015,2008-08-08,89分鐘,因幡福助,東京音光,東京音光,まさか叔母ちゃんに筆下ろしされるとは…,口交、女上位、手指插入、巨乳,多人,https://www.javbus.com/TOS-015
JUKD-908 美熟女と黒人 北原夏美,JUKD-908 美熟女と黒人 北原夏美,JUKD-908,2008-08-07,115分鐘,ビンス東郷,マドンナ,Madonna,美熟女と黒人,成熟的女人、數位馬賽克、女上位、單體作品、DMM獨家、黑人演員,北原夏美,https://www.javbus.com/JUKD-908
NWF-162 美脚で虐める最高の足コキ発射！,NWF-162 美脚で虐める最高の足コキ発射！,NWF-162,2008-08-01,119分鐘,,ワンズファクトリー,WANZ,,連褲襪、戀腿癖、足交,多人,https://www.javbus.com/NWF-162
JUKD-899 爆乳女教師 北原夏美,JUKD-899 爆乳女教師 北原夏美,JUKD-899,2008-07-25,170分鐘,極ノ介,マドンナ,Madonna,,成熟的女人、女教師、多P、數位馬賽克、單體作品、DMM獨家,北原夏美,https://www.javbus.com/JUKD-899
JUSD-145 巨乳美熟女騎乗位ファック4時間,JUSD-145 巨乳美熟女騎乗位ファック4時間,JUSD-145,2008-07-25,239分鐘,,マドンナ,Madonna,,成熟的女人、數位馬賽克、女上位、巨乳、DMM獨家,多人,https://www.javbus.com/JUSD-145
OKAN-001 お母さんと… 近親相姦,OKAN-001 お母さんと… 近親相姦,OKAN-001,2008-07-19,119分鐘,,ミスター・インパクト,OKAN,,成熟的女人、母親、亂倫、69、DMM獨家,多人,https://www.javbus.com/OKAN-001
DDB-069 熟女トランス 北原夏美,DDB-069 熟女トランス 北原夏美,DDB-069,2008-07-19,113分鐘,ビーバップ・みのる,ドグマ,Dogma,熟女トランス,成熟的女人、拘束、女上位、顏射、單體作品,北原夏美,https://www.javbus.com/DDB-069
NADE-315 ジブン、義母さんを揉みまくりました。 北原夏美,NADE-315 ジブン、義母さんを揉みまくりました。 北原夏美,NADE-315,2008-07-18,80分鐘,,なでしこ,Nadeshiko,ジブン、義母さんを揉みまくりました。,成熟的女人、乳交、亂倫、婆婆、巨乳、單體作品,北原夏美,https://www.javbus.com/NADE-315
SREN-011 母の乳房スペシャル,SREN-011 母の乳房スペシャル,SREN-011,2008-07-17,119分鐘,,タカラ映像,翠蓮,,成熟的女人、亂倫、女上位、手指插入,多人,https://www.javbus.com/SREN-011
NHDT-667 猥褻アクメ病棟 ～看護師集団肉体ジャック～,NHDT-667 猥褻アクメ病棟 ～看護師集団肉体ジャック～,NHDT-667,2008-07-04,178分鐘,カリ,ナチュラルハイ,NATURALHIGH,,护士、濫交、強姦、灌腸、拘束,多人,https://www.javbus.com/NHDT-667
NWJK-029 真・奥さん乳揉みですよ！！ 北原夏美,NWJK-029 真・奥さん乳揉みですよ！！ 北原夏美,NWJK-029,2008-07-03,93分鐘,,タカラ映像,熟恋,真・奥さん乳揉みですよ！！,乳交、已婚婦女、數位馬賽克、巨乳、單體作品,北原夏美,https://www.javbus.com/NWJK-029
ANMD-013 中出しされた女教師 ～校内輪姦レイプ～ 北原夏美,ANMD-013 中出しされた女教師 ～校内輪姦レイプ～ 北原夏美,ANMD-013,2008-07-01,111分鐘,当麻竜也,ANIMALIJO,ANIMALIJO,中出しされた○○（ANIMALIJO）,成熟的女人、強姦、女教師、輪姦、中出、單體作品、DMM獨家,北原夏美,https://www.javbus.com/ANMD-013
NWF-140 ザーメン中出し凌辱女校長 北原夏美,NWF-140 ザーメン中出し凌辱女校長 北原夏美,NWF-140,2008-07-01,119分鐘,,ワンズファクトリー,WANZ,ザーメン中出し凌辱,強姦、女教師、凌辱、中出、單體作品,北原夏美,https://www.javbus.com/NWF-140
JUKD-874 愛欲の継母 北原夏美,JUKD-874 愛欲の継母 北原夏美,JUKD-874,2008-06-25,118分鐘,夢童子,マドンナ,Madonna,愛欲の継母,成熟的女人、乳交、數位馬賽克、巨乳、DMM獨家,多人,https://www.javbus.com/JUKD-874
JUSD-139 母さんとしたい！総集編4時間 3,JUSD-139 母さんとしたい！総集編4時間 3,JUSD-139,2008-06-25,239分鐘,,マドンナ,Madonna,母さんとしたい！,成熟的女人、母親、合集、數位馬賽克、女上位、DMM獨家,多人,https://www.javbus.com/JUSD-139
BML-009 巨乳熟女と競泳水着 2,BML-009 巨乳熟女と競泳水着 2,BML-009,2008-06-19,99分鐘,,グローリークエスト,BENTENM’SLABEL,巨乳熟女と競泳水着,成熟的女人、女優按摩棒、泳裝、巨乳、單體作品,北原夏美,https://www.javbus.com/BML-009
ALSP-011 近親相姦ベスト10人 背徳の愛に溺れた10人の美母達,ALSP-011 近親相姦ベスト10人 背徳の愛に溺れた10人の美母達,ALSP-011,2008-06-19,120分鐘,,タカラ映像,ALEDDIN,近親相姦ベスト,成熟的女人、合集、亂倫、多P、數位馬賽克,多人,https://www.javbus.com/ALSP-011
DDB-067 おチンポ・オフィス ～人事部性欲処理課～,DDB-067 おチンポ・オフィス ～人事部性欲処理課～,DDB-067,2008-06-19,126分鐘,ビーバップ・みのる,ドグマ,Dogma,,OL、乳交、女上位、巨乳、打手槍,多人,https://www.javbus.com/DDB-067
SMA-335 透けるエロスカートの義母さん 北原夏美,SMA-335 透けるエロスカートの義母さん 北原夏美,SMA-335,2008-06-13,119分鐘,,マルクス兄弟,MARXBrothersco.,透けるエロスカートの義母さん,成熟的女人、多P、中出、女上位、婆婆、單體作品,北原夏美,https://www.javbus.com/SMA-335
SKS-002 イッたばかりのチンポを強制連続発射！,SKS-002 イッたばかりのチンポを強制連続発射！,SKS-002,2008-06-13,121分鐘,,マルクス兄弟,MARXBrothersco.,,乳交、巨乳、打手槍,多人,https://www.javbus.com/SKS-002
MDYD-303 憧れの先生 北原夏美,MDYD-303 憧れの先生 北原夏美,MDYD-303,2008-06-13,119分鐘,TAKEZO,溜池ゴロー,溜池ゴロー,憧れの先生,成熟的女人、多P、數位馬賽克、女上位、巨乳、單體作品、DMM獨家,北原夏美,https://www.javbus.com/MDYD-303
BKD-27 母子交尾 【湯沢路】,BKD-27 母子交尾 【湯沢路】,BKD-27,2008-06-07,123分鐘,伊勢風太,ルビー,旅路,母子交尾,和服・喪服、成熟的女人、母親、亂倫、單體作品,北原夏美,https://www.javbus.com/BKD-27
JUKD-871 チン棒舐めまくり淫口熟女 6,JUKD-871 チン棒舐めまくり淫口熟女 6,JUKD-871,2008-06-07,89分鐘,芳賀栄太郎,マドンナ,Madonna,チン棒舐めまくり淫口熟女,成熟的女人、口交、已婚婦女、數位馬賽克、DMM獨家、打手槍,多人,https://www.javbus.com/JUKD-871
SPRD-186 息子に揉まれるから母 北原夏美,SPRD-186 息子に揉まれるから母 北原夏美,SPRD-186,2008-06-05,119分鐘,大村大,タカラ映像,ALEDDIN,息子に揉まれ○○,成熟的女人、乳交、亂倫、數位馬賽克、單體作品,北原夏美,https://www.javbus.com/SPRD-186
ESB-001 禁断熟母 北原夏美 39歳,ESB-001 禁断熟母 北原夏美 39歳,ESB-001,2008-06-03,119分鐘,,プレステージ,アンサンブル,禁断熟母,成熟的女人、乳交、亂倫、女上位、單體作品,北原夏美,https://www.javbus.com/ESB-001
SBJD-026 夜這い！美熟母の悦楽 北原夏美 栗林麗子,SBJD-026 夜這い！美熟母の悦楽 北原夏美 栗林麗子,SBJD-026,2008-05-25,119分鐘,ネガティブ木村,サイドビー,熟女の細道,夜這い！,成熟的女人、亂倫、69、女上位,多人,https://www.javbus.com/SBJD-026
CCX-035 快楽は我慢できない！！ あ～禁断の母姦・娘姦 北原夏美 椎名りく,CCX-035 快楽は我慢できない！！ あ～禁断の母姦・娘姦 北原夏美 椎名りく,CCX-035,2008-05-25,88分鐘,,FAプロ・プラチナ,プラチナ,,舔陰、戲劇、巨乳、水手服,多人,https://www.javbus.com/CCX-035
JUKD-854 家政婦奴隷 北原夏美,JUKD-854 家政婦奴隷 北原夏美,JUKD-854,2008-05-25,118分鐘,ヒフミタツヲ,マドンナ,Madonna,家政婦奴隷,成熟的女人、放尿、多P、數位馬賽克、拘束、單體作品、DMM獨家,北原夏美,https://www.javbus.com/JUKD-854
JUKD-858 好きモン奥さんの汁だく交尾,JUKD-858 好きモン奥さんの汁だく交尾,JUKD-858,2008-05-25,180分鐘,ジャンク斎藤,マドンナ,Madonna,,成熟的女人、紧缚、數位馬賽克、女上位、手指插入、DMM獨家,多人,https://www.javbus.com/JUKD-858
YEED-017 近親相姦中出し白書 北原夏美,YEED-017 近親相姦中出し白書 北原夏美,YEED-017,2008-05-13,92分鐘,,YellowDuck,白夜（イエローダック）,近親相姦中出し白書,乳交、亂倫、中出、女上位、單體作品,北原夏美,https://www.javbus.com/YEED-017
SHIN-018 オナニーを我慢できない人妻大尻 [自慰惑溺],SHIN-018 オナニーを我慢できない人妻大尻 [自慰惑溺],SHIN-018,2008-05-02,102分鐘,,AFRO-FILM,SHINOBI,,其他戀物癖、已婚婦女、屁股、自慰,多人,https://www.javbus.com/SHIN-018
CHERD-023 熟女童貞狩り 北原夏美,CHERD-023 熟女童貞狩り 北原夏美,CHERD-023,2008-05-01,106分鐘,,センタービレッジ,花園（センタービレッジ）,熟女童貞狩り,成熟的女人、女上位、巨乳、單體作品,北原夏美,https://www.javbus.com/CHERD-023
JUKD-832 彼女の母親 北原夏美,JUKD-832 彼女の母親 北原夏美,JUKD-832,2008-04-25,119分鐘,芳賀栄太郎,マドンナ,Madonna,彼女の母親,成熟的女人、多P、數位馬賽克、女上位、DVD多士爐、巨乳、單體作品、DMM獨家,北原夏美,https://www.javbus.com/JUKD-832
SBJD-023 完全主観 スケスケ誘惑熟女 北原夏美＆ゆかり,SBJD-023 完全主観 スケスケ誘惑熟女 北原夏美＆ゆかり,SBJD-023,2008-04-25,91分鐘,,サイドビー,熟女の細道,,成熟的女人、乳交、其他戀物癖、巨乳、單體作品,北原夏美,https://www.javbus.com/SBJD-023
SPRD-170 友達の母親を、友達の目の前で、犯しまくった少年達。 北原夏美,SPRD-170 友達の母親を、友達の目の前で、犯しまくった少年達。 北原夏美,SPRD-170,2008-04-17,105分鐘,大村大,タカラ映像,ALEDDIN,友達の母親を、友達の目の前で、犯しまくった,成熟的女人、強姦、數位馬賽克、單體作品,北原夏美,https://www.javbus.com/SPRD-170
JKSP-012 超本格美熟女近親愛蔵盤 息子と済ませた母親達,JKSP-012 超本格美熟女近親愛蔵盤 息子と済ませた母親達,JKSP-012,2008-04-03,120分鐘,,タカラ映像,熟恋,超本格エロ絵巻（タカラ映像）,成熟的女人、乳交、合集、亂倫,多人,https://www.javbus.com/JKSP-012
EOK-001 僕の母さんがドスケベでしょうがないんです 北原夏美,EOK-001 僕の母さんがドスケベでしょうがないんです 北原夏美,EOK-001,2008-04-01,120分鐘,D.SUZUKI,AVScollector’s,IOCASTE,ドスケベでしょうがないんです,成熟的女人、母親、乳交、女上位、單體作品、DMM獨家,北原夏美,https://www.javbus.com/EOK-001
JUKD-812 義母の疼き 北原夏美,JUKD-812 義母の疼き 北原夏美,JUKD-812,2008-03-25,118分鐘,極ノ介,マドンナ,Madonna,義母の疼き,成熟的女人、數位馬賽克、女上位、DVD多士爐、婆婆、巨乳、單體作品、DMM獨家,北原夏美,https://www.javbus.com/JUKD-812
TOD-203 義母さんが教えてあげる,TOD-203 義母さんが教えてあげる,TOD-203,2008-03-14,89分鐘,,東京音光,東京音光,義母さんが教えてあげる,強姦、舔陰、手指插入、婆婆,多人,https://www.javbus.com/TOD-203
GCRD-020 熟亀頭責め 熟練淫技の熟女五名,GCRD-020 熟亀頭責め 熟練淫技の熟女五名,GCRD-020,2008-03-08,94分鐘,,ラハイナ東海,CROWN,熟亀頭責め,成熟的女人、其他戀物癖、打手槍,多人,https://www.javbus.com/GCRD-020
GMED-027 黒人巨大マラ VS 花屋の巨乳ママ 北原夏美,GMED-027 黒人巨大マラ VS 花屋の巨乳ママ 北原夏美,GMED-027,2008-03-05,120分鐘,,グローバルメディアエンタテインメント,Global,黒人巨大マラVS,成熟的女人、強姦、高畫質、巨乳、單體作品、黑人演員,北原夏美,https://www.javbus.com/GMED-027
AWE-021 マザコンマニアのツボ ママとの秘事 北原夏美,AWE-021 マザコンマニアのツボ ママとの秘事 北原夏美,AWE-021,2008-03-01,132分鐘,菊池28号,AVScollector’s,WEAGLE,ママとの秘事,母親、乳交、女上位、巨乳、單體作品、DMM獨家,北原夏美,https://www.javbus.com/AWE-021
DSE-242 僕を溺愛するママ 北原夏美,DSE-242 僕を溺愛するママ 北原夏美,DSE-242,2008-02-25,89分鐘,,ドリームステージ,熟女絵巻,,母親、亂倫、裸體圍裙,多人,https://www.javbus.com/DSE-242
JUKD-794 ほろ酔いお姉さんが犯してあげる2 巨乳ランパブ美嬢編,JUKD-794 ほろ酔いお姉さんが犯してあげる2 巨乳ランパブ美嬢編,JUKD-794,2008-02-25,118分鐘,島袋浩,マドンナ,Madonna,ほろ酔いお姉さんが犯してあげる,濫交、乳交、姐姐、數位馬賽克、DVD多士爐、巨乳、DMM獨家,多人,https://www.javbus.com/JUKD-794
JUKD-775 母さんとしたい！ 北原夏美,JUKD-775 母さんとしたい！ 北原夏美,JUKD-775,2008-02-07,118分鐘,芳賀栄太郎,マドンナ,Madonna,母さんとしたい！,成熟的女人、母親、亂倫、數位馬賽克、DVD多士爐、巨乳、單體作品、DMM獨家,北原夏美,https://www.javbus.com/JUKD-775
WTK-073 Age40 北原夏美 人妻 おっぱいアロマトリートメント,WTK-073 Age40 北原夏美 人妻 おっぱいアロマトリートメント,WTK-073,2008-02-07,108分鐘,開高麹,WOMAN,Woman,Age○○,成熟的女人、女上位、手指插入、巨乳、單體作品,北原夏美,https://www.javbus.com/WTK-073
NWJK-009 熟女、家出させていただきます。 北原夏美,NWJK-009 熟女、家出させていただきます。 北原夏美,NWJK-009,2008-02-07,79分鐘,,タカラ映像,熟恋,熟女、家出させていただきます。,成熟的女人、已婚婦女、69、數位馬賽克、巨乳、單體作品,北原夏美,https://www.javbus.com/NWJK-009
TNSPD-086 中出し手ほどき 母子姦通 北原夏美,TNSPD-086 中出し手ほどき 母子姦通 北原夏美,TNSPD-086,2008-01-31,98分鐘,,センタービレッジ,東南西北,中出し手ほどき,成熟的女人、母親、亂倫、中出、單體作品,北原夏美,https://www.javbus.com/TNSPD-086
DJNJ-031 レズ レイプ 3 ～女子校生ガ熟女ヲ犯ス～,DJNJ-031 レズ レイプ 3 ～女子校生ガ熟女ヲ犯ス～,DJNJ-031,2008-01-25,85分鐘,徳大寺大輔,ジャネス,ladies,レズレイプ,成熟的女人、女同性戀、強姦、亂倫、高中女生,多人,https://www.javbus.com/DJNJ-031
JUKD-772 昼下がりのふしだら奥さん,JUKD-772 昼下がりのふしだら奥さん,JUKD-772,2008-01-25,88分鐘,芳賀栄太郎,マドンナ,Madonna,昼下がりのふしだら奥さん,成熟的女人、已婚婦女、數位馬賽克、女上位、DMM獨家,多人,https://www.javbus.com/JUKD-772
DJNJ-029 若妻たちのレズ羞恥旅行 2,DJNJ-029 若妻たちのレズ羞恥旅行 2,DJNJ-029,2008-01-25,119分鐘,BORDERZ,ジャネス,ladies,若妻たちのレズ羞恥旅行,和服・喪服、女同性戀、69、新娘、年輕妻子、羞恥,多人,https://www.javbus.com/DJNJ-029
CCAA-001 母さんのひざまくら 北原夏美,CCAA-001 母さんのひざまくら 北原夏美,CCAA-001,2008-01-24,80分鐘,,センタービレッジ,花園（センタービレッジ）,母さんのひざまくら,成熟的女人、母親、乳交、亂倫、單體作品,北原夏美,https://www.javbus.com/CCAA-001
NADE-203 僕の母は女社長 北原夏美,NADE-203 僕の母は女社長 北原夏美,NADE-203,2008-01-18,104分鐘,亀蔵,なでしこ,Nadeshiko,僕の母は○○,成熟的女人、婆婆、巨乳、單體作品,北原夏美,https://www.javbus.com/NADE-203
SKSTD-088 近親相姦母子熱愛 北原夏美,SKSTD-088 近親相姦母子熱愛 北原夏美,SKSTD-088,2008-01-17,97分鐘,,センタービレッジ,春夏秋冬（センタービレッジ）,近親相姦母子熱愛,成熟的女人、母親、亂倫、中出、單體作品,北原夏美,https://www.javbus.com/SKSTD-088
SREN-005 お母さんと… 北原夏美（40歳）,SREN-005 お母さんと… 北原夏美（40歳）,SREN-005,2008-01-17,120分鐘,衣笠保,タカラ映像,翠蓮,お母さんと…,成熟的女人、母親、亂倫、數位馬賽克、女上位、巨乳、單體作品,北原夏美,https://www.javbus.com/SREN-005
SLX-032 近親レズ 1 義母を犯す娘,SLX-032 近親レズ 1 義母を犯す娘,SLX-032,2007-12-19,90分鐘,聖夜,スタイルアート/妄想族,スタイルアート/妄想族,近親レズ,女同性戀、亂倫、纪录片、婆婆、DMM獨家,多人,https://www.javbus.com/SLX-032
TDJM-009 乳首で感じてシゴかれちゃう僕,TDJM-009 乳首で感じてシゴかれちゃう僕,TDJM-009,2007-12-07,101分鐘,,虎堂,熟丸,,成熟的女人、口交、多P、打手槍,多人,https://www.javbus.com/TDJM-009
AVGP-019 近親相姦母子スワップ 僕の母親を抱かせてやるから、キミの母さんをヤらせてくれ。,AVGP-019 近親相姦母子スワップ 僕の母親を抱かせてやるから、キミの母さんをヤらせてくれ。,AVGP-019,2007-12-01,117分鐘,大村大,タカラ映像,AVGP2008,近親相姦母子スワップ,成熟的女人、亂倫、巨乳,多人,https://www.javbus.com/AVGP-019
SPL-011 熟々エロボイン 北原夏美,SPL-011 熟々エロボイン 北原夏美,SPL-011,2007-11-01,129分鐘,深野晴海,AVScollector’s,SPLASH（AVS）,,成熟的女人、乳交、戀乳癖、女上位、巨乳、單體作品、DMM獨家,北原夏美,https://www.javbus.com/SPL-011
CENT-008 北原夏美マニア,CENT-008 北原夏美マニア,CENT-008,2007-10-11,84分鐘,,センタービレッジ,センビレマニア,○○マニア（センタービレッジ）,成熟的女人、口交、舔陰、巨乳、單體作品,北原夏美,https://www.javbus.com/CENT-008
HM-025 中出しソープ 麗しの熟女湯屋 北原夏美,HM-025 中出しソープ 麗しの熟女湯屋 北原夏美,HM-025,2007-10-10,118分鐘,,グローバルメディアエンタテインメント,HAMAM,中出しソープ,成熟的女人、妓女、中出、巨乳、單體作品,北原夏美,https://www.javbus.com/HM-025
DRS-007 近親相姦 正妻巨乳母の息子への異常愛、サディスティックな愛人、禁断性欲の館,DRS-007 近親相姦 正妻巨乳母の息子への異常愛、サディスティックな愛人、禁断性欲の館,DRS-007,2007-06-07,115分鐘,,グローリークエスト,DangerousRelations,近親相姦（グローリークエスト）,女同性戀、母親、亂倫、巨乳,多人,https://www.javbus.com/DRS-007
SMD-006 熟女マ○コ中出し集 中出しマニア垂涎！局部映像満載コレクション,SMD-006 熟女マ○コ中出し集 中出しマニア垂涎！局部映像満載コレクション,SMD-006,2007-05-25,119分鐘,,グローバルメディアエンタテインメント,SUPERMIX,,成熟的女人、合集、白人、數位馬賽克、中出、女上位,多人,https://www.javbus.com/SMD-006
SEED-014 美巨乳熟女BEST4時間 VOL.3,SEED-014 美巨乳熟女BEST4時間 VOL.3,SEED-014,2006-12-18,240分鐘,,YellowDuck,幻影,美巨乳熟女BEST4時間,成熟的女人、合集、戀乳癖、巨乳,多人,https://www.javbus.com/SEED-014
SRD-01 スキー場でウェアを着たままSEX＆ぶっかけ！,SRD-01 スキー場でウェアを着たままSEX＆ぶっかけ！,SRD-01,2003-09-05,124分鐘,高橋宏彰,ルビー,RUBYSPORT,,成熟的女人、中出、單體作品、顏射、打手槍,北原夏美,https://www.javbus.com/SRD-01
NWJK-001 近親相姦 初めて息子と… 北原夏美,NWJK-001 近親相姦 初めて息子と… 北原夏美,NWJK-001,0000-00-00,78分鐘,,タカラ映像,熟恋,超本格エロ絵巻（タカラ映像）,成熟的女人、亂倫、數位馬賽克、巨乳、單體作品,北原夏美,https://www.javbus.com/NWJK-001
ETC-001 悪ADのAV現場盗撮録,ETC-001 悪ADのAV現場盗撮録,ETC-001,0000-00-00,152分鐘,,グローリークエスト,Etcetera,,69、偷窥、乳房、巨乳,多人,https://www.javbus.com/ETC-001
DEED-002 人妻中出し 北原夏美,DEED-002 人妻中出し 北原夏美,DEED-002,0000-00-00,120分鐘,,YellowDuck,幻影,人妻中出し（YellowDuck）,潮吹、已婚婦女、中出、手指插入、巨乳、單體作品,北原夏美,https://www.javbus.com/DEED-002
TASP-001 北原夏美でござひます。,TASP-001 北原夏美でござひます。,TASP-001,0000-00-00,119分鐘,,タカラ映像,DMM10周年,,成熟的女人、乳交、合集、多P、DVD多士爐、巨乳、單體作品,北原夏美,https://www.javbus.com/TASP-001
KMI-017 完熟Cream 北原夏美,KMI-017 完熟Cream 北原夏美,KMI-017,0000-00-00,136分鐘,狂一,ミル,ミル,完熟Cream,成熟的女人、連褲襪、緊身衣、女上位、單體作品、DMM獨家、水手服,北原夏美,https://www.javbus.com/KMI-017
ICD-031 近親相姦 邪淫の巨乳母 北原夏美,ICD-031 近親相姦 邪淫の巨乳母 北原夏美,ICD-031,0000-00-00,116分鐘,,グローリークエスト,INCEST,近親相姦（グローリークエスト）,母親、乳交、亂倫、巨乳、單體作品,北原夏美,https://www.javbus.com/ICD-031
MMV-134 ばついち 15 一人身は寂しいんです,MMV-134 ばついち 15 一人身は寂しいんです,MMV-134,0000-00-00,129分鐘,ジャンク斎藤,クリスタル映像,MADAMMANIAC,ばついち,成熟的女人、女上位、手指插入,多人,https://www.javbus.com/MMV-134
PAKE-001 センタービレッジ近親相姦ザ・ベスト30,PAKE-001 センタービレッジ近親相姦ザ・ベスト30,PAKE-001,0000-00-00,121分鐘,,センタービレッジ,DMM10周年,,成熟的女人、合集、亂倫、中出、DVD多士爐、婆婆,多人,https://www.javbus.com/PAKE-001
GESD-038 気になる隣りのデカ乳奥さん 2 北原夏美,GESD-038 気になる隣りのデカ乳奥さん 2 北原夏美,GESD-038,0000-00-00,100分鐘,プレジャー後藤,現映社,ぴあす,気になる隣りのデカ乳奥さん,乳交、已婚婦女、巨乳、單體作品,北原夏美,https://www.javbus.com/GESD-038
RNADE-222 快楽逢引夫人,RNADE-222 快楽逢引夫人,RNADE-222,0000-00-00,119分鐘,,なでしこ,Nadeshiko,,成熟的女人、已婚婦女、中出、女上位,多人,https://www.javbus.com/RNADE-222
MMV-130 人妻デリバリー 9,MMV-130 人妻デリバリー 9,MMV-130,0000-00-00,119分鐘,,クリスタル映像,MADAMMANIAC,人妻デリバリー,已婚婦女、多P、女上位,多人,https://www.javbus.com/MMV-130
