标题,名称,識別碼,原始番号,發行日期,長度,導演,製作商,發行商,系列,類別,演員,详情页,详情简介
FTID-035 舌体舐極べろちゅぱ手コキ！！ 波多野結衣,FTID-035 舌体舐極べろちゅぱ手コキ！！ 波多野結衣,FTID-035,,2026-09-16,21分鐘,,フェッチード,フェッチード,舌体舐極べろちゅぱ手コキ！！,其他戀物癖、淫語、主觀視角、高畫質、キス・接吻、單體作品、DMM獨家、打手槍,波多野結衣,https://www.javbus.com/FTID-035,
HTTM-070 「夫が帰ってくる前に…」性欲が強そうな隣人男性を自宅へ招き入れ、限られた時間で禁断の関係を重ねる人妻 波多野結衣,HTTM-070 「夫が帰ってくる前に…」性欲が強そうな隣人男性を自宅へ招き入れ、限られた時間で禁断の関係を重ねる人妻 波多野結衣,HTTM-070,,2026-09-10,46分鐘,,マキシング,人妻味,,玩具、已婚婦女、通姦、中出、高畫質、出軌、巨尻、キス・接吻、巨乳、單體作品,波多野結衣,https://www.javbus.com/HTTM-070,
NNOD-002 退職するなんて言わないで… 会社を辞めたい部下を引き止め。痴女上司の個別逆レ●プ勧奨 波多野結衣,NNOD-002 退職するなんて言わないで… 会社を辞めたい部下を引き止め。痴女上司の個別逆レ●プ勧奨 波多野結衣,NNOD-002,,2026-09-04,134分鐘,,JET映像,別館,,蕩婦、高畫質、出軌、女上司、單體作品、DMM獨家,波多野結衣,https://www.javbus.com/NNOD-002,
SAN-484 裸族の家庭 姉編 波多野結衣,SAN-484 裸族の家庭 姉編 波多野結衣,SAN-484,,2026-08-31,121分鐘,春花幸男,マザー,マザー（マザー）,裸族の家庭,亂倫、裸體圍裙、高畫質、堵嘴·喜劇、幻想、巨乳、單體作品,波多野結衣,https://www.javbus.com/SAN-484,
SAVR-1194 【VR】チ〇ポとココロを強引に掌握しようとするヒステリック義母の過保護で歪（いびつ）な愛情表現。 波多野結衣,SAVR-1194 【VR】チ〇ポとココロを強引に掌握しようとするヒステリック義母の過保護で歪（いびつ）な愛情表現。 波多野結衣,SAVR-1194,,2026-08-30,75分鐘,青空射精ティーチャー,KMPVR-彩-,KMPVR-彩-,,蕩婦、母親、M男、巨尻、VR専用、巨乳、ハイクオリティVR、單體作品、DMM獨家、8KVR,波多野結衣,https://www.javbus.com/SAVR-1194,
BGG-010 ペイント洗脳 波多野結衣,BGG-010 ペイント洗脳 波多野結衣,BGG-010,,2026-08-22,147分鐘,あばしり一姦,バミューダ/妄想族,ゴールドバグ（バミューダ/妄想族）,ペイント覚醒,其他戀物癖、高畫質、巨尻、巨乳、單體作品、妄想族、DMM獨家、自慰,波多野結衣,https://www.javbus.com/BGG-010,
SAVR-1166 【VR】快楽死執行人 安楽死ならぬ’快楽死’が合法化された世界 爆乳×爆尻で窒息させ、射精の快楽とともに死に葬る人生最後にして最高の選択肢 波多野結衣,SAVR-1166 【VR】快楽死執行人 安楽死ならぬ’快楽死’が合法化された世界 爆乳×爆尻で窒息させ、射精の快楽とともに死に葬る人生最後にして最高の選択肢 波多野結衣,SAVR-1166,,2026-08-17,72分鐘,味噌煮KOMI,KMPVR-彩-,KMPVR-彩-,快楽死執行人,蕩婦、中出、主觀視角、巨尻、VR専用、巨乳、ハイクオリティVR、單體作品、DMM獨家、8KVR,波多野結衣,https://www.javbus.com/SAVR-1166,
SORA-646 【失禁地獄宴会ゲーム】地元女性議員が飲み会で何度もお漏らし…興奮した低能チ●ポに朝まで犯●れイキ狂う 波多野結衣,SORA-646 【失禁地獄宴会ゲーム】地元女性議員が飲み会で何度もお漏らし…興奮した低能チ●ポに朝まで犯●れイキ狂う 波多野結衣,SORA-646,,2026-08-15,76分鐘,,山と空/妄想族,山と空ショート,,潮吹、多P、羞恥、高畫質、按摩棒、女上司、單體作品、妄想族、4K、DMM獨家,波多野結衣,https://www.javbus.com/SORA-646,
ERDX-004 美熟女SELECTION 波多野結衣 4時間BEST,ERDX-004 美熟女SELECTION 波多野結衣 4時間BEST,ERDX-004,,2026-08-15,240分鐘,次男坊,えろだるま/エマニエル,,美熟女SELECTION,已婚婦女、4小時以上作品、高畫質、出軌、女優ベスト・総集編、單體作品、エマニエル、DMM獨家,波多野結衣,https://www.javbus.com/ERDX-004,
PRED-884 オナ禁チ○ポをノーブラノーパン挑発でからかってみたらヤリマン姉も痙攣するほどイカされまくり！性欲モンスターだったんです、新弟は！ 波多野結衣,PRED-884 オナ禁チ○ポをノーブラノーパン挑発でからかってみたらヤリマン姉も痙攣するほどイカされまくり！性欲モンスターだったんです、新弟は！ 波多野結衣,PRED-884,,2026-08-14,125分鐘,ヒモパン・オブ・ジョイトイ,プレミアム,エレガンス,,姐妹、中出、高畫質、巨乳、アクメ・オーガズム、ノーブラ、單體作品、DMM獨家,波多野結衣,https://www.javbus.com/PRED-884,
NKKVR-194 【VR】【8K超肉感特化】夏休み最後の日に同居する爆乳のムッチリした発情期の叔母に何度も襲われた…全身ビショビチョ汗だくSEX 波多野結衣,NKKVR-194 【VR】【8K超肉感特化】夏休み最後の日に同居する爆乳のムッチリした発情期の叔母に何度も襲われた…全身ビショビチョ汗だくSEX 波多野結衣,NKKVR-194,,2026-08-13,65分鐘,,肉きゅんパラダイスVR,極グループ,発情した爆乳のむっちり叔母,蕩婦、亂倫、淫語、乳液、中出、女上位、VR専用、巨乳、ハイクオリティVR、單體作品、DMM獨家、8KVR,波多野結衣,https://www.javbus.com/NKKVR-194,
AVSA-448 女王蜂 快楽の女帝、結衣女王様が悪魔の微笑みと肉感ボディでM男メスイキ堕ち 波多野結衣,AVSA-448 女王蜂 快楽の女帝、結衣女王様が悪魔の微笑みと肉感ボディでM男メスイキ堕ち 波多野結衣,AVSA-448,,2026-08-08,124分鐘,まりあんぬ,AVS collector’s,AVSCollector’s,女王蜂,蕩婦、SM、高畫質、M男、女王様、單體作品、4K、DMM獨家,波多野結衣,https://www.javbus.com/AVSA-448,
NNOD-001 美人教師の鬼焦らし寸止め補習で幾度も幾度もビュルビュルお漏らし射精させられる生徒達 ルーインドオーガズムで弄ぶ痴女教師 波多野結衣,NNOD-001 美人教師の鬼焦らし寸止め補習で幾度も幾度もビュルビュルお漏らし射精させられる生徒達 ルーインドオーガズムで弄ぶ痴女教師 波多野結衣,NNOD-001,,2026-08-07,130分鐘,,JET映像,別館,,蕩婦、女教師、多P、高畫質、巨乳、單體作品、DMM獨家,波多野結衣,https://www.javbus.com/NNOD-001,
IENEE-81502 デリヘルで呼んだ娘が、敏感すぎて潮吹いて僕の部屋をビショビショにするので怒ったらヤラせてくれたけど、感じまくりまさかの連続イキ！更にハメ潮吹きまくって困った！ 波多野結衣,IENEE-81502 デリヘルで呼んだ娘が、敏感すぎて潮吹いて僕の部屋をビショビショにするので怒ったらヤラせてくれたけど、感じまくりまさかの連続イキ！更にハメ潮吹きまくって困った！ 波多野結衣,IENEE-81502,,2026-08-05,51分鐘,,アイエナエステ,IENEE,デリヘルで呼んだ娘が敏感すぎて,企畫、潮吹、妓女、高畫質、單體作品,波多野結衣,https://www.javbus.com/IENEE-81502,
CLOT-041 魅惑の黒パンスト女上司 波多野結衣,CLOT-041 魅惑の黒パンスト女上司 波多野結衣,CLOT-041,,2026-08-05,126分鐘,NAGARE,プラネットプラス,クローズ,魅惑の黒パンスト女上司,連褲襪、戀腿癖、乳房、足交、高畫質、女上司、單體作品、4K,波多野結衣,https://www.javbus.com/CLOT-041,
JJDA-077 人妻看護師 背徳の院内不倫 溜まりまくった入院患者の性処理を… 波多野結衣,JJDA-077 人妻看護師 背徳の院内不倫 溜まりまくった入院患者の性処理を… 波多野結衣,JJDA-077,,2026-07-31,118分鐘,,熟女大学/熟女卍,卍GROUP,,护士、已婚婦女、通姦、中出、高畫質、巨乳、單體作品、DMM獨家,波多野結衣,https://www.javbus.com/JJDA-077,
CEMD-869 もしも人気AV女優と同棲したら 波多野結衣,CEMD-869 もしも人気AV女優と同棲したら 波多野結衣,CEMD-869,,2026-07-25,134分鐘,ケンタブリトニー,セレブの友,,,成熟的女人、情侶、中出、高畫質、巨乳、花嫁、單體作品、4K、DMM獨家,波多野結衣,https://www.javbus.com/CEMD-869,
MIBB-083 ドスケベセレブのイキ狂い着衣SEX！ボリューム満点デカ乳デカ尻の驚異的ボディー！ 波多野結衣,MIBB-083 ドスケベセレブのイキ狂い着衣SEX！ボリューム満点デカ乳デカ尻の驚異的ボディー！ 波多野結衣,MIBB-083,,2026-07-18,112分鐘,guess,ミル,,,蕩婦、身體意識、屁股、戀腿癖、高畫質、巨乳、單體作品、DMM獨家,波多野結衣,https://www.javbus.com/MIBB-083,
CRNX-342 【4K】嫁の留守中に義姉と連続絶頂SEX 波多野結衣,CRNX-342 【4K】嫁の留守中に義姉と連続絶頂SEX 波多野結衣,CRNX-342,,2026-07-18,40分鐘,,クリスタル映像,CRYSTAL NEXT,嫁の留守中に…,蕩婦、放尿、口交、無毛、舔陰、中出、女上位、高畫質、顏面騎乘、巨乳、バック、單體作品、4K、DMM獨家,波多野結衣,https://www.javbus.com/CRNX-342,
KAM-279 下宿先の人妻 波多野結衣,KAM-279 下宿先の人妻 波多野結衣,KAM-279,,2026-07-17,121分鐘,,カルマ,卍GROUP,,胖女人、已婚婦女、纪录片、中出、高畫質、巨乳、單體作品、DMM獨家,波多野結衣,https://www.javbus.com/KAM-279,
MXGS-1437 娘の彼氏が私の子宮を刺激し続けてくるんです。夫と娘に秘密のプレイ 波多野結衣,MXGS-1437 娘の彼氏が私の子宮を刺激し続けてくるんです。夫と娘に秘密のプレイ 波多野結衣,MXGS-1437,,2026-07-16,125分鐘,,MAXING,MAXING,,苗條、多P、中出、出軌、キス・接吻、巨乳、單體作品、オモチャ,波多野結衣,https://www.javbus.com/MXGS-1437,
GVH-859 高慢なムチムチボディはデカチンで制裁！お色気パワハラ演出家をデカ尻バウンドピストンで分からせたお噺。 波多野結衣,GVH-859 高慢なムチムチボディはデカチンで制裁！お色気パワハラ演出家をデカ尻バウンドピストンで分からせたお噺。 波多野結衣,GVH-859,,2026-07-11,124分鐘,ひょん,グローリークエスト,GLORY QUEST,,各種職業、屁股、高畫質、デカチン・巨根、巨尻、巨乳、單體作品、DMM獨家,波多野結衣,https://www.javbus.com/GVH-859,
GMDMS-006 ゆい ママチャリ人妻の貪欲ママ活SEX 波多野結衣,GMDMS-006 ゆい ママチャリ人妻の貪欲ママ活SEX 波多野結衣,GMDMS-006,,2026-07-10,70分鐘,,ギャラリー,ギャラリー,ママチャリ人妻の貪欲ママ活SEX,業餘、已婚婦女、中出、高畫質、巨尻、巨乳、單體作品、4K,波多野結衣,https://www.javbus.com/GMDMS-006,
NGOD-347 夫の上司に家庭教師をやらされて…上司とご子息の2本の極太巨根で孕まされた妻 波多野結衣,NGOD-347 夫の上司に家庭教師をやらされて…上司とご子息の2本の極太巨根で孕まされた妻 波多野結衣,NGOD-347,,2026-07-10,136分鐘,,JET映像,卍GROUP,,已婚婦女、多P、高畫質、出軌、デカチン・巨根、巨乳、單體作品、DMM獨家,波多野結衣,https://www.javbus.com/NGOD-347,
SAN-472 出演作品数歴代No.1の現役レジェンド女優 波多野結衣265分,SAN-472 出演作品数歴代No.1の現役レジェンド女優 波多野結衣265分,SAN-472,,2026-06-30,267分鐘,,マザー,マザー（マザー）,,合集、已婚婦女、中出、4小時以上作品、高畫質、出軌、女優ベスト・総集編、單體作品,波多野結衣,https://www.javbus.com/SAN-472,
3DSVR-2000 【VR】【8K】「私、おばさんだけど…その気になっちゃったの？」デカパイおばさんが、お風呂で甥っ子とはち合わせ。慌てて出ようとしたらカギが壊れて閉じ込められてしまい…波多野結衣,3DSVR-2000 【VR】【8K】「私、おばさんだけど…その気になっちゃったの？」デカパイおばさんが、お風呂で甥っ子とはち合わせ。慌てて出ようとしたらカギが壊れて閉じ込められてしまい…波多野結衣,3DSVR-2000,,2026-06-29,78分鐘,濡れた子犬,SODクリエイト,SODVR,,已婚婦女、中出、VR専用、巨乳、ハイクオリティVR、お風呂、叔母さん、單體作品、8KVR,波多野結衣,https://www.javbus.com/3DSVR-2000,
OFES-049 俺が退室したと勘違いした地味なラブホ清掃員のパツンパツンデカパイがエロすぎて…乳ワイパー性交で延長中出ししまくった。 波多野結衣,OFES-049 俺が退室したと勘違いした地味なラブホ清掃員のパツンパツンデカパイがエロすぎて…乳ワイパー性交で延長中出ししまくった。 波多野結衣,OFES-049,,2026-06-26,120分鐘,五右衛門,プレミアム,おっぱい祭り,,乳交、戀乳癖、中出、高畫質、巨乳、ホテル、單體作品、DMM獨家,波多野結衣,https://www.javbus.com/OFES-049,
SBGVR-005 【VR】【8K】妊娠中の嫁の母に浮気がバレて…淫語責めされ金玉がカラになるまで射精管理された俺。 波多野結衣,SBGVR-005 【VR】【8K】妊娠中の嫁の母に浮気がバレて…淫語責めされ金玉がカラになるまで射精管理された俺。 波多野結衣,SBGVR-005,,2026-06-26,72分鐘,,さぼてんVR,さぼてんVR,8KVR【嫁の母に浮気がバレて射精管理】,淫語、通姦、中出、婆婆、VR専用、巨乳、ハイクオリティVR、單體作品、8KVR,波多野結衣,https://www.javbus.com/SBGVR-005,
HTTM-0057 レンタル人妻を頼んだらド変態美女が来て僕の精子を搾り取られてしまいました。 波多野結衣,HTTM-0057 レンタル人妻を頼んだらド変態美女が来て僕の精子を搾り取られてしまいました。 波多野結衣,HTTM-0057,,2026-06-25,50分鐘,,人妻味,人妻味,レンタル人妻,苗條、已婚婦女、屁股、姐姐、通姦、中出、出軌、巨乳、單體作品、配信専用,波多野結衣,https://www.javbus.com/HTTM-0057,
GSUMK-003 サチ 睡眠姦 波多野結衣,GSUMK-003 サチ 睡眠姦 波多野結衣,GSUMK-003,,2026-06-09,57分鐘,,ギャラリー,ギャラリー,睡眠姦（ギャラリー）,業餘、放尿、藥物、中出、高畫質、巨乳、單體作品、4K,波多野結衣,https://www.javbus.com/GSUMK-003,
BONU-046 M男にお尻を出して大量おしっこ飲ませる顔騎奥さん 波多野結衣,BONU-046 M男にお尻を出して大量おしっこ飲ませる顔騎奥さん 波多野結衣,BONU-046,,2026-06-05,120分鐘,ラッシャーみよし,煩悩組/妄想族,,,舔陰、高畫質、顏面騎乘、M男、巨尻、巨乳、單體作品、妄想族、DMM獨家,波多野結衣,https://www.javbus.com/BONU-046,
CEMD-851 ノーブラ熟巨乳ムチムチおっぱいデート～酒飲み●っぱらい編 波多野結衣,CEMD-851 ノーブラ熟巨乳ムチムチおっぱいデート～酒飲み●っぱらい編 波多野結衣,CEMD-851,,2026-06-05,179分鐘,,セレブの友,,デート・シリーズ,野外・露出、無毛、羞恥、中出、高畫質、巨乳、單體作品、4K、DMM獨家,波多野結衣,https://www.javbus.com/CEMD-851,
NGOD-343 あの巨根支配からの卒業ー。生徒にデカチン支配された女教師妻がようやく迎えた卒業式の日… 波多野結衣,NGOD-343 あの巨根支配からの卒業ー。生徒にデカチン支配された女教師妻がようやく迎えた卒業式の日… 波多野結衣,NGOD-343,,2026-06-04,124分鐘,,JET映像,卍GROUP,,女教師、已婚婦女、高畫質、出軌、デカチン・巨根、巨乳、單體作品、DMM獨家,波多野結衣,https://www.javbus.com/NGOD-343,
NACT-138 波多野結衣が個人撮影会で客にハメられる ～媚薬マッサージから触手プレイでアヘ顔連発～,NACT-138 波多野結衣が個人撮影会で客にハメられる ～媚薬マッサージから触手プレイでアヘ顔連発～,NACT-138,,2026-06-04,121分鐘,NAGARE,プラネットプラス,七狗留,,角色扮演、模特兒、深喉、高畫質、戲劇、巨乳、單體作品、4K,波多野結衣,https://www.javbus.com/NACT-138,
HTTM-057 レンタル人妻を頼んだらド変態美女が来て僕の精子を搾り取られてしまいました。 波多野結衣,HTTM-057 レンタル人妻を頼んだらド変態美女が来て僕の精子を搾り取られてしまいました。 波多野結衣,HTTM-057,,2026-06-03,49分鐘,,マキシング,人妻味,レンタル人妻（マキシング）,玩具、苗條、已婚婦女、屁股、通姦、中出、高畫質、出軌、キス・接吻、巨乳、單體作品,波多野結衣,https://www.javbus.com/HTTM-057,
REBD-1038 Yui8 The Magical Musical・波多野結衣,REBD-1038 Yui8 The Magical Musical・波多野結衣,REBD-1038,,2026-06-03,74分鐘,ザック荒井,REbecca,REbecca,Yui（波多野結衣）,高、介紹影片、性感的、高畫質、巨乳、單體作品,波多野結衣,https://www.javbus.com/REBD-1038,
SBP-390 波多野結衣 競泳水着にザーメンぶっかけSEX,SBP-390 波多野結衣 競泳水着にザーメンぶっかけSEX,SBP-390,,2026-05-31,33分鐘,,切り売りのおかず屋さん,切り売りおかず,水着ぶっかけ,美少女、高畫質、單體作品、學校泳裝、顏射、局部特寫,波多野結衣,https://www.javbus.com/SBP-390,
DOA-139 女王様降臨 私の言うことは絶対でしょ？ 波多野結衣,DOA-139 女王様降臨 私の言うことは絶対でしょ？ 波多野結衣,DOA-139,,2026-05-22,121分鐘,六四天安,ブラックドッグ/妄想族,ブラックドッグ,女王様,放尿、戀腿癖、足交、高畫質、M男、女王様、單體作品、妄想族、4K、DMM獨家,波多野結衣,https://www.javbus.com/DOA-139,
AVSA-437 ぬるテカ肉感ドエロ極上ボディ 光沢ぬるぬる恵体を激しく突き上げ爆乳揺らして止まらない快感痙攣絶頂 波多野結衣,AVSA-437 ぬるテカ肉感ドエロ極上ボディ 光沢ぬるぬる恵体を激しく突き上げ爆乳揺らして止まらない快感痙攣絶頂 波多野結衣,AVSA-437,,2026-05-22,128分鐘,神宮寺光,AVS collector’s,AVSCollector’s,,胖女人、其他戀物癖、高畫質、巨尻、巨乳、單體作品、4K、DMM獨家,波多野結衣,https://www.javbus.com/AVSA-437,
JYMA-105 夫が出張中に男達のチ○ポを喰い漁る 美爆乳尻ビッチ妻 発情した肉感ボディでヤリまくるドスケベ嫁 波多野結衣,JYMA-105 夫が出張中に男達のチ○ポを喰い漁る 美爆乳尻ビッチ妻 発情した肉感ボディでヤリまくるドスケベ嫁 波多野結衣,JYMA-105,,2026-05-21,147分鐘,BuddhaD,熟女はつらいよ/熟女卍,卍GROUP,淫乱Madam,已婚婦女、通姦、中出、高畫質、ビッチ、巨乳、單體作品、DMM獨家,波多野結衣,https://www.javbus.com/JYMA-105,
BONY-191 抜かずに連射で膣内シェイク！！ まんキャパオーバー無制限中出し 波多野結衣,BONY-191 抜かずに連射で膣内シェイク！！ まんキャパオーバー無制限中出し 波多野結衣,BONY-191,,2026-05-21,126分鐘,鶴ピン太郎,ボニータ/妄想族,ボニータ/妄想族,まんキャパオーバー無制限中出し,口交、潮吹、中出、高畫質、巨尻、巨乳、單體作品、妄想族、DMM獨家,波多野結衣,https://www.javbus.com/BONY-191,
FTHTD-199 古風美人な義母 波多野結衣,FTHTD-199 古風美人な義母 波多野結衣,FTHTD-199,,2026-05-21,121分鐘,,FALENOTUBE,FALENOTUBE原作コラボ,古風美人な義母,中出、婆婆、温泉、巨乳、單體作品、フルハイビジョン(FHD),波多野結衣,https://www.javbus.com/FTHTD-199,
MADV-630 【4K】「言わないで…」 Special版 波多野結衣,MADV-630 【4K】「言わないで…」 Special版 波多野結衣,MADV-630,,2026-05-08,120分鐘,チーム,クリスタル映像,MANIAC（クリスタル）,「言わないで…」,蕩婦、放尿、無毛、淫語、中出、女上位、女優按摩棒、高畫質、巨尻、巨乳、單體作品、4K、DMM獨家、自慰,波多野結衣,https://www.javbus.com/MADV-630,
NGOD-336 大部屋病棟の肉便器妻 入院中の妻が真夜中のデカチン回診で廻され調教されてました… 波多野結衣,NGOD-336 大部屋病棟の肉便器妻 入院中の妻が真夜中のデカチン回診で廻され調教されてました… 波多野結衣,NGOD-336,,2026-05-07,124分鐘,,JET映像,卍GROUP,,已婚婦女、多P、高畫質、出軌、デカチン・巨根、單體作品、DMM獨家,波多野結衣,https://www.javbus.com/NGOD-336,
GVH-841 母子姦 波多野結衣（GVH-841）,GVH-841 母子姦 波多野結衣（GVH-841）,GVH-841,,2026-05-01,124分鐘,春花幸男,グローリークエスト,GLORY QUEST,母子姦,母親、亂倫、高畫質、巨尻、汗だく、巨乳、單體作品、DMM獨家,波多野結衣,https://www.javbus.com/GVH-841,
SAN-447 超早漏の夫のせいで欲求不満が溜まり義父の毒キノコに手を出した人妻 波多野結衣,SAN-447 超早漏の夫のせいで欲求不満が溜まり義父の毒キノコに手を出した人妻 波多野結衣,SAN-447,,2026-04-27,136分鐘,黄桜花瓶,マザー,マザー（マザー）,,已婚婦女、中出、高畫質、出軌、戲劇、巨乳、單體作品,波多野結衣,https://www.javbus.com/SAN-447,
CEMD-836 「一般男性のみなさん！私をイカせまくって下さい！」～街頭で見つけた素人男性に壊れるほどイカされまくったSEXドキュメント～15 波多野結衣,CEMD-836 「一般男性のみなさん！私をイカせまくって下さい！」～街頭で見つけた素人男性に壊れるほどイカされまくったSEXドキュメント～15 波多野結衣,CEMD-836,,2026-04-24,149分鐘,アングラ仁（JIN）,セレブの友,,一般男性のみなさん！私をイカせまくって下さい！,成熟的女人、花癡、倒追、高畫質、巨尻、巨乳、單體作品、4K、DMM獨家,波多野結衣,https://www.javbus.com/CEMD-836,
MRSS-184 バ先のファミレスで働くチョロい主婦に「うちでゲームしません？」と誘ったらホイホイついてきたので家に連れ込み生ハメ中出し 波多野結衣,MRSS-184 バ先のファミレスで働くチョロい主婦に「うちでゲームしません？」と誘ったらホイホイついてきたので家に連れ込み生ハメ中出し 波多野結衣,MRSS-184,,2026-04-17,126分鐘,夢咲イチロー,ミセスの素顔/エマニエル,,バ先のファミレスで働くチョロい主婦,已婚婦女、中出、高畫質、出軌、服務生、巨乳、單體作品、エマニエル、4K、DMM獨家,波多野結衣,https://www.javbus.com/MRSS-184,
MXGS-1424 完全主観！ 誘惑ベロキス唾液だらだらお姉さん永遠ホメゴロシSEXカウンセリングで元気になーれ 波多野結衣,MXGS-1424 完全主観！ 誘惑ベロキス唾液だらだらお姉さん永遠ホメゴロシSEXカウンセリングで元気になーれ 波多野結衣,MXGS-1424,,2026-04-15,124分鐘,祝田橋,マキシング,MAXING,完全主観（マキシング）,玩具、苗條、姐姐、多P、中出、主觀視角、高畫質、キス・接吻、巨乳、アクメ・オーガズム、單體作品,波多野結衣,https://www.javbus.com/MXGS-1424,
GVH-835 密着！パイズリ！SEX！男だらけのワケあり大家族で笑いあり射精あり…エロ母ちゃんのパコパコ奮闘SP 波多野結衣,GVH-835 密着！パイズリ！SEX！男だらけのワケあり大家族で笑いあり射精あり…エロ母ちゃんのパコパコ奮闘SP 波多野結衣,GVH-835,,2026-04-10,132分鐘,春花幸男,グローリークエスト,GLORY QUEST,,母親、乳交、胖女人、亂倫、纪录片、高畫質、單體作品、DMM獨家,波多野結衣,https://www.javbus.com/GVH-835,
DVES-053 【ショート動画】「乳首だけでイッちゃう！」敏感淫乳美女が貴方へ見せつける乳首イキオナニー 波多野結衣,DVES-053 【ショート動画】「乳首だけでイッちゃう！」敏感淫乳美女が貴方へ見せつける乳首イキオナニー 波多野結衣,DVES-053,,2026-04-06,11分鐘,毒丸,ディープス,DEEP’S 3号店,,其他戀物癖、乳液、主觀視角、高畫質、巨乳、單體作品、DMM獨家、自慰,波多野結衣,https://www.javbus.com/DVES-053,
SMOK-034 【射精管理セクハラ】残業中のオフィスで二人きり、変態M男開発モデルに抜擢された新人部下ち○ぽを何度もスローな射精コントロールでもてあそぶ人妻女痴上司 波多野結衣,SMOK-034 【射精管理セクハラ】残業中のオフィスで二人きり、変態M男開発モデルに抜擢された新人部下ち○ぽを何度もスローな射精コントロールでもてあそぶ人妻女痴上司 波多野結衣,SMOK-034,,2026-04-03,159分鐘,ナガセスウィング,スモークフィルムズ/妄想族,,,OL、已婚婦女、中出、高畫質、單體作品、妄想族、4K、DMM獨家、打手槍,波多野結衣,https://www.javbus.com/SMOK-034,
JJDA-071 被害者様の巨根でねとられた嫁 償いの交通事故示談交渉 波多野結衣,JJDA-071 被害者様の巨根でねとられた嫁 償いの交通事故示談交渉 波多野結衣,JJDA-071,,2026-04-02,120分鐘,,熟女大学/熟女卍,卍GROUP,,已婚婦女、中出、高畫質、出軌、デカチン・巨根、巨乳、單體作品、DMM獨家,波多野結衣,https://www.javbus.com/JJDA-071,
CJOB-200 ’国宝級レジェンド’厳選痴女7作品！ 波多野結衣8時間ベスト,CJOB-200 ’国宝級レジェンド’厳選痴女7作品！ 波多野結衣8時間ベスト,CJOB-200,,2026-03-26,481分鐘,,痴女ヘブン,痴女ヘブンBEST,,蕩婦、姐姐、中出、女上位、4小時以上作品、高畫質、女優ベスト・総集編、單體作品、DMM獨家,波多野結衣,https://www.javbus.com/CJOB-200,
AVSW-071 波多野結衣の世界 SPECIAL BEST,AVSW-071 波多野結衣の世界 SPECIAL BEST,AVSW-071,,2026-03-20,300分鐘,,AVS collector’s,AVSCollector’s,○○の世界,姐姐、4小時以上作品、高畫質、女優ベスト・総集編、巨乳、單體作品、DMM獨家,波多野結衣,https://www.javbus.com/AVSW-071,
KOJA-044 極上テクニックで精液全て出しても終わらない痴女メンズエステ連続中出しでバカになったチ○ポを男潮！,KOJA-044 極上テクニックで精液全て出しても終わらない痴女メンズエステ連続中出しでバカになったチ○ポを男潮！,KOJA-044,,2026-03-19,49分鐘,,Youare,,,蕩婦、中出、巨乳、配信専用、フルハイビジョン(FHD)、エステ・マッサージ,波多野結衣,https://www.javbus.com/KOJA-044,
CEMD-817 緊縛におぼれた‘メス犬調教’OL 波多野結衣,CEMD-817 緊縛におぼれた‘メス犬調教’OL 波多野結衣,CEMD-817,,2026-03-06,125分鐘,薄刃紫翠,セレブの友,,,成熟的女人、SM、高畫質、巨尻、巨乳、M女、單體作品、4K、DMM獨家,波多野結衣,https://www.javbus.com/CEMD-817,
HZGD-332 引き籠りで5年ぶりに部屋から出てきた義理の息子は抜かずの連続セックスで母親を快楽堕ちさせる絶倫性欲モンスター 波多野結衣,HZGD-332 引き籠りで5年ぶりに部屋から出てきた義理の息子は抜かずの連続セックスで母親を快楽堕ちさせる絶倫性欲モンスター 波多野結衣,HZGD-332,,2026-03-05,120分鐘,大崎広浩治,人妻花園劇場,極グループ,,已婚婦女、中出、高畫質、出軌、戲劇、巨乳、單體作品、4K,波多野結衣,https://www.javbus.com/HZGD-332,
NGOD-324 塩対応の人妻 いつも冷たくそっけない近所の人妻…旦那の留守中にカリ太巨根で突いてあげたらアソコも濡れだし神対応に… 波多野結衣,NGOD-324 塩対応の人妻 いつも冷たくそっけない近所の人妻…旦那の留守中にカリ太巨根で突いてあげたらアソコも濡れだし神対応に… 波多野結衣,NGOD-324,,2026-03-05,126分鐘,,JET映像,卍GROUP,,通姦、高畫質、出軌、デカチン・巨根、巨乳、單體作品、DMM獨家,波多野結衣,https://www.javbus.com/NGOD-324,
NKWMR-012 【VR】世界のHATANOが搾り取り！！【シン・8Kアルティメットストロング！！】ギネスに挑戦！！波多野がいいって言うまで帰れない空間【超肉感即エロ特化】何発出したかはお楽しみ◆ 波多野結衣,NKWMR-012 【VR】世界のHATANOが搾り取り！！【シン・8Kアルティメットストロング！！】ギネスに挑戦！！波多野がいいって言うまで帰れない空間【超肉感即エロ特化】何発出したかはお楽しみ◆ 波多野結衣,NKWMR-012,,2026-03-04,84分鐘,クワッチー,肉きゅんパラダイスVR,極グループ,,蕩婦、乳交、乳液、中出、女上位、ビッチ、VR専用、巨乳、ハイクオリティVR、單體作品、DMM獨家、8KVR,波多野結衣,https://www.javbus.com/NKWMR-012,
SBP-326 波多野結衣 ノーモザイク！水着のままでオシッコしちゃった娘,SBP-326 波多野結衣 ノーモザイク！水着のままでオシッコしちゃった娘,SBP-326,,2026-03-01,10分鐘,,切り売りのおかず屋さん,切り売りおかず,水着でおしっこ,放尿、美少女、高畫質、單體作品、學校泳裝,波多野結衣,https://www.javbus.com/SBP-326,
CJVR-047 【VR】M男専用オトナの保育園風俗VR 結衣ママの全肯定囁きあまあま騎乗位でびゅるびゅる極上射精導かれちゃったバブちゃんの僕。 波多野結衣,CJVR-047 【VR】M男専用オトナの保育園風俗VR 結衣ママの全肯定囁きあまあま騎乗位でびゅるびゅる極上射精導かれちゃったバブちゃんの僕。 波多野結衣,CJVR-047,,2026-02-22,87分鐘,ジーニアス膝,痴女ヘブン,痴女ヘブン VR,,蕩婦、母親、乳交、女上位、VR専用、ハイクオリティVR、單體作品、DMM獨家、8KVR、打手槍,波多野結衣,https://www.javbus.com/CJVR-047,
MADV-622 【4K】まさかの秘密にフル勃起 いつも厳しいデカ尻爆乳な先輩社員の誰にも言えないストレス発散方法は全身透け透けタイツ痴女 波多野結衣,MADV-622 【4K】まさかの秘密にフル勃起 いつも厳しいデカ尻爆乳な先輩社員の誰にも言えないストレス発散方法は全身透け透けタイツ痴女 波多野結衣,MADV-622,,2026-02-20,129分鐘,,クリスタル映像,MANIAC（クリスタル）,全身透け透けタイツ痴女,乳交、潮吹、無毛、連褲襪、乳液、高畫質、顏射、巨尻、巨乳、女上司、單體作品、4K、DMM獨家、自慰,波多野結衣,https://www.javbus.com/MADV-622,
SAVR-964 【VR】完熟もちもち爆乳で優しく包み込みながら全肯定筆おろししてくれる義母ゆいさんとの秘密の膣内射精 波多野結衣,SAVR-964 【VR】完熟もちもち爆乳で優しく包み込みながら全肯定筆おろししてくれる義母ゆいさんとの秘密の膣内射精 波多野結衣,SAVR-964,,2026-02-19,84分鐘,MUNPEE,KMPVR-彩-,KMPVR-彩-,,口交、無毛、乳房、中出、女上位、VR専用、ハイクオリティVR、單體作品、DMM獨家、8KVR,波多野結衣,https://www.javbus.com/SAVR-964,
GVH-821 【極上おっぱい×お風呂体験】濡れムチBODY・波多野結衣と密着エッチし放題！脱衣所から始まる3つの物語,GVH-821 【極上おっぱい×お風呂体験】濡れムチBODY・波多野結衣と密着エッチし放題！脱衣所から始まる3つの物語,GVH-821,,2026-02-13,164分鐘,ひょん,グローリークエスト,GLORY QUEST,,和服・喪服、高畫質、出軌、巨尻、巨乳、お風呂、單體作品、DMM獨家,波多野結衣,https://www.javbus.com/GVH-821,
TKD-066 生理が近づくと挿入が欲しくなる 結衣女将 波多野結衣,TKD-066 生理が近づくと挿入が欲しくなる 結衣女将 波多野結衣,TKD-066,,2026-02-13,116分鐘,割目三郎,ルビー,帝国,,和服・喪服、成熟的女人、女主人、女老板、中出、高畫質、巨乳、單體作品、DMM獨家,波多野結衣,https://www.javbus.com/TKD-066,
CRNX-288 【4K】全身透け透けタイツな先輩社員の痴女責め性交 波多野結衣,CRNX-288 【4K】全身透け透けタイツな先輩社員の痴女責め性交 波多野結衣,CRNX-288,,2026-02-13,51分鐘,,クリスタル映像,CRYSTAL NEXT,全身透け透けタイツな巨乳上司のパワハラ痴女誘惑,蕩婦、OL、無毛、連褲襪、中出、女上位、高畫質、顏面騎乘、巨尻、巨乳、バック、單體作品、4K、DMM獨家,波多野結衣,https://www.javbus.com/CRNX-288,
MIAB-585 授業参観日ボディコンママ 透け乳首ビンビンッ！デカ乳ぶるるんッ！肉尻パンチラ欲情挑発！中出し回数分だけ息子の成績を向上スケベ根回ししちゃう私 波多野結衣,MIAB-585 授業参観日ボディコンママ 透け乳首ビンビンッ！デカ乳ぶるるんッ！肉尻パンチラ欲情挑発！中出し回数分だけ息子の成績を向上スケベ根回ししちゃう私 波多野結衣,MIAB-585,,2026-02-12,163分鐘,真咲南朋,ムーディーズ,みんなのキカタン,授業参観日ボディコンママ 透け乳首ビンビンッ！デカ乳ぶるるんッ！肉尻パンチラ欲情挑発！中出し回数分だけ息子の成績を向上スケベ根回ししちゃう私,蕩婦、口交、中出、女上位、高畫質、巨乳、單體作品、DMM獨家,波多野結衣,https://www.javbus.com/MIAB-585,
KOJA-040 生意気な迷惑電動キックボードとっつかまえて理解からせ！止まらないイ〇ラガンツキ腹グリで泣きながら「やめてください」当たり前に中出しで制裁 波多野結衣,KOJA-040 生意気な迷惑電動キックボードとっつかまえて理解からせ！止まらないイ〇ラガンツキ腹グリで泣きながら「やめてください」当たり前に中出しで制裁 波多野結衣,KOJA-040,,2026-02-11,45分鐘,,Youare,,,深喉、粗暴、凌辱、中出、高畫質、黑暗系統、巨乳、單體作品,波多野結衣,https://www.javbus.com/KOJA-040,
AVSA-419 射精管理 憧れの女上司から仕事中に貞操帯を装着されガチガチ勃起チ○ポを痴女られる逆パワセクハラ快感エンドレス 波多野結衣,AVSA-419 射精管理 憧れの女上司から仕事中に貞操帯を装着されガチガチ勃起チ○ポを痴女られる逆パワセクハラ快感エンドレス 波多野結衣,AVSA-419,,2026-02-06,127分鐘,BuddhaD,AVS collector’s,AVSCollector’s,,蕩婦、OL、胖女人、高畫質、巨乳、女上司、單體作品、4K、DMM獨家,波多野結衣,https://www.javbus.com/AVSA-419,
CEMD-802 恥辱、陵●、小旅行…野外にポツンとテントを張ってSEX三昧 vol.2 波多野結衣,CEMD-802 恥辱、陵●、小旅行…野外にポツンとテントを張ってSEX三昧 vol.2 波多野結衣,CEMD-802,,2026-02-06,124分鐘,アングラ仁（JIN）,セレブの友,,恥辱、陵●、小旅行…野外にポツンとテントを張ってSEX三昧,野外・露出、濫交、潮吹、花癡、高畫質、巨乳、單體作品、4K、DMM獨家,波多野結衣,https://www.javbus.com/CEMD-802,
SAVR-968 【VR】最高に活きの良い僕の精子を何発も懇願するママ友波多野さんの中出し妊活 波多野結衣,SAVR-968 【VR】最高に活きの良い僕の精子を何発も懇願するママ友波多野さんの中出し妊活 波多野結衣,SAVR-968,,2026-02-01,76分鐘,包丁M,KMPVR-彩-,KMPVR-彩-,,玩具、已婚婦女、中出、VR専用、巨乳、ハイクオリティVR、單體作品、ママ友、DMM獨家、8KVR,波多野結衣,https://www.javbus.com/SAVR-968,
XVSR-858 欲求不満のスケベ妻が夫の出張中に義理の息子を誘惑し何度も何発もヤリまくった2日間 波多野結衣,XVSR-858 欲求不満のスケベ妻が夫の出張中に義理の息子を誘惑し何度も何発もヤリまくった2日間 波多野結衣,XVSR-858,,2026-01-30,112分鐘,K.C.武田,マックスエー,MAX-A,ヤリまくった2日間,乳交、多P、中出、高畫質、出軌、巨乳、單體作品、DMM獨家,波多野結衣,https://www.javbus.com/XVSR-858,
GRACE-029 誘惑Sweet Room 夫も知らない結衣 波多野結衣,GRACE-029 誘惑Sweet Room 夫も知らない結衣 波多野結衣,GRACE-029,,2026-01-30,131分鐘,えむ@nurupage,grace,grace,,偶像藝人、其他戀物癖、乳房、介紹影片、性感的、高畫質、猥褻穿著、單體作品,波多野結衣,https://www.javbus.com/GRACE-029,
LULU-421 巨乳叔母に無邪気なフル勃起オナニーを何度も見せつけたら甥っ子性欲若硬ち○ぽをしっかり握って密着しながらお叱り手コキでたっぷり搾り射（だ）された。 波多野結衣,LULU-421 巨乳叔母に無邪気なフル勃起オナニーを何度も見せつけたら甥っ子性欲若硬ち○ぽをしっかり握って密着しながらお叱り手コキでたっぷり搾り射（だ）された。 波多野結衣,LULU-421,,2026-01-29,160分鐘,ナガセスウィング,ルナティックス,LUNATICS,巨乳叔母に無邪気なフル勃起オナニーを何度も見せつけたら甥っ子性欲若硬ち○ぽをしっかり握って密着しながらお叱り手コキでたっぷり搾り射（だ）された。,中出、高畫質、巨乳、叔母さん、單體作品、4K、DMM獨家、打手槍,波多野結衣,https://www.javbus.com/LULU-421,
FBOS-014 嵐の夜、会社に閉じ込められた女上司と二人きり 波多野結衣,FBOS-014 嵐の夜、会社に閉じ込められた女上司と二人きり 波多野結衣,FBOS-014,,2026-01-23,115分鐘,赤羽菊次郎,グローバルメディアエンタテインメント,Super Global Media,女上司と二人きり（グローバルメディアエンタテインメント）,蕩婦、OL、連褲襪、高畫質、女上司、單體作品、DMM獨家,波多野結衣,https://www.javbus.com/FBOS-014,
KAM-269 【個別指導】既婚の家庭教師と、巨根の受験生の、密室淫交盗撮記録 禁断の10カメ盗撮 波多野結衣,KAM-269 【個別指導】既婚の家庭教師と、巨根の受験生の、密室淫交盗撮記録 禁断の10カメ盗撮 波多野結衣,KAM-269,,2026-01-15,120分鐘,,カルマ,卍GROUP,,已婚婦女、偷窥、中出、高畫質、出軌、巨乳、單體作品、DMM獨家,波多野結衣,https://www.javbus.com/KAM-269,
CJVR-046 【VR】観れば絶対キスもSEXも上手になる！How to ベロキスSEX！超至近距離で波多野先生と学ぼう！ 波多野結衣,CJVR-046 【VR】観れば絶対キスもSEXも上手になる！How to ベロキスSEX！超至近距離で波多野先生と学ぼう！ 波多野結衣,CJVR-046,,2026-01-08,87分鐘,ジーニアス膝,痴女ヘブン,痴女ヘブン VR,,女教師、中出、女上位、教學、キス・接吻、VR専用、ハイクオリティVR、單體作品、DMM獨家、8KVR,波多野結衣,https://www.javbus.com/CJVR-046,
NBES-108 波多野結衣BEST 8タイトルノーカットフル尺収録4枚組960分,NBES-108 波多野結衣BEST 8タイトルノーカットフル尺収録4枚組960分,NBES-108,,2026-01-08,965分鐘,,JET映像,卍GROUP,,已婚婦女、中出、高畫質、出軌、女優ベスト・総集編、16時間以上作品、單體作品、DMM獨家,波多野結衣,https://www.javbus.com/NBES-108,
SBP-273 波多野結衣 パンストにザーメンぶっかけSEX,SBP-273 波多野結衣 パンストにザーメンぶっかけSEX,SBP-273,,2026-01-04,37分鐘,,切り売りのおかず屋さん,切り売りおかず,パンストぶっかけ,連褲襪、美少女、高畫質、單體作品、顏射、局部特寫,波多野結衣,https://www.javbus.com/SBP-273,
XVSR-856 波多野結衣が絶対イカせるパイズリ性交,XVSR-856 波多野結衣が絶対イカせるパイズリ性交,XVSR-856,,2026-01-01,120分鐘,シャンティYAZAWA,マックスエー,MAX-A,パイズリ性交,乳交、多P、中出、高畫質、超乳、巨尻、單體作品、DMM獨家,波多野結衣,https://www.javbus.com/XVSR-856,
CJOD-484 GOto不倫トラベル 爆乳セレブ妻と濃厚オヤジの中出し交遊浪漫 波多野結衣,CJOD-484 GOto不倫トラベル 爆乳セレブ妻と濃厚オヤジの中出し交遊浪漫 波多野結衣,CJOD-484,,2025-12-18,175分鐘,トレンディ山口,痴女ヘブン,痴女ヘブン,Goto不倫トラベル,口交、乳交、已婚婦女、通姦、高畫質、巨乳、單體作品、DMM獨家,波多野結衣,https://www.javbus.com/CJOD-484,
HIGM-288 妻が寝取られている現場に遭遇したのに僕は何もできない 波多野結衣,HIGM-288 妻が寝取られている現場に遭遇したのに僕は何もできない 波多野結衣,HIGM-288,,2025-12-11,12分鐘,,ハイライト,ハイライト,,已婚婦女、花癡、乳房、中出、高畫質、巨乳、單體作品,波多野結衣,https://www.javbus.com/HIGM-288,
MFYD-075 隣に住むハイレグ奥さんの無自覚股間がエロすぎて何度も中出し！ 波多野結衣,MFYD-075 隣に住むハイレグ奥さんの無自覚股間がエロすぎて何度も中出し！ 波多野結衣,MFYD-075,,2025-12-11,171分鐘,,溜池ゴロー,溜池ゴロー,,成熟的女人、賽車女郎、已婚婦女、中出、高畫質、巨乳、單體作品、4K、DMM獨家,波多野結衣,https://www.javbus.com/MFYD-075,
CEMD-780 波多野結衣 初DVD化秘蔵映像2SEX＆スーパーベストBOX vol，2 623分 5枚組,CEMD-780 波多野結衣 初DVD化秘蔵映像2SEX＆スーパーベストBOX vol，2 623分 5枚組,CEMD-780,,2025-12-05,626分鐘,,セレブの友,,,蕩婦、成熟的女人、中出、4小時以上作品、高畫質、女優ベスト・総集編、巨乳、單體作品、4K、DMM獨家,波多野結衣,https://www.javbus.com/CEMD-780,
NGOD-304 人妻PTA会長 保護者の男女が集う会合で巻き起こる…。子供には絶対内緒の淫らな背徳デカチン不倫 波多野結衣,NGOD-304 人妻PTA会長 保護者の男女が集う会合で巻き起こる…。子供には絶対内緒の淫らな背徳デカチン不倫 波多野結衣,NGOD-304,,2025-12-04,124分鐘,,JET映像,卍GROUP,,已婚婦女、花癡、通姦、高畫質、出軌、デカチン・巨根、單體作品、DMM獨家,波多野結衣,https://www.javbus.com/NGOD-304,
DVEH-070 AV女優と婚活マッチング！現役男優と汁男優からのガチ求婚に世界のハタノがカラダを張って相性診断！波多野結衣との夢の結婚生活を手に入れろ！ 波多野結衣,DVEH-070 AV女優と婚活マッチング！現役男優と汁男優からのガチ求婚に世界のハタノがカラダを張って相性診断！波多野結衣との夢の結婚生活を手に入れろ！ 波多野結衣,DVEH-070,,2025-11-27,166分鐘,クラッシャー・バンバン・ケバブ,ディープス,DEEP’S 3号店,,企畫、高畫質、戀愛、巨尻、體驗懺悔、巨乳、單體作品、DMM獨家,波多野結衣,https://www.javbus.com/DVEH-070,
MKMP-689 世界中の男子を魅了した女 波多野結衣 豪華コンプリートBEST 観たら【絶対】シコりたくなる総集編AV,MKMP-689 世界中の男子を魅了した女 波多野結衣 豪華コンプリートBEST 観たら【絶対】シコりたくなる総集編AV,MKMP-689,,2025-11-21,240分鐘,K太郎,million,million（ミリオン）,,蕩婦、4小時以上作品、高畫質、女優ベスト・総集編、巨尻、巨乳、單體作品、DMM獨家,波多野結衣,https://www.javbus.com/MKMP-689,
HTTM-0030 夫の借金を身体で払わされる人妻 波多野結衣,HTTM-0030 夫の借金を身体で払わされる人妻 波多野結衣,HTTM-0030,,2025-11-20,45分鐘,,人妻味,人妻味,夫の借金を身体で払わされる人妻,苗條、已婚婦女、姐姐、通姦、中出、出軌、處男、巨乳、單體作品、配信専用,波多野結衣,https://www.javbus.com/HTTM-0030,
ZMAR-148 まるっと！波多野結衣 28時間2枚組,ZMAR-148 まるっと！波多野結衣 28時間2枚組,ZMAR-148,,2025-11-19,487分鐘,,プラネットプラス,まるっと！,まるっと！,成熟的女人、已婚婦女、中出、4小時以上作品、高畫質、女優ベスト・総集編、巨尻、巨乳、單體作品,波多野結衣,https://www.javbus.com/ZMAR-148,
BTHA-108 パイパンヌード 波多野結衣 II,BTHA-108 パイパンヌード 波多野結衣 II,BTHA-108,,2025-11-19,94分鐘,,スパークビジョン,ビューティーヘアー,ビューティーヘアー,介紹影片、高畫質、女優ベスト・総集編、單體作品、4K,波多野結衣,https://www.javbus.com/BTHA-108,
PRED-821 朝起きたら部屋に下着姿の女上司が…！いつもツンツンなのにやたらデレデレしてくる…どうやら中出しSEXしてしまったようだ（汗） 波多野結衣,PRED-821 朝起きたら部屋に下着姿の女上司が…！いつもツンツンなのにやたらデレデレしてくる…どうやら中出しSEXしてしまったようだ（汗） 波多野結衣,PRED-821,,2025-11-13,116分鐘,TAKE-D,プレミアム,エレガンス,,OL、中出、高畫質、巨乳、ホテル、女上司、單體作品、DMM獨家,波多野結衣,https://www.javbus.com/PRED-821,
GARA-016 絶叫凌●レ●プ 強●される人妻 旦那の多額借金でカタに犯●れ続けた悲哀妻。拉致されて媚薬ブチ込み4P輪●！！ 波多野結衣,GARA-016 絶叫凌●レ●プ 強●される人妻 旦那の多額借金でカタに犯●れ続けた悲哀妻。拉致されて媚薬ブチ込み4P輪●！！ 波多野結衣,GARA-016,,2025-11-07,130分鐘,赤羽菊次郎,グローバルメディアアネックス,グローバルメディアアネックス,強●される人妻,拘束、凌辱、高畫質、單體作品、DMM獨家,波多野結衣,https://www.javbus.com/GARA-016,
NGOD-298 免許合宿に参加してしまった世間知らずな人妻 他県の若者達のビンビンなズル剥け巨根でねとられて… 波多野結衣,NGOD-298 免許合宿に参加してしまった世間知らずな人妻 他県の若者達のビンビンなズル剥け巨根でねとられて… 波多野結衣,NGOD-298,,2025-11-06,124分鐘,,JET映像,卍GROUP,,已婚婦女、多P、中出、高畫質、出軌、デカチン・巨根、單體作品、DMM獨家,波多野結衣,https://www.javbus.com/NGOD-298,
HTTM-030 夫の借金を身体で払わされる人妻 波多野結衣,HTTM-030 夫の借金を身体で払わされる人妻 波多野結衣,HTTM-030,,2025-11-05,44分鐘,,マキシング,人妻味,夫の借金を身体で払わされる人妻,玩具、苗條、已婚婦女、通姦、中出、高畫質、出軌、巨尻、キス・接吻、巨乳、單體作品,波多野結衣,https://www.javbus.com/HTTM-030,
NIMA-064 実写版 30日後にSEXする母と息子 奇跡の3部作同時収録！ 波多野結衣,NIMA-064 実写版 30日後にSEXする母と息子 奇跡の3部作同時収録！ 波多野結衣,NIMA-064,,2025-10-30,121分鐘,ドラゴン西川,Fitch,肉漫,,口交、亂倫、中出、高畫質、原作コラボ、巨乳、單體作品、DMM獨家,波多野結衣,https://www.javbus.com/NIMA-064,
JJDA-065 無職で堕落したナマポ暮らしを送る典型的ダメ人間の俺がマジメに働いてちゃんと納税してる 勤労者な友達の自慢の美人嫁ちゃんを巨根をぶちこみメロメロにさせて寝取ってやった胸糞話 波多野結衣,JJDA-065 無職で堕落したナマポ暮らしを送る典型的ダメ人間の俺がマジメに働いてちゃんと納税してる 勤労者な友達の自慢の美人嫁ちゃんを巨根をぶちこみメロメロにさせて寝取ってやった胸糞話 波多野結衣,JJDA-065,,2025-10-30,122分鐘,,熟女大学/熟女卍,卍GROUP,,已婚婦女、中出、高畫質、出軌、デカチン・巨根、巨乳、單體作品、DMM獨家,波多野結衣,https://www.javbus.com/JJDA-065,
PKPD-391 女ハメ撮り師ミカとレズな女優たち ＃5 はたちゃんと心で愛し合うイチャレズ撮影 波多野結衣,PKPD-391 女ハメ撮り師ミカとレズな女優たち ＃5 はたちゃんと心で愛し合うイチャレズ撮影 波多野結衣,PKPD-391,,2025-10-17,139分鐘,,パコパコ団とゆかいな仲間たち/妄想族,,女ハメ撮り師ミカとレズな女優たち,女同性戀、第一人稱攝影、乳房、高畫質、巨乳、單體作品、妄想族、DMM獨家,波多野結衣,https://www.javbus.com/PKPD-391,
CEMD-748 波多野結衣を徹底解剖～丸一日クンニだらけでイカセまくり～,CEMD-748 波多野結衣を徹底解剖～丸一日クンニだらけでイカセまくり～,CEMD-748,,2025-10-10,160分鐘,K*WEST,セレブの友,,,成熟的女人、舔陰、羞恥、中出、高畫質、單體作品、4K、DMM獨家、局部特寫,波多野結衣,https://www.javbus.com/CEMD-748,
NGOD-292 タワマンの人妻 二馬力パワーカップルの意識高い系キャリア妻が住宅ローンが払えず金融男のゴリゴリ巨根の餌食されて… 波多野結衣,NGOD-292 タワマンの人妻 二馬力パワーカップルの意識高い系キャリア妻が住宅ローンが払えず金融男のゴリゴリ巨根の餌食されて… 波多野結衣,NGOD-292,,2025-10-09,112分鐘,,JET映像,卍GROUP,,已婚婦女、通姦、高畫質、出軌、デカチン・巨根、巨乳、單體作品、DMM獨家,波多野結衣,https://www.javbus.com/NGOD-292,
SBP-221 波多野結衣 水着にザーメンぶっかけSEX,SBP-221 波多野結衣 水着にザーメンぶっかけSEX,SBP-221,,2025-10-05,31分鐘,,切り売りのおかず屋さん,切り売りおかず,水着ぶっかけ,美少女、高畫質、單體作品、學校泳裝、顏射、局部特寫,波多野結衣,https://www.javbus.com/SBP-221,
NACT-026 玉が空っぽになるまで精液を搾りとる！出張オイルマッサージ 波多野結衣,NACT-026 玉が空っぽになるまで精液を搾りとる！出張オイルマッサージ 波多野結衣,NACT-026,,2025-10-04,122分鐘,ひむろっく,プラネットプラス,七狗留,玉が空っぽになるまで精液を搾りとる！出張オイルマッサージ,成熟的女人、妓女、乳液、高畫質、巨尻、巨乳、單體作品、4K,波多野結衣,https://www.javbus.com/NACT-026,
WAAA-599 硬く勃起した乳首 熱く熟れたおま○こが 顔を上げれば、すぐ目の前に。 どんなに見ても、触っても女神対応 全裸エステティシャン 夢にまで見た超極楽マッサージ 波多野結衣,WAAA-599 硬く勃起した乳首 熱く熟れたおま○こが 顔を上げれば、すぐ目の前に。 どんなに見ても、触っても女神対応 全裸エステティシャン 夢にまで見た超極楽マッサージ 波多野結衣,WAAA-599,,2025-10-02,104分鐘,,ワンズファクトリー,WANZ,,蕩婦、花癡、中出、美容院、高畫質、巨乳、單體作品、DMM獨家,波多野結衣,https://www.javbus.com/WAAA-599,
CKCK-021 向かいのふたなりお姉さん キレイな隣人のお姉さんにちんちんが生えていたので孕めるカラダなのか何度も中出しして確かめてやった 波多野結衣,CKCK-021 向かいのふたなりお姉さん キレイな隣人のお姉さんにちんちんが生えていたので孕めるカラダなのか何度も中出しして確かめてやった 波多野結衣,CKCK-021,,2025-09-25,120分鐘,GORY松田,プレミアム,秋のシコシコ強化月間,,已婚婦女、姐姐、雙性人、中出、高畫質、巨乳、單體作品、DMM獨家,波多野結衣,https://www.javbus.com/CKCK-021,
GVH-782 おしっこ飲ませるのが大好きなドSな女上司の聖水調教 配属ガチャでドM堕ちさせられた僕 波多野結衣,GVH-782 おしっこ飲ませるのが大好きなドSな女上司の聖水調教 配属ガチャでドM堕ちさせられた僕 波多野結衣,GVH-782,,2025-09-19,160分鐘,ラッシャーみよし,グローリークエスト,GLORY QUEST,,蕩婦、放尿、高畫質、M男、巨乳、女上司、單體作品、DMM獨家,波多野結衣,https://www.javbus.com/GVH-782,
MXGS-1396 絶対痴女 色気ムンムン豊満お姉さんの誘惑SEX 波多野結衣,MXGS-1396 絶対痴女 色気ムンムン豊満お姉さんの誘惑SEX 波多野結衣,MXGS-1396,,2025-09-15,121分鐘,馨,マキシング,MAXING,絶対痴女,蕩婦、玩具、多P、中出、高畫質、キス・接吻、巨乳、アクメ・オーガズム、單體作品,波多野結衣,https://www.javbus.com/MXGS-1396,
MIAB-541 手コキ・パイズリ・寸止め焦らし 痴女テクを極めきった波多野結衣が魅せて・責めて・抜きまくる 痴女回春メンズエステ,MIAB-541 手コキ・パイズリ・寸止め焦らし 痴女テクを極めきった波多野結衣が魅せて・責めて・抜きまくる 痴女回春メンズエステ,MIAB-541,,2025-09-11,106分鐘,ザック荒井,ムーディーズ,みんなのキカタン,,蕩婦、中出、美容院、高畫質、巨乳、單體作品、DMM獨家、打手槍,波多野結衣,https://www.javbus.com/MIAB-541,
MLMM-083 S級美熟女ベスト 波多野結衣 4時間 スレンダー巨乳マドンナ4,MLMM-083 S級美熟女ベスト 波多野結衣 4時間 スレンダー巨乳マドンナ4,MLMM-083,,2025-09-05,243分鐘,,Mellow Moon（メロウムーン）,Mellow Moon（メロウムーン）,美熟女ベスト,苗條、已婚婦女、中出、4小時以上作品、高畫質、戲劇、巨乳、單體作品、DMM獨家,波多野結衣,https://www.javbus.com/MLMM-083,
HTTM-0018 SNSで知り合った人妻はSM願望強めのドMな変態女だった 波多野結衣,HTTM-0018 SNSで知り合った人妻はSM願望強めのドMな変態女だった 波多野結衣,HTTM-0018,,2025-08-28,55分鐘,,人妻味,人妻味,SNSで知り合った人妻はドMな変態女,獵豔、已婚婦女、姐姐、通姦、中出、出軌、巨乳、單體作品、美尻、配信専用,波多野結衣,https://www.javbus.com/HTTM-0018,
CEMD-726 高級車に乗る自慢のデカチン男性とパパ活お泊まりSEXデート4 波多野結衣,CEMD-726 高級車に乗る自慢のデカチン男性とパパ活お泊まりSEXデート4 波多野結衣,CEMD-726,,2025-08-22,150分鐘,イラマっちょ監督,セレブの友,,デート・シリーズ,羞恥、中出、高畫質、巨尻、巨乳、アクメ・オーガズム、單體作品、DMM獨家,波多野結衣,https://www.javbus.com/CEMD-726,
NACT-005 突然の豪雨でズブ濡れ… 帰れなくなった憧れの叔母さん 波多野結衣,NACT-005 突然の豪雨でズブ濡れ… 帰れなくなった憧れの叔母さん 波多野結衣,NACT-005,,2025-08-19,121分鐘,ひむろっく,プラネットプラス,七狗留,突然の豪雨でズブ濡れ…,成熟的女人、口交、無毛、高畫質、戲劇、巨尻、巨乳、單體作品、4K,波多野結衣,https://www.javbus.com/NACT-005,
HTTM-018 SNSで知り合った人妻はSM願望強めのドMな変態女だった 波多野結衣,HTTM-018 SNSで知り合った人妻はSM願望強めのドMな変態女だった 波多野結衣,HTTM-018,,2025-08-13,55分鐘,,マキシング,人妻味,SNSで知り合った人妻はドMな変態女,玩具、已婚婦女、屁股、通姦、中出、高畫質、出軌、キス・接吻、巨乳、單體作品,波多野結衣,https://www.javbus.com/HTTM-018,
GVH-766 姑の卑猥過ぎる巨乳を狙う娘婿 波多野結衣,GVH-766 姑の卑猥過ぎる巨乳を狙う娘婿 波多野結衣,GVH-766,,2025-08-08,119分鐘,春花幸男,グローリークエスト,GLORY QUEST,姑の卑猥過ぎる巨乳を狙う娘婿,中出、婆婆、高畫質、出軌、巨尻、巨乳、單體作品、4K、DMM獨家,波多野結衣,https://www.javbus.com/GVH-766,
NGOD-278 全日本ねとられ大賞 上京した甥っ子が立派なデカチンをぶら下げていて叔父としてオスとして立場が無いばかりか真面目な妻が極太巨根を見てメスの表情を見せ始めた…的な話です 波多野結衣,NGOD-278 全日本ねとられ大賞 上京した甥っ子が立派なデカチンをぶら下げていて叔父としてオスとして立場が無いばかりか真面目な妻が極太巨根を見てメスの表情を見せ始めた…的な話です 波多野結衣,NGOD-278,,2025-08-07,122分鐘,,JET映像,卍GROUP,,已婚婦女、通姦、婆婆、高畫質、出軌、デカチン・巨根、單體作品、DMM獨家,波多野結衣,https://www.javbus.com/NGOD-278,
MRSS-170 お母さんは水恐怖症 お風呂に入れないので息子の僕が身体をベロで嘗め回して毎日キレイにしています 波多野結衣,MRSS-170 お母さんは水恐怖症 お風呂に入れないので息子の僕が身体をベロで嘗め回して毎日キレイにしています 波多野結衣,MRSS-170,,2025-08-02,124分鐘,三島六三郎,ミセスの素顔/エマニエル,,,母親、其他戀物癖、已婚婦女、戀乳癖、中出、高畫質、單體作品、エマニエル、DMM獨家,波多野結衣,https://www.javbus.com/MRSS-170,
MIAB-520 顔面特化 波多野結衣のバイノーラル淫語オナニーサポートとおま●こドアップ騎乗位2D,MIAB-520 顔面特化 波多野結衣のバイノーラル淫語オナニーサポートとおま●こドアップ騎乗位2D,MIAB-520,,2025-08-01,118分鐘,ヒモパン・オブ・ジョイトイ,ムーディーズ,みんなのキカタン,顔面特化 ○○のバイノーラル淫語オナニーサポートとおま●こドアップ騎乗位2D,蕩婦、淫語、花癡、中出、主觀視角、高畫質、單體作品、DMM獨家,波多野結衣,https://www.javbus.com/MIAB-520,
HTTM-0015 性欲強めの人妻は、お泊まり翌日も求めまくる波多野結衣,HTTM-0015 性欲強めの人妻は、お泊まり翌日も求めまくる波多野結衣,HTTM-0015,,2025-07-24,45分鐘,,人妻味,人妻味,性欲強めの人妻,獵豔、已婚婦女、姐姐、通姦、乳房、中出、出軌、配信専用,波多野結衣,https://www.javbus.com/HTTM-0015,
BDA-212 あなたの性活が10倍楽しくなる！波多野結衣のフェチ開発セミナー,BDA-212 あなたの性活が10倍楽しくなる！波多野結衣のフェチ開発セミナー,BDA-212,,2025-07-19,141分鐘,あばしり一姦,バミューダ/妄想族,,,其他戀物癖、巨尻、巨乳、お風呂、單體作品、妄想族、DMM獨家,波多野結衣,https://www.javbus.com/BDA-212,
HTTM-015 性欲強めの人妻は、お泊まり翌日も求めまくる波多野結衣,HTTM-015 性欲強めの人妻は、お泊まり翌日も求めまくる波多野結衣,HTTM-015,,2025-07-17,47分鐘,,マキシング,人妻味,性欲強めの人妻,玩具、苗條、已婚婦女、屁股、通姦、中出、高畫質、出軌、キス・接吻、巨乳、單體作品,波多野結衣,https://www.javbus.com/HTTM-015,
MIAB-497 波多野先生の一撃パイズリマニアックス 貧乳彼女にパイズリお願いしたら怒られて爆乳女教師に相談したら…おっぱいマ○コで個人授業してくれた。 波多野結衣,MIAB-497 波多野先生の一撃パイズリマニアックス 貧乳彼女にパイズリお願いしたら怒られて爆乳女教師に相談したら…おっぱいマ○コで個人授業してくれた。 波多野結衣,MIAB-497,,2025-07-11,118分鐘,ドラゴン西川,ムーディーズ,みんなのキカタン,,蕩婦、女教師、乳交、高畫質、顏射、巨乳、單體作品、DMM獨家,波多野結衣,https://www.javbus.com/MIAB-497,
NGOD-272 妻より居心地の良い女友達とキスから始まる不倫劇 やめられない止まらない唾液交換接吻性交 波多野結衣,NGOD-272 妻より居心地の良い女友達とキスから始まる不倫劇 やめられない止まらない唾液交換接吻性交 波多野結衣,NGOD-272,,2025-07-04,121分鐘,,JET映像,卍GROUP,,成熟的女人、已婚婦女、通姦、高畫質、出軌、巨乳、單體作品、DMM獨家,波多野結衣,https://www.javbus.com/NGOD-272,
J-99633 【人気】隣の奥さんは巨乳で細身で美人で床上手 波多野結衣 即即編,J-99633 【人気】隣の奥さんは巨乳で細身で美人で床上手 波多野結衣 即即編,J-99633,,2025-06-26,25分鐘,,JUKUJO99,JUKUJO99,隣の奥さんは巨乳で細身で美人で床上手,成熟的女人、苗條、口交、中出、高畫質、巨乳、ヘルス・ソープ、バック、單體作品、DMM獨家,波多野結衣,https://www.javbus.com/J-99633,
HTTM-012 SNSで知り合った童貞くんを経験豊富な美人奥様が誘惑筆下ろし 波多野結衣,HTTM-012 SNSで知り合った童貞くんを経験豊富な美人奥様が誘惑筆下ろし 波多野結衣,HTTM-012,,2025-06-26,48分鐘,,マキシング,人妻味,SNSで知り合った童貞筆おろし,玩具、苗條、已婚婦女、屁股、通姦、中出、高畫質、出軌、キス・接吻、巨乳、單體作品,波多野結衣,https://www.javbus.com/HTTM-012,
HTTM-0012 SNSで知り合った童貞くんを経験豊富な美人奥様が誘惑筆下ろし 波多野結衣,HTTM-0012 SNSで知り合った童貞くんを経験豊富な美人奥様が誘惑筆下ろし 波多野結衣,HTTM-0012,,2025-06-26,45分鐘,,人妻味,人妻味,SNSでナンパした美人人妻,獵豔、已婚婦女、姐姐、通姦、中出、出軌、單體作品、配信専用,波多野結衣,https://www.javbus.com/HTTM-0012,
MBRBA-132 波多野結衣 エクスタシー温泉,MBRBA-132 波多野結衣 エクスタシー温泉,MBRBA-132,,2025-06-20,87分鐘,,マーレーインターナショナル,,,介紹影片、高畫質、單體作品,波多野結衣,https://www.javbus.com/MBRBA-132,
MXGS-1385 唾液ダラダラのとろけるベロキスと寸止め焦らし射精コントロール 波多野結衣,MXGS-1385 唾液ダラダラのとろけるベロキスと寸止め焦らし射精コントロール 波多野結衣,MXGS-1385,,2025-06-16,125分鐘,馨,マキシング,MAXING,ベロキスと射精コントロール,玩具、多P、中出、高畫質、キス・接吻、巨乳、單體作品,波多野結衣,https://www.javbus.com/MXGS-1385,
KAM-248 【コンプラ違反】 生保レディの人妻を枕営業SEX交渉で口説いて濡らしてずっぽりハメたナマナマしすぎる一部始終 其の四 【告発10カメ盗撮】 波多野結衣,KAM-248 【コンプラ違反】 生保レディの人妻を枕営業SEX交渉で口説いて濡らしてずっぽりハメたナマナマしすぎる一部始終 其の四 【告発10カメ盗撮】 波多野結衣,KAM-248,,2025-06-13,113分鐘,,カルマ,卍GROUP,【コンプラ違反】 生保レディの人妻を枕営業SEX交渉で口説いて濡らしてずっぽりハメたナマナマしすぎる一部始終,已婚婦女、偷窥、中出、高畫質、巨乳、單體作品、ビジネススーツ、DMM獨家,波多野結衣,https://www.javbus.com/KAM-248,
CEMD-695 男を拾って飼う女 波多野結衣,CEMD-695 男を拾って飼う女 波多野結衣,CEMD-695,,2025-06-07,153分鐘,K*WEST,セレブの友,,,成熟的女人、中出、高畫質、巨尻、巨乳、單體作品、4K、DMM獨家、自慰,波多野結衣,https://www.javbus.com/CEMD-695,
NGOD-270 スマホを落とした女上司 汗臭い労働者の不潔で臭い巨根にイカサレ堕ちたインテリ妻 波多野結衣,NGOD-270 スマホを落とした女上司 汗臭い労働者の不潔で臭い巨根にイカサレ堕ちたインテリ妻 波多野結衣,NGOD-270,,2025-06-06,125分鐘,,JET映像,卍GROUP,,通姦、中出、高畫質、出軌、デカチン・巨根、巨乳、單體作品、DMM獨家,波多野結衣,https://www.javbus.com/NGOD-270,
HTTM-0006 SNSでナンパした美人人妻が、旦那以外の身体に興奮してドエロい本性さらけ出しちゃいました！ 波多野結衣,HTTM-0006 SNSでナンパした美人人妻が、旦那以外の身体に興奮してドエロい本性さらけ出しちゃいました！ 波多野結衣,HTTM-0006,,2025-05-22,50分鐘,,人妻味,人妻味,SNSでナンパした美人人妻,獵豔、已婚婦女、通姦、出軌、單體作品、配信専用,波多野結衣,https://www.javbus.com/HTTM-0006,
MXGS-1382 息子の友人に寝取られ本能のまま溺れる母 波多野結衣,MXGS-1382 息子の友人に寝取られ本能のまま溺れる母 波多野結衣,MXGS-1382,,2025-05-16,120分鐘,馨,マキシング,MAXING,本能のまま溺れる母,玩具、各種職業、已婚婦女、通姦、中出、高畫質、出軌、キス・接吻、巨乳、アクメ・オーガズム、單體作品,波多野結衣,https://www.javbus.com/MXGS-1382,
PRED-758 爆乳人妻インフルエンサーを中出し専用肉便器化ー拉致監禁・集団輪●・喉奥イラマチオ・鬼畜串刺しファック・精子逆流中出しナマ配信ー 波多野結衣,PRED-758 爆乳人妻インフルエンサーを中出し専用肉便器化ー拉致監禁・集団輪●・喉奥イラマチオ・鬼畜串刺しファック・精子逆流中出しナマ配信ー 波多野結衣,PRED-758,,2025-05-16,135分鐘,GORY松田,プレミアム,エレガンス,,花癡、姐姐、多P、中出、高畫質、巨乳、單體作品、DMM獨家,波多野結衣,https://www.javbus.com/PRED-758,
BTHA-103 パイパンヌード 波多野結衣,BTHA-103 パイパンヌード 波多野結衣,BTHA-103,,2025-05-15,131分鐘,,スパークビジョン,ビューティーヘアー,ビューティーヘアー,介紹影片、高畫質、單體作品,波多野結衣,https://www.javbus.com/BTHA-103,
CEMD-678 恥辱、陵●、とびっこ装着・繁華街デート！31 波多野結衣,CEMD-678 恥辱、陵●、とびっこ装着・繁華街デート！31 波多野結衣,CEMD-678,,2025-05-10,134分鐘,アングラ仁（JIN）,セレブの友,,恥辱、陵●、とびっこ装着・繁華街デート！,成熟的女人、野外・露出、中出、高畫質、巨尻、巨乳、單體作品、4K、DMM獨家,波多野結衣,https://www.javbus.com/CEMD-678,
DGCEMD-678 ★配信限定！特典映像付★恥辱、陵●、とびっこ装着・繁華街デート！31 波多野結衣,DGCEMD-678 ★配信限定！特典映像付★恥辱、陵●、とびっこ装着・繁華街デート！31 波多野結衣,DGCEMD-678,,2025-05-10,156分鐘,,セレブの友,セレブの友,恥辱、陵●、とびっこ装着・繁華街デート！,成熟的女人、野外・露出、中出、高畫質、巨尻、巨乳、單體作品、4K、DMM獨家,波多野結衣,https://www.javbus.com/DGCEMD-678,
HTTM-006 SNSでナンパした美人人妻が、旦那以外の身体に興奮してドエロい本性さらけ出しちゃいました！ 波多野結衣,HTTM-006 SNSでナンパした美人人妻が、旦那以外の身体に興奮してドエロい本性さらけ出しちゃいました！ 波多野結衣,HTTM-006,,2025-05-08,52分鐘,,マキシング,人妻味,SNSでナンパした美人人妻,玩具、已婚婦女、通姦、中出、高畫質、出軌、キス・接吻、巨乳、單體作品,波多野結衣,https://www.javbus.com/HTTM-006,
RVG-237 波多野結衣 BEST VOL.5,RVG-237 波多野結衣 BEST VOL.5,RVG-237,,2025-04-19,240分鐘,,グローリークエスト,GLORY QUEST,BEST（グローリークエスト）,成熟的女人、已婚婦女、多P、4小時以上作品、高畫質、女優ベスト・総集編、單體作品、DMM獨家,波多野結衣,https://www.javbus.com/RVG-237,
MXGS-1379 エステ店開業を目指す友達の母に、開発された僕 波多野結衣,MXGS-1379 エステ店開業を目指す友達の母に、開発された僕 波多野結衣,MXGS-1379,,2025-04-16,127分鐘,馨,マキシング,MAXING,友達の母（マキシング）,玩具、各種職業、已婚婦女、通姦、中出、高畫質、出軌、キス・接吻、巨乳、アクメ・オーガズム、單體作品,波多野結衣,https://www.javbus.com/MXGS-1379,
NKKVR-155 【VR】狂愛！！【8K超肉感特化】極・変態ママが毎朝可愛がってくれるのは成長期の息子！！テカテカジュルジュル濃厚淫性交VR 波多野結衣,NKKVR-155 【VR】狂愛！！【8K超肉感特化】極・変態ママが毎朝可愛がってくれるのは成長期の息子！！テカテカジュルジュル濃厚淫性交VR 波多野結衣,NKKVR-155,,2025-04-14,90分鐘,クワッチー,肉きゅんパラダイスVR,極グループ,極・変態ママVR,蕩婦、成熟的女人、乳交、乳液、中出、女上位、VR専用、巨乳、ハイクオリティVR、單體作品、DMM獨家、8KVR,波多野結衣,https://www.javbus.com/NKKVR-155,
CEAD-676 欲情した非道男に無理矢理ヤラれて、中出し・尻出しされた爆乳巨尻美女 波多野結衣,CEAD-676 欲情した非道男に無理矢理ヤラれて、中出し・尻出しされた爆乳巨尻美女 波多野結衣,CEAD-676,,2025-04-05,156分鐘,,セレブの友,,,成熟的女人、潮吹、中出、高畫質、巨尻、巨乳、單體作品、4K、DMM獨家,波多野結衣,https://www.javbus.com/CEAD-676,
NGOD-258 子供会のマドンナ妻 背徳のねとられ保護者懇親会 波多野結衣,NGOD-258 子供会のマドンナ妻 背徳のねとられ保護者懇親会 波多野結衣,NGOD-258,,2025-04-04,122分鐘,,JET映像,卍GROUP,,已婚婦女、多P、高畫質、出軌、巨乳、單體作品、DMM獨家,波多野結衣,https://www.javbus.com/NGOD-258,
SORA-592 じんかくそうさ洗脳催● ご近所付き合いは放尿で始まり潮吹きで終わる。親しき仲にも洗脳ありwおっと絵画教室のお話編 波多野結衣,SORA-592 じんかくそうさ洗脳催● ご近所付き合いは放尿で始まり潮吹きで終わる。親しき仲にも洗脳ありwおっと絵画教室のお話編 波多野結衣,SORA-592,,2025-03-29,153分鐘,遊星,山と空/妄想族,山と空,じんかくそうさ洗脳催●,已婚婦女、花癡、高畫質、出軌、戲劇、巨乳、單體作品、妄想族、4K、DMM獨家,波多野結衣,https://www.javbus.com/SORA-592,
CEMD-657 ノーブラ熟巨乳ムチムチおっぱいデート 波多野結衣,CEMD-657 ノーブラ熟巨乳ムチムチおっぱいデート 波多野結衣,CEMD-657,,2025-03-22,169分鐘,ケンタブリトニー,セレブの友,,,成熟的女人、野外・露出、中出、高畫質、巨尻、巨乳、單體作品、4K、DMM獨家,波多野結衣,https://www.javbus.com/CEMD-657,
WO-020 抑えられない性欲…ドスケベ淫乱女医 波多野結衣,WO-020 抑えられない性欲…ドスケベ淫乱女医 波多野結衣,WO-020,,2025-03-20,135分鐘,ひょん,WildOne,WildOne,抑えられない性欲…ドスケベ淫乱女医,蕩婦、玩具、女醫生、性感的、女優按摩棒、高畫質、巨乳、單體作品、4K、自慰、迷你裙,波多野結衣,https://www.javbus.com/WO-020,
MXGS-1373 ナンパした露出高めの美女が生意気すぎる絶倫痴女でエロマンガみたいに搾精されてしまった 波多野結衣,MXGS-1373 ナンパした露出高めの美女が生意気すぎる絶倫痴女でエロマンガみたいに搾精されてしまった 波多野結衣,MXGS-1373,,2025-03-16,123分鐘,馨,マキシング,MAXING,ナンパした娘がくそ生意気なメスガキで…,蕩婦、玩具、苗條、屁股、中出、高畫質、キス・接吻、巨乳、單體作品,波多野結衣,https://www.javbus.com/MXGS-1373,
BKD-352 母子交尾～奥利根湖路～ 波多野結衣,BKD-352 母子交尾～奥利根湖路～ 波多野結衣,BKD-352,,2025-03-15,122分鐘,辻甲二,ルビー,旅路,母子交尾,成熟的女人、母親、亂倫、中出、高畫質、巨乳、單體作品、4K、DMM獨家,波多野結衣,https://www.javbus.com/BKD-352,
NGOD-253 保健室の人妻 血気盛んな生徒達のムキムキズル剥け巨根でイカされて… 波多野結衣,NGOD-253 保健室の人妻 血気盛んな生徒達のムキムキズル剥け巨根でイカされて… 波多野結衣,NGOD-253,,2025-03-07,122分鐘,,JET映像,卍GROUP,,已婚婦女、多P、高畫質、出軌、デカチン・巨根、巨乳、單體作品、DMM獨家,波多野結衣,https://www.javbus.com/NGOD-253,
BKH-352 【配信限定特別版】母子交尾～奥利根湖路～ 波多野結衣,BKH-352 【配信限定特別版】母子交尾～奥利根湖路～ 波多野結衣,BKH-352,,2025-03-01,148分鐘,辻甲二,ルビー,旅路,母子交尾,成熟的女人、亂倫、中出、高畫質、温泉、單體作品、DMM獨家、自慰,波多野結衣,https://www.javbus.com/BKH-352,
MAG-062 有名女優とマッチング♪ハウス 波多野結衣,MAG-062 有名女優とマッチング♪ハウス 波多野結衣,MAG-062,,2025-03-01,67分鐘,,マッチングTV,,,第一人稱攝影、纪录片、單體作品、配信専用、フルハイビジョン(FHD)、エステ・マッサージ,波多野結衣,https://www.javbus.com/MAG-062,
JJDA-058 おみまいの妻 波多野結衣,JJDA-058 おみまいの妻 波多野結衣,JJDA-058,,2025-02-28,122分鐘,,熟女大学/熟女卍,卍GROUP,,口交、已婚婦女、中出、高畫質、出軌、巨乳、單體作品、DMM獨家,波多野結衣,https://www.javbus.com/JJDA-058,
MIAB-399 引きこもり自立支援を始めた妻が強靭下半身の元アスリート選手に寝取られてしまった… 波多野結衣,MIAB-399 引きこもり自立支援を始めた妻が強靭下半身の元アスリート選手に寝取られてしまった… 波多野結衣,MIAB-399,,2025-02-28,120分鐘,GORY松田,ムーディーズ,みんなのキカタン,,护士、乳交、中出、高畫質、出軌、巨乳、單體作品、4K、DMM獨家,波多野結衣,https://www.javbus.com/MIAB-399,
LULU-362 残業中、2人きりの社内で仕事に厳しい人妻ピタパン女上司に無自覚デカ尻挑発され反逆即ハメしたら隠れドM気質が発覚したのでSM拘束調教して従順ペット化するまで中出し躾けした。 波多野結衣,LULU-362 残業中、2人きりの社内で仕事に厳しい人妻ピタパン女上司に無自覚デカ尻挑発され反逆即ハメしたら隠れドM気質が発覚したのでSM拘束調教して従順ペット化するまで中出し躾けした。 波多野結衣,LULU-362,,2025-02-28,160分鐘,ナガセスウィング,ルナティックス,LUNATICS,残業中、2人きりの社内で,已婚婦女、中出、高畫質、出軌、巨尻、單體作品、4K、DMM獨家,波多野結衣,https://www.javbus.com/LULU-362,
BDA-209 淫行リゾート 濡れ濡れFUCK 波多野結衣,BDA-209 淫行リゾート 濡れ濡れFUCK 波多野結衣,BDA-209,,2025-02-22,134分鐘,あばしり一姦,バミューダ/妄想族,バミューダ/妄想族,濡れフェチ,蕩婦、其他戀物癖、無毛、中出、高畫質、泳裝、單體作品、妄想族、DMM獨家,波多野結衣,https://www.javbus.com/BDA-209,
AVSA-364 性を吹き込み完璧美女を具現化した男の欲にまみれたセックスの日々 ～何度もドールに精液を注ぎ込み続けた執念の奇跡～ 波多野結衣,AVSA-364 性を吹き込み完璧美女を具現化した男の欲にまみれたセックスの日々 ～何度もドールに精液を注ぎ込み続けた執念の奇跡～ 波多野結衣,AVSA-364,,2025-02-22,111分鐘,毒丸,AVS collector’s,AVSCollector’s,,胖女人、姐姐、妄想、高畫質、娃娃、巨乳、單體作品、4K、DMM獨家,波多野結衣,https://www.javbus.com/AVSA-364,
MADM-195 【4K】隣の奥様は美巨乳インストラクター 軟体BODYで大胆誘惑 夢にまで見た神展開で禁断中出し不倫SEX 波多野結衣,MADM-195 【4K】隣の奥様は美巨乳インストラクター 軟体BODYで大胆誘惑 夢にまで見た神展開で禁断中出し不倫SEX 波多野結衣,MADM-195,,2025-02-22,152分鐘,,クリスタル映像,MADAM MANIAC,隣の奥様は○○インストラクター,蕩婦、口交、乳交、無毛、已婚婦女、69、舔陰、乳液、中出、女上位、手指插入、高畫質、講師、顏面騎乘、顏射、按摩棒、キス・接吻、巨乳、バック、單體作品、4K、DMM獨家、自慰、打手槍,波多野結衣,https://www.javbus.com/MADM-195,
DVMM-205 一般男女モニタリングAV 特設マジックミラーペアルームでNTRオイルエステ体験！新婚夫婦がAV女優＆男優の凄テク施術にイカされっぱなし！波多野結衣＆デカチンセラピスト編,DVMM-205 一般男女モニタリングAV 特設マジックミラーペアルームでNTRオイルエステ体験！新婚夫婦がAV女優＆男優の凄テク施術にイカされっぱなし！波多野結衣＆デカチンセラピスト編,DVMM-205,,2025-02-14,278分鐘,ファンキー・ハセイ,ディープス,DEEP’S,一般男女モニタリングAV,已婚婦女、中出、4小時以上作品、高畫質、出軌、デカチン・巨根、單體作品、DMM獨家,波多野結衣,https://www.javbus.com/DVMM-205,
CRNX-191 【4K】隣の人妻インストラクターと挑発痴女中出しSEX 波多野結衣,CRNX-191 【4K】隣の人妻インストラクターと挑発痴女中出しSEX 波多野結衣,CRNX-191,,2025-02-08,53分鐘,,クリスタル映像,CRYSTAL NEXT,隣の人妻インストラクターと○○SEX,蕩婦、口交、乳交、無毛、已婚婦女、中出、女上位、高畫質、講師、キス・接吻、巨乳、單體作品、4K、DMM獨家、打手槍,波多野結衣,https://www.javbus.com/CRNX-191,
BIJN-269 THE ドキュメント 本能丸出しでする絶頂SEX ドエロBODYに透け透け衣装でイキ狂う快楽中出し性交 波多野結衣,BIJN-269 THE ドキュメント 本能丸出しでする絶頂SEX ドエロBODYに透け透け衣装でイキ狂う快楽中出し性交 波多野結衣,BIJN-269,,2025-02-01,114分鐘,,美人魔女/エマニエル,美人魔女MAX,THE ドキュメント 本能丸出しでする絶頂SEX,成熟的女人、胖女人、纪录片、多P、高畫質、巨乳、單體作品、エマニエル、4K、DMM獨家,波多野結衣,https://www.javbus.com/BIJN-269,
KUM-026 【波多野結衣】犯●れてばかり（；´Д｀） 無意識にダメ男を引き付けるメンヘラ娘！,KUM-026 【波多野結衣】犯●れてばかり（；´Д｀） 無意識にダメ男を引き付けるメンヘラ娘！,KUM-026,,2025-01-22,129分鐘,射案比呂,ブラックドッグ/妄想族,九龍（ブラックドッグ/妄想族）,,紧缚、多P、凌辱、羞恥、高畫質、單體作品、妄想族,波多野結衣,https://www.javbus.com/KUM-026,
NACR-895 予約殺到！満足度100％！美熟女コスプレデリバリー 波多野結衣,NACR-895 予約殺到！満足度100％！美熟女コスプレデリバリー 波多野結衣,NACR-895,,2025-01-05,124分鐘,レコバ,プラネットプラス,七狗留,予約殺到！満足度100％！,角色扮演、成熟的女人、妓女、高畫質、巨尻、巨乳、單體作品、4K,波多野結衣,https://www.javbus.com/NACR-895,
FJIN-053 息子ほど年の離れたバイト先の男子学生達と一泊二日の温泉旅行に来たむっちり巨乳パート主婦は色気ムンムン無自覚誘惑し…俺たちみんな38歳パート主婦ゆいさんのガチ恋勢 波多野結衣,FJIN-053 息子ほど年の離れたバイト先の男子学生達と一泊二日の温泉旅行に来たむっちり巨乳パート主婦は色気ムンムン無自覚誘惑し…俺たちみんな38歳パート主婦ゆいさんのガチ恋勢 波多野結衣,FJIN-053,,2025-01-04,167分鐘,さうだーぢ,FunCity/妄想族,痴人,息子ほど年の離れたバイト先の男子学生達と一泊二日の温泉旅行に来たパート主婦,濫交、已婚婦女、花癡、高畫質、戲劇、巨乳、單體作品、妄想族、4K、DMM獨家,波多野結衣,https://www.javbus.com/FJIN-053,
XVSR-791 波多野結衣の我慢できない極上騎乗位中出しSEX,XVSR-791 波多野結衣の我慢できない極上騎乗位中出しSEX,XVSR-791,,2025-01-04,101分鐘,K.C.武田,マックスエー,MAX-A,極上騎乗位中出しSEX,中出、女上位、高畫質、巨尻、巨乳、ディルド、單體作品、DMM獨家,波多野結衣,https://www.javbus.com/XVSR-791,
SEVEN-008 東京ヤレンダー2 波多野結衣,SEVEN-008 東京ヤレンダー2 波多野結衣,SEVEN-008,,2024-12-20,86分鐘,よーすけ,NANA,NANA,NANA,蕩婦、獵豔、第一人稱攝影、中出、高畫質、巨乳、單體作品,波多野結衣,https://www.javbus.com/SEVEN-008,
MLMM-068 S級美熟女ベスト 波多野結衣 4時間 スレンダー巨乳マドンナ3,MLMM-068 S級美熟女ベスト 波多野結衣 4時間 スレンダー巨乳マドンナ3,MLMM-068,,2024-12-07,240分鐘,,Mellow Moon（メロウムーン）,Mellow Moon（メロウムーン）,美熟女ベスト,苗條、已婚婦女、中出、戲劇、巨乳、單體作品、DMM獨家,波多野結衣,https://www.javbus.com/MLMM-068,
NGOD-241 上京種付物語 旦那の連れ子の相性抜群なズル剥け巨根でイカされて… 波多野結衣,NGOD-241 上京種付物語 旦那の連れ子の相性抜群なズル剥け巨根でイカされて… 波多野結衣,NGOD-241,,2024-12-06,120分鐘,,JET映像,卍GROUP,,亂倫、已婚婦女、高畫質、出軌、デカチン・巨根、巨乳、單體作品、DMM獨家,波多野結衣,https://www.javbus.com/NGOD-241,
GUPP-025 呼び出し痴女ハタノ 男を片っぱしから誘惑して種搾りホールドSEX 波多野結衣,GUPP-025 呼び出し痴女ハタノ 男を片っぱしから誘惑して種搾りホールドSEX 波多野結衣,GUPP-025,,2024-11-30,120分鐘,,GUPPI/妄想族,GUPPI,,蕩婦、多P、中出、女上位、巨乳、單體作品、妄想族、DMM獨家,波多野結衣,https://www.javbus.com/GUPP-025,
XVSR-786 波多野結衣を拘束してひたすらくすぐったら全身が超敏感な性感帯になって気持ち良すぎてガクガクさせながら快感放尿しまくったビデオ,XVSR-786 波多野結衣を拘束してひたすらくすぐったら全身が超敏感な性感帯になって気持ち良すぎてガクガクさせながら快感放尿しまくったビデオ,XVSR-786,,2024-11-30,110分鐘,吉田いくぞう,マックスエー,MAX-A,,胖女人、潮吹、拘束、中出、瘙癢、單體作品、DMM獨家,波多野結衣,https://www.javbus.com/XVSR-786,
VTMN-012 私の一番ヤリたいコト。カメラを忘れて心も体も裸のままでSEXに没頭したい 波多野結衣,VTMN-012 私の一番ヤリたいコト。カメラを忘れて心も体も裸のままでSEXに没頭したい 波多野結衣,VTMN-012,,2024-11-30,120分鐘,,Vitamin/妄想族,Vitamin,私の一番ヤリたいコト。,花癡、多P、中出、美容院、巨乳、單體作品、妄想族、DMM獨家,波多野結衣,https://www.javbus.com/VTMN-012,
MIAB-370 ～夫の上司に犯●れる最強美女～捜査官を辞めて妻になったのに… 波多野結衣,MIAB-370 ～夫の上司に犯●れる最強美女～捜査官を辞めて妻になったのに… 波多野結衣,MIAB-370,,2024-11-29,120分鐘,赤井彗星,ムーディーズ,みんなのキカタン,捜査官を辞めて妻になったのに…,已婚婦女、花癡、女檢察官、中出、高畫質、巨乳、單體作品、DMM獨家,波多野結衣,https://www.javbus.com/MIAB-370,
CEAD-652 フェラチオ美魔女！波多野結衣フェラチオベスト,CEAD-652 フェラチオ美魔女！波多野結衣フェラチオベスト,CEAD-652,,2024-11-23,240分鐘,,セレブの友,,フェラチオベスト,成熟的女人、口交、深喉、主觀視角、女優ベスト・総集編、單體作品、DMM獨家,波多野結衣,https://www.javbus.com/CEAD-652,
HIGM-240 僕が男性不妊だったので、精子提供者に直接中●ししてもらうことになった 波多野結衣,HIGM-240 僕が男性不妊だったので、精子提供者に直接中●ししてもらうことになった 波多野結衣,HIGM-240,,2024-11-22,16分鐘,,ハイライト,ハイライト,,已婚婦女、花癡、乳房、中出、高畫質、巨乳、單體作品,波多野結衣,https://www.javbus.com/HIGM-240,
VRPRD-052 【VR】局部ガン見え状態でマンチラ誘惑してくる近所の巨乳ママさん「旦那まだ帰ってこないけど…どうする？」 波多野結衣,VRPRD-052 【VR】局部ガン見え状態でマンチラ誘惑してくる近所の巨乳ママさん「旦那まだ帰ってこないけど…どうする？」 波多野結衣,VRPRD-052,,2024-11-18,72分鐘,,VRパラダイス,極グループ,,蕩婦、已婚婦女、花癡、中出、VR専用、巨乳、ハイクオリティVR、單體作品、DMM獨家,波多野結衣,https://www.javbus.com/VRPRD-052,
MRSS-159 妻が寝取られている現場に遭遇したのに僕は何もできず、ただ妻が何度もイかされるのを黙って見ていた 波多野結衣,MRSS-159 妻が寝取られている現場に遭遇したのに僕は何もできず、ただ妻が何度もイかされるのを黙って見ていた 波多野結衣,MRSS-159,,2024-11-16,123分鐘,ノートン,ミセスの素顔/エマニエル,,妻が寝取られている現場に遭遇したのに僕は何もできず、ただ妻が何度もイかされるのを黙って見ていた,已婚婦女、中出、高畫質、出軌、巨乳、單體作品、エマニエル、4K、DMM獨家,波多野結衣,https://www.javbus.com/MRSS-159,
BDA-205 女王様の淫行オフィス 波多野結衣,BDA-205 女王様の淫行オフィス 波多野結衣,BDA-205,,2024-11-16,151分鐘,あばしり一姦,バミューダ/妄想族,バミューダ/妄想族,変態オフィス,蕩婦、濫交、足交、顏面騎乘、M男、單體作品、妄想族、DMM獨家,波多野結衣,https://www.javbus.com/BDA-205,
SEVEN-007 既婚者コンパで知り合ったエロすぎる婚外の話 波多野結衣,SEVEN-007 既婚者コンパで知り合ったエロすぎる婚外の話 波多野結衣,SEVEN-007,,2024-11-15,67分鐘,よーすけ,NANA,NANA,俺が体験した,蕩婦、已婚婦女、通姦、主觀視角、高畫質、飲み会・合コン、單體作品,波多野結衣,https://www.javbus.com/SEVEN-007,
PJAB-006 旦那の見ている目の前で他の男に抱かれイキ果てる… 波多野結衣,PJAB-006 旦那の見ている目の前で他の男に抱かれイキ果てる… 波多野結衣,PJAB-006,,2024-11-07,120分鐘,辻甲二,パープルジャム,パープルジャム,,成熟的女人、已婚婦女、高畫質、出軌、戲劇、單體作品,波多野結衣,https://www.javbus.com/PJAB-006,
NACR-873 愛する夫と住むこの家で、私は毎日不倫をしています 波多野結衣,NACR-873 愛する夫と住むこの家で、私は毎日不倫をしています 波多野結衣,NACR-873,,2024-11-05,117分鐘,レコバ,プラネットプラス,七狗留,,無毛、已婚婦女、通姦、中出、高畫質、巨尻、巨乳、單體作品、4K,波多野結衣,https://www.javbus.com/NACR-873,
XVT-015 ノーカット ハメ撮りSEX 波多野結衣,XVT-015 ノーカット ハメ撮りSEX 波多野結衣,XVT-015,,2024-11-01,84分鐘,,マックスエー,MAX-A,ノーカット ハメ撮りSEX,第一人稱攝影、口交、女上位、按摩、高畫質、巨乳、單體作品、DMM獨家,波多野結衣,https://www.javbus.com/XVT-015,
VRPRD-047 【VR】正確無比で規則的一定リズムマシーン杭打ちピストン騎乗位で悶絶焦らさられ極上イキ！！ 波多野結衣,VRPRD-047 【VR】正確無比で規則的一定リズムマシーン杭打ちピストン騎乗位で悶絶焦らさられ極上イキ！！ 波多野結衣,VRPRD-047,,2024-11-01,76分鐘,,VRパラダイス,極グループ,,蕩婦、花癡、中出、女上位、VR専用、巨乳、ハイクオリティVR、單體作品、DMM獨家、8KVR,波多野結衣,https://www.javbus.com/VRPRD-047,
HZGD-285 失楽園性交―繰り返す密会、深まる愛…禁断不倫― 波多野結衣,HZGD-285 失楽園性交―繰り返す密会、深まる愛…禁断不倫― 波多野結衣,HZGD-285,,2024-11-01,107分鐘,ZAMPA,人妻花園劇場,極グループ,失楽園性交,已婚婦女、新娘、年輕妻子、通姦、中出、高畫質、戀愛、出軌、戲劇、花嫁、單體作品、4K,波多野結衣,https://www.javbus.com/HZGD-285,
CEMD-590 演技演出一切なし！照れて惚れるハメ撮り丸一日デート3 波多野結衣,CEMD-590 演技演出一切なし！照れて惚れるハメ撮り丸一日デート3 波多野結衣,CEMD-590,,2024-10-05,154分鐘,,セレブの友,セレブの友,演技演出一切なし！照れて惚れるハメ撮り丸一日デート,成熟的女人、第一人稱攝影、中出、巨尻、巨乳、單體作品、DMM獨家,波多野結衣,https://www.javbus.com/CEMD-590,
GVH-689 映画撮影で寝取られてしまった最愛の妻。 波多野結衣,GVH-689 映画撮影で寝取られてしまった最愛の妻。 波多野結衣,GVH-689,,2024-09-28,154分鐘,ひょん,グローリークエスト,GLORY QUEST,,已婚婦女、中出、高畫質、出軌、戲劇、お爺ちゃん、單體作品、DMM獨家,波多野結衣,https://www.javbus.com/GVH-689,
DOA-074 波多野結衣 緊縛育成Special,DOA-074 波多野結衣 緊縛育成Special,DOA-074,,2024-09-21,133分鐘,六四天安,ブラックドッグ/妄想族,ブラックドッグ/妄想族,M女,紧缚、拘束、凌辱、高畫質、M女、單體作品、妄想族、DMM獨家,波多野結衣,https://www.javbus.com/DOA-074,
MXGS-1349 艶やかなグラマラス美女がハマる性感ぬるぬる絶頂オイルマッサージ 波多野結衣,MXGS-1349 艶やかなグラマラス美女がハマる性感ぬるぬる絶頂オイルマッサージ 波多野結衣,MXGS-1349,,2024-09-16,127分鐘,馨,マキシング,MAXING,オイルマッサージ（マキシング）,玩具、多P、乳液、按摩、高畫質、巨乳、アクメ・オーガズム、單體作品,波多野結衣,https://www.javbus.com/MXGS-1349,
PPPE-257 波多野結衣Gカップ 乳首感度を極限までぶち上げる乳首イキ開発おま●こ決壊お漏らしアクメ,PPPE-257 波多野結衣Gカップ 乳首感度を極限までぶち上げる乳首イキ開発おま●こ決壊お漏らしアクメ,PPPE-257,,2024-09-13,120分鐘,,OPPAI,OPPAI,,苗條、潮吹、多P、高畫質、巨乳、アクメ・オーガズム、單體作品、DMM獨家,波多野結衣,https://www.javbus.com/PPPE-257,
NGOD-224 マッスルバーでマッチョな男達の筋肉にうっとりジュンワリお股を湿らせねとられた妻 波多野結衣,NGOD-224 マッスルバーでマッチョな男達の筋肉にうっとりジュンワリお股を湿らせねとられた妻 波多野結衣,NGOD-224,,2024-09-06,120分鐘,,JET映像,卍GROUP,,已婚婦女、通姦、高畫質、出軌、肌肉、巨乳、單體作品、DMM獨家,波多野結衣,https://www.javbus.com/NGOD-224,
MXGS-1345 限界突破！意識がぶっ飛ぶほどイカされまくる最高潮FUCK 波多野結衣,MXGS-1345 限界突破！意識がぶっ飛ぶほどイカされまくる最高潮FUCK 波多野結衣,MXGS-1345,,2024-08-16,123分鐘,馨,マキシング,MAXING,限界突破！,玩具、苗條、多P、中出、高畫質、巨乳、アクメ・オーガズム、單體作品,波多野結衣,https://www.javbus.com/MXGS-1345,
NGOD-216 夜しか会えない巨根の彼と大人の密会ストーリー 深夜に互いを求め合うだけの濃密不倫SEX 波多野結衣,NGOD-216 夜しか会えない巨根の彼と大人の密会ストーリー 深夜に互いを求め合うだけの濃密不倫SEX 波多野結衣,NGOD-216,,2024-08-09,120分鐘,,JET映像,卍GROUP,,已婚婦女、通姦、高畫質、出軌、デカチン・巨根、巨乳、單體作品、DMM獨家,波多野結衣,https://www.javbus.com/NGOD-216,
SAVR-422 【VR】兄の居ぬ間に…相互チクイキ密会 日夜チクオナで絶頂する巨乳兄嫁に乳首を開発される雑魚チクビの僕 波多野結衣,SAVR-422 【VR】兄の居ぬ間に…相互チクイキ密会 日夜チクオナで絶頂する巨乳兄嫁に乳首を開発される雑魚チクビの僕 波多野結衣,SAVR-422,,2024-07-28,74分鐘,ハメラニアン京都,KMPVR-彩-,KMPVR-彩-,,乳交、已婚婦女、中出、女上位、VR専用、巨乳、ハイクオリティVR、單體作品、DMM獨家、8KVR,波多野結衣,https://www.javbus.com/SAVR-422,
KSBJ-321 卑猥な舌使いで義父を誘惑するおしゃぶり大好き欲求不満妻 波多野結衣,KSBJ-321 卑猥な舌使いで義父を誘惑するおしゃぶり大好き欲求不満妻 波多野結衣,KSBJ-321,,2024-07-13,120分鐘,ジェントル,KSB企画/エマニエル,KSB企画/エマニエル,卑猥な舌使いで義父を誘惑するおしゃぶり大好き欲求不満妻,成熟的女人、口交、已婚婦女、中出、高畫質、單體作品、エマニエル、4K、DMM獨家、自慰,波多野結衣,https://www.javbus.com/KSBJ-321,
SAVR-398 【VR】現場前は、すっごい手コキ。現場後は、すっごいフェラを。凄テクAV女優との新婚生活は毎日ヘトヘトです。波多野結衣,SAVR-398 【VR】現場前は、すっごい手コキ。現場後は、すっごいフェラを。凄テクAV女優との新婚生活は毎日ヘトヘトです。波多野結衣,SAVR-398,,2024-07-06,71分鐘,味噌煮KOMI,KMPVR-彩-,KMPVR-彩-,,口交、中出、主觀視角、VR専用、巨乳、ハイクオリティVR、單體作品、DMM獨家、8KVR、打手槍,波多野結衣,https://www.javbus.com/SAVR-398,
NGOD-212 男に餓える専業主婦 自宅で男を漁り くっさいザーメンを頂きまくる 頂き主婦ゆいさん 波多野結衣,NGOD-212 男に餓える専業主婦 自宅で男を漁り くっさいザーメンを頂きまくる 頂き主婦ゆいさん 波多野結衣,NGOD-212,,2024-07-05,100分鐘,,JET映像,卍GROUP,全日本ねとられ大賞ノミネート作品,蕩婦、已婚婦女、通姦、高畫質、出軌、巨乳、單體作品、DMM獨家,波多野結衣,https://www.javbus.com/NGOD-212,
XVSR-764 汗・潮・ネバネバ唾液が止まらない体液まみれ性交 波多野結衣,XVSR-764 汗・潮・ネバネバ唾液が止まらない体液まみれ性交 波多野結衣,XVSR-764,,2024-06-29,119分鐘,吉田いくぞう,マックスエー,Calen,,蕩婦、潮吹、多P、深喉、高畫質、巨乳、單體作品、DMM獨家,波多野結衣,https://www.javbus.com/XVSR-764,
MXGS-1336 夫の部下に言い寄られ…自宅で裏切りのNTR 波多野結衣,MXGS-1336 夫の部下に言い寄られ…自宅で裏切りのNTR 波多野結衣,MXGS-1336,,2024-06-16,120分鐘,馨,マキシング,MAXING,夫の部下に言い寄られ,姐姐、多P、通姦、中出、高畫質、出軌、キス・接吻、巨乳、單體作品,波多野結衣,https://www.javbus.com/MXGS-1336,
PKGP-011 恋人いちゃラブドキュメント 言わずもがなの最強美女と恋人契約！波多野結衣ちゃんと1日イチャイチャデート,PKGP-011 恋人いちゃラブドキュメント 言わずもがなの最強美女と恋人契約！波多野結衣ちゃんと1日イチャイチャデート,PKGP-011,,2024-06-08,128分鐘,,パコパコ団とゆかいな仲間たち/妄想族,パコパコ団とゆかいな仲間たち/妄想族,恋人いちゃラブドキュメント,第一人稱攝影、乳房、中出、高畫質、巨乳、單體作品、妄想族、DMM獨家,波多野結衣,https://www.javbus.com/PKGP-011,
CEMD-535 「波多野結衣」を本気で酔わせたら～性欲暴走リアルSEXドキュメント,CEMD-535 「波多野結衣」を本気で酔わせたら～性欲暴走リアルSEXドキュメント,CEMD-535,,2024-06-08,151分鐘,,セレブの友,セレブの友,●●を本気で酔わせたら,成熟的女人、花癡、巨乳、アクメ・オーガズム、單體作品、DMM獨家,波多野結衣,https://www.javbus.com/CEMD-535,
NKKD-338 家計の為に仕方無く…ヌ～ドモデルをやらされ恥じらいながらもたっぷりと愛液を漏らしてしまう妻…… 波多野結衣,NKKD-338 家計の為に仕方無く…ヌ～ドモデルをやらされ恥じらいながらもたっぷりと愛液を漏らしてしまう妻…… 波多野結衣,NKKD-338,,2024-06-07,120分鐘,,JET映像,卍GROUP,家計の為に仕方無く…ヌ～ドモデルをやらされた妻……,已婚婦女、通姦、高畫質、出軌、巨尻、巨乳、單體作品、DMM獨家,波多野結衣,https://www.javbus.com/NKKD-338,
TLDC-008 『IKASE Howto』セクシー男優の実践実技テクニックvs波多野結衣！,TLDC-008 『IKASE Howto』セクシー男優の実践実技テクニックvs波多野結衣！,TLDC-008,,2024-06-07,75分鐘,二代目モヒカル組,BOTAN,IKASE,IKASE,纪录片、多P、乳房、高畫質、教學、アクメ・オーガズム、單體作品,波多野結衣,https://www.javbus.com/TLDC-008,
MOON-028 不貞行為を発見した‘サレ妻’は「不倫された辛さを知ってほしいから…」と自宅に間男を呼んで夫の目の前で授かりSEXを見せつける 波多野結衣,MOON-028 不貞行為を発見した‘サレ妻’は「不倫された辛さを知ってほしいから…」と自宅に間男を呼んで夫の目の前で授かりSEXを見せつける 波多野結衣,MOON-028,,2024-06-06,126分鐘,タナカ・ベーコン,YONAKA,,,已婚婦女、通姦、中出、高畫質、戲劇、巨乳、單體作品、4K,波多野結衣,https://www.javbus.com/MOON-028,
NACR-812 波多野結衣におまかせあれ お悩みなんでも相談室「包茎チェリー大学生の場合」,NACR-812 波多野結衣におまかせあれ お悩みなんでも相談室「包茎チェリー大学生の場合」,NACR-812,,2024-06-05,124分鐘,ジェントル,プラネットプラス,七狗留,,成熟的女人、口交、中出、高畫質、巨尻、巨乳、單體作品、4K,波多野結衣,https://www.javbus.com/NACR-812,
SAVR-378 【VR】月給50万で雇われた家政夫の僕が見た！金持ち奥様の角オナシンドローム 波多野結衣,SAVR-378 【VR】月給50万で雇われた家政夫の僕が見た！金持ち奥様の角オナシンドローム 波多野結衣,SAVR-378,,2024-06-01,85分鐘,包丁M,KMPVR-彩-,KMPVR-彩-,,已婚婦女、通姦、中出、VR専用、巨乳、ハイクオリティVR、單體作品、DMM獨家、自慰、8KVR,波多野結衣,https://www.javbus.com/SAVR-378,
TIKB-182 【ハメログ】波多野結衣ちゃんにお酒を飲ませたらヤリマンオーラが全開だったのでそのままハメ撮りしちゃいました ！,TIKB-182 【ハメログ】波多野結衣ちゃんにお酒を飲ませたらヤリマンオーラが全開だったのでそのままハメ撮りしちゃいました ！,TIKB-182,,2024-05-18,188分鐘,,チキチキカマー/妄想族,,【ハメログ】,第一人稱攝影、纪录片、中出、高畫質、巨尻、巨乳、單體作品、妄想族、DMM獨家,波多野結衣,https://www.javbus.com/TIKB-182,
VOTAN-093 『IKUNA！控室にて…』イキ貯め放題ガマントレーニング！おチ●ポなんかに絶対負けないッ！→即負けます 波多野結衣,VOTAN-093 『IKUNA！控室にて…』イキ貯め放題ガマントレーニング！おチ●ポなんかに絶対負けないッ！→即負けます 波多野結衣,VOTAN-093,,2024-05-17,65分鐘,二代目モヒカル組,BOTAN,IKUNA,IKUNA,花癡、乳房、高畫質、アクメ・オーガズム、單體作品,波多野結衣,https://www.javbus.com/VOTAN-093,
IENFH-34710 アナルのシワの数までハッキリわかる！ノーモザイク連続絶頂アナル見せオナニー 波多野結衣,IENFH-34710 アナルのシワの数までハッキリわかる！ノーモザイク連続絶頂アナル見せオナニー 波多野結衣,IENFH-34710,,2024-05-16,10分鐘,,アイエナジー,IENFH,淫語かたりかけオナニー,淫語、主觀視角、高畫質、單體作品、自慰、肛交,波多野結衣,https://www.javbus.com/IENFH-34710,
HOWS-003 How to学園 観たら【絶対】ナンパが上手くなる教科書AV 【マッチングアプリ攻略編】波多野結衣,HOWS-003 How to学園 観たら【絶対】ナンパが上手くなる教科書AV 【マッチングアプリ攻略編】波多野結衣,HOWS-003,,2024-05-11,195分鐘,ゲチェナ狂介,バレマンッ！！/妄想族,How to学園,How to学園,纪录片、學校作品、高畫質、巨乳、單體作品、妄想族、4K、DMM獨家,波多野結衣,https://www.javbus.com/HOWS-003,
NGOD-208 パワハラ気質で生理的にぜったい無理な夫の上司に同行した地方出張で悶絶の絶倫巨根で突かれまくった僕の妻が健闘むなしく翌朝までには快楽堕ちしてしまった……的な話です 波多野結衣,NGOD-208 パワハラ気質で生理的にぜったい無理な夫の上司に同行した地方出張で悶絶の絶倫巨根で突かれまくった僕の妻が健闘むなしく翌朝までには快楽堕ちしてしまった……的な話です 波多野結衣,NGOD-208,,2024-05-10,120分鐘,,JET映像,卍GROUP,パワハラ気質で生理的にぜったい無理な夫の上司に同行した地方出張で…,已婚婦女、高畫質、出軌、デカチン・巨根、巨乳、お風呂、單體作品、DMM獨家,波多野結衣,https://www.javbus.com/NGOD-208,
GVH-643 僕の母は巨乳でデカ尻な上に、性に開放的だったので頼み込んで毎日汗だくセックスさせてもらってます…。 波多野結衣,GVH-643 僕の母は巨乳でデカ尻な上に、性に開放的だったので頼み込んで毎日汗だくセックスさせてもらってます…。 波多野結衣,GVH-643,,2024-04-13,150分鐘,ひょん,グローリークエスト,GLORY QUEST,,母親、亂倫、巨尻、汗だく、巨乳、單體作品、DMM獨家,波多野結衣,https://www.javbus.com/GVH-643,
MIAB-154 メモリアルヌードモデルの代役になったボクのビンビンに膨らんでいるチ●ポに目をつけて 愛液ダラダラ滴っている巨乳お姉さんが5分休憩の度に何度も何度もヌキ鎮めてきます… 波多野結衣,MIAB-154 メモリアルヌードモデルの代役になったボクのビンビンに膨らんでいるチ●ポに目をつけて 愛液ダラダラ滴っている巨乳お姉さんが5分休憩の度に何度も何度もヌキ鎮めてきます… 波多野結衣,MIAB-154,,2024-04-12,150分鐘,ヒモパン・オブ・ジョイトイ,ムーディーズ,みんなのキカタン,,蕩婦、姐姐、中出、高畫質、出軌、巨乳、單體作品、DMM獨家,波多野結衣,https://www.javbus.com/MIAB-154,
GMA-063 緊縛調教妻 土地買収のため奮闘する不動産業者の若妻。交渉難航する温泉宿オヤジの罠に堕ちて… 波多野結衣,GMA-063 緊縛調教妻 土地買収のため奮闘する不動産業者の若妻。交渉難航する温泉宿オヤジの罠に堕ちて… 波多野結衣,GMA-063,,2024-04-06,120分鐘,赤羽菊次郎,グローバルメディアアネックス,グローバルメディアアネックス,緊縛調教妻,成熟的女人、SM、紧缚、凌辱、高畫質、單體作品、4K、DMM獨家,波多野結衣,https://www.javbus.com/GMA-063,
NKKD-328 デカチン近親相姦 息子の硬くソリ返るズル剥けチ●ポにねとられた母 波多野結衣,NKKD-328 デカチン近親相姦 息子の硬くソリ返るズル剥けチ●ポにねとられた母 波多野結衣,NKKD-328,,2024-04-05,120分鐘,,JET映像,卍GROUP,デカチン近親相姦,亂倫、已婚婦女、中出、高畫質、出軌、デカチン・巨根、單體作品、DMM獨家,波多野結衣,https://www.javbus.com/NKKD-328,
XVSR-753 1日中セックスしよッ！ 朝から晩まで、いつでもどこでも本能のままSEX三昧！！ 波多野結衣,XVSR-753 1日中セックスしよッ！ 朝から晩まで、いつでもどこでも本能のままSEX三昧！！ 波多野結衣,XVSR-753,,2024-03-30,120分鐘,K.C.武田,マックスエー,Calen,1日中セックスしよッ！,情侶、裸體圍裙、中出、巨乳、單體作品、DMM獨家、打手槍,波多野結衣,https://www.javbus.com/XVSR-753,
MXDLP-239 波多野結衣ノーカットセレクションvol.7,MXDLP-239 波多野結衣ノーカットセレクションvol.7,MXDLP-239,,2024-03-16,388分鐘,,マキシング,MAXING,ノーカットセレクション,合集、4小時以上作品、高畫質、女優ベスト・総集編、單體作品,波多野結衣,https://www.javbus.com/MXDLP-239,
NKKD-325 泣きジコりNTR 夢やぶれて田舎へ帰る浪人生が下宿先の人妻と別れを惜しんで泣きながらSEXしまくった話 波多野結衣,NKKD-325 泣きジコりNTR 夢やぶれて田舎へ帰る浪人生が下宿先の人妻と別れを惜しんで泣きながらSEXしまくった話 波多野結衣,NKKD-325,,2024-03-08,110分鐘,,JET映像,卍GROUP,泣きジコりNTR,成熟的女人、通姦、高畫質、出軌、巨尻、巨乳、單體作品、DMM獨家,波多野結衣,https://www.javbus.com/NKKD-325,
CLT-085 東京カウントダウン 波多野結衣,CLT-085 東京カウントダウン 波多野結衣,CLT-085,,2024-03-08,73分鐘,川中嶋進,ピーターズ,ピーターズ,東京カウントダウン,潮吹、纪录片、多P、高畫質、巨乳、單體作品、內衣,波多野結衣,https://www.javbus.com/CLT-085,
MRSS-153 NTR旅行 子作り目的で泊まった旅館で排卵日の妻が鬼酷男子大学生たちに中出しされまくった 波多野結衣,MRSS-153 NTR旅行 子作り目的で泊まった旅館で排卵日の妻が鬼酷男子大学生たちに中出しされまくった 波多野結衣,MRSS-153,,2024-03-02,120分鐘,ノートン,ミセスの素顔/エマニエル,ミセスの素顔,NTR旅行,已婚婦女、多P、中出、高畫質、出軌、温泉、單體作品、エマニエル、4K、DMM獨家,波多野結衣,https://www.javbus.com/MRSS-153,
BDA-189 ワルプルギスの虜 悪魔の木馬 波多野結衣,BDA-189 ワルプルギスの虜 悪魔の木馬 波多野結衣,BDA-189,,2024-02-24,140分鐘,あばしり一姦,バミューダ/妄想族,バミューダ/妄想族,ワルプルギスの虜,角色扮演、紧缚、凌辱、觸手、折磨、單體作品、妄想族、DMM獨家,波多野結衣,https://www.javbus.com/BDA-189,
CEMD-488 波多野結衣 未公開完全撮り下ろし2SEX＆スーパーベストBOX 651分 5枚組,CEMD-488 波多野結衣 未公開完全撮り下ろし2SEX＆スーパーベストBOX 651分 5枚組,CEMD-488,,2024-02-24,651分鐘,,セレブの友,セレブの友,未公開完全撮り下ろし＆スーパーベストBOX,成熟的女人、野外・露出、花癡、中出、女優ベスト・総集編、單體作品、DMM獨家,波多野結衣,https://www.javbus.com/CEMD-488,
MXDLP-0227 波多野結衣ノーカットセレクションvol.6,MXDLP-0227 波多野結衣ノーカットセレクションvol.6,MXDLP-0227,,2024-02-16,349分鐘,,MAXING,MAXING,,合集、4小時以上作品、單體作品、配信専用,波多野結衣,https://www.javbus.com/MXDLP-0227,
MXDLP-227 波多野結衣ノーカットセレクションvol.6,MXDLP-227 波多野結衣ノーカットセレクションvol.6,MXDLP-227,,2024-02-16,350分鐘,,マキシング,MAXING,ノーカットセレクション,合集、4小時以上作品、高畫質、女優ベスト・総集編、單體作品,波多野結衣,https://www.javbus.com/MXDLP-227,
HIGM-179 妻の学生時代の元担任教師と妻が生中出しセックスしていた 波多野結衣,HIGM-179 妻の学生時代の元担任教師と妻が生中出しセックスしていた 波多野結衣,HIGM-179,,2024-02-09,22分鐘,,ハイライト,ハイライト,妻の学生時代の元担任教師,已婚婦女、花癡、乳房、中出、高畫質、巨乳、單體作品,波多野結衣,https://www.javbus.com/HIGM-179,
WAWA-020 雨の日に濡れた身体で欲情しまくる人妻 波多野結衣,WAWA-020 雨の日に濡れた身体で欲情しまくる人妻 波多野結衣,WAWA-020,,2024-01-25,168分鐘,しんのすけ,hawaii,ハワイ,人妻（hawaii）,亂倫、已婚婦女、通姦、中出、高畫質、出軌、單體作品,波多野結衣,https://www.javbus.com/WAWA-020,
MEYD-877 マジックミラーオープンハウスで波多野結衣が素人夫を寝取りドキュメント！！,MEYD-877 マジックミラーオープンハウスで波多野結衣が素人夫を寝取りドキュメント！！,MEYD-877,,2024-01-12,150分鐘,ZAMPA,溜池ゴロー,溜池ゴロー,マジックミラーオープンハウスで素人夫を寝取りドキュメント！！,成熟的女人、已婚婦女、纪录片、中出、高畫質、出軌、單體作品、4K、DMM獨家,波多野結衣,https://www.javbus.com/MEYD-877,
CKW-006 呼び出されるのは、いつも決まって昼休み。なのに…射精は9時間後。しかもそれから直後責め。そして結局、連射セックス 波多野結衣,CKW-006 呼び出されるのは、いつも決まって昼休み。なのに…射精は9時間後。しかもそれから直後責め。そして結局、連射セックス 波多野結衣,CKW-006,,2023-12-22,117分鐘,K*WEST,ワープエンタテインメント,COBRA（ワープ）,呼び出されるのは、いつも決まって昼休み,蕩婦、成熟的女人、無毛、淫語、中出、女上位、高畫質、顏面騎乘、M男、單體作品、4K、內衣、打手槍,波多野結衣,https://www.javbus.com/CKW-006,
REBD-801 Yui7 Life of Love and Song・波多野結衣,REBD-801 Yui7 Life of Love and Song・波多野結衣,REBD-801,,2023-12-21,71分鐘,GW小松,REbecca,REbecca,Yui（波多野結衣）,高、介紹影片、性感的、高畫質、巨乳、單體作品,波多野結衣,https://www.javbus.com/REBD-801,
DNJR-113 波多野結衣の金玉遊戯～急所徹底凌●～,DNJR-113 波多野結衣の金玉遊戯～急所徹底凌●～,DNJR-113,,2023-12-16,144分鐘,マボロシ子,犬/妄想族,犬/妄想族,,蕩婦、口交、淫語、高畫質、M男、巨乳、單體作品、妄想族、4K、DMM獨家,波多野結衣,https://www.javbus.com/DNJR-113,
JSOP-032 新・麗しの熟女湯屋 濃厚ねっとり高級ソープ 波多野結衣,JSOP-032 新・麗しの熟女湯屋 濃厚ねっとり高級ソープ 波多野結衣,JSOP-032,,2023-11-25,125分鐘,中野弥生,グローバルメディアエンタテインメント,熟女ソープ,新・麗しの熟女湯屋,成熟的女人、乳液、主觀視角、ヘルス・ソープ、單體作品、DMM獨家,波多野結衣,https://www.javbus.com/JSOP-032,
BDA-183 縛り拷問覚醒 高慢な女上司が縄地獄で発狂 波多野結衣,BDA-183 縛り拷問覚醒 高慢な女上司が縄地獄で発狂 波多野結衣,BDA-183,,2023-11-25,152分鐘,あばしり一姦,バミューダ/妄想族,バミューダ/妄想族,縛り拷問覚醒,SM、紧缚、其他戀物癖、監禁、單體作品、妄想族、DMM獨家,波多野結衣,https://www.javbus.com/BDA-183,
AEGE-018 鬼畜ドS男をドM男に調教 どんな男も手懐ける凄腕,AEGE-018 鬼畜ドS男をドM男に調教 どんな男も手懐ける凄腕,AEGE-018,,2023-11-23,140分鐘,ホルモンヒデキ,AEGEAN,エーゲ,M男責め,蕩婦、拘束,波多野結衣,https://www.javbus.com/AEGE-018,
JUFE-533 悪魔的スローな射精コントロール じっくり肉棒ペットを弄ぶ肉感痴女 波多野結衣,JUFE-533 悪魔的スローな射精コントロール じっくり肉棒ペットを弄ぶ肉感痴女 波多野結衣,JUFE-533,,2023-11-17,160分鐘,夢野あいだ,Fitch,Fitch,悪魔的スローな射精コントロール,蕩婦、淫語、中出、女上位、高畫質、巨乳、單體作品、DMM獨家,波多野結衣,https://www.javbus.com/JUFE-533,
NJPD-005 波多野結衣,NJPD-005 波多野結衣,NJPD-005,,2023-11-15,26分鐘,,新日本AV女優名鑑,新日本AV女優名鑑,,蕩婦、潮吹、無毛、姐姐、主觀視角、高畫質、單體作品、4K,波多野結衣,https://www.javbus.com/NJPD-005,
CEMD-425 わがままの多い小悪魔スイート彼女 波多野結衣,CEMD-425 わがままの多い小悪魔スイート彼女 波多野結衣,CEMD-425,,2023-11-11,139分鐘,,セレブの友,セレブの友,,成熟的女人、花癡、中出、女優按摩棒、アクメ・オーガズム、單體作品、DMM獨家,波多野結衣,https://www.javbus.com/CEMD-425,
DGCEMD-425 ★配信限定！特典映像付★わがままの多い小悪魔スイート彼女 波多野結衣,DGCEMD-425 ★配信限定！特典映像付★わがままの多い小悪魔スイート彼女 波多野結衣,DGCEMD-425,,2023-11-11,176分鐘,,セレブの友,セレブの友,,成熟的女人、花癡、中出、女優按摩棒、高畫質、アクメ・オーガズム、單體作品、4K、DMM獨家,波多野結衣,https://www.javbus.com/DGCEMD-425,
NKKD-303 透けパン桃尻NTR ゴミ屋敷の掃除に来た弟嫁のぷりけつに後ろからずぼっと鬼ピストン孕ませ中出し！ 波多野結衣,NKKD-303 透けパン桃尻NTR ゴミ屋敷の掃除に来た弟嫁のぷりけつに後ろからずぼっと鬼ピストン孕ませ中出し！ 波多野結衣,NKKD-303,,2023-11-10,120分鐘,,JET映像,卍GROUP,,已婚婦女、高畫質、出軌、巨尻、巨乳、單體作品、DMM獨家,波多野結衣,https://www.javbus.com/NKKD-303,
SAN-177 とある理由で会社のカネを横領し蒸発した夫の代わりに畜生上司に体を捧げ身も心やさぐれて廃人になった人妻 波多野結衣,SAN-177 とある理由で会社のカネを横領し蒸発した夫の代わりに畜生上司に体を捧げ身も心やさぐれて廃人になった人妻 波多野結衣,SAN-177,,2023-10-31,123分鐘,アイランド渡鹿野,マザー,マザー（マザー）,,已婚婦女、通姦、乳房、高畫質、出軌、戲劇、單體作品,波多野結衣,https://www.javbus.com/SAN-177,
VEQ-238 S級熟女コンプリートファイル 波多野結衣 6時間 其之四,VEQ-238 S級熟女コンプリートファイル 波多野結衣 6時間 其之四,VEQ-238,,2023-10-20,360分鐘,,VENUS,女神（ヴィーナス）,S級熟女（VENUS）,成熟的女人、已婚婦女、乳房、中出、女優ベスト・総集編、單體作品、DMM獨家,波多野結衣,https://www.javbus.com/VEQ-238,
MRHP-027 宅配トラブルにご注意！服の上からでもわかる人妻の大きなお尻に我慢できなくなり、連日生挿入して中出しした悪徳運送屋 波多野結衣,MRHP-027 宅配トラブルにご注意！服の上からでもわかる人妻の大きなお尻に我慢できなくなり、連日生挿入して中出しした悪徳運送屋 波多野結衣,MRHP-027,,2023-10-14,128分鐘,ノートン,ミセスの素顔/エマニエル,ミセスのお尻,我慢できなくなり、連日生挿入して中出しした悪徳運送屋,已婚婦女、屁股、中出、高畫質、巨尻、單體作品、エマニエル、4K、DMM獨家,波多野結衣,https://www.javbus.com/MRHP-027,
HIGM-159 愛する妻が1年間資産家の性奴●になる専属中出し肉便器契約 波多野結衣,HIGM-159 愛する妻が1年間資産家の性奴●になる専属中出し肉便器契約 波多野結衣,HIGM-159,,2023-10-13,15分鐘,,ハイライト,ハイライト,愛する妻が1年間資産家の性奴●になる専属中出し肉便器契約,已婚婦女、花癡、乳房、中出、高畫質、巨乳、單體作品,波多野結衣,https://www.javbus.com/HIGM-159,
MBF-027 【FANZA独占】【配信専用】波多野結衣 完全収録BEST 24時間,MBF-027 【FANZA独占】【配信専用】波多野結衣 完全収録BEST 24時間,MBF-027,,2023-10-01,1443分鐘,,マックスエー,MAX-A,,OL、妓女、已婚婦女、姐姐、高畫質、16時間以上作品、單體作品、DMM獨家,波多野結衣,https://www.javbus.com/MBF-027,
GML-117 田舎の近親相姦 ひとつ屋根の下で暮らす義父が嫁を●す瞬間 波多野結衣 後編,GML-117 田舎の近親相姦 ひとつ屋根の下で暮らす義父が嫁を●す瞬間 波多野結衣 後編,GML-117,,2023-09-22,48分鐘,,グローバルメディアエンタテインメント,グローバルメディアライト,田舎の近親相姦,成熟的女人、亂倫、已婚婦女、新娘、年輕妻子、中出、高畫質、出軌、戲劇、單體作品、DMM獨家,波多野結衣,https://www.javbus.com/GML-117,
GML-116 田舎の近親相姦 ひとつ屋根の下で暮らす義父が嫁を●す瞬間 波多野結衣 前編,GML-116 田舎の近親相姦 ひとつ屋根の下で暮らす義父が嫁を●す瞬間 波多野結衣 前編,GML-116,,2023-09-22,73分鐘,,グローバルメディアエンタテインメント,グローバルメディアライト,田舎の近親相姦,成熟的女人、亂倫、已婚婦女、新娘、年輕妻子、中出、高畫質、出軌、戲劇、單體作品、DMM獨家,波多野結衣,https://www.javbus.com/GML-116,
JUQ-385 美尻と魔性の微笑みで僕を誘惑する人妻パーソナルトレーナー 逆NTR 波多野結衣,JUQ-385 美尻と魔性の微笑みで僕を誘惑する人妻パーソナルトレーナー 逆NTR 波多野結衣,JUQ-385,,2023-09-22,120分鐘,朝霧浄,マドンナ,Madonna,美尻と魔性の微笑みで僕を誘惑する人妻パーソナルトレーナー 逆NTR,蕩婦、成熟的女人、各種職業、已婚婦女、高畫質、巨尻、單體作品、DMM獨家,波多野結衣,https://www.javbus.com/JUQ-385,
NACR-709 性欲絶倫主婦中出し懇願裏バイト 波多野結衣,NACR-709 性欲絶倫主婦中出し懇願裏バイト 波多野結衣,NACR-709,,2023-09-20,121分鐘,ひむろっく,プラネットプラス,七狗留,,玩具、無毛、中出、高畫質、巨乳、單體作品、吞精,波多野結衣,https://www.javbus.com/NACR-709,
MXDLP-0178 波多野結衣ノーカットセレクション vol.5,MXDLP-0178 波多野結衣ノーカットセレクション vol.5,MXDLP-0178,,2023-09-16,379分鐘,,MAXING,MAXING,ノーカットセレクション,合集、4小時以上作品、單體作品、配信専用,波多野結衣,https://www.javbus.com/MXDLP-0178,
MXDLP-178 波多野結衣ノーカットセレクションvol.5,MXDLP-178 波多野結衣ノーカットセレクションvol.5,MXDLP-178,,2023-09-16,380分鐘,,マキシング,MAXING,ノーカットセレクション,合集、4小時以上作品、高畫質、女優ベスト・総集編、單體作品,波多野結衣,https://www.javbus.com/MXDLP-178,
MXGS-1303 拘束絶頂 ～身動きが取れない状況で痙攣イキするえっちなオマ○コ 波多野結衣,MXGS-1303 拘束絶頂 ～身動きが取れない状況で痙攣イキするえっちなオマ○コ 波多野結衣,MXGS-1303,,2023-09-16,122分鐘,馨,マキシング,MAXING,拘束絶頂,玩具、口交、多P、乳房、拘束、高畫質、キス・接吻、アクメ・オーガズム、單體作品,波多野結衣,https://www.javbus.com/MXGS-1303,
NKKD-294 嫁の母親 バカ嫁が浮気して出てったので嫁の母親を呼びつけて抗議したら…「娘がごめんなさい…戻るまで家のこと私が代わりにしますから…」なんて言うもんで嫁の代わりに色々やらせた件 波多野結衣,NKKD-294 嫁の母親 バカ嫁が浮気して出てったので嫁の母親を呼びつけて抗議したら…「娘がごめんなさい…戻るまで家のこと私が代わりにしますから…」なんて言うもんで嫁の代わりに色々やらせた件 波多野結衣,NKKD-294,,2023-09-08,120分鐘,,JET映像,卍GROUP,,已婚婦女、花癡、婆婆、高畫質、出軌、巨乳、單體作品、DMM獨家,波多野結衣,https://www.javbus.com/NKKD-294,
GQHB-006 【記念価格】波多野結衣 初監督記念【福袋】「私がガチで選んだ☆彡」33時間まるごと16作～熟女、巨乳、近親相姦、痴女、淫語から傲慢女、拘束、痴女、M女まで！世界が認めるエロい女、波多野結衣のあらゆる痴態をノーカット収録！～,GQHB-006 【記念価格】波多野結衣 初監督記念【福袋】「私がガチで選んだ☆彡」33時間まるごと16作～熟女、巨乳、近親相姦、痴女、淫語から傲慢女、拘束、痴女、M女まで！世界が認めるエロい女、波多野結衣のあらゆる痴態をノーカット収録！～,GQHB-006,,2023-09-02,2010分鐘,,グローリークエスト,GLORY QUEST,,蕩婦、成熟的女人、亂倫、已婚婦女、高畫質、16時間以上作品、設置項目、巨乳、單體作品、DMM獨家,波多野結衣,https://www.javbus.com/GQHB-006,
XVSR-723 隣に住んでる綺麗なお姉さんがじつはド淫乱のシ●タコンだった件 波多野結衣,XVSR-723 隣に住んでる綺麗なお姉さんがじつはド淫乱のシ●タコンだった件 波多野結衣,XVSR-723,,2023-09-02,103分鐘,K.C.武田,マックスエー,Calen,,蕩婦、口交、姐姐、惡作劇、正太控、單體作品、DMM獨家,波多野結衣,https://www.javbus.com/XVSR-723,
MBRBA-107 波多野結衣 美女のハダカ,MBRBA-107 波多野結衣 美女のハダカ,MBRBA-107,,2023-08-30,88分鐘,,マーレーインターナショナル,,美女のハダカ,介紹影片、高畫質、單體作品,波多野結衣,https://www.javbus.com/MBRBA-107,
DGCEMD-383 ★配信限定！特典映像付★「一切しゃべるの禁止！」どうしても漏れるアエギ声と濡れたマ○コの音響くSEX 波多野結衣,DGCEMD-383 ★配信限定！特典映像付★「一切しゃべるの禁止！」どうしても漏れるアエギ声と濡れたマ○コの音響くSEX 波多野結衣,DGCEMD-383,,2023-08-19,160分鐘,,セレブの友,セレブの友,,成熟的女人、花癡、拘束、中出、高畫質、アクメ・オーガズム、單體作品、4K、DMM獨家,波多野結衣,https://www.javbus.com/DGCEMD-383,
CEMD-383 「一切しゃべるの禁止！」どうしても漏れるアエギ声と濡れたマ○コの音響くSEX 波多野結衣,CEMD-383 「一切しゃべるの禁止！」どうしても漏れるアエギ声と濡れたマ○コの音響くSEX 波多野結衣,CEMD-383,,2023-08-19,129分鐘,,セレブの友,セレブの友,,成熟的女人、花癡、拘束、中出、アクメ・オーガズム、單體作品、DMM獨家,波多野結衣,https://www.javbus.com/CEMD-383,
MXDLP-0168 波多野結衣ノーカットセレクション vol.4,MXDLP-0168 波多野結衣ノーカットセレクション vol.4,MXDLP-0168,,2023-08-16,390分鐘,,MAXING,MAXING,ノーカットセレクション,合集、乳房、4小時以上作品、配信専用,波多野結衣,https://www.javbus.com/MXDLP-0168,
MXDLP-168 波多野結衣ノーカットセレクションvol.4,MXDLP-168 波多野結衣ノーカットセレクションvol.4,MXDLP-168,,2023-08-16,391分鐘,,マキシング,MAXING,ノーカットセレクション,合集、4小時以上作品、高畫質、女優ベスト・総集編、單體作品,波多野結衣,https://www.javbus.com/MXDLP-168,
MMKZ-132 お姉さんの巨尻が猥褻過ぎて秒殺で悩殺！！2 波多野結衣,MMKZ-132 お姉さんの巨尻が猥褻過ぎて秒殺で悩殺！！2 波多野結衣,MMKZ-132,,2023-08-12,154分鐘,宮本小次郎,MARRION,IRIS,お姉さんの巨尻が猥褻過ぎて秒殺で悩殺！！,屁股、高畫質、巨尻、單體作品、4K、DMM獨家,波多野結衣,https://www.javbus.com/MMKZ-132,
LULU-227 「絶対に擦るだけだからね…」くびれ巨乳叔母さんの股間に素股でグリグリしつこく若硬ち○ぽを擦りつけてたら焦らされま○こが濡れすぎてまさかの先っぽヌルッと生挿入！！痙攣イキする敏感膣に締めつけられ何度も連続中出し！！ 波多野結衣,LULU-227 「絶対に擦るだけだからね…」くびれ巨乳叔母さんの股間に素股でグリグリしつこく若硬ち○ぽを擦りつけてたら焦らされま○こが濡れすぎてまさかの先っぽヌルッと生挿入！！痙攣イキする敏感膣に締めつけられ何度も連続中出し！！ 波多野結衣,LULU-227,,2023-07-29,160分鐘,ナガセスウィング,ルナティックス,LUNATICS,,已婚婦女、中出、高畫質、巨乳、叔母さん、單體作品、4K、DMM獨家,波多野結衣,https://www.javbus.com/LULU-227,
HIGM-178 妻の学生時代の元担任教師と妻がハメ撮りしていた 波多野結衣,HIGM-178 妻の学生時代の元担任教師と妻がハメ撮りしていた 波多野結衣,HIGM-178,,2023-07-28,17分鐘,,ハイライト,ハイライト,,已婚婦女、花癡、乳房、中出、高畫質、巨乳、單體作品,波多野結衣,https://www.javbus.com/HIGM-178,
PED-033 たった7時間2人っきりにしてみたら…結果、12発セックスしてました。 波多野結衣,PED-033 たった7時間2人っきりにしてみたら…結果、12発セックスしてました。 波多野結衣,PED-033,,2023-07-28,129分鐘,一ノ瀬くるみ,ドリームチケット,,2人っきりにしてみたら…,蕩婦、第一人稱攝影、無毛、姐姐、乳房、女優按摩棒、高畫質、ファン感謝・訪問、キス・接吻、デート、單體作品、4K,波多野結衣,https://www.javbus.com/PED-033,
AVSA-255 ‘INGO’ IN GOD ECSTASY 下品で卑猥な淫語を囁いて男達の下半身を支配する！ スケベ痴女淫語 波多野結衣,AVSA-255 ‘INGO’ IN GOD ECSTASY 下品で卑猥な淫語を囁いて男達の下半身を支配する！ スケベ痴女淫語 波多野結衣,AVSA-255,,2023-07-22,129分鐘,Buddha D,AVS collector’s,AVSCollector’s,‘INGO’ IN GOD ECSTASY,淫語、已婚婦女、高畫質、M男、ビッチ、巨乳、單體作品、4K、DMM獨家,波多野結衣,https://www.javbus.com/AVSA-255,
MXDLP-0157 波多野結衣ノーカットセレクション vol.3,MXDLP-0157 波多野結衣ノーカットセレクション vol.3,MXDLP-0157,,2023-07-16,491分鐘,,MAXING,MAXING,ノーカットセレクション,合集、乳房、4小時以上作品、單體作品、配信専用,波多野結衣,https://www.javbus.com/MXDLP-0157,
MXDLP-157 波多野結衣ノーカットセレクションvol.3,MXDLP-157 波多野結衣ノーカットセレクションvol.3,MXDLP-157,,2023-07-16,492分鐘,,マキシング,MAXING,ノーカットセレクション,合集、4小時以上作品、高畫質、女優ベスト・総集編、單體作品,波多野結衣,https://www.javbus.com/MXDLP-157,
DGCEMD-359 ★配信限定！特典映像付★男の全身を舐めまわして脳イキする痴女 波多野結衣,DGCEMD-359 ★配信限定！特典映像付★男の全身を舐めまわして脳イキする痴女 波多野結衣,DGCEMD-359,,2023-07-08,178分鐘,,セレブの友,セレブの友,,蕩婦、成熟的女人、濫交、多P、高畫質、アクメ・オーガズム、單體作品、4K、DMM獨家,波多野結衣,https://www.javbus.com/DGCEMD-359,
CEMD-359 男の全身を舐めまわして脳イキする痴女 波多野結衣,CEMD-359 男の全身を舐めまわして脳イキする痴女 波多野結衣,CEMD-359,,2023-07-08,134分鐘,,セレブの友,セレブの友,,蕩婦、成熟的女人、濫交、多P、アクメ・オーガズム、單體作品、DMM獨家,波多野結衣,https://www.javbus.com/CEMD-359,
NACR-684 たわわな胸元を見せつけ誘惑してくる上司の奥さん 波多野結衣,NACR-684 たわわな胸元を見せつけ誘惑してくる上司の奥さん 波多野結衣,NACR-684,,2023-07-05,121分鐘,ひむろっく,プラネットプラス,七狗留,たわわな胸元を見せつけ誘惑してくる上司の奥さん,蕩婦、無毛、已婚婦女、中出、高畫質、巨乳、單體作品,波多野結衣,https://www.javbus.com/NACR-684,
GVH-556 エロガキくんの夏休み～シ○タ3兄弟が美人奥様に仕組んだ8つのイタズラ～ 波多野結衣,GVH-556 エロガキくんの夏休み～シ○タ3兄弟が美人奥様に仕組んだ8つのイタズラ～ 波多野結衣,GVH-556,,2023-07-01,160分鐘,ひょん,グローリークエスト,GLORY QUEST,,已婚婦女、多P、惡作劇、中出、正太控、單體作品、DMM獨家,波多野結衣,https://www.javbus.com/GVH-556,
VENX-218 「おばさんの下着で興奮するの？」脱ぎたてのパンティで甥っ子の精子を一滴残らず搾りとる叔母 波多野結衣,VENX-218 「おばさんの下着で興奮するの？」脱ぎたてのパンティで甥っ子の精子を一滴残らず搾りとる叔母 波多野結衣,VENX-218,,2023-06-23,100分鐘,SARU,VENUS,INCEST（ヴィーナス）,脱ぎたてのパンティで甥っ子の精子を一滴残らず搾りとる叔母,成熟的女人、已婚婦女、乳房、中出、單體作品、DMM獨家、內衣,波多野結衣,https://www.javbus.com/VENX-218,
MXDLP-0147 波多野結衣ノーカットセレクションvol.2,MXDLP-0147 波多野結衣ノーカットセレクションvol.2,MXDLP-0147,,2023-06-16,513分鐘,,MAXING,MAXING,ノーカットセレクション,合集、花癡、中出、4小時以上作品、巨乳、單體作品,波多野結衣,https://www.javbus.com/MXDLP-0147,
MXDLP-147 波多野結衣ノーカットセレクションvol.2,MXDLP-147 波多野結衣ノーカットセレクションvol.2,MXDLP-147,,2023-06-16,514分鐘,,マキシング,MAXING,ノーカットセレクション,合集、4小時以上作品、高畫質、女優ベスト・総集編、單體作品,波多野結衣,https://www.javbus.com/MXDLP-147,
XVSR-709 シコサポ！！エステティシャン波多野結衣のASMR囁き淫語で脳までトロける最高のオイルマッサージ,XVSR-709 シコサポ！！エステティシャン波多野結衣のASMR囁き淫語で脳までトロける最高のオイルマッサージ,XVSR-709,,2023-06-10,117分鐘,シャンティYAZAWA,マックスエー,Calen,シコサポ！！,淫語、乳液、按摩、主觀視角、高畫質、單體作品、DMM獨家、打手槍,波多野結衣,https://www.javbus.com/XVSR-709,
MIAA-858 膣内放尿される快感に目覚めてしまった私 波多野結衣,MIAA-858 膣内放尿される快感に目覚めてしまった私 波多野結衣,MIAA-858,,2023-06-02,120分鐘,赤井彗星,ムーディーズ,みんなのキカタン,,放尿、口交、已婚婦女、花癡、數位馬賽克、中出、高畫質、單體作品、DMM獨家,波多野結衣,https://www.javbus.com/MIAA-858,
BDA-174 闇の飼育 晒された割れ目 波多野結衣,BDA-174 闇の飼育 晒された割れ目 波多野結衣,BDA-174,,2023-05-20,158分鐘,あばしり一姦,バミューダ/妄想族,バミューダ/妄想族,闇の飼育,紧缚、無毛、中出、瘙癢、高畫質、單體作品、妄想族、DMM獨家,波多野結衣,https://www.javbus.com/BDA-174,
MXDLP-137 波多野結衣ノーカットセレクション,MXDLP-137 波多野結衣ノーカットセレクション,MXDLP-137,,2023-05-16,472分鐘,,マキシング,MAXING,ノーカットセレクション,合集、4小時以上作品、高畫質、女優ベスト・総集編、單體作品,波多野結衣,https://www.javbus.com/MXDLP-137,
HZGD-245 「もう…もうイってるってばぁぁぁぁ！」大っ嫌いな義兄に夫のいない時間を狙われて死ぬほど何百回もイカされ何度も中出しされました。 波多野結衣,HZGD-245 「もう…もうイってるってばぁぁぁぁ！」大っ嫌いな義兄に夫のいない時間を狙われて死ぬほど何百回もイカされ何度も中出しされました。 波多野結衣,HZGD-245,,2023-05-05,116分鐘,大崎広浩治,人妻花園劇場,image（人妻花園劇場）,,玩具、已婚婦女、新娘、年輕妻子、中出、高畫質、戲劇、巨乳、花嫁、單體作品、4K、自慰,波多野結衣,https://www.javbus.com/HZGD-245,
CEMD-324 「これで終わりなんて許さない」精子が出なくなるまで責めまくる手加減知らずの痴女！！ 波多野結衣,CEMD-324 「これで終わりなんて許さない」精子が出なくなるまで責めまくる手加減知らずの痴女！！ 波多野結衣,CEMD-324,,2023-04-22,126分鐘,,セレブの友,セレブの友,,蕩婦、成熟的女人、放尿、潮吹、アクメ・オーガズム、單體作品、DMM獨家,波多野結衣,https://www.javbus.com/CEMD-324,
DGCEMD-324 ★配信限定！特典映像付★「これで終わりなんて許さない」精子が出なくなるまで責めまくる手加減知らずの痴女！！ 波多野結衣,DGCEMD-324 ★配信限定！特典映像付★「これで終わりなんて許さない」精子が出なくなるまで責めまくる手加減知らずの痴女！！ 波多野結衣,DGCEMD-324,,2023-04-22,175分鐘,,セレブの友,セレブの友,,蕩婦、成熟的女人、放尿、潮吹、高畫質、アクメ・オーガズム、單體作品、4K、DMM獨家,波多野結衣,https://www.javbus.com/DGCEMD-324,
MRSS-144 酔っ払って帰ってきた妻が間違って隣人のゴミ部屋へ入ってしまい、僕と勘違いして中年オヤジに発情して中出しセックスした話 波多野結衣,MRSS-144 酔っ払って帰ってきた妻が間違って隣人のゴミ部屋へ入ってしまい、僕と勘違いして中年オヤジに発情して中出しセックスした話 波多野結衣,MRSS-144,,2023-04-15,124分鐘,ノートン,ミセスの素顔/エマニエル,ミセスの素顔,僕と勘違いして中年オヤジに発情して中出しセックスした話,已婚婦女、中出、高畫質、出軌、巨乳、單體作品、エマニエル、4K、DMM獨家,波多野結衣,https://www.javbus.com/MRSS-144,
RVG-192 波多野結衣 BEST VOL.4,RVG-192 波多野結衣 BEST VOL.4,RVG-192,,2023-04-01,240分鐘,,グローリークエスト,GLORY QUEST,BEST（グローリークエスト）,成熟的女人、已婚婦女、多P、女優ベスト・総集編、單體作品、DMM獨家,波多野結衣,https://www.javbus.com/RVG-192,
XVSR-702 超絶濃厚！煩悩全開ねっとり中出しSEX12プレイ 波多野結衣,XVSR-702 超絶濃厚！煩悩全開ねっとり中出しSEX12プレイ 波多野結衣,XVSR-702,,2023-04-01,252分鐘,MAX-IKA,マックスエー,Calen,,已婚婦女、中出、4小時以上作品、高畫質、女優ベスト・総集編、巨乳、單體作品、DMM獨家,波多野結衣,https://www.javbus.com/XVSR-702,
HIGM-158 愛する妻が1年間資産家の性奴●になる愛人契約 波多野結衣,HIGM-158 愛する妻が1年間資産家の性奴●になる愛人契約 波多野結衣,HIGM-158,,2023-03-24,12分鐘,,ハイライト,ハイライト,愛する妻が1年間資産家の性奴●になる愛人契約,已婚婦女、花癡、乳房、中出、高畫質、巨乳、單體作品,波多野結衣,https://www.javbus.com/HIGM-158,
VOTAN-036 波多野とお風呂に入りませんか？ 波多野結衣,VOTAN-036 波多野とお風呂に入りませんか？ 波多野結衣,VOTAN-036,,2023-03-17,138分鐘,龍村凛,BOTAN,牡丹（BOTAN）,一緒にお風呂に入りませんか,第一人稱攝影、通姦、中出、主觀視角、高畫質、温泉、單體作品,波多野結衣,https://www.javbus.com/VOTAN-036,
KIWVR-484 【VR】深夜1時、日帰り出張先で終電逃してまさかの【死ぬほど大嫌いな部下と相部屋】に…。泥●中に襲われ凄テクでイカされ潮噴射…完全に快楽堕ちした【口内射精・中出し3発・顔射】美人先輩OL 波多野結衣,KIWVR-484 【VR】深夜1時、日帰り出張先で終電逃してまさかの【死ぬほど大嫌いな部下と相部屋】に…。泥●中に襲われ凄テクでイカされ潮噴射…完全に快楽堕ちした【口内射精・中出し3発・顔射】美人先輩OL 波多野結衣,KIWVR-484,,2023-03-14,73分鐘,クワッチー,こあらVR,こあらVR極,3Dハメ撮りVR改【大嫌いな○○と相部屋】,第一人稱攝影、潮吹、中出、出軌、顏射、VR専用、巨乳、ハイクオリティVR、單體作品、DMM獨家,波多野結衣,https://www.javbus.com/KIWVR-484,
JUQ-237 放課後の濡れ透けプール掃除、憧れの水泳部顧問と二人きり…。 波多野結衣,JUQ-237 放課後の濡れ透けプール掃除、憧れの水泳部顧問と二人きり…。 波多野結衣,JUQ-237,,2023-03-10,120分鐘,豆沢豆太郎,マドンナ,Madonna,,成熟的女人、女教師、已婚婦女、數位馬賽克、高畫質、巨乳、單體作品、DMM獨家、學校泳裝,波多野結衣,https://www.javbus.com/JUQ-237,
KIWVR-477 【VR】「ダメです…赤ちゃん出来ちゃうからぁぁ」【ゴム有専門店】のソープランドで大人気の凄テク美巨乳風俗嬢に【こっそりゴムを外して無許可で大量中出し！】危険日のムラムラ早漏マ○コをガン突きすると生ハメち○ぽと中出しの快楽で痙攣絶頂連発！… 波多野結衣,KIWVR-477 【VR】「ダメです…赤ちゃん出来ちゃうからぁぁ」【ゴム有専門店】のソープランドで大人気の凄テク美巨乳風俗嬢に【こっそりゴムを外して無許可で大量中出し！】危険日のムラムラ早漏マ○コをガン突きすると生ハメち○ぽと中出しの快楽で痙攣絶頂連発！… 波多野結衣,KIWVR-477,,2023-02-27,85分鐘,こあら太郎（わ）,こあらVR,こあらVR極,無許可中出し！危険日孕ませソープ,乳交、妓女、乳液、中出、女上位、VR専用、巨乳、ハイクオリティVR、單體作品、DMM獨家,波多野結衣,https://www.javbus.com/KIWVR-477,
VRKM-873 【VR】宅配行ったらはたちゃん家だった！？官能的な腰使いとエッチな言葉で抜かれまくったミラクル筆おろし体験 波多野結衣,VRKM-873 【VR】宅配行ったらはたちゃん家だった！？官能的な腰使いとエッチな言葉で抜かれまくったミラクル筆おろし体験 波多野結衣,VRKM-873,,2023-02-24,87分鐘,青空射精ティーチャー,ケイ・エム・プロデュース,KMPVR,,蕩婦、乳交、中出、女上位、VR専用、巨乳、ハイクオリティVR、單體作品、DMM獨家,波多野結衣,https://www.javbus.com/VRKM-873,
MRHP-017 秘書がプリケツすぎて我慢できない！人妻であろうと関係なく社長命令と称して毎日中出し 波多野結衣,MRHP-017 秘書がプリケツすぎて我慢できない！人妻であろうと関係なく社長命令と称して毎日中出し 波多野結衣,MRHP-017,,2023-02-18,128分鐘,ノートン,ミセスの素顔/エマニエル,ミセスのお尻,人妻であろうと関係なく社長命令と称して毎日中出し,已婚婦女、屁股、秘書、中出、高畫質、巨尻、單體作品、エマニエル、4K、DMM獨家,波多野結衣,https://www.javbus.com/MRHP-017,
BKD-302 母子交尾【上州月夜路】 波多野結衣,BKD-302 母子交尾【上州月夜路】 波多野結衣,BKD-302,,2023-02-18,121分鐘,辻甲二,ルビー,旅路,母子交尾,和服・喪服、成熟的女人、母親、亂倫、温泉、單體作品、DMM獨家,波多野結衣,https://www.javbus.com/BKD-302,
DVDMS-920 アナル舐められ波多野結衣 撮影前の発酵ケツ穴を嗅がれ舐めほじられリアル赤面イキ！！尻穴ヒクヒク丸出しで肛門クンニを求め…アナル舐めさせ新境地SEX！おしっこマン汁が染み込んだ肛門シワまで味わってほしいと願った 世界のデカ尻レジェンド痴女,DVDMS-920 アナル舐められ波多野結衣 撮影前の発酵ケツ穴を嗅がれ舐めほじられリアル赤面イキ！！尻穴ヒクヒク丸出しで肛門クンニを求め…アナル舐めさせ新境地SEX！おしっこマン汁が染み込んだ肛門シワまで味わってほしいと願った 世界のデカ尻レジェンド痴女,DVDMS-920,,2023-02-17,240分鐘,元藤ペロ,ディープス,flavors（フレーバーズ）,,蕩婦、企畫、放尿、屁股、舔陰、單體作品、DMM獨家,波多野結衣,https://www.javbus.com/DVDMS-920,
MBKD-091 激安！100円でもヌケる 母子交尾 波多野結衣,MBKD-091 激安！100円でもヌケる 母子交尾 波多野結衣,MBKD-091,,2023-02-14,34分鐘,辻甲二,ルビー,旅路,母子交尾,成熟的女人、母親、亂倫、高畫質、DMM專屬、温泉、單體作品、DMM獨家、自慰,波多野結衣,https://www.javbus.com/MBKD-091,
REBD-717 Yui6 Bring you everything・波多野結衣,REBD-717 Yui6 Bring you everything・波多野結衣,REBD-717,,2023-02-02,75分鐘,タイガー小堺,REbecca,REbecca,Yui（波多野結衣）,高、介紹影片、性感的、高畫質、巨乳、單體作品,波多野結衣,https://www.javbus.com/REBD-717,
DPSVR-004 【VR】レジェンド級の凄テクに魅了される濃厚風俗体験！波多野結衣がたっぷりご奉仕する夢の4シチュエーション！,DPSVR-004 【VR】レジェンド級の凄テクに魅了される濃厚風俗体験！波多野結衣がたっぷりご奉仕する夢の4シチュエーション！,DPSVR-004,,2023-01-19,89分鐘,毒丸,ディープス,ディープスVR,,美少女、中出、VR専用、ハイクオリティVR、ヘルス・ソープ、單體作品、DMM獨家,波多野結衣,https://www.javbus.com/DPSVR-004,
SAN-095 これが最強の美魔女！たっぷり波多野結衣デラックス,SAN-095 これが最強の美魔女！たっぷり波多野結衣デラックス,SAN-095,,2023-01-17,273分鐘,,マザー,マザー（マザー）,,合集、已婚婦女、纪录片、通姦、4小時以上作品、高畫質、出軌、單體作品,波多野結衣,https://www.javbus.com/SAN-095,
NBES-059 復刻版謝恩価格1980円 隣人の情婦になってしまった妻6 波多野結衣,NBES-059 復刻版謝恩価格1980円 隣人の情婦になってしまった妻6 波多野結衣,NBES-059,,2023-01-06,120分鐘,,JET映像,卍GROUP,社会派ねとられドラマ,已婚婦女、花癡、高畫質、出軌、複刻版、單體作品、DMM獨家,波多野結衣,https://www.javbus.com/NBES-059,
MYBA-053 人妻の花びらめくり 波多野結衣,MYBA-053 人妻の花びらめくり 波多野結衣,MYBA-053,,2022-12-17,135分鐘,黄色いヒョウ,人妻援護会/エマニエル,人妻援護会/エマニエル,人妻の花びらめくり,成熟的女人、已婚婦女、中出、高畫質、巨乳、單體作品、エマニエル、DMM獨家,波多野結衣,https://www.javbus.com/MYBA-053,
NGOD-183 すけべで下品な親方が風俗嬢を悦ばせるため陰茎増大手術した魔改造25cm巨砲で術後の試し撃ちをされメロメロにされた僕の妻 波多野結衣,NGOD-183 すけべで下品な親方が風俗嬢を悦ばせるため陰茎増大手術した魔改造25cm巨砲で術後の試し撃ちをされメロメロにされた僕の妻 波多野結衣,NGOD-183,,2022-12-09,120分鐘,,JET映像,卍GROUP,,已婚婦女、高畫質、出軌、デカチン・巨根、巨尻、巨乳、單體作品、DMM獨家,波多野結衣,https://www.javbus.com/NGOD-183,
YMDS-124 いちゃラブ宅飲み濃厚べろちゅう密着せっくちゅ 波多野結衣が彼女になった日,YMDS-124 いちゃラブ宅飲み濃厚べろちゅう密着せっくちゅ 波多野結衣が彼女になった日,YMDS-124,,2022-12-03,130分鐘,,桃太郎映像出版,若桃,いちゃラブ,玩具、第一人稱攝影、口交、潮吹、中出、單體作品、DMM獨家,波多野結衣,https://www.javbus.com/YMDS-124,
GVH-482 お色気P●A会長と悪ガキ生徒会 波多野結衣 GVH-482,GVH-482 お色気P●A会長と悪ガキ生徒会 波多野結衣 GVH-482,GVH-482,,2022-12-03,125分鐘,ひょん,グローリークエスト,GLORY QUEST,お色気P○A会長と悪ガキ生徒会,花癡、多P、中出、正太控、眼鏡、單體作品、DMM獨家,波多野結衣,https://www.javbus.com/GVH-482,
STCESD-094 【お得セット】波多野結衣の街頭ガチ口説きレズナンパ！・めがねをかけたオンナはエロい！・波多野結衣がやりたい事だけを撮影してみた,STCESD-094 【お得セット】波多野結衣の街頭ガチ口説きレズナンパ！・めがねをかけたオンナはエロい！・波多野結衣がやりたい事だけを撮影してみた,STCESD-094,,2022-11-09,434分鐘,,セレブの友,セレブの友（お得セット）,,成熟的女人、女同性戀、淫語、4小時以上作品、女同接吻、高畫質、眼鏡、設置項目、單體作品、DMM獨家,波多野結衣,https://www.javbus.com/STCESD-094,
VRKM-793 【VR】大好きな彼女は超有名AV女優！？最近AV新法で撮影が少なくなってしまい、性欲が収まらない彼女とずーっとハメっぱなしの朝までイチャイチャお泊まりSEX 波多野結衣,VRKM-793 【VR】大好きな彼女は超有名AV女優！？最近AV新法で撮影が少なくなってしまい、性欲が収まらない彼女とずーっとハメっぱなしの朝までイチャイチャお泊まりSEX 波多野結衣,VRKM-793,,2022-11-08,84分鐘,矢澤レシーブ,ケイ・エム・プロデュース,KMPVR,,乳房、中出、女上位、主觀視角、VR専用、ハイクオリティVR、單體作品、DMM獨家,波多野結衣,https://www.javbus.com/VRKM-793,
MVG-035 黒人のデカマラに欲情を抑えきれないパパ活OLのびしょ濡れパイパンマ●コに濃厚中出しSEX 結衣 波多野結衣,MVG-035 黒人のデカマラに欲情を抑えきれないパパ活OLのびしょ濡れパイパンマ●コに濃厚中出しSEX 結衣 波多野結衣,MVG-035,,2022-10-29,130分鐘,,グローリークエスト,GLORY QUEST,,OL、無毛、中出、デカチン・巨根、單體作品、DMM獨家、黑人演員,波多野結衣,https://www.javbus.com/MVG-035,
BIBIVR-089 【VR】深淵に咲く女華 最高の美貌とベロテクで男をイカせる昇天全身リップヘルス 波多野結衣,BIBIVR-089 【VR】深淵に咲く女華 最高の美貌とベロテクで男をイカせる昇天全身リップヘルス 波多野結衣,BIBIVR-089,,2022-10-28,86分鐘,ハルク・コーガン,KMPVR-bibi-,KMPVR-bibi-,,蕩婦、口交、妓女、中出、女上位、VR専用、ハイクオリティVR、單體作品、DMM獨家,波多野結衣,https://www.javbus.com/BIBIVR-089,
HKT-746 嫉妬で見境なくなったらアソコが数倍も敏感に！ 波多野結衣,HKT-746 嫉妬で見境なくなったらアソコが数倍も敏感に！ 波多野結衣,HKT-746,,2022-10-19,22分鐘,,HyakkinTV,HyakkinTV,,潮吹、姐姐、中出、高畫質、單體作品、DMM獨家,波多野結衣,https://www.javbus.com/HKT-746,
HKT-745 SEXをガマンした後は本気で気持ち良いSEXができる説 波多野結衣,HKT-745 SEXをガマンした後は本気で気持ち良いSEXができる説 波多野結衣,HKT-745,,2022-10-17,14分鐘,,HyakkinTV,HyakkinTV,,偷窥、姐姐、高畫質、單體作品、DMM獨家,波多野結衣,https://www.javbus.com/HKT-745,
JUFE-432 絶対的上から目線で美巨乳痴女が淫語コントロール 射精を支配される究極主観JOI 波多野結衣,JUFE-432 絶対的上から目線で美巨乳痴女が淫語コントロール 射精を支配される究極主観JOI 波多野結衣,JUFE-432,,2022-10-14,150分鐘,夢野あいだ,Fitch,Fitch,射精を支配される究極主観JOI,蕩婦、淫語、數位馬賽克、主觀視角、高畫質、M男、巨乳、單體作品、DMM獨家,波多野結衣,https://www.javbus.com/JUFE-432,
IESP-601-F 麻薬捜査官 ヤク漬け膣痙攣 波多野結衣,IESP-601-F 麻薬捜査官 ヤク漬け膣痙攣 波多野結衣,IESP-601-F,,2022-10-06,130分鐘,バンビーノ☆プリン,アイエナジー,IESP,麻薬捜査官,,波多野結衣,https://www.javbus.com/IESP-601-F,
BTH-230 こんな女に顔射したい 波多野結衣,BTH-230 こんな女に顔射したい 波多野結衣,BTH-230,,2022-09-30,35分鐘,,CHoBitcH,チョビッチ！,こんな女に顔射したい,蕩婦、和服・喪服、多P、高畫質、顏射、單體作品,波多野結衣,https://www.javbus.com/BTH-230,
NACR-583 ノーブラノーパン管理人をシェアするハウス 波多野結衣,NACR-583 ノーブラノーパン管理人をシェアするハウス 波多野結衣,NACR-583,,2022-09-05,124分鐘,ディレクターO,プラネットプラス,七狗留,ノーブラノーパン管理人をシェアするハウス,多P、中出、高畫質、ノーブラ、ノーパン、單體作品、自慰,波多野結衣,https://www.javbus.com/NACR-583,
CEAD-422 波多野結衣2枚組ハイパーベスト5時間01分,CEAD-422 波多野結衣2枚組ハイパーベスト5時間01分,CEAD-422,,2022-08-20,301分鐘,,セレブの友,セレブの友,ハイパーベスト,成熟的女人、花癡、女檢察官、女優ベスト・総集編、單體作品、DMM獨家,波多野結衣,https://www.javbus.com/CEAD-422,
BDA-165 フルコース完全制覇 全体位中出しSEX 波多野結衣,BDA-165 フルコース完全制覇 全体位中出しSEX 波多野結衣,BDA-165,,2022-08-20,143分鐘,あばしり一姦,バミューダ/妄想族,バミューダ/妄想族,,乳交、屁股、中出、キス・接吻、汗だく、單體作品、妄想族、DMM獨家,波多野結衣,https://www.javbus.com/BDA-165,
YRNKMTNSERO-276 女から腰を振るSEX！ ～更なる快楽求めるドスケベ女は腰クイま●こ擦りつけが止められない～ 波多野結衣,YRNKMTNSERO-276 女から腰を振るSEX！ ～更なる快楽求めるドスケベ女は腰クイま●こ擦りつけが止められない～ 波多野結衣,YRNKMTNSERO-276,,2022-08-19,65分鐘,神田うさぎ,アリスJAPAN,ヨリヌキ,,口交、緊身衣、女上位、美容院、手指插入、高畫質、顏面騎乘、キス・接吻、バック、單體作品,波多野結衣,https://www.javbus.com/YRNKMTNSERO-276,
TV-708 逆ナンした素人と3Pしたらさすがのハタノも撃沈！膣から大量精子がw 波多野結衣,TV-708 逆ナンした素人と3Pしたらさすがのハタノも撃沈！膣から大量精子がw 波多野結衣,TV-708,,2022-08-12,11分鐘,,HyakkinTV,HyakkinTV,,獵豔、姐姐、多P、中出、高畫質、單體作品、DMM獨家,波多野結衣,https://www.javbus.com/TV-708,
TV-707 童貞くんをナンパして優しく精子を膣で受け止めちゃう世界のハタノ 波多野結衣,TV-707 童貞くんをナンパして優しく精子を膣で受け止めちゃう世界のハタノ 波多野結衣,TV-707,,2022-08-11,9分鐘,,HyakkinTV,HyakkinTV,,獵豔、姐姐、中出、高畫質、處男、單體作品、DMM獨家,波多野結衣,https://www.javbus.com/TV-707,
J-99242 【清楚崩壊】義父を世話する美人妻 波多野結衣 義父に抱かれて編,J-99242 【清楚崩壊】義父を世話する美人妻 波多野結衣 義父に抱かれて編,J-99242,,2022-08-01,31分鐘,,JUKUJO99,JUKUJO99,義父を世話する美人妻,苗條、已婚婦女、高畫質、巨乳、バック、單體作品、DMM獨家,波多野結衣,https://www.javbus.com/J-99242,
YRNKMTNSERO-284 校内歩くだけでそのパンスト美脚に全男子生徒が勃起する！有害指定痴女教師のヤリすぎ性活指導 波多野結衣,YRNKMTNSERO-284 校内歩くだけでそのパンスト美脚に全男子生徒が勃起する！有害指定痴女教師のヤリすぎ性活指導 波多野結衣,YRNKMTNSERO-284,,2022-07-22,61分鐘,神田うさぎ,アリスJAPAN,ヨリヌキ,,蕩婦、女教師、口交、連褲襪、戀腿癖、女上位、足交、高畫質、バック、單體作品,波多野結衣,https://www.javbus.com/YRNKMTNSERO-284,
NACR-557 発情母 波多野結衣,NACR-557 発情母 波多野結衣,NACR-557,,2022-07-05,122分鐘,ディレクターO,プラネットプラス,七狗留,発情母,蕩婦、亂倫、已婚婦女、中出、高畫質、單體作品、自慰,波多野結衣,https://www.javbus.com/NACR-557,
ZZZM-249 狂気で快楽の悶絶イキの美女 波多野結衣 Part.3,ZZZM-249 狂気で快楽の悶絶イキの美女 波多野結衣 Part.3,ZZZM-249,,2022-06-30,17分鐘,,メスイキ,メスイキ,狂気で快楽の悶絶イキの美女,成熟的女人、拘束、殘忍畫面、高畫質、單體作品,波多野結衣,https://www.javbus.com/ZZZM-249,
ZZZM-252 狂気で快楽の悶絶イキの美女 波多野結衣 Part.6,ZZZM-252 狂気で快楽の悶絶イキの美女 波多野結衣 Part.6,ZZZM-252,,2022-06-30,19分鐘,,メスイキ,メスイキ,狂気で快楽の悶絶イキの美女,成熟的女人、口交、高畫質、巨乳、單體作品,波多野結衣,https://www.javbus.com/ZZZM-252,
ZZZM-248 狂気で快楽の悶絶イキの美女 波多野結衣 Part.2,ZZZM-248 狂気で快楽の悶絶イキの美女 波多野結衣 Part.2,ZZZM-248,,2022-06-30,19分鐘,,メスイキ,メスイキ,狂気で快楽の悶絶イキの美女,成熟的女人、拘束、殘忍畫面、高畫質、單體作品,波多野結衣,https://www.javbus.com/ZZZM-248,
ZZZM-251 狂気で快楽の悶絶イキの美女 波多野結衣 Part.5,ZZZM-251 狂気で快楽の悶絶イキの美女 波多野結衣 Part.5,ZZZM-251,,2022-06-30,19分鐘,,メスイキ,メスイキ,狂気で快楽の悶絶イキの美女,成熟的女人、拘束、殘忍畫面、高畫質、單體作品,波多野結衣,https://www.javbus.com/ZZZM-251,
ZZZM-247 狂気で快楽の悶絶イキの美女 波多野結衣 Part.1,ZZZM-247 狂気で快楽の悶絶イキの美女 波多野結衣 Part.1,ZZZM-247,,2022-06-30,13分鐘,,メスイキ,メスイキ,狂気で快楽の悶絶イキの美女,成熟的女人、拘束、殘忍畫面、高畫質、單體作品,波多野結衣,https://www.javbus.com/ZZZM-247,
ZZZM-250 狂気で快楽の悶絶イキの美女 波多野結衣 Part.4,ZZZM-250 狂気で快楽の悶絶イキの美女 波多野結衣 Part.4,ZZZM-250,,2022-06-30,19分鐘,,メスイキ,メスイキ,狂気で快楽の悶絶イキの美女,成熟的女人、拘束、殘忍畫面、高畫質、單體作品,波多野結衣,https://www.javbus.com/ZZZM-250,
CEMD-189 ～溢れる性衝動に溺れるオンナ～セックス・ドンナ 波多野結衣 完全撮り下ろし激エロ・4SEX,CEMD-189 ～溢れる性衝動に溺れるオンナ～セックス・ドンナ 波多野結衣 完全撮り下ろし激エロ・4SEX,CEMD-189,,2022-06-25,171分鐘,,セレブの友,セレブの友,完全撮り下ろし激エロ・SEX,成熟的女人、粗暴、中出、巨尻、巨乳、單體作品、DMM獨家,波多野結衣,https://www.javbus.com/CEMD-189,
VRKM-651 【VR】波多野結衣 ULTRA BEST,VRKM-651 【VR】波多野結衣 ULTRA BEST,VRKM-651,,2022-06-13,223分鐘,K太郎,ケイ・エム・プロデュース,KMPVR,VR BEST,合集、乳房、中出、VR専用、ハイクオリティVR、單體作品、DMM獨家,波多野結衣,https://www.javbus.com/VRKM-651,
MLMM-008 S級美熟女ベスト 波多野結衣 4時間 スレンダー巨乳マドンナ2,MLMM-008 S級美熟女ベスト 波多野結衣 4時間 スレンダー巨乳マドンナ2,MLMM-008,,2022-06-11,240分鐘,,Mellow Moon（メロウムーン）,Mellow Moon（メロウムーン）,美熟女ベスト,苗條、已婚婦女、中出、戲劇、巨乳、單體作品、DMM獨家,波多野結衣,https://www.javbus.com/MLMM-008,
CEMD-186 エッチな身体を今スグお届け！『波多野結衣』を召し上がれ！,CEMD-186 エッチな身体を今スグお届け！『波多野結衣』を召し上がれ！,CEMD-186,,2022-06-11,133分鐘,,セレブの友,セレブの友,,蕩婦、成熟的女人、各種職業、巨尻、巨乳、單體作品、DMM獨家,波多野結衣,https://www.javbus.com/CEMD-186,
MRSS-135 妻との子どもが欲しいが僕が男性不妊だったので、精子提供者に直接中出ししてもらうことになった 波多野結衣,MRSS-135 妻との子どもが欲しいが僕が男性不妊だったので、精子提供者に直接中出ししてもらうことになった 波多野結衣,MRSS-135,,2022-06-04,118分鐘,夢咲イチロー,ミセスの素顔/エマニエル,ミセスの素顔,,已婚婦女、羞恥、中出、出軌、巨乳、單體作品、エマニエル、DMM獨家,波多野結衣,https://www.javbus.com/MRSS-135,
CEMD-160 魅惑のランジェリーナ 波多野結衣,CEMD-160 魅惑のランジェリーナ 波多野結衣,CEMD-160,,2022-04-23,119分鐘,,セレブの友,セレブの友,,蕩婦、成熟的女人、玩具、口交、淫語、花癡、巨尻、巨乳、單體作品、DMM獨家、自慰、內衣,波多野結衣,https://www.javbus.com/CEMD-160,
BDA-158 14年口説き続けて遂に実現！ 黒人解禁 真・黒い衝撃 波多野結衣,BDA-158 14年口説き続けて遂に実現！ 黒人解禁 真・黒い衝撃 波多野結衣,BDA-158,,2022-04-23,140分鐘,あばしり一姦,バミューダ/妄想族,バミューダ/妄想族,黒い衝撃,其他戀物癖、深喉、中出、單體作品、妄想族、DMM獨家、打手槍、黑人演員,波多野結衣,https://www.javbus.com/BDA-158,
DGCEMD-160 ★配信限定！特典映像付★魅惑のランジェリーナ 波多野結衣,DGCEMD-160 ★配信限定！特典映像付★魅惑のランジェリーナ 波多野結衣,DGCEMD-160,,2022-04-23,142分鐘,,セレブの友,,,蕩婦、成熟的女人、高畫質、巨尻、巨乳、單體作品、4K、DMM獨家、內衣,波多野結衣,https://www.javbus.com/DGCEMD-160,
ZZZA-217 最高に美しい美女遊戯 波多野結衣 Part.4,ZZZA-217 最高に美しい美女遊戯 波多野結衣 Part.4,ZZZA-217,,2022-03-22,18分鐘,,ズボズバ,ズボズバ,最高に美しい美女遊戯,蕩婦、姐姐、高畫質、巨尻、巨乳、單體作品,波多野結衣,https://www.javbus.com/ZZZA-217,
ZZZA-216 最高に美しい美女遊戯 波多野結衣 Part.3,ZZZA-216 最高に美しい美女遊戯 波多野結衣 Part.3,ZZZA-216,,2022-03-22,19分鐘,,ズボズバ,ズボズバ,最高に美しい美女遊戯,蕩婦、姐姐、高畫質、巨尻、巨乳、單體作品,波多野結衣,https://www.javbus.com/ZZZA-216,
ZZZA-215 最高に美しい美女遊戯 波多野結衣 Part.2,ZZZA-215 最高に美しい美女遊戯 波多野結衣 Part.2,ZZZA-215,,2022-03-22,20分鐘,,ズボズバ,ズボズバ,最高に美しい美女遊戯,蕩婦、姐姐、高畫質、巨尻、巨乳、單體作品,波多野結衣,https://www.javbus.com/ZZZA-215,
ZZZA-218 最高に美しい美女遊戯 波多野結衣 Part.5,ZZZA-218 最高に美しい美女遊戯 波多野結衣 Part.5,ZZZA-218,,2022-03-22,20分鐘,,ズボズバ,ズボズバ,最高に美しい美女遊戯,蕩婦、姐姐、高畫質、巨尻、巨乳、單體作品,波多野結衣,https://www.javbus.com/ZZZA-218,
ZZZA-214 最高に美しい美女遊戯 波多野結衣 Part.1,ZZZA-214 最高に美しい美女遊戯 波多野結衣 Part.1,ZZZA-214,,2022-03-22,20分鐘,,ズボズバ,ズボズバ,最高に美しい美女遊戯,蕩婦、姐姐、高畫質、巨尻、巨乳、單體作品,波多野結衣,https://www.javbus.com/ZZZA-214,
DGCEMD-145 ★配信限定！特典映像付★ゴミ屋敷に住む巨乳美人2 波多野結衣 ～ゴミに囲まれマ○コ濡らす巨乳変態女の痴態！,DGCEMD-145 ★配信限定！特典映像付★ゴミ屋敷に住む巨乳美人2 波多野結衣 ～ゴミに囲まれマ○コ濡らす巨乳変態女の痴態！,DGCEMD-145,,2022-03-19,166分鐘,,セレブの友,,ゴミ屋敷に住む巨乳美人,成熟的女人、口交、高畫質、戲劇、巨尻、巨乳、單體作品、4K、DMM獨家,波多野結衣,https://www.javbus.com/DGCEMD-145,
CEMD-145 ゴミ屋敷に住む巨乳美人2 波多野結衣 ～ゴミに囲まれマ○コ濡らす巨乳変態女の痴態！,CEMD-145 ゴミ屋敷に住む巨乳美人2 波多野結衣 ～ゴミに囲まれマ○コ濡らす巨乳変態女の痴態！,CEMD-145,,2022-03-19,139分鐘,,セレブの友,セレブの友,ゴミ屋敷に住む巨乳美人,成熟的女人、玩具、口交、花癡、戲劇、顏面騎乘、顏射、巨尻、巨乳、單體作品、DMM獨家、打手槍,波多野結衣,https://www.javbus.com/CEMD-145,
NYH-209 主人がいる横で絶倫義父との不倫SEXにマ○コ熱くさせてる人妻/波多野結衣,NYH-209 主人がいる横で絶倫義父との不倫SEXにマ○コ熱くさせてる人妻/波多野結衣,NYH-209,,2022-02-22,40分鐘,,ディレクターズ,ニャンニャンハウス,不倫SEXにマ○コ熱くさせてる人妻,已婚婦女、高畫質、出軌、內衣、單體作品,波多野結衣,https://www.javbus.com/NYH-209,
ZZZA-121 美女限界昇天悶絶SEX 波多野結衣,ZZZA-121 美女限界昇天悶絶SEX 波多野結衣,ZZZA-121,,2022-02-22,20分鐘,,ズボズバ,ズボズバ,,成熟的女人、苗條、中出、高畫質、巨乳、單體作品,波多野結衣,https://www.javbus.com/ZZZA-121,
CEMD-134 時間を止める力を持ったド淫乱痴女！波多野結衣 ～その力を利用して男達を何回も射精させた！,CEMD-134 時間を止める力を持ったド淫乱痴女！波多野結衣 ～その力を利用して男達を何回も射精させた！,CEMD-134,,2022-02-19,139分鐘,,セレブの友,セレブの友,,蕩婦、成熟的女人、戲劇、巨尻、巨乳、單體作品、DMM獨家,波多野結衣,https://www.javbus.com/CEMD-134,
DGCEMD-134 ★配信限定！特典映像付★時間を止める力を持ったド淫乱痴女！波多野結衣 ～その力を利用して男達を何回も射精させた！,DGCEMD-134 ★配信限定！特典映像付★時間を止める力を持ったド淫乱痴女！波多野結衣 ～その力を利用して男達を何回も射精させた！,DGCEMD-134,,2022-02-19,175分鐘,,セレブの友,,,蕩婦、成熟的女人、高畫質、戲劇、巨尻、巨乳、單體作品、4K、DMM獨家,波多野結衣,https://www.javbus.com/DGCEMD-134,
RVG-156 波多野結衣BEST VOL.3 マニアックス,RVG-156 波多野結衣BEST VOL.3 マニアックス,RVG-156,,2022-02-12,480分鐘,,グローリークエスト,GLORY QUEST,BEST（グローリークエスト）,蕩婦、拘束、中出、女優ベスト・総集編、單體作品、DMM獨家,波多野結衣,https://www.javbus.com/RVG-156,
HJMO-487 夫婦で挑戦！波多野結衣の凄テクで夫が2回イカされたら妻が寝取られナマ中出しSEX！,HJMO-487 夫婦で挑戦！波多野結衣の凄テクで夫が2回イカされたら妻が寝取られナマ中出しSEX！,HJMO-487,,2022-02-11,200分鐘,,はじめ企画,はじめ企画,夫婦で挑戦,蕩婦、苗條、已婚婦女、數位馬賽克、中出、高畫質、出軌、單體作品、DMM獨家,波多野結衣,https://www.javbus.com/HJMO-487,
CEMD-122 未公開映像大放出！波多野結衣が魅せるメガネ痴女SEX＆寸止め痴女SEX！ ～デカチンを激しく責めるレジェント痴女『波多野結衣』の魅力！,CEMD-122 未公開映像大放出！波多野結衣が魅せるメガネ痴女SEX＆寸止め痴女SEX！ ～デカチンを激しく責めるレジェント痴女『波多野結衣』の魅力！,CEMD-122,,2022-02-05,140分鐘,,セレブの友,セレブの友,,蕩婦、成熟的女人、花癡、主觀視角、巨乳、單體作品、DMM獨家,波多野結衣,https://www.javbus.com/CEMD-122,
SPIVR-013 【VR】1週間限定 セックスのプロと同棲 1DK＋波多野結衣付きウィークリーマンション,SPIVR-013 【VR】1週間限定 セックスのプロと同棲 1DK＋波多野結衣付きウィークリーマンション,SPIVR-013,,2022-01-30,105分鐘,,SPICY VR,SPICY VR,,蕩婦、口交、中出、女上位、VR専用、ハイクオリティVR、單體作品、打手槍,波多野結衣,https://www.javbus.com/SPIVR-013,
GVH-353 昼の上司は夜の奴● 波多野結衣,GVH-353 昼の上司は夜の奴● 波多野結衣,GVH-353,,2022-01-29,120分鐘,薄刃紫翠,グローリークエスト,GLORY QUEST,,紧缚、花癡、女上司、M女、單體作品、DMM獨家,波多野結衣,https://www.javbus.com/GVH-353,
VRKM-530 【VR】波多野結衣の「ちゃんと射精出来たらご褒美LOVEチュウしてあげる！」,VRKM-530 【VR】波多野結衣の「ちゃんと射精出来たらご褒美LOVEチュウしてあげる！」,VRKM-530,,2022-01-21,73分鐘,包丁M,ケイ・エム・プロデュース,KMPVR,ご褒美LOVEチュウ,乳交、中出、ファン感謝・訪問、キス・接吻、VR専用、巨乳、ハイクオリティVR、單體作品、DMM獨家,波多野結衣,https://www.javbus.com/VRKM-530,
CEMD-111 キャンピングカーでエッチしようよ！3 波多野結衣 ～大胆SEX！車内・屋外関係なしに性欲に溺れる淫らな2人！,CEMD-111 キャンピングカーでエッチしようよ！3 波多野結衣 ～大胆SEX！車内・屋外関係なしに性欲に溺れる淫らな2人！,CEMD-111,,2022-01-08,139分鐘,,セレブの友,セレブの友,キャンピングカーでエッチしようよ！,成熟的女人、汽車性愛、中出、女上位、巨乳、單體作品、DMM獨家,波多野結衣,https://www.javbus.com/CEMD-111,
NXG-368 S級熟女 ヘﾞストセレクション 波多野結衣 ？HATANO YUI？,NXG-368 S級熟女 ヘﾞストセレクション 波多野結衣 ？HATANO YUI？,NXG-368,,2021-12-20,180分鐘,,STAR PARADISE,ネクストグループ,S級熟女 ベストセレクション,家教、已婚婦女、中出、高畫質、出軌、戲劇、單體作品,波多野結衣,https://www.javbus.com/NXG-368,
XVSR-626 プライベートで波多野結衣をハメドリッ！,XVSR-626 プライベートで波多野結衣をハメドリッ！,XVSR-626,,2021-12-04,120分鐘,吉田いくぞう,マックスエー,Calen,,第一人稱攝影、美少女、羞恥、中出、主觀視角、單體作品、DMM獨家,波多野結衣,https://www.javbus.com/XVSR-626,
DGCEMD-093 ★配信限定！特典映像付★男をいじめると感じる女子は実在する！4 波多野結衣 ～チ○コを責める度にマ○コからは熱い汁が滲みでるド変態痴女！,DGCEMD-093 ★配信限定！特典映像付★男をいじめると感じる女子は実在する！4 波多野結衣 ～チ○コを責める度にマ○コからは熱い汁が滲みでるド変態痴女！,DGCEMD-093,,2021-11-20,168分鐘,,セレブの友,,男をいじめると感じる女子は実在する！,蕩婦、成熟的女人、淫語、高畫質、巨乳、スパンキング、單體作品、4K、DMM獨家,波多野結衣,https://www.javbus.com/DGCEMD-093,
CEMD-093 男をいじめると感じる女子は実在する！4 波多野結衣 ～チ○コを責める度にマ○コからは熱い汁が滲みでるド変態痴女！,CEMD-093 男をいじめると感じる女子は実在する！4 波多野結衣 ～チ○コを責める度にマ○コからは熱い汁が滲みでるド変態痴女！,CEMD-093,,2021-11-20,133分鐘,,セレブの友,セレブの友,男をいじめると感じる女子は実在する！,蕩婦、成熟的女人、淫語、巨乳、スパンキング、單體作品、DMM獨家,波多野結衣,https://www.javbus.com/CEMD-093,
HZGD-204 「やっぱり私、オトコなしでは…快楽なしでは生きられないの…。」伝説の痴女妻風俗嬢 波多野結衣,HZGD-204 「やっぱり私、オトコなしでは…快楽なしでは生きられないの…。」伝説の痴女妻風俗嬢 波多野結衣,HZGD-204,,2021-11-05,138分鐘,ZAMPA,人妻花園劇場,image（人妻花園劇場）,,蕩婦、妓女、已婚婦女、新娘、年輕妻子、中出、高畫質、戲劇、巨乳、花嫁、單體作品、4K,波多野結衣,https://www.javbus.com/HZGD-204,
DGCEMD-071 ★配信限定！特典映像付★痴女タクシードライバー2 波多野結衣 ～チ○コをむさぼる淫乱すぎる痴女ドライバーの運行記録！,DGCEMD-071 ★配信限定！特典映像付★痴女タクシードライバー2 波多野結衣 ～チ○コをむさぼる淫乱すぎる痴女ドライバーの運行記録！,DGCEMD-071,,2021-10-23,180分鐘,,セレブの友,,痴女タクシードライバー,蕩婦、成熟的女人、淫語、中出、高畫質、巨乳、單體作品、4K、DMM獨家,波多野結衣,https://www.javbus.com/DGCEMD-071,
CEMD-071 痴女タクシードライバー2 波多野結衣 ～チ○コをむさぼる淫乱すぎる痴女ドライバーの運行記録！,CEMD-071 痴女タクシードライバー2 波多野結衣 ～チ○コをむさぼる淫乱すぎる痴女ドライバーの運行記録！,CEMD-071,,2021-10-23,139分鐘,,セレブの友,セレブの友,痴女タクシードライバー,蕩婦、成熟的女人、淫語、中出、巨乳、單體作品、DMM獨家,波多野結衣,https://www.javbus.com/CEMD-071,
ZOZA-169 エロエロ奥様の中出し風俗嬢 Part.5 波多野結衣,ZOZA-169 エロエロ奥様の中出し風俗嬢 Part.5 波多野結衣,ZOZA-169,,2021-10-18,18分鐘,,ズボズバ,ズボズバ,エロエロ奥様の中出し風俗嬢,妓女、已婚婦女、中出、高畫質、巨乳、單體作品,波多野結衣,https://www.javbus.com/ZOZA-169,
ZOZA-170 エロエロ奥様の中出し風俗嬢 Part.6 波多野結衣,ZOZA-170 エロエロ奥様の中出し風俗嬢 Part.6 波多野結衣,ZOZA-170,,2021-10-18,19分鐘,,ズボズバ,ズボズバ,エロエロ奥様の中出し風俗嬢,妓女、已婚婦女、中出、高畫質、巨乳、單體作品,波多野結衣,https://www.javbus.com/ZOZA-170,
DVDMS-728 色白デカ尻の家事代行おばさんに即ハメ！デカチンの虜になった人妻が翌日勝手に押しかけてきたので満足するまで何度も中出ししてあげた 8 波多野結衣,DVDMS-728 色白デカ尻の家事代行おばさんに即ハメ！デカチンの虜になった人妻が翌日勝手に押しかけてきたので満足するまで何度も中出ししてあげた 8 波多野結衣,DVDMS-728,,2021-10-15,160分鐘,ファンキー長谷井,ディープス,DEEP’S,色白デカ尻の家事代行おばさんに即ハメ！,屁股、中出、高畫質、立即口交、巨乳、單體作品、DMM獨家,波多野結衣,https://www.javbus.com/DVDMS-728,
GVH-290 不良生徒の巣に堕ちた美人教師 波多野結衣,GVH-290 不良生徒の巣に堕ちた美人教師 波多野結衣,GVH-290,,2021-09-15,125分鐘,木村はじめ,グローリークエスト,GLORY QUEST,不良生徒の巣に堕ちた美人教師,女教師、花癡、多P、粗暴、高畫質、單體作品、DMM獨家,波多野結衣,https://www.javbus.com/GVH-290,
CEMD-054 僕の思い通りになる性処理人形を飼育してみたvol.5 波多野結衣,CEMD-054 僕の思い通りになる性処理人形を飼育してみたvol.5 波多野結衣,CEMD-054,,2021-09-11,131分鐘,,セレブの友,セレブの友,僕の思い通りになる性処理人形を飼育してみた,成熟的女人、乳交、中出、單體作品、DMM獨家、顏射,波多野結衣,https://www.javbus.com/CEMD-054,
DGCEMD-054 ★配信限定！特典映像付★僕の思い通りになる性処理人形を飼育してみたvol.5 波多野結衣,DGCEMD-054 ★配信限定！特典映像付★僕の思い通りになる性処理人形を飼育してみたvol.5 波多野結衣,DGCEMD-054,,2021-09-11,164分鐘,,セレブの友,,僕の思い通りになる性処理人形を飼育してみた,成熟的女人、乳交、中出、高畫質、單體作品、4K、DMM獨家、顏射,波多野結衣,https://www.javbus.com/DGCEMD-054,
XVSR-610 色気ムンムン人妻がこっそり誘惑 NTR＆逆NTRセックス 波多野結衣,XVSR-610 色気ムンムン人妻がこっそり誘惑 NTR＆逆NTRセックス 波多野結衣,XVSR-610,,2021-09-04,115分鐘,吉田いくぞう,マックスエー,Calen,,已婚婦女、中出、主觀視角、出軌、巨乳、單體作品、DMM獨家,波多野結衣,https://www.javbus.com/XVSR-610,
GVH-273 ママのリアル性教育 波多野結衣 （GVH-273）,GVH-273 ママのリアル性教育 波多野結衣 （GVH-273）,GVH-273,,2021-08-04,120分鐘,黄桜花瓶,グローリークエスト,GLORY QUEST,ママのリアル性教育,母親、亂倫、中出、高畫質、戲劇、處男、單體作品,波多野結衣,https://www.javbus.com/GVH-273,
CAFR-480 【VR】射精コントロール！オナ指示痴女 波多野結衣,CAFR-480 【VR】射精コントロール！オナ指示痴女 波多野結衣,CAFR-480,,2021-07-30,35分鐘,吉田大仏,CASANOVA,フランソワ,アナタだけに語り掛けるJOIという最高の仮想現実,蕩婦、女優按摩棒、故事集、VR専用、オナサポ、巨乳、ハイクオリティVR、ディルド、單體作品、DMM獨家,波多野結衣,https://www.javbus.com/CAFR-480,
DGCEMD-036 ★配信限定！特典映像付★涙のノンストップ激イカせSEX11 波多野結衣,DGCEMD-036 ★配信限定！特典映像付★涙のノンストップ激イカせSEX11 波多野結衣,DGCEMD-036,,2021-07-21,154分鐘,,セレブの友,,涙のノンストップ激イカせSEX,成熟的女人、濫交、花癡、多P、中出、高畫質、單體作品、4K、DMM獨家,波多野結衣,https://www.javbus.com/DGCEMD-036,
CEMD-036 涙のノンストップ激イカせSEX11 波多野結衣,CEMD-036 涙のノンストップ激イカせSEX11 波多野結衣,CEMD-036,,2021-07-18,129分鐘,,セレブの友,セレブの友,涙のノンストップ激イカせSEX,成熟的女人、濫交、花癡、多P、中出、單體作品、DMM獨家,波多野結衣,https://www.javbus.com/CEMD-036,
SILKS-008 sweet couture 波多野結衣,SILKS-008 sweet couture 波多野結衣,SILKS-008,,2021-07-07,45分鐘,KINO,SILK LABO,SILK,,情侶、高畫質、戀愛、戲劇、給女性觀眾、巨乳、單體作品,波多野結衣,https://www.javbus.com/SILKS-008,
CAFR-476 【VR】全身解剖波多野結衣VR 波多野結衣,CAFR-476 【VR】全身解剖波多野結衣VR 波多野結衣,CAFR-476,,2021-07-02,63分鐘,吉田大仏,CASANOVA,フランソワ,VRだから出来た、VRだからやってみた。,其他戀物癖、乳房、中出、女上位、VR専用、ハイクオリティVR、單體作品、DMM獨家、打手槍,波多野結衣,https://www.javbus.com/CAFR-476,
XVSR-600 淫妻濃交 煩悩全開リアル中出しセックス 波多野結衣,XVSR-600 淫妻濃交 煩悩全開リアル中出しセックス 波多野結衣,XVSR-600,,2021-06-26,120分鐘,シャンティYAZAWA,マックスエー,Calen,,蕩婦、已婚婦女、通姦、中出、汗だく、單體作品、DMM獨家,波多野結衣,https://www.javbus.com/XVSR-600,
CAFR-473 【VR】もしも波多野結衣が○○だったら…～家庭教師だったりダッチワイフだったり風俗嬢だったり～ 波多野結衣,CAFR-473 【VR】もしも波多野結衣が○○だったら…～家庭教師だったりダッチワイフだったり風俗嬢だったり～ 波多野結衣,CAFR-473,,2021-06-25,51分鐘,吉田大仏,CASANOVA,フランソワ,VRだから出来た、VRだからやってみた。,家教、其他戀物癖、乳房、女上位、VR専用、ハイクオリティVR、ノーパン、單體作品、DMM獨家,波多野結衣,https://www.javbus.com/CAFR-473,
YRH-283 どエロ女優に丸投げ！！夢の筆下ろしガチドキュメント！！ はじめてはAV女優。 01,YRH-283 どエロ女優に丸投げ！！夢の筆下ろしガチドキュメント！！ はじめてはAV女優。 01,YRH-283,,2021-06-25,240分鐘,,プレステージ,よろず本舗,どエロ女優に丸投げ！！夢…,潮吹、巨乳、女優、筆おろし、ドキュメント,波多野結衣,https://www.javbus.com/YRH-283,
ZOZA-081 とにかくオフィスでハメたいの！！波多野結衣 Part.2,ZOZA-081 とにかくオフィスでハメたいの！！波多野結衣 Part.2,ZOZA-081,,2021-06-22,20分鐘,,ズボズバ,ズボズバ,とにかくオフィスでハメたいの,OL、連褲襪、多P、羞恥、高畫質、單體作品,波多野結衣,https://www.javbus.com/ZOZA-081,
ZOZA-080 とにかくオフィスでハメたいの！！波多野結衣 Part.1,ZOZA-080 とにかくオフィスでハメたいの！！波多野結衣 Part.1,ZOZA-080,,2021-06-22,19分鐘,,ズボズバ,ズボズバ,とにかくオフィスでハメたいの,OL、連褲襪、羞恥、高畫質、單體作品,波多野結衣,https://www.javbus.com/ZOZA-080,
ZOZA-087 熟女コスプレファック！！波多野結衣,ZOZA-087 熟女コスプレファック！！波多野結衣,ZOZA-087,,2021-06-22,18分鐘,,ズボズバ,ズボズバ,熟女コスプレファック,角色扮演、成熟的女人、中出、高畫質、單體作品,波多野結衣,https://www.javbus.com/ZOZA-087,
CEMD-023 波多野結衣の街頭ガチ口説きレズナンパ！同性愛SEXで気持ち良くなってみませんか…？ Vol.2,CEMD-023 波多野結衣の街頭ガチ口説きレズナンパ！同性愛SEXで気持ち良くなってみませんか…？ Vol.2,CEMD-023,,2021-06-20,155分鐘,,セレブの友,セレブの友,街頭ガチ口説きレズナンパ！,蕩婦、成熟的女人、業餘、女同性戀、獵豔、單體作品、DMM獨家,波多野結衣,https://www.javbus.com/CEMD-023,
ZMAR-043 まるっと！波多野結衣,ZMAR-043 まるっと！波多野結衣,ZMAR-043,,2021-06-01,248分鐘,,プラネットプラス,まるっと！,まるっと！,成熟的女人、乳房、中出、高畫質、女優ベスト・総集編、單體作品,波多野結衣,https://www.javbus.com/ZMAR-043,
XVSR-597 仮面夫婦 ～騙す女と騙される女～ 波多野結衣,XVSR-597 仮面夫婦 ～騙す女と騙される女～ 波多野結衣,XVSR-597,,2021-05-29,74分鐘,K.C.武田,マックスエー,Calen,仮面夫婦,已婚婦女、中出、出軌、戲劇、巨尻、DMM獨家,波多野結衣,https://www.javbus.com/XVSR-597,
CEMD-010 メガネをかけるとお漏らしして発情するメスイキ女3 波多野結衣,CEMD-010 メガネをかけるとお漏らしして発情するメスイキ女3 波多野結衣,CEMD-010,,2021-05-22,131分鐘,,セレブの友,セレブの友,メガネをかけるとお漏らしして発情するメスイキ女,成熟的女人、放尿、潮吹、花癡、眼鏡、單體作品、DMM獨家,波多野結衣,https://www.javbus.com/CEMD-010,
DGCEMD-010 ★配信限定！特典映像付★メガネをかけるとお漏らしして発情するメスイキ女3 波多野結衣,DGCEMD-010 ★配信限定！特典映像付★メガネをかけるとお漏らしして発情するメスイキ女3 波多野結衣,DGCEMD-010,,2021-05-22,150分鐘,,セレブの友,,メガネをかけるとお漏らしして発情するメスイキ女,成熟的女人、放尿、潮吹、花癡、高畫質、眼鏡、單體作品、4K、DMM獨家,波多野結衣,https://www.javbus.com/DGCEMD-010,
BTH-152 ハメずにはいられない前戯らしからぬフェラチオと射精を我慢できないぐちょ濡れ性交 波多野結衣,BTH-152 ハメずにはいられない前戯らしからぬフェラチオと射精を我慢できないぐちょ濡れ性交 波多野結衣,BTH-152,,2021-05-21,28分鐘,,CHoBitcH,チョビッチ！,ハメずにはいられない前戯らしからぬフェラチオと射精を我慢できないぐちょ濡れ性交,口交、潮吹、多P、女優按摩棒、高畫質、按摩棒、單體作品,波多野結衣,https://www.javbus.com/BTH-152,
GVH-234 ドスケベBODYの勝気な女社長とHなご子息 波多野結衣,GVH-234 ドスケベBODYの勝気な女社長とHなご子息 波多野結衣,GVH-234,,2021-05-19,127分鐘,ひょん,グローリークエスト,GLORY QUEST,ドスケベBODYの勝気な女社長とHなご子息,各種職業、惡作劇、中出、高畫質、正太控、巨乳、單體作品,波多野結衣,https://www.javbus.com/GVH-234,
NGOD-147 コンビニ本部の女5 波多野結衣,NGOD-147 コンビニ本部の女5 波多野結衣,NGOD-147,,2021-05-01,120分鐘,,JET映像,卍GROUP,コンビニ本部の女,蕩婦、已婚婦女、花癡、高畫質、出軌、巨乳、單體作品、DMM獨家,波多野結衣,https://www.javbus.com/NGOD-147,
DGCESD-996 ★配信限定！特典映像付★ベテラン女優・波多野結衣がやりたい事だけを撮影してみた,DGCESD-996 ★配信限定！特典映像付★ベテラン女優・波多野結衣がやりたい事だけを撮影してみた,DGCESD-996,,2021-04-18,177分鐘,,セレブの友,,,蕩婦、成熟的女人、淫語、高畫質、巨尻、巨乳、單體作品、4K、DMM獨家,波多野結衣,https://www.javbus.com/DGCESD-996,
CESD-996 ベテラン女優・波多野結衣がやりたい事だけを撮影してみた,CESD-996 ベテラン女優・波多野結衣がやりたい事だけを撮影してみた,CESD-996,,2021-04-18,157分鐘,,セレブの友,セレブの友,,蕩婦、成熟的女人、淫語、巨尻、巨乳、單體作品、DMM獨家,波多野結衣,https://www.javbus.com/CESD-996,
HIND-026 【VR】こってりしゃぶり尽くす特濃フェラ！究極のベロテク体験！ 波多野結衣,HIND-026 【VR】こってりしゃぶり尽くす特濃フェラ！究極のベロテク体験！ 波多野結衣,HIND-026,,2021-04-06,14分鐘,キャン,HIND,HIND,,口交、乳交、乳房、主觀視角、VR専用、單體作品,波多野結衣,https://www.javbus.com/HIND-026,
HIND-025 【VR】母娘に三対一で襲われてなすすべなく組み敷かれる哀れな僕 波多野結衣,HIND-025 【VR】母娘に三対一で襲われてなすすべなく組み敷かれる哀れな僕 波多野結衣,HIND-025,,2021-04-06,35分鐘,キャン,HIND,HIND,,姐妹、乳房、主觀視角、VR専用、校服、單體作品,波多野結衣,https://www.javbus.com/HIND-025,
HIND-027 【VR】痴女ねっとりアナル舐め 波多野結衣,HIND-027 【VR】痴女ねっとりアナル舐め 波多野結衣,HIND-027,,2021-04-06,21分鐘,キャン,HIND,HIND,,口交、乳房、主觀視角、VR専用、單體作品、打手槍,波多野結衣,https://www.javbus.com/HIND-027,
CESD-986 めがねをかけたオンナはエロい！3SEX激本番！！2 波多野結衣,CESD-986 めがねをかけたオンナはエロい！3SEX激本番！！2 波多野結衣,CESD-986,,2021-03-13,130分鐘,,セレブの友,セレブの友,めがねをかけたオンナはエロい！,成熟的女人、OL、花癡、女上位、眼鏡、單體作品、DMM獨家,波多野結衣,https://www.javbus.com/CESD-986,
MLSM-040 S級美熟女ベスト 波多野結衣 4時間 スレンダー巨乳マドンナ,MLSM-040 S級美熟女ベスト 波多野結衣 4時間 スレンダー巨乳マドンナ,MLSM-040,,2021-03-07,243分鐘,,Mellow Moon（メロウムーン）,Mellow Moon（メロウムーン）,美熟女ベスト,苗條、中出、4小時以上作品、高畫質、巨乳、單體作品、DMM獨家,波多野結衣,https://www.javbus.com/MLSM-040,
AVERV-010 【VR】私、築3年の2DKで駅から徒歩2分、家賃1万5千円の事故物件に住んでいます。波多野結衣,AVERV-010 【VR】私、築3年の2DKで駅から徒歩2分、家賃1万5千円の事故物件に住んでいます。波多野結衣,AVERV-010,,2021-03-01,69分鐘,どどくん,ケイ・エム・プロデュース,AverVR,,亂倫、嬌小的、凌辱、中出、女上位、VR専用、ハイクオリティVR、單體作品,波多野結衣,https://www.javbus.com/AVERV-010,
XVSR-582 波多野結衣GOLDEN BEST 20本番×4時間,XVSR-582 波多野結衣GOLDEN BEST 20本番×4時間,XVSR-582,,2021-02-28,240分鐘,MAX-IKA,マックスエー,Calen,,妓女、中出、戲劇、女優ベスト・総集編、單體作品、DMM獨家,波多野結衣,https://www.javbus.com/XVSR-582,
MCKT-017 ガチ飲みチキリバ！はたちゃんとちょこが行く酔いどれ街角逆ナンSEX 波多野結衣,MCKT-017 ガチ飲みチキリバ！はたちゃんとちょこが行く酔いどれ街角逆ナンSEX 波多野結衣,MCKT-017,,2021-02-22,109分鐘,,チキチキカマー/妄想族,,ガチ飲みチキリバ！,纪录片、偷窥、中出、高畫質、DMM專屬、巨尻、巨乳、單體作品、妄想族、DMM獨家,波多野結衣,https://www.javbus.com/MCKT-017,
MXSPS-661 REQUEST 究極美女 波多野結衣,MXSPS-661 REQUEST 究極美女 波多野結衣,MXSPS-661,,2021-02-16,243分鐘,,マキシング,MAXING,REQUEST,美少女、模特兒、乳房、4小時以上作品、高畫質、單體作品,波多野結衣,https://www.javbus.com/MXSPS-661,
CEAD-330 私は快楽狂いのド淫乱オナニスト11 波多野結衣,CEAD-330 私は快楽狂いのド淫乱オナニスト11 波多野結衣,CEAD-330,,2021-02-13,139分鐘,,セレブの友,セレブの友,私は快楽狂いのド淫乱オナニスト,蕩婦、成熟的女人、淫語、按摩棒、單體作品、DMM獨家、自慰,波多野結衣,https://www.javbus.com/CEAD-330,
MRSS-104 妻の学生時代の元担任教師のスマホを覗いたら、妻とハメ撮りしてる動画が大量に保存してあった 波多野結衣,MRSS-104 妻の学生時代の元担任教師のスマホを覗いたら、妻とハメ撮りしてる動画が大量に保存してあった 波多野結衣,MRSS-104,,2021-01-17,127分鐘,夢咲イチロー,ミセスの素顔/エマニエル,ミセスの素顔,,已婚婦女、多P、中出、高畫質、出軌、校服、單體作品、エマニエル、DMM獨家,波多野結衣,https://www.javbus.com/MRSS-104,
VRKM-090 【VR】天井特化アングルVR～ねっとり性欲の不倫願望隣人妻～ 波多野結衣,VRKM-090 【VR】天井特化アングルVR～ねっとり性欲の不倫願望隣人妻～ 波多野結衣,VRKM-090,,2021-01-15,98分鐘,ジーニアス膝,ケイ・エム・プロデュース,KMPVR,天井特化アングル,通姦、乳房、中出、女上位、主觀視角、VR専用、ハイクオリティVR、單體作品,波多野結衣,https://www.javbus.com/VRKM-090,
CESD-966 波多野結衣の街頭ガチ口説きレズナンパ！同性愛SEXで気持ち良くなってみませんか…？,CESD-966 波多野結衣の街頭ガチ口説きレズナンパ！同性愛SEXで気持ち良くなってみませんか…？,CESD-966,,2021-01-10,150分鐘,,セレブの友,セレブの友,,成熟的女人、女同性戀、獵豔、舔陰、女同接吻、單體作品、DMM獨家,波多野結衣,https://www.javbus.com/CESD-966,
OKK-022 濡れてテカってピッタリ密着 神競泳水着 波多野結衣 ロリ可愛い女子の競泳水着姿をじっとりと堪能！着替え盗撮から始まり貧乳から巨乳にパイパン、ハミ毛、ジョリワキ等のフェチ接写やローションソーププレイや競泳水着ぶっかけ等を完全着衣で楽しむAV,OKK-022 濡れてテカってピッタリ密着 神競泳水着 波多野結衣 ロリ可愛い女子の競泳水着姿をじっとりと堪能！着替え盗撮から始まり貧乳から巨乳にパイパン、ハミ毛、ジョリワキ等のフェチ接写やローションソーププレイや競泳水着ぶっかけ等を完全着衣で楽しむAV,OKK-022,,2021-01-08,93分鐘,,親父の個撮,神競泳,神競泳,偷窥、美少女、高畫質、單體作品、學校泳裝、顏射,波多野結衣,https://www.javbus.com/OKK-022,
ATID-448 夫には言えない白昼の不倫調教 あの日あなたが街で見かけた美人妻は数日後… 波多野結衣,ATID-448 夫には言えない白昼の不倫調教 あの日あなたが街で見かけた美人妻は数日後… 波多野結衣,ATID-448,,2020-12-31,120分鐘,なぎら健造,アタッカーズ,in mad,夫には言えない白昼の不倫調教,已婚婦女、通姦、高畫質、出軌、單體作品、DMM獨家,波多野結衣,https://www.javbus.com/ATID-448,
DVDMS-616 一般男女モニタリングAV 特設マジックミラー部屋でラブラブ大学生カップルが男女に別れてAV女優＆男優の凄テクイキ我慢に挑戦！！世界中の男を虜にする波多野結衣×素人男子大学生（彼氏）/（彼女）素人女子大生×デカチン激ピストン男優 編,DVDMS-616 一般男女モニタリングAV 特設マジックミラー部屋でラブラブ大学生カップルが男女に別れてAV女優＆男優の凄テクイキ我慢に挑戦！！世界中の男を虜にする波多野結衣×素人男子大学生（彼氏）/（彼女）素人女子大生×デカチン激ピストン男優 編,DVDMS-616,,2020-12-31,240分鐘,ファンキー長谷井,ディープス,DEEP’S,一般男女モニタリングAV,蕩婦、業餘、女大學生、中出、4小時以上作品、高畫質、出軌、DMM獨家,波多野結衣,https://www.javbus.com/DVDMS-616,
HND-931 会えない女上司とリモート調教で相互オナニーを続けた30日間とその後、欲望をぶつけ合い中出しセックスした。 波多野結衣,HND-931 会えない女上司とリモート調教で相互オナニーを続けた30日間とその後、欲望をぶつけ合い中出しセックスした。 波多野結衣,HND-931,,2020-12-20,150分鐘,朝霧浄,本中,本中,会えない○○とリモート調教で相互オナニーを続けた30日間とその後、欲望をぶつけ合い中出しセックスした。,蕩婦、姐姐、數位馬賽克、中出、高畫質、戲劇、單體作品、DMM獨家、自慰,波多野結衣,https://www.javbus.com/HND-931,
NYH-071 お見舞いに来てるミニスカ娘の無防備なパンチラ！彼氏が寝てる横で他の患者とヤッちゃった/波多野結衣,NYH-071 お見舞いに来てるミニスカ娘の無防備なパンチラ！彼氏が寝てる横で他の患者とヤッちゃった/波多野結衣,NYH-071,,2020-12-16,33分鐘,,ディレクターズ,ニャン二ャンハウス,お見舞いに来てるミニスカ娘の無防備なパンチラ！,高畫質、出軌、內衣、單體作品、迷你裙,波多野結衣,https://www.javbus.com/NYH-071,
XVSR-570 夫の出張中に…人妻NTR ～変質的な管理人に●され続けた26時間～波多野結衣,XVSR-570 夫の出張中に…人妻NTR ～変質的な管理人に●され続けた26時間～波多野結衣,XVSR-570,,2020-12-09,118分鐘,K.C.武田,マックスエー,Calen,夫の出張中に…人妻NTR,已婚婦女、中出、高畫質、出軌、戲劇、巨乳、單體作品、DMM獨家,波多野結衣,https://www.javbus.com/XVSR-570,
HODV-21536 波多野結衣ベスト,HODV-21536 波多野結衣ベスト,HODV-21536,,2020-12-04,491分鐘,,h.m.p,h.m.p,○○・ベスト,护士、家教、妓女、乳液、4小時以上作品、女優ベスト・総集編、泳裝、高中女生、巨乳、單體作品,波多野結衣,https://www.javbus.com/HODV-21536,
GNAX-039 夫には絶対見せられない白昼の絶叫～絶倫整体不妊治療師 波多野結衣～,GNAX-039 夫には絶対見せられない白昼の絶叫～絶倫整体不妊治療師 波多野結衣～,GNAX-039,,2020-11-27,116分鐘,なぎら健造,NAGIRA,NAGIRA,白昼の絶叫シリーズ,口交、已婚婦女、舔陰、中出、美容院、按摩、女優按摩棒、高畫質、出軌、戲劇、單體作品,波多野結衣,https://www.javbus.com/GNAX-039,
XVSR-565 お子様目線で母性全開 結衣ママにバブみを感じてオギャりたい！波多野結衣,XVSR-565 お子様目線で母性全開 結衣ママにバブみを感じてオギャりたい！波多野結衣,XVSR-565,,2020-11-23,115分鐘,吉田いくぞう,マックスエー,Calen,バブみを感じてオギャりたい！,乳交、妄想、中出、巨乳、單體作品、DMM獨家、打手槍,波多野結衣,https://www.javbus.com/XVSR-565,
CLO-096 どこを施術する時も必ず乳首に寄り道する弄りがしつこいメンズエステ 波多野結衣,CLO-096 どこを施術する時も必ず乳首に寄り道する弄りがしつこいメンズエステ 波多野結衣,CLO-096,,2020-11-13,32分鐘,,CHoBitcH,チョビッチ！,どこを施術する時も必ず乳首に寄り道する弄りがしつこいメンズエステ,蕩婦、制服、乳液、女上位、按摩、高畫質、單體作品,波多野結衣,https://www.javbus.com/CLO-096,
WAAA-005 欲求不満お姉さんと射精大好きマサオ君がまさかの相部屋！ 明日お迎えが来るまでホテルでオネショタ中出しヤリまくった…！ 波多野結衣,WAAA-005 欲求不満お姉さんと射精大好きマサオ君がまさかの相部屋！ 明日お迎えが来るまでホテルでオネショタ中出しヤリまくった…！ 波多野結衣,WAAA-005,,2020-10-31,150分鐘,五右衛門,ワンズファクトリー,WANZ,,口交、姐姐、中出、高畫質、顏射、巨乳、單體作品、DMM獨家,波多野結衣,https://www.javbus.com/WAAA-005,
RKI-604 世界一メスイキさせるハードなドライオーガズムの世界 波多野結衣,RKI-604 世界一メスイキさせるハードなドライオーガズムの世界 波多野結衣,RKI-604,,2020-10-17,150分鐘,真咲南朋,ROOKIE,ROOKIE,,蕩婦、淫語、拘束、高畫質、M男、肛内中出、單體作品、DMM獨家,波多野結衣,https://www.javbus.com/RKI-604,
HIND-024 【VR】目隠し拘束強●絶頂！ 波多野結衣,HIND-024 【VR】目隠し拘束強●絶頂！ 波多野結衣,HIND-024,,2020-10-16,14分鐘,キャン,HIND,HIND,,紧缚、拘束、女優按摩棒、主觀視角、VR専用、單體作品,波多野結衣,https://www.javbus.com/HIND-024,
JUL-344 「あなた、今夜は遅くなりそうです―。」～人妻不動産レディの誰にも言えないクレーム対応～ 波多野結衣,JUL-344 「あなた、今夜は遅くなりそうです―。」～人妻不動産レディの誰にも言えないクレーム対応～ 波多野結衣,JUL-344,,2020-10-03,120分鐘,朝霧浄,マドンナ,Madonna,「あなた、今夜は遅くなりそうです―。」,成熟的女人、OL、各種職業、已婚婦女、數位馬賽克、乳房、高畫質、單體作品、DMM獨家,波多野結衣,https://www.javbus.com/JUL-344,
CLO-084 視姦挑発ハイレグRaceQueen 波多野結衣,CLO-084 視姦挑発ハイレグRaceQueen 波多野結衣,CLO-084,,2020-10-02,21分鐘,,CHoBitcH,チョビッチ！,,口交、賽車女郎、緊身衣、乳房、高畫質、バック、單體作品,波多野結衣,https://www.javbus.com/CLO-084,
MTVR-011 【VR】乳首責め専門デリヘル嬢 じ～っくりね～っとり騎乗位で生中出し 波多野結衣,MTVR-011 【VR】乳首責め専門デリヘル嬢 じ～っくりね～っとり騎乗位で生中出し 波多野結衣,MTVR-011,,2020-09-24,54分鐘,サイタ,Mr.michiru,Mr.michiruの風俗動画,乳首責め専門デリヘル嬢に騎乗位で生中出し,中出、女上位、主觀視角、VR専用、巨乳、ハイクオリティVR、ヘルス・ソープ、單體作品,波多野結衣,https://www.javbus.com/MTVR-011,
HIND-023 【VR】上司の奥さんと内緒のキッチンSEX！ 波多野結衣,HIND-023 【VR】上司の奥さんと内緒のキッチンSEX！ 波多野結衣,HIND-023,,2020-09-01,25分鐘,キャン,HIND,HIND,,已婚婦女、通姦、乳房、主觀視角、VR専用、單體作品,波多野結衣,https://www.javbus.com/HIND-023,
XVSR-551 絶対本番できる生中出し風俗嬢 波多野結衣,XVSR-551 絶対本番できる生中出し風俗嬢 波多野結衣,XVSR-551,,2020-08-23,130分鐘,K.C.武田,マックスエー,Calen,絶対本番出来る生中出し風俗嬢,玩具、妓女、淫語、乳房、中出、單體作品、DMM獨家,波多野結衣,https://www.javbus.com/XVSR-551,
GVH-110 お尻大好きしょう太くんのHなイタズラ 波多野結衣 GVH-110,GVH-110 お尻大好きしょう太くんのHなイタズラ 波多野結衣 GVH-110,GVH-110,,2020-08-19,127分鐘,トリンドル田中,グローリークエスト,GLORY QUEST,しょう太くんのHなイタズラ,惡作劇、中出、高畫質、講師、正太控、巨尻、單體作品,波多野結衣,https://www.javbus.com/GVH-110,
MRSS-093 「来年、3人でまたピクニック行こうね…」息子の手術費用を稼ぐために、愛する妻が1年間資産家の肉便器になる契約を結びました。 波多野結衣,MRSS-093 「来年、3人でまたピクニック行こうね…」息子の手術費用を稼ぐために、愛する妻が1年間資産家の肉便器になる契約を結びました。 波多野結衣,MRSS-093,,2020-08-16,147分鐘,夢咲イチロー,ミセスの素顔/エマニエル,ミセスの素顔,息子の手術費用を稼ぐために、愛する妻が1年間資産家の●●になる契約を結びました。,已婚婦女、多P、中出、高畫質、出軌、單體作品、エマニエル、DMM獨家,波多野結衣,https://www.javbus.com/MRSS-093,
MIST-308 危険日直撃！！子作りできるソープランド22 波多野結衣,MIST-308 危険日直撃！！子作りできるソープランド22 波多野結衣,MIST-308,,2020-08-13,162分鐘,サイタ,Mr.michiru,,危険日直撃！！子作りできるソープランド,妓女、已婚婦女、中出、高畫質、出軌、お風呂、單體作品,波多野結衣,https://www.javbus.com/MIST-308,
OKP-065 神メガネOL 波多野結衣 眼鏡OLスーツの美脚を包んだ生ナマしいパンストを完全着衣でムレた足裏からつま先を味わい尽くす！時には顔騎や足コキ、時には中出し、時にはお尻にコスってぶっかけとやりたい放題！発情させられた女の変態調教絶頂プレイを楽しむフェチAV,OKP-065 神メガネOL 波多野結衣 眼鏡OLスーツの美脚を包んだ生ナマしいパンストを完全着衣でムレた足裏からつま先を味わい尽くす！時には顔騎や足コキ、時には中出し、時にはお尻にコスってぶっかけとやりたい放題！発情させられた女の変態調教絶頂プレイを楽しむフェチAV,OKP-065,,2020-08-13,93分鐘,高円寺☆ゴロー,親父の個撮,神パンスト,神パンスト,連褲襪、屁股、戀腿癖、高畫質、眼鏡、單體作品、顏射,波多野結衣,https://www.javbus.com/OKP-065,
KUM-005 最狂の女王 波多野結衣,KUM-005 最狂の女王 波多野結衣,KUM-005,,2020-08-07,150分鐘,射案比呂,プレステージ,九龍(プレステージ),,蕩婦、主觀視角、高畫質、單體作品,波多野結衣,https://www.javbus.com/KUM-005,
RBD-982 強●受胎闇市場3 波多野結衣,RBD-982 強●受胎闇市場3 波多野結衣,RBD-982,,2020-08-01,100分鐘,なぎら健造,アタッカーズ,龍縛,強●受胎闇市場,監禁、凌辱、高畫質、單體作品、DMM獨家,波多野結衣,https://www.javbus.com/RBD-982,
ONSG-025 巨乳デリヘル 波多野結衣,ONSG-025 巨乳デリヘル 波多野結衣,ONSG-025,,2020-07-20,148分鐘,,ゲインコーポレーション,gain corporation,巨乳デリヘル,乳交、妓女、中出、高畫質、巨乳、單體作品、DMM獨家,波多野結衣,https://www.javbus.com/ONSG-025,
CLO-061 「個室だから大丈夫」ネカフェで突然侵入してきた甘トロ痴女に声ガマンさせられながら乳首を犯●れちゃった僕。 波多野結衣,CLO-061 「個室だから大丈夫」ネカフェで突然侵入してきた甘トロ痴女に声ガマンさせられながら乳首を犯●れちゃった僕。 波多野結衣,CLO-061,,2020-07-17,33分鐘,,CHoBitcH,チョビッチ！,声ガマンさせられながら乳首を犯●れちゃった僕,蕩婦、口交、倒追、女上位、高畫質、キス・接吻、單體作品,波多野結衣,https://www.javbus.com/CLO-061,
BDA-121 ワルプルギスの虜 狐眼の鬼 波多野結衣,BDA-121 ワルプルギスの虜 狐眼の鬼 波多野結衣,BDA-121,,2020-07-17,128分鐘,あばしり一姦,バミューダ/妄想族,バミューダ/妄想族,ワルプルギスの虜,角色扮演、紧缚、監禁、深喉、單體作品、妄想族、DMM獨家,波多野結衣,https://www.javbus.com/BDA-121,
SILKC-181 serious- 上原千明-,SILKC-181 serious- 上原千明-,SILKC-181,,2020-07-15,25分鐘,KINO,SILK LABO,COCOON,COCOON（SILK LABO）,情侶、高畫質、戀愛、戲劇、給女性觀眾、單體作品,波多野結衣,https://www.javbus.com/SILKC-181,
CESD-910 きみをペット 波多野結衣,CESD-910 きみをペット 波多野結衣,CESD-910,,2020-07-12,166分鐘,,セレブの友,セレブの友,,成熟的女人、戲劇、顏射、キス・接吻、巨乳、單體作品、DMM獨家,波多野結衣,https://www.javbus.com/CESD-910,
DGCESD-910 ★配信限定！特典映像付★ きみをペット 波多野結衣,DGCESD-910 ★配信限定！特典映像付★ きみをペット 波多野結衣,DGCESD-910,,2020-07-12,206分鐘,,セレブの友,,,成熟的女人、高畫質、戲劇、顏射、キス・接吻、巨乳、單體作品、DMM獨家,波多野結衣,https://www.javbus.com/DGCESD-910,
SILKC-174 goody- 長谷川直輝-,SILKC-174 goody- 長谷川直輝-,SILKC-174,,2020-07-01,23分鐘,石原BO-YA,SILK LABO,COCOON,COCOON（SILK LABO）,情侶、高畫質、戀愛、戲劇、給女性觀眾、單體作品,波多野結衣,https://www.javbus.com/SILKC-174,
XVSR-546 浮気と中出しが大好き！！超ヤリマンな僕の彼女 波多野結衣,XVSR-546 浮気と中出しが大好き！！超ヤリマンな僕の彼女 波多野結衣,XVSR-546,,2020-06-21,120分鐘,シャンティYAZAWA,マックスエー,Calen,,多P、美少女、主觀視角、出軌、巨尻、單體作品、DMM獨家,波多野結衣,https://www.javbus.com/XVSR-546,
CLO-049 君のチ●ポがもったいない 波多野結衣,CLO-049 君のチ●ポがもったいない 波多野結衣,CLO-049,,2020-06-12,71分鐘,,CHoBitcH,チョビッチ！,,蕩婦、口交、69、女上位、手指插入、高畫質、單體作品,波多野結衣,https://www.javbus.com/CLO-049,
GVH-073 露出・輪●・ぶっかけ願望に憑りつかれた女 波多野結衣,GVH-073 露出・輪●・ぶっかけ願望に憑りつかれた女 波多野結衣,GVH-073,,2020-06-10,127分鐘,薄刃紫翠,グローリークエスト,GLORY QUEST,露出・輪●・ぶっかけ願望に憑りつかれた女,女教師、戀乳癖、惡作劇、高畫質、正太控、巨乳、單體作品,波多野結衣,https://www.javbus.com/GVH-073,
DHT-163 波多野結衣が優しくねっとりしてあげる ガチ童貞筆下ろしドキュメント1,DHT-163 波多野結衣が優しくねっとりしてあげる ガチ童貞筆下ろしドキュメント1,DHT-163,,2020-06-05,66分鐘,円一輝,ホットエンターテイメント,ホットエンターテイメント,,企畫、成熟的女人、女上位、高畫質、巨乳、單體作品,波多野結衣,https://www.javbus.com/DHT-163,
DHT-165 波多野結衣が優しくねっとりしてあげる ガチ童貞筆下ろしドキュメント2,DHT-165 波多野結衣が優しくねっとりしてあげる ガチ童貞筆下ろしドキュメント2,DHT-165,,2020-06-05,70分鐘,円一輝,ホットエンターテイメント,ホットエンターテイメント,,企畫、成熟的女人、女上位、高畫質、巨乳、單體作品,波多野結衣,https://www.javbus.com/DHT-165,
GCPR-002 deep◆kiss,GCPR-002 deep◆kiss,GCPR-002,,2020-05-21,11分鐘,祖父江ヒロコ,GIRL’S CH,GIRL’S CH Pure,,高畫質、戀愛、給女性觀眾、キス・接吻、單體作品,波多野結衣,https://www.javbus.com/GCPR-002,
BDA-117 デスアイアン 鉄鎖の生贄 波多野結衣,BDA-117 デスアイアン 鉄鎖の生贄 波多野結衣,BDA-117,,2020-05-17,123分鐘,あばしり一姦,バミューダ/妄想族,バミューダ/妄想族,,藥物、紧缚、其他戀物癖、深喉、單體作品、妄想族、DMM獨家,波多野結衣,https://www.javbus.com/BDA-117,
COM-030 艶のある淑女が乱れに乱れて二人の殿方の竿を上と下のおクチで受け止める卑猥なひととき！！ 波多野結衣,COM-030 艶のある淑女が乱れに乱れて二人の殿方の竿を上と下のおクチで受け止める卑猥なひととき！！ 波多野結衣,COM-030,,2020-04-29,16分鐘,,カムカムぴゅっ！,,,口交、姐姐、多P、女上位、高畫質、單體作品,波多野結衣,https://www.javbus.com/COM-030,
CJOD-237 非情のアナル開発によって彼女の目の前でメスイキしてしまったボクの話 波多野結衣,CJOD-237 非情のアナル開発によって彼女の目の前でメスイキしてしまったボクの話 波多野結衣,CJOD-237,,2020-04-19,170分鐘,真咲南朋,痴女ヘブン,痴女ヘブン,,蕩婦、姐姐、高畫質、出軌、肛内中出、單體作品、DMM獨家、肛交,波多野結衣,https://www.javbus.com/CJOD-237,
NGOD-123 僕のねとられ話しを聞いてほしい 町工場の経営難で恩師に援助を頼んだら代わりに泣く泣く寝盗られた妻 波多野結衣,NGOD-123 僕のねとられ話しを聞いてほしい 町工場の経営難で恩師に援助を頼んだら代わりに泣く泣く寝盗られた妻 波多野結衣,NGOD-123,,2020-04-04,120分鐘,,JET映像,卍GROUP,僕のねとられ話しを聞いてほしい,成熟的女人、已婚婦女、高畫質、出軌、巨乳、單體作品、DMM獨家,波多野結衣,https://www.javbus.com/NGOD-123,
HZGD-147 嫉妬心に狂って不倫をしてしまった人妻たち 看護師長の夫を誘惑するナース 波多野結衣,HZGD-147 嫉妬心に狂って不倫をしてしまった人妻たち 看護師長の夫を誘惑するナース 波多野結衣,HZGD-147,,2020-03-27,118分鐘,大崎広浩治,人妻花園劇場,IMAGE,,护士、已婚婦女、通姦、中出、高畫質、出軌、戲劇、巨乳、單體作品,波多野結衣,https://www.javbus.com/HZGD-147,
BNVR-017 【VR】帰らないで・・ ～波多野結衣編～,BNVR-017 【VR】帰らないで・・ ～波多野結衣編～,BNVR-017,,2020-03-25,31分鐘,ピグモンいとう,爆脳VR,爆脳VR,,成熟的女人、已婚婦女、通姦、巨尻、VR専用、巨乳、單體作品,波多野結衣,https://www.javbus.com/BNVR-017,
YMDD-184 波多野結衣BEST！！！平成で最も売れた世界のハタノ究極コレクション,YMDD-184 波多野結衣BEST！！！平成で最も売れた世界のハタノ究極コレクション,YMDD-184,,2020-03-06,240分鐘,石切橋博士,桃太郎映像出版,若桃,,妓女、中出、4小時以上作品、女優ベスト・総集編、高中女生、單體作品、DMM獨家,波多野結衣,https://www.javbus.com/YMDD-184,
KBVR-036 【VR】主演:波多野結衣×脚本:フェアリー佳苗 ～スペシャルドラマVR「やけぼっくい」に火がつく～,KBVR-036 【VR】主演:波多野結衣×脚本:フェアリー佳苗 ～スペシャルドラマVR「やけぼっくい」に火がつく～,KBVR-036,,2020-02-28,68分鐘,こあら太郎（わ）,KMPVR-彩-,KMPVR-彩-,,姐姐、乳房、主觀視角、戲劇、VR専用、ハイクオリティVR、單體作品、DMM獨家,波多野結衣,https://www.javbus.com/KBVR-036,
XVSR-529 波多野結衣の性感帯を探し感じさせてHする「素」の中出しSEX 波多野結衣,XVSR-529 波多野結衣の性感帯を探し感じさせてHする「素」の中出しSEX 波多野結衣,XVSR-529,,2020-02-23,120分鐘,シャンティYAZAWA,マックスエー,Calen,,玩具、潮吹、纪录片、中出、巨乳、單體作品、DMM獨家,波多野結衣,https://www.javbus.com/XVSR-529,
CESD-872 波多野結衣を本気で酔わせてみる1日呑んだくれAVドキュメント！,CESD-872 波多野結衣を本気で酔わせてみる1日呑んだくれAVドキュメント！,CESD-872,,2020-02-23,148分鐘,,セレブの友,セレブの友,●●を本気で酔わせてみる1日呑んだくれAVドキュメント！,成熟的女人、放尿、乳交、纪录片、單體作品、DMM獨家,波多野結衣,https://www.javbus.com/CESD-872,
BDA-111 道化師の女 波多野結衣,BDA-111 道化師の女 波多野結衣,BDA-111,,2020-02-16,130分鐘,あばしり一姦,バミューダ/妄想族,バミューダ/妄想族,,角色扮演、紧缚、單體作品、妄想族、DMM獨家、自慰、打手槍,波多野結衣,https://www.javbus.com/BDA-111,
GRCH-1943 一徹が貴女のワガママな性欲、解放します～オーダーSEX～【オーダー】ハードなのに気持ち良いSEXをしたい！ 【復刻版】 波多野結衣,GRCH-1943 一徹が貴女のワガママな性欲、解放します～オーダーSEX～【オーダー】ハードなのに気持ち良いSEXをしたい！ 【復刻版】 波多野結衣,GRCH-1943,,2020-02-13,70分鐘,西中島南方,GIRL’S CH,GIRL’S CH,貴女のワガママな性欲、解放します,企畫、潮吹、高畫質、給女性觀眾、巨乳、單體作品,波多野結衣,https://www.javbus.com/GRCH-1943,
PRED-220 2人だけの秘密。あの台風の日、ボクが先生の家に泊まって何度も中出しセックスをしたことは…。 波多野結衣,PRED-220 2人だけの秘密。あの台風の日、ボクが先生の家に泊まって何度も中出しセックスをしたことは…。 波多野結衣,PRED-220,,2020-02-01,120分鐘,前田文豪,プレミアム,エレガンス,2人だけの秘密。,女教師、花癡、數位馬賽克、中出、高畫質、汗だく、巨乳、單體作品、DMM獨家,波多野結衣,https://www.javbus.com/PRED-220,
MIZD-172 波多野結衣 世界のハタノ進化し続けるフェラ240分60連発 2013年から2019年までのフェラ厳選収録,MIZD-172 波多野結衣 世界のハタノ進化し続けるフェラ240分60連発 2013年から2019年までのフェラ厳選収録,MIZD-172,,2020-01-25,240分鐘,,ムーディーズ,MOODYZ Best,,蕩婦、口交、數位馬賽克、深喉、4小時以上作品、女優ベスト・総集編、巨乳、單體作品、DMM獨家,波多野結衣,https://www.javbus.com/MIZD-172,
XVSR-523 甘えん坊新妻の子作り中出し性活 波多野結衣,XVSR-523 甘えん坊新妻の子作り中出し性活 波多野結衣,XVSR-523,,2020-01-20,120分鐘,吉田いくぞう,マックスエー,Calen,甘えん坊新妻の子作り中出し性活,新娘、年輕妻子、乳房、中出、主觀視角、單體作品、DMM獨家,波多野結衣,https://www.javbus.com/XVSR-523,
MXGS-1130 魅惑誘惑ヤラせてくれる猥褻美容室 波多野結衣,MXGS-1130 魅惑誘惑ヤラせてくれる猥褻美容室 波多野結衣,MXGS-1130,,2020-01-16,120分鐘,,マキシング,MAXING,,各種職業、美少女、高畫質、單體作品,波多野結衣,https://www.javbus.com/MXGS-1130,
CESD-857 出世できないダメ男×No.1風俗嬢 愛し合うウエディング生中出しSEX3 波多野結衣,CESD-857 出世できないダメ男×No.1風俗嬢 愛し合うウエディング生中出しSEX3 波多野結衣,CESD-857,,2020-01-12,174分鐘,,セレブの友,セレブの友,愛し合うウエディング生中出しSEX,成熟的女人、中出、高畫質、戀愛、戲劇、花嫁、單體作品、DMM獨家,波多野結衣,https://www.javbus.com/CESD-857,
DGCESD-857 ★配信限定！特典映像付★出世できないダメ男×No.1風俗嬢 愛し合うウエディング生中出しSEX3 波多野結衣,DGCESD-857 ★配信限定！特典映像付★出世できないダメ男×No.1風俗嬢 愛し合うウエディング生中出しSEX3 波多野結衣,DGCESD-857,,2020-01-12,218分鐘,,セレブの友,,愛し合うウエディング生中出しSEX,成熟的女人、妓女、中出、高畫質、戀愛、戲劇、花嫁、單體作品、DMM獨家,波多野結衣,https://www.javbus.com/DGCESD-857,
CLO-018 接吻情事 波多野結衣,CLO-018 接吻情事 波多野結衣,CLO-018,,2020-01-03,42分鐘,,CHoBitcH,チョビッチ！,接吻情事,口交、潮吹、姐姐、舔陰、手指插入、高畫質、單體作品,波多野結衣,https://www.javbus.com/CLO-018,
HIGM-022 マ●コへ中出しされる感覚が忘れられない 波多野結衣,HIGM-022 マ●コへ中出しされる感覚が忘れられない 波多野結衣,HIGM-022,,2020-01-01,12分鐘,,ハイライト,ハイライト,,已婚婦女、花癡、乳房、中出、高畫質、巨乳、單體作品,波多野結衣,https://www.javbus.com/HIGM-022,
GNAX-020 スマート・セックス・ライフ挿入編 波多野結衣,GNAX-020 スマート・セックス・ライフ挿入編 波多野結衣,GNAX-020,,2019-12-13,81分鐘,なぎら健造,NAGIRA,NAGIRA,スマート・セックス・ライフ,企畫、口交、情侶、舔陰、手指插入、高畫質、教學,波多野結衣,https://www.javbus.com/GNAX-020,
GNAX-019 スマート・セックス・ライフ愛撫編 波多野結衣,GNAX-019 スマート・セックス・ライフ愛撫編 波多野結衣,GNAX-019,,2019-12-13,91分鐘,なぎら健造,NAGIRA,NAGIRA,スマート・セックス・ライフ,企畫、口交、情侶、舔陰、手指插入、高畫質、教學,波多野結衣,https://www.javbus.com/GNAX-019,
REBD-429 Yui5 Endless evolution 波多野結衣,REBD-429 Yui5 Endless evolution 波多野結衣,REBD-429,,2019-12-05,66分鐘,ザック荒井,REbecca,REbecca,Yui（波多野結衣）,偶像藝人、介紹影片、性感的、高畫質、單體作品,波多野結衣,https://www.javbus.com/REBD-429,
JUSD-856 波多野結衣 Madonna’s Best 4枚組 16時間 ’世界のハタノ’が演じた背徳ドラマ14作品！！,JUSD-856 波多野結衣 Madonna’s Best 4枚組 16時間 ’世界のハタノ’が演じた背徳ドラマ14作品！！,JUSD-856,,2019-11-30,959分鐘,,マドンナ,Madonna,,成熟的女人、已婚婦女、數位馬賽克、戲劇、女優ベスト・総集編、16時間以上作品、巨乳、單體作品、DMM獨家,波多野結衣,https://www.javbus.com/JUSD-856,
GRCH-336 特命人事部長 田中 ～情報と愛液がダダ洩れ美乳女子社員を征伐～ 波多野結衣,GRCH-336 特命人事部長 田中 ～情報と愛液がダダ洩れ美乳女子社員を征伐～ 波多野結衣,GRCH-336,,2019-11-21,29分鐘,祖父江ヒロコ,GIRL’S CH,GIRL’S CH,,OL、連褲襪、乳房、高畫質、戲劇、給女性觀眾、單體作品,波多野結衣,https://www.javbus.com/GRCH-336,
MXGS-1126 「いつもこんな撮影だったらイイのに！」出演作2千本超えの波多野が唯一本音を出せる現場で素のままで感じまくった 波多野結衣,MXGS-1126 「いつもこんな撮影だったらイイのに！」出演作2千本超えの波多野が唯一本音を出せる現場で素のままで感じまくった 波多野結衣,MXGS-1126,,2019-11-16,131分鐘,,マキシング,MAXING,,美少女、主觀視角、高畫質、單體作品,波多野結衣,https://www.javbus.com/MXGS-1126,
GVG-959 魔性年 波多野結衣,GVG-959 魔性年 波多野結衣,GVG-959,,2019-11-06,136分鐘,ひょん,グローリークエスト,GLORY QUEST,魔性年,已婚婦女、輪姦、凌辱、高畫質、正太控、單體作品,波多野結衣,https://www.javbus.com/GVG-959,
GRCH-333 秘書氷室の淫乱ミッドナイト,GRCH-333 秘書氷室の淫乱ミッドナイト,GRCH-333,,2019-10-31,34分鐘,祖父江ヒロコ,GIRL’S CH,GIRL’S CH,,各種職業、花癡、秘書、手指插入、高畫質、戲劇、給女性觀眾、單體作品,波多野結衣,https://www.javbus.com/GRCH-333,
GRCH-334 ドМ社長は秘書に犯されたい,GRCH-334 ドМ社長は秘書に犯されたい,GRCH-334,,2019-10-31,26分鐘,祖父江ヒロコ,GIRL’S CH,GIRL’S CH,,秘書、高畫質、戲劇、給女性觀眾、M男、單體作品、打手槍,波多野結衣,https://www.javbus.com/GRCH-334,
CJOD-208 ケダモノ化した女上司に犯された一夜 波多野結衣,CJOD-208 ケダモノ化した女上司に犯された一夜 波多野結衣,CJOD-208,,2019-10-19,120分鐘,,痴女ヘブン,痴女ヘブン,,蕩婦、口交、中出、女上位、高畫質、巨乳、單體作品、DMM獨家,波多野結衣,https://www.javbus.com/CJOD-208,
MIAA-165 エレベーターの故障で2人っきり… 汗だく密着性交 波多野結衣,MIAA-165 エレベーターの故障で2人っきり… 汗だく密着性交 波多野結衣,MIAA-165,,2019-10-06,120分鐘,朝霧浄,ムーディーズ,みんなのキカタン,エレベーターの故障で2人っきり…,放尿、數位馬賽克、高畫質、出軌、キス・接吻、汗だく、巨乳、單體作品、DMM獨家,波多野結衣,https://www.javbus.com/MIAA-165,
CESD-815 私の彼氏（カレ）は疑似恋愛人形（メンズラブドール）2 波多野結衣,CESD-815 私の彼氏（カレ）は疑似恋愛人形（メンズラブドール）2 波多野結衣,CESD-815,,2019-09-22,171分鐘,,セレブの友,セレブの友,私の彼氏（カレ）は疑似恋愛人形（メンズラブドール）,成熟的女人、花癡、中出、高畫質、戲劇、巨乳、單體作品、DMM獨家,波多野結衣,https://www.javbus.com/CESD-815,
XVSR-501 乳首が敏感なM男の乳首をひたすら責め続けたら気持ち良すぎて7射精！！ 波多野結衣,XVSR-501 乳首が敏感なM男の乳首をひたすら責め続けたら気持ち良すぎて7射精！！ 波多野結衣,XVSR-501,,2019-09-22,110分鐘,K.C.武田,マックスエー,Calen,,蕩婦、美少女、乳房、中出、M男、單體作品、DMM獨家,波多野結衣,https://www.javbus.com/XVSR-501,
DGCESD-815 ★配信限定！特典映像付★私の彼氏（カレ）は疑似恋愛人形（メンズラブドール）2 波多野結衣,DGCESD-815 ★配信限定！特典映像付★私の彼氏（カレ）は疑似恋愛人形（メンズラブドール）2 波多野結衣,DGCESD-815,,2019-09-22,211分鐘,,セレブの友,セレブの友,私の彼氏（カレ）は疑似恋愛人形（メンズラブドール）,成熟的女人、花癡、中出、高畫質、戲劇、巨乳、單體作品、DMM獨家,波多野結衣,https://www.javbus.com/DGCESD-815,
RKI-499 新・世界一早漏男×波多野結衣の金玉がスッカラカンになるまで発射し続ける連続ぶっかけ＆大量中出しSEX,RKI-499 新・世界一早漏男×波多野結衣の金玉がスッカラカンになるまで発射し続ける連続ぶっかけ＆大量中出しSEX,RKI-499,,2019-09-14,140分鐘,三島六三郎,ROOKIE,ROOKIE,金玉がスッカラカンになるまで発射し続ける連続ぶっかけ＆大量中出しSEX,中出、高畫質、早漏、單體作品、DMM獨家、顏射、打手槍,波多野結衣,https://www.javbus.com/RKI-499,
YMDD-167 息子が連れて来た彼女は女学生 波多野結衣,YMDD-167 息子が連れて来た彼女は女学生 波多野結衣,YMDD-167,,2019-09-13,170分鐘,ひむろっく,桃太郎映像出版,若桃,,中出、高畫質、出軌、戲劇、校服、單體作品、DMM獨家,波多野結衣,https://www.javbus.com/YMDD-167,
TV-073 ギャルな波多野結衣を存分に味わう,TV-073 ギャルな波多野結衣を存分に味わう,TV-073,,2019-09-01,11分鐘,,HyakkinTV,HyakkinTV,ギャルな○○を存分に味わう,高畫質、單體作品、DMM獨家、女生,波多野結衣,https://www.javbus.com/TV-073,
TV-069 世界の波多野結衣がギャルでヤる！,TV-069 世界の波多野結衣がギャルでヤる！,TV-069,,2019-08-28,16分鐘,,HyakkinTV,HyakkinTV,HyakkinTV,高畫質、單體作品、DMM獨家、女生,波多野結衣,https://www.javbus.com/TV-069,
TV-068 意識高い系ギャル風の波多野結衣を3Pで頂いてみた。,TV-068 意識高い系ギャル風の波多野結衣を3Pで頂いてみた。,TV-068,,2019-08-27,23分鐘,,HyakkinTV,HyakkinTV,HyakkinTV,多P、高畫質、單體作品、DMM獨家、女生,波多野結衣,https://www.javbus.com/TV-068,
IESP-654 波多野結衣 麻薬捜査官 ヤク漬け膣痙攣,IESP-654 波多野結衣 麻薬捜査官 ヤク漬け膣痙攣,IESP-654,,2019-08-22,120分鐘,菊淋,アイエナジー,IESP,麻薬捜査官,女檢察官、凌辱、中出、高畫質、戲劇、單體作品,波多野結衣,https://www.javbus.com/IESP-654,
TV-052 OLの波多野結衣が真昼間からホテルで3P！,TV-052 OLの波多野結衣が真昼間からホテルで3P！,TV-052,,2019-08-11,12分鐘,,HyakkinTV,HyakkinTV,HyakkinTV,OL、多P、高畫質、ホテル、單體作品、DMM獨家,波多野結衣,https://www.javbus.com/TV-052,
TV-051 OLの波多野結衣が真昼間からホテルでヤられる！,TV-051 OLの波多野結衣が真昼間からホテルでヤられる！,TV-051,,2019-08-10,10分鐘,,HyakkinTV,HyakkinTV,HyakkinTV,OL、高畫質、ホテル、單體作品、DMM獨家,波多野結衣,https://www.javbus.com/TV-051,
VRTM-449 波多野結衣 PREMIUM BEST！ 15作品 5時間,VRTM-449 波多野結衣 PREMIUM BEST！ 15作品 5時間,VRTM-449,,2019-08-09,300分鐘,,V＆R PRODUCE,V＆R PRODUCE,PREMIUM BEST！,已婚婦女、屁股、乳房、中出、4小時以上作品、高畫質、女優ベスト・総集編、巨乳、單體作品,波多野結衣,https://www.javbus.com/VRTM-449,
JUY-937 出張先のビジネスホテルでずっと憧れていた女上司とまさかまさかの相部屋宿泊 波多野結衣,JUY-937 出張先のビジネスホテルでずっと憧れていた女上司とまさかまさかの相部屋宿泊 波多野結衣,JUY-937,,2019-08-03,120分鐘,豆沢豆太郎,マドンナ,Madonna,出張先のビジネスホテルでずっと憧れていた女上司とまさかまさかの相部屋宿泊,成熟的女人、苗條、各種職業、連褲襪、已婚婦女、數位馬賽克、高畫質、單體作品、DMM獨家,波多野結衣,https://www.javbus.com/JUY-937,
HZGD-124 背徳感を感じながらも… 眠る妹の隣で何度もハメられて…そのまま中出し 波多野結衣,HZGD-124 背徳感を感じながらも… 眠る妹の隣で何度もハメられて…そのまま中出し 波多野結衣,HZGD-124,,2019-08-01,119分鐘,大崎広浩治,人妻花園劇場,人妻花園劇場,,已婚婦女、中出、高畫質、出軌、戲劇、巨乳、單體作品,波多野結衣,https://www.javbus.com/HZGD-124,
GVG-913 マンズリ大好き巨乳淫語秘書 波多野結衣,GVG-913 マンズリ大好き巨乳淫語秘書 波多野結衣,GVG-913,,2019-07-31,134分鐘,夢野あいだ,グローリークエスト,GLORY QUEST,マンズリ大好き巨乳淫語○○,蕩婦、淫語、各種職業、秘書、高畫質、巨乳、單體作品、自慰,波多野結衣,https://www.javbus.com/GVG-913,
XVSR-488 バイノーラル録音 勤務している会社で彼氏とオフィスでこっそりSEX 波多野結衣,XVSR-488 バイノーラル録音 勤務している会社で彼氏とオフィスでこっそりSEX 波多野結衣,XVSR-488,,2019-07-21,110分鐘,SONO-KAN,マックスエー,Calen,,OL、潮吹、乳房、中出、主觀視角、單體作品、DMM獨家,波多野結衣,https://www.javbus.com/XVSR-488,
GVG-902 人妻を粘着痴漢するストーカー老人 波多野結衣,GVG-902 人妻を粘着痴漢するストーカー老人 波多野結衣,GVG-902,,2019-07-17,121分鐘,豆沢豆太郎,グローリークエスト,GLORYQUEST,,已婚婦女、性騷擾、高畫質、戲劇、お爺ちゃん、單體作品,波多野結衣,https://www.javbus.com/GVG-902,
HIGM-001 ナマ中出しOKな結衣ちゃんとネットリ本気セックス！エッチな下着に興奮し、きつきつマンコに金玉の精液在庫全放出！ 波多野結衣,HIGM-001 ナマ中出しOKな結衣ちゃんとネットリ本気セックス！エッチな下着に興奮し、きつきつマンコに金玉の精液在庫全放出！ 波多野結衣,HIGM-001,,2019-07-12,11分鐘,,ハイライト,ハイライト,,已婚婦女、花癡、乳房、中出、高畫質、巨乳、單體作品,波多野結衣,https://www.javbus.com/HIGM-001,
HIGM-002 美乳を揉まれ、顔面騎乗位でオマ●コを男の顔に押し付けて軽イキ。寝バックで生ハメ。お掃除フェラも堪能 波多野結衣,HIGM-002 美乳を揉まれ、顔面騎乗位でオマ●コを男の顔に押し付けて軽イキ。寝バックで生ハメ。お掃除フェラも堪能 波多野結衣,HIGM-002,,2019-07-12,12分鐘,,ハイライト,ハイライト,,口交、已婚婦女、花癡、乳房、中出、女上位、高畫質、顏面騎乘、巨乳、バック、單體作品,波多野結衣,https://www.javbus.com/HIGM-002,
MIAA-113 S一族に最愛の姉が嫁いでドMに堕ちるまで… 波多野結衣,MIAA-113 S一族に最愛の姉が嫁いでドMに堕ちるまで… 波多野結衣,MIAA-113,,2019-07-07,120分鐘,GORY松田,ムーディーズ,みんなのキカタン,,紧缚、數位馬賽克、性奴、中出、高畫質、巨乳、單體作品、DMM獨家,波多野結衣,https://www.javbus.com/MIAA-113,
JUY-904 息子の嫁は、波多野結衣。 ～大ファンの人気AV女優が我が家に嫁いできて…。～,JUY-904 息子の嫁は、波多野結衣。 ～大ファンの人気AV女優が我が家に嫁いできて…。～,JUY-904,,2019-07-04,140分鐘,小山雅継,マドンナ,Madonna,,成熟的女人、已婚婦女、數位馬賽克、通姦、高畫質、戲劇、巨乳、單體作品、DMM獨家,波多野結衣,https://www.javbus.com/JUY-904,
BVR-003 【VR】金粉VR 完全主観で黄金の波多野結衣に密着,BVR-003 【VR】金粉VR 完全主観で黄金の波多野結衣に密着,BVR-003,,2019-06-28,53分鐘,,バミューダVR,バミュｰダVR,,口交、紧缚、其他戀物癖、VR専用、セレブ、單體作品、自慰、打手槍,波多野結衣,https://www.javbus.com/BVR-003,
NSPS-811 新 愛妻ダッチワイフ 波多野結衣,NSPS-811 新 愛妻ダッチワイフ 波多野結衣,NSPS-811,,2019-06-23,109分鐘,ながえ,ながえスタイル,ながえSTYLE,愛妻ダッチワイフ,成熟的女人、已婚婦女、輪姦、高畫質、出軌、戲劇、單體作品、DMM獨家,波多野結衣,https://www.javbus.com/NSPS-811,
GVG-887 町医者老人の顔舐め中出し変態カルテ 波多野結衣,GVG-887 町医者老人の顔舐め中出し変態カルテ 波多野結衣,GVG-887,,2019-06-19,135分鐘,豆沢豆太郎,グローリークエスト,GLORYQUEST,町医者老人の顔舐め中出し変態カルテ,其他戀物癖、已婚婦女、中出、高畫質、キス・接吻、單體作品,波多野結衣,https://www.javbus.com/GVG-887,
RBD-929 下着モデルをさせられたオフィスレディ 波多野結衣,RBD-929 下着モデルをさせられたオフィスレディ 波多野結衣,RBD-929,,2019-06-01,110分鐘,長谷川九仁広,アタッカーズ,龍縛,,OL、凌辱、高畫質、戲劇、巨乳、單體作品、DMM獨家,波多野結衣,https://www.javbus.com/RBD-929,
AVSW-059 波多野結衣の世界,AVSW-059 波多野結衣の世界,AVSW-059,,2019-05-20,240分鐘,,AVScollector’s,AVS,○○の世界,成熟的女人、4小時以上作品、高畫質、女優ベスト・総集編、單體作品、DMM獨家,波多野結衣,https://www.javbus.com/AVSW-059,
YMDD-157 世界のハタノ×SOAP×おとなの中出し遊園地 波多野結衣,YMDD-157 世界のハタノ×SOAP×おとなの中出し遊園地 波多野結衣,YMDD-157,,2019-05-17,139分鐘,ひむろっく,桃太郎映像出版,若桃,,妓女、花癡、乳液、中出、高畫質、單體作品、DMM獨家,波多野結衣,https://www.javbus.com/YMDD-157,
MXGS-1101 抑えきれない性衝動から自分勝手にザーメンを搾り取るドスケベ猥褻絶倫痴女。 波多野結衣,MXGS-1101 抑えきれない性衝動から自分勝手にザーメンを搾り取るドスケベ猥褻絶倫痴女。 波多野結衣,MXGS-1101,,2019-05-16,120分鐘,,マキシング,MAXING,ドスケベ猥褻絶倫痴女,蕩婦、女上位、高畫質、單體作品,波多野結衣,https://www.javbus.com/MXGS-1101,
GVG-872 No.1バニーガール史上最悪の恥辱 波多野結衣,GVG-872 No.1バニーガール史上最悪の恥辱 波多野結衣,GVG-872,,2019-05-15,125分鐘,薄刃紫翠,グローリークエスト,GLORYQUEST,,多P、性奴、凌辱、高畫質、兔女郎、單體作品,波多野結衣,https://www.javbus.com/GVG-872,
ATID-345 舐め犯し 義父の欲望3 波多野結衣,ATID-345 舐め犯し 義父の欲望3 波多野結衣,ATID-345,,2019-05-04,100分鐘,ナオト,アタッカーズ,inmad,,新娘、年輕妻子、舔陰、凌辱、高畫質、戲劇、單體作品、DMM獨家,波多野結衣,https://www.javbus.com/ATID-345,
PHD-004 奇跡の女「普通に撮ったことなかったっけ？」「ないよ！」by波多野結衣,PHD-004 奇跡の女「普通に撮ったことなかったっけ？」「ないよ！」by波多野結衣,PHD-004,,2019-04-15,240分鐘,,バミューダ,フェニックス,,野外・露出、紧缚、其他戀物癖、4小時以上作品、高畫質、女優ベスト・総集編、單體作品,波多野結衣,https://www.javbus.com/PHD-004,
TAD-015 奇縄 悪魔の餌食 波多野結衣,TAD-015 奇縄 悪魔の餌食 波多野結衣,TAD-015,,2019-04-15,139分鐘,あばしり一家,バミューダ,タランチュラ,奇縄,SM、紧缚、其他戀物癖、性奴、羞恥、高畫質、單體作品、自慰,波多野結衣,https://www.javbus.com/TAD-015,
KUD-004 潜入捜査官 絶体絶命！引き裂かれた女 波多野結衣,KUD-004 潜入捜査官 絶体絶命！引き裂かれた女 波多野結衣,KUD-004,,2019-04-05,139分鐘,,バミューダ,九龍（バミューダ）,,紧缚、拘束、高畫質、折磨、單體作品,波多野結衣,https://www.javbus.com/KUD-004,
JUY-819 地味で大人しそうな本屋の文系人妻にじっくりねっとり弄ばれる僕 波多野結衣,JUY-819 地味で大人しそうな本屋の文系人妻にじっくりねっとり弄ばれる僕 波多野結衣,JUY-819,,2019-04-04,120分鐘,きとるね川口,マドンナ,Madonna,,蕩婦、成熟的女人、淫語、各種職業、已婚婦女、數位馬賽克、高畫質、單體作品、DMM獨家,波多野結衣,https://www.javbus.com/JUY-819,
MAXVR-023 【VR】高画質 波多野結衣 2年前に他界し、未亡人となった妻を見守っていたボクに奇跡が！？2年間の感情を解放して濃厚中出しSEX！,MAXVR-023 【VR】高画質 波多野結衣 2年前に他界し、未亡人となった妻を見守っていたボクに奇跡が！？2年間の感情を解放して濃厚中出しSEX！,MAXVR-023,,2019-04-02,67分鐘,トロモロコシ,マックスエー,MAX-AVR,,寡婦、中出、主觀視角、キス・接吻、VR専用、單體作品、DMM獨家、局部特寫,波多野結衣,https://www.javbus.com/MAXVR-023,
BDA-086 侵入犯 憧れの存在への異常性愛 波多野結衣,BDA-086 侵入犯 憧れの存在への異常性愛 波多野結衣,BDA-086,,2019-03-17,154分鐘,あばしり一家,バミューダ/妄想族,バミューダ/妄想族,,紧缚、其他戀物癖、監禁、性奴、高畫質、單體作品、DMM獨家,波多野結衣,https://www.javbus.com/BDA-086,
PPPD-749 おっぱい揉まれて失禁しちゃう敏感OL 波多野結衣,PPPD-749 おっぱい揉まれて失禁しちゃう敏感OL 波多野結衣,PPPD-749,,2019-03-16,120分鐘,,OPPAI,OPPAI,,OL、放尿、制服、中出、高畫質、巨乳、單體作品、DMM獨家,波多野結衣,https://www.javbus.com/PPPD-749,
VRVRW-002 【VR】【2作品収録お買い得版】波多野結衣「私のSEX見てもいいよ…」優しい担任の先生に童貞カミングアウトしたら透明人間になれる薬をゲット！… / いつもは高飛車な女上司はほろ酔い状態になるとパンスト穿きながら馬乗り生挿入！…,VRVRW-002 【VR】【2作品収録お買い得版】波多野結衣「私のSEX見てもいいよ…」優しい担任の先生に童貞カミングアウトしたら透明人間になれる薬をゲット！… / いつもは高飛車な女上司はほろ酔い状態になるとパンスト穿きながら馬乗り生挿入！…,VRVRW-002,,2019-03-15,98分鐘,すっとるね岩永,V＆RPRODUCE,3DV＆RVR,,蕩婦、企畫、OL、女教師、淫語、各種職業、連褲襪、VR専用、巨乳、單體作品,波多野結衣,https://www.javbus.com/VRVRW-002,
MIAA-032 「わたし、おばさんだけど良かったらデリヘルみたいに呼んで」大人しそうな隣人妻は性欲大魔神！旦那とご無沙汰でとにかくヤリたい。 若い隣人のフル勃起チ●ポを前に覚醒！本物のデリヘル嬢以上にすんごいサービスでハメまくり！ 波多野結衣,MIAA-032 「わたし、おばさんだけど良かったらデリヘルみたいに呼んで」大人しそうな隣人妻は性欲大魔神！旦那とご無沙汰でとにかくヤリたい。 若い隣人のフル勃起チ●ポを前に覚醒！本物のデリヘル嬢以上にすんごいサービスでハメまくり！ 波多野結衣,MIAA-032,,2019-03-10,120分鐘,旗大漁,ムーディーズ,みんなのキカタン,,蕩婦、已婚婦女、花癡、數位馬賽克、女上位、高畫質、巨乳、單體作品、DMM獨家,波多野結衣,https://www.javbus.com/MIAA-032,
MMKS-005 いじわるご奉仕 癒しの巨尻ソープ嬢 波多野結衣,MMKS-005 いじわるご奉仕 癒しの巨尻ソープ嬢 波多野結衣,MMKS-005,,2019-03-01,162分鐘,宮本小次郎,MARRION,IRIS,いじわるご奉仕癒しの巨尻ソープ嬢,屁股、乳液、巨尻、單體作品、DMM獨家,波多野結衣,https://www.javbus.com/MMKS-005,
SAVR-044 【VR】超恥じらい完全すっぴん生SEX！波多野結衣,SAVR-044 【VR】超恥じらい完全すっぴん生SEX！波多野結衣,SAVR-044,,2019-02-28,81分鐘,ジーニアス膝,KMPVR-彩-,KMPVR-彩-,,乳房、羞恥、中出、キス・接吻、VR専用、セレブ、單體作品、DMM獨家,波多野結衣,https://www.javbus.com/SAVR-044,
XVSR-454 焦らしSEXで連続絶頂！！波多野結衣,XVSR-454 焦らしSEXで連続絶頂！！波多野結衣,XVSR-454,,2019-02-24,120分鐘,シャンティYAZAWA,マックスエー,Calen,,中出、女上位、巨尻、單體作品、DMM獨家、打手槍,波多野結衣,https://www.javbus.com/XVSR-454,
HNDS-061 10周年記念で目指せ！10，000本×中出し 波多野結衣,HNDS-061 10周年記念で目指せ！10，000本×中出し 波多野結衣,HNDS-061,,2019-02-23,190分鐘,タイガー小堺,本中,本中,,美少女、數位馬賽克、中出、高畫質、單體作品、DMM獨家、打手槍,波多野結衣,https://www.javbus.com/HNDS-061,
GVG-824 人妻監禁輪姦地獄 マッスル凌辱サブミッションFUCK！ 波多野結衣,GVG-824 人妻監禁輪姦地獄 マッスル凌辱サブミッションFUCK！ 波多野結衣,GVG-824,,2019-02-20,130分鐘,薄刃紫翠,グローリークエスト,GLORYQUEST,,監禁、已婚婦女、性奴、輪姦、凌辱、高畫質、肌肉、單體作品,波多野結衣,https://www.javbus.com/GVG-824,
KMVR-557 【VR】リアルAV男優体験！撮影中チンチンが勃起しなくなってVTRストップ！勃起待ちで絶体絶命の危機に女神の波多野結衣がしてくれた本当にHなこと,KMVR-557 【VR】リアルAV男優体験！撮影中チンチンが勃起しなくなってVTRストップ！勃起待ちで絶体絶命の危機に女神の波多野結衣がしてくれた本当にHなこと,KMVR-557,,2019-02-18,92分鐘,ジーニアス膝,ケイ・エム・プロデュース,KMPVR,リアルAV男優体験,纪录片、乳房、中出、キス・接吻、VR専用、セレブ、單體作品,波多野結衣,https://www.javbus.com/KMVR-557,
NPS-372 女監督真咲と波多野結衣ちゃんの素人女子にガチンコ！レズ指南！,NPS-372 女監督真咲と波多野結衣ちゃんの素人女子にガチンコ！レズ指南！,NPS-372,,2019-02-15,210分鐘,真咲南朋,ピーターズ,ナンパーズ,,玩具、女同性戀、舔陰、女同接吻、高畫質、單體作品,波多野結衣,https://www.javbus.com/NPS-372,
DPMI-035 レースクイーンラバーズ 波多野結衣,DPMI-035 レースクイーンラバーズ 波多野結衣,DPMI-035,,2019-02-10,132分鐘,DOPAMIX,ミル,ミル,,展場女孩、連褲襪、屁股、戀腿癖、緊身衣、高畫質、單體作品、DMM獨家,波多野結衣,https://www.javbus.com/DPMI-035,
MIAA-018 チ○ポ奥まで挿れてってばぁ！先っちょ挿入ギリギリで焦らされ続ける彼女のお姉ちゃんと浮気我慢生活 波多野結衣,MIAA-018 チ○ポ奥まで挿れてってばぁ！先っちょ挿入ギリギリで焦らされ続ける彼女のお姉ちゃんと浮気我慢生活 波多野結衣,MIAA-018,,2019-02-09,120分鐘,豆沢豆太郎,ムーディーズ,みんなのキカタン,,蕩婦、淫語、姐姐、數位馬賽克、女上位、高畫質、出軌、單體作品、DMM獨家,波多野結衣,https://www.javbus.com/MIAA-018,
ANGR-004 新・侵入者 波多野結衣,ANGR-004 新・侵入者 波多野結衣,ANGR-004,,2019-02-08,85分鐘,なぎら健造,NAGIRA,NAGIRA-ナギラ-,新・侵入者,口交、監禁、已婚婦女、乳房、舔陰、羞恥、中出、高畫質、出軌、戲劇、單體作品,波多野結衣,https://www.javbus.com/ANGR-004,
SHKD-834 諜報員の女 波多野結衣,SHKD-834 諜報員の女 波多野結衣,SHKD-834,,2019-02-02,110分鐘,KIN,アタッカーズ,死夜悪,脱獄者,性奴、女檢察官、高畫質、戲劇、巨乳、單體作品、DMM獨家,波多野結衣,https://www.javbus.com/SHKD-834,
MIAA-011 暴発してもスローテクで再び勃起させる絶対連射ソープ 波多野結衣,MIAA-011 暴発してもスローテクで再び勃起させる絶対連射ソープ 波多野結衣,MIAA-011,,2019-01-26,120分鐘,ドラゴン西川,ムーディーズ,みんなのキカタン,,蕩婦、口交、妓女、數位馬賽克、女上位、高畫質、早漏、單體作品、DMM獨家,波多野結衣,https://www.javbus.com/MIAA-011,
REBDB-344 Yui4 Erotic master 波多野結衣,REBDB-344 Yui4 Erotic master 波多野結衣,REBDB-344,,2019-01-24,68分鐘,ザック荒井,REbecca,REbecca,,偶像藝人、介紹影片、高畫質、單體作品,波多野結衣,https://www.javbus.com/REBDB-344,
XVSR-447 波多野結衣の95cm巨尻で顔面騎乗してもらったらいつも以上に大量射精！！,XVSR-447 波多野結衣の95cm巨尻で顔面騎乗してもらったらいつも以上に大量射精！！,XVSR-447,,2019-01-21,120分鐘,シャンティYAZAWA,マックスエー,Calen,,其他戀物癖、乳房、顏面騎乘、巨尻、單體作品、DMM獨家、打手槍,波多野結衣,https://www.javbus.com/XVSR-447,
WANZ-821 ゆいの体内に352発の媚・薬・濃・縮精液注入 波多野結衣,WANZ-821 ゆいの体内に352発の媚・薬・濃・縮精液注入 波多野結衣,WANZ-821,,2018-12-22,150分鐘,,ワンズファクトリー,WANZ,媚薬濃縮精液注入,濫交、姐姐、中出、高畫質、巨乳、單體作品、DMM獨家,波多野結衣,https://www.javbus.com/WANZ-821,
SEO-276 【特価】波多野結衣ちゃんの、バックでも座位でも正常位でも全て自分から腰をふっちゃう超自己中セックス。男優はマグロ状態セルフ腰振りバックでイク！突然反撃、ガン突きバックでイク！背面座位で完全主導！正常位でも自ら腰振り。選手交代、激ピストンでイキまくる！！,SEO-276 【特価】波多野結衣ちゃんの、バックでも座位でも正常位でも全て自分から腰をふっちゃう超自己中セックス。男優はマグロ状態セルフ腰振りバックでイク！突然反撃、ガン突きバックでイク！背面座位で完全主導！正常位でも自ら腰振り。選手交代、激ピストンでイキまくる！！,SEO-276,,2018-12-21,10分鐘,,アリスJAPAN,アリスJAPAN,トコダケ,企畫、乳房、高畫質、顏射、單體作品、吞精,波多野結衣,https://www.javbus.com/SEO-276,
GVG-792 ママシ●タ実話 波多野結衣,GVG-792 ママシ●タ実話 波多野結衣,GVG-792,,2018-12-19,137分鐘,ひょん,グローリークエスト,GLORYQUEST,ママショタ実話,母親、高畫質、戲劇、正太控、巨乳、單體作品,波多野結衣,https://www.javbus.com/GVG-792,
GMEN-001 ULTRA SWEET 赤貝 堕ちた美BODY限界昇天 Vol.01 ～狂気の快楽無限地獄～ 波多野結衣,GMEN-001 ULTRA SWEET 赤貝 堕ちた美BODY限界昇天 Vol.01 ～狂気の快楽無限地獄～ 波多野結衣,GMEN-001,,2018-12-17,148分鐘,ばば★ザ★ばびぃ,AVScollector’s,AVSCollector’sGOLD,,成熟的女人、拘束、殘忍畫面、中出、高畫質、單體作品、DMM獨家,波多野結衣,https://www.javbus.com/GMEN-001,
BDA-079 闇の飼育 監禁逃亡 波多野結衣,BDA-079 闇の飼育 監禁逃亡 波多野結衣,BDA-079,,2018-12-14,127分鐘,あばしり一家,バミューダ/妄想族,バミューダ/妄想族,,放尿、紧缚、監禁、性奴、單體作品、DMM獨家,波多野結衣,https://www.javbus.com/BDA-079,
ASMR-007 ASMR 7 波多野結衣,ASMR-007 ASMR 7 波多野結衣,ASMR-007,,2018-12-14,12分鐘,,ASMRJAPAN,ASMRJAPAN,,其他戀物癖、淫語、高畫質、猥褻穿著、DMM專屬、單體作品、DMM獨家,波多野結衣,https://www.javbus.com/ASMR-007,
PPPD-726 家庭内盗撮 義姉の無防備な巨乳を24時間監視する僕 波多野結衣,PPPD-726 家庭内盗撮 義姉の無防備な巨乳を24時間監視する僕 波多野結衣,PPPD-726,,2018-12-13,120分鐘,,OPPAI,OPPAI,,偷窥、惡作劇、高畫質、巨乳、單體作品、DMM獨家,波多野結衣,https://www.javbus.com/PPPD-726,
XVSR-442 波多野結衣 7本番×4時間,XVSR-442 波多野結衣 7本番×4時間,XVSR-442,,2018-12-12,240分鐘,MAX-IKA,マックスエー,Calen,,成熟的女人、潮吹、已婚婦女、中出、4小時以上作品、女優ベスト・総集編、單體作品、DMM獨家,波多野結衣,https://www.javbus.com/XVSR-442,
AVVR-461 【VR】補習の時間、新任の結衣先生と二人きり。勉強のことも「おセッセ」のことも教えてくれた。。まさかの中出しセックス 波多野結衣,AVVR-461 【VR】補習の時間、新任の結衣先生と二人きり。勉強のことも「おセッセ」のことも教えてくれた。。まさかの中出しセックス 波多野結衣,AVVR-461,,2018-12-07,44分鐘,,AVVR,AVVR,,女教師、口交、中出、3D、VR専用、單體作品、迷你裙,波多野結衣,https://www.javbus.com/AVVR-461,
ATAD-139 ATTACKERS PRESENTS THE BEST OF 波多野結衣2,ATAD-139 ATTACKERS PRESENTS THE BEST OF 波多野結衣2,ATAD-139,,2018-12-06,450分鐘,,アタッカーズ,アタッカーズアンソロジー,THEBESTOF（アタッカーズ）,凌辱、女優ベスト・総集編、單體作品、DMM獨家,波多野結衣,https://www.javbus.com/ATAD-139,
AVVR-459 【VR】普段は厳しい波多野社長。。でも、僕の勃起チ○ポを見た瞬間、ツンデレのメスになったんだ！女社長と生ナカダシSEX～ 波多野結衣,AVVR-459 【VR】普段は厳しい波多野社長。。でも、僕の勃起チ○ポを見た瞬間、ツンデレのメスになったんだ！女社長と生ナカダシSEX～ 波多野結衣,AVVR-459,,2018-11-30,48分鐘,,AVVR,AVVR,,口交、姐姐、中出、女上位、3D、VR専用、單體作品,波多野結衣,https://www.javbus.com/AVVR-459,
BMW-170 波多野結衣700分WANZスペシャル,BMW-170 波多野結衣700分WANZスペシャル,BMW-170,,2018-11-30,700分鐘,,ワンズファクトリー,WANZ,,角色扮演、中出、女優ベスト・総集編、巨乳、單體作品、DMM獨家,波多野結衣,https://www.javbus.com/BMW-170,
XVSR-431 欲求不満な浮気妻 ～寝取られ中出し人妻～ 波多野結衣,XVSR-431 欲求不満な浮気妻 ～寝取られ中出し人妻～ 波多野結衣,XVSR-431,,2018-11-24,120分鐘,SONO-KAN,マックスエー,Calen,欲求不満な浮気妻,蕩婦、已婚婦女、中出、出軌、戲劇、單體作品、DMM獨家,波多野結衣,https://www.javbus.com/XVSR-431,
MBYD-282 波多野結衣8時間BEST,MBYD-282 波多野結衣8時間BEST,MBYD-282,,2018-11-10,480分鐘,,溜池ゴロー,溜池ゴロー,,中出、出軌、戲劇、女優ベスト・総集編、巨乳、單體作品、DMM獨家,波多野結衣,https://www.javbus.com/MBYD-282,
WANZ-803 新感覚絶頂！ CUVコンプレックス開発クリニック 波多野結衣,WANZ-803 新感覚絶頂！ CUVコンプレックス開発クリニック 波多野結衣,WANZ-803,,2018-10-27,120分鐘,,ワンズファクトリー,WANZ,,其他戀物癖、潮吹、花癡、中出、高畫質、巨乳、單體作品、DMM獨家,波多野結衣,https://www.javbus.com/WANZ-803,
XVSR-427 泡姫桃源郷 絶対生中出し出来るご奉仕ソープ嬢 波多野結衣,XVSR-427 泡姫桃源郷 絶対生中出し出来るご奉仕ソープ嬢 波多野結衣,XVSR-427,,2018-10-22,120分鐘,シャンティYAZAWA,マックスエー,Calen,,放尿、妓女、美少女、乳房、乳液、單體作品、DMM獨家,波多野結衣,https://www.javbus.com/XVSR-427,
BIJN-142 受精態勢完了の女の身体 女がイク瞬間に膣奥に妊娠覚悟の中出し射精をしてやる！ 波多野結衣,BIJN-142 受精態勢完了の女の身体 女がイク瞬間に膣奥に妊娠覚悟の中出し射精をしてやる！ 波多野結衣,BIJN-142,,2018-10-19,114分鐘,,美人魔女/エマニエル,美人魔女,,成熟的女人、纪录片、中出、高畫質、單體作品、DMM獨家,波多野結衣,https://www.javbus.com/BIJN-142,
YPAA-019 隣人たちに連続で寝取られていた妻 波多野結衣,YPAA-019 隣人たちに連続で寝取られていた妻 波多野結衣,YPAA-019,,2018-10-11,121分鐘,はざまだん,センタービレッジ,NTR（センタービレッジ）,,成熟的女人、已婚婦女、偷窥、多P、高畫質、出軌、戲劇、デカチン・巨根、單體作品,波多野結衣,https://www.javbus.com/YPAA-019,
BIKMVR-005 【VR】STOP！！ 不思議な時計で時間停止！！ 時を止めて気づかれずに世界のハタノを犯す！！ 波多野結衣 完全ストップ！ 銭湯編,BIKMVR-005 【VR】STOP！！ 不思議な時計で時間停止！！ 時を止めて気づかれずに世界のハタノを犯す！！ 波多野結衣 完全ストップ！ 銭湯編,BIKMVR-005,,2018-10-02,63分鐘,ささきうずまき,KMPVR-bibi-,KMPVR-bibi-,STOP！！不思議な時計で時間停止！！,企畫、中出、時間停止、VR専用、巨乳、單體作品,波多野結衣,https://www.javbus.com/BIKMVR-005,
AVSA-074 手違いでお店のHPに‘NN可’とアイコンを付けられてしまって スケベな客のイカ臭い精子を断り切れずにどくどくと注ぎ込まれたナマ中出しデリヘル妻 波多野結衣,AVSA-074 手違いでお店のHPに‘NN可’とアイコンを付けられてしまって スケベな客のイカ臭い精子を断り切れずにどくどくと注ぎ込まれたナマ中出しデリヘル妻 波多野結衣,AVSA-074,,2018-09-25,117分鐘,藤岡ららん,AVScollector’s,AVSCollector’s,ナマ中出しデリヘル妻,妓女、姐姐、中出、高畫質、單體作品、DMM獨家,波多野結衣,https://www.javbus.com/AVSA-074,
DDOB-036 お手コキママちゃん 妖艶な神の手コキで快楽射精 波多野結衣,DDOB-036 お手コキママちゃん 妖艶な神の手コキで快楽射精 波多野結衣,DDOB-036,,2018-09-19,134分鐘,TENUN,ドグマ,俺のおばさん,,蕩婦、成熟的女人、潮吹、乳液、高畫質、單體作品、DMM獨家、打手槍,波多野結衣,https://www.javbus.com/DDOB-036,
BDA-071 緊縛女教師 恥辱の教室 波多野結衣,BDA-071 緊縛女教師 恥辱の教室 波多野結衣,BDA-071,,2018-09-19,140分鐘,あばしり一家,バミューダ/妄想族,バミューダ/妄想族,,女教師、紧缚、拘束、單體作品、DMM獨家、顏射,波多野結衣,https://www.javbus.com/BDA-071,
MIAE-307 タイトスカート女教師のむっちり太もも誘惑絶対領域 波多野結衣,MIAE-307 タイトスカート女教師のむっちり太もも誘惑絶対領域 波多野結衣,MIAE-307,,2018-09-13,160分鐘,宮瀬博教,ムーディーズ,MOODYZACID,,苗條、女教師、戀腿癖、數位馬賽克、女上位、足交、高畫質、單體作品、DMM獨家,波多野結衣,https://www.javbus.com/MIAE-307,
KRBV-282 悦楽NTR 寝取られ「極上」美人妻たちの記録 8時間46人収録,KRBV-282 悦楽NTR 寝取られ「極上」美人妻たちの記録 8時間46人収録,KRBV-282,,2018-09-13,480分鐘,,カルマ,BEST,,合集、已婚婦女、中出、出軌、巨乳、DMM獨家,波多野結衣,https://www.javbus.com/KRBV-282,
GVG-740 Ma○ko Device BondageIV 鉄拘束マ○コ拷問 波多野結衣,GVG-740 Ma○ko Device BondageIV 鉄拘束マ○コ拷問 波多野結衣,GVG-740,,2018-09-05,120分鐘,,グローリークエスト,GLORYQUEST,Ma○koDeviceBondage,花癡、性奴、深喉、拘束、高畫質、單體作品,波多野結衣,https://www.javbus.com/GVG-740,
KMVR-461 【VR】波多野結衣 JOI 上から目線であなただけを見つめて語りかけるオナニーサポート射精焦らしからの生中出しセックス,KMVR-461 【VR】波多野結衣 JOI 上から目線であなただけを見つめて語りかけるオナニーサポート射精焦らしからの生中出しセックス,KMVR-461,,2018-08-24,80分鐘,どどくん,ケイ・エム・プロデュース,KMPVR,JOI,女教師、淫語、中出、女上位、主觀視角、VR専用、單體作品,波多野結衣,https://www.javbus.com/KMVR-461,
WAVR-023 【VR】圧倒的なボキャブラリー淫語と尻にぴったりタイトスーツでオフィス内SEXを求めてくる誘惑女上司VR 波多野結衣,WAVR-023 【VR】圧倒的なボキャブラリー淫語と尻にぴったりタイトスーツでオフィス内SEXを求めてくる誘惑女上司VR 波多野結衣,WAVR-023,,2018-08-24,66分鐘,,ワンズファクトリー,WANZVR,,蕩婦、OL、連褲襪、屁股、VR専用、巨乳、單體作品、DMM獨家,波多野結衣,https://www.javbus.com/WAVR-023,
TORX-008 波多野結衣SUPER BEST COLLECTION,TORX-008 波多野結衣SUPER BEST COLLECTION,TORX-008,,2018-08-24,241分鐘,,オルガ,ORGA,,OL、苗條、女教師、已婚婦女、性奴、4小時以上作品、高畫質、女優ベスト・総集編、巨乳、單體作品,波多野結衣,https://www.javbus.com/TORX-008,
CJOD-155 聖水ぶっかけエステサロン 波多野結衣,CJOD-155 聖水ぶっかけエステサロン 波多野結衣,CJOD-155,,2018-08-19,140分鐘,真咲南朋,痴女ヘブン,痴女ヘブン,,蕩婦、放尿、潮吹、中出、美容院、高畫質、單體作品、DMM獨家,波多野結衣,https://www.javbus.com/CJOD-155,
MXGS-1065 大人の個室ヨガ教室 波多野結衣,MXGS-1065 大人の個室ヨガ教室 波多野結衣,MXGS-1065,,2018-08-16,113分鐘,,マキシング,MAXING,大人の個室ヨガ教室,高畫質、講師、汗だく、巨乳、單體作品,波多野結衣,https://www.javbus.com/MXGS-1065,
REBDB-315 Yui3 OKINAWA Sunshine 波多野結衣,REBDB-315 Yui3 OKINAWA Sunshine 波多野結衣,REBDB-315,,2018-08-16,69分鐘,高橋卓也,REbecca,REbecca,,偶像藝人、介紹影片、高畫質、單體作品,波多野結衣,https://www.javbus.com/REBDB-315,
RVG-073 波多野結衣BEST vol.2,RVG-073 波多野結衣BEST vol.2,RVG-073,,2018-08-15,481分鐘,,グローリークエスト,GLORYQUEST,BEST（グローリークエスト）,蕩婦、已婚婦女、4小時以上作品、高畫質、女優ベスト・総集編、單體作品,波多野結衣,https://www.javbus.com/RVG-073,
VENU-802 ドスケベ母を満足させるイッた直後の敏感オマ○コを再び激突き！速攻！追い討ちピストンSEX 波多野結衣,VENU-802 ドスケベ母を満足させるイッた直後の敏感オマ○コを再び激突き！速攻！追い討ちピストンSEX 波多野結衣,VENU-802,,2018-08-12,84分鐘,ペータ☆,VENUS,INCEST（ヴィーナス）,ドスケベ母を満足させるイッた直後の敏感オマ○コを再び激突き！,蕩婦、成熟的女人、亂倫、已婚婦女、中出、高畫質、單體作品、DMM獨家,波多野結衣,https://www.javbus.com/VENU-802,
NDRA-042 社会派ねとられドラマ 隣人の情婦になってしまった妻6 波多野結衣,NDRA-042 社会派ねとられドラマ 隣人の情婦になってしまった妻6 波多野結衣,NDRA-042,,2018-08-04,120分鐘,,JET映像,JET映像,社会派ねとられドラマ,成熟的女人、已婚婦女、高畫質、出軌、戲劇、巨乳、單體作品、DMM獨家,波多野結衣,https://www.javbus.com/NDRA-042,
JUY-578 最近、うちの妻がこんな物にハマっているんです。 波多野結衣,JUY-578 最近、うちの妻がこんな物にハマっているんです。 波多野結衣,JUY-578,,2018-08-04,120分鐘,TATSU,マドンナ,Madonna,,角色扮演、成熟的女人、各種職業、已婚婦女、數位馬賽克、高畫質、巨乳、單體作品、DMM獨家,波多野結衣,https://www.javbus.com/JUY-578,
NACR-170 もしも…「波多野結衣」が○○だったら…。,NACR-170 もしも…「波多野結衣」が○○だったら…。,NACR-170,,2018-08-01,121分鐘,BIRDMAN鉄平,プラネットプラス,七狗留,もしも…○○が○○だったら…。,蕩婦、妓女、已婚婦女、通姦、中出、高畫質、單體作品,波多野結衣,https://www.javbus.com/NACR-170,
ASKD-005 痴女家庭教師の誘惑 波多野結衣,ASKD-005 痴女家庭教師の誘惑 波多野結衣,ASKD-005,,2018-07-31,36分鐘,Mr.木村,ASOKOYA,ASOKOYAORIGINAL,,蕩婦、家教、口交、女上位、高畫質、單體作品,波多野結衣,https://www.javbus.com/ASKD-005,
NACS-012 待ちきれなくて 波多野結衣,NACS-012 待ちきれなくて 波多野結衣,NACS-012,,2018-07-27,100分鐘,なぎら健造,オルガ,NAGIRA-ナギラ-,待ちきれなくて,已婚婦女、通姦、高畫質、出軌、戲劇、巨乳、單體作品,波多野結衣,https://www.javbus.com/NACS-012,
CESD-608 AV女優・波多野結衣が誕生するまでの物語,CESD-608 AV女優・波多野結衣が誕生するまでの物語,CESD-608,,2018-07-22,159分鐘,,セレブの友,セレブの友,○○が誕生するまでの物語,成熟的女人、第一人稱攝影、高畫質、顏射、故事集、巨乳、單體作品、DMM獨家,波多野結衣,https://www.javbus.com/CESD-608,
XVSR-400 セックス大好きブラコンお姉さんとエロエロ中出し性活 波多野結衣,XVSR-400 セックス大好きブラコンお姉さんとエロエロ中出し性活 波多野結衣,XVSR-400,,2018-07-22,120分鐘,SONO-KAN,マックスエー,Calen,,玩具、乳房、中出、主觀視角、單體作品、DMM獨家,波多野結衣,https://www.javbus.com/XVSR-400,
MXGS-1061 720時間禁欲させ排卵日に久しぶりにHしたら白濁汁をダラダラ垂れ流して絶頂を繰り返す欲求不満女子。 波多野結衣,MXGS-1061 720時間禁欲させ排卵日に久しぶりにHしたら白濁汁をダラダラ垂れ流して絶頂を繰り返す欲求不満女子。 波多野結衣,MXGS-1061,,2018-07-16,119分鐘,,マキシング,MAXING,○○時間禁欲させ排卵日に久しぶりにHしたら…,多P、手指插入、高畫質、單體作品、自慰,波多野結衣,https://www.javbus.com/MXGS-1061,
XRW-516 女捜査官拷問,XRW-516 女捜査官拷問,XRW-516,,2018-07-13,119分鐘,ディラン富増,レアルワークス,REAL（レアルワークス）,,監禁、女檢察官、拘束、高畫質、戲劇,波多野結衣,https://www.javbus.com/XRW-516,
GVG-708 ノーブラノーパンで挑発してくるスケベ奥さんが隣に引っ越してきた！ 波多野結衣,GVG-708 ノーブラノーパンで挑発してくるスケベ奥さんが隣に引っ越してきた！ 波多野結衣,GVG-708,,2018-07-04,120分鐘,黄桜花瓶,グローリークエスト,GLORYQUEST,,蕩婦、已婚婦女、乳房、高畫質、戲劇、單體作品,波多野結衣,https://www.javbus.com/GVG-708,
VEQ-141 S級熟女コンプリートファイル 波多野結衣6時間 其之参,VEQ-141 S級熟女コンプリートファイル 波多野結衣6時間 其之参,VEQ-141,,2018-07-01,366分鐘,,VENUS,女神（ヴィーナス）,S級熟女（VENUS）,成熟的女人、已婚婦女、中出、4小時以上作品、高畫質、女優ベスト・総集編、單體作品、DMM獨家,波多野結衣,https://www.javbus.com/VEQ-141,
SHKD-800 犯された女格闘家2 波多野結衣,SHKD-800 犯された女格闘家2 波多野結衣,SHKD-800,,2018-06-30,120分鐘,前田文豪,アタッカーズ,死夜悪,,格鬥家、凌辱、高畫質、戲劇、單體作品、DMM獨家,波多野結衣,https://www.javbus.com/SHKD-800,
MIAE-262 超高級中出し専門ソープ 波多野結衣,MIAE-262 超高級中出し専門ソープ 波多野結衣,MIAE-262,,2018-06-23,120分鐘,ZAMPA,ムーディーズ,MOODYZACID,超高級中出し専門ソープ,妓女、花癡、數位馬賽克、乳液、中出、高畫質、單體作品、DMM獨家、內衣,波多野結衣,https://www.javbus.com/MIAE-262,
WANZ-764 波多野結衣の凄テクを我慢できれば生★中出しSEX！（WANZ-764）,WANZ-764 波多野結衣の凄テクを我慢できれば生★中出しSEX！（WANZ-764）,WANZ-764,,2018-06-23,220分鐘,,ワンズファクトリー,WANZ,我慢できれば生中出しSEX！,苗條、纪录片、乳房、中出、高畫質、ファン感謝・訪問、單體作品、DMM獨家,波多野結衣,https://www.javbus.com/WANZ-764,
MXVR-015 【VR】夫婦のエッチで時たまビッチな淫乱嫁【波多野結衣】,MXVR-015 【VR】夫婦のエッチで時たまビッチな淫乱嫁【波多野結衣】,MXVR-015,,2018-06-21,52分鐘,,マキシング.VR,MAXING・VR,,口交、新娘、年輕妻子、主觀視角、ビッチ、VR専用、單體作品、DMM獨家,波多野結衣,https://www.javbus.com/MXVR-015,
GVG-699 教え子のチ●ポに欲情するシ●タコン女家庭教師 波多野結衣,GVG-699 教え子のチ●ポに欲情するシ●タコン女家庭教師 波多野結衣,GVG-699,,2018-06-20,120分鐘,温水ケンタ,グローリークエスト,GLORYQUEST,教え子のチ○ポに欲情するシ●タコン女家庭教師,蕩婦、家教、中出、高畫質、正太控、單體作品,波多野結衣,https://www.javbus.com/GVG-699,
MAXVR-003 【VR】高画質 波多野結衣 親友の彼女が小悪魔すぎて理性崩壊して中出ししちゃった件,MAXVR-003 【VR】高画質 波多野結衣 親友の彼女が小悪魔すぎて理性崩壊して中出ししちゃった件,MAXVR-003,,2018-06-13,80分鐘,トロモロコシ,マックスエー,MAX-AVR,VR,放尿、中出、主觀視角、キス・接吻、VR専用、單體作品、DMM獨家、局部特寫,波多野結衣,https://www.javbus.com/MAXVR-003,
VRVR-004 【VR】いつもは高飛車な女上司はほろ酔い状態になるとパンスト穿きながら馬乗り生挿入！欲求不満すぎて自ら激しいピストン何度も勝手に絶頂！ 波多野結衣,VRVR-004 【VR】いつもは高飛車な女上司はほろ酔い状態になるとパンスト穿きながら馬乗り生挿入！欲求不満すぎて自ら激しいピストン何度も勝手に絶頂！ 波多野結衣,VRVR-004,,2018-06-13,49分鐘,すっとるね岩永,V＆RPRODUCE,3DV＆RVR,いつもは高飛車な女上司はほろ酔い状態になると…,蕩婦、企畫、OL、淫語、各種職業、連褲襪、女上位、VR専用、單體作品,波多野結衣,https://www.javbus.com/VRVR-004,
TAAK-022 スタイル抜群の結衣ちゃんは、セクハラされまくりのパンストメーカー社員 波多野結衣,TAAK-022 スタイル抜群の結衣ちゃんは、セクハラされまくりのパンストメーカー社員 波多野結衣,TAAK-022,,2018-06-10,150分鐘,渡辺琢斗,AVScollector’s,AVSCollector’s,セクハラされまくりの○○,各種職業、連褲襪、姐姐、惡作劇、單體作品、DMM獨家,波多野結衣,https://www.javbus.com/TAAK-022,
MIAE-251 今話題！人気女優波多野結衣がレズ風俗潜入体験リポ 東京編,MIAE-251 今話題！人気女優波多野結衣がレズ風俗潜入体験リポ 東京編,MIAE-251,,2018-06-09,200分鐘,真咲南朋,ムーディーズ,MOODYZACID,,女同性戀、潮吹、妓女、纪录片、數位馬賽克、舔陰、高畫質、單體作品、DMM獨家,波多野結衣,https://www.javbus.com/MIAE-251,
MEYD-385 勃起薬の新薬で24時間勃ちっぱなし絶倫になった俺と夫の早漏で欲求不満が限界値を超えた巨乳人妻のチ○ポこねくり回し連続中出し不倫 波多野結衣,MEYD-385 勃起薬の新薬で24時間勃ちっぱなし絶倫になった俺と夫の早漏で欲求不満が限界値を超えた巨乳人妻のチ○ポこねくり回し連続中出し不倫 波多野結衣,MEYD-385,,2018-06-09,120分鐘,豆沢豆太郎,溜池ゴロー,溜池ゴロー,,已婚婦女、通姦、中出、高畫質、出軌、戲劇、單體作品、DMM獨家,波多野結衣,https://www.javbus.com/MEYD-385,
NCAC-062 息子の嫁,NCAC-062 息子の嫁,NCAC-062,,2018-06-08,150分鐘,,新世紀文藝社,新世紀文藝社,,亂倫、已婚婦女、新娘、年輕妻子、性奴、乳房、惡作劇、羞恥、乳液、戲劇,波多野結衣,https://www.javbus.com/NCAC-062,
HDKA-141 はだかの主婦 新宿区在住 波多野結衣（29）,HDKA-141 はだかの主婦 新宿区在住 波多野結衣（29）,HDKA-141,,2018-06-01,127分鐘,BIRDMAN鉄平,プラネットプラス,裸婦趣向,裸の主婦,成熟的女人、苗條、其他戀物癖、已婚婦女、高畫質、巨乳、單體作品,波多野結衣,https://www.javbus.com/HDKA-141,
VRVR-003 【VR】「私のSEX見てもいいよ…」優しい担任の先生に童貞カミングアウトしたら透明人間になれる薬をゲット！教室で同僚教師との情熱的な禁断SEXを目の前で見せつけられた！ 波多野結衣,VRVR-003 【VR】「私のSEX見てもいいよ…」優しい担任の先生に童貞カミングアウトしたら透明人間になれる薬をゲット！教室で同僚教師との情熱的な禁断SEXを目の前で見せつけられた！ 波多野結衣,VRVR-003,,2018-05-24,49分鐘,すっとるね岩永,V＆RPRODUCE,3DV＆RVR,,企畫、女教師、淫語、VR専用、巨乳、單體作品,波多野結衣,https://www.javbus.com/VRVR-003,
CESD-577 「他人に抱かれる妻が見たい…」夫の寝取られ性癖を満たすため、妻の結衣は男を誘い見知らぬチ○ポで淫らに腰を振る！！ 波多野結衣,CESD-577 「他人に抱かれる妻が見たい…」夫の寝取られ性癖を満たすため、妻の結衣は男を誘い見知らぬチ○ポで淫らに腰を振る！！ 波多野結衣,CESD-577,,2018-05-21,128分鐘,柊炎舞,セレブの友,セレブの友,,成熟的女人、已婚婦女、通姦、中出、高畫質、出軌、單體作品、DMM獨家,波多野結衣,https://www.javbus.com/CESD-577,
JUY-507 夫の遺影の前で犯されて、気が狂うほど絶頂した私。 波多野結衣,JUY-507 夫の遺影の前で犯されて、気が狂うほど絶頂した私。 波多野結衣,JUY-507,,2018-05-20,120分鐘,古賀丈士,マドンナ,Madonna,夫の遺影の前で犯されて、気が狂うほど絶頂した私。,成熟的女人、已婚婦女、寡婦、數位馬賽克、羞恥、高畫質、巨乳、單體作品、DMM獨家,波多野結衣,https://www.javbus.com/JUY-507,
MXGS-1048 ジュポジュポくちマ●コ 濃厚フェラチオFUCK 波多野結衣,MXGS-1048 ジュポジュポくちマ●コ 濃厚フェラチオFUCK 波多野結衣,MXGS-1048,,2018-05-19,130分鐘,,マキシング,MAXING,,口交、姐姐、高畫質、單體作品,波多野結衣,https://www.javbus.com/MXGS-1048,
HIGH-167 彼女の親友がエッチな誘いをしてきた… 波多野結衣,HIGH-167 彼女の親友がエッチな誘いをしてきた… 波多野結衣,HIGH-167,,2018-05-18,14分鐘,,ハイライト,ハイライト,彼女の親友がエッチな誘いをしてきた…,已婚婦女、姐姐、乳房、中出、高畫質、出軌、單體作品,波多野結衣,https://www.javbus.com/HIGH-167,
VOSS-092 股間がかゆくてデリケートクリームを塗ろうとした母親が間違えて媚薬をマ○コに塗りこみまさかの発情！『ガンガン突いて』オナニーだけでは飽き足らず結合部をおっぴろげて僕のチ○ポで膣奥イキをねだりだす。2,VOSS-092 股間がかゆくてデリケートクリームを塗ろうとした母親が間違えて媚薬をマ○コに塗りこみまさかの発情！『ガンガン突いて』オナニーだけでは飽き足らず結合部をおっぴろげて僕のチ○ポで膣奥イキをねだりだす。2,VOSS-092,,2018-05-18,80分鐘,カニエ,VENUS,熟人PROJECT,股間がかゆくてデリケートクリームを塗ろうとした母親が間違えて媚薬をマ○コに塗りこみまさかの発情！,蕩婦、成熟的女人、亂倫、已婚婦女、中出、高畫質、DMM獨家,波多野結衣,https://www.javbus.com/VOSS-092,
AVSA-063 結衣女王様のM男調教 波多野結衣,AVSA-063 結衣女王様のM男調教 波多野結衣,AVSA-063,,2018-05-13,129分鐘,まりあんぬ,AVScollector’s,AVSCollector’s,女王様のM男調教,性奴、高畫質、M男、緊縛、單體作品、DMM獨家,波多野結衣,https://www.javbus.com/AVSA-063,
RBD-904 テニス部顧問教師 スコート越しの凌辱 波多野結衣,RBD-904 テニス部顧問教師 スコート越しの凌辱 波多野結衣,RBD-904,,2018-05-03,120分鐘,肉尊,アタッカーズ,龍縛,,女教師、凌辱、高畫質、戲劇、單體作品、DMM獨家,波多野結衣,https://www.javbus.com/RBD-904,
GVG-676 義父と嫁、密着中出し交尾 波多野結衣,GVG-676 義父と嫁、密着中出し交尾 波多野結衣,GVG-676,,2018-05-02,135分鐘,三島六三郎,グローリークエスト,GLORYQUEST,義父と嫁、密着中出し交尾,其他戀物癖、亂倫、已婚婦女、中出、高畫質、戲劇、單體作品,波多野結衣,https://www.javbus.com/GVG-676,
MDB-885 完全主観！！もしも巨チンの僕が巨乳美女だらけの銭湯・オフィス・サウナ・TV局・病院でやりたい放題SEXできたら…4時間スペシャルBEST,MDB-885 完全主観！！もしも巨チンの僕が巨乳美女だらけの銭湯・オフィス・サウナ・TV局・病院でやりたい放題SEXできたら…4時間スペシャルBEST,MDB-885,,2018-04-27,241分鐘,,メディアステーション,BAZOOKA（バズーカ）,,合集、多P、4小時以上作品、主觀視角、高畫質、デカチン・巨根、巨乳,波多野結衣,https://www.javbus.com/MDB-885,
XVSR-365 濃交 ～人気女優の濃密リアル中出しSEX～ 波多野結衣,XVSR-365 濃交 ～人気女優の濃密リアル中出しSEX～ 波多野結衣,XVSR-365,,2018-04-25,120分鐘,K.C.武田,マックスエー,Calen,濃交,乳房、中出、キス・接吻、汗だく、單體作品、DMM獨家、內衣,波多野結衣,https://www.javbus.com/XVSR-365,
HIGH-072 強引にナンパした美人人妻と勢いでセックス 波多野結衣,HIGH-072 強引にナンパした美人人妻と勢いでセックス 波多野結衣,HIGH-072,,2018-04-20,12分鐘,,ハイライト,ハイライト,強引にナンパした美人人妻と勢いでセックス,獵豔、已婚婦女、姐姐、乳房、中出、高畫質、單體作品,波多野結衣,https://www.javbus.com/HIGH-072,
MEYD-364 危険日中出し同窓会NTR～愛する妻の排卵日に開催されたゲス元カレ既婚男たちとの全記録～ 波多野結衣,MEYD-364 危険日中出し同窓会NTR～愛する妻の排卵日に開催されたゲス元カレ既婚男たちとの全記録～ 波多野結衣,MEYD-364,,2018-04-19,120分鐘,大崎広浩治,溜池ゴロー,溜池ゴロー,,濫交、通姦、中出、高畫質、出軌、童年朋友、單體作品、DMM獨家,波多野結衣,https://www.javbus.com/MEYD-364,
BDA-058 洗脳 潜入捜査官 波多野結衣,BDA-058 洗脳 潜入捜査官 波多野結衣,BDA-058,,2018-04-19,120分鐘,あばしり一家,バミューダ/妄想族,バミューダ/妄想族,,監禁、性奴、女檢察官、單體作品、DMM獨家,波多野結衣,https://www.javbus.com/BDA-058,
CESD-553 僕が愛したリアルダッチドール7 波多野結衣,CESD-553 僕が愛したリアルダッチドール7 波多野結衣,CESD-553,,2018-04-13,140分鐘,小池.jp,セレブの友,セレブの友,僕が愛したリアルダッチドール,成熟的女人、花癡、中出、巨乳、單體作品、DMM獨家、吞精,波多野結衣,https://www.javbus.com/CESD-553,
MIAE-214 前戯ばっかりでぜんぜん挿入してあげないプレイ 波多野結衣,MIAE-214 前戯ばっかりでぜんぜん挿入してあげないプレイ 波多野結衣,MIAE-214,,2018-04-07,120分鐘,タイガー小堺,ムーディーズ,MOODYZACID,,其他戀物癖、淫語、姐姐、數位馬賽克、舔陰、高畫質、巨乳、單體作品、DMM獨家,波多野結衣,https://www.javbus.com/MIAE-214,
DSVR-221 【VR】AV現場のえっちな裏側体験VR AV撮影後の新人ADにも優しい世界の波多野結衣の誘惑で周りのスタッフにバレないようにこっそり中出しセックス！,DSVR-221 【VR】AV現場のえっちな裏側体験VR AV撮影後の新人ADにも優しい世界の波多野結衣の誘惑で周りのスタッフにバレないようにこっそり中出しセックス！,DSVR-221,,2018-04-06,53分鐘,西城アキラ,SODクリエイト,SODVR,,蕩婦、淫語、惡作劇、女上位、內衣、VR専用、單體作品,波多野結衣,https://www.javbus.com/DSVR-221,
3DSVR-0221 【AV現場のえっちな裏側体験VR】AV撮影後の新人ADにも優しい世界の波多野…,3DSVR-0221 【AV現場のえっちな裏側体験VR】AV撮影後の新人ADにも優しい世界の波多野…,3DSVR-0221,,2018-04-06,52分鐘,西城アキラ,SODクリエイト,SODVR,,蕩婦、淫語、女上位、內衣,波多野結衣,https://www.javbus.com/3DSVR-0221,
BF-537 NTR 元上司、同僚に寝取られた同期会 波多野結衣,BF-537 NTR 元上司、同僚に寝取られた同期会 波多野結衣,BF-537,,2018-03-24,120分鐘,NAKIBESO,BeFree,BeFree,,已婚婦女、纪录片、高畫質、出軌、單體作品、DMM獨家,波多野結衣,https://www.javbus.com/BF-537,
HIGH-156 有能美人OLを社内でハメちゃうダメ社員 波多野結衣,HIGH-156 有能美人OLを社内でハメちゃうダメ社員 波多野結衣,HIGH-156,,2018-03-20,12分鐘,,ハイライト,ハイライト,有能美人OLを社内でハメちゃうダメ社員,各種職業、已婚婦女、姐姐、乳房、中出、高畫質、單體作品,波多野結衣,https://www.javbus.com/HIGH-156,
MXGS-1031 支配願望 抵抗不可能な状態で固定拘束調教されて、潮吹き絶頂を繰り返す淫乱マゾ人妻 波多野結衣,MXGS-1031 支配願望 抵抗不可能な状態で固定拘束調教されて、潮吹き絶頂を繰り返す淫乱マゾ人妻 波多野結衣,MXGS-1031,,2018-03-16,125分鐘,,マキシング,MAXING,支配願望,紧缚、已婚婦女、性奴、拘束、高畫質、單體作品,波多野結衣,https://www.javbus.com/MXGS-1031,
VENU-766 近親相汗 「火照る肉体、蒸れた子宮、ガマンできない親子の本能」 波多野結衣,VENU-766 近親相汗 「火照る肉体、蒸れた子宮、ガマンできない親子の本能」 波多野結衣,VENU-766,,2018-03-11,105分鐘,北野マジメ,VENUS,INCEST（ヴィーナス）,近親相汗,成熟的女人、亂倫、已婚婦女、中出、婆婆、汗だく、單體作品、DMM獨家,波多野結衣,https://www.javbus.com/VENU-766,
OIGS-018 縄酔い人妻 夫の留守‥‥私は縄奴隷に堕ちていく 波多野結衣,OIGS-018 縄酔い人妻 夫の留守‥‥私は縄奴隷に堕ちていく 波多野結衣,OIGS-018,,2018-03-11,105分鐘,薄刃紫翠,AVScollector’s,AVSCollector’s,縄酔い人妻,成熟的女人、紧缚、性奴、高畫質、單體作品、DMM獨家,波多野結衣,https://www.javbus.com/OIGS-018,
KAM-073 禁断NTR 波多野結衣 ボクの自慢の美人妻が兄貴に寝取られてしまいました。従順で清廉だった妻は卑猥なただのメス豚に成り下がってしまいました…,KAM-073 禁断NTR 波多野結衣 ボクの自慢の美人妻が兄貴に寝取られてしまいました。従順で清廉だった妻は卑猥なただのメス豚に成り下がってしまいました…,KAM-073,,2018-03-10,190分鐘,,カルマ,ドキュメント,,纪录片、中出、高畫質、出軌、巨乳、單體作品、DMM獨家,波多野結衣,https://www.javbus.com/KAM-073,
MRXD-084 デカチン少年ウマオ君の近所のおばさんドマゾ化計画。4 帰省旅行編 波多野結衣,MRXD-084 デカチン少年ウマオ君の近所のおばさんドマゾ化計画。4 帰省旅行編 波多野結衣,MRXD-084,,2018-03-10,150分鐘,雅MIYABY,MARX,MARX（マルクス兄弟）,デカチン少年ウマオ君のドマゾ化計画,性奴、中出、高畫質、戲劇、デカチン・巨根、巨乳、單體作品、DMM獨家,波多野結衣,https://www.javbus.com/MRXD-084,
TMVR-002 【VR】結婚してから性欲が倍増した美人妻。隣人の男子大学生に狙いをつけ親の居ぬ間に家庭訪問。若いエキスをま●こから吸い取る根っからのSEX好き。 波多野結衣,TMVR-002 【VR】結婚してから性欲が倍増した美人妻。隣人の男子大学生に狙いをつけ親の居ぬ間に家庭訪問。若いエキスをま●こから吸い取る根っからのSEX好き。 波多野結衣,TMVR-002,,2018-03-01,54分鐘,ジーニアス膝,KMPVR-bibi-,KMP.TMVR,,蕩婦、已婚婦女、乳房、中出、主觀視角、VR専用、單體作品,波多野結衣,https://www.javbus.com/TMVR-002,
RCTD-077 波多野結衣のなめんなよ,RCTD-077 波多野結衣のなめんなよ,RCTD-077,,2018-02-22,123分鐘,ドラゴン西川,ROCKET,ROCKET,,企畫、其他戀物癖、高畫質、時間停止、單體作品,波多野結衣,https://www.javbus.com/RCTD-077,
XVSR-341 官能小説 人妻家政婦 ～添い寝します～ 波多野結衣,XVSR-341 官能小説 人妻家政婦 ～添い寝します～ 波多野結衣,XVSR-341,,2018-02-19,120分鐘,K.C.武田,マックスエー,Calen,官能小説（マックスエー）,已婚婦女、乳房、出軌、戲劇、原作コラボ、單體作品、DMM獨家,波多野結衣,https://www.javbus.com/XVSR-341,
RBD-888 マゾに目覚めた女6 波多野結衣,RBD-888 マゾに目覚めた女6 波多野結衣,RBD-888,,2018-02-18,140分鐘,長谷川九仁広,アタッカーズ,龍縛,マゾに目覚めた女,已婚婦女、性奴、凌辱、高畫質、戲劇、單體作品、DMM獨家,波多野結衣,https://www.javbus.com/RBD-888,
DSVR-207 【VR】VR長尺 業界初アタリつきVR！？もしアタリが出て、突然アナタの部屋に波多野結衣が訪れたら…【S級女優のたっぷりのキスとフェラテクで口内射精暴発！顔面に潮吹きをぶっかけてもらって大興奮！騎乗位で生中出ししても、体面座位でもう1発射！したい！】 波多野結衣,DSVR-207 【VR】VR長尺 業界初アタリつきVR！？もしアタリが出て、突然アナタの部屋に波多野結衣が訪れたら…【S級女優のたっぷりのキスとフェラテクで口内射精暴発！顔面に潮吹きをぶっかけてもらって大興奮！騎乗位で生中出ししても、体面座位でもう1発射！したい！】 波多野結衣,DSVR-207,,2018-02-16,83分鐘,木村真也,SODクリエイト,SODVR,,潮吹、中出、主觀視角、ファン感謝・訪問、VR専用、巨乳、單體作品,波多野結衣,https://www.javbus.com/DSVR-207,
AVVR-227 【VR】街で噂の密着痴女フェラエステ～凄テク！オイリーマッサージ～ 波多野結衣,AVVR-227 【VR】街で噂の密着痴女フェラエステ～凄テク！オイリーマッサージ～ 波多野結衣,AVVR-227,,2018-02-14,24分鐘,ザック荒井,AVVR,AVVR,,蕩婦、美容院、VR専用、巨乳、單體作品,波多野結衣,https://www.javbus.com/AVVR-227,
OKM-014 波多野結衣 性感媚薬マッサージ,OKM-014 波多野結衣 性感媚薬マッサージ,OKM-014,,2018-02-09,29分鐘,,親父の個撮,神マッサージ,性感媚薬マッサージ,業餘、已婚婦女、偷窥、美容院、高畫質、單體作品,波多野結衣,https://www.javbus.com/OKM-014,
NACS-007 白昼の人妻整体師 波多野結衣,NACS-007 白昼の人妻整体師 波多野結衣,NACS-007,,2018-02-09,126分鐘,なぎら健造,オルガ,NAGIRA-ナギラ-,,已婚婦女、通姦、乳房、高畫質、出軌、戲劇、單體作品,波多野結衣,https://www.javbus.com/NACS-007,
YMDD-115 ヤリマンワゴンが行く！！ ハプニング ア ゴーゴー！！波多野結衣とリズの珍道中,YMDD-115 ヤリマンワゴンが行く！！ ハプニング ア ゴーゴー！！波多野結衣とリズの珍道中,YMDD-115,,2018-02-09,286分鐘,リズ,桃太郎映像出版,若桃,ヤリマンワゴンが行く！！ハプニングアゴーゴー！！,蕩婦、獵豔、汽車性愛、中出、高畫質、單體作品、DMM獨家,波多野結衣,https://www.javbus.com/YMDD-115,
PPPD-631 親友からこっそり彼氏を寝取る巨乳でエッチな痴女お姉さん 波多野結衣,PPPD-631 親友からこっそり彼氏を寝取る巨乳でエッチな痴女お姉さん 波多野結衣,PPPD-631,,2018-02-03,120分鐘,,OPPAI,OPPAI,親友からこっそり彼氏を寝取る巨乳でエッチな痴女お姉さん,蕩婦、乳交、中出、高畫質、出軌、巨乳、單體作品、DMM獨家,波多野結衣,https://www.javbus.com/PPPD-631,
GVG-627 夫の実家で起こった悲劇 波多野結衣,GVG-627 夫の実家で起こった悲劇 波多野結衣,GVG-627,,2018-01-31,120分鐘,高橋秩士,グローリークエスト,GLORYQUEST,夫の実家で起こった悲劇,亂倫、已婚婦女、高畫質、戲劇、單體作品,波多野結衣,https://www.javbus.com/GVG-627,
MMAR-004 舐められたくて舐めたい粘着メガネ腐女子 波多野結衣,MMAR-004 舐められたくて舐めたい粘着メガネ腐女子 波多野結衣,MMAR-004,,2018-01-28,180分鐘,嵐山みちる,MARRION,MICHIRU,舐められたくて舐めたい粘着メガネ腐女子,OL、口交、顏射、巨尻、キス・接吻、單體作品、DMM獨家,波多野結衣,https://www.javbus.com/MMAR-004,
XVSR-325 本気で赤面する、美少女の放尿！！ 波多野結衣,XVSR-325 本気で赤面する、美少女の放尿！！ 波多野結衣,XVSR-325,,2018-01-21,120分鐘,SONO-KAN,マックスエー,Calen,本気で赤面する、美少女の放尿！！,放尿、飲尿、潮吹、美少女、羞恥、單體作品、DMM獨家,波多野結衣,https://www.javbus.com/XVSR-325,
MXGS-1018 物凄い乳首責めでガチ勃起した男根を寸止め焦らし生挿入でハメ狂う波多野結衣,MXGS-1018 物凄い乳首責めでガチ勃起した男根を寸止め焦らし生挿入でハメ狂う波多野結衣,MXGS-1018,,2018-01-16,120分鐘,,マキシング,MAXING,,蕩婦、淫語、高畫質、M男、單體作品,波多野結衣,https://www.javbus.com/MXGS-1018,
BDA-052 クレイジーロープ 狂気の縄に縛られた女 波多野結衣,BDA-052 クレイジーロープ 狂気の縄に縛られた女 波多野結衣,BDA-052,,2018-01-14,130分鐘,あばしり一家,バミューダ/妄想族,バミューダ/妄想族,クレイジーロープ,紧缚、其他戀物癖、性奴、拘束、M男、單體作品、DMM獨家,波多野結衣,https://www.javbus.com/BDA-052,
OKS-031 濡れてテカってピッタリ密着 神スク水 波多野結衣 美少女から人妻まで可愛い女子のスクール水着姿をじっとりと堪能！着替え盗撮から始まり貧乳から巨乳にパイパン、ハミ毛、ジョリワキ等のフェチ接写やローションソーププレイ等を完全着衣で楽しむAV,OKS-031 濡れてテカってピッタリ密着 神スク水 波多野結衣 美少女から人妻まで可愛い女子のスクール水着姿をじっとりと堪能！着替え盗撮から始まり貧乳から巨乳にパイパン、ハミ毛、ジョリワキ等のフェチ接写やローションソーププレイ等を完全着衣で楽しむAV,OKS-031,,2018-01-11,91分鐘,,親父の個撮,親父の個撮,神スク水,投稿、偷窥、美少女、高畫質、單體作品、學校泳裝、顏射,波多野結衣,https://www.javbus.com/OKS-031,
WANZ-704 悶絶クンニMANIAX 波多野結衣,WANZ-704 悶絶クンニMANIAX 波多野結衣,WANZ-704,,2018-01-07,120分鐘,,ワンズファクトリー,WANZ,,苗條、69、舔陰、高畫質、キス・接吻、巨乳、單體作品、DMM獨家,波多野結衣,https://www.javbus.com/WANZ-704,
BKD-188 母子交尾 ～裂石路～ 波多野結衣,BKD-188 母子交尾 ～裂石路～ 波多野結衣,BKD-188,,2017-12-31,110分鐘,宏彰,ルビー,旅路,母子交尾,成熟的女人、口交、數位馬賽克、中出、女上位、温泉、單體作品、DMM獨家,波多野結衣,https://www.javbus.com/BKD-188,
KMVR-323 【VR】これが世界最高の騎乗位！！VRだからリアルに体験できる究極の腰使い！ 波多野結衣,KMVR-323 【VR】これが世界最高の騎乗位！！VRだからリアルに体験できる究極の腰使い！ 波多野結衣,KMVR-323,,2017-12-29,45分鐘,こあら太郎（わ）,ケイ・エム・プロデュース,KMPVR,,蕩婦、姐姐、女上位、主觀視角、M男、VR専用、單體作品,波多野結衣,https://www.javbus.com/KMVR-323,
MEYD-328 人妻の妊娠危険日ばかりを狙う顔の見えないレ×プ魔 波多野結衣,MEYD-328 人妻の妊娠危険日ばかりを狙う顔の見えないレ×プ魔 波多野結衣,MEYD-328,,2017-12-23,120分鐘,大崎広浩治,溜池ゴロー,溜池ゴロー,人妻の妊娠危険日ばかりを狙う顔の見えないレ×プ魔,已婚婦女、中出、高畫質、出軌、巨乳、單體作品、DMM獨家,波多野結衣,https://www.javbus.com/MEYD-328,
HIGH-034 イキリ勃ったチンポを見たら、本番出来ちゃう回春マッサージ店 波多野結衣,HIGH-034 イキリ勃ったチンポを見たら、本番出来ちゃう回春マッサージ店 波多野結衣,HIGH-034,,2017-12-22,13分鐘,,ハイライト,ハイライト,イキリ勃ったチンポを見たら、本番出来ちゃう回春マッサージ店,口交、姐姐、乳房、按摩、高畫質、單體作品,波多野結衣,https://www.javbus.com/HIGH-034,
KMVR-319 【VR】リアル性教育！！世界の波多野おねえちゃんが優しくSEXの手ほどきをしてくれる！！【リアル映像】,KMVR-319 【VR】リアル性教育！！世界の波多野おねえちゃんが優しくSEXの手ほどきをしてくれる！！【リアル映像】,KMVR-319,,2017-12-17,53分鐘,アクション堀,ケイ・エム・プロデュース,KMPVR,リアル性教育！！,姐姐、姐妹、乳房、主觀視角、處男、VR専用、單體作品,波多野結衣,https://www.javbus.com/KMVR-319,
MXSPS-551 今すぐヤリたい！世界を股にかけるトップ女優 波多野結衣 4時間 Vol.03,MXSPS-551 今すぐヤリたい！世界を股にかけるトップ女優 波多野結衣 4時間 Vol.03,MXSPS-551,,2017-12-16,242分鐘,,マキシング,MAXING,今すぐヤリたい！,性奴、深喉、爛醉如泥的、4小時以上作品、催眠、高畫質、女優ベスト・総集編、緊縛、單體作品,波多野結衣,https://www.javbus.com/MXSPS-551,
RBD-879 スチュワーデス 監禁ドキュメント 波多野結衣,RBD-879 スチュワーデス 監禁ドキュメント 波多野結衣,RBD-879,,2017-12-16,100分鐘,,アタッカーズ,龍縛,監禁ドキュメント,監禁、空中小姐、纪录片、高畫質、單體作品、DMM獨家,波多野結衣,https://www.javbus.com/RBD-879,
KMVR-317 【VR】M男専用VR！犯して開発するサディスティックな女 波多野結衣,KMVR-317 【VR】M男専用VR！犯して開発するサディスティックな女 波多野結衣,KMVR-317,,2017-12-10,41分鐘,こあら太郎（わ）,ケイ・エム・プロデュース,KMPVR,,蕩婦、花癡、主觀視角、M男、VR専用、單體作品,波多野結衣,https://www.javbus.com/KMVR-317,
PANTV-001 【VR】ボクのことが大好きなド痴女で甘えん坊のカノジョ 波多野結衣,PANTV-001 【VR】ボクのことが大好きなド痴女で甘えん坊のカノジョ 波多野結衣,PANTV-001,,2017-12-08,44分鐘,,PANDORATV,PANDORATV,,蕩婦、情侶、乳房、妄想、女上位、VR専用、單體作品,波多野結衣,https://www.javbus.com/PANTV-001,
OKP-001 神パンスト 波多野結衣 人妻や母、働く制服OL等やらしい熟女の美脚を包んだ生ナマしいパンストを完全着衣でムレた足裏からつま先を味わい尽くす！オナニーや顔騎や脚コキ、時には中出し時にはお尻にコスってぶっ,OKP-001 神パンスト 波多野結衣 人妻や母、働く制服OL等やらしい熟女の美脚を包んだ生ナマしいパンストを完全着衣でムレた足裏からつま先を味わい尽くす！オナニーや顔騎や脚コキ、時には中出し時にはお尻にコスってぶっ,OKP-001,,2017-12-07,94分鐘,高円寺☆ゴロー,親父の個撮,親父の個撮,,連褲襪、屁股、投稿、高畫質、單體作品、顏射,波多野結衣,https://www.javbus.com/OKP-001,
VOSS-066 朝の満員電車で見かけ憧れていた奥さんが痴漢に遭遇していたが拒むどころかイキ淫れる痴漢ＯＫ妻だった！それ知った僕は痴漢行為初挑戦を決意して触ってみたら『震えてるわよ…緊張してるの？』と耳元で囁いてきた！,VOSS-066 朝の満員電車で見かけ憧れていた奥さんが痴漢に遭遇していたが拒むどころかイキ淫れる痴漢ＯＫ妻だった！それ知った僕は痴漢行為初挑戦を決意して触ってみたら『震えてるわよ…緊張してるの？』と耳元で囁いてきた！,VOSS-066,,2017-12-03,115分鐘,玉塚びんご,VENUS,熟人PROJECT,朝の満員電車で見かけ憧れていた奥さんはイキ淫れる痴漢OK妻だった！,蕩婦、成熟的女人、已婚婦女、性騷擾、中出、單體作品、DMM獨家,波多野結衣,https://www.javbus.com/VOSS-066,
JUY-331 暴風雨 憧れのハウスキーパーと二人だけの夜 波多野結衣,JUY-331 暴風雨 憧れのハウスキーパーと二人だけの夜 波多野結衣,JUY-331,,2017-12-02,120分鐘,豆沢豆太郎,マドンナ,Madonna,暴風雨○○と二人だけの夜,成熟的女人、各種職業、已婚婦女、數位馬賽克、高畫質、出軌、巨乳、單體作品、DMM獨家,波多野結衣,https://www.javbus.com/JUY-331,
TMAVR-030 【VR】彼女とイチャイチャ中出し同棲生活 波多野結衣,TMAVR-030 【VR】彼女とイチャイチャ中出し同棲生活 波多野結衣,TMAVR-030,,2017-11-30,65分鐘,ダークラ,TMA,TMAVR,,中出、VR専用、巨乳、單體作品,波多野結衣,https://www.javbus.com/TMAVR-030,
FAB-005 田舎の近親相姦 ひとつ屋根の下で暮らす義父が嫁を犯す瞬間 波多野結衣,FAB-005 田舎の近親相姦 ひとつ屋根の下で暮らす義父が嫁を犯す瞬間 波多野結衣,FAB-005,,2017-11-25,121分鐘,十条仲原,グローバルメディアエンタテインメント,ファザーアンドブライド,田舎の近親相姦,苗條、亂倫、已婚婦女、數位馬賽克、通姦、乳房、高畫質、出軌、單體作品,波多野結衣,https://www.javbus.com/FAB-005,
MEYD-319 友人の母 波多野結衣 息子の友人に犯され、幾度もイカされてしまったんです…,MEYD-319 友人の母 波多野結衣 息子の友人に犯され、幾度もイカされてしまったんです…,MEYD-319,,2017-11-23,120分鐘,朝霧浄,溜池ゴロー,溜池ゴロー,友人の母,已婚婦女、輪姦、拘束、中出、高畫質、出軌、單體作品、DMM獨家,波多野結衣,https://www.javbus.com/MEYD-319,
AVVR-284 【VR】ぬるぬるローション中出しSEX 超高級ソープ嬢 波多野結衣,AVVR-284 【VR】ぬるぬるローション中出しSEX 超高級ソープ嬢 波多野結衣,AVVR-284,,2017-11-20,27分鐘,ザック荒井,AVVR,AVVR,,乳交、妓女、中出、VR専用、巨乳、單體作品,波多野結衣,https://www.javbus.com/AVVR-284,
MXGS-1005 プレミアム風俗VIPフルコース in 波多野結衣,MXGS-1005 プレミアム風俗VIPフルコース in 波多野結衣,MXGS-1005,,2017-11-16,138分鐘,,マキシング,MAXING,プレミアム風俗VIPフルコース,妓女、姐姐、高畫質、故事集、單體作品,波多野結衣,https://www.javbus.com/MXGS-1005,
GVG-585 お尻大好きしょう太くんのHなイタズラ 波多野結衣,GVG-585 お尻大好きしょう太くんのHなイタズラ 波多野結衣,GVG-585,,2017-11-15,117分鐘,三島六三郎,グローリークエスト,GLORYQUEST,しょう太くんのHなイタズラ,女教師、屁股、高畫質、戲劇、正太控、單體作品,波多野結衣,https://www.javbus.com/GVG-585,
WANZ-687 オタサーのコスプレ姫が僕たちを裏切ったらどうなるか教えてやる 波多野結衣,WANZ-687 オタサーのコスプレ姫が僕たちを裏切ったらどうなるか教えてやる 波多野結衣,WANZ-687,,2017-11-09,120分鐘,,ワンズファクトリー,WANZ,オタサーのコスプレ姫が僕たちを裏切ったらどうなるか教えてやる,角色扮演、輪姦、中出、高畫質、單體作品、DMM獨家、顏射,波多野結衣,https://www.javbus.com/WANZ-687,
ATFB-417 ヌキ狂女 M男悶絶拘束カオス 波多野結衣,ATFB-417 ヌキ狂女 M男悶絶拘束カオス 波多野結衣,ATFB-417,,2017-10-29,105分鐘,,FetishBox/妄想族,FetishBox/妄想族,ヌキ狂女,蕩婦、其他戀物癖、拘束、高畫質、M男、單體作品、DMM獨家,波多野結衣,https://www.javbus.com/ATFB-417,
SABA-333 地元で有名なS級騎乗位の天才お貸しします。IN福岡逆ナンパSP,SABA-333 地元で有名なS級騎乗位の天才お貸しします。IN福岡逆ナンパSP,SABA-333,,2017-10-27,121分鐘,,S級素人,S級素人,地元で有名なS級○○お貸しします。,各種職業、姐姐、倒追、乳房、中出、女上位、高畫質、巨乳,波多野結衣,https://www.javbus.com/SABA-333,
HIGH-017 素人ママを強引に口説いて連れ込み生受精中出し 波多野結衣,HIGH-017 素人ママを強引に口説いて連れ込み生受精中出し 波多野結衣,HIGH-017,,2017-10-20,12分鐘,,ハイライト,ハイライト,素人ママを強引に口説いて連れ込み生受精中出し,獵豔、已婚婦女、偷窥、中出、高畫質、單體作品,波多野結衣,https://www.javbus.com/HIGH-017,
BDA-045 バミューダ5周年記念特別企画 坊主頭の女 波多野結衣,BDA-045 バミューダ5周年記念特別企画 坊主頭の女 波多野結衣,BDA-045,,2017-10-15,137分鐘,あばしり一家,バミューダ/妄想族,バミューダ/妄想族,,其他戀物癖、多P、拘束、羞恥、主觀視角、高畫質、單體作品、DMM獨家,波多野結衣,https://www.javbus.com/BDA-045,
WANZ-673 前立腺刺激トコロテン淫語エステ 波多野結衣,WANZ-673 前立腺刺激トコロテン淫語エステ 波多野結衣,WANZ-673,,2017-10-14,120分鐘,,ワンズファクトリー,WANZ,,蕩婦、淫語、中出、美容院、高畫質、單體作品、DMM獨家、打手槍,波多野結衣,https://www.javbus.com/WANZ-673,
GVG-562 僕だけのレンタルママ 波多野結衣,GVG-562 僕だけのレンタルママ 波多野結衣,GVG-562,,2017-10-04,129分鐘,三島六三郎,グローリークエスト,GLORYQUEST,,蕩婦、各種職業、中出、高畫質、正太控、巨乳、單體作品,波多野結衣,https://www.javbus.com/GVG-562,
MEYD-295 欲求不満な団地妻と孕ませオヤジの汗だく濃厚中出し不倫 波多野結衣,MEYD-295 欲求不満な団地妻と孕ませオヤジの汗だく濃厚中出し不倫 波多野結衣,MEYD-295,,2017-09-30,120分鐘,大崎広浩治,溜池ゴロー,溜池ゴロー,欲求不満な団地妻と孕ませオヤジの汗だく濃厚中出し不倫,已婚婦女、通姦、中出、高畫質、出軌、汗だく、單體作品、DMM獨家,波多野結衣,https://www.javbus.com/MEYD-295,
VEC-281 母の親友 波多野結衣,VEC-281 母の親友 波多野結衣,VEC-281,,2017-09-24,85分鐘,ペータ☆,VENUS,女神（ヴィーナス）,母の親友,蕩婦、成熟的女人、已婚婦女、中出、單體作品、DMM獨家,波多野結衣,https://www.javbus.com/VEC-281,
WANZ-661 絶頂体位開発 一番キモチ良い体位で中出し性交 波多野結衣,WANZ-661 絶頂体位開発 一番キモチ良い体位で中出し性交 波多野結衣,WANZ-661,,2017-09-23,150分鐘,,ワンズファクトリー,WANZ,絶頂体位開発,潮吹、纪录片、中出、子宮頸、高畫質、巨乳、單體作品、DMM獨家,波多野結衣,https://www.javbus.com/WANZ-661,
XVSR-271 止まらない嫉妬×SEX 波多野結衣,XVSR-271 止まらない嫉妬×SEX 波多野結衣,XVSR-271,,2017-09-18,120分鐘,シャンティYAZAWA,マックスエー,Calen,,潮吹、纪录片、偷窥、姐姐、中出、單體作品、DMM獨家,波多野結衣,https://www.javbus.com/XVSR-271,
ATFB-412 逆痴漢マダムでございます 波多野結衣,ATFB-412 逆痴漢マダムでございます 波多野結衣,ATFB-412,,2017-09-15,120分鐘,,FetishBox/妄想族,FetishBox/妄想族,逆痴漢マダムでございます,蕩婦、成熟的女人、淫語、高畫質、單體作品、DMM獨家,波多野結衣,https://www.javbus.com/ATFB-412,
MMKZ-029 お姉さんの巨尻が猥褻過ぎて秒殺で悩殺！！ 波多野結衣,MMKZ-029 お姉さんの巨尻が猥褻過ぎて秒殺で悩殺！！ 波多野結衣,MMKZ-029,,2017-09-15,152分鐘,宮本小次郎,MARRION,IRIS,お姉さんの巨尻が猥褻過ぎて秒殺で悩殺！！,屁股、巨尻、單體作品、DMM獨家,波多野結衣,https://www.javbus.com/MMKZ-029,
BMVRS-001 【VR】（SET）波多野結衣ちゃんとホテルでイチャイチャSEX,BMVRS-001 【VR】（SET）波多野結衣ちゃんとホテルでイチャイチャSEX,BMVRS-001,,2017-09-05,48分鐘,床の間上手,ケイ・エム・プロデュース,KMPVR,,妓女、VR専用、巨乳、單體作品,波多野結衣,https://www.javbus.com/BMVRS-001,
BF-519 完全主観 ボクのお義姉さんは波多野結衣,BF-519 完全主観 ボクのお義姉さんは波多野結衣,BF-519,,2017-09-02,150分鐘,NAKIBESO,BeFree,BeFree,,姐姐、中出、主觀視角、高畫質、單體作品、DMM獨家,波多野結衣,https://www.javbus.com/BF-519,
DPVR-008 【VR】【長尺・2本番】5つのコーナーで完全攻略 波多野結衣,DPVR-008 【VR】【長尺・2本番】5つのコーナーで完全攻略 波多野結衣,DPVR-008,,2017-08-28,133分鐘,ドクジー,ケイ・エム・プロデュース,KMPVR,5つのコーナーで完全攻略,妓女、乳房、足交、VR専用、單體作品、打手槍,波多野結衣,https://www.javbus.com/DPVR-008,
CESD-432 AV女優禁止2 波多野結衣,CESD-432 AV女優禁止2 波多野結衣,CESD-432,,2017-08-21,202分鐘,柊炎舞,セレブの友,セレブの友,AV女優禁止,成熟的女人、已婚婦女、纪录片、主觀視角、巨乳、單體作品、DMM獨家,波多野結衣,https://www.javbus.com/CESD-432,
BDA-041 黒い衝撃 女スナイパー 波多野結衣,BDA-041 黒い衝撃 女スナイパー 波多野結衣,BDA-041,,2017-08-18,132分鐘,あばしり一家,バミューダ/妄想族,バミューダ/妄想族,,女檢察官、拘束、羞恥、單體作品、DMM獨家、黑人演員,波多野結衣,https://www.javbus.com/BDA-041,
WANZ-658 デカ尻マニアックス 波多野結衣,WANZ-658 デカ尻マニアックス 波多野結衣,WANZ-658,,2017-08-17,150分鐘,,ワンズファクトリー,WANZ,デカ尻マニアックス,屁股、女上位、高畫質、顏面騎乘、巨尻、單體作品、DMM獨家、打手槍,波多野結衣,https://www.javbus.com/WANZ-658,
MXGS-983 グチョにゅる大量ローションFUCK 波多野結衣,MXGS-983 グチョにゅる大量ローションFUCK 波多野結衣,MXGS-983,,2017-08-16,127分鐘,,マキシング,MAXING,グチョにゅる大量ローションFUCK,連褲襪、花癡、多P、乳液、高畫質、單體作品、自慰,波多野結衣,https://www.javbus.com/MXGS-983,
DSVR-086 【VR】波多野結衣 常に密着イチャイチャ超高級ソープ イス洗いSEX中出し編,DSVR-086 【VR】波多野結衣 常に密着イチャイチャ超高級ソープ イス洗いSEX中出し編,DSVR-086,,2017-08-04,40分鐘,森川圭,SODクリエイト,SODVR,常に密着イチャイチャ超高級ソープ,妓女、淫語、乳液、中出、主觀視角、VR専用、單體作品,波多野結衣,https://www.javbus.com/DSVR-086,
3DSVR-0086 波多野結衣 常に密着イチャイチャ超高級ソープ イス洗いSEX中出し編,3DSVR-0086 波多野結衣 常に密着イチャイチャ超高級ソープ イス洗いSEX中出し編,3DSVR-0086,,2017-08-04,39分鐘,森川圭,SODクリエイト,SODVR,,,波多野結衣,https://www.javbus.com/3DSVR-0086,
GVG-526 母子姦 波多野結衣,GVG-526 母子姦 波多野結衣,GVG-526,,2017-08-02,124分鐘,豆沢豆太郎,グローリークエスト,GLORYQUEST,母子姦,母親、亂倫、高畫質、戲劇、巨乳、單體作品,波多野結衣,https://www.javbus.com/GVG-526,
DGIRL-014 【VR】結衣は俺の愛玩彼女。スケベなお姉さんは好きですか？ 波多野結衣,DGIRL-014 【VR】結衣は俺の愛玩彼女。スケベなお姉さんは好きですか？ 波多野結衣,DGIRL-014,,2017-07-26,20分鐘,,電影ガール,電影ガール,,企畫、情侶、姐姐、乳房、女上位、VR専用、單體作品,波多野結衣,https://www.javbus.com/DGIRL-014,
DGIRL-013 【VR】超大量ザーメン！ごっくんお掃除フェラ 波多野結衣,DGIRL-013 【VR】超大量ザーメン！ごっくんお掃除フェラ 波多野結衣,DGIRL-013,,2017-07-24,14分鐘,,電影ガール,電影ガール,超大量ザーメン！ごっくんお掃除フェラ,企畫、口交、乳房、主觀視角、VR専用、單體作品、女傭,波多野結衣,https://www.javbus.com/DGIRL-013,
TAD-009 極縄 第四章 波多野結衣×奈加あきら,TAD-009 極縄 第四章 波多野結衣×奈加あきら,TAD-009,,2017-07-20,122分鐘,あばしり一家,バミューダ,タランチュラ,極縄,放尿、SM、紧缚、監禁、纪录片、高畫質、單體作品,波多野結衣,https://www.javbus.com/TAD-009,
ATFB-401 色気むんむん美熟女ブルマ 波多野結衣,ATFB-401 色気むんむん美熟女ブルマ 波多野結衣,ATFB-401,,2017-07-16,122分鐘,,FetishBox/妄想族,FetishBox/妄想族,色気むんむん美熟女ブルマ,蕩婦、成熟的女人、其他戀物癖、高畫質、單體作品、DMM獨家、體育服,波多野結衣,https://www.javbus.com/ATFB-401,
TOMN-101 鉄板complete 波多野結衣 15SEX BEST 世界のハタノ、そのセックスの全て,TOMN-101 鉄板complete 波多野結衣 15SEX BEST 世界のハタノ、そのセックスの全て,TOMN-101,,2017-07-15,240分鐘,,TEPPAN,TEPPANSPECIAL,鉄板Complete,苗條、數位馬賽克、女上位、女優ベスト・総集編、汗だく、單體作品、DMM獨家,波多野結衣,https://www.javbus.com/TOMN-101,
WANZ-643 レズビアンBDSM 波多野結衣,WANZ-643 レズビアンBDSM 波多野結衣,WANZ-643,,2017-07-08,120分鐘,,ワンズファクトリー,WANZ,,SM、女同性戀、拘束、凌辱、羞恥、高畫質、單體作品、DMM獨家,波多野結衣,https://www.javbus.com/WANZ-643,
MIAE-091 絶頂オナニーMANIAX 波多野結衣,MIAE-091 絶頂オナニーMANIAX 波多野結衣,MIAE-091,,2017-07-02,120分鐘,金田一小五郎,ムーディーズ,MOODYZACID,,蕩婦、玩具、纪录片、花癡、數位馬賽克、高畫質、單體作品、DMM獨家、自慰,波多野結衣,https://www.javbus.com/MIAE-091,
XVSR-244 AV男優VS逆ナンパ素人 Hな勝負に勝てば波多野結衣に生中出しSEX！！,XVSR-244 AV男優VS逆ナンパ素人 Hな勝負に勝てば波多野結衣に生中出しSEX！！,XVSR-244,,2017-06-25,150分鐘,シャンティYAZAWA,マックスエー,Calen,,多P、倒追、中出、亞洲女演員、校服、單體作品、DMM獨家,波多野結衣,https://www.javbus.com/XVSR-244,
HZGD-052 下着モデルをさせられて…旦那の部下に寝取られた妻。 波多野結衣,HZGD-052 下着モデルをさせられて…旦那の部下に寝取られた妻。 波多野結衣,HZGD-052,,2017-06-23,128分鐘,,人妻花園劇場,人妻花園劇場,,成熟的女人、已婚婦女、中出、高畫質、出軌、巨乳、單體作品、內衣,波多野結衣,https://www.javbus.com/HZGD-052,
ATFB-396 淫まん！肉ビラぷるぷるの変態マ○コがやってくる 波多野結衣,ATFB-396 淫まん！肉ビラぷるぷるの変態マ○コがやってくる 波多野結衣,ATFB-396,,2017-06-18,120分鐘,,FetishBox/妄想族,FetishBox/妄想族,淫まん！肉ビラぷるぷるの変態マ○コがやってくる,蕩婦、其他戀物癖、單體作品、DMM獨家,波多野結衣,https://www.javbus.com/ATFB-396,
NITR-312 近親妊姦～夫に内緒で義父と妊活情事をくりかえす嫁～ 波多野結衣,NITR-312 近親妊姦～夫に内緒で義父と妊活情事をくりかえす嫁～ 波多野結衣,NITR-312,,2017-06-16,117分鐘,BuddhaD,クリスタル映像,NITRO,,亂倫、新娘、年輕妻子、通姦、中出、女上位、高畫質、戲劇、キス・接吻、單體作品,波多野結衣,https://www.javbus.com/NITR-312,
MXGS-968 媚薬痙攣レースクイーン ～罠に嵌められた人気RQのガンギマリFUCK～ 波多野結衣,MXGS-968 媚薬痙攣レースクイーン ～罠に嵌められた人気RQのガンギマリFUCK～ 波多野結衣,MXGS-968,,2017-06-16,126分鐘,,マキシング,MAXING,媚薬痙攣レースクイーン,藥物、賽車女郎、姐姐、高畫質、巨乳、單體作品,波多野結衣,https://www.javbus.com/MXGS-968,
GVG-504 ショタ狩り娼婦 結衣さんの場合,GVG-504 ショタ狩り娼婦 結衣さんの場合,GVG-504,,2017-06-14,133分鐘,,グローリークエスト,GLORYQUEST,,蕩婦、高畫質、正太控、處男、巨乳、單體作品,波多野結衣,https://www.javbus.com/GVG-504,
GXAZ-103 VIVA 受身男子 何にもしないのに何もかもされたいシャイなM男くん 波多野結衣,GXAZ-103 VIVA 受身男子 何にもしないのに何もかもされたいシャイなM男くん 波多野結衣,GXAZ-103,,2017-06-13,122分鐘,,ジャネス,MANIA痴女,VIVA受身男子,蕩婦、其他戀物癖、淫語、高畫質、M男、單體作品,波多野結衣,https://www.javbus.com/GXAZ-103,
CESD-389 ウソの台本でAV女優を騙してみた 波多野結衣,CESD-389 ウソの台本でAV女優を騙してみた 波多野結衣,CESD-389,,2017-06-11,140分鐘,くずケン,セレブの友,セレブの友,,成熟的女人、已婚婦女、纪录片、中出、巨乳、單體作品、DMM獨家,波多野結衣,https://www.javbus.com/CESD-389,
BCDP-087 素敵なカノジョ 波多野結衣 美乳スレンダー美女の潮吹き近親中出しぶっかけ輪姦せっくす,BCDP-087 素敵なカノジョ 波多野結衣 美乳スレンダー美女の潮吹き近親中出しぶっかけ輪姦せっくす,BCDP-087,,2017-06-11,240分鐘,,BACKDROP,BACKDROP（BACKDROP）,素敵なカノジョ,亂倫、已婚婦女、輪姦、中出、女優ベスト・総集編、單體作品、DMM獨家,波多野結衣,https://www.javbus.com/BCDP-087,
ICMN-004 総合婦人肌着メーカーWAKOSUKE 波多野結衣,ICMN-004 総合婦人肌着メーカーWAKOSUKE 波多野結衣,ICMN-004,,2017-06-11,120分鐘,アイスマン落合,AVScollector’s,AVSCollector’s,総合婦人肌着メーカーWAKOSUKE,連褲襪、姐姐、戀腿癖、高畫質、單體作品、DMM獨家、迷你裙,波多野結衣,https://www.javbus.com/ICMN-004,
WANZ-634 親友、妹、父親にまで罵倒される大敗北NTR,WANZ-634 親友、妹、父親にまで罵倒される大敗北NTR,WANZ-634,,2017-06-10,120分鐘,,ワンズファクトリー,WANZ,,其他戀物癖、淫語、已婚婦女、中出、高畫質、出軌、DMM獨家,波多野結衣,https://www.javbus.com/WANZ-634,
MIAE-070 スローなハンドテクでもの凄い射精、フル勃起エステサロン 波多野結衣,MIAE-070 スローなハンドテクでもの凄い射精、フル勃起エステサロン 波多野結衣,MIAE-070,,2017-06-10,120分鐘,ドラゴン西川,ムーディーズ,MOODYZACID,フル勃起エステサロン,蕩婦、數位馬賽克、美容院、按摩、高畫質、巨乳、單體作品、DMM獨家、打手槍,波多野結衣,https://www.javbus.com/MIAE-070,
DSVR-087 【VR】波多野結衣 キレイなお姉さんが初めての僕に優しく童貞筆おろし！甘いねっとりキスと優しい囁き淫語でナマ中出しSEX,DSVR-087 【VR】波多野結衣 キレイなお姉さんが初めての僕に優しく童貞筆おろし！甘いねっとりキスと優しい囁き淫語でナマ中出しSEX,DSVR-087,,2017-05-31,33分鐘,柏倉弘,SODクリエイト,SODVR,,淫語、姐姐、中出、主觀視角、處男、VR専用、單體作品,波多野結衣,https://www.javbus.com/DSVR-087,
MEYD-264 本番なしのマットヘルスに行って出てきたのは隣家の高慢な美人妻。弱みを握った僕は本番も中出しも強要！店外でも言いなりの性奴隷にした 波多野結衣,MEYD-264 本番なしのマットヘルスに行って出てきたのは隣家の高慢な美人妻。弱みを握った僕は本番も中出しも強要！店外でも言いなりの性奴隷にした 波多野結衣,MEYD-264,,2017-05-27,120分鐘,豆沢豆太郎,溜池ゴロー,溜池ゴロー,本番なしのマットヘルスに行って出てきたのは…,妓女、已婚婦女、凌辱、中出、高畫質、出軌、單體作品、DMM獨家,波多野結衣,https://www.javbus.com/MEYD-264,
MXSPS-516 今すぐヤリたい！世界を股にかけるトップ女優 波多野結衣 4時間 Vol.02,MXSPS-516 今すぐヤリたい！世界を股にかけるトップ女優 波多野結衣 4時間 Vol.02,MXSPS-516,,2017-05-16,242分鐘,,マキシング,MAXING,今すぐヤリたい！,凌辱、4小時以上作品、高畫質、女優ベスト・総集編、單體作品,波多野結衣,https://www.javbus.com/MXSPS-516,
VEQ-120 S級熟女コンプリートファイル 波多野結衣6時間 其之弐,VEQ-120 S級熟女コンプリートファイル 波多野結衣6時間 其之弐,VEQ-120,,2017-05-15,360分鐘,,VENUS,女神（ヴィーナス）,S級熟女（VENUS）,成熟的女人、已婚婦女、4小時以上作品、女優ベスト・総集編、DMM獨家,波多野結衣,https://www.javbus.com/VEQ-120,
3DSVR-0079 アナタの赤ちゃんが欲しい波多野結衣と唾液垂らし濃密キスたっぷり中出し…,3DSVR-0079 アナタの赤ちゃんが欲しい波多野結衣と唾液垂らし濃密キスたっぷり中出し…,3DSVR-0079,,2017-04-26,33分鐘,森川圭,SODクリエイト,SODVR,,淫語、中出,波多野結衣,https://www.javbus.com/3DSVR-0079,
DSVR-079 【VR】アナタの赤ちゃんが欲しい波多野結衣と唾液垂らし濃密キスたっぷり中出し懇願危険日孕ませSEX,DSVR-079 【VR】アナタの赤ちゃんが欲しい波多野結衣と唾液垂らし濃密キスたっぷり中出し懇願危険日孕ませSEX,DSVR-079,,2017-04-26,33分鐘,森川圭,SODクリエイト,SODVR,,淫語、中出、主觀視角、キス・接吻、VR専用、單體作品、局部特寫,波多野結衣,https://www.javbus.com/DSVR-079,
BDSR-291 【迷ったらコレ！】再生して3分で即ヌケます。言葉責めというより聴覚を責められてる感じ…。今世紀最高の痴女が贈る、超エロい淫語連発セックス！！ 波多野結衣 4時間,BDSR-291 【迷ったらコレ！】再生して3分で即ヌケます。言葉責めというより聴覚を責められてる感じ…。今世紀最高の痴女が贈る、超エロい淫語連発セックス！！ 波多野結衣 4時間,BDSR-291,,2017-04-25,242分鐘,B巻太,ビッグモーカル,BIGMORKAL,【迷ったらコレ！】再生して3分で即ヌケます。,蕩婦、口交、淫語、4小時以上作品、主觀視角、高畫質、巨乳、單體作品,波多野結衣,https://www.javbus.com/BDSR-291,
XVSR-228 世界の波多野結衣・祭り4時間,XVSR-228 世界の波多野結衣・祭り4時間,XVSR-228,,2017-04-23,240分鐘,MAX-IKA,マックスエー,Calen,,美少女、乳房、4小時以上作品、女優ベスト・総集編、巨乳、單體作品、DMM獨家,波多野結衣,https://www.javbus.com/XVSR-228,
JUY-137 偶然の密室 中年上司と人妻女子社員 波多野結衣,JUY-137 偶然の密室 中年上司と人妻女子社員 波多野結衣,JUY-137,,2017-04-22,120分鐘,きとるね川口,マドンナ,Madonna,偶然の密室,成熟的女人、OL、已婚婦女、數位馬賽克、高畫質、出軌、巨乳、單體作品、DMM獨家,波多野結衣,https://www.javbus.com/JUY-137,
MXGS-952 至高のペニバンアナル男犯 波多野結衣,MXGS-952 至高のペニバンアナル男犯 波多野結衣,MXGS-952,,2017-04-16,132分鐘,デラ3,マキシング,MAXING,至高のペニバンアナル男犯,多P、主觀視角、高畫質、單體作品、肛交、打手槍,波多野結衣,https://www.javbus.com/MXGS-952,
MMUS-009 美人性的妄想過剰セクシズム 波多野結衣,MMUS-009 美人性的妄想過剰セクシズム 波多野結衣,MMUS-009,,2017-04-16,137分鐘,笠井貴人,MARRION,MCP,美人性的妄想過剰セクシズム,淫語、姐姐、主觀視角、猥褻穿著、內衣、單體作品、DMM獨家,波多野結衣,https://www.javbus.com/MMUS-009,
3DSVR-0087 波多野結衣 キレイなお姉さんが初めての僕に優しく童貞筆おろし!甘いねっ…,3DSVR-0087 波多野結衣 キレイなお姉さんが初めての僕に優しく童貞筆おろし!甘いねっ…,3DSVR-0087,,2017-03-31,33分鐘,柏倉弘,SODクリエイト,SODVR,,淫語、姐姐、中出、童貞モノ,波多野結衣,https://www.javbus.com/3DSVR-0087,
MRXD-019 ママね…あなたのクラスの拓也様に飼われているの…。 波多野結衣,MRXD-019 ママね…あなたのクラスの拓也様に飼われているの…。 波多野結衣,MRXD-019,,2017-03-24,120分鐘,大崎広浩治,MARX,MARX（マルクス兄弟）,,已婚婦女、高畫質、戲劇、巨乳、單體作品、DMM獨家,波多野結衣,https://www.javbus.com/MRXD-019,
KMVR-086 【VR】10万円の高級ソープがVRなら980円で体験できる！！ 波多野結衣,KMVR-086 【VR】10万円の高級ソープがVRなら980円で体験できる！！ 波多野結衣,KMVR-086,,2017-03-17,27分鐘,こあら太郎（わ）,ケイ・エム・プロデュース,KMPVR,10万円の高級ソープがVRなら980円で体験できる！！,妓女、中出、主觀視角、VR専用、巨乳、單體作品,波多野結衣,https://www.javbus.com/KMVR-086,
NGOD-041 【悲報】NTR 最近、妻が徐々にSEXが上手くなってきたんですが、実は上の階に住む好青年によって性の悦びを教えられて寝取られていたのです 波多野結衣,NGOD-041 【悲報】NTR 最近、妻が徐々にSEXが上手くなってきたんですが、実は上の階に住む好青年によって性の悦びを教えられて寝取られていたのです 波多野結衣,NGOD-041,,2017-03-16,120分鐘,,JET映像,JET映像,【悲報】NTR,成熟的女人、已婚婦女、乳房、高畫質、出軌、戲劇、單體作品、DMM獨家,波多野結衣,https://www.javbus.com/NGOD-041,
ASFB-247 スーパー手コキ大図鑑 絶品手コキペディア 4時間 波多野結衣,ASFB-247 スーパー手コキ大図鑑 絶品手コキペディア 4時間 波多野結衣,ASFB-247,,2017-02-27,240分鐘,,FetishBox/妄想族,FetishBox/妄想族,スーパー手コキ大図鑑,蕩婦、其他戀物癖、單體作品、DMM獨家、打手槍,波多野結衣,https://www.javbus.com/ASFB-247,
CEAD-209 妻失格3 波多野結衣,CEAD-209 妻失格3 波多野結衣,CEAD-209,,2017-02-24,132分鐘,,セレブの友,セレブの友,妻失格,成熟的女人、已婚婦女、通姦、中出、出軌、單體作品、DMM獨家,波多野結衣,https://www.javbus.com/CEAD-209,
RTVN-009 妻の笑ってる動画が送られてきますが… 波多野結衣,RTVN-009 妻の笑ってる動画が送られてきますが… 波多野結衣,RTVN-009,,2017-02-23,127分鐘,九十九究太,タカラ映像,TAKARA,,已婚婦女、通姦、高畫質、出軌、單體作品,波多野結衣,https://www.javbus.com/RTVN-009,
REBDB-203 Yui2 The world of HATANO 波多野結衣,REBDB-203 Yui2 The world of HATANO 波多野結衣,REBDB-203,,2017-02-16,72分鐘,,REbecca,REbecca,,偶像藝人、介紹影片、高畫質、單體作品,波多野結衣,https://www.javbus.com/REBDB-203,
MXGS-936 美人OL猥褻中出し通勤痴漢バス 波多野結衣,MXGS-936 美人OL猥褻中出し通勤痴漢バス 波多野結衣,MXGS-936,,2017-02-16,109分鐘,デラ3,マキシング,MAXING,,OL、性騷擾、制服、輪姦、中出、高畫質、顏射、單體作品,波多野結衣,https://www.javbus.com/MXGS-936,
LXVS-021 ラグジュTV×PRESTIGE SELECTION 021 波多野結衣,LXVS-021 ラグジュTV×PRESTIGE SELECTION 021 波多野結衣,LXVS-021,,2017-02-10,74分鐘,,プレステージ,ラグジュTV,ラグジュTV×PRESTIGE,玩具、潮吹、高畫質、顏射、巨乳、單體作品,波多野結衣,https://www.javbus.com/LXVS-021,
HBAD-349 昭和女のエレジー 夫の為に上官に躰を捧げる出征兵士の嫁は不貞を義父に咎められ 白く熟れた肉体を弄ばれる陵辱の連鎖 1945 波多野結衣,HBAD-349 昭和女のエレジー 夫の為に上官に躰を捧げる出征兵士の嫁は不貞を義父に咎められ 白く熟れた肉体を弄ばれる陵辱の連鎖 1945 波多野結衣,HBAD-349,,2017-02-02,154分鐘,伊勢鱗太朗,ヒビノ,BABE,昭和女のエレジー,企畫、亂倫、已婚婦女、高畫質、戲劇、單體作品,波多野結衣,https://www.javbus.com/HBAD-349,
EKDV-474 美脚×競泳水着×パンスト眼鏡 波多野結衣,EKDV-474 美脚×競泳水着×パンスト眼鏡 波多野結衣,EKDV-474,,2017-02-01,132分鐘,宮藤春男,クリスタル映像,e-kiss,美脚×競泳水着×パンスト眼鏡,放尿、苗條、連褲襪、中出、足交、高畫質、眼鏡、單體作品、學校泳裝、肛交,波多野結衣,https://www.javbus.com/EKDV-474,
GVG-435 老人を唾液と淫語で舐め癒す女 2 波多野結衣,GVG-435 老人を唾液と淫語で舐め癒す女 2 波多野結衣,GVG-435,,2017-02-01,128分鐘,笠井貴人,グローリークエスト,GLORYQUEST,老人を唾液と淫語で舐め癒す女,蕩婦、其他戀物癖、淫語、美容院、高畫質、キス・接吻、單體作品,波多野結衣,https://www.javbus.com/GVG-435,
CEAD-204 Twit○erで募集したファンの要望を撮影してみた 波多野結衣,CEAD-204 Twit○erで募集したファンの要望を撮影してみた 波多野結衣,CEAD-204,,2017-01-22,174分鐘,,セレブの友,セレブの友,,蕩婦、成熟的女人、已婚婦女、多P、中出、高畫質、單體作品、DMM獨家,波多野結衣,https://www.javbus.com/CEAD-204,
VNDS-3226 波多野結衣4時間,VNDS-3226 波多野結衣4時間,VNDS-3226,,2017-01-20,240分鐘,磯野マグロ,STARPARADISE,ネクストイレブン,,家教、已婚婦女、4小時以上作品、高畫質、女優ベスト・総集編、單體作品、自慰,波多野結衣,https://www.javbus.com/VNDS-3226,
SDDE-470 こんにちは、109cmのAV監督にしくんです feat.波多野結衣,SDDE-470 こんにちは、109cmのAV監督にしくんです feat.波多野結衣,SDDE-470,,2017-01-19,135分鐘,にしくん,SODクリエイト,SENZ,,企畫、玩具、高畫質、單體作品,波多野結衣,https://www.javbus.com/SDDE-470,
MXSPS-494 高画質で魅せる波多野結衣のフェラチオ 4時間,MXSPS-494 高画質で魅せる波多野結衣のフェラチオ 4時間,MXSPS-494,,2017-01-16,244分鐘,,マキシング,MAXING,高画質で魅せる○○のフェラチオ5時間,口交、4小時以上作品、高畫質、女優ベスト・総集編、單體作品,波多野結衣,https://www.javbus.com/MXSPS-494,
BDA-026 全身タトゥーの女 彫られてMに目覚めるモデル 波多野結衣,BDA-026 全身タトゥーの女 彫られてMに目覚めるモデル 波多野結衣,BDA-026,,2017-01-16,125分鐘,あばしり一家,バミューダ/妄想族,バミューダ/妄想族,全身タトゥーの女,乳交、其他戀物癖、主觀視角、M男、單體作品、DMM獨家、打手槍,波多野結衣,https://www.javbus.com/BDA-026,
DDU-040 二丁目の清楚な若妻に町内会の性欲解消のための肉欲公衆便所になってもらいました 波多野結衣,DDU-040 二丁目の清楚な若妻に町内会の性欲解消のための肉欲公衆便所になってもらいました 波多野結衣,DDU-040,,2017-01-16,109分鐘,TENUN,ドグマ,Dogma,,成熟的女人、濫交、已婚婦女、拘束、凌辱、高畫質、單體作品、DMM獨家,波多野結衣,https://www.javbus.com/DDU-040,
ZEAA-009 覗かれた人妻に襲い掛かる猥褻な性欲 波多野結衣,ZEAA-009 覗かれた人妻に襲い掛かる猥褻な性欲 波多野結衣,ZEAA-009,,2017-01-12,113分鐘,天雲,センタービレッジ,極（センタービレッジ）,,成熟的女人、亂倫、已婚婦女、偷窥、高畫質、單體作品、自慰,波多野結衣,https://www.javbus.com/ZEAA-009,
GVG-411 禁断介護 波多野結衣 GVG-411,GVG-411 禁断介護 波多野結衣 GVG-411,GVG-411,,2017-01-04,130分鐘,三島六三郎,グローリークエスト,GLORYQUEST,禁断介護,蕩婦、其他戀物癖、亂倫、已婚婦女、高畫質、戲劇、單體作品,波多野結衣,https://www.javbus.com/GVG-411,
BMVR-003 【VR】波多野結衣 おもちゃ責め,BMVR-003 【VR】波多野結衣 おもちゃ責め,BMVR-003,,2016-12-30,12分鐘,床の間上手,ケイ・エム・プロデュース,KMPVR,,玩具、妓女、VR専用、巨乳、單體作品,波多野結衣,https://www.javbus.com/BMVR-003,
BMVR-004 【VR】波多野結衣 いちゃいちゃ中出しSEX,BMVR-004 【VR】波多野結衣 いちゃいちゃ中出しSEX,BMVR-004,,2016-12-30,13分鐘,床の間上手,ケイ・エム・プロデュース,KMPVR,いちゃいちゃ中出しSEX,妓女、中出、VR専用、巨乳、單體作品,波多野結衣,https://www.javbus.com/BMVR-004,
BMVR-001 【VR】波多野結衣 おもてなしオナニー,BMVR-001 【VR】波多野結衣 おもてなしオナニー,BMVR-001,,2016-12-30,12分鐘,床の間上手,ケイ・エム・プロデュース,KMPVR,おもてなしオナニー,妓女、VR専用、巨乳、單體作品、自慰,波多野結衣,https://www.javbus.com/BMVR-001,
CRVR-009 【VR】波多野結衣 わがまま痴女は手コキと視線で男をイカす,CRVR-009 【VR】波多野結衣 わがまま痴女は手コキと視線で男をイカす,CRVR-009,,2016-12-29,19分鐘,,CRYSTALVR,CRYSTALVR,,蕩婦、苗條、情侶、主觀視角、VR専用、單體作品,波多野結衣,https://www.javbus.com/CRVR-009,
XVSR-186 今夜、息子の嫁と～因縁の情交～ 波多野結衣,XVSR-186 今夜、息子の嫁と～因縁の情交～ 波多野結衣,XVSR-186,,2016-12-25,120分鐘,ELOCHO,マックスエー,Calen,,潮吹、已婚婦女、戲劇、巨乳、單體作品、DMM獨家,波多野結衣,https://www.javbus.com/XVSR-186,
NITR-269 魔少年たちの巨乳奥様狩り 15 波多野結衣,NITR-269 魔少年たちの巨乳奥様狩り 15 波多野結衣,NITR-269,,2016-12-16,144分鐘,BuddhaD,クリスタル映像,NITRO,魔少年たちの巨乳奥様狩り,已婚婦女、偷窥、輪姦、中出、高畫質、正太控、巨乳、單體作品,波多野結衣,https://www.javbus.com/NITR-269,
OKAX-159 波多野結衣コレクション4時間,OKAX-159 波多野結衣コレクション4時間,OKAX-159,,2016-11-25,239分鐘,,ケイ・エム・プロデュース,おかず。,,放尿、女教師、姐姐、中出、4小時以上作品、女優ベスト・総集編、單體作品、自慰,波多野結衣,https://www.javbus.com/OKAX-159,
LHJF-756 人妻でございます波多野結衣24シーン4時間 夫以外チ○ポを咥えまくる汗だく本気イキSEX！,LHJF-756 人妻でございます波多野結衣24シーン4時間 夫以外チ○ポを咥えまくる汗だく本気イキSEX！,LHJF-756,,2016-11-23,242分鐘,,マニアゼロ,F’OXY,,蕩婦、已婚婦女、多P、乳房、4小時以上作品、高畫質、女優ベスト・総集編、單體作品,波多野結衣,https://www.javbus.com/LHJF-756,
MXGS-914 逝きたいのに逝かせてもらえない寸止めからの絶頂マ●コ破壊 波多野結衣,MXGS-914 逝きたいのに逝かせてもらえない寸止めからの絶頂マ●コ破壊 波多野結衣,MXGS-914,,2016-11-16,128分鐘,デラ3,マキシング,MAXING,逝きたいのに逝かせてもらえない寸止めからの絶頂マ●コ破壊,其他戀物癖、深喉、中出、高畫質、單體作品,波多野結衣,https://www.javbus.com/MXGS-914,
VEQ-108 S級熟女コンプリートファイル 波多野結衣 6時間,VEQ-108 S級熟女コンプリートファイル 波多野結衣 6時間,VEQ-108,,2016-11-13,360分鐘,,VENUS,女神（ヴィーナス）,S級熟女（VENUS）,成熟的女人、已婚婦女、中出、4小時以上作品、單體作品、DMM獨家,波多野結衣,https://www.javbus.com/VEQ-108,
JBD-211 緊縛女体遊戯4 波多野結衣,JBD-211 緊縛女体遊戯4 波多野結衣,JBD-211,,2016-11-12,120分鐘,朝霧浄,アタッカーズ,蛇縛,緊縛女体遊戯,SM、紧缚、高畫質、女主播、單體作品、DMM獨家,波多野結衣,https://www.javbus.com/JBD-211,
HZGD-018 息子の目の前で犯される新妻 波多野結衣,HZGD-018 息子の目の前で犯される新妻 波多野結衣,HZGD-018,,2016-10-28,129分鐘,大崎広浩治,人妻花園劇場,image（人妻花園劇場）,,已婚婦女、中出、女上位、高畫質、單體作品,波多野結衣,https://www.javbus.com/HZGD-018,
CESD-271 波多野結衣がアナタのセンズリ完全サポート！（コスプレ編）,CESD-271 波多野結衣がアナタのセンズリ完全サポート！（コスプレ編）,CESD-271,,2016-10-23,183分鐘,,セレブの友,セレブの友,○○がアナタのセンズリ完全サポート！,角色扮演、成熟的女人、各種職業、已婚婦女、單體作品、DMM獨家、肛交,波多野結衣,https://www.javbus.com/CESD-271,
MXSPS-472 今すぐヤリたい！世界を股にかけるトップ女優 波多野結衣 4時間,MXSPS-472 今すぐヤリたい！世界を股にかけるトップ女優 波多野結衣 4時間,MXSPS-472,,2016-10-16,241分鐘,,マキシング,MAXING,今すぐヤリたい！,玩具、汽車性愛、拘束、4小時以上作品、高畫質、女優ベスト・総集編、緊縛、單體作品,波多野結衣,https://www.javbus.com/MXSPS-472,
PBD-334 波多野結衣 40本番8時間 PREMIUM BEST,PBD-334 波多野結衣 40本番8時間 PREMIUM BEST,PBD-334,,2016-10-02,480分鐘,,プレミアム,PREMIUMBEST,プレミアムBEST（プレミアム）,蕩婦、潮吹、數位馬賽克、女優ベスト・総集編、單體作品、DMM獨家,波多野結衣,https://www.javbus.com/PBD-334,
NGOD-024 僕のねとられ話しを聞いてほしい 近所のバツイチ中年男に泣き落としで口説かれ寝盗られた妻 波多野結衣,NGOD-024 僕のねとられ話しを聞いてほしい 近所のバツイチ中年男に泣き落としで口説かれ寝盗られた妻 波多野結衣,NGOD-024,,2016-10-02,120分鐘,,JET映像,JET映像,僕のねとられ話しを聞いてほしい,成熟的女人、已婚婦女、乳房、高畫質、出軌、戲劇、單體作品、DMM獨家,波多野結衣,https://www.javbus.com/NGOD-024,
WANZ-541 12年間精子を貯め続けたチ●ポの射精解禁セックス 波多野結衣,WANZ-541 12年間精子を貯め続けたチ●ポの射精解禁セックス 波多野結衣,WANZ-541,,2016-09-29,120分鐘,,ワンズファクトリー,WANZ,,纪录片、中出、高畫質、デカチン・巨根、巨乳、單體作品、DMM獨家,波多野結衣,https://www.javbus.com/WANZ-541,
XAJ-302 オマ○コおっぴろげオナニーで絶頂アクメ 私のマン汁垂れまくりで肉ビラくっぱぁなオマ○コ見て！固定アングル、長回し、カメラ目線もバッチリ！！ 波多野結衣,XAJ-302 オマ○コおっぴろげオナニーで絶頂アクメ 私のマン汁垂れまくりで肉ビラくっぱぁなオマ○コ見て！固定アングル、長回し、カメラ目線もバッチリ！！ 波多野結衣,XAJ-302,,2016-09-27,122分鐘,,マニアゼロ,オナニー倶楽部（マニアゼロ）,,蕩婦、玩具、高畫質、單體作品、自慰、局部特寫,波多野結衣,https://www.javbus.com/XAJ-302,
MOJ-305 淫語で誘うベロちゅう痴女 あなたのザーメン管理してあげるから勝手に射精したら許さないから… 波多野結衣,MOJ-305 淫語で誘うベロちゅう痴女 あなたのザーメン管理してあげるから勝手に射精したら許さないから… 波多野結衣,MOJ-305,,2016-09-26,116分鐘,,マニアゼロ,M性感倶楽部（マニアゼロ）,,蕩婦、淫語、高畫質、M男、キス・接吻、單體作品,波多野結衣,https://www.javbus.com/MOJ-305,
CEAD-193 願望叶う不思議な性感エレベーターvol07 波多野結衣,CEAD-193 願望叶う不思議な性感エレベーターvol07 波多野結衣,CEAD-193,,2016-09-24,138分鐘,,セレブの友,セレブの友,性感エレベーター,蕩婦、成熟的女人、已婚婦女、多P、戲劇、單體作品、DMM獨家,波多野結衣,https://www.javbus.com/CEAD-193,
DASD-351 俺だけに優しい従順な彼女が隣家の親父に寝取られ種付けプレスされていた 波多野結衣,DASD-351 俺だけに優しい従順な彼女が隣家の親父に寝取られ種付けプレスされていた 波多野結衣,DASD-351,,2016-09-23,120分鐘,☆HOKUSAI☆,ダスッ！,ダスッ！,親父に寝取られ種付けプレスされていた,姐姐、中出、高畫質、出軌、戲劇、巨乳、單體作品、DMM獨家,波多野結衣,https://www.javbus.com/DASD-351,
REBDB-174 Yui 太陽よりも輝いて 波多野結衣,REBDB-174 Yui 太陽よりも輝いて 波多野結衣,REBDB-174,,2016-09-22,66分鐘,,REbecca,REbecca,,偶像藝人、介紹影片、高畫質、單體作品,波多野結衣,https://www.javbus.com/REBDB-174,
DYND-004 三度の飯より男好きの筋金入りチ○ポマニア女が男を捕まえて下品に喰いまくる肉食系痴女スペシャル4時間！波多野結衣リターンズ,DYND-004 三度の飯より男好きの筋金入りチ○ポマニア女が男を捕まえて下品に喰いまくる肉食系痴女スペシャル4時間！波多野結衣リターンズ,DYND-004,,2016-09-18,240分鐘,ACIDKILLER,スタイルアート/妄想族,スタイルアートDYNAMITE/妄想族,,蕩婦、4小時以上作品、高畫質、女優ベスト・総集編、單體作品、DMM獨家,波多野結衣,https://www.javbus.com/DYND-004,
MXGS-902 変態マゾヒスト ボンテージ嬢 イラマチオ調教 波多野結衣,MXGS-902 変態マゾヒスト ボンテージ嬢 イラマチオ調教 波多野結衣,MXGS-902,,2016-09-16,123分鐘,青髭大悟,マキシング,MAXING,変態マゾヒスト,紧缚、多P、性奴、深喉、中出、高畫質、緊縛、單體作品,波多野結衣,https://www.javbus.com/MXGS-902,
GVG-362 老働者に輪姦され性奴隷と化す巨乳未亡人 波多野結衣,GVG-362 老働者に輪姦され性奴隷と化す巨乳未亡人 波多野結衣,GVG-362,,2016-09-14,120分鐘,三島六三郎,グローリークエスト,GLORYQUEST,,其他戀物癖、寡婦、多P、性奴、輪姦、拘束、高畫質、單體作品,波多野結衣,https://www.javbus.com/GVG-362,
HETR-008 義理の父親の為に会社社長に身をささげる娘2 波多野結衣,HETR-008 義理の父親の為に会社社長に身をささげる娘2 波多野結衣,HETR-008,,2016-09-12,135分鐘,柊炎舞,天真乱マン/HERO,天真乱マン,義理の父親の為に会社社長に身をささげる娘,成熟的女人、亂倫、已婚婦女、中出、高畫質、巨乳、單體作品、DMM獨家,波多野結衣,https://www.javbus.com/HETR-008,
AVOP-277 生贄夫人 ～逃れられない背徳のエクスタシー 波多野結衣～,AVOP-277 生贄夫人 ～逃れられない背徳のエクスタシー 波多野結衣～,AVOP-277,,2016-09-01,143分鐘,貞邪我,オルガ,AVOPEN2016,,已婚婦女、性奴、乳房、凌辱、高畫質、戲劇、AVOPEN2016人妻・熟女部門、單體作品、DMM獨家,波多野結衣,https://www.javbus.com/AVOP-277,
HXAD-025 絶対的パンストまにあ 波多野結衣,HXAD-025 絶対的パンストまにあ 波多野結衣,HXAD-025,,2016-08-30,240分鐘,,ジャネス,Fetishパンスト,絶対的パンストマニア,連褲襪、屁股、戀腿癖、4小時以上作品、足交、顏面騎乘、單體作品,波多野結衣,https://www.javbus.com/HXAD-025,
DJSB-096 波多野結衣がグショ濡れマ○コで逆痴漢！僕らのチ○ポを凄テクで食いまくる肉食系痴女に堪えきれずにドピュと発射しちゃいました 3 4時間,DJSB-096 波多野結衣がグショ濡れマ○コで逆痴漢！僕らのチ○ポを凄テクで食いまくる肉食系痴女に堪えきれずにドピュと発射しちゃいました 3 4時間,DJSB-096,,2016-08-30,231分鐘,秀吉,ジャネス,MANIA痴女,グショ濡れマ○コで逆痴漢！,OL、口交、淫語、女醫生、舔陰、美容院、高畫質、單體作品、打手槍,波多野結衣,https://www.javbus.com/DJSB-096,
CRMN-101 舐めさせて…。あなたのびんびんに勃ったチ○ポ フェラチオ中毒な美しき痴女 波多野結衣,CRMN-101 舐めさせて…。あなたのびんびんに勃ったチ○ポ フェラチオ中毒な美しき痴女 波多野結衣,CRMN-101,,2016-08-21,120分鐘,,痴ロモン/妄想族,痴ロモン/妄想族,,蕩婦、口交、其他戀物癖、單體作品、DMM獨家,波多野結衣,https://www.javbus.com/CRMN-101,
CESD-249 波多野結衣24時間37分ベスト,CESD-249 波多野結衣24時間37分ベスト,CESD-249,,2016-08-21,1477分鐘,,セレブの友,セレブの友,,成熟的女人、亂倫、已婚婦女、中出、女優ベスト・総集編、16時間以上作品、單體作品、DMM獨家,波多野結衣,https://www.javbus.com/CESD-249,
MXGS-896 昏睡キメセク ～媚薬×催眠×泥酔～ 波多野結衣,MXGS-896 昏睡キメセク ～媚薬×催眠×泥酔～ 波多野結衣,MXGS-896,,2016-08-16,136分鐘,青髭大悟,マキシング,MAXING,昏睡キメセク,藥物、爛醉如泥的、催眠、高畫質、單體作品,波多野結衣,https://www.javbus.com/MXGS-896,
XRW-202 美人若妻媚薬拘束潮吹きイカセ 波多野結衣,XRW-202 美人若妻媚薬拘束潮吹きイカセ 波多野結衣,XRW-202,,2016-08-12,145分鐘,アニー中村,レアルワークス,REAL（レアルワークス）,,藥物、潮吹、已婚婦女、拘束、中出、高畫質、單體作品,波多野結衣,https://www.javbus.com/XRW-202,
PGD-891 頭のてっぺんからつま先まで快感が支配する ポルチオ大絶頂 波多野結衣,PGD-891 頭のてっぺんからつま先まで快感が支配する ポルチオ大絶頂 波多野結衣,PGD-891,,2016-08-05,120分鐘,,プレミアム,GLAMOROUS,,潮吹、數位馬賽克、子宮頸、高畫質、單體作品、DMM獨家,波多野結衣,https://www.javbus.com/PGD-891,
HFD-135 ねぇ、もしかして君って…チクビでもイケちゃう男子？ 4時間 波多野結衣,HFD-135 ねぇ、もしかして君って…チクビでもイケちゃう男子？ 4時間 波多野結衣,HFD-135,,2016-08-04,246分鐘,,ドリームチケット,ドリームチケット,,蕩婦、其他戀物癖、合集、美容院、高畫質、キス・接吻、單體作品,波多野結衣,https://www.javbus.com/HFD-135,
CESD-235 イチャLOVEデート2 世界で1番大切な波多野結衣,CESD-235 イチャLOVEデート2 世界で1番大切な波多野結衣,CESD-235,,2016-07-25,188分鐘,,セレブの友,セレブの友,イチャLOVEデート,成熟的女人、第一人稱攝影、纪录片、主觀視角、高畫質、戀愛、單體作品、DMM獨家,波多野結衣,https://www.javbus.com/CESD-235,
24ID-038 波多野結衣 SPECIAL BEST 4時間,24ID-038 波多野結衣 SPECIAL BEST 4時間,24ID-038,,2016-07-20,240分鐘,,TMA,TMA,SPECIALBEST,姐姐、4小時以上作品、高畫質、女優ベスト・総集編、單體作品、內衣,波多野結衣,https://www.javbus.com/24ID-038,
MXGS-889 結衣と最っ高のデートをしよう！ 波多野結衣,MXGS-889 結衣と最っ高のデートをしよう！ 波多野結衣,MXGS-889,,2016-07-16,138分鐘,デラ3,マキシング,MAXING,,口交、情侶、高畫質、戲劇、單體作品,波多野結衣,https://www.javbus.com/MXGS-889,
REAL-605 自己犠牲レイプ 旦那の為なら何でもします ●員の妻 波多野結衣,REAL-605 自己犠牲レイプ 旦那の為なら何でもします ●員の妻 波多野結衣,REAL-605,,2016-07-08,120分鐘,朝霧浄,レアルワークス,REAL（レアルワークス）,自己犠牲レイプ（ケイ・エム・プロデュース（レアルワークス））,成熟的女人、已婚婦女、深喉、凌辱、中出、高畫質、單體作品,波多野結衣,https://www.javbus.com/REAL-605,
PGD-883 貪り合いたい…友人の姉の誘うような淫乱おま○こ 波多野結衣,PGD-883 貪り合いたい…友人の姉の誘うような淫乱おま○こ 波多野結衣,PGD-883,,2016-07-03,119分鐘,,プレミアム,GLAMOROUS,,蕩婦、69、姐姐、數位馬賽克、高畫質、單體作品、DMM獨家,波多野結衣,https://www.javbus.com/PGD-883,
AKBS-030 誘拐監禁事件 輪姦された社長令嬢 波多野結衣,AKBS-030 誘拐監禁事件 輪姦された社長令嬢 波多野結衣,AKBS-030,,2016-07-01,97分鐘,赤羽竜二,FAプロ,FAプロ竜二,,監禁、已婚婦女、拘束、凌辱、戲劇、單體作品、DMM獨家,波多野結衣,https://www.javbus.com/AKBS-030,
BDA-017 縛り拷問覚醒 悪魔の絆 波多野結衣,BDA-017 縛り拷問覚醒 悪魔の絆 波多野結衣,BDA-017,,2016-06-19,130分鐘,あばしり一家,バミューダ/妄想族,バミューダ/妄想族,縛り拷問覚醒,紧缚、監禁、性奴、中出、單體作品、DMM獨家,波多野結衣,https://www.javbus.com/BDA-017,
NITR-228 絶倫老人たちに孕ませ輪姦されイキまくる巨乳嫁 III 波多野結衣,NITR-228 絶倫老人たちに孕ませ輪姦されイキまくる巨乳嫁 III 波多野結衣,NITR-228,,2016-06-16,139分鐘,BuddhaD,クリスタル映像,NITRO,絶倫老人たちに孕ませ輪姦されイキまくる巨乳嫁,其他戀物癖、已婚婦女、輪姦、中出、高畫質、巨乳、單體作品,波多野結衣,https://www.javbus.com/NITR-228,
DJSB-089 波多野結衣がグショ濡れマ○コで逆痴漢！僕らのチ○ポを凄テクで食いまくる肉食系痴女に堪えきれずにドピュと発射しちゃいました 2 4時間,DJSB-089 波多野結衣がグショ濡れマ○コで逆痴漢！僕らのチ○ポを凄テクで食いまくる肉食系痴女に堪えきれずにドピュと発射しちゃいました 2 4時間,DJSB-089,,2016-06-15,232分鐘,秀吉,ジャネス,MANIA痴女,グショ濡れマ○コで逆痴漢！,蕩婦、口交、4小時以上作品、美容院、高畫質、單體作品、自慰、打手槍,波多野結衣,https://www.javbus.com/DJSB-089,
BF-458 波多野結衣 16時間 SUPER BEST,BF-458 波多野結衣 16時間 SUPER BEST,BF-458,,2016-06-04,959分鐘,,BeFree,BeFree,,护士、家教、姐姐、女優ベスト・総集編、單體作品、DMM獨家,波多野結衣,https://www.javbus.com/BF-458,
PGD-875 男はじっとしてて…究極の腰振りフルコース 波多野結衣,PGD-875 男はじっとしてて…究極の腰振りフルコース 波多野結衣,PGD-875,,2016-06-04,119分鐘,,プレミアム,GLAMOROUS,男はじっとしてて…,蕩婦、數位馬賽克、女上位、高畫質、單體作品、DMM獨家,波多野結衣,https://www.javbus.com/PGD-875,
LID-028 Club*Venus 波多野結衣,LID-028 Club*Venus 波多野結衣,LID-028,,2016-06-03,74分鐘,,ドリームチケット,ドリームチケット,Club*Venus,蕩婦、口交、淫語、女上位、主觀視角、高畫質、單體作品,波多野結衣,https://www.javbus.com/LID-028,
GVG-314 ズルムケ三人組の放課後H体験 波多野結衣,GVG-314 ズルムケ三人組の放課後H体験 波多野結衣,GVG-314,,2016-06-01,132分鐘,ひょん,グローリークエスト,GLORYQUEST,,女教師、連褲襪、多P、高畫質、正太控、單體作品,波多野結衣,https://www.javbus.com/GVG-314,
JUFD-605 唾液がねっとり絡みつく 濃密吸引フェラチオサロン 波多野結衣,JUFD-605 唾液がねっとり絡みつく 濃密吸引フェラチオサロン 波多野結衣,JUFD-605,,2016-05-29,149分鐘,タイガー小堺,Fitch,Fitch,濃密吸引フェラチオサロン,蕩婦、口交、屁股、多P、數位馬賽克、高畫質、キス・接吻、單體作品、DMM獨家,波多野結衣,https://www.javbus.com/JUFD-605,
CLUB-286 ヤレる人妻回春マッサージ9 中出し交渉盗撮,CLUB-286 ヤレる人妻回春マッサージ9 中出し交渉盗撮,CLUB-286,,2016-05-29,235分鐘,,変態紳士倶楽部,変態紳士倶楽部,ヤレる人妻回春マッサージ,已婚婦女、偷窥、通姦、按摩、高畫質、巨乳、DMM獨家,波多野結衣,https://www.javbus.com/CLUB-286,
REAL-599 緊縛鬼イカセ 波多野結衣 ～キャリアウーマンの堕落～,REAL-599 緊縛鬼イカセ 波多野結衣 ～キャリアウーマンの堕落～,REAL-599,,2016-05-13,120分鐘,ラムチョップ,レアルワークス,REAL（レアルワークス）,鬼イカセ,OL、紧缚、連褲襪、拘束、高畫質、戲劇、單體作品,波多野結衣,https://www.javbus.com/REAL-599,
GVRD-17 人気怪人VSセクシー仮面 波多野結衣,GVRD-17 人気怪人VSセクシー仮面 波多野結衣,GVRD-17,,2016-05-04,81分鐘,式正義,GIGA,GIGA,,凌辱、格鬥家、特效、女戰士、單體作品,波多野結衣,https://www.javbus.com/GVRD-17,
VAGU-152 波多野結衣の鬼コキ！！エロコスとド淫語でドピュドピュ発射させられちゃった僕,VAGU-152 波多野結衣の鬼コキ！！エロコスとド淫語でドピュドピュ発射させられちゃった僕,VAGU-152,,2016-05-01,111分鐘,カニエ,VENUS,ULTIMA,○○の鬼コキ！！,角色扮演、蕩婦、成熟的女人、淫語、已婚婦女、高畫質、單體作品、DMM獨家、打手槍,波多野結衣,https://www.javbus.com/VAGU-152,
PGD-867 最高の口内発射に導く絶品リップテクニック 波多野結衣,PGD-867 最高の口内発射に導く絶品リップテクニック 波多野結衣,PGD-867,,2016-04-30,120分鐘,,プレミアム,GLAMOROUS,,蕩婦、數位馬賽克、高畫質、單體作品、DMM獨家,波多野結衣,https://www.javbus.com/PGD-867,
JUX-853 夫の上司に犯され続けて7日目、私は理性を失った…。 波多野結衣,JUX-853 夫の上司に犯され続けて7日目、私は理性を失った…。 波多野結衣,JUX-853,,2016-04-23,120分鐘,古賀丈士,マドンナ,Madonna,人妻○○痴漢電車,成熟的女人、已婚婦女、數位馬賽克、性奴、高畫質、出軌、巨乳、單體作品、DMM獨家,波多野結衣,https://www.javbus.com/JUX-853,
REKU-013 ゲスの女、中出しの極。～笑顔が●●●●激似のスーパードスケベ！～ 波多野結衣,REKU-013 ゲスの女、中出しの極。～笑顔が●●●●激似のスーパードスケベ！～ 波多野結衣,REKU-013,,2016-04-10,120分鐘,,RedCat,KiraMeki,,成熟的女人、中出、高畫質、處男、デカチン・巨根、單體作品、DMM獨家,波多野結衣,https://www.javbus.com/REKU-013,
PGD-858 ムラムラ出戻りお姉さんは弟のデカチンで何回も絶頂。 波多野結衣,PGD-858 ムラムラ出戻りお姉さんは弟のデカチンで何回も絶頂。 波多野結衣,PGD-858,,2016-04-02,150分鐘,,プレミアム,GLAMOROUS,,亂倫、姐姐、數位馬賽克、高畫質、デカチン・巨根、單體作品、DMM獨家,波多野結衣,https://www.javbus.com/PGD-858,
RBD-755 奴隷色の女性記者 波多野結衣,RBD-755 奴隷色の女性記者 波多野結衣,RBD-755,,2016-04-02,130分鐘,後手縛り,アタッカーズ,龍縛,,紧缚、性奴、高畫質、單體作品、DMM獨家,波多野結衣,https://www.javbus.com/RBD-755,
DJSK-086 ウチの嫁さんが欲求不満で四六時中俺のチ●ポを求めてくる！ 家族にバレないようにこっそりエッチなことしてくれました！！ 波多野結衣,DJSK-086 ウチの嫁さんが欲求不満で四六時中俺のチ●ポを求めてくる！ 家族にバレないようにこっそりエッチなことしてくれました！！ 波多野結衣,DJSK-086,,2016-03-30,133分鐘,TANAKA,ジャネス,MANIA痴女,,蕩婦、口交、亂倫、新娘、年輕妻子、高畫質、單體作品、自慰、打手槍,波多野結衣,https://www.javbus.com/DJSK-086,
VEC-194 母親の再婚 僕の親友と結婚した母 波多野結衣,VEC-194 母親の再婚 僕の親友と結婚した母 波多野結衣,VEC-194,,2016-03-27,89分鐘,カニエ,VENUS,女神（ヴィーナス）,母親の再婚,蕩婦、成熟的女人、母親、已婚婦女、中出、單體作品、DMM獨家,波多野結衣,https://www.javbus.com/VEC-194,
CESD-202 五感封じSEX！3 波多野結衣,CESD-202 五感封じSEX！3 波多野結衣,CESD-202,,2016-03-20,140分鐘,柊炎舞,セレブの友,セレブの友,五感封じSEX！,成熟的女人、潮吹、多P、拘束、舔陰、單體作品、DMM獨家,波多野結衣,https://www.javbus.com/CESD-202,
FSET-617 競泳水着の女 波多野結衣,FSET-617 競泳水着の女 波多野結衣,FSET-617,,2016-03-17,154分鐘,アキノリ,アキノリ,AKNR,競泳水着の○○,企畫、其他戀物癖、按摩、高畫質、單體作品、學校泳裝,波多野結衣,https://www.javbus.com/FSET-617,
MXGS-859 中出しマ●コ、くぱぁ。 波多野結衣,MXGS-859 中出しマ●コ、くぱぁ。 波多野結衣,MXGS-859,,2016-03-16,139分鐘,デラ3,マキシング,MAXING,中出しマ●コ、くぱぁ。,中出、足交、高畫質、單體作品、自慰、局部特寫,波多野結衣,https://www.javbus.com/MXGS-859,
VRTM-144 When I Went To My Neighbor's House To Return The Panties That Had Blown Over To My Place By The Wind,VRTM-144 When I Went To My Neighbor's House To Return The Panties That Had Blown Over To My Place By The Wind,VRTM-144,,2016-03-11,0分鐘,,,,,蕩婦、已婚婦女、新娘、年輕妻子、高畫質、戲劇、單體作品、內衣,波多野結衣,https://www.javbus.com/VRTM-144,
PGD-853 痴女テクニックでチ○ポを鍛える焦らし女教師 波多野結衣,PGD-853 痴女テクニックでチ○ポを鍛える焦らし女教師 波多野結衣,PGD-853,,2016-03-03,120分鐘,,プレミアム,GLAMOROUS,,蕩婦、女教師、數位馬賽克、高畫質、單體作品、DMM獨家、學校泳裝,波多野結衣,https://www.javbus.com/PGD-853,
WSS-268 タマらなく性交したくなる淫口 波多野結衣,WSS-268 タマらなく性交したくなる淫口 波多野結衣,WSS-268,,2016-03-02,132分鐘,一ノ瀬くるみ,ワープエンタテインメント,So,タマらなく性交したくなる○○,口交、多P、女上位、高畫質、キス・接吻、單體作品、吞精,波多野結衣,https://www.javbus.com/WSS-268,
JUFD-576 じっくり高める手コキでもてなす完全勃起ともの凄い射精の回春旅館 波多野結衣,JUFD-576 じっくり高める手コキでもてなす完全勃起ともの凄い射精の回春旅館 波多野結衣,JUFD-576,,2016-02-27,150分鐘,三島六三郎,Fitch,Fitch,完全勃起ともの凄い射精の回春旅館,屁股、數位馬賽克、女主人、女老板、乳液、按摩、高畫質、單體作品、DMM獨家、打手槍,波多野結衣,https://www.javbus.com/JUFD-576,
CESD-194 魅惑のキャラチェン七変化2 波多野結衣,CESD-194 魅惑のキャラチェン七変化2 波多野結衣,CESD-194,,2016-02-21,140分鐘,柊炎舞,セレブの友,セレブの友,魅惑のキャラチェン七変化,角色扮演、成熟的女人、淫語、巨乳、單體作品、DMM獨家、吞精,波多野結衣,https://www.javbus.com/CESD-194,
VNDS-3167 ヤリマン美人妻 ご近所中出し町内会 波多野結衣,VNDS-3167 ヤリマン美人妻 ご近所中出し町内会 波多野結衣,VNDS-3167,,2016-02-20,98分鐘,晴,STARPARADISE,ネクストイレブン,,其他戀物癖、已婚婦女、多P、中出、高畫質、單體作品,波多野結衣,https://www.javbus.com/VNDS-3167,
GVG-262 ベロちゅう キモ患者が集うオゲレツな病院で波多野結衣が猥褻ベロキス診察に没頭する！,GVG-262 ベロちゅう キモ患者が集うオゲレツな病院で波多野結衣が猥褻ベロキス診察に没頭する！,GVG-262,,2016-02-17,125分鐘,ひょん,グローリークエスト,GLORYQUEST,ベロちゅう(グローリークエスト),蕩婦、其他戀物癖、多P、高畫質、キス・接吻、單體作品,波多野結衣,https://www.javbus.com/GVG-262,
TAMM-005 人妻盗撮 覗かれた私性活 波多野結衣,TAMM-005 人妻盗撮 覗かれた私性活 波多野結衣,TAMM-005,,2016-02-12,112分鐘,薄刃紫翠,オルガ,アモーレ,,已婚婦女、偷窥、性奴、高畫質、出軌、戲劇、單體作品,波多野結衣,https://www.javbus.com/TAMM-005,
MKMP-063 殿堂！スーパーアイドル8時間 波多野結衣 2,MKMP-063 殿堂！スーパーアイドル8時間 波多野結衣 2,MKMP-063,,2016-02-12,462分鐘,K太郎,ケイ・エム・プロデュース,million（ミリオン）,殿堂！スーパーアイドル8時間,乳房、4小時以上作品、高畫質、女優ベスト・総集編、單體作品,波多野結衣,https://www.javbus.com/MKMP-063,
FSET-606 波多野結衣が教える大人になってからの保健体育授業,FSET-606 波多野結衣が教える大人になってからの保健体育授業,FSET-606,,2016-02-06,130分鐘,KYO,アキノリ,AKNR,,女教師、按摩、高畫質、教學、M男、單體作品、內衣,波多野結衣,https://www.javbus.com/FSET-606,
PGD-847 結婚間近の憧れだったお姉さんに誘惑されて… 波多野結衣,PGD-847 結婚間近の憧れだったお姉さんに誘惑されて… 波多野結衣,PGD-847,,2016-02-04,120分鐘,,プレミアム,GLAMOROUS,,姐姐、數位馬賽克、高畫質、單體作品、DMM獨家,波多野結衣,https://www.javbus.com/PGD-847,
BF-439 上から目線で男を犯す 淫語捜査官 波多野結衣,BF-439 上から目線で男を犯す 淫語捜査官 波多野結衣,BF-439,,2016-02-04,120分鐘,,BeFree,BeFree,,蕩婦、淫語、女檢察官、高畫質、單體作品、DMM獨家,波多野結衣,https://www.javbus.com/BF-439,
CEAD-134 アナル舐め高級痴女サロン8 波多野結衣,CEAD-134 アナル舐め高級痴女サロン8 波多野結衣,CEAD-134,,2016-01-24,140分鐘,,セレブの友,セレブの友,高級痴女サロン,蕩婦、成熟的女人、淫語、按摩、單體作品、DMM獨家、肛交,波多野結衣,https://www.javbus.com/CEAD-134,
PPPD-434 スペンス乳腺開発クリニック 波多野結衣,PPPD-434 スペンス乳腺開発クリニック 波多野結衣,PPPD-434,,2016-01-16,120分鐘,,OPPAI,OPPAI,,乳交、戀乳癖、中出、高畫質、巨乳、單體作品、DMM獨家,波多野結衣,https://www.javbus.com/PPPD-434,
ONGP-034 露出悦楽 羞恥快感に堕ちた美人妻 波多野結衣,ONGP-034 露出悦楽 羞恥快感に堕ちた美人妻 波多野結衣,ONGP-034,,2016-01-08,137分鐘,薄刃紫翠,AMORE,Onafes（オナフェス）グランプリ2016,露出悦楽,野外・露出、已婚婦女、性奴、羞恥、高畫質、單體作品,波多野結衣,https://www.javbus.com/ONGP-034,
PGD-837 抱かれるのはアナタのため、絶頂してしまうのは媚薬のせい… 波多野結衣,PGD-837 抱かれるのはアナタのため、絶頂してしまうのは媚薬のせい… 波多野結衣,PGD-837,,2015-12-31,120分鐘,,プレミアム,GLAMOROUS,,OL、數位馬賽克、中出、高畫質、出軌、單體作品、DMM獨家,波多野結衣,https://www.javbus.com/PGD-837,
VEQ-092 S級熟女コンプリートファイル 波多野結衣4時間 其之参,VEQ-092 S級熟女コンプリートファイル 波多野結衣4時間 其之参,VEQ-092,,2015-12-28,240分鐘,,VENUS,女神（ヴィーナス）,S級熟女（VENUS）,成熟的女人、已婚婦女、4小時以上作品、女優ベスト・総集編、單體作品、DMM獨家,波多野結衣,https://www.javbus.com/VEQ-092,
EDRG-009 もしも波多野結衣がビッチで発情中のネコだったら,EDRG-009 もしも波多野結衣がビッチで発情中のネコだったら,EDRG-009,,2015-12-25,120分鐘,とりあえず山田で,Eドラ！,,,角色扮演、苗條、貓耳女、高畫質、戲劇、單體作品、DMM獨家,波多野結衣,https://www.javbus.com/EDRG-009,
NASS-357 殿堂入り美人妻「波多野結衣」イキッぱなしの厳選24シーン4時間スペシャル 超濃厚な極上プレイを余すことなくたっぷり収録しちゃいました,NASS-357 殿堂入り美人妻「波多野結衣」イキッぱなしの厳選24シーン4時間スペシャル 超濃厚な極上プレイを余すことなくたっぷり収録しちゃいました,NASS-357,,2015-12-25,241分鐘,,なでしこ,Nadeshiko,,口交、4小時以上作品、高畫質、女優ベスト・総集編、單體作品、打手槍,波多野結衣,https://www.javbus.com/NASS-357,
CEAD-121 セカイの波多野結衣,CEAD-121 セカイの波多野結衣,CEAD-121,,2015-12-21,230分鐘,,セレブの友,セレブの友,,成熟的女人、乳交、纪录片、性奴、巨乳、單體作品、DMM獨家,波多野結衣,https://www.javbus.com/CEAD-121,
TOMN-037 鉄板complete 波多野結衣 BEST,TOMN-037 鉄板complete 波多野結衣 BEST,TOMN-037,,2015-12-12,240分鐘,,TEPPAN,TEPPANSPECIAL,鉄板Complete,潮吹、多P、美少女、數位馬賽克、女優ベスト・総集編、單體作品、DMM獨家,波多野結衣,https://www.javbus.com/TOMN-037,
REAL-570 鬼イカセ 波多野結衣,REAL-570 鬼イカセ 波多野結衣,REAL-570,,2015-12-11,151分鐘,天現寺駆,レアルワークス,REAL（レアルワークス）,鬼イカセ,深喉、乳房、拘束、高畫質、單體作品,波多野結衣,https://www.javbus.com/REAL-570,
HJMO-320 夫婦で挑戦！夫が波多野結衣の凄テクを20分我慢できたら賞金！イカされちゃったら妻が寝取られ中出しSEX！！,HJMO-320 夫婦で挑戦！夫が波多野結衣の凄テクを20分我慢できたら賞金！イカされちゃったら妻が寝取られ中出しSEX！！,HJMO-320,,2015-12-06,240分鐘,はじめ,はじめ企画,はじめ企画,夫婦で挑戦,業餘、已婚婦女、數位馬賽克、中出、高畫質、出軌、DMM獨家,波多野結衣,https://www.javbus.com/HJMO-320,
GDSC-19 ヲタク戦隊テラピンク （拷問・凌辱・接吻・痴女） 波多野結衣,GDSC-19 ヲタク戦隊テラピンク （拷問・凌辱・接吻・痴女） 波多野結衣,GDSC-19,,2015-12-05,110分鐘,六機崇,GIGA,GIGA,,蕩婦、凌辱、特效、折磨、巨乳、單體作品,波多野結衣,https://www.javbus.com/GDSC-19,
PGD-833 24時間ヤリすぎご奉仕痴女メイド 波多野結衣,PGD-833 24時間ヤリすぎご奉仕痴女メイド 波多野結衣,PGD-833,,2015-12-03,120分鐘,,プレミアム,GLAMOROUS,,蕩婦、數位馬賽克、主觀視角、高畫質、單體作品、DMM獨家、女傭,波多野結衣,https://www.javbus.com/PGD-833,
LID-019 R*Queen 波多野結衣,LID-019 R*Queen 波多野結衣,LID-019,,2015-12-02,86分鐘,,ドリームチケット,ドリームチケット,RQueen,第一人稱攝影、賽車女郎、高、羞恥、高畫質、按摩棒、單體作品,波多野結衣,https://www.javbus.com/LID-019,
RVG-019 波多野結衣BEST,RVG-019 波多野結衣BEST,RVG-019,,2015-12-02,242分鐘,,グローリークエスト,GLORYQUEST,BEST（グローリークエスト）,乳房、4小時以上作品、高畫質、女優ベスト・総集編、單體作品,波多野結衣,https://www.javbus.com/RVG-019,
UMSO-025 馬並み勃起必須！！波多野結衣の凄テクに我慢できたら即生中出し！！思わず12発射精してしまう素人男優早漏チ●ポ改善淫語回春マッサージ！？,UMSO-025 馬並み勃起必須！！波多野結衣の凄テクに我慢できたら即生中出し！！思わず12発射精してしまう素人男優早漏チ●ポ改善淫語回春マッサージ！？,UMSO-025,,2015-11-27,140分鐘,クワッチー,ケイ・エム・プロデュース,UMANAMI,,蕩婦、淫語、中出、按摩、高畫質、早漏、單體作品、打手槍,波多野結衣,https://www.javbus.com/UMSO-025,
TMHP-031 京都のいち女子、世界の波多野。,TMHP-031 京都のいち女子、世界の波多野。,TMHP-031,,2015-11-27,130分鐘,,バルタン,BALTANHoppin’,,連褲襪、纪录片、高畫質、單體作品、打手槍,波多野結衣,https://www.javbus.com/TMHP-031,
CESD-171 塀の中の奇妙な女囚人 波多野結衣,CESD-171 塀の中の奇妙な女囚人 波多野結衣,CESD-171,,2015-11-22,162分鐘,柊炎舞,セレブの友,セレブの友,,成熟的女人、多P、中出、戲劇、巨乳、單體作品、DMM獨家,波多野結衣,https://www.javbus.com/CESD-171,
DASD-312 絶対孕ますプロジェクト 波多野結衣,DASD-312 絶対孕ますプロジェクト 波多野結衣,DASD-312,,2015-11-21,140分鐘,両国タロウ,ダスッ！,ダスッ！,,濫交、中出、高畫質、單體作品、DMM獨家,波多野結衣,https://www.javbus.com/DASD-312,
DJSH-046 ビッチ艶女 淫乱な美熟女のマニアックプレイ 4時間 波多野結衣,DJSH-046 ビッチ艶女 淫乱な美熟女のマニアックプレイ 4時間 波多野結衣,DJSH-046,,2015-11-15,243分鐘,,ジャネス,艶女,ビッチ艶女淫乱な美熟女のマニアックプレイ,成熟的女人、4小時以上作品、單體作品、自慰、打手槍,波多野結衣,https://www.javbus.com/DJSH-046,
PPBD-111 波多野結衣12時間BEST,PPBD-111 波多野結衣12時間BEST,PPBD-111,,2015-11-14,720分鐘,,OPPAI,OPPAI,,女教師、乳交、中出、女優ベスト・総集編、巨乳、單體作品、DMM獨家,波多野結衣,https://www.javbus.com/PPBD-111,
TYOD-289 淫乱団地妻 義父の中出しを受け入れた貞淑妻 波多野結衣,TYOD-289 淫乱団地妻 義父の中出しを受け入れた貞淑妻 波多野結衣,TYOD-289,,2015-11-14,120分鐘,木下以蔵,乱丸,乱丸,淫乱団地妻,亂倫、已婚婦女、花癡、數位馬賽克、高畫質、出軌、戲劇、單體作品、DMM獨家,波多野結衣,https://www.javbus.com/TYOD-289,
LXJE-252 波多野結衣の鬼手コキ！超絶のテクニックでオーガズムを導き出す最高の痴女のザーメン搾り4時間,LXJE-252 波多野結衣の鬼手コキ！超絶のテクニックでオーガズムを導き出す最高の痴女のザーメン搾り4時間,LXJE-252,,2015-11-13,241分鐘,,マニアゼロ,Mスナイパー,,角色扮演、蕩婦、淫語、4小時以上作品、M男、單體作品、打手槍,波多野結衣,https://www.javbus.com/LXJE-252,
EYAN-041 薬漬けエビ反りマッサージにハマる人妻 波多野結衣,EYAN-041 薬漬けエビ反りマッサージにハマる人妻 波多野結衣,EYAN-041,,2015-11-07,120分鐘,,E-BODY,花ざかりの妻たち,薬漬けエビ反りマッサージにハマる人妻,潮吹、已婚婦女、花癡、按摩、高畫質、巨乳、單體作品、DMM獨家,波多野結衣,https://www.javbus.com/EYAN-041,
MIAD-839 頭が狂っちゃうほど生が好き 波多野結衣,MIAD-839 頭が狂っちゃうほど生が好き 波多野結衣,MIAD-839,,2015-11-07,120分鐘,U吉,ムーディーズ,MOODYZACID,,苗條、潮吹、多P、數位馬賽克、高畫質、單體作品、DMM獨家,波多野結衣,https://www.javbus.com/MIAD-839,
PGD-826 誘惑おま○こ 波多野結衣,PGD-826 誘惑おま○こ 波多野結衣,PGD-826,,2015-11-01,120分鐘,,プレミアム,GLAMOROUS,誘惑おま○こ,蕩婦、數位馬賽克、高畫質、單體作品、DMM獨家、局部特寫,波多野結衣,https://www.javbus.com/PGD-826,
MIGD-682 ドリームウーマンvol.98 波多野結衣,MIGD-682 ドリームウーマンvol.98 波多野結衣,MIGD-682,,2015-10-29,240分鐘,六反園正史,ムーディーズ,MOODYZGati,ドリームウーマン,角色扮演、姐姐、數位馬賽克、乳房、高畫質、單體作品、DMM獨家、顏射,波多野結衣,https://www.javbus.com/MIGD-682,
GOMK-40 ヒロインピンチ レティシアの紅い薔薇 波多野結衣,GOMK-40 ヒロインピンチ レティシアの紅い薔薇 波多野結衣,GOMK-40,,2015-10-26,77分鐘,六機崇,GIGA,GIGA,ヒロインピンチ,凌辱、特效、女戰士、公主、單體作品,波多野結衣,https://www.javbus.com/GOMK-40,
BIB-129 波多野結衣ベスト 痴女Ver. 8時間,BIB-129 波多野結衣ベスト 痴女Ver. 8時間,BIB-129,,2015-10-22,480分鐘,,美,美,,蕩婦、淫語、姐姐、多P、女優ベスト・総集編、單體作品、DMM獨家,波多野結衣,https://www.javbus.com/BIB-129,
SBK-008 闇への供物 波多野結衣,SBK-008 闇への供物 波多野結衣,SBK-008,,2015-10-20,109分鐘,阿川優,大洋図書,S＆Mスナイパー,,SM、紧缚、性奴、高畫質、出軌、戲劇、單體作品,波多野結衣,https://www.javbus.com/SBK-008,
ARML-008 波多野結衣のエロい姿態に惑わされちゃった僕たち。 AROMA BEST SELECTION,ARML-008 波多野結衣のエロい姿態に惑わされちゃった僕たち。 AROMA BEST SELECTION,ARML-008,,2015-10-20,245分鐘,,アロマ企画,AROMA,ちゃった僕たち,其他戀物癖、4小時以上作品、女優ベスト・総集編、單體作品、DMM獨家,波多野結衣,https://www.javbus.com/ARML-008,
TRE-60 ヒロイン凌辱 Vol.60 宇宙捜査官アンドロクロス 波多野結衣,TRE-60 ヒロイン凌辱 Vol.60 宇宙捜査官アンドロクロス 波多野結衣,TRE-60,,2015-10-20,102分鐘,坂田徹,GIGA,GIGA,ヒロイン陵辱,緊身衣、凌辱、格鬥家、特效、巨乳、單體作品,波多野結衣,https://www.javbus.com/TRE-60,
BDA-007 不倫妻野外露出 波多野結衣,BDA-007 不倫妻野外露出 波多野結衣,BDA-007,,2015-10-18,120分鐘,あばしり一家,バミューダ/妄想族,バミューダ/妄想族,,野外・露出、性奴、中出、温泉、單體作品、DMM獨家,波多野結衣,https://www.javbus.com/BDA-007,
MXGS-818 Fucking Machine SEX 波多野結衣,MXGS-818 Fucking Machine SEX 波多野結衣,MXGS-818,,2015-10-16,101分鐘,デラ3,マキシング,MAXING,FuckingMachineSEX,玩具、其他戀物癖、深喉、拘束、粗暴、高畫質、單體作品,波多野結衣,https://www.javbus.com/MXGS-818,
REGA-001 中出しをせがむ淫乱女教師の卑猥語童貞喰い 波多野結衣,REGA-001 中出しをせがむ淫乱女教師の卑猥語童貞喰い 波多野結衣,REGA-001,,2015-10-11,120分鐘,,RedCat,S-club,,蕩婦、女教師、淫語、中出、單體作品、DMM獨家,波多野結衣,https://www.javbus.com/REGA-001,
CESD-159 感じすぎていっぱい潮吹きごめんなさい… 5 波多野結衣,CESD-159 感じすぎていっぱい潮吹きごめんなさい… 5 波多野結衣,CESD-159,,2015-10-11,151分鐘,柊炎舞,セレブの友,セレブの友,感じすぎていっぱい潮吹き,成熟的女人、放尿、潮吹、多P、巨乳、單體作品、DMM獨家,波多野結衣,https://www.javbus.com/CESD-159,
TAAK-001 セクシーボディストッキング 波多野結衣,TAAK-001 セクシーボディストッキング 波多野結衣,TAAK-001,,2015-10-11,143分鐘,渡辺琢斗,AVScollector’s,AVSCollector’s,,成熟的女人、其他戀物癖、連褲襪、單體作品、DMM獨家、內衣,波多野結衣,https://www.javbus.com/TAAK-001,
GDTM-079 世界の波多野結衣がHな服装で夜の巷を徘徊させられる,GDTM-079 世界の波多野結衣がHな服装で夜の巷を徘徊させられる,GDTM-079,,2015-10-04,200分鐘,ハメシ・ロドリゲスK,ゴールデンタイム,ゴールデンタイム,,角色扮演、倒追、羞恥、爛醉如泥的、單體作品、DMM獨家,波多野結衣,https://www.javbus.com/GDTM-079,
PGD-820 誘惑パンスト痴女OL 波多野結衣,PGD-820 誘惑パンスト痴女OL 波多野結衣,PGD-820,,2015-10-03,120分鐘,,プレミアム,GLAMOROUS,誘惑○○痴女OL,蕩婦、OL、連褲襪、數位馬賽克、高畫質、單體作品、DMM獨家,波多野結衣,https://www.javbus.com/PGD-820,
CORE-044 潜入捜査官 残虐中出しイキ地獄 波多野結衣,CORE-044 潜入捜査官 残虐中出しイキ地獄 波多野結衣,CORE-044,,2015-09-27,120分鐘,ばば★ザ★ばびぃ,CORE,CORE,,潮吹、女檢察官、凌辱、中出、高畫質、單體作品、DMM獨家,波多野結衣,https://www.javbus.com/CORE-044,
WANZ-397 フェロモンムンムン！教育ママの鬼畜ショタ輪姦 波多野結衣,WANZ-397 フェロモンムンムン！教育ママの鬼畜ショタ輪姦 波多野結衣,WANZ-397,,2015-09-27,120分鐘,,ワンズファクトリー,WANZ,,輪姦、凌辱、中出、高畫質、正太控、單體作品、DMM獨家,波多野結衣,https://www.javbus.com/WANZ-397,
GOMK-33 KUNOICHI-忍- 壱 歩き巫女 御影 波多野結衣,GOMK-33 KUNOICHI-忍- 壱 歩き巫女 御影 波多野結衣,GOMK-33,,2015-09-16,101分鐘,坂田徹,GIGA,GIGA,KUNOICHI-忍-,輪姦、凌辱、女忍者、特效、折磨、單體作品,波多野結衣,https://www.javbus.com/GOMK-33,
GXAZ-031 超人気AV女優「波多野結衣」が手コキ＆フェラでヌキまくり240分！ナイスボディな彼女に凄テクでフル勃起にさせられたら誰だって辛抱たまらずドピュドピュしちゃいます！！,GXAZ-031 超人気AV女優「波多野結衣」が手コキ＆フェラでヌキまくり240分！ナイスボディな彼女に凄テクでフル勃起にさせられたら誰だって辛抱たまらずドピュドピュしちゃいます！！,GXAZ-031,,2015-09-15,246分鐘,TANAKA,ジャネス,MANIAPlay,,口交、姐姐、高畫質、單體作品、打手槍,波多野結衣,https://www.javbus.com/GXAZ-031,
VOSS-013 買い物帰りの満員電車で僕のデカチンが 勝手に母さんのマ●コをいじりはじめ怒られると焦ったが 『母さん、最近してないの』と欲情しはじめた。 波多野結衣,VOSS-013 買い物帰りの満員電車で僕のデカチンが 勝手に母さんのマ●コをいじりはじめ怒られると焦ったが 『母さん、最近してないの』と欲情しはじめた。 波多野結衣,VOSS-013,,2015-09-11,80分鐘,玉塚びんご,VENUS,EROS（ヴィーナス）,,成熟的女人、亂倫、已婚婦女、中出、戲劇、單體作品、DMM獨家,波多野結衣,https://www.javbus.com/VOSS-013,
IENE-601 波多野結衣 女を汚すエロティシズム,IENE-601 波多野結衣 女を汚すエロティシズム,IENE-601,,2015-09-10,129分鐘,菊淋,アイエナジー,IENERGY！,女を汚すエロティシズム,其他戀物癖、高畫質、單體作品,波多野結衣,https://www.javbus.com/IENE-601,
PGD-812 変態お姉さんとおじさんたちのヤリまくり共同生活 波多野結衣,PGD-812 変態お姉さんとおじさんたちのヤリまくり共同生活 波多野結衣,PGD-812,,2015-09-05,150分鐘,,プレミアム,GLAMOROUS,,蕩婦、潮吹、多P、數位馬賽克、高畫質、單體作品、DMM獨家,波多野結衣,https://www.javbus.com/PGD-812,
WDI-054 ドリシャッ！！ 波多野結衣,WDI-054 ドリシャッ！！ 波多野結衣,WDI-054,,2015-09-04,133分鐘,一ノ瀬くるみ,ワープエンタテインメント,id,ドリームシャワー,蕩婦、女優按摩棒、高畫質、顏射、キス・接吻、單體作品,波多野結衣,https://www.javbus.com/WDI-054,
GXAZ-032 オナニスト「波多野結衣」普段は指だけと言う彼女に極太ディルド、果ては勃起チ○ポを見せつけオナニーしてもらった！非日常なシチュエーションにマン汁垂らしてイキまくりでした！！,GXAZ-032 オナニスト「波多野結衣」普段は指だけと言う彼女に極太ディルド、果ては勃起チ○ポを見せつけオナニーしてもらった！非日常なシチュエーションにマン汁垂らしてイキまくりでした！！,GXAZ-032,,2015-08-29,143分鐘,TANAKA,ジャネス,MANIAPlay,,姐姐、高畫質、單體作品、自慰,波多野結衣,https://www.javbus.com/GXAZ-032,
ECR-067 エロキュート 波多野結衣,ECR-067 エロキュート 波多野結衣,ECR-067,,2015-08-27,62分鐘,,JUICYHONEY,JUICYHONEY,エロキュート,偶像藝人、乳房、介紹影片、單體作品,波多野結衣,https://www.javbus.com/ECR-067,
VOIC-008 淫ボイス8 波多野結衣,VOIC-008 淫ボイス8 波多野結衣,VOIC-008,,2015-08-23,110分鐘,渡辺琢斗,AVScollector’s,琢斗,淫ボイス（AVScollector’s）,淫語、主觀視角、高畫質、單體作品、DMM獨家,波多野結衣,https://www.javbus.com/VOIC-008,
BBI-201 美しいお姉さんのネバスペMANIAX 波多野結衣,BBI-201 美しいお姉さんのネバスペMANIAX 波多野結衣,BBI-201,,2015-08-22,120分鐘,ZAMPA,美,美,,蕩婦、淫語、姐姐、高畫質、單體作品、DMM獨家、打手槍,波多野結衣,https://www.javbus.com/BBI-201,
HNB-094 人妻家庭教師 波多野結衣,HNB-094 人妻家庭教師 波多野結衣,HNB-094,,2015-08-20,89分鐘,甘えん坊将軍,STARPARADISE,華靡,,家教、已婚婦女、DVD多士爐、高畫質、單體作品,波多野結衣,https://www.javbus.com/HNB-094,
GOMK-23 サトラレヒロイン セクシー仮面 波多野結衣,GOMK-23 サトラレヒロイン セクシー仮面 波多野結衣,GOMK-23,,2015-08-18,117分鐘,みのーる。,GIGA,GIGA,セクシー仮面,凌辱、格鬥家、特效、女戰士、單體作品、自慰,波多野結衣,https://www.javbus.com/GOMK-23,
ASFB-150 私、いつもオナニーばっかりしてるの 波多野結衣,ASFB-150 私、いつもオナニーばっかりしてるの 波多野結衣,ASFB-150,,2015-08-16,120分鐘,,FetishBox/妄想族,FetishBox/妄想族,私、いつもオナニーばっかりしてるの,其他戀物癖、單體作品、DMM獨家、自慰,波多野結衣,https://www.javbus.com/ASFB-150,
VENU-522 嫁の母親に中出ししてしまった 波多野結衣,VENU-522 嫁の母親に中出ししてしまった 波多野結衣,VENU-522,,2015-08-02,80分鐘,北野マジメ,VENUS,INCEST（ヴィーナス）,嫁の母親に中出ししてしまった,成熟的女人、已婚婦女、中出、婆婆、高畫質、單體作品、DMM獨家,波多野結衣,https://www.javbus.com/VENU-522,
PBD-306 波多野結衣 PREMIUM BEST 8時間,PBD-306 波多野結衣 PREMIUM BEST 8時間,PBD-306,,2015-08-01,480分鐘,,プレミアム,PREMIUMBEST,プレミアムBEST（プレミアム）,女教師、妓女、數位馬賽克、中出、主觀視角、女優ベスト・総集編、單體作品、DMM獨家,波多野結衣,https://www.javbus.com/PBD-306,
RBD-703 夫を裏切りたくなかったのに。 波多野結衣,RBD-703 夫を裏切りたくなかったのに。 波多野結衣,RBD-703,,2015-08-01,90分鐘,泉家しげる,アタッカーズ,龍縛,夫を裏切りたくなかったのに。,已婚婦女、凌辱、高畫質、單體作品、DMM獨家,波多野結衣,https://www.javbus.com/RBD-703,
WWW-028 またがりたい… 波多野結衣,WWW-028 またがりたい… 波多野結衣,WWW-028,,2015-07-31,60分鐘,JUN*JUN,ワープエンタテインメント,W*,またがりたい…,口交、淫語、連褲襪、屁股、女上位、高畫質、單體作品,波多野結衣,https://www.javbus.com/WWW-028,
DJSJ-011 完全保存版 人妻「波多野結衣」 凄テク8時間スペシャル,DJSJ-011 完全保存版 人妻「波多野結衣」 凄テク8時間スペシャル,DJSJ-011,,2015-07-29,479分鐘,TANAKA,ジャネス,艶女,,蕩婦、姐姐、4小時以上作品、高畫質、單體作品、自慰、打手槍,波多野結衣,https://www.javbus.com/DJSJ-011,
WANZ-371 波多野結衣が個室ビデオ店に突撃リポート！！,WANZ-371 波多野結衣が個室ビデオ店に突撃リポート！！,WANZ-371,,2015-07-25,170分鐘,,ワンズファクトリー,WANZ,,蕩婦、乳交、高畫質、單體作品、DMM獨家、打手槍,波多野結衣,https://www.javbus.com/WANZ-371,
MIAD-811 縄狂い不倫妻 波多野結衣,MIAD-811 縄狂い不倫妻 波多野結衣,MIAD-811,,2015-07-25,120分鐘,赤井彗星,ムーディーズ,MOODYZACID,,SM、紧缚、已婚婦女、數位馬賽克、凌辱、高畫質、巨乳、單體作品、DMM獨家,波多野結衣,https://www.javbus.com/MIAD-811,
JUFD-501 男性社員専用肉便器オフィスレディ～性欲処理課に配属された新人巨乳～ 波多野結衣,JUFD-501 男性社員専用肉便器オフィスレディ～性欲処理課に配属された新人巨乳～ 波多野結衣,JUFD-501,,2015-07-25,160分鐘,Eight,Fitch,Fitch,男性社員専用肉便器オフィスレディ,各種職業、已婚婦女、數位馬賽克、凌辱、羞恥、中出、高畫質、單體作品、DMM獨家,波多野結衣,https://www.javbus.com/JUFD-501,
XRW-103 人間廃業催眠緊縛 洗脳中出し肉便器 波多野結衣,XRW-103 人間廃業催眠緊縛 洗脳中出し肉便器 波多野結衣,XRW-103,,2015-07-24,120分鐘,,レアルワークス,REAL（レアルワークス）,人間廃業催眠緊縛洗脳中出し肉便器,花癡、性奴、中出、催眠、單體作品、自慰,波多野結衣,https://www.javbus.com/XRW-103,
HWAZ-015 パンストが似合う女「波多野結衣」スペシャル ナイロンの光沢、極薄な質感が妙にイヤらしいパンスト美脚！ナマ脚よりも興奮するパンストエロス4時間,HWAZ-015 パンストが似合う女「波多野結衣」スペシャル ナイロンの光沢、極薄な質感が妙にイヤらしいパンスト美脚！ナマ脚よりも興奮するパンストエロス4時間,HWAZ-015,,2015-07-23,215分鐘,,ジャネス,Fetishパンスト,,OL、連褲襪、制服、4小時以上作品、美容院、足交、單體作品、打手槍,波多野結衣,https://www.javbus.com/HWAZ-015,
IENE-578 波多野結衣 あなたに縛られたくて…,IENE-578 波多野結衣 あなたに縛られたくて…,IENE-578,,2015-07-23,130分鐘,バンビーノ☆プリン,アイエナジー,IENERGY！,,紧缚、已婚婦女、高畫質、出軌、戲劇、單體作品,波多野結衣,https://www.javbus.com/IENE-578,
PLA-049 出会って速攻、女優の方から襲いかかる生中出しSEX 波多野結衣,PLA-049 出会って速攻、女優の方から襲いかかる生中出しSEX 波多野結衣,PLA-049,,2015-07-19,170分鐘,真咲南朋,ダスッ！,Platina,出会って速攻、女優の方から襲いかかる生中出しSEX,濫交、美少女、中出、高畫質、單體作品、DMM獨家,波多野結衣,https://www.javbus.com/PLA-049,
MRSS-016 中出しされる感覚が忘れられず、凌辱されに帰ってきたマゾ変態美人妻 波多野結衣,MRSS-016 中出しされる感覚が忘れられず、凌辱されに帰ってきたマゾ変態美人妻 波多野結衣,MRSS-016,,2015-07-17,125分鐘,清,ミセスの素顔/エマニエル,ミセスの素顔,,已婚婦女、凌辱、中出、高畫質、巨乳、單體作品、DMM獨家,波多野結衣,https://www.javbus.com/MRSS-016,
MOND-040 濃厚不倫妻の告白 波多野結衣,MOND-040 濃厚不倫妻の告白 波多野結衣,MOND-040,,2015-07-15,151分鐘,九十九究太,タカラ映像,第一放送,濃厚不倫妻の告白,已婚婦女、新娘、年輕妻子、通姦、高畫質、單體作品,波多野結衣,https://www.javbus.com/MOND-040,
CESD-132 ディープキスでヨガる有閑夫人 絡み合う卑猥な舌と愛液溢れるベロキス接吻セックス 波多野結衣,CESD-132 ディープキスでヨガる有閑夫人 絡み合う卑猥な舌と愛液溢れるベロキス接吻セックス 波多野結衣,CESD-132,,2015-07-12,134分鐘,池の恋次郎,セレブの友,セレブの友,,蕩婦、潮吹、已婚婦女、戲劇、キス・接吻、單體作品、DMM獨家,波多野結衣,https://www.javbus.com/CESD-132,
SMA-786 ガンギマリ媚薬失禁アクメ 波多野結衣,SMA-786 ガンギマリ媚薬失禁アクメ 波多野結衣,SMA-786,,2015-07-12,120分鐘,目黒さんま,マルクス兄弟,MARXBrothersco.,ガンギマリ媚薬失禁アクメ,放尿、藥物、中出、單體作品、DMM獨家,波多野結衣,https://www.javbus.com/SMA-786,
MSTE-001 淫欲キャリアウーマン 波多野結衣,MSTE-001 淫欲キャリアウーマン 波多野結衣,MSTE-001,,2015-07-12,100分鐘,林川ケイテル,ミステリア/妄想族,ミステリア（ミステリア）,,蕩婦、OL、戲劇、巨乳、單體作品、DMM獨家,波多野結衣,https://www.javbus.com/MSTE-001,
KAM-057 KARMAプレミアム特別企画 突撃！素人お宅訪問！ 超人気！ 波多野結衣お貸しします。 最後はた～っぷり大量精子中出しSP,KAM-057 KARMAプレミアム特別企画 突撃！素人お宅訪問！ 超人気！ 波多野結衣お貸しします。 最後はた～っぷり大量精子中出しSP,KAM-057,,2015-07-11,180分鐘,,カルマ,ドキュメント,突撃！素人お宅訪問！○○お貸しします。,企畫、纪录片、乳房、中出、高畫質、單體作品、DMM獨家,波多野結衣,https://www.javbus.com/KAM-057,
PGD-796 美人OL恥辱土下座 波多野結衣,PGD-796 美人OL恥辱土下座 波多野結衣,PGD-796,,2015-07-04,120分鐘,,プレミアム,GLAMOROUS,,OL、數位馬賽克、深喉、凌辱、高畫質、單體作品、DMM獨家,波多野結衣,https://www.javbus.com/PGD-796,
IENE-570 波多野結衣 極悪ショタ中出し輪姦 美人巨乳女医編,IENE-570 波多野結衣 極悪ショタ中出し輪姦 美人巨乳女医編,IENE-570,,2015-06-18,130分鐘,ビバ☆ゴンゾ,アイエナジー,暴夢,極悪ショタ中出し輪姦,女醫生、輪姦、中出、高畫質、正太控、巨乳、單體作品,波多野結衣,https://www.javbus.com/IENE-570,
MXGS-781 屈辱の全裸居酒屋店長 波多野結衣,MXGS-781 屈辱の全裸居酒屋店長 波多野結衣,MXGS-781,,2015-06-16,113分鐘,デラ3,マキシング,MAXING,屈辱の全裸○○,各種職業、性奴、凌辱、戲劇、單體作品,波多野結衣,https://www.javbus.com/MXGS-781,
VAGU-126 近親相姦中出しソープ 初めての熟女風俗、指名したら母ちゃんだった 波多野結衣,VAGU-126 近親相姦中出しソープ 初めての熟女風俗、指名したら母ちゃんだった 波多野結衣,VAGU-126,,2015-06-14,95分鐘,カニエ,VENUS,ULTIMA,近親相姦中出しソープ,成熟的女人、母親、亂倫、已婚婦女、中出、高畫質、單體作品、DMM獨家,波多野結衣,https://www.javbus.com/VAGU-126,
TORG-021 恥辱の愛 ～肉体奉公する裸婦画の女～ 波多野結衣,TORG-021 恥辱の愛 ～肉体奉公する裸婦画の女～ 波多野結衣,TORG-021,,2015-06-12,118分鐘,貞邪我,オルガ,ORGA,恥辱の愛,已婚婦女、羞恥、高畫質、戲劇、巨乳、單體作品,波多野結衣,https://www.javbus.com/TORG-021,
CESD-122 パンストを穿いた特命秘書 2 海千山千に鍛えられた本物の色香美脚ミニスカパンスト秘書 極上誘惑チ●ポ狩り痴女セックス！ 波多野結衣,CESD-122 パンストを穿いた特命秘書 2 海千山千に鍛えられた本物の色香美脚ミニスカパンスト秘書 極上誘惑チ●ポ狩り痴女セックス！ 波多野結衣,CESD-122,,2015-06-08,173分鐘,乃木坂龍太郎,セレブの友,セレブの友,特命秘書,蕩婦、成熟的女人、連褲襪、秘書、女上位、單體作品、DMM獨家,波多野結衣,https://www.javbus.com/CESD-122,
QEDW-002 AV界のチー●ンの愛称で海外でも超人気な「波多野結衣」がボインの谷間と淫語で挑発してきたら誰だってチ●ポ勃起しちゃいます！3時間40分スペシャル,QEDW-002 AV界のチー●ンの愛称で海外でも超人気な「波多野結衣」がボインの谷間と淫語で挑発してきたら誰だってチ●ポ勃起しちゃいます！3時間40分スペシャル,QEDW-002,,2015-06-05,223分鐘,,ジャネス,クイーンダム,,护士、SM、姐姐、高畫質、顏面騎乘、單體作品、打手槍,波多野結衣,https://www.javbus.com/QEDW-002,
PGD-786 中出しお義姉さんの誘惑 波多野結衣,PGD-786 中出しお義姉さんの誘惑 波多野結衣,PGD-786,,2015-06-04,120分鐘,,プレミアム,GLAMOROUS,中出しお義姉さんの誘惑,亂倫、偷窥、數位馬賽克、中出、高畫質、出軌、單體作品、DMM獨家,波多野結衣,https://www.javbus.com/PGD-786,
SERO-280 痴漢された次の日も同じ車両に乗ってくるタイトミニOL 波多野結衣,SERO-280 痴漢された次の日も同じ車両に乗ってくるタイトミニOL 波多野結衣,SERO-280,,2015-05-22,120分鐘,,EROTICA,EROTICA,痴漢された次の日も同じ車両に乗ってくる●●,OL、性騷擾、凌辱、DVD多士爐、高畫質、單體作品,波多野結衣,https://www.javbus.com/SERO-280,
GOMK-04 ヒロイン屈服 セクシー仮面編 波多野結衣,GOMK-04 ヒロイン屈服 セクシー仮面編 波多野結衣,GOMK-04,,2015-05-19,95分鐘,式正義,GIGA,GIGA,ヒロイン屈服,學校作品、格鬥家、特效、單體作品,波多野結衣,https://www.javbus.com/GOMK-04,
GOMK-03 ふたなりヒロイン セーラーフレア 波多野結衣,GOMK-03 ふたなりヒロイン セーラーフレア 波多野結衣,GOMK-03,,2015-05-18,95分鐘,みのーる。,GIGA,GIGA,ふたなりヒロイン,性奴、雙性人、特效、單體作品,波多野結衣,https://www.javbus.com/GOMK-03,
VEC-153 大失禁。～上品ぶってる淫乱奥様のみっともないビショ濡れ交尾～ 波多野結衣,VEC-153 大失禁。～上品ぶってる淫乱奥様のみっともないビショ濡れ交尾～ 波多野結衣,VEC-153,,2015-05-17,81分鐘,カニエ,VENUS,女神（ヴィーナス）,大失禁。,成熟的女人、放尿、已婚婦女、中出、高畫質、單體作品、DMM獨家,波多野結衣,https://www.javbus.com/VEC-153,
CESD-116 波多野結衣 発情4SEX 完全撮り下ろし！！本気で感じる欲望セックス！！ここまでヌける波多野結衣は未だかつて見たことがないッ！,CESD-116 波多野結衣 発情4SEX 完全撮り下ろし！！本気で感じる欲望セックス！！ここまでヌける波多野結衣は未だかつて見たことがないッ！,CESD-116,,2015-05-11,188分鐘,,セレブの友,セレブの友,,蕩婦、成熟的女人、淫語、女上位、單體作品、DMM獨家、內衣,波多野結衣,https://www.javbus.com/CESD-116,
SVDVD-470 異物混入の謝罪に来た女部長が土下座！ブラチラやパンチラに欲情してガチガチに勃起したデカチ○ポを目の前に出したら「私のこと好きにしていいですから、許してください」と言ってきた！ 波多野結衣,SVDVD-470 異物混入の謝罪に来た女部長が土下座！ブラチラやパンチラに欲情してガチガチに勃起したデカチ○ポを目の前に出したら「私のこと好きにしていいですから、許してください」と言ってきた！ 波多野結衣,SVDVD-470,,2015-05-09,119分鐘,ラッシャーみよし,サディスティックヴィレッジ,サディスティックヴィレッジ,,企畫、女教師、女醫生、高畫質、單體作品,波多野結衣,https://www.javbus.com/SVDVD-470,
GVG-134 お色気P●A会長と悪ガキ生徒会 波多野結衣,GVG-134 お色気P●A会長と悪ガキ生徒会 波多野結衣,GVG-134,,2015-05-07,124分鐘,ひょん,グローリークエスト,GLORYQUEST,お色気P○A会長と悪ガキ生徒会,輪姦、乳房、DVD多士爐、高畫質、戲劇、正太控、單體作品,波多野結衣,https://www.javbus.com/GVG-134,
JUX-595 私を抱いて下さい。～愛する夫へ捧げる歪んだ情欲～ 波多野結衣,JUX-595 私を抱いて下さい。～愛する夫へ捧げる歪んだ情欲～ 波多野結衣,JUX-595,,2015-05-03,120分鐘,ペヤングマキ,マドンナ,Madonna,,蕩婦、成熟的女人、已婚婦女、數位馬賽克、通姦、高畫質、巨乳、單體作品、DMM獨家,波多野結衣,https://www.javbus.com/JUX-595,
PGD-779 台本なきセックス 波多野結衣,PGD-779 台本なきセックス 波多野結衣,PGD-779,,2015-05-03,170分鐘,,プレミアム,GLAMOROUS,,第一人稱攝影、數位馬賽克、高畫質、單體作品、DMM獨家,波多野結衣,https://www.javbus.com/PGD-779,
HODV-21067 オメガミックス！エロ女神様の超絶テクニックで素人応募男性のチ○コとアナルが大変なことに！ 波多野結衣,HODV-21067 オメガミックス！エロ女神様の超絶テクニックで素人応募男性のチ○コとアナルが大変なことに！ 波多野結衣,HODV-21067,,2015-05-01,146分鐘,真咲南朋,h.m.p,h.m.p,,蕩婦、美少女、高畫質、單體作品,波多野結衣,https://www.javbus.com/HODV-21067,
TGGP-45 ワンダーレディー ～マン汁・母乳スプラッシュ～ 波多野結衣,TGGP-45 ワンダーレディー ～マン汁・母乳スプラッシュ～ 波多野結衣,TGGP-45,,2015-04-27,87分鐘,羹灼,GIGA,GIGA,ワンダーレディー,潮吹、拘束、凌辱、母乳、特效、單體作品,波多野結衣,https://www.javbus.com/TGGP-45,
SESA-006 全シーン「波多野結衣」の誘惑エステ！チ○ポを知りつくした極上エステティシャンが凄テクVIPサービスで抜きまくる鉄板10シーン240分,SESA-006 全シーン「波多野結衣」の誘惑エステ！チ○ポを知りつくした極上エステティシャンが凄テクVIPサービスで抜きまくる鉄板10シーン240分,SESA-006,,2015-04-26,242分鐘,,設定思考/妄想族,設定思考/妄想族,,蕩婦、美容院、高畫質、單體作品、DMM獨家,波多野結衣,https://www.javbus.com/SESA-006,
WANZ-338 私の子宮を射精でオとして 波多野結衣,WANZ-338 私の子宮を射精でオとして 波多野結衣,WANZ-338,,2015-04-25,120分鐘,,ワンズファクトリー,WANZ,私の子宮を射精でオとして,淫語、姐姐、中出、高畫質、巨乳、單體作品、DMM獨家,波多野結衣,https://www.javbus.com/WANZ-338,
LZBS-006 波多野結衣 レズれ！プレミアムBEST 8時間,LZBS-006 波多野結衣 レズれ！プレミアムBEST 8時間,LZBS-006,,2015-04-17,480分鐘,,レズれ！,レズれ！ベスト,レズれ！,女同性戀、合集、69、舔陰、4小時以上作品、單體作品、DMM獨家,波多野結衣,https://www.javbus.com/LZBS-006,
SESA-005 働くお姉さんの蒸れたパンストにそそられた僕はカチカチに勃起、気が付いた彼女は僕のチ○ポをパンスト美脚で誘ってきた！ 波多野結衣,SESA-005 働くお姉さんの蒸れたパンストにそそられた僕はカチカチに勃起、気が付いた彼女は僕のチ○ポをパンスト美脚で誘ってきた！ 波多野結衣,SESA-005,,2015-04-17,100分鐘,,設定思考/妄想族,設定思考/妄想族,,蕩婦、連褲襪、單體作品、DMM獨家,波多野結衣,https://www.javbus.com/SESA-005,
PPPD-366 OPPAIファン感謝祭 波多野結衣と素人男性の風俗プレイ抽選オフ会,PPPD-366 OPPAIファン感謝祭 波多野結衣と素人男性の風俗プレイ抽選オフ会,PPPD-366,,2015-04-16,180分鐘,,OPPAI,OPPAI,OPPAIファン感謝祭,乳交、妓女、戀乳癖、高畫質、緊縛、巨乳、單體作品、DMM獨家,波多野結衣,https://www.javbus.com/PPPD-366,
FETJ-305 働くお姉さんの蒸れたパンスト美脚、ナイロンの質感にそそられた僕はフル勃起！彼女はパンストから透けて見えるパンチラで誘惑しチ○ポをパンストずらして挿入させてくれました 波多野結衣,FETJ-305 働くお姉さんの蒸れたパンスト美脚、ナイロンの質感にそそられた僕はフル勃起！彼女はパンストから透けて見えるパンチラで誘惑しチ○ポをパンストずらして挿入させてくれました 波多野結衣,FETJ-305,,2015-04-13,116分鐘,,マニアゼロ,フェチ倶楽部,,蕩婦、其他戀物癖、連褲襪、姐姐、制服,波多野結衣,https://www.javbus.com/FETJ-305,
CETD-248 女捜査官拷問調教 8 監禁拘束徹底蹂躙される美人エージェントの肉体 波多野結衣,CETD-248 女捜査官拷問調教 8 監禁拘束徹底蹂躙される美人エージェントの肉体 波多野結衣,CETD-248,,2015-04-12,151分鐘,桜吹雪,セレブの友,セレブの友,女捜査官拷問調教,成熟的女人、SM、性奴、女檢察官、拘束、單體作品、DMM獨家,波多野結衣,https://www.javbus.com/CETD-248,
VENU-494 父が出かけて2秒でセックスする母と息子 波多野結衣,VENU-494 父が出かけて2秒でセックスする母と息子 波多野結衣,VENU-494,,2015-04-12,90分鐘,ペータ☆,VENUS,INCEST（ヴィーナス）,父が出かけて2秒でセックスする母と息子,成熟的女人、亂倫、已婚婦女、中出、戲劇、單體作品、DMM獨家,波多野結衣,https://www.javbus.com/VENU-494,
CRMN-033 極上美白ボディー＆凄腕痴女テクニック 波多野結衣,CRMN-033 極上美白ボディー＆凄腕痴女テクニック 波多野結衣,CRMN-033,,2015-04-12,240分鐘,,痴ロモン/妄想族,痴ロモン/妄想族,,蕩婦、其他戀物癖、單體作品、DMM獨家,波多野結衣,https://www.javbus.com/CRMN-033,
MILD-971 中出しの出来る風俗案内嬢 波多野結衣,MILD-971 中出しの出来る風俗案内嬢 波多野結衣,MILD-971,,2015-04-10,150分鐘,きとるね川口,ケイ・エム・プロデュース,million（ミリオン）,中出しの出来る風俗案内嬢,妓女、乳房、中出、高畫質、單體作品,波多野結衣,https://www.javbus.com/MILD-971,
IENE-542 ランジェリーゼ 波多野結衣,IENE-542 ランジェリーゼ 波多野結衣,IENE-542,,2015-04-09,147分鐘,菊淋,アイエナジー,IENERGY！,,企畫、其他戀物癖、高畫質、單體作品、內衣,波多野結衣,https://www.javbus.com/IENE-542,
GDTM-031 波多野結衣に怒られたい コスって淫語で罵って イカせちまうぞコラァ！,GDTM-031 波多野結衣に怒られたい コスって淫語で罵って イカせちまうぞコラァ！,GDTM-031,,2015-04-05,200分鐘,ハメシ・ロドリゲスK,ゴールデンタイム,ゴールデンタイム,○○に怒られたい,角色扮演、企畫、和服・喪服、淫語、DMM獨家,波多野結衣,https://www.javbus.com/GDTM-031,
PGD-770 放尿、潮吹き、大失禁。 波多野結衣,PGD-770 放尿、潮吹き、大失禁。 波多野結衣,PGD-770,,2015-04-04,120分鐘,,プレミアム,GLAMOROUS,放尿、潮吹き、大失禁。,放尿、潮吹、數位馬賽克、高畫質、單體作品、DMM獨家,波多野結衣,https://www.javbus.com/PGD-770,
ANX-054 催眠研究所-ジャーナリスト洗脳支配- 波多野結衣,ANX-054 催眠研究所-ジャーナリスト洗脳支配- 波多野結衣,ANX-054,,2015-03-29,85分鐘,,催眠研究所別館,催眠隷女（催眠研究所別館）,催眠研究所,各種職業、性奴、羞恥、催眠、高畫質、單體作品、DMM獨家、學校泳裝,波多野結衣,https://www.javbus.com/ANX-054,
JUFD-457 パイパン全裸奴隷 夫の部下に剃毛調教された巨乳妻 波多野結衣,JUFD-457 パイパン全裸奴隷 夫の部下に剃毛調教された巨乳妻 波多野結衣,JUFD-457,,2015-03-28,170分鐘,Eight,Fitch,Fitch,全裸奴隷,無毛、已婚婦女、數位馬賽克、性奴、羞恥、高畫質、出軌、單體作品、DMM獨家,波多野結衣,https://www.javbus.com/JUFD-457,
TRE-55 ヒロイン凌辱 Vol.55 悪の子孫繁栄地獄,TRE-55 ヒロイン凌辱 Vol.55 悪の子孫繁栄地獄,TRE-55,,2015-03-24,111分鐘,羹灼,GIGA,GIGA,ヒロイン陵辱,其他戀物癖、凌辱、格鬥家、特效、單體作品,波多野結衣,https://www.javbus.com/TRE-55,
CAGF-013 凄テク痴女のスーパー手コキ術 波多野結衣 4時間,CAGF-013 凄テク痴女のスーパー手コキ術 波多野結衣 4時間,CAGF-013,,2015-03-22,240分鐘,,CHANGE,CHANGE,,蕩婦、4小時以上作品、單體作品、DMM獨家、打手槍,波多野結衣,https://www.javbus.com/CAGF-013,
T28-389 性欲解放 絡み合う濃厚接吻と求め合う情熱性交 波多野結衣,T28-389 性欲解放 絡み合う濃厚接吻と求め合う情熱性交 波多野結衣,T28-389,,2015-03-20,157分鐘,,TMA,TMA,性欲解放（TMA）,拘束、中出、高畫質、單體作品、打手槍,波多野結衣,https://www.javbus.com/T28-389,
EMBQ-010 スケベ過ぎる人妻は夫の目を盗んで僕のチ○ポを誘惑する。「オマ○コにぶち込みたい？」エロ乳大人ボディで迫られたらもうハチキレそうですわ！…,EMBQ-010 スケベ過ぎる人妻は夫の目を盗んで僕のチ○ポを誘惑する。「オマ○コにぶち込みたい？」エロ乳大人ボディで迫られたらもうハチキレそうですわ！…,EMBQ-010,,2015-03-19,240分鐘,,DX/エマニエル,DX（エマニエル）,,蕩婦、已婚婦女、單體作品、DMM獨家,波多野結衣,https://www.javbus.com/EMBQ-010,
MXGS-745 波多野結衣×ボンテージQUEEN,MXGS-745 波多野結衣×ボンテージQUEEN,MXGS-745,,2015-03-16,117分鐘,青髭大悟,マキシング,MAXING,○○×ボンテージQUEEN,SM、性奴、緊縛、單體作品,波多野結衣,https://www.javbus.com/MXGS-745,
DJDK-024 エロカッコイイ！極上ダンサーが悩ましげなカメラ目線で誘うように挑発！マンスジ限界で腰を振り乱し、尻を突き出し究極のチラリズムで踊り狂う乱痴気DANCE！ 2,DJDK-024 エロカッコイイ！極上ダンサーが悩ましげなカメラ目線で誘うように挑発！マンスジ限界で腰を振り乱し、尻を突き出し究極のチラリズムで踊り狂う乱痴気DANCE！ 2,DJDK-024,,2015-03-14,106分鐘,秀吉,ジャネス,DANCE,エロカッコイイ！極上ダンサーが悩ましげなカメラ目線で誘うように挑発！マンスジ限界で腰を振り乱し、尻を,身體意識、屁股、跳舞、高畫質、單體作品、局部特寫、內衣,波多野結衣,https://www.javbus.com/DJDK-024,
CESD-099 おとんとおかん 下町に咲く一輪の花純情家族夕焼け哀愁激本気セックス 波多野結衣,CESD-099 おとんとおかん 下町に咲く一輪の花純情家族夕焼け哀愁激本気セックス 波多野結衣,CESD-099,,2015-03-09,154分鐘,黒龍武,セレブの友,セレブの友,,蕩婦、成熟的女人、已婚婦女、戲劇、單體作品、DMM獨家、自慰,波多野結衣,https://www.javbus.com/CESD-099,
VEMA-096 友人の妻はドスケベ家庭教師 波多野結衣,VEMA-096 友人の妻はドスケベ家庭教師 波多野結衣,VEMA-096,,2015-03-06,97分鐘,玉塚びんご,VENUS,女神（ヴィーナス）,友人の妻はドスケベ家庭教師,成熟的女人、家教、已婚婦女、中出、高畫質、單體作品、DMM獨家,波多野結衣,https://www.javbus.com/VEMA-096,
BF-371 ボンデージガール 超絶痙攣SEX 波多野結衣,BF-371 ボンデージガール 超絶痙攣SEX 波多野結衣,BF-371,,2015-03-05,120分鐘,ばってん九州男,BeFree,BeFree,ボンデージガール,纪录片、高畫質、緊縛、單體作品、DMM獨家,波多野結衣,https://www.javbus.com/BF-371,
DVDES-824 美マゾからの新提案！見た目からは想像できない普段はおしとやかな清楚妻と奇跡の共同制作！！いつ夫にバレるのか？生涯ドキドキしたい…四六時中のスリルを求めて…『私の変態映像を旦那に内緒で販売してください』,DVDES-824 美マゾからの新提案！見た目からは想像できない普段はおしとやかな清楚妻と奇跡の共同制作！！いつ夫にバレるのか？生涯ドキドキしたい…四六時中のスリルを求めて…『私の変態映像を旦那に内緒で販売してください』,DVDES-824,,2015-03-05,184分鐘,フジタ・サンドロヴィッチ,ディープス,DEEP’S,美マゾからの新提案！,企畫、野外・露出、濫交、已婚婦女、高畫質,波多野結衣,https://www.javbus.com/DVDES-824,
IENE-532 ものすごい失禁 vol.12 波多野結衣,IENE-532 ものすごい失禁 vol.12 波多野結衣,IENE-532,,2015-03-05,112分鐘,菊淋,アイエナジー,IENERGY！,ものすごい失禁,放尿、潮吹、羞恥、高畫質、單體作品,波多野結衣,https://www.javbus.com/IENE-532,
PGD-765 美脚誘惑 ショートパンツお姉さん 波多野結衣,PGD-765 美脚誘惑 ショートパンツお姉さん 波多野結衣,PGD-765,,2015-03-05,120分鐘,,プレミアム,GLAMOROUS,,蕩婦、姐姐、戀腿癖、數位馬賽克、高畫質、單體作品、DMM獨家,波多野結衣,https://www.javbus.com/PGD-765,
BMW-087 波多野結衣8時間（BMW-087）,BMW-087 波多野結衣8時間（BMW-087）,BMW-087,,2015-02-28,480分鐘,,ワンズファクトリー,WANZ,○○8時間（ワンズファクトリー）,合集、淫語、姐姐、中出、巨乳、單體作品、DMM獨家、打手槍,波多野結衣,https://www.javbus.com/BMW-087,
HNB-090 義父と嫁 癖になる老獪な肉棒 波多野結衣,HNB-090 義父と嫁 癖になる老獪な肉棒 波多野結衣,HNB-090,,2015-02-25,119分鐘,奇譚,STARPARADISE,華靡,,其他戀物癖、亂倫、中出、DVD多士爐、高畫質、單體作品,波多野結衣,https://www.javbus.com/HNB-090,
DXMG-027 女の惨すぎる瞬間 麻薬捜査官拷問 女捜査官 FILE 27 波多野結衣の場合,DXMG-027 女の惨すぎる瞬間 麻薬捜査官拷問 女捜査官 FILE 27 波多野結衣の場合,DXMG-027,,2015-02-22,138分鐘,ばば★ザ★ばびぃ,BabyEntertainment,BLACKBABY,麻薬捜査官拷問,性奴、女檢察官、凌辱、薄馬賽克、女優按摩棒、單體作品、DMM獨家,波多野結衣,https://www.javbus.com/DXMG-027,
CETD-240 ワキ毛で誘惑する痴女社長 色艶匂い最高のワキ毛挑発痴女ハメ快感擦りつけセックス無差別チ○ポ狩りの結末 波多野結衣,CETD-240 ワキ毛で誘惑する痴女社長 色艶匂い最高のワキ毛挑発痴女ハメ快感擦りつけセックス無差別チ○ポ狩りの結末 波多野結衣,CETD-240,,2015-02-22,135分鐘,黒龍武,セレブの友,セレブの友,,蕩婦、成熟的女人、女上位、單體作品、DMM獨家、自慰,波多野結衣,https://www.javbus.com/CETD-240,
IENE-524 露出中出しいいなり温泉旅行 波多野結衣,IENE-524 露出中出しいいなり温泉旅行 波多野結衣,IENE-524,,2015-02-19,125分鐘,バンビーノ☆プリン,アイエナジー,IENERGY！,いいなり温泉旅行,和服・喪服、野外・露出、中出、高畫質、單體作品,波多野結衣,https://www.javbus.com/IENE-524,
JMSZ-04 セクシー仮面 股間破壊パンチ 波多野結衣,JMSZ-04 セクシー仮面 股間破壊パンチ 波多野結衣,JMSZ-04,,2015-02-17,91分鐘,みのーる。,GIGA,GIGA,セクシー仮面,殘忍畫面、格鬥家、特效、單體作品,波多野結衣,https://www.javbus.com/JMSZ-04,
TPPN-043 波多野結衣再び さらに濃密濃厚、燃え尽きた情熱性交。,TPPN-043 波多野結衣再び さらに濃密濃厚、燃え尽きた情熱性交。,TPPN-043,,2015-02-16,121分鐘,,TEPPAN,TEPPAN,さらに濃密濃厚、燃え尽きた情熱性交。,苗條、潮吹、多P、數位馬賽克、女上位、DVD多士爐、高畫質、單體作品、DMM獨家,波多野結衣,https://www.javbus.com/TPPN-043,
MXGS-736 イキまくる絶頂女神。 波多野結衣,MXGS-736 イキまくる絶頂女神。 波多野結衣,MXGS-736,,2015-02-16,120分鐘,青髭大悟,マキシング,MAXING,イキまくる絶頂女神。,多P、女上位、女優按摩棒、單體作品,波多野結衣,https://www.javbus.com/MXGS-736,
MIAD-756 気持ちよ～く鍛えるヘボち○ぽ改善テクニック 波多野結衣,MIAD-756 気持ちよ～く鍛えるヘボち○ぽ改善テクニック 波多野結衣,MIAD-756,,2015-02-07,180分鐘,ZAMPA,ムーディーズ,MOODYZACID,,乳交、數位馬賽克、高畫質、巨乳、單體作品、DMM獨家、打手槍,波多野結衣,https://www.javbus.com/MIAD-756,
PGD-755 誘惑ランジェリー痴女OL 波多野結衣,PGD-755 誘惑ランジェリー痴女OL 波多野結衣,PGD-755,,2015-01-31,120分鐘,,プレミアム,GLAMOROUS,,蕩婦、OL、數位馬賽克、DVD多士爐、高畫質、單體作品、DMM獨家、內衣,波多野結衣,https://www.javbus.com/PGD-755,
DJSK-059 唾液まみれ、糸引くベロチューで誘惑してくる淫語お姉さんに強制的にチ○ポを勃起させられ寸止めで精子を搾り取られた僕 3 波多野結衣,DJSK-059 唾液まみれ、糸引くベロチューで誘惑してくる淫語お姉さんに強制的にチ○ポを勃起させられ寸止めで精子を搾り取られた僕 3 波多野結衣,DJSK-059,,2015-01-30,116分鐘,秀吉,ジャネス,MANIA痴女,唾液まみれ、糸引くベロチューで誘惑してくる淫語お姉さんに強制的にチ○ポを勃起させられ寸止めで精子を搾,蕩婦、女教師、淫語、姐姐、舔陰、高畫質、單體作品,波多野結衣,https://www.javbus.com/DJSK-059,
MAZJ-016 巷で噂の大人ボディなエステティシャンが過激な裏メニューでおもてなし ！？ いきなり僕のチ○ポをイヤらしい目で誘い濃厚ベロチュウ手コキで超勃起させ上に乗ってきた！,MAZJ-016 巷で噂の大人ボディなエステティシャンが過激な裏メニューでおもてなし ！？ いきなり僕のチ○ポをイヤらしい目で誘い濃厚ベロチュウ手コキで超勃起させ上に乗ってきた！,MAZJ-016,,2015-01-27,142分鐘,チャー,マニアゼロ,M性感倶楽部（マニアゼロ）,,各種職業、制服、美容院、高畫質、單體作品、打手槍,波多野結衣,https://www.javbus.com/MAZJ-016,
MIAD-751 むっちり巨乳家庭教師の密着誘惑 波多野結衣,MIAD-751 むっちり巨乳家庭教師の密着誘惑 波多野結衣,MIAD-751,,2015-01-25,120分鐘,きとるね川口,ムーディーズ,MOODYZACID,むっちり巨乳家庭教師の密着誘惑,家教、乳交、數位馬賽克、高畫質、巨乳、單體作品、DMM獨家,波多野結衣,https://www.javbus.com/MIAD-751,
DVDES-808 おっぱいママを狙うマセガキ同級生 4 ～僕のママが寝取られて妊娠懇願…！！～ 波多野結衣,DVDES-808 おっぱいママを狙うマセガキ同級生 4 ～僕のママが寝取られて妊娠懇願…！！～ 波多野結衣,DVDES-808,,2015-01-22,142分鐘,ビバ☆ゴンゾ,ディープス,DEEP’S,おっぱいママを狙うマセガキ同級生,企畫、花癡、性奴、中出、高畫質、出軌、單體作品,波多野結衣,https://www.javbus.com/DVDES-808,
BEB-113 時間無制限！発射無制限！M男専用超高級中出し淫語ソープ 波多野結衣,BEB-113 時間無制限！発射無制限！M男専用超高級中出し淫語ソープ 波多野結衣,BEB-113,,2015-01-22,150分鐘,ザック荒井,美,美ッ痴,M男専用超高級淫語ソープ,妓女、淫語、乳液、中出、高畫質、單體作品、DMM獨家,波多野結衣,https://www.javbus.com/BEB-113,
MXGS-726 世界のHATANOを一日無理矢理エロ接待 波多野結衣,MXGS-726 世界のHATANOを一日無理矢理エロ接待 波多野結衣,MXGS-726,,2015-01-16,122分鐘,タイガー小堺,マキシング,MAXING,,汽車性愛、多P、中出、單體作品,波多野結衣,https://www.javbus.com/MXGS-726,
CETD-236 妄想がエスカレートする若妻 4 極上の性感占いで悩める男達を絶頂に導く快感腰振り騎乗位痴女セックス 波多野結衣,CETD-236 妄想がエスカレートする若妻 4 極上の性感占いで悩める男達を絶頂に導く快感腰振り騎乗位痴女セックス 波多野結衣,CETD-236,,2015-01-11,160分鐘,柊炎舞,セレブの友,セレブの友,妄想がエスカレートする若妻,蕩婦、成熟的女人、已婚婦女、妄想、女上位、單體作品、DMM獨家,波多野結衣,https://www.javbus.com/CETD-236,
MIMK-028 淫靡テンプテーション 波多野結衣,MIMK-028 淫靡テンプテーション 波多野結衣,MIMK-028,,2015-01-10,190分鐘,三島六三郎,ムーディーズ,まんきつ,,OL、亂倫、數位馬賽克、高畫質、出軌、巨乳、單體作品、DMM獨家,波多野結衣,https://www.javbus.com/MIMK-028,
IESP-601 麻薬捜査官 ヤク漬け膣痙攣 波多野結衣,IESP-601 麻薬捜査官 ヤク漬け膣痙攣 波多野結衣,IESP-601,,2015-01-08,130分鐘,バンビーノ☆プリン,アイエナジー,IESP,麻薬捜査官,監禁、女檢察官、凌辱、高畫質、單體作品,波多野結衣,https://www.javbus.com/IESP-601,
PGD-747 ベロチューセックス 波多野結衣,PGD-747 ベロチューセックス 波多野結衣,PGD-747,,2014-12-27,120分鐘,,プレミアム,GLAMOROUS,ベロチューセックス,蕩婦、姐姐、數位馬賽克、女上位、高畫質、單體作品、DMM獨家,波多野結衣,https://www.javbus.com/PGD-747,
ODFR-038 不倫溺愛録 Venus.021 波多野結衣,ODFR-038 不倫溺愛録 Venus.021 波多野結衣,ODFR-038,,2014-12-26,110分鐘,アルプス大和,ワンダフル（ONEDAFULL）,ONEDAFULL,不倫溺愛録,玩具、口交、通姦、中出、高畫質、單體作品、自慰,波多野結衣,https://www.javbus.com/ODFR-038,
DJSB-069 波多野結衣がグショ濡れマ○コで逆痴漢！僕らのチ○ポを凄テクで食いまくる肉食系痴女に堪えきれずにドピュと発射しちゃいました 4時間,DJSB-069 波多野結衣がグショ濡れマ○コで逆痴漢！僕らのチ○ポを凄テクで食いまくる肉食系痴女に堪えきれずにドピュと発射しちゃいました 4時間,DJSB-069,,2014-12-25,219分鐘,秀吉,ジャネス,MANIA痴女,,蕩婦、展場女孩、妓女、姐姐、4小時以上作品、美容院、高畫質、單體作品,波多野結衣,https://www.javbus.com/DJSB-069,
DMBI-029 超絶テクニック！ゴッドハンドで男の潮吹き Vol.4 波多野結衣,DMBI-029 超絶テクニック！ゴッドハンドで男の潮吹き Vol.4 波多野結衣,DMBI-029,,2014-12-25,141分鐘,,ジャネス,MAZOBOYSCLUB,超絶テクニック！ゴッドハンドで男の潮吹き,SM、姐姐、緊縛、單體作品、肛交、打手槍,波多野結衣,https://www.javbus.com/DMBI-029,
QEDR-003 巷で噂のM男専用風俗ビルに潜入。スケベ言葉でカチカチに勃起した僕のチ○ポを寸止め焦らしでイカせてくれるお姉様。本当にヤラせてくれる店はどこだ！！ 3 波多野結衣,QEDR-003 巷で噂のM男専用風俗ビルに潜入。スケベ言葉でカチカチに勃起した僕のチ○ポを寸止め焦らしでイカせてくれるお姉様。本当にヤラせてくれる店はどこだ！！ 3 波多野結衣,QEDR-003,,2014-12-25,111分鐘,AKIRA,ジャネス,クイーンダム,巷で噂のM男専用風俗ビルに潜入。,SM、妓女、姐姐、高畫質、顏面騎乘、單體作品、打手槍,波多野結衣,https://www.javbus.com/QEDR-003,
DYND-001 私に見つめられながら臭ーいチ○ポ汁出したいんでしょ！僕に淫語をあびせながらフル勃起チ○ポをスッキリさせてくれる凄テク痴女スペシャル4時間 波多野結衣,DYND-001 私に見つめられながら臭ーいチ○ポ汁出したいんでしょ！僕に淫語をあびせながらフル勃起チ○ポをスッキリさせてくれる凄テク痴女スペシャル4時間 波多野結衣,DYND-001,,2014-12-21,211分鐘,,スタイルアート/妄想族,スタイルアートDYNAMITE/妄想族,,蕩婦、淫語、單體作品、DMM獨家,波多野結衣,https://www.javbus.com/DYND-001,
WANZ-279 騎乗位お姉さんの暴発確定中出しSEX 波多野結衣,WANZ-279 騎乗位お姉さんの暴発確定中出しSEX 波多野結衣,WANZ-279,,2014-12-20,160分鐘,,ワンズファクトリー,WANZ,暴発確定中出しSEX,蕩婦、姐姐、中出、女上位、高畫質、巨乳、單體作品、DMM獨家,波多野結衣,https://www.javbus.com/WANZ-279,
MOT-055 国宝熟女ベスト4時間 波多野結衣,MOT-055 国宝熟女ベスト4時間 波多野結衣,MOT-055,,2014-12-14,240分鐘,,マザー,マザー,国宝熟女ベスト,成熟的女人、合集、4小時以上作品、單體作品,波多野結衣,https://www.javbus.com/MOT-055,
VEC-131 嫁をマッサージ師に寝取られた 波多野結衣,VEC-131 嫁をマッサージ師に寝取られた 波多野結衣,VEC-131,,2014-12-12,92分鐘,北野マジメ,VENUS,女神（ヴィーナス）,嫁をマッサージ師に寝取られた,成熟的女人、已婚婦女、高畫質、出軌、單體作品、DMM獨家,波多野結衣,https://www.javbus.com/VEC-131,
DYNC-008 これは絶対誘ってる！？エステ中にミニスカをチラつかせパンチラで誘惑するお姉さんに勃起する僕。突然…彼女に凄テクでチ○ポをシゴかれ大発射！,DYNC-008 これは絶対誘ってる！？エステ中にミニスカをチラつかせパンチラで誘惑するお姉さんに勃起する僕。突然…彼女に凄テクでチ○ポをシゴかれ大発射！,DYNC-008,,2014-12-12,120分鐘,,スタイルアート/妄想族,スタイルアートDYNAMITE/妄想族,,蕩婦、美容院、單體作品、DMM獨家、打手槍,波多野結衣,https://www.javbus.com/DYNC-008,
PPPD-337 絶対に手を出してはいけない相手なのに巨乳だったので魔が差した 波多野結衣,PPPD-337 絶対に手を出してはいけない相手なのに巨乳だったので魔が差した 波多野結衣,PPPD-337,,2014-12-11,120分鐘,,OPPAI,OPPAI,,戀乳癖、中出、高畫質、出軌、巨乳、單體作品、DMM獨家,波多野結衣,https://www.javbus.com/PPPD-337,
EYAN-004 あなたの居ない昼下がり 隣人に寝取られた新婚妻 波多野結衣,EYAN-004 あなたの居ない昼下がり 隣人に寝取られた新婚妻 波多野結衣,EYAN-004,,2014-12-07,120分鐘,紋℃,E-BODY,花ざかりの妻たち,,已婚婦女、花癡、中出、高畫質、出軌、巨乳、單體作品、DMM獨家,波多野結衣,https://www.javbus.com/EYAN-004,
HODV-21028 波多野結衣ベスト4時間,HODV-21028 波多野結衣ベスト4時間,HODV-21028,,2014-12-05,239分鐘,一平,h.m.p,h.m.p,,合集、美少女、單體作品,波多野結衣,https://www.javbus.com/HODV-21028,
HODV-21025 新人・波多野結衣 デビュー,HODV-21025 新人・波多野結衣 デビュー,HODV-21025,,2014-12-05,126分鐘,ヘイキチロウ,h.m.p,h.m.p,新人・○○デビュー,美少女、羞恥、高畫質、單體作品,波多野結衣,https://www.javbus.com/HODV-21025,
SITB-003 「もしも、波多野結衣とこんなエッチなシチュエーションになったら…」というエロ過ぎる展開に僕のチ○ポはフル勃起！夢のような状況の連続で我慢出来ずにドッピュドッピュと大量発射しちゃいました！,SITB-003 「もしも、波多野結衣とこんなエッチなシチュエーションになったら…」というエロ過ぎる展開に僕のチ○ポはフル勃起！夢のような状況の連続で我慢出来ずにドッピュドッピュと大量発射しちゃいました！,SITB-003,,2014-12-05,120分鐘,AKIRA,ジャネス,Situation（ジャネス）,,妓女、姐姐、舔陰、妄想、高畫質、單體作品、打手槍,波多野結衣,https://www.javbus.com/SITB-003,
ADN-043 あなたに愛されたくて。 波多野結衣,ADN-043 あなたに愛されたくて。 波多野結衣,ADN-043,,2014-12-04,110分鐘,なぎら健造,アタッカーズ,大人のドラマ,あなたに愛されたくて。,已婚婦女、凌辱、高畫質、巨乳、單體作品、DMM獨家,波多野結衣,https://www.javbus.com/ADN-043,
PGD-739 濃厚、密着、セックス。 波多野結衣,PGD-739 濃厚、密着、セックス。 波多野結衣,PGD-739,,2014-12-04,150分鐘,,プレミアム,GLAMOROUS,濃厚、密着、セックス。,姐姐、數位馬賽克、乳房、高畫質、單體作品、DMM獨家,波多野結衣,https://www.javbus.com/PGD-739,
ASFB-114 痴女BEST 最高のテクニックで抜かれたい 波多野結衣 4時間,ASFB-114 痴女BEST 最高のテクニックで抜かれたい 波多野結衣 4時間,ASFB-114,,2014-11-30,240分鐘,,FetishBox/妄想族,FetishBox/妄想族,,蕩婦、合集、單體作品、DMM獨家,波多野結衣,https://www.javbus.com/ASFB-114,
WANZ-270 汗だく美女と中出し性交 波多野結衣,WANZ-270 汗だく美女と中出し性交 波多野結衣,WANZ-270,,2014-11-29,150分鐘,南★波王,ワンズファクトリー,WANZ,,其他戀物癖、姐姐、中出、高畫質、巨乳、單體作品、DMM獨家,波多野結衣,https://www.javbus.com/WANZ-270,
CAGJ-008 こんなにキレイなお姉さんに耳元で囁きながらチ○ポをいじくりまわされたら辛抱たまらずフル勃起！凄テクすぎて僕はもう普通のプレイじゃイケません！ 波多野結衣,CAGJ-008 こんなにキレイなお姉さんに耳元で囁きながらチ○ポをいじくりまわされたら辛抱たまらずフル勃起！凄テクすぎて僕はもう普通のプレイじゃイケません！ 波多野結衣,CAGJ-008,,2014-11-23,105分鐘,,CHANGE,CHANGE,,蕩婦、單體作品、DMM獨家,波多野結衣,https://www.javbus.com/CAGJ-008,
GVG-066 ママのリアル性教育 波多野結衣,GVG-066 ママのリアル性教育 波多野結衣,GVG-066,,2014-11-20,125分鐘,ひょん,グローリークエスト,GLORYQUEST,ママのリアル性教育,母親、亂倫、乳房、DVD多士爐、高畫質、戲劇、單體作品,波多野結衣,https://www.javbus.com/GVG-066,
IMPC-005 極上美人の波多野結衣は淫語責めもサイコー！勃起チ○ポをシゴかれて狂うほどにザーメンを発射したいっ！！,IMPC-005 極上美人の波多野結衣は淫語責めもサイコー！勃起チ○ポをシゴかれて狂うほどにザーメンを発射したいっ！！,IMPC-005,,2014-11-20,92分鐘,,マニアゼロ,impactPLATINUM（マニアゼロ）,,蕩婦、淫語、花癡、單體作品,波多野結衣,https://www.javbus.com/IMPC-005,
VEQ-065 S級熟女コンプリートファイル 波多野結衣4時間 其之弐,VEQ-065 S級熟女コンプリートファイル 波多野結衣4時間 其之弐,VEQ-065,,2014-11-09,242分鐘,,VENUS,女神（ヴィーナス）,S級熟女（VENUS）,成熟的女人、4小時以上作品、單體作品、DMM獨家,波多野結衣,https://www.javbus.com/VEQ-065,
NHDTA-602 手錠の鍵は波多野結衣のマ○コの中 下半身丸出しの美人妻に「鍵を取って下さい」と助けを求められたら犯さずにいれますか？,NHDTA-602 手錠の鍵は波多野結衣のマ○コの中 下半身丸出しの美人妻に「鍵を取って下さい」と助けを求められたら犯さずにいれますか？,NHDTA-602,,2014-11-08,120分鐘,クラウド斉藤,ナチュラルハイ,NATURALHIGH,手錠の鍵はマ○コの中,企畫、強姦、已婚婦女、拘束、羞恥、高畫質、單體作品,波多野結衣,https://www.javbus.com/NHDTA-602,
PGD-730 誘惑女教師 ～妖艶タイトスカート編～ 波多野結衣,PGD-730 誘惑女教師 ～妖艶タイトスカート編～ 波多野結衣,PGD-730,,2014-11-01,120分鐘,,プレミアム,GLAMOROUS,誘惑女教師,蕩婦、女教師、數位馬賽克、高畫質、單體作品、DMM獨家,波多野結衣,https://www.javbus.com/PGD-730,
DYNC-006 台湾モデル リン・チ○リン激似で大人気の「波多野結衣」ちゃんがオマ○コで誘惑するので僕のチ○ポはもうハチキレそうです。,DYNC-006 台湾モデル リン・チ○リン激似で大人気の「波多野結衣」ちゃんがオマ○コで誘惑するので僕のチ○ポはもうハチキレそうです。,DYNC-006,,2014-10-26,110分鐘,,スタイルアート/妄想族,スタイルアートDYNAMITE/妄想族,,蕩婦、淫語、單體作品、DMM獨家,波多野結衣,https://www.javbus.com/DYNC-006,
SUPD-122 DIGITAL CHANNEL DC122 波多野結衣,SUPD-122 DIGITAL CHANNEL DC122 波多野結衣,SUPD-122,,2014-10-25,240分鐘,つぶやきジロー,アイデアポケット,シュプリーム,DIGITALCHANNEL,業餘、第一人稱攝影、潮吹、數位馬賽克、拘束、高畫質、單體作品、DMM獨家、顏射,波多野結衣,https://www.javbus.com/SUPD-122,
GWAZ-062 大人ボディが辛抱たまらん人妻を無理矢理レイプ！嫌がってるはずなのにイヤらしい声を出しちゃう奥さんにチ○ポびんびんな俺はドロドロの精子をキレイな顔にぶっかけてやった！波多野結衣 4時間,GWAZ-062 大人ボディが辛抱たまらん人妻を無理矢理レイプ！嫌がってるはずなのにイヤらしい声を出しちゃう奥さんにチ○ポびんびんな俺はドロドロの精子をキレイな顔にぶっかけてやった！波多野結衣 4時間,GWAZ-062,,2014-10-25,245分鐘,,ジャネス,MANIAPlay,,強姦、已婚婦女、多P、拘束、高畫質、單體作品,波多野結衣,https://www.javbus.com/GWAZ-062,
JUSD-588 丸ごと！波多野結衣8時間～ここでしか見れない未公開SEXも収録！！～,JUSD-588 丸ごと！波多野結衣8時間～ここでしか見れない未公開SEXも収録！！～,JUSD-588,,2014-10-18,480分鐘,,マドンナ,Madonna,丸ごと！○○8時間,成熟的女人、合集、已婚婦女、數位馬賽克、戲劇、巨乳、單體作品、DMM獨家,波多野結衣,https://www.javbus.com/JUSD-588,
VENU-450 定年退職してヒマになったドスケベ義父の嫁いぢり 波多野結衣,VENU-450 定年退職してヒマになったドスケベ義父の嫁いぢり 波多野結衣,VENU-450,,2014-10-13,88分鐘,カニエ,VENUS,INCEST（ヴィーナス）,ドスケベ義父の嫁いぢり,成熟的女人、已婚婦女、高畫質、單體作品、DMM獨家,波多野結衣,https://www.javbus.com/VENU-450,
CAGJ-006 淫乱すぎる美女が色々なシチュエーションでチ○ポや変態プレイをおねだりする姿を見て興奮がとまらなくなっちゃた僕 波多野結衣,CAGJ-006 淫乱すぎる美女が色々なシチュエーションでチ○ポや変態プレイをおねだりする姿を見て興奮がとまらなくなっちゃた僕 波多野結衣,CAGJ-006,,2014-10-05,102分鐘,,CHANGE,CHANGE,,蕩婦、花癡、單體作品、DMM獨家,波多野結衣,https://www.javbus.com/CAGJ-006,
BF-339 波多野結衣4時間SPECIAL part.2,BF-339 波多野結衣4時間SPECIAL part.2,BF-339,,2014-10-04,240分鐘,,BeFree,BeFree,○時間SPECIAL,家教、賽車女郎、已婚婦女、纪录片、女主人、女老板、單體作品、DMM獨家,波多野結衣,https://www.javbus.com/BF-339,
JUFD-401 貴方だけを見つめ続ける淫語中出しソープ 波多野結衣,JUFD-401 貴方だけを見つめ続ける淫語中出しソープ 波多野結衣,JUFD-401,,2014-09-27,159分鐘,南★波王,Fitch,Fitch,,蕩婦、妓女、淫語、數位馬賽克、中出、主觀視角、高畫質、單體作品、DMM獨家,波多野結衣,https://www.javbus.com/JUFD-401,
DJSB-063 NEO痴女伝説 波多野結衣 4時間 BEST,DJSB-063 NEO痴女伝説 波多野結衣 4時間 BEST,DJSB-063,,2014-09-25,242分鐘,,ジャネス,MANIA痴女,,蕩婦、合集、舔陰、單體作品,波多野結衣,https://www.javbus.com/DJSB-063,
DYNC-004 「ひょっとして、僕のチ○コ狙ってますか…？」いろんなシチュエーションで誘惑してペニスにむしゃぶりつく発情痴女に鬼射精する男たち！ 波多野結衣,DYNC-004 「ひょっとして、僕のチ○コ狙ってますか…？」いろんなシチュエーションで誘惑してペニスにむしゃぶりつく発情痴女に鬼射精する男たち！ 波多野結衣,DYNC-004,,2014-09-14,116分鐘,,スタイルアート/妄想族,スタイルアートDYNAMITE/妄想族,,蕩婦、口交、單體作品、DMM獨家,波多野結衣,https://www.javbus.com/DYNC-004,
VEC-120 人妻教師痴漢電車 波多野結衣,VEC-120 人妻教師痴漢電車 波多野結衣,VEC-120,,2014-09-14,99分鐘,玉塚びんご,VENUS,女神（ヴィーナス）,人妻教師痴漢電車,成熟的女人、女教師、已婚婦女、性騷擾、高畫質、單體作品、DMM獨家,波多野結衣,https://www.javbus.com/VEC-120,
ARM-377 波多野結衣の接吻サロン《ベロリナーゼ別館》,ARM-377 波多野結衣の接吻サロン《ベロリナーゼ別館》,ARM-377,,2014-09-08,121分鐘,鷲本ひろし,アロマ企画,AROMA,○○の接吻サロン,苗條、其他戀物癖、乳房、DVD多士爐、高畫質、單體作品、DMM獨家、女傭,波多野結衣,https://www.javbus.com/ARM-377,
JUX-410 あなたへ 今晩、ひとみの家に泊まります。 波多野結衣,JUX-410 あなたへ 今晩、ひとみの家に泊まります。 波多野結衣,JUX-410,,2014-09-04,117分鐘,ながしめ,マドンナ,Madonna,あなたへ今晩、○○の家に泊まります。,成熟的女人、已婚婦女、數位馬賽克、通姦、DVD多士爐、高畫質、出軌、巨乳、單體作品、DMM獨家,波多野結衣,https://www.javbus.com/JUX-410,
PGD-716 パンチラ誘惑ナース 波多野結衣,PGD-716 パンチラ誘惑ナース 波多野結衣,PGD-716,,2014-09-04,119分鐘,,プレミアム,GLAMOROUS,,蕩婦、护士、數位馬賽克、DVD多士爐、主觀視角、高畫質、內衣、單體作品、DMM獨家,波多野結衣,https://www.javbus.com/PGD-716,
MIAD-704 メガネ女教師に大量の1撃顔射 波多野結衣,MIAD-704 メガネ女教師に大量の1撃顔射 波多野結衣,MIAD-704,,2014-08-28,167分鐘,テキラティーノ,ムーディーズ,MOODYZACID,,女教師、數位馬賽克、高畫質、顏射、眼鏡、巨乳、單體作品、DMM獨家,波多野結衣,https://www.javbus.com/MIAD-704,
BMW-067 波多野結衣16時間（BMW-067）,BMW-067 波多野結衣16時間（BMW-067）,BMW-067,,2014-08-28,959分鐘,,ワンズファクトリー,WANZ,,蕩婦、合集、姐姐、中出、單體作品、DMM獨家,波多野結衣,https://www.javbus.com/BMW-067,
CAGJ-004 スーパーボディーの淫乱美女に濃厚プレイとドスケベな言葉で猛烈に射精させられる快楽地獄エクスタシー 波多野結衣,CAGJ-004 スーパーボディーの淫乱美女に濃厚プレイとドスケベな言葉で猛烈に射精させられる快楽地獄エクスタシー 波多野結衣,CAGJ-004,,2014-08-22,121分鐘,,CHANGE,CHANGE,,蕩婦、淫語、單體作品、DMM獨家,波多野結衣,https://www.javbus.com/CAGJ-004,
BEB-107 男を犯ス痴女お姉さんの濃厚な接吻と絡み合う肉体 波多野結衣,BEB-107 男を犯ス痴女お姉さんの濃厚な接吻と絡み合う肉体 波多野結衣,BEB-107,,2014-08-21,178分鐘,紋℃,美,美ッ痴,痴女お姉さんの濃厚な接吻と絡み合う肉体,蕩婦、淫語、高畫質、巨乳、單體作品、DMM獨家,波多野結衣,https://www.javbus.com/BEB-107,
ZKRA-018 ス○パー！アダルト大賞、女優賞と夕刊○ジ賞をW受賞で台湾でも超人気AV女優 波多野結衣のベスト4時間,ZKRA-018 ス○パー！アダルト大賞、女優賞と夕刊○ジ賞をW受賞で台湾でも超人気AV女優 波多野結衣のベスト4時間,ZKRA-018,,2014-08-15,242分鐘,,マニアゼロ,ざくろ（マニアゼロ）,,蕩婦、成熟的女人、合集、單體作品,波多野結衣,https://www.javbus.com/ZKRA-018,
PPPD-308 彼女のお姉さんは巨乳と中出しOKで僕を誘惑 波多野結衣,PPPD-308 彼女のお姉さんは巨乳と中出しOKで僕を誘惑 波多野結衣,PPPD-308,,2014-08-14,118分鐘,,OPPAI,OPPAI,,乳交、姐姐、姐妹、中出、DVD多士爐、高畫質、巨乳、單體作品、DMM獨家,波多野結衣,https://www.javbus.com/PPPD-308,
BLK-178 kira★kira BLACK GALスケベな黒ギャルが汗臭い男子寮に潜入！痴漢、強姦、夜這いで精力のありそうな性処理男を捕まえオマ○コでザーメン搾取連続ナマ姦中出し 波多野結衣,BLK-178 kira★kira BLACK GALスケベな黒ギャルが汗臭い男子寮に潜入！痴漢、強姦、夜這いで精力のありそうな性処理男を捕まえオマ○コでザーメン搾取連続ナマ姦中出し 波多野結衣,BLK-178,,2014-08-14,161分鐘,,kira☆kira,kira☆kiraBLACKGAL,kira☆kiraBLACKGAL,性騷擾、中出、高畫質、巨乳、單體作品、DMM獨家、女生,波多野結衣,https://www.javbus.com/BLK-178,
KCPM-002 MEGA・PREMIUM 生姦中出し 566min 波多野結衣,KCPM-002 MEGA・PREMIUM 生姦中出し 566min 波多野結衣,KCPM-002,,2014-08-10,565分鐘,KA★ZU,CREAMPIE,クリームパイ,PREMIUM生姦中出し,其他戀物癖、合集、凌辱、中出、4小時以上作品、單體作品、DMM獨家、顏射,波多野結衣,https://www.javbus.com/KCPM-002,
MBYD-198 波多野結衣16時間（MBYD-198）,MBYD-198 波多野結衣16時間（MBYD-198）,MBYD-198,,2014-08-09,958分鐘,,溜池ゴロー,溜池ゴロー,,合集、出軌、巨乳、單體作品、DMM獨家,波多野結衣,https://www.javbus.com/MBYD-198,
T28-361 親がいるのに僕のチンポを欲しがってくる出戻りの姉 波多野結衣,T28-361 親がいるのに僕のチンポを欲しがってくる出戻りの姉 波多野結衣,T28-361,,2014-08-08,120分鐘,,TMA,TMA,,蕩婦、亂倫、花癡、高畫質、單體作品,波多野結衣,https://www.javbus.com/T28-361,
IESP-595 保健の先生 中出し20連発 波多野結衣,IESP-595 保健の先生 中出し20連発 波多野結衣,IESP-595,,2014-08-07,119分鐘,菊淋,アイエナジー,IENERGY！,,女教師、凌辱、學校作品、中出、高畫質、單體作品,波多野結衣,https://www.javbus.com/IESP-595,
BF-330 競泳水着専門 中出しインストラクター！ ぬるぬるローションエッチ 波多野結衣,BF-330 競泳水着専門 中出しインストラクター！ ぬるぬるローションエッチ 波多野結衣,BF-330,,2014-08-02,120分鐘,NAKIBESO,BeFree,BeFree,競泳水着専門○○インストラクター,纪录片、DVD多士爐、高畫質、講師、單體作品、DMM獨家、學校泳裝,波多野結衣,https://www.javbus.com/BF-330,
PGD-708 プレミアム スタイリッシュソープ ゴールド 波多野結衣,PGD-708 プレミアム スタイリッシュソープ ゴールド 波多野結衣,PGD-708,,2014-08-02,118分鐘,,プレミアム,GLAMOROUS,PREMIUMSTYLISHSOAP,乳交、妓女、數位馬賽克、中出、DVD多士爐、高畫質、單體作品、DMM獨家,波多野結衣,https://www.javbus.com/PGD-708,
ADN-032 女教師 教え子との再会は不貞に濡れて…。 波多野結衣,ADN-032 女教師 教え子との再会は不貞に濡れて…。 波多野結衣,ADN-032,,2014-08-02,107分鐘,園田十三,アタッカーズ,大人のドラマ,,女教師、凌辱、DVD多士爐、高畫質、單體作品、DMM獨家,波多野結衣,https://www.javbus.com/ADN-032,
TPPN-015 卑猥に絶句、果て無き性欲の虜。 波多野結衣,TPPN-015 卑猥に絶句、果て無き性欲の虜。 波多野結衣,TPPN-015,,2014-07-27,116分鐘,,TEPPAN,TEPPAN,卑猥に絶句、果て無き性欲の虜。,口交、潮吹、美少女、數位馬賽克、女上位、DVD多士爐、高畫質、單體作品、DMM獨家,波多野結衣,https://www.javbus.com/TPPN-015,
WANZ-222 朝から晩まで子作り三昧 波多野結衣,WANZ-222 朝から晩まで子作り三昧 波多野結衣,WANZ-222,,2014-07-26,149分鐘,,ワンズファクトリー,WANZ,朝から晩まで子作り三昧,第一人稱攝影、纪录片、姐姐、中出、高畫質、巨乳、單體作品、DMM獨家,波多野結衣,https://www.javbus.com/WANZ-222,
IENE-438 波多野結衣が10回射精させるまで帰さない凄テク風俗ビル,IENE-438 波多野結衣が10回射精させるまで帰さない凄テク風俗ビル,IENE-438,,2014-07-24,123分鐘,,アイエナジー,IENERGY！,○○が10回射精させるまで帰さない凄テク風俗ビル,蕩婦、妓女、按摩、高畫質、單體作品,波多野結衣,https://www.javbus.com/IENE-438,
PPPD-299 全裸巨乳家政婦 波多野結衣,PPPD-299 全裸巨乳家政婦 波多野結衣,PPPD-299,,2014-07-13,118分鐘,,OPPAI,OPPAI,全裸巨乳家政婦,乳交、戀乳癖、中出、DVD多士爐、高畫質、巨乳、單體作品、DMM獨家、吞精,波多野結衣,https://www.javbus.com/PPPD-299,
MIAD-692 波多野結衣と本物素人が行く 筆おろし童貞卒業バスツアー！！,MIAD-692 波多野結衣と本物素人が行く 筆おろし童貞卒業バスツアー！！,MIAD-692,,2014-07-13,181分鐘,モヒカル,ムーディーズ,MOODYZACID,筆おろし童貞卒業バスツアー,車掌小姐、數位馬賽克、高畫質、處男、巨乳、單體作品、DMM獨家,波多野結衣,https://www.javbus.com/MIAD-692,
VEC-112 友人の母親 波多野結衣,VEC-112 友人の母親 波多野結衣,VEC-112,,2014-07-11,91分鐘,ペータ☆,VENUS,ヴィーナス（VENUS）,友人の母親,成熟的女人、已婚婦女、單體作品、DMM獨家,波多野結衣,https://www.javbus.com/VEC-112,
NASS-144 若妻 波多野結衣 スペシャル II 4時間,NASS-144 若妻 波多野結衣 スペシャル II 4時間,NASS-144,,2014-07-11,244分鐘,,なでしこ,Nadeshiko,若妻○○スペシャル4時間,合集、新娘、年輕妻子、4小時以上作品、單體作品、打手槍,波多野結衣,https://www.javbus.com/NASS-144,
MIBD-833 波多野結衣16時間BEST,MIBD-833 波多野結衣16時間BEST,MIBD-833,,2014-07-10,955分鐘,,ムーディーズ,MOODYZBest,BEST（作品集）,濫交、合集、姐姐、數位馬賽克、巨乳、單體作品、DMM獨家,波多野結衣,https://www.javbus.com/MIBD-833,
MDYD-930 夫婦の絆 妻は若造の肉便器 波多野結衣,MDYD-930 夫婦の絆 妻は若造の肉便器 波多野結衣,MDYD-930,,2014-07-10,116分鐘,,溜池ゴロー,溜池ゴロー,,已婚婦女、凌辱、中出、DVD多士爐、高畫質、出軌、巨乳、單體作品、DMM獨家,波多野結衣,https://www.javbus.com/MDYD-930,
PGD-703 波多野結衣とイチャイチャ中出し同棲生活。,PGD-703 波多野結衣とイチャイチャ中出し同棲生活。,PGD-703,,2014-07-03,119分鐘,,プレミアム,GLAMOROUS,イチャイチャ中出し同棲生活,數位馬賽克、中出、DVD多士爐、主觀視角、高畫質、單體作品、DMM獨家,波多野結衣,https://www.javbus.com/PGD-703,
AVOP-042 子作りおねだり淫語 波多野結衣,AVOP-042 子作りおねだり淫語 波多野結衣,AVOP-042,,2014-07-01,132分鐘,,FetishBox/妄想族,AVOPEN2014,子作りおねだり淫語,淫語、新娘、年輕妻子、中出、高畫質、AV OPEN 2014 ミドル級、單體作品,波多野結衣,https://www.javbus.com/AVOP-042,
BMW-063 痴女お姉さんとの誘惑SEX4時間,BMW-063 痴女お姉さんとの誘惑SEX4時間,BMW-063,,2014-06-28,239分鐘,,ワンズファクトリー,WANZ,,蕩婦、姐姐、中出、巨乳、DMM獨家、打手槍,波多野結衣,https://www.javbus.com/BMW-063,
WANZ-206 くノ一中出しレイプ輪姦 波多野結衣,WANZ-206 くノ一中出しレイプ輪姦 波多野結衣,WANZ-206,,2014-06-28,118分鐘,,ワンズファクトリー,WANZ,中出しレイプ輪姦,輪姦、凌辱、中出、DVD多士爐、高畫質、女忍者、巨乳、單體作品、DMM獨家,波多野結衣,https://www.javbus.com/WANZ-206,
MRMM-031 【復刻版】丸の内OL決戦は金曜日 波多野結衣,MRMM-031 【復刻版】丸の内OL決戦は金曜日 波多野結衣,MRMM-031,,2014-06-27,114分鐘,マックス中本,マックスエー,MAX-A,,OL、多P、DVD多士爐、高畫質、複刻版、單體作品,波多野結衣,https://www.javbus.com/MRMM-031,
NATR-392 旦那の留守にいたるところで挑発して勃起チ○ポを食いまくる欲求不満な人妻 波多野結衣,NATR-392 旦那の留守にいたるところで挑発して勃起チ○ポを食いまくる欲求不満な人妻 波多野結衣,NATR-392,,2014-06-27,126分鐘,,なでしこ,Nadeshiko,,蕩婦、已婚婦女、單體作品、自慰、打手槍,波多野結衣,https://www.javbus.com/NATR-392,
JUX-357 いじめっ子・ヒデオのオマセなお姉ちゃん。 波多野結衣,JUX-357 いじめっ子・ヒデオのオマセなお姉ちゃん。 波多野結衣,JUX-357,,2014-06-21,118分鐘,きとるね川口,マドンナ,Madonna,,成熟的女人、姐姐、數位馬賽克、DVD多士爐、高畫質、出軌、巨乳、單體作品、DMM獨家,波多野結衣,https://www.javbus.com/JUX-357,
MOT-023 母なる愛 大丈夫よこっちおいで… 10 波多野結衣,MOT-023 母なる愛 大丈夫よこっちおいで… 10 波多野結衣,MOT-023,,2014-06-15,110分鐘,,マザー,マザー,母なる愛,成熟的女人、母親、亂倫、高畫質、巨乳、單體作品,波多野結衣,https://www.javbus.com/MOT-023,
EMBU-005 所構わず人目も気にせず、勃起チ○ポを咥え込む欲求不満な人妻のパンティはマン汁でビショビショ！！ 波多野結衣,EMBU-005 所構わず人目も気にせず、勃起チ○ポを咥え込む欲求不満な人妻のパンティはマン汁でビショビショ！！ 波多野結衣,EMBU-005,,2014-06-15,126分鐘,,DX/エマニエル,DX（エマニエル）,,蕩婦、口交、已婚婦女、單體作品、DMM獨家,波多野結衣,https://www.javbus.com/EMBU-005,
PPPD-294 巨乳女教師の誘惑 波多野結衣,PPPD-294 巨乳女教師の誘惑 波多野結衣,PPPD-294,,2014-06-14,120分鐘,,OPPAI,OPPAI,巨乳女教師の誘惑（OPPAI）,蕩婦、女教師、乳交、戀乳癖、高畫質、巨乳、單體作品,波多野結衣,https://www.javbus.com/PPPD-294,
VAGU-085 完全主観レイプ～あなたお願い、こっちを見ないで～ 波多野結衣,VAGU-085 完全主観レイプ～あなたお願い、こっちを見ないで～ 波多野結衣,VAGU-085,,2014-06-09,110分鐘,SARU,VENUS,ヴィーナス（VENUS）,完全主観レイプ,成熟的女人、強姦、已婚婦女、主觀視角、單體作品,波多野結衣,https://www.javbus.com/VAGU-085,
MIAD-686 爆乳人妻の勝手に誘惑ノーブラ生活 波多野結衣,MIAD-686 爆乳人妻の勝手に誘惑ノーブラ生活 波多野結衣,MIAD-686,,2014-06-08,120分鐘,中目黒浩治,ムーディーズ,MOODYZACID,爆乳人妻の勝手に誘惑ノーブラ生活,乳交、已婚婦女、戀乳癖、數位馬賽克、高畫質、巨乳、單體作品,波多野結衣,https://www.javbus.com/MIAD-686,
MDYD-914 町内会でストリップを踊らされた妻 波多野結衣,MDYD-914 町内会でストリップを踊らされた妻 波多野結衣,MDYD-914,,2014-06-08,120分鐘,溜池ゴロー,溜池ゴロー,溜池ゴロー,町内会でストリップを踊らされた妻,強姦、新娘、年輕妻子、輪姦、羞恥、高畫質、單體作品,波多野結衣,https://www.javbus.com/MDYD-914,
CXAZ-026 波多野結衣 レズ三昧 DX4時間,CXAZ-026 波多野結衣 レズ三昧 DX4時間,CXAZ-026,,2014-06-05,231分鐘,,ジャネス,ladies,○○レズ三昧DX4時間,玩具、女同性戀、合集、4小時以上作品、女同接吻、單體作品,波多野結衣,https://www.javbus.com/CXAZ-026,
BF-319 密会人妻 夫を忘れて淫らに感じて… 波多野結衣,BF-319 密会人妻 夫を忘れて淫らに感じて… 波多野結衣,BF-319,,2014-06-05,120分鐘,ばってん九州男,BeFree,BeFree,密会人妻,和服・喪服、已婚婦女、通姦、高畫質、單體作品,波多野結衣,https://www.javbus.com/BF-319,
KIL-041 優等生のゼミ仲間が女1人で飲み会に参加。酔った勢いで胸チラ挑発され俺たちみんな穴兄弟にされてしまった…,KIL-041 優等生のゼミ仲間が女1人で飲み会に参加。酔った勢いで胸チラ挑発され俺たちみんな穴兄弟にされてしまった…,KIL-041,,2014-05-30,105分鐘,,プレステージ,ACEKILLER,,蕩婦、花癡、多P、高畫質,波多野結衣,https://www.javbus.com/KIL-041,
IMPC-001 痴女性感メンズサロン 波多野結衣,IMPC-001 痴女性感メンズサロン 波多野結衣,IMPC-001,,2014-05-26,118分鐘,,マニアゼロ,impactPLATINUM（マニアゼロ）,,蕩婦、美容院、單體作品、打手槍,波多野結衣,https://www.javbus.com/IMPC-001,
GWAZ-052 プレミアムファイル 波多野結衣 4時間BEST,GWAZ-052 プレミアムファイル 波多野結衣 4時間BEST,GWAZ-052,,2014-05-25,243分鐘,,ジャネス,MANIAPlay,,合集、姐姐、4小時以上作品、單體作品,波多野結衣,https://www.javbus.com/GWAZ-052,
NNPJ-026 波多野結衣＆女監督なんともJAPANが行く！ドSで過激な超か・い・か・んレズナンパ編 レズHunt Vol.06,NNPJ-026 波多野結衣＆女監督なんともJAPANが行く！ドSで過激な超か・い・か・んレズナンパ編 レズHunt Vol.06,NNPJ-026,,2014-05-22,220分鐘,なんともJAPAN,ナンパJAPAN,ナンパJAPAN,レズHunt,業餘、女同性戀、獵豔、偷窥、美少女、高畫質,波多野結衣,https://www.javbus.com/NNPJ-026,
JUX-330 密着主観 お義父さんと一緒。 波多野結衣,JUX-330 密着主観 お義父さんと一緒。 波多野結衣,JUX-330,,2014-05-22,160分鐘,ながしめ,マドンナ,Madonna,,成熟的女人、已婚婦女、數位馬賽克、主觀視角、高畫質、出軌、巨乳、單體作品,波多野結衣,https://www.javbus.com/JUX-330,
BEB-105 逆痴漢-無差別に男を襲う欲求不満の欲情痴女- 波多野結衣,BEB-105 逆痴漢-無差別に男を襲う欲求不満の欲情痴女- 波多野結衣,BEB-105,,2014-05-22,120分鐘,こつぶ鷹野,美,美ッ痴,逆痴漢,蕩婦、強姦、淫語、高畫質、巨乳、單體作品,波多野結衣,https://www.javbus.com/BEB-105,
MOT-021 人妻中出し 6 ゆい（28歳） お願いです私とセックスしてください 波多野結衣,MOT-021 人妻中出し 6 ゆい（28歳） お願いです私とセックスしてください 波多野結衣,MOT-021,,2014-05-18,120分鐘,,マザー,マザー,人妻中出し(マザー),已婚婦女、中出、女優按摩棒、高畫質、單體作品,波多野結衣,https://www.javbus.com/MOT-021,
EMBU-004 旦那に相手にされない色気ムンムンの若妻が色々な場所にチ○ポを漁りにやってくる 波多野結衣,EMBU-004 旦那に相手にされない色気ムンムンの若妻が色々な場所にチ○ポを漁りにやってくる 波多野結衣,EMBU-004,,2014-05-18,130分鐘,,DX/エマニエル,DX（エマニエル）,,成熟的女人、已婚婦女、單體作品,波多野結衣,https://www.javbus.com/EMBU-004,
PPPD-290 巨乳娘とヤリ放題 波多野結衣,PPPD-290 巨乳娘とヤリ放題 波多野結衣,PPPD-290,,2014-05-17,110分鐘,,OPPAI,OPPAI,巨乳娘とヤリ放題,蕩婦、乳交、戀乳癖、中出、高畫質、巨乳、單體作品,波多野結衣,https://www.javbus.com/PPPD-290,
DMBK-027 悪戯な波多野結衣 パーフェクトコレクション 240分 SPECIAL 総集編,DMBK-027 悪戯な波多野結衣 パーフェクトコレクション 240分 SPECIAL 総集編,DMBK-027,,2014-05-15,242分鐘,,ジャネス,MAZOBOYSCLUB,悪戯な○○,合集、惡作劇、4小時以上作品、緊縛、單體作品,波多野結衣,https://www.javbus.com/DMBK-027,
SORA-025 人妻転落物語 波多野結衣,SORA-025 人妻転落物語 波多野結衣,SORA-025,,2014-05-12,111分鐘,,山と空,mothergoose（山と空）,人妻転落物語,野外・露出、已婚婦女、性奴、羞恥、戲劇、單體作品,波多野結衣,https://www.javbus.com/SORA-025,
MDYD-907 夫の親族一同に輪姦された美人妻 波多野結衣,MDYD-907 夫の親族一同に輪姦された美人妻 波多野結衣,MDYD-907,,2014-05-11,120分鐘,菅原養史,溜池ゴロー,溜池ゴロー,,強姦、新娘、年輕妻子、輪姦、凌辱、高畫質、巨乳、單體作品,波多野結衣,https://www.javbus.com/MDYD-907,
PGD-690 ノーパン女教師 波多野結衣,PGD-690 ノーパン女教師 波多野結衣,PGD-690,,2014-05-03,150分鐘,,プレミアム,GLAMOROUS,ノーパン女教師（プレミアム）,蕩婦、女教師、潮吹、屁股、數位馬賽克、高畫質、單體作品,波多野結衣,https://www.javbus.com/PGD-690,
BF-312 RQ ～中出しノーパンストッキング！～ 波多野結衣,BF-312 RQ ～中出しノーパンストッキング！～ 波多野結衣,BF-312,,2014-05-03,120分鐘,NAKIBESO,BeFree,BeFree,RQ（BeFree）,賽車女郎、纪录片、高畫質、單體作品,波多野結衣,https://www.javbus.com/BF-312,
IENE-394 3日間滞在して、寝食を共にする超高級美女ソープ 波多野結衣,IENE-394 3日間滞在して、寝食を共にする超高級美女ソープ 波多野結衣,IENE-394,,2014-05-01,125分鐘,バンビーノ☆プリン,アイエナジー,IENERGY！,3日間滞在して、寝食を共にする超高級美女ソープ,妓女、高畫質、巨乳、單體作品,波多野結衣,https://www.javbus.com/IENE-394,
MRSS-001 美女×生中出し×締りマン 排卵日なのにナマ挿入、ナマ中出しOK美女を徹底的にヤリまくる！きつきつマンコで有名な波多野結衣,MRSS-001 美女×生中出し×締りマン 排卵日なのにナマ挿入、ナマ中出しOK美女を徹底的にヤリまくる！きつきつマンコで有名な波多野結衣,MRSS-001,,2014-04-27,138分鐘,清,ミセスの素顔/エマニエル,ミセスの素顔,,SM、已婚婦女、凌辱、中出、高畫質、單體作品,波多野結衣,https://www.javbus.com/MRSS-001,
JUFD-364 早漏を溺愛する連続射精痴女 波多野結衣,JUFD-364 早漏を溺愛する連続射精痴女 波多野結衣,JUFD-364,,2014-04-26,150分鐘,五右衛門,Fitch,Fitch,,蕩婦、淫語、數位馬賽克、乳房、高畫質、單體作品、打手槍,波多野結衣,https://www.javbus.com/JUFD-364,
MIAD-676 猿轡レイプ調教 波多野結衣,MIAD-676 猿轡レイプ調教 波多野結衣,MIAD-676,,2014-04-26,120分鐘,ドラゴン西川,ムーディーズ,MOODYZACID,,強姦、數位馬賽克、性奴、凌辱、高畫質、出軌、巨乳、單體作品,波多野結衣,https://www.javbus.com/MIAD-676,
GXAZ-014 エロ汁まみれのオナニー中毒 2 波多野結衣,GXAZ-014 エロ汁まみれのオナニー中毒 2 波多野結衣,GXAZ-014,,2014-04-25,121分鐘,,ジャネス,MANIAPlay,エロ汁まみれのオナニー中毒,連褲襪、姐姐、女優按摩棒、單體作品、自慰、內衣,波多野結衣,https://www.javbus.com/GXAZ-014,
DANDY-373 「『私は脱ぐけど貴女はどうするの？』 女2人の羞恥契約バトル！生保レディのフリした波多野結衣の肉体契約に釣られて本物生保レディは契約のためにセックスまでするか？」 VOL.1,DANDY-373 「『私は脱ぐけど貴女はどうするの？』 女2人の羞恥契約バトル！生保レディのフリした波多野結衣の肉体契約に釣られて本物生保レディは契約のためにセックスまでするか？」 VOL.1,DANDY-373,,2014-04-20,200分鐘,ダンディよしの,DANDY,DANDY,,企畫、各種職業、羞恥、高畫質、單體作品,波多野結衣,https://www.javbus.com/DANDY-373,
MDOG-004 オスガズム 波多野結衣,MDOG-004 オスガズム 波多野結衣,MDOG-004,,2014-04-20,149分鐘,真咲南朋,MOTHERSENTERTAINMENTPICTURES,ハードマザーズ,オスガズム,蕩婦、其他戀物癖、凌辱、女上位、高畫質、單體作品,波多野結衣,https://www.javbus.com/MDOG-004,
AMRC-024 夫の前で妻が犯される屈辱 2 波多野結衣,AMRC-024 夫の前で妻が犯される屈辱 2 波多野結衣,AMRC-024,,2014-04-15,135分鐘,,マニアゼロ,AMORE,夫の前で妻が犯される屈辱,已婚婦女、凌辱、單體作品,波多野結衣,https://www.javbus.com/AMRC-024,
MOT-019 母なる愛 大丈夫よこっちおいで… 8 波多野結衣,MOT-019 母なる愛 大丈夫よこっちおいで… 8 波多野結衣,MOT-019,,2014-04-13,121分鐘,,マザー,マザー,母なる愛,成熟的女人、亂倫、高畫質、單體作品,波多野結衣,https://www.javbus.com/MOT-019,
HITMA-227 波多野結衣 BEST SELECTION 4時間,HITMA-227 波多野結衣 BEST SELECTION 4時間,HITMA-227,,2014-04-11,237分鐘,,TMA,TMA,○○BESTSELECTION（TMA）,合集、4小時以上作品、高畫質、單體作品,波多野結衣,https://www.javbus.com/HITMA-227,
MDYD-896 熱帯夜 波多野結衣,MDYD-896 熱帯夜 波多野結衣,MDYD-896,,2014-04-10,120分鐘,溜池ゴロー,溜池ゴロー,溜池ゴロー,熱帯夜,成熟的女人、新娘、年輕妻子、高畫質、出軌、單體作品,波多野結衣,https://www.javbus.com/MDYD-896,
MBOX-105 波多野結衣でござひます。 4時間,MBOX-105 波多野結衣でござひます。 4時間,MBOX-105,,2014-04-10,240分鐘,,タカラ映像,タカラビジュアル,○○ベスト4時間,成熟的女人、已婚婦女、4小時以上作品、高畫質、單體作品,波多野結衣,https://www.javbus.com/MBOX-105,
ARM-336 着衣女体マニア 洋服のネット通販の写真があまりにもエロいので、実際に《波多野結衣》に着てもらった。,ARM-336 着衣女体マニア 洋服のネット通販の写真があまりにもエロいので、実際に《波多野結衣》に着てもらった。,ARM-336,,2014-04-08,101分鐘,鷲本ひろし,アロマ企画,AROMA,,企畫、其他戀物癖、模特兒、妄想、高畫質、單體作品,波多野結衣,https://www.javbus.com/ARM-336,
CAGJ-003 M性感回春メンズエステ 波多野結衣,CAGJ-003 M性感回春メンズエステ 波多野結衣,CAGJ-003,,2014-04-06,100分鐘,,CHANGE,CHANGE,,蕩婦、美容院、單體作品,波多野結衣,https://www.javbus.com/CAGJ-003,
VAGU-080 結衣ママとのやらしい生活 波多野結衣,VAGU-080 結衣ママとのやらしい生活 波多野結衣,VAGU-080,,2014-04-06,105分鐘,北野マジメ,VENUS,ヴィーナス（VENUS）,○○ママとのやらしい生活,成熟的女人、母親、已婚婦女、單體作品,波多野結衣,https://www.javbus.com/VAGU-080,
ASFB-078 美しき悩殺フェロモン 波多野結衣 4時間 BEST,ASFB-078 美しき悩殺フェロモン 波多野結衣 4時間 BEST,ASFB-078,,2014-03-30,240分鐘,,FetishBox/妄想族,FetishBox/妄想族,,蕩婦、合集、4小時以上作品、單體作品,波多野結衣,https://www.javbus.com/ASFB-078,
WANZ-173 ゆいと子作り新婚生活 波多野結衣,WANZ-173 ゆいと子作り新婚生活 波多野結衣,WANZ-173,,2014-03-29,120分鐘,,ワンズファクトリー,WANZ,○○と子作り新婚生活,淫語、姐姐、新娘、年輕妻子、中出、主觀視角、高畫質、單體作品,波多野結衣,https://www.javbus.com/WANZ-173,
BMW-056 波多野結衣8時間,BMW-056 波多野結衣8時間,BMW-056,,2014-03-29,480分鐘,,ワンズファクトリー,WANZ,,蕩婦、強姦、合集、姐姐、中出、單體作品,波多野結衣,https://www.javbus.com/BMW-056,
MIAD-674 お宅訪問！超テクスケベイスの女神様！ 波多野結衣,MIAD-674 お宅訪問！超テクスケベイスの女神様！ 波多野結衣,MIAD-674,,2014-03-29,120分鐘,らくだ,ムーディーズ,MOODYZACID,,蕩婦、姐姐、數位馬賽克、高畫質、單體作品、打手槍,波多野結衣,https://www.javbus.com/MIAD-674,
IENE-380 朝から晩まで中出しセックス 6 波多野結衣,IENE-380 朝から晩まで中出しセックス 6 波多野結衣,IENE-380,,2014-03-20,118分鐘,菊淋,アイエナジー,IENERGY！,朝から晩まで中出しセックス,乳房、中出、高畫質、巨乳、單體作品,波多野結衣,https://www.javbus.com/IENE-380,
MOT-017 人妻中出し 4 メガネ美人奥さんのエロ過ぎるセックス 結衣さん28歳 波多野結衣,MOT-017 人妻中出し 4 メガネ美人奥さんのエロ過ぎるセックス 結衣さん28歳 波多野結衣,MOT-017,,2014-03-16,120分鐘,,マザー,マザー（マザー）,人妻中出し(マザー),成熟的女人、已婚婦女、中出、高畫質、眼鏡、單體作品,波多野結衣,https://www.javbus.com/MOT-017,
RISK-007 媚薬淫行パーティー 波多野結衣,RISK-007 媚薬淫行パーティー 波多野結衣,RISK-007,,2014-03-12,121分鐘,,アクティブクリエイト,アスタリスク,,藥物、花癡、單體作品,波多野結衣,https://www.javbus.com/RISK-007,
HJMO-277 波多野結衣×残酷ミラーゲームに負けるとエロ罰ゲーム,HJMO-277 波多野結衣×残酷ミラーゲームに負けるとエロ罰ゲーム,HJMO-277,,2014-03-09,237分鐘,はじめ,はじめ企画,はじめ企画,残酷ミラーゲームに負けるとエロ罰ゲーム,企畫、數位馬賽克、羞恥、高畫質、出軌、單體作品,波多野結衣,https://www.javbus.com/HJMO-277,
MDYD-890 義母奴隷 波多野結衣,MDYD-890 義母奴隷 波多野結衣,MDYD-890,,2014-03-09,116分鐘,溜池ゴロー,溜池ゴロー,溜池ゴロー,義母奴隷,新娘、年輕妻子、凌辱、婆婆、高畫質、巨乳、單體作品,波多野結衣,https://www.javbus.com/MDYD-890,
BF-299 ギャル家庭教師 結衣先生の中出し授業 波多野結衣,BF-299 ギャル家庭教師 結衣先生の中出し授業 波多野結衣,BF-299,,2014-03-06,150分鐘,ばってん九州男,BeFree,BeFree,ギャル家庭教師,家教、纪录片、高畫質、單體作品、女生,波多野結衣,https://www.javbus.com/BF-299,
DMBI-023 ペニバン5連発逆レイプ 2 波多野結衣,DMBI-023 ペニバン5連発逆レイプ 2 波多野結衣,DMBI-023,,2014-03-05,142分鐘,,ジャネス,MAZOBOYSCLUB,ペニバン5連発逆レイプ,蕩婦、玩具、單體作品,波多野結衣,https://www.javbus.com/DMBI-023,
WANZ-155 生徒に自宅を乗っ取られた若妻女教師 美人妻が奴隷ペットと化す3日間の凌辱劇 波多野結衣,WANZ-155 生徒に自宅を乗っ取られた若妻女教師 美人妻が奴隷ペットと化す3日間の凌辱劇 波多野結衣,WANZ-155,,2014-02-27,120分鐘,,ワンズファクトリー,WANZ,生徒に自宅を乗っ取られた若妻女教師,濫交、強姦、女教師、監禁、性奴、高畫質、單體作品,波多野結衣,https://www.javbus.com/WANZ-155,
PSSD-319 Best of 波多野結衣,PSSD-319 Best of 波多野結衣,PSSD-319,,2014-02-12,219分鐘,,アウダースジャパン,AUDAZ,Bestof,蕩婦、成熟的女人、合集、主觀視角、戀愛、單體作品,波多野結衣,https://www.javbus.com/PSSD-319,
KCPB-022 PREMIUM 生姦中出し 228min 波多野結衣,KCPB-022 PREMIUM 生姦中出し 228min 波多野結衣,KCPB-022,,2014-02-09,228分鐘,KA★ZU,CREAMPIE,クリームパイ,PREMIUM生姦中出し,口交、合集、多P、中出、單體作品、DMM獨家,波多野結衣,https://www.javbus.com/KCPB-022,
MDYD-877 僕だけの巨乳女教師ペット 波多野結衣,MDYD-877 僕だけの巨乳女教師ペット 波多野結衣,MDYD-877,,2014-02-08,150分鐘,溜池ゴロー,溜池ゴロー,溜池ゴロー,僕だけの巨乳女教師ペット,強姦、女教師、凌辱、主觀視角、高畫質、巨乳、單體作品、DMM獨家,波多野結衣,https://www.javbus.com/MDYD-877,
DJSB-055 痴女QUEEN 波多野結衣 BEST 4時間,DJSB-055 痴女QUEEN 波多野結衣 BEST 4時間,DJSB-055,,2014-02-05,242分鐘,,ジャネス,MANIA痴女,痴女QUEEN○○BEST4時間,蕩婦、合集、姐姐、4小時以上作品、單體作品,波多野結衣,https://www.javbus.com/DJSB-055,
JUX-254 寝取られた義姉 ～兄貴の代わりに俺がヤってやるよ！～ 波多野結衣,JUX-254 寝取られた義姉 ～兄貴の代わりに俺がヤってやるよ！～ 波多野結衣,JUX-254,,2014-02-01,120分鐘,雷蔵,マドンナ,Madonna,,成熟的女人、強姦、已婚婦女、數位馬賽克、高畫質、出軌、巨乳、單體作品、DMM獨家,波多野結衣,https://www.javbus.com/JUX-254,
RBD-555 貞操帯の女15 波多野結衣,RBD-555 貞操帯の女15 波多野結衣,RBD-555,,2014-02-01,140分鐘,犬神涼,アタッカーズ,龍縛,貞操帯の女,已婚婦女、性奴、凌辱、高畫質、單體作品、DMM獨家,波多野結衣,https://www.javbus.com/RBD-555,
HXAF-001 職業別パンスト痴女性感 波多野結衣,HXAF-001 職業別パンスト痴女性感 波多野結衣,HXAF-001,,2014-01-30,129分鐘,N,ジャネス,Fetishパンスト,,蕩婦、各種職業、連褲襪、姐姐、單體作品,波多野結衣,https://www.javbus.com/HXAF-001,
WANZ-144 波多野結衣の凄テクを我慢できれば生★中出しSEX！,WANZ-144 波多野結衣の凄テクを我慢できれば生★中出しSEX！,WANZ-144,,2014-01-25,150分鐘,,ワンズファクトリー,WANZ,,蕩婦、業餘、獵豔、姐姐、中出、高畫質、單體作品、DMM獨家,波多野結衣,https://www.javbus.com/WANZ-144,
GG-266 寝台列車の不倫旅 波多野結衣,GG-266 寝台列車の不倫旅 波多野結衣,GG-266,,2014-01-22,120分鐘,高橋浩一,グローリークエスト,GLORYQUEST,寝台列車の不倫旅,已婚婦女、通姦、乳房、高畫質、單體作品,波多野結衣,https://www.javbus.com/GG-266,
VGQ-013 女家庭教師が教え子にした事の全記録 波多野結衣,VGQ-013 女家庭教師が教え子にした事の全記録 波多野結衣,VGQ-013,,2014-01-09,120分鐘,,グローリークエスト,GLORYQUEST,,蕩婦、家教、DVD多士爐、高畫質、眼鏡、單體作品,波多野結衣,https://www.javbus.com/VGQ-013,
MDYD-871 隣の若妻さん 波多野結衣,MDYD-871 隣の若妻さん 波多野結衣,MDYD-871,,2014-01-09,120分鐘,ながしめ,溜池ゴロー,溜池ゴロー,隣の若妻さん,已婚婦女、新娘、年輕妻子、主觀視角、高畫質、單體作品、DMM獨家,波多野結衣,https://www.javbus.com/MDYD-871,
DMBL-006 M男悦悶 手コキ嗜癖SPECIAL 波多野結衣,DMBL-006 M男悦悶 手コキ嗜癖SPECIAL 波多野結衣,DMBL-006,,2013-12-25,121分鐘,,ジャネス,MAZOBOYSCLUB,,蕩婦、單體作品、打手槍,波多野結衣,https://www.javbus.com/DMBL-006,
JUFD-333 濃厚汗だく悩殺グラマラス～フェロモン漏れだすムレムレ美乳インストラクター～ 波多野結衣,JUFD-333 濃厚汗だく悩殺グラマラス～フェロモン漏れだすムレムレ美乳インストラクター～ 波多野結衣,JUFD-333,,2013-12-21,151分鐘,［Jo］Style,Fitch,Fitch,,蕩婦、苗條、數位馬賽克、緊身衣、乳房、高畫質、講師、單體作品、DMM獨家,波多野結衣,https://www.javbus.com/JUFD-333,
MIAD-657 タイトスカート女教師 波多野結衣,MIAD-657 タイトスカート女教師 波多野結衣,MIAD-657,,2013-12-21,120分鐘,豆沢豆太郎,ムーディーズ,MOODYZACID,タイトスカート女教師,蕩婦、女教師、連褲襪、屁股、戀腿癖、數位馬賽克、DVD多士爐、高畫質、單體作品、DMM獨家,波多野結衣,https://www.javbus.com/MIAD-657,
WANZ-134 ガン反りチ○ポで波多野結衣をイカセ続ける,WANZ-134 ガン反りチ○ポで波多野結衣をイカセ続ける,WANZ-134,,2013-12-21,122分鐘,,ワンズファクトリー,WANZ,ガン反りチ○ポでイカセ続ける,其他戀物癖、姐姐、DVD多士爐、高畫質、巨乳、單體作品、DMM獨家,波多野結衣,https://www.javbus.com/WANZ-134,
ASFB-057 波多野結衣 BEST 4時間 THE FREE BITCH IS BACK,ASFB-057 波多野結衣 BEST 4時間 THE FREE BITCH IS BACK,ASFB-057,,2013-12-13,241分鐘,,FetishBox/妄想族,FetishBox/妄想族,THEFREEBITCHISBACK,其他戀物癖、合集、4小時以上作品、單體作品、DMM獨家,波多野結衣,https://www.javbus.com/ASFB-057,
TYOD-212 イクときはガクガク 波多野結衣,TYOD-212 イクときはガクガク 波多野結衣,TYOD-212,,2013-12-12,152分鐘,静華,乱丸,乱丸,,花癡、姐姐、數位馬賽克、高畫質、單體作品、DMM獨家,波多野結衣,https://www.javbus.com/TYOD-212,
DJSK-027 絶技！病みつき回春エステ 波多野結衣,DJSK-027 絶技！病みつき回春エステ 波多野結衣,DJSK-027,,2013-12-05,102分鐘,,ジャネス,MANIA痴女,,蕩婦、美容院、單體作品,波多野結衣,https://www.javbus.com/DJSK-027,
QEDQ-004 制服QUEENの悪戯 4 アナルオーガズムと射精管理 波多野結衣,QEDQ-004 制服QUEENの悪戯 4 アナルオーガズムと射精管理 波多野結衣,QEDQ-004,,2013-12-05,122分鐘,TANAKA,ジャネス,クイーンダム,制服QUEENの悪戯,女教師、姐姐、性奴、單體作品、肛交,波多野結衣,https://www.javbus.com/QEDQ-004,
WANZ-129 ムチムチ誘惑パンチラ 義姉さん、目のやり場に困ります… 波多野結衣,WANZ-129 ムチムチ誘惑パンチラ 義姉さん、目のやり場に困ります… 波多野結衣,WANZ-129,,2013-11-28,119分鐘,,ワンズファクトリー,WANZ,,屁股、姐姐、DVD多士爐、高畫質、內衣、單體作品、DMM獨家,波多野結衣,https://www.javbus.com/WANZ-129,
VAGU-060 麗しのマネキン夫人 ～人形に恋した男の妄想セックス～ 波多野結衣,VAGU-060 麗しのマネキン夫人 ～人形に恋した男の妄想セックス～ 波多野結衣,VAGU-060,,2013-11-17,90分鐘,ペータ☆,VENUS,ヴィーナス（VENUS）,麗しのマネキン夫人,成熟的女人、已婚婦女、妄想、娃娃、單體作品、DMM獨家,波多野結衣,https://www.javbus.com/VAGU-060,
OOMN-081 美熟女神 波多野結衣 総集編 6本番＋12発射,OOMN-081 美熟女神 波多野結衣 総集編 6本番＋12発射,OOMN-081,,2013-11-17,240分鐘,,ABC/妄想族,お母さん.com/ABC,,成熟的女人、母親、合集、亂倫、婆婆、單體作品、DMM獨家,波多野結衣,https://www.javbus.com/OOMN-081,
RKI-297 淫乱すぎる美麗エンジェル 波多野結衣 16時間,RKI-297 淫乱すぎる美麗エンジェル 波多野結衣 16時間,RKI-297,,2013-11-16,958分鐘,,ROOKIE,ROOKIE,,合集、乳房、中出、單體作品、DMM獨家,波多野結衣,https://www.javbus.com/RKI-297,
DJSG-095 極上ヌキまくり痴女 淫語まみれのペニス狩り 4 波多野結衣,DJSG-095 極上ヌキまくり痴女 淫語まみれのペニス狩り 4 波多野結衣,DJSG-095,,2013-11-15,109分鐘,秀吉,ジャネス,MANIA痴女,極上ヌキまくり痴女淫語まみれのペニス狩り,蕩婦、淫語、單體作品,波多野結衣,https://www.javbus.com/DJSG-095,
MILD-876 殿堂！スーパーアイドル8時間 波多野結衣,MILD-876 殿堂！スーパーアイドル8時間 波多野結衣,MILD-876,,2013-11-13,478分鐘,左山A太郎,ケイ・エム・プロデュース,million（ミリオン）,殿堂！スーパーアイドル8時間,苗條、合集、乳房、4小時以上作品、巨乳、單體作品,波多野結衣,https://www.javbus.com/MILD-876,
MDYD-846 私、実は夫の上司に犯され続けてます… 波多野結衣,MDYD-846 私、実は夫の上司に犯され続けてます… 波多野結衣,MDYD-846,,2013-11-10,118分鐘,ピエロ田,溜池ゴロー,溜池ゴロー,私、実は夫の上司に犯され続けてます…,已婚婦女、新娘、年輕妻子、凌辱、DVD多士爐、高畫質、出軌、巨乳、單體作品、DMM獨家,波多野結衣,https://www.javbus.com/MDYD-846,
DMBI-016 M男 KILLER SEXスペシャル 2 波多野結衣,DMBI-016 M男 KILLER SEXスペシャル 2 波多野結衣,DMBI-016,,2013-11-05,121分鐘,,ジャネス,MAZOBOYSCLUB,M男KILLERSEXスペシャル,蕩婦、69、姐姐、單體作品,波多野結衣,https://www.javbus.com/DMBI-016,
ZKRA-009 夫の留守に… いやらしい事ばかりする若妻 3 波多野結衣,ZKRA-009 夫の留守に… いやらしい事ばかりする若妻 3 波多野結衣,ZKRA-009,,2013-11-01,123分鐘,,マニアゼロ,ざくろ（マニアゼロ）,夫の留守に…いやらしい事ばかりする若妻,已婚婦女、新娘、年輕妻子、單體作品、打手槍,波多野結衣,https://www.javbus.com/ZKRA-009,
WANZ-110 美人潜入捜査官 波多野結衣,WANZ-110 美人潜入捜査官 波多野結衣,WANZ-110,,2013-11-01,117分鐘,,ワンズファクトリー,WANZ,○○捜査官,濫交、女檢察官、拘束、凌辱、中出、DVD多士爐、高畫質、單體作品、DMM獨家,波多野結衣,https://www.javbus.com/WANZ-110,
ATFB-180 誘惑パンスト美痴女 波多野結衣,ATFB-180 誘惑パンスト美痴女 波多野結衣,ATFB-180,,2013-10-27,102分鐘,,FetishBox/妄想族,FetishBox/妄想族,,其他戀物癖、連褲襪、戀腿癖、單體作品、DMM獨家,波多野結衣,https://www.javbus.com/ATFB-180,
DJSK-025 性感メンズエステ 巨乳痴女エステティシャン 2 波多野結衣,DJSK-025 性感メンズエステ 巨乳痴女エステティシャン 2 波多野結衣,DJSK-025,,2013-10-25,116分鐘,秀吉,ジャネス,MANIA痴女,性感メンズエステ巨乳痴女エステティシャン,蕩婦、淫語、美容院、巨乳、單體作品,波多野結衣,https://www.javbus.com/DJSK-025,
DKYF-35 アナル丸見え！マンコ喰い込み！究極プロ級ダンサー 4 波多野結衣,DKYF-35 アナル丸見え！マンコ喰い込み！究極プロ級ダンサー 4 波多野結衣,DKYF-35,,2013-10-25,101分鐘,AKIRA,ジャネス,究極,アナル丸見え！マンコ喰い込み！究極プロ級ダンサー,跳舞、單體作品、局部特寫,波多野結衣,https://www.javbus.com/DKYF-35,
MILD-870 緊縛令嬢 波多野結衣,MILD-870 緊縛令嬢 波多野結衣,MILD-870,,2013-10-15,154分鐘,赤井彗星,ケイ・エム・プロデュース,million（ミリオン）,緊縛令嬢,紧缚、千金小姐、凌辱、單體作品,波多野結衣,https://www.javbus.com/MILD-870,
VENU-373 湯けむり近親相姦 母子入浴交尾 波多野結衣,VENU-373 湯けむり近親相姦 母子入浴交尾 波多野結衣,VENU-373,,2013-10-14,95分鐘,ペータ☆,VENUS,女神（ヴィーナス）,湯けむり近親相姦,成熟的女人、亂倫、已婚婦女、單體作品、DMM獨家,波多野結衣,https://www.javbus.com/VENU-373,
HXAK-002 超脚パンストクイーン 2 波多野結衣,HXAK-002 超脚パンストクイーン 2 波多野結衣,HXAK-002,,2013-10-05,101分鐘,,ジャネス,Fetishパンスト,超脚パンストクイーン,蕩婦、連褲襪、足交、單體作品,波多野結衣,https://www.javbus.com/HXAK-002,
ATFB-174 卑猥なランジェリーコレクション 下着を着たままイキ狂う女 波多野結衣,ATFB-174 卑猥なランジェリーコレクション 下着を着たままイキ狂う女 波多野結衣,ATFB-174,,2013-10-01,100分鐘,,FetishBox/妄想族,FetishBox/妄想族,,蕩婦、單體作品、DMM獨家、內衣,波多野結衣,https://www.javbus.com/ATFB-174,
ANX-033 催眠ハウス 横浜市青●区 波多野結衣,ANX-033 催眠ハウス 横浜市青●区 波多野結衣,ANX-033,,2013-09-29,127分鐘,,催眠研究所別館,催眠隷女（催眠研究所別館）,,已婚婦女、性奴、凌辱、中出、高畫質、單體作品、DMM獨家,波多野結衣,https://www.javbus.com/ANX-033,
DMBJ-028 波多野結衣にお説教されたいっ！,DMBJ-028 波多野結衣にお説教されたいっ！,DMBJ-028,,2013-09-25,101分鐘,,ジャネス,MBCプラチナム,○○にお説教されたいっ！,舔陰、顏面騎乘、單體作品、打手槍,波多野結衣,https://www.javbus.com/DMBJ-028,
ARM-283 プレミアム睾丸回春エステ3 feat.波多野結衣,ARM-283 プレミアム睾丸回春エステ3 feat.波多野結衣,ARM-283,,2013-09-25,125分鐘,角脇しげお,アロマ企画,AROMA,プレミアム睾丸回春エステ,其他戀物癖、美容院、按摩、單體作品、DMM獨家,波多野結衣,https://www.javbus.com/ARM-283,
GG-238 禁断介護 波多野結衣,GG-238 禁断介護 波多野結衣,GG-238,,2013-09-19,130分鐘,三島六三郎,グローリークエスト,GLORYQUEST,禁断介護,其他戀物癖、亂倫、已婚婦女、高畫質、巨乳、單體作品,波多野結衣,https://www.javbus.com/GG-238,
GXAZ-007 仮性包茎LOVEのキレイなお姉さん 波多野結衣,GXAZ-007 仮性包茎LOVEのキレイなお姉さん 波多野結衣,GXAZ-007,,2013-09-15,101分鐘,,ジャネス,MANIAPlay,,其他戀物癖、姐姐、單體作品,波多野結衣,https://www.javbus.com/GXAZ-007,
KCPN-043 勝舞ぶっかけ中出し再降臨 波多野結衣,KCPN-043 勝舞ぶっかけ中出し再降臨 波多野結衣,KCPN-043,,2013-09-13,114分鐘,KA★ZU,CREAMPIE,クリームパイ,,屁股、乳房、中出、單體作品、DMM獨家、顏射,波多野結衣,https://www.javbus.com/KCPN-043,
BF-264 波多野結衣4時間SPECIAL,BF-264 波多野結衣4時間SPECIAL,BF-264,,2013-09-07,238分鐘,,BeFree,BeFree,,家教、合集、纪录片、中出、DMM獨家、顏射,波多野結衣,https://www.javbus.com/BF-264,
ATFB-170 甘えん坊のボクに浴びせられる優しい淫語 波多野結衣,ATFB-170 甘えん坊のボクに浴びせられる優しい淫語 波多野結衣,ATFB-170,,2013-09-01,101分鐘,,FetishBox/妄想族,FetishBox/妄想族,甘えん坊のボクに浴びせられる優しい淫語,蕩婦、淫語、單體作品、DMM獨家,波多野結衣,https://www.javbus.com/ATFB-170,
BEB-090 青姦露出-止まらない色情狂の淫乱オンナ- 波多野結衣,BEB-090 青姦露出-止まらない色情狂の淫乱オンナ- 波多野結衣,BEB-090,,2013-08-23,118分鐘,ザック荒井,美,美ッ痴,青姦露出,蕩婦、野外・露出、濫交、DVD多士爐、高畫質、巨乳、單體作品、DMM獨家,波多野結衣,https://www.javbus.com/BEB-090,
BF-261 美人女将に誘われて… 1泊2日中出しドキュメント 波多野結衣,BF-261 美人女将に誘われて… 1泊2日中出しドキュメント 波多野結衣,BF-261,,2013-08-02,137分鐘,ばってん九州男,BeFree,BeFree,,第一人稱攝影、纪录片、女主人、女老板、中出、高畫質、單體作品、DMM獨家,波多野結衣,https://www.javbus.com/BF-261,
ZKRA-003 若妻は痴女 ～誘惑ミセスのペニス狩り～ 波多野結衣,ZKRA-003 若妻は痴女 ～誘惑ミセスのペニス狩り～ 波多野結衣,ZKRA-003,,2013-07-18,131分鐘,,マニアゼロ,ざくろ（マニアゼロ）,,蕩婦、新娘、年輕妻子、巨乳、單體作品、打手槍,波多野結衣,https://www.javbus.com/ZKRA-003,
GXAZ-005 ムチ！ぴた！タイトスカート 波多野結衣,GXAZ-005 ムチ！ぴた！タイトスカート 波多野結衣,GXAZ-005,,2013-07-15,99分鐘,,ジャネス,MANIAPlay,,屁股、內衣、單體作品,波多野結衣,https://www.javbus.com/GXAZ-005,
ATFB-160 見つめられながらの上品な卑猥語 波多野結衣,ATFB-160 見つめられながらの上品な卑猥語 波多野結衣,ATFB-160,,2013-07-15,103分鐘,,FetishBox/妄想族,FetishBox/妄想族,見つめられながらの上品な卑猥語,蕩婦、淫語、眼鏡、單體作品、DMM獨家,波多野結衣,https://www.javbus.com/ATFB-160,
NATR-245 レイプされた若妻 ある日の出来事 波多野結衣,NATR-245 レイプされた若妻 ある日の出来事 波多野結衣,NATR-245,,2013-07-12,125分鐘,GA-SU,なでしこ,Nadeshiko,,強姦、新娘、年輕妻子、巨乳、單體作品,波多野結衣,https://www.javbus.com/NATR-245,
SDMT-953 世田谷区在住 美人OL結衣24歳 恥辱まみれの輪姦レイプ,SDMT-953 世田谷区在住 美人OL結衣24歳 恥辱まみれの輪姦レイプ,SDMT-953,,2013-07-06,110分鐘,宮瀬博教,SODクリエイト,SODクリエイト,,企畫、OL、強姦、偷窥、輪姦、DVD多士爐、高畫質,波多野結衣,https://www.javbus.com/SDMT-953,
WANZ-076 10発中出しするまで勃起させちゃうお姉様SEXテクニック 波多野結衣,WANZ-076 10発中出しするまで勃起させちゃうお姉様SEXテクニック 波多野結衣,WANZ-076,,2013-07-01,116分鐘,,ワンズファクトリー,WANZ,10発中出しするまで勃起させちゃうお姉様SEXテクニック,蕩婦、淫語、姐姐、中出、DVD多士爐、高畫質、單體作品、DMM獨家,波多野結衣,https://www.javbus.com/WANZ-076,
VICD-248 女監督ハルナの最高に過激なレズ ペニバン肛門FUCKエステ 波多野結衣,VICD-248 女監督ハルナの最高に過激なレズ ペニバン肛門FUCKエステ 波多野結衣,VICD-248,,2013-06-27,237分鐘,ハルナ,ヴィ,V,女監督ハルナの最高に過激なレズ,女同性戀、潮吹、數位馬賽克、高畫質、單體作品、DMM獨家、肛交,波多野結衣,https://www.javbus.com/VICD-248,
QEEA-001 脳内調教！働くお姉さんのM男射精管理とアナルドライオーガズム 波多野結衣,QEEA-001 脳内調教！働くお姉さんのM男射精管理とアナルドライオーガズム 波多野結衣,QEEA-001,,2013-06-25,102分鐘,,ジャネス,クイーンダム,脳内調教！働くお姉さんのM男射精管理とアナルドライオーガズム,玩具、护士、妓女、各種職業、性奴、舔陰、單體作品,波多野結衣,https://www.javbus.com/QEEA-001,
DJDK-009 Dance Crazy 波多野結衣,DJDK-009 Dance Crazy 波多野結衣,DJDK-009,,2013-06-15,105分鐘,秀吉,ジャネス,DANCE,,身體意識、連褲襪、屁股、緊身衣、跳舞、單體作品、局部特寫,波多野結衣,https://www.javbus.com/DJDK-009,
JUX-089 隣家の嫁 波多野結衣,JUX-089 隣家の嫁 波多野結衣,JUX-089,,2013-06-06,118分鐘,星野桃次郎,マドンナ,Madonna,隣家の嫁,成熟的女人、已婚婦女、數位馬賽克、凌辱、羞恥、DVD多士爐、高畫質、出軌、單體作品、DMM獨家,波多野結衣,https://www.javbus.com/JUX-089,
DKYF-27 マエバリ！メコスジ！アナル！ 究極なストリップダンサー 波多野結衣,DKYF-27 マエバリ！メコスジ！アナル！ 究極なストリップダンサー 波多野結衣,DKYF-27,,2013-06-05,109分鐘,AKIRA,ジャネス,究極,,护士、屁股、跳舞、乳房、單體作品、肛交,波多野結衣,https://www.javbus.com/DKYF-27,
OKSN-151 近親相姦 息子へのSEXレッスン デジタルモザイク匠 波多野結衣,OKSN-151 近親相姦 息子へのSEXレッスン デジタルモザイク匠 波多野結衣,OKSN-151,,2013-05-31,118分鐘,,ABC/妄想族,お母さん.com/ABC,近親相姦息子へのSEXレッスン,成熟的女人、母親、亂倫、已婚婦女、數位馬賽克、DVD多士爐、單體作品、DMM獨家,波多野結衣,https://www.javbus.com/OKSN-151,
DJSK-016 淫語！寸止め！強制発射！射精管理痴女 波多野結衣,DJSK-016 淫語！寸止め！強制発射！射精管理痴女 波多野結衣,DJSK-016,,2013-05-25,110分鐘,秀吉,ジャネス,MANIA痴女,淫語！寸止め！強制発射！射精管理痴女,蕩婦、淫語、單體作品、打手槍,波多野結衣,https://www.javbus.com/DJSK-016,
NATR-213 若妻 波多野結衣 スペシャル 4時間,NATR-213 若妻 波多野結衣 スペシャル 4時間,NATR-213,,2013-05-24,243分鐘,,なでしこ,Nadeshiko,,蕩婦、新娘、年輕妻子、單體作品、打手槍,波多野結衣,https://www.javbus.com/NATR-213,
TBXX-01 ヒロイン和姦・痴女・凌辱 波多野結衣,TBXX-01 ヒロイン和姦・痴女・凌辱 波多野結衣,TBXX-01,,2013-05-24,111分鐘,スティーブン・N・ジョーンズJr,GIGA,GIGA,,凌辱、特效、女戰士、巨乳、單體作品,波多野結衣,https://www.javbus.com/TBXX-01,
DDB-215 淫語痴女 波多野結衣,DDB-215 淫語痴女 波多野結衣,DDB-215,,2013-05-17,127分鐘,ビーバップ・みのる,ドグマ,Dogma,淫語痴女（ドグマ）,蕩婦、淫語、DVD多士爐、主觀視角、單體作品、DMM獨家、打手槍,波多野結衣,https://www.javbus.com/DDB-215,
SFBA-011 ぴたぴたレオタードのザーメン泥棒 波多野結衣,SFBA-011 ぴたぴたレオタードのザーメン泥棒 波多野結衣,SFBA-011,,2013-05-17,102分鐘,,FetishBox/妄想族,addiction（FetishBox/妄想族）,ぴたぴたレオタードのザーメン泥棒,蕩婦、緊身衣、單體作品、DMM獨家,波多野結衣,https://www.javbus.com/SFBA-011,
AZSA-001 深夜特急 不倫たび …今日だけは激しく抱いてほしい…。 波多野結衣,AZSA-001 深夜特急 不倫たび …今日だけは激しく抱いてほしい…。 波多野結衣,AZSA-001,,2013-05-16,138分鐘,大村大,タカラ映像,特急,深夜特急不倫たび,第一人稱攝影、已婚婦女、通姦、高畫質、單體作品,波多野結衣,https://www.javbus.com/AZSA-001,
DMBJ-020 ボンデージの虜 M男調教QUEEN 波多野結衣,DMBJ-020 ボンデージの虜 M男調教QUEEN 波多野結衣,DMBJ-020,,2013-05-15,100分鐘,,ジャネス,MBCプラチナム,ボンデージの虜,放尿、連褲襪、性奴、足交、緊縛、單體作品、打手槍,波多野結衣,https://www.javbus.com/DMBJ-020,
BF-247 ナースの告白 淫らな中出し院内情事 波多野結衣,BF-247 ナースの告白 淫らな中出し院内情事 波多野結衣,BF-247,,2013-05-03,158分鐘,ばってん九州男,BeFree,BeFree,ナースの告白,护士、第一人稱攝影、纪录片、高畫質、單體作品、DMM獨家,波多野結衣,https://www.javbus.com/BF-247,
WANZ-064 ランジェリーナ 結衣,WANZ-064 ランジェリーナ 結衣,WANZ-064,,2013-05-01,118分鐘,,ワンズファクトリー,WANZ,ランジェリーナ,护士、第一人稱攝影、其他戀物癖、DVD多士爐、高畫質、DMM獨家、內衣,波多野結衣,https://www.javbus.com/WANZ-064,
MUGON-090 凛々しい秘書といやらしいセックス インテリ美女と肉体関係 波多野結衣,MUGON-090 凛々しい秘書といやらしいセックス インテリ美女と肉体関係 波多野結衣,MUGON-090,,2013-04-26,119分鐘,,無言/妄想族,無言,○○といやらしいセックス,第一人稱攝影、口交、秘書、單體作品、DMM獨家、自慰、跳蛋,波多野結衣,https://www.javbus.com/MUGON-090,
DJSH-014 人妻 波多野結衣 DX4時間,DJSH-014 人妻 波多野結衣 DX4時間,DJSH-014,,2013-04-15,242分鐘,,ジャネス,艶女,,成熟的女人、已婚婦女、多P、4小時以上作品、顏面騎乘、單體作品,波多野結衣,https://www.javbus.com/DJSH-014,
OKSN-140 淫乱！ 波多野結衣の卑猥な性活 デジタルモザイク匠 波多野結衣,OKSN-140 淫乱！ 波多野結衣の卑猥な性活 デジタルモザイク匠 波多野結衣,OKSN-140,,2013-04-14,119分鐘,,ABC/妄想族,お母さん.com/ABC,○○の卑猥な性活,成熟的女人、母親、亂倫、已婚婦女、數位馬賽克、DVD多士爐、單體作品、DMM獨家,波多野結衣,https://www.javbus.com/OKSN-140,
AMRC-005 痴女な若妻 波多野結衣,AMRC-005 痴女な若妻 波多野結衣,AMRC-005,,2013-04-03,131分鐘,,マニアゼロ,AMORE,,蕩婦、新娘、年輕妻子、單體作品,波多野結衣,https://www.javbus.com/AMRC-005,
EMCS-004 Sランク！美熟女 波多野結衣,EMCS-004 Sランク！美熟女 波多野結衣,EMCS-004,,2013-03-29,99分鐘,前田幸三,抜玉/エマニエル,抜玉/エマニエル,Sランク！美熟女,濫交、已婚婦女、爛醉如泥的、按摩、單體作品、DMM獨家,波多野結衣,https://www.javbus.com/EMCS-004,
DMBL-003 コルセットQUEENスーパーボディー 波多野結衣,DMBL-003 コルセットQUEENスーパーボディー 波多野結衣,DMBL-003,,2013-03-25,101分鐘,,ジャネス,MAZOBOYSCLUB,,玩具、放尿、其他戀物癖、顏面騎乘、單體作品、打手槍,波多野結衣,https://www.javbus.com/DMBL-003,
AXAA-006 妄想セレブマダムの淫語 6 波多野結衣,AXAA-006 妄想セレブマダムの淫語 6 波多野結衣,AXAA-006,,2013-03-15,110分鐘,,ジャネス,艶女,妄想セレブマダムの淫語,蕩婦、淫語、已婚婦女、單體作品,波多野結衣,https://www.javbus.com/AXAA-006,
EMBU-001 痴妻 波多野結衣,EMBU-001 痴妻 波多野結衣,EMBU-001,,2013-03-15,140分鐘,,DX/エマニエル,DX（エマニエル）,,蕩婦、成熟的女人、已婚婦女、單體作品、DMM獨家、自慰、打手槍,波多野結衣,https://www.javbus.com/EMBU-001,
HAVD-852 生徒に親切で優しい保健室の先生の手コキと父兄の陵辱セックスと接吻 波多野結衣,HAVD-852 生徒に親切で優しい保健室の先生の手コキと父兄の陵辱セックスと接吻 波多野結衣,HAVD-852,,2013-03-07,119分鐘,羅生門,ヒビノ,HIBINO,,企畫、女教師、凌辱、高畫質、單體作品、打手槍,波多野結衣,https://www.javbus.com/HAVD-852,
NLD-018 逆◆チクビ痴漢 波多野結衣,NLD-018 逆◆チクビ痴漢 波多野結衣,NLD-018,,2013-03-07,114分鐘,,ドリームチケット,ドリームチケット,逆◆チクビ痴漢,蕩婦、其他戀物癖、性騷擾、DVD多士爐、高畫質、單體作品,波多野結衣,https://www.javbus.com/NLD-018,
NFDM-278 ドSで痴女の家庭教師にM開発され何度も射精させられた。 波多野結衣,NFDM-278 ドSで痴女の家庭教師にM開発され何度も射精させられた。 波多野結衣,NFDM-278,,2013-03-05,105分鐘,,フリーダム,フリーダム,何度も射精させられた。,蕩婦、家教、高畫質、巨乳、單體作品,波多野結衣,https://www.javbus.com/NFDM-278,
ATFB-135 ゴージャスボディーがしゃぶりつく 波多野結衣,ATFB-135 ゴージャスボディーがしゃぶりつく 波多野結衣,ATFB-135,,2013-01-27,103分鐘,,FetishBox/妄想族,FetishBox/妄想族,ゴージャスボディーがしゃぶりつく,蕩婦、淫語、單體作品,波多野結衣,https://www.javbus.com/ATFB-135,
DJSK-011 淫らな言葉ぶっかけてあげるわ 魔性痴女の官能淫語プレイ 波多野結衣,DJSK-011 淫らな言葉ぶっかけてあげるわ 魔性痴女の官能淫語プレイ 波多野結衣,DJSK-011,,2013-01-20,103分鐘,,ジャネス,MANIA痴女,淫らな言葉ぶっかけてあげるわ,淫語、單體作品、內衣,波多野結衣,https://www.javbus.com/DJSK-011,
HAVD-848 美人温泉若女将 ～色白美肌に群がる男汁～ 波多野結衣,HAVD-848 美人温泉若女将 ～色白美肌に群がる男汁～ 波多野結衣,HAVD-848,,2013-01-20,118分鐘,村山恭助,ヒビノ,HIBINO,,和服・喪服、女主人、女老板、女優按摩棒、高畫質、單體作品,波多野結衣,https://www.javbus.com/HAVD-848,
MDYD-749 欲求不満なマッサージ師の妻 ～若妻はデカチンに夢中～ 波多野結衣,MDYD-749 欲求不満なマッサージ師の妻 ～若妻はデカチンに夢中～ 波多野結衣,MDYD-749,,2013-01-11,117分鐘,溜池ゴロー,溜池ゴロー,溜池ゴロー,,成熟的女人、新娘、年輕妻子、按摩、DVD多士爐、高畫質、出軌、單體作品、DMM獨家,波多野結衣,https://www.javbus.com/MDYD-749,
WANZ-039 ソープに堕ちた女教師 波多野結衣,WANZ-039 ソープに堕ちた女教師 波多野結衣,WANZ-039,,2013-01-01,117分鐘,,ワンズファクトリー,WANZ,ソープに堕ちた女教師,女教師、妓女、姐姐、凌辱、DVD多士爐、高畫質、單體作品、DMM獨家,波多野結衣,https://www.javbus.com/WANZ-039,
HBAD-202 再婚した親父の嫁は美しすぎて色っぽく僕のチ○ポを弄ぶ若義母 波多野結衣,HBAD-202 再婚した親父の嫁は美しすぎて色っぽく僕のチ○ポを弄ぶ若義母 波多野結衣,HBAD-202,,2012-12-22,120分鐘,村山恭助,ヒビノ,BABE,,和服・喪服、亂倫、婆婆、高畫質、單體作品,波多野結衣,https://www.javbus.com/HBAD-202,
SPRD-613 温泉ソープに堕ちた妻 波多野結衣,SPRD-613 温泉ソープに堕ちた妻 波多野結衣,SPRD-613,,2012-12-19,132分鐘,九十九究太,タカラ映像,ALEDDIN,温泉ソープに堕ちた妻,妓女、已婚婦女、DVD多士爐、高畫質、單體作品,波多野結衣,https://www.javbus.com/SPRD-613,
MADA-073 義父を誘惑する不貞妻 波多野結衣,MADA-073 義父を誘惑する不貞妻 波多野結衣,MADA-073,,2012-12-17,115分鐘,きとるね川口,マダムス,マダムス,義父を誘惑する不貞妻,乳交、已婚婦女、巨乳、單體作品,波多野結衣,https://www.javbus.com/MADA-073,
OKSN-118 近親相姦 美乳と美尻は僕のモノ 新フェチモザイク 波多野結衣,OKSN-118 近親相姦 美乳と美尻は僕のモノ 新フェチモザイク 波多野結衣,OKSN-118,,2012-12-14,119分鐘,,ABC/妄想族,お母さん.com/ABC,近親相姦美乳と美尻は僕のモノ,成熟的女人、母親、亂倫、已婚婦女、數位馬賽克、DVD多士爐、單體作品,波多野結衣,https://www.javbus.com/OKSN-118,
KCPN-023 懇願・中出し妻降臨 波多野結衣,KCPN-023 懇願・中出し妻降臨 波多野結衣,KCPN-023,,2012-12-10,119分鐘,KA★ZU,CREAMPIE,クリームパイ,,苗條、其他戀物癖、已婚婦女、凌辱、中出、高畫質、單體作品、DMM獨家,波多野結衣,https://www.javbus.com/KCPN-023,
MDYD-740 肉欲暗示 催眠によって犯された上司の妻 波多野結衣,MDYD-740 肉欲暗示 催眠によって犯された上司の妻 波多野結衣,MDYD-740,,2012-12-09,118分鐘,ながしめ,溜池ゴロー,溜池ゴロー,肉欲暗示,成熟的女人、新娘、年輕妻子、性奴、催眠、DVD多士爐、高畫質、單體作品、DMM獨家,波多野結衣,https://www.javbus.com/MDYD-740,
BF-221 スチュワーデス、結衣 卑猥な中出し性交 波多野結衣,BF-221 スチュワーデス、結衣 卑猥な中出し性交 波多野結衣,BF-221,,2012-12-06,121分鐘,ばってん九州男,BeFree,BeFree,スチュワーデス、○○,第一人稱攝影、空中小姐、纪录片、中出、DVD多士爐、高畫質、單體作品、DMM獨家,波多野結衣,https://www.javbus.com/BF-221,
NLD-015 乳首快楽Men’sサロン ゾクゾクしながら…癒されたい 波多野結衣,NLD-015 乳首快楽Men’sサロン ゾクゾクしながら…癒されたい 波多野結衣,NLD-015,,2012-11-07,114分鐘,,ドリームチケット,ドリームチケット,乳首快楽Men’sサロン,69、美容院、按摩、DVD多士爐、高畫質、單體作品,波多野結衣,https://www.javbus.com/NLD-015,
HBAD-198 優しい義姉の白い指が、内緒でボクのチ○ポに触れた時 波多野結衣,HBAD-198 優しい義姉の白い指が、内緒でボクのチ○ポに触れた時 波多野結衣,HBAD-198,,2012-11-06,119分鐘,村山恭助,ヒビノ,BABE,,亂倫、姐姐、高畫質、單體作品,波多野結衣,https://www.javbus.com/HBAD-198,
HXAQ-003 淫乱お姉さんの職業別バーチャルパンストプレイ 3 波多野結衣,HXAQ-003 淫乱お姉さんの職業別バーチャルパンストプレイ 3 波多野結衣,HXAQ-003,,2012-11-05,86分鐘,N,ジャネス,Fetishパンスト,淫乱お姉さんの職業別バーチャルパンストプレイ,其他戀物癖、各種職業、連褲襪、姐姐、單體作品,波多野結衣,https://www.javbus.com/HXAQ-003,
SW-134 上司の奥さんは欲求不満パンチラで主人の部下の若い勃起チ○ポを待っている,SW-134 上司の奥さんは欲求不満パンチラで主人の部下の若い勃起チ○ポを待っている,SW-134,,2012-10-06,120分鐘,よっちゃん,SWITCH,SWITCH（SWITCH）,,企畫、口交、已婚婦女、新娘、年輕妻子、DVD多士爐、高畫質、內衣,波多野結衣,https://www.javbus.com/SW-134,
STM-030 極・縛馬 其の四 波多野結衣,STM-030 極・縛馬 其の四 波多野結衣,STM-030,,2012-09-21,108分鐘,,MAD,嵐（MAD）,極・縛馬,紧缚、凌辱、單體作品,波多野結衣,https://www.javbus.com/STM-030,
VENU-270 近親相姦 エロ尻母 波多野結衣,VENU-270 近親相姦 エロ尻母 波多野結衣,VENU-270,,2012-09-17,96分鐘,SARU,VENUS,女神（ヴィーナス）,近親相姦（VENUS）,成熟的女人、母親、亂倫、已婚婦女、屁股、單體作品,波多野結衣,https://www.javbus.com/VENU-270,
NATR-139 近親相姦 義母の誘惑 波多野結衣,NATR-139 近親相姦 義母の誘惑 波多野結衣,NATR-139,,2012-08-24,140分鐘,GA-SU,なでしこ,Nadeshiko,近●相姦,蕩婦、亂倫、婆婆、單體作品,波多野結衣,https://www.javbus.com/NATR-139,
NATR-131 夫の目の前で犯されてしまう美人妻 2 波多野結衣,NATR-131 夫の目の前で犯されてしまう美人妻 2 波多野結衣,NATR-131,,2012-08-16,135分鐘,GA-SU,なでしこ,Nadeshiko,夫の目の前で犯されてしまう美人妻,強姦、已婚婦女、單體作品、打手槍,波多野結衣,https://www.javbus.com/NATR-131,
KCPB-006 PREMIUM 生姦中出し 223min 波多野結衣,KCPB-006 PREMIUM 生姦中出し 223min 波多野結衣,KCPB-006,,2012-08-10,222分鐘,KAZU,CREAMPIE,クリームパイ,PREMIUM生姦中出し,合集、多P、凌辱、中出、巨乳、單體作品、DMM獨家,波多野結衣,https://www.javbus.com/KCPB-006,
KJK-004 GLORY BODY エロイイ女をハメ倒せ！！ 波多野結衣,KJK-004 GLORY BODY エロイイ女をハメ倒せ！！ 波多野結衣,KJK-004,,2012-08-03,198分鐘,RED☆,みるきぃぷりん♪,エンジェルズ,GLORYBODY,強姦、花癡、姐姐、多P、高畫質、單體作品、顏射,波多野結衣,https://www.javbus.com/KJK-004,
DSMM-010 女王様バイブル 9 M奴隷アナル拡張計画 波多野結衣,DSMM-010 女王様バイブル 9 M奴隷アナル拡張計画 波多野結衣,DSMM-010,,2012-07-25,109分鐘,Madoromi,ジャネス,BS,女王様バイブルM奴隷アナル拡張計画,蕩婦、顏面騎乘、緊縛、單體作品、肛交,波多野結衣,https://www.javbus.com/DSMM-010,
PSD-456 癒らし。 VOL.86 波多野結衣,PSD-456 癒らし。 VOL.86 波多野結衣,PSD-456,,2012-07-17,130分鐘,大田優,アウダースジャパン,PLUS,癒らし。,口交、乳房、女上位、主觀視角、戀愛、單體作品,波多野結衣,https://www.javbus.com/PSD-456,
RCT-389 同じマンションに住む綺麗なお姉さんと廊下ですれ違い様に即合体。,RCT-389 同じマンションに住む綺麗なお姉さんと廊下ですれ違い様に即合体。,RCT-389,,2012-04-22,136分鐘,ささきうずまき,ROCKET,ROCKET,,企畫、姐姐、多P、數位馬賽克、DVD多士爐、立即口交,波多野結衣,https://www.javbus.com/RCT-389,
JUC-801 監禁されて、犯されて… ～間違えられた人妻～ 波多野結衣,JUC-801 監禁されて、犯されて… ～間違えられた人妻～ 波多野結衣,JUC-801,,2012-04-19,120分鐘,ハッピー池田,マドンナ,Madonna,監禁されて、犯されて…,成熟的女人、強姦、監禁、已婚婦女、數位馬賽克、凌辱、DVD多士爐、高畫質、單體作品、DMM獨家,波多野結衣,https://www.javbus.com/JUC-801,
ATKD-184 THE BEST OF 波多野結衣,ATKD-184 THE BEST OF 波多野結衣,ATKD-184,,2012-04-05,437分鐘,,アタッカーズ,AttackersBEST,THEBESTOF（アタッカーズ）,強姦、合集、凌辱、單體作品、DMM獨家,波多野結衣,https://www.javbus.com/ATKD-184,
VENU-224 近親［無言］相姦 隣にお父さんがいるのよ… 波多野結衣,VENU-224 近親［無言］相姦 隣にお父さんがいるのよ… 波多野結衣,VENU-224,,2012-03-31,84分鐘,SARU,VENUS,女神（ヴィーナス）,近親［無言］相姦,成熟的女人、母親、亂倫、已婚婦女、單體作品,波多野結衣,https://www.javbus.com/VENU-224,
PSD-454 「熟女の口はもっと嘘をつく。」 熟雌女anthology ＃077 波多野結衣,PSD-454 「熟女の口はもっと嘘をつく。」 熟雌女anthology ＃077 波多野結衣,PSD-454,,2012-03-06,201分鐘,,アウダースジャパン,PLUS,熟雌女anthology,蕩婦、成熟的女人、淫語、各種職業、主觀視角、單體作品,波多野結衣,https://www.javbus.com/PSD-454,
KWS-006 極上女の卑猥な濃厚ファック 波多野結衣,KWS-006 極上女の卑猥な濃厚ファック 波多野結衣,KWS-006,,2012-02-21,108分鐘,,ワンズファクトリー,WANZ,,多P、手指插入、及膝襪、巨乳、單體作品,波多野結衣,https://www.javbus.com/KWS-006,
VEQ-012 S級熟女コンプリートファイル 波多野結衣 4時間,VEQ-012 S級熟女コンプリートファイル 波多野結衣 4時間,VEQ-012,,2012-02-19,242分鐘,,VENUS,ヴィーナス（VENUS）,S級熟女（VENUS）,成熟的女人、合集、已婚婦女、單體作品,波多野結衣,https://www.javbus.com/VEQ-012,
WA-190 顔見知りの美乳妻痴漢了解,WA-190 顔見知りの美乳妻痴漢了解,WA-190,,2012-01-07,132分鐘,,ロータス,LOTUS,,已婚婦女、性騷擾、乳房、中出、爛醉如泥的、高畫質,波多野結衣,https://www.javbus.com/WA-190,
SAMA-415 若妻不倫温泉 19,SAMA-415 若妻不倫温泉 19,SAMA-415,,2011-12-21,114分鐘,,S級素人,S級素人,若妻不倫温泉,業餘、第一人稱攝影、新娘、年輕妻子、中出,波多野結衣,https://www.javbus.com/SAMA-415,
MAD-154 ピンクスパイダー 2 波多野結衣,MAD-154 ピンクスパイダー 2 波多野結衣,MAD-154,,2011-11-11,118分鐘,,MAD,雷,ピンクスパイダー,玩具、拘束、凌辱、巨乳、單體作品,波多野結衣,https://www.javbus.com/MAD-154,
HERY-002 種付け女学園…養護教諭 結衣,HERY-002 種付け女学園…養護教諭 結衣,HERY-002,,2011-10-10,122分鐘,魯山神,HERO,イエロー（HERO）,種付け女学園,第一人稱攝影、濫交、女教師、中出、巨乳、單體作品,波多野結衣,https://www.javbus.com/HERY-002,
RBD-312 未亡人の柔肌4 波多野結衣,RBD-312 未亡人の柔肌4 波多野結衣,RBD-312,,2011-10-06,117分鐘,中目黒浩治,アタッカーズ,龍縛,未亡人の柔肌,強姦、寡婦、凌辱、DVD多士爐、高畫質、單體作品、DMM獨家,波多野結衣,https://www.javbus.com/RBD-312,
YSN-287 イキ地獄 波多野結衣,YSN-287 イキ地獄 波多野結衣,YSN-287,,2011-09-15,119分鐘,,NON,NON,イキ地獄,花癡、多P、拘束、DVD多士爐、按摩棒、單體作品,波多野結衣,https://www.javbus.com/YSN-287,
HAVD-794 義父のねちっこい接吻のトリコになってしまった若妻 波多野結衣,HAVD-794 義父のねちっこい接吻のトリコになってしまった若妻 波多野結衣,HAVD-794,,2011-08-21,107分鐘,鳥浜浩,ヒビノ,HIBINO,義父の○○接吻のトリコになってしまった若妻,亂倫、已婚婦女、新娘、年輕妻子、DVD多士爐、單體作品,波多野結衣,https://www.javbus.com/HAVD-794,
NATR-040 借金まみれの人妻が裏撮影会で肉体返済 波多野結衣,NATR-040 借金まみれの人妻が裏撮影会で肉体返済 波多野結衣,NATR-040,,2011-08-12,112分鐘,小坂井徹,なでしこ,Nadeshiko,借金まみれの人妻が裏撮影会で肉体返済,成熟的女人、已婚婦女、拘束、凌辱、羞恥、單體作品,波多野結衣,https://www.javbus.com/NATR-040,
VENU-151 近親相姦 ノーパン義母 波多野結衣,VENU-151 近親相姦 ノーパン義母 波多野結衣,VENU-151,,2011-07-15,88分鐘,カニエ,VENUS,女神（ヴィーナス）,近親相姦（VENUS）,成熟的女人、亂倫、已婚婦女、手指插入、婆婆、單體作品,波多野結衣,https://www.javbus.com/VENU-151,
VEMA-043 ドスケベ家政婦の卑猥なお仕事 波多野結衣,VEMA-043 ドスケベ家政婦の卑猥なお仕事 波多野結衣,VEMA-043,,2011-05-29,88分鐘,玉塚びんご,VENUS,女神（ヴィーナス）,ドスケベ家政婦の卑猥なお仕事,成熟的女人、各種職業、已婚婦女、單體作品,波多野結衣,https://www.javbus.com/VEMA-043,
SAMA-336 カラダを売りにするS級素人 ゆい ～ふたたび～,SAMA-336 カラダを売りにするS級素人 ゆい ～ふたたび～,SAMA-336,,2011-05-25,112分鐘,,S級素人,S級素人,カラダを売りにするS級素人,業餘、第一人稱攝影、多P、乳房、巨乳,波多野結衣,https://www.javbus.com/SAMA-336,
HAVD-779 私、犯されました…夫の目の前で 波多野結衣,HAVD-779 私、犯されました…夫の目の前で 波多野結衣,HAVD-779,,2011-03-19,118分鐘,鳥浜浩,ヒビノ,HIBINO,私、犯されました…夫の目の前で,強姦、新娘、年輕妻子、DVD多士爐、單體作品,波多野結衣,https://www.javbus.com/HAVD-779,
OKSN-059 義母相姦 あなたのお義母さんになりたい 波多野結衣,OKSN-059 義母相姦 あなたのお義母さんになりたい 波多野結衣,OKSN-059,,2011-02-27,120分鐘,,ABC/妄想族,お母さん.com/ABC,あなたのお義母さんになりたい,成熟的女人、女上位、DVD多士爐、婆婆、單體作品、打手槍,波多野結衣,https://www.javbus.com/OKSN-059,
SUN-039 ヒップ大好きしょう太くんのHなイタズラ 波多野結衣,SUN-039 ヒップ大好きしょう太くんのHなイタズラ 波多野結衣,SUN-039,,2011-02-17,118分鐘,,グローリークエスト,少年アンタッチャブル,しょう太くんのHなイタズラ,連褲襪、屁股、秘書、惡作劇、DVD多士爐、顏面騎乘、單體作品,波多野結衣,https://www.javbus.com/SUN-039,
WNZS-150 エロヴィーナス降臨！ 波多野結衣,WNZS-150 エロヴィーナス降臨！ 波多野結衣,WNZS-150,,2011-02-15,114分鐘,,ワンズファクトリー,WANZ,,多P、中出、巨乳、單體作品、顏射,波多野結衣,https://www.javbus.com/WNZS-150,
SAMA-217 カラダを売りにするS級素人 ゆい,SAMA-217 カラダを売りにするS級素人 ゆい,SAMA-217,,2010-12-08,112分鐘,,S級素人,S級素人,カラダを売りにするS級素人,業餘、第一人稱攝影、模特兒、乳房、巨乳,波多野結衣,https://www.javbus.com/SAMA-217,
UPSM-094 Vanilla Body ゆい,UPSM-094 Vanilla Body ゆい,UPSM-094,,2010-11-12,121分鐘,R・G,アップス,UP’S,VanillaBody,多P、數位馬賽克、DVD多士爐、高畫質、單體作品、女生,波多野結衣,https://www.javbus.com/UPSM-094,
EC-103 破廉恥調教人妻 悪い漢のセックスに魅せられて ♀ゆい25歳,EC-103 破廉恥調教人妻 悪い漢のセックスに魅せられて ♀ゆい25歳,EC-103,,2010-11-12,115分鐘,,レアルワークス,ECSTASY（レアルワークス）,,新娘、年輕妻子、性奴、巨乳、單體作品,波多野結衣,https://www.javbus.com/EC-103,
SHKD-425 隣のお姉さんを犯したあの日…6 波多野結衣,SHKD-425 隣のお姉さんを犯したあの日…6 波多野結衣,SHKD-425,,2010-11-05,115分鐘,唯我独尊,アタッカーズ,死夜悪,隣のお姉さんを犯したあの日…,和服・喪服、強姦、連褲襪、DVD多士爐、高畫質、單體作品、DMM獨家,波多野結衣,https://www.javbus.com/SHKD-425,
WIF-024 人妻中出し哀願 其ノ二十三 ゆい,WIF-024 人妻中出し哀願 其ノ二十三 ゆい,WIF-024,,2010-09-24,119分鐘,,青空ソフト,WIFELOVERS,人妻中出し哀願,已婚婦女、中出、單體作品,波多野結衣,https://www.javbus.com/WIF-024,
VENU-069 義母相姦 息子を惑わす淫乱美母 波多野結衣,VENU-069 義母相姦 息子を惑わす淫乱美母 波多野結衣,VENU-069,,2010-09-01,93分鐘,,VENUS,INCEST（ヴィーナス）,義母相姦（VENUS）,成熟的女人、已婚婦女、69、舔陰、婆婆、單體作品,波多野結衣,https://www.javbus.com/VENU-069,
VEC-002 親父の愛人 波多野結衣,VEC-002 親父の愛人 波多野結衣,VEC-002,,2010-08-01,92分鐘,SARU,VENUS,女神（ヴィーナス）,親父の愛人,成熟的女人、苗條、連褲襪、已婚婦女、女上位、單體作品,波多野結衣,https://www.javbus.com/VEC-002,
JUC-343 美嫁禁愛温泉 ～お義父さん、お背中流します～ 波多野結衣,JUC-343 美嫁禁愛温泉 ～お義父さん、お背中流します～ 波多野結衣,JUC-343,,2010-07-07,115分鐘,きとるね川口,マドンナ,Madonna,,和服・喪服、已婚婦女、數位馬賽克、舔陰、女上位、DVD多士爐、高畫質、單體作品、DMM獨家,波多野結衣,https://www.javbus.com/JUC-343,
IESP-545 団地妻の憂い 波多野結衣,IESP-545 団地妻の憂い 波多野結衣,IESP-545,,2010-06-27,113分鐘,,アイエナジー,IENERGY！,団地妻の憂い,已婚婦女、通姦、DVD多士爐、單體作品,波多野結衣,https://www.javbus.com/IESP-545,
SDMT-096 波多野結衣×マジックミラー号,SDMT-096 波多野結衣×マジックミラー号,SDMT-096,,2010-06-13,131分鐘,,SODクリエイト,SODクリエイト,マジックミラー号,已婚婦女、羞恥、單體作品,波多野結衣,https://www.javbus.com/SDMT-096,
HP-021 Honey Pot 21 YUI,HP-021 Honey Pot 21 YUI,HP-021,,2010-05-28,112分鐘,,リバイバル,ReVIVAL,HoneyPot,乳房、乳液、中出、巨乳、單體作品,波多野結衣,https://www.javbus.com/HP-021,
JUC-291 恩師に犯された若妻 波多野結衣,JUC-291 恩師に犯された若妻 波多野結衣,JUC-291,,2010-04-23,117分鐘,ヒフミタツヲ,マドンナ,Madonna,恩師に犯された若妻,強姦、新娘、年輕妻子、數位馬賽克、舔陰、女上位、DVD多士爐、高畫質、單體作品、DMM獨家,波多野結衣,https://www.javbus.com/JUC-291,
ONEM-035 恋夜【ren-ya】 ～第十五章～,ONEM-035 恋夜【ren-ya】 ～第十五章～,ONEM-035,,2010-01-02,115分鐘,,プレステージ,ONEMORE,恋夜【ren-ya】,苗條、各種職業、單體作品,波多野結衣,https://www.javbus.com/ONEM-035,
UPSM-027 OLのアフター7シリーズ 5 電マ責めとお仕置きまで半ベソをかく美乳OL 【化粧品販売会社勤務3年目】,UPSM-027 OLのアフター7シリーズ 5 電マ責めとお仕置きまで半ベソをかく美乳OL 【化粧品販売会社勤務3年目】,UPSM-027,,2009-12-16,120分鐘,バン・デラス,アップス,UP’S,OLのアフター7シリーズ,業餘、OL、數位馬賽克、性奴、女優按摩棒、DVD多士爐、高畫質、單體作品,波多野結衣,https://www.javbus.com/UPSM-027,
SHKD-389 夫の目の前で犯されて- 打ち明けられなくて… 波多野結衣,SHKD-389 夫の目の前で犯されて- 打ち明けられなくて… 波多野結衣,SHKD-389,,2009-12-07,98分鐘,なぎら健造,アタッカーズ,死夜悪,夫の目の前で犯されて,強姦、已婚婦女、舔陰、DVD多士爐、高畫質、顏射、單體作品、DMM獨家,波多野結衣,https://www.javbus.com/SHKD-389,
BNDV-697 100％ 波多野結衣 BEST 4時間,BNDV-697 100％ 波多野結衣 BEST 4時間,BNDV-697,,2009-12-02,239分鐘,ヘリ,h.m.p,VB,100％,放尿、合集、美少女、插入異物、巨乳、單體作品,波多野結衣,https://www.javbus.com/BNDV-697,
ERH-077 制服女子校生中出しcollection 02,ERH-077 制服女子校生中出しcollection 02,ERH-077,,2009-12-01,117分鐘,,EROSHEARTS,EROSHEARTS,制服女子校生中出しcollection,監禁、凌辱、中出、女上位、高中女生、DMM獨家,波多野結衣,https://www.javbus.com/ERH-077,
UPSM-023 ハナザカリOLシリーズ 1 丸の内OL 決戦は金曜日,UPSM-023 ハナザカリOLシリーズ 1 丸の内OL 決戦は金曜日,UPSM-023,,2009-11-13,117分鐘,南★波王,アップス,UP’S,ハナザカリOLシリーズ,業餘、OL、多P、數位馬賽克、舔陰、高畫質、單體作品,波多野結衣,https://www.javbus.com/UPSM-023,
BNDV-655 ism 波多野結衣 Vol.1,BNDV-655 ism 波多野結衣 Vol.1,BNDV-655,,2009-09-23,119分鐘,,h.m.p,VB,ism,角色扮演、合集、69、多P、女上位、單體作品,波多野結衣,https://www.javbus.com/BNDV-655,
BNDV-670 ism 波多野結衣 Vol.2,BNDV-670 ism 波多野結衣 Vol.2,BNDV-670,,2009-09-12,119分鐘,,h.m.p,VB,ism,第一人稱攝影、紧缚、合集、乳房、單體作品、自慰,波多野結衣,https://www.javbus.com/BNDV-670,
RBD-162 あなた、許して…。-すがられて、犯されて- 波多野結衣,RBD-162 あなた、許して…。-すがられて、犯されて- 波多野結衣,RBD-162,,2009-08-07,106分鐘,なぎら健造,アタッカーズ,龍縛,あなた、許して…。,乳交、已婚婦女、舔陰、女上位、DVD多士爐、單體作品、DMM獨家,波多野結衣,https://www.javbus.com/RBD-162,
BF-042 家庭教師ゆい先生のぶっかけ授業,BF-042 家庭教師ゆい先生のぶっかけ授業,BF-042,,2009-07-07,117分鐘,遠藤ケン,BeFree,BeFree,家庭教師○○先生の○○授業,家教、多P、女上位、DMM獨家、顏射,波多野結衣,https://www.javbus.com/BF-042,
BF-040 家庭教師ゆい先生の中出し授業,BF-040 家庭教師ゆい先生の中出し授業,BF-040,,2009-06-05,117分鐘,,BeFree,BeFree,家庭教師○○先生の○○授業,家教、第一人稱攝影、潮吹、中出、顏射、DMM獨家,波多野結衣,https://www.javbus.com/BF-040,
HODV-20557 限界☆羞恥コア！ 波多野結衣,HODV-20557 限界☆羞恥コア！ 波多野結衣,HODV-20557,,2009-04-06,112分鐘,TK,h.m.p,h.m.p,,乳交、拘束、羞恥、女上位、單體作品,波多野結衣,https://www.javbus.com/HODV-20557,
HODV-20551 やりすぎ家庭教師 波多野結衣,HODV-20551 やりすぎ家庭教師 波多野結衣,HODV-20551,,2009-01-21,111分鐘,,h.m.p,h.m.p,やりすぎ家庭教師,家教、強姦、乳交、插入異物、單體作品,波多野結衣,https://www.javbus.com/HODV-20551,
HODV-20544 絶対コス！ 波多野結衣,HODV-20544 絶対コス！ 波多野結衣,HODV-20544,,2008-12-21,120分鐘,,h.m.p,h.m.p,絶対コス！,角色扮演、乳交、多P、女上位、單體作品,波多野結衣,https://www.javbus.com/HODV-20544,
HODV-20537 犯され体質のドMギャル☆ 波多野結衣,HODV-20537 犯され体質のドMギャル☆ 波多野結衣,HODV-20537,,2008-11-21,116分鐘,ポチョムキン,h.m.p,h.m.p,,多P、顏射、單體作品、女生,波多野結衣,https://www.javbus.com/HODV-20537,
XND-012 アメスク 12,XND-012 アメスク 12,XND-012,,2008-09-20,120分鐘,,プレステージ,XANADU（プレステージ）,アメスク,乳交、多P、女上位、顏射、單體作品,波多野結衣,https://www.javbus.com/XND-012,
WIL-014 顔射の美学 01,WIL-014 顔射の美学 01,WIL-014,,2008-08-01,120分鐘,,プレステージ,WILDCHERRY,顔射の美学,乳交、多P、顏射、眼鏡、單體作品,波多野結衣,https://www.javbus.com/WIL-014,
ZER-007 ZERO 素人以上、女優未満 07 波多野結衣,ZER-007 ZERO 素人以上、女優未満 07 波多野結衣,ZER-007,,2008-06-03,228分鐘,,プレステージ,ZERO（プレステージ）,ZERO,第一人稱攝影、乳交、多P、首次亮相、女上位、單體作品,波多野結衣,https://www.javbus.com/ZER-007,
