标题,名称,識別碼,原始番号,發行日期,長度,導演,製作商,發行商,系列,類別,演員,详情页,详情简介
JFB-519 ヌルテカ豊満ボディで最高の快感をご提供！ ヌきまくり極上エステ720分BEST,JFB-519 ヌルテカ豊満ボディで最高の快感をご提供！ ヌきまくり極上エステ720分BEST,JFB-519,,2026-09-11,721分鐘,,Fitch,Fitch,,口交、合集、乳液、中出、4小時以上作品、美容院、高畫質、DMM獨家,多人,https://www.javbus.com/JFB-519,
MIRD-281 MOODYZファン感謝祭バコバコバスツアー2026 20時間25分 バコバス13時間40分＋うらバコ4時間＋未公開シーン収録 完全版,MIRD-281 MOODYZファン感謝祭バコバコバスツアー2026 20時間25分 バコバス13時間40分＋うらバコ4時間＋未公開シーン収録 完全版,MIRD-281,,2026-09-11,1226分鐘,らくだ,ムーディーズ,MOODYZ REAL,バコバコバスツアー,濫交、口交、美少女、高畫質、16時間以上作品、ハーレム、DMM獨家,多人,https://www.javbus.com/MIRD-281,
PBD-525 やっぱり波多野結衣は今が一番エロい！ 最新作品を含む8作品ビッグプレゼント！世界のポルノスター19SEX＆40CumShot,PBD-525 やっぱり波多野結衣は今が一番エロい！ 最新作品を含む8作品ビッグプレゼント！世界のポルノスター19SEX＆40CumShot,PBD-525,,2026-09-11,481分鐘,,プレミアム,PREMIUM BEST,,蕩婦、多P、中出、4小時以上作品、高畫質、女優ベスト・総集編、巨乳、DMM獨家,多人,https://www.javbus.com/PBD-525,
CEAD-767 『オナホ』が『女優のお口』に大変身！『オナホフェラ』でヌいてくれる口淫上手な13人のド淫乱女優達,CEAD-767 『オナホ』が『女優のお口』に大変身！『オナホフェラ』でヌいてくれる口淫上手な13人のド淫乱女優達,CEAD-767,,2026-09-05,169分鐘,,セレブの友,,フェラチオシリーズ,成熟的女人、口交、淫語、主觀視角、高畫質、巨乳、DMM獨家,多人,https://www.javbus.com/CEAD-767,
BBSS-105 「もうイッてるってばぁ！！」 イッタ後も終わらない追撃レズイカセで何度も絶頂しまくるレズビアンアクメ地獄4時間（BBSS-105）,BBSS-105 「もうイッてるってばぁ！！」 イッタ後も終わらない追撃レズイカセで何度も絶頂しまくるレズビアンアクメ地獄4時間（BBSS-105）,BBSS-105,,2026-09-04,240分鐘,,ビビアン,ビビアン,「もうイッてるってばぁ！！」 イッタ後も終わらない追撃レズイカセで何度も絶頂しまくるレズビアンアクメ地獄4時間,蕩婦、女同性戀、4小時以上作品、女同接吻、高畫質、巨乳、アクメ・オーガズム、DMM獨家,多人,https://www.javbus.com/BBSS-105,
AARM-366 最強ご褒美チクビ性感！緩急自在の指技弄り×超濃厚乳首舐め×生乳頭こすり合わせ2,AARM-366 最強ご褒美チクビ性感！緩急自在の指技弄り×超濃厚乳首舐め×生乳頭こすり合わせ2,AARM-366,,2026-09-03,127分鐘,角脇しげお,アロマ企画,AROMA,最強ご褒美チクビ性感！,其他戀物癖、淫語、乳房、高畫質、局部特寫、打手槍,多人,https://www.javbus.com/AARM-366,
VRKM-1875 【VR】孕ませてア・ゲ・ル♪子宮に直撃！！孕ませ騎乗位BEST,VRKM-1875 【VR】孕ませてア・ゲ・ル♪子宮に直撃！！孕ませ騎乗位BEST,VRKM-1875,,2026-09-03,299分鐘,K太郎,ケイ・エム・プロデュース,KMPVR,VR BEST,合集、美少女、中出、女上位、4小時以上作品、VR専用、ハイクオリティVR、DMM獨家、8KVR,多人,https://www.javbus.com/VRKM-1875,
EKAI-023 女王様の折●,EKAI-023 女王様の折●,EKAI-023,,2026-08-29,178分鐘,真咲南朋,ワープエンタテインメント,COBRA（ワープ）,女王様の折●,蕩婦、SM、無毛、已婚婦女、花癡、多P、高畫質、M男、巨乳、女王様、4K、打手槍,多人,https://www.javbus.com/EKAI-023,
JUMS-184 超絶シコいケツ穴モロ見え！マドンナ人妻熟女のオマ○コとアナル二穴同時に堪能できる怒涛の《眼福アングル》ガン突きSEX106本番 8時間BEST！,JUMS-184 超絶シコいケツ穴モロ見え！マドンナ人妻熟女のオマ○コとアナル二穴同時に堪能できる怒涛の《眼福アングル》ガン突きSEX106本番 8時間BEST！,JUMS-184,,2026-08-21,481分鐘,,マドンナ,Madonna,,成熟的女人、合集、已婚婦女、4小時以上作品、高畫質、巨尻、DMM獨家、肛交,多人,https://www.javbus.com/JUMS-184,
CJOB-214 最もシコりやすいシーンをたっぷり収録！射精直前のフェラチオラッシュ100連発Over！,CJOB-214 最もシコりやすいシーンをたっぷり収録！射精直前のフェラチオラッシュ100連発Over！,CJOB-214,,2026-08-21,238分鐘,,痴女ヘブン,痴女ヘブンBEST,,蕩婦、口交、合集、姐姐、美少女、高畫質、DMM獨家,多人,https://www.javbus.com/CJOB-214,
CJOB-213 見つめて乳首をカリカリ！さすさす！こねこね！主観乳首責めで何度も射精ブッコぬかれる僕。,CJOB-213 見つめて乳首をカリカリ！さすさす！こねこね！主観乳首責めで何度も射精ブッコぬかれる僕。,CJOB-213,,2026-08-21,229分鐘,,痴女ヘブン,痴女ヘブンBEST,,蕩婦、口交、合集、女上位、高畫質、DMM獨家、打手槍,多人,https://www.javbus.com/CJOB-213,
AARM-363 波多野結衣の高貴で甘美なベロチュー×Niaの卑猥で強烈すぎるアナル舐め！2枚の淫舌で吸って絡めてしゃぶり尽くす規格外の超絶官能3P性感！！,AARM-363 波多野結衣の高貴で甘美なベロチュー×Niaの卑猥で強烈すぎるアナル舐め！2枚の淫舌で吸って絡めてしゃぶり尽くす規格外の超絶官能3P性感！！,AARM-363,,2026-08-20,125分鐘,角脇しげお,アロマ企画,AROMA,,蕩婦、口交、多P、高畫質、キス・接吻,多人,https://www.javbus.com/AARM-363,
MXDLP-0340 綺麗なお顔に濃厚ザーメン顔射ぶっかけベスト4時間 vol.8 木下ひまり 瀧澤一知佳 三原ほのか 波多野結衣 白衣ゆき,MXDLP-0340 綺麗なお顔に濃厚ザーメン顔射ぶっかけベスト4時間 vol.8 木下ひまり 瀧澤一知佳 三原ほのか 波多野結衣 白衣ゆき,MXDLP-0340,,2026-08-16,241分鐘,,MAXING,MAXING,,苗條、合集、乳房、4小時以上作品、顏射、キス・接吻、美尻、配信専用,多人,https://www.javbus.com/MXDLP-0340,
MXDLP-340 綺麗なお顔に濃厚ザーメン顔射ぶっかけベスト4時間 vol.8,MXDLP-340 綺麗なお顔に濃厚ザーメン顔射ぶっかけベスト4時間 vol.8,MXDLP-340,,2026-08-16,239分鐘,,マキシング,MAXING,綺麗なお顔に濃厚ザーメン顔射ぶっかけ,玩具、苗條、胖女人、合集、4小時以上作品、高畫質、顏射、巨尻、巨乳、アクメ・オーガズム,多人,https://www.javbus.com/MXDLP-340,
MQNC-024 今年の夏もド派手に抜くぜ！季刊性年KMP ‘祭り’ ノーカットBEST 1370分,MQNC-024 今年の夏もド派手に抜くぜ！季刊性年KMP ‘祭り’ ノーカットBEST 1370分,MQNC-024,,2026-08-15,1376分鐘,K太郎,ケイ・エム・プロデュース,million（ミリオン）,KMP大入り福袋セット,蕩婦、中出、高畫質、16時間以上作品、設置項目、巨乳、DMM獨家,多人,https://www.javbus.com/MQNC-024,
MFYD-180 ノンケ詐欺師と真正レズビアン詐欺師のドロ沼ハメあい！！令和史上最大のロマンス詐欺レズビアン,MFYD-180 ノンケ詐欺師と真正レズビアン詐欺師のドロ沼ハメあい！！令和史上最大のロマンス詐欺レズビアン,MFYD-180,,2026-08-14,123分鐘,,TAMEIKE,溜池ゴロー,,成熟的女人、女同性戀、女同接吻、高畫質、戲劇、お風呂、4K、DMM獨家,多人,https://www.javbus.com/MFYD-180,
BBAN-594 このカラダは私だけのもの… 新人アイドル喰い独占洗脳レズビアン,BBAN-594 このカラダは私だけのもの… 新人アイドル喰い独占洗脳レズビアン,BBAN-594,,2026-08-07,136分鐘,三島六三郎,ビビアン,ビビアン,,女同性戀、偶像藝人、拘束、女同接吻、高畫質、DMM獨家,多人,https://www.javbus.com/BBAN-594,
AARM-361 拘束密着乳首弄り×フェラチオ×2回連続発射！！,AARM-361 拘束密着乳首弄り×フェラチオ×2回連続発射！！,AARM-361,,2026-08-06,99分鐘,角脇しげお,アロマ企画,AROMA,,蕩婦、口交、淫語、多P、高畫質,多人,https://www.javbus.com/AARM-361,
BF-770 お義姉さんとのイケナイ遊びベスト,BF-770 お義姉さんとのイケナイ遊びベスト,BF-770,,2026-07-31,481分鐘,,BeFree,BeFree,,蕩婦、合集、姐姐、中出、4小時以上作品、高畫質、DMM獨家,多人,https://www.javbus.com/BF-770,
SAN-481 現役レジェンド女優 波多野結衣＆川上ゆう 8時間30分2枚組,SAN-481 現役レジェンド女優 波多野結衣＆川上ゆう 8時間30分2枚組,SAN-481,,2026-07-29,514分鐘,,マザー,マザー（マザー）,,已婚婦女、中出、4小時以上作品、高畫質、女優ベスト・総集編,多人,https://www.javbus.com/SAN-481,
MDBK-425 極上風俗嬢フルコースBEST 30嬢4時間,MDBK-425 極上風俗嬢フルコースBEST 30嬢4時間,MDBK-425,,2026-07-25,241分鐘,K太郎,BAZOOKA,BAZOOKA（バズーカ）,,合集、妓女、4小時以上作品、高畫質、巨乳、ヘルス・ソープ、DMM獨家,多人,https://www.javbus.com/MDBK-425,
LZBS-128 レズれ！プレミアムベスト10時間SP 愛液と潮が交じり合う女同士の絶頂汁レズ貝合わせ,LZBS-128 レズれ！プレミアムベスト10時間SP 愛液と潮が交じり合う女同士の絶頂汁レズ貝合わせ,LZBS-128,,2026-07-25,602分鐘,,レズれ！,レズれ！ ベスト,レズれ！プレミアムBEST,女同性戀、潮吹、4小時以上作品、女同接吻、高畫質、巨乳、アクメ・オーガズム、DMM獨家,多人,https://www.javbus.com/LZBS-128,
CEMD-873 ド淫乱美女たちが男を極限まで責め立てる！！～変態本気痴女SEX20時間55分8枚組BOX,CEMD-873 ド淫乱美女たちが男を極限まで責め立てる！！～変態本気痴女SEX20時間55分8枚組BOX,CEMD-873,,2026-07-25,1256分鐘,,セレブの友,,,蕩婦、成熟的女人、合集、花癡、中出、16時間以上作品、DMM獨家,多人,https://www.javbus.com/CEMD-873,
CJOB-211 おっぱいちゅぱちゅぱ！しあわせになれる授乳手コキベスト,CJOB-211 おっぱいちゅぱちゅぱ！しあわせになれる授乳手コキベスト,CJOB-211,,2026-07-24,240分鐘,,痴女ヘブン,痴女ヘブンBEST,,蕩婦、合集、4小時以上作品、高畫質、巨乳、DMM獨家、打手槍,多人,https://www.javbus.com/CJOB-211,
JFB-510 溢れ出す圧倒的な色気で男を誘惑！Fitch出演 波多野結衣11タイトル全SEX460分BEST,JFB-510 溢れ出す圧倒的な色気で男を誘惑！Fitch出演 波多野結衣11タイトル全SEX460分BEST,JFB-510,,2026-07-17,460分鐘,,Fitch,Fitch,,蕩婦、口交、中出、4小時以上作品、高畫質、女優ベスト・総集編、ヘルス・ソープ、DMM獨家,多人,https://www.javbus.com/JFB-510,
MXDLP-0335 綺麗なお顔に濃厚ザーメン顔射ぶっかけベスト4時間 vol.7 月見伊織 波多野結衣 松本いちか なるみ杏奈 川瀬なな,MXDLP-0335 綺麗なお顔に濃厚ザーメン顔射ぶっかけベスト4時間 vol.7 月見伊織 波多野結衣 松本いちか なるみ杏奈 川瀬なな,MXDLP-0335,,2026-07-16,255分鐘,,MAXING,MAXING,,苗條、合集、多P、4小時以上作品、顏射、巨乳、配信専用、オモチャ,多人,https://www.javbus.com/MXDLP-0335,
MXDLP-335 綺麗なお顔に濃厚ザーメン顔射ぶっかけベスト4時間 vol.7,MXDLP-335 綺麗なお顔に濃厚ザーメン顔射ぶっかけベスト4時間 vol.7,MXDLP-335,,2026-07-16,254分鐘,,マキシング,MAXING,綺麗なお顔に濃厚ザーメン顔射ぶっかけ,玩具、苗條、胖女人、合集、4小時以上作品、高畫質、顏射、巨尻、巨乳、アクメ・オーガズム,多人,https://www.javbus.com/MXDLP-335,
AARM-357 激しく舌を吸われ続ける濃厚ベロチュー×トルネード寸止めオイル手こき4 美丘さとみ 小谷舞花 波多野結衣 滝ゆいな 白姫かんな,AARM-357 激しく舌を吸われ続ける濃厚ベロチュー×トルネード寸止めオイル手こき4 美丘さとみ 小谷舞花 波多野結衣 滝ゆいな 白姫かんな,AARM-357,,2026-07-14,110分鐘,,アロマ企画,AROMA,,角色扮演、キス・接吻、配信専用、ローション・オイル、フルハイビジョン(FHD)、打手槍,多人,https://www.javbus.com/AARM-357,
VRKM-1837 【VR】淫らに！貪欲に！下品に！理性が吹き飛ぶ危険すぎ快感！NTR BEST5時間,VRKM-1837 【VR】淫らに！貪欲に！下品に！理性が吹き飛ぶ危険すぎ快感！NTR BEST5時間,VRKM-1837,,2026-07-14,300分鐘,K太郎,ケイ・エム・プロデュース,KMPVR,VR BEST,蕩婦、合集、中出、4小時以上作品、出軌、VR専用、ハイクオリティVR、DMM獨家、8KVR,多人,https://www.javbus.com/VRKM-1837,
VRKM-1830 【VR】美女のおくちに白濁精子を発射したいっ口内射精20連発！濃密じゅぽフェラ舐め尽くしBEST,VRKM-1830 【VR】美女のおくちに白濁精子を発射したいっ口内射精20連発！濃密じゅぽフェラ舐め尽くしBEST,VRKM-1830,,2026-07-13,300分鐘,K太郎,ケイ・エム・プロデュース,KMPVR,VR BEST,蕩婦、口交、合集、美少女、中出、4小時以上作品、VR専用、ハイクオリティVR、DMM獨家、8KVR,多人,https://www.javbus.com/VRKM-1830,
BBSS-104 No玩具！やっぱりレズは直接触れ合ってぬくもりを感じるのが一番幸せ！混じり気のない快楽で絶頂を繰り返すTHEナチュラルレズビアンBEST4時間,BBSS-104 No玩具！やっぱりレズは直接触れ合ってぬくもりを感じるのが一番幸せ！混じり気のない快楽で絶頂を繰り返すTHEナチュラルレズビアンBEST4時間,BBSS-104,,2026-07-10,240分鐘,,ビビアン,ビビアン,,蕩婦、女同性戀、美少女、4小時以上作品、女同接吻、高畫質、巨乳、DMM獨家,多人,https://www.javbus.com/BBSS-104,
RCTD-746 ROCKET18周年記念ユーザーリクエスト祭り 魂吹き込み憑依銃 Re:Academy～学園支配編～,RCTD-746 ROCKET18周年記念ユーザーリクエスト祭り 魂吹き込み憑依銃 Re:Academy～学園支配編～,RCTD-746,,2026-07-09,130分鐘,ルート山崎,ROCKET,ROCKET,魂吹き込み憑依銃,企畫、女教師、妄想、高畫質、性別轉型·女性化、高中女生、巨乳、4K,多人,https://www.javbus.com/RCTD-746,
BMW-361 シコシコしながらエッロい舌で必ず2点責めシてくれるドスケベ痴女の舐めじゃくり手コキ55発BEST,BMW-361 シコシコしながらエッロい舌で必ず2点責めシてくれるドスケベ痴女の舐めじゃくり手コキ55発BEST,BMW-361,,2026-07-03,220分鐘,,ワンズファクトリー,WANZ,,蕩婦、合集、高畫質、M男、キス・接吻、DMM獨家、打手槍,多人,https://www.javbus.com/BMW-361,
XVT-071 【FANZA独占】【配信専用】大放尿840分BEST,XVT-071 【FANZA独占】【配信専用】大放尿840分BEST,XVT-071,,2026-07-03,842分鐘,,マックスエー,MAX-A,MAX-A有名女優オムニバスBEST,放尿、潮吹、美少女、4小時以上作品、高畫質、巨乳、DMM獨家,多人,https://www.javbus.com/XVT-071,
KIWVR-877 【VR】【8K】毎晩、俺の精液を200cc採取してくるW爆乳ナース痴女,KIWVR-877 【VR】【8K】毎晩、俺の精液を200cc採取してくるW爆乳ナース痴女,KIWVR-877,,2026-06-23,76分鐘,,こあらVR,極グループ,8K共演【精液搾取W痴女ナース】,蕩婦、护士、多P、中出、VR専用、巨乳、ハイクオリティVR、アクメ・オーガズム、DMM獨家、8KVR,多人,https://www.javbus.com/KIWVR-877,
NACX-173 【31名総集編】くねらす絶品ボディ中出しBEST 美しい究極のSライン美女たちの濃厚交尾コレクション,NACX-173 【31名総集編】くねらす絶品ボディ中出しBEST 美しい究極のSライン美女たちの濃厚交尾コレクション,NACX-173,,2026-06-20,244分鐘,,プラネットプラス,七狗留,,合集、乳房、中出、女上位、4小時以上作品、高畫質、バック,多人,https://www.javbus.com/NACX-173,
UMSO-647 出張メンズエステ 全身オイルマッサージから中出しセックスまでのフルコース！！VOL.03,UMSO-647 出張メンズエステ 全身オイルマッサージから中出しセックスまでのフルコース！！VOL.03,UMSO-647,,2026-06-20,240分鐘,,ケイ・エム・プロデュース,UMANAMI,出張メンズエステ,合集、乳房、乳液、4小時以上作品、美容院、高畫質、DMM獨家,多人,https://www.javbus.com/UMSO-647,
UMSO-645 究極のSラインボディ30人！魅惑の肉体が狂い咲く極上BEST4時間,UMSO-645 究極のSラインボディ30人！魅惑の肉体が狂い咲く極上BEST4時間,UMSO-645,,2026-06-20,243分鐘,,ケイ・エム・プロデュース,UMANAMI,,成熟的女人、合集、乳房、4小時以上作品、高畫質、巨乳、DMM獨家,多人,https://www.javbus.com/UMSO-645,
HMIX-057 バリキャリ女上司の卑猥な手ほどき 隙のない完璧すぎる女が見せた唯一の弱点！崩れたのはプライドか理性か！？ 終電後の倫理観崩壊マネジメントでコンプライアンス違反SEX！！ 20人4時間,HMIX-057 バリキャリ女上司の卑猥な手ほどき 隙のない完璧すぎる女が見せた唯一の弱点！崩れたのはプライドか理性か！？ 終電後の倫理観崩壊マネジメントでコンプライアンス違反SEX！！ 20人4時間,HMIX-057,,2026-06-20,240分鐘,,グローバルメディアエンタテインメント,ハイパーミックス（グローバルメディアエンタテインメント）,お得な総集編,成熟的女人、OL、合集、4小時以上作品、高畫質、女上司、DMM獨家,多人,https://www.javbus.com/HMIX-057,
CJOB-209 身動きできずに性感帯を同時責められ射精される挟み撃ち痴女ハーレムBEST,CJOB-209 身動きできずに性感帯を同時責められ射精される挟み撃ち痴女ハーレムBEST,CJOB-209,,2026-06-19,240分鐘,,痴女ヘブン,痴女ヘブンBEST,,蕩婦、合集、中出、4小時以上作品、高畫質、ハーレム、DMM獨家、打手槍,多人,https://www.javbus.com/CJOB-209,
SYKH-194 素敵な奥さんへ精液かけたい… VOL.3 ザーメン化粧に艶めく37人の素人妻,SYKH-194 素敵な奥さんへ精液かけたい… VOL.3 ザーメン化粧に艶めく37人の素人妻,SYKH-194,,2026-06-13,240分鐘,,有閑ミセス/エマニエル,,素敵な奥さんへ精液かけたい…,口交、4小時以上作品、高畫質、顏射、エマニエル、DMM獨家、吞精、打手槍,多人,https://www.javbus.com/SYKH-194,
REAL-996 THE REAL 500発ザーメン RUSH,REAL-996 THE REAL 500発ザーメン RUSH,REAL-996,,2026-06-05,240分鐘,K太郎,レアルワークス,REAL（レアルワークス）,,合集、中出、4小時以上作品、高畫質、顏射、DMM獨家,多人,https://www.javbus.com/REAL-996,
RBB-337 芸能人級のルックスを誇るSランク嬢に心ゆくまで奉仕される至高の風俗店40選 オール本番オプション付き8時間BEST,RBB-337 芸能人級のルックスを誇るSランク嬢に心ゆくまで奉仕される至高の風俗店40選 オール本番オプション付き8時間BEST,RBB-337,,2026-06-04,481分鐘,,ROOKIE,ROOKIE,ROOKIEベスト,合集、乳液、中出、4小時以上作品、美容院、高畫質、ヘルス・ソープ、DMM獨家,多人,https://www.javbus.com/RBB-337,
AARM-352 オナニーするのに実用的！エグい体位でパコられてるヌルヌルま○こをドアップでタップリ味わえるエロビ Ver.5,AARM-352 オナニーするのに実用的！エグい体位でパコられてるヌルヌルま○こをドアップでタップリ味わえるエロビ Ver.5,AARM-352,,2026-06-03,129分鐘,鷲本ひろし,アロマ企画,AROMA,エグい体位でパコられてるヌルヌルま○こをドアップでタップリ味わえるエロビ,口交、乳房、女上位、高畫質、巨尻、汗だく、4K,多人,https://www.javbus.com/AARM-352,
ATKD-430 体重全乗せ覆い被さりバウンドピストン！嫌がる女に種付け中出し4時間BEST,ATKD-430 体重全乗せ覆い被さりバウンドピストン！嫌がる女に種付け中出し4時間BEST,ATKD-430,,2026-05-28,240分鐘,,アタッカーズ,Attackers BEST,,合集、凌辱、中出、4小時以上作品、高畫質、孕ませ、DMM獨家,多人,https://www.javbus.com/ATKD-430,
VRKM-1792 【VR】100人ピークSEX BEST 超人気女優まみれ！！ 大ボリューム500分連続フィニッシュ！！とにかくヌキまくりたいアナタに贈る 珠玉のエロSEX100連発！,VRKM-1792 【VR】100人ピークSEX BEST 超人気女優まみれ！！ 大ボリューム500分連続フィニッシュ！！とにかくヌキまくりたいアナタに贈る 珠玉のエロSEX100連発！,VRKM-1792,,2026-05-25,501分鐘,K太郎,ケイ・エム・プロデュース,KMPVR,VR BEST,蕩婦、合集、乳房、4小時以上作品、VR専用、巨乳、ハイクオリティVR、DMM獨家,多人,https://www.javbus.com/VRKM-1792,
RVG-253 女体フェチ図鑑BEST VOL.1 完全全裸200人,RVG-253 女体フェチ図鑑BEST VOL.1 完全全裸200人,RVG-253,,2026-05-22,600分鐘,,グローリークエスト,GLORY QUEST,女体フェチ図鑑,其他戀物癖、4小時以上作品、主觀視角、高畫質、DMM獨家、局部特寫,多人,https://www.javbus.com/RVG-253,
DASS-933 橘メアリーAV卒業。ただの引退作で終わらせるわけねぇよなSP 橘メアリー 大槻ひびき 波多野結衣,DASS-933 橘メアリーAV卒業。ただの引退作で終わらせるわけねぇよなSP 橘メアリー 大槻ひびき 波多野結衣,DASS-933,,2026-05-21,222分鐘,コスモアタック渡辺,ダスッ！,ダスッ！,,成熟的女人、女同性戀、濫交、中出、高畫質、巨乳、DMM獨家,多人,https://www.javbus.com/DASS-933,
KAGP-394 ふわとろ肉感ホールド パイズリ挟射,KAGP-394 ふわとろ肉感ホールド パイズリ挟射,KAGP-394,,2026-05-15,162分鐘,池田ふくろう,かぐや姫Pt/妄想族,かぐや姫Pt,,乳交、其他戀物癖、乳房、主觀視角、高畫質、巨乳、妄想族、4K、DMM獨家,多人,https://www.javbus.com/KAGP-394,
SYKH-191 ブーツの美魔女セレクション ロングブーツのままで激ピス3Pセックス VOL.4,SYKH-191 ブーツの美魔女セレクション ロングブーツのままで激ピス3Pセックス VOL.4,SYKH-191,,2026-05-15,240分鐘,,有閑ミセス/エマニエル,,ブーツの美魔女セレクション,潮吹、戀腿癖、多P、中出、4小時以上作品、高畫質、汗だく、エマニエル、DMM獨家,多人,https://www.javbus.com/SYKH-191,
PBD-517 射精直前のフェラチオ100連発,PBD-517 射精直前のフェラチオ100連発,PBD-517,,2026-05-14,227分鐘,,プレミアム,PREMIUM BEST,,蕩婦、口交、姐姐、高畫質、顏射、DMM獨家、吞精,多人,https://www.javbus.com/PBD-517,
PBD-518 最高級のオンナと狂うほど子作りしたい。膣内射精後も腰振り止まらない追撃中出し150発で確実に孕ませる…BEST,PBD-518 最高級のオンナと狂うほど子作りしたい。膣内射精後も腰振り止まらない追撃中出し150発で確実に孕ませる…BEST,PBD-518,,2026-05-14,221分鐘,,プレミアム,PREMIUM BEST,,合集、花癡、姐姐、中出、高畫質、アクメ・オーガズム、DMM獨家,多人,https://www.javbus.com/PBD-518,
RCTD-735 TSF世界改変 コンビニ編 もしもいつものコンビニがTSF要素満載で現実改変されたら…,RCTD-735 TSF世界改変 コンビニ編 もしもいつものコンビニがTSF要素満載で現実改変されたら…,RCTD-735,,2026-05-13,146分鐘,神戸たろう,ROCKET,ROCKET,TSF世界改変,企畫、女同性戀、濫交、各種職業、雙性人、高畫質、性別轉型·女性化、巨乳、4K,多人,https://www.javbus.com/RCTD-735,
MDBK-418 超淫乱高級デリヘル嬢 新・完全コンプリート 240分BEST,MDBK-418 超淫乱高級デリヘル嬢 新・完全コンプリート 240分BEST,MDBK-418,,2026-05-08,240分鐘,K太郎,BAZOOKA,BAZOOKA（バズーカ）,,蕩婦、合集、妓女、4小時以上作品、高畫質、巨乳、DMM獨家,多人,https://www.javbus.com/MDBK-418,
VRKM-1785 【VR】祝・脱・童・貞！エッチな女の子たちに卒業させられちゃったコレクション300分BEST,VRKM-1785 【VR】祝・脱・童・貞！エッチな女の子たちに卒業させられちゃったコレクション300分BEST,VRKM-1785,,2026-05-04,300分鐘,K太郎,ケイ・エム・プロデュース,KMPVR,VR BEST,蕩婦、合集、中出、4小時以上作品、VR専用、巨乳、ハイクオリティVR、DMM獨家、貧乳・微乳,多人,https://www.javbus.com/VRKM-1785,
LZBS-127 レズれ！プレミアムベストSP 全身痙攣ガックガク…激ピスだらけのペニバンレズSEX,LZBS-127 レズれ！プレミアムベストSP 全身痙攣ガックガク…激ピスだらけのペニバンレズSEX,LZBS-127,,2026-04-24,592分鐘,,レズれ！,レズれ！ ベスト,レズれ！プレミアムBEST,玩具、女同性戀、潮吹、4小時以上作品、女同接吻、高畫質、巨乳、DMM獨家,多人,https://www.javbus.com/LZBS-127,
RVG-252 お色気P●A会長と悪ガキ生徒会BEST VOL.10,RVG-252 お色気P●A会長と悪ガキ生徒会BEST VOL.10,RVG-252,,2026-04-24,300分鐘,,グローリークエスト,GLORY QUEST,お色気P○A会長と悪ガキ生徒会,花癡、多P、中出、4小時以上作品、高畫質、正太控、DMM獨家,多人,https://www.javbus.com/RVG-252,
CEMD-831 まるごとマン毛剛毛美女BEST！！22時間10分・8枚組 BOX,CEMD-831 まるごとマン毛剛毛美女BEST！！22時間10分・8枚組 BOX,CEMD-831,,2026-04-24,1332分鐘,,セレブの友,,,其他戀物癖、合集、花癡、中出、16時間以上作品、巨乳、DMM獨家,多人,https://www.javbus.com/CEMD-831,
FKBD-024 【福袋】たった7時間2人っきりにしてみたら…23時間！Vol.2 シリーズ11タイトルまるごと1436分収録！,FKBD-024 【福袋】たった7時間2人っきりにしてみたら…23時間！Vol.2 シリーズ11タイトルまるごと1436分収録！,FKBD-024,,2026-04-20,1436分鐘,,ドリームチケット,,WAAPグループ福袋,姐姐、高畫質、16時間以上作品、ファン感謝・訪問、設置項目、デート、福袋,多人,https://www.javbus.com/FKBD-024,
VRKM-1776 【VR】2016～2026KMPVR10周年記念珠玉の名作を大量収録！！2000分アニバーサリーBOX 4KVer.,VRKM-1776 【VR】2016～2026KMPVR10周年記念珠玉の名作を大量収録！！2000分アニバーサリーBOX 4KVer.,VRKM-1776,,2026-04-17,1992分鐘,K太郎,ケイ・エム・プロデュース,KMPVR,VR BEST,蕩婦、合集、中出、16時間以上作品、VR専用、巨乳、ハイクオリティVR、DMM獨家、貧乳・微乳,多人,https://www.javbus.com/VRKM-1776,
VRKM-1777 【VR】2016～2026KMPVR10周年記念珠玉の名作を大量収録！！2000分アニバーサリーBOX 8KVer.,VRKM-1777 【VR】2016～2026KMPVR10周年記念珠玉の名作を大量収録！！2000分アニバーサリーBOX 8KVer.,VRKM-1777,,2026-04-17,2068分鐘,K太郎,ケイ・エム・プロデュース,KMPVR,VR BEST,蕩婦、合集、中出、16時間以上作品、VR専用、巨乳、ハイクオリティVR、DMM獨家、8KVR、貧乳・微乳,多人,https://www.javbus.com/VRKM-1777,
MIRD-277 MOODYZファン感謝祭バコバコバスツアー2026 25周年専属大集合！大乱交！大感謝スペシャル！,MIRD-277 MOODYZファン感謝祭バコバコバスツアー2026 25周年専属大集合！大乱交！大感謝スペシャル！,MIRD-277,,2026-04-16,824分鐘,らくだ,ムーディーズ,MOODYZ REAL,バコバコバスツアー,濫交、美少女、4小時以上作品、高畫質、ファン感謝・訪問、ハーレム、DMM獨家,多人,https://www.javbus.com/MIRD-277,
PBD-516 大人の色気ムンムン美脚お姉さんの脚コキに何度も何度もイカされちゃったボク…BEST,PBD-516 大人の色気ムンムン美脚お姉さんの脚コキに何度も何度もイカされちゃったボク…BEST,PBD-516,,2026-04-16,240分鐘,,プレミアム,PREMIUM BEST,,蕩婦、苗條、連褲襪、戀腿癖、4小時以上作品、足交、高畫質、DMM獨家,多人,https://www.javbus.com/PBD-516,
ZOOO-271 女上司と二人きり… 普段は厳しいキャリアウーマンが禁断の社内淫交で見せた助平な本性 8名収録 240分,ZOOO-271 女上司と二人きり… 普段は厳しいキャリアウーマンが禁断の社内淫交で見せた助平な本性 8名収録 240分,ZOOO-271,,2026-04-16,240分鐘,,ZOOO,ZOOO,,蕩婦、OL、連褲襪、4小時以上作品、高畫質、女上司,多人,https://www.javbus.com/ZOOO-271,
CEAD-742 ノーブラ爆巨乳！！おっぱい露出デート8時間SPECIAL,CEAD-742 ノーブラ爆巨乳！！おっぱい露出デート8時間SPECIAL,CEAD-742,,2026-04-10,482分鐘,,セレブの友,,デート・シリーズ,野外・露出、合集、中出、4小時以上作品、高畫質、超乳、巨乳、4K、DMM獨家,多人,https://www.javbus.com/CEAD-742,
RCTD-729 羞恥洗脳！ハイグレ人間にされちゃった12 病院編 ハイグレージョ波多野結衣が白衣の天使たちをハイグレ洗脳！,RCTD-729 羞恥洗脳！ハイグレ人間にされちゃった12 病院編 ハイグレージョ波多野結衣が白衣の天使たちをハイグレ洗脳！,RCTD-729,,2026-04-08,100分鐘,ルート山崎,ROCKET,ROCKET,羞恥洗脳！ハイグレ人間にされちゃった,企畫、女同性戀、其他戀物癖、緊身衣、羞恥、高畫質、4K,多人,https://www.javbus.com/RCTD-729,
NACX-168 アラサー奥様と夫のリアルな性事情,NACX-168 アラサー奥様と夫のリアルな性事情,NACX-168,,2026-04-04,242分鐘,,プラネットプラス,七狗留,,成熟的女人、合集、已婚婦女、乳房、4小時以上作品、主觀視角、高畫質,多人,https://www.javbus.com/NACX-168,
ATKD-424 後ろからブっ刺すのが一番気持ちいい！ケダモノバックレ●プ95連発8時間BEST,ATKD-424 後ろからブっ刺すのが一番気持ちいい！ケダモノバックレ●プ95連発8時間BEST,ATKD-424,,2026-04-02,481分鐘,,アタッカーズ,Attackers BEST,,合集、屁股、凌辱、4小時以上作品、高畫質、バック、DMM獨家,多人,https://www.javbus.com/ATKD-424,
GQHB-024 【超放尿1266分】美少女・美熟女がカメラの前で見せつけるおしっこ935連発 総尿量241，045mlの大放出！,GQHB-024 【超放尿1266分】美少女・美熟女がカメラの前で見せつけるおしっこ935連発 総尿量241，045mlの大放出！,GQHB-024,,2026-03-31,1266分鐘,,グローリークエスト,GLORY QUEST,グローリークエスト超尺シリーズ,成熟的女人、放尿、合集、美少女、主觀視角、高畫質、16時間以上作品、お風呂、DMM獨家,多人,https://www.javbus.com/GQHB-024,
TMAVR-275 【VR】全員Gカップ以上！神乳！巨乳VR BEST,TMAVR-275 【VR】全員Gカップ以上！神乳！巨乳VR BEST,TMAVR-275,,2026-03-30,379分鐘,,TMA,TMAVR,,口交、中出、4小時以上作品、VR専用、巨乳、ハイクオリティVR,多人,https://www.javbus.com/TMAVR-275,
HYAS-147 濃密熟女浴場 泡々ぬるベチョ快楽ご奉仕で至高の射精に導く濃厚ソープ 100人 8時間,HYAS-147 濃密熟女浴場 泡々ぬるベチョ快楽ご奉仕で至高の射精に導く濃厚ソープ 100人 8時間,HYAS-147,,2026-03-20,480分鐘,,ケイ・エム・プロデュース,100人,,成熟的女人、合集、妓女、4小時以上作品、高畫質、巨乳、DMM獨家,多人,https://www.javbus.com/HYAS-147,
CEAD-737 あなたを見つめてノーハンドフェラチオでイカせる15人の女優たち！Vol.2,CEAD-737 あなたを見つめてノーハンドフェラチオでイカせる15人の女優たち！Vol.2,CEAD-737,,2026-03-20,217分鐘,,セレブの友,,フェラチオシリーズ,口交、淫語、主觀視角、高畫質、顏射、4K、DMM獨家、吞精,多人,https://www.javbus.com/CEAD-737,
CRFV-019 極上BODY水着美女大全集35人 SPECIAL DX836分大収録！！,CRFV-019 極上BODY水着美女大全集35人 SPECIAL DX836分大収録！！,CRFV-019,,2026-03-20,836分鐘,,クリスタル映像,CRYSTAL EX,極上BODY水着美女大全集,苗條、潮吹、合集、無毛、美少女、中出、4小時以上作品、高畫質、巨尻、巨乳、DMM獨家、學校泳裝,多人,https://www.javbus.com/CRFV-019,
HYAS-148 今が性欲ピーク！美熟女のオナニー100人8時間2枚組,HYAS-148 今が性欲ピーク！美熟女のオナニー100人8時間2枚組,HYAS-148,,2026-03-20,486分鐘,,ケイ・エム・プロデュース,100人,,成熟的女人、合集、乳房、4小時以上作品、高畫質、DMM獨家、自慰,多人,https://www.javbus.com/HYAS-148,
MXDLP-321 逃れられない玩具攻め！イカされまくりの4時間 6,MXDLP-321 逃れられない玩具攻め！イカされまくりの4時間 6,MXDLP-321,,2026-03-15,251分鐘,,マキシング,MAXING,逃れられない玩具攻め,玩具、苗條、胖女人、合集、中出、4小時以上作品、高畫質、巨尻、巨乳、アクメ・オーガズム,多人,https://www.javbus.com/MXDLP-321,
BDST-10203 種付け特化Sweet 10発射！！10人の超絶美女に中出し！！ 倉木しおり 北川瞳 井上綾子 大浦真奈美 石川祐奈,BDST-10203 種付け特化Sweet 10発射！！10人の超絶美女に中出し！！ 倉木しおり 北川瞳 井上綾子 大浦真奈美 石川祐奈,BDST-10203,,2026-03-14,48分鐘,,いきなりエロざんまい,いきなりエロざんまい,種付け特化！！お楽しみセレクトパック,其他戀物癖、中出、巨尻、巨乳、配信専用,多人,https://www.javbus.com/BDST-10203,
SYKH-183 ブーツの美魔女セレクション ロングブーツのまま挿入させて！ VOL.4,SYKH-183 ブーツの美魔女セレクション ロングブーツのまま挿入させて！ VOL.4,SYKH-183,,2026-03-13,240分鐘,,有閑ミセス/エマニエル,,ブーツの美魔女セレクション,已婚婦女、戀腿癖、中出、4小時以上作品、高畫質、立即口交、汗だく、エマニエル、DMM獨家,多人,https://www.javbus.com/SYKH-183,
VRKM-1752 【VR】どろどろぉ…っとマ〇コから溢れるほどに大量射精！！白濁濃厚ザーメン逆流中出しベスト300分,VRKM-1752 【VR】どろどろぉ…っとマ〇コから溢れるほどに大量射精！！白濁濃厚ザーメン逆流中出しベスト300分,VRKM-1752,,2026-03-12,301分鐘,K太郎,ケイ・エム・プロデュース,KMPVR,,蕩婦、口交、合集、中出、4小時以上作品、VR専用、巨乳、ハイクオリティVR、DMM獨家、8KVR,多人,https://www.javbus.com/VRKM-1752,
CEMD-820 超人気女優達の濃厚フェラたっぷり見せます！！フェラチオ限定BOX～25時間52分,CEMD-820 超人気女優達の濃厚フェラたっぷり見せます！！フェラチオ限定BOX～25時間52分,CEMD-820,,2026-03-06,1554分鐘,,セレブの友,,,口交、合集、深喉、主觀視角、16時間以上作品、DMM獨家、顏射,多人,https://www.javbus.com/CEMD-820,
CADV-943 美巨乳パイパン美女12名8時間～濃厚性交でイキまくる～,CADV-943 美巨乳パイパン美女12名8時間～濃厚性交でイキまくる～,CADV-943,,2026-03-06,478分鐘,,クリスタル映像,CRYSTAL EX,,蕩婦、合集、無毛、已婚婦女、4小時以上作品、高畫質、兔女郎、童年朋友、高中女生、巨乳、DMM獨家、女傭、學校泳裝,多人,https://www.javbus.com/CADV-943,
NBES-110 JET映像10周年記念 2025年度 年間ベスト2枚組480分特大ボリューム8時間,NBES-110 JET映像10周年記念 2025年度 年間ベスト2枚組480分特大ボリューム8時間,NBES-110,,2026-03-05,481分鐘,,JET映像,卍GROUP,,合集、偷窥、4小時以上作品、高畫質、出軌、デカチン・巨根、DMM獨家,多人,https://www.javbus.com/NBES-110,
UBF-010 最強ドスケベOLのプライベート性活ルーティーン1150分,UBF-010 最強ドスケベOLのプライベート性活ルーティーン1150分,UBF-010,,2026-03-02,1152分鐘,,アップス,UP’S,最強,OL、潮吹、多P、中出、高畫質、顏射、16時間以上作品、設置項目,多人,https://www.javbus.com/UBF-010,
VRKM-1756 【VR】SUPER LUCKY！！人妻も巨乳もスレンダーも女子校生も女上司も腐女子も全員とヤリまくり！！ラッキースケベ500分中出しBEST,VRKM-1756 【VR】SUPER LUCKY！！人妻も巨乳もスレンダーも女子校生も女上司も腐女子も全員とヤリまくり！！ラッキースケベ500分中出しBEST,VRKM-1756,,2026-03-01,500分鐘,K太郎,ケイ・エム・プロデュース,KMPVR,,蕩婦、口交、合集、中出、4小時以上作品、VR専用、巨乳、ハイクオリティVR、DMM獨家、8KVR,多人,https://www.javbus.com/VRKM-1756,
VRKM-1748 【VR】都合のいい愛人たちと本能の剥き出し中出しSEX BEST300分,VRKM-1748 【VR】都合のいい愛人たちと本能の剥き出し中出しSEX BEST300分,VRKM-1748,,2026-02-28,300分鐘,K太郎,ケイ・エム・プロデュース,KMPVR,VR BEST,蕩婦、合集、通姦、中出、4小時以上作品、VR専用、ハイクオリティVR、DMM獨家,多人,https://www.javbus.com/VRKM-1748,
QMILL-007 エッロいおっぱい キレイなおっぱい美女が100人オーバー大集合 DIVA級巨乳BEST SELECTION 9時間おっぱいぷるんぷるん,QMILL-007 エッロいおっぱい キレイなおっぱい美女が100人オーバー大集合 DIVA級巨乳BEST SELECTION 9時間おっぱいぷるんぷるん,QMILL-007,,2026-02-27,583分鐘,K太郎,ケイ・エム・プロデュース,million（ミリオン）,KMP厳選スーパーBEST,乳交、合集、乳房、4小時以上作品、高畫質、巨乳、DMM獨家,多人,https://www.javbus.com/QMILL-007,
ATKD-422 天国から地獄へ 幸せな女をどん底に叩き落すレ○プ8時間BEST,ATKD-422 天国から地獄へ 幸せな女をどん底に叩き落すレ○プ8時間BEST,ATKD-422,,2026-02-26,481分鐘,,アタッカーズ,Attackers BEST,,合集、已婚婦女、中出、4小時以上作品、高畫質、出軌、DMM獨家,多人,https://www.javbus.com/ATKD-422,
HNVR-153 【VR】正常位中出し 美少女たちの目を見つめながらイク！女の子64人と連続でリアル生SEXを堪能する323分,HNVR-153 【VR】正常位中出し 美少女たちの目を見つめながらイク！女の子64人と連続でリアル生SEXを堪能する323分,HNVR-153,,2026-02-25,323分鐘,,本中,本中-VR,本中-VR,合集、中出、4小時以上作品、主觀視角、キス・接吻、VR専用、ハイクオリティVR、DMM獨家,多人,https://www.javbus.com/HNVR-153,
QMDB-010 311連発 SUPERピークSEX中出しBEST 260人460分 最高にキモティーーー！,QMDB-010 311連発 SUPERピークSEX中出しBEST 260人460分 最高にキモティーーー！,QMDB-010,,2026-02-24,467分鐘,K太郎,BAZOOKA,BAZOOKA（バズーカ）,KMP厳選スーパーBEST,蕩婦、合集、乳房、4小時以上作品、高畫質、巨乳、DMM獨家,多人,https://www.javbus.com/QMDB-010,
CEAD-730 大好きなあなただけを見つめて、甘えながら自分をさらけ出し、オナニーしまくる女達,CEAD-730 大好きなあなただけを見つめて、甘えながら自分をさらけ出し、オナニーしまくる女達,CEAD-730,,2026-02-20,212分鐘,,セレブの友,,,成熟的女人、淫語、主觀視角、高畫質、アクメ・オーガズム、DMM獨家、自慰,多人,https://www.javbus.com/CEAD-730,
REAL-973 犯したがりのあなたに捧げる 拘束×激ピスオーガズム 完全支配肉オナホSEX 240分 SUPER BEST,REAL-973 犯したがりのあなたに捧げる 拘束×激ピスオーガズム 完全支配肉オナホSEX 240分 SUPER BEST,REAL-973,,2026-02-20,241分鐘,K太郎,レアルワークス,REAL（レアルワークス）,,潮吹、合集、花癡、深喉、拘束、4小時以上作品、高畫質、DMM獨家,多人,https://www.javbus.com/REAL-973,
TOMNVD-022 【120発以上】最高潮からスタート！射精前の追い込みピストンでガチ喘ぎ連発するクライマックス BEST,TOMNVD-022 【120発以上】最高潮からスタート！射精前の追い込みピストンでガチ喘ぎ連発するクライマックス BEST,TOMNVD-022,,2026-02-19,450分鐘,,TEPPAN,TEPPAN,,苗條、合集、花癡、中出、4小時以上作品、高畫質、汗だく、巨乳、DMM獨家,多人,https://www.javbus.com/TOMNVD-022,
CJOB-199 スッゴい角度でグリグリ膣奥押し付け搾精しちゃうドM絶頂開発ちんぐり騎乗位48射精,CJOB-199 スッゴい角度でグリグリ膣奥押し付け搾精しちゃうドM絶頂開発ちんぐり騎乗位48射精,CJOB-199,,2026-02-19,240分鐘,,痴女ヘブン,痴女ヘブンBEST,,蕩婦、合集、花癡、女上位、4小時以上作品、高畫質、M男、DMM獨家,多人,https://www.javbus.com/CJOB-199,
TOMNVD-023 【凄テク】鉄板女優のフェラチオBEST 80発射 見つめながらじっくりねっとり舐めしゃぶる540分,TOMNVD-023 【凄テク】鉄板女優のフェラチオBEST 80発射 見つめながらじっくりねっとり舐めしゃぶる540分,TOMNVD-023,,2026-02-19,540分鐘,,TEPPAN,TEPPAN,,蕩婦、口交、合集、花癡、4小時以上作品、高畫質、汗だく、DMM獨家,多人,https://www.javbus.com/TOMNVD-023,
VRKM-1737 【VR】ヤってはイケないのに…ヤリたい！！禁じられた関係だと勃起率120％！！不倫は文化！！1000分overノーカット,VRKM-1737 【VR】ヤってはイケないのに…ヤリたい！！禁じられた関係だと勃起率120％！！不倫は文化！！1000分overノーカット,VRKM-1737,,2026-02-11,1088分鐘,K太郎,ケイ・エム・プロデュース,KMPVR,,蕩婦、口交、已婚婦女、中出、16時間以上作品、VR専用、設置項目、ハイクオリティVR、DMM獨家、8KVR,多人,https://www.javbus.com/VRKM-1737,
VRKM-1728 【VR】神スペック美女に完全ノックアウト！濃密すぎるSEX！フェロモンホディスペシャルBEST5時間,VRKM-1728 【VR】神スペック美女に完全ノックアウト！濃密すぎるSEX！フェロモンホディスペシャルBEST5時間,VRKM-1728,,2026-02-11,301分鐘,K太郎,ケイ・エム・プロデュース,KMPVR,VR BEST,合集、中出、4小時以上作品、性感的、VR専用、巨乳、ハイクオリティVR、DMM獨家、8KVR,多人,https://www.javbus.com/VRKM-1728,
RVG-250 母娘緊縛 親子丼調教BEST,RVG-250 母娘緊縛 親子丼調教BEST,RVG-250,,2026-02-06,300分鐘,,グローリークエスト,GLORY QUEST,母娘緊縛,紧缚、花癡、多P、4小時以上作品、高畫質、M女、DMM獨家,多人,https://www.javbus.com/RVG-250,
CEAD-726 大槻ひびきvs波多野結衣・同一シリーズ作品限定！！～ひびはたヌキくらべBEST8時間,CEAD-726 大槻ひびきvs波多野結衣・同一シリーズ作品限定！！～ひびはたヌキくらべBEST8時間,CEAD-726,,2026-02-06,492分鐘,,セレブの友,,,蕩婦、成熟的女人、中出、4小時以上作品、高畫質、女優ベスト・総集編、飲み会・合コン、DMM獨家,多人,https://www.javbus.com/CEAD-726,
DAZD-277 MA×KODOM～大昇天のち決壊イキ潮～13800秒59人ビジョォ濡れっぱなしBEST,DAZD-277 MA×KODOM～大昇天のち決壊イキ潮～13800秒59人ビジョォ濡れっぱなしBEST,DAZD-277,,2026-02-05,229分鐘,,ダスッ！,ダスッ！,,潮吹、合集、花癡、女上位、高畫質、巨乳、DMM獨家,多人,https://www.javbus.com/DAZD-277,
BBSS-102 女性器×女性器で刺激MAX！ 快感も愛情もぜんぶシェアしてニコイチ絶頂！制御不能のイカセ合い！ レズビアン貝合わせ＆双頭ディルド絶頂460分,BBSS-102 女性器×女性器で刺激MAX！ 快感も愛情もぜんぶシェアしてニコイチ絶頂！制御不能のイカセ合い！ レズビアン貝合わせ＆双頭ディルド絶頂460分,BBSS-102,,2026-02-05,464分鐘,,ビビアン,ビビアン,,女同性戀、潮吹、4小時以上作品、女同接吻、高畫質、巨乳、アクメ・オーガズム、DMM獨家,多人,https://www.javbus.com/BBSS-102,
OOMNVD-011 【限界85連発】無防備なパンチラ・胸チラ・着替え 生々しく覗く無警戒な人妻の日常生活,OOMNVD-011 【限界85連発】無防備なパンチラ・胸チラ・着替え 生々しく覗く無警戒な人妻の日常生活,OOMNVD-011,,2026-01-31,419分鐘,,ABC/妄想族,お母さん.com（ABC/妄想族）,,成熟的女人、苗條、母親、其他戀物癖、合集、4小時以上作品、DMM專屬、巨乳、妄想族、DMM獨家,多人,https://www.javbus.com/OOMNVD-011,
TOMNVD-021 デカチン掘削ピストン 連続膣奥絶頂の虜になった肉棒中毒10時間イキ地獄BEST,TOMNVD-021 デカチン掘削ピストン 連続膣奥絶頂の虜になった肉棒中毒10時間イキ地獄BEST,TOMNVD-021,,2026-01-31,600分鐘,,TEPPAN,TEPPAN,,成熟的女人、合集、花癡、美少女、中出、4小時以上作品、汗だく、巨乳、DMM獨家,多人,https://www.javbus.com/TOMNVD-021,
ATKD-419 ATTACKERS 女捜査官BESTVIII 8時間,ATKD-419 ATTACKERS 女捜査官BESTVIII 8時間,ATKD-419,,2026-01-29,481分鐘,,アタッカーズ,Attackers BEST,ATTACKERS 女捜査官BEST,合集、女檢察官、4小時以上作品、高畫質、DMM獨家,多人,https://www.javbus.com/ATKD-419,
ATKD-417 オーガズムが重なり合う、クライマックス同時イキ射精 8時間BEST中出し124連発,ATKD-417 オーガズムが重なり合う、クライマックス同時イキ射精 8時間BEST中出し124連発,ATKD-417,,2026-01-29,481分鐘,,アタッカーズ,Attackers BEST,,合集、通姦、中出、4小時以上作品、高畫質、アクメ・オーガズム、DMM獨家,多人,https://www.javbus.com/ATKD-417,
BF-758 キミに見つめられたらボクはもう… 主観BEST2 480分,BF-758 キミに見つめられたらボクはもう… 主観BEST2 480分,BF-758,,2026-01-29,481分鐘,,BeFree,BeFree,キミに見つめられたらボクはもう… 主観BEST,蕩婦、合集、中出、4小時以上作品、主觀視角、高畫質、DMM獨家,多人,https://www.javbus.com/BF-758,
MDBK-403 ダメぇ！出ちゃうぅぅ！淫らなオンナたちの絶頂大洪水！イキ潮 ハメ潮絶頂潮吹きSEX BEST 240MIN,MDBK-403 ダメぇ！出ちゃうぅぅ！淫らなオンナたちの絶頂大洪水！イキ潮 ハメ潮絶頂潮吹きSEX BEST 240MIN,MDBK-403,,2026-01-23,241分鐘,K太郎,BAZOOKA,BAZOOKA（バズーカ）,,潮吹、合集、美少女、中出、4小時以上作品、高畫質、DMM獨家,多人,https://www.javbus.com/MDBK-403,
CEMD-800 超有名女優達も素顔を晒したプライベート感満載のラブラブハメ撮りデート映像集～22時間33分8枚組BOX,CEMD-800 超有名女優達も素顔を晒したプライベート感満載のラブラブハメ撮りデート映像集～22時間33分8枚組BOX,CEMD-800,,2026-01-23,1354分鐘,,セレブの友,,,第一人稱攝影、野外・露出、合集、纪录片、中出、16時間以上作品、DMM獨家,多人,https://www.javbus.com/CEMD-800,
CJOB-196 スキルもテクニックも超SSS級！もう射精してるってばぁ！ド痴女の天才SEX 100本番BEST！8時間！,CJOB-196 スキルもテクニックも超SSS級！もう射精してるってばぁ！ド痴女の天才SEX 100本番BEST！8時間！,CJOB-196,,2026-01-22,481分鐘,,痴女ヘブン,痴女ヘブンBEST,,蕩婦、花癡、中出、女上位、4小時以上作品、高畫質、キス・接吻、DMM獨家,多人,https://www.javbus.com/CJOB-196,
MXDLP-315 逃れられない玩具攻め！イカされまくりの4時間 5,MXDLP-315 逃れられない玩具攻め！イカされまくりの4時間 5,MXDLP-315,,2026-01-15,254分鐘,,マキシング,MAXING,逃れられない玩具攻め,玩具、苗條、合集、戀腿癖、乳房、4小時以上作品、高畫質、アクメ・オーガズム,多人,https://www.javbus.com/MXDLP-315,
CEAD-723 アヘ顔白目でイキまくる！！理性崩壊！！ぶっ飛びガンギマリ媚薬セックス映像集 6時間51分,CEAD-723 アヘ顔白目でイキまくる！！理性崩壊！！ぶっ飛びガンギマリ媚薬セックス映像集 6時間51分,CEAD-723,,2026-01-09,411分鐘,,セレブの友,,,成熟的女人、藥物、中出、4小時以上作品、高畫質、巨乳、アクメ・オーガズム、4K、DMM獨家,多人,https://www.javbus.com/CEAD-723,
CADV-939 CRYSTAL THE BEST 8時間 2025 上半期,CADV-939 CRYSTAL THE BEST 8時間 2025 上半期,CADV-939,,2026-01-09,478分鐘,,クリスタル映像,CRYSTAL EX,CRYSTAL THE BEST,蕩婦、女大學生、合集、已婚婦女、姐姐、姐妹、中出、4小時以上作品、高畫質、高中女生、DMM獨家、女傭、女生,多人,https://www.javbus.com/CADV-939,
KDMI-067 DOPAMIX-WORLD アメイジング,KDMI-067 DOPAMIX-WORLD アメイジング,KDMI-067,,2026-01-05,1340分鐘,DOPAMIX,ミル,ミル,完全着衣主義,展場女孩、賽車女郎、連褲襪、屁股、戀腿癖、高畫質、16時間以上作品、設置項目、DMM獨家,多人,https://www.javbus.com/KDMI-067,
MXDLP-0315 逃れられない玩具攻め！イカされまくりの4時間 5 百瀬あすか 白瀬心乙 波多野結衣 陽向さえか 沙月恵奈,MXDLP-0315 逃れられない玩具攻め！イカされまくりの4時間 5 百瀬あすか 白瀬心乙 波多野結衣 陽向さえか 沙月恵奈,MXDLP-0315,,2026-01-01,256分鐘,,MAXING,MAXING,,合集、姐姐、美少女、乳房、拘束、4小時以上作品、配信専用、オモチャ,多人,https://www.javbus.com/MXDLP-0315,
ATKD-414 圧倒的美女を玩具責めでイキ壊す！よだれとマン汁まみれの下品絶頂61連発470分BEST,ATKD-414 圧倒的美女を玩具責めでイキ壊す！よだれとマン汁まみれの下品絶頂61連発470分BEST,ATKD-414,,2025-12-31,474分鐘,,アタッカーズ,Attackers BEST,ATTACKERS THE BEST,玩具、紧缚、潮吹、合集、4小時以上作品、高畫質、DMM獨家,多人,https://www.javbus.com/ATKD-414,
ATKD-413 一糸まとわぬ姿で激しく絡み合う男女 全裸セックスBEST 8時間,ATKD-413 一糸まとわぬ姿で激しく絡み合う男女 全裸セックスBEST 8時間,ATKD-413,,2025-12-31,481分鐘,,アタッカーズ,Attackers BEST,,合集、已婚婦女、中出、女上位、4小時以上作品、高畫質、DMM獨家,多人,https://www.javbus.com/ATKD-413,
TICS-010 LUNATICS 5周年記念プレミアム作品集10時間980円,TICS-010 LUNATICS 5周年記念プレミアム作品集10時間980円,TICS-010,,2025-12-31,600分鐘,ナガセスウィング,ルナティックス,LUNATICS,LUNATICS●周年記念プレミアム作品集,已婚婦女、中出、4小時以上作品、高畫質、巨尻、巨乳、4K、DMM獨家,多人,https://www.javbus.com/TICS-010,
JDBT-015 熟女大学2025年上半期作品集8時間総集編,JDBT-015 熟女大学2025年上半期作品集8時間総集編,JDBT-015,,2025-12-31,481分鐘,,熟女大学/熟女卍,卍GROUP,,合集、已婚婦女、中出、4小時以上作品、高畫質、出軌、巨乳、DMM獨家,多人,https://www.javbus.com/JDBT-015,
VRKM-1687 【VR】風営法違反！本番ができる風俗店50店舗500分フルコースBEST,VRKM-1687 【VR】風営法違反！本番ができる風俗店50店舗500分フルコースBEST,VRKM-1687,,2025-12-24,500分鐘,K太郎,ケイ・エム・プロデュース,KMPVR,VR BEST,合集、妓女、中出、4小時以上作品、VR専用、ハイクオリティVR、ヘルス・ソープ、DMM獨家,多人,https://www.javbus.com/VRKM-1687,
QMDB-009 超セクシーランジェリー＆コスチュームBEST 390分 連続セックス集 6時間オーバー66美女,QMDB-009 超セクシーランジェリー＆コスチュームBEST 390分 連続セックス集 6時間オーバー66美女,QMDB-009,,2025-12-20,391分鐘,K太郎,BAZOOKA,BAZOOKA（バズーカ）,KMP厳選スーパーBEST,蕩婦、合集、乳房、4小時以上作品、高畫質、巨乳、DMM獨家,多人,https://www.javbus.com/QMDB-009,
QREL-005 強●絶頂BEST 5時間OVER 36人昇天イキ人形の作り方 嫌なのに…マ○コは震えてイキ続ける…,QREL-005 強●絶頂BEST 5時間OVER 36人昇天イキ人形の作り方 嫌なのに…マ○コは震えてイキ続ける…,QREL-005,,2025-12-19,319分鐘,K太郎,レアルワークス,REAL（レアルワークス）,KMP厳選スーパーBEST,其他戀物癖、合集、花癡、4小時以上作品、高畫質、巨乳、DMM獨家,多人,https://www.javbus.com/QREL-005,
CEAD-718 あなたを見つめてノーハンドフェラチオでイカせる15人の女優たち！,CEAD-718 あなたを見つめてノーハンドフェラチオでイカせる15人の女優たち！,CEAD-718,,2025-12-19,201分鐘,,セレブの友,,,成熟的女人、口交、淫語、主觀視角、高畫質、巨乳、4K、DMM獨家,多人,https://www.javbus.com/CEAD-718,
CEMD-787 豪華有名女優・累計100名以上収録！！必ず抜けるオナニーたっぷり見せます24時間56分！ベストBOX8枚組,CEMD-787 豪華有名女優・累計100名以上収録！！必ず抜けるオナニーたっぷり見せます24時間56分！ベストBOX8枚組,CEMD-787,,2025-12-19,1499分鐘,,セレブの友,,,合集、淫語、16時間以上作品、アクメ・オーガズム、DMM獨家、自慰、肛交,多人,https://www.javbus.com/CEMD-787,
CRFV-016 人妻発情中！！性欲発散SEX57名 SPECIAL DX 871分大収録！！,CRFV-016 人妻発情中！！性欲発散SEX57名 SPECIAL DX 871分大収録！！,CRFV-016,,2025-12-19,871分鐘,,クリスタル映像,CRYSTAL EX,人妻発情中！！,苗條、亂倫、無毛、已婚婦女、通姦、中出、4小時以上作品、高畫質、出軌、覆面・マスク、巨乳、DMM獨家、肛交,多人,https://www.javbus.com/CRFV-016,
MDBK-398 究極痴女達に焦らされてからのザーメン極限解放！！240分BEST,MDBK-398 究極痴女達に焦らされてからのザーメン極限解放！！240分BEST,MDBK-398,,2025-12-05,241分鐘,K太郎,BAZOOKA,BAZOOKA（バズーカ）,,蕩婦、合集、淫語、美少女、中出、4小時以上作品、高畫質、DMM獨家,多人,https://www.javbus.com/MDBK-398,
BBSS-101 レズ初心者大歓迎！ビビアン豪華特盛年末SALE！ 名作レズセックス50作品88名8時間SPECIAL BEST,BBSS-101 レズ初心者大歓迎！ビビアン豪華特盛年末SALE！ 名作レズセックス50作品88名8時間SPECIAL BEST,BBSS-101,,2025-12-04,481分鐘,,ビビアン,ビビアン,,女同性戀、合集、多P、4小時以上作品、女同接吻、高畫質、アクメ・オーガズム、DMM獨家,多人,https://www.javbus.com/BBSS-101,
XVT-057 MAX-A ANNIVERSARY BEST 2025 有名女優24名480分SPECIAL,XVT-057 MAX-A ANNIVERSARY BEST 2025 有名女優24名480分SPECIAL,XVT-057,,2025-12-04,240分鐘,,マックスエー,MAX-A,MAX-A Anniversary,苗條、合集、4小時以上作品、高畫質、巨尻、巨乳、DMM獨家,多人,https://www.javbus.com/XVT-057,
BMW-347 エグい体位と迫力肉弾アングルが目前に迫るデカ尻没頭fanatic42コーナー,BMW-347 エグい体位と迫力肉弾アングルが目前に迫るデカ尻没頭fanatic42コーナー,BMW-347,,2025-11-27,240分鐘,,ワンズファクトリー,WANZ,,蕩婦、合集、中出、女上位、4小時以上作品、高畫質、巨尻、DMM獨家,多人,https://www.javbus.com/BMW-347,
BF-753 競泳水着BEST480分,BF-753 競泳水着BEST480分,BF-753,,2025-11-27,481分鐘,,BeFree,BeFree,,合集、中出、4小時以上作品、高畫質、DMM獨家、學校泳裝,多人,https://www.javbus.com/BF-753,
MIRD-267 MOODYZファン感謝祭バコバコバスツアー2025VRアナザーストーリー VRだけでは撮りきれない、映しきれなかった超もったいないスケベシーン大放出！ 【MOODYZ創立25周年記念】,MIRD-267 MOODYZファン感謝祭バコバコバスツアー2025VRアナザーストーリー VRだけでは撮りきれない、映しきれなかった超もったいないスケベシーン大放出！ 【MOODYZ創立25周年記念】,MIRD-267,,2025-11-27,180分鐘,麒麟,ムーディーズ,MOODYZ REAL,バコバコバスツアー,濫交、口交、美少女、高畫質、ハーレム、巨乳、DMM獨家,多人,https://www.javbus.com/MIRD-267,
UMSO-617 ‘旦那にはナイショだよ’って言うから軽い気持ちで誘いに乗ったら、隣の奥さんがどエロモンスターだった件,UMSO-617 ‘旦那にはナイショだよ’って言うから軽い気持ちで誘いに乗ったら、隣の奥さんがどエロモンスターだった件,UMSO-617,,2025-11-21,242分鐘,,ケイ・エム・プロデュース,UMANAMI,,蕩婦、成熟的女人、合集、已婚婦女、4小時以上作品、高畫質、DMM獨家,多人,https://www.javbus.com/UMSO-617,
BONY-170 孕ませ確定生中250発Over10時間！！AVスターのま●こが白濁泡立つ中出し特化スペシャル！！,BONY-170 孕ませ確定生中250発Over10時間！！AVスターのま●こが白濁泡立つ中出し特化スペシャル！！,BONY-170,,2025-11-20,601分鐘,TET,ボニータ/妄想族,ボニータ/妄想族,,花癡、美少女、中出、4小時以上作品、高畫質、孕ませ、妄想族、DMM獨家,多人,https://www.javbus.com/BONY-170,
VRKM-1672 【VR】オトコの敏感な性感帯をダブル責め！！射精するしかない厳選・崇高なる乳首舐め手コキ300分BEST！！！,VRKM-1672 【VR】オトコの敏感な性感帯をダブル責め！！射精するしかない厳選・崇高なる乳首舐め手コキ300分BEST！！！,VRKM-1672,,2025-11-17,308分鐘,K太郎,ケイ・エム・プロデュース,KMPVR,VR BEST,蕩婦、合集、美少女、4小時以上作品、VR専用、ハイクオリティVR、DMM獨家、8KVR、打手槍,多人,https://www.javbus.com/VRKM-1672,
MXDLP-0314 欲情女のオナニーSP2 波多野結衣 小梅えな 枢木あおい 千葉ねね 佐々波りの,MXDLP-0314 欲情女のオナニーSP2 波多野結衣 小梅えな 枢木あおい 千葉ねね 佐々波りの,MXDLP-0314,,2025-11-16,262分鐘,,MAXING,MAXING,,苗條、合集、4小時以上作品、巨乳、美尻、配信専用、自慰、オモチャ,多人,https://www.javbus.com/MXDLP-0314,
MXDLP-314 欲情女のオナニーSP 2,MXDLP-314 欲情女のオナニーSP 2,MXDLP-314,,2025-11-15,260分鐘,,マキシング,MAXING,,玩具、苗條、胖女人、合集、4小時以上作品、高畫質、巨尻、巨乳、アクメ・オーガズム、自慰,多人,https://www.javbus.com/MXDLP-314,
KRBV-453 生保レディの人妻を枕営業SEX交渉で口説いて濡らしてずっぽりハメたナマナマしすぎる一部始終 560分フル尺収録総集編,KRBV-453 生保レディの人妻を枕営業SEX交渉で口説いて濡らしてずっぽりハメたナマナマしすぎる一部始終 560分フル尺収録総集編,KRBV-453,,2025-11-13,560分鐘,,カルマ,卍GROUP,,合集、已婚婦女、偷窥、中出、4小時以上作品、高畫質、巨乳、DMM獨家,多人,https://www.javbus.com/KRBV-453,
QMDB-008 バズーカ級におっぱいデケええええええ！ドエロ巨乳ベスト7時間 やっぱおっぱいってセックスの象徴！88コーナー豪華収録！,QMDB-008 バズーカ級におっぱいデケええええええ！ドエロ巨乳ベスト7時間 やっぱおっぱいってセックスの象徴！88コーナー豪華収録！,QMDB-008,,2025-11-13,428分鐘,K太郎,BAZOOKA,BAZOOKA（バズーカ）,KMP厳選スーパーBEST,蕩婦、乳交、合集、4小時以上作品、高畫質、巨乳、DMM獨家,多人,https://www.javbus.com/QMDB-008,
VRKM-1674 【VR】モチ肌女子と一糸まとわず絡み合う！！8Kで揺れ弾むたわわ巨乳全裸濃密セックスBEST,VRKM-1674 【VR】モチ肌女子と一糸まとわず絡み合う！！8Kで揺れ弾むたわわ巨乳全裸濃密セックスBEST,VRKM-1674,,2025-11-12,299分鐘,K太郎,ケイ・エム・プロデュース,KMPVR,VR BEST,蕩婦、合集、美少女、中出、4小時以上作品、VR専用、巨乳、ハイクオリティVR、DMM獨家、8KVR,多人,https://www.javbus.com/VRKM-1674,
MDVR-388 【VR】MOODYZファン感謝祭 バコバコバスツアー2025VR 超人気AV企画にアナタも参加できる！！史上最強AV女優15名と1泊2日 夢の… 葵いぶき 新井リマ 石原希望 小野六花 木下ひまり 桜ゆの 七瀬アリス 波多野結衣 春陽モカ 松本いちか 美園和花 森日向子 山岸あや花 莉々はるか,MDVR-388 【VR】MOODYZファン感謝祭 バコバコバスツアー2025VR 超人気AV企画にアナタも参加できる！！史上最強AV女優15名と1泊2日 夢の… 葵いぶき 新井リマ 石原希望 小野六花 木下ひまり 桜ゆの 七瀬アリス 波多野結衣 春陽モカ 松本いちか 美園和花 森日向子 山岸あや花 莉々はるか,MDVR-388,,2025-11-10,384分鐘,ZAMPA,ムーディーズ,MOODYZ VR,MOODYZ 8KVR,濫交、4小時以上作品、主觀視角、ファン感謝・訪問、ハーレム、VR専用、ハイクオリティVR、DMM獨家、8KVR,多人,https://www.javbus.com/MDVR-388,
CEMD-766 全部丸ごと生中出しセックス24時間40分～強●発情したオマ〇コから溢れ出る濃厚ザーメン！！,CEMD-766 全部丸ごと生中出しセックス24時間40分～強●発情したオマ〇コから溢れ出る濃厚ザーメン！！,CEMD-766,,2025-11-07,1485分鐘,,セレブの友,,,成熟的女人、合集、中出、16時間以上作品、巨乳、DMM獨家,多人,https://www.javbus.com/CEMD-766,
QMILL-006 オナニー応援ベスト 75コーナー9.4時間 激エロ作品大集合 おシコり特化,QMILL-006 オナニー応援ベスト 75コーナー9.4時間 激エロ作品大集合 おシコり特化,QMILL-006,,2025-11-06,568分鐘,K太郎,ケイ・エム・プロデュース,million（ミリオン）,KMP厳選スーパーBEST,蕩婦、合集、4小時以上作品、高畫質、DMM專屬、巨尻、巨乳、DMM獨家,多人,https://www.javbus.com/QMILL-006,
RBB-322 痴女の天才は責めたくてしょうがない！8時間スペシャルBEST,RBB-322 痴女の天才は責めたくてしょうがない！8時間スペシャルBEST,RBB-322,,2025-11-06,481分鐘,,ROOKIE,ROOKIE,ROOKIEベスト,蕩婦、合集、中出、女上位、4小時以上作品、高畫質、アクメ・オーガズム、DMM獨家,多人,https://www.javbus.com/RBB-322,
BBAN-559 義母のチクイキ洗脳で物心つく前から卑猥乳首に育てられ… こねくり粘着乳首アクメで理性ぶっ飛びレズ堕ちする巨乳美少女。 依本しおり 波多野結衣,BBAN-559 義母のチクイキ洗脳で物心つく前から卑猥乳首に育てられ… こねくり粘着乳首アクメで理性ぶっ飛びレズ堕ちする巨乳美少女。 依本しおり 波多野結衣,BBAN-559,,2025-11-06,160分鐘,三島六三郎,ビビアン,ビビアン,,女同性戀、潮吹、美少女、女同接吻、高畫質、巨乳、DMM獨家,多人,https://www.javbus.com/BBAN-559,
RCTD-698 妄想アイテム究極進化シリーズ ボディジャック オリジン ～原点回帰で昔からのTS（憑依）スキーにアプローチするエロくて楽しい幽体離脱～,RCTD-698 妄想アイテム究極進化シリーズ ボディジャック オリジン ～原点回帰で昔からのTS（憑依）スキーにアプローチするエロくて楽しい幽体離脱～,RCTD-698,,2025-11-05,131分鐘,ルート山崎,ROCKET,ROCKET,ボディジャック（ROCKET）,企畫、女同性戀、各種職業、妄想、高畫質、性別轉型·女性化、4K,多人,https://www.javbus.com/RCTD-698,
FCVR-053 【VR】【Fitch高画質8K肉感VR】 めちゃ欲求不満のほろ酔い巨乳妻3人と民宿で相部屋！ 波多野結衣 菊乃らん 推川ゆうり,FCVR-053 【VR】【Fitch高画質8K肉感VR】 めちゃ欲求不満のほろ酔い巨乳妻3人と民宿で相部屋！ 波多野結衣 菊乃らん 推川ゆうり,FCVR-053,,2025-11-03,90分鐘,ZAMPA,Fitch,Fitch肉感VR,,已婚婦女、多P、倒追、中出、ハーレム、VR専用、ハイクオリティVR、DMM獨家、8KVR,多人,https://www.javbus.com/FCVR-053,
MMPB-098 W淫乱女に前後左右死角ナシで痴女られる！ハーレムサンドイッチ逆3P,MMPB-098 W淫乱女に前後左右死角ナシで痴女られる！ハーレムサンドイッチ逆3P,MMPB-098,,2025-10-31,240分鐘,石切橋博士,桃太郎映像出版,桃太郎プレミアムベスト,,蕩婦、合集、多P、4小時以上作品、高畫質、M男、DMM獨家,多人,https://www.javbus.com/MMPB-098,
ATKD-408 奥まで届く激ピストン！ 子宮ガン突き責めで女が屈服する騎乗位 8時間BEST,ATKD-408 奥まで届く激ピストン！ 子宮ガン突き責めで女が屈服する騎乗位 8時間BEST,ATKD-408,,2025-10-30,481分鐘,,アタッカーズ,Attackers BEST,,合集、已婚婦女、女上位、4小時以上作品、高畫質、アクメ・オーガズム、DMM獨家,多人,https://www.javbus.com/ATKD-408,
SAN-402 現役レジェンド女優による人妻寝取られドラマ250分,SAN-402 現役レジェンド女優による人妻寝取られドラマ250分,SAN-402,,2025-10-27,252分鐘,,マザー,マザー（マザー）,,合集、已婚婦女、4小時以上作品、高畫質、出軌、戲劇、故事集,多人,https://www.javbus.com/SAN-402,
CEAD-709 『ディルド＆マシンバイブ』オナニーでイキ狂う14人の女優たち,CEAD-709 『ディルド＆マシンバイブ』オナニーでイキ狂う14人の女優たち,CEAD-709,,2025-10-24,184分鐘,,セレブの友,,撮り下ろしオナニー・シリーズ,成熟的女人、高畫質、按摩棒、巨乳、ディルド、4K、DMM獨家、自慰,多人,https://www.javbus.com/CEAD-709,
LZBS-123 レズれ！プレミアムベスト10時間SP 絶頂するまで濡れマ●コをベロベロに舐め回すレズクンニオーガズム,LZBS-123 レズれ！プレミアムベスト10時間SP 絶頂するまで濡れマ●コをベロベロに舐め回すレズクンニオーガズム,LZBS-123,,2025-10-24,602分鐘,,レズれ！,レズれ！ ベスト,レズれ！プレミアムBEST,女同性戀、舔陰、4小時以上作品、女同接吻、高畫質、巨乳、アクメ・オーガズム、DMM獨家,多人,https://www.javbus.com/LZBS-123,
MDBK-393 ザーメン台風！美女の口に顔に白濁精子が降り注ぐ！顔射・口内射精81連発 4時間BEST,MDBK-393 ザーメン台風！美女の口に顔に白濁精子が降り注ぐ！顔射・口内射精81連発 4時間BEST,MDBK-393,,2025-10-24,241分鐘,K太郎,BAZOOKA,BAZOOKA（バズーカ）,,合集、4小時以上作品、高畫質、顏射、DMM獨家、吞精,多人,https://www.javbus.com/MDBK-393,
HYJD-006 グローバルメディア25周年記念特別作品！！ 人気シリーズ別ベストBOX 豪華5枚組100作品収録1200分 官能ドラマと激エロSEXを堪能！！ 今回のためだけに新規編集で濃厚なヌキどころを詰め込んだ大満足の20時間,HYJD-006 グローバルメディア25周年記念特別作品！！ 人気シリーズ別ベストBOX 豪華5枚組100作品収録1200分 官能ドラマと激エロSEXを堪能！！ 今回のためだけに新規編集で濃厚なヌキどころを詰め込んだ大満足の20時間,HYJD-006,,2025-10-24,1201分鐘,,グローバルメディアエンタテインメント,ハイパー熟道,,成熟的女人、合集、已婚婦女、高畫質、故事集、16時間以上作品、DMM獨家,多人,https://www.javbus.com/HYJD-006,
DASS-776 ぜんぶ、せんせいのせい。2 ふ○なり女教師が性欲爆発母娘をスッキリさせる話。実写版 橘メアリー 流川莉央 波多野結衣,DASS-776 ぜんぶ、せんせいのせい。2 ふ○なり女教師が性欲爆発母娘をスッキリさせる話。実写版 橘メアリー 流川莉央 波多野結衣,DASS-776,,2025-10-23,100分鐘,川尻,ダスッ！,ダスッ！,ダスッ！原作コラボ,女同性戀、雙性人、中出、高畫質、原作コラボ、巨乳、DMM獨家,多人,https://www.javbus.com/DASS-776,
GQHB-022 234人の極楽フェラチオで抜く！！278射精2388分の鬼MEGA盛りスペシャル,GQHB-022 234人の極楽フェラチオで抜く！！278射精2388分の鬼MEGA盛りスペシャル,GQHB-022,,2025-10-21,2390分鐘,,グローリークエスト,GLORY QUEST,,蕩婦、口交、合集、深喉、高畫質、16時間以上作品、巨乳、DMM獨家、女生、吞精,多人,https://www.javbus.com/GQHB-022,
VRKM-1659 【VR】快楽で変化する十人十色のご尊Face！！見つめ合い！！止まらぬ興奮！！美顔特化VRノーカットBEST1063分,VRKM-1659 【VR】快楽で変化する十人十色のご尊Face！！見つめ合い！！止まらぬ興奮！！美顔特化VRノーカットBEST1063分,VRKM-1659,,2025-10-13,1063分鐘,K太郎,ケイ・エム・プロデュース,KMPVR,VR BEST,其他戀物癖、16時間以上作品、VR専用、設置項目、オナサポ、ハイクオリティVR、DMM獨家、自慰,多人,https://www.javbus.com/VRKM-1659,
VRKM-1652 【VR】舐めて！しゃぶって！吸いついて！唾液と涎でベチャベチャ！淫べろ濃厚愛撫 SEX BEST 300min,VRKM-1652 【VR】舐めて！しゃぶって！吸いついて！唾液と涎でベチャベチャ！淫べろ濃厚愛撫 SEX BEST 300min,VRKM-1652,,2025-10-12,302分鐘,K太郎,ケイ・エム・プロデュース,KMPVR,VR BEST,蕩婦、口交、合集、4小時以上作品、VR専用、ハイクオリティVR、DMM獨家、8KVR、吞精,多人,https://www.javbus.com/VRKM-1652,
XVSR-842 有名女優のガチSEX見せて下さい！！,XVSR-842 有名女優のガチSEX見せて下さい！！,XVSR-842,,2025-10-03,240分鐘,マックス藤井,マックスエー,MAX-A,,苗條、第一人稱攝影、潮吹、4小時以上作品、高畫質、巨尻、巨乳、DMM獨家,多人,https://www.javbus.com/XVSR-842,
KSBJ-398 熟女だから中出しOK！？20人VOL.03,KSBJ-398 熟女だから中出しOK！？20人VOL.03,KSBJ-398,,2025-10-03,242分鐘,,KSB企画/エマニエル,KSB企画/エマニエル,熟女だから中出しOK！？,成熟的女人、合集、乳房、中出、4小時以上作品、高畫質、エマニエル、DMM獨家,多人,https://www.javbus.com/KSBJ-398,
VOBB-055 波多野結衣＆大槻ひびき【BOTAN名作HISTORY】,VOBB-055 波多野結衣＆大槻ひびき【BOTAN名作HISTORY】,VOBB-055,,2025-10-02,464分鐘,,BOTAN,BOTAN厳選ベストっ！,BOTAN厳選ベストっ！,無毛、姐姐、美少女、中出、4小時以上作品、高畫質、巨乳,多人,https://www.javbus.com/VOBB-055,
QREL-004 大量潮吹き 6時間オーバーBEST ガチイキ絶頂54人,QREL-004 大量潮吹き 6時間オーバーBEST ガチイキ絶頂54人,QREL-004,,2025-09-26,407分鐘,K太郎,レアルワークス,REAL（レアルワークス）,KMP厳選スーパーBEST,潮吹、合集、拘束、4小時以上作品、高畫質、アクメ・オーガズム、DMM獨家,多人,https://www.javbus.com/QREL-004,
MIZD-484 MOODYZ専属ありがとう！ 松本いちか’ほぼ’大全集！43作品96SEX♪！1440分BEST,MIZD-484 MOODYZ専属ありがとう！ 松本いちか’ほぼ’大全集！43作品96SEX♪！1440分BEST,MIZD-484,,2025-09-25,1442分鐘,,ムーディーズ,MOODYZ Best,,中出、高畫質、女優ベスト・総集編、16時間以上作品、DMM獨家,多人,https://www.javbus.com/MIZD-484,
CKCK-010 密着と圧迫の同時責めで極限まで搾り尽くされるWケツシコ逆3Pエステ 波多野結衣 推川ゆうり,CKCK-010 密着と圧迫の同時責めで極限まで搾り尽くされるWケツシコ逆3Pエステ 波多野結衣 推川ゆうり,CKCK-010,,2025-09-25,124分鐘,旗大漁,Fitch,秋のシコシコ強化月間,,蕩婦、口交、中出、高畫質、巨尻、巨乳、DMM獨家,多人,https://www.javbus.com/CKCK-010,
CEAD-704 貴方に向かって見せつける！！大股開きのガニ股オナニーで挑発する超淫乱ドスケベ女優達15人,CEAD-704 貴方に向かって見せつける！！大股開きのガニ股オナニーで挑発する超淫乱ドスケベ女優達15人,CEAD-704,,2025-09-19,198分鐘,,セレブの友,,撮り下ろしオナニー・シリーズ,成熟的女人、高畫質、巨尻、巨乳、アクメ・オーガズム、DMM獨家、自慰,多人,https://www.javbus.com/CEAD-704,
MDBK-390 手コキま〇こにびゅ～っびゅ～っ射精しまくり240分BEST,MDBK-390 手コキま〇こにびゅ～っびゅ～っ射精しまくり240分BEST,MDBK-390,,2025-09-19,241分鐘,K太郎,BAZOOKA,BAZOOKA（バズーカ）,,蕩婦、合集、花癡、4小時以上作品、高畫質、DMM獨家、打手槍,多人,https://www.javbus.com/MDBK-390,
CJOB-189 ドスケベお姉さんたちの奪い合い痴女フェラ 交互にドピュドピュ射精させられちゃったボク…BEST,CJOB-189 ドスケベお姉さんたちの奪い合い痴女フェラ 交互にドピュドピュ射精させられちゃったボク…BEST,CJOB-189,,2025-09-18,240分鐘,,痴女ヘブン,痴女ヘブンBEST,,蕩婦、口交、合集、花癡、4小時以上作品、高畫質、顏射、DMM獨家,多人,https://www.javbus.com/CJOB-189,
VSED-269 「女将のエロいおもてなし最高！」「男なら一度は行くべき！」と、ある情報誌で有名になった山奥の温泉宿に行ってみた。そこで待ち受けていた過剰接待とは、想像を超えるエロ接待だった！！ 11,VSED-269 「女将のエロいおもてなし最高！」「男なら一度は行くべき！」と、ある情報誌で有名になった山奥の温泉宿に行ってみた。そこで待ち受けていた過剰接待とは、想像を超えるエロ接待だった！！ 11,VSED-269,,2025-09-17,247分鐘,長澤純,シックスナイン,シックスナイン,シックスナイン,成熟的女人、4小時以上作品、高畫質,多人,https://www.javbus.com/VSED-269,
MXDLP-307 逃れられない玩具攻め！イカされまくりの4時間 4,MXDLP-307 逃れられない玩具攻め！イカされまくりの4時間 4,MXDLP-307,,2025-09-15,240分鐘,,マキシング,MAXING,逃れられない玩具攻め,玩具、潮吹、合集、多P、4小時以上作品、高畫質、アクメ・オーガズム,多人,https://www.javbus.com/MXDLP-307,
VRKM-1632 【VR】【初8K】レビュー高評価★4.8以上BEST 300分た～っぷりお得な総集編,VRKM-1632 【VR】【初8K】レビュー高評価★4.8以上BEST 300分た～っぷりお得な総集編,VRKM-1632,,2025-09-13,299分鐘,K太郎,ケイ・エム・プロデュース,KMPVR,VR BEST,蕩婦、合集、美少女、4小時以上作品、VR専用、巨乳、ハイクオリティVR、DMM獨家、8KVR,多人,https://www.javbus.com/VRKM-1632,
VRKM-1635 【VR】脳がトロける濃厚キス性交 ノーカットコレクション15作品1221分,VRKM-1635 【VR】脳がトロける濃厚キス性交 ノーカットコレクション15作品1221分,VRKM-1635,,2025-09-12,1221分鐘,K太郎,ケイ・エム・プロデュース,KMPVR,VR BEST,蕩婦、美少女、中出、16時間以上作品、キス・接吻、VR専用、設置項目、ハイクオリティVR、DMM獨家,多人,https://www.javbus.com/VRKM-1635,
MIRD-255 MOODYZファン感謝祭バコバコバスツアー2025 完全版 バコバス11時間＋うらバコ4時間＋未公開シーン収録17時間,MIRD-255 MOODYZファン感謝祭バコバコバスツアー2025 完全版 バコバス11時間＋うらバコ4時間＋未公開シーン収録17時間,MIRD-255,,2025-09-11,1053分鐘,らくだ,ムーディーズ,MOODYZ REAL,バコバコバスツアー,濫交、口交、美少女、高畫質、16時間以上作品、ハーレム、DMM獨家,多人,https://www.javbus.com/MIRD-255,
CEAD-703 神デカ尻の杭打ちピストンが止まらない！！ムチムチ肉感巨尻セックス8時間,CEAD-703 神デカ尻の杭打ちピストンが止まらない！！ムチムチ肉感巨尻セックス8時間,CEAD-703,,2025-09-05,493分鐘,,セレブの友,,,合集、屁股、花癡、女上位、4小時以上作品、高畫質、巨尻、DMM獨家,多人,https://www.javbus.com/CEAD-703,
VOBB-054 チ〇ポを舐めるのを我慢できないフェラチオ大好き娘13人420分！,VOBB-054 チ〇ポを舐めるのを我慢できないフェラチオ大好き娘13人420分！,VOBB-054,,2025-09-04,420分鐘,,BOTAN,BOTAN厳選ベストっ！,BOTAN厳選ベストっ！,口交、姐姐、美少女、4小時以上作品、高畫質、吞精,多人,https://www.javbus.com/VOBB-054,
NBES-104 泣きジコりNTR総集編 7タイトルノーカットフル尺 驚異の870分！14時間30分4枚組特大収録！,NBES-104 泣きジコりNTR総集編 7タイトルノーカットフル尺 驚異の870分！14時間30分4枚組特大収録！,NBES-104,,2025-09-04,875分鐘,,JET映像,卍GROUP,泣きジコりNTR,合集、已婚婦女、中出、4小時以上作品、高畫質、出軌、DMM獨家,多人,https://www.javbus.com/NBES-104,
BBSS-098 ぺロぺロこねくり乳首責め＆じゅぼじゅぼクリフェラでスケベ汁垂れ流しレズビアン痴女天国BEST！！（BBSS-098）,BBSS-098 ぺロぺロこねくり乳首責め＆じゅぼじゅぼクリフェラでスケベ汁垂れ流しレズビアン痴女天国BEST！！（BBSS-098）,BBSS-098,,2025-09-04,240分鐘,,ビビアン,ビビアン,ぺロぺロこねくり乳首責め＆じゅぼじゅぼクリフェラでスケベ汁垂れ流しレズビアン痴女天国BEST！！,蕩婦、女同性戀、潮吹、4小時以上作品、女同接吻、高畫質、巨乳、DMM獨家,多人,https://www.javbus.com/BBSS-098,
MXDLP-0307 逃れられない玩具攻め！イカされまくりの4時間 4 花音うらら 飛鳥りん 咲野の花 由愛可奈 高井ルナ,MXDLP-0307 逃れられない玩具攻め！イカされまくりの4時間 4 花音うらら 飛鳥りん 咲野の花 由愛可奈 高井ルナ,MXDLP-0307,,2025-09-01,241分鐘,,MAXING,MAXING,,合集、4小時以上作品、配信専用、オモチャ,多人,https://www.javbus.com/MXDLP-0307,
QMDB-007 80人！超大ボリューム風俗嬢BEST 10時間 セックス特化めちゃシコ！コンテンツ,QMDB-007 80人！超大ボリューム風俗嬢BEST 10時間 セックス特化めちゃシコ！コンテンツ,QMDB-007,,2025-08-30,628分鐘,K太郎,BAZOOKA,BAZOOKA（バズーカ）,KMP厳選スーパーBEST,蕩婦、合集、妓女、4小時以上作品、高畫質、巨乳、DMM獨家,多人,https://www.javbus.com/QMDB-007,
KSBJ-394 美熟女のエロテク超絶フェラチオ17人VOL.04,KSBJ-394 美熟女のエロテク超絶フェラチオ17人VOL.04,KSBJ-394,,2025-08-29,242分鐘,,KSB企画/エマニエル,KSB企画/エマニエル,美熟女のエロテク超絶フェラチオ,成熟的女人、口交、合集、乳房、4小時以上作品、高畫質、エマニエル、DMM獨家,多人,https://www.javbus.com/KSBJ-394,
CEMD-730 性欲モンスター！『望月あやか』のハードレズ限定17時間02分 8枚組ベストBOX！,CEMD-730 性欲モンスター！『望月あやか』のハードレズ限定17時間02分 8枚組ベストBOX！,CEMD-730,,2025-08-22,1021分鐘,,セレブの友,,,成熟的女人、女同性戀、潮吹、女同接吻、高畫質、女優ベスト・総集編、16時間以上作品、4K、DMM獨家,多人,https://www.javbus.com/CEMD-730,
MDBK-386 BAZOOKAならではの激エロSERVICE！！キレカワ風俗嬢 4時間 PREMIUM BEST,MDBK-386 BAZOOKAならではの激エロSERVICE！！キレカワ風俗嬢 4時間 PREMIUM BEST,MDBK-386,,2025-08-22,242分鐘,K太郎,BAZOOKA,BAZOOKA（バズーカ）,,蕩婦、合集、妓女、中出、4小時以上作品、高畫質、DMM獨家,多人,https://www.javbus.com/MDBK-386,
LZBS-121 レズれ！プレミアムベスト10時間SP 最後の最後に更に盛り上がるフルスロットル絶頂イカセ合いレズ性交,LZBS-121 レズれ！プレミアムベスト10時間SP 最後の最後に更に盛り上がるフルスロットル絶頂イカセ合いレズ性交,LZBS-121,,2025-08-22,604分鐘,,レズれ！,レズれ！ ベスト,レズれ！プレミアムBEST,玩具、女同性戀、4小時以上作品、女同接吻、高畫質、巨乳、アクメ・オーガズム、DMM獨家,多人,https://www.javbus.com/LZBS-121,
RVG-243 野外で露出！緊縛！青姦！犯罪スレスレの合法セックス連発！ヤバいよヤバいよ！480分26人,RVG-243 野外で露出！緊縛！青姦！犯罪スレスレの合法セックス連発！ヤバいよヤバいよ！480分26人,RVG-243,,2025-08-22,480分鐘,,グローリークエスト,GLORY QUEST,,野外・露出、紧缚、花癡、4小時以上作品、高畫質、M女、DMM獨家,多人,https://www.javbus.com/RVG-243,
MDBK-385 網からハミ出た尻肉と美脚に絡まれたい！！卑猥な網タイツでボクを誘惑する網タイツSEX BEST 240分,MDBK-385 網からハミ出た尻肉と美脚に絡まれたい！！卑猥な網タイツでボクを誘惑する網タイツSEX BEST 240分,MDBK-385,,2025-08-22,242分鐘,K太郎,BAZOOKA,BAZOOKA（バズーカ）,,合集、連褲襪、花癡、中出、4小時以上作品、高畫質、DMM獨家,多人,https://www.javbus.com/MDBK-385,
REAL-934 REAL20周年ANNIVERSARY BOX 15時間 凌●して犯した暗黒史 Dark History,REAL-934 REAL20周年ANNIVERSARY BOX 15時間 凌●して犯した暗黒史 Dark History,REAL-934,,2025-08-22,951分鐘,K太郎,レアルワークス,REAL（レアルワークス）,,合集、監禁、花癡、深喉、中出、4小時以上作品、高畫質、DMM獨家,多人,https://www.javbus.com/REAL-934,
TOMNVD-016 70名鉄板女優の鉄板手コキテク！乳首舐め・授乳・Wでザーメンを根こそぎ搾り取る手コキ BEST,TOMNVD-016 70名鉄板女優の鉄板手コキテク！乳首舐め・授乳・Wでザーメンを根こそぎ搾り取る手コキ BEST,TOMNVD-016,,2025-08-17,440分鐘,,TEPPAN,TEPPAN,,蕩婦、其他戀物癖、合集、4小時以上作品、高畫質、汗だく、DMM獨家、打手槍,多人,https://www.javbus.com/TOMNVD-016,
VRKM-1617 【VR】リアルなフェラで抜かれたい！フェラ顔・ノーモザイク・イラマチオ・顔射 SUPER COLLECTION BEST ノーカット1270分,VRKM-1617 【VR】リアルなフェラで抜かれたい！フェラ顔・ノーモザイク・イラマチオ・顔射 SUPER COLLECTION BEST ノーカット1270分,VRKM-1617,,2025-08-15,1269分鐘,K太郎,ケイ・エム・プロデュース,KMPVR,VR BEST,口交、其他戀物癖、深喉、16時間以上作品、VR専用、設置項目、ハイクオリティVR、DMM獨家,多人,https://www.javbus.com/VRKM-1617,
KAGP-368 セクハラママさんバレー！13 ハイレグブルマ姿の人妻9人が挑む過酷なエロトレーニング,KAGP-368 セクハラママさんバレー！13 ハイレグブルマ姿の人妻9人が挑む過酷なエロトレーニング,KAGP-368,,2025-08-15,120分鐘,妻撮りの翁,かぐや姫Pt/妄想族,かぐや姫Pt,セクハラママさんバレー！,口交、其他戀物癖、已婚婦女、運動、高畫質、巨乳、妄想族、4K、DMM獨家,多人,https://www.javbus.com/KAGP-368,
CEMD-724 チ●ポ大好き淫乱美女総勢50名以上！まるごと『痴女限定BOX』21時間18分8枚組,CEMD-724 チ●ポ大好き淫乱美女総勢50名以上！まるごと『痴女限定BOX』21時間18分8枚組,CEMD-724,,2025-08-08,1276分鐘,,セレブの友,,,蕩婦、成熟的女人、合集、淫語、花癡、16時間以上作品、DMM獨家,多人,https://www.javbus.com/CEMD-724,
AVSA-392 淫語を連発して君を挑発する卑猥なドスケベW痴女,AVSA-392 淫語を連発して君を挑発する卑猥なドスケベW痴女,AVSA-392,,2025-08-08,127分鐘,ラッシャーみよし,AVS collector’s,AVSCollector’s,,蕩婦、淫語、姐姐、多P、高畫質、巨乳、4K、DMM獨家,多人,https://www.javbus.com/AVSA-392,
JUR-472 人質交姦24時 強盗犯に犯●れ続けた交渉人・結衣。決して屈しないエリート捜査官が、籠城する男たちに敗北する一部始終。,JUR-472 人質交姦24時 強盗犯に犯●れ続けた交渉人・結衣。決して屈しないエリート捜査官が、籠城する男たちに敗北する一部始終。,JUR-472,,2025-08-07,165分鐘,真咲南朋,マドンナ,Madonna,,成熟的女人、已婚婦女、多P、女檢察官、中出、高畫質、DMM獨家,多人,https://www.javbus.com/JUR-472,
MIAB-503 町内会サンバカーニバル練習に付き合わされムチムチボディW爆乳セニョリータの魅惑の腰つき騎乗位で精子搾られたボク。 有岡みう 波多野結衣,MIAB-503 町内会サンバカーニバル練習に付き合わされムチムチボディW爆乳セニョリータの魅惑の腰つき騎乗位で精子搾られたボク。 有岡みう 波多野結衣,MIAB-503,,2025-08-01,117分鐘,トレンディ山口,ムーディーズ,みんなのキカタン,,角色扮演、蕩婦、中出、女上位、高畫質、巨乳、DMM獨家,多人,https://www.javbus.com/MIAB-503,
BF-742 レジェンド女優BEST480分,BF-742 レジェンド女優BEST480分,BF-742,,2025-08-01,481分鐘,,BeFree,BeFree,,合集、纪录片、中出、4小時以上作品、高畫質、DMM獨家,多人,https://www.javbus.com/BF-742,
MIZD-473 美少女から溢れ出すおしっこを見たい！浴びたい！飲みたい！！フレッシュ尿で全身びちゃびちゃ聖水30000mlオーバー！Vol.2,MIZD-473 美少女から溢れ出すおしっこを見たい！浴びたい！飲みたい！！フレッシュ尿で全身びちゃびちゃ聖水30000mlオーバー！Vol.2,MIZD-473,,2025-08-01,241分鐘,,ムーディーズ,MOODYZ Best,,蕩婦、放尿、潮吹、制服、4小時以上作品、高畫質、ハーレム、DMM獨家,多人,https://www.javbus.com/MIZD-473,
BMW-338 涎ダクダクちんシャブ女たちの汁まみれバキュームフェラ100連発,BMW-338 涎ダクダクちんシャブ女たちの汁まみれバキュームフェラ100連発,BMW-338,,2025-08-01,481分鐘,,ワンズファクトリー,WANZ,,蕩婦、口交、合集、花癡、4小時以上作品、高畫質、顏射、DMM獨家,多人,https://www.javbus.com/BMW-338,
RBB-312 ヌいてもヌいてもまだ終わらない！全員ヌける！ エロに定評がある2025年人気AV女優大集結！ 厳選12メーカー豪華40作品S級40人満足480分8時間BEST,RBB-312 ヌいてもヌいてもまだ終わらない！全員ヌける！ エロに定評がある2025年人気AV女優大集結！ 厳選12メーカー豪華40作品S級40人満足480分8時間BEST,RBB-312,,2025-07-25,481分鐘,,ROOKIE,ROOKIE,ROOKIEベスト,合集、美少女、乳房、4小時以上作品、高畫質、アクメ・オーガズム、DMM獨家,多人,https://www.javbus.com/RBB-312,
REAL-927 メス達を鬼畜に追い込むREAL珠玉のインモラルベスト,REAL-927 メス達を鬼畜に追い込むREAL珠玉のインモラルベスト,REAL-927,,2025-07-19,241分鐘,K太郎,レアルワークス,REAL（レアルワークス）,,合集、花癡、美少女、深喉、4小時以上作品、高畫質、DMM獨家,多人,https://www.javbus.com/REAL-927,
VRKM-1594 【VR】Be Water My Friend 8Kで観る美女の汗だく潮だくビショ濡れSEXBEST300分,VRKM-1594 【VR】Be Water My Friend 8Kで観る美女の汗だく潮だくビショ濡れSEXBEST300分,VRKM-1594,,2025-07-14,300分鐘,K太郎,ケイ・エム・プロデュース,KMPVR,VR BEST,潮吹、合集、美少女、中出、4小時以上作品、汗だく、VR専用、ハイクオリティVR、DMM獨家、8KVR,多人,https://www.javbus.com/VRKM-1594,
VRKM-1592 【VR】巨乳不倫背徳BEST 他人マ〇コってなんでこんなに気持ちイイんだ… 8K 300分,VRKM-1592 【VR】巨乳不倫背徳BEST 他人マ〇コってなんでこんなに気持ちイイんだ… 8K 300分,VRKM-1592,,2025-07-13,306分鐘,K太郎,ケイ・エム・プロデュース,KMPVR,VR BEST,合集、通姦、中出、4小時以上作品、VR専用、巨乳、ハイクオリティVR、DMM獨家、8KVR,多人,https://www.javbus.com/VRKM-1592,
RBB-314 太陽よりも激アツな水着性交BEST8時間 in SUMMER,RBB-314 太陽よりも激アツな水着性交BEST8時間 in SUMMER,RBB-314,,2025-07-04,481分鐘,,ROOKIE,ROOKIE,ROOKIEベスト,苗條、合集、4小時以上作品、高畫質、泳裝、巨乳、DMM獨家,多人,https://www.javbus.com/RBB-314,
NBES-102 家計の為に仕方無く…ヌ～ドモデルをやらされ恥じらいながらもたっぷりと愛液を漏らしてしまう妻 総集編4タイトルノーカット収録 3枚組510分,NBES-102 家計の為に仕方無く…ヌ～ドモデルをやらされ恥じらいながらもたっぷりと愛液を漏らしてしまう妻 総集編4タイトルノーカット収録 3枚組510分,NBES-102,,2025-07-04,507分鐘,,JET映像,卍GROUP,家計の為に仕方無く…ヌ～ドモデルをやらされた妻……,合集、已婚婦女、通姦、4小時以上作品、高畫質、出軌、DMM獨家,多人,https://www.javbus.com/NBES-102,
SAN-368 美人すぎるエロすぎる体も完璧すぎる人妻たち260分,SAN-368 美人すぎるエロすぎる体も完璧すぎる人妻たち260分,SAN-368,,2025-06-30,264分鐘,,マザー,マザー（マザー）,,潮吹、合集、已婚婦女、中出、4小時以上作品、高畫質、出軌,多人,https://www.javbus.com/SAN-368,
MMPB-084 釘打ち、グラインド、スパイダー！ 圧倒的なテクで精子全搾取してくる騎乗位の天才20選,MMPB-084 釘打ち、グラインド、スパイダー！ 圧倒的なテクで精子全搾取してくる騎乗位の天才20選,MMPB-084,,2025-06-28,237分鐘,石切橋博士,桃太郎映像出版,桃太郎プレミアムベスト,,蕩婦、合集、女上位、高畫質、巨尻、DMM獨家,多人,https://www.javbus.com/MMPB-084,
MQNC-015 ハーレム1130分ノーカット 淫乱豪華23人 あなたのおち〇ぽ大好きな女たち,MQNC-015 ハーレム1130分ノーカット 淫乱豪華23人 あなたのおち〇ぽ大好きな女たち,MQNC-015,,2025-06-28,1129分鐘,K太郎,ケイ・エム・プロデュース,million（ミリオン）,million ノーカットBEST,蕩婦、中出、高畫質、16時間以上作品、ハーレム、設置項目、巨乳、DMM獨家,多人,https://www.javbus.com/MQNC-015,
BF-740 ギャル家庭教師480分BEST,BF-740 ギャル家庭教師480分BEST,BF-740,,2025-06-27,481分鐘,,BeFree,BeFree,ギャル家庭教師,家教、合集、纪录片、中出、4小時以上作品、高畫質、DMM獨家、女生,多人,https://www.javbus.com/BF-740,
ATKD-398 射精直後の敏感チ●ポをじゅるじゅる吸引！一滴残らずザーメンを搾り出させるお掃除フェラ4時間BEST,ATKD-398 射精直後の敏感チ●ポをじゅるじゅる吸引！一滴残らずザーメンを搾り出させるお掃除フェラ4時間BEST,ATKD-398,,2025-06-27,241分鐘,,アタッカーズ,Attackers BEST,,口交、合集、4小時以上作品、高畫質、顏射、巨乳、DMM獨家、打手槍,多人,https://www.javbus.com/ATKD-398,
3DSVR-1766 【VR】【8K】地図から消された村VR,3DSVR-1766 【VR】【8K】地図から消された村VR,3DSVR-1766,,2025-06-26,94分鐘,いざいざき,SODクリエイト,SODVR,,飲尿、女上位、出軌、ハーレム、VR専用、幻想、ハイクオリティVR、8KVR,多人,https://www.javbus.com/3DSVR-1766,
XMOM-94 寝取られ淫乱妻 夫以外のデカチンが好き,XMOM-94 寝取られ淫乱妻 夫以外のデカチンが好き,XMOM-94,,2025-06-26,240分鐘,,センタービレッジ,桃色吐息,,成熟的女人、合集、已婚婦女、出軌、デカチン・巨根、配信専用、フルハイビジョン(FHD),多人,https://www.javbus.com/XMOM-94,
XMOM-094 寝取られ淫乱妻 夫以外のデカチンが好き,XMOM-094 寝取られ淫乱妻 夫以外のデカチンが好き,XMOM-094,,2025-06-26,243分鐘,,センタービレッジ,桃色吐息,,成熟的女人、合集、通姦、4小時以上作品、高畫質,多人,https://www.javbus.com/XMOM-094,
QREL-003 緊縛拘束390分犯し放題BEST セックス人形39人,QREL-003 緊縛拘束390分犯し放題BEST セックス人形39人,QREL-003,,2025-06-25,391分鐘,K太郎,レアルワークス,REAL（レアルワークス）,KMP厳選スーパーBEST,紧缚、拘束、中出、4小時以上作品、高畫質、巨乳、DMM獨家,多人,https://www.javbus.com/QREL-003,
VRKM-1576 【VR】美乳×美尻のモデル級女神！！淫らに男を骨抜きにする絶品美ボディ1059分超ボリュームノーカットBEST,VRKM-1576 【VR】美乳×美尻のモデル級女神！！淫らに男を骨抜きにする絶品美ボディ1059分超ボリュームノーカットBEST,VRKM-1576,,2025-06-24,1060分鐘,K太郎,ケイ・エム・プロデュース,KMPVR,VR BEST,蕩婦、乳房、中出、16時間以上作品、VR専用、設置項目、ハイクオリティVR、DMM獨家,多人,https://www.javbus.com/VRKM-1576,
MKMP-648 お口の中に残さずほしいの チ〇ポ大好きフェラ美女達の口内射精50発 240分BEST！！！,MKMP-648 お口の中に残さずほしいの チ〇ポ大好きフェラ美女達の口内射精50発 240分BEST！！！,MKMP-648,,2025-06-21,241分鐘,K太郎,ケイ・エム・プロデュース,million（ミリオン）,,蕩婦、口交、合集、美少女、4小時以上作品、高畫質、DMM獨家,多人,https://www.javbus.com/MKMP-648,
REAL-920 喉奥ぶち込みイラマBEST メス豚の喉でシゴいて射精240分,REAL-920 喉奥ぶち込みイラマBEST メス豚の喉でシゴいて射精240分,REAL-920,,2025-06-21,241分鐘,K太郎,レアルワークス,REAL（レアルワークス）,,其他戀物癖、合集、花癡、深喉、4小時以上作品、高畫質、DMM獨家,多人,https://www.javbus.com/REAL-920,
CADV-926 厳選！！プリケツ＆悩殺尻な女たち24人8時間 4,CADV-926 厳選！！プリケツ＆悩殺尻な女たち24人8時間 4,CADV-926,,2025-06-21,479分鐘,,クリスタル映像,CRYSTAL EX,厳選！！プリケツ＆悩殺尻な女たち,蕩婦、苗條、口交、合集、無毛、已婚婦女、制服、乳房、乳液、中出、女上位、4小時以上作品、高畫質、顏面騎乘、處男、巨尻、ビッチ、巨乳、バック、DMM獨家、自慰、女傭,多人,https://www.javbus.com/CADV-926,
TOMNVD-014 愛汁がドバドバ溢れるワレメを舐め回す！濃厚クンニ激イカセBEST 400分90名,TOMNVD-014 愛汁がドバドバ溢れるワレメを舐め回す！濃厚クンニ激イカセBEST 400分90名,TOMNVD-014,,2025-06-20,401分鐘,,TEPPAN,TEPPAN,,其他戀物癖、合集、姐姐、舔陰、4小時以上作品、高畫質、汗だく、DMM獨家,多人,https://www.javbus.com/TOMNVD-014,
NACX-155 たわわな胸元を見せつけ誘惑してくる上司の奥さん総集編,NACX-155 たわわな胸元を見せつけ誘惑してくる上司の奥さん総集編,NACX-155,,2025-06-20,244分鐘,,プラネットプラス,七狗留,たわわな胸元を見せつけ誘惑してくる上司の奥さん,成熟的女人、合集、已婚婦女、4小時以上作品、高畫質、巨乳,多人,https://www.javbus.com/NACX-155,
DASS-651 極上SEXテクで僕のチ○ポを奪い合う。女神3人にザーメン抜かれ続ける夢のママ痴女ハーレム生活 希島あいり 大槻ひびき 波多野結衣,DASS-651 極上SEXテクで僕のチ○ポを奪い合う。女神3人にザーメン抜かれ続ける夢のママ痴女ハーレム生活 希島あいり 大槻ひびき 波多野結衣,DASS-651,,2025-06-20,124分鐘,三島六三郎,ダスッ！,ダスッ！,,蕩婦、母親、多P、中出、高畫質、ハーレム、DMM獨家,多人,https://www.javbus.com/DASS-651,
GQHB-021 拘束緊縛1522分 美少女21人の秘められたマゾ性が覚醒！手足を縛られ身悶え、苦悶の表情を浮かべながらイキ狂う！,GQHB-021 拘束緊縛1522分 美少女21人の秘められたマゾ性が覚醒！手足を縛られ身悶え、苦悶の表情を浮かべながらイキ狂う！,GQHB-021,,2025-06-18,1525分鐘,,グローリークエスト,GLORY QUEST,,SM、紧缚、美少女、高畫質、16時間以上作品、M女、DMM獨家,多人,https://www.javbus.com/GQHB-021,
KAGP-359 オナサポ！！ 女子○生 着衣で全裸で挑発的ダンス 13,KAGP-359 オナサポ！！ 女子○生 着衣で全裸で挑発的ダンス 13,KAGP-359,,2025-06-14,122分鐘,妻撮りの翁,かぐや姫Pt/妄想族,かぐや姫Pt,オナサポ！！,其他戀物癖、跳舞、高畫質、內衣、妄想族、4K、DMM獨家、局部特寫,多人,https://www.javbus.com/KAGP-359,
PBD-496 無理やり迫られダメダメ言いつつも…教え子の若い性欲に負けて禁断の絶頂に溺れてしまった女教師たち。,PBD-496 無理やり迫られダメダメ言いつつも…教え子の若い性欲に負けて禁断の絶頂に溺れてしまった女教師たち。,PBD-496,,2025-06-13,481分鐘,,プレミアム,PREMIUM BEST,,苗條、女教師、姐姐、多P、中出、4小時以上作品、高畫質、DMM獨家,多人,https://www.javbus.com/PBD-496,
CEAD-687 ～無理矢理ヤラれて感じまくる～みひな 2枚組ハイパーベスト7時間18分,CEAD-687 ～無理矢理ヤラれて感じまくる～みひな 2枚組ハイパーベスト7時間18分,CEAD-687,,2025-06-07,438分鐘,,セレブの友,,ハイパーベスト,女同性戀、乳液、中出、4小時以上作品、高畫質、女優ベスト・総集編、DMM獨家、黑人演員,多人,https://www.javbus.com/CEAD-687,
CEMD-698 ノーカット長編1138分収録！！有名女優達のガチイキオナニー・コレクションまるごと完全収録BOX,CEMD-698 ノーカット長編1138分収録！！有名女優達のガチイキオナニー・コレクションまるごと完全収録BOX,CEMD-698,,2025-06-07,1139分鐘,,セレブの友,,,合集、淫語、主觀視角、高畫質、16時間以上作品、ディルド、4K、DMM獨家、自慰,多人,https://www.javbus.com/CEMD-698,
RBB-311 僕の雄っぱいこれ以上いじめちゃダメぇ！凄テク痴女達にこねくり回され昇天絶頂！乳首責め性交BEST8時間,RBB-311 僕の雄っぱいこれ以上いじめちゃダメぇ！凄テク痴女達にこねくり回され昇天絶頂！乳首責め性交BEST8時間,RBB-311,,2025-06-06,481分鐘,,ROOKIE,ROOKIE,ROOKIEベスト,蕩婦、其他戀物癖、合集、女上位、4小時以上作品、高畫質、DMM獨家,多人,https://www.javbus.com/RBB-311,
MBF-056 【期間限定】【FANZA独占】【配信専用】変態カップル・夫婦の変態プレイNTRセックス350分SPECIAL,MBF-056 【期間限定】【FANZA独占】【配信専用】変態カップル・夫婦の変態プレイNTRセックス350分SPECIAL,MBF-056,,2025-06-04,351分鐘,,マックスエー,MAX-A,期間限定特別版,已婚婦女、美少女、中出、4小時以上作品、高畫質、出軌、DMM獨家,多人,https://www.javbus.com/MBF-056,
VRKM-1572 【VR】痴夫人たち～最もフィジカルで、最もプリミティブで、そして最もフェティッシュな交わりでイかせていただく巨乳人妻BEST～,VRKM-1572 【VR】痴夫人たち～最もフィジカルで、最もプリミティブで、そして最もフェティッシュな交わりでイかせていただく巨乳人妻BEST～,VRKM-1572,,2025-06-03,300分鐘,K太郎,ケイ・エム・プロデュース,KMPVR,VR BEST,蕩婦、合集、已婚婦女、4小時以上作品、VR専用、巨乳、ハイクオリティVR、DMM獨家、8KVR,多人,https://www.javbus.com/VRKM-1572,
TOMNVD-013 汗だく密着×キスSEX 汗と体液まみれで求めあうゼロ距離性交 BEST 50名,TOMNVD-013 汗だく密着×キスSEX 汗と体液まみれで求めあうゼロ距離性交 BEST 50名,TOMNVD-013,,2025-06-01,423分鐘,,TEPPAN,TEPPAN,,合集、花癡、4小時以上作品、高畫質、キス・接吻、汗だく、巨乳、DMM獨家,多人,https://www.javbus.com/TOMNVD-013,
OOMNVD-010 美熟女激テク白濁ザーメン濃厚フェラチオBEST 130名,OOMNVD-010 美熟女激テク白濁ザーメン濃厚フェラチオBEST 130名,OOMNVD-010,,2025-06-01,409分鐘,,ABC/妄想族,お母さん.com（ABC/妄想族）,,成熟的女人、母親、口交、合集、4小時以上作品、婆婆、DMM專屬、妄想族、DMM獨家,多人,https://www.javbus.com/OOMNVD-010,
SAN-359 まだまだ現役のレジェンド女優 大槻ひびき＆波多野結衣250分,SAN-359 まだまだ現役のレジェンド女優 大槻ひびき＆波多野結衣250分,SAN-359,,2025-05-31,253分鐘,,マザー,マザー（マザー）,,合集、已婚婦女、通姦、4小時以上作品、高畫質、出軌、戲劇,多人,https://www.javbus.com/SAN-359,
ATKD-392 妊娠確定！危険日種付け中出し8時間BEST,ATKD-392 妊娠確定！危険日種付け中出し8時間BEST,ATKD-392,,2025-05-30,481分鐘,,アタッカーズ,Attackers BEST,,合集、中出、4小時以上作品、高畫質、孕ませ、巨乳、DMM獨家,多人,https://www.javbus.com/ATKD-392,
DVMM-250 人気AV女優の凄テク早漏改善！ハンパない高速腰振り騎乗位に素人男子が射精を我慢できたら…特大ご褒美エンドレス中出しSEX！波多野結衣・乙アリス・天馬ゆい,DVMM-250 人気AV女優の凄テク早漏改善！ハンパない高速腰振り騎乗位に素人男子が射精を我慢できたら…特大ご褒美エンドレス中出しSEX！波多野結衣・乙アリス・天馬ゆい,DVMM-250,,2025-05-30,163分鐘,よーすけ,ディープス,DEEP’S,,蕩婦、中出、女上位、高畫質、ファン感謝・訪問、早漏、DMM獨家,多人,https://www.javbus.com/DVMM-250,
MKMP-641 潮吹きするほどビンカン女子（マ〇コ）絶頂SPLASH！イキ漏らしBEST,MKMP-641 潮吹きするほどビンカン女子（マ〇コ）絶頂SPLASH！イキ漏らしBEST,MKMP-641,,2025-05-24,241分鐘,K太郎,ケイ・エム・プロデュース,million（ミリオン）,,蕩婦、潮吹、合集、4小時以上作品、高畫質、巨乳、DMM獨家,多人,https://www.javbus.com/MKMP-641,
UMSO-598 全裸掃除図鑑65人8時間2枚組,UMSO-598 全裸掃除図鑑65人8時間2枚組,UMSO-598,,2025-05-24,485分鐘,,ケイ・エム・プロデュース,UMANAMI,,其他戀物癖、合集、4小時以上作品、高畫質、巨尻、巨乳、DMM獨家,多人,https://www.javbus.com/UMSO-598,
SVS-086 四つん這い限界イカせ！ 逃げたくても逃げられない回避不能の淫膣に強●極限刺激,SVS-086 四つん這い限界イカせ！ 逃げたくても逃げられない回避不能の淫膣に強●極限刺激,SVS-086,,2025-05-24,301分鐘,,AVS collector’s,AVSCollector’s,,紧缚、拘束、4小時以上作品、女優按摩棒、高畫質、DMM獨家,多人,https://www.javbus.com/SVS-086,
QMILL-004 男の精液を搾り尽くす！驚異の淫乱モンスター！！男の都合お構いなしのSSS級痴女39人BEST,QMILL-004 男の精液を搾り尽くす！驚異の淫乱モンスター！！男の都合お構いなしのSSS級痴女39人BEST,QMILL-004,,2025-05-17,402分鐘,K太郎,ケイ・エム・プロデュース,million（ミリオン）,KMP厳選スーパーBEST,蕩婦、合集、姐姐、中出、4小時以上作品、高畫質、巨乳、DMM獨家,多人,https://www.javbus.com/QMILL-004,
TOMNVD-012 ねじ伏せる圧倒的征服感100名 寝バックの深～イイッ挿入でポルチオぐりぐりBEST,TOMNVD-012 ねじ伏せる圧倒的征服感100名 寝バックの深～イイッ挿入でポルチオぐりぐりBEST,TOMNVD-012,,2025-05-16,393分鐘,,TEPPAN,TEPPAN,ねじ伏せる圧倒的征服感 寝バック,合集、屁股、花癡、美少女、4小時以上作品、高畫質、バック、DMM獨家,多人,https://www.javbus.com/TOMNVD-012,
CEAD-683 フェラチオ好き美女50人大集合～濃厚精子が止まらない極上フェラチオ8時間,CEAD-683 フェラチオ好き美女50人大集合～濃厚精子が止まらない極上フェラチオ8時間,CEAD-683,,2025-05-10,482分鐘,,セレブの友,,,口交、合集、深喉、4小時以上作品、高畫質、DMM獨家、顏射、吞精,多人,https://www.javbus.com/CEAD-683,
CEAD-682 厳選3P・4P乱交セックス 2枚組ハイパーベスト5時間36分,CEAD-682 厳選3P・4P乱交セックス 2枚組ハイパーベスト5時間36分,CEAD-682,,2025-05-10,336分鐘,,セレブの友,,ハイパーベスト,成熟的女人、濫交、合集、多P、4小時以上作品、ハーレム、DMM獨家,多人,https://www.javbus.com/CEAD-682,
BBSS-095 美しすぎる酒池肉林の無限快楽ハーレムレズビアン天国BEST 女だらけの大乱交スペシャル240分,BBSS-095 美しすぎる酒池肉林の無限快楽ハーレムレズビアン天国BEST 女だらけの大乱交スペシャル240分,BBSS-095,,2025-05-09,241分鐘,,ビビアン,ビビアン,,女同性戀、濫交、合集、多P、4小時以上作品、女同接吻、高畫質、DMM獨家,多人,https://www.javbus.com/BBSS-095,
MBF-054 【期間限定】【FANZA独占】【配信専用】大人気AV女優4名がプライベートでハメドリッ！,MBF-054 【期間限定】【FANZA独占】【配信専用】大人気AV女優4名がプライベートでハメドリッ！,MBF-054,,2025-05-02,385分鐘,,マックスエー,MAX-A,期間限定特別版,第一人稱攝影、美少女、中出、4小時以上作品、高畫質、DMM獨家,多人,https://www.javbus.com/MBF-054,
OOMNVD-009 息子の愚息に蜜壺を湿らす母親が手コキ×フェラ×パイズリで精液を搾り出す400分 82名のお母さんがイカせてあげるBEST,OOMNVD-009 息子の愚息に蜜壺を湿らす母親が手コキ×フェラ×パイズリで精液を搾り出す400分 82名のお母さんがイカせてあげるBEST,OOMNVD-009,,2025-05-01,399分鐘,,ABC/妄想族,お母さん.com（ABC/妄想族）,,成熟的女人、口交、乳交、合集、4小時以上作品、DMM專屬、妄想族、DMM獨家、打手槍,多人,https://www.javbus.com/OOMNVD-009,
ATKD-389 ATTACKERS PRESENTS レジェンド女優の若かりしあの頃 総集編10時間,ATKD-389 ATTACKERS PRESENTS レジェンド女優の若かりしあの頃 総集編10時間,ATKD-389,,2025-04-25,647分鐘,,アタッカーズ,Attackers BEST,ATTACKERS THE BEST,合集、凌辱、4小時以上作品、高畫質、出軌、戲劇、DMM獨家,多人,https://www.javbus.com/ATKD-389,
PFES-086 春のパンツまつり2025キャンペーン特別BEST8時間 見たいパンツがココにある！,PFES-086 春のパンツまつり2025キャンペーン特別BEST8時間 見たいパンツがココにある！,PFES-086,,2025-04-25,481分鐘,,ROOKIE,春のパンツまつり,,合集、美少女、4小時以上作品、高畫質、巨乳、アクメ・オーガズム、DMM獨家、內衣,多人,https://www.javbus.com/PFES-086,
MDBK-368 鼓膜が性感帯になる甘美な誘惑…脳天トロける耳からのエロス…スケベな淫語まみれ240分BEST,MDBK-368 鼓膜が性感帯になる甘美な誘惑…脳天トロける耳からのエロス…スケベな淫語まみれ240分BEST,MDBK-368,,2025-04-19,242分鐘,K太郎,BAZOOKA,BAZOOKA（バズーカ）,,蕩婦、口交、合集、淫語、4小時以上作品、高畫質、DMM獨家,多人,https://www.javbus.com/MDBK-368,
CJOB-178 バキュームギュイン！にゅる舌じゅぽん！一番シコれる射精直前の凄テクフェラチオラッシュ50連発ベスト,CJOB-178 バキュームギュイン！にゅる舌じゅぽん！一番シコれる射精直前の凄テクフェラチオラッシュ50連発ベスト,CJOB-178,,2025-04-18,241分鐘,,痴女ヘブン,痴女ヘブンBEST,,蕩婦、口交、合集、姐姐、制服、4小時以上作品、高畫質、DMM獨家,多人,https://www.javbus.com/CJOB-178,
VOBB-049 テッペイPの実体験に基づくエロい話NANA BEST,VOBB-049 テッペイPの実体験に基づくエロい話NANA BEST,VOBB-049,,2025-04-18,199分鐘,太宰珍歩,BOTAN,NANA厳選ベストっ！,NANA厳選ベストっ！,蕩婦、已婚婦女、姐姐、高畫質、巨乳、女生,多人,https://www.javbus.com/VOBB-049,
OOMNVD-008 無防備で艶めかしい美女の着替え 特大ボリューム400分じっくり視姦するBEST 105名,OOMNVD-008 無防備で艶めかしい美女の着替え 特大ボリューム400分じっくり視姦するBEST 105名,OOMNVD-008,,2025-04-18,399分鐘,,ABC/妄想族,お母さん.com（ABC/妄想族）,無防備で艶めかしい美女の着替え,成熟的女人、苗條、其他戀物癖、合集、4小時以上作品、DMM專屬、巨乳、妄想族、DMM獨家,多人,https://www.javbus.com/OOMNVD-008,
VRKM-1563 【VR】狂わせてあげる！大痴女ノーカット13時間,VRKM-1563 【VR】狂わせてあげる！大痴女ノーカット13時間,VRKM-1563,,2025-04-18,832分鐘,K太郎,ケイ・エム・プロデュース,KMPVR,VR BEST,蕩婦、花癡、中出、4小時以上作品、VR専用、設置項目、ハイクオリティVR、DMM獨家,多人,https://www.javbus.com/VRKM-1563,
PTS-529 巨乳女子イカセ合いアクメループ アナルGスポ覚醒レズエステ,PTS-529 巨乳女子イカセ合いアクメループ アナルGスポ覚醒レズエステ,PTS-529,,2025-04-15,159分鐘,,ピーターズ,ピーターズ,,女同性戀、花癡、姐姐、高畫質、巨乳、4K、肛交,多人,https://www.javbus.com/PTS-529,
PBD-492 オーガズム重なる瞬間の最高に気持ち良い射精と受精。同時イキ正常位中出し94連射BEST,PBD-492 オーガズム重なる瞬間の最高に気持ち良い射精と受精。同時イキ正常位中出し94連射BEST,PBD-492,,2025-04-11,481分鐘,,プレミアム,PREMIUM BEST,,苗條、合集、姐姐、中出、4小時以上作品、高畫質、巨乳、DMM獨家,多人,https://www.javbus.com/PBD-492,
MEYD-992 小野坂ゆいかレズ解禁 夜勤ナース妻レズビアンNTR AM0:00女だけの深夜病棟に鳴り響く卑猥なナースコール 小野坂ゆいか 波多野結衣,MEYD-992 小野坂ゆいかレズ解禁 夜勤ナース妻レズビアンNTR AM0:00女だけの深夜病棟に鳴り響く卑猥なナースコール 小野坂ゆいか 波多野結衣,MEYD-992,,2025-04-11,158分鐘,,溜池ゴロー,溜池ゴロー,,护士、女同性戀、已婚婦女、女同接吻、高畫質、巨乳、4K、DMM獨家,多人,https://www.javbus.com/MEYD-992,
RCTD-659 汚染憑依パート2,RCTD-659 汚染憑依パート2,RCTD-659,,2025-04-08,154分鐘,ルート山崎,ROCKET,ROCKET,汚染憑依,企畫、女同性戀、高畫質、性別轉型·女性化、4K、自慰,多人,https://www.javbus.com/RCTD-659,
CEMD-670 有名女優厳選！！まるまるヌケる名作福袋BOX 25時間44分・9枚組,CEMD-670 有名女優厳選！！まるまるヌケる名作福袋BOX 25時間44分・9枚組,CEMD-670,,2025-04-05,1578分鐘,,セレブの友,,,女同性戀、第一人稱攝影、合集、花癡、中出、高畫質、16時間以上作品、DMM獨家,多人,https://www.javbus.com/CEMD-670,
RVG-236 W Ma○ko Device Bondage 鉄拘束マ○コ拷問BEST VOL.1,RVG-236 W Ma○ko Device Bondage 鉄拘束マ○コ拷問BEST VOL.1,RVG-236,,2025-04-05,240分鐘,,グローリークエスト,GLORY QUEST,Ma○ko Device Bondage,合集、花癡、拘束、4小時以上作品、高畫質、M女、DMM獨家,多人,https://www.javbus.com/RVG-236,
CEAD-677 眼鏡を掛けた女はエロい！メガネ美女限定・本能むき出しSEX 8時間,CEAD-677 眼鏡を掛けた女はエロい！メガネ美女限定・本能むき出しSEX 8時間,CEAD-677,,2025-04-05,493分鐘,,セレブの友,,,合集、中出、4小時以上作品、高畫質、眼鏡、巨乳、DMM獨家、顏射,多人,https://www.javbus.com/CEAD-677,
PTES-003 膣アナルW絶頂3Pレズエステ,PTES-003 膣アナルW絶頂3Pレズエステ,PTES-003,,2025-04-04,64分鐘,,ピーターズ,ピーターズ,,女同性戀、多P、美容院、高畫質、巨乳、4K、肛交,多人,https://www.javbus.com/PTES-003,
NBES-099 全日本ねとられ大賞受賞作品「パワハラ気質で生理的にぜったい無理な夫の上司に同行した地方出張で 悶絶の絶倫巨根で突かれまくった僕の妻が健闘むなしく翌朝までには快楽堕ちしてしまった……的な話です」9タイトルノーカット総集編 5枚組1110分収録,NBES-099 全日本ねとられ大賞受賞作品「パワハラ気質で生理的にぜったい無理な夫の上司に同行した地方出張で 悶絶の絶倫巨根で突かれまくった僕の妻が健闘むなしく翌朝までには快楽堕ちしてしまった……的な話です」9タイトルノーカット総集編 5枚組1110分収録,NBES-099,,2025-04-04,1117分鐘,,JET映像,卍GROUP,パワハラ気質で生理的にぜったい無理な夫の上司に同行した地方出張で…,合集、通姦、高畫質、出軌、16時間以上作品、デカチン・巨根、DMM獨家,多人,https://www.javbus.com/NBES-099,
PTES-002 初めてのレズエステでアナルとマ〇コ同時アクメを知りました…。,PTES-002 初めてのレズエステでアナルとマ〇コ同時アクメを知りました…。,PTES-002,,2025-04-04,47分鐘,,ピーターズ,ピーターズ,,女同性戀、花癡、美容院、高畫質、巨乳、4K、肛交,多人,https://www.javbus.com/PTES-002,
PTES-001 第2のマ〇コ！アナルで覚えたW絶頂レズエステ,PTES-001 第2のマ〇コ！アナルで覚えたW絶頂レズエステ,PTES-001,,2025-04-04,48分鐘,,ピーターズ,ピーターズ,,女同性戀、花癡、美容院、高畫質、巨乳、4K、肛交,多人,https://www.javbus.com/PTES-001,
TOMNVD-011 本能剥き出しで淫らにオナニーBEST 指ズボ電マにバイブで激エロ発情イキグルイ！ 400分,TOMNVD-011 本能剥き出しで淫らにオナニーBEST 指ズボ電マにバイブで激エロ発情イキグルイ！ 400分,TOMNVD-011,,2025-04-01,400分鐘,,TEPPAN,TEPPAN,,其他戀物癖、合集、4小時以上作品、女優按摩棒、高畫質、DMM獨家、自慰、局部特寫,多人,https://www.javbus.com/TOMNVD-011,
MMPB-075 2024年桃太郎ベスト！ 大丈夫。桃太郎のエロ映像集だよ。抜きどころ満載で攻略の5時間！,MMPB-075 2024年桃太郎ベスト！ 大丈夫。桃太郎のエロ映像集だよ。抜きどころ満載で攻略の5時間！,MMPB-075,,2025-03-29,301分鐘,石切橋博士,桃太郎映像出版,桃太郎プレミアムベスト,●●年桃太郎ベスト,合集、美少女、乳房、中出、4小時以上作品、高畫質、DMM獨家,多人,https://www.javbus.com/MMPB-075,
MIZD-445 ケツ穴見せつけながら肉尻激しくビッタンビッタン打ち付けるアナル丸見え杭打ち騎乗位75連発,MIZD-445 ケツ穴見せつけながら肉尻激しくビッタンビッタン打ち付けるアナル丸見え杭打ち騎乗位75連発,MIZD-445,,2025-03-28,457分鐘,,ムーディーズ,MOODYZ Best,,蕩婦、屁股、女上位、4小時以上作品、高畫質、DMM獨家、肛交,多人,https://www.javbus.com/MIZD-445,
MDBK-366 BAZOOKAの尻推し女優を一挙大放出！！ピストンの度に波打つエロスの大海原！！ピッチピチな桃尻ピストン240分BEST,MDBK-366 BAZOOKAの尻推し女優を一挙大放出！！ピストンの度に波打つエロスの大海原！！ピッチピチな桃尻ピストン240分BEST,MDBK-366,,2025-03-22,241分鐘,K太郎,BAZOOKA,BAZOOKA（バズーカ）,,合集、屁股、女上位、4小時以上作品、高畫質、巨尻、バック、DMM獨家,多人,https://www.javbus.com/MDBK-366,
LZBS-116 びっしょびしょになったマ●コ貪り合うヤリマンギャルのレズSEX 厳選ベスト5時間,LZBS-116 びっしょびしょになったマ●コ貪り合うヤリマンギャルのレズSEX 厳選ベスト5時間,LZBS-116,,2025-03-22,302分鐘,,レズれ！,レズれ！ ベスト,,女同性戀、4小時以上作品、女同接吻、高畫質、巨乳、アクメ・オーガズム、DMM獨家、女生,多人,https://www.javbus.com/LZBS-116,
VOBB-048 IKUNAベストバウトSP！対戦決定オーディション完全収録版,VOBB-048 IKUNAベストバウトSP！対戦決定オーディション完全収録版,VOBB-048,,2025-03-21,406分鐘,二代目モヒカル組,BOTAN,BOTAN厳選ベストっ！,BOTAN厳選ベストっ！,潮吹、多P、中出、4小時以上作品、格鬥家、高畫質、アクメ・オーガズム,多人,https://www.javbus.com/VOBB-048,
MXDLP-0281 発情巨乳Vol.6 姫咲はな 月見伊織 乙アリス 花柳杏奈 三田サクラ,MXDLP-0281 発情巨乳Vol.6 姫咲はな 月見伊織 乙アリス 花柳杏奈 三田サクラ,MXDLP-0281,,2025-03-16,290分鐘,,MAXING,MAXING,,多P、4小時以上作品、巨乳、配信専用,多人,https://www.javbus.com/MXDLP-0281,
MXDLP-281 発情巨乳Vol.6,MXDLP-281 発情巨乳Vol.6,MXDLP-281,,2025-03-16,292分鐘,,マキシング,MAXING,発情巨乳,玩具、乳交、胖女人、潮吹、合集、多P、4小時以上作品、高畫質、巨乳、アクメ・オーガズム,多人,https://www.javbus.com/MXDLP-281,
PPBD-304 巨乳美女達がビックンビックン仰け反り大絶頂！チクビをこねくりマワされゾーンに入った女体BEST,PPBD-304 巨乳美女達がビックンビックン仰け反り大絶頂！チクビをこねくりマワされゾーンに入った女体BEST,PPBD-304,,2025-03-14,481分鐘,,OPPAI,OPPAI,,潮吹、合集、戀乳癖、4小時以上作品、高畫質、巨乳、アクメ・オーガズム、DMM獨家,多人,https://www.javbus.com/PPBD-304,
PBD-490 舌テクと手淫のW快感で男をモジモジ悶えさせちゃう痴女お姉さんの乳首舐め手コキ88射精,PBD-490 舌テクと手淫のW快感で男をモジモジ悶えさせちゃう痴女お姉さんの乳首舐め手コキ88射精,PBD-490,,2025-03-14,481分鐘,,プレミアム,PREMIUM BEST,,蕩婦、合集、4小時以上作品、高畫質、M男、DMM獨家、打手槍,多人,https://www.javbus.com/PBD-490,
MIRD-253 MOODYZファン感謝祭 バコバコバスツアー2025 素人17名とAV女優17名の1泊2日大乱交 新世代AVオールスター覚醒！,MIRD-253 MOODYZファン感謝祭 バコバコバスツアー2025 素人17名とAV女優17名の1泊2日大乱交 新世代AVオールスター覚醒！,MIRD-253,,2025-03-14,665分鐘,らくだ,ムーディーズ,MOODYZ REAL,バコバコバスツアー,濫交、美少女、4小時以上作品、高畫質、ファン感謝・訪問、ハーレム、巨乳、DMM獨家,多人,https://www.javbus.com/MIRD-253,
CEAD-669 オマ〇コ全開！！ド淫乱ガニ股オナニー ～下品な腰使いを見せつけ絶頂する15人の女達～,CEAD-669 オマ〇コ全開！！ド淫乱ガニ股オナニー ～下品な腰使いを見せつけ絶頂する15人の女達～,CEAD-669,,2025-03-08,154分鐘,,セレブの友,,撮り下ろしオナニー・シリーズ,成熟的女人、高畫質、超乳、巨乳、アクメ・オーガズム、4K、DMM獨家、自慰,多人,https://www.javbus.com/CEAD-669,
NBES-098 JET映像9周年記念 2024年度年間トップ50ベスト6枚組24時間1440分,NBES-098 JET映像9周年記念 2024年度年間トップ50ベスト6枚組24時間1440分,NBES-098,,2025-03-07,1442分鐘,,JET映像,卍GROUP,,合集、已婚婦女、通姦、高畫質、出軌、16時間以上作品、DMM獨家,多人,https://www.javbus.com/NBES-098,
MBF-050 【期間限定】【FANZA独占】【配信専用】ヌキ有り確率100％！？人気過ぎて予約が取れない本番エステ店,MBF-050 【期間限定】【FANZA独占】【配信専用】ヌキ有り確率100％！？人気過ぎて予約が取れない本番エステ店,MBF-050,,2025-03-01,281分鐘,,マックスエー,MAX-A,期間限定特別版,美少女、中出、4小時以上作品、美容院、高畫質、巨乳、DMM獨家、打手槍,多人,https://www.javbus.com/MBF-050,
TMAVR-238 【VR】一人暮らしを始めた僕の部屋へ通う母親筆おろし濃密性交 葵百合香・波多野結衣・真木今日子,TMAVR-238 【VR】一人暮らしを始めた僕の部屋へ通う母親筆おろし濃密性交 葵百合香・波多野結衣・真木今日子,TMAVR-238,,2025-03-01,179分鐘,,TMA,TMAVR,一人暮らしを始めた僕の部屋へ通う母,口交、亂倫、中出、VR専用、巨乳、ハイクオリティVR、8KVR,多人,https://www.javbus.com/TMAVR-238,
TOMNVD-009 膣奥まで容赦なし！くびれた腰や美尻を掴んでグチョグチョのマ●コを追撃ハードコアピストンSEX 爆イキ45名,TOMNVD-009 膣奥まで容赦なし！くびれた腰や美尻を掴んでグチョグチョのマ●コを追撃ハードコアピストンSEX 爆イキ45名,TOMNVD-009,,2025-03-01,400分鐘,,TEPPAN,TEPPAN,,合集、花癡、中出、4小時以上作品、高畫質、汗だく、巨乳、DMM獨家,多人,https://www.javbus.com/TOMNVD-009,
JFB-466 ヌケるアングル！アナル丸見え巨尻SEX編81発射 4時間BEST,JFB-466 ヌケるアングル！アナル丸見え巨尻SEX編81発射 4時間BEST,JFB-466,,2025-02-28,230分鐘,,Fitch,Fitch,,其他戀物癖、合集、屁股、中出、高畫質、巨尻、DMM獨家,多人,https://www.javbus.com/JFB-466,
VRKM-1494 【VR】キレイでデカくて柔らかい♪ GODな神乳300分BEST ボイン♪と揺れるエロおっぱいを心ゆくまで堪能しちゃえ！20神おっぱい8K高画質,VRKM-1494 【VR】キレイでデカくて柔らかい♪ GODな神乳300分BEST ボイン♪と揺れるエロおっぱいを心ゆくまで堪能しちゃえ！20神おっぱい8K高画質,VRKM-1494,,2025-02-26,300分鐘,K太郎,ケイ・エム・プロデュース,KMPVR,VR BEST,蕩婦、合集、花癡、中出、4小時以上作品、VR専用、巨乳、ハイクオリティVR、DMM獨家、8KVR,多人,https://www.javbus.com/VRKM-1494,
VRKM-1487 【VR】PAIZURI-パイズリ-特化 300分BEST,VRKM-1487 【VR】PAIZURI-パイズリ-特化 300分BEST,VRKM-1487,,2025-02-25,302分鐘,K太郎,ケイ・エム・プロデュース,KMPVR,VR BEST,乳交、合集、戀乳癖、中出、4小時以上作品、VR専用、巨乳、ハイクオリティVR、DMM獨家,多人,https://www.javbus.com/VRKM-1487,
CEMD-648 有名女優のヌケる貴重作品限定！！アナル解禁から、おもらし、野外露出まで ～スペシャル・マニアックBOX21時間32分,CEMD-648 有名女優のヌケる貴重作品限定！！アナル解禁から、おもらし、野外露出まで ～スペシャル・マニアックBOX21時間32分,CEMD-648,,2025-02-22,1289分鐘,,セレブの友,,,SM、野外・露出、合集、中出、高畫質、肛内中出、16時間以上作品、DMM獨家,多人,https://www.javbus.com/CEMD-648,
SVS-084 縛られた美しき肉感巨乳の緊縛マゾ堕ち性交,SVS-084 縛られた美しき肉感巨乳の緊縛マゾ堕ち性交,SVS-084,,2025-02-22,243分鐘,,AVS collector’s,AVSCollector’s,,紧缚、拘束、4小時以上作品、高畫質、女優ベスト・総集編、巨乳、DMM獨家,多人,https://www.javbus.com/SVS-084,
QMDB-004 圧倒的エロティシズム！S級痴女の無限搾精 性獣対戦7時間BEST,QMDB-004 圧倒的エロティシズム！S級痴女の無限搾精 性獣対戦7時間BEST,QMDB-004,,2025-02-21,441分鐘,K太郎,BAZOOKA,BAZOOKA（バズーカ）,KMP厳選スーパーBEST,蕩婦、合集、花癡、4小時以上作品、高畫質、巨乳、DMM獨家,多人,https://www.javbus.com/QMDB-004,
VOBB-046 AV女優100人に聞きました！2024年最も気持ちよかったチ○コはこの男タチだ！,VOBB-046 AV女優100人に聞きました！2024年最も気持ちよかったチ○コはこの男タチだ！,VOBB-046,,2025-02-21,240分鐘,二代目モヒカル組,BOTAN,BOTAN厳選ベストっ！,BOTAN厳選ベストっ！,潮吹、姐姐、乳房、4小時以上作品、高畫質、給女性觀眾、アクメ・オーガズム,多人,https://www.javbus.com/VOBB-046,
VRKM-1495 【VR】イッグウゥぅう！！魂の叫び！！絶叫痴女8KVR300分,VRKM-1495 【VR】イッグウゥぅう！！魂の叫び！！絶叫痴女8KVR300分,VRKM-1495,,2025-02-12,301分鐘,K太郎,ケイ・エム・プロデュース,KMPVR,VR BEST,合集、花癡、4小時以上作品、VR専用、巨乳、ハイクオリティVR、DMM獨家、8KVR,多人,https://www.javbus.com/VRKM-1495,
CEAD-666 Extreme（過激な）オナニスト！ 全99シーン総集編8時間,CEAD-666 Extreme（過激な）オナニスト！ 全99シーン総集編8時間,CEAD-666,,2025-02-08,483分鐘,,セレブの友,,Extreme（過激な）オナニスト！,合集、花癡、4小時以上作品、主觀視角、アクメ・オーガズム、DMM獨家、自慰,多人,https://www.javbus.com/CEAD-666,
CEMD-639 波多野結衣～レズ限定～まるごと完全収録12時間36分BEST,CEMD-639 波多野結衣～レズ限定～まるごと完全収録12時間36分BEST,CEMD-639,,2025-02-08,750分鐘,,セレブの友,,○○まるごと完全収録,成熟的女人、女同性戀、4小時以上作品、高畫質、女優ベスト・総集編、アクメ・オーガズム、DMM獨家、肛交,多人,https://www.javbus.com/CEMD-639,
TOMNVD-008 喉奥に突き刺さるデカマラ！鉄板美女75名の口マ●コをオナホのように扱うフェラBEST 6時間,TOMNVD-008 喉奥に突き刺さるデカマラ！鉄板美女75名の口マ●コをオナホのように扱うフェラBEST 6時間,TOMNVD-008,,2025-02-01,394分鐘,,TEPPAN,TEPPAN,,成熟的女人、口交、合集、花癡、深喉、4小時以上作品、高畫質、DMM獨家,多人,https://www.javbus.com/TOMNVD-008,
OOMNVD-006 母から息子へ癒しの手コキ…完全受け身でびゅるびゅる射精させられちゃうBEST 65名【授乳手コキ・乳首舐め・密着背面・洗体】,OOMNVD-006 母から息子へ癒しの手コキ…完全受け身でびゅるびゅる射精させられちゃうBEST 65名【授乳手コキ・乳首舐め・密着背面・洗体】,OOMNVD-006,,2025-02-01,290分鐘,,ABC/妄想族,お母さん.com（ABC/妄想族）,,成熟的女人、母親、合集、已婚婦女、4小時以上作品、DMM專屬、妄想族、DMM獨家、打手槍,多人,https://www.javbus.com/OOMNVD-006,
T38-023 一人暮らしを始めた息子を心配した美人母の母性溢れる童貞筆おろし。,T38-023 一人暮らしを始めた息子を心配した美人母の母性溢れる童貞筆おろし。,T38-023,,2025-01-27,144分鐘,,TMA,TMA,,中出、高畫質、處男、巨乳、4K,多人,https://www.javbus.com/T38-023,
MKMP-609 今回も1年分の爆エロ作品集めちゃいました！2024年大人気TOP30作品イッキ見4時間BEST,MKMP-609 今回も1年分の爆エロ作品集めちゃいました！2024年大人気TOP30作品イッキ見4時間BEST,MKMP-609,,2025-01-25,241分鐘,K太郎,ケイ・エム・プロデュース,million（ミリオン）,,合集、美少女、中出、4小時以上作品、高畫質、巨乳、DMM獨家、女生,多人,https://www.javbus.com/MKMP-609,
CEAD-664 よだれ＆キスに溺れるレズビアンオナニーであなたを誘惑・挑発する8組16人の女たち,CEAD-664 よだれ＆キスに溺れるレズビアンオナニーであなたを誘惑・挑発する8組16人の女たち,CEAD-664,,2025-01-25,123分鐘,,セレブの友,,,成熟的女人、女同性戀、高畫質、巨乳、アクメ・オーガズム、4K、DMM獨家、自慰,多人,https://www.javbus.com/CEAD-664,
HMIX-041 義父が嫁を●す！！ 助平親父の絶倫魔羅に悶える美人妻たち 20人 4時間,HMIX-041 義父が嫁を●す！！ 助平親父の絶倫魔羅に悶える美人妻たち 20人 4時間,HMIX-041,,2025-01-25,240分鐘,,グローバルメディアエンタテインメント,ハイパーミックス（グローバルメディアエンタテインメント）,お得な総集編,合集、亂倫、已婚婦女、4小時以上作品、高畫質、出軌、DMM獨家,多人,https://www.javbus.com/HMIX-041,
MKMP-610 AV引退 浜崎真緒 36タイトルCOMPLETE BEST 2017-2024,MKMP-610 AV引退 浜崎真緒 36タイトルCOMPLETE BEST 2017-2024,MKMP-610,,2025-01-25,240分鐘,K太郎,ケイ・エム・プロデュース,million（ミリオン）,,蕩婦、潮吹、4小時以上作品、高畫質、女優ベスト・総集編、巨乳、DMM獨家,多人,https://www.javbus.com/MKMP-610,
CJOB-173 溺れるくらい体液ぶっかけて頂いて射精＆勃起が止まらなくなったボク！90000cc！おしっこ・潮・マン汁まみれで犯●れたいッ！,CJOB-173 溺れるくらい体液ぶっかけて頂いて射精＆勃起が止まらなくなったボク！90000cc！おしっこ・潮・マン汁まみれで犯●れたいッ！,CJOB-173,,2025-01-24,218分鐘,,痴女ヘブン,痴女ヘブンBEST,,蕩婦、放尿、潮吹、合集、多P、高畫質、DMM獨家,多人,https://www.javbus.com/CJOB-173,
PBD-486 腰が引けても逃がさない！一滴も余さず吸引射精135連発！オトナ美女の淫らな本気バキュームフェラBEST,PBD-486 腰が引けても逃がさない！一滴も余さず吸引射精135連発！オトナ美女の淫らな本気バキュームフェラBEST,PBD-486,,2025-01-17,466分鐘,,プレミアム,PREMIUM BEST,,蕩婦、口交、合集、花癡、姐姐、4小時以上作品、高畫質、DMM獨家,多人,https://www.javbus.com/PBD-486,
VRKM-1475 【VR】KMP選抜、絶対抜ける傑作選！ ヘビーにぬきまくれ23時間OVER SELECTION 残弾ゼロまで猛烈射精！,VRKM-1475 【VR】KMP選抜、絶対抜ける傑作選！ ヘビーにぬきまくれ23時間OVER SELECTION 残弾ゼロまで猛烈射精！,VRKM-1475,,2025-01-15,1399分鐘,K太郎,ケイ・エム・プロデュース,KMPVR,VR BEST,蕩婦、美少女、中出、16時間以上作品、VR専用、設置項目、巨乳、ハイクオリティVR、DMM獨家,多人,https://www.javbus.com/VRKM-1475,
KAGP-342 セクハラママさんバレー！11 ハイレグブルマ姿の人妻10人が挑む過酷なエロトレーニング,KAGP-342 セクハラママさんバレー！11 ハイレグブルマ姿の人妻10人が挑む過酷なエロトレーニング,KAGP-342,,2025-01-11,128分鐘,妻撮りの翁,かぐや姫Pt/妄想族,かぐや姫Pt,セクハラママさんバレー！,口交、其他戀物癖、已婚婦女、運動、高畫質、巨乳、妄想族、4K、DMM獨家,多人,https://www.javbus.com/KAGP-342,
RVG-231 ドスケベBODYの勝気な女社長とHなご子息BEST VOL.1,RVG-231 ドスケベBODYの勝気な女社長とHなご子息BEST VOL.1,RVG-231,,2025-01-11,241分鐘,,グローリークエスト,GLORY QUEST,ドスケベBODYの勝気な女社長とHなご子息,合集、各種職業、4小時以上作品、高畫質、正太控、巨乳、DMM獨家,多人,https://www.javbus.com/RVG-231,
RBB-301 チ○コ1本奪い合う！頼まなくてもなんでもヤッてくれるビッチ的ハーレム天国「世界はそれを男の夢と呼ぶんだぜ！」,RBB-301 チ○コ1本奪い合う！頼まなくてもなんでもヤッてくれるビッチ的ハーレム天国「世界はそれを男の夢と呼ぶんだぜ！」,RBB-301,,2025-01-10,450分鐘,,ROOKIE,ROOKIE,ROOKIEベスト,蕩婦、濫交、花癡、4小時以上作品、高畫質、ハーレム、アクメ・オーガズム、DMM獨家,多人,https://www.javbus.com/RBB-301,
UMD-947 【悲報】このあとこの巨乳ちゃんたちがマッサージ師のおじさん達に美味しくいただかれるっ！！ 7,UMD-947 【悲報】このあとこの巨乳ちゃんたちがマッサージ師のおじさん達に美味しくいただかれるっ！！ 7,UMD-947,,2025-01-08,190分鐘,タブー大崎,LEO,LEO,【悲報】このあとこの巨乳ちゃんたちがマッサージ師のおじさん達に美味しくいただかれるっ！！,潮吹、乳液、按摩、高畫質、巨乳、アクメ・オーガズム,多人,https://www.javbus.com/UMD-947,
VOBB-047 ゆく年くる年2024年672分BOTAN厳選ベストっ！,VOBB-047 ゆく年くる年2024年672分BOTAN厳選ベストっ！,VOBB-047,,2025-01-03,674分鐘,ノアルカ,BOTAN,BOTAN厳選ベストっ！,BOTAN厳選ベストっ！,蕩婦、乳房、中出、4小時以上作品、主觀視角、高畫質、アクメ・オーガズム,多人,https://www.javbus.com/VOBB-047,
TOMNVD-007 鉄板女優120人がノンストップで腰を振りまくる本能の汗だく騎乗位BEST 接吻・乳首舐め・スパイダー・高速グラインド騎乗位,TOMNVD-007 鉄板女優120人がノンストップで腰を振りまくる本能の汗だく騎乗位BEST 接吻・乳首舐め・スパイダー・高速グラインド騎乗位,TOMNVD-007,,2025-01-01,404分鐘,,TEPPAN,TEPPAN,,合集、花癡、女上位、4小時以上作品、高畫質、汗だく、巨乳、DMM獨家,多人,https://www.javbus.com/TOMNVD-007,
MMBS-015 歴代売上人気タイトル厳選！巨尻デカ尻シリーズ1 9作品フルコンプリート1436分,MMBS-015 歴代売上人気タイトル厳選！巨尻デカ尻シリーズ1 9作品フルコンプリート1436分,MMBS-015,,2024-12-24,1437分鐘,宮本小次郎,MARRION,MARRION BEST,歴代売上人気タイトル厳選！,屁股、女上位、高畫質、顏面騎乘、16時間以上作品、巨尻、設置項目、バック、DMM獨家,多人,https://www.javbus.com/MMBS-015,
AGEOM-027 挿れたいイキたいディルド天国！！！,AGEOM-027 挿れたいイキたいディルド天国！！！,AGEOM-027,,2024-12-21,242分鐘,蒼井ボタン,SEX Agent/妄想族,,,玩具、口交、合集、4小時以上作品、高畫質、ディルド、妄想族、DMM獨家、自慰,多人,https://www.javbus.com/AGEOM-027,
UMSO-578 理性喪失！溢れ出る欲情に恥部への刺激がやめられない！美女たちのガチオナニー21人,UMSO-578 理性喪失！溢れ出る欲情に恥部への刺激がやめられない！美女たちのガチオナニー21人,UMSO-578,,2024-12-21,241分鐘,,ケイ・エム・プロデュース,UMANAMI,,合集、乳房、4小時以上作品、高畫質、巨乳、DMM獨家、自慰,多人,https://www.javbus.com/UMSO-578,
MKMP-602 millionの大人気タイトルを大放出！！最高峰の美女に挟まれ囲まれ…男たちの永遠の夢がここに！！極上ハーレム4時間BEST,MKMP-602 millionの大人気タイトルを大放出！！最高峰の美女に挟まれ囲まれ…男たちの永遠の夢がここに！！極上ハーレム4時間BEST,MKMP-602,,2024-12-21,241分鐘,K太郎,ケイ・エム・プロデュース,million（ミリオン）,,蕩婦、合集、多P、4小時以上作品、高畫質、ハーレム、DMM獨家,多人,https://www.javbus.com/MKMP-602,
LZBS-113 レズれ！プレミアムベスト10時間SP 聖夜から新年まで絶叫鳴り響くエビ反り絶頂レズイキ100連発,LZBS-113 レズれ！プレミアムベスト10時間SP 聖夜から新年まで絶叫鳴り響くエビ反り絶頂レズイキ100連発,LZBS-113,,2024-12-21,600分鐘,,レズれ！,レズれ！ ベスト,レズれ！プレミアムBEST,女同性戀、潮吹、女同接吻、高畫質、高中女生、巨乳、DMM獨家,多人,https://www.javbus.com/LZBS-113,
CEAD-658 ヤバイほど極限まで乱れ狂った「アヘ顔絶頂」オナニー Vol.2,CEAD-658 ヤバイほど極限まで乱れ狂った「アヘ顔絶頂」オナニー Vol.2,CEAD-658,,2024-12-21,164分鐘,,セレブの友,,ヤバイほど極限まで乱れ狂った「アヘ顔絶頂」オナニー,成熟的女人、巨尻、巨乳、白目・失神、DMM獨家、自慰,多人,https://www.javbus.com/CEAD-658,
NVH-038 変態レズ教師に弱味もペニクリも握られて虐められ痴女られるニューハーフ 一二三ゆぅり/波多野結衣,NVH-038 変態レズ教師に弱味もペニクリも握られて虐められ痴女られるニューハーフ 一二三ゆぅり/波多野結衣,NVH-038,,2024-12-21,168分鐘,トリンドル田中,グローリークエスト,GLORY QUEST,,蕩婦、女同性戀、變性者、高畫質、女裝人妖、DMM獨家、肛交,多人,https://www.javbus.com/NVH-038,
VOBB-045 私とお風呂に入りませんか？SP,VOBB-045 私とお風呂に入りませんか？SP,VOBB-045,,2024-12-20,459分鐘,ネギトロ,BOTAN,BOTAN厳選ベストっ！,BOTAN厳選ベストっ！,中出、4小時以上作品、高畫質、出軌、戲劇、温泉、巨乳,多人,https://www.javbus.com/VOBB-045,
DGCEDG-025 4K長尺配信限定版 波多野結衣 まるごと完全収録BEST 20時間07分,DGCEDG-025 4K長尺配信限定版 波多野結衣 まるごと完全収録BEST 20時間07分,DGCEDG-025,,2024-12-18,1204分鐘,,セレブの友,セレブの友,4K長尺まるごと完全収録BEST,蕩婦、成熟的女人、花癡、高畫質、16時間以上作品、巨尻、設置項目、巨乳、アクメ・オーガズム、4K、DMM獨家、自慰,多人,https://www.javbus.com/DGCEDG-025,
KDMI-060 完着ハイレグ痴女 アメイジング,KDMI-060 完着ハイレグ痴女 アメイジング,KDMI-060,,2024-12-14,275分鐘,夢野あいだ,ミル,ミル,,蕩婦、淫語、性感的、巨尻、巨乳、DMM獨家,多人,https://www.javbus.com/KDMI-060,
GQHB-019 【FANZA独占】セックスするなら一番身近な女性（ママ）で！【近親相姦福袋】実母・義母・家事代行・レンタルママ計11人 ムッチムッチな性処理お母さんたち 1393分,GQHB-019 【FANZA独占】セックスするなら一番身近な女性（ママ）で！【近親相姦福袋】実母・義母・家事代行・レンタルママ計11人 ムッチムッチな性処理お母さんたち 1393分,GQHB-019,,2024-12-14,1393分鐘,,グローリークエスト,GLORY QUEST,,蕩婦、母親、乳交、亂倫、高畫質、16時間以上作品、設置項目、巨乳、DMM獨家,多人,https://www.javbus.com/GQHB-019,
GQHB-018 【FANZA独占】淫語の天才-THE BEST of YUMENO-夢の福袋 1365分10人全編収録,GQHB-018 【FANZA独占】淫語の天才-THE BEST of YUMENO-夢の福袋 1365分10人全編収録,GQHB-018,,2024-12-14,1363分鐘,,グローリークエスト,GLORY QUEST,,角色扮演、蕩婦、淫語、高畫質、16時間以上作品、設置項目、巨乳、DMM獨家、肛交,多人,https://www.javbus.com/GQHB-018,
GQHB-017 【FANZA独占】人気女優×鉄板シリーズ！【豪華お買い得福袋】P●A会長＆女教師を悪いショ○ネンたちが永遠の輪●種付け20人1349分！,GQHB-017 【FANZA独占】人気女優×鉄板シリーズ！【豪華お買い得福袋】P●A会長＆女教師を悪いショ○ネンたちが永遠の輪●種付け20人1349分！,GQHB-017,,2024-12-14,1358分鐘,,グローリークエスト,GLORY QUEST,お色気P○A会長と悪ガキ生徒会,濫交、女教師、高畫質、16時間以上作品、眼鏡、設置項目、巨乳、DMM獨家,多人,https://www.javbus.com/GQHB-017,
GQHB-014 【FANZA独占】弱味を握られた強気な女ほどチ●ポで堕ちる 厳選【P●A巨乳おばさん福袋】 1361分10人全編収録,GQHB-014 【FANZA独占】弱味を握られた強気な女ほどチ●ポで堕ちる 厳選【P●A巨乳おばさん福袋】 1361分10人全編収録,GQHB-014,,2024-12-09,1360分鐘,,グローリークエスト,GLORY QUEST,お色気P○A会長と悪ガキ生徒会,各種職業、多P、高畫質、正太控、16時間以上作品、眼鏡、設置項目、巨乳、DMM獨家,多人,https://www.javbus.com/GQHB-014,
NBES-095 デカチン近親相姦 息子の硬くソリ返るズル剥けチ●ポにねとられた母 6タイトルノーカット総集編 3枚組720分,NBES-095 デカチン近親相姦 息子の硬くソリ返るズル剥けチ●ポにねとられた母 6タイトルノーカット総集編 3枚組720分,NBES-095,,2024-12-06,720分鐘,,JET映像,卍GROUP,デカチン近親相姦,合集、亂倫、高畫質、出軌、デカチン・巨根、DMM獨家,多人,https://www.javbus.com/NBES-095,
GQHB-012 【FANZA独占】黒人巨根福袋1421分～イキリ勃つ黒人のデカチ○ポに欲求不満の美熟女発情中！,GQHB-012 【FANZA独占】黒人巨根福袋1421分～イキリ勃つ黒人のデカチ○ポに欲求不満の美熟女発情中！,GQHB-012,,2024-12-06,1422分鐘,,グローリークエスト,GLORY QUEST,,成熟的女人、已婚婦女、多P、高畫質、出軌、16時間以上作品、デカチン・巨根、設置項目、DMM獨家、黑人演員,多人,https://www.javbus.com/GQHB-012,
RBB-299 Sっけ痴女に思いっきり足でち〇ぽをコキコキされて絶頂感じる足コキ8時間BEST,RBB-299 Sっけ痴女に思いっきり足でち〇ぽをコキコキされて絶頂感じる足コキ8時間BEST,RBB-299,,2024-12-06,480分鐘,,ROOKIE,ROOKIE,ROOKIEベスト,口交、屁股、戀腿癖、足交、高畫質、アクメ・オーガズム、DMM獨家,多人,https://www.javbus.com/RBB-299,
GQHB-011 【FANZA独占】禁断介護 福袋 第弐集～美熟女・人妻が夫の父に寝取られ、老マラに中出しされる背徳性交～1384分11人全編収録,GQHB-011 【FANZA独占】禁断介護 福袋 第弐集～美熟女・人妻が夫の父に寝取られ、老マラに中出しされる背徳性交～1384分11人全編収録,GQHB-011,,2024-12-05,1386分鐘,,グローリークエスト,GLORY QUEST,禁断介護,成熟的女人、亂倫、高畫質、出軌、16時間以上作品、設置項目、巨乳、お爺ちゃん、DMM獨家,多人,https://www.javbus.com/GQHB-011,
VRKM-1446 【VR】天国イキ確定300分コースSSS級巨乳エステ嬢集結BEST,VRKM-1446 【VR】天国イキ確定300分コースSSS級巨乳エステ嬢集結BEST,VRKM-1446,,2024-12-03,300分鐘,K太郎,ケイ・エム・プロデュース,KMPVR,VR BEST,合集、中出、4小時以上作品、美容院、按摩、VR専用、巨乳、ハイクオリティVR、DMM獨家,多人,https://www.javbus.com/VRKM-1446,
OLM-133 美神降臨！これが史上最高峰女優の競演！北条麻妃＆波多野結衣（OLM-133）,OLM-133 美神降臨！これが史上最高峰女優の競演！北条麻妃＆波多野結衣（OLM-133）,OLM-133,,2024-11-30,249分鐘,,オリンポス,OLYMPUS,,合集、多P、中出、4小時以上作品、高畫質、自慰、打手槍,多人,https://www.javbus.com/OLM-133,
JFB-454 モチふわBODYのキモチいい手マ〇コで溜まった精子を生搾り手コキ100連射 8時間BEST,JFB-454 モチふわBODYのキモチいい手マ〇コで溜まった精子を生搾り手コキ100連射 8時間BEST,JFB-454,,2024-11-29,470分鐘,＆龍,Fitch,Fitch,,女大學生、合集、高畫質、オナサポ、巨乳、DMM獨家、打手槍,多人,https://www.javbus.com/JFB-454,
OVG-213 カメラの前でおしっこする女5,OVG-213 カメラの前でおしっこする女5,OVG-213,,2024-11-23,120分鐘,,グローリークエスト,GLORY QUEST,カメラの前でおしっこする女,其他戀物癖、姐姐、羞恥、高畫質、お風呂、DMM獨家,多人,https://www.javbus.com/OVG-213,
MKMP-595 厳選美女たちに中出しBEST30選240分,MKMP-595 厳選美女たちに中出しBEST30選240分,MKMP-595,,2024-11-23,240分鐘,K太郎,ケイ・エム・プロデュース,million（ミリオン）,,合集、美少女、中出、性感的、高畫質、DMM獨家,多人,https://www.javbus.com/MKMP-595,
QREL-001 厳選美女45人鬼畜蹂躙完全凌●BEST7時間,QREL-001 厳選美女45人鬼畜蹂躙完全凌●BEST7時間,QREL-001,,2024-11-22,386分鐘,K太郎,レアルワークス,REAL（レアルワークス）,KMP厳選スーパーBEST,合集、花癡、深喉、粗暴、中出、4小時以上作品、高畫質、DMM獨家,多人,https://www.javbus.com/QREL-001,
CJOB-167 知ってしまうと快感好きになるNo.1エロプレイ痴女足コキで何度も射精されたボクベスト,CJOB-167 知ってしまうと快感好きになるNo.1エロプレイ痴女足コキで何度も射精されたボクベスト,CJOB-167,,2024-11-22,240分鐘,,痴女ヘブン,痴女ヘブンBEST,,蕩婦、合集、姐姐、美少女、足交、高畫質、DMM獨家,多人,https://www.javbus.com/CJOB-167,
DAZD-216 女の子♂♀同士でカラダを絡ませ未知の快感に理性ぶっ飛ぶニューハーフレズSEX BEST,DAZD-216 女の子♂♀同士でカラダを絡ませ未知の快感に理性ぶっ飛ぶニューハーフレズSEX BEST,DAZD-216,,2024-11-22,240分鐘,,ダスッ！,ダスッ！,,女同性戀、合集、變性者、女同接吻、高畫質、女裝人妖、DMM獨家,多人,https://www.javbus.com/DAZD-216,
FUPT-012 【福袋】まるっと！！はだかの主婦11タイトルVOL.02 1355分！！,FUPT-012 【福袋】まるっと！！はだかの主婦11タイトルVOL.02 1355分！！,FUPT-012,,2024-11-20,1370分鐘,,プラネットプラス,まるっと！,裸の主婦,其他戀物癖、已婚婦女、中出、高畫質、16時間以上作品、設置項目、局部特寫,多人,https://www.javbus.com/FUPT-012,
MXDLP-0276 こんなにたくさん相手できないっ！！4P大乱交4時間 vol.2 木南日菜 波多野結衣 三原ほのか 小西悠 美涼りな,MXDLP-0276 こんなにたくさん相手できないっ！！4P大乱交4時間 vol.2 木南日菜 波多野結衣 三原ほのか 小西悠 美涼りな,MXDLP-0276,,2024-11-16,255分鐘,,MAXING,MAXING,,合集、多P、4小時以上作品、配信専用,多人,https://www.javbus.com/MXDLP-0276,
MXDLP-276 こんなにたくさん相手できないっ！！4P大乱交4時間vol.2,MXDLP-276 こんなにたくさん相手できないっ！！4P大乱交4時間vol.2,MXDLP-276,,2024-11-16,259分鐘,,マキシング,MAXING,,合集、多P、4小時以上作品、高畫質,多人,https://www.javbus.com/MXDLP-276,
MXDLP-272 お姉さんのドスケベ濃厚SEX！ Vol.2,MXDLP-272 お姉さんのドスケベ濃厚SEX！ Vol.2,MXDLP-272,,2024-11-16,277分鐘,,マキシング,MAXING,,合集、4小時以上作品、高畫質、アクメ・オーガズム,多人,https://www.javbus.com/MXDLP-272,
TIKB-192 一夜限りの激レアタイム！！乱痴気ガール波多野結衣＆AIKAがファンの理想なプレイをリアル化します！！,TIKB-192 一夜限りの激レアタイム！！乱痴気ガール波多野結衣＆AIKAがファンの理想なプレイをリアル化します！！,TIKB-192,,2024-11-16,120分鐘,,チキチキカマー/妄想族,,,蕩婦、口交、中出、巨乳、妄想族、DMM獨家、女生,多人,https://www.javbus.com/TIKB-192,
MXDLP-0272 お姉さんのドスケベ濃厚SEX！ Vol.2 波多野結衣 凛音とうか 東條なつ 瀬名ひかり 由愛可奈,MXDLP-0272 お姉さんのドスケベ濃厚SEX！ Vol.2 波多野結衣 凛音とうか 東條なつ 瀬名ひかり 由愛可奈,MXDLP-0272,,2024-11-16,275分鐘,,MAXING,MAXING,,合集、姐姐、多P、4小時以上作品、配信専用、オモチャ,多人,https://www.javbus.com/MXDLP-0272,
GENU-016 Wセレブ妻 抑えられない衝動、性欲 ～ママ活アプリで出会った年下男と不貞中出しセックスに溺れた日々～,GENU-016 Wセレブ妻 抑えられない衝動、性欲 ～ママ活アプリで出会った年下男と不貞中出しセックスに溺れた日々～,GENU-016,,2024-11-15,115分鐘,HAKUSHU,VENUS,ULTIMA,,成熟的女人、已婚婦女、花癡、多P、中出、DMM獨家,多人,https://www.javbus.com/GENU-016,
IKUBB-004 IKUNAシーズン4スーパーベスト！【対戦決定オーディション収録！】完全保存版 いつもイキ潮まくるAVスター競演＜イキガマン狂い＞絶頂決戦！最高の絶頂女王は誰だ！全セクシー界GAMANKO… 渚みつきvs皆月ひかる/浜崎真緒vs虹色ぐみ/水川潤vs美園和花/友田彩也香vs波多野結衣,IKUBB-004 IKUNAシーズン4スーパーベスト！【対戦決定オーディション収録！】完全保存版 いつもイキ潮まくるAVスター競演＜イキガマン狂い＞絶頂決戦！最高の絶頂女王は誰だ！全セクシー界GAMANKO… 渚みつきvs皆月ひかる/浜崎真緒vs虹色ぐみ/水川潤vs美園和花/友田彩也香vs波多野結衣,IKUBB-004,,2024-11-15,522分鐘,AV監督トッキー,BOTAN,BOTAN厳選ベストっ！,BOTAN厳選ベストっ！,潮吹、纪录片、多P、中出、4小時以上作品、高畫質、アクメ・オーガズム,多人,https://www.javbus.com/IKUBB-004,
NVH-034 ニューハーフのペニクリを痴女が焦らし寸止めで虐め抜く！ 西野めぐ/波多野結衣,NVH-034 ニューハーフのペニクリを痴女が焦らし寸止めで虐め抜く！ 西野めぐ/波多野結衣,NVH-034,,2024-11-09,150分鐘,夢野あいだ,グローリークエスト,GLORY QUEST,ニューハーフのペニクリを痴女が焦らし寸止めで虐め抜く！,蕩婦、女同性戀、變性者、高畫質、女裝人妖、DMM獨家、肛交,多人,https://www.javbus.com/NVH-034,
CEAD-649 みひな The Ultimate Best 8時間,CEAD-649 みひな The Ultimate Best 8時間,CEAD-649,,2024-11-09,480分鐘,,セレブの友,,The Ultimate Best,女同性戀、花癡、中出、女優ベスト・総集編、肛内中出、DMM獨家,多人,https://www.javbus.com/CEAD-649,
BBSS-089 快楽に飢えた性欲モンスターが本気でイカセ合う絶頂アクメ！！オマ●コがバカになるほど猛烈に貪り合う熱気MAXレズバトル4時間！！,BBSS-089 快楽に飢えた性欲モンスターが本気でイカセ合う絶頂アクメ！！オマ●コがバカになるほど猛烈に貪り合う熱気MAXレズバトル4時間！！,BBSS-089,,2024-11-08,240分鐘,,ビビアン,ビビアン,,女同性戀、潮吹、花癡、高畫質、巨尻、アクメ・オーガズム、DMM獨家,多人,https://www.javbus.com/BBSS-089,
VRKM-1425 【VR】こんなエロくて可愛い人妻に中出しを我慢できるわけ無い！人妻に無責任中出しBEST,VRKM-1425 【VR】こんなエロくて可愛い人妻に中出しを我慢できるわけ無い！人妻に無責任中出しBEST,VRKM-1425,,2024-11-07,302分鐘,K太郎,ケイ・エム・プロデュース,KMPVR,VR BEST,合集、已婚婦女、中出、4小時以上作品、VR専用、ハイクオリティVR、DMM獨家,多人,https://www.javbus.com/VRKM-1425,
VRKM-1427 【VR】まさにAV界の一騎当千！イカせ女王達によるパラダイス！熟練SEX女優20人300分BEST！,VRKM-1427 【VR】まさにAV界の一騎当千！イカせ女王達によるパラダイス！熟練SEX女優20人300分BEST！,VRKM-1427,,2024-11-06,302分鐘,K太郎,ケイ・エム・プロデュース,KMPVR,VR BEST,蕩婦、合集、已婚婦女、中出、女上位、4小時以上作品、VR専用、ハイクオリティVR、DMM獨家,多人,https://www.javbus.com/VRKM-1427,
XVSR-784 精子好き女子のエロ活フェラ抜きマッチング3,XVSR-784 精子好き女子のエロ活フェラ抜きマッチング3,XVSR-784,,2024-11-02,145分鐘,マックス藤井,マックスエー,MAX-A,精子好き女子のエロ活フェラ抜きマッチング,口交、乳交、美少女、巨乳、DMM獨家、吞精,多人,https://www.javbus.com/XVSR-784,
WAAA-441 ニューハーフギャルOLをペニクリこねくりハラスメント！W痴女上司M調教メスイキ挟み撃ちアナルFUCK！ 一ノ瀬ラム 波多野結衣 大槻ひびき,WAAA-441 ニューハーフギャルOLをペニクリこねくりハラスメント！W痴女上司M調教メスイキ挟み撃ちアナルFUCK！ 一ノ瀬ラム 波多野結衣 大槻ひびき,WAAA-441,,2024-11-01,120分鐘,,ワンズファクトリー,WANZ,,女同性戀、變性者、高畫質、女裝人妖、肛内中出、DMM獨家、女生,多人,https://www.javbus.com/WAAA-441,
OKC-015 神着衣ぶっかけ 8人8発射 250分 競泳水着・スク水編,OKC-015 神着衣ぶっかけ 8人8発射 250分 競泳水着・スク水編,OKC-015,,2024-10-31,251分鐘,,親父の個撮,神コレクション,神ぶっかけ,合集、69、美少女、4小時以上作品、高畫質、學校泳裝、局部特寫,多人,https://www.javbus.com/OKC-015,
QMILL-002 顔面優勝の饗宴！美女だらけの激エロハーレム 絶対にヌケる最強BEST,QMILL-002 顔面優勝の饗宴！美女だらけの激エロハーレム 絶対にヌケる最強BEST,QMILL-002,,2024-10-28,312分鐘,K太郎,ケイ・エム・プロデュース,million（ミリオン）,KMP厳選スーパーBEST,合集、多P、美少女、中出、4小時以上作品、高畫質、ハーレム、DMM獨家,多人,https://www.javbus.com/QMILL-002,
RBB-293 性の極み痴女M男の性感をこれでもかと責めてくる淫乱の天才8時間BEST,RBB-293 性の極み痴女M男の性感をこれでもかと責めてくる淫乱の天才8時間BEST,RBB-293,,2024-10-25,480分鐘,,ROOKIE,ROOKIE,,花癡、中出、女上位、高畫質、M男、アクメ・オーガズム、DMM獨家,多人,https://www.javbus.com/RBB-293,
VRKM-1405 【VR】イクッ！絶頂の瞬間ビクビク感じるマ●コ50人詰め合わせBEST300分てんこ盛り 極上マ●コが総アクメ,VRKM-1405 【VR】イクッ！絶頂の瞬間ビクビク感じるマ●コ50人詰め合わせBEST300分てんこ盛り 極上マ●コが総アクメ,VRKM-1405,,2024-10-22,302分鐘,K太郎,ケイ・エム・プロデュース,KMPVR,VR BEST,蕩婦、合集、中出、4小時以上作品、VR専用、巨乳、ハイクオリティVR、DMM獨家,多人,https://www.javbus.com/VRKM-1405,
KND-027 厳選スペシャルBOX 極悦の官能ドラマ集 淫欲に堕ちた熟女たち 10枚組 1200分,KND-027 厳選スペシャルBOX 極悦の官能ドラマ集 淫欲に堕ちた熟女たち 10枚組 1200分,KND-027,,2024-10-19,1200分鐘,,グローバルメディアエンタテインメント,長期熟成グローバル,,成熟的女人、合集、已婚婦女、故事集、DMM獨家,多人,https://www.javbus.com/KND-027,
HMIX-038 プロデューサー激推し！！ 是非とも見て欲しい最高にエロい熟女ベスト30 撮影現場で思わずマジ勃起してしまった絶対ヌケるスケベ映像 30人 4時間,HMIX-038 プロデューサー激推し！！ 是非とも見て欲しい最高にエロい熟女ベスト30 撮影現場で思わずマジ勃起してしまった絶対ヌケるスケベ映像 30人 4時間,HMIX-038,,2024-10-19,240分鐘,,グローバルメディアエンタテインメント,ハイパーミックス（グローバルメディアエンタテインメント）,,成熟的女人、合集、已婚婦女、故事集、DMM獨家,多人,https://www.javbus.com/HMIX-038,
MDBK-344 BAZOOKA史上高評価☆4.7以上 PREMIUM BEST,MDBK-344 BAZOOKA史上高評価☆4.7以上 PREMIUM BEST,MDBK-344,,2024-10-19,241分鐘,K太郎,BAZOOKA,BAZOOKA（バズーカ）,,蕩婦、合集、中出、4小時以上作品、高畫質、巨乳、DMM獨家,多人,https://www.javbus.com/MDBK-344,
CEAD-644 貴方に見せつける！アナル丸見え！エロい巨尻オナニー厳選デカ尻限定ベスト,CEAD-644 貴方に見せつける！アナル丸見え！エロい巨尻オナニー厳選デカ尻限定ベスト,CEAD-644,,2024-10-19,240分鐘,,セレブの友,セレブの友,,合集、花癡、巨尻、DMM獨家、自慰、肛交,多人,https://www.javbus.com/CEAD-644,
CJOB-166 身動きできない状態で痴女られる 強●連射ぶっこ抜き83発 挟み撃ち逆レ●プBEST,CJOB-166 身動きできない状態で痴女られる 強●連射ぶっこ抜き83発 挟み撃ち逆レ●プBEST,CJOB-166,,2024-10-18,240分鐘,,痴女ヘブン,痴女ヘブンBEST,,蕩婦、口交、多P、中出、高畫質、DMM獨家、打手槍,多人,https://www.javbus.com/CJOB-166,
JUMS-095 美熟女の超S級デカ尻が乱高下するマラ食い騎乗位BEST 102本番8時間,JUMS-095 美熟女の超S級デカ尻が乱高下するマラ食い騎乗位BEST 102本番8時間,JUMS-095,,2024-10-18,480分鐘,,マドンナ,Madonna,,成熟的女人、合集、已婚婦女、女上位、高畫質、巨尻、DMM獨家,多人,https://www.javbus.com/JUMS-095,
MIAB-330 裏切りの女捜査官「そう…私が二重スパイ」媚薬オイル拷問！拘束キメセク中出し！無限アクメ潮吹き！快楽堕ちさせてコチラ側に取り込むことにした… 波多野結衣 大槻ひびき,MIAB-330 裏切りの女捜査官「そう…私が二重スパイ」媚薬オイル拷問！拘束キメセク中出し！無限アクメ潮吹き！快楽堕ちさせてコチラ側に取り込むことにした… 波多野結衣 大槻ひびき,MIAB-330,,2024-10-11,120分鐘,ぬまモン,ムーディーズ,みんなのキカタン,,潮吹、花癡、女檢察官、中出、高畫質、アクメ・オーガズム、DMM獨家,多人,https://www.javbus.com/MIAB-330,
PBD-477 ドスケベお姉さんが背後から密着ホールド！情けない体勢でシゴかれ！後ろから手コキベスト！,PBD-477 ドスケベお姉さんが背後から密着ホールド！情けない体勢でシゴかれ！後ろから手コキベスト！,PBD-477,,2024-10-11,240分鐘,,プレミアム,PREMIUM BEST,,蕩婦、姐姐、高畫質、ヘルス・ソープ、男の潮吹き、DMM獨家、打手槍,多人,https://www.javbus.com/PBD-477,
JUMS-093 チ〇ポがトロけて脳まで届く超快感！！ 発射寸前110秒前、≪厳選≫人妻たちの 極上フェラチオラッシュ258連発8時間,JUMS-093 チ〇ポがトロけて脳まで届く超快感！！ 発射寸前110秒前、≪厳選≫人妻たちの 極上フェラチオラッシュ258連発8時間,JUMS-093,,2024-10-04,480分鐘,,マドンナ,Madonna,,成熟的女人、口交、合集、已婚婦女、高畫質、DMM獨家,多人,https://www.javbus.com/JUMS-093,
NGOD-227 夫婦交換スワッピング 旦那が嫉妬するほど他人に抱かれて喘ぐ妻たち,NGOD-227 夫婦交換スワッピング 旦那が嫉妬するほど他人に抱かれて喘ぐ妻たち,NGOD-227,,2024-10-04,120分鐘,,JET映像,卍GROUP,,已婚婦女、通姦、高畫質、出軌、巨乳、スワッピング・夫婦交換、DMM獨家,多人,https://www.javbus.com/NGOD-227,
STCESD-130 【お得セット】女性経験ゼロの美形NHを波多野結衣が筆下ろし4射精！・波多野結衣のオトコノ娘童貞狩りドキュメント2・4,STCESD-130 【お得セット】女性経験ゼロの美形NHを波多野結衣が筆下ろし4射精！・波多野結衣のオトコノ娘童貞狩りドキュメント2・4,STCESD-130,,2024-09-30,431分鐘,,セレブの友,セレブの友（お得セット）,,成熟的女人、變性者、4小時以上作品、高畫質、處男、女裝人妖、肛内中出、設置項目、DMM獨家,多人,https://www.javbus.com/STCESD-130,
STCESD-125 【お得セット】全身オイルまみれSEXのヌルヌル快楽でメス堕ち・全身オイル×ポルチオ×エビ反り絶頂SEX・綺麗なお姉さんの全身がグッチョグチョになったオイルまみれトロ顔SEXを見てみませんか…？,STCESD-125 【お得セット】全身オイルまみれSEXのヌルヌル快楽でメス堕ち・全身オイル×ポルチオ×エビ反り絶頂SEX・綺麗なお姉さんの全身がグッチョグチョになったオイルまみれトロ顔SEXを見てみませんか…？,STCESD-125,,2024-09-30,442分鐘,,セレブの友,セレブの友（お得セット）,,成熟的女人、乳液、中出、4小時以上作品、高畫質、巨尻、設置項目、巨乳、DMM獨家,多人,https://www.javbus.com/STCESD-125,
STCESD-132 【お得セット】出世できないダメ男×No.1風俗嬢 愛し合うウエディング生中出しSEX3・5・6,STCESD-132 【お得セット】出世できないダメ男×No.1風俗嬢 愛し合うウエディング生中出しSEX3・5・6,STCESD-132,,2024-09-30,513分鐘,,セレブの友,セレブの友（お得セット）,愛し合うウエディング生中出しSEX,成熟的女人、妓女、中出、4小時以上作品、高畫質、戲劇、設置項目、花嫁、DMM獨家,多人,https://www.javbus.com/STCESD-132,
MMPB-052 エロッ！！！ 女盛りにも程がある… アラサー美人女優10人,MMPB-052 エロッ！！！ 女盛りにも程がある… アラサー美人女優10人,MMPB-052,,2024-09-28,240分鐘,石切橋博士,桃太郎映像出版,桃太郎プレミアムベスト,,蕩婦、成熟的女人、姐姐、中出、4小時以上作品、DMM獨家,多人,https://www.javbus.com/MMPB-052,
YMDD-409 ヤリマンワゴンが行く！！ハプニング ア ゴーゴー！！AIKAと大槻ひびきと波多野結衣とリズの超珍道中 痴上最嬌の3美女たちと行く！地球上で最もエロいオーバードライブセックス,YMDD-409 ヤリマンワゴンが行く！！ハプニング ア ゴーゴー！！AIKAと大槻ひびきと波多野結衣とリズの超珍道中 痴上最嬌の3美女たちと行く！地球上で最もエロいオーバードライブセックス,YMDD-409,,2024-09-28,248分鐘,鈴木リズ,桃太郎映像出版,若桃,ヤリマンワゴンが行く！！ハプニング ア ゴーゴー！！,蕩婦、汽車性愛、多P、倒追、4小時以上作品、ファン感謝・訪問、DMM獨家,多人,https://www.javbus.com/YMDD-409,
WAAA-421 芸歴46年（合計）の凄テクを我慢できれば生★中出しSEX！ AIKA 波多野結衣 大槻ひびき,WAAA-421 芸歴46年（合計）の凄テクを我慢できれば生★中出しSEX！ AIKA 波多野結衣 大槻ひびき,WAAA-421,,2024-09-27,270分鐘,,ワンズファクトリー,WANZ,我慢できれば生中出しSEX！,蕩婦、口交、多P、中出、高畫質、ファン感謝・訪問、DMM獨家,多人,https://www.javbus.com/WAAA-421,
QMDB-002 日本代表クラスの究極の肉体、集めました！！極上BODY 巨乳 feat.美尻 7時間 SUPER BEST,QMDB-002 日本代表クラスの究極の肉体、集めました！！極上BODY 巨乳 feat.美尻 7時間 SUPER BEST,QMDB-002,,2024-09-25,428分鐘,K太郎,BAZOOKA,BAZOOKA（バズーカ）,KMP厳選スーパーBEST,合集、屁股、中出、4小時以上作品、高畫質、巨尻、巨乳、DMM獨家,多人,https://www.javbus.com/QMDB-002,
HMIX-037 至極！！ 麗しの熟女湯屋 ヌルべちょ濃厚ねっとり中出しソープ 20人 4時間,HMIX-037 至極！！ 麗しの熟女湯屋 ヌルべちょ濃厚ねっとり中出しソープ 20人 4時間,HMIX-037,,2024-09-21,240分鐘,,グローバルメディアエンタテインメント,ハイパーミックス（グローバルメディアエンタテインメント）,,和服・喪服、成熟的女人、合集、乳液、ヘルス・ソープ、DMM獨家,多人,https://www.javbus.com/HMIX-037,
MDBK-341 新村あかり Premium Complete BEST,MDBK-341 新村あかり Premium Complete BEST,MDBK-341,,2024-09-21,241分鐘,K太郎,BAZOOKA,BAZOOKA（バズーカ）,,蕩婦、中出、4小時以上作品、高畫質、女優ベスト・総集編、巨乳、DMM獨家,多人,https://www.javbus.com/MDBK-341,
LZBS-110 絶頂顔を見下ろしながら絶頂する激しめ騎乗レズ性交 厳選ベスト5時間,LZBS-110 絶頂顔を見下ろしながら絶頂する激しめ騎乗レズ性交 厳選ベスト5時間,LZBS-110,,2024-09-21,300分鐘,,レズれ！,レズれ！ ベスト,,玩具、女同性戀、女同接吻、巨乳、アクメ・オーガズム、DMM獨家,多人,https://www.javbus.com/LZBS-110,
CJOB-164 チ○ポとアナル同時に舐め犯●れ足腰ガクガク震えるまで射精されたボクBEST,CJOB-164 チ○ポとアナル同時に舐め犯●れ足腰ガクガク震えるまで射精されたボクBEST,CJOB-164,,2024-09-20,240分鐘,,痴女ヘブン,痴女ヘブンBEST,,口交、合集、花癡、高畫質、ハーレム、DMM獨家、肛交,多人,https://www.javbus.com/CJOB-164,
AFHL-006 ＜六本木高級キャバ嬢もお店を出たらただの女＞AV出演権をかけた壮絶なバトルSEX！波多野さんvs大槻さん 大槻ひびき 波多野結衣,AFHL-006 ＜六本木高級キャバ嬢もお店を出たらただの女＞AV出演権をかけた壮絶なバトルSEX！波多野さんvs大槻さん 大槻ひびき 波多野結衣,AFHL-006,,2024-09-20,35分鐘,,TAG,極グループ,TokyoAfterGirl,蕩婦、無毛、妓女、多P、中出、配信専用、フルハイビジョン(FHD),多人,https://www.javbus.com/AFHL-006,
MIRD-239 MOODYZファン感謝祭バコバコバスツアー2024完全版 バコバス7時間50分＋うらバコ4時間＋未公開シーン収録13時間,MIRD-239 MOODYZファン感謝祭バコバコバスツアー2024完全版 バコバス7時間50分＋うらバコ4時間＋未公開シーン収録13時間,MIRD-239,,2024-09-13,800分鐘,らくだ,ムーディーズ,MOODYZ REAL,バコバコバスツアー,濫交、口交、美少女、高畫質、ハーレム、巨乳、DMM獨家,多人,https://www.javbus.com/MIRD-239,
VHDX-013 解禁！初HD化作品 まるごと収録BOX 13 30作品 45時間25分,VHDX-013 解禁！初HD化作品 まるごと収録BOX 13 30作品 45時間25分,VHDX-013,,2024-09-10,2794分鐘,,VENUS,HDコンプリート,初HD化作品まるごと収録BOX,成熟的女人、合集、已婚婦女、中出、高畫質、DMM專屬、16時間以上作品、設置項目、巨乳、DMM獨家,多人,https://www.javbus.com/VHDX-013,
CEAD-630 美魔女のザーメン狩りエロ行為をタップリ見せマス8時間！淫乱痴女SEX＆超絶手コキフェラ抜き！vol.2,CEAD-630 美魔女のザーメン狩りエロ行為をタップリ見せマス8時間！淫乱痴女SEX＆超絶手コキフェラ抜き！vol.2,CEAD-630,,2024-09-07,480分鐘,,セレブの友,セレブの友,美魔女のザーメン狩りエロ行為をタップリ見せマス○時間！,蕩婦、成熟的女人、女同性戀、合集、花癡、DMM獨家,多人,https://www.javbus.com/CEAD-630,
MMPB-051 あの子にスクール水着を着させたら、いつも以上に興奮して精子全部出たwww,MMPB-051 あの子にスクール水着を着させたら、いつも以上に興奮して精子全部出たwww,MMPB-051,,2024-08-31,243分鐘,石切橋博士,桃太郎映像出版,桃太郎プレミアムベスト,,口交、中出、女上位、4小時以上作品、高畫質、DMM獨家、學校泳裝,多人,https://www.javbus.com/MMPB-051,
UMSO-564 玄関入ってすぐにパクっ！即尺美人23人,UMSO-564 玄関入ってすぐにパクっ！即尺美人23人,UMSO-564,,2024-08-24,244分鐘,,ケイ・エム・プロデュース,UMANAMI,,第一人稱攝影、口交、合集、4小時以上作品、主觀視角、高畫質、DMM獨家,多人,https://www.javbus.com/UMSO-564,
KAGP-325 オナサポ！！ 女子○生 着衣で全裸で挑発的ダンス 7,KAGP-325 オナサポ！！ 女子○生 着衣で全裸で挑発的ダンス 7,KAGP-325,,2024-08-24,126分鐘,妻撮りの翁,かぐや姫Pt/妄想族,かぐや姫Pt,オナサポ！！,其他戀物癖、連褲襪、跳舞、高畫質、妄想族、4K、DMM獨家、局部特寫,多人,https://www.javbus.com/KAGP-325,
CEAD-624 乳首オナニーでイク15人の女たち！Vol，2 ～ビンビン『乳首』で極限状態にイキ狂うド淫乱女優たち！！,CEAD-624 乳首オナニーでイク15人の女たち！Vol，2 ～ビンビン『乳首』で極限状態にイキ狂うド淫乱女優たち！！,CEAD-624,,2024-08-24,168分鐘,,セレブの友,セレブの友,乳首オナニーでイク15人の女たち！,成熟的女人、女優按摩棒、巨乳、アクメ・オーガズム、DMM獨家、自慰,多人,https://www.javbus.com/CEAD-624,
KSBJ-328 デカ尻杭打ち！美熟女だらけのバック三昧50人,KSBJ-328 デカ尻杭打ち！美熟女だらけのバック三昧50人,KSBJ-328,,2024-08-17,243分鐘,,KSB企画/エマニエル,KSB企画/エマニエル,,成熟的女人、合集、4小時以上作品、高畫質、巨尻、バック、エマニエル、DMM獨家,多人,https://www.javbus.com/KSBJ-328,
KDMI-055 MILU-パンスト妄想脚アメイジングII,KDMI-055 MILU-パンスト妄想脚アメイジングII,KDMI-055,,2024-08-17,245分鐘,DOPAMIX,ミル,ミル,パンスト妄想脚,賽車女郎、連褲襪、空中小姐、戀腿癖、DMM獨家,多人,https://www.javbus.com/KDMI-055,
MXDLP-266 SM性感開発！縛られて激イキするドM淫乱美女4時間,MXDLP-266 SM性感開発！縛られて激イキするドM淫乱美女4時間,MXDLP-266,,2024-08-16,244分鐘,,マキシング,MAXING,,SM、其他戀物癖、合集、4小時以上作品、高畫質、女優ベスト・総集編,多人,https://www.javbus.com/MXDLP-266,
VHDX-011 解禁！初HD化作品 まるごと収録BOX 11 30作品 46時間10分,VHDX-011 解禁！初HD化作品 まるごと収録BOX 11 30作品 46時間10分,VHDX-011,,2024-08-13,2847分鐘,,VENUS,HDコンプリート,初HD化作品まるごと収録BOX,成熟的女人、合集、已婚婦女、中出、高畫質、DMM專屬、16時間以上作品、設置項目、巨乳、福袋、DMM獨家,多人,https://www.javbus.com/VHDX-011,
CEMD-567 初レズ解禁 ほろ酔いレズビアン 有栖舞衣 波多野結衣,CEMD-567 初レズ解禁 ほろ酔いレズビアン 有栖舞衣 波多野結衣,CEMD-567,,2024-08-10,137分鐘,,セレブの友,セレブの友,,成熟的女人、女同性戀、舔陰、アクメ・オーガズム、DMM獨家、自慰,多人,https://www.javbus.com/CEMD-567,
DGCEMD-567 ★配信限定！特典映像付★初レズ解禁 ほろ酔いレズビアン 有栖舞衣 波多野結衣,DGCEMD-567 ★配信限定！特典映像付★初レズ解禁 ほろ酔いレズビアン 有栖舞衣 波多野結衣,DGCEMD-567,,2024-08-10,181分鐘,,セレブの友,セレブの友,初レズ解禁！,成熟的女人、女同性戀、舔陰、高畫質、アクメ・オーガズム、4K、DMM獨家、自慰,多人,https://www.javbus.com/DGCEMD-567,
NBES-091 JET映像9周年記念！超厳選11タイトルノーカット収録BEST 6枚組空前絶後の1430分特大収録！,NBES-091 JET映像9周年記念！超厳選11タイトルノーカット収録BEST 6枚組空前絶後の1430分特大収録！,NBES-091,,2024-08-09,1430分鐘,,JET映像,卍GROUP,,合集、已婚婦女、高畫質、出軌、デカチン・巨根、DMM獨家,多人,https://www.javbus.com/NBES-091,
UMD-926 アルバイト（パート）先で知り合った10年アソコを舐められてないバツ2の熟女！久々のセックスで1日でキツマンからガバマン！！,UMD-926 アルバイト（パート）先で知り合った10年アソコを舐められてないバツ2の熟女！久々のセックスで1日でキツマンからガバマン！！,UMD-926,,2024-08-08,124分鐘,ドラゴン西川,LEO,LEO,,蕩婦、成熟的女人、潮吹、高畫質、巨乳、アクメ・オーガズム,多人,https://www.javbus.com/UMD-926,
KSBJ-325 厳選！！美熟女10人BESTVOL.04,KSBJ-325 厳選！！美熟女10人BESTVOL.04,KSBJ-325,,2024-08-03,240分鐘,,KSB企画/エマニエル,KSB企画/エマニエル,厳選！！美熟女10人BEST,成熟的女人、合集、4小時以上作品、高畫質、巨尻、巨乳、エマニエル、DMM獨家,多人,https://www.javbus.com/KSBJ-325,
IKUNA-012 『IKUNA＃1.60』友田彩也香vs波多野結衣 全セクシー界GAMANKO最侠対決 アへアクメ超セクシー級「最侠」頂上決戦！ いつもイキ潮まくるAVスター競演＜イキガマン狂い＞絶頂決戦『IKUNA』シーズン4！イキガマンの果てに手にする絶頂は恍惚か！失神か！失禁か！最高の絶頂女王…,IKUNA-012 『IKUNA＃1.60』友田彩也香vs波多野結衣 全セクシー界GAMANKO最侠対決 アへアクメ超セクシー級「最侠」頂上決戦！ いつもイキ潮まくるAVスター競演＜イキガマン狂い＞絶頂決戦『IKUNA』シーズン4！イキガマンの果てに手にする絶頂は恍惚か！失神か！失禁か！最高の絶頂女王…,IKUNA-012,,2024-08-02,123分鐘,AV監督トッキー,BOTAN,IKUNA,IKUNA,潮吹、纪录片、多P、中出、高畫質、アクメ・オーガズム,多人,https://www.javbus.com/IKUNA-012,
IDBD-933 ウブな生徒たちを誘惑する美しい小悪魔女教師のわいせつ個人授業8時間BEST,IDBD-933 ウブな生徒たちを誘惑する美しい小悪魔女教師のわいせつ個人授業8時間BEST,IDBD-933,,2024-07-26,481分鐘,,アイデアポケット,アイデアポケットBEST,アイデアポケットBEST,蕩婦、女教師、合集、學校作品、4小時以上作品、高畫質、DMM獨家,多人,https://www.javbus.com/IDBD-933,
HJBB-187 夫婦で挑戦！夫がAV女優の凄テクを20分我慢できたら賞金！イカされちゃったら妻が寝取られ中出しSEX！！7,HJBB-187 夫婦で挑戦！夫がAV女優の凄テクを20分我慢できたら賞金！イカされちゃったら妻が寝取られ中出しSEX！！7,HJBB-187,,2024-07-26,480分鐘,,はじめ企画,はじめ企画,夫婦で挑戦,蕩婦、已婚婦女、中出、高畫質、出軌、巨乳、DMM獨家,多人,https://www.javbus.com/HJBB-187,
3DSVR-1572 【VR】【8K】僕のデカチンを狙うランジェリー人妻！！旦那とのセックスレスが原因で欲求不満なお隣さんたちと嫁の不在中にハーレム中出し不倫 友田彩也香 大槻ひびき 波多野結衣,3DSVR-1572 【VR】【8K】僕のデカチンを狙うランジェリー人妻！！旦那とのセックスレスが原因で欲求不満なお隣さんたちと嫁の不在中にハーレム中出し不倫 友田彩也香 大槻ひびき 波多野結衣,3DSVR-1572,,2024-07-22,117分鐘,ささきうずまき,SODクリエイト,SODVR,,蕩婦、淫語、已婚婦女、中出、ハーレム、VR専用、ハイクオリティVR、8KVR,多人,https://www.javbus.com/3DSVR-1572,
CEAD-613 超気持ちいい！超美人女優限定のフェラチオ50発8時間！,CEAD-613 超気持ちいい！超美人女優限定のフェラチオ50発8時間！,CEAD-613,,2024-07-20,480分鐘,,セレブの友,セレブの友,,口交、合集、深喉、DMM獨家、顏射、吞精,多人,https://www.javbus.com/CEAD-613,
BGG-008 銀粉大全集 弐巻 12人のシルバーに輝く驚愕の美女たち！,BGG-008 銀粉大全集 弐巻 12人のシルバーに輝く驚愕の美女たち！,BGG-008,,2024-07-20,120分鐘,,バミューダ/妄想族,ゴールドバグ（バミューダ/妄想族）,銀粉大全集,其他戀物癖、乳房、高畫質、巨乳、妄想族、DMM獨家、自慰,多人,https://www.javbus.com/BGG-008,
LZBS-108 レズれ！11周年記念スペシャル 美尻、桃尻、メガトンヒップ！ヘビー級プレスで窒息させるシリビアンレズ性交 10時間,LZBS-108 レズれ！11周年記念スペシャル 美尻、桃尻、メガトンヒップ！ヘビー級プレスで窒息させるシリビアンレズ性交 10時間,LZBS-108,,2024-07-20,600分鐘,,レズれ！,レズれ！ ベスト,,玩具、女同性戀、女同接吻、巨尻、巨乳、DMM獨家,多人,https://www.javbus.com/LZBS-108,
AGEFUKU-005 盛夏の大フェチ祭！貴方の新たなる性癖を目覚めさせるオールHDノーカット合計20作品2483分 選りすぐりフェチ作品集,AGEFUKU-005 盛夏の大フェチ祭！貴方の新たなる性癖を目覚めさせるオールHDノーカット合計20作品2483分 選りすぐりフェチ作品集,AGEFUKU-005,,2024-07-20,2484分鐘,,SEX Agent/妄想族,SEX Agent,SEXAgent福袋,蕩婦、潮吹、美少女、高畫質、16時間以上作品、設置項目、M女、妄想族、DMM獨家、顏射,多人,https://www.javbus.com/AGEFUKU-005,
CEAD-615 悶絶！絶頂！ド淫乱オナニーselection 大浦真奈美,CEAD-615 悶絶！絶頂！ド淫乱オナニーselection 大浦真奈美,CEAD-615,,2024-07-20,190分鐘,,セレブの友,セレブの友,悶絶！絶頂！ド淫乱オナニーselection,花癡、羞恥、巨乳、アクメ・オーガズム、DMM獨家、自慰,多人,https://www.javbus.com/CEAD-615,
CJOB-160 ドスケベ痴女に囲まれ挟まれベロも乳首もチ○ポも犯●れ射精されるボクBEST,CJOB-160 ドスケベ痴女に囲まれ挟まれベロも乳首もチ○ポも犯●れ射精されるボクBEST,CJOB-160,,2024-07-19,481分鐘,,痴女ヘブン,痴女ヘブンBEST,,蕩婦、合集、多P、中出、4小時以上作品、高畫質、ハーレム、DMM獨家,多人,https://www.javbus.com/CJOB-160,
KAGP-320 セクハラママさんバレー！9 ハイレグブルマ姿の人妻10人が挑む過酷なエロトレーニング,KAGP-320 セクハラママさんバレー！9 ハイレグブルマ姿の人妻10人が挑む過酷なエロトレーニング,KAGP-320,,2024-07-06,118分鐘,妻撮りの翁,かぐや姫Pt/妄想族,かぐや姫Pt,セクハラママさんバレー！,口交、其他戀物癖、已婚婦女、運動、高畫質、巨乳、妄想族、4K、DMM獨家,多人,https://www.javbus.com/KAGP-320,
CEAD-609 顔面騎乗オナニーでイキまくる14人の女優たち,CEAD-609 顔面騎乗オナニーでイキまくる14人の女優たち,CEAD-609,,2024-07-06,137分鐘,,セレブの友,セレブの友,,成熟的女人、舔陰、顏面騎乘、巨乳、DMM獨家、自慰,多人,https://www.javbus.com/CEAD-609,
CEMD-549 20代の頃の波多野結衣！ベストセックス20時間22分8枚組BOX！,CEMD-549 20代の頃の波多野結衣！ベストセックス20時間22分8枚組BOX！,CEMD-549,,2024-07-06,1217分鐘,,セレブの友,セレブの友,,女同性戀、纪录片、花癡、中出、女優ベスト・総集編、16時間以上作品、DMM獨家,多人,https://www.javbus.com/CEMD-549,
VRKM-1353 【VR】正常位で美女堪能！見つめ合い絶頂中出しBEST！厳選発射50連発,VRKM-1353 【VR】正常位で美女堪能！見つめ合い絶頂中出しBEST！厳選発射50連発,VRKM-1353,,2024-07-02,300分鐘,K太郎,ケイ・エム・プロデュース,KMPVR,VR BEST,蕩婦、合集、制服、中出、4小時以上作品、VR専用、ハイクオリティVR、DMM獨家,多人,https://www.javbus.com/VRKM-1353,
MMPB-043 マウント上等！ ちょっと強気なドエロい姉さん 13人,MMPB-043 マウント上等！ ちょっと強気なドエロい姉さん 13人,MMPB-043,,2024-06-29,241分鐘,石切橋博士,桃太郎映像出版,桃太郎プレミアムベスト,,蕩婦、姐姐、4小時以上作品、高畫質、蠻橫嬌羞、DMM獨家、女生,多人,https://www.javbus.com/MMPB-043,
JHEM-022 衝撃の家庭内寝取られ官能劇 義父に犯●れた嫁 家庭内強●の実態…若く美しい人妻が助平親父のネットリ絶技に堕ちる！！ 5名収録 120分,JHEM-022 衝撃の家庭内寝取られ官能劇 義父に犯●れた嫁 家庭内強●の実態…若く美しい人妻が助平親父のネットリ絶技に堕ちる！！ 5名収録 120分,JHEM-022,,2024-06-29,120分鐘,,熟女本舗/エマニエル,熟女本舗（熟女本舗/エマニエル）,,成熟的女人、合集、亂倫、已婚婦女、高畫質、故事集、エマニエル、DMM獨家,多人,https://www.javbus.com/JHEM-022,
GVH-665 【逆・立場逆転！！】見下していたお姉さん社員2名に童貞がバレて、W逆3Pわからせ痴女でオス人権剥奪されちゃったザコ上司の僕。 波多野結衣/森沢かな,GVH-665 【逆・立場逆転！！】見下していたお姉さん社員2名に童貞がバレて、W逆3Pわからせ痴女でオス人権剥奪されちゃったザコ上司の僕。 波多野結衣/森沢かな,GVH-665,,2024-06-29,170分鐘,ひょん,グローリークエスト,GLORY QUEST,,蕩婦、OL、多P、處男、部下・同僚、DMM獨家,多人,https://www.javbus.com/GVH-665,
XVSR-765 超厳選！レベルA女優20人フェラ祭り,XVSR-765 超厳選！レベルA女優20人フェラ祭り,XVSR-765,,2024-06-29,227分鐘,マックス藤井,マックスエー,Calen,,蕩婦、口交、美少女、主觀視角、高畫質、巨乳、DMM獨家,多人,https://www.javbus.com/XVSR-765,
OKC-011 神着衣お風呂＆おもらし 8人8放尿 競泳水着編 波多野結衣・水谷あおい・渚みつき・宮沢ちはる・栄川乃亜・弥生みづき・三好凪・樋口みつは,OKC-011 神着衣お風呂＆おもらし 8人8放尿 競泳水着編 波多野結衣・水谷あおい・渚みつき・宮沢ちはる・栄川乃亜・弥生みづき・三好凪・樋口みつは,OKC-011,,2024-06-27,89分鐘,,親父の個撮,神コレクション,神放尿,合集、69、美少女、高畫質、局部特寫、體育服,多人,https://www.javbus.com/OKC-011,
BQNC-005 ドエロい女が大集合 超・超・超お得なBEST 巨乳風俗嬢2056分 40コーナーノーカット完全収録,BQNC-005 ドエロい女が大集合 超・超・超お得なBEST 巨乳風俗嬢2056分 40コーナーノーカット完全収録,BQNC-005,,2024-06-25,2056分鐘,K太郎,BAZOOKA,BAZOOKA（バズーカ）,BAZOOKA ノーカットBEST,合集、妓女、中出、高畫質、16時間以上作品、巨乳、DMM獨家,多人,https://www.javbus.com/BQNC-005,
VHDX-008 解禁！初HD化作品 まるごと収録BOX 8 30作品 44時間35分,VHDX-008 解禁！初HD化作品 まるごと収録BOX 8 30作品 44時間35分,VHDX-008,,2024-06-25,2737分鐘,,VENUS,HDコンプリート,初HD化作品まるごと収録BOX,成熟的女人、合集、已婚婦女、中出、高畫質、DMM專屬、16時間以上作品、設置項目、巨乳、DMM獨家,多人,https://www.javbus.com/VHDX-008,
LZBS-107 レズビアン激潮ジェット！ 腰ブル膝ガクまき散らしお漏らしアクメ！！10時間,LZBS-107 レズビアン激潮ジェット！ 腰ブル膝ガクまき散らしお漏らしアクメ！！10時間,LZBS-107,,2024-06-22,605分鐘,,レズれ！,レズれ！ ベスト,,玩具、女同性戀、潮吹、4小時以上作品、女同接吻、高畫質、巨乳、DMM獨家,多人,https://www.javbus.com/LZBS-107,
OVG-211 ウーマナイザーオナニー4 脚ピン！腰浮き！マンビラかきわけクリトリスにグリグリ押し当て何度もクリイキしまくるAV女優21人,OVG-211 ウーマナイザーオナニー4 脚ピン！腰浮き！マンビラかきわけクリトリスにグリグリ押し当て何度もクリイキしまくるAV女優21人,OVG-211,,2024-06-22,260分鐘,,グローリークエスト,GLORY QUEST,ウーマナイザーオナニー,蕩婦、玩具、花癡、アクメ・オーガズム、DMM獨家、自慰,多人,https://www.javbus.com/OVG-211,
CEAD-604 洗脳される巨乳美女OL達！ド淫乱アへ顔化計画！Vol.2,CEAD-604 洗脳される巨乳美女OL達！ド淫乱アへ顔化計画！Vol.2,CEAD-604,,2024-06-22,288分鐘,,セレブの友,セレブの友,ド淫乱アへ顔化計画！,成熟的女人、濫交、花癡、多P、DMM獨家、顏射,多人,https://www.javbus.com/CEAD-604,
CJOB-157 射精しても止めない！吹いても止めない！ド痴女たちの凄テク追撃男潮40発12000cc吹かされた僕BEST,CJOB-157 射精しても止めない！吹いても止めない！ド痴女たちの凄テク追撃男潮40発12000cc吹かされた僕BEST,CJOB-157,,2024-06-21,240分鐘,,痴女ヘブン,痴女ヘブンBEST,射精しても止めない！吹いても止めない！ド痴女たちの凄テク追撃男潮,蕩婦、口交、合集、高畫質、男の潮吹き、DMM獨家、打手槍,多人,https://www.javbus.com/CJOB-157,
IENF-347 アナルのシワの数までハッキリわかる！ノーモザイク連続絶頂アナル見せオナニー26,IENF-347 アナルのシワの数までハッキリわかる！ノーモザイク連続絶頂アナル見せオナニー26,IENF-347,,2024-06-20,129分鐘,,アイエナジー,IENF,淫語かたりかけオナニー,淫語、主觀視角、高畫質、自慰、肛交,多人,https://www.javbus.com/IENF-347,
VHDX-007 解禁！初HD化作品 まるごと収録BOX 7 30作品 42時間55分,VHDX-007 解禁！初HD化作品 まるごと収録BOX 7 30作品 42時間55分,VHDX-007,,2024-06-11,2647分鐘,,VENUS,HDコンプリート,,成熟的女人、合集、已婚婦女、中出、高畫質、DMM專屬、16時間以上作品、設置項目、巨乳、DMM獨家,多人,https://www.javbus.com/VHDX-007,
RBB-286 女の子多数と男1人の幸せすぎるよりどりハーレムタイム8時間 もうチ○ポがもちませーーーん！！！（RBB-286）,RBB-286 女の子多数と男1人の幸せすぎるよりどりハーレムタイム8時間 もうチ○ポがもちませーーーん！！！（RBB-286）,RBB-286,,2024-06-07,480分鐘,,ROOKIE,ROOKIE,ROOKIEベスト,濫交、合集、中出、高畫質、ハーレム、巨乳、DMM獨家,多人,https://www.javbus.com/RBB-286,
NPRV-001 10～15分もあれば必ず発射できる、おしゃぶり上手なエロ女のフェラチオ vol.1,NPRV-001 10～15分もあれば必ず発射できる、おしゃぶり上手なエロ女のフェラチオ vol.1,NPRV-001,,2024-05-29,86分鐘,,ノンプロ,ノンプロ,10～15分あれば必ず発射できるフェラチオ,口交、其他戀物癖、美少女、高畫質、オナサポ、DMM獨家、吞精、打手槍,多人,https://www.javbus.com/NPRV-001,
NITR-547 NITRO CORE BEST 8時間 V,NITR-547 NITRO CORE BEST 8時間 V,NITR-547,,2024-05-25,488分鐘,,クリスタル映像,NITRO,NITRO CORE BEST,角色扮演、OL、第一人稱攝影、濫交、紧缚、女大學生、潮吹、合集、亂倫、無毛、淫語、已婚婦女、多P、拘束、中出、4小時以上作品、高畫質、出軌、顏面騎乘、ビッチ、覆面・マスク、巨乳、DMM獨家、吞精,多人,https://www.javbus.com/NITR-547,
AGEFUKU-003 晩春大フェチ祭！走り梅雨を吹き飛ばすほどの快晴射精スペシャル！！オールHDノーカット合計20作品2548分 選りすぐりフェチ作品集,AGEFUKU-003 晩春大フェチ祭！走り梅雨を吹き飛ばすほどの快晴射精スペシャル！！オールHDノーカット合計20作品2548分 選りすぐりフェチ作品集,AGEFUKU-003,,2024-05-25,2548分鐘,,SEX Agent/妄想族,SEX Agent,SEXAgent福袋,蕩婦、口交、美少女、高畫質、16時間以上作品、設置項目、妄想族、DMM獨家、自慰、打手槍,多人,https://www.javbus.com/AGEFUKU-003,
CJOB-154 ド痴女に挟まれ身動きできずチ○ポと性感帯同時こねくり逆3PハーレムBEST,CJOB-154 ド痴女に挟まれ身動きできずチ○ポと性感帯同時こねくり逆3PハーレムBEST,CJOB-154,,2024-05-24,240分鐘,,痴女ヘブン,痴女ヘブンBEST,,蕩婦、合集、多P、中出、高畫質、ハーレム、DMM獨家,多人,https://www.javbus.com/CJOB-154,
PPBX-100 発情母4枚組スペシャルBOX 3,PPBX-100 発情母4枚組スペシャルBOX 3,PPBX-100,,2024-05-24,505分鐘,,プラネットプラス,プラネットBOX,発情母,蕩婦、成熟的女人、已婚婦女、中出、4小時以上作品、高畫質,多人,https://www.javbus.com/PPBX-100,
IKUBB-002 IKUNAシーズン2スーパーベスト！完全保存版いつもイキ潮まくるAVスター競演＜イキガマン狂い＞絶頂決戦！最高の絶頂女王は誰だ！全セクシー界GAMANKO最強対決！ 乙アリスvs浜崎真緒/吉根ゆりあvs優月まりな/望月あやか/vs新村あかり/ 波多野結衣vs大槻ひびき,IKUBB-002 IKUNAシーズン2スーパーベスト！完全保存版いつもイキ潮まくるAVスター競演＜イキガマン狂い＞絶頂決戦！最高の絶頂女王は誰だ！全セクシー界GAMANKO最強対決！ 乙アリスvs浜崎真緒/吉根ゆりあvs優月まりな/望月あやか/vs新村あかり/ 波多野結衣vs大槻ひびき,IKUBB-002,,2024-05-17,469分鐘,AV監督トッキー,BOTAN,【福袋】BOTANコンプリートベストっ！,【福袋】BOTANコンプリートベストっ！,潮吹、纪录片、多P、4小時以上作品、手指插入、高畫質、アクメ・オーガズム,多人,https://www.javbus.com/IKUBB-002,
CEMD-527 いやらしいオナニーたっぷり見せます21時間29分！8枚組BOX,CEMD-527 いやらしいオナニーたっぷり見せます21時間29分！8枚組BOX,CEMD-527,,2024-05-11,1289分鐘,,セレブの友,セレブの友,,成熟的女人、合集、淫語、花癡、DMM獨家、自慰,多人,https://www.javbus.com/CEMD-527,
CEAD-591 推川ゆうり The Ultimate Best 8時間,CEAD-591 推川ゆうり The Ultimate Best 8時間,CEAD-591,,2024-05-11,480分鐘,,セレブの友,セレブの友,The Ultimate Best,女同性戀、花癡、中出、女優ベスト・総集編、肛内中出、DMM獨家,多人,https://www.javbus.com/CEAD-591,
BBSS-084 女性だけで完結する美しい世界がここにはある。 ビビアン10周年 ANNIVERSARY BEST 100タイトル8時間,BBSS-084 女性だけで完結する美しい世界がここにはある。 ビビアン10周年 ANNIVERSARY BEST 100タイトル8時間,BBSS-084,,2024-05-10,480分鐘,,ビビアン,ビビアン,,女同性戀、合集、美少女、女同接吻、高畫質、巨乳、DMM獨家,多人,https://www.javbus.com/BBSS-084,
BMW-307 顔射直後のぶっかけ顔で一滴残らずザーメンを舐めじゃくるお掃除フェラチオBEST,BMW-307 顔射直後のぶっかけ顔で一滴残らずザーメンを舐めじゃくるお掃除フェラチオBEST,BMW-307,,2024-05-03,240分鐘,,ワンズファクトリー,WANZ,,蕩婦、口交、合集、高畫質、顏射、DMM獨家、打手槍,多人,https://www.javbus.com/BMW-307,
VRKM-1329 【VR】振り向き美人にザーメン絞り取られろ！圧倒的5時間！美尻美アナル50連発BEST！,VRKM-1329 【VR】振り向き美人にザーメン絞り取られろ！圧倒的5時間！美尻美アナル50連発BEST！,VRKM-1329,,2024-05-03,300分鐘,K太郎,ケイ・エム・プロデュース,KMPVR,VR BEST,合集、屁股、中出、女上位、4小時以上作品、VR専用、ハイクオリティVR、DMM獨家、肛交,多人,https://www.javbus.com/VRKM-1329,
DOKS-603 口の中の感触をじっくりと味わう、優しいスロ～フェラチオ 3,DOKS-603 口の中の感触をじっくりと味わう、優しいスロ～フェラチオ 3,DOKS-603,,2024-05-01,149分鐘,松本サナギ,OFFICE K’S,OFFICE K’S,口の中の感触をじっくりと味わう、優しいスロ～フェラチオ,蕩婦、口交、其他戀物癖、淫語、高畫質、4K、內衣,多人,https://www.javbus.com/DOKS-603,
VHDX-004 【HD版・初配信】 VENUS15周年記念 解禁！初HD化作品 まるごと収録BOX 4 30作品 44時間0分,VHDX-004 【HD版・初配信】 VENUS15周年記念 解禁！初HD化作品 まるごと収録BOX 4 30作品 44時間0分,VHDX-004,,2024-04-23,2722分鐘,,VENUS,HDコンプリート,初HD化作品まるごと収録BOX,成熟的女人、合集、已婚婦女、中出、高畫質、DMM專屬、16時間以上作品、設置項目、巨乳、DMM獨家,多人,https://www.javbus.com/VHDX-004,
VRKM-1316 【VR】KMPが誇るVR作品の金字塔 顔面特化アングルVR 1000分OVERノーカットBEST,VRKM-1316 【VR】KMPが誇るVR作品の金字塔 顔面特化アングルVR 1000分OVERノーカットBEST,VRKM-1316,,2024-04-23,1057分鐘,K太郎,ケイ・エム・プロデュース,KMPVR,VR BEST,合集、美少女、中出、女上位、16時間以上作品、VR専用、ハイクオリティVR、DMM獨家,多人,https://www.javbus.com/VRKM-1316,
SAL-256 ニューハーフが発射する射精シーンがあるセックス・8時間いいとこ取りSPECIAL！3,SAL-256 ニューハーフが発射する射精シーンがあるセックス・8時間いいとこ取りSPECIAL！3,SAL-256,,2024-04-20,480分鐘,,SHEMALE a la carte,SHEMALE a la carte,ニューハーフが発射する射精シーンがあるセックス,變性者、中出、女裝人妖、肛内中出、DMM獨家、顏射,多人,https://www.javbus.com/SAL-256,
OVG-210 【射精誘導】「乳首イジっただけでチ○ポ汁ダラダラ垂らして気持ち良さそうだね。でもまだシゴいちゃダメ。」焦らし淫語と脳イキで絶対快感を味わう【オナニーサポート】,OVG-210 【射精誘導】「乳首イジっただけでチ○ポ汁ダラダラ垂らして気持ち良さそうだね。でもまだシゴいちゃダメ。」焦らし淫語と脳イキで絶対快感を味わう【オナニーサポート】,OVG-210,,2024-04-20,160分鐘,夢野あいだ,グローリークエスト,GLORY QUEST,,蕩婦、其他戀物癖、淫語、高畫質、ディルド、DMM獨家、自慰,多人,https://www.javbus.com/OVG-210,
MKMP-553 男の身体を貪り尽くす性欲モンスター！！セックスが生きがいの超ド級痴女48人BEST,MKMP-553 男の身体を貪り尽くす性欲モンスター！！セックスが生きがいの超ド級痴女48人BEST,MKMP-553,,2024-04-20,241分鐘,K太郎,ケイ・エム・プロデュース,million（ミリオン）,,蕩婦、合集、乳房、中出、4小時以上作品、高畫質、DMM獨家,多人,https://www.javbus.com/MKMP-553,
MDBK-330 ツルツルおま●こから溢れ出るド大量精子白濁パイパン中出し54連発,MDBK-330 ツルツルおま●こから溢れ出るド大量精子白濁パイパン中出し54連発,MDBK-330,,2024-04-20,241分鐘,K太郎,BAZOOKA,BAZOOKA（バズーカ）,,合集、無毛、美少女、中出、4小時以上作品、高畫質、DMM獨家,多人,https://www.javbus.com/MDBK-330,
CJOB-152 「マ○コより気持ちよくしてアゲル」痴女手コキ100発オーバーBEST4,CJOB-152 「マ○コより気持ちよくしてアゲル」痴女手コキ100発オーバーBEST4,CJOB-152,,2024-04-19,480分鐘,,痴女ヘブン,痴女ヘブンBEST,痴女手コキBEST,蕩婦、合集、高畫質、ハーレム、キス・接吻、DMM獨家、打手槍,多人,https://www.javbus.com/CJOB-152,
MXDLP-241 発情巨乳SP Vol.2,MXDLP-241 発情巨乳SP Vol.2,MXDLP-241,,2024-04-16,271分鐘,,マキシング,MAXING,発情巨乳,其他戀物癖、合集、4小時以上作品、高畫質、女優ベスト・総集編、巨乳,多人,https://www.javbus.com/MXDLP-241,
MXDLP-242 エロテク超絶フェラチオSP Vol.2,MXDLP-242 エロテク超絶フェラチオSP Vol.2,MXDLP-242,,2024-04-16,250分鐘,,マキシング,MAXING,エロテク超絶フェラチオ,口交、其他戀物癖、合集、4小時以上作品、高畫質、女優ベスト・総集編,多人,https://www.javbus.com/MXDLP-242,
MXDLP-0241 発情巨乳SP Vol.2 姫咲はな 小梅えな 藤森里穂 佐知子 凛音とうか,MXDLP-0241 発情巨乳SP Vol.2 姫咲はな 小梅えな 藤森里穂 佐知子 凛音とうか,MXDLP-0241,,2024-04-14,270分鐘,,MAXING,MAXING,,其他戀物癖、合集、4小時以上作品、巨乳、配信専用,多人,https://www.javbus.com/MXDLP-0241,
PBD-465 いつもは皆が働く会社で…エロすぎる女上司、同僚、先輩、後輩OLとこっそりハメまくる8時間BEST,PBD-465 いつもは皆が働く会社で…エロすぎる女上司、同僚、先輩、後輩OLとこっそりハメまくる8時間BEST,PBD-465,,2024-04-12,480分鐘,,プレミアム,PREMIUM BEST,,合集、姐姐、中出、高畫質、部下・同僚、ビジネススーツ、DMM獨家,多人,https://www.javbus.com/PBD-465,
MIZD-377 MOODYZ病棟 美少女ナース課に痴女られ続ける入院生活8時間BEST,MIZD-377 MOODYZ病棟 美少女ナース課に痴女られ続ける入院生活8時間BEST,MIZD-377,,2024-04-12,480分鐘,,ムーディーズ,MOODYZ Best,BEST（作品集）,蕩婦、护士、口交、合集、女上位、高畫質、キス・接吻、DMM獨家,多人,https://www.javbus.com/MIZD-377,
UMD-909 マッチングアプリで出会ったのはM性感で働く女王様だった！『まずは身体の相性を確かめなくちゃ♪』なんて言われるがままに怒涛のド痴女責めでM男調教されカップル成立！？,UMD-909 マッチングアプリで出会ったのはM性感で働く女王様だった！『まずは身体の相性を確かめなくちゃ♪』なんて言われるがままに怒涛のド痴女責めでM男調教されカップル成立！？,UMD-909,,2024-04-11,122分鐘,ドラゴン西川,LEO,LEO,,放尿、足交、高畫質、顏面騎乘、M男、男の潮吹き,多人,https://www.javbus.com/UMD-909,
DGCEMD-508 ★配信限定！特典映像付★アナルで発情！～本能で感じる！美女があえぎ狂う快感レズビアン～ 2 波多野結衣 望月あやか,DGCEMD-508 ★配信限定！特典映像付★アナルで発情！～本能で感じる！美女があえぎ狂う快感レズビアン～ 2 波多野結衣 望月あやか,DGCEMD-508,,2024-04-06,181分鐘,,セレブの友,セレブの友,アナルで発情！～本能で感じる！美女があえぎ狂う快感レズビアン～,成熟的女人、女同性戀、女同接吻、高畫質、アクメ・オーガズム、4K、DMM獨家、肛交,多人,https://www.javbus.com/DGCEMD-508,
CEAD-584 ヤリマン剛毛ベスト女優総集編 8時間！,CEAD-584 ヤリマン剛毛ベスト女優総集編 8時間！,CEAD-584,,2024-04-06,480分鐘,,セレブの友,セレブの友,,放尿、女同性戀、其他戀物癖、合集、中出、DMM獨家,多人,https://www.javbus.com/CEAD-584,
CEMD-508 アナルで発情！～本能で感じる！美女があえぎ狂う快感レズビアン～ 2 波多野結衣 望月あやか,CEMD-508 アナルで発情！～本能で感じる！美女があえぎ狂う快感レズビアン～ 2 波多野結衣 望月あやか,CEMD-508,,2024-04-06,132分鐘,,セレブの友,セレブの友,アナルで発情！～本能で感じる！美女があえぎ狂う快感レズビアン～,成熟的女人、女同性戀、女同接吻、アクメ・オーガズム、DMM獨家、肛交,多人,https://www.javbus.com/CEMD-508,
GQHB-009 【ゴールデン福袋】【福袋】巨乳・美乳にコリ勃つノーブラ乳首で中出しSEXを誘う痴女 2423分20作品フル収録,GQHB-009 【ゴールデン福袋】【福袋】巨乳・美乳にコリ勃つノーブラ乳首で中出しSEXを誘う痴女 2423分20作品フル収録,GQHB-009,,2024-04-05,2423分鐘,,グローリークエスト,GLORY QUEST,,蕩婦、成熟的女人、已婚婦女、高畫質、出軌、16時間以上作品、設置項目、巨乳、福袋、DMM獨家,多人,https://www.javbus.com/GQHB-009,
BBSS-083 卑猥なスケベ舌で敏感オマ●コ舐めイカせ！ 女性に責められる羞恥と快感に悶絶するレズビアンクンニ50連発8時間,BBSS-083 卑猥なスケベ舌で敏感オマ●コ舐めイカせ！ 女性に責められる羞恥と快感に悶絶するレズビアンクンニ50連発8時間,BBSS-083,,2024-04-05,480分鐘,,ビビアン,ビビアン,,女同性戀、合集、美少女、舔陰、女同接吻、高畫質、アクメ・オーガズム、DMM獨家,多人,https://www.javbus.com/BBSS-083,
FTKR-006 【ゴールデン福袋】【過激エロすぎ！！！厳選美熟女20作品完全ノーカット収録！特濃2476分！】,FTKR-006 【ゴールデン福袋】【過激エロすぎ！！！厳選美熟女20作品完全ノーカット収録！特濃2476分！】,FTKR-006,,2024-04-05,2476分鐘,,タカラ映像,,,已婚婦女、花癡、中出、高畫質、出軌、16時間以上作品、設置項目、巨乳、福袋、DMM獨家,多人,https://www.javbus.com/FTKR-006,
DSCESD-007 【ゴールデン福袋】セレブの友ファン感謝福袋 絶対にヌケる！ノーカット丸ごと厳選20作品セットの第7弾！！！,DSCESD-007 【ゴールデン福袋】セレブの友ファン感謝福袋 絶対にヌケる！ノーカット丸ごと厳選20作品セットの第7弾！！！,DSCESD-007,,2024-04-05,2938分鐘,,セレブの友,セレブの友,セレブの友ファン感謝福袋,高畫質、16時間以上作品、福袋、DMM獨家,多人,https://www.javbus.com/DSCESD-007,
KMTV-013 【VRゴールデン福袋】最高画質で送る全作品ノーカットの十五セックス 山盛り春のパコまつり！！美の騎乗位 21時間OVER,KMTV-013 【VRゴールデン福袋】最高画質で送る全作品ノーカットの十五セックス 山盛り春のパコまつり！！美の騎乗位 21時間OVER,KMTV-013,,2024-04-05,1281分鐘,K太郎,ケイ・エム・プロデュース,,全作品ノーカットの十五セックス,美少女、中出、主觀視角、16時間以上作品、VR専用、巨乳、ハイクオリティVR、福袋、DMM獨家,多人,https://www.javbus.com/KMTV-013,
BQNC-004 新春告げる！見逃し厳禁！大放出祭り！完全ノーカット2117分 BAZOOKA至極の夢シチュハーレムBEST！厳選超人気14タイトル総勢49名！,BQNC-004 新春告げる！見逃し厳禁！大放出祭り！完全ノーカット2117分 BAZOOKA至極の夢シチュハーレムBEST！厳選超人気14タイトル総勢49名！,BQNC-004,,2024-03-25,2118分鐘,K太郎,BAZOOKA,BAZOOKA（バズーカ）,BAZOOKA ノーカットBEST,蕩婦、合集、高畫質、16時間以上作品、ハーレム、巨乳、DMM獨家,多人,https://www.javbus.com/BQNC-004,
CEAD-579 美魔女のザーメン狩りエロ行為をタップリ見せマス8時間！淫乱痴女SEX＆淫語オナニー！,CEAD-579 美魔女のザーメン狩りエロ行為をタップリ見せマス8時間！淫乱痴女SEX＆淫語オナニー！,CEAD-579,,2024-03-23,480分鐘,,セレブの友,セレブの友,,蕩婦、成熟的女人、合集、花癡、中出、DMM獨家,多人,https://www.javbus.com/CEAD-579,
CEAD-575 ド淫乱で男たちを歓喜させる生挿入3SEX 波多野結衣,CEAD-575 ド淫乱で男たちを歓喜させる生挿入3SEX 波多野結衣,CEAD-575,,2024-03-23,173分鐘,,セレブの友,セレブの友,,成熟的女人、花癡、中出、アクメ・オーガズム、白目・失神、DMM獨家,多人,https://www.javbus.com/CEAD-575,
SVS-081 激ヤバ高速ドリル強●拘束女イクイク絶頂図鑑,SVS-081 激ヤバ高速ドリル強●拘束女イクイク絶頂図鑑,SVS-081,,2024-03-23,241分鐘,,AVS collector’s,AVS,,拘束、粗暴、4小時以上作品、高畫質、折磨、DMM獨家,多人,https://www.javbus.com/SVS-081,
LZBS-104 乳首こねくり舐め回してチューチューとマ●コに吸いつき昇天させる超絶舐めレズビアン10時間SP,LZBS-104 乳首こねくり舐め回してチューチューとマ●コに吸いつき昇天させる超絶舐めレズビアン10時間SP,LZBS-104,,2024-03-23,601分鐘,,レズれ！,レズれ！ ベスト,,女同性戀、舔陰、4小時以上作品、女同接吻、高畫質、巨乳、アクメ・オーガズム、DMM獨家,多人,https://www.javbus.com/LZBS-104,
MXDLP-232 エロテク超絶フェラチオ 5時間SP,MXDLP-232 エロテク超絶フェラチオ 5時間SP,MXDLP-232,,2024-03-16,318分鐘,,マキシング,MAXING,,口交、其他戀物癖、合集、4小時以上作品、高畫質、女優ベスト・総集編,多人,https://www.javbus.com/MXDLP-232,
KSBJ-296 やっぱり熟女が一番エロい！！22人VOL.06,KSBJ-296 やっぱり熟女が一番エロい！！22人VOL.06,KSBJ-296,,2024-03-16,241分鐘,,KSB企画/エマニエル,KSB企画/エマニエル,やっぱり熟女が一番エロい！！,成熟的女人、合集、4小時以上作品、高畫質、巨尻、巨乳、エマニエル、DMM獨家,多人,https://www.javbus.com/KSBJ-296,
KYMI-038 ヨガウエアW痴女,KYMI-038 ヨガウエアW痴女,KYMI-038,,2024-03-16,146分鐘,夢野あいだ,ミル,ミル,,角色扮演、蕩婦、猥褻穿著、DMM獨家,多人,https://www.javbus.com/KYMI-038,
MIRD-237 MOODYZファン感謝祭 バコバコバスツアー2024 AV男優発掘＆育成スペシャル！！ AV男優を目指す素人16名とAV女優16名の1泊2日大乱交ツアー！,MIRD-237 MOODYZファン感謝祭 バコバコバスツアー2024 AV男優発掘＆育成スペシャル！！ AV男優を目指す素人16名とAV女優16名の1泊2日大乱交ツアー！,MIRD-237,,2024-03-15,470分鐘,タイガー小堺,ムーディーズ,MOODYZ REAL,バコバコバスツアー,角色扮演、苗條、濫交、高畫質、ファン感謝・訪問、巨乳、DMM獨家,多人,https://www.javbus.com/MIRD-237,
PTS-516 東京カウントダウン VOL.02,PTS-516 東京カウントダウン VOL.02,PTS-516,,2024-03-15,151分鐘,川中嶋進,ピーターズ,ピーターズ,東京カウントダウン,潮吹、纪录片、多P、高畫質、巨乳,多人,https://www.javbus.com/PTS-516,
CEAD-571 ヤバイほど極限まで乱れ狂った「アヘ顔絶頂」オナニー,CEAD-571 ヤバイほど極限まで乱れ狂った「アヘ顔絶頂」オナニー,CEAD-571,,2024-03-09,139分鐘,,セレブの友,セレブの友,,潮吹、淫語、アクメ・オーガズム、白目・失神、DMM獨家、自慰,多人,https://www.javbus.com/CEAD-571,
CEAD-572 加藤あやの2枚組ハイパーベスト9時間21分,CEAD-572 加藤あやの2枚組ハイパーベスト9時間21分,CEAD-572,,2024-03-09,561分鐘,,セレブの友,セレブの友,ハイパーベスト,成熟的女人、SM、女同性戀、中出、女優ベスト・総集編、DMM獨家,多人,https://www.javbus.com/CEAD-572,
NBES-086 JET映像8周年記念！2023年度総集編！超厳選バチクソエロい妖艶S級女優40作品BEST！驚異の1440分！24時間6枚組特大収録！,NBES-086 JET映像8周年記念！2023年度総集編！超厳選バチクソエロい妖艶S級女優40作品BEST！驚異の1440分！24時間6枚組特大収録！,NBES-086,,2024-03-08,1440分鐘,,JET映像,卍GROUP,,合集、已婚婦女、高畫質、出軌、DMM獨家,多人,https://www.javbus.com/NBES-086,
BBSS-082 「もうイッてるってばぁ！！」 イッタ後も終わらない追撃レズイカセで何度も絶頂しまくるレズビアンアクメ地獄4時間,BBSS-082 「もうイッてるってばぁ！！」 イッタ後も終わらない追撃レズイカセで何度も絶頂しまくるレズビアンアクメ地獄4時間,BBSS-082,,2024-03-08,240分鐘,,ビビアン,ビビアン,,蕩婦、女同性戀、花癡、女同接吻、高畫質、アクメ・オーガズム、DMM獨家,多人,https://www.javbus.com/BBSS-082,
XVSR-749 超厳選！脳で感じる囁き淫語バイノーラルDX,XVSR-749 超厳選！脳で感じる囁き淫語バイノーラルDX,XVSR-749,,2024-03-02,240分鐘,マックス藤井,マックスエー,Calen,,角色扮演、第一人稱攝影、美少女、制服、4小時以上作品、高畫質、巨乳、DMM獨家,多人,https://www.javbus.com/XVSR-749,
JFB-333 巨乳を揺らして美女が一心不乱にお口とマ〇コで肉棒を下品にシャブる究極の性行為PtoM4時間BEST,JFB-333 巨乳を揺らして美女が一心不乱にお口とマ〇コで肉棒を下品にシャブる究極の性行為PtoM4時間BEST,JFB-333,,2024-03-01,240分鐘,,Fitch,Fitch,,口交、合集、中出、高畫質、汗だく、巨乳、DMM獨家,多人,https://www.javbus.com/JFB-333,
BMW-302 チ〇ポを疼かせる最強神器！ 蒸れ蒸れ黒ストッキングお姉さんの艶脚杭打ちプレスBEST,BMW-302 チ〇ポを疼かせる最強神器！ 蒸れ蒸れ黒ストッキングお姉さんの艶脚杭打ちプレスBEST,BMW-302,,2024-03-01,240分鐘,,ワンズファクトリー,WANZ,,蕩婦、合集、連褲襪、花癡、女上位、高畫質、DMM獨家,多人,https://www.javbus.com/BMW-302,
SETH-008 【VR】媚薬・キメセク・鬼イカセ 理性崩壊絶頂SEX ノーカット1602分,SETH-008 【VR】媚薬・キメセク・鬼イカセ 理性崩壊絶頂SEX ノーカット1602分,SETH-008,,2024-02-29,1595分鐘,,SODクリエイト,SODVR,,藥物、花癡、女上位、16時間以上作品、キス・接吻、VR専用、ハイクオリティVR,多人,https://www.javbus.com/SETH-008,
KYMI-037 W光沢ハイレグ痴女,KYMI-037 W光沢ハイレグ痴女,KYMI-037,,2024-02-24,130分鐘,夢野あいだ,ミル,ミル,,蕩婦、屁股、戀腿癖、緊身衣、猥褻穿著、DMM獨家,多人,https://www.javbus.com/KYMI-037,
CEAD-570 枢木あおい2枚組ハイパーベスト8時間05分,CEAD-570 枢木あおい2枚組ハイパーベスト8時間05分,CEAD-570,,2024-02-24,485分鐘,,セレブの友,セレブの友,ハイパーベスト,女同性戀、花癡、中出、女優ベスト・総集編、DMM獨家、自慰,多人,https://www.javbus.com/CEAD-570,
CJOB-149 手よりも、口よりも、マ○コよりも気持ちイイ 痴女足コキで射精されちゃった僕。,CJOB-149 手よりも、口よりも、マ○コよりも気持ちイイ 痴女足コキで射精されちゃった僕。,CJOB-149,,2024-02-23,240分鐘,,痴女ヘブン,痴女ヘブンBEST,,蕩婦、SM、合集、足交、高畫質、ハーレム、DMM獨家,多人,https://www.javbus.com/CJOB-149,
CJOB-148 美女のおしっこビチャビチャで痴女られたい…。聖水ハーレムBEST,CJOB-148 美女のおしっこビチャビチャで痴女られたい…。聖水ハーレムBEST,CJOB-148,,2024-02-23,240分鐘,,痴女ヘブン,痴女ヘブンBEST,,蕩婦、放尿、合集、花癡、高畫質、ハーレム、DMM獨家,多人,https://www.javbus.com/CJOB-148,
CEAD-565 君島みお The Ultimate Best 8時間 2,CEAD-565 君島みお The Ultimate Best 8時間 2,CEAD-565,,2024-02-10,480分鐘,,セレブの友,セレブの友,The Ultimate Best,成熟的女人、女同性戀、花癡、中出、女優ベスト・総集編、DMM獨家,多人,https://www.javbus.com/CEAD-565,
CEMD-480 全身オイルで快楽絶頂するメス堕ち淫乱美女！1162分8枚組BOX,CEMD-480 全身オイルで快楽絶頂するメス堕ち淫乱美女！1162分8枚組BOX,CEMD-480,,2024-02-10,1162分鐘,,セレブの友,セレブの友,,合集、花癡、乳液、中出、DMM獨家、自慰,多人,https://www.javbus.com/CEMD-480,
RBB-276 「ナカにいっぱいだして！」 精子を欲しがる美女に思いっきり注ぎ込む最高に気持ちいい中出し！イチャラブセックス8時間,RBB-276 「ナカにいっぱいだして！」 精子を欲しがる美女に思いっきり注ぎ込む最高に気持ちいい中出し！イチャラブセックス8時間,RBB-276,,2024-02-09,480分鐘,,ROOKIE,ROOKIE,,合集、美少女、中出、女上位、高畫質、キス・接吻、DMM獨家,多人,https://www.javbus.com/RBB-276,
UMD-904 裏オプの女王！！ 2男を確実にイカせる妙技と未体験オプションの数々！！これがリフレ嬢の匠の技だっ！！,UMD-904 裏オプの女王！！ 2男を確実にイカせる妙技と未体験オプションの数々！！これがリフレ嬢の匠の技だっ！！,UMD-904,,2024-02-08,193分鐘,タブー大崎,LEO,LEO,裏オプの女王！！ 男を確実にイカせる妙技と未体験オプションの数々！！これがリフレ嬢の匠の技だっ！！,妓女、屁股、高畫質、顏面騎乘、巨乳、打手槍,多人,https://www.javbus.com/UMD-904,
OKC-007 神着衣ぶっかけ 8人8発射 240分 パンスト編,OKC-007 神着衣ぶっかけ 8人8発射 240分 パンスト編,OKC-007,,2024-02-08,240分鐘,,親父の個撮,神コレクション,神ぶっかけ,合集、美少女、4小時以上作品、高畫質、顏射、局部特寫、體育服,多人,https://www.javbus.com/OKC-007,
BF-709 中出し性交限定98発8時間BEST,BF-709 中出し性交限定98発8時間BEST,BF-709,,2024-02-02,480分鐘,,BeFree,BeFree,,合集、中出、高畫質、巨乳、DMM獨家,多人,https://www.javbus.com/BF-709,
SAN-216 波多野結衣＆川上ゆうスペシャル310分 6セックス,SAN-216 波多野結衣＆川上ゆうスペシャル310分 6セックス,SAN-216,,2024-01-30,308分鐘,,マザー,マザー（マザー）,,合集、已婚婦女、通姦、4小時以上作品、高畫質、出軌、戲劇,多人,https://www.javbus.com/SAN-216,
BMW-298 舐めしゃぶり淫乱痴女がほかほか精子を全部バキューム！フェラチオ口内射精BEST！,BMW-298 舐めしゃぶり淫乱痴女がほかほか精子を全部バキューム！フェラチオ口内射精BEST！,BMW-298,,2024-01-26,240分鐘,,ワンズファクトリー,WANZ,,蕩婦、口交、合集、深喉、高畫質、巨乳、DMM獨家、打手槍,多人,https://www.javbus.com/BMW-298,
CAFUKU-010 【VR】CASANOVAセレクション 射精コントロール！オナ指示痴女福袋,CAFUKU-010 【VR】CASANOVAセレクション 射精コントロール！オナ指示痴女福袋,CAFUKU-010,,2024-01-26,469分鐘,,CASANOVA,CASANOVA,BEST福袋（CASANOVA）,蕩婦、淫語、美少女、4小時以上作品、VR専用、オナサポ、巨乳、ハイクオリティVR、DMM獨家,多人,https://www.javbus.com/CAFUKU-010,
CJOB-147 身動き出来ずに痴女られる逆3P挟み撃ち痴女ハーレムBEST52本番,CJOB-147 身動き出来ずに痴女られる逆3P挟み撃ち痴女ハーレムBEST52本番,CJOB-147,,2024-01-26,480分鐘,,痴女ヘブン,痴女ヘブンBEST,,蕩婦、合集、花癡、中出、女上位、高畫質、巨乳、DMM獨家,多人,https://www.javbus.com/CJOB-147,
IESP-736 ローレン花恋 レズ解禁 ～エステ店は百合の花園～,IESP-736 ローレン花恋 レズ解禁 ～エステ店は百合の花園～,IESP-736,,2024-01-25,142分鐘,菊淋,アイエナジー,IESP,レズ解禁(ソフトオンデマンド),女同性戀、苗條、美容院、高畫質、戲劇、4K,多人,https://www.javbus.com/IESP-736,
CEMD-472 濃蜜レズはお好きですか？～波多野結衣レズビアン集～1160分8枚組BOX,CEMD-472 濃蜜レズはお好きですか？～波多野結衣レズビアン集～1160分8枚組BOX,CEMD-472,,2024-01-20,1160分鐘,,セレブの友,セレブの友,,成熟的女人、女同性戀、花癡、女同接吻、女優ベスト・総集編、DMM獨家,多人,https://www.javbus.com/CEMD-472,
VRKM-1244 【VR】ぎゅぎゅっとイチャ×2エンドレスSEX 密着対面座位BEST,VRKM-1244 【VR】ぎゅぎゅっとイチャ×2エンドレスSEX 密着対面座位BEST,VRKM-1244,,2024-01-20,501分鐘,K太郎,ケイ・エム・プロデュース,KMPVR,VR BEST,合集、美少女、乳房、中出、4小時以上作品、VR専用、巨乳、ハイクオリティVR、DMM獨家,多人,https://www.javbus.com/VRKM-1244,
IKUNA-004 『IKUNA＃8.0』波多野結衣vs大槻ひびき 全セクシー界GAMANKO最艶対決 レジェンド級最艶頂上決戦！ いつもイキ潮まくるAVスター競演＜イキガマン狂い＞絶頂決戦『IKUNA』シーズン2！イキガマンの果てに手にする絶頂は恍惚か！失神か！失禁か！最高の絶頂女王は誰だ！「AV…,IKUNA-004 『IKUNA＃8.0』波多野結衣vs大槻ひびき 全セクシー界GAMANKO最艶対決 レジェンド級最艶頂上決戦！ いつもイキ潮まくるAVスター競演＜イキガマン狂い＞絶頂決戦『IKUNA』シーズン2！イキガマンの果てに手にする絶頂は恍惚か！失神か！失禁か！最高の絶頂女王は誰だ！「AV…,IKUNA-004,,2024-01-19,120分鐘,ネギトロ,BOTAN,IKUNA,IKUNA,潮吹、多P、中出、格鬥家、高畫質、アクメ・オーガズム,多人,https://www.javbus.com/IKUNA-004,
MXDLP-0211 欲しがるおクチ濃厚フェラチオVol.2！4時間SP 水沢のの 由愛可奈 葉山瞳 吉沢明歩 AIKA,MXDLP-0211 欲しがるおクチ濃厚フェラチオVol.2！4時間SP 水沢のの 由愛可奈 葉山瞳 吉沢明歩 AIKA,MXDLP-0211,,2024-01-16,305分鐘,,MAXING,MAXING,,其他戀物癖、合集、4小時以上作品、配信専用,多人,https://www.javbus.com/MXDLP-0211,
MXDLP-211 欲しがるおクチ濃厚フェラチオVol.2！4時間SP,MXDLP-211 欲しがるおクチ濃厚フェラチオVol.2！4時間SP,MXDLP-211,,2024-01-16,259分鐘,,マキシング,MAXING,欲しがるおクチ濃厚フェラチオ,口交、其他戀物癖、合集、4小時以上作品、高畫質、女優ベスト・総集編,多人,https://www.javbus.com/MXDLP-211,
MIZD-363 No.1ヌキやすい体位！女の絶頂と同時イキする正常位中出しSEXベスト,MIZD-363 No.1ヌキやすい体位！女の絶頂と同時イキする正常位中出しSEXベスト,MIZD-363,,2024-01-12,240分鐘,,ムーディーズ,MOODYZ Best,,合集、多P、制服、中出、高畫質、巨乳、DMM獨家,多人,https://www.javbus.com/MIZD-363,
PBD-458 綺麗なお姉さんがアナタの乳首をチロチロペロペロ舐め●す乳首舐め手コキBEST,PBD-458 綺麗なお姉さんがアナタの乳首をチロチロペロペロ舐め●す乳首舐め手コキBEST,PBD-458,,2024-01-12,240分鐘,,プレミアム,PREMIUM BEST,,蕩婦、合集、姐姐、高畫質、M男、DMM獨家、打手槍,多人,https://www.javbus.com/PBD-458,
CEMD-464 大自然とキャンピングカーとデカチ●ポ！淫乱スイッチが入ってしまう野外セックス旅行！～キャンピングカーでエッチしようよ！1106分8枚組ベストBOX,CEMD-464 大自然とキャンピングカーとデカチ●ポ！淫乱スイッチが入ってしまう野外セックス旅行！～キャンピングカーでエッチしようよ！1106分8枚組ベストBOX,CEMD-464,,2024-01-06,1106分鐘,,セレブの友,セレブの友,,汽車性愛、野外・露出、合集、花癡、肛内中出、DMM獨家,多人,https://www.javbus.com/CEMD-464,
DDTJ-009 【福袋】絶頂後、即追撃！！アクメ地獄に堕とされ続けた美女達。15作品1828分。新春ドグマ福袋セット,DDTJ-009 【福袋】絶頂後、即追撃！！アクメ地獄に堕とされ続けた美女達。15作品1828分。新春ドグマ福袋セット,DDTJ-009,,2024-01-05,1828分鐘,鵺神蓮,ドグマ,,,成熟的女人、SM、已婚婦女、深喉、拘束、高畫質、16時間以上作品、設置項目、福袋、DMM獨家,多人,https://www.javbus.com/DDTJ-009,
FKNBES-002 【福袋】JET映像超絶大ヒット！超人気女優タイトル20作品完全ノーカット収録！2510分41時間50分特大収録！ねとられ人妻たちの止められない性欲大爆発BEST！！,FKNBES-002 【福袋】JET映像超絶大ヒット！超人気女優タイトル20作品完全ノーカット収録！2510分41時間50分特大収録！ねとられ人妻たちの止められない性欲大爆発BEST！！,FKNBES-002,,2024-01-05,2510分鐘,,JET映像,,JET映像,成熟的女人、已婚婦女、高畫質、出軌、超乳、16時間以上作品、巨尻、福袋、DMM獨家,多人,https://www.javbus.com/FKNBES-002,
DSCESD-006 【福袋】セレブの友ファン感謝福袋絶対にヌケる！ノーカット丸ごと厳選セットの第6弾！！！,DSCESD-006 【福袋】セレブの友ファン感謝福袋絶対にヌケる！ノーカット丸ごと厳選セットの第6弾！！！,DSCESD-006,,2024-01-05,2751分鐘,,セレブの友,,セレブの友ファン感謝福袋,高畫質、16時間以上作品、設置項目、福袋、DMM獨家,多人,https://www.javbus.com/DSCESD-006,
KMTV-011 【VR福袋】2024 KMPVR 紅白最強福袋 28時間超ノーカットSPECIAL,KMTV-011 【VR福袋】2024 KMPVR 紅白最強福袋 28時間超ノーカットSPECIAL,KMTV-011,,2024-01-05,1702分鐘,K太郎,ケイ・エム・プロデュース,KMPVR,,蕩婦、美少女、中出、16時間以上作品、VR専用、巨乳、ハイクオリティVR、福袋、DMM獨家,多人,https://www.javbus.com/KMTV-011,
BBSS-080 ビビアン厳選 総勢108名70タイトル 超ボリューム2024新春福袋 激エロレズSEXで性欲ピョンピョン全解放スペシャル！！,BBSS-080 ビビアン厳選 総勢108名70タイトル 超ボリューム2024新春福袋 激エロレズSEXで性欲ピョンピョン全解放スペシャル！！,BBSS-080,,2024-01-05,480分鐘,,ビビアン,ビビアン,,女同性戀、合集、美少女、女同接吻、高畫質、巨乳、DMM獨家,多人,https://www.javbus.com/BBSS-080,
MMPB-021 憧れの女優が夢の共演！ PREMIUMな豪華ダブルキャスト,MMPB-021 憧れの女優が夢の共演！ PREMIUMな豪華ダブルキャスト,MMPB-021,,2023-12-30,240分鐘,石切橋博士,桃太郎映像出版,桃太郎プレミアムベスト,,多P、中出、女上位、巨乳、DMM獨家,多人,https://www.javbus.com/MMPB-021,
MDBK-317 抜き納め・抜き初めはこれ！BEST of BAZOOKA 超絶美女極上SEX2023ハイライトBEST,MDBK-317 抜き納め・抜き初めはこれ！BEST of BAZOOKA 超絶美女極上SEX2023ハイライトBEST,MDBK-317,,2023-12-23,241分鐘,K太郎,BAZOOKA,BAZOOKA（バズーカ）,,蕩婦、合集、中出、4小時以上作品、高畫質、高中女生、巨乳、DMM獨家,多人,https://www.javbus.com/MDBK-317,
DGCEMD-449 ★配信限定！特典映像付★ 初レズ解禁！「波多野結衣」がレズ経験ゼロの「加藤結衣」を骨抜きにした‘W結衣’レズビアンSEX,DGCEMD-449 ★配信限定！特典映像付★ 初レズ解禁！「波多野結衣」がレズ経験ゼロの「加藤結衣」を骨抜きにした‘W結衣’レズビアンSEX,DGCEMD-449,,2023-12-23,192分鐘,,セレブの友,セレブの友,初レズ解禁！,女同性戀、潮吹、花癡、女同接吻、高畫質、アクメ・オーガズム、4K、DMM獨家,多人,https://www.javbus.com/DGCEMD-449,
CEMD-449 初レズ解禁！「波多野結衣」がレズ経験ゼロの「加藤結衣」を骨抜きにした‘W結衣’レズビアンSEX,CEMD-449 初レズ解禁！「波多野結衣」がレズ経験ゼロの「加藤結衣」を骨抜きにした‘W結衣’レズビアンSEX,CEMD-449,,2023-12-23,140分鐘,,セレブの友,セレブの友,初レズ解禁！,女同性戀、潮吹、花癡、女同接吻、アクメ・オーガズム、DMM獨家,多人,https://www.javbus.com/CEMD-449,
CJOB-144 令和No.1！ユーザー人気のドスケベ痴女達を集めた！超超超！ド痴女の天才！BEST全91作品！超お買い得！,CJOB-144 令和No.1！ユーザー人気のドスケベ痴女達を集めた！超超超！ド痴女の天才！BEST全91作品！超お買い得！,CJOB-144,,2023-12-22,480分鐘,,痴女ヘブン,痴女ヘブンBEST,,蕩婦、合集、花癡、中出、女上位、高畫質、巨乳、DMM獨家,多人,https://www.javbus.com/CJOB-144,
MTVR-049 【VR】Mr.michiru厳選VR 18タイトル 966分 ノーカット福袋ベスト 乳首責め風俗多めで人気の子作りソープもあるよSP,MTVR-049 【VR】Mr.michiru厳選VR 18タイトル 966分 ノーカット福袋ベスト 乳首責め風俗多めで人気の子作りソープもあるよSP,MTVR-049,,2023-12-21,966分鐘,サイタ,Mr.michiru,Mr.michiru VR,,中出、女上位、主觀視角、16時間以上作品、VR専用、巨乳、ハイクオリティVR,多人,https://www.javbus.com/MTVR-049,
VRKM-1204 【VR】キス×騎乗位 上から迫りくるぷるぷる唇とハメながら接吻する濃厚300分SUPERBEST,VRKM-1204 【VR】キス×騎乗位 上から迫りくるぷるぷる唇とハメながら接吻する濃厚300分SUPERBEST,VRKM-1204,,2023-12-16,300分鐘,K太郎,ケイ・エム・プロデュース,KMPVR,VR BEST,合集、美少女、中出、女上位、4小時以上作品、キス・接吻、VR専用、ハイクオリティVR、DMM獨家,多人,https://www.javbus.com/VRKM-1204,
MXDLP-0203 媚●で引き出す最高潮キメセクFUCK！4時間SP 若宮穂乃 千葉ねね 花音うらら 天然美月 枢木あおい,MXDLP-0203 媚●で引き出す最高潮キメセクFUCK！4時間SP 若宮穂乃 千葉ねね 花音うらら 天然美月 枢木あおい,MXDLP-0203,,2023-12-16,256分鐘,,MAXING,MAXING,,其他戀物癖、合集、4小時以上作品、配信専用,多人,https://www.javbus.com/MXDLP-0203,
MXDLP-203 媚薬で引き出す最高潮キメセクFUCK！4時間SP,MXDLP-203 媚薬で引き出す最高潮キメセクFUCK！4時間SP,MXDLP-203,,2023-12-16,257分鐘,,マキシング,MAXING,,藥物、合集、4小時以上作品、高畫質、女優ベスト・総集編,多人,https://www.javbus.com/MXDLP-203,
VOBB-027 私たちとお風呂に入りませんか？SPベスツ,VOBB-027 私たちとお風呂に入りませんか？SPベスツ,VOBB-027,,2023-12-15,608分鐘,西郷ショウ,BOTAN,【福袋】BOTANコンプリートベストっ！,【福袋】BOTANコンプリートベストっ！,和服・喪服、中出、4小時以上作品、主觀視角、高畫質、出軌、お風呂,多人,https://www.javbus.com/VOBB-027,
CEAD-550 洗脳される巨乳美女OL達！ド淫乱アへ顔化計画！,CEAD-550 洗脳される巨乳美女OL達！ド淫乱アへ顔化計画！,CEAD-550,,2023-12-09,291分鐘,,セレブの友,セレブの友,,OL、放尿、濫交、花癡、多P、DMM獨家,多人,https://www.javbus.com/CEAD-550,
BBSS-079 興奮最高潮の絶頂潮吹きレズセックス4時間（BBSS-079）,BBSS-079 興奮最高潮の絶頂潮吹きレズセックス4時間（BBSS-079）,BBSS-079,,2023-12-08,240分鐘,,ビビアン,ビビアン,興奮最高潮の絶頂潮吹きレズセックス4時間,女同性戀、潮吹、合集、美少女、女同接吻、高畫質、DMM獨家,多人,https://www.javbus.com/BBSS-079,
VRKM-1214 【VR】ノーモザイクで口元も舌の動きも全部丸見え！ディルドフェラ500分OVERノーカットBEST,VRKM-1214 【VR】ノーモザイクで口元も舌の動きも全部丸見え！ディルドフェラ500分OVERノーカットBEST,VRKM-1214,,2023-12-06,554分鐘,K太郎,ケイ・エム・プロデュース,KMPVR,VR BEST,口交、其他戀物癖、合集、淫語、4小時以上作品、主觀視角、VR専用、ハイクオリティVR、DMM獨家,多人,https://www.javbus.com/VRKM-1214,
VRKM-1203 【VR】大好きな彼女をひとりじめ！同棲中出しセックスBEST,VRKM-1203 【VR】大好きな彼女をひとりじめ！同棲中出しセックスBEST,VRKM-1203,,2023-12-02,301分鐘,K太郎,ケイ・エム・プロデュース,KMPVR,VR BEST,合集、情侶、美少女、中出、4小時以上作品、VR専用、巨乳、ハイクオリティVR、DMM獨家,多人,https://www.javbus.com/VRKM-1203,
KAGP-297 セクハラママさんバレー！7 ハイレグブルマ姿の人妻9人が挑む過酷なエロトレーニング,KAGP-297 セクハラママさんバレー！7 ハイレグブルマ姿の人妻9人が挑む過酷なエロトレーニング,KAGP-297,,2023-12-02,120分鐘,妻撮りの翁,かぐや姫Pt/妄想族,かぐや姫Pt,セクハラママさんバレー！,口交、其他戀物癖、已婚婦女、運動、巨乳、妄想族、DMM獨家,多人,https://www.javbus.com/KAGP-297,
MIZD-358 美少女達に囲まれ王様気分で何度でも射精できるハーレムBEST,MIZD-358 美少女達に囲まれ王様気分で何度でも射精できるハーレムBEST,MIZD-358,,2023-12-01,480分鐘,,ムーディーズ,MOODYZ Best,,乳交、合集、妓女、中出、高畫質、ハーレム、巨乳、DMM獨家,多人,https://www.javbus.com/MIZD-358,
BQNC-003 エロ過ぎてこっそり本番OK！！凄テクエステ嬢1975分ノーカットBEST,BQNC-003 エロ過ぎてこっそり本番OK！！凄テクエステ嬢1975分ノーカットBEST,BQNC-003,,2023-11-26,1974分鐘,K太郎,BAZOOKA,BAZOOKA（バズーカ）,BAZOOKA ノーカットBEST,合集、淫語、女上位、美容院、高畫質、16時間以上作品、DMM獨家,多人,https://www.javbus.com/BQNC-003,
CEMD-440 皇ゆず 未公開完全撮り下ろし2SEX＆スーパーベストBOX 825分 5枚組,CEMD-440 皇ゆず 未公開完全撮り下ろし2SEX＆スーパーベストBOX 825分 5枚組,CEMD-440,,2023-11-25,825分鐘,,セレブの友,セレブの友,未公開完全撮り下ろし＆スーパーベストBOX,女同性戀、花癡、中出、女優ベスト・総集編、肛内中出、DMM獨家,多人,https://www.javbus.com/CEMD-440,
CEMD-439 オナニストのための淫語・主観限定バーチャルオナニー総集編 20時間51分8枚組BOX,CEMD-439 オナニストのための淫語・主観限定バーチャルオナニー総集編 20時間51分8枚組BOX,CEMD-439,,2023-11-25,1251分鐘,,セレブの友,セレブの友,,成熟的女人、合集、アクメ・オーガズム、ディルド、DMM獨家、自慰,多人,https://www.javbus.com/CEMD-439,
LZBS-101 レズれ！潮吹きレズセックスspecial version 豪雨・荒波・大洪水！激イキ131連発 10時間,LZBS-101 レズれ！潮吹きレズセックスspecial version 豪雨・荒波・大洪水！激イキ131連発 10時間,LZBS-101,,2023-11-25,600分鐘,,レズれ！,レズれ！ ベスト,,女同性戀、潮吹、女同接吻、高畫質、巨尻、巨乳、DMM獨家,多人,https://www.javbus.com/LZBS-101,
HMN-482 頭もチ〇ポもバカにさせてやんよ！ 嘘つきM男を追い詰める1日監禁パニックルーム！おしっこ・飲尿・メスイキ・レズ・大乱交 最狂女ハーレム中出し！！ 波多野結衣 浜崎真緒 望月あやか 新村あかり 岬あずさ,HMN-482 頭もチ〇ポもバカにさせてやんよ！ 嘘つきM男を追い詰める1日監禁パニックルーム！おしっこ・飲尿・メスイキ・レズ・大乱交 最狂女ハーレム中出し！！ 波多野結衣 浜崎真緒 望月あやか 新村あかり 岬あずさ,HMN-482,,2023-11-24,210分鐘,真咲南朋,本中,本中,,蕩婦、女同性戀、飲尿、中出、高畫質、ハーレム、DMM獨家,多人,https://www.javbus.com/HMN-482,
JUMS-047 出張先のビジネスホテルでずっと憧れていた女上司とまさかまさかの相部屋宿泊 BEST SELECTION 16時間,JUMS-047 出張先のビジネスホテルでずっと憧れていた女上司とまさかまさかの相部屋宿泊 BEST SELECTION 16時間,JUMS-047,,2023-11-24,960分鐘,,マドンナ,Madonna,出張先のビジネスホテルでずっと憧れていた女上司とまさかまさかの相部屋宿泊,成熟的女人、合集、已婚婦女、高畫質、出軌、DMM獨家,多人,https://www.javbus.com/JUMS-047,
CJOB-141 凄テク美女らに囲まれて乳首も、チ〇ポも、タマも、同時に痴女られながら何度も射精させられる挟撃ロックハーレムBEST,CJOB-141 凄テク美女らに囲まれて乳首も、チ〇ポも、タマも、同時に痴女られながら何度も射精させられる挟撃ロックハーレムBEST,CJOB-141,,2023-11-24,240分鐘,,痴女ヘブン,痴女ヘブンBEST,,蕩婦、合集、多P、高畫質、ハーレム、DMM獨家,多人,https://www.javbus.com/CJOB-141,
MXDLP-0193 お客を弄ぶ●褻美容室 5時間SP 波多野結衣 凛音とうか 高美はるか 枢木あおい 木下ひまり,MXDLP-0193 お客を弄ぶ●褻美容室 5時間SP 波多野結衣 凛音とうか 高美はるか 枢木あおい 木下ひまり,MXDLP-0193,,2023-11-16,319分鐘,,MAXING,MAXING,,各種職業、姐姐、4小時以上作品、配信専用,多人,https://www.javbus.com/MXDLP-0193,
MXDLP-193 お客を弄ぶ猥褻美容室 5時間SP,MXDLP-193 お客を弄ぶ猥褻美容室 5時間SP,MXDLP-193,,2023-11-16,320分鐘,,マキシング,MAXING,,合集、各種職業、4小時以上作品、高畫質、女優ベスト・総集編,多人,https://www.javbus.com/MXDLP-193,
MKMP-537 「ねぇ、キミは誰に喰べられたい？」M男もダサ男もヤリチンも、とにかく男とパコりたい！！チ●ポあるだけズボ抜きしちゃう凄テクハーレム3姉妹！ 橘メアリー 新村あかり 波多野結衣,MKMP-537 「ねぇ、キミは誰に喰べられたい？」M男もダサ男もヤリチンも、とにかく男とパコりたい！！チ●ポあるだけズボ抜きしちゃう凄テクハーレム3姉妹！ 橘メアリー 新村あかり 波多野結衣,MKMP-537,,2023-11-11,183分鐘,あおいれな,ケイ・エム・プロデュース,million（ミリオン）,,蕩婦、多P、中出、ハーレム、巨乳、DMM獨家,多人,https://www.javbus.com/MKMP-537,
CEAD-544 君島みお The Ultimate Best 8時間,CEAD-544 君島みお The Ultimate Best 8時間,CEAD-544,,2023-11-11,480分鐘,,セレブの友,セレブの友,The Ultimate Best,成熟的女人、放尿、花癡、中出、女優ベスト・総集編、DMM獨家,多人,https://www.javbus.com/CEAD-544,
RBB-270 発射寸前！我慢汁垂れ流しの気持ちいいフェラチオ160連射8時間,RBB-270 発射寸前！我慢汁垂れ流しの気持ちいいフェラチオ160連射8時間,RBB-270,,2023-11-10,480分鐘,,ROOKIE,ROOKIE,発射寸前！ 我慢汁垂れ流しの気持ちいいフェラチオ,口交、合集、美少女、高畫質、顏射、DMM獨家,多人,https://www.javbus.com/RBB-270,
BBSS-078 女性器×女性器で刺激MAX！制御不能のイカセ合いでマンマンぬるぬる大興奮！ レズビアン貝合わせ＆双頭ディルド絶頂8時間,BBSS-078 女性器×女性器で刺激MAX！制御不能のイカセ合いでマンマンぬるぬる大興奮！ レズビアン貝合わせ＆双頭ディルド絶頂8時間,BBSS-078,,2023-11-10,480分鐘,,ビビアン,ビビアン,,女同性戀、合集、美少女、女同接吻、高畫質、巨乳、DMM獨家,多人,https://www.javbus.com/BBSS-078,
MIST-417 危険日直撃！！子作りできるソープランド 500分 BEST 2,MIST-417 危険日直撃！！子作りできるソープランド 500分 BEST 2,MIST-417,,2023-11-09,502分鐘,,Mr.michiru,Mr.michiru,危険日直撃！！子作りできるソープランド,角色扮演、妓女、中出、4小時以上作品、高畫質、孕ませ、巨乳,多人,https://www.javbus.com/MIST-417,
MMPB-013 超一流AV女優とNNできる！ これが噂の最高級極嬢ソープ,MMPB-013 超一流AV女優とNNできる！ これが噂の最高級極嬢ソープ,MMPB-013,,2023-11-04,240分鐘,石切橋博士,桃太郎映像出版,桃太郎プレミアムベスト,,乳交、妓女、花癡、乳液、中出、DMM獨家,多人,https://www.javbus.com/MMPB-013,
BMW-293 暴走痴女お姉さん達が金玉スッカラカンになるまでザーメン搾り取り！ イクまで激ズボわがまま騎乗位中出しBEST,BMW-293 暴走痴女お姉さん達が金玉スッカラカンになるまでザーメン搾り取り！ イクまで激ズボわがまま騎乗位中出しBEST,BMW-293,,2023-11-03,240分鐘,,ワンズファクトリー,WANZ,,蕩婦、合集、花癡、中出、女上位、高畫質、DMM獨家,多人,https://www.javbus.com/BMW-293,
MQNC-004 男の願望の頂点！究極の性交体験！！ハーレムSEX 女体に溺れる54時間ノーカットBEST,MQNC-004 男の願望の頂点！究極の性交体験！！ハーレムSEX 女体に溺れる54時間ノーカットBEST,MQNC-004,,2023-10-30,3240分鐘,K太郎,ケイ・エム・プロデュース,million（ミリオン）,million ノーカットBEST,蕩婦、合集、多P、高畫質、16時間以上作品、ハーレム、DMM獨家,多人,https://www.javbus.com/MQNC-004,
OKC-003 神着衣ぶっかけ 8人8発射 240分 競泳・スク水編,OKC-003 神着衣ぶっかけ 8人8発射 240分 競泳・スク水編,OKC-003,,2023-10-23,240分鐘,,親父の個撮,神ぶっかけブルマ,神ぶっかけ,合集、美少女、4小時以上作品、高畫質、顏射、局部特寫、體育服,多人,https://www.javbus.com/OKC-003,
CEMD-423 数多くの男をつかんで離さない、本気のアヘ顔4SEX 波多野結衣,CEMD-423 数多くの男をつかんで離さない、本気のアヘ顔4SEX 波多野結衣,CEMD-423,,2023-10-21,205分鐘,,セレブの友,セレブの友,,成熟的女人、潮吹、中出、M男、アクメ・オーガズム、DMM獨家,多人,https://www.javbus.com/CEMD-423,
LZBS-100 膣奥で愛し合う双頭ディルドW絶頂レズセックス 厳選ベスト5時間,LZBS-100 膣奥で愛し合う双頭ディルドW絶頂レズセックス 厳選ベスト5時間,LZBS-100,,2023-10-21,300分鐘,,レズれ！,レズれ！ ベスト,,女同性戀、潮吹、女同接吻、アクメ・オーガズム、ディルド、DMM獨家,多人,https://www.javbus.com/LZBS-100,
CEMD-422 大浦真奈美 未公開完全撮り下ろしSEX＆スーパーベストBOX 914分 6枚組,CEMD-422 大浦真奈美 未公開完全撮り下ろしSEX＆スーパーベストBOX 914分 6枚組,CEMD-422,,2023-10-21,914分鐘,,セレブの友,セレブの友,未公開完全撮り下ろし＆スーパーベストBOX,成熟的女人、花癡、中出、女優ベスト・総集編、DMM獨家、黑人演員,多人,https://www.javbus.com/CEMD-422,
CEAD-538 手加減ナシ！容赦ナシ！マシンバイブで強●激イキオナニー14選！,CEAD-538 手加減ナシ！容赦ナシ！マシンバイブで強●激イキオナニー14選！,CEAD-538,,2023-10-21,167分鐘,,セレブの友,セレブの友,,玩具、潮吹、淫語、アクメ・オーガズム、DMM獨家、自慰,多人,https://www.javbus.com/CEAD-538,
CADV-886 母x息子・義父x娘・姉x弟・兄x妹・義父x嫁 禁断の近親ハメ狂い8時間スペシャル,CADV-886 母x息子・義父x娘・姉x弟・兄x妹・義父x嫁 禁断の近親ハメ狂い8時間スペシャル,CADV-886,,2023-10-21,479分鐘,,クリスタル映像,CRYSTAL EX,,苗條、口交、乳交、合集、亂倫、無毛、姐妹、中出、女上位、4小時以上作品、婆婆、高畫質、巨乳、娘・養女、DMM獨家、貧乳・微乳,多人,https://www.javbus.com/CADV-886,
TCDF-027 女に強●セックスされて射精までするニューハーフ 8枚組BOX 22時間51分,TCDF-027 女に強●セックスされて射精までするニューハーフ 8枚組BOX 22時間51分,TCDF-027,,2023-10-21,1371分鐘,,TRANS CLUB,TRANS CLUB,,合集、變性者、花癡、女裝人妖、デカチン・巨根、DMM獨家,多人,https://www.javbus.com/TCDF-027,
MIRD-232 観れば必ずイカせる男にチェンジ！ ヌキながら学べる魔法の絶頂メソッドHow to SEXセミナー応用編,MIRD-232 観れば必ずイカせる男にチェンジ！ ヌキながら学べる魔法の絶頂メソッドHow to SEXセミナー応用編,MIRD-232,,2023-10-13,180分鐘,宝瀬博教,ムーディーズ,MOODYZ REAL,How to SEXセミナー,SM、花癡、多P、高畫質、教學、巨乳、DMM獨家,多人,https://www.javbus.com/MIRD-232,
JFB-324 Fitch2022年リリース！大ヒット作品から人気フェチ作品まで豪華84タイトル収録した3枚組12時間BEST,JFB-324 Fitch2022年リリース！大ヒット作品から人気フェチ作品まで豪華84タイトル収録した3枚組12時間BEST,JFB-324,,2023-10-13,720分鐘,,Fitch,Fitch,,合集、中出、高畫質、巨尻、巨乳、DMM獨家,多人,https://www.javbus.com/JFB-324,
PBD-451 可憐すぎる美女達VS男1人。 挟み撃ち王様ハーレムBEST,PBD-451 可憐すぎる美女達VS男1人。 挟み撃ち王様ハーレムBEST,PBD-451,,2023-10-13,240分鐘,,プレミアム,PREMIUM BEST,,蕩婦、合集、姐姐、中出、女上位、高畫質、ハーレム、DMM獨家,多人,https://www.javbus.com/PBD-451,
CEMD-414 淫乱女優勢揃い！極・集団乱交SEX1029分！8枚組ベストBOX,CEMD-414 淫乱女優勢揃い！極・集団乱交SEX1029分！8枚組ベストBOX,CEMD-414,,2023-10-07,1029分鐘,,セレブの友,セレブの友,,放尿、濫交、合集、花癡、巨乳、DMM獨家,多人,https://www.javbus.com/CEMD-414,
CEAD-536 望月あやか2枚組ハイパーベスト2 7時間52分,CEAD-536 望月あやか2枚組ハイパーベスト2 7時間52分,CEAD-536,,2023-10-07,472分鐘,,セレブの友,セレブの友,ハイパーベスト,成熟的女人、女同性戀、花癡、拳交、女優ベスト・総集編、DMM獨家,多人,https://www.javbus.com/CEAD-536,
KMTV-010 【VR秋のギフト】ヌイてくれなきゃイタズラしちゃうぞ！？Trick or Ejaculate.KMP HALLWEEN PARTYノーカット20時間GIFT PACK,KMTV-010 【VR秋のギフト】ヌイてくれなきゃイタズラしちゃうぞ！？Trick or Ejaculate.KMP HALLWEEN PARTYノーカット20時間GIFT PACK,KMTV-010,,2023-10-06,1679分鐘,K太郎,ケイ・エム・プロデュース,KMPVR,,蕩婦、美少女、中出、16時間以上作品、VR専用、巨乳、ハイクオリティVR、福袋、DMM獨家,多人,https://www.javbus.com/KMTV-010,
JUVR-180 【VR】湯煙に紛れて晒す魅惑の痴態…欲求不満な人妻たちと夜通し戯れる温泉不倫旅行ベスト452分,JUVR-180 【VR】湯煙に紛れて晒す魅惑の痴態…欲求不満な人妻たちと夜通し戯れる温泉不倫旅行ベスト452分,JUVR-180,,2023-10-06,452分鐘,ジーニアス膝,マドンナ,MadonnaVR,,蕩婦、成熟的女人、已婚婦女、通姦、4小時以上作品、温泉、VR専用、ハイクオリティVR、DMM獨家,多人,https://www.javbus.com/JUVR-180,
RBB-268 ROOKIE 世界で一番シリーズ詰め合わせ！超贅沢35タイトル超豪華35人超長時間8時間収録BEST,RBB-268 ROOKIE 世界で一番シリーズ詰め合わせ！超贅沢35タイトル超豪華35人超長時間8時間収録BEST,RBB-268,,2023-10-06,480分鐘,,ROOKIE,ROOKIE,ROOKIEベスト,合集、中出、高畫質、デカチン・巨根、巨乳、DMM獨家、顏射,多人,https://www.javbus.com/RBB-268,
MAXAF-006 【秋のギフト】期間限定 2023秋 男の願望が叶う夢の泡 泡 天国 祭 ノーカット2385分 超高級ソープ！ヌルヌルグチャグチャ中出しやり放題スペシャル,MAXAF-006 【秋のギフト】期間限定 2023秋 男の願望が叶う夢の泡 泡 天国 祭 ノーカット2385分 超高級ソープ！ヌルヌルグチャグチャ中出しやり放題スペシャル,MAXAF-006,,2023-10-06,2385分鐘,,マックスエー,MAX-A,,妓女、中出、高畫質、16時間以上作品、設置項目、巨乳、ヘルス・ソープ、福袋、DMM獨家,多人,https://www.javbus.com/MAXAF-006,
HNVR-132 【VR】天井特化騎乗位中出しあなたはただ寝てるだけ！女の子72人が次々にあなたのチ●ポに跨ってくる世界529分,HNVR-132 【VR】天井特化騎乗位中出しあなたはただ寝てるだけ！女の子72人が次々にあなたのチ●ポに跨ってくる世界529分,HNVR-132,,2023-10-06,530分鐘,,本中,本中-VR,本中-VR,美少女、中出、女上位、4小時以上作品、主觀視角、VR専用、巨乳、ハイクオリティVR、DMM獨家,多人,https://www.javbus.com/HNVR-132,
BBSS-077 しっとり濡れた肉厚ベロをねっとり濃厚に絡ませ没頭する 人生最高のレズキス 50連発8時間,BBSS-077 しっとり濡れた肉厚ベロをねっとり濃厚に絡ませ没頭する 人生最高のレズキス 50連発8時間,BBSS-077,,2023-10-06,480分鐘,,ビビアン,ビビアン,,女同性戀、合集、美少女、女同接吻、高畫質、キス・接吻、DMM獨家,多人,https://www.javbus.com/BBSS-077,
CEAD-534 Extreme（過激な）オナニスト！52 波多野結衣 3 ～9オナニー195分,CEAD-534 Extreme（過激な）オナニスト！52 波多野結衣 3 ～9オナニー195分,CEAD-534,,2023-09-23,195分鐘,,セレブの友,セレブの友,Extreme（過激な）オナニスト！,成熟的女人、淫語、花癡、アクメ・オーガズム、DMM獨家、自慰,多人,https://www.javbus.com/CEAD-534,
YVG-057 キンタマ空になるまで精子搾り取る身勝手腰振り騎乗位美人24人,YVG-057 キンタマ空になるまで精子搾り取る身勝手腰振り騎乗位美人24人,YVG-057,,2023-09-23,240分鐘,,グローリークエスト,GLORY QUEST,,蕩婦、合集、中出、女上位、DMM獨家,多人,https://www.javbus.com/YVG-057,
CJOB-138 ウチらが唾液たっぷり挟み撃ちベロキスでイカせてアゲルBEST,CJOB-138 ウチらが唾液たっぷり挟み撃ちベロキスでイカせてアゲルBEST,CJOB-138,,2023-09-22,240分鐘,,痴女ヘブン,痴女ヘブンBEST,,蕩婦、合集、花癡、美少女、中出、高畫質、キス・接吻、DMM獨家,多人,https://www.javbus.com/CJOB-138,
CJOB-137 デカ尻プレスで精子空っぽになるまで、ぜ～んぶ射精される！BEST,CJOB-137 デカ尻プレスで精子空っぽになるまで、ぜ～んぶ射精される！BEST,CJOB-137,,2023-09-22,240分鐘,,痴女ヘブン,痴女ヘブンBEST,,合集、屁股、中出、女上位、高畫質、巨尻、DMM獨家、女生,多人,https://www.javbus.com/CJOB-137,
GDRD-007 Red Dragon 大槻ひびき 波多野結衣,GDRD-007 Red Dragon 大槻ひびき 波多野結衣,GDRD-007,,2023-09-16,150分鐘,ザック荒井,ゴールド/妄想族,GOLD（ゴールド）,Red Dragon,乳交、妓女、纪录片、多P、中出、妄想族、DMM獨家,多人,https://www.javbus.com/GDRD-007,
MBYD-383 ヌキやすさにこだわって1人あたり3分収録！人妻の濃厚すぎるインスタントフェラチオBEST80連発！！,MBYD-383 ヌキやすさにこだわって1人あたり3分収録！人妻の濃厚すぎるインスタントフェラチオBEST80連発！！,MBYD-383,,2023-09-15,240分鐘,,溜池ゴロー,溜池ゴロー,,成熟的女人、口交、合集、已婚婦女、高畫質、巨乳、DMM獨家,多人,https://www.javbus.com/MBYD-383,
CEAD-530 精子を吸いつくす厳選おっぱい美女50人！豊満巨乳フェラチオ8時間！,CEAD-530 精子を吸いつくす厳選おっぱい美女50人！豊満巨乳フェラチオ8時間！,CEAD-530,,2023-09-09,480分鐘,,セレブの友,セレブの友,,成熟的女人、口交、合集、戀乳癖、深喉、DMM獨家,多人,https://www.javbus.com/CEAD-530,
KAVR-314 【VR】同窓会終わりでラブホに連れ込まれた元担任の私は10年ぶりに教え子2人に挟まれてあの頃のように性欲尽き果てるまでプレイバック禁忌中出し 大槻ひびき、波多野結衣,KAVR-314 【VR】同窓会終わりでラブホに連れ込まれた元担任の私は10年ぶりに教え子2人に挟まれてあの頃のように性欲尽き果てるまでプレイバック禁忌中出し 大槻ひびき、波多野結衣,KAVR-314,,2023-09-07,118分鐘,濡れた子犬,kawaii,kawaii* VR,kawaii*VR,花癡、制服、中出、ハーレム、VR専用、ハイクオリティVR、DMM獨家,多人,https://www.javbus.com/KAVR-314,
MIRD-231 観れば必ずイカせる男にチェンジ！ ヌキながら学べる魔法の絶頂メソッドHow to SEXセミナー基礎編,MIRD-231 観れば必ずイカせる男にチェンジ！ ヌキながら学べる魔法の絶頂メソッドHow to SEXセミナー基礎編,MIRD-231,,2023-09-01,160分鐘,宝瀬博教,ムーディーズ,MOODYZ REAL,,口交、潮吹、高畫質、教學、キス・接吻、バック、DMM獨家,多人,https://www.javbus.com/MIRD-231,
SAN-167 美神降臨！これが史上最高峰女優の競演！北条麻妃＆波多野結衣,SAN-167 美神降臨！これが史上最高峰女優の競演！北条麻妃＆波多野結衣,SAN-167,,2023-08-31,249分鐘,,マザー,マザー（マザー）,,合集、已婚婦女、通姦、中出、4小時以上作品、高畫質、出軌,多人,https://www.javbus.com/SAN-167,
RLNC-002 ノーカット3100分濃厚フェラチオ＆喉奥イラマチオULTIMATE BEST,RLNC-002 ノーカット3100分濃厚フェラチオ＆喉奥イラマチオULTIMATE BEST,RLNC-002,,2023-08-25,3126分鐘,K太郎,レアルワークス,REAL（レアルワークス）,REAL ノーカットBEST,蕩婦、口交、乳房、高畫質、M男、16時間以上作品、設置項目、DMM獨家、吞精,多人,https://www.javbus.com/RLNC-002,
ATKD-355 禁断の人妻調教 総集編 背徳の悦びに目覚めた人妻たち,ATKD-355 禁断の人妻調教 総集編 背徳の悦びに目覚めた人妻たち,ATKD-355,,2023-08-25,480分鐘,,アタッカーズ,Attackers BEST,禁断の人妻調教,已婚婦女、凌辱、高畫質、DMM獨家,多人,https://www.javbus.com/ATKD-355,
CEMD-388 誘惑痴女100人以上 22時間01分 8枚組BOX,CEMD-388 誘惑痴女100人以上 22時間01分 8枚組BOX,CEMD-388,,2023-08-19,1321分鐘,,セレブの友,セレブの友,,蕩婦、成熟的女人、合集、花癡、アクメ・オーガズム、DMM獨家,多人,https://www.javbus.com/CEMD-388,
LZBS-098 「全身痙攣しながら快楽を貪り、潮と涙を流して悦びイキ狂う」レズれ！が愛してやまない伝説のネコたち 厳選ベスト5時間,LZBS-098 「全身痙攣しながら快楽を貪り、潮と涙を流して悦びイキ狂う」レズれ！が愛してやまない伝説のネコたち 厳選ベスト5時間,LZBS-098,,2023-08-19,305分鐘,,レズれ！,レズれ！ ベスト,,玩具、女同性戀、拳交、4小時以上作品、女同接吻、高畫質、DMM獨家、肛交,多人,https://www.javbus.com/LZBS-098,
CEAD-526 森沢かな The Ultimate Best 8時間 2,CEAD-526 森沢かな The Ultimate Best 8時間 2,CEAD-526,,2023-08-19,480分鐘,,セレブの友,セレブの友,The Ultimate Best,成熟的女人、女同性戀、中出、女優ベスト・総集編、DMM獨家、肛交,多人,https://www.javbus.com/CEAD-526,
ARAN-070 媚薬キメオナ絶頂狂い 気がオカシクなるまでイキ続ける女たち 5時間31名のドンギマリ記録映像-INFERNO BABE ULTRA FILM-,ARAN-070 媚薬キメオナ絶頂狂い 気がオカシクなるまでイキ続ける女たち 5時間31名のドンギマリ記録映像-INFERNO BABE ULTRA FILM-,ARAN-070,,2023-08-19,300分鐘,,BabyEntertainment,素人娘狂騒局,,藥物、4小時以上作品、子宮頸、高畫質、汗だく、アクメ・オーガズム、自慰,多人,https://www.javbus.com/ARAN-070,
TCDF-026 ニューハーフ極上快楽射精シーン 23時間01分 8枚組BOX,TCDF-026 ニューハーフ極上快楽射精シーン 23時間01分 8枚組BOX,TCDF-026,,2023-08-19,1381分鐘,,TRANS CLUB,TRANS CLUB,,合集、變性者、花癡、女裝人妖、肛内中出、DMM獨家,多人,https://www.javbus.com/TCDF-026,
CJOB-135 チ○ポ丸呑み舐めじゃくり精子を何度も搾り取る蛇舌フェラBEST,CJOB-135 チ○ポ丸呑み舐めじゃくり精子を何度も搾り取る蛇舌フェラBEST,CJOB-135,,2023-08-18,240分鐘,,痴女ヘブン,痴女ヘブンBEST,,蕩婦、口交、其他戀物癖、合集、花癡、高畫質、キス・接吻、DMM獨家,多人,https://www.javbus.com/CJOB-135,
HMN-441 浮気調査ハーレム痴女 Wデカ尻お仕置き逆レ●プ 強●焦らし・追撃射精杭打ち騎乗位中出し 波多野結衣 弥生みづき,HMN-441 浮気調査ハーレム痴女 Wデカ尻お仕置き逆レ●プ 強●焦らし・追撃射精杭打ち騎乗位中出し 波多野結衣 弥生みづき,HMN-441,,2023-08-18,170分鐘,真咲南朋,本中,本中,,蕩婦、多P、中出、高畫質、巨尻、ハーレム、DMM獨家,多人,https://www.javbus.com/HMN-441,
MKCK-338 気持ち良過ぎてL字腰！ 巨乳細クビレが90度以上の急角度でイキ絶頂！直角オーガズムピストン8時間,MKCK-338 気持ち良過ぎてL字腰！ 巨乳細クビレが90度以上の急角度でイキ絶頂！直角オーガズムピストン8時間,MKCK-338,,2023-08-11,480分鐘,,E-BODY,E-BODY,,苗條、中出、女上位、高畫質、巨乳、DMM獨家,多人,https://www.javbus.com/MKCK-338,
PRED-513 トリプル逆バニー風俗マンション 中出し放題！追撃男潮！チ○ポバカになるまで精子搾られる！ 木下ひまり 浜崎真緒 波多野結衣,PRED-513 トリプル逆バニー風俗マンション 中出し放題！追撃男潮！チ○ポバカになるまで精子搾られる！ 木下ひまり 浜崎真緒 波多野結衣,PRED-513,,2023-08-11,160分鐘,トレンディ山口,プレミアム,エレガンス,,蕩婦、妓女、中出、高畫質、兔女郎、巨乳、DMM獨家,多人,https://www.javbus.com/PRED-513,
PBD-447 射精直前のフェラチオラッシュ88連発BEST,PBD-447 射精直前のフェラチオラッシュ88連発BEST,PBD-447,,2023-08-11,240分鐘,,プレミアム,PREMIUM BEST,,口交、合集、姐姐、高畫質、顏射、DMM獨家、吞精,多人,https://www.javbus.com/PBD-447,
CEAD-520 家政婦のピタパン尻が俺を発情させる～生中出し性交～8時間14分,CEAD-520 家政婦のピタパン尻が俺を発情させる～生中出し性交～8時間14分,CEAD-520,,2023-08-05,494分鐘,,セレブの友,セレブの友,,成熟的女人、放尿、花癡、中出、アクメ・オーガズム、DMM獨家,多人,https://www.javbus.com/CEAD-520,
NBES-080 JET映像8周年記念2022年年間売上トップ50 BEST 4枚組960分,NBES-080 JET映像8周年記念2022年年間売上トップ50 BEST 4枚組960分,NBES-080,,2023-08-04,960分鐘,,JET映像,卍GROUP,,合集、已婚婦女、偷窥、高畫質、出軌、DMM獨家,多人,https://www.javbus.com/NBES-080,
RBB-263 溜め込んだ精子をぜ～んぶ子宮にぶちまけろ！ 射精寸前 ドックドク中出し種付けSEX60連発8時間,RBB-263 溜め込んだ精子をぜ～んぶ子宮にぶちまけろ！ 射精寸前 ドックドク中出し種付けSEX60連発8時間,RBB-263,,2023-08-04,480分鐘,,ROOKIE,ROOKIE,溜め込んだ精子を子宮にぶちまける！ ドックドク中出し100連発,蕩婦、合集、中出、高畫質、DMM獨家,多人,https://www.javbus.com/RBB-263,
BBSS-075 レズビアンに囚われた女潜入捜査官たち4時間（BBSS-075）,BBSS-075 レズビアンに囚われた女潜入捜査官たち4時間（BBSS-075）,BBSS-075,,2023-08-04,240分鐘,,ビビアン,ビビアン,レズビアンに囚われた女潜入捜査官,女同性戀、花癡、女檢察官、女同接吻、高畫質、女優ベスト・総集編、DMM獨家,多人,https://www.javbus.com/BBSS-075,
BBAN-432 Gカップ少女のレズ解禁ドキュメント。憧れと快感と緊張とほんの少しの不安の中でGカップ美巨乳の少女はレズの匠に囲まれてイキまくる,BBAN-432 Gカップ少女のレズ解禁ドキュメント。憧れと快感と緊張とほんの少しの不安の中でGカップ美巨乳の少女はレズの匠に囲まれてイキまくる,BBAN-432,,2023-08-04,170分鐘,イナバール,ビビアン,ビビアン,,女同性戀、多P、女同接吻、高畫質、巨乳、DMM獨家,多人,https://www.javbus.com/BBAN-432,
BMW-287 ザーメン欲しがり痴女は射精寸前でも容赦ナシ！ トップギア杭打ち中出し騎乗位84連発,BMW-287 ザーメン欲しがり痴女は射精寸前でも容赦ナシ！ トップギア杭打ち中出し騎乗位84連発,BMW-287,,2023-07-28,240分鐘,,ワンズファクトリー,WANZ,,蕩婦、合集、中出、女上位、高畫質、巨尻、巨乳、DMM獨家,多人,https://www.javbus.com/BMW-287,
CADV-880 厳選！！プリケツ＆悩殺尻な女たち24人8時間 3,CADV-880 厳選！！プリケツ＆悩殺尻な女たち24人8時間 3,CADV-880,,2023-07-22,479分鐘,,クリスタル映像,CRYSTAL EX,厳選！！プリケツ＆悩殺尻な女たち,合集、屁股、4小時以上作品、高畫質、顏面騎乘、巨尻、DMM獨家,多人,https://www.javbus.com/CADV-880,
CEAD-519 Extreme（過激な）オナニスト！48 望月あやか ～9オナニー153分,CEAD-519 Extreme（過激な）オナニスト！48 望月あやか ～9オナニー153分,CEAD-519,,2023-07-22,153分鐘,,セレブの友,セレブの友,Extreme（過激な）オナニスト！,成熟的女人、潮吹、アクメ・オーガズム、DMM獨家、自慰、肛交,多人,https://www.javbus.com/CEAD-519,
CEAD-517 ケツ穴のシワまで丸見えにして、アナタだけに見せつけるオナニーで激イキする15人の女たち！vol.2,CEAD-517 ケツ穴のシワまで丸見えにして、アナタだけに見せつけるオナニーで激イキする15人の女たち！vol.2,CEAD-517,,2023-07-22,193分鐘,,セレブの友,セレブの友,ケツ穴のシワまで丸見えにして、アナタだけに見せつけるオナニー,成熟的女人、淫語、アクメ・オーガズム、DMM獨家、自慰、肛交,多人,https://www.javbus.com/CEAD-517,
CEMD-372 みひな 未公開完全撮り下ろしSEX＆スーパーベストBOX 954分 6枚組,CEMD-372 みひな 未公開完全撮り下ろしSEX＆スーパーベストBOX 954分 6枚組,CEMD-372,,2023-07-22,954分鐘,,セレブの友,セレブの友,未公開完全撮り下ろし＆スーパーベストBOX,濫交、女優ベスト・総集編、肛内中出、DMM獨家、黑人演員,多人,https://www.javbus.com/CEMD-372,
CJOB-134 後ろから悶絶手コキでイカされちゃったボクBEST,CJOB-134 後ろから悶絶手コキでイカされちゃったボクBEST,CJOB-134,,2023-07-21,240分鐘,,痴女ヘブン,痴女ヘブンBEST,,蕩婦、合集、姐姐、高畫質、巨乳、男の潮吹き、DMM獨家、打手槍,多人,https://www.javbus.com/CJOB-134,
MXDLP-0154 デカチンでイク！アクメの旅 vol.2 星乃月 高井ルナ 桃尻かのん 小西悠 三原ほのか,MXDLP-0154 デカチンでイク！アクメの旅 vol.2 星乃月 高井ルナ 桃尻かのん 小西悠 三原ほのか,MXDLP-0154,,2023-07-16,271分鐘,,MAXING,MAXING,デカチンでイク！アクメの旅,合集、4小時以上作品、デカチン・巨根、配信専用,多人,https://www.javbus.com/MXDLP-0154,
MXDLP-154 デカチンでイク！アクメの旅 vol2,MXDLP-154 デカチンでイク！アクメの旅 vol2,MXDLP-154,,2023-07-16,271分鐘,,マキシング,MAXING,デカチンでイク！アクメの旅,合集、4小時以上作品、高畫質、女優ベスト・総集編、アクメ・オーガズム,多人,https://www.javbus.com/MXDLP-154,
VRKM-1049 【VR】KMPVR2022年総決算Fever！！ 爆売れ30タイトル777分激アツBEST,VRKM-1049 【VR】KMPVR2022年総決算Fever！！ 爆売れ30タイトル777分激アツBEST,VRKM-1049,,2023-07-14,779分鐘,K太郎,ケイ・エム・プロデュース,KMPVR,VR BEST,合集、妓女、美少女、中出、4小時以上作品、VR専用、巨乳、ハイクオリティVR、DMM獨家,多人,https://www.javbus.com/VRKM-1049,
DSCESD-004 【お中元】セレブの友ファン感謝福袋 絶対にヌケる！ノーカット丸ごと厳選20作品セットの第4弾！！！,DSCESD-004 【お中元】セレブの友ファン感謝福袋 絶対にヌケる！ノーカット丸ごと厳選20作品セットの第4弾！！！,DSCESD-004,,2023-07-14,2799分鐘,,セレブの友,,,高畫質、16時間以上作品、福袋、DMM獨家,多人,https://www.javbus.com/DSCESD-004,
YMDDF-001 【お中元】SOAP 極上泡姫22人3368分,YMDDF-001 【お中元】SOAP 極上泡姫22人3368分,YMDDF-001,,2023-07-14,3368分鐘,,桃太郎映像出版,若桃,SOAP[高級ソープ],妓女、乳液、中出、16時間以上作品、設置項目、巨乳、福袋、DMM獨家,多人,https://www.javbus.com/YMDDF-001,
PBD-444 先生とボクが一線を越えて中出しセックスをしてしまった日。総集編8時間,PBD-444 先生とボクが一線を越えて中出しセックスをしてしまった日。総集編8時間,PBD-444,,2023-07-14,480分鐘,,プレミアム,PREMIUM BEST,,女教師、合集、數位馬賽克、中出、高畫質、キス・接吻、巨乳、DMM獨家,多人,https://www.javbus.com/PBD-444,
AVS-026 【お中元】ULTRA SWEET 赤貝 高速ドリルガクブル絶頂美女イカセ 終わらない拷問調教15作品1980分OVER！,AVS-026 【お中元】ULTRA SWEET 赤貝 高速ドリルガクブル絶頂美女イカセ 終わらない拷問調教15作品1980分OVER！,AVS-026,,2023-07-14,2011分鐘,ばば★ザ★ばびぃ,AVS collector’s,AVSCollector’s GOLD,ULTRA SWEET 赤貝,監禁、拘束、殘忍畫面、高畫質、折磨、16時間以上作品、設置項目、福袋、DMM獨家,多人,https://www.javbus.com/AVS-026,
MAXAF-005 【お中元】期間限定 2023夏 ズブ濡れ止まらない潮吹き 放尿 汁だくSEX祭り ノーカット2460分 大放尿、レーザー潮吹き、エンドレス潮吹き・ハメ潮・失禁やり放題スペシャル,MAXAF-005 【お中元】期間限定 2023夏 ズブ濡れ止まらない潮吹き 放尿 汁だくSEX祭り ノーカット2460分 大放尿、レーザー潮吹き、エンドレス潮吹き・ハメ潮・失禁やり放題スペシャル,MAXAF-005,,2023-07-14,2489分鐘,,マックスエー,MAX-A,,放尿、潮吹、中出、高畫質、16時間以上作品、設置項目、福袋、DMM獨家,多人,https://www.javbus.com/MAXAF-005,
MAXAVRF-005 【VRお中元】期間限定 夏の変態祭り 食い込み接写 女体観察 変態大集合 SPECIAL 全ての変態さんに答えます！,MAXAVRF-005 【VRお中元】期間限定 夏の変態祭り 食い込み接写 女体観察 変態大集合 SPECIAL 全ての変態さんに答えます！,MAXAVRF-005,,2023-07-14,1127分鐘,,マックスエー,MAX-AVR,,拘束、中出、16時間以上作品、VR専用、設置項目、ハイクオリティVR、福袋、DMM獨家、局部特寫,多人,https://www.javbus.com/MAXAVRF-005,
NAGAE-006 【お中元】2023夏 ながえSTYLEお中元 寝取り・寝取られ官能セット 28時間,NAGAE-006 【お中元】2023夏 ながえSTYLEお中元 寝取り・寝取られ官能セット 28時間,NAGAE-006,,2023-07-14,1692分鐘,ながえ,ながえスタイル,ながえSTYLE,寝取り・寝取られ,成熟的女人、已婚婦女、高畫質、戲劇、16時間以上作品、設置項目、福袋、DMM獨家,多人,https://www.javbus.com/NAGAE-006,
UMD-875 この女確信犯！！常連客が即入れ懇願！！豹変オイルマッサージ3,UMD-875 この女確信犯！！常連客が即入れ懇願！！豹変オイルマッサージ3,UMD-875,,2023-07-13,122分鐘,ドラゴン西川,LEO,LEO,この女確信犯！！常連客が即入れ懇願！！豹変オイルマッサージ,潮吹、花癡、乳液、按摩、高畫質、巨乳,多人,https://www.javbus.com/UMD-875,
RVG-200 露出・輪●・ぶっかけ願望に憑りつかれた女BEST VOL.2,RVG-200 露出・輪●・ぶっかけ願望に憑りつかれた女BEST VOL.2,RVG-200,,2023-07-08,240分鐘,,グローリークエスト,GLORY QUEST,露出・輪●・ぶっかけ願望に憑りつかれた女,蕩婦、野外・露出、合集、花癡、4小時以上作品、高畫質、DMM獨家,多人,https://www.javbus.com/RVG-200,
NBES-079 JET映像 デカチンNTR作品 超厳選30タイトルBEST 4枚組960分,NBES-079 JET映像 デカチンNTR作品 超厳選30タイトルBEST 4枚組960分,NBES-079,,2023-07-07,960分鐘,,JET映像,卍GROUP,,合集、高畫質、出軌、超乳、デカチン・巨根、巨尻、DMM獨家,多人,https://www.javbus.com/NBES-079,
BBSS-074 ビビアン 2022年下半期コンプリートBEST 8時間 ～全作品の濃厚レズビアンセックス厳選収録～,BBSS-074 ビビアン 2022年下半期コンプリートBEST 8時間 ～全作品の濃厚レズビアンセックス厳選収録～,BBSS-074,,2023-07-07,480分鐘,,ビビアン,ビビアン,ビビアン ○半期コンプリートBEST,女同性戀、濫交、合集、女同接吻、高畫質、巨乳、DMM獨家,多人,https://www.javbus.com/BBSS-074,
MIZD-333 おま●こぜ～んぶ独り占め！女の子いっぱいとボク1人のハーレム性交BEST8時間,MIZD-333 おま●こぜ～んぶ独り占め！女の子いっぱいとボク1人のハーレム性交BEST8時間,MIZD-333,,2023-06-30,480分鐘,,ムーディーズ,MOODYZ Best,,蕩婦、合集、多P、數位馬賽克、中出、女上位、高畫質、ハーレム、DMM獨家,多人,https://www.javbus.com/MIZD-333,
CEMD-357 SM調教×美女～手加減ナシの調教で捉えた女優達の本気顔～21時間09分8枚組BOX,CEMD-357 SM調教×美女～手加減ナシの調教で捉えた女優達の本気顔～21時間09分8枚組BOX,CEMD-357,,2023-06-24,1269分鐘,,セレブの友,セレブの友,,成熟的女人、SM、合集、DMM獨家,多人,https://www.javbus.com/CEMD-357,
UMSO-507 デリヘル嬢を呼んだらまさかの知り合いがやって来た…！？10人 総集編,UMSO-507 デリヘル嬢を呼んだらまさかの知り合いがやって来た…！？10人 総集編,UMSO-507,,2023-06-24,240分鐘,,ケイ・エム・プロデュース,UMANAMI,,合集、妓女、中出、4小時以上作品、高畫質、巨乳、DMM獨家,多人,https://www.javbus.com/UMSO-507,
OKAX-910 腋臭無くしては生きられない！普段はあまり見せることのない蒸れた腋で男を魅了するワキ美女20名収録！,OKAX-910 腋臭無くしては生きられない！普段はあまり見せることのない蒸れた腋で男を魅了するワキ美女20名収録！,OKAX-910,,2023-06-24,241分鐘,,ケイ・エム・プロデュース,おかず。,,其他戀物癖、姐姐、羞恥、4小時以上作品、高畫質、猥褻穿著、DMM獨家、打手槍,多人,https://www.javbus.com/OKAX-910,
CJOB-132 奪い合いハーレム追撃お掃除フェラBEST「もう射精してるってばぁ～！」状態でもこねくり射精されちゃったボク,CJOB-132 奪い合いハーレム追撃お掃除フェラBEST「もう射精してるってばぁ～！」状態でもこねくり射精されちゃったボク,CJOB-132,,2023-06-23,240分鐘,,痴女ヘブン,痴女ヘブンBEST,,蕩婦、口交、合集、花癡、美少女、高畫質、ハーレム、DMM獨家,多人,https://www.javbus.com/CJOB-132,
CJOD-383 絶対領域 セクシーガールズバー痴女ハーレム 誘惑パンチラ美脚挟み撃ちで何度も射精させる卑猥サービス 大槻ひびき 波多野結衣 有岡みう 橘メアリー,CJOD-383 絶対領域 セクシーガールズバー痴女ハーレム 誘惑パンチラ美脚挟み撃ちで何度も射精させる卑猥サービス 大槻ひびき 波多野結衣 有岡みう 橘メアリー,CJOD-383,,2023-06-23,210分鐘,真咲南朋,痴女ヘブン,痴女ヘブン,,蕩婦、多P、中出、高畫質、ハーレム、DMM獨家,多人,https://www.javbus.com/CJOD-383,
MISTW-001 ミスターミチル人気シリーズ傑作選 子作りできるソープランド 数量限定 …,MISTW-001 ミスターミチル人気シリーズ傑作選 子作りできるソープランド 数量限定 …,MISTW-001,,2023-06-22,320分鐘,,Mr.michiru,Mr.michiru,PURE,角色扮演、美少女、乳房、中出、巨乳,多人,https://www.javbus.com/MISTW-001,
RVG-198 監禁・輪●・ドマゾ堕ち 教え子にセックス漬けにされた女教師たち 不良生徒の巣に堕ちた美人教師 BEST VOL.1,RVG-198 監禁・輪●・ドマゾ堕ち 教え子にセックス漬けにされた女教師たち 不良生徒の巣に堕ちた美人教師 BEST VOL.1,RVG-198,,2023-06-17,240分鐘,,グローリークエスト,GLORY QUEST,,女教師、合集、多P、粗暴、DMM獨家,多人,https://www.javbus.com/RVG-198,
MXDLP-0144 逃れられない玩具攻め！イカされまくりの4時間 2 森ななこ 吉沢明歩 二宮ナナ 由愛可奈 横山美雪,MXDLP-0144 逃れられない玩具攻め！イカされまくりの4時間 2 森ななこ 吉沢明歩 二宮ナナ 由愛可奈 横山美雪,MXDLP-0144,,2023-06-16,244分鐘,,MAXING,MAXING,逃れられない玩具攻め！,合集、4小時以上作品、オモチャ,多人,https://www.javbus.com/MXDLP-0144,
MXDLP-142 欲情交尾イキまくる女たちSP,MXDLP-142 欲情交尾イキまくる女たちSP,MXDLP-142,,2023-06-16,261分鐘,,マキシング,MAXING,,苗條、合集、4小時以上作品、高畫質、女優ベスト・総集編,多人,https://www.javbus.com/MXDLP-142,
PBD-443 綺麗なお姉さんに濃厚中出し！射精直前！鬼ピストンラッシュ！70本番BEST,PBD-443 綺麗なお姉さんに濃厚中出し！射精直前！鬼ピストンラッシュ！70本番BEST,PBD-443,,2023-06-16,240分鐘,,プレミアム,PREMIUM BEST,,合集、花癡、姐姐、數位馬賽克、凌辱、中出、高畫質、巨尻、DMM獨家,多人,https://www.javbus.com/PBD-443,
MXDLP-0142 欲情交尾イキまくる女たちSP 千葉ねね 秋月小町 小西悠 葉山瞳 三原ほのか,MXDLP-0142 欲情交尾イキまくる女たちSP 千葉ねね 秋月小町 小西悠 葉山瞳 三原ほのか,MXDLP-0142,,2023-06-16,260分鐘,,MAXING,MAXING,欲情交尾イキまくる女たち,合集、4小時以上作品,多人,https://www.javbus.com/MXDLP-0142,
MXDLP-144 逃れられない玩具攻め！イカされまくりの4時間 2,MXDLP-144 逃れられない玩具攻め！イカされまくりの4時間 2,MXDLP-144,,2023-06-16,244分鐘,,マキシング,MAXING,逃れられない玩具攻め,合集、多P、4小時以上作品、高畫質、女優ベスト・総集編,多人,https://www.javbus.com/MXDLP-144,
UMD-872 ラッキーな胸チラを発見し、気づかれないように見てたけど、やっぱりバレてた？！ 24～ヨガインストラクター編～,UMD-872 ラッキーな胸チラを発見し、気づかれないように見てたけど、やっぱりバレてた？！ 24～ヨガインストラクター編～,UMD-872,,2023-06-15,122分鐘,ドラゴン西川,LEO,LEO,ラッキーな胸チラを発見し、気づかれないように見てたけど、やっぱりバレてた？！,蕩婦、乳交、乳房、高畫質、胸チラ、ノーブラ,多人,https://www.javbus.com/UMD-872,
CEAD-505 Extreme（過激な）オナニスト！40 みひな 2 ～8オナニー139分,CEAD-505 Extreme（過激な）オナニスト！40 みひな 2 ～8オナニー139分,CEAD-505,,2023-06-10,139分鐘,,セレブの友,セレブの友,Extreme（過激な）オナニスト！,成熟的女人、潮吹、無毛、アクメ・オーガズム、DMM獨家、自慰,多人,https://www.javbus.com/CEAD-505,
CEMD-350 枢木あおい まるごと完全収録1090分BEST,CEMD-350 枢木あおい まるごと完全収録1090分BEST,CEMD-350,,2023-06-10,1090分鐘,,セレブの友,セレブの友,○○まるごと完全収録,成熟的女人、花癡、女優ベスト・総集編、アクメ・オーガズム、DMM獨家,多人,https://www.javbus.com/CEMD-350,
BBSS-073 大人数で囲んで挟んでイカセ合い！逃げ場無しのエンドレス絶頂にドスケベ女子は淫乱覚醒！ 極上レズビアンハーレム大乱交BEST4時間！！,BBSS-073 大人数で囲んで挟んでイカセ合い！逃げ場無しのエンドレス絶頂にドスケベ女子は淫乱覚醒！ 極上レズビアンハーレム大乱交BEST4時間！！,BBSS-073,,2023-06-09,240分鐘,,ビビアン,ビビアン,,蕩婦、女同性戀、濫交、合集、花癡、高畫質、DMM獨家,多人,https://www.javbus.com/BBSS-073,
MMB-457 本物ですか！？ 俺らの聖地で女神達が狩る！,MMB-457 本物ですか！？ 俺らの聖地で女神達が狩る！,MMB-457,,2023-06-03,240分鐘,石切橋博士,桃太郎映像出版,桃太郎ベスト,,蕩婦、口交、制服、中出、猥褻穿著、DMM獨家,多人,https://www.javbus.com/MMB-457,
MIAA-860 令和の天才いっちゃん？昭和の天才はたちゃん？ AV界W天才痴女ハーレム！！台本なんていらねぇよ！ アドリブ淫語と凄テクで5秒で楽勝抜いてやんヨ 贅沢逆3P中出しスペシャル！！ 波多野結衣 松本いちか,MIAA-860 令和の天才いっちゃん？昭和の天才はたちゃん？ AV界W天才痴女ハーレム！！台本なんていらねぇよ！ アドリブ淫語と凄テクで5秒で楽勝抜いてやんヨ 贅沢逆3P中出しスペシャル！！ 波多野結衣 松本いちか,MIAA-860,,2023-06-02,140分鐘,タイガー小堺,ムーディーズ,みんなのキカタン,,蕩婦、姐姐、美少女、數位馬賽克、中出、高畫質、ハーレム、DMM獨家,多人,https://www.javbus.com/MIAA-860,
MBF-023 【FANZA独占】【配信専用】超厳選！チ○ポ奪い合いハーレムDX4時間！！,MBF-023 【FANZA独占】【配信専用】超厳選！チ○ポ奪い合いハーレムDX4時間！！,MBF-023,,2023-06-01,240分鐘,,マックスエー,MAX-A,,潮吹、多P、美少女、4小時以上作品、高畫質、DMM獨家,多人,https://www.javbus.com/MBF-023,
VRKM-1004 【VR】男の夢をかなえる15シチュエーション 200分ぶっ続けのラッキーSEXベスト！！,VRKM-1004 【VR】男の夢をかなえる15シチュエーション 200分ぶっ続けのラッキーSEXベスト！！,VRKM-1004,,2023-05-29,201分鐘,K太郎,ケイ・エム・プロデュース,KMPVR,VR BEST,合集、美少女、中出、女上位、VR専用、ハイクオリティVR、DMM獨家,多人,https://www.javbus.com/VRKM-1004,
DGCEDG-019 配信限定版 菊池奈央ハイパーベスト6時間08分,DGCEDG-019 配信限定版 菊池奈央ハイパーベスト6時間08分,DGCEDG-019,,2023-05-26,368分鐘,,セレブの友,,ハイパーベスト,成熟的女人、胖女人、中出、4小時以上作品、高畫質、女優ベスト・総集編、巨乳、DMM獨家,多人,https://www.javbus.com/DGCEDG-019,
LZBS-095 レズれ！の出演女優さんからアンケートを取ったら一番気持ち良かったプレイが「キス手マン」でした。 子宮こねくり回し絶頂厳選ベスト5時間,LZBS-095 レズれ！の出演女優さんからアンケートを取ったら一番気持ち良かったプレイが「キス手マン」でした。 子宮こねくり回し絶頂厳選ベスト5時間,LZBS-095,,2023-05-20,301分鐘,,レズれ！,レズれ！ ベスト,,女同性戀、舔陰、4小時以上作品、手指插入、女同接吻、高畫質、DMM獨家,多人,https://www.javbus.com/LZBS-095,
CJOB-129 「もう中に出してるってばぁ～」デカ尻杭打ち騎乗位90発！BEST,CJOB-129 「もう中に出してるってばぁ～」デカ尻杭打ち騎乗位90発！BEST,CJOB-129,,2023-05-19,240分鐘,,痴女ヘブン,痴女ヘブンBEST,,蕩婦、合集、屁股、中出、女上位、高畫質、巨尻、DMM獨家,多人,https://www.javbus.com/CJOB-129,
RLNC-001 緊縛ノーカット作品集 24作品25人3193分,RLNC-001 緊縛ノーカット作品集 24作品25人3193分,RLNC-001,,2023-05-19,3150分鐘,,ケイ・エム・プロデュース,REAL（レアルワークス）,REAL ノーカットBEST,紧缚、花癡、深喉、中出、高畫質、16時間以上作品、設置項目、巨乳、DMM獨家,多人,https://www.javbus.com/RLNC-001,
CJOB-130 ド痴女に囲まれ挟まれ同時に交互に射精される僕BEST,CJOB-130 ド痴女に囲まれ挟まれ同時に交互に射精される僕BEST,CJOB-130,,2023-05-19,240分鐘,,痴女ヘブン,痴女ヘブンBEST,,口交、合集、中出、女上位、高畫質、ハーレム、キス・接吻、DMM獨家,多人,https://www.javbus.com/CJOB-130,
MXDLP-0131 後ろから突かれたい淫乱美女SP 清水理紗 苺紅えりか 水沢のの 綾瀬なるみ 麻生希,MXDLP-0131 後ろから突かれたい淫乱美女SP 清水理紗 苺紅えりか 水沢のの 綾瀬なるみ 麻生希,MXDLP-0131,,2023-05-16,273分鐘,,MAXING,MAXING,,合集、花癡、4小時以上作品、配信専用,多人,https://www.javbus.com/MXDLP-0131,
MXDLP-132 何発でもヤリたいエロいカラダSP,MXDLP-132 何発でもヤリたいエロいカラダSP,MXDLP-132,,2023-05-16,293分鐘,,マキシング,MAXING,,苗條、合集、4小時以上作品、高畫質、女優ベスト・総集編,多人,https://www.javbus.com/MXDLP-132,
MXDLP-0132 何発でもヤリたいエロいカラダSP 小西悠 麻生希 三原ほのか 水沢のの 咲乃柑菜,MXDLP-0132 何発でもヤリたいエロいカラダSP 小西悠 麻生希 三原ほのか 水沢のの 咲乃柑菜,MXDLP-0132,,2023-05-16,292分鐘,,MAXING,MAXING,,合集、4小時以上作品、巨乳、配信専用,多人,https://www.javbus.com/MXDLP-0132,
MXDLP-131 後ろから突かれたい淫乱美女SP,MXDLP-131 後ろから突かれたい淫乱美女SP,MXDLP-131,,2023-05-16,274分鐘,,マキシング,MAXING,,合集、花癡、4小時以上作品、高畫質、女優ベスト・総集編、バック,多人,https://www.javbus.com/MXDLP-131,
MXDLP-0135 逃れられない玩具攻め！イカされまくりの4時間 瀬名みづき 小西悠 高井ルナ 紺野まこ 美咲ひな,MXDLP-0135 逃れられない玩具攻め！イカされまくりの4時間 瀬名みづき 小西悠 高井ルナ 紺野まこ 美咲ひな,MXDLP-0135,,2023-05-16,276分鐘,,MAXING,MAXING,,合集、4小時以上作品、配信専用、オモチャ,多人,https://www.javbus.com/MXDLP-0135,
MVG-053 母娘緊縛 親子丼調教 波多野結衣/花音うらら,MVG-053 母娘緊縛 親子丼調教 波多野結衣/花音うらら,MVG-053,,2023-05-13,180分鐘,薄刃紫翠,グローリークエスト,GLORY QUEST,,紧缚、多P、凌辱、M女、DMM獨家,多人,https://www.javbus.com/MVG-053,
KAGP-280 オナサポ！！ 女子○生 着衣で全裸で挑発的ダンス 4,KAGP-280 オナサポ！！ 女子○生 着衣で全裸で挑発的ダンス 4,KAGP-280,,2023-05-13,127分鐘,妻撮りの翁,かぐや姫Pt/妄想族,かぐや姫Pt,オナサポ！！,其他戀物癖、跳舞、內衣、妄想族、DMM獨家、局部特寫,多人,https://www.javbus.com/KAGP-280,
PRED-482 トリプル痴女ナースハーレム 欲求不満な看護師の3点責めコンビネーションで何度も何度も中出しさせられる！ 西野絵美 木下ひまり 波多野結衣,PRED-482 トリプル痴女ナースハーレム 欲求不満な看護師の3点責めコンビネーションで何度も何度も中出しさせられる！ 西野絵美 木下ひまり 波多野結衣,PRED-482,,2023-05-12,170分鐘,トレンディ山口,プレミアム,エレガンス,,蕩婦、护士、口交、多P、數位馬賽克、中出、高畫質、DMM獨家,多人,https://www.javbus.com/PRED-482,
PBD-441 綺麗なお姉さんの尻穴が見えるほど杭打ち騎乗位で60発も痴女られたボク…BEST,PBD-441 綺麗なお姉さんの尻穴が見えるほど杭打ち騎乗位で60発も痴女られたボク…BEST,PBD-441,,2023-05-12,240分鐘,,プレミアム,PREMIUM BEST,,蕩婦、合集、姐姐、數位馬賽克、中出、女上位、高畫質、巨尻、DMM獨家,多人,https://www.javbus.com/PBD-441,
UMD-868 入院生活が長過ぎておばさん看護師の透けパン尻でも余裕で勃起してしまう僕 7,UMD-868 入院生活が長過ぎておばさん看護師の透けパン尻でも余裕で勃起してしまう僕 7,UMD-868,,2023-05-12,122分鐘,ドラゴン西川,LEO,LEO,おばさん看護師の透けパン尻,护士、乳交、屁股、乳房、高畫質、打手槍,多人,https://www.javbus.com/UMD-868,
REAL-823 媚薬でガンギマリ！！アヘ顔全開でイキまくり汗だく汁だく汁ダダ漏れで大絶頂！！キメセク4時間BEST,REAL-823 媚薬でガンギマリ！！アヘ顔全開でイキまくり汗だく汁だく汁ダダ漏れで大絶頂！！キメセク4時間BEST,REAL-823,,2023-05-06,241分鐘,,レアルワークス,REAL（レアルワークス）,,藥物、潮吹、合集、花癡、4小時以上作品、汗だく、DMM獨家,多人,https://www.javbus.com/REAL-823,
RVG-194 「もう許して…」性奉仕専用バニーガールに成り果てた女たち No.1バニーガール史上最悪の恥辱BEST VOL.1,RVG-194 「もう許して…」性奉仕専用バニーガールに成り果てた女たち No.1バニーガール史上最悪の恥辱BEST VOL.1,RVG-194,,2023-05-06,240分鐘,,グローリークエスト,GLORY QUEST,,合集、多P、凌辱、兔女郎、DMM獨家,多人,https://www.javbus.com/RVG-194,
MXDLP-062 肉感むっちりドスケベお姉さんSP,MXDLP-062 肉感むっちりドスケベお姉さんSP,MXDLP-062,,2023-05-01,286分鐘,,マキシング,MAXING,,胖女人、合集、4小時以上作品、高畫質,多人,https://www.javbus.com/MXDLP-062,
MXDLP-102 超高級FU○Kスペシャル4時間,MXDLP-102 超高級FU○Kスペシャル4時間,MXDLP-102,,2023-05-01,294分鐘,,マキシング,MAXING,超高級FU○Kスペシャル,合集、4小時以上作品、高畫質,多人,https://www.javbus.com/MXDLP-102,
MXDLP-011 3P～複数で燃える女たち～,MXDLP-011 3P～複数で燃える女たち～,MXDLP-011,,2023-05-01,252分鐘,,マキシング,MAXING,3P～複数で燃える女たち～,合集、多P、4小時以上作品、高畫質,多人,https://www.javbus.com/MXDLP-011,
MXDLP-122 お姉さんって濃厚で淫乱5時間SP,MXDLP-122 お姉さんって濃厚で淫乱5時間SP,MXDLP-122,,2023-05-01,314分鐘,,マキシング,MAXING,,合集、4小時以上作品、高畫質,多人,https://www.javbus.com/MXDLP-122,
MXDLP-024 3P～複数で燃える女たち～ vol.2,MXDLP-024 3P～複数で燃える女たち～ vol.2,MXDLP-024,,2023-05-01,267分鐘,,マキシング,MAXING,3P～複数で燃える女たち～,合集、多P、4小時以上作品、高畫質,多人,https://www.javbus.com/MXDLP-024,
MXDLP-044 メイドさんの淫らなおもてなし,MXDLP-044 メイドさんの淫らなおもてなし,MXDLP-044,,2023-05-01,243分鐘,,マキシング,MAXING,,合集、4小時以上作品、高畫質、女傭,多人,https://www.javbus.com/MXDLP-044,
MXDLP-084 抵抗不可避！痴●車両へようこそ～4時間,MXDLP-084 抵抗不可避！痴●車両へようこそ～4時間,MXDLP-084,,2023-05-01,306分鐘,,マキシング,MAXING,,合集、4小時以上作品、高畫質,多人,https://www.javbus.com/MXDLP-084,
MXDLP-121 欲しがるおクチ濃厚フェラチオ4時間SP,MXDLP-121 欲しがるおクチ濃厚フェラチオ4時間SP,MXDLP-121,,2023-05-01,295分鐘,,マキシング,MAXING,,合集、4小時以上作品、高畫質,多人,https://www.javbus.com/MXDLP-121,
MXDLP-015 本当にいた！やれる風俗嬢！,MXDLP-015 本当にいた！やれる風俗嬢！,MXDLP-015,,2023-05-01,275分鐘,,マキシング,MAXING,,合集、妓女、4小時以上作品、高畫質,多人,https://www.javbus.com/MXDLP-015,
MXDLP-009 密着パーソナルヨガ教室,MXDLP-009 密着パーソナルヨガ教室,MXDLP-009,,2023-05-01,244分鐘,,マキシング,MAXING,,合集、4小時以上作品、高畫質、ヨガ,多人,https://www.javbus.com/MXDLP-009,
MXDLP-036 パンストが似合う美脚痴女vol.2,MXDLP-036 パンストが似合う美脚痴女vol.2,MXDLP-036,,2023-05-01,252分鐘,,マキシング,MAXING,パンストが似合う美脚痴女,蕩婦、合集、連褲襪、4小時以上作品、高畫質,多人,https://www.javbus.com/MXDLP-036,
MXDLP-054 Fucking Machine Collection,MXDLP-054 Fucking Machine Collection,MXDLP-054,,2023-05-01,291分鐘,,マキシング,MAXING,,玩具、合集、4小時以上作品、高畫質,多人,https://www.javbus.com/MXDLP-054,
MXDLP-101 ボンテージクイーンXXX,MXDLP-101 ボンテージクイーンXXX,MXDLP-101,,2023-05-01,258分鐘,,マキシング,MAXING,,合集、4小時以上作品、高畫質,多人,https://www.javbus.com/MXDLP-101,
MXDLP-008 約束の禁欲生活！久しぶりにHしたら絶頂を繰り返す欲求不満女子SP,MXDLP-008 約束の禁欲生活！久しぶりにHしたら絶頂を繰り返す欲求不満女子SP,MXDLP-008,,2023-05-01,297分鐘,,マキシング,MAXING,,合集、4小時以上作品、高畫質,多人,https://www.javbus.com/MXDLP-008,
MXDLP-003 媚薬でガクブルSEX SP,MXDLP-003 媚薬でガクブルSEX SP,MXDLP-003,,2023-05-01,262分鐘,,マキシング,MAXING,,藥物、合集、4小時以上作品、高畫質,多人,https://www.javbus.com/MXDLP-003,
MXDLP-023 ぬるぬるローションマット専門店,MXDLP-023 ぬるぬるローションマット専門店,MXDLP-023,,2023-05-01,322分鐘,,マキシング,MAXING,,合集、乳液、4小時以上作品、高畫質,多人,https://www.javbus.com/MXDLP-023,
MXDLP-043 肉感桃尻フェチシズム,MXDLP-043 肉感桃尻フェチシズム,MXDLP-043,,2023-05-01,258分鐘,,マキシング,MAXING,,其他戀物癖、合集、屁股、4小時以上作品、高畫質,多人,https://www.javbus.com/MXDLP-043,
MXDLP-075 厳選！美女たちのプライベートSEX！ハメ撮りBEST 4時間,MXDLP-075 厳選！美女たちのプライベートSEX！ハメ撮りBEST 4時間,MXDLP-075,,2023-05-01,242分鐘,,マキシング,MAXING,,合集、4小時以上作品、高畫質,多人,https://www.javbus.com/MXDLP-075,
MXDLP-105 駅弁いかがっスか～？パワフル駅弁ファック4時間 2,MXDLP-105 駅弁いかがっスか～？パワフル駅弁ファック4時間 2,MXDLP-105,,2023-05-01,245分鐘,,マキシング,MAXING,駅弁いかがっスか～？パワフル駅弁ファック,合集、4小時以上作品、高畫質,多人,https://www.javbus.com/MXDLP-105,
MXDLP-013 体液噴出 潮吹きSP,MXDLP-013 体液噴出 潮吹きSP,MXDLP-013,,2023-05-01,299分鐘,,マキシング,MAXING,,潮吹、合集、4小時以上作品、高畫質,多人,https://www.javbus.com/MXDLP-013,
MXDLP-055 鬼突イラマチオ,MXDLP-055 鬼突イラマチオ,MXDLP-055,,2023-05-01,256分鐘,,マキシング,MAXING,,口交、合集、4小時以上作品、高畫質,多人,https://www.javbus.com/MXDLP-055,
MXDLP-033 欲情女のオナニーSP,MXDLP-033 欲情女のオナニーSP,MXDLP-033,,2023-05-01,252分鐘,,マキシング,MAXING,,合集、4小時以上作品、高畫質、自慰,多人,https://www.javbus.com/MXDLP-033,
MXDLP-047 見つめ合いながら愛し合う！主観プレイ4時間,MXDLP-047 見つめ合いながら愛し合う！主観プレイ4時間,MXDLP-047,,2023-05-01,250分鐘,,マキシング,MAXING,,合集、4小時以上作品、主觀視角、高畫質,多人,https://www.javbus.com/MXDLP-047,
MXDLP-093 欲求不満なド淫乱な肉感ボディを攻めまくり5時間スペシャル,MXDLP-093 欲求不満なド淫乱な肉感ボディを攻めまくり5時間スペシャル,MXDLP-093,,2023-05-01,351分鐘,,マキシング,MAXING,,胖女人、合集、4小時以上作品、高畫質,多人,https://www.javbus.com/MXDLP-093,
MXDLP-007 グッチョリぬるぬるローション SP,MXDLP-007 グッチョリぬるぬるローション SP,MXDLP-007,,2023-05-01,269分鐘,,マキシング,MAXING,,合集、乳液、4小時以上作品、高畫質,多人,https://www.javbus.com/MXDLP-007,
MBF-022 【FANZA独占】【配信専用】超厳選！杭打ちピストンこねくり騎乗位DX25連発！！,MBF-022 【FANZA独占】【配信専用】超厳選！杭打ちピストンこねくり騎乗位DX25連発！！,MBF-022,,2023-05-01,240分鐘,,マックスエー,MAX-A,,玩具、苗條、第一人稱攝影、纪录片、美少女、4小時以上作品、高畫質、DMM獨家,多人,https://www.javbus.com/MBF-022,
MXDLP-018 濃密接吻 濃厚性交SP,MXDLP-018 濃密接吻 濃厚性交SP,MXDLP-018,,2023-05-01,267分鐘,,マキシング,MAXING,,合集、4小時以上作品、高畫質、キス・接吻,多人,https://www.javbus.com/MXDLP-018,
MXDLP-042 淫乱オマ●コ、くぱぁ～！大股開きでザーメンべっとり,MXDLP-042 淫乱オマ●コ、くぱぁ～！大股開きでザーメンべっとり,MXDLP-042,,2023-05-01,290分鐘,,マキシング,MAXING,,合集、花癡、4小時以上作品、高畫質,多人,https://www.javbus.com/MXDLP-042,
MXDLP-071 超絶美女神のパーフェクトボディ,MXDLP-071 超絶美女神のパーフェクトボディ,MXDLP-071,,2023-05-01,284分鐘,,マキシング,MAXING,,合集、4小時以上作品、高畫質,多人,https://www.javbus.com/MXDLP-071,
MXDLP-103 アナル剥き出し桃尻 5時間スペシャル,MXDLP-103 アナル剥き出し桃尻 5時間スペシャル,MXDLP-103,,2023-05-01,325分鐘,,マキシング,MAXING,,合集、4小時以上作品、高畫質,多人,https://www.javbus.com/MXDLP-103,
MXDLP-012 生中出し8連発,MXDLP-012 生中出し8連発,MXDLP-012,,2023-05-01,274分鐘,,マキシング,MAXING,生中出し○連発,合集、中出、4小時以上作品、高畫質,多人,https://www.javbus.com/MXDLP-012,
MXDLP-063 発情SEX この喘ぎ声がたまらない SP,MXDLP-063 発情SEX この喘ぎ声がたまらない SP,MXDLP-063,,2023-05-01,283分鐘,,マキシング,MAXING,,合集、4小時以上作品、高畫質,多人,https://www.javbus.com/MXDLP-063,
MXDLP-031 ペロペロ、じゅぽじゅぽ、もぐもぐタイム,MXDLP-031 ペロペロ、じゅぽじゅぽ、もぐもぐタイム,MXDLP-031,,2023-05-01,264分鐘,,マキシング,MAXING,,口交、合集、4小時以上作品、高畫質,多人,https://www.javbus.com/MXDLP-031,
MXDLP-046 性欲が止まらない！淫乱どスケベ痴女280分,MXDLP-046 性欲が止まらない！淫乱どスケベ痴女280分,MXDLP-046,,2023-05-01,282分鐘,,マキシング,MAXING,性欲が止まらない！淫乱どスケベ痴女,蕩婦、合集、花癡、4小時以上作品、高畫質,多人,https://www.javbus.com/MXDLP-046,
MXDLP-091 美女の体液ダダ洩れ4時間スペシャル,MXDLP-091 美女の体液ダダ洩れ4時間スペシャル,MXDLP-091,,2023-05-01,255分鐘,,マキシング,MAXING,,合集、4小時以上作品、高畫質,多人,https://www.javbus.com/MXDLP-091,
MXDLP-123 性欲が止まらない！淫乱どスケベ痴女vol.3,MXDLP-123 性欲が止まらない！淫乱どスケベ痴女vol.3,MXDLP-123,,2023-05-01,245分鐘,,マキシング,MAXING,性欲が止まらない！淫乱どスケベ痴女,合集、4小時以上作品、高畫質,多人,https://www.javbus.com/MXDLP-123,
MXDLP-016 パンストが似合う美脚痴女SP 4時間,MXDLP-016 パンストが似合う美脚痴女SP 4時間,MXDLP-016,,2023-05-01,241分鐘,,マキシング,MAXING,パンストが似合う美脚痴女,蕩婦、合集、連褲襪、4小時以上作品、高畫質,多人,https://www.javbus.com/MXDLP-016,
MXDLP-037 生中出し7連発,MXDLP-037 生中出し7連発,MXDLP-037,,2023-05-01,269分鐘,,マキシング,MAXING,生中出し○連発,合集、中出、4小時以上作品、高畫質,多人,https://www.javbus.com/MXDLP-037,
KSBJ-246 美熟女がランジェリー姿で悶絶オナニー13人,KSBJ-246 美熟女がランジェリー姿で悶絶オナニー13人,KSBJ-246,,2023-04-29,241分鐘,,KSB企画/エマニエル,KSB企画/エマニエル,,成熟的女人、合集、4小時以上作品、高畫質、巨乳、エマニエル、DMM獨家、自慰,多人,https://www.javbus.com/KSBJ-246,
JRW-033 本当にあった全裸旅館28 ネットの評判を過剰に意識しすぎた結果、行き過ぎたおもてなしで男の欲望のすべてを満たしてくれるエロ過ぎる温泉旅館に行ってきた！,JRW-033 本当にあった全裸旅館28 ネットの評判を過剰に意識しすぎた結果、行き過ぎたおもてなしで男の欲望のすべてを満たしてくれるエロ過ぎる温泉旅館に行ってきた！,JRW-033,,2023-04-29,139分鐘,割目三朗,ルビー,RUBY,本当にあった全裸旅館,放尿、多P、温泉、ハーレム、旅行、DMM獨家,多人,https://www.javbus.com/JRW-033,
VRKM-966 【VR】全てのぶっかけをここに 顔射VR500分ノーカットBEST,VRKM-966 【VR】全てのぶっかけをここに 顔射VR500分ノーカットBEST,VRKM-966,,2023-04-24,518分鐘,K太郎,ケイ・エム・プロデュース,KMPVR,VR BEST,合集、美少女、4小時以上作品、顏射、VR専用、ハイクオリティVR、DMM獨家,多人,https://www.javbus.com/VRKM-966,
HNDB-234 競い合い！？奪い合い！！？美女に挟まれ囲まれ僕のザーメン搾りヌキ！夢の極上ハーレム中出し8時間BEST,HNDB-234 競い合い！？奪い合い！！？美女に挟まれ囲まれ僕のザーメン搾りヌキ！夢の極上ハーレム中出し8時間BEST,HNDB-234,,2023-04-21,480分鐘,,本中,本中,本中BEST,蕩婦、合集、中出、高畫質、ハーレム、DMM獨家,多人,https://www.javbus.com/HNDB-234,
DASS-133 はじめてのNHレズセックス 人生初の筆下ろし、解禁。 柏木かなみ 波多野結衣 大槻ひびき,DASS-133 はじめてのNHレズセックス 人生初の筆下ろし、解禁。 柏木かなみ 波多野結衣 大槻ひびき,DASS-133,,2023-04-21,160分鐘,真咲南朋,ダスッ！,ダスッ！,はじめてのNHレズセックス,女同性戀、變性者、多P、高畫質、肛内中出、DMM獨家,多人,https://www.javbus.com/DASS-133,
KANZ-270 S級美熟女列伝 960分 完全盤6枚組,KANZ-270 S級美熟女列伝 960分 完全盤6枚組,KANZ-270,,2023-04-20,777分鐘,,ネクスト,完全盤,,成熟的女人、合集、中出、4小時以上作品,多人,https://www.javbus.com/KANZ-270,
MXDLP-0121 欲しがるおクチ濃厚フェラチオ4時間SP 吉沢明歩 青山はな 神谷瑠里 星乃月 咲野の花,MXDLP-0121 欲しがるおクチ濃厚フェラチオ4時間SP 吉沢明歩 青山はな 神谷瑠里 星乃月 咲野の花,MXDLP-0121,,2023-04-16,295分鐘,,MAXING,MAXING,,合集、4小時以上作品、配信専用、フェラモノ,多人,https://www.javbus.com/MXDLP-0121,
MXDLP-0122 お姉さんって濃厚で淫乱5時間SP 長瀬百合 波多野結衣 大槻ひびき 陽向さえか 佐々木あき,MXDLP-0122 お姉さんって濃厚で淫乱5時間SP 長瀬百合 波多野結衣 大槻ひびき 陽向さえか 佐々木あき,MXDLP-0122,,2023-04-16,313分鐘,,MAXING,MAXING,,合集、花癡、姐姐、4小時以上作品、配信専用,多人,https://www.javbus.com/MXDLP-0122,
MXDLP-0123 性欲が止まらない！淫乱どスケベ痴女 vol.3 高井ルナ 由愛可奈 大槻ひびき 水鳥文乃 波多野結衣,MXDLP-0123 性欲が止まらない！淫乱どスケベ痴女 vol.3 高井ルナ 由愛可奈 大槻ひびき 水鳥文乃 波多野結衣,MXDLP-0123,,2023-04-16,245分鐘,,MAXING,MAXING,性欲が止まらない！淫乱どスケベ痴女,蕩婦、合集、花癡、4小時以上作品、配信専用,多人,https://www.javbus.com/MXDLP-0123,
DVDMS-969 色白デカ尻の家事代行おばさんに即ハメ！デカチンの虜になった人妻が翌日勝手に押しかけてきたので満足するまで何度も中出ししてあげた2nd BEST 人妻6名収録！！ 2枚組10時間！！,DVDMS-969 色白デカ尻の家事代行おばさんに即ハメ！デカチンの虜になった人妻が翌日勝手に押しかけてきたので満足するまで何度も中出ししてあげた2nd BEST 人妻6名収録！！ 2枚組10時間！！,DVDMS-969,,2023-04-14,601分鐘,,ディープス,DEEP’S,色白デカ尻の家事代行おばさんに即ハメ！,合集、已婚婦女、屁股、中出、4小時以上作品、高畫質、巨乳、DMM獨家,多人,https://www.javbus.com/DVDMS-969,
UMD-864 近親素股プレイでハプニング！！姉がセックスの伝授中にガマン出来ずにヌルンと挿入！！3,UMD-864 近親素股プレイでハプニング！！姉がセックスの伝授中にガマン出来ずにヌルンと挿入！！3,UMD-864,,2023-04-14,122分鐘,ドラゴン西川,LEO,LEO,近親素股プレイでハプニング！！,姐妹、乳房、女上位、高畫質、打手槍,多人,https://www.javbus.com/UMD-864,
CEAD-486 Extreme（過激な）オナニスト！29 波多野結衣 2 ～10オナニー158分,CEAD-486 Extreme（過激な）オナニスト！29 波多野結衣 2 ～10オナニー158分,CEAD-486,,2023-04-08,158分鐘,,セレブの友,セレブの友,Extreme（過激な）オナニスト！,成熟的女人、淫語、アクメ・オーガズム、ディルド、DMM獨家、自慰,多人,https://www.javbus.com/CEAD-486,
CEAD-487 川上ゆう The Ultimate Best 8時間 2,CEAD-487 川上ゆう The Ultimate Best 8時間 2,CEAD-487,,2023-04-08,480分鐘,,セレブの友,セレブの友,The Ultimate Best,成熟的女人、女同性戀、纪录片、中出、女優ベスト・総集編、DMM獨家,多人,https://www.javbus.com/CEAD-487,
CRFV-005 【祝春ギフト】妖艶最強巨乳妻15名 魔少年たちの巨乳奥様狩り35時間 シリーズ15タイトルまるごと2112分大収録,CRFV-005 【祝春ギフト】妖艶最強巨乳妻15名 魔少年たちの巨乳奥様狩り35時間 シリーズ15タイトルまるごと2112分大収録,CRFV-005,,2023-04-07,2112分鐘,Buddha D,クリスタル映像,NITRO,魔少年たちの巨乳奥様狩り,亂倫、已婚婦女、偷窥、多P、凌辱、中出、高畫質、正太控、16時間以上作品、設置項目、巨乳、福袋、DMM獨家,多人,https://www.javbus.com/CRFV-005,
RBFB-001 【祝春ギフト】母子交尾の神髄を堪能せよ！！！,RBFB-001 【祝春ギフト】母子交尾の神髄を堪能せよ！！！,RBFB-001,,2023-04-07,1679分鐘,,ルビー,旅路,母子交尾,成熟的女人、母親、亂倫、中出、高畫質、16時間以上作品、設置項目、旅行、福袋、DMM獨家,多人,https://www.javbus.com/RBFB-001,
DSCESD-003 【祝春ギフト】セレブの友ファン感謝福袋 絶対にヌケる！ノーカット丸ごと厳選15作品セットの第3段！！！,DSCESD-003 【祝春ギフト】セレブの友ファン感謝福袋 絶対にヌケる！ノーカット丸ごと厳選15作品セットの第3段！！！,DSCESD-003,,2023-04-07,2094分鐘,,セレブの友,,,女同性戀、中出、高畫質、16時間以上作品、設置項目、巨乳、福袋、DMM獨家、肛交,多人,https://www.javbus.com/DSCESD-003,
MAXAVRF-004 【VR祝春ギフト】期間限定 春の変態祭り 変態大集合SPECIAL ノーカット2194分 全ての変態さんに答えます！,MAXAVRF-004 【VR祝春ギフト】期間限定 春の変態祭り 変態大集合SPECIAL ノーカット2194分 全ての変態さんに答えます！,MAXAVRF-004,,2023-04-07,2194分鐘,,マックスエー,MAX-AVR,,制服、拘束、中出、16時間以上作品、VR専用、設置項目、巨乳、ハイクオリティVR、福袋、DMM獨家、局部特寫,多人,https://www.javbus.com/MAXAVRF-004,
HNVR-109 【VR】中出しVRベスト2 990分 全部ナマ中出し！,HNVR-109 【VR】中出しVRベスト2 990分 全部ナマ中出し！,HNVR-109,,2023-04-03,988分鐘,,本中,本中-VR,本中-VR,合集、美少女、中出、主觀視角、3D、16時間以上作品、VR専用、ハイクオリティVR、DMM獨家,多人,https://www.javbus.com/HNVR-109,
MBF-021 【期間限定】【FANZA独占】【配信専用】尻・尻・尻・大きなデカ尻に埋もれたいお尻大好きCollection ～お尻のサイズ合計368cm美巨尻祭り～,MBF-021 【期間限定】【FANZA独占】【配信専用】尻・尻・尻・大きなデカ尻に埋もれたいお尻大好きCollection ～お尻のサイズ合計368cm美巨尻祭り～,MBF-021,,2023-04-01,468分鐘,,マックスエー,MAX-A,期間限定特別版,潮吹、屁股、美少女、4小時以上作品、高畫質、巨尻、DMM獨家,多人,https://www.javbus.com/MBF-021,
VRKM-920 【VR】超至近距離フェラチオ,VRKM-920 【VR】超至近距離フェラチオ,VRKM-920,,2023-03-26,67分鐘,K太郎,ケイ・エム・プロデュース,KMPVR,,蕩婦、口交、淫語、美少女、VR専用、ハイクオリティVR、DMM獨家、局部特寫,多人,https://www.javbus.com/VRKM-920,
CEAD-478 ～激カワ激オコ地雷系彼女の取扱説明書～8時間11分,CEAD-478 ～激カワ激オコ地雷系彼女の取扱説明書～8時間11分,CEAD-478,,2023-03-25,491分鐘,,セレブの友,セレブの友,,成熟的女人、放尿、舔陰、中出、アクメ・オーガズム、DMM獨家,多人,https://www.javbus.com/CEAD-478,
UMSO-495 魅力の体で全力運動！全裸フィットネス28人VOL.02,UMSO-495 魅力の体で全力運動！全裸フィットネス28人VOL.02,UMSO-495,,2023-03-25,243分鐘,,ケイ・エム・プロデュース,UMANAMI,魅力の体で全力運動！全裸フィットネス,成熟的女人、其他戀物癖、合集、4小時以上作品、高畫質、巨乳、DMM獨家,多人,https://www.javbus.com/UMSO-495,
UMSO-493 玄関先で宅配業者を誘惑してフェラ中に、隣の旦那さんが回覧板を持ってやって来た！！VOL.02,UMSO-493 玄関先で宅配業者を誘惑してフェラ中に、隣の旦那さんが回覧板を持ってやって来た！！VOL.02,UMSO-493,,2023-03-25,243分鐘,,ケイ・エム・プロデュース,UMANAMI,玄関先で宅配業者を誘惑してフェラ中に、隣の旦那さんが回覧板を持ってやって来た！！,蕩婦、口交、合集、已婚婦女、4小時以上作品、高畫質、DMM獨家,多人,https://www.javbus.com/UMSO-493,
CEAD-479 波多野結衣＋大槻ひびき アナルレズ限定 The Ultimate Best8時間,CEAD-479 波多野結衣＋大槻ひびき アナルレズ限定 The Ultimate Best8時間,CEAD-479,,2023-03-25,480分鐘,,セレブの友,セレブの友,The Ultimate Best,成熟的女人、女同性戀、女同接吻、女優ベスト・総集編、DMM獨家、肛交,多人,https://www.javbus.com/CEAD-479,
UMSO-492 引っ越したシェアハウスの美人大家さんは、いつもノーブラでノーパン！？住人はその大家さんをシェアできるというパラダイスハウスだった！！,UMSO-492 引っ越したシェアハウスの美人大家さんは、いつもノーブラでノーパン！？住人はその大家さんをシェアできるというパラダイスハウスだった！！,UMSO-492,,2023-03-25,242分鐘,,ケイ・エム・プロデュース,UMANAMI,,蕩婦、成熟的女人、合集、4小時以上作品、高畫質、巨乳、DMM獨家,多人,https://www.javbus.com/UMSO-492,
NACX-118 騎乗位で腰を振り続ける熟女40人VOL.04,NACX-118 騎乗位で腰を振り続ける熟女40人VOL.04,NACX-118,,2023-03-20,242分鐘,,プラネットプラス,七狗留,騎乗位で腰を振り続ける熟女60人,成熟的女人、合集、女上位、4小時以上作品、高畫質、巨乳,多人,https://www.javbus.com/NACX-118,
VRKM-909 【VR】美女たちを艶やかに彩る和装こそ至高のアイテムだ！和装美女1057分超豪華ノーカット,VRKM-909 【VR】美女たちを艶やかに彩る和装こそ至高のアイテムだ！和装美女1057分超豪華ノーカット,VRKM-909,,2023-03-20,1055分鐘,K太郎,ケイ・エム・プロデュース,KMPVR,VR BEST,和服・喪服、合集、美少女、中出、女上位、16時間以上作品、VR専用、ハイクオリティVR、DMM獨家,多人,https://www.javbus.com/VRKM-909,
UMD-862 潜入っ！！●●駅北口から徒歩2分！これがウワサの闇リフレ！！,UMD-862 潜入っ！！●●駅北口から徒歩2分！これがウワサの闇リフレ！！,UMD-862,,2023-03-16,122分鐘,ドラゴン西川,LEO,LEO,,口交、女上位、按摩、高畫質、打手槍,多人,https://www.javbus.com/UMD-862,
VRKM-890 【VR】2022年超ヒット もっとも売れたタイトルTOP30 超人気作だけを集めた最強豪華BEST！！絶対満足500分,VRKM-890 【VR】2022年超ヒット もっとも売れたタイトルTOP30 超人気作だけを集めた最強豪華BEST！！絶対満足500分,VRKM-890,,2023-03-16,501分鐘,K太郎,ケイ・エム・プロデュース,KMPVR,VR BEST,合集、美少女、中出、女上位、4小時以上作品、VR専用、巨乳、ハイクオリティVR、DMM獨家,多人,https://www.javbus.com/VRKM-890,
CEAD-477 波多野結衣＋推川ゆうり＋大槻ひびき2枚組ハイパーベスト5時間17分,CEAD-477 波多野結衣＋推川ゆうり＋大槻ひびき2枚組ハイパーベスト5時間17分,CEAD-477,,2023-03-11,317分鐘,,セレブの友,セレブの友,ハイパーベスト,成熟的女人、女同性戀、合集、戲劇、DMM獨家、肛交,多人,https://www.javbus.com/CEAD-477,
AEGE-0012 人身売買パンスト狂宴 波多野結衣 麻里梨夏 羽生ありさ,AEGE-0012 人身売買パンスト狂宴 波多野結衣 麻里梨夏 羽生ありさ,AEGE-0012,,2023-03-10,140分鐘,,AEGEAN,エーゲ,,蕩婦、其他戀物癖、屁股、戀腿癖、巨乳、配信専用、フルハイビジョン(FHD),多人,https://www.javbus.com/AEGE-0012,
BBSS-070 ぺロぺロこねくり乳首責め＆じゅぼじゅぼクリフェラでスケベ汁垂れ流しレズビアン痴女天国BEST！！,BBSS-070 ぺロぺロこねくり乳首責め＆じゅぼじゅぼクリフェラでスケベ汁垂れ流しレズビアン痴女天国BEST！！,BBSS-070,,2023-03-10,240分鐘,,ビビアン,ビビアン,,蕩婦、女同性戀、合集、花癡、女同接吻、高畫質、DMM獨家,多人,https://www.javbus.com/BBSS-070,
MMB-447 呑んで呑まれてハメまくり！ お酒大好き泥●美女10人,MMB-447 呑んで呑まれてハメまくり！ お酒大好き泥●美女10人,MMB-447,,2023-03-04,241分鐘,石切橋博士,桃太郎映像出版,桃太郎ベスト,,第一人稱攝影、飲尿、舔陰、中出、4小時以上作品、高畫質、DMM獨家,多人,https://www.javbus.com/MMB-447,
DVDMS-922 MM号特別編 仲良しAV女優2人組がイキ潮3000ml噴出チャレンジ！W潮吹きで連続イキした決壊オマ○コにデカチン激ピストン中出し！inザ・マジックミラー 波多野結衣＆大槻ひびき/乙アリス＆真矢みつき/天馬ゆい＆佐野なつ,DVDMS-922 MM号特別編 仲良しAV女優2人組がイキ潮3000ml噴出チャレンジ！W潮吹きで連続イキした決壊オマ○コにデカチン激ピストン中出し！inザ・マジックミラー 波多野結衣＆大槻ひびき/乙アリス＆真矢みつき/天馬ゆい＆佐野なつ,DVDMS-922,,2023-03-03,223分鐘,プールサイド,ディープス,ザ・マジックミラー（MM号・MM便）,ザ・マジックミラー（MM号）,企畫、放尿、潮吹、多P、中出、高畫質、DMM獨家,多人,https://www.javbus.com/DVDMS-922,
STTCD-066 【お得セット】ニューハーフなつきと佳苗るかの奇妙な同棲生活・生粋の女顔ニューハーフの童貞喪失ドキュメント・ニューハーフ・星越かなめのアナルマ○コ破壊3SEX＋超ドエロ映像,STTCD-066 【お得セット】ニューハーフなつきと佳苗るかの奇妙な同棲生活・生粋の女顔ニューハーフの童貞喪失ドキュメント・ニューハーフ・星越かなめのアナルマ○コ破壊3SEX＋超ドエロ映像,STTCD-066,,2023-03-02,431分鐘,,TRANS CLUB,TRANS CLUB（お得セット）,,變性者、4小時以上作品、高畫質、顏射、處男、女裝人妖、肛内中出、設置項目、DMM獨家,多人,https://www.javbus.com/STTCD-066,
KIOVR-009 【VR】【脚フェチルーズソックス特化VR】14人完全撮りおろし,KIOVR-009 【VR】【脚フェチルーズソックス特化VR】14人完全撮りおろし,KIOVR-009,,2023-02-28,185分鐘,曲がり坂69,こあらVR,こあらVR極,ルーズソックスVR,其他戀物癖、美少女、制服、泡泡襪、足交、VR専用、高中女生、ハイクオリティVR、DMM獨家,多人,https://www.javbus.com/KIOVR-009,
CEAD-472 発情痴女100人が思わずおねだり！生SEX大全集,CEAD-472 発情痴女100人が思わずおねだり！生SEX大全集,CEAD-472,,2023-02-25,480分鐘,,セレブの友,セレブの友,,蕩婦、成熟的女人、合集、花癡、巨乳、DMM獨家,多人,https://www.javbus.com/CEAD-472,
CEMD-301 波多野心療内科 洗脳レズビアン療法で貴女のお悩み解決します。,CEMD-301 波多野心療内科 洗脳レズビアン療法で貴女のお悩み解決します。,CEMD-301,,2023-02-25,168分鐘,,セレブの友,セレブの友,,成熟的女人、女同性戀、女同接吻、戲劇、病院・クリニック、DMM獨家,多人,https://www.javbus.com/CEMD-301,
DGCEMD-301 ★配信限定！特典映像付★波多野心療内科 洗脳レズビアン療法で貴女のお悩み解決します。,DGCEMD-301 ★配信限定！特典映像付★波多野心療内科 洗脳レズビアン療法で貴女のお悩み解決します。,DGCEMD-301,,2023-02-25,232分鐘,,セレブの友,,,成熟的女人、女同性戀、女同接吻、高畫質、戲劇、病院・クリニック、4K、DMM獨家,多人,https://www.javbus.com/DGCEMD-301,
LZBS-092 ベロキス濃密レズセックスでグッチョグチョに交わる体液… 汗×潮×涎まみれ100連発！厳選ベスト5時間,LZBS-092 ベロキス濃密レズセックスでグッチョグチョに交わる体液… 汗×潮×涎まみれ100連発！厳選ベスト5時間,LZBS-092,,2023-02-25,300分鐘,,レズれ！,レズれ！ ベスト,,女同性戀、潮吹、女同接吻、巨乳、DMM獨家,多人,https://www.javbus.com/LZBS-092,
NACX-116 くねらす絶品ボディ中出し14人VOL.05,NACX-116 くねらす絶品ボディ中出し14人VOL.05,NACX-116,,2023-02-20,242分鐘,,プラネットプラス,七狗留,くねらす絶品ボディ中出し,苗條、合集、乳房、中出、4小時以上作品、高畫質,多人,https://www.javbus.com/NACX-116,
NXGS-010 義父と嫁 中出し相姦,NXGS-010 義父と嫁 中出し相姦,NXGS-010,,2023-02-20,181分鐘,,ネクスト,ネクストグループ,,成熟的女人、中出、高畫質、戲劇、女優ベスト・総集編、巨乳,多人,https://www.javbus.com/NXGS-010,
MXDLP-0103 アナル剥き出し桃尻 5時間スペシャル 大槻ひびき 波多野結衣 吉沢明歩 由愛可奈 藍川みれい,MXDLP-0103 アナル剥き出し桃尻 5時間スペシャル 大槻ひびき 波多野結衣 吉沢明歩 由愛可奈 藍川みれい,MXDLP-0103,,2023-02-16,326分鐘,,MAXING,MAXING,,合集、4小時以上作品、配信専用,多人,https://www.javbus.com/MXDLP-0103,
MXDLP-0105 駅弁いかがっスか～？パワフル駅弁ファック4時間 2 夏乃ひまわり 香純ゆい みくるみく 由愛可奈 青山はな,MXDLP-0105 駅弁いかがっスか～？パワフル駅弁ファック4時間 2 夏乃ひまわり 香純ゆい みくるみく 由愛可奈 青山はな,MXDLP-0105,,2023-02-16,244分鐘,,MAXING,MAXING,駅弁いかがっスか～？パワフル駅弁ファック,合集、4小時以上作品、配信専用,多人,https://www.javbus.com/MXDLP-0105,
MXDLP-0101 ボンテージクイーンXXX 由愛可奈 千葉ねね 波多野結衣 青山はな 大槻ひびき,MXDLP-0101 ボンテージクイーンXXX 由愛可奈 千葉ねね 波多野結衣 青山はな 大槻ひびき,MXDLP-0101,,2023-02-16,257分鐘,,MAXING,MAXING,,合集、4小時以上作品、緊縛、配信専用,多人,https://www.javbus.com/MXDLP-0101,
UMD-858 潜入！！噂のリンパマッサージ店 15「裏オプション、いかがなさいますか？」,UMD-858 潜入！！噂のリンパマッサージ店 15「裏オプション、いかがなさいますか？」,UMD-858,,2023-02-16,122分鐘,ドラゴン西川,LEO,LEO,潜入！！噂のリンパマッサージ店,乳房、按摩、高畫質、顏面騎乘、打手槍,多人,https://www.javbus.com/UMD-858,
MXDLP-0102 超高級FU○Kスペシャル4時間 星乃月 大槻ひびき 咲野の花 吉沢明歩 由愛可奈,MXDLP-0102 超高級FU○Kスペシャル4時間 星乃月 大槻ひびき 咲野の花 吉沢明歩 由愛可奈,MXDLP-0102,,2023-02-16,293分鐘,,MAXING,MAXING,,合集、4小時以上作品、配信専用,多人,https://www.javbus.com/MXDLP-0102,
OVG-208 女体フェチ図鑑6完全全裸99人,OVG-208 女体フェチ図鑑6完全全裸99人,OVG-208,,2023-02-11,240分鐘,,グローリークエスト,GLORY QUEST,女体フェチ図鑑,苗條、其他戀物癖、巨乳、DMM獨家、局部特寫,多人,https://www.javbus.com/OVG-208,
MDBK-279 イチャLoveから中出し子作りまで結婚生活疑似体験 奥様代行デリバリー,MDBK-279 イチャLoveから中出し子作りまで結婚生活疑似体験 奥様代行デリバリー,MDBK-279,,2023-02-11,145分鐘,K太郎,BAZOOKA,BAZOOKA（バズーカ）,,妓女、新娘、年輕妻子、乳房、中出、胸チラ、DMM獨家,多人,https://www.javbus.com/MDBK-279,
GNAX-066 ドラマAV早送り8時間/犯●れながらも感じてしまった妻たち20人 2,GNAX-066 ドラマAV早送り8時間/犯●れながらも感じてしまった妻たち20人 2,GNAX-066,,2023-02-11,480分鐘,,NAGIRA,NAGIRA-ナギラ-,ドラマAV早送り,口交、已婚婦女、中出、戲劇、DMM獨家,多人,https://www.javbus.com/GNAX-066,
CEAD-466 ～溢れる性衝動に溺れるオンナ～セックス・ドンナ 皇ゆず 激エロ・SEX＆オナニー,CEAD-466 ～溢れる性衝動に溺れるオンナ～セックス・ドンナ 皇ゆず 激エロ・SEX＆オナニー,CEAD-466,,2023-02-11,170分鐘,,セレブの友,セレブの友,～溢れる性衝動に溺れるオンナ～セックス・ドンナ,成熟的女人、潮吹、花癡、DMM獨家、自慰、女生,多人,https://www.javbus.com/CEAD-466,
CEAD-462 ～溢れる性衝動に溺れるオンナ～セックス・ドンナ 枢木あおい 激エロ・SEX＆オナニー,CEAD-462 ～溢れる性衝動に溺れるオンナ～セックス・ドンナ 枢木あおい 激エロ・SEX＆オナニー,CEAD-462,,2023-02-11,140分鐘,,セレブの友,セレブの友,～溢れる性衝動に溺れるオンナ～セックス・ドンナ,成熟的女人、淫語、多P、中出、DMM獨家、自慰,多人,https://www.javbus.com/CEAD-462,
BBSS-069 ビビアンが選んだ本当にエロいレズSEX 50連発8時間！！（BBSS-069）,BBSS-069 ビビアンが選んだ本当にエロいレズSEX 50連発8時間！！（BBSS-069）,BBSS-069,,2023-02-10,480分鐘,,ビビアン,ビビアン,ビビアンが選んだ本当にエロいレズSEX,女同性戀、合集、女同接吻、高畫質、巨乳、DMM獨家,多人,https://www.javbus.com/BBSS-069,
NACX-115 美しい三十路熟女12人VOL.02,NACX-115 美しい三十路熟女12人VOL.02,NACX-115,,2023-02-05,241分鐘,,プラネットプラス,七狗留,美しい三十路熟女,成熟的女人、苗條、合集、高畫質、巨乳,多人,https://www.javbus.com/NACX-115,
CEAD-461 波多野結衣 The Ultimate Best レズ限定 8時間 2,CEAD-461 波多野結衣 The Ultimate Best レズ限定 8時間 2,CEAD-461,,2023-02-04,480分鐘,,セレブの友,セレブの友,The Ultimate Best,成熟的女人、女同性戀、花癡、女同接吻、女優ベスト・総集編、DMM獨家,多人,https://www.javbus.com/CEAD-461,
MMB-443 究極スライム爆乳でアナタのチ○ポを挟み撃ち！ SEXモンスター女子たちのハーレムを体験せよ！！！,MMB-443 究極スライム爆乳でアナタのチ○ポを挟み撃ち！ SEXモンスター女子たちのハーレムを体験せよ！！！,MMB-443,,2023-02-04,240分鐘,石切橋博士,桃太郎映像出版,桃太郎ベスト,,口交、乳交、多P、女上位、巨乳、DMM獨家,多人,https://www.javbus.com/MMB-443,
MMB-442 フォロワー数合計◎◎◎万人！ インフルエンサー女優大胆エッチ！,MMB-442 フォロワー数合計◎◎◎万人！ インフルエンサー女優大胆エッチ！,MMB-442,,2023-02-04,240分鐘,石切橋博士,桃太郎映像出版,桃太郎ベスト,,玩具、苗條、乳房、中出、DMM獨家、吞精,多人,https://www.javbus.com/MMB-442,
BMW-275 ケツ穴で何度も大絶頂！ 前立腺でイカされ続けるブッ飛び快感メスイキBEST,BMW-275 ケツ穴で何度も大絶頂！ 前立腺でイカされ続けるブッ飛び快感メスイキBEST,BMW-275,,2023-02-03,240分鐘,,ワンズファクトリー,WANZ,,蕩婦、合集、高畫質、M男、肛内中出、ハーレム、DMM獨家,多人,https://www.javbus.com/BMW-275,
VRKM-854 【VR】全作品驚異のノーカット収録！！2000分OVERBESTメガネっ娘PREMIUM SELECTION BEST,VRKM-854 【VR】全作品驚異のノーカット収録！！2000分OVERBESTメガネっ娘PREMIUM SELECTION BEST,VRKM-854,,2023-01-29,2023分鐘,K太郎,ケイ・エム・プロデュース,KMPVR,VR BEST,蕩婦、合集、中出、16時間以上作品、VR専用、眼鏡、巨乳、ハイクオリティVR、DMM獨家,多人,https://www.javbus.com/VRKM-854,
BIBIVR-097 【VR】一度の射精じゃ全然足りない！ 空っぽになるまで何度も何度も絞り取られる風俗嬢のプロ騎乗位200分BEST,BIBIVR-097 【VR】一度の射精じゃ全然足りない！ 空っぽになるまで何度も何度も絞り取られる風俗嬢のプロ騎乗位200分BEST,BIBIVR-097,,2023-01-24,201分鐘,K太郎,ケイ・エム・プロデュース,KMPVR,VR BEST,合集、妓女、女上位、VR専用、ハイクオリティVR、DMM獨家,多人,https://www.javbus.com/BIBIVR-097,
UMSO-487 美熟女ヌード観察50人,UMSO-487 美熟女ヌード観察50人,UMSO-487,,2023-01-21,243分鐘,,ケイ・エム・プロデュース,UMANAMI,,成熟的女人、其他戀物癖、4小時以上作品、高畫質、DMM獨家、肛交、局部特寫,多人,https://www.javbus.com/UMSO-487,
NSFS-158 新 愛妻ダッチワイフ ベスト,NSFS-158 新 愛妻ダッチワイフ ベスト,NSFS-158,,2023-01-21,216分鐘,ながえ,ながえスタイル,ながえSTYLE,愛妻ダッチワイフ,合集、已婚婦女、高畫質、出軌、戲劇、DMM獨家,多人,https://www.javbus.com/NSFS-158,
LZBS-091 ねっちょりマ●コ舐めで連続絶頂！クリちゅぱベロ挿入ズッボズボでイカせまくるレズクンニ100連発 厳選ベスト5時間,LZBS-091 ねっちょりマ●コ舐めで連続絶頂！クリちゅぱベロ挿入ズッボズボでイカせまくるレズクンニ100連発 厳選ベスト5時間,LZBS-091,,2023-01-21,304分鐘,,レズれ！,レズれ！ ベスト,,女同性戀、舔陰、4小時以上作品、女同接吻、高畫質、巨乳、DMM獨家,多人,https://www.javbus.com/LZBS-091,
AARM-154 性欲剥き出しの舌吸い接吻SEX集,AARM-154 性欲剥き出しの舌吸い接吻SEX集,AARM-154,,2023-01-19,244分鐘,,アロマ企画,AROMA,,蕩婦、其他戀物癖、合集、4小時以上作品、高畫質、キス・接吻,多人,https://www.javbus.com/AARM-154,
MXDLP-0091 美女の体液ダダ洩れ4時間スペシャル 千葉ねね 咲乃柑菜 青山はな 吉沢明歩 陽向さえか,MXDLP-0091 美女の体液ダダ洩れ4時間スペシャル 千葉ねね 咲乃柑菜 青山はな 吉沢明歩 陽向さえか,MXDLP-0091,,2023-01-16,255分鐘,,MAXING,MAXING,,合集、花癡、多P、拘束、4小時以上作品、配信専用、オモチャ,多人,https://www.javbus.com/MXDLP-0091,
MXDLP-0093 欲求不満なド淫乱な肉感ボディを攻めまくり5時間スペシャル 風間ゆみ 小向美奈子 星宮みなみ 波多野結衣 鷹宮ゆい,MXDLP-0093 欲求不満なド淫乱な肉感ボディを攻めまくり5時間スペシャル 風間ゆみ 小向美奈子 星宮みなみ 波多野結衣 鷹宮ゆい,MXDLP-0093,,2023-01-16,351分鐘,,MAXING,MAXING,,潮吹、合集、花癡、拘束、4小時以上作品、配信専用,多人,https://www.javbus.com/MXDLP-0093,
BBSS-067 ビビアン 2022年上半期コンプリートBEST 8時間 ～全作品の濃厚レズビアンセックス厳選収録～,BBSS-067 ビビアン 2022年上半期コンプリートBEST 8時間 ～全作品の濃厚レズビアンセックス厳選収録～,BBSS-067,,2023-01-06,480分鐘,,ビビアン,ビビアン,ビビアン ○半期コンプリートBEST,女同性戀、濫交、合集、女同接吻、高畫質、DMM獨家,多人,https://www.javbus.com/BBSS-067,
HZGB-041 新春 年明け大感謝祭！！子宮にたっぷり孕ませ中出し性交S級人妻ヌキ始め！【4K】超高画質 5時間Ultra HD BEST,HZGB-041 新春 年明け大感謝祭！！子宮にたっぷり孕ませ中出し性交S級人妻ヌキ始め！【4K】超高画質 5時間Ultra HD BEST,HZGB-041,,2023-01-06,299分鐘,,人妻花園劇場,imageII,,合集、已婚婦女、新娘、年輕妻子、通姦、中出、4小時以上作品、高畫質、出軌、花嫁、4K,多人,https://www.javbus.com/HZGB-041,
GVH-495 W淫語でチン媚びして擦り切れるまでセンズリぶっコかせてあげる！ 波多野結衣/新村あかり,GVH-495 W淫語でチン媚びして擦り切れるまでセンズリぶっコかせてあげる！ 波多野結衣/新村あかり,GVH-495,,2022-12-31,135分鐘,夢野あいだ,グローリークエスト,GLORY QUEST,,蕩婦、女同性戀、淫語、花癡、多P、DMM獨家,多人,https://www.javbus.com/GVH-495,
EKFB-001 【福袋】痴女優VS素人M男34時間 18作品まるごと AV女優ってスゴいでしょ2060分,EKFB-001 【福袋】痴女優VS素人M男34時間 18作品まるごと AV女優ってスゴいでしょ2060分,EKFB-001,,2022-12-29,2060分鐘,K*WEST,ワープエンタテインメント,,WAAPグループ福袋,蕩婦、合集、淫語、高畫質、M男、福袋,多人,https://www.javbus.com/EKFB-001,
CEMD-273 ～溢れる性衝動に溺れるオンナ～セックス・ドンナ 波多野結衣 2 激エロ・4SEX,CEMD-273 ～溢れる性衝動に溺れるオンナ～セックス・ドンナ 波多野結衣 2 激エロ・4SEX,CEMD-273,,2022-12-24,245分鐘,,セレブの友,セレブの友,～溢れる性衝動に溺れるオンナ～セックス・ドンナ,成熟的女人、花癡、多P、深喉、乳房、DMM獨家,多人,https://www.javbus.com/CEMD-273,
CJOB-124 ずぅ～っと乳首こねくりながら何度も射精かせてアゲルBEST2（CJOB-124）,CJOB-124 ずぅ～っと乳首こねくりながら何度も射精かせてアゲルBEST2（CJOB-124）,CJOB-124,,2022-12-23,240分鐘,,痴女ヘブン,痴女ヘブンBEST,ずぅ～っと乳首こねくりながら何度も射精かせてアゲル,蕩婦、合集、淫語、多P、高畫質、DMM獨家,多人,https://www.javbus.com/CJOB-124,
MMBS-012 いじわるご奉仕 癒しの巨尻ソープ嬢 ヌルヌル♪マットSEX 4時間総集編,MMBS-012 いじわるご奉仕 癒しの巨尻ソープ嬢 ヌルヌル♪マットSEX 4時間総集編,MMBS-012,,2022-12-17,239分鐘,宮本小次郎,MARRION,MARRION BEST,いじわるご奉仕 癒しの巨尻ソープ嬢,合集、屁股、高畫質、巨尻、DMM獨家,多人,https://www.javbus.com/MMBS-012,
JFB-306 Fitch15周年記念第4弾 極上フェラチオで射精直前の1番気持ち良い瞬間150連発8時間BEST,JFB-306 Fitch15周年記念第4弾 極上フェラチオで射精直前の1番気持ち良い瞬間150連発8時間BEST,JFB-306,,2022-12-16,480分鐘,,Fitch,Fitch,,口交、合集、數位馬賽克、高畫質、顏射、巨乳、DMM獨家、吞精,多人,https://www.javbus.com/JFB-306,
MAXAF-002 【福袋】期間限定 MAX-A 30周年記念 2022年末 女祭り2000分 ヌケますSPECIAL,MAXAF-002 【福袋】期間限定 MAX-A 30周年記念 2022年末 女祭り2000分 ヌケますSPECIAL,MAXAF-002,,2022-12-16,2007分鐘,,マックスエー,,,戀乳癖、乳房、中出、高畫質、16時間以上作品、設置項目、巨乳、福袋、DMM獨家,多人,https://www.javbus.com/MAXAF-002,
JFB-305 Fitch15周年記念第3弾 人気女優50名以上収録！皆様に愛され続けた名作シリーズ抜きどころ満載の12時間BEST,JFB-305 Fitch15周年記念第3弾 人気女優50名以上収録！皆様に愛され続けた名作シリーズ抜きどころ満載の12時間BEST,JFB-305,,2022-12-16,720分鐘,,Fitch,Fitch,,蕩婦、合集、數位馬賽克、中出、高畫質、巨尻、巨乳、DMM獨家,多人,https://www.javbus.com/JFB-305,
DSCESD-002 【福袋】セレブの友ファン感謝福袋 絶対にヌケる！ノーカット丸ごと厳選15作品セット！！,DSCESD-002 【福袋】セレブの友ファン感謝福袋 絶対にヌケる！ノーカット丸ごと厳選15作品セット！！,DSCESD-002,,2022-12-16,2266分鐘,,セレブの友,,セレブの友ファン感謝福袋,成熟的女人、女同性戀、高畫質、16時間以上作品、設置項目、巨乳、福袋、DMM獨家、肛交,多人,https://www.javbus.com/DSCESD-002,
MRSH-001 【福袋】ガチで厳選良作詰め合わせ！ミセスの素顔 お尻とNTRドラマ15タイトル30時間,MRSH-001 【福袋】ガチで厳選良作詰め合わせ！ミセスの素顔 お尻とNTRドラマ15タイトル30時間,MRSH-001,,2022-12-16,1811分鐘,夢咲イチロー,ミセスの素顔/エマニエル,,,已婚婦女、新娘、年輕妻子、中出、高畫質、出軌、16時間以上作品、巨尻、設置項目、エマニエル、福袋、DMM獨家,多人,https://www.javbus.com/MRSH-001,
MXDLP-0084 抵抗不可避！痴●車両へようこそ～4時間 吉沢明歩 白衣ゆき 由愛可奈 横山美雪 水沢のの,MXDLP-0084 抵抗不可避！痴●車両へようこそ～4時間 吉沢明歩 白衣ゆき 由愛可奈 横山美雪 水沢のの,MXDLP-0084,,2022-12-16,305分鐘,,MAXING,MAXING,,合集、4小時以上作品、配信専用,多人,https://www.javbus.com/MXDLP-0084,
STCEAD-048 【お得セット】水野朝陽を本気絶頂（ガチイキ）させる方法・極上射精ができるアナル舐め高級性感エステ・Hカップ豊乳痴女・尾上若葉に犯●れたい,STCEAD-048 【お得セット】水野朝陽を本気絶頂（ガチイキ）させる方法・極上射精ができるアナル舐め高級性感エステ・Hカップ豊乳痴女・尾上若葉に犯●れたい,STCEAD-048,,2022-12-14,405分鐘,,セレブの友,セレブの友（お得セット）,,成熟的女人、花癡、4小時以上作品、按摩、高畫質、設置項目、巨乳、DMM獨家、肛交,多人,https://www.javbus.com/STCEAD-048,
SAN-089 様々なシチュエーションで寝取られる6人の奥様6本番270分,SAN-089 様々なシチュエーションで寝取られる6人の奥様6本番270分,SAN-089,,2022-12-13,268分鐘,,マザー,マザー（マザー）,,合集、已婚婦女、通姦、4小時以上作品、高畫質、出軌、戲劇,多人,https://www.javbus.com/SAN-089,
GNAX-065 ドラマAV早送り8時間/犯●れながらも感じてしまった妻たち20人,GNAX-065 ドラマAV早送り8時間/犯●れながらも感じてしまった妻たち20人,GNAX-065,,2022-12-10,480分鐘,,NAGIRA,NAGIRA-ナギラ-,,口交、已婚婦女、中出、戲劇、DMM獨家,多人,https://www.javbus.com/GNAX-065,
NASH-809 夫に構ってもらえない母は事もあろうに童貞息子を誘惑！？筆下ろし！,NASH-809 夫に構ってもらえない母は事もあろうに童貞息子を誘惑！？筆下ろし！,NASH-809,,2022-12-10,242分鐘,,なでしこ,Nadeshiko,,成熟的女人、合集、亂倫、已婚婦女、DMM獨家,多人,https://www.javbus.com/NASH-809,
BBSS-065 波多野結衣 LESBIAN BEST ‘世界のハタノ’が魅せる超エロいレズセックス4時間！！,BBSS-065 波多野結衣 LESBIAN BEST ‘世界のハタノ’が魅せる超エロいレズセックス4時間！！,BBSS-065,,2022-12-09,240分鐘,,ビビアン,ビビアン,,蕩婦、女同性戀、多P、女同接吻、高畫質、女優ベスト・総集編、DMM獨家,多人,https://www.javbus.com/BBSS-065,
FKBW-003 【福袋】ドリシャッ！！35時間 16タイトルまるごと濃厚ザーメン顔射ぶっかけ2136分！,FKBW-003 【福袋】ドリシャッ！！35時間 16タイトルまるごと濃厚ザーメン顔射ぶっかけ2136分！,FKBW-003,,2022-12-09,2136分鐘,,ワープエンタテインメント,,WAAPグループ福袋,合集、高畫質、16時間以上作品、巨乳、福袋、顏射、吞精,多人,https://www.javbus.com/FKBW-003,
STCESD-097 【お得セット】同性愛快楽に目覚めた3Pレズビアン・女が女をガチイかせ！あおいれなのレズSEX・初レズ解禁！,STCESD-097 【お得セット】同性愛快楽に目覚めた3Pレズビアン・女が女をガチイかせ！あおいれなのレズSEX・初レズ解禁！,STCESD-097,,2022-12-07,416分鐘,,セレブの友,,,成熟的女人、女同性戀、多P、4小時以上作品、女同接吻、高畫質、設置項目、DMM獨家、貧乳・微乳,多人,https://www.javbus.com/STCESD-097,
KSBJ-225 三十路をすぎて益々性欲が高まった熟女たちが中出しセックスの快感に喜び喘ぐ！20人,KSBJ-225 三十路をすぎて益々性欲が高まった熟女たちが中出しセックスの快感に喜び喘ぐ！20人,KSBJ-225,,2022-12-03,242分鐘,,KSB企画/エマニエル,KSB企画/エマニエル,,成熟的女人、合集、乳房、中出、4小時以上作品、高畫質、エマニエル、DMM獨家,多人,https://www.javbus.com/KSBJ-225,
VRKM-791 【VR】顔面特化スペシャル ～こたつの中で顔面サンドウィッチ！常に密着3Pセックス！！～ 波多野結衣・大槻ひびき,VRKM-791 【VR】顔面特化スペシャル ～こたつの中で顔面サンドウィッチ！常に密着3Pセックス！！～ 波多野結衣・大槻ひびき,VRKM-791,,2022-12-01,95分鐘,ピンサロ大好きスズタケさん,ケイ・エム・プロデュース,KMPVR,特化VR,乳房、中出、女上位、主觀視角、VR専用、ハイクオリティVR、DMM獨家,多人,https://www.javbus.com/VRKM-791,
MBF-016 【期間限定】【FANZA独占】【配信専用】仮面夫婦コンプリート それぞれの男女が交錯する奇妙な物語 ＜岬あずさ×有村のぞみ＞ ＜大槻ひびき×波多野結衣＞,MBF-016 【期間限定】【FANZA独占】【配信専用】仮面夫婦コンプリート それぞれの男女が交錯する奇妙な物語 ＜岬あずさ×有村のぞみ＞ ＜大槻ひびき×波多野結衣＞,MBF-016,,2022-11-30,627分鐘,,マックスエー,MAX-A,期間限定特別版,已婚婦女、通姦、中出、4小時以上作品、高畫質、出軌、戲劇、DMM獨家,多人,https://www.javbus.com/MBF-016,
HKT-766 波多野結衣と大槻ひびきのビッグ2がSEXバトル！,HKT-766 波多野結衣と大槻ひびきのビッグ2がSEXバトル！,HKT-766,,2022-11-28,17分鐘,,HyakkinTV,HyakkinTV,,姐姐、多P、高畫質、DMM獨家,多人,https://www.javbus.com/HKT-766,
VRKM-805 【VR】AverVR 大特集300分！オールタイムBEST版,VRKM-805 【VR】AverVR 大特集300分！オールタイムBEST版,VRKM-805,,2022-11-23,300分鐘,K太郎,ケイ・エム・プロデュース,KMPVR,VR BEST,合集、美少女、中出、4小時以上作品、VR専用、ハイクオリティVR、DMM獨家,多人,https://www.javbus.com/VRKM-805,
CEMD-261 100人以上出演！卑猥淫語と極上テクニックで男を責める熟女痴女たち 8枚組23時間,CEMD-261 100人以上出演！卑猥淫語と極上テクニックで男を責める熟女痴女たち 8枚組23時間,CEMD-261,,2022-11-19,1380分鐘,,セレブの友,セレブの友,,蕩婦、成熟的女人、合集、M男、DMM獨家,多人,https://www.javbus.com/CEMD-261,
DGCEMD-264 ★配信限定！特典映像付★大人の極上美女レズビアン2 波多野結衣×枢木あおい,DGCEMD-264 ★配信限定！特典映像付★大人の極上美女レズビアン2 波多野結衣×枢木あおい,DGCEMD-264,,2022-11-19,206分鐘,,セレブの友,,大人の極上美女レズビアン,成熟的女人、女同性戀、花癡、乳房、女同接吻、高畫質、4K、DMM獨家,多人,https://www.javbus.com/DGCEMD-264,
CEMD-264 大人の極上美女レズビアン2 波多野結衣×枢木あおい,CEMD-264 大人の極上美女レズビアン2 波多野結衣×枢木あおい,CEMD-264,,2022-11-19,155分鐘,,セレブの友,セレブの友,大人の極上美女レズビアン,成熟的女人、女同性戀、花癡、乳房、女同接吻、DMM獨家,多人,https://www.javbus.com/CEMD-264,
KCKC-098 カチコチTV＃98,KCKC-098 カチコチTV＃98,KCKC-098,,2022-11-18,60分鐘,,カチコチTV,,カチコチTV,纪录片、高畫質、DMM獨家,多人,https://www.javbus.com/KCKC-098,
CJOB-123 聖水ぶっかけ 美女の体液ビチャビチャ浴びて痴女られたいBEST,CJOB-123 聖水ぶっかけ 美女の体液ビチャビチャ浴びて痴女られたいBEST,CJOB-123,,2022-11-18,240分鐘,,痴女ヘブン,痴女ヘブンBEST,,蕩婦、放尿、潮吹、合集、花癡、高畫質、ハーレム、DMM獨家,多人,https://www.javbus.com/CJOB-123,
MXDLP-0071 超絶美女神のパーフェクトボディ 麻生希 吉沢明歩 波多野結衣 由愛可奈 大槻ひびき,MXDLP-0071 超絶美女神のパーフェクトボディ 麻生希 吉沢明歩 波多野結衣 由愛可奈 大槻ひびき,MXDLP-0071,,2022-11-16,283分鐘,,MAXING,MAXING,,合集、姐姐、中出、4小時以上作品、配信専用,多人,https://www.javbus.com/MXDLP-0071,
MXDLP-0075 厳選！美女たちのプライベートSEX！ハメ撮りBEST 4時間 波多野結衣 小西悠 みくるみく 桃尻かのん 小向美奈子,MXDLP-0075 厳選！美女たちのプライベートSEX！ハメ撮りBEST 4時間 波多野結衣 小西悠 みくるみく 桃尻かのん 小向美奈子,MXDLP-0075,,2022-11-16,242分鐘,,MAXING,MAXING,,第一人稱攝影、合集、4小時以上作品、配信専用,多人,https://www.javbus.com/MXDLP-0075,
KDMI-046 着衣！鬼突きオナニー アメイジング,KDMI-046 着衣！鬼突きオナニー アメイジング,KDMI-046,,2022-11-12,257分鐘,DOPAMIX,ミル,ミル,,屁股、戀腿癖、4小時以上作品、高畫質、猥褻穿著、DMM獨家、自慰,多人,https://www.javbus.com/KDMI-046,
STCESD-093 【お得セット】私たち男子禁制のシェアハウスに住んでるけど男連れ込んで顔射SEXしてます・優しくも激しい…愛し合う二人の情熱的レズビアンSEX・酔うとエロくなる二人が一緒にお酒を飲んだら…本気で求め合う密着濃厚レズSEXが見れた！,STCESD-093 【お得セット】私たち男子禁制のシェアハウスに住んでるけど男連れ込んで顔射SEXしてます・優しくも激しい…愛し合う二人の情熱的レズビアンSEX・酔うとエロくなる二人が一緒にお酒を飲んだら…本気で求め合う密着濃厚レズSEXが見れた！,STCESD-093,,2022-11-09,398分鐘,,セレブの友,セレブの友（お得セット）,,成熟的女人、女同性戀、花癡、4小時以上作品、女同接吻、高畫質、設置項目、DMM獨家、肛交,多人,https://www.javbus.com/STCESD-093,
CEAD-437 14人の『全身性感帯』オイルオナニー！,CEAD-437 14人の『全身性感帯』オイルオナニー！,CEAD-437,,2022-11-05,163分鐘,,セレブの友,セレブの友,,成熟的女人、乳液、巨尻、巨乳、DMM獨家、自慰,多人,https://www.javbus.com/CEAD-437,
CEMD-256 剛毛マン毛熟女だけたくさん集めましたBOX！8枚組 21時間42分,CEMD-256 剛毛マン毛熟女だけたくさん集めましたBOX！8枚組 21時間42分,CEMD-256,,2022-11-05,1302分鐘,,セレブの友,セレブの友,,成熟的女人、合集、亂倫、巨尻、DMM獨家,多人,https://www.javbus.com/CEMD-256,
BBAN-395 ノーカットレズビアンライブ Special 波多野結衣 大槻ひびき 浜崎真緒 加藤ツバキ,BBAN-395 ノーカットレズビアンライブ Special 波多野結衣 大槻ひびき 浜崎真緒 加藤ツバキ,BBAN-395,,2022-11-04,180分鐘,伊達彩華,ビビアン,ビビアン,ノーカットレズビアンライブ,女同性戀、潮吹、多P、女同接吻、高畫質、DMM獨家,多人,https://www.javbus.com/BBAN-395,
RBB-245 発射寸前！我慢汁垂れ流しの気持ちいいフェラチオ150連射8時間（RBB-245）,RBB-245 発射寸前！我慢汁垂れ流しの気持ちいいフェラチオ150連射8時間（RBB-245）,RBB-245,,2022-11-04,480分鐘,,ROOKIE,ROOKIE,発射寸前！ 我慢汁垂れ流しの気持ちいいフェラチオ,蕩婦、口交、合集、妓女、美少女、高畫質、DMM獨家,多人,https://www.javbus.com/RBB-245,
NBES-052 7周年記念作！ 「コンビニ本部の女」 7タイトルフル尺収録！完全版BEST！,NBES-052 7周年記念作！ 「コンビニ本部の女」 7タイトルフル尺収録！完全版BEST！,NBES-052,,2022-11-04,850分鐘,,JET映像,卍GROUP,コンビニ本部の女,合集、已婚婦女、高畫質、出軌、巨尻、DMM獨家,多人,https://www.javbus.com/NBES-052,
KSBJ-222 スタイル抜群の美熟女BEST12人,KSBJ-222 スタイル抜群の美熟女BEST12人,KSBJ-222,,2022-10-29,241分鐘,,KSB企画/エマニエル,KSB企画/エマニエル,,成熟的女人、苗條、合集、乳房、4小時以上作品、高畫質、エマニエル、DMM獨家,多人,https://www.javbus.com/KSBJ-222,
SPIVR-039 【VR】私のクリチ○ポを沢山いじめてください。,SPIVR-039 【VR】私のクリチ○ポを沢山いじめてください。,SPIVR-039,,2022-10-29,66分鐘,K太郎,SPICY VR,SPICY VR,,其他戀物癖、姐姐、VR専用、巨乳、ハイクオリティVR、跳蛋、內衣,多人,https://www.javbus.com/SPIVR-039,
BMW-269 巨乳女優限定！揺れるデカパイ＆アへ顔を見ながら同時イキ！ 正常位シンクロ中出し124射精BEST！！,BMW-269 巨乳女優限定！揺れるデカパイ＆アへ顔を見ながら同時イキ！ 正常位シンクロ中出し124射精BEST！！,BMW-269,,2022-10-28,240分鐘,,ワンズファクトリー,WANZ,,合集、美少女、中出、高畫質、巨乳、アクメ・オーガズム、DMM獨家,多人,https://www.javbus.com/BMW-269,
ATKD-343 義父に抱かれた人妻たち8時間,ATKD-343 義父に抱かれた人妻たち8時間,ATKD-343,,2022-10-28,480分鐘,,アタッカーズ,Attackers BEST,,合集、已婚婦女、中出、高畫質、巨乳、DMM獨家,多人,https://www.javbus.com/ATKD-343,
WAAA-223 ドMな男の娘と痴女レズビアンのメスイキ性感アナルFUCK 浜崎真緒 波多野結衣 ちびとり,WAAA-223 ドMな男の娘と痴女レズビアンのメスイキ性感アナルFUCK 浜崎真緒 波多野結衣 ちびとり,WAAA-223,,2022-10-28,120分鐘,,ワンズファクトリー,WANZ,,女同性戀、變性者、美容院、高畫質、女裝人妖、肛内中出、DMM獨家,多人,https://www.javbus.com/WAAA-223,
STCESD-092 【お得セット】レズ解禁作品 はじめての同性愛セックス・夫が出張に出たその日から豹変した義息子・アナル丸見え美巨尻SEX4,STCESD-092 【お得セット】レズ解禁作品 はじめての同性愛セックス・夫が出張に出たその日から豹変した義息子・アナル丸見え美巨尻SEX4,STCESD-092,,2022-10-26,427分鐘,,セレブの友,,,成熟的女人、花癡、乳液、4小時以上作品、高畫質、キス・接吻、設置項目、巨乳、DMM獨家,多人,https://www.javbus.com/STCESD-092,
VRKM-792 【VR】正常位特化VR！KMPの誇る人気作品から選び抜いた美女100人の正常位～中出しだけを集めた合計500分特大ボリュームBEST！,VRKM-792 【VR】正常位特化VR！KMPの誇る人気作品から選び抜いた美女100人の正常位～中出しだけを集めた合計500分特大ボリュームBEST！,VRKM-792,,2022-10-26,508分鐘,K太郎,ケイ・エム・プロデュース,KMPVR,VR BEST,合集、美少女、中出、4小時以上作品、VR専用、ハイクオリティVR、DMM獨家,多人,https://www.javbus.com/VRKM-792,
NASH-780 キュッと引き締まった細腰の美熟女に中出しBEST20人,NASH-780 キュッと引き締まった細腰の美熟女に中出しBEST20人,NASH-780,,2022-10-22,242分鐘,,なでしこ,Nadeshiko,,成熟的女人、苗條、合集、中出、4小時以上作品、高畫質、DMM獨家,多人,https://www.javbus.com/NASH-780,
CEMD-254 大槻ひびき×波多野結衣のレジェンドコンプリートBOX 8枚組23時間21分,CEMD-254 大槻ひびき×波多野結衣のレジェンドコンプリートBOX 8枚組23時間21分,CEMD-254,,2022-10-22,1401分鐘,,セレブの友,セレブの友,,蕩婦、成熟的女人、花癡、女優ベスト・総集編、DMM獨家,多人,https://www.javbus.com/CEMD-254,
MKMP-485 ノーパンナースが天使の微笑みでヌキまくる！！人気でベッドが空かない連続射精HOSPITAL,MKMP-485 ノーパンナースが天使の微笑みでヌキまくる！！人気でベッドが空かない連続射精HOSPITAL,MKMP-485,,2022-10-22,152分鐘,ジョニー渋谷,ケイ・エム・プロデュース,million（ミリオン）,,护士、潮吹、多P、高畫質、巨乳、ノーパン、DMM獨家,多人,https://www.javbus.com/MKMP-485,
REAL-811 いやぁぁお願い入れないでぇぇ～！！絶対に中は、中にだけは出さないでぇぇぇ～！！望まないセックスに嫌がる女を絶望に追い込む孕ませ膣内大量発射BEST,REAL-811 いやぁぁお願い入れないでぇぇ～！！絶対に中は、中にだけは出さないでぇぇぇ～！！望まないセックスに嫌がる女を絶望に追い込む孕ませ膣内大量発射BEST,REAL-811,,2022-10-22,242分鐘,,レアルワークス,REAL（レアルワークス）,,合集、多P、粗暴、凌辱、中出、4小時以上作品、高畫質、DMM獨家,多人,https://www.javbus.com/REAL-811,
CJOB-121 ド痴女に囲まれ身動きできず逆3P挟み撃ちレ●プで何度も射精させられたボク…,CJOB-121 ド痴女に囲まれ身動きできず逆3P挟み撃ちレ●プで何度も射精させられたボク…,CJOB-121,,2022-10-21,240分鐘,,痴女ヘブン,痴女ヘブンBEST,,蕩婦、合集、多P、高畫質、ハーレム、男の潮吹き、DMM獨家、打手槍,多人,https://www.javbus.com/CJOB-121,
STCESD-090 【お得セット】AV女優禁止2・塀の中の奇妙な女囚人・波多野結衣のオトコノ娘童貞狩りドキュメント3,STCESD-090 【お得セット】AV女優禁止2・塀の中の奇妙な女囚人・波多野結衣のオトコノ娘童貞狩りドキュメント3,STCESD-090,,2022-10-19,514分鐘,,セレブの友,,,成熟的女人、中出、4小時以上作品、高畫質、女裝人妖、肛内中出、設置項目、巨乳、DMM獨家,多人,https://www.javbus.com/STCESD-090,
STTCD-059 【お得セット】極上ニューハーフデビュー・専属デビュー オトコノ娘・専属オトコノ娘 童貞卒業×爆射精SEX,STTCD-059 【お得セット】極上ニューハーフデビュー・専属デビュー オトコノ娘・専属オトコノ娘 童貞卒業×爆射精SEX,STTCD-059,,2022-10-19,485分鐘,,TRANS CLUB,,,變性者、花癡、4小時以上作品、高畫質、處男、女裝人妖、肛内中出、設置項目、DMM獨家,多人,https://www.javbus.com/STTCD-059,
MXDLP-0063 発情SEX この喘ぎ声がたまらない SP 紗凪美羽 佐々木あき 望月もな 吉沢明歩 星乃月,MXDLP-0063 発情SEX この喘ぎ声がたまらない SP 紗凪美羽 佐々木あき 望月もな 吉沢明歩 星乃月,MXDLP-0063,,2022-10-16,282分鐘,,MAXING,MAXING,,合集、4小時以上作品、配信専用,多人,https://www.javbus.com/MXDLP-0063,
MXDLP-0062 肉感むっちりドスケベお姉さんSP 桃園みらい 大槻ひびき 波多野結衣 星宮みなみ 桃尻かのん,MXDLP-0062 肉感むっちりドスケベお姉さんSP 桃園みらい 大槻ひびき 波多野結衣 星宮みなみ 桃尻かのん,MXDLP-0062,,2022-10-16,285分鐘,,MAXING,MAXING,,合集、4小時以上作品、配信専用,多人,https://www.javbus.com/MXDLP-0062,
ZEX-419 雪をも溶かす激アツゲレンデナンパスペシャル,ZEX-419 雪をも溶かす激アツゲレンデナンパスペシャル,ZEX-419,,2022-10-15,302分鐘,,ピーターズMAX,ピーターズMAX,,業餘、獵豔、第一人稱攝影、姐姐、4小時以上作品、高畫質,多人,https://www.javbus.com/ZEX-419,
SPIVR-038 【VR】SPICYVR30タイトル突破記念BEST！！SPICYのエロを詰めに詰め込んだ30タイトル300分！！,SPIVR-038 【VR】SPICYVR30タイトル突破記念BEST！！SPICYのエロを詰めに詰め込んだ30タイトル300分！！,SPIVR-038,,2022-10-14,301分鐘,K太郎,SPICY VR,SPICY VR,,蕩婦、口交、合集、中出、4小時以上作品、VR専用、ハイクオリティVR,多人,https://www.javbus.com/SPIVR-038,
MBYD-369 No.1絶頂体位！人妻と同時イキする106連発正常位中出しベスト,MBYD-369 No.1絶頂体位！人妻と同時イキする106連発正常位中出しベスト,MBYD-369,,2022-10-14,480分鐘,,溜池ゴロー,溜池ゴロー,,合集、已婚婦女、通姦、中出、高畫質、出軌、DMM獨家,多人,https://www.javbus.com/MBYD-369,
CEAD-432 波多野結衣 The Ultimate Best 8時間,CEAD-432 波多野結衣 The Ultimate Best 8時間,CEAD-432,,2022-10-08,480分鐘,,セレブの友,セレブの友,The Ultimate Best,蕩婦、成熟的女人、女同性戀、女優ベスト・総集編、DMM獨家,多人,https://www.javbus.com/CEAD-432,
HZGB-039 NTR 人様の嫁を寝取ってヤル！！射精直前の最も興奮するシーンを完全収録！超画質5時間,HZGB-039 NTR 人様の嫁を寝取ってヤル！！射精直前の最も興奮するシーンを完全収録！超画質5時間,HZGB-039,,2022-10-07,299分鐘,,人妻花園劇場,imageII,,合集、已婚婦女、新娘、年輕妻子、通姦、中出、4小時以上作品、高畫質、巨乳、4K,多人,https://www.javbus.com/HZGB-039,
ZOOO-052 義父に犯●れた嫁 家庭内強●の実態…若く美しい人妻が助平親父のネットリ絶技に堕ちる！！ 10名収録 240分,ZOOO-052 義父に犯●れた嫁 家庭内強●の実態…若く美しい人妻が助平親父のネットリ絶技に堕ちる！！ 10名収録 240分,ZOOO-052,,2022-10-07,240分鐘,,ZOOO,ZOOO,,成熟的女人、亂倫、已婚婦女、中出、4小時以上作品、高畫質、巨尻、巨乳,多人,https://www.javbus.com/ZOOO-052,
STTCD-057 【お得セット】出会い系アプリでSEX相手を探すNH×オトコノ娘レズビアン・女性経験ゼロの童貞オトコノ娘がAVデビュー！・幼馴染はニューハーフ！4,STTCD-057 【お得セット】出会い系アプリでSEX相手を探すNH×オトコノ娘レズビアン・女性経験ゼロの童貞オトコノ娘がAVデビュー！・幼馴染はニューハーフ！4,STTCD-057,,2022-10-05,444分鐘,,TRANS CLUB,,,變性者、花癡、4小時以上作品、高畫質、處男、女裝人妖、肛内中出、設置項目、DMM獨家,多人,https://www.javbus.com/STTCD-057,
YVG-048 「貞淑ぶって、そのデカい胸で俺を誘ってんだろ？」夫以外の男に抱かれる寝取られ巨乳不貞妻16人,YVG-048 「貞淑ぶって、そのデカい胸で俺を誘ってんだろ？」夫以外の男に抱かれる寝取られ巨乳不貞妻16人,YVG-048,,2022-10-01,240分鐘,,グローリークエスト,GLORY QUEST,,已婚婦女、中出、出軌、巨乳、DMM獨家,多人,https://www.javbus.com/YVG-048,
MMB-431 じっくりタップリ魅せます。いい女だけのマジイキ自慰行為,MMB-431 じっくりタップリ魅せます。いい女だけのマジイキ自慰行為,MMB-431,,2022-10-01,240分鐘,石切橋博士,桃太郎映像出版,桃太郎ベスト,,玩具、手指插入、ディルド、DMM獨家、自慰,多人,https://www.javbus.com/MMB-431,
BMW-267 綺麗な顔にひたすら精子ぶっかけドロドロ！ 一撃顔面射精ラッシュ100連発オーバー！,BMW-267 綺麗な顔にひたすら精子ぶっかけドロドロ！ 一撃顔面射精ラッシュ100連発オーバー！,BMW-267,,2022-09-30,240分鐘,,ワンズファクトリー,WANZ,,口交、合集、高畫質、顏射、巨乳、DMM獨家,多人,https://www.javbus.com/BMW-267,
MIZD-298 背後からおっぱい密着！耳舐め！乳首舐め！後ろから手コキBEST,MIZD-298 背後からおっぱい密着！耳舐め！乳首舐め！後ろから手コキBEST,MIZD-298,,2022-09-30,240分鐘,,ムーディーズ,MOODYZ Best,,蕩婦、合集、多P、數位馬賽克、高畫質、男の潮吹き、DMM獨家、打手槍,多人,https://www.javbus.com/MIZD-298,
VRKM-759 【VR】発情痴女は止まらない！！ボクは2人にイジリ倒される！！天国か地獄か3Pハーレム20タイトルSUPER BEST,VRKM-759 【VR】発情痴女は止まらない！！ボクは2人にイジリ倒される！！天国か地獄か3Pハーレム20タイトルSUPER BEST,VRKM-759,,2022-09-29,301分鐘,K太郎,ケイ・エム・プロデュース,KMPVR,VR BEST,合集、多P、4小時以上作品、主觀視角、VR専用、ハイクオリティVR、DMM獨家,多人,https://www.javbus.com/VRKM-759,
UMSO-469 旦那からの着信は不倫セックス中！！不倫相手に促され電話に出た人妻は、必死に喘ぎ声を押し殺してはいたが、行為がエスカレートし興奮度はMAXに！絶対にバレてる！？総集編15人VOL.02,UMSO-469 旦那からの着信は不倫セックス中！！不倫相手に促され電話に出た人妻は、必死に喘ぎ声を押し殺してはいたが、行為がエスカレートし興奮度はMAXに！絶対にバレてる！？総集編15人VOL.02,UMSO-469,,2022-09-24,241分鐘,,ケイ・エム・プロデュース,UMANAMI,旦那からの着信は不倫セックス中！！,成熟的女人、合集、已婚婦女、通姦、4小時以上作品、高畫質、DMM獨家,多人,https://www.javbus.com/UMSO-469,
TCDA-001 トランスクラブ謹製 ペニクリ射精ハイパーベスト 橘芹那～レズビアンSEXバージョン,TCDA-001 トランスクラブ謹製 ペニクリ射精ハイパーベスト 橘芹那～レズビアンSEXバージョン,TCDA-001,,2022-09-24,550分鐘,,TRANS CLUB,TRANS CLUB,,女同性戀、變性者、女裝人妖、女優ベスト・総集編、DMM獨家、肛交,多人,https://www.javbus.com/TCDA-001,
REAL-809 大っ嫌いな男たちに喉奥を破壊された屈辱のイラマチオ 240分BEST,REAL-809 大っ嫌いな男たちに喉奥を破壊された屈辱のイラマチオ 240分BEST,REAL-809,,2022-09-24,241分鐘,,レアルワークス,REAL（レアルワークス）,,合集、監禁、深喉、粗暴、4小時以上作品、高畫質、DMM獨家,多人,https://www.javbus.com/REAL-809,
DGCEMD-236 ★配信限定！特典映像付★初レズ解禁！本田瞳with波多野結衣,DGCEMD-236 ★配信限定！特典映像付★初レズ解禁！本田瞳with波多野結衣,DGCEMD-236,,2022-09-24,187分鐘,,セレブの友,,初レズ解禁！,成熟的女人、女同性戀、花癡、女同接吻、高畫質、巨乳、4K、DMM獨家,多人,https://www.javbus.com/DGCEMD-236,
CEMD-236 初レズ解禁！本田瞳with波多野結衣,CEMD-236 初レズ解禁！本田瞳with波多野結衣,CEMD-236,,2022-09-24,130分鐘,,セレブの友,セレブの友,初レズ解禁！,成熟的女人、女同性戀、花癡、女同接吻、巨乳、DMM獨家,多人,https://www.javbus.com/CEMD-236,
CJOB-120 チ○ポとアナル同時に舐め犯して足腰ガクガク震えるまで射精させてア・ゲ・ル,CJOB-120 チ○ポとアナル同時に舐め犯して足腰ガクガク震えるまで射精させてア・ゲ・ル,CJOB-120,,2022-09-23,240分鐘,,痴女ヘブン,痴女ヘブンBEST,,蕩婦、口交、合集、花癡、高畫質、ハーレム、DMM獨家、肛交,多人,https://www.javbus.com/CJOB-120,
MBF-013 【期間限定】【FANZA独占】【配信専用】イカセバトルロワイヤル 完全コンプリート500分,MBF-013 【期間限定】【FANZA独占】【配信専用】イカセバトルロワイヤル 完全コンプリート500分,MBF-013,,2022-09-21,498分鐘,,マックスエー,MAX-A,,潮吹、纪录片、多P、美少女、4小時以上作品、高畫質、DMM獨家,多人,https://www.javbus.com/MBF-013,
MBF-012 【期間限定】【FANZA独占】【配信専用】美少女限定！夏の納涼放尿祭り！！～12名の美少女の大量の聖水と潮を浴びて浴びて浴びまくる1480分～,MBF-012 【期間限定】【FANZA独占】【配信専用】美少女限定！夏の納涼放尿祭り！！～12名の美少女の大量の聖水と潮を浴びて浴びて浴びまくる1480分～,MBF-012,,2022-09-21,1480分鐘,,マックスエー,MAX-A,,放尿、潮吹、美少女、羞恥、中出、高畫質、16時間以上作品、DMM獨家,多人,https://www.javbus.com/MBF-012,
MBF-015 【期間限定】【FANZA独占】【配信専用】妖艶な人妻の性のみを集めた限定Collection ～淫靡な人妻が見せるスケベなSEX満載の1080分～,MBF-015 【期間限定】【FANZA独占】【配信専用】妖艶な人妻の性のみを集めた限定Collection ～淫靡な人妻が見せるスケベなSEX満載の1080分～,MBF-015,,2022-09-21,1077分鐘,,マックスエー,MAX-A,,已婚婦女、通姦、中出、高畫質、出軌、戲劇、16時間以上作品、DMM獨家,多人,https://www.javbus.com/MBF-015,
MBF-011 【期間限定】【FANZA独占】【配信専用】MAX-A30周年記念 お祭りスペシャル！！美少女達の濃交なリアル中出しSEXコレクション 本能の赴くまま身体を絡ませ合う情熱的な濃厚性交スペシャル ～フル尺1200分～,MBF-011 【期間限定】【FANZA独占】【配信専用】MAX-A30周年記念 お祭りスペシャル！！美少女達の濃交なリアル中出しSEXコレクション 本能の赴くまま身体を絡ませ合う情熱的な濃厚性交スペシャル ～フル尺1200分～,MBF-011,,2022-09-21,1188分鐘,,マックスエー,MAX-A,,潮吹、美少女、中出、高畫質、16時間以上作品、汗だく、DMM獨家,多人,https://www.javbus.com/MBF-011,
MBF-014 【期間限定】【FANZA独占】【配信専用】MAX-A30周年記念 お祭りスペシャル！！泡姫達が魅惑のご奉仕 この世の桃源郷コレクション 超絶美少女の風俗プレイの魅力を120％お届けスペシャル ～フル尺1070分～,MBF-014 【期間限定】【FANZA独占】【配信専用】MAX-A30周年記念 お祭りスペシャル！！泡姫達が魅惑のご奉仕 この世の桃源郷コレクション 超絶美少女の風俗プレイの魅力を120％お届けスペシャル ～フル尺1070分～,MBF-014,,2022-09-21,1063分鐘,,マックスエー,MAX-A,,乳交、妓女、美少女、中出、高畫質、16時間以上作品、DMM獨家,多人,https://www.javbus.com/MBF-014,
MXDLP-0054 Fucking Machine Collection 吉沢明歩 由愛可奈 波多野結衣 麻生希 千葉ねね,MXDLP-0054 Fucking Machine Collection 吉沢明歩 由愛可奈 波多野結衣 麻生希 千葉ねね,MXDLP-0054,,2022-09-16,292分鐘,,MAXING,MAXING,,合集、4小時以上作品、配信専用,多人,https://www.javbus.com/MXDLP-0054,
PPBD-243 3か月以上オナニーライフがはかどる乳どりみどり日替わり巨乳中出しSEX100日分！,PPBD-243 3か月以上オナニーライフがはかどる乳どりみどり日替わり巨乳中出しSEX100日分！,PPBD-243,,2022-09-16,480分鐘,,OPPAI,OPPAI,,合集、姐姐、美少女、中出、高畫質、巨乳、DMM獨家,多人,https://www.javbus.com/PPBD-243,
MXDLP-0055 鬼突イラマチオ 吉沢明歩 波多野結衣 大槻ひびき 青山はな 由愛可奈,MXDLP-0055 鬼突イラマチオ 吉沢明歩 波多野結衣 大槻ひびき 青山はな 由愛可奈,MXDLP-0055,,2022-09-16,257分鐘,,MAXING,MAXING,,合集、4小時以上作品、配信専用,多人,https://www.javbus.com/MXDLP-0055,
PBD-428 綺麗なお姉さん達に囲まれ犯●れハーレム 30コーナーBEST,PBD-428 綺麗なお姉さん達に囲まれ犯●れハーレム 30コーナーBEST,PBD-428,,2022-09-16,240分鐘,,プレミアム,PREMIUM BEST,,蕩婦、合集、姐姐、數位馬賽克、中出、女上位、高畫質、ハーレム、DMM獨家,多人,https://www.javbus.com/PBD-428,
MIZD-296 理性吹っ飛び痙攣ドライオーガズムどぴゅどぴゅトコロテン 女の子みたいに83回もアナルでイカされちゃったメスイキBEST,MIZD-296 理性吹っ飛び痙攣ドライオーガズムどぴゅどぴゅトコロテン 女の子みたいに83回もアナルでイカされちゃったメスイキBEST,MIZD-296,,2022-09-16,240分鐘,,ムーディーズ,MOODYZ Best,,蕩婦、合集、花癡、數位馬賽克、高畫質、肛内中出、DMM獨家,多人,https://www.javbus.com/MIZD-296,
PRED-435 トリプル痴女教師ハーレム 欲求不満センセイたちに愛されすぎて3点責めで何度も中出しさせられる！ 尾崎えりか 波多野結衣 木下ひまり,PRED-435 トリプル痴女教師ハーレム 欲求不満センセイたちに愛されすぎて3点責めで何度も中出しさせられる！ 尾崎えりか 波多野結衣 木下ひまり,PRED-435,,2022-09-16,160分鐘,ZAMPA,プレミアム,エレガンス,,女教師、口交、多P、數位馬賽克、中出、高畫質、ハーレム、DMM獨家,多人,https://www.javbus.com/PRED-435,
MEYD-786 毎日嫁を喘がせているボクの絶倫チ○ポを奪い合う欲求不満なご近所ランジェリー人妻！ 嫁不在中の逆5Pハーレム不倫 篠田ゆう 通野未帆 波多野結衣 大槻ひびき,MEYD-786 毎日嫁を喘がせているボクの絶倫チ○ポを奪い合う欲求不満なご近所ランジェリー人妻！ 嫁不在中の逆5Pハーレム不倫 篠田ゆう 通野未帆 波多野結衣 大槻ひびき,MEYD-786,,2022-09-16,150分鐘,三島六三郎,溜池ゴロー,溜池ゴロー,,蕩婦、已婚婦女、中出、高畫質、ハーレム、DMM獨家、內衣,多人,https://www.javbus.com/MEYD-786,
MAXVR-118 【VR】【HQ】美乳人妻VR BEST166分,MAXVR-118 【VR】【HQ】美乳人妻VR BEST166分,MAXVR-118,,2022-09-14,166分鐘,トロモロコシ,マックスエー,MAX-AVR HQ,,合集、已婚婦女、中出、母乳、VR専用、巨乳、ハイクオリティVR、DMM獨家,多人,https://www.javbus.com/MAXVR-118,
CEAD-427 Extreme（過激な）オナニスト！波多野結衣 ～9オナニー165分,CEAD-427 Extreme（過激な）オナニスト！波多野結衣 ～9オナニー165分,CEAD-427,,2022-09-10,165分鐘,,セレブの友,セレブの友,,成熟的女人、花癡、巨乳、ディルド、DMM獨家、自慰,多人,https://www.javbus.com/CEAD-427,
DVAJ-596 バック中出し＆尻ぶっかけBEST プリプリ美尻に後ろからズボハメ激ピス52連発,DVAJ-596 バック中出し＆尻ぶっかけBEST プリプリ美尻に後ろからズボハメ激ピス52連発,DVAJ-596,,2022-09-10,300分鐘,神田うさぎ,アリスJAPAN,アリスJAPAN,,合集、屁股、中出、4小時以上作品、高畫質、バック、DMM獨家,多人,https://www.javbus.com/DVAJ-596,
CEMD-226 凌●され性的興奮を覚えるドM女の悦楽SEX！8枚組 24時間33分,CEMD-226 凌●され性的興奮を覚えるドM女の悦楽SEX！8枚組 24時間33分,CEMD-226,,2022-09-10,1473分鐘,,セレブの友,セレブの友,,成熟的女人、紧缚、合集、肛内中出、M女、DMM獨家,多人,https://www.javbus.com/CEMD-226,
BBSS-063 女性器×女性器で刺激MAX！ 快感も愛情もぜんぶシェアして二コイチ絶頂！ レズビアン貝合わせ＆双頭ディルド絶頂8時間,BBSS-063 女性器×女性器で刺激MAX！ 快感も愛情もぜんぶシェアして二コイチ絶頂！ レズビアン貝合わせ＆双頭ディルド絶頂8時間,BBSS-063,,2022-09-09,480分鐘,,ビビアン,ビビアン,,女同性戀、合集、美少女、女同接吻、高畫質、ディルド、DMM獨家,多人,https://www.javbus.com/BBSS-063,
KNMD-112 人妻・熟女65人 ドラマ作品3300分 キネマ座BEST,KNMD-112 人妻・熟女65人 ドラマ作品3300分 キネマ座BEST,KNMD-112,,2022-09-07,3343分鐘,,キネマ座,キネマ座,,成熟的女人、已婚婦女、中出、高畫質、戲劇、16時間以上作品、福袋、DMM獨家,多人,https://www.javbus.com/KNMD-112,
XVSR-672 ベストヒット官能小説 息子の嫁を… ～淫謀と屈辱～ 川上ゆう人妻家政婦 ～添い寝します～波多野結衣,XVSR-672 ベストヒット官能小説 息子の嫁を… ～淫謀と屈辱～ 川上ゆう人妻家政婦 ～添い寝します～波多野結衣,XVSR-672,,2022-09-03,270分鐘,K.C.武田,マックスエー,Calen,官能小説（マックスエー）,合集、已婚婦女、中出、出軌、DMM獨家,多人,https://www.javbus.com/XVSR-672,
HZGB-038 他人棒で人妻絶頂イキ！ゴム無し生ハメSEX 超画質,HZGB-038 他人棒で人妻絶頂イキ！ゴム無し生ハメSEX 超画質,HZGB-038,,2022-09-02,294分鐘,,人妻花園劇場,imageII,,合集、已婚婦女、新娘、年輕妻子、通姦、中出、4小時以上作品、高畫質、巨乳、花嫁、4K,多人,https://www.javbus.com/HZGB-038,
MIRD-221 ママ友の溜まり場 メスイキ中出しサークル ～新米パパの僕が完全メス化させられちゃった1日～ 乙アリス 浜崎真緒 大槻ひびき 波多野結衣,MIRD-221 ママ友の溜まり場 メスイキ中出しサークル ～新米パパの僕が完全メス化させられちゃった1日～ 乙アリス 浜崎真緒 大槻ひびき 波多野結衣,MIRD-221,,2022-09-02,180分鐘,真咲南朋,ムーディーズ,MOODYZ REAL,,已婚婦女、花癡、數位馬賽克、中出、高畫質、肛内中出、ハーレム、DMM獨家,多人,https://www.javbus.com/MIRD-221,
VRKM-729 【VR】ノーモザイクフェラチオBEST,VRKM-729 【VR】ノーモザイクフェラチオBEST,VRKM-729,,2022-08-27,279分鐘,K太郎,ケイ・エム・プロデュース,KMPVR,VR BEST,口交、其他戀物癖、合集、4小時以上作品、VR専用、ハイクオリティVR、DMM獨家,多人,https://www.javbus.com/VRKM-729,
VRKM-727 【VR】和服姿のイイ女 200分BEST,VRKM-727 【VR】和服姿のイイ女 200分BEST,VRKM-727,,2022-08-23,201分鐘,K太郎,ケイ・エム・プロデュース,KMPVR,VR BEST,蕩婦、和服・喪服、合集、女上位、VR専用、巨乳、ハイクオリティVR、DMM獨家,多人,https://www.javbus.com/VRKM-727,
CJOB-117 ド痴女お姉さんに狙われ身動き出来ずに何度もイカされるッ！性感帯同時責め逆レ×プBEST,CJOB-117 ド痴女お姉さんに狙われ身動き出来ずに何度もイカされるッ！性感帯同時責め逆レ×プBEST,CJOB-117,,2022-08-19,240分鐘,,痴女ヘブン,痴女ヘブンBEST,,口交、合集、拘束、中出、女上位、高畫質、ハーレム、DMM獨家,多人,https://www.javbus.com/CJOB-117,
MXDLP-0044 メイドさんの淫らなおもてなし 木南日菜 きみの奈津 みくるみく 白石優杞菜 向井しほ,MXDLP-0044 メイドさんの淫らなおもてなし 木南日菜 きみの奈津 みくるみく 白石優杞菜 向井しほ,MXDLP-0044,,2022-08-16,245分鐘,,MAXING,MAXING,,合集、4小時以上作品、配信専用,多人,https://www.javbus.com/MXDLP-0044,
MXDLP-0046 性欲が止まらない！淫乱どスケベ痴女280分 水鳥文乃 由愛可奈 波多野結衣 きみの奈津 吉沢明歩,MXDLP-0046 性欲が止まらない！淫乱どスケベ痴女280分 水鳥文乃 由愛可奈 波多野結衣 きみの奈津 吉沢明歩,MXDLP-0046,,2022-08-16,280分鐘,,MAXING,MAXING,,合集、4小時以上作品、配信専用,多人,https://www.javbus.com/MXDLP-0046,
MXDLP-0042 淫乱オマ●コ、くぱぁ～！大股開きでザーメンべっとり 麻生希 由愛可奈 AIKA 波多野結衣 咲乃柑菜,MXDLP-0042 淫乱オマ●コ、くぱぁ～！大股開きでザーメンべっとり 麻生希 由愛可奈 AIKA 波多野結衣 咲乃柑菜,MXDLP-0042,,2022-08-16,290分鐘,,MAXING,MAXING,,合集、4小時以上作品、配信専用,多人,https://www.javbus.com/MXDLP-0042,
MXDLP-0047 見つめ合いながら愛し合う！主観プレイ4時間 咲野の花 紗凪美羽 由愛可奈 吉沢明歩 陽向さえか,MXDLP-0047 見つめ合いながら愛し合う！主観プレイ4時間 咲野の花 紗凪美羽 由愛可奈 吉沢明歩 陽向さえか,MXDLP-0047,,2022-08-16,250分鐘,,MAXING,MAXING,,合集、4小時以上作品、配信専用,多人,https://www.javbus.com/MXDLP-0047,
MXDLP-0043 肉感桃尻フェチシズム 吉沢明歩 咲野の花 由愛可奈 大槻ひびき 来瀬あいり,MXDLP-0043 肉感桃尻フェチシズム 吉沢明歩 咲野の花 由愛可奈 大槻ひびき 来瀬あいり,MXDLP-0043,,2022-08-16,260分鐘,,MAXING,MAXING,,合集、4小時以上作品、配信専用,多人,https://www.javbus.com/MXDLP-0043,
VRKM-721 【VR】発情盛りの痴女たちはボクの上に乗り犯しまくる！！杭打ち騎乗位20タイトルSUPER BEST,VRKM-721 【VR】発情盛りの痴女たちはボクの上に乗り犯しまくる！！杭打ち騎乗位20タイトルSUPER BEST,VRKM-721,,2022-08-14,203分鐘,K太郎,ケイ・エム・プロデュース,KMPVR,VR BEST,蕩婦、合集、中出、女上位、VR専用、ハイクオリティVR、DMM獨家,多人,https://www.javbus.com/VRKM-721,
FKBD-003 【福袋】乳首快楽Men’sサロン30時間！ シリーズ17タイトルまるごと1815分収録！乳首責めが大好き美女17名,FKBD-003 【福袋】乳首快楽Men’sサロン30時間！ シリーズ17タイトルまるごと1815分収録！乳首責めが大好き美女17名,FKBD-003,,2022-08-12,1821分鐘,,ドリームチケット,,WAAPグループ福袋,合集、美容院、按摩、高畫質、16時間以上作品、福袋,多人,https://www.javbus.com/FKBD-003,
MBYD-365 ハードピストンで人妻に精子ぶち込みNTR！肉弾着床種付けプレス58連発,MBYD-365 ハードピストンで人妻に精子ぶち込みNTR！肉弾着床種付けプレス58連発,MBYD-365,,2022-08-12,240分鐘,,溜池ゴロー,溜池ゴロー,,合集、已婚婦女、中出、高畫質、出軌、デカチン・巨根、DMM獨家,多人,https://www.javbus.com/MBYD-365,
DVAJ-591 痴女の天才に焦らされパコられザーメン搾り取られるBEST31人5時間,DVAJ-591 痴女の天才に焦らされパコられザーメン搾り取られるBEST31人5時間,DVAJ-591,,2022-08-06,300分鐘,神田うさぎ,アリスJAPAN,アリスJAPAN,,蕩婦、合集、中出、4小時以上作品、高畫質、M男、DMM獨家,多人,https://www.javbus.com/DVAJ-591,
CEMD-216 真正ドM女優！『みひな』のレズ限定 1，005分 7枚組ベストボックス！～苦悶の表情で感じまくる変態M女『みひな』が魅せるレズ作品の世界を貴方に！,CEMD-216 真正ドM女優！『みひな』のレズ限定 1，005分 7枚組ベストボックス！～苦悶の表情で感じまくる変態M女『みひな』が魅せるレズ作品の世界を貴方に！,CEMD-216,,2022-08-06,1005分鐘,,セレブの友,セレブの友,,成熟的女人、女同性戀、女同接吻、女優ベスト・総集編、DMM獨家,多人,https://www.javbus.com/CEMD-216,
HZGB-037 6周年記念！！孕ませ中出し50連発超高画質【4K】ULTRA HD収録作品 永久保存版,HZGB-037 6周年記念！！孕ませ中出し50連発超高画質【4K】ULTRA HD収録作品 永久保存版,HZGB-037,,2022-08-05,299分鐘,,人妻花園劇場,imageII,,合集、已婚婦女、新娘、年輕妻子、通姦、中出、4小時以上作品、高畫質、巨乳、4K,多人,https://www.javbus.com/HZGB-037,
NBES-050 JET映像祝7周年 豪華版ベスト！！上巻 2021年 年間売上ランキングトップ30 4枚組16時間,NBES-050 JET映像祝7周年 豪華版ベスト！！上巻 2021年 年間売上ランキングトップ30 4枚組16時間,NBES-050,,2022-08-05,960分鐘,,JET映像,卍GROUP,,成熟的女人、合集、已婚婦女、高畫質、出軌、DMM獨家,多人,https://www.javbus.com/NBES-050,
MMB-424 アナル丸見えスパイダー騎乗位！,MMB-424 アナル丸見えスパイダー騎乗位！,MMB-424,,2022-07-30,240分鐘,石切橋博士,桃太郎映像出版,桃太郎ベスト,,屁股、女上位、巨尻、DMM獨家、肛交,多人,https://www.javbus.com/MMB-424,
MMB-423 しゃぶちん女69,MMB-423 しゃぶちん女69,MMB-423,,2022-07-30,240分鐘,石切橋博士,桃太郎映像出版,桃太郎ベスト,,蕩婦、口交、淫語、巨乳、DMM獨家,多人,https://www.javbus.com/MMB-423,
ATKD-337 ATTACKERS ノンストップ中出し性交100連発8時間,ATKD-337 ATTACKERS ノンストップ中出し性交100連発8時間,ATKD-337,,2022-07-29,480分鐘,,アタッカーズ,Attackers BEST,,合集、中出、高畫質、DMM獨家,多人,https://www.javbus.com/ATKD-337,
DVDMS-853 いろいろなデニール数の黒タイツに挟まれたい…踏まれたい…絞められたい… 黒タイツOL脚ロック逆3P,DVDMS-853 いろいろなデニール数の黒タイツに挟まれたい…踏まれたい…絞められたい… 黒タイツOL脚ロック逆3P,DVDMS-853,,2022-07-29,212分鐘,プールサイド,ディープス,DEEP’S,,OL、連褲襪、戀腿癖、中出、足交、高畫質、DMM獨家,多人,https://www.javbus.com/DVDMS-853,
ARAN-050 気がオカシクなるヤバいSEX 電動ドリルと巨根を飲み込んでイキっぱなしになる女 INFERNO BABE ULTRA FILM,ARAN-050 気がオカシクなるヤバいSEX 電動ドリルと巨根を飲み込んでイキっぱなしになる女 INFERNO BABE ULTRA FILM,ARAN-050,,2022-07-23,240分鐘,,BabyEntertainment,素人娘狂騒局,,粗暴、凌辱、4小時以上作品、子宮頸、高畫質、折磨、アクメ・オーガズム,多人,https://www.javbus.com/ARAN-050,
CEAD-418 川上ゆう2枚組ハイパーベスト5時間10分,CEAD-418 川上ゆう2枚組ハイパーベスト5時間10分,CEAD-418,,2022-07-23,310分鐘,,セレブの友,セレブの友,ハイパーベスト,成熟的女人、女同性戀、女同接吻、女優ベスト・総集編、巨尻、DMM獨家,多人,https://www.javbus.com/CEAD-418,
CEMD-204 初レズ解禁！皇ゆずwith波多野結衣,CEMD-204 初レズ解禁！皇ゆずwith波多野結衣,CEMD-204,,2022-07-23,139分鐘,,セレブの友,セレブの友,初レズ解禁！,成熟的女人、女同性戀、潮吹、花癡、女同接吻、DMM獨家,多人,https://www.javbus.com/CEMD-204,
DGCEMD-204 ★配信限定！特典映像付★初レズ解禁！皇ゆずwith波多野結衣,DGCEMD-204 ★配信限定！特典映像付★初レズ解禁！皇ゆずwith波多野結衣,DGCEMD-204,,2022-07-23,183分鐘,,セレブの友,,初レズ解禁！,成熟的女人、女同性戀、潮吹、花癡、女同接吻、高畫質、4K、DMM獨家,多人,https://www.javbus.com/DGCEMD-204,
CJOB-115 「マ○コより気持ちよくしてアゲル」痴女手コキ100発オーバーBEST3,CJOB-115 「マ○コより気持ちよくしてアゲル」痴女手コキ100発オーバーBEST3,CJOB-115,,2022-07-22,480分鐘,,痴女ヘブン,痴女ヘブンBEST,痴女手コキBEST,蕩婦、合集、ハーレム、男の潮吹き、DMM獨家、打手槍,多人,https://www.javbus.com/CJOB-115,
MXDLP-0036 パンストが似合う美脚痴女 vol.2 月乃ルナ 吉沢明歩 由愛可奈 波多野結衣 陽向さえか,MXDLP-0036 パンストが似合う美脚痴女 vol.2 月乃ルナ 吉沢明歩 由愛可奈 波多野結衣 陽向さえか,MXDLP-0036,,2022-07-16,250分鐘,,MAXING,MAXING,,蕩婦、合集、4小時以上作品、美脚、配信専用、パンストモノ,多人,https://www.javbus.com/MXDLP-0036,
MXDLP-0037 生中出し7連発 波多野結衣 飛鳥りん 木下ひまり 弥生みづき 青山翔,MXDLP-0037 生中出し7連発 波多野結衣 飛鳥りん 木下ひまり 弥生みづき 青山翔,MXDLP-0037,,2022-07-16,269分鐘,,MAXING,MAXING,,合集、中出、4小時以上作品、配信専用,多人,https://www.javbus.com/MXDLP-0037,
YVG-044 悪ガキトイレ輪● 篠田あゆみ/椎名ゆな/本田莉子/本間麗花/森沢かな/波多野結衣/穂高ゆうき/KAORI,YVG-044 悪ガキトイレ輪● 篠田あゆみ/椎名ゆな/本田莉子/本間麗花/森沢かな/波多野結衣/穂高ゆうき/KAORI,YVG-044,,2022-07-16,240分鐘,,グローリークエスト,GLORY QUEST,,合集、花癡、多P、粗暴、DMM獨家,多人,https://www.javbus.com/YVG-044,
MXDLP-0031 ペロペロ、じゅぽじゅぽ、もぐもぐタイム 大槻ひびき 飛鳥りん 波多野結衣 水鳥文乃 吉沢明歩,MXDLP-0031 ペロペロ、じゅぽじゅぽ、もぐもぐタイム 大槻ひびき 飛鳥りん 波多野結衣 水鳥文乃 吉沢明歩,MXDLP-0031,,2022-07-16,265分鐘,,MAXING,MAXING,,合集、4小時以上作品、配信専用、フェラモノ,多人,https://www.javbus.com/MXDLP-0031,
MXDLP-0033 欲情女のオナニーSP 吉沢明歩 黒宮えいみ 飛鳥りん 由愛可奈 月乃ルナ,MXDLP-0033 欲情女のオナニーSP 吉沢明歩 黒宮えいみ 飛鳥りん 由愛可奈 月乃ルナ,MXDLP-0033,,2022-07-16,256分鐘,,MAXING,MAXING,,合集、4小時以上作品、配信専用、自慰,多人,https://www.javbus.com/MXDLP-0033,
CRFV-003 【お中元】眼鏡美女15名 パンスト×競泳水着 33時間 巨乳＆美脚15タイトルまるごと2003分大収録！,CRFV-003 【お中元】眼鏡美女15名 パンスト×競泳水着 33時間 巨乳＆美脚15タイトルまるごと2003分大収録！,CRFV-003,,2022-07-15,2003分鐘,,クリスタル映像,,,蕩婦、成熟的女人、放尿、苗條、第一人稱攝影、潮吹、無毛、連褲襪、多P、美少女、乳房、乳液、中出、女優按摩棒、足交、高畫質、顏射、按摩棒、16時間以上作品、巨尻、眼鏡、巨乳、福袋、DMM獨家、自慰、學校泳裝,多人,https://www.javbus.com/CRFV-003,
MBYD-363 犯した人妻を再びレ×プするトドメの追姦NTR8時間ベスト,MBYD-363 犯した人妻を再びレ×プするトドメの追姦NTR8時間ベスト,MBYD-363,,2022-07-15,480分鐘,,溜池ゴロー,溜池ゴロー,,合集、已婚婦女、中出、出軌、DMM獨家,多人,https://www.javbus.com/MBYD-363,
BBSS-062 ビビアン2021年下半期コンプリートBEST8時間 ～全作品の濃厚レズビアンセックス厳選収録～,BBSS-062 ビビアン2021年下半期コンプリートBEST8時間 ～全作品の濃厚レズビアンセックス厳選収録～,BBSS-062,,2022-07-08,480分鐘,,ビビアン,ビビアン,ビビアン ○半期コンプリートBEST,女同性戀、合集、女同接吻、巨乳、DMM獨家,多人,https://www.javbus.com/BBSS-062,
YMDD-281 ヤリマンワゴンが行く！！ハプニング ア ゴーゴー！！波多野結衣と大槻ひびきとリズの珍道中 世界の交尾脳が淫度マシマシでカムバック！ひびはたコンビ最狂タッグで日本全土腰砕け性交計画,YMDD-281 ヤリマンワゴンが行く！！ハプニング ア ゴーゴー！！波多野結衣と大槻ひびきとリズの珍道中 世界の交尾脳が淫度マシマシでカムバック！ひびはたコンビ最狂タッグで日本全土腰砕け性交計画,YMDD-281,,2022-07-02,170分鐘,鈴木リズ,桃太郎映像出版,若桃,ヤリマンワゴンが行く！！ハプニング ア ゴーゴー！！,口交、多P、倒追、中出、立即口交、DMM獨家,多人,https://www.javbus.com/YMDD-281,
MIZD-286 ノリノリ女子2人の間に放り込まれて逆3Pで痴女られまくる103連発！！,MIZD-286 ノリノリ女子2人の間に放り込まれて逆3Pで痴女られまくる103連発！！,MIZD-286,,2022-07-01,480分鐘,,ムーディーズ,MOODYZ Best,,蕩婦、口交、合集、多P、數位馬賽克、中出、女上位、DMM獨家,多人,https://www.javbus.com/MIZD-286,
BMW-260 ビーチクとチ○ポのW快感に大量射精！乳首こねくりスパイダー騎乗位BEST,BMW-260 ビーチクとチ○ポのW快感に大量射精！乳首こねくりスパイダー騎乗位BEST,BMW-260,,2022-07-01,240分鐘,,ワンズファクトリー,WANZ,,蕩婦、其他戀物癖、合集、花癡、中出、女上位、DMM獨家,多人,https://www.javbus.com/BMW-260,
JUVR-132 【VR】ハイクオリティ高画質で全SEXノーカット収録！！Madonna3P4PハーレムSEX452分ベスト,JUVR-132 【VR】ハイクオリティ高画質で全SEXノーカット収録！！Madonna3P4PハーレムSEX452分ベスト,JUVR-132,,2022-06-30,453分鐘,,マドンナ,MadonnaVR,,蕩婦、成熟的女人、已婚婦女、多P、4小時以上作品、ハーレム、VR専用、ハイクオリティVR、DMM獨家,多人,https://www.javbus.com/JUVR-132,
VRKM-672 【VR】爆上がりする興奮度！1173分卑猥すぎる淫語厳選14タイトルノーカットBEST,VRKM-672 【VR】爆上がりする興奮度！1173分卑猥すぎる淫語厳選14タイトルノーカットBEST,VRKM-672,,2022-06-25,1174分鐘,K太郎,ケイ・エム・プロデュース,KMPVR,VR BEST,蕩婦、合集、淫語、中出、16時間以上作品、VR専用、ハイクオリティVR、DMM獨家,多人,https://www.javbus.com/VRKM-672,
REAL-800 鬼イカセ 凄惨な逝き地獄4時間BEST,REAL-800 鬼イカセ 凄惨な逝き地獄4時間BEST,REAL-800,,2022-06-25,241分鐘,,レアルワークス,REAL（レアルワークス）,鬼イカセ,紧缚、潮吹、合集、花癡、拘束、4小時以上作品、高畫質、DMM獨家,多人,https://www.javbus.com/REAL-800,
CJOB-114 耳、乳首、チ○ポ性感帯同時責め 痴女テク足コキの魅力に出会うBEST,CJOB-114 耳、乳首、チ○ポ性感帯同時責め 痴女テク足コキの魅力に出会うBEST,CJOB-114,,2022-06-24,240分鐘,,痴女ヘブン,痴女ヘブンBEST,,蕩婦、合集、足交、ハーレム、DMM獨家,多人,https://www.javbus.com/CJOB-114,
MBYD-361 「赤ちゃんできちゃうってばぁ…！」嫌がる人妻を絶望堕ちさせる孕ませ中出しレ×プ63連発,MBYD-361 「赤ちゃんできちゃうってばぁ…！」嫌がる人妻を絶望堕ちさせる孕ませ中出しレ×プ63連発,MBYD-361,,2022-06-17,480分鐘,,溜池ゴロー,溜池ゴロー,,合集、已婚婦女、凌辱、中出、出軌、DMM獨家,多人,https://www.javbus.com/MBYD-361,
MXDLP-0024 3P～複数で燃える女たち～ vol.2 由愛可奈 咲野の花 桃尻かのん 波多野結衣 吉沢明歩,MXDLP-0024 3P～複数で燃える女たち～ vol.2 由愛可奈 咲野の花 桃尻かのん 波多野結衣 吉沢明歩,MXDLP-0024,,2022-06-16,278分鐘,,MAXING,MAXING,3P～複数で燃える女たち～,濫交、合集、花癡、多P、4小時以上作品、配信専用,多人,https://www.javbus.com/MXDLP-0024,
MXDLP-0023 ぬるぬるローションマット専門店 大槻ひびき 陽向さえか 咲野の花 波多野結衣 寿ゆかり,MXDLP-0023 ぬるぬるローションマット専門店 大槻ひびき 陽向さえか 咲野の花 波多野結衣 寿ゆかり,MXDLP-0023,,2022-06-16,322分鐘,,MAXING,MAXING,,合集、4小時以上作品、配信専用、風俗、ローション・オイル,多人,https://www.javbus.com/MXDLP-0023,
CEAD-409 ワキ毛を見せつける痴女たちの卑猥なSEX！8時間2枚組,CEAD-409 ワキ毛を見せつける痴女たちの卑猥なSEX！8時間2枚組,CEAD-409,,2022-06-11,480分鐘,,セレブの友,セレブの友,,蕩婦、成熟的女人、其他戀物癖、合集、淫語、DMM獨家,多人,https://www.javbus.com/CEAD-409,
VRKM-661 【VR】KMPVRが誇る名作のイイとこ取り！超大作究極SEX SPECIAL BEST 300分,VRKM-661 【VR】KMPVRが誇る名作のイイとこ取り！超大作究極SEX SPECIAL BEST 300分,VRKM-661,,2022-06-09,301分鐘,K太郎,ケイ・エム・プロデュース,KMPVR,VR BEST,蕩婦、多P、中出、4小時以上作品、ハーレム、VR専用、巨乳、ハイクオリティVR、DMM獨家,多人,https://www.javbus.com/VRKM-661,
MBF-008 【期間限定】11作品完全収録 MAX-A30周年記念 お祭りスペシャル！！風俗嬢（○秘）裏オプションコレクション 絶対本番出来る生中出し風俗嬢スペシャル ～中出しオプションをフル尺1305分～,MBF-008 【期間限定】11作品完全収録 MAX-A30周年記念 お祭りスペシャル！！風俗嬢（○秘）裏オプションコレクション 絶対本番出来る生中出し風俗嬢スペシャル ～中出しオプションをフル尺1305分～,MBF-008,,2022-06-08,1307分鐘,,マックスエー,,,美少女、乳房、中出、美容院、高畫質、16時間以上作品、DMM獨家,多人,https://www.javbus.com/MBF-008,
MRSC-015 恋する人妻4 10人 中出し 5時間,MRSC-015 恋する人妻4 10人 中出し 5時間,MRSC-015,,2022-06-04,300分鐘,夢咲イチロー,ミセスの素顔/エマニエル,ミセスの素顔,恋する人妻,已婚婦女、中出、出軌、巨乳、エマニエル、DMM獨家,多人,https://www.javbus.com/MRSC-015,
BMW-259 嫌っ！中出しだけはダメぇっ！！ 突く度にブルンブルン巨乳を揺らして強●種付けされまくる絶望レ×プBEST,BMW-259 嫌っ！中出しだけはダメぇっ！！ 突く度にブルンブルン巨乳を揺らして強●種付けされまくる絶望レ×プBEST,BMW-259,,2022-06-03,240分鐘,,ワンズファクトリー,WANZ,,合集、凌辱、中出、巨乳、DMM獨家,多人,https://www.javbus.com/BMW-259,
BMW-258 「まだ残ってるでしょ」 精子1滴も残さない射精直後のチンしゃぶお掃除フェラ67連発BEST,BMW-258 「まだ残ってるでしょ」 精子1滴も残さない射精直後のチンしゃぶお掃除フェラ67連発BEST,BMW-258,,2022-06-03,240分鐘,,ワンズファクトリー,WANZ,,口交、合集、美少女、中出、顏射、DMM獨家,多人,https://www.javbus.com/BMW-258,
MQNC-002 K.M.Produce ありがとう20周年 歴代ヒット作より厳選2934分20作品ノーカットフル収録,MQNC-002 K.M.Produce ありがとう20周年 歴代ヒット作より厳選2934分20作品ノーカットフル収録,MQNC-002,,2022-05-25,2938分鐘,,ケイ・エム・プロデュース,million（ミリオン）,million ノーカットBEST,合集、美少女、中出、高畫質、16時間以上作品、巨乳、DMM獨家,多人,https://www.javbus.com/MQNC-002,
MDBK-242 裸を超えたその妖艶な姿に酔いしれろ！ランジェリー美女50人 中出しありの生ハメ下着性交 SUPER BEST,MDBK-242 裸を超えたその妖艶な姿に酔いしれろ！ランジェリー美女50人 中出しありの生ハメ下着性交 SUPER BEST,MDBK-242,,2022-05-21,241分鐘,K太郎,BAZOOKA,BAZOOKA（バズーカ）,,蕩婦、合集、4小時以上作品、性感的、高畫質、DMM獨家、內衣,多人,https://www.javbus.com/MDBK-242,
TCDF-018 純女たちにデカペニクリを責めまくられるニューハーフ達の淫らな痴態！8枚組 21時間41分！,TCDF-018 純女たちにデカペニクリを責めまくられるニューハーフ達の淫らな痴態！8枚組 21時間41分！,TCDF-018,,2022-05-21,1301分鐘,,TRANS CLUB,TRANS CLUB,,合集、變性者、多P、中出、女裝人妖、DMM獨家,多人,https://www.javbus.com/TCDF-018,
MIVR-077 【VR】シンプルにヌケるが一番！誘惑のボディーパーツを見抜けるVR。アメイジング （MIVR-00077）,MIVR-077 【VR】シンプルにヌケるが一番！誘惑のボディーパーツを見抜けるVR。アメイジング （MIVR-00077）,MIVR-077,,2022-05-20,274分鐘,,MILU VR,,シンプルにヌケるが一番,蕩婦、妄想、4小時以上作品、VR専用、泳裝、自慰,多人,https://www.javbus.com/MIVR-077,
MXDLP-0015 本当にいた！やれる風俗嬢！ 大槻ひびき 陽向さえか 咲野の花 波多野結衣 吉沢明歩,MXDLP-0015 本当にいた！やれる風俗嬢！ 大槻ひびき 陽向さえか 咲野の花 波多野結衣 吉沢明歩,MXDLP-0015,,2022-05-16,265分鐘,,MAXING,MAXING,,合集、4小時以上作品、配信専用、風俗、フェラモノ,多人,https://www.javbus.com/MXDLP-0015,
MXDLP-0011 3P～複数で燃える女たち～ 由愛可奈 陽向さえか 波多野結衣 大槻ひびき 小向美奈子,MXDLP-0011 3P～複数で燃える女たち～ 由愛可奈 陽向さえか 波多野結衣 大槻ひびき 小向美奈子,MXDLP-0011,,2022-05-16,250分鐘,,MAXING,MAXING,,濫交、合集、花癡、多P、4小時以上作品、配信専用,多人,https://www.javbus.com/MXDLP-0011,
MXDLP-0016 パンストが似合う美脚痴女SP 4時間 波多野結衣 咲野の花 月乃ルナ 由愛可奈 水沢のの,MXDLP-0016 パンストが似合う美脚痴女SP 4時間 波多野結衣 咲野の花 月乃ルナ 由愛可奈 水沢のの,MXDLP-0016,,2022-05-16,240分鐘,,MAXING,MAXING,,蕩婦、合集、4小時以上作品、美脚、配信専用、パンストモノ,多人,https://www.javbus.com/MXDLP-0016,
MXDLP-0012 生中出し8連発 桃園みらい 川瀬なな 星宮みなみ 陽向さえか 大槻ひびき,MXDLP-0012 生中出し8連発 桃園みらい 川瀬なな 星宮みなみ 陽向さえか 大槻ひびき,MXDLP-0012,,2022-05-16,273分鐘,,MAXING,MAXING,,合集、中出、4小時以上作品、配信専用,多人,https://www.javbus.com/MXDLP-0012,
MXDLP-0018 濃密接吻 濃厚性交SP 星乃月 桃尻かのん 咲野の花 波多野結衣 大原ゆりあ,MXDLP-0018 濃密接吻 濃厚性交SP 星乃月 桃尻かのん 咲野の花 波多野結衣 大原ゆりあ,MXDLP-0018,,2022-05-16,269分鐘,,MAXING,MAXING,,合集、花癡、4小時以上作品、キス・接吻、配信専用,多人,https://www.javbus.com/MXDLP-0018,
MXDLP-0013 体液噴出 潮吹きSP 陽向さえか 由愛可奈 波多野結衣 吉沢明歩 なるみ杏奈,MXDLP-0013 体液噴出 潮吹きSP 陽向さえか 由愛可奈 波多野結衣 吉沢明歩 なるみ杏奈,MXDLP-0013,,2022-05-16,298分鐘,,MAXING,MAXING,,潮吹、合集、4小時以上作品、配信専用,多人,https://www.javbus.com/MXDLP-0013,
MIZD-280 えぇ！こんな場所で！？男潮吹くんですか！！？満足顔痴女の男潮噴射直前フィニッシュ手コキ95連発BEST,MIZD-280 えぇ！こんな場所で！？男潮吹くんですか！！？満足顔痴女の男潮噴射直前フィニッシュ手コキ95連発BEST,MIZD-280,,2022-05-13,240分鐘,,ムーディーズ,MOODYZ Best,,蕩婦、合集、美少女、數位馬賽克、男の潮吹き、DMM獨家、打手槍,多人,https://www.javbus.com/MIZD-280,
MIVR-00077 【VR】シンプルにヌケるが一番！誘惑のボディーパーツを見抜けるVR。アメイジング 香坂のあ 神ユキ 瀬崎彩音 木下ひまり 大浦真奈美,MIVR-00077 【VR】シンプルにヌケるが一番！誘惑のボディーパーツを見抜けるVR。アメイジング 香坂のあ 神ユキ 瀬崎彩音 木下ひまり 大浦真奈美,MIVR-00077,,2022-05-09,273分鐘,,ミルVR,MILUVR,,蕩婦、合集、4小時以上作品、主觀視角、泳裝、配信専用、自慰、VR,多人,https://www.javbus.com/MIVR-00077,
MIVR-00076 【VR】シンプルにヌケるが一番！誘惑のボディーパーツを見抜けるVR。アメイジング 宝田もなみ 浅見せな 波多野結衣 凛音とうか 美谷朱里,MIVR-00076 【VR】シンプルにヌケるが一番！誘惑のボディーパーツを見抜けるVR。アメイジング 宝田もなみ 浅見せな 波多野結衣 凛音とうか 美谷朱里,MIVR-00076,,2022-05-09,378分鐘,,ミルVR,MILUVR,,蕩婦、合集、4小時以上作品、主觀視角、泳裝、配信専用、自慰、VR,多人,https://www.javbus.com/MIVR-00076,
CEAD-406 波多野結衣＋大槻ひびき＋推川ゆうり＋篠田ゆう2枚組ハイパーベスト4時間36分,CEAD-406 波多野結衣＋大槻ひびき＋推川ゆうり＋篠田ゆう2枚組ハイパーベスト4時間36分,CEAD-406,,2022-05-07,276分鐘,,セレブの友,セレブの友,ハイパーベスト,成熟的女人、女同性戀、濫交、女優ベスト・総集編、DMM獨家,多人,https://www.javbus.com/CEAD-406,
CEAD-405 私は快楽狂いのド淫乱オナニスト 全100シーン総集編8時間,CEAD-405 私は快楽狂いのド淫乱オナニスト 全100シーン総集編8時間,CEAD-405,,2022-05-07,480分鐘,,セレブの友,セレブの友,私は快楽狂いのド淫乱オナニスト,成熟的女人、合集、淫語、ディルド、DMM獨家、自慰,多人,https://www.javbus.com/CEAD-405,
RBB-233 発射寸前！ 我慢汁垂れ流しの気持ちいいフェラチオ 150連射8時間（RBB-233）,RBB-233 発射寸前！ 我慢汁垂れ流しの気持ちいいフェラチオ 150連射8時間（RBB-233）,RBB-233,,2022-05-06,480分鐘,,ROOKIE,ROOKIE,発射寸前！ 我慢汁垂れ流しの気持ちいいフェラチオ,口交、合集、美少女、顏射、DMM獨家,多人,https://www.javbus.com/RBB-233,
NBES-047 隣人の情婦になってしまった妻 全31タイトル収録 4枚組16時間BEST！！,NBES-047 隣人の情婦になってしまった妻 全31タイトル収録 4枚組16時間BEST！！,NBES-047,,2022-05-06,960分鐘,,JET映像,卍GROUP,社会派ねとられドラマ,成熟的女人、合集、已婚婦女、出軌、DMM獨家,多人,https://www.javbus.com/NBES-047,
BBAN-371 レズビアンに囚われた女潜入捜査官 吉岡ひより 波多野結衣 美咲結衣,BBAN-371 レズビアンに囚われた女潜入捜査官 吉岡ひより 波多野結衣 美咲結衣,BBAN-371,,2022-05-06,150分鐘,三島六三郎,ビビアン,ビビアン,レズビアンに囚われた女潜入捜査官,女同性戀、女檢察官、美容院、女同接吻、高畫質、戲劇、DMM獨家,多人,https://www.javbus.com/BBAN-371,
MAXVRH-028 【VR】MAX-A30周年記念VR＆DVDコラボ作品 いきなり過ぎて何が起きてるのかわからないまま夢のハーレム！突然チョー贅沢6P！,MAXVRH-028 【VR】MAX-A30周年記念VR＆DVDコラボ作品 いきなり過ぎて何が起きてるのかわからないまま夢のハーレム！突然チョー贅沢6P！,MAXVRH-028,,2022-05-04,67分鐘,トロモロコシ,マックスエー,MAX-AVR,,多P、制服、ハーレム、VR専用、ハイクオリティVR、DMM獨家,多人,https://www.javbus.com/MAXVRH-028,
DOKS-561 厳選パンティストッキングマニア 美脚OLたちの誘惑パンスト艶戯 ベスト5時間,DOKS-561 厳選パンティストッキングマニア 美脚OLたちの誘惑パンスト艶戯 ベスト5時間,DOKS-561,,2022-05-01,299分鐘,松本性虫,OFFICE K’S,OFFICE K’S,,蕩婦、淫語、姐姐、4小時以上作品、高畫質、自慰,多人,https://www.javbus.com/DOKS-561,
YMDD-274 ギャルマンワゴンが行く！！,YMDD-274 ギャルマンワゴンが行く！！,YMDD-274,,2022-04-30,240分鐘,,桃太郎映像出版,若桃,,口交、倒追、中出、女上位、立即口交、DMM獨家,多人,https://www.javbus.com/YMDD-274,
YVG-040 【オナニー見せつけ！】パンティ越しにぐちゅ濡れマ○コチラつかせ誘惑するオナニー狂いの女,YVG-040 【オナニー見せつけ！】パンティ越しにぐちゅ濡れマ○コチラつかせ誘惑するオナニー狂いの女,YVG-040,,2022-04-30,240分鐘,,グローリークエスト,GLORY QUEST,,蕩婦、合集、花癡、DMM獨家、自慰,多人,https://www.javbus.com/YVG-040,
XVSR-651 MAX-A30周年記念作品 18禁ハーレムハウス,XVSR-651 MAX-A30周年記念作品 18禁ハーレムハウス,XVSR-651,,2022-04-30,120分鐘,シャンティYAZAWA,マックスエー,Calen,,濫交、潮吹、美少女、ハーレム、DMM獨家、內衣,多人,https://www.javbus.com/XVSR-651,
BMW-256 妊・娠・確・定 むしろ三つ子確定！射精→挿入→また射精！グチュグチュ大量中出し30連発BEST,BMW-256 妊・娠・確・定 むしろ三つ子確定！射精→挿入→また射精！グチュグチュ大量中出し30連発BEST,BMW-256,,2022-04-29,240分鐘,,ワンズファクトリー,WANZ,,濫交、合集、花癡、中出、顏射、DMM獨家,多人,https://www.javbus.com/BMW-256,
MKMP-450 K.M.Produce創立20周年記念作品 激アツの精子を子宮にぶちまける中出しのエッグいSEX100人斬り2枚組8時間,MKMP-450 K.M.Produce創立20周年記念作品 激アツの精子を子宮にぶちまける中出しのエッグいSEX100人斬り2枚組8時間,MKMP-450,,2022-04-23,482分鐘,,ケイ・エム・プロデュース,million（ミリオン）,,合集、美少女、中出、4小時以上作品、高畫質、巨乳、DMM獨家,多人,https://www.javbus.com/MKMP-450,
CEMD-158 これを見れば全てが解る！『春菜はな』のレズビアンSEXの歴史 16時間26分 7枚組ベスト！,CEMD-158 これを見れば全てが解る！『春菜はな』のレズビアンSEXの歴史 16時間26分 7枚組ベスト！,CEMD-158,,2022-04-23,986分鐘,,セレブの友,セレブの友,,成熟的女人、女同性戀、花癡、多P、女同接吻、超乳、女優ベスト・総集編、巨尻、巨乳、DMM獨家,多人,https://www.javbus.com/CEMD-158,
CEAD-403 森沢かな The Ultimate Best 8時間,CEAD-403 森沢かな The Ultimate Best 8時間,CEAD-403,,2022-04-23,480分鐘,,セレブの友,セレブの友,The Ultimate Best,成熟的女人、已婚婦女、花癡、乳房、出軌、戲劇、女優ベスト・総集編、DMM獨家、自慰、黑人演員,多人,https://www.javbus.com/CEAD-403,
UMSO-445 マジでイッちゃう5分前！40人の発射5分前からお見せます！VOL.04,UMSO-445 マジでイッちゃう5分前！40人の発射5分前からお見せます！VOL.04,UMSO-445,,2022-04-23,241分鐘,,ケイ・エム・プロデュース,UMANAMI,マジでイッちゃう5分前！○人の発射5分前からお見せます！,成熟的女人、合集、已婚婦女、4小時以上作品、高畫質、巨乳、DMM獨家,多人,https://www.javbus.com/UMSO-445,
LZBS-082 逃げ場のない密室で一日中イカされ続けレズの虜になった女たち 厳選ベスト5時間,LZBS-082 逃げ場のない密室で一日中イカされ続けレズの虜になった女たち 厳選ベスト5時間,LZBS-082,,2022-04-23,300分鐘,,レズれ！,レズれ！ ベスト,,女同性戀、合集、乳房、巨乳、DMM獨家,多人,https://www.javbus.com/LZBS-082,
CJOB-109 右も左も痴女られ気持ちイイ 挟撃サンドイッチ逆3PハーレムBEST,CJOB-109 右も左も痴女られ気持ちイイ 挟撃サンドイッチ逆3PハーレムBEST,CJOB-109,,2022-04-22,240分鐘,,痴女ヘブン,痴女ヘブンBEST,,蕩婦、合集、淫語、中出、女上位、ハーレム、DMM獨家,多人,https://www.javbus.com/CJOB-109,
MXDLP-0009 密着パーソナルヨガ教室 波多野結衣 吉沢明歩 由愛可奈 飛鳥りん,MXDLP-0009 密着パーソナルヨガ教室 波多野結衣 吉沢明歩 由愛可奈 飛鳥りん,MXDLP-0009,,2022-04-16,245分鐘,,MAXING,MAXING,,蕩婦、合集、4小時以上作品、配信専用,多人,https://www.javbus.com/MXDLP-0009,
MXDLP-0003 媚薬でガクブルSEX SP 大槻ひびき 吉沢明歩 波多野結衣 佐々木あき,MXDLP-0003 媚薬でガクブルSEX SP 大槻ひびき 吉沢明歩 波多野結衣 佐々木あき,MXDLP-0003,,2022-04-16,261分鐘,,MAXING,MAXING,,合集、4小時以上作品、配信専用、ドラッグ・媚薬,多人,https://www.javbus.com/MXDLP-0003,
MXDLP-0007 グッチョリぬるぬるローション SP 吉沢明歩 由愛可奈 波多野結衣 咲野の花,MXDLP-0007 グッチョリぬるぬるローション SP 吉沢明歩 由愛可奈 波多野結衣 咲野の花,MXDLP-0007,,2022-04-16,268分鐘,,MAXING,MAXING,,合集、4小時以上作品、配信専用、ローション・オイル,多人,https://www.javbus.com/MXDLP-0007,
MXDLP-0008 約束の禁欲生活！久しぶりにHしたら絶頂を繰り返す欲求不満女子SP 由愛可奈 波多野結衣 吉沢明歩 黒宮えいみ 飛鳥りん,MXDLP-0008 約束の禁欲生活！久しぶりにHしたら絶頂を繰り返す欲求不満女子SP 由愛可奈 波多野結衣 吉沢明歩 黒宮えいみ 飛鳥りん,MXDLP-0008,,2022-04-16,298分鐘,,MAXING,MAXING,,蕩婦、合集、4小時以上作品、配信専用,多人,https://www.javbus.com/MXDLP-0008,
TRE-183 夢の筆下ろしガチドキュメント はじめてはAV女優。BEST 8時間 1,TRE-183 夢の筆下ろしガチドキュメント はじめてはAV女優。BEST 8時間 1,TRE-183,,2022-04-15,480分鐘,,プレステージ,TREASURE,どエロ女優に丸投げ！！夢…,乳交、合集、巨乳、女優、筆おろし,多人,https://www.javbus.com/TRE-183,
PBD-418 お風呂でも、舌を絡ませ密着絡み合い快楽求める中出し性交BEST,PBD-418 お風呂でも、舌を絡ませ密着絡み合い快楽求める中出し性交BEST,PBD-418,,2022-04-15,240分鐘,,プレミアム,PREMIUM BEST,,蕩婦、口交、合集、姐姐、數位馬賽克、中出、汗だく、DMM獨家,多人,https://www.javbus.com/PBD-418,
PBD-417 プレミアム2021年下半期BEST 総絶頂回数30000回over！30タイトルず～っとイッてるってばぁ！8時間,PBD-417 プレミアム2021年下半期BEST 総絶頂回数30000回over！30タイトルず～っとイッてるってばぁ！8時間,PBD-417,,2022-04-15,480分鐘,,プレミアム,PREMIUM BEST,,蕩婦、合集、姐姐、多P、數位馬賽克、中出、ハーレム、DMM獨家,多人,https://www.javbus.com/PBD-417,
VRKM-584 【VR】KMP20周年記念作品 天井特化アングルVRシリーズ 売上TOP30 BEST,VRKM-584 【VR】KMP20周年記念作品 天井特化アングルVRシリーズ 売上TOP30 BEST,VRKM-584,,2022-04-15,451分鐘,宮迫メンバー,ケイ・エム・プロデュース,KMPVR,天井特化アングル,合集、乳房、女上位、4小時以上作品、主觀視角、VR専用、巨乳、ハイクオリティVR、DMM獨家,多人,https://www.javbus.com/VRKM-584,
MBYD-357 美尻人妻たちが寝取られ！抜き差しモロ見えバックピストンBEST,MBYD-357 美尻人妻たちが寝取られ！抜き差しモロ見えバックピストンBEST,MBYD-357,,2022-04-15,240分鐘,,溜池ゴロー,溜池ゴロー,,合集、已婚婦女、中出、出軌、巨尻、DMM獨家,多人,https://www.javbus.com/MBYD-357,
VRKM-603 【VR】1052分 誰もが夢見る理想のシチュエーション ハーレムSEX厳選13タイトルノーカット収録,VRKM-603 【VR】1052分 誰もが夢見る理想のシチュエーション ハーレムSEX厳選13タイトルノーカット収録,VRKM-603,,2022-04-13,1053分鐘,K太郎,ケイ・エム・プロデュース,KMPVR,VR BEST,合集、中出、16時間以上作品、ハーレム、VR専用、巨乳、ハイクオリティVR、DMM獨家,多人,https://www.javbus.com/VRKM-603,
HDKA-255 はだかの主婦総集編6人4時間Vol.13,HDKA-255 はだかの主婦総集編6人4時間Vol.13,HDKA-255,,2022-04-05,244分鐘,,プラネットプラス,裸婦趣向,裸の主婦,成熟的女人、合集、已婚婦女、4小時以上作品、高畫質、巨乳,多人,https://www.javbus.com/HDKA-255,
OVG-195 絶対本番禁止のデリヘル嬢にナマ中出し！3 オイル素股でマ○コにチ○コを擦られてたら気持ち良すぎて思わずヌルっとナマ挿入！ダメよイヤよと嫌がりながら中出しされちゃうボイン嬢,OVG-195 絶対本番禁止のデリヘル嬢にナマ中出し！3 オイル素股でマ○コにチ○コを擦られてたら気持ち良すぎて思わずヌルっとナマ挿入！ダメよイヤよと嫌がりながら中出しされちゃうボイン嬢,OVG-195,,2022-04-02,135分鐘,,グローリークエスト,GLORY QUEST,絶対本番禁止のデリヘル嬢にナマ中出し！,妓女、乳液、中出、女上位、巨乳、DMM獨家,多人,https://www.javbus.com/OVG-195,
HZGB-033 欲求不満の人妻たちは夫以外のチ○ポでもイキ狂う―中出しナマ交尾-,HZGB-033 欲求不満の人妻たちは夫以外のチ○ポでもイキ狂う―中出しナマ交尾-,HZGB-033,,2022-04-01,299分鐘,,人妻花園劇場,imageII,,已婚婦女、新娘、年輕妻子、通姦、中出、4小時以上作品、高畫質、出軌、戲劇、巨乳、4K,多人,https://www.javbus.com/HZGB-033,
BMW-255 【甘サド淫語・拘束責め・寸止め焦らし】 精子沸騰寸前でチ○ポバカになるエロテク痴女の射精管理BEST,BMW-255 【甘サド淫語・拘束責め・寸止め焦らし】 精子沸騰寸前でチ○ポバカになるエロテク痴女の射精管理BEST,BMW-255,,2022-04-01,240分鐘,,ワンズファクトリー,WANZ,,蕩婦、合集、淫語、中出、M男、DMM獨家、打手槍,多人,https://www.javbus.com/BMW-255,
BMW-254 W痴女が常に性感帯同時責め！快感倍増！！ハーレム逆3PBEST,BMW-254 W痴女が常に性感帯同時責め！快感倍増！！ハーレム逆3PBEST,BMW-254,,2022-04-01,240分鐘,,ワンズファクトリー,WANZ,,蕩婦、合集、花癡、多P、中出、DMM獨家,多人,https://www.javbus.com/BMW-254,
LZBS-081 レズれ！潮吹きレズセックス厳選ベスト5時間 4 美女たちの大・大・大洪水！イキ潮スペシャル,LZBS-081 レズれ！潮吹きレズセックス厳選ベスト5時間 4 美女たちの大・大・大洪水！イキ潮スペシャル,LZBS-081,,2022-03-19,300分鐘,,レズれ！,レズれ！ ベスト,レズセックス厳選ベスト,女同性戀、潮吹、合集、巨乳、DMM獨家,多人,https://www.javbus.com/LZBS-081,
CEFD-007 復刻版 森沢かなの絶品美尻アナルをひびはたが責める3Pレズビアン,CEFD-007 復刻版 森沢かなの絶品美尻アナルをひびはたが責める3Pレズビアン,CEFD-007,,2022-03-19,169分鐘,,セレブの友,セレブの友,ひびはたが責める3Pレズビアン,蕩婦、成熟的女人、玩具、女同性戀、淫語、69、多P、乳房、複刻版、DMM獨家、肛交,多人,https://www.javbus.com/CEFD-007,
KNMD-111 種付けプレスでアクメする変態奥さま30人 5時間,KNMD-111 種付けプレスでアクメする変態奥さま30人 5時間,KNMD-111,,2022-03-18,300分鐘,萬次郎,キネマ座,キネマ座,,成熟的女人、亂倫、已婚婦女、中出、出軌、DMM獨家,多人,https://www.javbus.com/KNMD-111,
DSVR-1063 【VR】レズ体感VR 女のオーガズムは男の10倍！女目線で自分の身体がイキまくる！数多くの女子たちにレズの手ほどきをしてきたあおいれなが選んだ女体イカセの達人に責められる絶頂レズ3P！,DSVR-1063 【VR】レズ体感VR 女のオーガズムは男の10倍！女目線で自分の身体がイキまくる！数多くの女子たちにレズの手ほどきをしてきたあおいれなが選んだ女体イカセの達人に責められる絶頂レズ3P！,DSVR-1063,,2022-03-16,113分鐘,森川圭,SODクリエイト,SODVR,女のオーガズム,女同性戀、姐姐、女同接吻、主觀視角、VR専用、ハイクオリティVR、局部特寫,多人,https://www.javbus.com/DSVR-1063,
MIZD-271 射精直後の敏感チ○ポこねくり！お掃除フェラ100発オーバーBEST,MIZD-271 射精直後の敏感チ○ポこねくり！お掃除フェラ100発オーバーBEST,MIZD-271,,2022-03-11,480分鐘,,ムーディーズ,MOODYZ Best,,蕩婦、口交、合集、淫語、美少女、數位馬賽克、顏射、DMM獨家,多人,https://www.javbus.com/MIZD-271,
PBD-416 快楽を貪る。BEST 汗、汁、飛び散らし体液を交わらせ、私達がイキまくった淫らな記録映像。,PBD-416 快楽を貪る。BEST 汗、汁、飛び散らし体液を交わらせ、私達がイキまくった淫らな記録映像。,PBD-416,,2022-03-11,240分鐘,,プレミアム,PREMIUM BEST,,蕩婦、合集、姐姐、數位馬賽克、中出、女上位、汗だく、DMM獨家,多人,https://www.javbus.com/PBD-416,
PBD-415 お姉さんが1000回イっても止められない…！追撃アクメ中出しピストンBEST,PBD-415 お姉さんが1000回イっても止められない…！追撃アクメ中出しピストンBEST,PBD-415,,2022-03-11,240分鐘,,プレミアム,PREMIUM BEST,,蕩婦、合集、已婚婦女、姐姐、多P、數位馬賽克、中出、DMM獨家,多人,https://www.javbus.com/PBD-415,
MIZD-272 カラダの水分ぜーんぶ出ちゃった！ 爽快感MAX！絶頂スプラッシュ ハメ潮60本番！,MIZD-272 カラダの水分ぜーんぶ出ちゃった！ 爽快感MAX！絶頂スプラッシュ ハメ潮60本番！,MIZD-272,,2022-03-11,240分鐘,,ムーディーズ,MOODYZ Best,,放尿、其他戀物癖、潮吹、合集、美少女、數位馬賽克、羞恥、DMM獨家,多人,https://www.javbus.com/MIZD-272,
VRKM-559 【VR】KMPVR 春の大感謝祭！！2021年売上上位30作品500分BEST,VRKM-559 【VR】KMPVR 春の大感謝祭！！2021年売上上位30作品500分BEST,VRKM-559,,2022-03-08,502分鐘,K太郎,ケイ・エム・プロデュース,KMPVR,VR BEST,合集、妓女、姐姐、4小時以上作品、VR専用、巨乳、ハイクオリティVR、DMM獨家,多人,https://www.javbus.com/VRKM-559,
CEAD-397 ケツ穴のシワまで丸見えにして、アナタだけに見せつけるオナニーで激イキする15人の女たち！,CEAD-397 ケツ穴のシワまで丸見えにして、アナタだけに見せつけるオナニーで激イキする15人の女たち！,CEAD-397,,2022-03-05,202分鐘,,セレブの友,セレブの友,,蕩婦、成熟的女人、淫語、乳房、按摩棒、巨尻、巨乳、ディルド、DMM獨家、自慰、肛交,多人,https://www.javbus.com/CEAD-397,
CEMD-142 アナタを挑発する ディルドオナニー×見つめオナニー×ささやきオナニー 23時間48分 8枚組！,CEMD-142 アナタを挑発する ディルドオナニー×見つめオナニー×ささやきオナニー 23時間48分 8枚組！,CEMD-142,,2022-03-05,1428分鐘,,セレブの友,セレブの友,,蕩婦、成熟的女人、玩具、合集、淫語、花癡、乳液、16時間以上作品、ディルド、DMM獨家、自慰,多人,https://www.javbus.com/CEMD-142,
RBB-230 女の子多数と男1人の幸せすぎるよりどりハーレムタイム8時間 もうチ○ポがもちませーーーん！！！,RBB-230 女の子多数と男1人の幸せすぎるよりどりハーレムタイム8時間 もうチ○ポがもちませーーーん！！！,RBB-230,,2022-03-04,480分鐘,,ROOKIE,ROOKIE,ROOKIEベスト,蕩婦、濫交、多P、ハーレム、キス・接吻、DMM獨家,多人,https://www.javbus.com/RBB-230,
HZGB-032 背徳の美 罪悪感を感じながらも他人棒でイキ狂う中出し人妻性交,HZGB-032 背徳の美 罪悪感を感じながらも他人棒でイキ狂う中出し人妻性交,HZGB-032,,2022-03-04,299分鐘,,人妻花園劇場,imageII,,合集、已婚婦女、新娘、年輕妻子、中出、4小時以上作品、高畫質、出軌、花嫁、4K,多人,https://www.javbus.com/HZGB-032,
NBES-045 JET映像2021年全タイトルベスト4枚組16時間,NBES-045 JET映像2021年全タイトルベスト4枚組16時間,NBES-045,,2022-03-04,960分鐘,,JET映像,卍GROUP,,成熟的女人、合集、已婚婦女、出軌、DMM獨家,多人,https://www.javbus.com/NBES-045,
BBSS-059 ビビアンが選んだ本当にエロいレズSEX 50連発8時間！！（BBSS-059）,BBSS-059 ビビアンが選んだ本当にエロいレズSEX 50連発8時間！！（BBSS-059）,BBSS-059,,2022-03-04,480分鐘,,ビビアン,ビビアン,ビビアンが選んだ本当にエロいレズSEX,SM、女同性戀、合集、女同接吻、DMM獨家,多人,https://www.javbus.com/BBSS-059,
DSVR-1070 【VR】〈バイノーラルで聴覚刺激！多人数罵倒足コキ！豪華15人160分収録！〉‘女子○生寮の管理人（下僕人）の僕は、寮生の足コキおもちゃにされてます…’【寮や学校など至る所で罵倒され、足でチンコをイジメられてるけど快感すぎて責められ好きの僕にとってはご褒美で…,DSVR-1070 【VR】〈バイノーラルで聴覚刺激！多人数罵倒足コキ！豪華15人160分収録！〉‘女子○生寮の管理人（下僕人）の僕は、寮生の足コキおもちゃにされてます…’【寮や学校など至る所で罵倒され、足でチンコをイジメられてるけど快感すぎて責められ好きの僕にとってはご褒美で…,DSVR-1070,,2022-03-02,162分鐘,タカびじゅつ,SODクリエイト,SODVR,,足交、M男、VR専用、ハイクオリティVR、罵倒,多人,https://www.javbus.com/DSVR-1070,
DSVR-1038 【VR】《領域展開/地面特化×天井特化》究極3P密着サンドイッチセックス。ボンテージ女王様に前後左右に完全包囲で射精してもやめてもらえないM性感PRISON 波多野結衣 × 推川ゆうり,DSVR-1038 【VR】《領域展開/地面特化×天井特化》究極3P密着サンドイッチセックス。ボンテージ女王様に前後左右に完全包囲で射精してもやめてもらえないM性感PRISON 波多野結衣 × 推川ゆうり,DSVR-1038,,2022-03-02,122分鐘,矢澤レシーブ,SODクリエイト,SODVR,《領域展開/地面特化×天井特化》サンドイッチVR,蕩婦、姐姐、多P、中出、女上位、VR専用、ハイクオリティVR,多人,https://www.javbus.com/DSVR-1038,
MMB-406 3月3日は桃の節句ちゅ記念！ 1万人のユーザーが選んだ今年一番エロかった女優10人＋1の中出しセックス編,MMB-406 3月3日は桃の節句ちゅ記念！ 1万人のユーザーが選んだ今年一番エロかった女優10人＋1の中出しセックス編,MMB-406,,2022-02-26,240分鐘,石切橋博士,桃太郎映像出版,桃太郎ベスト,,蕩婦、花癡、中出、立即口交、女優ベスト・総集編、DMM獨家,多人,https://www.javbus.com/MMB-406,
MRSC-013 恋する人妻3 10人 中出し 5時間,MRSC-013 恋する人妻3 10人 中出し 5時間,MRSC-013,,2022-02-26,300分鐘,夢咲イチロー,ミセスの素顔/エマニエル,ミセスの素顔,恋する人妻,已婚婦女、中出、4小時以上作品、高畫質、出軌、巨乳、エマニエル、DMM獨家,多人,https://www.javbus.com/MRSC-013,
BMW-252 イジメっ娘の杭打ちで50回痴女られたボク…,BMW-252 イジメっ娘の杭打ちで50回痴女られたボク…,BMW-252,,2022-02-25,240分鐘,,ワンズファクトリー,WANZ,,蕩婦、合集、中出、女上位、高中女生、巨乳、DMM獨家,多人,https://www.javbus.com/BMW-252,
MIVR-076 【VR】シンプルにヌケるが一番！誘惑のボディーパーツを見抜けるVR。アメイジング,MIVR-076 【VR】シンプルにヌケるが一番！誘惑のボディーパーツを見抜けるVR。アメイジング,MIVR-076,,2022-02-25,378分鐘,,MILU VR,,シンプルにヌケるが一番,蕩婦、妄想、4小時以上作品、VR専用、泳裝、自慰,多人,https://www.javbus.com/MIVR-076,
MIZD-270 「おま○こより早いじゃない」 チン好き痴女たちの男を狂わせるテクい種搾り手コキ8時間130連発,MIZD-270 「おま○こより早いじゃない」 チン好き痴女たちの男を狂わせるテクい種搾り手コキ8時間130連発,MIZD-270,,2022-02-25,480分鐘,,ムーディーズ,MOODYZ Best,,蕩婦、淫語、美少女、數位馬賽克、巨乳、DMM獨家、打手槍,多人,https://www.javbus.com/MIZD-270,
MIZD-269 MOODYZ2021年12時間BEST,MIZD-269 MOODYZ2021年12時間BEST,MIZD-269,,2022-02-25,720分鐘,,ムーディーズ,MOODYZ Best,,合集、美少女、數位馬賽克、中出、巨乳、DMM獨家,多人,https://www.javbus.com/MIZD-269,
GNAX-064 サービス過剰なしたがり人妻姉妹整体師,GNAX-064 サービス過剰なしたがり人妻姉妹整体師,GNAX-064,,2022-02-19,120分鐘,なぎら健造,NAGIRA,NAGIRA-ナギラ-,,已婚婦女、多P、中出、按摩、高畫質、戲劇、DMM獨家,多人,https://www.javbus.com/GNAX-064,
NASH-650 田舎の近親相姦 義父に犯●れた嫁 4人 4時間,NASH-650 田舎の近親相姦 義父に犯●れた嫁 4人 4時間,NASH-650,,2022-02-19,241分鐘,,なでしこ,Nadeshiko,,成熟的女人、合集、亂倫、已婚婦女、4小時以上作品、高畫質、DMM獨家,多人,https://www.javbus.com/NASH-650,
LZBS-080 女同士のマ○コ舐めが一番エグイ！ 気持ちいいところを知り尽くしたレズクンニ快感堕ち104連発 厳選ベスト5時間,LZBS-080 女同士のマ○コ舐めが一番エグイ！ 気持ちいいところを知り尽くしたレズクンニ快感堕ち104連発 厳選ベスト5時間,LZBS-080,,2022-02-19,302分鐘,,レズれ！,レズれ！ ベスト,,女同性戀、合集、舔陰、4小時以上作品、高畫質、巨乳、DMM獨家,多人,https://www.javbus.com/LZBS-080,
ARAN-040 爆沈の女神-凄まじき伝説の拷虐絶頂- INFERNO BABE ULTRA FILM,ARAN-040 爆沈の女神-凄まじき伝説の拷虐絶頂- INFERNO BABE ULTRA FILM,ARAN-040,,2022-02-19,240分鐘,,BabyEntertainment,素人娘狂騒局,,紧缚、殘忍畫面、4小時以上作品、子宮頸、高畫質、折磨、アクメ・オーガズム,多人,https://www.javbus.com/ARAN-040,
CEFD-003 復刻版 大人の極上美女レズビアン 君島みお 波多野結衣,CEFD-003 復刻版 大人の極上美女レズビアン 君島みお 波多野結衣,CEFD-003,,2022-02-19,157分鐘,,セレブの友,セレブの友,大人の極上美女レズビアン,成熟的女人、女同性戀、女同接吻、巨尻、巨乳、DMM獨家,多人,https://www.javbus.com/CEFD-003,
CJOB-105 ド痴女に挟まれ！性感帯同時責め！強●射精ハーレムBEST,CJOB-105 ド痴女に挟まれ！性感帯同時責め！強●射精ハーレムBEST,CJOB-105,,2022-02-18,240分鐘,,痴女ヘブン,痴女ヘブンBEST,,蕩婦、口交、合集、多P、中出、ハーレム、DMM獨家,多人,https://www.javbus.com/CJOB-105,
ZEX-412 A moment of bliss ～大好きな2人との最高のレズ～,ZEX-412 A moment of bliss ～大好きな2人との最高のレズ～,ZEX-412,,2022-02-15,122分鐘,,ピーターズMAX,ピーターズMAX,,企畫、女同性戀、多P、女同接吻、高畫質、ディルド,多人,https://www.javbus.com/ZEX-412,
OVG-192 乳首舐めベロちゅう手コキ2,OVG-192 乳首舐めベロちゅう手コキ2,OVG-192,,2022-02-12,130分鐘,,グローリークエスト,GLORY QUEST,乳首舐めベロちゅう手コキ,蕩婦、口交、其他戀物癖、キス・接吻、DMM獨家、打手槍,多人,https://www.javbus.com/OVG-192,
MIZD-268 パンチラ誘惑に負けて30発もセックスしてしまった僕。,MIZD-268 パンチラ誘惑に負けて30発もセックスしてしまった僕。,MIZD-268,,2022-02-11,240分鐘,,ムーディーズ,MOODYZ Best,,合集、美少女、數位馬賽克、制服、女上位、高中女生、DMM獨家,多人,https://www.javbus.com/MIZD-268,
MBYD-353 「もうイッてるってばー！」年下男の絶倫すぎるエネルギッシュピストンに欲求不満の人妻たちが何度も快感堕ちBEST,MBYD-353 「もうイッてるってばー！」年下男の絶倫すぎるエネルギッシュピストンに欲求不満の人妻たちが何度も快感堕ちBEST,MBYD-353,,2022-02-11,240分鐘,,溜池ゴロー,溜池ゴロー,,合集、已婚婦女、中出、出軌、DMM獨家,多人,https://www.javbus.com/MBYD-353,
MBYD-352 人妻の口の中に我慢汁垂れ流しまくりの気持ちいいフェラチオ100発OVER 8時間,MBYD-352 人妻の口の中に我慢汁垂れ流しまくりの気持ちいいフェラチオ100発OVER 8時間,MBYD-352,,2022-02-11,480分鐘,,溜池ゴロー,溜池ゴロー,,口交、合集、已婚婦女、DMM獨家,多人,https://www.javbus.com/MBYD-352,
PPBD-228 腰が砕けるほどチ○ポをこねくるガマン汁垂れ流し手コキ100連発！,PPBD-228 腰が砕けるほどチ○ポをこねくるガマン汁垂れ流し手コキ100連発！,PPBD-228,,2022-02-11,240分鐘,,OPPAI,OPPAI,,蕩婦、淫語、巨乳、男の潮吹き、DMM獨家、打手槍,多人,https://www.javbus.com/PPBD-228,
VRKM-544 【VR】顔射VR 大量ぶっかけBEST,VRKM-544 【VR】顔射VR 大量ぶっかけBEST,VRKM-544,,2022-02-02,200分鐘,K太郎,ケイ・エム・プロデュース,KMPVR,VR BEST,口交、其他戀物癖、合集、美少女、顏射、VR専用、ハイクオリティVR、DMM獨家,多人,https://www.javbus.com/VRKM-544,
BMW-250 子宮の奥までぶち込むダイレクトち○ぽ！ 肉弾性交種付けプレス108連発,BMW-250 子宮の奥までぶち込むダイレクトち○ぽ！ 肉弾性交種付けプレス108連発,BMW-250,,2022-01-28,240分鐘,,ワンズファクトリー,WANZ,,花癡、多P、美少女、中出、デカチン・巨根、DMM獨家,多人,https://www.javbus.com/BMW-250,
BF-654 気持ち良過ぎてもうすぐ出ちゃう…！ 射精直前から始まる口内射精フェラチオ100連発！8時間,BF-654 気持ち良過ぎてもうすぐ出ちゃう…！ 射精直前から始まる口内射精フェラチオ100連発！8時間,BF-654,,2022-01-28,480分鐘,,BeFree,BeFree,,口交、合集、美少女、DMM獨家,多人,https://www.javbus.com/BF-654,
ATKD-327 ATTACKERS PRESENTS 120点満点のイイカラダ 超厳選20BODY 8時間凌●スペシャル！,ATKD-327 ATTACKERS PRESENTS 120点満点のイイカラダ 超厳選20BODY 8時間凌●スペシャル！,ATKD-327,,2022-01-28,480分鐘,,アタッカーズ,Attackers BEST,,苗條、凌辱、巨乳、DMM獨家,多人,https://www.javbus.com/ATKD-327,
BMW-251 超絶快感「イクッ！」3分前！ 爆乳パイズリ射精ラッシュ100連発BEST,BMW-251 超絶快感「イクッ！」3分前！ 爆乳パイズリ射精ラッシュ100連発BEST,BMW-251,,2022-01-28,240分鐘,,ワンズファクトリー,WANZ,,乳交、合集、美少女、巨乳、DMM獨家,多人,https://www.javbus.com/BMW-251,
VRKM-518 【VR】超快感の奥突き体位！真冬の300分騎乗位SUPER BEST,VRKM-518 【VR】超快感の奥突き体位！真冬の300分騎乗位SUPER BEST,VRKM-518,,2022-01-25,301分鐘,K太郎,ケイ・エム・プロデュース,KMPVR,VR BEST,蕩婦、合集、美少女、女上位、4小時以上作品、VR専用、巨乳、ハイクオリティVR、DMM獨家,多人,https://www.javbus.com/VRKM-518,
LZBS-079 美女レズビアン乱交 性豪ビアンのイカセ合い同時多発絶頂に圧倒される厳選ベスト5時間,LZBS-079 美女レズビアン乱交 性豪ビアンのイカセ合い同時多発絶頂に圧倒される厳選ベスト5時間,LZBS-079,,2022-01-22,301分鐘,,レズれ！,レズれ！ ベスト,,女同性戀、濫交、合集、4小時以上作品、巨乳、DMM獨家,多人,https://www.javbus.com/LZBS-079,
UMSO-431 まさかの知り合いに呼ばれたデリ嬢はこっそり媚薬を塗られ、ヤッてはいけない本番をヤッてはいけない知り合いに許す！！,UMSO-431 まさかの知り合いに呼ばれたデリ嬢はこっそり媚薬を塗られ、ヤッてはいけない本番をヤッてはいけない知り合いに許す！！,UMSO-431,,2022-01-22,244分鐘,,ケイ・エム・プロデュース,UMANAMI,,合集、妓女、已婚婦女、4小時以上作品、高畫質、巨乳、DMM獨家,多人,https://www.javbus.com/UMSO-431,
3DSVR-1070 〈バイノーラルで聴覚刺激!多人数罵倒足コキ!豪華15人160分収録!〉“女子…,3DSVR-1070 〈バイノーラルで聴覚刺激!多人数罵倒足コキ!豪華15人160分収録!〉“女子…,3DSVR-1070,,2022-01-20,160分鐘,沖IRERU,SODクリエイト,SODVR,,,多人,https://www.javbus.com/3DSVR-1070,
KSBJ-176 引き締まった細腰のスレンダー美熟女に中出し20人,KSBJ-176 引き締まった細腰のスレンダー美熟女に中出し20人,KSBJ-176,,2022-01-15,242分鐘,,KSB企画/エマニエル,KSB企画/エマニエル,,成熟的女人、苗條、合集、中出、4小時以上作品、高畫質、エマニエル、DMM獨家,多人,https://www.javbus.com/KSBJ-176,
EMAZ-398 近親相姦BOX20時間8枚組～卑猥な近親相姦てんこ盛り！,EMAZ-398 近親相姦BOX20時間8枚組～卑猥な近親相姦てんこ盛り！,EMAZ-398,,2022-01-15,1200分鐘,,婦人社/エマニエル,婦人社,,成熟的女人、合集、亂倫、婆婆、エマニエル、DMM獨家,多人,https://www.javbus.com/EMAZ-398,
BXX-011 股縄調教総集編 30人の股間に食い込む麻縄,BXX-011 股縄調教総集編 30人の股間に食い込む麻縄,BXX-011,,2022-01-15,150分鐘,,バミューダ/妄想族,フェニックス,,成熟的女人、紧缚、妄想族、DMM獨家,多人,https://www.javbus.com/BXX-011,
RVG-153 魔性年BEST VOL.1,RVG-153 魔性年BEST VOL.1,RVG-153,,2022-01-15,480分鐘,,グローリークエスト,GLORY QUEST,,合集、已婚婦女、凌辱、正太控、DMM獨家,多人,https://www.javbus.com/RVG-153,
MBYD-351 人妻たちが完全に絶望する瞬間！射精直前の壮絶ピストンレ×プ78連発,MBYD-351 人妻たちが完全に絶望する瞬間！射精直前の壮絶ピストンレ×プ78連発,MBYD-351,,2022-01-14,240分鐘,,溜池ゴロー,溜池ゴロー,,合集、已婚婦女、中出、出軌、DMM獨家,多人,https://www.javbus.com/MBYD-351,
FKBD-001 【福袋】超最強コスパ！ノーカット2081分★人気作＆人気女優大集合！ドリームチケット大・大・大感謝セット！,FKBD-001 【福袋】超最強コスパ！ノーカット2081分★人気作＆人気女優大集合！ドリームチケット大・大・大感謝セット！,FKBD-001,,2022-01-14,2083分鐘,,ドリームチケット,,WAAPグループ福袋,合集、姐姐、美少女、高畫質、16時間以上作品、巨乳、福袋,多人,https://www.javbus.com/FKBD-001,
PBD-412 君のビンビン乳首ねっちょり舐めて、こねくり犯して、気持ち良くしてアゲルからねBEST,PBD-412 君のビンビン乳首ねっちょり舐めて、こねくり犯して、気持ち良くしてアゲルからねBEST,PBD-412,,2022-01-14,240分鐘,,プレミアム,PREMIUM BEST,,蕩婦、苗條、合集、淫語、姐姐、數位馬賽克、DMM獨家、打手槍,多人,https://www.javbus.com/PBD-412,
VRKM-499 【VR】美少女が感じる愛らしい顔を間近で目撃！！顔特化BEST20人200分大収録,VRKM-499 【VR】美少女が感じる愛らしい顔を間近で目撃！！顔特化BEST20人200分大収録,VRKM-499,,2022-01-11,233分鐘,K太郎,ケイ・エム・プロデュース,KMPVR,VR BEST,企畫、其他戀物癖、合集、美少女、主觀視角、VR専用、ハイクオリティVR、DMM獨家,多人,https://www.javbus.com/VRKM-499,
RBB-226 痴女の天才に責められたい！ 8時間スペシャルBEST,RBB-226 痴女の天才に責められたい！ 8時間スペシャルBEST,RBB-226,,2022-01-07,480分鐘,,ROOKIE,ROOKIE,,蕩婦、口交、合集、出軌、DMM獨家,多人,https://www.javbus.com/RBB-226,
BBSS-055 ビビアン2021年上半期コンプリートBEST8時間 ～全作品の濃厚レズビアンセックス厳選収録～,BBSS-055 ビビアン2021年上半期コンプリートBEST8時間 ～全作品の濃厚レズビアンセックス厳選収録～,BBSS-055,,2022-01-07,480分鐘,,ビビアン,ビビアン,ビビアン ○半期コンプリートBEST,SM、女同性戀、合集、女同接吻、DMM獨家,多人,https://www.javbus.com/BBSS-055,
RVG-151 夜●いされ喘ぎ声を我慢しながら旦那の横で中出しまでされる人妻20人BEST VOL.4,RVG-151 夜●いされ喘ぎ声を我慢しながら旦那の横で中出しまでされる人妻20人BEST VOL.4,RVG-151,,2022-01-01,480分鐘,,グローリークエスト,GLORY QUEST,夜●いされ喘ぎ声を我慢しながら旦那の横で中出しまでされる人妻,合集、已婚婦女、中出、出軌、DMM獨家,多人,https://www.javbus.com/RVG-151,
GVH-338 W Ma○ko Device Bondage 鉄拘束マ○コ拷問 波多野結衣/大槻ひびき,GVH-338 W Ma○ko Device Bondage 鉄拘束マ○コ拷問 波多野結衣/大槻ひびき,GVH-338,,2022-01-01,120分鐘,,グローリークエスト,GLORY QUEST,Ma○ko Device Bondage,花癡、多P、深喉、拘束、中出、DMM獨家,多人,https://www.javbus.com/GVH-338,
BMW-248 10コスリで既に逝きかけてたのにそこから1000回突かれて顔面アクメ崩壊した女達,BMW-248 10コスリで既に逝きかけてたのにそこから1000回突かれて顔面アクメ崩壊した女達,BMW-248,,2021-12-31,240分鐘,,ワンズファクトリー,WANZ,,合集、花癡、美少女、中出、巨乳、DMM獨家,多人,https://www.javbus.com/BMW-248,
SAVR-150 【VR】2021年大ヒット もっとも売れたタイトルTOP30 超満足感の500分BEST,SAVR-150 【VR】2021年大ヒット もっとも売れたタイトルTOP30 超満足感の500分BEST,SAVR-150,,2021-12-29,516分鐘,K太郎,KMPVR-彩-,KMPVR-彩-,VR BEST,合集、乳液、中出、4小時以上作品、VR専用、巨乳、ハイクオリティVR、DMM獨家,多人,https://www.javbus.com/SAVR-150,
CEAD-383 川上ゆう The Ultimate Best 8時間,CEAD-383 川上ゆう The Ultimate Best 8時間,CEAD-383,,2021-12-25,480分鐘,,セレブの友,セレブの友,The Ultimate Best,蕩婦、成熟的女人、中出、女上位、女優ベスト・総集編、DMM獨家,多人,https://www.javbus.com/CEAD-383,
DGCEAD-384 ★配信限定！特典映像付★翔田千里 The Ultimate Best 8時間,DGCEAD-384 ★配信限定！特典映像付★翔田千里 The Ultimate Best 8時間,DGCEAD-384,,2021-12-25,533分鐘,,セレブの友,,The Ultimate Best,成熟的女人、女同性戀、4小時以上作品、女優ベスト・総集編、肛内中出、DMM獨家、黑人演員,多人,https://www.javbus.com/DGCEAD-384,
DGCEAD-383 ★配信限定！特典映像付★川上ゆう The Ultimate Best 8時間,DGCEAD-383 ★配信限定！特典映像付★川上ゆう The Ultimate Best 8時間,DGCEAD-383,,2021-12-25,526分鐘,,セレブの友,,The Ultimate Best,蕩婦、成熟的女人、中出、女上位、4小時以上作品、女優ベスト・総集編、DMM獨家,多人,https://www.javbus.com/DGCEAD-383,
CEAD-384 翔田千里 The Ultimate Best 8時間,CEAD-384 翔田千里 The Ultimate Best 8時間,CEAD-384,,2021-12-25,480分鐘,,セレブの友,セレブの友,The Ultimate Best,成熟的女人、女同性戀、女優ベスト・総集編、肛内中出、DMM獨家、黑人演員,多人,https://www.javbus.com/CEAD-384,
HMN-102 人気AV女優・波多野結衣とAIKAの ’マブダチ’になってみませんか？？3人で一緒に買い物して、遊んで、流しそうめんして、逆3Pで中出ししまくれる夢の1日体感企画！！,HMN-102 人気AV女優・波多野結衣とAIKAの ’マブダチ’になってみませんか？？3人で一緒に買い物して、遊んで、流しそうめんして、逆3Pで中出ししまくれる夢の1日体感企画！！,HMN-102,,2021-12-24,120分鐘,タイガー小堺,本中,本中,,蕩婦、纪录片、多P、數位馬賽克、中出、高畫質、ハーレム、DMM獨家,多人,https://www.javbus.com/HMN-102,
CJOB-102 拘束・挟撃身動き出来ない状態で痴女られ、犯●れ、無理ヤリ射精される僕BEST,CJOB-102 拘束・挟撃身動き出来ない状態で痴女られ、犯●れ、無理ヤリ射精される僕BEST,CJOB-102,,2021-12-24,240分鐘,,痴女ヘブン,痴女ヘブンBEST,,蕩婦、合集、花癡、姐姐、中出、ハーレム、DMM獨家,多人,https://www.javbus.com/CJOB-102,
RVG-150 お尻大好きしょう太くんのHなイタズラBEST VOL.5,RVG-150 お尻大好きしょう太くんのHなイタズラBEST VOL.5,RVG-150,,2021-12-18,480分鐘,,グローリークエスト,GLORY QUEST,しょう太くんのHなイタズラ,合集、屁股、正太控、巨尻、DMM獨家,多人,https://www.javbus.com/RVG-150,
OVG-188 おち○ぽ大好きお姉さんのフェラチオは好きですか？2,OVG-188 おち○ぽ大好きお姉さんのフェラチオは好きですか？2,OVG-188,,2021-12-18,135分鐘,,グローリークエスト,GLORY QUEST,おち○ぽ大好きお姉さんのフェラチオは好きですか？,蕩婦、口交、花癡、DMM獨家,多人,https://www.javbus.com/OVG-188,
SVS-075 強●絶頂絶叫！高速ドリルイカセ拷問調教 4時間,SVS-075 強●絶頂絶叫！高速ドリルイカセ拷問調教 4時間,SVS-075,,2021-12-18,240分鐘,,AVS collector’s,AVS,,監禁、粗暴、折磨、DMM獨家,多人,https://www.javbus.com/SVS-075,
PPBD-224 「嫌だ、ヤメテってばぁ！」 望まない中出しに乳を揺らしてイク女孕ませバックレ×プBEST,PPBD-224 「嫌だ、ヤメテってばぁ！」 望まない中出しに乳を揺らしてイク女孕ませバックレ×プBEST,PPBD-224,,2021-12-17,240分鐘,,OPPAI,OPPAI,,合集、花癡、多P、中出、巨乳、バック、DMM獨家,多人,https://www.javbus.com/PPBD-224,
MAXAF-001 【福袋】MAX-A 2021感謝祭ヌキヌキ超MEGAマックス2081分,MAXAF-001 【福袋】MAX-A 2021感謝祭ヌキヌキ超MEGAマックス2081分,MAXAF-001,,2021-12-17,2081分鐘,,マックスエー,,,戀乳癖、乳房、中出、高畫質、16時間以上作品、巨乳、福袋、DMM獨家,多人,https://www.javbus.com/MAXAF-001,
MBYD-349 夫が帰宅するまであと10分！？バレるよりも快感を求めてしまう中出しチキンレース不倫BEST,MBYD-349 夫が帰宅するまであと10分！？バレるよりも快感を求めてしまう中出しチキンレース不倫BEST,MBYD-349,,2021-12-17,240分鐘,,溜池ゴロー,溜池ゴロー,,合集、已婚婦女、通姦、中出、出軌、DMM獨家,多人,https://www.javbus.com/MBYD-349,
PBD-410 射精したら交代 舐めしゃぶりフェラハーレム スケベなお姉さんに交互にチ●ポしゃぶられもう射精してるのにずっと痴女られ続けて困ってます…BEST,PBD-410 射精したら交代 舐めしゃぶりフェラハーレム スケベなお姉さんに交互にチ●ポしゃぶられもう射精してるのにずっと痴女られ続けて困ってます…BEST,PBD-410,,2021-12-17,240分鐘,,プレミアム,PREMIUM BEST,,蕩婦、苗條、口交、合集、姐姐、數位馬賽克、ハーレム、DMM獨家,多人,https://www.javbus.com/PBD-410,
CAFUKU-004 【VR福袋】コスパ抜群の1000分超！厳選15タイトルHQ画質＆完全ノーカット！ゆく年くる年毎年ヌケちゃう！2021激シコVRセレクション！【CASANOVA】,CAFUKU-004 【VR福袋】コスパ抜群の1000分超！厳選15タイトルHQ画質＆完全ノーカット！ゆく年くる年毎年ヌケちゃう！2021激シコVRセレクション！【CASANOVA】,CAFUKU-004,,2021-12-17,1024分鐘,,CASANOVA,,,蕩婦、美容院、16時間以上作品、巨尻、VR専用、ハイクオリティVR、ヘルス・ソープ、福袋、DMM獨家、女傭,多人,https://www.javbus.com/CAFUKU-004,
CEMD-100 これで見納め！『あおいれな』のレズ限定20時間18分ベスト！,CEMD-100 これで見納め！『あおいれな』のレズ限定20時間18分ベスト！,CEMD-100,,2021-12-11,1218分鐘,,セレブの友,セレブの友,,成熟的女人、女同性戀、女優ベスト・総集編、DMM獨家、貧乳・微乳,多人,https://www.javbus.com/CEMD-100,
AGMX-102 闇夜の不法侵入→女子の寝所へ忍んで痴●行為→強●射精,AGMX-102 闇夜の不法侵入→女子の寝所へ忍んで痴●行為→強●射精,AGMX-102,,2021-12-11,128分鐘,吉田大仏,SEX Agent/妄想族,SEX Agent,,口交、乳交、深喉、粗暴、妄想族、DMM獨家、顏射,多人,https://www.javbus.com/AGMX-102,
CEAD-380 15人の淫乱メガネオナニスト！ ～知的な淫乱オナニストが激イキオナニーで乱れまくる！,CEAD-380 15人の淫乱メガネオナニスト！ ～知的な淫乱オナニストが激イキオナニーで乱れまくる！,CEAD-380,,2021-12-11,209分鐘,,セレブの友,セレブの友,,成熟的女人、淫語、眼鏡、巨乳、DMM獨家、自慰,多人,https://www.javbus.com/CEAD-380,
BBSS-057 脳も膣もトロトロに溶けるような甘い吐息で囁かれる淫語レズセックス4時間BEST,BBSS-057 脳も膣もトロトロに溶けるような甘い吐息で囁かれる淫語レズセックス4時間BEST,BBSS-057,,2021-12-10,240分鐘,,ビビアン,ビビアン,,女同性戀、合集、淫語、舔陰、女同接吻、DMM獨家,多人,https://www.javbus.com/BBSS-057,
STCETD-077 【お得セット】すぐにSEXができるエロシェアハウス！4・妄想がエスカレートする若妻4・日焼けのコールガール2,STCETD-077 【お得セット】すぐにSEXができるエロシェアハウス！4・妄想がエスカレートする若妻4・日焼けのコールガール2,STCETD-077,,2021-12-06,489分鐘,,セレブの友,セレブの友（お得セット）,,蕩婦、成熟的女人、姐姐、中出、4小時以上作品、設置項目、巨乳、DMM獨家,多人,https://www.javbus.com/STCETD-077,
YMDD-252 ヤリマンワゴンが行く！！ハプニング ア ゴーゴー！！AIKAと波多野結衣とリズの珍道中～カリスマギャル再降臨！！世界のSPゲストとタッグで精子搾りとり伝説！～,YMDD-252 ヤリマンワゴンが行く！！ハプニング ア ゴーゴー！！AIKAと波多野結衣とリズの珍道中～カリスマギャル再降臨！！世界のSPゲストとタッグで精子搾りとり伝説！～,YMDD-252,,2021-12-04,190分鐘,鈴木リズ,桃太郎映像出版,若桃,ヤリマンワゴンが行く！！ハプニング ア ゴーゴー！！,口交、多P、倒追、中出、立即口交、DMM獨家,多人,https://www.javbus.com/YMDD-252,
MMB-394 12月3日は「妻の日」だと聞いたのでデカチンフェラを妻にお願いしてみた！ 10，000人のフェラマニアが選んだ‘桃太郎で今世紀いちばんエロかったおしゃぶり奥様BEST 50’,MMB-394 12月3日は「妻の日」だと聞いたのでデカチンフェラを妻にお願いしてみた！ 10，000人のフェラマニアが選んだ‘桃太郎で今世紀いちばんエロかったおしゃぶり奥様BEST 50’,MMB-394,,2021-12-04,240分鐘,石切橋博士,桃太郎映像出版,桃太郎ベスト,,口交、合集、已婚婦女、通姦、デカチン・巨根、DMM獨家,多人,https://www.javbus.com/MMB-394,
XVSR-625 どっちも好きで選べない！可愛すぎる2人が俺のチ○コを奪い合うヤリまくり性活！！ 紺野ひかる＆波多野結衣,XVSR-625 どっちも好きで選べない！可愛すぎる2人が俺のチ○コを奪い合うヤリまくり性活！！ 紺野ひかる＆波多野結衣,XVSR-625,,2021-12-04,120分鐘,吉田いくぞう,マックスエー,Calen,,口交、多P、美少女、主觀視角、ハーレム、DMM獨家,多人,https://www.javbus.com/XVSR-625,
BMW-246 ビーチクで感じる男しか勝たん！ チクビッ痴が射精するまでベロベロべローン！乳首こねくり責めBEST,BMW-246 ビーチクで感じる男しか勝たん！ チクビッ痴が射精するまでベロベロべローン！乳首こねくり責めBEST,BMW-246,,2021-12-03,240分鐘,,ワンズファクトリー,WANZ,,蕩婦、其他戀物癖、合集、美少女、M男、DMM獨家、打手槍,多人,https://www.javbus.com/BMW-246,
HODV-21636 h.m.p 平成女神伝説2,HODV-21636 h.m.p 平成女神伝説2,HODV-21636,,2021-12-03,1001分鐘,,h.m.p,h.m.p,h.m.p 平成女神伝説,成熟的女人、合集、美少女、複刻版、16時間以上作品、巨乳,多人,https://www.javbus.com/HODV-21636,
3DSVR-1063 レズ体感VR 女のオーガズムは男の10倍!女目線で自分の身体がイキまくる!…,3DSVR-1063 レズ体感VR 女のオーガズムは男の10倍!女目線で自分の身体がイキまくる!…,3DSVR-1063,,2021-11-29,112分鐘,森川圭,SODクリエイト,SODVR,女のオーガズム,女同性戀、姐姐,多人,https://www.javbus.com/3DSVR-1063,
NASH-606 本当にあったエッチなお話27,NASH-606 本当にあったエッチなお話27,NASH-606,,2021-11-20,242分鐘,,なでしこ,Nadeshiko,本当にあったエッチなお話,成熟的女人、合集、已婚婦女、通姦、4小時以上作品、高畫質、DMM獨家,多人,https://www.javbus.com/NASH-606,
CJOB-100 おっぱい密着でヌルヌル痴女ッてくる泡洗体手コキBEST,CJOB-100 おっぱい密着でヌルヌル痴女ッてくる泡洗体手コキBEST,CJOB-100,,2021-11-19,240分鐘,,痴女ヘブン,痴女ヘブンBEST,,蕩婦、合集、淫語、姐姐、男の潮吹き、DMM獨家、打手槍,多人,https://www.javbus.com/CJOB-100,
CJOB-099 奪い合いフェラ痴女ハーレム～交互に追撃しゃぶられ何度も射精された僕～BEST,CJOB-099 奪い合いフェラ痴女ハーレム～交互に追撃しゃぶられ何度も射精された僕～BEST,CJOB-099,,2021-11-19,240分鐘,,痴女ヘブン,痴女ヘブンBEST,,蕩婦、口交、合集、花癡、多P、ハーレム、DMM獨家,多人,https://www.javbus.com/CJOB-099,
LZBS-077 クリやマ○コを擦るだけじゃイキ足りないオンナたち 羞恥、拘束、淫語のSMヘンタイ凌●性交にハマるレズビアン 厳選ベスト5時間,LZBS-077 クリやマ○コを擦るだけじゃイキ足りないオンナたち 羞恥、拘束、淫語のSMヘンタイ凌●性交にハマるレズビアン 厳選ベスト5時間,LZBS-077,,2021-11-13,302分鐘,,レズれ！,レズれ！ ベスト,,SM、女同性戀、合集、拘束、4小時以上作品、高畫質、DMM獨家,多人,https://www.javbus.com/LZBS-077,
MBYD-347 私を犯してきたチ●ポがドストライク！レ×プされているのにイってしまった人妻4時間,MBYD-347 私を犯してきたチ●ポがドストライク！レ×プされているのにイってしまった人妻4時間,MBYD-347,,2021-11-12,240分鐘,,溜池ゴロー,溜池ゴロー,,合集、已婚婦女、出軌、DMM獨家,多人,https://www.javbus.com/MBYD-347,
DVAJ-546 居酒屋・TVスタジオ・バス・映画館etc…時と場所を選ばずセックスする美少女たち5時間BEST,DVAJ-546 居酒屋・TVスタジオ・バス・映画館etc…時と場所を選ばずセックスする美少女たち5時間BEST,DVAJ-546,,2021-11-06,300分鐘,神田うさぎ,アリスJAPAN,アリスJAPAN,,野外・露出、合集、凌辱、羞恥、4小時以上作品、高畫質、DMM獨家,多人,https://www.javbus.com/DVAJ-546,
CEAD-378 貴方に語りかけるオナニー15名 ～貴方だけに語りかける下品な淫語とオナニーのオンパレード！,CEAD-378 貴方に語りかけるオナニー15名 ～貴方だけに語りかける下品な淫語とオナニーのオンパレード！,CEAD-378,,2021-11-06,218分鐘,,セレブの友,セレブの友,,成熟的女人、淫語、按摩棒、ディルド、DMM獨家、自慰,多人,https://www.javbus.com/CEAD-378,
BBSS-056 ビビアン7周年記念プレミアムBEST8時間 ～歴代名作を厳選した濃厚レズビアンセックスを豪華収録～,BBSS-056 ビビアン7周年記念プレミアムBEST8時間 ～歴代名作を厳選した濃厚レズビアンセックスを豪華収録～,BBSS-056,,2021-11-05,480分鐘,,ビビアン,ビビアン,,SM、女同性戀、合集、各種職業、女同接吻、DMM獨家,多人,https://www.javbus.com/BBSS-056,
BBAN-347 一人旅で狙われた乳房 レズビアンいいなり温泉旅行 北野未奈 浜崎真緒 波多野結衣,BBAN-347 一人旅で狙われた乳房 レズビアンいいなり温泉旅行 北野未奈 浜崎真緒 波多野結衣,BBAN-347,,2021-11-05,160分鐘,,ビビアン,ビビアン,,女同性戀、花癡、多P、女同接吻、高畫質、温泉、DMM獨家,多人,https://www.javbus.com/BBAN-347,
HNVR-079 【VR】中出しVRベスト600分 全部ナマ中出し！かわいい子と中出し体験したいならコレ！,HNVR-079 【VR】中出しVRベスト600分 全部ナマ中出し！かわいい子と中出し体験したいならコレ！,HNVR-079,,2021-10-31,606分鐘,,本中,本中-VR,本中-VR,合集、美少女、中出、4小時以上作品、主觀視角、VR専用、巨乳、ハイクオリティVR、DMM獨家,多人,https://www.javbus.com/HNVR-079,
BMW-244 男なら一生に一度は媚薬でキマッた美女を生ハメ中出しで突きまくりたい…よな？！発禁覚悟のヤバ過ぎ50本番,BMW-244 男なら一生に一度は媚薬でキマッた美女を生ハメ中出しで突きまくりたい…よな？！発禁覚悟のヤバ過ぎ50本番,BMW-244,,2021-10-29,240分鐘,,ワンズファクトリー,WANZ,,合集、花癡、美少女、中出、巨乳、DMM獨家,多人,https://www.javbus.com/BMW-244,
MIZD-253 射精っても止めない痴女手コキ！追撃男潮超ラッシュBEST,MIZD-253 射精っても止めない痴女手コキ！追撃男潮超ラッシュBEST,MIZD-253,,2021-10-29,240分鐘,,ムーディーズ,MOODYZ Best,,蕩婦、口交、合集、數位馬賽克、M男、男の潮吹き、DMM獨家、打手槍,多人,https://www.javbus.com/MIZD-253,
BMW-245 「ダメっ！中だけは許して下さい…！」 乱れた衣服が最高のオカズ着衣バックレ×プ中出し50連発,BMW-245 「ダメっ！中だけは許して下さい…！」 乱れた衣服が最高のオカズ着衣バックレ×プ中出し50連発,BMW-245,,2021-10-29,240分鐘,,ワンズファクトリー,WANZ,,合集、屁股、花癡、中出、バック、DMM獨家,多人,https://www.javbus.com/BMW-245,
MKMP-422 巨乳美女の跳ねピストンSEX 乳揺れ騎乗位BEST,MKMP-422 巨乳美女の跳ねピストンSEX 乳揺れ騎乗位BEST,MKMP-422,,2021-10-23,240分鐘,K太郎,ケイ・エム・プロデュース,million（ミリオン）,,合集、中出、女上位、高畫質、巨乳、DMM獨家,多人,https://www.javbus.com/MKMP-422,
CEMD-075 ドスケベ痴女の強●チ○ポ狩りvol.3 28時間09分10枚組,CEMD-075 ドスケベ痴女の強●チ○ポ狩りvol.3 28時間09分10枚組,CEMD-075,,2021-10-23,1689分鐘,,セレブの友,セレブの友,ドスケベ痴女の強●チ○ポ狩り,蕩婦、成熟的女人、合集、淫語、巨乳、DMM獨家,多人,https://www.javbus.com/CEMD-075,
REAL-781 極-KIWAMI- 無防備マ●コにブチ込む拘束SEX4時間極みBEST,REAL-781 極-KIWAMI- 無防備マ●コにブチ込む拘束SEX4時間極みBEST,REAL-781,,2021-10-23,242分鐘,K太郎,レアルワークス,REAL（レアルワークス）,極-KIWAMI-,紧缚、合集、拘束、羞恥、中出、4小時以上作品、高畫質、DMM獨家,多人,https://www.javbus.com/REAL-781,
OKAX-787 パックリ開いてワレメもドアップ！ぷくまん すじまん 濡れ染み挑発パンチラ,OKAX-787 パックリ開いてワレメもドアップ！ぷくまん すじまん 濡れ染み挑発パンチラ,OKAX-787,,2021-10-23,240分鐘,,ケイ・エム・プロデュース,おかず。,,蕩婦、合集、妄想、4小時以上作品、DMM獨家、局部特寫,多人,https://www.javbus.com/OKAX-787,
CEMD-076 加藤ももか まるごと完全収録1293分BEST,CEMD-076 加藤ももか まるごと完全収録1293分BEST,CEMD-076,,2021-10-23,1293分鐘,,セレブの友,セレブの友,○○まるごと完全収録,成熟的女人、乳房、中出、女優ベスト・総集編、DMM獨家,多人,https://www.javbus.com/CEMD-076,
CJOB-098 快感トライアングル悶絶3点責め！痴女ハーレムBEST,CJOB-098 快感トライアングル悶絶3点責め！痴女ハーレムBEST,CJOB-098,,2021-10-22,240分鐘,,痴女ヘブン,痴女ヘブンBEST,,蕩婦、口交、合集、多P、ハーレム、DMM獨家,多人,https://www.javbus.com/CJOB-098,
CJOD-318 逆3Pハーレム痴女Special アナタの乳首とチ●ポをこねくり犯して何度も、何度も、射精せてアゲル 波多野結衣 大槻ひびき,CJOD-318 逆3Pハーレム痴女Special アナタの乳首とチ●ポをこねくり犯して何度も、何度も、射精せてアゲル 波多野結衣 大槻ひびき,CJOD-318,,2021-10-22,170分鐘,金田一小五郎,痴女ヘブン,痴女ヘブン,,蕩婦、口交、花癡、女上位、高畫質、男の潮吹き、DMM獨家,多人,https://www.javbus.com/CJOD-318,
OVG-184 ウーマナイザーオナニー,OVG-184 ウーマナイザーオナニー,OVG-184,,2021-10-20,240分鐘,,グローリークエスト,GLORY QUEST,,蕩婦、玩具、4小時以上作品、高畫質、アクメ・オーガズム、DMM獨家、自慰,多人,https://www.javbus.com/OVG-184,
SAVR-146 【VR】アナタだけを見つめる美女たちとの贅沢の極みハーレムBEST SPECIAL300分,SAVR-146 【VR】アナタだけを見つめる美女たちとの贅沢の極みハーレムBEST SPECIAL300分,SAVR-146,,2021-10-16,303分鐘,K太郎,KMPVR-彩-,KMPVR-彩-,VR BEST,合集、中出、4小時以上作品、ハーレム、VR専用、巨乳、ハイクオリティVR、DMM獨家,多人,https://www.javbus.com/SAVR-146,
BXX-008 洗脳 潜入捜査官 コンプリートBEST 4時間,BXX-008 洗脳 潜入捜査官 コンプリートBEST 4時間,BXX-008,,2021-10-16,240分鐘,あばしり一姦,バミューダ/妄想族,フェニックス,洗脳 潜入捜査官,紧缚、女檢察官、拘束、折磨、妄想族、DMM獨家,多人,https://www.javbus.com/BXX-008,
PRED-345 トリプル痴女OLハーレム 欲求不満お姉さんたちの3点責めコンビネーションで何度も何度も中出しさせられる！ 香椎花乃 波多野結衣 木下ひまり,PRED-345 トリプル痴女OLハーレム 欲求不満お姉さんたちの3点責めコンビネーションで何度も何度も中出しさせられる！ 香椎花乃 波多野結衣 木下ひまり,PRED-345,,2021-10-15,150分鐘,キョウセイ,プレミアム,エレガンス,,蕩婦、口交、姐姐、數位馬賽克、中出、高畫質、ハーレム、DMM獨家,多人,https://www.javbus.com/PRED-345,
PBD-406 エッチなお姉さんのスケベ手コキ100発ヌキBEST,PBD-406 エッチなお姉さんのスケベ手コキ100発ヌキBEST,PBD-406,,2021-10-15,480分鐘,,プレミアム,PREMIUM BEST,,蕩婦、合集、淫語、姐姐、數位馬賽克、男の潮吹き、DMM獨家、打手槍,多人,https://www.javbus.com/PBD-406,
3DSVR-1038 《領域展開/地面特化×天井特化》究極3P密着サンドイッチセックス。ボンテ…,3DSVR-1038 《領域展開/地面特化×天井特化》究極3P密着サンドイッチセックス。ボンテ…,3DSVR-1038,,2021-10-14,122分鐘,矢澤レシーブ,SODクリエイト,SODVR,,蕩婦、姐姐、中出、女上位、3P、4P,多人,https://www.javbus.com/3DSVR-1038,
KNMD-108 人妻たちの淫らな情事 背徳の絶頂30人1500分ノーカットフル収録BEST,KNMD-108 人妻たちの淫らな情事 背徳の絶頂30人1500分ノーカットフル収録BEST,KNMD-108,,2021-10-13,1514分鐘,赤羽菊次郎,キネマ座,キネマ座,,成熟的女人、合集、已婚婦女、高畫質、戲劇、16時間以上作品、DMM獨家,多人,https://www.javbus.com/KNMD-108,
CEAD-371 抜クための熟女ハーレム作品集！完全保存版の豪華8時間2枚組vol，2,CEAD-371 抜クための熟女ハーレム作品集！完全保存版の豪華8時間2枚組vol，2,CEAD-371,,2021-10-09,480分鐘,,セレブの友,セレブの友,抜クための熟女ハーレム作品集！,成熟的女人、合集、多P、戲劇、ハーレム、DMM獨家,多人,https://www.javbus.com/CEAD-371,
RVG-142 マンズリ大好き巨乳淫語BEST vol.2,RVG-142 マンズリ大好き巨乳淫語BEST vol.2,RVG-142,,2021-10-06,481分鐘,,グローリークエスト,GLORY QUEST,マンズリ大好き巨乳淫語○○,蕩婦、合集、淫語、花癡、4小時以上作品、高畫質、DMM獨家,多人,https://www.javbus.com/RVG-142,
XVSR-617 仮面夫婦 完全版 最終章 寝取り寝取られる快感に目覚め快楽に溺れる変態夫婦達 大槻ひびき・波多野結衣,XVSR-617 仮面夫婦 完全版 最終章 寝取り寝取られる快感に目覚め快楽に溺れる変態夫婦達 大槻ひびき・波多野結衣,XVSR-617,,2021-10-02,158分鐘,K.C.武田,マックスエー,Calen,仮面夫婦,已婚婦女、多P、通姦、出軌、戲劇、DMM獨家,多人,https://www.javbus.com/XVSR-617,
BF-642 気持ち良過ぎて腰が勝手に動いちゃう ガンガン杭打ちピストン騎乗位4時間,BF-642 気持ち良過ぎて腰が勝手に動いちゃう ガンガン杭打ちピストン騎乗位4時間,BF-642,,2021-10-01,240分鐘,,BeFree,BeFree,,合集、屁股、女上位、DMM獨家,多人,https://www.javbus.com/BF-642,
VVVD-198 巨乳を擦りあう淫乱レズビアンBEST 8作品4時間,VVVD-198 巨乳を擦りあう淫乱レズビアンBEST 8作品4時間,VVVD-198,,2021-10-01,240分鐘,,ヴィ,V,,女同性戀、合集、花癡、美少女、巨乳、DMM獨家,多人,https://www.javbus.com/VVVD-198,
BMW-243 ドビュッ！ドビュッ！！ドビュッ！！！美しい顔限定！濃くてドロドロの精液ぶっ放し！ザーメン顔射バズーカ400連発BEST,BMW-243 ドビュッ！ドビュッ！！ドビュッ！！！美しい顔限定！濃くてドロドロの精液ぶっ放し！ザーメン顔射バズーカ400連発BEST,BMW-243,,2021-10-01,240分鐘,,ワンズファクトリー,WANZ,,合集、美少女、顏射、巨乳、DMM獨家,多人,https://www.javbus.com/BMW-243,
BMW-242 手コキ112連発 WANZFACTORY最新作を沢山詰め込みました！！,BMW-242 手コキ112連発 WANZFACTORY最新作を沢山詰め込みました！！,BMW-242,,2021-10-01,240分鐘,,ワンズファクトリー,WANZ,,蕩婦、合集、美少女、男の潮吹き、DMM獨家、打手槍,多人,https://www.javbus.com/BMW-242,
WAAA-101 ギャル2人がラブホで彼氏スワップ セクテク競い合いザー汁搾り尽くすチ○ポが持たないハーレム痴女3P REMI 波多野結衣,WAAA-101 ギャル2人がラブホで彼氏スワップ セクテク競い合いザー汁搾り尽くすチ○ポが持たないハーレム痴女3P REMI 波多野結衣,WAAA-101,,2021-10-01,170分鐘,,ワンズファクトリー,WANZ,セクテク競い合いハーレム痴女3P,蕩婦、多P、中出、女上位、高畫質、DMM獨家、女生,多人,https://www.javbus.com/WAAA-101,
CEAD-368 秘蔵！蔵出し、剛毛スペシャル！8時間 ～あの美しき淑女たちの剛毛ふさふさマン毛のオンパレード,CEAD-368 秘蔵！蔵出し、剛毛スペシャル！8時間 ～あの美しき淑女たちの剛毛ふさふさマン毛のオンパレード,CEAD-368,,2021-09-25,480分鐘,,セレブの友,セレブの友,,成熟的女人、其他戀物癖、合集、巨尻、巨乳、DMM獨家,多人,https://www.javbus.com/CEAD-368,
CJOB-095 「マ●コより気持ちよくしてアゲル」痴女手コキ100発オーバーBEST2,CJOB-095 「マ●コより気持ちよくしてアゲル」痴女手コキ100発オーバーBEST2,CJOB-095,,2021-09-24,480分鐘,,痴女ヘブン,痴女ヘブンBEST,痴女手コキBEST,蕩婦、苗條、合集、淫語、姐姐、DMM獨家、打手槍,多人,https://www.javbus.com/CJOB-095,
VRKM-362 【VR】1ミリの余力も与えない！？激しい腰使いの巨乳美女を15人集めたSUPER騎乗位BEST,VRKM-362 【VR】1ミリの余力も与えない！？激しい腰使いの巨乳美女を15人集めたSUPER騎乗位BEST,VRKM-362,,2021-09-24,182分鐘,K太郎,ケイ・エム・プロデュース,KMPVR,VR BEST,蕩婦、合集、女上位、主觀視角、VR専用、巨乳、ハイクオリティVR、DMM獨家,多人,https://www.javbus.com/VRKM-362,
VRKM-335 【VR】顔面密着×オナサポ 顔騎JOI,VRKM-335 【VR】顔面密着×オナサポ 顔騎JOI,VRKM-335,,2021-09-19,83分鐘,K太郎,ケイ・エム・プロデュース,KMPVR,,其他戀物癖、美少女、主觀視角、顏面騎乘、VR専用、オナサポ、ハイクオリティVR、DMM獨家,多人,https://www.javbus.com/VRKM-335,
PBD-404 エッチなお姉さんの挟み撃ち強●連射逆3PハーレムBEST,PBD-404 エッチなお姉さんの挟み撃ち強●連射逆3PハーレムBEST,PBD-404,,2021-09-17,240分鐘,,プレミアム,PREMIUM BEST,,蕩婦、合集、淫語、姐姐、多P、數位馬賽克、中出、DMM獨家,多人,https://www.javbus.com/PBD-404,
MIZD-247 ド痴女に挟まれいくつもの性感帯を同時責め逆3Pハーレムたっぷり抜かれまくり～8時間49本番,MIZD-247 ド痴女に挟まれいくつもの性感帯を同時責め逆3Pハーレムたっぷり抜かれまくり～8時間49本番,MIZD-247,,2021-09-17,480分鐘,,ムーディーズ,MOODYZ Best,,合集、姐姐、多P、數位馬賽克、中出、ハーレム、巨乳、DMM獨家,多人,https://www.javbus.com/MIZD-247,
MBYD-343 息子の友人に犯●れ、幾度もイカされてしまう女たち8時間BEST,MBYD-343 息子の友人に犯●れ、幾度もイカされてしまう女たち8時間BEST,MBYD-343,,2021-09-17,480分鐘,,溜池ゴロー,溜池ゴロー,友人の母,成熟的女人、合集、已婚婦女、出軌、DMM獨家,多人,https://www.javbus.com/MBYD-343,
DVAJ-536 尻肉ぶるるん！！ド迫力デカ尻セックス5時間BEST,DVAJ-536 尻肉ぶるるん！！ド迫力デカ尻セックス5時間BEST,DVAJ-536,,2021-09-11,301分鐘,神田うさぎ,アリスJAPAN,アリスJAPAN,,合集、女上位、4小時以上作品、高畫質、巨乳、バック、DMM獨家,多人,https://www.javbus.com/DVAJ-536,
CEMD-057 テラ盛りオナニー厳選BOX1372分8枚組 ～デカ盛りを超えたテラ盛りオナニー大集結！22時間52分もの驚愕オナニー映像！,CEMD-057 テラ盛りオナニー厳選BOX1372分8枚組 ～デカ盛りを超えたテラ盛りオナニー大集結！22時間52分もの驚愕オナニー映像！,CEMD-057,,2021-09-11,1372分鐘,,セレブの友,セレブの友,,成熟的女人、淫語、按摩棒、ディルド、DMM獨家、自慰,多人,https://www.javbus.com/CEMD-057,
RBB-217 えっ、ウソッ！？いま中に出されたばかりなのにぃぃぃぃ！！ 中出しされてまだマ○コがビクビク痙攣してるのに再びチ○ポを連続挿入！！子宮を精液で埋め尽くす追撃中出し8時間,RBB-217 えっ、ウソッ！？いま中に出されたばかりなのにぃぃぃぃ！！ 中出しされてまだマ○コがビクビク痙攣してるのに再びチ○ポを連続挿入！！子宮を精液で埋め尽くす追撃中出し8時間,RBB-217,,2021-09-10,480分鐘,,ROOKIE,ROOKIE,,合集、花癡、多P、中出、立即口交、汗だく、DMM獨家,多人,https://www.javbus.com/RBB-217,
MIZD-245 2020年MOODYZ大感謝セレクション特選100タイトル12時間,MIZD-245 2020年MOODYZ大感謝セレクション特選100タイトル12時間,MIZD-245,,2021-09-03,720分鐘,,ムーディーズ,MOODYZ Best,,蕩婦、合集、數位馬賽克、中出、巨乳、DMM獨家,多人,https://www.javbus.com/MIZD-245,
HNVR-072 【VR】終電逃して女上司2人と相部屋朝まで続くW杭打ち騎乗位永遠中出し 媚薬フェラ＆キメセクで金玉すっからかんになるまで精子搾りとられまくった1日 蓮実クレア 波多野結衣,HNVR-072 【VR】終電逃して女上司2人と相部屋朝まで続くW杭打ち騎乗位永遠中出し 媚薬フェラ＆キメセクで金玉すっからかんになるまで精子搾りとられまくった1日 蓮実クレア 波多野結衣,HNVR-072,,2021-08-26,84分鐘,ラッシャーみよし,本中,本中-VR,本中-VR,蕩婦、中出、女上位、ハーレム、VR専用、ハイクオリティVR、DMM獨家,多人,https://www.javbus.com/HNVR-072,
CEMD-051 波多野結衣と望月あやかが痴女る！（NH版）with 橘芹那 数多の男たちを絶頂させてきた淫乱女優二人が精子枯れ果てるまでNHを責めまくる！,CEMD-051 波多野結衣と望月あやかが痴女る！（NH版）with 橘芹那 数多の男たちを絶頂させてきた淫乱女優二人が精子枯れ果てるまでNHを責めまくる！,CEMD-051,,2021-08-21,196分鐘,,セレブの友,セレブの友,,蕩婦、成熟的女人、變性者、多P、巨乳、DMM獨家,多人,https://www.javbus.com/CEMD-051,
MKMP-411 KMPが贈る夏の祭典 打ち上げ花火の如し中出し300連発,MKMP-411 KMPが贈る夏の祭典 打ち上げ花火の如し中出し300連発,MKMP-411,,2021-08-21,300分鐘,K太郎,ケイ・エム・プロデュース,million（ミリオン）,,偶像藝人、合集、美少女、中出、DMM獨家,多人,https://www.javbus.com/MKMP-411,
AGMX-089 ディルドピストンオナニーしたままのフェラチオ,AGMX-089 ディルドピストンオナニーしたままのフェラチオ,AGMX-089,,2021-08-21,114分鐘,薄刃紫翠,SEX Agent/妄想族,SEX Agent,,口交、其他戀物癖、ディルド、妄想族、DMM獨家、自慰、打手槍,多人,https://www.javbus.com/AGMX-089,
REAL-775 「こ、これ以上はもうムリぃぃぃぃぃぃぃぃ」アクメ美女56名の限界を超えた極限エクスタシー！！大大大絶頂102連発BEST！！4時間,REAL-775 「こ、これ以上はもうムリぃぃぃぃぃぃぃぃ」アクメ美女56名の限界を超えた極限エクスタシー！！大大大絶頂102連発BEST！！4時間,REAL-775,,2021-08-21,245分鐘,K太郎,レアルワークス,REAL（レアルワークス）,,合集、花癡、高中女生、アクメ・オーガズム、DMM獨家,多人,https://www.javbus.com/REAL-775,
OKAX-768 まるでマ○コに入れているような丁度いい塩梅の手こきエステ,OKAX-768 まるでマ○コに入れているような丁度いい塩梅の手こきエステ,OKAX-768,,2021-08-21,240分鐘,,ケイ・エム・プロデュース,おかず。,,蕩婦、合集、美容院、按摩、DMM獨家,多人,https://www.javbus.com/OKAX-768,
CJOB-093 メスイキ ビクビク痙攣ドライオーガズム＆精子ビュルビュル発射ところてん堪能BEST,CJOB-093 メスイキ ビクビク痙攣ドライオーガズム＆精子ビュルビュル発射ところてん堪能BEST,CJOB-093,,2021-08-20,480分鐘,,痴女ヘブン,痴女ヘブンBEST,,蕩婦、合集、姐姐、女上位、男の潮吹き、DMM獨家、打手槍,多人,https://www.javbus.com/CJOB-093,
AKDL-134 君のチクビをコリコリしてあげる◆ 徹底的乳首いじり！ SUPER BEST,AKDL-134 君のチクビをコリコリしてあげる◆ 徹底的乳首いじり！ SUPER BEST,AKDL-134,,2021-08-19,241分鐘,FSET,アキノリ,AKNR,,蕩婦、美少女、4小時以上作品、高畫質、巨乳,多人,https://www.javbus.com/AKDL-134,
TIKB-119 【泥●エロ動画】お酒を飲み過ぎて大胆ドスケベになった女と呑んだくれハメ撮りAVドキュメント 240分！vol.2,TIKB-119 【泥●エロ動画】お酒を飲み過ぎて大胆ドスケベになった女と呑んだくれハメ撮りAVドキュメント 240分！vol.2,TIKB-119,,2021-08-14,240分鐘,,チキチキカマー/妄想族,,お酒を飲み過ぎて大胆ドスケベになった女と呑んだくれハメ撮りAVドキュメント,第一人稱攝影、中出、高畫質、巨尻、巨乳、妄想族、DMM獨家、女生,多人,https://www.javbus.com/TIKB-119,
BXX-006 恥辱の教室 総集編 生徒に辱められる16人の女教師,BXX-006 恥辱の教室 総集編 生徒に辱められる16人の女教師,BXX-006,,2021-08-14,240分鐘,,バミューダ/妄想族,フェニックス,恥辱の教室,女教師、拘束、惡作劇、羞恥、顏射、妄想族、DMM獨家,多人,https://www.javbus.com/BXX-006,
RBB-216 指名率100％ 女の子ハズレなし！絶対ヌける！ ご奉仕的快感が気持ち良すぎる風俗プレイ 豪華キャスト8時間,RBB-216 指名率100％ 女の子ハズレなし！絶対ヌける！ ご奉仕的快感が気持ち良すぎる風俗プレイ 豪華キャスト8時間,RBB-216,,2021-08-13,480分鐘,,ROOKIE,ROOKIE,,SM、口交、合集、妓女、中出、ヘルス・ソープ、DMM獨家,多人,https://www.javbus.com/RBB-216,
RBB-215 チ○ポで頭がいっぱい！同時に何本も咥えたい下品な女のまとめてぱっくんフェラチオ8時間,RBB-215 チ○ポで頭がいっぱい！同時に何本も咥えたい下品な女のまとめてぱっくんフェラチオ8時間,RBB-215,,2021-08-13,480分鐘,,ROOKIE,ROOKIE,,濫交、口交、合集、多P、美少女、DMM獨家,多人,https://www.javbus.com/RBB-215,
CEAD-353 こんな私で「ごめんなさい」オナニー全員集合！感じすぎる私、イキすぎる私、クチュクチュ音をたてる私、公衆便所みたいな私…,CEAD-353 こんな私で「ごめんなさい」オナニー全員集合！感じすぎる私、イキすぎる私、クチュクチュ音をたてる私、公衆便所みたいな私…,CEAD-353,,2021-08-07,226分鐘,,セレブの友,セレブの友,,成熟的女人、玩具、巨尻、巨乳、DMM獨家、自慰,多人,https://www.javbus.com/CEAD-353,
VVVD-193 小便浴びまくり！浴尿レズビアンBEST,VVVD-193 小便浴びまくり！浴尿レズビアンBEST,VVVD-193,,2021-07-22,240分鐘,,ヴィ,V,,放尿、女同性戀、合集、巨乳、DMM獨家,多人,https://www.javbus.com/VVVD-193,
VKTD-002 V＆R ボリューム満点のデカ乳BEST ノーカット完全収録2143分 PREMIUM BEST,VKTD-002 V＆R ボリューム満点のデカ乳BEST ノーカット完全収録2143分 PREMIUM BEST,VKTD-002,,2021-07-22,2144分鐘,,V＆R PRODUCE,V＆R PRODUCE,,其他戀物癖、合集、女上位、婆婆、高畫質、M男、16時間以上作品、DMM獨家,多人,https://www.javbus.com/VKTD-002,
MIAA-471 最近、格闘技にハマりだした意地悪お姉ちゃんの 脇汗たっぷりフェイスロック反撃脇クンニで猛犬ペロペロかましたらHな吐息が漏れてきて… 波多野結衣 奏音かのん 結城のの 晶エリー,MIAA-471 最近、格闘技にハマりだした意地悪お姉ちゃんの 脇汗たっぷりフェイスロック反撃脇クンニで猛犬ペロペロかましたらHな吐息が漏れてきて… 波多野結衣 奏音かのん 結城のの 晶エリー,MIAA-471,,2021-07-22,150分鐘,真咲南朋,ムーディーズ,みんなのキカタン,,蕩婦、姐姐、數位馬賽克、中出、高畫質、汗だく、DMM獨家、打手槍,多人,https://www.javbus.com/MIAA-471,
MDVR-169 【VR】夢のバーチャルコラボレーション！！ M性感風俗No.1 痴女性感フェチ倶楽部VR ～3Pプレイ体験SPECIAL EDITION～,MDVR-169 【VR】夢のバーチャルコラボレーション！！ M性感風俗No.1 痴女性感フェチ倶楽部VR ～3Pプレイ体験SPECIAL EDITION～,MDVR-169,,2021-07-22,96分鐘,さもあり,ムーディーズ,MOODYZ VR,,蕩婦、其他戀物癖、潮吹、按摩、M男、VR専用、ハイクオリティVR、DMM獨家,多人,https://www.javbus.com/MDVR-169,
BMW-239 欲しがり痴女が口マ○コであっつあつザーメン吸引！口内射精フェラ91コーナー105発,BMW-239 欲しがり痴女が口マ○コであっつあつザーメン吸引！口内射精フェラ91コーナー105発,BMW-239,,2021-07-22,240分鐘,,ワンズファクトリー,WANZ,,蕩婦、口交、合集、淫語、DMM獨家、吞精,多人,https://www.javbus.com/BMW-239,
BMW-238 膣内射精後、抜かずにピストン続行！中出しシェイク状態の妊娠確定セックス50連発,BMW-238 膣内射精後、抜かずにピストン続行！中出しシェイク状態の妊娠確定セックス50連発,BMW-238,,2021-07-22,240分鐘,,ワンズファクトリー,WANZ,,合集、花癡、姐姐、美少女、中出、DMM獨家,多人,https://www.javbus.com/BMW-238,
CADV-820 巨乳女を汚す老人セックス8時間スペシャル,CADV-820 巨乳女を汚す老人セックス8時間スペシャル,CADV-820,,2021-07-18,480分鐘,,クリスタル映像,CRYSTAL EX,,亂倫、中出、高畫質、出軌、巨乳、DMM獨家,多人,https://www.javbus.com/CADV-820,
MKMP-407 一般素人男性モニタリング企画 街頭インタビュー中にナイショでご本人登場！！有名人気AV女優9名と素人さんがご対面中出しSEX 完全コンプリート4時間BEST,MKMP-407 一般素人男性モニタリング企画 街頭インタビュー中にナイショでご本人登場！！有名人気AV女優9名と素人さんがご対面中出しSEX 完全コンプリート4時間BEST,MKMP-407,,2021-07-18,240分鐘,,ケイ・エム・プロデュース,million（ミリオン）,一般素人男性モニタリング企画,業餘、多P、倒追、中出、高畫質、巨乳、DMM獨家,多人,https://www.javbus.com/MKMP-407,
TCD-277 橘芹那を痴女るwith波多野結衣・望月あやか！！ ニューハーフ橘芹那をレジェンド女優の波多野結衣と望月あやかが痴女りまくるドキュメント作品！,TCD-277 橘芹那を痴女るwith波多野結衣・望月あやか！！ ニューハーフ橘芹那をレジェンド女優の波多野結衣と望月あやかが痴女りまくるドキュメント作品！,TCD-277,,2021-07-18,158分鐘,,TRANS CLUB,TRANS CLUB,,女同性戀、變性者、多P、女裝人妖、肛内中出、DMM獨家,多人,https://www.javbus.com/TCD-277,
MDBK-190 強烈コスに思わず二度見！？視覚で刺激する過激コスチュームを着た美女53名満足SEX4時間BEST！！,MDBK-190 強烈コスに思わず二度見！？視覚で刺激する過激コスチュームを着た美女53名満足SEX4時間BEST！！,MDBK-190,,2021-07-18,240分鐘,K太郎,BAZOOKA,BAZOOKA（バズーカ）,,其他戀物癖、合集、美少女、高畫質、巨乳、DMM獨家,多人,https://www.javbus.com/MDBK-190,
CJOB-092 逆レ×プ挟み撃ちド痴女ハーレムBEST,CJOB-092 逆レ×プ挟み撃ちド痴女ハーレムBEST,CJOB-092,,2021-07-17,240分鐘,,痴女ヘブン,痴女ヘブンBEST,,蕩婦、合集、花癡、中出、ハーレム、男の潮吹き、DMM獨家,多人,https://www.javbus.com/CJOB-092,
FKJUK-002 【お中元セット】大ヒット作詰め合わせ！ノーカット1856分完全収録！ 夏バテをぶっ飛ばせ！納涼大放出祭り！忘れられない夏にしようぜ！2021,FKJUK-002 【お中元セット】大ヒット作詰め合わせ！ノーカット1856分完全収録！ 夏バテをぶっ飛ばせ！納涼大放出祭り！忘れられない夏にしようぜ！2021,FKJUK-002,,2021-07-16,1856分鐘,,Hunter,,,成熟的女人、女同性戀、中出、高畫質、戲劇、16時間以上作品、巨乳、福袋、DMM獨家,多人,https://www.javbus.com/FKJUK-002,
ARDB-002 【お中元セット】メスと化した女たちが回春オイルエステマッサージヌルヌルエロエロやりたい放題！,ARDB-002 【お中元セット】メスと化した女たちが回春オイルエステマッサージヌルヌルエロエロやりたい放題！,ARDB-002,,2021-07-16,1697分鐘,,アロマ企画,,,蕩婦、美容院、按摩、高畫質、M男、16時間以上作品、福袋,多人,https://www.javbus.com/ARDB-002,
KMTV-001 【VRお中元セット】令和で一番最高なサマーSEXにしようぜ！！感謝カンゲキ夏の大放出祭！！1267分超特大ノーカットSELECTION,KMTV-001 【VRお中元セット】令和で一番最高なサマーSEXにしようぜ！！感謝カンゲキ夏の大放出祭！！1267分超特大ノーカットSELECTION,KMTV-001,,2021-07-16,1266分鐘,,KMPVR-彩-,KMPVR-彩-,,蕩婦、妓女、美少女、主觀視角、VR専用、巨乳、ハイクオリティVR、福袋、DMM獨家,多人,https://www.javbus.com/KMTV-001,
HZHB-004 「他人棒でイッちゃって…あなた、ごめんなさい。」総集編8時間20分 超高画質【4K】Ultra HD BEST,HZHB-004 「他人棒でイッちゃって…あなた、ごめんなさい。」総集編8時間20分 超高画質【4K】Ultra HD BEST,HZHB-004,,2021-07-16,500分鐘,,人妻花園劇場,imageII,,蕩婦、合集、已婚婦女、新娘、年輕妻子、通姦、中出、高畫質、出軌、巨乳、花嫁、4K,多人,https://www.javbus.com/HZHB-004,
LZBS-073 レズれ！8周年記念スペシャル お互いの性感帯も分かって、一番盛り上がったその日最後の最高にエロいレズSEX80連発 10時間,LZBS-073 レズれ！8周年記念スペシャル お互いの性感帯も分かって、一番盛り上がったその日最後の最高にエロいレズSEX80連発 10時間,LZBS-073,,2021-07-15,600分鐘,,レズれ！,レズれ！ ベスト,,女同性戀、合集、舔陰、女同接吻、高畫質、DMM獨家,多人,https://www.javbus.com/LZBS-073,
MIZD-240 ちんシャブ大好き痴女の 射精2分前ラストスパートフェラチオ120連発,MIZD-240 ちんシャブ大好き痴女の 射精2分前ラストスパートフェラチオ120連発,MIZD-240,,2021-07-09,240分鐘,,ムーディーズ,MOODYZ Best,,蕩婦、口交、其他戀物癖、數位馬賽克、DMM獨家、顏射,多人,https://www.javbus.com/MIZD-240,
PBD-399 浮気セックス…それは一番キモチ良い性交！彼女が！妻が！婚約者がいるのに魅力的すぎる悪女の誘惑に勝てなかったボクたち…。240分,PBD-399 浮気セックス…それは一番キモチ良い性交！彼女が！妻が！婚約者がいるのに魅力的すぎる悪女の誘惑に勝てなかったボクたち…。240分,PBD-399,,2021-07-02,240分鐘,,プレミアム,PREMIUM BEST,,蕩婦、淫語、數位馬賽克、通姦、中出、出軌、DMM獨家,多人,https://www.javbus.com/PBD-399,
VRKM-288 【VR】SEX史上最強の密着感！真夏の300分対面座位SUPERBEST,VRKM-288 【VR】SEX史上最強の密着感！真夏の300分対面座位SUPERBEST,VRKM-288,,2021-07-02,301分鐘,K太郎,ケイ・エム・プロデュース,KMPVR,VR BEST,姐姐、美少女、乳房、4小時以上作品、主觀視角、VR専用、巨乳、ハイクオリティVR、DMM獨家,多人,https://www.javbus.com/VRKM-288,
BMW-236 おま○こイクイクぶっ飛びぃ！ 激ピストンで痙攣絶頂ハネ腰BEST！,BMW-236 おま○こイクイクぶっ飛びぃ！ 激ピストンで痙攣絶頂ハネ腰BEST！,BMW-236,,2021-06-25,240分鐘,,ワンズファクトリー,WANZ,,合集、花癡、美少女、中出、DMM獨家,多人,https://www.javbus.com/BMW-236,
WAAA-076 相部屋でメスイキ筆おろしハーレム！2人同時に乳首・亀頭・前立腺責め快楽拷問 篠田ゆう 波多野結衣,WAAA-076 相部屋でメスイキ筆おろしハーレム！2人同時に乳首・亀頭・前立腺責め快楽拷問 篠田ゆう 波多野結衣,WAAA-076,,2021-06-25,150分鐘,,ワンズファクトリー,WANZ,相部屋でメスイキ筆おろしハーレム！,蕩婦、OL、主觀視角、高畫質、處男、DMM獨家、肛交,多人,https://www.javbus.com/WAAA-076,
CEAD-345 15人の語りかけ誘惑オナニー撮り下ろし大全集！アナタだけを見つめて、何度も何度もイキまくる！,CEAD-345 15人の語りかけ誘惑オナニー撮り下ろし大全集！アナタだけを見つめて、何度も何度もイキまくる！,CEAD-345,,2021-06-20,240分鐘,,セレブの友,セレブの友,,成熟的女人、玩具、淫語、按摩棒、DMM獨家、自慰,多人,https://www.javbus.com/CEAD-345,
SVS-073 イキ地獄限界拷問 4時間 快楽に支配され痙攣絶頂する女10人,SVS-073 イキ地獄限界拷問 4時間 快楽に支配され痙攣絶頂する女10人,SVS-073,,2021-06-20,240分鐘,,AVS collector’s,AVS,,拘束、高畫質、折磨、アクメ・オーガズム、DMM獨家,多人,https://www.javbus.com/SVS-073,
CJOB-090 ドS美女に拘束されて身動きも出来ずに何度も射精される僕BEST,CJOB-090 ドS美女に拘束されて身動きも出来ずに何度も射精される僕BEST,CJOB-090,,2021-06-19,240分鐘,,痴女ヘブン,痴女ヘブンBEST,,蕩婦、合集、花癡、多P、拘束、男の潮吹き、DMM獨家,多人,https://www.javbus.com/CJOB-090,
HZHB-003 「旦那以外のおち○ぽで…昇天しちゃいました。」総集編8時間20分 超高画質【4K】Ultra HD BEST,HZHB-003 「旦那以外のおち○ぽで…昇天しちゃいました。」総集編8時間20分 超高画質【4K】Ultra HD BEST,HZHB-003,,2021-06-18,502分鐘,,人妻花園劇場,imageII,,蕩婦、藥物、合集、已婚婦女、新娘、年輕妻子、通姦、中出、4小時以上作品、高畫質、出軌、戲劇、巨乳、花嫁、4K,多人,https://www.javbus.com/HZHB-003,
MAXVR-092 【VR】HQ60fps 期間限定特価ボーナスVR 中出しBEST240分,MAXVR-092 【VR】HQ60fps 期間限定特価ボーナスVR 中出しBEST240分,MAXVR-092,,2021-06-16,241分鐘,トロモロコシ,マックスエー,MAX-AVR,,合集、4小時以上作品、VR専用、ハイクオリティVR、DMM獨家、局部特寫,多人,https://www.javbus.com/MAXVR-092,
OVG-173 お見舞いに来てくれた叔母さんの無防備な胸元から覗くおっぱい（巨乳）を見て禁欲チ○ポが即勃起！献身的な騎乗位で精子を全部絞り取る巨乳叔母さん,OVG-173 お見舞いに来てくれた叔母さんの無防備な胸元から覗くおっぱい（巨乳）を見て禁欲チ○ポが即勃起！献身的な騎乗位で精子を全部絞り取る巨乳叔母さん,OVG-173,,2021-06-16,121分鐘,,グローリークエスト,GLORY QUEST,,亂倫、已婚婦女、中出、女上位、高畫質、巨乳,多人,https://www.javbus.com/OVG-173,
CEAD-344 年の差を超えたレズビアン！まるごと8時間！！年齢なんて基準に惑わされない愛し合う女と女の愛のカタチ！,CEAD-344 年の差を超えたレズビアン！まるごと8時間！！年齢なんて基準に惑わされない愛し合う女と女の愛のカタチ！,CEAD-344,,2021-06-12,480分鐘,,セレブの友,セレブの友,,蕩婦、成熟的女人、女同性戀、合集、DMM獨家,多人,https://www.javbus.com/CEAD-344,
CEMD-021 大槻ひびき20時間53分ベスト3,CEMD-021 大槻ひびき20時間53分ベスト3,CEMD-021,,2021-06-12,1253分鐘,,セレブの友,セレブの友,,蕩婦、成熟的女人、多P、女優ベスト・総集編、DMM獨家,多人,https://www.javbus.com/CEMD-021,
MBYD-337 普段着の人妻を●す！着衣のまま中出しレ×プ4時間BEST,MBYD-337 普段着の人妻を●す！着衣のまま中出しレ×プ4時間BEST,MBYD-337,,2021-06-11,240分鐘,,溜池ゴロー,溜池ゴロー,,合集、已婚婦女、中出、戲劇、DMM獨家,多人,https://www.javbus.com/MBYD-337,
MIST-338 Mr.michiru7周年記念 大感謝スペシャル！！ 危険日・孕ませ・風俗・フェチなど全30タイトル中出し！！500分 2020年3月から2021年2月まで厳選ヌキドコロのみ 2枚組 980円（税込1，078円）,MIST-338 Mr.michiru7周年記念 大感謝スペシャル！！ 危険日・孕ませ・風俗・フェチなど全30タイトル中出し！！500分 2020年3月から2021年2月まで厳選ヌキドコロのみ 2枚組 980円（税込1，078円）,MIST-338,,2021-06-10,501分鐘,,Mr.michiru,Mr.michiru,Mr.michiru○周年記念 大感謝スペシャル！！ 100発中出し！！,其他戀物癖、妓女、中出、4小時以上作品、高畫質、孕ませ,多人,https://www.javbus.com/MIST-338,
JUSD-931 許されぬ関係離れ難い2人 チェックアウト前の惜別性交 8時間,JUSD-931 許されぬ関係離れ難い2人 チェックアウト前の惜別性交 8時間,JUSD-931,,2021-06-04,480分鐘,,マドンナ,Madonna,,成熟的女人、合集、已婚婦女、數位馬賽克、通姦、戲劇、DMM獨家,多人,https://www.javbus.com/JUSD-931,
BBAN-328 「それでも私は…好きじゃない」 大嫌いな同僚の女に犯●れて… 舞原聖 波多野結衣,BBAN-328 「それでも私は…好きじゃない」 大嫌いな同僚の女に犯●れて… 舞原聖 波多野結衣,BBAN-328,,2021-06-04,120分鐘,,ビビアン,ビビアン,,OL、女同性戀、女同接吻、高畫質、戲劇、キス・接吻、DMM獨家,多人,https://www.javbus.com/BBAN-328,
BMW-235 嫌がる女の喉奥をブチ●す 残忍イラマチオBEST,BMW-235 嫌がる女の喉奥をブチ●す 残忍イラマチオBEST,BMW-235,,2021-05-28,240分鐘,,ワンズファクトリー,WANZ,,其他戀物癖、合集、花癡、深喉、DMM獨家、吞精,多人,https://www.javbus.com/BMW-235,
BMW-234 マ●コバカになるまで生ハメ激ピスで絶頂越えの大量潮吹きSpecial,BMW-234 マ●コバカになるまで生ハメ激ピスで絶頂越えの大量潮吹きSpecial,BMW-234,,2021-05-28,240分鐘,,ワンズファクトリー,WANZ,,濫交、潮吹、合集、花癡、女優按摩棒、DMM獨家,多人,https://www.javbus.com/BMW-234,
QHGOT-001 ヒメゴト全編収録PERFECT BEST 第一弾 15タイトル2255分,QHGOT-001 ヒメゴト全編収録PERFECT BEST 第一弾 15タイトル2255分,QHGOT-001,,2021-05-25,2257分鐘,,ヒメゴト,ヒメゴト,,各種職業、美少女、中出、高畫質、16時間以上作品、巨乳、DMM獨家,多人,https://www.javbus.com/QHGOT-001,
CEMD-014 永井マリア24時間44分ベスト,CEMD-014 永井マリア24時間44分ベスト,CEMD-014,,2021-05-22,1484分鐘,,セレブの友,セレブの友,,成熟的女人、女優ベスト・総集編、巨尻、巨乳、DMM獨家,多人,https://www.javbus.com/CEMD-014,
CEAD-340 快楽求めてオナニー三昧！動かぬ体で絶頂艶舞！クネる淫体14選！,CEAD-340 快楽求めてオナニー三昧！動かぬ体で絶頂艶舞！クネる淫体14選！,CEAD-340,,2021-05-22,215分鐘,,セレブの友,セレブの友,,成熟的女人、玩具、潮吹、拘束、DMM獨家、自慰,多人,https://www.javbus.com/CEAD-340,
OKAX-741 ち○ぽ依存症の女 回春ち○ぽセラピスト達,OKAX-741 ち○ぽ依存症の女 回春ち○ぽセラピスト達,OKAX-741,,2021-05-22,240分鐘,,ケイ・エム・プロデュース,おかず。,ち○ぽ依存症の女,蕩婦、其他戀物癖、美容院、DMM獨家、打手槍,多人,https://www.javbus.com/OKAX-741,
CJOB-088 射精しても止めない！吹いても止めない！ド痴女たちの凄テク追撃男潮BEST2,CJOB-088 射精しても止めない！吹いても止めない！ド痴女たちの凄テク追撃男潮BEST2,CJOB-088,,2021-05-21,240分鐘,,痴女ヘブン,痴女ヘブンBEST,,蕩婦、合集、淫語、姐姐、男の潮吹き、DMM獨家、打手槍,多人,https://www.javbus.com/CJOB-088,
VRKM-226 【VR】オナ顔を超接写！！美女のイキ顔観察VR,VRKM-226 【VR】オナ顔を超接写！！美女のイキ顔観察VR,VRKM-226,,2021-05-17,91分鐘,K太郎,ケイ・エム・プロデュース,KMPVR,,其他戀物癖、美少女、乳房、羞恥、VR専用、巨乳、ハイクオリティVR、DMM獨家,多人,https://www.javbus.com/VRKM-226,
VRKM-215 【VR】天井特化アングルVR SUPER BEST（VRKM-215）,VRKM-215 【VR】天井特化アングルVR SUPER BEST（VRKM-215）,VRKM-215,,2021-05-14,241分鐘,宮迫メンバー,ケイ・エム・プロデュース,KMPVR,天井特化アングル,合集、乳房、女上位、4小時以上作品、主觀視角、VR専用、ハイクオリティVR、DMM獨家,多人,https://www.javbus.com/VRKM-215,
CEAD-338 抜クための熟女ハーレム作品集！完全保存版の豪華8時間2枚組,CEAD-338 抜クための熟女ハーレム作品集！完全保存版の豪華8時間2枚組,CEAD-338,,2021-05-08,480分鐘,,セレブの友,セレブの友,,成熟的女人、合集、多P、中出、DMM獨家,多人,https://www.javbus.com/CEAD-338,
MBYD-335 あなた、ごめんなさい…。中出しに負けた人妻のエンドレス背徳絶頂8時間,MBYD-335 あなた、ごめんなさい…。中出しに負けた人妻のエンドレス背徳絶頂8時間,MBYD-335,,2021-05-07,480分鐘,,溜池ゴロー,溜池ゴロー,,合集、已婚婦女、通姦、中出、出軌、DMM獨家,多人,https://www.javbus.com/MBYD-335,
IDBD-842 半端ないって！精巣暴発寸前！！ S級ドスケベ美女たちがずーっとペロペロこねくり乳首責めBEST,IDBD-842 半端ないって！精巣暴発寸前！！ S級ドスケベ美女たちがずーっとペロペロこねくり乳首責めBEST,IDBD-842,,2021-05-07,240分鐘,,アイデアポケット,アイデアポケットBEST,編集作品（アイデアポケット）,蕩婦、其他戀物癖、合集、淫語、美少女、數位馬賽克、DMM獨家、打手槍,多人,https://www.javbus.com/IDBD-842,
PBD-395 後ろから手コキ 普通の手コキより気持ちイイ！背後からの手コキBEST 2,PBD-395 後ろから手コキ 普通の手コキより気持ちイイ！背後からの手コキBEST 2,PBD-395,,2021-05-01,240分鐘,,プレミアム,PREMIUM BEST,後ろから手コキ,蕩婦、合集、姐姐、數位馬賽克、巨乳、男の潮吹き、DMM獨家、打手槍,多人,https://www.javbus.com/PBD-395,
JUSD-927 2020年Madonna全353タイトル 12時間 ￥1980,JUSD-927 2020年Madonna全353タイトル 12時間 ￥1980,JUSD-927,,2021-05-01,720分鐘,,マドンナ,Madonna,,成熟的女人、合集、已婚婦女、數位馬賽克、通姦、DMM獨家,多人,https://www.javbus.com/JUSD-927,
BBSS-051 大槻ひびき レズビアンベスト4時間,BBSS-051 大槻ひびき レズビアンベスト4時間,BBSS-051,,2021-05-01,240分鐘,,ビビアン,ビビアン,,女同性戀、淫語、舔陰、女同接吻、女優ベスト・総集編、DMM獨家,多人,https://www.javbus.com/BBSS-051,
CEAD-336 篠田ゆう2枚組ハイパーベスト8時間,CEAD-336 篠田ゆう2枚組ハイパーベスト8時間,CEAD-336,,2021-04-18,480分鐘,,セレブの友,セレブの友,,成熟的女人、女同性戀、濫交、女優ベスト・総集編、肛内中出、DMM獨家,多人,https://www.javbus.com/CEAD-336,
REAL-767 極上のしゃぶり音 フェラ・イラマ BEST 240分！！,REAL-767 極上のしゃぶり音 フェラ・イラマ BEST 240分！！,REAL-767,,2021-04-18,240分鐘,K太郎,レアルワークス,REAL（レアルワークス）,,口交、其他戀物癖、合集、深喉、DMM獨家,多人,https://www.javbus.com/REAL-767,
MKMP-394 KMPが誇る厳選企画総ざらいベスト第三弾！！超人気鉄板企画100タイトル超豪華8時間3,MKMP-394 KMPが誇る厳選企画総ざらいベスト第三弾！！超人気鉄板企画100タイトル超豪華8時間3,MKMP-394,,2021-04-18,480分鐘,K太郎,ケイ・エム・プロデュース,million（ミリオン）,超人気鉄板企画超豪華スペシャル,合集、中出、ハーレム、巨乳、DMM獨家,多人,https://www.javbus.com/MKMP-394,
CEMD-003 ドスケベ痴女の強●チ○ポ狩りvol.2 28時間46分10枚組,CEMD-003 ドスケベ痴女の強●チ○ポ狩りvol.2 28時間46分10枚組,CEMD-003,,2021-04-18,1726分鐘,,セレブの友,セレブの友,ドスケベ痴女の強●チ○ポ狩り,蕩婦、成熟的女人、合集、淫語、花癡、DMM獨家,多人,https://www.javbus.com/CEMD-003,
MDBK-173 極上ボディで何度も射精させちゃう超淫乱高級デリヘル嬢フルコンプリートBEST5時間,MDBK-173 極上ボディで何度も射精させちゃう超淫乱高級デリヘル嬢フルコンプリートBEST5時間,MDBK-173,,2021-04-18,300分鐘,K太郎,BAZOOKA,BAZOOKA（バズーカ）,極上ボディで何度も射精させちゃう超淫乱高級デリヘル嬢,蕩婦、合集、妓女、巨乳、DMM獨家,多人,https://www.javbus.com/MDBK-173,
HND-971 男の子（チ○ポ）も好き女の子（マ○コ）も好き 新人インテリで性格の良いバイセク美少女中出しAVDEBUT 堀いずみ,HND-971 男の子（チ○ポ）も好き女の子（マ○コ）も好き 新人インテリで性格の良いバイセク美少女中出しAVDEBUT 堀いずみ,HND-971,,2021-04-17,160分鐘,ゆる子,本中,本中,本中デビュー,苗條、多P、美少女、首次亮相、中出、高畫質、DMM獨家,多人,https://www.javbus.com/HND-971,
CJOB-085 「マ○コより気持ちよくしてアゲル」痴女手コキ100発オーバーBEST,CJOB-085 「マ○コより気持ちよくしてアゲル」痴女手コキ100発オーバーBEST,CJOB-085,,2021-04-17,480分鐘,,痴女ヘブン,痴女ヘブンBEST,,蕩婦、潮吹、合集、淫語、姐姐、DMM獨家、打手槍,多人,https://www.javbus.com/CJOB-085,
LZBS-070 業界最高クラス美女のアナル丸見えシリビアン！ 肉厚プリ尻レズ 厳選ベスト5時間 22組42人の極上エロ尻レズSEX！！,LZBS-070 業界最高クラス美女のアナル丸見えシリビアン！ 肉厚プリ尻レズ 厳選ベスト5時間 22組42人の極上エロ尻レズSEX！！,LZBS-070,,2021-04-15,300分鐘,,レズれ！,レズれ！ ベスト,,女同性戀、合集、屁股、高畫質、DMM獨家、肛交,多人,https://www.javbus.com/LZBS-070,
RBB-207 2人だけの空間で時間も忘れて性欲に溺れる貪りSEX 相部屋BEST8時間,RBB-207 2人だけの空間で時間も忘れて性欲に溺れる貪りSEX 相部屋BEST8時間,RBB-207,,2021-04-14,480分鐘,,ROOKIE,ROOKIE,,合集、各種職業、中出、出軌、DMM獨家,多人,https://www.javbus.com/RBB-207,
CADV-806 CRYSTAL THE BEST 8時間 2020 上半期,CADV-806 CRYSTAL THE BEST 8時間 2020 上半期,CADV-806,,2021-04-10,480分鐘,,クリスタル映像,CRYSTAL EX,CRYSTAL THE BEST,潮吹、美少女、高畫質、童年朋友、DMM獨家、女傭,多人,https://www.javbus.com/CADV-806,
CESD-995 AV女優を本気で酔わせたら…本性丸出しドスケベSEXが見れた！！●っぱらいガチンコSEX ベストBOX 21時間04分,CESD-995 AV女優を本気で酔わせたら…本性丸出しドスケベSEXが見れた！！●っぱらいガチンコSEX ベストBOX 21時間04分,CESD-995,,2021-04-10,1264分鐘,,セレブの友,セレブの友,,成熟的女人、合集、淫語、纪录片、DMM獨家,多人,https://www.javbus.com/CESD-995,
MBYD-333 望まない妊娠！嫌がる人妻を絶望させる孕ませ中出しレ×プ92連発,MBYD-333 望まない妊娠！嫌がる人妻を絶望させる孕ませ中出しレ×プ92連発,MBYD-333,,2021-04-09,480分鐘,,溜池ゴロー,溜池ゴロー,,合集、已婚婦女、凌辱、中出、DMM獨家,多人,https://www.javbus.com/MBYD-333,
MIZD-228 今日はお前らの乳首イジり倒してやるからな！！BEST こねくり痴女責めで悶絶！寸止め！常にギュ～ン性交,MIZD-228 今日はお前らの乳首イジり倒してやるからな！！BEST こねくり痴女責めで悶絶！寸止め！常にギュ～ン性交,MIZD-228,,2021-04-09,240分鐘,,ムーディーズ,MOODYZ Best,今日はお前らの乳首イジり倒してやるからな！！,蕩婦、口交、合集、多P、數位馬賽克、M男、DMM獨家、打手槍,多人,https://www.javbus.com/MIZD-228,
VRKM-175 【VR】美貌の女性を汚しまくり優越感に浸れ！！白濁まみれの顔射VR,VRKM-175 【VR】美貌の女性を汚しまくり優越感に浸れ！！白濁まみれの顔射VR,VRKM-175,,2021-04-05,89分鐘,,ケイ・エム・プロデュース,KMPVR,,其他戀物癖、合集、顏射、VR専用、ハイクオリティVR、DMM獨家,多人,https://www.javbus.com/VRKM-175,
PBD-393 キスの雨。舌とヨダレが粘・膜・融・合。脳までトロけるほどキモチ良すぎてバカになる接吻セックス240分30本番,PBD-393 キスの雨。舌とヨダレが粘・膜・融・合。脳までトロけるほどキモチ良すぎてバカになる接吻セックス240分30本番,PBD-393,,2021-04-02,240分鐘,,プレミアム,PREMIUM BEST,,蕩婦、姐姐、數位馬賽克、キス・接吻、巨乳、DMM獨家,多人,https://www.javbus.com/PBD-393,
ATKD-315 舐め犯し8時間総集編,ATKD-315 舐め犯し8時間総集編,ATKD-315,,2021-04-02,480分鐘,,アタッカーズ,Attackers BEST,舐め犯し,合集、已婚婦女、凌辱、出軌、DMM獨家,多人,https://www.javbus.com/ATKD-315,
NACR-409 二人の痴女お姉さんの本当にあったエッチなお話 大槻ひびき 波多野結衣,NACR-409 二人の痴女お姉さんの本当にあったエッチなお話 大槻ひびき 波多野結衣,NACR-409,,2021-04-01,120分鐘,桜人,プラネットプラス,七狗留,,蕩婦、姐姐、多P、中出、高畫質、巨乳,多人,https://www.javbus.com/NACR-409,
MIVR-064 【VR】シンプルにヌケるが一番！誘惑のボディーパーツを見抜けるVR。凄技痴女編,MIVR-064 【VR】シンプルにヌケるが一番！誘惑のボディーパーツを見抜けるVR。凄技痴女編,MIVR-064,,2021-04-01,81分鐘,,MILU VR,,シンプルにヌケるが一番,蕩婦、妄想、VR専用、泳裝、自慰,多人,https://www.javbus.com/MIVR-064,
XVSR-587 おっぱい天国BEST,XVSR-587 おっぱい天国BEST,XVSR-587,,2021-03-27,240分鐘,MAX-IKA,マックスエー,Calen,,其他戀物癖、合集、乳房、中出、主觀視角、DMM獨家,多人,https://www.javbus.com/XVSR-587,
MDBK-170 高級風俗バラエティ図鑑！あなたを癒す厳選風俗嬢4時間SPECIAL,MDBK-170 高級風俗バラエティ図鑑！あなたを癒す厳選風俗嬢4時間SPECIAL,MDBK-170,,2021-03-26,240分鐘,K太郎,BAZOOKA,BAZOOKA（バズーカ）,,合集、無毛、妓女、中出、4小時以上作品、高畫質、巨乳,多人,https://www.javbus.com/MDBK-170,
MDBK-168 「アナタのオチ●ポちょうだい…？」淫らに男を誘惑する巨乳痴女 2 30人240分,MDBK-168 「アナタのオチ●ポちょうだい…？」淫らに男を誘惑する巨乳痴女 2 30人240分,MDBK-168,,2021-03-26,241分鐘,K太郎,BAZOOKA,BAZOOKA（バズーカ）,「アナタのオチ●ポちょうだい…？」,蕩婦、合集、淫語、4小時以上作品、高畫質、巨乳,多人,https://www.javbus.com/MDBK-168,
MKMP-388 豪華女優がハメ舞う大乱交FUCK 舌技、イキ、ハメがエンドレス！！理性ふっ飛び大乱舞4時間,MKMP-388 豪華女優がハメ舞う大乱交FUCK 舌技、イキ、ハメがエンドレス！！理性ふっ飛び大乱舞4時間,MKMP-388,,2021-03-26,242分鐘,K太郎,ケイ・エム・プロデュース,million（ミリオン）,,濫交、合集、多P、4小時以上作品、高畫質、巨乳,多人,https://www.javbus.com/MKMP-388,
CESD-987 カメラを一切止めません！望月あやかノンストップレズビアン地獄責め！,CESD-987 カメラを一切止めません！望月あやかノンストップレズビアン地獄責め！,CESD-987,,2021-03-22,126分鐘,,セレブの友,セレブの友,,蕩婦、成熟的女人、女同性戀、多P、女同接吻、DMM獨家,多人,https://www.javbus.com/CESD-987,
TCD-267 女性経験ゼロの童貞オトコノ娘が初めてのおま○こ挿入でAVデビュー！桃の木ゆな,TCD-267 女性経験ゼロの童貞オトコノ娘が初めてのおま○こ挿入でAVデビュー！桃の木ゆな,TCD-267,,2021-03-22,131分鐘,,TRANS CLUB,TRANS CLUB,,變性者、處男、女裝人妖、DMM獨家、肛交,多人,https://www.javbus.com/TCD-267,
JUSD-921 Madonna2020年下半期全173タイトルBEST 8時間,JUSD-921 Madonna2020年下半期全173タイトルBEST 8時間,JUSD-921,,2021-03-21,480分鐘,,マドンナ,Madonna,,成熟的女人、合集、已婚婦女、纪录片、數位馬賽克、戲劇、DMM獨家,多人,https://www.javbus.com/JUSD-921,
CJOB-084 囲まれ挟まれ精子空っぽになっても射精させられるド痴女ハーレムBEST,CJOB-084 囲まれ挟まれ精子空っぽになっても射精させられるド痴女ハーレムBEST,CJOB-084,,2021-03-21,480分鐘,,痴女ヘブン,痴女ヘブンBEST,,蕩婦、合集、中出、ハーレム、男の潮吹き、DMM獨家,多人,https://www.javbus.com/CJOB-084,
CJOB-082 ずぅ～っと乳首こねくりながら何度も射精かせてアゲル BEST2,CJOB-082 ずぅ～っと乳首こねくりながら何度も射精かせてアゲル BEST2,CJOB-082,,2021-03-21,240分鐘,,痴女ヘブン,痴女ヘブンBEST,ずぅ～っと乳首こねくりながら何度も射精かせてアゲル,蕩婦、合集、多P、中出、女上位、DMM獨家,多人,https://www.javbus.com/CJOB-082,
PPBD-206 おっぱいマ○コでイクッ！！ ふっくら乳圧パイズリ109連発8時間,PPBD-206 おっぱいマ○コでイクッ！！ ふっくら乳圧パイズリ109連発8時間,PPBD-206,,2021-03-18,480分鐘,,OPPAI,OPPAI,,蕩婦、乳交、美少女、巨乳、DMM獨家,多人,https://www.javbus.com/PPBD-206,
PTS-477 レズエステ 変態施術で覚醒！異常アクメの人妻12人！ 絶頂102回！潮吹43回！ 8時間,PTS-477 レズエステ 変態施術で覚醒！異常アクメの人妻12人！ 絶頂102回！潮吹43回！ 8時間,PTS-477,,2021-03-15,480分鐘,真咲南朋,ピーターズ,ピーターズ,,女同性戀、已婚婦女、4小時以上作品、美容院、高畫質、アクメ・オーガズム,多人,https://www.javbus.com/PTS-477,
MIZD-225 金玉沸騰寸前！イジめたがり痴女のニヤニヤ射精管理BEST,MIZD-225 金玉沸騰寸前！イジめたがり痴女のニヤニヤ射精管理BEST,MIZD-225,,2021-03-13,240分鐘,,ムーディーズ,MOODYZ Best,,蕩婦、口交、合集、淫語、數位馬賽克、M男、DMM獨家、打手槍,多人,https://www.javbus.com/MIZD-225,
DVAJ-507 メンズエステのマル秘極上施術で身も心もチ○ポもスッキリ！5時間スペシャル,DVAJ-507 メンズエステのマル秘極上施術で身も心もチ○ポもスッキリ！5時間スペシャル,DVAJ-507,,2021-03-13,300分鐘,神田うさぎ,アリスJAPAN,アリスJAPAN,,合集、4小時以上作品、美容院、按摩、高畫質、男の潮吹き、DMM獨家,多人,https://www.javbus.com/DVAJ-507,
CEAD-333 やっぱり見たい！チ○ポにまたがり貪欲に腰を振る美女の子宮グリグリ押し付け騎乗位SEX！,CEAD-333 やっぱり見たい！チ○ポにまたがり貪欲に腰を振る美女の子宮グリグリ押し付け騎乗位SEX！,CEAD-333,,2021-03-13,236分鐘,,セレブの友,セレブの友,,蕩婦、成熟的女人、花癡、中出、女上位、DMM獨家,多人,https://www.javbus.com/CEAD-333,
CESD-985 女が女をガチイかせ！あおいれなのレズSEX,CESD-985 女が女をガチイかせ！あおいれなのレズSEX,CESD-985,,2021-03-13,137分鐘,,セレブの友,セレブの友,,成熟的女人、女同性戀、淫語、舔陰、女同接吻、DMM獨家,多人,https://www.javbus.com/CESD-985,
MKMP-387 一般素人男性モニタリング企画 街頭インタビュー中にナイショでご本人登場！！ 波多野結衣 渚みつき AIKAと素人さんがご対面中出しSEX,MKMP-387 一般素人男性モニタリング企画 街頭インタビュー中にナイショでご本人登場！！ 波多野結衣 渚みつき AIKAと素人さんがご対面中出しSEX,MKMP-387,,2021-03-12,150分鐘,GORY松田,ケイ・エム・プロデュース,million（ミリオン）,一般素人男性モニタリング企画,業餘、多P、倒追、中出、女上位、高畫質,多人,https://www.javbus.com/MKMP-387,
PBD-392 綺麗なお姉さんの追撃フェラBESTエロ汁空っぽ100発オーバー,PBD-392 綺麗なお姉さんの追撃フェラBESTエロ汁空っぽ100発オーバー,PBD-392,,2021-03-06,480分鐘,,プレミアム,PREMIUM BEST,プレミアムBEST（プレミアム）,口交、合集、姐姐、多P、數位馬賽克、顏射、DMM獨家,多人,https://www.javbus.com/PBD-392,
PBD-391 美女のデカ尻に中出しするとめっちゃ射精る！厳選巨尻美女25連発！PREMIUM BEST,PBD-391 美女のデカ尻に中出しするとめっちゃ射精る！厳選巨尻美女25連発！PREMIUM BEST,PBD-391,,2021-03-06,240分鐘,,プレミアム,PREMIUM BEST,プレミアムBEST（プレミアム）,蕩婦、合集、屁股、姐姐、數位馬賽克、中出、巨尻、DMM獨家,多人,https://www.javbus.com/PBD-391,
OVG-165 ベロちゅうしながら私のねばとろ唾液でチ○ポしごかれたいの？,OVG-165 ベロちゅうしながら私のねばとろ唾液でチ○ポしごかれたいの？,OVG-165,,2021-03-03,126分鐘,,グローリークエスト,GLORY QUEST,,蕩婦、高畫質、キス・接吻、打手槍,多人,https://www.javbus.com/OVG-165,
VVVD-184 ベストHitレズビアン 神COLLECTION 約8時間2枚組,VVVD-184 ベストHitレズビアン 神COLLECTION 約8時間2枚組,VVVD-184,,2021-02-27,470分鐘,,ヴィ,V,,放尿、女同性戀、合集、女同接吻、巨乳、DMM獨家,多人,https://www.javbus.com/VVVD-184,
BMW-228 早漏マ○コを舐めイカす！女を堕とす快感クンニ120連発,BMW-228 早漏マ○コを舐めイカす！女を堕とす快感クンニ120連発,BMW-228,,2021-02-27,240分鐘,,ワンズファクトリー,WANZ,,其他戀物癖、潮吹、合集、舔陰、顏面騎乘、DMM獨家、局部特寫,多人,https://www.javbus.com/BMW-228,
OKAX-712 エロモード全開！サービス過剰なち○ぽ好きエロマッサージ嬢たち,OKAX-712 エロモード全開！サービス過剰なち○ぽ好きエロマッサージ嬢たち,OKAX-712,,2021-02-26,240分鐘,,ケイ・エム・プロデュース,おかず。,,成熟的女人、獵豔、已婚婦女、多P、4小時以上作品、巨乳,多人,https://www.javbus.com/OKAX-712,
MDVR-131 【VR】MOODYZ JOI＜Jerk Off Instruction＞BEST14名200分ハイクオリティVR！！ 美顔×美ボディを適正距離×高画質で！モザイク少な目＆バイノーラル高音質でヌキやすさにこだわったオナ指示VR決定版！！,MDVR-131 【VR】MOODYZ JOI＜Jerk Off Instruction＞BEST14名200分ハイクオリティVR！！ 美顔×美ボディを適正距離×高画質で！モザイク少な目＆バイノーラル高音質でヌキやすさにこだわったオナ指示VR決定版！！,MDVR-131,,2021-02-26,227分鐘,,ムーディーズ,MOODYZ VR,MOODYZ VR BEST,蕩婦、合集、淫語、主觀視角、ハーレム、VR専用、ハイクオリティVR、DMM獨家,多人,https://www.javbus.com/MDVR-131,
VRKM-118 【VR】完全ノーカット永久保存版！！JOI編PREMIUM BEST280分,VRKM-118 【VR】完全ノーカット永久保存版！！JOI編PREMIUM BEST280分,VRKM-118,,2021-02-21,283分鐘,K太郎,ケイ・エム・プロデュース,KMPVR,VR BEST,合集、淫語、中出、4小時以上作品、VR専用、ハイクオリティVR,多人,https://www.javbus.com/VRKM-118,
CJOB-079 女上司・人妻・女教師に痴女られ背徳中出しBEST34SEX,CJOB-079 女上司・人妻・女教師に痴女られ背徳中出しBEST34SEX,CJOB-079,,2021-02-21,480分鐘,,痴女ヘブン,痴女ヘブンBEST,,蕩婦、合集、淫語、多P、中出、DMM獨家,多人,https://www.javbus.com/CJOB-079,
RVR-056 【VR】ROOKIE Perfect of Best No.1 VR 8時間,RVR-056 【VR】ROOKIE Perfect of Best No.1 VR 8時間,RVR-056,,2021-02-20,482分鐘,,ROOKIE,ROOKIE VR,ROOKIE VR,其他戀物癖、合集、中出、4小時以上作品、VR専用、ハイクオリティVR、DMM獨家、顏射,多人,https://www.javbus.com/RVR-056,
LZBS-068 レズれ！ペニバンセックス 厳選ベスト5時間4 膣奥の疼きを埋めるため業界一の腰振りペニバンビアン大集結！,LZBS-068 レズれ！ペニバンセックス 厳選ベスト5時間4 膣奥の疼きを埋めるため業界一の腰振りペニバンビアン大集結！,LZBS-068,,2021-02-19,300分鐘,,レズれ！,レズれ！ ベスト,レズれ！ペニバンセックス 厳選ベスト,玩具、女同性戀、潮吹、合集、DMM獨家,多人,https://www.javbus.com/LZBS-068,
RBB-200 チ○ポで頭がいっぱい！SEXしながら同時に何本も咥えたい下品な女の乱交フェラチオ8時間,RBB-200 チ○ポで頭がいっぱい！SEXしながら同時に何本も咥えたい下品な女の乱交フェラチオ8時間,RBB-200,,2021-02-18,480分鐘,,ROOKIE,ROOKIE,,濫交、口交、合集、花癡、多P、DMM獨家,多人,https://www.javbus.com/RBB-200,
SDDE-644 部屋結界×NTR ～この家族は全てワシの思うがままじゃ イヒ！～,SDDE-644 部屋結界×NTR ～この家族は全てワシの思うがままじゃ イヒ！～,SDDE-644,,2021-02-16,137分鐘,犬神涼,SODクリエイト,SENZ,部屋結界,中出、高畫質、出軌、ハーレム、巨乳、花嫁,多人,https://www.javbus.com/SDDE-644,
MKMP-382 有名AV女優の一般素人男性逆ナンパ企画 ワタシたち’フェラチオのプロ’極上フェラをひぃひぃ言いながら1時間耐えてみませんか？波多野結衣 浜崎真緒 里美ゆりあ 晶エリー 八乃つばさ,MKMP-382 有名AV女優の一般素人男性逆ナンパ企画 ワタシたち’フェラチオのプロ’極上フェラをひぃひぃ言いながら1時間耐えてみませんか？波多野結衣 浜崎真緒 里美ゆりあ 晶エリー 八乃つばさ,MKMP-382,,2021-02-12,265分鐘,,ケイ・エム・プロデュース,million（ミリオン）,有名AV女優の一般素人男性逆ナンパ企画,蕩婦、口交、倒追、4小時以上作品、高畫質、巨乳,多人,https://www.javbus.com/MKMP-382,
PBD-389 美女に身をまかせて快感射精！どっきゅどきゅ精子を吸い取ってくれる騎乗位中出しテクニック2 4時間,PBD-389 美女に身をまかせて快感射精！どっきゅどきゅ精子を吸い取ってくれる騎乗位中出しテクニック2 4時間,PBD-389,,2021-02-06,240分鐘,,プレミアム,PREMIUM BEST,どっきゅどきゅ精子を吸い取ってくれる騎乗位中出しテクニック,蕩婦、合集、淫語、數位馬賽克、中出、女上位、巨乳、DMM獨家,多人,https://www.javbus.com/PBD-389,
FCH-072 【配信専用】絶対射精！！気持ち良過ぎて脳がバグる！！美人痴女2人が同時乳首責め2,FCH-072 【配信専用】絶対射精！！気持ち良過ぎて脳がバグる！！美人痴女2人が同時乳首責め2,FCH-072,,2021-02-05,144分鐘,,プレステージ,ふぇち党,,蕩婦、其他戀物癖、多P、高畫質、打手槍,多人,https://www.javbus.com/FCH-072,
RVG-128 ママシ●タ実話BEST vol.2,RVG-128 ママシ●タ実話BEST vol.2,RVG-128,,2021-02-03,481分鐘,,グローリークエスト,GLORY QUEST,ママショタ実話,母親、合集、4小時以上作品、高畫質、戲劇、正太控,多人,https://www.javbus.com/RVG-128,
NACX-072 くねらす絶品ボディ中出し14人VOL.03,NACX-072 くねらす絶品ボディ中出し14人VOL.03,NACX-072,,2021-02-01,243分鐘,,プラネットプラス,七狗留,くねらす絶品ボディ中出し,苗條、合集、中出、4小時以上作品、高畫質、巨乳,多人,https://www.javbus.com/NACX-072,
AVERV-007 【VR】天井特化アングルVR SUPER BEST,AVERV-007 【VR】天井特化アングルVR SUPER BEST,AVERV-007,,2021-02-01,240分鐘,宮迫メンバー,ケイ・エム・プロデュース,AverVR,天井特化アングル,合集、乳房、女上位、4小時以上作品、主觀視角、VR専用、ハイクオリティVR,多人,https://www.javbus.com/AVERV-007,
XVSR-577 甘えん坊新妻の子作り中出し性活BESTセレクション,XVSR-577 甘えん坊新妻の子作り中出し性活BESTセレクション,XVSR-577,,2021-01-31,240分鐘,MAX-IKA,マックスエー,Calen,甘えん坊新妻の子作り中出し性活,合集、已婚婦女、新娘、年輕妻子、乳房、中出、DMM獨家,多人,https://www.javbus.com/XVSR-577,
BMW-227 2020年作品完全コンプリート中出しSEXベスト8時間,BMW-227 2020年作品完全コンプリート中出しSEXベスト8時間,BMW-227,,2021-01-30,480分鐘,,ワンズファクトリー,WANZ,完全コンプリート中出しSEXベスト,蕩婦、合集、美少女、中出、巨乳、DMM獨家,多人,https://www.javbus.com/BMW-227,
BMW-226 射精＆男潮が意志に反して出ちゃうぅ！驚異のフェラテクBEST,BMW-226 射精＆男潮が意志に反して出ちゃうぅ！驚異のフェラテクBEST,BMW-226,,2021-01-30,240分鐘,,ワンズファクトリー,WANZ,,蕩婦、口交、合集、深喉、男の潮吹き、DMM獨家、吞精,多人,https://www.javbus.com/BMW-226,
CESD-973 初レズ解禁 肉感Iカップ爆乳・菊池奈央が波多野結衣のレズテクで脳イキ×メス堕ち！！,CESD-973 初レズ解禁 肉感Iカップ爆乳・菊池奈央が波多野結衣のレズテクで脳イキ×メス堕ち！！,CESD-973,,2021-01-24,132分鐘,,セレブの友,セレブの友,,成熟的女人、女同性戀、女同接吻、巨尻、巨乳、DMM獨家,多人,https://www.javbus.com/CESD-973,
IENF-122 アナルのシワの数までハッキリわかる！ノーモザイク連続絶頂アナル見せオナニー,IENF-122 アナルのシワの数までハッキリわかる！ノーモザイク連続絶頂アナル見せオナニー,IENF-122,,2021-01-21,127分鐘,,アイエナジー,IENF,,淫語、主觀視角、高畫質、自慰、局部特寫,多人,https://www.javbus.com/IENF-122,
MAXVR-082 【VR】HQ高画質 パンスト天国 347分SPECIAL BEST,MAXVR-082 【VR】HQ高画質 パンスト天国 347分SPECIAL BEST,MAXVR-082,,2021-01-20,288分鐘,トロモロコシ,マックスエー,MAX-AVR,,合集、連褲襪、4小時以上作品、VR専用、ハイクオリティVR、DMM獨家,多人,https://www.javbus.com/MAXVR-082,
MBF-005 【FANZA独占】【配信専用】仮面夫婦～騙す女と騙される女～ 大槻ひびき 波多野結衣 第二章 隣人夫婦を騙しお互いのパートナーを寝取る変態夫婦,MBF-005 【FANZA独占】【配信専用】仮面夫婦～騙す女と騙される女～ 大槻ひびき 波多野結衣 第二章 隣人夫婦を騙しお互いのパートナーを寝取る変態夫婦,MBF-005,,2021-01-16,74分鐘,K.C.武田,マックスエー,MAX-A,仮面夫婦,苗條、濫交、已婚婦女、多P、通姦、中出、高畫質、出軌、巨乳、DMM獨家,多人,https://www.javbus.com/MBF-005,
PPBD-202 S級巨乳91人と毎日日替わりSEX豪華3ヶ月分8時間BEST,PPBD-202 S級巨乳91人と毎日日替わりSEX豪華3ヶ月分8時間BEST,PPBD-202,,2021-01-16,480分鐘,,OPPAI,OPPAI,,合集、戀乳癖、中出、巨乳、DMM獨家,多人,https://www.javbus.com/PPBD-202,
NASH-434 とある夫婦のリアルなセックスライフ VOL.03,NASH-434 とある夫婦のリアルなセックスライフ VOL.03,NASH-434,,2021-01-15,240分鐘,,なでしこ,Nadeshiko,とある夫婦のリアルなセックスライフ,成熟的女人、合集、已婚婦女、4小時以上作品、高畫質,多人,https://www.javbus.com/NASH-434,
UMSO-359 全裸でお掃除する女性をただただ観察するビデオ24人 VOL.03 巨乳人妻編,UMSO-359 全裸でお掃除する女性をただただ観察するビデオ24人 VOL.03 巨乳人妻編,UMSO-359,,2021-01-15,243分鐘,,ケイ・エム・プロデュース,UMANAMI,全裸でお掃除する女性をただただ観察するビデオ,合集、已婚婦女、戀乳癖、屁股、4小時以上作品、高畫質,多人,https://www.javbus.com/UMSO-359,
VRKM-096 【VR】祝！2021年！新年福袋BEST！！500分SPECIAL！！超お得！最新人気50タイトル激盛り詰合せ！,VRKM-096 【VR】祝！2021年！新年福袋BEST！！500分SPECIAL！！超お得！最新人気50タイトル激盛り詰合せ！,VRKM-096,,2021-01-15,501分鐘,,ケイ・エム・プロデュース,KMPVR,福袋,合集、中出、4小時以上作品、VR専用、ハイクオリティVR,多人,https://www.javbus.com/VRKM-096,
DVAJ-495 黒パンストを穿いた美女たちBEST5時間,DVAJ-495 黒パンストを穿いた美女たちBEST5時間,DVAJ-495,,2021-01-10,301分鐘,神田うさぎ,アリスJAPAN,アリスJAPAN,,合集、連褲襪、戀腿癖、4小時以上作品、足交、高畫質、DMM獨家,多人,https://www.javbus.com/DVAJ-495,
CEAD-328 無理矢理されたい犯して欲しい…本当は淫れたい女たちのドスケベ本性曝け出しSEX16時間100人,CEAD-328 無理矢理されたい犯して欲しい…本当は淫れたい女たちのドスケベ本性曝け出しSEX16時間100人,CEAD-328,,2021-01-10,960分鐘,,セレブの友,セレブの友,,成熟的女人、合集、肛内中出、巨尻、巨乳、DMM獨家,多人,https://www.javbus.com/CEAD-328,
DPMI-055 パンスト妄想脚 Wキャスト,DPMI-055 パンスト妄想脚 Wキャスト,DPMI-055,,2021-01-10,125分鐘,DOPAMIX,ミル,ミル,パンスト妄想脚,身體意識、連褲襪、屁股、戀腿癖、DMM獨家、迷你裙,多人,https://www.javbus.com/DPMI-055,
KDMI-031 絶頂！鬼突き立ちBACK！,KDMI-031 絶頂！鬼突き立ちBACK！,KDMI-031,,2021-01-10,240分鐘,DOPAMIX,ミル,ミル,,連褲襪、屁股、戀腿癖、高畫質、猥褻穿著、DMM獨家,多人,https://www.javbus.com/KDMI-031,
MIZD-217 抵抗からの壮絶アクメ！強く気高い女捜査官が拷問レ×プで壊れイキ8時間BEST,MIZD-217 抵抗からの壮絶アクメ！強く気高い女捜査官が拷問レ×プで壊れイキ8時間BEST,MIZD-217,,2021-01-09,480分鐘,,ムーディーズ,MOODYZ Best,,合集、數位馬賽克、女檢察官、拘束、中出、折磨、DMM獨家,多人,https://www.javbus.com/MIZD-217,
DASD-793 男は嫌いだけど、おちんちんは大好き。高身長美女のペニクリを奪い合うレズビアン,DASD-793 男は嫌いだけど、おちんちんは大好き。高身長美女のペニクリを奪い合うレズビアン,DASD-793,,2021-01-09,120分鐘,三島六三郎,ダスッ！,ダスッ！,,女同性戀、變性者、姐姐、高畫質、戲劇、肛内中出、DMM獨家,多人,https://www.javbus.com/DASD-793,
CADV-798 クリスタル映像35周年記念 人妻コレクション100人8時間永久保存版,CADV-798 クリスタル映像35周年記念 人妻コレクション100人8時間永久保存版,CADV-798,,2021-01-07,479分鐘,,クリスタル映像,CRYSTAL EX,クリスタル映像35周年記念,成熟的女人、合集、亂倫、無毛、已婚婦女、多P、通姦、中出、4小時以上作品、高畫質、巨乳,多人,https://www.javbus.com/CADV-798,
PBD-388 綺麗なお姉さんと濃密中出しSEX480分BEST,PBD-388 綺麗なお姉さんと濃密中出しSEX480分BEST,PBD-388,,2020-12-31,480分鐘,,プレミアム,PREMIUM BEST,,口交、合集、姐姐、數位馬賽克、中出、キス・接吻、巨乳、DMM獨家,多人,https://www.javbus.com/PBD-388,
MMBS-008 尻 THE BEST OF IRIS Vol.5,MMBS-008 尻 THE BEST OF IRIS Vol.5,MMBS-008,,2020-12-27,487分鐘,宮本小次郎,MARRION,MARRION BEST,尻 THE BEST OF IRIS,合集、屁股、4小時以上作品、高畫質、巨尻、DMM獨家,多人,https://www.javbus.com/MMBS-008,
JDBT-001 祝！熟女大学開学1周年 2020年上半期8時間総集編,JDBT-001 祝！熟女大学開学1周年 2020年上半期8時間総集編,JDBT-001,,2020-12-26,480分鐘,,熟女大学/熟女卍,卍GROUP,,已婚婦女、偷窥、中出、巨尻、巨乳、DMM獨家,多人,https://www.javbus.com/JDBT-001,
BMW-225 デカパイは揺らしてナンボ！乳跳ね騎乗位BEST,BMW-225 デカパイは揺らしてナンボ！乳跳ね騎乗位BEST,BMW-225,,2020-12-26,240分鐘,,ワンズファクトリー,WANZ,,合集、戀乳癖、中出、女上位、巨乳、DMM獨家,多人,https://www.javbus.com/BMW-225,
MIZD-214 手コキ120発オーバーBEST,MIZD-214 手コキ120発オーバーBEST,MIZD-214,,2020-12-26,480分鐘,,ムーディーズ,MOODYZ Best,,角色扮演、合集、美少女、數位馬賽克、巨乳、DMM獨家、打手槍,多人,https://www.javbus.com/MIZD-214,
OKAX-694 ち○ぽ依存症の女 ち○ぽ遊びに溺れる女の子のフェラチオ,OKAX-694 ち○ぽ依存症の女 ち○ぽ遊びに溺れる女の子のフェラチオ,OKAX-694,,2020-12-25,240分鐘,,ケイ・エム・プロデュース,おかず。,,蕩婦、口交、其他戀物癖、4小時以上作品、美容院、打手槍,多人,https://www.javbus.com/OKAX-694,
MKMP-372 million 令和で最も売れた神タイトルランキング TOP20 BEST！！,MKMP-372 million 令和で最も売れた神タイトルランキング TOP20 BEST！！,MKMP-372,,2020-12-25,303分鐘,K太郎,ケイ・エム・プロデュース,million（ミリオン）,,合集、中出、4小時以上作品、高畫質、巨乳,多人,https://www.javbus.com/MKMP-372,
XRW-958 レアル2020ハードFUCK中出し祭8時間BEST,XRW-958 レアル2020ハードFUCK中出し祭8時間BEST,XRW-958,,2020-12-25,481分鐘,萬次郎,レアルワークス,REAL（レアルワークス）,,已婚婦女、中出、4小時以上作品、高畫質、高中女生、巨乳,多人,https://www.javbus.com/XRW-958,
KNMD-099 閉経前の熟女からお年頃の若妻まで完全網羅！！美魔女ラストSEX！！ドドーんと8時間スペシャル～総勢50人！ 女たちの濃厚エクスタシー500分～！！,KNMD-099 閉経前の熟女からお年頃の若妻まで完全網羅！！美魔女ラストSEX！！ドドーんと8時間スペシャル～総勢50人！ 女たちの濃厚エクスタシー500分～！！,KNMD-099,,2020-12-25,501分鐘,萬次郎,キネマ座,キネマ座,,成熟的女人、亂倫、已婚婦女、乳房、中出、4小時以上作品、高畫質,多人,https://www.javbus.com/KNMD-099,
IESP-672 レズ解禁 義姉に恋した私 辻井ほのか,IESP-672 レズ解禁 義姉に恋した私 辻井ほのか,IESP-672,,2020-12-24,132分鐘,菊淋,アイエナジー,IESP,レズ解禁(ソフトオンデマンド),女同性戀、高、高畫質、戲劇、巨乳,多人,https://www.javbus.com/IESP-672,
ZOOO-015 絶品ボディ20人 2 美しい美巨乳と顔だけでもヌケる極上の美女と戯れる240分,ZOOO-015 絶品ボディ20人 2 美しい美巨乳と顔だけでもヌケる極上の美女と戯れる240分,ZOOO-015,,2020-12-24,241分鐘,,ZOOO,ZOOO,,苗條、合集、乳房、4小時以上作品、高畫質、巨乳,多人,https://www.javbus.com/ZOOO-015,
CESD-960 波多野結衣×あおいれな 酔って本音で語る二人が愛し合ったら…本気で求め合う密着濃厚レズSEXが見れた！,CESD-960 波多野結衣×あおいれな 酔って本音で語る二人が愛し合ったら…本気で求め合う密着濃厚レズSEXが見れた！,CESD-960,,2020-12-21,118分鐘,,セレブの友,セレブの友,,成熟的女人、女同性戀、纪录片、花癡、DMM獨家,多人,https://www.javbus.com/CESD-960,
CJOB-078 あの手この手で何度もヌイてくれる痴女メンズエステBEST,CJOB-078 あの手この手で何度もヌイてくれる痴女メンズエステBEST,CJOB-078,,2020-12-20,480分鐘,,痴女ヘブン,痴女ヘブンBEST,,蕩婦、合集、中出、美容院、DMM獨家、打手槍,多人,https://www.javbus.com/CJOB-078,
DSCESD-001 【福袋】セレブの友ファン感謝福袋 面白くてヌケる！見応え抜群の12作品セット！！,DSCESD-001 【福袋】セレブの友ファン感謝福袋 面白くてヌケる！見応え抜群の12作品セット！！,DSCESD-001,,2020-12-18,1635分鐘,,セレブの友,,,成熟的女人、放尿、花癡、高畫質、16時間以上作品、巨乳、福袋、DMM獨家,多人,https://www.javbus.com/DSCESD-001,
LZBS-066 レズれ！2020年間プレミアムベスト 女と女のイカセ合い10時間SP,LZBS-066 レズれ！2020年間プレミアムベスト 女と女のイカセ合い10時間SP,LZBS-066,,2020-12-18,600分鐘,,レズれ！,レズれ！ ベスト,レズれ！年間プレミアムベスト,女同性戀、合集、花癡、高畫質、巨乳、DMM獨家,多人,https://www.javbus.com/LZBS-066,
MTBVR-001 【VR福袋】超贅沢！超お得！圧倒的1171分！VRトレジャーBOX！,MTBVR-001 【VR福袋】超贅沢！超お得！圧倒的1171分！VRトレジャーBOX！,MTBVR-001,,2020-12-18,1170分鐘,,KMPVR-彩-,,,美少女、女上位、主觀視角、キス・接吻、VR専用、巨乳、ハイクオリティVR、福袋、DMM獨家,多人,https://www.javbus.com/MTBVR-001,
FKONE-002 【VR福袋！】ハイクオリティヒットSPECIAL1 人気10メーカー13タイトルノー編集でドドーンと大放出1478分！！,FKONE-002 【VR福袋！】ハイクオリティヒットSPECIAL1 人気10メーカー13タイトルノー編集でドドーンと大放出1478分！！,FKONE-002,,2020-12-18,1481分鐘,,エスワン ナンバーワンスタイル,,,美少女、中出、16時間以上作品、ハーレム、VR専用、巨乳、福袋、DMM獨家,多人,https://www.javbus.com/FKONE-002,
FKMDZ-001 【福袋】MOODYZほか全8メーカー厳選15タイトル収録a Happy New Year2021福袋,FKMDZ-001 【福袋】MOODYZほか全8メーカー厳選15タイトル収録a Happy New Year2021福袋,FKMDZ-001,,2020-12-18,2362分鐘,,ムーディーズ,,,蕩婦、美少女、中出、高畫質、16時間以上作品、巨乳、福袋、DMM獨家,多人,https://www.javbus.com/FKMDZ-001,
RBB-198 2020年上半期大集結！！ 超豪華21メーカー新作346タイトル特大16時間BOX,RBB-198 2020年上半期大集結！！ 超豪華21メーカー新作346タイトル特大16時間BOX,RBB-198,,2020-12-17,960分鐘,,ROOKIE,ROOKIE,,企畫、合集、美少女、巨乳、DMM獨家,多人,https://www.javbus.com/RBB-198,
PPBD-201 超敏感チクビをこねくり回す！快感アクメラッシュ54連発,PPBD-201 超敏感チクビをこねくり回す！快感アクメラッシュ54連発,PPBD-201,,2020-12-17,240分鐘,,OPPAI,OPPAI,,苗條、合集、美少女、巨乳、DMM獨家,多人,https://www.javbus.com/PPBD-201,
RVG-125 町医者老人の顔舐め中出し変態カルテBEST vol.1,RVG-125 町医者老人の顔舐め中出し変態カルテBEST vol.1,RVG-125,,2020-12-16,481分鐘,,グローリークエスト,GLORY QUEST,町医者老人の顔舐め中出し変態カルテ,其他戀物癖、合集、已婚婦女、中出、4小時以上作品、高畫質、キス・接吻,多人,https://www.javbus.com/RVG-125,
GVH-165 僕のことが大好きなママと、クラスで一番美人な友達のママで行った二泊三日の混浴温泉旅行 波多野結衣/よしい美希,GVH-165 僕のことが大好きなママと、クラスで一番美人な友達のママで行った二泊三日の混浴温泉旅行 波多野結衣/よしい美希,GVH-165,,2020-12-16,130分鐘,ひょん,グローリークエスト,GLORY QUEST,,亂倫、多P、高畫質、正太控、温泉、旅行,多人,https://www.javbus.com/GVH-165,
CESD-955 デカ尻アナルをひびはたが責める3PレズビアンBOX7枚組,CESD-955 デカ尻アナルをひびはたが責める3PレズビアンBOX7枚組,CESD-955,,2020-12-13,1109分鐘,,セレブの友,セレブの友,ひびはたが責める3Pレズビアン,成熟的女人、女同性戀、合集、肛内中出、巨尻、DMM獨家,多人,https://www.javbus.com/CESD-955,
MKCK-274 2020年E-BODYラストベスト 過去10年で最も美体でドエロかった大当たり肉弾200SEX アジア最高峰ボディコレクション16時間,MKCK-274 2020年E-BODYラストベスト 過去10年で最も美体でドエロかった大当たり肉弾200SEX アジア最高峰ボディコレクション16時間,MKCK-274,,2020-12-12,960分鐘,,E-BODY,E-BODY,,合集、花癡、乳房、巨尻、巨乳、DMM獨家,多人,https://www.javbus.com/MKCK-274,
IDBD-990 完璧な美貌！溢れ出る淫テリジェンス！極上のテクニック！ ウブな教え子の性欲をもてあそぶ美人女教師達の誘惑リードセックスBEST,IDBD-990 完璧な美貌！溢れ出る淫テリジェンス！極上のテクニック！ ウブな教え子の性欲をもてあそぶ美人女教師達の誘惑リードセックスBEST,IDBD-990,,2020-12-12,240分鐘,,アイデアポケット,アイデアポケットBEST,編集作品（アイデアポケット）,蕩婦、女教師、合集、數位馬賽克、女上位、DMM獨家、打手槍,多人,https://www.javbus.com/IDBD-990,
HEZ-234 綺麗なおばさんが優しくねっとりしてあげる ガチ童貞筆下ろしドキュメント 8時間12筆下ろしデラックス2,HEZ-234 綺麗なおばさんが優しくねっとりしてあげる ガチ童貞筆下ろしドキュメント 8時間12筆下ろしデラックス2,HEZ-234,,2020-12-10,481分鐘,円一輝,ホットエンターテイメント,ホットエンターテイメント,綺麗なおばさんが優しくねっとりしてあげる ガチ童貞筆下ろしドキュメント,成熟的女人、合集、纪录片、4小時以上作品、高畫質、處男,多人,https://www.javbus.com/HEZ-234,
MBF-004 【FANZA独占】【配信専用】仮面夫婦～騙す女と騙される女～ 波多野結衣 大槻ひびき 第一章 隣人夫婦の策略にハマり寝取られる妻,MBF-004 【FANZA独占】【配信専用】仮面夫婦～騙す女と騙される女～ 波多野結衣 大槻ひびき 第一章 隣人夫婦の策略にハマり寝取られる妻,MBF-004,,2020-12-09,75分鐘,K.C.武田,マックスエー,MAX-A,仮面夫婦,苗條、濫交、已婚婦女、通姦、中出、高畫質、出軌、巨乳、DMM獨家,多人,https://www.javbus.com/MBF-004,
PBD-382 胸チラ・パンチラ・囁き淫語、美人女教師に誘惑されて痴女られイカされちゃったボク。BEST,PBD-382 胸チラ・パンチラ・囁き淫語、美人女教師に誘惑されて痴女られイカされちゃったボク。BEST,PBD-382,,2020-12-05,240分鐘,,プレミアム,PREMIUM BEST,,蕩婦、女教師、口交、合集、數位馬賽克、中出、DMM獨家,多人,https://www.javbus.com/PBD-382,
MMB-340 フェラチオ名人のものすご～いフェラチオBEST30！！！,MMB-340 フェラチオ名人のものすご～いフェラチオBEST30！！！,MMB-340,,2020-12-04,243分鐘,石切橋博士,桃太郎映像出版,桃太郎ベスト,,企畫、口交、其他戀物癖、合集、乳房、4小時以上作品、高畫質、DMM獨家,多人,https://www.javbus.com/MMB-340,
MIZD-989 濡れ透け谷間チクポチ 視線くぎ付け！着衣おっぱい誘惑BEST,MIZD-989 濡れ透け谷間チクポチ 視線くぎ付け！着衣おっぱい誘惑BEST,MIZD-989,,2020-11-28,240分鐘,,ムーディーズ,MOODYZ Best,,蕩婦、乳交、其他戀物癖、合集、數位馬賽克、巨乳、DMM獨家,多人,https://www.javbus.com/MIZD-989,
MIZD-987 淫乱ヒップに溺れて暴発！ デカ尻ハーレムBEST,MIZD-987 淫乱ヒップに溺れて暴発！ デカ尻ハーレムBEST,MIZD-987,,2020-11-28,240分鐘,,ムーディーズ,MOODYZ Best,,蕩婦、合集、屁股、數位馬賽克、中出、巨尻、ハーレム、DMM獨家,多人,https://www.javbus.com/MIZD-987,
SAVR-096 【VR】VR業界No.1のKMPが全力で贈る！！ケタ違いな作り込みと没入感のある30作品を厳選！！ KMPVR-彩-PREMIUM BEST 300分,SAVR-096 【VR】VR業界No.1のKMPが全力で贈る！！ケタ違いな作り込みと没入感のある30作品を厳選！！ KMPVR-彩-PREMIUM BEST 300分,SAVR-096,,2020-11-25,305分鐘,K太郎,KMPVR-彩-,KMPVR-彩-,,合集、美少女、4小時以上作品、VR専用、高中女生、巨乳、ハイクオリティVR、DMM獨家,多人,https://www.javbus.com/SAVR-096,
ARAN-010 淫蠢絶頂穴地獄 秘奥が炎上したまま拘束放置される狂悶の女たち INFERNO BABE ULTRA FILM,ARAN-010 淫蠢絶頂穴地獄 秘奥が炎上したまま拘束放置される狂悶の女たち INFERNO BABE ULTRA FILM,ARAN-010,,2020-11-23,240分鐘,,BabyEntertainment,素人娘狂騒局,,合集、拘束、凌辱、4小時以上作品、高畫質、折磨,多人,https://www.javbus.com/ARAN-010,
NSPS-948 ながえ監督が見せる 3つのねとらせ,NSPS-948 ながえ監督が見せる 3つのねとらせ,NSPS-948,,2020-11-23,261分鐘,ながえ,ながえスタイル,ながえSTYLE,,成熟的女人、已婚婦女、通姦、4小時以上作品、高畫質、出軌、戲劇、DMM獨家,多人,https://www.javbus.com/NSPS-948,
JUSD-906 静まり返ったオフィス、一線を超える上司と部下。スーツを脱ぎ捨て求め合う、不貞残業BEST,JUSD-906 静まり返ったオフィス、一線を超える上司と部下。スーツを脱ぎ捨て求め合う、不貞残業BEST,JUSD-906,,2020-11-22,480分鐘,,マドンナ,Madonna,,成熟的女人、OL、合集、已婚婦女、數位馬賽克、戲劇、DMM獨家,多人,https://www.javbus.com/JUSD-906,
CJOB-076 身動きできない状態で無理やり射精された僕,CJOB-076 身動きできない状態で無理やり射精された僕,CJOB-076,,2020-11-22,240分鐘,,痴女ヘブン,痴女ヘブンBEST,,蕩婦、合集、拘束、女上位、M男、男の潮吹き、DMM獨家,多人,https://www.javbus.com/CJOB-076,
RBB-197 神裸 ドスケベ・ザ・エッチセックス 8時間,RBB-197 神裸 ドスケベ・ザ・エッチセックス 8時間,RBB-197,,2020-11-19,480分鐘,,ROOKIE,ROOKIE,ROOKIEベスト,口交、合集、DMM獨家,多人,https://www.javbus.com/RBB-197,
DDT-641 騎乗位特化追撃杭打ちピストン8時間,DDT-641 騎乗位特化追撃杭打ちピストン8時間,DDT-641,,2020-11-19,485分鐘,,ドグマ,Dogma,,合集、中出、女上位、高畫質、DMM獨家,多人,https://www.javbus.com/DDT-641,
RVH-006 お色気P●A会長＆悩殺女教師と悪ガキ生徒会BEST VOL.1,RVH-006 お色気P●A会長＆悩殺女教師と悪ガキ生徒会BEST VOL.1,RVH-006,,2020-11-18,240分鐘,,グローリークエスト,GLORY QUEST,お色気P○A会長と悪ガキ生徒会,合集、多P、4小時以上作品、高畫質、正太控、眼鏡,多人,https://www.javbus.com/RVH-006,
VRKM-036 【VR】ヌケる作品大放出！！豪華4作品を全編ノーカット！！美乳 SELECT BEST 276分,VRKM-036 【VR】ヌケる作品大放出！！豪華4作品を全編ノーカット！！美乳 SELECT BEST 276分,VRKM-036,,2020-11-14,275分鐘,K太郎,ケイ・エム・プロデュース,KMPVR,VR BEST,合集、姐姐、美少女、乳房、中出、4小時以上作品、VR専用、ハイクオリティVR,多人,https://www.javbus.com/VRKM-036,
KDMI-029 レースクイーンラバーズ アメイジング,KDMI-029 レースクイーンラバーズ アメイジング,KDMI-029,,2020-11-13,240分鐘,DOPAMIX,ミル,ミル,レースクイーンラバーズ,展場女孩、連褲襪、屁股、戀腿癖、緊身衣、4小時以上作品、DMM獨家,多人,https://www.javbus.com/KDMI-029,
CESD-944 波多野結衣×みひな 酔うとエロくなる二人が一緒にお酒を飲んだら…本気で求め合う密着濃厚レズSEXが見れた！,CESD-944 波多野結衣×みひな 酔うとエロくなる二人が一緒にお酒を飲んだら…本気で求め合う密着濃厚レズSEXが見れた！,CESD-944,,2020-11-13,113分鐘,,セレブの友,セレブの友,,成熟的女人、女同性戀、纪录片、花癡、女同接吻、高畫質、DMM獨家,多人,https://www.javbus.com/CESD-944,
CEAD-323 貪欲に淫れ狂うおねだりSEX16時間105人,CEAD-323 貪欲に淫れ狂うおねだりSEX16時間105人,CEAD-323,,2020-11-13,960分鐘,,セレブの友,セレブの友,,成熟的女人、合集、中出、巨乳、DMM獨家,多人,https://www.javbus.com/CEAD-323,
MMB-330 ヌルテカ風俗出血大サービス！！ ～気持ち良すぎて悶絶発射！,MMB-330 ヌルテカ風俗出血大サービス！！ ～気持ち良すぎて悶絶発射！,MMB-330,,2020-11-07,240分鐘,石切橋博士,桃太郎映像出版,桃太郎ベスト,,妓女、乳液、中出、4小時以上作品、巨尻、DMM獨家,多人,https://www.javbus.com/MMB-330,
MMB-334 ベロ逝き～舌責め舌技イカセ！！ キスが好きすぎてやめられない美女たち～,MMB-334 ベロ逝き～舌責め舌技イカセ！！ キスが好きすぎてやめられない美女たち～,MMB-334,,2020-11-06,242分鐘,石切橋博士,桃太郎映像出版,桃太郎ベスト,,其他戀物癖、乳房、4小時以上作品、高畫質、キス・接吻、DMM獨家,多人,https://www.javbus.com/MMB-334,
PBD-384 中出しOK 連続射精！ 追撃男潮！！ エロ過ぎお姉さんに何度もヌカれちゃう 痴女メンズエステBEST,PBD-384 中出しOK 連続射精！ 追撃男潮！！ エロ過ぎお姉さんに何度もヌカれちゃう 痴女メンズエステBEST,PBD-384,,2020-11-06,240分鐘,,プレミアム,PREMIUM BEST,,蕩婦、合集、姐姐、數位馬賽克、中出、4小時以上作品、美容院、男の潮吹き、DMM獨家,多人,https://www.javbus.com/PBD-384,
CEAD-321 乳首自慰エクスタシー,CEAD-321 乳首自慰エクスタシー,CEAD-321,,2020-10-25,191分鐘,,セレブの友,セレブの友,,成熟的女人、淫語、花癡、巨乳、DMM獨家、自慰,多人,https://www.javbus.com/CEAD-321,
CESD-943 川上ゆうベストセラーBOX vol.2 22時間43分8枚組,CESD-943 川上ゆうベストセラーBOX vol.2 22時間43分8枚組,CESD-943,,2020-10-25,1363分鐘,,セレブの友,セレブの友,○○ベストセラーBOX,蕩婦、成熟的女人、花癡、中出、女優ベスト・総集編、DMM獨家,多人,https://www.javbus.com/CESD-943,
CJOD-261 美女三人に囲まれ 聖水トリプル痴女ハーレム エロ汁ビチャビチャかけられながら何度も射精させられる！,CJOD-261 美女三人に囲まれ 聖水トリプル痴女ハーレム エロ汁ビチャビチャかけられながら何度も射精させられる！,CJOD-261,,2020-10-24,160分鐘,真咲南朋,痴女ヘブン,痴女ヘブン,,蕩婦、放尿、飲尿、淫語、高畫質、ハーレム、DMM獨家,多人,https://www.javbus.com/CJOD-261,
MDBK-137 射精まで腰振りが止まらない！！淫乱女優52人勢揃い！！絶頂イキ騎乗位BEST240分！！,MDBK-137 射精まで腰振りが止まらない！！淫乱女優52人勢揃い！！絶頂イキ騎乗位BEST240分！！,MDBK-137,,2020-10-23,241分鐘,K太郎,BAZOOKA,BAZOOKA（バズーカ）,,合集、多P、中出、女上位、4小時以上作品、高畫質,多人,https://www.javbus.com/MDBK-137,
CBIKMV-097 【VR】KMPVR-bibi-2020年上半期売上ランキングBEST30,CBIKMV-097 【VR】KMPVR-bibi-2020年上半期売上ランキングBEST30,CBIKMV-097,,2020-10-21,301分鐘,K太郎,KMPVR-bibi-,KMPVR-bibi-,VR BEST,合集、美少女、乳房、中出、4小時以上作品、主觀視角、VR専用、ハイクオリティVR,多人,https://www.javbus.com/CBIKMV-097,
STCESD-085 【お得セット】痴女×痴女レズビアン5・6・狂乱ノンストップ同性愛,STCESD-085 【お得セット】痴女×痴女レズビアン5・6・狂乱ノンストップ同性愛,STCESD-085,,2020-10-20,452分鐘,,セレブの友,セレブの友（お得セット）,痴女×痴女レズビアン,成熟的女人、女同性戀、花癡、多P、4小時以上作品、女同接吻、高畫質、設置項目、DMM獨家,多人,https://www.javbus.com/STCESD-085,
RBB-193 男1人と大人数の淫乱女の子とのハッピーハーレムSEX！あたり一面女の子スペシャル8時間,RBB-193 男1人と大人数の淫乱女の子とのハッピーハーレムSEX！あたり一面女の子スペシャル8時間,RBB-193,,2020-10-17,480分鐘,,ROOKIE,ROOKIE,ROOKIEベスト,濫交、花癡、美少女、4小時以上作品、M男、巨乳、DMM獨家,多人,https://www.javbus.com/RBB-193,
PPBD-198 「そんなにおっぱい揺らされたらバレちゃうって」でもバレたらもっと興奮しちゃうかもBEST,PPBD-198 「そんなにおっぱい揺らされたらバレちゃうって」でもバレたらもっと興奮しちゃうかもBEST,PPBD-198,,2020-10-17,240分鐘,,OPPAI,OPPAI,,蕩婦、合集、女上位、4小時以上作品、出軌、巨乳、DMM獨家,多人,https://www.javbus.com/PPBD-198,
RBB-194 プッシャアアァァァッ！！ ハメ潮、イキ潮、気持ちよすぎる絶頂スプラッシュ8時間,RBB-194 プッシャアアァァァッ！！ ハメ潮、イキ潮、気持ちよすぎる絶頂スプラッシュ8時間,RBB-194,,2020-10-17,480分鐘,,ROOKIE,ROOKIE,,放尿、潮吹、合集、羞恥、4小時以上作品、DMM獨家,多人,https://www.javbus.com/RBB-194,
CESD-938 女×女 激しく求め合う同性愛（レズビアン）BOX vol.2 8枚組,CESD-938 女×女 激しく求め合う同性愛（レズビアン）BOX vol.2 8枚組,CESD-938,,2020-10-11,1177分鐘,,セレブの友,セレブの友,女×女 激しく求め合う同性愛（レズビアン）BOX,成熟的女人、女同性戀、合集、舔陰、女同接吻、DMM獨家,多人,https://www.javbus.com/CESD-938,
MIZD-205 ザーメン欲しがり痴女の頬すぼみバキュームフェラ100連発BEST,MIZD-205 ザーメン欲しがり痴女の頬すぼみバキュームフェラ100連発BEST,MIZD-205,,2020-10-10,240分鐘,,ムーディーズ,MOODYZ Best,,蕩婦、口交、合集、數位馬賽克、DMM獨家、吞精,多人,https://www.javbus.com/MIZD-205,
MIZD-202 溺れるほどのオシッコ大噴射 聖水痴女放尿フェチ厳選セレクション,MIZD-202 溺れるほどのオシッコ大噴射 聖水痴女放尿フェチ厳選セレクション,MIZD-202,,2020-10-10,240分鐘,,ムーディーズ,MOODYZ Best,,蕩婦、放尿、飲尿、合集、數位馬賽克、DMM獨家、打手槍,多人,https://www.javbus.com/MIZD-202,
MIZD-992 「もう吹いてるってばぁ～！」S級美女に痴女られ続ける追撃男潮BEST,MIZD-992 「もう吹いてるってばぁ～！」S級美女に痴女られ続ける追撃男潮BEST,MIZD-992,,2020-10-10,240分鐘,,ムーディーズ,MOODYZ Best,,蕩婦、口交、其他戀物癖、合集、數位馬賽克、M男、DMM獨家、打手槍,多人,https://www.javbus.com/MIZD-992,
UMD-752 これが本気のアヘ顔！！私、イクとこんな顔になっちゃうのSP2,UMD-752 これが本気のアヘ顔！！私、イクとこんな顔になっちゃうのSP2,UMD-752,,2020-10-09,185分鐘,,LEO,LEO,これが本気のアヘ顔！！,乳房、乳液、按摩、子宮頸、高畫質、アクメ・オーガズム,多人,https://www.javbus.com/UMD-752,
MKMP-358 一般素人男性モニタリング企画 街頭インタビュー中にナイショでご本人登場！！ 波多野結衣 里美ゆりあ 晶エリーと素人さんがご対面中出しSEX,MKMP-358 一般素人男性モニタリング企画 街頭インタビュー中にナイショでご本人登場！！ 波多野結衣 里美ゆりあ 晶エリーと素人さんがご対面中出しSEX,MKMP-358,,2020-10-09,150分鐘,らくだ,ケイ・エム・プロデュース,million（ミリオン）,一般素人男性モニタリング企画,業餘、多P、倒追、中出、高畫質、巨乳,多人,https://www.javbus.com/MKMP-358,
MMB-325 ものすごいテコキ20発！！,MMB-325 ものすごいテコキ20発！！,MMB-325,,2020-10-04,242分鐘,石切橋博士,桃太郎映像出版,桃太郎ベスト,,蕩婦、花癡、倒追、4小時以上作品、高畫質、M男、DMM獨家、打手槍,多人,https://www.javbus.com/MMB-325,
NBES-028 僕のねとられ話しを聞いてほしい スペシャルコンプリートBEST 4枚組16時間,NBES-028 僕のねとられ話しを聞いてほしい スペシャルコンプリートBEST 4枚組16時間,NBES-028,,2020-10-03,960分鐘,,JET映像,卍GROUP,僕のねとられ話しを聞いてほしい,成熟的女人、合集、已婚婦女、4小時以上作品、出軌、DMM獨家,多人,https://www.javbus.com/NBES-028,
BBSS-041 レズに堕ちていく私 総集編4時間,BBSS-041 レズに堕ちていく私 総集編4時間,BBSS-041,,2020-10-03,240分鐘,,ビビアン,ビビアン,レズに堕ちていく私,女同性戀、合集、4小時以上作品、女同接吻、戲劇、DMM獨家,多人,https://www.javbus.com/BBSS-041,
PRED-260 身動きできない患者様を狙う密着ささやきサンド種絞り淫語クリニック 倉多まお 波多野結衣,PRED-260 身動きできない患者様を狙う密着ささやきサンド種絞り淫語クリニック 倉多まお 波多野結衣,PRED-260,,2020-10-03,120分鐘,トレンディ山口,プレミアム,エレガンス,,蕩婦、护士、淫語、數位馬賽克、中出、高畫質、ハーレム、DMM獨家,多人,https://www.javbus.com/PRED-260,
ATAD-150 マゾに目覚めた女 ノーカットBEST,ATAD-150 マゾに目覚めた女 ノーカットBEST,ATAD-150,,2020-10-03,940分鐘,,アタッカーズ,アタッカーズ アンソロジー,マゾに目覚めた女,合集、已婚婦女、4小時以上作品、出軌、戲劇、DMM獨家,多人,https://www.javbus.com/ATAD-150,
MIZD-203 常にこねくりギュ～ンで限界射精！！ 乳首イジり痴女責めラッシュ4時間Vol.3,MIZD-203 常にこねくりギュ～ンで限界射精！！ 乳首イジり痴女責めラッシュ4時間Vol.3,MIZD-203,,2020-09-26,240分鐘,,ムーディーズ,MOODYZ Best,乳首イジり痴女責めラッシュ,蕩婦、淫語、數位馬賽克、女上位、4小時以上作品、M男、DMM獨家、打手槍,多人,https://www.javbus.com/MIZD-203,
KUM-006 人妻監禁調教 河西乃愛 羽田希 波多野結衣 高槻れい,KUM-006 人妻監禁調教 河西乃愛 羽田希 波多野結衣 高槻れい,KUM-006,,2020-09-25,119分鐘,射案比呂,プレステージ,九龍(プレステージ),,監禁、已婚婦女、母乳、高畫質,多人,https://www.javbus.com/KUM-006,
VRKM-008 【VR】豪華人気女優を大放出！！ピストン騎乗位3時間BEST,VRKM-008 【VR】豪華人気女優を大放出！！ピストン騎乗位3時間BEST,VRKM-008,,2020-09-25,181分鐘,K太郎,ケイ・エム・プロデュース,KMPVR,VR BEST,合集、美少女、乳房、中出、女上位、VR専用、ハイクオリティVR,多人,https://www.javbus.com/VRKM-008,
MKMP-354 million緊縛令嬢COMPLETE BEST 8時間～快楽絶頂の渦に飲まれていく令嬢たち～,MKMP-354 million緊縛令嬢COMPLETE BEST 8時間～快楽絶頂の渦に飲まれていく令嬢たち～,MKMP-354,,2020-09-25,480分鐘,K太郎,ケイ・エム・プロデュース,million（ミリオン）,緊縛令嬢,紧缚、合集、千金小姐、深喉、高畫質,多人,https://www.javbus.com/MKMP-354,
CJOB-071 ド痴女に囲まれ挟まれ射精される僕BEST,CJOB-071 ド痴女に囲まれ挟まれ射精される僕BEST,CJOB-071,,2020-09-20,240分鐘,,痴女ヘブン,痴女ヘブンBEST,,蕩婦、苗條、合集、淫語、多P、4小時以上作品、DMM獨家,多人,https://www.javbus.com/CJOB-071,
CJOB-072 射精しても止まらない！超フェラ悶絶BEST,CJOB-072 射精しても止まらない！超フェラ悶絶BEST,CJOB-072,,2020-09-20,240分鐘,,痴女ヘブン,痴女ヘブンBEST,,蕩婦、口交、其他戀物癖、潮吹、合集、4小時以上作品、DMM獨家,多人,https://www.javbus.com/CJOB-072,
RBB-195 もはやオナホ！女を拘束しマ●コをたっぷり使いこむ拘束SEX 8時間,RBB-195 もはやオナホ！女を拘束しマ●コをたっぷり使いこむ拘束SEX 8時間,RBB-195,,2020-09-17,480分鐘,,ROOKIE,ROOKIE,,SM、拘束、羞恥、4小時以上作品、DMM獨家,多人,https://www.javbus.com/RBB-195,
RBB-189 発射寸前！ 我慢汁垂れ流しの気持ちいいフェラチオ160連射8時間（RBB-189）,RBB-189 発射寸前！ 我慢汁垂れ流しの気持ちいいフェラチオ160連射8時間（RBB-189）,RBB-189,,2020-09-17,480分鐘,,ROOKIE,ROOKIE,発射寸前！ 我慢汁垂れ流しの気持ちいいフェラチオ,蕩婦、口交、合集、4小時以上作品、キス・接吻、DMM獨家,多人,https://www.javbus.com/RBB-189,
MDVR-104 【VR】専属女優もハーレムSEXも！高画質＆高没入！！MOODYZ VRハイクオリティBEST35タイトル500分激シコSPECIAL！！,MDVR-104 【VR】専属女優もハーレムSEXも！高画質＆高没入！！MOODYZ VRハイクオリティBEST35タイトル500分激シコSPECIAL！！,MDVR-104,,2020-09-16,505分鐘,,ムーディーズ,MOODYZ VR,MOODYZ VR BEST,合集、主觀視角、ハーレム、VR専用、ハイクオリティVR、DMM獨家,多人,https://www.javbus.com/MDVR-104,
RVH-003 ノーブラノーパンで挑発してくるスケベ奥さんが隣に引っ越してきた！BEST vol.1,RVH-003 ノーブラノーパンで挑発してくるスケベ奥さんが隣に引っ越してきた！BEST vol.1,RVH-003,,2020-09-16,240分鐘,,グローリークエスト,GLORY QUEST,ノーブラノーパンで挑発してくるスケベ奥さんが隣に引っ越してきた！,蕩婦、合集、已婚婦女、4小時以上作品、高畫質、ノーブラ、ノーパン,多人,https://www.javbus.com/RVH-003,
OVG-152 着衣のまま強●挿入してくる痴女のパンスト騎乗位,OVG-152 着衣のまま強●挿入してくる痴女のパンスト騎乗位,OVG-152,,2020-09-16,136分鐘,,グローリークエスト,GLORY QUEST,,蕩婦、各種職業、連褲襪、中出、女上位、高畫質,多人,https://www.javbus.com/OVG-152,
ZEX-396 Catch the dream,ZEX-396 Catch the dream,ZEX-396,,2020-09-15,160分鐘,,ピーターズMAX,ピーターズMAX,,企畫、女同性戀、多P、女同接吻、高畫質、ディルド,多人,https://www.javbus.com/ZEX-396,
KMVR-982 【VR】4作品ノーカット 234分！！顔だけでヌける！！誰もが彼女達の美しさに、恋心を抱いてしまう！！美女 BEST！！,KMVR-982 【VR】4作品ノーカット 234分！！顔だけでヌける！！誰もが彼女達の美しさに、恋心を抱いてしまう！！美女 BEST！！,KMVR-982,,2020-09-14,234分鐘,K太郎,ケイ・エム・プロデュース,KMPVR,VR BEST,苗條、合集、美少女、中出、VR専用、巨乳、ハイクオリティVR,多人,https://www.javbus.com/KMVR-982,
MIZD-972 タイトスカート女教師8タイトル8時間BEST,MIZD-972 タイトスカート女教師8タイトル8時間BEST,MIZD-972,,2020-09-12,480分鐘,,ムーディーズ,MOODYZ Best,タイトスカート女教師,蕩婦、女教師、合集、屁股、戀腿癖、數位馬賽克、學校作品、4小時以上作品、DMM獨家,多人,https://www.javbus.com/MIZD-972,
MIAA-316 狙い目は閑散期！暇な平日昼間のヌキなし健全エステ店は貸切状態！ いつもは下ネタ苦手なお堅いエステティシャンが、隙見せパンチラと際どい過剰サービス！ フル勃起で紙パンから顔を出した亀頭はいつもシカトなのに、今日は紙パンを脱がされて…！2,MIAA-316 狙い目は閑散期！暇な平日昼間のヌキなし健全エステ店は貸切状態！ いつもは下ネタ苦手なお堅いエステティシャンが、隙見せパンチラと際どい過剰サービス！ フル勃起で紙パンから顔を出した亀頭はいつもシカトなのに、今日は紙パンを脱がされて…！2,MIAA-316,,2020-09-12,210分鐘,ザック荒井,ムーディーズ,みんなのキカタン,狙い目は閑散期！暇な平日昼間のヌキなし健全エステ店は貸切状態！,淫語、數位馬賽克、美容院、按摩、高畫質、DMM獨家、迷你裙、打手槍,多人,https://www.javbus.com/MIAA-316,
RETOMN-048 77名 トロけるような恍惚の表情 クンニ激昇天,RETOMN-048 77名 トロけるような恍惚の表情 クンニ激昇天,RETOMN-048,,2020-09-09,231分鐘,,TEPPAN,TEPPAN SPECIAL,クンニ激昇天,合集、美少女、數位馬賽克、舔陰、高畫質、汗だく,多人,https://www.javbus.com/RETOMN-048,
RETOMN-017 加速するグラインド 極上の騎乗位,RETOMN-017 加速するグラインド 極上の騎乗位,RETOMN-017,,2020-09-09,235分鐘,,TEPPAN,TEPPAN SPECIAL,加速するグラインド,合集、美少女、數位馬賽克、女上位、高畫質、汗だく、巨乳,多人,https://www.javbus.com/RETOMN-017,
RETOMN-095 ずっぽり汗だくオナニー 39名,RETOMN-095 ずっぽり汗だくオナニー 39名,RETOMN-095,,2020-09-09,233分鐘,,TEPPAN,TEPPAN SPECIAL,,合集、美少女、數位馬賽克、高畫質、汗だく、巨乳、自慰,多人,https://www.javbus.com/RETOMN-095,
RETOMN-072 見つめながら俺のデカチンシャブってください。,RETOMN-072 見つめながら俺のデカチンシャブってください。,RETOMN-072,,2020-09-09,234分鐘,,TEPPAN,TEPPAN SPECIAL,,口交、合集、美少女、數位馬賽克、高畫質、汗だく,多人,https://www.javbus.com/RETOMN-072,
RETOMN-051 鉄板 BEST OF BEST オナニー 48名,RETOMN-051 鉄板 BEST OF BEST オナニー 48名,RETOMN-051,,2020-09-09,229分鐘,,TEPPAN,TEPPAN SPECIAL,鉄板 BEST OF BEST,合集、美少女、數位馬賽克、高畫質、汗だく、自慰,多人,https://www.javbus.com/RETOMN-051,
RETOMN-018 鉄板 イクまで終わらない！！激オナニー,RETOMN-018 鉄板 イクまで終わらない！！激オナニー,RETOMN-018,,2020-09-09,166分鐘,,TEPPAN,TEPPAN SPECIAL,,苗條、合集、美少女、數位馬賽克、高畫質、汗だく、自慰,多人,https://www.javbus.com/RETOMN-018,
RETOMN-122 鉄板女優が本気で悶絶するイッてもイッても終わらないイカセ絶頂 満面イキ顔BEST 46名,RETOMN-122 鉄板女優が本気で悶絶するイッてもイッても終わらないイカセ絶頂 満面イキ顔BEST 46名,RETOMN-122,,2020-09-09,225分鐘,,TEPPAN,TEPPAN SPECIAL,,合集、美少女、數位馬賽克、高畫質、汗だく、巨乳,多人,https://www.javbus.com/RETOMN-122,
RETOMN-070 足腰ガクガク！！ ハードピストン立ちバック 2,RETOMN-070 足腰ガクガク！！ ハードピストン立ちバック 2,RETOMN-070,,2020-09-09,230分鐘,,TEPPAN,TEPPAN SPECIAL,ハードピストン立ちバック,合集、美少女、數位馬賽克、高畫質、汗だく、巨乳,多人,https://www.javbus.com/RETOMN-070,
KMVR-977 【VR】4作品ノーカット 321分！！何も考えられなくなるまで精子を管理される！！焦らされ続け最後は懇願してしまう、射精管理 BEST！！,KMVR-977 【VR】4作品ノーカット 321分！！何も考えられなくなるまで精子を管理される！！焦らされ続け最後は懇願してしまう、射精管理 BEST！！,KMVR-977,,2020-09-09,321分鐘,K太郎,ケイ・エム・プロデュース,KMPVR,VR BEST,蕩婦、合集、M男、VR専用、高中女生、ハイクオリティVR,多人,https://www.javbus.com/KMVR-977,
RETOMN-052 射精直前の獣のような激しい腰振り 51発射,RETOMN-052 射精直前の獣のような激しい腰振り 51発射,RETOMN-052,,2020-09-09,231分鐘,,TEPPAN,TEPPAN SPECIAL,射精直前の獣のような激しい腰振り,苗條、合集、美少女、數位馬賽克、高畫質、汗だく,多人,https://www.javbus.com/RETOMN-052,
RETOMN-002 鉄板 激指ズボオナニーBEST,RETOMN-002 鉄板 激指ズボオナニーBEST,RETOMN-002,,2020-09-09,166分鐘,,TEPPAN,TEPPAN SPECIAL,TEPPAN SPECIAL,苗條、合集、美少女、數位馬賽克、高畫質、汗だく、巨乳、自慰,多人,https://www.javbus.com/RETOMN-002,
RETOMN-125 足腰ガクガク！！ ハードピストン立ちバック 95名 BEST OF BEST,RETOMN-125 足腰ガクガク！！ ハードピストン立ちバック 95名 BEST OF BEST,RETOMN-125,,2020-09-09,224分鐘,,TEPPAN,TEPPAN SPECIAL,ハードピストン立ちバック,苗條、合集、數位馬賽克、高畫質、汗だく、巨乳,多人,https://www.javbus.com/RETOMN-125,
RETOMN-027 足腰ガクガク！！ ハードピストン立ちバック,RETOMN-027 足腰ガクガク！！ ハードピストン立ちバック,RETOMN-027,,2020-09-09,225分鐘,,TEPPAN,TEPPAN SPECIAL,ハードピストン立ちバック,苗條、合集、美少女、數位馬賽克、高畫質、汗だく、巨乳,多人,https://www.javbus.com/RETOMN-027,
RETOMN-001 鉄板フェラチオBEST,RETOMN-001 鉄板フェラチオBEST,RETOMN-001,,2020-09-09,228分鐘,,TEPPAN,TEPPAN SPECIAL,TEPPAN SPECIAL,口交、合集、美少女、數位馬賽克、高畫質、汗だく、巨乳,多人,https://www.javbus.com/RETOMN-001,
RETOMN-113 ハメ撮り性交 今から私のイクところ見ていてください…。,RETOMN-113 ハメ撮り性交 今から私のイクところ見ていてください…。,RETOMN-113,,2020-09-09,235分鐘,,TEPPAN,TEPPAN SPECIAL,,第一人稱攝影、合集、美少女、數位馬賽克、高畫質、汗だく,多人,https://www.javbus.com/RETOMN-113,
BBSS-042 女性限定。 一つ屋根の下で…シェアハウスレズビアン総集編 4時間,BBSS-042 女性限定。 一つ屋根の下で…シェアハウスレズビアン総集編 4時間,BBSS-042,,2020-09-05,240分鐘,,ビビアン,ビビアン,シェアハウスレズビアン,女同性戀、4小時以上作品、女同接吻、DMM獨家,多人,https://www.javbus.com/BBSS-042,
ATAD-148 新奴●捜査官 6タイトル11時間 全編ノーカット総集編,ATAD-148 新奴●捜査官 6タイトル11時間 全編ノーカット総集編,ATAD-148,,2020-09-05,690分鐘,,アタッカーズ,アタッカーズ アンソロジー,奴●捜査官,女同性戀、女檢察官、凌辱、4小時以上作品、戲劇、DMM獨家,多人,https://www.javbus.com/ATAD-148,
MIZD-200 肉尻揺らして精子を搾り取る尻穴丸見えピストンBEST,MIZD-200 肉尻揺らして精子を搾り取る尻穴丸見えピストンBEST,MIZD-200,,2020-08-29,240分鐘,,ムーディーズ,MOODYZ Best,,合集、屁股、數位馬賽克、女上位、4小時以上作品、巨尻、DMM獨家、肛交,多人,https://www.javbus.com/MIZD-200,
MDBK-126 ささやき淫語×絶倫痴女30人 SUPERBEST240分～焦らしと癒しの究極変態プレイ！！～,MDBK-126 ささやき淫語×絶倫痴女30人 SUPERBEST240分～焦らしと癒しの究極変態プレイ！！～,MDBK-126,,2020-08-28,240分鐘,K太郎,BAZOOKA,BAZOOKA（バズーカ）,,蕩婦、合集、淫語、中出、高畫質,多人,https://www.javbus.com/MDBK-126,
MDBK-124 超絶品極上中出し 濃密SEX 100人 8時間 part.2,MDBK-124 超絶品極上中出し 濃密SEX 100人 8時間 part.2,MDBK-124,,2020-08-28,480分鐘,K太郎,BAZOOKA,BAZOOKA（バズーカ）,超絶品極上中出し,合集、中出、高畫質、巨乳、ヘルス・ソープ,多人,https://www.javbus.com/MDBK-124,
MKMP-349 豪華女優44名収録！！極上million共演作4時間BEST！！～KMPの作り出した極楽浄土～,MKMP-349 豪華女優44名収録！！極上million共演作4時間BEST！！～KMPの作り出した極楽浄土～,MKMP-349,,2020-08-28,240分鐘,K太郎,ケイ・エム・プロデュース,million（ミリオン）,,合集、中出、高畫質、ハーレム、巨乳,多人,https://www.javbus.com/MKMP-349,
XRW-914 美人人妻14人媚薬拘束潮吹きイカセ8時間スペシャル,XRW-914 美人人妻14人媚薬拘束潮吹きイカセ8時間スペシャル,XRW-914,,2020-08-28,480分鐘,アニー中村,レアルワークス,REAL（レアルワークス）,媚薬拘束潮吹きイカセ,潮吹、已婚婦女、拘束、中出、高畫質,多人,https://www.javbus.com/XRW-914,
SSHN-009 なんだこのAVは！？日本中の変態が狂喜した【SENZレーベル問題作】衝撃映像12連発！～催●光線・時間停止・即ハメ医療・メス獣ナイトサファリ・しゃぶりながら…～,SSHN-009 なんだこのAVは！？日本中の変態が狂喜した【SENZレーベル問題作】衝撃映像12連発！～催●光線・時間停止・即ハメ医療・メス獣ナイトサファリ・しゃぶりながら…～,SSHN-009,,2020-08-25,242分鐘,きっしー,SODクリエイト,SODクリエイト,,企畫、其他戀物癖、合集、妄想、高畫質,多人,https://www.javbus.com/SSHN-009,
SVS-070 従順牝犬緊縛奴● 快楽の羞恥調教part.2 14人4時間,SVS-070 従順牝犬緊縛奴● 快楽の羞恥調教part.2 14人4時間,SVS-070,,2020-08-23,240分鐘,,AVS collector’s,AVS,快楽の羞恥調教,紧缚、拘束、4小時以上作品、高畫質、DMM獨家,多人,https://www.javbus.com/SVS-070,
CESD-921 美人三姉妹 個人デリヘルはじめました 波多野結衣 加藤ももか 新川愛七,CESD-921 美人三姉妹 個人デリヘルはじめました 波多野結衣 加藤ももか 新川愛七,CESD-921,,2020-08-23,175分鐘,,セレブの友,セレブの友,,成熟的女人、姐妹、女上位、戲劇、顏射、DMM獨家,多人,https://www.javbus.com/CESD-921,
CJOB-069 ずう～っと乳首こねくりながら何度も射精かせてアゲルBEST,CJOB-069 ずう～っと乳首こねくりながら何度も射精かせてアゲルBEST,CJOB-069,,2020-08-22,240分鐘,,痴女ヘブン,痴女ヘブンBEST,,蕩婦、SM、苗條、合集、淫語、4小時以上作品、M男、DMM獨家,多人,https://www.javbus.com/CJOB-069,
CJOB-068 「もう中にだしてるってばぁ～」デカ尻ぶるんっ！杭打ち騎乗位で身動きできずに何度も中出しBEST,CJOB-068 「もう中にだしてるってばぁ～」デカ尻ぶるんっ！杭打ち騎乗位で身動きできずに何度も中出しBEST,CJOB-068,,2020-08-22,240分鐘,,痴女ヘブン,痴女ヘブンBEST,,蕩婦、苗條、合集、中出、女上位、4小時以上作品、巨尻、DMM獨家,多人,https://www.javbus.com/CJOB-068,
HNDS-069 本中10周年記念作品！！美少女中出し島完全版おもてもうらも全部見せちゃいます！240分SPECIAL,HNDS-069 本中10周年記念作品！！美少女中出し島完全版おもてもうらも全部見せちゃいます！240分SPECIAL,HNDS-069,,2020-08-22,240分鐘,ZAMPA,本中,本中,美少女中出し島,濫交、口交、美少女、數位馬賽克、中出、4小時以上作品、高畫質、DMM獨家,多人,https://www.javbus.com/HNDS-069,
DSVR-747 【VR】100人キスVR 柔らか～い唇と舌がず～っと絡みつく永久保存版！SODVR史上最長尺！究極のKISS総集編 42タイトル8時間,DSVR-747 【VR】100人キスVR 柔らか～い唇と舌がず～っと絡みつく永久保存版！SODVR史上最長尺！究極のKISS総集編 42タイトル8時間,DSVR-747,,2020-08-20,486分鐘,秋山メメ,SODクリエイト,SODVR,,其他戀物癖、合集、女同接吻、キス・接吻、VR専用、ハイクオリティVR,多人,https://www.javbus.com/DSVR-747,
ZEAA-052 淫らな性癖の欲情妻 私は、夫以外のデカチンで濡れました。 16人8時間！,ZEAA-052 淫らな性癖の欲情妻 私は、夫以外のデカチンで濡れました。 16人8時間！,ZEAA-052,,2020-08-20,485分鐘,天雲,センタービレッジ,極（センタービレッジ）,,成熟的女人、合集、已婚婦女、中出、高畫質,多人,https://www.javbus.com/ZEAA-052,
MAXVR-075 【VR】HQ60fps 超美尻BEST 226分,MAXVR-075 【VR】HQ60fps 超美尻BEST 226分,MAXVR-075,,2020-08-19,226分鐘,トロモロコシ,マックスエー,MAX-AVR,,業餘、第一人稱攝影、中出、巨尻、VR専用、ハイクオリティVR、DMM獨家、局部特寫,多人,https://www.javbus.com/MAXVR-075,
RBB-188 射精寸前！ やっぱり最後は中出し ドピュドピュ128連発 8時間,RBB-188 射精寸前！ やっぱり最後は中出し ドピュドピュ128連発 8時間,RBB-188,,2020-08-15,480分鐘,,ROOKIE,ROOKIE,,合集、中出、4小時以上作品、DMM獨家,多人,https://www.javbus.com/RBB-188,
KMVR-959 【VR】VR売り上げNo.1のKMPVRから大放出！！ノーカット豪華4作品 性教育 PREMIUM BEST 184分,KMVR-959 【VR】VR売り上げNo.1のKMPVRから大放出！！ノーカット豪華4作品 性教育 PREMIUM BEST 184分,KMVR-959,,2020-08-14,184分鐘,K太郎,ケイ・エム・プロデュース,KMPVR,VR BEST,合集、美少女、中出、主觀視角、處男、VR専用、ハイクオリティVR,多人,https://www.javbus.com/KMVR-959,
CEAD-316 星あめりをしゃぶり尽くすベスト966分,CEAD-316 星あめりをしゃぶり尽くすベスト966分,CEAD-316,,2020-08-09,966分鐘,,セレブの友,セレブの友,●●をしゃぶり尽くすベスト,成熟的女人、濫交、花癡、中出、女優ベスト・総集編、16時間以上作品、DMM獨家,多人,https://www.javbus.com/CEAD-316,
CESD-919 女×女 激しく求め合う同性愛（レズビアン）BOX7枚組,CESD-919 女×女 激しく求め合う同性愛（レズビアン）BOX7枚組,CESD-919,,2020-08-09,1238分鐘,,セレブの友,セレブの友,,成熟的女人、女同性戀、合集、舔陰、女同接吻、16時間以上作品、DMM獨家,多人,https://www.javbus.com/CESD-919,
MIZD-197 S級美女が腰ハネ絶頂！射精直前の激ピストン中出し111連発！240分,MIZD-197 S級美女が腰ハネ絶頂！射精直前の激ピストン中出し111連発！240分,MIZD-197,,2020-08-08,240分鐘,,ムーディーズ,MOODYZ Best,,合集、美少女、數位馬賽克、中出、4小時以上作品、DMM獨家,多人,https://www.javbus.com/MIZD-197,
MBYD-315 友人の母 息子の友人に犯●れ、幾度もイカされてしまったんです…8作品豪華8時間BEST,MBYD-315 友人の母 息子の友人に犯●れ、幾度もイカされてしまったんです…8作品豪華8時間BEST,MBYD-315,,2020-08-08,480分鐘,,溜池ゴロー,溜池ゴロー,友人の母,成熟的女人、合集、已婚婦女、通姦、凌辱、4小時以上作品、出軌、DMM獨家,多人,https://www.javbus.com/MBYD-315,
DASD-709 催淫洗脳された媚肉女たちは更に淫乱ビッチになっていた その後…,DASD-709 催淫洗脳された媚肉女たちは更に淫乱ビッチになっていた その後…,DASD-709,,2020-08-08,140分鐘,三島六三郎,ダスッ！,ダスッ！,催●洗脳された○○は嫌がりながらも淫乱ビッチになっていた。,濫交、中出、高畫質、戲劇、巨乳、DMM獨家,多人,https://www.javbus.com/DASD-709,
YMDD-202 ヤリマンワゴンが行く！！ ベストセレクション Vol.2,YMDD-202 ヤリマンワゴンが行く！！ ベストセレクション Vol.2,YMDD-202,,2020-08-07,242分鐘,石切橋博士,桃太郎映像出版,若桃,ヤリマンワゴンが行く！！ハプニング ア ゴーゴー！！,倒追、中出、高畫質、女優ベスト・総集編、DMM獨家,多人,https://www.javbus.com/YMDD-202,
NBES-026 JET映像5周年記念豪華版！厳選！特選！寝取られ作品スーパーBEST 上巻 4枚組16時間 初回限定生産,NBES-026 JET映像5周年記念豪華版！厳選！特選！寝取られ作品スーパーBEST 上巻 4枚組16時間 初回限定生産,NBES-026,,2020-08-01,960分鐘,,JET映像,卍GROUP,○周年記念スーパーBEST,成熟的女人、合集、出軌、戲劇、16時間以上作品、DMM獨家,多人,https://www.javbus.com/NBES-026,
JUSD-886 極上の人妻達と日替わり出会える夢のような1ヵ月！！ Madonna美熟女SEXカレンダー2020 16時間,JUSD-886 極上の人妻達と日替わり出会える夢のような1ヵ月！！ Madonna美熟女SEXカレンダー2020 16時間,JUSD-886,,2020-08-01,960分鐘,,マドンナ,Madonna,Madonna美熟女SEXカレンダー,成熟的女人、合集、已婚婦女、16時間以上作品、巨乳、DMM獨家,多人,https://www.javbus.com/JUSD-886,
ATKD-307 イヤなのに、イヤなのに…無理矢理フェラチオ4時間BEST,ATKD-307 イヤなのに、イヤなのに…無理矢理フェラチオ4時間BEST,ATKD-307,,2020-08-01,240分鐘,,アタッカーズ,Attackers BEST,,口交、合集、凌辱、4小時以上作品、DMM獨家,多人,https://www.javbus.com/ATKD-307,
MIZD-196 終わらない追撃ピストンでイキ果てるオンナ！ 集団輪●レ×プ35連発,MIZD-196 終わらない追撃ピストンでイキ果てるオンナ！ 集団輪●レ×プ35連発,MIZD-196,,2020-07-24,240分鐘,,ムーディーズ,MOODYZ Best,集団輪●レ●プ,監禁、數位馬賽克、拘束、中出、4小時以上作品、高中女生、巨乳、DMM獨家,多人,https://www.javbus.com/MIZD-196,
XRW-903 夫の傍で犯●れアクメするNTR願望妻 5人5時間,XRW-903 夫の傍で犯●れアクメするNTR願望妻 5人5時間,XRW-903,,2020-07-24,301分鐘,萬次郎,レアルワークス,REAL（レアルワークス）,,成熟的女人、已婚婦女、中出、4小時以上作品、高畫質、叔母さん,多人,https://www.javbus.com/XRW-903,
MIAA-284 嫁の連れ子に嫁との激しいセックス見せつけたらママの真似をしたがったので中出し子作りごっこした,MIAA-284 嫁の連れ子に嫁との激しいセックス見せつけたらママの真似をしたがったので中出し子作りごっこした,MIAA-284,,2020-07-24,120分鐘,五右衛門,ムーディーズ,みんなのキカタン,,亂倫、多P、嬌小的、中出、高畫質、出軌、迷你係列、DMM獨家,多人,https://www.javbus.com/MIAA-284,
XRW-901 フェラ＆イラマ淫喉50連発5時間スペシャル！,XRW-901 フェラ＆イラマ淫喉50連発5時間スペシャル！,XRW-901,,2020-07-24,300分鐘,杉ノ木,レアルワークス,REAL（レアルワークス）,,口交、美少女、深喉、4小時以上作品、高畫質、巨乳,多人,https://www.javbus.com/XRW-901,
REAL-737 激動！輪●100タイトル SUPER BEST 8時間,REAL-737 激動！輪●100タイトル SUPER BEST 8時間,REAL-737,,2020-07-24,481分鐘,K太郎,レアルワークス,REAL（レアルワークス）,,紧缚、合集、多P、中出、4小時以上作品、高畫質,多人,https://www.javbus.com/REAL-737,
MDBK-118 男たちの想像を超える美女を派遣！！（秘）サービス無制限発射のデリヘル嬢30人！！ 2,MDBK-118 男たちの想像を超える美女を派遣！！（秘）サービス無制限発射のデリヘル嬢30人！！ 2,MDBK-118,,2020-07-24,241分鐘,K太郎,BAZOOKA,BAZOOKA（バズーカ）,男たちの想像を超える美女を派遣！！,合集、妓女、乳房、中出、4小時以上作品、高畫質,多人,https://www.javbus.com/MDBK-118,
RVH-001 義父と嫁、密着中出し交尾BEST vol.1,RVH-001 義父と嫁、密着中出し交尾BEST vol.1,RVH-001,,2020-07-22,240分鐘,,グローリークエスト,GLORY QUEST,義父と嫁、密着中出し交尾,合集、已婚婦女、中出、4小時以上作品、高畫質、お爺ちゃん,多人,https://www.javbus.com/RVH-001,
CESD-911 新川愛七のレズ解禁 レズ処女を波多野結衣×加藤ももかが奪う同性愛（レズビアン）SEX,CESD-911 新川愛七のレズ解禁 レズ処女を波多野結衣×加藤ももかが奪う同性愛（レズビアン）SEX,CESD-911,,2020-07-20,177分鐘,,セレブの友,セレブの友,○○のレズ処女を××が奪う同性愛（レズビアン）SEX,成熟的女人、女同性戀、花癡、多P、女同接吻、DMM獨家,多人,https://www.javbus.com/CESD-911,
DGCESD-911 ★配信限定！特典映像付★ 新川愛七のレズ処女を波多野結衣×加藤ももかが奪う同性愛（レズビアン）SEX,DGCESD-911 ★配信限定！特典映像付★ 新川愛七のレズ処女を波多野結衣×加藤ももかが奪う同性愛（レズビアン）SEX,DGCESD-911,,2020-07-20,200分鐘,,セレブの友,,,成熟的女人、女同性戀、花癡、多P、女同接吻、高畫質、DMM獨家,多人,https://www.javbus.com/DGCESD-911,
LZBS-061 レズれ！7周年記念スペシャル 最高の凄テクレズビアン60組10時間BEST 業界最高峰！絶対に抜ける女神プレイ,LZBS-061 レズれ！7周年記念スペシャル 最高の凄テクレズビアン60組10時間BEST 業界最高峰！絶対に抜ける女神プレイ,LZBS-061,,2020-07-17,600分鐘,,レズれ！,レズれ！ ベスト,,女同性戀、合集、花癡、4小時以上作品、巨乳、DMM獨家,多人,https://www.javbus.com/LZBS-061,
KMVR-944 【VR】口マ○コ満喫作品大集合！！神舌21名 口内天国 ～FEELING HEAVEN BEST～,KMVR-944 【VR】口マ○コ満喫作品大集合！！神舌21名 口内天国 ～FEELING HEAVEN BEST～,KMVR-944,,2020-07-17,235分鐘,K太郎,ケイ・エム・プロデュース,KMPVR,,口交、其他戀物癖、合集、美少女、羞恥、VR専用、ハイクオリティVR,多人,https://www.javbus.com/KMVR-944,
DDT-633 無限快楽！イキまくり限界突破！！ 拘束イカセガチイキ狂いM女100人8時間,DDT-633 無限快楽！イキまくり限界突破！！ 拘束イカセガチイキ狂いM女100人8時間,DDT-633,,2020-07-17,492分鐘,,ドグマ,Dogma,,合集、花癡、拘束、4小時以上作品、高畫質、汗だく、DMM獨家,多人,https://www.javbus.com/DDT-633,
KMVR-940 【VR】様々なコスチューム姿で萌え×2プレイを繰り広げる！生挿入でコスプレ中出し！！抜ける萌えコスSUPER BEST,KMVR-940 【VR】様々なコスチューム姿で萌え×2プレイを繰り広げる！生挿入でコスプレ中出し！！抜ける萌えコスSUPER BEST,KMVR-940,,2020-07-16,181分鐘,K太郎,ケイ・エム・プロデュース,KMPVR,VR BEST,角色扮演、合集、多P、美少女、中出、VR専用、ハイクオリティVR,多人,https://www.javbus.com/KMVR-940,
MBYD-313 「お願い中にだけは出さないで…」無理やり寝取って孕ませる人妻中出しレ×プ40連発,MBYD-313 「お願い中にだけは出さないで…」無理やり寝取って孕ませる人妻中出しレ×プ40連発,MBYD-313,,2020-07-11,240分鐘,,溜池ゴロー,溜池ゴロー,,合集、已婚婦女、中出、4小時以上作品、出軌、DMM獨家,多人,https://www.javbus.com/MBYD-313,
OVG-143 どんな女でも絶対にイカせる玩具で何度もガチイキするアヘ顔晒しオナニー,OVG-143 どんな女でも絶対にイカせる玩具で何度もガチイキするアヘ顔晒しオナニー,OVG-143,,2020-07-08,239分鐘,,グローリークエスト,GLORY QUEST,,蕩婦、玩具、4小時以上作品、高畫質、アクメ・オーガズム、自慰,多人,https://www.javbus.com/OVG-143,
MUCH-102 巨乳の美人ママ10人と連続セックス8時間2枚組,MUCH-102 巨乳の美人ママ10人と連続セックス8時間2枚組,MUCH-102,,2020-07-07,482分鐘,,マザー,ムチムッチ,,母親、合集、亂倫、4小時以上作品、高畫質、巨乳,多人,https://www.javbus.com/MUCH-102,
ATKD-306 少年の心を忘れない！ 厳選ヒロイン、8時間凌●スペシャル！,ATKD-306 少年の心を忘れない！ 厳選ヒロイン、8時間凌●スペシャル！,ATKD-306,,2020-07-04,480分鐘,,アタッカーズ,Attackers BEST,ATTACKERS THE BEST,各種職業、凌辱、4小時以上作品、DMM獨家,多人,https://www.javbus.com/ATKD-306,
PBD-372 ささやき淫語で何度も中出しさせられる毎日BEST,PBD-372 ささやき淫語で何度も中出しさせられる毎日BEST,PBD-372,,2020-07-04,240分鐘,,プレミアム,PREMIUM BEST,,合集、淫語、姐姐、數位馬賽克、中出、女上位、4小時以上作品、キス・接吻、DMM獨家,多人,https://www.javbus.com/PBD-372,
PBD-371 射精してからが本番！敏感おチ○ポ勝手にこねくり 痴女テク男潮吹き4時間,PBD-371 射精してからが本番！敏感おチ○ポ勝手にこねくり 痴女テク男潮吹き4時間,PBD-371,,2020-07-04,240分鐘,,プレミアム,PREMIUM BEST,,蕩婦、潮吹、合集、淫語、姐姐、數位馬賽克、4小時以上作品、DMM獨家、打手槍,多人,https://www.javbus.com/PBD-371,
BBSS-037 ビビアン 2019年下半期コンプリートBEST 8時間 全作品の濃厚レズビアンセックス厳選収録,BBSS-037 ビビアン 2019年下半期コンプリートBEST 8時間 全作品の濃厚レズビアンセックス厳選収録,BBSS-037,,2020-07-04,480分鐘,,ビビアン,ビビアン,ビビアン ○半期コンプリートBEST,女同性戀、合集、4小時以上作品、女同接吻、DMM獨家,多人,https://www.javbus.com/BBSS-037,
DKSB-062 カルト！？奇抜！？超ド級の変態SEXベストコレクション！！世にも不思議な未知なるSEXワールドを貴方へ！！,DKSB-062 カルト！？奇抜！？超ド級の変態SEXベストコレクション！！世にも不思議な未知なるSEXワールドを貴方へ！！,DKSB-062,,2020-07-01,285分鐘,,OFFICE K’S,K’S BEST,,其他戀物癖、合集、高畫質,多人,https://www.javbus.com/DKSB-062,
KMVR-904 【VR】性欲開放！ 歯止めが効かないオナニーライフ！！ ノーカット4作品 厳選有名女優 ULTRA BEST 311分,KMVR-904 【VR】性欲開放！ 歯止めが効かないオナニーライフ！！ ノーカット4作品 厳選有名女優 ULTRA BEST 311分,KMVR-904,,2020-06-30,315分鐘,K太郎,ケイ・エム・プロデュース,KMPVR,VR BEST,合集、美少女、乳房、中出、VR専用、ハイクオリティVR,多人,https://www.javbus.com/KMVR-904,
MIZD-192 勝手にしゃぶり続ける痴女ギャル暴走フェラBEST,MIZD-192 勝手にしゃぶり続ける痴女ギャル暴走フェラBEST,MIZD-192,,2020-06-27,240分鐘,,ムーディーズ,MOODYZ Best,,蕩婦、口交、合集、淫語、花癡、數位馬賽克、4小時以上作品、DMM獨家、女生,多人,https://www.javbus.com/MIZD-192,
BMW-208 凄テク痴女の乳首舐め手コキ 超絶ペロペロW責めドックドク大量射精BEST,BMW-208 凄テク痴女の乳首舐め手コキ 超絶ペロペロW責めドックドク大量射精BEST,BMW-208,,2020-06-27,240分鐘,,ワンズファクトリー,WANZ,,蕩婦、合集、淫語、美少女、4小時以上作品、キス・接吻、DMM獨家、打手槍,多人,https://www.javbus.com/BMW-208,
HMD-044 衝撃！！ 人妻レ●プ事件 無理矢理に犯●れ望まない快楽に悶絶イキ！！ 20人 4時間,HMD-044 衝撃！！ 人妻レ●プ事件 無理矢理に犯●れ望まない快楽に悶絶イキ！！ 20人 4時間,HMD-044,,2020-06-26,241分鐘,,グローバルメディアエンタテインメント,ハイパーミックス（グローバルメディアエンタテインメント）,お得な総集編,成熟的女人、SM、苗條、合集、已婚婦女、數位馬賽克、拘束、凌辱、中出、4小時以上作品、高畫質、出軌、戲劇、巨乳,多人,https://www.javbus.com/HMD-044,
STCEAD-039 【お得セット】セカイの波多野結衣・Twit○erで募集したファンの要望を撮影してみた・一途な姉と身勝手な妹に姉妹丼にされた僕,STCEAD-039 【お得セット】セカイの波多野結衣・Twit○erで募集したファンの要望を撮影してみた・一途な姉と身勝手な妹に姉妹丼にされた僕,STCEAD-039,,2020-06-20,540分鐘,,セレブの友,セレブの友（お得セット）,,蕩婦、纪录片、多P、中出、高畫質、設置項目、巨乳、DMM獨家,多人,https://www.javbus.com/STCEAD-039,
CJOB-067 働くお姉さんに射精させられまくったボク4時間BEST,CJOB-067 働くお姉さんに射精させられまくったボク4時間BEST,CJOB-067,,2020-06-20,240分鐘,,痴女ヘブン,痴女ヘブンBEST,,蕩婦、合集、淫語、姐姐、中出、4小時以上作品、DMM獨家,多人,https://www.javbus.com/CJOB-067,
CJOD-247 逆4P痴女テクでイカせてやんよ！ 波多野結衣が男潮を吹かせながら乳首責めで大槻ひびきが絶頂させトドメのアナル責めで蓮実クレアが●す 完全射精フォーメーション,CJOD-247 逆4P痴女テクでイカせてやんよ！ 波多野結衣が男潮を吹かせながら乳首責めで大槻ひびきが絶頂させトドメのアナル責めで蓮実クレアが●す 完全射精フォーメーション,CJOD-247,,2020-06-20,150分鐘,,痴女ヘブン,痴女ヘブン,,蕩婦、中出、女上位、高畫質、ハーレム、巨乳、DMM獨家,多人,https://www.javbus.com/CJOD-247,
MXSPS-653 MAXING HISTORY Vol.2,MXSPS-653 MAXING HISTORY Vol.2,MXSPS-653,,2020-06-16,241分鐘,,マキシング,MAXING,MAXING HISTORY,美少女、高畫質,多人,https://www.javbus.com/MXSPS-653,
CEAD-308 渚みつきをしゃぶり尽くすベスト967分,CEAD-308 渚みつきをしゃぶり尽くすベスト967分,CEAD-308,,2020-06-12,967分鐘,,セレブの友,セレブの友,●●をしゃぶり尽くすベスト,成熟的女人、美少女、乳房、女優ベスト・総集編、16時間以上作品、DMM獨家、貧乳・微乳,多人,https://www.javbus.com/CEAD-308,
CEAD-309 淫乱痴女のお姉さんは好きですか？完全撮り下ろしガニ股絶頂SEX！！,CEAD-309 淫乱痴女のお姉さんは好きですか？完全撮り下ろしガニ股絶頂SEX！！,CEAD-309,,2020-06-12,189分鐘,,セレブの友,セレブの友,,蕩婦、成熟的女人、中出、巨尻、巨乳、DMM獨家,多人,https://www.javbus.com/CEAD-309,
CEAD-311 黒パンストの下半身が卑猥にクネるオナニー快楽2,CEAD-311 黒パンストの下半身が卑猥にクネるオナニー快楽2,CEAD-311,,2020-06-12,221分鐘,,セレブの友,セレブの友,黒パンストの下半身が卑猥にクネるオナニー快楽,成熟的女人、淫語、連褲襪、戀腿癖、DMM獨家、自慰,多人,https://www.javbus.com/CEAD-311,
PBD-369 美女のおっぱい揺らしながら射精したい！4時間BEST,PBD-369 美女のおっぱい揺らしながら射精したい！4時間BEST,PBD-369,,2020-06-06,240分鐘,,プレミアム,PREMIUM BEST,,合集、姐姐、數位馬賽克、乳房、中出、4小時以上作品、巨乳、DMM獨家,多人,https://www.javbus.com/PBD-369,
BBSS-036 レズビアンに囚われた女潜入捜査官たち 4時間,BBSS-036 レズビアンに囚われた女潜入捜査官たち 4時間,BBSS-036,,2020-06-06,240分鐘,,ビビアン,ビビアン,レズビアンに囚われた女潜入捜査官,女同性戀、女檢察官、4小時以上作品、女同接吻、DMM獨家,多人,https://www.javbus.com/BBSS-036,
ATKD-304 オッパイはデッカイ方がいいに決まってる！ 厳選巨乳、8時間凌●スペシャル！,ATKD-304 オッパイはデッカイ方がいいに決まってる！ 厳選巨乳、8時間凌●スペシャル！,ATKD-304,,2020-06-06,480分鐘,,アタッカーズ,Attackers BEST,ATTACKERS THE BEST,乳房、凌辱、4小時以上作品、巨乳、DMM獨家,多人,https://www.javbus.com/ATKD-304,
PBD-370 追撃！上下W責め！ノーハンド！痴女テクフルコンボ セックスよりも気持ちイイフェラ240分～完全受け身で発射したいアナタのための超！積極おしゃぶりBEST～,PBD-370 追撃！上下W責め！ノーハンド！痴女テクフルコンボ セックスよりも気持ちイイフェラ240分～完全受け身で発射したいアナタのための超！積極おしゃぶりBEST～,PBD-370,,2020-06-06,240分鐘,,プレミアム,PREMIUM BEST,,蕩婦、口交、合集、姐姐、數位馬賽克、4小時以上作品、眼鏡、DMM獨家,多人,https://www.javbus.com/PBD-370,
MIZD-188 痴女二人に挟み撃ちされて身動き出来ずに射精させられるボク4時間,MIZD-188 痴女二人に挟み撃ちされて身動き出来ずに射精させられるボク4時間,MIZD-188,,2020-05-30,240分鐘,,ムーディーズ,MOODYZ Best,,蕩婦、口交、合集、多P、數位馬賽克、4小時以上作品、DMM獨家、打手槍,多人,https://www.javbus.com/MIZD-188,
BMW-206 「もう射精してるってばぁ」追撃男潮スプラッシュ50発BEST,BMW-206 「もう射精してるってばぁ」追撃男潮スプラッシュ50発BEST,BMW-206,,2020-05-30,240分鐘,,ワンズファクトリー,WANZ,,蕩婦、潮吹、合集、花癡、中出、4小時以上作品、DMM獨家,多人,https://www.javbus.com/BMW-206,
HEZ-180 綺麗なおばさんが優しくねっとりしてあげる ガチ童貞筆下ろしドキュメント6,HEZ-180 綺麗なおばさんが優しくねっとりしてあげる ガチ童貞筆下ろしドキュメント6,HEZ-180,,2020-05-28,306分鐘,円一輝,ホットエンターテイメント,ホットエンターテイメント,綺麗なおばさんが優しくねっとりしてあげる ガチ童貞筆下ろしドキュメント,企畫、成熟的女人、業餘、口交、高畫質、處男、故事集,多人,https://www.javbus.com/HEZ-180,
CEAD-305 完全撮り下ろし！ヌルヌルのオイルまみれ美女 挑発オナニー7連発！！,CEAD-305 完全撮り下ろし！ヌルヌルのオイルまみれ美女 挑発オナニー7連発！！,CEAD-305,,2020-05-24,139分鐘,,セレブの友,セレブの友,,成熟的女人、淫語、巨尻、巨乳、DMM獨家、自慰,多人,https://www.javbus.com/CEAD-305,
CEAD-302 野々原なずなをしゃぶり尽くすベスト948分,CEAD-302 野々原なずなをしゃぶり尽くすベスト948分,CEAD-302,,2020-05-24,948分鐘,,セレブの友,セレブの友,●●をしゃぶり尽くすベスト,成熟的女人、乳交、中出、4小時以上作品、女優ベスト・総集編、巨乳、DMM獨家,多人,https://www.javbus.com/CEAD-302,
JUSD-877 2019年Madonna全394タイトル 12時間 ￥1980,JUSD-877 2019年Madonna全394タイトル 12時間 ￥1980,JUSD-877,,2020-05-23,720分鐘,,マドンナ,Madonna,,成熟的女人、合集、各種職業、已婚婦女、數位馬賽克、4小時以上作品、DMM獨家,多人,https://www.javbus.com/JUSD-877,
HNDB-162 2019年【本中】下半期傑作選！全114発！！2019年8月～2020年1月,HNDB-162 2019年【本中】下半期傑作選！全114発！！2019年8月～2020年1月,HNDB-162,,2020-05-23,480分鐘,,本中,本中,本中半期傑作集！,口交、合集、美少女、數位馬賽克、中出、4小時以上作品、DMM獨家,多人,https://www.javbus.com/HNDB-162,
CJOB-065 集団痴女に囲まれて射精するオモチャにされたボク4時間BEST,CJOB-065 集団痴女に囲まれて射精するオモチャにされたボク4時間BEST,CJOB-065,,2020-05-23,240分鐘,,痴女ヘブン,痴女ヘブンBEST,,蕩婦、合集、姐姐、4小時以上作品、ハーレム、巨乳、DMM獨家,多人,https://www.javbus.com/CJOB-065,
LZPL-052 レズに目覚めた新人OLそっちのけで女上司2人が杭打ちしまくるおあずけ騎乗位ペニバンレズ,LZPL-052 レズに目覚めた新人OLそっちのけで女上司2人が杭打ちしまくるおあずけ騎乗位ペニバンレズ,LZPL-052,,2020-05-17,140分鐘,真咲南朋,レズれ！,レズれ！プレイ,,蕩婦、女同性戀、潮吹、女上位、女同接吻、DMM獨家,多人,https://www.javbus.com/LZPL-052,
DDT-632 限界突破シリーズ第一弾 イラマチオ全集 喉奥限界突破100人,DDT-632 限界突破シリーズ第一弾 イラマチオ全集 喉奥限界突破100人,DDT-632,,2020-05-17,504分鐘,,ドグマ,Dogma,,口交、合集、深喉、羞恥、4小時以上作品、高畫質、DMM獨家,多人,https://www.javbus.com/DDT-632,
RBB-181 名誉肉便器8時間 お前の体は俺のモノ！お前のマ○コも俺のモノ！俺のヤリたいように犯●れろ！,RBB-181 名誉肉便器8時間 お前の体は俺のモノ！お前のマ○コも俺のモノ！俺のヤリたいように犯●れろ！,RBB-181,,2020-05-16,480分鐘,,ROOKIE,ROOKIE,ROOKIEベスト,SM、合集、拘束、凌辱、羞恥、4小時以上作品、DMM獨家,多人,https://www.javbus.com/RBB-181,
MXSPS-650 拘束された美女たち 5人 4時間,MXSPS-650 拘束された美女たち 5人 4時間,MXSPS-650,,2020-05-16,241分鐘,,マキシング,MAXING,拘束され身動きが取れない状況でビクビク痙攣イキする素直なオマ●コ,美少女、高畫質,多人,https://www.javbus.com/MXSPS-650,
CEAD-299 森沢かなをしゃぶり尽くすベスト959分,CEAD-299 森沢かなをしゃぶり尽くすベスト959分,CEAD-299,,2020-05-10,959分鐘,,セレブの友,セレブの友,●●をしゃぶり尽くすベスト,成熟的女人、乳房、中出、4小時以上作品、出軌、女優ベスト・総集編、DMM獨家,多人,https://www.javbus.com/CEAD-299,
KMVR-858 【VR】JOI 天井特化アングルVR,KMVR-858 【VR】JOI 天井特化アングルVR,KMVR-858,,2020-05-10,101分鐘,,ケイ・エム・プロデュース,KMPVR,,淫語、姐姐、乳房、主觀視角、VR専用、オナサポ、ハイクオリティVR,多人,https://www.javbus.com/KMVR-858,
DVAJ-458 誰もが一度は夢を見た！憧れの美しい先生とのセックスレッスン5時間,DVAJ-458 誰もが一度は夢を見た！憧れの美しい先生とのセックスレッスン5時間,DVAJ-458,,2020-05-10,300分鐘,神田うさぎ,アリスJAPAN,アリスJAPAN,,家教、女教師、合集、4小時以上作品、高畫質、DMM獨家,多人,https://www.javbus.com/DVAJ-458,
CEAD-300 羽生ありさをしゃぶり尽くすベスト914分,CEAD-300 羽生ありさをしゃぶり尽くすベスト914分,CEAD-300,,2020-05-10,914分鐘,,セレブの友,セレブの友,●●をしゃぶり尽くすベスト,成熟的女人、4小時以上作品、超乳、女優ベスト・総集編、肛内中出、巨乳、DMM獨家,多人,https://www.javbus.com/CEAD-300,
MIZD-186 S級美女達が何度も何度もヌイてくれる無制限射精メンズエステBEST,MIZD-186 S級美女達が何度も何度もヌイてくれる無制限射精メンズエステBEST,MIZD-186,,2020-05-09,240分鐘,,ムーディーズ,MOODYZ Best,,蕩婦、合集、淫語、美少女、數位馬賽克、4小時以上作品、美容院、DMM獨家,多人,https://www.javbus.com/MIZD-186,
MMB-302 お前がイク！ イク！ 何度も言うから何回イッたか数えたったわ！ 業界初！ イクイクカウンター搭載！ 淫乱痴女イキまくり選手権,MMB-302 お前がイク！ イク！ 何度も言うから何回イッたか数えたったわ！ 業界初！ イクイクカウンター搭載！ 淫乱痴女イキまくり選手権,MMB-302,,2020-05-03,240分鐘,石切橋博士,桃太郎映像出版,桃太郎ベスト,,蕩婦、企畫、合集、花癡、4小時以上作品、高畫質、DMM獨家,多人,https://www.javbus.com/MMB-302,
ATKD-302 性格の悪い女を犯したい！ 厳選高慢美女、8時間凌●スペシャル！,ATKD-302 性格の悪い女を犯したい！ 厳選高慢美女、8時間凌●スペシャル！,ATKD-302,,2020-05-02,480分鐘,,アタッカーズ,Attackers BEST,ATTACKERS THE BEST,已婚婦女、凌辱、4小時以上作品、戲劇、DMM獨家,多人,https://www.javbus.com/ATKD-302,
JUSD-875 舐めてしゃぶってタマまで伝う人妻の最高に気持ちいい射精直前！！フェラチオラッシュ276連発 8時間,JUSD-875 舐めてしゃぶってタマまで伝う人妻の最高に気持ちいい射精直前！！フェラチオラッシュ276連発 8時間,JUSD-875,,2020-05-02,480分鐘,,マドンナ,Madonna,,成熟的女人、口交、合集、已婚婦女、數位馬賽克、4小時以上作品、高畫質、顏射、DMM獨家,多人,https://www.javbus.com/JUSD-875,
VRVRP-001 【VR】人気女優30人 見せつけ指オナニーコレクション 300分,VRVRP-001 【VR】人気女優30人 見せつけ指オナニーコレクション 300分,VRVRP-001,,2020-04-27,307分鐘,すっとるね岩永,V＆R PRODUCE,3D V＆R VR,,戀乳癖、屁股、巨尻、VR専用、巨乳、自慰、肛交、局部特寫,多人,https://www.javbus.com/VRVRP-001,
BMW-204 痙攣する膣奥に大量射精！ 射精直前の追撃ピストン中出しBEST,BMW-204 痙攣する膣奥に大量射精！ 射精直前の追撃ピストン中出しBEST,BMW-204,,2020-04-25,480分鐘,,ワンズファクトリー,WANZ,,合集、中出、4小時以上作品、高中女生、巨乳、DMM獨家,多人,https://www.javbus.com/BMW-204,
BMW-203 オトコの敏感スポット集中刺激！！ 乳首イジくり痴女責めラッシュ4時間,BMW-203 オトコの敏感スポット集中刺激！！ 乳首イジくり痴女責めラッシュ4時間,BMW-203,,2020-04-25,240分鐘,,ワンズファクトリー,WANZ,,蕩婦、口交、女上位、4小時以上作品、M男、DMM獨家、打手槍,多人,https://www.javbus.com/BMW-203,
XRW-865 スペルマ大好き熟女20人のスケベで下品な口べっちょ4時間,XRW-865 スペルマ大好き熟女20人のスケベで下品な口べっちょ4時間,XRW-865,,2020-04-24,245分鐘,萬次郎,レアルワークス,REAL（レアルワークス）,,已婚婦女、深喉、通姦、4小時以上作品、高畫質、キス・接吻,多人,https://www.javbus.com/XRW-865,
CESD-893 いつも綺麗なあの娘がメイクを落とした素顔を晒す…可愛いすっぴん顔にぶっかけ顔射SEX！！,CESD-893 いつも綺麗なあの娘がメイクを落とした素顔を晒す…可愛いすっぴん顔にぶっかけ顔射SEX！！,CESD-893,,2020-04-20,192分鐘,,セレブの友,セレブの友,,成熟的女人、羞恥、顏射、故事集、巨尻、DMM獨家,多人,https://www.javbus.com/CESD-893,
AVSA-131 手違いでお店のHPにNN可とアイコンを付けられてしまってスケベな客のイカ臭い精子を断り切れずにどくどくと注ぎ込まれたナマ中出しデリヘル妻 BEST,AVSA-131 手違いでお店のHPにNN可とアイコンを付けられてしまってスケベな客のイカ臭い精子を断り切れずにどくどくと注ぎ込まれたナマ中出しデリヘル妻 BEST,AVSA-131,,2020-04-20,241分鐘,藤岡ららん,AVS collector’s,AVSCollector’s,ナマ中出しデリヘル妻,成熟的女人、合集、妓女、中出、4小時以上作品、高畫質、DMM獨家,多人,https://www.javbus.com/AVSA-131,
CJOB-062 痴女の命令で中出しするまで強●腰振りラストスパート72発BEST,CJOB-062 痴女の命令で中出しするまで強●腰振りラストスパート72発BEST,CJOB-062,,2020-04-19,240分鐘,,痴女ヘブン,痴女ヘブンBEST,,蕩婦、合集、姐姐、中出、4小時以上作品、巨乳、DMM獨家,多人,https://www.javbus.com/CJOB-062,
PPBD-181 2019年OPPAI作品コンプリートSEXラッシュBEST8時間,PPBD-181 2019年OPPAI作品コンプリートSEXラッシュBEST8時間,PPBD-181,,2020-04-16,480分鐘,,OPPAI,OPPAI,,蕩婦、乳交、合集、中出、4小時以上作品、巨乳、DMM獨家,多人,https://www.javbus.com/PPBD-181,
MXSPS-647 MAXING HISTORY Vol.1,MXSPS-647 MAXING HISTORY Vol.1,MXSPS-647,,2020-04-16,246分鐘,,マキシング,MAXING,,美少女、高畫質,多人,https://www.javbus.com/MXSPS-647,
OVG-135 ディープキス手コキII,OVG-135 ディープキス手コキII,OVG-135,,2020-04-15,121分鐘,,グローリークエスト,GLORY QUEST,ディープキス手コキ,蕩婦、高畫質、キス・接吻、DMM獨家、打手槍,多人,https://www.javbus.com/OVG-135,
GVH-061 三世代近親相姦II,GVH-061 三世代近親相姦II,GVH-061,,2020-04-15,130分鐘,黄桜花瓶,グローリークエスト,GLORY QUEST,三世代近親相姦,亂倫、多P、中出、高畫質、戲劇、巨乳、DMM獨家,多人,https://www.javbus.com/GVH-061,
CESD-888 女が女を本気で愛する最高の美的同性愛,CESD-888 女が女を本気で愛する最高の美的同性愛,CESD-888,,2020-04-12,202分鐘,,セレブの友,セレブの友,,成熟的女人、女同性戀、舔陰、女同接吻、巨乳、DMM獨家,多人,https://www.javbus.com/CESD-888,
MIZD-182 男は黙って勃てるだけ！仁王立ちフェラ115発,MIZD-182 男は黙って勃てるだけ！仁王立ちフェラ115発,MIZD-182,,2020-04-11,480分鐘,,ムーディーズ,MOODYZ Best,,蕩婦、口交、合集、美少女、數位馬賽克、4小時以上作品、巨乳、DMM獨家,多人,https://www.javbus.com/MIZD-182,
KRBV-323 非現実的妄想劇場 アナタの願望叶えます！す～っごいHなコトをい～っぱい集めて総集編にしちゃいました！8時間46人収録,KRBV-323 非現実的妄想劇場 アナタの願望叶えます！す～っごいHなコトをい～っぱい集めて総集編にしちゃいました！8時間46人収録,KRBV-323,,2020-04-11,480分鐘,,カルマ,卍GROUP,非現実的妄想劇場,企畫、合集、妄想、中出、4小時以上作品、巨乳、DMM獨家,多人,https://www.javbus.com/KRBV-323,
KMVR-855 【VR】粘液で濡れたベロを見ながらノーモザイクでねっとりと指フェラをしてもらうVR,KMVR-855 【VR】粘液で濡れたベロを見ながらノーモザイクでねっとりと指フェラをしてもらうVR,KMVR-855,,2020-04-10,68分鐘,,ケイ・エム・プロデュース,KMPVR,,口交、其他戀物癖、美少女、羞恥、VR専用、ハイクオリティVR,多人,https://www.javbus.com/KMVR-855,
KMVR-822 【VR】感謝を込めて夢の大放出祭！！世界に誇る激アツ作品！！神全裸タイトル×4盛り盛り！！全編ノーカットBEST 316分,KMVR-822 【VR】感謝を込めて夢の大放出祭！！世界に誇る激アツ作品！！神全裸タイトル×4盛り盛り！！全編ノーカットBEST 316分,KMVR-822,,2020-04-06,319分鐘,,ケイ・エム・プロデュース,KMPVR,VR BEST,合集、美少女、乳房、女上位、VR専用、ハイクオリティVR,多人,https://www.javbus.com/KMVR-822,
MMB-297 エロが好きだからエロを仕事に選んだAV女優たちの中でもとりわけエロが大好きな12人,MMB-297 エロが好きだからエロを仕事に選んだAV女優たちの中でもとりわけエロが大好きな12人,MMB-297,,2020-04-05,240分鐘,石切橋博士,桃太郎映像出版,桃太郎ベスト,,合集、乳房、4小時以上作品、故事集、DMM獨家,多人,https://www.javbus.com/MMB-297,
CADV-759 近親妊姦～夫に内緒で義父と妊活情事をくりかえす嫁 5人4時間,CADV-759 近親妊姦～夫に内緒で義父と妊活情事をくりかえす嫁 5人4時間,CADV-759,,2020-04-02,239分鐘,,クリスタル映像,CRYSTAL EX,,合集、亂倫、已婚婦女、4小時以上作品、高畫質、出軌,多人,https://www.javbus.com/CADV-759,
STCESD-084 【お得セット】人気AV女優限定！無礼講すぎる大乱交合コン・2・ロケットおっぱい限定！美巨乳合コン大乱交,STCESD-084 【お得セット】人気AV女優限定！無礼講すぎる大乱交合コン・2・ロケットおっぱい限定！美巨乳合コン大乱交,STCESD-084,,2020-03-30,438分鐘,,セレブの友,セレブの友（お得セット）,,成熟的女人、放尿、濫交、纪录片、高畫質、設置項目、巨乳、DMM獨家,多人,https://www.javbus.com/STCESD-084,
MIZD-180 確実にイク！女に一番人気のある前戯 人気女優のクンニ絶頂シーン128連発240分,MIZD-180 確実にイク！女に一番人気のある前戯 人気女優のクンニ絶頂シーン128連発240分,MIZD-180,,2020-03-28,240分鐘,,ムーディーズ,MOODYZ Best,,潮吹、合集、數位馬賽克、舔陰、4小時以上作品、DMM獨家、局部特寫,多人,https://www.javbus.com/MIZD-180,
MAXVR-056 【VR】パンストBEST,MAXVR-056 【VR】パンストBEST,MAXVR-056,,2020-03-25,141分鐘,トロモロコシ,マックスエー,MAX-AVR,,合集、連褲襪、中出、VR専用、ハイクオリティVR、DMM獨家、局部特寫,多人,https://www.javbus.com/MAXVR-056,
AVS-023 AVSCollector’s2019年間 SPECIAL BESTカタログ,AVS-023 AVSCollector’s2019年間 SPECIAL BESTカタログ,AVS-023,,2020-03-22,240分鐘,,AVS collector’s,AVS,エーヴィエスカタログ,成熟的女人、胖女人、合集、中出、4小時以上作品、高畫質、DMM獨家,多人,https://www.javbus.com/AVS-023,
SAL-245 ドMなニューハーフたちの緊縛×拷問×爆射精SEX22時間26分,SAL-245 ドMなニューハーフたちの緊縛×拷問×爆射精SEX22時間26分,SAL-245,,2020-03-22,1346分鐘,,SHEMALE a la carte,SHEMALE a la carte,,SM、紧缚、變性者、女裝人妖、肛内中出、16時間以上作品、DMM獨家,多人,https://www.javbus.com/SAL-245,
JUSD-868 2019年下半期全206タイトルBEST8時間,JUSD-868 2019年下半期全206タイトルBEST8時間,JUSD-868,,2020-03-21,480分鐘,,マドンナ,Madonna,マドンナ○半期,成熟的女人、合集、各種職業、已婚婦女、數位馬賽克、4小時以上作品、戲劇、DMM獨家,多人,https://www.javbus.com/JUSD-868,
CJOB-060 じっくり高めるフェラチオBEST66発,CJOB-060 じっくり高めるフェラチオBEST66発,CJOB-060,,2020-03-21,240分鐘,,痴女ヘブン,痴女ヘブンBEST,,蕩婦、口交、合集、4小時以上作品、M男、DMM獨家,多人,https://www.javbus.com/CJOB-060,
CJOD-232 出張先のビジネスホテルで女上司2人とまさかの相部屋W杭打ち騎乗位で朝まで中出しされるボク…。3 波多野結衣 晶エリー,CJOD-232 出張先のビジネスホテルで女上司2人とまさかの相部屋W杭打ち騎乗位で朝まで中出しされるボク…。3 波多野結衣 晶エリー,CJOD-232,,2020-03-21,150分鐘,真咲南朋,痴女ヘブン,痴女ヘブン,出張先のビジネスホテルで女上司2人とまさかの相部屋,蕩婦、姐姐、中出、女上位、高畫質、巨尻、女上司、DMM獨家,多人,https://www.javbus.com/CJOD-232,
RVG-113 Ma○ko Device Bondage BEST vol.1,RVG-113 Ma○ko Device Bondage BEST vol.1,RVG-113,,2020-03-18,480分鐘,,グローリークエスト,GLORY QUEST,Ma○ko Device Bondage,合集、花癡、多P、拘束、4小時以上作品、高畫質,多人,https://www.javbus.com/RVG-113,
RBB-177 いやぁ！！だめだめだめぇぇぇっ！！！！ 中出しを嫌がり必死に抵抗する女を完全絶望させる中出し8時間（RBB-177）,RBB-177 いやぁ！！だめだめだめぇぇぇっ！！！！ 中出しを嫌がり必死に抵抗する女を完全絶望させる中出し8時間（RBB-177）,RBB-177,,2020-03-14,480分鐘,,ROOKIE,ROOKIE,中出しを嫌がり必死に抵抗する女,合集、凌辱、中出、4小時以上作品、DMM獨家,多人,https://www.javbus.com/RBB-177,
RBB-176 SSS級女優70人以上のSEXに溺れて気持ちヨガっている姿丸出し！美乳巨乳美尻巨尻のパーフェクトボディーセックス8時間,RBB-176 SSS級女優70人以上のSEXに溺れて気持ちヨガっている姿丸出し！美乳巨乳美尻巨尻のパーフェクトボディーセックス8時間,RBB-176,,2020-03-14,480分鐘,,ROOKIE,ROOKIE,ROOKIEベスト,口交、其他戀物癖、4小時以上作品、巨乳、DMM獨家,多人,https://www.javbus.com/RBB-176,
PPBD-180 射精直前のおっぱい爆揺れバックピストンBEST120連発,PPBD-180 射精直前のおっぱい爆揺れバックピストンBEST120連発,PPBD-180,,2020-03-14,240分鐘,,OPPAI,OPPAI,,蕩婦、合集、戀乳癖、中出、4小時以上作品、巨乳、DMM獨家,多人,https://www.javbus.com/PPBD-180,
KMVR-790 【VR】覆い被さり正常位視点VR,KMVR-790 【VR】覆い被さり正常位視点VR,KMVR-790,,2020-03-10,96分鐘,,ケイ・エム・プロデュース,KMPVR,,乳房、羞恥、女優按摩棒、主觀視角、VR専用、ハイクオリティVR,多人,https://www.javbus.com/KMVR-790,
CESD-874 私たち男子禁制のシェアハウスに住んでるけど男連れ込んで顔射SEXしてます みひな 波多野結衣 大槻ひびき,CESD-874 私たち男子禁制のシェアハウスに住んでるけど男連れ込んで顔射SEXしてます みひな 波多野結衣 大槻ひびき,CESD-874,,2020-03-09,147分鐘,,セレブの友,セレブの友,,蕩婦、成熟的女人、花癡、高畫質、顏射、巨尻、DMM獨家,多人,https://www.javbus.com/CESD-874,
IDBD-816 アナタ1人v.s女神達のハーレムSEX,IDBD-816 アナタ1人v.s女神達のハーレムSEX,IDBD-816,,2020-03-08,240分鐘,,アイデアポケット,アイデアポケットBEST,,口交、合集、數位馬賽克、女上位、4小時以上作品、ハーレム、DMM獨家,多人,https://www.javbus.com/IDBD-816,
ATKD-299 調教の果てに堕ちた女たち8時間-完堕-,ATKD-299 調教の果てに堕ちた女たち8時間-完堕-,ATKD-299,,2020-03-05,480分鐘,,アタッカーズ,Attackers BEST,,合集、美少女、4小時以上作品、巨乳、DMM獨家,多人,https://www.javbus.com/ATKD-299,
PBD-365 最新・最上級 濃厚精子 中出しエッセンシャル20,PBD-365 最新・最上級 濃厚精子 中出しエッセンシャル20,PBD-365,,2020-03-05,240分鐘,,プレミアム,PREMIUM BEST,,合集、姐姐、美少女、數位馬賽克、中出、4小時以上作品、巨乳、DMM獨家,多人,https://www.javbus.com/PBD-365,
JUSD-866 出張先のビジネスホテルでずっと憧れていた女上司とまさかまさかの相部屋宿泊 総集編 8時間,JUSD-866 出張先のビジネスホテルでずっと憧れていた女上司とまさかまさかの相部屋宿泊 総集編 8時間,JUSD-866,,2020-03-05,480分鐘,,マドンナ,Madonna,出張先のビジネスホテルでずっと憧れていた女上司とまさかまさかの相部屋宿泊,成熟的女人、合集、連褲襪、已婚婦女、數位馬賽克、4小時以上作品、戲劇、女上司、DMM獨家,多人,https://www.javbus.com/JUSD-866,
GRCH-358 GIRL’S CH 監禁・拘束・無理イキ select,GRCH-358 GIRL’S CH 監禁・拘束・無理イキ select,GRCH-358,,2020-03-05,181分鐘,,GIRL’S CH,GIRL’S CH,GIRL’S CH select,合集、監禁、花癡、拘束、高畫質、給女性觀眾,多人,https://www.javbus.com/GRCH-358,
BF-601 あなただけを見つめる主観フェラチオ4時間BEST,BF-601 あなただけを見つめる主観フェラチオ4時間BEST,BF-601,,2020-03-05,240分鐘,,BeFree,BeFree,,口交、合集、4小時以上作品、主觀視角、DMM獨家,多人,https://www.javbus.com/BF-601,
NACX-049 魅惑のボディで全力運動！全裸エクササイズ64人8時間2枚組,NACX-049 魅惑のボディで全力運動！全裸エクササイズ64人8時間2枚組,NACX-049,,2020-03-01,482分鐘,,プラネットプラス,七狗留,,其他戀物癖、合集、乳房、4小時以上作品、高畫質、巨乳,多人,https://www.javbus.com/NACX-049,
VVVD-177 フィスト！アナル！飲尿！超過激レズ拷問神BEST！10タイトル8時間,VVVD-177 フィスト！アナル！飲尿！超過激レズ拷問神BEST！10タイトル8時間,VVVD-177,,2020-02-29,480分鐘,,ヴィ,V,神BEST,女同性戀、飲尿、合集、拳交、4小時以上作品、DMM獨家,多人,https://www.javbus.com/VVVD-177,
BMW-199 2019年作品完全コンプリート 中出しSEXベスト8時間,BMW-199 2019年作品完全コンプリート 中出しSEXベスト8時間,BMW-199,,2020-02-29,480分鐘,,ワンズファクトリー,WANZ,,濫交、合集、中出、4小時以上作品、巨乳、DMM獨家,多人,https://www.javbus.com/BMW-199,
MDBK-089 BAZOOKAが誇る超人気女優の極上SEXベスト30選,MDBK-089 BAZOOKAが誇る超人気女優の極上SEXベスト30選,MDBK-089,,2020-02-28,241分鐘,K太郎,メディアステーション,BAZOOKA（バズーカ）,,苗條、合集、4小時以上作品、高畫質、巨乳,多人,https://www.javbus.com/MDBK-089,
REAL-721 REALの真髄 緊縛縄拷問30選 4時間,REAL-721 REALの真髄 緊縛縄拷問30選 4時間,REAL-721,,2020-02-28,241分鐘,K太郎,レアルワークス,REAL（レアルワークス）,REALの真髄,紧缚、合集、監禁、多P、4小時以上作品、高畫質,多人,https://www.javbus.com/REAL-721,
CBIKMV-021 【VR】W花魁スペシャル 晶エリー・波多野結衣,CBIKMV-021 【VR】W花魁スペシャル 晶エリー・波多野結衣,CBIKMV-021,,2020-02-27,64分鐘,こあら太郎（わ）,KMPVR-bibi-,KMPVR-bibi-,,和服・喪服、淫語、多P、主觀視角、VR専用、ハイクオリティVR,多人,https://www.javbus.com/CBIKMV-021,
KMVR-789 【VR】トルネードフェラVR,KMVR-789 【VR】トルネードフェラVR,KMVR-789,,2020-02-26,107分鐘,,ケイ・エム・プロデュース,KMPVR,,蕩婦、口交、其他戀物癖、淫語、VR専用、ハイクオリティVR,多人,https://www.javbus.com/KMVR-789,
HNDS-068 声出したら中出し！美少女孕ませきもだめし林間学校,HNDS-068 声出したら中出し！美少女孕ませきもだめし林間学校,HNDS-068,,2020-02-22,120分鐘,タイガー小堺,本中,本中,,屁股、美少女、數位馬賽克、制服、中出、高畫質、內衣、DMM獨家,多人,https://www.javbus.com/HNDS-068,
CJOB-058 「36人の痴女と一緒にお風呂入ってみる？」射精ばかりの’快楽の湯’へようこそ,CJOB-058 「36人の痴女と一緒にお風呂入ってみる？」射精ばかりの’快楽の湯’へようこそ,CJOB-058,,2020-02-22,240分鐘,,痴女ヘブン,痴女ヘブンBEST,,蕩婦、口交、合集、妓女、中出、4小時以上作品、DMM獨家,多人,https://www.javbus.com/CJOB-058,
LZBS-055 レズキス 密着ベロベロ接吻 厳選5時間 オンナ同士の美唇と絡みつく舌と唾液をじっくりお見せします！,LZBS-055 レズキス 密着ベロベロ接吻 厳選5時間 オンナ同士の美唇と絡みつく舌と唾液をじっくりお見せします！,LZBS-055,,2020-02-16,300分鐘,,レズれ！,レズれ！ ベスト,,女同性戀、其他戀物癖、合集、4小時以上作品、女同接吻、DMM獨家,多人,https://www.javbus.com/LZBS-055,
CESD-865 みひなのデカ尻アナルをひびはたが責める3Pレズビアン,CESD-865 みひなのデカ尻アナルをひびはたが責める3Pレズビアン,CESD-865,,2020-02-09,139分鐘,,セレブの友,セレブの友,ひびはたが責める3Pレズビアン,成熟的女人、女同性戀、花癡、多P、高畫質、肛内中出、DMM獨家,多人,https://www.javbus.com/CESD-865,
DGCESD-865 ★配信限定！特典映像付★みひなのデカ尻アナルをひびはたが責める3Pレズビアン,DGCESD-865 ★配信限定！特典映像付★みひなのデカ尻アナルをひびはたが責める3Pレズビアン,DGCESD-865,,2020-02-09,217分鐘,,セレブの友,,ひびはたが責める3Pレズビアン,成熟的女人、女同性戀、花癡、多P、高畫質、肛内中出、DMM獨家、肛交,多人,https://www.javbus.com/DGCESD-865,
JFB-203 唾液がねっとり絡みつく濃密吸引フェラチオサロン16時間BEST,JFB-203 唾液がねっとり絡みつく濃密吸引フェラチオサロン16時間BEST,JFB-203,,2020-02-08,960分鐘,,Fitch,Fitch,濃密吸引フェラチオサロン,蕩婦、口交、合集、數位馬賽克、主觀視角、16時間以上作品、キス・接吻、DMM獨家,多人,https://www.javbus.com/JFB-203,
IDBD-814 フェラシーンの中で一番抜ける！ 発射寸前2分前のクライマックスフェラチオ100連発BEST！2,IDBD-814 フェラシーンの中で一番抜ける！ 発射寸前2分前のクライマックスフェラチオ100連発BEST！2,IDBD-814,,2020-02-08,240分鐘,,アイデアポケット,アイデアポケットBEST,発射寸前2分前のクライマックスフェラチオ,口交、合集、美少女、數位馬賽克、4小時以上作品、顏射、DMM獨家,多人,https://www.javbus.com/IDBD-814,
OVG-125 胸元からおっぱいチラチラ見せてフル勃起SEXを誘うお姉さん！,OVG-125 胸元からおっぱいチラチラ見せてフル勃起SEXを誘うお姉さん！,OVG-125,,2020-02-05,135分鐘,,グローリークエスト,GLORY QUEST,,蕩婦、其他戀物癖、已婚婦女、姐姐、中出、高畫質,多人,https://www.javbus.com/OVG-125,
ATKD-298 100タイトル100レ●プ100発射16時間BEST,ATKD-298 100タイトル100レ●プ100発射16時間BEST,ATKD-298,,2020-02-01,960分鐘,,アタッカーズ,Attackers BEST,,合集、已婚婦女、戲劇、16時間以上作品、DMM獨家,多人,https://www.javbus.com/ATKD-298,
ATKD-297 社内凌● オフィスで犯●れる女たち 厳選美女30人、8時間凌●スペシャル！,ATKD-297 社内凌● オフィスで犯●れる女たち 厳選美女30人、8時間凌●スペシャル！,ATKD-297,,2020-02-01,480分鐘,,アタッカーズ,Attackers BEST,,OL、凌辱、4小時以上作品、DMM獨家,多人,https://www.javbus.com/ATKD-297,
KMVR-785 【VR】祝！2020年！新年福袋BEST！！500分SPECIAL！！超お得！最新人気50タイトル激盛り詰合せ！,KMVR-785 【VR】祝！2020年！新年福袋BEST！！500分SPECIAL！！超お得！最新人気50タイトル激盛り詰合せ！,KMVR-785,,2020-01-29,501分鐘,,ケイ・エム・プロデュース,KMPVR,,合集、姐姐、美少女、制服、中出、VR専用、ハイクオリティVR,多人,https://www.javbus.com/KMVR-785,
VSED-129 母と息子二人きりの温泉旅行で舌と舌を絡めあいギュと体を密着させる親子ならではの濃厚濃密なセックス12連発 8時間2枚組 3,VSED-129 母と息子二人きりの温泉旅行で舌と舌を絡めあいギュと体を密着させる親子ならではの濃厚濃密なセックス12連発 8時間2枚組 3,VSED-129,,2020-01-26,477分鐘,,シックスナイン,シックスナイン,母と息子二人きりの温泉旅行で…,成熟的女人、母親、亂倫、4小時以上作品、温泉、旅行,多人,https://www.javbus.com/VSED-129,
JFB-201 パイパン全裸奴● 夫の部下に剃毛調教された美人妻16時間BEST,JFB-201 パイパン全裸奴● 夫の部下に剃毛調教された美人妻16時間BEST,JFB-201,,2020-01-25,960分鐘,,Fitch,Fitch,全裸奴●,合集、無毛、數位馬賽克、中出、16時間以上作品、巨乳、DMM獨家,多人,https://www.javbus.com/JFB-201,
BMW-198 超快感で射精させられちゃう！発射直前 凄テクフェラチオ100連発,BMW-198 超快感で射精させられちゃう！発射直前 凄テクフェラチオ100連発,BMW-198,,2020-01-25,240分鐘,,ワンズファクトリー,WANZ,,蕩婦、口交、合集、4小時以上作品、顏射、DMM獨家、吞精,多人,https://www.javbus.com/BMW-198,
BIKMVR-157 【VR】KMP VR bibi 2019年ガチ売上ランキングBEST30,BIKMVR-157 【VR】KMP VR bibi 2019年ガチ売上ランキングBEST30,BIKMVR-157,,2020-01-23,300分鐘,,KMPVR-bibi-,KMPVR-bibi-,,合集、乳房、4小時以上作品、主觀視角、VR専用、ハイクオリティVR,多人,https://www.javbus.com/BIKMVR-157,
KMVR-784 【VR】エロ過ぎる腰振り特化型VR！！騎乗位BEST181分,KMVR-784 【VR】エロ過ぎる腰振り特化型VR！！騎乗位BEST181分,KMVR-784,,2020-01-22,180分鐘,K太郎,ケイ・エム・プロデュース,KMPVR,VR BEST,合集、美少女、中出、女上位、VR専用、巨乳、ハイクオリティVR,多人,https://www.javbus.com/KMVR-784,
CEAD-287 快楽貪る本気同性愛（ガチンコレズビアン）BOX1178分6枚組,CEAD-287 快楽貪る本気同性愛（ガチンコレズビアン）BOX1178分6枚組,CEAD-287,,2020-01-20,1178分鐘,,セレブの友,セレブの友,,成熟的女人、女同性戀、女同接吻、16時間以上作品、巨乳、DMM獨家,多人,https://www.javbus.com/CEAD-287,
LZBS-054 レズれ！潮吹きレズセックス厳選ベスト5時間 2 絶頂マ●コから吹き出るビシャビシャ大量撒き潮お見せします！,LZBS-054 レズれ！潮吹きレズセックス厳選ベスト5時間 2 絶頂マ●コから吹き出るビシャビシャ大量撒き潮お見せします！,LZBS-054,,2020-01-17,300分鐘,,レズれ！,レズれ！ ベスト,レズセックス厳選ベスト,女同性戀、潮吹、合集、4小時以上作品、手指插入、DMM獨家,多人,https://www.javbus.com/LZBS-054,
VRTM-479 突然やってきた営業レディは媚薬を飲むと、黒パンストを擦りつけながら淫らに股間を滴らせ、カニバサミで中出しを求めた！PREMIUM BEST 300分18名全員中出し！,VRTM-479 突然やってきた営業レディは媚薬を飲むと、黒パンストを擦りつけながら淫らに股間を滴らせ、カニバサミで中出しを求めた！PREMIUM BEST 300分18名全員中出し！,VRTM-479,,2020-01-17,300分鐘,,V＆R PRODUCE,V＆R PRODUCE,突然やってきた営業レディは媚薬を飲むと…,企畫、藥物、各種職業、連褲襪、屁股、花癡、戀腿癖、制服、中出、4小時以上作品、足交、高畫質、故事集、巨尻,多人,https://www.javbus.com/VRTM-479,
GNAX-022 スマート・セックス・ライフこんなセックスは嫌われる間違いだらけのセックスプレー,GNAX-022 スマート・セックス・ライフこんなセックスは嫌われる間違いだらけのセックスプレー,GNAX-022,,2020-01-17,99分鐘,なぎら健造,NAGIRA,NAGIRA,スマート・セックス・ライフ,企畫、口交、深喉、舔陰、手指插入、高畫質、顏射、教學,多人,https://www.javbus.com/GNAX-022,
RBB-173 あぁぁぁダメっダメっマジ気持ちいいぃぃ孕ませる気まんまんのすっごい中出し8時間80人,RBB-173 あぁぁぁダメっダメっマジ気持ちいいぃぃ孕ませる気まんまんのすっごい中出し8時間80人,RBB-173,,2020-01-16,480分鐘,,ROOKIE,ROOKIE,ROOKIEベスト,其他戀物癖、中出、4小時以上作品、巨乳、DMM獨家,多人,https://www.javbus.com/RBB-173,
PPBD-176 射精直前 無理矢理挟ませる強●パイズリ42連発,PPBD-176 射精直前 無理矢理挟ませる強●パイズリ42連発,PPBD-176,,2020-01-16,240分鐘,,OPPAI,OPPAI,,乳交、合集、凌辱、中出、4小時以上作品、巨乳、DMM獨家,多人,https://www.javbus.com/PPBD-176,
CEAD-283 黒パンストの下半身が卑猥にクネるオナニー快楽,CEAD-283 黒パンストの下半身が卑猥にクネるオナニー快楽,CEAD-283,,2020-01-12,164分鐘,,セレブの友,セレブの友,,成熟的女人、連褲襪、戀腿癖、高畫質、巨尻、DMM獨家、自慰,多人,https://www.javbus.com/CEAD-283,
MIZD-169 射精直前 超美尻バックピストン絶頂100連発,MIZD-169 射精直前 超美尻バックピストン絶頂100連発,MIZD-169,,2020-01-11,480分鐘,,ムーディーズ,MOODYZ Best,,合集、屁股、數位馬賽克、中出、4小時以上作品、巨尻、高中女生、DMM獨家,多人,https://www.javbus.com/MIZD-169,
MIZD-170 S級美女達の乳首舐め手コキBEST ねっちょりレロレロさわさわシコシコW責めで精子を絞り取られる！！,MIZD-170 S級美女達の乳首舐め手コキBEST ねっちょりレロレロさわさわシコシコW責めで精子を絞り取られる！！,MIZD-170,,2020-01-11,240分鐘,,ムーディーズ,MOODYZ Best,,蕩婦、合集、淫語、美少女、數位馬賽克、4小時以上作品、DMM獨家、打手槍,多人,https://www.javbus.com/MIZD-170,
WAVR-085 【VR】美女に怒られながらシコシコVR！！,WAVR-085 【VR】美女に怒られながらシコシコVR！！,WAVR-085,,2020-01-03,82分鐘,,ワンズファクトリー,WANZ VR,,其他戀物癖、淫語、M男、VR専用、巨乳、ハイクオリティVR、DMM獨家,多人,https://www.javbus.com/WAVR-085,
GVH-005 社長の息子のHな社会科見学2,GVH-005 社長の息子のHな社会科見学2,GVH-005,,2020-01-01,162分鐘,ひょん,グローリークエスト,GLORY QUEST,社長の息子のHな社会科見学,連褲襪、多P、惡作劇、高畫質、正太控、ビジネススーツ,多人,https://www.javbus.com/GVH-005,
DBAM-001 秘唇泣き三角木馬 女囚人19名が暴れ狂う地獄の刻,DBAM-001 秘唇泣き三角木馬 女囚人19名が暴れ狂う地獄の刻,DBAM-001,,2019-12-29,227分鐘,,BabyEntertainment,アクメ・マニア,,拘束、凌辱、殘忍畫面、女優按摩棒、折磨、DMM獨家,多人,https://www.javbus.com/DBAM-001,
JUSD-860 美熟女のむっちむち美尻とスラっと美脚が堪能できるパンスト着衣性交 8時間,JUSD-860 美熟女のむっちむち美尻とスラっと美脚が堪能できるパンスト着衣性交 8時間,JUSD-860,,2019-12-28,480分鐘,,マドンナ,Madonna,,成熟的女人、連褲襪、已婚婦女、屁股、數位馬賽克、4小時以上作品、巨尻、DMM獨家,多人,https://www.javbus.com/JUSD-860,
BBSS-029 ビビアンで目醒めた初めてのレズSEX 4時間～初々しいレズ解禁ベスト～,BBSS-029 ビビアンで目醒めた初めてのレズSEX 4時間～初々しいレズ解禁ベスト～,BBSS-029,,2019-12-28,240分鐘,,ビビアン,ビビアン,ビビアンで目醒めた初めてのレズSEX,女同性戀、合集、4小時以上作品、女同接吻、キス・接吻、DMM獨家,多人,https://www.javbus.com/BBSS-029,
NBES-019 隣人の情婦になってしまった妻 厳選8時間総集編,NBES-019 隣人の情婦になってしまった妻 厳選8時間総集編,NBES-019,,2019-12-28,480分鐘,,JET映像,卍GROUP,社会派ねとられドラマ,成熟的女人、合集、4小時以上作品、出軌、DMM獨家,多人,https://www.javbus.com/NBES-019,
HZGB-027 人妻花園劇場 2019年間BEST 全28タイトル収録,HZGB-027 人妻花園劇場 2019年間BEST 全28タイトル収録,HZGB-027,,2019-12-27,303分鐘,,人妻花園劇場,BEST（人妻花園劇場）,,合集、已婚婦女、中出、4小時以上作品、高畫質、出軌、戲劇、巨乳,多人,https://www.javbus.com/HZGB-027,
HYAS-094 熟女・人妻・母レ●プ 100人 衝撃的強●の瞬間,HYAS-094 熟女・人妻・母レ●プ 100人 衝撃的強●の瞬間,HYAS-094,,2019-12-27,481分鐘,,ケイ・エム・プロデュース,100人,,成熟的女人、已婚婦女、4小時以上作品、高畫質,多人,https://www.javbus.com/HYAS-094,
KNMD-066 一千一夜物語～伍～ 貞操略奪絵巻 5話・4時間スペシャル,KNMD-066 一千一夜物語～伍～ 貞操略奪絵巻 5話・4時間スペシャル,KNMD-066,,2019-12-27,245分鐘,,キネマ座,キネマ座,一千一夜物語,成熟的女人、已婚婦女、乳房、中出、4小時以上作品、高畫質、戲劇,多人,https://www.javbus.com/KNMD-066,
HNVR-007 【VR】本中10周年記念3Dバーチャルトリップ！！ 美少女中出し島VR！！ 10人のオマ○コをアナタだけが独り占め！！ハイクオリティハーレム中出し22連発SPECIAL！！,HNVR-007 【VR】本中10周年記念3Dバーチャルトリップ！！ 美少女中出し島VR！！ 10人のオマ○コをアナタだけが独り占め！！ハイクオリティハーレム中出し22連発SPECIAL！！,HNVR-007,,2019-12-25,210分鐘,ZAMPA,本中,本中-VR,美少女中出し島,美少女、中出、主觀視角、3D、ハーレム、VR専用、ハイクオリティVR、DMM獨家,多人,https://www.javbus.com/HNVR-007,
JJDA-001 家事代行さん…！！SEXがしたいです…,JJDA-001 家事代行さん…！！SEXがしたいです…,JJDA-001,,2019-12-22,180分鐘,,熟女大学/熟女卍,卍GROUP,,成熟的女人、已婚婦女、偷窥、中出、高畫質、巨乳、DMM獨家,多人,https://www.javbus.com/JJDA-001,
BMW-196 嫌がる女に孕ませバック中出し！BEST 最も妊娠しやすい体位NO.1で犯す！,BMW-196 嫌がる女に孕ませバック中出し！BEST 最も妊娠しやすい体位NO.1で犯す！,BMW-196,,2019-12-22,480分鐘,,ワンズファクトリー,WANZ,,合集、美少女、凌辱、中出、4小時以上作品、DMM獨家,多人,https://www.javbus.com/BMW-196,
MIZD-168 常にこねくりギュ～ンで限界射精！！ 乳首イジり痴女責めラッシュ4時間Vol.2,MIZD-168 常にこねくりギュ～ンで限界射精！！ 乳首イジり痴女責めラッシュ4時間Vol.2,MIZD-168,,2019-12-22,240分鐘,,ムーディーズ,MOODYZ Best,乳首イジり痴女責めラッシュ,蕩婦、其他戀物癖、淫語、數位馬賽克、4小時以上作品、M男、DMM獨家、打手槍,多人,https://www.javbus.com/MIZD-168,
BMW-195 凄テクを我慢できれば生★中出しSEX！ベストテクニック8時間vol.7,BMW-195 凄テクを我慢できれば生★中出しSEX！ベストテクニック8時間vol.7,BMW-195,,2019-12-22,480分鐘,,ワンズファクトリー,WANZ,我慢できれば生中出しSEX！,口交、合集、中出、4小時以上作品、ファン感謝・訪問、DMM獨家、打手槍,多人,https://www.javbus.com/BMW-195,
MIZD-167 男が潮吹いたりすんげぇ発射しちゃう！女神の痴女テク41発4時間,MIZD-167 男が潮吹いたりすんげぇ発射しちゃう！女神の痴女テク41発4時間,MIZD-167,,2019-12-22,240分鐘,,ムーディーズ,MOODYZ Best,女神の痴女テク,蕩婦、潮吹、合集、數位馬賽克、4小時以上作品、DMM獨家、打手槍,多人,https://www.javbus.com/MIZD-167,
CESD-851 同性愛者の先輩に狙われてSEXしてしまった私… 波多野結衣 大浦真奈美,CESD-851 同性愛者の先輩に狙われてSEXしてしまった私… 波多野結衣 大浦真奈美,CESD-851,,2019-12-20,132分鐘,,セレブの友,セレブの友,,成熟的女人、女同性戀、羞恥、女同接吻、高畫質、巨乳、DMM獨家,多人,https://www.javbus.com/CESD-851,
CESD-848 彼氏をチェンジする三姉妹 山井すず 波多野結衣 大槻ひびき,CESD-848 彼氏をチェンジする三姉妹 山井すず 波多野結衣 大槻ひびき,CESD-848,,2019-12-20,158分鐘,,セレブの友,セレブの友,,蕩婦、成熟的女人、花癡、姐妹、高畫質、出軌、DMM獨家,多人,https://www.javbus.com/CESD-848,
SVS-069 女狩 奴隷となった女達の悲痛な叫び10人4時間,SVS-069 女狩 奴隷となった女達の悲痛な叫び10人4時間,SVS-069,,2019-12-20,241分鐘,,AVS collector’s,AVS,,性奴、殘忍畫面、羞恥、4小時以上作品、高畫質、折磨、DMM獨家,多人,https://www.javbus.com/SVS-069,
HNDS-065 美少女中出し島 10周年大感謝祭スペシャル！！超ハイテンション中出し大乱交,HNDS-065 美少女中出し島 10周年大感謝祭スペシャル！！超ハイテンション中出し大乱交,HNDS-065,,2019-12-19,240分鐘,ZAMPA,本中,本中,美少女中出し島,濫交、口交、美少女、數位馬賽克、中出、4小時以上作品、高畫質、ハーレム、DMM獨家,多人,https://www.javbus.com/HNDS-065,
KMVR-750 【VR】KMPVR3周年記念！！中出し100人300分4KHQ超PREMIUM BEST！！,KMVR-750 【VR】KMPVR3周年記念！！中出し100人300分4KHQ超PREMIUM BEST！！,KMVR-750,,2019-12-19,300分鐘,,ケイ・エム・プロデュース,KMPVR,,合集、姐姐、美少女、制服、中出、VR専用、ハイクオリティVR,多人,https://www.javbus.com/KMVR-750,
RVG-108 お尻大好きしょう太くんのHなイタズラBEST vol.3,RVG-108 お尻大好きしょう太くんのHなイタズラBEST vol.3,RVG-108,,2019-12-18,480分鐘,,グローリークエスト,GLORY QUEST,しょう太くんのHなイタズラ,合集、屁股、惡作劇、4小時以上作品、高畫質、正太控、巨尻,多人,https://www.javbus.com/RVG-108,
OVG-118 夜●い 真夜中に寝ている夫の隣で中出しされる人妻9,OVG-118 夜●い 真夜中に寝ている夫の隣で中出しされる人妻9,OVG-118,,2019-12-18,170分鐘,,グローリークエスト,GLORY QUEST,夜●い 真夜中に寝ている夫の隣で中出しされる人妻,已婚婦女、中出、高畫質、出軌、巨乳,多人,https://www.javbus.com/OVG-118,
CADV-744 人妻猥褻百景8時間,CADV-744 人妻猥褻百景8時間,CADV-744,,2019-12-16,479分鐘,,クリスタル映像,CRYSTAL EX,,第一人稱攝影、無毛、已婚婦女、4小時以上作品、高畫質、巨乳,多人,https://www.javbus.com/CADV-744,
RBB-171 スタイル良し！美尻・美乳！カメコ大興奮！ 超えっちなコスプレイヤー50人8時間,RBB-171 スタイル良し！美尻・美乳！カメコ大興奮！ 超えっちなコスプレイヤー50人8時間,RBB-171,,2019-12-14,480分鐘,,ROOKIE,ROOKIE,,角色扮演、合集、4小時以上作品、DMM獨家,多人,https://www.javbus.com/RBB-171,
JUVR-033 【VR】ブラック企業に勤めてて限界を感じた僕は会社を無断欠勤して温泉一人旅へ。そこで偶然出逢ったテンション高めな奥様達との超ハーレムセックスVR,JUVR-033 【VR】ブラック企業に勤めてて限界を感じた僕は会社を無断欠勤して温泉一人旅へ。そこで偶然出逢ったテンション高めな奥様達との超ハーレムセックスVR,JUVR-033,,2019-12-13,91分鐘,こあら太郎（わ）,マドンナ,MadonnaVR,,蕩婦、和服・喪服、成熟的女人、已婚婦女、温泉、VR専用、ハイクオリティVR、DMM獨家,多人,https://www.javbus.com/JUVR-033,
MDBK-073 手コキ 淫語 騎乗位 焦らしまくりでなかなか射精させてくれない受け身男性専用出張デリヘル,MDBK-073 手コキ 淫語 騎乗位 焦らしまくりでなかなか射精させてくれない受け身男性専用出張デリヘル,MDBK-073,,2019-12-13,200分鐘,,メディアステーション,BAZOOKA（バズーカ）,,蕩婦、口交、淫語、中出、女上位、高畫質、打手槍,多人,https://www.javbus.com/MDBK-073,
HGOT-019 マンションの隣人が波多野結衣 篠田ゆう 紺野ひかるだったこと。そして家にやって来た彼女らとなぜか突然セックスをすることになった話。,HGOT-019 マンションの隣人が波多野結衣 篠田ゆう 紺野ひかるだったこと。そして家にやって来た彼女らとなぜか突然セックスをすることになった話。,HGOT-019,,2019-12-13,131分鐘,,ヒメゴト,ヒメゴト,,蕩婦、口交、女上位、高畫質、巨乳、打手槍,多人,https://www.javbus.com/HGOT-019,
CESD-843 森沢かな21時間14分ベスト3,CESD-843 森沢かな21時間14分ベスト3,CESD-843,,2019-12-08,1263分鐘,,セレブの友,セレブの友,,成熟的女人、放尿、中出、女優ベスト・総集編、16時間以上作品、DMM獨家、肛交,多人,https://www.javbus.com/CESD-843,
MKCK-247 巨乳、美尻、スレンダー、肉感、カラダにこだわるE-BODY史850作から厳選300人オールSEX24時間,MKCK-247 巨乳、美尻、スレンダー、肉感、カラダにこだわるE-BODY史850作から厳選300人オールSEX24時間,MKCK-247,,2019-12-07,1438分鐘,,E-BODY,E-BODY,,苗條、合集、16時間以上作品、巨尻、巨乳、DMM獨家,多人,https://www.javbus.com/MKCK-247,
OVG-117 あなただけに見て欲しい誘惑淫語オナニー,OVG-117 あなただけに見て欲しい誘惑淫語オナニー,OVG-117,,2019-12-04,201分鐘,,グローリークエスト,GLORY QUEST,,蕩婦、淫語、高畫質、內衣、自慰,多人,https://www.javbus.com/OVG-117,
STCEAD-038 【お得セット】願望叶う不思議な性感エレベーター vol05・06・07,STCEAD-038 【お得セット】願望叶う不思議な性感エレベーター vol05・06・07,STCEAD-038,,2019-11-30,411分鐘,,セレブの友,セレブの友（お得セット）,性感エレベーター,蕩婦、成熟的女人、潮吹、多P、高畫質、設置項目、DMM獨家、肛交,多人,https://www.javbus.com/STCEAD-038,
JUSD-855 顔だけでもヌケるイイ熟女達のねっとり濃密ベロキス性交 8時間,JUSD-855 顔だけでもヌケるイイ熟女達のねっとり濃密ベロキス性交 8時間,JUSD-855,,2019-11-30,479分鐘,,マドンナ,Madonna,,成熟的女人、合集、已婚婦女、數位馬賽克、4小時以上作品、キス・接吻、巨乳、DMM獨家,多人,https://www.javbus.com/JUSD-855,
BBSS-028 女性器×女性器でイキ跳ねる！！マ○コ同士を刺激し合って昇り詰める レズビアン貝合わせ＆双頭ディルド絶頂8時間！！,BBSS-028 女性器×女性器でイキ跳ねる！！マ○コ同士を刺激し合って昇り詰める レズビアン貝合わせ＆双頭ディルド絶頂8時間！！,BBSS-028,,2019-11-30,479分鐘,,ビビアン,ビビアン,,女同性戀、合集、4小時以上作品、女同接吻、キス・接吻、DMM獨家,多人,https://www.javbus.com/BBSS-028,
BBSS-027 レズテクNO.1決定戦 台本なしのイカセ合いバトル！総集編 DOCUMENT ALL LESBIAN COMPLETE BOX 8時間,BBSS-027 レズテクNO.1決定戦 台本なしのイカセ合いバトル！総集編 DOCUMENT ALL LESBIAN COMPLETE BOX 8時間,BBSS-027,,2019-11-30,479分鐘,,ビビアン,ビビアン,レズテクNO.1決定戦台本なしのイカセ合いバトル！,女同性戀、濫交、潮吹、4小時以上作品、女同接吻、キス・接吻、DMM獨家,多人,https://www.javbus.com/BBSS-027,
KMVR-736 【VR】スケベの満腹宴祭り！！豪華モリモリ4作品全編収録 PREMIUM BEST 波多野結衣・佐倉ねね・優梨まいな・藤波さとり,KMVR-736 【VR】スケベの満腹宴祭り！！豪華モリモリ4作品全編収録 PREMIUM BEST 波多野結衣・佐倉ねね・優梨まいな・藤波さとり,KMVR-736,,2019-11-26,219分鐘,K太郎,ケイ・エム・プロデュース,KMPVR,VR BEST,合集、美少女、乳房、中出、VR専用、巨乳、ハイクオリティVR,多人,https://www.javbus.com/KMVR-736,
KMVR-732 【VR】人生で一番興奮する瞬間！！アナタのスケベ心を掴む正常位151分BEST,KMVR-732 【VR】人生で一番興奮する瞬間！！アナタのスケベ心を掴む正常位151分BEST,KMVR-732,,2019-11-24,150分鐘,K太郎,ケイ・エム・プロデュース,KMPVR,VR BEST,合集、美少女、乳房、中出、VR専用、巨乳、ハイクオリティVR,多人,https://www.javbus.com/KMVR-732,
MIZD-164 誘惑ささやき騎乗位 淫語で勃起を誘い何度も！何度も！射精させられる8時間BEST,MIZD-164 誘惑ささやき騎乗位 淫語で勃起を誘い何度も！何度も！射精させられる8時間BEST,MIZD-164,,2019-11-23,479分鐘,,ムーディーズ,MOODYZ Best,,蕩婦、合集、淫語、姐姐、數位馬賽克、中出、女上位、4小時以上作品、DMM獨家,多人,https://www.javbus.com/MIZD-164,
BMW-194 中出し1000発8時間,BMW-194 中出し1000発8時間,BMW-194,,2019-11-23,479分鐘,,ワンズファクトリー,WANZ,,濫交、合集、美少女、中出、4小時以上作品、巨乳、DMM獨家,多人,https://www.javbus.com/BMW-194,
KMVR-729 【VR】モテ期到来！ボクの人生を変えた16人とのイチャラブSEX！！,KMVR-729 【VR】モテ期到来！ボクの人生を変えた16人とのイチャラブSEX！！,KMVR-729,,2019-11-23,164分鐘,,ケイ・エム・プロデュース,KMPVR,,口交、美少女、中出、VR専用、高中女生、巨乳、ハイクオリティVR,多人,https://www.javbus.com/KMVR-729,
CESD-838 山井すずのデカ尻アナルをひびはたが責める3Pレズビアン,CESD-838 山井すずのデカ尻アナルをひびはたが責める3Pレズビアン,CESD-838,,2019-11-18,139分鐘,,セレブの友,セレブの友,ひびはたが責める3Pレズビアン,成熟的女人、女同性戀、花癡、多P、DMM獨家、肛交,多人,https://www.javbus.com/CESD-838,
DGCESD-838 ★配信限定！特典映像付★山井すずのデカ尻アナルをひびはたが責める3Pレズビアン,DGCESD-838 ★配信限定！特典映像付★山井すずのデカ尻アナルをひびはたが責める3Pレズビアン,DGCESD-838,,2019-11-18,211分鐘,,セレブの友,セレブの友,ひびはたが責める3Pレズビアン,成熟的女人、女同性戀、花癡、多P、高畫質、DMM獨家、肛交,多人,https://www.javbus.com/DGCESD-838,
JUSD-853 射精直前の激ピストン＆フェラチオラッシュ！！綺麗な顔にどぴゅどぴゅぶっかける大量顔射181連発 8時間,JUSD-853 射精直前の激ピストン＆フェラチオラッシュ！！綺麗な顔にどぴゅどぴゅぶっかける大量顔射181連発 8時間,JUSD-853,,2019-11-17,480分鐘,,マドンナ,Madonna,,成熟的女人、口交、合集、已婚婦女、數位馬賽克、4小時以上作品、顏射、DMM獨家,多人,https://www.javbus.com/JUSD-853,
CJOD-214 こっそりノーパンノーブラお姉ちゃん達に一斉攻撃で誘惑されちゃったボク。 晶エリー 波多野結衣,CJOD-214 こっそりノーパンノーブラお姉ちゃん達に一斉攻撃で誘惑されちゃったボク。 晶エリー 波多野結衣,CJOD-214,,2019-11-17,120分鐘,トレンディ山口,痴女ヘブン,痴女ヘブン,,蕩婦、姐姐、多P、中出、高畫質、巨乳、DMM獨家,多人,https://www.javbus.com/CJOD-214,
DAZD-100 催眠洗脳された女達は嫌がりながらも淫乱ビッチになっていた被害者記録,DAZD-100 催眠洗脳された女達は嫌がりながらも淫乱ビッチになっていた被害者記録,DAZD-100,,2019-11-17,480分鐘,三島六三郎,ダスッ！,ダスッ！,催眠洗脳された○○は嫌がりながらも淫乱ビッチになっていた。,合集、姐姐、中出、4小時以上作品、催眠、戲劇、DMM獨家,多人,https://www.javbus.com/DAZD-100,
CJOB-053 乳首責めの天才たち～乳首をクリトリス化させ絶頂するまでこねくる32人の神テク痴女～,CJOB-053 乳首責めの天才たち～乳首をクリトリス化させ絶頂するまでこねくる32人の神テク痴女～,CJOB-053,,2019-11-17,240分鐘,,痴女ヘブン,痴女ヘブンBEST,,蕩婦、口交、合集、4小時以上作品、美容院、DMM獨家、打手槍,多人,https://www.javbus.com/CJOB-053,
BXX-003 縛り拷問 奴隷市場の宴 其ノ五,BXX-003 縛り拷問 奴隷市場の宴 其ノ五,BXX-003,,2019-11-15,240分鐘,,バミューダ/妄想族,フェニックス,奴隷市場の宴,紧缚、性奴、4小時以上作品、高畫質、妄想族、DMM獨家,多人,https://www.javbus.com/BXX-003,
PPBD-171 パイズリと生ハメで精子を搾り取る巨乳痴女34人4時間,PPBD-171 パイズリと生ハメで精子を搾り取る巨乳痴女34人4時間,PPBD-171,,2019-11-14,240分鐘,,OPPAI,OPPAI,,蕩婦、乳交、合集、中出、4小時以上作品、巨乳、DMM獨家,多人,https://www.javbus.com/PPBD-171,
RBB-168 S級女優50人以上のケツ穴丸見え！形良し！大きさ良し！さわり心地良し！ケツ三拍子揃ったパーフェクト美尻8時間,RBB-168 S級女優50人以上のケツ穴丸見え！形良し！大きさ良し！さわり心地良し！ケツ三拍子揃ったパーフェクト美尻8時間,RBB-168,,2019-11-14,480分鐘,,ROOKIE,ROOKIE,ROOKIEベスト,其他戀物癖、屁股、羞恥、4小時以上作品、巨尻、巨乳、DMM獨家,多人,https://www.javbus.com/RBB-168,
DVAJ-425 電車・バス・映画館で身動きが取れず痴漢の餌食となってしまった美女たち,DVAJ-425 電車・バス・映画館で身動きが取れず痴漢の餌食となってしまった美女たち,DVAJ-425,,2019-11-10,300分鐘,神田うさぎ,アリスJAPAN,アリスJAPAN,,OL、合集、性騷擾、4小時以上作品、高畫質、高中女生、DMM獨家,多人,https://www.javbus.com/DVAJ-425,
CESD-833 ズッ友の美女3人が彼氏とのSEXトークで盛り上がり学生時代の先生を痴女責めで懲らしめた話 波多野結衣 大槻ひびき 加藤あやの,CESD-833 ズッ友の美女3人が彼氏とのSEXトークで盛り上がり学生時代の先生を痴女責めで懲らしめた話 波多野結衣 大槻ひびき 加藤あやの,CESD-833,,2019-11-10,139分鐘,,セレブの友,セレブの友,,蕩婦、成熟的女人、高畫質、顏射、巨尻、巨乳、DMM獨家,多人,https://www.javbus.com/CESD-833,
CEAD-275 黒パンストむちむち美脚挑発SEX,CEAD-275 黒パンストむちむち美脚挑発SEX,CEAD-275,,2019-11-10,222分鐘,,セレブの友,セレブの友,,成熟的女人、連褲襪、屁股、戀腿癖、中出、高畫質、DMM獨家,多人,https://www.javbus.com/CEAD-275,
MKMP-305 一般素人男性モニタリング企画 街頭インタビュー中にナイショでご本人登場！！ 波多野結衣 篠田ゆう 紺野ひかると素人さんがご対面中出しSEX,MKMP-305 一般素人男性モニタリング企画 街頭インタビュー中にナイショでご本人登場！！ 波多野結衣 篠田ゆう 紺野ひかると素人さんがご対面中出しSEX,MKMP-305,,2019-11-08,150分鐘,トレンディ山口,ケイ・エム・プロデュース,million（ミリオン）,,企畫、業餘、多P、倒追、中出、高畫質、巨乳,多人,https://www.javbus.com/MKMP-305,
PRED-199 強制連射ハーレムソープ～2人の嬢に惚れられて無限発射二輪車サービスでどちらが気持ちイイか決めなくてはいけないボク。～,PRED-199 強制連射ハーレムソープ～2人の嬢に惚れられて無限発射二輪車サービスでどちらが気持ちイイか決めなくてはいけないボク。～,PRED-199,,2019-11-02,150分鐘,凹style.,プレミアム,エレガンス,,口交、妓女、數位馬賽克、中出、高畫質、ハーレム、巨乳、ヘルス・ソープ、DMM獨家,多人,https://www.javbus.com/PRED-199,
PBD-360 尻肉ぶるんぶるん！アナルぱっくり！腰を打ちつけ膣奥射精！厳選バック中出しFUCK8時間,PBD-360 尻肉ぶるんぶるん！アナルぱっくり！腰を打ちつけ膣奥射精！厳選バック中出しFUCK8時間,PBD-360,,2019-11-02,480分鐘,,プレミアム,PREMIUM BEST,,合集、屁股、數位馬賽克、羞恥、中出、4小時以上作品、巨尻、DMM獨家,多人,https://www.javbus.com/PBD-360,
SERO-300 EROTICA 2015 全作品見せます8時間！！,SERO-300 EROTICA 2015 全作品見せます8時間！！,SERO-300,,2019-10-29,479分鐘,神田うさぎ,EROTICA,EROTICA,EROTICA ○○ 全部見せます,合集、美少女、乳房、中出、4小時以上作品、高畫質、巨乳、DMM獨家,多人,https://www.javbus.com/SERO-300,
MIZD-159 射精だけじゃつまらない！ チ●ポの反応に興奮する痴女の追撃男潮吹き240分,MIZD-159 射精だけじゃつまらない！ チ●ポの反応に興奮する痴女の追撃男潮吹き240分,MIZD-159,,2019-10-26,240分鐘,,ムーディーズ,MOODYZ Best,,蕩婦、口交、合集、數位馬賽克、4小時以上作品、M男、DMM獨家、打手槍,多人,https://www.javbus.com/MIZD-159,
BMW-192 美しい顔面がドッロドロ！ザーメンぶっかけ300連発！！,BMW-192 美しい顔面がドッロドロ！ザーメンぶっかけ300連発！！,BMW-192,,2019-10-26,240分鐘,,ワンズファクトリー,WANZ,,口交、合集、美少女、4小時以上作品、巨乳、DMM獨家、顏射,多人,https://www.javbus.com/BMW-192,
MDBK-064 レジェンド女優から豪華女優たちによる共演までお気に入りがここにある！！BAZOOKAユーザー支持率No.1作品30タイトル完全網羅スペシャル,MDBK-064 レジェンド女優から豪華女優たちによる共演までお気に入りがここにある！！BAZOOKAユーザー支持率No.1作品30タイトル完全網羅スペシャル,MDBK-064,,2019-10-25,241分鐘,K太郎,メディアステーション,BAZOOKA（バズーカ）,,合集、多P、中出、4小時以上作品、高畫質、ハーレム,多人,https://www.javbus.com/MDBK-064,
XRW-771 緊縛電マ責め！大量潮吹きイキ地獄 4時間,XRW-771 緊縛電マ責め！大量潮吹きイキ地獄 4時間,XRW-771,,2019-10-25,240分鐘,,レアルワークス,REAL（レアルワークス）,,口交、紧缚、潮吹、監禁、花癡、性奴、拘束、中出、4小時以上作品、女優按摩棒、高畫質,多人,https://www.javbus.com/XRW-771,
CESD-825 波多野結衣 まるごとレズビアンSEX1122分,CESD-825 波多野結衣 まるごとレズビアンSEX1122分,CESD-825,,2019-10-20,1122分鐘,,セレブの友,セレブの友,,成熟的女人、女同性戀、舔陰、女同接吻、女優ベスト・総集編、16時間以上作品、DMM獨家,多人,https://www.javbus.com/CESD-825,
CJOB-051 射精OK！日替わりエステでチンチンのコリほぐしませんか？,CJOB-051 射精OK！日替わりエステでチンチンのコリほぐしませんか？,CJOB-051,,2019-10-19,240分鐘,,痴女ヘブン,痴女ヘブンBEST,,蕩婦、合集、姐姐、4小時以上作品、美容院、DMM獨家、打手槍,多人,https://www.javbus.com/CJOB-051,
KMVR-708 【VR】とにかく顔だけにこだわったヌケる顔面を持つ最強SSS級の美神たち！可愛い顔こそが一番ヌケる！永久保存版オナニー完全保証！,KMVR-708 【VR】とにかく顔だけにこだわったヌケる顔面を持つ最強SSS級の美神たち！可愛い顔こそが一番ヌケる！永久保存版オナニー完全保証！,KMVR-708,,2019-10-17,162分鐘,,ケイ・エム・プロデュース,KMPVR,,合集、姐姐、美少女、制服、中出、VR専用、ハイクオリティVR,多人,https://www.javbus.com/KMVR-708,
OVG-113 「あっ！ナマで入っちゃった！」オイル素股でマ○コにチ○ポを擦りつけてたら気持ち良すぎてヌルッと生挿入！！中出しSEXまでヤッちゃったデリヘル嬢たち9,OVG-113 「あっ！ナマで入っちゃった！」オイル素股でマ○コにチ○ポを擦りつけてたら気持ち良すぎてヌルッと生挿入！！中出しSEXまでヤッちゃったデリヘル嬢たち9,OVG-113,,2019-10-16,130分鐘,,グローリークエスト,GLORY QUEST,「ナマで入っちゃった！」,妓女、乳液、中出、女上位、高畫質、巨乳,多人,https://www.javbus.com/OVG-113,
MXSPS-621 風俗 the world is wonderful,MXSPS-621 風俗 the world is wonderful,MXSPS-621,,2019-10-16,242分鐘,,マキシング,MAXING,,妓女、美少女、制服、4小時以上作品、高畫質,多人,https://www.javbus.com/MXSPS-621,
BXX-001 極縄 総集編,BXX-001 極縄 総集編,BXX-001,,2019-10-13,240分鐘,,バミューダ/妄想族,フェニックス（バミューダ/妄想族）,極縄,紧缚、性奴、拘束、凌辱、4小時以上作品、妄想族、DMM獨家,多人,https://www.javbus.com/BXX-001,
RBB-166 お漏らし直前 激ピストンラッシュ！！80連発！,RBB-166 お漏らし直前 激ピストンラッシュ！！80連発！,RBB-166,,2019-10-12,480分鐘,,ROOKIE,ROOKIE,,放尿、潮吹、合集、屁股、美少女、4小時以上作品、DMM獨家,多人,https://www.javbus.com/RBB-166,
RBB-167 中はっ、中はだめぇぇぇっ！！！望まない生セックス 絶望させる強制中出し8時間,RBB-167 中はっ、中はだめぇぇぇっ！！！望まない生セックス 絶望させる強制中出し8時間,RBB-167,,2019-10-12,480分鐘,,ROOKIE,ROOKIE,,合集、多P、中出、4小時以上作品、DMM獨家,多人,https://www.javbus.com/RBB-167,
PPBD-170 射精寸前の超イクイクおっぱい爆揺れピストンラッシュ中出し100連発,PPBD-170 射精寸前の超イクイクおっぱい爆揺れピストンラッシュ中出し100連発,PPBD-170,,2019-10-12,240分鐘,,OPPAI,OPPAI,,花癡、中出、4小時以上作品、超乳、巨乳、DMM獨家,多人,https://www.javbus.com/PPBD-170,
GNAX-016 新・侵入者 ディレクターズカット240分,GNAX-016 新・侵入者 ディレクターズカット240分,GNAX-016,,2019-10-11,243分鐘,なぎら健造,NAGIRA,NAGIRA,新・侵入者,監禁、已婚婦女、通姦、中出、4小時以上作品、高畫質、出軌、戲劇、顏射,多人,https://www.javbus.com/GNAX-016,
ARM-805 凄指技の睾丸マッサージ×逆手オイル手コキ その3,ARM-805 凄指技の睾丸マッサージ×逆手オイル手コキ その3,ARM-805,,2019-10-08,124分鐘,角脇しげお,アロマ企画,AROMA,凄指技の睾丸マッサージ×逆手オイル手コキ,美容院、高畫質、DMM獨家、迷你裙、打手槍,多人,https://www.javbus.com/ARM-805,
DGCESD-819 ★配信限定！特典映像付★加藤あやののデカ尻アナルをひびはたが責める3Pレズビアン,DGCESD-819 ★配信限定！特典映像付★加藤あやののデカ尻アナルをひびはたが責める3Pレズビアン,DGCESD-819,,2019-10-07,209分鐘,,セレブの友,セレブの友,ひびはたが責める3Pレズビアン,成熟的女人、女同性戀、花癡、高畫質、肛内中出、巨尻、DMM獨家,多人,https://www.javbus.com/DGCESD-819,
CESD-823 ガニ股×お漏らし×失禁エクスタシー25時間32分,CESD-823 ガニ股×お漏らし×失禁エクスタシー25時間32分,CESD-823,,2019-10-07,1532分鐘,,セレブの友,セレブの友,,成熟的女人、放尿、潮吹、合集、16時間以上作品、巨乳、DMM獨家,多人,https://www.javbus.com/CESD-823,
CESD-819 加藤あやののデカ尻アナルをひびはたが責める3Pレズビアン,CESD-819 加藤あやののデカ尻アナルをひびはたが責める3Pレズビアン,CESD-819,,2019-10-07,137分鐘,,セレブの友,セレブの友,ひびはたが責める3Pレズビアン,成熟的女人、女同性戀、花癡、高畫質、肛内中出、巨尻、DMM獨家,多人,https://www.javbus.com/CESD-819,
MIZD-158 ド痴女に挟まれ身動き出来ずに何度も！何度も！射精させられる8時間！,MIZD-158 ド痴女に挟まれ身動き出来ずに何度も！何度も！射精させられる8時間！,MIZD-158,,2019-10-06,480分鐘,,ムーディーズ,MOODYZ Best,,蕩婦、濫交、合集、姐姐、數位馬賽克、拘束、4小時以上作品、ハーレム、DMM獨家,多人,https://www.javbus.com/MIZD-158,
BBAN-248 レズビアンに囚われた女潜入捜査官 ～誘い込まれた麻薬捜査の罠～,BBAN-248 レズビアンに囚われた女潜入捜査官 ～誘い込まれた麻薬捜査の罠～,BBAN-248,,2019-10-03,140分鐘,,ビビアン,ビビアン,レズビアンに囚われた女潜入捜査官,女同性戀、女檢察官、女同接吻、高畫質、戲劇、巨乳、DMM獨家,多人,https://www.javbus.com/BBAN-248,
ATKD-291 年下男に犯される女たち 厳選美女20人、8時間凌辱スペシャル！,ATKD-291 年下男に犯される女たち 厳選美女20人、8時間凌辱スペシャル！,ATKD-291,,2019-10-03,480分鐘,,アタッカーズ,Attackers BEST,,女教師、合集、已婚婦女、寡婦、凌辱、4小時以上作品、DMM獨家,多人,https://www.javbus.com/ATKD-291,
STCESD-077 【お得セット】イチャLOVEレズビアンデート・2・3,STCESD-077 【お得セット】イチャLOVEレズビアンデート・2・3,STCESD-077,,2019-09-30,473分鐘,,セレブの友,セレブの友（お得セット）,イチャLOVEレズビアンデート,成熟的女人、女同性戀、情侶、纪录片、花癡、高畫質、設置項目、デート、DMM獨家,多人,https://www.javbus.com/STCESD-077,
BMW-190 悶絶クンニMANIAX240分総集編,BMW-190 悶絶クンニMANIAX240分総集編,BMW-190,,2019-09-28,240分鐘,,ワンズファクトリー,WANZ,悶絶クンニMANIAX,女同性戀、潮吹、合集、舔陰、4小時以上作品、DMM獨家,多人,https://www.javbus.com/BMW-190,
MIAA-161 「ねぇ、今日はわたしの部屋に来てくれない？」デカ尻な隣人2人に杭打ち騎乗位される毎日。2 篠田ゆう 波多野結衣,MIAA-161 「ねぇ、今日はわたしの部屋に来てくれない？」デカ尻な隣人2人に杭打ち騎乗位される毎日。2 篠田ゆう 波多野結衣,MIAA-161,,2019-09-28,120分鐘,トレンディ山口,ムーディーズ,みんなのキカタン,「ねぇ、今日はわたしの部屋に来てくれない？」,蕩婦、淫語、已婚婦女、屁股、數位馬賽克、女上位、高畫質、DMM獨家,多人,https://www.javbus.com/MIAA-161,
MIRD-194 ～ある日、オヤジがレジェンドAV女優と再婚した～ セックスの天才姉妹に全力中出し誘惑され続けた僕。,MIRD-194 ～ある日、オヤジがレジェンドAV女優と再婚した～ セックスの天才姉妹に全力中出し誘惑され続けた僕。,MIRD-194,,2019-09-28,170分鐘,真咲南朋,ムーディーズ,MOODYZ REAL,,蕩婦、姐姐、多P、數位馬賽克、中出、高畫質、ハーレム、DMM獨家,多人,https://www.javbus.com/MIRD-194,
HZGB-024 煩悩をヌキ飛ばせ！平成の人妻花園劇場108タイトル全部入りBEST,HZGB-024 煩悩をヌキ飛ばせ！平成の人妻花園劇場108タイトル全部入りBEST,HZGB-024,,2019-09-27,300分鐘,,人妻花園劇場,imageII,,成熟的女人、合集、已婚婦女、通姦、中出、4小時以上作品、高畫質、出軌、戲劇、巨乳,多人,https://www.javbus.com/HZGB-024,
IENF-031 えっちな巨乳お姉さんの淫語かたりかけぐちゅぐちゅ乳首イジリっ放しオナニー2,IENF-031 えっちな巨乳お姉さんの淫語かたりかけぐちゅぐちゅ乳首イジリっ放しオナニー2,IENF-031,,2019-09-26,160分鐘,,アイエナジー,IE NERGY！,淫語かたりかけぐちゅぐちゅ乳首イジリっ放しオナニー,淫語、姐姐、主觀視角、高畫質、巨乳、自慰,多人,https://www.javbus.com/IENF-031,
KMVR-691 【VR】【完全ノーカット！！】KMPVR厳選 4KHQ 傑作メモリアルBEST vol.1,KMVR-691 【VR】【完全ノーカット！！】KMPVR厳選 4KHQ 傑作メモリアルBEST vol.1,KMVR-691,,2019-09-25,233分鐘,味噌煮KOMI,ケイ・エム・プロデュース,KMPVR,傑作メモリアルBEST,合集、美少女、乳房、主觀視角、VR専用、巨乳、ハイクオリティVR,多人,https://www.javbus.com/KMVR-691,
CESD-817 発情人妻オマ○コ種付け生中出しSEX24時間25分,CESD-817 発情人妻オマ○コ種付け生中出しSEX24時間25分,CESD-817,,2019-09-22,1465分鐘,,セレブの友,セレブの友,,成熟的女人、合集、已婚婦女、中出、出軌、16時間以上作品、DMM獨家,多人,https://www.javbus.com/CESD-817,
CESD-813 君島みお21時間14分ベスト,CESD-813 君島みお21時間14分ベスト,CESD-813,,2019-09-22,1274分鐘,,セレブの友,セレブの友,,成熟的女人、乳交、中出、女優ベスト・総集編、16時間以上作品、巨乳、DMM獨家,多人,https://www.javbus.com/CESD-813,
HNDB-147 中出しカレンダー超最新人気女優版31日日替わり46発射毎日中出し,HNDB-147 中出しカレンダー超最新人気女優版31日日替わり46発射毎日中出し,HNDB-147,,2019-09-21,240分鐘,,本中,本中,本中BEST,合集、美少女、數位馬賽克、中出、4小時以上作品、巨乳、DMM獨家,多人,https://www.javbus.com/HNDB-147,
JUSD-845 Madonna2019年上半期全190タイトルBEST8時間,JUSD-845 Madonna2019年上半期全190タイトルBEST8時間,JUSD-845,,2019-09-21,480分鐘,,マドンナ,Madonna,,成熟的女人、合集、已婚婦女、數位馬賽克、4小時以上作品、出軌、巨乳、DMM獨家,多人,https://www.javbus.com/JUSD-845,
MXSPS-620 逝きたいのに逝かせてもらえない寸止め絶頂スペシャル240,MXSPS-620 逝きたいのに逝かせてもらえない寸止め絶頂スペシャル240,MXSPS-620,,2019-09-16,240分鐘,,マキシング,MAXING,逝きたいのに逝かせてもらえない寸止めからの絶頂マ●コ破壊,玩具、合集、多P、4小時以上作品、高畫質、內衣,多人,https://www.javbus.com/MXSPS-620,
PTS-454 高級オイルエステ 人妻飲尿M覚醒レズ,PTS-454 高級オイルエステ 人妻飲尿M覚醒レズ,PTS-454,,2019-09-15,200分鐘,真咲南朋,ピーターズ,ピーターズ,,女同性戀、飲尿、已婚婦女、乳液、美容院、女同接吻、高畫質、ディルド,多人,https://www.javbus.com/PTS-454,
RBB-159 SUPER SUMMER LOVE LOVE GALS 8時間,RBB-159 SUPER SUMMER LOVE LOVE GALS 8時間,RBB-159,,2019-09-14,480分鐘,,ROOKIE,ROOKIE,ROOKIEベスト,口交、合集、4小時以上作品、日焼け、巨乳、DMM獨家、女生,多人,https://www.javbus.com/RBB-159,
XRW-753 首絞めレイプ 悪魔の手に狙われた女たち！,XRW-753 首絞めレイプ 悪魔の手に狙われた女たち！,XRW-753,,2019-09-13,119分鐘,ディラン富増,レアルワークス,REAL（レアルワークス）,首絞めレイプ,其他戀物癖、高畫質,多人,https://www.javbus.com/XRW-753,
GNAX-014 淫らに悶える不貞妻たち,GNAX-014 淫らに悶える不貞妻たち,GNAX-014,,2019-09-13,245分鐘,なぎら健造,NAGIRA,NAGIRA-ナギラ-,,已婚婦女、通姦、中出、4小時以上作品、高畫質、出軌、戲劇,多人,https://www.javbus.com/GNAX-014,
MKMP-292 佐倉絆 レズ4本番 超人気女優豪華共演スペシャル,MKMP-292 佐倉絆 レズ4本番 超人気女優豪華共演スペシャル,MKMP-292,,2019-09-13,220分鐘,カンナナ・ダイナナ,ケイ・エム・プロデュース,million（ミリオン）,,玩具、女同性戀、淫語、乳房、高畫質,多人,https://www.javbus.com/MKMP-292,
CESD-810 ド淫乱痴女130人超がエゲツないまでにチ○ポを責め続ける本気SEX24時間08分8枚組,CESD-810 ド淫乱痴女130人超がエゲツないまでにチ○ポを責め続ける本気SEX24時間08分8枚組,CESD-810,,2019-09-09,1448分鐘,,セレブの友,セレブの友,,蕩婦、成熟的女人、中出、16時間以上作品、巨乳、DMM獨家,多人,https://www.javbus.com/CESD-810,
CESD-809 陰毛もSEXも濃すぎる剛毛熟女26時間31分8枚組,CESD-809 陰毛もSEXも濃すぎる剛毛熟女26時間31分8枚組,CESD-809,,2019-09-09,1591分鐘,,セレブの友,セレブの友,,蕩婦、成熟的女人、合集、中出、16時間以上作品、DMM獨家,多人,https://www.javbus.com/CESD-809,
JFB-184 永久保存版！！ 貴方だけを見つめ続ける淫語中出しソープBEST16時間,JFB-184 永久保存版！！ 貴方だけを見つめ続ける淫語中出しソープBEST16時間,JFB-184,,2019-09-08,960分鐘,,Fitch,Fitch,貴方だけを見つめ続ける淫語中出しソープ,合集、妓女、淫語、數位馬賽克、中出、主觀視角、16時間以上作品、ヘルス・ソープ、DMM獨家,多人,https://www.javbus.com/JFB-184,
PARM-155 ローアングルでベストアングル連発！！ じっくり仰ぎ見るパンチラ2 スリル満点！逆さ撮り編,PARM-155 ローアングルでベストアングル連発！！ じっくり仰ぎ見るパンチラ2 スリル満点！逆さ撮り編,PARM-155,,2019-09-08,124分鐘,,アロマ企画,妄想チラリズム,ローアングルでベストアングル連発！！ じっくり仰ぎ見るパンチラ,其他戀物癖、高畫質、內衣、DMM獨家、迷你裙、局部特寫,多人,https://www.javbus.com/PARM-155,
MKCK-241 何発でも生ハメしたくなる絶品女体と理性吹き飛ぶ発情ケダモノ中出し性交8時間,MKCK-241 何発でも生ハメしたくなる絶品女体と理性吹き飛ぶ発情ケダモノ中出し性交8時間,MKCK-241,,2019-09-08,480分鐘,,E-BODY,E-BODY,,苗條、合集、花癡、中出、4小時以上作品、巨乳、DMM獨家,多人,https://www.javbus.com/MKCK-241,
BBSS-023 ノンケがレズの快感に目醒める瞬間… カラダに分からせレズビアン調教BEST 4時間,BBSS-023 ノンケがレズの快感に目醒める瞬間… カラダに分からせレズビアン調教BEST 4時間,BBSS-023,,2019-09-05,240分鐘,,ビビアン,ビビアン,,女同性戀、合集、性奴、4小時以上作品、女同接吻、DMM獨家,多人,https://www.javbus.com/BBSS-023,
BBSS-024 ビビアンが選んだ本当にエロいレズSEX 50連発8時間！！,BBSS-024 ビビアンが選んだ本当にエロいレズSEX 50連発8時間！！,BBSS-024,,2019-09-05,480分鐘,,ビビアン,ビビアン,ビビアンが選んだ本当にエロいレズSEX,女同性戀、合集、4小時以上作品、女同接吻、キス・接吻、DMM獨家,多人,https://www.javbus.com/BBSS-024,
RVR-016 【VR】目の前で赤くほてったイキ顔ドアップVRバックから挿入されて腰振りSEXで突かれながら連続絶頂のイキ顔をカメラの前でドアップ収録,RVR-016 【VR】目の前で赤くほてったイキ顔ドアップVRバックから挿入されて腰振りSEXで突かれながら連続絶頂のイキ顔をカメラの前でドアップ収録,RVR-016,,2019-09-04,89分鐘,モヒカル,ROOKIE,ROOKIE VR,ROOKIE VR,其他戀物癖、乳房、羞恥、VR専用、ハイクオリティVR、DMM獨家,多人,https://www.javbus.com/RVR-016,
VVVD-171 V2018年下半期全タイトルBEST 全て過激な12作品 8時間2枚組！,VVVD-171 V2018年下半期全タイトルBEST 全て過激な12作品 8時間2枚組！,VVVD-171,,2019-08-31,480分鐘,,ヴィ,V,V○○年○半期BEST,合集、美少女、處女、4小時以上作品、DMM獨家、肛交,多人,https://www.javbus.com/VVVD-171,
BMW-188 「お願い中にだけは出さないで…」 射精直前の無理やり中出しレ○プ42連発,BMW-188 「お願い中にだけは出さないで…」 射精直前の無理やり中出しレ○プ42連発,BMW-188,,2019-08-31,240分鐘,,ワンズファクトリー,WANZ,,合集、凌辱、中出、4小時以上作品、出軌、DMM獨家,多人,https://www.javbus.com/BMW-188,
CESD-803 柚月ひまわり21時間43分ベスト,CESD-803 柚月ひまわり21時間43分ベスト,CESD-803,,2019-08-25,1303分鐘,,セレブの友,セレブの友,,成熟的女人、放尿、女優ベスト・総集編、16時間以上作品、巨尻、DMM獨家,多人,https://www.javbus.com/CESD-803,
CESD-798 波多野結衣25時間33分ベスト2,CESD-798 波多野結衣25時間33分ベスト2,CESD-798,,2019-08-25,1533分鐘,,セレブの友,セレブの友,,蕩婦、成熟的女人、花癡、女優ベスト・総集編、16時間以上作品、DMM獨家,多人,https://www.javbus.com/CESD-798,
JUSD-842 憧れの美人妻と思いがけず二人きり… 手を出さずにはいられない鉄板シチュエーションBEST20 8時間,JUSD-842 憧れの美人妻と思いがけず二人きり… 手を出さずにはいられない鉄板シチュエーションBEST20 8時間,JUSD-842,,2019-08-24,480分鐘,,マドンナ,Madonna,,成熟的女人、合集、已婚婦女、數位馬賽克、4小時以上作品、出軌、巨尻、DMM獨家,多人,https://www.javbus.com/JUSD-842,
XRW-740 極上ボディの騎乗位乱れ打ちファック4時間,XRW-740 極上ボディの騎乗位乱れ打ちファック4時間,XRW-740,,2019-08-23,239分鐘,,レアルワークス,REAL（レアルワークス）,,紧缚、乳房、中出、女上位、4小時以上作品、高畫質、巨乳,多人,https://www.javbus.com/XRW-740,
XRW-738 日本緊縛師列伝4時間16人BEST,XRW-738 日本緊縛師列伝4時間16人BEST,XRW-738,,2019-08-23,240分鐘,ディラン富増,レアルワークス,REAL（レアルワークス）,日本緊縛師列伝,SM、紧缚、性奴、拘束、4小時以上作品、高畫質,多人,https://www.javbus.com/XRW-738,
DSVR-500 【VR】SODVRおかげさまで500作品突破記念！最も売れたベスト50タイトル500分！フェチからいちゃラブまでVR人気作品を完全網羅！他では見られない特殊シチュエーションなどSODVRでしか体験できないVRが満載！売れた作品のみを収録したハズレなし史上最強特大版スペシャル！,DSVR-500 【VR】SODVRおかげさまで500作品突破記念！最も売れたベスト50タイトル500分！フェチからいちゃラブまでVR人気作品を完全網羅！他では見られない特殊シチュエーションなどSODVRでしか体験できないVRが満載！売れた作品のみを収録したハズレなし史上最強特大版スペシャル！,DSVR-500,,2019-08-22,548分鐘,,SODクリエイト,SODVR,,成熟的女人、合集、美少女、中出、VR専用、巨乳、ハイクオリティVR,多人,https://www.javbus.com/DSVR-500,
AES-002 人身売買パンスト狂宴 波多野結衣 麻里梨夏 羽生ありさ,AES-002 人身売買パンスト狂宴 波多野結衣 麻里梨夏 羽生ありさ,AES-002,,2019-08-17,140分鐘,高円寺☆ゴロー,エーゲ/妄想族,エーゲ/妄想族,,蕩婦、其他戀物癖、屁股、戀腿癖、巨乳、DMM獨家,多人,https://www.javbus.com/AES-002,
MXSPS-614 魅惑のクイーン6人！ボンテージだらけのSM（秘）倶楽部 9 総集編4時間スペシャル,MXSPS-614 魅惑のクイーン6人！ボンテージだらけのSM（秘）倶楽部 9 総集編4時間スペシャル,MXSPS-614,,2019-08-16,246分鐘,,マキシング,MAXING,魅惑のクイーン！ ボンテージだらけのSM（秘）倶楽部,SM、合集、4小時以上作品、高畫質、緊縛,多人,https://www.javbus.com/MXSPS-614,
PPBD-165 2018年OPPAI作品コンプリートSEXラッシュBEST8時間,PPBD-165 2018年OPPAI作品コンプリートSEXラッシュBEST8時間,PPBD-165,,2019-08-16,480分鐘,,OPPAI,OPPAI,,戀乳癖、中出、4小時以上作品、女優ベスト・総集編、巨乳、DMM獨家,多人,https://www.javbus.com/PPBD-165,
CADV-729 変態家族 2 身内でヤリまくる近親セックス8時間,CADV-729 変態家族 2 身内でヤリまくる近親セックス8時間,CADV-729,,2019-08-16,479分鐘,,クリスタル映像,CRYSTAL EX,変態家族（クリスタル映像）,合集、亂倫、已婚婦女、4小時以上作品、高畫質、出軌、正太控,多人,https://www.javbus.com/CADV-729,
JFB-181 永久保存版！！ じっくり高める手コキでもてなす完全勃起ともの凄い射精の回春旅館 全作品収録16時間BEST,JFB-181 永久保存版！！ じっくり高める手コキでもてなす完全勃起ともの凄い射精の回春旅館 全作品収録16時間BEST,JFB-181,,2019-08-10,960分鐘,,Fitch,Fitch,完全勃起ともの凄い射精の回春旅館,合集、數位馬賽克、女主人、女老板、中出、按摩、16時間以上作品、DMM獨家、打手槍,多人,https://www.javbus.com/JFB-181,
ERGC-009 膣奥射精保証！ 美女×中出しベストコレクション,ERGC-009 膣奥射精保証！ 美女×中出しベストコレクション,ERGC-009,,2019-08-09,301分鐘,K太郎,エロガチャ,エロガチャ,,女大學生、合集、已婚婦女、中出、4小時以上作品、高畫質、巨乳,多人,https://www.javbus.com/ERGC-009,
JUSD-840 至高のオナニーライフを一ヶ月間楽しめる！！Madonna美熟女SEXカレンダー31人 16時間,JUSD-840 至高のオナニーライフを一ヶ月間楽しめる！！Madonna美熟女SEXカレンダー31人 16時間,JUSD-840,,2019-08-03,960分鐘,,マドンナ,Madonna,Madonna美熟女SEXカレンダー,成熟的女人、合集、各種職業、已婚婦女、數位馬賽克、通姦、16時間以上作品、DMM獨家,多人,https://www.javbus.com/JUSD-840,
NBES-014 JET映像 4周年記念スーパーBEST 2018年 売り上げトップ30 8時間スペシャル！！,NBES-014 JET映像 4周年記念スーパーBEST 2018年 売り上げトップ30 8時間スペシャル！！,NBES-014,,2019-08-03,480分鐘,,JET映像,JET映像,○周年記念スーパーBEST,成熟的女人、合集、4小時以上作品、出軌、戲劇、DMM獨家,多人,https://www.javbus.com/NBES-014,
ATKD-286 射精直前無理矢理中出しレイプ39連発4時間Vol.2,ATKD-286 射精直前無理矢理中出しレイプ39連発4時間Vol.2,ATKD-286,,2019-08-03,240分鐘,,アタッカーズ,AttackersBEST,射精直前無理矢理中出しレイプ,合集、4小時以上作品、戲劇、DMM獨家,多人,https://www.javbus.com/ATKD-286,
ATKD-287 生贄遊戯 拷問、緊縛、鼻フック羞恥の章,ATKD-287 生贄遊戯 拷問、緊縛、鼻フック羞恥の章,ATKD-287,,2019-08-03,480分鐘,,アタッカーズ,AttackersBEST,,SM、紧缚、性奴、羞恥、4小時以上作品、DMM獨家,多人,https://www.javbus.com/ATKD-287,
HZGB-023 一流AV監督が名シーンをマジ選抜！【必ずヌケる！】ド変態美人妻の中出しSEX！！,HZGB-023 一流AV監督が名シーンをマジ選抜！【必ずヌケる！】ド変態美人妻の中出しSEX！！,HZGB-023,,2019-08-01,300分鐘,,人妻花園劇場,人妻花園劇場,,濫交、合集、已婚婦女、戀乳癖、凌辱、中出、4小時以上作品、高畫質、出軌、戲劇、巨乳、自慰,多人,https://www.javbus.com/HZGB-023,
STTCD-032 【お得セット】私に精子を下さい・サラ金ニューハーフ社長・初緊縛SEX×初レズ3P,STTCD-032 【お得セット】私に精子を下さい・サラ金ニューハーフ社長・初緊縛SEX×初レズ3P,STTCD-032,,2019-07-30,520分鐘,,TRANSCLUB,TRANSCLUB（お得セット）,,蕩婦、紧缚、變性者、多P、高畫質、肛内中出、DMM獨家、肛交,多人,https://www.javbus.com/STTCD-032,
MIZD-148 絶対領域 無意識にパンチラ誘惑する20cmむっちりナマ足フェチズム4時間BEST,MIZD-148 絶対領域 無意識にパンチラ誘惑する20cmむっちりナマ足フェチズム4時間BEST,MIZD-148,,2019-07-27,240分鐘,,ムーディーズ,MOODYZBest,,合集、數位馬賽克、4小時以上作品、足交、內衣、及膝襪、校服、DMM獨家,多人,https://www.javbus.com/MIZD-148,
HZGB-022 人妻の口でイキたい！NTRフェラチオ100連発！,HZGB-022 人妻の口でイキたい！NTRフェラチオ100連発！,HZGB-022,,2019-07-26,300分鐘,,人妻花園劇場,imageII,,口交、合集、已婚婦女、4小時以上作品、高畫質、出軌、戲劇、巨乳、顏射、吞精,多人,https://www.javbus.com/HZGB-022,
MDBK-043 厳選！極上腰振り騎乗位痴女4時間BEST2,MDBK-043 厳選！極上腰振り騎乗位痴女4時間BEST2,MDBK-043,,2019-07-26,241分鐘,K太郎,メディアステーション,BAZOOKA（バズーカ）,厳選！極上腰振り騎乗位痴女,蕩婦、合集、淫語、女上位、4小時以上作品、高畫質,多人,https://www.javbus.com/MDBK-043,
DXBG-003 女の惨すぎる瞬間 麻薬捜査官拷問 SPECIAL BEST vol.25～vol.32 見よ！！壮絶なる暗黒の痙攣,DXBG-003 女の惨すぎる瞬間 麻薬捜査官拷問 SPECIAL BEST vol.25～vol.32 見よ！！壮絶なる暗黒の痙攣,DXBG-003,,2019-07-21,238分鐘,,BabyEntertainment,BLACKBABY,麻薬捜査官拷問,紧缚、女檢察官、拘束、凌辱、高畫質、折磨、DMM獨家,多人,https://www.javbus.com/DXBG-003,
CESD-789 美女3人の凄テク回春で極上射精ができて、そのうえ生中出しSEXで最後の一滴までザーメン搾り取ってくれる睾丸マッサージ店,CESD-789 美女3人の凄テク回春で極上射精ができて、そのうえ生中出しSEXで最後の一滴までザーメン搾り取ってくれる睾丸マッサージ店,CESD-789,,2019-07-21,130分鐘,,セレブの友,セレブの友,,蕩婦、成熟的女人、中出、美容院、按摩、高畫質、DMM獨家,多人,https://www.javbus.com/CESD-789,
ARM-782 10分で2度抜き手こきサロン2,ARM-782 10分で2度抜き手こきサロン2,ARM-782,,2019-07-20,130分鐘,,アロマ企画,AROMA,10分で2度抜き手こきサロン,乳液、美容院、高畫質、DMM獨家、迷你裙、打手槍,多人,https://www.javbus.com/ARM-782,
CJOB-046 「丸出しチンチンみ～つけたっ！」絶対に脱がされない高みの立場から興味津々に 全裸の男をいじめる着衣のお姉さんたち,CJOB-046 「丸出しチンチンみ～つけたっ！」絶対に脱がされない高みの立場から興味津々に 全裸の男をいじめる着衣のお姉さんたち,CJOB-046,,2019-07-20,240分鐘,,痴女ヘブン,痴女ヘブンBEST,,蕩婦、合集、姐姐、4小時以上作品、DMM獨家,多人,https://www.javbus.com/CJOB-046,
BIKMVR-094 【VR】巨乳 SUPER BEST ～感激するほど大きい貴女の胸に埋もれたい～,BIKMVR-094 【VR】巨乳 SUPER BEST ～感激するほど大きい貴女の胸に埋もれたい～,BIKMVR-094,,2019-07-18,111分鐘,,KMPVR-bibi-,KMPVR-bibi-,,合集、姐姐、美少女、中出、主觀視角、VR専用、巨乳,多人,https://www.javbus.com/BIKMVR-094,
KMVR-652 【VR】KMPVR監督が選ぶ‘これだけは観て欲しい！！’厳選タイトルBEST！！,KMVR-652 【VR】KMPVR監督が選ぶ‘これだけは観て欲しい！！’厳選タイトルBEST！！,KMVR-652,,2019-07-18,202分鐘,,ケイ・エム・プロデュース,KMPVR,,企畫、合集、美少女、中出、VR専用、巨乳、セレブ,多人,https://www.javbus.com/KMVR-652,
KMVR-649 【VR】この世で最も美しい女体の美学をリアル体験！！4KHQ全裸BEST,KMVR-649 【VR】この世で最も美しい女体の美学をリアル体験！！4KHQ全裸BEST,KMVR-649,,2019-07-17,121分鐘,K太郎,ケイ・エム・プロデュース,KMPVR,VRBEST,合集、美少女、中出、主觀視角、VR専用、巨乳、セレブ,多人,https://www.javbus.com/KMVR-649,
BIJC-012 美人魔女COLLECTION Vol.12,BIJC-012 美人魔女COLLECTION Vol.12,BIJC-012,,2019-07-14,282分鐘,,美人魔女/エマニエル,美人魔女,美人魔女,成熟的女人、合集、纪录片、中出、4小時以上作品、高畫質、DMM獨家,多人,https://www.javbus.com/BIJC-012,
RBB-162 子宮の奥まで届きそうな種付け＆孕ませのもの凄くエロい中出し8時間,RBB-162 子宮の奥まで届きそうな種付け＆孕ませのもの凄くエロい中出し8時間,RBB-162,,2019-07-13,480分鐘,,ROOKIE,ROOKIE,,其他戀物癖、美少女、乳房、中出、4小時以上作品、巨乳、DMM獨家,多人,https://www.javbus.com/RBB-162,
PPBD-163 イクイク大痙攣！！激ピストンおっぱい爆揺れ騎乗位ラッシュBEST,PPBD-163 イクイク大痙攣！！激ピストンおっぱい爆揺れ騎乗位ラッシュBEST,PPBD-163,,2019-07-13,240分鐘,,OPPAI,OPPAI,,苗條、合集、戀乳癖、女上位、4小時以上作品、超乳、巨乳、DMM獨家,多人,https://www.javbus.com/PPBD-163,
XRW-716 女教師強姦 放課後の惨劇,XRW-716 女教師強姦 放課後の惨劇,XRW-716,,2019-07-12,120分鐘,ディラン富増,レアルワークス,REAL（レアルワークス）,,女教師、姐姐、高畫質,多人,https://www.javbus.com/XRW-716,
DECHA-005 【VR】私達結婚しました！VRであなたも『ひびはた』になってEXなシンクロレズ体験をしよう！大槻ひびき・波多野結衣,DECHA-005 【VR】私達結婚しました！VRであなたも『ひびはた』になってEXなシンクロレズ体験をしよう！大槻ひびき・波多野結衣,DECHA-005,,2019-07-11,87分鐘,立山達郎,DynamicEyes,ダイナミックアイズVR,,女同性戀、手指插入、女同接吻、按摩棒、VR専用、花嫁、セレブ,多人,https://www.javbus.com/DECHA-005,
CESD-787 八乃つばさ まるごと完全収録1179分BEST,CESD-787 八乃つばさ まるごと完全収録1179分BEST,CESD-787,,2019-07-08,1179分鐘,,セレブの友,セレブの友,○○まるごと完全収録,蕩婦、成熟的女人、亂倫、女優ベスト・総集編、16時間以上作品、DMM獨家,多人,https://www.javbus.com/CESD-787,
DVAJ-404 美少女にじっくりねっとり痴女られる5時間,DVAJ-404 美少女にじっくりねっとり痴女られる5時間,DVAJ-404,,2019-07-08,300分鐘,神田うさぎ,アリスJAPAN,アリスJAPAN,,蕩婦、合集、女上位、4小時以上作品、高畫質、DMM獨家,多人,https://www.javbus.com/DVAJ-404,
DECHA-004 【VR】VR とにかく今夜は『ひびはた』と、もの凄いSEXがしたい！大槻ひびき・波多野結衣,DECHA-004 【VR】VR とにかく今夜は『ひびはた』と、もの凄いSEXがしたい！大槻ひびき・波多野結衣,DECHA-004,,2019-07-04,95分鐘,立山達郎,DynamicEyes,ダイナミックアイズVR,,蕩婦、多P、主觀視角、VR専用、花嫁、セレブ、自慰,多人,https://www.javbus.com/DECHA-004,
NBES-013 僕のねとられ話しを聞いてほしいスーパーBEST 8時間スペシャル part4,NBES-013 僕のねとられ話しを聞いてほしいスーパーBEST 8時間スペシャル part4,NBES-013,,2019-07-04,480分鐘,,JET映像,JET映像,僕のねとられ話しを聞いてほしい,成熟的女人、合集、4小時以上作品、出軌、巨乳、DMM獨家,多人,https://www.javbus.com/NBES-013,
JUSD-836 人妻が最も罪悪感を忘れて乱れまくる射精90秒前の激ピストン300連発,JUSD-836 人妻が最も罪悪感を忘れて乱れまくる射精90秒前の激ピストン300連発,JUSD-836,,2019-07-04,480分鐘,,マドンナ,Madonna,,成熟的女人、合集、已婚婦女、數位馬賽克、通姦、4小時以上作品、巨乳、DMM獨家,多人,https://www.javbus.com/JUSD-836,
ATKD-285 魅惑の黒パンスト凌辱8時間,ATKD-285 魅惑の黒パンスト凌辱8時間,ATKD-285,,2019-07-04,480分鐘,,アタッカーズ,AttackersBEST,,合集、連褲襪、4小時以上作品、DMM獨家,多人,https://www.javbus.com/ATKD-285,
BMW-183 2018年作品完全コンプリート中出しSEXベスト8時間,BMW-183 2018年作品完全コンプリート中出しSEXベスト8時間,BMW-183,,2019-06-29,480分鐘,,ワンズファクトリー,WANZ,,合集、姐姐、中出、4小時以上作品、巨乳、DMM獨家,多人,https://www.javbus.com/BMW-183,
MIAA-102 今日はお前らの乳首イジり倒してやるからな！！ こねくり痴女責めで悶絶！寸止め！常にギュ～ン性交 波多野結衣 美谷朱里,MIAA-102 今日はお前らの乳首イジり倒してやるからな！！ こねくり痴女責めで悶絶！寸止め！常にギュ～ン性交 波多野結衣 美谷朱里,MIAA-102,,2019-06-29,120分鐘,五右衛門,ムーディーズ,みんなのキカタン,今日はお前らの乳首イジり倒してやるからな！！,蕩婦、其他戀物癖、淫語、數位馬賽克、高畫質、M男、DMM獨家、打手槍,多人,https://www.javbus.com/MIAA-102,
MIZD-144 男がボク1人だけになった世界。王様ハーレムフェラで射精しまくるボク。BEST,MIZD-144 男がボク1人だけになった世界。王様ハーレムフェラで射精しまくるボク。BEST,MIZD-144,,2019-06-29,240分鐘,,ムーディーズ,MOODYZBest,,口交、合集、美少女、數位馬賽克、4小時以上作品、顏射、ハーレム、DMM獨家,多人,https://www.javbus.com/MIZD-144,
REAL-700 下品なデカチチ女をこれでもかとイカせまくる！巨乳女イカセ240分,REAL-700 下品なデカチチ女をこれでもかとイカせまくる！巨乳女イカセ240分,REAL-700,,2019-06-28,240分鐘,K太郎,レアルワークス,REAL（レアルワークス）,,紧缚、合集、花癡、4小時以上作品、女優按摩棒、高畫質、巨乳、アクメ・オーガズム,多人,https://www.javbus.com/REAL-700,
HZGB-021 夫以外のザーメンが膣中に欲しい！孕ませられ願望妻,HZGB-021 夫以外のザーメンが膣中に欲しい！孕ませられ願望妻,HZGB-021,,2019-06-28,301分鐘,,人妻花園劇場,人妻花園劇場,,合集、已婚婦女、凌辱、中出、4小時以上作品、高畫質、出軌、戲劇、巨乳,多人,https://www.javbus.com/HZGB-021,
MDBK-039 豪華女優陣による 極上筆おろしベスト エロすぎ筆おろしシチュエーション30コーナー収録！,MDBK-039 豪華女優陣による 極上筆おろしベスト エロすぎ筆おろしシチュエーション30コーナー収録！,MDBK-039,,2019-06-28,240分鐘,K太郎,メディアステーション,BAZOOKA（バズーカ）,,蕩婦、合集、4小時以上作品、高畫質、處男、ハーレム、巨乳,多人,https://www.javbus.com/MDBK-039,
BIKMVR-086 【VR】平成でもっとも売れたbibiレーベル30タイトル300分/～ありがとう平成！よろしく令和！～,BIKMVR-086 【VR】平成でもっとも売れたbibiレーベル30タイトル300分/～ありがとう平成！よろしく令和！～,BIKMVR-086,,2019-06-24,300分鐘,,KMPVR-bibi-,KMPVR-bibi-,,合集、姐姐、美少女、中出、主觀視角、VR専用、巨乳、セレブ,多人,https://www.javbus.com/BIKMVR-086,
DGCESD-778 ★配信限定！特典映像付★羽生ありさのデカ尻アナルをひびはたが責める3Pレズビアン,DGCESD-778 ★配信限定！特典映像付★羽生ありさのデカ尻アナルをひびはたが責める3Pレズビアン,DGCESD-778,,2019-06-23,200分鐘,,セレブの友,セレブの友,ひびはたが責める3Pレズビアン,成熟的女人、女同性戀、花癡、多P、高畫質、肛内中出、巨乳、DMM獨家、肛交,多人,https://www.javbus.com/DGCESD-778,
CESD-784 エビ反り！お漏らし！生中出し！ド淫乱熟女のイキっぱなしSEX16時間,CESD-784 エビ反り！お漏らし！生中出し！ド淫乱熟女のイキっぱなしSEX16時間,CESD-784,,2019-06-23,960分鐘,,セレブの友,セレブの友,,成熟的女人、合集、已婚婦女、中出、16時間以上作品、巨乳、DMM獨家,多人,https://www.javbus.com/CESD-784,
CESD-778 羽生ありさのデカ尻アナルをひびはたが責める3Pレズビアン,CESD-778 羽生ありさのデカ尻アナルをひびはたが責める3Pレズビアン,CESD-778,,2019-06-23,150分鐘,,セレブの友,セレブの友,ひびはたが責める3Pレズビアン,成熟的女人、女同性戀、花癡、高畫質、肛内中出、巨乳、DMM獨家,多人,https://www.javbus.com/CESD-778,
ARM-774 肌がふれあう密着回春マッサージ,ARM-774 肌がふれあう密着回春マッサージ,ARM-774,,2019-06-20,120分鐘,,アロマ企画,AROMA,,企畫、美容院、按摩、高畫質、キス・接吻、DMM獨家、打手槍,多人,https://www.javbus.com/ARM-774,
KMVR-626 【VR】新元号令和特別版 4KHQ300分 PREMIUM BEST,KMVR-626 【VR】新元号令和特別版 4KHQ300分 PREMIUM BEST,KMVR-626,,2019-06-19,301分鐘,K太郎,ケイ・エム・プロデュース,KMPVR,VRBEST,合集、4小時以上作品、主觀視角、VR専用、高中女生、巨乳、セレブ,多人,https://www.javbus.com/KMVR-626,
BDA-092 女囚緊縛 檻の中の悲劇 波多野結衣,BDA-092 女囚緊縛 檻の中の悲劇 波多野結衣,BDA-092,,2019-06-16,125分鐘,あばしり一家,バミューダ/妄想族,バミューダ/妄想族,,女同性戀、紧缚、拘束、高畫質、DMM獨家,多人,https://www.javbus.com/BDA-092,
ADD-048 ドグマ2018下半期作品集,ADD-048 ドグマ2018下半期作品集,ADD-048,,2019-06-16,240分鐘,,ドグマ,Dogma,ドグマ作品集,蕩婦、成熟的女人、SM、合集、4小時以上作品、高畫質、DMM獨家,多人,https://www.javbus.com/ADD-048,
RBB-158 本能が目醒めて貪り合う！ 汗だくになるほど没頭する汁だく肉欲SEXベスト8時間,RBB-158 本能が目醒めて貪り合う！ 汗だくになるほど没頭する汁だく肉欲SEXベスト8時間,RBB-158,,2019-06-15,480分鐘,,ROOKIE,ROOKIE,,合集、4小時以上作品、キス・接吻、汗だく、DMM獨家,多人,https://www.javbus.com/RBB-158,
RBB-160 抜きや本番は当たり前！メンズエステ＆性感マッサージ8時間,RBB-160 抜きや本番は当たり前！メンズエステ＆性感マッサージ8時間,RBB-160,,2019-06-15,480分鐘,,ROOKIE,ROOKIE,,妓女、4小時以上作品、美容院、按摩、DMM獨家、打手槍,多人,https://www.javbus.com/RBB-160,
MKMP-282 あの女優も！この女優も！無残にも犯される人気アイドル女優たち 240分,MKMP-282 あの女優も！この女優も！無残にも犯される人気アイドル女優たち 240分,MKMP-282,,2019-06-14,240分鐘,K太郎,ケイ・エム・プロデュース,million（ミリオン）,,紧缚、合集、花癡、中出、4小時以上作品、高畫質,多人,https://www.javbus.com/MKMP-282,
3DSVR-0463 隣の部屋がAVスタジオだったらVR,3DSVR-0463 隣の部屋がAVスタジオだったらVR,3DSVR-0463,,2019-06-14,98分鐘,ZAMPA,SODクリエイト,SODVR,,姐姐、女上位、巨乳,多人,https://www.javbus.com/3DSVR-0463,
DSVR-461 【VR】フェラ舌VR 美しい口元から伸びるエロ舌がチ○コにイヤラしく絡みつく,DSVR-461 【VR】フェラ舌VR 美しい口元から伸びるエロ舌がチ○コにイヤラしく絡みつく,DSVR-461,,2019-06-14,154分鐘,森川圭,SODクリエイト,SODVR,,口交、姐姐、美少女、妄想、VR専用、泳裝、セレブ,多人,https://www.javbus.com/DSVR-461,
3DSVR-0461 フェラ舌VR 美しい口元から伸びるエロ舌がチ◯コにイヤラしく絡みつく,3DSVR-0461 フェラ舌VR 美しい口元から伸びるエロ舌がチ◯コにイヤラしく絡みつく,3DSVR-0461,,2019-06-14,154分鐘,森川圭,SODクリエイト,SODVR,,口交、姐姐、美少女、泳裝,多人,https://www.javbus.com/3DSVR-0461,
DSVR-463 【VR】隣の部屋がAVスタジオだったらVR,DSVR-463 【VR】隣の部屋がAVスタジオだったらVR,DSVR-463,,2019-06-14,98分鐘,ZAMPA,SODクリエイト,SODVR,,企畫、姐姐、倒追、女上位、VR専用、巨乳、セレブ,多人,https://www.javbus.com/DSVR-463,
MAXVR-031 【VR】高画質 湿った黒パンスト 挑発オナニーJOI,MAXVR-031 【VR】高画質 湿った黒パンスト 挑発オナニーJOI,MAXVR-031,,2019-06-12,102分鐘,トロモロコシ,マックスエー,MAX-AVR,,連褲襪、戀腿癖、主觀視角、猥褻穿著、VR専用、オナサポ、DMM獨家,多人,https://www.javbus.com/MAXVR-031,
CESD-772 ご近所でチ○ポをシェア！若い男を喰いまくる肉食系の奥様たち 森沢かな 波多野結衣 大槻ひびき,CESD-772 ご近所でチ○ポをシェア！若い男を喰いまくる肉食系の奥様たち 森沢かな 波多野結衣 大槻ひびき,CESD-772,,2019-06-09,125分鐘,,セレブの友,セレブの友,,蕩婦、成熟的女人、花癡、通姦、高畫質、巨尻、DMM獨家,多人,https://www.javbus.com/CESD-772,
MIZD-142 常にこねくりギュ～ンで限界射精！！ 乳首イジり痴女責めラッシュ4時間,MIZD-142 常にこねくりギュ～ンで限界射精！！ 乳首イジり痴女責めラッシュ4時間,MIZD-142,,2019-06-08,240分鐘,,ムーディーズ,MOODYZBest,,蕩婦、其他戀物癖、淫語、數位馬賽克、4小時以上作品、M男、DMM獨家、打手槍,多人,https://www.javbus.com/MIZD-142,
HJD-003 人妻・熟女 極上100作品 8時間,HJD-003 人妻・熟女 極上100作品 8時間,HJD-003,,2019-06-06,477分鐘,,グローバルメディアエンタテインメント,ハイパー熟道,,成熟的女人、SM、苗條、母親、紧缚、合集、亂倫、監禁、已婚婦女、花癡、數位馬賽克、性奴、拘束、凌辱、羞恥、中出、4小時以上作品、高畫質、出軌、戲劇、巨乳,多人,https://www.javbus.com/HJD-003,
KBVR-011 【VR】ウェルカム新時代！KMPVR史上最大の長尺ストーリー！LIFE！！～とある天使に導かれ…人生丸ごとモテ期になったボクと、10人の美女たち～,KBVR-011 【VR】ウェルカム新時代！KMPVR史上最大の長尺ストーリー！LIFE！！～とある天使に導かれ…人生丸ごとモテ期になったボクと、10人の美女たち～,KBVR-011,,2019-06-05,373分鐘,ジーニアス膝,KMPVR-彩-,KMPVR-彩-,,多P、中出、戲劇、ハーレム、VR専用、高中女生、セレブ、DMM獨家,多人,https://www.javbus.com/KBVR-011,
OVG-104 撮影の合間にメイクルームでオナニーをこっそりスマホで自撮りするAV女優達 vol.1,OVG-104 撮影の合間にメイクルームでオナニーをこっそりスマホで自撮りするAV女優達 vol.1,OVG-104,,2019-06-05,240分鐘,,グローリークエスト,GLORYQUEST,,蕩婦、4小時以上作品、高畫質、按摩棒、巨乳、自慰,多人,https://www.javbus.com/OVG-104,
CADV-718 絶品エロBODYの競泳水着FUCK8時間！！,CADV-718 絶品エロBODYの競泳水着FUCK8時間！！,CADV-718,,2019-06-02,480分鐘,,クリスタル映像,CRYSTALEX,,無毛、4小時以上作品、高畫質、眼鏡、巨乳、學校泳裝,多人,https://www.javbus.com/CADV-718,
ATKD-283 レイプはやっぱり一対一に限る！ タイマンレイプ8時間BEST,ATKD-283 レイプはやっぱり一対一に限る！ タイマンレイプ8時間BEST,ATKD-283,,2019-06-01,480分鐘,,アタッカーズ,AttackersBEST,,合集、美少女、4小時以上作品、巨乳、DMM獨家,多人,https://www.javbus.com/ATKD-283,
ATKD-282 厳選 癒し系美人妻20人 8時間凌辱スペシャル！,ATKD-282 厳選 癒し系美人妻20人 8時間凌辱スペシャル！,ATKD-282,,2019-06-01,480分鐘,,アタッカーズ,AttackersBEST,,已婚婦女、凌辱、4小時以上作品、DMM獨家,多人,https://www.javbus.com/ATKD-282,
BF-577 SEXはやっぱり二人きりがイイ。 生々しい素顔のSEX30本番8時間,BF-577 SEXはやっぱり二人きりがイイ。 生々しい素顔のSEX30本番8時間,BF-577,,2019-06-01,480分鐘,,BeFree,BeFree,,第一人稱攝影、合集、4小時以上作品、巨乳、DMM獨家,多人,https://www.javbus.com/BF-577,
MDBK-030 男たちの願望を全て満たしてくれるBAZOOKA式風俗案内所！！,MDBK-030 男たちの願望を全て満たしてくれるBAZOOKA式風俗案内所！！,MDBK-030,,2019-05-31,241分鐘,K太郎,メディアステーション,BAZOOKA（バズーカ）,,角色扮演、乳交、合集、妓女、多P、中出、4小時以上作品、高畫質,多人,https://www.javbus.com/MDBK-030,
REAL-698 底なしの性欲をチ●ポにぶつけて男を手玉に取るド痴女32人BEST4時間,REAL-698 底なしの性欲をチ●ポにぶつけて男を手玉に取るド痴女32人BEST4時間,REAL-698,,2019-05-31,240分鐘,K太郎,レアルワークス,REAL（レアルワークス）,,蕩婦、合集、淫語、女上位、4小時以上作品、高畫質、內衣、打手槍,多人,https://www.javbus.com/REAL-698,
XRW-693 女教師ぶっかけ輪姦 教え子の大量ザーメンを顔で受け止める！,XRW-693 女教師ぶっかけ輪姦 教え子の大量ザーメンを顔で受け止める！,XRW-693,,2019-05-31,120分鐘,ディラン富増,レアルワークス,REAL（レアルワークス）,,女教師、凌辱、高畫質、顏射,多人,https://www.javbus.com/XRW-693,
JFB-175 接吻乳首責めレズビアンBEST8時間 ～痴女達の卑猥なレズキスニップル調教～,JFB-175 接吻乳首責めレズビアンBEST8時間 ～痴女達の卑猥なレズキスニップル調教～,JFB-175,,2019-05-25,480分鐘,,Fitch,Fitch,接吻乳首責めレズビアン,女同性戀、花癡、數位馬賽克、性奴、4小時以上作品、女同接吻、巨乳、DMM獨家,多人,https://www.javbus.com/JFB-175,
MIVR-047 【VR】シンプルにヌケるが一番！美痴女のオナサポで即シコVR。誘惑痴女編,MIVR-047 【VR】シンプルにヌケるが一番！美痴女のオナサポで即シコVR。誘惑痴女編,MIVR-047,,2019-05-23,69分鐘,,MILUVR,MILUVR,シンプルにヌケるが一番！美痴女のオナサポで即シコVR。,身體意識、淫語、偷窥、VR専用、女生、打手槍,多人,https://www.javbus.com/MIVR-047,
ARM-764 ブリーフの穴から引っ張り出した竿を喉奥に含んだまま亀頭を舌でかき混ぜ続ける最強に気持ちいいフェラチオ,ARM-764 ブリーフの穴から引っ張り出した竿を喉奥に含んだまま亀頭を舌でかき混ぜ続ける最強に気持ちいいフェラチオ,ARM-764,,2019-05-20,113分鐘,,アロマ企画,AROMA,,口交、高畫質、DMM獨家、局部特寫、吞精,多人,https://www.javbus.com/ARM-764,
JUSD-830 2018年マドンナ全363タイトル12時間,JUSD-830 2018年マドンナ全363タイトル12時間,JUSD-830,,2019-05-19,720分鐘,,マドンナ,Madonna,○○年マドンナ全タイトル,成熟的女人、合集、各種職業、已婚婦女、數位馬賽克、4小時以上作品、戲劇、DMM獨家,多人,https://www.javbus.com/JUSD-830,
HNDB-138 2018年【本中】下半期傑作選！全151発！！2018年8月～2019年1月,HNDB-138 2018年【本中】下半期傑作選！全151発！！2018年8月～2019年1月,HNDB-138,,2019-05-19,480分鐘,,本中,本中,本中半期傑作集！,合集、美少女、中出、4小時以上作品、DMM獨家,多人,https://www.javbus.com/HNDB-138,
CJOB-044 SEX中の最も振り乱れ＆気持ちいいイク直前のラストスパートから暴発するまで痴女ピストン,CJOB-044 SEX中の最も振り乱れ＆気持ちいいイク直前のラストスパートから暴発するまで痴女ピストン,CJOB-044,,2019-05-19,240分鐘,,痴女ヘブン,痴女ヘブンBEST,,蕩婦、合集、姐姐、中出、女上位、4小時以上作品、DMM獨家,多人,https://www.javbus.com/CJOB-044,
HNDB-139 ハーレム中出し天国 女の娘集団にいっぱい中出しせがまれる4時間Special,HNDB-139 ハーレム中出し天国 女の娘集団にいっぱい中出しせがまれる4時間Special,HNDB-139,,2019-05-19,240分鐘,,本中,本中,,蕩婦、濫交、合集、美少女、4小時以上作品、ハーレム、DMM獨家,多人,https://www.javbus.com/HNDB-139,
LZBS-046 レズれ！ 快楽堕ち必至のオイルマッサージ・セックス 厳選ベスト5時間 淫乱エステで女がハマるワレメサービスお見せします！,LZBS-046 レズれ！ 快楽堕ち必至のオイルマッサージ・セックス 厳選ベスト5時間 淫乱エステで女がハマるワレメサービスお見せします！,LZBS-046,,2019-05-17,300分鐘,,レズれ！,レズれ！ベスト,,女同性戀、合集、4小時以上作品、美容院、按摩、高畫質、DMM獨家,多人,https://www.javbus.com/LZBS-046,
IPVR-025 【VR】HQ超綺麗映像 美しい女達レズビアン 大好きな彼女の浮気相手はまさかのオンナ… 天海つばさ 波多野結衣,IPVR-025 【VR】HQ超綺麗映像 美しい女達レズビアン 大好きな彼女の浮気相手はまさかのオンナ… 天海つばさ 波多野結衣,IPVR-025,,2019-05-17,95分鐘,ZAMPA,アイデアポケット,IP-VR,,女同性戀、偷窥、舔陰、女同接吻、出軌、VR専用、セレブ、DMM獨家,多人,https://www.javbus.com/IPVR-025,
VRTM-431 魅惑の黒パンスト穿いたデカ尻OLが淫らにイキ乱れる激ピストンSEX！ 18名全員黒パンストぶっかけ！,VRTM-431 魅惑の黒パンスト穿いたデカ尻OLが淫らにイキ乱れる激ピストンSEX！ 18名全員黒パンストぶっかけ！,VRTM-431,,2019-05-17,300分鐘,,V＆RPRODUCE,V＆RPRODUCE,,企畫、OL、合集、亂倫、連褲襪、戀腿癖、4小時以上作品、足交、高畫質、故事集,多人,https://www.javbus.com/VRTM-431,
PPBD-159 射精寸前の超快感パイズリラッシュ100連発 オッパイでいっぱいイッちゃってぇ挟射スペシャル,PPBD-159 射精寸前の超快感パイズリラッシュ100連発 オッパイでいっぱいイッちゃってぇ挟射スペシャル,PPBD-159,,2019-05-16,240分鐘,,OPPAI,OPPAI,,乳交、合集、戀乳癖、4小時以上作品、超乳、巨乳、DMM獨家,多人,https://www.javbus.com/PPBD-159,
MDVR-045 【VR】女性AV監督の現場を見学中に男優の現場バラシハプニング勃発！！ボクのチ○ポにAV女優がむらがる、夢のようなハーレム体験VR！！ 体液マニアのボクのために大量唾液！中出しSEX3連発！ラストは大量放尿ご褒美プレイ！！,MDVR-045 【VR】女性AV監督の現場を見学中に男優の現場バラシハプニング勃発！！ボクのチ○ポにAV女優がむらがる、夢のようなハーレム体験VR！！ 体液マニアのボクのために大量唾液！中出しSEX3連発！ラストは大量放尿ご褒美プレイ！！,MDVR-045,,2019-05-15,121分鐘,真咲南朋,ムーディーズ,MOODYZVR,,放尿、中出、3D、ハーレム、キス・接吻、VR専用、セレブ、DMM獨家,多人,https://www.javbus.com/MDVR-045,
CESD-765 翔田千里21時間39分ベスト,CESD-765 翔田千里21時間39分ベスト,CESD-765,,2019-05-12,1299分鐘,,セレブの友,セレブの友,,成熟的女人、中出、出軌、女優ベスト・総集編、16時間以上作品、巨乳、DMM獨家,多人,https://www.javbus.com/CESD-765,
CESD-764 森沢かなの絶品美尻アナルをひびはたが責める3Pレズビアン,CESD-764 森沢かなの絶品美尻アナルをひびはたが責める3Pレズビアン,CESD-764,,2019-05-12,139分鐘,,セレブの友,セレブの友,,成熟的女人、女同性戀、花癡、肛内中出、巨乳、DMM獨家,多人,https://www.javbus.com/CESD-764,
DGCESD-764 ★配信限定！特典映像付★森沢かなの絶品美尻アナルをひびはたが責める3Pレズビアン,DGCESD-764 ★配信限定！特典映像付★森沢かなの絶品美尻アナルをひびはたが責める3Pレズビアン,DGCESD-764,,2019-05-12,198分鐘,,セレブの友,セレブの友,,成熟的女人、女同性戀、花癡、多P、高畫質、巨乳、DMM獨家、肛交,多人,https://www.javbus.com/DGCESD-764,
IDBD-799 AV界史上最高レベル！ アイデアポケット女優一大集結！！2018年 超豪華8時間BEST,IDBD-799 AV界史上最高レベル！ アイデアポケット女優一大集結！！2018年 超豪華8時間BEST,IDBD-799,,2019-05-11,480分鐘,,アイデアポケット,アイデアポケットBEST,,蕩婦、口交、合集、妓女、數位馬賽克、首次亮相、4小時以上作品、DMM獨家,多人,https://www.javbus.com/IDBD-799,
MIZD-138 超高級中出し専門ソープ 大ボリューム8タイトル 8時間BEST vol.3,MIZD-138 超高級中出し専門ソープ 大ボリューム8タイトル 8時間BEST vol.3,MIZD-138,,2019-05-11,480分鐘,,ムーディーズ,MOODYZBest,超高級中出し専門ソープ,合集、妓女、數位馬賽克、乳液、中出、巨乳、ヘルス・ソープ、DMM獨家、內衣,多人,https://www.javbus.com/MIZD-138,
ATKD-281 犯され顔の美しい女たち中出しレイプ8時間,ATKD-281 犯され顔の美しい女たち中出しレイプ8時間,ATKD-281,,2019-05-04,480分鐘,,アタッカーズ,AttackersBEST,,合集、中出、4小時以上作品、巨乳、DMM獨家,多人,https://www.javbus.com/ATKD-281,
NBES-011 JET映像 2018年下半期 40タイトル全部入りスペシャルBEST,NBES-011 JET映像 2018年下半期 40タイトル全部入りスペシャルBEST,NBES-011,,2019-05-04,480分鐘,,JET映像,JET映像,,成熟的女人、合集、4小時以上作品、出軌、巨乳、DMM獨家,多人,https://www.javbus.com/NBES-011,
PHD-003 緊縛奴隷夫人 縛られて犯される人妻たち 12人4時間,PHD-003 緊縛奴隷夫人 縛られて犯される人妻たち 12人4時間,PHD-003,,2019-04-30,239分鐘,,バミューダ,フェニックス,,成熟的女人、紧缚、合集、4小時以上作品、高畫質,多人,https://www.javbus.com/PHD-003,
MIZD-136 毎日シコシコ性欲UP！！ フル勃起回春マッサージSEXカレンダー8時間,MIZD-136 毎日シコシコ性欲UP！！ フル勃起回春マッサージSEXカレンダー8時間,MIZD-136,,2019-04-27,480分鐘,,ムーディーズ,MOODYZBest,,蕩婦、合集、數位馬賽克、女上位、4小時以上作品、美容院、按摩、DMM獨家、打手槍,多人,https://www.javbus.com/MIZD-136,
MDBK-021 全コーナーSEXのみ！アナタだけを見つめるラブラブプレイの主観セックスベスト4時間,MDBK-021 全コーナーSEXのみ！アナタだけを見つめるラブラブプレイの主観セックスベスト4時間,MDBK-021,,2019-04-26,241分鐘,K太郎,メディアステーション,BAZOOKA（バズーカ）,,合集、中出、4小時以上作品、主觀視角、高畫質、ハーレム,多人,https://www.javbus.com/MDBK-021,
MDBK-022 裸の美女に埋め尽くされる！！一糸纏わぬ全編全裸BEST30 4時間,MDBK-022 裸の美女に埋め尽くされる！！一糸纏わぬ全編全裸BEST30 4時間,MDBK-022,,2019-04-26,241分鐘,K太郎,メディアステーション,BAZOOKA（バズーカ）,,合集、多P、中出、4小時以上作品、高畫質、ハーレム,多人,https://www.javbus.com/MDBK-022,
CESD-757 淫語連発！デカ尻杭打ちピストン！多人数チ○ポの同時ヌキ！ド淫乱痴女の本気SEX26時間8枚組,CESD-757 淫語連発！デカ尻杭打ちピストン！多人数チ○ポの同時ヌキ！ド淫乱痴女の本気SEX26時間8枚組,CESD-757,,2019-04-21,1560分鐘,,セレブの友,セレブの友,,蕩婦、成熟的女人、中出、16時間以上作品、巨乳、DMM獨家,多人,https://www.javbus.com/CESD-757,
TCD-220 オトコノ娘 初めてのオマ○コ挿入×童貞卒業ドキュメント 菜の花涼香 波多野結衣,TCD-220 オトコノ娘 初めてのオマ○コ挿入×童貞卒業ドキュメント 菜の花涼香 波多野結衣,TCD-220,,2019-04-21,163分鐘,,TRANSCLUB,TRANSCLUB,,變性者、花癡、高畫質、處男、女裝人妖、肛内中出、DMM獨家,多人,https://www.javbus.com/TCD-220,
DGCESD-749 ★配信限定！特典映像付★波多野結衣のオトコノ娘童貞狩りドキュメント4,DGCESD-749 ★配信限定！特典映像付★波多野結衣のオトコノ娘童貞狩りドキュメント4,DGCESD-749,,2019-04-21,163分鐘,,セレブの友,セレブの友,オトコノ娘童貞狩りドキュメント,成熟的女人、花癡、高畫質、處男、女裝人妖、DMM獨家、肛交,多人,https://www.javbus.com/DGCESD-749,
CESD-749 波多野結衣のオトコノ娘童貞狩りドキュメント4,CESD-749 波多野結衣のオトコノ娘童貞狩りドキュメント4,CESD-749,,2019-04-21,139分鐘,,セレブの友,セレブの友,オトコノ娘童貞狩りドキュメント,成熟的女人、花癡、高畫質、處男、女裝人妖、DMM獨家、肛交,多人,https://www.javbus.com/CESD-749,
CJOB-043 ノンスキンOK！ソープ限定ご奉仕マットSEXでドピュドピュ無制限中出ししてしまったボク,CJOB-043 ノンスキンOK！ソープ限定ご奉仕マットSEXでドピュドピュ無制限中出ししてしまったボク,CJOB-043,,2019-04-20,240分鐘,,痴女ヘブン,痴女ヘブンBEST,,蕩婦、合集、妓女、姐姐、中出、4小時以上作品、ヘルス・ソープ、DMM獨家,多人,https://www.javbus.com/CJOB-043,
DASD-523 催眠洗脳された巨乳妻は嫌がりながらも淫乱ビッチになっていた 川上ゆう 波多野結衣,DASD-523 催眠洗脳された巨乳妻は嫌がりながらも淫乱ビッチになっていた 川上ゆう 波多野結衣,DASD-523,,2019-04-20,120分鐘,三島六三郎,ダスッ！,ダスッ！,催眠洗脳された○○は嫌がりながらも淫乱ビッチになっていた。,已婚婦女、中出、催眠、高畫質、戲劇、巨乳、DMM獨家,多人,https://www.javbus.com/DASD-523,
HFD-191 ベロい接吻,HFD-191 ベロい接吻,HFD-191,,2019-04-19,243分鐘,,ドリームチケット,,,蕩婦、口交、合集、4小時以上作品、高畫質、キス・接吻,多人,https://www.javbus.com/HFD-191,
WAVR-046 【VR】学生時代の同級生2人に前から！後から！ノリノリで痴女られる！！ フロントでたっぷりチ○ポを責められながら、バックで羽交い締めにされバイノーラル淫語を囁かれる超ドS痴女たちのコンビネーションVR！！,WAVR-046 【VR】学生時代の同級生2人に前から！後から！ノリノリで痴女られる！！ フロントでたっぷりチ○ポを責められながら、バックで羽交い締めにされバイノーラル淫語を囁かれる超ドS痴女たちのコンビネーションVR！！,WAVR-046,,2019-04-18,118分鐘,真咲南朋,ワンズファクトリー,WANZVR,ノリノリで痴女られる！！,蕩婦、多P、乳房、女同接吻、キス・接吻、VR専用、セレブ、DMM獨家,多人,https://www.javbus.com/WAVR-046,
MXSPS-609 720時間禁欲させ排卵日に久しぶりにHしたら白濁汁をダラダラ垂れ流して絶頂を繰り返す欲求不満女子。THE BEST 4時間,MXSPS-609 720時間禁欲させ排卵日に久しぶりにHしたら白濁汁をダラダラ垂れ流して絶頂を繰り返す欲求不満女子。THE BEST 4時間,MXSPS-609,,2019-04-16,240分鐘,,マキシング,MAXING,○○時間禁欲させ排卵日に久しぶりにHしたら…,合集、4小時以上作品、高畫質,多人,https://www.javbus.com/MXSPS-609,
PHD-005 緊縛媚薬レイプ 闇に潜む鬼たち 4時間 17人の犠牲者,PHD-005 緊縛媚薬レイプ 闇に潜む鬼たち 4時間 17人の犠牲者,PHD-005,,2019-04-16,240分鐘,,バミューダ,フェニックス,,藥物、紧缚、4小時以上作品、高畫質,多人,https://www.javbus.com/PHD-005,
EMRD-127 S.S.S.（吸って・しゃぶって・搾りとる）超ド級フェラチオ8時間,EMRD-127 S.S.S.（吸って・しゃぶって・搾りとる）超ド級フェラチオ8時間,EMRD-127,,2019-04-14,480分鐘,,エンペラー/妄想族,エンペラー（エンペラー/妄想族）,,口交、合集、深喉、4小時以上作品、巨乳、DMM獨家、吞精,多人,https://www.javbus.com/EMRD-127,
EMAZ-388 熟女がガニ股でオマ○コ見せつけるド淫乱オナニー8時間,EMAZ-388 熟女がガニ股でオマ○コ見せつけるド淫乱オナニー8時間,EMAZ-388,,2019-04-14,480分鐘,,婦人社/エマニエル,婦人社,,成熟的女人、合集、4小時以上作品、按摩棒、巨乳、DMM獨家、自慰,多人,https://www.javbus.com/EMAZ-388,
RBB-155 めっちゃ可愛くて頼んだらSEXさせてくれそうなスケベなお姉さんの気持ち良すぎるセックス！,RBB-155 めっちゃ可愛くて頼んだらSEXさせてくれそうなスケベなお姉さんの気持ち良すぎるセックス！,RBB-155,,2019-04-13,480分鐘,,ROOKIE,ROOKIE,,合集、花癡、姐姐、美少女、乳房、4小時以上作品、DMM獨家,多人,https://www.javbus.com/RBB-155,
GRCH-3031 北野翔太 Best collection vol.3 リアル編,GRCH-3031 北野翔太 Best collection vol.3 リアル編,GRCH-3031,,2019-04-12,153分鐘,,GIRL’SCH,GIRL’SCH,bestcollection（GIRL’SCH）,企畫、第一人稱攝影、合集、爛醉如泥的、高畫質、給女性觀眾,多人,https://www.javbus.com/GRCH-3031,
CESD-747 推川ゆうり21時間19分ベスト,CESD-747 推川ゆうり21時間19分ベスト,CESD-747,,2019-04-08,1279分鐘,,セレブの友,セレブの友,,成熟的女人、花癡、女優ベスト・総集編、肛内中出、16時間以上作品、巨乳、DMM獨家,多人,https://www.javbus.com/CESD-747,
SVS-064 淫語ザ騎乗位 どスケベ淫語で腰を振りまくる女11人4時間,SVS-064 淫語ザ騎乗位 どスケベ淫語で腰を振りまくる女11人4時間,SVS-064,,2019-04-08,241分鐘,,AVScollector’s,AVS,,淫語、女上位、4小時以上作品、高畫質、DMM獨家,多人,https://www.javbus.com/SVS-064,
CEAD-267 女×男×女のハーレム密着 本気モードSEX,CEAD-267 女×男×女のハーレム密着 本気モードSEX,CEAD-267,,2019-04-08,177分鐘,,セレブの友,セレブの友,,蕩婦、成熟的女人、多P、故事集、ハーレム、DMM獨家,多人,https://www.javbus.com/CEAD-267,
MKCK-232 絶品ボディ膣内に大量射精！真正中出し134発8時間,MKCK-232 絶品ボディ膣内に大量射精！真正中出し134発8時間,MKCK-232,,2019-04-07,480分鐘,,E-BODY,E-BODY,,濫交、合集、中出、4小時以上作品、巨乳、DMM獨家、顏射,多人,https://www.javbus.com/MKCK-232,
PHD-002 刺青の女たち 12人 4時間,PHD-002 刺青の女たち 12人 4時間,PHD-002,,2019-04-06,239分鐘,,バミューダ,フェニックス,,其他戀物癖、合集、4小時以上作品、高畫質,多人,https://www.javbus.com/PHD-002,
KMVR-578 【VR】KMP VR 対面座位 SUPERBEST 4,KMVR-578 【VR】KMP VR 対面座位 SUPERBEST 4,KMVR-578,,2019-04-05,101分鐘,K太郎,ケイ・エム・プロデュース,KMPVR,VRBEST,合集、乳房、中出、主觀視角、VR専用、巨乳、セレブ,多人,https://www.javbus.com/KMVR-578,
MMB-244 2018年桃太郎ベスト！ 平成最後の桃太郎BEST2枚組8時間,MMB-244 2018年桃太郎ベスト！ 平成最後の桃太郎BEST2枚組8時間,MMB-244,,2019-04-05,481分鐘,石切橋博士,桃太郎映像出版,桃太郎ベスト,●●年桃太郎ベスト,成熟的女人、合集、中出、4小時以上作品、高畫質、DMM獨家,多人,https://www.javbus.com/MMB-244,
BF-571 射精間際から中出しまでの一番気持ちイイ瞬間4時間BEST,BF-571 射精間際から中出しまでの一番気持ちイイ瞬間4時間BEST,BF-571,,2019-04-04,240分鐘,,BeFree,BeFree,,合集、中出、4小時以上作品、巨乳、DMM獨家,多人,https://www.javbus.com/BF-571,
ATKD-279 ATTACKERS PRESENTS 働く女を犯したい！ 厳選美女20人、8時間凌辱スペシャル！,ATKD-279 ATTACKERS PRESENTS 働く女を犯したい！ 厳選美女20人、8時間凌辱スペシャル！,ATKD-279,,2019-04-04,480分鐘,,アタッカーズ,AttackersBEST,,OL、女教師、合集、凌辱、4小時以上作品、DMM獨家,多人,https://www.javbus.com/ATKD-279,
NBES-010 JET映像3年間の集大成 フェラチオNTR100人BEST8時間,NBES-010 JET映像3年間の集大成 フェラチオNTR100人BEST8時間,NBES-010,,2019-04-04,480分鐘,,JET映像,JET映像,,成熟的女人、合集、已婚婦女、4小時以上作品、出軌、DMM獨家,多人,https://www.javbus.com/NBES-010,
ATKD-278 発射直前の口内射精凌辱フェラチオ57連発4時間,ATKD-278 発射直前の口内射精凌辱フェラチオ57連発4時間,ATKD-278,,2019-04-04,240分鐘,,アタッカーズ,AttackersBEST,,口交、合集、4小時以上作品、DMM獨家,多人,https://www.javbus.com/ATKD-278,
RVG-091 シ●タ狩り娼婦BEST vol.1,RVG-091 シ●タ狩り娼婦BEST vol.1,RVG-091,,2019-04-03,479分鐘,,グローリークエスト,GLORYQUEST,シ●タ狩り娼婦,蕩婦、合集、4小時以上作品、高畫質、正太控、處男,多人,https://www.javbus.com/RVG-091,
BMW-178 「イク時は一緒だよ」 ビクビク痙攣アクメ状態で同時イキ！！たっぷり中出し100連発！！,BMW-178 「イク時は一緒だよ」 ビクビク痙攣アクメ状態で同時イキ！！たっぷり中出し100連発！！,BMW-178,,2019-03-30,240分鐘,,ワンズファクトリー,WANZ,,花癡、美少女、中出、女上位、4小時以上作品、DMM獨家,多人,https://www.javbus.com/BMW-178,
AVS-022 AVSCollector’s2018年間 SPECIAL BESTカタログ,AVS-022 AVSCollector’s2018年間 SPECIAL BESTカタログ,AVS-022,,2019-03-23,241分鐘,,AVScollector’s,AVS,エーヴィエスカタログ,成熟的女人、紧缚、合集、已婚婦女、中出、4小時以上作品、高畫質、DMM獨家,多人,https://www.javbus.com/AVS-022,
CESD-734 自宅で売春する淫乱三姉妹の性接待が凄すぎる件 大槻ひびき 波多野結衣 推川ゆうり,CESD-734 自宅で売春する淫乱三姉妹の性接待が凄すぎる件 大槻ひびき 波多野結衣 推川ゆうり,CESD-734,,2019-03-23,162分鐘,,セレブの友,セレブの友,,蕩婦、成熟的女人、多P、中出、高畫質、巨乳、DMM獨家,多人,https://www.javbus.com/CESD-734,
XVSR-464 超濃交 女優達のリアルセックス4時間,XVSR-464 超濃交 女優達のリアルセックス4時間,XVSR-464,,2019-03-23,240分鐘,MAX-IKA,マックスエー,Calen,,潮吹、合集、美少女、中出、4小時以上作品、巨乳、DMM獨家,多人,https://www.javbus.com/XVSR-464,
NASH-031 スレンダー美熟女に中出し4 10人,NASH-031 スレンダー美熟女に中出し4 10人,NASH-031,,2019-03-22,241分鐘,,なでしこ,Nadeshiko,スレンダー美熟女に中出し,成熟的女人、苗條、合集、中出、4小時以上作品、高畫質,多人,https://www.javbus.com/NASH-031,
KNMD-011 きっかけは…旦那の為、息子の為とは言っても、今では自分の快感のため？それでも花弁は濡れちゃう人妻たちはなんとも美しい！ 波多野結衣・島津かおる・大崎静子,KNMD-011 きっかけは…旦那の為、息子の為とは言っても、今では自分の快感のため？それでも花弁は濡れちゃう人妻たちはなんとも美しい！ 波多野結衣・島津かおる・大崎静子,KNMD-011,,2019-03-22,151分鐘,赤羽菊次郎,キネマ座,キネマ座,,成熟的女人、已婚婦女、乳房、中出、高畫質、戲劇、巨乳,多人,https://www.javbus.com/KNMD-011,
CJOB-042 「もうイッてるってばぁ！」状態の男をこすり続けたら男潮吹かせちゃった凄テク美女ベスト,CJOB-042 「もうイッてるってばぁ！」状態の男をこすり続けたら男潮吹かせちゃった凄テク美女ベスト,CJOB-042,,2019-03-22,240分鐘,,痴女ヘブン,痴女ヘブンBEST,,蕩婦、合集、姐姐、4小時以上作品、男の潮吹き、DMM獨家、打手槍,多人,https://www.javbus.com/CJOB-042,
MDBK-009 おっぱいの大海原へ飛び込め！！巨乳女子だらけのハーレムプレイBEST4時間2,MDBK-009 おっぱいの大海原へ飛び込め！！巨乳女子だらけのハーレムプレイBEST4時間2,MDBK-009,,2019-03-22,242分鐘,K太郎,メディアステーション,BAZOOKA（バズーカ）,おっぱいの大海原へ飛び込め！！巨乳女子だらけのハーレムプレイ,乳交、合集、戀乳癖、4小時以上作品、高畫質、ハーレム、巨乳,多人,https://www.javbus.com/MDBK-009,
STCESD-066 【お得セット】魅惑のキャラチェン七変化2・ウソの台本でAV女優を騙してみた・波多野結衣チ○ポ狂いのガニ股腰振り3SEX,STCESD-066 【お得セット】魅惑のキャラチェン七変化2・ウソの台本でAV女優を騙してみた・波多野結衣チ○ポ狂いのガニ股腰振り3SEX,STCESD-066,,2019-03-20,436分鐘,,セレブの友,セレブの友（お得セット）,,角色扮演、成熟的女人、花癡、中出、高畫質、巨乳、DMM獨家,多人,https://www.javbus.com/STCESD-066,
KMVR-580 【VR】4KHQSUPERBEST 圧倒的リアル作品ががここに集結！！,KMVR-580 【VR】4KHQSUPERBEST 圧倒的リアル作品ががここに集結！！,KMVR-580,,2019-03-20,106分鐘,,ケイ・エム・プロデュース,KMPVR,VRBEST,合集、姐姐、制服、中出、主觀視角、VR専用、巨乳、セレブ、女生,多人,https://www.javbus.com/KMVR-580,
DDOB-049 お下劣ママのオマ○コ、手マ○コ、くちマ○コ,DDOB-049 お下劣ママのオマ○コ、手マ○コ、くちマ○コ,DDOB-049,,2019-03-17,240分鐘,TENUN,ドグマ,俺のおばさん,,成熟的女人、合集、已婚婦女、4小時以上作品、高畫質、DMM獨家,多人,https://www.javbus.com/DDOB-049,
EMRD-123 誘惑の巨乳爆乳巨尻痴女50人8時間,EMRD-123 誘惑の巨乳爆乳巨尻痴女50人8時間,EMRD-123,,2019-03-17,480分鐘,,エンペラー/妄想族,エンペラー（エンペラー/妄想族）,,蕩婦、合集、花癡、中出、4小時以上作品、巨乳、DMM獨家,多人,https://www.javbus.com/EMRD-123,
CADV-708 三十路妻・四十路妻 猥褻SEX 8時間,CADV-708 三十路妻・四十路妻 猥褻SEX 8時間,CADV-708,,2019-03-16,479分鐘,,クリスタル映像,CRYSTALEX,,潮吹、已婚婦女、中出、4小時以上作品、高畫質、巨乳,多人,https://www.javbus.com/CADV-708,
CESD-730 僕が愛したリアルダッチドール ベスト8枚組,CESD-730 僕が愛したリアルダッチドール ベスト8枚組,CESD-730,,2019-03-11,1284分鐘,,セレブの友,セレブの友,僕が愛したリアルダッチドール,成熟的女人、合集、中出、戲劇、16時間以上作品、巨乳、DMM獨家,多人,https://www.javbus.com/CESD-730,
MIZD-129 女たちの中にチ○ポは1本！愛液まみれの絶頂ハーレム性交8時間,MIZD-129 女たちの中にチ○ポは1本！愛液まみれの絶頂ハーレム性交8時間,MIZD-129,,2019-03-10,480分鐘,,ムーディーズ,MOODYZBest,,濫交、潮吹、合集、花癡、數位馬賽克、4小時以上作品、ハーレム、巨乳、DMM獨家,多人,https://www.javbus.com/MIZD-129,
MKMP-266 一般素人男性モニタリング企画 街頭インタビュー中にナイショでご本人登場！！ 波多野結衣 蓮実クレア 浜崎真緒と素人さんがご対面中出しSEX,MKMP-266 一般素人男性モニタリング企画 街頭インタビュー中にナイショでご本人登場！！ 波多野結衣 蓮実クレア 浜崎真緒と素人さんがご対面中出しSEX,MKMP-266,,2019-03-08,153分鐘,トレンディ山口,ケイ・エム・プロデュース,million（ミリオン）,,多P、倒追、中出、高畫質、巨乳,多人,https://www.javbus.com/MKMP-266,
UMSO-242 旦那からの着信は不倫セックス中！！不倫相手に促され電話に出た人妻は、必死に喘ぎ声を押し殺してはいたが、行為がエスカレートし興奮度はMAXに！絶対にバレてる！？7,UMSO-242 旦那からの着信は不倫セックス中！！不倫相手に促され電話に出た人妻は、必死に喘ぎ声を押し殺してはいたが、行為がエスカレートし興奮度はMAXに！絶対にバレてる！？7,UMSO-242,,2019-03-08,174分鐘,,ケイ・エム・プロデュース,UMANAMI,旦那からの着信は不倫セックス中！！,成熟的女人、合集、已婚婦女、通姦、中出、高畫質,多人,https://www.javbus.com/UMSO-242,
MKMP-267 KMP作品より厳選した特別企画ベスト第二弾！！超人気鉄板企画100タイトル超豪華8時間2,MKMP-267 KMP作品より厳選した特別企画ベスト第二弾！！超人気鉄板企画100タイトル超豪華8時間2,MKMP-267,,2019-03-08,481分鐘,K太郎,ケイ・エム・プロデュース,million（ミリオン）,超人気鉄板企画超豪華スペシャル,紧缚、合集、中出、4小時以上作品、高畫質、ハーレム、巨乳,多人,https://www.javbus.com/MKMP-267,
SILK-113 素直になれない恋人たち 3rd season,SILK-113 素直になれない恋人たち 3rd season,SILK-113,,2019-03-07,112分鐘,KINO,SILKLABO,SILKLABO,素直になれない恋人たち,情侶、高畫質、戲劇、給女性觀眾,多人,https://www.javbus.com/SILK-113,
ATKD-277 中年オヤジにねっとり中出しされた美女8時間,ATKD-277 中年オヤジにねっとり中出しされた美女8時間,ATKD-277,,2019-03-06,480分鐘,,アタッカーズ,AttackersBEST,,合集、已婚婦女、中出、4小時以上作品、DMM獨家,多人,https://www.javbus.com/ATKD-277,
KMVR-563 【VR】至福のひと時をリアル体験！！究極の癒しを提供するエステティシャン SPECIAL BEST,KMVR-563 【VR】至福のひと時をリアル体験！！究極の癒しを提供するエステティシャン SPECIAL BEST,KMVR-563,,2019-03-05,121分鐘,K太郎,ケイ・エム・プロデュース,KMPVR,VRBEST,蕩婦、合集、美容院、主觀視角、VR専用、巨乳,多人,https://www.javbus.com/KMVR-563,
BMW-176 絶頂体位開発 一番キモチ良い体位で中出し性交 BEST8時間,BMW-176 絶頂体位開発 一番キモチ良い体位で中出し性交 BEST8時間,BMW-176,,2019-02-28,480分鐘,,ワンズファクトリー,WANZ,絶頂体位開発,合集、纪录片、中出、4小時以上作品、子宮頸、巨乳、DMM獨家,多人,https://www.javbus.com/BMW-176,
BMW-177 「もうイってるからぁ！」状態の無防備ま●こに怒涛の追撃ピストン中出しBEST,BMW-177 「もうイってるからぁ！」状態の無防備ま●こに怒涛の追撃ピストン中出しBEST,BMW-177,,2019-02-28,240分鐘,,ワンズファクトリー,WANZ,,合集、中出、4小時以上作品、DMM獨家、顏射,多人,https://www.javbus.com/BMW-177,
GWAZ-078 アナル全開！ 美人エステティシャンのズボズボまんぐりディルドオナニー DX4時間,GWAZ-078 アナル全開！ 美人エステティシャンのズボズボまんぐりディルドオナニー DX4時間,GWAZ-078,,2019-02-25,219分鐘,秀吉,ジャネス,MANIAPlay,アナル全開！美人エステティシャンのズボズボまんぐりディルドオナニー,連褲襪、姐姐、美容院、自慰、局部特寫、內衣,多人,https://www.javbus.com/GWAZ-078,
DJSR-042 いけないとわかっていてもオマ○コ舐めたいんです。クリトリスを舌で刺激され自分でも信じられないくらいマン汁が出てしまったノンケは、戸惑いつつもレズクンニの虜になる 2,DJSR-042 いけないとわかっていてもオマ○コ舐めたいんです。クリトリスを舌で刺激され自分でも信じられないくらいマン汁が出てしまったノンケは、戸惑いつつもレズクンニの虜になる 2,DJSR-042,,2019-02-25,108分鐘,秀吉,ジャネス,ladies,いけないとわかっていてもオマ○コ舐めたいんです,女同性戀、各種職業、69、制服、舔陰、女同接吻,多人,https://www.javbus.com/DJSR-042,
CESD-719 推川ゆうりのデカ尻アナルをひびはたが責める3Pレズビアン,CESD-719 推川ゆうりのデカ尻アナルをひびはたが責める3Pレズビアン,CESD-719,,2019-02-24,155分鐘,@なおみ,セレブの友,セレブの友,,成熟的女人、女同性戀、花癡、高畫質、肛内中出、巨乳、DMM獨家,多人,https://www.javbus.com/CESD-719,
AVSA-080 女王様のM男調教4時間BEST,AVSA-080 女王様のM男調教4時間BEST,AVSA-080,,2019-02-24,241分鐘,まりあんぬ,AVScollector’s,AVSCollector’s,女王様のM男調教,SM、4小時以上作品、高畫質、M男、DMM獨家,多人,https://www.javbus.com/AVSA-080,
TCD-214 専属オトコノ娘 童貞卒業×爆射精SEX 桃マリ 波多野結衣,TCD-214 専属オトコノ娘 童貞卒業×爆射精SEX 桃マリ 波多野結衣,TCD-214,,2019-02-24,162分鐘,柊炎舞,TRANSCLUB,TRANSCLUB,,變性者、花癡、數位馬賽克、高畫質、女裝人妖、肛内中出、DMM獨家,多人,https://www.javbus.com/TCD-214,
JUSD-818 暴風雨 憧れの奥さんと二人だけの夜 総集編8時間II,JUSD-818 暴風雨 憧れの奥さんと二人だけの夜 総集編8時間II,JUSD-818,,2019-02-23,480分鐘,,マドンナ,Madonna,暴風雨○○と二人だけの夜,成熟的女人、已婚婦女、數位馬賽克、4小時以上作品、出軌、女優ベスト・総集編、巨乳、DMM獨家,多人,https://www.javbus.com/JUSD-818,
CJOB-041 「ダメー！もう出ちゃいますってーっ！！！！」射精直前フェラチオ即ヌキ75連発！！,CJOB-041 「ダメー！もう出ちゃいますってーっ！！！！」射精直前フェラチオ即ヌキ75連発！！,CJOB-041,,2019-02-23,240分鐘,,痴女ヘブン,痴女ヘブンBEST,射精直前フェラチオ即ヌキ●連発！！,蕩婦、口交、合集、花癡、美少女、4小時以上作品、DMM獨家,多人,https://www.javbus.com/CJOB-041,
HZGB-017 他人棒ガン突きイカセ巨尻妻,HZGB-017 他人棒ガン突きイカセ巨尻妻,HZGB-017,,2019-02-22,301分鐘,,人妻花園劇場,人妻花園劇場,,合集、已婚婦女、戀乳癖、屁股、4小時以上作品、高畫質、出軌、戲劇、巨乳、內衣,多人,https://www.javbus.com/HZGB-017,
MDBK-002 完全保存版プレミア人気女優25名ベストバウト25SEX240分,MDBK-002 完全保存版プレミア人気女優25名ベストバウト25SEX240分,MDBK-002,,2019-02-22,241分鐘,K太郎,メディアステーション,BAZOOKA（バズーカ）,,苗條、合集、中出、4小時以上作品、高畫質、巨乳,多人,https://www.javbus.com/MDBK-002,
OKAX-484 激噴射☆媚薬で潮吹き！ダダ漏れ中出し調教 4時間,OKAX-484 激噴射☆媚薬で潮吹き！ダダ漏れ中出し調教 4時間,OKAX-484,,2019-02-22,240分鐘,,ケイ・エム・プロデュース,おかず。,,潮吹、已婚婦女、性奴、乳房、中出、4小時以上作品、催眠、高畫質、巨乳,多人,https://www.javbus.com/OKAX-484,
REAL-692 鬼イカセ×緊縛鬼イカセ スーパーコンプリートベスト全87作 8時間,REAL-692 鬼イカセ×緊縛鬼イカセ スーパーコンプリートベスト全87作 8時間,REAL-692,,2019-02-22,480分鐘,K太郎,レアルワークス,REAL（レアルワークス）,,紧缚、潮吹、合集、花癡、4小時以上作品、高畫質,多人,https://www.javbus.com/REAL-692,
YVG-022 絶倫老人 スペシャル 3,YVG-022 絶倫老人 スペシャル 3,YVG-022,,2019-02-20,240分鐘,,グローリークエスト,GLORYQUEST,絶倫老人,其他戀物癖、合集、已婚婦女、花癡、4小時以上作品、高畫質,多人,https://www.javbus.com/YVG-022,
CXAZ-049 いけないとわかっていてもオマ○コ舐めたいんです。クリトリスを舌で刺激され自分でも信じられないくらいマン汁が出てしまったノンケは、戸惑いつつもレズクンニの虜になる DX4時間,CXAZ-049 いけないとわかっていてもオマ○コ舐めたいんです。クリトリスを舌で刺激され自分でも信じられないくらいマン汁が出てしまったノンケは、戸惑いつつもレズクンニの虜になる DX4時間,CXAZ-049,,2019-02-18,229分鐘,,ジャネス,ladies,いけないとわかっていてもオマ○コ舐めたいんです,OL、女同性戀、女教師、合集、亂倫、舔陰、4小時以上作品、美容院、女同接吻、高中女生,多人,https://www.javbus.com/CXAZ-049,
MXSPS-604 「究極対至高」波多野結衣、大槻ひびき 4時間 vol.2,MXSPS-604 「究極対至高」波多野結衣、大槻ひびき 4時間 vol.2,MXSPS-604,,2019-02-16,240分鐘,,マキシング,MAXING,「究極対至高」,合集、美少女、4小時以上作品、高畫質,多人,https://www.javbus.com/MXSPS-604,
MDVR-038 【VR】ミニスカパンチラポリス24時 VR 突然のガサ、留置所でアメ＆ムチ取り調べ、そしてまさかのハーレム展開！！「それでも僕はヤってない！」4人の痴女ポリスからアナタはプリズンブレイクできるのか…！？,MDVR-038 【VR】ミニスカパンチラポリス24時 VR 突然のガサ、留置所でアメ＆ムチ取り調べ、そしてまさかのハーレム展開！！「それでも僕はヤってない！」4人の痴女ポリスからアナタはプリズンブレイクできるのか…！？,MDVR-038,,2019-02-15,196分鐘,,ムーディーズ,MOODYZVR,,蕩婦、迷你裙警察、多P、ハーレム、VR専用、セレブ、DMM獨家、迷你裙,多人,https://www.javbus.com/MDVR-038,
KMVR-541 【VR】これが歴代のKMPVRだ！豪華メガ盛り！！100人300分BEST2 PREMIUM SELECTION,KMVR-541 【VR】これが歴代のKMPVRだ！豪華メガ盛り！！100人300分BEST2 PREMIUM SELECTION,KMVR-541,,2019-02-14,301分鐘,K太郎,ケイ・エム・プロデュース,KMPVR,VRBEST,合集、多P、中出、主觀視角、VR専用,多人,https://www.javbus.com/KMVR-541,
CESD-714 八乃つばさが憧れの先輩・波多野結衣とガチレズSEX！相性抜群の2人が絡み合ったら…乳首もクリ○リスもビンビンになるまで舐め合い気持ち良すぎてオマ○コが濡れっぱなしでお互い幸せ絶頂した！！,CESD-714 八乃つばさが憧れの先輩・波多野結衣とガチレズSEX！相性抜群の2人が絡み合ったら…乳首もクリ○リスもビンビンになるまで舐め合い気持ち良すぎてオマ○コが濡れっぱなしでお互い幸せ絶頂した！！,CESD-714,,2019-02-10,165分鐘,@なおみ,セレブの友,セレブの友,,成熟的女人、女同性戀、花癡、舔陰、高畫質、巨尻、DMM獨家,多人,https://www.javbus.com/CESD-714,
CESD-715 禁欲10日目の媚薬ベストvol.2,CESD-715 禁欲10日目の媚薬ベストvol.2,CESD-715,,2019-02-10,1092分鐘,,セレブの友,セレブの友,禁欲10日目の媚薬,成熟的女人、合集、纪录片、花癡、16時間以上作品、巨乳、DMM獨家,多人,https://www.javbus.com/CESD-715,
DGCESD-714 ★配信限定！特典映像付★八乃つばさが憧れの先輩・波多野結衣とガチレズSEX！相性抜群の2人が絡み合ったら…乳首もクリ○リスもビンビンになるまで舐め合い気持ち良すぎてオマ○コが濡れっぱなしでお互い幸せ絶頂した！！,DGCESD-714 ★配信限定！特典映像付★八乃つばさが憧れの先輩・波多野結衣とガチレズSEX！相性抜群の2人が絡み合ったら…乳首もクリ○リスもビンビンになるまで舐め合い気持ち良すぎてオマ○コが濡れっぱなしでお互い幸せ絶頂した！！,DGCESD-714,,2019-02-10,200分鐘,atなおみ,セレブの友,セレブの友,,成熟的女人、女同性戀、花癡、舔陰、高畫質、DMM獨家,多人,https://www.javbus.com/DGCESD-714,
CESD-716 熟女SM緊縛 泣き叫ぶ凌辱SEX25時間52分,CESD-716 熟女SM緊縛 泣き叫ぶ凌辱SEX25時間52分,CESD-716,,2019-02-10,1552分鐘,,セレブの友,セレブの友,,成熟的女人、SM、紧缚、合集、肛内中出、16時間以上作品、DMM獨家,多人,https://www.javbus.com/CESD-716,
SVS-063 調教拘束奴隷 快楽の羞恥調教10人4時間,SVS-063 調教拘束奴隷 快楽の羞恥調教10人4時間,SVS-063,,2019-02-10,240分鐘,,AVScollector’s,AVS,,紧缚、性奴、拘束、4小時以上作品、高畫質、DMM獨家,多人,https://www.javbus.com/SVS-063,
MBYD-285 本番なしのマットヘルスに行って出てきたのは隣家の高慢な美人妻。弱みを握った僕は本番も中出しも強要！店外でも言いなりの性奴隷にした 8作品豪華8時間BEST vol.2,MBYD-285 本番なしのマットヘルスに行って出てきたのは隣家の高慢な美人妻。弱みを握った僕は本番も中出しも強要！店外でも言いなりの性奴隷にした 8作品豪華8時間BEST vol.2,MBYD-285,,2019-02-09,480分鐘,,溜池ゴロー,溜池ゴロー,本番なしのマットヘルスに行って出てきたのは…,合集、妓女、已婚婦女、中出、4小時以上作品、出軌、DMM獨家,多人,https://www.javbus.com/MBYD-285,
MRXB-018 ドマゾの爆乳ばかり集めた総集編8Hパート2,MRXB-018 ドマゾの爆乳ばかり集めた総集編8Hパート2,MRXB-018,,2019-02-09,480分鐘,,MARX,MARX（マルクス兄弟）,ドマゾの爆乳ばかり集めた総集編,合集、花癡、性奴、4小時以上作品、超乳、DMM獨家,多人,https://www.javbus.com/MRXB-018,
MIZD-126 失禁おもらし放尿ハメ尿じょばじょばBEST4時間,MIZD-126 失禁おもらし放尿ハメ尿じょばじょばBEST4時間,MIZD-126,,2019-02-09,240分鐘,,ムーディーズ,MOODYZBest,,放尿、潮吹、合集、美少女、數位馬賽克、4小時以上作品、手指插入、女優按摩棒、DMM獨家,多人,https://www.javbus.com/MIZD-126,
MDB-998 これが日本の真心！！全身を使ってもてなしてくれる美女だらけのご奉仕BEST 4時間,MDB-998 これが日本の真心！！全身を使ってもてなしてくれる美女だらけのご奉仕BEST 4時間,MDB-998,,2019-02-08,241分鐘,K太郎,メディアステーション,BAZOOKA（バズーカ）,,合集、多P、4小時以上作品、主觀視角、高畫質、巨乳,多人,https://www.javbus.com/MDB-998,
GRCH-295 GIRL’S CH 男子を 責める・弄ぶ・イカせる select,GRCH-295 GIRL’S CH 男子を 責める・弄ぶ・イカせる select,GRCH-295,,2019-02-08,126分鐘,,GIRL’SCH,GIRL’SCH,GIRL’SCHselect,合集、制服、拘束、高畫質、給女性觀眾、M男,多人,https://www.javbus.com/GRCH-295,
NASH-006 ド迫力BODY爆乳熟女22人！全裸エクササイズ3,NASH-006 ド迫力BODY爆乳熟女22人！全裸エクササイズ3,NASH-006,,2019-02-08,206分鐘,,なでしこ,Nadeshiko,全裸エクササイズ,成熟的女人、合集、已婚婦女、高畫質、巨乳,多人,https://www.javbus.com/NASH-006,
RVG-089 老働者に輪姦され性奴隷と化す巨乳未亡人BEST vol.1,RVG-089 老働者に輪姦され性奴隷と化す巨乳未亡人BEST vol.1,RVG-089,,2019-02-06,480分鐘,,グローリークエスト,GLORYQUEST,老働者に輪姦され性奴隷と化す巨乳未亡人,合集、寡婦、多P、性奴、4小時以上作品、高畫質、巨乳,多人,https://www.javbus.com/RVG-089,
ATKD-276 着衣のまま美女を犯す！中出しレイプ8時間,ATKD-276 着衣のまま美女を犯す！中出しレイプ8時間,ATKD-276,,2019-02-02,480分鐘,,アタッカーズ,AttackersBEST,,合集、已婚婦女、中出、4小時以上作品、DMM獨家,多人,https://www.javbus.com/ATKD-276,
BF-565 痙攣絶頂状態のカラダに容赦なく追撃ピストン！8時間 またイっちゃう！！だめだめもうイグッぅぅう！！,BF-565 痙攣絶頂状態のカラダに容赦なく追撃ピストン！8時間 またイっちゃう！！だめだめもうイグッぅぅう！！,BF-565,,2019-02-02,480分鐘,,BeFree,BeFree,,角色扮演、合集、花癡、姐姐、4小時以上作品、DMM獨家,多人,https://www.javbus.com/BF-565,
BBSS-018 熟れたカラダ… 大人な絡みに溺れ合うレズビアンSEX 4時間,BBSS-018 熟れたカラダ… 大人な絡みに溺れ合うレズビアンSEX 4時間,BBSS-018,,2019-02-02,240分鐘,,ビビアン,ビビアン,,成熟的女人、女同性戀、已婚婦女、4小時以上作品、女同接吻、キス・接吻、DMM獨家,多人,https://www.javbus.com/BBSS-018,
JUSD-816 夫の上司に犯され続けて7日目、私は理性を失った…。～理性を失った7日目編～ 全28タイトル16時間BEST,JUSD-816 夫の上司に犯され続けて7日目、私は理性を失った…。～理性を失った7日目編～ 全28タイトル16時間BEST,JUSD-816,,2019-02-02,960分鐘,,マドンナ,Madonna,夫の上司に犯され続けて7日目、私は理性を失った…。,成熟的女人、合集、已婚婦女、數位馬賽克、凌辱、羞恥、16時間以上作品、DMM獨家,多人,https://www.javbus.com/JUSD-816,
AVOP-404 百聞不如一見！SOD都是真的、帯大家体験情色文化的最先端―日本！改編自真実案例 影像介紹日本観光須注意事項全片中文発音 東京肉穴淫語痴女物語,AVOP-404 百聞不如一見！SOD都是真的、帯大家体験情色文化的最先端―日本！改編自真実案例 影像介紹日本観光須注意事項全片中文発音 東京肉穴淫語痴女物語,AVOP-404,,2019-02-01,200分鐘,森川圭,SODクリエイト,AVOPEN2018,,蕩婦、淫語、妄想、主觀視角、ハーレム、DMM獨家,多人,https://www.javbus.com/AVOP-404,
DOKS-468 選りすぐりのフェラチオ名人による殿堂入り喉奥ディープスロートコレクション,DOKS-468 選りすぐりのフェラチオ名人による殿堂入り喉奥ディープスロートコレクション,DOKS-468,,2019-02-01,300分鐘,,OFFICEK’S,OFFICEK’S,,蕩婦、口交、姐姐、4小時以上作品、高畫質,多人,https://www.javbus.com/DOKS-468,
MDB-992 カワイイ顔こそが一番ヌケる！BAZOOKA厳選！顔だけで選んだ特A最強美女BEST50！！PART.2,MDB-992 カワイイ顔こそが一番ヌケる！BAZOOKA厳選！顔だけで選んだ特A最強美女BEST50！！PART.2,MDB-992,,2019-01-25,241分鐘,K太郎,メディアステーション,BAZOOKA（バズーカ）,カワイイ顔こそが一番ヌケる！,合集、美少女、中出、4小時以上作品、高畫質、巨乳,多人,https://www.javbus.com/MDB-992,
MDB-989 至高の巨乳人妻30人4時間BEST,MDB-989 至高の巨乳人妻30人4時間BEST,MDB-989,,2019-01-25,241分鐘,K太郎,メディアステーション,BAZOOKA（バズーカ）,,合集、已婚婦女、中出、4小時以上作品、高畫質、巨乳,多人,https://www.javbus.com/MDB-989,
MDB-990 1000タイトル突破記念！！BAZOOKA伝説のシリーズベスト8時間,MDB-990 1000タイトル突破記念！！BAZOOKA伝説のシリーズベスト8時間,MDB-990,,2019-01-25,481分鐘,K太郎,メディアステーション,BAZOOKA（バズーカ）,,苗條、合集、中出、4小時以上作品、高畫質、巨乳,多人,https://www.javbus.com/MDB-990,
OIGB-004 縄酔い人妻 4時間BEST Part.3,OIGB-004 縄酔い人妻 4時間BEST Part.3,OIGB-004,,2019-01-21,240分鐘,薄刃紫翠,AVScollector’s,AVSCollector’s,縄酔い人妻,紧缚、合集、4小時以上作品、高畫質、DMM獨家,多人,https://www.javbus.com/OIGB-004,
CESD-704 波多野結衣のオトコノ娘童貞狩りドキュメント3,CESD-704 波多野結衣のオトコノ娘童貞狩りドキュメント3,CESD-704,,2019-01-21,153分鐘,柊炎舞,セレブの友,セレブの友,オトコノ娘童貞狩りドキュメント,成熟的女人、處男、女裝人妖、肛内中出、DMM獨家,多人,https://www.javbus.com/CESD-704,
DGCESD-704 ★配信限定！特典映像付★波多野結衣のオトコノ娘童貞狩りドキュメント3,DGCESD-704 ★配信限定！特典映像付★波多野結衣のオトコノ娘童貞狩りドキュメント3,DGCESD-704,,2019-01-21,176分鐘,柊炎舞,セレブの友,セレブの友,オトコノ娘童貞狩りドキュメント,成熟的女人、高畫質、處男、女裝人妖、肛内中出、DMM獨家,多人,https://www.javbus.com/DGCESD-704,
CESD-710 出演女優は全員ドスケベ！バキュームフェラで竿も金玉も吸い付くし、アナルの奥まで舌を突っ込み舐め回す凄テクの痴女たち…勃起させたチ○ポに跨がりガニ股騎乗位で杭打ちピストン！数えきれないほど射精させる淫乱痴女ザーメン搾り24時間40分,CESD-710 出演女優は全員ドスケベ！バキュームフェラで竿も金玉も吸い付くし、アナルの奥まで舌を突っ込み舐め回す凄テクの痴女たち…勃起させたチ○ポに跨がりガニ股騎乗位で杭打ちピストン！数えきれないほど射精させる淫乱痴女ザーメン搾り24時間40分,CESD-710,,2019-01-21,1480分鐘,,セレブの友,セレブの友,,蕩婦、成熟的女人、中出、16時間以上作品、巨乳、DMM獨家,多人,https://www.javbus.com/CESD-710,
CJOB-040 肉厚デカ尻にプレスされて射精させられたボク。4時間ベスト,CJOB-040 肉厚デカ尻にプレスされて射精させられたボク。4時間ベスト,CJOB-040,,2019-01-20,240分鐘,,痴女ヘブン,痴女ヘブンBEST,,蕩婦、合集、屁股、中出、4小時以上作品、巨尻、DMM獨家,多人,https://www.javbus.com/CJOB-040,
JUSD-814 夫の上司に犯され続けて7日目、私は理性を失った…。～初めて犯された1日目編～ 全28タイトル16時間BEST,JUSD-814 夫の上司に犯され続けて7日目、私は理性を失った…。～初めて犯された1日目編～ 全28タイトル16時間BEST,JUSD-814,,2019-01-20,960分鐘,,マドンナ,Madonna,夫の上司に犯され続けて7日目、私は理性を失った…。,成熟的女人、合集、已婚婦女、數位馬賽克、凌辱、出軌、16時間以上作品、DMM獨家,多人,https://www.javbus.com/JUSD-814,
DDB-325 淫語痴女ベスト Vol.5,DDB-325 淫語痴女ベスト Vol.5,DDB-325,,2019-01-18,240分鐘,ビーバップ・みのる,ドグマ,Dogma,淫語痴女（ドグマ）,蕩婦、合集、女上位、4小時以上作品、DMM獨家、打手槍,多人,https://www.javbus.com/DDB-325,
RBB-148 発射寸前！ 我慢汁垂れ流しの気持ちいいフェラチオ160連射8時間,RBB-148 発射寸前！ 我慢汁垂れ流しの気持ちいいフェラチオ160連射8時間,RBB-148,,2019-01-17,480分鐘,,ROOKIE,ROOKIE,発射寸前！我慢汁垂れ流しの気持ちいいフェラチオ,口交、4小時以上作品、DMM獨家,多人,https://www.javbus.com/RBB-148,
ZEX-364 バス時間停止！時間を停止できるストップウォッチを手に入れた僕は、朝の女性専用バスに乗車してヤリたい放題に中出ししてみた。,ZEX-364 バス時間停止！時間を停止できるストップウォッチを手に入れた僕は、朝の女性専用バスに乗車してヤリたい放題に中出ししてみた。,ZEX-364,,2019-01-15,101分鐘,,ピーターズMAX,時間停止MAX,,美少女、性騷擾、中出、主觀視角、高畫質、時間停止、校服、高中女生,多人,https://www.javbus.com/ZEX-364,
DGCESD-700 ★配信限定！特典映像付★レズ解禁作品 専属女優・柚月ひまわり×レズ先生・波多野結衣 はじめての同性愛セックス,DGCESD-700 ★配信限定！特典映像付★レズ解禁作品 専属女優・柚月ひまわり×レズ先生・波多野結衣 はじめての同性愛セックス,DGCESD-700,,2019-01-13,198分鐘,@なおみ,セレブの友,セレブの友,,成熟的女人、女同性戀、花癡、舔陰、高畫質、キス・接吻、DMM獨家,多人,https://www.javbus.com/DGCESD-700,
CESD-693 川上ゆう21時間1分ベスト,CESD-693 川上ゆう21時間1分ベスト,CESD-693,,2019-01-13,1261分鐘,,セレブの友,セレブの友,,成熟的女人、花癡、中出、女優ベスト・総集編、16時間以上作品、DMM獨家,多人,https://www.javbus.com/CESD-693,
CESD-700 レズ解禁作品 専属女優・柚月ひまわり×レズ先生・波多野結衣 はじめての同性愛セックス,CESD-700 レズ解禁作品 専属女優・柚月ひまわり×レズ先生・波多野結衣 はじめての同性愛セックス,CESD-700,,2019-01-13,164分鐘,@なおみ,セレブの友,セレブの友,,成熟的女人、女同性戀、花癡、舔陰、キス・接吻、DMM獨家,多人,https://www.javbus.com/CESD-700,
MBYD-284 欲求不満な団地妻と孕ませオヤジの汗だく濃厚中出し不倫8タイトル大ボリューム8時間BEST vol.2,MBYD-284 欲求不満な団地妻と孕ませオヤジの汗だく濃厚中出し不倫8タイトル大ボリューム8時間BEST vol.2,MBYD-284,,2019-01-12,480分鐘,,溜池ゴロー,溜池ゴロー,欲求不満な団地妻と孕ませオヤジの汗だく濃厚中出し不倫,已婚婦女、通姦、中出、4小時以上作品、出軌、汗だく、DMM獨家,多人,https://www.javbus.com/MBYD-284,
MIAA-005 W痴女チ○ポとアナルしゃぶり舐めハーレム追撃ジュボレロ連射！！ 佐々木あき 波多野結衣,MIAA-005 W痴女チ○ポとアナルしゃぶり舐めハーレム追撃ジュボレロ連射！！ 佐々木あき 波多野結衣,MIAA-005,,2019-01-12,120分鐘,金田一小五郎,ムーディーズ,みんなのキカタン,W痴女チ○ポとアナルしゃぶり舐めハーレム追撃ジュボレロ連射！！,蕩婦、口交、淫語、數位馬賽克、高畫質、ハーレム、巨乳、DMM獨家,多人,https://www.javbus.com/MIAA-005,
VRTM-407 AV女優 黒パンスト直履き！足裏見せつけディルドオナニーコレクション,VRTM-407 AV女優 黒パンスト直履き！足裏見せつけディルドオナニーコレクション,VRTM-407,,2019-01-11,230分鐘,ホイップローズ,V＆RPRODUCE,V＆RPRODUCE,,玩具、OL、連褲襪、高畫質、自慰,多人,https://www.javbus.com/VRTM-407,
YPAA-022 淫口寝取られ妻 デカチンに貪られたフェラチオNTR,YPAA-022 淫口寝取られ妻 デカチンに貪られたフェラチオNTR,YPAA-022,,2019-01-10,240分鐘,はざまだん,センタービレッジ,NTR（センタービレッジ）,,成熟的女人、口交、已婚婦女、4小時以上作品、高畫質、出軌、デカチン・巨根,多人,https://www.javbus.com/YPAA-022,
STCESD-060 【お得セット】ひびはた対決・春菜はなのレズ処女を波多野結衣が奪う同性愛（レズビアン）SEX・お隣同士のW不倫 大槻ひびき 波多野結衣 春菜はな,STCESD-060 【お得セット】ひびはた対決・春菜はなのレズ処女を波多野結衣が奪う同性愛（レズビアン）SEX・お隣同士のW不倫 大槻ひびき 波多野結衣 春菜はな,STCESD-060,,2019-01-10,458分鐘,,セレブの友,セレブの友（お得セット）,,成熟的女人、女同性戀、潮吹、通姦、高畫質、巨乳、DMM獨家,多人,https://www.javbus.com/STCESD-060,
ATKD-275 追撃凌辱絶頂 イヤなのに…カラダが何度もイっちゃうの…！,ATKD-275 追撃凌辱絶頂 イヤなのに…カラダが何度もイっちゃうの…！,ATKD-275,,2018-12-29,480分鐘,,アタッカーズ,AttackersBEST,,合集、已婚婦女、4小時以上作品、巨乳、DMM獨家,多人,https://www.javbus.com/ATKD-275,
HZGB-015 人妻花園劇場2周年記念 射精直前の一番気持ちいい鬼ピストン！厳選87連発,HZGB-015 人妻花園劇場2周年記念 射精直前の一番気持ちいい鬼ピストン！厳選87連発,HZGB-015,,2018-12-28,300分鐘,,人妻花園劇場,人妻花園劇場,,成熟的女人、口交、合集、已婚婦女、花癡、乳房、凌辱、中出、4小時以上作品、高畫質、戲劇、巨乳、內衣,多人,https://www.javbus.com/HZGB-015,
TORX-012 露出悦楽 カップリング版,TORX-012 露出悦楽 カップリング版,TORX-012,,2018-12-28,241分鐘,,オルガ,ORGA,露出悦楽,野外・露出、合集、已婚婦女、性奴、羞恥、4小時以上作品、高畫質、戲劇,多人,https://www.javbus.com/TORX-012,
3DSVR-0376 ユーザー様が選ぶSODVR2018年決定版!超高評価!絶賛レビューの豪華10作品!,3DSVR-0376 ユーザー様が選ぶSODVR2018年決定版!超高評価!絶賛レビューの豪華10作品!,3DSVR-0376,,2018-12-28,296分鐘,,SODクリエイト,SODVR,,美少女、中出、巨乳、ベスト、総集編,多人,https://www.javbus.com/3DSVR-0376,
MDB-976 最強セクシーボディな美女たち50人の極上SEX4時間ベスト！！,MDB-976 最強セクシーボディな美女たち50人の極上SEX4時間ベスト！！,MDB-976,,2018-12-28,242分鐘,K太郎,メディアステーション,BAZOOKA（バズーカ）,,蕩婦、苗條、合集、乳房、4小時以上作品、高畫質,多人,https://www.javbus.com/MDB-976,
DSVR-376 【VR】ユーザー様が選ぶSODVR2018年決定版！超高評価！絶賛レビューの豪華10作品！,DSVR-376 【VR】ユーザー様が選ぶSODVR2018年決定版！超高評価！絶賛レビューの豪華10作品！,DSVR-376,,2018-12-28,299分鐘,,SODクリエイト,SODVR,,合集、美少女、中出、VR専用、巨乳、局部特寫,多人,https://www.javbus.com/DSVR-376,
MDB-974 温泉地で夢のような展開！！浴衣＆露天風呂SEXベスト4時間！！,MDB-974 温泉地で夢のような展開！！浴衣＆露天風呂SEXベスト4時間！！,MDB-974,,2018-12-28,241分鐘,K太郎,メディアステーション,BAZOOKA（バズーカ）,,和服・喪服、合集、中出、4小時以上作品、高畫質、温泉、巨乳,多人,https://www.javbus.com/MDB-974,
BIKMVR-036 【VR】性欲を抑えきれない本当にエロい女たち！ 極上痴女たちの濃密SEX BEST - 痴女だらけの130分！！,BIKMVR-036 【VR】性欲を抑えきれない本当にエロい女たち！ 極上痴女たちの濃密SEX BEST - 痴女だらけの130分！！,BIKMVR-036,,2018-12-25,130分鐘,,KMPVR-bibi-,KMPVR-bibi-,,蕩婦、口交、合集、姐姐、中出、VR専用,多人,https://www.javbus.com/BIKMVR-036,
BMW-172 ひくひくアナル丸見え！！ 尻肉波打ちバックピストンBEST,BMW-172 ひくひくアナル丸見え！！ 尻肉波打ちバックピストンBEST,BMW-172,,2018-12-22,240分鐘,,ワンズファクトリー,WANZ,,企畫、屁股、中出、4小時以上作品、巨尻、DMM獨家,多人,https://www.javbus.com/BMW-172,
AVOPVR-128 【VR】バス時間停止痴漢VR【完全移動視点＋高画質6K撮影】で通勤・通学中の女性専用バスに潜入して女子○生やOLを中出しSEXヤリたい放題できるVR,AVOPVR-128 【VR】バス時間停止痴漢VR【完全移動視点＋高画質6K撮影】で通勤・通学中の女性専用バスに潜入して女子○生やOLを中出しSEXヤリたい放題できるVR,AVOPVR-128,,2018-12-20,50分鐘,,ピーターズMAX,VR-1グランプリ（2018）,,OL、美少女、性騷擾、VR専用、高中女生、巨乳、DMM獨家,多人,https://www.javbus.com/AVOPVR-128,
EIH-032 犯された美人妻 8時間6話収録,EIH-032 犯された美人妻 8時間6話収録,EIH-032,,2018-12-20,480分鐘,,STARPARADISE,EIGHT-H,,已婚婦女、凌辱、4小時以上作品、高畫質,多人,https://www.javbus.com/EIH-032,
RVG-084 母子姦BEST vol.2,RVG-084 母子姦BEST vol.2,RVG-084,,2018-12-19,479分鐘,,グローリークエスト,GLORYQUEST,母子姦,母親、合集、亂倫、4小時以上作品、高畫質、巨乳,多人,https://www.javbus.com/RVG-084,
TAAB-004 理性が吹っ飛ぶセクハラエロ天国Vol.4～セクハラされまくりの働く女たち4時間～,TAAB-004 理性が吹っ飛ぶセクハラエロ天国Vol.4～セクハラされまくりの働く女たち4時間～,TAAB-004,,2018-12-17,241分鐘,渡辺琢斗,AVScollector’s,AVSCollector’s,理性が吹っ飛ぶセクハラエロ天国,合集、各種職業、連褲襪、4小時以上作品、高畫質、DMM獨家,多人,https://www.javbus.com/TAAB-004,
CESD-692 君島みお まるごと完全収録1134分BEST,CESD-692 君島みお まるごと完全収録1134分BEST,CESD-692,,2018-12-17,1134分鐘,,セレブの友,セレブの友,○○まるごと完全収録,成熟的女人、花癡、中出、女優ベスト・総集編、16時間以上作品、巨乳、DMM獨家,多人,https://www.javbus.com/CESD-692,
CESD-690 大槻ひびき×波多野結衣 愛あるレズビアン,CESD-690 大槻ひびき×波多野結衣 愛あるレズビアン,CESD-690,,2018-12-17,125分鐘,,セレブの友,セレブの友,,成熟的女人、女同性戀、舔陰、女同接吻、キス・接吻、DMM獨家,多人,https://www.javbus.com/CESD-690,
CADV-696 人妻色欲百景8時間,CADV-696 人妻色欲百景8時間,CADV-696,,2018-12-16,479分鐘,,クリスタル映像,CRYSTALEX,,成熟的女人、合集、亂倫、無毛、已婚婦女、通姦、中出、4小時以上作品、高畫質、出軌、顏射、巨乳,多人,https://www.javbus.com/CADV-696,
MXSPS-597 ドロっと中出し！特攻ノーヘルSEX祭り,MXSPS-597 ドロっと中出し！特攻ノーヘルSEX祭り,MXSPS-597,,2018-12-16,247分鐘,,マキシング,MAXING,,合集、中出、4小時以上作品、高畫質,多人,https://www.javbus.com/MXSPS-597,
JUSD-810 マドンナが刻んだ人妻・熟女の歴史 15年間×売上TOP20=300作品 The Madonna Best 2004～2018,JUSD-810 マドンナが刻んだ人妻・熟女の歴史 15年間×売上TOP20=300作品 The Madonna Best 2004～2018,JUSD-810,,2018-12-16,1440分鐘,,マドンナ,Madonna,,成熟的女人、濫交、合集、各種職業、已婚婦女、數位馬賽克、16時間以上作品、DMM獨家,多人,https://www.javbus.com/JUSD-810,
NITR-424 悪エロガキの巨乳奥様狩り BEST,NITR-424 悪エロガキの巨乳奥様狩り BEST,NITR-424,,2018-12-16,241分鐘,,クリスタル映像,NITRO,悪エロガキの巨乳奥様狩り,合集、亂倫、已婚婦女、輪姦、中出、4小時以上作品、高畫質、巨乳,多人,https://www.javbus.com/NITR-424,
AVVB-013 【VR】スーパー大感謝祭！！高精細映像4K収録！高画質長尺VR 超ウルトラBEST,AVVB-013 【VR】スーパー大感謝祭！！高精細映像4K収録！高画質長尺VR 超ウルトラBEST,AVVB-013,,2018-12-14,151分鐘,,AVVR,AVVR,超ウルトラBEST,口交、合集、中出、3D、VR専用、巨乳,多人,https://www.javbus.com/AVVB-013,
UMSO-226 友人のお姉さんがまさかのマンチラ誘惑！？ゲームに夢中の友人は気づく？気づかない？,UMSO-226 友人のお姉さんがまさかのマンチラ誘惑！？ゲームに夢中の友人は気づく？気づかない？,UMSO-226,,2018-12-14,144分鐘,,ケイ・エム・プロデュース,UMANAMI,,蕩婦、口交、合集、惡作劇、高畫質、打手槍,多人,https://www.javbus.com/UMSO-226,
EMAZ-386 女同士で激しく求め合う本気絶頂レズビアン,EMAZ-386 女同士で激しく求め合う本気絶頂レズビアン,EMAZ-386,,2018-12-14,480分鐘,,婦人社/エマニエル,婦人社,,蕩婦、成熟的女人、女同性戀、花癡、4小時以上作品、巨乳、DMM獨家,多人,https://www.javbus.com/EMAZ-386,
HZGB-014 寒くなってきたので巨乳妻を抱きしめたい！デカ美巨乳が縦横無尽に揺れるSEX,HZGB-014 寒くなってきたので巨乳妻を抱きしめたい！デカ美巨乳が縦横無尽に揺れるSEX,HZGB-014,,2018-12-13,300分鐘,,人妻花園劇場,人妻花園劇場,,成熟的女人、合集、已婚婦女、凌辱、中出、4小時以上作品、高畫質、出軌、戲劇、巨乳、內衣,多人,https://www.javbus.com/HZGB-014,
RBB-147 脳がとろけるほど気持ち良い！おま○こが精子で大喜び！コレを経験したらもう戻れない！すっごい感じる中出しSEX8時間,RBB-147 脳がとろけるほど気持ち良い！おま○こが精子で大喜び！コレを経験したらもう戻れない！すっごい感じる中出しSEX8時間,RBB-147,,2018-12-13,480分鐘,,ROOKIE,ROOKIE,,口交、其他戀物癖、美少女、中出、4小時以上作品、巨乳、DMM獨家,多人,https://www.javbus.com/RBB-147,
MIZD-118 極上のサービスを1ヶ月間毎日楽しめる！！ MOODYZ日めくり風俗カレンダー,MIZD-118 極上のサービスを1ヶ月間毎日楽しめる！！ MOODYZ日めくり風俗カレンダー,MIZD-118,,2018-12-13,480分鐘,,ムーディーズ,MOODYZBest,,口交、合集、妓女、美少女、數位馬賽克、4小時以上作品、DMM獨家、打手槍,多人,https://www.javbus.com/MIZD-118,
KMVR-512 【VR】これがKMP VRだ！！超バカ売れ作品詰め合わせ大ヒット御礼SUPER BEST part12！！,KMVR-512 【VR】これがKMP VRだ！！超バカ売れ作品詰め合わせ大ヒット御礼SUPER BEST part12！！,KMVR-512,,2018-12-12,136分鐘,,ケイ・エム・プロデュース,KMPVR,VRBEST,合集、姐姐、乳房、主觀視角、3D、VR専用,多人,https://www.javbus.com/KMVR-512,
STCEAD-033 【お得セット】ノンストップ4Pレズビアン 波多野結衣 大槻ひびき 推川ゆうり 篠田ゆう 最上晶 水川愛莉 朝比奈菜々子 尾上若葉 泉なつみ 新垣智江 前田のの,STCEAD-033 【お得セット】ノンストップ4Pレズビアン 波多野結衣 大槻ひびき 推川ゆうり 篠田ゆう 最上晶 水川愛莉 朝比奈菜々子 尾上若葉 泉なつみ 新垣智江 前田のの,STCEAD-033,,2018-12-10,397分鐘,,セレブの友,セレブの友（お得セット）,ノンストップ4Pレズビアン,成熟的女人、放尿、女同性戀、花癡、多P、高畫質、巨乳、DMM獨家,多人,https://www.javbus.com/STCEAD-033,
MIAE-345 気高き最強の女捜査官たち…が、ぶるんと尻丸出しで拘束されて責められてアナルをヒクつかせながら無様にイキ果てた結果 「ま、参りました！もうイキましたーーー！」と降参！その態度に興奮した敵の追撃ピストンで失禁絶頂！,MIAE-345 気高き最強の女捜査官たち…が、ぶるんと尻丸出しで拘束されて責められてアナルをヒクつかせながら無様にイキ果てた結果 「ま、参りました！もうイキましたーーー！」と降参！その態度に興奮した敵の追撃ピストンで失禁絶頂！,MIAE-345,,2018-12-09,170分鐘,ドラゴン西川,ムーディーズ,MOODYZACID,,潮吹、屁股、數位馬賽克、女檢察官、高畫質、巨尻、DMM獨家,多人,https://www.javbus.com/MIAE-345,
MRXB-016 マルクス 2018年 全14タイトル スペシャルBEST8時間,MRXB-016 マルクス 2018年 全14タイトル スペシャルBEST8時間,MRXB-016,,2018-12-09,480分鐘,,MARX,MARX（マルクス兄弟）,,合集、性奴、4小時以上作品、出軌、巨乳、DMM獨家,多人,https://www.javbus.com/MRXB-016,
KRBV-288 ヌキどころ一気に見せます！ KARMA総集編vol.25,KRBV-288 ヌキどころ一気に見せます！ KARMA総集編vol.25,KRBV-288,,2018-12-09,480分鐘,,カルマ,BEST,KARMA総集編,合集、偷窥、中出、4小時以上作品、內衣、巨乳、DMM獨家,多人,https://www.javbus.com/KRBV-288,
MKCK-225 世界に誇るスーパーボディ大百科BEST 業界の中でも選ばれし女体コレクション 100人100SEX 16時間スペシャル,MKCK-225 世界に誇るスーパーボディ大百科BEST 業界の中でも選ばれし女体コレクション 100人100SEX 16時間スペシャル,MKCK-225,,2018-12-09,960分鐘,,E-BODY,E-BODY,世界に誇るスーパーボディ大百科BEST,苗條、合集、花癡、16時間以上作品、巨尻、巨乳、DMM獨家,多人,https://www.javbus.com/MKCK-225,
AVVB-012 【VR】感謝祭！！高精細映像4K収録！高画質長尺VR 超ウルトラBEST,AVVB-012 【VR】感謝祭！！高精細映像4K収録！高画質長尺VR 超ウルトラBEST,AVVB-012,,2018-12-07,150分鐘,,AVVR,AVVR,超ウルトラBEST,口交、合集、中出、3D、VR専用、巨乳,多人,https://www.javbus.com/AVVB-012,
ATKD-274 濃厚な接吻で不貞に溺れる人妻8時間,ATKD-274 濃厚な接吻で不貞に溺れる人妻8時間,ATKD-274,,2018-12-06,480分鐘,,アタッカーズ,AttackersBEST,,合集、通姦、キス・接吻、DMM獨家,多人,https://www.javbus.com/ATKD-274,
BF-559 麗しの美尻パンストBEST8時間,BF-559 麗しの美尻パンストBEST8時間,BF-559,,2018-12-06,480分鐘,,BeFree,BeFree,,合集、連褲襪、屁股、戀腿癖、DMM獨家,多人,https://www.javbus.com/BF-559,
JUSD-807 グチョグチョに求め合う濡れ髪性交BEST 8時間,JUSD-807 グチョグチョに求め合う濡れ髪性交BEST 8時間,JUSD-807,,2018-12-06,480分鐘,,マドンナ,Madonna,,合集、數位馬賽克、通姦、猥褻穿著、DMM獨家,多人,https://www.javbus.com/JUSD-807,
OVG-092 絶頂中出しピストン騎乗位,OVG-092 絶頂中出しピストン騎乗位,OVG-092,,2018-12-05,121分鐘,,グローリークエスト,GLORYQUEST,,蕩婦、花癡、中出、女上位、高畫質、巨尻,多人,https://www.javbus.com/OVG-092,
TGGP-82 【G1】VS ～美聖女仮面プリンシパル＆アドミラルウーマン,TGGP-82 【G1】VS ～美聖女仮面プリンシパル＆アドミラルウーマン,TGGP-82,,2018-12-01,77分鐘,六機崇,GIGA,GIGA,,蕩婦、潮吹、特效、女戰士、アクション,多人,https://www.javbus.com/TGGP-82,
KMVR-507 【VR】ようこそオトコの園へ！！厳選された大人気風俗101分SUPER BEST,KMVR-507 【VR】ようこそオトコの園へ！！厳選された大人気風俗101分SUPER BEST,KMVR-507,,2018-11-30,100分鐘,K太郎,ケイ・エム・プロデュース,KMPVR,VRBEST,合集、妓女、主觀視角、VR専用、巨乳,多人,https://www.javbus.com/KMVR-507,
AVVB-011 【VR】長尺150分 4K収録！高画質VR 超ウルトラBEST,AVVB-011 【VR】長尺150分 4K収録！高画質VR 超ウルトラBEST,AVVB-011,,2018-11-30,150分鐘,,AVVR,AVVR,超ウルトラBEST,口交、合集、中出、3D、VR専用、巨乳,多人,https://www.javbus.com/AVVB-011,
BMW-171 デカ尻見せつけ！！ピストン騎乗位3,BMW-171 デカ尻見せつけ！！ピストン騎乗位3,BMW-171,,2018-11-30,240分鐘,,ワンズファクトリー,WANZ,デカ尻見せつけ！！ピストン騎乗位,合集、屁股、女上位、巨尻、DMM獨家,多人,https://www.javbus.com/BMW-171,
KMVR-508 【VR】あなたはマグロでいいんです！！何もせずにスケベな美女たちにね～っとり搾り取られる王様BEST,KMVR-508 【VR】あなたはマグロでいいんです！！何もせずにスケベな美女たちにね～っとり搾り取られる王様BEST,KMVR-508,,2018-11-30,101分鐘,K太郎,ケイ・エム・プロデュース,KMPVR,,合集、中出、主觀視角、VR専用、巨乳,多人,https://www.javbus.com/KMVR-508,
CESD-676 波多野結衣のオトコノ娘童貞狩りドキュメント2,CESD-676 波多野結衣のオトコノ娘童貞狩りドキュメント2,CESD-676,,2018-11-24,156分鐘,,セレブの友,セレブの友,オトコノ娘童貞狩りドキュメント,成熟的女人、花癡、高畫質、女裝人妖、巨乳、DMM獨家、肛交,多人,https://www.javbus.com/CESD-676,
SVS-061 セクシーコスチューム濡れ透けコレクションIII,SVS-061 セクシーコスチューム濡れ透けコレクションIII,SVS-061,,2018-11-24,240分鐘,渡辺琢斗,AVScollector’s,AVS,セクシーコスチューム濡れ透けコレクション,連褲襪、緊身衣、4小時以上作品、高畫質、DMM獨家,多人,https://www.javbus.com/SVS-061,
CESD-672 香椎りあ まるごと完全収録1137分BEST,CESD-672 香椎りあ まるごと完全収録1137分BEST,CESD-672,,2018-11-24,1137分鐘,,セレブの友,セレブの友,○○まるごと完全収録,成熟的女人、花癡、中出、女優ベスト・総集編、巨乳、DMM獨家,多人,https://www.javbus.com/CESD-672,
DGCESD-676 ★配信限定！特典映像付★波多野結衣のオトコノ娘童貞狩りドキュメント2,DGCESD-676 ★配信限定！特典映像付★波多野結衣のオトコノ娘童貞狩りドキュメント2,DGCESD-676,,2018-11-24,157分鐘,,セレブの友,セレブの友,オトコノ娘童貞狩りドキュメント,成熟的女人、花癡、女裝人妖、巨乳、DMM獨家、肛交,多人,https://www.javbus.com/DGCESD-676,
JUSD-806 男がもがき始める射精90秒前の追い込みフェラ249連射,JUSD-806 男がもがき始める射精90秒前の追い込みフェラ249連射,JUSD-806,,2018-11-23,480分鐘,,マドンナ,Madonna,,蕩婦、成熟的女人、口交、合集、已婚婦女、數位馬賽克、DMM獨家,多人,https://www.javbus.com/JUSD-806,
NACZ-002 待ちきれなくて ディレクターズカット濃縮盤240分,NACZ-002 待ちきれなくて ディレクターズカット濃縮盤240分,NACZ-002,,2018-11-23,249分鐘,なぎら健造,NAGIRA,NAGIRA-ナギラ-,待ちきれなくて,合集、已婚婦女、通姦、4小時以上作品、高畫質、戲劇,多人,https://www.javbus.com/NACZ-002,
HNDS-060 引退×中出し るーたんと最後にみんなで青春するぞスペシャル！！！,HNDS-060 引退×中出し るーたんと最後にみんなで青春するぞスペシャル！！！,HNDS-060,,2018-11-23,150分鐘,タイガー小堺,本中,本中,,美少女、數位馬賽克、輪姦、中出、高畫質、高中女生、DMM獨家,多人,https://www.javbus.com/HNDS-060,
MDB-964 禁断の人妻中出しSEX 30人4時間BEST2,MDB-964 禁断の人妻中出しSEX 30人4時間BEST2,MDB-964,,2018-11-23,241分鐘,K太郎,メディアステーション,BAZOOKA（バズーカ）,禁断の人妻中出しSEX,合集、已婚婦女、通姦、中出、4小時以上作品、高畫質,多人,https://www.javbus.com/MDB-964,
LZBS-040 レズれ！双頭ディルドレズセックス厳選ベスト5時間 膣中突き合いと「あなたのイキ顔で…」さらに高まるオンナ達の絶頂オーガズムお見せします！,LZBS-040 レズれ！双頭ディルドレズセックス厳選ベスト5時間 膣中突き合いと「あなたのイキ顔で…」さらに高まるオンナ達の絶頂オーガズムお見せします！,LZBS-040,,2018-11-18,300分鐘,,レズれ！,レズれ！ベスト,,女同性戀、合集、插入異物、4小時以上作品、巨乳、DMM獨家,多人,https://www.javbus.com/LZBS-040,
EMRD-111 おねだり熟女50人の美巨乳×淫尻×パンスト美脚SEX8時間,EMRD-111 おねだり熟女50人の美巨乳×淫尻×パンスト美脚SEX8時間,EMRD-111,,2018-11-18,480分鐘,,エンペラー/妄想族,エンペラー（エンペラー/妄想族）,,連褲襪、屁股、戀腿癖、中出、DMM獨家、內衣,多人,https://www.javbus.com/EMRD-111,
EMAZ-384 淫乱熟女50人！緊縛奴隷輪姦・強制お漏らし・アナル凌辱SEX8時間,EMAZ-384 淫乱熟女50人！緊縛奴隷輪姦・強制お漏らし・アナル凌辱SEX8時間,EMAZ-384,,2018-11-18,480分鐘,,婦人社/エマニエル,婦人社,,成熟的女人、合集、巨尻、巨乳、DMM獨家、肛交,多人,https://www.javbus.com/EMAZ-384,
EMAZ-385 淫ら義母×不倫妻×近親相姦8時間,EMAZ-385 淫ら義母×不倫妻×近親相姦8時間,EMAZ-385,,2018-11-18,480分鐘,,婦人社/エマニエル,婦人社,,成熟的女人、合集、亂倫、巨尻、巨乳、DMM獨家,多人,https://www.javbus.com/EMAZ-385,
MXSPS-595 固定拘束×鬼イカセ 4時間,MXSPS-595 固定拘束×鬼イカセ 4時間,MXSPS-595,,2018-11-16,241分鐘,,マキシング,MAXING,,合集、拘束、4小時以上作品、高畫質,多人,https://www.javbus.com/MXSPS-595,
SVS-060 ノーパンパンストで誘惑し濡れ堕ちる女達の淫乱SEX10人4時間,SVS-060 ノーパンパンストで誘惑し濡れ堕ちる女達の淫乱SEX10人4時間,SVS-060,,2018-11-11,240分鐘,,AVScollector’s,AVS,,合集、連褲襪、4小時以上作品、高畫質、DMM獨家,多人,https://www.javbus.com/SVS-060,
DGCESD-668 ★配信限定！特典映像付★ひびはた対決 リベンジ3 大槻ひびき 波多野結衣,DGCESD-668 ★配信限定！特典映像付★ひびはた対決 リベンジ3 大槻ひびき 波多野結衣,DGCESD-668,,2018-11-11,290分鐘,柊炎舞,セレブの友,セレブの友,ひびはた対決,蕩婦、成熟的女人、放尿、花癡、多P、DMM獨家,多人,https://www.javbus.com/DGCESD-668,
CESD-669 春菜はな まるごと完全収録1135分BEST,CESD-669 春菜はな まるごと完全収録1135分BEST,CESD-669,,2018-11-11,1135分鐘,,セレブの友,セレブの友,○○まるごと完全収録,成熟的女人、乳交、女優ベスト・総集編、巨尻、巨乳、DMM獨家,多人,https://www.javbus.com/CESD-669,
CESD-668 ひびはた対決 リベンジ3 大槻ひびき 波多野結衣,CESD-668 ひびはた対決 リベンジ3 大槻ひびき 波多野結衣,CESD-668,,2018-11-11,233分鐘,柊炎舞,セレブの友,セレブの友,ひびはた対決,蕩婦、成熟的女人、放尿、花癡、多P、高畫質、DMM獨家,多人,https://www.javbus.com/CESD-668,
MCSR-324 お母さんといっしょ2 僕と母と淫靡な湯治と。 欲求不満の人妻は温泉旅館で息子に抱かれ激しく悶える近親相姦。 12人4時間,MCSR-324 お母さんといっしょ2 僕と母と淫靡な湯治と。 欲求不満の人妻は温泉旅館で息子に抱かれ激しく悶える近親相姦。 12人4時間,MCSR-324,,2018-11-10,239分鐘,亀ヶ島三郎,ビッグモーカル,マスカット,お母さんといっしょ,成熟的女人、母親、亂倫、中出、4小時以上作品、高畫質、温泉,多人,https://www.javbus.com/MCSR-324,
MRXB-015 マルクス NTR作品 スーパーBEST 8時間,MRXB-015 マルクス NTR作品 スーパーBEST 8時間,MRXB-015,,2018-11-10,480分鐘,,MARX,MARX（マルクス兄弟）,,成熟的女人、合集、4小時以上作品、出軌、巨乳、DMM獨家,多人,https://www.javbus.com/MRXB-015,
KMVR-480 【VR】エロVR界のヒットメーカー こあら太郎（わ）監督BEST！！,KMVR-480 【VR】エロVR界のヒットメーカー こあら太郎（わ）監督BEST！！,KMVR-480,,2018-11-09,120分鐘,こあら太郎（わ）,ケイ・エム・プロデュース,KMPVR,,合集、乳房、中出、主觀視角、VR専用、巨乳,多人,https://www.javbus.com/KMVR-480,
UMSO-220 マジでイッちゃう5分前！40人の発射5分前からお見せます！,UMSO-220 マジでイッちゃう5分前！40人の発射5分前からお見せます！,UMSO-220,,2018-11-09,241分鐘,,ケイ・エム・プロデュース,UMANAMI,,成熟的女人、合集、已婚婦女、4小時以上作品、高畫質、巨乳,多人,https://www.javbus.com/UMSO-220,
VRTM-390 突然やってきた営業レディは媚薬を飲むと、黒パンストを擦りつけながら淫らに股間を滴らせ、カニバサミで中出しを求めた！ 5,VRTM-390 突然やってきた営業レディは媚薬を飲むと、黒パンストを擦りつけながら淫らに股間を滴らせ、カニバサミで中出しを求めた！ 5,VRTM-390,,2018-11-09,148分鐘,望月英吾,V＆RPRODUCE,V＆RPRODUCE,突然やってきた営業レディは媚薬を飲むと…,企畫、藥物、各種職業、連褲襪、屁股、花癡、戀腿癖、制服、中出、足交、高畫質、故事集,多人,https://www.javbus.com/VRTM-390,
RCTD-161 ボディジャック RE:0から始めるオフィス憑依のススメ,RCTD-161 ボディジャック RE:0から始めるオフィス憑依のススメ,RCTD-161,,2018-11-08,186分鐘,三輪キヨシ,ROCKET,ROCKET,究極の妄想発明シリーズ,企畫、OL、女同性戀、高畫質、戲劇,多人,https://www.javbus.com/RCTD-161,
JUSD-805 夫の遺影の前で犯されて、気が狂うほど絶頂した私。 総集編16時間,JUSD-805 夫の遺影の前で犯されて、気が狂うほど絶頂した私。 総集編16時間,JUSD-805,,2018-11-03,960分鐘,,マドンナ,Madonna,夫の遺影の前で犯されて、気が狂うほど絶頂した私。,成熟的女人、寡婦、數位馬賽克、凌辱、羞恥、DMM獨家,多人,https://www.javbus.com/JUSD-805,
BF-556 お口にそのままアッツアツの精子全部ちょうだい 口内射精フェラチオ8時間BEST,BF-556 お口にそのままアッツアツの精子全部ちょうだい 口内射精フェラチオ8時間BEST,BF-556,,2018-11-03,480分鐘,,BeFree,BeFree,,口交、合集、姐姐、高畫質、巨乳、DMM獨家,多人,https://www.javbus.com/BF-556,
BBSS-015 唾液を絡ませキスに夢中になって燃え上がる接吻レズビアンセックス4時間,BBSS-015 唾液を絡ませキスに夢中になって燃え上がる接吻レズビアンセックス4時間,BBSS-015,,2018-11-03,240分鐘,,ビビアン,ビビアン,,女同性戀、合集、女同接吻、汗だく、DMM獨家,多人,https://www.javbus.com/BBSS-015,
OVG-090 舐めて焦らして生殺し！寸止めフェラチオ天国！！,OVG-090 舐めて焦らして生殺し！寸止めフェラチオ天国！！,OVG-090,,2018-10-31,120分鐘,,グローリークエスト,GLORYQUEST,,蕩婦、口交、其他戀物癖、高畫質、巨乳,多人,https://www.javbus.com/OVG-090,
BMW-169 デカ尻マニアックスBEST8時間 vol.5,BMW-169 デカ尻マニアックスBEST8時間 vol.5,BMW-169,,2018-10-27,480分鐘,,ワンズファクトリー,WANZ,デカ尻マニアックス,合集、屁股、中出、女上位、顏面騎乘、巨尻、DMM獨家,多人,https://www.javbus.com/BMW-169,
HZGB-013 売れっ子監督が選んだ、必ずヌケる！ド助平な美人妻たち 中出しセックス厳選BEST,HZGB-013 売れっ子監督が選んだ、必ずヌケる！ド助平な美人妻たち 中出しセックス厳選BEST,HZGB-013,,2018-10-26,300分鐘,,人妻花園劇場,人妻花園劇場,,成熟的女人、合集、已婚婦女、凌辱、中出、4小時以上作品、高畫質、出軌、戲劇、巨乳,多人,https://www.javbus.com/HZGB-013,
MDB-947 ボクだけに迫ってくる淫乱美女たち！最後の一滴まで搾りとられるALL主観BEST4時間2,MDB-947 ボクだけに迫ってくる淫乱美女たち！最後の一滴まで搾りとられるALL主観BEST4時間2,MDB-947,,2018-10-26,240分鐘,K太郎,メディアステーション,BAZOOKA（バズーカ）,ボクだけに迫ってくる淫乱美女たち！,合集、多P、4小時以上作品、主觀視角、高畫質、ハーレム,多人,https://www.javbus.com/MDB-947,
XRW-586 日本緊縛師列伝 第三章 狂縄,XRW-586 日本緊縛師列伝 第三章 狂縄,XRW-586,,2018-10-26,119分鐘,ディラン富増,レアルワークス,REAL（レアルワークス）,日本緊縛師列伝,SM、紧缚、性奴、拘束、高畫質,多人,https://www.javbus.com/XRW-586,
MDB-951 BAZOOKA Presents 絶品スレンダーBODYに生中出し40発240分,MDB-951 BAZOOKA Presents 絶品スレンダーBODYに生中出し40発240分,MDB-951,,2018-10-26,243分鐘,K太郎,メディアステーション,BAZOOKA（バズーカ）,,苗條、合集、中出、4小時以上作品、高畫質,多人,https://www.javbus.com/MDB-951,
CESD-659 女性経験ゼロの美形NHを波多野結衣が筆下ろし4射精！ 波多野結衣 如月じゅり,CESD-659 女性経験ゼロの美形NHを波多野結衣が筆下ろし4射精！ 波多野結衣 如月じゅり,CESD-659,,2018-10-22,140分鐘,柊炎舞,セレブの友,セレブの友,,成熟的女人、變性者、纪录片、高畫質、處男、肛内中出、DMM獨家,多人,https://www.javbus.com/CESD-659,
CESD-656 女同士が濃厚に愛し合う快楽レズビアン25時間35分,CESD-656 女同士が濃厚に愛し合う快楽レズビアン25時間35分,CESD-656,,2018-10-22,1535分鐘,,セレブの友,セレブの友,,成熟的女人、女同性戀、花癡、16時間以上作品、巨乳、DMM獨家,多人,https://www.javbus.com/CESD-656,
TCD-204 AVデビュー オトコノ娘 初撮り×アナルSEX×4射精 椿ハルナ 波多野結衣,TCD-204 AVデビュー オトコノ娘 初撮り×アナルSEX×4射精 椿ハルナ 波多野結衣,TCD-204,,2018-10-22,169分鐘,,TRANSCLUB,TRANSCLUB,,變性者、纪录片、數位馬賽克、首次亮相、高畫質、女裝人妖、肛内中出、DMM獨家,多人,https://www.javbus.com/TCD-204,
HNDS-059 大槻ひびき10周年記念 ガチ友達全員でハメて咥えてイキまくれ！！ぶっかけ中出しごっくん大乱交ファン感謝祭180分スペシャル！！後編,HNDS-059 大槻ひびき10周年記念 ガチ友達全員でハメて咥えてイキまくれ！！ぶっかけ中出しごっくん大乱交ファン感謝祭180分スペシャル！！後編,HNDS-059,,2018-10-21,180分鐘,タイガー小堺,本中,本中,,濫交、數位馬賽克、中出、高畫質、DMM獨家、顏射、吞精,多人,https://www.javbus.com/HNDS-059,
3DSVR-0332 めちゃモテ入院生活VR【長尺ほぼ3時間・お見舞いに来た彼女とこっそりHし…,3DSVR-0332 めちゃモテ入院生活VR【長尺ほぼ3時間・お見舞いに来た彼女とこっそりHし…,3DSVR-0332,,2018-10-19,175分鐘,木村真也,SODクリエイト,SODVR,,姐姐、中出、3P、4P,多人,https://www.javbus.com/3DSVR-0332,
LZBS-039 レズれ！潮吹きレズセックス厳選ベスト5時間 オンナ同士の絶頂・大量スプラッシュお見せします！,LZBS-039 レズれ！潮吹きレズセックス厳選ベスト5時間 オンナ同士の絶頂・大量スプラッシュお見せします！,LZBS-039,,2018-10-19,300分鐘,,レズれ！,レズれ！ベスト,,女同性戀、潮吹、合集、4小時以上作品、手指插入、高畫質、DMM獨家,多人,https://www.javbus.com/LZBS-039,
DSVR-332 【VR】めちゃモテ入院生活VR【長尺ほぼ3時間・お見舞いに来た彼女とこっそりHした後、ドスケベ元カノ軍団が押し寄せてツボのわかった3Pで昇天！隣のベッドの薄幸そうな美少女患者もハメちゃった！射精しすぎてぐったりしてたらS級看護師2名に3P食らったとんでもない1日】,DSVR-332 【VR】めちゃモテ入院生活VR【長尺ほぼ3時間・お見舞いに来た彼女とこっそりHした後、ドスケベ元カノ軍団が押し寄せてツボのわかった3Pで昇天！隣のベッドの薄幸そうな美少女患者もハメちゃった！射精しすぎてぐったりしてたらS級看護師2名に3P食らったとんでもない1日】,DSVR-332,,2018-10-19,179分鐘,木村真也,SODクリエイト,SODVR,,企畫、护士、姐姐、多P、中出、VR専用,多人,https://www.javbus.com/DSVR-332,
GVG-759 お色気P●A会長＆悩殺女教師と悪ガキ生徒会 波多野結衣 加藤あやの,GVG-759 お色気P●A会長＆悩殺女教師と悪ガキ生徒会 波多野結衣 加藤あやの,GVG-759,,2018-10-17,136分鐘,ひょん,グローリークエスト,GLORYQUEST,お色気P○A会長と悪ガキ生徒会,成熟的女人、濫交、女教師、高畫質、戲劇、正太控、眼鏡,多人,https://www.javbus.com/GVG-759,
BIKMVR-011 【VR】長尺100分 オヤジの再婚相手の連れ子は美人3姉妹 突然末っ子になったボクの超エロハーレム同居生活 波多野結衣 大槻ひびき 紺野ひかる,BIKMVR-011 【VR】長尺100分 オヤジの再婚相手の連れ子は美人3姉妹 突然末っ子になったボクの超エロハーレム同居生活 波多野結衣 大槻ひびき 紺野ひかる,BIKMVR-011,,2018-10-17,104分鐘,ささきうずまき,KMPVR-bibi-,KMPVR-bibi-,,蕩婦、苗條、亂倫、姐姐、多P、中出、女上位、VR専用、巨乳,多人,https://www.javbus.com/BIKMVR-011,
OVG-089 「あっ！ナマで入っちゃった！」オイル素股でマ○コにチ○ポを擦りつけてたら気持ち良すぎてヌルッと生挿入！！中出しSEXまでヤッちゃったデリヘル嬢たち3,OVG-089 「あっ！ナマで入っちゃった！」オイル素股でマ○コにチ○ポを擦りつけてたら気持ち良すぎてヌルッと生挿入！！中出しSEXまでヤッちゃったデリヘル嬢たち3,OVG-089,,2018-10-17,131分鐘,,グローリークエスト,GLORYQUEST,「ナマで入っちゃった！」,妓女、乳液、中出、女上位、高畫質、巨乳,多人,https://www.javbus.com/OVG-089,
ZEX-358 ハーレムASMRスペシャル！！,ZEX-358 ハーレムASMRスペシャル！！,ZEX-358,,2018-10-15,122分鐘,,ピーターズMAX,ピーターズMAX,,淫語、美少女、主觀視角、高畫質、ハーレム、巨乳,多人,https://www.javbus.com/ZEX-358,
AVSA-075 淫語を喋る俺だけの性欲処理人形 Wドール特別仕様 波多野結衣 大槻ひびき,AVSA-075 淫語を喋る俺だけの性欲処理人形 Wドール特別仕様 波多野結衣 大槻ひびき,AVSA-075,,2018-10-13,110分鐘,,AVScollector’s,AVSCollector’s,淫語を喋る俺だけの性欲処理人形,淫語、惡作劇、高畫質、DMM獨家,多人,https://www.javbus.com/AVSA-075,
CESD-648 波多野結衣22時間20分ベスト,CESD-648 波多野結衣22時間20分ベスト,CESD-648,,2018-10-13,1340分鐘,,セレブの友,セレブの友,,成熟的女人、花癡、中出、女優ベスト・総集編、巨乳、單體作品、DMM獨家,多人,https://www.javbus.com/CESD-648,
MUDR-051 土下座で頼んでみた 学校編,MUDR-051 土下座で頼んでみた 学校編,MUDR-051,,2018-10-12,100分鐘,,無垢,無垢,,美少女、數位馬賽克、介紹影片、高畫質、原作コラボ、校服、DMM獨家,多人,https://www.javbus.com/MUDR-051,
MBYD-281 人妻の妊娠危険日ばかりを狙う顔の見えないレ×プ魔8タイトル大ボリューム8時間BEST,MBYD-281 人妻の妊娠危険日ばかりを狙う顔の見えないレ×プ魔8タイトル大ボリューム8時間BEST,MBYD-281,,2018-10-12,480分鐘,,溜池ゴロー,溜池ゴロー,人妻の妊娠危険日ばかりを狙う顔の見えないレ×プ魔,合集、已婚婦女、凌辱、中出、出軌、DMM獨家,多人,https://www.javbus.com/MBYD-281,
IPX-214 濃密レズ解禁！ イキ合うレズビアンセックス4本番-新快感の絶頂- ねっとり絡み合う舌と擦れ合う性器… 女だからこそ分かる快感ポイントを責め立てる！ 天海つばさ 波多野結衣 君島みお,IPX-214 濃密レズ解禁！ イキ合うレズビアンセックス4本番-新快感の絶頂- ねっとり絡み合う舌と擦れ合う性器… 女だからこそ分かる快感ポイントを責め立てる！ 天海つばさ 波多野結衣 君島みお,IPX-214,,2018-10-12,120分鐘,ザック荒井,アイデアポケット,ティッシュ,,女同性戀、濫交、姐姐、數位馬賽克、高畫質、巨乳、DMM獨家,多人,https://www.javbus.com/IPX-214,
MRXB-014 MARX リニューアル記念 8時間 大総集編 パート4,MRXB-014 MARX リニューアル記念 8時間 大総集編 パート4,MRXB-014,,2018-10-12,480分鐘,,MARX,MARX（マルクス兄弟）,MARX大総集編,合集、性奴、4小時以上作品、戲劇、巨乳、DMM獨家,多人,https://www.javbus.com/MRXB-014,
ZEAA-030 背徳のフェラチオ妻セレクション,ZEAA-030 背徳のフェラチオ妻セレクション,ZEAA-030,,2018-10-11,240分鐘,天雲,センタービレッジ,極（センタービレッジ）,,成熟的女人、口交、合集、已婚婦女、4小時以上作品、高畫質、デカチン・巨根,多人,https://www.javbus.com/ZEAA-030,
SDMU-889 ASMR淫語病棟24時,SDMU-889 ASMR淫語病棟24時,SDMU-889,,2018-10-11,142分鐘,タイガー小堺,SODクリエイト,SODクリエイト,,护士、其他戀物癖、淫語、制服、高畫質、巨乳,多人,https://www.javbus.com/SDMU-889,
STCESD-047 【お得セット】痴女×痴女レズビアン 三喜本のぞみ 香山美桜 川上ゆう 波多野結衣 児玉るみ 跡美しゅり,STCESD-047 【お得セット】痴女×痴女レズビアン 三喜本のぞみ 香山美桜 川上ゆう 波多野結衣 児玉るみ 跡美しゅり,STCESD-047,,2018-10-10,483分鐘,,セレブの友,セレブの友（お得セット）,痴女×痴女レズビアン,角色扮演、蕩婦、成熟的女人、女同性戀、高畫質、巨乳、DMM獨家,多人,https://www.javbus.com/STCESD-047,
ATKD-272 射精直前の無理矢理中出しレイプ31連発4時間,ATKD-272 射精直前の無理矢理中出しレイプ31連発4時間,ATKD-272,,2018-10-07,240分鐘,,アタッカーズ,AttackersBEST,,合集、中出、DMM獨家,多人,https://www.javbus.com/ATKD-272,
RVG-077 夫の実家で起こった悲劇 BEST vol.1,RVG-077 夫の実家で起こった悲劇 BEST vol.1,RVG-077,,2018-10-03,480分鐘,,グローリークエスト,GLORYQUEST,夫の実家で起こった悲劇,合集、亂倫、已婚婦女、4小時以上作品、高畫質,多人,https://www.javbus.com/RVG-077,
MIZD-108 あの！人気女優の生涯最大の膣内イキBEST,MIZD-108 あの！人気女優の生涯最大の膣内イキBEST,MIZD-108,,2018-10-01,240分鐘,,ムーディーズ,MOODYZBest,,合集、淫語、姐姐、美少女、巨乳、DMM獨家,多人,https://www.javbus.com/MIZD-108,
MIZD-107 全感度が一極集中する亀頭責めBEST第二弾,MIZD-107 全感度が一極集中する亀頭責めBEST第二弾,MIZD-107,,2018-10-01,240分鐘,,ムーディーズ,MOODYZBest,全感度が一極集中する亀頭責めBEST,蕩婦、口交、合集、淫語、數位馬賽克、DMM獨家、打手槍,多人,https://www.javbus.com/MIZD-107,
STCESD-046 【お得セット】禁欲10日目の媚薬 森沢かな 今井真由美 波多野結衣,STCESD-046 【お得セット】禁欲10日目の媚薬 森沢かな 今井真由美 波多野結衣,STCESD-046,,2018-09-30,402分鐘,,セレブの友,セレブの友（お得セット）,禁欲10日目の媚薬,成熟的女人、藥物、已婚婦女、纪录片、花癡、DMM獨家,多人,https://www.javbus.com/STCESD-046,
KUSR-047 巨乳縛り ムチムチ豊乳な女を嬲る！,KUSR-047 巨乳縛り ムチムチ豊乳な女を嬲る！,KUSR-047,,2018-09-29,120分鐘,,ビッグモーカル,九龍（ビッグモーカル）,,紧缚、已婚婦女、性奴、高畫質、巨乳,多人,https://www.javbus.com/KUSR-047,
HMD-026 「セックスってこんなに気持良かったかしら…」 夫とご無沙汰なエロい身体が容易に他人チ○ポを受け入れる,HMD-026 「セックスってこんなに気持良かったかしら…」 夫とご無沙汰なエロい身体が容易に他人チ○ポを受け入れる,HMD-026,,2018-09-28,241分鐘,,グローバルメディアエンタテインメント,ハイパーミックス（グローバルメディアエンタテインメント）,,成熟的女人、合集、已婚婦女、數位馬賽克、性奴、羞恥、中出、4小時以上作品、高畫質、巨乳,多人,https://www.javbus.com/HMD-026,
MDB-940 男の欲望 ありえない願望シチュエーションスペシャルBEST 4時間,MDB-940 男の欲望 ありえない願望シチュエーションスペシャルBEST 4時間,MDB-940,,2018-09-28,241分鐘,K太郎,メディアステーション,BAZOOKA（バズーカ）,,合集、多P、妄想、中出、4小時以上作品、高畫質,多人,https://www.javbus.com/MDB-940,
MDB-937 「お願い！中に出して！」後先考えずに要求してしまう中出し懇願BEST 4時間,MDB-937 「お願い！中に出して！」後先考えずに要求してしまう中出し懇願BEST 4時間,MDB-937,,2018-09-28,241分鐘,K太郎,メディアステーション,BAZOOKA（バズーカ）,,合集、乳房、中出、4小時以上作品、高畫質,多人,https://www.javbus.com/MDB-937,
HZGB-012 他人棒ガン突かれ妻-特別編集版-,HZGB-012 他人棒ガン突かれ妻-特別編集版-,HZGB-012,,2018-09-28,301分鐘,,人妻花園劇場,人妻花園劇場,,成熟的女人、苗條、口交、乳交、亂倫、已婚婦女、新娘、年輕妻子、性奴、凌辱、中出、女上位、4小時以上作品、高畫質、出軌、戲劇、巨乳、內衣,多人,https://www.javbus.com/HZGB-012,
OKAX-426 いいオンナが失禁する姿は卑猥過ぎてハンパねえ！4時間,OKAX-426 いいオンナが失禁する姿は卑猥過ぎてハンパねえ！4時間,OKAX-426,,2018-09-28,240分鐘,,ケイ・エム・プロデュース,おかず。,,OL、放尿、潮吹、性奴、羞恥、4小時以上作品、高畫質、巨乳,多人,https://www.javbus.com/OKAX-426,
CESD-642 波多野結衣様…私の初レズを奪ってください。 白雪麻衣,CESD-642 波多野結衣様…私の初レズを奪ってください。 白雪麻衣,CESD-642,,2018-09-25,152分鐘,,セレブの友,セレブの友,,成熟的女人、女同性戀、花癡、舔陰、高畫質、巨乳、DMM獨家,多人,https://www.javbus.com/CESD-642,
CJOD-160 絶対領域痴女ハーレム 美脚に挟まれ身動きできず中出しされちゃう！！,CJOD-160 絶対領域痴女ハーレム 美脚に挟まれ身動きできず中出しされちゃう！！,CJOD-160,,2018-09-25,200分鐘,真咲南朋,痴女ヘブン,痴女ヘブン,,蕩婦、苗條、中出、足交、高畫質、ハーレム、DMM獨家,多人,https://www.javbus.com/CJOD-160,
CESD-646 痙攣！失神！失禁！寸止めSEX お願いだからイカせてください…22時間46分,CESD-646 痙攣！失神！失禁！寸止めSEX お願いだからイカせてください…22時間46分,CESD-646,,2018-09-25,1366分鐘,,セレブの友,セレブの友,,成熟的女人、花癡、多P、顏射、巨乳、DMM獨家,多人,https://www.javbus.com/CESD-646,
TCD-200 生粋の女顔ニューハーフの童貞喪失ドキュメント 如月じゅり 波多野結衣,TCD-200 生粋の女顔ニューハーフの童貞喪失ドキュメント 如月じゅり 波多野結衣,TCD-200,,2018-09-25,137分鐘,柊炎舞,TRANSCLUB,TRANSCLUB,,變性者、高畫質、處男、女裝人妖、肛内中出、DMM獨家、貧乳・微乳,多人,https://www.javbus.com/TCD-200,
JUSD-802 2018年上半期全199タイトルBEST8時間,JUSD-802 2018年上半期全199タイトルBEST8時間,JUSD-802,,2018-09-25,480分鐘,,マドンナ,Madonna,マドンナ○半期,成熟的女人、合集、已婚婦女、數位馬賽克、出軌、巨乳、DMM獨家,多人,https://www.javbus.com/JUSD-802,
CJOB-036 痴女だらけとボク1人BEST50本番！！独占ハーレム4時間,CJOB-036 痴女だらけとボク1人BEST50本番！！独占ハーレム4時間,CJOB-036,,2018-09-25,240分鐘,,痴女ヘブン,痴女ヘブンBEST,痴女だらけとボク1人BEST,蕩婦、合集、多P、中出、巨乳、DMM獨家,多人,https://www.javbus.com/CJOB-036,
PMAXVR-013 【VR】ハーレムASMRVR【高画質＋高音質】で脳がとろける3D立体映像でトリップ体験できるVR,PMAXVR-013 【VR】ハーレムASMRVR【高画質＋高音質】で脳がとろける3D立体映像でトリップ体験できるVR,PMAXVR-013,,2018-09-21,45分鐘,,ピーターズMAX,ピーターズMAXVR,,淫語、美少女、乳房、VR専用、巨乳、DMM獨家,多人,https://www.javbus.com/PMAXVR-013,
RUKO-014 ワタシ、お義父さんの老棒が癖になりました…,RUKO-014 ワタシ、お義父さんの老棒が癖になりました…,RUKO-014,,2018-09-20,120分鐘,,STARPARADISE,おしるこ,,亂倫、已婚婦女、高畫質、出軌,多人,https://www.javbus.com/RUKO-014,
RVG-075 禁断介護BEST vol.13,RVG-075 禁断介護BEST vol.13,RVG-075,,2018-09-19,480分鐘,,グローリークエスト,GLORYQUEST,禁断介護,其他戀物癖、合集、已婚婦女、花癡、4小時以上作品、高畫質,多人,https://www.javbus.com/RVG-075,
RBB-140 発射寸前！ 膣奥でイキたくて中出しを求める女にどくっ！！どくんっ！！マ○コ締め上げ最高の中出し8時間,RBB-140 発射寸前！ 膣奥でイキたくて中出しを求める女にどくっ！！どくんっ！！マ○コ締め上げ最高の中出し8時間,RBB-140,,2018-09-19,480分鐘,,ROOKIE,ROOKIE,,蕩婦、合集、中出、4小時以上作品、DMM獨家,多人,https://www.javbus.com/RBB-140,
MXSPS-588 「究極対至高」波多野結衣、大槻ひびき 4時間,MXSPS-588 「究極対至高」波多野結衣、大槻ひびき 4時間,MXSPS-588,,2018-09-16,245分鐘,,マキシング,MAXING,,玩具、賽車女郎、4小時以上作品、高畫質,多人,https://www.javbus.com/MXSPS-588,
PTS-430 乳首責めっ放し人妻レズエステ 新性感開発オイルサロン,PTS-430 乳首責めっ放し人妻レズエステ 新性感開発オイルサロン,PTS-430,,2018-09-15,190分鐘,真咲南朋,ピーターズ,ピーターズ,,成熟的女人、玩具、女同性戀、已婚婦女、美容院、女同接吻、高畫質,多人,https://www.javbus.com/PTS-430,
NASS-912 若くして出産したまだまだ全然アリなお母さんの成熟した裸に触れ発情した僕はイケない事とは知りながら一線を越えてしまった,NASS-912 若くして出産したまだまだ全然アリなお母さんの成熟した裸に触れ発情した僕はイケない事とは知りながら一線を越えてしまった,NASS-912,,2018-09-14,239分鐘,長澤純,なでしこ,Nadeshiko,,成熟的女人、母親、亂倫、中出、4小時以上作品、高畫質、戲劇、温泉、巨乳,多人,https://www.javbus.com/NASS-912,
CESD-636 波多野結衣のオトコノ娘童貞狩りドキュメント,CESD-636 波多野結衣のオトコノ娘童貞狩りドキュメント,CESD-636,,2018-09-13,139分鐘,柊炎舞,セレブの友,セレブの友,,成熟的女人、纪录片、處男、女裝人妖、肛内中出、DMM獨家,多人,https://www.javbus.com/CESD-636,
IPX-208 女教師ド痴女ハーレム 強制ザーメン発射！放課後プライベートレッスン,IPX-208 女教師ド痴女ハーレム 強制ザーメン発射！放課後プライベートレッスン,IPX-208,,2018-09-13,200分鐘,X,アイデアポケット,ティッシュ,,蕩婦、女教師、花癡、數位馬賽克、高畫質、ハーレム、巨乳、DMM獨家,多人,https://www.javbus.com/IPX-208,
CESD-637 家族揃ってカラダで稼ぐ売春母子家庭 翔田千里 波多野結衣 君島みお,CESD-637 家族揃ってカラダで稼ぐ売春母子家庭 翔田千里 波多野結衣 君島みお,CESD-637,,2018-09-13,144分鐘,柊炎舞,セレブの友,セレブの友,,成熟的女人、乳交、顏射、巨尻、巨乳、DMM獨家,多人,https://www.javbus.com/CESD-637,
WSP-145 またがりたい… BEST,WSP-145 またがりたい… BEST,WSP-145,,2018-09-07,238分鐘,JUN*JUN,ワープエンタテインメント,S＋,またがりたい…,潮吹、合集、女上位、4小時以上作品、高畫質、巨乳,多人,https://www.javbus.com/WSP-145,
DOKS-447 厳選 パンティストッキングマニア 美脚ばかりの脚コキスペシャル,DOKS-447 厳選 パンティストッキングマニア 美脚ばかりの脚コキスペシャル,DOKS-447,,2018-09-07,307分鐘,松本性虫,OFFICEK’S,OFFICEK’S,○刊パンティストッキングマニア,連褲襪、戀腿癖、足交、高畫質,多人,https://www.javbus.com/DOKS-447,
JUSD-800 ～咲き乱れる花々になぞらえた人妻レズドラマ10シチュエーション～ 花言葉レズビアン 総集編8時間,JUSD-800 ～咲き乱れる花々になぞらえた人妻レズドラマ10シチュエーション～ 花言葉レズビアン 総集編8時間,JUSD-800,,2018-09-07,480分鐘,,マドンナ,Madonna,,成熟的女人、女同性戀、合集、已婚婦女、數位馬賽克、戲劇、DMM獨家,多人,https://www.javbus.com/JUSD-800,
BBSS-014 舌を絡ませ複数のカラダが入り乱れるレズビアン乱交 4時間,BBSS-014 舌を絡ませ複数のカラダが入り乱れるレズビアン乱交 4時間,BBSS-014,,2018-09-07,240分鐘,,ビビアン,ビビアン,,女同性戀、濫交、合集、多P、女同接吻、DMM獨家,多人,https://www.javbus.com/BBSS-014,
CADV-682 e-kiss THE BEST 8 8時間100選！！,CADV-682 e-kiss THE BEST 8 8時間100選！！,CADV-682,,2018-09-01,479分鐘,,クリスタル映像,CRYSTALEX,e-kissTHEBEST,角色扮演、玩具、野外・露出、合集、無毛、美少女、拘束、中出、4小時以上作品、高畫質、巨乳、女傭、學校泳裝、女生,多人,https://www.javbus.com/CADV-682,
KMVR-460 【VR】【期間限定発売】期間限定発売 リアル性教育！！スーパーBEST！！！,KMVR-460 【VR】【期間限定発売】期間限定発売 リアル性教育！！スーパーBEST！！！,KMVR-460,,2018-08-28,355分鐘,,ケイ・エム・プロデュース,KMPVR,リアル性教育！！,姐姐、乳房、4小時以上作品、主觀視角、VR専用,多人,https://www.javbus.com/KMVR-460,
AIME-004 仕事中エッチな気分になって我慢できずにセックスしちゃう真性スケベな働くお姉さんたち2,AIME-004 仕事中エッチな気分になって我慢できずにセックスしちゃう真性スケベな働くお姉さんたち2,AIME-004,,2018-08-27,244分鐘,,MERCURY（マーキュリー）,,仕事中エッチな気分になって我慢できずにセックスしちゃう真性スケベな働くお姉さんたち,蕩婦、各種職業、連褲襪、舔陰、中出、4小時以上作品、高畫質,多人,https://www.javbus.com/AIME-004,
HMD-024 抜き挿し丸見え 熟女尻,HMD-024 抜き挿し丸見え 熟女尻,HMD-024,,2018-08-24,241分鐘,,グローバルメディアエンタテインメント,ハイパーミックス（グローバルメディアエンタテインメント）,,成熟的女人、苗條、合集、已婚婦女、屁股、數位馬賽克、中出、4小時以上作品、高畫質、巨乳,多人,https://www.javbus.com/HMD-024,
OKAX-415 緊縛奴隷 生姦中出し肉便器 4時間 OKAX-415,OKAX-415 緊縛奴隷 生姦中出し肉便器 4時間 OKAX-415,OKAX-415,,2018-08-24,241分鐘,,ケイ・エム・プロデュース,おかず。,緊縛奴隷,紧缚、性奴、乳房、拘束、中出、4小時以上作品、高畫質,多人,https://www.javbus.com/OKAX-415,
BAZX-149 極嬢のおっぱいとケツ！30人60おっぱい30ケツ大集合,BAZX-149 極嬢のおっぱいとケツ！30人60おっぱい30ケツ大集合,BAZX-149,,2018-08-24,301分鐘,,メディアステーション,BAZOOKA（バズーカ）,,各種職業、戀乳癖、屁股、姐姐、乳房、中出、4小時以上作品、高畫質、巨乳、女傭,多人,https://www.javbus.com/BAZX-149,
MDB-928 生中出し濃蜜SEX100人8時間 5,MDB-928 生中出し濃蜜SEX100人8時間 5,MDB-928,,2018-08-24,482分鐘,K太郎,メディアステーション,BAZOOKA（バズーカ）,生中出し濃蜜SEX100人,合集、姐姐、中出、4小時以上作品、高畫質、巨乳,多人,https://www.javbus.com/MDB-928,
STCESD-042 【お得セット】自慰快楽パラノイド本気モードオナニー,STCESD-042 【お得セット】自慰快楽パラノイド本気モードオナニー,STCESD-042,,2018-08-20,494分鐘,,セレブの友,セレブの友（お得セット）,,蕩婦、成熟的女人、潮吹、連褲襪、高畫質、DMM獨家、自慰,多人,https://www.javbus.com/STCESD-042,
SVS-057 緊縛縄女 縄で濡れ逝き果てる女達10人4時間,SVS-057 緊縛縄女 縄で濡れ逝き果てる女達10人4時間,SVS-057,,2018-08-20,240分鐘,,AVScollector’s,AVS,,紧缚、合集、4小時以上作品、高畫質、DMM獨家,多人,https://www.javbus.com/SVS-057,
CJOB-035 騎乗位で31発中出しさせられたボク。4時間ベスト,CJOB-035 騎乗位で31発中出しさせられたボク。4時間ベスト,CJOB-035,,2018-08-19,240分鐘,,痴女ヘブン,痴女ヘブンBEST,,蕩婦、合集、中出、女上位、巨乳、DMM獨家,多人,https://www.javbus.com/CJOB-035,
RBB-139 日焼けあとが残るドエロボディの女の子とSEX8時間 SUMMER LOVE！LOVE！,RBB-139 日焼けあとが残るドエロボディの女の子とSEX8時間 SUMMER LOVE！LOVE！,RBB-139,,2018-08-16,470分鐘,,ROOKIE,ROOKIE,,合集、日焼け、DMM獨家、女生、蘿莉塔,多人,https://www.javbus.com/RBB-139,
DVAJ-346 射精寸前の一番気持ちいいフェラチオ100連発,DVAJ-346 射精寸前の一番気持ちいいフェラチオ100連発,DVAJ-346,,2018-08-12,239分鐘,神田うさぎ,アリスJAPAN,アリスJAPAN,,口交、合集、深喉、4小時以上作品、高畫質、顏射、DMM獨家,多人,https://www.javbus.com/DVAJ-346,
CESD-618 同性愛ルームシェア～熟女と年の差レズビアン～ 翔田千里 波多野結衣 君島みお,CESD-618 同性愛ルームシェア～熟女と年の差レズビアン～ 翔田千里 波多野結衣 君島みお,CESD-618,,2018-08-12,163分鐘,小池.jp,セレブの友,セレブの友,,成熟的女人、女同性戀、花癡、舔陰、女同接吻、DMM獨家,多人,https://www.javbus.com/CESD-618,
CESD-620 ひびはた対決 リベンジ2 大槻ひびき 波多野結衣,CESD-620 ひびはた対決 リベンジ2 大槻ひびき 波多野結衣,CESD-620,,2018-08-12,213分鐘,小池.jp,セレブの友,セレブの友,ひびはた対決,蕩婦、企畫、成熟的女人、纪录片、多P、DMM獨家,多人,https://www.javbus.com/CESD-620,
CESD-614 森沢かな まるごと完全収録1185分BEST,CESD-614 森沢かな まるごと完全収録1185分BEST,CESD-614,,2018-08-12,1185分鐘,,セレブの友,セレブの友,○○まるごと完全収録,成熟的女人、亂倫、已婚婦女、中出、女優ベスト・総集編、單體作品、DMM獨家,多人,https://www.javbus.com/CESD-614,
MKCK-217 ウエストU59！E-BODY10年史選抜BESTクビレボディ48体オール本番コレクション,MKCK-217 ウエストU59！E-BODY10年史選抜BESTクビレボディ48体オール本番コレクション,MKCK-217,,2018-08-11,480分鐘,,E-BODY,E-BODY,,苗條、合集、花癡、乳房、女上位、巨乳、DMM獨家,多人,https://www.javbus.com/MKCK-217,
VRTM-375 いつもは高飛車な女上司はほろ酔い状態になるとパンスト穿きながら馬乗り生挿入！欲求不満過ぎて自ら激しいピストン何度も勝手に絶頂！3,VRTM-375 いつもは高飛車な女上司はほろ酔い状態になるとパンスト穿きながら馬乗り生挿入！欲求不満過ぎて自ら激しいピストン何度も勝手に絶頂！3,VRTM-375,,2018-08-10,141分鐘,田中素直,V＆RPRODUCE,V＆RPRODUCE,いつもは高飛車な女上司はほろ酔い状態になると…,企畫、OL、各種職業、連褲襪、花癡、戀腿癖、制服、足交、高畫質、巨尻,多人,https://www.javbus.com/VRTM-375,
XRW-537 媚薬緊縛レイプ 犯される恐怖！,XRW-537 媚薬緊縛レイプ 犯される恐怖！,XRW-537,,2018-08-10,119分鐘,ディラン富増,レアルワークス,REAL（レアルワークス）,媚薬緊縛レイプ,SM、藥物、紧缚、性奴、拘束、粗暴、高畫質,多人,https://www.javbus.com/XRW-537,
RCTD-132 マイクロビキニでドキッ！巨乳20人！水泳大会2018,RCTD-132 マイクロビキニでドキッ！巨乳20人！水泳大会2018,RCTD-132,,2018-08-09,153分鐘,神戸たろう,ROCKET,ROCKET,マイクロビキニでドキッ！,企畫、女同性戀、潮吹、女上位、高畫質、泳裝、巨乳,多人,https://www.javbus.com/RCTD-132,
JUSD-796 極上のオナニーライフを1ヶ月間楽しめる！！Madonna美熟女SEXカレンダー31人16時間,JUSD-796 極上のオナニーライフを1ヶ月間楽しめる！！Madonna美熟女SEXカレンダー31人16時間,JUSD-796,,2018-08-04,960分鐘,,マドンナ,Madonna,Madonna美熟女SEXカレンダー,成熟的女人、合集、已婚婦女、數位馬賽克、出軌、16時間以上作品、DMM獨家,多人,https://www.javbus.com/JUSD-796,
ATKD-270 犯されているのに感じてしまう女たち8時間 Vol.2,ATKD-270 犯されているのに感じてしまう女たち8時間 Vol.2,ATKD-270,,2018-08-04,480分鐘,,アタッカーズ,AttackersBEST,犯されているのに感じてしまう女たち,合集、已婚婦女、凌辱、戲劇、DMM獨家,多人,https://www.javbus.com/ATKD-270,
DSVR-295 【VR】どこ見ても美女だらけの総勢40名によるハーレム天国VR総集編！全18作品僕1人と4人以上の女の子との夢の220分！,DSVR-295 【VR】どこ見ても美女だらけの総勢40名によるハーレム天国VR総集編！全18作品僕1人と4人以上の女の子との夢の220分！,DSVR-295,,2018-08-03,220分鐘,,SODクリエイト,SODVR,,合集、中出、ハーレム、VR専用、自慰、局部特寫,多人,https://www.javbus.com/DSVR-295,
OVG-084 しがみつきホールド孕ませSEX,OVG-084 しがみつきホールド孕ませSEX,OVG-084,,2018-08-01,121分鐘,,グローリークエスト,GLORYQUEST,,蕩婦、姐姐、中出、高畫質、巨乳,多人,https://www.javbus.com/OVG-084,
KMVR-448 【VR】巨乳SUPERBEST Part2,KMVR-448 【VR】巨乳SUPERBEST Part2,KMVR-448,,2018-07-31,100分鐘,K太郎,ケイ・エム・プロデュース,KMPVR,VRBEST,合集、中出、主觀視角、VR専用、巨乳,多人,https://www.javbus.com/KMVR-448,
ASKD-008 親友のお父さんに中出しされるなんて…,ASKD-008 親友のお父さんに中出しされるなんて…,ASKD-008,,2018-07-31,29分鐘,Mr.木村,ASOKOYA,ASOKOYAORIGINAL,,乳交、凌辱、高畫質、巨乳,多人,https://www.javbus.com/ASKD-008,
KMVR-452 【VR】SEXするならナマが1番！！中出しSEX SUPER BEST,KMVR-452 【VR】SEXするならナマが1番！！中出しSEX SUPER BEST,KMVR-452,,2018-07-30,121分鐘,,ケイ・エム・プロデュース,KMPVR,VRBEST,合集、美少女、中出、主觀視角、VR専用、巨乳,多人,https://www.javbus.com/KMVR-452,
STCESD-041 【お得セット】パンストを穿いた特命秘書part1，2・発情4SEX 篠田あゆみ 波多野結衣,STCESD-041 【お得セット】パンストを穿いた特命秘書part1，2・発情4SEX 篠田あゆみ 波多野結衣,STCESD-041,,2018-07-30,538分鐘,,セレブの友,セレブの友（お得セット）,特命秘書,蕩婦、成熟的女人、淫語、連褲襪、高畫質、巨乳、DMM獨家,多人,https://www.javbus.com/STCESD-041,
KMVR-453 【VR】働くお姉さん密着VR SUPER BEST 120分,KMVR-453 【VR】働くお姉さん密着VR SUPER BEST 120分,KMVR-453,,2018-07-30,120分鐘,,ケイ・エム・プロデュース,KMPVR,VRBEST,口交、合集、姐姐、制服、VR専用,多人,https://www.javbus.com/KMVR-453,
MMNA-017 美しすぎるレズビアンカップルの日常～ねっちょり絡みあう濃厚な接吻と大人のレズセックス 波多野結衣 佐々木あき,MMNA-017 美しすぎるレズビアンカップルの日常～ねっちょり絡みあう濃厚な接吻と大人のレズセックス 波多野結衣 佐々木あき,MMNA-017,,2018-07-29,200分鐘,真咲南朋,MARRION,HIPMONSTER,,成熟的女人、女同性戀、女同接吻、DMM獨家,多人,https://www.javbus.com/MMNA-017,
TOMN-152 射精直前の獣のような激しい腰振り 60発射 5,TOMN-152 射精直前の獣のような激しい腰振り 60発射 5,TOMN-152,,2018-07-28,240分鐘,,TEPPAN,TEPPANSPECIAL,射精直前の獣のような激しい腰振り,合集、美少女、數位馬賽克、汗だく、巨乳、DMM獨家,多人,https://www.javbus.com/TOMN-152,
MDB-917 美女達のお尻と美しいボディラインを堪能しながらバックで突きまくる絶頂SEX4時間ベスト！！！！,MDB-917 美女達のお尻と美しいボディラインを堪能しながらバックで突きまくる絶頂SEX4時間ベスト！！！！,MDB-917,,2018-07-27,241分鐘,K太郎,メディアステーション,BAZOOKA（バズーカ）,,合集、中出、4小時以上作品、高畫質、巨尻、巨乳,多人,https://www.javbus.com/MDB-917,
KUSR-044 裏露出4時間,KUSR-044 裏露出4時間,KUSR-044,,2018-07-26,240分鐘,,ビッグモーカル,九龍（ビッグモーカル）,,蕩婦、野外・露出、已婚婦女、羞恥、4小時以上作品、高畫質,多人,https://www.javbus.com/KUSR-044,
KMVR-440 【VR】豪華夢のハーレムSUPERBEST,KMVR-440 【VR】豪華夢のハーレムSUPERBEST,KMVR-440,,2018-07-26,100分鐘,,ケイ・エム・プロデュース,KMPVR,VRBEST,合集、姐姐、中出、ハーレム、VR専用、巨乳,多人,https://www.javbus.com/KMVR-440,
XVSR-404 本気で赤面する、美少女たちの放尿！！4時間,XVSR-404 本気で赤面する、美少女たちの放尿！！4時間,XVSR-404,,2018-07-22,240分鐘,MAX-IKA,マックスエー,Calen,本気で赤面する、美少女の放尿！！,放尿、飲尿、潮吹、合集、巨乳、DMM獨家,多人,https://www.javbus.com/XVSR-404,
TCD-198 専属デビュー オトコノ娘 童貞×筆下ろし×4射精 胡桃レイ,TCD-198 専属デビュー オトコノ娘 童貞×筆下ろし×4射精 胡桃レイ,TCD-198,,2018-07-22,156分鐘,柊炎舞,TRANSCLUB,TRANSCLUB,,數位馬賽克、高畫質、處男、女裝人妖、肛内中出、DMM獨家、貧乳・微乳,多人,https://www.javbus.com/TCD-198,
GVG-715 欲求不満なパートの奥さんたちはいつでも発情中で新人君の勃起チ○ポを狙ってる！3 ファミレス編,GVG-715 欲求不満なパートの奥さんたちはいつでも発情中で新人君の勃起チ○ポを狙ってる！3 ファミレス編,GVG-715,,2018-07-18,132分鐘,豆沢豆太郎,グローリークエスト,GLORYQUEST,欲求不満なパートの奥さんたちはいつでも発情中で…,濫交、已婚婦女、姐姐、多P、高畫質、デカチン・巨根、服務生,多人,https://www.javbus.com/GVG-715,
RVG-070 ベロちゅうBEST vol.1,RVG-070 ベロちゅうBEST vol.1,RVG-070,,2018-07-18,480分鐘,,グローリークエスト,GLORYQUEST,ベロちゅう(グローリークエスト),合集、姐姐、中出、4小時以上作品、高畫質、キス・接吻、巨乳、女生,多人,https://www.javbus.com/RVG-070,
MXSPS-584 美躯撩乱！気高き美人アスリート12人 競泳水着 4時間 vol.4,MXSPS-584 美躯撩乱！気高き美人アスリート12人 競泳水着 4時間 vol.4,MXSPS-584,,2018-07-16,240分鐘,,マキシング,MAXING,美躯撩乱！,合集、4小時以上作品、高畫質、學校泳裝,多人,https://www.javbus.com/MXSPS-584,
MXSPS-583 魅惑のクイーン12人！ ボンテージだらけのSM（秘）倶楽部 8,MXSPS-583 魅惑のクイーン12人！ ボンテージだらけのSM（秘）倶楽部 8,MXSPS-583,,2018-07-16,240分鐘,,マキシング,MAXING,魅惑のクイーン！ボンテージだらけのSM（秘）倶楽部,SM、合集、4小時以上作品、高畫質、緊縛,多人,https://www.javbus.com/MXSPS-583,
MXSPS-582 オンナの喉奥をとことん犯しつくす！イラマチオスペシャル4時間12人,MXSPS-582 オンナの喉奥をとことん犯しつくす！イラマチオスペシャル4時間12人,MXSPS-582,,2018-07-16,240分鐘,,マキシング,MAXING,,合集、深喉、4小時以上作品、高畫質,多人,https://www.javbus.com/MXSPS-582,
TOMN-150 唾液まみれで射精寸前チ●ポをしゃぶり尽くすフェラチオ 60発射,TOMN-150 唾液まみれで射精寸前チ●ポをしゃぶり尽くすフェラチオ 60発射,TOMN-150,,2018-07-14,240分鐘,,TEPPAN,TEPPANSPECIAL,,口交、合集、美少女、數位馬賽克、汗だく、DMM獨家,多人,https://www.javbus.com/TOMN-150,
SDDE-545 ―セックスが溶け込んでいる番組― 「常に性交」サスペンス劇場,SDDE-545 ―セックスが溶け込んでいる番組― 「常に性交」サスペンス劇場,SDDE-545,,2018-07-12,101分鐘,木村真也,SODクリエイト,SENZ,「常に性交」,企畫、其他戀物癖、寡婦、姐姐、中出、高畫質、戲劇,多人,https://www.javbus.com/SDDE-545,
CESD-600 Twit○erで募集したファンの要望を撮影してみたベスト,CESD-600 Twit○erで募集したファンの要望を撮影してみたベスト,CESD-600,,2018-07-08,1485分鐘,,セレブの友,セレブの友,Twit○erで募集したファンの要望を撮影してみた,成熟的女人、合集、中出、16時間以上作品、巨乳、DMM獨家,多人,https://www.javbus.com/CESD-600,
PBD-340 ストッキング美脚＆美尻 官能フェティシズム8時間ベスト,PBD-340 ストッキング美脚＆美尻 官能フェティシズム8時間ベスト,PBD-340,,2018-06-30,480分鐘,,プレミアム,PREMIUMBEST,,合集、連褲襪、屁股、戀腿癖、數位馬賽克、中出、DMM獨家,多人,https://www.javbus.com/PBD-340,
KMVR-436 【VR】豪華女優達による筆下ろしBEST,KMVR-436 【VR】豪華女優達による筆下ろしBEST,KMVR-436,,2018-06-30,101分鐘,KMP,ケイ・エム・プロデュース,KMPVR,VRBEST,姐姐、中出、主觀視角、VR専用、巨乳,多人,https://www.javbus.com/KMVR-436,
JUY-545 別れさせ屋レズビアン2 ～心も身体も男と決別させて…～ 波多野結衣 星川光希,JUY-545 別れさせ屋レズビアン2 ～心も身体も男と決別させて…～ 波多野結衣 星川光希,JUY-545,,2018-06-30,120分鐘,昇天シロー,マドンナ,Madonna,別れさせ屋レズビアン,成熟的女人、女同性戀、已婚婦女、數位馬賽克、乳房、女同接吻、高畫質、DMM獨家,多人,https://www.javbus.com/JUY-545,
KMVR-432 【VR】KMP VR 正常位 SUPER BEST,KMVR-432 【VR】KMP VR 正常位 SUPER BEST,KMVR-432,,2018-06-28,101分鐘,,ケイ・エム・プロデュース,KMPVR,VRBEST,合集、中出、主觀視角、VR専用、巨乳,多人,https://www.javbus.com/KMVR-432,
KUSR-043 罪と罰 屈辱まみれの懺悔,KUSR-043 罪と罰 屈辱まみれの懺悔,KUSR-043,,2018-06-25,120分鐘,,ビッグモーカル,九龍（ビッグモーカル）,罪と罰（ビッグモーカル）,紧缚、已婚婦女、女上位、高畫質,多人,https://www.javbus.com/KUSR-043,
WANZ-769 神波多一花さん、結婚引退おめでとう。,WANZ-769 神波多一花さん、結婚引退おめでとう。,WANZ-769,,2018-06-23,180分鐘,,ワンズファクトリー,WANZ,,濫交、高、新娘、年輕妻子、中出、高畫質、出軌、DMM獨家,多人,https://www.javbus.com/WANZ-769,
BMW-163 2017年作品完全コンプリート中出しSEXベスト12時間,BMW-163 2017年作品完全コンプリート中出しSEXベスト12時間,BMW-163,,2018-06-23,720分鐘,,ワンズファクトリー,WANZ,,合集、美少女、輪姦、中出、巨乳、DMM獨家,多人,https://www.javbus.com/BMW-163,
JFB-153 濃厚吸引で根こそぎ搾り取る卑猥な口マ○コ 美味しくジュボジュボフェラ8時間BEST,JFB-153 濃厚吸引で根こそぎ搾り取る卑猥な口マ○コ 美味しくジュボジュボフェラ8時間BEST,JFB-153,,2018-06-23,480分鐘,,Fitch,Fitch,,蕩婦、口交、合集、數位馬賽克、主觀視角、キス・接吻、DMM獨家,多人,https://www.javbus.com/JFB-153,
TAMZ-011 ねっとり接吻と男根しごき ～ベロチュー手コキ～,TAMZ-011 ねっとり接吻と男根しごき ～ベロチュー手コキ～,TAMZ-011,,2018-06-22,153分鐘,,オルガ,ORGA,,姐姐、高畫質、故事集、キス・接吻、打手槍,多人,https://www.javbus.com/TAMZ-011,
MDB-907 BAZOOKA100人480分 永久保存版超豪華スペシャル,MDB-907 BAZOOKA100人480分 永久保存版超豪華スペシャル,MDB-907,,2018-06-22,483分鐘,どどくん,メディアステーション,BAZOOKA（バズーカ）,,業餘、合集、各種職業、4小時以上作品、高畫質、巨乳,多人,https://www.javbus.com/MDB-907,
HMD-022 普段は優しかった義父が欲望むき出しで襲いかかる！ お義父さんやめて！ 4時間20人,HMD-022 普段は優しかった義父が欲望むき出しで襲いかかる！ お義父さんやめて！ 4時間20人,HMD-022,,2018-06-22,240分鐘,,グローバルメディアエンタテインメント,ハイパーミックス（グローバルメディアエンタテインメント）,,成熟的女人、合集、已婚婦女、數位馬賽克、羞恥、中出、4小時以上作品、高畫質、巨乳,多人,https://www.javbus.com/HMD-022,
MDB-906 プレミアム女優 濃厚コスプレSEX 50人4時間BEST,MDB-906 プレミアム女優 濃厚コスプレSEX 50人4時間BEST,MDB-906,,2018-06-22,241分鐘,,メディアステーション,BAZOOKA（バズーカ）,,角色扮演、合集、中出、4小時以上作品、高畫質、巨乳,多人,https://www.javbus.com/MDB-906,
KMVR-422 【VR】イケない男女の性態をリアル体験！近親相姦BEST,KMVR-422 【VR】イケない男女の性態をリアル体験！近親相姦BEST,KMVR-422,,2018-06-20,81分鐘,,ケイ・エム・プロデュース,KMPVR,VRBEST,合集、亂倫、多P、主觀視角、VR専用,多人,https://www.javbus.com/KMVR-422,
AVSA-068 淫語を喋る俺だけの性欲処理人形 4時間BEST COLLECTION,AVSA-068 淫語を喋る俺だけの性欲処理人形 4時間BEST COLLECTION,AVSA-068,,2018-06-18,242分鐘,,AVScollector’s,AVSCollector’s,淫語を喋る俺だけの性欲処理人形,合集、淫語、4小時以上作品、高畫質、DMM獨家,多人,https://www.javbus.com/AVSA-068,
CESD-593 M×Mレズビアン2 川上ゆう 波多野結衣,CESD-593 M×Mレズビアン2 川上ゆう 波多野結衣,CESD-593,,2018-06-18,153分鐘,小池.jp,セレブの友,セレブの友,M×Mレズビアン,成熟的女人、女同性戀、花癡、性奴、高畫質、キス・接吻、DMM獨家,多人,https://www.javbus.com/CESD-593,
JUSD-790 2017年マドンナ全342タイトル12時間,JUSD-790 2017年マドンナ全342タイトル12時間,JUSD-790,,2018-06-17,720分鐘,,マドンナ,Madonna,○○年マドンナ全タイトル,成熟的女人、合集、已婚婦女、纪录片、數位馬賽克、戲劇、DMM獨家,多人,https://www.javbus.com/JUSD-790,
MXSPS-578 マキシング半期ベスト10時間 ～2017年下半期編～,MXSPS-578 マキシング半期ベスト10時間 ～2017年下半期編～,MXSPS-578,,2018-06-16,600分鐘,,マキシング,MAXING,半期ベスト完全保存版,合集、4小時以上作品、高畫質,多人,https://www.javbus.com/MXSPS-578,
LZBS-035 レズれ！ペニバンセックス 厳選ベスト5時間 より激しい愛を求めたオンナ達がたどりついた容赦ないピストンをお見せします！,LZBS-035 レズれ！ペニバンセックス 厳選ベスト5時間 より激しい愛を求めたオンナ達がたどりついた容赦ないピストンをお見せします！,LZBS-035,,2018-06-15,300分鐘,,レズれ！,レズれ！ベスト,,玩具、女同性戀、合集、多P、4小時以上作品、DMM獨家,多人,https://www.javbus.com/LZBS-035,
TMVR-012 【VR】KMP VR 対面座位 SUPERBEST 2 ユーザー支持率No.1体位！！,TMVR-012 【VR】KMP VR 対面座位 SUPERBEST 2 ユーザー支持率No.1体位！！,TMVR-012,,2018-06-14,51分鐘,ウィルチンチン,KMPVR-bibi-,KMP.TMVR,,其他戀物癖、合集、姐姐、美少女、中出、主觀視角、VR専用、巨乳,多人,https://www.javbus.com/TMVR-012,
TOMN-145 70名 トロけるような恍惚の表情 クンニ激昇天 3,TOMN-145 70名 トロけるような恍惚の表情 クンニ激昇天 3,TOMN-145,,2018-06-14,240分鐘,,TEPPAN,TEPPANSPECIAL,クンニ激昇天,合集、美少女、數位馬賽克、舔陰、高畫質、汗だく、DMM獨家,多人,https://www.javbus.com/TOMN-145,
RBB-135 発射寸前！我慢汁垂れ流しの気持ちいいフェラチオ150連射8時間,RBB-135 発射寸前！我慢汁垂れ流しの気持ちいいフェラチオ150連射8時間,RBB-135,,2018-06-14,480分鐘,,ROOKIE,ROOKIE,発射寸前！我慢汁垂れ流しの気持ちいいフェラチオ,口交、合集、4小時以上作品、DMM獨家,多人,https://www.javbus.com/RBB-135,
CESD-589 ディープキスに堕ちた有閑夫人コンプリートBOX,CESD-589 ディープキスに堕ちた有閑夫人コンプリートBOX,CESD-589,,2018-06-10,1161分鐘,,セレブの友,セレブの友,ディープキスに堕ちた有閑夫人,成熟的女人、合集、中出、キス・接吻、巨乳、DMM獨家,多人,https://www.javbus.com/CESD-589,
CESD-586 大人の極上美女レズビアン 君島みお 波多野結衣,CESD-586 大人の極上美女レズビアン 君島みお 波多野結衣,CESD-586,,2018-06-10,128分鐘,小池.jp,セレブの友,セレブの友,,成熟的女人、女同性戀、花癡、キス・接吻、巨乳、DMM獨家,多人,https://www.javbus.com/CESD-586,
CESD-588 まるごとお漏らしSEX21時間28分,CESD-588 まるごとお漏らしSEX21時間28分,CESD-588,,2018-06-10,1288分鐘,,セレブの友,セレブの友,,成熟的女人、放尿、潮吹、合集、巨乳、DMM獨家,多人,https://www.javbus.com/CESD-588,
MRXB-010 デカチン少年ウマオ君の近所のおばさんドマゾ化計画。完全網羅BEST8時間,MRXB-010 デカチン少年ウマオ君の近所のおばさんドマゾ化計画。完全網羅BEST8時間,MRXB-010,,2018-06-09,480分鐘,,MARX,MARX（マルクス兄弟）,デカチン少年ウマオ君のドマゾ化計画,合集、性奴、4小時以上作品、戲劇、デカチン・巨根、DMM獨家,多人,https://www.javbus.com/MRXB-010,
MIAE-253 友情素股 こすこすだけならしぶしぶOK,MIAE-253 友情素股 こすこすだけならしぶしぶOK,MIAE-253,,2018-06-09,120分鐘,安田サーモン,ムーディーズ,MOODYZACID,,其他戀物癖、數位馬賽克、主觀視角、高畫質、巨乳、DMM獨家,多人,https://www.javbus.com/MIAE-253,
MKMP-229 大槻ひびき 波多野結衣デビュー10周年記念SPECIAL SELECTION,MKMP-229 大槻ひびき 波多野結衣デビュー10周年記念SPECIAL SELECTION,MKMP-229,,2018-06-08,242分鐘,K太郎,ケイ・エム・プロデュース,million（ミリオン）,,潮吹、中出、4小時以上作品、高畫質、女優ベスト・総集編,多人,https://www.javbus.com/MKMP-229,
NCAC-033 人妻達の恥辱の記憶,NCAC-033 人妻達の恥辱の記憶,NCAC-033,,2018-06-08,300分鐘,,新世紀文藝社,新世紀文藝社,,已婚婦女、中出、4小時以上作品、高畫質、出軌、巨乳,多人,https://www.javbus.com/NCAC-033,
GRCH-267 女王様ゲーム After Story したがり女の逆夜這い,GRCH-267 女王様ゲーム After Story したがり女の逆夜這い,GRCH-267,,2018-06-07,121分鐘,トレンディ山口,GIRL’SCH,GIRL’SCH,,蕩婦、企畫、情侶、高畫質、戲劇、給女性觀眾,多人,https://www.javbus.com/GRCH-267,
JUSD-788 ぴったり尻に張り付くむっちむちジーパン美熟女BEST Vol.2,JUSD-788 ぴったり尻に張り付くむっちむちジーパン美熟女BEST Vol.2,JUSD-788,,2018-06-02,240分鐘,,マドンナ,Madonna,ぴったり尻に張り付くむっちむちジーパン美熟女BEST,成熟的女人、合集、已婚婦女、屁股、數位馬賽克、巨尻、DMM獨家,多人,https://www.javbus.com/JUSD-788,
ATKD-268 ATTACKERS いけない事だと知りながらも、感じてしまう女たち8時間 part.3,ATKD-268 ATTACKERS いけない事だと知りながらも、感じてしまう女たち8時間 part.3,ATKD-268,,2018-06-02,480分鐘,,アタッカーズ,AttackersBEST,いけない事だと知りながらも、感じてしまう女たち,合集、已婚婦女、凌辱、戲劇、DMM獨家,多人,https://www.javbus.com/ATKD-268,
CADV-670 背徳NTR イキ堕ちた嫁（妻） 8時間DX,CADV-670 背徳NTR イキ堕ちた嫁（妻） 8時間DX,CADV-670,,2018-06-01,479分鐘,,クリスタル映像,CRYSTALEX,,第一人稱攝影、合集、亂倫、無毛、已婚婦女、多P、輪姦、中出、4小時以上作品、高畫質、出軌、巨乳,多人,https://www.javbus.com/CADV-670,
CLVR-012 【VR】僕の部屋は痴女デリヘルの待機部屋！！ 新人講習、新技開発、性欲処理…痴女の巣窟に男は僕一人だけ。中出し三昧VR！！,CLVR-012 【VR】僕の部屋は痴女デリヘルの待機部屋！！ 新人講習、新技開発、性欲処理…痴女の巣窟に男は僕一人だけ。中出し三昧VR！！,CLVR-012,,2018-06-01,133分鐘,,変態紳士倶楽部,変態紳士倶楽部VR,,蕩婦、妓女、中出、3D、VR専用、巨乳、DMM獨家,多人,https://www.javbus.com/CLVR-012,
OKAX-382 緊縛奴隷 生姦中出し肉便器 4時間,OKAX-382 緊縛奴隷 生姦中出し肉便器 4時間,OKAX-382,,2018-05-25,241分鐘,,ケイ・エム・プロデュース,おかず。,,紧缚、性奴、乳房、拘束、中出、4小時以上作品、高畫質,多人,https://www.javbus.com/OKAX-382,
KMVR-409 【VR】撮り下ろし特典VR付き！長尺BEST これがKMP VRだ！！超バカ売れ作品詰め合わせ大ヒット御礼 SPECIAL風俗 BEST！,KMVR-409 【VR】撮り下ろし特典VR付き！長尺BEST これがKMP VRだ！！超バカ売れ作品詰め合わせ大ヒット御礼 SPECIAL風俗 BEST！,KMVR-409,,2018-05-25,152分鐘,,ケイ・エム・プロデュース,KMPVR,VRBEST,合集、妓女、主觀視角、VR専用、巨乳,多人,https://www.javbus.com/KMVR-409,
MDB-897 絶叫SPLAAAAAASH！イキ狂い潮吹き4時間BEST,MDB-897 絶叫SPLAAAAAASH！イキ狂い潮吹き4時間BEST,MDB-897,,2018-05-25,241分鐘,K太郎,メディアステーション,BAZOOKA（バズーカ）,,潮吹、合集、4小時以上作品、高畫質、巨乳,多人,https://www.javbus.com/MDB-897,
MDB-896 誰もが息を呑むほど芸術的な美巨乳を持つ女達50人4時間,MDB-896 誰もが息を呑むほど芸術的な美巨乳を持つ女達50人4時間,MDB-896,,2018-05-25,241分鐘,K太郎,メディアステーション,BAZOOKA（バズーカ）,,合集、乳房、中出、4小時以上作品、高畫質、巨乳,多人,https://www.javbus.com/MDB-896,
SCOP-516 SCOOP100人 500分 中出しver.3,SCOP-516 SCOOP100人 500分 中出しver.3,SCOP-516,,2018-05-25,501分鐘,K太郎,スクープ,SCOOP（スクープ）,SCOOP100人500分BEST,合集、妓女、中出、4小時以上作品、高畫質、巨乳,多人,https://www.javbus.com/SCOP-516,
HZGB-009 人妻の喉を愉しむ 唾液ダダ漏れフェラチオ5時間,HZGB-009 人妻の喉を愉しむ 唾液ダダ漏れフェラチオ5時間,HZGB-009,,2018-05-25,300分鐘,,人妻花園劇場,人妻花園劇場,,口交、合集、已婚婦女、花癡、新娘、年輕妻子、深喉、4小時以上作品、婆婆、高畫質、巨乳,多人,https://www.javbus.com/HZGB-009,
CESD-579 まるごと寝取られ妻SEX1173分,CESD-579 まるごと寝取られ妻SEX1173分,CESD-579,,2018-05-21,1173分鐘,,セレブの友,セレブの友,,成熟的女人、亂倫、中出、16時間以上作品、巨乳、DMM獨家,多人,https://www.javbus.com/CESD-579,
XVSR-382 イカセバトルロワイアル ガチ4戦×4時間,XVSR-382 イカセバトルロワイアル ガチ4戦×4時間,XVSR-382,,2018-05-21,240分鐘,MAX-IKA,マックスエー,Calen,バトルロワイアル,女同性戀、合集、多P、4小時以上作品、巨乳、DMM獨家,多人,https://www.javbus.com/XVSR-382,
CESD-582 大槻ひびき25時間30分ベスト,CESD-582 大槻ひびき25時間30分ベスト,CESD-582,,2018-05-21,1530分鐘,,セレブの友,セレブの友,,成熟的女人、濫交、潮吹、合集、16時間以上作品、DMM獨家,多人,https://www.javbus.com/CESD-582,
STCESD-034 【お得セット】淫らに乱れる 風間ゆみ 波多野結衣 篠田あゆみ,STCESD-034 【お得セット】淫らに乱れる 風間ゆみ 波多野結衣 篠田あゆみ,STCESD-034,,2018-05-20,454分鐘,,セレブの友,セレブの友（お得セット）,淫らに乱れる,蕩婦、成熟的女人、花癡、高畫質、巨乳,多人,https://www.javbus.com/STCESD-034,
STCESD-033 【お得セット】レズビアン解禁 水澤りこ 風間ゆみ 波多野結衣 小谷みのり 笹倉杏 村上涼子,STCESD-033 【お得セット】レズビアン解禁 水澤りこ 風間ゆみ 波多野結衣 小谷みのり 笹倉杏 村上涼子,STCESD-033,,2018-05-20,485分鐘,,セレブの友,セレブの友（お得セット）,レズビアン解禁,成熟的女人、女同性戀、潮吹、高畫質、巨乳,多人,https://www.javbus.com/STCESD-033,
MXSPS-575 極楽病棟24時！ 肉欲に染まる純潔ナース Collection 4th Season,MXSPS-575 極楽病棟24時！ 肉欲に染まる純潔ナース Collection 4th Season,MXSPS-575,,2018-05-19,240分鐘,,マキシング,MAXING,極楽病棟24時！肉欲に染まる純潔ナースCollection,护士、合集、姐姐、4小時以上作品、高畫質,多人,https://www.javbus.com/MXSPS-575,
RBB-131 S級女優50人以上のケツ穴見放題！プル尻美尻の大迫力エッチ8時間！振り返ればケツがある！ぷりぷりお尻でツルもちお尻でイカせにきている,RBB-131 S級女優50人以上のケツ穴見放題！プル尻美尻の大迫力エッチ8時間！振り返ればケツがある！ぷりぷりお尻でツルもちお尻でイカせにきている,RBB-131,,2018-05-19,480分鐘,,ROOKIE,ROOKIE,,其他戀物癖、屁股、美少女、巨尻、DMM獨家,多人,https://www.javbus.com/RBB-131,
RBB-129 ゴーゴールーキーガールズセクシー！淫乱！痴女！パリピ！目が合ったらヤラせてくれそうな超SEX大好きお姉さん8時間,RBB-129 ゴーゴールーキーガールズセクシー！淫乱！痴女！パリピ！目が合ったらヤラせてくれそうな超SEX大好きお姉さん8時間,RBB-129,,2018-05-19,480分鐘,,ROOKIE,ROOKIE,,花癡、巨乳、DMM獨家、女生,多人,https://www.javbus.com/RBB-129,
MXSPS-577 ドリーム泡姫13人！超高級ソープランドへいらっしゃい Gorgeous,MXSPS-577 ドリーム泡姫13人！超高級ソープランドへいらっしゃい Gorgeous,MXSPS-577,,2018-05-19,240分鐘,,マキシング,MAXING,超高級ソープランドへいらっしゃい,合集、妓女、姐姐、4小時以上作品、高畫質,多人,https://www.javbus.com/MXSPS-577,
RBB-130 綺麗な女を犯したい！可愛い女を犯したい！イイ女を犯したい！ヤリたいことは全部やる！徹底的に犯しまくる8時間,RBB-130 綺麗な女を犯したい！可愛い女を犯したい！イイ女を犯したい！ヤリたいことは全部やる！徹底的に犯しまくる8時間,RBB-130,,2018-05-19,480分鐘,,ROOKIE,ROOKIE,,凌辱、中出、巨乳、DMM獨家,多人,https://www.javbus.com/RBB-130,
RBB-133 いやぁ！！だめだめだめぇぇぇっ！！！！ 中出しを嫌がり必死に抵抗する女を完全絶望させる中出し8時間,RBB-133 いやぁ！！だめだめだめぇぇぇっ！！！！ 中出しを嫌がり必死に抵抗する女を完全絶望させる中出し8時間,RBB-133,,2018-05-17,480分鐘,,ROOKIE,ROOKIE,,凌辱、中出、4小時以上作品、DMM獨家,多人,https://www.javbus.com/RBB-133,
RBB-132 イク瞬間の快楽で顔が乱れまくるマジイキ絶頂8時間,RBB-132 イク瞬間の快楽で顔が乱れまくるマジイキ絶頂8時間,RBB-132,,2018-05-17,480分鐘,,ROOKIE,ROOKIE,,其他戀物癖、合集、巨乳、DMM獨家,多人,https://www.javbus.com/RBB-132,
CESD-573 挑発淫語の見せつけSEXでアナタのセンズリ完全サポート！BOX1287分,CESD-573 挑発淫語の見せつけSEXでアナタのセンズリ完全サポート！BOX1287分,CESD-573,,2018-05-13,1287分鐘,,セレブの友,セレブの友,○○がアナタのセンズリ完全サポート！,成熟的女人、淫語、花癡、中出、巨乳、DMM獨家,多人,https://www.javbus.com/CESD-573,
MKCK-209 E-BODY10周年記念 世界に誇るスーパーボディ大百科BEST AV史上最強＆最高のボディコレクション 100人100SEX 12時間スペシャル,MKCK-209 E-BODY10周年記念 世界に誇るスーパーボディ大百科BEST AV史上最強＆最高のボディコレクション 100人100SEX 12時間スペシャル,MKCK-209,,2018-05-13,720分鐘,,E-BODY,E-BODY,,苗條、合集、花癡、巨尻、巨乳、DMM獨家,多人,https://www.javbus.com/MKCK-209,
KAM-075 波多野結衣 篠田あゆみ 澤村レイコ 成宮はるあ を徹底解析！全身女体観察,KAM-075 波多野結衣 篠田あゆみ 澤村レイコ 成宮はるあ を徹底解析！全身女体観察,KAM-075,,2018-05-12,180分鐘,,カルマ,フェチ（カルマ）,,成熟的女人、其他戀物癖、美少女、高畫質、巨乳、DMM獨家、局部特寫,多人,https://www.javbus.com/KAM-075,
VRTM-350 久しぶりに働き出したデカ尻義母はパンツスーツを着用！ピタパン尻から浮き出るパンティーラインに息子は我慢できず即挿入！旦那では体験したことがない豊満尻波打たせる激ピストンで何度も絶頂！ 2,VRTM-350 久しぶりに働き出したデカ尻義母はパンツスーツを着用！ピタパン尻から浮き出るパンティーラインに息子は我慢できず即挿入！旦那では体験したことがない豊満尻波打たせる激ピストンで何度も絶頂！ 2,VRTM-350,,2018-05-11,138分鐘,金田一小五郎,V＆RPRODUCE,V＆RPRODUCE,久しぶりに働き出したデカ尻義母は…,企畫、母親、亂倫、已婚婦女、花癡、戀腿癖、中出、足交、高畫質、故事集、巨尻,多人,https://www.javbus.com/VRTM-350,
ATKD-266 あなたに愛されたくて。完全保存版003,ATKD-266 あなたに愛されたくて。完全保存版003,ATKD-266,,2018-05-07,460分鐘,なぎら健造,アタッカーズ,AttackersBEST,あなたに愛されたくて。,已婚婦女、凌辱、DMM獨家,多人,https://www.javbus.com/ATKD-266,
BBSS-009 義母娘 接吻レズ調教 総集編4時間,BBSS-009 義母娘 接吻レズ調教 総集編4時間,BBSS-009,,2018-05-07,240分鐘,,ビビアン,ビビアン,接吻レズ調教,女同性戀、合集、女同接吻、戲劇、DMM獨家,多人,https://www.javbus.com/BBSS-009,
ATKD-267 ATTACKERS PRESENTS 背徳の騎乗位8時間,ATKD-267 ATTACKERS PRESENTS 背徳の騎乗位8時間,ATKD-267,,2018-05-03,480分鐘,,アタッカーズ,AttackersBEST,,合集、已婚婦女、女上位、DMM獨家,多人,https://www.javbus.com/ATKD-267,
STCESD-031 【お得セット】おとんとおかん 波多野結衣 宮部涼花 翔田千里,STCESD-031 【お得セット】おとんとおかん 波多野結衣 宮部涼花 翔田千里,STCESD-031,,2018-05-02,466分鐘,,セレブの友,セレブの友（お得セット）,おとんとおかん,蕩婦、成熟的女人、亂倫、已婚婦女、高畫質、DMM獨家,多人,https://www.javbus.com/STCESD-031,
MIZD-094 「超ビ・ン・カ・ン！」透き通るピンク色の乳首いじくり絶頂FUCKベスト4時間,MIZD-094 「超ビ・ン・カ・ン！」透き通るピンク色の乳首いじくり絶頂FUCKベスト4時間,MIZD-094,,2018-04-28,240分鐘,,ムーディーズ,MOODYZBest,,合集、數位馬賽克、乳房、女上位、巨乳、DMM獨家、貧乳・微乳,多人,https://www.javbus.com/MIZD-094,
KMVR-399 【VR】長尺VR KMP VR 巨乳 SUPER BEST,KMVR-399 【VR】長尺VR KMP VR 巨乳 SUPER BEST,KMVR-399,,2018-04-28,100分鐘,ウィルチンチン,ケイ・エム・プロデュース,KMPVR,VRBEST,合集、姐姐、中出、主觀視角、VR専用、巨乳,多人,https://www.javbus.com/KMVR-399,
DSVR-249 【VR】神エロ風俗超当たり嬢総勢22名による厳選19タイトル220分収録BEST版！,DSVR-249 【VR】神エロ風俗超当たり嬢総勢22名による厳選19タイトル220分収録BEST版！,DSVR-249,,2018-04-27,227分鐘,,SODクリエイト,SODVR,,口交、合集、妓女、中出、VR専用、巨乳,多人,https://www.javbus.com/DSVR-249,
MDB-889 卑猥な淫語とセックスで射精を促す淫乱痴女34人 4時間Special Part2,MDB-889 卑猥な淫語とセックスで射精を促す淫乱痴女34人 4時間Special Part2,MDB-889,,2018-04-27,243分鐘,K太郎,メディアステーション,BAZOOKA（バズーカ）,卑猥な淫語とセックスで射精を促す淫乱痴女,蕩婦、合集、淫語、中出、4小時以上作品、高畫質,多人,https://www.javbus.com/MDB-889,
XRW-471 イカセ拷問 姦犯 大股開きで絶叫悶絶しまくり！,XRW-471 イカセ拷問 姦犯 大股開きで絶叫悶絶しまくり！,XRW-471,,2018-04-27,120分鐘,ディラン富増,レアルワークス,REAL（レアルワークス）,姦犯,SM、潮吹、監禁、性奴、拘束、女優按摩棒、高畫質、折磨,多人,https://www.javbus.com/XRW-471,
STCESD-029 【お得セット】イチャLOVEデート 大槻ひびき 波多野結衣 通野未帆,STCESD-029 【お得セット】イチャLOVEデート 大槻ひびき 波多野結衣 通野未帆,STCESD-029,,2018-04-27,567分鐘,,セレブの友,セレブの友（お得セット）,イチャLOVEデート,成熟的女人、第一人稱攝影、爛醉如泥的、主觀視角、高畫質、DMM獨家,多人,https://www.javbus.com/STCESD-029,
KMVR-398 【VR】これがKMP VRだ！！超バカ売れ作品詰め合わせ大ヒット御礼SUPER BEST part8！！,KMVR-398 【VR】これがKMP VRだ！！超バカ売れ作品詰め合わせ大ヒット御礼SUPER BEST part8！！,KMVR-398,,2018-04-26,82分鐘,,ケイ・エム・プロデュース,KMPVR,VRBEST,合集、妓女、乳房、主觀視角、VR専用,多人,https://www.javbus.com/KMVR-398,
CESD-563 ひびはた対決 リベンジ 大槻ひびき 波多野結衣,CESD-563 ひびはた対決 リベンジ 大槻ひびき 波多野結衣,CESD-563,,2018-04-25,200分鐘,,セレブの友,セレブの友,,蕩婦、成熟的女人、已婚婦女、纪录片、多P、高畫質、DMM獨家,多人,https://www.javbus.com/CESD-563,
EMAZ-380 人妻強制絶頂 快楽狂いSEX100人8時間,EMAZ-380 人妻強制絶頂 快楽狂いSEX100人8時間,EMAZ-380,,2018-04-19,480分鐘,,婦人社/エマニエル,婦人社,,成熟的女人、合集、輪姦、肛内中出、巨乳、DMM獨家,多人,https://www.javbus.com/EMAZ-380,
STCESD-023 【お得セット】アナタのセンズリ完全サポート！波多野結衣 本田岬 今井真由美,STCESD-023 【お得セット】アナタのセンズリ完全サポート！波多野結衣 本田岬 今井真由美,STCESD-023,,2018-04-18,510分鐘,,セレブの友,セレブの友（お得セット）,○○がアナタのセンズリ完全サポート！,角色扮演、成熟的女人、潮吹、淫語、高畫質、巨乳、DMM獨家,多人,https://www.javbus.com/STCESD-023,
STCEAD-017 【お得セット】妻失格 風間ゆみ 波多野結衣 桜井彩,STCEAD-017 【お得セット】妻失格 風間ゆみ 波多野結衣 桜井彩,STCEAD-017,,2018-04-17,406分鐘,,セレブの友,セレブの友（お得セット）,妻失格,成熟的女人、已婚婦女、通姦、中出、高畫質、出軌、DMM獨家,多人,https://www.javbus.com/STCEAD-017,
MXSPS-571 極上性肉奴隷市場6 鎖に繋がれた囚われの女15名,MXSPS-571 極上性肉奴隷市場6 鎖に繋がれた囚われの女15名,MXSPS-571,,2018-04-16,241分鐘,,マキシング,MAXING,18人の極上性肉奴隷市場,合集、性奴、拘束、4小時以上作品、高畫質、巨乳,多人,https://www.javbus.com/MXSPS-571,
KMVR-288 【KMP】【長尺VR】これがKMP VRだ!!超バカ売れ作品詰め合わせ大ヒット御…,KMVR-288 【KMP】【長尺VR】これがKMP VRだ!!超バカ売れ作品詰め合わせ大ヒット御…,KMVR-288,,2018-04-13,75分鐘,ハマーン(わ),株式会社ケイ・エム・プロデュース,KMP VR,,姐姐、乳房、高中女生、ベスト、総集編,多人,https://www.javbus.com/KMVR-288,
MKMP-223 ユーザー支持率no.1！！大ヒットKMP作品を完全網羅！！超豪華60タイトル8時間,MKMP-223 ユーザー支持率no.1！！大ヒットKMP作品を完全網羅！！超豪華60タイトル8時間,MKMP-223,,2018-04-13,480分鐘,ふさエモン,ケイ・エム・プロデュース,million（ミリオン）,,合集、美少女、中出、4小時以上作品、高畫質、巨乳,多人,https://www.javbus.com/MKMP-223,
PBD-339 バリキレ腹筋美女のクビレFUCKベスト,PBD-339 バリキレ腹筋美女のクビレFUCKベスト,PBD-339,,2018-04-13,240分鐘,,プレミアム,PREMIUMBEST,,蕩婦、合集、姐姐、數位馬賽克、中出、肌肉、DMM獨家,多人,https://www.javbus.com/PBD-339,
MIZD-053 セックスよりも気持ち良い本気の絶頂オナニー100連発,MIZD-053 セックスよりも気持ち良い本気の絶頂オナニー100連発,MIZD-053,,2018-04-13,240分鐘,,ムーディーズ,MOODYZBest,,潮吹、合集、美少女、數位馬賽克、DMM獨家、自慰,多人,https://www.javbus.com/MIZD-053,
CESD-556 ドスケベ痴女の強制チ○ポ狩り30時間19分,CESD-556 ドスケベ痴女の強制チ○ポ狩り30時間19分,CESD-556,,2018-04-13,1819分鐘,,セレブの友,セレブの友,ドスケベ痴女の強制チ○ポ狩り,蕩婦、成熟的女人、合集、花癡、中出、16時間以上作品、DMM獨家,多人,https://www.javbus.com/CESD-556,
MKMP-222 超殿堂！スーパーアイドル スーパーコンプリート 8時間 20人 ～永久保存版～,MKMP-222 超殿堂！スーパーアイドル スーパーコンプリート 8時間 20人 ～永久保存版～,MKMP-222,,2018-04-13,480分鐘,どどくん,ケイ・エム・プロデュース,million（ミリオン）,殿堂！スーパーアイドル,口交、偶像藝人、合集、美少女、4小時以上作品、高畫質、巨乳,多人,https://www.javbus.com/MKMP-222,
GRCH-239 女王様ゲーム,GRCH-239 女王様ゲーム,GRCH-239,,2018-04-12,134分鐘,トレンディ山口,GIRL’SCH,GIRL’SCH,,企畫、濫交、性奴、高畫質、給女性觀眾、按摩棒、M男,多人,https://www.javbus.com/GRCH-239,
STCESD-020 【お得セット】女同士の禁断の快楽 初美沙希 涼川絢音 加納綾子 星野千紗 大槻ひびき 波多野結衣 上村みなみ 羽田璃子,STCESD-020 【お得セット】女同士の禁断の快楽 初美沙希 涼川絢音 加納綾子 星野千紗 大槻ひびき 波多野結衣 上村みなみ 羽田璃子,STCESD-020,,2018-04-12,522分鐘,,セレブの友,セレブの友（お得セット）,,成熟的女人、女同性戀、性奴、舔陰、女同接吻、高畫質、DMM獨家,多人,https://www.javbus.com/STCESD-020,
GRCH-269 一徹 Best collection vol.1,GRCH-269 一徹 Best collection vol.1,GRCH-269,,2018-04-12,138分鐘,祖父江ヒロコ,GIRL’SCH,GIRL’SCH,,合集、情侶、高畫質、戀愛、戲劇、給女性觀眾,多人,https://www.javbus.com/GRCH-269,
STCESD-013 【お得セット】五感封じSEX！ 風間ゆみ 波多野結衣 篠田あゆみ,STCESD-013 【お得セット】五感封じSEX！ 風間ゆみ 波多野結衣 篠田あゆみ,STCESD-013,,2018-04-02,415分鐘,,セレブの友,セレブの友（お得セット）,五感封じSEX！,成熟的女人、潮吹、多P、拘束、高畫質、巨乳、DMM獨家,多人,https://www.javbus.com/STCESD-013,
DSVR-229 【VR】ガチイキ本気レズ 【超ディープレズキスも相互手マンも、全て目の前で体感できる！】 波多野結衣・涼海みさ,DSVR-229 【VR】ガチイキ本気レズ 【超ディープレズキスも相互手マンも、全て目の前で体感できる！】 波多野結衣・涼海みさ,DSVR-229,,2018-03-30,58分鐘,井坂朋泰,SODクリエイト,SODVR,,女同性戀、纪录片、舔陰、手指插入、女同接吻、VR専用,多人,https://www.javbus.com/DSVR-229,
3DSVR-0229 ガチイキ本気レズ 【超ディープレズキスも相互手マンも、全て目の前で体…,3DSVR-0229 ガチイキ本気レズ 【超ディープレズキスも相互手マンも、全て目の前で体…,3DSVR-0229,,2018-03-30,57分鐘,井坂朋泰,SODクリエイト,SODVR,,女同性戀、纪录片、舔陰,多人,https://www.javbus.com/3DSVR-0229,
26ID-012 30人の美尻デカ尻美女たちと性交 8時間,26ID-012 30人の美尻デカ尻美女たちと性交 8時間,26ID-012,,2018-03-27,482分鐘,,TMA,TMA,,中出、4小時以上作品、高畫質、巨尻,多人,https://www.javbus.com/26ID-012,
KUSR-040 夫にだけは見られたくない姿… 緊縛隷夫人,KUSR-040 夫にだけは見られたくない姿… 緊縛隷夫人,KUSR-040,,2018-03-25,120分鐘,,ビッグモーカル,九龍（ビッグモーカル）,,紧缚、已婚婦女、高畫質,多人,https://www.javbus.com/KUSR-040,
MDB-875 快楽エステ500分100人100コーナー！！,MDB-875 快楽エステ500分100人100コーナー！！,MDB-875,,2018-03-23,502分鐘,M太郎,メディアステーション,BAZOOKA（バズーカ）,,合集、中出、4小時以上作品、美容院、按摩、高畫質,多人,https://www.javbus.com/MDB-875,
XRW-456 媚薬緊縛レイプ 白昼に襲われ好き放題に嬲られる人妻たち…,XRW-456 媚薬緊縛レイプ 白昼に襲われ好き放題に嬲られる人妻たち…,XRW-456,,2018-03-23,119分鐘,ディラン富増,レアルワークス,REAL（レアルワークス）,媚薬緊縛レイプ,藥物、紧缚、已婚婦女、姐姐、拘束、高畫質,多人,https://www.javbus.com/XRW-456,
MDB-877 王様気分が思う存分味わえる4時間BEST,MDB-877 王様気分が思う存分味わえる4時間BEST,MDB-877,,2018-03-23,241分鐘,K太郎,メディアステーション,BAZOOKA（バズーカ）,,合集、中出、4小時以上作品、高畫質、ハーレム、巨乳,多人,https://www.javbus.com/MDB-877,
REAL-669 激突き高速バックでイギまくる顔！アナル丸出しのデカケツを犯された美女30人！ 4時間BEST,REAL-669 激突き高速バックでイギまくる顔！アナル丸出しのデカケツを犯された美女30人！ 4時間BEST,REAL-669,,2018-03-23,240分鐘,どどくん,レアルワークス,REAL（レアルワークス）,,屁股、花癡、4小時以上作品、高畫質,多人,https://www.javbus.com/REAL-669,
HZGB-007 美人妻を容赦なく犯し続ける5時間,HZGB-007 美人妻を容赦なく犯し続ける5時間,HZGB-007,,2018-03-23,301分鐘,,人妻花園劇場,人妻花園劇場,,潮吹、已婚婦女、深喉、中出、4小時以上作品、高畫質、出軌、巨乳,多人,https://www.javbus.com/HZGB-007,
STCESD-011 【お得セット】感じすぎていっぱい潮吹きごめんなさい… 桜井あゆ 波多野結衣 荻野舞,STCESD-011 【お得セット】感じすぎていっぱい潮吹きごめんなさい… 桜井あゆ 波多野結衣 荻野舞,STCESD-011,,2018-03-19,480分鐘,,セレブの友,セレブの友（お得セット）,感じすぎていっぱい潮吹き,成熟的女人、潮吹、多P、拘束、高畫質、DMM獨家、自慰,多人,https://www.javbus.com/STCESD-011,
XVSR-361 官能小説オムニバス,XVSR-361 官能小説オムニバス,XVSR-361,,2018-03-19,240分鐘,MAX-IKA,マックスエー,Calen,,合集、已婚婦女、數位馬賽克、4小時以上作品、戲劇、巨乳、DMM獨家,多人,https://www.javbus.com/XVSR-361,
AVS-021 AVSCollector’s2017年間 SPECIAL BESTカタログ,AVS-021 AVSCollector’s2017年間 SPECIAL BESTカタログ,AVS-021,,2018-03-19,240分鐘,,AVScollector’s,AVS,エーヴィエスカタログ,合集、4小時以上作品、DMM獨家,多人,https://www.javbus.com/AVS-021,
MXSPS-567 ガチガチおチ●ポで前も後ろもメッタ刺し白濁FUCK！！,MXSPS-567 ガチガチおチ●ポで前も後ろもメッタ刺し白濁FUCK！！,MXSPS-567,,2018-03-16,240分鐘,,マキシング,MAXING,,合集、花癡、4小時以上作品、高畫質,多人,https://www.javbus.com/MXSPS-567,
MXSPS-568 艶めかしい魅力で男を誘うパンスト美女15人 4時間,MXSPS-568 艶めかしい魅力で男を誘うパンスト美女15人 4時間,MXSPS-568,,2018-03-16,240分鐘,,マキシング,MAXING,,合集、連褲襪、4小時以上作品、高畫質,多人,https://www.javbus.com/MXSPS-568,
NITR-376 絶倫老人たちに輪姦された巨乳嫁 BEST,NITR-376 絶倫老人たちに輪姦された巨乳嫁 BEST,NITR-376,,2018-03-16,238分鐘,,クリスタル映像,NITRO,,合集、已婚婦女、輪姦、中出、4小時以上作品、高畫質、巨乳,多人,https://www.javbus.com/NITR-376,
MXSPS-569 秘められた快感を催眠で引き出す！絶頂トランスSEX 8本番,MXSPS-569 秘められた快感を催眠で引き出す！絶頂トランスSEX 8本番,MXSPS-569,,2018-03-16,240分鐘,,マキシング,MAXING,,合集、4小時以上作品、催眠、高畫質,多人,https://www.javbus.com/MXSPS-569,
CADV-659 美魔女限定！！美しすぎる人妻 8時間SP,CADV-659 美魔女限定！！美しすぎる人妻 8時間SP,CADV-659,,2018-03-16,479分鐘,,クリスタル映像,CRYSTALEX,,潮吹、合集、亂倫、無毛、已婚婦女、輪姦、中出、4小時以上作品、女優按摩棒、高畫質、按摩棒、巨乳,多人,https://www.javbus.com/CADV-659,
STCETD-014 【お得セット】ワキ毛で誘惑する熟女 桜井あゆ 波多野結衣 春原未来,STCETD-014 【お得セット】ワキ毛で誘惑する熟女 桜井あゆ 波多野結衣 春原未来,STCETD-014,,2018-03-14,458分鐘,,セレブの友,セレブの友（お得セット）,ワキ毛,蕩婦、成熟的女人、其他戀物癖、女上位、DMM獨家、自慰,多人,https://www.javbus.com/STCETD-014,
OVG-076 夜這いされ喘ぎ声を我慢しながら旦那の横で中出しまでされる人妻12,OVG-076 夜這いされ喘ぎ声を我慢しながら旦那の横で中出しまでされる人妻12,OVG-076,,2018-03-14,135分鐘,,グローリークエスト,GLORYQUEST,夜這いされ喘ぎ声を我慢しながら旦那の横で中出しまでされる人妻,已婚婦女、凌辱、中出、高畫質、出軌,多人,https://www.javbus.com/OVG-076,
MKCK-208 E-BODY10周年記念ベスト 花ざかりの妻たち（E-BODY人妻レーベル）全102タイトル3年分全部入り12時間,MKCK-208 E-BODY10周年記念ベスト 花ざかりの妻たち（E-BODY人妻レーベル）全102タイトル3年分全部入り12時間,MKCK-208,,2018-03-10,720分鐘,,E-BODY,E-BODY,,成熟的女人、合集、已婚婦女、花癡、巨乳、DMM獨家,多人,https://www.javbus.com/MKCK-208,
JUSD-779 2017年下半期全173タイトルBEST8時間,JUSD-779 2017年下半期全173タイトルBEST8時間,JUSD-779,,2018-03-10,480分鐘,,マドンナ,Madonna,マドンナ○半期,成熟的女人、合集、已婚婦女、數位馬賽克、出軌、巨乳、DMM獨家,多人,https://www.javbus.com/JUSD-779,
XRW-449 日本緊縛師列伝 第一章 奈加あきら,XRW-449 日本緊縛師列伝 第一章 奈加あきら,XRW-449,,2018-03-09,119分鐘,,レアルワークス,REAL（レアルワークス）,,SM、紧缚、性奴、拘束、粗暴、凌辱、高畫質,多人,https://www.javbus.com/XRW-449,
MDB-873 有名女優豪華共演 スーパーベスト100 8時間,MDB-873 有名女優豪華共演 スーパーベスト100 8時間,MDB-873,,2018-03-09,481分鐘,K太郎,メディアステーション,BAZOOKA（バズーカ）,有名女優豪華共演スーパーベスト100,合集、多P、美少女、中出、4小時以上作品、高畫質、巨乳,多人,https://www.javbus.com/MDB-873,
STCESD-004 【お得セット】寸止めSEX お願いだからイカせてください… 森沢かな 大槻ひびき 波多野結衣,STCESD-004 【お得セット】寸止めSEX お願いだからイカせてください… 森沢かな 大槻ひびき 波多野結衣,STCESD-004,,2018-03-06,478分鐘,,セレブの友,セレブの友（お得セット）,寸止めSEXお願いだからイカせてください…,成熟的女人、已婚婦女、多P、拘束、按摩、高畫質、DMM獨家,多人,https://www.javbus.com/STCESD-004,
RBB-120 零れ落ちるほどのむっちり肉感。ピッタピタで魅せられる曲線美。カラダに吸い付くピタコスSEX8時間BEST,RBB-120 零れ落ちるほどのむっちり肉感。ピッタピタで魅せられる曲線美。カラダに吸い付くピタコスSEX8時間BEST,RBB-120,,2018-03-03,480分鐘,,ROOKIE,ROOKIE,,其他戀物癖、合集、美少女、泳裝、巨乳、DMM獨家,多人,https://www.javbus.com/RBB-120,
CADV-657 美脚×競泳水着×パンスト眼鏡 THE BEST 8時間,CADV-657 美脚×競泳水着×パンスト眼鏡 THE BEST 8時間,CADV-657,,2018-03-01,479分鐘,,クリスタル映像,CRYSTALEX,美脚×競泳水着×パンスト眼鏡,玩具、合集、無毛、連褲襪、中出、4小時以上作品、高畫質、巨乳、女生,多人,https://www.javbus.com/CADV-657,
KDVR-003 【VR】女の子って柔らかくってきもちイイでしょ◆思わずベロチュウしたくなる 体感レズ 紺野ひかる 波多野結衣 友情出演:倉多まお,KDVR-003 【VR】女の子って柔らかくってきもちイイでしょ◆思わずベロチュウしたくなる 体感レズ 紺野ひかる 波多野結衣 友情出演:倉多まお,KDVR-003,,2018-03-01,54分鐘,めめんと森,KMPVR-bibi-,kandowVR,,女同性戀、乳房、主觀視角、キス・接吻、VR専用、巨乳,多人,https://www.javbus.com/KDVR-003,
MKCK-187 神体型くびれボイン ほっっそいクセに出るトコ出てる奇跡のプロポーション52体8時間,MKCK-187 神体型くびれボイン ほっっそいクセに出るトコ出てる奇跡のプロポーション52体8時間,MKCK-187,,2018-02-24,480分鐘,,E-BODY,E-BODY,,合集、女上位、4小時以上作品、巨尻、巨乳、DMM獨家,多人,https://www.javbus.com/MKCK-187,
MIAE-188 聖水痴女ハーレム AIKA 波多野結衣,MIAE-188 聖水痴女ハーレム AIKA 波多野結衣,MIAE-188,,2018-02-24,150分鐘,真咲南朋,ムーディーズ,MOODYZACID,,蕩婦、放尿、潮吹、多P、數位馬賽克、高畫質、DMM獨家、打手槍,多人,https://www.javbus.com/MIAE-188,
RBB-127 発射寸前！我慢汁垂れ流しの気持ちいいフェラチオ150連射8時間,RBB-127 発射寸前！我慢汁垂れ流しの気持ちいいフェラチオ150連射8時間,RBB-127,,2018-02-24,480分鐘,,ROOKIE,ROOKIE,発射寸前！我慢汁垂れ流しの気持ちいいフェラチオ,蕩婦、口交、合集、4小時以上作品、DMM獨家,多人,https://www.javbus.com/RBB-127,
TOMN-131 潜在的に眠っているマゾ性を引き出す！ 拘束汗だく性交 2,TOMN-131 潜在的に眠っているマゾ性を引き出す！ 拘束汗だく性交 2,TOMN-131,,2018-02-24,240分鐘,,TEPPAN,TEPPANSPECIAL,潜在的に眠っているマゾ性を引き出す！拘束汗だく性交,合集、數位馬賽克、拘束、汗だく、巨乳、DMM獨家,多人,https://www.javbus.com/TOMN-131,
HZGB-006 人妻花園劇場特選官能短編集 第一巻,HZGB-006 人妻花園劇場特選官能短編集 第一巻,HZGB-006,,2018-02-23,302分鐘,,人妻花園劇場,人妻花園劇場,,合集、亂倫、已婚婦女、中出、4小時以上作品、高畫質、巨乳、女傭,多人,https://www.javbus.com/HZGB-006,
XRW-437 喉便器奴隷 イラマチオ20人4時間BEST,XRW-437 喉便器奴隷 イラマチオ20人4時間BEST,XRW-437,,2018-02-23,240分鐘,杉ノ木,レアルワークス,REAL（レアルワークス）,,口交、其他戀物癖、合集、性奴、深喉、4小時以上作品、高畫質,多人,https://www.javbus.com/XRW-437,
SHMO-107 シリーズ・湯けむり美女図鑑 其ノ壱,SHMO-107 シリーズ・湯けむり美女図鑑 其ノ壱,SHMO-107,,2018-02-21,69分鐘,,オルスタックソフト,オルスタックソフト,湯けむり美女図鑑,偶像藝人、合集、介紹影片、高畫質、温泉,多人,https://www.javbus.com/SHMO-107,
UD-801R みだらな奥様達のアブナイ体験談 したためられた人妻たちの秘め事,UD-801R みだらな奥様達のアブナイ体験談 したためられた人妻たちの秘め事,UD-801R,,2018-02-20,180分鐘,タブー大崎,LEO,LEO,,合集、已婚婦女、中出、出軌,多人,https://www.javbus.com/UD-801R,
TAMA-026 隣の奥さんが無防備ポロリで誘惑してくる…,TAMA-026 隣の奥さんが無防備ポロリで誘惑してくる…,TAMA-026,,2018-02-20,120分鐘,,STARPARADISE,妻たまご,,乳交、已婚婦女、通姦、高畫質、巨乳、迷你裙,多人,https://www.javbus.com/TAMA-026,
CEAD-253 ガニ股挑発ド変態オナニー100人8時間,CEAD-253 ガニ股挑発ド変態オナニー100人8時間,CEAD-253,,2018-02-19,480分鐘,,セレブの友,セレブの友,,成熟的女人、合集、淫語、花癡、DMM獨家、自慰,多人,https://www.javbus.com/CEAD-253,
CESD-534 波多野結衣 同性愛（レズビアン）SEX8時間,CESD-534 波多野結衣 同性愛（レズビアン）SEX8時間,CESD-534,,2018-02-19,480分鐘,,セレブの友,セレブの友,,成熟的女人、女同性戀、合集、花癡、巨乳、DMM獨家,多人,https://www.javbus.com/CESD-534,
VRTM-331 AV女優自画撮りオナニーコレクション 第二弾,VRTM-331 AV女優自画撮りオナニーコレクション 第二弾,VRTM-331,,2018-02-17,239分鐘,,V＆RPRODUCE,V＆RPRODUCE,AV女優自画撮りオナニー,其他戀物癖、淫語、姐姐、乳房、4小時以上作品、高畫質、巨乳、自慰、局部特寫、蘿莉塔,多人,https://www.javbus.com/VRTM-331,
MXSPS-564 精子あふれ出す！特濃たっぷり中出し30本番8時間DX VOL.3,MXSPS-564 精子あふれ出す！特濃たっぷり中出し30本番8時間DX VOL.3,MXSPS-564,,2018-02-16,484分鐘,,マキシング,MAXING,精子あふれ出す！,合集、中出、4小時以上作品、高畫質,多人,https://www.javbus.com/MXSPS-564,
CADV-655 エンドレス☆エクスタシー！！ 媚薬SEX8時間,CADV-655 エンドレス☆エクスタシー！！ 媚薬SEX8時間,CADV-655,,2018-02-16,478分鐘,,クリスタル映像,CRYSTALEX,,藥物、女大學生、潮吹、合集、已婚婦女、多P、輪姦、4小時以上作品、女優按摩棒、高畫質、按摩棒,多人,https://www.javbus.com/CADV-655,
EMAZ-378 欲しがり熟女のおねだりSEX 100シーン8時間,EMAZ-378 欲しがり熟女のおねだりSEX 100シーン8時間,EMAZ-378,,2018-02-16,480分鐘,,婦人社/エマニエル,婦人社,,成熟的女人、合集、中出、肛内中出、巨乳、DMM獨家,多人,https://www.javbus.com/EMAZ-378,
OOMN-217 美しい顔を歪ませイキ狂う母 絶叫性交,OOMN-217 美しい顔を歪ませイキ狂う母 絶叫性交,OOMN-217,,2018-02-15,240分鐘,,ABC/妄想族,お母さん.com（ABC/妄想族）,,成熟的女人、苗條、母親、合集、數位馬賽克、DMM獨家,多人,https://www.javbus.com/OOMN-217,
VRAB-005 【VR】新基準3DVR え？中だし！？波多野結衣と本田由奈が外資系に努めるの新人素人サラリーマンを弄っていたら中で出されちゃった,VRAB-005 【VR】新基準3DVR え？中だし！？波多野結衣と本田由奈が外資系に努めるの新人素人サラリーマンを弄っていたら中で出されちゃった,VRAB-005,,2018-02-13,33分鐘,,VirtualRabbit,VirtualRabbit,,企畫、偶像藝人、多P、主觀視角、3D、VR専用,多人,https://www.javbus.com/VRAB-005,
CEAD-252 僕を誘惑するカノジョの親友 波多野結衣 香椎りあ,CEAD-252 僕を誘惑するカノジョの親友 波多野結衣 香椎りあ,CEAD-252,,2018-02-11,137分鐘,,セレブの友,セレブの友,,蕩婦、成熟的女人、出軌、戲劇、巨乳、DMM獨家,多人,https://www.javbus.com/CEAD-252,
ICMB-001 総合婦人肌着メーカーWAKOSUKE BEST 4時間,ICMB-001 総合婦人肌着メーカーWAKOSUKE BEST 4時間,ICMB-001,,2018-02-11,240分鐘,アイスマン落合,AVScollector’s,AVSCollector’s,総合婦人肌着メーカーWAKOSUKE,合集、連褲襪、4小時以上作品、高畫質、DMM獨家,多人,https://www.javbus.com/ICMB-001,
JUFD-859 接吻乳首責めレズビアン～女社長の卑猥なレズキスニップル調教～ 佐倉ねね 波多野結衣,JUFD-859 接吻乳首責めレズビアン～女社長の卑猥なレズキスニップル調教～ 佐倉ねね 波多野結衣,JUFD-859,,2018-02-10,160分鐘,,Fitch,Fitch,接吻乳首責めレズビアン,女同性戀、性奴、女同接吻、高畫質、出軌、巨乳、DMM獨家,多人,https://www.javbus.com/JUFD-859,
MKCK-204 美しき女体内部に大量発射！E-BODY真正中出し135発8時間,MKCK-204 美しき女体内部に大量発射！E-BODY真正中出し135発8時間,MKCK-204,,2018-02-10,480分鐘,,E-BODY,E-BODY,E-BODY真正中出し,合集、花癡、中出、巨乳、DMM獨家、顏射,多人,https://www.javbus.com/MKCK-204,
PPBD-139 スペンス乳腺開発クリニック8タイトル大ボリューム480分BEST,PPBD-139 スペンス乳腺開発クリニック8タイトル大ボリューム480分BEST,PPBD-139,,2018-02-03,480分鐘,,OPPAI,OPPAI,スペンス乳腺開発クリニック,乳交、潮吹、合集、戀乳癖、中出、高畫質、DMM獨家,多人,https://www.javbus.com/PPBD-139,
TOMN-130 鉄板の真髄！ 汗だく性交 BEST 2,TOMN-130 鉄板の真髄！ 汗だく性交 BEST 2,TOMN-130,,2018-01-27,240分鐘,,TEPPAN,TEPPANSPECIAL,鉄板の真髄を見よ！汗だく性交BEST,合集、美少女、數位馬賽克、汗だく、巨乳、DMM獨家,多人,https://www.javbus.com/TOMN-130,
MIRD-177 （株）腿コキ商事,MIRD-177 （株）腿コキ商事,MIRD-177,,2018-01-27,190分鐘,凹style.,ムーディーズ,MOODYZREAL,,蕩婦、OL、苗條、淫語、數位馬賽克、足交、高畫質、DMM獨家,多人,https://www.javbus.com/MIRD-177,
HZGB-005 人妻に強制中出し孕ませSEX 300分！,HZGB-005 人妻に強制中出し孕ませSEX 300分！,HZGB-005,,2018-01-26,301分鐘,,人妻花園劇場,人妻花園劇場,,苗條、合集、已婚婦女、中出、4小時以上作品、高畫質、巨乳,多人,https://www.javbus.com/HZGB-005,
REAL-665 悶絶射精寸止め無間地獄 4時間BEST,REAL-665 悶絶射精寸止め無間地獄 4時間BEST,REAL-665,,2018-01-26,240分鐘,K太郎,レアルワークス,REAL（レアルワークス）,,合集、淫語、女上位、4小時以上作品、高畫質、打手槍,多人,https://www.javbus.com/REAL-665,
KUSR-038 縛られた美人妻たちの夫には見せられない姿…あなたお願い！見ないで,KUSR-038 縛られた美人妻たちの夫には見せられない姿…あなたお願い！見ないで,KUSR-038,,2018-01-25,120分鐘,あばしり一家,ビッグモーカル,九龍（ビッグモーカル）,,玩具、SM、紧缚、已婚婦女、拘束、高畫質、出軌,多人,https://www.javbus.com/KUSR-038,
AVVR-215 【VR】見せつけWマ●コ縦2連潮吹きオナニー 波多野結衣 水谷心音,AVVR-215 【VR】見せつけWマ●コ縦2連潮吹きオナニー 波多野結衣 水谷心音,AVVR-215,,2018-01-21,20分鐘,ザック荒井,AVVR,AVVR,,潮吹、VR専用、巨乳、內衣,多人,https://www.javbus.com/AVVR-215,
JUSD-772 偶然の密室 総集編8時間,JUSD-772 偶然の密室 総集編8時間,JUSD-772,,2018-01-20,480分鐘,,マドンナ,Madonna,偶然の密室,成熟的女人、合集、各種職業、已婚婦女、數位馬賽克、出軌、DMM獨家,多人,https://www.javbus.com/JUSD-772,
BBAN-163 レズテクNO.1決定戦台本なしのイカセ合いバトル！DOCUMENT LESBIAN 2018 ガチレズセックス大乱交,BBAN-163 レズテクNO.1決定戦台本なしのイカセ合いバトル！DOCUMENT LESBIAN 2018 ガチレズセックス大乱交,BBAN-163,,2018-01-20,170分鐘,,ビビアン,ビビアン,,企畫、女同性戀、濫交、纪录片、女同接吻、高畫質、DMM獨家,多人,https://www.javbus.com/BBAN-163,
CJOB-029 抵抗できない状態で無理やり射精させられた僕 PART2,CJOB-029 抵抗できない状態で無理やり射精させられた僕 PART2,CJOB-029,,2018-01-20,240分鐘,,痴女ヘブン,痴女ヘブンBEST,抵抗できない状態で無理やり射精させられた僕,蕩婦、合集、多P、拘束、DMM獨家、打手槍,多人,https://www.javbus.com/CJOB-029,
CJOB-026 射精の先にある本当の快感！女神の痴女テク男潮吹き大放出100L！！ベスト,CJOB-026 射精の先にある本当の快感！女神の痴女テク男潮吹き大放出100L！！ベスト,CJOB-026,,2018-01-20,240分鐘,,痴女ヘブン,痴女ヘブンBEST,,蕩婦、合集、姐姐、拘束、DMM獨家、打手槍,多人,https://www.javbus.com/CJOB-026,
MXSPS-559 一人で盛り上がるオナニー全力投球！！ 4,MXSPS-559 一人で盛り上がるオナニー全力投球！！ 4,MXSPS-559,,2018-01-16,240分鐘,,マキシング,MAXING,一人で盛り上がるオナニー全力投球！！,玩具、合集、羞恥、4小時以上作品、高畫質、自慰、跳蛋,多人,https://www.javbus.com/MXSPS-559,
CADV-651 他人棒を欲する人妻たち…不倫妻30連発8時間,CADV-651 他人棒を欲する人妻たち…不倫妻30連発8時間,CADV-651,,2018-01-16,479分鐘,,クリスタル映像,CRYSTALEX,,角色扮演、紧缚、潮吹、合集、亂倫、無毛、通姦、中出、4小時以上作品、高畫質、巨乳,多人,https://www.javbus.com/CADV-651,
MXSPS-557 四肢拘束×強制絶頂 12名の快楽マシン調教4時間,MXSPS-557 四肢拘束×強制絶頂 12名の快楽マシン調教4時間,MXSPS-557,,2018-01-16,240分鐘,,マキシング,MAXING,,玩具、合集、花癡、拘束、4小時以上作品、高畫質,多人,https://www.javbus.com/MXSPS-557,
VRTM-322 出産直後のボディラインを気にするスポブラ巨乳妻はご無沙汰過ぎて触れられただけで感じる高感度女！目の前の他人チ○ポに理性保てず雌と化した妻は愛する旦那・子供にはナイショで中出し懇願！2,VRTM-322 出産直後のボディラインを気にするスポブラ巨乳妻はご無沙汰過ぎて触れられただけで感じる高感度女！目の前の他人チ○ポに理性保てず雌と化した妻は愛する旦那・子供にはナイショで中出し懇願！2,VRTM-322,,2018-01-12,162分鐘,細川ケン,V＆RPRODUCE,V＆RPRODUCE,出産直後のボディラインを気にする○○妻は…,乳交、已婚婦女、戀乳癖、中出、高畫質、巨乳,多人,https://www.javbus.com/VRTM-322,
REAL-666 鬼イカセスーパーベスト大絶頂スペシャル4時間,REAL-666 鬼イカセスーパーベスト大絶頂スペシャル4時間,REAL-666,,2018-01-12,240分鐘,K太郎,レアルワークス,REAL（レアルワークス）,鬼イカセ,潮吹、合集、花癡、深喉、拘束、4小時以上作品、高畫質,多人,https://www.javbus.com/REAL-666,
MDB-843 極上ボディで何度も射精させちゃう超淫乱高級デリヘル嬢,MDB-843 極上ボディで何度も射精させちゃう超淫乱高級デリヘル嬢,MDB-843,,2018-01-12,202分鐘,たこやき太郎,メディアステーション,BAZOOKA（バズーカ）,,蕩婦、妓女、中出、高畫質、巨乳、內衣,多人,https://www.javbus.com/MDB-843,
RCTD-061 スーパーガチンコ全裸レズバトル REVENGE WARS2018,RCTD-061 スーパーガチンコ全裸レズバトル REVENGE WARS2018,RCTD-061,,2018-01-11,158分鐘,神戸たろう,ROCKET,ROCKET,ガチンコ全裸レズバトル,企畫、女同性戀、潮吹、舔陰、女同接吻、高畫質,多人,https://www.javbus.com/RCTD-061,
CESD-509 絶世のスタイル美人レズビアン 香椎りあ 波多野結衣,CESD-509 絶世のスタイル美人レズビアン 香椎りあ 波多野結衣,CESD-509,,2018-01-08,123分鐘,小池.jp,セレブの友,セレブの友,,成熟的女人、女同性戀、花癡、キス・接吻、巨乳、DMM獨家,多人,https://www.javbus.com/CESD-509,
MRXB-005 マルクス2017年上半期スーパーBEST8時間収録！！,MRXB-005 マルクス2017年上半期スーパーBEST8時間収録！！,MRXB-005,,2018-01-07,479分鐘,,MARX,MARX（マルクス兄弟）,,合集、性奴、4小時以上作品、戲劇、超乳、DMM獨家,多人,https://www.javbus.com/MRXB-005,
JUSD-770 どんな男も腰砕けになるフェラの匠 厳選美熟女たちのいやらしいおチ○ポしゃぶり20人4時間,JUSD-770 どんな男も腰砕けになるフェラの匠 厳選美熟女たちのいやらしいおチ○ポしゃぶり20人4時間,JUSD-770,,2017-12-30,240分鐘,,マドンナ,Madonna,,蕩婦、成熟的女人、口交、合集、已婚婦女、數位馬賽克、DMM獨家,多人,https://www.javbus.com/JUSD-770,
OOMN-213 やさしくお母さんがしてあげるからね… 筆おろし性交,OOMN-213 やさしくお母さんがしてあげるからね… 筆おろし性交,OOMN-213,,2017-12-27,240分鐘,,ABC/妄想族,お母さん.com（ABC/妄想族）,,成熟的女人、母親、合集、數位馬賽克、處男、DMM獨家,多人,https://www.javbus.com/OOMN-213,
STCE-002 【お得セット！】高級痴女サロン～松本メイ 波多野結衣 森沢かな,STCE-002 【お得セット！】高級痴女サロン～松本メイ 波多野結衣 森沢かな,STCE-002,,2017-12-27,414分鐘,,セレブの友,セレブの友（お得セット）,高級痴女サロン,蕩婦、成熟的女人、美容院、高畫質、肛交,多人,https://www.javbus.com/STCE-002,
XVSR-319 MAX-A Anniversary 2017,XVSR-319 MAX-A Anniversary 2017,XVSR-319,,2017-12-24,240分鐘,MAX-IKA,マックスエー,Calen,MAX-AAnniversary,合集、美少女、中出、巨乳、DMM獨家,多人,https://www.javbus.com/XVSR-319,
RBB-126 鬼固定でマ○コに突き刺し腰をグリグリ動かす気持ち良すぎる対面座位 8時間,RBB-126 鬼固定でマ○コに突き刺し腰をグリグリ動かす気持ち良すぎる対面座位 8時間,RBB-126,,2017-12-23,480分鐘,,ROOKIE,ROOKIE,,合集、美少女、乳房、巨乳、DMM獨家,多人,https://www.javbus.com/RBB-126,
MIAE-160 2人の脳内に住みついた痴女たちに操られ、ボクの意思など無視され導かれるがまま、彼女に普段しない中出しまでしちゃいました… ハーレム淫語脳内操り痴女,MIAE-160 2人の脳内に住みついた痴女たちに操られ、ボクの意思など無視され導かれるがまま、彼女に普段しない中出しまでしちゃいました… ハーレム淫語脳内操り痴女,MIAE-160,,2017-12-23,120分鐘,ラッシャーみよし,ムーディーズ,MOODYZACID,,蕩婦、淫語、多P、數位馬賽克、主觀視角、高畫質、ハーレム、DMM獨家,多人,https://www.javbus.com/MIAE-160,
OKAX-320 本気イキ狂い！極太ディルドオナニー4時間,OKAX-320 本気イキ狂い！極太ディルドオナニー4時間,OKAX-320,,2017-12-22,240分鐘,,ケイ・エム・プロデュース,おかず。,,玩具、其他戀物癖、姐姐、4小時以上作品、高畫質、自慰、局部特寫,多人,https://www.javbus.com/OKAX-320,
MDB-841 BAZOOKA人気シリーズ完全網羅BEST！！8時間スペシャル,MDB-841 BAZOOKA人気シリーズ完全網羅BEST！！8時間スペシャル,MDB-841,,2017-12-22,481分鐘,K太郎,メディアステーション,BAZOOKA（バズーカ）,,OL、合集、姐姐、乳房、4小時以上作品、高畫質、巨乳,多人,https://www.javbus.com/MDB-841,
XRW-417 妊娠必須！中出し20連発4時間,XRW-417 妊娠必須！中出し20連発4時間,XRW-417,,2017-12-22,240分鐘,杉ノ木,レアルワークス,REAL（レアルワークス）,,紧缚、合集、花癡、多P、輪姦、中出、4小時以上作品、高畫質,多人,https://www.javbus.com/XRW-417,
MDB-840 BAZOOKA 2017年下半期BEST 4時間完全保存版,MDB-840 BAZOOKA 2017年下半期BEST 4時間完全保存版,MDB-840,,2017-12-22,241分鐘,K太郎,メディアステーション,BAZOOKA（バズーカ）,BAZOOKA○年○半期BEST,合集、中出、4小時以上作品、高畫質、ハーレム、校服、高中女生,多人,https://www.javbus.com/MDB-840,
OKAX-319 悶絶洪水！鬼イカセ！大量潮吹き50人4時間,OKAX-319 悶絶洪水！鬼イカセ！大量潮吹き50人4時間,OKAX-319,,2017-12-22,240分鐘,,ケイ・エム・プロデュース,おかず。,,潮吹、凌辱、4小時以上作品、手指插入、高畫質、肛交,多人,https://www.javbus.com/OKAX-319,
OKAX-318 挑発ポーズで勃起させ、美脚で責めて、パックリ見せて、お口で咥えて、ま○こで味わう！ち○ぽ好き変態痴女,OKAX-318 挑発ポーズで勃起させ、美脚で責めて、パックリ見せて、お口で咥えて、ま○こで味わう！ち○ぽ好き変態痴女,OKAX-318,,2017-12-22,240分鐘,,ケイ・エム・プロデュース,おかず。,,蕩婦、口交、連褲襪、女上位、4小時以上作品、自慰,多人,https://www.javbus.com/OKAX-318,
RVG-059 禁断介護BEST vol.12,RVG-059 禁断介護BEST vol.12,RVG-059,,2017-12-20,480分鐘,,グローリークエスト,GLORYQUEST,禁断介護,其他戀物癖、合集、已婚婦女、花癡、4小時以上作品、高畫質,多人,https://www.javbus.com/RVG-059,
OVG-069 「あっ！ナマで入っちゃった！」凄テクオイル素股でチ○ポをマ○コに擦りつけてたら思わずフル勃起からの生挿入！本番禁止のはずなのに生中出しSEXまでしちゃった5人の超敏感美巨乳デリヘル嬢,OVG-069 「あっ！ナマで入っちゃった！」凄テクオイル素股でチ○ポをマ○コに擦りつけてたら思わずフル勃起からの生挿入！本番禁止のはずなのに生中出しSEXまでしちゃった5人の超敏感美巨乳デリヘル嬢,OVG-069,,2017-12-20,135分鐘,,グローリークエスト,GLORYQUEST,「ナマで入っちゃった！」,妓女、乳液、中出、女上位、高畫質、巨乳,多人,https://www.javbus.com/OVG-069,
ADD-045 ドグマ2017上半期作品集,ADD-045 ドグマ2017上半期作品集,ADD-045,,2017-12-17,260分鐘,,ドグマ,Dogma,ドグマ作品集,合集、4小時以上作品、DMM獨家,多人,https://www.javbus.com/ADD-045,
KMVR-318 【VR】KMP VR 売上TOP24 スーパーBEST,KMVR-318 【VR】KMP VR 売上TOP24 スーパーBEST,KMVR-318,,2017-12-11,73分鐘,,ケイ・エム・プロデュース,KMPVR,VRBEST,合集、姐姐、乳房、主觀視角、VR専用,多人,https://www.javbus.com/KMVR-318,
CESD-487 波多野結衣チ○ポ狂いのガニ股腰振り3SEX,CESD-487 波多野結衣チ○ポ狂いのガニ股腰振り3SEX,CESD-487,,2017-12-10,160分鐘,,セレブの友,セレブの友,,成熟的女人、淫語、花癡、多P、顏射、DMM獨家,多人,https://www.javbus.com/CESD-487,
MIZD-076 MOODYZ 2017年上半期152タイトルBEST 480分,MIZD-076 MOODYZ 2017年上半期152タイトルBEST 480分,MIZD-076,,2017-12-09,480分鐘,,ムーディーズ,MOODYZBest,MOODYZ○○○○年○半期,蕩婦、合集、屁股、數位馬賽克、凌辱、巨乳、DMM獨家,多人,https://www.javbus.com/MIZD-076,
MKCK-191 全編ヒップマニア向け映像！巨大尻フェチアングル肉弾性交50本番スペシャル,MKCK-191 全編ヒップマニア向け映像！巨大尻フェチアングル肉弾性交50本番スペシャル,MKCK-191,,2017-12-09,240分鐘,,E-BODY,E-BODY,,苗條、合集、屁股、巨尻、巨乳、DMM獨家,多人,https://www.javbus.com/MKCK-191,
CJOD-120 ド痴女だらけ強制24射精痴女ハーレム楽園～男潮吹き・中出し・連続ヌキ完全独り占め220分～,CJOD-120 ド痴女だらけ強制24射精痴女ハーレム楽園～男潮吹き・中出し・連続ヌキ完全独り占め220分～,CJOD-120,,2017-12-09,220分鐘,キョウセイ,痴女ヘブン,痴女ヘブン,ド痴女だらけ強制24射精痴女ハーレム楽園,蕩婦、中出、高畫質、M男、ハーレム、巨乳、DMM獨家,多人,https://www.javbus.com/CJOD-120,
MKCK-201 ボインなのにクビレすぎ！日本に2％しかいないと言われるスリム爆乳BODY50体コレクション8時間2,MKCK-201 ボインなのにクビレすぎ！日本に2％しかいないと言われるスリム爆乳BODY50体コレクション8時間2,MKCK-201,,2017-12-09,480分鐘,,E-BODY,E-BODY,スリム爆乳BODYコレクション,合集、女上位、4小時以上作品、巨尻、巨乳、DMM獨家,多人,https://www.javbus.com/MKCK-201,
REAL-661 黒人＆巨根イキ狂いBEST 30人300分,REAL-661 黒人＆巨根イキ狂いBEST 30人300分,REAL-661,,2017-12-08,301分鐘,K太郎,レアルワークス,REAL（レアルワークス）,,濫交、合集、深喉、中出、4小時以上作品、高畫質、デカチン・巨根、黑人演員,多人,https://www.javbus.com/REAL-661,
MKMP-209 KMP15周年特別企画！！超人気鉄板企画100タイトル超豪華8時間スペシャル,MKMP-209 KMP15周年特別企画！！超人気鉄板企画100タイトル超豪華8時間スペシャル,MKMP-209,,2017-12-08,482分鐘,K太郎,ケイ・エム・プロデュース,million（ミリオン）,KMP15周年特別企画,紧缚、合集、中出、4小時以上作品、高畫質、ハーレム、高中女生、巨乳,多人,https://www.javbus.com/MKMP-209,
VRTM-308 コタツの中でひっそり奥さんのマ○コに触れると糸を引くほど溢れ出す愛液！ご無沙汰過ぎて旦那が隣に居るにも関わらず何度も悶絶絶頂！2,VRTM-308 コタツの中でひっそり奥さんのマ○コに触れると糸を引くほど溢れ出す愛液！ご無沙汰過ぎて旦那が隣に居るにも関わらず何度も悶絶絶頂！2,VRTM-308,,2017-12-08,172分鐘,小バエ,V＆RPRODUCE,V＆RPRODUCE,コタツの中でひっそり奥さんのマ○コに触れると…,企畫、已婚婦女、戀乳癖、高畫質、出軌、巨乳,多人,https://www.javbus.com/VRTM-308,
BBSS-006 ビビアン 2017年上半期コンプリートBEST 8時間,BBSS-006 ビビアン 2017年上半期コンプリートBEST 8時間,BBSS-006,,2017-12-02,480分鐘,,ビビアン,ビビアン,,女同性戀、合集、多P、4小時以上作品、女同接吻、DMM獨家,多人,https://www.javbus.com/BBSS-006,
KMVR-315 【VR】これがKMP VRだ！！超バカ売れ作品詰め合わせ大ヒット御礼SUPER BEST part5！！,KMVR-315 【VR】これがKMP VRだ！！超バカ売れ作品詰め合わせ大ヒット御礼SUPER BEST part5！！,KMVR-315,,2017-11-30,81分鐘,,ケイ・エム・プロデュース,KMPVR,VRBEST,合集、姐姐、乳房、主觀視角、VR専用、高中女生,多人,https://www.javbus.com/KMVR-315,
REAL-657 REAL 喉奥凌辱イラマチオBEST3,REAL-657 REAL 喉奥凌辱イラマチオBEST3,REAL-657,,2017-11-24,480分鐘,K太郎,レアルワークス,REAL（レアルワークス）,REAL喉奥凌辱イラマチオBEST,合集、深喉、拘束、凌辱、4小時以上作品、高畫質,多人,https://www.javbus.com/REAL-657,
OKAX-304 パンモロで勃起させられ！まんモロで手コかれる！竿いじりを楽しむフェロモン全開お姉さん,OKAX-304 パンモロで勃起させられ！まんモロで手コかれる！竿いじりを楽しむフェロモン全開お姉さん,OKAX-304,,2017-11-24,241分鐘,,ケイ・エム・プロデュース,おかず。,,蕩婦、其他戀物癖、姐姐、4小時以上作品、內衣、打手槍,多人,https://www.javbus.com/OKAX-304,
REAL-658 絶対不動！！拘束BEST240分,REAL-658 絶対不動！！拘束BEST240分,REAL-658,,2017-11-24,240分鐘,K太郎,レアルワークス,REAL（レアルワークス）,,紧缚、合集、花癡、性奴、拘束、4小時以上作品、高畫質,多人,https://www.javbus.com/REAL-658,
HZGB-004 厳選！ファン一万人が選んだ人気極エロ人妻10人！！,HZGB-004 厳選！ファン一万人が選んだ人気極エロ人妻10人！！,HZGB-004,,2017-11-24,300分鐘,,人妻花園劇場,人妻花園劇場,,合集、已婚婦女、通姦、4小時以上作品、高畫質、出軌,多人,https://www.javbus.com/HZGB-004,
XRW-399 媚薬拘束潮吹きイカセ 4時間激責めBEST,XRW-399 媚薬拘束潮吹きイカセ 4時間激責めBEST,XRW-399,,2017-11-24,240分鐘,アニー中村,レアルワークス,REAL（レアルワークス）,媚薬拘束潮吹きイカセ,藥物、潮吹、合集、拘束、中出、4小時以上作品、高畫質,多人,https://www.javbus.com/XRW-399,
BMW-156 デカ尻見せつけ！！ピストン騎乗位2,BMW-156 デカ尻見せつけ！！ピストン騎乗位2,BMW-156,,2017-11-23,240分鐘,,ワンズファクトリー,WANZ,デカ尻見せつけ！！ピストン騎乗位,合集、屁股、女上位、巨尻、DMM獨家,多人,https://www.javbus.com/BMW-156,
TOMN-123 早送り一切不要。汗だくイキグルイ騎乗位 55名,TOMN-123 早送り一切不要。汗だくイキグルイ騎乗位 55名,TOMN-123,,2017-11-23,240分鐘,,TEPPAN,TEPPANSPECIAL,,合集、美少女、數位馬賽克、女上位、汗だく、DMM獨家,多人,https://www.javbus.com/TOMN-123,
CESD-479 お隣同士のW不倫 春菜はな 波多野結衣,CESD-479 お隣同士のW不倫 春菜はな 波多野結衣,CESD-479,,2017-11-19,135分鐘,小池.jp,セレブの友,セレブの友,,成熟的女人、乳交、通姦、高畫質、出軌、巨乳、DMM獨家,多人,https://www.javbus.com/CESD-479,
CJOB-022 アナル舐め手コキで射精したいと思わない？,CJOB-022 アナル舐め手コキで射精したいと思わない？,CJOB-022,,2017-11-18,240分鐘,,痴女ヘブン（美）,痴女ヘブンBEST,,蕩婦、合集、姐姐、DMM獨家、肛交、打手槍,多人,https://www.javbus.com/CJOB-022,
MXSPS-546 高画質！美女31人の日替わり濃厚フェラチオ,MXSPS-546 高画質！美女31人の日替わり濃厚フェラチオ,MXSPS-546,,2017-11-16,241分鐘,,マキシング,MAXING,,口交、其他戀物癖、合集、4小時以上作品、高畫質,多人,https://www.javbus.com/MXSPS-546,
MXSPS-548 うねる腰つき！跳ねるおっぱい！騎乗位の天才20人の杭打ちピストン絶頂FUCK,MXSPS-548 うねる腰つき！跳ねるおっぱい！騎乗位の天才20人の杭打ちピストン絶頂FUCK,MXSPS-548,,2017-11-16,241分鐘,,マキシング,MAXING,,其他戀物癖、合集、女上位、4小時以上作品、高畫質、巨乳,多人,https://www.javbus.com/MXSPS-548,
KMVR-311 【VR】これがKMP VRだ！！超バカ売れ作品詰め合わせ大ヒット御礼SUPER BEST part4！！,KMVR-311 【VR】これがKMP VRだ！！超バカ売れ作品詰め合わせ大ヒット御礼SUPER BEST part4！！,KMVR-311,,2017-11-15,82分鐘,,ケイ・エム・プロデュース,KMPVR,VRBEST,合集、姐姐、乳房、主觀視角、VR専用、高中女生,多人,https://www.javbus.com/KMVR-311,
MXBD-310 【MAXING11周年特別企画】超高画質 マキシング BEST 厳選12名の極上SEX収録,MXBD-310 【MAXING11周年特別企画】超高画質 マキシング BEST 厳選12名の極上SEX収録,MXBD-310,,2017-11-13,121分鐘,,マキシング,MAXING,,合集、姐姐、高畫質、巨乳,多人,https://www.javbus.com/MXBD-310,
TYWD-093 玩具鬼イカセ イグイグ大絶頂40連発,TYWD-093 玩具鬼イカセ イグイグ大絶頂40連発,TYWD-093,,2017-11-12,240分鐘,,乱丸,乱丸,,玩具、潮吹、合集、花癡、數位馬賽克、性奴、DMM獨家,多人,https://www.javbus.com/TYWD-093,
SABA-340 オナニーを見せつけてくる素人の女の子達が我慢できずにチ●ポをジュボジュボ舐めまわして見せつけてくれた超舌フェラチオ個人撮影映像,SABA-340 オナニーを見せつけてくる素人の女の子達が我慢できずにチ●ポをジュボジュボ舐めまわして見せつけてくれた超舌フェラチオ個人撮影映像,SABA-340,,2017-11-10,222分鐘,,S級素人,S級素人,,業餘、苗條、口交、主觀視角、高畫質、自慰,多人,https://www.javbus.com/SABA-340,
MDB-831 カワイイ顔こそが一番ヌケる！BAZOOKA厳選！顔だけで選んだ特A最強美女BEST50！！,MDB-831 カワイイ顔こそが一番ヌケる！BAZOOKA厳選！顔だけで選んだ特A最強美女BEST50！！,MDB-831,,2017-11-10,241分鐘,K太郎,メディアステーション,BAZOOKA（バズーカ）,カワイイ顔こそが一番ヌケる！,合集、姐姐、美少女、中出、4小時以上作品、高畫質、高中女生、女生,多人,https://www.javbus.com/MDB-831,
XRW-390 これぞドスケベ淫乱女 TOP10 4時間,XRW-390 これぞドスケベ淫乱女 TOP10 4時間,XRW-390,,2017-11-10,240分鐘,杉ノ木,レアルワークス,REAL（レアルワークス）,,蕩婦、濫交、合集、花癡、中出、4小時以上作品、高畫質,多人,https://www.javbus.com/XRW-390,
XRW-396 肌に刻んだ女の情念 刺青交尾,XRW-396 肌に刻んだ女の情念 刺青交尾,XRW-396,,2017-11-10,120分鐘,ディラン富増,レアルワークス,REAL（レアルワークス）,,其他戀物癖、姐姐、女上位、高畫質,多人,https://www.javbus.com/XRW-396,
CEAD-244 ノンストップレズビアン2 森沢かな 波多野結衣,CEAD-244 ノンストップレズビアン2 森沢かな 波多野結衣,CEAD-244,,2017-11-10,127分鐘,,セレブの友,セレブの友,ノンストップレズビアン,成熟的女人、女同性戀、纪录片、女同接吻、巨乳、DMM獨家,多人,https://www.javbus.com/CEAD-244,
MDB-832 BAZOOKA×おかず×宇宙企画 ずっと見つめ合う主観SEX 100名SUPER BEST,MDB-832 BAZOOKA×おかず×宇宙企画 ずっと見つめ合う主観SEX 100名SUPER BEST,MDB-832,,2017-11-10,482分鐘,K太郎,メディアステーション,BAZOOKA（バズーカ）,,合集、中出、4小時以上作品、足交、主觀視角、高畫質、ハーレム,多人,https://www.javbus.com/MDB-832,
BF-488 巨尻クビレお姉さん8時間,BF-488 巨尻クビレお姉さん8時間,BF-488,,2017-11-03,480分鐘,,BeFree,BeFree,,合集、各種職業、屁股、巨尻、巨乳、DMM獨家,多人,https://www.javbus.com/BF-488,
DAZD-085 ダスッ！2017年上半期傑作鬼畜8時間BEST,DAZD-085 ダスッ！2017年上半期傑作鬼畜8時間BEST,DAZD-085,,2017-11-03,480分鐘,,ダスッ！,ダスッ！,,企畫、合集、中出、4小時以上作品、DMM獨家,多人,https://www.javbus.com/DAZD-085,
JUSD-764 2017年上半期全158タイトルBEST8時間,JUSD-764 2017年上半期全158タイトルBEST8時間,JUSD-764,,2017-11-03,480分鐘,,マドンナ,Madonna,マドンナ○半期,成熟的女人、合集、已婚婦女、數位馬賽克、出軌、巨乳、DMM獨家,多人,https://www.javbus.com/JUSD-764,
GRCH-247 LOVE AND THE LIFE CASE.1,GRCH-247 LOVE AND THE LIFE CASE.1,GRCH-247,,2017-11-02,90分鐘,NoB,SODクリエイト,GIRL’SCH,LOVEANDTHELIFE,企畫、高畫質、戀愛、戲劇、給女性觀眾,多人,https://www.javbus.com/GRCH-247,
GRCH-248 LOVE AND THE LIFE CASE.3,GRCH-248 LOVE AND THE LIFE CASE.3,GRCH-248,,2017-11-02,89分鐘,NoB,SODクリエイト,GIRL’SCH,LOVEANDTHELIFE,企畫、高畫質、戀愛、戲劇、給女性觀眾,多人,https://www.javbus.com/GRCH-248,
GRCH-249 LOVE AND THE LIFE CASE.4,GRCH-249 LOVE AND THE LIFE CASE.4,GRCH-249,,2017-11-02,74分鐘,NoB,SODクリエイト,GIRL’SCH,LOVEANDTHELIFE,企畫、高畫質、戲劇、給女性觀眾、ボーイズラブ,多人,https://www.javbus.com/GRCH-249,
GRCH-241 LOVE AND THE LIFE CASE.5,GRCH-241 LOVE AND THE LIFE CASE.5,GRCH-241,,2017-11-02,109分鐘,NoB,SODクリエイト,GIRL’SCH,LOVEANDTHELIFE,企畫、高畫質、戀愛、戲劇、給女性觀眾,多人,https://www.javbus.com/GRCH-241,
GRCH-246 LOVE AND THE LIFE CASE.2,GRCH-246 LOVE AND THE LIFE CASE.2,GRCH-246,,2017-11-02,98分鐘,NoB,SODクリエイト,GIRL’SCH,LOVEANDTHELIFE,企畫、高畫質、戀愛、戲劇、給女性觀眾,多人,https://www.javbus.com/GRCH-246,
TOMN-117 密着するほどに深い挿入感に悶える性交,TOMN-117 密着するほどに深い挿入感に悶える性交,TOMN-117,,2017-10-28,240分鐘,,TEPPAN,TEPPANSPECIAL,,合集、美少女、數位馬賽克、汗だく、巨乳、DMM獨家,多人,https://www.javbus.com/TOMN-117,
MDB-827 BAZOOKA大厳選！下着から始まる濃厚SEX50人,MDB-827 BAZOOKA大厳選！下着から始まる濃厚SEX50人,MDB-827,,2017-10-27,241分鐘,K太郎,メディアステーション,BAZOOKA（バズーカ）,,合集、4小時以上作品、高畫質、巨乳、內衣,多人,https://www.javbus.com/MDB-827,
HZGB-003 31人日替わりSEX！極上人妻にザーメン中出し5時間,HZGB-003 31人日替わりSEX！極上人妻にザーメン中出し5時間,HZGB-003,,2017-10-27,300分鐘,,人妻花園劇場,人妻花園劇場,,合集、已婚婦女、中出、4小時以上作品、高畫質、巨乳,多人,https://www.javbus.com/HZGB-003,
XRW-383 媚縛潜入捜査官BEST4時間30分17人,XRW-383 媚縛潜入捜査官BEST4時間30分17人,XRW-383,,2017-10-27,270分鐘,ディラン富増,レアルワークス,REAL（レアルワークス）,媚縛潜入捜査官,紧缚、合集、女檢察官、粗暴、凌辱、4小時以上作品、格鬥家、高畫質,多人,https://www.javbus.com/XRW-383,
MDB-826 おっぱいの大海原へ飛び込め！！巨乳女子だらけのハーレムプレイBEST4時間,MDB-826 おっぱいの大海原へ飛び込め！！巨乳女子だらけのハーレムプレイBEST4時間,MDB-826,,2017-10-27,241分鐘,ふさエモン,メディアステーション,BAZOOKA（バズーカ）,,乳交、合集、戀乳癖、4小時以上作品、高畫質、ハーレム、巨乳,多人,https://www.javbus.com/MDB-826,
OKAX-291 媚薬調教 失神寸前ブッ飛び中出しファック4時間,OKAX-291 媚薬調教 失神寸前ブッ飛び中出しファック4時間,OKAX-291,,2017-10-27,241分鐘,,ケイ・エム・プロデュース,おかず。,,藥物、性奴、乳房、中出、4小時以上作品、高畫質,多人,https://www.javbus.com/OKAX-291,
XVSR-282 大槻ひびきVS波多野結衣 イカセバトルロワイアル ～台本も無し・手抜き一切無しのガチンコ対決！！～,XVSR-282 大槻ひびきVS波多野結衣 イカセバトルロワイアル ～台本も無し・手抜き一切無しのガチンコ対決！！～,XVSR-282,,2017-10-22,110分鐘,SONO-KAN,マックスエー,Calen,,女同性戀、纪录片、多P、美少女、DMM獨家、打手槍,多人,https://www.javbus.com/XVSR-282,
CESD-465 春菜はなのレズ処女を波多野結衣が奪う同性愛（レズビアン）SEX,CESD-465 春菜はなのレズ処女を波多野結衣が奪う同性愛（レズビアン）SEX,CESD-465,,2017-10-22,130分鐘,小池.jp,セレブの友,セレブの友,,成熟的女人、女同性戀、潮吹、花癡、高畫質、巨乳、DMM獨家,多人,https://www.javbus.com/CESD-465,
CESD-468 今井真由美まるごと完全収録1155分BEST,CESD-468 今井真由美まるごと完全収録1155分BEST,CESD-468,,2017-10-22,1155分鐘,,セレブの友,セレブの友,○○まるごと完全収録,成熟的女人、SM、花癡、中出、女優ベスト・総集編、單體作品、DMM獨家,多人,https://www.javbus.com/CESD-468,
DSVR-118 【VR】常に密着イチャイチャ超高級ハーレムソープ スペシャルマットコース全員挿入中出し編,DSVR-118 【VR】常に密着イチャイチャ超高級ハーレムソープ スペシャルマットコース全員挿入中出し編,DSVR-118,,2017-10-20,69分鐘,森川圭,SODクリエイト,SODVR,常に密着イチャイチャ超高級ソープ,美少女、乳房、乳液、中出、ハーレム、VR専用,多人,https://www.javbus.com/DSVR-118,
3DSVR-0118 常に密着イチャイチャ超高級ハーレムソープ スペシャルマットコース全員…,3DSVR-0118 常に密着イチャイチャ超高級ハーレムソープ スペシャルマットコース全員…,3DSVR-0118,,2017-10-20,68分鐘,森川圭,SODクリエイト,SODVR,超高級ソープ嬢,美少女、乳房、中出,多人,https://www.javbus.com/3DSVR-0118,
MXSPS-539 【MAXING11周年特別企画】会員限定バニーガール（秘）倶楽部 AGAIN！,MXSPS-539 【MAXING11周年特別企画】会員限定バニーガール（秘）倶楽部 AGAIN！,MXSPS-539,,2017-10-16,241分鐘,,マキシング,MAXING,会員限定バニーガール（秘）倶楽部,合集、連褲襪、姐姐、4小時以上作品、高畫質、兔女郎、巨乳,多人,https://www.javbus.com/MXSPS-539,
CADV-640 闇夜に滴る本気汁！！ 夜這い＆逆夜這い8時間！！,CADV-640 闇夜に滴る本気汁！！ 夜這い＆逆夜這い8時間！！,CADV-640,,2017-10-16,479分鐘,,クリスタル映像,CRYSTALEX,,潮吹、合集、無毛、多P、中出、4小時以上作品、高畫質、巨乳,多人,https://www.javbus.com/CADV-640,
DDT-571 エグい角度で喉奥貫くイラマチオベスト,DDT-571 エグい角度で喉奥貫くイラマチオベスト,DDT-571,,2017-10-15,253分鐘,,ドグマ,Dogma,,合集、深喉、4小時以上作品、DMM獨家,多人,https://www.javbus.com/DDT-571,
DDT-570 性欲過多な女たちの絶倫オナニーベスト,DDT-570 性欲過多な女たちの絶倫オナニーベスト,DDT-570,,2017-10-15,244分鐘,,ドグマ,Dogma,,合集、花癡、4小時以上作品、DMM獨家、自慰,多人,https://www.javbus.com/DDT-570,
UD-785R 夢の寝取られスワップ筆おろし4P！！ 変態乱交シチュエーション特盛りスペシャル！！,UD-785R 夢の寝取られスワップ筆おろし4P！！ 変態乱交シチュエーション特盛りスペシャル！！,UD-785R,,2017-10-11,150分鐘,タブー大崎,LEO,LEO,,成熟的女人、濫交、合集、中出、出軌、處男、巨乳,多人,https://www.javbus.com/UD-785R,
CEAD-242 一途な姉と身勝手な妹に姉妹丼にされた僕,CEAD-242 一途な姉と身勝手な妹に姉妹丼にされた僕,CEAD-242,,2017-10-08,139分鐘,,セレブの友,セレブの友,,蕩婦、成熟的女人、花癡、多P、中出、DMM獨家,多人,https://www.javbus.com/CEAD-242,
MIZD-070 Dcup以上限定 巨乳騎乗位,MIZD-070 Dcup以上限定 巨乳騎乗位,MIZD-070,,2017-10-07,480分鐘,,ムーディーズ,MOODYZBest,,合集、屁股、美少女、數位馬賽克、女上位、巨乳、DMM獨家,多人,https://www.javbus.com/MIZD-070,
CADV-637 CRYSTAL THE BEST 8時間100選 2017 秋,CADV-637 CRYSTAL THE BEST 8時間100選 2017 秋,CADV-637,,2017-10-01,478分鐘,,クリスタル映像,CRYSTALEX,CRYSTALTHEBEST,角色扮演、合集、已婚婦女、美少女、4小時以上作品、高畫質、巨乳、女傭、學校泳裝,多人,https://www.javbus.com/CADV-637,
BDSR-311 細身なのに巨乳 どスケベ美女のおっぱいに釘付けになりながら優しく淫語で責められる抜き所満載セックス4時間12人,BDSR-311 細身なのに巨乳 どスケベ美女のおっぱいに釘付けになりながら優しく淫語で責められる抜き所満載セックス4時間12人,BDSR-311,,2017-09-25,241分鐘,B巻太,ビッグモーカル,BIGMORKAL,,蕩婦、淫語、姐姐、4小時以上作品、高畫質、M男、巨乳,多人,https://www.javbus.com/BDSR-311,
WSSR-015 世界一受けたい罰ゲーム。男の潮吹きの後、一度射精させ、さらに潮吹きさせると男は快感で狂うらしい。4時間12人,WSSR-015 世界一受けたい罰ゲーム。男の潮吹きの後、一度射精させ、さらに潮吹きさせると男は快感で狂うらしい。4時間12人,WSSR-015,,2017-09-25,241分鐘,B巻太,ビッグモーカル,ワリスキ,,蕩婦、其他戀物癖、潮吹、淫語、4小時以上作品、高畫質、M男、打手槍,多人,https://www.javbus.com/WSSR-015,
TOMN-113 ハメ撮り性交 今から私のイクところ見ていてください…。,TOMN-113 ハメ撮り性交 今から私のイクところ見ていてください…。,TOMN-113,,2017-09-23,240分鐘,,TEPPAN,TEPPANSPECIAL,,第一人稱攝影、合集、美少女、數位馬賽克、汗だく、DMM獨家,多人,https://www.javbus.com/TOMN-113,
TOMN-112 ザーメンを根こそぎ搾り取る手コキの偉才,TOMN-112 ザーメンを根こそぎ搾り取る手コキの偉才,TOMN-112,,2017-09-23,240分鐘,,TEPPAN,TEPPANSPECIAL,,合集、美少女、數位馬賽克、汗だく、DMM獨家、打手槍,多人,https://www.javbus.com/TOMN-112,
TOMN-115 鉄板の真髄を見よ！汗だく性交 BEST,TOMN-115 鉄板の真髄を見よ！汗だく性交 BEST,TOMN-115,,2017-09-23,240分鐘,,TEPPAN,TEPPANSPECIAL,,合集、數位馬賽克、女上位、汗だく、巨乳、DMM獨家,多人,https://www.javbus.com/TOMN-115,
REAL-651 制服美少女の柔肌に食い込む荒縄...「制服緊縛BEST」,REAL-651 制服美少女の柔肌に食い込む荒縄...「制服緊縛BEST」,REAL-651,,2017-09-22,242分鐘,K太郎,レアルワークス,REAL（レアルワークス）,,紧缚、合集、美少女、中出、4小時以上作品、高畫質、校服,多人,https://www.javbus.com/REAL-651,
BAZX-091 ぐいなま！！,BAZX-091 ぐいなま！！,BAZX-091,,2017-09-22,183分鐘,,メディアステーション,BAZOOKA（バズーカ）,,口交、展場女孩、緊身衣、中出、高畫質,多人,https://www.javbus.com/BAZX-091,
HZGB-002 人妻騎乗位！馬乗りロデオスペシャル,HZGB-002 人妻騎乗位！馬乗りロデオスペシャル,HZGB-002,,2017-09-22,300分鐘,,人妻花園劇場,人妻花園劇場,,合集、已婚婦女、花癡、中出、女上位、4小時以上作品、高畫質,多人,https://www.javbus.com/HZGB-002,
RCTD-030 いつヌクの？今でしょ！カリスマ美人塾講師の世界一受けたい変態授業,RCTD-030 いつヌクの？今でしょ！カリスマ美人塾講師の世界一受けたい変態授業,RCTD-030,,2017-09-21,134分鐘,ルート山崎,ROCKET,ROCKET,,企畫、淫語、多P、高畫質、自慰,多人,https://www.javbus.com/RCTD-030,
IENE-821 素人童貞救済企画！10分間有名女優の挿入の誘いをガマンできたら賞金10万円,IENE-821 素人童貞救済企画！10分間有名女優の挿入の誘いをガマンできたら賞金10万円,IENE-821,,2017-09-21,229分鐘,藤丼博之,アイエナジー,IENERGY！,,角色扮演、企畫、乳交、高畫質、處男,多人,https://www.javbus.com/IENE-821,
SDEN-011 SOD的神対応オフ会！密着度280％！ハグ、キスはもちろん、お触り、ハーレムフェラまで！？超豪華人気女優3名とほろ酔い破廉恥王様ゲーム！（※素人男性5名出演）,SDEN-011 SOD的神対応オフ会！密着度280％！ハグ、キスはもちろん、お触り、ハーレムフェラまで！？超豪華人気女優3名とほろ酔い破廉恥王様ゲーム！（※素人男性5名出演）,SDEN-011,,2017-09-21,225分鐘,ビバ☆ゴンゾ,SODクリエイト,エントリー,,企畫、濫交、高畫質、ファン感謝・訪問、巨乳,多人,https://www.javbus.com/SDEN-011,
CEAD-240 Hカップ豊乳痴女・尾上若葉に犯されたい 爆乳痴女責め3SEX,CEAD-240 Hカップ豊乳痴女・尾上若葉に犯されたい 爆乳痴女責め3SEX,CEAD-240,,2017-09-18,130分鐘,,セレブの友,セレブの友,,蕩婦、成熟的女人、花癡、多P、高畫質、巨乳、單體作品、DMM獨家,多人,https://www.javbus.com/CEAD-240,
CADV-635 人妻発情中！！燃えたぎる性欲発散SEX8時間！！,CADV-635 人妻発情中！！燃えたぎる性欲発散SEX8時間！！,CADV-635,,2017-09-16,479分鐘,,クリスタル映像,CRYSTALEX,,合集、已婚婦女、多P、通姦、中出、4小時以上作品、高畫質、出軌、巨尻、巨乳,多人,https://www.javbus.com/CADV-635,
MXSPS-538 魅惑のクイーン15人！ボンテージだらけのSM（秘）倶楽部 7,MXSPS-538 魅惑のクイーン15人！ボンテージだらけのSM（秘）倶楽部 7,MXSPS-538,,2017-09-16,241分鐘,,マキシング,MAXING,魅惑のクイーン！ボンテージだらけのSM（秘）倶楽部,SM、合集、4小時以上作品、高畫質、緊縛,多人,https://www.javbus.com/MXSPS-538,
MXSPS-537 昏睡キメセク ～媚薬×催眠×泥酔～ 15本番 ぶっ飛びガンギマリ！イキ狂いスペシャル,MXSPS-537 昏睡キメセク ～媚薬×催眠×泥酔～ 15本番 ぶっ飛びガンギマリ！イキ狂いスペシャル,MXSPS-537,,2017-09-16,241分鐘,,マキシング,MAXING,昏睡キメセク,藥物、合集、爛醉如泥的、4小時以上作品、催眠、高畫質,多人,https://www.javbus.com/MXSPS-537,
EMAZ-369 人気熟女優達100名の唾液まみれ濃厚フェラチオ 厳選8時間,EMAZ-369 人気熟女優達100名の唾液まみれ濃厚フェラチオ 厳選8時間,EMAZ-369,,2017-09-15,480分鐘,,婦人社/エマニエル,婦人社,,成熟的女人、口交、合集、已婚婦女、深喉、DMM獨家,多人,https://www.javbus.com/EMAZ-369,
TOMN-110 射精直前の獣のような激しい腰振り 55発射 3,TOMN-110 射精直前の獣のような激しい腰振り 55発射 3,TOMN-110,,2017-09-14,240分鐘,,TEPPAN,TEPPANSPECIAL,射精直前の獣のような激しい腰振り,合集、美少女、數位馬賽克、高畫質、汗だく、巨乳、DMM獨家,多人,https://www.javbus.com/TOMN-110,
CESD-442 推川ゆうり まるごと完全収録1104分BEST,CESD-442 推川ゆうり まるごと完全収録1104分BEST,CESD-442,,2017-09-10,1104分鐘,,セレブの友,セレブの友,,成熟的女人、放尿、女同性戀、亂倫、女優ベスト・総集編、單體作品、DMM獨家,多人,https://www.javbus.com/CESD-442,
JUY-245 別れさせ屋レズビアン ～すべては依頼主の妻を奪う為…～ 前田可奈子 波多野結衣,JUY-245 別れさせ屋レズビアン ～すべては依頼主の妻を奪う為…～ 前田可奈子 波多野結衣,JUY-245,,2017-09-09,120分鐘,昇天シロー,マドンナ,Madonna,,成熟的女人、女同性戀、已婚婦女、數位馬賽克、乳房、女同接吻、高畫質、DMM獨家,多人,https://www.javbus.com/JUY-245,
MRXB-001 通算14年目突入！ MARX リニューアル1周年記念 8時間 大総集編,MRXB-001 通算14年目突入！ MARX リニューアル1周年記念 8時間 大総集編,MRXB-001,,2017-09-09,480分鐘,,MARX,MARX（マルクス兄弟）,,合集、纪录片、4小時以上作品、出軌、超乳、DMM獨家,多人,https://www.javbus.com/MRXB-001,
MKMP-196 円熟味を増した凄腕すぎるいい女たち40人4時間SP,MKMP-196 円熟味を増した凄腕すぎるいい女たち40人4時間SP,MKMP-196,,2017-09-08,241分鐘,K太郎,ケイ・エム・プロデュース,million（ミリオン）,,蕩婦、成熟的女人、合集、姐姐、4小時以上作品、高畫質、巨乳,多人,https://www.javbus.com/MKMP-196,
UMSO-157 媚薬近親相姦 4時間16人ベスト,UMSO-157 媚薬近親相姦 4時間16人ベスト,UMSO-157,,2017-09-08,240分鐘,,ケイ・エム・プロデュース,UMANAMI,媚薬近親相姦,藥物、紧缚、合集、亂倫、中出、4小時以上作品、高畫質、出軌,多人,https://www.javbus.com/UMSO-157,
VRTM-291 母性に飢えたオトナになりきれない童貞の息子に責任感じた巨乳の母が優しく授乳手コキ！まさかのフル勃起に欲しがり汁垂らしっぱなしで馬乗りズブリ！旦那では満たされない母は息子の若いチ○ポで何度も中出し懇願！,VRTM-291 母性に飢えたオトナになりきれない童貞の息子に責任感じた巨乳の母が優しく授乳手コキ！まさかのフル勃起に欲しがり汁垂らしっぱなしで馬乗りズブリ！旦那では満たされない母は息子の若いチ○ポで何度も中出し懇願！,VRTM-291,,2017-09-08,204分鐘,田中素直,V＆RPRODUCE,V＆RPRODUCE,母性に飢えたオトナになりきれない童貞の息子に…,企畫、母親、乳交、亂倫、戀乳癖、中出、女上位、高畫質、處男、巨乳、打手槍,多人,https://www.javbus.com/VRTM-291,
MKMP-195 有名女優 玩具で一網打尽のイカセBEST,MKMP-195 有名女優 玩具で一網打尽のイカセBEST,MKMP-195,,2017-09-08,242分鐘,K太郎,ケイ・エム・プロデュース,million（ミリオン）,,玩具、潮吹、合集、拘束、羞恥、4小時以上作品、高畫質,多人,https://www.javbus.com/MKMP-195,
ARM-621 SOS！黒ストッキング痴女警報！！,ARM-621 SOS！黒ストッキング痴女警報！！,ARM-621,,2017-09-08,245分鐘,,アロマ企画,AROMA,,蕩婦、連褲襪、戀腿癖、DMM獨家、迷你裙,多人,https://www.javbus.com/ARM-621,
IENE-815 デリヘルで呼んだ娘が、敏感すぎて潮吹いて僕の部屋をビショビショにするので怒ったらヤラせてくれたけど、感じまくりまさかの連続イキ！更にハメ潮吹きまくって困った！,IENE-815 デリヘルで呼んだ娘が、敏感すぎて潮吹いて僕の部屋をビショビショにするので怒ったらヤラせてくれたけど、感じまくりまさかの連続イキ！更にハメ潮吹きまくって困った！,IENE-815,,2017-09-07,210分鐘,らくだ,アイエナジー,IENERGY！,,企畫、潮吹、妓女、高畫質,多人,https://www.javbus.com/IENE-815,
BBSS-005 レズビアンに囚われた女潜入捜査官たち4時間,BBSS-005 レズビアンに囚われた女潜入捜査官たち4時間,BBSS-005,,2017-09-02,240分鐘,,ビビアン,ビビアン,レズビアンに囚われた女潜入捜査官,女同性戀、合集、多P、輪姦、女檢察官、女同接吻、DMM獨家,多人,https://www.javbus.com/BBSS-005,
AVOP-357 鋼鉄の魔女アンネローゼVS対魔忍アサギ ～2大ヒロイン屈辱のアヘ顔陥落～ 波多野結衣 三原ほのか 佳苗るか,AVOP-357 鋼鉄の魔女アンネローゼVS対魔忍アサギ ～2大ヒロイン屈辱のアヘ顔陥落～ 波多野結衣 三原ほのか 佳苗るか,AVOP-357,,2017-09-01,150分鐘,きとるね川口,ZIZ,AVOPEN2017,,女同性戀、性奴、凌辱、高畫質、折磨、DMM獨家,多人,https://www.javbus.com/AVOP-357,
AVOP-314 夢の一夫多妻時間停止中出しSPECIAL 最強の能力を手に入れた男が8人の嫁と朝から晩までハーレム子作り性活,AVOP-314 夢の一夫多妻時間停止中出しSPECIAL 最強の能力を手に入れた男が8人の嫁と朝から晩までハーレム子作り性活,AVOP-314,,2017-09-01,220分鐘,タイガー小堺,本中,AVOPEN2017,,濫交、新娘、年輕妻子、美少女、中出、高畫質、ハーレム、DMM獨家,多人,https://www.javbus.com/AVOP-314,
ASFB-277 脱ぎたてホヤホヤの汁だく生パンティーでシコシコして下さい 2,ASFB-277 脱ぎたてホヤホヤの汁だく生パンティーでシコシコして下さい 2,ASFB-277,,2017-08-27,120分鐘,,FetishBox/妄想族,FetishBox/妄想族,脱ぎたてホヤホヤの汁だく生パンティーでシコシコして下さい,蕩婦、其他戀物癖、DMM獨家、打手槍,多人,https://www.javbus.com/ASFB-277,
MDB-812 妄想全裸シチュエーション！！ 4時間SP,MDB-812 妄想全裸シチュエーション！！ 4時間SP,MDB-812,,2017-08-25,242分鐘,K太郎,メディアステーション,BAZOOKA（バズーカ）,,企畫、合集、乳房、妄想、4小時以上作品、高畫質、ハーレム,多人,https://www.javbus.com/MDB-812,
MCSR-264 【マジです】秒速でヌケるほどシコる右手が止まらない。美人でスケベ過ぎる人妻熟女が淫語連発で優しく苛めてくれる4時間12人 02,MCSR-264 【マジです】秒速でヌケるほどシコる右手が止まらない。美人でスケベ過ぎる人妻熟女が淫語連発で優しく苛めてくれる4時間12人 02,MCSR-264,,2017-08-25,241分鐘,B巻太,ビッグモーカル,マスカット,美人でスケベ過ぎる人妻熟女が淫語連発で優しく苛めてくれる○時間,蕩婦、成熟的女人、淫語、已婚婦女、4小時以上作品、主觀視角、高畫質、M男、自慰、打手槍,多人,https://www.javbus.com/MCSR-264,
MDB-809 男の願望爆発！！着たままSEX4時間BEST,MDB-809 男の願望爆発！！着たままSEX4時間BEST,MDB-809,,2017-08-25,242分鐘,K太郎,メディアステーション,BAZOOKA（バズーカ）,,角色扮演、和服・喪服、护士、OL、合集、4小時以上作品、高畫質、巨乳,多人,https://www.javbus.com/MDB-809,
CESD-428 痴女×痴女レズビアン6 波多野結衣 尾上若葉,CESD-428 痴女×痴女レズビアン6 波多野結衣 尾上若葉,CESD-428,,2017-08-21,170分鐘,真咲.jp,セレブの友,セレブの友,痴女×痴女レズビアン,蕩婦、成熟的女人、女同性戀、女同接吻、巨乳、DMM獨家,多人,https://www.javbus.com/CESD-428,
EMAZ-365 顔射×舌射精ぶっかけ100人8時間,EMAZ-365 顔射×舌射精ぶっかけ100人8時間,EMAZ-365,,2017-08-18,480分鐘,,婦人社/エマニエル,婦人社,,成熟的女人、合集、已婚婦女、顏射、DMM獨家,多人,https://www.javbus.com/EMAZ-365,
SQTE-180 S-Cute ラブラブエッチコレクション 8時間 リターンズ,SQTE-180 S-Cute ラブラブエッチコレクション 8時間 リターンズ,SQTE-180,,2017-08-18,476分鐘,,S-Cute,S-Cute（S-Cute）,ラブラブエッチコレクション,合集、羞恥、4小時以上作品、高畫質、戀愛、DMM獨家,多人,https://www.javbus.com/SQTE-180,
MXSPS-533 最新コスプレ★セックスTOP20 4時間ぜーんぶセックスSPECIAL,MXSPS-533 最新コスプレ★セックスTOP20 4時間ぜーんぶセックスSPECIAL,MXSPS-533,,2017-08-16,242分鐘,,マキシング,MAXING,,角色扮演、合集、空中小姐、4小時以上作品、高畫質、緊縛、女傭,多人,https://www.javbus.com/MXSPS-533,
CADV-632 納涼！夏の水着祭り！ ビキニ×競泳水着×スク水 8時間30選！！,CADV-632 納涼！夏の水着祭り！ ビキニ×競泳水着×スク水 8時間30選！！,CADV-632,,2017-08-16,479分鐘,,クリスタル映像,CRYSTALEX,ビキニ×競泳水着×スク水,潮吹、合集、4小時以上作品、高畫質、泳裝、巨乳、學校泳裝,多人,https://www.javbus.com/CADV-632,
MXSPS-534 強制絶頂！極悪非道の玩具責め！！イキまくり4時間BEST,MXSPS-534 強制絶頂！極悪非道の玩具責め！！イキまくり4時間BEST,MXSPS-534,,2017-08-16,240分鐘,,マキシング,MAXING,,玩具、紧缚、潮吹、合集、4小時以上作品、女優按摩棒、高畫質、按摩棒、跳蛋,多人,https://www.javbus.com/MXSPS-534,
NACS-001 昼顔妻の濡れた乳房 あなたの知らない平凡妻の本性,NACS-001 昼顔妻の濡れた乳房 あなたの知らない平凡妻の本性,NACS-001,,2017-08-11,160分鐘,なぎら健造,オルガ,NAGIRA-ナギラ-,,已婚婦女、通姦、乳房、高畫質、出軌、戲劇,多人,https://www.javbus.com/NACS-001,
MKMP-185 複数FUCK 大乱交4時間BEST,MKMP-185 複数FUCK 大乱交4時間BEST,MKMP-185,,2017-08-11,241分鐘,K太郎,ケイ・エム・プロデュース,million（ミリオン）,,濫交、合集、多P、4小時以上作品、高畫質、ハーレム,多人,https://www.javbus.com/MKMP-185,
VEC-270 母親の再婚 僕の親友と結婚した母 総集編8時間,VEC-270 母親の再婚 僕の親友と結婚した母 総集編8時間,VEC-270,,2017-08-06,480分鐘,,VENUS,女神（ヴィーナス）,母親の再婚,成熟的女人、合集、已婚婦女、中出、4小時以上作品、DMM獨家,多人,https://www.javbus.com/VEC-270,
AVOPVR-042 【本中 VR】超3DVR本物中出し 8人のオレ嫁たちに必死で子作りせがまれるハーレム中出しSEX,AVOPVR-042 【本中 VR】超3DVR本物中出し 8人のオレ嫁たちに必死で子作りせがまれるハーレム中出しSEX,AVOPVR-042,,2017-08-01,23分鐘,タイガー小堺,本中,VR-1グランプリ（2017）,,美少女、中出、主觀視角、3D、VR専用、DMM獨家,多人,https://www.javbus.com/AVOPVR-042,
AVOPVR-009 【VR】どこを向いても裸の美女だらけ！AV史上初！360°3D映像！極上美女14人に囲まれ前後左右全てから責められる超高刺激！今まで体験したことのない究極ハーレムSEX！,AVOPVR-009 【VR】どこを向いても裸の美女だらけ！AV史上初！360°3D映像！極上美女14人に囲まれ前後左右全てから責められる超高刺激！今まで体験したことのない究極ハーレムSEX！,AVOPVR-009,,2017-08-01,60分鐘,柏倉弘,SODクリエイト,VR-1グランプリ（2017）,,中出、3D、ハーレム、VR専用、巨乳、DMM獨家、局部特寫,多人,https://www.javbus.com/AVOPVR-009,
CADV-629 狙った男は逃さない痴女8時間SP この女に狙われたら身も心も捧げるしかない！！,CADV-629 狙った男は逃さない痴女8時間SP この女に狙われたら身も心も捧げるしかない！！,CADV-629,,2017-08-01,479分鐘,,クリスタル映像,CRYSTALEX,,蕩婦、OL、無毛、已婚婦女、美少女、秘書、女主人、女老板、拘束、中出、4小時以上作品、高畫質、顏射、故事集、高中女生、巨乳、吞精,多人,https://www.javbus.com/CADV-629,
AVOPVR-017 【VR】10人連続ナマ中出しSEX ノーパンバスケットボール,AVOPVR-017 【VR】10人連続ナマ中出しSEX ノーパンバスケットボール,AVOPVR-017,,2017-08-01,60分鐘,こあら太郎（わ）,ケイ・エム・プロデュース,VR-1グランプリ（2017）,,學校作品、中出、ハーレム、VR専用、巨乳、DMM獨家,多人,https://www.javbus.com/AVOPVR-017,
TYWD-092 イキっぱなし絶叫痙攣セックス100本番,TYWD-092 イキっぱなし絶叫痙攣セックス100本番,TYWD-092,,2017-07-29,480分鐘,,乱丸,乱丸,,潮吹、合集、花癡、多P、數位馬賽克、キス・接吻、DMM獨家,多人,https://www.javbus.com/TYWD-092,
TOMN-104 オンナの射精！潮吹き激昇天性交 BEST OF BEST,TOMN-104 オンナの射精！潮吹き激昇天性交 BEST OF BEST,TOMN-104,,2017-07-29,240分鐘,,TEPPAN,TEPPANSPECIAL,オンナの射精！,潮吹、合集、數位馬賽克、女上位、汗だく、DMM獨家,多人,https://www.javbus.com/TOMN-104,
HZGB-001 人妻花園劇場 1周年記念スペシャル～永久保存版～,HZGB-001 人妻花園劇場 1周年記念スペシャル～永久保存版～,HZGB-001,,2017-07-28,300分鐘,,人妻花園劇場,人妻花園劇場,,合集、空中小姐、性奴、4小時以上作品、美容院、高畫質、出軌,多人,https://www.javbus.com/HZGB-001,
MDB-801 BAZOOKA 2017年上半期BEST 4時間完全保存版,MDB-801 BAZOOKA 2017年上半期BEST 4時間完全保存版,MDB-801,,2017-07-28,241分鐘,K太郎,メディアステーション,BAZOOKA（バズーカ）,BAZOOKA○年○半期BEST,濫交、合集、已婚婦女、4小時以上作品、高畫質、高中女生、巨乳,多人,https://www.javbus.com/MDB-801,
CESD-417 女×女のレズビアンSEX 26時間21分,CESD-417 女×女のレズビアンSEX 26時間21分,CESD-417,,2017-07-23,1581分鐘,真咲.jp,セレブの友,セレブの友,女×女のレズビアンSEX,成熟的女人、女同性戀、合集、女同接吻、巨乳、DMM獨家,多人,https://www.javbus.com/CESD-417,
CEAD-231 ドスケベ痴女100人の強制快楽射精チ○ポ狩り,CEAD-231 ドスケベ痴女100人の強制快楽射精チ○ポ狩り,CEAD-231,,2017-07-23,480分鐘,,セレブの友,セレブの友,,蕩婦、成熟的女人、合集、已婚婦女、巨乳、DMM獨家,多人,https://www.javbus.com/CEAD-231,
BF-487 お口に全部ちょうだい フェラチオ大好きお姉さん達の口内射精8時間,BF-487 お口に全部ちょうだい フェラチオ大好きお姉さん達の口内射精8時間,BF-487,,2017-07-22,480分鐘,,BeFree,BeFree,お口に全部ちょうだい,口交、合集、4小時以上作品、DMM獨家,多人,https://www.javbus.com/BF-487,
LZBS-028 レズれ！祝4周年記念 女と女のガチイキ！総勢53名の レズビアン大乱交ベスト10時間スペシャル,LZBS-028 レズれ！祝4周年記念 女と女のガチイキ！総勢53名の レズビアン大乱交ベスト10時間スペシャル,LZBS-028,,2017-07-16,600分鐘,,レズれ！,レズれ！ベスト,,女同性戀、濫交、合集、4小時以上作品、女同接吻、巨乳、DMM獨家,多人,https://www.javbus.com/LZBS-028,
MXSPS-527 美躯撩乱！気高き美人アスリート15人 競泳水着 4時間 vol.3,MXSPS-527 美躯撩乱！気高き美人アスリート15人 競泳水着 4時間 vol.3,MXSPS-527,,2017-07-16,241分鐘,,マキシング,MAXING,美躯撩乱！,合集、4小時以上作品、高畫質、學校泳裝,多人,https://www.javbus.com/MXSPS-527,
PBD-337 放尿、潮吹き、大失禁。8時間ベスト,PBD-337 放尿、潮吹き、大失禁。8時間ベスト,PBD-337,,2017-07-15,480分鐘,,プレミアム,PREMIUMBEST,,放尿、潮吹、合集、DMM獨家,多人,https://www.javbus.com/PBD-337,
VRTM-269 「何発だって出来るんだから！」童貞に悩む息子が義母に悩みを相談！豊満過ぎるデカ乳に我慢できなくなった息子は父が居るにも関わらず強制生挿入！逃げる母親を抑えつけ家中どこでもハメまくる！2,VRTM-269 「何発だって出来るんだから！」童貞に悩む息子が義母に悩みを相談！豊満過ぎるデカ乳に我慢できなくなった息子は父が居るにも関わらず強制生挿入！逃げる母親を抑えつけ家中どこでもハメまくる！2,VRTM-269,,2017-07-14,164分鐘,ヘビースモーキー石井,V＆RPRODUCE,V＆RPRODUCE,「何発だって出来るんだから！」,企畫、乳交、亂倫、已婚婦女、戀乳癖、中出、婆婆、高畫質、出軌、處男、故事集、巨乳,多人,https://www.javbus.com/VRTM-269,
TAMM-022 奴隷二輪車 教え子の罠 快楽に堕ちた人妻女教師,TAMM-022 奴隷二輪車 教え子の罠 快楽に堕ちた人妻女教師,TAMM-022,,2017-07-14,114分鐘,薄刃紫翠,オルガ,アモーレ,,女教師、已婚婦女、多P、性奴、高畫質、出軌,多人,https://www.javbus.com/TAMM-022,
CESD-404 女捜査官拷問調教27時間29分ベスト,CESD-404 女捜査官拷問調教27時間29分ベスト,CESD-404,,2017-07-09,1649分鐘,,セレブの友,セレブの友,女捜査官拷問調教,成熟的女人、SM、合集、女檢察官、DMM獨家,多人,https://www.javbus.com/CESD-404,
OVG-059 騎乗位で上半身を動かさずに腰だけをグイングイン振りまくって中出しさせる馬乗り巨乳美女2,OVG-059 騎乗位で上半身を動かさずに腰だけをグイングイン振りまくって中出しさせる馬乗り巨乳美女2,OVG-059,,2017-07-05,121分鐘,,グローリークエスト,GLORYQUEST,馬乗り巨乳美女,蕩婦、中出、女上位、高畫質、巨尻、巨乳,多人,https://www.javbus.com/OVG-059,
MGHT-156 ネトラセーゼ 愛妻をデカチン野郎に抱かせてみた話し 8時間,MGHT-156 ネトラセーゼ 愛妻をデカチン野郎に抱かせてみた話し 8時間,MGHT-156,,2017-07-04,480分鐘,,タカラ映像,TAKARA,ネトラレーゼ,成熟的女人、合集、已婚婦女、4小時以上作品、出軌、戲劇、デカチン・巨根,多人,https://www.javbus.com/MGHT-156,
ASFB-266 パンストなら断然ベージュ派！ 魅惑のナチュラルストッキング 4時間 BEST,ASFB-266 パンストなら断然ベージュ派！ 魅惑のナチュラルストッキング 4時間 BEST,ASFB-266,,2017-06-30,240分鐘,,FetishBox/妄想族,FetishBox/妄想族,,蕩婦、其他戀物癖、合集、連褲襪、戀腿癖、DMM獨家,多人,https://www.javbus.com/ASFB-266,
KMVR-204 【VR】王様ゲーム ねっとりぐちょぐちょ中出しSEX 波多野結衣 AIKA 水谷心音 ～中に出したって王様だからなんでもOK～,KMVR-204 【VR】王様ゲーム ねっとりぐちょぐちょ中出しSEX 波多野結衣 AIKA 水谷心音 ～中に出したって王様だからなんでもOK～,KMVR-204,,2017-06-27,29分鐘,こあら太郎（わ）,ケイ・エム・プロデュース,KMPVR,,口交、姐姐、乳房、主觀視角、ハーレム、VR専用,多人,https://www.javbus.com/KMVR-204,
CESD-392 人気AV女優限定！無礼講すぎる大乱交合コン,CESD-392 人気AV女優限定！無礼講すぎる大乱交合コン,CESD-392,,2017-06-25,136分鐘,,セレブの友,セレブの友,,成熟的女人、放尿、濫交、纪录片、高畫質、巨乳、DMM獨家,多人,https://www.javbus.com/CESD-392,
25ID-022 親の居ない日、僕は姉たちとむちゃくちゃSEXした。 8時間,25ID-022 親の居ない日、僕は姉たちとむちゃくちゃSEXした。 8時間,25ID-022,,2017-06-23,484分鐘,,TMA,TMA,むちゃくちゃSEXした。,合集、亂倫、姐姐、中出、4小時以上作品、高畫質,多人,https://www.javbus.com/25ID-022,
KMVR-214 【VR】巨乳5人姉妹と同棲中出しSEXライフ～長女:波多野結衣 二女:AIKA 三女:水城奈緒 四女:推川ゆうり 五女:水谷心音 ～,KMVR-214 【VR】巨乳5人姉妹と同棲中出しSEXライフ～長女:波多野結衣 二女:AIKA 三女:水城奈緒 四女:推川ゆうり 五女:水谷心音 ～,KMVR-214,,2017-06-23,27分鐘,こあら太郎（わ）,ケイ・エム・プロデュース,KMPVR,,姐妹、中出、主觀視角、ハーレム、VR専用、巨乳,多人,https://www.javbus.com/KMVR-214,
KMVR-203 【VR】ローションたっぷり極上5人ソープ嬢と中出しSEX 波多野結衣 AIKA 水谷心音 推川ゆうり 水城奈緒 ～本日は御指名頂きありがとうございます◆た～っぷり癒されてくださいね◆～,KMVR-203 【VR】ローションたっぷり極上5人ソープ嬢と中出しSEX 波多野結衣 AIKA 水谷心音 推川ゆうり 水城奈緒 ～本日は御指名頂きありがとうございます◆た～っぷり癒されてくださいね◆～,KMVR-203,,2017-06-20,34分鐘,こあら太郎（わ）,ケイ・エム・プロデュース,KMPVR,,妓女、乳液、中出、ハーレム、VR専用、巨乳,多人,https://www.javbus.com/KMVR-203,
KMVR-202 【VR】中出しOKのセクキャバにようこそ◆～濃密ねっとり忘れられない夜の一時を味わってくださいね◆～ 波多野結衣 AIKA 水谷心音 推川ゆうり 水城奈緒,KMVR-202 【VR】中出しOKのセクキャバにようこそ◆～濃密ねっとり忘れられない夜の一時を味わってくださいね◆～ 波多野結衣 AIKA 水谷心音 推川ゆうり 水城奈緒,KMVR-202,,2017-06-20,26分鐘,こあら太郎（わ）,ケイ・エム・プロデュース,KMPVR,,妓女、中出、主觀視角、ハーレム、VR専用、巨乳,多人,https://www.javbus.com/KMVR-202,
MXSPS-521 マキシング半期ベスト10時間 ～2016年下半期編～,MXSPS-521 マキシング半期ベスト10時間 ～2016年下半期編～,MXSPS-521,,2017-06-16,601分鐘,,マキシング,MAXING,半期ベスト完全保存版,藥物、合集、姐姐、4小時以上作品、按摩、高畫質、巨乳,多人,https://www.javbus.com/MXSPS-521,
MXSPS-524 キャリアウーマンから新人OLまでズラリ揃った働くオンナSPECIAL,MXSPS-524 キャリアウーマンから新人OLまでズラリ揃った働くオンナSPECIAL,MXSPS-524,,2017-06-16,241分鐘,,マキシング,MAXING,,OL、合集、姐姐、多P、羞恥、4小時以上作品、高畫質、自慰,多人,https://www.javbus.com/MXSPS-524,
KMVR-197 【VR】じゅっぽりねっとり楽屋で濃厚生中出しSEX！！ 波多野結衣 推川ゆうり 水城奈緒,KMVR-197 【VR】じゅっぽりねっとり楽屋で濃厚生中出しSEX！！ 波多野結衣 推川ゆうり 水城奈緒,KMVR-197,,2017-06-13,27分鐘,こあら太郎（わ）,ケイ・エム・プロデュース,KMPVR,,中出、女上位、主觀視角、ハーレム、VR専用、巨乳,多人,https://www.javbus.com/KMVR-197,
VERO-063 ヌキ系風俗で人気No.1プレイとの呼び声も高い、美顔と淫語と吐息をゼロ距離で体感できるベロチュ～立ち手コキをS級熟女で味わい尽くす！！ 30人4時間,VERO-063 ヌキ系風俗で人気No.1プレイとの呼び声も高い、美顔と淫語と吐息をゼロ距離で体感できるベロチュ～立ち手コキをS級熟女で味わい尽くす！！ 30人4時間,VERO-063,,2017-06-11,240分鐘,,VENUS,女神（ヴィーナス）,,成熟的女人、其他戀物癖、合集、已婚婦女、4小時以上作品、DMM獨家、打手槍,多人,https://www.javbus.com/VERO-063,
VRTM-268 AV女優 裸コレクション 第五弾,VRTM-268 AV女優 裸コレクション 第五弾,VRTM-268,,2017-06-09,201分鐘,ホイップローズ,V＆RPRODUCE,V＆RPRODUCE,AV女優裸コレクション,其他戀物癖、屁股、姐姐、美少女、乳房、高畫質、巨乳、肛交、局部特寫,多人,https://www.javbus.com/VRTM-268,
MKMP-172 人気AV監督によるAV女優ランキング！4時間ベスト,MKMP-172 人気AV監督によるAV女優ランキング！4時間ベスト,MKMP-172,,2017-06-09,241分鐘,K太郎,ケイ・エム・プロデュース,million（ミリオン）,,其他戀物癖、合集、纪录片、美少女、深喉、女上位、4小時以上作品、高畫質,多人,https://www.javbus.com/MKMP-172,
VRTM-267 就寝中もフル勃起状態の性欲溢れる思春期息子チ○ポに子宮が疼くセックスレス巨乳母！止まらない愛液と理性に負けて父には絶対内緒の近親相姦逆夜這い！たわわなデカ乳揺さぶりながら何度も中出し懇願！,VRTM-267 就寝中もフル勃起状態の性欲溢れる思春期息子チ○ポに子宮が疼くセックスレス巨乳母！止まらない愛液と理性に負けて父には絶対内緒の近親相姦逆夜這い！たわわなデカ乳揺さぶりながら何度も中出し懇願！,VRTM-267,,2017-06-09,202分鐘,山中ソックス,V＆RPRODUCE,V＆RPRODUCE,,企畫、成熟的女人、母親、乳交、亂倫、已婚婦女、戀乳癖、中出、婆婆、高畫質、故事集、巨乳,多人,https://www.javbus.com/VRTM-267,
KMVR-186 【VR】極カワ寝顔にくぎ付け◆もう気持ち良すぎて眠れない！！ 波多野結衣＆AIKA,KMVR-186 【VR】極カワ寝顔にくぎ付け◆もう気持ち良すぎて眠れない！！ 波多野結衣＆AIKA,KMVR-186,,2017-06-09,15分鐘,こあら太郎（わ）,ケイ・エム・プロデュース,KMPVR,,口交、主觀視角、VR専用、巨乳、打手槍,多人,https://www.javbus.com/KMVR-186,
MDB-790 極上おもてなし！行けば必ずヤレる人妻回春エステサロン 波多野結衣 大槻ひびき 神ユキ 通野未帆,MDB-790 極上おもてなし！行けば必ずヤレる人妻回春エステサロン 波多野結衣 大槻ひびき 神ユキ 通野未帆,MDB-790,,2017-06-09,152分鐘,セカンド斎藤,メディアステーション,BAZOOKA（バズーカ）,,已婚婦女、中出、美容院、按摩、高畫質,多人,https://www.javbus.com/MDB-790,
KMVR-180 【VR】いい子にしないと逮捕しちゃうぞ（ハート） エッチなポリスお仕置きタイム 波多野結衣・推川ゆうり,KMVR-180 【VR】いい子にしないと逮捕しちゃうぞ（ハート） エッチなポリスお仕置きタイム 波多野結衣・推川ゆうり,KMVR-180,,2017-06-06,22分鐘,こあら太郎（わ）,ケイ・エム・プロデュース,KMPVR,,口交、淫語、制服、主觀視角、VR専用、巨乳、打手槍,多人,https://www.javbus.com/KMVR-180,
HODV-21239 あの頃のキモチでセックスしてみました。人気AV女優デビュー作リメイク4時間,HODV-21239 あの頃のキモチでセックスしてみました。人気AV女優デビュー作リメイク4時間,HODV-21239,,2017-06-02,240分鐘,,h.m.p,h.m.p,新人・○○デビュー,企畫、合集、纪录片、羞恥、4小時以上作品、高畫質,多人,https://www.javbus.com/HODV-21239,
FSET-700 セクシー女優の赤裸々女子会 プライベートからセクシー業界まで、彼女達のありのままの思いを全て話しますSpecial！2,FSET-700 セクシー女優の赤裸々女子会 プライベートからセクシー業界まで、彼女達のありのままの思いを全て話しますSpecial！2,FSET-700,,2017-06-01,239分鐘,アキノリ,アキノリ,AKNR,セクシー女優の赤裸々女子会,蕩婦、企畫、高畫質、巨乳,多人,https://www.javbus.com/FSET-700,
RCT-986 ガチンコ全裸レズバトル 8,RCT-986 ガチンコ全裸レズバトル 8,RCT-986,,2017-06-01,153分鐘,神戸たろう,ROCKET,ROCKET,ガチンコ全裸レズバトル,企畫、女同性戀、潮吹、乳液、高畫質,多人,https://www.javbus.com/RCT-986,
DSVR-096 【VR】波多野結衣、斉藤みゆ、佳苗るか 超VIP花びら3回転ピンクサロン キンタマがからっぽになるまで搾り取る3連フェラチオ口内発射スペシャル！ラストは3人同時に濃厚お掃除フェラ,DSVR-096 【VR】波多野結衣、斉藤みゆ、佳苗るか 超VIP花びら3回転ピンクサロン キンタマがからっぽになるまで搾り取る3連フェラチオ口内発射スペシャル！ラストは3人同時に濃厚お掃除フェラ,DSVR-096,,2017-05-31,30分鐘,テキラティーノ,SODクリエイト,SODVR,,口交、妓女、淫語、キス・接吻、VR専用,多人,https://www.javbus.com/DSVR-096,
DSVR-092 【VR】紗倉まな・波多野結衣 耳元で囁くWバイノーラル淫語責め唾たらし焦らし寸止め超高級痴女ハーレム,DSVR-092 【VR】紗倉まな・波多野結衣 耳元で囁くWバイノーラル淫語責め唾たらし焦らし寸止め超高級痴女ハーレム,DSVR-092,,2017-05-31,30分鐘,森川圭,SODクリエイト,SODVR,,蕩婦、淫語、多P、キス・接吻、VR専用、局部特寫,多人,https://www.javbus.com/DSVR-092,
KMVR-168 【VR】OL中出しSEX 「俺！！争奪戦」 波多野結衣 大槻ひびき,KMVR-168 【VR】OL中出しSEX 「俺！！争奪戦」 波多野結衣 大槻ひびき,KMVR-168,,2017-05-30,29分鐘,めめんと森,ケイ・エム・プロデュース,KMPVR,,OL、口交、中出、主觀視角、VR専用、單體作品,多人,https://www.javbus.com/KMVR-168,
KMVR-164 【VR】美人メイドたちによる丁寧な洗体！最後の仕上げは口淫ご奉仕！！ 波多野結衣 大槻ひびき 神ユキ 通野未帆,KMVR-164 【VR】美人メイドたちによる丁寧な洗体！最後の仕上げは口淫ご奉仕！！ 波多野結衣 大槻ひびき 神ユキ 通野未帆,KMVR-164,,2017-05-29,17分鐘,セカンド斎藤,ケイ・エム・プロデュース,KMPVR,,口交、主觀視角、ハーレム、VR専用、女傭、打手槍,多人,https://www.javbus.com/KMVR-164,
TOMN-095 ずっぽり汗だくオナニー 40名,TOMN-095 ずっぽり汗だくオナニー 40名,TOMN-095,,2017-05-27,243分鐘,,TEPPAN,TEPPANSPECIAL,,合集、美少女、數位馬賽克、汗だく、巨乳、DMM獨家、自慰,多人,https://www.javbus.com/TOMN-095,
MKCK-192 夫に内緒で他人棒中出し43発BEST オール巨乳妻編,MKCK-192 夫に内緒で他人棒中出し43発BEST オール巨乳妻編,MKCK-192,,2017-05-27,240分鐘,,E-BODY,E-BODY,,合集、已婚婦女、中出、出軌、巨乳、DMM獨家,多人,https://www.javbus.com/MKCK-192,
MIZD-061 猿轡レ×プ調教 大ボリューム8タイトル8時間BEST,MIZD-061 猿轡レ×プ調教 大ボリューム8タイトル8時間BEST,MIZD-061,,2017-05-27,480分鐘,,ムーディーズ,MOODYZBest,猿轡レ×プ調教,合集、數位馬賽克、性奴、凌辱、キス・接吻、巨乳、DMM獨家,多人,https://www.javbus.com/MIZD-061,
MDB-786 セクシー女優たちの豪華共演作4時間BEST,MDB-786 セクシー女優たちの豪華共演作4時間BEST,MDB-786,,2017-05-26,241分鐘,K太郎,メディアステーション,BAZOOKA（バズーカ）,,濫交、合集、姐姐、4小時以上作品、高畫質、ハーレム、巨乳,多人,https://www.javbus.com/MDB-786,
MDB-788 はたらくお姉さんコレクションSP,MDB-788 はたらくお姉さんコレクションSP,MDB-788,,2017-05-26,242分鐘,K太郎,メディアステーション,BAZOOKA（バズーカ）,,蕩婦、合集、各種職業、多P、4小時以上作品、高畫質、ハーレム,多人,https://www.javbus.com/MDB-788,
KUSR-030 「私の脚を舐めてチ○ポ勃起させるなんてこの変態！」奥さんの美脚でゴリゴリと踏みつけられて不覚にもビン立ちしたチ○ポはヤらずに収まらない！,KUSR-030 「私の脚を舐めてチ○ポ勃起させるなんてこの変態！」奥さんの美脚でゴリゴリと踏みつけられて不覚にもビン立ちしたチ○ポはヤらずに収まらない！,KUSR-030,,2017-05-25,120分鐘,菊の助,ビッグモーカル,九龍（ビッグモーカル）,,已婚婦女、戀腿癖、高畫質、顏面騎乘、M男、デカチン・巨根,多人,https://www.javbus.com/KUSR-030,
TUE-065 朝から弟の勃起チ●ポを求めにくる欲求不満の痴女姉との近親相姦映像,TUE-065 朝から弟の勃起チ●ポを求めにくる欲求不満の痴女姉との近親相姦映像,TUE-065,,2017-05-25,121分鐘,,グレイズ,帝都裏映像,,蕩婦、亂倫、投稿、姐妹、中出、高畫質、巨乳,多人,https://www.javbus.com/TUE-065,
CEAD-222 ノンストップ4Pレズビアン,CEAD-222 ノンストップ4Pレズビアン,CEAD-222,,2017-05-21,139分鐘,,セレブの友,セレブの友,,成熟的女人、女同性戀、已婚婦女、花癡、高畫質、巨乳、DMM獨家,多人,https://www.javbus.com/CEAD-222,
CESD-380 チ○ポ狂いの生ハメ中出し3SEX 今井真由美,CESD-380 チ○ポ狂いの生ハメ中出し3SEX 今井真由美,CESD-380,,2017-05-21,128分鐘,,セレブの友,セレブの友,,成熟的女人、已婚婦女、花癡、中出、高畫質、故事集、DMM獨家,多人,https://www.javbus.com/CESD-380,
CESD-373 寸止めSEX お願いだからイカせてください…ベスト8時間,CESD-373 寸止めSEX お願いだからイカせてください…ベスト8時間,CESD-373,,2017-05-21,481分鐘,,セレブの友,セレブの友,寸止めSEXお願いだからイカせてください…,成熟的女人、合集、已婚婦女、多P、巨乳、DMM獨家,多人,https://www.javbus.com/CESD-373,
BBAN-132 最初で最期のレズ解禁！！ AIKA 大槻ひびき 波多野結衣,BBAN-132 最初で最期のレズ解禁！！ AIKA 大槻ひびき 波多野結衣,BBAN-132,,2017-05-20,190分鐘,,ビビアン,ビビアン,,女同性戀、纪录片、女同接吻、高畫質、DMM獨家、女生,多人,https://www.javbus.com/BBAN-132,
MXSPS-520 魅惑のクイーン15人！ 亀甲ボンテージだらけのSM（秘）倶楽部,MXSPS-520 魅惑のクイーン15人！ 亀甲ボンテージだらけのSM（秘）倶楽部,MXSPS-520,,2017-05-16,242分鐘,,マキシング,MAXING,魅惑のクイーン！ボンテージだらけのSM（秘）倶楽部,合集、4小時以上作品、緊縛,多人,https://www.javbus.com/MXSPS-520,
MXSPS-518 極楽病棟24時！ 肉欲に染まる純潔ナース Collection 3rd Season,MXSPS-518 極楽病棟24時！ 肉欲に染まる純潔ナース Collection 3rd Season,MXSPS-518,,2017-05-16,241分鐘,,マキシング,MAXING,極楽病棟24時！肉欲に染まる純潔ナースCollection,护士、乳交、合集、4小時以上作品,多人,https://www.javbus.com/MXSPS-518,
CADV-619 極太チ○ポを上下の口で咥えこむ性（SEX）に貪欲な人妻8時間,CADV-619 極太チ○ポを上下の口で咥えこむ性（SEX）に貪欲な人妻8時間,CADV-619,,2017-05-16,478分鐘,,クリスタル映像,CRYSTALEX,,玩具、合集、亂倫、無毛、已婚婦女、多P、通姦、拘束、中出、4小時以上作品、母乳、高畫質,多人,https://www.javbus.com/CADV-619,
KMVR-150 【VR】回春マッサージの超スペシャルコース！たまったザーメンを全て膣内射精で絞り出される極楽体験！！ 波多野結衣 大槻ひびき 神ユキ 通野未帆,KMVR-150 【VR】回春マッサージの超スペシャルコース！たまったザーメンを全て膣内射精で絞り出される極楽体験！！ 波多野結衣 大槻ひびき 神ユキ 通野未帆,KMVR-150,,2017-05-12,31分鐘,セカンド斎藤,ケイ・エム・プロデュース,KMPVR,,多P、中出、美容院、主觀視角、VR専用,多人,https://www.javbus.com/KMVR-150,
VRTM-255 家政婦を呼んだらまさかのデカ乳デカ尻のフロントジッパー競泳水着のオンナが！尻に食い込む水着！ハミ出るオッパイに興奮した僕は我慢できず即ハメ生挿入！膣奥に響く激ピストンで豊満ボディを揺さぶりながら何度も,VRTM-255 家政婦を呼んだらまさかのデカ乳デカ尻のフロントジッパー競泳水着のオンナが！尻に食い込む水着！ハミ出るオッパイに興奮した僕は我慢できず即ハメ生挿入！膣奥に響く激ピストンで豊満ボディを揺さぶりながら何度も,VRTM-255,,2017-05-12,208分鐘,ビンセント・ギャル,V＆RPRODUCE,V＆RPRODUCE,家政婦を呼んだらまさかの…,企畫、乳交、各種職業、中出、女上位、高畫質、故事集、巨尻、巨乳、學校泳裝,多人,https://www.javbus.com/VRTM-255,
MKMP-163 おかげさまでKMP15周年最強に売れた生中出し特選BEST,MKMP-163 おかげさまでKMP15周年最強に売れた生中出し特選BEST,MKMP-163,,2017-05-12,242分鐘,K太郎,ケイ・エム・プロデュース,million（ミリオン）,,合集、美少女、中出、4小時以上作品、高畫質、巨乳,多人,https://www.javbus.com/MKMP-163,
MDB-784 大人気35タイトル厳選！！ BAZOOKA夢の妄想企画4時間,MDB-784 大人気35タイトル厳選！！ BAZOOKA夢の妄想企画4時間,MDB-784,,2017-05-12,242分鐘,K太郎,メディアステーション,BAZOOKA（バズーカ）,,企畫、合集、妄想、4小時以上作品、高畫質、巨乳,多人,https://www.javbus.com/MDB-784,
MKMP-160 感謝感激 最も売れた60タイトル年間BEST,MKMP-160 感謝感激 最も売れた60タイトル年間BEST,MKMP-160,,2017-05-12,243分鐘,K太郎,ケイ・エム・プロデュース,million（ミリオン）,,合集、美少女、中出、4小時以上作品、高畫質、巨乳,多人,https://www.javbus.com/MKMP-160,
MKCK-188 ロケット乳・釣鐘乳・美白乳・お椀乳 日本女性すべての乳房タイプを揃えた E-BODY9年間史記念作品 巨乳図鑑300選24時間,MKCK-188 ロケット乳・釣鐘乳・美白乳・お椀乳 日本女性すべての乳房タイプを揃えた E-BODY9年間史記念作品 巨乳図鑑300選24時間,MKCK-188,,2017-05-11,1440分鐘,,E-BODY,E-BODY,,合集、戀乳癖、超乳、16時間以上作品、巨乳、DMM獨家,多人,https://www.javbus.com/MKCK-188,
CSBB-001 【配信限定オムニバス】人間廃業催眠緊縛 ダイジェスト版,CSBB-001 【配信限定オムニバス】人間廃業催眠緊縛 ダイジェスト版,CSBB-001,,2017-05-07,118分鐘,,レアルワークス,REAL（レアルワークス）,人間廃業催眠緊縛洗脳中出し肉便器,合集、性奴、中出、催眠、高畫質,多人,https://www.javbus.com/CSBB-001,
CSBB-003 【配信限定オムニバス】媚薬拘束潮吹きイカセ ダイジェスト版,CSBB-003 【配信限定オムニバス】媚薬拘束潮吹きイカセ ダイジェスト版,CSBB-003,,2017-05-07,117分鐘,,レアルワークス,REAL（レアルワークス）,媚薬拘束潮吹きイカセ,藥物、潮吹、合集、拘束、中出、高畫質,多人,https://www.javbus.com/CSBB-003,
CSBB-002 【配信限定オムニバス】真昼間の野外露出奴隷,CSBB-002 【配信限定オムニバス】真昼間の野外露出奴隷,CSBB-002,,2017-05-07,117分鐘,,レアルワークス,REAL（レアルワークス）,,野外・露出、合集、已婚婦女、性奴、通姦、高畫質,多人,https://www.javbus.com/CSBB-002,
MDB-777 ボクだけに迫ってくる淫乱美女たち！最後の一滴まで搾りとられるALL主観BEST4時間,MDB-777 ボクだけに迫ってくる淫乱美女たち！最後の一滴まで搾りとられるALL主観BEST4時間,MDB-777,,2017-04-28,241分鐘,K太郎,メディアステーション,BAZOOKA（バズーカ）,,合集、花癡、多P、4小時以上作品、主觀視角、高畫質、ハーレム、巨乳,多人,https://www.javbus.com/MDB-777,
MDB-779 至福のおもてなし 超高級風俗嬢50本番 4時間BEST,MDB-779 至福のおもてなし 超高級風俗嬢50本番 4時間BEST,MDB-779,,2017-04-28,241分鐘,K太郎,メディアステーション,BAZOOKA（バズーカ）,,乳交、合集、妓女、已婚婦女、多P、4小時以上作品、高畫質、巨乳,多人,https://www.javbus.com/MDB-779,
TOMN-092 もう…立てない…崩れ落ちる程の極ピストン性交,TOMN-092 もう…立てない…崩れ落ちる程の極ピストン性交,TOMN-092,,2017-04-27,240分鐘,,TEPPAN,TEPPANSPECIAL,,合集、美少女、數位馬賽克、汗だく、巨乳、DMM獨家,多人,https://www.javbus.com/TOMN-092,
3DSVR-0076 最強人気女優4人 × SODVR 澁谷果歩、春原未来、波多野結衣、浜崎真緒 気…,3DSVR-0076 最強人気女優4人 × SODVR 澁谷果歩、春原未来、波多野結衣、浜崎真緒 気…,3DSVR-0076,,2017-04-26,31分鐘,柏倉弘,SODクリエイト,SODVR,,蕩婦、淫語、中出、巨乳,多人,https://www.javbus.com/3DSVR-0076,
DSVR-074 【VR】SODstar × 超人気女優コラボ 市川まさみ×春原未来・波多野結衣 チ○ポを弄られながら最初から最後まで密着囁き淫語ハーレム痴女スペシャル,DSVR-074 【VR】SODstar × 超人気女優コラボ 市川まさみ×春原未来・波多野結衣 チ○ポを弄られながら最初から最後まで密着囁き淫語ハーレム痴女スペシャル,DSVR-074,,2017-04-26,22分鐘,森川圭,SODクリエイト,SODVR,,蕩婦、口交、淫語、多P、女同接吻、VR専用,多人,https://www.javbus.com/DSVR-074,
3DSVR-0071 舐める音、漏れる吐息、囁く声、口の中まで鮮明に見える超至近距離フェラ…,3DSVR-0071 舐める音、漏れる吐息、囁く声、口の中まで鮮明に見える超至近距離フェラ…,3DSVR-0071,,2017-04-26,38分鐘,森川圭,SODクリエイト,SODVR,,口交,多人,https://www.javbus.com/3DSVR-0071,
DSVR-081 【VR】超ギリモザイク！ギリギリを攻めた超至近距離食い込みマンスジ見せつけオナニー,DSVR-081 【VR】超ギリモザイク！ギリギリを攻めた超至近距離食い込みマンスジ見せつけオナニー,DSVR-081,,2017-04-26,26分鐘,森川圭,SODクリエイト,SODVR,,蕩婦、淫語、VR専用、自慰、局部特寫,多人,https://www.javbus.com/DSVR-081,
OGSM-012 オスガズムWキャスト～最強のOG2人がオスガズムに帰ってきたスペシャル,OGSM-012 オスガズムWキャスト～最強のOG2人がオスガズムに帰ってきたスペシャル,OGSM-012,,2017-04-23,198分鐘,真咲南朋,MOTHERS,MOTHERS（MOTHERS）,オスガズム,M男、DMM獨家,多人,https://www.javbus.com/OGSM-012,
CESD-361 波多野結衣 まるごと完全収録,CESD-361 波多野結衣 まるごと完全収録,CESD-361,,2017-04-23,935分鐘,,セレブの友,セレブの友,,成熟的女人、已婚婦女、花癡、女優ベスト・総集編、巨乳、DMM獨家,多人,https://www.javbus.com/CESD-361,
CEAD-219 イチャLOVEデートベスト8時間,CEAD-219 イチャLOVEデートベスト8時間,CEAD-219,,2017-04-23,480分鐘,,セレブの友,セレブの友,イチャLOVEデート,成熟的女人、第一人稱攝影、合集、已婚婦女、纪录片、DMM獨家,多人,https://www.javbus.com/CEAD-219,
TCD-192 初緊縛SEX×初レズ3P 変態ニューハーフ NH夏希,TCD-192 初緊縛SEX×初レズ3P 変態ニューハーフ NH夏希,TCD-192,,2017-04-23,178分鐘,桜吹雪,TRANSCLUB,TRANSCLUB,,變性者、花癡、高畫質、女裝人妖、肛内中出、デカチン・巨根、DMM獨家,多人,https://www.javbus.com/TCD-192,
BBAN-130 人妻を虜にする寸止め淫語レズビアン 小西悠 波多野結衣,BBAN-130 人妻を虜にする寸止め淫語レズビアン 小西悠 波多野結衣,BBAN-130,,2017-04-22,150分鐘,,ビビアン,ビビアン,人妻を虜にする寸止め淫語レズビアン,蕩婦、女同性戀、淫語、已婚婦女、性奴、高畫質、DMM獨家,多人,https://www.javbus.com/BBAN-130,
AGEOM-016 咥えないでイカせてあげるネ！舌技でイカせるフェラチオ4時間～執拗なまでの亀頭責めから海綿体をテロテロと這い回る生温かい舌技までのオンパレード～,AGEOM-016 咥えないでイカせてあげるネ！舌技でイカせるフェラチオ4時間～執拗なまでの亀頭責めから海綿体をテロテロと這い回る生温かい舌技までのオンパレード～,AGEOM-016,,2017-04-21,240分鐘,,SEXAgent,SEXAgent,,蕩婦、口交、其他戀物癖、淫語、姐姐、4小時以上作品、高畫質、打手槍,多人,https://www.javbus.com/AGEOM-016,
EMAZ-358 美しい人妻×熟女100人20時間,EMAZ-358 美しい人妻×熟女100人20時間,EMAZ-358,,2017-04-16,1243分鐘,,婦人社/エマニエル,婦人社,,成熟的女人、合集、亂倫、已婚婦女、巨乳、DMM獨家,多人,https://www.javbus.com/EMAZ-358,
MXSPS-515 高画質×ぬるぬるローション＆つやつやオイルFUCK 20本番4時間,MXSPS-515 高画質×ぬるぬるローション＆つやつやオイルFUCK 20本番4時間,MXSPS-515,,2017-04-16,240分鐘,,マキシング,MAXING,,玩具、其他戀物癖、乳液、4小時以上作品,多人,https://www.javbus.com/MXSPS-515,
BDA-031 縛り拷問 奴隷市場の宴 其ノ貮,BDA-031 縛り拷問 奴隷市場の宴 其ノ貮,BDA-031,,2017-04-16,240分鐘,あばしり一家,バミューダ/妄想族,バミューダ/妄想族,奴隷市場の宴,紧缚、性奴、拘束、DMM獨家,多人,https://www.javbus.com/BDA-031,
CADV-617 巨乳エロボディ変態女8時間！！,CADV-617 巨乳エロボディ変態女8時間！！,CADV-617,,2017-04-16,478分鐘,,クリスタル映像,CRYSTALEX,,潮吹、合集、戀乳癖、輪姦、4小時以上作品、高畫質、巨乳,多人,https://www.javbus.com/CADV-617,
MXSPS-513 繰り返される羞恥と屈辱、壊れる精神と目覚める性の狭間で…屈辱の全裸BEST 4時間,MXSPS-513 繰り返される羞恥と屈辱、壊れる精神と目覚める性の狭間で…屈辱の全裸BEST 4時間,MXSPS-513,,2017-04-16,240分鐘,,マキシング,MAXING,屈辱の全裸○○,合集、各種職業、凌辱、羞恥、4小時以上作品、高畫質,多人,https://www.javbus.com/MXSPS-513,
DFET-011 富裕層セレブ妻の変態メス汁が溢れ出る淫語オナニー 淫らな私の秘密をアナタだけに全部見せてあげるわ 4時間12名,DFET-011 富裕層セレブ妻の変態メス汁が溢れ出る淫語オナニー 淫らな私の秘密をアナタだけに全部見せてあげるわ 4時間12名,DFET-011,,2017-04-15,243分鐘,piana,プリモ,エロナンデス,,成熟的女人、其他戀物癖、已婚婦女、4小時以上作品、自慰,多人,https://www.javbus.com/DFET-011,
REAL-635 性器丸出し羞恥ホールド 玩具責めでイキ狂う女たち 4時間スペシャル,REAL-635 性器丸出し羞恥ホールド 玩具責めでイキ狂う女たち 4時間スペシャル,REAL-635,,2017-04-14,241分鐘,K太郎,レアルワークス,REAL（レアルワークス）,,玩具、紧缚、合集、花癡、拘束、羞恥、4小時以上作品、高畫質,多人,https://www.javbus.com/REAL-635,
VRTM-251 結婚後も働くデカ乳嫁が酔いつぶれて帰宅！旦那の横で昏睡無防備状態の嫁に義父がまさかの夜這い行為！柔らかなおっぱい揉むだけでは飽き足らず息子の横で何度も中出し！,VRTM-251 結婚後も働くデカ乳嫁が酔いつぶれて帰宅！旦那の横で昏睡無防備状態の嫁に義父がまさかの夜這い行為！柔らかなおっぱい揉むだけでは飽き足らず息子の横で何度も中出し！,VRTM-251,,2017-04-14,211分鐘,細川ケン,V＆RPRODUCE,V＆RPRODUCE,,企畫、乳交、戀乳癖、中出、爛醉如泥的、高畫質、出軌、故事集、巨乳,多人,https://www.javbus.com/VRTM-251,
DMBI-035 ボンデージの虜 SPECIAL ペニバンQUEENのアナルFUCKコレクション 4時間,DMBI-035 ボンデージの虜 SPECIAL ペニバンQUEENのアナルFUCKコレクション 4時間,DMBI-035,,2017-04-11,240分鐘,,ジャネス,MAZOBOYSCLUB,ボンデージの虜,玩具、SM、4小時以上作品、M男、緊縛、肛交,多人,https://www.javbus.com/DMBI-035,
CESD-356 川上ゆう22時間6分ベスト,CESD-356 川上ゆう22時間6分ベスト,CESD-356,,2017-04-09,1326分鐘,,セレブの友,セレブの友,,成熟的女人、亂倫、已婚婦女、中出、女優ベスト・総集編、DMM獨家,多人,https://www.javbus.com/CESD-356,
CESD-355 イチャLOVEレズビアンデート3 推川ゆうり 波多野結衣,CESD-355 イチャLOVEレズビアンデート3 推川ゆうり 波多野結衣,CESD-355,,2017-04-09,157分鐘,真咲.jp,セレブの友,セレブの友,イチャLOVEレズビアンデート,成熟的女人、女同性戀、纪录片、花癡、巨乳、DMM獨家,多人,https://www.javbus.com/CESD-355,
FSET-689 もう～まさにアニメ！解れた糸を引っ張るとみるみる服が短くなっていくwww,FSET-689 もう～まさにアニメ！解れた糸を引っ張るとみるみる服が短くなっていくwww,FSET-689,,2017-04-06,152分鐘,アキノリ,アキノリ,AKNR,,企畫、凌辱、羞恥、高畫質,多人,https://www.javbus.com/FSET-689,
CADV-615 CRYSTAL THE BEST 8時間100選 2017 春,CADV-615 CRYSTAL THE BEST 8時間100選 2017 春,CADV-615,,2017-04-01,478分鐘,,クリスタル映像,CRYSTALEX,CRYSTALTHEBEST,蕩婦、女同性戀、合集、亂倫、無毛、已婚婦女、美少女、女主人、女老板、4小時以上作品、高畫質、高中女生、巨乳、女傭、蘿莉塔,多人,https://www.javbus.com/CADV-615,
DYND-014 汗だく騎乗位ピストン4時間ザーメン絞り オマ○コぱっくりM字開脚で勃起チ○ポを喰え込むド痴女 2（エステティシャン編）,DYND-014 汗だく騎乗位ピストン4時間ザーメン絞り オマ○コぱっくりM字開脚で勃起チ○ポを喰え込むド痴女 2（エステティシャン編）,DYND-014,,2017-03-31,260分鐘,ACIDKILLER,スタイルアート/妄想族,スタイルアートDYNAMITE/妄想族,汗だく騎乗位ピストン○時間ザーメン絞り,蕩婦、女上位、美容院、DMM獨家、打手槍,多人,https://www.javbus.com/DYND-014,
3DSVR-0096 波多野結衣、斉藤みゆ、佳苗るか 超VIP花びら3回転ピンクサロン キンタマ…,3DSVR-0096 波多野結衣、斉藤みゆ、佳苗るか 超VIP花びら3回転ピンクサロン キンタマ…,3DSVR-0096,,2017-03-31,30分鐘,テキラティーノ,SODクリエイト,SODVR,,口交、淫語,多人,https://www.javbus.com/3DSVR-0096,
3DSVR-0092 紗倉まな・波多野結衣 耳元で囁くWバイノーラル淫語責め唾たらし焦らし寸…,3DSVR-0092 紗倉まな・波多野結衣 耳元で囁くWバイノーラル淫語責め唾たらし焦らし寸…,3DSVR-0092,,2017-03-31,30分鐘,森川圭,SODクリエイト,SODVR,,蕩婦、淫語、3P、4P,多人,https://www.javbus.com/3DSVR-0092,
CEAD-216 男を誘惑するスケベな女にイカされたいッ！8時間,CEAD-216 男を誘惑するスケベな女にイカされたいッ！8時間,CEAD-216,,2017-03-25,479分鐘,,セレブの友,セレブの友,,蕩婦、成熟的女人、合集、已婚婦女、巨乳、DMM獨家,多人,https://www.javbus.com/CEAD-216,
SSPD-134 原作・鬼龍凱 高慢令嬢姉妹、堕ちる,SSPD-134 原作・鬼龍凱 高慢令嬢姉妹、堕ちる,SSPD-134,,2017-03-24,180分鐘,肉尊,アタッカーズ,スーパースペシャル,,千金小姐、凌辱、高畫質、戲劇、DMM獨家,多人,https://www.javbus.com/SSPD-134,
MDB-772 快楽への誘い エステティックサロン中出しフルコース50連発！！ 4時間BEST,MDB-772 快楽への誘い エステティックサロン中出しフルコース50連発！！ 4時間BEST,MDB-772,,2017-03-24,241分鐘,K太郎,メディアステーション,BAZOOKA（バズーカ）,,合集、制服、中出、4小時以上作品、美容院、按摩、高畫質,多人,https://www.javbus.com/MDB-772,
XRW-291 媚薬緊縛レイプ,XRW-291 媚薬緊縛レイプ,XRW-291,,2017-03-24,140分鐘,ディラン富増,レアルワークス,REAL（レアルワークス）,,藥物、性奴、拘束、凌辱,多人,https://www.javbus.com/XRW-291,
KMVR-097 【VR】2作品収録！！波多野結衣がオナニーを手伝ってあげる＋集団フェラ 波多野結衣・あおいれな・佳苗るか・南梨央奈,KMVR-097 【VR】2作品収録！！波多野結衣がオナニーを手伝ってあげる＋集団フェラ 波多野結衣・あおいれな・佳苗るか・南梨央奈,KMVR-097,,2017-03-24,31分鐘,こあら太郎（わ）,ケイ・エム・プロデュース,KMPVR,2作品収録（ケイ・エム・プロデュース）,口交、主觀視角、VR専用、自慰、打手槍,多人,https://www.javbus.com/KMVR-097,
DFET-010 美魔女のねっとりとした絶品熟しゃぶり 粘着質なフェラチオに思わず大発射！4時間 12人,DFET-010 美魔女のねっとりとした絶品熟しゃぶり 粘着質なフェラチオに思わず大発射！4時間 12人,DFET-010,,2017-03-17,241分鐘,,プリモ,エロナンデス,,蕩婦、口交、其他戀物癖、4小時以上作品,多人,https://www.javbus.com/DFET-010,
VENU-683 定年退職してヒマになったドスケベ義父の嫁いぢり 総集編 4時間,VENU-683 定年退職してヒマになったドスケベ義父の嫁いぢり 総集編 4時間,VENU-683,,2017-03-17,240分鐘,,VENUS,INCEST（ヴィーナス）,ドスケベ義父の嫁いぢり,蕩婦、成熟的女人、合集、已婚婦女、中出、4小時以上作品、DMM獨家,多人,https://www.javbus.com/VENU-683,
DYND-013 ワイセツRQ痴女3時間30分 蒸れたパンストやぶる音でマン汁垂れまくり！ハイレグと食い込みで誘惑するチ○ポ好きお姉さん！,DYND-013 ワイセツRQ痴女3時間30分 蒸れたパンストやぶる音でマン汁垂れまくり！ハイレグと食い込みで誘惑するチ○ポ好きお姉さん！,DYND-013,,2017-03-17,210分鐘,ACIDKILLER,スタイルアート/妄想族,スタイルアートDYNAMITE/妄想族,,口交、連褲襪、DMM獨家、打手槍,多人,https://www.javbus.com/DYND-013,
DFET-009 パンスト完全着用！最後まで脱ぐわけがありません。マニアが泣いて喜ぶこだわりの美脚パンストオナニーCOLLECTION4時間12人,DFET-009 パンスト完全着用！最後まで脱ぐわけがありません。マニアが泣いて喜ぶこだわりの美脚パンストオナニーCOLLECTION4時間12人,DFET-009,,2017-03-17,241分鐘,,プリモ,エロナンデス,,連褲襪、戀腿癖、4小時以上作品、自慰,多人,https://www.javbus.com/DFET-009,
MXSPS-509 桃尻メガトン！！ハードピストンで揺れまくるプリプリ美尻BEST30,MXSPS-509 桃尻メガトン！！ハードピストンで揺れまくるプリプリ美尻BEST30,MXSPS-509,,2017-03-16,242分鐘,,マキシング,MAXING,,合集、屁股、花癡、4小時以上作品,多人,https://www.javbus.com/MXSPS-509,
CADV-614 複数チ○ポとSEXするのが大好きなオンナたち！！集団FUCK8時間,CADV-614 複数チ○ポとSEXするのが大好きなオンナたち！！集団FUCK8時間,CADV-614,,2017-03-16,478分鐘,,クリスタル映像,CRYSTALEX,,濫交、合集、中出、4小時以上作品、高畫質、顏射、巨乳,多人,https://www.javbus.com/CADV-614,
MXSPS-510 気持ちよすぎて腰浮いちゃいました！絶頂のイクイクブリッジ！！エビ反りFUCK20本番,MXSPS-510 気持ちよすぎて腰浮いちゃいました！絶頂のイクイクブリッジ！！エビ反りFUCK20本番,MXSPS-510,,2017-03-16,242分鐘,,マキシング,MAXING,,潮吹、合集、花癡、4小時以上作品、手指插入、高畫質、內衣,多人,https://www.javbus.com/MXSPS-510,
CADV-613 変態家族 身内でヤリまくる近親セックス8時間,CADV-613 変態家族 身内でヤリまくる近親セックス8時間,CADV-613,,2017-03-16,478分鐘,,クリスタル映像,CRYSTALEX,,苗條、母親、合集、亂倫、無毛、姐妹、中出、4小時以上作品、高畫質、巨乳,多人,https://www.javbus.com/CADV-613,
CESD-337 イチャLOVEレズビアンデート2 今井真由美 波多野結衣,CESD-337 イチャLOVEレズビアンデート2 今井真由美 波多野結衣,CESD-337,,2017-03-12,165分鐘,真咲.jp,セレブの友,セレブの友,イチャLOVEレズビアンデート,成熟的女人、女同性戀、情侶、纪录片、花癡、DMM獨家,多人,https://www.javbus.com/CESD-337,
WANZ-603 限りなく自然に近い「本物肉棒」人工授精法を選択した夫婦たち,WANZ-603 限りなく自然に近い「本物肉棒」人工授精法を選択した夫婦たち,WANZ-603,,2017-03-11,120分鐘,,ワンズファクトリー,WANZ,,企畫、已婚婦女、中出、高畫質、出軌、巨乳、DMM獨家,多人,https://www.javbus.com/WANZ-603,
BMW-150 デカ尻見せつけ！！ピストン騎乗位,BMW-150 デカ尻見せつけ！！ピストン騎乗位,BMW-150,,2017-03-11,240分鐘,,ワンズファクトリー,WANZ,,合集、屁股、數位馬賽克、女上位、巨尻、單體作品、DMM獨家,多人,https://www.javbus.com/BMW-150,
ZUKO-122 きゅんきゅんメイド喫茶 まるごと全員に種配り,ZUKO-122 きゅんきゅんメイド喫茶 まるごと全員に種配り,ZUKO-122,,2017-03-11,170分鐘,らくだ,ズッコン/バッコン,ズッコン/バッコン,,濫交、主觀視角、高畫質、ハーレム、巨乳、DMM獨家、女傭,多人,https://www.javbus.com/ZUKO-122,
MDB-767 全裸人妻ハーレム結婚性活 ～男のロマン…夢の一夫多妻～ 波多野結衣 佳苗るか あおいれな 南梨央奈,MDB-767 全裸人妻ハーレム結婚性活 ～男のロマン…夢の一夫多妻～ 波多野結衣 佳苗るか あおいれな 南梨央奈,MDB-767,,2017-03-10,121分鐘,大崎広浩治,メディアステーション,BAZOOKA（バズーカ）,ハーレム結婚性活,企畫、口交、已婚婦女、乳房、主觀視角、高畫質、ハーレム,多人,https://www.javbus.com/MDB-767,
MKMP-144 KMPが贈るカリスマアイドル大量潮吹きBEST4時間SPLASH,MKMP-144 KMPが贈るカリスマアイドル大量潮吹きBEST4時間SPLASH,MKMP-144,,2017-03-10,241分鐘,BIBI,ケイ・エム・プロデュース,million（ミリオン）,,玩具、口交、潮吹、拘束、4小時以上作品、高畫質、巨乳,多人,https://www.javbus.com/MKMP-144,
REAL-630 口淫 おくちおま●こ 淫汁 30人4時間BEST,REAL-630 口淫 おくちおま●こ 淫汁 30人4時間BEST,REAL-630,,2017-03-10,241分鐘,K太郎,レアルワークス,REAL（レアルワークス）,,口交、合集、花癡、深喉、4小時以上作品、高畫質,多人,https://www.javbus.com/REAL-630,
MKMP-147 Millionが誇るスーパー女優たち！！ 絶頂乱舞の厳選47作品4時間BEST！！,MKMP-147 Millionが誇るスーパー女優たち！！ 絶頂乱舞の厳選47作品4時間BEST！！,MKMP-147,,2017-03-10,242分鐘,K太郎,ケイ・エム・プロデュース,million（ミリオン）,,企畫、紧缚、合集、乳房、4小時以上作品、高畫質,多人,https://www.javbus.com/MKMP-147,
GRCH-207 一徹の世界で一番気持ち良いSEX,GRCH-207 一徹の世界で一番気持ち良いSEX,GRCH-207,,2017-03-02,185分鐘,西中島南方,SODクリエイト,GIRL’SCH,,角色扮演、企畫、高畫質、戲劇、給女性觀眾,多人,https://www.javbus.com/GRCH-207,
WSSR-008 【襲来】皮被り大好き女。包茎チ○ポが大好きな痴女が丁寧にフェラ＆手コキ＆セックスで淫語責め大量射精。4時間12人,WSSR-008 【襲来】皮被り大好き女。包茎チ○ポが大好きな痴女が丁寧にフェラ＆手コキ＆セックスで淫語責め大量射精。4時間12人,WSSR-008,,2017-02-25,241分鐘,B巻太,ビッグモーカル,ワリスキ,,蕩婦、其他戀物癖、淫語、4小時以上作品、主觀視角、高畫質、打手槍,多人,https://www.javbus.com/WSSR-008,
CESD-336 女×女のレズビアンSEX,CESD-336 女×女のレズビアンSEX,CESD-336,,2017-02-24,1253分鐘,,セレブの友,セレブの友,,成熟的女人、女同性戀、潮吹、合集、多P、DMM獨家,多人,https://www.javbus.com/CESD-336,
CRMN-127 パンスト美脚の足コキで死ぬほどイカされたい！4時間12人,CRMN-127 パンスト美脚の足コキで死ぬほどイカされたい！4時間12人,CRMN-127,,2017-02-24,240分鐘,,痴ロモン/妄想族,痴ロモン/妄想族,,其他戀物癖、連褲襪、足交、DMM獨家,多人,https://www.javbus.com/CRMN-127,
ARM-582 アロマのJOIはパンチラでタップリ挑発してからとどめにま○こやアナルを見せてくるので何度でも射精できちゃうね！～よりぬきAJOI～,ARM-582 アロマのJOIはパンチラでタップリ挑発してからとどめにま○こやアナルを見せてくるので何度でも射精できちゃうね！～よりぬきAJOI～,ARM-582,,2017-02-20,240分鐘,,アロマ企画,AROMA,,蕩婦、合集、淫語、主觀視角、內衣、DMM獨家,多人,https://www.javbus.com/ARM-582,
DYND-012 ヌキまくり！手コキ裏エステ12時間40分スペシャル 30名の痴女エステティシャンがゴッドハンドで集中チ○ポマッサージ！,DYND-012 ヌキまくり！手コキ裏エステ12時間40分スペシャル 30名の痴女エステティシャンがゴッドハンドで集中チ○ポマッサージ！,DYND-012,,2017-02-19,760分鐘,,スタイルアート/妄想族,スタイルアートDYNAMITE/妄想族,,蕩婦、合集、4小時以上作品、美容院、DMM獨家、打手槍,多人,https://www.javbus.com/DYND-012,
MXSPS-505 高画質×目線がっちりキープの主観プレイ4時間,MXSPS-505 高画質×目線がっちりキープの主観プレイ4時間,MXSPS-505,,2017-02-16,240分鐘,,マキシング,MAXING,,合集、4小時以上作品、主觀視角、高畫質,多人,https://www.javbus.com/MXSPS-505,
MXSPS-502 大量ぶっかけ濃厚顔射祭 第2回,MXSPS-502 大量ぶっかけ濃厚顔射祭 第2回,MXSPS-502,,2017-02-16,243分鐘,,マキシング,MAXING,大量ぶっかけ濃厚顔射祭,合集、4小時以上作品、高畫質、顏射,多人,https://www.javbus.com/MXSPS-502,
MDB-757 風俗最前線！！今、巷で話題のAV女優に会えて遊べて、生中出しSEXまで教えてもらえるAV男優養成コースに潜入！！ 麻里梨夏 AIKA 尾上若葉 波多野結衣,MDB-757 風俗最前線！！今、巷で話題のAV女優に会えて遊べて、生中出しSEXまで教えてもらえるAV男優養成コースに潜入！！ 麻里梨夏 AIKA 尾上若葉 波多野結衣,MDB-757,,2017-02-10,127分鐘,大崎広浩治,メディアステーション,BAZOOKA（バズーカ）,,企畫、妓女、乳房、中出、女上位、高畫質,多人,https://www.javbus.com/MDB-757,
TORX-004 夜這い村 三部作 濃密編集版 加山なつこ/春原未来/波多野結衣 180分,TORX-004 夜這い村 三部作 濃密編集版 加山なつこ/春原未来/波多野結衣 180分,TORX-004,,2017-02-10,180分鐘,貞邪我,オルガ,ORGA,夜這い村（オルガ）,野外・露出、合集、輪姦、凌辱、高畫質、戲劇,多人,https://www.javbus.com/TORX-004,
VRTM-236 「パパとママには絶対ナイショだよ！」両親の目を盗んでSEX知らずの未発達チ○ポに強制膣内射精させるショタコン女達！5時間BEST,VRTM-236 「パパとママには絶対ナイショだよ！」両親の目を盗んでSEX知らずの未発達チ○ポに強制膣内射精させるショタコン女達！5時間BEST,VRTM-236,,2017-02-10,299分鐘,,V＆RPRODUCE,V＆RPRODUCE,,蕩婦、企畫、合集、已婚婦女、中出、4小時以上作品、高畫質、正太控、處男、巨乳,多人,https://www.javbus.com/VRTM-236,
DAZD-084 ダスッ！鬼畜祭総決算2016,DAZD-084 ダスッ！鬼畜祭総決算2016,DAZD-084,,2017-02-04,480分鐘,,ダスッ！,ダスッ！,,SM、合集、中出、肛内中出、DMM獨家,多人,https://www.javbus.com/DAZD-084,
CJOD-068 姉逆3Pトランス 花咲いあん 波多野結衣,CJOD-068 姉逆3Pトランス 花咲いあん 波多野結衣,CJOD-068,,2017-02-04,120分鐘,K*WEST,痴女ヘブン（美）,痴女ヘブン,,蕩婦、姐姐、多P、女同接吻、高畫質、DMM獨家,多人,https://www.javbus.com/CJOD-068,
HWAZ-019 究極パンスト手コキ 33名4時間スペシャル 光沢ナイロンでチ○ポをシコシコする凄テク痴女！ パンストに包まれた美脚で挑発しながらザーメンを絞り取るんです！,HWAZ-019 究極パンスト手コキ 33名4時間スペシャル 光沢ナイロンでチ○ポをシコシコする凄テク痴女！ パンストに包まれた美脚で挑発しながらザーメンを絞り取るんです！,HWAZ-019,,2017-01-31,240分鐘,N,ジャネス,Fetishパンスト,,蕩婦、其他戀物癖、連褲襪、戀腿癖、4小時以上作品、打手槍,多人,https://www.javbus.com/HWAZ-019,
DJSI-081 【極】ワイセツ淫語手コキ夫人 4時間,DJSI-081 【極】ワイセツ淫語手コキ夫人 4時間,DJSI-081,,2017-01-31,240分鐘,,ジャネス,艶女,,蕩婦、淫語、已婚婦女、4小時以上作品、キス・接吻、眼鏡、打手槍,多人,https://www.javbus.com/DJSI-081,
OOMN-191 熟爆乳堪能授乳手コキ,OOMN-191 熟爆乳堪能授乳手コキ,OOMN-191,,2017-01-28,240分鐘,,ABC/妄想族,お母さん.com/ABC,,成熟的女人、合集、戀乳癖、巨乳、DMM獨家、打手槍,多人,https://www.javbus.com/OOMN-191,
MDB-749 アナタだけを見ながら淫語を言い続けるSEX4時間BEST,MDB-749 アナタだけを見ながら淫語を言い続けるSEX4時間BEST,MDB-749,,2017-01-27,241分鐘,K太郎,メディアステーション,BAZOOKA（バズーカ）,,蕩婦、濫交、合集、淫語、4小時以上作品、主觀視角、高畫質、水手服,多人,https://www.javbus.com/MDB-749,
REAL-621 REALガチ売上BEST55！！ 2010-2016,REAL-621 REALガチ売上BEST55！！ 2010-2016,REAL-621,,2017-01-27,242分鐘,ジーニアス膝,レアルワークス,REAL（レアルワークス）,,蕩婦、紧缚、合集、4小時以上作品、高畫質、高中女生、打手槍,多人,https://www.javbus.com/REAL-621,
T28-482 女子社員SPECIAL BOX 16時間,T28-482 女子社員SPECIAL BOX 16時間,T28-482,,2017-01-27,965分鐘,,TMA,TMA,,OL、合集、各種職業、連褲襪、制服、高畫質、16時間以上作品,多人,https://www.javbus.com/T28-482,
KUSR-026 縛られた美人秘書12人4時間BEST,KUSR-026 縛られた美人秘書12人4時間BEST,KUSR-026,,2017-01-25,239分鐘,菊の助,ビッグモーカル,九龍（ビッグモーカル）,縛られた美人秘書,OL、紧缚、合集、秘書、凌辱、4小時以上作品、高畫質、巨乳,多人,https://www.javbus.com/KUSR-026,
CEAD-205 ドスケベ痴女100人の強制チ○ポ狩り,CEAD-205 ドスケベ痴女100人の強制チ○ポ狩り,CEAD-205,,2017-01-22,480分鐘,,セレブの友,セレブの友,,蕩婦、成熟的女人、合集、淫語、已婚婦女、DMM獨家,多人,https://www.javbus.com/CEAD-205,
DFRD-026 チンしゃぶ大好き寸止め痴女 上から目線のお姉さまに唾液まみれでジュポジュポされ僕のチ○ポは暴発寸前！,DFRD-026 チンしゃぶ大好き寸止め痴女 上から目線のお姉さまに唾液まみれでジュポジュポされ僕のチ○ポは暴発寸前！,DFRD-026,,2017-01-17,122分鐘,,ジャネス,FUTURERED,,蕩婦、口交、妓女、空中小姐、制服、美容院、高畫質,多人,https://www.javbus.com/DFRD-026,
DYNF-004 あぁ、上から目線のキレイなお姉さんにガマン汁が溢れるほど寸止めされ超高速手コキでドピュドピュ発射したーい！2 16名4時間,DYNF-004 あぁ、上から目線のキレイなお姉さんにガマン汁が溢れるほど寸止めされ超高速手コキでドピュドピュ発射したーい！2 16名4時間,DYNF-004,,2017-01-16,230分鐘,KG,スタイルアート/妄想族,スタイルアートDYNAMITE/妄想族,あぁ、上から目線のキレイなお姉さんに…,蕩婦、淫語、姐姐、4小時以上作品、DMM獨家、打手槍,多人,https://www.javbus.com/DYNF-004,
CADV-607 ハメ狂う女子大生！！貧乳×巨乳×くびれ×変態 8時間SP,CADV-607 ハメ狂う女子大生！！貧乳×巨乳×くびれ×変態 8時間SP,CADV-607,,2017-01-16,478分鐘,,クリスタル映像,CRYSTALEX,,家教、女大學生、合集、無毛、中出、4小時以上作品、母乳、高畫質、温泉、巨乳、學校泳裝、女生、貧乳・微乳、吞精,多人,https://www.javbus.com/CADV-607,
MXSPS-499 和服姦本舗 艶やか和装美女とまぐわりまくる4時間,MXSPS-499 和服姦本舗 艶やか和装美女とまぐわりまくる4時間,MXSPS-499,,2017-01-16,242分鐘,,マキシング,MAXING,,和服・喪服、合集、4小時以上作品,多人,https://www.javbus.com/MXSPS-499,
MXSPS-498 搾精女王のノンストップ手コキ遊戯！4時間で何リットルのザーメンを掻き集められるのか！？,MXSPS-498 搾精女王のノンストップ手コキ遊戯！4時間で何リットルのザーメンを掻き集められるのか！？,MXSPS-498,,2017-01-16,240分鐘,,マキシング,MAXING,,合集、4小時以上作品、高畫質、打手槍,多人,https://www.javbus.com/MXSPS-498,
CADV-608 人妻絶頂百景 8時間！！,CADV-608 人妻絶頂百景 8時間！！,CADV-608,,2017-01-16,493分鐘,,クリスタル映像,CRYSTALEX,,蕩婦、合集、已婚婦女、輪姦、中出、4小時以上作品、高畫質、顏射、温泉、巨乳,多人,https://www.javbus.com/CADV-608,
MXSPS-497 ご奉仕メイド20人の淫らな性感おもてなし4時間,MXSPS-497 ご奉仕メイド20人の淫らな性感おもてなし4時間,MXSPS-497,,2017-01-16,240分鐘,,マキシング,MAXING,,乳交、合集、4小時以上作品、高畫質、巨乳、女傭,多人,https://www.javbus.com/MXSPS-497,
MXSPS-496 嗚咽しても止めない！喉奥を責めまくる轟沈イラマチオ4時間,MXSPS-496 嗚咽しても止めない！喉奥を責めまくる轟沈イラマチオ4時間,MXSPS-496,,2017-01-16,241分鐘,,マキシング,MAXING,,合集、性奴、深喉、4小時以上作品、高畫質,多人,https://www.javbus.com/MXSPS-496,
MIAE-015 女の子になって、レズ責めされちゃった僕。 大槻ひびき 波多野結衣,MIAE-015 女の子になって、レズ責めされちゃった僕。 大槻ひびき 波多野結衣,MIAE-015,,2017-01-15,120分鐘,タイガー小堺,ムーディーズ,MOODYZACID,,女同性戀、淫語、姐姐、數位馬賽克、主觀視角、高畫質、ハーレム、DMM獨家,多人,https://www.javbus.com/MIAE-015,
BBSS-004 ビビアンで目醒めた初めてのレズSEX 4時間,BBSS-004 ビビアンで目醒めた初めてのレズSEX 4時間,BBSS-004,,2017-01-15,240分鐘,,ビビアン,ビビアン,,女同性戀、女同接吻、キス・接吻、DMM獨家,多人,https://www.javbus.com/BBSS-004,
ONGP-093 セックスなんていらない！ 全裸強要生活 じっくり見れる裸,ONGP-093 セックスなんていらない！ 全裸強要生活 じっくり見れる裸,ONGP-093,,2017-01-13,118分鐘,あばしり一家,バミューダ,Onafes（オナフェス）2017,,蕩婦、成熟的女人、其他戀物癖、高畫質、巨乳,多人,https://www.javbus.com/ONGP-093,
VRTM-224 子供が欲しいデカ乳人妻たちが住むマンションに引っ越してきたのは童貞の大学生！愛液垂らしっぱなしの欲求不満妻たちが優しく筆下ろし生挿入！母性溢れるオッパイ激揺れさせながら何度も中出し懇願！,VRTM-224 子供が欲しいデカ乳人妻たちが住むマンションに引っ越してきたのは童貞の大学生！愛液垂らしっぱなしの欲求不満妻たちが優しく筆下ろし生挿入！母性溢れるオッパイ激揺れさせながら何度も中出し懇願！,VRTM-224,,2017-01-13,241分鐘,フジタ・サンドロヴィッチ,V＆RPRODUCE,V＆RPRODUCE,,企畫、乳交、已婚婦女、戀乳癖、中出、女上位、4小時以上作品、高畫質、處男、故事集、巨乳,多人,https://www.javbus.com/VRTM-224,
CEAD-201 大槻ひびき絶対エロティシズム3SEX,CEAD-201 大槻ひびき絶対エロティシズム3SEX,CEAD-201,,2017-01-13,130分鐘,,セレブの友,セレブの友,,成熟的女人、潮吹、淫語、已婚婦女、多P、DMM獨家,多人,https://www.javbus.com/CEAD-201,
MDB-745 勃起が止まらない全裸居酒屋の過激サービス 波多野結衣 AIKA 大槻ひびき 推川ゆうり,MDB-745 勃起が止まらない全裸居酒屋の過激サービス 波多野結衣 AIKA 大槻ひびき 推川ゆうり,MDB-745,,2017-01-13,128分鐘,大崎広浩治,メディアステーション,BAZOOKA（バズーカ）,,蕩婦、企畫、各種職業、乳房、主觀視角、高畫質、ハーレム、巨乳,多人,https://www.javbus.com/MDB-745,
GRCH-194 一徹が貴女のワガママな性欲、解放します～オーダーSEX～,GRCH-194 一徹が貴女のワガママな性欲、解放します～オーダーSEX～,GRCH-194,,2017-01-06,235分鐘,西中島南方,SODクリエイト,GIRL’SCH,,企畫、潮吹、性奴、拘束、女優按摩棒、高畫質、給女性觀眾、キス・接吻,多人,https://www.javbus.com/GRCH-194,
SDMU-451 広瀬うみに、波多野結衣と羽月希が教えるレズの作法,SDMU-451 広瀬うみに、波多野結衣と羽月希が教えるレズの作法,SDMU-451,,2017-01-06,139分鐘,森川圭,SODクリエイト,SODクリエイト,,企畫、女同性戀、苗條、女同接吻、高畫質,多人,https://www.javbus.com/SDMU-451,
SDMU-468 SODファン大感謝祭！裏ぜつりんバスツアー 脱落者救済 熱血SEX塾 発射できないダメち○ぽは私たちがお仕置きよ◆本編登場超豪華出演女優16名のWフェラ×8コーナーも収録！,SDMU-468 SODファン大感謝祭！裏ぜつりんバスツアー 脱落者救済 熱血SEX塾 発射できないダメち○ぽは私たちがお仕置きよ◆本編登場超豪華出演女優16名のWフェラ×8コーナーも収録！,SDMU-468,,2017-01-06,241分鐘,らくだ,SODクリエイト,SODクリエイト,SODファン大感謝祭！,企畫、濫交、口交、其他戀物癖、4小時以上作品、高畫質,多人,https://www.javbus.com/SDMU-468,
DYND-010 色気ムンムンCA痴女3時間40分 蒸れた黒パンスト越しのパンチラにピン勃ちしてる僕のチ○コをパンストはいたまんま咥え込むんです！！,DYND-010 色気ムンムンCA痴女3時間40分 蒸れた黒パンスト越しのパンチラにピン勃ちしてる僕のチ○コをパンストはいたまんま咥え込むんです！！,DYND-010,,2016-12-30,220分鐘,ACIDKILLER,スタイルアート/妄想族,スタイルアートDYNAMITE/妄想族,,蕩婦、連褲襪、空中小姐、內衣、DMM獨家,多人,https://www.javbus.com/DYND-010,
BDSR-278 【焦らされ注意】まるで洪水の様な射精感！精液搾取を生業とする優しい痴女二人が淫語連発セックス発射無限ループ4時間,BDSR-278 【焦らされ注意】まるで洪水の様な射精感！精液搾取を生業とする優しい痴女二人が淫語連発セックス発射無限ループ4時間,BDSR-278,,2016-12-25,241分鐘,B巻太,ビッグモーカル,BIGMORKAL,,蕩婦、淫語、屁股、多P、4小時以上作品、主觀視角、高畫質、女生,多人,https://www.javbus.com/BDSR-278,
HWAZ-018 パンスト足コキ 22人 4時間スペシャル ナイロン素材のつま先でチ○ポをスリスリされる感触がサイコー！！,HWAZ-018 パンスト足コキ 22人 4時間スペシャル ナイロン素材のつま先でチ○ポをスリスリされる感触がサイコー！！,HWAZ-018,,2016-12-25,243分鐘,,ジャネス,Fetishパンスト,,蕩婦、連褲襪、姐姐、戀腿癖、4小時以上作品、足交,多人,https://www.javbus.com/HWAZ-018,
CESD-308 レズビアン解禁2 波多野結衣 小谷みのり,CESD-308 レズビアン解禁2 波多野結衣 小谷みのり,CESD-308,,2016-12-25,151分鐘,真咲.jp,セレブの友,セレブの友,レズビアン解禁,成熟的女人、女同性戀、無毛、已婚婦女、單體作品、DMM獨家、貧乳・微乳,多人,https://www.javbus.com/CESD-308,
CXAZ-052 レズビアンの姑に言い寄られ戸惑いを隠しきれない嫁 DX20シーン4時間,CXAZ-052 レズビアンの姑に言い寄られ戸惑いを隠しきれない嫁 DX20シーン4時間,CXAZ-052,,2016-12-25,243分鐘,TANAKA,ジャネス,ladies,レズビアンの姑に言い寄られ戸惑いを隠しきれない嫁,成熟的女人、女同性戀、合集、亂倫、新娘、年輕妻子、舔陰、4小時以上作品、女同接吻、高畫質,多人,https://www.javbus.com/CXAZ-052,
KUSR-025 媚薬中出し近親相姦 姉、妹、母親、娘をレイプ 4時間,KUSR-025 媚薬中出し近親相姦 姉、妹、母親、娘をレイプ 4時間,KUSR-025,,2016-12-25,239分鐘,菊の助,ビッグモーカル,九龍（ビッグモーカル）,,母親、藥物、亂倫、姐妹、中出、4小時以上作品、高畫質,多人,https://www.javbus.com/KUSR-025,
DFRD-025 女の職場は刺激的！ お姉様たちの誘惑にドキドキ。ギン勃ちした僕のチ●ポを見て濃厚ベロチュウと手コキでイカされちゃった！ 2,DFRD-025 女の職場は刺激的！ お姉様たちの誘惑にドキドキ。ギン勃ちした僕のチ●ポを見て濃厚ベロチュウと手コキでイカされちゃった！ 2,DFRD-025,,2016-12-25,123分鐘,AKIRA,ジャネス,FUTURERED,女の職場は刺激的！,蕩婦、OL、淫語、制服、美容院、高畫質、M男、キス・接吻、打手槍,多人,https://www.javbus.com/DFRD-025,
RBB-113 高画質 アッツアツの精子を子宮に孕ませ中出し120発16時間,RBB-113 高画質 アッツアツの精子を子宮に孕ませ中出し120発16時間,RBB-113,,2016-12-24,960分鐘,,ROOKIE,ROOKIE,,合集、中出、16時間以上作品、DMM獨家,多人,https://www.javbus.com/RBB-113,
MDB-743 BAZOOKA 2016年下半期BEST 4時間完全保存版,MDB-743 BAZOOKA 2016年下半期BEST 4時間完全保存版,MDB-743,,2016-12-23,241分鐘,K太郎,メディアステーション,BAZOOKA（バズーカ）,,蕩婦、濫交、合集、無毛、已婚婦女、中出、4小時以上作品、高畫質、巨乳,多人,https://www.javbus.com/MDB-743,
MDB-742 巨乳！揺れパイ美女50人8時間 2 ～弾けるおっぱい～,MDB-742 巨乳！揺れパイ美女50人8時間 2 ～弾けるおっぱい～,MDB-742,,2016-12-23,481分鐘,セカンド斎藤,メディアステーション,BAZOOKA（バズーカ）,巨乳！揺れパイ美女○人○時間,合集、姐姐、乳房、女上位、4小時以上作品、高畫質、巨乳,多人,https://www.javbus.com/MDB-742,
NATR-558 私、お母様に毎日レズられてます 「親子なんだから恥ずかしがらなくていいのよ」と舌を入れてくる姑に戸惑いつつもオマ○コを濡らす嫁 3,NATR-558 私、お母様に毎日レズられてます 「親子なんだから恥ずかしがらなくていいのよ」と舌を入れてくる姑に戸惑いつつもオマ○コを濡らす嫁 3,NATR-558,,2016-12-23,117分鐘,GA-SU,なでしこ,Nadeshiko,私、お母様に毎日レズられてます,成熟的女人、女同性戀、亂倫、淫語、已婚婦女、舔陰、女同接吻、高畫質,多人,https://www.javbus.com/NATR-558,
SDMU-454 SODファン大感謝祭！賢者タイムなし！何発も発射できる猛者が神！射精無制限ぜつりんバスツアー 超人気女優16人 VS 一般募集素人ファンによる夢の大乱交！総勢19名一泊二日79発射！,SDMU-454 SODファン大感謝祭！賢者タイムなし！何発も発射できる猛者が神！射精無制限ぜつりんバスツアー 超人気女優16人 VS 一般募集素人ファンによる夢の大乱交！総勢19名一泊二日79発射！,SDMU-454,,2016-12-22,301分鐘,タイガー小堺,SODクリエイト,SODクリエイト,,企畫、濫交、4小時以上作品、高畫質、伴侶、温泉、ファン感謝・訪問,多人,https://www.javbus.com/SDMU-454,
SVOMN-093 極上女に中出しあたり前！四十八娘4時間連続中出し地獄 作品集,SVOMN-093 極上女に中出しあたり前！四十八娘4時間連続中出し地獄 作品集,SVOMN-093,,2016-12-22,241分鐘,,サディスティックヴィレッジ,サディスティックヴィレッジ,,女教師、合集、花癡、拘束、中出、4小時以上作品、高畫質,多人,https://www.javbus.com/SVOMN-093,
DFET-004 膣内射精ゾッコン派！淫語で誘う美人妻の中出しおねだりSEX4時間12人,DFET-004 膣内射精ゾッコン派！淫語で誘う美人妻の中出しおねだりSEX4時間12人,DFET-004,,2016-12-21,241分鐘,,プリモ,エロナンデス,,蕩婦、淫語、已婚婦女、中出、女上位、4小時以上作品、內衣,多人,https://www.javbus.com/DFET-004,
LZBS-024 レズれ！2016年間プレミアムベスト 女と女のイカセ合い10時間SP,LZBS-024 レズれ！2016年間プレミアムベスト 女と女のイカセ合い10時間SP,LZBS-024,,2016-12-18,600分鐘,,レズれ！,レズれ！ベスト,レズれ！年間プレミアムベスト,女同性戀、合集、花癡、4小時以上作品、女同接吻、高畫質、DMM獨家,多人,https://www.javbus.com/LZBS-024,
DYND-009 顔騎オナニー＆手コキ4時間BEST オマ○コをコスリつけ本気イキ！凄テクな手コキでザーメン激噴射！,DYND-009 顔騎オナニー＆手コキ4時間BEST オマ○コをコスリつけ本気イキ！凄テクな手コキでザーメン激噴射！,DYND-009,,2016-12-18,240分鐘,ACIDKILLER,スタイルアート/妄想族,スタイルアートDYNAMITE/妄想族,,蕩婦、合集、舔陰、高畫質、顏面騎乘、DMM獨家、自慰、打手槍,多人,https://www.javbus.com/DYND-009,
EMAZ-342 膣内射精（ナカダシ）ッ！！8時間50人,EMAZ-342 膣内射精（ナカダシ）ッ！！8時間50人,EMAZ-342,,2016-12-18,480分鐘,,婦人社/エマニエル,婦人社,,成熟的女人、合集、亂倫、已婚婦女、中出、DMM獨家,多人,https://www.javbus.com/EMAZ-342,
TOMN-075 射精直前の獣のような激しい腰振り 60発射 2,TOMN-075 射精直前の獣のような激しい腰振り 60発射 2,TOMN-075,,2016-12-17,240分鐘,,TEPPAN,TEPPANSPECIAL,射精直前の獣のような激しい腰振り,苗條、合集、美少女、數位馬賽克、汗だく、DMM獨家,多人,https://www.javbus.com/TOMN-075,
MXSPS-487 マキシング半期ベスト10時間 ～2016年上半期編～,MXSPS-487 マキシング半期ベスト10時間 ～2016年上半期編～,MXSPS-487,,2016-12-16,603分鐘,,マキシング,MAXING,半期ベスト完全保存版,紧缚、合集、姐姐、4小時以上作品、高畫質、女生、蘿莉塔,多人,https://www.javbus.com/MXSPS-487,
MXSPS-492 会員限定緊縛（秘）倶楽部 6,MXSPS-492 会員限定緊縛（秘）倶楽部 6,MXSPS-492,,2016-12-16,242分鐘,,マキシング,MAXING,会員限定緊縛（秘）倶楽部,紧缚、合集、性奴、凌辱、中出、4小時以上作品、高畫質,多人,https://www.javbus.com/MXSPS-492,
MXSPS-493 酔いどれSEX10本番！飲んで揉まれてオールナイト 美女優たちの性欲解放 4時間,MXSPS-493 酔いどれSEX10本番！飲んで揉まれてオールナイト 美女優たちの性欲解放 4時間,MXSPS-493,,2016-12-16,242分鐘,,マキシング,MAXING,,蕩婦、合集、花癡、中出、爛醉如泥的、4小時以上作品、高畫質,多人,https://www.javbus.com/MXSPS-493,
RVG-036 「ナマで入っちゃった！」オイル素股でチ○ポをマ○コに擦り付けてたら思わずフル勃起からの生挿入！本番禁止のはずがナマ中出しまで許しちゃったドスケベデリ嬢 BEST VOL.1,RVG-036 「ナマで入っちゃった！」オイル素股でチ○ポをマ○コに擦り付けてたら思わずフル勃起からの生挿入！本番禁止のはずがナマ中出しまで許しちゃったドスケベデリ嬢 BEST VOL.1,RVG-036,,2016-12-14,481分鐘,,グローリークエスト,GLORYQUEST,「ナマで入っちゃった！」,合集、妓女、中出、女上位、4小時以上作品、高畫質、巨乳,多人,https://www.javbus.com/RVG-036,
CEAD-198 アナル舐め高級痴女サロン8時間ベスト,CEAD-198 アナル舐め高級痴女サロン8時間ベスト,CEAD-198,,2016-12-11,480分鐘,,セレブの友,セレブの友,高級痴女サロン,成熟的女人、合集、已婚婦女、巨乳、DMM獨家、肛交,多人,https://www.javbus.com/CEAD-198,
DJSB-100 癒しの手コキサロン8時間20分スペシャル 溜まった疲れとザーメンを極上の手淫で癒します。,DJSB-100 癒しの手コキサロン8時間20分スペシャル 溜まった疲れとザーメンを極上の手淫で癒します。,DJSB-100,,2016-12-11,497分鐘,,ジャネス,MANIA痴女,極上のM性感フェザータッチ回春エステ手コキサロン,蕩婦、淫語、4小時以上作品、美容院、按摩、高畫質、打手槍,多人,https://www.javbus.com/DJSB-100,
BBAN-114 深夜27時から始まる、女を好きになる媚薬で体液ドロドロ オールナイトレズビアン,BBAN-114 深夜27時から始まる、女を好きになる媚薬で体液ドロドロ オールナイトレズビアン,BBAN-114,,2016-12-10,200分鐘,,ビビアン,ビビアン,,女同性戀、潮吹、多P、女同接吻、高畫質、泳裝、DMM獨家,多人,https://www.javbus.com/BBAN-114,
RHE-381 超厳選！！顔だけでもヌケる美女の巨乳が揺れるSEX4時間,RHE-381 超厳選！！顔だけでもヌケる美女の巨乳が揺れるSEX4時間,RHE-381,,2016-12-10,240分鐘,,ホットエンターテイメント,ホットエンターテイメント,,姐姐、美少女、乳房、中出、4小時以上作品、高畫質、巨乳、女生,多人,https://www.javbus.com/RHE-381,
BMW-147 激突き強制アクメ 痙攣絶頂中出しSEX,BMW-147 激突き強制アクメ 痙攣絶頂中出しSEX,BMW-147,,2016-12-10,240分鐘,,ワンズファクトリー,WANZ,,苗條、潮吹、花癡、中出、女上位、DMM獨家,多人,https://www.javbus.com/BMW-147,
MKMP-130 麻縄食い込む緊縛美女100名 8時間BEST,MKMP-130 麻縄食い込む緊縛美女100名 8時間BEST,MKMP-130,,2016-12-09,481分鐘,K太郎,ケイ・エム・プロデュース,million（ミリオン）,,紧缚、合集、性奴、深喉、中出、4小時以上作品、女優按摩棒、高畫質、巨乳、肛交,多人,https://www.javbus.com/MKMP-130,
MDB-737 超高速グラインド騎乗位専門風俗店 蓮実クレア 花咲いあん 波多野結衣 浜崎真緒,MDB-737 超高速グラインド騎乗位専門風俗店 蓮実クレア 花咲いあん 波多野結衣 浜崎真緒,MDB-737,,2016-12-09,164分鐘,こあら太郎（わ）,メディアステーション,BAZOOKA（バズーカ）,,蕩婦、企畫、妓女、乳房、女上位、高畫質,多人,https://www.javbus.com/MDB-737,
REAL-617 REAL GOLDEN BEST,REAL-617 REAL GOLDEN BEST,REAL-617,,2016-12-09,242分鐘,ジーニアス膝,レアルワークス,REAL（レアルワークス）,,蕩婦、潮吹、合集、花癡、拘束、中出、4小時以上作品、高畫質,多人,https://www.javbus.com/REAL-617,
ARM-557 指一本触れずに僕を発射へ追い込むお姉さんのエロい囁きとチラリズム その4,ARM-557 指一本触れずに僕を発射へ追い込むお姉さんのエロい囁きとチラリズム その4,ARM-557,,2016-12-08,120分鐘,,アロマ企画,AROMA,指一本触れずに僕を発射へ追い込むお姉さんのエロい囁きとチラリズム,淫語、戀腿癖、妄想、高畫質、M男、DMM獨家,多人,https://www.javbus.com/ARM-557,
DYND-008 見つめながらフェラしてあげる4時間口マ○コ キ○タマ空っぽになるまでチ○ポをしゃぶりまくるJKフェラチスト！,DYND-008 見つめながらフェラしてあげる4時間口マ○コ キ○タマ空っぽになるまでチ○ポをしゃぶりまくるJKフェラチスト！,DYND-008,,2016-11-28,240分鐘,ACIDKILLER,スタイルアート/妄想族,スタイルアートDYNAMITE/妄想族,,蕩婦、口交、4小時以上作品、校服、高中女生、DMM獨家,多人,https://www.javbus.com/DYND-008,
HWAZ-017 蒸れたパンスト足先 36名6時間コンプリート 薄いナイロンの光沢につつまれたつま先を舐めつくす！,HWAZ-017 蒸れたパンスト足先 36名6時間コンプリート 薄いナイロンの光沢につつまれたつま先を舐めつくす！,HWAZ-017,,2016-11-27,348分鐘,N,ジャネス,Fetishパンスト,,OL、連褲襪、戀腿癖、制服、4小時以上作品、自慰,多人,https://www.javbus.com/HWAZ-017,
JUSD-733 こんなエロい奥さんが横にいたら気になってしょうがない！！近所の極上美人妻をNTRセックス8時間,JUSD-733 こんなエロい奥さんが横にいたら気になってしょうがない！！近所の極上美人妻をNTRセックス8時間,JUSD-733,,2016-11-27,480分鐘,,マドンナ,Madonna,,成熟的女人、合集、已婚婦女、數位馬賽克、羞恥、出軌、DMM獨家,多人,https://www.javbus.com/JUSD-733,
TOMN-072 見つめながら俺のデカチンシャブってください。,TOMN-072 見つめながら俺のデカチンシャブってください。,TOMN-072,,2016-11-27,240分鐘,,TEPPAN,TEPPANSPECIAL,,口交、合集、美少女、數位馬賽克、汗だく、DMM獨家,多人,https://www.javbus.com/TOMN-072,
OOMN-186 若妻生中出しドスケベ性交,OOMN-186 若妻生中出しドスケベ性交,OOMN-186,,2016-11-27,240分鐘,,ABC/妄想族,お母さん.com/ABC,,合集、已婚婦女、數位馬賽克、中出、女上位、DMM獨家,多人,https://www.javbus.com/OOMN-186,
UMAD-097 楽しんでヌケる！！エロバラエティ企画レーベルうまなみ全部盛り4時間BEST 素人ナンパから痴漢・痴女・巨乳温泉などの王道シチュエーションまで有名人気女優がそろい踏み！！圧倒的ボリュームで満足度NO.1,UMAD-097 楽しんでヌケる！！エロバラエティ企画レーベルうまなみ全部盛り4時間BEST 素人ナンパから痴漢・痴女・巨乳温泉などの王道シチュエーションまで有名人気女優がそろい踏み！！圧倒的ボリュームで満足度NO.1,UMAD-097,,2016-11-25,241分鐘,,ケイ・エム・プロデュース,UMANAMI,,企畫、潮吹、合集、4小時以上作品、高畫質、巨乳,多人,https://www.javbus.com/UMAD-097,
KAGH-075 不倫率77％！アナタの奥さんは大丈夫ですか？,KAGH-075 不倫率77％！アナタの奥さんは大丈夫ですか？,KAGH-075,,2016-11-25,239分鐘,妻撮りの翁,AFRO-FILM,かぐや姫（AFRO-FILM）,,企畫、已婚婦女、通姦、中出、4小時以上作品、高畫質、出軌,多人,https://www.javbus.com/KAGH-075,
MOJ-308 仕事中にフェラ痴漢するオシャブリーナたち お姉さんの凄テクでザーメン絞り取られちゃいました！,MOJ-308 仕事中にフェラ痴漢するオシャブリーナたち お姉さんの凄テクでザーメン絞り取られちゃいました！,MOJ-308,,2016-11-23,122分鐘,,マニアゼロ,M性感倶楽部（マニアゼロ）,,口交、姐姐、性騷擾、制服、高畫質、M男,多人,https://www.javbus.com/MOJ-308,
CESD-289 ひびはた対決 大槻ひびき 波多野結衣,CESD-289 ひびはた対決 大槻ひびき 波多野結衣,CESD-289,,2016-11-21,194分鐘,白水力,セレブの友,セレブの友,,成熟的女人、潮吹、已婚婦女、纪录片、多P、DMM獨家,多人,https://www.javbus.com/CESD-289,
GDTM-159 ありがとう感謝祭！ゴールデンタイム2周年記念！感謝感謝のベスト20作品！大放出スペシャル！20本全てヌケる尺ご用意致しましたm（_ _）m,GDTM-159 ありがとう感謝祭！ゴールデンタイム2周年記念！感謝感謝のベスト20作品！大放出スペシャル！20本全てヌケる尺ご用意致しましたm（_ _）m,GDTM-159,,2016-11-18,480分鐘,,ゴールデンタイム,ゴールデンタイム（HHHグループ）,,業餘、其他戀物癖、合集、新娘、年輕妻子、DMM獨家、蘿莉塔,多人,https://www.javbus.com/GDTM-159,
DYND-007 汗だく騎乗位ピストン4時間ザーメン絞り オマ○コぱっくりM字開脚で勃起チ○ポを喰え込むド痴女,DYND-007 汗だく騎乗位ピストン4時間ザーメン絞り オマ○コぱっくりM字開脚で勃起チ○ポを喰え込むド痴女,DYND-007,,2016-11-18,240分鐘,ACIDKILLER,スタイルアート/妄想族,スタイルアートDYNAMITE/妄想族,,蕩婦、女上位、美容院、DMM獨家、打手槍,多人,https://www.javbus.com/DYND-007,
BDA-023 驚愕のウエット＆メッシー映像！！汚し大全集12人240分スペシャル,BDA-023 驚愕のウエット＆メッシー映像！！汚し大全集12人240分スペシャル,BDA-023,,2016-11-18,240分鐘,あばしり一家,バミューダ/妄想族,バミューダ/妄想族,,其他戀物癖、性奴、凌辱、4小時以上作品、顏射、DMM獨家,多人,https://www.javbus.com/BDA-023,
ASFB-228 賢者タイムなんて一切なし！どぴゅどぴゅザーメンが止まらない連続射精のエクスタシー PART2 4時間 Special,ASFB-228 賢者タイムなんて一切なし！どぴゅどぴゅザーメンが止まらない連続射精のエクスタシー PART2 4時間 Special,ASFB-228,,2016-11-18,240分鐘,,FetishBox/妄想族,FetishBox/妄想族,賢者タイムなんて一切なし！,蕩婦、濫交、其他戀物癖、DMM獨家,多人,https://www.javbus.com/ASFB-228,
EMAZ-341 本気で愛し合うレズビアン 厳選8時間ベスト,EMAZ-341 本気で愛し合うレズビアン 厳選8時間ベスト,EMAZ-341,,2016-11-18,480分鐘,,婦人社/エマニエル,婦人社,,成熟的女人、女同性戀、合集、已婚婦女、巨乳、DMM獨家,多人,https://www.javbus.com/EMAZ-341,
TOMN-071 SEX中の無防備なアナルが丸見え性交ベスト,TOMN-071 SEX中の無防備なアナルが丸見え性交ベスト,TOMN-071,,2016-11-17,240分鐘,,TEPPAN,TEPPANSPECIAL,,合集、屁股、美少女、數位馬賽克、汗だく、DMM獨家,多人,https://www.javbus.com/TOMN-071,
RVG-034 お色気P●A会長と悪ガキ生徒会BEST vol.2,RVG-034 お色気P●A会長と悪ガキ生徒会BEST vol.2,RVG-034,,2016-11-16,481分鐘,,グローリークエスト,GLORYQUEST,お色気P○A会長と悪ガキ生徒会,合集、輪姦、4小時以上作品、高畫質、正太控、眼鏡,多人,https://www.javbus.com/RVG-034,
MXSPS-486 食い込みっ！ 煩悩に突き刺さるハイレグビッチ20人,MXSPS-486 食い込みっ！ 煩悩に突き刺さるハイレグビッチ20人,MXSPS-486,,2016-11-16,241分鐘,,マキシング,MAXING,,合集、戀腿癖、緊身衣、4小時以上作品,多人,https://www.javbus.com/MXSPS-486,
SVS-054 『パンスト・ノーパン』マニアが選んだ厳選どエロ女BEST10！,SVS-054 『パンスト・ノーパン』マニアが選んだ厳選どエロ女BEST10！,SVS-054,,2016-11-13,240分鐘,,AVScollector’s,AVS,,成熟的女人、合集、連褲襪、4小時以上作品、DMM獨家,多人,https://www.javbus.com/SVS-054,
MDB-729 全裸シェアハウスハーレムスペシャル 波多野結衣 尾上若葉 蓮実クレア 麻里梨夏,MDB-729 全裸シェアハウスハーレムスペシャル 波多野結衣 尾上若葉 蓮実クレア 麻里梨夏,MDB-729,,2016-11-11,139分鐘,大崎広浩治,メディアステーション,BAZOOKA（バズーカ）,○○ハーレムスペシャル,企畫、姐姐、乳房、妄想、中出、高畫質、ハーレム,多人,https://www.javbus.com/MDB-729,
NHDTA-904 即ハメ痴漢 4,NHDTA-904 即ハメ痴漢 4,NHDTA-904,,2016-11-10,173分鐘,タナカ・ベーコン,ナチュラルハイ,NATURALHIGH,即ハメ痴漢,企畫、性騷擾、高畫質、立即口交、故事集,多人,https://www.javbus.com/NHDTA-904,
VEC-226 人妻教師痴漢電車 総集編,VEC-226 人妻教師痴漢電車 総集編,VEC-226,,2016-11-04,240分鐘,,VENUS,女神（ヴィーナス）,人妻教師痴漢電車,成熟的女人、女教師、合集、已婚婦女、性騷擾、4小時以上作品、DMM獨家,多人,https://www.javbus.com/VEC-226,
JFB-150 犯されているのに感じてしまう肉感美女達の強制絶頂BEST8時間,JFB-150 犯されているのに感じてしまう肉感美女達の強制絶頂BEST8時間,JFB-150,,2016-11-03,480分鐘,,Fitch,Fitch,,合集、數位馬賽克、性奴、羞恥、中出、巨乳、DMM獨家,多人,https://www.javbus.com/JFB-150,
MIRD-168 AV界フリースタイルレズビアンバトル,MIRD-168 AV界フリースタイルレズビアンバトル,MIRD-168,,2016-11-03,240分鐘,真咲南朋,ムーディーズ,MOODYZREAL,,女同性戀、潮吹、美少女、數位馬賽克、女同接吻、格鬥家、高畫質、DMM獨家,多人,https://www.javbus.com/MIRD-168,
OOMN-184 唾液と愛液の絡み合う接吻セックス,OOMN-184 唾液と愛液の絡み合う接吻セックス,OOMN-184,,2016-10-29,240分鐘,,ABC/妄想族,お母さん.com/ABC,,成熟的女人、合集、數位馬賽克、女上位、キス・接吻、DMM獨家,多人,https://www.javbus.com/OOMN-184,
CJOB-021 時間無制限！発射無制限！M男専用超高級中出し淫語ソープ8時間,CJOB-021 時間無制限！発射無制限！M男専用超高級中出し淫語ソープ8時間,CJOB-021,,2016-10-29,480分鐘,,痴女ヘブン（美）,痴女ヘブンBEST,M男専用超高級淫語ソープ,蕩婦、合集、中出、女上位、巨乳、DMM獨家,多人,https://www.javbus.com/CJOB-021,
MDB-727 カラダでもてなす 極上美人女将・コンパニオン4時間BEST,MDB-727 カラダでもてなす 極上美人女将・コンパニオン4時間BEST,MDB-727,,2016-10-28,241分鐘,K太郎,メディアステーション,BAZOOKA（バズーカ）,,和服・喪服、濫交、合集、女主人、女老板、4小時以上作品、高畫質、伴侶、温泉、巨乳,多人,https://www.javbus.com/MDB-727,
OKAX-147 ギンギンに勃起した欲情ち○ぽの亀頭から根元までお口でズボズボしゃくられキン○マが萎むほどザーメンを吸い取られてしまった！！ おま○こに入れられるよりお口に入れられて濡れる尺八女21人240分,OKAX-147 ギンギンに勃起した欲情ち○ぽの亀頭から根元までお口でズボズボしゃくられキン○マが萎むほどザーメンを吸い取られてしまった！！ おま○こに入れられるよりお口に入れられて濡れる尺八女21人240分,OKAX-147,,2016-10-28,240分鐘,,ケイ・エム・プロデュース,おかず。,,蕩婦、企畫、口交、淫語、キス・接吻、打手槍,多人,https://www.javbus.com/OKAX-147,
XRW-228 イカセ拷問 鬼犯02,XRW-228 イカセ拷問 鬼犯02,XRW-228,,2016-10-28,139分鐘,ディラン富増,レアルワークス,REAL（レアルワークス）,イカセ拷問鬼犯,紧缚、粗暴、高畫質、折磨、跳蛋,多人,https://www.javbus.com/XRW-228,
KAGH-072 めちゃくちゃに犯したい9つのお尻,KAGH-072 めちゃくちゃに犯したい9つのお尻,KAGH-072,,2016-10-25,240分鐘,妻撮りの翁,AFRO-FILM,かぐや姫（AFRO-FILM）,,企畫、屁股、中出、4小時以上作品、高畫質、迷你裙、內衣,多人,https://www.javbus.com/KAGH-072,
KUSR-023 露出狂の美人妻,KUSR-023 露出狂の美人妻,KUSR-023,,2016-10-25,120分鐘,菊の助,ビッグモーカル,九龍（ビッグモーカル）,,野外・露出、已婚婦女、羞恥、高畫質,多人,https://www.javbus.com/KUSR-023,
RBB-112 巨乳の前では男はみんな赤ん坊！おっぱいチューチュー授乳手コキされてみたい8時間,RBB-112 巨乳の前では男はみんな赤ん坊！おっぱいチューチュー授乳手コキされてみたい8時間,RBB-112,,2016-10-22,480分鐘,,ROOKIE,ROOKIE,,合集、姐姐、母乳、巨乳、DMM獨家、打手槍,多人,https://www.javbus.com/RBB-112,
MXSPS-475 高画質×中出しマ●コ、くぱぁ。全16本番コンプリートBEST,MXSPS-475 高画質×中出しマ●コ、くぱぁ。全16本番コンプリートBEST,MXSPS-475,,2016-10-16,243分鐘,,マキシング,MAXING,中出しマ●コ、くぱぁ。,合集、中出、4小時以上作品、高畫質,多人,https://www.javbus.com/MXSPS-475,
SLBB-033 双頭ディルドでオマ○コぐしょ濡れにする人妻たち 家族の目を盗んでいつでもズコズコどこでもイキッぱなしの240分,SLBB-033 双頭ディルドでオマ○コぐしょ濡れにする人妻たち 家族の目を盗んでいつでもズコズコどこでもイキッぱなしの240分,SLBB-033,,2016-10-16,240分鐘,,スタイルアート/妄想族,スタイルアートLOVEBETES/妄想族,,女同性戀、已婚婦女、新娘、年輕妻子、高畫質、DMM獨家,多人,https://www.javbus.com/SLBB-033,
MXSPS-471 【MAXING10周年特別企画】魅惑のピンクサロン☆スーパーデラックス,MXSPS-471 【MAXING10周年特別企画】魅惑のピンクサロン☆スーパーデラックス,MXSPS-471,,2016-10-16,242分鐘,,マキシング,MAXING,,合集、妓女、4小時以上作品、高畫質,多人,https://www.javbus.com/MXSPS-471,
DYND-006 背後から手コキ4時間10分 痴女キャバ編 極上ハンドテクでシゴきあげるM男パラダイス！,DYND-006 背後から手コキ4時間10分 痴女キャバ編 極上ハンドテクでシゴきあげるM男パラダイス！,DYND-006,,2016-10-16,250分鐘,ACIDKILLER,スタイルアート/妄想族,スタイルアートDYNAMITE/妄想族,,蕩婦、4小時以上作品、高畫質、DMM獨家、打手槍,多人,https://www.javbus.com/DYND-006,
MBYD-264 私、実は夫の上司に犯され続けてます… 総集編Vol.3,MBYD-264 私、実は夫の上司に犯され続けてます… 総集編Vol.3,MBYD-264,,2016-10-15,480分鐘,,溜池ゴロー,溜池ゴロー,私、実は夫の上司に犯され続けてます…,合集、已婚婦女、新娘、年輕妻子、出軌、巨乳、DMM獨家,多人,https://www.javbus.com/MBYD-264,
UMSO-102 媚薬近親相姦 02 姉さんと母さんを極秘ルートで入手したバイアグラを飲ませて身動き出来なくしてからそのまま生挿入して犯してしまった…,UMSO-102 媚薬近親相姦 02 姉さんと母さんを極秘ルートで入手したバイアグラを飲ませて身動き出来なくしてからそのまま生挿入して犯してしまった…,UMSO-102,,2016-10-14,139分鐘,ディラン富増,ケイ・エム・プロデュース,UMANAMI,媚薬近親相姦,藥物、亂倫、性奴、拘束、中出、高畫質,多人,https://www.javbus.com/UMSO-102,
MDB-725 勃起不全解消！！ヤレると噂の痴女人妻回春マッサージ 澁谷果歩 波多野結衣 大槻ひびき 篠田ゆう,MDB-725 勃起不全解消！！ヤレると噂の痴女人妻回春マッサージ 澁谷果歩 波多野結衣 大槻ひびき 篠田ゆう,MDB-725,,2016-10-14,142分鐘,大崎広浩治,メディアステーション,BAZOOKA（バズーカ）,,蕩婦、企畫、已婚婦女、美容院、按摩、高畫質、巨乳,多人,https://www.javbus.com/MDB-725,
LOJ-302 性感レズエステでオマ○コ舐められイキまくるノンケ女 何度イッても止めない高速クンニでリピーター続出！,LOJ-302 性感レズエステでオマ○コ舐められイキまくるノンケ女 何度イッても止めない高速クンニでリピーター続出！,LOJ-302,,2016-10-11,122分鐘,,マニアゼロ,レズ倶楽部（マニアゼロ）,,女同性戀、舔陰、美容院、高畫質,多人,https://www.javbus.com/LOJ-302,
LXJE-261 ［永久保存版］［M男専用痴女］ボンデージペニバン男女逆転SEX35人4時間 女は男を擬チ○ポで犯したい！男は女の擬チ○ポで犯されたい！スペシャル 2,LXJE-261 ［永久保存版］［M男専用痴女］ボンデージペニバン男女逆転SEX35人4時間 女は男を擬チ○ポで犯したい！男は女の擬チ○ポで犯されたい！スペシャル 2,LXJE-261,,2016-10-11,241分鐘,,マニアゼロ,Mスナイパー,［M男専用痴女］ボンデージペニバン男女逆転SEX,4小時以上作品、高畫質、M男、緊縛、肛交,多人,https://www.javbus.com/LXJE-261,
ORBK-005 絶対に逆らえない強力催淫 波多野結衣,ORBK-005 絶対に逆らえない強力催淫 波多野結衣,ORBK-005,,2016-10-09,130分鐘,薄刃紫翠,オルガBlack,オルガBlack,,已婚婦女、性奴、羞恥、催眠、戲劇、單體作品、DMM獨家,多人,https://www.javbus.com/ORBK-005,
HETR-011 絶叫！拘束M嬲り8時間,HETR-011 絶叫！拘束M嬲り8時間,HETR-011,,2016-10-09,480分鐘,,天真乱マン/HERO,天真乱マン,,SM、紧缚、合集、性奴、拘束、DMM獨家,多人,https://www.javbus.com/HETR-011,
MKCK-182 高画質！黄金BODY31人 日替わりSEX8時間4,MKCK-182 高画質！黄金BODY31人 日替わりSEX8時間4,MKCK-182,,2016-10-08,480分鐘,,E-BODY,E-BODY,高画質日替わりSEX,合集、花癡、女上位、4小時以上作品、巨乳、DMM獨家,多人,https://www.javbus.com/MKCK-182,
24ID-045 エロすぎる美女に囲まれる極上ハーレム乱交 8時間,24ID-045 エロすぎる美女に囲まれる極上ハーレム乱交 8時間,24ID-045,,2016-10-07,483分鐘,,TMA,TMA,,和服・喪服、濫交、中出、4小時以上作品、高畫質、ハーレム、校服,多人,https://www.javbus.com/24ID-045,
WAKM-001 フェラ飯 ～食欲と性欲を同時に満たしたらもっと気持ちいい！？～,WAKM-001 フェラ飯 ～食欲と性欲を同時に満たしたらもっと気持ちいい！？～,WAKM-001,,2016-10-06,69分鐘,山本わかめ,SODクリエイト,新中野小劇場,,企畫、口交、其他戀物癖、高畫質,多人,https://www.javbus.com/WAKM-001,
WAKM-002 ザーメンkiss～精子を男に飲ませるオンナ達。‐ラブラブ編‐,WAKM-002 ザーメンkiss～精子を男に飲ませるオンナ達。‐ラブラブ編‐,WAKM-002,,2016-10-06,119分鐘,原田のんき,SODクリエイト,新中野小劇場,,企畫、口交、其他戀物癖、高畫質、キス・接吻,多人,https://www.javbus.com/WAKM-002,
BBKO-014 果てない女の性欲 まだ求める熟れた妻の欲望,BBKO-014 果てない女の性欲 まだ求める熟れた妻の欲望,BBKO-014,,2016-10-04,300分鐘,,タカラ映像,TAKARA,,成熟的女人、新娘、年輕妻子、通姦、4小時以上作品、ビッチ,多人,https://www.javbus.com/BBKO-014,
PBD-335 美マン美女図鑑 4時間,PBD-335 美マン美女図鑑 4時間,PBD-335,,2016-10-02,240分鐘,,プレミアム,PREMIUMBEST,,合集、數位馬賽克、DMM獨家、局部特寫,多人,https://www.javbus.com/PBD-335,
BF-481 亀頭チロチロの瞬間を集めたフェラチオBEST,BF-481 亀頭チロチロの瞬間を集めたフェラチオBEST,BF-481,,2016-10-02,460分鐘,,BeFree,BeFree,,口交、其他戀物癖、合集、DMM獨家,多人,https://www.javbus.com/BF-481,
CADV-594 CRYSTAL THE BEST 8時間100選 2016 秋,CADV-594 CRYSTAL THE BEST 8時間100選 2016 秋,CADV-594,,2016-10-01,478分鐘,,クリスタル映像,CRYSTALEX,CRYSTALTHEBEST,角色扮演、合集、美少女、4小時以上作品、高畫質、巨乳、顏射、吞精,多人,https://www.javbus.com/CADV-594,
JFB-147 顔だけでもヌケるのに更にグラマラス！超美顔＆美BODY 24SEX8時間,JFB-147 顔だけでもヌケるのに更にグラマラス！超美顔＆美BODY 24SEX8時間,JFB-147,,2016-09-29,480分鐘,,Fitch,Fitch,,蕩婦、合集、數位馬賽克、中出、巨尻、巨乳、DMM獨家,多人,https://www.javbus.com/JFB-147,
TOMN-068 ぶっかけ顔射 40発,TOMN-068 ぶっかけ顔射 40発,TOMN-068,,2016-09-29,240分鐘,,TEPPAN,TEPPANSPECIAL,,合集、數位馬賽克、顏射、汗だく、DMM獨家,多人,https://www.javbus.com/TOMN-068,
LHJF-252 近親セックス26人8時間 ゲスの極みスペシャル！まだまだイケる熟したカラダに辛抱たまらずザーメン発射！！,LHJF-252 近親セックス26人8時間 ゲスの極みスペシャル！まだまだイケる熟したカラダに辛抱たまらずザーメン発射！！,LHJF-252,,2016-09-27,484分鐘,,マニアゼロ,F’OXY,,成熟的女人、亂倫、已婚婦女、多P、通姦、4小時以上作品、高畫質,多人,https://www.javbus.com/LHJF-252,
MOJ-306 寸止め焦らし痴女のいる職場 お仕事中のお姉さんは制服のまま亀頭責め手コキをするのがお好き！,MOJ-306 寸止め焦らし痴女のいる職場 お仕事中のお姉さんは制服のまま亀頭責め手コキをするのがお好き！,MOJ-306,,2016-09-27,123分鐘,,マニアゼロ,M性感倶楽部（マニアゼロ）,,蕩婦、淫語、姐姐、制服、高畫質、M男、打手槍,多人,https://www.javbus.com/MOJ-306,
HOJ-305 昼下がりの人妻に逆痴漢されちゃいました！旦那が帰って来る前にチ●ポに乗っかりピストン騎乗位！,HOJ-305 昼下がりの人妻に逆痴漢されちゃいました！旦那が帰って来る前にチ●ポに乗っかりピストン騎乗位！,HOJ-305,,2016-09-26,112分鐘,,マニアゼロ,人妻倶楽部（マニアゼロ）,,蕩婦、新娘、年輕妻子、女上位、高畫質,多人,https://www.javbus.com/HOJ-305,
LAJ-307 もしも、仕事中にレズ痴漢されたら…突然レズキスされたノンケはオマ○コ濡らし発情するまで何分？,LAJ-307 もしも、仕事中にレズ痴漢されたら…突然レズキスされたノンケはオマ○コ濡らし発情するまで何分？,LAJ-307,,2016-09-26,113分鐘,,マニアゼロ,レズ倶楽部（マニアゼロ）,,护士、女同性戀、賽車女郎、妓女、美容院、高畫質,多人,https://www.javbus.com/LAJ-307,
DJNE-132 自主・エロ撮影会レズダンス 透け透けベビードールで限界寸前！ おっぱい揉んでオマ○コ見せつけベロちゅうDance！！,DJNE-132 自主・エロ撮影会レズダンス 透け透けベビードールで限界寸前！ おっぱい揉んでオマ○コ見せつけベロちゅうDance！！,DJNE-132,,2016-09-26,128分鐘,秀吉,ジャネス,DANCE,,女同性戀、跳舞、高畫質、女生,多人,https://www.javbus.com/DJNE-132,
DFRD-021 超絶テクで寸止め手コキされた僕 働く痴女系お姉さんは制服のままチ○ポをイジるのがお好き！,DFRD-021 超絶テクで寸止め手コキされた僕 働く痴女系お姉さんは制服のままチ○ポをイジるのがお好き！,DFRD-021,,2016-09-25,122分鐘,AKIRA,ジャネス,FUTURERED,,蕩婦、姐姐、制服、高畫質、打手槍,多人,https://www.javbus.com/DFRD-021,
CJOB-020 痴女のバーチャルSEXで淫語挑発されながら騎乗位で犯されるボク,CJOB-020 痴女のバーチャルSEXで淫語挑発されながら騎乗位で犯されるボク,CJOB-020,,2016-09-23,230分鐘,,痴女ヘブン（美）,痴女ヘブンBEST,,蕩婦、合集、淫語、女上位、主觀視角、DMM獨家,多人,https://www.javbus.com/CJOB-020,
STAR-715 もりの小鳥 一流女優が教えるエロ技！男を悦ばせるスケベな腰つき騎乗位セックス,STAR-715 もりの小鳥 一流女優が教えるエロ技！男を悦ばせるスケベな腰つき騎乗位セックス,STAR-715,,2016-09-22,179分鐘,赤井彗星,SODクリエイト,SODstar,,多P、美少女、女上位、高畫質、內衣,多人,https://www.javbus.com/STAR-715,
SDMU-366 イッてる女は嘘をつけない。Interview With Her during Sex Vol.1 波多野結衣＆涼川絢音,SDMU-366 イッてる女は嘘をつけない。Interview With Her during Sex Vol.1 波多野結衣＆涼川絢音,SDMU-366,,2016-09-22,130分鐘,山本わかめ,SODクリエイト,SODクリエイト,,企畫、其他戀物癖、纪录片、高畫質,多人,https://www.javbus.com/SDMU-366,
EMAZ-336 ガニ股オナマ○コ4時間,EMAZ-336 ガニ股オナマ○コ4時間,EMAZ-336,,2016-09-18,240分鐘,,婦人社/エマニエル,婦人社,,成熟的女人、合集、已婚婦女、巨乳、DMM獨家、自慰,多人,https://www.javbus.com/EMAZ-336,
SPHA-001 パンスト足コキ22名4時間スペシャル 蒸れたナイロンのつま先でシコられる質感がなんとも気持ちいいです！,SPHA-001 パンスト足コキ22名4時間スペシャル 蒸れたナイロンのつま先でシコられる質感がなんとも気持ちいいです！,SPHA-001,,2016-09-18,240分鐘,,Ph/妄想族,Ph/妄想族,,其他戀物癖、連褲襪、足交、DMM獨家,多人,https://www.javbus.com/SPHA-001,
RBB-106 顔が埋もれるほどお尻をメリ込ませる 顔面騎乗位8時間,RBB-106 顔が埋もれるほどお尻をメリ込ませる 顔面騎乗位8時間,RBB-106,,2016-09-17,480分鐘,,ROOKIE,ROOKIE,,蕩婦、4小時以上作品、顏面騎乘、DMM獨家,多人,https://www.javbus.com/RBB-106,
TYWD-091 発射直前のハードピストン 足腰ガクブル大量中出しSEX50連発,TYWD-091 発射直前のハードピストン 足腰ガクブル大量中出しSEX50連発,TYWD-091,,2016-09-17,240分鐘,,乱丸,乱丸,,潮吹、合集、花癡、數位馬賽克、中出、キス・接吻、DMM獨家,多人,https://www.javbus.com/TYWD-091,
PPBD-131 100人もの巨乳美女達にたっぷり孕ませ中出しSEX100通り,PPBD-131 100人もの巨乳美女達にたっぷり孕ませ中出しSEX100通り,PPBD-131,,2016-09-17,240分鐘,,OPPAI,OPPAI,,合集、戀乳癖、中出、4小時以上作品、巨乳、DMM獨家,多人,https://www.javbus.com/PPBD-131,
UGUG-110 私は息子の性処理玩具です。18人5時間,UGUG-110 私は息子の性処理玩具です。18人5時間,UGUG-110,,2016-09-16,302分鐘,,タカラ映像,GUSUKU,,成熟的女人、母親、合集、亂倫、性奴、4小時以上作品,多人,https://www.javbus.com/UGUG-110,
MXSPS-464 魅惑のクイーン14人！ボンテージだらけのSM（秘）倶楽部 6,MXSPS-464 魅惑のクイーン14人！ボンテージだらけのSM（秘）倶楽部 6,MXSPS-464,,2016-09-16,241分鐘,,マキシング,MAXING,魅惑のクイーン！ボンテージだらけのSM（秘）倶楽部,SM、合集、4小時以上作品、緊縛,多人,https://www.javbus.com/MXSPS-464,
HETR-010 美女限定！！ 口（くち）マ○コ姫,HETR-010 美女限定！！ 口（くち）マ○コ姫,HETR-010,,2016-09-12,480分鐘,,天真乱マン/HERO,天真乱マン,,口交、合集、顏射、巨乳、DMM獨家,多人,https://www.javbus.com/HETR-010,
MIZD-033 タイトスカート女教師 BEST8時間,MIZD-033 タイトスカート女教師 BEST8時間,MIZD-033,,2016-09-11,480分鐘,,ムーディーズ,MOODYZBest,タイトスカート女教師,蕩婦、苗條、女教師、合集、屁股、戀腿癖、數位馬賽克、DMM獨家,多人,https://www.javbus.com/MIZD-033,
LZJS-751 パンストつま先36人コレクション6時間 ナイロンでムレて甘酸っぱい匂いのする足指フェラ必見！,LZJS-751 パンストつま先36人コレクション6時間 ナイロンでムレて甘酸っぱい匂いのする足指フェラ必見！,LZJS-751,,2016-09-05,348分鐘,,マニアゼロ,性癖組,,其他戀物癖、各種職業、連褲襪、戀腿癖、制服、4小時以上作品,多人,https://www.javbus.com/LZJS-751,
MOJ-304 現役キャバ嬢に寸止め手コキされた僕 営業中にも関わらず、突然チ○ポを握りしめてきた彼女 凄テクに辛抱たまらず開き直ってザーメンぶちまけちゃいました！,MOJ-304 現役キャバ嬢に寸止め手コキされた僕 営業中にも関わらず、突然チ○ポを握りしめてきた彼女 凄テクに辛抱たまらず開き直ってザーメンぶちまけちゃいました！,MOJ-304,,2016-09-05,146分鐘,,マニアゼロ,M性感倶楽部（マニアゼロ）,,妓女、高畫質、M男、內衣、打手槍,多人,https://www.javbus.com/MOJ-304,
BF-476 究極のクビレ巨乳コスプレSEX430分,BF-476 究極のクビレ巨乳コスプレSEX430分,BF-476,,2016-09-03,430分鐘,,BeFree,BeFree,,角色扮演、合集、巨乳、DMM獨家,多人,https://www.javbus.com/BF-476,
ATAD-125 団鬼六傑作集,ATAD-125 団鬼六傑作集,ATAD-125,,2016-09-03,770分鐘,,アタッカーズ,アタッカーズアンソロジー,,SM、紧缚、合集、DMM獨家,多人,https://www.javbus.com/ATAD-125,
PBD-332 中出しお義姉さんの誘惑 お義姉さん8人の甘い誘惑 8時間ベスト,PBD-332 中出しお義姉さんの誘惑 お義姉さん8人の甘い誘惑 8時間ベスト,PBD-332,,2016-09-03,480分鐘,,プレミアム,PREMIUMBEST,中出しお義姉さんの誘惑,蕩婦、合集、亂倫、姐姐、數位馬賽克、中出、DMM獨家,多人,https://www.javbus.com/PBD-332,
AVOP-217 上品VSやんちゃ ふたつの家族がエロすぎたからおもくそ子作り,AVOP-217 上品VSやんちゃ ふたつの家族がエロすぎたからおもくそ子作り,AVOP-217,,2016-09-01,208分鐘,らくだ,ズッコン/バッコン,AVOPEN2016,ハーレム子作り,濫交、中出、高畫質、ハーレム、AVOPEN2016企画部門、巨乳、DMM獨家、女生,多人,https://www.javbus.com/AVOP-217,
DMBA-183 オスビッチ昇天！超絶ペニバンアナルFUCK II,DMBA-183 オスビッチ昇天！超絶ペニバンアナルFUCK II,DMBA-183,,2016-08-30,120分鐘,,ジャネス,MAZOBOYSCLUB,オスビッチ昇天！超絶ペニバンアナルFUCK,蕩婦、M男、緊縛、女傭、旗袍、肛交,多人,https://www.javbus.com/DMBA-183,
DFRD-019 極上痴女のイカせ騎乗位セックス ケツを突き出し腰を振り勃起チ○ポを上下ピストン！ 「私のグチョグチョおま○こでイカせてあげる…」,DFRD-019 極上痴女のイカせ騎乗位セックス ケツを突き出し腰を振り勃起チ○ポを上下ピストン！ 「私のグチョグチョおま○こでイカせてあげる…」,DFRD-019,,2016-08-30,121分鐘,AKIRA,ジャネス,FUTURERED,,蕩婦、淫語、女上位、美容院、高畫質、女生,多人,https://www.javbus.com/DFRD-019,
DJDK-033 ムチぴたボディコンでエロカワGALや爆乳お姉さんが胸チラ、ノーパンパンストでイキ過ぎダンス！光沢パンストから透けたムレムレま○こ、汗だくマン毛が超エロくて辛抱たまりまっしぇん！ 2,DJDK-033 ムチぴたボディコンでエロカワGALや爆乳お姉さんが胸チラ、ノーパンパンストでイキ過ぎダンス！光沢パンストから透けたムレムレま○こ、汗だくマン毛が超エロくて辛抱たまりまっしぇん！ 2,DJDK-033,,2016-08-29,112分鐘,,ジャネス,DANCE,ムチぴたボディコンでエロカワGALや爆乳お姉さんが胸チラ、ノーパンパンストでイキ過ぎダンス！,身體意識、屁股、姐姐、跳舞、高畫質、局部特寫,多人,https://www.javbus.com/DJDK-033,
FLOA-028 メコスジ前貼りレズDance オマ○コ喰い込みをローアングル接撮で長回し！半脱ぎストリップでお下劣にケツをシェイクするエロカワGALS 桜井あゆ 波多野結衣,FLOA-028 メコスジ前貼りレズDance オマ○コ喰い込みをローアングル接撮で長回し！半脱ぎストリップでお下劣にケツをシェイクするエロカワGALS 桜井あゆ 波多野結衣,FLOA-028,,2016-08-28,120分鐘,ACIDKILLER,スタイルアート/妄想族,スタイルアートFLOOR/妄想族,,女同性戀、跳舞、DMM獨家、女生,多人,https://www.javbus.com/FLOA-028,
ASFB-214 甘えん坊のボクに浴びせられる優しい淫語 DX 4時間 Vol.3,ASFB-214 甘えん坊のボクに浴びせられる優しい淫語 DX 4時間 Vol.3,ASFB-214,,2016-08-28,240分鐘,,FetishBox/妄想族,FetishBox/妄想族,甘えん坊のボクに浴びせられる優しい淫語,蕩婦、其他戀物癖、合集、DMM獨家,多人,https://www.javbus.com/ASFB-214,
TOMN-067 意識朦朧 激ハードピストンSEX 2,TOMN-067 意識朦朧 激ハードピストンSEX 2,TOMN-067,,2016-08-27,240分鐘,,TEPPAN,TEPPANSPECIAL,意識朦朧激ハードピストンSEX,合集、美少女、數位馬賽克、女上位、汗だく、DMM獨家,多人,https://www.javbus.com/TOMN-067,
JFB-142 2016年Fitch上半期BEST6時間75タイトル完全網羅カタログ,JFB-142 2016年Fitch上半期BEST6時間75タイトル完全網羅カタログ,JFB-142,,2016-08-27,360分鐘,,Fitch,Fitch,○年Fitch○半期BEST,蕩婦、合集、戀乳癖、屁股、數位馬賽克、4小時以上作品、DMM獨家,多人,https://www.javbus.com/JFB-142,
MDB-713 ハーレムスポーツジムに入会した僕 イヤらしいインストラクターが本能にコミット！！ 波多野結衣 大槻ひびき 星あんず 跡美しゅり,MDB-713 ハーレムスポーツジムに入会した僕 イヤらしいインストラクターが本能にコミット！！ 波多野結衣 大槻ひびき 星あんず 跡美しゅり,MDB-713,,2016-08-26,158分鐘,紋℃,メディアステーション,BAZOOKA（バズーカ）,,蕩婦、企畫、乳房、妄想、高畫質、講師,多人,https://www.javbus.com/MDB-713,
NASS-485 何も知らない娘（ノンケ）に母親（真性レズ）がレズレッスン！ いけないコトと分かっていても四六時中愛娘のオマ○コを欲しがる私… 人には決して言えません！2,NASS-485 何も知らない娘（ノンケ）に母親（真性レズ）がレズレッスン！ いけないコトと分かっていても四六時中愛娘のオマ○コを欲しがる私… 人には決して言えません！2,NASS-485,,2016-08-26,121分鐘,GA-SU,なでしこ,Nadeshiko,何も知らない娘（ノンケ）に母親（真性レズ）がレズレッスン！,成熟的女人、女同性戀、母親、亂倫、舔陰、女同接吻、高畫質、按摩棒,多人,https://www.javbus.com/NASS-485,
UMSO-092 野外中出し浴場 男湯に奥さんを連れ込んで男性客の目の前で中出し！,UMSO-092 野外中出し浴場 男湯に奥さんを連れ込んで男性客の目の前で中出し！,UMSO-092,,2016-08-26,140分鐘,ディラン富増,ケイ・エム・プロデュース,UMANAMI,,野外・露出、性奴、中出、高畫質、巨乳、自慰,多人,https://www.javbus.com/UMSO-092,
WSSR-002 「アアッ…イイっ！吹くっ！」神テク手コキ男汁ブシャー！！「絶対に吹かせる」と豪語する手コキ職人美女たちにガン見されながら「淫語責め＆亀頭責め＆尿道責め」の鬼過ぎるドS責めで男の潮吹きが止まらない！,WSSR-002 「アアッ…イイっ！吹くっ！」神テク手コキ男汁ブシャー！！「絶対に吹かせる」と豪語する手コキ職人美女たちにガン見されながら「淫語責め＆亀頭責め＆尿道責め」の鬼過ぎるドS責めで男の潮吹きが止まらない！,WSSR-002,,2016-08-25,240分鐘,B巻太,ビッグモーカル,ワリスキ,,蕩婦、潮吹、淫語、4小時以上作品、高畫質、M男、打手槍,多人,https://www.javbus.com/WSSR-002,
KMBE-002 【配信専用】ワケあり回春マッサージ ～カラダで稼ぐ人妻達～ スーパーBEST,KMBE-002 【配信専用】ワケあり回春マッサージ ～カラダで稼ぐ人妻達～ スーパーBEST,KMBE-002,,2016-08-22,241分鐘,,メディアステーション,BAZOOKA（バズーカ）,ワケあり回春マッサージ,合集、已婚婦女、按摩、高畫質,多人,https://www.javbus.com/KMBE-002,
CESD-244 セレブの友の歴史 2012～2016年 厳選100タイトル8時間 VOL.1,CESD-244 セレブの友の歴史 2012～2016年 厳選100タイトル8時間 VOL.1,CESD-244,,2016-08-21,478分鐘,,セレブの友,セレブの友,,成熟的女人、SM、合集、已婚婦女、巨乳、DMM獨家,多人,https://www.javbus.com/CESD-244,
JUSD-720 たぎる性欲を抑えきれず…今夜、夜這いしてみました8時間,JUSD-720 たぎる性欲を抑えきれず…今夜、夜這いしてみました8時間,JUSD-720,,2016-08-20,480分鐘,,マドンナ,Madonna,,成熟的女人、合集、已婚婦女、數位馬賽克、羞恥、出軌、DMM獨家,多人,https://www.javbus.com/JUSD-720,
JUSD-721 吐息を漏らしながら、目を合わせながら、舌を絡せ求め合うベロキス性交。,JUSD-721 吐息を漏らしながら、目を合わせながら、舌を絡せ求め合うベロキス性交。,JUSD-721,,2016-08-20,240分鐘,,マドンナ,Madonna,,成熟的女人、合集、已婚婦女、數位馬賽克、キス・接吻、DMM獨家,多人,https://www.javbus.com/JUSD-721,
CJOB-017 強制痴女バキューム！射精直前フェラチオ即ヌキ61連発！！,CJOB-017 強制痴女バキューム！射精直前フェラチオ即ヌキ61連発！！,CJOB-017,,2016-08-20,240分鐘,,痴女ヘブン（美）,痴女ヘブンBEST,,蕩婦、口交、合集、姐姐、主觀視角、DMM獨家,多人,https://www.javbus.com/CJOB-017,
TRCT-818 【スマホ推奨】淫語女子アナ 8,TRCT-818 【スマホ推奨】淫語女子アナ 8,TRCT-818,,2016-08-18,122分鐘,神戸たろう,ROCKET,ROCKET,淫語女子アナ,企畫、淫語、多P、スマホ専用縦動画、女主播、吞精,多人,https://www.javbus.com/TRCT-818,
MXSPS-457 最新コスプレ★パレード 華やかに舞い男を刺激するコスチューム30選 5時間,MXSPS-457 最新コスプレ★パレード 華やかに舞い男を刺激するコスチューム30選 5時間,MXSPS-457,,2016-08-16,299分鐘,,マキシング,MAXING,,角色扮演、合集、4小時以上作品,多人,https://www.javbus.com/MXSPS-457,
LZBS-022 レズれ！シリーズBEST ノーモザイク・レズれ！ コンプリート8時間 超ギリッギリを集めました！,LZBS-022 レズれ！シリーズBEST ノーモザイク・レズれ！ コンプリート8時間 超ギリッギリを集めました！,LZBS-022,,2016-08-15,486分鐘,,レズれ！,レズれ！ベスト,ノーモザイク・レズれ！,女同性戀、69、舔陰、女同接吻、高畫質、DMM獨家、局部特寫,多人,https://www.javbus.com/LZBS-022,
JAME-015 指ズボオナニー中毒25名4時間（オマ○コどアップアングル）病みつき高速ピストンでオマ○コはマン汁でグチョグチョ！,JAME-015 指ズボオナニー中毒25名4時間（オマ○コどアップアングル）病みつき高速ピストンでオマ○コはマン汁でグチョグチョ！,JAME-015,,2016-08-15,240分鐘,,スタイルアート/妄想族,スタイルアートjam/妄想族,,其他戀物癖、手指插入、高中女生、DMM獨家、自慰、局部特寫,多人,https://www.javbus.com/JAME-015,
RBB-101 ドピュ！！ドピュ！！子宮に絶頂中出し！濃厚ザーメン120連発16時間,RBB-101 ドピュ！！ドピュ！！子宮に絶頂中出し！濃厚ザーメン120連発16時間,RBB-101,,2016-08-14,960分鐘,,ROOKIE,ROOKIE,,合集、中出、16時間以上作品、DMM獨家,多人,https://www.javbus.com/RBB-101,
TYWD-090 肉欲に溺れ他人棒に夢中になり白目を引ん剥き痙攣絶頂しまくる淫乱妻の昼顔,TYWD-090 肉欲に溺れ他人棒に夢中になり白目を引ん剥き痙攣絶頂しまくる淫乱妻の昼顔,TYWD-090,,2016-08-14,240分鐘,,乱丸,乱丸,,合集、已婚婦女、花癡、數位馬賽克、中出、出軌、DMM獨家,多人,https://www.javbus.com/TYWD-090,
TOMN-066 軟体アクロバティック性交,TOMN-066 軟体アクロバティック性交,TOMN-066,,2016-08-14,240分鐘,,TEPPAN,TEPPANSPECIAL,,苗條、合集、數位馬賽克、女上位、汗だく、DMM獨家,多人,https://www.javbus.com/TOMN-066,
PPBD-129 あまりに気持ち良すぎて思わずロケット射精してしまうパイズリ挟射,PPBD-129 あまりに気持ち良すぎて思わずロケット射精してしまうパイズリ挟射,PPBD-129,,2016-08-14,240分鐘,,OPPAI,OPPAI,,乳交、合集、戀乳癖、4小時以上作品、巨乳、DMM獨家,多人,https://www.javbus.com/PPBD-129,
HJBB-106 夫婦で挑戦！夫がAV女優の凄テクを20分我慢できたら賞金！イカされちゃったら妻が寝取られ中出しSEX！！2,HJBB-106 夫婦で挑戦！夫がAV女優の凄テクを20分我慢できたら賞金！イカされちゃったら妻が寝取られ中出しSEX！！2,HJBB-106,,2016-08-11,480分鐘,,はじめ企画,はじめ企画,夫婦で挑戦,合集、已婚婦女、數位馬賽克、中出、出軌、DMM獨家,多人,https://www.javbus.com/HJBB-106,
PBD-331 プレミアム スタイリッシュソープゴールドBEST 480分8回転ピンクチェアコース時間内無制限発射スペシャル,PBD-331 プレミアム スタイリッシュソープゴールドBEST 480分8回転ピンクチェアコース時間内無制限発射スペシャル,PBD-331,,2016-08-05,480分鐘,,プレミアム,PREMIUMBEST,PREMIUMSTYLISHSOAP,合集、妓女、數位馬賽克、中出、DMM獨家,多人,https://www.javbus.com/PBD-331,
BMW-136 騎乗位お姉さんの暴発確定中出しSEX8時間,BMW-136 騎乗位お姉さんの暴発確定中出しSEX8時間,BMW-136,,2016-07-30,480分鐘,,ワンズファクトリー,WANZ,暴発確定中出しSEX,蕩婦、合集、姐姐、中出、女上位、DMM獨家,多人,https://www.javbus.com/BMW-136,
BMW-138 絶品ハンドテクでイカす！！83発の凄い射精 12発の男の潮吹き,BMW-138 絶品ハンドテクでイカす！！83発の凄い射精 12発の男の潮吹き,BMW-138,,2016-07-30,240分鐘,,ワンズファクトリー,WANZ,,潮吹、合集、DMM獨家、打手槍,多人,https://www.javbus.com/BMW-138,
DJSB-093 痴女のいるメンズエステ 4時間DX ～顔騎、クンニオナニーでイッた後に手コキサービスするエステティシャン～,DJSB-093 痴女のいるメンズエステ 4時間DX ～顔騎、クンニオナニーでイッた後に手コキサービスするエステティシャン～,DJSB-093,,2016-07-30,240分鐘,秀吉,ジャネス,MANIA痴女,痴女のいるメンズエステ～顔騎、クンニオナニーでイッた後に手コキサービスするエステティシャン～,蕩婦、4小時以上作品、美容院、高畫質,多人,https://www.javbus.com/DJSB-093,
LLJW-304 特別版レズBEST28人4時間 男なんかじゃ物足りないオマ●コ大好きな女たちの本気レズセックス集,LLJW-304 特別版レズBEST28人4時間 男なんかじゃ物足りないオマ●コ大好きな女たちの本気レズセックス集,LLJW-304,,2016-07-26,242分鐘,,マニアゼロ,W（マニアゼロ）,,玩具、女同性戀、合集、姐姐、4小時以上作品、高畫質、キス・接吻,多人,https://www.javbus.com/LLJW-304,
UD-723R 部下に寝取られた上司の妻 6,UD-723R 部下に寝取られた上司の妻 6,UD-723R,,2016-07-25,122分鐘,ドラゴン西川,LEO,LEO,部下に寝取られた上司の妻,濫交、已婚婦女、凌辱、高畫質、出軌,多人,https://www.javbus.com/UD-723R,
CRMN-098 照れ笑いをしながらも勃起チ○ポに大興奮！ 目の前のセンズリが見たくて堪らない美人妻たち,CRMN-098 照れ笑いをしながらも勃起チ○ポに大興奮！ 目の前のセンズリが見たくて堪らない美人妻たち,CRMN-098,,2016-07-25,240分鐘,,痴ロモン/妄想族,痴ロモン/妄想族,,蕩婦、其他戀物癖、已婚婦女、DMM獨家,多人,https://www.javbus.com/CRMN-098,
KAGH-063 人妻中出しマッサージ10人 ゴム取って再挿入したら感度バツグンに！,KAGH-063 人妻中出しマッサージ10人 ゴム取って再挿入したら感度バツグンに！,KAGH-063,,2016-07-25,240分鐘,妻撮りの翁,AFRO-FILM,かぐや姫（AFRO-FILM）,,企畫、已婚婦女、中出、4小時以上作品、按摩、高畫質,多人,https://www.javbus.com/KAGH-063,
CJOB-015 チ○ポ争奪戦！痴女乱交4時間,CJOB-015 チ○ポ争奪戦！痴女乱交4時間,CJOB-015,,2016-07-24,240分鐘,,痴女ヘブン（美）,痴女ヘブンBEST,,蕩婦、濫交、合集、女上位、巨乳、DMM獨家,多人,https://www.javbus.com/CJOB-015,
HZGD-001 不貞な交換性交,HZGD-001 不貞な交換性交,HZGD-001,,2016-07-22,134分鐘,中目黒浩治,人妻花園劇場,image（人妻花園劇場）,,成熟的女人、已婚婦女、通姦、高畫質、出軌,多人,https://www.javbus.com/HZGD-001,
SLBB-029 「お母様、やめて下さい…」姑の私（レズビアン）は、とても清楚で美人な嫁（ノンケ）についムラムラしてしまい、いつもレズ行為を迫ってしまうんです,SLBB-029 「お母様、やめて下さい…」姑の私（レズビアン）は、とても清楚で美人な嫁（ノンケ）についムラムラしてしまい、いつもレズ行為を迫ってしまうんです,SLBB-029,,2016-07-17,120分鐘,艶熟寺,スタイルアート/妄想族,スタイルアートLOVEBETES/妄想族,,女同性戀、已婚婦女、女同接吻、DMM獨家,多人,https://www.javbus.com/SLBB-029,
EMAZ-323 自慰快楽オナニスト40人4時間vol.2,EMAZ-323 自慰快楽オナニスト40人4時間vol.2,EMAZ-323,,2016-07-17,240分鐘,,婦人社/エマニエル,婦人社,自慰快楽オナニスト,成熟的女人、合集、已婚婦女、花癡、DMM獨家、自慰,多人,https://www.javbus.com/EMAZ-323,
PPBD-127 バレたらヤバい状況に興奮して乳首がクリトリス状態にビンビンになった巨乳女達,PPBD-127 バレたらヤバい状況に興奮して乳首がクリトリス状態にビンビンになった巨乳女達,PPBD-127,,2016-07-16,240分鐘,,OPPAI,OPPAI,,合集、戀乳癖、姐妹、出軌、巨乳、DMM獨家,多人,https://www.javbus.com/PPBD-127,
TOMN-063 拘束汗だくイカセ性交 vol.2,TOMN-063 拘束汗だくイカセ性交 vol.2,TOMN-063,,2016-07-16,240分鐘,,TEPPAN,TEPPANSPECIAL,拘束汗だくイカセ性交,合集、美少女、數位馬賽克、拘束、汗だく、巨乳、DMM獨家,多人,https://www.javbus.com/TOMN-063,
MXSPS-452 イキまくる絶頂女神。12名5時間スペシャル～何回イッても終わらないイカセ地獄の無限ループ～,MXSPS-452 イキまくる絶頂女神。12名5時間スペシャル～何回イッても終わらないイカセ地獄の無限ループ～,MXSPS-452,,2016-07-16,304分鐘,,マキシング,MAXING,イキまくる絶頂女神。,玩具、合集、美少女、4小時以上作品、高畫質,多人,https://www.javbus.com/MXSPS-452,
RBB-099 いやぁ！！だめだめだめぇぇぇっ！！！！中出しを嫌がり必死に抵抗する女を完全絶望させる中出しレ○プ 8時間,RBB-099 いやぁ！！だめだめだめぇぇぇっ！！！！中出しを嫌がり必死に抵抗する女を完全絶望させる中出しレ○プ 8時間,RBB-099,,2016-07-16,480分鐘,,ROOKIE,ROOKIE,,輪姦、中出、DMM獨家,多人,https://www.javbus.com/RBB-099,
FOJ-301 女教師のパンストに発情しちゃった僕 ミニスカでナイロン越しのパンチラ誘惑に辛抱たまらず最後の1滴まで絞り取られました,FOJ-301 女教師のパンストに発情しちゃった僕 ミニスカでナイロン越しのパンチラ誘惑に辛抱たまらず最後の1滴まで絞り取られました,FOJ-301,,2016-07-15,121分鐘,,マニアゼロ,フェチ倶楽部,,女教師、淫語、連褲襪、戀腿癖、內衣,多人,https://www.javbus.com/FOJ-301,
XOJ-301 美人エステティシャンたちのアナル丸見えディルドオナニーを尻フェチアングルでおま○こドアップで見せるのでセンズリ素材としてはバッチリです2,XOJ-301 美人エステティシャンたちのアナル丸見えディルドオナニーを尻フェチアングルでおま○こドアップで見せるのでセンズリ素材としてはバッチリです2,XOJ-301,,2016-07-15,111分鐘,,マニアゼロ,オナニー倶楽部（マニアゼロ）,美人エステティシャンたちのアナル丸見えディルドオナニー,玩具、屁股、美容院、高畫質、自慰、肛交,多人,https://www.javbus.com/XOJ-301,
MOJ-301 誰にも言えないエステティシャンの秘密…いつも欲求不満な彼女たちは、男性客を誘惑しては顔騎オナニーで欲情してるんです,MOJ-301 誰にも言えないエステティシャンの秘密…いつも欲求不満な彼女たちは、男性客を誘惑しては顔騎オナニーで欲情してるんです,MOJ-301,,2016-07-15,123分鐘,,マニアゼロ,M性感倶楽部（マニアゼロ）,,各種職業、高畫質、顏面騎乘、M男、單體作品、自慰,多人,https://www.javbus.com/MOJ-301,
XOJ-302 オマ○コ本気汁ディルドオナニー 旦那に相手にされない人妻がガマンできずマン汁からめてズボズボ絶頂！210分,XOJ-302 オマ○コ本気汁ディルドオナニー 旦那に相手にされない人妻がガマンできずマン汁からめてズボズボ絶頂！210分,XOJ-302,,2016-07-15,206分鐘,,マニアゼロ,オナニー倶楽部（マニアゼロ）,,玩具、已婚婦女、高畫質、自慰,多人,https://www.javbus.com/XOJ-302,
DSMG-054 ボンデージ ペニバン 35名 4時間スペシャル ドSな小悪魔に肉オナホールにされメスイキするM男たち,DSMG-054 ボンデージ ペニバン 35名 4時間スペシャル ドSな小悪魔に肉オナホールにされメスイキするM男たち,DSMG-054,,2016-07-15,241分鐘,,ジャネス,BS,,玩具、性奴、拘束、4小時以上作品、高畫質、M男、緊縛,多人,https://www.javbus.com/DSMG-054,
RHE-322 美人教師が嘘みたいな濃密個別指導！？もしも社会人向け個人レッスンで先生が突然生ハメを迫ってきたら・・最初は戸惑う一般男性の勃起した興奮チンコ！精液搾り取りマシーンと化した発情中のエロ先生との即ハメセッ,RHE-322 美人教師が嘘みたいな濃密個別指導！？もしも社会人向け個人レッスンで先生が突然生ハメを迫ってきたら・・最初は戸惑う一般男性の勃起した興奮チンコ！精液搾り取りマシーンと化した発情中のエロ先生との即ハメセッ,RHE-322,,2016-07-10,192分鐘,円一輝,ホットエンターテイメント,円,,女教師、姐姐、中出、高畫質、立即口交、巨乳,多人,https://www.javbus.com/RHE-322,
REDC-003 「ゴム無しが気持ち良いの、私にナマでツッコんでぇ！」道徳皆無の異常性欲淫乱どスケベお姉さん10人の絶頂ノンストップSEX240分,REDC-003 「ゴム無しが気持ち良いの、私にナマでツッコんでぇ！」道徳皆無の異常性欲淫乱どスケベお姉さん10人の絶頂ノンストップSEX240分,REDC-003,,2016-07-10,240分鐘,,RedCat,赤猫BEST,,蕩婦、姐姐、中出、4小時以上作品、DMM獨家,多人,https://www.javbus.com/REDC-003,
MDB-706 KMPが誇る豪華絢爛極上過ぎる泡姫達 8時間BEST,MDB-706 KMPが誇る豪華絢爛極上過ぎる泡姫達 8時間BEST,MDB-706,,2016-07-08,481分鐘,BIBI,メディアステーション,BAZOOKA（バズーカ）,,合集、妓女、多P、乳液、中出、4小時以上作品、高畫質、巨乳,多人,https://www.javbus.com/MDB-706,
MDB-708 BAZOOKA夢の共演作BEST500分スペシャル,MDB-708 BAZOOKA夢の共演作BEST500分スペシャル,MDB-708,,2016-07-08,501分鐘,おずま,メディアステーション,BAZOOKA（バズーカ）,,濫交、合集、4小時以上作品、高畫質、ハーレム、巨乳,多人,https://www.javbus.com/MDB-708,
"SW-422 ""Fuck Me Here, Please!"" A Married Woman Living In The Country Just Has To Get Her Thrills. Unable To","SW-422 ""Fuck Me Here, Please!"" A Married Woman Living In The Country Just Has To Get Her Thrills. Unable To",SW-422,,2016-07-07,0分鐘,,SWITCH,,,企畫、野外・露出、已婚婦女、羞恥、高畫質,多人,https://www.javbus.com/SW-422,
DJSJ-013 ［永久保存版］ 近親相姦26名8時間 セックス特別編 性欲が強すぎる母親に勃起させられた僕 いつも父にバレないようにコッソリ挿入させてくれるんです,DJSJ-013 ［永久保存版］ 近親相姦26名8時間 セックス特別編 性欲が強すぎる母親に勃起させられた僕 いつも父にバレないようにコッソリ挿入させてくれるんです,DJSJ-013,,2016-07-06,485分鐘,,ジャネス,艶女,［永久保存版］,成熟的女人、母親、口交、亂倫、中出、女上位、4小時以上作品、高畫質,多人,https://www.javbus.com/DJSJ-013,
HYAZ-085 全員ノーパン直穿きパンストでオマ○コ丸見え！ お姉さんたちは僕を誘惑して、刺激的過ぎるパンストモグラクンニをさせるもんだから勃起しまくりです。 2,HYAZ-085 全員ノーパン直穿きパンストでオマ○コ丸見え！ お姉さんたちは僕を誘惑して、刺激的過ぎるパンストモグラクンニをさせるもんだから勃起しまくりです。 2,HYAZ-085,,2016-07-06,102分鐘,,ジャネス,Fetishパンスト,全員ノーパン直穿きパンストでオマ○コ丸見え！,蕩婦、口交、連褲襪、戀腿癖、舔陰、女上位、打手槍,多人,https://www.javbus.com/HYAZ-085,
DJNE-128 ハミ乳ハミ毛当り前！超極小ビキニでテンションアゲアゲ、全身オイルでテカッたボディエロエロ！乳フリ尻フリまくりのハイテンション超ギリギリDance！！ 2,DJNE-128 ハミ乳ハミ毛当り前！超極小ビキニでテンションアゲアゲ、全身オイルでテカッたボディエロエロ！乳フリ尻フリまくりのハイテンション超ギリギリDance！！ 2,DJNE-128,,2016-07-05,120分鐘,,ジャネス,DANCE,ハミ乳ハミ毛当り前！,淫語、跳舞、高畫質、猥褻穿著、泳裝、局部特寫,多人,https://www.javbus.com/DJNE-128,
YMSR-003 山と空 総集編 vol.003 10名5時間,YMSR-003 山と空 総集編 vol.003 10名5時間,YMSR-003,,2016-07-04,300分鐘,,山と空,,山と空総集編,野外・露出、合集、性奴、4小時以上作品、DMM獨家,多人,https://www.javbus.com/YMSR-003,
BBAN-098 義母娘 接吻レズ調教～嫁のベロテクに寝取られた姑～,BBAN-098 義母娘 接吻レズ調教～嫁のベロテクに寝取られた姑～,BBAN-098,,2016-07-03,150分鐘,,ビビアン,ビビアン,義母娘,女同性戀、女同接吻、婆婆、高畫質、出軌、キス・接吻、DMM獨家,多人,https://www.javbus.com/BBAN-098,
BF-464 ボンデージガールズBEST COLLECTION8時間part2,BF-464 ボンデージガールズBEST COLLECTION8時間part2,BF-464,,2016-07-03,479分鐘,,BeFree,BeFree,ボンデージガール,其他戀物癖、合集、緊縛、DMM獨家,多人,https://www.javbus.com/BF-464,
PBD-329 後ろから手コキ 普通の手コキより気持ちイイ 背後からの手コキBEST,PBD-329 後ろから手コキ 普通の手コキより気持ちイイ 背後からの手コキBEST,PBD-329,,2016-07-03,239分鐘,,プレミアム,PREMIUMBEST,,合集、數位馬賽克、DMM獨家、打手槍,多人,https://www.javbus.com/PBD-329,
ATKD-244 背徳に濡れた人妻8時間,ATKD-244 背徳に濡れた人妻8時間,ATKD-244,,2016-07-03,480分鐘,,アタッカーズ,AttackersBEST,,合集、已婚婦女、凌辱、DMM獨家,多人,https://www.javbus.com/ATKD-244,
FLOA-025 これがインディーズ！過激な衣装で限界ギリギリ！オマ○コメコスジの超エグ接写レズダンスがエロ過ぎてヤバい！！,FLOA-025 これがインディーズ！過激な衣装で限界ギリギリ！オマ○コメコスジの超エグ接写レズダンスがエロ過ぎてヤバい！！,FLOA-025,,2016-07-01,120分鐘,ACIDKILLER,スタイルアート/妄想族,スタイルアートFLOOR/妄想族,,女同性戀、跳舞、猥褻穿著、DMM獨家,多人,https://www.javbus.com/FLOA-025,
TOMN-060 射精するトコロ見せて…。女が責めるフェラ＆手コキ 30発射,TOMN-060 射精するトコロ見せて…。女が責めるフェラ＆手コキ 30発射,TOMN-060,,2016-06-30,240分鐘,,TEPPAN,TEPPANSPECIAL,,口交、合集、美少女、數位馬賽克、高畫質、汗だく、DMM獨家、打手槍,多人,https://www.javbus.com/TOMN-060,
OOMN-172 悶絶するほど気持ち良いフェラチオ2,OOMN-172 悶絶するほど気持ち良いフェラチオ2,OOMN-172,,2016-06-30,240分鐘,,ABC/妄想族,お母さん.com/ABC,悶絶するほど気持ち良いフェラチオ,成熟的女人、母親、口交、合集、已婚婦女、DMM獨家,多人,https://www.javbus.com/OOMN-172,
BMW-134 無防備にお尻を突きだす美女達に手加減抜きの激速バック中出しBEST,BMW-134 無防備にお尻を突きだす美女達に手加減抜きの激速バック中出しBEST,BMW-134,,2016-06-30,240分鐘,,ワンズファクトリー,WANZ,,蕩婦、合集、妓女、中出、高中女生、DMM獨家、女傭,多人,https://www.javbus.com/BMW-134,
CLUB-302 ○応○塾大学病院の女医が通う指圧医療マッサージ施術院7,CLUB-302 ○応○塾大学病院の女医が通う指圧医療マッサージ施術院7,CLUB-302,,2016-06-30,240分鐘,,変態紳士倶楽部,変態紳士倶楽部,指圧医療マッサージ施術院,苗條、女醫生、連褲襪、偷窥、按摩、高畫質、DMM獨家,多人,https://www.javbus.com/CLUB-302,
KUSR-019 中出し巨乳奴隷ソープ BEST 4時間12人,KUSR-019 中出し巨乳奴隷ソープ BEST 4時間12人,KUSR-019,,2016-06-25,240分鐘,菊の助,ビッグモーカル,九龍（ビッグモーカル）,中出し巨乳奴隷ソープ,紧缚、乳交、合集、妓女、性奴、4小時以上作品、高畫質、巨乳,多人,https://www.javbus.com/KUSR-019,
MCSR-218 【マジです】尻軽過ぎる美人妻！ 自ら唇を奪われカラダを求められるよう仕向ける美熟女がスケベ過ぎる…。4時間12人,MCSR-218 【マジです】尻軽過ぎる美人妻！ 自ら唇を奪われカラダを求められるよう仕向ける美熟女がスケベ過ぎる…。4時間12人,MCSR-218,,2016-06-25,243分鐘,鶴舞龍之介,ビッグモーカル,マスカット,,成熟的女人、亂倫、已婚婦女、多P、4小時以上作品、高畫質、巨乳,多人,https://www.javbus.com/MCSR-218,
CJOB-013 痴女だらけとボク1人BEST パートII 天国or地獄のハーレムプレイ4時間,CJOB-013 痴女だらけとボク1人BEST パートII 天国or地獄のハーレムプレイ4時間,CJOB-013,,2016-06-24,240分鐘,,痴女ヘブン（美）,痴女ヘブンBEST,痴女だらけとボク1人BEST,蕩婦、合集、淫語、多P、中出、DMM獨家,多人,https://www.javbus.com/CJOB-013,
NHDTA-840 痴漢師に無理やり挿れられたバイブが取れず痙攣イキしてしまうタイトスカートの女,NHDTA-840 痴漢師に無理やり挿れられたバイブが取れず痙攣イキしてしまうタイトスカートの女,NHDTA-840,,2016-06-23,162分鐘,タナカ・ベーコン,ナチュラルハイ,,,野外・露出、各種職業、性騷擾、高畫質、按摩棒、迷你裙,多人,https://www.javbus.com/NHDTA-840,
SPSE-003 エステティシャンのパンストにそそられた僕、常にパンチラでナイロンから透けるパンティ（オマ○コ）にたまらず勃起！…,SPSE-003 エステティシャンのパンストにそそられた僕、常にパンチラでナイロンから透けるパンティ（オマ○コ）にたまらず勃起！…,SPSE-003,,2016-06-19,120分鐘,,スタイルアート/妄想族,Ph/妄想族,,連褲襪、美容院、內衣、DMM獨家,多人,https://www.javbus.com/SPSE-003,
PPBD-125 自我を忘れた巨乳女のガンガンケツ振り暴れおっぱい騎乗位8時間BEST,PPBD-125 自我を忘れた巨乳女のガンガンケツ振り暴れおっぱい騎乗位8時間BEST,PPBD-125,,2016-06-18,480分鐘,,OPPAI,OPPAI,,蕩婦、合集、戀乳癖、屁股、女上位、巨乳、DMM獨家,多人,https://www.javbus.com/PPBD-125,
AGEMIX-320 そそる肛門コレクション-男を招き入れそうな誘惑系アナル、集めました-,AGEMIX-320 そそる肛門コレクション-男を招き入れそうな誘惑系アナル、集めました-,AGEMIX-320,,2016-06-17,120分鐘,,SEXAgent,SEXAgent,,企畫、屁股、美少女、高畫質、肛交、局部特寫,多人,https://www.javbus.com/AGEMIX-320,
MXSPS-445 オナニー超全力投球！！！ 10時間SPECIAL,MXSPS-445 オナニー超全力投球！！！ 10時間SPECIAL,MXSPS-445,,2016-06-16,608分鐘,,マキシング,MAXING,,玩具、合集、4小時以上作品、手指插入、女優按摩棒、自慰,多人,https://www.javbus.com/MXSPS-445,
MXSPS-442 マキシング半期ベスト10時間 ～2015年下半期編～,MXSPS-442 マキシング半期ベスト10時間 ～2015年下半期編～,MXSPS-442,,2016-06-16,606分鐘,,マキシング,MAXING,半期ベスト完全保存版,蕩婦、紧缚、合集、4小時以上作品,多人,https://www.javbus.com/MXSPS-442,
DSMO-027 M男専用 ピチピチボンデージお姉さんの超上から目線で顔騎手コキ 30名 4時間 凄テク痴女にガン勃ちで逆イカセさせられる素人男たち,DSMO-027 M男専用 ピチピチボンデージお姉さんの超上から目線で顔騎手コキ 30名 4時間 凄テク痴女にガン勃ちで逆イカセさせられる素人男たち,DSMO-027,,2016-06-15,246分鐘,,ジャネス,BS,,放尿、屁股、女上位、4小時以上作品、顏面騎乘、緊縛,多人,https://www.javbus.com/DSMO-027,
DFGR-014 人妻のカラダに興味津々の男たちはまんまと3P中出し！ 何気ない日常に油断してたらヤラれた欲求不満な女たち！,DFGR-014 人妻のカラダに興味津々の男たちはまんまと3P中出し！ 何気ない日常に油断してたらヤラれた欲求不満な女たち！,DFGR-014,,2016-06-15,140分鐘,TANAKA,ジャネス,FUTUREGREEN,,亂倫、已婚婦女、多P、凌辱、中出、高畫質,多人,https://www.javbus.com/DFGR-014,
SVS-048 美人艶女の淫乱美脚プレイ！10人4時間スペシャル,SVS-048 美人艶女の淫乱美脚プレイ！10人4時間スペシャル,SVS-048,,2016-06-12,240分鐘,,AVScollector’s,AVS,,連褲襪、戀腿癖、4小時以上作品、DMM獨家,多人,https://www.javbus.com/SVS-048,
AUKB-061 美女図鑑BEST4時間,AUKB-061 美女図鑑BEST4時間,AUKB-061,,2016-06-12,241分鐘,,U＆K,U＆K,,女同性戀、姐姐、性感的、女優ベスト・総集編、巨乳、DMM獨家,多人,https://www.javbus.com/AUKB-061,
HETR-001 ザーメンぶっかけ顔射祭8時間,HETR-001 ザーメンぶっかけ顔射祭8時間,HETR-001,,2016-06-12,480分鐘,,天真乱マン/HERO,天真乱マン,,成熟的女人、合集、已婚婦女、顏射、DMM獨家,多人,https://www.javbus.com/HETR-001,
KRBV-254 ヌキどころ一気に見せます！ KARMA総集編 vol.22,KRBV-254 ヌキどころ一気に見せます！ KARMA総集編 vol.22,KRBV-254,,2016-06-11,479分鐘,,カルマ,BEST,KARMA総集編,合集、偷窥、美少女、中出、巨乳、DMM獨家,多人,https://www.javbus.com/KRBV-254,
TORG-041 昭和人妻官能絵巻 第二章 ～背徳に悶える妖艶な肉体達～,TORG-041 昭和人妻官能絵巻 第二章 ～背徳に悶える妖艶な肉体達～,TORG-041,,2016-06-10,235分鐘,貞邪我,オルガ,ORGA,昭和人妻官能絵巻,蕩婦、成熟的女人、通姦、4小時以上作品、高畫質、出軌、戲劇,多人,https://www.javbus.com/TORG-041,
REAL-602 鬼イカセスーパーベスト4時間大絶頂スペシャル,REAL-602 鬼イカセスーパーベスト4時間大絶頂スペシャル,REAL-602,,2016-06-10,241分鐘,K太郎,レアルワークス,REAL（レアルワークス）,鬼イカセ,潮吹、合集、深喉、拘束、4小時以上作品、高畫質,多人,https://www.javbus.com/REAL-602,
MDB-700 女のカラダは腰使いで決まる！100人8時間BEST,MDB-700 女のカラダは腰使いで決まる！100人8時間BEST,MDB-700,,2016-06-10,481分鐘,K太郎,メディアステーション,BAZOOKA（バズーカ）,女のカラダは腰使いで決まる！,蕩婦、合集、女上位、4小時以上作品、高畫質、巨乳,多人,https://www.javbus.com/MDB-700,
BF-459 ナースの告白8時間,BF-459 ナースの告白8時間,BF-459,,2016-06-04,479分鐘,,BeFree,BeFree,ナースの告白,护士、合集、4小時以上作品、DMM獨家,多人,https://www.javbus.com/BF-459,
PBD-326 プレミア女優の美尻コレクション ド迫力尻スペシャル,PBD-326 プレミア女優の美尻コレクション ド迫力尻スペシャル,PBD-326,,2016-06-04,239分鐘,,プレミアム,PREMIUMBEST,プレミア女優の美尻コレクション,合集、屁股、數位馬賽克、巨尻、DMM獨家,多人,https://www.javbus.com/PBD-326,
CADV-581 TOMAHAWK 総集編 BEST 8時間,CADV-581 TOMAHAWK 総集編 BEST 8時間,CADV-581,,2016-06-01,478分鐘,,クリスタル映像,CRYSTALEX,,角色扮演、成熟的女人、合集、各種職業、4小時以上作品、高畫質、巨乳、蘿莉塔,多人,https://www.javbus.com/CADV-581,
CXAZ-044 働くオンナの淫語レズバトル DX 20シーン 4時間 職場でレズるノンケの女はカラダに触るだけで過敏に反応し、オマ○コぐちょぐちょでクリトリスが超勃起！マン汁吸いまくるとソリながらイキまくり！！,CXAZ-044 働くオンナの淫語レズバトル DX 20シーン 4時間 職場でレズるノンケの女はカラダに触るだけで過敏に反応し、オマ○コぐちょぐちょでクリトリスが超勃起！マン汁吸いまくるとソリながらイキまくり！！,CXAZ-044,,2016-05-31,242分鐘,,ジャネス,ladies,働くオンナの淫語レズバトル,女同性戀、合集、舔陰、4小時以上作品、女同接吻、高畫質,多人,https://www.javbus.com/CXAZ-044,
HYAZ-083 スタイル抜群のレースクイーンに誘惑されたボク。光沢パンスト脚に勃起してたらナイロン越しにおチ○ポたっぷり可愛がられキン○マすっからかん！,HYAZ-083 スタイル抜群のレースクイーンに誘惑されたボク。光沢パンスト脚に勃起してたらナイロン越しにおチ○ポたっぷり可愛がられキン○マすっからかん！,HYAZ-083,,2016-05-31,141分鐘,,ジャネス,Fetishパンスト,,蕩婦、賽車女郎、連褲襪、戀腿癖、女生,多人,https://www.javbus.com/HYAZ-083,
CORB-038 人体固定2穴バイブレ×プ,CORB-038 人体固定2穴バイブレ×プ,CORB-038,,2016-05-29,239分鐘,,CORE,CORE,,性奴、拘束、DMM獨家、肛交,多人,https://www.javbus.com/CORB-038,
BMW-132 美少女の無防備な恍惚顔が快感を増幅させる！！おねだり上目づかいフェラチオBEST！！,BMW-132 美少女の無防備な恍惚顔が快感を増幅させる！！おねだり上目づかいフェラチオBEST！！,BMW-132,,2016-05-29,239分鐘,,ワンズファクトリー,WANZ,,口交、合集、深喉、主觀視角、眼鏡、DMM獨家、女傭,多人,https://www.javbus.com/BMW-132,
OKAX-095 ノンストップ濃厚騎乗位 8 猥褻ヒップ20人,OKAX-095 ノンストップ濃厚騎乗位 8 猥褻ヒップ20人,OKAX-095,,2016-05-27,241分鐘,,ケイ・エム・プロデュース,おかず。,ノンストップ濃厚騎乗位,其他戀物癖、合集、屁股、女上位、4小時以上作品,多人,https://www.javbus.com/OKAX-095,
TSMS-048 催眠トランスレイプ 4時間,TSMS-048 催眠トランスレイプ 4時間,TSMS-048,,2016-05-27,239分鐘,,TMA,TMA,,性奴、中出、4小時以上作品、催眠,多人,https://www.javbus.com/TSMS-048,
BDSR-250 女に犯される女が抜ける！ 「忘れられない体にしてあげるわ…」嫌がるノンケ女がレズ女に無理やりレイプされて覚醒しちゃう4時間 7組14人,BDSR-250 女に犯される女が抜ける！ 「忘れられない体にしてあげるわ…」嫌がるノンケ女がレズ女に無理やりレイプされて覚醒しちゃう4時間 7組14人,BDSR-250,,2016-05-25,234分鐘,鶴舞龍之介,ビッグモーカル,BIGMORKAL,,女同性戀、4小時以上作品、高畫質,多人,https://www.javbus.com/BDSR-250,
CJOB-011 ド痴女サービス風俗BEST,CJOB-011 ド痴女サービス風俗BEST,CJOB-011,,2016-05-21,240分鐘,,痴女ヘブン（美）,痴女ヘブンBEST,,蕩婦、合集、妓女、中出、DMM獨家、打手槍,多人,https://www.javbus.com/CJOB-011,
CJOB-012 抵抗できない状態で無理やり射精させられた僕,CJOB-012 抵抗できない状態で無理やり射精させられた僕,CJOB-012,,2016-05-21,240分鐘,,痴女ヘブン（美）,痴女ヘブンBEST,,蕩婦、合集、拘束、M男、DMM獨家、打手槍,多人,https://www.javbus.com/CJOB-012,
"AGEMIX-313 A Pussy Fart Pictorial ~ Puff Puff Suck Suck... Oh My, How Obscene It Is! Such Shame! Such Lewd And","AGEMIX-313 A Pussy Fart Pictorial ~ Puff Puff Suck Suck... Oh My, How Obscene It Is! Such Shame! Such Lewd And",AGEMIX-313,,2016-05-20,0分鐘,,SEXAgent,,,蕩婦、企畫、其他戀物癖、淫語、美少女、羞恥、高畫質,多人,https://www.javbus.com/AGEMIX-313,
"DANJ-017 A Sexy Elder Sister With An Exquisite Body, Wearing An Erotic And Hot Costume Dances And Poses Provo","DANJ-017 A Sexy Elder Sister With An Exquisite Body, Wearing An Erotic And Hot Costume Dances And Poses Provo",DANJ-017,,2016-05-17,0分鐘,,マニアゼロ,,,其他戀物癖、姐姐、跳舞、高畫質、局部特寫、內衣,多人,https://www.javbus.com/DANJ-017,
AP-314 お義母さんは…僕のいいなり！奇跡の再会！父の再婚相手（義理の母）は超若くて超美人！！しかもよく見たら突然姿を消したお気に入りの元風俗嬢！でも、父はそんな彼女の過去を知らない！そりゃ脅してヤリまくります,AP-314 お義母さんは…僕のいいなり！奇跡の再会！父の再婚相手（義理の母）は超若くて超美人！！しかもよく見たら突然姿を消したお気に入りの元風俗嬢！でも、父はそんな彼女の過去を知らない！そりゃ脅してヤリまくります,AP-314,,2016-05-16,240分鐘,ボルボ中野坂上,アパッチ,アパッチ（HHHグループ）,,妓女、性奴、惡作劇、婆婆、巨乳、DMM獨家,多人,https://www.javbus.com/AP-314,
FLOW-002 すけべ爺の女喰らい熟練交尾 第弐章,FLOW-002 すけべ爺の女喰らい熟練交尾 第弐章,FLOW-002,,2016-05-16,240分鐘,,不老仙人/エマニエル,不老仙人,すけべ爺の女喰らい熟練交尾,其他戀物癖、亂倫、已婚婦女、4小時以上作品、DMM獨家,多人,https://www.javbus.com/FLOW-002,
MXGS-875 MAXING - See Unpublished Footage! The Ultimate Dildo Masturbation,MXGS-875 MAXING - See Unpublished Footage! The Ultimate Dildo Masturbation,MXGS-875,,2016-05-16,0分鐘,,マキシング,,,玩具、合集、高畫質、自慰,多人,https://www.javbus.com/MXGS-875,
MRSS-026 ミセスの中出し調教 特大号 15人,MRSS-026 ミセスの中出し調教 特大号 15人,MRSS-026,,2016-05-16,281分鐘,清,ミセスの素顔/エマニエル,ミセスの素顔,,合集、已婚婦女、凌辱、中出、4小時以上作品、高畫質、DMM獨家,多人,https://www.javbus.com/MRSS-026,
"HYAZ-082 I Got A Boner Looking At A Flight Attendant's Sexy Pantyhose Legs. While I Was Being Embarrassed, Th","HYAZ-082 I Got A Boner Looking At A Flight Attendant's Sexy Pantyhose Legs. While I Was Being Embarrassed, Th",HYAZ-082,,2016-05-15,0分鐘,,ジャネス,,,蕩婦、其他戀物癖、連褲襪、空中小姐、戀腿癖、打手槍,多人,https://www.javbus.com/HYAZ-082,
PPBD-123 巨乳娘と毎日日替わりSEX豪華3ヶ月分91人8時間BEST,PPBD-123 巨乳娘と毎日日替わりSEX豪華3ヶ月分91人8時間BEST,PPBD-123,,2016-05-15,480分鐘,,OPPAI,OPPAI,,乳交、合集、戀乳癖、中出、巨乳、DMM獨家,多人,https://www.javbus.com/PPBD-123,
TOMN-055 加速するグラインド 極上の騎乗位 2,TOMN-055 加速するグラインド 極上の騎乗位 2,TOMN-055,,2016-05-15,240分鐘,,TEPPAN,TEPPANSPECIAL,加速するグラインド,合集、美少女、數位馬賽克、女上位、高畫質、汗だく、DMM獨家,多人,https://www.javbus.com/TOMN-055,
RBB-094 強制発射！超絶テクの気持ち良すぎる手コキ絶頂210連射16時間 第2弾,RBB-094 強制発射！超絶テクの気持ち良すぎる手コキ絶頂210連射16時間 第2弾,RBB-094,,2016-05-15,960分鐘,,ROOKIE,ROOKIE,強制発射！超絶テクの気持ち良すぎる手コキ絶頂,蕩婦、姐姐、DMM獨家、打手槍,多人,https://www.javbus.com/RBB-094,
DFRD-013 パンパン尻に圧迫されたい！ イケてるお姉さまたちのオマ○コを顔騎クンニ、彼女たちもギン勃ちチ○ポを見て逆に興奮！ 淫語手コキでザーメンを搾り取ろうとしてきた。,DFRD-013 パンパン尻に圧迫されたい！ イケてるお姉さまたちのオマ○コを顔騎クンニ、彼女たちもギン勃ちチ○ポを見て逆に興奮！ 淫語手コキでザーメンを搾り取ろうとしてきた。,DFRD-013,,2016-05-15,110分鐘,,ジャネス,FUTURERED,,蕩婦、淫語、多P、高畫質、顏面騎乘、打手槍,多人,https://www.javbus.com/DFRD-013,
MDB-696 BAZOOKA厳選素材100人スーパーベスト8時間,MDB-696 BAZOOKA厳選素材100人スーパーベスト8時間,MDB-696,,2016-05-13,481分鐘,おずま,メディアステーション,BAZOOKA（バズーカ）,,OL、合集、4小時以上作品、高畫質、高中女生、女生,多人,https://www.javbus.com/MDB-696,
MDB-695 AV女優観察ドキュメンタリー 人気AV女優さんが一ヶ月の禁欲生活を送った後に媚薬入りドリンクを飲ませたら、どこまでブッ壊れたSEXを見せてくれるのだろうか？,MDB-695 AV女優観察ドキュメンタリー 人気AV女優さんが一ヶ月の禁欲生活を送った後に媚薬入りドリンクを飲ませたら、どこまでブッ壊れたSEXを見せてくれるのだろうか？,MDB-695,,2016-05-13,161分鐘,クワッチー,メディアステーション,BAZOOKA（バズーカ）,,企畫、藥物、潮吹、纪录片、姐姐、乳房、高畫質,多人,https://www.javbus.com/MDB-695,
"LESJ-002 ""I'm Already So Wet..."" These Days, Horny (Lesbian)Mother-In-Laws Want My Body So Bad, They Come At","LESJ-002 ""I'm Already So Wet..."" These Days, Horny (Lesbian)Mother-In-Laws Want My Body So Bad, They Come At",LESJ-002,,2016-05-13,0分鐘,,マニアゼロ,,,女同性戀、舔陰、婆婆、高畫質、キス・接吻,多人,https://www.javbus.com/LESJ-002,
MDB-697 エッチな淫語痴女お姉さん50人500分BEST,MDB-697 エッチな淫語痴女お姉さん50人500分BEST,MDB-697,,2016-05-13,501分鐘,K太郎,メディアステーション,BAZOOKA（バズーカ）,,蕩婦、合集、淫語、姐姐、中出、4小時以上作品、高畫質,多人,https://www.javbus.com/MDB-697,
REDC-001 Redcat おかげさまで10ヶ月！中出し奥出し50連発240分！,REDC-001 Redcat おかげさまで10ヶ月！中出し奥出し50連発240分！,REDC-001,,2016-05-09,240分鐘,,RedCat,赤猫BEST,,合集、美少女、乳房、中出、4小時以上作品、DMM獨家,多人,https://www.javbus.com/REDC-001,
CESD-211 感じすぎていっぱい潮吹きごめんなさい…8時間ベスト,CESD-211 感じすぎていっぱい潮吹きごめんなさい…8時間ベスト,CESD-211,,2016-05-09,478分鐘,,セレブの友,セレブの友,感じすぎていっぱい潮吹き,成熟的女人、潮吹、合集、花癡、多P、DMM獨家,多人,https://www.javbus.com/CESD-211,
CESD-214 淫らに乱れる波多野結衣,CESD-214 淫らに乱れる波多野結衣,CESD-214,,2016-05-09,153分鐘,,セレブの友,セレブの友,淫らに乱れる,蕩婦、成熟的女人、已婚婦女、花癡、巨乳、單體作品、DMM獨家,多人,https://www.javbus.com/CESD-214,
MBYD-255 潤んだ瞳で咥え込むフェラチオ＆臨場感ある快感SEX！4時間,MBYD-255 潤んだ瞳で咥え込むフェラチオ＆臨場感ある快感SEX！4時間,MBYD-255,,2016-05-08,239分鐘,,溜池ゴロー,溜池ゴロー,,口交、合集、已婚婦女、新娘、年輕妻子、主觀視角、DMM獨家,多人,https://www.javbus.com/MBYD-255,
WSP-114 キスがエロけりゃ醜男だって、美女とベロちゅうデキるのだぁ 4,WSP-114 キスがエロけりゃ醜男だって、美女とベロちゅうデキるのだぁ 4,WSP-114,,2016-05-06,244分鐘,,ワープエンタテインメント,S＋,キスがエロけりゃ,蕩婦、合集、舔陰、4小時以上作品、高畫質、キス・接吻,多人,https://www.javbus.com/WSP-114,
DFGR-010 若妻好きな俺は出会った人妻に突然ムラムラして手コキを強要したら意外にも感じてヤッてくれた！,DFGR-010 若妻好きな俺は出会った人妻に突然ムラムラして手コキを強要したら意外にも感じてヤッてくれた！,DFGR-010,,2016-05-03,140分鐘,,ジャネス,FUTUREGREEN,,新娘、年輕妻子、高畫質、自慰、打手槍,多人,https://www.javbus.com/DFGR-010,
DJSB-087 M性感 W痴女のチ●ポ狩り DX16シーン4時間 ～職場で逆痴漢するオンナたち～,DJSB-087 M性感 W痴女のチ●ポ狩り DX16シーン4時間 ～職場で逆痴漢するオンナたち～,DJSB-087,,2016-05-03,239分鐘,,ジャネス,MANIA痴女,M性感W痴女のチ○ポ狩り,蕩婦、合集、姐姐、多P、4小時以上作品、高畫質、打手槍,多人,https://www.javbus.com/DJSB-087,
HUNTA-147 包茎チ○ポに発情！修学旅行で同じクラスの男子に「包茎」とバカにされ不登校なボク。こんなことは親にも言えない！しかしこんなボクを心配した学校の先生が家にやってきて原因を聞いてくる。親身になって相談に乗っ,HUNTA-147 包茎チ○ポに発情！修学旅行で同じクラスの男子に「包茎」とバカにされ不登校なボク。こんなことは親にも言えない！しかしこんなボクを心配した学校の先生が家にやってきて原因を聞いてくる。親身になって相談に乗っ,HUNTA-147,,2016-05-01,230分鐘,川尻,Hunter,Hunter（HHHグループ）,,女教師、連褲襪、多P、巨乳、DMM獨家、打手槍,多人,https://www.javbus.com/HUNTA-147,
PBD-325 トロけるフェラチオからお掃除フェラBEST,PBD-325 トロけるフェラチオからお掃除フェラBEST,PBD-325,,2016-04-30,240分鐘,,プレミアム,PREMIUMBEST,,口交、合集、數位馬賽克、DMM獨家,多人,https://www.javbus.com/PBD-325,
BF-452 綺麗なお姉さん限定！美顔射祭！,BF-452 綺麗なお姉さん限定！美顔射祭！,BF-452,,2016-04-30,480分鐘,,BeFree,BeFree,,合集、姐姐、顏射、DMM獨家,多人,https://www.javbus.com/BF-452,
PBD-324 敏感極上ボディのお姉さん 31人と日替わりセックス,PBD-324 敏感極上ボディのお姉さん 31人と日替わりセックス,PBD-324,,2016-04-30,240分鐘,,プレミアム,PREMIUMBEST,,合集、姐姐、數位馬賽克、DMM獨家,多人,https://www.javbus.com/PBD-324,
TOMN-052 射精直前の獣のような激しい腰振り 53発射,TOMN-052 射精直前の獣のような激しい腰振り 53発射,TOMN-052,,2016-04-27,240分鐘,,TEPPAN,TEPPANSPECIAL,,苗條、合集、美少女、數位馬賽克、高畫質、汗だく、DMM獨家,多人,https://www.javbus.com/TOMN-052,
TOMN-053 痙攣昇天 玩具連続イカセ,TOMN-053 痙攣昇天 玩具連続イカセ,TOMN-053,,2016-04-27,240分鐘,,TEPPAN,TEPPANSPECIAL,,合集、美少女、數位馬賽克、女優按摩棒、高畫質、汗だく、DMM獨家,多人,https://www.javbus.com/TOMN-053,
CJOB-010 丸ごと1年分全作全シーン網羅 269 痴女ヘブン革命期2015年 61タイトル8時間,CJOB-010 丸ごと1年分全作全シーン網羅 269 痴女ヘブン革命期2015年 61タイトル8時間,CJOB-010,,2016-04-23,480分鐘,,痴女ヘブン（美）,痴女ヘブンBEST,,蕩婦、合集、淫語、姐姐、巨乳、DMM獨家,多人,https://www.javbus.com/CJOB-010,
HNDS-046 上原亜衣引退スペシャル 逆100人×中出し 次の上原亜衣になるAV女優は誰だ！？,HNDS-046 上原亜衣引退スペシャル 逆100人×中出し 次の上原亜衣になるAV女優は誰だ！？,HNDS-046,,2016-04-23,150分鐘,らくだ,本中,本中,,業餘、纪录片、美少女、中出、高畫質、DMM獨家,多人,https://www.javbus.com/HNDS-046,
HNDS-045 上原亜衣引退スペシャル 100人×中出し 引退させたいvs引退させたくない,HNDS-045 上原亜衣引退スペシャル 100人×中出し 引退させたいvs引退させたくない,HNDS-045,,2016-04-23,240分鐘,タイガー小堺,本中,本中,100人×中出し,業餘、濫交、纪录片、美少女、中出、高畫質、單體作品、DMM獨家,多人,https://www.javbus.com/HNDS-045,
24ID-027 未公開！24人の人気女優の主観淫語フェラ 4時間,24ID-027 未公開！24人の人気女優の主観淫語フェラ 4時間,24ID-027,,2016-04-22,242分鐘,,TMA,TMA,,口交、淫語、4小時以上作品、主觀視角、高畫質、打手槍,多人,https://www.javbus.com/24ID-027,
REAL-594 白濁のザーメンをごっくん＆大量顔射！ 鬼の100連発SP！,REAL-594 白濁のザーメンをごっくん＆大量顔射！ 鬼の100連発SP！,REAL-594,,2016-04-22,481分鐘,ジーニアス膝,レアルワークス,REAL（レアルワークス）,,美少女、4小時以上作品、高畫質、顏射、吞精,多人,https://www.javbus.com/REAL-594,
EMRD-065 オナニーコレクション2016春101人8時間,EMRD-065 オナニーコレクション2016春101人8時間,EMRD-065,,2016-04-17,480分鐘,,エンペラー/妄想族,エンペラー（エンペラー/妄想族）,,成熟的女人、合集、已婚婦女、拘束、DMM獨家、自慰,多人,https://www.javbus.com/EMRD-065,
FLOA-024 アゲアゲクラブクィーンが踊りまくり、脱ぎまくりでオマ○コおっぴろげ！おっぱいプルプル、お尻プリプリ…汗まみれ お下劣ダンサー！！ 2,FLOA-024 アゲアゲクラブクィーンが踊りまくり、脱ぎまくりでオマ○コおっぴろげ！おっぱいプルプル、お尻プリプリ…汗まみれ お下劣ダンサー！！ 2,FLOA-024,,2016-04-17,90分鐘,ACIDKILLER,スタイルアート/妄想族,スタイルアートFLOOR/妄想族,汗まみれお下劣ダンサー！！,蕩婦、屁股、跳舞、DMM獨家,多人,https://www.javbus.com/FLOA-024,
EMAC-061 絶対に気持ちイイ、熟女、人妻の凄テクなフェラチオ！抜きやすさバッチリアングル、カメラ目線でチ○ポをしゃぶりまくり2 20人4時間！！,EMAC-061 絶対に気持ちイイ、熟女、人妻の凄テクなフェラチオ！抜きやすさバッチリアングル、カメラ目線でチ○ポをしゃぶりまくり2 20人4時間！！,EMAC-061,,2016-04-17,240分鐘,,DX/エマニエル,DX（エマニエル）,絶対に気持ちイイ、熟女、人妻の凄テクなフェラチオ！,成熟的女人、口交、已婚婦女、DMM獨家,多人,https://www.javbus.com/EMAC-061,
LZWM-014 突撃！いたずらレズ乱交inメイクルーム,LZWM-014 突撃！いたずらレズ乱交inメイクルーム,LZWM-014,,2016-04-17,125分鐘,,レズれ！,レズれ！プレイ,,女同性戀、濫交、潮吹、惡作劇、女同接吻、DMM獨家,多人,https://www.javbus.com/LZWM-014,
MXSPS-433 極上性肉奴隷市場4 鎖に繋がれた囚われの女18名,MXSPS-433 極上性肉奴隷市場4 鎖に繋がれた囚われの女18名,MXSPS-433,,2016-04-16,304分鐘,,マキシング,MAXING,18人の極上性肉奴隷市場,合集、監禁、性奴、拘束、凌辱、4小時以上作品,多人,https://www.javbus.com/MXSPS-433,
TOMN-050 妖艶！淫靡！女盛りの美熟女厳選集 23名,TOMN-050 妖艶！淫靡！女盛りの美熟女厳選集 23名,TOMN-050,,2016-04-16,239分鐘,,TEPPAN,TEPPANSPECIAL,,成熟的女人、合集、數位馬賽克、女上位、高畫質、汗だく、DMM獨家,多人,https://www.javbus.com/TOMN-050,
RBB-091 発射寸前！我慢汁垂れ流しの気持ちいいフェラチオ316連射16時間第5弾,RBB-091 発射寸前！我慢汁垂れ流しの気持ちいいフェラチオ316連射16時間第5弾,RBB-091,,2016-04-16,960分鐘,,ROOKIE,ROOKIE,発射寸前！我慢汁垂れ流しの気持ちいいフェラチオ,口交、合集、顏射、16時間以上作品、DMM獨家,多人,https://www.javbus.com/RBB-091,
IDBD-709 着たまま犯る！ 着衣レ○プ8時間 BEST ～第二幕～「お願いだから、もうヤメテ…」抵抗するも着衣のまま狂棒を捻じ込まれ犯される女達…,IDBD-709 着たまま犯る！ 着衣レ○プ8時間 BEST ～第二幕～「お願いだから、もうヤメテ…」抵抗するも着衣のまま狂棒を捻じ込まれ犯される女達…,IDBD-709,,2016-04-16,480分鐘,,アイデアポケット,アイデアポケットBEST,着たまま犯る！,濫交、合集、各種職業、數位馬賽克、凌辱、DMM獨家,多人,https://www.javbus.com/IDBD-709,
PPBD-121 ノンストップでおっぱいが揺れまくる巨乳ならではのフェラチオ8時間BEST,PPBD-121 ノンストップでおっぱいが揺れまくる巨乳ならではのフェラチオ8時間BEST,PPBD-121,,2016-04-16,480分鐘,,OPPAI,OPPAI,,口交、合集、戀乳癖、乳房、デカチン・巨根、巨乳、DMM獨家,多人,https://www.javbus.com/PPBD-121,
TOMN-051 鉄板 BEST OF BEST オナニー 50名,TOMN-051 鉄板 BEST OF BEST オナニー 50名,TOMN-051,,2016-04-16,239分鐘,,TEPPAN,TEPPANSPECIAL,鉄板BESTOFBEST,合集、美少女、數位馬賽克、高畫質、汗だく、DMM獨家、自慰,多人,https://www.javbus.com/TOMN-051,
CESD-204 痴女×痴女レズビアン3 川上ゆう 波多野結衣,CESD-204 痴女×痴女レズビアン3 川上ゆう 波多野結衣,CESD-204,,2016-04-10,160分鐘,真咲.jp,セレブの友,セレブの友,痴女×痴女レズビアン,角色扮演、成熟的女人、女同性戀、已婚婦女、巨乳、DMM獨家,多人,https://www.javbus.com/CESD-204,
ANX-072 催眠洗脳研究 奴隷性玩20人 vol.3,ANX-072 催眠洗脳研究 奴隷性玩20人 vol.3,ANX-072,,2016-04-10,240分鐘,,催眠研究所別館,催眠隷女（催眠研究所別館）,催眠洗脳研究,纪录片、性奴、4小時以上作品、催眠、高畫質、巨乳、DMM獨家,多人,https://www.javbus.com/ANX-072,
MBYD-253 恥ずかしさと快楽の狭間で崩れる貞操…玩具責めでイカされる人妻4時間,MBYD-253 恥ずかしさと快楽の狭間で崩れる貞操…玩具責めでイカされる人妻4時間,MBYD-253,,2016-04-09,240分鐘,,溜池ゴロー,溜池ゴロー,,成熟的女人、合集、新娘、年輕妻子、DMM獨家,多人,https://www.javbus.com/MBYD-253,
VRTM-155 They Look Prim And Proper Until These Hot Wives With Big Tits Show Off Their Incredible Sex Skills,VRTM-155 They Look Prim And Proper Until These Hot Wives With Big Tits Show Off Their Incredible Sex Skills,VRTM-155,,2016-04-08,0分鐘,,,,,蕩婦、企畫、合集、乳房、中出、4小時以上作品、高畫質、巨乳,多人,https://www.javbus.com/VRTM-155,
MDB-690 もしも巨チンの僕が巨乳レディばかりいる大型サウナ店で働いたら… 波多野結衣 篠田あゆみ 北川エリカ 吉川あいみ,MDB-690 もしも巨チンの僕が巨乳レディばかりいる大型サウナ店で働いたら… 波多野結衣 篠田あゆみ 北川エリカ 吉川あいみ,MDB-690,,2016-04-08,140分鐘,中目黒浩治,メディアステーション,BAZOOKA（バズーカ）,,企畫、姐姐、妄想、按摩、高畫質、巨乳,多人,https://www.javbus.com/MDB-690,
MDB-691 人気女優生中出しSEX100 8時間BEST,MDB-691 人気女優生中出しSEX100 8時間BEST,MDB-691,,2016-04-08,485分鐘,K太郎,メディアステーション,BAZOOKA（バズーカ）,,合集、各種職業、姐姐、中出、4小時以上作品、高畫質、巨乳,多人,https://www.javbus.com/MDB-691,
PBD-323 プレミアム10周年記念 ベスト・オブ・プレミアム 12時間 2011～2015,PBD-323 プレミアム10周年記念 ベスト・オブ・プレミアム 12時間 2011～2015,PBD-323,,2016-04-02,720分鐘,,プレミアム,PREMIUMBEST,BESTOFPREMIUM,合集、數位馬賽克、4小時以上作品、DMM獨家,多人,https://www.javbus.com/PBD-323,
BF-449 どっちが本物の痴女なのか！？AIKA VS 波多野結衣 ガチンコ男イカセ対決！,BF-449 どっちが本物の痴女なのか！？AIKA VS 波多野結衣 ガチンコ男イカセ対決！,BF-449,,2016-04-02,120分鐘,,BeFree,BeFree,,蕩婦、纪录片、高畫質、DMM獨家、女生,多人,https://www.javbus.com/BF-449,
BF-447 絶品BODYの極エロ着衣 中出しSEX30本番8時間,BF-447 絶品BODYの極エロ着衣 中出しSEX30本番8時間,BF-447,,2016-04-02,480分鐘,,BeFree,BeFree,,角色扮演、合集、巨乳、DMM獨家,多人,https://www.javbus.com/BF-447,
BBAN-085 「レズ撮影は絶対NG」の丘咲エミリに世界の波多野がレズドッキリ！レズタチNo.1女優に迫られたAV女優はレズを解禁してしまうのか！？ガチレズ口説きドキュメント2,BBAN-085 「レズ撮影は絶対NG」の丘咲エミリに世界の波多野がレズドッキリ！レズタチNo.1女優に迫られたAV女優はレズを解禁してしまうのか！？ガチレズ口説きドキュメント2,BBAN-085,,2016-04-02,180分鐘,,ビビアン,ビビアン,ガチレズ口説きドキュメント,女同性戀、苗條、纪录片、乳房、女同接吻、高畫質、DMM獨家,多人,https://www.javbus.com/BBAN-085,
DJSR-049 私の偽チ●ポでレズ痴漢！職場で見かけたカワイイあの娘（ノンケ）の唇を見つめるだけで興奮しちゃう私は欲求を抑えられずにペニバンで突いてイカせまくっちゃいました！,DJSR-049 私の偽チ●ポでレズ痴漢！職場で見かけたカワイイあの娘（ノンケ）の唇を見つめるだけで興奮しちゃう私は欲求を抑えられずにペニバンで突いてイカせまくっちゃいました！,DJSR-049,,2016-03-30,107分鐘,,ジャネス,ladies,,玩具、OL、女同性戀、凌辱、高畫質,多人,https://www.javbus.com/DJSR-049,
DFRD-010 絶品ボディのお姉さんたちにモテ遊ばれた僕のチ●ポ。今日も2つのマ●コに3Pさせられて精子を搾られてます。,DFRD-010 絶品ボディのお姉さんたちにモテ遊ばれた僕のチ●ポ。今日も2つのマ●コに3Pさせられて精子を搾られてます。,DFRD-010,,2016-03-30,110分鐘,,ジャネス,FUTURERED,,蕩婦、口交、姐姐、多P、舔陰、高畫質、打手槍,多人,https://www.javbus.com/DFRD-010,
DFGR-008 日頃清楚な人妻も勃起チ●ポを見せればオマ●コぐちょ濡れ、強制フェラで何度も何度も喉奥にぶち込まれ口内発射される瞬間！,DFGR-008 日頃清楚な人妻も勃起チ●ポを見せればオマ●コぐちょ濡れ、強制フェラで何度も何度も喉奥にぶち込まれ口内発射される瞬間！,DFGR-008,,2016-03-30,140分鐘,,ジャネス,FUTUREGREEN,,口交、已婚婦女、深喉、凌辱、高畫質、デカチン・巨根,多人,https://www.javbus.com/DFGR-008,
DJSR-048 夫の留守に姑にレズられる私（ノンケ） 「一生のお願い！」 無理矢理オマ○コを舐められその気になった私に疑似チ○ポを挿入するレズビアンな母親,DJSR-048 夫の留守に姑にレズられる私（ノンケ） 「一生のお願い！」 無理矢理オマ○コを舐められその気になった私に疑似チ○ポを挿入するレズビアンな母親,DJSR-048,,2016-03-30,111分鐘,,ジャネス,ladies,,玩具、女同性戀、亂倫、新娘、年輕妻子、凌辱、高畫質,多人,https://www.javbus.com/DJSR-048,
ASFB-190 悩殺SEXYランジェリー スケベな下着のお姉様 4時間 BEST,ASFB-190 悩殺SEXYランジェリー スケベな下着のお姉様 4時間 BEST,ASFB-190,,2016-03-27,240分鐘,,FetishBox/妄想族,FetishBox/妄想族,悩殺SEXYランジェリー,蕩婦、其他戀物癖、合集、DMM獨家,多人,https://www.javbus.com/ASFB-190,
EMAC-060 「厳選」四十路人妻 熟れカラダのぐっしょ濡れオマ○コにカチカチの肉棒を突っ込みまくる とにかくエロい熟した女たち20人4時間,EMAC-060 「厳選」四十路人妻 熟れカラダのぐっしょ濡れオマ○コにカチカチの肉棒を突っ込みまくる とにかくエロい熟した女たち20人4時間,EMAC-060,,2016-03-27,240分鐘,艶熟寺,DX/エマニエル,DX（エマニエル）,,成熟的女人、已婚婦女、4小時以上作品、DMM獨家,多人,https://www.javbus.com/EMAC-060,
IDBD-707 よりどりチ○コをまとめてフェラチオ 一度に2本も3本もチ○ポを咥えしゃぶりまくる淫獣女50人8時間！！,IDBD-707 よりどりチ○コをまとめてフェラチオ 一度に2本も3本もチ○ポを咥えしゃぶりまくる淫獣女50人8時間！！,IDBD-707,,2016-03-26,480分鐘,,アイデアポケット,アイデアポケットBEST,,口交、合集、數位馬賽克、4小時以上作品、DMM獨家、顏射、吞精,多人,https://www.javbus.com/IDBD-707,
TOMN-049 オンナの射精！潮噴き激昇天性交 25名,TOMN-049 オンナの射精！潮噴き激昇天性交 25名,TOMN-049,,2016-03-26,239分鐘,,TEPPAN,TEPPANSPECIAL,,潮吹、美少女、數位馬賽克、高畫質、汗だく、巨乳、DMM獨家,多人,https://www.javbus.com/TOMN-049,
MIBD-997 MOODYZ2015年全タイトル16時間,MIBD-997 MOODYZ2015年全タイトル16時間,MIBD-997,,2016-03-26,959分鐘,,ムーディーズ,MOODYZBest,MOODYZ○年全タイトル○時間,合集、美少女、數位馬賽克、中出、DMM獨家、肛交,多人,https://www.javbus.com/MIBD-997,
MIBD-998 スレンダーBODYの細身巨乳31人とセックス三昧日替わりBEST,MIBD-998 スレンダーBODYの細身巨乳31人とセックス三昧日替わりBEST,MIBD-998,,2016-03-26,239分鐘,,ムーディーズ,MOODYZBest,,苗條、合集、姐姐、數位馬賽克、女上位、巨乳、DMM獨家,多人,https://www.javbus.com/MIBD-998,
OOMN-164 濃厚大量ザーメンぶっかけ！！ 顔面射精 60発,OOMN-164 濃厚大量ザーメンぶっかけ！！ 顔面射精 60発,OOMN-164,,2016-03-26,240分鐘,,ABC/妄想族,お母さん.com/ABC,,成熟的女人、苗條、合集、顏射、DMM獨家,多人,https://www.javbus.com/OOMN-164,
MIAD-889 私立ハーレム淫語学園,MIAD-889 私立ハーレム淫語学園,MIAD-889,,2016-03-26,120分鐘,ラッシャーみよし,ムーディーズ,MOODYZACID,,女教師、淫語、數位馬賽克、主觀視角、高畫質、ハーレム、高中女生、DMM獨家,多人,https://www.javbus.com/MIAD-889,
UD-708R 何も知らない旦那と結婚した元有名AV女優が、偶然に元カレにバッタリ遭遇？！その幸せそうな様子に嫉妬し、旦那に気付かれないようにちょっかいを出してきた。すると、口止めとして一回だけ内緒でヤラせてくれた元,UD-708R 何も知らない旦那と結婚した元有名AV女優が、偶然に元カレにバッタリ遭遇？！その幸せそうな様子に嫉妬し、旦那に気付かれないようにちょっかいを出してきた。すると、口止めとして一回だけ内緒でヤラせてくれた元,UD-708R,,2016-03-25,121分鐘,ドラゴン西川,LEO,LEO,,已婚婦女、女上位、出軌,多人,https://www.javbus.com/UD-708R,
LXJE-255 ［永久保存版］［M男専用痴女］ボンデージペニバン男女逆転SEX4時間 女は男を擬チ●ポで犯したい！男は女の擬チ●ポで犯されたい！スペシャル58名収録！！,LXJE-255 ［永久保存版］［M男専用痴女］ボンデージペニバン男女逆転SEX4時間 女は男を擬チ●ポで犯したい！男は女の擬チ●ポで犯されたい！スペシャル58名収録！！,LXJE-255,,2016-03-22,243分鐘,,マニアゼロ,Mスナイパー,,蕩婦、性奴、高畫質、M男、緊縛、打手槍,多人,https://www.javbus.com/LXJE-255,
MAZJ-029 メンズエステに行ったら、お姉さんたちのセクシーなミニスカパンストにチ●ポが破裂寸前。お店には内緒で僕のチ●ポ誘惑されちゃいました！,MAZJ-029 メンズエステに行ったら、お姉さんたちのセクシーなミニスカパンストにチ●ポが破裂寸前。お店には内緒で僕のチ●ポ誘惑されちゃいました！,MAZJ-029,,2016-03-22,117分鐘,,マニアゼロ,M性感倶楽部,,蕩婦、連褲襪、戀腿癖、制服、美容院、高畫質,多人,https://www.javbus.com/MAZJ-029,
BNRI-024 美人妻の本気すぎるディルドオナニー,BNRI-024 美人妻の本気すぎるディルドオナニー,BNRI-024,,2016-03-20,87分鐘,三目透,STARPARADISE,万里眼,,玩具、已婚婦女、高畫質、自慰,多人,https://www.javbus.com/BNRI-024,
CJOB-008 ひたすら痴女にイカされる！射精直前ピストン,CJOB-008 ひたすら痴女にイカされる！射精直前ピストン,CJOB-008,,2016-03-19,240分鐘,,痴女ヘブン（美）,痴女ヘブンBEST,,蕩婦、合集、姐姐、中出、女上位、DMM獨家,多人,https://www.javbus.com/CJOB-008,
DAZD-078 極上女優だけの凌辱BEST,DAZD-078 極上女優だけの凌辱BEST,DAZD-078,,2016-03-19,240分鐘,,ダスッ！,ダスッ！,,合集、美少女、中出、DMM獨家、顏射,多人,https://www.javbus.com/DAZD-078,
DASD-330 ハメカン特命！ハメまくりカンパニー,DASD-330 ハメカン特命！ハメまくりカンパニー,DASD-330,,2016-03-19,120分鐘,,ダスッ！,ダスッ！,,蕩婦、OL、濫交、性奴、高畫質、DMM獨家,多人,https://www.javbus.com/DASD-330,
MXSPS-428 「超」本気（マジ）イキコレクション8時間 vol.4,MXSPS-428 「超」本気（マジ）イキコレクション8時間 vol.4,MXSPS-428,,2016-03-16,490分鐘,,マキシング,MAXING,○○コレクション,其他戀物癖、合集、4小時以上作品,多人,https://www.javbus.com/MXSPS-428,
DFRD-009 制服お姉さんに誘惑されたボク。パンスト越しの透けマ●コに勃起しているチ●ポをオマ●コ舐めさせてもらいながらしゃぶられて死にそうです！,DFRD-009 制服お姉さんに誘惑されたボク。パンスト越しの透けマ●コに勃起しているチ●ポをオマ●コ舐めさせてもらいながらしゃぶられて死にそうです！,DFRD-009,,2016-03-15,117分鐘,,ジャネス,FUTURERED,,蕩婦、口交、各種職業、多P、舔陰、高畫質,多人,https://www.javbus.com/DFRD-009,
DFRD-006 女の職場は刺激的！ お姉様たちの誘惑にドキドキ。ギン勃ちした僕のチ●ポを見て濃厚ベロチュウと手コキでイカされちゃった！,DFRD-006 女の職場は刺激的！ お姉様たちの誘惑にドキドキ。ギン勃ちした僕のチ●ポを見て濃厚ベロチュウと手コキでイカされちゃった！,DFRD-006,,2016-03-15,111分鐘,,ジャネス,FUTURERED,,蕩婦、口交、連褲襪、制服、高畫質、打手槍,多人,https://www.javbus.com/DFRD-006,
LZBS-017 レズれ！シリーズBEST 1日中愛し逢う終わらないレズSEX コンプリート8時間,LZBS-017 レズれ！シリーズBEST 1日中愛し逢う終わらないレズSEX コンプリート8時間,LZBS-017,,2016-03-14,481分鐘,TAKE-D,レズれ！,レズれ！ベスト,1日中愛し逢う終わらないレズSEX,女同性戀、合集、69、4小時以上作品、女同接吻、高畫質、DMM獨家,多人,https://www.javbus.com/LZBS-017,
LZPL-010 女監督ハルナの 女と女の嫉妬 ガチンコトリプルレズバトル round.02,LZPL-010 女監督ハルナの 女と女の嫉妬 ガチンコトリプルレズバトル round.02,LZPL-010,,2016-03-14,123分鐘,ハルナ,レズれ！,レズれ！プレイ,ガチンコトリプルレズバトル,OL、女同性戀、插入異物、女同接吻、高畫質、DMM獨家、內衣,多人,https://www.javbus.com/LZPL-010,
BDA-012 奴隷市場の宴,BDA-012 奴隷市場の宴,BDA-012,,2016-03-14,240分鐘,あばしり一家,バミューダ/妄想族,バミューダ/妄想族,,SM、紧缚、性奴、凌辱、DMM獨家,多人,https://www.javbus.com/BDA-012,
TOMN-046 鉄板 BEST OF BEST フェラチオ 50名,TOMN-046 鉄板 BEST OF BEST フェラチオ 50名,TOMN-046,,2016-03-13,240分鐘,,TEPPAN,TEPPANSPECIAL,,口交、合集、美少女、數位馬賽克、高畫質、汗だく、DMM獨家,多人,https://www.javbus.com/TOMN-046,
RBB-086 ちんちんクリクリ 痴女お姉さんが射精管理してあげるっ！気持ち良すぎる絶頂チ○コ責め8時間,RBB-086 ちんちんクリクリ 痴女お姉さんが射精管理してあげるっ！気持ち良すぎる絶頂チ○コ責め8時間,RBB-086,,2016-03-13,480分鐘,,ROOKIE,ROOKIE,,蕩婦、淫語、姐姐、M男、DMM獨家,多人,https://www.javbus.com/RBB-086,
RBB-085 イクと同時にブッシャアァァァァ！！！！とめどなく溢れる潮噴き大噴射8時間,RBB-085 イクと同時にブッシャアァァァァ！！！！とめどなく溢れる潮噴き大噴射8時間,RBB-085,,2016-03-13,480分鐘,,ROOKIE,ROOKIE,とめどなく溢れる潮噴き大噴射○時間,放尿、潮吹、合集、美少女、羞恥、DMM獨家,多人,https://www.javbus.com/RBB-085,
PPBD-118 OPPAI 2015年1年分 全タイトルまるごと収録！！16時間,PPBD-118 OPPAI 2015年1年分 全タイトルまるごと収録！！16時間,PPBD-118,,2016-03-13,960分鐘,,OPPAI,OPPAI,1年分全タイトルまるごと収録,乳交、合集、戀乳癖、中出、巨乳、DMM獨家,多人,https://www.javbus.com/PPBD-118,
TAMO-019 性奴隷にされた人妻たち,TAMO-019 性奴隷にされた人妻たち,TAMO-019,,2016-03-11,239分鐘,薄刃紫翠,オルガ,アモーレ,,合集、已婚婦女、性奴、高畫質、出軌、戲劇,多人,https://www.javbus.com/TAMO-019,
MKMP-072 カリスマアイドルたちにタップリ生中出しBEST8時間スペシャル 5,MKMP-072 カリスマアイドルたちにタップリ生中出しBEST8時間スペシャル 5,MKMP-072,,2016-03-11,481分鐘,K太郎,ケイ・エム・プロデュース,million（ミリオン）,カリスマアイドルたちにタップリ生中出しBEST,合集、多P、中出、4小時以上作品、高畫質、單體作品,多人,https://www.javbus.com/MKMP-072,
CESD-200 大槻ひびき19時間40分ベスト,CESD-200 大槻ひびき19時間40分ベスト,CESD-200,,2016-03-11,1180分鐘,,セレブの友,セレブの友,,成熟的女人、已婚婦女、中出、女優ベスト・総集編、16時間以上作品、單體作品、DMM獨家,多人,https://www.javbus.com/CESD-200,
MDB-684 人気タイトル目白押し！！BAZOOKA妄想膨らむ企画BEST30 8時間スペシャル,MDB-684 人気タイトル目白押し！！BAZOOKA妄想膨らむ企画BEST30 8時間スペシャル,MDB-684,,2016-03-11,481分鐘,K太郎,メディアステーション,BAZOOKA（バズーカ）,,企畫、口交、合集、4小時以上作品、高畫質、巨乳,多人,https://www.javbus.com/MDB-684,
KRBV-248 KARMA 有名女優 特盛り！ BESTセレクション 8時間,KRBV-248 KARMA 有名女優 特盛り！ BESTセレクション 8時間,KRBV-248,,2016-03-10,480分鐘,,カルマ,BEST,,其他戀物癖、合集、中出、4小時以上作品、巨乳、DMM獨家,多人,https://www.javbus.com/KRBV-248,
TRCT-692 【スマホ推奨】マスターベーションインストラクション 4-Jerk Off Instruction-職業コスJOIイイ女スペシャル,TRCT-692 【スマホ推奨】マスターベーションインストラクション 4-Jerk Off Instruction-職業コスJOIイイ女スペシャル,TRCT-692,,2016-03-09,186分鐘,沢木ジャミー,ROCKET,ROCKET,マスターベーションインストラクション,角色扮演、企畫、淫語、各種職業、高畫質、スマホ専用縦動画、自慰,多人,https://www.javbus.com/TRCT-692,
MAZJ-302 仕事中のお姉さんたちにエッチなM願望をお願いしたらまさかの責め好き痴女だった！お姉さんたちの凄ワザテクニックに僕のチ●ポはドピュドピュイキまくるし、アナルは痙攣するほどイカされちゃいました！ DX4時,MAZJ-302 仕事中のお姉さんたちにエッチなM願望をお願いしたらまさかの責め好き痴女だった！お姉さんたちの凄ワザテクニックに僕のチ●ポはドピュドピュイキまくるし、アナルは痙攣するほどイカされちゃいました！ DX4時,MAZJ-302,,2016-03-09,243分鐘,,マニアゼロ,M性感倶楽部,仕事中のお姉さんたちにエッチなM願望をお願いしたらまさかの責め好き痴女だった！,蕩婦、护士、OL、制服、4小時以上作品、高畫質、M男,多人,https://www.javbus.com/MAZJ-302,
HUNTA-122 男は僕以外全員女性のシェアハウスで王様ゲーム！田舎から上京し、安いという理由で選んだシェアハウスの他の住人がまさかの全員女性！男が僕1人なもんだから非常に肩身が狭いし、僕が冴えない男なもんだからコキ使,HUNTA-122 男は僕以外全員女性のシェアハウスで王様ゲーム！田舎から上京し、安いという理由で選んだシェアハウスの他の住人がまさかの全員女性！男が僕1人なもんだから非常に肩身が狭いし、僕が冴えない男なもんだからコキ使,HUNTA-122,,2016-03-05,350分鐘,アマゾン円童,Hunter,Hunter（ソフトオンデマンド）,王様ゲーム,企畫、女同性戀、其他戀物癖、4小時以上作品、高畫質、ハーレム,多人,https://www.javbus.com/HUNTA-122,
BF-441 お口に全部ちょうだい フェラチオ大好きお姉さん達の口内射精34発8時間,BF-441 お口に全部ちょうだい フェラチオ大好きお姉さん達の口内射精34発8時間,BF-441,,2016-03-03,480分鐘,,BeFree,BeFree,お口に全部ちょうだい,口交、合集、姐姐、DMM獨家,多人,https://www.javbus.com/BF-441,
BF-440 BeFree 2015 CompleteBEST 49タイトル8時間,BF-440 BeFree 2015 CompleteBEST 49タイトル8時間,BF-440,,2016-03-03,480分鐘,,BeFree,BeFree,BeFreeCompleteBEST,合集、各種職業、纪录片、DMM獨家,多人,https://www.javbus.com/BF-440,
SSPD-125 女王様凌辱戦争 JACKAL ANOTHER NIGHT～仁義なき狼藉の宴～,SSPD-125 女王様凌辱戦争 JACKAL ANOTHER NIGHT～仁義なき狼藉の宴～,SSPD-125,,2016-03-03,200分鐘,Koolong,アタッカーズ,スーパースペシャル,,SM、女同性戀、凌辱、高畫質、DMM獨家,多人,https://www.javbus.com/SSPD-125,
PBD-321 未知のオーガズムを開発してくれる絶品痴女テクニックBEST,PBD-321 未知のオーガズムを開発してくれる絶品痴女テクニックBEST,PBD-321,,2016-03-03,240分鐘,,プレミアム,PREMIUMBEST,,蕩婦、合集、數位馬賽克、DMM獨家,多人,https://www.javbus.com/PBD-321,
JFB-127 濃厚汗だく肉感グラマラス 全作品集12時間,JFB-127 濃厚汗だく肉感グラマラス 全作品集12時間,JFB-127,,2016-02-27,720分鐘,,Fitch,Fitch,濃厚汗だく○○グラマラス,合集、各種職業、戀乳癖、屁股、數位馬賽克、汗だく、DMM獨家,多人,https://www.javbus.com/JFB-127,
VVVD-137 女監督ハルナの最高に過激なレズペニバン肛門FUCKエステ 神BEST 17名11時間,VVVD-137 女監督ハルナの最高に過激なレズペニバン肛門FUCKエステ 神BEST 17名11時間,VVVD-137,,2016-02-27,670分鐘,ハルナ,ヴィ,V,女監督ハルナの最高に過激なレズ,女同性戀、潮吹、合集、數位馬賽克、美容院、DMM獨家、肛交,多人,https://www.javbus.com/VVVD-137,
CORB-035 CORE2015年 下半期拷問史 イカセ凌辱フルコース！！！,CORB-035 CORE2015年 下半期拷問史 イカセ凌辱フルコース！！！,CORB-035,,2016-02-27,480分鐘,,CORE,CORE,CORE○年○半期拷問史,合集、花癡、DMM獨家、肛交,多人,https://www.javbus.com/CORB-035,
MIRD-159 【限定共演】MOODYZファン感謝祭 バコバコバスツアー2015 優勝記念版,MIRD-159 【限定共演】MOODYZファン感謝祭 バコバコバスツアー2015 優勝記念版,MIRD-159,,2016-02-27,720分鐘,,ムーディーズ,MOODYZREAL,バコバコバスツアー,業餘、濫交、潮吹、美少女、數位馬賽克、高畫質、巨乳、DMM獨家,多人,https://www.javbus.com/MIRD-159,
BMW-124 おっぱいパフパフ挟み上げパイズリBEST,BMW-124 おっぱいパフパフ挟み上げパイズリBEST,BMW-124,,2016-02-27,240分鐘,,ワンズファクトリー,WANZ,,乳交、合集、戀乳癖、巨乳、DMM獨家,多人,https://www.javbus.com/BMW-124,
GIGL-266 閑静な住宅街の隠れ家的エステサロンに［若さと美貌］を求めて訪れる上品な美人妻を騙して飲ませた媚薬入りハーブティーの効果で全身が性感帯状態に！！ 2,GIGL-266 閑静な住宅街の隠れ家的エステサロンに［若さと美貌］を求めて訪れる上品な美人妻を騙して飲ませた媚薬入りハーブティーの効果で全身が性感帯状態に！！ 2,GIGL-266,,2016-02-26,158分鐘,,GIGOLO（ジゴロ）,GIGOLO,閑静な住宅街の隠れ家的エステサロンに［若さと美貌］を求めて訪れる上品な美人妻を騙して…,已婚婦女、偷窥、凌辱、羞恥、中出、美容院、高畫質,多人,https://www.javbus.com/GIGL-266,
SCOP-364 旅行先の貸切家族風呂で姉と弟が一緒に混浴。初めは照れ合う二人だが勃起したチ●コを見て興奮した姉が誘ってしまい… 2,SCOP-364 旅行先の貸切家族風呂で姉と弟が一緒に混浴。初めは照れ合う二人だが勃起したチ●コを見て興奮した姉が誘ってしまい… 2,SCOP-364,,2016-02-26,158分鐘,クワッチー,スクープ,SCOOP（スクープ）,旅行先の貸切家族風呂で姉と弟が一緒に混浴。初めは照れ合う二人だが勃起したチ●コを見て興奮した姉が誘っ,企畫、乳交、亂倫、姐妹、高畫質、温泉、巨乳,多人,https://www.javbus.com/SCOP-364,
NASS-384 旦那の留守を狙って美人妻を3Pレイプしてやった！初めはイヤがってたが俺たちの大勃起チ○ポに興奮したのかマン汁垂らしてヒイヒイ言いはじめたのでガン突きして思いっきり中出ししてやった！ 2,NASS-384 旦那の留守を狙って美人妻を3Pレイプしてやった！初めはイヤがってたが俺たちの大勃起チ○ポに興奮したのかマン汁垂らしてヒイヒイ言いはじめたのでガン突きして思いっきり中出ししてやった！ 2,NASS-384,,2016-02-26,121分鐘,GA-SU,なでしこ,Nadeshiko,旦那の留守を狙って美人妻を3Pレイプしてやった！,已婚婦女、多P、高畫質、單體作品,多人,https://www.javbus.com/NASS-384,
MCSR-208 無理やり犯されているのに濡れ濡れ…、夫以外とのセックスで感じてしまう人妻を虜にするレイプの魅力。12人4時間 02,MCSR-208 無理やり犯されているのに濡れ濡れ…、夫以外とのセックスで感じてしまう人妻を虜にするレイプの魅力。12人4時間 02,MCSR-208,,2016-02-25,248分鐘,鶴舞龍之介,ビッグモーカル,マスカット,無理やり犯されているのに濡れ濡れ…,已婚婦女、4小時以上作品、高畫質,多人,https://www.javbus.com/MCSR-208,
KUSR-015 中出し不倫妻たちの温泉旅行,KUSR-015 中出し不倫妻たちの温泉旅行,KUSR-015,,2016-02-25,119分鐘,菊の助,ビッグモーカル,九龍（ビッグモーカル）,,已婚婦女、纪录片、通姦、中出、高畫質、温泉、巨乳,多人,https://www.javbus.com/KUSR-015,
WNXG-073 極選！！ゴールデンベスト 華靡BOX Ver.3 8時間30分,WNXG-073 極選！！ゴールデンベスト 華靡BOX Ver.3 8時間30分,WNXG-073,,2016-02-20,502分鐘,VOLUME,STARPARADISE,VOLUME,極選！！,合集、監禁、已婚婦女、女主人、女老板、4小時以上作品、高畫質、巨乳,多人,https://www.javbus.com/WNXG-073,
HNDS-042 好きなマ○コにいつでも中出しOK海の家 ヤリマン編,HNDS-042 好きなマ○コにいつでも中出しOK海の家 ヤリマン編,HNDS-042,,2016-02-20,120分鐘,ZAMPA,本中,本中,好きなマ○コにいつでも中出しOK海の家,野外・露出、濫交、中出、高畫質、巨乳、DMM獨家、女生,多人,https://www.javbus.com/HNDS-042,
CJOB-006 ベロを絡ませながら挿入するのが気持ちいいと知ってしまったからもうセックスをやめることができない31人ベスト,CJOB-006 ベロを絡ませながら挿入するのが気持ちいいと知ってしまったからもうセックスをやめることができない31人ベスト,CJOB-006,,2016-02-20,240分鐘,,痴女ヘブン（美）,痴女ヘブンBEST,,蕩婦、合集、淫語、姐姐、キス・接吻、DMM獨家,多人,https://www.javbus.com/CJOB-006,
AGEMIX-298 超・女体観察 2 神秘の女体図鑑！自然界最高の創作物「オンナ」,AGEMIX-298 超・女体観察 2 神秘の女体図鑑！自然界最高の創作物「オンナ」,AGEMIX-298,,2016-02-19,130分鐘,,SEXAgent,SEXAgent,超・女体観察,其他戀物癖、美少女、羞恥、高畫質、局部特寫,多人,https://www.javbus.com/AGEMIX-298,
MXSPS-421 大量ぶっかけ濃厚顔射祭 60人5時間,MXSPS-421 大量ぶっかけ濃厚顔射祭 60人5時間,MXSPS-421,,2016-02-16,307分鐘,,マキシング,MAXING,,4小時以上作品、顏射,多人,https://www.javbus.com/MXSPS-421,
CADV-567 大変態女 3 8時間35人30選！！,CADV-567 大変態女 3 8時間35人30選！！,CADV-567,,2016-02-16,477分鐘,,クリスタル映像,CRYSTALEX,大変態女,合集、中出、4小時以上作品、高畫質、巨乳、吞精,多人,https://www.javbus.com/CADV-567,
EMAZ-306 匂いたつパンスト性交4時間40人,EMAZ-306 匂いたつパンスト性交4時間40人,EMAZ-306,,2016-02-15,240分鐘,,婦人社/エマニエル,婦人社,,成熟的女人、亂倫、連褲襪、已婚婦女、巨尻、DMM獨家,多人,https://www.javbus.com/EMAZ-306,
EMAZ-307 ガニ股ディルド騎乗位4時間40人,EMAZ-307 ガニ股ディルド騎乗位4時間40人,EMAZ-307,,2016-02-15,240分鐘,,婦人社/エマニエル,婦人社,,成熟的女人、潮吹、已婚婦女、女上位、DMM獨家,多人,https://www.javbus.com/EMAZ-307,
DFRD-005 完全主観！旦那のチ○ポをねっとりとフェラチオしたがる美人妻,DFRD-005 完全主観！旦那のチ○ポをねっとりとフェラチオしたがる美人妻,DFRD-005,,2016-02-15,120分鐘,,ジャネス,FUTURERED,,蕩婦、口交、其他戀物癖、已婚婦女、主觀視角,多人,https://www.javbus.com/DFRD-005,
LZBS-016 レズれ！厳選BEST8時間 真咲南朋監督が12作品から選んだエロシーン全てお見せします！,LZBS-016 レズれ！厳選BEST8時間 真咲南朋監督が12作品から選んだエロシーン全てお見せします！,LZBS-016,,2016-02-15,480分鐘,真咲南朋,レズれ！,レズれ！ベスト,レズれ！厳選BEST8時間,女同性戀、合集、69、4小時以上作品、女同接吻、DMM獨家,多人,https://www.javbus.com/LZBS-016,
PPBD-116 彼女のお姉さんは巨乳と中出しOKで僕を誘惑8タイトル丸ごと全部入り16時間BEST,PPBD-116 彼女のお姉さんは巨乳と中出しOKで僕を誘惑8タイトル丸ごと全部入り16時間BEST,PPBD-116,,2016-02-14,960分鐘,,OPPAI,OPPAI,彼女のお姉さんは巨乳と中出しOKで僕を誘惑,合集、姐姐、姐妹、中出、出軌、巨乳、DMM獨家,多人,https://www.javbus.com/PPBD-116,
OOMN-161 ガン突きバック65名,OOMN-161 ガン突きバック65名,OOMN-161,,2016-02-14,240分鐘,,ABC/妄想族,お母さん.com/ABC,,成熟的女人、合集、已婚婦女、屁股、數位馬賽克、DMM獨家,多人,https://www.javbus.com/OOMN-161,
TPPS-005 鉄板 BEST HITS 2015,TPPS-005 鉄板 BEST HITS 2015,TPPS-005,,2016-02-14,239分鐘,,TEPPAN,TEPPAN,TEPPANSPECIAL,苗條、合集、美少女、數位馬賽克、高畫質、巨乳、DMM獨家,多人,https://www.javbus.com/TPPS-005,
RKI-411 世界一発射の勢いが凄すぎる男の孕ませドッカーンSEX 吉川あいみ 波多野結衣 阿部乃みく,RKI-411 世界一発射の勢いが凄すぎる男の孕ませドッカーンSEX 吉川あいみ 波多野結衣 阿部乃みく,RKI-411,,2016-02-14,170分鐘,三島六三郎,ROOKIE,ROOKIE,世界一発射の勢いが凄すぎる男の孕ませドッカーンSEX,乳交、中出、高畫質、M男、巨乳、DMM獨家、顏射,多人,https://www.javbus.com/RKI-411,
MDB-678 美人女将が心を込めたスペシャルテクニックで接待！至れり尽くせりのスペシャル温泉旅館！！ 上原亜衣 乙葉ななせ なつめ愛莉 波多野結衣 篠田ゆう 水野朝陽 大槻ひびき,MDB-678 美人女将が心を込めたスペシャルテクニックで接待！至れり尽くせりのスペシャル温泉旅館！！ 上原亜衣 乙葉ななせ なつめ愛莉 波多野結衣 篠田ゆう 水野朝陽 大槻ひびき,MDB-678,,2016-02-12,200分鐘,中目黒浩治,メディアステーション,BAZOOKA（バズーカ）,,企畫、濫交、女主人、女老板、乳房、高畫質、温泉,多人,https://www.javbus.com/MDB-678,
REAL-581 鬼フェラ地獄ベスト3 最強フェラ軍団ノンストップフェラスペシャル,REAL-581 鬼フェラ地獄ベスト3 最強フェラ軍団ノンストップフェラスペシャル,REAL-581,,2016-02-12,241分鐘,ジーニアス膝,レアルワークス,REAL（レアルワークス）,鬼フェラ地獄,蕩婦、口交、合集、多P、4小時以上作品、高畫質,多人,https://www.javbus.com/REAL-581,
PBD-318 濃厚、密着、セックス。BEST 押し寄せる快感と昇りつめる絶頂SEX 8時間SPECIAL,PBD-318 濃厚、密着、セックス。BEST 押し寄せる快感と昇りつめる絶頂SEX 8時間SPECIAL,PBD-318,,2016-02-04,480分鐘,,プレミアム,PREMIUMBEST,濃厚、密着、セックス。,合集、數位馬賽克、汗だく、DMM獨家,多人,https://www.javbus.com/PBD-318,
PBD-319 ヤってはいけない場所なのに気持ちよすぎて逆らえない 痴女プレイBEST,PBD-319 ヤってはいけない場所なのに気持ちよすぎて逆らえない 痴女プレイBEST,PBD-319,,2016-02-04,240分鐘,,プレミアム,PREMIUMBEST,,合集、各種職業、數位馬賽克、DMM獨家,多人,https://www.javbus.com/PBD-319,
HFD-128 逆◆チクビ痴漢 野外でゲリラ痴漢＆そのまま逆レイプ！！スペシャル 4時間,HFD-128 逆◆チクビ痴漢 野外でゲリラ痴漢＆そのまま逆レイプ！！スペシャル 4時間,HFD-128,,2016-02-03,230分鐘,,ドリームチケット,ドリームチケット,逆◆チクビ痴漢,蕩婦、野外・露出、口交、其他戀物癖、合集、高畫質,多人,https://www.javbus.com/HFD-128,
DJSR-046 レズビアンが居る職場と知らずに来た私（ノンケ） 変な空気に気づいた時には双頭ディルドがオマ●コに挿入されて腰を振ってました！,DJSR-046 レズビアンが居る職場と知らずに来た私（ノンケ） 変な空気に気づいた時には双頭ディルドがオマ●コに挿入されて腰を振ってました！,DJSR-046,,2016-02-02,112分鐘,,ジャネス,ladies,,玩具、护士、女同性戀、展場女孩、高畫質,多人,https://www.javbus.com/DJSR-046,
SENJ-301 人妻たちのマン汁オナニーがヤバすぎる ！！ マ○コをイジる姿がイヤらしくて思わずチ○ポ勃起！俺のセンズリ見せつけドピュ！！DX19人4時間,SENJ-301 人妻たちのマン汁オナニーがヤバすぎる ！！ マ○コをイジる姿がイヤらしくて思わずチ○ポ勃起！俺のセンズリ見せつけドピュ！！DX19人4時間,SENJ-301,,2016-02-02,252分鐘,,マニアゼロ,センズリ倶楽部,人妻たちのマン汁オナニーがヤバすぎる！！,其他戀物癖、合集、已婚婦女、4小時以上作品、高畫質、自慰,多人,https://www.javbus.com/SENJ-301,
DFGR-002 いつもは澄ました昼顔夫人に突然襲いかかりオナニー強要！嫌がりながらも感じている姿に興奮してセンズリ顔射！！,DFGR-002 いつもは澄ました昼顔夫人に突然襲いかかりオナニー強要！嫌がりながらも感じている姿に興奮してセンズリ顔射！！,DFGR-002,,2016-02-02,141分鐘,,ジャネス,FUTUREGREEN,,已婚婦女、凌辱、高畫質、自慰、顏射,多人,https://www.javbus.com/DFGR-002,
SESA-017 働くお姉さん（真性レズ）に突然、レズ痴漢された私（ノンケ）初めての経験に戸惑いつつも感じてしまい何度もイカされちゃいました！,SESA-017 働くお姉さん（真性レズ）に突然、レズ痴漢された私（ノンケ）初めての経験に戸惑いつつも感じてしまい何度もイカされちゃいました！,SESA-017,,2016-01-31,110分鐘,ACIDKILLER,設定思考/妄想族,設定思考/妄想族,,护士、女同性戀、各種職業、舔陰、女同接吻、DMM獨家,多人,https://www.javbus.com/SESA-017,
BMW-121 騎乗位で中出しさせてくれる変態お姉さんBEST2,BMW-121 騎乗位で中出しさせてくれる変態お姉さんBEST2,BMW-121,,2016-01-30,240分鐘,,ワンズファクトリー,WANZ,騎乗位で中出しさせてくれる変態お姉さんBEST,蕩婦、姐姐、中出、女上位、巨乳、DMM獨家,多人,https://www.javbus.com/BMW-121,
MAZJ-301 エステティシャンのストッキングや制服にそそられた俺はチ○ポをフル勃起させワガママ放題。過剰すぎるサービスが自慢のM男専用エステサロン DX4時間,MAZJ-301 エステティシャンのストッキングや制服にそそられた俺はチ○ポをフル勃起させワガママ放題。過剰すぎるサービスが自慢のM男専用エステサロン DX4時間,MAZJ-301,,2016-01-26,241分鐘,,マニアゼロ,M性感倶楽部,エステティシャンのストッキングや制服にそそられた俺はチ○ポをフル勃起させワガママ放題。過剰すぎるサー,連褲襪、姐姐、制服、4小時以上作品、美容院、高畫質、M男,多人,https://www.javbus.com/MAZJ-301,
LHJF-753 近所の昼顔妻に喉奥までチ○ポをぶち込み強制フェラ！唾液をたらしながら咥える顔に興奮したもんで思いっきり精子を発射してやった！！,LHJF-753 近所の昼顔妻に喉奥までチ○ポをぶち込み強制フェラ！唾液をたらしながら咥える顔に興奮したもんで思いっきり精子を発射してやった！！,LHJF-753,,2016-01-26,249分鐘,,マニアゼロ,F’OXY,,口交、紧缚、已婚婦女、深喉、4小時以上作品、高畫質,多人,https://www.javbus.com/LHJF-753,
MCSR-206 圧倒的背徳感！ 絶対ダメだと分かっていても息子や義父とヤっちゃう…。性欲が強すぎる義母たちの近親相姦！ 12人4時間02,MCSR-206 圧倒的背徳感！ 絶対ダメだと分かっていても息子や義父とヤっちゃう…。性欲が強すぎる義母たちの近親相姦！ 12人4時間02,MCSR-206,,2016-01-25,250分鐘,鶴舞龍之介,ビッグモーカル,マスカット,圧倒的背徳感！絶対ダメだと分かっていても…,亂倫、多P、4小時以上作品、婆婆、高畫質,多人,https://www.javbus.com/MCSR-206,
CESD-187 女監督・真咲.jp 愛しき女たちのレズビアンSEX12時間,CESD-187 女監督・真咲.jp 愛しき女たちのレズビアンSEX12時間,CESD-187,,2016-01-24,720分鐘,真咲.jp,セレブの友,セレブの友,,成熟的女人、女同性戀、潮吹、合集、肛内中出、DMM獨家,多人,https://www.javbus.com/CESD-187,
HNTV-002 【衝撃】女優崩壊観察ドキュメント！絶叫即中出しきもだめしツアー,HNTV-002 【衝撃】女優崩壊観察ドキュメント！絶叫即中出しきもだめしツアー,HNTV-002,,2016-01-23,120分鐘,,本中,本中TV,,纪录片、美少女、中出、高畫質、巨乳、DMM獨家、女生,多人,https://www.javbus.com/HNTV-002,
CJOB-004 完全掌握！痴女のシュコシュコ手コキ4時間,CJOB-004 完全掌握！痴女のシュコシュコ手コキ4時間,CJOB-004,,2016-01-23,240分鐘,,痴女ヘブン（美）,痴女ヘブンBEST,,蕩婦、合集、淫語、姐姐、DMM獨家、打手槍,多人,https://www.javbus.com/CJOB-004,
AGEMIX-292 イっクよぉ～！観てるぅ～！？ONA21スタジオLIVEオナニー「みんなとイキたい」～オー・エヌ・エー・トゥエンティワン その時きっとひとつになれた～,AGEMIX-292 イっクよぉ～！観てるぅ～！？ONA21スタジオLIVEオナニー「みんなとイキたい」～オー・エヌ・エー・トゥエンティワン その時きっとひとつになれた～,AGEMIX-292,,2016-01-22,127分鐘,,SEXAgent,SEXAgent,,蕩婦、企畫、淫語、美少女、高畫質、泳裝、自慰,多人,https://www.javbus.com/AGEMIX-292,
XRW-157 ベスポジでカメラにヌキサシ見せ過ぎるズリネタ素材集 PART2,XRW-157 ベスポジでカメラにヌキサシ見せ過ぎるズリネタ素材集 PART2,XRW-157,,2016-01-22,181分鐘,,レアルワークス,REAL（レアルワークス）,ベスポジでカメラにヌキサシ見せ過ぎるズリネタ素材集,高畫質、按摩棒、巨乳、自慰、局部特寫,多人,https://www.javbus.com/XRW-157,
RCT-818 淫語女子アナ 8,RCT-818 淫語女子アナ 8,RCT-818,,2016-01-21,122分鐘,神戸たろう,ROCKET,ROCKET,淫語女子アナ,企畫、淫語、多P、高畫質、女主播、吞精,多人,https://www.javbus.com/RCT-818,
KSBE-033 喉奥までチンポを丸呑みしちゃうディープスロートベスト 4時間,KSBE-033 喉奥までチンポを丸呑みしちゃうディープスロートベスト 4時間,KSBE-033,,2016-01-20,242分鐘,,OFFICEK’S,K’SBEST,,口交、合集、姐姐、4小時以上作品、高畫質,多人,https://www.javbus.com/KSBE-033,
LZBS-015 レズれ！厳選BEST8時間 二村ヒトシ監督10作品から特選エロシーン全てお見せします！,LZBS-015 レズれ！厳選BEST8時間 二村ヒトシ監督10作品から特選エロシーン全てお見せします！,LZBS-015,,2016-01-17,480分鐘,二村ヒトシ,レズれ！,レズれ！ベスト,,女同性戀、合集、69、4小時以上作品、女同接吻、DMM獨家,多人,https://www.javbus.com/LZBS-015,
RBB-079 絡まる舌 交わるカラダ 女同士の百合×百合 レズ 50タイトル8時間,RBB-079 絡まる舌 交わるカラダ 女同士の百合×百合 レズ 50タイトル8時間,RBB-079,,2016-01-16,480分鐘,,ROOKIE,ROOKIE,,蕩婦、女同性戀、合集、女同接吻、DMM獨家,多人,https://www.javbus.com/RBB-079,
TOMN-039 高速ピストンで快感に腰砕け性交！,TOMN-039 高速ピストンで快感に腰砕け性交！,TOMN-039,,2016-01-16,239分鐘,,TEPPAN,TEPPANSPECIAL,,苗條、合集、美少女、數位馬賽克、高畫質、巨乳、DMM獨家,多人,https://www.javbus.com/TOMN-039,
PPBD-114 巨乳女教師の誘惑 8タイトル丸ごと全部入り16時間BEST vol.2,PPBD-114 巨乳女教師の誘惑 8タイトル丸ごと全部入り16時間BEST vol.2,PPBD-114,,2016-01-16,960分鐘,,OPPAI,OPPAI,巨乳女教師の誘惑（OPPAI）,蕩婦、女教師、乳交、合集、戀乳癖、巨乳、DMM獨家,多人,https://www.javbus.com/PPBD-114,
SBB-204 催眠トランス緊縛4時間,SBB-204 催眠トランス緊縛4時間,SBB-204,,2016-01-10,240分鐘,,マルクス兄弟,MARXBrothersco.,,紧缚、4小時以上作品、催眠、DMM獨家,多人,https://www.javbus.com/SBB-204,
MBYD-247 愚鈍な夫には見抜けないっ！妻の浮気・不倫情事4時間,MBYD-247 愚鈍な夫には見抜けないっ！妻の浮気・不倫情事4時間,MBYD-247,,2016-01-09,240分鐘,,溜池ゴロー,溜池ゴロー,,合集、已婚婦女、新娘、年輕妻子、通姦、出軌、DMM獨家,多人,https://www.javbus.com/MBYD-247,
HFD-125 乳首快楽Men’sサロン VIP ROOM 3 4時間,HFD-125 乳首快楽Men’sサロン VIP ROOM 3 4時間,HFD-125,,2016-01-08,240分鐘,,ドリームチケット,ドリームチケット,乳首快楽Men’sサロン,其他戀物癖、合集、淫語、美容院、按摩、高畫質,多人,https://www.javbus.com/HFD-125,
MDB-672 ハーレム巨乳美容院中出しスペシャル 波多野結衣 初美沙希 浜崎真緒 木南日菜,MDB-672 ハーレム巨乳美容院中出しスペシャル 波多野結衣 初美沙希 浜崎真緒 木南日菜,MDB-672,,2016-01-08,161分鐘,中目黒浩治,メディアステーション,BAZOOKA（バズーカ）,,企畫、各種職業、中出、高畫質、ハーレム、巨乳,多人,https://www.javbus.com/MDB-672,
VENU-570 湯けむり近親相姦 母子入浴交尾 総集編4 4時間,VENU-570 湯けむり近親相姦 母子入浴交尾 総集編4 4時間,VENU-570,,2016-01-01,240分鐘,,VENUS,INCEST（ヴィーナス）,湯けむり近親相姦,成熟的女人、合集、亂倫、已婚婦女、中出、4小時以上作品、DMM獨家,多人,https://www.javbus.com/VENU-570,
PBD-316 プレミアム 2015年上半期傑作選 8時間 2015.1～2015.6,PBD-316 プレミアム 2015年上半期傑作選 8時間 2015.1～2015.6,PBD-316,,2015-12-31,480分鐘,,プレミアム,PREMIUMBEST,プレミアム傑作選,蕩婦、放尿、合集、姐姐、數位馬賽克、中出、DMM獨家,多人,https://www.javbus.com/PBD-316,
PBD-317 プレミア女優の美脚×ストッキング3 美脚痴女スペシャル,PBD-317 プレミア女優の美脚×ストッキング3 美脚痴女スペシャル,PBD-317,,2015-12-31,240分鐘,,プレミアム,PREMIUMBEST,プレミア女優の美脚×ストッキング,合集、連褲襪、屁股、戀腿癖、數位馬賽克、DMM獨家,多人,https://www.javbus.com/PBD-317,
DJNJ-125 新婚の私（ノンケ）、姑に毎日レズ交尾されています。「貴方がどんな嫁か隅々まで知りたいの」双頭ディルドで継がれたオマ●コはすでにグチョ濡れでした！,DJNJ-125 新婚の私（ノンケ）、姑に毎日レズ交尾されています。「貴方がどんな嫁か隅々まで知りたいの」双頭ディルドで継がれたオマ●コはすでにグチョ濡れでした！,DJNJ-125,,2015-12-30,112分鐘,TANAKA,ジャネス,ladies,,成熟的女人、女同性戀、亂倫、新娘、年輕妻子、女同接吻、高畫質,多人,https://www.javbus.com/DJNJ-125,
MIBD-975 うっとり瞳でザーメンをおねだりするフェラチオ美女達を見下ろしながらの快感射精！！,MIBD-975 うっとり瞳でザーメンをおねだりするフェラチオ美女達を見下ろしながらの快感射精！！,MIBD-975,,2015-12-27,240分鐘,,ムーディーズ,MOODYZBest,,口交、合集、數位馬賽克、深喉、主觀視角、顏射、眼鏡、DMM獨家,多人,https://www.javbus.com/MIBD-975,
KUSR-013 縛られた美人秘書03 ～肉欲と恥辱に支配されたオフィス緊縛～,KUSR-013 縛られた美人秘書03 ～肉欲と恥辱に支配されたオフィス緊縛～,KUSR-013,,2015-12-25,120分鐘,菊の助,ビッグモーカル,九龍（ビッグモーカル）,縛られた美人秘書,OL、紧缚、秘書、高畫質、巨乳,多人,https://www.javbus.com/KUSR-013,
BDSR-232 ♀先輩「へぇ～、●●くんって会社でこんな風にされるのが興奮するんだぁ？」 美人過ぎるOLの癒され淫語耳犯し。【男ウケ】シチュ4時間12人,BDSR-232 ♀先輩「へぇ～、●●くんって会社でこんな風にされるのが興奮するんだぁ？」 美人過ぎるOLの癒され淫語耳犯し。【男ウケ】シチュ4時間12人,BDSR-232,,2015-12-25,242分鐘,B巻太,ビッグモーカル,BIGMORKAL,,蕩婦、OL、淫語、4小時以上作品、高畫質,多人,https://www.javbus.com/BDSR-232,
BDSR-233 【ハズレなし】素晴らし過ぎる美女レズ。 ガチで綺麗なお姉さん達が唾液交換濃厚キスで発情しながらイキまくる！ 24人のレズバトル4時間02,BDSR-233 【ハズレなし】素晴らし過ぎる美女レズ。 ガチで綺麗なお姉さん達が唾液交換濃厚キスで発情しながらイキまくる！ 24人のレズバトル4時間02,BDSR-233,,2015-12-25,242分鐘,鶴舞龍之介,ビッグモーカル,BIGMORKAL,【ハズレなし】素晴らし過ぎる美女レズ。,女同性戀、姐姐、4小時以上作品、高畫質、キス・接吻,多人,https://www.javbus.com/BDSR-233,
MIMK-039 MOODYZ15周年記念作品【限定共演】クリムゾンドリーム,MIMK-039 MOODYZ15周年記念作品【限定共演】クリムゾンドリーム,MIMK-039,,2015-12-25,300分鐘,苺原,ムーディーズ,まんきつ,クリムゾンコラボ,女同性戀、各種職業、數位馬賽克、凌辱、羞恥、中出、高畫質、遊戲的真人版、DMM獨家,多人,https://www.javbus.com/MIMK-039,
SCOP-351 夫の一周忌に遺影の前で義父と姦淫するふしだらな喪服未亡人は一年ぶりのセックスでヨガりまくる不貞女だった！！,SCOP-351 夫の一周忌に遺影の前で義父と姦淫するふしだらな喪服未亡人は一年ぶりのセックスでヨガりまくる不貞女だった！！,SCOP-351,,2015-12-25,161分鐘,K太郎,スクープ,SCOOP（スクープ）,,企畫、和服・喪服、寡婦、羞恥、高畫質、巨乳,多人,https://www.javbus.com/SCOP-351,
UD-696R いきなりパンツ脱がせてM字開脚 恥じらいの美熟女ドエロマ●コ 5,UD-696R いきなりパンツ脱がせてM字開脚 恥じらいの美熟女ドエロマ●コ 5,UD-696R,,2015-12-25,122分鐘,毛利秀虎,LEO,LEO,いきなりパンツ脱がせてM字開脚,成熟的女人、纪录片、羞恥,多人,https://www.javbus.com/UD-696R,
STAR-640 豪華共演！紗倉まな＆超人気女優たちがイカせてくれる 夢のハーレム逆3Pスペシャル,STAR-640 豪華共演！紗倉まな＆超人気女優たちがイカせてくれる 夢のハーレム逆3Pスペシャル,STAR-640,,2015-12-24,242分鐘,家太郎,SODクリエイト,SODstar,,多P、4小時以上作品、高畫質、ハーレム,多人,https://www.javbus.com/STAR-640,
T28-435 美脚黒ストッキングOL中出し乱交～仕事終わりにオフィスで乱交した思い出～,T28-435 美脚黒ストッキングOL中出し乱交～仕事終わりにオフィスで乱交した思い出～,T28-435,,2015-12-23,179分鐘,,TMA,TMA,,OL、濫交、連褲襪、戀腿癖、中出、高畫質,多人,https://www.javbus.com/T28-435,
23ID-045 性欲解放 絡み合う濃厚接吻と求め合う情熱性交 PREMIUM BEST 8時間,23ID-045 性欲解放 絡み合う濃厚接吻と求め合う情熱性交 PREMIUM BEST 8時間,23ID-045,,2015-12-23,481分鐘,,TMA,TMA,性欲解放（TMA）,合集、4小時以上作品、高畫質、キス・接吻、巨乳,多人,https://www.javbus.com/23ID-045,
CESD-178 おとんとおかん8時間ベスト,CESD-178 おとんとおかん8時間ベスト,CESD-178,,2015-12-21,480分鐘,黒龍武,セレブの友,セレブの友,おとんとおかん,成熟的女人、合集、亂倫、已婚婦女、巨尻、DMM獨家,多人,https://www.javbus.com/CESD-178,
HNDS-038 本中5周年記念作品！！美少女中出し島2015,HNDS-038 本中5周年記念作品！！美少女中出し島2015,HNDS-038,,2015-12-20,240分鐘,ZAMPA,本中,本中,美少女中出し島,濫交、美少女、中出、高畫質、巨乳、DMM獨家、女生,多人,https://www.javbus.com/HNDS-038,
CJOB-001 誘惑ランジェリー痴女SEX4時間,CJOB-001 誘惑ランジェリー痴女SEX4時間,CJOB-001,,2015-12-20,240分鐘,,痴女ヘブン（美）,痴女ヘブンBEST,,蕩婦、合集、姐姐、女上位、DMM獨家、內衣,多人,https://www.javbus.com/CJOB-001,
CJOB-002 女神達のフェラテクで口内射精！1ヵ月日替わり痴女責め31発,CJOB-002 女神達のフェラテクで口内射精！1ヵ月日替わり痴女責め31発,CJOB-002,,2015-12-20,240分鐘,,痴女ヘブン（美）,痴女ヘブンBEST,,蕩婦、口交、合集、姐姐、DMM獨家、打手槍,多人,https://www.javbus.com/CJOB-002,
MXSPS-407 マキシング半期ベスト10時間 ～2015年上半期編～,MXSPS-407 マキシング半期ベスト10時間 ～2015年上半期編～,MXSPS-407,,2015-12-16,610分鐘,,マキシング,MAXING,半期ベスト完全保存版,合集、多P、4小時以上作品,多人,https://www.javbus.com/MXSPS-407,
MXSPS-411 タマらず暴発！ビュッ飛び絶頂手コキ50発5時間,MXSPS-411 タマらず暴発！ビュッ飛び絶頂手コキ50発5時間,MXSPS-411,,2015-12-16,306分鐘,,マキシング,MAXING,,其他戀物癖、4小時以上作品、打手槍,多人,https://www.javbus.com/MXSPS-411,
DJSR-043 近親相姦 真性レズな姑に突然キスされた私「えっ、なんでこんなに濡れちゃう？」戸惑いつつも発情してしまういけない関係,DJSR-043 近親相姦 真性レズな姑に突然キスされた私「えっ、なんでこんなに濡れちゃう？」戸惑いつつも発情してしまういけない関係,DJSR-043,,2015-12-15,111分鐘,TANAKA,ジャネス,ladies,,成熟的女人、女同性戀、亂倫、已婚婦女、女同接吻、高畫質,多人,https://www.javbus.com/DJSR-043,
DFGR-001 ベロキス接吻MANIAX 私の唾液、とっても甘くて美味しいでしょ？,DFGR-001 ベロキス接吻MANIAX 私の唾液、とっても甘くて美味しいでしょ？,DFGR-001,,2015-12-15,122分鐘,,ジャネス,FUTUREGREEN,,成熟的女人、姐姐、キス・接吻、打手槍,多人,https://www.javbus.com/DFGR-001,
SLBB-025 職場でレズ痴漢 異常に性欲の強い私（真性レズ）同僚やお客様を誘惑して失神するほど感じさせレズの虜にしちゃいました！,SLBB-025 職場でレズ痴漢 異常に性欲の強い私（真性レズ）同僚やお客様を誘惑して失神するほど感じさせレズの虜にしちゃいました！,SLBB-025,,2015-12-13,110分鐘,,スタイルアート/妄想族,スタイルアートLOVEBETES/妄想族,,蕩婦、女同性戀、展場女孩、妓女、顏面騎乘、DMM獨家,多人,https://www.javbus.com/SLBB-025,
LZBS-014 レズれ！2015年間プレミアムベスト 女と女のイカセ合い10時間SP,LZBS-014 レズれ！2015年間プレミアムベスト 女と女のイカセ合い10時間SP,LZBS-014,,2015-12-13,600分鐘,,レズれ！,レズれ！ベスト,,女同性戀、合集、花癡、舔陰、女同接吻、高畫質、DMM獨家,多人,https://www.javbus.com/LZBS-014,
MKMP-044 3Pでハメられてイク美女達 BEST 50人＋1 8時間,MKMP-044 3Pでハメられてイク美女達 BEST 50人＋1 8時間,MKMP-044,,2015-12-11,481分鐘,コンドル★サミー,ケイ・エム・プロデュース,million（ミリオン）,,口交、合集、多P、4小時以上作品、高畫質,多人,https://www.javbus.com/MKMP-044,
BAZX-026 土下座の女 M社長 4時間,BAZX-026 土下座の女 M社長 4時間,BAZX-026,,2015-12-11,239分鐘,,メディアステーション,BAZOOKA（バズーカ）,,強姦、凌辱、羞恥、4小時以上作品、高畫質,多人,https://www.javbus.com/BAZX-026,
CEAD-116 美熟女オナニー8時間78人100シーン,CEAD-116 美熟女オナニー8時間78人100シーン,CEAD-116,,2015-12-07,480分鐘,,セレブの友,セレブの友,,成熟的女人、合集、已婚婦女、DMM獨家、自慰、肛交,多人,https://www.javbus.com/CEAD-116,
SBB-201 潮吹きアクメ激イカセ4時間,SBB-201 潮吹きアクメ激イカセ4時間,SBB-201,,2015-12-07,240分鐘,,マルクス兄弟,MARXBrothersco.,,潮吹、已婚婦女、深喉、中出、4小時以上作品、DMM獨家,多人,https://www.javbus.com/SBB-201,
MBYD-245 熱帯夜8時間 Vol.2,MBYD-245 熱帯夜8時間 Vol.2,MBYD-245,,2015-12-06,480分鐘,,溜池ゴロー,溜池ゴロー,熱帯夜,合集、已婚婦女、新娘、年輕妻子、出軌、汗だく、巨乳、DMM獨家,多人,https://www.javbus.com/MBYD-245,
BF-422 抜き挿しバッチリ！ハメシロだらけの激ピストンSEX8時間！,BF-422 抜き挿しバッチリ！ハメシロだらけの激ピストンSEX8時間！,BF-422,,2015-12-03,480分鐘,,BeFree,BeFree,,合集、巨乳、DMM獨家、局部特寫,多人,https://www.javbus.com/BF-422,
PBD-315 エッチなお姉さんたちとイチャイチャ中出し同棲生活。BEST,PBD-315 エッチなお姉さんたちとイチャイチャ中出し同棲生活。BEST,PBD-315,,2015-12-03,480分鐘,,プレミアム,PREMIUMBEST,イチャイチャ中出し同棲生活,合集、數位馬賽克、中出、主觀視角、DMM獨家,多人,https://www.javbus.com/PBD-315,
PBD-314 膣奥×亀頭がゴリゴリ！ディープインサートFUCK31人BEST,PBD-314 膣奥×亀頭がゴリゴリ！ディープインサートFUCK31人BEST,PBD-314,,2015-12-03,240分鐘,,プレミアム,PREMIUMBEST,,合集、數位馬賽克、女上位、DMM獨家,多人,https://www.javbus.com/PBD-314,
YTR-098 終わる事の無い責めに溺れる清純な女性たち4時間,YTR-098 終わる事の無い責めに溺れる清純な女性たち4時間,YTR-098,,2015-12-02,238分鐘,,NON,NON,,合集、多P、性奴、中出、女優按摩棒,多人,https://www.javbus.com/YTR-098,
MUPT-003 高飛車な唇は手荒な接吻で塞げばいい,MUPT-003 高飛車な唇は手荒な接吻で塞げばいい,MUPT-003,,2015-11-29,240分鐘,,無言/妄想族,PEEPINGTOM,○○な唇は手荒な接吻で塞げばいい,女教師、合集、各種職業、空中小姐、秘書、DMM獨家,多人,https://www.javbus.com/MUPT-003,
T28-434 親の居ない日、僕は5人の姉とむちゃくちゃSEXした。,T28-434 親の居ない日、僕は5人の姉とむちゃくちゃSEXした。,T28-434,,2015-11-27,150分鐘,,TMA,TMA,,蕩婦、濫交、亂倫、姐妹、中出、高畫質、巨乳,多人,https://www.javbus.com/T28-434,
BDSR-226 拝啓、堕胎は許しません。 『射精いっぱい我慢してね？我慢すればする程、いっぱい子宮に届くんだって！そしたらスグに子供出来ちゃうかもね◆』って、これが妊娠率100％のスウィート淫語美人妻8人4時間,BDSR-226 拝啓、堕胎は許しません。 『射精いっぱい我慢してね？我慢すればする程、いっぱい子宮に届くんだって！そしたらスグに子供出来ちゃうかもね◆』って、これが妊娠率100％のスウィート淫語美人妻8人4時間,BDSR-226,,2015-11-25,240分鐘,B巻太,ビッグモーカル,BIGMORKAL,,淫語、已婚婦女、中出、4小時以上作品、高畫質、巨乳,多人,https://www.javbus.com/BDSR-226,
KUSR-012 社内一の美人OLがまさかのパンチラで同僚社員を誘惑したら…,KUSR-012 社内一の美人OLがまさかのパンチラで同僚社員を誘惑したら…,KUSR-012,,2015-11-25,118分鐘,菊の助,ビッグモーカル,九龍（ビッグモーカル）,,蕩婦、OL、制服、高畫質、內衣,多人,https://www.javbus.com/KUSR-012,
MCSR-198 無理やり犯されているのに濡れ濡れ…、夫以外とのセックスで感じてしまう人妻を虜にするレイプの魅力。12人4時間,MCSR-198 無理やり犯されているのに濡れ濡れ…、夫以外とのセックスで感じてしまう人妻を虜にするレイプの魅力。12人4時間,MCSR-198,,2015-11-25,243分鐘,鶴舞龍之介,ビッグモーカル,マスカット,,強姦、已婚婦女、深喉、輪姦、拘束、4小時以上作品、高畫質,多人,https://www.javbus.com/MCSR-198,
DXDB-019 2014下半期～2015上半期 ～壮絶拷問大全～,DXDB-019 2014下半期～2015上半期 ～壮絶拷問大全～,DXDB-019,,2015-11-22,240分鐘,,BabyEntertainment,BLACKBABY,,合集、凌辱、薄馬賽克、4小時以上作品、DMM獨家,多人,https://www.javbus.com/DXDB-019,
CESD-167 最高の本格的レズ解禁,CESD-167 最高の本格的レズ解禁,CESD-167,,2015-11-22,172分鐘,真咲.jp,セレブの友,セレブの友,,成熟的女人、女同性戀、無毛、花癡、巨乳、DMM獨家,多人,https://www.javbus.com/CESD-167,
CESD-172 男をおもちゃにする女たち12時間,CESD-172 男をおもちゃにする女たち12時間,CESD-172,,2015-11-22,720分鐘,,セレブの友,セレブの友,,成熟的女人、合集、亂倫、已婚婦女、巨乳、DMM獨家,多人,https://www.javbus.com/CESD-172,
BIB-132 痴女の腰振りテク騎乗位イカせ4時間,BIB-132 痴女の腰振りテク騎乗位イカせ4時間,BIB-132,,2015-11-21,240分鐘,,美,美,,蕩婦、合集、姐姐、女上位、巨乳、DMM獨家,多人,https://www.javbus.com/BIB-132,
BIB-131 野外逆レ○プ！男を喰らう痴女4時間,BIB-131 野外逆レ○プ！男を喰らう痴女4時間,BIB-131,,2015-11-21,240分鐘,,美,美,,蕩婦、野外・露出、乳交、合集、DMM獨家,多人,https://www.javbus.com/BIB-131,
AGEMIX-288 脱ぎたてパンスト手コキ 3 絶妙透け具合の美脚美女7名が黒パンストONLY！で白い液を…！,AGEMIX-288 脱ぎたてパンスト手コキ 3 絶妙透け具合の美脚美女7名が黒パンストONLY！で白い液を…！,AGEMIX-288,,2015-11-20,103分鐘,,SEXAgent,SEXAgent,,蕩婦、淫語、連褲襪、姐姐、戀腿癖、高畫質、打手槍,多人,https://www.javbus.com/AGEMIX-288,
AGEMIX-286 オール2連射×M字開脚×鬼吸引フェラ 感涙のトリプルコンボ,AGEMIX-286 オール2連射×M字開脚×鬼吸引フェラ 感涙のトリプルコンボ,AGEMIX-286,,2015-11-20,127分鐘,,SEXAgent,SEXAgent,,蕩婦、口交、其他戀物癖、深喉、高畫質,多人,https://www.javbus.com/AGEMIX-286,
DSMO-025 大量聖水ぶっかけ！25名の美痴女が容赦なくM男に飲尿マーキングする完全保存版 4時間,DSMO-025 大量聖水ぶっかけ！25名の美痴女が容赦なくM男に飲尿マーキングする完全保存版 4時間,DSMO-025,,2015-11-18,243分鐘,,ジャネス,BS,,蕩婦、飲尿、性奴、高畫質、顏面騎乘、M男,多人,https://www.javbus.com/DSMO-025,
MXSPS-406 精子あふれ出す！特濃たっぷり中出し30本番8時間DX VOL.2,MXSPS-406 精子あふれ出す！特濃たっぷり中出し30本番8時間DX VOL.2,MXSPS-406,,2015-11-16,490分鐘,,マキシング,MAXING,精子あふれ出す！,合集、多P、中出、4小時以上作品,多人,https://www.javbus.com/MXSPS-406,
EMAZ-300 イキ顔にザーメン4時間40人,EMAZ-300 イキ顔にザーメン4時間40人,EMAZ-300,,2015-11-15,240分鐘,,婦人社/エマニエル,婦人社,,成熟的女人、合集、花癡、顏射、DMM獨家,多人,https://www.javbus.com/EMAZ-300,
DMBA-174 ゆっくりとシゴいてたっぷりとイカせてあげる 究極のスローな手淫で悶絶射精,DMBA-174 ゆっくりとシゴいてたっぷりとイカせてあげる 究極のスローな手淫で悶絶射精,DMBA-174,,2015-11-15,122分鐘,,ジャネス,MAZOBOYSCLUB,,蕩婦、护士、OL、姐姐、M男、打手槍,多人,https://www.javbus.com/DMBA-174,
EMAZ-301 最高のフェラチオ40人4時間,EMAZ-301 最高のフェラチオ40人4時間,EMAZ-301,,2015-11-15,240分鐘,,婦人社/エマニエル,婦人社,,成熟的女人、口交、合集、深喉、巨乳、DMM獨家,多人,https://www.javbus.com/EMAZ-301,
RBB-069 興奮度120％ パンツずらしてチ○コ挿入する着衣セックス16時間,RBB-069 興奮度120％ パンツずらしてチ○コ挿入する着衣セックス16時間,RBB-069,,2015-11-14,960分鐘,,ROOKIE,ROOKIE,,企畫、合集、中出、DMM獨家,多人,https://www.javbus.com/RBB-069,
RBB-073 見えない素肌が逆にエロい スリスリしたい黒ストッキングBEST16時間,RBB-073 見えない素肌が逆にエロい スリスリしたい黒ストッキングBEST16時間,RBB-073,,2015-11-14,960分鐘,,ROOKIE,ROOKIE,,OL、女教師、合集、戀腿癖、中出、高中女生、DMM獨家,多人,https://www.javbus.com/RBB-073,
PPBD-110 高画質！！巨乳だらけのパイズリ発射132発8時間BEST,PPBD-110 高画質！！巨乳だらけのパイズリ発射132発8時間BEST,PPBD-110,,2015-11-14,480分鐘,,OPPAI,OPPAI,,乳交、合集、戀乳癖、姐姐、乳房、巨乳、DMM獨家,多人,https://www.javbus.com/PPBD-110,
TYWD-080 女がガムシャラに腰を振る淫乱熱情SEX80連発4時間,TYWD-080 女がガムシャラに腰を振る淫乱熱情SEX80連発4時間,TYWD-080,,2015-11-14,240分鐘,,乱丸,乱丸,女がガムシャラに腰を振る淫乱熱情SEX,成熟的女人、合集、花癡、數位馬賽克、女上位、巨乳、DMM獨家,多人,https://www.javbus.com/TYWD-080,
RBB-072 性欲を抑え切れない本能剥き出し 可愛すぎる若妻のセックス16時間,RBB-072 性欲を抑え切れない本能剥き出し 可愛すぎる若妻のセックス16時間,RBB-072,,2015-11-14,960分鐘,,ROOKIE,ROOKIE,,合集、已婚婦女、新娘、年輕妻子、中出、巨乳、DMM獨家,多人,https://www.javbus.com/RBB-072,
LLJW-754 女が女にイカされるクンニオーガズム！マン汁ジュルジュル吸いまくりの4時間36人,LLJW-754 女が女にイカされるクンニオーガズム！マン汁ジュルジュル吸いまくりの4時間36人,LLJW-754,,2015-11-13,243分鐘,,マニアゼロ,W（マニアゼロ）,,角色扮演、女同性戀、舔陰、4小時以上作品、女傭、水手服,多人,https://www.javbus.com/LLJW-754,
MKMP-035 極上のオンナ達が貴方を見つめながらエロプレイ！カメラ目線でSEX BEST 54人＋1 8時間,MKMP-035 極上のオンナ達が貴方を見つめながらエロプレイ！カメラ目線でSEX BEST 54人＋1 8時間,MKMP-035,,2015-11-13,480分鐘,K太郎,ケイ・エム・プロデュース,million（ミリオン）,,口交、乳交、合集、4小時以上作品、主觀視角、高畫質,多人,https://www.javbus.com/MKMP-035,
REAL-564 鬼フェラ地獄XXVI 波多野結衣 浜崎真緒,REAL-564 鬼フェラ地獄XXVI 波多野結衣 浜崎真緒,REAL-564,,2015-11-13,145分鐘,K-WEST,レアルワークス,REAL（レアルワークス）,鬼フェラ地獄,蕩婦、口交、其他戀物癖、淫語、高畫質、吞精,多人,https://www.javbus.com/REAL-564,
LESJ-316 仕事中に突然レズ痴漢された私（ノンケ）初めての経験でとまどいながらもオマ○コ舐められイキまくっちゃいました！,LESJ-316 仕事中に突然レズ痴漢された私（ノンケ）初めての経験でとまどいながらもオマ○コ舐められイキまくっちゃいました！,LESJ-316,,2015-11-13,112分鐘,,マニアゼロ,レズ倶楽部（マニアゼロ）,,女同性戀、各種職業、性騷擾、制服、舔陰、高畫質,多人,https://www.javbus.com/LESJ-316,
MDB-656 完全主観！！人気女優が終始カメラ目線でマシンガンのように淫語を放ちながらSEX 大槻ひびき 上原亜衣 波多野結衣 渚うるみ,MDB-656 完全主観！！人気女優が終始カメラ目線でマシンガンのように淫語を放ちながらSEX 大槻ひびき 上原亜衣 波多野結衣 渚うるみ,MDB-656,,2015-11-13,160分鐘,K太郎,メディアステーション,BAZOOKA（バズーカ）,,蕩婦、身體意識、淫語、乳房、主觀視角、高畫質,多人,https://www.javbus.com/MDB-656,
DXDB-018 媚薬自慰キメ狂いオーガズム！！,DXDB-018 媚薬自慰キメ狂いオーガズム！！,DXDB-018,,2015-11-08,113分鐘,,BabyEntertainment,BLACKBABY,,藥物、薄馬賽克、高畫質、DMM獨家、自慰,多人,https://www.javbus.com/DXDB-018,
KAM-061 非現実的妄想劇場DX アナタの願望叶えます！もしも…男がたった1人しかいない会社の社員だったら？しかも女性社員がノーパン＆パンスト ノーブラで挑発してくる！,KAM-061 非現実的妄想劇場DX アナタの願望叶えます！もしも…男がたった1人しかいない会社の社員だったら？しかも女性社員がノーパン＆パンスト ノーブラで挑発してくる！,KAM-061,,2015-11-07,180分鐘,,カルマ,バラエティ,非現実的妄想劇場,蕩婦、企畫、OL、連褲襪、高畫質、巨乳、DMM獨家,多人,https://www.javbus.com/KAM-061,
MBYD-243 巨根フェラ4時間,MBYD-243 巨根フェラ4時間,MBYD-243,,2015-11-07,240分鐘,,溜池ゴロー,溜池ゴロー,,口交、合集、已婚婦女、デカチン・巨根、巨乳、DMM獨家,多人,https://www.javbus.com/MBYD-243,
BBAN-060 レズビアンに囚われた女潜入捜査官～美に魅せられた女達の裏の顔…美容業界レズビアン～,BBAN-060 レズビアンに囚われた女潜入捜査官～美に魅せられた女達の裏の顔…美容業界レズビアン～,BBAN-060,,2015-11-01,150分鐘,,ビビアン,ビビアン,レズビアンに囚われた女潜入捜査官,女同性戀、多P、女檢察官、女同接吻、格鬥家、高畫質、DMM獨家,多人,https://www.javbus.com/BBAN-060,
PBD-313 痴女教師たちの誘惑セックスBEST,PBD-313 痴女教師たちの誘惑セックスBEST,PBD-313,,2015-11-01,240分鐘,,プレミアム,PREMIUMBEST,,蕩婦、女教師、合集、數位馬賽克、DMM獨家,多人,https://www.javbus.com/PBD-313,
BF-416 中出し 顔射 口内発射 全部見せます100射精！！,BF-416 中出し 顔射 口内発射 全部見せます100射精！！,BF-416,,2015-11-01,480分鐘,,BeFree,BeFree,,第一人稱攝影、合集、中出、顏射、DMM獨家,多人,https://www.javbus.com/BF-416,
PBD-312 感じながらトロトロおま○こでイカせてくれる騎乗位お姉さんBEST,PBD-312 感じながらトロトロおま○こでイカせてくれる騎乗位お姉さんBEST,PBD-312,,2015-11-01,240分鐘,,プレミアム,PREMIUMBEST,,蕩婦、合集、姐姐、數位馬賽克、女上位、DMM獨家,多人,https://www.javbus.com/PBD-312,
TOMN-030 潮噴き！痙攣！絶叫！ 極イカセ,TOMN-030 潮噴き！痙攣！絶叫！ 極イカセ,TOMN-030,,2015-10-29,181分鐘,,TEPPAN,TEPPANSPECIAL,,合集、美少女、數位馬賽克、女上位、女優按摩棒、高畫質、DMM獨家,多人,https://www.javbus.com/TOMN-030,
KUSR-010 中出し巨乳奴隷ソープ 02,KUSR-010 中出し巨乳奴隷ソープ 02,KUSR-010,,2015-10-25,118分鐘,菊の助,ビッグモーカル,九龍（ビッグモーカル）,中出し巨乳奴隷ソープ,紧缚、妓女、性奴、中出、高畫質、巨乳,多人,https://www.javbus.com/KUSR-010,
MOT-115 いやらしい母さんの手コキ・フェラ2,MOT-115 いやらしい母さんの手コキ・フェラ2,MOT-115,,2015-10-25,243分鐘,,マザー,マザー,いやらしい母さんの手コキ・フェラ,成熟的女人、母親、口交、合集、4小時以上作品、高畫質、巨乳、打手槍,多人,https://www.javbus.com/MOT-115,
MCSR-190 圧倒的背徳感！ 絶対ダメだと分かっていても息子や義父とヤっちゃう…。性欲が強すぎる義母たちの近親相姦！ 12人4時間,MCSR-190 圧倒的背徳感！ 絶対ダメだと分かっていても息子や義父とヤっちゃう…。性欲が強すぎる義母たちの近親相姦！ 12人4時間,MCSR-190,,2015-10-25,241分鐘,鶴舞龍之介,ビッグモーカル,マスカット,,蕩婦、亂倫、4小時以上作品、婆婆、高畫質、巨乳,多人,https://www.javbus.com/MCSR-190,
CEAD-097 特命秘書ベスト4時間,CEAD-097 特命秘書ベスト4時間,CEAD-097,,2015-10-23,240分鐘,,セレブの友,セレブの友,特命秘書,蕩婦、成熟的女人、合集、秘書、女上位、DMM獨家,多人,https://www.javbus.com/CEAD-097,
XRW-128 媚縛潜入捜査官,XRW-128 媚縛潜入捜査官,XRW-128,,2015-10-23,200分鐘,ディラン富岡,レアルワークス,REAL（レアルワークス）,,藥物、戀腿癖、制服、女檢察官、立即口交,多人,https://www.javbus.com/XRW-128,
HNDB-078 2015年【本中】上半期傑作選！16時間！！ 2015年1月～6月,HNDB-078 2015年【本中】上半期傑作選！16時間！！ 2015年1月～6月,HNDB-078,,2015-10-22,960分鐘,,本中,本中,本中○○期傑作集！,女大學生、合集、美少女、中出、DMM獨家,多人,https://www.javbus.com/HNDB-078,
DVDES-895 レイプが合法になった世界 3 ～公衆の面前でチ○ポ挿れっぱなし！犯りたいと思った瞬間に即ハメ！白昼堂々強制子作り！！～,DVDES-895 レイプが合法になった世界 3 ～公衆の面前でチ○ポ挿れっぱなし！犯りたいと思った瞬間に即ハメ！白昼堂々強制子作り！！～,DVDES-895,,2015-10-22,121分鐘,三島六三郎,ディープス,DEEP’S,レイプが合法になった世界,企畫、OL、妄想、高畫質、女主播,多人,https://www.javbus.com/DVDES-895,
BIB-130 痴女の巨尻誘惑50名4時間ベスト,BIB-130 痴女の巨尻誘惑50名4時間ベスト,BIB-130,,2015-10-22,240分鐘,,美,美,,蕩婦、合集、屁股、女上位、巨尻、DMM獨家,多人,https://www.javbus.com/BIB-130,
DSMO-022 Wペニバンで男を犯せ！DX 3 やらしい痴女に疑似ペニスで女のように犯されたいと願う男たちとの逆転SEX 4時間,DSMO-022 Wペニバンで男を犯せ！DX 3 やらしい痴女に疑似ペニスで女のように犯されたいと願う男たちとの逆転SEX 4時間,DSMO-022,,2015-10-21,249分鐘,,ジャネス,BS,Wペニバンで男を犯せ！,蕩婦、性奴、4小時以上作品、M男、緊縛、肛交,多人,https://www.javbus.com/DSMO-022,
EMAZ-298 手淫＆足コキ快楽4時間26人,EMAZ-298 手淫＆足コキ快楽4時間26人,EMAZ-298,,2015-10-18,240分鐘,,婦人社/エマニエル,婦人社,,蕩婦、成熟的女人、合集、足交、DMM獨家、打手槍,多人,https://www.javbus.com/EMAZ-298,
SESA-014 ターゲットは近所で評判な色気ムンムンの美人妻 旦那の居る前でフル勃起のデカチンでイカせまくってやった！,SESA-014 ターゲットは近所で評判な色気ムンムンの美人妻 旦那の居る前でフル勃起のデカチンでイカせまくってやった！,SESA-014,,2015-10-18,111分鐘,艶熟寺,設定思考/妄想族,設定思考/妄想族,,已婚婦女、深喉、高畫質、出軌、DMM獨家,多人,https://www.javbus.com/SESA-014,
EMCB-009 「あなた見ないで」ダンナの目の前で生中出しされた昼顔妻 気づいたら大股開いて我慢もせずイキまくり,EMCB-009 「あなた見ないで」ダンナの目の前で生中出しされた昼顔妻 気づいたら大股開いて我慢もせずイキまくり,EMCB-009,,2015-10-18,106分鐘,艶熟寺,DX/エマニエル,DX（エマニエル）,,已婚婦女、高畫質、出軌、DMM獨家,多人,https://www.javbus.com/EMCB-009,
OOMN-153 優しいお母さんのおっぱい吸って手コキして PREMIUM 厳選集40名,OOMN-153 優しいお母さんのおっぱい吸って手コキして PREMIUM 厳選集40名,OOMN-153,,2015-10-17,240分鐘,,ABC/妄想族,お母さん.com/ABC,優しいお母さんのおっぱい吸って手コキして,成熟的女人、合集、戀乳癖、巨乳、DMM獨家、打手槍,多人,https://www.javbus.com/OOMN-153,
RBB-066 ポニーテールとシュシュまとめ16時間,RBB-066 ポニーテールとシュシュまとめ16時間,RBB-066,,2015-10-17,960分鐘,,ROOKIE,ROOKIE,,其他戀物癖、合集、美少女、16時間以上作品、DMM獨家,多人,https://www.javbus.com/RBB-066,
TYWD-079 激しいセックスでガクガク痙攣絶頂,TYWD-079 激しいセックスでガクガク痙攣絶頂,TYWD-079,,2015-10-17,240分鐘,,乱丸,乱丸,ガクガク痙攣絶頂,合集、已婚婦女、花癡、數位馬賽克、中出、巨乳、DMM獨家,多人,https://www.javbus.com/TYWD-079,
MXSPS-399 【MAXING9周年特別企画】最新コスプレ★カーニバル 美肢が煌めくコスチューム39選 5時間,MXSPS-399 【MAXING9周年特別企画】最新コスプレ★カーニバル 美肢が煌めくコスチューム39選 5時間,MXSPS-399,,2015-10-16,306分鐘,,マキシング,MAXING,,角色扮演、合集、迷你裙警察、4小時以上作品、高畫質、兔女郎、校服、女傭,多人,https://www.javbus.com/MXSPS-399,
AGEMIX-285 絶対に咥えてはいけない舌技フェラ,AGEMIX-285 絶対に咥えてはいけない舌技フェラ,AGEMIX-285,,2015-10-16,111分鐘,,SEXAgent,SEXAgent,,蕩婦、口交、其他戀物癖、高畫質、吞精、打手槍,多人,https://www.javbus.com/AGEMIX-285,
DXEB-004 ENDRESS BLACKHOLE vol4 ～終わりなき黒い穴～,DXEB-004 ENDRESS BLACKHOLE vol4 ～終わりなき黒い穴～,DXEB-004,,2015-10-11,123分鐘,,BabyEntertainment,BLACKBABY,ENDRESSBLACKHOLE,拘束、凌辱、薄馬賽克、女優按摩棒、DMM獨家,多人,https://www.javbus.com/DXEB-004,
CRMN-060 超密着サービス性感サロン,CRMN-060 超密着サービス性感サロン,CRMN-060,,2015-10-11,140分鐘,,痴ロモン/妄想族,痴ロモン/妄想族,,蕩婦、其他戀物癖、按摩、DMM獨家,多人,https://www.javbus.com/CRMN-060,
REAL-557 鬼痴女地獄スペシャル 上原亜衣 波多野結衣 春原未来,REAL-557 鬼痴女地獄スペシャル 上原亜衣 波多野結衣 春原未来,REAL-557,,2015-10-09,153分鐘,K*WEST,レアルワークス,REAL（レアルワークス）,,蕩婦、淫語、緊身衣、女上位、高畫質、內衣,多人,https://www.javbus.com/REAL-557,
UD-688R 奉仕好きな痴熟女に、上のお口と下のお口で、半ば強制的に犯されたスペシャル！！,UD-688R 奉仕好きな痴熟女に、上のお口と下のお口で、半ば強制的に犯されたスペシャル！！,UD-688R,,2015-10-09,183分鐘,タブー大崎,LEO,LEO,,蕩婦、成熟的女人、口交、合集、已婚婦女、花癡,多人,https://www.javbus.com/UD-688R,
MDB-652 レジェンド・オブ・BAZOOKA 100人8時間,MDB-652 レジェンド・オブ・BAZOOKA 100人8時間,MDB-652,,2015-10-09,481分鐘,K太郎,メディアステーション,BAZOOKA（バズーカ）,,潮吹、合集、中出、4小時以上作品、高畫質、巨乳,多人,https://www.javbus.com/MDB-652,
SCOP-023 モテない僕に彼女ができ、ついに初めてのSEX。ブラを外すと想像以上の美乳で思わず会心のガッツポーズ！しかもアソコも超敏感！,SCOP-023 モテない僕に彼女ができ、ついに初めてのSEX。ブラを外すと想像以上の美乳で思わず会心のガッツポーズ！しかもアソコも超敏感！,SCOP-023,,2015-10-07,230分鐘,赤井彗星,スクープ,SCOOP（スクープ）,,企畫、業餘、高畫質、巨乳,多人,https://www.javbus.com/SCOP-023,
PBD-311 放尿、潮吹き、大失禁。BEST お姉さんたちのダダ漏れ絶頂おま○こ200リットルスペシャル,PBD-311 放尿、潮吹き、大失禁。BEST お姉さんたちのダダ漏れ絶頂おま○こ200リットルスペシャル,PBD-311,,2015-10-03,240分鐘,,プレミアム,PREMIUMBEST,放尿、潮吹き、大失禁。,放尿、潮吹、合集、姐姐、數位馬賽克、DMM獨家,多人,https://www.javbus.com/PBD-311,
BF-411 チ○ポを挟んで咥えて離さない！パイズリフェラチオ30射精8時間,BF-411 チ○ポを挟んで咥えて離さない！パイズリフェラチオ30射精8時間,BF-411,,2015-10-03,480分鐘,,BeFree,BeFree,,口交、乳交、合集、DMM獨家,多人,https://www.javbus.com/BF-411,
HODV-21113 真咲南朋監督作品ベスト【人気女優6人出演】 4時間,HODV-21113 真咲南朋監督作品ベスト【人気女優6人出演】 4時間,HODV-21113,,2015-10-02,239分鐘,一平,h.m.p,h.m.p,,企畫、合集、4小時以上作品,多人,https://www.javbus.com/HODV-21113,
OVG-030 エロきわ奥さまの裸エプロン,OVG-030 エロきわ奥さまの裸エプロン,OVG-030,,2015-10-01,140分鐘,,グローリークエスト,GLORYQUEST,,其他戀物癖、已婚婦女、裸體圍裙、高畫質、巨乳,多人,https://www.javbus.com/OVG-030,
DYNC-011 夫の帰りが遅くていつもムラムラしてる若妻は目が合うだけでパンティを脱いで上に乗ってくるんです,DYNC-011 夫の帰りが遅くていつもムラムラしてる若妻は目が合うだけでパンティを脱いで上に乗ってくるんです,DYNC-011,,2015-09-28,111分鐘,艶熟寺,スタイルアート/妄想族,スタイルアートDYNAMITE/妄想族,,蕩婦、已婚婦女、女上位、キス・接吻、DMM獨家,多人,https://www.javbus.com/DYNC-011,
TOMN-027 足腰ガクガク！！ ハードピストン立ちバック,TOMN-027 足腰ガクガク！！ ハードピストン立ちバック,TOMN-027,,2015-09-27,240分鐘,,TEPPAN,TEPPANSPECIAL,,苗條、合集、美少女、數位馬賽克、高畫質、巨乳、DMM獨家,多人,https://www.javbus.com/TOMN-027,
MIBD-952 着衣SEXベスト20人,MIBD-952 着衣SEXベスト20人,MIBD-952,,2015-09-27,240分鐘,,ムーディーズ,MOODYZBest,,女教師、其他戀物癖、合集、連褲襪、數位馬賽克、凌辱、DMM獨家、內衣,多人,https://www.javbus.com/MIBD-952,
DJSG-117 どうしても旦那のチ○ポだけでは満足できない若妻たち。パンティを濡らしながら僕の勃起チ○ポを頬張り、バキュームフェラでザーメンを最後の1滴まで搾り取られキン○マ空っぽにされちゃいました！,DJSG-117 どうしても旦那のチ○ポだけでは満足できない若妻たち。パンティを濡らしながら僕の勃起チ○ポを頬張り、バキュームフェラでザーメンを最後の1滴まで搾り取られキン○マ空っぽにされちゃいました！,DJSG-117,,2015-09-26,173分鐘,,ジャネス,MANIA痴女,,蕩婦、成熟的女人、口交、已婚婦女、花癡、高畫質,多人,https://www.javbus.com/DJSG-117,
BDSR-218 【ハズレなし】素晴らし過ぎる美女レズ。 ガチで綺麗なお姉さん達が唾液交換濃厚キスで発情しながらイキまくる！ 24人のレズバトル4時間,BDSR-218 【ハズレなし】素晴らし過ぎる美女レズ。 ガチで綺麗なお姉さん達が唾液交換濃厚キスで発情しながらイキまくる！ 24人のレズバトル4時間,BDSR-218,,2015-09-25,243分鐘,鶴舞龍之介,ビッグモーカル,BIGMORKAL,,女同性戀、姐姐、制服、4小時以上作品、高畫質、校服,多人,https://www.javbus.com/BDSR-218,
PARM-088 直下型パンチラ挑発 SEXY編 2,PARM-088 直下型パンチラ挑発 SEXY編 2,PARM-088,,2015-09-20,113分鐘,,アロマ企画,妄想チラリズム,直下型パンチラ挑発,連褲襪、戀腿癖、主觀視角、高畫質、內衣、DMM獨家、迷你裙,多人,https://www.javbus.com/PARM-088,
MOT-108 ドスケベ人妻たちのいやらしい手コキ・フェラ,MOT-108 ドスケベ人妻たちのいやらしい手コキ・フェラ,MOT-108,,2015-09-20,243分鐘,,マザー,マザー,,口交、合集、已婚婦女、高畫質、打手槍,多人,https://www.javbus.com/MOT-108,
CESD-156 欲望だけを貪る淫乱体質女優8時間,CESD-156 欲望だけを貪る淫乱体質女優8時間,CESD-156,,2015-09-20,480分鐘,,セレブの友,セレブの友,,蕩婦、成熟的女人、合集、多P、中出、DMM獨家,多人,https://www.javbus.com/CESD-156,
BIB-128 高画質！日替わり痴女31人凄テクフェラチオ4時間,BIB-128 高画質！日替わり痴女31人凄テクフェラチオ4時間,BIB-128,,2015-09-19,240分鐘,,美,美,,蕩婦、口交、合集、姐姐、DMM獨家、打手槍,多人,https://www.javbus.com/BIB-128,
BIB-127 痴女だらけとボク1人BEST 天国or地獄のハーレムプレイ4時間,BIB-127 痴女だらけとボク1人BEST 天国or地獄のハーレムプレイ4時間,BIB-127,,2015-09-19,240分鐘,,美,美,,蕩婦、合集、姐姐、多P、DMM獨家,多人,https://www.javbus.com/BIB-127,
BID-053 男1人を責め続ける3人の痴女,BID-053 男1人を責め続ける3人の痴女,BID-053,,2015-09-19,180分鐘,ザック荒井,美,DELUXE,男1人を責め続ける3人の痴女,蕩婦、姐姐、高畫質、巨乳、DMM獨家、打手槍,多人,https://www.javbus.com/BID-053,
MXSPS-398 魅惑のクイーン20人！ ボンテージだらけのSM（秘）倶楽部 5,MXSPS-398 魅惑のクイーン20人！ ボンテージだらけのSM（秘）倶楽部 5,MXSPS-398,,2015-09-16,304分鐘,,マキシング,MAXING,魅惑のクイーン！ボンテージだらけのSM（秘）倶楽部,SM、紧缚、連褲襪、4小時以上作品、M男、緊縛,多人,https://www.javbus.com/MXSPS-398,
VENU-539 S級熟女 アルティメットコレクション 20人 4時間 IV,VENU-539 S級熟女 アルティメットコレクション 20人 4時間 IV,VENU-539,,2015-09-14,240分鐘,,VENUS,INCEST（ヴィーナス）,S級熟女（VENUS）,成熟的女人、合集、已婚婦女、中出、4小時以上作品、DMM獨家,多人,https://www.javbus.com/VENU-539,
BDA-006 金粉大全集 12人180分スペシャル！豪華絢爛女優たちのエロく輝く狂宴！,BDA-006 金粉大全集 12人180分スペシャル！豪華絢爛女優たちのエロく輝く狂宴！,BDA-006,,2015-09-14,180分鐘,あばしり一家,バミューダ/妄想族,バミューダ/妄想族,,其他戀物癖、中出、DMM獨家,多人,https://www.javbus.com/BDA-006,
OOMN-150 美熟女の巨尻を堪能し、犯しつくす！！,OOMN-150 美熟女の巨尻を堪能し、犯しつくす！！,OOMN-150,,2015-09-13,240分鐘,,ABC/妄想族,お母さん.com/ABC,,成熟的女人、合集、已婚婦女、屁股、數位馬賽克、DMM獨家,多人,https://www.javbus.com/OOMN-150,
MVBD-137 ザーメンリレー＆ごっくん満載！ ハードレズ2超濃厚22連発4時間,MVBD-137 ザーメンリレー＆ごっくん満載！ ハードレズ2超濃厚22連発4時間,MVBD-137,,2015-09-13,240分鐘,,エムズビデオグループ,M’svideoGroup,ハードレズ超濃厚●連発●時間,女同性戀、合集、花癡、數位馬賽克、DMM獨家、吞精,多人,https://www.javbus.com/MVBD-137,
PPBD-106 OPPAI 2014年1年分 全タイトルまるごと収録！！16時間,PPBD-106 OPPAI 2014年1年分 全タイトルまるごと収録！！16時間,PPBD-106,,2015-09-13,960分鐘,,OPPAI,OPPAI,1年分全タイトルまるごと収録,乳交、合集、戀乳癖、乳房、中出、巨乳、DMM獨家,多人,https://www.javbus.com/PPBD-106,
CEAD-085 私のワキ毛をもっと愛してください… 魅惑の剛毛ワキ毛セックス 4時間ベスト 2,CEAD-085 私のワキ毛をもっと愛してください… 魅惑の剛毛ワキ毛セックス 4時間ベスト 2,CEAD-085,,2015-09-11,240分鐘,,セレブの友,セレブの友,ワキ毛,蕩婦、成熟的女人、合集、多P、中出、4小時以上作品、DMM獨家,多人,https://www.javbus.com/CEAD-085,
MSTT-011 妖しく花咲く女たちスペシャル2 ミステリア淫虐調教SEX編,MSTT-011 妖しく花咲く女たちスペシャル2 ミステリア淫虐調教SEX編,MSTT-011,,2015-09-11,240分鐘,林川ケイテル,ミステリア/妄想族,ミステリア（ミステリア）,妖しく花咲く女たちスペシャル,合集、性奴、凌辱、戲劇、DMM獨家,多人,https://www.javbus.com/MSTT-011,
MIBD-948 お姉さんたちに見つめられて恥ずかし射精BEST,MIBD-948 お姉さんたちに見つめられて恥ずかし射精BEST,MIBD-948,,2015-09-10,240分鐘,,ムーディーズ,MOODYZBest,,蕩婦、乳交、合集、數位馬賽克、主觀視角、ハーレム、DMM獨家,多人,https://www.javbus.com/MIBD-948,
MIBD-946 膝上でとろけそうになるチ○ポを挟み上げるパイズリ4時間,MIBD-946 膝上でとろけそうになるチ○ポを挟み上げるパイズリ4時間,MIBD-946,,2015-09-10,240分鐘,,ムーディーズ,MOODYZBest,,乳交、胖女人、合集、數位馬賽克、主觀視角、巨乳、DMM獨家,多人,https://www.javbus.com/MIBD-946,
MIBD-945 女優vs素人 我慢できず大量ザーメンを暴発させた瞬間BEST！！,MIBD-945 女優vs素人 我慢できず大量ザーメンを暴発させた瞬間BEST！！,MIBD-945,,2015-09-10,240分鐘,,ムーディーズ,MOODYZBest,,野外・露出、濫交、合集、數位馬賽克、中出、ファン感謝・訪問、DMM獨家,多人,https://www.javbus.com/MIBD-945,
MBYD-238 助けて！！でもこんな姿は見られたくない…。夫のすぐ傍らで汚される人妻,MBYD-238 助けて！！でもこんな姿は見られたくない…。夫のすぐ傍らで汚される人妻,MBYD-238,,2015-09-10,240分鐘,,溜池ゴロー,溜池ゴロー,,合集、已婚婦女、凌辱、出軌、戲劇、DMM獨家,多人,https://www.javbus.com/MBYD-238,
PBD-309 高画質 お姉さんの見せつけ美尻＆美脚の誘惑,PBD-309 高画質 お姉さんの見せつけ美尻＆美脚の誘惑,PBD-309,,2015-09-05,240分鐘,,プレミアム,PREMIUMBEST,,合集、屁股、戀腿癖、數位馬賽克、DMM獨家,多人,https://www.javbus.com/PBD-309,
ATKD-238 ATTACKERS いけない事だと知りながらも、感じてしまう女たち8時間,ATKD-238 ATTACKERS いけない事だと知りながらも、感じてしまう女たち8時間,ATKD-238,,2015-09-05,480分鐘,,アタッカーズ,AttackersBEST,,合集、各種職業、戲劇、DMM獨家,多人,https://www.javbus.com/ATKD-238,
PSSD-379 美熟女が抜いてあげるSP2,PSSD-379 美熟女が抜いてあげるSP2,PSSD-379,,2015-09-04,210分鐘,,アウダースジャパン,AUDAZ,美熟女が抜いてあげるSP,成熟的女人、口交、合集、主觀視角、打手槍,多人,https://www.javbus.com/PSSD-379,
DJSH-045 16人の所かまわずイキまくるヤリたい盛りの人妻たち。当然、パンティ脱いだ時に、糸とか引くにちがいない！そんなコトばかり想像してたら、チ○ポ勃起してきちゃって、もう犯らずにはいられない！！4時間,DJSH-045 16人の所かまわずイキまくるヤリたい盛りの人妻たち。当然、パンティ脱いだ時に、糸とか引くにちがいない！そんなコトばかり想像してたら、チ○ポ勃起してきちゃって、もう犯らずにはいられない！！4時間,DJSH-045,,2015-09-04,244分鐘,TANAKA,ジャネス,艶女,,蕩婦、成熟的女人、已婚婦女、多P、4小時以上作品、高畫質,多人,https://www.javbus.com/DJSH-045,
RVG-017 禁断介護BEST,RVG-017 禁断介護BEST,RVG-017,,2015-09-03,240分鐘,,グローリークエスト,GLORYQUEST,禁断介護,其他戀物癖、合集、已婚婦女、4小時以上作品、高畫質,多人,https://www.javbus.com/RVG-017,
AVOP-175 性犯罪特別捜査官撃逝き迷宮～午前0時からの任務～,AVOP-175 性犯罪特別捜査官撃逝き迷宮～午前0時からの任務～,AVOP-175,,2015-09-01,129分鐘,ばば★ザ★ばびぃ,BabyEntertainment,AVOPEN2015,,女檢察官、凌辱、薄馬賽克、女優按摩棒、高畫質、AV OPEN 2015 SM/ハード部門、DMM獨家,多人,https://www.javbus.com/AVOP-175,
AVOP-119 【限定共演】MOODYZファン感謝祭 バコバコバスツアー2015-1泊2日でイクッ！夢の大乱交AVオールスターズ！-,AVOP-119 【限定共演】MOODYZファン感謝祭 バコバコバスツアー2015-1泊2日でイクッ！夢の大乱交AVオールスターズ！-,AVOP-119,,2015-09-01,240分鐘,モヒカル,ムーディーズ,AVOPEN2015,バコバコバスツアー,企畫、濫交、高畫質、AV OPEN 2015 企画部門、巨乳、DMM獨家,多人,https://www.javbus.com/AVOP-119,
AVOP-102 SOD女性監督・山本わかめ式「射精コントロール」～勃起した男子は‘射精の快楽’を味わうためなら、女子の言いなりになってしまうのか？～,AVOP-102 SOD女性監督・山本わかめ式「射精コントロール」～勃起した男子は‘射精の快楽’を味わうためなら、女子の言いなりになってしまうのか？～,AVOP-102,,2015-09-01,220分鐘,山本わかめ,SODクリエイト,AVOPEN2015,,蕩婦、企畫、纪录片、女上位、高畫質、M男、AV OPEN 2015 企画部門、DMM獨家,多人,https://www.javbus.com/AVOP-102,
BMW-105 私の子宮を射精でオとして8時間,BMW-105 私の子宮を射精でオとして8時間,BMW-105,,2015-08-29,480分鐘,,ワンズファクトリー,WANZ,私の子宮を射精でオとして,合集、淫語、姐姐、美少女、中出、DMM獨家,多人,https://www.javbus.com/BMW-105,
SITA-007 近所の若奥様にモテ遊ばれた僕のチ○ポ 人目も気にせず上に乗られてザーメン搾り取っていくんです。,SITA-007 近所の若奥様にモテ遊ばれた僕のチ○ポ 人目も気にせず上に乗られてザーメン搾り取っていくんです。,SITA-007,,2015-08-29,242分鐘,TANAKA,ジャネス,Situation（ジャネス）,,已婚婦女、新娘、年輕妻子、女上位、高畫質,多人,https://www.javbus.com/SITA-007,
DJSB-079 性感メンズエステ 巨乳痴女エステティシャン DX4時間 口コミで「激カワ巨乳美人が居るエステサロンで痴女られちゃいました！」と…。潜入してみたら噂どおり凄テクで責められ僕のチ○ポは大勃起で発射寸前でし,DJSB-079 性感メンズエステ 巨乳痴女エステティシャン DX4時間 口コミで「激カワ巨乳美人が居るエステサロンで痴女られちゃいました！」と…。潜入してみたら噂どおり凄テクで責められ僕のチ○ポは大勃起で発射寸前でし,DJSB-079,,2015-08-29,239分鐘,秀吉,ジャネス,MANIA痴女,性感メンズエステ巨乳痴女エステティシャン,蕩婦、4小時以上作品、美容院、高畫質、巨乳、打手槍,多人,https://www.javbus.com/DJSB-079,
ZKRA-032 夫の留守に… いやらしい事ばかりする若妻 DX 4時間 宇佐美なな、上原花恋、波多野結衣、立花さや、友田彩也香,ZKRA-032 夫の留守に… いやらしい事ばかりする若妻 DX 4時間 宇佐美なな、上原花恋、波多野結衣、立花さや、友田彩也香,ZKRA-032,,2015-08-29,244分鐘,狂四郎,マニアゼロ,ざくろ,夫の留守に…いやらしい事ばかりする若妻,合集、已婚婦女、新娘、年輕妻子、4小時以上作品、高畫質,多人,https://www.javbus.com/ZKRA-032,
BMW-106 極上美尻TバックBEST20人,BMW-106 極上美尻TバックBEST20人,BMW-106,,2015-08-29,240分鐘,,ワンズファクトリー,WANZ,,合集、屁股、戀腿癖、中出、巨乳、DMM獨家、內衣,多人,https://www.javbus.com/BMW-106,
HITJ-314 ターゲットはエロボディの美人妻 旦那の前で寝取り勃起チ○ポを無理矢理捻じ込む！嫌がる女房に大量の精子をぶちまける俺！！,HITJ-314 ターゲットはエロボディの美人妻 旦那の前で寝取り勃起チ○ポを無理矢理捻じ込む！嫌がる女房に大量の精子をぶちまける俺！！,HITJ-314,,2015-08-25,113分鐘,,マニアゼロ,人妻倶楽部（マニアゼロ）,,成熟的女人、口交、已婚婦女、高畫質、出軌,多人,https://www.javbus.com/HITJ-314,
KAGH-028 彼女の親友がエッチな誘いをしてきた…。僕は誘惑に勝てるのか？（勝てずに中出ししました）,KAGH-028 彼女の親友がエッチな誘いをしてきた…。僕は誘惑に勝てるのか？（勝てずに中出ししました）,KAGH-028,,2015-08-25,120分鐘,妻撮りの翁,AFRO-FILM,かぐや姫（AFRO-FILM）,,蕩婦、企畫、中出、高畫質,多人,https://www.javbus.com/KAGH-028,
BIB-126 高画質！美巨乳痴女31人日替わりFUCK8時間,BIB-126 高画質！美巨乳痴女31人日替わりFUCK8時間,BIB-126,,2015-08-22,480分鐘,,美,美,痴女●人日替わりFUCK,蕩婦、合集、淫語、姐姐、キス・接吻、DMM獨家,多人,https://www.javbus.com/BIB-126,
ARM-455 波多野結衣に睾丸ふやけるほどしゃぶられながら 大槻ひびきに乳首溶けるまで舐められ続ける エロ贅沢すぎる3Pセックス,ARM-455 波多野結衣に睾丸ふやけるほどしゃぶられながら 大槻ひびきに乳首溶けるまで舐められ続ける エロ贅沢すぎる3Pセックス,ARM-455,,2015-08-20,131分鐘,角脇しげお,アロマ企画,AROMA,,蕩婦、口交、多P、高畫質、キス・接吻、DMM獨家,多人,https://www.javbus.com/ARM-455,
EMAZ-290 熟女貞操破壊8時間 無理矢理犯されて感じる熟女42名58シーン,EMAZ-290 熟女貞操破壊8時間 無理矢理犯されて感じる熟女42名58シーン,EMAZ-290,,2015-08-16,480分鐘,,婦人社/エマニエル,婦人社,,成熟的女人、合集、亂倫、已婚婦女、中出、DMM獨家,多人,https://www.javbus.com/EMAZ-290,
SESA-013 遊び好き若妻は夫の目を盗んで甘い言葉とパンチラで他チ○ポを誘惑する。,SESA-013 遊び好き若妻は夫の目を盗んで甘い言葉とパンチラで他チ○ポを誘惑する。,SESA-013,,2015-08-16,140分鐘,,設定思考/妄想族,設定思考/妄想族,,蕩婦、已婚婦女、內衣、DMM獨家,多人,https://www.javbus.com/SESA-013,
EMAZ-291 極（きわめ）おしゃぶり8時間！！ まるのみ104フェラチオ75人厳選女優480分,EMAZ-291 極（きわめ）おしゃぶり8時間！！ まるのみ104フェラチオ75人厳選女優480分,EMAZ-291,,2015-08-16,480分鐘,,婦人社/エマニエル,婦人社,,成熟的女人、口交、合集、DMM獨家、顏射、吞精,多人,https://www.javbus.com/EMAZ-291,
LZBS-010 上原亜衣 レズれ！プレミアムBEST 8時間,LZBS-010 上原亜衣 レズれ！プレミアムBEST 8時間,LZBS-010,,2015-08-16,480分鐘,,レズれ！,レズれ！ベスト,レズれ！プレミアムBEST,女同性戀、69、舔陰、4小時以上作品、女同接吻、女優ベスト・総集編、DMM獨家,多人,https://www.javbus.com/LZBS-010,
PPBD-104 全裸巨乳家政婦8タイトル丸ごと全部入り16時間BEST vol.2,PPBD-104 全裸巨乳家政婦8タイトル丸ごと全部入り16時間BEST vol.2,PPBD-104,,2015-08-15,960分鐘,,OPPAI,OPPAI,全裸巨乳家政婦,野外・露出、乳交、合集、多P、中出、巨乳、DMM獨家,多人,https://www.javbus.com/PPBD-104,
PPBD-105 激揺れする巨乳を眺めながら快感射精する騎乗位SEX8時間BEST,PPBD-105 激揺れする巨乳を眺めながら快感射精する騎乗位SEX8時間BEST,PPBD-105,,2015-08-15,480分鐘,,OPPAI,OPPAI,,濫交、合集、戀乳癖、中出、女上位、巨乳、DMM獨家,多人,https://www.javbus.com/PPBD-105,
TOMN-020 超巨根性交 デカチンに魅せられる女達,TOMN-020 超巨根性交 デカチンに魅せられる女達,TOMN-020,,2015-08-15,240分鐘,,TEPPAN,TEPPANSPECIAL,,合集、美少女、數位馬賽克、4小時以上作品、高畫質、デカチン・巨根、巨乳、DMM獨家,多人,https://www.javbus.com/TOMN-020,
RBB-051 旦那に黙って他の男と愛し合う不倫16時間,RBB-051 旦那に黙って他の男と愛し合う不倫16時間,RBB-051,,2015-08-15,960分鐘,,ROOKIE,ROOKIE,,合集、通姦、16時間以上作品、DMM獨家,多人,https://www.javbus.com/RBB-051,
DJSR-037 職場でレズ痴漢 以前から気になるあの娘を見つけると興奮してしまう私は、とうとうガマンできず唾液まみれでディープキスをしてオマ●コも舐めまくっちゃいました！！,DJSR-037 職場でレズ痴漢 以前から気になるあの娘を見つけると興奮してしまう私は、とうとうガマンできず唾液まみれでディープキスをしてオマ●コも舐めまくっちゃいました！！,DJSR-037,,2015-08-15,112分鐘,秀吉,ジャネス,ladies,,女同性戀、性騷擾、舔陰、高畫質、顏面騎乘、キス・接吻,多人,https://www.javbus.com/DJSR-037,
OOMN-148 息子にハメられた人妻たち,OOMN-148 息子にハメられた人妻たち,OOMN-148,,2015-08-15,240分鐘,,ABC/妄想族,お母さん.com/ABC,,成熟的女人、母親、亂倫、數位馬賽克、巨乳、DMM獨家,多人,https://www.javbus.com/OOMN-148,
MDB-638 淫語で責め続けるド淫乱痴女SEX 50人500分スペシャル 2,MDB-638 淫語で責め続けるド淫乱痴女SEX 50人500分スペシャル 2,MDB-638,,2015-08-14,502分鐘,K太郎,メディアステーション,BAZOOKA（バズーカ）,淫語で責め続けるド淫乱痴女SEX,蕩婦、合集、淫語、女上位、4小時以上作品、高畫質,多人,https://www.javbus.com/MDB-638,
MSTT-010 妖しく花咲く女たちスペシャル ミステリア濃厚愛情SEX総集編,MSTT-010 妖しく花咲く女たちスペシャル ミステリア濃厚愛情SEX総集編,MSTT-010,,2015-08-09,240分鐘,林川ケイテル,ミステリア/妄想族,ミステリア（ミステリア）,,合集、各種職業、乳房、戲劇、DMM獨家,多人,https://www.javbus.com/MSTT-010,
MOT-101 いやらしい母さんの手コキ・フェラ 10人4時間,MOT-101 いやらしい母さんの手コキ・フェラ 10人4時間,MOT-101,,2015-08-09,240分鐘,,マザー,マザー,,母親、口交、高畫質、打手槍,多人,https://www.javbus.com/MOT-101,
CRMN-050 淫乱M痴女の拘束絶頂アクメ イキ果てる変態マ○コ,CRMN-050 淫乱M痴女の拘束絶頂アクメ イキ果てる変態マ○コ,CRMN-050,,2015-08-09,140分鐘,,痴ロモン/妄想族,痴ロモン/妄想族,,蕩婦、其他戀物癖、拘束、DMM獨家,多人,https://www.javbus.com/CRMN-050,
MIBD-940 ハイレグズラしハメBEST22人,MIBD-940 ハイレグズラしハメBEST22人,MIBD-940,,2015-08-08,240分鐘,,ムーディーズ,MOODYZBest,,合集、賽車女郎、屁股、戀腿癖、數位馬賽克、緊身衣、女上位、DMM獨家,多人,https://www.javbus.com/MIBD-940,
MBYD-235 初めての他人棒で妻がたっぷり中出しされました4時間,MBYD-235 初めての他人棒で妻がたっぷり中出しされました4時間,MBYD-235,,2015-08-08,240分鐘,,溜池ゴロー,溜池ゴロー,,成熟的女人、合集、已婚婦女、通姦、中出、DMM獨家,多人,https://www.javbus.com/MBYD-235,
ATAD-107 未亡人の柔肌 完全保存版001,ATAD-107 未亡人の柔肌 完全保存版001,ATAD-107,,2015-08-01,670分鐘,,アタッカーズ,アタッカーズアンソロジー,未亡人の柔肌,合集、寡婦、凌辱、DMM獨家,多人,https://www.javbus.com/ATAD-107,
BF-399 魅惑の美脚パンストSEX8時間2,BF-399 魅惑の美脚パンストSEX8時間2,BF-399,,2015-08-01,480分鐘,,BeFree,BeFree,魅惑の美脚パンストSEX,合集、各種職業、連褲襪、戀腿癖、DMM獨家,多人,https://www.javbus.com/BF-399,
BF-398 中出し直前の激ピストンFUCK38発射8時間！,BF-398 中出し直前の激ピストンFUCK38発射8時間！,BF-398,,2015-08-01,480分鐘,,BeFree,BeFree,,其他戀物癖、各種職業、中出、DMM獨家,多人,https://www.javbus.com/BF-398,
DKYF-65 Temptation 危ない前貼りDANCE 4 桜井あゆ 波多野結衣,DKYF-65 Temptation 危ない前貼りDANCE 4 桜井あゆ 波多野結衣,DKYF-65,,2015-07-31,110分鐘,AKIRA,ジャネス,究極,Temptation危ない前貼りDANCE,屁股、跳舞、高畫質、水手服、局部特寫,多人,https://www.javbus.com/DKYF-65,
DKYF-67 もう限界、極小マエバリで乱痴気ストリップDANCE！自主規制だから出来るギリギリ露出、アナル丸見え、マン毛丸出し、オッパイ揺らし汗だくで踊る「波多野結衣＆桜井あゆ」,DKYF-67 もう限界、極小マエバリで乱痴気ストリップDANCE！自主規制だから出来るギリギリ露出、アナル丸見え、マン毛丸出し、オッパイ揺らし汗だくで踊る「波多野結衣＆桜井あゆ」,DKYF-67,,2015-07-28,107分鐘,AKIRA,ジャネス,究極,,屁股、跳舞、高畫質、局部特寫,多人,https://www.javbus.com/DKYF-67,
MUGON-140 接吻で発情するいやらしい汗だくセックス THE4時間,MUGON-140 接吻で発情するいやらしい汗だくセックス THE4時間,MUGON-140,,2015-07-26,240分鐘,,無言/妄想族,無言,,女教師、合集、各種職業、空中小姐、秘書、DMM獨家,多人,https://www.javbus.com/MUGON-140,
DYNF-002 あぁ、上から目線のキレイなお姉さんにガマン汁が溢れるほど寸止めされ超高速手コキでドピュドピュ発射したーい！19名4時間,DYNF-002 あぁ、上から目線のキレイなお姉さんにガマン汁が溢れるほど寸止めされ超高速手コキでドピュドピュ発射したーい！19名4時間,DYNF-002,,2015-07-26,240分鐘,,スタイルアート/妄想族,スタイルアートDYNAMITE/妄想族,,蕩婦、制服、緊縛、DMM獨家、迷你裙、打手槍,多人,https://www.javbus.com/DYNF-002,
ASFB-148 美脚パンストマニアックス 極上の悩殺ストッキング 4時間 Vol.3,ASFB-148 美脚パンストマニアックス 極上の悩殺ストッキング 4時間 Vol.3,ASFB-148,,2015-07-26,240分鐘,,FetishBox/妄想族,FetishBox/妄想族,美脚パンストマニアックス,蕩婦、其他戀物癖、連褲襪、DMM獨家,多人,https://www.javbus.com/ASFB-148,
UMAD-087 合法！？非合法！？犯罪スレスレ？？タクシー運転手隠し撮り映像流出！！,UMAD-087 合法！？非合法！？犯罪スレスレ？？タクシー運転手隠し撮り映像流出！！,UMAD-087,,2015-07-24,161分鐘,クワッチー,ケイ・エム・プロデュース,UMANAMI,,企畫、放尿、偷窥、中出、高畫質,多人,https://www.javbus.com/UMAD-087,
REAL-544 緊縛イカセ大絶頂BEST 麻縄で欲情する絶頂美女50人8時間スペシャル,REAL-544 緊縛イカセ大絶頂BEST 麻縄で欲情する絶頂美女50人8時間スペシャル,REAL-544,,2015-07-24,480分鐘,K太郎,レアルワークス,REAL（レアルワークス）,,紧缚、潮吹、合集、性奴、4小時以上作品、高畫質,多人,https://www.javbus.com/REAL-544,
CEAD-077 女捜査官拷問調教ベスト4時間 2 全員中出し凌辱輪姦！！,CEAD-077 女捜査官拷問調教ベスト4時間 2 全員中出し凌辱輪姦！！,CEAD-077,,2015-07-20,240分鐘,,セレブの友,セレブの友,女捜査官拷問調教,成熟的女人、紧缚、合集、女檢察官、中出、4小時以上作品、DMM獨家,多人,https://www.javbus.com/CEAD-077,
JUX-648 人妻夜這いレズ～汗ばむ身体を貪るヌメリ舌～ 円城ひとみ 波多野結衣,JUX-648 人妻夜這いレズ～汗ばむ身体を貪るヌメリ舌～ 円城ひとみ 波多野結衣,JUX-648,,2015-07-19,120分鐘,古賀丈士,マドンナ,Madonna,人妻夜這いレズ,成熟的女人、女同性戀、已婚婦女、數位馬賽克、女同接吻、高畫質、汗だく、DMM獨家,多人,https://www.javbus.com/JUX-648,
GSPB-011 「もう、イッちゃいそうです…」超エロイ制服お姉さんたちに淫語を浴びせられながらチ○ポをイジられ暴発寸前な僕！3分もちましぇーん！！,GSPB-011 「もう、イッちゃいそうです…」超エロイ制服お姉さんたちに淫語を浴びせられながらチ○ポをイジられ暴発寸前な僕！3分もちましぇーん！！,GSPB-011,,2015-07-19,110分鐘,,マニアゼロ,GOSSIP,,蕩婦、淫語、姐姐、制服、高畫質、M男,多人,https://www.javbus.com/GSPB-011,
DYNE-003 いつもクールな制服お姉さんはM男のチ○ポを誘惑するのがお好き ちょっと恥ずかしかったけど彼女のエロ過ぎる行為にアッという間にイッちゃいました,DYNE-003 いつもクールな制服お姉さんはM男のチ○ポを誘惑するのがお好き ちょっと恥ずかしかったけど彼女のエロ過ぎる行為にアッという間にイッちゃいました,DYNE-003,,2015-07-17,110分鐘,,スタイルアート/妄想族,スタイルアートDYNAMITE/妄想族,,蕩婦、性奴、制服、DMM獨家、打手槍,多人,https://www.javbus.com/DYNE-003,
VERO-045 デキるS級熟女の職業別に見るエロい働きっぷり大全集 22人 4時間,VERO-045 デキるS級熟女の職業別に見るエロい働きっぷり大全集 22人 4時間,VERO-045,,2015-07-17,240分鐘,,VENUS,女神（ヴィーナス）,,成熟的女人、合集、各種職業、已婚婦女、中出、4小時以上作品、DMM獨家,多人,https://www.javbus.com/VERO-045,
LZBS-009 レズれ！祝 2周年記念「マブダチとレズれ！」ベスト 8時間スペシャル！,LZBS-009 レズれ！祝 2周年記念「マブダチとレズれ！」ベスト 8時間スペシャル！,LZBS-009,,2015-07-17,480分鐘,,レズれ！,レズれ！ベスト,○○とレズれ！,女同性戀、69、纪录片、4小時以上作品、女同接吻、女優ベスト・総集編、DMM獨家,多人,https://www.javbus.com/LZBS-009,
RBB-041 妊娠必至の子宮直出し孕ませ射精！ 種付けプレス16時間,RBB-041 妊娠必至の子宮直出し孕ませ射精！ 種付けプレス16時間,RBB-041,,2015-07-16,960分鐘,,ROOKIE,ROOKIE,,企畫、合集、中出、高畫質、16時間以上作品、DMM獨家,多人,https://www.javbus.com/RBB-041,
MXSPS-389 高画質×色白むっちり極エロBODY 50本番10時間 vol.2,MXSPS-389 高画質×色白むっちり極エロBODY 50本番10時間 vol.2,MXSPS-389,,2015-07-16,604分鐘,,マキシング,MAXING,高画質×色白むっちり極エロBODY,合集、戀乳癖、4小時以上作品,多人,https://www.javbus.com/MXSPS-389,
TOMN-018 鉄板 イクまで終わらない！！激オナニー,TOMN-018 鉄板 イクまで終わらない！！激オナニー,TOMN-018,,2015-07-16,180分鐘,,TEPPAN,TEPPANSPECIAL,,苗條、合集、美少女、數位馬賽克、高畫質、DMM獨家、自慰,多人,https://www.javbus.com/TOMN-018,
TOMN-017 加速するグラインド 極上の騎乗位,TOMN-017 加速するグラインド 極上の騎乗位,TOMN-017,,2015-07-16,240分鐘,,TEPPAN,TEPPANSPECIAL,,合集、美少女、數位馬賽克、女上位、4小時以上作品、高畫質、巨乳、DMM獨家,多人,https://www.javbus.com/TOMN-017,
DJSG-118 淫乱W痴女のザーメン狩り 2人の美女に同時に犯されていく至極のエクスタシー,DJSG-118 淫乱W痴女のザーメン狩り 2人の美女に同時に犯されていく至極のエクスタシー,DJSG-118,,2015-07-15,121分鐘,,ジャネス,MANIA痴女,,蕩婦、口交、姐姐、女上位、顏面騎乘、自慰、打手槍,多人,https://www.javbus.com/DJSG-118,
CRMN-048 Wフェラおしゃぶり天国 ドスケベな女の子がふたり一緒に口淫ご奉仕しちゃいます,CRMN-048 Wフェラおしゃぶり天国 ドスケベな女の子がふたり一緒に口淫ご奉仕しちゃいます,CRMN-048,,2015-07-12,100分鐘,,痴ロモン/妄想族,痴ロモン/妄想族,,蕩婦、口交、其他戀物癖、DMM獨家,多人,https://www.javbus.com/CRMN-048,
CRMN-047 発情する変態美人妻マダムの淫語バイブオナニー4時間12名,CRMN-047 発情する変態美人妻マダムの淫語バイブオナニー4時間12名,CRMN-047,,2015-07-12,240分鐘,,痴ロモン/妄想族,痴ロモン/妄想族,,蕩婦、其他戀物癖、DMM獨家、自慰,多人,https://www.javbus.com/CRMN-047,
CEAD-065 若妻の淫妄 ベスト4時間 愛液と精液にまみれた変態若妻の妄想セックス 怒涛の20発射！！,CEAD-065 若妻の淫妄 ベスト4時間 愛液と精液にまみれた変態若妻の妄想セックス 怒涛の20発射！！,CEAD-065,,2015-07-12,240分鐘,,セレブの友,セレブの友,,蕩婦、成熟的女人、潮吹、合集、各種職業、4小時以上作品、DMM獨家,多人,https://www.javbus.com/CEAD-065,
CRMN-046 男脳を執拗に刺激するパンストエロチシズム 4時間,CRMN-046 男脳を執拗に刺激するパンストエロチシズム 4時間,CRMN-046,,2015-07-12,240分鐘,,痴ロモン/妄想族,痴ロモン/妄想族,,其他戀物癖、連褲襪、4小時以上作品、DMM獨家,多人,https://www.javbus.com/CRMN-046,
MBYD-233 隣の若妻さん8時間,MBYD-233 隣の若妻さん8時間,MBYD-233,,2015-07-11,480分鐘,,溜池ゴロー,溜池ゴロー,隣の若妻さん,合集、新娘、年輕妻子、通姦、主觀視角、巨乳、DMM獨家,多人,https://www.javbus.com/MBYD-233,
MBYD-232 お尻マニア必見！！美しい人妻達のデカ尻バック性交！！,MBYD-232 お尻マニア必見！！美しい人妻達のデカ尻バック性交！！,MBYD-232,,2015-07-11,240分鐘,,溜池ゴロー,溜池ゴロー,,紧缚、已婚婦女、輪姦、出軌、巨尻、DMM獨家,多人,https://www.javbus.com/MBYD-232,
MIBD-931 全感度が一極集中する亀頭責めBEST,MIBD-931 全感度が一極集中する亀頭責めBEST,MIBD-931,,2015-07-11,240分鐘,,ムーディーズ,MOODYZBest,,蕩婦、其他戀物癖、合集、淫語、數位馬賽克、DMM獨家、打手槍,多人,https://www.javbus.com/MIBD-931,
MILD-997 緊縛令嬢BEST2 麻縄に悦楽する豪華女優たち,MILD-997 緊縛令嬢BEST2 麻縄に悦楽する豪華女優たち,MILD-997,,2015-07-10,301分鐘,K太郎,ケイ・エム・プロデュース,million（ミリオン）,緊縛令嬢,紧缚、合集、千金小姐、性奴、4小時以上作品、高畫質,多人,https://www.javbus.com/MILD-997,
MDB-622 もしも巨チンの僕が巨乳女性客だらけの銭湯の番台だったら… 波多野結衣 浜崎真緒 川菜美鈴 青葉優香,MDB-622 もしも巨チンの僕が巨乳女性客だらけの銭湯の番台だったら… 波多野結衣 浜崎真緒 川菜美鈴 青葉優香,MDB-622,,2015-07-10,161分鐘,中目黒浩治,メディアステーション,BAZOOKA（バズーカ）,,企畫、姐姐、妄想、高畫質、デカチン・巨根、巨乳,多人,https://www.javbus.com/MDB-622,
BF-393 中出し着衣SEX8時間,BF-393 中出し着衣SEX8時間,BF-393,,2015-07-04,480分鐘,,BeFree,BeFree,,合集、各種職業、纪录片、中出、DMM獨家,多人,https://www.javbus.com/BF-393,
PBD-305 よだれと汗と愛液が混じり合う。接吻ベロキス貪り交尾BEST,PBD-305 よだれと汗と愛液が混じり合う。接吻ベロキス貪り交尾BEST,PBD-305,,2015-07-04,240分鐘,,プレミアム,PREMIUMBEST,,蕩婦、合集、數位馬賽克、キス・接吻、DMM獨家,多人,https://www.javbus.com/PBD-305,
BF-392 美尻にぴったり密着タイトスカートSEX8時間,BF-392 美尻にぴったり密着タイトスカートSEX8時間,BF-392,,2015-07-04,480分鐘,,BeFree,BeFree,,各種職業、連褲襪、屁股、DMM獨家,多人,https://www.javbus.com/BF-392,
BBAN-045 レズに堕ちていく私 ～一寸先はレズ地獄～ 玉城マイ 波多野結衣,BBAN-045 レズに堕ちていく私 ～一寸先はレズ地獄～ 玉城マイ 波多野結衣,BBAN-045,,2015-07-04,160分鐘,,ビビアン,ビビアン,レズに堕ちていく私,女同性戀、性奴、乳房、女同接吻、高畫質、戲劇、DMM獨家,多人,https://www.javbus.com/BBAN-045,
HODV-21088 新人・デビュー ベスト4時間,HODV-21088 新人・デビュー ベスト4時間,HODV-21088,,2015-07-03,238分鐘,一平,h.m.p,h.m.p,新人・○○デビュー,合集、纪录片、4小時以上作品,多人,https://www.javbus.com/HODV-21088,
UD-676R お隣夫婦に調教され性奴隷になった人妻,UD-676R お隣夫婦に調教され性奴隷になった人妻,UD-676R,,2015-06-29,122分鐘,ドラゴン西川,LEO,LEO,,已婚婦女、多P、性奴,多人,https://www.javbus.com/UD-676R,
ASFB-144 勃起以上@射精未満でたっぷり肉棒を焦らしてハメ狂う痴女 4時間,ASFB-144 勃起以上@射精未満でたっぷり肉棒を焦らしてハメ狂う痴女 4時間,ASFB-144,,2015-06-28,240分鐘,,FetishBox/妄想族,FetishBox/妄想族,,蕩婦、其他戀物癖、4小時以上作品、DMM獨家,多人,https://www.javbus.com/ASFB-144,
KAGH-022 社内で美人OLのお尻をジロジロ見てはチ●ポをいじるダメ社員の僕,KAGH-022 社内で美人OLのお尻をジロジロ見てはチ●ポをいじるダメ社員の僕,KAGH-022,,2015-06-25,137分鐘,妻撮りの翁,AFRO-FILM,かぐや姫（AFRO-FILM）,,OL、中出、女上位、高畫質,多人,https://www.javbus.com/KAGH-022,
KAGH-023 センズリ鑑賞4時間 チ●ポを見る人妻たちの顔は、SEXしてる時よりもエロい,KAGH-023 センズリ鑑賞4時間 チ●ポを見る人妻たちの顔は、SEXしてる時よりもエロい,KAGH-023,,2015-06-25,240分鐘,妻撮りの翁,AFRO-FILM,かぐや姫（AFRO-FILM）,,已婚婦女、4小時以上作品、高畫質、自慰、打手槍,多人,https://www.javbus.com/KAGH-023,
BDSR-207 「まだイっちゃだめぇ～」クッソエロい超美人な回春エステお姉さん達のこの上品な淫語と究極テクで3分間も射精を我慢できるヤツとかホントにいるの？ 4時間12人,BDSR-207 「まだイっちゃだめぇ～」クッソエロい超美人な回春エステお姉さん達のこの上品な淫語と究極テクで3分間も射精を我慢できるヤツとかホントにいるの？ 4時間12人,BDSR-207,,2015-06-25,241分鐘,B巻太,ビッグモーカル,BIGMORKAL,,蕩婦、姐姐、制服、4小時以上作品、美容院、M男,多人,https://www.javbus.com/BDSR-207,
DJSI-061 美魔女オール生中出し！夫以外のチ○ポで突かれまくりアヘ顔でイキまくる人妻たちに膣内発射、オマ○コに大量ザーメンをぶちまける！！240分,DJSI-061 美魔女オール生中出し！夫以外のチ○ポで突かれまくりアヘ顔でイキまくる人妻たちに膣内発射、オマ○コに大量ザーメンをぶちまける！！240分,DJSI-061,,2015-06-23,242分鐘,TANAKA,ジャネス,艶女,,已婚婦女、中出、4小時以上作品、高畫質,多人,https://www.javbus.com/DJSI-061,
CESD-129 レズ百面相 全編大量の淫汁滴る本気レズSEX！こんなイヤラしい大槻ひびきは見たことない！！ 大槻ひびき,CESD-129 レズ百面相 全編大量の淫汁滴る本気レズSEX！こんなイヤラしい大槻ひびきは見たことない！！ 大槻ひびき,CESD-129,,2015-06-21,186分鐘,真咲.jp,セレブの友,セレブの友,,成熟的女人、女同性戀、潮吹、纪录片、女同接吻、DMM獨家,多人,https://www.javbus.com/CESD-129,
DMBK-040 マルチプルオーガズム 男のW潮吹き 前潮・射精・後潮という3連続の絶頂 DX 4時間 総集編,DMBK-040 マルチプルオーガズム 男のW潮吹き 前潮・射精・後潮という3連続の絶頂 DX 4時間 総集編,DMBK-040,,2015-06-17,242分鐘,,ジャネス,MAZOBOYSCLUB,マルチプルオーガズム男のW潮吹き,姐姐、4小時以上作品、M男、打手槍,多人,https://www.javbus.com/DMBK-040,
MXSPS-387 ペニバン逆レイプ！極上痴女がM男のアヌスを犯しまくる4時間,MXSPS-387 ペニバン逆レイプ！極上痴女がM男のアヌスを犯しまくる4時間,MXSPS-387,,2015-06-16,245分鐘,,マキシング,MAXING,,蕩婦、合集、4小時以上作品、M男、肛交,多人,https://www.javbus.com/MXSPS-387,
PPBD-101 爆乳娘に日替わり中出しSEX31人8時間,PPBD-101 爆乳娘に日替わり中出しSEX31人8時間,PPBD-101,,2015-06-13,480分鐘,,OPPAI,OPPAI,,家教、合集、偷窥、中出、出軌、巨乳、DMM獨家,多人,https://www.javbus.com/PPBD-101,
TYWD-073 痙攣、絶頂、白目、中出し、淫汁ブッシャー 淫乱SEX100本番,TYWD-073 痙攣、絶頂、白目、中出し、淫汁ブッシャー 淫乱SEX100本番,TYWD-073,,2015-06-13,480分鐘,,乱丸,乱丸,淫乱SEX100本番,苗條、合集、花癡、數位馬賽克、中出、巨乳、DMM獨家,多人,https://www.javbus.com/TYWD-073,
RBB-036 溜め込んだ精子を子宮にぶちまける！高画質 ドックドク中出し100連発16時間,RBB-036 溜め込んだ精子を子宮にぶちまける！高画質 ドックドク中出し100連発16時間,RBB-036,,2015-06-13,960分鐘,,ROOKIE,ROOKIE,,合集、輪姦、中出、高畫質、DMM獨家,多人,https://www.javbus.com/RBB-036,
REAL-540 喰らいついたら離さない！ヌキ尽くしフェラチオ100人8時間,REAL-540 喰らいついたら離さない！ヌキ尽くしフェラチオ100人8時間,REAL-540,,2015-06-12,481分鐘,K太郎,レアルワークス,REAL（レアルワークス）,,蕩婦、口交、合集、4小時以上作品、高畫質、打手槍,多人,https://www.javbus.com/REAL-540,
MILD-983 カリスマ女優たちの大量潮吹きスプラッシュSEX 50人8時間BEST,MILD-983 カリスマ女優たちの大量潮吹きスプラッシュSEX 50人8時間BEST,MILD-983,,2015-06-12,481分鐘,K太郎,ケイ・エム・プロデュース,million（ミリオン）,,潮吹、拘束、4小時以上作品、女優按摩棒、高畫質,多人,https://www.javbus.com/MILD-983,
MILD-988 これぞミリオン流おもてなし！温泉＆浴衣ベスト100人8時間,MILD-988 これぞミリオン流おもてなし！温泉＆浴衣ベスト100人8時間,MILD-988,,2015-06-12,480分鐘,K太郎,ケイ・エム・プロデュース,million（ミリオン）,,和服・喪服、偶像藝人、合集、4小時以上作品、高畫質、温泉、巨乳,多人,https://www.javbus.com/MILD-988,
MOPB-006 ザ・ベスト・オブ ペニバン男犯！,MOPB-006 ザ・ベスト・オブ ペニバン男犯！,MOPB-006,,2015-06-08,138分鐘,,M男パラダイス,M男パラダイス,,蕩婦、合集、M男、巨乳、DMM獨家、肛交,多人,https://www.javbus.com/MOPB-006,
MBYD-230 こんな水着で恥ずかしいはずなのに、私興奮しています…町内会でストリップを踊らされた美人妻達4時間総集編,MBYD-230 こんな水着で恥ずかしいはずなのに、私興奮しています…町内会でストリップを踊らされた美人妻達4時間総集編,MBYD-230,,2015-06-07,240分鐘,,溜池ゴロー,溜池ゴロー,町内会でストリップを踊らされた妻,濫交、合集、已婚婦女、新娘、年輕妻子、羞恥、出軌、DMM獨家,多人,https://www.javbus.com/MBYD-230,
MIBD-923 いやらし～い巨乳のお姉さんに見下されながら跨られて犯された僕。,MIBD-923 いやらし～い巨乳のお姉さんに見下されながら跨られて犯された僕。,MIBD-923,,2015-06-07,240分鐘,,ムーディーズ,MOODYZBest,,蕩婦、合集、淫語、姐姐、數位馬賽克、女上位、巨乳、DMM獨家,多人,https://www.javbus.com/MIBD-923,
BF-386 グラマラスBODY×極エロ着衣SEX 16本番8時間Special3,BF-386 グラマラスBODY×極エロ着衣SEX 16本番8時間Special3,BF-386,,2015-06-04,480分鐘,,BeFree,BeFree,グラマラスBODY×極エロ着衣SEX,賽車女郎、各種職業、纪录片、緊縛、DMM獨家,多人,https://www.javbus.com/BF-386,
ANX-057 催眠研究所記録映像集 vol.10,ANX-057 催眠研究所記録映像集 vol.10,ANX-057,,2015-05-31,239分鐘,,催眠研究所別館,催眠隷女（催眠研究所別館）,催眠研究所記録映像集,各種職業、性奴、4小時以上作品、催眠、高畫質、巨乳、DMM獨家,多人,https://www.javbus.com/ANX-057,
OOMN-138 人妻種付け中出し～痙攣悶絶ナマ中発射でゴム無しFUCK～,OOMN-138 人妻種付け中出し～痙攣悶絶ナマ中発射でゴム無しFUCK～,OOMN-138,,2015-05-31,240分鐘,,ABC/妄想族,お母さん.com/ABC,,成熟的女人、合集、已婚婦女、數位馬賽克、中出、DMM獨家,多人,https://www.javbus.com/OOMN-138,
BMW-095 絶対逃げられない！残酷レ×プ中出し4時間,BMW-095 絶対逃げられない！残酷レ×プ中出し4時間,BMW-095,,2015-05-30,240分鐘,,ワンズファクトリー,WANZ,,合集、性奴、輪姦、中出、DMM獨家,多人,https://www.javbus.com/BMW-095,
ZIZG-011 【実写版】妻ネトリ 波多野結衣 有村千佳 浜崎真緒,ZIZG-011 【実写版】妻ネトリ 波多野結衣 有村千佳 浜崎真緒,ZIZG-011,,2015-05-29,180分鐘,色川哲也,ZIZ,ZIZ,,濫交、女教師、已婚婦女、性奴、高畫質、出軌,多人,https://www.javbus.com/ZIZG-011,
BDSR-203 この神脚、生唾ごっくん…。 肌に吸い付くようにフィットしたパンストがいやらし過ぎる美脚お姉さんが焦らせながら責めてくる4時間12人,BDSR-203 この神脚、生唾ごっくん…。 肌に吸い付くようにフィットしたパンストがいやらし過ぎる美脚お姉さんが焦らせながら責めてくる4時間12人,BDSR-203,,2015-05-25,241分鐘,B巻太,ビッグモーカル,BIGMORKAL,,連褲襪、姐姐、戀腿癖、4小時以上作品、高畫質、M男,多人,https://www.javbus.com/BDSR-203,
CESD-119 ドスケベ痴女の強制チンポ狩り 12時間 責められ好きな貴方に贈る 至福の強制快楽射精 100シーン,CESD-119 ドスケベ痴女の強制チンポ狩り 12時間 責められ好きな貴方に贈る 至福の強制快楽射精 100シーン,CESD-119,,2015-05-24,720分鐘,,セレブの友,セレブの友,,蕩婦、成熟的女人、合集、連褲襪、4小時以上作品、巨乳、DMM獨家,多人,https://www.javbus.com/CESD-119,
NASS-251 人妻に無理矢理オナニーをさせセンズリ発射する男たち DX10人 4時間,NASS-251 人妻に無理矢理オナニーをさせセンズリ発射する男たち DX10人 4時間,NASS-251,,2015-05-22,240分鐘,,なでしこ,Nadeshiko,人妻に無理矢理オナニーをさせセンズリ発射する男たち,成熟的女人、已婚婦女、凌辱、4小時以上作品、高畫質、自慰,多人,https://www.javbus.com/NASS-251,
MDB-613 回春エステサロンで働く100人8時間 BEST,MDB-613 回春エステサロンで働く100人8時間 BEST,MDB-613,,2015-05-22,480分鐘,K太郎,メディアステーション,BAZOOKA（バズーカ）,,口交、4小時以上作品、按摩、足交、高畫質、打手槍,多人,https://www.javbus.com/MDB-613,
PPBD-098 巨乳娘とヤリ放題 8タイトル丸ごと全部入り16時間BEST,PPBD-098 巨乳娘とヤリ放題 8タイトル丸ごと全部入り16時間BEST,PPBD-098,,2015-05-16,960分鐘,,OPPAI,OPPAI,巨乳娘とヤリ放題,蕩婦、乳交、合集、戀乳癖、中出、巨乳、DMM獨家,多人,https://www.javbus.com/PPBD-098,
DJSH-043 憧れの近親相姦！お母さんのカラダにいつもフル勃起する息子のチ○ポ、息子の嫁に介護されムラムラして元気になった義父のカリでかチ○ポで犯りまくり、誘惑、レイプ、中出し、3P当たり前 13名4時間,DJSH-043 憧れの近親相姦！お母さんのカラダにいつもフル勃起する息子のチ○ポ、息子の嫁に介護されムラムラして元気になった義父のカリでかチ○ポで犯りまくり、誘惑、レイプ、中出し、3P当たり前 13名4時間,DJSH-043,,2015-05-15,243分鐘,,ジャネス,艶女,,成熟的女人、亂倫、多P、4小時以上作品、高畫質,多人,https://www.javbus.com/DJSH-043,
DXMJ-005 狂乱木馬地獄 vol.5,DXMJ-005 狂乱木馬地獄 vol.5,DXMJ-005,,2015-05-11,123分鐘,,BabyEntertainment,BLACKBABY,狂乱木馬地獄,拘束、凌辱、薄馬賽克、女優按摩棒、DMM獨家,多人,https://www.javbus.com/DXMJ-005,
MBYD-227 愛する者が居る傍で…容赦なくイカされる人妻4時間,MBYD-227 愛する者が居る傍で…容赦なくイカされる人妻4時間,MBYD-227,,2015-05-10,240分鐘,,溜池ゴロー,溜池ゴロー,,合集、已婚婦女、羞恥、巨乳、DMM獨家,多人,https://www.javbus.com/MBYD-227,
MIBD-914 凄い顔射からのジュポジュポレロレロバキュームお掃除フェラBEST,MIBD-914 凄い顔射からのジュポジュポレロレロバキュームお掃除フェラBEST,MIBD-914,,2015-05-10,240分鐘,,ムーディーズ,MOODYZBest,,口交、合集、美少女、數位馬賽克、顏射、單體作品、DMM獨家,多人,https://www.javbus.com/MIBD-914,
MIBD-913 口射＆顔射の瞬間！Vol.2 カムショット600連発！！,MIBD-913 口射＆顔射の瞬間！Vol.2 カムショット600連発！！,MIBD-913,,2015-05-10,240分鐘,,ムーディーズ,MOODYZBest,口射＆顔射の瞬間！,其他戀物癖、合集、數位馬賽克、顏射、DMM獨家,多人,https://www.javbus.com/MIBD-913,
MBYD-226 僕だけの巨乳女教師ペット ごっそり6タイトル12時間BEST vol.2,MBYD-226 僕だけの巨乳女教師ペット ごっそり6タイトル12時間BEST vol.2,MBYD-226,,2015-05-10,720分鐘,,溜池ゴロー,溜池ゴロー,僕だけの巨乳女教師ペット,女教師、合集、凌辱、戲劇、巨乳、DMM獨家,多人,https://www.javbus.com/MBYD-226,
IESP-607 麻薬捜査官 ヤク漬け膣痙攣 上原亜衣 波多野結衣,IESP-607 麻薬捜査官 ヤク漬け膣痙攣 上原亜衣 波多野結衣,IESP-607,,2015-05-09,201分鐘,バンビーノ☆プリン,アイエナジー,暴夢,麻薬捜査官,女同性戀、女檢察官、拘束、凌辱、高畫質,多人,https://www.javbus.com/IESP-607,
MOT-079 巨乳ドスケベ母たちの風呂淫行,MOT-079 巨乳ドスケベ母たちの風呂淫行,MOT-079,,2015-05-08,213分鐘,,マザー,マザー,,母親、高畫質、巨乳,多人,https://www.javbus.com/MOT-079,
VRTM-078 These Girls Can Only Get Off On Adolescent Dick: Indulging Their Forbidden Desire For Barely Legal G,VRTM-078 These Girls Can Only Get Off On Adolescent Dick: Indulging Their Forbidden Desire For Barely Legal G,VRTM-078,,2015-05-08,0分鐘,,,,,蕩婦、家教、女教師、4小時以上作品、高畫質、正太控,多人,https://www.javbus.com/VRTM-078,
REAL-537 ハードSEX大量中出し8時間BEST 怒涛の30人連続ザーメン流し込みスペシャル,REAL-537 ハードSEX大量中出し8時間BEST 怒涛の30人連続ザーメン流し込みスペシャル,REAL-537,,2015-05-08,481分鐘,K太郎,レアルワークス,REAL（レアルワークス）,,濫交、紧缚、合集、中出、4小時以上作品、高畫質,多人,https://www.javbus.com/REAL-537,
VENU-502 キスからはじまる母と息子の愛情、密着、濃厚セックス 総集編 4時間,VENU-502 キスからはじまる母と息子の愛情、密着、濃厚セックス 総集編 4時間,VENU-502,,2015-05-04,240分鐘,,VENUS,INCEST（ヴィーナス）,キスからはじまる母と息子の愛情、密着、濃厚セックス,成熟的女人、合集、亂倫、已婚婦女、4小時以上作品、DMM獨家,多人,https://www.javbus.com/VENU-502,
GTAL-011 最低10回抜きたくなる美しいW魔女 波多野結衣 大槻ひびき,GTAL-011 最低10回抜きたくなる美しいW魔女 波多野結衣 大槻ひびき,GTAL-011,,2015-05-04,195分鐘,ヘビースモーキー石井,ゴールデンタイム,ゴールデンタイム,美しいW魔女,角色扮演、蕩婦、濫交、多P、女同接吻、DMM獨家,多人,https://www.javbus.com/GTAL-011,
ATAD-103 ATTACKERS Anthology.2014,ATAD-103 ATTACKERS Anthology.2014,ATAD-103,,2015-05-03,960分鐘,,アタッカーズ,アタッカーズアンソロジー,ATTACKERSANTHOLOGY,合集、凌辱、DMM獨家,多人,https://www.javbus.com/ATAD-103,
PBD-300 お姉さんの指ズボこねクリ絶頂オナニー 4時間,PBD-300 お姉さんの指ズボこねクリ絶頂オナニー 4時間,PBD-300,,2015-05-03,240分鐘,,プレミアム,PREMIUMBEST,,合集、數位馬賽克、DMM獨家、自慰,多人,https://www.javbus.com/PBD-300,
BF-380 お口に全部ちょうだい働くお姉さんの口内発射 39発480分,BF-380 お口に全部ちょうだい働くお姉さんの口内発射 39発480分,BF-380,,2015-05-03,480分鐘,,BeFree,BeFree,,口交、合集、纪录片、DMM獨家,多人,https://www.javbus.com/BF-380,
BF-381 前戯から射精までキチンと収録！ 働くお姉さんの26本番8時間,BF-381 前戯から射精までキチンと収録！ 働くお姉さんの26本番8時間,BF-381,,2015-05-03,480分鐘,,BeFree,BeFree,,合集、各種職業、纪录片、DMM獨家,多人,https://www.javbus.com/BF-381,
PBD-301 横からフェラチオお姉さん 4時間,PBD-301 横からフェラチオお姉さん 4時間,PBD-301,,2015-05-03,240分鐘,,プレミアム,PREMIUMBEST,,口交、合集、數位馬賽克、DMM獨家,多人,https://www.javbus.com/PBD-301,
HFD-114 逆◆チクビ痴漢 マンガ喫茶で声ガマンFUCK！！スペシャル 4時間,HFD-114 逆◆チクビ痴漢 マンガ喫茶で声ガマンFUCK！！スペシャル 4時間,HFD-114,,2015-05-02,241分鐘,,ドリームチケット,ドリームチケット,逆◆チクビ痴漢,蕩婦、企畫、其他戀物癖、倒追、女上位、高畫質,多人,https://www.javbus.com/HFD-114,
FLOA-016 エロボディ美女たちが誘惑ストリップDANCE！過激オゲレツなパフォーマンスで挑発しまくり、AV以上にスケベで抜けることまちがいなしの200分,FLOA-016 エロボディ美女たちが誘惑ストリップDANCE！過激オゲレツなパフォーマンスで挑発しまくり、AV以上にスケベで抜けることまちがいなしの200分,FLOA-016,,2015-04-26,196分鐘,,スタイルアート/妄想族,スタイルアートFLOOR/妄想族,,跳舞、高畫質、DMM獨家,多人,https://www.javbus.com/FLOA-016,
TPPN-054 【特典収録】波多野結衣 大槻ひびき Wキャスト 二人をじっくり楽しめる2セックス入り特別版！,TPPN-054 【特典収録】波多野結衣 大槻ひびき Wキャスト 二人をじっくり楽しめる2セックス入り特別版！,TPPN-054,,2015-04-26,210分鐘,,TEPPAN,TEPPAN,Wキャスト(TEPPAN),苗條、潮吹、多P、美少女、數位馬賽克、高畫質、DMM獨家,多人,https://www.javbus.com/TPPN-054,
EMAC-056 旦那以外のチ○ポを無理矢理しゃぶらされる奥様。唾液を垂らしながらジュルジュルと喉奥まで肉棒を呑み込む表情にフル勃起しまくりの23名 4時間,EMAC-056 旦那以外のチ○ポを無理矢理しゃぶらされる奥様。唾液を垂らしながらジュルジュルと喉奥まで肉棒を呑み込む表情にフル勃起しまくりの23名 4時間,EMAC-056,,2015-04-26,240分鐘,,DX/エマニエル,DX（エマニエル）,,口交、已婚婦女、4小時以上作品、高畫質、DMM獨家,多人,https://www.javbus.com/EMAC-056,
AUKG-281 花はうつつに。 レズビアンパートナー 波多野結衣 神ユキ,AUKG-281 花はうつつに。 レズビアンパートナー 波多野結衣 神ユキ,AUKG-281,,2015-04-26,150分鐘,,U＆K,U＆K,,蕩婦、女同性戀、姐姐、女同接吻、戲劇、DMM獨家,多人,https://www.javbus.com/AUKG-281,
SQTE-088 快感ラブラブSEX 波多野結衣と桜井あゆ,SQTE-088 快感ラブラブSEX 波多野結衣と桜井あゆ,SQTE-088,,2015-04-26,173分鐘,,S-Cute,S-Cute（S-Cute）,,潮吹、高畫質、戀愛、顏射、DMM獨家,多人,https://www.javbus.com/SQTE-088,
BMW-094 くノ一 中出しレ×プ輪姦総集編,BMW-094 くノ一 中出しレ×プ輪姦総集編,BMW-094,,2015-04-25,240分鐘,,ワンズファクトリー,WANZ,中出しレイプ輪姦,合集、輪姦、凌辱、中出、女忍者、DMM獨家,多人,https://www.javbus.com/BMW-094,
MCSR-154 【マジです】秒速でヌケるほどシコる右手が止まらない。美人でスケベ過ぎる人妻熟女が淫語連発で優しく苛めてくれる4時間12人,MCSR-154 【マジです】秒速でヌケるほどシコる右手が止まらない。美人でスケベ過ぎる人妻熟女が淫語連発で優しく苛めてくれる4時間12人,MCSR-154,,2015-04-25,242分鐘,B巻太,ビッグモーカル,マスカット,,蕩婦、成熟的女人、淫語、已婚婦女、4小時以上作品、高畫質,多人,https://www.javbus.com/MCSR-154,
MIBD-912 ヌキあり！ハメあり！中出しあり！究極の悶絶マッサージ4時間,MIBD-912 ヌキあり！ハメあり！中出しあり！究極の悶絶マッサージ4時間,MIBD-912,,2015-04-25,240分鐘,,ムーディーズ,MOODYZBest,,乳交、合集、數位馬賽克、中出、按摩、巨乳、DMM獨家、打手槍,多人,https://www.javbus.com/MIBD-912,
NASS-232 欲求不満な人妻はおっぱいを押しつけたりパンチラで僕を誘惑してきた。思わずチ●ポはフル勃起でハチキレそう。気がついた彼女はマン汁を垂らしながら僕の上に乗ってきた！ 2,NASS-232 欲求不満な人妻はおっぱいを押しつけたりパンチラで僕を誘惑してきた。思わずチ●ポはフル勃起でハチキレそう。気がついた彼女はマン汁を垂らしながら僕の上に乗ってきた！ 2,NASS-232,,2015-04-24,193分鐘,,なでしこ,Nadeshiko,欲求不満な人妻はおっぱいを押しつけたりパンチラで僕を誘惑してきた。,已婚婦女、女上位、巨乳、打手槍,多人,https://www.javbus.com/NASS-232,
DMBK-038 ペニバン逆アナルSEX,DMBK-038 ペニバン逆アナルSEX,DMBK-038,,2015-04-23,242分鐘,,ジャネス,MAZOBOYSCLUB,,玩具、SM、姐姐、性奴、4小時以上作品、緊縛、肛交,多人,https://www.javbus.com/DMBK-038,
DXEB-002 ENDRESS BLACKHOLE vol2 ～終わりなき黒い穴～,DXEB-002 ENDRESS BLACKHOLE vol2 ～終わりなき黒い穴～,DXEB-002,,2015-04-20,124分鐘,,BabyEntertainment,BLACKBABY,ENDRESSBLACKHOLE,拘束、凌辱、薄馬賽克、女優按摩棒、高畫質、DMM獨家,多人,https://www.javbus.com/DXEB-002,
HNDS-032 あいちんとはたちゃんの秘密のヤリ部屋 上原亜衣 波多野結衣,HNDS-032 あいちんとはたちゃんの秘密のヤリ部屋 上原亜衣 波多野結衣,HNDS-032,,2015-04-19,150分鐘,テキラティーノ,本中,本中,,蕩婦、濫交、潮吹、偷窥、美少女、高畫質、DMM獨家,多人,https://www.javbus.com/HNDS-032,
TOMN-012 鉄板フェラチオBEST Vol.2,TOMN-012 鉄板フェラチオBEST Vol.2,TOMN-012,,2015-04-17,240分鐘,,TEPPAN,TEPPANSPECIAL,TEPPANSPECIAL,苗條、口交、合集、美少女、數位馬賽克、4小時以上作品、高畫質、DMM獨家,多人,https://www.javbus.com/TOMN-012,
FLOA-015 アゲアゲクラブクィーンが踊りまくり、脱ぎまくりでオマ○コおっぴろげ！おっぱいプルプル、お尻プリプリ…汗まみれ お下劣ダンサー！！,FLOA-015 アゲアゲクラブクィーンが踊りまくり、脱ぎまくりでオマ○コおっぴろげ！おっぱいプルプル、お尻プリプリ…汗まみれ お下劣ダンサー！！,FLOA-015,,2015-04-17,110分鐘,,スタイルアート/妄想族,スタイルアートFLOOR/妄想族,,屁股、跳舞、DMM獨家、女生,多人,https://www.javbus.com/FLOA-015,
PPBD-097 OPPAI 7周年記念！！ 高画質パイズリ8時間,PPBD-097 OPPAI 7周年記念！！ 高画質パイズリ8時間,PPBD-097,,2015-04-16,480分鐘,,OPPAI,OPPAI,,女教師、乳交、合集、已婚婦女、女主播、巨乳、DMM獨家,多人,https://www.javbus.com/PPBD-097,
RBB-023 肉棒を包み込む最高の口淫 美熟女の優しく丁寧なフェラチオ16時間,RBB-023 肉棒を包み込む最高の口淫 美熟女の優しく丁寧なフェラチオ16時間,RBB-023,,2015-04-16,960分鐘,,ROOKIE,ROOKIE,,成熟的女人、口交、姐姐、新娘、年輕妻子、DMM獨家,多人,https://www.javbus.com/RBB-023,
PPBD-096 OPPAI 7周年記念！！ 巨乳と中出しSEX8時間,PPBD-096 OPPAI 7周年記念！！ 巨乳と中出しSEX8時間,PPBD-096,,2015-04-16,480分鐘,,OPPAI,OPPAI,,蕩婦、女大學生、合集、中出、女主播、巨乳、DMM獨家,多人,https://www.javbus.com/PPBD-096,
DJSI-062 近所で美乳な奥様がターゲット！毎日家事だけの生活で暇をもてあます人妻に突然つめより無理矢理フェラさせ喉の奥でザーメンぶちまける快感はサイコー！！ボーナス 240分,DJSI-062 近所で美乳な奥様がターゲット！毎日家事だけの生活で暇をもてあます人妻に突然つめより無理矢理フェラさせ喉の奥でザーメンぶちまける快感はサイコー！！ボーナス 240分,DJSI-062,,2015-04-15,241分鐘,TANAKA,ジャネス,艶女,,成熟的女人、口交、已婚婦女、乳房、舔陰、4小時以上作品、高畫質,多人,https://www.javbus.com/DJSI-062,
TMHK-012 女子大生サークル☆中出しヤリコン,TMHK-012 女子大生サークル☆中出しヤリコン,TMHK-012,,2015-04-14,120分鐘,NABE,クリスタル映像,TOMAHAWK,,濫交、女大學生、花癡、中出、高畫質,多人,https://www.javbus.com/TMHK-012,
MIBD-907 レ○プ中の絶頂に抗えなかった悲しい肉体 犯されて快感に負けた女達,MIBD-907 レ○プ中の絶頂に抗えなかった悲しい肉体 犯されて快感に負けた女達,MIBD-907,,2015-04-11,480分鐘,,ムーディーズ,MOODYZBest,,強姦、合集、已婚婦女、數位馬賽克、出軌、DMM獨家,多人,https://www.javbus.com/MIBD-907,
MBYD-223 下着をつけたままで貪る人妻のヤラしい性交 PART2 8時間,MBYD-223 下着をつけたままで貪る人妻のヤラしい性交 PART2 8時間,MBYD-223,,2015-04-11,480分鐘,,溜池ゴロー,溜池ゴロー,人妻のヤラしい性交,成熟的女人、強姦、合集、已婚婦女、戲劇、DMM獨家,多人,https://www.javbus.com/MBYD-223,
SCOP-296 都内の某高級エステサロンに来店した何も知らない人妻に媚薬を飲ませ、キワドイマッサージで性感を刺激したらどこまでヤレるのか！？,SCOP-296 都内の某高級エステサロンに来店した何も知らない人妻に媚薬を飲ませ、キワドイマッサージで性感を刺激したらどこまでヤレるのか！？,SCOP-296,,2015-04-10,241分鐘,K太郎,スクープ,SCOOP（スクープ）,,企畫、已婚婦女、4小時以上作品、美容院、高畫質、巨乳,多人,https://www.javbus.com/SCOP-296,
SDDE-395 性交クリニック ファン感謝祭2015 中出し看護編 4時間スペシャル,SDDE-395 性交クリニック ファン感謝祭2015 中出し看護編 4時間スペシャル,SDDE-395,,2015-04-09,246分鐘,木村真也,SODクリエイト,SENZ,性交クリニック,企畫、护士、中出、4小時以上作品、高畫質,多人,https://www.javbus.com/SDDE-395,
PBD-299 プレミア女優がお風呂でフェラとかパイズリしてくれるの最高すぎww,PBD-299 プレミア女優がお風呂でフェラとかパイズリしてくれるの最高すぎww,PBD-299,,2015-04-04,300分鐘,,プレミアム,PREMIUMBEST,,口交、乳交、合集、數位馬賽克、DMM獨家,多人,https://www.javbus.com/PBD-299,
PBD-298 お姉さんのアナルむき出しファック50連発4時間,PBD-298 お姉さんのアナルむき出しファック50連発4時間,PBD-298,,2015-04-04,240分鐘,,プレミアム,PREMIUMBEST,,合集、數位馬賽克、DMM獨家、肛交,多人,https://www.javbus.com/PBD-298,
BF-374 先生と生徒の禁断の性交8時間,BF-374 先生と生徒の禁断の性交8時間,BF-374,,2015-04-04,480分鐘,,BeFree,BeFree,,家教、女教師、纪录片、DMM獨家,多人,https://www.javbus.com/BF-374,
SSPD-117 屋根裏の恋 波多野結衣,SSPD-117 屋根裏の恋 波多野結衣,SSPD-117,,2015-04-04,150分鐘,阿川優,アタッカーズ,スーパースペシャル,,SM、紧缚、高畫質、出軌、戲劇、單體作品、DMM獨家,多人,https://www.javbus.com/SSPD-117,
RVG-013 ヒップ大好きしょう太くんのHなイタズラ BEST8時間,RVG-013 ヒップ大好きしょう太くんのHなイタズラ BEST8時間,RVG-013,,2015-04-02,480分鐘,,グローリークエスト,GLORYQUEST,しょう太くんのHなイタズラ,合集、屁股、4小時以上作品、正太控,多人,https://www.javbus.com/RVG-013,
OVG-019 カメラの前でおしっこする女 2 67人72発！,OVG-019 カメラの前でおしっこする女 2 67人72発！,OVG-019,,2015-04-02,112分鐘,,グローリークエスト,GLORYQUEST,カメラの前でおしっこする女,成熟的女人、放尿、高畫質、女生、蘿莉塔,多人,https://www.javbus.com/OVG-019,
EMAC-055 美魔女16人がオマ○コを濡らしイキまくる多彩なシチュエーションでヌキどころ満載の4時間,EMAC-055 美魔女16人がオマ○コを濡らしイキまくる多彩なシチュエーションでヌキどころ満載の4時間,EMAC-055,,2015-04-01,240分鐘,,DX/エマニエル,DX（エマニエル）,,成熟的女人、已婚婦女、4小時以上作品、DMM獨家,多人,https://www.javbus.com/EMAC-055,
BMW-091 これ1本で毎日ヌキたい！1年365通りの日替わり極上SEX16時間,BMW-091 これ1本で毎日ヌキたい！1年365通りの日替わり極上SEX16時間,BMW-091,,2015-04-01,960分鐘,,ワンズファクトリー,WANZ,,合集、中出、女上位、16時間以上作品、DMM獨家,多人,https://www.javbus.com/BMW-091,
ANX-055 催眠研究所-W洗脳完了-,ANX-055 催眠研究所-W洗脳完了-,ANX-055,,2015-03-29,90分鐘,,催眠研究所別館,催眠隷女（催眠研究所別館）,催眠研究所,性奴、女同接吻、催眠、高畫質、女主播、DMM獨家、體育服,多人,https://www.javbus.com/ANX-055,
SESA-003 痴女しかいないエステに行った僕 ムレムレの黒パンストに勃起してるチ○ポは秘かにエステティシャンたちを欲情させ気づいたら咥え込んでました！,SESA-003 痴女しかいないエステに行った僕 ムレムレの黒パンストに勃起してるチ○ポは秘かにエステティシャンたちを欲情させ気づいたら咥え込んでました！,SESA-003,,2015-03-29,240分鐘,,設定思考/妄想族,設定思考/妄想族,,蕩婦、連褲襪、美容院、DMM獨家,多人,https://www.javbus.com/SESA-003,
AUKB-053 先生と私 BEST4時間,AUKB-053 先生と私 BEST4時間,AUKB-053,,2015-03-29,240分鐘,,U＆K,U＆K,先生と私,女同性戀、合集、戲劇、高中女生、巨乳、DMM獨家,多人,https://www.javbus.com/AUKB-053,
ASFB-132 美脚パンストマニアックス 極上の悩殺ストッキング 4時間 Vol.2,ASFB-132 美脚パンストマニアックス 極上の悩殺ストッキング 4時間 Vol.2,ASFB-132,,2015-03-29,240分鐘,,FetishBox/妄想族,FetishBox/妄想族,美脚パンストマニアックス,其他戀物癖、合集、連褲襪、戀腿癖、DMM獨家,多人,https://www.javbus.com/ASFB-132,
MIBD-901 MOODYZ 2014年全タイトル16時間,MIBD-901 MOODYZ 2014年全タイトル16時間,MIBD-901,,2015-03-28,960分鐘,,ムーディーズ,MOODYZBest,MOODYZ○年全タイトル○時間,合集、美少女、數位馬賽克、中出、DMM獨家、肛交,多人,https://www.javbus.com/MIBD-901,
BMW-090 凄テクを我慢できれば生中出しSEX！ベストテクニック8時間,BMW-090 凄テクを我慢できれば生中出しSEX！ベストテクニック8時間,BMW-090,,2015-03-28,480分鐘,,ワンズファクトリー,WANZ,我慢できれば生★中出しSEX！,業餘、合集、姐姐、中出、DMM獨家、打手槍,多人,https://www.javbus.com/BMW-090,
XRW-067 抜きやすさバッチリ！！オナニー専用フェラチオメガMIX！！フェラチオ玄人テクニシャン編！！ 20人4時間,XRW-067 抜きやすさバッチリ！！オナニー専用フェラチオメガMIX！！フェラチオ玄人テクニシャン編！！ 20人4時間,XRW-067,,2015-03-27,243分鐘,,レアルワークス,REAL（レアルワークス）,,蕩婦、口交、其他戀物癖、姐姐、4小時以上作品,多人,https://www.javbus.com/XRW-067,
SCOP-289 混浴風呂に入浴しているカップルの女の前で俺のセンズリを見せつけたら彼女の視線がくぎ付けに！彼氏には内緒でこっそりヤッちゃいました！！,SCOP-289 混浴風呂に入浴しているカップルの女の前で俺のセンズリを見せつけたら彼女の視線がくぎ付けに！彼氏には内緒でこっそりヤッちゃいました！！,SCOP-289,,2015-03-27,242分鐘,K太郎,スクープ,SCOOP（スクープ）,混浴風呂に入浴しているカップルの女の前で…,和服・喪服、中出、4小時以上作品、高畫質、巨乳,多人,https://www.javbus.com/SCOP-289,
OKAX-033 キレイなお姉さんのパンモロ誘惑コレクション,OKAX-033 キレイなお姉さんのパンモロ誘惑コレクション,OKAX-033,,2015-03-27,240分鐘,,ケイ・エム・プロデュース,おかず。,キレイなお姉さんのパンモロ○○コレクション,蕩婦、其他戀物癖、姐姐、4小時以上作品、內衣、迷你裙,多人,https://www.javbus.com/OKAX-033,
GSPB-002 ●チャンネルでウワサの誘惑エステサロン、パンストから透けて見えるパンチラに勃起してるチ●ポに気が付いた彼女たちはエロボディを密着しきわどいマッサージで僕の金●を空っぽにしちゃいました！ / 波多野結衣,GSPB-002 ●チャンネルでウワサの誘惑エステサロン、パンストから透けて見えるパンチラに勃起してるチ●ポに気が付いた彼女たちはエロボディを密着しきわどいマッサージで僕の金●を空っぽにしちゃいました！ / 波多野結衣,GSPB-002,,2015-03-22,164分鐘,T-born,マニアゼロ,Gossip（サンワソフト）,,蕩婦、美容院、按摩、高畫質、內衣,多人,https://www.javbus.com/GSPB-002,
T28-388 100人の美脚美少女たちによる極上足コキBOX 16時間,T28-388 100人の美脚美少女たちによる極上足コキBOX 16時間,T28-388,,2015-03-20,960分鐘,,TMA,TMA,,合集、戀腿癖、美少女、足交、16時間以上作品,多人,https://www.javbus.com/T28-388,
RVG-012 寝台列車の不倫旅 BEST8時間,RVG-012 寝台列車の不倫旅 BEST8時間,RVG-012,,2015-03-19,480分鐘,高橋浩一,グローリークエスト,GLORYQUEST,寝台列車の不倫旅,合集、已婚婦女、情侶、通姦、羞恥、4小時以上作品,多人,https://www.javbus.com/RVG-012,
OVG-018 着衣してても胸の大きさが隠しきれない女の子たち 2,OVG-018 着衣してても胸の大きさが隠しきれない女の子たち 2,OVG-018,,2015-03-19,115分鐘,ひょん,グローリークエスト,GLORYQUEST,着衣してても胸の大きさが隠しきれない女の子たち,戀乳癖、姐姐、高畫質、巨乳,多人,https://www.javbus.com/OVG-018,
SENJ-003 人妻たちのマン汁オナニーがヤバすぎる ！！ マ○コをイジる姿がイヤらしくて思わずチ○ポ勃起！俺のセンズリ見せつけドピュと顔射など ！！,SENJ-003 人妻たちのマン汁オナニーがヤバすぎる ！！ マ○コをイジる姿がイヤらしくて思わずチ○ポ勃起！俺のセンズリ見せつけドピュと顔射など ！！,SENJ-003,,2015-03-18,151分鐘,,マニアゼロ,センズリ倶楽部（マニアゼロ）,人妻たちのマン汁オナニーがヤバすぎる！！,其他戀物癖、已婚婦女、自慰,多人,https://www.javbus.com/SENJ-003,
GYAZ-126 夢のフェラサロン 絶品な舌技で舐めてあげる,GYAZ-126 夢のフェラサロン 絶品な舌技で舐めてあげる,GYAZ-126,,2015-03-15,142分鐘,,ジャネス,MANIAPlay,,蕩婦、成熟的女人、口交、姐姐,多人,https://www.javbus.com/GYAZ-126,
DJSK-065 M性感 W痴女のチ●ポ狩り 4 ～職場で逆痴漢するオンナたち～ 「あなたのザーメン搾り取ってア・ゲ・ル！」2人のドスケベお姉さんがキスや淫語で誘惑してきて僕のチ●ポはハチキレ寸前！気づいたらチ●ポにむ,DJSK-065 M性感 W痴女のチ●ポ狩り 4 ～職場で逆痴漢するオンナたち～ 「あなたのザーメン搾り取ってア・ゲ・ル！」2人のドスケベお姉さんがキスや淫語で誘惑してきて僕のチ●ポはハチキレ寸前！気づいたらチ●ポにむ,DJSK-065,,2015-03-15,114分鐘,秀吉,ジャネス,MANIA痴女,M性感W痴女のチ○ポ狩り,蕩婦、淫語、姐姐、高畫質、打手槍,多人,https://www.javbus.com/DJSK-065,
LZWM-005 漆黒のパンストレズビアン,LZWM-005 漆黒のパンストレズビアン,LZWM-005,,2015-03-15,135分鐘,ヘビースモーキー石井,レズれ！,レズれ！マニア,,女同性戀、連褲襪、屁股、戀腿癖、女同接吻、高畫質、DMM獨家,多人,https://www.javbus.com/LZWM-005,
SWAC-020 淫語手コキの世界 DX4時間,SWAC-020 淫語手コキの世界 DX4時間,SWAC-020,,2015-03-15,240分鐘,,湘南/妄想族,湘南/妄想族,,蕩婦、淫語、4小時以上作品、DMM獨家、打手槍,多人,https://www.javbus.com/SWAC-020,
VEC-146 友人の母親 総集編 4,VEC-146 友人の母親 総集編 4,VEC-146,,2015-03-15,240分鐘,,VENUS,女神（ヴィーナス）,友人の母親,成熟的女人、合集、已婚婦女、4小時以上作品、戲劇、DMM獨家,多人,https://www.javbus.com/VEC-146,
DJDK-022 完全撮り下し！エロカワお姉さんたちがパッツンパッツンのボディコンで腰フリまくる着エロ限界ダンス！T-バックが超くい込むエロ尻をプリプリさせオマ○コのメコスジをくっきり見せつけながら踊る様子はAV以上に,DJDK-022 完全撮り下し！エロカワお姉さんたちがパッツンパッツンのボディコンで腰フリまくる着エロ限界ダンス！T-バックが超くい込むエロ尻をプリプリさせオマ○コのメコスジをくっきり見せつけながら踊る様子はAV以上に,DJDK-022,,2015-03-14,130分鐘,秀吉,ジャネス,DANCE,,屁股、姐姐、跳舞、性感的、高畫質、局部特寫,多人,https://www.javbus.com/DJDK-022,
RBB-015 他人の妻は蜜の味 人妻寝とりSEX16時間,RBB-015 他人の妻は蜜の味 人妻寝とりSEX16時間,RBB-015,,2015-03-14,960分鐘,,ROOKIE,ROOKIE,,成熟的女人、合集、已婚婦女、出軌、DMM獨家,多人,https://www.javbus.com/RBB-015,
DKYF-62 全裸乱舞！卑猥なオイリーダンス！！（アナル全開！極小マエバリ！メコスジくっきり！） 2,DKYF-62 全裸乱舞！卑猥なオイリーダンス！！（アナル全開！極小マエバリ！メコスジくっきり！） 2,DKYF-62,,2015-03-14,116分鐘,AKIRA,ジャネス,究極,全裸乱舞！卑猥なオイリーダンス！！,屁股、跳舞、乳房、性感的、高畫質、局部特寫,多人,https://www.javbus.com/DKYF-62,
PPBD-095 危険日の巨乳に孕ませ中出し8時間,PPBD-095 危険日の巨乳に孕ませ中出し8時間,PPBD-095,,2015-03-14,480分鐘,,OPPAI,OPPAI,,合集、戀乳癖、乳房、中出、巨乳、DMM獨家,多人,https://www.javbus.com/PPBD-095,
MDB-601 カリスマエステティシャンだらけのハーレムエステ店 波多野結衣 篠田ゆう 川菜美鈴 紺野ひかる,MDB-601 カリスマエステティシャンだらけのハーレムエステ店 波多野結衣 篠田ゆう 川菜美鈴 紺野ひかる,MDB-601,,2015-03-13,150分鐘,摩天楼,メディアステーション,BAZOOKA（バズーカ）,,企畫、乳交、乳房、美容院、高畫質、打手槍,多人,https://www.javbus.com/MDB-601,
GYAZ-129 夫の留守に巨根ディルドをオマ○コにぶち込んでオナニーする今どきの若妻。ズボズボピストンでマン汁を絡ませアナル全開でイキまくる妄想セックスはたまらん！！,GYAZ-129 夫の留守に巨根ディルドをオマ○コにぶち込んでオナニーする今どきの若妻。ズボズボピストンでマン汁を絡ませアナル全開でイキまくる妄想セックスはたまらん！！,GYAZ-129,,2015-03-10,206分鐘,TANAKA,ジャネス,MANIAPlay,,玩具、花癡、新娘、年輕妻子、高畫質、自慰,多人,https://www.javbus.com/GYAZ-129,
HITJ-302 欲求不満な人妻は夫の留守に夫以外のチ●ポしゃぶりまくり！僕はパンチラ胸チラで誘惑されてフル勃起、彼女は「私が、してあげる…」といって僕のカラダを求めてきた！,HITJ-302 欲求不満な人妻は夫の留守に夫以外のチ●ポしゃぶりまくり！僕はパンチラ胸チラで誘惑されてフル勃起、彼女は「私が、してあげる…」といって僕のカラダを求めてきた！,HITJ-302,,2015-03-10,236分鐘,,マニアゼロ,人妻倶楽部（マニアゼロ）,,蕩婦、其他戀物癖、淫語、已婚婦女、4小時以上作品、高畫質,多人,https://www.javbus.com/HITJ-302,
CYAM-004 働くオンナの淫語レズバトル 4 職場でレズるノンケの女はカラダに触るだけで過敏に反応し、オマ○コぐちょぐちょでクリトリスが超勃起！マン汁吸いまくるとソリながらイキまくり！！ 桜井あゆ 波多野結衣,CYAM-004 働くオンナの淫語レズバトル 4 職場でレズるノンケの女はカラダに触るだけで過敏に反応し、オマ○コぐちょぐちょでクリトリスが超勃起！マン汁吸いまくるとソリながらイキまくり！！ 桜井あゆ 波多野結衣,CYAM-004,,2015-03-10,113分鐘,秀吉,ジャネス,ladies,働くオンナの淫語レズバトル,女同性戀、妓女、淫語、69、舔陰、女同接吻、高畫質,多人,https://www.javbus.com/CYAM-004,
GSPB-001 欲求不満な人妻に胸チラやパンチラで誘惑されて勃起した僕。絶対に手を出してはいけない相手だけど、奥さんは旦那の留守中にこっそり挿入させてくれて僕のザーメンを搾り取ってくれました！,GSPB-001 欲求不満な人妻に胸チラやパンチラで誘惑されて勃起した僕。絶対に手を出してはいけない相手だけど、奥さんは旦那の留守中にこっそり挿入させてくれて僕のザーメンを搾り取ってくれました！,GSPB-001,,2015-03-09,237分鐘,狂四郎,マニアゼロ,Gossip（サンワソフト）,,蕩婦、成熟的女人、已婚婦女、4小時以上作品、高畫質、內衣、打手槍,多人,https://www.javbus.com/GSPB-001,
MBYD-220 夫の親族一同に輪姦された美人妻8時間BEST,MBYD-220 夫の親族一同に輪姦された美人妻8時間BEST,MBYD-220,,2015-03-08,480分鐘,,溜池ゴロー,溜池ゴロー,夫の親族一同に輪姦された美人妻,強姦、合集、已婚婦女、輪姦、出軌、巨乳、DMM獨家,多人,https://www.javbus.com/MBYD-220,
MBYD-221 溜池ゴロー2014年下半期総集編全60タイトル8時間,MBYD-221 溜池ゴロー2014年下半期総集編全60タイトル8時間,MBYD-221,,2015-03-08,480分鐘,,溜池ゴロー,溜池ゴロー,溜池ゴロー○年○半期,成熟的女人、合集、已婚婦女、巨乳、DMM獨家,多人,https://www.javbus.com/MBYD-221,
PBD-294 お姉さん31人 日替わり誘惑SEX8時間,PBD-294 お姉さん31人 日替わり誘惑SEX8時間,PBD-294,,2015-03-05,480分鐘,,プレミアム,PREMIUMBEST,,合集、姐姐、數位馬賽克、DMM獨家,多人,https://www.javbus.com/PBD-294,
PBD-295 お姉さんたちを独り占め！たくさんのお姉さんに責められたい。8時間BEST,PBD-295 お姉さんたちを独り占め！たくさんのお姉さんに責められたい。8時間BEST,PBD-295,,2015-03-05,480分鐘,,プレミアム,PREMIUMBEST,,蕩婦、合集、姐姐、數位馬賽克、DMM獨家,多人,https://www.javbus.com/PBD-295,
KAGH-006 極楽センズリ鑑賞 8時間どっぴゅんSP ソリ返った勃起チ●ポを目の前にして欲情するドスケベ人妻たちに濃厚ザーメン発射25連発,KAGH-006 極楽センズリ鑑賞 8時間どっぴゅんSP ソリ返った勃起チ●ポを目の前にして欲情するドスケベ人妻たちに濃厚ザーメン発射25連発,KAGH-006,,2015-03-05,481分鐘,,AFRO-FILM,かぐや姫（AFRO-FILM）,,已婚婦女、4小時以上作品、高畫質、打手槍,多人,https://www.javbus.com/KAGH-006,
BF-369 働くお姉さんの美尻アナルまる見えSEX8時間,BF-369 働くお姉さんの美尻アナルまる見えSEX8時間,BF-369,,2015-03-05,480分鐘,,BeFree,BeFree,,合集、各種職業、屁股、DMM獨家,多人,https://www.javbus.com/BF-369,
BF-368 BeFree 2014年 全48タイトル8時間BEST,BF-368 BeFree 2014年 全48タイトル8時間BEST,BF-368,,2015-03-05,480分鐘,,BeFree,BeFree,,合集、各種職業、4小時以上作品、DMM獨家,多人,https://www.javbus.com/BF-368,
MDSM-021 オスガズム ガンギマリ・セレクション 8時間BEST 波多野結衣 北川エリカ 桜井あゆ 春原未来,MDSM-021 オスガズム ガンギマリ・セレクション 8時間BEST 波多野結衣 北川エリカ 桜井あゆ 春原未来,MDSM-021,,2015-03-01,480分鐘,真咲南朋,MOTHERSENTERTAINMENTPICTURES,スーパーマザーズ,オスガズム,蕩婦、合集、凌辱、薄馬賽克、女上位、4小時以上作品、DMM獨家,多人,https://www.javbus.com/MDSM-021,
MIBD-893 射精直前の気持ち良いピストン102連発,MIBD-893 射精直前の気持ち良いピストン102連発,MIBD-893,,2015-03-01,240分鐘,,ムーディーズ,MOODYZBest,射精直前の気持ち良いピストン,合集、數位馬賽克、中出、顏射、DMM獨家,多人,https://www.javbus.com/MIBD-893,
OOMN-129 恥汁ダダ漏れ！！ 絶頂ディルドオナニー40人,OOMN-129 恥汁ダダ漏れ！！ 絶頂ディルドオナニー40人,OOMN-129,,2015-03-01,240分鐘,,ABC/妄想族,お母さん.com/ABC,,成熟的女人、合集、按摩棒、巨乳、DMM獨家、自慰,多人,https://www.javbus.com/OOMN-129,
KSBE-024 ド淫乱な若妻の本気オナニー 4時間,KSBE-024 ド淫乱な若妻の本気オナニー 4時間,KSBE-024,,2015-02-28,240分鐘,,OFFICEK’S,K’SBEST,,合集、已婚婦女、新娘、年輕妻子、4小時以上作品、高畫質、自慰,多人,https://www.javbus.com/KSBE-024,
NASS-208 近親相姦 いけない関係 義父と義兄弟を誘惑する淫乱な若妻 DX4時間,NASS-208 近親相姦 いけない関係 義父と義兄弟を誘惑する淫乱な若妻 DX4時間,NASS-208,,2015-02-27,243分鐘,GA-SU,なでしこ,Nadeshiko,近親相姦いけない関係義父と義兄弟を誘惑する淫乱な若妻,成熟的女人、亂倫、花癡、新娘、年輕妻子、多P、4小時以上作品、高畫質、打手槍,多人,https://www.javbus.com/NASS-208,
DVDES-817 夫婦水入らずの温泉旅行…貸切りと旦那にダマされて混浴露天風呂でいきなりデカチンに囲まれた巨乳妻は、戸惑いながらも勃起したデカチン他人棒に興味津々！ 4 旦那には秘密で妊娠覚悟の生中出し！計9発！！,DVDES-817 夫婦水入らずの温泉旅行…貸切りと旦那にダマされて混浴露天風呂でいきなりデカチンに囲まれた巨乳妻は、戸惑いながらも勃起したデカチン他人棒に興味津々！ 4 旦那には秘密で妊娠覚悟の生中出し！計9発！！,DVDES-817,,2015-02-19,140分鐘,ビバ☆ゴンゾ,ディープス,DEEP’S,夫婦水入らずの温泉旅行…,企畫、其他戀物癖、已婚婦女、中出、高畫質、巨乳,多人,https://www.javbus.com/DVDES-817,
RBB-008 透けるパンティラインがエロ過ぎる パッツンムチムチ タイトスカートBEST 16時間,RBB-008 透けるパンティラインがエロ過ぎる パッツンムチムチ タイトスカートBEST 16時間,RBB-008,,2015-02-19,960分鐘,,ROOKIE,ROOKIE,,OL、女教師、其他戀物癖、合集、屁股、戀腿癖、DMM獨家,多人,https://www.javbus.com/RBB-008,
RCT-708 素股だけでもかまいません！献身ナースに性処理をお願いしたら生挿入までさせてくれるかな！？,RCT-708 素股だけでもかまいません！献身ナースに性処理をお願いしたら生挿入までさせてくれるかな！？,RCT-708,,2015-02-19,141分鐘,テンプルすわ,ROCKET,ROCKET,,企畫、护士、其他戀物癖、高畫質,多人,https://www.javbus.com/RCT-708,
ASFB-126 淫語オナニー中毒 4 4時間,ASFB-126 淫語オナニー中毒 4 4時間,ASFB-126,,2015-02-16,240分鐘,,FetishBox/妄想族,FetishBox/妄想族,淫語オナニー中毒,其他戀物癖、淫語、DMM獨家、自慰,多人,https://www.javbus.com/ASFB-126,
MRSS-011 絶対凌辱 有名単体女優を犯す SUPER BEST 4時間 潮吹き×拘束奴隷×生中出し,MRSS-011 絶対凌辱 有名単体女優を犯す SUPER BEST 4時間 潮吹き×拘束奴隷×生中出し,MRSS-011,,2015-02-16,240分鐘,清,ミセスの素顔/エマニエル,ミセスの素顔,,合集、已婚婦女、凌辱、4小時以上作品、高畫質、巨乳、DMM獨家,多人,https://www.javbus.com/MRSS-011,
SWAC-019 失禁＆おもらしコレクション4時間,SWAC-019 失禁＆おもらしコレクション4時間,SWAC-019,,2015-02-16,240分鐘,,湘南/妄想族,湘南/妄想族,,放尿、羞恥、4小時以上作品、DMM獨家,多人,https://www.javbus.com/SWAC-019,
PPBD-093 こんな大きなおっぱいは披露しなきゃ勿体ない！！巨乳娘たちの露出性交4時間！！,PPBD-093 こんな大きなおっぱいは披露しなきゃ勿体ない！！巨乳娘たちの露出性交4時間！！,PPBD-093,,2015-02-15,240分鐘,,OPPAI,OPPAI,,蕩婦、野外・露出、合集、戀乳癖、巨乳、DMM獨家,多人,https://www.javbus.com/PPBD-093,
RBB-011 凌辱は中出しするまで終わらない16時間,RBB-011 凌辱は中出しするまで終わらない16時間,RBB-011,,2015-02-15,960分鐘,,ROOKIE,ROOKIE,,強姦、合集、凌辱、中出、DMM獨家,多人,https://www.javbus.com/RBB-011,
TYWD-066 淫乱日替わりSEX16時間,TYWD-066 淫乱日替わりSEX16時間,TYWD-066,,2015-02-15,960分鐘,,乱丸,乱丸,,合集、淫語、花癡、數位馬賽克、DMM獨家,多人,https://www.javbus.com/TYWD-066,
RBB-009 高画質 SEXが大好き過ぎて淫乱な雰囲気ただよう ドスケベ熟女16時間,RBB-009 高画質 SEXが大好き過ぎて淫乱な雰囲気ただよう ドスケベ熟女16時間,RBB-009,,2015-02-15,960分鐘,,ROOKIE,ROOKIE,,成熟的女人、潮吹、合集、花癡、高畫質、DMM獨家,多人,https://www.javbus.com/RBB-009,
CESD-095 我を忘れるほど感じる失禁ディルド本気モードオナニー11人,CESD-095 我を忘れるほど感じる失禁ディルド本気モードオナニー11人,CESD-095,,2015-02-08,177分鐘,,セレブの友,セレブの友,,成熟的女人、放尿、潮吹、淫語、DMM獨家、自慰,多人,https://www.javbus.com/CESD-095,
MBYD-217 支配感と征服感がたまらない 危険日人妻への孕ませ中出し8時間,MBYD-217 支配感と征服感がたまらない 危険日人妻への孕ませ中出し8時間,MBYD-217,,2015-02-07,480分鐘,,溜池ゴロー,溜池ゴロー,,強姦、合集、已婚婦女、凌辱、中出、出軌、DMM獨家,多人,https://www.javbus.com/MBYD-217,
SW-312 「もうお爺ちゃんたら！」お年寄りだからと油断してたらヤラレた！近所の奥様達のカラダにイタズラ爺さん達の性欲が復活！,SW-312 「もうお爺ちゃんたら！」お年寄りだからと油断してたらヤラレた！近所の奥様達のカラダにイタズラ爺さん達の性欲が復活！,SW-312,,2015-02-05,119分鐘,山城猛,SWITCH,SWITCH（SWITCH）,,企畫、其他戀物癖、已婚婦女、新娘、年輕妻子、DVD多士爐、高畫質,多人,https://www.javbus.com/SW-312,
DJSB-072 キレイなお姉さんの背後からの寸止め手コキDX 4時間,DJSB-072 キレイなお姉さんの背後からの寸止め手コキDX 4時間,DJSB-072,,2015-02-05,241分鐘,,ジャネス,MANIA痴女,キレイなお姉さんの背後からの寸止め手コキ,蕩婦、女教師、妓女、淫語、姐姐、美容院、打手槍,多人,https://www.javbus.com/DJSB-072,
RCT-703 真・時間が止まる腕時計パート3 携帯ショップ編,RCT-703 真・時間が止まる腕時計パート3 携帯ショップ編,RCT-703,,2015-02-05,158分鐘,三輪キヨシ,ROCKET,ROCKET,真・時間が止まる腕時計,企畫、濫交、潮吹、姐姐、中出、高畫質,多人,https://www.javbus.com/RCT-703,
MIBD-887 ハメられながらフェラチオ！！チ○ポで口封じ8時間,MIBD-887 ハメられながらフェラチオ！！チ○ポで口封じ8時間,MIBD-887,,2015-02-01,480分鐘,,ムーディーズ,MOODYZBest,,口交、合集、多P、數位馬賽克、深喉、凌辱、DMM獨家,多人,https://www.javbus.com/MIBD-887,
VAGU-113 S級ママたちとのやらしい生活 10人4時間 2,VAGU-113 S級ママたちとのやらしい生活 10人4時間 2,VAGU-113,,2015-02-01,240分鐘,,VENUS,ULTIMA,○○ママとのやらしい生活,成熟的女人、合集、亂倫、已婚婦女、4小時以上作品、主觀視角、DMM獨家,多人,https://www.javbus.com/VAGU-113,
IDBD-603 頬を伝う紅涙！溢れ出る涎！零れる嗚咽！凶暴な肉棒が美女達の喉奥を貫き犯す 非道のイラマチオBEST2 8時間！！,IDBD-603 頬を伝う紅涙！溢れ出る涎！零れる嗚咽！凶暴な肉棒が美女達の喉奥を貫き犯す 非道のイラマチオBEST2 8時間！！,IDBD-603,,2015-02-01,480分鐘,,アイデアポケット,アイデアポケットBEST,非道のイラマチオBEST,合集、數位馬賽克、深喉、拘束、凌辱、顏射、DMM獨家,多人,https://www.javbus.com/IDBD-603,
PBD-292 ヤリたがり美女たちがあらゆる手段でハメまくる誘惑セックス 8時間BEST,PBD-292 ヤリたがり美女たちがあらゆる手段でハメまくる誘惑セックス 8時間BEST,PBD-292,,2015-01-31,480分鐘,,プレミアム,PREMIUMBEST,,蕩婦、合集、數位馬賽克、巨乳、DMM獨家、內衣,多人,https://www.javbus.com/PBD-292,
DJSH-041 お母さんのエロボディーをおかずにセンズリをする俺。ビンビンに勃起したチ○ポをシコシコする姿を見せつけたらお母さんは発情してマン汁垂らしまくっちゃいました！,DJSH-041 お母さんのエロボディーをおかずにセンズリをする俺。ビンビンに勃起したチ○ポをシコシコする姿を見せつけたらお母さんは発情してマン汁垂らしまくっちゃいました！,DJSH-041,,2015-01-30,243分鐘,,ジャネス,艶女,,成熟的女人、舔陰、4小時以上作品、婆婆、高畫質、自慰、打手槍,多人,https://www.javbus.com/DJSH-041,
SESA-001 今すぐヤリたい！チ○ポ大好きな奥様は旦那のチ○ポも好きだけど…他の勃起チ○ポも食べたいの！とビチョヌレマ○コで手当たり次第に男を誘惑！ドスケベなボディとエロテクでヒイヒイ言わされる僕,SESA-001 今すぐヤリたい！チ○ポ大好きな奥様は旦那のチ○ポも好きだけど…他の勃起チ○ポも食べたいの！とビチョヌレマ○コで手当たり次第に男を誘惑！ドスケベなボディとエロテクでヒイヒイ言わされる僕,SESA-001,,2015-01-26,160分鐘,,設定思考/妄想族,設定思考/妄想族,,蕩婦、已婚婦女、DMM獨家,多人,https://www.javbus.com/SESA-001,
TPPS-004 鉄板 BEST HITS,TPPS-004 鉄板 BEST HITS,TPPS-004,,2015-01-26,240分鐘,,TEPPAN,TEPPAN,TEPPANSPECIAL,苗條、合集、美少女、數位馬賽克、4小時以上作品、巨乳、DMM獨家,多人,https://www.javbus.com/TPPS-004,
ZUKO-070 同級生4人にモテすぎて困るから子作り,ZUKO-070 同級生4人にモテすぎて困るから子作り,ZUKO-070,,2015-01-25,150分鐘,らくだ,ズッコン/バッコン,ズッコン/バッコン,,濫交、淫語、美少女、中出、高畫質、高中女生、DMM獨家,多人,https://www.javbus.com/ZUKO-070,
WANZ-276 AV女優の凄テクを我慢できれば生★中出しSEX！,WANZ-276 AV女優の凄テクを我慢できれば生★中出しSEX！,WANZ-276,,2015-01-25,410分鐘,,ワンズファクトリー,WANZ,我慢できれば生★中出しSEX！,中出、高畫質、泳裝、DMM獨家、打手槍,多人,https://www.javbus.com/WANZ-276,
BMW-084 生徒に自宅を乗っ取られた若妻女教師8時間総集編,BMW-084 生徒に自宅を乗っ取られた若妻女教師8時間総集編,BMW-084,,2015-01-25,480分鐘,,ワンズファクトリー,WANZ,生徒に自宅を乗っ取られた若妻女教師,女教師、合集、監禁、輪姦、DMM獨家,多人,https://www.javbus.com/BMW-084,
BMW-085 舐め殺しエクスタシー イカせ舌技8時間,BMW-085 舐め殺しエクスタシー イカせ舌技8時間,BMW-085,,2015-01-25,480分鐘,,ワンズファクトリー,WANZ,,口交、乳交、合集、DMM獨家、打手槍,多人,https://www.javbus.com/BMW-085,
SCOP-276 地元の同窓会で人妻になった同級生達とすごーくHな王様ゲームをしたら、憧れのあの子のおっぱいとパンティが見放題になって、さらにヤリまくり！！,SCOP-276 地元の同窓会で人妻になった同級生達とすごーくHな王様ゲームをしたら、憧れのあの子のおっぱいとパンティが見放題になって、さらにヤリまくり！！,SCOP-276,,2015-01-23,209分鐘,東園田パセヲ,スクープ,SCOOP（スクープ）,,已婚婦女、乳房、中出、高畫質、內衣,多人,https://www.javbus.com/SCOP-276,
GYAZ-124 アナル全開！ 美人エステティシャンのズボズボまんぐりディルドオナニー 2,GYAZ-124 アナル全開！ 美人エステティシャンのズボズボまんぐりディルドオナニー 2,GYAZ-124,,2015-01-20,111分鐘,秀吉,ジャネス,MANIAPlay,アナル全開！美人エステティシャンのズボズボまんぐりディルドオナニー,連褲襪、姐姐、美容院、高畫質、自慰、局部特寫,多人,https://www.javbus.com/GYAZ-124,
RBB-002 生活感のある部屋でのSEXほどエロいものはない16時間,RBB-002 生活感のある部屋でのSEXほどエロいものはない16時間,RBB-002,,2015-01-19,960分鐘,,ROOKIE,ROOKIE,,其他戀物癖、合集、巨乳、DMM獨家,多人,https://www.javbus.com/RBB-002,
ASFB-119 ピタコス Premium Collection 悩殺ボディーがたまらない,ASFB-119 ピタコス Premium Collection 悩殺ボディーがたまらない,ASFB-119,,2015-01-18,240分鐘,,FetishBox/妄想族,FetishBox/妄想族,,蕩婦、其他戀物癖、DMM獨家,多人,https://www.javbus.com/ASFB-119,
SWAC-015 女教師スペシャル 30人4時間,SWAC-015 女教師スペシャル 30人4時間,SWAC-015,,2015-01-18,240分鐘,,湘南/妄想族,湘南/妄想族,,蕩婦、強姦、女教師、輪姦、4小時以上作品、DMM獨家,多人,https://www.javbus.com/SWAC-015,
PPBD-091 放っておくなんてもったいない！！巨乳を愛撫しながらのSEX51人8時間,PPBD-091 放っておくなんてもったいない！！巨乳を愛撫しながらのSEX51人8時間,PPBD-091,,2015-01-17,480分鐘,,OPPAI,OPPAI,,乳交、合集、戀乳癖、乳房、中出、巨乳、DMM獨家,多人,https://www.javbus.com/PPBD-091,
MBYD-215 毎夜違う人妻さんでヌける！！31人の日替わり性交12時間,MBYD-215 毎夜違う人妻さんでヌける！！31人の日替わり性交12時間,MBYD-215,,2015-01-10,720分鐘,,溜池ゴロー,溜池ゴロー,,成熟的女人、合集、已婚婦女、新娘、年輕妻子、巨乳、DMM獨家,多人,https://www.javbus.com/MBYD-215,
RCT-691 ボディジャック 7 Evolution 憑依ケータイアプリ編,RCT-691 ボディジャック 7 Evolution 憑依ケータイアプリ編,RCT-691,,2015-01-08,157分鐘,三輪キヨシ,ROCKET,ROCKET,究極の妄想発明シリーズ,企畫、OL、女同性戀、其他戀物癖、高畫質,多人,https://www.javbus.com/RCT-691,
RCT-692 マスターベーションインストラクション4 職業コスJOIイイ女スペシャル,RCT-692 マスターベーションインストラクション4 職業コスJOIイイ女スペシャル,RCT-692,,2015-01-08,190分鐘,沢木ジャミー,ROCKET,ROCKET,マスターベーションインストラクション,角色扮演、企畫、淫語、各種職業、高畫質、自慰,多人,https://www.javbus.com/RCT-692,
SDDE-383 性交クリニック ファン感謝祭2015 超豪華S級ナース大集合！4時間スペシャル,SDDE-383 性交クリニック ファン感謝祭2015 超豪華S級ナース大集合！4時間スペシャル,SDDE-383,,2015-01-08,239分鐘,森川圭,SODクリエイト,SENZ,性交クリニック,企畫、护士、4小時以上作品、高畫質,多人,https://www.javbus.com/SDDE-383,
HXAK-015 超脚パンストクイーンDX 4時間,HXAK-015 超脚パンストクイーンDX 4時間,HXAK-015,,2015-01-05,242分鐘,,ジャネス,Fetishパンスト,超脚パンストクイーン,苗條、合集、連褲襪、戀腿癖,多人,https://www.javbus.com/HXAK-015,
QEDQ-006 制服QUEENの悪戯 アナルオーガズムと射精管理 DX4時間,QEDQ-006 制服QUEENの悪戯 アナルオーガズムと射精管理 DX4時間,QEDQ-006,,2015-01-05,241分鐘,TANAKA,ジャネス,クイーンダム,制服QUEENの悪戯,蕩婦、各種職業、制服、高畫質,多人,https://www.javbus.com/QEDQ-006,
PBD-289 ありとあらゆる快感でイキまくる！美女たちの凄すぎる絶頂 8時間BEST,PBD-289 ありとあらゆる快感でイキまくる！美女たちの凄すぎる絶頂 8時間BEST,PBD-289,,2014-12-27,480分鐘,,プレミアム,PREMIUMBEST,,潮吹、合集、花癡、數位馬賽克、女優按摩棒、DMM獨家,多人,https://www.javbus.com/PBD-289,
ATKD-230 厳選、美女凌辱2 いい女は犯しても美しい 選りすぐり美女16人480分,ATKD-230 厳選、美女凌辱2 いい女は犯しても美しい 選りすぐり美女16人480分,ATKD-230,,2014-12-27,480分鐘,,アタッカーズ,AttackersBEST,厳選美女凌辱,女教師、女檢察官、凌辱、DMM獨家,多人,https://www.javbus.com/ATKD-230,
BBAN-025 レズビアンランジェリーモデル～女の意地がぶつかりあう！筋書き無し123分ノンストップレズバトル～,BBAN-025 レズビアンランジェリーモデル～女の意地がぶつかりあう！筋書き無し123分ノンストップレズバトル～,BBAN-025,,2014-12-27,130分鐘,,ビビアン,ビビアン,,女同性戀、濫交、高、模特兒、女同接吻、高畫質、DMM獨家,多人,https://www.javbus.com/BBAN-025,
ATKD-231 ATTACKERS凌辱輪姦II BEST480分,ATKD-231 ATTACKERS凌辱輪姦II BEST480分,ATKD-231,,2014-12-27,480分鐘,,アタッカーズ,AttackersBEST,ATTACKERS凌辱輪姦,合集、輪姦、凌辱、DMM獨家,多人,https://www.javbus.com/ATKD-231,
NASS-185 ウチの嫁は昼間から家に居る身内の男のチ●ポに興味津々。夫には見せた事のない誘惑サインでチ●ポを咥え込み騎乗位で精子をマ●コで絞り取り、中出しさせる！,NASS-185 ウチの嫁は昼間から家に居る身内の男のチ●ポに興味津々。夫には見せた事のない誘惑サインでチ●ポを咥え込み騎乗位で精子をマ●コで絞り取り、中出しさせる！,NASS-185,,2014-12-26,244分鐘,,なでしこ,Nadeshiko,,亂倫、新娘、年輕妻子、多P、中出、女上位、4小時以上作品、高畫質,多人,https://www.javbus.com/NASS-185,
OKAD-509 美人女将がカラダで接客！至れり尽くせりのスペシャル温泉旅館！！ 波多野結衣・北川エリカ・本田莉子・川菜美鈴,OKAD-509 美人女将がカラダで接客！至れり尽くせりのスペシャル温泉旅館！！ 波多野結衣・北川エリカ・本田莉子・川菜美鈴,OKAD-509,,2014-12-26,147分鐘,紋℃,ケイ・エム・プロデュース,おかず。,,企畫、多P、女主人、女老板、高畫質、立即口交、巨乳,多人,https://www.javbus.com/OKAD-509,
GWAZ-064 ムチ！ぴた！タイトスカート スケベな下半身ばかりの4時間スペシャル,GWAZ-064 ムチ！ぴた！タイトスカート スケベな下半身ばかりの4時間スペシャル,GWAZ-064,,2014-12-25,242分鐘,,ジャネス,MANIAPlay,ムチ！ぴた！タイトスカート,蕩婦、合集、連褲襪、姐姐、戀腿癖、4小時以上作品,多人,https://www.javbus.com/GWAZ-064,
TOMN-006 鉄板 絶叫！痙攣！潮噴き！絶頂イカセ,TOMN-006 鉄板 絶叫！痙攣！潮噴き！絶頂イカセ,TOMN-006,,2014-12-21,180分鐘,,TEPPAN,TEPPANSPECIAL,,苗條、美少女、數位馬賽克、女優按摩棒、高畫質、巨乳、DMM獨家,多人,https://www.javbus.com/TOMN-006,
ZUKO-068 巨乳専門店ソープランドニュー波多野へようこそ,ZUKO-068 巨乳専門店ソープランドニュー波多野へようこそ,ZUKO-068,,2014-12-20,180分鐘,らくだ,ズッコン/バッコン,ズッコン/バッコン,,濫交、乳交、妓女、中出、高畫質、巨乳、DMM獨家,多人,https://www.javbus.com/ZUKO-068,
SW-303 旦那が横に居るのに初めての痴漢体験に思わず濡れて拒めない妻,SW-303 旦那が横に居るのに初めての痴漢体験に思わず濡れて拒めない妻,SW-303,,2014-12-20,120分鐘,ドラゴン西川,SWITCH,SWITCH（SWITCH）,,企畫、已婚婦女、性騷擾、高畫質,多人,https://www.javbus.com/SW-303,
FSET-530 マシュマロパイな友達の姉貴とHな体験しちゃった俺,FSET-530 マシュマロパイな友達の姉貴とHな体験しちゃった俺,FSET-530,,2014-12-20,305分鐘,FSET,アキノリ,AKNR,,企畫、姐姐、4小時以上作品、高畫質、巨乳,多人,https://www.javbus.com/FSET-530,
RKI-389 M男君を痴女りたい！誘惑メロメロSEX16時間,RKI-389 M男君を痴女りたい！誘惑メロメロSEX16時間,RKI-389,,2014-12-19,960分鐘,,ROOKIE,ROOKIE,,蕩婦、其他戀物癖、合集、高畫質、DMM獨家,多人,https://www.javbus.com/RKI-389,
GWAZ-063 包茎チ○ポ BEST 男のコンプレックス解消しちゃいますスペシャル4時間,GWAZ-063 包茎チ○ポ BEST 男のコンプレックス解消しちゃいますスペシャル4時間,GWAZ-063,,2014-12-15,243分鐘,,ジャネス,MANIAPlay,,口交、合集、美少女、4小時以上作品、自慰、學校泳裝,多人,https://www.javbus.com/GWAZ-063,
DJSB-068 淫語！寸止め！強制発射！射精管理痴女 突然憧れのお姉さんに誘惑され僕のチ○ポはフル勃起！恥ずかしいと思って嫌がったが無理矢理にチ○ポをしごかれ犯されちゃいました！ DX4時間,DJSB-068 淫語！寸止め！強制発射！射精管理痴女 突然憧れのお姉さんに誘惑され僕のチ○ポはフル勃起！恥ずかしいと思って嫌がったが無理矢理にチ○ポをしごかれ犯されちゃいました！ DX4時間,DJSB-068,,2014-12-15,241分鐘,秀吉,ジャネス,MANIA痴女,淫語！寸止め！強制発射！射精管理痴女,蕩婦、口交、合集、淫語、姐姐、4小時以上作品、高畫質、打手槍,多人,https://www.javbus.com/DJSB-068,
QEEA-008 脳内調教！働くお姉さんのM男射精管理とアナルドライオーガズム 職場で働くいつも優しいお姉さんが今日は上から目線で見つめながら僕のチ○コを超凄テクでイジってくれるので思わず勃起！ジラしプレーでガマン汁出,QEEA-008 脳内調教！働くお姉さんのM男射精管理とアナルドライオーガズム 職場で働くいつも優しいお姉さんが今日は上から目線で見つめながら僕のチ○コを超凄テクでイジってくれるので思わず勃起！ジラしプレーでガマン汁出,QEEA-008,,2014-12-15,242分鐘,AKIRA,ジャネス,クイーンダム,脳内調教！働くお姉さんのM男射精管理とアナルドライオーガズム,护士、SM、淫語、姐姐、舔陰、4小時以上作品、高畫質、打手槍,多人,https://www.javbus.com/QEEA-008,
HNDS-027 本中4周年記念作品！！美少女中出し島2014,HNDS-027 本中4周年記念作品！！美少女中出し島2014,HNDS-027,,2014-12-14,240分鐘,ZAMPA,本中,本中,美少女中出し島,濫交、潮吹、美少女、中出、高畫質、巨乳、DMM獨家,多人,https://www.javbus.com/HNDS-027,
LZBS-002 レズれ！はじめての年間ベスト 女と女の本気イキ総集編 8時間SP,LZBS-002 レズれ！はじめての年間ベスト 女と女の本気イキ総集編 8時間SP,LZBS-002,,2014-12-12,480分鐘,,レズれ！,レズれ！ベスト,,女同性戀、合集、69、舔陰、4小時以上作品、女同接吻、DMM獨家,多人,https://www.javbus.com/LZBS-002,
ASFB-117 受身手コキの快楽 痴女たちのチ○ポ遊びSPECIAL 4時間 VOL.2,ASFB-117 受身手コキの快楽 痴女たちのチ○ポ遊びSPECIAL 4時間 VOL.2,ASFB-117,,2014-12-12,240分鐘,,FetishBox/妄想族,FetishBox/妄想族,受身手コキの快楽,其他戀物癖、合集、DMM獨家、打手槍,多人,https://www.javbus.com/ASFB-117,
OOMN-123 フェラをしたがる母親達 厳選集,OOMN-123 フェラをしたがる母親達 厳選集,OOMN-123,,2014-12-12,240分鐘,,ABC/妄想族,お母さん.com/ABC,フェラをしたがる母親達,成熟的女人、母親、口交、合集、亂倫、DMM獨家,多人,https://www.javbus.com/OOMN-123,
MILD-950 PREMIUM BEST KMP 8時間,MILD-950 PREMIUM BEST KMP 8時間,MILD-950,,2014-12-12,479分鐘,K太郎,ケイ・エム・プロデュース,million（ミリオン）,,合集、多P、中出、4小時以上作品、高畫質、巨乳,多人,https://www.javbus.com/MILD-950,
TOMN-005 鉄板 快楽拘束に溺れ、酔いしれた6性交。,TOMN-005 鉄板 快楽拘束に溺れ、酔いしれた6性交。,TOMN-005,,2014-12-12,240分鐘,,TEPPAN,TEPPANSPECIAL,,潮吹、合集、美少女、數位馬賽克、拘束、4小時以上作品、高畫質、DMM獨家,多人,https://www.javbus.com/TOMN-005,
LZSG-004 とまどい 波多野結衣 桜井あゆ,LZSG-004 とまどい 波多野結衣 桜井あゆ,LZSG-004,,2014-12-12,144分鐘,真咲南朋,レズれ！,レズれ！ドキュメント,,女同性戀、69、纪录片、舔陰、女同接吻、DMM獨家,多人,https://www.javbus.com/LZSG-004,
PPBD-089 パイズリ射精250発24時間,PPBD-089 パイズリ射精250発24時間,PPBD-089,,2014-12-11,1440分鐘,,OPPAI,OPPAI,,乳交、合集、戀乳癖、乳房、巨乳、DMM獨家,多人,https://www.javbus.com/PPBD-089,
TYWD-063 クンニ絶頂トランス117連発,TYWD-063 クンニ絶頂トランス117連発,TYWD-063,,2014-12-11,240分鐘,,乱丸,乱丸,,蕩婦、合集、花癡、舔陰、DMM獨家,多人,https://www.javbus.com/TYWD-063,
SMA-764 串刺しディルド本気オナニー！,SMA-764 串刺しディルド本気オナニー！,SMA-764,,2014-12-08,121分鐘,,マルクス兄弟,MARXBrothersco.,,玩具、DMM獨家、自慰、局部特寫,多人,https://www.javbus.com/SMA-764,
KCPN-061 犯られたら、犯り返す…パイ返しだ！ 波多野結衣,KCPN-061 犯られたら、犯り返す…パイ返しだ！ 波多野結衣,KCPN-061,,2014-12-08,118分鐘,KA★ZU,CREAMPIE,クリームパイ,,OL、女同性戀、口交、輪姦、中出、高畫質、DMM獨家,多人,https://www.javbus.com/KCPN-061,
SVDVD-443 羞恥！公衆の面前で強制絶頂アクメ＆潮！ビッグバンローター改をマ○コに入れて街中を引き回せ 2,SVDVD-443 羞恥！公衆の面前で強制絶頂アクメ＆潮！ビッグバンローター改をマ○コに入れて街中を引き回せ 2,SVDVD-443,,2014-12-06,180分鐘,ニューカジー風間,サディスティックヴィレッジ,サディスティックヴィレッジ,羞恥！,企畫、潮吹、羞恥、高畫質、跳蛋,多人,https://www.javbus.com/SVDVD-443,
SVDVD-444 中出し肉便器担任,SVDVD-444 中出し肉便器担任,SVDVD-444,,2014-12-06,152分鐘,$チェ,サディスティックヴィレッジ,サディスティックヴィレッジ,,女教師、性奴、中出、高畫質,多人,https://www.javbus.com/SVDVD-444,
DJSB-066 極上のM性感 フェザータッチ回春エステ手コキサロンDX 4時間,DJSB-066 極上のM性感 フェザータッチ回春エステ手コキサロンDX 4時間,DJSB-066,,2014-12-05,234分鐘,秀吉,ジャネス,MANIA痴女,極上のM性感フェザータッチ回春エステ手コキサロン,蕩婦、姐姐、美容院、高畫質、緊縛、打手槍,多人,https://www.javbus.com/DJSB-066,
PBD-283 高画質！美尻8時間,PBD-283 高画質！美尻8時間,PBD-283,,2014-12-04,480分鐘,,プレミアム,PREMIUMBEST,,合集、屁股、數位馬賽克、DMM獨家,多人,https://www.javbus.com/PBD-283,
BF-350 魅惑の美脚パンストSEX8時間,BF-350 魅惑の美脚パンストSEX8時間,BF-350,,2014-12-04,480分鐘,,BeFree,BeFree,,連褲襪、纪录片、戀腿癖、DMM獨家,多人,https://www.javbus.com/BF-350,
PBD-285 プレミアム超豪華大乱交 8時間スペシャル,PBD-285 プレミアム超豪華大乱交 8時間スペシャル,PBD-285,,2014-12-04,480分鐘,,プレミアム,PREMIUMBEST,,濫交、合集、數位馬賽克、DMM獨家,多人,https://www.javbus.com/PBD-285,
YTR-075 ごめんなさい！後ろからガンガン突かれるとハメ潮を噴き出すほど感じちゃうんです4時間噴きっぱなし！,YTR-075 ごめんなさい！後ろからガンガン突かれるとハメ潮を噴き出すほど感じちゃうんです4時間噴きっぱなし！,YTR-075,,2014-12-03,239分鐘,,NON,NON,,乳交、潮吹、69,多人,https://www.javbus.com/YTR-075,
BMW-079 危険日限定！！本当に気持ちいい中出しセックス8時間,BMW-079 危険日限定！！本当に気持ちいい中出しセックス8時間,BMW-079,,2014-12-01,480分鐘,,ワンズファクトリー,WANZ,,合集、中出、巨乳、DMM獨家,多人,https://www.javbus.com/BMW-079,
MDSM-018 マザーズ年間ベスト 炎の総集編2014 〔完全撮り下ろし！ 大量オリジナルコンテンツ付〕,MDSM-018 マザーズ年間ベスト 炎の総集編2014 〔完全撮り下ろし！ 大量オリジナルコンテンツ付〕,MDSM-018,,2014-12-01,478分鐘,,MOTHERSENTERTAINMENTPICTURES,スーパーマザーズ,,蕩婦、口交、合集、凌辱、薄馬賽克、4小時以上作品、DMM獨家、自慰,多人,https://www.javbus.com/MDSM-018,
MIBD-869 嫌がる女に強制挿入！！気持ち良すぎる強姦射精！！,MIBD-869 嫌がる女に強制挿入！！気持ち良すぎる強姦射精！！,MIBD-869,,2014-12-01,480分鐘,,ムーディーズ,MOODYZBest,,強姦、合集、數位馬賽克、輪姦、凌辱、4小時以上作品、巨乳、DMM獨家,多人,https://www.javbus.com/MIBD-869,
DYNC-007 美人で色気ムンムンな我が家の嫁がオマ○コが疼きまくるのかパンチラ、胸チラで家族を誘惑してきた。もう男たちのチ○ポはフル勃起状態でそれを見た彼女もハァハァ興奮してオマ○コに中出しまでさせる始末！,DYNC-007 美人で色気ムンムンな我が家の嫁がオマ○コが疼きまくるのかパンチラ、胸チラで家族を誘惑してきた。もう男たちのチ○ポはフル勃起状態でそれを見た彼女もハァハァ興奮してオマ○コに中出しまでさせる始末！,DYNC-007,,2014-11-30,160分鐘,,スタイルアート/妄想族,スタイルアートDYNAMITE/妄想族,,蕩婦、中出、內衣、DMM獨家,多人,https://www.javbus.com/DYNC-007,
TOMN-004 鉄板 美しきオンナの妖艶な性交 BEST,TOMN-004 鉄板 美しきオンナの妖艶な性交 BEST,TOMN-004,,2014-11-30,241分鐘,,TEPPAN,TEPPANSPECIAL,TEPPANSPECIAL,成熟的女人、合集、數位馬賽克、女上位、4小時以上作品、巨乳、DMM獨家,多人,https://www.javbus.com/TOMN-004,
BMW-078 最後まで女が抜く！フェラチオ ただ気持ち良くなっていれば良い王様フェラ4時間,BMW-078 最後まで女が抜く！フェラチオ ただ気持ち良くなっていれば良い王様フェラ4時間,BMW-078,,2014-11-29,240分鐘,,ワンズファクトリー,WANZ,,蕩婦、口交、合集、淫語、姐姐、DMM獨家,多人,https://www.javbus.com/BMW-078,
BMW-077 ムチムチ誘惑パンチラ8時間BEST,BMW-077 ムチムチ誘惑パンチラ8時間BEST,BMW-077,,2014-11-29,480分鐘,,ワンズファクトリー,WANZ,ムチムチ誘惑パンチラ,合集、姐姐、內衣、單體作品、DMM獨家、迷你裙,多人,https://www.javbus.com/BMW-077,
ZUKO-066 ZUKOBAKO 奇跡の夏休み ～素人男性達が過ごした夢の1日～,ZUKO-066 ZUKOBAKO 奇跡の夏休み ～素人男性達が過ごした夢の1日～,ZUKO-066,,2014-11-29,270分鐘,らくだ,ズッコン/バッコン,ズッコン/バッコン,,企畫、業餘、濫交、潮吹、高畫質、巨乳、DMM獨家,多人,https://www.javbus.com/ZUKO-066,
QEDZ-055 お仕事中のお姉さんは制服のまま僕のチ○ポを凄テク手コキでシゴくのがお好き！挑発パンチラやスケベ言葉に辛抱たまらずドピュドピュと大量発射してしまった僕 2,QEDZ-055 お仕事中のお姉さんは制服のまま僕のチ○ポを凄テク手コキでシゴくのがお好き！挑発パンチラやスケベ言葉に辛抱たまらずドピュドピュと大量発射してしまった僕 2,QEDZ-055,,2014-11-25,131分鐘,TANAKA,ジャネス,クイーンダム,お仕事中のお姉さんは制服のまま僕のチ○ポを凄テク手コキでシゴくのがお好き！,护士、SM、姐姐、足交、高畫質、打手槍,多人,https://www.javbus.com/QEDZ-055,
EXTA-033 唾液まみれで口唇、舌を舐め合い、吸い合う濃厚レズ接吻。口元アップで糸引くツバや舌のヌレ具合いがなんともエロすぎて辛抱たまらん！真性とノンケが入り乱れての接吻（キス）スペシャル20名4時間,EXTA-033 唾液まみれで口唇、舌を舐め合い、吸い合う濃厚レズ接吻。口元アップで糸引くツバや舌のヌレ具合いがなんともエロすぎて辛抱たまらん！真性とノンケが入り乱れての接吻（キス）スペシャル20名4時間,EXTA-033,,2014-11-20,243分鐘,,マニアゼロ,エクストラ,,女同性戀、合集、花癡、女同接吻,多人,https://www.javbus.com/EXTA-033,
SDDE-376 デカちん執事をオナニー道具のために雇って、腰フリ騎乗位で快楽を満たす美人三姉妹,SDDE-376 デカちん執事をオナニー道具のために雇って、腰フリ騎乗位で快楽を満たす美人三姉妹,SDDE-376,,2014-11-20,153分鐘,手塚ダイスケ,SODクリエイト,SENZ,,企畫、姐妹、女上位、高畫質,多人,https://www.javbus.com/SDDE-376,
EXTA-032 レズバトル ベスト10 PartIII 4時間,EXTA-032 レズバトル ベスト10 PartIII 4時間,EXTA-032,,2014-11-20,242分鐘,,マニアゼロ,エクストラ,レズバトルベスト10,成熟的女人、女同性戀、合集、女同接吻,多人,https://www.javbus.com/EXTA-032,
SENJ-006 人妻たちのマン汁オナニーがヤバすぎる ！！ マ○コをイジる姿がイヤらしくて思わずチ○ポ勃起！俺のセンズリ見せつけドピュ ！！ 2,SENJ-006 人妻たちのマン汁オナニーがヤバすぎる ！！ マ○コをイジる姿がイヤらしくて思わずチ○ポ勃起！俺のセンズリ見せつけドピュ ！！ 2,SENJ-006,,2014-11-19,127分鐘,,マニアゼロ,センズリ倶楽部（マニアゼロ）,人妻たちのマン汁オナニーがヤバすぎる！！,亂倫、已婚婦女、新娘、年輕妻子、高畫質、自慰,多人,https://www.javbus.com/SENJ-006,
OOMN-120 美熟女逆回春マッサージ,OOMN-120 美熟女逆回春マッサージ,OOMN-120,,2014-11-16,240分鐘,,ABC/妄想族,お母さん.com/ABC,,成熟的女人、合集、乳液、按摩、DMM獨家,多人,https://www.javbus.com/OOMN-120,
LZWM-003 ノーモザイク・レズれ！上原亜衣 波多野結衣 北川エリカ 内村りな 杏美月 綾川まどか 南梨央奈 木村つな,LZWM-003 ノーモザイク・レズれ！上原亜衣 波多野結衣 北川エリカ 内村りな 杏美月 綾川まどか 南梨央奈 木村つな,LZWM-003,,2014-11-16,126分鐘,,レズれ！,レズれ！プレイ,レズれ！,女同性戀、69、女同接吻、DMM獨家、局部特寫,多人,https://www.javbus.com/LZWM-003,
MOT-050 スケベな人妻たち 淫乱奥様の風呂淫行 4時間,MOT-050 スケベな人妻たち 淫乱奥様の風呂淫行 4時間,MOT-050,,2014-11-16,240分鐘,,マザー,マザー,,成熟的女人、合集、已婚婦女、花癡、4小時以上作品,多人,https://www.javbus.com/MOT-050,
ASFB-112 淫語手コキで脳内快楽中枢を刺激せよ！ 4時間SP,ASFB-112 淫語手コキで脳内快楽中枢を刺激せよ！ 4時間SP,ASFB-112,,2014-11-16,240分鐘,,FetishBox/妄想族,FetishBox/妄想族,,其他戀物癖、淫語、DMM獨家、打手槍,多人,https://www.javbus.com/ASFB-112,
ASFB-113 美脚パンストマニアックス 極上の悩殺ストッキング 4時間,ASFB-113 美脚パンストマニアックス 極上の悩殺ストッキング 4時間,ASFB-113,,2014-11-16,240分鐘,,FetishBox/妄想族,FetishBox/妄想族,,合集、連褲襪、屁股、戀腿癖、DMM獨家,多人,https://www.javbus.com/ASFB-113,
SITA-003 嫁が胸の谷間をチラチラするので見てたらチ○ポが勃起していることがバレちゃった！欲求不満な彼女の凄テク食い込みパンティで僕のザーメンはドピュドピュと大発射！,SITA-003 嫁が胸の谷間をチラチラするので見てたらチ○ポが勃起していることがバレちゃった！欲求不満な彼女の凄テク食い込みパンティで僕のザーメンはドピュドピュと大発射！,SITA-003,,2014-11-15,184分鐘,TANAKA,ジャネス,Situation（ジャネス）,,亂倫、已婚婦女、多P、高畫質,多人,https://www.javbus.com/SITA-003,
RKI-381 複数の男たちで顔もカラダも精子で汚しまくる！ぶっかけ輪姦BEST 16時間,RKI-381 複数の男たちで顔もカラダも精子で汚しまくる！ぶっかけ輪姦BEST 16時間,RKI-381,,2014-11-15,960分鐘,,ROOKIE,ROOKIE,,多P、輪姦、凌辱、DMM獨家、顏射,多人,https://www.javbus.com/RKI-381,
RKI-380 温泉宿やホテルでの濃厚*濃密な秘密の情事 浴衣姿の色っぽいイイオンナ 16時間,RKI-380 温泉宿やホテルでの濃厚*濃密な秘密の情事 浴衣姿の色っぽいイイオンナ 16時間,RKI-380,,2014-11-15,960分鐘,,ROOKIE,ROOKIE,,和服・喪服、合集、巨乳、DMM獨家,多人,https://www.javbus.com/RKI-380,
PPBD-086 巨乳限定！高画質中出し8時間,PPBD-086 巨乳限定！高画質中出し8時間,PPBD-086,,2014-11-15,480分鐘,,OPPAI,OPPAI,,乳交、合集、戀乳癖、乳房、中出、巨乳、DMM獨家,多人,https://www.javbus.com/PPBD-086,
RKI-378 思いのママ、気の向くママ、本能のおもむくママに美熟女のほっこり優しいSEX16時間,RKI-378 思いのママ、気の向くママ、本能のおもむくママに美熟女のほっこり優しいSEX16時間,RKI-378,,2014-11-15,960分鐘,,ROOKIE,ROOKIE,,成熟的女人、合集、巨乳、DMM獨家,多人,https://www.javbus.com/RKI-378,
DJSG-114 痴女のいるメンズエステ ～顔騎、クンニオナニーでイッた後に手コキサービスするエステティシャン～ 2,DJSG-114 痴女のいるメンズエステ ～顔騎、クンニオナニーでイッた後に手コキサービスするエステティシャン～ 2,DJSG-114,,2014-11-15,134分鐘,秀吉,ジャネス,MANIA痴女,痴女のいるメンズエステ～顔騎、クンニオナニーでイッた後に手コキサービスするエステティシャン～,舔陰、美容院、高畫質、顏面騎乘、自慰、打手槍,多人,https://www.javbus.com/DJSG-114,
TYWD-060 ガツガツ腰振りトランス騎乗位,TYWD-060 ガツガツ腰振りトランス騎乗位,TYWD-060,,2014-11-15,240分鐘,,乱丸,乱丸,,蕩婦、合集、淫語、花癡、女上位、DMM獨家,多人,https://www.javbus.com/TYWD-060,
MDB-576 淫語で責め続けるド淫乱痴女SEX 50人500分スペシャル,MDB-576 淫語で責め続けるド淫乱痴女SEX 50人500分スペシャル,MDB-576,,2014-11-14,499分鐘,K太郎,メディアステーション,BAZOOKA（バズーカ）,,蕩婦、合集、淫語、花癡、4小時以上作品,多人,https://www.javbus.com/MDB-576,
MIBD-865 女神の舌テク100人8時間,MIBD-865 女神の舌テク100人8時間,MIBD-865,,2014-11-13,480分鐘,,ムーディーズ,MOODYZBest,,口交、合集、數位馬賽克、DMM獨家、吞精,多人,https://www.javbus.com/MIBD-865,
AUKG-260 レズ風俗にハマる女たち2 ～Lesbian Girls Club～,AUKG-260 レズ風俗にハマる女たち2 ～Lesbian Girls Club～,AUKG-260,,2014-11-09,133分鐘,,U＆K,U＆K,レズ風俗にハマる女たち,蕩婦、女同性戀、妓女、女同接吻、高畫質、巨乳、DMM獨家,多人,https://www.javbus.com/AUKG-260,
MBYD-209 誘う人妻たち8時間,MBYD-209 誘う人妻たち8時間,MBYD-209,,2014-11-08,480分鐘,,溜池ゴロー,溜池ゴロー,,蕩婦、成熟的女人、合集、已婚婦女、新娘、年輕妻子、DMM獨家,多人,https://www.javbus.com/MBYD-209,
MBYD-208 輪姦される人妻8時間,MBYD-208 輪姦される人妻8時間,MBYD-208,,2014-11-08,480分鐘,,溜池ゴロー,溜池ゴロー,,強姦、合集、已婚婦女、輪姦、凌辱、DMM獨家,多人,https://www.javbus.com/MBYD-208,
DVDES-787 ウブな教え子をち○ぽ汁（ザーメン）まみれにするデカチン巨乳ふたなり体育教師 2,DVDES-787 ウブな教え子をち○ぽ汁（ザーメン）まみれにするデカチン巨乳ふたなり体育教師 2,DVDES-787,,2014-11-08,130分鐘,ヨハン・ユアン,ディープス,DEEP’S,ウブな教え子をち○ぽ汁（ザーメン）まみれにするデカチン巨乳ふたなり体育教師,企畫、女教師、淫語、雙性人、高畫質、巨乳,多人,https://www.javbus.com/DVDES-787,
SITA-002 美人で優しくてエロいウチの嫁は無防備にいつもパンティをチラつかせて誘惑するものだから思わず勃起！それを見た彼女はマ○コをぐっしょりさせ、俺のチ○ポをしゃぶりまくりザーメンを喉越しで搾り採っていった！,SITA-002 美人で優しくてエロいウチの嫁は無防備にいつもパンティをチラつかせて誘惑するものだから思わず勃起！それを見た彼女はマ○コをぐっしょりさせ、俺のチ○ポをしゃぶりまくりザーメンを喉越しで搾り採っていった！,SITA-002,,2014-11-05,147分鐘,TANAKA,ジャネス,Situation（ジャネス）,,口交、亂倫、已婚婦女、高畫質,多人,https://www.javbus.com/SITA-002,
CAGJ-007 もうワザととしか思えない欲求不満な人妻の行動！胸チラ・パンチラで誘惑しながら濃厚接吻手コキされた僕のチ○コはフル勃起状態で…,CAGJ-007 もうワザととしか思えない欲求不満な人妻の行動！胸チラ・パンチラで誘惑しながら濃厚接吻手コキされた僕のチ○コはフル勃起状態で…,CAGJ-007,,2014-11-02,137分鐘,,CHANGE,CHANGE,,蕩婦、亂倫、已婚婦女、高畫質、DMM獨家、打手槍,多人,https://www.javbus.com/CAGJ-007,
VAGU-104 麗しのマネキン夫人総集編,VAGU-104 麗しのマネキン夫人総集編,VAGU-104,,2014-11-02,240分鐘,,VENUS,ULTIMA,麗しのマネキン夫人,成熟的女人、合集、已婚婦女、4小時以上作品、DMM獨家,多人,https://www.javbus.com/VAGU-104,
PBD-279 前戯から発射までしっかり収録！特選濃厚ファック Vol.2,PBD-279 前戯から発射までしっかり収録！特選濃厚ファック Vol.2,PBD-279,,2014-11-01,480分鐘,,プレミアム,PREMIUMBEST,前戯から発射までしっかり収録！特選濃厚ファック,合集、數位馬賽克、DMM獨家,多人,https://www.javbus.com/PBD-279,
MIBD-862 見下されながら騎乗位で犯された僕。2,MIBD-862 見下されながら騎乗位で犯された僕。2,MIBD-862,,2014-11-01,480分鐘,,ムーディーズ,MOODYZBest,見下されながら騎乗位で犯された僕。,蕩婦、合集、淫語、姐姐、數位馬賽克、女上位、DMM獨家,多人,https://www.javbus.com/MIBD-862,
BF-345 グラマラスBODY×極エロ着衣SEX 20本番8時間Special2,BF-345 グラマラスBODY×極エロ着衣SEX 20本番8時間Special2,BF-345,,2014-11-01,480分鐘,,BeFree,BeFree,グラマラスBODY×極エロ着衣SEX,各種職業、纪录片、DMM獨家,多人,https://www.javbus.com/BF-345,
EMAC-053 いつも欲求不満な人妻が旦那以外のチ○ポに興奮！僕のフル勃起チ○ポを上下にシゴく手つきがエロすぎて堪らない！9名4時間,EMAC-053 いつも欲求不満な人妻が旦那以外のチ○ポに興奮！僕のフル勃起チ○ポを上下にシゴく手つきがエロすぎて堪らない！9名4時間,EMAC-053,,2014-10-26,243分鐘,,DX/エマニエル,DX（エマニエル）,,成熟的女人、已婚婦女、高畫質、DMM獨家、打手槍,多人,https://www.javbus.com/EMAC-053,
AUKB-048 Lesbian Diva 波多野結衣レズBEST4時間,AUKB-048 Lesbian Diva 波多野結衣レズBEST4時間,AUKB-048,,2014-10-26,242分鐘,,U＆K,U＆K,,女同性戀、合集、各種職業、女同接吻、巨乳、DMM獨家,多人,https://www.javbus.com/AUKB-048,
ASFB-109 これが噂のM性感！究極のテクニック大公開 男の潮吹きサロン 4時間スペシャル,ASFB-109 これが噂のM性感！究極のテクニック大公開 男の潮吹きサロン 4時間スペシャル,ASFB-109,,2014-10-26,240分鐘,,FetishBox/妄想族,FetishBox/妄想族,,蕩婦、其他戀物癖、潮吹、DMM獨家,多人,https://www.javbus.com/ASFB-109,
BMW-074 10発中出しするまで勃起させちゃうお姉様SEXテクニック 10名集結8時間,BMW-074 10発中出しするまで勃起させちゃうお姉様SEXテクニック 10名集結8時間,BMW-074,,2014-10-25,480分鐘,,ワンズファクトリー,WANZ,10発中出しするまで勃起させちゃうお姉様SEXテクニック,蕩婦、合集、姐姐、中出、DMM獨家,多人,https://www.javbus.com/BMW-074,
BMW-075 膣奥に連続射精ザーメン中出し輪姦8時間,BMW-075 膣奥に連続射精ザーメン中出し輪姦8時間,BMW-075,,2014-10-25,480分鐘,,ワンズファクトリー,WANZ,,強姦、合集、輪姦、中出、DMM獨家,多人,https://www.javbus.com/BMW-075,
DJSB-064 極上ヌキまくり痴女 淫語まみれのペニス狩り DX4時間,DJSB-064 極上ヌキまくり痴女 淫語まみれのペニス狩り DX4時間,DJSB-064,,2014-10-25,241分鐘,秀吉,ジャネス,MANIA痴女,極上ヌキまくり痴女淫語まみれのペニス狩り,蕩婦、妓女、高畫質、高中女生、打手槍,多人,https://www.javbus.com/DJSB-064,
HITJ-301 エロすぎる人妻のフェラチオ！ジュボジュボと僕のチ○ポを咥えながら出すうめき声がさらにスケベで裏スジを責めまくりピストンフェラで精子を搾り取る！,HITJ-301 エロすぎる人妻のフェラチオ！ジュボジュボと僕のチ○ポを咥えながら出すうめき声がさらにスケベで裏スジを責めまくりピストンフェラで精子を搾り取る！,HITJ-301,,2014-10-21,243分鐘,,マニアゼロ,人妻倶楽部（マニアゼロ）,,口交、已婚婦女、高畫質,多人,https://www.javbus.com/HITJ-301,
SWAC-007 角マンオナニー 4時間,SWAC-007 角マンオナニー 4時間,SWAC-007,,2014-10-19,240分鐘,,湘南/妄想族,湘南/妄想族,,各種職業、制服、高中女生、DMM獨家、自慰、女傭,多人,https://www.javbus.com/SWAC-007,
RKI-370 射精直後の敏感ち○ぽを丁寧にお掃除フェラ16時間,RKI-370 射精直後の敏感ち○ぽを丁寧にお掃除フェラ16時間,RKI-370,,2014-10-19,960分鐘,,ROOKIE,ROOKIE,,口交、其他戀物癖、合集、DMM獨家,多人,https://www.javbus.com/RKI-370,
GWAZ-061 悩殺！生パンチラコレクション 4時間,GWAZ-061 悩殺！生パンチラコレクション 4時間,GWAZ-061,,2014-10-15,242分鐘,,ジャネス,MANIAプレイ,,美少女、內衣、高中女生、水手服、打手槍,多人,https://www.javbus.com/GWAZ-061,
ASFB-106 淫語フェラBEST Vol.3,ASFB-106 淫語フェラBEST Vol.3,ASFB-106,,2014-10-13,240分鐘,,FetishBox/妄想族,FetishBox/妄想族,淫語フェラBEST,口交、其他戀物癖、合集、淫語、DMM獨家,多人,https://www.javbus.com/ASFB-106,
TOMN-002 鉄板 激指ズボオナニーBEST,TOMN-002 鉄板 激指ズボオナニーBEST,TOMN-002,,2014-10-13,180分鐘,,TEPPAN,TEPPANSPECIAL,TEPPANSPECIAL,苗條、合集、美少女、數位馬賽克、高畫質、巨乳、DMM獨家、自慰,多人,https://www.javbus.com/TOMN-002,
MAZJ-014 エステティシャンのストッキングや制服にそそられた俺はチ○ポをフル勃起させワガママ放題。過剰すぎるサービスが自慢のM男専用エステサロン 2,MAZJ-014 エステティシャンのストッキングや制服にそそられた俺はチ○ポをフル勃起させワガママ放題。過剰すぎるサービスが自慢のM男専用エステサロン 2,MAZJ-014,,2014-10-12,152分鐘,,マニアゼロ,M性感倶楽部（マニアゼロ）,エステティシャンのストッキングや制服にそそられた俺はチ○ポをフル勃起させワガママ放題。過剰すぎるサー,SM、制服、美容院、高畫質,多人,https://www.javbus.com/MAZJ-014,
MOT-045 メガネ美人奥様たちのおねだりドスケベフェラチオ1,MOT-045 メガネ美人奥様たちのおねだりドスケベフェラチオ1,MOT-045,,2014-10-12,240分鐘,,マザー,マザー,,成熟的女人、口交、已婚婦女、4小時以上作品、眼鏡,多人,https://www.javbus.com/MOT-045,
MBYD-205 生涯を夫だけと誓った妻の完堕ち自我崩壊SEX,MBYD-205 生涯を夫だけと誓った妻の完堕ち自我崩壊SEX,MBYD-205,,2014-10-09,480分鐘,,溜池ゴロー,溜池ゴロー,,成熟的女人、合集、已婚婦女、凌辱、出軌、DMM獨家,多人,https://www.javbus.com/MBYD-205,
RCT-659 媚薬エステサロン4 超豪華女優Wアクメスペシャル 波多野結衣 水原さな,RCT-659 媚薬エステサロン4 超豪華女優Wアクメスペシャル 波多野結衣 水原さな,RCT-659,,2014-10-09,164分鐘,沢木ジャミー,ROCKET,ROCKET,媚薬エステサロン,企畫、藥物、中出、按摩、高畫質,多人,https://www.javbus.com/RCT-659,
DMBA-165 W手コキ射精ハーレム,DMBA-165 W手コキ射精ハーレム,DMBA-165,,2014-10-05,121分鐘,,ジャネス,MAZOBOYSCLUB,,SM、姐姐、羞恥、打手槍,多人,https://www.javbus.com/DMBA-165,
ATKD-225 ATTACKERS PRESENTS 籠城 全編ノーカット完全版,ATKD-225 ATTACKERS PRESENTS 籠城 全編ノーカット完全版,ATKD-225,,2014-10-04,530分鐘,高原寿,アタッカーズ,AttackersBEST,籠城,护士、強姦、監禁、DMM獨家,多人,https://www.javbus.com/ATKD-225,
KAGS-060 人妻おまんこディルドdeオナニー 本気でイキ狂う淫乱な奥様方,KAGS-060 人妻おまんこディルドdeオナニー 本気でイキ狂う淫乱な奥様方,KAGS-060,,2014-10-03,120分鐘,石川出水,AFRO-FILM,赫夜姫映像,,玩具、已婚婦女、高畫質、自慰,多人,https://www.javbus.com/KAGS-060,
DYNC-005 働くお姉さんに淫語で責め寄られて、スケベ行為をされたら僕のチ○ポはとうぜん勃起！その後、むしゃぶりつかれ精子をバキュームで吸いとられちゃいました！,DYNC-005 働くお姉さんに淫語で責め寄られて、スケベ行為をされたら僕のチ○ポはとうぜん勃起！その後、むしゃぶりつかれ精子をバキュームで吸いとられちゃいました！,DYNC-005,,2014-09-28,132分鐘,,スタイルアート/妄想族,スタイルアートDYNAMITE/妄想族,,蕩婦、口交、DMM獨家,多人,https://www.javbus.com/DYNC-005,
TOMN-001 鉄板フェラチオBEST,TOMN-001 鉄板フェラチオBEST,TOMN-001,,2014-09-28,240分鐘,,TEPPAN,TEPPANSPECIAL,TEPPANSPECIAL,口交、合集、美少女、數位馬賽克、4小時以上作品、高畫質、巨乳、DMM獨家,多人,https://www.javbus.com/TOMN-001,
MDBS-016 狂乱幻獄Men‘s アナル・オーガズムのすべて 狙われた僕のケツマ○コ,MDBS-016 狂乱幻獄Men‘s アナル・オーガズムのすべて 狙われた僕のケツマ○コ,MDBS-016,,2014-09-28,239分鐘,,MOTHERSENTERTAINMENTPICTURES,スーパーマザーズ,,蕩婦、其他戀物癖、合集、凌辱、薄馬賽克、4小時以上作品、DMM獨家、肛交,多人,https://www.javbus.com/MDBS-016,
ASFB-105 淫語オナニー中毒 3 4時間,ASFB-105 淫語オナニー中毒 3 4時間,ASFB-105,,2014-09-28,241分鐘,,FetishBox/妄想族,FetishBox/妄想族,淫語オナニー中毒,合集、淫語、DMM獨家、自慰,多人,https://www.javbus.com/ASFB-105,
BMW-071 お姉さま限定！！いやらしすぎる膣内に搾り取られる中出しBEST,BMW-071 お姉さま限定！！いやらしすぎる膣内に搾り取られる中出しBEST,BMW-071,,2014-09-27,479分鐘,,ワンズファクトリー,WANZ,,合集、淫語、姐姐、中出、女上位、DMM獨家,多人,https://www.javbus.com/BMW-071,
MIBD-854 美人お姉様限定！ピタッ！ムチッタイトスカートSEX8時間,MIBD-854 美人お姉様限定！ピタッ！ムチッタイトスカートSEX8時間,MIBD-854,,2014-09-27,478分鐘,,ムーディーズ,MOODYZBest,,蕩婦、合集、屁股、姐姐、戀腿癖、數位馬賽克、DMM獨家,多人,https://www.javbus.com/MIBD-854,
DJSG-112 ドレスから覗く真っ白い太ももやノーブラの生乳谷間を僕の体に密着させてくるキャバ嬢たち！エロエロモードで迫ってくる彼女たちに僕のチ○ポはフル勃起！彼女たちの本気のテクニックは凄過ぎて、お店の中だったけ,DJSG-112 ドレスから覗く真っ白い太ももやノーブラの生乳谷間を僕の体に密着させてくるキャバ嬢たち！エロエロモードで迫ってくる彼女たちに僕のチ○ポはフル勃起！彼女たちの本気のテクニックは凄過ぎて、お店の中だったけ,DJSG-112,,2014-09-25,143分鐘,秀吉,ジャネス,MANIA痴女,,妓女、花癡、打手槍,多人,https://www.javbus.com/DJSG-112,
RABS-001 ピンク映画館に 女一人で行ってみた,RABS-001 ピンク映画館に 女一人で行ってみた,RABS-001,,2014-09-21,175分鐘,竜二,FAプロ・プラチナ,FAプロ竜二ベスト,,成熟的女人、野外・露出、已婚婦女、性騷擾、戲劇、故事集、DMM獨家,多人,https://www.javbus.com/RABS-001,
CAGJ-005 痴女がひんぱんに出没するとウワサされてる所で…洗ってないマ○コを舐めさせられたり、チ○ポを無理矢理弄られ精子を搾り取られてしまった,CAGJ-005 痴女がひんぱんに出没するとウワサされてる所で…洗ってないマ○コを舐めさせられたり、チ○ポを無理矢理弄られ精子を搾り取られてしまった,CAGJ-005,,2014-09-21,131分鐘,,CHANGE,CHANGE,,蕩婦、妓女、舔陰、高中女生、DMM獨家,多人,https://www.javbus.com/CAGJ-005,
RANB-038 ムチムチお姉さんがムレムレ極小マエバリとじっとり汗ばむアナルを見せつけガンガン腰振る強烈クイコミマ○コダンス！,RANB-038 ムチムチお姉さんがムレムレ極小マエバリとじっとり汗ばむアナルを見せつけガンガン腰振る強烈クイコミマ○コダンス！,RANB-038,,2014-09-19,116分鐘,,マニアゼロ,乱舞（マニアゼロ）,,身體意識、姐姐、跳舞、乳房、性感的,多人,https://www.javbus.com/RANB-038,
QEDZ-052 お仕事中のお姉さんたちの制服にムラムラしちゃった僕。「そわそわしてどうしたの？パンパンだよ」とスケベ言葉にそそられた僕はフル勃起。辛抱たまらずアナルプレイをお願いしてみたらペニバンでイカせてくれた！,QEDZ-052 お仕事中のお姉さんたちの制服にムラムラしちゃった僕。「そわそわしてどうしたの？パンパンだよ」とスケベ言葉にそそられた僕はフル勃起。辛抱たまらずアナルプレイをお願いしてみたらペニバンでイカせてくれた！,QEDZ-052,,2014-09-15,134分鐘,AKIRA,ジャネス,クイーンダム,,SM、淫語、姐姐、制服,多人,https://www.javbus.com/QEDZ-052,
GYAZ-122 鬼バキュームフェラ 生け贄になったチ○ポ 2,GYAZ-122 鬼バキュームフェラ 生け贄になったチ○ポ 2,GYAZ-122,,2014-09-15,142分鐘,,ジャネス,MANIAPlay,鬼バキュームフェラ生け贄になったチ○ポ,蕩婦、口交、花癡,多人,https://www.javbus.com/GYAZ-122,
OOMN-112 美熟女厳選集 デカチンに溺れる濃厚SEX 4時間,OOMN-112 美熟女厳選集 デカチンに溺れる濃厚SEX 4時間,OOMN-112,,2014-09-14,240分鐘,,ABC/妄想族,お母さん.com/ABC,,成熟的女人、合集、已婚婦女、數位馬賽克、巨乳、DMM獨家,多人,https://www.javbus.com/OOMN-112,
MOT-040 ドスケベ母さんの息子フェラチオ,MOT-040 ドスケベ母さんの息子フェラチオ,MOT-040,,2014-09-14,240分鐘,,マザー,マザー,,成熟的女人、母親、口交、合集、4小時以上作品,多人,https://www.javbus.com/MOT-040,
MIBD-849 男が潮吹いたりすんげぇ発射しちゃう！女神の痴女テク36連発8時間VOL.2,MIBD-849 男が潮吹いたりすんげぇ発射しちゃう！女神の痴女テク36連発8時間VOL.2,MIBD-849,,2014-09-13,478分鐘,,ムーディーズ,MOODYZBest,女神の痴女テク,蕩婦、潮吹、合集、姐姐、數位馬賽克、DMM獨家、打手槍,多人,https://www.javbus.com/MIBD-849,
SILK-033 四畳半ダーリン,SILK-033 四畳半ダーリン,SILK-033,,2014-09-12,118分鐘,KINO,SILKLABO,SILKLABO,,高畫質、戲劇、給女性觀眾,多人,https://www.javbus.com/SILK-033,
UGUG-072 息子そそのかし妻を寝取らせ母子のまぐわいを家庭内盗撮。,UGUG-072 息子そそのかし妻を寝取らせ母子のまぐわいを家庭内盗撮。,UGUG-072,,2014-09-11,120分鐘,,タカラ映像,GUSUKU,,成熟的女人、亂倫、已婚婦女、偷窥、出軌,多人,https://www.javbus.com/UGUG-072,
MBYD-201 スレンダー美人妻8時間,MBYD-201 スレンダー美人妻8時間,MBYD-201,,2014-09-07,479分鐘,,溜池ゴロー,溜池ゴロー,,成熟的女人、苗條、合集、已婚婦女、戲劇、DMM獨家,多人,https://www.javbus.com/MBYD-201,
MBYD-203 溜池ゴロー2014年上半期総集編全53タイトル8時間,MBYD-203 溜池ゴロー2014年上半期総集編全53タイトル8時間,MBYD-203,,2014-09-07,479分鐘,,溜池ゴロー,溜池ゴロー,溜池ゴロー○年○半期,成熟的女人、合集、新娘、年輕妻子、出軌、巨乳、DMM獨家,多人,https://www.javbus.com/MBYD-203,
MIRD-141 MOODYZファン感謝祭バコバコバスツアー2014 南国バコバコランド大乱交！！,MIRD-141 MOODYZファン感謝祭バコバコバスツアー2014 南国バコバコランド大乱交！！,MIRD-141,,2014-09-07,446分鐘,モヒカル,ムーディーズ,MOODYZREAL,バコバコバスツアー,角色扮演、企畫、和服・喪服、數位馬賽克、高畫質、DMM獨家,多人,https://www.javbus.com/MIRD-141,
DSMO-021 上半期 BS 手コキ BEST14 4時間,DSMO-021 上半期 BS 手コキ BEST14 4時間,DSMO-021,,2014-09-05,239分鐘,,ジャネス,BS,,合集、4小時以上作品、打手槍,多人,https://www.javbus.com/DSMO-021,
RANB-037 アナルやマン毛を見せながらシェイクして、超アップ前貼りクイコミマ○コで下品で危ないDANCEで踊り狂うエロダンサーたち,RANB-037 アナルやマン毛を見せながらシェイクして、超アップ前貼りクイコミマ○コで下品で危ないDANCEで踊り狂うエロダンサーたち,RANB-037,,2014-09-05,242分鐘,,マニアゼロ,乱舞（マニアゼロ）,,跳舞、4小時以上作品、局部特寫,多人,https://www.javbus.com/RANB-037,
QEDZ-051 働くお姉さんにおもてなしなんて求めません！僕はピチピチミニスカや美脚ストッキング穿いた制服美女に冷たい視線で見られてスケベ言葉をあびながら勃起チ○ポをしごいてザーメンをどぴゅっと出したいんです！,QEDZ-051 働くお姉さんにおもてなしなんて求めません！僕はピチピチミニスカや美脚ストッキング穿いた制服美女に冷たい視線で見られてスケベ言葉をあびながら勃起チ○ポをしごいてザーメンをどぴゅっと出したいんです！,QEDZ-051,,2014-09-05,115分鐘,TANAKA,ジャネス,クイーンダム,,护士、OL、其他戀物癖、連褲襪、姐姐、制服、高畫質,多人,https://www.javbus.com/QEDZ-051,
DMBK-030 The Room 「W」 羨望のM男ハーレムへようこそ DELUXE 4時間,DMBK-030 The Room 「W」 羨望のM男ハーレムへようこそ DELUXE 4時間,DMBK-030,,2014-09-05,242分鐘,,ジャネス,MAZOBOYSCLUB,TheRoom「W」羨望のM男ハーレムへようこそ,玩具、SM、多P、4小時以上作品、打手槍,多人,https://www.javbus.com/DMBK-030,
CAGK-003 仕事中にも関わらず僕の願望を叶えてくれるお姉さんたち…ギンギン勃起した僕のチ○ポで寸止め発射してくる女神たちに昇天！！,CAGK-003 仕事中にも関わらず僕の願望を叶えてくれるお姉さんたち…ギンギン勃起した僕のチ○ポで寸止め発射してくる女神たちに昇天！！,CAGK-003,,2014-09-05,136分鐘,,CHANGE,CHANGE,,淫語、各種職業、DMM獨家、打手槍,多人,https://www.javbus.com/CAGK-003,
SSPD-113 麗奴館 第三章,SSPD-113 麗奴館 第三章,SSPD-113,,2014-09-04,230分鐘,川村慎一,アタッカーズ,スーパースペシャル,麗奴館,女教師、性奴、高畫質、遊戲的真人版、巨乳、單體作品、DMM獨家,多人,https://www.javbus.com/SSPD-113,
BF-333 爆乳限定！ハメ狂い激振騎乗位8時間！,BF-333 爆乳限定！ハメ狂い激振騎乗位8時間！,BF-333,,2014-09-04,479分鐘,,BeFree,BeFree,,合集、女上位、巨乳、DMM獨家,多人,https://www.javbus.com/BF-333,
HPR-012 催眠研究-密室2-,HPR-012 催眠研究-密室2-,HPR-012,,2014-08-31,472分鐘,,催眠研究所,催眠研究,催眠研究,纪录片、性奴、惡作劇、催眠、高畫質,多人,https://www.javbus.com/HPR-012,
OOMN-111 早く勃きなさい！ エッ！ 朝からもうこんなに大きくしちゃって…。 42名,OOMN-111 早く勃きなさい！ エッ！ 朝からもうこんなに大きくしちゃって…。 42名,OOMN-111,,2014-08-29,240分鐘,,ABC/妄想族,お母さん.com/ABC,,成熟的女人、母親、乳交、合集、亂倫、DMM獨家,多人,https://www.javbus.com/OOMN-111,
DYNE-001 いつもお高くとまってるキャビンアテンダントが僕らの勃起したチ○ポをスケベ言葉を言いながらドヤ顔で攻めるので僕は興奮して精子をぶちまけた！,DYNE-001 いつもお高くとまってるキャビンアテンダントが僕らの勃起したチ○ポをスケベ言葉を言いながらドヤ顔で攻めるので僕は興奮して精子をぶちまけた！,DYNE-001,,2014-08-29,137分鐘,,スタイルアート/妄想族,スタイルアートDYNAMITE/妄想族,,淫語、空中小姐、性奴、DMM獨家,多人,https://www.javbus.com/DYNE-001,
DYNC-003 欲求不満なお姉さんたちが性欲をガマン出来ずに仕事中にもかかわらず僕を挑発し、マ○コを見せつけてきた！チ○ポが勃起したのを見てグチュグチュに濡れたマ○コを挿入し上下に騎乗位ピストンするド淫乱痴女だった,DYNC-003 欲求不満なお姉さんたちが性欲をガマン出来ずに仕事中にもかかわらず僕を挑発し、マ○コを見せつけてきた！チ○ポが勃起したのを見てグチュグチュに濡れたマ○コを挿入し上下に騎乗位ピストンするド淫乱痴女だった,DYNC-003,,2014-08-29,145分鐘,,スタイルアート/妄想族,スタイルアートDYNAMITE/妄想族,,蕩婦、各種職業、女上位、DMM獨家,多人,https://www.javbus.com/DYNC-003,
ANX-044 催眠研究所記録映像集 vol.8,ANX-044 催眠研究所記録映像集 vol.8,ANX-044,,2014-08-29,239分鐘,,催眠研究所別館,催眠隷女（催眠研究所別館）,催眠研究所記録映像集,合集、各種職業、性奴、凌辱、4小時以上作品、催眠、高畫質、DMM獨家,多人,https://www.javbus.com/ANX-044,
MIBD-844 スペシャルデリバリー！AV女優が素人のお宅訪問8時間！,MIBD-844 スペシャルデリバリー！AV女優が素人のお宅訪問8時間！,MIBD-844,,2014-08-28,478分鐘,,ムーディーズ,MOODYZBest,,蕩婦、合集、妓女、數位馬賽克、巨乳、DMM獨家,多人,https://www.javbus.com/MIBD-844,
BMW-069 ワンズファクトリー2014年上半期総集編,BMW-069 ワンズファクトリー2014年上半期総集編,BMW-069,,2014-08-28,479分鐘,,ワンズファクトリー,WANZ,ワンズファクトリー○半期総集編,合集、姐姐、中出、巨乳、DMM獨家、蘿莉塔,多人,https://www.javbus.com/BMW-069,
MIBD-846 痴女お姉さんの昇天テクニック 強制射精8時間,MIBD-846 痴女お姉さんの昇天テクニック 強制射精8時間,MIBD-846,,2014-08-28,478分鐘,,ムーディーズ,MOODYZBest,,蕩婦、乳交、合集、數位馬賽克、巨乳、DMM獨家、打手槍,多人,https://www.javbus.com/MIBD-846,
DANJ-005 エロカッコイイお姉さんたちがヒクつくアナルをおっぴろげ、マン毛も丸出しで下品に踊り、乳をブルブルと揺らしながら汗を垂らす最高のオゲレツダンス,DANJ-005 エロカッコイイお姉さんたちがヒクつくアナルをおっぴろげ、マン毛も丸出しで下品に踊り、乳をブルブルと揺らしながら汗を垂らす最高のオゲレツダンス,DANJ-005,,2014-08-26,124分鐘,,マニアゼロ,DANCE倶楽部,,其他戀物癖、姐姐、跳舞、乳房、肛交,多人,https://www.javbus.com/DANJ-005,
MAZJ-011 「私が抜いてあげる」と色んな場所で、チ○ポを見つけては逆痴漢するお姉さんがいるらしい…まんまと勃起したチ○ポをもて遊ぶとか！,MAZJ-011 「私が抜いてあげる」と色んな場所で、チ○ポを見つけては逆痴漢するお姉さんがいるらしい…まんまと勃起したチ○ポをもて遊ぶとか！,MAZJ-011,,2014-08-26,136分鐘,,マニアゼロ,M性感倶楽部（マニアゼロ）,,蕩婦、SM、淫語、花癡,多人,https://www.javbus.com/MAZJ-011,
DJSG-110 麗しのキャビンアテンダントの黒パンストはエロくてそそられると思ってたら、彼女たちはイヤらしい目で誘ってきた。僕は勃起チ○ポが恥ずかしくて嫌がってたら凄テクに堪えきれずにドピュと発射しちゃいました,DJSG-110 麗しのキャビンアテンダントの黒パンストはエロくてそそられると思ってたら、彼女たちはイヤらしい目で誘ってきた。僕は勃起チ○ポが恥ずかしくて嫌がってたら凄テクに堪えきれずにドピュと発射しちゃいました,DJSG-110,,2014-08-25,142分鐘,秀吉,ジャネス,MANIA痴女,,蕩婦、連褲襪、姐姐,多人,https://www.javbus.com/DJSG-110,
CAGC-021 下品な淫語と濃厚フェラチオ,CAGC-021 下品な淫語と濃厚フェラチオ,CAGC-021,,2014-08-22,221分鐘,,CHANGE,CHANGE,,蕩婦、口交、淫語、DMM獨家,多人,https://www.javbus.com/CAGC-021,
ARM-375 プレミアムな回春エステシャンたち,ARM-375 プレミアムな回春エステシャンたち,ARM-375,,2014-08-20,241分鐘,,アロマ企画,AROMA,,其他戀物癖、4小時以上作品、美容院、按摩、DMM獨家、打手槍,多人,https://www.javbus.com/ARM-375,
ARM-374 AJOI 究極の完全主観オナニーサポートDVD Aromatic Jerk Off Instruction,ARM-374 AJOI 究極の完全主観オナニーサポートDVD Aromatic Jerk Off Instruction,ARM-374,,2014-08-20,129分鐘,笠井貴人,アロマ企画,AROMA,,蕩婦、其他戀物癖、淫語、主觀視角、高畫質、DMM獨家、自慰,多人,https://www.javbus.com/ARM-374,
SLBA-036 プロデューサーが厳選した レズ10シーン 3 4時間 10組20人,SLBA-036 プロデューサーが厳選した レズ10シーン 3 4時間 10組20人,SLBA-036,,2014-08-19,240分鐘,,スタイルアート/妄想族,スタイルアートLOVEBETES/妄想族,プロデューサーが厳選したレズ○○シーン,女同性戀、合集、女同接吻、DMM獨家,多人,https://www.javbus.com/SLBA-036,
RKI-358 Top of the AV ROOKIE×25メーカー厳選！SEX24時間 SSS級女優150人,RKI-358 Top of the AV ROOKIE×25メーカー厳選！SEX24時間 SSS級女優150人,RKI-358,,2014-08-19,1438分鐘,,ROOKIE,ROOKIE,,合集、美少女、中出、DMM獨家,多人,https://www.javbus.com/RKI-358,
MAZJ-009 夜の女神「キャバ嬢」たちが僕たちをM性感で「オ・モ・テ・ナ・シ」！店内にもかかわらずパンティを見せつけたりエロい言葉で僕のチ○ポは超勃起！,MAZJ-009 夜の女神「キャバ嬢」たちが僕たちをM性感で「オ・モ・テ・ナ・シ」！店内にもかかわらずパンティを見せつけたりエロい言葉で僕のチ○ポは超勃起！,MAZJ-009,,2014-08-19,139分鐘,,マニアゼロ,M性感倶楽部（マニアゼロ）,,SM、妓女、淫語、打手槍,多人,https://www.javbus.com/MAZJ-009,
RLOJ-029 息子たちの若くて反り返る勃起チ○ポを喰らいついたり無理矢理マ○コに入れられてヒイヒイ言わされる母親たち4時間,RLOJ-029 息子たちの若くて反り返る勃起チ○ポを喰らいついたり無理矢理マ○コに入れられてヒイヒイ言わされる母親たち4時間,RLOJ-029,,2014-08-15,240分鐘,,マニアゼロ,乱熟（乱熟）,,成熟的女人、母親、亂倫、已婚婦女,多人,https://www.javbus.com/RLOJ-029,
MBXC-021 パンスト ナイロン、いやらしい光沢、ムレた匂いで誘惑して勃起チ○ポからザーメンを搾り取る美脚お姉さん,MBXC-021 パンスト ナイロン、いやらしい光沢、ムレた匂いで誘惑して勃起チ○ポからザーメンを搾り取る美脚お姉さん,MBXC-021,,2014-08-15,170分鐘,,マニアゼロ,マニアボックス,,連褲襪、姐姐、戀腿癖、足交,多人,https://www.javbus.com/MBXC-021,
ASFB-099 濃密キスと淫行 DELUXE Vol.2,ASFB-099 濃密キスと淫行 DELUXE Vol.2,ASFB-099,,2014-08-15,241分鐘,,FetishBox/妄想族,FetishBox/妄想族,濃密キスと淫行,蕩婦、其他戀物癖、4小時以上作品、DMM獨家,多人,https://www.javbus.com/ASFB-099,
QEDZ-050 お仕事中のお姉さんは制服のまま僕のチ○ポを凄テク手コキでシゴくのがお好き！挑発パンチラやスケベ言葉に辛抱たまらずドピュドピュと大量発射してしまった僕,QEDZ-050 お仕事中のお姉さんは制服のまま僕のチ○ポを凄テク手コキでシゴくのがお好き！挑発パンチラやスケベ言葉に辛抱たまらずドピュドピュと大量発射してしまった僕,QEDZ-050,,2014-08-15,147分鐘,,ジャネス,クイーンダム,,角色扮演、蕩婦、姐姐、制服、打手槍,多人,https://www.javbus.com/QEDZ-050,
DYNC-001 いろんな職業のお姉さんたちの制服にそそられてたらいきなり淫語で近寄ってきて僕のチ○ポをフル勃起させイヤらしい目つきと寸止め手コキで無理矢理に射精させられた！,DYNC-001 いろんな職業のお姉さんたちの制服にそそられてたらいきなり淫語で近寄ってきて僕のチ○ポをフル勃起させイヤらしい目つきと寸止め手コキで無理矢理に射精させられた！,DYNC-001,,2014-08-15,141分鐘,,スタイルアート/妄想族,スタイルアートDYNAMITE/妄想族,,蕩婦、各種職業、打手槍,多人,https://www.javbus.com/DYNC-001,
DYNC-002 働くお姉さんがまさかの痴女でヤラれちゃいました！いつもは優しい彼女たちがスイッチをONにしたとたんド淫語と凄テクで僕のチ○ポを挑発してくるのでたまりません！,DYNC-002 働くお姉さんがまさかの痴女でヤラれちゃいました！いつもは優しい彼女たちがスイッチをONにしたとたんド淫語と凄テクで僕のチ○ポを挑発してくるのでたまりません！,DYNC-002,,2014-08-15,143分鐘,,スタイルアート/妄想族,スタイルアートDYNAMITE/妄想族,,蕩婦、淫語、各種職業,多人,https://www.javbus.com/DYNC-002,
RANB-036 極小前貼り＆Tバックボディコンでマン毛丸出しDANCE,RANB-036 極小前貼り＆Tバックボディコンでマン毛丸出しDANCE,RANB-036,,2014-08-14,240分鐘,,マニアゼロ,乱舞（マニアゼロ）,,身體意識、跳舞、女生,多人,https://www.javbus.com/RANB-036,
SHKI-007 パンストから透けて見えるパンティやオマ○コに勃起してるチ○ポ！パンストの質感にそそられてると彼女たちはイヤらしい目で誘ってきた！！200分,SHKI-007 パンストから透けて見えるパンティやオマ○コに勃起してるチ○ポ！パンストの質感にそそられてると彼女たちはイヤらしい目で誘ってきた！！200分,SHKI-007,,2014-08-14,204分鐘,,マニアゼロ,性癖（映天）,,蕩婦、連褲襪、足交、打手槍,多人,https://www.javbus.com/SHKI-007,
IPZ-435 自宅占拠 犯された美人姉妹 かすみ果穂 波多野結衣,IPZ-435 自宅占拠 犯された美人姉妹 かすみ果穂 波多野結衣,IPZ-435,,2014-08-14,120分鐘,沢庵,アイデアポケット,ティッシュ,,姐姐、數位馬賽克、凌辱、DVD多士爐、高畫質、出軌、DMM獨家,多人,https://www.javbus.com/IPZ-435,
DKDN-012 月刊 パンティストッキングマニア Vol.12,DKDN-012 月刊 パンティストッキングマニア Vol.12,DKDN-012,,2014-08-13,119分鐘,松本性虫,OFFICEK’S,DENIER,○刊パンティストッキングマニア,OL、其他戀物癖、連褲襪、戀腿癖、制服、高畫質,多人,https://www.javbus.com/DKDN-012,
LESJ-306 マン汁をジュルジュル舐めまくり舌を敏感オマ○コにぶち込むレズクンニリングス 2,LESJ-306 マン汁をジュルジュル舐めまくり舌を敏感オマ○コにぶち込むレズクンニリングス 2,LESJ-306,,2014-08-12,239分鐘,,マニアゼロ,レズ倶楽部（マニアゼロ）,マン汁をジュルジュル舐めまくり舌を敏感オマ○コにぶち込むレズクンニリングス,女同性戀、舔陰、4小時以上作品,多人,https://www.javbus.com/LESJ-306,
DOKS-246 喉奥サオ呑みフェラ 2,DOKS-246 喉奥サオ呑みフェラ 2,DOKS-246,,2014-08-11,136分鐘,松本性虫,OFFICEK’S,OFFICEK’S,喉奥サオ呑みフェラ,口交、其他戀物癖、花癡、姐姐、高畫質,多人,https://www.javbus.com/DOKS-246,
VOSS-004 父の再婚で突然女系家族と化した我が家ではボクの若い肉棒が大人気すぎてチンポの乾くヒマがない！！,VOSS-004 父の再婚で突然女系家族と化した我が家ではボクの若い肉棒が大人気すぎてチンポの乾くヒマがない！！,VOSS-004,,2014-08-10,127分鐘,カニエ,VENUS,EROS（ヴィーナス）,,成熟的女人、已婚婦女、婆婆、DMM獨家,多人,https://www.javbus.com/VOSS-004,
MDB-553 女のカラダは腰使いで決まる！4時間 10,MDB-553 女のカラダは腰使いで決まる！4時間 10,MDB-553,,2014-08-08,241分鐘,K太郎,メディアステーション,BAZOOKA（バズーカ）,女のカラダは腰使いで決まる！,女上位、4小時以上作品、巨乳,多人,https://www.javbus.com/MDB-553,
REAL-518 REALのイカセ・フェラ・オナニー・ハードSEXまで全て見せます 100人8時間BEST,REAL-518 REALのイカセ・フェラ・オナニー・ハードSEXまで全て見せます 100人8時間BEST,REAL-518,,2014-08-08,474分鐘,K太郎,レアルワークス,REAL（レアルワークス）,,口交、潮吹、合集、4小時以上作品、自慰,多人,https://www.javbus.com/REAL-518,
MIMK-022 クリムゾンプリズン イカされたら敗北、恥辱ゲームに参加させられた女たち,MIMK-022 クリムゾンプリズン イカされたら敗北、恥辱ゲームに参加させられた女たち,MIMK-022,,2014-08-08,181分鐘,HiroA,ムーディーズ,まんきつ,,女同性戀、數位馬賽克、凌辱、羞恥、高畫質、遊戲的真人版、DMM獨家,多人,https://www.javbus.com/MIMK-022,
HYAKU-022 100人8時間 美女に好き放題生中出しSEX,HYAKU-022 100人8時間 美女に好き放題生中出しSEX,HYAKU-022,,2014-08-07,479分鐘,K太郎,ケイ・エム・プロデュース,100人,100人8時間,合集、中出、4小時以上作品、巨乳,多人,https://www.javbus.com/HYAKU-022,
ALSP-034 8時ちょうどのあ●さ2号で私はワタシはアナタ以外のヒトと旅立ちます…,ALSP-034 8時ちょうどのあ●さ2号で私はワタシはアナタ以外のヒトと旅立ちます…,ALSP-034,,2014-08-05,240分鐘,,タカラ映像,タカラビジュアル,,已婚婦女、通姦、4小時以上作品,多人,https://www.javbus.com/ALSP-034,
DKYF-53 キレイなお姉さんたちが、マン毛丸出しナイスバディをテカテカにして前貼りマ○コやアナルを超アップで魅せつける、極エロ全裸オイリーダンス！,DKYF-53 キレイなお姉さんたちが、マン毛丸出しナイスバディをテカテカにして前貼りマ○コやアナルを超アップで魅せつける、極エロ全裸オイリーダンス！,DKYF-53,,2014-08-05,101分鐘,AKIRA,ジャネス,究極,,姐姐、跳舞、局部特寫,多人,https://www.javbus.com/DKYF-53,
HYAZ-073 華麗なるパンストオナニー 2,HYAZ-073 華麗なるパンストオナニー 2,HYAZ-073,,2014-08-05,142分鐘,,ジャネス,Fetishパンスト,華麗なるパンストオナニー,連褲襪、戀腿癖、女優按摩棒、按摩棒、自慰,多人,https://www.javbus.com/HYAZ-073,
DJSG-107 レースクイーンたちの超ハイレグにそそられた僕のチ○ポはフル勃起！彼女たちは生パンストを破ってマ○コを見せつけてチ○ポを喰いまくる肉食系痴女だった！！,DJSG-107 レースクイーンたちの超ハイレグにそそられた僕のチ○ポはフル勃起！彼女たちは生パンストを破ってマ○コを見せつけてチ○ポを喰いまくる肉食系痴女だった！！,DJSG-107,,2014-08-05,130分鐘,秀吉,ジャネス,MANIA痴女,,賽車女郎、連褲襪、戀腿癖,多人,https://www.javbus.com/DJSG-107,
GWAZ-056 仮性包茎をこよなく愛する女たち BEST 4時間,GWAZ-056 仮性包茎をこよなく愛する女たち BEST 4時間,GWAZ-056,,2014-08-05,242分鐘,,ジャネス,MANIAプレイ,,其他戀物癖、合集、打手槍,多人,https://www.javbus.com/GWAZ-056,
CXAZ-030 上半期レズペニバンファック BEST10 10組20名 4時間,CXAZ-030 上半期レズペニバンファック BEST10 10組20名 4時間,CXAZ-030,,2014-08-05,243分鐘,,ジャネス,ladies,,玩具、女同性戀、合集,多人,https://www.javbus.com/CXAZ-030,
DJSG-108 高級メンズエステの欲求不満なお姉様たちは超ミニから見えるパンストごしのパンチラで僕のチ○ポを挑発し淫語を垂れ流し凄テクでイカせてくれた！,DJSG-108 高級メンズエステの欲求不満なお姉様たちは超ミニから見えるパンストごしのパンチラで僕のチ○ポを挑発し淫語を垂れ流し凄テクでイカせてくれた！,DJSG-108,,2014-08-05,139分鐘,,ジャネス,MANIA痴女,,淫語、連褲襪、美容院、內衣、迷你裙,多人,https://www.javbus.com/DJSG-108,
MAZJ-007 エステティシャンのストッキングや制服にそそられた俺はチ○ポをフル勃起させワガママ放題。過剰すぎるサービスが自慢のM男専用エステサロン,MAZJ-007 エステティシャンのストッキングや制服にそそられた俺はチ○ポをフル勃起させワガママ放題。過剰すぎるサービスが自慢のM男専用エステサロン,MAZJ-007,,2014-08-04,136分鐘,,マニアゼロ,M性感倶楽部（マニアゼロ）,,連褲襪、制服、美容院,多人,https://www.javbus.com/MAZJ-007,
CAGK-002 病院で人目も気にせず僕はチ○ポを勃起させ若くて可愛いナースにM的願望を全て叶えてもらいました！,CAGK-002 病院で人目も気にせず僕はチ○ポを勃起させ若くて可愛いナースにM的願望を全て叶えてもらいました！,CAGK-002,,2014-08-03,123分鐘,,CHANGE,CHANGE,,护士、性奴、DMM獨家、打手槍,多人,https://www.javbus.com/CAGK-002,
RANB-035 露出狂GAL’Sの腰フリ尻フリDANCEパラダイス15人240分,RANB-035 露出狂GAL’Sの腰フリ尻フリDANCEパラダイス15人240分,RANB-035,,2014-08-01,241分鐘,,マニアゼロ,乱舞（マニアゼロ）,,野外・露出、跳舞、4小時以上作品、迷你裙、女生,多人,https://www.javbus.com/RANB-035,
AUKB-045 水着レズBEST4時間,AUKB-045 水着レズBEST4時間,AUKB-045,,2014-07-27,247分鐘,,U＆K,U＆K,,女同性戀、合集、女同接吻、泳裝、巨乳、DMM獨家,多人,https://www.javbus.com/AUKB-045,
BMW-066 オッパイはでっかい方が絶対イイっ！巨乳美女たちのSEX4時間,BMW-066 オッパイはでっかい方が絶対イイっ！巨乳美女たちのSEX4時間,BMW-066,,2014-07-26,239分鐘,,ワンズファクトリー,WANZ,,合集、巨乳、DMM獨家,多人,https://www.javbus.com/BMW-066,
QEDZ-048 洗っていないマンコを嫌という程舐めさせM男便器にする女たち 3,QEDZ-048 洗っていないマンコを嫌という程舐めさせM男便器にする女たち 3,QEDZ-048,,2014-07-25,120分鐘,,ジャネス,クイーンダム,洗っていないマンコを嫌という程舐めさせM男便器にする女たち,护士、SM、各種職業、制服、舔陰,多人,https://www.javbus.com/QEDZ-048,
QEDZ-049 フェロモンムンムンの制服美人にクレーム言ったり、チョロっと触ったりしたら突然キレて罵声を浴びせられチ○ポ責め！嫌がったら顔騎手コキで強制発射！最後にはオシッコかけられちゃいましたよ！！,QEDZ-049 フェロモンムンムンの制服美人にクレーム言ったり、チョロっと触ったりしたら突然キレて罵声を浴びせられチ○ポ責め！嫌がったら顔騎手コキで強制発射！最後にはオシッコかけられちゃいましたよ！！,QEDZ-049,,2014-07-25,125分鐘,,ジャネス,クイーンダム,,护士、SM、淫語、制服、顏面騎乘、打手槍,多人,https://www.javbus.com/QEDZ-049,
LESJ-305 マ○コから抜き差しされる双頭ディルドはマン汁だらけで妙にイヤらしい！ 2 240分,LESJ-305 マ○コから抜き差しされる双頭ディルドはマン汁だらけで妙にイヤらしい！ 2 240分,LESJ-305,,2014-07-22,242分鐘,,マニアゼロ,レズ倶楽部（マニアゼロ）,マ○コから抜き差しされる双頭ディルドはマン汁だらけで妙にイヤらしい！,成熟的女人、玩具、女同性戀、美少女、4小時以上作品,多人,https://www.javbus.com/LESJ-305,
CAGK-001 オフィスでOL社員のミニスカ黒パンストにチ○ポを勃たせてたらイヤらしい目線に気づいた女たちは僕のチ○ポを責め遊び始めてきた,CAGK-001 オフィスでOL社員のミニスカ黒パンストにチ○ポを勃たせてたらイヤらしい目線に気づいた女たちは僕のチ○ポを責め遊び始めてきた,CAGK-001,,2014-07-20,154分鐘,,CHANGE,CHANGE,,OL、連褲襪、性奴、DMM獨家、迷你裙,多人,https://www.javbus.com/CAGK-001,
TAK-001 縛馬 BEST シリーズ全作品25人8時間,TAK-001 縛馬 BEST シリーズ全作品25人8時間,TAK-001,,2014-07-19,475分鐘,,MAD,匠（MAD）,縛馬,紧缚、潮吹、合集、4小時以上作品、高畫質,多人,https://www.javbus.com/TAK-001,
JUX-375 緊縛温泉 ～消えた花嫁と刻まれた縄跡～ 波多野結衣 川上ゆう,JUX-375 緊縛温泉 ～消えた花嫁と刻まれた縄跡～ 波多野結衣 川上ゆう,JUX-375,,2014-07-19,163分鐘,魁,マドンナ,Madonna,緊縛温泉,成熟的女人、紧缚、多P、數位馬賽克、性奴、乳房、高畫質、DMM獨家,多人,https://www.javbus.com/JUX-375,
HYAS-013 美乳グラマラス美熟女たちの極上騎乗位ロディオアクメ！！ 100人8時間,HYAS-013 美乳グラマラス美熟女たちの極上騎乗位ロディオアクメ！！ 100人8時間,HYAS-013,,2014-07-18,480分鐘,,ケイ・エム・プロデュース,100人,100人8時間,成熟的女人、合集、乳房、女上位、4小時以上作品、巨乳,多人,https://www.javbus.com/HYAS-013,
DJSG-106 欲求不満な美人エステティシャンがお気に入りチ○ポを見つけたのか無理矢理ヨダレまみれでキスはするし、ベトベトマ○コを舐めさせられるし 最後は僕の勃起チ○ポを強引にぶち込みピストン騎乗位するので思わずド,DJSG-106 欲求不満な美人エステティシャンがお気に入りチ○ポを見つけたのか無理矢理ヨダレまみれでキスはするし、ベトベトマ○コを舐めさせられるし 最後は僕の勃起チ○ポを強引にぶち込みピストン騎乗位するので思わずド,DJSG-106,,2014-07-15,143分鐘,秀吉,ジャネス,MANIA痴女,,蕩婦、連褲襪、姐姐、女上位、美容院,多人,https://www.javbus.com/DJSG-106,
IMPC-004 仕事中にまさかのチ○ポ責め！お姉さんたちの性欲処理にされた僕はあまりに気持ちが良かったので思わず感じてしまいました！,IMPC-004 仕事中にまさかのチ○ポ責め！お姉さんたちの性欲処理にされた僕はあまりに気持ちが良かったので思わず感じてしまいました！,IMPC-004,,2014-07-15,130分鐘,,マニアゼロ,impactPLATINUM（マニアゼロ）,,OL、SM、姐姐、性奴,多人,https://www.javbus.com/IMPC-004,
DMBA-161 ペニバン＆聖水オーガズムSP,DMBA-161 ペニバン＆聖水オーガズムSP,DMBA-161,,2014-07-15,141分鐘,,ジャネス,MAZOBOYSCLUB,,玩具、放尿、姐姐、性奴、顏面騎乘、女生、肛交,多人,https://www.javbus.com/DMBA-161,
IMPC-003 スリルとスケベを求める痴女お姉さんは職場で見知らぬ男にマ○コ見せつけ誘惑する。僕のチ○ポは我慢できずに精子をドピュドピュと出しちゃいました！,IMPC-003 スリルとスケベを求める痴女お姉さんは職場で見知らぬ男にマ○コ見せつけ誘惑する。僕のチ○ポは我慢できずに精子をドピュドピュと出しちゃいました！,IMPC-003,,2014-07-15,152分鐘,,マニアゼロ,impactPLATINUM（マニアゼロ）,,蕩婦、口交、姐姐、打手槍,多人,https://www.javbus.com/IMPC-003,
EXTA-031 レズバトル ベスト10 PartII 4時間,EXTA-031 レズバトル ベスト10 PartII 4時間,EXTA-031,,2014-07-15,242分鐘,,マニアゼロ,エクストラ,レズバトルベスト10,女同性戀、合集、4小時以上作品、女同接吻,多人,https://www.javbus.com/EXTA-031,
MAZJ-006 上から目線の女教師たちが僕たちの未熟チ○ポに色々手ほどきしてくれる。淫語やパンチラで挑発し、S的に責められ思わず発射しちゃいました。,MAZJ-006 上から目線の女教師たちが僕たちの未熟チ○ポに色々手ほどきしてくれる。淫語やパンチラで挑発し、S的に責められ思わず発射しちゃいました。,MAZJ-006,,2014-07-15,140分鐘,,マニアゼロ,M性感倶楽部（マニアゼロ）,,SM、女教師、淫語、內衣,多人,https://www.javbus.com/MAZJ-006,
IMPC-002 どスケベフェロモン全開で淫語ナースに勃起！気づいたらチ○ポを責められ精子を搾り取られてた僕！！,IMPC-002 どスケベフェロモン全開で淫語ナースに勃起！気づいたらチ○ポを責められ精子を搾り取られてた僕！！,IMPC-002,,2014-07-15,138分鐘,,マニアゼロ,impactPLATINUM（マニアゼロ）,,蕩婦、护士、SM、性奴、顏面騎乘,多人,https://www.javbus.com/IMPC-002,
MAZJ-005 超キレイなお姉さんが仕事中にエロい言葉で誘惑して僕のチ○ポを握って激しく手コキしてくるんです。,MAZJ-005 超キレイなお姉さんが仕事中にエロい言葉で誘惑して僕のチ○ポを握って激しく手コキしてくるんです。,MAZJ-005,,2014-07-15,136分鐘,,マニアゼロ,M性感倶楽部（マニアゼロ）,,淫語、各種職業、姐姐、打手槍,多人,https://www.javbus.com/MAZJ-005,
LZML-004 マブダチとレズれ！ 上原亜衣 波多野結衣,LZML-004 マブダチとレズれ！ 上原亜衣 波多野結衣,LZML-004,,2014-07-14,135分鐘,二村ヒトシ,レズれ！,レズれ！ドキュメント,○○とレズれ！,女同性戀、纪录片、舔陰、手指插入、女同接吻、高畫質、DMM獨家,多人,https://www.javbus.com/LZML-004,
LZWM-002 私の前で愛しあいなさい 4時間12名全6話撮りおろしSP,LZWM-002 私の前で愛しあいなさい 4時間12名全6話撮りおろしSP,LZWM-002,,2014-07-14,235分鐘,真咲南朋,レズれ！,レズれ！プレイ,私の前で愛しあいなさい,女同性戀、亂倫、已婚婦女、性奴、凌辱、高畫質、DMM獨家、水手服,多人,https://www.javbus.com/LZWM-002,
MOT-031 メガネ美人の奥さんに中出し 1,MOT-031 メガネ美人の奥さんに中出し 1,MOT-031,,2014-07-13,240分鐘,,マザー,マザー,,合集、已婚婦女、中出、4小時以上作品、眼鏡,多人,https://www.javbus.com/MOT-031,
TYWD-055 厳選！淫乱女優24人の感度が高すぎる熱情SEX,TYWD-055 厳選！淫乱女優24人の感度が高すぎる熱情SEX,TYWD-055,,2014-07-13,239分鐘,,乱丸,乱丸,,合集、花癡、DMM獨家,多人,https://www.javbus.com/TYWD-055,
AUKG-238 瀬名あゆむと4人のオンナ,AUKG-238 瀬名あゆむと4人のオンナ,AUKG-238,,2014-07-11,196分鐘,,U＆K,U＆K,,企畫、女同性戀、合集、女同接吻、巨乳、DMM獨家,多人,https://www.javbus.com/AUKG-238,
DOG-040 お股のユルい美人奥さま田舎に多発中！！ほっこり田舎暮らしに憧れて移住した人妻は刺激に飢えている！青姦中出しナンパ,DOG-040 お股のユルい美人奥さま田舎に多発中！！ほっこり田舎暮らしに憧れて移住した人妻は刺激に飢えている！青姦中出しナンパ,DOG-040,,2014-07-11,257分鐘,,映天,ドッグイア,,業餘、獵豔、野外・露出、已婚婦女、中出、4小時以上作品,多人,https://www.javbus.com/DOG-040,
MBYD-197 ジックリ観れる！！ 溜池ゴロー BEST HIT 30タイトル 8時間,MBYD-197 ジックリ観れる！！ 溜池ゴロー BEST HIT 30タイトル 8時間,MBYD-197,,2014-07-10,478分鐘,,溜池ゴロー,溜池ゴロー,,成熟的女人、合集、已婚婦女、新娘、年輕妻子、DMM獨家,多人,https://www.javbus.com/MBYD-197,
DKDN-011 別刊 パンティストッキングマニア Vol.11,DKDN-011 別刊 パンティストッキングマニア Vol.11,DKDN-011,,2014-07-08,135分鐘,高円寺☆ゴロー,OFFICEK’S,DENIER,○刊パンティストッキングマニア,女同性戀、其他戀物癖、連褲襪、舔陰、高畫質,多人,https://www.javbus.com/DKDN-011,
GYAZ-120 未体験快楽ゾーン 男の潮吹きオーガズム,GYAZ-120 未体験快楽ゾーン 男の潮吹きオーガズム,GYAZ-120,,2014-07-05,142分鐘,,ジャネス,MANIAプレイ,,其他戀物癖、姐姐、足交、打手槍,多人,https://www.javbus.com/GYAZ-120,
DKYF-050 ボンデージとブーツでエロ武装したダンスクイーンたちが、マン毛もアナルもムキ出しに腰を振り、限界ギリギリの極小マエバリを見せつける究極のオゲレツダンス,DKYF-050 ボンデージとブーツでエロ武装したダンスクイーンたちが、マン毛もアナルもムキ出しに腰を振り、限界ギリギリの極小マエバリを見せつける究極のオゲレツダンス,DKYF-050,,2014-07-05,122分鐘,AKIRA,ジャネス,究極,,屁股、跳舞、緊縛、局部特寫,多人,https://www.javbus.com/DKYF-050,
QEDZ-047 働くお姉さんのミニスカパンチラや美脚ストッキングにチ○ポを硬くしてることに気づいた彼女たちは僕のチ○ポをもて遊び男女逆転SEXを求めてきた！,QEDZ-047 働くお姉さんのミニスカパンチラや美脚ストッキングにチ○ポを硬くしてることに気づいた彼女たちは僕のチ○ポをもて遊び男女逆転SEXを求めてきた！,QEDZ-047,,2014-07-05,213分鐘,,ジャネス,クイーンダム,,玩具、姐姐、性奴、顏面騎乘、肛交、打手槍,多人,https://www.javbus.com/QEDZ-047,
PBD-265 逆3P以上限定！王様気分の快楽ハーレム8時間BEST,PBD-265 逆3P以上限定！王様気分の快楽ハーレム8時間BEST,PBD-265,,2014-07-03,478分鐘,,プレミアム,PREMIUMBEST,,合集、多P、數位馬賽克、DMM獨家,多人,https://www.javbus.com/PBD-265,
AMRA-014 キレイな熟女さんの手でシゴかれたい！ 2 （人妻羞恥編）,AMRA-014 キレイな熟女さんの手でシゴかれたい！ 2 （人妻羞恥編）,AMRA-014,,2014-06-30,179分鐘,,マニアゼロ,AMORE,キレイな熟女さんの手でシゴかれたい！,成熟的女人、合集、已婚婦女、羞恥、打手槍,多人,https://www.javbus.com/AMRA-014,
ASFB-094 受身手コキの快楽 痴女たちのチ○ポ遊びSPECIAL 4時間,ASFB-094 受身手コキの快楽 痴女たちのチ○ポ遊びSPECIAL 4時間,ASFB-094,,2014-06-29,242分鐘,,FetishBox/妄想族,FetishBox/妄想族,,蕩婦、其他戀物癖、合集、4小時以上作品、DMM獨家、打手槍,多人,https://www.javbus.com/ASFB-094,
ASFB-093 狂おしいほどオナニーしたい 6,ASFB-093 狂おしいほどオナニーしたい 6,ASFB-093,,2014-06-29,242分鐘,,FetishBox/妄想族,FetishBox/妄想族,狂おしいほどオナニーしたい,其他戀物癖、DMM獨家、自慰,多人,https://www.javbus.com/ASFB-093,
AUKG-235 近親純愛レズ 佳苗るか 波多野結衣,AUKG-235 近親純愛レズ 佳苗るか 波多野結衣,AUKG-235,,2014-06-29,115分鐘,,U＆K,U＆K,,女同性戀、亂倫、女同接吻、高中女生、巨乳、DMM獨家,多人,https://www.javbus.com/AUKG-235,
ZUKO-056 突撃潜入！！素人乱交サークル2 変態社会人と人気AV女優,ZUKO-056 突撃潜入！！素人乱交サークル2 変態社会人と人気AV女優,ZUKO-056,,2014-06-28,179分鐘,らくだ,ズッコン/バッコン,ズッコン/バッコン,素人乱交サークル,濫交、纪录片、中出、高畫質、巨乳、DMM獨家,多人,https://www.javbus.com/ZUKO-056,
NASS-143 禁断の家庭内交尾 近親相姦スペシャル 4時間,NASS-143 禁断の家庭内交尾 近親相姦スペシャル 4時間,NASS-143,,2014-06-27,243分鐘,,なでしこ,Nadeshiko,,成熟的女人、女同性戀、亂倫、中出、4小時以上作品,多人,https://www.javbus.com/NASS-143,
UD-631R バック限定ケツファックベストセレクションTOP20 Ver.2014,UD-631R バック限定ケツファックベストセレクションTOP20 Ver.2014,UD-631R,,2014-06-26,120分鐘,タブー大崎,LEO,LEO,ケツファックベストセレクション,合集、屁股,多人,https://www.javbus.com/UD-631R,
HWAZ-013 上半期パンストオナニー BEST10 2時間50分,HWAZ-013 上半期パンストオナニー BEST10 2時間50分,HWAZ-013,,2014-06-25,171分鐘,,ジャネス,Fetishパンスト,,合集、賽車女郎、連褲襪、姐姐、戀腿癖、自慰,多人,https://www.javbus.com/HWAZ-013,
DJSI-054 欲求不満な母親は僕のチ○コに手を伸ばし、カチカチに勃起させスケベ手コキで僕の精子を搾り取るのが日課です,DJSI-054 欲求不満な母親は僕のチ○コに手を伸ばし、カチカチに勃起させスケベ手コキで僕の精子を搾り取るのが日課です,DJSI-054,,2014-06-25,147分鐘,,ジャネス,艶女,,蕩婦、成熟的女人、口交、舔陰、打手槍,多人,https://www.javbus.com/DJSI-054,
DJSG-104 ガン見フェラ 2 ギャルJK編,DJSG-104 ガン見フェラ 2 ギャルJK編,DJSG-104,,2014-06-25,135分鐘,秀吉,ジャネス,MANIA痴女,ガン見フェラ(ジャネス),蕩婦、口交、主觀視角、高中女生、女生、打手槍,多人,https://www.javbus.com/DJSG-104,
QEDZ-046 麗しの働くお姉さんたちが僕のチ○ポを思いっきり握り締め超マッハで寸止め手コキするので我慢できずドピューと発射することが超キモチいい,QEDZ-046 麗しの働くお姉さんたちが僕のチ○ポを思いっきり握り締め超マッハで寸止め手コキするので我慢できずドピューと発射することが超キモチいい,QEDZ-046,,2014-06-25,135分鐘,,ジャネス,クイーンダム,,各種職業、連褲襪、空中小姐、姐姐、打手槍,多人,https://www.javbus.com/QEDZ-046,
MSCA-026 クチコミで評判 指先で際どいマッサージをされたり、スケベな言葉で挑発されたり僕のチ○ポはギンギンに勃起してカウパー液出しまくり！これがうわさの性感エステサロン,MSCA-026 クチコミで評判 指先で際どいマッサージをされたり、スケベな言葉で挑発されたり僕のチ○ポはギンギンに勃起してカウパー液出しまくり！これがうわさの性感エステサロン,MSCA-026,,2014-06-20,238分鐘,,マニアゼロ,牝猫,,性奴、美容院、按摩,多人,https://www.javbus.com/MSCA-026,
LLJW-752 男なんかじゃ満足できない！レズビアンセックスな身体でオマ○コを舐め合い、ペニバンを咥え込み、唾液をからませた接吻オーガズムでイクッ,LLJW-752 男なんかじゃ満足できない！レズビアンセックスな身体でオマ○コを舐め合い、ペニバンを咥え込み、唾液をからませた接吻オーガズムでイクッ,LLJW-752,,2014-06-17,244分鐘,,マニアゼロ,W（マニアゼロ）,,玩具、女同性戀、舔陰、4小時以上作品、女同接吻,多人,https://www.javbus.com/LLJW-752,
DIV-149 病院レズビアン,DIV-149 病院レズビアン,DIV-149,,2014-06-17,124分鐘,マボロシ子,虎堂,DiVA’s,,玩具、护士、女同性戀、高畫質,多人,https://www.javbus.com/DIV-149,
MBXC-018 極太ディルドをマ○コにズッポリ！ズブズブと音を立て高速ピストンオナニーする女たち,MBXC-018 極太ディルドをマ○コにズッポリ！ズブズブと音を立て高速ピストンオナニーする女たち,MBXC-018,,2014-06-15,143分鐘,,マニアゼロ,マニアボックス,,玩具、自慰,多人,https://www.javbus.com/MBXC-018,
DKYF-46 超危険！ ケツの穴丸見え、マン毛丸出しで踊り狂う生脱ぎB系娘,DKYF-46 超危険！ ケツの穴丸見え、マン毛丸出しで踊り狂う生脱ぎB系娘,DKYF-46,,2014-06-15,137分鐘,,ジャネス,究極,,屁股、姐姐、跳舞,多人,https://www.javbus.com/DKYF-46,
ASFB-091 素敵な痴女手コキ 4時間,ASFB-091 素敵な痴女手コキ 4時間,ASFB-091,,2014-06-15,242分鐘,,FetishBox/妄想族,FetishBox/妄想族,,蕩婦、乳交、其他戀物癖、4小時以上作品、DMM獨家、打手槍,多人,https://www.javbus.com/ASFB-091,
DMBA-159 M男ザーメン狩りQUEEN,DMBA-159 M男ザーメン狩りQUEEN,DMBA-159,,2014-06-15,142分鐘,,ジャネス,MAZOBOYSCLUB,,蕩婦、女上位、顏面騎乘、內衣、打手槍,多人,https://www.javbus.com/DMBA-159,
DOG-039 欲求不満のシロート妻が大興奮◆僕のセンズリ見てください！！,DOG-039 欲求不満のシロート妻が大興奮◆僕のセンズリ見てください！！,DOG-039,,2014-06-13,254分鐘,,映天,ドッグイア,,業餘、其他戀物癖、已婚婦女、羞恥、4小時以上作品,多人,https://www.javbus.com/DOG-039,
DKDN-027 パンスト美脚で責められたい 4時間,DKDN-027 パンスト美脚で責められたい 4時間,DKDN-027,,2014-06-12,241分鐘,,OFFICEK’S,DENIER,,OL、連褲襪、姐姐、4小時以上作品、高中女生,多人,https://www.javbus.com/DKDN-027,
MBYD-195 汚れなき人妻が汚されてしまった最初の強姦,MBYD-195 汚れなき人妻が汚されてしまった最初の強姦,MBYD-195,,2014-06-08,480分鐘,,溜池ゴロー,溜池ゴロー,,強姦、合集、已婚婦女、凌辱、4小時以上作品、出軌、戲劇,多人,https://www.javbus.com/MBYD-195,
URPS-007 至福の極上足コキプレイ Foot Job！！,URPS-007 至福の極上足コキプレイ Foot Job！！,URPS-007,,2014-06-07,205分鐘,,unfinished,Footish,,其他戀物癖、連褲襪、足交,多人,https://www.javbus.com/URPS-007,
CXAZ-027 上半期レズクンニ BEST10 10組20名,CXAZ-027 上半期レズクンニ BEST10 10組20名,CXAZ-027,,2014-06-05,243分鐘,,ジャネス,ladies,,女同性戀、合集、舔陰、4小時以上作品、女同接吻,多人,https://www.javbus.com/CXAZ-027,
DMBI-028 おしゃぶりMチ○ポ 支配的なフェラチオで猛発射 2,DMBI-028 おしゃぶりMチ○ポ 支配的なフェラチオで猛発射 2,DMBI-028,,2014-06-05,132分鐘,,ジャネス,MAZOBOYSCLUB,おしゃぶりMチ○ポ支配的なフェラチオで猛発射,口交、姐姐、緊縛,多人,https://www.javbus.com/DMBI-028,
DJSG-101 メンズエステに行ったらお姉さんに誘惑され下半身が元気になった僕。気付いた彼女は勃起チ○ポにしゃぶりつき僕の上に跨ってきて挿入してきた。,DJSG-101 メンズエステに行ったらお姉さんに誘惑され下半身が元気になった僕。気付いた彼女は勃起チ○ポにしゃぶりつき僕の上に跨ってきて挿入してきた。,DJSG-101,,2014-06-05,144分鐘,秀吉,ジャネス,MANIA痴女,,蕩婦、姐姐、美容院、按摩,多人,https://www.javbus.com/DJSG-101,
DANJ-003 超クイコミ股間アングルがヤバすぎ！肉感！オイリー！マイクロビキニDANCE,DANJ-003 超クイコミ股間アングルがヤバすぎ！肉感！オイリー！マイクロビキニDANCE,DANJ-003,,2014-06-03,124分鐘,,マニアゼロ,DANCE倶楽部,,屁股、跳舞、性感的、泳裝,多人,https://www.javbus.com/DANJ-003,
JAMB-013 エッチな女の子たちのセンズリ鑑賞会,JAMB-013 エッチな女の子たちのセンズリ鑑賞会,JAMB-013,,2014-05-30,200分鐘,,スタイルアート/妄想族,スタイルアートjam/妄想族,,口交、其他戀物癖、自慰,多人,https://www.javbus.com/JAMB-013,
ZIZG-003 【実写版】対魔忍アサギ～陰謀の東京キングダム～ 波多野結衣 乙葉ななせ 澤村レイコ 阿部乃みく,ZIZG-003 【実写版】対魔忍アサギ～陰謀の東京キングダム～ 波多野結衣 乙葉ななせ 澤村レイコ 阿部乃みく,ZIZG-003,,2014-05-30,220分鐘,GORY松田,ZIZ,ZIZ,対魔忍○○,成熟的女人、凌辱、高畫質、觸手、特效、巨乳,多人,https://www.javbus.com/ZIZG-003,
DJSI-052 再婚で家に来たキレイなお母さんは欲求不満で困ってしまいます。僕や祖父のチ○ポを内緒でしゃぶり精子を絞りとるんです。,DJSI-052 再婚で家に来たキレイなお母さんは欲求不満で困ってしまいます。僕や祖父のチ○ポを内緒でしゃぶり精子を絞りとるんです。,DJSI-052,,2014-05-25,135分鐘,,ジャネス,艶女,,成熟的女人、母親、口交,多人,https://www.javbus.com/DJSI-052,
HYAZ-069 パンストを履いたお姉さんたちがパンストで挑発してくるので 僕のチ○ポはギンギン勃起！ガマンできなくなりチ○ポにパンストかぶせフェラチオしてもらったら超興奮した！,HYAZ-069 パンストを履いたお姉さんたちがパンストで挑発してくるので 僕のチ○ポはギンギン勃起！ガマンできなくなりチ○ポにパンストかぶせフェラチオしてもらったら超興奮した！,HYAZ-069,,2014-05-25,132分鐘,,ジャネス,Fetishパンスト,,口交、連褲襪、姐姐,多人,https://www.javbus.com/HYAZ-069,
DJSI-053 昼下がりの人妻を絶対服従！ 奥様や義母たちのムンムンの色気に我慢できずレイプまがいに勃起千○ポを手コキさせる興奮で思わず発射！！,DJSI-053 昼下がりの人妻を絶対服従！ 奥様や義母たちのムンムンの色気に我慢できずレイプまがいに勃起千○ポを手コキさせる興奮で思わず発射！！,DJSI-053,,2014-05-25,136分鐘,,ジャネス,艶女,,成熟的女人、已婚婦女、婆婆、打手槍,多人,https://www.javbus.com/DJSI-053,
GYAZ-118 シゴしゃぶ シゴかれしゃぶられ発射したい,GYAZ-118 シゴしゃぶ シゴかれしゃぶられ発射したい,GYAZ-118,,2014-05-25,142分鐘,,ジャネス,MANIAPlay,,口交、姐姐、打手槍,多人,https://www.javbus.com/GYAZ-118,
NATR-389 若妻のテクニック 巷でウワサの病みつき手淫エステティシャン,NATR-389 若妻のテクニック 巷でウワサの病みつき手淫エステティシャン,NATR-389,,2014-05-23,161分鐘,,なでしこ,Nadeshiko,,已婚婦女、美容院、巨乳、打手槍,多人,https://www.javbus.com/NATR-389,
NASS-139 なでしこが選んだ人気熟女優たちのヌキどころ 4時間16人！ Part 2,NASS-139 なでしこが選んだ人気熟女優たちのヌキどころ 4時間16人！ Part 2,NASS-139,,2014-05-23,245分鐘,,なでしこ,Nadeshiko,なでしこが選んだ人気熟女優たちのヌキどころ,蕩婦、成熟的女人、合集、4小時以上作品,多人,https://www.javbus.com/NASS-139,
SCOP-227 勃起見せつけ対決！！カップルに見せつけるか、マッサージ師に見せつけるか！あなたはどっち派？！,SCOP-227 勃起見せつけ対決！！カップルに見せつけるか、マッサージ師に見せつけるか！あなたはどっち派？！,SCOP-227,,2014-05-23,239分鐘,K太郎,スクープ,SCOOP（スクープ）,,合集、情侶、4小時以上作品、按摩、巨乳,多人,https://www.javbus.com/SCOP-227,
ARM-346 新・腰ふり騎乗位 咥え込んだら離さない女たち,ARM-346 新・腰ふり騎乗位 咥え込んだら離さない女たち,ARM-346,,2014-05-20,115分鐘,さとしまにあ,アロマ企画,AROMA,,蕩婦、其他戀物癖、屁股、女上位、高畫質、DMM獨家,多人,https://www.javbus.com/ARM-346,
LZTD-002 1日中愛し逢う 終わらないレズSEX 波多野結衣 羽川るな,LZTD-002 1日中愛し逢う 終わらないレズSEX 波多野結衣 羽川るな,LZTD-002,,2014-05-18,160分鐘,TAKE-D,レズれ！,レズれ！プレイ,,玩具、女同性戀、69、乳房、女同接吻,多人,https://www.javbus.com/LZTD-002,
SPSE-002 エロ過ぎる光沢、すべすべした手触り、蒸れた匂いのパンティストッキングを履いたお姉さんたちに興奮しザーメンを発射するパンスト遊戯240分,SPSE-002 エロ過ぎる光沢、すべすべした手触り、蒸れた匂いのパンティストッキングを履いたお姉さんたちに興奮しザーメンを発射するパンスト遊戯240分,SPSE-002,,2014-05-18,240分鐘,,スタイルアート/妄想族,スタイルアートPS/妄想族,,口交、其他戀物癖、連褲襪、4小時以上作品、足交、打手槍,多人,https://www.javbus.com/SPSE-002,
TYWD-053 射精5分前ピストンにイキ狂う淫乱女88連発8時間,TYWD-053 射精5分前ピストンにイキ狂う淫乱女88連発8時間,TYWD-053,,2014-05-17,480分鐘,,乱丸,乱丸,,合集、花癡、巨乳,多人,https://www.javbus.com/TYWD-053,
DJSD-038 2013年 ダンス年間ベスト10 PartII,DJSD-038 2013年 ダンス年間ベスト10 PartII,DJSD-038,,2014-05-15,242分鐘,,ジャネス,JNS,○○年間ベスト10,合集、跳舞、4小時以上作品,多人,https://www.javbus.com/DJSD-038,
BJOS-017 熟女のおま●こ見せつけオナニー,BJOS-017 熟女のおま●こ見せつけオナニー,BJOS-017,,2014-05-15,105分鐘,,虎堂,熟オナ専科,,成熟的女人、已婚婦女、高畫質、自慰、局部特寫,多人,https://www.javbus.com/BJOS-017,
DKYH-26 究極ダンス Best of 2013 4時間 PartII,DKYH-26 究極ダンス Best of 2013 4時間 PartII,DKYH-26,,2014-05-15,238分鐘,,ジャネス,究極,究極ダンスBestof2013,合集、屁股、姐姐、跳舞、4小時以上作品、局部特寫,多人,https://www.javbus.com/DKYH-26,
DJSG-099 エステティシャンがチラリズムと淫語で超マッハ顔騎オナニーする店,DJSG-099 エステティシャンがチラリズムと淫語で超マッハ顔騎オナニーする店,DJSG-099,,2014-05-15,134分鐘,,ジャネス,MANIA痴女,,淫語、屁股、美容院、顏面騎乘、自慰,多人,https://www.javbus.com/DJSG-099,
DKYF-042 アナルを見せつけながら 下品に踊り続けるダンサークィーン！,DKYF-042 アナルを見せつけながら 下品に踊り続けるダンサークィーン！,DKYF-042,,2014-05-15,126分鐘,,ジャネス,究極,,屁股、跳舞、肛交,多人,https://www.javbus.com/DKYF-042,
DJSG-100 キレイなお姉さんの背後からの寸止め手コキ 2 （キャバ嬢編）,DJSG-100 キレイなお姉さんの背後からの寸止め手コキ 2 （キャバ嬢編）,DJSG-100,,2014-05-15,147分鐘,,ジャネス,MANIA痴女,キレイなお姉さんの背後からの寸止め手コキ,妓女、淫語、姐姐、打手槍,多人,https://www.javbus.com/DJSG-100,
MBYD-192 火照る躰を自ら慰める欲求不満な人妻のオナニー,MBYD-192 火照る躰を自ら慰める欲求不満な人妻のオナニー,MBYD-192,,2014-05-11,240分鐘,,溜池ゴロー,溜池ゴロー,,合集、已婚婦女、自慰,多人,https://www.javbus.com/MBYD-192,
MDB-533 童貞チ●ポと美女の卑猥な性交 2 ～溜まったザーメンを全部出し尽くしてあげる～ 波多野結衣・椎名ゆな・栗林里莉～,MDB-533 童貞チ●ポと美女の卑猥な性交 2 ～溜まったザーメンを全部出し尽くしてあげる～ 波多野結衣・椎名ゆな・栗林里莉～,MDB-533,,2014-05-09,150分鐘,K太郎,メディアステーション,BAZOOKA（バズーカ）,童貞チ●ポと美女の卑猥な性交,蕩婦、淫語、處男,多人,https://www.javbus.com/MDB-533,
T28-352 60秒ごとに絶頂シーン！！総勢480人のノンストップ絶頂トランス8時間,T28-352 60秒ごとに絶頂シーン！！総勢480人のノンストップ絶頂トランス8時間,T28-352,,2014-05-09,485分鐘,,TMA,TMA,,其他戀物癖、合集、4小時以上作品,多人,https://www.javbus.com/T28-352,
REAL-512 鬼フェラ地獄 XVIII 波多野結衣 みづなれい,REAL-512 鬼フェラ地獄 XVIII 波多野結衣 みづなれい,REAL-512,,2014-05-09,115分鐘,きとるね川口,レアルワークス,REAL（レアルワークス）,鬼フェラ地獄,蕩婦、口交、其他戀物癖、吞精,多人,https://www.javbus.com/REAL-512,
LESJ-304 レズっ気エステティシャンのテクニックで感じてしまう女性客。オイルとマン汁が混ざり合い、いやらしく光るマ○コや膣の奥にズッポリ入れアクメを感じるペニバンで性感プレイ,LESJ-304 レズっ気エステティシャンのテクニックで感じてしまう女性客。オイルとマン汁が混ざり合い、いやらしく光るマ○コや膣の奥にズッポリ入れアクメを感じるペニバンで性感プレイ,LESJ-304,,2014-05-06,153分鐘,,マニアゼロ,レズ倶楽部（マニアゼロ）,,玩具、女同性戀、美容院、按摩,多人,https://www.javbus.com/LESJ-304,
DKYH-025 究極！アナル丸見えダンスストリップ！！DX3時間20分,DKYH-025 究極！アナル丸見えダンスストリップ！！DX3時間20分,DKYH-025,,2014-05-05,197分鐘,,ジャネス,究極,究極！アナル丸見えダンスストリップ！！,跳舞、4小時以上作品、肛交,多人,https://www.javbus.com/DKYH-025,
BF-309 働くナース,BF-309 働くナース,BF-309,,2014-05-03,240分鐘,,BeFree,BeFree,,护士、合集、纪录片、4小時以上作品,多人,https://www.javbus.com/BF-309,
BBAN-003 女性限定シェアハウスレズビアン 波多野結衣 神波多一花,BBAN-003 女性限定シェアハウスレズビアン 波多野結衣 神波多一花,BBAN-003,,2014-05-03,150分鐘,,ビビアン,ビビアン,,女同性戀、苗條、女同接吻、高畫質、出軌、戲劇,多人,https://www.javbus.com/BBAN-003,
KAGS-051 パンツから取り出した途端、部屋に立ち込めるイカ臭チンポセンズリ鑑賞！あまりの臭さに頭がクラクラして糸引く精子にうっとりする人妻たち,KAGS-051 パンツから取り出した途端、部屋に立ち込めるイカ臭チンポセンズリ鑑賞！あまりの臭さに頭がクラクラして糸引く精子にうっとりする人妻たち,KAGS-051,,2014-05-02,139分鐘,石川出水,AFRO-FILM,赫夜姫映像,,獵豔、其他戀物癖、已婚婦女、高畫質,多人,https://www.javbus.com/KAGS-051,
SPSE-001 I LOVE パンストつま先 26名240分,SPSE-001 I LOVE パンストつま先 26名240分,SPSE-001,,2014-05-01,240分鐘,,スタイルアート/妄想族,スタイルアートPS/妄想族,,合集、連褲襪、4小時以上作品、高畫質,多人,https://www.javbus.com/SPSE-001,
SW-251 引っ越し中の奥さんが汗臭い男が好きなのか浮きブラとパンチラで僕を誘惑してきた、もうハチキレそうですがな！,SW-251 引っ越し中の奥さんが汗臭い男が好きなのか浮きブラとパンチラで僕を誘惑してきた、もうハチキレそうですがな！,SW-251,,2014-05-01,120分鐘,山城猛,SWITCH,SWITCH（SWITCH）,,已婚婦女、高畫質、出軌、內衣,多人,https://www.javbus.com/SW-251,
ASFB-084 狂おしいほどオナニーしたい 5,ASFB-084 狂おしいほどオナニーしたい 5,ASFB-084,,2014-04-27,240分鐘,,FetishBox/妄想族,FetishBox/妄想族,狂おしいほどオナニーしたい,蕩婦、合集、4小時以上作品、高畫質、自慰,多人,https://www.javbus.com/ASFB-084,
JAME-013 いやらしいボンデージ痴女たちに発射を焦らされマニアックなテクニックで犯されたい！240分,JAME-013 いやらしいボンデージ痴女たちに発射を焦らされマニアックなテクニックで犯されたい！240分,JAME-013,,2014-04-27,240分鐘,,スタイルアート/妄想族,スタイルアートjam/妄想族,,蕩婦、性奴、4小時以上作品、高畫質、顏面騎乘、緊縛、打手槍,多人,https://www.javbus.com/JAME-013,
SLBA-032 maika レズコンプリート4時間,SLBA-032 maika レズコンプリート4時間,SLBA-032,,2014-04-27,240分鐘,,スタイルアート/妄想族,スタイルアートLOVEBETES/妄想族,○○レズコンプリート,女同性戀、合集、舔陰、4小時以上作品、高畫質,多人,https://www.javbus.com/SLBA-032,
WANZ-178 エロ痴女逆3Pナース 鈴木さとみ 波多野結衣,WANZ-178 エロ痴女逆3Pナース 鈴木さとみ 波多野結衣,WANZ-178,,2014-04-26,120分鐘,,ワンズファクトリー,WANZ,エロ痴女逆○Pナース,蕩婦、护士、姐姐、多P、高畫質,多人,https://www.javbus.com/WANZ-178,
BMW-059 膣奥射精で確実に子宮に届かせる直射中出し8時間25人！！,BMW-059 膣奥射精で確実に子宮に届かせる直射中出し8時間25人！！,BMW-059,,2014-04-26,480分鐘,,ワンズファクトリー,WANZ,,合集、花癡、姐姐、中出、女上位,多人,https://www.javbus.com/BMW-059,
YLW-4193 オマンコドUP！本気オナ4時間！超接写アングルにブッカかるほどの激しく下品なオナニー,YLW-4193 オマンコドUP！本気オナ4時間！超接写アングルにブッカかるほどの激しく下品なオナニー,YLW-4193,,2014-04-25,236分鐘,大野祐一,MellowMoon,YellowMoon,,成熟的女人、已婚婦女、4小時以上作品、自慰,多人,https://www.javbus.com/YLW-4193,
OKAD-500 夢の大乱交SUPER BEST 8時間 80人,OKAD-500 夢の大乱交SUPER BEST 8時間 80人,OKAD-500,,2014-04-25,479分鐘,K太郎,ケイ・エム・プロデュース,おかず。,,濫交、合集、中出、4小時以上作品、巨乳,多人,https://www.javbus.com/OKAD-500,
DMBA-154 ペットM男を飼育する美女たち,DMBA-154 ペットM男を飼育する美女たち,DMBA-154,,2014-04-25,141分鐘,,ジャネス,MAZOBOYSCLUB,,SM、69、姐姐、顏面騎乘、緊縛,多人,https://www.javbus.com/DMBA-154,
IMPA-017 癒しの性感マッサージ専門店,IMPA-017 癒しの性感マッサージ専門店,IMPA-017,,2014-04-24,228分鐘,,マニアゼロ,impact（マニアゼロ）,,合集、按摩、打手槍,多人,https://www.javbus.com/IMPA-017,
LXJE-055 上から目線のボンデージ痴女様が欲求不満で僕のチ○ポを散々オモチャにした後ペニバンをアナルにぶち込まれて脳でイク快感を覚えた,LXJE-055 上から目線のボンデージ痴女様が欲求不満で僕のチ○ポを散々オモチャにした後ペニバンをアナルにぶち込まれて脳でイク快感を覚えた,LXJE-055,,2014-04-24,242分鐘,,マニアゼロ,Mスナイパー,,蕩婦、SM、緊縛,多人,https://www.javbus.com/LXJE-055,
PSSD-329 主観×淫語×風俗美熟女SP,PSSD-329 主観×淫語×風俗美熟女SP,PSSD-329,,2014-04-23,226分鐘,,アウダースジャパン,AUDAZ,主観×淫語×○○,蕩婦、成熟的女人、合集、妓女、主觀視角,多人,https://www.javbus.com/PSSD-329,
DMOW-026 脚責め天国！集団美脚イジメ 魅惑の女子校編,DMOW-026 脚責め天国！集団美脚イジメ 魅惑の女子校編,DMOW-026,,2014-04-23,91分鐘,96★,OFFICEK’S,mow,脚責め天国！集団美脚イジメ,戀腿癖、足交、高畫質、校服、高中女生,多人,https://www.javbus.com/DMOW-026,
JAMD-041 アナル責めながら超高速手コキする女たち 2 240分,JAMD-041 アナル責めながら超高速手コキする女たち 2 240分,JAMD-041,,2014-04-19,245分鐘,,スタイルアート/妄想族,スタイルアートjam/妄想族,アナル責めながら超高速手コキする女たち240分,性奴、4小時以上作品、肛交、打手槍,多人,https://www.javbus.com/JAMD-041,
URE-013 ついに登場！！ 原作・彩画堂人妻オードリーさんの秘密 30歳からの不良妻講座 押しに弱い人妻 鳳さんと男達とのヤリまくり物語を実写化！！ 波多野結衣 西條るり,URE-013 ついに登場！！ 原作・彩画堂人妻オードリーさんの秘密 30歳からの不良妻講座 押しに弱い人妻 鳳さんと男達とのヤリまくり物語を実写化！！ 波多野結衣 西條るり,URE-013,,2014-04-19,240分鐘,きとるね川口,マドンナ,熟れコミ,,成熟的女人、已婚婦女、數位馬賽克、通姦、高畫質、出軌、巨乳,多人,https://www.javbus.com/URE-013,
XKK-083 家庭内相姦,XKK-083 家庭内相姦,XKK-083,,2014-04-17,132分鐘,,グローリークエスト,GLORYQUEST,,母親、亂倫、姐妹、乳房,多人,https://www.javbus.com/XKK-083,
DSMO-017 Boots ボンデージ DE 病みつき手コキ性感 DX 3時間20分,DSMO-017 Boots ボンデージ DE 病みつき手コキ性感 DX 3時間20分,DSMO-017,,2014-04-15,199分鐘,,ジャネス,BS,BootsボンデージDE病みつき手コキ性感,SM、緊縛、打手槍,多人,https://www.javbus.com/DSMO-017,
HXAQ-006 淫乱お姉さんの職業別バーチャルパンストプレイ DX4時間,HXAQ-006 淫乱お姉さんの職業別バーチャルパンストプレイ DX4時間,HXAQ-006,,2014-04-15,242分鐘,,ジャネス,Fetishパンスト,淫乱お姉さんの職業別バーチャルパンストプレイ,各種職業、連褲襪、姐姐,多人,https://www.javbus.com/HXAQ-006,
JAME-012 痴女M男 Best of 2013 4時間,JAME-012 痴女M男 Best of 2013 4時間,JAME-012,,2014-04-14,242分鐘,,スタイルアート/妄想族,スタイルアートjam/妄想族,,蕩婦、合集、性奴、4小時以上作品,多人,https://www.javbus.com/JAME-012,
OOMN-095 お母さんがSEX教えてア・ゲ・ル 4時間,OOMN-095 お母さんがSEX教えてア・ゲ・ル 4時間,OOMN-095,,2014-04-14,240分鐘,,ABC/妄想族,お母さん.com/ABC,,成熟的女人、母親、合集、亂倫、數位馬賽克、4小時以上作品,多人,https://www.javbus.com/OOMN-095,
TYWD-052 淫乱AV乱丸 2013年発売作品全部入り8時間,TYWD-052 淫乱AV乱丸 2013年発売作品全部入り8時間,TYWD-052,,2014-04-13,480分鐘,,乱丸,乱丸,淫乱AV乱丸○年発売作品全部入り8時間,潮吹、合集、花癡、數位馬賽克,多人,https://www.javbus.com/TYWD-052,
CAGC-018 M男専科 手コキパラダイス Vol.6 【超マッハ、寸止め、男の潮吹き編】,CAGC-018 M男専科 手コキパラダイス Vol.6 【超マッハ、寸止め、男の潮吹き編】,CAGC-018,,2014-04-06,239分鐘,,CHANGE,CHANGE,M男専科手コキパラダイス,蕩婦、4小時以上作品、打手槍,多人,https://www.javbus.com/CAGC-018,
HYAZ-067 透けマ○コ！悩殺パンストオナニー,HYAZ-067 透けマ○コ！悩殺パンストオナニー,HYAZ-067,,2014-04-05,122分鐘,,ジャネス,Fetishパンスト,,連褲襪、姐姐、女優按摩棒、自慰,多人,https://www.javbus.com/HYAZ-067,
HYAZ-066 キレイなお姉さんの蒸れたパンスト手コキ 2,HYAZ-066 キレイなお姉さんの蒸れたパンスト手コキ 2,HYAZ-066,,2014-04-05,103分鐘,,ジャネス,Fetishパンスト,キレイなお姉さんの蒸れたパンスト手コキ,各種職業、連褲襪、姐姐、打手槍,多人,https://www.javbus.com/HYAZ-066,
KAGS-048 デカチン勃起ッキのセンズリ鑑賞！むっちり人妻6人にチンポを見せたら恥じらいながらもOKサインが出たので、タップリのザーメンぶち撒けてヤリました。,KAGS-048 デカチン勃起ッキのセンズリ鑑賞！むっちり人妻6人にチンポを見せたら恥じらいながらもOKサインが出たので、タップリのザーメンぶち撒けてヤリました。,KAGS-048,,2014-04-04,141分鐘,石川出水,AFRO-FILM,赫夜姫映像,,成熟的女人、口交、已婚婦女、高畫質,多人,https://www.javbus.com/KAGS-048,
KAGS-049 強引にナンパした人妻とSEX中に旦那から着信アリ ハメたまま無理やり電話に出させたら急激に感度が上がった膣に受精確実のたっぷり生中出し！,KAGS-049 強引にナンパした人妻とSEX中に旦那から着信アリ ハメたまま無理やり電話に出させたら急激に感度が上がった膣に受精確実のたっぷり生中出し！,KAGS-049,,2014-04-04,120分鐘,石川出水,AFRO-FILM,赫夜姫映像,,獵豔、已婚婦女、中出、高畫質,多人,https://www.javbus.com/KAGS-049,
ISY-026 オイルエステに来店した素人のカラダをイヤらしい手つきでマッサージしたら、小便を漏らしちゃった挙句にマッサージ師の勃起チンポを欲しがってきた！,ISY-026 オイルエステに来店した素人のカラダをイヤらしい手つきでマッサージしたら、小便を漏らしちゃった挙句にマッサージ師の勃起チンポを欲しがってきた！,ISY-026,,2014-04-03,180分鐘,,大久保ヤンキース,隠撮屋（映天）,,業餘、偷窥、姐姐、美容院、按摩,多人,https://www.javbus.com/ISY-026,
SLBB-015 西麻布裏通り 性感オイルレズエステ,SLBB-015 西麻布裏通り 性感オイルレズエステ,SLBB-015,,2014-03-30,120分鐘,,スタイルアート/妄想族,スタイルアートLOVEBETES/妄想族,,女同性戀、美容院、女同接吻,多人,https://www.javbus.com/SLBB-015,
OOMN-094 フェラをしたがる母親達 4 デカチン息子編 40名 4時間,OOMN-094 フェラをしたがる母親達 4 デカチン息子編 40名 4時間,OOMN-094,,2014-03-30,240分鐘,,ABC/妄想族,お母さん.com/ABC,フェラをしたがる母親達,成熟的女人、母親、口交、合集、亂倫、4小時以上作品,多人,https://www.javbus.com/OOMN-094,
BMW-055 良いオンナと特別なシチュエーションでハメる。 Special Night SEX 8times,BMW-055 良いオンナと特別なシチュエーションでハメる。 Special Night SEX 8times,BMW-055,,2014-03-29,480分鐘,,ワンズファクトリー,WANZ,,其他戀物癖、合集、姐姐、中出,多人,https://www.javbus.com/BMW-055,
XKK-082 早朝、即勃起！寝起きSEXしたくなる身体！！,XKK-082 早朝、即勃起！寝起きSEXしたくなる身体！！,XKK-082,,2014-03-25,130分鐘,,グローリークエスト,GLORYQUEST,,乳房、中出、內衣,多人,https://www.javbus.com/XKK-082,
DMBA-152 ハイパー顔面騎乗 圧迫中毒なM男,DMBA-152 ハイパー顔面騎乗 圧迫中毒なM男,DMBA-152,,2014-03-25,141分鐘,,ジャネス,MAZOBOYSCLUB,,玩具、連褲襪、姐姐、顏面騎乘、打手槍,多人,https://www.javbus.com/DMBA-152,
DKYH-024 超限界ギリギリ着エロQUEEN 4時間スペシャル,DKYH-024 超限界ギリギリ着エロQUEEN 4時間スペシャル,DKYH-024,,2014-03-25,240分鐘,,ジャネス,究極,,姐姐、緊身衣、4小時以上作品、泳裝、自慰、內衣,多人,https://www.javbus.com/DKYH-024,
ASFB-075 寸止め焦らしで大暴発スペシャル VOL.4,ASFB-075 寸止め焦らしで大暴発スペシャル VOL.4,ASFB-075,,2014-03-19,240分鐘,,FetishBox/妄想族,FetishBox/妄想族,寸止め焦らしで大暴発スペシャル,蕩婦、其他戀物癖、合集、4小時以上作品,多人,https://www.javbus.com/ASFB-075,
ASFB-073 亀頭責め黄金伝説 第二章 BEST 4時間,ASFB-073 亀頭責め黄金伝説 第二章 BEST 4時間,ASFB-073,,2014-03-16,240分鐘,,FetishBox/妄想族,FetishBox/妄想族,亀頭責め黄金伝説,口交、其他戀物癖、合集、4小時以上作品,多人,https://www.javbus.com/ASFB-073,
OOMN-091 母親が犯す！！ 息子にまたがり腰振る発情母 4時間 デジタルモザイク匠,OOMN-091 母親が犯す！！ 息子にまたがり腰振る発情母 4時間 デジタルモザイク匠,OOMN-091,,2014-03-16,240分鐘,,ABC/妄想族,お母さん.com/ABC,,成熟的女人、母親、亂倫、數位馬賽克、4小時以上作品,多人,https://www.javbus.com/OOMN-091,
DJSI-051 人妻と相互オナニー鑑賞,DJSI-051 人妻と相互オナニー鑑賞,DJSI-051,,2014-03-15,86分鐘,,ジャネス,艶女,,成熟的女人、已婚婦女、自慰,多人,https://www.javbus.com/DJSI-051,
VEZZ-021 義理の姉、義理の妹 椎名ゆな 波多野結衣,VEZZ-021 義理の姉、義理の妹 椎名ゆな 波多野結衣,VEZZ-021,,2014-03-10,85分鐘,北野マジメ,VENUS,Butch,義理の姉、義理の妹,成熟的女人、女同性戀、已婚婦女,多人,https://www.javbus.com/VEZZ-021,
AUKB-041 レズレイプ BEST4時間 PARTII,AUKB-041 レズレイプ BEST4時間 PARTII,AUKB-041,,2014-03-10,240分鐘,,U＆K,U＆K,レズレイプBEST,女同性戀、強姦、合集、女同接吻、巨乳,多人,https://www.javbus.com/AUKB-041,
MIMU-017 「出産祝い」で我が家にやって来た、嫁の姉の無防備なパンチラに思わず勃起！出産と同時に性欲がなくなった嫁とのセックスを望めない僕の勃起チ○ポを嫁の姉が優しく慰めてくれました。,MIMU-017 「出産祝い」で我が家にやって来た、嫁の姉の無防備なパンチラに思わず勃起！出産と同時に性欲がなくなった嫁とのセックスを望めない僕の勃起チ○ポを嫁の姉が優しく慰めてくれました。,MIMU-017,,2014-03-09,197分鐘,嵯峨ロッキー,ムーディーズ,MUTTURI,,企畫、姐姐、數位馬賽克、女上位、高畫質、內衣、巨乳,多人,https://www.javbus.com/MIMU-017,
URPS-005 みんな大好き！！ 超絶変態メンズパンストプレイ vol.1,URPS-005 みんな大好き！！ 超絶変態メンズパンストプレイ vol.1,URPS-005,,2014-03-07,192分鐘,,unfinished,Footish,,其他戀物癖、連褲襪、主觀視角、高畫質,多人,https://www.javbus.com/URPS-005,
LADYL-009 レズ専門メーカー LadyLady Lavieen 作品集4時間,LADYL-009 レズ専門メーカー LadyLady Lavieen 作品集4時間,LADYL-009,,2014-03-06,245分鐘,,LADY×LADY,LaVieen,,女同性戀、濫交、合集、4小時以上作品,多人,https://www.javbus.com/LADYL-009,
PBD-248 2013年下半期プレミアム傑作選 24時間,PBD-248 2013年下半期プレミアム傑作選 24時間,PBD-248,,2014-03-06,1440分鐘,,プレミアム,PREMIUMBEST,プレミアム傑作選,合集,多人,https://www.javbus.com/PBD-248,
BF-297 BeFree 2013 CompleteBEST 46タイトル8時間,BF-297 BeFree 2013 CompleteBEST 46タイトル8時間,BF-297,,2014-03-06,480分鐘,,BeFree,BeFree,,家教、合集、纪录片、女主人、女老板,多人,https://www.javbus.com/BF-297,
GAR-381 露出の高いギャルを路上拉致！媚薬レイプ！！ 2,GAR-381 露出の高いギャルを路上拉致！媚薬レイプ！！ 2,GAR-381,,2014-03-06,130分鐘,上杉シュウジ,GARCON,GARCON,露出の高いギャルを路上拉致！媚薬レイプ！！,藥物、強姦、高畫質、女生,多人,https://www.javbus.com/GAR-381,
GWAZ-045 フェティッシュな手コキだけにしてくれ 2 総集編,GWAZ-045 フェティッシュな手コキだけにしてくれ 2 総集編,GWAZ-045,,2014-03-05,243分鐘,,ジャネス,MANIAPlay,フェティッシュな手コキだけにしてくれ,其他戀物癖、合集、打手槍,多人,https://www.javbus.com/GWAZ-045,
DMBI-022 カウパー汁全開！生殺し寸止め天国,DMBI-022 カウパー汁全開！生殺し寸止め天国,DMBI-022,,2014-03-05,141分鐘,,ジャネス,MAZOBOYSCLUB,,蕩婦、口交、打手槍,多人,https://www.javbus.com/DMBI-022,
QEDZ-042 M男専用癒し性感メンズエステ,QEDZ-042 M男専用癒し性感メンズエステ,QEDZ-042,,2014-03-05,143分鐘,,ジャネス,クイーンダム,,美容院、按摩、肛交、打手槍,多人,https://www.javbus.com/QEDZ-042,
DJSD-035 2013年 レズ年間ベスト10 【人妻編】,DJSD-035 2013年 レズ年間ベスト10 【人妻編】,DJSD-035,,2014-03-05,243分鐘,,ジャネス,JNS,○○年間ベスト10,女同性戀、合集、已婚婦女,多人,https://www.javbus.com/DJSD-035,
MIAD-669 逆ナンで自宅に押しかけハーレムSEX 桜井あゆ 波多野結衣 藤原ひとみ,MIAD-669 逆ナンで自宅に押しかけハーレムSEX 桜井あゆ 波多野結衣 藤原ひとみ,MIAD-669,,2014-03-01,120分鐘,らくだ,ムーディーズ,MOODYZACID,,業餘、獵豔、濫交、潮吹、多P、高畫質,多人,https://www.javbus.com/MIAD-669,
BMW-053 じっくり最後まで搾り取る！！お掃除フェラBEST,BMW-053 じっくり最後まで搾り取る！！お掃除フェラBEST,BMW-053,,2014-02-27,240分鐘,,ワンズファクトリー,WANZ,,口交、合集、姐姐、美少女,多人,https://www.javbus.com/BMW-053,
SPSB-003 パンスト淫語痴女 2 波多野結衣 沙藤ユリ,SPSB-003 パンスト淫語痴女 2 波多野結衣 沙藤ユリ,SPSB-003,,2014-02-16,190分鐘,,スタイルアート/妄想族,スタイルアートPS/妄想族,パンスト淫語痴女,蕩婦、淫語、連褲襪、DMM獨家,多人,https://www.javbus.com/SPSB-003,
ASFB-069 淫語フェラBEST Vol.2,ASFB-069 淫語フェラBEST Vol.2,ASFB-069,,2014-02-16,240分鐘,,FetishBox/妄想族,FetishBox/妄想族,淫語フェラBEST,口交、合集、淫語、4小時以上作品、DMM獨家,多人,https://www.javbus.com/ASFB-069,
DMBM-003 ボンデージの虜 M男調教QUEEN DX Vol.2 4時間,DMBM-003 ボンデージの虜 M男調教QUEEN DX Vol.2 4時間,DMBM-003,,2014-02-15,243分鐘,,ジャネス,MBCプラチナム,ボンデージの虜,SM、4小時以上作品、顏面騎乘、緊縛,多人,https://www.javbus.com/DMBM-003,
MILD-888 緊縛令嬢姉妹 神咲詩織 波多野結衣,MILD-888 緊縛令嬢姉妹 神咲詩織 波多野結衣,MILD-888,,2014-02-14,125分鐘,望永斉,ケイ・エム・プロデュース,million（ミリオン）,緊縛令嬢姉妹,紧缚、千金小姐、性奴、中出,多人,https://www.javbus.com/MILD-888,
MDB-510 イチャイチャ☆マジラブ200％！有名AV女優と理想のデートで濃厚SEX4時間 栗林里莉・波多野結衣・葉月可恋,MDB-510 イチャイチャ☆マジラブ200％！有名AV女優と理想のデートで濃厚SEX4時間 栗林里莉・波多野結衣・葉月可恋,MDB-510,,2014-02-14,235分鐘,杉ノ木,メディアステーション,BAZOOKA（バズーカ）,,企畫、情侶、纪录片、中出,多人,https://www.javbus.com/MDB-510,
REAL-504 マン汁で穴があくコンドームをデリヘル嬢に試してみた,REAL-504 マン汁で穴があくコンドームをデリヘル嬢に試してみた,REAL-504,,2014-02-14,149分鐘,K太郎,レアルワークス,REAL（レアルワークス）,,妓女、中出、巨乳,多人,https://www.javbus.com/REAL-504,
ISY-024 盗撮 マッサージのお姉さんがビンビンに勃起したデカチンポを見たらオマンコに挿れて欲しくなっちゃった！,ISY-024 盗撮 マッサージのお姉さんがビンビンに勃起したデカチンポを見たらオマンコに挿れて欲しくなっちゃった！,ISY-024,,2014-02-11,181分鐘,,大久保ヤンキース,隠撮屋（大久保ヤンキース）,,偷窥、姐姐、美容院、按摩,多人,https://www.javbus.com/ISY-024,
GAR-377 極悪ギャルVS美人女教師ガチレズ対決！！2,GAR-377 極悪ギャルVS美人女教師ガチレズ対決！！2,GAR-377,,2014-02-09,131分鐘,望月英吾,GARCON,GARCON,極悪ギャルVS美人女教師ガチレズ対決！！,女同性戀、女教師、女同接吻、高畫質、女生,多人,https://www.javbus.com/GAR-377,
VAGU-072 むれむれ汗ばみ体育教師のどろどろ濃厚中出し乱交 波多野結衣 知花メイサ,VAGU-072 むれむれ汗ばみ体育教師のどろどろ濃厚中出し乱交 波多野結衣 知花メイサ,VAGU-072,,2014-02-09,114分鐘,玉塚びんご,VENUS,ヴィーナス（VENUS）,,成熟的女人、濫交、已婚婦女、中出、DMM獨家,多人,https://www.javbus.com/VAGU-072,
DSMG-051 Wペニバンで男を犯せ！ 6,DSMG-051 Wペニバンで男を犯せ！ 6,DSMG-051,,2014-02-05,187分鐘,,ジャネス,BS,Wペニバンで男を犯せ！,性奴、緊縛、肛交,多人,https://www.javbus.com/DSMG-051,
DJSD-032 2013年 レズ年間ベスト10,DJSD-032 2013年 レズ年間ベスト10,DJSD-032,,2014-02-05,245分鐘,,ジャネス,JNS,○○年間ベスト10,女同性戀、合集、69、4小時以上作品、女同接吻,多人,https://www.javbus.com/DJSD-032,
DKYH-23 究極ダンス Best of 2013,DKYH-23 究極ダンス Best of 2013,DKYH-23,,2014-02-05,241分鐘,,ジャネス,究極,,合集、跳舞、4小時以上作品,多人,https://www.javbus.com/DKYH-23,
DOKS-256 ガニ股フェラ,DOKS-256 ガニ股フェラ,DOKS-256,,2014-01-30,117分鐘,汚丸,OFFICEK’S,OFFICEK’S,,女教師、口交、其他戀物癖、女醫生、戀腿癖、高畫質,多人,https://www.javbus.com/DOKS-256,
DJSD-030 2013年 フェチ年間ベスト10 【パンスト編】,DJSD-030 2013年 フェチ年間ベスト10 【パンスト編】,DJSD-030,,2014-01-30,244分鐘,,ジャネス,JNS,○○年間ベスト10,合集、連褲襪、4小時以上作品,多人,https://www.javbus.com/DJSD-030,
DSMO-014 Best of BS 2013 M男責め 4時間,DSMO-014 Best of BS 2013 M男責め 4時間,DSMO-014,,2014-01-30,243分鐘,,ジャネス,BS,BestofBS,合集、4小時以上作品、緊縛、肛交,多人,https://www.javbus.com/DSMO-014,
MIAD-666 睨まれレイプ2 ～強がり女と強制性交～ 波多野結衣 澤村レイコ 愛乃なみ,MIAD-666 睨まれレイプ2 ～強がり女と強制性交～ 波多野結衣 澤村レイコ 愛乃なみ,MIAD-666,,2014-01-25,120分鐘,安田サーモン,ムーディーズ,MOODYZACID,睨まれレイプ,強姦、乳交、其他戀物癖、數位馬賽克、DVD多士爐、主觀視角、高畫質、巨乳、DMM獨家,多人,https://www.javbus.com/MIAD-666,
BMW-050 何発イッても勃起させちゃうお姉様テクニック8時間,BMW-050 何発イッても勃起させちゃうお姉様テクニック8時間,BMW-050,,2014-01-25,480分鐘,,ワンズファクトリー,WANZ,,蕩婦、合集、姐姐、中出、DMM獨家,多人,https://www.javbus.com/BMW-050,
MIRD-131 女教師大乱交4時間SPECIAL 椎名ゆな 波多野結衣 稲川なつめ 工藤美紗,MIRD-131 女教師大乱交4時間SPECIAL 椎名ゆな 波多野結衣 稲川なつめ 工藤美紗,MIRD-131,,2014-01-25,240分鐘,テキラティーノ,ムーディーズ,MOODYZREAL,,濫交、女教師、花癡、數位馬賽克、高畫質、眼鏡、巨乳、DMM獨家,多人,https://www.javbus.com/MIRD-131,
ZUKO-046 お姉さま4人と1日で40回も子作り,ZUKO-046 お姉さま4人と1日で40回も子作り,ZUKO-046,,2014-01-25,120分鐘,らくだ,ズッコン/バッコン,ズッコン/バッコン,,濫交、潮吹、姐姐、中出、DVD多士爐、主觀視角、高畫質、DMM獨家,多人,https://www.javbus.com/ZUKO-046,
BMW-051 気高き美人捜査官の卑屈で低俗な男によるレイプ8時間,BMW-051 気高き美人捜査官の卑屈で低俗な男によるレイプ8時間,BMW-051,,2014-01-25,480分鐘,,ワンズファクトリー,WANZ,,強姦、合集、戀乳癖、凌辱、中出、巨乳、DMM獨家,多人,https://www.javbus.com/BMW-051,
MILD-887 カリスマアイドルたちにタップリ生中出しBEST 8時間スペシャル 3,MILD-887 カリスマアイドルたちにタップリ生中出しBEST 8時間スペシャル 3,MILD-887,,2014-01-24,477分鐘,呉山A太郎,ケイ・エム・プロデュース,million（ミリオン）,カリスマアイドルたちにタップリ生中出しBEST,合集、多P、中出、4小時以上作品,多人,https://www.javbus.com/MILD-887,
MILD-886 緊縛令嬢 BEST 麻縄に悦楽する豪華女優たち,MILD-886 緊縛令嬢 BEST 麻縄に悦楽する豪華女優たち,MILD-886,,2014-01-24,236分鐘,呉山A太郎,ケイ・エム・プロデュース,million（ミリオン）,緊縛令嬢,合集、千金小姐、性奴、4小時以上作品,多人,https://www.javbus.com/MILD-886,
HYAZ-065 働くお姉さんの蒸れたパンストオナニー,HYAZ-065 働くお姉さんの蒸れたパンストオナニー,HYAZ-065,,2014-01-20,95分鐘,,ジャネス,Fetishパンスト,,蕩婦、連褲襪、姐姐、緊身衣、自慰,多人,https://www.javbus.com/HYAZ-065,
DJSD-028 2013年 マニア痴女年間ベスト10,DJSD-028 2013年 マニア痴女年間ベスト10,DJSD-028,,2014-01-20,238分鐘,,ジャネス,JNS,○○年間ベスト10,蕩婦、合集、淫語、花癡、4小時以上作品,多人,https://www.javbus.com/DJSD-028,
DVDES-693 レズ奴隷 VOL.9 品格崩壊・崩れ落ちる高学歴で厳格な女教師の威厳,DVDES-693 レズ奴隷 VOL.9 品格崩壊・崩れ落ちる高学歴で厳格な女教師の威厳,DVDES-693,,2014-01-19,141分鐘,井坂朋康,ディープス,DEEP’S,レズ奴隷,女同性戀、女教師、性奴、學校作品、女同接吻、高畫質,多人,https://www.javbus.com/DVDES-693,
BID-049 美5周年×kira★kira7周年スペシャルコラボ企画-淫乱学園HIGH SCHOOL TEACHER SPECIAL 美巨乳壮絶大乱交4時間スペシャル-,BID-049 美5周年×kira★kira7周年スペシャルコラボ企画-淫乱学園HIGH SCHOOL TEACHER SPECIAL 美巨乳壮絶大乱交4時間スペシャル-,BID-049,,2014-01-19,238分鐘,ザック荒井,美,DELUXE,,蕩婦、濫交、女教師、學校作品、高畫質、巨乳、DMM獨家,多人,https://www.javbus.com/BID-049,
EMBS-010 美人妻に強制オナニーさせ興奮してセンズリ発射する男たち,EMBS-010 美人妻に強制オナニーさせ興奮してセンズリ発射する男たち,EMBS-010,,2014-01-13,160分鐘,,DX/エマニエル,DX（エマニエル）,,成熟的女人、已婚婦女、DMM獨家、自慰,多人,https://www.javbus.com/EMBS-010,
ASFB-064 おしゃぶり狂のフェラチオMAGAZINE,ASFB-064 おしゃぶり狂のフェラチオMAGAZINE,ASFB-064,,2014-01-13,120分鐘,,FetishBox/妄想族,FetishBox/妄想族,,口交、其他戀物癖、合集、DMM獨家,多人,https://www.javbus.com/ASFB-064,
DJSH-027 妄想セレブマダムの淫語 DX Vol.2 4時間,DJSH-027 妄想セレブマダムの淫語 DX Vol.2 4時間,DJSH-027,,2014-01-10,243分鐘,,ジャネス,艶女,妄想セレブマダムの淫語,蕩婦、成熟的女人、合集、淫語、妄想、4小時以上作品,多人,https://www.javbus.com/DJSH-027,
URPS-002 つま先LOVE パンスト編vol.1（10名収録）,URPS-002 つま先LOVE パンスト編vol.1（10名収録）,URPS-002,,2014-01-07,165分鐘,,unfinished,Footish,,淫語、各種職業、連褲襪、主觀視角、DMM獨家,多人,https://www.javbus.com/URPS-002,
DJSB-052 淫らな言葉ぶっかけてあげるわ 官能淫語プレイ DX Vol.2 4時間,DJSB-052 淫らな言葉ぶっかけてあげるわ 官能淫語プレイ DX Vol.2 4時間,DJSB-052,,2014-01-05,243分鐘,,ジャネス,MANIA痴女,淫らな言葉ぶっかけてあげるわ,蕩婦、合集、淫語、內衣,多人,https://www.javbus.com/DJSB-052,
DJSG-097 極上のM性感 フェザータッチ回春エステ手コキサロン 2,DJSG-097 極上のM性感 フェザータッチ回春エステ手コキサロン 2,DJSG-097,,2014-01-05,131分鐘,,ジャネス,MANIA痴女,極上のM性感フェザータッチ回春エステ手コキサロン,蕩婦、美容院、打手槍,多人,https://www.javbus.com/DJSG-097,
VANDR-084 家庭教師が童貞の教え子1●才の子供を妊娠 禁断の快楽に溺れるショタコン家庭教師 3,VANDR-084 家庭教師が童貞の教え子1●才の子供を妊娠 禁断の快楽に溺れるショタコン家庭教師 3,VANDR-084,,2014-01-05,180分鐘,白虎,V＆Rプロダクツ,V＆Rプロダクツ,家庭教師が童貞の教え子1●才の子供を妊娠,家教、中出、正太控、處男,多人,https://www.javbus.com/VANDR-084,
DSMG-050 顔騎圧迫されながら亀頭責め手コキ＆センズリ発射した後に飲尿させられるM男たち 2,DSMG-050 顔騎圧迫されながら亀頭責め手コキ＆センズリ発射した後に飲尿させられるM男たち 2,DSMG-050,,2014-01-05,180分鐘,,ジャネス,BS,顔騎圧迫されながら亀頭責め手コキ＆センズリ発射した後に飲尿させられるM男たち,飲尿、顏面騎乘、緊縛、打手槍,多人,https://www.javbus.com/DSMG-050,
HYAZ-064 華麗なるパンストオナニー,HYAZ-064 華麗なるパンストオナニー,HYAZ-064,,2014-01-05,122分鐘,,ジャネス,Fetishパンスト,,連褲襪、戀腿癖、自慰,多人,https://www.javbus.com/HYAZ-064,
MGMF-010 快楽負け 男の潮吹き・連射・尿道・亀頭責め,MGMF-010 快楽負け 男の潮吹き・連射・尿道・亀頭責め,MGMF-010,,2013-12-29,131分鐘,,MEGAMI,美女神,,蕩婦、其他戀物癖、潮吹、DMM獨家、肛交、打手槍,多人,https://www.javbus.com/MGMF-010,
EMAC-039 近親相姦セックス スペシャル 4時間,EMAC-039 近親相姦セックス スペシャル 4時間,EMAC-039,,2013-12-22,243分鐘,,DX/エマニエル,DX（エマニエル）,,成熟的女人、亂倫、已婚婦女、4小時以上作品、DMM獨家,多人,https://www.javbus.com/EMAC-039,
ASFB-062 ゴージャスボディーがしゃぶりつく DX 4時間,ASFB-062 ゴージャスボディーがしゃぶりつく DX 4時間,ASFB-062,,2013-12-22,240分鐘,,FetishBox/妄想族,FetishBox/妄想族,ゴージャスボディーがしゃぶりつく,蕩婦、其他戀物癖、合集、4小時以上作品、巨乳、DMM獨家,多人,https://www.javbus.com/ASFB-062,
AUKG-210 ennui レズの部屋 春原未来 波多野結衣,AUKG-210 ennui レズの部屋 春原未来 波多野結衣,AUKG-210,,2013-12-22,120分鐘,,U＆K,U＆K,,女同性戀、舔陰、女同接吻、戲劇、巨乳、DMM獨家,多人,https://www.javbus.com/AUKG-210,
BMW-049 どこから観てもクライマックス！！ 女がイク瞬間 8時間,BMW-049 どこから観てもクライマックス！！ 女がイク瞬間 8時間,BMW-049,,2013-12-21,479分鐘,,ワンズファクトリー,WANZ,,潮吹、合集、花癡、巨乳、DMM獨家,多人,https://www.javbus.com/BMW-049,
CLMZ-009 女王様の究極な顔騎、尻コキスペシャル 40名4時間,CLMZ-009 女王様の究極な顔騎、尻コキスペシャル 40名4時間,CLMZ-009,,2013-12-20,245分鐘,,マニアゼロ,CLUBM,,合集、顏面騎乘、內衣,多人,https://www.javbus.com/CLMZ-009,
EMBS-009 突然フェラチオさせられ口を犯される美人妻たち,EMBS-009 突然フェラチオさせられ口を犯される美人妻たち,EMBS-009,,2013-12-13,193分鐘,,DX/エマニエル,DX（エマニエル）,,成熟的女人、口交、已婚婦女、深喉、DMM獨家,多人,https://www.javbus.com/EMBS-009,
NATR-331 あなた、許して…。 私、レイプされました 4時間,NATR-331 あなた、許して…。 私、レイプされました 4時間,NATR-331,,2013-12-13,242分鐘,,なでしこ,Nadeshiko,,強姦、已婚婦女、多P、中出,多人,https://www.javbus.com/NATR-331,
ASFB-059 淫語オナニー中毒,ASFB-059 淫語オナニー中毒,ASFB-059,,2013-12-13,182分鐘,,FetishBox/妄想族,FetishBox/妄想族,,合集、淫語、DMM獨家、自慰,多人,https://www.javbus.com/ASFB-059,
T28-339 団地妻生中出し 19,T28-339 団地妻生中出し 19,T28-339,,2013-12-13,124分鐘,,TMA,TMA,団地妻生中出し,成熟的女人、已婚婦女、花癡、中出、高畫質,多人,https://www.javbus.com/T28-339,
ASFB-061 FETISH BOX アワード大賞 BEST10 3周年特別企画,ASFB-061 FETISH BOX アワード大賞 BEST10 3周年特別企画,ASFB-061,,2013-12-13,240分鐘,,FetishBox/妄想族,FetishBox/妄想族,,蕩婦、其他戀物癖、合集、4小時以上作品、DMM獨家,多人,https://www.javbus.com/ASFB-061,
JAMB-009 性感エステサロン 究極の手コキセラピスト,JAMB-009 性感エステサロン 究極の手コキセラピスト,JAMB-009,,2013-12-13,138分鐘,,スタイルアート/妄想族,スタイルアートjam/妄想族,,蕩婦、美容院、DMM獨家、打手槍,多人,https://www.javbus.com/JAMB-009,
MBYD-177 人妻の濃厚なお掃除フェラ8時間,MBYD-177 人妻の濃厚なお掃除フェラ8時間,MBYD-177,,2013-12-08,478分鐘,,溜池ゴロー,溜池ゴロー,,成熟的女人、口交、合集、已婚婦女、數位馬賽克、DMM獨家,多人,https://www.javbus.com/MBYD-177,
KJK-005 GLORY BODY,KJK-005 GLORY BODY,KJK-005,,2013-12-06,201分鐘,RED☆,みるきぃぷりん♪,エンジェルズ,GLORYBODY,合集、花癡、姐姐、多P、DMM獨家,多人,https://www.javbus.com/KJK-005,
LADYA-016 LADY×LADY 年間ベスト4時間 ～一年間で貝と貝がこんなに合わさりました～,LADYA-016 LADY×LADY 年間ベスト4時間 ～一年間で貝と貝がこんなに合わさりました～,LADYA-016,,2013-12-05,240分鐘,,LADY×LADY,LADY×LADY,,女同性戀、合集、4小時以上作品、女同接吻,多人,https://www.javbus.com/LADYA-016,
PXD-029 PREMIUM TERRACE HOUSE 極上美女たちのセックス、レズ、大乱交4時間スペシャル,PXD-029 PREMIUM TERRACE HOUSE 極上美女たちのセックス、レズ、大乱交4時間スペシャル,PXD-029,,2013-12-05,238分鐘,中目黒浩治,プレミアム,XANADU,,女同性戀、濫交、潮吹、數位馬賽克、高畫質、DMM獨家、吞精,多人,https://www.javbus.com/PXD-029,
DJSB-049 性感マッサージ美人妻専門店 痴女エステシャンによる究極のチ○コいじり DX4時間,DJSB-049 性感マッサージ美人妻専門店 痴女エステシャンによる究極のチ○コいじり DX4時間,DJSB-049,,2013-12-05,240分鐘,BORDERZ,ジャネス,MANIA痴女,究極のチ○コいじり,蕩婦、已婚婦女、4小時以上作品、美容院、按摩,多人,https://www.javbus.com/DJSB-049,
HPF-008 催眠素顔 8,HPF-008 催眠素顔 8,HPF-008,,2013-11-30,151分鐘,,催眠研究所,催眠素顔,催眠素顔,催眠、高畫質、巨乳,多人,https://www.javbus.com/HPF-008,
ASFB-056 ピタコス食いこみレオタードSP 4時間,ASFB-056 ピタコス食いこみレオタードSP 4時間,ASFB-056,,2013-11-29,241分鐘,,FetishBox/妄想族,FetishBox/妄想族,,其他戀物癖、合集、緊身衣、4小時以上作品、DMM獨家,多人,https://www.javbus.com/ASFB-056,
BMW-047 ソープに堕ちた女教師たち 奉仕を強要された聖職者6時間,BMW-047 ソープに堕ちた女教師たち 奉仕を強要された聖職者6時間,BMW-047,,2013-11-28,358分鐘,,ワンズファクトリー,WANZ,ソープに堕ちた女教師,強姦、女教師、合集、妓女、姐姐、DMM獨家,多人,https://www.javbus.com/BMW-047,
BMW-046 ランジェリーナ8時間BEST,BMW-046 ランジェリーナ8時間BEST,BMW-046,,2013-11-28,478分鐘,,ワンズファクトリー,WANZ,ランジェリーナ,其他戀物癖、合集、各種職業、巨乳、DMM獨家、內衣,多人,https://www.javbus.com/BMW-046,
CLUB-067 東京都港区白金セレブ人妻ナンパエステ5,CLUB-067 東京都港区白金セレブ人妻ナンパエステ5,CLUB-067,,2013-11-28,234分鐘,,変態紳士倶楽部,変態紳士倶楽部,セレブ人妻ナンパエステ,獵豔、已婚婦女、美容院、按摩、高畫質、巨乳、DMM獨家,多人,https://www.javbus.com/CLUB-067,
UD-602R 失神巨乳セレブ驚愕の痙攣硬直オイルマッサージ,UD-602R 失神巨乳セレブ驚愕の痙攣硬直オイルマッサージ,UD-602R,,2013-11-27,122分鐘,ドラゴン西川,LEO,LEO,,乳液、按摩、高畫質、巨乳,多人,https://www.javbus.com/UD-602R,
DJSG-096 悩殺アクメ淫語オナニー vol.2,DJSG-096 悩殺アクメ淫語オナニー vol.2,DJSG-096,,2013-11-25,141分鐘,,ジャネス,MANIA痴女,悩殺アクメ淫語オナニー,淫語、連褲襪、姐姐、自慰,多人,https://www.javbus.com/DJSG-096,
DKYF-37 JK エロ尻！丸見えアナル！極小マエバリ！危ないダンス！！,DKYF-37 JK エロ尻！丸見えアナル！極小マエバリ！危ないダンス！！,DKYF-37,,2013-11-25,104分鐘,AKIRA,ジャネス,究極,,跳舞、校服、高中女生、水手服、女生,多人,https://www.javbus.com/DKYF-37,
BIB-085 射精寸前の絶頂SEX8時間スペシャル,BIB-085 射精寸前の絶頂SEX8時間スペシャル,BIB-085,,2013-11-22,478分鐘,,美,美,射精寸前の絶頂SEX,蕩婦、合集、女上位、巨乳、DMM獨家,多人,https://www.javbus.com/BIB-085,
BIB-084 痴女お姉さんに昇天するまで犯されたい8時間（BIB-084）,BIB-084 痴女お姉さんに昇天するまで犯されたい8時間（BIB-084）,BIB-084,,2013-11-22,478分鐘,,美,美,○○に昇天するまで犯されたい,蕩婦、合集、女上位、DMM獨家,多人,https://www.javbus.com/BIB-084,
NASS-088 夫の目の前で犯されてしまう美人妻 DX4時間,NASS-088 夫の目の前で犯されてしまう美人妻 DX4時間,NASS-088,,2013-11-22,242分鐘,,なでしこ,Nadeshiko,夫の目の前で犯されてしまう美人妻,成熟的女人、強姦、合集、已婚婦女、出軌,多人,https://www.javbus.com/NASS-088,
NASS-089 近親相姦 僕のお母さん 4時間,NASS-089 近親相姦 僕のお母さん 4時間,NASS-089,,2013-11-22,245分鐘,,なでしこ,Nadeshiko,近●相姦,成熟的女人、母親、亂倫,多人,https://www.javbus.com/NASS-089,
JUSD-521 暴虐に犯られた美熟女40人8時間,JUSD-521 暴虐に犯られた美熟女40人8時間,JUSD-521,,2013-11-22,478分鐘,,マドンナ,Madonna,,成熟的女人、強姦、合集、已婚婦女、數位馬賽克、凌辱、DMM獨家,多人,https://www.javbus.com/JUSD-521,
ARM-301 突然パンチラで挑発されてこっそりシゴいちゃった僕。 その8,ARM-301 突然パンチラで挑発されてこっそりシゴいちゃった僕。 その8,ARM-301,,2013-11-20,123分鐘,笠井貴人,アロマ企画,AROMA,○○ちゃった僕,蕩婦、其他戀物癖、妄想、高畫質、內衣、DMM獨家,多人,https://www.javbus.com/ARM-301,
KIBD-146 kira★kira BEST 2013上半期総集編 8時間,KIBD-146 kira★kira BEST 2013上半期総集編 8時間,KIBD-146,,2013-11-16,478分鐘,,kira☆kira,kira☆kira,kira☆kiraBEST,合集、中出、巨乳、DMM獨家、女生,多人,https://www.javbus.com/KIBD-146,
DMBI-017 M男連射ショットガン 手コキ＆フェラで連続発射したい,DMBI-017 M男連射ショットガン 手コキ＆フェラで連続発射したい,DMBI-017,,2013-11-15,141分鐘,,ジャネス,MAZOBOYSCLUB,,蕩婦、口交、打手槍,多人,https://www.javbus.com/DMBI-017,
LLJW-714 レズビアン12組 ペニバンファックDX 5 4時間,LLJW-714 レズビアン12組 ペニバンファックDX 5 4時間,LLJW-714,,2013-11-12,243分鐘,,マニアゼロ,W（マニアゼロ）,レズビアン○組,玩具、女同性戀、4小時以上作品,多人,https://www.javbus.com/LLJW-714,
DJSG-094 卑猥な言葉と手淫でたっぷりと射かせてあげるわ,DJSG-094 卑猥な言葉と手淫でたっぷりと射かせてあげるわ,DJSG-094,,2013-11-05,141分鐘,,ジャネス,MANIA痴女,,蕩婦、淫語、姐姐、打手槍,多人,https://www.javbus.com/DJSG-094,
DKYH-19 ...＆ Labia 過激着エロゲリラ DX4時間 総集編,DKYH-19 ...＆ Labia 過激着エロゲリラ DX4時間 総集編,DKYH-19,,2013-11-05,242分鐘,,ジャネス,究極,...＆Labia過激着エロゲリラ,緊身衣、女優按摩棒、猥褻穿著、泳裝、局部特寫,多人,https://www.javbus.com/DKYH-19,
RBD-533 籠城4 波多野結衣 みなせ優夏 児島奈央,RBD-533 籠城4 波多野結衣 みなせ優夏 児島奈央,RBD-533,,2013-11-03,108分鐘,高原寿,アタッカーズ,龍縛,籠城,护士、強姦、已婚婦女、DVD多士爐、高畫質、DMM獨家,多人,https://www.javbus.com/RBD-533,
UD-597R 引っ越し頼んだら、エロい格好の女の子が3人やってきて、全然使えなかったけど、エッチ出来たので満足度100点！！,UD-597R 引っ越し頼んだら、エロい格好の女の子が3人やってきて、全然使えなかったけど、エッチ出来たので満足度100点！！,UD-597R,,2013-10-31,120分鐘,望永斉,LEO,LEO,,舔陰、手指插入、高畫質、巨乳、打手槍,多人,https://www.javbus.com/UD-597R,
AUKS-033 美女とニューハーフ～波多野結衣の童貞ニューハーフ筆おろし体験～,AUKS-033 美女とニューハーフ～波多野結衣の童貞ニューハーフ筆おろし体験～,AUKS-033,,2013-10-27,120分鐘,,U＆K,U＆K,,蕩婦、女同性戀、變性者、女同接吻、DMM獨家、肛交,多人,https://www.javbus.com/AUKS-033,
AKBS-008 暗闇の映画館 変態人妻痴女,AKBS-008 暗闇の映画館 変態人妻痴女,AKBS-008,,2013-10-27,82分鐘,赤羽竜二,FAプロ・プラチナ,FAプロ赤羽,暗闇の映画館,蕩婦、成熟的女人、已婚婦女、性騷擾、高畫質、戲劇、DMM獨家,多人,https://www.javbus.com/AKBS-008,
MIAD-648 着衣ソープランド 波多野結衣,MIAD-648 着衣ソープランド 波多野結衣,MIAD-648,,2013-10-26,146分鐘,ZAMPA,ムーディーズ,MOODYZACID,,角色扮演、妓女、多P、數位馬賽克、高畫質、巨乳、單體作品、DMM獨家,多人,https://www.javbus.com/MIAD-648,
NATR-295 寝取られ中出しレイプ,NATR-295 寝取られ中出しレイプ,NATR-295,,2013-10-25,220分鐘,,なでしこ,Nadeshiko,,成熟的女人、強姦、已婚婦女、中出、出軌,多人,https://www.javbus.com/NATR-295,
SSR-024 強制射精で校内を支配する巨乳女教師,SSR-024 強制射精で校内を支配する巨乳女教師,SSR-024,,2013-10-24,130分鐘,桐谷ケンジ,SOSORU,SOSORU,,蕩婦、口交、巨乳、教師,多人,https://www.javbus.com/SSR-024,
BIB-083 美2013年上半期総集編8時間,BIB-083 美2013年上半期総集編8時間,BIB-083,,2013-10-20,478分鐘,,美,美,美○半期総集編,蕩婦、合集、淫語、姐姐、多P、DMM獨家,多人,https://www.javbus.com/BIB-083,
BEB-093 逆レイプW痴女-卑猥なカラダで徹底的に男を犯ス- 波多野結衣 椎名ゆな,BEB-093 逆レイプW痴女-卑猥なカラダで徹底的に男を犯ス- 波多野結衣 椎名ゆな,BEB-093,,2013-10-20,158分鐘,ザック荒井,美,美ッ痴,,蕩婦、野外・露出、淫語、多P、高畫質、DMM獨家,多人,https://www.javbus.com/BEB-093,
DMBI-014 M男ソフト調教 SWEETに虐められたい,DMBI-014 M男ソフト調教 SWEETに虐められたい,DMBI-014,,2013-10-15,139分鐘,,ジャネス,MAZOBOYSCLUB,,蕩婦、姐姐、性奴、顏面騎乘,多人,https://www.javbus.com/DMBI-014,
KIBD-144 kira☆kira BEST-狂乱交- やりまくりカーニバル 8時間SPECIAL,KIBD-144 kira☆kira BEST-狂乱交- やりまくりカーニバル 8時間SPECIAL,KIBD-144,,2013-10-13,478分鐘,,kira☆kira,kira☆kira,kira☆kiraBEST,野外・露出、濫交、合集、淫語、泳裝、DMM獨家、女生,多人,https://www.javbus.com/KIBD-144,
AUKG-199 発情！欲情！イカせ合い！負けず嫌いのレズカップル！！！,AUKG-199 発情！欲情！イカせ合い！負けず嫌いのレズカップル！！！,AUKG-199,,2013-10-11,124分鐘,,U＆K,U＆K,,蕩婦、女同性戀、各種職業、花癡、女同接吻、DMM獨家,多人,https://www.javbus.com/AUKG-199,
DJSH-019 美熟女センズリ鑑賞 デラックス総集編 4時間 Vol.3 ～チ○ポを見たくて仕方がない美熟女たち～,DJSH-019 美熟女センズリ鑑賞 デラックス総集編 4時間 Vol.3 ～チ○ポを見たくて仕方がない美熟女たち～,DJSH-019,,2013-10-05,243分鐘,,ジャネス,艶女,美熟女センズリ鑑賞,成熟的女人、其他戀物癖、合集、4小時以上作品,多人,https://www.javbus.com/DJSH-019,
DMBI-013 口撃淫語フェラ おしゃべりなオクチ おしゃぶりなオクチ,DMBI-013 口撃淫語フェラ おしゃべりなオクチ おしゃぶりなオクチ,DMBI-013,,2013-10-05,122分鐘,,ジャネス,MAZOBOYSCLUB,,口交、淫語,多人,https://www.javbus.com/DMBI-013,
GWAZ-037 激ピストン！ズッポリ！ディルドオナニー DX4時間,GWAZ-037 激ピストン！ズッポリ！ディルドオナニー DX4時間,GWAZ-037,,2013-10-05,220分鐘,,ジャネス,MANIAPlay,激ピストン！ズッポリ！ディルドオナニー,玩具、合集、4小時以上作品、自慰,多人,https://www.javbus.com/GWAZ-037,
ASFB-049 狂おしいほどオナニーしたい 3,ASFB-049 狂おしいほどオナニーしたい 3,ASFB-049,,2013-10-01,242分鐘,,FetishBox/妄想族,FetishBox/妄想族,狂おしいほどオナニーしたい,玩具、其他戀物癖、合集、DMM獨家、自慰,多人,https://www.javbus.com/ASFB-049,
NATR-279 美人妻たちの羞恥手コキ,NATR-279 美人妻たちの羞恥手コキ,NATR-279,,2013-09-27,133分鐘,,なでしこ,Nadeshiko,,已婚婦女、羞恥、打手槍,多人,https://www.javbus.com/NATR-279,
ASFB-048 淫語手コキ BEST,ASFB-048 淫語手コキ BEST,ASFB-048,,2013-09-19,242分鐘,,FetishBox/妄想族,FetishBox/妄想族,,蕩婦、合集、淫語、DMM獨家、打手槍,多人,https://www.javbus.com/ASFB-048,
HUNT-754 先生を授業中にリモコンバイブで大量失禁させたった！（※でも僕は怒られない！）ある秘密を知って以来、憧れのマドンナ先生は僕の言いなり！僕は典型的ないじめられっ子体質の地味な男子…。そんなザコキャラな僕,HUNT-754 先生を授業中にリモコンバイブで大量失禁させたった！（※でも僕は怒られない！）ある秘密を知って以来、憧れのマドンナ先生は僕の言いなり！僕は典型的ないじめられっ子体質の地味な男子…。そんなザコキャラな僕,HUNT-754,,2013-09-19,378分鐘,ボルボ中野,Hunter,Hunter（ソフトオンデマンド）,先生を授業中にリモコンバイブで大量失禁させたった！,放尿、女教師、學校作品、羞恥、高畫質、按摩棒,多人,https://www.javbus.com/HUNT-754,
REAL-478 おしゃぶりの殿堂 未公開フェラチオ8時間スペシャル,REAL-478 おしゃぶりの殿堂 未公開フェラチオ8時間スペシャル,REAL-478,,2013-09-13,481分鐘,中坂A秀,レアルワークス,REAL（レアルワークス）,,口交、其他戀物癖、淫語、顏射、吞精,多人,https://www.javbus.com/REAL-478,
MBYD-169 悔しいけど勃起する ドラマシーンもしっかり収録！寝取られ作品傑作選！,MBYD-169 悔しいけど勃起する ドラマシーンもしっかり収録！寝取られ作品傑作選！,MBYD-169,,2013-09-13,478分鐘,,溜池ゴロー,溜池ゴロー,,合集、數位馬賽克、出軌、DMM獨家,多人,https://www.javbus.com/MBYD-169,
REAL-479 絶頂イカセ潮吹き 240分,REAL-479 絶頂イカセ潮吹き 240分,REAL-479,,2013-09-13,239分鐘,中山A太郎,レアルワークス,REAL（レアルワークス）,,玩具、紧缚、潮吹、合集、拘束,多人,https://www.javbus.com/REAL-479,
DMBA-150 マルチプルオーガズム男のW潮吹き 前潮・射精・後潮という3連続の絶頂,DMBA-150 マルチプルオーガズム男のW潮吹き 前潮・射精・後潮という3連続の絶頂,DMBA-150,,2013-09-05,101分鐘,,ジャネス,MAZOBOYSCLUB,,口交、乳交、姐姐、美少女、打手槍,多人,https://www.javbus.com/DMBA-150,
DJSG-093 悩殺アクメ淫語オナニー,DJSG-093 悩殺アクメ淫語オナニー,DJSG-093,,2013-09-05,142分鐘,,ジャネス,MANIA痴女,,淫語、連褲襪、女優按摩棒、自慰、內衣,多人,https://www.javbus.com/DJSG-093,
SW-208 彼女の姉さんが風呂上がり無防備バスタオル1枚で僕の目の前でウロウロ、思わず勃起してしまう僕を最初から狙っていたのです,SW-208 彼女の姉さんが風呂上がり無防備バスタオル1枚で僕の目の前でウロウロ、思わず勃起してしまう僕を最初から狙っていたのです,SW-208,,2013-09-05,118分鐘,山城猛,SWITCH,SWITCH（SWITCH）,,蕩婦、姐姐、女上位、高畫質,多人,https://www.javbus.com/SW-208,
GG-235 THE逆ナンパ オタクの聖地アキバでAV女優が素人男子を逆ナンパ,GG-235 THE逆ナンパ オタクの聖地アキバでAV女優が素人男子を逆ナンパ,GG-235,,2013-09-05,118分鐘,,グローリークエスト,GLORYQUEST,,獵豔、多P、高畫質,多人,https://www.javbus.com/GG-235,
GYAZ-109 スケベ娘のセンズリ鑑賞会,GYAZ-109 スケベ娘のセンズリ鑑賞会,GYAZ-109,,2013-09-05,100分鐘,,ジャネス,MANIAPlay,,口交、美少女、內衣、打手槍,多人,https://www.javbus.com/GYAZ-109,
MIAD-635 ムーディーズファン感謝祭 うらバコバコバスツアー2013 補欠者救済？バコバス砦と荒くれ海賊団！！,MIAD-635 ムーディーズファン感謝祭 うらバコバコバスツアー2013 補欠者救済？バコバス砦と荒くれ海賊団！！,MIAD-635,,2013-09-01,239分鐘,らくだ,ムーディーズ,MOODYZACID,バコバコバスツアー,角色扮演、濫交、潮吹、數位馬賽克、高畫質、巨乳、DMM獨家,多人,https://www.javbus.com/MIAD-635,
BMW-039 ワンズファクトリー2013年上半期総集編8時間,BMW-039 ワンズファクトリー2013年上半期総集編8時間,BMW-039,,2013-09-01,478分鐘,,ワンズファクトリー,WANZ,,合集、凌辱、巨乳、DMM獨家、蘿莉塔,多人,https://www.javbus.com/BMW-039,
GYAZ-107 変態M女 拘束快楽トランス,GYAZ-107 変態M女 拘束快楽トランス,GYAZ-107,,2013-08-25,131分鐘,,ジャネス,MANIAPlay,,性奴、拘束、巨乳,多人,https://www.javbus.com/GYAZ-107,
SMA-697 無理！堪え切れずにお漏らししちゃいました。,SMA-697 無理！堪え切れずにお漏らししちゃいました。,SMA-697,,2013-08-24,122分鐘,,マルクス兄弟,MARXBrothersco.,,放尿、各種職業、制服、羞恥、DVD多士爐、DMM獨家,多人,https://www.javbus.com/SMA-697,
JUSD-505 お下劣熟女の汗臭いパンティストッキング40人8時間,JUSD-505 お下劣熟女の汗臭いパンティストッキング40人8時間,JUSD-505,,2013-08-23,478分鐘,,マドンナ,Madonna,,成熟的女人、合集、各種職業、連褲襪、已婚婦女、數位馬賽克、DMM獨家,多人,https://www.javbus.com/JUSD-505,
NATR-270 人妻に無理矢理オナニーをさせセンズリ発射する男たち,NATR-270 人妻に無理矢理オナニーをさせセンズリ発射する男たち,NATR-270,,2013-08-23,115分鐘,,なでしこ,Nadeshiko,,成熟的女人、已婚婦女、自慰,多人,https://www.javbus.com/NATR-270,
HITMA-188 人妻中出し BEST 4時間 HD,HITMA-188 人妻中出し BEST 4時間 HD,HITMA-188,,2013-08-23,239分鐘,,TMA,TMA,,合集、已婚婦女、中出、高畫質,多人,https://www.javbus.com/HITMA-188,
SSR-017 淫猥巨乳エステティシャン,SSR-017 淫猥巨乳エステティシャン,SSR-017,,2013-08-22,130分鐘,蟹江イースト,SOSORU,SOSORU,,按摩、巨乳,多人,https://www.javbus.com/SSR-017,
FSET-448 非ヌキ系サロン 洗体エステで勃起しちゃった僕。 10,FSET-448 非ヌキ系サロン 洗体エステで勃起しちゃった僕。 10,FSET-448,,2013-08-22,123分鐘,FSET,アキノリ,AKNR,非ヌキ系サロン,美容院、高畫質、泳裝、打手槍,多人,https://www.javbus.com/FSET-448,
NHDTA-426 町内会のキャンプなのに張り切りすぎたハミ出しビキニで「その気は無いのに…」父親達を勃起させてしまう巨乳奥さん 2,NHDTA-426 町内会のキャンプなのに張り切りすぎたハミ出しビキニで「その気は無いのに…」父親達を勃起させてしまう巨乳奥さん 2,NHDTA-426,,2013-08-22,172分鐘,レモンハート中島,ナチュラルハイ,NATURALHIGH,町内会の○○なのに張り切りすぎたハミ出しビキニで…,企畫、已婚婦女、多P、泳裝、巨乳,多人,https://www.javbus.com/NHDTA-426,
HUNT-737 スーパーの買い物帰りに突然の雷雨で我が家に雨宿りをしにきたママ友たち。雨でびしょ濡れになり透けた服のママ友にドキッ！としてタジタジなボク。そんなボクの童貞魂を見抜き、服が乾くまでの間に面白がり誘惑し,HUNT-737 スーパーの買い物帰りに突然の雷雨で我が家に雨宿りをしにきたママ友たち。雨でびしょ濡れになり透けた服のママ友にドキッ！としてタジタジなボク。そんなボクの童貞魂を見抜き、服が乾くまでの間に面白がり誘惑し,HUNT-737,,2013-08-22,365分鐘,川尻,Hunter,Hunter（ソフトオンデマンド）,,蕩婦、其他戀物癖、4小時以上作品、高畫質,多人,https://www.javbus.com/HUNT-737,
KUF-13051 足裏パラダイス5,KUF-13051 足裏パラダイス5,KUF-13051,,2013-08-22,135分鐘,KUF,KEU,,足裏パラダイス,,多人,https://www.javbus.com/KUF-13051,
SW-198 女性のスーツ姿が好きな僕は黒ストッキングとパンティに興奮して勃起してしまったチ○ポを尻に押しつけた,SW-198 女性のスーツ姿が好きな僕は黒ストッキングとパンティに興奮して勃起してしまったチ○ポを尻に押しつけた,SW-198,,2013-08-18,121分鐘,キャプテン☆ソータマーケット,SWITCH,SWITCH（SWITCH）,,連褲襪、屁股、制服、DVD多士爐、高畫質,多人,https://www.javbus.com/SW-198,
HYAZ-059 お姉さんの蒸れたパンスト足で責められたい！ 2,HYAZ-059 お姉さんの蒸れたパンスト足で責められたい！ 2,HYAZ-059,,2013-08-15,122分鐘,,ジャネス,Fetishパンスト,お姉さんの蒸れたパンスト足で責められたい！,連褲襪、姐姐、戀腿癖、足交,多人,https://www.javbus.com/HYAZ-059,
GYAZ-106 挑発パンモロ パンティーを見せつけられながら発射したい,GYAZ-106 挑発パンモロ パンティーを見せつけられながら発射したい,GYAZ-106,,2013-08-15,100分鐘,,ジャネス,MANIAPlay,,內衣、打手槍,多人,https://www.javbus.com/GYAZ-106,
YURI-012 ディープレズビアン ～オンナと交尾する女～,YURI-012 ディープレズビアン ～オンナと交尾する女～,YURI-012,,2013-08-13,105分鐘,,マニアゼロ,百合,,女同性戀、姐姐、舔陰、女同接吻、女生,多人,https://www.javbus.com/YURI-012,
REAL-473 REAL SUPER BEST 8時間 9,REAL-473 REAL SUPER BEST 8時間 9,REAL-473,,2013-08-12,478分鐘,八山A太郎,レアルワークス,REAL（レアルワークス）,REALSUPERBEST,紧缚、合集、深喉、4小時以上作品,多人,https://www.javbus.com/REAL-473,
SLBB-009 リアルレズビアン 女同士のラブセックス maika 瀬名あゆむ 波多野結衣,SLBB-009 リアルレズビアン 女同士のラブセックス maika 瀬名あゆむ 波多野結衣,SLBB-009,,2013-08-12,139分鐘,,スタイルアート/妄想族,スタイルアートLOVEBETES/妄想族,,女同性戀、舔陰、女同接吻、DMM獨家,多人,https://www.javbus.com/SLBB-009,
RKI-275 高画質生中出し100連発16時間,RKI-275 高画質生中出し100連発16時間,RKI-275,,2013-08-11,958分鐘,,ROOKIE,ROOKIE,,中出、高畫質、DMM獨家,多人,https://www.javbus.com/RKI-275,
ANHD-025 イヤラシすぎるレズビアン乱交8時間,ANHD-025 イヤラシすぎるレズビアン乱交8時間,ANHD-025,,2013-08-11,478分鐘,,アンナと花子,アンナと花子,,女同性戀、濫交、合集、舔陰、巨乳、DMM獨家,多人,https://www.javbus.com/ANHD-025,
MBYD-165 そんなつもりじゃ無かったのに…もう体が覚えてしまったんです ドラマシーンもしっかり収録！犯されて絶頂してしまった女達！,MBYD-165 そんなつもりじゃ無かったのに…もう体が覚えてしまったんです ドラマシーンもしっかり収録！犯されて絶頂してしまった女達！,MBYD-165,,2013-08-08,478分鐘,,溜池ゴロー,溜池ゴロー,,成熟的女人、合集、DMM獨家,多人,https://www.javbus.com/MBYD-165,
FSET-444 絶対に手を出してはいけない相手をレズ夜這い 7,FSET-444 絶対に手を出してはいけない相手をレズ夜這い 7,FSET-444,,2013-08-08,145分鐘,FSET,アキノリ,AKNR,絶対に手を出してはいけない相手をレズ夜這い,女同性戀、潮吹、舔陰、高畫質,多人,https://www.javbus.com/FSET-444,
FSET-439 上司の奥さんに逆夜這いされてしまった俺,FSET-439 上司の奥さんに逆夜這いされてしまった俺,FSET-439,,2013-08-06,182分鐘,FSET,アキノリ,AKNR,,已婚婦女、高畫質、出軌、顏射,多人,https://www.javbus.com/FSET-439,
LADYL-002 まいっちんぐマイカ先生！ ～淫乱レズビアン女教師の日常～,LADYL-002 まいっちんぐマイカ先生！ ～淫乱レズビアン女教師の日常～,LADYL-002,,2013-08-06,121分鐘,,LADY×LADY,LaVieen,,女同性戀、女教師、花癡、DVD多士爐,多人,https://www.javbus.com/LADYL-002,
DJSG-091 癒しの淫語手コキ抜き,DJSG-091 癒しの淫語手コキ抜き,DJSG-091,,2013-08-05,141分鐘,,ジャネス,MANIA痴女,,淫語、女生、打手槍,多人,https://www.javbus.com/DJSG-091,
YLW-4100 西麻布 セレブママ悶絶失禁マッサージ 妊娠覚悟の生中出し！,YLW-4100 西麻布 セレブママ悶絶失禁マッサージ 妊娠覚悟の生中出し！,YLW-4100,,2013-07-30,180分鐘,大野祐一,MellowMoon,YellowMoon,,成熟的女人、已婚婦女、中出、按摩,多人,https://www.javbus.com/YLW-4100,
DJSR-019 レズエステティシャン 舐め合いオイルマッサージ,DJSR-019 レズエステティシャン 舐め合いオイルマッサージ,DJSR-019,,2013-07-25,122分鐘,秀吉,ジャネス,ladies,,女同性戀、美容院、按摩、手指插入,多人,https://www.javbus.com/DJSR-019,
JUSD-498 救いのない場所で犯され鬼畜調教される美熟女8時間,JUSD-498 救いのない場所で犯され鬼畜調教される美熟女8時間,JUSD-498,,2013-07-21,478分鐘,,マドンナ,Madonna,,成熟的女人、合集、監禁、數位馬賽克、性奴、凌辱、DMM獨家,多人,https://www.javbus.com/JUSD-498,
OPUD-144 女装娘リンチ3時間SPECIAL ～童貞狩り・金蹴り・放尿・アナル責め調教～ 波多野結衣 大槻ひびき,OPUD-144 女装娘リンチ3時間SPECIAL ～童貞狩り・金蹴り・放尿・アナル責め調教～ 波多野結衣 大槻ひびき,OPUD-144,,2013-07-21,193分鐘,ドラゴン西川,オペラ,OPERA,,蕩婦、高畫質、女裝人妖、DMM獨家,多人,https://www.javbus.com/OPUD-144,
JAMC-005 グッチョリま○こに極太ディルド高速ピストンオナニー,JAMC-005 グッチョリま○こに極太ディルド高速ピストンオナニー,JAMC-005,,2013-07-15,145分鐘,,スタイルアート/妄想族,スタイルアートjam/妄想族,,玩具、DMM獨家、自慰,多人,https://www.javbus.com/JAMC-005,
ASFB-044 絶頂爆イキ！マニアック手コキSP 4時間,ASFB-044 絶頂爆イキ！マニアック手コキSP 4時間,ASFB-044,,2013-07-15,243分鐘,,FetishBox/妄想族,FetishBox/妄想族,,其他戀物癖、合集、DMM獨家、打手槍,多人,https://www.javbus.com/ASFB-044,
NATR-246 拘束強制フェラ！ 狙われた人妻たち！！,NATR-246 拘束強制フェラ！ 狙われた人妻たち！！,NATR-246,,2013-07-12,126分鐘,,なでしこ,Nadeshiko,,強姦、口交、其他戀物癖、已婚婦女、拘束,多人,https://www.javbus.com/NATR-246,
AUKG-185 レズ風俗にハマる女たち ～Lesbian Girls Club～,AUKG-185 レズ風俗にハマる女たち ～Lesbian Girls Club～,AUKG-185,,2013-07-12,116分鐘,,U＆K,U＆K,,蕩婦、女同性戀、妓女、女同接吻、巨乳、DMM獨家,多人,https://www.javbus.com/AUKG-185,
MBYD-164 溜池ゴロー下半期傑作集,MBYD-164 溜池ゴロー下半期傑作集,MBYD-164,,2013-07-11,478分鐘,,溜池ゴロー,溜池ゴロー,溜池ゴロー傑作集,合集、已婚婦女、數位馬賽克、出軌、DMM獨家,多人,https://www.javbus.com/MBYD-164,
MBYD-163 巨尻の人妻、美尻な人妻8時間,MBYD-163 巨尻の人妻、美尻な人妻8時間,MBYD-163,,2013-07-11,478分鐘,,溜池ゴロー,溜池ゴロー,,成熟的女人、合集、已婚婦女、新娘、年輕妻子、數位馬賽克、DMM獨家,多人,https://www.javbus.com/MBYD-163,
BF-254 誘惑ドキュメント スチュワーデスの女たち…4時間,BF-254 誘惑ドキュメント スチュワーデスの女たち…4時間,BF-254,,2013-07-04,238分鐘,,BeFree,BeFree,,第一人稱攝影、合集、空中小姐、纪录片、DMM獨家,多人,https://www.javbus.com/BF-254,
C-1766 潜入！！人妻専門耳かき店 16,C-1766 潜入！！人妻専門耳かき店 16,C-1766,,2013-06-29,123分鐘,,ゴーゴーズ,GoGo’sCore,潜入！！人妻専門耳かき店,和服・喪服、已婚婦女、偷窥,多人,https://www.javbus.com/C-1766,
ASFB-043 ベラ噛み じゅるじゅると絡み合う舌 DX 4時間,ASFB-043 ベラ噛み じゅるじゅると絡み合う舌 DX 4時間,ASFB-043,,2013-06-28,242分鐘,,FetishBox/妄想族,FetishBox/妄想族,ベラ噛み,企畫、其他戀物癖、合集、DMM獨家,多人,https://www.javbus.com/ASFB-043,
DJSG-088 THE 口撃 淫語フェラチオ,DJSG-088 THE 口撃 淫語フェラチオ,DJSG-088,,2013-06-25,122分鐘,,ジャネス,MANIA痴女,,蕩婦、口交、淫語,多人,https://www.javbus.com/DJSG-088,
FSET-430 嫁の居ぬ間に○○しちゃった俺 4,FSET-430 嫁の居ぬ間に○○しちゃった俺 4,FSET-430,,2013-06-23,200分鐘,FSET,アキノリ,AKNR,嫁の居ぬ間に○○しちゃった俺,企畫、已婚婦女、女上位、手指插入、高畫質,多人,https://www.javbus.com/FSET-430,
BIB-075 荒淫美ッ痴ハメ狂い大乱交スペシャル8時間2,BIB-075 荒淫美ッ痴ハメ狂い大乱交スペシャル8時間2,BIB-075,,2013-06-22,478分鐘,,美,美,荒淫美ッ痴ハメ狂い大乱交スペシャル,蕩婦、濫交、淫語、DMM獨家,多人,https://www.javbus.com/BIB-075,
JUSD-491 2012年マドンナ全313タイトル12時間,JUSD-491 2012年マドンナ全313タイトル12時間,JUSD-491,,2013-06-22,718分鐘,,マドンナ,Madonna,○○年マドンナ全タイトル,成熟的女人、母親、合集、已婚婦女、數位馬賽克、DMM獨家,多人,https://www.javbus.com/JUSD-491,
JAMD-032 ボンデージ痴女ペニバン脳内射精！アナルオーガズム,JAMD-032 ボンデージ痴女ペニバン脳内射精！アナルオーガズム,JAMD-032,,2013-06-16,140分鐘,,スタイルアート/妄想族,スタイルアートjam/妄想族,,蕩婦、性奴、緊縛、DMM獨家、肛交,多人,https://www.javbus.com/JAMD-032,
DSMG-046 Boots ボンデージ DE 病みつき手コキ性感 3,DSMG-046 Boots ボンデージ DE 病みつき手コキ性感 3,DSMG-046,,2013-06-15,88分鐘,,ジャネス,BS,BootsボンデージDE病みつき手コキ性感,玩具、放尿、性奴、顏面騎乘、緊縛、打手槍,多人,https://www.javbus.com/DSMG-046,
REAL-463 Mr.ダンディのありえないくらい濃厚な一発大量顔射30人4時間,REAL-463 Mr.ダンディのありえないくらい濃厚な一発大量顔射30人4時間,REAL-463,,2013-06-14,236分鐘,中山A太郎,レアルワークス,REAL（レアルワークス）,,美少女、主觀視角、顏射,多人,https://www.javbus.com/REAL-463,
AUKG-181 巷で噂のレズビアンデリバリーヘルス 2,AUKG-181 巷で噂のレズビアンデリバリーヘルス 2,AUKG-181,,2013-06-10,118分鐘,,U＆K,U＆K,巷で噂のレズビアンデリバリーヘルス,女同性戀、妓女、女同接吻、主觀視角、高畫質、巨乳、DMM獨家,多人,https://www.javbus.com/AUKG-181,
SMA-683 御奉仕淫語で手コキ射精,SMA-683 御奉仕淫語で手コキ射精,SMA-683,,2013-06-10,120分鐘,,マルクス兄弟,MARXBrothersco.,,淫語、DVD多士爐、DMM獨家、打手槍,多人,https://www.javbus.com/SMA-683,
DMOW-032 噛みつき,DMOW-032 噛みつき,DMOW-032,,2013-06-10,112分鐘,96★,OFFICEK’S,mow,,其他戀物癖、多P、校服,多人,https://www.javbus.com/DMOW-032,
NHDTA-385 大嫌いな義父に抱かれるために自ら媚薬を飲んだ人妻,NHDTA-385 大嫌いな義父に抱かれるために自ら媚薬を飲んだ人妻,NHDTA-385,,2013-06-09,168分鐘,レモンハート中島,ナチュラルハイ,NATURALHIGH,自ら媚薬を飲んだ人妻,藥物、亂倫、已婚婦女,多人,https://www.javbus.com/NHDTA-385,
BF-249 暴発×興奮×快感 中出しドキュメント4時間,BF-249 暴発×興奮×快感 中出しドキュメント4時間,BF-249,,2013-06-06,238分鐘,,BeFree,BeFree,,各種職業、纪录片、中出、DMM獨家,多人,https://www.javbus.com/BF-249,
DMBI-011 性豪S女の絶倫SEX 2,DMBI-011 性豪S女の絶倫SEX 2,DMBI-011,,2013-06-05,122分鐘,,ジャネス,MAZOBOYSCLUB,性豪S女の絶倫SEX,蕩婦、連褲襪、女上位,多人,https://www.javbus.com/DMBI-011,
LES-011 純愛レズビアン ON LIVE 11,LES-011 純愛レズビアン ON LIVE 11,LES-011,,2013-05-31,119分鐘,,ピエロ,aini,純愛レズビアン,女同性戀、舔陰,多人,https://www.javbus.com/LES-011,
ASFB-039 狂おしいほどオナニーしたい 2,ASFB-039 狂おしいほどオナニーしたい 2,ASFB-039,,2013-05-31,242分鐘,,FetishBox/妄想族,FetishBox/妄想族,狂おしいほどオナニーしたい,其他戀物癖、合集、DMM獨家、自慰,多人,https://www.javbus.com/ASFB-039,
NHDTA-378 図書館で声も出せず糸引くほど愛液が溢れ出す敏感娘 レズスペシャル,NHDTA-378 図書館で声も出せず糸引くほど愛液が溢れ出す敏感娘 レズスペシャル,NHDTA-378,,2013-05-25,240分鐘,イタカ・スミスリンパウダー,ナチュラルハイ,NATURALHIGH,図書館で声も出せず糸引くほど愛液が溢れ出す敏感娘,企畫、女同性戀、舔陰、女優按摩棒、高中女生,多人,https://www.javbus.com/NHDTA-378,
JUSD-486 アナタ助けて！夫の留守に自宅で犯された人妻8時間,JUSD-486 アナタ助けて！夫の留守に自宅で犯された人妻8時間,JUSD-486,,2013-05-19,478分鐘,,マドンナ,Madonna,,成熟的女人、合集、已婚婦女、數位馬賽克、凌辱、4小時以上作品、出軌、DMM獨家,多人,https://www.javbus.com/JUSD-486,
SLBA-023 波多野結衣 レズ コンプリート4時間,SLBA-023 波多野結衣 レズ コンプリート4時間,SLBA-023,,2013-05-17,231分鐘,,スタイルアート/妄想族,スタイルアートLOVEBETES/妄想族,レズコンプリート,女同性戀、合集、舔陰、女同接吻、DMM獨家,多人,https://www.javbus.com/SLBA-023,
ASFB-038 寸止め焦らしで大暴発スペシャル VOL.2,ASFB-038 寸止め焦らしで大暴発スペシャル VOL.2,ASFB-038,,2013-05-17,242分鐘,,FetishBox/妄想族,FetishBox/妄想族,寸止め焦らしで大暴発スペシャル,蕩婦、其他戀物癖、合集、DMM獨家、打手槍,多人,https://www.javbus.com/ASFB-038,
JAMD-031 ボンデージ女王様 上から目線での強制寸止め手コキがスゴいんです！,JAMD-031 ボンデージ女王様 上から目線での強制寸止め手コキがスゴいんです！,JAMD-031,,2013-05-17,198分鐘,,スタイルアート/妄想族,スタイルアートjam/妄想族,,性奴、緊縛、DMM獨家、打手槍,多人,https://www.javbus.com/JAMD-031,
KISD-072 kira★kira SPECIAL 特命派遣★ギャル社員 ～オフィスに潜むS-BODY GALS～ 波多野結衣 愛乃なみ 北川エリカ AIKA,KISD-072 kira★kira SPECIAL 特命派遣★ギャル社員 ～オフィスに潜むS-BODY GALS～ 波多野結衣 愛乃なみ 北川エリカ AIKA,KISD-072,,2013-05-16,158分鐘,,kira☆kira,kira☆kira,kira☆kiraSPECIAL,蕩婦、OL、多P、高畫質、巨乳、DMM獨家、女生,多人,https://www.javbus.com/KISD-072,
SMA-678 女はみんな角マンオナニスト,SMA-678 女はみんな角マンオナニスト,SMA-678,,2013-05-13,121分鐘,,マルクス兄弟,MARXBrothersco.,,OL、各種職業、已婚婦女、制服、DVD多士爐、DMM獨家、自慰,多人,https://www.javbus.com/SMA-678,
HERY-021 某私立校でウワサになった女教師とJKの濃厚種付け（裏）性交4時間いいとこどり,HERY-021 某私立校でウワサになった女教師とJKの濃厚種付け（裏）性交4時間いいとこどり,HERY-021,,2013-05-12,240分鐘,魯山神,HERO,イエロー（HERO）,某私立校でウワサになった女教師とJKの濃厚種付け,女教師、潮吹、中出、高中女生、DMM獨家、顏射,多人,https://www.javbus.com/HERY-021,
SW-178 男を我慢していた隣の未亡人は超敏感になって僕の指一本で簡単に堕ちた,SW-178 男を我慢していた隣の未亡人は超敏感になって僕の指一本で簡単に堕ちた,SW-178,,2013-05-11,123分鐘,山城猛,SWITCH,SWITCH（SWITCH）,,企畫、寡婦、手指插入、DVD多士爐、高畫質,多人,https://www.javbus.com/SW-178,
DANDY-328 「仕事中に尿意を我慢できず会社の死角で隠れションする お尻丸出しインテリOLはヤられても拒めない」 VOL.3,DANDY-328 「仕事中に尿意を我慢できず会社の死角で隠れションする お尻丸出しインテリOLはヤられても拒めない」 VOL.3,DANDY-328,,2013-05-11,239分鐘,ダンディよしの,DANDY,DANDY,お尻丸出しインテリOLはヤられても拒めない,企畫、屁股、4小時以上作品、高畫質,多人,https://www.javbus.com/DANDY-328,
SDMT-906 触手アクメ 13,SDMT-906 触手アクメ 13,SDMT-906,,2013-05-11,100分鐘,石川欣,SODクリエイト,SODクリエイト,触手アクメ,企畫、高畫質、觸手,多人,https://www.javbus.com/SDMT-906,
MBYD-159 最後までしゃぶらせて！ 射精寸前の一番気持ちいいフェラチオ4時間,MBYD-159 最後までしゃぶらせて！ 射精寸前の一番気持ちいいフェラチオ4時間,MBYD-159,,2013-05-11,238分鐘,,溜池ゴロー,溜池ゴロー,,成熟的女人、口交、合集、已婚婦女、數位馬賽克、DMM獨家,多人,https://www.javbus.com/MBYD-159,
YLW-4067 ドスケベ美人妻たちのセンズリ鑑賞 勃起チンポを欲しがる美妻たち,YLW-4067 ドスケベ美人妻たちのセンズリ鑑賞 勃起チンポを欲しがる美妻たち,YLW-4067,,2013-05-10,119分鐘,三島六三郎,MellowMoon,YellowMoon,,成熟的女人、其他戀物癖、已婚婦女,多人,https://www.javbus.com/YLW-4067,
DKYE-45 ...＆ Labia 過激着エロゲリラ 4,DKYE-45 ...＆ Labia 過激着エロゲリラ 4,DKYE-45,,2013-05-05,101分鐘,,ジャネス,究極,...＆Labia過激着エロゲリラ,其他戀物癖、緊身衣、猥褻穿著、局部特寫,多人,https://www.javbus.com/DKYE-45,
BF-244 BEST OF BeFree 2012 36タイトル完全complete8時間,BF-244 BEST OF BeFree 2012 36タイトル完全complete8時間,BF-244,,2013-05-03,480分鐘,,BeFree,BeFree,,合集、纪录片、DMM獨家,多人,https://www.javbus.com/BF-244,
DOKS-243 巨尻ピストンディルドオナニー,DOKS-243 巨尻ピストンディルドオナニー,DOKS-243,,2013-05-01,97分鐘,三島六三郎,OFFICEK’S,OFFICEK’S,,玩具、屁股、姐姐、自慰,多人,https://www.javbus.com/DOKS-243,
MIAD-617 バックファイヤー2 四つん這いの体勢からシッポのように出たチ○ポ,MIAD-617 バックファイヤー2 四つん這いの体勢からシッポのように出たチ○ポ,MIAD-617,,2013-05-01,230分鐘,ドラゴン西川,ムーディーズ,MOODYZACID,バックファイヤー,其他戀物癖、淫語、數位馬賽克、羞恥、高畫質、DMM獨家、打手槍,多人,https://www.javbus.com/MIAD-617,
AUKG-174 Lesbian Venus ～リアルレズドキュメント～,AUKG-174 Lesbian Venus ～リアルレズドキュメント～,AUKG-174,,2013-04-26,121分鐘,,U＆K,U＆K,,女同性戀、姐姐、美少女、乳房、女同接吻、高畫質、DMM獨家,多人,https://www.javbus.com/AUKG-174,
KUF-13046 へそ掃除,KUF-13046 へそ掃除,KUF-13046,,2013-04-25,178分鐘,,KEU,,,,多人,https://www.javbus.com/KUF-13046,
PSSD-284 「主観×淫語×美人奥様」SP2,PSSD-284 「主観×淫語×美人奥様」SP2,PSSD-284,,2013-04-23,235分鐘,,アウダースジャパン,AUDAZ,主観×淫語×○○,成熟的女人、合集、淫語、已婚婦女、主觀視角,多人,https://www.javbus.com/PSSD-284,
RCT-484 女子アナHなハプニング映像8連発 超過激お宝ハプニング編,RCT-484 女子アナHなハプニング映像8連発 超過激お宝ハプニング編,RCT-484,,2013-04-23,213分鐘,ささきうずまき,ROCKET,ROCKET,女子アナHなハプニング映像,蕩婦、女同性戀、中出、高畫質、女主播,多人,https://www.javbus.com/RCT-484,
SMA-673 パンチラお姉さんの誘惑,SMA-673 パンチラお姉さんの誘惑,SMA-673,,2013-04-21,121分鐘,,マルクス兄弟,MARXBrothersco.,,蕩婦、姐姐、DVD多士爐、內衣、DMM獨家,多人,https://www.javbus.com/SMA-673,
BIB-072 美2012年下半期総集編8時間,BIB-072 美2012年下半期総集編8時間,BIB-072,,2013-04-20,478分鐘,,美,美,美○半期総集編,蕩婦、合集、DMM獨家,多人,https://www.javbus.com/BIB-072,
MILD-835 カリスマアイドルたちにタップリ生中出しBEST 8時間スペシャル 2,MILD-835 カリスマアイドルたちにタップリ生中出しBEST 8時間スペシャル 2,MILD-835,,2013-04-17,472分鐘,呉山A太郎,ケイ・エム・プロデュース,million（ミリオン）,,合集、中出、4小時以上作品,多人,https://www.javbus.com/MILD-835,
MILD-836 寝起き襲撃 スーパーアイドル12人 4時間,MILD-836 寝起き襲撃 スーパーアイドル12人 4時間,MILD-836,,2013-04-17,224分鐘,八川A太郎,ケイ・エム・プロデュース,million（ミリオン）,アイドル寝起き襲撃,偶像藝人、中出、4小時以上作品、顏射,多人,https://www.javbus.com/MILD-836,
HYAZ-052 パンスト パラダイス 2,HYAZ-052 パンスト パラダイス 2,HYAZ-052,,2013-04-15,129分鐘,N,ジャネス,Fetishパンスト,パンストパラダイス,連褲襪、姐姐,多人,https://www.javbus.com/HYAZ-052,
PAF-006 魅惑の淫語回春エステサロン VOL.01,PAF-006 魅惑の淫語回春エステサロン VOL.01,PAF-006,,2013-04-14,149分鐘,高円寺☆ゴロー,AVScollector’s,Paraphilia,魅惑の淫語回春エステサロン,淫語、連褲襪、美容院、DMM獨家、打手槍,多人,https://www.javbus.com/PAF-006,
VENU-330 近親相姦 ノーパン義母 総集編 4時間,VENU-330 近親相姦 ノーパン義母 総集編 4時間,VENU-330,,2013-04-14,243分鐘,,VENUS,女神（ヴィーナス）,近親相姦（VENUS）,成熟的女人、合集、亂倫、已婚婦女、屁股、婆婆、DMM獨家,多人,https://www.javbus.com/VENU-330,
AUKG-169 先生と私～純真レズビアン～ 波多野結衣 松下ひかり,AUKG-169 先生と私～純真レズビアン～ 波多野結衣 松下ひかり,AUKG-169,,2013-04-08,123分鐘,,U＆K,U＆K,先生と私,女同性戀、女教師、女同接吻、高畫質、高中女生、巨乳、DMM獨家,多人,https://www.javbus.com/AUKG-169,
KAGS-028 人妻おまんこ指オナニー 締まった濡れマ○コがヌチャヌチャして刺激するとイキ出す人妻 2,KAGS-028 人妻おまんこ指オナニー 締まった濡れマ○コがヌチャヌチャして刺激するとイキ出す人妻 2,KAGS-028,,2013-04-08,120分鐘,石川出水,AFRO-FILM,赫夜姫映像,人妻おまんこ指オナニー,已婚婦女、手指插入、自慰,多人,https://www.javbus.com/KAGS-028,
SDMT-901 射精公衆便女 催眠凌辱オフィス 波多野結衣 眞木あずさ 瀬名あゆむ,SDMT-901 射精公衆便女 催眠凌辱オフィス 波多野結衣 眞木あずさ 瀬名あゆむ,SDMT-901,,2013-04-07,161分鐘,Keita★No.1,SODクリエイト,SODクリエイト,射精公衆便女,OL、放尿、性奴、凌辱、催眠、高畫質,多人,https://www.javbus.com/SDMT-901,
LADYA-009 女好きの女 波多野結衣 藤北彩香,LADYA-009 女好きの女 波多野結衣 藤北彩香,LADYA-009,,2013-04-07,122分鐘,二村ヒトシ,LADY×LADY,LADY×LADY,女好きの女,女同性戀、女同接吻、DVD多士爐、高畫質,多人,https://www.javbus.com/LADYA-009,
DJSF-142 美熟女センズリ鑑賞 15 ～チ○ポを見たくて仕方がない美熟女たち～,DJSF-142 美熟女センズリ鑑賞 15 ～チ○ポを見たくて仕方がない美熟女たち～,DJSF-142,,2013-04-05,106分鐘,,ジャネス,艶女,美熟女センズリ鑑賞,成熟的女人、其他戀物癖、手指插入,多人,https://www.javbus.com/DJSF-142,
DSMM-012 女王様バイブル M奴隷アナル拡張計画 DX 2 4時間,DSMM-012 女王様バイブル M奴隷アナル拡張計画 DX 2 4時間,DSMM-012,,2013-04-05,242分鐘,,ジャネス,BS,女王様バイブルM奴隷アナル拡張計画,SM、性奴、肛交,多人,https://www.javbus.com/DSMM-012,
ATAD-093 夫の目の前で犯されて-完全保存版004,ATAD-093 夫の目の前で犯されて-完全保存版004,ATAD-093,,2013-04-04,1280分鐘,,アタッカーズ,アタッカーズアンソロジー,夫の目の前で犯されて,強姦、合集、已婚婦女、凌辱、4小時以上作品、出軌、DMM獨家,多人,https://www.javbus.com/ATAD-093,
OOMN-059 近親相姦 息子とお風呂で許されざる関係 大全集4時間,OOMN-059 近親相姦 息子とお風呂で許されざる関係 大全集4時間,OOMN-059,,2013-03-29,241分鐘,,ABC/妄想族,お母さん.com/ABC,美熟女プレイ集,成熟的女人、母親、合集、亂倫、已婚婦女、DMM獨家,多人,https://www.javbus.com/OOMN-059,
OKAE-012 美熟女が魅せる！ デカチン丸呑みフェラ eXtraデジタルモザイク,OKAE-012 美熟女が魅せる！ デカチン丸呑みフェラ eXtraデジタルモザイク,OKAE-012,,2013-03-29,105分鐘,,ex,お母さん.com,リアル熟女ドキュメント,成熟的女人、母親、口交、其他戀物癖、已婚婦女、DMM獨家,多人,https://www.javbus.com/OKAE-012,
ATFB-144 M性感 男の潮吹きマッサージサロン,ATFB-144 M性感 男の潮吹きマッサージサロン,ATFB-144,,2013-03-29,103分鐘,,FetishBox/妄想族,FetishBox/妄想族,,乳交、其他戀物癖、乳液、按摩、DMM獨家,多人,https://www.javbus.com/ATFB-144,
DSKM-051 オイルエステで感じすぎて大量お漏らししちゃった女性客に生中出し！！,DSKM-051 オイルエステで感じすぎて大量お漏らししちゃった女性客に生中出し！！,DSKM-051,,2013-03-26,155分鐘,,OFFICEK’S,すきま（ERECT）,,放尿、中出、美容院、按摩、DVD多士爐,多人,https://www.javbus.com/DSKM-051,
DJSG-083 激しく責められて潮を吹いちゃったボク,DJSG-083 激しく責められて潮を吹いちゃったボク,DJSG-083,,2013-03-25,102分鐘,,ジャネス,MANIA痴女,,蕩婦、口交、打手槍,多人,https://www.javbus.com/DJSG-083,
MESS-025 女子2名でラブホに泊まれたよ 波多野結衣 中島のりあ,MESS-025 女子2名でラブホに泊まれたよ 波多野結衣 中島のりあ,MESS-025,,2013-03-21,121分鐘,三島六三郎,タカラ映像,の～まん,,女同性戀、69、舔陰、高畫質,多人,https://www.javbus.com/MESS-025,
OBSE-005 総決算！お母さん.com 人気企画厳選ベスト 4時間,OBSE-005 総決算！お母さん.com 人気企画厳選ベスト 4時間,OBSE-005,,2013-03-15,240分鐘,,ex,お母さん.com,人気企画厳選ベスト,成熟的女人、母親、乳交、合集、亂倫、DMM獨家、打手槍,多人,https://www.javbus.com/OBSE-005,
AUKG-164 レズビアンラヴァーズ II,AUKG-164 レズビアンラヴァーズ II,AUKG-164,,2013-03-09,121分鐘,,U＆K,U＆K,レズビアンラヴァーズ,女同性戀、姐姐、舔陰、女同接吻、高畫質、巨乳、DMM獨家,多人,https://www.javbus.com/AUKG-164,
RDD-140 今まで見た事もない程の巨根チ○ポを偶然見かけた温泉宿で働く真面目女は、興奮を抑えられずに…,RDD-140 今まで見た事もない程の巨根チ○ポを偶然見かけた温泉宿で働く真面目女は、興奮を抑えられずに…,RDD-140,,2013-03-09,122分鐘,,プレステージ,REALDOCUMENT,,和服・喪服、各種職業、69,多人,https://www.javbus.com/RDD-140,
MBYD-155 溜池ゴロー2012年下半期総集編全48タイトル8時間,MBYD-155 溜池ゴロー2012年下半期総集編全48タイトル8時間,MBYD-155,,2013-03-08,478分鐘,,溜池ゴロー,溜池ゴロー,溜池ゴロー○年○半期,成熟的女人、合集、新娘、年輕妻子、數位馬賽克、DMM獨家,多人,https://www.javbus.com/MBYD-155,
SDDE-306 性欲処理専門 セックス外来医院 5,SDDE-306 性欲処理専門 セックス外来医院 5,SDDE-306,,2013-03-07,154分鐘,木村真也,SODクリエイト,SENZ,性欲処理専門セックス外来医院,企畫、护士、潮吹、高畫質,多人,https://www.javbus.com/SDDE-306,
FSET-414 嫁の妹の腋に発情してしまった俺,FSET-414 嫁の妹の腋に発情してしまった俺,FSET-414,,2013-03-07,168分鐘,アキノリ,アキノリ,AKNR,○○の腋に発情してしまった俺,企畫、其他戀物癖、已婚婦女、高畫質、高中女生,多人,https://www.javbus.com/FSET-414,
DMBL-001 The Room 「W」 羨望のM男ハーレムへようこそ 有村千佳 波多野結衣,DMBL-001 The Room 「W」 羨望のM男ハーレムへようこそ 有村千佳 波多野結衣,DMBL-001,,2013-03-05,103分鐘,,ジャネス,MAZOBOYSCLUB,TheRoom「W」羨望のM男ハーレムへようこそ,玩具、多P、顏面騎乘、肛交、打手槍,多人,https://www.javbus.com/DMBL-001,
HYAZ-049 パンストつま先足裏フェチズム 3,HYAZ-049 パンストつま先足裏フェチズム 3,HYAZ-049,,2013-03-05,140分鐘,N,ジャネス,Fetishパンスト,パンストつま先足裏フェチズム,其他戀物癖、淫語、連褲襪、戀腿癖,多人,https://www.javbus.com/HYAZ-049,
CYAN-001 レズビアンの姑に言い寄られ戸惑いを隠しきれない嫁 波多野結衣 大澤ゆかり,CYAN-001 レズビアンの姑に言い寄られ戸惑いを隠しきれない嫁 波多野結衣 大澤ゆかり,CYAN-001,,2013-03-05,116分鐘,TANAKA,ジャネス,ladies,レズビアンの姑に言い寄られ戸惑いを隠しきれない嫁,玩具、女同性戀、已婚婦女,多人,https://www.javbus.com/CYAN-001,
OKAE-009 奥さまの匂い立つランジェリー生着替え 普段使いのブラ・パンティー・パンスト達,OKAE-009 奥さまの匂い立つランジェリー生着替え 普段使いのブラ・パンティー・パンスト達,OKAE-009,,2013-02-24,84分鐘,,ex,お母さん.com,リアル熟女ドキュメント,成熟的女人、母親、其他戀物癖、內衣、巨乳、DMM獨家,多人,https://www.javbus.com/OKAE-009,
IENE-227 IENERGY！服従レイプ作品集,IENE-227 IENERGY！服従レイプ作品集,IENE-227,,2013-02-24,239分鐘,,アイエナジー,IENERGY！,アイエナジー作品集,強姦、合集、新娘、年輕妻子、4小時以上作品、高畫質,多人,https://www.javbus.com/IENE-227,
NHDTA-347 夫婦で営む職場で犯され喘いでるのを旦那にバレても自ら腰を振り続けた倦怠期妻,NHDTA-347 夫婦で営む職場で犯され喘いでるのを旦那にバレても自ら腰を振り続けた倦怠期妻,NHDTA-347,,2013-02-24,183分鐘,ジャケン小玉,ナチュラルハイ,NATURALHIGH,,企畫、各種職業、已婚婦女、出軌,多人,https://www.javbus.com/NHDTA-347,
JUSD-469 美熟女レイプ 見るも無惨に犯された熟れ肉 40人8時間,JUSD-469 美熟女レイプ 見るも無惨に犯された熟れ肉 40人8時間,JUSD-469,,2013-02-17,478分鐘,,マドンナ,Madonna,,成熟的女人、強姦、合集、已婚婦女、數位馬賽克、凌辱、DMM獨家,多人,https://www.javbus.com/JUSD-469,
DKYF-22 Temptation 危ない前貼りDANCE maika 波多野結衣,DKYF-22 Temptation 危ない前貼りDANCE maika 波多野結衣,DKYF-22,,2013-02-15,85分鐘,AKIRA,ジャネス,究極,Temptation危ない前貼りDANCE,其他戀物癖、跳舞、校服,多人,https://www.javbus.com/DKYF-22,
YUYU-019 S級レズビアンII,YUYU-019 S級レズビアンII,YUYU-019,,2013-02-11,241分鐘,,ゆり★ゆり,ゆり★ゆり,S級レズビアン,成熟的女人、女同性戀、潮吹、女同接吻、高中女生、DMM獨家,多人,https://www.javbus.com/YUYU-019,
ATFB-138 ベラ噛み4 じゅるじゅると絡み合う舌,ATFB-138 ベラ噛み4 じゅるじゅると絡み合う舌,ATFB-138,,2013-02-11,102分鐘,,FetishBox/妄想族,FetishBox/妄想族,ベラ噛み,蕩婦、其他戀物癖,多人,https://www.javbus.com/ATFB-138,
SW-160 二周年ありがとう720分 メガ盛りスイッチ,SW-160 二周年ありがとう720分 メガ盛りスイッチ,SW-160,,2013-02-10,721分鐘,,SWITCH,SWITCH（SWITCH）,○周年ありがとう,合集、4小時以上作品、巨乳,多人,https://www.javbus.com/SW-160,
FSET-409 先輩OLに何度も強制射精され赤玉を献上したお話,FSET-409 先輩OLに何度も強制射精され赤玉を献上したお話,FSET-409,,2013-02-10,164分鐘,ティッシュマン,アキノリ,AKNR,,企畫、OL、數位馬賽克、高畫質,多人,https://www.javbus.com/FSET-409,
SDDE-303 中出し母子性交セミナー 2 性教育実践スペシャル,SDDE-303 中出し母子性交セミナー 2 性教育実践スペシャル,SDDE-303,,2013-02-10,132分鐘,オフィス上西,SODクリエイト,SENZ,中出し母子性交セミナー,母親、亂倫、中出、高畫質,多人,https://www.javbus.com/SDDE-303,
ANND-126 女だけの密着エロ肌グチョ濡れ求愛エクスタシー,ANND-126 女だけの密着エロ肌グチョ濡れ求愛エクスタシー,ANND-126,,2013-02-10,119分鐘,小野寺マサル,アンナと花子,アンナと花子,,女同性戀、舔陰、DVD多士爐、高畫質、巨乳、DMM獨家,多人,https://www.javbus.com/ANND-126,
SW-157 混浴露天風呂に夫婦で来ている若妻の桃尻に湯槽の下で勃起チ○ポを擦りつけたら…,SW-157 混浴露天風呂に夫婦で来ている若妻の桃尻に湯槽の下で勃起チ○ポを擦りつけたら…,SW-157,,2013-02-10,120分鐘,キャプテン☆ソータマーケット,SWITCH,SWITCH（SWITCH）,,已婚婦女、新娘、年輕妻子、通姦、DVD多士爐,多人,https://www.javbus.com/SW-157,
RKI-240 ど・淫乱 ど・すけべ ど・変態 心の底からエロオーラ全開SEX16時間,RKI-240 ど・淫乱 ど・すけべ ど・変態 心の底からエロオーラ全開SEX16時間,RKI-240,,2013-02-10,958分鐘,,ROOKIE,ROOKIE,,合集、中出、DMM獨家,多人,https://www.javbus.com/RKI-240,
AUKG-160 IMMORAL～ギャルと先生～ 波多野結衣 瀬名あゆむ,AUKG-160 IMMORAL～ギャルと先生～ 波多野結衣 瀬名あゆむ,AUKG-160,,2013-02-08,134分鐘,,U＆K,U＆K,,女同性戀、女教師、女同接吻、高畫質、高中女生、女生,多人,https://www.javbus.com/AUKG-160,
RDD-137 温泉宿で泥酔している女に失禁するほど愛撫し感じさせてみると…,RDD-137 温泉宿で泥酔している女に失禁するほど愛撫し感じさせてみると…,RDD-137,,2013-02-08,121分鐘,,プレステージ,REALDOCUMENT,,和服・喪服、爛醉如泥的,多人,https://www.javbus.com/RDD-137,
PTS-251 丸ノ内OL専門マッサージ治療院 16,PTS-251 丸ノ内OL専門マッサージ治療院 16,PTS-251,,2013-02-07,175分鐘,,ピーターズ,ピーターズ,OL専門丸ノ内マッサージ治療院,OL、偷窥、按摩、高畫質,多人,https://www.javbus.com/PTS-251,
GYAZ-087 激ピストン！ズッポリ！ディルドオナニー 2,GYAZ-087 激ピストン！ズッポリ！ディルドオナニー 2,GYAZ-087,,2013-02-05,112分鐘,BORDERZ,ジャネス,MANIAPlay,激ピストン！ズッポリ！ディルドオナニー,玩具、自慰,多人,https://www.javbus.com/GYAZ-087,
DMBA-144 ペニバン美人教師のアナル教育刺導,DMBA-144 ペニバン美人教師のアナル教育刺導,DMBA-144,,2013-01-30,101分鐘,,ジャネス,MAZOBOYSCLUB,,蕩婦、玩具、女教師、肛交,多人,https://www.javbus.com/DMBA-144,
OBSE-003 近親相姦 夜這い傑作選 4時間 32家族,OBSE-003 近親相姦 夜這い傑作選 4時間 32家族,OBSE-003,,2013-01-27,236分鐘,,ex,お母さん.com,リアル熟女ドキュメント,成熟的女人、母親、乳交、亂倫、DMM獨家、打手槍,多人,https://www.javbus.com/OBSE-003,
SAMA-626 カラダを売りにするS級素人 BEST 2,SAMA-626 カラダを売りにするS級素人 BEST 2,SAMA-626,,2013-01-24,224分鐘,杉ちゃん,S級素人,S級素人,カラダを売りにするS級素人,業餘、合集、各種職業、乳房、4小時以上作品,多人,https://www.javbus.com/SAMA-626,
HYAKU-020 100人8時間 AV女優厳選ベスト100,HYAKU-020 100人8時間 AV女優厳選ベスト100,HYAKU-020,,2013-01-24,475分鐘,奥山光輝,ケイ・エム・プロデュース,100人,100人8時間,合集、乳房、4小時以上作品、巨乳,多人,https://www.javbus.com/HYAKU-020,
DSKM-043 出張マッサージのお姉さんのミニスカパンチラで勃起しちゃった男性客と、チンポに興奮してパンティに物凄いシミを作っちゃったエステティシャン！,DSKM-043 出張マッサージのお姉さんのミニスカパンチラで勃起しちゃった男性客と、チンポに興奮してパンティに物凄いシミを作っちゃったエステティシャン！,DSKM-043,,2013-01-22,152分鐘,,OFFICEK’S,すきま,,各種職業、DVD多士爐、內衣、迷你裙,多人,https://www.javbus.com/DSKM-043,
BID-039 M男の欲望を全て叶えてくれる痴女集団,BID-039 M男の欲望を全て叶えてくれる痴女集団,BID-039,,2013-01-20,149分鐘,タイガー小堺,美,DELUXE,,蕩婦、姐姐、高畫質、DMM獨家,多人,https://www.javbus.com/BID-039,
KMON-001 欲求不満なAV志願人妻たちのセンズリ鑑賞,KMON-001 欲求不満なAV志願人妻たちのセンズリ鑑賞,KMON-001,,2013-01-17,146分鐘,,タカラ映像,花紋,欲求不満なAV志願人妻たちのセンズリ鑑賞,成熟的女人、口交、已婚婦女,多人,https://www.javbus.com/KMON-001,
TYOD-177 白目絶頂トライアングル同性愛 愛咲れいら 結城みさ 波多野結衣,TYOD-177 白目絶頂トライアングル同性愛 愛咲れいら 結城みさ 波多野結衣,TYOD-177,,2013-01-13,147分鐘,虎角,乱丸,乱丸,,女同性戀、潮吹、淫語、花癡、多P、數位馬賽克、高畫質、DMM獨家,多人,https://www.javbus.com/TYOD-177,
SW-152 息子の嫁さんのパンチラを見て欲情した俺は、家族にバレないように手を出したら、拒みながらも腰をすり寄せ挿入させてくれた,SW-152 息子の嫁さんのパンチラを見て欲情した俺は、家族にバレないように手を出したら、拒みながらも腰をすり寄せ挿入させてくれた,SW-152,,2013-01-06,120分鐘,よっちゃん,SWITCH,SWITCH（SWITCH）,,企畫、已婚婦女、DVD多士爐、高畫質、內衣,多人,https://www.javbus.com/SW-152,
DJDK-002 ギリエロ！下乳ダンサー！！（女子校生ver）,DJDK-002 ギリエロ！下乳ダンサー！！（女子校生ver）,DJDK-002,,2013-01-05,95分鐘,秀吉,ジャネス,DANCE,,其他戀物癖、跳舞、校服、高中女生、巨乳,多人,https://www.javbus.com/DJDK-002,
DJDK-001 Double Dancer 波多野結衣 Maika,DJDK-001 Double Dancer 波多野結衣 Maika,DJDK-001,,2013-01-05,87分鐘,秀吉,ジャネス,DANCE,DoubleDancer,女同性戀、連褲襪、跳舞,多人,https://www.javbus.com/DJDK-001,
OKAD-476 VERY BEST OF おかず。14 8時間 SPECIAL,OKAD-476 VERY BEST OF おかず。14 8時間 SPECIAL,OKAD-476,,2012-12-28,472分鐘,TODO,ケイ・エム・プロデュース,おかず。,VERYBESTOF,企畫、合集、中出、4小時以上作品,多人,https://www.javbus.com/OKAD-476,
SCOP-111 僕が童貞なのを知ってか知らずか、ノーブラで乳首ポッチになった胸をチラつかせてくる友達の母親。二人っきりになったのをいいことに僕の息子も可愛がってくれました。,SCOP-111 僕が童貞なのを知ってか知らずか、ノーブラで乳首ポッチになった胸をチラつかせてくる友達の母親。二人っきりになったのをいいことに僕の息子も可愛がってくれました。,SCOP-111,,2012-12-28,234分鐘,赤井彗星,スクープ,SCOOP（スクープ）,,業餘、新娘、年輕妻子、4小時以上作品、處男、巨乳,多人,https://www.javbus.com/SCOP-111,
DSMG-038 アナル調教しながら超高速寸止め手コキで発射した後も責め続ける女王様 2,DSMG-038 アナル調教しながら超高速寸止め手コキで発射した後も責め続ける女王様 2,DSMG-038,,2012-12-25,140分鐘,,ジャネス,BS,アナル調教しながら超高速寸止め手コキで発射した後も責め続ける女王様,SM、性奴、緊縛、打手槍,多人,https://www.javbus.com/DSMG-038,
EMAC-024 極選！巷で人気の熟女でございます！！DX 4時間,EMAC-024 極選！巷で人気の熟女でございます！！DX 4時間,EMAC-024,,2012-12-23,241分鐘,,DX/エマニエル,DX（エマニエル）,,成熟的女人、合集、多P,多人,https://www.javbus.com/EMAC-024,
BID-038 美4周年記念作品 淫乱痴女集団 6時間SPECIAL-極上のテクニックで責め続けるオンナ達-,BID-038 美4周年記念作品 淫乱痴女集団 6時間SPECIAL-極上のテクニックで責め続けるオンナ達-,BID-038,,2012-12-16,358分鐘,ザック荒井,美,DELUXE,,蕩婦、濫交、潮吹、淫語、姐姐、4小時以上作品、高畫質、DMM獨家,多人,https://www.javbus.com/BID-038,
AUKG-152 レズレッスン ～ベテラン女優によるカメラの前でレズ授業～,AUKG-152 レズレッスン ～ベテラン女優によるカメラの前でレズ授業～,AUKG-152,,2012-12-10,128分鐘,,U＆K,U＆K,,女同性戀、舔陰、手指插入、女同接吻、高畫質、巨乳,多人,https://www.javbus.com/AUKG-152,
SW-146 夢の近親相姦！年頃の姉貴達はミニスカパンチラで毎日勃起してしまう僕のチ○ポを家族に内緒で優しく面倒みてくれているのです,SW-146 夢の近親相姦！年頃の姉貴達はミニスカパンチラで毎日勃起してしまう僕のチ○ポを家族に内緒で優しく面倒みてくれているのです,SW-146,,2012-12-08,119分鐘,よっちゃん,SWITCH,SWITCH（SWITCH）,夢の近親相姦,企畫、亂倫、姐妹、高畫質、內衣、迷你裙,多人,https://www.javbus.com/SW-146,
SQTE-035 S-Cute Girls 友田彩也香 波多野結衣 愛原さえ,SQTE-035 S-Cute Girls 友田彩也香 波多野結衣 愛原さえ,SQTE-035,,2012-12-07,228分鐘,,S-Cute,S-Cute（S-Cute）,S-CuteGirls,美少女、乳房、高畫質、顏射,多人,https://www.javbus.com/SQTE-035,
BF-218 イキまくり潮吹き快感SEX BEST 41タイトル480分！！,BF-218 イキまくり潮吹き快感SEX BEST 41タイトル480分！！,BF-218,,2012-12-06,478分鐘,,BeFree,BeFree,,業餘、家教、潮吹、合集、各種職業、4小時以上作品、DMM獨家,多人,https://www.javbus.com/BF-218,
JUSD-453 美熟女の喉奥を犯しまくる！痛烈イラマチオ8時間,JUSD-453 美熟女の喉奥を犯しまくる！痛烈イラマチオ8時間,JUSD-453,,2012-12-06,478分鐘,,マドンナ,Madonna,,成熟的女人、合集、已婚婦女、數位馬賽克、深喉、凌辱、4小時以上作品、DMM獨家,多人,https://www.javbus.com/JUSD-453,
BDSCOP-002 SCOOPスペシャル 突然AV女優に勃起チ●コを見せつけたらどうなるのか！？大実験！Blu-ray Special,BDSCOP-002 SCOOPスペシャル 突然AV女優に勃起チ●コを見せつけたらどうなるのか！？大実験！Blu-ray Special,BDSCOP-002,,2012-12-04,238分鐘,U-TA,スクープ,SCOOP（スクープ）,,企畫、其他、高畫質,多人,https://www.javbus.com/BDSCOP-002,
OKAE-003 近親相姦 母性たっぷり看病手コキ,OKAE-003 近親相姦 母性たっぷり看病手コキ,OKAE-003,,2012-11-30,84分鐘,,ex,お母さん.com,リアル熟女ドキュメント,成熟的女人、母親、亂倫、巨乳、DMM獨家、打手槍,多人,https://www.javbus.com/OKAE-003,
PSSD-269 主観×淫語×熟クリエイターSP,PSSD-269 主観×淫語×熟クリエイターSP,PSSD-269,,2012-11-30,222分鐘,,アウダースジャパン,AUDAZ,主観×淫語×○○,蕩婦、成熟的女人、合集、淫語、主觀視角,多人,https://www.javbus.com/PSSD-269,
DSMJ-016 M男飼育W調教 14 Maika 波多野結衣,DSMJ-016 M男飼育W調教 14 Maika 波多野結衣,DSMJ-016,,2012-11-25,113分鐘,Madoromi,ジャネス,BS,M男飼育W調教,SM、多P、性奴,多人,https://www.javbus.com/DSMJ-016,
CYAZ-007 レズ レイプ RETURNS 7 Maika 波多野結衣,CYAZ-007 レズ レイプ RETURNS 7 Maika 波多野結衣,CYAZ-007,,2012-11-25,116分鐘,BAKU,ジャネス,ladies,レズレイプ,玩具、女同性戀、強姦,多人,https://www.javbus.com/CYAZ-007,
SCOP-100 婚活でようやく見つけた男にフラれそうになった女は必死の形相で男を食い止め、言う事をなんでも聞いてヤリまくる！！,SCOP-100 婚活でようやく見つけた男にフラれそうになった女は必死の形相で男を食い止め、言う事をなんでも聞いてヤリまくる！！,SCOP-100,,2012-11-23,229分鐘,赤井彗星,スクープ,SCOOP（スクープ）,,業餘、女上位、4小時以上作品,多人,https://www.javbus.com/SCOP-100,
NAGE-002 「孫の先生 清楚な女教師を虜にさせる愛撫の作法」,NAGE-002 「孫の先生 清楚な女教師を虜にさせる愛撫の作法」,NAGE-002,,2012-11-18,133分鐘,木村真也,SODクリエイト,NICEAGE,,企畫、女教師、美少女、高畫質,多人,https://www.javbus.com/NAGE-002,
HAVD-841 美しき大人のレズビアン 双頭バイブエクスタシー 有村千佳 波多野結衣,HAVD-841 美しき大人のレズビアン 双頭バイブエクスタシー 有村千佳 波多野結衣,HAVD-841,,2012-11-18,120分鐘,山城猛,ヒビノ,HIBINO,,女同性戀、羞恥、高畫質、按摩棒,多人,https://www.javbus.com/HAVD-841,
SCOP-061 痴漢されて無抵抗な女は喜んでいる！思わず感じてしまう美女を連続スクープ！心では拒絶していても、カラダは反応してしまう悲しい女の性！！,SCOP-061 痴漢されて無抵抗な女は喜んでいる！思わず感じてしまう美女を連続スクープ！心では拒絶していても、カラダは反応してしまう悲しい女の性！！,SCOP-061,,2012-11-07,218分鐘,紋℃,スクープ,SCOOP（スクープ）,,業餘、OL、性騷擾、妄想,多人,https://www.javbus.com/SCOP-061,
SW-140 彼氏を見舞いに来た女の無意識パンチラに勃起！気付いた女はカーテン越しの俺のチ○ポに尻をすり寄せた,SW-140 彼氏を見舞いに来た女の無意識パンチラに勃起！気付いた女はカーテン越しの俺のチ○ポに尻をすり寄せた,SW-140,,2012-11-06,120分鐘,よっちゃん,SWITCH,SWITCH（SWITCH）,,蕩婦、屁股、高畫質、內衣,多人,https://www.javbus.com/SW-140,
RCT-443 女子アナに顔射！×女子アナの穴に中出し 総集編5時間DX,RCT-443 女子アナに顔射！×女子アナの穴に中出し 総集編5時間DX,RCT-443,,2012-11-06,306分鐘,,ROCKET,ROCKET,女子アナに顔射！,合集、中出、高畫質、女主播、顏射、吞精,多人,https://www.javbus.com/RCT-443,
OKAS-115 近親相姦 母さんのお口はオマンコみたいだ…フェラチオでイク僕,OKAS-115 近親相姦 母さんのお口はオマンコみたいだ…フェラチオでイク僕,OKAS-115,,2012-10-31,121分鐘,,ex,お母さん.com,,母親、口交、亂倫,多人,https://www.javbus.com/OKAS-115,
AUKG-143 地下室で親友に犯されて ～壊れた愛情～ 波多野結衣 森ななこ,AUKG-143 地下室で親友に犯されて ～壊れた愛情～ 波多野結衣 森ななこ,AUKG-143,,2012-10-27,118分鐘,,U＆K,U＆K,地下室で親友に犯されて,女同性戀、強姦、監禁、女同接吻、高畫質、巨乳,多人,https://www.javbus.com/AUKG-143,
VENU-285 S級熟女 10,VENU-285 S級熟女 10,VENU-285,,2012-10-27,242分鐘,,VENUS,女神（ヴィーナス）,S級熟女（VENUS）,成熟的女人、合集、已婚婦女,多人,https://www.javbus.com/VENU-285,
RKI-212 ROOKIEが選んだS級女優の最高に美しいピンクマンコ,RKI-212 ROOKIEが選んだS級女優の最高に美しいピンクマンコ,RKI-212,,2012-10-14,958分鐘,,ROOKIE,ROOKIE,,口交、其他戀物癖、合集、DMM獨家、局部特寫,多人,https://www.javbus.com/RKI-212,
JUSD-439 2012年マドンナ上半期151タイトル8時間,JUSD-439 2012年マドンナ上半期151タイトル8時間,JUSD-439,,2012-09-21,478分鐘,,マドンナ,Madonna,マドンナ○半期,成熟的女人、母親、合集、已婚婦女、新娘、年輕妻子、數位馬賽克、4小時以上作品、DMM獨家,多人,https://www.javbus.com/JUSD-439,
DANDY-298 「『娘に手を出して欲しくなければ…』 温泉旅館のマッサージ師になりすまして 可愛い娘を引き換えに清楚なママにヤらせる」,DANDY-298 「『娘に手を出して欲しくなければ…』 温泉旅館のマッサージ師になりすまして 可愛い娘を引き換えに清楚なママにヤらせる」,DANDY-298,,2012-09-20,237分鐘,ダンディよしの,DANDY,DANDY,,企畫、美少女、4小時以上作品、按摩,多人,https://www.javbus.com/DANDY-298,
YUYU-012 わたしの好きな先生 波多野結衣 さとう遥希,YUYU-012 わたしの好きな先生 波多野結衣 さとう遥希,YUYU-012,,2012-09-17,86分鐘,TEAMR,ゆり★ゆり,ゆり★ゆり,,女同性戀、女教師、舔陰、學校作品、女同接吻、DMM獨家,多人,https://www.javbus.com/YUYU-012,
MIRD-115 MOODYZファン感謝祭 バコバコバスツアー2012 バコリンピックスペシャル！！,MIRD-115 MOODYZファン感謝祭 バコバコバスツアー2012 バコリンピックスペシャル！！,MIRD-115,,2012-09-13,477分鐘,モヒカル,ムーディーズ,MOODYZREAL,バコバコバスツアー,角色扮演、企畫、業餘、濫交、數位馬賽克、4小時以上作品、高畫質、泳裝、DMM獨家,多人,https://www.javbus.com/MIRD-115,
JUSD-436 じっとり汗ばむ美熟女20人の浴衣セックス8時間,JUSD-436 じっとり汗ばむ美熟女20人の浴衣セックス8時間,JUSD-436,,2012-09-06,478分鐘,,マドンナ,Madonna,,和服・喪服、成熟的女人、合集、已婚婦女、數位馬賽克、4小時以上作品、限時降價、DMM獨家,多人,https://www.javbus.com/JUSD-436,
SCOP-047 引きこもりニートの僕の元に親が呼んだ美人カウンセラーがやってきた。あまりにエロい格好と久しぶりの三次元の女を目にして僕は勃起が止まらない！恥ずかしながらも股間を必死にアピールしたら意外にも簡単にヤラ,SCOP-047 引きこもりニートの僕の元に親が呼んだ美人カウンセラーがやってきた。あまりにエロい格好と久しぶりの三次元の女を目にして僕は勃起が止まらない！恥ずかしながらも股間を必死にアピールしたら意外にも簡単にヤラ,SCOP-047,,2012-09-04,229分鐘,TET,スクープ,SCOOP（スクープ）,,乳交、各種職業、中出,多人,https://www.javbus.com/SCOP-047,
SCOP-039 温泉旅館で頼んだマッサージ師が若くて美人で超タイプ！サービス中に際どい箇所もモミモミするので自然と浴衣がはだけて勃起チ○ポが露出！ダメもとで本番交渉してみました！,SCOP-039 温泉旅館で頼んだマッサージ師が若くて美人で超タイプ！サービス中に際どい箇所もモミモミするので自然と浴衣がはだけて勃起チ○ポが露出！ダメもとで本番交渉してみました！,SCOP-039,,2012-09-03,225分鐘,Eight,スクープ,SCOOP（スクープ）,温泉旅館で頼んだマッサージ師が…,業餘、纪录片、中出、按摩,多人,https://www.javbus.com/SCOP-039,
DJSG-070 性感マッサージ美人妻専門店 痴女エステシャンによる究極のチ○コいじり 2,DJSG-070 性感マッサージ美人妻専門店 痴女エステシャンによる究極のチ○コいじり 2,DJSG-070,,2012-08-25,133分鐘,BORDERZ,ジャネス,MANIA痴女,究極のチ○コいじり,蕩婦、已婚婦女、美容院、按摩、打手槍,多人,https://www.javbus.com/DJSG-070,
JUSD-433 発射直後のチ○ポをむさぼる美熟女お掃除フェラ8時間,JUSD-433 発射直後のチ○ポをむさぼる美熟女お掃除フェラ8時間,JUSD-433,,2012-08-24,478分鐘,,マドンナ,Madonna,発射直後のチ○ポをむさぼる美熟女お掃除フェラ,成熟的女人、母親、口交、合集、已婚婦女、數位馬賽克、DMM獨家,多人,https://www.javbus.com/JUSD-433,
KWS-017 徹底的膣内射精 4時間 インパクトMIX,KWS-017 徹底的膣内射精 4時間 インパクトMIX,KWS-017,,2012-08-23,236分鐘,,impact,impact,徹底的膣内射精,潮吹、多P、中出、女上位、肛交,多人,https://www.javbus.com/KWS-017,
AAJB-104 【AV30】S級熟女決定版！！ベストオブ義母中出し 4時間,AAJB-104 【AV30】S級熟女決定版！！ベストオブ義母中出し 4時間,AAJB-104,,2012-08-10,241分鐘,,VENUS,AV30,,成熟的女人、合集、已婚婦女、中出、婆婆,多人,https://www.javbus.com/AAJB-104,
ARM-197 普段は大人しいメガネの淑女の 口の中でチ○ポがとろけて境目がわからなくなるフェラチオ,ARM-197 普段は大人しいメガネの淑女の 口の中でチ○ポがとろけて境目がわからなくなるフェラチオ,ARM-197,,2012-07-20,123分鐘,ウメキン,アロマ企画,AROMA,,口交、高畫質、眼鏡、DMM獨家,多人,https://www.javbus.com/ARM-197,
OBST-026 母子相姦オイルマッサージ 4時間29人,OBST-026 母子相姦オイルマッサージ 4時間29人,OBST-026,,2012-07-20,241分鐘,,ex,お母さん.com,,母親、亂倫、乳液、按摩、手指插入,多人,https://www.javbus.com/OBST-026,
ARM-195 色気ムンムン フェロモン美女 大胆パンチラコレクション2,ARM-195 色気ムンムン フェロモン美女 大胆パンチラコレクション2,ARM-195,,2012-07-20,169分鐘,笠井貴人,アロマ企画,AROMA,色気ムンムンフェロモン美女大胆パンチラコレクション,戀腿癖、高畫質、內衣、DMM獨家,多人,https://www.javbus.com/ARM-195,
OKAS-105 僕は母の入浴姿を覗き見る,OKAS-105 僕は母の入浴姿を覗き見る,OKAS-105,,2012-07-19,94分鐘,,ex,お母さん.com,,母親、其他戀物癖、偷窥,多人,https://www.javbus.com/OKAS-105,
HYAKU-009 100人8時間 イイカラダのオンナ達の極上SEX！！,HYAKU-009 100人8時間 イイカラダのオンナ達の極上SEX！！,HYAKU-009,,2012-07-18,474分鐘,TODO,ケイ・エム・プロデュース,100人,100人8時間,多P、4小時以上作品、巨乳,多人,https://www.javbus.com/HYAKU-009,
AAJB-022 【AV30】家庭教師 盗撮授業8時間,AAJB-022 【AV30】家庭教師 盗撮授業8時間,AAJB-022,,2012-07-12,479分鐘,,BeFree,AV30,家庭教師（BeFree）,家教、合集、偷窥、4小時以上作品、DMM獨家,多人,https://www.javbus.com/AAJB-022,
HODV-20786 セクシースタイルSUPER★STARS 8時間,HODV-20786 セクシースタイルSUPER★STARS 8時間,HODV-20786,,2012-07-06,479分鐘,ヘリ,h.m.p,h.m.p,SUPER★STARS,苗條、4小時以上作品、巨乳,多人,https://www.javbus.com/HODV-20786,
OKAD-447 とってもHなメニューが盛りだくさんのハミ乳巨乳レストラン 2 ～お客様サービス編～,OKAD-447 とってもHなメニューが盛りだくさんのハミ乳巨乳レストラン 2 ～お客様サービス編～,OKAD-447,,2012-06-23,137分鐘,きとるね川口,ケイ・エム・プロデュース,おかず。,とってもHなメニューが盛りだくさんのハミ乳巨乳レストラン,濫交、口交、戀乳癖、美少女、巨乳,多人,https://www.javbus.com/OKAD-447,
YNB-005 こんなになるまでイキ地獄 4時間,YNB-005 こんなになるまでイキ地獄 4時間,YNB-005,,2012-06-21,240分鐘,,NON,NON,イキ地獄,濫交、紧缚、合集、花癡、巨乳,多人,https://www.javbus.com/YNB-005,
IE-254 団地妻の憂い 完全保存版,IE-254 団地妻の憂い 完全保存版,IE-254,,2012-06-10,238分鐘,,アイエナジー,IENERGY！,団地妻の憂い,合集、已婚婦女、羞恥、4小時以上作品,多人,https://www.javbus.com/IE-254,
HYAKU-008 100人8時間 OLスーツに隠された猥褻すぎる淫乱なカラダ,HYAKU-008 100人8時間 OLスーツに隠された猥褻すぎる淫乱なカラダ,HYAKU-008,,2012-06-08,475分鐘,奥山光輝,ケイ・エム・プロデュース,100人,100人8時間,OL、花癡、制服、中出、4小時以上作品,多人,https://www.javbus.com/HYAKU-008,
UD-529R 巨乳人妻温泉 イヤシの宿 7,UD-529R 巨乳人妻温泉 イヤシの宿 7,UD-529R,,2012-06-04,120分鐘,望永斉,LEO,LEO,巨乳人妻温泉,和服・喪服、已婚婦女、通姦、巨乳、自慰,多人,https://www.javbus.com/UD-529R,
OOMN-042 優しいお母さんのおっぱい吸って手コキして 4時間,OOMN-042 優しいお母さんのおっぱい吸って手コキして 4時間,OOMN-042,,2012-06-01,239分鐘,,ABC/妄想族,お母さん.com/ABC,美熟女プレイ集,成熟的女人、母親、亂倫、已婚婦女、DMM獨家、打手槍,多人,https://www.javbus.com/OOMN-042,
HYAKU-005 100人8時間 アイドル達のスゴすぎる潮吹きSEX,HYAKU-005 100人8時間 アイドル達のスゴすぎる潮吹きSEX,HYAKU-005,,2012-05-19,476分鐘,奥山光輝,ケイ・エム・プロデュース,100人,100人8時間,潮吹、合集、4小時以上作品,多人,https://www.javbus.com/HYAKU-005,
REAL-416 超ド迫力！接写フェラチオと放尿もろかぶり 2,REAL-416 超ド迫力！接写フェラチオと放尿もろかぶり 2,REAL-416,,2012-05-19,143分鐘,アニー中村,レアルワークス,REAL（レアルワークス）,超ド迫力！接写フェラチオと放尿もろかぶり,放尿、口交、其他戀物癖、顏射、局部特寫,多人,https://www.javbus.com/REAL-416,
ABCB-007 Gcup以上限定！デカブラ着替え 爆乳限定42名,ABCB-007 Gcup以上限定！デカブラ着替え 爆乳限定42名,ABCB-007,,2012-05-18,119分鐘,,ABC/妄想族,ABC,巨乳スペシャル,合集、戀乳癖、DVD多士爐、超乳、巨乳、DMM獨家、內衣,多人,https://www.javbus.com/ABCB-007,
IENE-148 車ではねた被害者のお見舞いに来て声を押し殺しながらも犯され続ける私は本当に加害者でしょうか？,IENE-148 車ではねた被害者のお見舞いに来て声を押し殺しながらも犯され続ける私は本当に加害者でしょうか？,IENE-148,,2012-05-05,179分鐘,島豊作,アイエナジー,IENERGY！,車ではねた被害者のお見舞いに来て…,企畫、苗條、強姦、已婚婦女、巨乳,多人,https://www.javbus.com/IENE-148,
IENE-140 婦人科検診の再検査で制服のまま産婦人科医に訪れたOLに「治療」と称した媚薬、電流責めで強制絶頂！生姦中出し！,IENE-140 婦人科検診の再検査で制服のまま産婦人科医に訪れたOLに「治療」と称した媚薬、電流責めで強制絶頂！生姦中出し！,IENE-140,,2012-04-08,215分鐘,,アイエナジー,IENERGY！,,企畫、OL、藥物、鴨嘴、中出,多人,https://www.javbus.com/IENE-140,
SAMA-523 真っ昼間から欲情しているオフィス街のオンナ達 ～誰もが振り向く美人OL達とオフィス街でナンパして大乱交！～,SAMA-523 真っ昼間から欲情しているオフィス街のオンナ達 ～誰もが振り向く美人OL達とオフィス街でナンパして大乱交！～,SAMA-523,,2012-03-26,143分鐘,きとるね川口,S級素人,S級素人,,OL、濫交、多P、巨乳,多人,https://www.javbus.com/SAMA-523,
JUC-774 昼下がりの若妻凌辱団地 1号棟 ～淫欲の強制立ち退き命令～ 波多野結衣 有村千佳,JUC-774 昼下がりの若妻凌辱団地 1号棟 ～淫欲の強制立ち退き命令～ 波多野結衣 有村千佳,JUC-774,,2012-03-24,117分鐘,きとるね川口,マドンナ,Madonna,昼下がりの若妻凌辱団地,已婚婦女、新娘、年輕妻子、多P、數位馬賽克、凌辱、羞恥、DVD多士爐、高畫質、DMM獨家,多人,https://www.javbus.com/JUC-774,
JUSD-401 春の選抜 美熟女32人が魅せるご当地セックス8時間！！,JUSD-401 春の選抜 美熟女32人が魅せるご当地セックス8時間！！,JUSD-401,,2012-03-24,479分鐘,,マドンナ,Madonna,,成熟的女人、合集、已婚婦女、多P、數位馬賽克、4小時以上作品、巨乳、DMM獨家,多人,https://www.javbus.com/JUSD-401,
OKAD-438 巨乳BEST8時間30人スペシャル おっぱいオールスター決定戦！,OKAD-438 巨乳BEST8時間30人スペシャル おっぱいオールスター決定戦！,OKAD-438,,2012-03-22,448分鐘,TODO,ケイ・エム・プロデュース,おかず。,,乳交、合集、戀乳癖、4小時以上作品、巨乳,多人,https://www.javbus.com/OKAD-438,
OKAS-094 お母さん入ってるトコロ見えるでしょ,OKAS-094 お母さん入ってるトコロ見えるでしょ,OKAS-094,,2012-03-16,241分鐘,,ex,お母さん.com,,母親、亂倫、女上位,多人,https://www.javbus.com/OKAS-094,
SDDE-274 （裏）手コキクリニック ～完全版～ 性交クリニックファン感謝祭 中出し看護編＋未公開素材集＜手淫/口淫/性交＞ 全部出し240分スペシャル,SDDE-274 （裏）手コキクリニック ～完全版～ 性交クリニックファン感謝祭 中出し看護編＋未公開素材集＜手淫/口淫/性交＞ 全部出し240分スペシャル,SDDE-274,,2012-03-08,241分鐘,柏倉弘,SODクリエイト,SENZ,（裏）手コキクリニック,企畫、护士、數位馬賽克、中出、女上位、打手槍,多人,https://www.javbus.com/SDDE-274,
ATAD-078 あなた、許して…。完全保存版001,ATAD-078 あなた、許して…。完全保存版001,ATAD-078,,2012-03-07,1196分鐘,なぎら健造,アタッカーズ,アタッカーズアンソロジー,あなた、許して…。,合集、已婚婦女、凌辱、4小時以上作品、DMM獨家,多人,https://www.javbus.com/ATAD-078,
BNDV-854 スナイパー ロリを凌辱SEXでイジめまくる編,BNDV-854 スナイパー ロリを凌辱SEXでイジめまくる編,BNDV-854,,2012-03-02,239分鐘,一平,h.m.p,VB,スナイパー,潮吹、美少女、中出、4小時以上作品、蘿莉塔,多人,https://www.javbus.com/BNDV-854,
VERO-017 S級熟女 巨尻美尻SUPER BEST II,VERO-017 S級熟女 巨尻美尻SUPER BEST II,VERO-017,,2012-02-27,243分鐘,,VENUS,ヴィーナス（VENUS）,S級熟女（VENUS）,成熟的女人、合集、已婚婦女、屁股,多人,https://www.javbus.com/VERO-017,
NAM-020 NAMANAKA GALS 20,NAM-020 NAMANAKA GALS 20,NAM-020,,2012-02-24,120分鐘,,ピエロ,aini,NAMANAKAGALS,乳交、多P、乳房、巨乳、女生,多人,https://www.javbus.com/NAM-020,
OKAD-433 巨乳で超カワイイ僕のおねえさんと2泊3日のエッチな温泉旅行 愛原さえ 波多野結衣,OKAD-433 巨乳で超カワイイ僕のおねえさんと2泊3日のエッチな温泉旅行 愛原さえ 波多野結衣,OKAD-433,,2012-02-24,179分鐘,MASAKI,ケイ・エム・プロデュース,おかず。,○○温泉旅行,野外・露出、乳交、多P、巨乳,多人,https://www.javbus.com/OKAD-433,
OKAS-093 近親相姦 息子にクンニリングスされる母,OKAS-093 近親相姦 息子にクンニリングスされる母,OKAS-093,,2012-02-23,121分鐘,,ex,お母さん.com,,成熟的女人、母親、其他戀物癖、亂倫、舔陰,多人,https://www.javbus.com/OKAS-093,
YSN-311 ツンとした感じがタマらない気になるカノジョに猫耳つけたら デレデレしまくる従順ペットになっちゃった,YSN-311 ツンとした感じがタマらない気になるカノジョに猫耳つけたら デレデレしまくる従順ペットになっちゃった,YSN-311,,2012-02-05,124分鐘,,NON,NON,,口交、手指插入、DVD多士爐、貓耳女、顏射、水手服,多人,https://www.javbus.com/YSN-311,
BNDV-849 スナイパー【ちち】乳を騎乗位で揺らしまくる編 4時間,BNDV-849 スナイパー【ちち】乳を騎乗位で揺らしまくる編 4時間,BNDV-849,,2012-02-03,238分鐘,一平,h.m.p,VB,スナイパー,戀乳癖、女上位、4小時以上作品、巨乳,多人,https://www.javbus.com/BNDV-849,
OBST-024 30年間慰め続けたこの体 自慰行為 4時間,OBST-024 30年間慰め続けたこの体 自慰行為 4時間,OBST-024,,2012-01-30,242分鐘,,ex,お母さん.com,,成熟的女人、玩具、自慰,多人,https://www.javbus.com/OBST-024,
VENU-209 義母相姦 BEST4時間,VENU-209 義母相姦 BEST4時間,VENU-209,,2012-01-29,242分鐘,,VENUS,女神（ヴィーナス）,義母相姦（VENUS）,成熟的女人、合集、已婚婦女、婆婆,多人,https://www.javbus.com/VENU-209,
WNZS-198 徹底的膣内射精 4時間 2,WNZS-198 徹底的膣内射精 4時間 2,WNZS-198,,2012-01-12,235分鐘,,ワンズファクトリー,WANZ,徹底的膣内射精,中出、4小時以上作品、女優按摩棒,多人,https://www.javbus.com/WNZS-198,
RCT-360 人気シリーズコラボスペシャル 女子アナに顔射！×女子アナの穴に中出し,RCT-360 人気シリーズコラボスペシャル 女子アナに顔射！×女子アナの穴に中出し,RCT-360,,2012-01-08,130分鐘,ささきうずまき,ROCKET,ROCKET,人気シリーズコラボスペシャル,中出、DVD多士爐、顏射、女主播、吞精,多人,https://www.javbus.com/RCT-360,
SDDE-261 性交クリニック ファン感謝祭 240分スペシャル,SDDE-261 性交クリニック ファン感謝祭 240分スペシャル,SDDE-261,,2012-01-08,244分鐘,柏倉弘,SODクリエイト,SENZ,性交クリニック,护士、數位馬賽克、乳房、妄想、巨乳、打手槍,多人,https://www.javbus.com/SDDE-261,
JUSD-383 マドンナ8周年記念 絶頂に達する寸前の追い込み激ファック108発！！,JUSD-383 マドンナ8周年記念 絶頂に達する寸前の追い込み激ファック108発！！,JUSD-383,,2011-12-25,239分鐘,,マドンナ,Madonna,マドンナ8周年記念,成熟的女人、合集、已婚婦女、數位馬賽克、DMM獨家,多人,https://www.javbus.com/JUSD-383,
OKAD-427 人妻回覧板 マンションの住人にグルグル回される僕,OKAD-427 人妻回覧板 マンションの住人にグルグル回される僕,OKAD-427,,2011-12-23,110分鐘,赤井彗星,ケイ・エム・プロデュース,おかず。,,蕩婦、已婚婦女、多P、按摩棒,多人,https://www.javbus.com/OKAD-427,
OKAS-086 熟女バック,OKAS-086 熟女バック,OKAS-086,,2011-12-13,121分鐘,,ex,お母さん.com,,成熟的女人、母親、其他戀物癖、亂倫,多人,https://www.javbus.com/OKAS-086,
OOMN-035 母性あふれる近親相姦にこだわり続けた3年間を8時間で全て見せる！,OOMN-035 母性あふれる近親相姦にこだわり続けた3年間を8時間で全て見せる！,OOMN-035,,2011-12-12,478分鐘,,ABC/妄想族,お母さん.com/ABC,,成熟的女人、母親、合集、亂倫、打手槍,多人,https://www.javbus.com/OOMN-035,
RKI-158 フェラチオベストの名編 フェラ抜き天国200連発24時間,RKI-158 フェラチオベストの名編 フェラ抜き天国200連発24時間,RKI-158,,2011-12-11,1438分鐘,,ROOKIE,ROOKIE,,口交、合集、4小時以上作品、DMM獨家,多人,https://www.javbus.com/RKI-158,
OBST-023 熟女が騎る熟れた極みの腰づかい 騎乗位 4,OBST-023 熟女が騎る熟れた極みの腰づかい 騎乗位 4,OBST-023,,2011-12-04,121分鐘,,ex,お母さん.com,熟女が騎る熟れた極みの腰づかい騎乗位,成熟的女人、亂倫、女上位、顏面騎乘、巨乳,多人,https://www.javbus.com/OBST-023,
JUSD-378 夫以外の男性とシテしまった 不貞な若妻8時間,JUSD-378 夫以外の男性とシテしまった 不貞な若妻8時間,JUSD-378,,2011-11-18,479分鐘,,マドンナ,Madonna,,合集、已婚婦女、新娘、年輕妻子、數位馬賽克、通姦、4小時以上作品、DMM獨家,多人,https://www.javbus.com/JUSD-378,
SDMT-588 MM号×有名AV女優24人 スーパーマジックミラー号がイク！＆クル！2009～2011作品集,SDMT-588 MM号×有名AV女優24人 スーパーマジックミラー号がイク！＆クル！2009～2011作品集,SDMT-588,,2011-11-06,226分鐘,,SODクリエイト,SODクリエイト,スーパーマジックミラー号,合集、羞恥,多人,https://www.javbus.com/SDMT-588,
OOMN-031 息子のオチンチンで性欲を満たす母親達 4時間,OOMN-031 息子のオチンチンで性欲を満たす母親達 4時間,OOMN-031,,2011-10-16,239分鐘,,ABC/妄想族,お母さん.com/ABC,美熟女プレイ集,成熟的女人、母親、合集、亂倫、婆婆、DMM獨家,多人,https://www.javbus.com/OOMN-031,
OKAS-079 お母さんを夜這いする僕 逆夜這いされる僕 5,OKAS-079 お母さんを夜這いする僕 逆夜這いされる僕 5,OKAS-079,,2011-10-03,121分鐘,,ex,お母さん.com,お母さんを夜這いする僕逆夜這いされる僕,成熟的女人、母親、亂倫、女上位,多人,https://www.javbus.com/OKAS-079,
OOMN-030 美しすぎる義理の母 義母相姦ベスト 4時間,OOMN-030 美しすぎる義理の母 義母相姦ベスト 4時間,OOMN-030,,2011-09-30,239分鐘,,ABC/妄想族,お母さん.com/ABC,美熟女プレイ集,成熟的女人、合集、婆婆、DMM獨家、打手槍,多人,https://www.javbus.com/OOMN-030,
REAL-408 メガザーメン一発大量顔射 7,REAL-408 メガザーメン一発大量顔射 7,REAL-408,,2011-09-23,115分鐘,アニー中村,レアルワークス,REAL（レアルワークス）,メガザーメン一発大量顔射！,口交、其他戀物癖、美少女、顏射,多人,https://www.javbus.com/REAL-408,
OKAS-080 禁断母の舌が激しく絡む 濃厚べろちゅう,OKAS-080 禁断母の舌が激しく絡む 濃厚べろちゅう,OKAS-080,,2011-09-02,121分鐘,,ex,お母さん.com,,成熟的女人、母親、其他戀物癖,多人,https://www.javbus.com/OKAS-080,
OKAS-077 勉強中の息子を手コキ,OKAS-077 勉強中の息子を手コキ,OKAS-077,,2011-08-29,101分鐘,,ex,お母さん.com,勉強中の息子を手コキ,成熟的女人、母親、亂倫、巨乳、打手槍,多人,https://www.javbus.com/OKAS-077,
VERO-014 S級熟女 ベストオブ手コキ,VERO-014 S級熟女 ベストオブ手コキ,VERO-014,,2011-08-27,122分鐘,,VENUS,ヴィーナス（VENUS）,S級熟女（VENUS）,成熟的女人、合集、已婚婦女、打手槍,多人,https://www.javbus.com/VERO-014,
OBST-020 熟女が騎る熟れた極みの腰づかい 騎乗位 3,OBST-020 熟女が騎る熟れた極みの腰づかい 騎乗位 3,OBST-020,,2011-08-05,121分鐘,,ex,お母さん.com,熟女が騎る熟れた極みの腰づかい騎乗位,成熟的女人、母親、亂倫、女上位、巨乳,多人,https://www.javbus.com/OBST-020,
BIB-033 美女痴女たちのハメ狂い大乱交BEST,BIB-033 美女痴女たちのハメ狂い大乱交BEST,BIB-033,,2011-07-22,239分鐘,,美,BEST（美）,,蕩婦、濫交、合集、DMM獨家,多人,https://www.javbus.com/BIB-033,
GQL-011 グローリークエスト2011年上半期ベスト30 豊乳満載,GQL-011 グローリークエスト2011年上半期ベスト30 豊乳満載,GQL-011,,2011-07-21,240分鐘,,グローリークエスト,GLORYQUEST,,合集、戀乳癖、4小時以上作品、巨乳,多人,https://www.javbus.com/GQL-011,
BNDV-682 あのアイドルがスーパーリマスターREMIXで甦る やりすぎ家庭教師 完全ベスト8時間,BNDV-682 あのアイドルがスーパーリマスターREMIXで甦る やりすぎ家庭教師 完全ベスト8時間,BNDV-682,,2011-07-18,472分鐘,ヘリ,h.m.p,VB,あのアイドルがスーパーリマスターREMIXで甦る,家教、合集、多P、巨乳,多人,https://www.javbus.com/BNDV-682,
SDMT-472 人気AV女優×人気SOD企画 女優祭7時間40分,SDMT-472 人気AV女優×人気SOD企画 女優祭7時間40分,SDMT-472,,2011-07-04,465分鐘,,SODクリエイト,VALUE,,企畫、合集、4小時以上作品,多人,https://www.javbus.com/SDMT-472,
OKAS-075 息子に按摩されて感じる母。その後は…。2,OKAS-075 息子に按摩されて感じる母。その後は…。2,OKAS-075,,2011-07-01,121分鐘,,ex,お母さん.com,息子に按摩されて感じる母。,母親、連褲襪、女優按摩棒,多人,https://www.javbus.com/OKAS-075,
VEC-026 親父の愛人 総集編 4時間,VEC-026 親父の愛人 総集編 4時間,VEC-026,,2011-06-26,242分鐘,,VENUS,ヴィーナス（VENUS）,親父の愛人,成熟的女人、合集、已婚婦女,多人,https://www.javbus.com/VEC-026,
JUSD-349 2010年マドンナ全271タイトル12時間,JUSD-349 2010年マドンナ全271タイトル12時間,JUSD-349,,2011-06-25,717分鐘,,マドンナ,Madonna,○○年マドンナ全タイトル,成熟的女人、合集、數位馬賽克、DMM獨家,多人,https://www.javbus.com/JUSD-349,
BNDV-625 AVガイド8時間 2009冬号,BNDV-625 AVガイド8時間 2009冬号,BNDV-625,,2011-06-25,479分鐘,,h.m.p,VB,AVガイド,合集、69、女上位,多人,https://www.javbus.com/BNDV-625,
OKAS-072 息子のチンポを洗う母…,OKAS-072 息子のチンポを洗う母…,OKAS-072,,2011-06-14,120分鐘,,ex,お母さん.com,息子のチンポを洗う母…,蕩婦、母親、打手槍,多人,https://www.javbus.com/OKAS-072,
JUSD-346 美熟女達の汗だく湯けむりセックス6時間,JUSD-346 美熟女達の汗だく湯けむりセックス6時間,JUSD-346,,2011-06-04,360分鐘,,マドンナ,Madonna,,成熟的女人、合集、數位馬賽克、DMM獨家,多人,https://www.javbus.com/JUSD-346,
JUSD-343 高画質で観る美熟女40人の絶頂フェラ抜き8時間,JUSD-343 高画質で観る美熟女40人の絶頂フェラ抜き8時間,JUSD-343,,2011-05-21,476分鐘,,マドンナ,Madonna,,成熟的女人、口交、合集、數位馬賽克、高畫質、DMM獨家,多人,https://www.javbus.com/JUSD-343,
OOMN-025 厳選！！美熟母 お母さんの止まらない騎乗位,OOMN-025 厳選！！美熟母 お母さんの止まらない騎乗位,OOMN-025,,2011-05-16,119分鐘,,ABC/妄想族,お母さん.com/ABC,美熟女プレイ集,成熟的女人、母親、女上位、DVD多士爐、DMM獨家,多人,https://www.javbus.com/OOMN-025,
GFT-054 プラチナ ガールズ コレクション 1,GFT-054 プラチナ ガールズ コレクション 1,GFT-054,,2011-05-09,130分鐘,,GALLOP,GIFT,プラチナガールズコレクション,多P、女優按摩棒、女傭,多人,https://www.javbus.com/GFT-054,
OKAS-069 綺麗なお母さんの化粧しているトコ,OKAS-069 綺麗なお母さんの化粧しているトコ,OKAS-069,,2011-05-02,92分鐘,,ex,お母さん.com,,母親、其他戀物癖,多人,https://www.javbus.com/OKAS-069,
BF-132 家庭教師 BEST！ 密着濃厚SEX 13人 8時間！ ‘センセイ’たちがギュッと抱きしめてあげようか？,BF-132 家庭教師 BEST！ 密着濃厚SEX 13人 8時間！ ‘センセイ’たちがギュッと抱きしめてあげようか？,BF-132,,2011-04-29,479分鐘,,BeFree,BeFree,家庭教師（BeFree）,家教、合集、DMM獨家,多人,https://www.javbus.com/BF-132,
RKI-117 淫乱なオナニー ドスケベ80人16時間,RKI-117 淫乱なオナニー ドスケベ80人16時間,RKI-117,,2011-04-15,958分鐘,,ROOKIE,ROOKIE,,合集、DMM獨家、自慰,多人,https://www.javbus.com/RKI-117,
OKAS-065 下着姿を視姦される興奮,OKAS-065 下着姿を視姦される興奮,OKAS-065,,2011-04-13,121分鐘,,ex,お母さん.com,下着姿を視姦される興奮,成熟的女人、母親、其他戀物癖,多人,https://www.javbus.com/OKAS-065,
BNDV-807 極選 正常位フィニッシュ48,BNDV-807 極選 正常位フィニッシュ48,BNDV-807,,2011-03-04,237分鐘,いしばし,h.m.p,VB,極選,潮吹、合集、顏射、巨乳,多人,https://www.javbus.com/BNDV-807,
ETC-092 僕はパンストが大好きで、あの素肌とは異なったナイロン特有のいやらしいテカリと感触の虜なんです。,ETC-092 僕はパンストが大好きで、あの素肌とは異なったナイロン特有のいやらしいテカリと感触の虜なんです。,ETC-092,,2011-02-17,135分鐘,,グローリークエスト,Etcetera,,連褲襪、69、戀腿癖、足交,多人,https://www.javbus.com/ETC-092,
UPSM-118 素人GAL撮り下しアクメ5連発,UPSM-118 素人GAL撮り下しアクメ5連発,UPSM-118,,2011-02-11,119分鐘,マックス中本,アップス,UP’S,,業餘、連褲襪、DVD多士爐、高畫質、女生,多人,https://www.javbus.com/UPSM-118,
HWIF-002 人妻中出し哀願 完全保存版 其ノ二 HD,HWIF-002 人妻中出し哀願 完全保存版 其ノ二 HD,HWIF-002,,2011-01-27,238分鐘,,青空ソフト,WIFELOVERS,人妻中出し哀願,合集、已婚婦女、中出、高畫質,多人,https://www.javbus.com/HWIF-002,
JUSD-321 美熟女50人の豪快潮吹き8時間,JUSD-321 美熟女50人の豪快潮吹き8時間,JUSD-321,,2011-01-21,479分鐘,,マドンナ,Madonna,,成熟的女人、潮吹、合集、數位馬賽克、DMM獨家,多人,https://www.javbus.com/JUSD-321,
BNDV-799 神様、どうか僕の好きなAV女優がカメラ目線でエッチなことをしてくれますように！,BNDV-799 神様、どうか僕の好きなAV女優がカメラ目線でエッチなことをしてくれますように！,BNDV-799,,2011-01-01,238分鐘,いしばし,h.m.p,VB,,其他戀物癖、女上位,多人,https://www.javbus.com/BNDV-799,
JUSD-318 淫乱！和服姿で悶える美熟女たち,JUSD-318 淫乱！和服姿で悶える美熟女たち,JUSD-318,,2010-12-30,239分鐘,,マドンナ,Madonna,,和服・喪服、成熟的女人、合集、數位馬賽克、DMM獨家,多人,https://www.javbus.com/JUSD-318,
BNDV-788 h.m.p 48 2000～2010 新世紀AVアイドル総決算 8時間,BNDV-788 h.m.p 48 2000～2010 新世紀AVアイドル総決算 8時間,BNDV-788,,2010-11-05,471分鐘,一平,h.m.p,VB,h.m.p48,合集、美少女、4小時以上作品,多人,https://www.javbus.com/BNDV-788,
JUSD-297 2010年マドンナ上半期134タイトル8時間,JUSD-297 2010年マドンナ上半期134タイトル8時間,JUSD-297,,2010-09-24,477分鐘,,マドンナ,Madonna,マドンナ○半期,成熟的女人、合集、數位馬賽克、DMM獨家,多人,https://www.javbus.com/JUSD-297,
RKI-084 ザーメンベストの金字塔 ザーメン大好き2000発 24時間,RKI-084 ザーメンベストの金字塔 ザーメン大好き2000発 24時間,RKI-084,,2010-09-17,1438分鐘,,ROOKIE,ROOKIE,,合集、中出、DMM獨家、顏射、吞精,多人,https://www.javbus.com/RKI-084,
ATKD-158 夫の目の前で犯されて- BEST 10,ATKD-158 夫の目の前で犯されて- BEST 10,ATKD-158,,2010-09-07,239分鐘,,アタッカーズ,AttackersBEST,夫の目の前で犯されて,強姦、合集、已婚婦女、DMM獨家,多人,https://www.javbus.com/ATKD-158,
JUSD-288 熟女未満 美しき若妻達のセックス4時間,JUSD-288 熟女未満 美しき若妻達のセックス4時間,JUSD-288,,2010-07-23,239分鐘,,マドンナ,Madonna,,合集、新娘、年輕妻子、數位馬賽克、DMM獨家,多人,https://www.javbus.com/JUSD-288,
BNDV-748 金運が上がるAV 4時間,BNDV-748 金運が上がるAV 4時間,BNDV-748,,2010-06-28,241分鐘,ヘリ,h.m.p,VB,○○が上がるAV,苗條、多P、女上位、女優按摩棒、校服,多人,https://www.javbus.com/BNDV-748,
ATKD-153 あなた、許して…。総集編,ATKD-153 あなた、許して…。総集編,ATKD-153,,2010-06-07,239分鐘,なぎら健造,アタッカーズ,AttackersBEST,あなた、許して…。,合集、已婚婦女、DMM獨家,多人,https://www.javbus.com/ATKD-153,
BNDV-758 スーパー吉村卓Bomb！ 8時間,BNDV-758 スーパー吉村卓Bomb！ 8時間,BNDV-758,,2010-04-21,479分鐘,ヘリ,h.m.p,VB,ザ○○Bomb,其他戀物癖、合集、舔陰,多人,https://www.javbus.com/BNDV-758,
SDMT-039 超高級王様ゲーム,SDMT-039 超高級王様ゲーム,SDMT-039,,2010-04-18,134分鐘,サバス堀中,SODクリエイト,SODクリエイト,超○○王様ゲーム,企畫、潮吹、中出、DVD多士爐、巨乳,多人,https://www.javbus.com/SDMT-039,
MIBD-484 MOODYZ2009年下半期BEST100タイトル8時間,MIBD-484 MOODYZ2009年下半期BEST100タイトル8時間,MIBD-484,,2010-04-01,478分鐘,,ムーディーズ,MOODYZBest,MOODYZ○○○○年○半期,合集、數位馬賽克、中出、DMM獨家、顏射、肛交,多人,https://www.javbus.com/MIBD-484,
BIB-009 2009年完全総集編,BIB-009 2009年完全総集編,BIB-009,,2010-03-25,479分鐘,,美,BEST（美）,,合集、多P、女上位、DMM獨家,多人,https://www.javbus.com/BIB-009,
BNDV-749 スーパー美乳Bomb！ 8時間,BNDV-749 スーパー美乳Bomb！ 8時間,BNDV-749,,2010-03-21,477分鐘,ヘリ,h.m.p,VB,ザ○○Bomb,乳交、戀乳癖、乳房、巨乳,多人,https://www.javbus.com/BNDV-749,
BNDV-660 h.m.pカウントダウン2009［lynx］ BEST HIT Ranking 4時間,BNDV-660 h.m.pカウントダウン2009［lynx］ BEST HIT Ranking 4時間,BNDV-660,,2010-03-20,236分鐘,一平,h.m.p,VB,hmpカウントダウン,合集、多P、女上位、巨乳,多人,https://www.javbus.com/BNDV-660,
BNDV-635 h.m.pカウントダウン2008［pegasus］ BEST HIT Ranking 4時間,BNDV-635 h.m.pカウントダウン2008［pegasus］ BEST HIT Ranking 4時間,BNDV-635,,2010-03-11,234分鐘,佐藤一平,h.m.p,VB,hmpカウントダウン,合集、多P、女上位、巨乳,多人,https://www.javbus.com/BNDV-635,
BNDV-730 h.m.pカウントダウン2009 総決算12時間 BEST HIT RANKING TOP 100,BNDV-730 h.m.pカウントダウン2009 総決算12時間 BEST HIT RANKING TOP 100,BNDV-730,,2010-03-03,711分鐘,一平,h.m.p,VB,hmpカウントダウン,企畫、合集、已婚婦女、多P、女上位,多人,https://www.javbus.com/BNDV-730,
BNDV-725 h.m.pがお贈りするムチムチ美女たっぷり100人12時間,BNDV-725 h.m.pがお贈りするムチムチ美女たっぷり100人12時間,BNDV-725,,2010-03-03,726分鐘,はまにい,h.m.p,VB,h.m.pがお贈りする,美少女、4小時以上作品、巨乳,多人,https://www.javbus.com/BNDV-725,
MVBD-041 ゴックン美女大全集,MVBD-041 ゴックン美女大全集,MVBD-041,,2010-02-19,239分鐘,,エムズビデオグループ,BEST,,其他戀物癖、合集、DMM獨家、吞精,多人,https://www.javbus.com/MVBD-041,
BNDV-713 無理矢理SEX 4時間,BNDV-713 無理矢理SEX 4時間,BNDV-713,,2010-01-03,239分鐘,佐藤一平,h.m.p,VB,,強姦、深喉、拘束、凌辱、中出,多人,https://www.javbus.com/BNDV-713,
BID-007 スチュワーデス顔射物語 ～精子大好きエロCA～,BID-007 スチュワーデス顔射物語 ～精子大好きエロCA～,BID-007,,2009-12-25,177分鐘,中目黒浩治,美,DELUXE,,蕩婦、濫交、空中小姐、女上位、高畫質、顏射、DMM獨家,多人,https://www.javbus.com/BID-007,
MIAD-435 Wボディコンギャルズ 諸星セイラ 波多野結衣,MIAD-435 Wボディコンギャルズ 諸星セイラ 波多野結衣,MIAD-435,,2009-12-01,119分鐘,HEY6,ムーディーズ,MOODYZACID,,身體意識、數位馬賽克、女上位、DVD多士爐、高畫質、DMM獨家、女生、打手槍,多人,https://www.javbus.com/MIAD-435,
BNDV-674 SEX魅シュラン4時間 vol.3,BNDV-674 SEX魅シュラン4時間 vol.3,BNDV-674,,2009-11-28,235分鐘,いしばしきょうた,h.m.p,VB,SEX魅シュラン4時間,蕩婦、潮吹、多P,多人,https://www.javbus.com/BNDV-674,
BNDV-672 シチュエーションSEX エロヌキ☆ウェイトレスのひみつ 4時間,BNDV-672 シチュエーションSEX エロヌキ☆ウェイトレスのひみつ 4時間,BNDV-672,,2009-11-11,238分鐘,一平,h.m.p,VB,シチュエーションSEX,合集、制服、兔女郎、服務生,多人,https://www.javbus.com/BNDV-672,
BNDV-688 シチュエーションSEX エロヌキ☆レースクイーンのひみつ 4時間,BNDV-688 シチュエーションSEX エロヌキ☆レースクイーンのひみつ 4時間,BNDV-688,,2009-10-21,236分鐘,佐藤一平,h.m.p,VB,シチュエーションSEX,賽車女郎、戀腿癖、多P,多人,https://www.javbus.com/BNDV-688,
BNDV-690 h.m.pカウントダウン2009［Uranus］ BEST HIT Ranking 4時間,BNDV-690 h.m.pカウントダウン2009［Uranus］ BEST HIT Ranking 4時間,BNDV-690,,2009-10-21,235分鐘,佐藤一平,h.m.p,VB,hmpカウントダウン,合集、拘束、女上位,多人,https://www.javbus.com/BNDV-690,
MVSD-102 おしゃぶりVENUS 波多野結衣 桜あい 愛沢蓮,MVSD-102 おしゃぶりVENUS 波多野結衣 桜あい 愛沢蓮,MVSD-102,,2009-10-19,235分鐘,,エムズビデオグループ,SHOCK,おしゃぶりVENUS,女同性戀、濫交、口交、手指插入、DMM獨家、吞精,多人,https://www.javbus.com/MVSD-102,
BNDV-659 絶対コスBEST！ 4時間,BNDV-659 絶対コスBEST！ 4時間,BNDV-659,,2009-10-18,239分鐘,,h.m.p,VB,絶対コス！,角色扮演、合集、4小時以上作品,多人,https://www.javbus.com/BNDV-659,
BNDV-657 h.m.p人気女優 フェラチオギガMix 4時間,BNDV-657 h.m.p人気女優 フェラチオギガMix 4時間,BNDV-657,,2009-10-04,238分鐘,,h.m.p,VB,h.m.p人気女優,口交、4小時以上作品、主觀視角,多人,https://www.javbus.com/BNDV-657,
BNDV-677 E-Lady 2 いい女とセックス4時間,BNDV-677 E-Lady 2 いい女とセックス4時間,BNDV-677,,2009-10-02,239分鐘,,h.m.p,VB,E-Lady,多P、舔陰、巨乳,多人,https://www.javbus.com/BNDV-677,
BNDV-654 ヌキだおれ！！SEXフルコース4時間,BNDV-654 ヌキだおれ！！SEXフルコース4時間,BNDV-654,,2009-09-28,239分鐘,,h.m.p,VB,,口交、潮吹、合集、女上位,多人,https://www.javbus.com/BNDV-654,
BNDV-644 美脚カタログ 4時間,BNDV-644 美脚カタログ 4時間,BNDV-644,,2009-08-30,236分鐘,西ヤン,h.m.p,VB,,連褲襪、戀腿癖、拘束、高中女生、女生,多人,https://www.javbus.com/BNDV-644,
BNDV-643 ぬるぬるオイル4時間 乳も尻もワレメちゃんSEX,BNDV-643 ぬるぬるオイル4時間 乳も尻もワレメちゃんSEX,BNDV-643,,2009-08-26,239分鐘,ヘリ,h.m.p,VB,,乳交、其他戀物癖、屁股、多P、插入異物,多人,https://www.javbus.com/BNDV-643,
DKYF-19 究極！アナル丸見え ダンスストリップ！！（シングルバージョン）02,DKYF-19 究極！アナル丸見え ダンスストリップ！！（シングルバージョン）02,DKYF-19,,0000-00-00,104分鐘,BORDERZ,ジャネス,究極,究極！アナル丸見えダンスストリップ！！,屁股、跳舞、女生、肛交,多人,https://www.javbus.com/DKYF-19,
UMDB-003 美巨乳ワケあり若妻 欲情温泉秘湯ロマン,UMDB-003 美巨乳ワケあり若妻 欲情温泉秘湯ロマン,UMDB-003,,0000-00-00,201分鐘,いらぼっく吉,LEO,LEO,,和服・喪服、新娘、年輕妻子、巨乳,多人,https://www.javbus.com/UMDB-003,
