标题,名称,識別碼,原始番号,發行日期,長度,導演,製作商,發行商,系列,類別,演員,详情页,详情简介
MBYD-432 夫の倍以上の極太モンスターペニスで人妻の膣奥ブチ抜くデカマラ鬼アクメBEST8時間,MBYD-432 夫の倍以上の極太モンスターペニスで人妻の膣奥ブチ抜くデカマラ鬼アクメBEST8時間,MBYD-432,,2026-09-11,481分鐘,,TAMEIKE,溜池ゴロー,,成熟的女人、已婚婦女、花癡、中出、4小時以上作品、高畫質、アクメ・オーガズム、DMM獨家,多人,https://www.javbus.com/MBYD-432,
JUMS-186 美熟女と少年が最高潮の絶頂に溺れる年の差セックス32人450分,JUMS-186 美熟女と少年が最高潮の絶頂に溺れる年の差セックス32人450分,JUMS-186,,2026-09-04,453分鐘,,マドンナ,Madonna,美熟女と少年が最高潮に燃え上がる年の差セックス,成熟的女人、合集、已婚婦女、通姦、4小時以上作品、高畫質、DMM獨家,多人,https://www.javbus.com/JUMS-186,
SPAR-008 淫乱すぎる四十路現役ヤリマン奥さん8人240分,SPAR-008 淫乱すぎる四十路現役ヤリマン奥さん8人240分,SPAR-008,,2026-08-22,241分鐘,,ビッグモーカル,SPARKLE,,合集、已婚婦女、4小時以上作品、高畫質,多人,https://www.javbus.com/SPAR-008,
UMSO-653 突き出すお尻に激ピストン！バック三昧！49人VOL.04,UMSO-653 突き出すお尻に激ピストン！バック三昧！49人VOL.04,UMSO-653,,2026-08-22,237分鐘,,ケイ・エム・プロデュース,UMANAMI,突き出すお尻に激ピストン！バック三昧！,其他戀物癖、合集、屁股、高畫質、巨尻、バック、DMM獨家,多人,https://www.javbus.com/UMSO-653,
UREC-004 熟れコミ 近親相姦コレクション8時間 血縁関係にある2人が、決して許されない関係に溺れて―。,UREC-004 熟れコミ 近親相姦コレクション8時間 血縁関係にある2人が、決して許されない関係に溺れて―。,UREC-004,,2026-08-21,481分鐘,,マドンナ,熟れコミ,,母親、合集、4小時以上作品、高畫質、原作コラボ、叔母さん、DMM獨家,多人,https://www.javbus.com/UREC-004,
JUMS-184 超絶シコいケツ穴モロ見え！マドンナ人妻熟女のオマ○コとアナル二穴同時に堪能できる怒涛の《眼福アングル》ガン突きSEX106本番 8時間BEST！,JUMS-184 超絶シコいケツ穴モロ見え！マドンナ人妻熟女のオマ○コとアナル二穴同時に堪能できる怒涛の《眼福アングル》ガン突きSEX106本番 8時間BEST！,JUMS-184,,2026-08-21,481分鐘,,マドンナ,Madonna,,成熟的女人、合集、已婚婦女、4小時以上作品、高畫質、巨尻、DMM獨家、肛交,多人,https://www.javbus.com/JUMS-184,
ZOOO-298 本格濃厚ドラマ集 昭和の性 戦時戦後を生き抜く女たちの官能録 8名収録240分 風間ゆみ 小池絵美子 川上ゆう 山口珠理 よしい美希,ZOOO-298 本格濃厚ドラマ集 昭和の性 戦時戦後を生き抜く女たちの官能録 8名収録240分 風間ゆみ 小池絵美子 川上ゆう 山口珠理 よしい美希,ZOOO-298,,2026-08-17,240分鐘,,ZOOO,ZOOO,,成熟的女人、4小時以上作品、戲劇、配信専用,多人,https://www.javbus.com/ZOOO-298,
JUMS-181 温度 感度 急上昇 狭い浴室で密着SEX 8時間,JUMS-181 温度 感度 急上昇 狭い浴室で密着SEX 8時間,JUMS-181,,2026-08-07,481分鐘,,マドンナ,Madonna,,成熟的女人、合集、已婚婦女、4小時以上作品、高畫質、お風呂、DMM獨家,多人,https://www.javbus.com/JUMS-181,
JUMS-180 母の友人 永久保存版16時間～年下男を狂わせる濃密性交 全40本番～,JUMS-180 母の友人 永久保存版16時間～年下男を狂わせる濃密性交 全40本番～,JUMS-180,,2026-08-07,961分鐘,,マドンナ,Madonna,母の友人,成熟的女人、合集、已婚婦女、高畫質、戲劇、16時間以上作品、DMM獨家,多人,https://www.javbus.com/JUMS-180,
MCSR-52304 浴衣美人の吐息,MCSR-52304 浴衣美人の吐息,MCSR-52304,,2026-07-25,49分鐘,金子次郎,いきなりエロざんまい,いきなりエロざんまい,浮気心の旅,和服・喪服、已婚婦女、通姦、高畫質、出軌、温泉,多人,https://www.javbus.com/MCSR-52304,
LZBS-128 レズれ！プレミアムベスト10時間SP 愛液と潮が交じり合う女同士の絶頂汁レズ貝合わせ,LZBS-128 レズれ！プレミアムベスト10時間SP 愛液と潮が交じり合う女同士の絶頂汁レズ貝合わせ,LZBS-128,,2026-07-25,602分鐘,,レズれ！,レズれ！ ベスト,レズれ！プレミアムBEST,女同性戀、潮吹、4小時以上作品、女同接吻、高畫質、巨乳、アクメ・オーガズム、DMM獨家,多人,https://www.javbus.com/LZBS-128,
HMIX-058 中高年夫婦の濃厚密着性交 お互いが男と女に戻る夜、溢れる気持ちが再燃し求め合う中高年の貪欲セックス 20人 4時間,HMIX-058 中高年夫婦の濃厚密着性交 お互いが男と女に戻る夜、溢れる気持ちが再燃し求め合う中高年の貪欲セックス 20人 4時間,HMIX-058,,2026-07-25,240分鐘,,グローバルメディアエンタテインメント,ハイパーミックス（グローバルメディアエンタテインメント）,お得な総集編,成熟的女人、合集、已婚婦女、通姦、4小時以上作品、高畫質、DMM獨家,多人,https://www.javbus.com/HMIX-058,
NASK-418 むっちむち爆乳美熟女ソープ もう普通には戻れない！？ 柔肉の沼に包まれる極上の時間！！ 淫らに打ち揺れる肉感マシマシエロマンソープ 10人4時間,NASK-418 むっちむち爆乳美熟女ソープ もう普通には戻れない！？ 柔肉の沼に包まれる極上の時間！！ 淫らに打ち揺れる肉感マシマシエロマンソープ 10人4時間,NASK-418,,2026-07-25,240分鐘,,なでしこ,Nadeshiko,,成熟的女人、合集、4小時以上作品、高畫質、巨乳、ヘルス・ソープ、DMM獨家,多人,https://www.javbus.com/NASK-418,
JUMS-171 3十人3十色の人妻があなたのオナニーライフに彩りを与えるー。 Madonna美熟女SEXカレンダー2026 15時間,JUMS-171 3十人3十色の人妻があなたのオナニーライフに彩りを与えるー。 Madonna美熟女SEXカレンダー2026 15時間,JUMS-171,,2026-07-24,927分鐘,,マドンナ,Madonna,Madonna美熟女SEXカレンダー,成熟的女人、合集、已婚婦女、4小時以上作品、高畫質、戲劇、DMM獨家,多人,https://www.javbus.com/JUMS-171,
JUMS-179 レジェンドAV女優のすっげぇ乳擦33連発！！ 巨乳界の女王=風間ゆみが魅せる極上パイズリ480分,JUMS-179 レジェンドAV女優のすっげぇ乳擦33連発！！ 巨乳界の女王=風間ゆみが魅せる極上パイズリ480分,JUMS-179,,2026-07-24,481分鐘,,マドンナ,Madonna,,成熟的女人、乳交、合集、已婚婦女、4小時以上作品、高畫質、巨乳、DMM獨家,多人,https://www.javbus.com/JUMS-179,
HODV-20486 嗜虐のインセックス,HODV-20486 嗜虐のインセックス,HODV-20486,,2026-07-19,153分鐘,古賀丈史,h.m.p,奇譚クラブ,,放尿、SM、女同性戀、深喉、中出、按摩棒、バック、白目・失神,多人,https://www.javbus.com/HODV-20486,
JUMS-178 人妻の貞淑マ〇コが他人棒にイキ狂う 串刺し乱交BEST 7時間,JUMS-178 人妻の貞淑マ〇コが他人棒にイキ狂う 串刺し乱交BEST 7時間,JUMS-178,,2026-07-10,430分鐘,,マドンナ,Madonna,,成熟的女人、濫交、已婚婦女、中出、4小時以上作品、高畫質、DMM獨家,多人,https://www.javbus.com/JUMS-178,
JUMS-172 頑張るアナタへ専属美熟女39人が贈る、特別なご褒美ー。 お義母さんといっしょ 授乳手コキ射精ラッシュ！！母性溢れる濃密せっくす38本番8時間,JUMS-172 頑張るアナタへ専属美熟女39人が贈る、特別なご褒美ー。 お義母さんといっしょ 授乳手コキ射精ラッシュ！！母性溢れる濃密せっくす38本番8時間,JUMS-172,,2026-06-26,481分鐘,,マドンナ,Madonna,,成熟的女人、合集、已婚婦女、4小時以上作品、婆婆、高畫質、DMM獨家,多人,https://www.javbus.com/JUMS-172,
HMIX-057 バリキャリ女上司の卑猥な手ほどき 隙のない完璧すぎる女が見せた唯一の弱点！崩れたのはプライドか理性か！？ 終電後の倫理観崩壊マネジメントでコンプライアンス違反SEX！！ 20人4時間,HMIX-057 バリキャリ女上司の卑猥な手ほどき 隙のない完璧すぎる女が見せた唯一の弱点！崩れたのはプライドか理性か！？ 終電後の倫理観崩壊マネジメントでコンプライアンス違反SEX！！ 20人4時間,HMIX-057,,2026-06-20,240分鐘,,グローバルメディアエンタテインメント,ハイパーミックス（グローバルメディアエンタテインメント）,お得な総集編,成熟的女人、OL、合集、4小時以上作品、高畫質、女上司、DMM獨家,多人,https://www.javbus.com/HMIX-057,
JFB-509 小麦肌がシコすぎる！健康的過ぎる女体に精子をぶっかけ＆注入710分BEST,JFB-509 小麦肌がシコすぎる！健康的過ぎる女体に精子をぶっかけ＆注入710分BEST,JFB-509,,2026-06-12,710分鐘,,Fitch,Fitch,,合集、中出、4小時以上作品、高畫質、巨尻、日焼け、巨乳、DMM獨家,多人,https://www.javbus.com/JFB-509,
P-113 【期間限定熟女パック】巨乳ローションパック2606,P-113 【期間限定熟女パック】巨乳ローションパック2606,P-113,,2026-06-10,68分鐘,,JUKUJO99,熟女パック,期間限定熟女パック,成熟的女人、乳液、中出、女上位、高畫質、設置項目、巨乳、ヘルス・ソープ、DMM獨家,多人,https://www.javbus.com/P-113,
AIECB-016 【AIリマスター版】不倫 インケイジュ,AIECB-016 【AIリマスター版】不倫 インケイジュ,AIECB-016,,2026-06-09,112分鐘,K*WEST,WAAPサロン,WAAPグループ AIリマスター,インケイジュ,成熟的女人、女同性戀、雙性人、通姦、高畫質、巨乳,多人,https://www.javbus.com/AIECB-016,
JUMS-173 爆揺れ 爆イキ！！美熟女が絶頂に腰砕け！！どこから見始めても常にクライマックス 妊娠覚悟の激ピス中出し142連発8時間,JUMS-173 爆揺れ 爆イキ！！美熟女が絶頂に腰砕け！！どこから見始めても常にクライマックス 妊娠覚悟の激ピス中出し142連発8時間,JUMS-173,,2026-05-21,481分鐘,,マドンナ,Madonna,,成熟的女人、合集、已婚婦女、中出、4小時以上作品、高畫質、DMM獨家,多人,https://www.javbus.com/JUMS-173,
JUMS-169 上羽絢 羽ばたくFINAL BEST 16時間 奇跡のJカップと3年の軌跡 永遠の絢爛36タイトル90本番,JUMS-169 上羽絢 羽ばたくFINAL BEST 16時間 奇跡のJカップと3年の軌跡 永遠の絢爛36タイトル90本番,JUMS-169,,2026-05-07,961分鐘,,マドンナ,Madonna,女優BEST（マドンナ）,成熟的女人、已婚婦女、高畫質、女優ベスト・総集編、16時間以上作品、巨乳、DMM獨家,多人,https://www.javbus.com/JUMS-169,
JUMS-170 「な、何でもするからっ…ヤメて…あぁん、中だけはダメぇぇぇぇ！！」望まない中出し性交で、皮肉にも絶頂してしまった人妻 12時間BEST,JUMS-170 「な、何でもするからっ…ヤメて…あぁん、中だけはダメぇぇぇぇ！！」望まない中出し性交で、皮肉にも絶頂してしまった人妻 12時間BEST,JUMS-170,,2026-05-07,721分鐘,,マドンナ,Madonna,,成熟的女人、合集、已婚婦女、中出、4小時以上作品、高畫質、DMM獨家,多人,https://www.javbus.com/JUMS-170,
LZBS-127 レズれ！プレミアムベストSP 全身痙攣ガックガク…激ピスだらけのペニバンレズSEX,LZBS-127 レズれ！プレミアムベストSP 全身痙攣ガックガク…激ピスだらけのペニバンレズSEX,LZBS-127,,2026-04-24,592分鐘,,レズれ！,レズれ！ ベスト,レズれ！プレミアムBEST,玩具、女同性戀、潮吹、4小時以上作品、女同接吻、高畫質、巨乳、DMM獨家,多人,https://www.javbus.com/LZBS-127,
JUR-715 性欲発散できれば何でもいいんでしょ？彼女の母に性癖破壊されて沼っていく俺,JUR-715 性欲発散できれば何でもいいんでしょ？彼女の母に性癖破壊されて沼っていく俺,JUR-715,,2026-04-09,153分鐘,木村浩之,マドンナ,Madonna,,蕩婦、成熟的女人、母親、已婚婦女、高畫質、巨乳、4K、DMM獨家,多人,https://www.javbus.com/JUR-715,
BDST-10205 種付け特化Amazing 13発射！！10人の超絶美女に中出し！！ 星野あかり 春菜はな 高美はるか 辻井ほのか 中村知恵,BDST-10205 種付け特化Amazing 13発射！！10人の超絶美女に中出し！！ 星野あかり 春菜はな 高美はるか 辻井ほのか 中村知恵,BDST-10205,,2026-03-28,48分鐘,,いきなりエロざんまい,いきなりエロざんまい,種付け特化！！お楽しみセレクトパック,其他戀物癖、中出、巨尻、巨乳、配信専用,多人,https://www.javbus.com/BDST-10205,
HYAS-148 今が性欲ピーク！美熟女のオナニー100人8時間2枚組,HYAS-148 今が性欲ピーク！美熟女のオナニー100人8時間2枚組,HYAS-148,,2026-03-20,486分鐘,,ケイ・エム・プロデュース,100人,,成熟的女人、合集、乳房、4小時以上作品、高畫質、DMM獨家、自慰,多人,https://www.javbus.com/HYAS-148,
HYAS-147 濃密熟女浴場 泡々ぬるベチョ快楽ご奉仕で至高の射精に導く濃厚ソープ 100人 8時間,HYAS-147 濃密熟女浴場 泡々ぬるベチョ快楽ご奉仕で至高の射精に導く濃厚ソープ 100人 8時間,HYAS-147,,2026-03-20,480分鐘,,ケイ・エム・プロデュース,100人,,成熟的女人、合集、妓女、4小時以上作品、高畫質、巨乳、DMM獨家,多人,https://www.javbus.com/HYAS-147,
CEMD-820 超人気女優達の濃厚フェラたっぷり見せます！！フェラチオ限定BOX～25時間52分,CEMD-820 超人気女優達の濃厚フェラたっぷり見せます！！フェラチオ限定BOX～25時間52分,CEMD-820,,2026-03-06,1554分鐘,,セレブの友,,,口交、合集、深喉、主觀視角、16時間以上作品、DMM獨家、顏射,多人,https://www.javbus.com/CEMD-820,
UMSO-631 むちむち熟ボディ大全集！恵体熟女12人BEST,UMSO-631 むちむち熟ボディ大全集！恵体熟女12人BEST,UMSO-631,,2026-02-20,242分鐘,,ケイ・エム・プロデュース,UMANAMI,,成熟的女人、胖女人、合集、4小時以上作品、高畫質、巨乳、DMM獨家,多人,https://www.javbus.com/UMSO-631,
UMSO-628 マジでイッちゃう5分前！40人の発射5分前からお見せします！VOL.10,UMSO-628 マジでイッちゃう5分前！40人の発射5分前からお見せします！VOL.10,UMSO-628,,2026-02-20,240分鐘,,ケイ・エム・プロデュース,UMANAMI,マジでイッちゃう5分前！○人の発射5分前からお見せます！,成熟的女人、合集、乳房、4小時以上作品、高畫質、巨乳、DMM獨家,多人,https://www.javbus.com/UMSO-628,
TOMNVD-023 【凄テク】鉄板女優のフェラチオBEST 80発射 見つめながらじっくりねっとり舐めしゃぶる540分,TOMNVD-023 【凄テク】鉄板女優のフェラチオBEST 80発射 見つめながらじっくりねっとり舐めしゃぶる540分,TOMNVD-023,,2026-02-19,540分鐘,,TEPPAN,TEPPAN,,蕩婦、口交、合集、花癡、4小時以上作品、高畫質、汗だく、DMM獨家,多人,https://www.javbus.com/TOMNVD-023,
JUMS-160 「そ…それ以上はダメぇ！！！」貞淑妻の理性が滝のように弾け飛ぶハメ潮絶頂 37選 240分BEST,JUMS-160 「そ…それ以上はダメぇ！！！」貞淑妻の理性が滝のように弾け飛ぶハメ潮絶頂 37選 240分BEST,JUMS-160,,2026-02-05,240分鐘,,マドンナ,Madonna,,成熟的女人、潮吹、合集、已婚婦女、4小時以上作品、高畫質、アクメ・オーガズム、DMM獨家,多人,https://www.javbus.com/JUMS-160,
OOMNVD-011 【限界85連発】無防備なパンチラ・胸チラ・着替え 生々しく覗く無警戒な人妻の日常生活,OOMNVD-011 【限界85連発】無防備なパンチラ・胸チラ・着替え 生々しく覗く無警戒な人妻の日常生活,OOMNVD-011,,2026-01-31,419分鐘,,ABC/妄想族,お母さん.com（ABC/妄想族）,,成熟的女人、苗條、母親、其他戀物癖、合集、4小時以上作品、DMM專屬、巨乳、妄想族、DMM獨家,多人,https://www.javbus.com/OOMNVD-011,
GML-679 色情呑み屋横丁の恋 豊満熟女居酒屋 後編,GML-679 色情呑み屋横丁の恋 豊満熟女居酒屋 後編,GML-679,,2026-01-31,51分鐘,,グローバルメディアエンタテインメント,グローバルメディアライト,色情呑み屋横丁の恋,成熟的女人、各種職業、女主人、女老板、高畫質、戲劇、巨乳、DMM獨家,多人,https://www.javbus.com/GML-679,
KSBJ-414 隣に住む三十路夫婦の生々しい夜,KSBJ-414 隣に住む三十路夫婦の生々しい夜,KSBJ-414,,2026-01-30,243分鐘,,KSB企画/エマニエル,KSB企画/エマニエル,,成熟的女人、合集、已婚婦女、中出、4小時以上作品、高畫質、エマニエル、DMM獨家,多人,https://www.javbus.com/KSBJ-414,
CEMD-800 超有名女優達も素顔を晒したプライベート感満載のラブラブハメ撮りデート映像集～22時間33分8枚組BOX,CEMD-800 超有名女優達も素顔を晒したプライベート感満載のラブラブハメ撮りデート映像集～22時間33分8枚組BOX,CEMD-800,,2026-01-23,1354分鐘,,セレブの友,,,第一人稱攝影、野外・露出、合集、纪录片、中出、16時間以上作品、DMM獨家,多人,https://www.javbus.com/CEMD-800,
LZBS-126 レズれ！プレミアムベスト10時間SP【ヘッドフォン推奨】ネチョネチョ音響き渡るベロ喰いベロ吸い女同士のレズキスセックス,LZBS-126 レズれ！プレミアムベスト10時間SP【ヘッドフォン推奨】ネチョネチョ音響き渡るベロ喰いベロ吸い女同士のレズキスセックス,LZBS-126,,2026-01-23,604分鐘,,レズれ！,レズれ！ ベスト,レズれ！プレミアムBEST,女同性戀、乳房、4小時以上作品、女同接吻、高畫質、巨乳、アクメ・オーガズム、DMM獨家,多人,https://www.javbus.com/LZBS-126,
CEMD-794 快楽に溺れる『禁断の近親相姦セックス』～プレミアムベストBOX 21時間06分8枚組,CEMD-794 快楽に溺れる『禁断の近親相姦セックス』～プレミアムベストBOX 21時間06分8枚組,CEMD-794,,2026-01-09,1246分鐘,,セレブの友,,,蕩婦、合集、亂倫、花癡、中出、16時間以上作品、DMM獨家,多人,https://www.javbus.com/CEMD-794,
NACX-163 レジェンド美熟女10人BEST VOL.03,NACX-163 レジェンド美熟女10人BEST VOL.03,NACX-163,,2026-01-04,242分鐘,,プラネットプラス,七狗留,レジェンド美熟女○人BEST,成熟的女人、合集、4小時以上作品、高畫質、巨尻、巨乳,多人,https://www.javbus.com/NACX-163,
JHEM-040 異常快楽に震える淫猥な肉体… 緊縛調教される未亡人 陰湿縄遊戯 麻縄と蝋燭の強烈な刺激に悶え喘ぐ熟れた身体 5名収録 120分,JHEM-040 異常快楽に震える淫猥な肉体… 緊縛調教される未亡人 陰湿縄遊戯 麻縄と蝋燭の強烈な刺激に悶え喘ぐ熟れた身体 5名収録 120分,JHEM-040,,2026-01-01,120分鐘,,熟女本舗/エマニエル,熟女本舗（熟女本舗/エマニエル）,,成熟的女人、紧缚、合集、凌辱、高畫質、故事集、エマニエル、DMM獨家,多人,https://www.javbus.com/JHEM-040,
LZBS-125 レズれ！プレミアムベスト10時間SP 巨乳・美乳入り乱れるおっぱい激揺れレズセックス,LZBS-125 レズれ！プレミアムベスト10時間SP 巨乳・美乳入り乱れるおっぱい激揺れレズセックス,LZBS-125,,2025-12-19,605分鐘,,レズれ！,レズれ！ ベスト,レズれ！プレミアムBEST,女同性戀、戀乳癖、4小時以上作品、女同接吻、高畫質、巨乳、アクメ・オーガズム、DMM獨家,多人,https://www.javbus.com/LZBS-125,
MBYD-417 そこらの少女じゃ出せない色気ー。平均Hカップ以上のフェロモンムンムン肉感ボディ集結 歴代溜池ゴロー超厳選爆乳熟女BEST20人,MBYD-417 そこらの少女じゃ出せない色気ー。平均Hカップ以上のフェロモンムンムン肉感ボディ集結 歴代溜池ゴロー超厳選爆乳熟女BEST20人,MBYD-417,,2025-12-11,240分鐘,,溜池ゴロー,溜池ゴロー,,成熟的女人、合集、已婚婦女、4小時以上作品、高畫質、巨乳、DMM獨家,多人,https://www.javbus.com/MBYD-417,
JUMS-146 ベロマ○コで乳首をこねくり強●射精！！ドエロい人妻が限界まで興奮とチ○ポを滾らせる最狂に気持ちイイ手コキラッシュ66連発440分,JUMS-146 ベロマ○コで乳首をこねくり強●射精！！ドエロい人妻が限界まで興奮とチ○ポを滾らせる最狂に気持ちイイ手コキラッシュ66連発440分,JUMS-146,,2025-12-04,448分鐘,,マドンナ,Madonna,,成熟的女人、合集、已婚婦女、4小時以上作品、高畫質、DMM獨家、打手槍,多人,https://www.javbus.com/JUMS-146,
BBSS-101 レズ初心者大歓迎！ビビアン豪華特盛年末SALE！ 名作レズセックス50作品88名8時間SPECIAL BEST,BBSS-101 レズ初心者大歓迎！ビビアン豪華特盛年末SALE！ 名作レズセックス50作品88名8時間SPECIAL BEST,BBSS-101,,2025-12-04,481分鐘,,ビビアン,ビビアン,,女同性戀、合集、多P、4小時以上作品、女同接吻、高畫質、アクメ・オーガズム、DMM獨家,多人,https://www.javbus.com/BBSS-101,
FXAIH-519 【AIリマスター版】ヘンリー塚本監督作品 あ～いっちゃう～ 生きて味わう この世の天国 のたうついい女が20人,FXAIH-519 【AIリマスター版】ヘンリー塚本監督作品 あ～いっちゃう～ 生きて味わう この世の天国 のたうついい女が20人,FXAIH-519,,2025-11-21,126分鐘,ヘンリー塚本,FAプロ,FAプロ,生きて味わうこの世の天国,成熟的女人、花癡、高畫質、戲劇、故事集、DMM獨家,多人,https://www.javbus.com/FXAIH-519,
NASK-315 巨乳熟女セレクション16人,NASK-315 巨乳熟女セレクション16人,NASK-315,,2025-11-07,242分鐘,,なでしこ,Nadeshiko,,成熟的女人、合集、4小時以上作品、高畫質、巨尻、巨乳、DMM獨家,多人,https://www.javbus.com/NASK-315,
LZBS-123 レズれ！プレミアムベスト10時間SP 絶頂するまで濡れマ●コをベロベロに舐め回すレズクンニオーガズム,LZBS-123 レズれ！プレミアムベスト10時間SP 絶頂するまで濡れマ●コをベロベロに舐め回すレズクンニオーガズム,LZBS-123,,2025-10-24,602分鐘,,レズれ！,レズれ！ ベスト,レズれ！プレミアムBEST,女同性戀、舔陰、4小時以上作品、女同接吻、高畫質、巨乳、アクメ・オーガズム、DMM獨家,多人,https://www.javbus.com/LZBS-123,
HYJD-006 グローバルメディア25周年記念特別作品！！ 人気シリーズ別ベストBOX 豪華5枚組100作品収録1200分 官能ドラマと激エロSEXを堪能！！ 今回のためだけに新規編集で濃厚なヌキどころを詰め込んだ大満足の20時間,HYJD-006 グローバルメディア25周年記念特別作品！！ 人気シリーズ別ベストBOX 豪華5枚組100作品収録1200分 官能ドラマと激エロSEXを堪能！！ 今回のためだけに新規編集で濃厚なヌキどころを詰め込んだ大満足の20時間,HYJD-006,,2025-10-24,1201分鐘,,グローバルメディアエンタテインメント,ハイパー熟道,,成熟的女人、合集、已婚婦女、高畫質、故事集、16時間以上作品、DMM獨家,多人,https://www.javbus.com/HYJD-006,
JUMS-145 貞淑ぶった変態妻の化けの皮を剥がしたい…俺専用！！都合の良いドマゾ肉オナホ30選 8時間,JUMS-145 貞淑ぶった変態妻の化けの皮を剥がしたい…俺専用！！都合の良いドマゾ肉オナホ30選 8時間,JUMS-145,,2025-10-23,481分鐘,,マドンナ,Madonna,,成熟的女人、SM、合集、已婚婦女、拘束、4小時以上作品、高畫質、DMM獨家,多人,https://www.javbus.com/JUMS-145,
BIJC-024 イッてもイッても止まらない お下品美熟女の本能丸出しゴン突き 淫乱発情欲しがりSEX,BIJC-024 イッてもイッても止まらない お下品美熟女の本能丸出しゴン突き 淫乱発情欲しがりSEX,BIJC-024,,2025-10-17,282分鐘,,美人魔女/エマニエル,美人魔女MAX,イッてもイッても止まらない,成熟的女人、合集、已婚婦女、4小時以上作品、高畫質、ビッチ、エマニエル、DMM獨家,多人,https://www.javbus.com/BIJC-024,
JHEM-037 エグ過ぎる衝撃映像！！ 絶望の阿鼻叫喚！ リアル強●ドキュメントドラマ 人妻レ●プ事件譚 昼下がりの住宅を狙う卑劣な性犯罪者に欲望のまま犯●れ泣き悶え喘ぐ熟女たち… 5名収録 120分,JHEM-037 エグ過ぎる衝撃映像！！ 絶望の阿鼻叫喚！ リアル強●ドキュメントドラマ 人妻レ●プ事件譚 昼下がりの住宅を狙う卑劣な性犯罪者に欲望のまま犯●れ泣き悶え喘ぐ熟女たち… 5名収録 120分,JHEM-037,,2025-10-03,122分鐘,,熟女本舗/エマニエル,熟女本舗（熟女本舗/エマニエル）,,成熟的女人、合集、已婚婦女、凌辱、高畫質、故事集、エマニエル、DMM獨家,多人,https://www.javbus.com/JHEM-037,
JUMS-136 種付けザーメン注ぎまくってこのまま孕ませてやろうぜ…！！ 旦那の身代わりになった美人妻をハメ倒し中出しレ●プ113発720分,JUMS-136 種付けザーメン注ぎまくってこのまま孕ませてやろうぜ…！！ 旦那の身代わりになった美人妻をハメ倒し中出しレ●プ113発720分,JUMS-136,,2025-09-25,721分鐘,,マドンナ,Madonna,,成熟的女人、已婚婦女、凌辱、4小時以上作品、高畫質、女優ベスト・総集編、DMM獨家,多人,https://www.javbus.com/JUMS-136,
NASK-289 極上の昭和官能ドラマ 戦時戦後に翻弄された女たちの儚くも淫猥な生々しいエロス 6人4時間,NASK-289 極上の昭和官能ドラマ 戦時戦後に翻弄された女たちの儚くも淫猥な生々しいエロス 6人4時間,NASK-289,,2025-09-19,240分鐘,,なでしこ,Nadeshiko,極上の昭和官能ドラマ,成熟的女人、合集、4小時以上作品、高畫質、戲劇、DMM獨家,多人,https://www.javbus.com/NASK-289,
KND-029 グローバルメディア25周年記念！！ 厳選スペシャルBOX 緊縛調教に悶える女たち 異常快楽縄奴●遊戯記録譚 8枚組 1220分,KND-029 グローバルメディア25周年記念！！ 厳選スペシャルBOX 緊縛調教に悶える女たち 異常快楽縄奴●遊戯記録譚 8枚組 1220分,KND-029,,2025-09-19,1256分鐘,,グローバルメディアエンタテインメント,長期熟成グローバル,お得な総集編,成熟的女人、紧缚、已婚婦女、高畫質、戲劇、16時間以上作品、DMM獨家,多人,https://www.javbus.com/KND-029,
GMSP-018 【極上巨乳泡姫！】熟女ソープ 10作品 1200分 濃厚ねっとり快楽天国！ 和風湯屋ぬるべちょ奉仕 柔肌が密着する昇天必至の性接待,GMSP-018 【極上巨乳泡姫！】熟女ソープ 10作品 1200分 濃厚ねっとり快楽天国！ 和風湯屋ぬるべちょ奉仕 柔肌が密着する昇天必至の性接待,GMSP-018,,2025-09-19,1205分鐘,,グローバルメディアエンタテインメント,,グローバルメディアスペシャル福袋,和服・喪服、成熟的女人、乳液、主觀視角、高畫質、16時間以上作品、設置項目、ヘルス・ソープ、福袋、DMM獨家,多人,https://www.javbus.com/GMSP-018,
JUMS-143 こんなスケベな奥さんに誘われたら一線を越えてもしょうがない！！近所の極上美人妻と逆レ×プセックス8時間（JUMS-143）,JUMS-143 こんなスケベな奥さんに誘われたら一線を越えてもしょうがない！！近所の極上美人妻と逆レ×プセックス8時間（JUMS-143）,JUMS-143,,2025-09-18,481分鐘,,マドンナ,Madonna,近所の極上美人妻と逆レ×プセックス8時間,蕩婦、成熟的女人、合集、已婚婦女、4小時以上作品、高畫質、DMM獨家,多人,https://www.javbus.com/JUMS-143,
ZOOO-220 令和の時代劇AV くノ一 快楽地獄の罠 勇ましき女忍者が捕らわれ慰み者となる濃厚官能絵巻 6名収録 240分,ZOOO-220 令和の時代劇AV くノ一 快楽地獄の罠 勇ましき女忍者が捕らわれ慰み者となる濃厚官能絵巻 6名収録 240分,ZOOO-220,,2025-09-17,240分鐘,,ZOOO,ZOOO,,成熟的女人、合集、凌辱、4小時以上作品、高畫質、女忍者,多人,https://www.javbus.com/ZOOO-220,
MXDLP-307 逃れられない玩具攻め！イカされまくりの4時間 4,MXDLP-307 逃れられない玩具攻め！イカされまくりの4時間 4,MXDLP-307,,2025-09-15,240分鐘,,マキシング,MAXING,逃れられない玩具攻め,玩具、潮吹、合集、多P、4小時以上作品、高畫質、アクメ・オーガズム,多人,https://www.javbus.com/MXDLP-307,
JUMS-141 「夫のチ〇ポでしか感じない…」と言い張る塩対応の人妻が快楽に抗えず他人棒で絶頂SEX 33選470分BEST,JUMS-141 「夫のチ〇ポでしか感じない…」と言い張る塩対応の人妻が快楽に抗えず他人棒で絶頂SEX 33選470分BEST,JUMS-141,,2025-09-04,468分鐘,,マドンナ,Madonna,,成熟的女人、合集、已婚婦女、中出、4小時以上作品、高畫質、DMM獨家,多人,https://www.javbus.com/JUMS-141,
MXDLP-0307 逃れられない玩具攻め！イカされまくりの4時間 4 花音うらら 飛鳥りん 咲野の花 由愛可奈 高井ルナ,MXDLP-0307 逃れられない玩具攻め！イカされまくりの4時間 4 花音うらら 飛鳥りん 咲野の花 由愛可奈 高井ルナ,MXDLP-0307,,2025-09-01,241分鐘,,MAXING,MAXING,,合集、4小時以上作品、配信専用、オモチャ,多人,https://www.javbus.com/MXDLP-0307,
JUMS-139 男達が貞淑人妻の口内を●す！ 乱交囲みフェラ125連射460分BEST！,JUMS-139 男達が貞淑人妻の口内を●す！ 乱交囲みフェラ125連射460分BEST！,JUMS-139,,2025-08-21,462分鐘,,マドンナ,Madonna,,成熟的女人、濫交、口交、已婚婦女、多P、4小時以上作品、高畫質、DMM獨家,多人,https://www.javbus.com/JUMS-139,
JUMS-135 美熟女と少年が情熱的に求め合う年の差セックス31人 8時間,JUMS-135 美熟女と少年が情熱的に求め合う年の差セックス31人 8時間,JUMS-135,,2025-08-07,481分鐘,,マドンナ,Madonna,燃え上がる年の差セックス,成熟的女人、合集、已婚婦女、通姦、4小時以上作品、高畫質、DMM獨家,多人,https://www.javbus.com/JUMS-135,
GML-578 熟女レズ 美熟女レズビアン 友田真希 風間ゆみ 前編,GML-578 熟女レズ 美熟女レズビアン 友田真希 風間ゆみ 前編,GML-578,,2025-08-02,61分鐘,,グローバルメディアエンタテインメント,グローバルメディアライト,熟女レズ（グローバル）,成熟的女人、女同性戀、乳液、美容院、高畫質、DMM獨家,多人,https://www.javbus.com/GML-578,
GML-579 熟女レズ 美熟女レズビアン 友田真希 風間ゆみ 後編,GML-579 熟女レズ 美熟女レズビアン 友田真希 風間ゆみ 後編,GML-579,,2025-08-02,65分鐘,,グローバルメディアエンタテインメント,グローバルメディアライト,熟女レズ（グローバル）,成熟的女人、女同性戀、乳液、美容院、高畫質、DMM獨家,多人,https://www.javbus.com/GML-579,
CEAD-695 ～無理矢理ヤラれて感じまくる～風間ゆみ 2枚組ハイパーベスト7時間59分,CEAD-695 ～無理矢理ヤラれて感じまくる～風間ゆみ 2枚組ハイパーベスト7時間59分,CEAD-695,,2025-07-19,477分鐘,,セレブの友,,ハイパーベスト,成熟的女人、SM、中出、4小時以上作品、女優ベスト・総集編、巨乳、DMM獨家,多人,https://www.javbus.com/CEAD-695,
UMSO-604 ぽっちゃり熟女SEXカタログ50人VOL.02,UMSO-604 ぽっちゃり熟女SEXカタログ50人VOL.02,UMSO-604,,2025-07-19,242分鐘,,ケイ・エム・プロデュース,UMANAMI,ぽっちゃり熟女SEXカタログ,成熟的女人、胖女人、合集、4小時以上作品、高畫質、巨乳、DMM獨家,多人,https://www.javbus.com/UMSO-604,
HMIX-047 驚愕！！ 人妻レ●プ事件 無理やり肉棒を捻じ込まれ中出し！！ 嗚咽と嬌声が響く衝撃の強●現場 20人 4時間,HMIX-047 驚愕！！ 人妻レ●プ事件 無理やり肉棒を捻じ込まれ中出し！！ 嗚咽と嬌声が響く衝撃の強●現場 20人 4時間,HMIX-047,,2025-07-19,240分鐘,,グローバルメディアエンタテインメント,ハイパーミックス（グローバルメディアエンタテインメント）,お得な総集編,成熟的女人、合集、已婚婦女、4小時以上作品、高畫質、DMM獨家,多人,https://www.javbus.com/HMIX-047,
SVS-088 綺麗なお姉さんが下品な淫語で僕を誘う 脳汁ダダ漏れ我慢汁溢れる淫語痴女,SVS-088 綺麗なお姉さんが下品な淫語で僕を誘う 脳汁ダダ漏れ我慢汁溢れる淫語痴女,SVS-088,,2025-07-19,277分鐘,,AVS collector’s,AVSCollector’s,,蕩婦、淫語、姐姐、4小時以上作品、主觀視角、高畫質、ビッチ、DMM獨家,多人,https://www.javbus.com/SVS-088,
JUR-395 娘の身代わりに同人AVデビューした母 風間ゆみ 賀川かのこ,JUR-395 娘の身代わりに同人AVデビューした母 風間ゆみ 賀川かのこ,JUR-395,,2025-07-04,119分鐘,河合穣治,マドンナ,Madonna,娘の身代わりに同人AVデビューした母,成熟的女人、第一人稱攝影、已婚婦女、高畫質、戲劇、巨乳、DMM獨家,多人,https://www.javbus.com/JUR-395,
JUMS-131 悩めるバキバキ童貞にオトナの美女が与える人生最高の射精体験 筆おろしBEST35人 8時間,JUMS-131 悩めるバキバキ童貞にオトナの美女が与える人生最高の射精体験 筆おろしBEST35人 8時間,JUMS-131,,2025-07-04,481分鐘,,マドンナ,Madonna,,成熟的女人、合集、已婚婦女、4小時以上作品、高畫質、處男、DMM獨家,多人,https://www.javbus.com/JUMS-131,
ACJM-001 Madonna×M男×Achijo 大人の総合格闘技 5分×3Round、KO（射精）のみ、ルール（体位）無制限！！スペシャルタイトルマッチ96戦 8時間,ACJM-001 Madonna×M男×Achijo 大人の総合格闘技 5分×3Round、KO（射精）のみ、ルール（体位）無制限！！スペシャルタイトルマッチ96戦 8時間,ACJM-001,,2025-07-04,481分鐘,,マドンナ,ACHIJO（アチージョ）,,蕩婦、成熟的女人、合集、已婚婦女、4小時以上作品、高畫質、M男、DMM獨家,多人,https://www.javbus.com/ACJM-001,
XMOM-94 寝取られ淫乱妻 夫以外のデカチンが好き,XMOM-94 寝取られ淫乱妻 夫以外のデカチンが好き,XMOM-94,,2025-06-26,240分鐘,,センタービレッジ,桃色吐息,,成熟的女人、合集、已婚婦女、出軌、デカチン・巨根、配信専用、フルハイビジョン(FHD),多人,https://www.javbus.com/XMOM-94,
XMOM-094 寝取られ淫乱妻 夫以外のデカチンが好き,XMOM-094 寝取られ淫乱妻 夫以外のデカチンが好き,XMOM-094,,2025-06-26,243分鐘,,センタービレッジ,桃色吐息,,成熟的女人、合集、通姦、4小時以上作品、高畫質,多人,https://www.javbus.com/XMOM-094,
CEAD-690 感じすぎていっぱいおもらしごめんなさい…SPECIAL BEST 8時間,CEAD-690 感じすぎていっぱいおもらしごめんなさい…SPECIAL BEST 8時間,CEAD-690,,2025-06-21,482分鐘,,セレブの友,,感じすぎていっぱいおもらしごめんなさい…,成熟的女人、潮吹、合集、多P、羞恥、4小時以上作品、高畫質、DMM獨家,多人,https://www.javbus.com/CEAD-690,
LZBS-119 最高の凄テクレズビアン驚異の10時間スペシャルBEST 業界最高峰！絶対に抜ける女神プレイ4 イカセ特化でエビ反り絶頂させる絶倫レズビアン達,LZBS-119 最高の凄テクレズビアン驚異の10時間スペシャルBEST 業界最高峰！絶対に抜ける女神プレイ4 イカセ特化でエビ反り絶頂させる絶倫レズビアン達,LZBS-119,,2025-06-21,603分鐘,,レズれ！,レズれ！ ベスト,最高の凄テクレズビアン,女同性戀、潮吹、舔陰、4小時以上作品、女同接吻、高畫質、巨乳、DMM獨家,多人,https://www.javbus.com/LZBS-119,
SVS-087 気が狂うまでオスたちを追い詰める淫乱波状攻撃！！ヤラレたい…！寸止めと昇天の5時間51プレイ収録 イキ殺しM性感 ドバドバ射精しながらケツでイクぅ！ 激ヤバの絶頂地獄でボク死んじゃうかも,SVS-087 気が狂うまでオスたちを追い詰める淫乱波状攻撃！！ヤラレたい…！寸止めと昇天の5時間51プレイ収録 イキ殺しM性感 ドバドバ射精しながらケツでイクぅ！ 激ヤバの絶頂地獄でボク死んじゃうかも,SVS-087,,2025-06-21,300分鐘,,AVS collector’s,,,蕩婦、紧缚、4小時以上作品、高畫質、M男、DMM獨家,多人,https://www.javbus.com/SVS-087,
JUMS-129 国宝級人妻たち30人が日替わりで極上のエロスをお届け！！ Madonna美熟女SEXカレンダー2025 16時間,JUMS-129 国宝級人妻たち30人が日替わりで極上のエロスをお届け！！ Madonna美熟女SEXカレンダー2025 16時間,JUMS-129,,2025-06-20,962分鐘,,マドンナ,Madonna,Madonna美熟女SEXカレンダー,成熟的女人、合集、已婚婦女、高畫質、戲劇、16時間以上作品、DMM獨家,多人,https://www.javbus.com/JUMS-129,
ZOOO-201 白昼の悪夢 極悪男に蹂躙された美熟女たち 慰み者となり見知らぬ男の肉棒を捩じ込まれ嗚咽まじりにイキ悶える！！ 12名収録 240分,ZOOO-201 白昼の悪夢 極悪男に蹂躙された美熟女たち 慰み者となり見知らぬ男の肉棒を捩じ込まれ嗚咽まじりにイキ悶える！！ 12名収録 240分,ZOOO-201,,2025-06-12,242分鐘,,ZOOO,ZOOO,,成熟的女人、合集、已婚婦女、凌辱、4小時以上作品、高畫質,多人,https://www.javbus.com/ZOOO-201,
JUR-350 専属巨乳グラマラス豪華4人共演！！ 町内会の打ち上げでやってきた温泉旅行に男は僕一人だけ 欲求不満な人妻たちと過ごす2泊3日 オトナの搾精修学旅行,JUR-350 専属巨乳グラマラス豪華4人共演！！ 町内会の打ち上げでやってきた温泉旅行に男は僕一人だけ 欲求不満な人妻たちと過ごす2泊3日 オトナの搾精修学旅行,JUR-350,,2025-06-06,183分鐘,肉尊,マドンナ,Madonna,,成熟的女人、已婚婦女、高畫質、温泉、汗だく、巨乳、4K、DMM獨家,多人,https://www.javbus.com/JUR-350,
OOMNVD-010 美熟女激テク白濁ザーメン濃厚フェラチオBEST 130名,OOMNVD-010 美熟女激テク白濁ザーメン濃厚フェラチオBEST 130名,OOMNVD-010,,2025-06-01,409分鐘,,ABC/妄想族,お母さん.com（ABC/妄想族）,,成熟的女人、母親、口交、合集、4小時以上作品、婆婆、DMM專屬、妄想族、DMM獨家,多人,https://www.javbus.com/OOMNVD-010,
LZBS-118 レズれ！プレミアムベスト10時間SP 膣奥までネジ込んでイキ狂うまでピストンするバリカタペニバンSEX,LZBS-118 レズれ！プレミアムベスト10時間SP 膣奥までネジ込んでイキ狂うまでピストンするバリカタペニバンSEX,LZBS-118,,2025-05-24,604分鐘,,レズれ！,レズれ！ ベスト,レズれ！プレミアムBEST,玩具、女同性戀、潮吹、4小時以上作品、女同接吻、高畫質、巨乳、DMM獨家,多人,https://www.javbus.com/LZBS-118,
UMSO-598 全裸掃除図鑑65人8時間2枚組,UMSO-598 全裸掃除図鑑65人8時間2枚組,UMSO-598,,2025-05-24,485分鐘,,ケイ・エム・プロデュース,UMANAMI,,其他戀物癖、合集、4小時以上作品、高畫質、巨尻、巨乳、DMM獨家,多人,https://www.javbus.com/UMSO-598,
TOMNVD-012 ねじ伏せる圧倒的征服感100名 寝バックの深～イイッ挿入でポルチオぐりぐりBEST,TOMNVD-012 ねじ伏せる圧倒的征服感100名 寝バックの深～イイッ挿入でポルチオぐりぐりBEST,TOMNVD-012,,2025-05-16,393分鐘,,TEPPAN,TEPPAN,ねじ伏せる圧倒的征服感 寝バック,合集、屁股、花癡、美少女、4小時以上作品、高畫質、バック、DMM獨家,多人,https://www.javbus.com/TOMNVD-012,
CEMD-682 厳選トップ熟女優限定！！ヌケ過ぎる名作丸ごと福袋BOX 28時間50分8枚組,CEMD-682 厳選トップ熟女優限定！！ヌケ過ぎる名作丸ごと福袋BOX 28時間50分8枚組,CEMD-682,,2025-05-10,1730分鐘,,セレブの友,,,成熟的女人、合集、亂倫、花癡、中出、16時間以上作品、DMM獨家,多人,https://www.javbus.com/CEMD-682,
CEAD-682 厳選3P・4P乱交セックス 2枚組ハイパーベスト5時間36分,CEAD-682 厳選3P・4P乱交セックス 2枚組ハイパーベスト5時間36分,CEAD-682,,2025-05-10,336分鐘,,セレブの友,,ハイパーベスト,成熟的女人、濫交、合集、多P、4小時以上作品、ハーレム、DMM獨家,多人,https://www.javbus.com/CEAD-682,
HDKA-319 はだかの主婦 巨尻特化セレクションVOL.01,HDKA-319 はだかの主婦 巨尻特化セレクションVOL.01,HDKA-319,,2025-05-05,243分鐘,,プラネットプラス,裸婦趣向,裸の主婦,胖女人、合集、已婚婦女、4小時以上作品、高畫質、巨尻,多人,https://www.javbus.com/HDKA-319,
KSBJ-378 巨尻熟女ベストセレクション52人,KSBJ-378 巨尻熟女ベストセレクション52人,KSBJ-378,,2025-05-03,244分鐘,,KSB企画/エマニエル,KSB企画/エマニエル,,成熟的女人、合集、4小時以上作品、高畫質、巨尻、巨乳、エマニエル、DMM獨家,多人,https://www.javbus.com/KSBJ-378,
OOMNVD-009 息子の愚息に蜜壺を湿らす母親が手コキ×フェラ×パイズリで精液を搾り出す400分 82名のお母さんがイカせてあげるBEST,OOMNVD-009 息子の愚息に蜜壺を湿らす母親が手コキ×フェラ×パイズリで精液を搾り出す400分 82名のお母さんがイカせてあげるBEST,OOMNVD-009,,2025-05-01,399分鐘,,ABC/妄想族,お母さん.com（ABC/妄想族）,,成熟的女人、口交、乳交、合集、4小時以上作品、DMM專屬、妄想族、DMM獨家、打手槍,多人,https://www.javbus.com/OOMNVD-009,
CRFV-010 クリスタル映像40周年記念 人妻温泉21時間シリーズ10タイトルまるごと1312分大収録！,CRFV-010 クリスタル映像40周年記念 人妻温泉21時間シリーズ10タイトルまるごと1312分大収録！,CRFV-010,,2025-04-26,1316分鐘,,クリスタル映像,MADAM MANIAC,人妻温泉 癒し系,潮吹、已婚婦女、多P、乳房、中出、女上位、顏面騎乘、顏射、温泉、16時間以上作品、設置項目、巨乳、バック、DMM獨家,多人,https://www.javbus.com/CRFV-010,
ATKD-389 ATTACKERS PRESENTS レジェンド女優の若かりしあの頃 総集編10時間,ATKD-389 ATTACKERS PRESENTS レジェンド女優の若かりしあの頃 総集編10時間,ATKD-389,,2025-04-25,647分鐘,,アタッカーズ,Attackers BEST,ATTACKERS THE BEST,合集、凌辱、4小時以上作品、高畫質、出軌、戲劇、DMM獨家,多人,https://www.javbus.com/ATKD-389,
HMIX-044 衝撃の拉致強●！！ 人妻捕鯨船 強●イカセに悶絶！大量潮吹き連発！！ 15人 4時間,HMIX-044 衝撃の拉致強●！！ 人妻捕鯨船 強●イカセに悶絶！大量潮吹き連発！！ 15人 4時間,HMIX-044,,2025-04-19,242分鐘,,グローバルメディアエンタテインメント,ハイパーミックス（グローバルメディアエンタテインメント）,お得な総集編,成熟的女人、潮吹、合集、已婚婦女、4小時以上作品、高畫質、DMM獨家,多人,https://www.javbus.com/HMIX-044,
JUMS-121 月に一度、最も子宮が疼き出す着床確実の不貞に溺れる人妻達、 危険日カレンダー2025 15時間,JUMS-121 月に一度、最も子宮が疼き出す着床確実の不貞に溺れる人妻達、 危険日カレンダー2025 15時間,JUMS-121,,2025-04-18,932分鐘,,マドンナ,Madonna,,成熟的女人、已婚婦女、中出、4小時以上作品、高畫質、戲劇、DMM獨家,多人,https://www.javbus.com/JUMS-121,
OOMNVD-008 無防備で艶めかしい美女の着替え 特大ボリューム400分じっくり視姦するBEST 105名,OOMNVD-008 無防備で艶めかしい美女の着替え 特大ボリューム400分じっくり視姦するBEST 105名,OOMNVD-008,,2025-04-18,399分鐘,,ABC/妄想族,お母さん.com（ABC/妄想族）,無防備で艶めかしい美女の着替え,成熟的女人、苗條、其他戀物癖、合集、4小時以上作品、DMM專屬、巨乳、妄想族、DMM獨家,多人,https://www.javbus.com/OOMNVD-008,
ZOOO-189 お漏らし母に欲情する息子 無防備な放尿姿に勃起！濡れた股間の誘惑 10名収録 240分,ZOOO-189 お漏らし母に欲情する息子 無防備な放尿姿に勃起！濡れた股間の誘惑 10名収録 240分,ZOOO-189,,2025-04-17,241分鐘,,ZOOO,ZOOO,,成熟的女人、母親、已婚婦女、凌辱、羞恥、4小時以上作品、高畫質,多人,https://www.javbus.com/ZOOO-189,
ZOOO-190 飼い慣らされた母 熟れた身体が異常快楽に堕ち肉便器と化す！！ 10名収録 240分,ZOOO-190 飼い慣らされた母 熟れた身体が異常快楽に堕ち肉便器と化す！！ 10名収録 240分,ZOOO-190,,2025-04-17,242分鐘,,ZOOO,ZOOO,,成熟的女人、已婚婦女、中出、4小時以上作品、高畫質,多人,https://www.javbus.com/ZOOO-190,
CEAD-675 厳選SM拷問セックス 2枚組ハイパーベスト8時間00分,CEAD-675 厳選SM拷問セックス 2枚組ハイパーベスト8時間00分,CEAD-675,,2025-04-05,473分鐘,,セレブの友,,ハイパーベスト,SM、紧缚、合集、深喉、拘束、4小時以上作品、DMM獨家,多人,https://www.javbus.com/CEAD-675,
JUMS-119 イキたてほやほや敏感チ○ポを咥え込んで離さない！！おしゃぶり中毒奥様たちのお掃除フェラRUSH94連発8時間,JUMS-119 イキたてほやほや敏感チ○ポを咥え込んで離さない！！おしゃぶり中毒奥様たちのお掃除フェラRUSH94連発8時間,JUMS-119,,2025-04-04,481分鐘,,マドンナ,Madonna,,成熟的女人、口交、合集、已婚婦女、4小時以上作品、高畫質、DMM獨家,多人,https://www.javbus.com/JUMS-119,
TOMNVD-011 本能剥き出しで淫らにオナニーBEST 指ズボ電マにバイブで激エロ発情イキグルイ！ 400分,TOMNVD-011 本能剥き出しで淫らにオナニーBEST 指ズボ電マにバイブで激エロ発情イキグルイ！ 400分,TOMNVD-011,,2025-04-01,400分鐘,,TEPPAN,TEPPAN,,其他戀物癖、合集、4小時以上作品、女優按摩棒、高畫質、DMM獨家、自慰、局部特寫,多人,https://www.javbus.com/TOMNVD-011,
KSBJ-371 クチュクチュ音を立て、ビクビクとイキまくる美熟女のオナニー28連発！！VOL.06,KSBJ-371 クチュクチュ音を立て、ビクビクとイキまくる美熟女のオナニー28連発！！VOL.06,KSBJ-371,,2025-03-29,242分鐘,,KSB企画/エマニエル,KSB企画/エマニエル,クチュクチュ音を立て、ビクビクとイキまくる美熟女のオナニー,成熟的女人、合集、乳房、4小時以上作品、高畫質、エマニエル、DMM獨家、自慰,多人,https://www.javbus.com/KSBJ-371,
HYAS-140 母親強● 息子に犯●れ悶える熟女たち… 禁断の近親相姦＆中出し！！ 100人 8時間,HYAS-140 母親強● 息子に犯●れ悶える熟女たち… 禁断の近親相姦＆中出し！！ 100人 8時間,HYAS-140,,2025-03-22,481分鐘,,ケイ・エム・プロデュース,100人,,成熟的女人、合集、亂倫、中出、4小時以上作品、高畫質、DMM獨家,多人,https://www.javbus.com/HYAS-140,
JUMS-108 人妻がエグい他人棒に腰砕け！！ 大痙攣・大絶頂エビ反りSEX470分 イキまくり101連発,JUMS-108 人妻がエグい他人棒に腰砕け！！ 大痙攣・大絶頂エビ反りSEX470分 イキまくり101連発,JUMS-108,,2025-03-21,471分鐘,,マドンナ,Madonna,,成熟的女人、合集、已婚婦女、4小時以上作品、高畫質、アクメ・オーガズム、DMM獨家,多人,https://www.javbus.com/JUMS-108,
JQRE-005 【AIリマスター】美熟女レズビアン～求め合う白百合の絆～,JQRE-005 【AIリマスター】美熟女レズビアン～求め合う白百合の絆～,JQRE-005,,2025-03-11,116分鐘,芳賀栄太郎,マドンナ,Re:Madonna/AIリマスター,,成熟的女人、女同性戀、潮吹、已婚婦女、高畫質、巨乳、DMM獨家,多人,https://www.javbus.com/JQRE-005,
JUMS-111 1発では満足できない絶倫ザーメン乱れ撃ち！！ 追撃生ハメで妊娠確定 連射マシンガン中出し 158連発 7時間,JUMS-111 1発では満足できない絶倫ザーメン乱れ撃ち！！ 追撃生ハメで妊娠確定 連射マシンガン中出し 158連発 7時間,JUMS-111,,2025-03-07,428分鐘,,マドンナ,Madonna,,成熟的女人、合集、已婚婦女、中出、4小時以上作品、高畫質、DMM獨家,多人,https://www.javbus.com/JUMS-111,
BDSR-53101 痴女テク全開！！骨抜きにするまで終わらない ひたすら○されるM男たち…,BDSR-53101 痴女テク全開！！骨抜きにするまで終わらない ひたすら○されるM男たち…,BDSR-53101,,2025-02-22,108分鐘,,いきなりエロざんまい,いきなりエロざんまい,ひたすら○されるM男たち…,蕩婦、業餘、女上位、高畫質、M男、キス・接吻,多人,https://www.javbus.com/BDSR-53101,
CEAD-667 ～無理矢理ヤラれて感じまくる～村上涼子 2枚組ハイパーベスト7時間20分,CEAD-667 ～無理矢理ヤラれて感じまくる～村上涼子 2枚組ハイパーベスト7時間20分,CEAD-667,,2025-02-22,434分鐘,,セレブの友,,ハイパーベスト,成熟的女人、紧缚、中出、4小時以上作品、女優ベスト・総集編、飲み会・合コン、DMM獨家,多人,https://www.javbus.com/CEAD-667,
HMIX-042 グローバルメディア伝統作品 くノ一 屈辱の拷問快楽に堕ち悶える美しき女忍者たち 10人 4時間,HMIX-042 グローバルメディア伝統作品 くノ一 屈辱の拷問快楽に堕ち悶える美しき女忍者たち 10人 4時間,HMIX-042,,2025-02-22,241分鐘,,グローバルメディアエンタテインメント,ハイパーミックス（グローバルメディアエンタテインメント）,お得な総集編,成熟的女人、合集、4小時以上作品、高畫質、戲劇、女忍者、DMM獨家,多人,https://www.javbus.com/HMIX-042,
JFB-463 夢野あいだ監督 淫語FUCKコレクション4時間BEST,JFB-463 夢野あいだ監督 淫語FUCKコレクション4時間BEST,JFB-463,,2025-02-14,241分鐘,夢野あいだ,Fitch,Fitch,,蕩婦、淫語、女上位、4小時以上作品、高畫質、M男、巨乳、DMM獨家,多人,https://www.javbus.com/JFB-463,
ZOOO-180 熟女拉致レ●プ 監禁凌●4P輪●で慰み者にされた人妻たち 強●イカせで大量潮吹き絶頂！！ 8名収録 240分,ZOOO-180 熟女拉致レ●プ 監禁凌●4P輪●で慰み者にされた人妻たち 強●イカせで大量潮吹き絶頂！！ 8名収録 240分,ZOOO-180,,2025-02-13,241分鐘,,ZOOO,ZOOO,,成熟的女人、潮吹、拘束、中出、4小時以上作品、高畫質、巨乳,多人,https://www.javbus.com/ZOOO-180,
CEMD-640 ヌケる美熟女限定！！厳選名作プレミアムベストBOX 22時間15分,CEMD-640 ヌケる美熟女限定！！厳選名作プレミアムベストBOX 22時間15分,CEMD-640,,2025-02-08,1322分鐘,,セレブの友,,,成熟的女人、濫交、合集、已婚婦女、花癡、16時間以上作品、DMM獨家,多人,https://www.javbus.com/CEMD-640,
NSFS-359 AIリマスター版 欲求不満爆発 やられたい女たち,NSFS-359 AIリマスター版 欲求不満爆発 やられたい女たち,NSFS-359,,2025-02-08,236分鐘,ながえ,ながえスタイル,ながえSTYLE,,成熟的女人、合集、已婚婦女、高畫質、戲劇、故事集、DMM獨家,多人,https://www.javbus.com/NSFS-359,
CEAD-665 ～無理矢理ヤラれて感じまくる～川上ゆう 2枚組ハイパーベスト8時間02分,CEAD-665 ～無理矢理ヤラれて感じまくる～川上ゆう 2枚組ハイパーベスト8時間02分,CEAD-665,,2025-02-08,480分鐘,,セレブの友,,ハイパーベスト,成熟的女人、女同性戀、濫交、深喉、4小時以上作品、女優ベスト・総集編、DMM獨家,多人,https://www.javbus.com/CEAD-665,
BBSS-092 女同士のイケナイ交わりに身体も心も奪われるレズビアンNTR BEST4時間,BBSS-092 女同士のイケナイ交わりに身体も心も奪われるレズビアンNTR BEST4時間,BBSS-092,,2025-02-07,241分鐘,,ビビアン,ビビアン,,女同性戀、合集、4小時以上作品、女同接吻、高畫質、出軌、アクメ・オーガズム、DMM獨家,多人,https://www.javbus.com/BBSS-092,
OOMNVD-006 母から息子へ癒しの手コキ…完全受け身でびゅるびゅる射精させられちゃうBEST 65名【授乳手コキ・乳首舐め・密着背面・洗体】,OOMNVD-006 母から息子へ癒しの手コキ…完全受け身でびゅるびゅる射精させられちゃうBEST 65名【授乳手コキ・乳首舐め・密着背面・洗体】,OOMNVD-006,,2025-02-01,290分鐘,,ABC/妄想族,お母さん.com（ABC/妄想族）,,成熟的女人、母親、合集、已婚婦女、4小時以上作品、DMM專屬、妄想族、DMM獨家、打手槍,多人,https://www.javbus.com/OOMNVD-006,
HTMS-129 【AIリマスター版】ヘンリー塚本監督作品 官能 興奮 迫力 ワイセツ リアリズム ネコとタチ,HTMS-129 【AIリマスター版】ヘンリー塚本監督作品 官能 興奮 迫力 ワイセツ リアリズム ネコとタチ,HTMS-129,,2025-01-31,94分鐘,ヘンリー塚本,FAプロ,FAプロ,ネコとタチ（FAプロ）,女同性戀、花癡、女同接吻、高畫質、戲劇、故事集、巨乳、DMM獨家,多人,https://www.javbus.com/HTMS-129,
NAGAE-023 【AIリマスター版】【配信限定】10人の借金妻の肉欲返済,NAGAE-023 【AIリマスター版】【配信限定】10人の借金妻の肉欲返済,NAGAE-023,,2025-01-30,325分鐘,ながえ,ながえスタイル,ながえSTYLE,AIリマスター（ながえスタイル）,已婚婦女、通姦、4小時以上作品、高畫質、出軌、戲劇、設置項目、DMM獨家,多人,https://www.javbus.com/NAGAE-023,
SVS-083 着衣でバコバコハメまくり脱がない脱がさせない着たまま追い込み絶頂アクメ,SVS-083 着衣でバコバコハメまくり脱がない脱がさせない着たまま追い込み絶頂アクメ,SVS-083,,2025-01-25,241分鐘,,AVS collector’s,AVSCollector’s,,連褲襪、緊身衣、4小時以上作品、高畫質、猥褻穿著、DMM獨家、迷你裙,多人,https://www.javbus.com/SVS-083,
NACX-147 おしゃぶり女神！！98人フェラ8時間2枚組,NACX-147 おしゃぶり女神！！98人フェラ8時間2枚組,NACX-147,,2025-01-20,481分鐘,,プラネットプラス,七狗留,,口交、其他戀物癖、合集、乳房、4小時以上作品、高畫質,多人,https://www.javbus.com/NACX-147,
TOMNVD-007 鉄板女優120人がノンストップで腰を振りまくる本能の汗だく騎乗位BEST 接吻・乳首舐め・スパイダー・高速グラインド騎乗位,TOMNVD-007 鉄板女優120人がノンストップで腰を振りまくる本能の汗だく騎乗位BEST 接吻・乳首舐め・スパイダー・高速グラインド騎乗位,TOMNVD-007,,2025-01-01,404分鐘,,TEPPAN,TEPPAN,,合集、花癡、女上位、4小時以上作品、高畫質、汗だく、巨乳、DMM獨家,多人,https://www.javbus.com/TOMNVD-007,
MCSR-30601 猛々しい男のイチモツに濡れる 綺麗なおばさん,MCSR-30601 猛々しい男のイチモツに濡れる 綺麗なおばさん,MCSR-30601,,2024-12-28,79分鐘,亀ヶ島三郎,いきなりエロざんまい,ドスケベ熟女ch,旅する熟女と一期一会,和服・喪服、成熟的女人、已婚婦女、中出、高畫質、旅行,多人,https://www.javbus.com/MCSR-30601,
HMIX-040 熟女の濃密フェラ ねっとり絡む舌先と卑猥なしゃぶり顔、そして中出しセックス！！ 20人 4時間,HMIX-040 熟女の濃密フェラ ねっとり絡む舌先と卑猥なしゃぶり顔、そして中出しセックス！！ 20人 4時間,HMIX-040,,2024-12-21,240分鐘,,グローバルメディアエンタテインメント,ハイパーミックス（グローバルメディアエンタテインメント）,お得な総集編,成熟的女人、口交、合集、已婚婦女、DMM獨家,多人,https://www.javbus.com/HMIX-040,
JUMS-103 貞淑マ〇コを奥深くエグり突く！！デカチンの虜になった人妻34人480分,JUMS-103 貞淑マ〇コを奥深くエグり突く！！デカチンの虜になった人妻34人480分,JUMS-103,,2024-12-20,480分鐘,,マドンナ,Madonna,,成熟的女人、合集、已婚婦女、高畫質、デカチン・巨根、DMM獨家,多人,https://www.javbus.com/JUMS-103,
CEAD-656 風間ゆみ 快楽自慰オナニスト～マン汁溢れる絶頂アクメ集,CEAD-656 風間ゆみ 快楽自慰オナニスト～マン汁溢れる絶頂アクメ集,CEAD-656,,2024-12-07,140分鐘,,セレブの友,,,成熟的女人、花癡、巨尻、巨乳、DMM獨家、自慰,多人,https://www.javbus.com/CEAD-656,
BBSS-091 ココが私たちの本当の居場所―。 欲求不満な人妻が汗だく夢中で不貞に溺れ燃え上がる不倫レズビアン性交4時間,BBSS-091 ココが私たちの本当の居場所―。 欲求不満な人妻が汗だく夢中で不貞に溺れ燃え上がる不倫レズビアン性交4時間,BBSS-091,,2024-12-06,240分鐘,,ビビアン,ビビアン,,女同性戀、已婚婦女、通姦、女同接吻、高畫質、巨乳、DMM獨家,多人,https://www.javbus.com/BBSS-091,
LZBS-112 肉欲と体液にまみれた人妻たちの絶倫濃厚レズセックスSP 10時間,LZBS-112 肉欲と体液にまみれた人妻たちの絶倫濃厚レズセックスSP 10時間,LZBS-112,,2024-11-23,600分鐘,,レズれ！,レズれ！ ベスト,,成熟的女人、女同性戀、已婚婦女、女同接吻、巨乳、DMM獨家,多人,https://www.javbus.com/LZBS-112,
JUMS-100 どれだけイッても満足しない美熟女たちの∞性欲で男の金玉カラッポにする痴女ハーレムSEX480分,JUMS-100 どれだけイッても満足しない美熟女たちの∞性欲で男の金玉カラッポにする痴女ハーレムSEX480分,JUMS-100,,2024-11-22,480分鐘,,マドンナ,Madonna,,蕩婦、成熟的女人、合集、已婚婦女、高畫質、ハーレム、DMM獨家,多人,https://www.javbus.com/JUMS-100,
VHDX-017 解禁！初HD化作品 まるごと収録BOX 17 16作品 1420分,VHDX-017 解禁！初HD化作品 まるごと収録BOX 17 16作品 1420分,VHDX-017,,2024-11-12,1448分鐘,,VENUS,HDコンプリート,初HD化作品まるごと収録BOX,成熟的女人、已婚婦女、中出、高畫質、DMM專屬、16時間以上作品、設置項目、巨乳、福袋、DMM獨家,多人,https://www.javbus.com/VHDX-017,
NSFS-332 AIリマスター版 私を嫉妬させてください… 愛妻ダッチワイフ 名作永久保存版4時間,NSFS-332 AIリマスター版 私を嫉妬させてください… 愛妻ダッチワイフ 名作永久保存版4時間,NSFS-332,,2024-11-09,289分鐘,ながえ,ながえスタイル,ながえSTYLE,,成熟的女人、合集、已婚婦女、出軌、戲劇、DMM獨家,多人,https://www.javbus.com/NSFS-332,
JUMS-097 こんなスケベな奥さんに誘われたら一線を越えてもしょうがない！！近所の極上美人妻と逆レ×プセックス8時間（JUMS-097）,JUMS-097 こんなスケベな奥さんに誘われたら一線を越えてもしょうがない！！近所の極上美人妻と逆レ×プセックス8時間（JUMS-097）,JUMS-097,,2024-11-08,480分鐘,,マドンナ,Madonna,近所の極上美人妻と逆レ×プセックス8時間,蕩婦、成熟的女人、合集、已婚婦女、高畫質、DMM獨家,多人,https://www.javbus.com/JUMS-097,
JFB-451 絶対的上から目線で巨乳痴女が淫語コントロール 射精を支配される究極主観JOI 8時間BEST 風間ゆみ 深田えいみ 永井マリア 佐藤エル 根尾あかり 晶エリー,JFB-451 絶対的上から目線で巨乳痴女が淫語コントロール 射精を支配される究極主観JOI 8時間BEST 風間ゆみ 深田えいみ 永井マリア 佐藤エル 根尾あかり 晶エリー,JFB-451,,2024-11-01,480分鐘,,Fitch,Fitch,射精を支配される究極主観JOI,蕩婦、口交、合集、主觀視角、高畫質、DMM獨家、自慰,多人,https://www.javbus.com/JFB-451,
KND-027 厳選スペシャルBOX 極悦の官能ドラマ集 淫欲に堕ちた熟女たち 10枚組 1200分,KND-027 厳選スペシャルBOX 極悦の官能ドラマ集 淫欲に堕ちた熟女たち 10枚組 1200分,KND-027,,2024-10-19,1200分鐘,,グローバルメディアエンタテインメント,長期熟成グローバル,,成熟的女人、合集、已婚婦女、故事集、DMM獨家,多人,https://www.javbus.com/KND-027,
JUMS-095 美熟女の超S級デカ尻が乱高下するマラ食い騎乗位BEST 102本番8時間,JUMS-095 美熟女の超S級デカ尻が乱高下するマラ食い騎乗位BEST 102本番8時間,JUMS-095,,2024-10-18,480分鐘,,マドンナ,Madonna,,成熟的女人、合集、已婚婦女、女上位、高畫質、巨尻、DMM獨家,多人,https://www.javbus.com/JUMS-095,
JUMS-093 チ〇ポがトロけて脳まで届く超快感！！ 発射寸前110秒前、≪厳選≫人妻たちの 極上フェラチオラッシュ258連発8時間,JUMS-093 チ〇ポがトロけて脳まで届く超快感！！ 発射寸前110秒前、≪厳選≫人妻たちの 極上フェラチオラッシュ258連発8時間,JUMS-093,,2024-10-04,480分鐘,,マドンナ,Madonna,,成熟的女人、口交、合集、已婚婦女、高畫質、DMM獨家,多人,https://www.javbus.com/JUMS-093,
STCEAD-057 【お得セット】即ハメ！！8（人気熟女崩壊編）・即ハメ！！12・即ハメ！！14,STCEAD-057 【お得セット】即ハメ！！8（人気熟女崩壊編）・即ハメ！！12・即ハメ！！14,STCEAD-057,,2024-09-30,402分鐘,,セレブの友,セレブの友（お得セット）,即ハメ！！（セレブの友）,成熟的女人、濫交、多P、4小時以上作品、高畫質、顏射、立即口交、設置項目、DMM獨家,多人,https://www.javbus.com/STCEAD-057,
VHDX-015 解禁！初HD化作品 まるごと収録BOX 15 30作品 48時間0分,VHDX-015 解禁！初HD化作品 まるごと収録BOX 15 30作品 48時間0分,VHDX-015,,2024-09-28,2966分鐘,,VENUS,HDコンプリート,初HD化作品まるごと収録BOX,成熟的女人、合集、已婚婦女、中出、高畫質、DMM專屬、16時間以上作品、設置項目、巨乳、福袋、DMM獨家,多人,https://www.javbus.com/VHDX-015,
VHDX-014 解禁！初HD化作品 まるごと収録BOX 14 30作品 46時間40分,VHDX-014 解禁！初HD化作品 まるごと収録BOX 14 30作品 46時間40分,VHDX-014,,2024-09-24,2872分鐘,,VENUS,HDコンプリート,初HD化作品まるごと収録BOX,成熟的女人、合集、已婚婦女、中出、高畫質、DMM專屬、16時間以上作品、設置項目、巨乳、福袋、DMM獨家,多人,https://www.javbus.com/VHDX-014,
LZBS-110 絶頂顔を見下ろしながら絶頂する激しめ騎乗レズ性交 厳選ベスト5時間,LZBS-110 絶頂顔を見下ろしながら絶頂する激しめ騎乗レズ性交 厳選ベスト5時間,LZBS-110,,2024-09-21,300分鐘,,レズれ！,レズれ！ ベスト,,玩具、女同性戀、女同接吻、巨乳、アクメ・オーガズム、DMM獨家,多人,https://www.javbus.com/LZBS-110,
KMKS-003 【福袋】美しい未亡人の義母1764分！！,KMKS-003 【福袋】美しい未亡人の義母1764分！！,KMKS-003,,2024-09-20,1764分鐘,,なでしこ,Nadeshiko,,成熟的女人、合集、寡婦、婆婆、高畫質、16時間以上作品、設置項目、DMM獨家,多人,https://www.javbus.com/KMKS-003,
STCETD-087 【お得セット】緊縛女囚拷問刑務所・2・4,STCETD-087 【お得セット】緊縛女囚拷問刑務所・2・4,STCETD-087,,2024-09-18,607分鐘,,セレブの友,セレブの友（お得セット）,緊縛女囚拷問刑務所,成熟的女人、SM、亂倫、中出、4小時以上作品、設置項目、巨乳、DMM獨家,多人,https://www.javbus.com/STCETD-087,
CEAD-630 美魔女のザーメン狩りエロ行為をタップリ見せマス8時間！淫乱痴女SEX＆超絶手コキフェラ抜き！vol.2,CEAD-630 美魔女のザーメン狩りエロ行為をタップリ見せマス8時間！淫乱痴女SEX＆超絶手コキフェラ抜き！vol.2,CEAD-630,,2024-09-07,480分鐘,,セレブの友,セレブの友,美魔女のザーメン狩りエロ行為をタップリ見せマス○時間！,蕩婦、成熟的女人、女同性戀、合集、花癡、DMM獨家,多人,https://www.javbus.com/CEAD-630,
JUMS-087 美熟女と少年が最高潮に燃え滾る年の差セックス30人460分,JUMS-087 美熟女と少年が最高潮に燃え滾る年の差セックス30人460分,JUMS-087,,2024-09-06,460分鐘,,マドンナ,Madonna,燃え上がる年の差セックス,成熟的女人、合集、已婚婦女、通姦、高畫質、DMM獨家,多人,https://www.javbus.com/JUMS-087,
KSBJ-331 全編全裸！豊満熟女のカラダを隅々までじっくり観察！その後はたっぷり生本番12人,KSBJ-331 全編全裸！豊満熟女のカラダを隅々までじっくり観察！その後はたっぷり生本番12人,KSBJ-331,,2024-08-31,243分鐘,,KSB企画/エマニエル,KSB企画/エマニエル,,成熟的女人、胖女人、其他戀物癖、合集、4小時以上作品、高畫質、エマニエル、DMM獨家,多人,https://www.javbus.com/KSBJ-331,
JFB-446 Gカップ以上のおっぱい大集結！ S級痴女と1ヶ月毎日ナマ中出し！SEXカレンダー 豪華16時間BEST,JFB-446 Gカップ以上のおっぱい大集結！ S級痴女と1ヶ月毎日ナマ中出し！SEXカレンダー 豪華16時間BEST,JFB-446,,2024-08-30,930分鐘,,Fitch,Fitch,,蕩婦、口交、合集、中出、高畫質、巨乳、DMM獨家,多人,https://www.javbus.com/JFB-446,
HMIX-036 夏の昭和の女たち 戦時・戦後の男尊女卑に翻弄される生々しい性物語 10人 4時間,HMIX-036 夏の昭和の女たち 戦時・戦後の男尊女卑に翻弄される生々しい性物語 10人 4時間,HMIX-036,,2024-08-24,240分鐘,,グローバルメディアエンタテインメント,ハイパーミックス（グローバルメディアエンタテインメント）,,成熟的女人、合集、戲劇、DMM獨家,多人,https://www.javbus.com/HMIX-036,
JUMS-086 マドンナ専属女優が選んだ 私のマ〇コが最高潮に疼いたセックスベスト26選 480分,JUMS-086 マドンナ専属女優が選んだ 私のマ〇コが最高潮に疼いたセックスベスト26選 480分,JUMS-086,,2024-08-23,480分鐘,,マドンナ,Madonna,,企畫、成熟的女人、合集、已婚婦女、高畫質、DMM獨家,多人,https://www.javbus.com/JUMS-086,
NAGAE-018 【AIリマスター版】【夏の超お得セット】不倫淫乱妻 オールAIリマスター総勢38人21時間,NAGAE-018 【AIリマスター版】【夏の超お得セット】不倫淫乱妻 オールAIリマスター総勢38人21時間,NAGAE-018,,2024-08-15,1286分鐘,ながえ,ながえスタイル,ながえSTYLE,AIリマスター（ながえスタイル）,成熟的女人、已婚婦女、高畫質、戲劇、16時間以上作品、設置項目、DMM獨家,多人,https://www.javbus.com/NAGAE-018,
VHDX-011 解禁！初HD化作品 まるごと収録BOX 11 30作品 46時間10分,VHDX-011 解禁！初HD化作品 まるごと収録BOX 11 30作品 46時間10分,VHDX-011,,2024-08-13,2847分鐘,,VENUS,HDコンプリート,初HD化作品まるごと収録BOX,成熟的女人、合集、已婚婦女、中出、高畫質、DMM專屬、16時間以上作品、設置項目、巨乳、福袋、DMM獨家,多人,https://www.javbus.com/VHDX-011,
CEAD-619 風間ゆみ The Ultimate Best 8時間 4,CEAD-619 風間ゆみ The Ultimate Best 8時間 4,CEAD-619,,2024-08-10,480分鐘,,セレブの友,セレブの友,The Ultimate Best,成熟的女人、中出、出軌、女優ベスト・総集編、巨乳、DMM獨家,多人,https://www.javbus.com/CEAD-619,
ZOOO-152 女上司と二人きり… 嵐の夜、帰宅困難となったキャリアウーマンと冴えない部下の禁断性行 10名収録 240分,ZOOO-152 女上司と二人きり… 嵐の夜、帰宅困難となったキャリアウーマンと冴えない部下の禁断性行 10名収録 240分,ZOOO-152,,2024-08-08,243分鐘,,ZOOO,ZOOO,,蕩婦、成熟的女人、OL、合集、連褲襪、4小時以上作品、高畫質、女上司,多人,https://www.javbus.com/ZOOO-152,
JDL-100 デジタルモザイク5部作 親友の母,JDL-100 デジタルモザイク5部作 親友の母,JDL-100,,2024-08-03,476分鐘,清水橋健太,ルビー,RUBY,,成熟的女人、母親、已婚婦女、中出、DMM獨家,多人,https://www.javbus.com/JDL-100,
JUMS-078 Madonna美熟女SEXカレンダー2024 15時間,JUMS-078 Madonna美熟女SEXカレンダー2024 15時間,JUMS-078,,2024-07-26,930分鐘,,マドンナ,Madonna,,成熟的女人、合集、已婚婦女、通姦、高畫質、DMM獨家,多人,https://www.javbus.com/JUMS-078,
STCETD-085 【お得セット】捜査官拷問調教2・女捜査官拷問調教5・女捜査官拷問調教7,STCETD-085 【お得セット】捜査官拷問調教2・女捜査官拷問調教5・女捜査官拷問調教7,STCETD-085,,2024-07-25,469分鐘,,セレブの友,セレブの友（お得セット）,女捜査官拷問調教,SM、紧缚、女檢察官、拘束、中出、4小時以上作品、設置項目、DMM獨家,多人,https://www.javbus.com/STCETD-085,
VHDX-010 解禁！初HD化作品 まるごと収録BOX 10 29作品 44時間25分,VHDX-010 解禁！初HD化作品 まるごと収録BOX 10 29作品 44時間25分,VHDX-010,,2024-07-23,2710分鐘,,VENUS,HDコンプリート,初HD化作品まるごと収録BOX,成熟的女人、合集、已婚婦女、中出、高畫質、DMM專屬、16時間以上作品、設置項目、巨乳、福袋、DMM獨家,多人,https://www.javbus.com/VHDX-010,
ZOOO-147 拉致輪●レ●プ 美熟女の平穏な日常が突然崩れ去る！邪悪な強●魔集団の凌●で望まない快楽に悶絶イキ！大量潮吹き連発！！ 12名収録 240分,ZOOO-147 拉致輪●レ●プ 美熟女の平穏な日常が突然崩れ去る！邪悪な強●魔集団の凌●で望まない快楽に悶絶イキ！大量潮吹き連発！！ 12名収録 240分,ZOOO-147,,2024-07-09,245分鐘,,ZOOO,ZOOO,,成熟的女人、潮吹、合集、多P、粗暴、凌辱、中出、4小時以上作品、高畫質,多人,https://www.javbus.com/ZOOO-147,
VHDX-009 解禁！初HD化作品 まるごと収録BOX 9 30作品 45時間10分,VHDX-009 解禁！初HD化作品 まるごと収録BOX 9 30作品 45時間10分,VHDX-009,,2024-07-09,2783分鐘,,VENUS,HDコンプリート,初HD化作品まるごと収録BOX,成熟的女人、合集、已婚婦女、中出、高畫質、DMM專屬、16時間以上作品、設置項目、巨乳、福袋、DMM獨家,多人,https://www.javbus.com/VHDX-009,
CEMD-542 縄拘束されマゾ化する巨乳美女たち！21時間02分8枚組BOX,CEMD-542 縄拘束されマゾ化する巨乳美女たち！21時間02分8枚組BOX,CEMD-542,,2024-06-22,1252分鐘,,セレブの友,セレブの友,,SM、合集、拘束、中出、肛内中出、16時間以上作品、DMM獨家,多人,https://www.javbus.com/CEMD-542,
CMA-141 魅惑のGAG・さるぐつわコレクション10,CMA-141 魅惑のGAG・さるぐつわコレクション10,CMA-141,,2024-06-22,162分鐘,渡久地ユウジ,シネマジック,Cinemagic Memorial,魅惑のGAG さるぐつわコレクション,SM、其他戀物癖、合集、拘束、羞恥、DMM獨家,多人,https://www.javbus.com/CMA-141,
CEAD-598 悶絶！絶頂！ド淫乱オナニーselection 風間ゆみ,CEAD-598 悶絶！絶頂！ド淫乱オナニーselection 風間ゆみ,CEAD-598,,2024-06-08,147分鐘,,セレブの友,セレブの友,悶絶！絶頂！ド淫乱オナニーselection,成熟的女人、花癡、巨尻、巨乳、DMM獨家、自慰,多人,https://www.javbus.com/CEAD-598,
CEMD-541 究極の野外露出淫行8枚組BOX！「羞恥」・「本格SM」・「アナルSEX」 21時間29分！,CEMD-541 究極の野外露出淫行8枚組BOX！「羞恥」・「本格SM」・「アナルSEX」 21時間29分！,CEMD-541,,2024-06-08,1289分鐘,,セレブの友,セレブの友,,SM、野外・露出、合集、中出、肛内中出、DMM獨家,多人,https://www.javbus.com/CEMD-541,
CEAD-599 フェラチオ美魔女！川上ゆうフェラチオベスト,CEAD-599 フェラチオ美魔女！川上ゆうフェラチオベスト,CEAD-599,,2024-06-08,214分鐘,,セレブの友,セレブの友,フェラチオベスト,蕩婦、口交、花癡、深喉、女優ベスト・総集編、DMM獨家,多人,https://www.javbus.com/CEAD-599,
JUMS-076 妻の妊娠中、オナニーすらも禁じられた僕は上京してきた義母に何度も種付けSEXをしてしまった… 総集編8時間,JUMS-076 妻の妊娠中、オナニーすらも禁じられた僕は上京してきた義母に何度も種付けSEXをしてしまった… 総集編8時間,JUMS-076,,2024-06-07,480分鐘,,マドンナ,Madonna,妻の妊娠中、オナニーすらも禁じられた僕は…,成熟的女人、合集、已婚婦女、中出、婆婆、高畫質、DMM獨家,多人,https://www.javbus.com/JUMS-076,
NAGAE-013 【AIリマスター版】懐かしの名作AIリマスター復刻版 ザ・レズビアン 総勢47人全22タイトル 永久保存版30時間,NAGAE-013 【AIリマスター版】懐かしの名作AIリマスター復刻版 ザ・レズビアン 総勢47人全22タイトル 永久保存版30時間,NAGAE-013,,2024-05-30,1913分鐘,,ながえスタイル,ながえSTYLE,AIリマスター（ながえスタイル）,女同性戀、合集、已婚婦女、高畫質、出軌、戲劇、16時間以上作品、設置項目、DMM獨家,多人,https://www.javbus.com/NAGAE-013,
VHDX-006 【HD版・初配信】 VENUS15周年記念 解禁！初HD化作品 まるごと収録BOX 6 30作品 42時間15分,VHDX-006 【HD版・初配信】 VENUS15周年記念 解禁！初HD化作品 まるごと収録BOX 6 30作品 42時間15分,VHDX-006,,2024-05-28,2582分鐘,,VENUS,HDコンプリート,初HD化作品まるごと収録BOX,成熟的女人、合集、已婚婦女、中出、高畫質、DMM專屬、16時間以上作品、設置項目、巨乳、DMM獨家,多人,https://www.javbus.com/VHDX-006,
CEAD-597 村上涼子2枚組ハイパーベスト2～8時間51分,CEAD-597 村上涼子2枚組ハイパーベスト2～8時間51分,CEAD-597,,2024-05-25,531分鐘,,セレブの友,セレブの友,ハイパーベスト,成熟的女人、花癡、中出、女優ベスト・総集編、巨乳、DMM獨家,多人,https://www.javbus.com/CEAD-597,
HYJD-005 感謝御礼特別提供作品集！！ シリーズ別ベストBOX 豪華5枚組70作品収録1200分 濃厚ドラマも激しいSEXも堪能できる！！ 今回のためだけに新規編集で味わい深さとヌキどころを詰め込んだ大満足の20時間,HYJD-005 感謝御礼特別提供作品集！！ シリーズ別ベストBOX 豪華5枚組70作品収録1200分 濃厚ドラマも激しいSEXも堪能できる！！ 今回のためだけに新規編集で味わい深さとヌキどころを詰め込んだ大満足の20時間,HYJD-005,,2024-05-25,1200分鐘,,グローバルメディアエンタテインメント,ハイパー熟道,,成熟的女人、合集、已婚婦女、故事集、DMM獨家,多人,https://www.javbus.com/HYJD-005,
JUMS-075 四六時中、娘婿のデカチ〇ポが欲しくて堪らない義母の誘い 総集編8時間（JUMS-075）,JUMS-075 四六時中、娘婿のデカチ〇ポが欲しくて堪らない義母の誘い 総集編8時間（JUMS-075）,JUMS-075,,2024-05-24,480分鐘,,マドンナ,Madonna,四六時中、娘婿のデカチ○ポが欲しくて堪らない義母の誘い,成熟的女人、合集、已婚婦女、婆婆、高畫質、DMM獨家,多人,https://www.javbus.com/JUMS-075,
JFB-338 ワガママな巨乳痴女の種絞り！デカパイを弾ませる暴走中出し騎乗位8時間BEST！,JFB-338 ワガママな巨乳痴女の種絞り！デカパイを弾ませる暴走中出し騎乗位8時間BEST！,JFB-338,,2024-05-17,480分鐘,,Fitch,Fitch,,蕩婦、合集、中出、女上位、高畫質、巨尻、巨乳、DMM獨家,多人,https://www.javbus.com/JFB-338,
MXDLP-253 エロテク超絶フェラチオ4時間 Vol.3,MXDLP-253 エロテク超絶フェラチオ4時間 Vol.3,MXDLP-253,,2024-05-16,264分鐘,,マキシング,MAXING,,口交、合集、4小時以上作品、高畫質、女優ベスト・総集編,多人,https://www.javbus.com/MXDLP-253,
MXDLP-0253 エロテク超絶フェラチオ4時間 Vol.3 鷹宮ゆい 横山美雪 椎名ゆな 咲乃柑菜 吉沢明歩,MXDLP-0253 エロテク超絶フェラチオ4時間 Vol.3 鷹宮ゆい 横山美雪 椎名ゆな 咲乃柑菜 吉沢明歩,MXDLP-0253,,2024-05-16,263分鐘,,MAXING,MAXING,,其他戀物癖、合集、4小時以上作品、配信専用,多人,https://www.javbus.com/MXDLP-0253,
VHDX-005 【HD版・初配信】 VENUS15周年記念 解禁！初HD化作品 まるごと収録BOX 5 30作品 44時間20分,VHDX-005 【HD版・初配信】 VENUS15周年記念 解禁！初HD化作品 まるごと収録BOX 5 30作品 44時間20分,VHDX-005,,2024-05-14,2729分鐘,,VENUS,HDコンプリート,初HD化作品まるごと収録BOX,成熟的女人、合集、已婚婦女、中出、高畫質、DMM專屬、16時間以上作品、設置項目、巨乳、DMM獨家,多人,https://www.javbus.com/VHDX-005,
ZOOO-134 むちエロ高級店！！ 妖艶美麗の熟女泡姫 ぬるベチョ濃厚ねっとり御奉仕ソープ 10名収録 240分,ZOOO-134 むちエロ高級店！！ 妖艶美麗の熟女泡姫 ぬるベチョ濃厚ねっとり御奉仕ソープ 10名収録 240分,ZOOO-134,,2024-05-03,244分鐘,,ZOOO,ZOOO,,和服・喪服、成熟的女人、乳交、妓女、中出、4小時以上作品、高畫質、巨乳、ヘルス・ソープ,多人,https://www.javbus.com/ZOOO-134,
J99-P008 【期間限定熟女パック】熟女濃厚レズパック,J99-P008 【期間限定熟女パック】熟女濃厚レズパック,J99-P008,,2024-05-01,76分鐘,,JUKUJO99,熟女パック,期間限定熟女パック,成熟的女人、OL、放尿、女同性戀、女同接吻、高畫質、巨乳、DMM獨家,多人,https://www.javbus.com/J99-P008,
VHDX-004 【HD版・初配信】 VENUS15周年記念 解禁！初HD化作品 まるごと収録BOX 4 30作品 44時間0分,VHDX-004 【HD版・初配信】 VENUS15周年記念 解禁！初HD化作品 まるごと収録BOX 4 30作品 44時間0分,VHDX-004,,2024-04-23,2722分鐘,,VENUS,HDコンプリート,初HD化作品まるごと収録BOX,成熟的女人、合集、已婚婦女、中出、高畫質、DMM專屬、16時間以上作品、設置項目、巨乳、DMM獨家,多人,https://www.javbus.com/VHDX-004,
EMAZ-417 フェラ好き御用達！超大盛り熟女フェラチオBOX 15時間53分！,EMAZ-417 フェラ好き御用達！超大盛り熟女フェラチオBOX 15時間53分！,EMAZ-417,,2024-04-13,953分鐘,,婦人社/エマニエル,婦人社,,成熟的女人、口交、合集、深喉、主觀視角、エマニエル、DMM獨家,多人,https://www.javbus.com/EMAZ-417,
MBYD-389 初めて知る他人棒のハードピストンで爆乳ガクブル超絶頂！全員Gカップオーバー人妻46人の乳ブルアクメ不倫SEX8時間ベスト,MBYD-389 初めて知る他人棒のハードピストンで爆乳ガクブル超絶頂！全員Gカップオーバー人妻46人の乳ブルアクメ不倫SEX8時間ベスト,MBYD-389,,2024-04-12,480分鐘,,溜池ゴロー,溜池ゴロー,,成熟的女人、合集、已婚婦女、高畫質、巨乳、アクメ・オーガズム、DMM獨家,多人,https://www.javbus.com/MBYD-389,
VHDX-003 【HD版・初配信】 VENUS15周年記念 解禁！初HD化作品 まるごと収録BOX 3 30作品 44時間55分,VHDX-003 【HD版・初配信】 VENUS15周年記念 解禁！初HD化作品 まるごと収録BOX 3 30作品 44時間55分,VHDX-003,,2024-04-09,2784分鐘,,VENUS,HDコンプリート,初HD化作品まるごと収録BOX,成熟的女人、合集、已婚婦女、中出、高畫質、DMM專屬、16時間以上作品、設置項目、巨乳、DMM獨家,多人,https://www.javbus.com/VHDX-003,
CEAD-584 ヤリマン剛毛ベスト女優総集編 8時間！,CEAD-584 ヤリマン剛毛ベスト女優総集編 8時間！,CEAD-584,,2024-04-06,480分鐘,,セレブの友,セレブの友,,放尿、女同性戀、其他戀物癖、合集、中出、DMM獨家,多人,https://www.javbus.com/CEAD-584,
CEAD-581 悶絶！絶頂！ド淫乱オナニーselection 翔田千里,CEAD-581 悶絶！絶頂！ド淫乱オナニーselection 翔田千里,CEAD-581,,2024-04-06,141分鐘,,セレブの友,セレブの友,悶絶！絶頂！ド淫乱オナニーselection,成熟的女人、花癡、アクメ・オーガズム、DMM獨家、自慰、肛交,多人,https://www.javbus.com/CEAD-581,
RBFB-004 【ゴールデン福袋】妖艶 熟女レズビアン 人気タイトル15作品ノーカット収録！1623分,RBFB-004 【ゴールデン福袋】妖艶 熟女レズビアン 人気タイトル15作品ノーカット収録！1623分,RBFB-004,,2024-04-05,1623分鐘,,ルビー,黒百合,熟女レズ,成熟的女人、女同性戀、已婚婦女、高畫質、戲劇、16時間以上作品、設置項目、福袋、DMM獨家,多人,https://www.javbus.com/RBFB-004,
DVAJBX-010 【ゴールデン福袋】アリスJAPAN 人間廃業シリーズ17タイトル丸ごと完全ノーカット収録2133分,DVAJBX-010 【ゴールデン福袋】アリスJAPAN 人間廃業シリーズ17タイトル丸ごと完全ノーカット収録2133分,DVAJBX-010,,2024-04-05,2133分鐘,,アリスJAPAN,アリスJAPAN,人間廃業,玩具、濫交、口交、多P、深喉、拘束、粗暴、凌辱、高畫質、顏射、16時間以上作品、デカチン・巨根、設置項目、黑暗系統、福袋、DMM獨家、黑人演員,多人,https://www.javbus.com/DVAJBX-010,
TOMNVD-006 【新生活応援】THE 俺目線でち●ぽ咥えて！55連発 卑猥なフェラでヌきまくりBEST 430分,TOMNVD-006 【新生活応援】THE 俺目線でち●ぽ咥えて！55連発 卑猥なフェラでヌきまくりBEST 430分,TOMNVD-006,,2024-04-01,430分鐘,,TEPPAN,TEPPAN,,口交、合集、姐姐、美少女、4小時以上作品、主觀視角、高畫質、DMM獨家,多人,https://www.javbus.com/TOMNVD-006,
VHDX-002 【HD版・初配信】 VENUS15周年記念 解禁！初HD化作品 まるごと収録BOX 2 30作品 44時間0分,VHDX-002 【HD版・初配信】 VENUS15周年記念 解禁！初HD化作品 まるごと収録BOX 2 30作品 44時間0分,VHDX-002,,2024-03-26,2713分鐘,,VENUS,HDコンプリート,初HD化作品まるごと収録BOX,成熟的女人、合集、已婚婦女、中出、高畫質、DMM專屬、16時間以上作品、設置項目、巨乳、DMM獨家,多人,https://www.javbus.com/VHDX-002,
UMSO-542 おじいちゃんを元気づける為、全裸で介護し、オナニーを見せ、そしてフェラまでしてあげる優しい介護士さん,UMSO-542 おじいちゃんを元気づける為、全裸で介護し、オナニーを見せ、そしてフェラまでしてあげる優しい介護士さん,UMSO-542,,2024-03-23,241分鐘,,ケイ・エム・プロデュース,UMANAMI,,成熟的女人、合集、各種職業、4小時以上作品、高畫質、DMM獨家、自慰,多人,https://www.javbus.com/UMSO-542,
HMIX-032 驚愕の人妻レ●プ事件！！ 力尽くで無理やり犯●れ望まない快楽にイキ悶え！！ 20人 4時間,HMIX-032 驚愕の人妻レ●プ事件！！ 力尽くで無理やり犯●れ望まない快楽にイキ悶え！！ 20人 4時間,HMIX-032,,2024-03-23,240分鐘,,グローバルメディアエンタテインメント,ハイパーミックス（グローバルメディアエンタテインメント）,,成熟的女人、合集、已婚婦女、DMM獨家,多人,https://www.javbus.com/HMIX-032,
LZBS-104 乳首こねくり舐め回してチューチューとマ●コに吸いつき昇天させる超絶舐めレズビアン10時間SP,LZBS-104 乳首こねくり舐め回してチューチューとマ●コに吸いつき昇天させる超絶舐めレズビアン10時間SP,LZBS-104,,2024-03-23,601分鐘,,レズれ！,レズれ！ ベスト,,女同性戀、舔陰、4小時以上作品、女同接吻、高畫質、巨乳、アクメ・オーガズム、DMM獨家,多人,https://www.javbus.com/LZBS-104,
FKBD-011 【福袋】脅迫スイートルーム33時間！Vol.3 シリーズ18タイトルまるごと2036分収録！ドMインテリ美女19名,FKBD-011 【福袋】脅迫スイートルーム33時間！Vol.3 シリーズ18タイトルまるごと2036分収録！ドMインテリ美女19名,FKBD-011,,2024-03-15,2032分鐘,,ドリームチケット,,WAAPグループ福袋,合集、多P、深喉、粗暴、高畫質、16時間以上作品、福袋,多人,https://www.javbus.com/FKBD-011,
IESP-254-HD 【AIリマスター】NO.1美女軍団 女教師 中出し20連発 スペシャル,IESP-254-HD 【AIリマスター】NO.1美女軍団 女教師 中出し20連発 スペシャル,IESP-254-HD,,2024-02-27,115分鐘,,アイエナジー,IESP,,角色扮演、濫交、巨乳,多人,https://www.javbus.com/IESP-254-HD,
JUMS-061 愛する夫の為に、身代わり週末肉便器。総集編8時間,JUMS-061 愛する夫の為に、身代わり週末肉便器。総集編8時間,JUMS-061,,2024-02-23,480分鐘,,マドンナ,Madonna,愛する夫の為に、身代わり週末肉便器。,成熟的女人、合集、已婚婦女、高畫質、DMM獨家,多人,https://www.javbus.com/JUMS-061,
EMAZ-416 魅惑の超熟女！五十路・六十路お婆ちゃん19時間22分8枚組BOX,EMAZ-416 魅惑の超熟女！五十路・六十路お婆ちゃん19時間22分8枚組BOX,EMAZ-416,,2024-02-17,1162分鐘,,婦人社/エマニエル,婦人社,,成熟的女人、合集、亂倫、中出、お婆ちゃん、エマニエル、DMM獨家,多人,https://www.javbus.com/EMAZ-416,
CEAD-564 悶絶！絶頂！ド淫乱オナニーselection 山本美和子,CEAD-564 悶絶！絶頂！ド淫乱オナニーselection 山本美和子,CEAD-564,,2024-02-10,152分鐘,,セレブの友,セレブの友,,野外・露出、花癡、アクメ・オーガズム、白目・失神、DMM獨家、自慰,多人,https://www.javbus.com/CEAD-564,
CEMD-473 快楽失禁！お漏らし美女達の大量潮吹きBOX！8枚組・22時間34分！！,CEMD-473 快楽失禁！お漏らし美女達の大量潮吹きBOX！8枚組・22時間34分！！,CEMD-473,,2024-01-20,1354分鐘,,セレブの友,セレブの友,,成熟的女人、放尿、潮吹、合集、花癡、DMM獨家,多人,https://www.javbus.com/CEMD-473,
CEAD-562 Extreme（過激な）オナニスト！58 風間ゆみ 3 ～9オナニー132分,CEAD-562 Extreme（過激な）オナニスト！58 風間ゆみ 3 ～9オナニー132分,CEAD-562,,2024-01-20,132分鐘,,セレブの友,セレブの友,Extreme（過激な）オナニスト！,潮吹、花癡、巨乳、アクメ・オーガズム、DMM獨家、自慰,多人,https://www.javbus.com/CEAD-562,
JUQ-511 世界一豪華な記念作！！マドンナ20周年記念 感動と絶頂のフィナーレ 湯煙舞う中出し無制限史上初ALL専属バスツアー！！後編 ～大競’宴’はまだまだ終わらない！！中出し無制限の大乱交！！～,JUQ-511 世界一豪華な記念作！！マドンナ20周年記念 感動と絶頂のフィナーレ 湯煙舞う中出し無制限史上初ALL専属バスツアー！！後編 ～大競’宴’はまだまだ終わらない！！中出し無制限の大乱交！！～,JUQ-511,,2024-01-19,230分鐘,豆沢豆太郎,マドンナ,Madonna,,成熟的女人、已婚婦女、中出、高畫質、温泉、ハーレム、DMM獨家,多人,https://www.javbus.com/JUQ-511,
ZOOO-113 濃密ヌルべちょ美熟女レズビアン 快楽を貪り合う濃厚密着同性愛交尾 6組12人 4時間,ZOOO-113 濃密ヌルべちょ美熟女レズビアン 快楽を貪り合う濃厚密着同性愛交尾 6組12人 4時間,ZOOO-113,,2024-01-19,242分鐘,,ZOOO,ZOOO,,成熟的女人、女同性戀、已婚婦女、4小時以上作品、女同接吻、高畫質、巨乳,多人,https://www.javbus.com/ZOOO-113,
MXDLP-0211 欲しがるおクチ濃厚フェラチオVol.2！4時間SP 水沢のの 由愛可奈 葉山瞳 吉沢明歩 AIKA,MXDLP-0211 欲しがるおクチ濃厚フェラチオVol.2！4時間SP 水沢のの 由愛可奈 葉山瞳 吉沢明歩 AIKA,MXDLP-0211,,2024-01-16,305分鐘,,MAXING,MAXING,,其他戀物癖、合集、4小時以上作品、配信専用,多人,https://www.javbus.com/MXDLP-0211,
MXDLP-211 欲しがるおクチ濃厚フェラチオVol.2！4時間SP,MXDLP-211 欲しがるおクチ濃厚フェラチオVol.2！4時間SP,MXDLP-211,,2024-01-16,259分鐘,,マキシング,MAXING,欲しがるおクチ濃厚フェラチオ,口交、其他戀物癖、合集、4小時以上作品、高畫質、女優ベスト・総集編,多人,https://www.javbus.com/MXDLP-211,
FTKR-005 【福袋】やっぱり最高だよ… お義母さん、にょっ女房よりずっといいよ… 至福の温もりお義母さん15人 1823分,FTKR-005 【福袋】やっぱり最高だよ… お義母さん、にょっ女房よりずっといいよ… 至福の温もりお義母さん15人 1823分,FTKR-005,,2024-01-05,1823分鐘,,タカラ映像,ALEDDIN,お義母さん、女房よりずっといいよ…,成熟的女人、亂倫、已婚婦女、中出、高畫質、16時間以上作品、設置項目、巨乳、福袋、DMM獨家,多人,https://www.javbus.com/FTKR-005,
FKNBES-002 【福袋】JET映像超絶大ヒット！超人気女優タイトル20作品完全ノーカット収録！2510分41時間50分特大収録！ねとられ人妻たちの止められない性欲大爆発BEST！！,FKNBES-002 【福袋】JET映像超絶大ヒット！超人気女優タイトル20作品完全ノーカット収録！2510分41時間50分特大収録！ねとられ人妻たちの止められない性欲大爆発BEST！！,FKNBES-002,,2024-01-05,2510分鐘,,JET映像,,JET映像,成熟的女人、已婚婦女、高畫質、出軌、超乳、16時間以上作品、巨尻、福袋、DMM獨家,多人,https://www.javbus.com/FKNBES-002,
JUMS-055 数限りない肉棒に掻き回される快楽。輪●‘沼’にドロ堕ちする人妻たち 12時間,JUMS-055 数限りない肉棒に掻き回される快楽。輪●‘沼’にドロ堕ちする人妻たち 12時間,JUMS-055,,2024-01-05,720分鐘,,マドンナ,Madonna,,成熟的女人、合集、已婚婦女、高畫質、DMM獨家,多人,https://www.javbus.com/JUMS-055,
AVS-027 【福袋】イケてる強めでセレブなビッチを完全着衣でとことんハメ倒す！小手先無しのガチンコ着衣FUCK 激盛り15作品1919min 31時間over！,AVS-027 【福袋】イケてる強めでセレブなビッチを完全着衣でとことんハメ倒す！小手先無しのガチンコ着衣FUCK 激盛り15作品1919min 31時間over！,AVS-027,,2024-01-05,1919分鐘,DOPAMIX,AVS collector’s,AVSCollector’s,セレビッチ！,身體意識、連褲襪、高畫質、16時間以上作品、ビッチ、設置項目、セレブ、福袋、DMM獨家、迷你裙,多人,https://www.javbus.com/AVS-027,
JFB-330 巨乳女の上下のメス穴を同時レ●プ！串刺し凌●輪●8時間BEST,JFB-330 巨乳女の上下のメス穴を同時レ●プ！串刺し凌●輪●8時間BEST,JFB-330,,2023-12-29,480分鐘,,Fitch,Fitch,,口交、合集、花癡、多P、高畫質、巨乳、DMM獨家,多人,https://www.javbus.com/JFB-330,
CEAD-552 風間ゆみ×川上ゆう［共演作品限定］2枚組ハイパーベスト8時間50分,CEAD-552 風間ゆみ×川上ゆう［共演作品限定］2枚組ハイパーベスト8時間50分,CEAD-552,,2023-12-23,530分鐘,,セレブの友,セレブの友,ハイパーベスト,成熟的女人、野外・露出、濫交、花癡、女優ベスト・総集編、DMM獨家,多人,https://www.javbus.com/CEAD-552,
LZBS-102 レズれ！プレミアムベスト10時間SP 2023年総決算！年を忘れて煩悩突きまくる除夜のレズペニバンセックス61連発！,LZBS-102 レズれ！プレミアムベスト10時間SP 2023年総決算！年を忘れて煩悩突きまくる除夜のレズペニバンセックス61連発！,LZBS-102,,2023-12-23,600分鐘,,レズれ！,レズれ！ ベスト,レズれ！プレミアムBEST,玩具、女同性戀、合集、女同接吻、DMM獨家,多人,https://www.javbus.com/LZBS-102,
JUQ-510 世界一豪華な記念作！！ マドンナ20周年記念 湯煙舞う中出し無制限史上初ALL専属バスツアー！！前編 4時間OVER 2枚組！！,JUQ-510 世界一豪華な記念作！！ マドンナ20周年記念 湯煙舞う中出し無制限史上初ALL専属バスツアー！！前編 4時間OVER 2枚組！！,JUQ-510,,2023-12-22,290分鐘,豆沢豆太郎,マドンナ,Madonna,,成熟的女人、已婚婦女、中出、高畫質、温泉、ハーレム、DMM獨家,多人,https://www.javbus.com/JUQ-510,
JUMS-053 マドンナ20周年―。歴史を築き上げた伝説の女優100人24時間 Memorial Madonna Best 2004～2023,JUMS-053 マドンナ20周年―。歴史を築き上げた伝説の女優100人24時間 Memorial Madonna Best 2004～2023,JUMS-053,,2023-12-22,1440分鐘,,マドンナ,Madonna,,成熟的女人、合集、已婚婦女、高畫質、DMM獨家,多人,https://www.javbus.com/JUMS-053,
CVDA-033 淋しんぼ母さん 過剰な愛情欲情セックス Complete DX2 12作品17時間25分,CVDA-033 淋しんぼ母さん 過剰な愛情欲情セックス Complete DX2 12作品17時間25分,CVDA-033,,2023-12-21,1068分鐘,,センタービレッジ,大人になったらセンタービレッジ。,淋しんぼ母さん 過剰な愛情欲情セックス,成熟的女人、合集、亂倫、已婚婦女、中出、高畫質、16時間以上作品,多人,https://www.javbus.com/CVDA-033,
FUPT-005 【福袋】まるっと！！はだかの主婦20タイトル2369分！！,FUPT-005 【福袋】まるっと！！はだかの主婦20タイトル2369分！！,FUPT-005,,2023-12-21,2369分鐘,,プラネットプラス,まるっと！,裸の主婦,其他戀物癖、已婚婦女、高畫質、16時間以上作品、巨尻、巨乳、局部特寫,多人,https://www.javbus.com/FUPT-005,
NAGAE-007 History of NAGAE「中年男の夢を叶えるセックス やりたい放題 AIリマスター版」,NAGAE-007 History of NAGAE「中年男の夢を叶えるセックス やりたい放題 AIリマスター版」,NAGAE-007,,2023-12-20,1139分鐘,ながえ,ながえスタイル,ながえSTYLE,AIリマスター（ながえスタイル）,成熟的女人、已婚婦女、高畫質、出軌、戲劇、16時間以上作品、設置項目、DMM獨家,多人,https://www.javbus.com/NAGAE-007,
HYAS-136 緊縛凌●調教 100人 8時間 身も心も縛られ悶える女たち,HYAS-136 緊縛凌●調教 100人 8時間 身も心も縛られ悶える女たち,HYAS-136,,2023-12-09,480分鐘,,ケイ・エム・プロデュース,100人,,成熟的女人、紧缚、合集、凌辱、DMM獨家,多人,https://www.javbus.com/HYAS-136,
CEAD-548 Extreme（過激な）オナニスト！56 村上涼子 3 ～13オナニー152分,CEAD-548 Extreme（過激な）オナニスト！56 村上涼子 3 ～13オナニー152分,CEAD-548,,2023-12-09,152分鐘,,セレブの友,セレブの友,Extreme（過激な）オナニスト！,成熟的女人、放尿、淫語、アクメ・オーガズム、DMM獨家、自慰,多人,https://www.javbus.com/CEAD-548,
JUMS-048 美熟女の圧倒的デカ尻が激震するチ〇ポ丸飲み騎乗位BEST 104本番8時間,JUMS-048 美熟女の圧倒的デカ尻が激震するチ〇ポ丸飲み騎乗位BEST 104本番8時間,JUMS-048,,2023-12-08,480分鐘,,マドンナ,Madonna,,成熟的女人、合集、已婚婦女、女上位、高畫質、巨尻、DMM獨家,多人,https://www.javbus.com/JUMS-048,
JUMS-049 「ねぇ？あなた、本当に童貞なの？」 童貞詐欺にイカされ続けた人妻 Precious Best 16時間,JUMS-049 「ねぇ？あなた、本当に童貞なの？」 童貞詐欺にイカされ続けた人妻 Precious Best 16時間,JUMS-049,,2023-12-08,960分鐘,,マドンナ,Madonna,「ねぇ？あなた、本当に童貞なの？」～童貞詐欺にイカされ続けた人妻～,成熟的女人、已婚婦女、高畫質、女優ベスト・総集編、巨乳、DMM獨家,多人,https://www.javbus.com/JUMS-049,
JFB-327 あぁイっっく…射精直前の最高に気持ち良い瞬間を厳選収録！ 美女の顔面に俺のザーメンをぶちまける快感！顔射129連発BEST！,JFB-327 あぁイっっく…射精直前の最高に気持ち良い瞬間を厳選収録！ 美女の顔面に俺のザーメンをぶちまける快感！顔射129連発BEST！,JFB-327,,2023-12-01,240分鐘,,Fitch,Fitch,,口交、合集、高畫質、顏射、巨乳、DMM獨家,多人,https://www.javbus.com/JFB-327,
JUMS-046 射精直前のフェラチオ＆激ピストンラッシュ！！ 極濃ザーメンを人妻の美顔にぶっ放す！！大量顔射 120連発BEST,JUMS-046 射精直前のフェラチオ＆激ピストンラッシュ！！ 極濃ザーメンを人妻の美顔にぶっ放す！！大量顔射 120連発BEST,JUMS-046,,2023-11-24,240分鐘,,マドンナ,Madonna,,成熟的女人、口交、合集、已婚婦女、高畫質、顏射、DMM獨家,多人,https://www.javbus.com/JUMS-046,
EMAZ-415 悩殺熟ボディーの美魔女がねっとりと男を喰らう！熟痴女24時間16分！8枚組BOX！,EMAZ-415 悩殺熟ボディーの美魔女がねっとりと男を喰らう！熟痴女24時間16分！8枚組BOX！,EMAZ-415,,2023-11-18,1456分鐘,,婦人社/エマニエル,婦人社,,蕩婦、成熟的女人、合集、花癡、巨乳、エマニエル、DMM獨家,多人,https://www.javbus.com/EMAZ-415,
KSBJ-272 もしも隣の奥さんが、僕のチ○ポを狙ってきたら…,KSBJ-272 もしも隣の奥さんが、僕のチ○ポを狙ってきたら…,KSBJ-272,,2023-11-18,227分鐘,,KSB企画/エマニエル,KSB企画/エマニエル,,蕩婦、成熟的女人、合集、已婚婦女、高畫質、エマニエル、DMM獨家,多人,https://www.javbus.com/KSBJ-272,
JDL-092 デジタルモザイク4部作 母子交尾3,JDL-092 デジタルモザイク4部作 母子交尾3,JDL-092,,2023-11-04,470分鐘,清水橋健太,ルビー,RUBY,母子交尾,成熟的女人、母親、亂倫、旅行、DMM獨家,多人,https://www.javbus.com/JDL-092,
VSED-224 友だちのお母さんがあまりにも綺麗すぎて…僕の下半身は制御不能に！おばさん、ボクとセックスしてくれませんか！ 風間ゆみ 桐島秋子 扇原樹理,VSED-224 友だちのお母さんがあまりにも綺麗すぎて…僕の下半身は制御不能に！おばさん、ボクとセックスしてくれませんか！ 風間ゆみ 桐島秋子 扇原樹理,VSED-224,,2023-10-28,270分鐘,,ティーズ,,,蕩婦、成熟的女人、已婚婦女、屁股、中出、4小時以上作品,多人,https://www.javbus.com/VSED-224,
CEAD-541 Extreme（過激な）オナニスト！53 川上ゆう 3 ～8オナニー167分,CEAD-541 Extreme（過激な）オナニスト！53 川上ゆう 3 ～8オナニー167分,CEAD-541,,2023-10-21,167分鐘,,セレブの友,セレブの友,Extreme（過激な）オナニスト！,成熟的女人、淫語、花癡、アクメ・オーガズム、DMM獨家、自慰,多人,https://www.javbus.com/CEAD-541,
TCDF-027 女に強●セックスされて射精までするニューハーフ 8枚組BOX 22時間51分,TCDF-027 女に強●セックスされて射精までするニューハーフ 8枚組BOX 22時間51分,TCDF-027,,2023-10-21,1371分鐘,,TRANS CLUB,TRANS CLUB,,合集、變性者、花癡、女裝人妖、デカチン・巨根、DMM獨家,多人,https://www.javbus.com/TCDF-027,
JUMS-041 こんなスケベな奥さんに誘われたら一線を越えてもしょうがない！！ 近所の極上美人妻と逆レ×プセックス8時間（JUMS-041）,JUMS-041 こんなスケベな奥さんに誘われたら一線を越えてもしょうがない！！ 近所の極上美人妻と逆レ×プセックス8時間（JUMS-041）,JUMS-041,,2023-10-20,480分鐘,,マドンナ,Madonna,近所の極上美人妻と逆レ×プセックス8時間,蕩婦、成熟的女人、合集、已婚婦女、高畫質、DMM獨家,多人,https://www.javbus.com/JUMS-041,
MBYD-384 元ヤリマンの叔母がエロすぎて超ガリ勉の甥っ子が性欲モンスター化！絶対に逃げられない抜かずの孕ませ超絶倫ホールド5タイトル8時間 めぐり 川上奈々美 風間ゆみ 佐山愛 蜜美杏,MBYD-384 元ヤリマンの叔母がエロすぎて超ガリ勉の甥っ子が性欲モンスター化！絶対に逃げられない抜かずの孕ませ超絶倫ホールド5タイトル8時間 めぐり 川上奈々美 風間ゆみ 佐山愛 蜜美杏,MBYD-384,,2023-10-13,480分鐘,,溜池ゴロー,溜池ゴロー,抜かずの孕ませ超絶倫ホールド,成熟的女人、合集、已婚婦女、中出、高畫質、巨乳、DMM獨家,多人,https://www.javbus.com/MBYD-384,
ZOOO-100 嫁の母 妻よりも淫美な義母の魅力に堕ちていく禁断の家庭内不倫姦 10名収録 240分,ZOOO-100 嫁の母 妻よりも淫美な義母の魅力に堕ちていく禁断の家庭内不倫姦 10名収録 240分,ZOOO-100,,2023-10-10,245分鐘,,ZOOO,ZOOO,,成熟的女人、苗條、母親、合集、亂倫、已婚婦女、中出、4小時以上作品、高畫質、巨乳,多人,https://www.javbus.com/ZOOO-100,
CEAD-537 村上涼子 The Ultimate Best 8時間,CEAD-537 村上涼子 The Ultimate Best 8時間,CEAD-537,,2023-10-07,480分鐘,,セレブの友,セレブの友,The Ultimate Best,成熟的女人、紧缚、亂倫、花癡、女優ベスト・総集編、DMM獨家,多人,https://www.javbus.com/CEAD-537,
JUMS-039 膣奥の最深を貫く！！デカチンの虜になった人妻30人 8時間,JUMS-039 膣奥の最深を貫く！！デカチンの虜になった人妻30人 8時間,JUMS-039,,2023-10-06,480分鐘,,マドンナ,Madonna,,成熟的女人、合集、已婚婦女、通姦、高畫質、デカチン・巨根、DMM獨家,多人,https://www.javbus.com/JUMS-039,
CEAD-531 山本美和子2枚組ハイパーベスト8時間32分,CEAD-531 山本美和子2枚組ハイパーベスト8時間32分,CEAD-531,,2023-09-23,512分鐘,,セレブの友,セレブの友,ハイパーベスト,成熟的女人、野外・露出、花癡、多P、女優ベスト・総集編、DMM獨家,多人,https://www.javbus.com/CEAD-531,
HMIX-026 メートル越えヒップ杭打ちピストン 爆尻熟女の肉感セックス！！ 20人 4時間,HMIX-026 メートル越えヒップ杭打ちピストン 爆尻熟女の肉感セックス！！ 20人 4時間,HMIX-026,,2023-09-23,240分鐘,,グローバルメディアエンタテインメント,ハイパーミックス（グローバルメディアエンタテインメント）,,成熟的女人、合集、已婚婦女、屁股、DMM獨家,多人,https://www.javbus.com/HMIX-026,
CEAD-535 風間ゆみ The Ultimate Best 8時間 3,CEAD-535 風間ゆみ The Ultimate Best 8時間 3,CEAD-535,,2023-09-23,480分鐘,,セレブの友,セレブの友,The Ultimate Best,成熟的女人、花癡、戲劇、女優ベスト・総集編、巨乳、DMM獨家,多人,https://www.javbus.com/CEAD-535,
JUMS-038 美熟女と少年が最高潮に燃え盛る年の差セックス31人 8時間,JUMS-038 美熟女と少年が最高潮に燃え盛る年の差セックス31人 8時間,JUMS-038,,2023-09-22,480分鐘,,マドンナ,Madonna,,成熟的女人、合集、已婚婦女、通姦、高畫質、DMM獨家,多人,https://www.javbus.com/JUMS-038,
JUMS-037 永遠に終わらない、中出し輪●の日々。総集編12時間,JUMS-037 永遠に終わらない、中出し輪●の日々。総集編12時間,JUMS-037,,2023-09-22,720分鐘,,マドンナ,Madonna,永遠に終わらない、中出し輪●の日々。,成熟的女人、合集、已婚婦女、高畫質、巨乳、DMM獨家,多人,https://www.javbus.com/JUMS-037,
MBYD-383 ヌキやすさにこだわって1人あたり3分収録！人妻の濃厚すぎるインスタントフェラチオBEST80連発！！,MBYD-383 ヌキやすさにこだわって1人あたり3分収録！人妻の濃厚すぎるインスタントフェラチオBEST80連発！！,MBYD-383,,2023-09-15,240分鐘,,溜池ゴロー,溜池ゴロー,,成熟的女人、口交、合集、已婚婦女、高畫質、巨乳、DMM獨家,多人,https://www.javbus.com/MBYD-383,
NACX-125 お尻を突き出すポーズがエロすぎる！後背位ばかりの動画集64人 VOL.04,NACX-125 お尻を突き出すポーズがエロすぎる！後背位ばかりの動画集64人 VOL.04,NACX-125,,2023-08-20,242分鐘,,プラネットプラス,七狗留,お尻を突き出すポーズがエロすぎる！,合集、4小時以上作品、高畫質、巨尻、巨乳、バック,多人,https://www.javbus.com/NACX-125,
UMSO-512 騎乗位で観察する！激揺れおっぱい50人VOL.04,UMSO-512 騎乗位で観察する！激揺れおっぱい50人VOL.04,UMSO-512,,2023-08-19,242分鐘,,ケイ・エム・プロデュース,UMANAMI,○○で観察する！,合集、女上位、4小時以上作品、高畫質、巨尻、巨乳、DMM獨家,多人,https://www.javbus.com/UMSO-512,
CEMD-388 誘惑痴女100人以上 22時間01分 8枚組BOX,CEMD-388 誘惑痴女100人以上 22時間01分 8枚組BOX,CEMD-388,,2023-08-19,1321分鐘,,セレブの友,セレブの友,,蕩婦、成熟的女人、合集、花癡、アクメ・オーガズム、DMM獨家,多人,https://www.javbus.com/CEMD-388,
CEAD-525 風間ゆみ［主演・監督作品限定］4枚組ハイパーベスト12時間50分,CEAD-525 風間ゆみ［主演・監督作品限定］4枚組ハイパーベスト12時間50分,CEAD-525,,2023-08-19,770分鐘,,セレブの友,セレブの友,ハイパーベスト,成熟的女人、女同性戀、中出、女優ベスト・総集編、巨乳、DMM獨家,多人,https://www.javbus.com/CEAD-525,
ARAN-070 媚薬キメオナ絶頂狂い 気がオカシクなるまでイキ続ける女たち 5時間31名のドンギマリ記録映像-INFERNO BABE ULTRA FILM-,ARAN-070 媚薬キメオナ絶頂狂い 気がオカシクなるまでイキ続ける女たち 5時間31名のドンギマリ記録映像-INFERNO BABE ULTRA FILM-,ARAN-070,,2023-08-19,300分鐘,,BabyEntertainment,素人娘狂騒局,,藥物、4小時以上作品、子宮頸、高畫質、汗だく、アクメ・オーガズム、自慰,多人,https://www.javbus.com/ARAN-070,
CEAD-524 澤村レイコ2枚組ハイパーベスト7時間03分,CEAD-524 澤村レイコ2枚組ハイパーベスト7時間03分,CEAD-524,,2023-08-19,423分鐘,,セレブの友,セレブの友,ハイパーベスト,成熟的女人、花癡、中出、女優ベスト・総集編、DMM獨家,多人,https://www.javbus.com/CEAD-524,
KSBJ-260 デカ尻熟女15人VOL.02,KSBJ-260 デカ尻熟女15人VOL.02,KSBJ-260,,2023-08-12,242分鐘,,KSB企画/エマニエル,KSB企画/エマニエル,デカ尻熟女,成熟的女人、合集、4小時以上作品、高畫質、巨尻、巨乳、エマニエル、DMM獨家,多人,https://www.javbus.com/KSBJ-260,
JFB-320 爆乳に貪りつきたい！デカパイに圧迫される授乳手コキ28連発8時間BEST,JFB-320 爆乳に貪りつきたい！デカパイに圧迫される授乳手コキ28連発8時間BEST,JFB-320,,2023-08-11,480分鐘,,Fitch,Fitch,,合集、戀乳癖、高畫質、巨乳、DMM獨家、打手槍,多人,https://www.javbus.com/JFB-320,
CEAD-518 Extreme（過激な）オナニスト！47 風間ゆみ 2 ～9オナニー166分,CEAD-518 Extreme（過激な）オナニスト！47 風間ゆみ 2 ～9オナニー166分,CEAD-518,,2023-07-22,166分鐘,,セレブの友,セレブの友,Extreme（過激な）オナニスト！,成熟的女人、淫語、巨乳、アクメ・オーガズム、DMM獨家、自慰,多人,https://www.javbus.com/CEAD-518,
NASH-921 未亡人の義母は娘婿に欲情し中出し性交を許す！VOL.02,NASH-921 未亡人の義母は娘婿に欲情し中出し性交を許す！VOL.02,NASH-921,,2023-07-22,243分鐘,,なでしこ,Nadeshiko,未亡人の義母は娘婿に欲情し中出し性交を許す！,成熟的女人、合集、4小時以上作品、婆婆、高畫質、巨乳、DMM獨家,多人,https://www.javbus.com/NASH-921,
JUMS-030 ダイヤモンドのように輝くS級人妻たちと過ごす至極の1ヵ月！！ Madonna美熟女SEXカレンダー2023 16時間,JUMS-030 ダイヤモンドのように輝くS級人妻たちと過ごす至極の1ヵ月！！ Madonna美熟女SEXカレンダー2023 16時間,JUMS-030,,2023-07-21,960分鐘,,マドンナ,Madonna,Madonna美熟女SEXカレンダー,成熟的女人、合集、已婚婦女、數位馬賽克、高畫質、DMM獨家,多人,https://www.javbus.com/JUMS-030,
GMSP-004 【お中元】夏の熟女ソープ祭！！ 麗しの熟女湯屋 ねっとり濃厚ぬるべちょ熟女の和風ソープ 25人2466分！！ 絶頂必至の絶品テクニックで泡まみれローションまみれの快楽フルコース！ 豪華女優の泡姫を大量収録でたっぷりシッポリ堪能できる極上風俗,GMSP-004 【お中元】夏の熟女ソープ祭！！ 麗しの熟女湯屋 ねっとり濃厚ぬるべちょ熟女の和風ソープ 25人2466分！！ 絶頂必至の絶品テクニックで泡まみれローションまみれの快楽フルコース！ 豪華女優の泡姫を大量収録でたっぷりシッポリ堪能できる極上風俗,GMSP-004,,2023-07-14,2466分鐘,,グローバルメディアエンタテインメント,,,和服・喪服、成熟的女人、乳液、主觀視角、高畫質、16時間以上作品、設置項目、ヘルス・ソープ、福袋、DMM獨家,多人,https://www.javbus.com/GMSP-004,
VENE-006 【お中元】【極盛】【巨乳】湯けむり近親相姦 まるごと15タイトル ノーカット1400分,VENE-006 【お中元】【極盛】【巨乳】湯けむり近親相姦 まるごと15タイトル ノーカット1400分,VENE-006,,2023-07-14,1400分鐘,,VENUS,INCEST（ヴィーナス）,湯けむり近親相姦,成熟的女人、亂倫、已婚婦女、中出、高畫質、16時間以上作品、設置項目、巨乳、福袋、DMM獨家,多人,https://www.javbus.com/VENE-006,
DSCESD-004 【お中元】セレブの友ファン感謝福袋 絶対にヌケる！ノーカット丸ごと厳選20作品セットの第4弾！！！,DSCESD-004 【お中元】セレブの友ファン感謝福袋 絶対にヌケる！ノーカット丸ごと厳選20作品セットの第4弾！！！,DSCESD-004,,2023-07-14,2799分鐘,,セレブの友,,,高畫質、16時間以上作品、福袋、DMM獨家,多人,https://www.javbus.com/DSCESD-004,
NASH-915 本当にあったエッチなお話38,NASH-915 本当にあったエッチなお話38,NASH-915,,2023-07-08,243分鐘,,なでしこ,Nadeshiko,本当にあったエッチなお話,成熟的女人、合集、已婚婦女、4小時以上作品、高畫質、DMM獨家,多人,https://www.javbus.com/NASH-915,
CEMD-365 超濃密「中出し交尾」の女たち24時間32分,CEMD-365 超濃密「中出し交尾」の女たち24時間32分,CEMD-365,,2023-07-08,1472分鐘,,セレブの友,セレブの友,,成熟的女人、合集、花癡、中出、DMM獨家,多人,https://www.javbus.com/CEMD-365,
JUMS-028 「お願い…もうやめて…中にだけは出しちゃダメえぇぇえ！！」 望まない中出し性交で、皮肉にも絶頂してしまった人妻 56連発12時間BEST,JUMS-028 「お願い…もうやめて…中にだけは出しちゃダメえぇぇえ！！」 望まない中出し性交で、皮肉にも絶頂してしまった人妻 56連発12時間BEST,JUMS-028,,2023-07-07,720分鐘,,マドンナ,Madonna,望まない中出し性交で、皮肉にも絶頂してしまった人妻,成熟的女人、合集、已婚婦女、數位馬賽克、中出、高畫質、DMM獨家,多人,https://www.javbus.com/JUMS-028,
NACX-123 ピストンするたび豊満ボディが踊り暴れる！爆乳熟女に中出し20人VOL.04,NACX-123 ピストンするたび豊満ボディが踊り暴れる！爆乳熟女に中出し20人VOL.04,NACX-123,,2023-07-05,240分鐘,,プラネットプラス,七狗留,ピストンするたび豊満ボディが踊り暴れる！,合集、中出、高畫質、巨尻、巨乳,多人,https://www.javbus.com/NACX-123,
LZBS-096 CtoC（クリトリスtoクリトリス）でオマ●コ擦り合い、外イキするヌルマンお豆洗い貝合わせ絶頂厳選ベスト5時間,LZBS-096 CtoC（クリトリスtoクリトリス）でオマ●コ擦り合い、外イキするヌルマンお豆洗い貝合わせ絶頂厳選ベスト5時間,LZBS-096,,2023-06-24,300分鐘,,レズれ！,レズれ！ ベスト,,女同性戀、手指插入、女同接吻、巨乳、アクメ・オーガズム、DMM獨家,多人,https://www.javbus.com/LZBS-096,
JFB-316 巨乳美女があまりの快楽で汗をまき散らし気が狂う程に絶頂 50FUCK8時間BEST,JFB-316 巨乳美女があまりの快楽で汗をまき散らし気が狂う程に絶頂 50FUCK8時間BEST,JFB-316,,2023-06-16,480分鐘,,Fitch,Fitch,,合集、數位馬賽克、中出、高畫質、汗だく、巨乳、DMM獨家,多人,https://www.javbus.com/JFB-316,
ZOOO-078 絶望の阿鼻叫喚！ リアル強●ドキュメントドラマ 人妻レ●プ事件譚 昼下がりの住宅を狙う卑劣な性犯罪者に欲望のまま犯●れ泣き悶え喘ぐ熟女たち… 10名収録 240分,ZOOO-078 絶望の阿鼻叫喚！ リアル強●ドキュメントドラマ 人妻レ●プ事件譚 昼下がりの住宅を狙う卑劣な性犯罪者に欲望のまま犯●れ泣き悶え喘ぐ熟女たち… 10名収録 240分,ZOOO-078,,2023-06-03,245分鐘,,ZOOO,ZOOO,,成熟的女人、已婚婦女、多P、凌辱、4小時以上作品、高畫質、巨乳,多人,https://www.javbus.com/ZOOO-078,
LZBS-095 レズれ！の出演女優さんからアンケートを取ったら一番気持ち良かったプレイが「キス手マン」でした。 子宮こねくり回し絶頂厳選ベスト5時間,LZBS-095 レズれ！の出演女優さんからアンケートを取ったら一番気持ち良かったプレイが「キス手マン」でした。 子宮こねくり回し絶頂厳選ベスト5時間,LZBS-095,,2023-05-20,301分鐘,,レズれ！,レズれ！ ベスト,,女同性戀、舔陰、4小時以上作品、手指插入、女同接吻、高畫質、DMM獨家,多人,https://www.javbus.com/LZBS-095,
HYJD-004 御客様感謝大盤振舞特別作品！！ シリーズ別ドラマベストBOX 豪華5枚組50作品収録1200分 ドラマもエロもたっぷり堪能できる…,HYJD-004 御客様感謝大盤振舞特別作品！！ シリーズ別ドラマベストBOX 豪華5枚組50作品収録1200分 ドラマもエロもたっぷり堪能できる…,HYJD-004,,2023-05-20,1200分鐘,,グローバルメディアエンタテインメント,ハイパー熟道,,成熟的女人、合集、已婚婦女、戲劇、DMM獨家,多人,https://www.javbus.com/HYJD-004,
HZGT-003 人気作品完全ノーカット10タイトル丸ごと全部入りフル収録！1257分 働く美人妻の中出し性交-永久保存版-,HZGT-003 人気作品完全ノーカット10タイトル丸ごと全部入りフル収録！1257分 働く美人妻の中出し性交-永久保存版-,HZGT-003,,2023-05-19,1245分鐘,,人妻花園劇場,selected,,角色扮演、蕩婦、成熟的女人、各種職業、已婚婦女、新娘、年輕妻子、通姦、中出、高畫質、出軌、16時間以上作品、巨乳,多人,https://www.javbus.com/HZGT-003,
JUMS-022 人妻の理性がチ○ポに狂わされる串刺し乱交BEST 8時間,JUMS-022 人妻の理性がチ○ポに狂わされる串刺し乱交BEST 8時間,JUMS-022,,2023-05-19,480分鐘,,マドンナ,Madonna,,成熟的女人、濫交、合集、已婚婦女、數位馬賽克、中出、高畫質、DMM獨家,多人,https://www.javbus.com/JUMS-022,
JUMS-019 妻には口が裂けても言えません、義母さんを孕ませてしまったなんて…。 総集編8時間（JUMS-019）,JUMS-019 妻には口が裂けても言えません、義母さんを孕ませてしまったなんて…。 総集編8時間（JUMS-019）,JUMS-019,,2023-05-05,480分鐘,,マドンナ,Madonna,妻には口が裂けても言えません、義母さんを孕ませてしまったなんて…。,成熟的女人、合集、已婚婦女、數位馬賽克、中出、高畫質、温泉、DMM獨家,多人,https://www.javbus.com/JUMS-019,
MXDLP-093 欲求不満なド淫乱な肉感ボディを攻めまくり5時間スペシャル,MXDLP-093 欲求不満なド淫乱な肉感ボディを攻めまくり5時間スペシャル,MXDLP-093,,2023-05-01,351分鐘,,マキシング,MAXING,,胖女人、合集、4小時以上作品、高畫質,多人,https://www.javbus.com/MXDLP-093,
MXDLP-081 巨乳女子とヤリ放題,MXDLP-081 巨乳女子とヤリ放題,MXDLP-081,,2023-05-01,249分鐘,,マキシング,MAXING,,合集、4小時以上作品、高畫質,多人,https://www.javbus.com/MXDLP-081,
MXDLP-033 欲情女のオナニーSP,MXDLP-033 欲情女のオナニーSP,MXDLP-033,,2023-05-01,252分鐘,,マキシング,MAXING,,合集、4小時以上作品、高畫質、自慰,多人,https://www.javbus.com/MXDLP-033,
JFB-313 濃厚な精子を求め誘惑してくるド淫乱女優に子宮の奥までどっぷり中出し100連発8時間BEST,JFB-313 濃厚な精子を求め誘惑してくるド淫乱女優に子宮の奥までどっぷり中出し100連発8時間BEST,JFB-313,,2023-04-28,480分鐘,,Fitch,Fitch,,蕩婦、合集、數位馬賽克、中出、高畫質、巨尻、巨乳、DMM獨家,多人,https://www.javbus.com/JFB-313,
MCSR-00523 ヒストリーオブ不倫旅行3 24人の人妻とゆく、一泊二日不貞の旅,MCSR-00523 ヒストリーオブ不倫旅行3 24人の人妻とゆく、一泊二日不貞の旅,MCSR-00523,,2023-04-22,300分鐘,金子次郎,ビッグモーカル,マスカット,ヒストリーオブ不倫旅行,已婚婦女、通姦、4小時以上作品、温泉,多人,https://www.javbus.com/MCSR-00523,
KANZ-270 S級美熟女列伝 960分 完全盤6枚組,KANZ-270 S級美熟女列伝 960分 完全盤6枚組,KANZ-270,,2023-04-20,777分鐘,,ネクスト,完全盤,,成熟的女人、合集、中出、4小時以上作品,多人,https://www.javbus.com/KANZ-270,
CEAD-483 風間ゆみマニアック限定2枚組ハイパーベスト7時間18分,CEAD-483 風間ゆみマニアック限定2枚組ハイパーベスト7時間18分,CEAD-483,,2023-04-08,438分鐘,,セレブの友,セレブの友,ハイパーベスト,成熟的女人、多P、女優ベスト・総集編、巨尻、巨乳、DMM獨家,多人,https://www.javbus.com/CEAD-483,
CEAD-487 川上ゆう The Ultimate Best 8時間 2,CEAD-487 川上ゆう The Ultimate Best 8時間 2,CEAD-487,,2023-04-08,480分鐘,,セレブの友,セレブの友,The Ultimate Best,成熟的女人、女同性戀、纪录片、中出、女優ベスト・総集編、DMM獨家,多人,https://www.javbus.com/CEAD-487,
JUVR-169 【VR】豊満肉感ボディで包み込む！！全員Gカップ以上！！むっちむち爆乳奥さんSEXベスト387分！！セックスシーンはノーカット収録！！,JUVR-169 【VR】豊満肉感ボディで包み込む！！全員Gカップ以上！！むっちむち爆乳奥さんSEXベスト387分！！セックスシーンはノーカット収録！！,JUVR-169,,2023-04-07,388分鐘,,マドンナ,MadonnaVR,,成熟的女人、合集、已婚婦女、4小時以上作品、巨尻、VR専用、巨乳、ハイクオリティVR、DMM獨家,多人,https://www.javbus.com/JUVR-169,
FUKS-001 【祝春ギフト】24時間365日、何をするにもすっ裸！？魅惑のボディでご近所さんや修理業者を誘惑する「はだかの奥様」ベストコレクション2459分！！,FUKS-001 【祝春ギフト】24時間365日、何をするにもすっ裸！？魅惑のボディでご近所さんや修理業者を誘惑する「はだかの奥様」ベストコレクション2459分！！,FUKS-001,,2023-04-07,2459分鐘,,KSB企画/エマニエル,KSB企画/エマニエル,はだかの奥様,蕩婦、成熟的女人、其他戀物癖、已婚婦女、高畫質、16時間以上作品、設置項目、巨乳、エマニエル、福袋、DMM獨家,多人,https://www.javbus.com/FUKS-001,
RBFB-001 【祝春ギフト】母子交尾の神髄を堪能せよ！！！,RBFB-001 【祝春ギフト】母子交尾の神髄を堪能せよ！！！,RBFB-001,,2023-04-07,1679分鐘,,ルビー,旅路,母子交尾,成熟的女人、母親、亂倫、中出、高畫質、16時間以上作品、設置項目、旅行、福袋、DMM獨家,多人,https://www.javbus.com/RBFB-001,
CEAD-482 Extreme（過激な）オナニスト！26 澤村レイコ ～9オナニー＋レズ146分,CEAD-482 Extreme（過激な）オナニスト！26 澤村レイコ ～9オナニー＋レズ146分,CEAD-482,,2023-03-25,146分鐘,,セレブの友,セレブの友,Extreme（過激な）オナニスト！,成熟的女人、女同性戀、潮吹、アクメ・オーガズム、DMM獨家、自慰,多人,https://www.javbus.com/CEAD-482,
CEAD-481 Extreme（過激な）オナニスト！25 翔田千里 2 ～9オナニー172分,CEAD-481 Extreme（過激な）オナニスト！25 翔田千里 2 ～9オナニー172分,CEAD-481,,2023-03-25,172分鐘,,セレブの友,セレブの友,Extreme（過激な）オナニスト！,成熟的女人、連褲襪、巨尻、アクメ・オーガズム、DMM獨家、自慰,多人,https://www.javbus.com/CEAD-481,
HZGT-002 視聴者の声で選んだ大反響高評価レビュー作品厳選10人,HZGT-002 視聴者の声で選んだ大反響高評価レビュー作品厳選10人,HZGT-002,,2023-03-17,1349分鐘,,人妻花園劇場,selected,,成熟的女人、亂倫、已婚婦女、纪录片、新娘、年輕妻子、通姦、凌辱、中出、高畫質、出軌、戲劇、16時間以上作品、巨乳、自慰,多人,https://www.javbus.com/HZGT-002,
MCSX-001 【史上最強激安】極上美人妻福袋 超 長尺4320分超 大漁 252人 爆乳 中出し 熟女,MCSX-001 【史上最強激安】極上美人妻福袋 超 長尺4320分超 大漁 252人 爆乳 中出し 熟女,MCSX-001,,2023-02-25,4320分鐘,,ビッグモーカル,マスカット,【史上最強激安】○○福袋,已婚婦女、高畫質、巨乳,多人,https://www.javbus.com/MCSX-001,
CEAD-472 発情痴女100人が思わずおねだり！生SEX大全集,CEAD-472 発情痴女100人が思わずおねだり！生SEX大全集,CEAD-472,,2023-02-25,480分鐘,,セレブの友,セレブの友,,蕩婦、成熟的女人、合集、花癡、巨乳、DMM獨家,多人,https://www.javbus.com/CEAD-472,
SPCF-001 【SCOOPベストヒット福袋】神級コスパ200％！15作品64人//完全ノーカット2925分 48時間まるごと収録！最上級の満足感！完全永久保存版！！,SPCF-001 【SCOOPベストヒット福袋】神級コスパ200％！15作品64人//完全ノーカット2925分 48時間まるごと収録！最上級の満足感！完全永久保存版！！,SPCF-001,,2023-02-03,2952分鐘,,スクープ,SCOOP（スクープ）,,苗條、女大學生、各種職業、已婚婦女、美少女、制服、乳房、中出、高畫質、温泉、16時間以上作品、設置項目、高中女生、巨乳、お風呂、福袋、DMM獨家、貧乳・微乳,多人,https://www.javbus.com/SPCF-001,
CVDA-015 彼女の母 Complete SP2,CVDA-015 彼女の母 Complete SP2,CVDA-015,,2023-02-02,886分鐘,,センタービレッジ,大人になったらセンタービレッジ。,彼女の母（センタービレッジ）,成熟的女人、合集、已婚婦女、中出、4小時以上作品、高畫質,多人,https://www.javbus.com/CVDA-015,
LZBS-091 ねっちょりマ●コ舐めで連続絶頂！クリちゅぱベロ挿入ズッボズボでイカせまくるレズクンニ100連発 厳選ベスト5時間,LZBS-091 ねっちょりマ●コ舐めで連続絶頂！クリちゅぱベロ挿入ズッボズボでイカせまくるレズクンニ100連発 厳選ベスト5時間,LZBS-091,,2023-01-21,304分鐘,,レズれ！,レズれ！ ベスト,,女同性戀、舔陰、4小時以上作品、女同接吻、高畫質、巨乳、DMM獨家,多人,https://www.javbus.com/LZBS-091,
MXDLP-0093 欲求不満なド淫乱な肉感ボディを攻めまくり5時間スペシャル 風間ゆみ 小向美奈子 星宮みなみ 波多野結衣 鷹宮ゆい,MXDLP-0093 欲求不満なド淫乱な肉感ボディを攻めまくり5時間スペシャル 風間ゆみ 小向美奈子 星宮みなみ 波多野結衣 鷹宮ゆい,MXDLP-0093,,2023-01-16,351分鐘,,MAXING,MAXING,,潮吹、合集、花癡、拘束、4小時以上作品、配信専用,多人,https://www.javbus.com/MXDLP-0093,
NASH-820 縛られた未亡人 哀しみと虚しさを埋める縄快楽 4人4時間,NASH-820 縛られた未亡人 哀しみと虚しさを埋める縄快楽 4人4時間,NASH-820,,2023-01-07,244分鐘,,なでしこ,Nadeshiko,縛られた未亡人（なでしこ）,成熟的女人、紧缚、合集、已婚婦女、4小時以上作品、DMM獨家,多人,https://www.javbus.com/NASH-820,
NBES-055 JET映像7周年記念 彼女に内緒で彼女の母ともヤってます…7タイトルノーカットフル尺ベスト840分4枚組,NBES-055 JET映像7周年記念 彼女に内緒で彼女の母ともヤってます…7タイトルノーカットフル尺ベスト840分4枚組,NBES-055,,2023-01-06,840分鐘,,JET映像,卍GROUP,彼女に内緒で彼女の母ともヤってます…,合集、已婚婦女、高畫質、出軌、巨尻、DMM獨家,多人,https://www.javbus.com/NBES-055,
JUVR-160 【VR】HQVRで人気美熟女たちの癒しエロスをじっくり堪能！！ 思春期真っ盛り童貞の僕に笑顔でセックスの練習台になってくれる義母たち443分,JUVR-160 【VR】HQVRで人気美熟女たちの癒しエロスをじっくり堪能！！ 思春期真っ盛り童貞の僕に笑顔でセックスの練習台になってくれる義母たち443分,JUVR-160,,2023-01-06,444分鐘,,マドンナ,MadonnaVR,笑顔でセックスの練習台になってくれる義母,成熟的女人、已婚婦女、4小時以上作品、婆婆、處男、VR専用、巨乳、ハイクオリティVR、DMM獨家,多人,https://www.javbus.com/JUVR-160,
JUMS-004 母の友人 総集編 12時間（JUMS-004）,JUMS-004 母の友人 総集編 12時間（JUMS-004）,JUMS-004,,2023-01-06,720分鐘,,マドンナ,Madonna,母の友人,成熟的女人、合集、已婚婦女、數位馬賽克、高畫質、戲劇、DMM獨家,多人,https://www.javbus.com/JUMS-004,
CEAD-452 風間ゆみ＋川上ゆう＋翔田千里2枚組ハイパーベスト5時間12分,CEAD-452 風間ゆみ＋川上ゆう＋翔田千里2枚組ハイパーベスト5時間12分,CEAD-452,,2022-12-24,312分鐘,,セレブの友,セレブの友,ハイパーベスト,成熟的女人、女同性戀、女優ベスト・総集編、巨尻、巨乳、DMM獨家,多人,https://www.javbus.com/CEAD-452,
UMSO-481 旦那からの着信は不倫セックス中！！不倫相手に促され電話に出た人妻は、必死に喘ぎ声を押し殺してはいたが、行為がエスカレートし興奮度はMAXに！絶対にバレてる！？総集編15人VOL.03,UMSO-481 旦那からの着信は不倫セックス中！！不倫相手に促され電話に出た人妻は、必死に喘ぎ声を押し殺してはいたが、行為がエスカレートし興奮度はMAXに！絶対にバレてる！？総集編15人VOL.03,UMSO-481,,2022-12-24,242分鐘,,ケイ・エム・プロデュース,UMANAMI,旦那からの着信は不倫セックス中！！,成熟的女人、合集、已婚婦女、通姦、4小時以上作品、高畫質、DMM獨家,多人,https://www.javbus.com/UMSO-481,
CEMD-274 麻縄快楽に身悶えるマゾ堕ち美熟女たちの卑猥映像 8枚組BOX 24時間51分,CEMD-274 麻縄快楽に身悶えるマゾ堕ち美熟女たちの卑猥映像 8枚組BOX 24時間51分,CEMD-274,,2022-12-24,1491分鐘,,セレブの友,セレブの友,,成熟的女人、SM、紧缚、合集、DMM獨家,多人,https://www.javbus.com/CEMD-274,
EMAZ-413 禁断の五十路・四十路イキ狂いSEX 8枚組BOX 1，195分,EMAZ-413 禁断の五十路・四十路イキ狂いSEX 8枚組BOX 1，195分,EMAZ-413,,2022-12-17,1195分鐘,,婦人社/エマニエル,婦人社,,成熟的女人、母親、合集、中出、エマニエル、DMM獨家,多人,https://www.javbus.com/EMAZ-413,
MMBS-012 いじわるご奉仕 癒しの巨尻ソープ嬢 ヌルヌル♪マットSEX 4時間総集編,MMBS-012 いじわるご奉仕 癒しの巨尻ソープ嬢 ヌルヌル♪マットSEX 4時間総集編,MMBS-012,,2022-12-17,239分鐘,宮本小次郎,MARRION,MARRION BEST,いじわるご奉仕 癒しの巨尻ソープ嬢,合集、屁股、高畫質、巨尻、DMM獨家,多人,https://www.javbus.com/MMBS-012,
DSCESD-002 【福袋】セレブの友ファン感謝福袋 絶対にヌケる！ノーカット丸ごと厳選15作品セット！！,DSCESD-002 【福袋】セレブの友ファン感謝福袋 絶対にヌケる！ノーカット丸ごと厳選15作品セット！！,DSCESD-002,,2022-12-16,2266分鐘,,セレブの友,,セレブの友ファン感謝福袋,成熟的女人、女同性戀、高畫質、16時間以上作品、設置項目、巨乳、福袋、DMM獨家、肛交,多人,https://www.javbus.com/DSCESD-002,
JFB-306 Fitch15周年記念第4弾 極上フェラチオで射精直前の1番気持ち良い瞬間150連発8時間BEST,JFB-306 Fitch15周年記念第4弾 極上フェラチオで射精直前の1番気持ち良い瞬間150連発8時間BEST,JFB-306,,2022-12-16,480分鐘,,Fitch,Fitch,,口交、合集、數位馬賽克、高畫質、顏射、巨乳、DMM獨家、吞精,多人,https://www.javbus.com/JFB-306,
FTKR-001 【福袋】豪華！！！美熟女1920分,FTKR-001 【福袋】豪華！！！美熟女1920分,FTKR-001,,2022-12-16,1923分鐘,,タカラ映像,,,成熟的女人、已婚婦女、中出、高畫質、出軌、16時間以上作品、設置項目、巨乳、福袋、DMM獨家,多人,https://www.javbus.com/FTKR-001,
JFB-305 Fitch15周年記念第3弾 人気女優50名以上収録！皆様に愛され続けた名作シリーズ抜きどころ満載の12時間BEST,JFB-305 Fitch15周年記念第3弾 人気女優50名以上収録！皆様に愛され続けた名作シリーズ抜きどころ満載の12時間BEST,JFB-305,,2022-12-16,720分鐘,,Fitch,Fitch,,蕩婦、合集、數位馬賽克、中出、高畫質、巨尻、巨乳、DMM獨家,多人,https://www.javbus.com/JFB-305,
MXDLP-0081 巨乳女子とヤリ放題 鷹宮ゆい 黒宮えいみ きみの奈津 香純ゆい 三原ほのか,MXDLP-0081 巨乳女子とヤリ放題 鷹宮ゆい 黒宮えいみ きみの奈津 香純ゆい 三原ほのか,MXDLP-0081,,2022-12-16,248分鐘,,MAXING,MAXING,ヤリ放題,合集、4小時以上作品、巨乳、配信専用,多人,https://www.javbus.com/MXDLP-0081,
CEMD-272 女捜査官拷問調教 厳選コレクターズBOX 22時間52分 8枚組,CEMD-272 女捜査官拷問調教 厳選コレクターズBOX 22時間52分 8枚組,CEMD-272,,2022-12-10,1372分鐘,,セレブの友,セレブの友,女捜査官拷問調教,成熟的女人、SM、合集、女檢察官、DMM獨家,多人,https://www.javbus.com/CEMD-272,
GNAX-065 ドラマAV早送り8時間/犯●れながらも感じてしまった妻たち20人,GNAX-065 ドラマAV早送り8時間/犯●れながらも感じてしまった妻たち20人,GNAX-065,,2022-12-10,480分鐘,,NAGIRA,NAGIRA-ナギラ-,,口交、已婚婦女、中出、戲劇、DMM獨家,多人,https://www.javbus.com/GNAX-065,
HMIX-017 ムチムチ巨乳の母 包み込まれる肉感！快楽で悶える熟した豊満ボディ 20人 4時間,HMIX-017 ムチムチ巨乳の母 包み込まれる肉感！快楽で悶える熟した豊満ボディ 20人 4時間,HMIX-017,,2022-11-19,240分鐘,,グローバルメディアエンタテインメント,ハイパーミックス（グローバルメディアエンタテインメント）,,成熟的女人、母親、合集、已婚婦女、DMM獨家,多人,https://www.javbus.com/HMIX-017,
CEMD-261 100人以上出演！卑猥淫語と極上テクニックで男を責める熟女痴女たち 8枚組23時間,CEMD-261 100人以上出演！卑猥淫語と極上テクニックで男を責める熟女痴女たち 8枚組23時間,CEMD-261,,2022-11-19,1380分鐘,,セレブの友,セレブの友,,蕩婦、成熟的女人、合集、M男、DMM獨家,多人,https://www.javbus.com/CEMD-261,
MBYD-371 人妻の子宮めがけて下からガン突き！結合部丸見え状態の奥さんを寝取るノックアップピストンBEST,MBYD-371 人妻の子宮めがけて下からガン突き！結合部丸見え状態の奥さんを寝取るノックアップピストンBEST,MBYD-371,,2022-11-11,240分鐘,,溜池ゴロー,溜池ゴロー,,合集、已婚婦女、中出、女上位、高畫質、出軌、DMM獨家,多人,https://www.javbus.com/MBYD-371,
JFB-304 Fitch15周年記念第2弾 歴代デカ尻女優の圧倒的ド迫力で迫るSEX 大ボリュームの尻三昧！75SEX12時間BEST！,JFB-304 Fitch15周年記念第2弾 歴代デカ尻女優の圧倒的ド迫力で迫るSEX 大ボリュームの尻三昧！75SEX12時間BEST！,JFB-304,,2022-11-11,720分鐘,,Fitch,Fitch,,胖女人、合集、數位馬賽克、中出、高畫質、巨尻、DMM獨家,多人,https://www.javbus.com/JFB-304,
JUSD-997 ヌードモデルNTR 総集編8時間 上司と羞恥に溺れた妻の衝撃的浮気映像,JUSD-997 ヌードモデルNTR 総集編8時間 上司と羞恥に溺れた妻の衝撃的浮気映像,JUSD-997,,2022-11-04,480分鐘,,マドンナ,Madonna,ヌードモデルNTR,成熟的女人、合集、已婚婦女、數位馬賽克、高畫質、出軌、巨乳、DMM獨家,多人,https://www.javbus.com/JUSD-997,
JUQ-121 風間ゆみ25周年 友田真希20周年記念『共演』作品！！ W緊縛 義姉妹調教 麻縄に支配された名家に嫁いだ美熟女たち―。,JUQ-121 風間ゆみ25周年 友田真希20周年記念『共演』作品！！ W緊縛 義姉妹調教 麻縄に支配された名家に嫁いだ美熟女たち―。,JUQ-121,,2022-10-21,149分鐘,魁,マドンナ,Madonna,,成熟的女人、紧缚、已婚婦女、多P、數位馬賽克、高畫質、巨乳、4K、DMM獨家,多人,https://www.javbus.com/JUQ-121,
EMAZ-411 理性の壁が崩れ落ちる卑猥「近親相姦」SEX8時間 背徳性欲に身悶える美人妻～五十路・六十路熟女たち！,EMAZ-411 理性の壁が崩れ落ちる卑猥「近親相姦」SEX8時間 背徳性欲に身悶える美人妻～五十路・六十路熟女たち！,EMAZ-411,,2022-10-15,480分鐘,,婦人社/エマニエル,婦人社,,成熟的女人、合集、亂倫、已婚婦女、婆婆、エマニエル、DMM獨家,多人,https://www.javbus.com/EMAZ-411,
MBYD-369 No.1絶頂体位！人妻と同時イキする106連発正常位中出しベスト,MBYD-369 No.1絶頂体位！人妻と同時イキする106連発正常位中出しベスト,MBYD-369,,2022-10-14,480分鐘,,溜池ゴロー,溜池ゴロー,,合集、已婚婦女、通姦、中出、高畫質、出軌、DMM獨家,多人,https://www.javbus.com/MBYD-369,
CEMD-246 熟女同士の悶絶・絶頂レズセックス大全集BOX 8枚組 1，171分,CEMD-246 熟女同士の悶絶・絶頂レズセックス大全集BOX 8枚組 1，171分,CEMD-246,,2022-10-08,1171分鐘,,セレブの友,セレブの友,,成熟的女人、女同性戀、合集、女同接吻、DMM獨家,多人,https://www.javbus.com/CEMD-246,
HZGB-039 NTR 人様の嫁を寝取ってヤル！！射精直前の最も興奮するシーンを完全収録！超画質5時間,HZGB-039 NTR 人様の嫁を寝取ってヤル！！射精直前の最も興奮するシーンを完全収録！超画質5時間,HZGB-039,,2022-10-07,299分鐘,,人妻花園劇場,imageII,,合集、已婚婦女、新娘、年輕妻子、通姦、中出、4小時以上作品、高畫質、巨乳、4K,多人,https://www.javbus.com/HZGB-039,
JUSD-994 息子の友達の制御不能な絶倫交尾でイカされ続けて… 総集編8時間,JUSD-994 息子の友達の制御不能な絶倫交尾でイカされ続けて… 総集編8時間,JUSD-994,,2022-10-07,480分鐘,,マドンナ,Madonna,息子の友達の制御不能な絶倫交尾でイカされ続けて…,成熟的女人、合集、已婚婦女、數位馬賽克、高畫質、巨乳、DMM獨家,多人,https://www.javbus.com/JUSD-994,
STCETD-083 【お得セット】村上涼子vs朝宮涼子・妄想がエスカレートする若妻2・寄生妻,STCETD-083 【お得セット】村上涼子vs朝宮涼子・妄想がエスカレートする若妻2・寄生妻,STCETD-083,,2022-10-05,543分鐘,,セレブの友,,,成熟的女人、已婚婦女、4小時以上作品、戲劇、巨尻、設置項目、巨乳、DMM獨家,多人,https://www.javbus.com/STCETD-083,
CEMD-234 熟痴女BOX 10枚組 25時間56分～魅惑の悶絶淫乱SEX大公開特別版！,CEMD-234 熟痴女BOX 10枚組 25時間56分～魅惑の悶絶淫乱SEX大公開特別版！,CEMD-234,,2022-09-24,1556分鐘,,セレブの友,セレブの友,,蕩婦、成熟的女人、合集、花癡、DMM獨家,多人,https://www.javbus.com/CEMD-234,
EMAZ-410 『五十路・六十路・七十路』大放出！中出し限定BOX！2 20時間55分8枚組,EMAZ-410 『五十路・六十路・七十路』大放出！中出し限定BOX！2 20時間55分8枚組,EMAZ-410,,2022-09-17,1255分鐘,,婦人社/エマニエル,婦人社,大放出！中出し限定BOX！,成熟的女人、合集、亂倫、中出、お婆ちゃん、エマニエル、DMM獨家,多人,https://www.javbus.com/EMAZ-410,
NASH-757 驚愕の人妻強●！ 野外レ●プ 田舎の山村で問答無用に犯●れ悶える美熟女たち 10人4時間,NASH-757 驚愕の人妻強●！ 野外レ●プ 田舎の山村で問答無用に犯●れ悶える美熟女たち 10人4時間,NASH-757,,2022-09-10,240分鐘,,なでしこ,Nadeshiko,,成熟的女人、野外・露出、合集、凌辱、DMM獨家,多人,https://www.javbus.com/NASH-757,
NASH-754 接吻熟女レズ4,NASH-754 接吻熟女レズ4,NASH-754,,2022-09-10,240分鐘,,なでしこ,Nadeshiko,接吻熟女レズ,成熟的女人、女同性戀、已婚婦女、女同接吻、DMM獨家,多人,https://www.javbus.com/NASH-754,
HYAS-134 母親強● ～息子に犯●れて…禁断の近親相姦＆中出し！！～ 100人 8時間,HYAS-134 母親強● ～息子に犯●れて…禁断の近親相姦＆中出し！！～ 100人 8時間,HYAS-134,,2022-09-10,480分鐘,,ケイ・エム・プロデュース,100人,,成熟的女人、合集、亂倫、中出、DMM獨家,多人,https://www.javbus.com/HYAS-134,
JUSD-989 禁欲明けで飢えた男の濃厚精子を膣奥に注がれて…不貞種付けSEXに溺れた人妻たち 8時間BEST,JUSD-989 禁欲明けで飢えた男の濃厚精子を膣奥に注がれて…不貞種付けSEXに溺れた人妻たち 8時間BEST,JUSD-989,,2022-09-09,480分鐘,,マドンナ,Madonna,,成熟的女人、合集、已婚婦女、數位馬賽克、中出、高畫質、DMM獨家,多人,https://www.javbus.com/JUSD-989,
JUSD-990 射精直前のフェラチオ＆激ピストンラッシュ！！ 極濃ザーメンを人妻の美顔にドビュルルッッ！ 大量顔射 145連発BEST,JUSD-990 射精直前のフェラチオ＆激ピストンラッシュ！！ 極濃ザーメンを人妻の美顔にドビュルルッッ！ 大量顔射 145連発BEST,JUSD-990,,2022-09-09,480分鐘,,マドンナ,Madonna,,成熟的女人、合集、已婚婦女、數位馬賽克、高畫質、顏射、DMM獨家,多人,https://www.javbus.com/JUSD-990,
KNMD-112 人妻・熟女65人 ドラマ作品3300分 キネマ座BEST,KNMD-112 人妻・熟女65人 ドラマ作品3300分 キネマ座BEST,KNMD-112,,2022-09-07,3343分鐘,,キネマ座,キネマ座,,成熟的女人、已婚婦女、中出、高畫質、戲劇、16時間以上作品、福袋、DMM獨家,多人,https://www.javbus.com/KNMD-112,
JUSD-988 「イヤぁ…もう許して…あッ、中は、中はダメぇぇぇぇ！！」望まない中出し性交で、皮肉にも絶頂してしまった人妻 12時間BEST,JUSD-988 「イヤぁ…もう許して…あッ、中は、中はダメぇぇぇぇ！！」望まない中出し性交で、皮肉にも絶頂してしまった人妻 12時間BEST,JUSD-988,,2022-08-19,720分鐘,,マドンナ,Madonna,望まない中出し性交で、皮肉にも絶頂してしまった人妻,成熟的女人、合集、已婚婦女、數位馬賽克、凌辱、中出、高畫質、DMM獨家,多人,https://www.javbus.com/JUSD-988,
EMAZ-409 イキ狂う熟女たちの乱交SEX ～四十路・五十路スペシャルBOX 8枚組 20時間43分,EMAZ-409 イキ狂う熟女たちの乱交SEX ～四十路・五十路スペシャルBOX 8枚組 20時間43分,EMAZ-409,,2022-08-13,1243分鐘,,婦人社/エマニエル,婦人社,,成熟的女人、濫交、合集、多P、エマニエル、DMM獨家,多人,https://www.javbus.com/EMAZ-409,
RBB-240 【夏のSUPER SALE！！】 超特盛りSUMMER SALE 2022 興奮度MAX 200％の厳選200作品16時間special,RBB-240 【夏のSUPER SALE！！】 超特盛りSUMMER SALE 2022 興奮度MAX 200％の厳選200作品16時間special,RBB-240,,2022-08-05,960分鐘,,ROOKIE,ROOKIE,,合集、各種職業、美少女、高畫質、巨乳、DMM獨家,多人,https://www.javbus.com/RBB-240,
SEMS-052 わたくし、お恥ずかしながら、このとしになって、レズの虜になりました…。 そのに,SEMS-052 わたくし、お恥ずかしながら、このとしになって、レズの虜になりました…。 そのに,SEMS-052,,2022-07-26,197分鐘,,SEX MACHINE,SEX MACHINE,,成熟的女人、女同性戀、女同接吻、故事集、自慰,多人,https://www.javbus.com/SEMS-052,
NASH-727 鬼・潮吹かせ 熟女拉致監禁拘束輪● 強●イカせレ●プで悶絶大量噴射！！ 6人4時間,NASH-727 鬼・潮吹かせ 熟女拉致監禁拘束輪● 強●イカせレ●プで悶絶大量噴射！！ 6人4時間,NASH-727,,2022-07-23,243分鐘,,なでしこ,Nadeshiko,,成熟的女人、潮吹、合集、凌辱、4小時以上作品、高畫質、DMM獨家,多人,https://www.javbus.com/NASH-727,
LZBS-085 レズれ！9周年記念スペシャル お互いの性感帯も分かって、一番盛り上がったその日最後の最高にエロいレズSEX80連発 10時間,LZBS-085 レズれ！9周年記念スペシャル お互いの性感帯も分かって、一番盛り上がったその日最後の最高にエロいレズSEX80連発 10時間,LZBS-085,,2022-07-23,600分鐘,,レズれ！,レズれ！ ベスト,お互いの性感帯も分かって、一番盛り上がったその日最後の最高にエロいレズSEX,女同性戀、合集、舔陰、女同接吻、DMM獨家,多人,https://www.javbus.com/LZBS-085,
HMIX-013 グローバルメディア伝統作品 くノ一 恥辱の快楽拷問に堕ちた美しき女忍者たち 10人 4時間,HMIX-013 グローバルメディア伝統作品 くノ一 恥辱の快楽拷問に堕ちた美しき女忍者たち 10人 4時間,HMIX-013,,2022-07-23,240分鐘,,グローバルメディアエンタテインメント,ハイパーミックス（グローバルメディアエンタテインメント）,,成熟的女人、合集、戲劇、女忍者、DMM獨家,多人,https://www.javbus.com/HMIX-013,
ARAN-050 気がオカシクなるヤバいSEX 電動ドリルと巨根を飲み込んでイキっぱなしになる女 INFERNO BABE ULTRA FILM,ARAN-050 気がオカシクなるヤバいSEX 電動ドリルと巨根を飲み込んでイキっぱなしになる女 INFERNO BABE ULTRA FILM,ARAN-050,,2022-07-23,240分鐘,,BabyEntertainment,素人娘狂騒局,,粗暴、凌辱、4小時以上作品、子宮頸、高畫質、折磨、アクメ・オーガズム,多人,https://www.javbus.com/ARAN-050,
JUSD-984 アナタの1ヵ月とオナニーライフを彩る、S級人妻31人-。 Madonna美熟女SEXカレンダー2022 16時間,JUSD-984 アナタの1ヵ月とオナニーライフを彩る、S級人妻31人-。 Madonna美熟女SEXカレンダー2022 16時間,JUSD-984,,2022-07-22,960分鐘,,マドンナ,Madonna,Madonna美熟女SEXカレンダー,成熟的女人、合集、已婚婦女、數位馬賽克、乳房、DMM獨家,多人,https://www.javbus.com/JUSD-984,
MXDLP-0033 欲情女のオナニーSP 吉沢明歩 黒宮えいみ 飛鳥りん 由愛可奈 月乃ルナ,MXDLP-0033 欲情女のオナニーSP 吉沢明歩 黒宮えいみ 飛鳥りん 由愛可奈 月乃ルナ,MXDLP-0033,,2022-07-16,256分鐘,,MAXING,MAXING,,合集、4小時以上作品、配信専用、自慰,多人,https://www.javbus.com/MXDLP-0033,
EMAZ-408 狂った鬼畜が舞い踊る！熟女残酷SEXコンプリートBOX！8枚組 1123分,EMAZ-408 狂った鬼畜が舞い踊る！熟女残酷SEXコンプリートBOX！8枚組 1123分,EMAZ-408,,2022-07-16,1123分鐘,,婦人社/エマニエル,婦人社,,成熟的女人、粗暴、巨尻、巨乳、エマニエル、DMM獨家,多人,https://www.javbus.com/EMAZ-408,
JUSD-983 息子の友人の絶倫チ○ポと野性的なセックスに溺れる母 8時間,JUSD-983 息子の友人の絶倫チ○ポと野性的なセックスに溺れる母 8時間,JUSD-983,,2022-07-08,480分鐘,,マドンナ,Madonna,,成熟的女人、合集、已婚婦女、數位馬賽克、通姦、DMM獨家,多人,https://www.javbus.com/JUSD-983,
YVG-043 大きなおっぱいとお風呂でエッチ,YVG-043 大きなおっぱいとお風呂でエッチ,YVG-043,,2022-07-02,240分鐘,,グローリークエスト,GLORY QUEST,,乳交、其他戀物癖、巨乳、お風呂、DMM獨家,多人,https://www.javbus.com/YVG-043,
NXG-380 S級熟女ベストセレクション 本性剥き出し1泊2日の不倫旅 風間ゆみ 山本美和子 180分,NXG-380 S級熟女ベストセレクション 本性剥き出し1泊2日の不倫旅 風間ゆみ 山本美和子 180分,NXG-380,,2022-07-01,181分鐘,,STAR PARADISE,ネクストグループ,S級熟女 ベストセレクション,成熟的女人、第一人稱攝影、合集、高畫質、温泉、旅行,多人,https://www.javbus.com/NXG-380,
HMIX-012 厳選！！ 麗しの熟女湯屋 濃厚ねっとり熟女の中出しソープ 20人 4時間,HMIX-012 厳選！！ 麗しの熟女湯屋 濃厚ねっとり熟女の中出しソープ 20人 4時間,HMIX-012,,2022-06-25,240分鐘,,グローバルメディアエンタテインメント,ハイパーミックス（グローバルメディアエンタテインメント）,中出しソープ,和服・喪服、成熟的女人、合集、乳液、ヘルス・ソープ、DMM獨家,多人,https://www.javbus.com/HMIX-012,
JUSD-980 これは部下に厳しいムチムチ女上司にセクハラしたら怒られるどころかセックスまで出来た話です。総集編8時間,JUSD-980 これは部下に厳しいムチムチ女上司にセクハラしたら怒られるどころかセックスまで出来た話です。総集編8時間,JUSD-980,,2022-06-24,480分鐘,,マドンナ,Madonna,これは部下に厳しいムチムチ女上司にセクハラしたら怒られるどころかセックスまで出来た話です。,成熟的女人、胖女人、已婚婦女、數位馬賽克、巨乳、女上司、DMM獨家,多人,https://www.javbus.com/JUSD-980,
NACX-103 騎乗位で腰を振り続ける熟女60人VOL.03,NACX-103 騎乗位で腰を振り続ける熟女60人VOL.03,NACX-103,,2022-06-20,242分鐘,,プラネットプラス,七狗留,騎乗位で腰を振り続ける熟女60人,成熟的女人、合集、女上位、4小時以上作品、高畫質、巨乳,多人,https://www.javbus.com/NACX-103,
MBYD-361 「赤ちゃんできちゃうってばぁ…！」嫌がる人妻を絶望堕ちさせる孕ませ中出しレ×プ63連発,MBYD-361 「赤ちゃんできちゃうってばぁ…！」嫌がる人妻を絶望堕ちさせる孕ませ中出しレ×プ63連発,MBYD-361,,2022-06-17,480分鐘,,溜池ゴロー,溜池ゴロー,,合集、已婚婦女、凌辱、中出、出軌、DMM獨家,多人,https://www.javbus.com/MBYD-361,
CEAD-409 ワキ毛を見せつける痴女たちの卑猥なSEX！8時間2枚組,CEAD-409 ワキ毛を見せつける痴女たちの卑猥なSEX！8時間2枚組,CEAD-409,,2022-06-11,480分鐘,,セレブの友,セレブの友,,蕩婦、成熟的女人、其他戀物癖、合集、淫語、DMM獨家,多人,https://www.javbus.com/CEAD-409,
CEMD-188 淫乱SEX・乱交バージョン！絡み合うチ○コとマ○コの大狂宴！8枚組22時間53分,CEMD-188 淫乱SEX・乱交バージョン！絡み合うチ○コとマ○コの大狂宴！8枚組22時間53分,CEMD-188,,2022-06-11,1373分鐘,,セレブの友,セレブの友,,成熟的女人、濫交、合集、花癡、多P、DMM獨家,多人,https://www.javbus.com/CEMD-188,
JUSD-978 卒業式の後に…大人になった君へ義母からの贈り物―。総集編8時間,JUSD-978 卒業式の後に…大人になった君へ義母からの贈り物―。総集編8時間,JUSD-978,,2022-06-10,480分鐘,,マドンナ,Madonna,卒業式の後に…大人になった君へ義母からの贈り物―。,成熟的女人、合集、已婚婦女、數位馬賽克、中出、婆婆、DMM獨家,多人,https://www.javbus.com/JUSD-978,
HDKA-260 はだかの訪問介護士総集編6人4時間VOL.02,HDKA-260 はだかの訪問介護士総集編6人4時間VOL.02,HDKA-260,,2022-06-05,242分鐘,,プラネットプラス,裸婦趣向,はだかの訪問介護士,成熟的女人、合集、各種職業、4小時以上作品、高畫質、巨乳,多人,https://www.javbus.com/HDKA-260,
TCDF-018 純女たちにデカペニクリを責めまくられるニューハーフ達の淫らな痴態！8枚組 21時間41分！,TCDF-018 純女たちにデカペニクリを責めまくられるニューハーフ達の淫らな痴態！8枚組 21時間41分！,TCDF-018,,2022-05-21,1301分鐘,,TRANS CLUB,TRANS CLUB,,合集、變性者、多P、中出、女裝人妖、DMM獨家,多人,https://www.javbus.com/TCDF-018,
NASH-692 衝撃の人妻レ●プ事件！ 白昼の強● 自宅で犯●れ悶える主婦たち 6人4時間,NASH-692 衝撃の人妻レ●プ事件！ 白昼の強● 自宅で犯●れ悶える主婦たち 6人4時間,NASH-692,,2022-05-21,242分鐘,,なでしこ,Nadeshiko,,成熟的女人、合集、凌辱、4小時以上作品、高畫質、DMM獨家,多人,https://www.javbus.com/NASH-692,
HYJD-003 御愛顧感謝特別作品！！ 人気企画ベストBOX 豪華5枚組100作品収録1200分 今回のためだけに新規編集でオススメの必見シーンを詰め込んだヌキどころ満載の大満足な20時間,HYJD-003 御愛顧感謝特別作品！！ 人気企画ベストBOX 豪華5枚組100作品収録1200分 今回のためだけに新規編集でオススメの必見シーンを詰め込んだヌキどころ満載の大満足な20時間,HYJD-003,,2022-05-21,1200分鐘,,グローバルメディアエンタテインメント,ハイパー熟道,,成熟的女人、合集、已婚婦女、戲劇、DMM獨家,多人,https://www.javbus.com/HYJD-003,
EMAZ-406 チ○コをむさぼり身悶える淫乱熟痴女だらけの7枚組BOX 1，129分 スペシャル！,EMAZ-406 チ○コをむさぼり身悶える淫乱熟痴女だらけの7枚組BOX 1，129分 スペシャル！,EMAZ-406,,2022-05-14,1129分鐘,,婦人社/エマニエル,婦人社,,蕩婦、成熟的女人、合集、巨尻、巨乳、エマニエル、DMM獨家,多人,https://www.javbus.com/EMAZ-406,
MBYD-359 「ひどい…非道すぎる…」悔しくてたまらないのにただ腰を振るしかない屈従人妻騎乗位BEST,MBYD-359 「ひどい…非道すぎる…」悔しくてたまらないのにただ腰を振るしかない屈従人妻騎乗位BEST,MBYD-359,,2022-05-13,240分鐘,,溜池ゴロー,溜池ゴロー,,合集、已婚婦女、中出、女上位、DMM獨家,多人,https://www.javbus.com/MBYD-359,
MKMP-450 K.M.Produce創立20周年記念作品 激アツの精子を子宮にぶちまける中出しのエッグいSEX100人斬り2枚組8時間,MKMP-450 K.M.Produce創立20周年記念作品 激アツの精子を子宮にぶちまける中出しのエッグいSEX100人斬り2枚組8時間,MKMP-450,,2022-04-23,482分鐘,,ケイ・エム・プロデュース,million（ミリオン）,,合集、美少女、中出、4小時以上作品、高畫質、巨乳、DMM獨家,多人,https://www.javbus.com/MKMP-450,
JUSD-971 風間ゆみ The First Anniversary 3枚組12時間,JUSD-971 風間ゆみ The First Anniversary 3枚組12時間,JUSD-971,,2022-04-22,720分鐘,,マドンナ,Madonna,The First Anniversary,成熟的女人、已婚婦女、數位馬賽克、高畫質、女優ベスト・総集編、巨乳、DMM獨家,多人,https://www.javbus.com/JUSD-971,
HZGB-033 欲求不満の人妻たちは夫以外のチ○ポでもイキ狂う―中出しナマ交尾-,HZGB-033 欲求不満の人妻たちは夫以外のチ○ポでもイキ狂う―中出しナマ交尾-,HZGB-033,,2022-04-01,299分鐘,,人妻花園劇場,imageII,,已婚婦女、新娘、年輕妻子、通姦、中出、4小時以上作品、高畫質、出軌、戲劇、巨乳、4K,多人,https://www.javbus.com/HZGB-033,
HMIX-010 嫁の母と禁断性交 妻よりも熟した色香が漂う淫らな義母の誘惑 20人 4時間,HMIX-010 嫁の母と禁断性交 妻よりも熟した色香が漂う淫らな義母の誘惑 20人 4時間,HMIX-010,,2022-03-19,240分鐘,,グローバルメディアエンタテインメント,ハイパーミックス（グローバルメディアエンタテインメント）,嫁の母と禁断性交,成熟的女人、合集、已婚婦女、婆婆、DMM獨家,多人,https://www.javbus.com/HMIX-010,
JUSD-969 2021年Madonna全452タイトル 12時間 ￥1980,JUSD-969 2021年Madonna全452タイトル 12時間 ￥1980,JUSD-969,,2022-03-18,720分鐘,,マドンナ,Madonna,,成熟的女人、合集、各種職業、已婚婦女、數位馬賽克、DMM獨家,多人,https://www.javbus.com/JUSD-969,
MBYD-355 2021年溜池ゴロー厳選75タイトル100本番12時間BEST,MBYD-355 2021年溜池ゴロー厳選75タイトル100本番12時間BEST,MBYD-355,,2022-03-11,720分鐘,,溜池ゴロー,溜池ゴロー,,合集、已婚婦女、中出、出軌、DMM獨家,多人,https://www.javbus.com/MBYD-355,
CEMD-142 アナタを挑発する ディルドオナニー×見つめオナニー×ささやきオナニー 23時間48分 8枚組！,CEMD-142 アナタを挑発する ディルドオナニー×見つめオナニー×ささやきオナニー 23時間48分 8枚組！,CEMD-142,,2022-03-05,1428分鐘,,セレブの友,セレブの友,,蕩婦、成熟的女人、玩具、合集、淫語、花癡、乳液、16時間以上作品、ディルド、DMM獨家、自慰,多人,https://www.javbus.com/CEMD-142,
NACX-096 ぽっちゃり美熟女12人BEST VOL.03,NACX-096 ぽっちゃり美熟女12人BEST VOL.03,NACX-096,,2022-02-20,241分鐘,,プラネットプラス,七狗留,ぽっちゃり美熟女○人BEST,胖女人、合集、4小時以上作品、高畫質、巨尻、巨乳,多人,https://www.javbus.com/NACX-096,
UMSO-436 飛びっ子でイタずら！12人,UMSO-436 飛びっ子でイタずら！12人,UMSO-436,,2022-02-19,243分鐘,,ケイ・エム・プロデュース,UMANAMI,,玩具、合集、乳房、中出、4小時以上作品、高畫質、DMM獨家,多人,https://www.javbus.com/UMSO-436,
LZBS-080 女同士のマ○コ舐めが一番エグイ！ 気持ちいいところを知り尽くしたレズクンニ快感堕ち104連発 厳選ベスト5時間,LZBS-080 女同士のマ○コ舐めが一番エグイ！ 気持ちいいところを知り尽くしたレズクンニ快感堕ち104連発 厳選ベスト5時間,LZBS-080,,2022-02-19,302分鐘,,レズれ！,レズれ！ ベスト,,女同性戀、合集、舔陰、4小時以上作品、高畫質、巨乳、DMM獨家,多人,https://www.javbus.com/LZBS-080,
EMAZ-400 100人超！熟女オナニー映像集！オナニーだらけの20時間19分,EMAZ-400 100人超！熟女オナニー映像集！オナニーだらけの20時間19分,EMAZ-400,,2022-02-12,1219分鐘,,婦人社/エマニエル,婦人社,,成熟的女人、合集、ディルド、エマニエル、DMM獨家、自慰,多人,https://www.javbus.com/EMAZ-400,
MBYD-352 人妻の口の中に我慢汁垂れ流しまくりの気持ちいいフェラチオ100発OVER 8時間,MBYD-352 人妻の口の中に我慢汁垂れ流しまくりの気持ちいいフェラチオ100発OVER 8時間,MBYD-352,,2022-02-11,480分鐘,,溜池ゴロー,溜池ゴロー,,口交、合集、已婚婦女、DMM獨家,多人,https://www.javbus.com/MBYD-352,
KSBJ-179 ムチムチ爆乳熟女20人,KSBJ-179 ムチムチ爆乳熟女20人,KSBJ-179,,2022-01-29,242分鐘,,KSB企画/エマニエル,KSB企画/エマニエル,,成熟的女人、胖女人、合集、4小時以上作品、高畫質、巨乳、エマニエル、DMM獨家,多人,https://www.javbus.com/KSBJ-179,
NACX-094 巨尻・爆尻熟女18人BEST,NACX-094 巨尻・爆尻熟女18人BEST,NACX-094,,2022-01-20,243分鐘,,プラネットプラス,七狗留,,成熟的女人、合集、4小時以上作品、高畫質、巨尻,多人,https://www.javbus.com/NACX-094,
EMAZ-398 近親相姦BOX20時間8枚組～卑猥な近親相姦てんこ盛り！,EMAZ-398 近親相姦BOX20時間8枚組～卑猥な近親相姦てんこ盛り！,EMAZ-398,,2022-01-15,1200分鐘,,婦人社/エマニエル,婦人社,,成熟的女人、合集、亂倫、婆婆、エマニエル、DMM獨家,多人,https://www.javbus.com/EMAZ-398,
CADV-836 クリスタル映像傑作選 自慢のオッパイで癒してあげる8時間,CADV-836 クリスタル映像傑作選 自慢のオッパイで癒してあげる8時間,CADV-836,,2022-01-08,479分鐘,,クリスタル映像,CRYSTAL EX,クリスタル映像傑作選,成熟的女人、口交、乳交、潮吹、亂倫、已婚婦女、多P、通姦、4小時以上作品、巨乳、DMM獨家、打手槍,多人,https://www.javbus.com/CADV-836,
FKBW-001 【福袋】熟シャッ！！35時間 シリーズ17タイトルまるごと2138分収録！ぶっかけ美熟女17名,FKBW-001 【福袋】熟シャッ！！35時間 シリーズ17タイトルまるごと2138分収録！ぶっかけ美熟女17名,FKBW-001,,2022-01-07,2138分鐘,,ワープエンタテインメント,,WAAPグループ福袋,角色扮演、成熟的女人、合集、羞恥、高畫質、16時間以上作品、福袋、顏射,多人,https://www.javbus.com/FKBW-001,
RVG-151 夜●いされ喘ぎ声を我慢しながら旦那の横で中出しまでされる人妻20人BEST VOL.4,RVG-151 夜●いされ喘ぎ声を我慢しながら旦那の横で中出しまでされる人妻20人BEST VOL.4,RVG-151,,2022-01-01,480分鐘,,グローリークエスト,GLORY QUEST,夜●いされ喘ぎ声を我慢しながら旦那の横で中出しまでされる人妻,合集、已婚婦女、中出、出軌、DMM獨家,多人,https://www.javbus.com/RVG-151,
STCETD-080 【お得セット】狙われた万引き熟女・ダブル涼子対決！・最高に淫乱なオンナの素顔,STCETD-080 【お得セット】狙われた万引き熟女・ダブル涼子対決！・最高に淫乱なオンナの素顔,STCETD-080,,2021-12-30,568分鐘,,セレブの友,セレブの友（お得セット）,,成熟的女人、女同性戀、潮吹、多P、4小時以上作品、設置項目、巨乳、DMM獨家,多人,https://www.javbus.com/STCETD-080,
DGCEAD-383 ★配信限定！特典映像付★川上ゆう The Ultimate Best 8時間,DGCEAD-383 ★配信限定！特典映像付★川上ゆう The Ultimate Best 8時間,DGCEAD-383,,2021-12-25,526分鐘,,セレブの友,,The Ultimate Best,蕩婦、成熟的女人、中出、女上位、4小時以上作品、女優ベスト・総集編、DMM獨家,多人,https://www.javbus.com/DGCEAD-383,
CEAD-383 川上ゆう The Ultimate Best 8時間,CEAD-383 川上ゆう The Ultimate Best 8時間,CEAD-383,,2021-12-25,480分鐘,,セレブの友,セレブの友,The Ultimate Best,蕩婦、成熟的女人、中出、女上位、女優ベスト・総集編、DMM獨家,多人,https://www.javbus.com/CEAD-383,
MBYD-349 夫が帰宅するまであと10分！？バレるよりも快感を求めてしまう中出しチキンレース不倫BEST,MBYD-349 夫が帰宅するまであと10分！？バレるよりも快感を求めてしまう中出しチキンレース不倫BEST,MBYD-349,,2021-12-17,240分鐘,,溜池ゴロー,溜池ゴロー,,合集、已婚婦女、通姦、中出、出軌、DMM獨家,多人,https://www.javbus.com/MBYD-349,
HYAS-132 熟女・人妻・母 レ●プ 100人 8時間 犯●れ悶え喘ぐ女たち,HYAS-132 熟女・人妻・母 レ●プ 100人 8時間 犯●れ悶え喘ぐ女たち,HYAS-132,,2021-12-11,480分鐘,,ケイ・エム・プロデュース,100人,,成熟的女人、合集、已婚婦女、DMM獨家,多人,https://www.javbus.com/HYAS-132,
HMIX-006 濃厚ねっとり美熟女レズビアン 女体が絡み快楽を貪り合う美しく卑猥な同性交尾 10組 4時間,HMIX-006 濃厚ねっとり美熟女レズビアン 女体が絡み快楽を貪り合う美しく卑猥な同性交尾 10組 4時間,HMIX-006,,2021-11-20,240分鐘,,グローバルメディアエンタテインメント,ハイパーミックス（グローバルメディアエンタテインメント）,,成熟的女人、女同性戀、合集、女同接吻、DMM獨家,多人,https://www.javbus.com/HMIX-006,
CEMD-083 熟女のおもらしBOX 20時間29分！ ～画面いっぱいにこぼれ出る熟女のおもらし映像集！,CEMD-083 熟女のおもらしBOX 20時間29分！ ～画面いっぱいにこぼれ出る熟女のおもらし映像集！,CEMD-083,,2021-11-06,1229分鐘,,セレブの友,セレブの友,,成熟的女人、放尿、合集、巨乳、DMM獨家,多人,https://www.javbus.com/CEMD-083,
CEMD-075 ドスケベ痴女の強●チ○ポ狩りvol.3 28時間09分10枚組,CEMD-075 ドスケベ痴女の強●チ○ポ狩りvol.3 28時間09分10枚組,CEMD-075,,2021-10-23,1689分鐘,,セレブの友,セレブの友,ドスケベ痴女の強●チ○ポ狩り,蕩婦、成熟的女人、合集、淫語、巨乳、DMM獨家,多人,https://www.javbus.com/CEMD-075,
KSBJ-163 豊満レジェンド熟女BEST12人,KSBJ-163 豊満レジェンド熟女BEST12人,KSBJ-163,,2021-10-16,241分鐘,,KSB企画/エマニエル,KSB企画/エマニエル,,成熟的女人、胖女人、4小時以上作品、高畫質、巨尻、巨乳、エマニエル、DMM獨家,多人,https://www.javbus.com/KSBJ-163,
CEAD-371 抜クための熟女ハーレム作品集！完全保存版の豪華8時間2枚組vol，2,CEAD-371 抜クための熟女ハーレム作品集！完全保存版の豪華8時間2枚組vol，2,CEAD-371,,2021-10-09,480分鐘,,セレブの友,セレブの友,抜クための熟女ハーレム作品集！,成熟的女人、合集、多P、戲劇、ハーレム、DMM獨家,多人,https://www.javbus.com/CEAD-371,
VVVD-198 巨乳を擦りあう淫乱レズビアンBEST 8作品4時間,VVVD-198 巨乳を擦りあう淫乱レズビアンBEST 8作品4時間,VVVD-198,,2021-10-01,240分鐘,,ヴィ,V,,女同性戀、合集、花癡、美少女、巨乳、DMM獨家,多人,https://www.javbus.com/VVVD-198,
NACX-089 隣の美人妻 泥●し部屋を間違え「ただいま～！」8人2枚組8時間BEST,NACX-089 隣の美人妻 泥●し部屋を間違え「ただいま～！」8人2枚組8時間BEST,NACX-089,,2021-10-01,482分鐘,,プラネットプラス,七狗留,隣の美人妻,成熟的女人、合集、已婚婦女、4小時以上作品、高畫質,多人,https://www.javbus.com/NACX-089,
STCEAD-041 【お得セット】Twit○erで募集したファンの要望を撮影してみた6・7・8,STCEAD-041 【お得セット】Twit○erで募集したファンの要望を撮影してみた6・7・8,STCEAD-041,,2021-09-27,482分鐘,,セレブの友,セレブの友（お得セット）,Twit○erで募集したファンの要望を撮影してみた,成熟的女人、纪录片、花癡、中出、4小時以上作品、高畫質、設置項目、巨乳、DMM獨家,多人,https://www.javbus.com/STCEAD-041,
STEMAZ-059 【お得セット】行列ができる大衆食堂 席に着いたら即発射！・野外屋外露出おもらし潮吹き爆乳熟女・イイ女限定 寝起きチ○ポ騎乗位責め！！,STEMAZ-059 【お得セット】行列ができる大衆食堂 席に着いたら即発射！・野外屋外露出おもらし潮吹き爆乳熟女・イイ女限定 寝起きチ○ポ騎乗位責め！！,STEMAZ-059,,2021-09-27,447分鐘,,婦人社/エマニエル,婦人社/ エマニエル（お得セット）,,蕩婦、成熟的女人、野外・露出、潮吹、中出、4小時以上作品、高畫質、設置項目、エマニエル、DMM獨家,多人,https://www.javbus.com/STEMAZ-059,
BDSR-460 金のビッグモーカル2 人妻編 5時間ゴールデンベスト,BDSR-460 金のビッグモーカル2 人妻編 5時間ゴールデンベスト,BDSR-460,,2021-09-25,300分鐘,バンデラス武田,ビッグモーカル,ビッグモーカル,金のビッグモーカル,已婚婦女、纪录片、通姦、4小時以上作品、高畫質、戲劇、巨乳,多人,https://www.javbus.com/BDSR-460,
JUL-713 叶愛レズ解禁！！ レズを愛し、ビアンに溺れた私。 ～女を知り尽くした姑に揉みしだかれた嫁のKカップ～,JUL-713 叶愛レズ解禁！！ レズを愛し、ビアンに溺れた私。 ～女を知り尽くした姑に揉みしだかれた嫁のKカップ～,JUL-713,,2021-09-24,140分鐘,三島六三郎,マドンナ,Madonna,,成熟的女人、女同性戀、已婚婦女、數位馬賽克、女同接吻、高畫質、巨乳、DMM獨家,多人,https://www.javbus.com/JUL-713,
EMAZ-394 『五十路・六十路・七十路』大放出！中出し限定BOX！～年齢に似つかわしくない激しいSEXで溢れ出そうな精子を中出し懇願！,EMAZ-394 『五十路・六十路・七十路』大放出！中出し限定BOX！～年齢に似つかわしくない激しいSEXで溢れ出そうな精子を中出し懇願！,EMAZ-394,,2021-09-18,1362分鐘,,婦人社/エマニエル,婦人社,,成熟的女人、合集、多P、中出、巨乳、エマニエル、DMM獨家,多人,https://www.javbus.com/EMAZ-394,
CEMD-057 テラ盛りオナニー厳選BOX1372分8枚組 ～デカ盛りを超えたテラ盛りオナニー大集結！22時間52分もの驚愕オナニー映像！,CEMD-057 テラ盛りオナニー厳選BOX1372分8枚組 ～デカ盛りを超えたテラ盛りオナニー大集結！22時間52分もの驚愕オナニー映像！,CEMD-057,,2021-09-11,1372分鐘,,セレブの友,セレブの友,,成熟的女人、淫語、按摩棒、ディルド、DMM獨家、自慰,多人,https://www.javbus.com/CEMD-057,
CEAD-362 風間ゆみ The Ultimate Best 8時間,CEAD-362 風間ゆみ The Ultimate Best 8時間,CEAD-362,,2021-09-11,480分鐘,,セレブの友,セレブの友,,成熟的女人、潮吹、女優ベスト・総集編、巨尻、巨乳、DMM獨家,多人,https://www.javbus.com/CEAD-362,
HODV-21609 人妻NTRドラマ傑作選8時間 美人妻たちの寝取り・寝取られ・快楽堕ち,HODV-21609 人妻NTRドラマ傑作選8時間 美人妻たちの寝取り・寝取られ・快楽堕ち,HODV-21609,,2021-09-03,489分鐘,,h.m.p,h.m.p,,合集、已婚婦女、通姦、中出、4小時以上作品、婆婆、高畫質、出軌、戲劇、女上司,多人,https://www.javbus.com/HODV-21609,
HMIX-003 野菜オナニー母さん 息子にバレて押し倒され 禁断の近親相姦セックス！そして中出し！！ 20人 4時間,HMIX-003 野菜オナニー母さん 息子にバレて押し倒され 禁断の近親相姦セックス！そして中出し！！ 20人 4時間,HMIX-003,,2021-08-21,240分鐘,,グローバルメディアエンタテインメント,ハイパーミックス（グローバルメディアエンタテインメント）,,成熟的女人、母親、合集、DMM獨家、自慰,多人,https://www.javbus.com/HMIX-003,
CEMD-052 緊縛熟女SM肉便器調教5 24時間04分,CEMD-052 緊縛熟女SM肉便器調教5 24時間04分,CEMD-052,,2021-08-21,1444分鐘,,セレブの友,セレブの友,緊縛熟女SM肉便器調教,成熟的女人、SM、合集、拘束、DMM獨家,多人,https://www.javbus.com/CEMD-052,
LZBS-074 最高の凄テクレズビアン31組5時間BEST 業界最高峰！絶対に抜ける女神プレイ2 エロ極技で何度もイカセ合う女たち大集合スペシャル,LZBS-074 最高の凄テクレズビアン31組5時間BEST 業界最高峰！絶対に抜ける女神プレイ2 エロ極技で何度もイカセ合う女たち大集合スペシャル,LZBS-074,,2021-08-14,300分鐘,,レズれ！,レズれ！ ベスト,最高の凄テクレズビアン,女同性戀、花癡、巨乳、DMM獨家,多人,https://www.javbus.com/LZBS-074,
NASH-549 ズブ濡れ女上司と密室禁断性交 冴えない部下とキャリアウーマンの理性を狂わせた嵐の夜 4名240分,NASH-549 ズブ濡れ女上司と密室禁断性交 冴えない部下とキャリアウーマンの理性を狂わせた嵐の夜 4名240分,NASH-549,,2021-08-07,240分鐘,,なでしこ,Nadeshiko,,成熟的女人、合集、通姦、女上司、DMM獨家,多人,https://www.javbus.com/NASH-549,
CEMD-046 羽月希22時間03分ベスト,CEMD-046 羽月希22時間03分ベスト,CEMD-046,,2021-08-07,1323分鐘,,セレブの友,セレブの友,,成熟的女人、SM、女同性戀、女優ベスト・総集編、DMM獨家,多人,https://www.javbus.com/CEMD-046,
CEAD-352 エロい女将さんでヌクための作品集。8時間2枚組 しなやかにチ○コをシゴク指、力強くフェラチオする口元！全てが貴方がヌク為の女になる！,CEAD-352 エロい女将さんでヌクための作品集。8時間2枚組 しなやかにチ○コをシゴク指、力強くフェラチオする口元！全てが貴方がヌク為の女になる！,CEAD-352,,2021-08-07,480分鐘,,セレブの友,セレブの友,,成熟的女人、合集、多P、中出、戲劇、DMM獨家,多人,https://www.javbus.com/CEAD-352,
VVVD-194 肛門ガッポリ！過激なアナル責めレズBEST,VVVD-194 肛門ガッポリ！過激なアナル責めレズBEST,VVVD-194,,2021-07-22,230分鐘,,ヴィ,V,,女同性戀、合集、拳交、DMM獨家、肛交,多人,https://www.javbus.com/VVVD-194,
VKTD-002 V＆R ボリューム満点のデカ乳BEST ノーカット完全収録2143分 PREMIUM BEST,VKTD-002 V＆R ボリューム満点のデカ乳BEST ノーカット完全収録2143分 PREMIUM BEST,VKTD-002,,2021-07-22,2144分鐘,,V＆R PRODUCE,V＆R PRODUCE,,其他戀物癖、合集、女上位、婆婆、高畫質、M男、16時間以上作品、DMM獨家,多人,https://www.javbus.com/VKTD-002,
BMW-238 膣内射精後、抜かずにピストン続行！中出しシェイク状態の妊娠確定セックス50連発,BMW-238 膣内射精後、抜かずにピストン続行！中出しシェイク状態の妊娠確定セックス50連発,BMW-238,,2021-07-22,240分鐘,,ワンズファクトリー,WANZ,,合集、花癡、姐姐、美少女、中出、DMM獨家,多人,https://www.javbus.com/BMW-238,
CEAD-349 熟女レズ・抜きどころだらけの480分！レズ好きが見たかった熟女同士のみだれ合い！同じ肌の弾力と感じるスポットをお互いまさぐり合う女達！,CEAD-349 熟女レズ・抜きどころだらけの480分！レズ好きが見たかった熟女同士のみだれ合い！同じ肌の弾力と感じるスポットをお互いまさぐり合う女達！,CEAD-349,,2021-07-18,480分鐘,,セレブの友,セレブの友,,蕩婦、成熟的女人、女同性戀、合集、女同接吻、DMM獨家,多人,https://www.javbus.com/CEAD-349,
HYJD-002 グローバルメディア20周年記念特別作品！！ 最新人気シリーズベストBOX 豪華5枚組100作品収録1200分 今回のためだけに新規編集でオイシイところだけ詰め込んだヌキどころ満載の大満足な20時間,HYJD-002 グローバルメディア20周年記念特別作品！！ 最新人気シリーズベストBOX 豪華5枚組100作品収録1200分 今回のためだけに新規編集でオイシイところだけ詰め込んだヌキどころ満載の大満足な20時間,HYJD-002,,2021-07-18,1200分鐘,,グローバルメディアエンタテインメント,ハイパー熟道,,成熟的女人、合集、已婚婦女、戲劇、DMM獨家,多人,https://www.javbus.com/HYJD-002,
HZHB-004 「他人棒でイッちゃって…あなた、ごめんなさい。」総集編8時間20分 超高画質【4K】Ultra HD BEST,HZHB-004 「他人棒でイッちゃって…あなた、ごめんなさい。」総集編8時間20分 超高画質【4K】Ultra HD BEST,HZHB-004,,2021-07-16,500分鐘,,人妻花園劇場,imageII,,蕩婦、合集、已婚婦女、新娘、年輕妻子、通姦、中出、高畫質、出軌、巨乳、花嫁、4K,多人,https://www.javbus.com/HZHB-004,
AVS-025 【お中元セット】猛暑の中でもヌキまくり！日頃の感謝を込めて贈るAVScollector’sスペシャルエロギフト1740分,AVS-025 【お中元セット】猛暑の中でもヌキまくり！日頃の感謝を込めて贈るAVScollector’sスペシャルエロギフト1740分,AVS-025,,2021-07-16,1746分鐘,木村浩之,AVS collector’s,,,成熟的女人、淫語、拘束、高畫質、16時間以上作品、巨乳、福袋、DMM獨家,多人,https://www.javbus.com/AVS-025,
KSBJ-145 やっぱり熟女が一番エロい！！22人,KSBJ-145 やっぱり熟女が一番エロい！！22人,KSBJ-145,,2021-07-15,243分鐘,,KSB企画/エマニエル,KSB企画/エマニエル,,成熟的女人、合集、已婚婦女、中出、高畫質、エマニエル、DMM獨家,多人,https://www.javbus.com/KSBJ-145,
LZBS-073 レズれ！8周年記念スペシャル お互いの性感帯も分かって、一番盛り上がったその日最後の最高にエロいレズSEX80連発 10時間,LZBS-073 レズれ！8周年記念スペシャル お互いの性感帯も分かって、一番盛り上がったその日最後の最高にエロいレズSEX80連発 10時間,LZBS-073,,2021-07-15,600分鐘,,レズれ！,レズれ！ ベスト,,女同性戀、合集、舔陰、女同接吻、高畫質、DMM獨家,多人,https://www.javbus.com/LZBS-073,
UMSO-400 バックからのオチ●ポ挿入を求め、大きなお尻を突き出す50人,UMSO-400 バックからのオチ●ポ挿入を求め、大きなお尻を突き出す50人,UMSO-400,,2021-07-10,242分鐘,,ケイ・エム・プロデュース,UMANAMI,,合集、巨尻、巨乳、バック、DMM獨家,多人,https://www.javbus.com/UMSO-400,
NASH-532 熟女レズビアン ねっとり濃厚ヌルべちょ同性愛交尾 10名 240分,NASH-532 熟女レズビアン ねっとり濃厚ヌルべちょ同性愛交尾 10名 240分,NASH-532,,2021-07-10,240分鐘,,なでしこ,Nadeshiko,熟女レズビアン,成熟的女人、女同性戀、合集、ディルド、DMM獨家,多人,https://www.javbus.com/NASH-532,
MBYD-339 舌を絡ませるのは心まで堕ちた証。夫以外の男と唾液交換を繰り返すベロキス人妻の不倫SEX44本番8時間,MBYD-339 舌を絡ませるのは心まで堕ちた証。夫以外の男と唾液交換を繰り返すベロキス人妻の不倫SEX44本番8時間,MBYD-339,,2021-07-09,480分鐘,,溜池ゴロー,溜池ゴロー,,合集、已婚婦女、通姦、キス・接吻、DMM獨家,多人,https://www.javbus.com/MBYD-339,
MBYD-338 欲求不満な団地妻と孕ませオヤジの汗だく濃厚中出し不倫8タイトル大ボリューム8時間BEST vol.4,MBYD-338 欲求不満な団地妻と孕ませオヤジの汗だく濃厚中出し不倫8タイトル大ボリューム8時間BEST vol.4,MBYD-338,,2021-07-09,480分鐘,,溜池ゴロー,溜池ゴロー,欲求不満な団地妻と孕ませオヤジの汗だく濃厚中出し不倫,合集、已婚婦女、通姦、中出、出軌、汗だく、DMM獨家,多人,https://www.javbus.com/MBYD-338,
JUSD-934 美熟女と少年が最高潮に燃え上がる年の差セックス31人 8時間,JUSD-934 美熟女と少年が最高潮に燃え上がる年の差セックス31人 8時間,JUSD-934,,2021-07-02,480分鐘,,マドンナ,Madonna,燃え上がる年の差セックス,成熟的女人、合集、已婚婦女、數位馬賽克、通姦、汗だく、DMM獨家,多人,https://www.javbus.com/JUSD-934,
NACX-082 巨乳熟女中出し20人BEST,NACX-082 巨乳熟女中出し20人BEST,NACX-082,,2021-07-01,242分鐘,,プラネットプラス,七狗留,,成熟的女人、合集、中出、4小時以上作品、高畫質、巨乳,多人,https://www.javbus.com/NACX-082,
J-99118 熟女濃厚レズ 熟女の誘惑 風間ゆみX羽生ありさ,J-99118 熟女濃厚レズ 熟女の誘惑 風間ゆみX羽生ありさ,J-99118,,2021-06-27,26分鐘,,JUKUJO99,JUKUJO99,熟女濃厚レズ,成熟的女人、女同性戀、高畫質、巨乳、DMM獨家、內衣,多人,https://www.javbus.com/J-99118,
VVVD-190 女性スタッフだけで作った禁断レズドラマ全作品集7作品8時間,VVVD-190 女性スタッフだけで作った禁断レズドラマ全作品集7作品8時間,VVVD-190,,2021-06-25,480分鐘,,ヴィ,V,女性だけで作った禁断レズ劇場,女同性戀、合集、拳交、巨乳、DMM獨家、肛交,多人,https://www.javbus.com/VVVD-190,
VVVD-192 犯●れた女捜査官BEST 11作品4時間,VVVD-192 犯●れた女捜査官BEST 11作品4時間,VVVD-192,,2021-06-25,240分鐘,,ヴィ,V,,合集、女檢察官、折磨、DMM獨家,多人,https://www.javbus.com/VVVD-192,
ZOZA-069 ねぇ、私達にどうして欲しいの？ Part.3,ZOZA-069 ねぇ、私達にどうして欲しいの？ Part.3,ZOZA-069,,2021-06-22,17分鐘,,ズボズバ,ズボズバ,ねぇ、私達にどうして欲しいの,姐姐、高畫質、M男、蝋燭、肛交,多人,https://www.javbus.com/ZOZA-069,
CEMD-029 結城みさベストセラーBOX 26時間36分8枚組,CEMD-029 結城みさベストセラーBOX 26時間36分8枚組,CEMD-029,,2021-06-20,1596分鐘,,セレブの友,セレブの友,○○ベストセラーBOX,成熟的女人、SM、女同性戀、女優ベスト・総集編、DMM獨家,多人,https://www.javbus.com/CEMD-029,
TCDF-012 日本VS海外 総勢136名！ニューハーフVS純女のプライドをかけたイカせ合い25時間16分！,TCDF-012 日本VS海外 総勢136名！ニューハーフVS純女のプライドをかけたイカせ合い25時間16分！,TCDF-012,,2021-06-20,1516分鐘,,TRANS CLUB,TRANS CLUB,,女同性戀、合集、變性者、女裝人妖、DMM獨家,多人,https://www.javbus.com/TCDF-012,
HMIX-002 異常緊縛性交 縄調教に堕ちた女たち 緊縛・蝋燭・鞭…極限の快楽地獄に絶叫イキ悶え！！ 20人 4時間,HMIX-002 異常緊縛性交 縄調教に堕ちた女たち 緊縛・蝋燭・鞭…極限の快楽地獄に絶叫イキ悶え！！ 20人 4時間,HMIX-002,,2021-06-20,240分鐘,,グローバルメディアエンタテインメント,ハイパーミックス（グローバルメディアエンタテインメント）,,成熟的女人、紧缚、合集、凌辱、DMM獨家,多人,https://www.javbus.com/HMIX-002,
JUSD-933 肉感モリモリ体液マシマシ！！ヌキ応え抜群！！ ムッチリ美熟女のこってり特濃SEX8時間,JUSD-933 肉感モリモリ体液マシマシ！！ヌキ応え抜群！！ ムッチリ美熟女のこってり特濃SEX8時間,JUSD-933,,2021-06-19,480分鐘,,マドンナ,Madonna,,成熟的女人、合集、已婚婦女、數位馬賽克、巨尻、巨乳、DMM獨家,多人,https://www.javbus.com/JUSD-933,
LZBS-072 熟ビアン じっとりねっとり熟練テクと美熟女の反応がよすぎて暴走 イキ過ぎレズSEX 厳選ベスト5時間,LZBS-072 熟ビアン じっとりねっとり熟練テクと美熟女の反応がよすぎて暴走 イキ過ぎレズSEX 厳選ベスト5時間,LZBS-072,,2021-06-17,300分鐘,,レズれ！,レズれ！ ベスト,,成熟的女人、女同性戀、合集、女同接吻、高畫質、DMM獨家,多人,https://www.javbus.com/LZBS-072,
RBB-211 溜め込んだ精子を子宮にぶちまける！ 射精寸前！ドックドク中出し100連発8時間,RBB-211 溜め込んだ精子を子宮にぶちまける！ 射精寸前！ドックドク中出し100連発8時間,RBB-211,,2021-06-16,480分鐘,,ROOKIE,ROOKIE,溜め込んだ精子を子宮にぶちまける！ ドックドク中出し100連発,蕩婦、合集、美少女、中出、DMM獨家,多人,https://www.javbus.com/RBB-211,
CEAD-344 年の差を超えたレズビアン！まるごと8時間！！年齢なんて基準に惑わされない愛し合う女と女の愛のカタチ！,CEAD-344 年の差を超えたレズビアン！まるごと8時間！！年齢なんて基準に惑わされない愛し合う女と女の愛のカタチ！,CEAD-344,,2021-06-12,480分鐘,,セレブの友,セレブの友,,蕩婦、成熟的女人、女同性戀、合集、DMM獨家,多人,https://www.javbus.com/CEAD-344,
NASH-515 衝撃！！ 人妻レ●プ セレブ奥様を滅茶苦茶に犯し尽くす極悪低所得労働者たち,NASH-515 衝撃！！ 人妻レ●プ セレブ奥様を滅茶苦茶に犯し尽くす極悪低所得労働者たち,NASH-515,,2021-06-12,240分鐘,,なでしこ,Nadeshiko,,合集、已婚婦女、多P、DMM獨家,多人,https://www.javbus.com/NASH-515,
JUSD-931 許されぬ関係離れ難い2人 チェックアウト前の惜別性交 8時間,JUSD-931 許されぬ関係離れ難い2人 チェックアウト前の惜別性交 8時間,JUSD-931,,2021-06-04,480分鐘,,マドンナ,Madonna,,成熟的女人、合集、已婚婦女、數位馬賽克、通姦、戲劇、DMM獨家,多人,https://www.javbus.com/JUSD-931,
NACX-080 酔っ払った隣の奥さんは迷惑な隣人？それとも良い隣人？,NACX-080 酔っ払った隣の奥さんは迷惑な隣人？それとも良い隣人？,NACX-080,,2021-06-01,241分鐘,,プラネットプラス,七狗留,,成熟的女人、合集、已婚婦女、4小時以上作品、高畫質,多人,https://www.javbus.com/NACX-080,
NASH-509 永遠のマドンナ美熟女SuperBEST21人,NASH-509 永遠のマドンナ美熟女SuperBEST21人,NASH-509,,2021-05-22,241分鐘,,なでしこ,Nadeshiko,,成熟的女人、乳房、女優ベスト・総集編、巨乳、DMM獨家,多人,https://www.javbus.com/NASH-509,
NASH-507 中高年ねっとり交尾 熟年男女が絡み合う濃厚な快楽性交,NASH-507 中高年ねっとり交尾 熟年男女が絡み合う濃厚な快楽性交,NASH-507,,2021-05-22,240分鐘,,なでしこ,Nadeshiko,,成熟的女人、苗條、母親、已婚婦女、巨乳、DMM獨家,多人,https://www.javbus.com/NASH-507,
HYJD-001 グローバルメディア20周年記念特別作品 極上！！ 熟女・人妻 官能ドラマの世界 70作品8時間,HYJD-001 グローバルメディア20周年記念特別作品 極上！！ 熟女・人妻 官能ドラマの世界 70作品8時間,HYJD-001,,2021-05-22,480分鐘,,グローバルメディアエンタテインメント,ハイパー熟道,,成熟的女人、合集、已婚婦女、戲劇、DMM獨家,多人,https://www.javbus.com/HYJD-001,
RASH-011 女の口はエロス溢れる性器なり 神淫語 4時間BEST,RASH-011 女の口はエロス溢れる性器なり 神淫語 4時間BEST,RASH-011,,2021-05-22,245分鐘,ラッシャーみよし,AVS collector’s,AVSCollector’s,神淫語,成熟的女人、合集、淫語、高畫質、巨尻、巨乳、DMM獨家,多人,https://www.javbus.com/RASH-011,
PPBD-211 こってり精子でドッロドロ！ オッパイぶっかけラッシュ115発,PPBD-211 こってり精子でドッロドロ！ オッパイぶっかけラッシュ115発,PPBD-211,,2021-05-14,240分鐘,,OPPAI,OPPAI,,蕩婦、乳交、巨乳、DMM獨家、顏射,多人,https://www.javbus.com/PPBD-211,
CEAD-338 抜クための熟女ハーレム作品集！完全保存版の豪華8時間2枚組,CEAD-338 抜クための熟女ハーレム作品集！完全保存版の豪華8時間2枚組,CEAD-338,,2021-05-08,480分鐘,,セレブの友,セレブの友,,成熟的女人、合集、多P、中出、DMM獨家,多人,https://www.javbus.com/CEAD-338,
NACX-077 騎乗位で腰を振り続ける熟女60人VOL.02,NACX-077 騎乗位で腰を振り続ける熟女60人VOL.02,NACX-077,,2021-05-01,243分鐘,,プラネットプラス,七狗留,騎乗位で腰を振り続ける熟女60人,成熟的女人、其他戀物癖、合集、4小時以上作品、高畫質、巨乳,多人,https://www.javbus.com/NACX-077,
JUSD-927 2020年Madonna全353タイトル 12時間 ￥1980,JUSD-927 2020年Madonna全353タイトル 12時間 ￥1980,JUSD-927,,2021-05-01,720分鐘,,マドンナ,Madonna,,成熟的女人、合集、已婚婦女、數位馬賽克、通姦、DMM獨家,多人,https://www.javbus.com/JUSD-927,
STDDT-072 【お得セット】まとめて抜ける！！ 好色ババア下宿 シリーズ 風間ゆみ 村上涼子 浅倉彩音,STDDT-072 【お得セット】まとめて抜ける！！ 好色ババア下宿 シリーズ 風間ゆみ 村上涼子 浅倉彩音,STDDT-072,,2021-04-25,415分鐘,ノーマルKIM,ドグマ,ドグマ（お得セット）,好色ババア下宿,成熟的女人、多P、女上位、4小時以上作品、設置項目、巨乳、DMM獨家、打手槍,多人,https://www.javbus.com/STDDT-072,
CEMD-003 ドスケベ痴女の強●チ○ポ狩りvol.2 28時間46分10枚組,CEMD-003 ドスケベ痴女の強●チ○ポ狩りvol.2 28時間46分10枚組,CEMD-003,,2021-04-18,1726分鐘,,セレブの友,セレブの友,ドスケベ痴女の強●チ○ポ狩り,蕩婦、成熟的女人、合集、淫語、花癡、DMM獨家,多人,https://www.javbus.com/CEMD-003,
CESD-995 AV女優を本気で酔わせたら…本性丸出しドスケベSEXが見れた！！●っぱらいガチンコSEX ベストBOX 21時間04分,CESD-995 AV女優を本気で酔わせたら…本性丸出しドスケベSEXが見れた！！●っぱらいガチンコSEX ベストBOX 21時間04分,CESD-995,,2021-04-10,1264分鐘,,セレブの友,セレブの友,,成熟的女人、合集、淫語、纪录片、DMM獨家,多人,https://www.javbus.com/CESD-995,
MBYD-333 望まない妊娠！嫌がる人妻を絶望させる孕ませ中出しレ×プ92連発,MBYD-333 望まない妊娠！嫌がる人妻を絶望させる孕ませ中出しレ×プ92連発,MBYD-333,,2021-04-09,480分鐘,,溜池ゴロー,溜池ゴロー,,合集、已婚婦女、凌辱、中出、DMM獨家,多人,https://www.javbus.com/MBYD-333,
MMB-357 ワタシのお尻デカ過ぎますか？ ～綺麗な顔したあの娘のチ○ポ丸呑みデカ尻激ピストン～,MMB-357 ワタシのお尻デカ過ぎますか？ ～綺麗な顔したあの娘のチ○ポ丸呑みデカ尻激ピストン～,MMB-357,,2021-04-03,240分鐘,石切橋博士,桃太郎映像出版,桃太郎ベスト,,企畫、合集、屁股、DMM獨家,多人,https://www.javbus.com/MMB-357,
NASH-473 濃厚ねっとり熟女ソープ ムチムチ四十路エロ泡姫の蕩ける極上サービス,NASH-473 濃厚ねっとり熟女ソープ ムチムチ四十路エロ泡姫の蕩ける極上サービス,NASH-473,,2021-03-26,243分鐘,,なでしこ,Nadeshiko,,和服・喪服、成熟的女人、乳交、妓女、中出、4小時以上作品、主觀視角、高畫質、巨尻、巨乳、ヘルス・ソープ,多人,https://www.javbus.com/NASH-473,
AVS-024 AVSCollector’s2020年間 SPECIAL BESTカタログ,AVS-024 AVSCollector’s2020年間 SPECIAL BESTカタログ,AVS-024,,2021-03-22,245分鐘,,AVS collector’s,AVS,エーヴィエスカタログ,合集、4小時以上作品、高畫質、DMM獨家,多人,https://www.javbus.com/AVS-024,
CESD-989 全部まるごとドスケベオナニーイッキ見SPECIAL 22時間42分,CESD-989 全部まるごとドスケベオナニーイッキ見SPECIAL 22時間42分,CESD-989,,2021-03-22,1362分鐘,,セレブの友,セレブの友,,成熟的女人、合集、淫語、主觀視角、DMM獨家、自慰,多人,https://www.javbus.com/CESD-989,
CESD-988 風間ゆみベストセラーBOX vol.6 22時間29分8枚組,CESD-988 風間ゆみベストセラーBOX vol.6 22時間29分8枚組,CESD-988,,2021-03-22,1349分鐘,,セレブの友,セレブの友,○○ベストセラーBOX,成熟的女人、花癡、女優ベスト・総集編、巨乳、DMM獨家,多人,https://www.javbus.com/CESD-988,
TKBN-024 本性さらす不倫旅 往年の名女優編,TKBN-024 本性さらす不倫旅 往年の名女優編,TKBN-024,,2021-03-20,240分鐘,,STAR PARADISE,宝船,,第一人稱攝影、合集、纪录片、通姦、高畫質,多人,https://www.javbus.com/TKBN-024,
PPBD-206 おっぱいマ○コでイクッ！！ ふっくら乳圧パイズリ109連発8時間,PPBD-206 おっぱいマ○コでイクッ！！ ふっくら乳圧パイズリ109連発8時間,PPBD-206,,2021-03-18,480分鐘,,OPPAI,OPPAI,,蕩婦、乳交、美少女、巨乳、DMM獨家,多人,https://www.javbus.com/PPBD-206,
JGAHO-241 近所のおばさんに鬼突きハードピストン中出しSEX,JGAHO-241 近所のおばさんに鬼突きハードピストン中出しSEX,JGAHO-241,,2021-03-18,236分鐘,,熟女画報社,熟女画報社,,成熟的女人、已婚婦女、中出,多人,https://www.javbus.com/JGAHO-241,
CADV-804 クリスタル映像35周年記念 私は痴女 人妻編 30人8時間スペシャル,CADV-804 クリスタル映像35周年記念 私は痴女 人妻編 30人8時間スペシャル,CADV-804,,2021-03-13,479分鐘,,クリスタル映像,CRYSTAL EX,私は痴女,蕩婦、無毛、已婚婦女、4小時以上作品、巨乳、DMM獨家,多人,https://www.javbus.com/CADV-804,
NACX-074 肉厚な爆乳女の絶倫ノンストップファック10人VOL.04,NACX-074 肉厚な爆乳女の絶倫ノンストップファック10人VOL.04,NACX-074,,2021-03-01,241分鐘,,プラネットプラス,七狗留,肉厚な爆乳女の絶倫ノンストップファック,成熟的女人、合集、4小時以上作品、高畫質、巨尻、巨乳,多人,https://www.javbus.com/NACX-074,
NACX-073 レジェンド美熟女12人BEST VOL.02,NACX-073 レジェンド美熟女12人BEST VOL.02,NACX-073,,2021-03-01,243分鐘,,プラネットプラス,七狗留,レジェンド美熟女○人BEST,成熟的女人、合集、中出、4小時以上作品、高畫質、巨乳,多人,https://www.javbus.com/NACX-073,
KMDS-20505 憧れの叔母さんと濃密セックス20人240分,KMDS-20505 憧れの叔母さんと濃密セックス20人240分,KMDS-20505,,2021-02-26,241分鐘,,カマタ映像,弁天,,成熟的女人、亂倫、中出、4小時以上作品,多人,https://www.javbus.com/KMDS-20505,
CESD-983 緊縛熟女SM肉便器調教4 24時間43分,CESD-983 緊縛熟女SM肉便器調教4 24時間43分,CESD-983,,2021-02-22,1483分鐘,,セレブの友,セレブの友,緊縛熟女SM肉便器調教,成熟的女人、SM、紧缚、合集、DMM獨家,多人,https://www.javbus.com/CESD-983,
NASH-452 本当にあったエッチなお話 19,NASH-452 本当にあったエッチなお話 19,NASH-452,,2021-02-12,241分鐘,,なでしこ,Nadeshiko,本当にあったエッチなお話,已婚婦女、通姦、中出、高畫質、孕ませ,多人,https://www.javbus.com/NASH-452,
NASH-449 四十路の母 性欲を持て余す熟女母の禁断近親相姦物語,NASH-449 四十路の母 性欲を持て余す熟女母の禁断近親相姦物語,NASH-449,,2021-02-12,240分鐘,,なでしこ,Nadeshiko,,變性者、首次亮相、中出、高畫質、女裝人妖、肛内中出,多人,https://www.javbus.com/NASH-449,
IESP-254-F NO.1美女軍団 女教師 中出し20連発 中出し大輪姦,IESP-254-F NO.1美女軍団 女教師 中出し20連発 中出し大輪姦,IESP-254-F,,2021-02-11,115分鐘,,アイエナジー,IESP,2次利用,濫交、巨乳,多人,https://www.javbus.com/IESP-254-F,
RVG-128 ママシ●タ実話BEST vol.2,RVG-128 ママシ●タ実話BEST vol.2,RVG-128,,2021-02-03,481分鐘,,グローリークエスト,GLORY QUEST,ママショタ実話,母親、合集、4小時以上作品、高畫質、戲劇、正太控,多人,https://www.javbus.com/RVG-128,
KSBJ-113 はだかの奥様総集編Vol.5,KSBJ-113 はだかの奥様総集編Vol.5,KSBJ-113,,2021-01-17,243分鐘,,KSB企画/エマニエル,KSB企画/エマニエル,はだかの奥様,成熟的女人、合集、已婚婦女、4小時以上作品、高畫質、巨尻、巨乳、エマニエル、DMM獨家,多人,https://www.javbus.com/KSBJ-113,
NASH-431 嫁の母 妻よりもお義母さんがイイんです！！ 嫁には絶対に言えない禁断の中出し交尾,NASH-431 嫁の母 妻よりもお義母さんがイイんです！！ 嫁には絶対に言えない禁断の中出し交尾,NASH-431,,2021-01-15,243分鐘,,なでしこ,Nadeshiko,,成熟的女人、母親、亂倫、已婚婦女、4小時以上作品、高畫質、出軌,多人,https://www.javbus.com/NASH-431,
UMSO-360 テレビの修理に行ったら、奥さんが全裸で出てきた！！目のやり場に困りながら修理をしている僕のビンビンになったチ○ポをなんと奥さんは…！？ VOL.03,UMSO-360 テレビの修理に行ったら、奥さんが全裸で出てきた！！目のやり場に困りながら修理をしている僕のビンビンになったチ○ポをなんと奥さんは…！？ VOL.03,UMSO-360,,2021-01-15,243分鐘,,ケイ・エム・プロデュース,UMANAMI,テレビの修理に行ったら,蕩婦、成熟的女人、合集、4小時以上作品、高畫質、巨乳,多人,https://www.javbus.com/UMSO-360,
CEAD-328 無理矢理されたい犯して欲しい…本当は淫れたい女たちのドスケベ本性曝け出しSEX16時間100人,CEAD-328 無理矢理されたい犯して欲しい…本当は淫れたい女たちのドスケベ本性曝け出しSEX16時間100人,CEAD-328,,2021-01-10,960分鐘,,セレブの友,セレブの友,,成熟的女人、合集、肛内中出、巨尻、巨乳、DMM獨家,多人,https://www.javbus.com/CEAD-328,
VSED-151 美人で自慢のお母さんと二人で出掛けた温泉旅行で無防備な母の裸体に興奮してしまい思わず犯してしまった人には言えない過ち,VSED-151 美人で自慢のお母さんと二人で出掛けた温泉旅行で無防備な母の裸体に興奮してしまい思わず犯してしまった人には言えない過ち,VSED-151,,2021-01-06,478分鐘,,シックスナイン,シックスナイン,美人で自慢のお母さんと二人で出掛けた温泉旅行で無防備な母の裸体に興奮してしまい思わず犯してしまった人には言えない過ち,成熟的女人、母親、亂倫、4小時以上作品、故事集、温泉,多人,https://www.javbus.com/VSED-151,
J-99078 熟女濃厚レズ 友田真希×風間ゆみ 聖水のみ編,J-99078 熟女濃厚レズ 友田真希×風間ゆみ 聖水のみ編,J-99078,,2021-01-04,22分鐘,,JUKUJO99,JUKUJO99,熟女濃厚レズ,成熟的女人、放尿、女同性戀、高畫質、巨乳、DMM獨家,多人,https://www.javbus.com/J-99078,
KNMD-099 閉経前の熟女からお年頃の若妻まで完全網羅！！美魔女ラストSEX！！ドドーんと8時間スペシャル～総勢50人！ 女たちの濃厚エクスタシー500分～！！,KNMD-099 閉経前の熟女からお年頃の若妻まで完全網羅！！美魔女ラストSEX！！ドドーんと8時間スペシャル～総勢50人！ 女たちの濃厚エクスタシー500分～！！,KNMD-099,,2020-12-25,501分鐘,萬次郎,キネマ座,キネマ座,,成熟的女人、亂倫、已婚婦女、乳房、中出、4小時以上作品、高畫質,多人,https://www.javbus.com/KNMD-099,
ZOOO-016 美熟女セレクション 伝説の美熟女12人240分,ZOOO-016 美熟女セレクション 伝説の美熟女12人240分,ZOOO-016,,2020-12-24,241分鐘,,ZOOO,ZOOO,,成熟的女人、合集、中出、4小時以上作品、高畫質,多人,https://www.javbus.com/ZOOO-016,
TTTV-002 熟年夫婦の密着濃厚交尾 全身全霊で愛し合う田舎の中高年ねっとりセックス 20人 4時間,TTTV-002 熟年夫婦の密着濃厚交尾 全身全霊で愛し合う田舎の中高年ねっとりセックス 20人 4時間,TTTV-002,,2020-12-21,240分鐘,,グローバルメディアアネックス,tentative,,成熟的女人、合集、已婚婦女、巨乳、DMM獨家,多人,https://www.javbus.com/TTTV-002,
UREC-002 タカスギコウ原作 背徳の伝道師が描く熟れコミ実写化初BEST12時間,UREC-002 タカスギコウ原作 背徳の伝道師が描く熟れコミ実写化初BEST12時間,UREC-002,,2020-12-20,720分鐘,,マドンナ,熟れコミ,,成熟的女人、合集、已婚婦女、數位馬賽克、戲劇、原作コラボ、DMM獨家,多人,https://www.javbus.com/UREC-002,
KSBJ-108 むっちり熟女と中出しセックス22人,KSBJ-108 むっちり熟女と中出しセックス22人,KSBJ-108,,2020-12-18,242分鐘,,KSB企画/エマニエル,KSB企画/エマニエル,,成熟的女人、胖女人、中出、高畫質、巨乳、エマニエル、DMM獨家,多人,https://www.javbus.com/KSBJ-108,
MMFUKU-001 【福袋】MARRION福袋ベスト,MMFUKU-001 【福袋】MARRION福袋ベスト,MMFUKU-001,,2020-12-18,2336分鐘,,MARRION,,,合集、淫語、屁股、高畫質、內衣、16時間以上作品、福袋、DMM獨家,多人,https://www.javbus.com/MMFUKU-001,
DSCESD-001 【福袋】セレブの友ファン感謝福袋 面白くてヌケる！見応え抜群の12作品セット！！,DSCESD-001 【福袋】セレブの友ファン感謝福袋 面白くてヌケる！見応え抜群の12作品セット！！,DSCESD-001,,2020-12-18,1635分鐘,,セレブの友,,,成熟的女人、放尿、花癡、高畫質、16時間以上作品、巨乳、福袋、DMM獨家,多人,https://www.javbus.com/DSCESD-001,
LZBS-066 レズれ！2020年間プレミアムベスト 女と女のイカセ合い10時間SP,LZBS-066 レズれ！2020年間プレミアムベスト 女と女のイカセ合い10時間SP,LZBS-066,,2020-12-18,600分鐘,,レズれ！,レズれ！ ベスト,レズれ！年間プレミアムベスト,女同性戀、合集、花癡、高畫質、巨乳、DMM獨家,多人,https://www.javbus.com/LZBS-066,
JFB-245 デカ尻痴女達に精液を絞り尽くされる騎乗位責め12時間BEST,JFB-245 デカ尻痴女達に精液を絞り尽くされる騎乗位責め12時間BEST,JFB-245,,2020-12-12,720分鐘,,Fitch,Fitch,,蕩婦、合集、屁股、數位馬賽克、中出、巨尻、DMM獨家,多人,https://www.javbus.com/JFB-245,
MKCK-274 2020年E-BODYラストベスト 過去10年で最も美体でドエロかった大当たり肉弾200SEX アジア最高峰ボディコレクション16時間,MKCK-274 2020年E-BODYラストベスト 過去10年で最も美体でドエロかった大当たり肉弾200SEX アジア最高峰ボディコレクション16時間,MKCK-274,,2020-12-12,960分鐘,,E-BODY,E-BODY,,合集、花癡、乳房、巨尻、巨乳、DMM獨家,多人,https://www.javbus.com/MKCK-274,
BMW-222 美しい乳房・クビレ・乳首 S級美女の極乳BEST ―細い体に規格外巨乳！これぞ究極エロボディ！―,BMW-222 美しい乳房・クビレ・乳首 S級美女の極乳BEST ―細い体に規格外巨乳！これぞ究極エロボディ！―,BMW-222,,2020-11-28,240分鐘,,ワンズファクトリー,WANZ,,苗條、乳交、合集、乳房、巨乳、DMM獨家,多人,https://www.javbus.com/BMW-222,
MCSR-416 ヒストリーオブ不倫旅行 24人の人妻とゆく、一泊二日不貞の旅,MCSR-416 ヒストリーオブ不倫旅行 24人の人妻とゆく、一泊二日不貞の旅,MCSR-416,,2020-11-28,300分鐘,金子次郎,ビッグモーカル,マスカット,中出し人妻不倫旅行,和服・喪服、已婚婦女、4小時以上作品、温泉、巨乳,多人,https://www.javbus.com/MCSR-416,
MCSR-415 ものすごくいやらしい団地妻たち50人5時間,MCSR-415 ものすごくいやらしい団地妻たち50人5時間,MCSR-415,,2020-11-28,300分鐘,金子次郎,ビッグモーカル,マスカット,,已婚婦女、4小時以上作品、高畫質、巨乳,多人,https://www.javbus.com/MCSR-415,
NASH-405 お漏らし母さん 潮吹き・失禁・ぐしょ濡れマ●コ！！ 発情息子に犯●れて痴態を晒しながらも感じ喘いでしまう変態母 10人4時間,NASH-405 お漏らし母さん 潮吹き・失禁・ぐしょ濡れマ●コ！！ 発情息子に犯●れて痴態を晒しながらも感じ喘いでしまう変態母 10人4時間,NASH-405,,2020-11-27,240分鐘,,なでしこ,Nadeshiko,,成熟的女人、放尿、潮吹、亂倫、已婚婦女、羞恥、中出、高畫質、出軌、戲劇、巨乳,多人,https://www.javbus.com/NASH-405,
HMD-049 異常緊縛調教 縛られた人妻 極限の縄快楽と蝋燭と鞭に身も心も堕ちた女たち 20人 4時間,HMD-049 異常緊縛調教 縛られた人妻 極限の縄快楽と蝋燭と鞭に身も心も堕ちた女たち 20人 4時間,HMD-049,,2020-11-27,239分鐘,,グローバルメディアエンタテインメント,ハイパーミックス（グローバルメディアエンタテインメント）,お得な総集編,成熟的女人、SM、紧缚、合集、數位馬賽克、高畫質,多人,https://www.javbus.com/HMD-049,
NASH-407 むっちり肉厚爆乳熟女20人 VOL.4,NASH-407 むっちり肉厚爆乳熟女20人 VOL.4,NASH-407,,2020-11-27,243分鐘,,なでしこ,Nadeshiko,むっちり肉厚爆乳熟女,成熟的女人、胖女人、合集、高畫質、巨乳,多人,https://www.javbus.com/NASH-407,
CESD-947 三浦恵理子スーパーベスト8時間,CESD-947 三浦恵理子スーパーベスト8時間,CESD-947,,2020-11-23,480分鐘,,セレブの友,セレブの友,,蕩婦、成熟的女人、淫語、中出、女優ベスト・総集編、DMM獨家,多人,https://www.javbus.com/CESD-947,
DDT-641 騎乗位特化追撃杭打ちピストン8時間,DDT-641 騎乗位特化追撃杭打ちピストン8時間,DDT-641,,2020-11-19,485分鐘,,ドグマ,Dogma,,合集、中出、女上位、高畫質、DMM獨家,多人,https://www.javbus.com/DDT-641,
LZBS-065 ずっと密着ベロキスでトロけるキスビアン性交 厳選5時間 超濃厚な舌の絡みと唾液交換がイキ癖になったレズビアンをたっぷりじっくりお見せします！,LZBS-065 ずっと密着ベロキスでトロけるキスビアン性交 厳選5時間 超濃厚な舌の絡みと唾液交換がイキ癖になったレズビアンをたっぷりじっくりお見せします！,LZBS-065,,2020-11-19,300分鐘,,レズれ！,レズれ！ ベスト,,女同性戀、其他戀物癖、合集、女同接吻、DMM獨家,多人,https://www.javbus.com/LZBS-065,
MEYD-631 愛妻交換 上司、後輩それぞれの妻が他人棒で燃えた交代制中出し4日間の記録。 風間ゆみ 本真ゆり,MEYD-631 愛妻交換 上司、後輩それぞれの妻が他人棒で燃えた交代制中出し4日間の記録。 風間ゆみ 本真ゆり,MEYD-631,,2020-11-13,130分鐘,大崎広浩治,溜池ゴロー,溜池ゴロー,愛妻交換,成熟的女人、已婚婦女、中出、高畫質、巨乳、スワッピング・夫婦交換、DMM獨家,多人,https://www.javbus.com/MEYD-631,
STDDT-042 【お得セット】まとめて抜ける！！淫語パイズラー シリーズ 2 塚田詩織 風間ゆみ 内山まい,STDDT-042 【お得セット】まとめて抜ける！！淫語パイズラー シリーズ 2 塚田詩織 風間ゆみ 内山まい,STDDT-042,,2020-10-25,356分鐘,ビーバップ・みのる,ドグマ,ドグマ（お得セット）,淫語パイズラー,蕩婦、乳交、淫語、戀乳癖、4小時以上作品、高畫質、設置項目、巨乳,多人,https://www.javbus.com/STDDT-042,
CESD-943 川上ゆうベストセラーBOX vol.2 22時間43分8枚組,CESD-943 川上ゆうベストセラーBOX vol.2 22時間43分8枚組,CESD-943,,2020-10-25,1363分鐘,,セレブの友,セレブの友,○○ベストセラーBOX,蕩婦、成熟的女人、花癡、中出、女優ベスト・総集編、DMM獨家,多人,https://www.javbus.com/CESD-943,
HMD-048 グローバルメディア20周年特別企画！！プロデューサーが選ぶ最高にエロい熟女ベスト30 思わず撮影現場で勃起してしまった絶対ヌケるスケベ映像 30人 4時間,HMD-048 グローバルメディア20周年特別企画！！プロデューサーが選ぶ最高にエロい熟女ベスト30 思わず撮影現場で勃起してしまった絶対ヌケるスケベ映像 30人 4時間,HMD-048,,2020-10-23,241分鐘,,グローバルメディアエンタテインメント,ハイパーミックス（グローバルメディアエンタテインメント）,お得な総集編,成熟的女人、苗條、母親、合集、亂倫、已婚婦女、多P、數位馬賽克、凌辱、羞恥、中出、4小時以上作品、高畫質、出軌、戲劇、巨乳,多人,https://www.javbus.com/HMD-048,
CADV-787 クリスタル映像35周年記念 人妻温泉 30人8時間スペシャル2,CADV-787 クリスタル映像35周年記念 人妻温泉 30人8時間スペシャル2,CADV-787,,2020-10-22,477分鐘,,クリスタル映像,CRYSTAL EX,クリスタル映像35周年記念,成熟的女人、合集、已婚婦女、通姦、女上位、4小時以上作品、顏射、温泉,多人,https://www.javbus.com/CADV-787,
LZBS-064 激震パイ揺れ！暴走腰振り騎乗位 厳選ベスト5時間 オマ○コ感度無限大オーガズムお見せします！！,LZBS-064 激震パイ揺れ！暴走腰振り騎乗位 厳選ベスト5時間 オマ○コ感度無限大オーガズムお見せします！！,LZBS-064,,2020-10-18,300分鐘,,レズれ！,レズれ！ ベスト,,女同性戀、合集、女上位、4小時以上作品、高畫質、巨乳、DMM獨家,多人,https://www.javbus.com/LZBS-064,
DDT-640 美熟女ディープスロート 快楽浄土8時間,DDT-640 美熟女ディープスロート 快楽浄土8時間,DDT-640,,2020-10-18,496分鐘,,ドグマ,Dogma,,成熟的女人、口交、合集、已婚婦女、4小時以上作品、高畫質、DMM獨家,多人,https://www.javbus.com/DDT-640,
RBB-192 超シリ穴丸見え！ 一番恥ずかしいアナルを堪能しながらエッチに夢中な女の子！S級女優60人8時間BEST,RBB-192 超シリ穴丸見え！ 一番恥ずかしいアナルを堪能しながらエッチに夢中な女の子！S級女優60人8時間BEST,RBB-192,,2020-10-17,480分鐘,,ROOKIE,ROOKIE,ROOKIEベスト,合集、屁股、花癡、羞恥、4小時以上作品、巨尻、巨乳、DMM獨家,多人,https://www.javbus.com/RBB-192,
VRTM-523 AV女優 ディルドオナニーコレクション第三弾,VRTM-523 AV女優 ディルドオナニーコレクション第三弾,VRTM-523,,2020-10-09,297分鐘,ホイップローズ,V＆R PRODUCE,V＆R PRODUCE,AV女優 ディルドオナニーコレクション,玩具、其他戀物癖、合集、屁股、戀腿癖、美少女、4小時以上作品、高畫質、巨乳、ディルド、自慰,多人,https://www.javbus.com/VRTM-523,
NBES-028 僕のねとられ話しを聞いてほしい スペシャルコンプリートBEST 4枚組16時間,NBES-028 僕のねとられ話しを聞いてほしい スペシャルコンプリートBEST 4枚組16時間,NBES-028,,2020-10-03,960分鐘,,JET映像,卍GROUP,僕のねとられ話しを聞いてほしい,成熟的女人、合集、已婚婦女、4小時以上作品、出軌、DMM獨家,多人,https://www.javbus.com/NBES-028,
CESD-931 風間ゆみベストセラーBOX vol.5 23時間40分8枚組,CESD-931 風間ゆみベストセラーBOX vol.5 23時間40分8枚組,CESD-931,,2020-09-21,1420分鐘,,セレブの友,セレブの友,○○ベストセラーBOX,成熟的女人、花癡、4小時以上作品、女優ベスト・総集編、巨乳、DMM獨家,多人,https://www.javbus.com/CESD-931,
CESD-930 快楽お漏らし大洪水SEX25時間7分,CESD-930 快楽お漏らし大洪水SEX25時間7分,CESD-930,,2020-09-21,1507分鐘,,セレブの友,セレブの友,,成熟的女人、放尿、潮吹、合集、4小時以上作品、巨乳、DMM獨家,多人,https://www.javbus.com/CESD-930,
JUSD-898 2020年上半期全180タイトルBEST8時間,JUSD-898 2020年上半期全180タイトルBEST8時間,JUSD-898,,2020-09-20,480分鐘,,マドンナ,Madonna,マドンナ○半期,成熟的女人、合集、各種職業、已婚婦女、數位馬賽克、4小時以上作品、DMM獨家,多人,https://www.javbus.com/JUSD-898,
DDT-637 極限中出し 精子300億の種付け洗礼,DDT-637 極限中出し 精子300億の種付け洗礼,DDT-637,,2020-09-18,497分鐘,,ドグマ,Dogma,,成熟的女人、合集、姐姐、中出、4小時以上作品、高畫質、DMM獨家,多人,https://www.javbus.com/DDT-637,
UMSO-339 お風呂でのエッチな行為はエロさ100倍！濡れた美しい女体でオナニー＆フェラ、etc.…厳選20人,UMSO-339 お風呂でのエッチな行為はエロさ100倍！濡れた美しい女体でオナニー＆フェラ、etc.…厳選20人,UMSO-339,,2020-09-11,243分鐘,,ケイ・エム・プロデュース,UMANAMI,,口交、合集、高畫質、お風呂、自慰,多人,https://www.javbus.com/UMSO-339,
RETOMN-051 鉄板 BEST OF BEST オナニー 48名,RETOMN-051 鉄板 BEST OF BEST オナニー 48名,RETOMN-051,,2020-09-09,229分鐘,,TEPPAN,TEPPAN SPECIAL,鉄板 BEST OF BEST,合集、美少女、數位馬賽克、高畫質、汗だく、自慰,多人,https://www.javbus.com/RETOMN-051,
RETOMN-001 鉄板フェラチオBEST,RETOMN-001 鉄板フェラチオBEST,RETOMN-001,,2020-09-09,228分鐘,,TEPPAN,TEPPAN SPECIAL,TEPPAN SPECIAL,口交、合集、美少女、數位馬賽克、高畫質、汗だく、巨乳,多人,https://www.javbus.com/RETOMN-001,
RETOMN-072 見つめながら俺のデカチンシャブってください。,RETOMN-072 見つめながら俺のデカチンシャブってください。,RETOMN-072,,2020-09-09,234分鐘,,TEPPAN,TEPPAN SPECIAL,,口交、合集、美少女、數位馬賽克、高畫質、汗だく,多人,https://www.javbus.com/RETOMN-072,
RETOMN-088 ねじ伏せる圧倒的征服感 寝バック64名,RETOMN-088 ねじ伏せる圧倒的征服感 寝バック64名,RETOMN-088,,2020-09-09,236分鐘,,TEPPAN,TEPPAN SPECIAL,ねじ伏せる圧倒的征服感 寝バック,合集、美少女、數位馬賽克、高畫質、汗だく、巨乳,多人,https://www.javbus.com/RETOMN-088,
RETOMN-017 加速するグラインド 極上の騎乗位,RETOMN-017 加速するグラインド 極上の騎乗位,RETOMN-017,,2020-09-09,235分鐘,,TEPPAN,TEPPAN SPECIAL,加速するグラインド,合集、美少女、數位馬賽克、女上位、高畫質、汗だく、巨乳,多人,https://www.javbus.com/RETOMN-017,
RETOMN-048 77名 トロけるような恍惚の表情 クンニ激昇天,RETOMN-048 77名 トロけるような恍惚の表情 クンニ激昇天,RETOMN-048,,2020-09-09,231分鐘,,TEPPAN,TEPPAN SPECIAL,クンニ激昇天,合集、美少女、數位馬賽克、舔陰、高畫質、汗だく,多人,https://www.javbus.com/RETOMN-048,
RETOMN-002 鉄板 激指ズボオナニーBEST,RETOMN-002 鉄板 激指ズボオナニーBEST,RETOMN-002,,2020-09-09,166分鐘,,TEPPAN,TEPPAN SPECIAL,TEPPAN SPECIAL,苗條、合集、美少女、數位馬賽克、高畫質、汗だく、巨乳、自慰,多人,https://www.javbus.com/RETOMN-002,
NACX-061 唾液を垂らしてしゃぶる姿がエロすぎる！！フェラチオばかりの動画集 美熟女編41人,NACX-061 唾液を垂らしてしゃぶる姿がエロすぎる！！フェラチオばかりの動画集 美熟女編41人,NACX-061,,2020-09-01,241分鐘,,プラネットプラス,七狗留,,成熟的女人、口交、其他戀物癖、合集、已婚婦女、高畫質,多人,https://www.javbus.com/NACX-061,
DBER-079 淫熟肉爆超昇天図鑑 どうにもならない官能女体は狂うほどに熱く煮えたぎり RED BABE ULTRA MOVIES,DBER-079 淫熟肉爆超昇天図鑑 どうにもならない官能女体は狂うほどに熱く煮えたぎり RED BABE ULTRA MOVIES,DBER-079,,2020-08-30,153分鐘,,BabyEntertainment,RED BABE,,成熟的女人、拘束、凌辱、羞恥、高畫質、折磨、DMM獨家,多人,https://www.javbus.com/DBER-079,
HMD-046 むっちり母さん 息子棒でイキ悶える四十路・五十路の豊満母 20人 4時間,HMD-046 むっちり母さん 息子棒でイキ悶える四十路・五十路の豊満母 20人 4時間,HMD-046,,2020-08-28,240分鐘,,グローバルメディアエンタテインメント,ハイパーミックス（グローバルメディアエンタテインメント）,お得な総集編,成熟的女人、苗條、母親、合集、亂倫、已婚婦女、數位馬賽克、凌辱、羞恥、中出、高畫質、出軌、戲劇、巨乳,多人,https://www.javbus.com/HMD-046,
EMAZ-392 巨乳熟女50名！チ○ポおねだり淫乱SEX16時間,EMAZ-392 巨乳熟女50名！チ○ポおねだり淫乱SEX16時間,EMAZ-392,,2020-08-16,960分鐘,,婦人社/エマニエル,婦人社,,成熟的女人、乳交、合集、中出、16時間以上作品、巨乳、エマニエル、DMM獨家,多人,https://www.javbus.com/EMAZ-392,
KSBJ-092 他人棒に喜び喘ぎ中出しを許す三十路の美熟女たち9人,KSBJ-092 他人棒に喜び喘ぎ中出しを許す三十路の美熟女たち9人,KSBJ-092,,2020-08-16,242分鐘,,KSB企画/エマニエル,KSB企画/エマニエル,,成熟的女人、合集、通姦、中出、4小時以上作品、高畫質、エマニエル、DMM獨家,多人,https://www.javbus.com/KSBJ-092,
LZBS-062 絶倫レズビアン痴女のW淫語でイクッ！イクゥゥ！ 厳選ベスト5時間 男の理性を吹き飛ばすどスケベ淫語と挑発レズセックスを全部見せます！,LZBS-062 絶倫レズビアン痴女のW淫語でイクッ！イクゥゥ！ 厳選ベスト5時間 男の理性を吹き飛ばすどスケベ淫語と挑発レズセックスを全部見せます！,LZBS-062,,2020-08-16,303分鐘,,レズれ！,レズれ！ ベスト,,蕩婦、女同性戀、合集、淫語、4小時以上作品、高畫質、DMM獨家,多人,https://www.javbus.com/LZBS-062,
NASH-345 とある夫婦のリアルなセックスライフ VOL.02,NASH-345 とある夫婦のリアルなセックスライフ VOL.02,NASH-345,,2020-08-14,244分鐘,,なでしこ,Nadeshiko,とある夫婦のリアルなセックスライフ,成熟的女人、合集、已婚婦女、高畫質、巨乳,多人,https://www.javbus.com/NASH-345,
CESD-919 女×女 激しく求め合う同性愛（レズビアン）BOX7枚組,CESD-919 女×女 激しく求め合う同性愛（レズビアン）BOX7枚組,CESD-919,,2020-08-09,1238分鐘,,セレブの友,セレブの友,,成熟的女人、女同性戀、合集、舔陰、女同接吻、16時間以上作品、DMM獨家,多人,https://www.javbus.com/CESD-919,
JFB-227 僕のペットは敏感な爆乳女II16時間BEST ～敏感な乳房が咽び泣く調教～,JFB-227 僕のペットは敏感な爆乳女II16時間BEST ～敏感な乳房が咽び泣く調教～,JFB-227,,2020-08-08,960分鐘,,Fitch,Fitch,僕のペットは○○,合集、數位馬賽克、羞恥、主觀視角、16時間以上作品、巨乳、DMM獨家,多人,https://www.javbus.com/JFB-227,
NBES-026 JET映像5周年記念豪華版！厳選！特選！寝取られ作品スーパーBEST 上巻 4枚組16時間 初回限定生産,NBES-026 JET映像5周年記念豪華版！厳選！特選！寝取られ作品スーパーBEST 上巻 4枚組16時間 初回限定生産,NBES-026,,2020-08-01,960分鐘,,JET映像,卍GROUP,○周年記念スーパーBEST,成熟的女人、合集、出軌、戲劇、16時間以上作品、DMM獨家,多人,https://www.javbus.com/NBES-026,
JUSD-886 極上の人妻達と日替わり出会える夢のような1ヵ月！！ Madonna美熟女SEXカレンダー2020 16時間,JUSD-886 極上の人妻達と日替わり出会える夢のような1ヵ月！！ Madonna美熟女SEXカレンダー2020 16時間,JUSD-886,,2020-08-01,960分鐘,,マドンナ,Madonna,Madonna美熟女SEXカレンダー,成熟的女人、合集、已婚婦女、16時間以上作品、巨乳、DMM獨家,多人,https://www.javbus.com/JUSD-886,
VSED-141 母と息子二人きりの温泉旅行で舌と舌を絡めあいギュと体を密着させる親子ならではの濃厚濃密なセックス12連発 8時間2枚組 5,VSED-141 母と息子二人きりの温泉旅行で舌と舌を絡めあいギュと体を密着させる親子ならではの濃厚濃密なセックス12連発 8時間2枚組 5,VSED-141,,2020-07-25,477分鐘,,シックスナイン,シックスナイン,母と息子二人きりの温泉旅行で…,成熟的女人、母親、合集、亂倫、4小時以上作品、温泉,多人,https://www.javbus.com/VSED-141,
LZBS-060 勉強仕事に疲れてウトウトしているととっても身近で信頼していたアノ女（ひと）が突然Hな悪戯！嫌がるどころかストップされたくないほど気持ち良く,LZBS-060 勉強仕事に疲れてウトウトしているととっても身近で信頼していたアノ女（ひと）が突然Hな悪戯！嫌がるどころかストップされたくないほど気持ち良く,LZBS-060,,2020-07-17,300分鐘,真咲南朋,レズれ！,レズれ！ ベスト,勉強仕事に疲れてウトウトしているととっても身近で信頼していたアノ女（ひと）が突然Hな悪戯！,企畫、女同性戀、合集、4小時以上作品、女同接吻、巨乳、DMM獨家,多人,https://www.javbus.com/LZBS-060,
LZBS-061 レズれ！7周年記念スペシャル 最高の凄テクレズビアン60組10時間BEST 業界最高峰！絶対に抜ける女神プレイ,LZBS-061 レズれ！7周年記念スペシャル 最高の凄テクレズビアン60組10時間BEST 業界最高峰！絶対に抜ける女神プレイ,LZBS-061,,2020-07-17,600分鐘,,レズれ！,レズれ！ ベスト,,女同性戀、合集、花癡、4小時以上作品、巨乳、DMM獨家,多人,https://www.javbus.com/LZBS-061,
UMD-742 平成31年間のAVを支えてきた美熟女31人 彼女たちの淫らに艶かしい足跡をたどる至極の3時間,UMD-742 平成31年間のAVを支えてきた美熟女31人 彼女たちの淫らに艶かしい足跡をたどる至極の3時間,UMD-742,,2020-07-10,180分鐘,タブー大崎,LEO,LEO,,成熟的女人、口交、女上位、高畫質、巨乳、打手槍,多人,https://www.javbus.com/UMD-742,
NASH-324 熟女の巨尻 抜き挿し丸見え激ピストン！！,NASH-324 熟女の巨尻 抜き挿し丸見え激ピストン！！,NASH-324,,2020-07-10,242分鐘,,なでしこ,Nadeshiko,,成熟的女人、母親、亂倫、已婚婦女、凌辱、羞恥、中出、4小時以上作品、高畫質、戲劇、巨尻、巨乳,多人,https://www.javbus.com/NASH-324,
CADV-770 男では味わえない女同士だからわかる快楽を追求したガチレズ！！18人4時間,CADV-770 男では味わえない女同士だからわかる快楽を追求したガチレズ！！18人4時間,CADV-770,,2020-07-09,239分鐘,,クリスタル映像,CRYSTAL EX,,成熟的女人、女同性戀、4小時以上作品、高畫質、巨乳,多人,https://www.javbus.com/CADV-770,
NACX-057 未亡人の義母と背徳の中出し性交6人,NACX-057 未亡人の義母と背徳の中出し性交6人,NACX-057,,2020-07-01,243分鐘,,プラネットプラス,七狗留,,成熟的女人、合集、寡婦、中出、4小時以上作品、婆婆、高畫質,多人,https://www.javbus.com/NACX-057,
HMD-044 衝撃！！ 人妻レ●プ事件 無理矢理に犯●れ望まない快楽に悶絶イキ！！ 20人 4時間,HMD-044 衝撃！！ 人妻レ●プ事件 無理矢理に犯●れ望まない快楽に悶絶イキ！！ 20人 4時間,HMD-044,,2020-06-26,241分鐘,,グローバルメディアエンタテインメント,ハイパーミックス（グローバルメディアエンタテインメント）,お得な総集編,成熟的女人、SM、苗條、合集、已婚婦女、數位馬賽克、拘束、凌辱、中出、4小時以上作品、高畫質、出軌、戲劇、巨乳,多人,https://www.javbus.com/HMD-044,
KNMD-091 欲求不満の奥様 久々解禁SEX5時間,KNMD-091 欲求不満の奥様 久々解禁SEX5時間,KNMD-091,,2020-06-26,296分鐘,萬次郎,キネマ座,キネマ座,,已婚婦女、通姦、中出、4小時以上作品、高畫質、孕ませ,多人,https://www.javbus.com/KNMD-091,
KBKD-911 隣家のおばさん 総集編 壱,KBKD-911 隣家のおばさん 総集編 壱,KBKD-911,,2020-06-24,121分鐘,,小林興業,小林,隣家のおばさん,成熟的女人、合集、多P,多人,https://www.javbus.com/KBKD-911,
KSBJ-085 背徳行為に溺れる三十路熟女と中出しセックス9人,KSBJ-085 背徳行為に溺れる三十路熟女と中出しセックス9人,KSBJ-085,,2020-06-15,240分鐘,,KSB企画/エマニエル,KSB企画/エマニエル,,成熟的女人、合集、已婚婦女、中出、4小時以上作品、高畫質、エマニエル、DMM獨家,多人,https://www.javbus.com/KSBJ-085,
LZBS-059 勉強仕事に疲れてウトウトしているととっても身近で信頼していたアノ女（ひと）が突然Hな悪戯！嫌がるどころかストップされたくないほど気持ち良く,LZBS-059 勉強仕事に疲れてウトウトしているととっても身近で信頼していたアノ女（ひと）が突然Hな悪戯！嫌がるどころかストップされたくないほど気持ち良く,LZBS-059,,2020-06-15,300分鐘,真咲南朋,レズれ！,レズれ！ ベスト,勉強仕事に疲れてウトウトしているととっても身近で信頼していたアノ女（ひと）が突然Hな悪戯！,企畫、女同性戀、合集、4小時以上作品、女同接吻、巨乳、DMM獨家,多人,https://www.javbus.com/LZBS-059,
VRTM-509 ママさんバレーに通うハイレグブルマを穿いたチ○ポを欲しがるご無沙汰妻たちは卑猥な腰振りで何度も大絶頂！23名5時間！,VRTM-509 ママさんバレーに通うハイレグブルマを穿いたチ○ポを欲しがるご無沙汰妻たちは卑猥な腰振りで何度も大絶頂！23名5時間！,VRTM-509,,2020-06-12,301分鐘,,V＆R PRODUCE,V＆R PRODUCE,,企畫、乳交、已婚婦女、中出、女上位、高畫質、顏面騎乘、巨乳、體育服,多人,https://www.javbus.com/VRTM-509,
BBSS-036 レズビアンに囚われた女潜入捜査官たち 4時間,BBSS-036 レズビアンに囚われた女潜入捜査官たち 4時間,BBSS-036,,2020-06-06,240分鐘,,ビビアン,ビビアン,レズビアンに囚われた女潜入捜査官,女同性戀、女檢察官、4小時以上作品、女同接吻、DMM獨家,多人,https://www.javbus.com/BBSS-036,
HJD-004 厳選！！ 熟女＆人妻 極上の官能ドラマ 50作品 8時間,HJD-004 厳選！！ 熟女＆人妻 極上の官能ドラマ 50作品 8時間,HJD-004,,2020-05-29,484分鐘,,グローバルメディアエンタテインメント,ハイパー熟道,お得な総集編,和服・喪服、成熟的女人、苗條、母親、乳交、合集、亂倫、已婚婦女、多P、數位馬賽克、凌辱、羞恥、中出、4小時以上作品、主觀視角、高畫質、出軌、戲劇、巨乳,多人,https://www.javbus.com/HJD-004,
JUSD-877 2019年Madonna全394タイトル 12時間 ￥1980,JUSD-877 2019年Madonna全394タイトル 12時間 ￥1980,JUSD-877,,2020-05-23,720分鐘,,マドンナ,Madonna,,成熟的女人、合集、各種職業、已婚婦女、數位馬賽克、4小時以上作品、DMM獨家,多人,https://www.javbus.com/JUSD-877,
MMYM-037 卑猥語女 SPECIAL SELECT 総集編II,MMYM-037 卑猥語女 SPECIAL SELECT 総集編II,MMYM-037,,2020-05-17,242分鐘,夢野あいだ,MARRION,夢野,卑猥語女,蕩婦、成熟的女人、合集、淫語、4小時以上作品、高畫質、DMM獨家,多人,https://www.javbus.com/MMYM-037,
UMSO-320 酔っ払った隣の奥さんが自宅を間違え僕の家に！？ VOL.02,UMSO-320 酔っ払った隣の奥さんが自宅を間違え僕の家に！？ VOL.02,UMSO-320,,2020-05-15,243分鐘,,ケイ・エム・プロデュース,UMANAMI,酔っ払った隣の奥さん,成熟的女人、合集、已婚婦女、4小時以上作品、高畫質,多人,https://www.javbus.com/UMSO-320,
RFKS-007 母子姦～令和四天王特別版～,RFKS-007 母子姦～令和四天王特別版～,RFKS-007,,2020-04-10,240分鐘,,令和四天王,令和四天王,母子姦（令和四天王）,成熟的女人、合集、亂倫、已婚婦女、高畫質,多人,https://www.javbus.com/RFKS-007,
RFKS-008 母子交尾グレイテストベスト 厳選！美熟母10人禁断の旅路,RFKS-008 母子交尾グレイテストベスト 厳選！美熟母10人禁断の旅路,RFKS-008,,2020-04-10,243分鐘,長澤純,令和四天王,令和四天王,,和服・喪服、成熟的女人、母親、亂倫、中出、4小時以上作品、婆婆、高畫質、戲劇,多人,https://www.javbus.com/RFKS-008,
VVVD-178 女子学生 過激拷問 スペシャルBEST 13作品8時間2枚組,VVVD-178 女子学生 過激拷問 スペシャルBEST 13作品8時間2枚組,VVVD-178,,2020-03-28,480分鐘,,ヴィ,V,,合集、拳交、4小時以上作品、高中女生、DMM獨家、肛交,多人,https://www.javbus.com/VVVD-178,
CEAD-293 豊満！！巨乳巨尻熟女メイド,CEAD-293 豊満！！巨乳巨尻熟女メイド,CEAD-293,,2020-03-22,170分鐘,,セレブの友,セレブの友,,角色扮演、成熟的女人、巨尻、巨乳、DMM獨家、女傭,多人,https://www.javbus.com/CEAD-293,
AVS-023 AVSCollector’s2019年間 SPECIAL BESTカタログ,AVS-023 AVSCollector’s2019年間 SPECIAL BESTカタログ,AVS-023,,2020-03-22,240分鐘,,AVS collector’s,AVS,エーヴィエスカタログ,成熟的女人、胖女人、合集、中出、4小時以上作品、高畫質、DMM獨家,多人,https://www.javbus.com/AVS-023,
JUSD-868 2019年下半期全206タイトルBEST8時間,JUSD-868 2019年下半期全206タイトルBEST8時間,JUSD-868,,2020-03-21,480分鐘,,マドンナ,Madonna,マドンナ○半期,成熟的女人、合集、各種職業、已婚婦女、數位馬賽克、4小時以上作品、戲劇、DMM獨家,多人,https://www.javbus.com/JUSD-868,
PPBD-180 射精直前のおっぱい爆揺れバックピストンBEST120連発,PPBD-180 射精直前のおっぱい爆揺れバックピストンBEST120連発,PPBD-180,,2020-03-14,240分鐘,,OPPAI,OPPAI,,蕩婦、合集、戀乳癖、中出、4小時以上作品、巨乳、DMM獨家,多人,https://www.javbus.com/PPBD-180,
STTCD-043 【お得セット】射精するまでペニクリを離さない痴女優・巨大ペニクリ・ニューハーフ綾咲さやかの童貞は狩れるか！？・憧れのニューハーフ,STTCD-043 【お得セット】射精するまでペニクリを離さない痴女優・巨大ペニクリ・ニューハーフ綾咲さやかの童貞は狩れるか！？・憧れのニューハーフ,STTCD-043,,2020-03-10,459分鐘,,TRANS CLUB,TRANS CLUB（お得セット）,,蕩婦、變性者、多P、處男、設置項目、DMM獨家、肛交,多人,https://www.javbus.com/STTCD-043,
STEMAZ-053 【お得セット】え！寝起きにですか？・極上美熟女と爆美乳娘が体力の限界までイキまくる！・快楽化粧 赤いルージュをのせたハデな化粧の女はエロの伝導艶女,STEMAZ-053 【お得セット】え！寝起きにですか？・極上美熟女と爆美乳娘が体力の限界までイキまくる！・快楽化粧 赤いルージュをのせたハデな化粧の女はエロの伝導艶女,STEMAZ-053,,2020-03-10,394分鐘,,婦人社/エマニエル,婦人社/ エマニエル（お得セット）,,蕩婦、成熟的女人、濫交、潮吹、多P、設置項目、エマニエル、DMM獨家,多人,https://www.javbus.com/STEMAZ-053,
CESD-875 川上ゆう20時間59分ベストセラーBOX8枚組,CESD-875 川上ゆう20時間59分ベストセラーBOX8枚組,CESD-875,,2020-03-09,1259分鐘,,セレブの友,セレブの友,○○ベストセラーBOX,蕩婦、成熟的女人、花癡、女優ベスト・総集編、16時間以上作品、巨尻、DMM獨家,多人,https://www.javbus.com/CESD-875,
JFB-207 絶頂と同時にアナルがヒクつくびしょ濡れデカ尻ファック12時間BEST,JFB-207 絶頂と同時にアナルがヒクつくびしょ濡れデカ尻ファック12時間BEST,JFB-207,,2020-03-08,720分鐘,,Fitch,Fitch,絶頂と同時にアナルがヒクつくびしょ濡れデカ尻ファック,合集、已婚婦女、屁股、數位馬賽克、4小時以上作品、巨尻、汗だく、DMM獨家,多人,https://www.javbus.com/JFB-207,
JFB-206 爆乳妻が仰け反り絶頂を繰り返すミルクライン開発凄腕サロン8時間BEST,JFB-206 爆乳妻が仰け反り絶頂を繰り返すミルクライン開発凄腕サロン8時間BEST,JFB-206,,2020-03-08,480分鐘,,Fitch,Fitch,ミルクライン開発凄腕サロン,合集、已婚婦女、數位馬賽克、羞恥、4小時以上作品、按摩、巨乳、DMM獨家,多人,https://www.javbus.com/JFB-206,
NBES-021 JET映像 2019年下半期 48タイトル全部入りスペシャルBEST,NBES-021 JET映像 2019年下半期 48タイトル全部入りスペシャルBEST,NBES-021,,2020-03-05,480分鐘,,JET映像,卍GROUP,全部入りスペシャルBEST,合集、4小時以上作品、出軌、DMM獨家,多人,https://www.javbus.com/NBES-021,
BBSS-031 ネットリ濃厚な絡み合い 熟女レズビアン総集編4時間,BBSS-031 ネットリ濃厚な絡み合い 熟女レズビアン総集編4時間,BBSS-031,,2020-03-05,240分鐘,,ビビアン,ビビアン,,成熟的女人、女同性戀、已婚婦女、4小時以上作品、女同接吻、DMM獨家,多人,https://www.javbus.com/BBSS-031,
NACX-049 魅惑のボディで全力運動！全裸エクササイズ64人8時間2枚組,NACX-049 魅惑のボディで全力運動！全裸エクササイズ64人8時間2枚組,NACX-049,,2020-03-01,482分鐘,,プラネットプラス,七狗留,,其他戀物癖、合集、乳房、4小時以上作品、高畫質、巨乳,多人,https://www.javbus.com/NACX-049,
JFB-205 子宮が疼く女教師が連続中出しさせてくれる強●勃起テクニック16時間BEST,JFB-205 子宮が疼く女教師が連続中出しさせてくれる強●勃起テクニック16時間BEST,JFB-205,,2020-02-29,960分鐘,,Fitch,Fitch,強●勃起テクニック,蕩婦、女教師、合集、中出、16時間以上作品、巨乳、DMM獨家,多人,https://www.javbus.com/JFB-205,
VVVD-177 フィスト！アナル！飲尿！超過激レズ拷問神BEST！10タイトル8時間,VVVD-177 フィスト！アナル！飲尿！超過激レズ拷問神BEST！10タイトル8時間,VVVD-177,,2020-02-29,480分鐘,,ヴィ,V,神BEST,女同性戀、飲尿、合集、拳交、4小時以上作品、DMM獨家,多人,https://www.javbus.com/VVVD-177,
AVSA-124 屈辱セクハラNTR 美しい部下の妻や彼女 4時間BEST,AVSA-124 屈辱セクハラNTR 美しい部下の妻や彼女 4時間BEST,AVSA-124,,2020-02-23,239分鐘,アイスマン落合,AVS collector’s,AVSCollector’s,,成熟的女人、OL、合集、惡作劇、4小時以上作品、高畫質、DMM獨家,多人,https://www.javbus.com/AVSA-124,
CESD-868 風間ゆみベストセラーBOX vol.4 25時間12分8枚組,CESD-868 風間ゆみベストセラーBOX vol.4 25時間12分8枚組,CESD-868,,2020-02-23,1512分鐘,,セレブの友,セレブの友,○○ベストセラーBOX,成熟的女人、SM、花癡、16時間以上作品、巨乳、DMM獨家,多人,https://www.javbus.com/CESD-868,
PPBD-178 射精寸前の超快感パイズリラッシュ100連発 オッパイでいっぱいイッちゃいな挟射スペシャルVol.2,PPBD-178 射精寸前の超快感パイズリラッシュ100連発 オッパイでいっぱいイッちゃいな挟射スペシャルVol.2,PPBD-178,,2020-02-15,240分鐘,,OPPAI,OPPAI,射精寸前の超快感パイズリラッシュ100連発,乳交、戀乳癖、4小時以上作品、超乳、巨乳、DMM獨家,多人,https://www.javbus.com/PPBD-178,
CESD-866 緊縛熟女SM肉便器調教3 25時間34分,CESD-866 緊縛熟女SM肉便器調教3 25時間34分,CESD-866,,2020-02-09,1534分鐘,,セレブの友,セレブの友,緊縛熟女SM肉便器調教,成熟的女人、SM、紧缚、合集、16時間以上作品、巨乳、DMM獨家,多人,https://www.javbus.com/CESD-866,
JUSD-863 「愛する妻がまさか…まさか…黒人に抱かれていたなんて‐。」 黒人中出しNTR 総集編 8時間,JUSD-863 「愛する妻がまさか…まさか…黒人に抱かれていたなんて‐。」 黒人中出しNTR 総集編 8時間,JUSD-863,,2020-02-01,480分鐘,,マドンナ,Madonna,,成熟的女人、合集、已婚婦女、數位馬賽克、4小時以上作品、出軌、DMM獨家、黑人演員,多人,https://www.javbus.com/JUSD-863,
HZGB-028 親族中出し性交BEST ―おマ○コにドピュっドピュ孕ませ膣中射精生セックスー,HZGB-028 親族中出し性交BEST ―おマ○コにドピュっドピュ孕ませ膣中射精生セックスー,HZGB-028,,2020-01-31,300分鐘,,人妻花園劇場,imageII,,亂倫、已婚婦女、中出、高畫質、出軌、戲劇、孕ませ、巨乳,多人,https://www.javbus.com/HZGB-028,
NASH-226 レズビアン美熟女 快楽を貪り合う淫汁まみれのヌルべちょ性交 同性に寝取られた妻たち,NASH-226 レズビアン美熟女 快楽を貪り合う淫汁まみれのヌルべちょ性交 同性に寝取られた妻たち,NASH-226,,2020-01-31,242分鐘,,なでしこ,Nadeshiko,,成熟的女人、女同性戀、已婚婦女、4小時以上作品、高畫質、出軌,多人,https://www.javbus.com/NASH-226,
MCSR-373 禁断相姦,MCSR-373 禁断相姦,MCSR-373,,2020-01-25,240分鐘,メカテス武田,ビッグモーカル,マスカット,,女同性戀、亂倫、已婚婦女、通姦、4小時以上作品、婆婆、叔母さん,多人,https://www.javbus.com/MCSR-373,
CEAD-287 快楽貪る本気同性愛（ガチンコレズビアン）BOX1178分6枚組,CEAD-287 快楽貪る本気同性愛（ガチンコレズビアン）BOX1178分6枚組,CEAD-287,,2020-01-20,1178分鐘,,セレブの友,セレブの友,,成熟的女人、女同性戀、女同接吻、16時間以上作品、巨乳、DMM獨家,多人,https://www.javbus.com/CEAD-287,
BXX-005 脚コキ大全集 23人の奇跡の脚テクで発射しまくり！！,BXX-005 脚コキ大全集 23人の奇跡の脚テクで発射しまくり！！,BXX-005,,2020-01-17,239分鐘,,バミューダ/妄想族,フェニックス,,其他戀物癖、戀腿癖、4小時以上作品、主觀視角、高畫質、M男、妄想族、DMM獨家,多人,https://www.javbus.com/BXX-005,
OVG-122 読書中の無防備な爆乳お姉さんのおっぱいで遊んでたらSEXさせてくれた,OVG-122 読書中の無防備な爆乳お姉さんのおっぱいで遊んでたらSEXさせてくれた,OVG-122,,2020-01-15,135分鐘,,グローリークエスト,GLORY QUEST,,其他戀物癖、姐姐、中出、高畫質、正太控、巨乳,多人,https://www.javbus.com/OVG-122,
HYAS-094 熟女・人妻・母レ●プ 100人 衝撃的強●の瞬間,HYAS-094 熟女・人妻・母レ●プ 100人 衝撃的強●の瞬間,HYAS-094,,2019-12-27,481分鐘,,ケイ・エム・プロデュース,100人,,成熟的女人、已婚婦女、4小時以上作品、高畫質,多人,https://www.javbus.com/HYAS-094,
JFB-196 催眠淫語カウンセラー 絶対拘束で自由を奪われ無理やり強制射精8時間BEST,JFB-196 催眠淫語カウンセラー 絶対拘束で自由を奪われ無理やり強制射精8時間BEST,JFB-196,,2019-12-22,480分鐘,,Fitch,Fitch,催眠淫語カウンセラー,蕩婦、合集、淫語、數位馬賽克、拘束、中出、4小時以上作品、巨乳、DMM獨家,多人,https://www.javbus.com/JFB-196,
CEAD-281 澤村レイコ 未公開完全撮り下ろし＆スーパーベストBOX706分3枚組,CEAD-281 澤村レイコ 未公開完全撮り下ろし＆スーパーベストBOX706分3枚組,CEAD-281,,2019-12-20,706分鐘,,セレブの友,セレブの友,,成熟的女人、苗條、乳液、中出、4小時以上作品、女優ベスト・総集編、DMM獨家,多人,https://www.javbus.com/CEAD-281,
LZWM-029 年忘れだよ！年末スペシャル 勉強仕事に疲れてウトウトしているととっても身近で信頼していたアノ女（ひと）が突然Hな悪戯！嫌がるどころかストップ,LZWM-029 年忘れだよ！年末スペシャル 勉強仕事に疲れてウトウトしているととっても身近で信頼していたアノ女（ひと）が突然Hな悪戯！嫌がるどころかストップ,LZWM-029,,2019-12-15,240分鐘,真咲南朋,レズれ！,レズれ！プレイ,,护士、女同性戀、已婚婦女、4小時以上作品、女同接吻、DMM獨家,多人,https://www.javbus.com/LZWM-029,
MKCK-247 巨乳、美尻、スレンダー、肉感、カラダにこだわるE-BODY史850作から厳選300人オールSEX24時間,MKCK-247 巨乳、美尻、スレンダー、肉感、カラダにこだわるE-BODY史850作から厳選300人オールSEX24時間,MKCK-247,,2019-12-07,1438分鐘,,E-BODY,E-BODY,,苗條、合集、16時間以上作品、巨尻、巨乳、DMM獨家,多人,https://www.javbus.com/MKCK-247,
STEMAZ-049 【お得セット】露恥裏・絶対服従露出ゲーム・露恥裏巨乳巨尻W熟女・絶対に射精できる前立腺刺激＆睾丸マッサージ！,STEMAZ-049 【お得セット】露恥裏・絶対服従露出ゲーム・露恥裏巨乳巨尻W熟女・絶対に射精できる前立腺刺激＆睾丸マッサージ！,STEMAZ-049,,2019-11-30,424分鐘,,婦人社/エマニエル,婦人社/ エマニエル（お得セット）,,成熟的女人、野外・露出、紧缚、潮吹、按摩、巨尻、設置項目、巨乳、エマニエル、DMM獨家,多人,https://www.javbus.com/STEMAZ-049,
ATGO-016 近親相姦 近親愛 風間ゆみ・宮崎彩香,ATGO-016 近親相姦 近親愛 風間ゆみ・宮崎彩香,ATGO-016,,2019-11-28,120分鐘,,あたご屋,あたご屋,近親相姦（イー・マーケティング）,成熟的女人、母親、亂倫,多人,https://www.javbus.com/ATGO-016,
JFB-192 じっくり甘えさせた後に激変！言葉で僕を犯す変態淫語ママ8時間BEST,JFB-192 じっくり甘えさせた後に激変！言葉で僕を犯す変態淫語ママ8時間BEST,JFB-192,,2019-11-23,479分鐘,,Fitch,Fitch,じっくり甘えさせた後に激変！言葉で僕を犯す変態淫語ママ,蕩婦、合集、淫語、數位馬賽克、中出、4小時以上作品、主觀視角、DMM獨家,多人,https://www.javbus.com/JFB-192,
HMD-38 異常緊縛性交 縛られた妻 縄調教の快楽に溺れてイキ悶える熟女たち 20人 4時間,HMD-38 異常緊縛性交 縛られた妻 縄調教の快楽に溺れてイキ悶える熟女たち 20人 4時間,HMD-38,,2019-11-22,241分鐘,,グローバルメディアエンタテインメント,ハイパーミックス（グローバルメディアエンタテインメント）,お得な総集編,SM、苗條、紧缚、合集、監禁、花癡、數位馬賽克、性奴、拘束、凌辱、中出、4小時以上作品、高畫質、出軌、戲劇、巨乳,多人,https://www.javbus.com/HMD-38,
XRW-787 大量の精子を美顔にぶっかける快感射精！30人4時間,XRW-787 大量の精子を美顔にぶっかける快感射精！30人4時間,XRW-787,,2019-11-22,239分鐘,,レアルワークス,REAL（レアルワークス）,,口交、其他戀物癖、4小時以上作品、高畫質、眼鏡、巨乳、顏射,多人,https://www.javbus.com/XRW-787,
JUSD-853 射精直前の激ピストン＆フェラチオラッシュ！！綺麗な顔にどぴゅどぴゅぶっかける大量顔射181連発 8時間,JUSD-853 射精直前の激ピストン＆フェラチオラッシュ！！綺麗な顔にどぴゅどぴゅぶっかける大量顔射181連発 8時間,JUSD-853,,2019-11-17,480分鐘,,マドンナ,Madonna,,成熟的女人、口交、合集、已婚婦女、數位馬賽克、4小時以上作品、顏射、DMM獨家,多人,https://www.javbus.com/JUSD-853,
NASH-176 本格時代劇エロドラマ くノ一 恥辱の巻,NASH-176 本格時代劇エロドラマ くノ一 恥辱の巻,NASH-176,,2019-11-08,243分鐘,,なでしこ,Nadeshiko,,成熟的女人、中出、4小時以上作品、高畫質、戲劇、女忍者、巨乳,多人,https://www.javbus.com/NASH-176,
MMIX-032 美熟女のむちむちデカ尻しわしわアナル丸見え中出しSEX8人4時間,MMIX-032 美熟女のむちむちデカ尻しわしわアナル丸見え中出しSEX8人4時間,MMIX-032,,2019-11-03,240分鐘,Pigマム,Mellow Moon（メロウムーン）,Mellow Moon（メロウムーン）,,各種職業、已婚婦女、乳房、中出、4小時以上作品、DMM獨家,多人,https://www.javbus.com/MMIX-032,
BBSS-026 責められると疼いてしまう敏感なカラダ ドMな雌犬レズビアン4時間,BBSS-026 責められると疼いてしまう敏感なカラダ ドMな雌犬レズビアン4時間,BBSS-026,,2019-11-02,240分鐘,,ビビアン,ビビアン,,SM、女同性戀、性奴、4小時以上作品、女同接吻、DMM獨家,多人,https://www.javbus.com/BBSS-026,
MCSR-361 【イライラした時に見るビデオ】「どうしてわたしがこんな目に…」人妻達の悲惨な瞬間 30人5時間,MCSR-361 【イライラした時に見るビデオ】「どうしてわたしがこんな目に…」人妻達の悲惨な瞬間 30人5時間,MCSR-361,,2019-10-26,300分鐘,メカテス武田,ビッグモーカル,マスカット,,已婚婦女、粗暴、中出、4小時以上作品、高畫質,多人,https://www.javbus.com/MCSR-361,
MCSR-362 旅館で本当にあったエッチな体験談 「今なら休憩中だから…」 現実から離れて疲れた身体を癒してくれる和服美人女将 12人4時間,MCSR-362 旅館で本当にあったエッチな体験談 「今なら休憩中だから…」 現実から離れて疲れた身体を癒してくれる和服美人女将 12人4時間,MCSR-362,,2019-10-26,240分鐘,亀ヶ島三郎,ビッグモーカル,マスカット,,和服・喪服、成熟的女人、女主人、女老板、中出、4小時以上作品、高畫質,多人,https://www.javbus.com/MCSR-362,
HMD-037 商業捕鯨再開記念作品 鯨のように噴射するドスケベ熟女の大量潮！ 10人 4時間,HMD-037 商業捕鯨再開記念作品 鯨のように噴射するドスケベ熟女の大量潮！ 10人 4時間,HMD-037,,2019-10-25,240分鐘,,グローバルメディアエンタテインメント,ハイパーミックス（グローバルメディアエンタテインメント）,お得な総集編,成熟的女人、SM、苗條、潮吹、合集、已婚婦女、數位馬賽克、性奴、拘束、凌辱、中出、4小時以上作品、高畫質、出軌、戲劇、巨乳,多人,https://www.javbus.com/HMD-037,
XRW-771 緊縛電マ責め！大量潮吹きイキ地獄 4時間,XRW-771 緊縛電マ責め！大量潮吹きイキ地獄 4時間,XRW-771,,2019-10-25,240分鐘,,レアルワークス,REAL（レアルワークス）,,口交、紧缚、潮吹、監禁、花癡、性奴、拘束、中出、4小時以上作品、女優按摩棒、高畫質,多人,https://www.javbus.com/XRW-771,
HZGB-025 絶倫男にレ×プされ、何度も絶頂する人妻の罪悪感BEST,HZGB-025 絶倫男にレ×プされ、何度も絶頂する人妻の罪悪感BEST,HZGB-025,,2019-10-25,301分鐘,,人妻花園劇場,BEST（人妻花園劇場）,,合集、已婚婦女、中出、4小時以上作品、高畫質、戲劇、巨乳,多人,https://www.javbus.com/HZGB-025,
LZPL-045 アナタの前でレズらせて！ 加藤ももか 風間ゆみ,LZPL-045 アナタの前でレズらせて！ 加藤ももか 風間ゆみ,LZPL-045,,2019-10-13,130分鐘,RIKACHANG（♀）,レズれ！,レズれ！プレイ,アナタの前でレズらせて！,女同性戀、淫語、舔陰、女同接吻、高畫質、DMM獨家,多人,https://www.javbus.com/LZPL-045,
CESD-823 ガニ股×お漏らし×失禁エクスタシー25時間32分,CESD-823 ガニ股×お漏らし×失禁エクスタシー25時間32分,CESD-823,,2019-10-07,1532分鐘,,セレブの友,セレブの友,,成熟的女人、放尿、潮吹、合集、16時間以上作品、巨乳、DMM獨家,多人,https://www.javbus.com/CESD-823,
MMIX-031 Mellow Moon 美顔熟女 ヌクときは美人がいい 超美顔8人,MMIX-031 Mellow Moon 美顔熟女 ヌクときは美人がいい 超美顔8人,MMIX-031,,2019-10-04,240分鐘,Pigマム,Mellow Moon（メロウムーン）,Mellow Moon（メロウムーン）,,成熟的女人、已婚婦女、乳房、中出、4小時以上作品、高畫質、DMM獨家,多人,https://www.javbus.com/MMIX-031,
HDKA-184 はだかの主婦総集編6人4時間Vol.10,HDKA-184 はだかの主婦総集編6人4時間Vol.10,HDKA-184,,2019-10-01,241分鐘,,プラネットプラス,裸婦趣向,裸の主婦,成熟的女人、合集、已婚婦女、中出、4小時以上作品、高畫質、巨乳,多人,https://www.javbus.com/HDKA-184,
NACX-041 珠玉の熟女短編集12人,NACX-041 珠玉の熟女短編集12人,NACX-041,,2019-10-01,244分鐘,,プラネットプラス,七狗留,,成熟的女人、合集、已婚婦女、4小時以上作品、高畫質、戲劇、巨乳,多人,https://www.javbus.com/NACX-041,
JFB-185 豊満ハミ出しボディで誘惑するムチコス痴女の下品なマラ喰い8時間BEST,JFB-185 豊満ハミ出しボディで誘惑するムチコス痴女の下品なマラ喰い8時間BEST,JFB-185,,2019-09-28,480分鐘,,Fitch,Fitch,豊満ハミ出しボディで誘惑するムチコス痴女の下品なマラ喰い,蕩婦、胖女人、合集、數位馬賽克、中出、4小時以上作品、巨尻、DMM獨家,多人,https://www.javbus.com/JFB-185,
MCSR-355 今日妻が浮気します 秋 4時間10人,MCSR-355 今日妻が浮気します 秋 4時間10人,MCSR-355,,2019-09-28,240分鐘,メカテス武田,ビッグモーカル,マスカット,今日妻が浮気します,已婚婦女、通姦、中出、4小時以上作品、高畫質、出軌、巨乳,多人,https://www.javbus.com/MCSR-355,
HMD-036 本気でオススメしたいスケベ熟女を30人収録した映像30人 4時間,HMD-036 本気でオススメしたいスケベ熟女を30人収録した映像30人 4時間,HMD-036,,2019-09-27,241分鐘,,グローバルメディアエンタテインメント,ハイパーミックス（グローバルメディアエンタテインメント）,お得な総集編,成熟的女人、苗條、母親、合集、已婚婦女、數位馬賽克、中出、4小時以上作品、高畫質、戲劇、巨乳,多人,https://www.javbus.com/HMD-036,
XRW-755 脳天直撃！麻痺する変態オナニー4時間,XRW-755 脳天直撃！麻痺する変態オナニー4時間,XRW-755,,2019-09-27,239分鐘,,レアルワークス,REAL（レアルワークス）,,藥物、已婚婦女、4小時以上作品、催眠、高畫質、校服、高中女生、巨乳、自慰,多人,https://www.javbus.com/XRW-755,
HZGB-024 煩悩をヌキ飛ばせ！平成の人妻花園劇場108タイトル全部入りBEST,HZGB-024 煩悩をヌキ飛ばせ！平成の人妻花園劇場108タイトル全部入りBEST,HZGB-024,,2019-09-27,300分鐘,,人妻花園劇場,imageII,,成熟的女人、合集、已婚婦女、通姦、中出、4小時以上作品、高畫質、出軌、戲劇、巨乳,多人,https://www.javbus.com/HZGB-024,
NCAC-154 狙われた未亡人義母,NCAC-154 狙われた未亡人義母,NCAC-154,,2019-09-27,241分鐘,,新世紀文藝社,新世紀文藝社,,成熟的女人、寡婦、中出、4小時以上作品、婆婆、高畫質,多人,https://www.javbus.com/NCAC-154,
JUSD-845 Madonna2019年上半期全190タイトルBEST8時間,JUSD-845 Madonna2019年上半期全190タイトルBEST8時間,JUSD-845,,2019-09-21,480分鐘,,マドンナ,Madonna,,成熟的女人、合集、已婚婦女、數位馬賽克、4小時以上作品、出軌、巨乳、DMM獨家,多人,https://www.javbus.com/JUSD-845,
MXSPS-620 逝きたいのに逝かせてもらえない寸止め絶頂スペシャル240,MXSPS-620 逝きたいのに逝かせてもらえない寸止め絶頂スペシャル240,MXSPS-620,,2019-09-16,240分鐘,,マキシング,MAXING,逝きたいのに逝かせてもらえない寸止めからの絶頂マ●コ破壊,玩具、合集、多P、4小時以上作品、高畫質、內衣,多人,https://www.javbus.com/MXSPS-620,
PPBD-168 爆乳娘に1ヶ月毎日日替わり中出しSEX31人8時間BEST,PPBD-168 爆乳娘に1ヶ月毎日日替わり中出しSEX31人8時間BEST,PPBD-168,,2019-09-14,480分鐘,,OPPAI,OPPAI,,合集、戀乳癖、中出、4小時以上作品、巨乳、DMM獨家,多人,https://www.javbus.com/PPBD-168,
PPBD-167 スペンス乳腺開発クリニック8タイトル大ボリューム480分BEST VOl.3,PPBD-167 スペンス乳腺開発クリニック8タイトル大ボリューム480分BEST VOl.3,PPBD-167,,2019-09-14,480分鐘,,OPPAI,OPPAI,スペンス乳腺開発クリニック,乳交、潮吹、合集、戀乳癖、4小時以上作品、巨乳、DMM獨家,多人,https://www.javbus.com/PPBD-167,
NASH-147 むっちり肉厚爆乳熟女20人VOL.3,NASH-147 むっちり肉厚爆乳熟女20人VOL.3,NASH-147,,2019-09-13,243分鐘,,なでしこ,Nadeshiko,むっちり肉厚爆乳熟女,成熟的女人、胖女人、合集、4小時以上作品、高畫質、巨乳,多人,https://www.javbus.com/NASH-147,
CESD-809 陰毛もSEXも濃すぎる剛毛熟女26時間31分8枚組,CESD-809 陰毛もSEXも濃すぎる剛毛熟女26時間31分8枚組,CESD-809,,2019-09-09,1591分鐘,,セレブの友,セレブの友,,蕩婦、成熟的女人、合集、中出、16時間以上作品、DMM獨家,多人,https://www.javbus.com/CESD-809,
CESD-810 ド淫乱痴女130人超がエゲツないまでにチ○ポを責め続ける本気SEX24時間08分8枚組,CESD-810 ド淫乱痴女130人超がエゲツないまでにチ○ポを責め続ける本気SEX24時間08分8枚組,CESD-810,,2019-09-09,1448分鐘,,セレブの友,セレブの友,,蕩婦、成熟的女人、中出、16時間以上作品、巨乳、DMM獨家,多人,https://www.javbus.com/CESD-810,
JFB-184 永久保存版！！ 貴方だけを見つめ続ける淫語中出しソープBEST16時間,JFB-184 永久保存版！！ 貴方だけを見つめ続ける淫語中出しソープBEST16時間,JFB-184,,2019-09-08,960分鐘,,Fitch,Fitch,貴方だけを見つめ続ける淫語中出しソープ,合集、妓女、淫語、數位馬賽克、中出、主觀視角、16時間以上作品、ヘルス・ソープ、DMM獨家,多人,https://www.javbus.com/JFB-184,
CESD-802 ～ワレメねっとり愛情たっぷり～本気（マジ）レズ 女神（カミ）レズ 女だけのSEX25時間5分,CESD-802 ～ワレメねっとり愛情たっぷり～本気（マジ）レズ 女神（カミ）レズ 女だけのSEX25時間5分,CESD-802,,2019-08-25,1505分鐘,,セレブの友,セレブの友,,成熟的女人、女同性戀、合集、女同接吻、16時間以上作品、DMM獨家,多人,https://www.javbus.com/CESD-802,
MCSR-351 妻に何が起こったか？ ～貞淑な人妻がどうして義父や息子とのセックスに溺れたのか～,MCSR-351 妻に何が起こったか？ ～貞淑な人妻がどうして義父や息子とのセックスに溺れたのか～,MCSR-351,,2019-08-24,242分鐘,金子次郎,ビッグモーカル,マスカット,妻に何が起こったか？,亂倫、已婚婦女、中出、4小時以上作品、高畫質、出軌,多人,https://www.javbus.com/MCSR-351,
MCSR-353 おばさんの貝合わせ 濃厚悶絶レズセックス 20人4時間,MCSR-353 おばさんの貝合わせ 濃厚悶絶レズセックス 20人4時間,MCSR-353,,2019-08-24,238分鐘,亀ヶ島三郎,ビッグモーカル,マスカット,,和服・喪服、成熟的女人、女同性戀、4小時以上作品、女同接吻、高畫質、巨乳,多人,https://www.javbus.com/MCSR-353,
XRW-740 極上ボディの騎乗位乱れ打ちファック4時間,XRW-740 極上ボディの騎乗位乱れ打ちファック4時間,XRW-740,,2019-08-23,239分鐘,,レアルワークス,REAL（レアルワークス）,,紧缚、乳房、中出、女上位、4小時以上作品、高畫質、巨乳,多人,https://www.javbus.com/XRW-740,
PPBD-165 2018年OPPAI作品コンプリートSEXラッシュBEST8時間,PPBD-165 2018年OPPAI作品コンプリートSEXラッシュBEST8時間,PPBD-165,,2019-08-16,480分鐘,,OPPAI,OPPAI,,戀乳癖、中出、4小時以上作品、女優ベスト・総集編、巨乳、DMM獨家,多人,https://www.javbus.com/PPBD-165,
NASH-124 肉厚な巨尻熟女17人,NASH-124 肉厚な巨尻熟女17人,NASH-124,,2019-08-09,243分鐘,,なでしこ,Nadeshiko,,成熟的女人、合集、已婚婦女、4小時以上作品、高畫質、巨尻、巨乳,多人,https://www.javbus.com/NASH-124,
JUSD-840 至高のオナニーライフを一ヶ月間楽しめる！！Madonna美熟女SEXカレンダー31人 16時間,JUSD-840 至高のオナニーライフを一ヶ月間楽しめる！！Madonna美熟女SEXカレンダー31人 16時間,JUSD-840,,2019-08-03,960分鐘,,マドンナ,Madonna,Madonna美熟女SEXカレンダー,成熟的女人、合集、各種職業、已婚婦女、數位馬賽克、通姦、16時間以上作品、DMM獨家,多人,https://www.javbus.com/JUSD-840,
MCSR-347 卑猥映像 絶対ヌケル！！ えげつない濃厚変態SEX4時間20人5 生々しい本気のガチイキスペシャル！！,MCSR-347 卑猥映像 絶対ヌケル！！ えげつない濃厚変態SEX4時間20人5 生々しい本気のガチイキスペシャル！！,MCSR-347,,2019-07-27,240分鐘,メカテス武田,ビッグモーカル,マスカット,四十路・五十路・還暦熟女えげつない中出しSEX,成熟的女人、纪录片、中出、高畫質,多人,https://www.javbus.com/MCSR-347,
HZGB-022 人妻の口でイキたい！NTRフェラチオ100連発！,HZGB-022 人妻の口でイキたい！NTRフェラチオ100連発！,HZGB-022,,2019-07-26,300分鐘,,人妻花園劇場,imageII,,口交、合集、已婚婦女、4小時以上作品、高畫質、出軌、戲劇、巨乳、顏射、吞精,多人,https://www.javbus.com/HZGB-022,
HMD-034 お漏らし母さん 潮吹き・失禁・溢れ出る聖水 20人 4時間,HMD-034 お漏らし母さん 潮吹き・失禁・溢れ出る聖水 20人 4時間,HMD-034,,2019-07-26,240分鐘,,グローバルメディアエンタテインメント,ハイパーミックス（グローバルメディアエンタテインメント）,,成熟的女人、放尿、SM、苗條、母親、紧缚、合集、亂倫、監禁、已婚婦女、花癡、數位馬賽克、性奴、拘束、凌辱、羞恥、中出、4小時以上作品、高畫質、出軌、戲劇、巨乳,多人,https://www.javbus.com/HMD-034,
CESD-794 アナタを挑発する淫語オナニー×お漏らしオナニー×ガニ股オナニー1557分8枚組,CESD-794 アナタを挑発する淫語オナニー×お漏らしオナニー×ガニ股オナニー1557分8枚組,CESD-794,,2019-07-21,1557分鐘,,セレブの友,セレブの友,,成熟的女人、合集、花癡、16時間以上作品、巨乳、DMM獨家、自慰,多人,https://www.javbus.com/CESD-794,
CEAD-270 デカ乳デカ尻豊満熟女がチ○ポに跨がり下品なガニ股騎乗位で杭打ちピストン！一度は体験してみたい超肉感のザーメン搾り騎乗位SEX,CEAD-270 デカ乳デカ尻豊満熟女がチ○ポに跨がり下品なガニ股騎乗位で杭打ちピストン！一度は体験してみたい超肉感のザーメン搾り騎乗位SEX,CEAD-270,,2019-07-08,157分鐘,,セレブの友,セレブの友,,成熟的女人、中出、女上位、高畫質、巨尻、巨乳、DMM獨家,多人,https://www.javbus.com/CEAD-270,
VSED-122 客の卑猥な求めにも快く応じてくれる人里離れた温泉宿の美人女将,VSED-122 客の卑猥な求めにも快く応じてくれる人里離れた温泉宿の美人女将,VSED-122,,2019-07-08,478分鐘,,シックスナイン,シックスナイン,,和服・喪服、成熟的女人、女主人、女老板、4小時以上作品、温泉、旅行,多人,https://www.javbus.com/VSED-122,
NBES-013 僕のねとられ話しを聞いてほしいスーパーBEST 8時間スペシャル part4,NBES-013 僕のねとられ話しを聞いてほしいスーパーBEST 8時間スペシャル part4,NBES-013,,2019-07-04,480分鐘,,JET映像,JET映像,僕のねとられ話しを聞いてほしい,成熟的女人、合集、4小時以上作品、出軌、巨乳、DMM獨家,多人,https://www.javbus.com/NBES-013,
JUSD-836 人妻が最も罪悪感を忘れて乱れまくる射精90秒前の激ピストン300連発,JUSD-836 人妻が最も罪悪感を忘れて乱れまくる射精90秒前の激ピストン300連発,JUSD-836,,2019-07-04,480分鐘,,マドンナ,Madonna,,成熟的女人、合集、已婚婦女、數位馬賽克、通姦、4小時以上作品、巨乳、DMM獨家,多人,https://www.javbus.com/JUSD-836,
NEY-005 濃密愛液おんなの同性愛 三章,NEY-005 濃密愛液おんなの同性愛 三章,NEY-005,,2019-07-01,179分鐘,,日本橋映像,百合（日本橋映像）,濃密愛液おんなの同性愛,成熟的女人、女同性戀、濫交、已婚婦女、多P、女同接吻、高畫質,多人,https://www.javbus.com/NEY-005,
STTCD-030 【お得セット】白水家ニューハーフ物語・ニューハーフ佐藤ひろみ＆愛川めい快楽ご奉仕激射精！！・大量ザーメン射精対決！！,STTCD-030 【お得セット】白水家ニューハーフ物語・ニューハーフ佐藤ひろみ＆愛川めい快楽ご奉仕激射精！！・大量ザーメン射精対決！！,STTCD-030,,2019-06-30,467分鐘,,TRANSCLUB,TRANSCLUB（お得セット）,,變性者、中出、肛内中出、DMM獨家、女傭、肛交,多人,https://www.javbus.com/STTCD-030,
JFB-177 クリトリスを刺激されっ放しでぶっ壊れる痙攣性交BEST8時間,JFB-177 クリトリスを刺激されっ放しでぶっ壊れる痙攣性交BEST8時間,JFB-177,,2019-06-29,480分鐘,,Fitch,Fitch,クリトリスを刺激されっ放しでぶっ壊れる痙攣性交,潮吹、合集、花癡、數位馬賽克、中出、4小時以上作品、巨乳、DMM獨家,多人,https://www.javbus.com/JFB-177,
KNMD-026 夫の不倫を知ったわたし...。熟れたわたしのアソコに想いを寄せる夫の同僚。大人の理性を狂わすのは女の嫉妬と、男の勃起したアレ...。 風間ゆみ・芹沢あづさ・天海しおり,KNMD-026 夫の不倫を知ったわたし...。熟れたわたしのアソコに想いを寄せる夫の同僚。大人の理性を狂わすのは女の嫉妬と、男の勃起したアレ...。 風間ゆみ・芹沢あづさ・天海しおり,KNMD-026,,2019-06-28,151分鐘,赤羽菊次郎,キネマ座,キネマ座,,成熟的女人、亂倫、已婚婦女、通姦、乳房、高畫質、戲劇、部下・同僚,多人,https://www.javbus.com/KNMD-026,
HZGB-021 夫以外のザーメンが膣中に欲しい！孕ませられ願望妻,HZGB-021 夫以外のザーメンが膣中に欲しい！孕ませられ願望妻,HZGB-021,,2019-06-28,301分鐘,,人妻花園劇場,人妻花園劇場,,合集、已婚婦女、凌辱、中出、4小時以上作品、高畫質、出軌、戲劇、巨乳,多人,https://www.javbus.com/HZGB-021,
NTLE-012 狂った理性 あなた許して…第一章,NTLE-012 狂った理性 あなた許して…第一章,NTLE-012,,2019-06-28,298分鐘,汁々番長,ナタリー文庫,ナタリー文庫,狂った理性あなた許して,和服・喪服、成熟的女人、已婚婦女、寡婦、中出、4小時以上作品、故事集,多人,https://www.javbus.com/NTLE-012,
HMD-033 性奴隷熟母 息子の調教にイキ狂う変態母の痴態 20人 4時間,HMD-033 性奴隷熟母 息子の調教にイキ狂う変態母の痴態 20人 4時間,HMD-033,,2019-06-28,240分鐘,,グローバルメディアエンタテインメント,ハイパーミックス（グローバルメディアエンタテインメント）,,成熟的女人、SM、苗條、母親、紧缚、合集、亂倫、監禁、已婚婦女、花癡、數位馬賽克、性奴、拘束、凌辱、羞恥、中出、4小時以上作品、高畫質、出軌、戲劇、巨乳,多人,https://www.javbus.com/HMD-033,
CESD-784 エビ反り！お漏らし！生中出し！ド淫乱熟女のイキっぱなしSEX16時間,CESD-784 エビ反り！お漏らし！生中出し！ド淫乱熟女のイキっぱなしSEX16時間,CESD-784,,2019-06-23,960分鐘,,セレブの友,セレブの友,,成熟的女人、合集、已婚婦女、中出、16時間以上作品、巨乳、DMM獨家,多人,https://www.javbus.com/CESD-784,
LZBS-047 レズれ！アクメに溺れる絶頂バスルームぐしょ濡れセックス 厳選ベスト5時間 こんなところでクリを擦り合いピクピクするオンナ達をお見せします！,LZBS-047 レズれ！アクメに溺れる絶頂バスルームぐしょ濡れセックス 厳選ベスト5時間 こんなところでクリを擦り合いピクピクするオンナ達をお見せします！,LZBS-047,,2019-06-16,300分鐘,,レズれ！,レズれ！ベスト,,女同性戀、合集、4小時以上作品、汗だく、巨乳、DMM獨家,多人,https://www.javbus.com/LZBS-047,
SVS-065 『濡れて寝取られ』油断も隙もないメス10人4時間 寝取られ快楽どうしても我慢が出来ないの,SVS-065 『濡れて寝取られ』油断も隙もないメス10人4時間 寝取られ快楽どうしても我慢が出来ないの,SVS-065,,2019-06-09,240分鐘,,AVScollector’s,AVS,,合集、4小時以上作品、高畫質、出軌、DMM獨家,多人,https://www.javbus.com/SVS-065,
HJD-003 人妻・熟女 極上100作品 8時間,HJD-003 人妻・熟女 極上100作品 8時間,HJD-003,,2019-06-06,477分鐘,,グローバルメディアエンタテインメント,ハイパー熟道,,成熟的女人、SM、苗條、母親、紧缚、合集、亂倫、監禁、已婚婦女、花癡、數位馬賽克、性奴、拘束、凌辱、羞恥、中出、4小時以上作品、高畫質、出軌、戲劇、巨乳,多人,https://www.javbus.com/HJD-003,
NACX-032 目を覚ますと友人がまさかの生チ○ポ挿入中！！旦那は隣で気づかず爆睡！友達の家で泥酔してしまった人妻7人,NACX-032 目を覚ますと友人がまさかの生チ○ポ挿入中！！旦那は隣で気づかず爆睡！友達の家で泥酔してしまった人妻7人,NACX-032,,2019-06-01,242分鐘,,プラネットプラス,七狗留,,成熟的女人、合集、已婚婦女、爛醉如泥的、4小時以上作品、高畫質,多人,https://www.javbus.com/NACX-032,
NASH-075 【赤面】絶賛オナニー中に義弟や娘婿がまさかの帰宅！絶頂寸前を目撃された義母や義姉の死ぬほど恥ずかしい体験＋α！？,NASH-075 【赤面】絶賛オナニー中に義弟や娘婿がまさかの帰宅！絶頂寸前を目撃された義母や義姉の死ぬほど恥ずかしい体験＋α！？,NASH-075,,2019-05-31,243分鐘,,なでしこ,Nadeshiko,,成熟的女人、合集、亂倫、已婚婦女、4小時以上作品、高畫質、自慰,多人,https://www.javbus.com/NASH-075,
HZGB-020 【Gカップ以上限定】激しいFUCKでブルンブルン跳ねまわる超巨乳！！！！～20名の人妻たちは限界ギリギリまでイカされた～,HZGB-020 【Gカップ以上限定】激しいFUCKでブルンブルン跳ねまわる超巨乳！！！！～20名の人妻たちは限界ギリギリまでイカされた～,HZGB-020,,2019-05-31,300分鐘,,人妻花園劇場,人妻花園劇場,,乳交、合集、已婚婦女、戀乳癖、乳房、中出、4小時以上作品、高畫質、出軌、戲劇、超乳、巨乳,多人,https://www.javbus.com/HZGB-020,
STEMAZ-033 【お得セット】イイ女限定！！たっぷり射精出来る貴方だけに語りかけるオナニー専用のオナニーDVD1・2・美熟女が貴方だけを見つめる特濃フェラチオ！,STEMAZ-033 【お得セット】イイ女限定！！たっぷり射精出来る貴方だけに語りかけるオナニー専用のオナニーDVD1・2・美熟女が貴方だけを見つめる特濃フェラチオ！,STEMAZ-033,,2019-05-30,433分鐘,,婦人社/エマニエル,エマニエル/婦人社（お得セット）,,成熟的女人、口交、潮吹、DMM獨家、自慰、打手槍,多人,https://www.javbus.com/STEMAZ-033,
STEMAZ-034 【お得セット】あなただけに語りかける！！過激美熟女マ○ビラ全開快感オナニー・笠木忍とレズれ！！・艶百合,STEMAZ-034 【お得セット】あなただけに語りかける！！過激美熟女マ○ビラ全開快感オナニー・笠木忍とレズれ！！・艶百合,STEMAZ-034,,2019-05-30,420分鐘,,婦人社/エマニエル,エマニエル/婦人社（お得セット）,,蕩婦、成熟的女人、女同性戀、變性者、DMM獨家、自慰,多人,https://www.javbus.com/STEMAZ-034,
WSP-166 マゾ乳NTR,WSP-166 マゾ乳NTR,WSP-166,,2019-05-24,241分鐘,,ワープエンタテインメント,S＋,,合集、已婚婦女、4小時以上作品、高畫質、出軌、巨乳,多人,https://www.javbus.com/WSP-166,
STEMAZ-032 【お得セット】責められ好きの方専門ビデオ！！絶対にオナニーをしたくなる痴熟女顔騎＆ザーメン狂い！ナイスな5人！！・巨乳と巨尻の美熟女厳選！！高速ピストン騎乗位ノンストップハメ狂い！！1・2,STEMAZ-032 【お得セット】責められ好きの方専門ビデオ！！絶対にオナニーをしたくなる痴熟女顔騎＆ザーメン狂い！ナイスな5人！！・巨乳と巨尻の美熟女厳選！！高速ピストン騎乗位ノンストップハメ狂い！！1・2,STEMAZ-032,,2019-05-20,362分鐘,,婦人社/エマニエル,エマニエル/婦人社（お得セット）,,蕩婦、成熟的女人、屁股、女上位、顏面騎乘、巨尻、巨乳、DMM獨家,多人,https://www.javbus.com/STEMAZ-032,
JUSD-830 2018年マドンナ全363タイトル12時間,JUSD-830 2018年マドンナ全363タイトル12時間,JUSD-830,,2019-05-19,720分鐘,,マドンナ,Madonna,○○年マドンナ全タイトル,成熟的女人、合集、各種職業、已婚婦女、數位馬賽克、4小時以上作品、戲劇、DMM獨家,多人,https://www.javbus.com/JUSD-830,
EMAZ-389 四十路・五十路の淫熟生中出しSEX50人8時間,EMAZ-389 四十路・五十路の淫熟生中出しSEX50人8時間,EMAZ-389,,2019-05-17,480分鐘,,婦人社/エマニエル,婦人社,,成熟的女人、合集、亂倫、已婚婦女、中出、4小時以上作品、DMM獨家,多人,https://www.javbus.com/EMAZ-389,
DDT-616 淫語パイズラーベスト,DDT-616 淫語パイズラーベスト,DDT-616,,2019-05-17,243分鐘,,ドグマ,Dogma,淫語パイズラー,蕩婦、乳交、合集、淫語、4小時以上作品、高畫質、巨尻、DMM獨家,多人,https://www.javbus.com/DDT-616,
CESD-765 翔田千里21時間39分ベスト,CESD-765 翔田千里21時間39分ベスト,CESD-765,,2019-05-12,1299分鐘,,セレブの友,セレブの友,,成熟的女人、中出、出軌、女優ベスト・総集編、16時間以上作品、巨乳、DMM獨家,多人,https://www.javbus.com/CESD-765,
DXDB-038 拷虐の嵐に意識が飛ぶまでイカされる 熟肉女体の凄まじい処刑映像 BLACK BABY DARKNESS BEST,DXDB-038 拷虐の嵐に意識が飛ぶまでイカされる 熟肉女体の凄まじい処刑映像 BLACK BABY DARKNESS BEST,DXDB-038,,2019-04-21,238分鐘,,BabyEntertainment,BLACKBABY,,成熟的女人、性奴、拘束、凌辱、折磨、DMM獨家,多人,https://www.javbus.com/DXDB-038,
CESD-757 淫語連発！デカ尻杭打ちピストン！多人数チ○ポの同時ヌキ！ド淫乱痴女の本気SEX26時間8枚組,CESD-757 淫語連発！デカ尻杭打ちピストン！多人数チ○ポの同時ヌキ！ド淫乱痴女の本気SEX26時間8枚組,CESD-757,,2019-04-21,1560分鐘,,セレブの友,セレブの友,,蕩婦、成熟的女人、中出、16時間以上作品、巨乳、DMM獨家,多人,https://www.javbus.com/CESD-757,
DDT-614 桃尻・デカ尻・淫乱尻の女たち,DDT-614 桃尻・デカ尻・淫乱尻の女たち,DDT-614,,2019-04-14,240分鐘,,ドグマ,Dogma,,合集、屁股、花癡、4小時以上作品、高畫質、巨尻、DMM獨家,多人,https://www.javbus.com/DDT-614,
EMAZ-388 熟女がガニ股でオマ○コ見せつけるド淫乱オナニー8時間,EMAZ-388 熟女がガニ股でオマ○コ見せつけるド淫乱オナニー8時間,EMAZ-388,,2019-04-14,480分鐘,,婦人社/エマニエル,婦人社,,成熟的女人、合集、4小時以上作品、按摩棒、巨乳、DMM獨家、自慰,多人,https://www.javbus.com/EMAZ-388,
STEMAZ-019 【お得セット】露恥裏巨乳巨尻W熟女2・露恥裏イキマクリ美熟女・露恥裏プレミアム美熟女,STEMAZ-019 【お得セット】露恥裏巨乳巨尻W熟女2・露恥裏イキマクリ美熟女・露恥裏プレミアム美熟女,STEMAZ-019,,2019-04-10,406分鐘,,婦人社/エマニエル,エマニエル/婦人社（お得セット）,,成熟的女人、野外・露出、潮吹、多P、巨尻、巨乳、DMM獨家,多人,https://www.javbus.com/STEMAZ-019,
WWW-005 Monthly2時間 撮れたて素材まんま出し 5,WWW-005 Monthly2時間 撮れたて素材まんま出し 5,WWW-005,,2019-04-09,107分鐘,,ワープエンタテインメント,W*,Monthly2時間,角色扮演、蕩婦、業餘、野外・露出、淫語、巨乳,多人,https://www.javbus.com/WWW-005,
NBES-010 JET映像3年間の集大成 フェラチオNTR100人BEST8時間,NBES-010 JET映像3年間の集大成 フェラチオNTR100人BEST8時間,NBES-010,,2019-04-04,480分鐘,,JET映像,JET映像,,成熟的女人、合集、已婚婦女、4小時以上作品、出軌、DMM獨家,多人,https://www.javbus.com/NBES-010,
AVS-022 AVSCollector’s2018年間 SPECIAL BESTカタログ,AVS-022 AVSCollector’s2018年間 SPECIAL BESTカタログ,AVS-022,,2019-03-23,241分鐘,,AVScollector’s,AVS,エーヴィエスカタログ,成熟的女人、紧缚、合集、已婚婦女、中出、4小時以上作品、高畫質、DMM獨家,多人,https://www.javbus.com/AVS-022,
JUSD-822 マドンナ歴代の超大作がここに集結ー。 美熟女オールスター夢の大共演BEST 8時間,JUSD-822 マドンナ歴代の超大作がここに集結ー。 美熟女オールスター夢の大共演BEST 8時間,JUSD-822,,2019-03-22,480分鐘,,マドンナ,Madonna,,成熟的女人、濫交、合集、已婚婦女、多P、數位馬賽克、4小時以上作品、DMM獨家,多人,https://www.javbus.com/JUSD-822,
NASH-032 実は超どストライクだった母と混浴で二人きり…子供だからと油断して無防備に晒した裸体にギンギンに勃起した僕が犯した過ちの一部始終。,NASH-032 実は超どストライクだった母と混浴で二人きり…子供だからと油断して無防備に晒した裸体にギンギンに勃起した僕が犯した過ちの一部始終。,NASH-032,,2019-03-22,239分鐘,長澤純,なでしこ,Nadeshiko,,和服・喪服、成熟的女人、母親、亂倫、中出、4小時以上作品、高畫質、戲劇,多人,https://www.javbus.com/NASH-032,
JUSD-821 2018年下半期全184タイトルBEST8時間,JUSD-821 2018年下半期全184タイトルBEST8時間,JUSD-821,,2019-03-22,480分鐘,,マドンナ,Madonna,,成熟的女人、合集、已婚婦女、數位馬賽克、4小時以上作品、出軌、巨乳、DMM獨家,多人,https://www.javbus.com/JUSD-821,
NASH-029 緊縛近親遊戯 えげつない縄調教に堕ちた娘たち…,NASH-029 緊縛近親遊戯 えげつない縄調教に堕ちた娘たち…,NASH-029,,2019-03-22,242分鐘,,なでしこ,Nadeshiko,,紧缚、亂倫、性奴、4小時以上作品、高畫質、高中女生,多人,https://www.javbus.com/NASH-029,
EMRD-123 誘惑の巨乳爆乳巨尻痴女50人8時間,EMRD-123 誘惑の巨乳爆乳巨尻痴女50人8時間,EMRD-123,,2019-03-17,480分鐘,,エンペラー/妄想族,エンペラー（エンペラー/妄想族）,,蕩婦、合集、花癡、中出、4小時以上作品、巨乳、DMM獨家,多人,https://www.javbus.com/EMRD-123,
EMAZ-387 四十路・五十路の凄テク精液搾りフェラチオ8時間,EMAZ-387 四十路・五十路の凄テク精液搾りフェラチオ8時間,EMAZ-387,,2019-03-17,480分鐘,,婦人社/エマニエル,婦人社,,成熟的女人、口交、合集、亂倫、已婚婦女、4小時以上作品、DMM獨家,多人,https://www.javbus.com/EMAZ-387,
MCSR-336 卑猥映像 絶対ヌケル！！ 四十路・五十路・還暦熟女 えげつない濃厚変態SEX4時間 4 生々しい本気のガチイキスペシャル！！,MCSR-336 卑猥映像 絶対ヌケル！！ 四十路・五十路・還暦熟女 えげつない濃厚変態SEX4時間 4 生々しい本気のガチイキスペシャル！！,MCSR-336,,2019-03-16,240分鐘,金子次郎,ビッグモーカル,マスカット,四十路・五十路・還暦熟女えげつない中出しSEX,成熟的女人、紧缚、纪录片、多P、4小時以上作品、高畫質,多人,https://www.javbus.com/MCSR-336,
CESD-730 僕が愛したリアルダッチドール ベスト8枚組,CESD-730 僕が愛したリアルダッチドール ベスト8枚組,CESD-730,,2019-03-11,1284分鐘,,セレブの友,セレブの友,僕が愛したリアルダッチドール,成熟的女人、合集、中出、戲劇、16時間以上作品、巨乳、DMM獨家,多人,https://www.javbus.com/CESD-730,
JUSD-819 夫以外に膣内射精を求める妊娠覚悟の不貞中出し性交 総集編8時間,JUSD-819 夫以外に膣内射精を求める妊娠覚悟の不貞中出し性交 総集編8時間,JUSD-819,,2019-03-06,480分鐘,,マドンナ,Madonna,,成熟的女人、合集、已婚婦女、數位馬賽克、通姦、中出、4小時以上作品、DMM獨家,多人,https://www.javbus.com/JUSD-819,
CESD-725 美巨乳熟女はお好きですか…？おっぱい尽くしの淫らSEX20時間16分,CESD-725 美巨乳熟女はお好きですか…？おっぱい尽くしの淫らSEX20時間16分,CESD-725,,2019-02-24,1216分鐘,,セレブの友,セレブの友,,成熟的女人、濫交、乳交、16時間以上作品、巨乳、DMM獨家,多人,https://www.javbus.com/CESD-725,
NASH-013 熟女残虐中出し懲罰,NASH-013 熟女残虐中出し懲罰,NASH-013,,2019-02-22,141分鐘,金子次郎,なでしこ,Nadeshiko,,成熟的女人、已婚婦女、凌辱、中出、高畫質,多人,https://www.javbus.com/NASH-013,
HZGB-017 他人棒ガン突きイカセ巨尻妻,HZGB-017 他人棒ガン突きイカセ巨尻妻,HZGB-017,,2019-02-22,301分鐘,,人妻花園劇場,人妻花園劇場,,合集、已婚婦女、戀乳癖、屁股、4小時以上作品、高畫質、出軌、戲劇、巨乳、內衣,多人,https://www.javbus.com/HZGB-017,
HMD-030 息子が母を犯す瞬間 抵抗できない近親快楽 4時間20人,HMD-030 息子が母を犯す瞬間 抵抗できない近親快楽 4時間20人,HMD-030,,2019-02-22,240分鐘,,グローバルメディアエンタテインメント,ハイパーミックス（グローバルメディアエンタテインメント）,息子が母を犯す瞬間,成熟的女人、母親、已婚婦女、數位馬賽克、4小時以上作品、高畫質、巨乳,多人,https://www.javbus.com/HMD-030,
EMRD-121 巨乳爆乳美女たちがオッパイ揺らして悶絶絶頂！無理やり乳嬲り強制アクメ50連発！！,EMRD-121 巨乳爆乳美女たちがオッパイ揺らして悶絶絶頂！無理やり乳嬲り強制アクメ50連発！！,EMRD-121,,2019-02-17,480分鐘,,エンペラー/妄想族,エンペラー（エンペラー/妄想族）,,中出、4小時以上作品、超乳、巨尻、巨乳、DMM獨家,多人,https://www.javbus.com/EMRD-121,
LZBS-043 レズれ！ペニバンセックス 厳選ベスト5時間2 さらに愛が激化したオンナたちの猛烈ピストン膣奥イキ！お見せします！,LZBS-043 レズれ！ペニバンセックス 厳選ベスト5時間2 さらに愛が激化したオンナたちの猛烈ピストン膣奥イキ！お見せします！,LZBS-043,,2019-02-17,300分鐘,,レズれ！,レズれ！ベスト,レズれ！ペニバンセックス厳選ベスト,玩具、女同性戀、合集、多P、4小時以上作品、DMM獨家,多人,https://www.javbus.com/LZBS-043,
DTKM-021 嫁姑問題勃発！！俺の妻と母が修羅場すぎて困ってます！！ DTKM-021,DTKM-021 嫁姑問題勃発！！俺の妻と母が修羅場すぎて困ってます！！ DTKM-021,DTKM-021,,2019-02-11,200分鐘,桜大和,タカラ映像,タカラ映像,嫁姑問題勃発！！俺の妻と母が修羅場すぎて困ってます！！,成熟的女人、亂倫、已婚婦女,多人,https://www.javbus.com/DTKM-021,
STCESD-062 【お得セット】AV女優禁止・風間ゆみ×川上ゆう 挑戦（チャレンジ）SEX9射精・僕が愛したリアルダッチドール 風間ゆみ 川上ゆう,STCESD-062 【お得セット】AV女優禁止・風間ゆみ×川上ゆう 挑戦（チャレンジ）SEX9射精・僕が愛したリアルダッチドール 風間ゆみ 川上ゆう,STCESD-062,,2019-02-10,0分鐘,,セレブの友,セレブの友（お得セット）,,成熟的女人、多P、中出、主觀視角、高畫質、巨乳、DMM獨家,多人,https://www.javbus.com/STCESD-062,
SVS-063 調教拘束奴隷 快楽の羞恥調教10人4時間,SVS-063 調教拘束奴隷 快楽の羞恥調教10人4時間,SVS-063,,2019-02-10,240分鐘,,AVScollector’s,AVS,,紧缚、性奴、拘束、4小時以上作品、高畫質、DMM獨家,多人,https://www.javbus.com/SVS-063,
STEMAZ-003 【お得セット】イキまくっても失神しても絶対に止めない有名女優ノンストップ5P！！ 3・カリスマ艶女風間ゆみが採れたて新人ロリ娘と調教初レズ＆4p潮吹き大乱交！！・新人ソープ嬢 風間ゆみでございます。～極上美熟女が真心込めて…,STEMAZ-003 【お得セット】イキまくっても失神しても絶対に止めない有名女優ノンストップ5P！！ 3・カリスマ艶女風間ゆみが採れたて新人ロリ娘と調教初レズ＆4p潮吹き大乱交！！・新人ソープ嬢 風間ゆみでございます。～極上美熟女が真心込めて…,STEMAZ-003,,2019-02-10,407分鐘,,婦人社/エマニエル,エマニエル/婦人社（お得セット）,,成熟的女人、女同性戀、濫交、妓女、性奴、DMM獨家,多人,https://www.javbus.com/STEMAZ-003,
NASH-001 熟れた性奴隷,NASH-001 熟れた性奴隷,NASH-001,,2019-02-08,241分鐘,,なでしこ,Nadeshiko,,成熟的女人、亂倫、已婚婦女、性奴、4小時以上作品、高畫質、巨乳,多人,https://www.javbus.com/NASH-001,
JUSD-816 夫の上司に犯され続けて7日目、私は理性を失った…。～理性を失った7日目編～ 全28タイトル16時間BEST,JUSD-816 夫の上司に犯され続けて7日目、私は理性を失った…。～理性を失った7日目編～ 全28タイトル16時間BEST,JUSD-816,,2019-02-02,960分鐘,,マドンナ,Madonna,夫の上司に犯され続けて7日目、私は理性を失った…。,成熟的女人、合集、已婚婦女、數位馬賽克、凌辱、羞恥、16時間以上作品、DMM獨家,多人,https://www.javbus.com/JUSD-816,
