标题,名称,識別碼,發行日期,長度,導演,製作商,發行商,系列,類別,演員,详情页
JAV-98426 ジャパニーズ BJs,JAV-98426 ジャパニーズ BJs,JAV-98426,2016-11-03,0分鐘,,JAV1モデル,,,手淫、女僕、凌辱、口內射精、口交、美人、巨乳、潤滑油、電動按摩器、美肌、自慰,多人,https://www.javbus.com/JAV-98426
Jukujo-5631 極上のズリネタ女 中森玲子編,Jukujo-5631 極上のズリネタ女 中森玲子編,Jukujo-5631,2015-04-18,71分鐘,,熟女倶楽部,,若妻,口交、巨乳、連褲襪、豐滿、同性戀,多人,https://www.javbus.com/Jukujo-5631
Jukujo-5623 極上のズリネタ女 中森玲子 川峯さくら編,Jukujo-5623 極上のズリネタ女 中森玲子 川峯さくら編,Jukujo-5623,2015-04-11,59分鐘,,熟女倶楽部,,三十路,口交、自慰、顏射,多人,https://www.javbus.com/Jukujo-5623
Jukujo-4105 着エロ美熟女 中森玲子 第3話,Jukujo-4105 着エロ美熟女 中森玲子 第3話,Jukujo-4105,2012-11-28,45分鐘,,熟女倶楽部,,,,中森玲子,https://www.javbus.com/Jukujo-4105
Jukujo-4099 着エロ美熟女 中森玲子 第2話,Jukujo-4099 着エロ美熟女 中森玲子 第2話,Jukujo-4099,2012-11-23,49分鐘,,熟女倶楽部,,,,中森玲子,https://www.javbus.com/Jukujo-4099
Jukujo-4097 着エロ美熟女 中森玲子 第1話,Jukujo-4097 着エロ美熟女 中森玲子 第1話,Jukujo-4097,2012-11-21,42分鐘,,熟女倶楽部,,,,中森玲子,https://www.javbus.com/Jukujo-4097
Jukujo-3987 中森玲子 初裏無修正動画 100cmHカップの爆乳三十路のエロすぎるセックス 第3話,Jukujo-3987 中森玲子 初裏無修正動画 100cmHカップの爆乳三十路のエロすぎるセックス 第3話,Jukujo-3987,2012-09-29,40分鐘,,熟女倶楽部,,,,中森玲子,https://www.javbus.com/Jukujo-3987
Jukujo-3986 中森玲子 初裏無修正動画 100cmHカップの爆乳三十路のエロすぎるセックス 第2話,Jukujo-3986 中森玲子 初裏無修正動画 100cmHカップの爆乳三十路のエロすぎるセックス 第2話,Jukujo-3986,2012-09-25,42分鐘,,熟女倶楽部,,,,中森玲子,https://www.javbus.com/Jukujo-3986
Jukujo-3985 中森玲子 初裏無修正動画 100cmHカップの爆乳三十路のエロすぎるセックス 第1話,Jukujo-3985 中森玲子 初裏無修正動画 100cmHカップの爆乳三十路のエロすぎるセックス 第1話,Jukujo-3985,2012-09-20,53分鐘,,熟女倶楽部,,,,中森玲子,https://www.javbus.com/Jukujo-3985
"RHJ-155 レッドホットジャム Vol.155 レッドホットジャム スペシャルボックス 女優14名 240分 : 小澤アリア, 伊東美咲風, 中森玲子, 織澤リル, 長月ラム, 椎名りく, 月野姫, 水朝美樹,","RHJ-155 レッドホットジャム Vol.155 レッドホットジャム スペシャルボックス 女優14名 240分 : 小澤アリア, 伊東美咲風, 中森玲子, 織澤リル, 長月ラム, 椎名りく, 月野姫, 水朝美樹,",RHJ-155,2010-08-24,240分鐘,,レッドホットコレクション,,レッドホットジャム,,多人,https://www.javbus.com/RHJ-155
061210-398 爆乳セレクション Vol.1,061210-398 爆乳セレクション Vol.1,061210-398,2010-06-12,60分鐘,,カリビアンコム,,,巨乳、美乳、痴女、乳交、打飛機、淫語、口交、奴役、獨佔動畫、最佳合集,多人,https://www.javbus.com/061210-398
RHJ-100 レッドホットジャム Vol.100 ふしだらの虜 : 中森玲子,RHJ-100 レッドホットジャム Vol.100 ふしだらの虜 : 中森玲子,RHJ-100,2009-07-21,120分鐘,,レッドホットコレクション,,レッドホットジャム,,中森玲子,https://www.javbus.com/RHJ-100
032509-019 ふしだらの虜 Vol.8,032509-019 ふしだらの虜 Vol.8,032509-019,2009-03-25,60分鐘,,カリビアンコム,,カリビアンコム,振動、舔陰、內射、巨乳、痴女、乳交、口內射精、口交、獨佔動畫、人氣系列,中森玲子,https://www.javbus.com/032509-019
013109-975 ダイナマイト,013109-975 ダイナマイト,013109-975,2009-01-31,60分鐘,,カリビアンコム,,カリビアンコム,振動、亂交、顏射、舔陰、手淫、內射、乳交、美臀、首次、口交、獨佔動畫,中森玲子,https://www.javbus.com/013109-975
JQRE-030 【AIリマスター】ジョギング・ミセス 中森玲子,JQRE-030 【AIリマスター】ジョギング・ミセス 中森玲子,JQRE-030,2026-08-11,118分鐘,,マドンナ,Re:Madonna/AIリマスター,○○・ミセス,成熟的女人、野外・露出、已婚婦女、通姦、高畫質、アスリート、單體作品、DMM獨家,中森玲子,https://www.javbus.com/JQRE-030
FXAIH-346 【AIリマスター版】 ヘンリー塚本監督作品 三十路女の世間によくある話し 熟女,FXAIH-346 【AIリマスター版】 ヘンリー塚本監督作品 三十路女の世間によくある話し 熟女,FXAIH-346,2026-06-27,166分鐘,ヘンリー塚本,FAプロ,FAプロ,世間によくある○○,成熟的女人、花癡、高畫質、戲劇、故事集、巨乳、DMM獨家,多人,https://www.javbus.com/FXAIH-346
MCSR-51302 落ちる団地妻,MCSR-51302 落ちる団地妻,MCSR-51302,2026-04-24,75分鐘,,いきなりエロざんまい,いきなりエロざんまい,団地妻の秘密,業餘、已婚婦女、纪录片、通姦、高畫質、巨乳,多人,https://www.javbus.com/MCSR-51302
MCSR-627 極上爆乳妻15人300分,MCSR-627 極上爆乳妻15人300分,MCSR-627,2026-04-24,300分鐘,,ビッグモーカル,マスカット,極上爆乳妻,已婚婦女、通姦、中出、4小時以上作品、高畫質、出軌、超乳、巨乳、アクメ・オーガズム,多人,https://www.javbus.com/MCSR-627
MCSR-62704 巨乳どころじゃないデカ乳！！爆揺れおっぱい＆情報量が多すぎるドスケベセックス,MCSR-62704 巨乳どころじゃないデカ乳！！爆揺れおっぱい＆情報量が多すぎるドスケベセックス,MCSR-62704,2026-04-24,60分鐘,,いきなりエロざんまい,いきなりエロざんまい,爆乳をパコり尽くす！！,已婚婦女、通姦、高畫質、出軌、超乳、巨乳、アクメ・オーガズム,多人,https://www.javbus.com/MCSR-62704
HYAS-147 濃密熟女浴場 泡々ぬるベチョ快楽ご奉仕で至高の射精に導く濃厚ソープ 100人 8時間,HYAS-147 濃密熟女浴場 泡々ぬるベチョ快楽ご奉仕で至高の射精に導く濃厚ソープ 100人 8時間,HYAS-147,2026-03-20,480分鐘,,ケイ・エム・プロデュース,100人,,成熟的女人、合集、妓女、4小時以上作品、高畫質、巨乳、DMM獨家,多人,https://www.javbus.com/HYAS-147
OOMNVD-011 【限界85連発】無防備なパンチラ・胸チラ・着替え 生々しく覗く無警戒な人妻の日常生活,OOMNVD-011 【限界85連発】無防備なパンチラ・胸チラ・着替え 生々しく覗く無警戒な人妻の日常生活,OOMNVD-011,2026-01-31,419分鐘,,ABC/妄想族,お母さん.com（ABC/妄想族）,,成熟的女人、苗條、母親、其他戀物癖、合集、4小時以上作品、DMM專屬、巨乳、妄想族、DMM獨家,多人,https://www.javbus.com/OOMNVD-011
JQRE-018 【AIリマスター】マドンナファンの集い 美熟女と行く混浴温泉バスツアー 4 翔田千里 友田真希 北原夏美 倖田李梨,JQRE-018 【AIリマスター】マドンナファンの集い 美熟女と行く混浴温泉バスツアー 4 翔田千里 友田真希 北原夏美 倖田李梨,JQRE-018,2025-08-11,476分鐘,,マドンナ,Re:Madonna/AIリマスター,美熟女と行く混浴温泉バスツアー,成熟的女人、濫交、已婚婦女、纪录片、4小時以上作品、高畫質、温泉、DMM獨家,多人,https://www.javbus.com/JQRE-018
HMIX-047 驚愕！！ 人妻レ●プ事件 無理やり肉棒を捻じ込まれ中出し！！ 嗚咽と嬌声が響く衝撃の強●現場 20人 4時間,HMIX-047 驚愕！！ 人妻レ●プ事件 無理やり肉棒を捻じ込まれ中出し！！ 嗚咽と嬌声が響く衝撃の強●現場 20人 4時間,HMIX-047,2025-07-19,240分鐘,,グローバルメディアエンタテインメント,ハイパーミックス（グローバルメディアエンタテインメント）,お得な総集編,成熟的女人、合集、已婚婦女、4小時以上作品、高畫質、DMM獨家,多人,https://www.javbus.com/HMIX-047
ZOOO-201 白昼の悪夢 極悪男に蹂躙された美熟女たち 慰み者となり見知らぬ男の肉棒を捩じ込まれ嗚咽まじりにイキ悶える！！ 12名収録 240分,ZOOO-201 白昼の悪夢 極悪男に蹂躙された美熟女たち 慰み者となり見知らぬ男の肉棒を捩じ込まれ嗚咽まじりにイキ悶える！！ 12名収録 240分,ZOOO-201,2025-06-12,242分鐘,,ZOOO,ZOOO,,成熟的女人、合集、已婚婦女、凌辱、4小時以上作品、高畫質,多人,https://www.javbus.com/ZOOO-201
AIKSD-012 【AIリマスター版】しつけてください 若妻・奴●志願 中森玲子,AIKSD-012 【AIリマスター版】しつけてください 若妻・奴●志願 中森玲子,AIKSD-012,2025-05-30,106分鐘,,ドリームチケット,WAAPグループ AIリマスター,しつけてください,SM、紧缚、已婚婦女、凌辱、高畫質、單體作品,中森玲子,https://www.javbus.com/AIKSD-012
FXAIH-361 【AIリマスター版】ヘンリー塚本監督作品 奴●制度復活 性欲処理専用人間,FXAIH-361 【AIリマスター版】ヘンリー塚本監督作品 奴●制度復活 性欲処理専用人間,FXAIH-361,2025-04-30,120分鐘,ヘンリー塚本,FAプロ,FAプロ,戦争（FAプロ）,花癡、拘束、高畫質、故事集、汗だく、黑暗系統、巨乳、DMM獨家,多人,https://www.javbus.com/FXAIH-361
JQRE-012 【AIリマスター】丸ごと！中森玲子 SPECIAL16時間 ～マドンナ出演作19タイトル完全網羅～,JQRE-012 【AIリマスター】丸ごと！中森玲子 SPECIAL16時間 ～マドンナ出演作19タイトル完全網羅～,JQRE-012,2025-04-22,959分鐘,,マドンナ,Re:Madonna/AIリマスター,丸ごと！○○8時間,蕩婦、成熟的女人、已婚婦女、4小時以上作品、高畫質、女優ベスト・総集編、巨乳、單體作品、DMM獨家,中森玲子,https://www.javbus.com/JQRE-012
VNDS-5220 美人妻の喘ぎ180分,VNDS-5220 美人妻の喘ぎ180分,VNDS-5220,2025-03-20,180分鐘,,ネクスト,ネクストイレブン,,成熟的女人、苗條、中出、高畫質、戲劇、巨乳,多人,https://www.javbus.com/VNDS-5220
ZOOO-185 黒人輪●凌● 日本人美熟女に突き刺さる規格外デカチン！！ えげつないマ●コ破壊中出しFUCK！！ 11名収録 240分,ZOOO-185 黒人輪●凌● 日本人美熟女に突き刺さる規格外デカチン！！ えげつないマ●コ破壊中出しFUCK！！ 11名収録 240分,ZOOO-185,2025-03-18,242分鐘,,ZOOO,ZOOO,,監禁、已婚婦女、多P、中出、4小時以上作品、高畫質、黑人演員,多人,https://www.javbus.com/ZOOO-185
FXAIH-354 【AIリマスター版】ヘンリー塚本監督作品 昭和性犯罪 通り魔犯行,FXAIH-354 【AIリマスター版】ヘンリー塚本監督作品 昭和性犯罪 通り魔犯行,FXAIH-354,2025-01-31,124分鐘,ヘンリー塚本,FAプロ,FAプロ,昭和性犯罪,花癡、高畫質、戲劇、故事集、汗だく、黑暗系統、巨乳、DMM獨家,多人,https://www.javbus.com/FXAIH-354
OOMNVD-005 人妻達の日常風景 無防備チラリズムBEST 胸チラ・パンチラ 85名 7時間,OOMNVD-005 人妻達の日常風景 無防備チラリズムBEST 胸チラ・パンチラ 85名 7時間,OOMNVD-005,2025-01-01,421分鐘,,ABC/妄想族,お母さん.com（ABC/妄想族）,,成熟的女人、合集、已婚婦女、偷窥、4小時以上作品、DMM專屬、妄想族、DMM獨家、內衣,多人,https://www.javbus.com/OOMNVD-005
NSFS-323 【AIリマスター版】揉まれる吸われる！妻のおっぱい 名作永久保存版4時間,NSFS-323 【AIリマスター版】揉まれる吸われる！妻のおっぱい 名作永久保存版4時間,NSFS-323,2024-10-05,266分鐘,ながえ,ながえスタイル,ながえSTYLE,揉まれる吸われる！妻のおっぱい,合集、已婚婦女、戀乳癖、4小時以上作品、戲劇、DMM獨家,多人,https://www.javbus.com/NSFS-323
VHDX-016 解禁！初HD化作品 まるごと収録BOX 16 15作品 1420分,VHDX-016 解禁！初HD化作品 まるごと収録BOX 16 15作品 1420分,VHDX-016,2024-09-29,1445分鐘,,VENUS,HDコンプリート,初HD化作品まるごと収録BOX,成熟的女人、已婚婦女、中出、高畫質、DMM專屬、16時間以上作品、設置項目、巨乳、福袋、DMM獨家,多人,https://www.javbus.com/VHDX-016
FKBD-016 【福袋】しつけてください32時間！ シリーズ18タイトルまるごと 1962分！緊縛に悶える美人妻18名,FKBD-016 【福袋】しつけてください32時間！ シリーズ18タイトルまるごと 1962分！緊縛に悶える美人妻18名,FKBD-016,2024-09-24,1962分鐘,,ドリームチケット,,WAAPグループ福袋,SM、紧缚、合集、多P、深喉、高畫質、16時間以上作品、福袋,多人,https://www.javbus.com/FKBD-016
VHDX-014 解禁！初HD化作品 まるごと収録BOX 14 30作品 46時間40分,VHDX-014 解禁！初HD化作品 まるごと収録BOX 14 30作品 46時間40分,VHDX-014,2024-09-24,2872分鐘,,VENUS,HDコンプリート,初HD化作品まるごと収録BOX,成熟的女人、合集、已婚婦女、中出、高畫質、DMM專屬、16時間以上作品、設置項目、巨乳、福袋、DMM獨家,多人,https://www.javbus.com/VHDX-014
VHDX-012 解禁！初HD化作品 まるごと収録BOX 12 30作品 45時間0分,VHDX-012 解禁！初HD化作品 まるごと収録BOX 12 30作品 45時間0分,VHDX-012,2024-08-27,2772分鐘,,VENUS,HDコンプリート,初HD化作品まるごと収録BOX,成熟的女人、合集、已婚婦女、中出、高畫質、DMM專屬、16時間以上作品、設置項目、巨乳、福袋、DMM獨家,多人,https://www.javbus.com/VHDX-012
NAGAE-018 【AIリマスター版】【夏の超お得セット】不倫淫乱妻 オールAIリマスター総勢38人21時間,NAGAE-018 【AIリマスター版】【夏の超お得セット】不倫淫乱妻 オールAIリマスター総勢38人21時間,NAGAE-018,2024-08-15,1286分鐘,ながえ,ながえスタイル,ながえSTYLE,AIリマスター（ながえスタイル）,成熟的女人、已婚婦女、高畫質、戲劇、16時間以上作品、設置項目、DMM獨家,多人,https://www.javbus.com/NAGAE-018
VHDX-010 解禁！初HD化作品 まるごと収録BOX 10 29作品 44時間25分,VHDX-010 解禁！初HD化作品 まるごと収録BOX 10 29作品 44時間25分,VHDX-010,2024-07-23,2710分鐘,,VENUS,HDコンプリート,初HD化作品まるごと収録BOX,成熟的女人、合集、已婚婦女、中出、高畫質、DMM專屬、16時間以上作品、設置項目、巨乳、福袋、DMM獨家,多人,https://www.javbus.com/VHDX-010
VHDX-009 解禁！初HD化作品 まるごと収録BOX 9 30作品 45時間10分,VHDX-009 解禁！初HD化作品 まるごと収録BOX 9 30作品 45時間10分,VHDX-009,2024-07-09,2783分鐘,,VENUS,HDコンプリート,初HD化作品まるごと収録BOX,成熟的女人、合集、已婚婦女、中出、高畫質、DMM專屬、16時間以上作品、設置項目、巨乳、福袋、DMM獨家,多人,https://www.javbus.com/VHDX-009
VHDX-007 解禁！初HD化作品 まるごと収録BOX 7 30作品 42時間55分,VHDX-007 解禁！初HD化作品 まるごと収録BOX 7 30作品 42時間55分,VHDX-007,2024-06-11,2647分鐘,,VENUS,HDコンプリート,,成熟的女人、合集、已婚婦女、中出、高畫質、DMM專屬、16時間以上作品、設置項目、巨乳、DMM獨家,多人,https://www.javbus.com/VHDX-007
NSPS-384 【AIリマスター版】投稿実話 妻がまわされた,NSPS-384 【AIリマスター版】投稿実話 妻がまわされた,NSPS-384,2024-05-30,147分鐘,ながえ,ながえスタイル,ながえSTYLE,AIリマスター（ながえスタイル）,成熟的女人、已婚婦女、通姦、中出、高畫質、戲劇、DMM獨家,多人,https://www.javbus.com/NSPS-384
VHDX-005 【HD版・初配信】 VENUS15周年記念 解禁！初HD化作品 まるごと収録BOX 5 30作品 44時間20分,VHDX-005 【HD版・初配信】 VENUS15周年記念 解禁！初HD化作品 まるごと収録BOX 5 30作品 44時間20分,VHDX-005,2024-05-14,2729分鐘,,VENUS,HDコンプリート,初HD化作品まるごと収録BOX,成熟的女人、合集、已婚婦女、中出、高畫質、DMM專屬、16時間以上作品、設置項目、巨乳、DMM獨家,多人,https://www.javbus.com/VHDX-005
NASK-062 衝撃の人妻レ●プ 驚愕の白昼強●劇！！ 凶悪男に犯●れ悶え泣く女たち 7人4時間,NASK-062 衝撃の人妻レ●プ 驚愕の白昼強●劇！！ 凶悪男に犯●れ悶え泣く女たち 7人4時間,NASK-062,2024-05-11,241分鐘,,なでしこ,Nadeshiko,,成熟的女人、合集、凌辱、4小時以上作品、高畫質、DMM獨家,多人,https://www.javbus.com/NASK-062
VHDX-002 【HD版・初配信】 VENUS15周年記念 解禁！初HD化作品 まるごと収録BOX 2 30作品 44時間0分,VHDX-002 【HD版・初配信】 VENUS15周年記念 解禁！初HD化作品 まるごと収録BOX 2 30作品 44時間0分,VHDX-002,2024-03-26,2713分鐘,,VENUS,HDコンプリート,初HD化作品まるごと収録BOX,成熟的女人、合集、已婚婦女、中出、高畫質、DMM專屬、16時間以上作品、設置項目、巨乳、DMM獨家,多人,https://www.javbus.com/VHDX-002
GMSP-006 【福袋】【黒人巨大マラ】日本人美女に突き刺さる黒い巨根！！ マ●コ破壊デカチン凌●輪●FACK！！ 泣き叫び犯●れる美熟女たちの絶叫レ●プ壮絶ドラマ 15作品ノーカット収録1808分！！,GMSP-006 【福袋】【黒人巨大マラ】日本人美女に突き刺さる黒い巨根！！ マ●コ破壊デカチン凌●輪●FACK！！ 泣き叫び犯●れる美熟女たちの絶叫レ●プ壮絶ドラマ 15作品ノーカット収録1808分！！,GMSP-006,2024-01-05,1808分鐘,,グローバルメディアエンタテインメント,,,成熟的女人、監禁、已婚婦女、多P、深喉、粗暴、凌辱、中出、高畫質、戲劇、16時間以上作品、デカチン・巨根、設置項目、福袋、DMM獨家、黑人演員,多人,https://www.javbus.com/GMSP-006
TCDF-027 女に強●セックスされて射精までするニューハーフ 8枚組BOX 22時間51分,TCDF-027 女に強●セックスされて射精までするニューハーフ 8枚組BOX 22時間51分,TCDF-027,2023-10-21,1371分鐘,,TRANS CLUB,TRANS CLUB,,合集、變性者、花癡、女裝人妖、デカチン・巨根、DMM獨家,多人,https://www.javbus.com/TCDF-027
GMSP-005 【秋のギフト】【厳選！！】人妻・熟女レ●プ 48人2073分！！ 強●魔・媚薬・ママ友連鎖・自宅被害… リアルレ●プドキュメントドラマ15作品ノーカット収録！！ 泣き叫び悶え犯●れる哀しき女たち…,GMSP-005 【秋のギフト】【厳選！！】人妻・熟女レ●プ 48人2073分！！ 強●魔・媚薬・ママ友連鎖・自宅被害… リアルレ●プドキュメントドラマ15作品ノーカット収録！！ 泣き叫び悶え犯●れる哀しき女たち…,GMSP-005,2023-10-06,2073分鐘,,グローバルメディアエンタテインメント,,,成熟的女人、已婚婦女、高畫質、出軌、戲劇、16時間以上作品、設置項目、巨乳、福袋、DMM獨家,多人,https://www.javbus.com/GMSP-005
GML-114 高級住宅街に住む美人のセレブ妻を近所で働く年収200万円の派遣労働者がレ●プ！！ パート2 中森玲子,GML-114 高級住宅街に住む美人のセレブ妻を近所で働く年収200万円の派遣労働者がレ●プ！！ パート2 中森玲子,GML-114,2023-09-17,36分鐘,,グローバルメディアエンタテインメント,グローバルメディアライト,高級住宅街に住む美人のセレブ妻を近所で働く年収200万円の派遣労働者がレ●プ！！,成熟的女人、口交、已婚婦女、新娘、年輕妻子、凌辱、中出、高畫質、出軌、戲劇、單體作品、DMM獨家,中森玲子,https://www.javbus.com/GML-114
GMSP-004 【お中元】夏の熟女ソープ祭！！ 麗しの熟女湯屋 ねっとり濃厚ぬるべちょ熟女の和風ソープ 25人2466分！！ 絶頂必至の絶品テクニックで泡まみれローションまみれの快楽フルコース！ 豪華女優の泡姫を大量収録でたっぷりシッポリ堪能できる極上風俗,GMSP-004 【お中元】夏の熟女ソープ祭！！ 麗しの熟女湯屋 ねっとり濃厚ぬるべちょ熟女の和風ソープ 25人2466分！！ 絶頂必至の絶品テクニックで泡まみれローションまみれの快楽フルコース！ 豪華女優の泡姫を大量収録でたっぷりシッポリ堪能できる極上風俗,GMSP-004,2023-07-14,2466分鐘,,グローバルメディアエンタテインメント,,,和服・喪服、成熟的女人、乳液、主觀視角、高畫質、16時間以上作品、設置項目、ヘルス・ソープ、福袋、DMM獨家,多人,https://www.javbus.com/GMSP-004
J-99348 【熟女破壊】スーパーデカマラ VS 人気女優 中出し4発編,J-99348 【熟女破壊】スーパーデカマラ VS 人気女優 中出し4発編,J-99348,2023-06-05,24分鐘,,JUKUJO99,JUKUJO99,スーパーデカマラ VS 人気女優,成熟的女人、中出、高畫質、デカチン・巨根、巨乳、DMM獨家,多人,https://www.javbus.com/J-99348
CADV-873 CRYSTAL THE BEST 8時間 2022 上半期,CADV-873 CRYSTAL THE BEST 8時間 2022 上半期,CADV-873,2023-04-08,479分鐘,,クリスタル映像,CRYSTAL EX,CRYSTAL THE BEST,苗條、合集、已婚婦女、美少女、4小時以上作品、高畫質、巨乳、DMM獨家,多人,https://www.javbus.com/CADV-873
NXGS-010 義父と嫁 中出し相姦,NXGS-010 義父と嫁 中出し相姦,NXGS-010,2023-02-20,181分鐘,,ネクスト,ネクストグループ,,成熟的女人、中出、高畫質、戲劇、女優ベスト・総集編、巨乳,多人,https://www.javbus.com/NXGS-010
MCSR-00513 団地妻極上爆乳Special2 爆乳20人5時間,MCSR-00513 団地妻極上爆乳Special2 爆乳20人5時間,MCSR-00513,2023-01-28,300分鐘,,ビッグモーカル,マスカット,団地妻,業餘、口交、乳交、已婚婦女、4小時以上作品、高畫質、巨乳,多人,https://www.javbus.com/MCSR-00513
MCSR-00506 中出しお義母さんが教えてあげる BEST 5時間 いやらしい義母10人,MCSR-00506 中出しお義母さんが教えてあげる BEST 5時間 いやらしい義母10人,MCSR-00506,2022-11-26,300分鐘,金子次郎,ビッグモーカル,マスカット,中出しお義母さんが教えてあげる,亂倫、已婚婦女、中出、4小時以上作品、婆婆、高畫質、巨乳,多人,https://www.javbus.com/MCSR-00506
JFB-304 Fitch15周年記念第2弾 歴代デカ尻女優の圧倒的ド迫力で迫るSEX 大ボリュームの尻三昧！75SEX12時間BEST！,JFB-304 Fitch15周年記念第2弾 歴代デカ尻女優の圧倒的ド迫力で迫るSEX 大ボリュームの尻三昧！75SEX12時間BEST！,JFB-304,2022-11-11,720分鐘,,Fitch,Fitch,,胖女人、合集、數位馬賽克、中出、高畫質、巨尻、DMM獨家,多人,https://www.javbus.com/JFB-304
JFB-303 Fitch15周年記念 Gカップ以上限定！歴代爆乳女優のSEX 激揺れ！激シコ！12時間BEST,JFB-303 Fitch15周年記念 Gカップ以上限定！歴代爆乳女優のSEX 激揺れ！激シコ！12時間BEST,JFB-303,2022-10-28,720分鐘,,Fitch,Fitch,,胖女人、合集、數位馬賽克、中出、高畫質、巨乳、DMM獨家,多人,https://www.javbus.com/JFB-303
CADV-836 クリスタル映像傑作選 自慢のオッパイで癒してあげる8時間,CADV-836 クリスタル映像傑作選 自慢のオッパイで癒してあげる8時間,CADV-836,2022-01-08,479分鐘,,クリスタル映像,CRYSTAL EX,クリスタル映像傑作選,成熟的女人、口交、乳交、潮吹、亂倫、已婚婦女、多P、通姦、4小時以上作品、巨乳、DMM獨家、打手槍,多人,https://www.javbus.com/CADV-836
BDSR-455 騎乗位の人妻たち 欲情妻36人4時間,BDSR-455 騎乗位の人妻たち 欲情妻36人4時間,BDSR-455,2021-07-24,240分鐘,メカテス武田,ビッグモーカル,ビッグモーカル,,其他戀物癖、已婚婦女、女上位、高畫質、巨乳,多人,https://www.javbus.com/BDSR-455
VVVD-193 小便浴びまくり！浴尿レズビアンBEST,VVVD-193 小便浴びまくり！浴尿レズビアンBEST,VVVD-193,2021-07-22,240分鐘,,ヴィ,V,,放尿、女同性戀、合集、巨乳、DMM獨家,多人,https://www.javbus.com/VVVD-193
VEQ-191 「尻と乳。」S級熟女フルコンプリートBOX 中森玲子16時間4枚組,VEQ-191 「尻と乳。」S級熟女フルコンプリートBOX 中森玲子16時間4枚組,VEQ-191,2021-06-26,960分鐘,,VENUS,女神（ヴィーナス）,S級熟女フルコンプリートBOX,成熟的女人、已婚婦女、中出、女優ベスト・総集編、單體作品、DMM獨家,中森玲子,https://www.javbus.com/VEQ-191
VVVD-190 女性スタッフだけで作った禁断レズドラマ全作品集7作品8時間,VVVD-190 女性スタッフだけで作った禁断レズドラマ全作品集7作品8時間,VVVD-190,2021-06-25,480分鐘,,ヴィ,V,女性だけで作った禁断レズ劇場,女同性戀、合集、拳交、巨乳、DMM獨家、肛交,多人,https://www.javbus.com/VVVD-190
OKAX-742 おま○こ図鑑 アナルピクピク！マンビラパックリ！ドアップ丸見え！挑発！,OKAX-742 おま○こ図鑑 アナルピクピク！マンビラパックリ！ドアップ丸見え！挑発！,OKAX-742,2021-05-22,240分鐘,,ケイ・エム・プロデュース,おかず。,,蕩婦、DMM獨家、自慰、肛交、局部特寫,多人,https://www.javbus.com/OKAX-742
MCSR-7101 中森玲子 from 中出しお義母さんが教えてあげる 息子との情事でオンナに戻る母たち,MCSR-7101 中森玲子 from 中出しお義母さんが教えてあげる 息子との情事でオンナに戻る母たち,MCSR-7101,2021-03-27,42分鐘,ながふちつよし,ビッグモーカル,マスカット,,成熟的女人、亂倫、婆婆、高畫質、單體作品,中森玲子,https://www.javbus.com/MCSR-7101
DSE-305 淫乳熟女 中森玲子・間宮志乃,DSE-305 淫乳熟女 中森玲子・間宮志乃,DSE-305,2021-02-04,87分鐘,,ドリームステージ,熟女絵巻,淫乳熟女,成熟的女人、乳交、巨乳,多人,https://www.javbus.com/DSE-305
MKCK-274 2020年E-BODYラストベスト 過去10年で最も美体でドエロかった大当たり肉弾200SEX アジア最高峰ボディコレクション16時間,MKCK-274 2020年E-BODYラストベスト 過去10年で最も美体でドエロかった大当たり肉弾200SEX アジア最高峰ボディコレクション16時間,MKCK-274,2020-12-12,960分鐘,,E-BODY,E-BODY,,合集、花癡、乳房、巨尻、巨乳、DMM獨家,多人,https://www.javbus.com/MKCK-274
BTH-095 君が「乳首イジメて欲しい…」って言ったんじゃん W,BTH-095 君が「乳首イジメて欲しい…」って言ったんじゃん W,BTH-095,2020-12-04,35分鐘,,CHoBitcH,チョビッチ！,君が「乳首イジメて欲しい…」って言ったんじゃん,蕩婦、护士、女醫生、高畫質、顏面騎乘、巨乳,多人,https://www.javbus.com/BTH-095
MCSR-415 ものすごくいやらしい団地妻たち50人5時間,MCSR-415 ものすごくいやらしい団地妻たち50人5時間,MCSR-415,2020-11-28,300分鐘,金子次郎,ビッグモーカル,マスカット,,已婚婦女、4小時以上作品、高畫質、巨乳,多人,https://www.javbus.com/MCSR-415
J-99051 隣の美熟女は巨乳で仲良しで床上手 村上涼子/中森玲子 フェラ編,J-99051 隣の美熟女は巨乳で仲良しで床上手 村上涼子/中森玲子 フェラ編,J-99051,2020-10-29,13分鐘,,JUKUJO99,JUKUJO99,隣の美熟女は巨乳で仲良しで床上手,成熟的女人、口交、高畫質、巨乳、DMM獨家、吞精,多人,https://www.javbus.com/J-99051
CADV-787 クリスタル映像35周年記念 人妻温泉 30人8時間スペシャル2,CADV-787 クリスタル映像35周年記念 人妻温泉 30人8時間スペシャル2,CADV-787,2020-10-22,477分鐘,,クリスタル映像,CRYSTAL EX,クリスタル映像35周年記念,成熟的女人、合集、已婚婦女、通姦、女上位、4小時以上作品、顏射、温泉,多人,https://www.javbus.com/CADV-787
ADV-SR0170 巨乳緊縛玩弄,ADV-SR0170 巨乳緊縛玩弄,ADV-SR0170,2020-06-01,102分鐘,東園賢,アートビデオ,ART VIDEO,,SM、紧缚、巨乳,多人,https://www.javbus.com/ADV-SR0170
MCSR-389 ラグジュアリーすぎる初体験！極上騎乗位筆おろし5時間30人,MCSR-389 ラグジュアリーすぎる初体験！極上騎乗位筆おろし5時間30人,MCSR-389,2020-04-25,300分鐘,金子次郎,ビッグモーカル,マスカット,,已婚婦女、女上位、高畫質、巨乳,多人,https://www.javbus.com/MCSR-389
MMB-277 【厳選】美人妻の誰にも言えないねっとり！ こっそり！ 自慰行為！！！ 22人,MMB-277 【厳選】美人妻の誰にも言えないねっとり！ こっそり！ 自慰行為！！！ 22人,MMB-277,2019-12-01,243分鐘,石切橋博士,桃太郎映像出版,桃太郎ベスト,,成熟的女人、玩具、其他戀物癖、已婚婦女、4小時以上作品、DMM獨家、自慰,多人,https://www.javbus.com/MMB-277
MCSR-356 中出し近親相姦 50人 なんでも言うこと聞いてくれる爆乳お義母さん 5時間,MCSR-356 中出し近親相姦 50人 なんでも言うこと聞いてくれる爆乳お義母さん 5時間,MCSR-356,2019-09-28,300分鐘,金子次郎,ビッグモーカル,マスカット,,亂倫、已婚婦女、中出、4小時以上作品、婆婆、高畫質、出軌,多人,https://www.javbus.com/MCSR-356
KBKD-365 三十路妻中出しドキュメント 中森玲子 志乃,KBKD-365 三十路妻中出しドキュメント 中森玲子 志乃,KBKD-365,2019-09-25,91分鐘,,小林興業,東日本人妻愛好会,三十路妻中出しドキュメント,成熟的女人、已婚婦女、纪录片、中出、單體作品,中森玲子,https://www.javbus.com/KBKD-365
MCSR-347 卑猥映像 絶対ヌケル！！ えげつない濃厚変態SEX4時間20人5 生々しい本気のガチイキスペシャル！！,MCSR-347 卑猥映像 絶対ヌケル！！ えげつない濃厚変態SEX4時間20人5 生々しい本気のガチイキスペシャル！！,MCSR-347,2019-07-27,240分鐘,メカテス武田,ビッグモーカル,マスカット,四十路・五十路・還暦熟女えげつない中出しSEX,成熟的女人、纪录片、中出、高畫質,多人,https://www.javbus.com/MCSR-347
MKCK-235 ユーザーが認めた神BODY集結！ E-BODY平成ベストボディ売上TOP100絶対ヌける女体が見つかる100本番12時間メモリアルベスト,MKCK-235 ユーザーが認めた神BODY集結！ E-BODY平成ベストボディ売上TOP100絶対ヌける女体が見つかる100本番12時間メモリアルベスト,MKCK-235,2019-06-08,720分鐘,,E-BODY,E-BODY,,苗條、合集、4小時以上作品、巨尻、巨乳、DMM獨家,多人,https://www.javbus.com/MKCK-235
OKAX-492 鬼気迫るバキュームフェラ！！チ○ポをべろんべろんに舐め倒すお姉さんたち！,OKAX-492 鬼気迫るバキュームフェラ！！チ○ポをべろんべろんに舐め倒すお姉さんたち！,OKAX-492,2019-03-22,240分鐘,,ケイ・エム・プロデュース,おかず。,,蕩婦、口交、其他戀物癖、姐姐、4小時以上作品,多人,https://www.javbus.com/OKAX-492
JUSD-822 マドンナ歴代の超大作がここに集結ー。 美熟女オールスター夢の大共演BEST 8時間,JUSD-822 マドンナ歴代の超大作がここに集結ー。 美熟女オールスター夢の大共演BEST 8時間,JUSD-822,2019-03-22,480分鐘,,マドンナ,Madonna,,成熟的女人、濫交、合集、已婚婦女、多P、數位馬賽克、4小時以上作品、DMM獨家,多人,https://www.javbus.com/JUSD-822
NASH-020 強姦 犯された人妻たち,NASH-020 強姦 犯された人妻たち,NASH-020,2019-03-08,241分鐘,,なでしこ,Nadeshiko,,成熟的女人、已婚婦女、性奴、4小時以上作品、高畫質,多人,https://www.javbus.com/NASH-020
NASH-013 熟女残虐中出し懲罰,NASH-013 熟女残虐中出し懲罰,NASH-013,2019-02-22,141分鐘,金子次郎,なでしこ,Nadeshiko,,成熟的女人、已婚婦女、凌辱、中出、高畫質,多人,https://www.javbus.com/NASH-013
RUKO-024 犯された乳デカな妻,RUKO-024 犯された乳デカな妻,RUKO-024,2019-02-20,119分鐘,,STARPARADISE,おしるこ,,已婚婦女、凌辱、高畫質、出軌、戲劇、巨乳,多人,https://www.javbus.com/RUKO-024
STTCD-003 【お得セット】射精しまくる女大好きニューハーフ・爆乳大好きニューハーフ・女大好き射精するWニューハーフ,STTCD-003 【お得セット】射精しまくる女大好きニューハーフ・爆乳大好きニューハーフ・女大好き射精するWニューハーフ,STTCD-003,2019-01-10,390分鐘,,TRANSCLUB,TRANSCLUB（お得セット）,,其他戀物癖、變性者、多P、泳裝、DMM獨家、肛交,多人,https://www.javbus.com/STTCD-003
MCSR-322 中出しお義母さんが教えてあげる 極上爆乳 Special！ 4時間16人！,MCSR-322 中出しお義母さんが教えてあげる 極上爆乳 Special！ 4時間16人！,MCSR-322,2018-11-10,240分鐘,金子次郎,ビッグモーカル,マスカット,中出しお義母さんが教えてあげる,母親、亂倫、已婚婦女、中出、4小時以上作品、婆婆、高畫質、巨乳,多人,https://www.javbus.com/MCSR-322
VERO-077 竿と金玉だけを重点的に洗いたがるS級熟女～「綺麗にしてあげる…」と言いながら泡まみれの潤滑指を金玉の裏から亀頭の先までスクリューさせて大量射精へと導く無摩擦手コキ42人8時間,VERO-077 竿と金玉だけを重点的に洗いたがるS級熟女～「綺麗にしてあげる…」と言いながら泡まみれの潤滑指を金玉の裏から亀頭の先までスクリューさせて大量射精へと導く無摩擦手コキ42人8時間,VERO-077,2018-09-19,480分鐘,,VENUS,女神（ヴィーナス）,,成熟的女人、合集、已婚婦女、中出、4小時以上作品、DMM獨家,多人,https://www.javbus.com/VERO-077
MCSR-315 ★配信限定特典付★お家で食べれるおいしい童貞 童貞朝ごはん「いただきま～す！」 12食4時間,MCSR-315 ★配信限定特典付★お家で食べれるおいしい童貞 童貞朝ごはん「いただきま～す！」 12食4時間,MCSR-315,2018-09-15,304分鐘,金子次郎,ビッグモーカル,マスカット,,母親、亂倫、已婚婦女、姐姐、中出、4小時以上作品、高畫質、處男,多人,https://www.javbus.com/MCSR-315
DINM-454 くちゅくちゅがエロ～い！痴女感たっぷり熟女の唾液でねっちょり手コキ！唾垂らしフェラ！ぬるぬるパイズリ！金玉空っぽ必至の大量発射！50人8時間,DINM-454 くちゅくちゅがエロ～い！痴女感たっぷり熟女の唾液でねっちょり手コキ！唾垂らしフェラ！ぬるぬるパイズリ！金玉空っぽ必至の大量発射！50人8時間,DINM-454,2018-08-17,480分鐘,,ダイナマイトエンタープライズ,ダイナマイトプレミア,,成熟的女人、合集、已婚婦女、中出、4小時以上作品,多人,https://www.javbus.com/DINM-454
NASS-893 人妻情慾白書 隣の淫母,NASS-893 人妻情慾白書 隣の淫母,NASS-893,2018-08-10,141分鐘,,なでしこ,Nadeshiko,人妻情慾白書,成熟的女人、已婚婦女、婆婆、高畫質、戲劇、巨乳,多人,https://www.javbus.com/NASS-893
MCSR-302 ★配信限定特典付★卑猥映像 絶対ヌケル！！ 四十路・五十路・還暦熟女 えげつない中出しSEX4時間 3 ド迫力爆乳スペシャル,MCSR-302 ★配信限定特典付★卑猥映像 絶対ヌケル！！ 四十路・五十路・還暦熟女 えげつない中出しSEX4時間 3 ド迫力爆乳スペシャル,MCSR-302,2018-06-25,261分鐘,金子次郎,ビッグモーカル,マスカット,四十路・五十路・還暦熟女えげつない中出しSEX,成熟的女人、纪录片、中出、高畫質、巨乳,多人,https://www.javbus.com/MCSR-302
JFB-153 濃厚吸引で根こそぎ搾り取る卑猥な口マ○コ 美味しくジュボジュボフェラ8時間BEST,JFB-153 濃厚吸引で根こそぎ搾り取る卑猥な口マ○コ 美味しくジュボジュボフェラ8時間BEST,JFB-153,2018-06-23,480分鐘,,Fitch,Fitch,,蕩婦、口交、合集、數位馬賽克、主觀視角、キス・接吻、DMM獨家,多人,https://www.javbus.com/JFB-153
BDSR-347 ★配信限定特典付★実録性犯罪 ‘被害女性18名’ ベスト4時間,BDSR-347 ★配信限定特典付★実録性犯罪 ‘被害女性18名’ ベスト4時間,BDSR-347,2018-05-25,282分鐘,,ビッグモーカル,BIGMORKAL,,已婚婦女、中出、4小時以上作品、高畫質、巨乳,多人,https://www.javbus.com/BDSR-347
POTS-002 女達のセンズリ鑑賞 勃起チ○ポに大興奮！4時間,POTS-002 女達のセンズリ鑑賞 勃起チ○ポに大興奮！4時間,POTS-002,2018-05-18,240分鐘,ローション玉木,SPOT/エマニエル,SPOT/エマニエル,,成熟的女人、新娘、年輕妻子、4小時以上作品、DMM獨家、顏射、打手槍,多人,https://www.javbus.com/POTS-002
HRD-125 デカい尻を抱えて膣に出せ 八時間,HRD-125 デカい尻を抱えて膣に出せ 八時間,HRD-125,2018-05-18,480分鐘,鶴明星,ルビー,greed,,成熟的女人、中出、4小時以上作品、巨尻、巨乳、DMM獨家,多人,https://www.javbus.com/HRD-125
SSY-007 素人人妻四畳半 力づくの快楽…三十路妻10人 窓を開ければ神田川...三十路の妻たちは生まれて初めて力尽くで犯され快楽を知る。,SSY-007 素人人妻四畳半 力づくの快楽…三十路妻10人 窓を開ければ神田川...三十路の妻たちは生まれて初めて力尽くで犯され快楽を知る。,SSY-007,2018-04-01,243分鐘,,プラム,素人onlyプラム,素人四畳半,業餘、合集、已婚婦女、羞恥、中出、4小時以上作品、巨乳,多人,https://www.javbus.com/SSY-007
OKAX-360 まんずり召しませ！せんずりネタになりたくてなりたくてしょうがないまんずり,OKAX-360 まんずり召しませ！せんずりネタになりたくてなりたくてしょうがないまんずり,OKAX-360,2018-03-23,240分鐘,,ケイ・エム・プロデュース,おかず。,,蕩婦、合集、4小時以上作品、自慰、局部特寫,多人,https://www.javbus.com/OKAX-360
MMB-188 実話ドキュメント ハイレベル人妻専門店の派遣BBAを撮影交渉して撮らせてもらった,MMB-188 実話ドキュメント ハイレベル人妻専門店の派遣BBAを撮影交渉して撮らせてもらった,MMB-188,2018-03-04,240分鐘,石切橋博士,桃太郎映像出版,桃太郎ベスト,,合集、各種職業、已婚婦女、4小時以上作品、巨乳、DMM獨家,多人,https://www.javbus.com/MMB-188
FMR-67 犯されても濡れてしまう人妻達 豊満巨乳妻4時間,FMR-67 犯されても濡れてしまう人妻達 豊満巨乳妻4時間,FMR-67,2018-02-16,240分鐘,,ルビー,琥珀,,成熟的女人、已婚婦女、凌辱、巨乳、DMM獨家,多人,https://www.javbus.com/FMR-67
HIGH-026 仕事中のSEXってメチャクチャ燃える！ 中森玲子,HIGH-026 仕事中のSEXってメチャクチャ燃える！ 中森玲子,HIGH-026,2017-11-20,10分鐘,,ハイライト,ハイライト,仕事中のSEXってメチャクチャ燃える！,口交、各種職業、已婚婦女、姐姐、乳房、高畫質、單體作品,中森玲子,https://www.javbus.com/HIGH-026
VNDS-3255 ムチムチ母さん 肉欲に波打つ身体,VNDS-3255 ムチムチ母さん 肉欲に波打つ身体,VNDS-3255,2017-10-17,120分鐘,磯野マグロ,STARPARADISE,ネクストイレブン,,成熟的女人、母親、亂倫、巨乳,多人,https://www.javbus.com/VNDS-3255
FTS-005 つるつるサテン美女図鑑 むっちりサテン でかぱいエステサロン 中森玲子,FTS-005 つるつるサテン美女図鑑 むっちりサテン でかぱいエステサロン 中森玲子,FTS-005,2017-10-01,141分鐘,下半身タイガース,フェ地下,サテン美女図鑑,つるつるサテン美女図鑑,胖女人、身體意識、屁股、巨乳、單體作品,中森玲子,https://www.javbus.com/FTS-005
VERO-068 まだまだVRには負けない！これが2Dならではの迫力だ！！S級熟女の完全主観中出しSEX総決算スペシャル30人8時間,VERO-068 まだまだVRには負けない！これが2Dならではの迫力だ！！S級熟女の完全主観中出しSEX総決算スペシャル30人8時間,VERO-068,2017-10-01,480分鐘,,VENUS,女神（ヴィーナス）,,成熟的女人、合集、已婚婦女、中出、4小時以上作品、DMM獨家,多人,https://www.javbus.com/VERO-068
MMB-146 局部麻酔犯 女性患者のアソコを麻痺させ挿入を繰り返した悪徳産婦人科医の流出映像,MMB-146 局部麻酔犯 女性患者のアソコを麻痺させ挿入を繰り返した悪徳産婦人科医の流出映像,MMB-146,2017-09-03,240分鐘,石切橋博士,桃太郎映像出版,桃太郎ベスト,,各種職業、惡作劇、中出、4小時以上作品、DMM獨家,多人,https://www.javbus.com/MMB-146
EIH-013 人妻不倫絶頂BEST 8時間,EIH-013 人妻不倫絶頂BEST 8時間,EIH-013,2017-08-21,477分鐘,,STARPARADISE,EIGHT-H,,蕩婦、合集、已婚婦女、通姦、4小時以上作品,多人,https://www.javbus.com/EIH-013
EMBW-170 昭和浪漫シアター 淫乱な痴熟女が義理の息子を濃厚ベロチューで甘く優しく逆レイプ 全8話,EMBW-170 昭和浪漫シアター 淫乱な痴熟女が義理の息子を濃厚ベロチューで甘く優しく逆レイプ 全8話,EMBW-170,2017-08-18,240分鐘,,香澄企画/エマニエル,香澄企画（エマニエル）,昭和浪漫シアター,蕩婦、成熟的女人、母親、DMM獨家,中森玲子,https://www.javbus.com/EMBW-170
MMB-130 （驚愕）奥さまを路地裏で犯してみた（中田氏）,MMB-130 （驚愕）奥さまを路地裏で犯してみた（中田氏）,MMB-130,2017-07-03,240分鐘,石切橋博士,桃太郎映像出版,桃太郎ベスト,,放尿、野外・露出、已婚婦女、戲劇、故事集、DMM獨家,多人,https://www.javbus.com/MMB-130
FSG-005 すりすりスリップ,FSG-005 すりすりスリップ,FSG-005,2017-07-01,113分鐘,下半身タイガース,フェ地下,スリップ劇場,すりすりスリップ,胖女人、身體意識、屁股、姐姐、巨乳、內衣,多人,https://www.javbus.com/FSG-005
SND-015 ボイン道場 2 超乳母性編,SND-015 ボイン道場 2 超乳母性編,SND-015,2017-06-30,152分鐘,TimioJuvorenup,JAMS,新肉感地帯,ボイン道場,胖女人、身體意識、屁股、巨乳,多人,https://www.javbus.com/SND-015
SND-012 吸淫フェラバスター 肉感バキュームガール 中森玲子,SND-012 吸淫フェラバスター 肉感バキュームガール 中森玲子,SND-012,2017-06-23,120分鐘,,JAMS,新肉感地帯,,胖女人、身體意識、屁股、巨乳、單體作品,中森玲子,https://www.javbus.com/SND-012
EMAF-407 このデカパイ熟女で抜け！,EMAF-407 このデカパイ熟女で抜け！,EMAF-407,2017-05-15,480分鐘,清水橋健太,フォーディメンション/エマニエル,フォーディメンション（エマニエル）,,成熟的女人、已婚婦女、4小時以上作品、巨乳、DMM獨家,多人,https://www.javbus.com/EMAF-407
NASS-614 押入れで旦那の帰りを待つ全裸ペット妻10人,NASS-614 押入れで旦那の帰りを待つ全裸ペット妻10人,NASS-614,2017-04-28,243分鐘,,なでしこ,Nadeshiko,,成熟的女人、已婚婦女、拘束、中出、4小時以上作品、高畫質、巨乳,多人,https://www.javbus.com/NASS-614
FABS-089 中年男女どもの密会現場 連れ込みホテル 2,FABS-089 中年男女どもの密会現場 連れ込みホテル 2,FABS-089,2017-04-23,135分鐘,ヘンリー塚本,FAプロ,FAプレミアム,ふまじめな大人たちの為に…中年男女どもの密会現場連れ込みホテル,成熟的女人、已婚婦女、花癡、通姦、戲劇、DMM獨家,多人,https://www.javbus.com/FABS-089
MGDV-023 Dynamite Re-MiX 熟女×絶叫 16時間 狂乱SEX200連発！！,MGDV-023 Dynamite Re-MiX 熟女×絶叫 16時間 狂乱SEX200連発！！,MGDV-023,2017-04-15,951分鐘,,クリスタル映像,MEGACRYSTAL,DynamiteRe-MiX,成熟的女人、合集、已婚婦女、多P、16時間以上作品,多人,https://www.javbus.com/MGDV-023
MGDV-010 Dynamite Re-MiX 巨乳×爆乳 16時間 超絶巨乳160人！！,MGDV-010 Dynamite Re-MiX 巨乳×爆乳 16時間 超絶巨乳160人！！,MGDV-010,2017-04-04,949分鐘,,クリスタル映像,MEGACRYSTAL,DynamiteRe-MiX,乳交、合集、戀乳癖、16時間以上作品、巨乳,多人,https://www.javbus.com/MGDV-010
MCSR-247R ★配信限定特典付★30th BIGMORKAL 中出しお義母さんが教えてあげる ANNIVERSARY EDITION 8時間,MCSR-247R ★配信限定特典付★30th BIGMORKAL 中出しお義母さんが教えてあげる ANNIVERSARY EDITION 8時間,MCSR-247R,2017-03-25,504分鐘,,ビッグモーカル,マスカット,中出しお義母さんが教えてあげる,成熟的女人、合集、已婚婦女、纪录片、中出、4小時以上作品、婆婆、高畫質,多人,https://www.javbus.com/MCSR-247R
UMSO-132 『え、こんな私のカラダで興奮するの？』2 女を忘れかけ無警戒に乗り込んだ電車内で若い青年に熟れた胸や尻を弄られたおばさんは感じまいと必死に抵抗するが、性感帯を刺激された瞬間スイッチが入ってしまった,UMSO-132 『え、こんな私のカラダで興奮するの？』2 女を忘れかけ無警戒に乗り込んだ電車内で若い青年に熟れた胸や尻を弄られたおばさんは感じまいと必死に抵抗するが、性感帯を刺激された瞬間スイッチが入ってしまった,UMSO-132,2017-03-10,239分鐘,,ケイ・エム・プロデュース,UMANAMI,『え、こんな私のカラダで興奮するの？』,成熟的女人、OL、已婚婦女、性騷擾、羞恥、4小時以上作品、高畫質、巨乳,多人,https://www.javbus.com/UMSO-132
HYAS-075 グローバルメディア 熟女・人妻レイプ 100人8時間,HYAS-075 グローバルメディア 熟女・人妻レイプ 100人8時間,HYAS-075,2017-03-10,482分鐘,,ケイ・エム・プロデュース,100人,100人8時間,成熟的女人、已婚婦女、4小時以上作品、高畫質、出軌、戲劇,多人,https://www.javbus.com/HYAS-075
DBEB-073 性感がビッシリ詰まった巨大な乳房を嬲られながら気が狂うまでイキ続ける女 The Baby Entertainment GOLD BEST 巨乳陵辱絶頂総集編,DBEB-073 性感がビッシリ詰まった巨大な乳房を嬲られながら気が狂うまでイキ続ける女 The Baby Entertainment GOLD BEST 巨乳陵辱絶頂総集編,DBEB-073,2017-03-05,240分鐘,,BabyEntertainment,BabyEntertainment,TheBabyEntertainmentGOLDBEST,紧缚、合集、羞恥、巨乳、DMM獨家,多人,https://www.javbus.com/DBEB-073
KCDA-155 中森玲子SEX,KCDA-155 中森玲子SEX,KCDA-155,2017-01-22,120分鐘,,デジタルアーク,digitalark（デジタルアーク）,,蕩婦、姐姐、女優ベスト・総集編、巨乳、單體作品、DMM獨家,中森玲子,https://www.javbus.com/KCDA-155
FABS-085 ヘンリー塚本 中年男女たちの禁断の愛のドラマ集４ 無節操,FABS-085 ヘンリー塚本 中年男女たちの禁断の愛のドラマ集４ 無節操,FABS-085,2017-01-22,142分鐘,ヘンリー塚本,FAプロ,FAプレミアム,ヘンリー塚本中年男女たちの禁断の愛のドラマ集,成熟的女人、已婚婦女、花癡、戲劇、巨乳、DMM獨家,多人,https://www.javbus.com/FABS-085
NASS-548 性欲を制御できない義母さん48人！発射5分前SPECIAL,NASS-548 性欲を制御できない義母さん48人！発射5分前SPECIAL,NASS-548,2016-12-09,239分鐘,寿大吉,なでしこ,Nadeshiko,,成熟的女人、合集、亂倫、中出、4小時以上作品、婆婆、巨乳,多人,https://www.javbus.com/NASS-548
JFB-147 顔だけでもヌケるのに更にグラマラス！超美顔＆美BODY 24SEX8時間,JFB-147 顔だけでもヌケるのに更にグラマラス！超美顔＆美BODY 24SEX8時間,JFB-147,2016-09-29,480分鐘,,Fitch,Fitch,,蕩婦、合集、數位馬賽克、中出、巨尻、巨乳、DMM獨家,多人,https://www.javbus.com/JFB-147
MCSR-226 ★配信限定特典付★30th BIGMORKAL 中出し人妻暴行 ANNIVERSARY EDITION 8時間,MCSR-226 ★配信限定特典付★30th BIGMORKAL 中出し人妻暴行 ANNIVERSARY EDITION 8時間,MCSR-226,2016-09-25,524分鐘,,ビッグモーカル,マスカット,中出し人妻暴行,合集、已婚婦女、凌辱、中出、4小時以上作品、高畫質,多人,https://www.javbus.com/MCSR-226
FLOW-006 すけべ爺の女喰らい熟練交尾 第六章,FLOW-006 すけべ爺の女喰らい熟練交尾 第六章,FLOW-006,2016-09-18,240分鐘,,不老仙人/エマニエル,不老仙人,すけべ爺の女喰らい熟練交尾,其他戀物癖、合集、亂倫、已婚婦女、4小時以上作品、高畫質、DMM獨家,多人,https://www.javbus.com/FLOW-006
NSPS-502 おっぱいを味わい尽くす！,NSPS-502 おっぱいを味わい尽くす！,NSPS-502,2016-08-21,256分鐘,ながえ,ながえスタイル,ながえSTYLE,,乳交、已婚婦女、戀乳癖、戲劇、巨乳、DMM獨家,多人,https://www.javbus.com/NSPS-502
HRD-83 和の熟女 四十路から七十路までの15人 第2巻 240分,HRD-83 和の熟女 四十路から七十路までの15人 第2巻 240分,HRD-83,2016-08-15,238分鐘,鶴明星,ルビー,greed,オスビッチ昇天！超絶ペニバンアナルFUCK,成熟的女人、DMM獨家,多人,https://www.javbus.com/HRD-83
NASS-481 過激淫乱病棟 我慢できない女医＆ナース,NASS-481 過激淫乱病棟 我慢できない女医＆ナース,NASS-481,2016-08-12,183分鐘,,なでしこ,Nadeshiko,,成熟的女人、护士、合集、女醫生、已婚婦女、花癡、巨乳,多人,https://www.javbus.com/NASS-481
FABS-076 女たちの昭和 あの日あの時あの涙 男はたくましく女はイヤラシかった 女は美し・いやらし・色っぽし,FABS-076 女たちの昭和 あの日あの時あの涙 男はたくましく女はイヤラシかった 女は美し・いやらし・色っぽし,FABS-076,2016-07-25,291分鐘,ヘンリー塚本,FAプロ,FAプレミアム,女たちの昭和,和服・喪服、成熟的女人、胖女人、已婚婦女、4小時以上作品、戲劇、DMM獨家,多人,https://www.javbus.com/FABS-076
WNXG-070 何処まで口説ける！？店で見つけたムラっとくる働くお姉さんパート2 31名収録 8時間スペシャル！！,WNXG-070 何処まで口説ける！？店で見つけたムラっとくる働くお姉さんパート2 31名収録 8時間スペシャル！！,WNXG-070,2016-06-29,479分鐘,VOLUME,STARPARADISE,VOLUME,何処まで口説ける！？店で見つけたムラっとくる働くお姉さん,獵豔、各種職業、姐姐、制服、4小時以上作品,多人,https://www.javbus.com/WNXG-070
DIPO-034 人妻究極フェラチオ100人100連発！！！ Vol.3,DIPO-034 人妻究極フェラチオ100人100連発！！！ Vol.3,DIPO-034,2016-06-21,240分鐘,,プリモ,エロナンデス,人妻究極フェラチオ100人100連発！！！,苗條、口交、已婚婦女、數位馬賽克、4小時以上作品、高畫質、巨乳,多人,https://www.javbus.com/DIPO-034
BOYA-010 【童貞、ママにヤられる】童貞息子のデカチンでイかされまくる巨乳＆淫乱義母との近親相姦。絶対に手を出してはいけない相手だから燃える。15人4時間,BOYA-010 【童貞、ママにヤられる】童貞息子のデカチンでイかされまくる巨乳＆淫乱義母との近親相姦。絶対に手を出してはいけない相手だから燃える。15人4時間,BOYA-010,2016-06-06,240分鐘,石原BO-YA,TMA,BO-YA,,亂倫、4小時以上作品、婆婆、高畫質、處男、デカチン・巨根、巨乳,多人,https://www.javbus.com/BOYA-010
DIPO-033 魅惑のWフェラチオ 60人30連発！！！,DIPO-033 魅惑のWフェラチオ 60人30連発！！！,DIPO-033,2016-05-23,240分鐘,,プリモ,エロナンデス,,苗條、口交、花癡、數位馬賽克、巨乳,多人,https://www.javbus.com/DIPO-033
FMR-46 犯されて感じてしまうふしだらな熟女たち 恥辱と快楽に塗れよがり狂う…,FMR-46 犯されて感じてしまうふしだらな熟女たち 恥辱と快楽に塗れよがり狂う…,FMR-46,2016-05-16,240分鐘,,ルビー,琥珀,,成熟的女人、4小時以上作品、DMM獨家,多人,https://www.javbus.com/FMR-46
EMAF-356 魅惑の美乳 4時間,EMAF-356 魅惑の美乳 4時間,EMAF-356,2016-04-28,240分鐘,清水橋健太,フォーディメンション/エマニエル,フォーディメンション（エマニエル）,,成熟的女人、乳房、4小時以上作品、DMM獨家,多人,https://www.javbus.com/EMAF-356
ASW-045 あ～やらしい！ 6 爆乳口淫女の口内汁射精 中森玲子,ASW-045 あ～やらしい！ 6 爆乳口淫女の口内汁射精 中森玲子,ASW-045,2016-03-31,101分鐘,次元大介,S.P.C,asfur,あ～やらしい！,口交、單體作品、吞精、內衣,中森玲子,https://www.javbus.com/ASW-045
JFB-127 濃厚汗だく肉感グラマラス 全作品集12時間,JFB-127 濃厚汗だく肉感グラマラス 全作品集12時間,JFB-127,2016-02-27,720分鐘,,Fitch,Fitch,濃厚汗だく○○グラマラス,合集、各種職業、戀乳癖、屁股、數位馬賽克、汗だく、DMM獨家,多人,https://www.javbus.com/JFB-127
NASS-392 絶頂シーンメガ盛 デカパイ熟女4時間Special,NASS-392 絶頂シーンメガ盛 デカパイ熟女4時間Special,NASS-392,2016-02-26,240分鐘,,なでしこ,Nadeshiko,,和服・喪服、成熟的女人、紧缚、潮吹、4小時以上作品、巨乳,多人,https://www.javbus.com/NASS-392
YLW-4341 和装美熟女悦楽遊戯 着物の下はナマ乳ナマ尻ナマま○こ,YLW-4341 和装美熟女悦楽遊戯 着物の下はナマ乳ナマ尻ナマま○こ,YLW-4341,2016-02-25,240分鐘,たくま珍,MellowMoon（メロウムーン）,YellowMoon（イエロームーン）,,企畫、和服・喪服、成熟的女人、屁股、4小時以上作品,多人,https://www.javbus.com/YLW-4341
EMBW-136 痴熟女大図鑑4時間 若作りで誘惑！フル勃起おちんぽに執着する31人,EMBW-136 痴熟女大図鑑4時間 若作りで誘惑！フル勃起おちんぽに執着する31人,EMBW-136,2016-02-15,240分鐘,,香澄企画/エマニエル,香澄企画（エマニエル）,,蕩婦、成熟的女人、其他戀物癖、DMM獨家,中森玲子,https://www.javbus.com/EMBW-136
DINM-297 子供には見せられない授業参観日の誘惑ランジェリー～先生、息子のこと宜しくお願いしますね…～ 40人8時間,DINM-297 子供には見せられない授業参観日の誘惑ランジェリー～先生、息子のこと宜しくお願いしますね…～ 40人8時間,DINM-297,2016-02-15,480分鐘,,ダイナマイトエンタープライズ,ダイナマイトプレミア,,成熟的女人、母親、合集、4小時以上作品、DMM獨家、內衣,多人,https://www.javbus.com/DINM-297
RBB-083 一等賞の美尻巨尻小尻桃尻熟尻裸尻を出した女の子8時間,RBB-083 一等賞の美尻巨尻小尻桃尻熟尻裸尻を出した女の子8時間,RBB-083,2016-02-14,480分鐘,,ROOKIE,ROOKIE,,合集、屁股、女上位、巨尻、DMM獨家,多人,https://www.javbus.com/RBB-083
MXM-039 息子に全てを捧げます… お母さんのねっとり絡みつく性教育 10人5時間,MXM-039 息子に全てを捧げます… お母さんのねっとり絡みつく性教育 10人5時間,MXM-039,2016-01-29,310分鐘,,虎堂,MAXIM（虎堂）,,成熟的女人、母親、亂倫、4小時以上作品、巨乳,多人,https://www.javbus.com/MXM-039
ASW-046 即尺精飲公衆便女 3,ASW-046 即尺精飲公衆便女 3,ASW-046,2016-01-19,87分鐘,次元大介,S.P.C,asfur,即尺精飲公衆便女,口交、其他戀物癖、淫語、吞精,多人,https://www.javbus.com/ASW-046
CORI-009 極楽お色気温泉旅館,CORI-009 極楽お色気温泉旅館,CORI-009,2016-01-06,116分鐘,T-JAGA,STARPARADISE,コリーダ,,企畫、濫交、花癡、多P、女主人、女老板,多人,https://www.javbus.com/CORI-009
DINM-279 どっしり重量級！！いんやらしい肉弾太ももおばさん 30人8時間,DINM-279 どっしり重量級！！いんやらしい肉弾太ももおばさん 30人8時間,DINM-279,2016-01-01,480分鐘,,ダイナマイトエンタープライズ,ダイナマイトプレミア,,成熟的女人、胖女人、中出、4小時以上作品、DMM獨家,多人,https://www.javbus.com/DINM-279
ASW-061 巨乳変態人妻 溜まりすぎの患者限定で精飲治療致します！ 中森玲子,ASW-061 巨乳変態人妻 溜まりすぎの患者限定で精飲治療致します！ 中森玲子,ASW-061,2015-12-19,92分鐘,次元大介,S.P.C,asfur,巨乳変態人妻,口交、已婚婦女、巨乳、單體作品、吞精,中森玲子,https://www.javbus.com/ASW-061
JFB-117 淫語で誘う寸止め焦らし痴女～僕を生殺しにして愉しむ卑猥な女達～,JFB-117 淫語で誘う寸止め焦らし痴女～僕を生殺しにして愉しむ卑猥な女達～,JFB-117,2015-11-28,480分鐘,,Fitch,Fitch,淫語で誘う寸止め焦らし痴女,蕩婦、合集、淫語、戀乳癖、數位馬賽克、主觀視角、DMM獨家,多人,https://www.javbus.com/JFB-117
VVVD-132 女監督ハルナの女性専門 隠れ家サロンで過激レズエステ 神BEST12名6時間,VVVD-132 女監督ハルナの女性専門 隠れ家サロンで過激レズエステ 神BEST12名6時間,VVVD-132,2015-11-28,360分鐘,,ヴィ,V,,業餘、女同性戀、合集、數位馬賽克、美容院、DMM獨家,多人,https://www.javbus.com/VVVD-132
AVSP-016 渡辺琢斗大図鑑 8時間 Premium Best 5,AVSP-016 渡辺琢斗大図鑑 8時間 Premium Best 5,AVSP-016,2015-11-08,480分鐘,渡辺琢斗,AVScollector’s,AVS,渡辺琢斗大図鑑,合集、連褲襪、4小時以上作品、DMM獨家,多人,https://www.javbus.com/AVSP-016
VVVD-130 女監督ハルナ 過激でHなレズナンパ！Wレズビアン vs 綺麗なお姉さん14名7時間 神BEST,VVVD-130 女監督ハルナ 過激でHなレズナンパ！Wレズビアン vs 綺麗なお姉さん14名7時間 神BEST,VVVD-130,2015-10-29,420分鐘,ハルナ,ヴィ,V,過激でHなレズナンパ,業餘、女同性戀、獵豔、合集、DMM獨家,多人,https://www.javbus.com/VVVD-130
YLW-4317 淫乱おばさんチ●ポ中毒大全集,YLW-4317 淫乱おばさんチ●ポ中毒大全集,YLW-4317,2015-10-25,240分鐘,パッポン立石,MellowMoon（メロウムーン）,YellowMoon（イエロームーン）,,蕩婦、成熟的女人、中出、4小時以上作品,多人,https://www.javbus.com/YLW-4317
JFB-111 僕のペットは敏感な爆乳女,JFB-111 僕のペットは敏感な爆乳女,JFB-111,2015-09-27,480分鐘,,Fitch,Fitch,僕のペットは○○,成熟的女人、合集、戀乳癖、數位馬賽克、凌辱、主觀視角、DMM獨家,多人,https://www.javbus.com/JFB-111
RBB-056 舌を絡ませヨダレが滴り落ちるくらいに濃厚な熟キスSEX16時間,RBB-056 舌を絡ませヨダレが滴り落ちるくらいに濃厚な熟キスSEX16時間,RBB-056,2015-09-13,960分鐘,,ROOKIE,ROOKIE,,成熟的女人、合集、16時間以上作品、キス・接吻、DMM獨家,多人,https://www.javbus.com/RBB-056
DIGI-190 巨乳ムチムチボディーのドスケベ痴女教師 中森玲子先生,DIGI-190 巨乳ムチムチボディーのドスケベ痴女教師 中森玲子先生,DIGI-190,2015-09-06,115分鐘,,デジタルアーク,digitalark（デジタルアーク）,,蕩婦、女教師、巨乳、單體作品、DMM獨家,中森玲子,https://www.javbus.com/DIGI-190
BNSPS-384 投稿実話 妻がまわされた,BNSPS-384 投稿実話 妻がまわされた,BNSPS-384,2015-08-23,147分鐘,ながえ,ながえスタイル,ながえSTYLE,投稿実話,成熟的女人、已婚婦女、通姦、中出、戲劇、DMM獨家,多人,https://www.javbus.com/BNSPS-384
XRW-109 絶妙のアングルでヌキサシがバッチリ見れる！センズリ専用DVD 猥褻ボディー20人,XRW-109 絶妙のアングルでヌキサシがバッチリ見れる！センズリ専用DVD 猥褻ボディー20人,XRW-109,2015-08-14,246分鐘,,レアルワークス,REAL（レアルワークス）,絶妙のアングルでヌキサシがバッチリ見れる！,其他戀物癖、合集、屁股、姐姐、4小時以上作品、局部特寫,多人,https://www.javbus.com/XRW-109
VERO-045 デキるS級熟女の職業別に見るエロい働きっぷり大全集 22人 4時間,VERO-045 デキるS級熟女の職業別に見るエロい働きっぷり大全集 22人 4時間,VERO-045,2015-07-17,240分鐘,,VENUS,女神（ヴィーナス）,,成熟的女人、合集、各種職業、已婚婦女、中出、4小時以上作品、DMM獨家,多人,https://www.javbus.com/VERO-045
EMBW-123 ユーザーが選んだエロ熟女100人 8時間,EMBW-123 ユーザーが選んだエロ熟女100人 8時間,EMBW-123,2015-07-17,480分鐘,,香澄企画/エマニエル,香澄企画（エマニエル）,,成熟的女人、4小時以上作品、DMM獨家,中森玲子,https://www.javbus.com/EMBW-123
VENU-513 S級熟女 アルティメットコレクション 20人 4時間 III,VENU-513 S級熟女 アルティメットコレクション 20人 4時間 III,VENU-513,2015-06-14,240分鐘,,VENUS,INCEST（ヴィーナス）,S級熟女（VENUS）,成熟的女人、合集、已婚婦女、中出、4小時以上作品、DMM獨家,多人,https://www.javbus.com/VENU-513
RBB-037 往年の熟女たちの淫らな性交 16時間,RBB-037 往年の熟女たちの淫らな性交 16時間,RBB-037,2015-06-13,960分鐘,,ROOKIE,ROOKIE,,成熟的女人、合集、16時間以上作品、DMM獨家,多人,https://www.javbus.com/RBB-037
RBB-036 溜め込んだ精子を子宮にぶちまける！高画質 ドックドク中出し100連発16時間,RBB-036 溜め込んだ精子を子宮にぶちまける！高画質 ドックドク中出し100連発16時間,RBB-036,2015-06-13,960分鐘,,ROOKIE,ROOKIE,,合集、輪姦、中出、高畫質、DMM獨家,多人,https://www.javbus.com/RBB-036
TENK-003 人妻の柔肌に刻み喉頭と咳嗽 中森玲子,TENK-003 人妻の柔肌に刻み喉頭と咳嗽 中森玲子,TENK-003,2015-05-26,57分鐘,天野大吉,幻奇,天奇,,其他戀物癖、單體作品,中森玲子,https://www.javbus.com/TENK-003
NXG-322 禁断情交 義父に弄ばれた嫁全集,NXG-322 禁断情交 義父に弄ばれた嫁全集,NXG-322,2015-05-21,180分鐘,コルト69,NEXTGROUP,ネクストグループ,禁断情交,寡婦、粗暴、巨乳,多人,https://www.javbus.com/NXG-322
VNDS-3119 月刊熟女秘宝館 薫風舞いて紅色栄ゆる悦楽花,VNDS-3119 月刊熟女秘宝館 薫風舞いて紅色栄ゆる悦楽花,VNDS-3119,2015-05-20,119分鐘,コルト69,STARPARADISE,ネクストイレブン,月刊熟女秘宝館,成熟的女人、其他戀物癖、高畫質,多人,https://www.javbus.com/VNDS-3119
EMBW-118 実録近親交尾 痴母の魔性に溺れた12人の息子4時間,EMBW-118 実録近親交尾 痴母の魔性に溺れた12人の息子4時間,EMBW-118,2015-05-17,240分鐘,,香澄企画/エマニエル,香澄企画（エマニエル）,,蕩婦、成熟的女人、亂倫、DMM獨家,中森玲子,https://www.javbus.com/EMBW-118
JFB-096 極上肉感ぬるぬるパンストソープSpecial,JFB-096 極上肉感ぬるぬるパンストソープSpecial,JFB-096,2015-04-25,360分鐘,,Fitch,Fitch,,成熟的女人、合集、妓女、連褲襪、屁股、數位馬賽克、DMM獨家,多人,https://www.javbus.com/JFB-096
KAGH-015 WORKER人妻4時間 汗で蒸れた完熟マ●コに勃起棒を生インサ～ト,KAGH-015 WORKER人妻4時間 汗で蒸れた完熟マ●コに勃起棒を生インサ～ト,KAGH-015,2015-04-25,240分鐘,妻撮りの翁,AFRO-FILM,かぐや姫（AFRO-FILM）,,成熟的女人、已婚婦女、中出、4小時以上作品、高畫質,多人,https://www.javbus.com/KAGH-015
XRW-076 強制拘束椅子イカセ 気持ちよすぎて大絶叫,XRW-076 強制拘束椅子イカセ 気持ちよすぎて大絶叫,XRW-076,2015-04-24,120分鐘,峰一也,レアルワークス,REAL（レアルワークス）,,SM、性奴、拘束、凌辱、羞恥,中森玲子,https://www.javbus.com/XRW-076
JUSD-625 高画質！Madonna選抜メンバー24人の神巨乳BEST8時間 1人あたり約20分収録で神巨乳をじっくりゆっくり堪能！,JUSD-625 高画質！Madonna選抜メンバー24人の神巨乳BEST8時間 1人あたり約20分収録で神巨乳をじっくりゆっくり堪能！,JUSD-625,2015-04-19,480分鐘,,マドンナ,Madonna,,成熟的女人、合集、數位馬賽克、乳房、超乳、巨乳、DMM獨家,多人,https://www.javbus.com/JUSD-625
EMBW-114 美魔女の絶倫交尾 大絶頂30人,EMBW-114 美魔女の絶倫交尾 大絶頂30人,EMBW-114,2015-04-17,240分鐘,,香澄企画/エマニエル,香澄企画（エマニエル）,,蕩婦、成熟的女人、4小時以上作品、DMM獨家,多人,https://www.javbus.com/EMBW-114
RBB-023 肉棒を包み込む最高の口淫 美熟女の優しく丁寧なフェラチオ16時間,RBB-023 肉棒を包み込む最高の口淫 美熟女の優しく丁寧なフェラチオ16時間,RBB-023,2015-04-16,960分鐘,,ROOKIE,ROOKIE,,成熟的女人、口交、姐姐、新娘、年輕妻子、DMM獨家,多人,https://www.javbus.com/RBB-023
KMDS-20288 カマタ映像 爆乳たれ乳母40人8時間,KMDS-20288 カマタ映像 爆乳たれ乳母40人8時間,KMDS-20288,2015-04-03,484分鐘,,カマタ映像,弁天,,母親、其他戀物癖、4小時以上作品、巨乳,中森玲子,https://www.javbus.com/KMDS-20288
ASW-077 P-2 ザーメンマニア専門ビデオ-オール黒背景-,ASW-077 P-2 ザーメンマニア専門ビデオ-オール黒背景-,ASW-077,2015-04-01,87分鐘,次元大介,S.P.C,S.P.C,ザーメンマニア専門ビデオ,口交、其他戀物癖、吞精、打手槍,多人,https://www.javbus.com/ASW-077
DOG-053 度を超したセクハラ指導に戸惑いながらも体が疼いてしまう風俗処女な人妻の恥辱初研修の記録12人6時間,DOG-053 度を超したセクハラ指導に戸惑いながらも体が疼いてしまう風俗処女な人妻の恥辱初研修の記録12人6時間,DOG-053,2015-03-16,367分鐘,,映天,ドッグイア,,合集、妓女、已婚婦女、偷窥、羞恥、中出、4小時以上作品,多人,https://www.javbus.com/DOG-053
KAGH-006 極楽センズリ鑑賞 8時間どっぴゅんSP ソリ返った勃起チ●ポを目の前にして欲情するドスケベ人妻たちに濃厚ザーメン発射25連発,KAGH-006 極楽センズリ鑑賞 8時間どっぴゅんSP ソリ返った勃起チ●ポを目の前にして欲情するドスケベ人妻たちに濃厚ザーメン発射25連発,KAGH-006,2015-03-05,481分鐘,,AFRO-FILM,かぐや姫（AFRO-FILM）,,已婚婦女、4小時以上作品、高畫質、打手槍,多人,https://www.javbus.com/KAGH-006
JFB-089 濃厚汗だく肉感グラマラス BEST6時間,JFB-089 濃厚汗だく肉感グラマラス BEST6時間,JFB-089,2015-02-28,360分鐘,,Fitch,Fitch,,蕩婦、成熟的女人、潮吹、合集、戀乳癖、數位馬賽克、DMM獨家,多人,https://www.javbus.com/JFB-089
VVVD-116 女性だけで作った禁断レズ劇場 友達の母と姉にレズられて 神BEST 中森玲子，さとう遥希，鈴木りん，桃色さくら,VVVD-116 女性だけで作った禁断レズ劇場 友達の母と姉にレズられて 神BEST 中森玲子，さとう遥希，鈴木りん，桃色さくら,VVVD-116,2015-02-28,240分鐘,安藤ボン,ヴィ,V,○○にレズられて,放尿、潮吹、合集、女同接吻、DMM獨家,多人,https://www.javbus.com/VVVD-116
BS-010 M男ドキュメント 極限の絶望 02 顔面騎乗に死す 中森玲子,BS-010 M男ドキュメント 極限の絶望 02 顔面騎乗に死す 中森玲子,BS-010,2015-02-26,104分鐘,ラッシャーみよし,RASH,ビザールスタイル,M男ドキュメント極限の絶望,蕩婦、其他戀物癖、屁股、顏面騎乘、單體作品,中森玲子,https://www.javbus.com/BS-010
BS-013 女王様プレイ・コレクション集,BS-013 女王様プレイ・コレクション集,BS-013,2015-02-26,203分鐘,ラッシャーみよし,RASH,ビザールスタイル,女王様プレイコレクション集,SM、其他戀物癖、合集、性奴、顏面騎乘,多人,https://www.javbus.com/BS-013
OPBD-111 爆乳ふたなり激射精 ウルトラBEST,OPBD-111 爆乳ふたなり激射精 ウルトラBEST,OPBD-111,2015-02-25,240分鐘,,オペラ,OPERA,,合集、雙性人、巨乳、DMM獨家,多人,https://www.javbus.com/OPBD-111
VNDS-3099 美熟女潮吹き大饗乱,VNDS-3099 美熟女潮吹き大饗乱,VNDS-3099,2015-02-25,119分鐘,コルト69,STARPARADISE,ネクストイレブン,,成熟的女人、濫交、潮吹、花癡、手指插入、高畫質,多人,https://www.javbus.com/VNDS-3099
RBB-009 高画質 SEXが大好き過ぎて淫乱な雰囲気ただよう ドスケベ熟女16時間,RBB-009 高画質 SEXが大好き過ぎて淫乱な雰囲気ただよう ドスケベ熟女16時間,RBB-009,2015-02-15,960分鐘,,ROOKIE,ROOKIE,,成熟的女人、潮吹、合集、花癡、高畫質、DMM獨家,多人,https://www.javbus.com/RBB-009
MBYD-216 奥さんのボリューミーなお尻8時間,MBYD-216 奥さんのボリューミーなお尻8時間,MBYD-216,2015-02-07,480分鐘,,溜池ゴロー,溜池ゴロー,,成熟的女人、合集、已婚婦女、屁股、DMM獨家,多人,https://www.javbus.com/MBYD-216
CADV-508 温泉旅館で起こったエッチなハプニング8時間！！混浴温泉で初めて会った男に性交を懇願！！マッサージ師の指テクでパンツはグチョ濡れ！！深夜の旅館で夜ばいSEX！！宴会場で大乱交！！憧れのAV女優が和室で筆,CADV-508 温泉旅館で起こったエッチなハプニング8時間！！混浴温泉で初めて会った男に性交を懇願！！マッサージ師の指テクでパンツはグチョ濡れ！！深夜の旅館で夜ばいSEX！！宴会場で大乱交！！憧れのAV女優が和室で筆,CADV-508,2015-02-01,478分鐘,,クリスタル映像,CRYSTALEX,,成熟的女人、女大學生、合集、已婚婦女、4小時以上作品、巨乳,多人,https://www.javbus.com/CADV-508
VENU-472 S級熟女 アルティメットコレクション 20人 4時間 II,VENU-472 S級熟女 アルティメットコレクション 20人 4時間 II,VENU-472,2015-01-18,240分鐘,,VENUS,INCEST（ヴィーナス）,S級熟女（VENUS）,成熟的女人、合集、已婚婦女、4小時以上作品、DMM獨家,多人,https://www.javbus.com/VENU-472
CADV-505 NON STOP FUCKING！！巨乳100人の100連続FUCK8時間,CADV-505 NON STOP FUCKING！！巨乳100人の100連続FUCK8時間,CADV-505,2015-01-16,478分鐘,,クリスタル映像,CRYSTALEX,NONSTOPFUCKING！！,成熟的女人、女大學生、美少女、4小時以上作品、高中女生、巨乳,多人,https://www.javbus.com/CADV-505
JFB-083 エロい美熟女の巨尻誘惑 全作品集16時間,JFB-083 エロい美熟女の巨尻誘惑 全作品集16時間,JFB-083,2014-12-20,960分鐘,,Fitch,Fitch,エロい○○の巨尻誘惑,蕩婦、成熟的女人、合集、各種職業、屁股、數位馬賽克、DMM獨家,多人,https://www.javbus.com/JFB-083
OOMN-123 フェラをしたがる母親達 厳選集,OOMN-123 フェラをしたがる母親達 厳選集,OOMN-123,2014-12-12,240分鐘,,ABC/妄想族,お母さん.com/ABC,フェラをしたがる母親達,成熟的女人、母親、口交、合集、亂倫、DMM獨家,多人,https://www.javbus.com/OOMN-123
VERO-039 VENUS痴漢大全集,VERO-039 VENUS痴漢大全集,VERO-039,2014-12-05,240分鐘,,VENUS,女神（ヴィーナス）,,成熟的女人、合集、已婚婦女、4小時以上作品、DMM獨家,多人,https://www.javbus.com/VERO-039
CADV-498 NON STOP FUCKING！！美女100人の100連続FUCK8時間,CADV-498 NON STOP FUCKING！！美女100人の100連続FUCK8時間,CADV-498,2014-12-01,479分鐘,,クリスタル映像,CRYSTALEX,,成熟的女人、家教、妓女、已婚婦女、多P、4小時以上作品、高中女生、學校泳裝,多人,https://www.javbus.com/CADV-498
EMBZ-074 ド淫乱痴熟女の肉欲交尾 絶頂アクメ！大量射精！クロニクルズ,EMBZ-074 ド淫乱痴熟女の肉欲交尾 絶頂アクメ！大量射精！クロニクルズ,EMBZ-074,2014-11-30,250分鐘,,熟女塾/エマニエル,熟女塾,,蕩婦、成熟的女人、合集、女上位、DMM獨家,多人,https://www.javbus.com/EMBZ-074
RABS-003 白昼の情交 罪悪感を感じながらも快楽への期待で濡れてしまう人妻,RABS-003 白昼の情交 罪悪感を感じながらも快楽への期待で濡れてしまう人妻,RABS-003,2014-11-23,171分鐘,竜二,FAプロ,FAプロ竜二ベスト,,成熟的女人、已婚婦女、戲劇、故事集、巨乳、DMM獨家,多人,https://www.javbus.com/RABS-003
FABS-048 心に残り心に沁みるヘンリー塚本官能ポルノ 縄縛,FABS-048 心に残り心に沁みるヘンリー塚本官能ポルノ 縄縛,FABS-048,2014-11-21,252分鐘,ヘンリー塚本,FAプロ,FAプレミアム,心に残り、心に沁みるヘンリー塚本官能ポルノ,成熟的女人、性奴、拘束、凌辱、羞恥、4小時以上作品、戲劇、DMM獨家,多人,https://www.javbus.com/FABS-048
RKI-378 思いのママ、気の向くママ、本能のおもむくママに美熟女のほっこり優しいSEX16時間,RKI-378 思いのママ、気の向くママ、本能のおもむくママに美熟女のほっこり優しいSEX16時間,RKI-378,2014-11-15,960分鐘,,ROOKIE,ROOKIE,,成熟的女人、合集、巨乳、DMM獨家,多人,https://www.javbus.com/RKI-378
NXG-271 官能肉欲絵巻 肉食系継母＆叔母の近親チ○ポ狩り,NXG-271 官能肉欲絵巻 肉食系継母＆叔母の近親チ○ポ狩り,NXG-271,2014-11-11,118分鐘,コルト69,NEXTGROUP,ネクストグループ,官能肉欲絵巻,成熟的女人、亂倫、手指插入、婆婆,多人,https://www.javbus.com/NXG-271
KSBE-020 舐めしゃぶり変態女 4時間,KSBE-020 舐めしゃぶり変態女 4時間,KSBE-020,2014-11-05,241分鐘,,OFFICEK’S,K’SBEST,,蕩婦、口交、其他戀物癖、合集、高畫質,多人,https://www.javbus.com/KSBE-020
ZCOL-022 SEX and FETISH 6-GIRLS 360 Min.,ZCOL-022 SEX and FETISH 6-GIRLS 360 Min.,ZCOL-022,2014-11-05,355分鐘,実録出版,実録出版,実録出版,,其他戀物癖、合集、屁股、高畫質、顏面騎乘、女生,多人,https://www.javbus.com/ZCOL-022
TSMS-022 ●児プレイ50人4時間,TSMS-022 ●児プレイ50人4時間,TSMS-022,2014-10-30,240分鐘,,TMA,シエスタ,,其他戀物癖、淫語、妄想、打手槍,多人,https://www.javbus.com/TSMS-022
VNDS-7028 奥さん！！お尻が熟れすぎですよ！,VNDS-7028 奥さん！！お尻が熟れすぎですよ！,VNDS-7028,2014-10-28,119分鐘,磯野マグロ,NEXTGROUP,ネクストイレブン,奥さん！！お尻が熟れすぎですよ！,成熟的女人、已婚婦女、屁股,多人,https://www.javbus.com/VNDS-7028
JFB-077 美熟女爆乳グラマラス 中森玲子コンプリートBEST8時間,JFB-077 美熟女爆乳グラマラス 中森玲子コンプリートBEST8時間,JFB-077,2014-10-25,480分鐘,,Fitch,Fitch,,蕩婦、成熟的女人、合集、已婚婦女、戀乳癖、數位馬賽克、單體作品、DMM獨家,中森玲子,https://www.javbus.com/JFB-077
MIBD-861 綺麗な凄テク美女限定！ごっくん丁寧編集爆飲4時間,MIBD-861 綺麗な凄テク美女限定！ごっくん丁寧編集爆飲4時間,MIBD-861,2014-10-25,240分鐘,,ムーディーズ,MOODYZBest,,蕩婦、合集、姐姐、數位馬賽克、DMM獨家、吞精,多人,https://www.javbus.com/MIBD-861
JFB-078 ムッチリ美女大集合！ハミ出し水着全作品集12時間,JFB-078 ムッチリ美女大集合！ハミ出し水着全作品集12時間,JFB-078,2014-10-25,720分鐘,,Fitch,Fitch,ハミ出し水着（Fitch）,成熟的女人、合集、戀乳癖、數位馬賽克、泳裝、DMM獨家,多人,https://www.javbus.com/JFB-078
WNXG-041 厳選！！不倫妻 DX8時間 まだまだ女でいたい…美貌と肉欲を持て余す貞淑を捨てた人妻達,WNXG-041 厳選！！不倫妻 DX8時間 まだまだ女でいたい…美貌と肉欲を持て余す貞淑を捨てた人妻達,WNXG-041,2014-10-20,473分鐘,VOLUME,STARPARADISE,VOLUME,,已婚婦女、通姦、4小時以上作品、高畫質,多人,https://www.javbus.com/WNXG-041
SWAC-005 パイズリ50人4時間,SWAC-005 パイズリ50人4時間,SWAC-005,2014-10-13,240分鐘,,湘南/妄想族,湘南/妄想族,,乳交、戀乳癖、巨乳、DMM獨家,多人,https://www.javbus.com/SWAC-005
EMBW-099 近親相姦 痴母たちの息子狩り 成長した息子のデカチンポをズボっと挿入！20人4時間,EMBW-099 近親相姦 痴母たちの息子狩り 成長した息子のデカチンポをズボっと挿入！20人4時間,EMBW-099,2014-10-13,240分鐘,,香澄企画/エマニエル,香澄企画（エマニエル）,,蕩婦、成熟的女人、亂倫、DMM獨家,中森玲子,https://www.javbus.com/EMBW-099
BCDP-043 巨乳熟女 熟れ頃オンナ30人の乳揺れ性交8時間,BCDP-043 巨乳熟女 熟れ頃オンナ30人の乳揺れ性交8時間,BCDP-043,2014-10-10,480分鐘,,BACKDROP,BACKDROP（BACKDROP）,,成熟的女人、乳交、合集、已婚婦女、4小時以上作品、巨乳、DMM獨家,多人,https://www.javbus.com/BCDP-043
MIBD-851 MOODYZ特選 極上ごっくん886連発,MIBD-851 MOODYZ特選 極上ごっくん886連発,MIBD-851,2014-09-13,478分鐘,,ムーディーズ,MOODYZBest,,口交、合集、姐姐、美少女、數位馬賽克、DMM獨家、吞精,多人,https://www.javbus.com/MIBD-851
RKI-358 Top of the AV ROOKIE×25メーカー厳選！SEX24時間 SSS級女優150人,RKI-358 Top of the AV ROOKIE×25メーカー厳選！SEX24時間 SSS級女優150人,RKI-358,2014-08-19,1438分鐘,,ROOKIE,ROOKIE,,合集、美少女、中出、DMM獨家,多人,https://www.javbus.com/RKI-358
BOMN-105 最大Lカップ 時代を彩る爆乳女優大集結 パイズリ狭射100名,BOMN-105 最大Lカップ 時代を彩る爆乳女優大集結 パイズリ狭射100名,BOMN-105,2014-08-15,240分鐘,,ABC/妄想族,BoinBB/ABC,,乳交、合集、戀乳癖、超乳、巨乳、DMM獨家,多人,https://www.javbus.com/BOMN-105
VNDS-7008 熟れ女尻 程よくたるんだ巨大なおしり10人3時間,VNDS-7008 熟れ女尻 程よくたるんだ巨大なおしり10人3時間,VNDS-7008,2014-07-30,178分鐘,磯野マグロ,NEXTGROUP,ネクストイレブン,,成熟的女人、已婚婦女、屁股,多人,https://www.javbus.com/VNDS-7008
OOMN-107 美熟女着替え 100名,OOMN-107 美熟女着替え 100名,OOMN-107,2014-07-27,239分鐘,,ABC/妄想族,お母さん.com/ABC,,成熟的女人、母親、合集、戀乳癖、巨乳、DMM獨家,多人,https://www.javbus.com/OOMN-107
VNDS-2906 特選！熟女温泉 ヤリまくりの旅,VNDS-2906 特選！熟女温泉 ヤリまくりの旅,VNDS-2906,2014-07-27,120分鐘,遠山銀次,NEXTGROUP,ネクストイレブン,,成熟的女人、濫交、巨乳,多人,https://www.javbus.com/VNDS-2906
VVVD-109 V2013年全タイトルBEST 12時間,VVVD-109 V2013年全タイトルBEST 12時間,VVVD-109,2014-07-26,718分鐘,,ヴィ,V,,合集、花癡、數位馬賽克、DMM獨家,多人,https://www.javbus.com/VVVD-109
MCSR-118 爆乳奥さん中出し BEST 8時間,MCSR-118 爆乳奥さん中出し BEST 8時間,MCSR-118,2014-07-25,481分鐘,武新,ビッグモーカル,マスカット,,合集、已婚婦女、中出、4小時以上作品、高畫質、巨乳,多人,https://www.javbus.com/MCSR-118
VEQ-057 S級熟女コンプリートファイル 中森玲子4時間 其の弐,VEQ-057 S級熟女コンプリートファイル 中森玲子4時間 其の弐,VEQ-057,2014-07-14,242分鐘,,VENUS,女神（ヴィーナス）,S級熟女（VENUS）,成熟的女人、合集、已婚婦女、4小時以上作品、單體作品、DMM獨家,中森玲子,https://www.javbus.com/VEQ-057
ZCOL-021 巨尻ローション＆顔面騎乗 美巨尻六人収録,ZCOL-021 巨尻ローション＆顔面騎乗 美巨尻六人収録,ZCOL-021,2014-06-17,190分鐘,実録出版,実録出版,実録出版,,其他戀物癖、合集、屁股、乳液、高畫質、顏面騎乘,多人,https://www.javbus.com/ZCOL-021
JUSD-562 美熟女の淫尻ぴったりタイトスカートFUCK 8時間,JUSD-562 美熟女の淫尻ぴったりタイトスカートFUCK 8時間,JUSD-562,2014-06-05,480分鐘,,マドンナ,Madonna,,成熟的女人、合集、各種職業、已婚婦女、數位馬賽克、4小時以上作品、迷你裙,多人,https://www.javbus.com/JUSD-562
ADVR-581 クライマックスダイジェスト 超乳愛奴コレクト,ADVR-581 クライマックスダイジェスト 超乳愛奴コレクト,ADVR-581,2014-06-01,91分鐘,峰一也,アートビデオ,ARTVIDEO,超乳愛奴コレクト,SM、合集、性奴、巨乳,多人,https://www.javbus.com/ADVR-581
MAST-016 美熟女大競艶3D 風間ゆみ 艶堂しほり 中森玲子 北条麻妃 浅倉彩音 瀬奈涼,MAST-016 美熟女大競艶3D 風間ゆみ 艶堂しほり 中森玲子 北条麻妃 浅倉彩音 瀬奈涼,MAST-016,2014-05-08,70分鐘,HAMEX,NEXTGROUP,3DMASTERS,,成熟的女人、濫交、潮吹、高畫質,多人,https://www.javbus.com/MAST-016
TKSC-048 ムッチムチのボディコン姿で誘惑されて勃起したチ○ポから手コキでザーメンしぼりとられちゃいました,TKSC-048 ムッチムチのボディコン姿で誘惑されて勃起したチ○ポから手コキでザーメンしぼりとられちゃいました,TKSC-048,2014-05-02,123分鐘,,映天,東京素人ちゃんねる,,口交、合集、淫語、姐姐、打手槍,多人,https://www.javbus.com/TKSC-048
TKSC-051 インテリメガネOLは実は社内のチ○ポを貪るド淫乱痴女 2,TKSC-051 インテリメガネOLは実は社内のチ○ポを貪るド淫乱痴女 2,TKSC-051,2014-05-02,128分鐘,,映天,東京素人ちゃんねる,インテリメガネOLは実は社内のチ○ポを貪るド淫乱痴女,蕩婦、OL、淫語、花癡、眼鏡,多人,https://www.javbus.com/TKSC-051
SCF-056 母と息子の近親相姦 88人のママ12時間,SCF-056 母と息子の近親相姦 88人のママ12時間,SCF-056,2014-04-20,724分鐘,,マルクス兄弟,MARXBrothersco.,,亂倫,多人,https://www.javbus.com/SCF-056
NXG-191 熟女人妻の祭典 ど淫乱美熟女SPECIAL BEST10,NXG-191 熟女人妻の祭典 ど淫乱美熟女SPECIAL BEST10,NXG-191,2014-04-11,119分鐘,いなりかずき,NEXTGROUP,ネクストグループ,熟女人妻の祭典,成熟的女人、合集、已婚婦女,多人,https://www.javbus.com/NXG-191
KCDA-005 スケスケハイレグ熟女,KCDA-005 スケスケハイレグ熟女,KCDA-005,2014-04-06,130分鐘,,デジタルアーク,digitalark（デジタルアーク）,,成熟的女人、合集、戀乳癖、巨乳,多人,https://www.javbus.com/KCDA-005
TKSC-043 超敏感！！すぐにいっちゃう我慢出来ない変態おやじの早漏チンポ,TKSC-043 超敏感！！すぐにいっちゃう我慢出来ない変態おやじの早漏チンポ,TKSC-043,2014-04-04,120分鐘,,映天,東京素人ちゃんねる,,口交、合集、淫語、姐姐、打手槍,多人,https://www.javbus.com/TKSC-043
TKSC-042 お仕置きされたい男達… 3 欲求不満のOL達はお仕置きと称して僕のチ●ポを弄ぶ。,TKSC-042 お仕置きされたい男達… 3 欲求不満のOL達はお仕置きと称して僕のチ●ポを弄ぶ。,TKSC-042,2014-04-04,122分鐘,,映天,東京素人ちゃんねる,お仕置きされたい男達…,OL、口交、合集、淫語、打手槍,多人,https://www.javbus.com/TKSC-042
NASS-118 和姦レイプ 快感を味わってしまった女たち,NASS-118 和姦レイプ 快感を味わってしまった女たち,NASS-118,2014-03-24,181分鐘,,なでしこ,Nadeshiko,,成熟的女人、強姦、已婚婦女、戲劇、故事集,多人,https://www.javbus.com/NASS-118
DPHC-007 非日常的クネクネ映像コレクション VII,DPHC-007 非日常的クネクネ映像コレクション VII,DPHC-007,2014-03-22,251分鐘,渡辺琢斗,AVScollector’s,PHANTOM夢,非日常的クネクネ映像コレクション,其他戀物癖、連褲襪、緊身衣、4小時以上作品、高畫質,多人,https://www.javbus.com/DPHC-007
PLB-006 Platina 4周年記念「初」コンプリートBOX 8時間,PLB-006 Platina 4周年記念「初」コンプリートBOX 8時間,PLB-006,2014-03-21,480分鐘,,ダスッ！,Platina,,合集、中出、巨乳,多人,https://www.javbus.com/PLB-006
NXG-156 禁断肉欲劇場 鬼畜義父の中出し嫁調教,NXG-156 禁断肉欲劇場 鬼畜義父の中出し嫁調教,NXG-156,2014-03-17,119分鐘,コルト69,NEXTGROUP,ネクストグループ,禁断肉欲劇場,性奴、粗暴、中出、巨乳,多人,https://www.javbus.com/NXG-156
CADV-456 完熟マダムPREMIUM 8時間 2,CADV-456 完熟マダムPREMIUM 8時間 2,CADV-456,2014-03-17,479分鐘,,クリスタル映像,CRYSTALEX,完熟マダムPREMIUM,成熟的女人、已婚婦女、中出、4小時以上作品、巨乳,多人,https://www.javbus.com/CADV-456
PPBD-076 男なら一度はヤッてみたい細身巨乳スタイルBEST 50人4時間,PPBD-076 男なら一度はヤッてみたい細身巨乳スタイルBEST 50人4時間,PPBD-076,2014-03-15,239分鐘,,OPPAI,OPPAI,男なら一度はヤッてみたい,乳交、合集、戀乳癖、姐姐、乳房、巨乳,多人,https://www.javbus.com/PPBD-076
GAS-295 爆乳超乳レズベスト4時間,GAS-295 爆乳超乳レズベスト4時間,GAS-295,2014-02-24,240分鐘,,シネマユニット・ガス,GAS,爆乳,女同性戀、合集、戀乳癖、巨乳,多人,https://www.javbus.com/GAS-295
FABS-031 30人の色っぽい女たちのふくよかな母なる乳房＆SEX,FABS-031 30人の色っぽい女たちのふくよかな母なる乳房＆SEX,FABS-031,2014-02-22,306分鐘,ヘンリー塚本,FAプロ・プラチナ,FAプレミアム,,成熟的女人、戀乳癖、4小時以上作品、戲劇、故事集、巨乳、貧乳・微乳,多人,https://www.javbus.com/FABS-031
AVSP-005 渡辺琢斗大図鑑 8時間 Premium Best 3,AVSP-005 渡辺琢斗大図鑑 8時間 Premium Best 3,AVSP-005,2014-02-22,483分鐘,渡辺琢斗,AVScollector’s,AVS,渡辺琢斗大図鑑,其他戀物癖、合集、連褲襪、4小時以上作品,多人,https://www.javbus.com/AVSP-005
BDCLB-025 絶対！！ベスト ふたり責め 8じかん。,BDCLB-025 絶対！！ベスト ふたり責め 8じかん。,BDCLB-025,2014-02-07,480分鐘,,ワープエンタテインメント,Waap,絶対！！ベスト,合集、多P、按摩、高畫質,多人,https://www.javbus.com/BDCLB-025
CADV-448 熟女と性交 巨乳編 風間ゆみ×中森玲子×村上涼子×高橋美緒,CADV-448 熟女と性交 巨乳編 風間ゆみ×中森玲子×村上涼子×高橋美緒,CADV-448,2014-02-03,239分鐘,,クリスタル映像,CRYSTALEX,熟女と性交,成熟的女人、已婚婦女、4小時以上作品、巨乳,多人,https://www.javbus.com/CADV-448
JFB-056 悶絶する美女達の卑猥な日常 全作品集30タイトル,JFB-056 悶絶する美女達の卑猥な日常 全作品集30タイトル,JFB-056,2014-01-25,480分鐘,,Fitch,Fitch,悶絶○○の卑猥な日常,成熟的女人、合集、已婚婦女、戀乳癖、數位馬賽克、主觀視角、DMM獨家,多人,https://www.javbus.com/JFB-056
CADV-444 THE GREAT BODY むしゃぶりつきたいカラダの女たち 8時間,CADV-444 THE GREAT BODY むしゃぶりつきたいカラダの女たち 8時間,CADV-444,2014-01-23,479分鐘,,クリスタル映像,CRYSTALEX,,潮吹、無毛、多P、4小時以上作品、巨乳,多人,https://www.javbus.com/CADV-444
VIKG-064 巨尻ディルドオナニー激淫ピストン DX,VIKG-064 巨尻ディルドオナニー激淫ピストン DX,VIKG-064,2014-01-22,120分鐘,Viking,STARPARADISE,バイキング,,蕩婦、玩具、自慰,多人,https://www.javbus.com/VIKG-064
HGSD-005 いかにもドスケベそうなお姉様達に散々弄ばれた後、最終的に手コキでイカされました…,HGSD-005 いかにもドスケベそうなお姉様達に散々弄ばれた後、最終的に手コキでイカされました…,HGSD-005,2014-01-22,123分鐘,,映天,xxxtra,,蕩婦、身體意識、其他戀物癖、姐姐、打手槍,多人,https://www.javbus.com/HGSD-005
PLB-005 生挿入で発射するのが気持ち良すぎる中出し性交50本番,PLB-005 生挿入で発射するのが気持ち良すぎる中出し性交50本番,PLB-005,2014-01-19,478分鐘,,ダスッ！,Platina,,合集、美少女、中出、巨乳、DMM獨家,多人,https://www.javbus.com/PLB-005
KAGS-040 SS級熟女 センズリ鑑賞4時間,KAGS-040 SS級熟女 センズリ鑑賞4時間,KAGS-040,2014-01-08,240分鐘,石川出水,AFRO-FILM,赫夜姫映像,,成熟的女人、4小時以上作品、高畫質、自慰,多人,https://www.javbus.com/KAGS-040
ALD-684 イラマからの激ピストン 限界超え13人,ALD-684 イラマからの激ピストン 限界超え13人,ALD-684,2013-12-29,243分鐘,,桃太郎映像出版,ALLIN☆ONE,,合集、多P、深喉、凌辱、DMM獨家、肛交,多人,https://www.javbus.com/ALD-684
MCSR-107 美熟女野獣ファック 絶叫悶絶妻 4時間,MCSR-107 美熟女野獣ファック 絶叫悶絶妻 4時間,MCSR-107,2013-12-25,240分鐘,ながふちつよし,ビッグモーカル,マスカット,美熟女野獣FUCK,成熟的女人、已婚婦女、4小時以上作品、高畫質,多人,https://www.javbus.com/MCSR-107
EMAF-251 デカ乳輪が好き！ 8時間,EMAF-251 デカ乳輪が好き！ 8時間,EMAF-251,2013-12-22,481分鐘,清水橋健太,フォーディメンション/エマニエル,フォーディメンション（エマニエル）,デカ乳輪が好き！,成熟的女人、其他戀物癖、花癡、4小時以上作品、巨乳、DMM獨家,多人,https://www.javbus.com/EMAF-251
MIBD-786 射精寸前の最高に気持ちいいジュボジュボ汁だくフェラチオ 4時間,MIBD-786 射精寸前の最高に気持ちいいジュボジュボ汁だくフェラチオ 4時間,MIBD-786,2013-12-21,238分鐘,,ムーディーズ,MOODYZBest,,口交、合集、花癡、數位馬賽克、DMM獨家,多人,https://www.javbus.com/MIBD-786
DFDA-115 痴女コキ4時間,DFDA-115 痴女コキ4時間,DFDA-115,2013-12-16,241分鐘,,デジタルアーク,digitalark（デジタルアーク）,,蕩婦、合集、巨乳、DMM獨家、打手槍,多人,https://www.javbus.com/DFDA-115
DFDA-121 Glam Mode Special 23人のグラマーお姉さん 8時間,DFDA-121 Glam Mode Special 23人のグラマーお姉さん 8時間,DFDA-121,2013-12-16,485分鐘,,デジタルアーク,digitalark（デジタルアーク）,GlamMode,蕩婦、其他戀物癖、合集、4小時以上作品、巨乳、DMM獨家,多人,https://www.javbus.com/DFDA-121
JUSD-529 Madonna10周年記念 Fitchレーベル全作品集 143タイトル12時間 全てはここから始まった！ 2007～2011年にリリースした全作品を完全網羅！！,JUSD-529 Madonna10周年記念 Fitchレーベル全作品集 143タイトル12時間 全てはここから始まった！ 2007～2011年にリリースした全作品を完全網羅！！,JUSD-529,2013-12-15,718分鐘,,マドンナ,Madonna,Madonna10周年記念,蕩婦、成熟的女人、合集、已婚婦女、數位馬賽克、羞恥、DMM獨家,多人,https://www.javbus.com/JUSD-529
FAX-495 人妻をモノにする力づくの挿入ポルノ,FAX-495 人妻をモノにする力づくの挿入ポルノ,FAX-495,2013-12-09,101分鐘,ヘンリー塚本,FAプロ・プラチナ,FAプロ,モノにする力づくの挿入ポルノ,成熟的女人、強姦、已婚婦女、戲劇、故事集、DMM獨家,多人,https://www.javbus.com/FAX-495
MBYD-177 人妻の濃厚なお掃除フェラ8時間,MBYD-177 人妻の濃厚なお掃除フェラ8時間,MBYD-177,2013-12-08,478分鐘,,溜池ゴロー,溜池ゴロー,,成熟的女人、口交、合集、已婚婦女、數位馬賽克、DMM獨家,多人,https://www.javbus.com/MBYD-177
MKCK-081 E-BODY 300SEX 24時間,MKCK-081 E-BODY 300SEX 24時間,MKCK-081,2013-12-08,1438分鐘,,E-BODY,E-BODY,,潮吹、合集、花癡、巨乳、DMM獨家,多人,https://www.javbus.com/MKCK-081
DFDA-114 EROTIC GALS 2 8hours,DFDA-114 EROTIC GALS 2 8hours,DFDA-114,2013-12-06,483分鐘,,デジタルアーク,digitalark（デジタルアーク）,EROTICGALS,蕩婦、合集、4小時以上作品、巨乳、DMM獨家、女生,多人,https://www.javbus.com/DFDA-114
DFDA-109 ピュッ飛び手コキ,DFDA-109 ピュッ飛び手コキ,DFDA-109,2013-12-06,123分鐘,,デジタルアーク,digitalark（デジタルアーク）,,蕩婦、合集、DMM獨家、女生、打手槍,多人,https://www.javbus.com/DFDA-109
DFDA-108 スタイル抜群の高身長痴女お姉さんが自慢のスタイルでM男を挑発！ 8時間,DFDA-108 スタイル抜群の高身長痴女お姉さんが自慢のスタイルでM男を挑発！ 8時間,DFDA-108,2013-12-06,484分鐘,,デジタルアーク,digitalark（デジタルアーク）,,蕩婦、其他戀物癖、合集、高、4小時以上作品、巨乳、DMM獨家,多人,https://www.javbus.com/DFDA-108
DFDA-110 社内の巨乳お姉さんはやっぱり淫乱なスケベ痴女,DFDA-110 社内の巨乳お姉さんはやっぱり淫乱なスケベ痴女,DFDA-110,2013-12-06,242分鐘,,デジタルアーク,digitalark（デジタルアーク）,,蕩婦、OL、合集、4小時以上作品、巨乳、DMM獨家,多人,https://www.javbus.com/DFDA-110
JUSD-524 Madonna10周年記念 巨乳美熟女100人祭り,JUSD-524 Madonna10周年記念 巨乳美熟女100人祭り,JUSD-524,2013-12-05,478分鐘,,マドンナ,Madonna,Madonna10周年記念,成熟的女人、合集、已婚婦女、新娘、年輕妻子、數位馬賽克、巨乳、DMM獨家,多人,https://www.javbus.com/JUSD-524
JFB-052 Fitch2012年全作品集,JFB-052 Fitch2012年全作品集,JFB-052,2013-11-28,238分鐘,,Fitch,Fitch,Fitch全作品集,成熟的女人、合集、各種職業、戀乳癖、屁股、數位馬賽克、DMM獨家,多人,https://www.javbus.com/JFB-052
JFB-053 魅惑のグラマラスランジェリーCollection,JFB-053 魅惑のグラマラスランジェリーCollection,JFB-053,2013-11-28,238分鐘,,Fitch,Fitch,,蕩婦、成熟的女人、合集、數位馬賽克、巨乳、DMM獨家、內衣,多人,https://www.javbus.com/JFB-053
VNDS-2845 熟妻 どスケベオナニー20連発！！,VNDS-2845 熟妻 どスケベオナニー20連発！！,VNDS-2845,2013-11-24,120分鐘,磯野マグロ,NEXTGROUP,ネクストイレブン,,成熟的女人、已婚婦女、自慰,多人,https://www.javbus.com/VNDS-2845
DFDA-107 痴女ギャルSEX,DFDA-107 痴女ギャルSEX,DFDA-107,2013-11-23,244分鐘,,デジタルアーク,digitalark（デジタルアーク）,痴女ギャルSEX,蕩婦、其他戀物癖、合集、巨乳、DMM獨家、女生,多人,https://www.javbus.com/DFDA-107
NXG-118 永久保存盤 美熟女LevelAセレクション 中森玲子 絶品！巨乳ファック 3時間BEST,NXG-118 永久保存盤 美熟女LevelAセレクション 中森玲子 絶品！巨乳ファック 3時間BEST,NXG-118,2013-11-13,179分鐘,遠山銀次,NEXTGROUP,ネクストグループ,永久保存盤美熟女LevelAセレクション,成熟的女人、合集、已婚婦女、婆婆、巨乳、單體作品,中森玲子,https://www.javbus.com/NXG-118
CADV-430 回春性感メンズエステ 8時間50連発！！,CADV-430 回春性感メンズエステ 8時間50連発！！,CADV-430,2013-11-12,479分鐘,,クリスタル映像,CRYSTALEX,,成熟的女人、合集、4小時以上作品、美容院、巨乳,多人,https://www.javbus.com/CADV-430
BCDP-007 極上泡姫 100選 8時間デラックス,BCDP-007 極上泡姫 100選 8時間デラックス,BCDP-007,2013-11-11,477分鐘,,BACKDROP,BACKDROP（BACKDROP）,極上○○100選デラックス,合集、妓女、乳液、4小時以上作品、巨乳、DMM獨家,多人,https://www.javbus.com/BCDP-007
MKCK-080 100cm以上限定超乳SEX,MKCK-080 100cm以上限定超乳SEX,MKCK-080,2013-11-10,238分鐘,,E-BODY,E-BODY,,乳交、合集、戀乳癖、巨乳、DMM獨家,多人,https://www.javbus.com/MKCK-080
JUSD-520 超お下劣ぅ～！熟女が果てるまでイッテ99人のオナニー8時間,JUSD-520 超お下劣ぅ～！熟女が果てるまでイッテ99人のオナニー8時間,JUSD-520,2013-11-03,478分鐘,,マドンナ,Madonna,,成熟的女人、合集、已婚婦女、數位馬賽克、巨乳、DMM獨家、自慰,多人,https://www.javbus.com/JUSD-520
TKSC-019 インテリメガネOLは実は社内のチ○ポを貪るド淫乱痴女,TKSC-019 インテリメガネOLは実は社内のチ○ポを貪るド淫乱痴女,TKSC-019,2013-11-01,129分鐘,,映天,東京素人ちゃんねる,,蕩婦、業餘、OL、眼鏡、巨乳,中森玲子,https://www.javbus.com/TKSC-019
YLW-4131 和装の艶熟女 4時間,YLW-4131 和装の艶熟女 4時間,YLW-4131,2013-10-31,240分鐘,YOU,MellowMoon,YellowMoon,,和服・喪服、成熟的女人、舔陰,多人,https://www.javbus.com/YLW-4131
EMAF-241 デカ乳熟女の膣に出せ！ 4時間,EMAF-241 デカ乳熟女の膣に出せ！ 4時間,EMAF-241,2013-10-27,240分鐘,清水橋健太,フォーディメンション/エマニエル,フォーディメンション（エマニエル）,,成熟的女人、戀乳癖、中出、4小時以上作品、巨乳、DMM獨家,多人,https://www.javbus.com/EMAF-241
EMCS-013 12名の働くおばさん 男を誘うムレて臭めの完熟マンコ 4時間,EMCS-013 12名の働くおばさん 男を誘うムレて臭めの完熟マンコ 4時間,EMCS-013,2013-10-27,240分鐘,MAX松井,抜玉/エマニエル,抜玉/エマニエル,,成熟的女人、各種職業、已婚婦女、4小時以上作品、高畫質、巨乳、DMM獨家,多人,https://www.javbus.com/EMCS-013
JFB-051 肉体に喰い込む拘束具…身動き出来ない女がイカされまくる肉感悶絶,JFB-051 肉体に喰い込む拘束具…身動き出来ない女がイカされまくる肉感悶絶,JFB-051,2013-10-26,238分鐘,,Fitch,Fitch,,紧缚、合集、數位馬賽克、拘束、凌辱、羞恥、DMM獨家,多人,https://www.javbus.com/JFB-051
MCSR-102 中出しお義母さんが教えてあげる BEST4時間 4,MCSR-102 中出しお義母さんが教えてあげる BEST4時間 4,MCSR-102,2013-10-25,241分鐘,武新,ビッグモーカル,マスカット,中出しお義母さんが教えてあげる,合集、亂倫、中出、4小時以上作品、婆婆、高畫質,多人,https://www.javbus.com/MCSR-102
MCSR-103R 極上美人妻 8時間BEST 第4章,MCSR-103R 極上美人妻 8時間BEST 第4章,MCSR-103R,2013-10-25,481分鐘,武新,ビッグモーカル,マスカット,極上○○8時間BEST,合集、已婚婦女、4小時以上作品、高畫質,多人,https://www.javbus.com/MCSR-103R
DFDA-098 ムギュ 爆乳パイズリ4時間,DFDA-098 ムギュ 爆乳パイズリ4時間,DFDA-098,2013-10-21,243分鐘,,デジタルアーク,デジタルアーク,,蕩婦、乳交、合集、4小時以上作品、巨乳、DMM獨家,多人,https://www.javbus.com/DFDA-098
JUSD-515 丸ごと！中森玲子 SPECIAL16時間 ～マドンナ出演作19タイトル完全網羅～,JUSD-515 丸ごと！中森玲子 SPECIAL16時間 ～マドンナ出演作19タイトル完全網羅～,JUSD-515,2013-10-20,958分鐘,,マドンナ,Madonna,丸ごと！○○8時間,蕩婦、成熟的女人、合集、已婚婦女、數位馬賽克、巨乳、單體作品、DMM獨家,中森玲子,https://www.javbus.com/JUSD-515
ARM-293 DILDO FUCK ディルドにまたがる女優たちBEST,ARM-293 DILDO FUCK ディルドにまたがる女優たちBEST,ARM-293,2013-10-20,232分鐘,,アロマ企画,AROMA,ディルドにまたがる○○,玩具、其他戀物癖、合集、女上位、DMM獨家、自慰,多人,https://www.javbus.com/ARM-293
KAGS-033 働く人妻 仕事中のSEXってメチャクチャ燃える！,KAGS-033 働く人妻 仕事中のSEXってメチャクチャ燃える！,KAGS-033,2013-10-17,120分鐘,三島六三郎,AFRO-FILM,赫夜姫映像,,OL、已婚婦女、打手槍,多人,https://www.javbus.com/KAGS-033
EMRD-046 爆乳アスリート競泳水着8時間 競泳水着専門激イキ生乳パイズリ濃厚ファックいいとこ撮りスペシャル！！,EMRD-046 爆乳アスリート競泳水着8時間 競泳水着専門激イキ生乳パイズリ濃厚ファックいいとこ撮りスペシャル！！,EMRD-046,2013-10-14,471分鐘,,エンペラー/妄想族,エンペラー（エンペラー/妄想族）,,乳交、合集、多P、巨乳、DMM獨家、學校泳裝,多人,https://www.javbus.com/EMRD-046
KDMI-017 コスッて熟女神 BEST,KDMI-017 コスッて熟女神 BEST,KDMI-017,2013-10-14,240分鐘,狂一,ミル,ミル,コスッて熟女神,角色扮演、成熟的女人、連褲襪、屁股、緊身衣、DMM獨家,多人,https://www.javbus.com/KDMI-017
MBYD-172 絶頂！そしてその理由… ドラマシーンもしっかり収録！ イカされた白衣の女達8時間,MBYD-172 絶頂！そしてその理由… ドラマシーンもしっかり収録！ イカされた白衣の女達8時間,MBYD-172,2013-10-13,480分鐘,,溜池ゴロー,溜池ゴロー,,成熟的女人、护士、合集、數位馬賽克、DMM獨家,多人,https://www.javbus.com/MBYD-172
DPH-116 非日常的悶絶コレクション 第十二集,DPH-116 非日常的悶絶コレクション 第十二集,DPH-116,2013-10-11,254分鐘,渡辺琢斗,AVScollector’s,PHANTOM夢,非日常的悶絶遊戯,其他戀物癖、合集、連褲襪、惡作劇、主觀視角、DMM獨家,多人,https://www.javbus.com/DPH-116
YLW-4121 フェラチオがあまりにも下品すぎて離婚した20人のスッポン熟女 4時間,YLW-4121 フェラチオがあまりにも下品すぎて離婚した20人のスッポン熟女 4時間,YLW-4121,2013-10-10,240分鐘,,アカデミック,YellowMoon,,成熟的女人、口交、其他戀物癖,多人,https://www.javbus.com/YLW-4121
ZKKK-008 巨尻SPECIAL 中森玲子,ZKKK-008 巨尻SPECIAL 中森玲子,ZKKK-008,2013-10-07,257分鐘,実録出版,実録出版,実録出版,巨尻SPECIAL,屁股、高畫質、顏面騎乘、巨乳、單體作品,中森玲子,https://www.javbus.com/ZKKK-008
UMD-022 暴力巨大マラで突きまくられる！ 摘発！黒人レイプ犯された美女20人 黒人レイプ事件簿,UMD-022 暴力巨大マラで突きまくられる！ 摘発！黒人レイプ犯された美女20人 黒人レイプ事件簿,UMD-022,2013-10-01,240分鐘,,グローバルメディアエンタテインメント,ULTRAMIX,総集編,成熟的女人、強姦、合集、數位馬賽克、高畫質、黑人演員,多人,https://www.javbus.com/UMD-022
JUSD-510 ズポズポズッポリ！！スポーツ熟女8時間 ～ずぼると！～,JUSD-510 ズポズポズッポリ！！スポーツ熟女8時間 ～ずぼると！～,JUSD-510,2013-09-25,480分鐘,,マドンナ,Madonna,,成熟的女人、合集、已婚婦女、數位馬賽克、凌辱、泳裝、DMM獨家,多人,https://www.javbus.com/JUSD-510
DFDA-090 グラマラスマドンナ 8時間,DFDA-090 グラマラスマドンナ 8時間,DFDA-090,2013-09-07,486分鐘,,デジタルアーク,digitalark（デジタルアーク）,,蕩婦、成熟的女人、其他戀物癖、合集、巨乳、DMM獨家,多人,https://www.javbus.com/DFDA-090
JUFD-304 完全引退 中森玲子、最初で最後の痴女露出！,JUFD-304 完全引退 中森玲子、最初で最後の痴女露出！,JUFD-304,2013-09-01,179分鐘,ながしめ,Fitch,Fitch,,蕩婦、成熟的女人、野外・露出、數位馬賽克、羞恥、高畫質、巨乳、單體作品、DMM獨家,中森玲子,https://www.javbus.com/JUFD-304
VENU-362 幻母 禁断母子スワップ総集編 2,VENU-362 幻母 禁断母子スワップ総集編 2,VENU-362,2013-08-24,243分鐘,,VENUS,女神（ヴィーナス）,近親相姦幻母INCEST,成熟的女人、母親、合集、已婚婦女、DMM獨家,多人,https://www.javbus.com/VENU-362
ANHD-025 イヤラシすぎるレズビアン乱交8時間,ANHD-025 イヤラシすぎるレズビアン乱交8時間,ANHD-025,2013-08-11,478分鐘,,アンナと花子,アンナと花子,,女同性戀、濫交、合集、舔陰、巨乳、DMM獨家,多人,https://www.javbus.com/ANHD-025
SCF-037 パイズリ天国100人8時間,SCF-037 パイズリ天国100人8時間,SCF-037,2013-08-09,485分鐘,,マルクス兄弟,MARXBrothersco.,,乳交、戀乳癖、巨乳、DMM獨家,多人,https://www.javbus.com/SCF-037
MBYD-166 姦欲を掻き立てる極上ボディな女たちの性交8時間,MBYD-166 姦欲を掻き立てる極上ボディな女たちの性交8時間,MBYD-166,2013-08-08,478分鐘,,溜池ゴロー,溜池ゴロー,,合集、巨乳、DMM獨家,多人,https://www.javbus.com/MBYD-166
MIBD-749 特濃ザーメンすんごい舌上発射400連発8時間,MIBD-749 特濃ザーメンすんごい舌上発射400連発8時間,MIBD-749,2013-08-08,478分鐘,,ムーディーズ,MOODYZBest,特濃ザーメンすんごい舌上発射,蕩婦、口交、合集、顏射、DMM獨家,多人,https://www.javbus.com/MIBD-749
DFDA-083 ぽちゃどるビキニ,DFDA-083 ぽちゃどるビキニ,DFDA-083,2013-08-03,127分鐘,,デジタルアーク,digitalark（デジタルアーク）,,蕩婦、胖女人、合集、巨乳、DMM獨家,多人,https://www.javbus.com/DFDA-083
DFDA-085 ドスケベお姉さんに犯されイカされまくる8時間,DFDA-085 ドスケベお姉さんに犯されイカされまくる8時間,DFDA-085,2013-08-03,481分鐘,,デジタルアーク,digitalark（デジタルアーク）,,蕩婦、合集、巨乳、DMM獨家、打手槍,多人,https://www.javbus.com/DFDA-085
JUSD-501 発射直後のチ○ポをむさぼる美熟女お掃除フェラ8時間SP,JUSD-501 発射直後のチ○ポをむさぼる美熟女お掃除フェラ8時間SP,JUSD-501,2013-08-02,478分鐘,,マドンナ,Madonna,発射直後のチ○ポをむさぼる美熟女お掃除フェラ,成熟的女人、口交、合集、已婚婦女、數位馬賽克、顏射、DMM獨家,多人,https://www.javbus.com/JUSD-501
JFB-045 上から目線で男を弄ぶ肉感美女,JFB-045 上から目線で男を弄ぶ肉感美女,JFB-045,2013-07-27,238分鐘,,Fitch,Fitch,,蕩婦、合集、各種職業、戀乳癖、屁股、數位馬賽克、DMM獨家,多人,https://www.javbus.com/JFB-045
BIJ-035 熟女ブルセラ 総集編,BIJ-035 熟女ブルセラ 総集編,BIJ-035,2013-07-22,268分鐘,高円寺☆ゴロー,虎堂,淫熟,熟女ブルセラ,角色扮演、成熟的女人、其他戀物癖、合集、4小時以上作品,多人,https://www.javbus.com/BIJ-035
FABS-015 昭和 戦後日本 哀切のポルノドラマ/異国の大地 日本婦人のポルノドラマ,FABS-015 昭和 戦後日本 哀切のポルノドラマ/異国の大地 日本婦人のポルノドラマ,FABS-015,2013-07-22,353分鐘,ヘンリー塚本,FAプロ・プラチナ,FAプレミアム,昭和,成熟的女人、母親、已婚婦女、戲劇、DMM獨家,多人,https://www.javbus.com/FABS-015
CADV-407 抱きごこちの良いムチムチ熟女50人8時間,CADV-407 抱きごこちの良いムチムチ熟女50人8時間,CADV-407,2013-07-21,483分鐘,,クリスタル映像,CRYSTALEX,,成熟的女人、合集、4小時以上作品、巨乳,多人,https://www.javbus.com/CADV-407
VAGU-048 人妻淫語中出しソープ 総集編 8時間,VAGU-048 人妻淫語中出しソープ 総集編 8時間,VAGU-048,2013-07-15,486分鐘,,VENUS,ヴィーナス（VENUS）,人妻淫語中出しソープ,成熟的女人、合集、妓女、淫語、已婚婦女、中出、DMM獨家,多人,https://www.javbus.com/VAGU-048
KDMI-016 巨根・鬼突きFUCK 4時間 騎乗位＆BACK,KDMI-016 巨根・鬼突きFUCK 4時間 騎乗位＆BACK,KDMI-016,2013-07-15,240分鐘,狂一,ミル,ミル,,合集、連褲襪、屁股、戀腿癖、女上位、DMM獨家,多人,https://www.javbus.com/KDMI-016
MIBD-741 むっちり女優×肉感ぴったり着衣4時間,MIBD-741 むっちり女優×肉感ぴったり着衣4時間,MIBD-741,2013-07-13,238分鐘,,ムーディーズ,MOODYZBest,,胖女人、姐姐、數位馬賽克、講師、巨乳、DMM獨家、學校泳裝,多人,https://www.javbus.com/MIBD-741
YLW-4068 近親相姦 息子に中出しされた15人の母 平均年齢44歳,YLW-4068 近親相姦 息子に中出しされた15人の母 平均年齢44歳,YLW-4068,2013-07-11,240分鐘,,アカデミック,YellowMoon,,成熟的女人、母親、亂倫、中出、4小時以上作品,多人,https://www.javbus.com/YLW-4068
CADV-406 脅迫レイプ 8時間50連発！！,CADV-406 脅迫レイプ 8時間50連発！！,CADV-406,2013-07-05,479分鐘,,クリスタル映像,CRYSTALEX,,強姦、合集、各種職業、4小時以上作品,多人,https://www.javbus.com/CADV-406
DFDA-081 DIGITAL ARK FREAK,DFDA-081 DIGITAL ARK FREAK,DFDA-081,2013-07-05,125分鐘,,デジタルアーク,digitalark（デジタルアーク）,,其他戀物癖、介紹影片、巨乳、DMM獨家、女生,多人,https://www.javbus.com/DFDA-081
JUSD-495 もの凄い巨尻美熟女40人の馬乗りファック8時間SP,JUSD-495 もの凄い巨尻美熟女40人の馬乗りファック8時間SP,JUSD-495,2013-07-04,478分鐘,,マドンナ,Madonna,もの凄い巨尻美熟女,成熟的女人、合集、已婚婦女、屁股、數位馬賽克、女上位、DMM獨家,多人,https://www.javbus.com/JUSD-495
JUSD-496 美熟女と少年の燃え上がる年の差セックス51人8時間,JUSD-496 美熟女と少年の燃え上がる年の差セックス51人8時間,JUSD-496,2013-07-04,478分鐘,,マドンナ,Madonna,,成熟的女人、母親、合集、已婚婦女、數位馬賽克、巨乳、DMM獨家,多人,https://www.javbus.com/JUSD-496
JFB-042 揺らして揉んで舐めて吸う！絶品爆乳フルコース,JFB-042 揺らして揉んで舐めて吸う！絶品爆乳フルコース,JFB-042,2013-06-27,238分鐘,,Fitch,Fitch,,乳交、合集、戀乳癖、數位馬賽克、巨乳、DMM獨家,多人,https://www.javbus.com/JFB-042
VNDS-2758 美人妻ディルドオナニー DX,VNDS-2758 美人妻ディルドオナニー DX,VNDS-2758,2013-06-27,119分鐘,遠山銀次,NEXTGROUP,ネクストイレブン,,成熟的女人、玩具、已婚婦女、自慰,多人,https://www.javbus.com/VNDS-2758
JFB-043 卑猥な肉感パンストコレクション,JFB-043 卑猥な肉感パンストコレクション,JFB-043,2013-06-27,238分鐘,,Fitch,Fitch,,合集、連褲襪、屁股、戀腿癖、數位馬賽克、顏面騎乘、DMM獨家,多人,https://www.javbus.com/JFB-043
JUSD-491 2012年マドンナ全313タイトル12時間,JUSD-491 2012年マドンナ全313タイトル12時間,JUSD-491,2013-06-22,718分鐘,,マドンナ,Madonna,○○年マドンナ全タイトル,成熟的女人、母親、合集、已婚婦女、數位馬賽克、DMM獨家,多人,https://www.javbus.com/JUSD-491
HTZM-019 人妻倶楽部 ラビリンス全20タイトル8時間,HTZM-019 人妻倶楽部 ラビリンス全20タイトル8時間,HTZM-019,2013-06-16,487分鐘,,ラビリンス,人妻倶楽部（ラビリンス）,,成熟的女人、合集、已婚婦女、DMM獨家,多人,https://www.javbus.com/HTZM-019
RKI-260 SS級女優 完全露出 16時間 Vol.2,RKI-260 SS級女優 完全露出 16時間 Vol.2,RKI-260,2013-06-15,958分鐘,,ROOKIE,ROOKIE,露出16時間,野外・露出、合集、凌辱、羞恥、4小時以上作品、DMM獨家,多人,https://www.javbus.com/RKI-260
MKCK-070 完熟 総集編,MKCK-070 完熟 総集編,MKCK-070,2013-06-09,238分鐘,,E-BODY,E-BODY,完熟（E-BODY）,成熟的女人、合集、花癡、DMM獨家,多人,https://www.javbus.com/MKCK-070
ALD-627 メガチンポ生イラマ！50人,ALD-627 メガチンポ生イラマ！50人,ALD-627,2013-06-07,242分鐘,,桃太郎映像出版,ALLIN☆ONE,,口交、深喉、凌辱、DMM獨家,多人,https://www.javbus.com/ALD-627
JUSD-489 美熟女40人の暴れる爆乳セックス8時間,JUSD-489 美熟女40人の暴れる爆乳セックス8時間,JUSD-489,2013-06-06,478分鐘,,マドンナ,Madonna,美熟女○人の○○爆乳セックス8時間,成熟的女人、合集、戀乳癖、數位馬賽克、女上位、巨乳、DMM獨家,多人,https://www.javbus.com/JUSD-489
EMCS-008 Sランク！美熟女 中森玲子,EMCS-008 Sランク！美熟女 中森玲子,EMCS-008,2013-05-31,120分鐘,三島六三郎,抜玉/エマニエル,抜玉/エマニエル,Sランク！美熟女,成熟的女人、按摩、巨乳、單體作品、DMM獨家,中森玲子,https://www.javbus.com/EMCS-008
JFB-041 オイルとローションまみれの肉感BODYが濡れて滑って気持ち良～いSEX,JFB-041 オイルとローションまみれの肉感BODYが濡れて滑って気持ち良～いSEX,JFB-041,2013-05-30,478分鐘,,Fitch,Fitch,,成熟的女人、合集、各種職業、戀乳癖、數位馬賽克、乳液、DMM獨家,多人,https://www.javbus.com/JFB-041
JFB-040 え！こんな所で？こんな格好で？辱められて悶え恥らう肉感美女！,JFB-040 え！こんな所で？こんな格好で？辱められて悶え恥らう肉感美女！,JFB-040,2013-05-30,478分鐘,,Fitch,Fitch,,合集、各種職業、屁股、數位馬賽克、羞恥、巨乳、DMM獨家,多人,https://www.javbus.com/JFB-040
AVSP-003 渡辺琢斗大図鑑 8時間 Premium Best,AVSP-003 渡辺琢斗大図鑑 8時間 Premium Best,AVSP-003,2013-05-20,480分鐘,渡辺琢斗,AVScollector’s,AVS,渡辺琢斗大図鑑,其他戀物癖、合集、連褲襪、主觀視角、DMM獨家,多人,https://www.javbus.com/AVSP-003
OPRD-074 大量射精しながらイキまくる超デカチン爆乳ふたなり乱交2 さとう遥希 中森玲子,OPRD-074 大量射精しながらイキまくる超デカチン爆乳ふたなり乱交2 さとう遥希 中森玲子,OPRD-074,2013-05-19,119分鐘,ドラゴン西川,オペラ,OPERA,超デカチン爆乳ふたなり乱交,濫交、數位馬賽克、雙性人、DVD多士爐、高畫質、巨乳、DMM獨家,多人,https://www.javbus.com/OPRD-074
MIBD-726 セリフ付きごっくん4時間,MIBD-726 セリフ付きごっくん4時間,MIBD-726,2013-05-11,238分鐘,,ムーディーズ,MOODYZBest,,蕩婦、口交、合集、淫語、數位馬賽克、巨乳、DMM獨家、吞精,多人,https://www.javbus.com/MIBD-726
MBYD-160 男どもに犯され続ける人妻たち8時間,MBYD-160 男どもに犯され続ける人妻たち8時間,MBYD-160,2013-05-11,478分鐘,,溜池ゴロー,溜池ゴロー,,成熟的女人、合集、已婚婦女、數位馬賽克、凌辱、巨乳、DMM獨家,多人,https://www.javbus.com/MBYD-160
CHDJV-007 実録 痴漢電車 狙われた16人の女たち COLLECTION 8時間,CHDJV-007 実録 痴漢電車 狙われた16人の女たち COLLECTION 8時間,CHDJV-007,2013-05-10,479分鐘,,グラフィティジャパン,フェアエスト,実録痴漢電車,合集、性騷擾、4小時以上作品、手指插入、高畫質,多人,https://www.javbus.com/CHDJV-007
YLW-4067 ドスケベ美人妻たちのセンズリ鑑賞 勃起チンポを欲しがる美妻たち,YLW-4067 ドスケベ美人妻たちのセンズリ鑑賞 勃起チンポを欲しがる美妻たち,YLW-4067,2013-05-10,119分鐘,三島六三郎,MellowMoon,YellowMoon,,成熟的女人、其他戀物癖、已婚婦女,多人,https://www.javbus.com/YLW-4067
MLW-3026 素人巨乳妻中出し,MLW-3026 素人巨乳妻中出し,MLW-3026,2013-05-10,131分鐘,,MellowMoon,MellowMoon,,業餘、已婚婦女、通姦、中出、巨乳,多人,https://www.javbus.com/MLW-3026
ALD-626 発射3分前からの絶頂！！！NON STOP美熟女中出し50人,ALD-626 発射3分前からの絶頂！！！NON STOP美熟女中出し50人,ALD-626,2013-05-04,244分鐘,,桃太郎映像出版,ALLIN☆ONE,発射3分前からの絶頂！！！,成熟的女人、已婚婦女、寡婦、中出、DMM獨家,多人,https://www.javbus.com/ALD-626
MIBD-720 超高画質100本フェラ抜き8時間,MIBD-720 超高画質100本フェラ抜き8時間,MIBD-720,2013-05-01,478分鐘,,ムーディーズ,MOODYZBest,,口交、合集、數位馬賽克、4小時以上作品、顏射、DMM獨家、吞精,多人,https://www.javbus.com/MIBD-720
EMBZ-033 今宵、美人妻を凌辱したい… 熟女塾・ザ・レイプ・ベストセレクション！熟れた女体は鬼畜共に犯されまくり、肉奴隷へと堕ちていく。,EMBZ-033 今宵、美人妻を凌辱したい… 熟女塾・ザ・レイプ・ベストセレクション！熟れた女体は鬼畜共に犯されまくり、肉奴隷へと堕ちていく。,EMBZ-033,2013-04-26,239分鐘,熟島竜平,熟女塾/エマニエル,熟女塾,,成熟的女人、強姦、已婚婦女、凌辱、中出、DMM獨家,多人,https://www.javbus.com/EMBZ-033
JFB-038 肉厚巨尻美女のワガママ馬乗りSEX8時間,JFB-038 肉厚巨尻美女のワガママ馬乗りSEX8時間,JFB-038,2013-04-25,478分鐘,,Fitch,Fitch,,蕩婦、合集、屁股、數位馬賽克、女上位、巨乳、DMM獨家,多人,https://www.javbus.com/JFB-038
JUSD-481 美熟女の物凄く下品なフェラ 花ビラ50回転8時間,JUSD-481 美熟女の物凄く下品なフェラ 花ビラ50回転8時間,JUSD-481,2013-04-20,478分鐘,,マドンナ,Madonna,,蕩婦、成熟的女人、口交、合集、已婚婦女、數位馬賽克、4小時以上作品、DMM獨家,多人,https://www.javbus.com/JUSD-481
VAGU-040 玲子ママとのやらしい生活 中森玲子,VAGU-040 玲子ママとのやらしい生活 中森玲子,VAGU-040,2013-04-14,103分鐘,SARU,VENUS,ヴィーナス（VENUS）,○○ママとのやらしい生活,成熟的女人、母親、亂倫、已婚婦女、主觀視角、單體作品、DMM獨家,中森玲子,https://www.javbus.com/VAGU-040
SBCI-016 底なしの欲求 ハメ狂いの欲しがり妻 3時間,SBCI-016 底なしの欲求 ハメ狂いの欲しがり妻 3時間,SBCI-016,2013-04-12,204分鐘,ながえ,サイドビー,CINEMA（シネマ）,底なしの欲求,和服・喪服、已婚婦女、巨乳,多人,https://www.javbus.com/SBCI-016
SCF-022 キモメンに犯される33人の美女 8時間,SCF-022 キモメンに犯される33人の美女 8時間,SCF-022,2013-04-08,478分鐘,,マルクス兄弟,MARXBrothersco.,,強姦、多P、凌辱、中出、DMM獨家,多人,https://www.javbus.com/SCF-022
MBYD-157 下着をつけたままで貪る人妻のヤラしい性交8時間,MBYD-157 下着をつけたままで貪る人妻のヤラしい性交8時間,MBYD-157,2013-04-07,478分鐘,,溜池ゴロー,溜池ゴロー,,合集、已婚婦女、數位馬賽克、DMM獨家,多人,https://www.javbus.com/MBYD-157
MKCK-066 イク寸前から発射までの快楽ピストン60連発,MKCK-066 イク寸前から発射までの快楽ピストン60連発,MKCK-066,2013-04-07,238分鐘,,E-BODY,E-BODY,,其他戀物癖、合集、花癡、巨乳、DMM獨家,多人,https://www.javbus.com/MKCK-066
JUSD-478 またがり美熟女のイキ狂い騎乗位40人8時間,JUSD-478 またがり美熟女のイキ狂い騎乗位40人8時間,JUSD-478,2013-04-04,478分鐘,,マドンナ,Madonna,,成熟的女人、合集、已婚婦女、屁股、數位馬賽克、女上位、DMM獨家,多人,https://www.javbus.com/JUSD-478
BMW-021 マシュマロオッパイでぬるぬる包み込む 絶品巨乳ソープ8時間,BMW-021 マシュマロオッパイでぬるぬる包み込む 絶品巨乳ソープ8時間,BMW-021,2013-04-01,479分鐘,,ワンズファクトリー,WANZ,,乳交、合集、妓女、巨乳、DMM獨家,多人,https://www.javbus.com/BMW-021
VVVD-094 レズSM 逆さ吊りムチ400連発！ダブルBEST 風間ゆみ 中森玲子,VVVD-094 レズSM 逆さ吊りムチ400連発！ダブルBEST 風間ゆみ 中森玲子,VVVD-094,2013-03-28,236分鐘,ばば★ザ★ばびぃ,ヴィ,V,レズSM逆さ吊り,成熟的女人、SM、女同性戀、合集、數位馬賽克、DMM獨家,多人,https://www.javbus.com/VVVD-094
VICD-244 女性だけで作った禁断レズ劇場 友達の失禁母にレズられて 中森玲子 鈴木りん,VICD-244 女性だけで作った禁断レズ劇場 友達の失禁母にレズられて 中森玲子 鈴木りん,VICD-244,2013-03-28,160分鐘,安藤ボン,ヴィ,V,○○にレズられて,成熟的女人、放尿、女同性戀、數位馬賽克、高畫質、DMM獨家,多人,https://www.javbus.com/VICD-244
JFB-037 ムッチリボディが激しく揺れる射精寸前のガン突き124連発8時間,JFB-037 ムッチリボディが激しく揺れる射精寸前のガン突き124連発8時間,JFB-037,2013-03-28,478分鐘,,Fitch,Fitch,,合集、戀乳癖、屁股、數位馬賽克、羞恥、巨乳、DMM獨家,多人,https://www.javbus.com/JFB-037
UMD-016 黒人婦女暴行 第四巻 黒人に犯される巨乳熟女20人,UMD-016 黒人婦女暴行 第四巻 黒人に犯される巨乳熟女20人,UMD-016,2013-03-25,240分鐘,,グローバルメディアエンタテインメント,ULTRAMIX,黒人○○暴行,成熟的女人、強姦、合集、數位馬賽克、高畫質、巨乳、黑人演員,多人,https://www.javbus.com/UMD-016
IENE-237 アイエナジーいやらしい人妻のオナニー作品集 22人の人妻たち,IENE-237 アイエナジーいやらしい人妻のオナニー作品集 22人の人妻たち,IENE-237,2013-03-21,238分鐘,,アイエナジー,IENERGY！,アイエナジー作品集,合集、已婚婦女、插入異物、高畫質,多人,https://www.javbus.com/IENE-237
FABS-006 ヘンリー塚本 コレクション 熟女色情地獄,FABS-006 ヘンリー塚本 コレクション 熟女色情地獄,FABS-006,2013-03-18,268分鐘,ヘンリー塚本,FAプロ・プラチナ,FAプレミアム,ヘンリー塚本,成熟的女人、已婚婦女、通姦、戲劇、巨乳、DMM獨家,多人,https://www.javbus.com/FABS-006
SCF-019 無理やり連続発射させられちゃったボク4時間スぺシャル,SCF-019 無理やり連続発射させられちゃったボク4時間スぺシャル,SCF-019,2013-03-18,240分鐘,,マルクス兄弟,MARXBrothersco.,,蕩婦、乳交、DMM獨家、打手槍,多人,https://www.javbus.com/SCF-019
OBSE-005 総決算！お母さん.com 人気企画厳選ベスト 4時間,OBSE-005 総決算！お母さん.com 人気企画厳選ベスト 4時間,OBSE-005,2013-03-15,240分鐘,,ex,お母さん.com,人気企画厳選ベスト,成熟的女人、母親、乳交、合集、亂倫、DMM獨家、打手槍,多人,https://www.javbus.com/OBSE-005
RKI-245 調教で堕ちた女たち16時間,RKI-245 調教で堕ちた女たち16時間,RKI-245,2013-03-14,958分鐘,,ROOKIE,ROOKIE,,合集、性奴、凌辱、4小時以上作品、DMM獨家,多人,https://www.javbus.com/RKI-245
CADV-376 癒しのエステサロン 巨乳限定8時間DX,CADV-376 癒しのエステサロン 巨乳限定8時間DX,CADV-376,2013-03-03,478分鐘,,クリスタル映像,CRYSTALEX,,女同性戀、多P、4小時以上作品、美容院、巨乳,多人,https://www.javbus.com/CADV-376
JUSD-471 2012年マドンナ下半期161タイトル8時間,JUSD-471 2012年マドンナ下半期161タイトル8時間,JUSD-471,2013-03-01,478分鐘,,マドンナ,Madonna,マドンナ○半期,成熟的女人、母親、合集、亂倫、已婚婦女、數位馬賽克、4小時以上作品、DMM獨家,多人,https://www.javbus.com/JUSD-471
JFB-035 爆乳から美巨乳までムッチリ極上パイズリ8時間,JFB-035 爆乳から美巨乳までムッチリ極上パイズリ8時間,JFB-035,2013-02-23,478分鐘,,Fitch,Fitch,,乳交、合集、戀乳癖、數位馬賽克、乳房、泳裝、DMM獨家,多人,https://www.javbus.com/JFB-035
JUFD-271 濃厚汗だく爆乳グラマラス ～フェロモン漏れだすムレムレ肉感家政婦～ 中森玲子,JUFD-271 濃厚汗だく爆乳グラマラス ～フェロモン漏れだすムレムレ肉感家政婦～ 中森玲子,JUFD-271,2013-02-23,155分鐘,［Jo］Style,Fitch,Fitch,濃厚汗だく豊満グラマラス,成熟的女人、各種職業、已婚婦女、數位馬賽克、高畫質、泳裝、巨乳、單體作品、DMM獨家,中森玲子,https://www.javbus.com/JUFD-271
DFDA-067 ミニスカスーツの巨乳お姉さん 8時間,DFDA-067 ミニスカスーツの巨乳お姉さん 8時間,DFDA-067,2013-02-18,482分鐘,,デジタルアーク,digitalark（デジタルアーク）,,蕩婦、OL、合集、巨乳、DMM獨家、迷你裙,多人,https://www.javbus.com/DFDA-067
JUSD-468 25人の義母と息子の背徳交尾 総集編8時間,JUSD-468 25人の義母と息子の背徳交尾 総集編8時間,JUSD-468,2013-02-17,478分鐘,,マドンナ,Madonna,,成熟的女人、母親、合集、已婚婦女、數位馬賽克、婆婆、DMM獨家,多人,https://www.javbus.com/JUSD-468
MIBD-702 気持ち良～く発射した直後の敏感チ●ポを綺麗にお掃除フェラ8時間,MIBD-702 気持ち良～く発射した直後の敏感チ●ポを綺麗にお掃除フェラ8時間,MIBD-702,2013-02-13,478分鐘,,ムーディーズ,MOODYZBest,,口交、其他戀物癖、合集、數位馬賽克、4小時以上作品、DMM獨家、顏射,多人,https://www.javbus.com/MIBD-702
OBSE-004 風呂場でのSEX近親相姦集 4時間32家族,OBSE-004 風呂場でのSEX近親相姦集 4時間32家族,OBSE-004,2013-02-11,239分鐘,,ex,お母さん.com,リアル熟女ドキュメント,成熟的女人、母親、亂倫、DMM獨家、打手槍,多人,https://www.javbus.com/OBSE-004
PPBD-063 厳選！爆乳騎乗位アングル4時間,PPBD-063 厳選！爆乳騎乗位アングル4時間,PPBD-063,2013-02-10,238分鐘,,OPPAI,OPPAI,,其他戀物癖、合集、戀乳癖、女上位、巨乳、DMM獨家,多人,https://www.javbus.com/PPBD-063
RKI-240 ど・淫乱 ど・すけべ ど・変態 心の底からエロオーラ全開SEX16時間,RKI-240 ど・淫乱 ど・すけべ ど・変態 心の底からエロオーラ全開SEX16時間,RKI-240,2013-02-10,958分鐘,,ROOKIE,ROOKIE,,合集、中出、DMM獨家,多人,https://www.javbus.com/RKI-240
SCF-013 ママに癒されたい甘えん坊なボク。4時間,SCF-013 ママに癒されたい甘えん坊なボク。4時間,SCF-013,2013-02-08,241分鐘,,マルクス兄弟,MARXBrothersco.,,母親、其他戀物癖、巨乳、打手槍,多人,https://www.javbus.com/SCF-013
DECB-001 ドM艶女 メス犬になりたい私 BEST COLLECTION,DECB-001 ドM艶女 メス犬になりたい私 BEST COLLECTION,DECB-001,2013-02-08,240分鐘,薄刃紫翠,AVScollector’s,AVSCollector’s,ドM艶女,紧缚、合集、性奴、凌辱,多人,https://www.javbus.com/DECB-001
QQ-036 ボイン大好きしょう太くんのHなイタズラ BESTセレクション,QQ-036 ボイン大好きしょう太くんのHなイタズラ BESTセレクション,QQ-036,2013-02-07,240分鐘,,グローリークエスト,GLORYQUEST,しょう太くんのHなイタズラ,合集、惡作劇、4小時以上作品、正太控、巨乳,多人,https://www.javbus.com/QQ-036
MKCK-060 高画質日替わりSEX8時間,MKCK-060 高画質日替わりSEX8時間,MKCK-060,2013-02-07,478分鐘,,E-BODY,E-BODY,高画質日替わりSEX,潮吹、花癡、乳房、4小時以上作品、高畫質、巨乳、DMM獨家,多人,https://www.javbus.com/MKCK-060
CADV-369 完熟マダムPREMIUM 8時間,CADV-369 完熟マダムPREMIUM 8時間,CADV-369,2013-02-02,479分鐘,,クリスタル映像,CRYSTALEX,完熟マダムPREMIUM,成熟的女人、已婚婦女、4小時以上作品,多人,https://www.javbus.com/CADV-369
JUSD-466 背徳スワッピングに溺れた20組8時間,JUSD-466 背徳スワッピングに溺れた20組8時間,JUSD-466,2013-02-02,478分鐘,,マドンナ,Madonna,,成熟的女人、合集、已婚婦女、多P、數位馬賽克、羞恥、DMM獨家,多人,https://www.javbus.com/JUSD-466
VNDS-2649 母親の絶頂オナニーを覗いた息子,VNDS-2649 母親の絶頂オナニーを覗いた息子,VNDS-2649,2013-01-29,118分鐘,十三,NEXTGROUP,ネクストイレブン,,成熟的女人、母親、其他戀物癖、偷窥、自慰,多人,https://www.javbus.com/VNDS-2649
JFB-033 ムッチリBODYで男を惑わす肉感痴女36人8時間,JFB-033 ムッチリBODYで男を惑わす肉感痴女36人8時間,JFB-033,2013-01-26,478分鐘,,Fitch,Fitch,,蕩婦、合集、屁股、數位馬賽克、4小時以上作品、顏面騎乘、巨乳、DMM獨家,多人,https://www.javbus.com/JFB-033
YLW-4033 ママは愛ドル！息子の体を溺愛する美人妻たちの近親性愛,YLW-4033 ママは愛ドル！息子の体を溺愛する美人妻たちの近親性愛,YLW-4033,2013-01-25,239分鐘,江川卓球,MellowMoon,YellowMoon,,成熟的女人、母親、合集、亂倫、4小時以上作品,多人,https://www.javbus.com/YLW-4033
CO-4773 人妻中出しレイプ 4 「精液まみれの熱い陰唇」,CO-4773 人妻中出しレイプ 4 「精液まみれの熱い陰唇」,CO-4773,2013-01-24,118分鐘,浅田直己,コロナ社,CORONASPECIAL,人妻中出しレイプ（コロナ社）,強姦、已婚婦女、中出,多人,https://www.javbus.com/CO-4773
PLB-003 本能剥き出し生中出しセックス総集編II 8時間,PLB-003 本能剥き出し生中出しセックス総集編II 8時間,PLB-003,2013-01-20,478分鐘,,ダスッ！,Platina,本能剥き出し生中出しセックス,乳交、合集、中出、巨乳、單體作品、DMM獨家,多人,https://www.javbus.com/PLB-003
YUYU-018 S級レズビアン,YUYU-018 S級レズビアン,YUYU-018,2013-01-14,242分鐘,,ゆり★ゆり,ゆり★ゆり,S級レズビアン,女同性戀、合集、女同接吻、DMM獨家,多人,https://www.javbus.com/YUYU-018
RKI-234 プリッ尻を鷲づかみ！ お尻丸犯し 高画質で掴みたくなる16時間,RKI-234 プリッ尻を鷲づかみ！ お尻丸犯し 高画質で掴みたくなる16時間,RKI-234,2013-01-13,958分鐘,,ROOKIE,ROOKIE,,合集、屁股、4小時以上作品、高畫質、DMM獨家,多人,https://www.javbus.com/RKI-234
MIBD-694 男は黙って仁王立ちフェラチオ,MIBD-694 男は黙って仁王立ちフェラチオ,MIBD-694,2013-01-13,238分鐘,,ムーディーズ,MOODYZBest,,口交、合集、數位馬賽克、性奴、深喉、DMM獨家,多人,https://www.javbus.com/MIBD-694
MBYD-152 なぜ彼女たちは犯されてしまったのか ドラマシーンもしっかり収録！凌辱作品傑作選！,MBYD-152 なぜ彼女たちは犯されてしまったのか ドラマシーンもしっかり収録！凌辱作品傑作選！,MBYD-152,2013-01-11,478分鐘,,溜池ゴロー,溜池ゴロー,,成熟的女人、強姦、合集、數位馬賽克、DMM獨家,多人,https://www.javbus.com/MBYD-152
MIBD-693 限界ギリギリ 露出痴女,MIBD-693 限界ギリギリ 露出痴女,MIBD-693,2013-01-11,238分鐘,,ムーディーズ,MOODYZBest,,蕩婦、野外・露出、合集、數位馬賽克、巨乳、DMM獨家,多人,https://www.javbus.com/MIBD-693
JUSD-460 もの凄い巨尻美熟女40人のデカ尻弾む超絶ファック8時間,JUSD-460 もの凄い巨尻美熟女40人のデカ尻弾む超絶ファック8時間,JUSD-460,2012-12-28,478分鐘,,マドンナ,Madonna,もの凄い巨尻美熟女,成熟的女人、合集、已婚婦女、屁股、數位馬賽克、4小時以上作品、DMM獨家,多人,https://www.javbus.com/JUSD-460
EMBZ-024 美熟痴女たちの性なる宴 ～貴方の男体を気持ちよ～く貪り尽くしてア・ゲ・ル、そして私の膣内にイッパイ射精・し・て…,EMBZ-024 美熟痴女たちの性なる宴 ～貴方の男体を気持ちよ～く貪り尽くしてア・ゲ・ル、そして私の膣内にイッパイ射精・し・て…,EMBZ-024,2012-12-23,110分鐘,弁太郎,熟女塾/エマニエル,熟女塾,,蕩婦、成熟的女人、單體作品,多人,https://www.javbus.com/EMBZ-024
VENU-303 近親相姦 エロ尻母 総集編 4時間,VENU-303 近親相姦 エロ尻母 総集編 4時間,VENU-303,2012-12-23,242分鐘,,VENUS,女神（ヴィーナス）,近親相姦（VENUS）,成熟的女人、合集、已婚婦女、屁股,多人,https://www.javbus.com/VENU-303
MIMK-010 母が白衣を脱ぐとき3 澤村レイコ 中森玲子 前田優希,MIMK-010 母が白衣を脱ぐとき3 澤村レイコ 中森玲子 前田優希,MIMK-010,2012-12-22,170分鐘,K*WEST,ムーディーズ,まんきつ,母が白衣を脱ぐとき（ムーディーズ）,強姦、亂倫、數位馬賽克、高畫質、戲劇、DMM獨家、肛交,多人,https://www.javbus.com/MIMK-010
IENE-205 拒めず、逃げず、声も出せない 感度良好女子 シリーズ作品集,IENE-205 拒めず、逃げず、声も出せない 感度良好女子 シリーズ作品集,IENE-205,2012-12-22,238分鐘,,アイエナジー,IENERGY！,拒めず、逃げず、声も出せない感度良好女子,女大學生、合集、4小時以上作品,多人,https://www.javbus.com/IENE-205
QQ-034 巨乳娘中出し 12人4時間,QQ-034 巨乳娘中出し 12人4時間,QQ-034,2012-12-20,239分鐘,,グローリークエスト,GLORYQUEST,,乳交、中出、4小時以上作品、巨乳,多人,https://www.javbus.com/QQ-034
DAZD-046 ダスッ！2012年激総集編決定版8時間,DAZD-046 ダスッ！2012年激総集編決定版8時間,DAZD-046,2012-12-16,478分鐘,,ダスッ！,ダスッ！,,強姦、合集、輪姦、凌辱、中出、4小時以上作品、巨乳、DMM獨家,多人,https://www.javbus.com/DAZD-046
OOMN-053 好評！無防備な隣の奥さん 匂いたつパンチラ胸チラ集2,OOMN-053 好評！無防備な隣の奥さん 匂いたつパンチラ胸チラ集2,OOMN-053,2012-12-14,119分鐘,,ABC/妄想族,お母さん.com/ABC,無防備な隣の奥さん匂いたつパンチラ胸チラ集,成熟的女人、母親、其他戀物癖、合集、妄想,多人,https://www.javbus.com/OOMN-053
MIBD-688 怒涛の肉感！極上BODYとボディコンピタコス4時間スペシャル！,MIBD-688 怒涛の肉感！極上BODYとボディコンピタコス4時間スペシャル！,MIBD-688,2012-12-09,238分鐘,,ムーディーズ,MOODYZBest,,角色扮演、身體意識、其他戀物癖、合集、數位馬賽克、巨乳、DMM獨家,多人,https://www.javbus.com/MIBD-688
MBYD-149 欲求不満を見透かされて…マッサージで感じてイカされた女達！,MBYD-149 欲求不満を見透かされて…マッサージで感じてイカされた女達！,MBYD-149,2012-12-09,239分鐘,,溜池ゴロー,溜池ゴロー,,成熟的女人、合集、數位馬賽克、按摩、DMM獨家,多人,https://www.javbus.com/MBYD-149
MKCK-055 E-BODY24時間 E-BODY5周年記念作品,MKCK-055 E-BODY24時間 E-BODY5周年記念作品,MKCK-055,2012-12-09,1438分鐘,,E-BODY,E-BODY,,合集、戀乳癖、高、女上位、巨乳、DMM獨家,多人,https://www.javbus.com/MKCK-055
JUSD-453 美熟女の喉奥を犯しまくる！痛烈イラマチオ8時間,JUSD-453 美熟女の喉奥を犯しまくる！痛烈イラマチオ8時間,JUSD-453,2012-12-06,478分鐘,,マドンナ,Madonna,,成熟的女人、合集、已婚婦女、數位馬賽克、深喉、凌辱、4小時以上作品、DMM獨家,多人,https://www.javbus.com/JUSD-453
PSSD-269 主観×淫語×熟クリエイターSP,PSSD-269 主観×淫語×熟クリエイターSP,PSSD-269,2012-11-30,222分鐘,,アウダースジャパン,AUDAZ,主観×淫語×○○,蕩婦、成熟的女人、合集、淫語、主觀視角,多人,https://www.javbus.com/PSSD-269
AIED-022 美魔女 ひとりHセレクション 拘束強制アクメ編,AIED-022 美魔女 ひとりHセレクション 拘束強制アクメ編,AIED-022,2012-11-30,121分鐘,,アイ映像/妄想族,アイ映像/妄想族,美魔女ひとりHセレクション,其他戀物癖、合集、拘束、DMM獨家,多人,https://www.javbus.com/AIED-022
JFB-029 肉感女優のハレンチ衣装と肉体を楽しむ8時間,JFB-029 肉感女優のハレンチ衣装と肉体を楽しむ8時間,JFB-029,2012-11-29,478分鐘,,Fitch,Fitch,,合集、屁股、數位馬賽克、緊身衣、泳裝、巨乳、DMM獨家,多人,https://www.javbus.com/JFB-029
LADS-122 猥褻レズエステ,LADS-122 猥褻レズエステ,LADS-122,2012-11-28,125分鐘,,トップマーシャル,LADIES♀ROOM,,女同性戀、舔陰、美容院,多人,https://www.javbus.com/LADS-122
MCSR-080 美熟女野獣FUCK 完全撮り下ろし 3時間,MCSR-080 美熟女野獣FUCK 完全撮り下ろし 3時間,MCSR-080,2012-11-25,181分鐘,ながふちつよし,ビッグモーカル,マスカット,,成熟的女人、多P、高畫質、巨乳,多人,https://www.javbus.com/MCSR-080
JUSD-451 巨乳のおかあさんを激しく突いて揺れるおっぱいを楽しむ8時間,JUSD-451 巨乳のおかあさんを激しく突いて揺れるおっぱいを楽しむ8時間,JUSD-451,2012-11-22,478分鐘,,マドンナ,Madonna,,成熟的女人、母親、合集、亂倫、數位馬賽克、4小時以上作品、巨乳、DMM獨家,多人,https://www.javbus.com/JUSD-451
NHDTA-313 激しいSEXで体温が上がり汗を吹き散らし絶頂しまくる高学歴女 ～女弁護士・女医・女秘書～,NHDTA-313 激しいSEXで体温が上がり汗を吹き散らし絶頂しまくる高学歴女 ～女弁護士・女医・女秘書～,NHDTA-313,2012-11-18,167分鐘,ジャケン小玉,ナチュラルハイ,NATURALHIGH,激しいSEXで体温が上がり汗を吹き散らし絶頂しまくる高学歴女,企畫、女醫生、秘書,多人,https://www.javbus.com/NHDTA-313
QXL-80 RUBY厳選！純和風熟女コレクション 8時間,QXL-80 RUBY厳選！純和風熟女コレクション 8時間,QXL-80,2012-11-09,477分鐘,木村浩之,ルビー,RUBY,純和風熟女,和服・喪服、成熟的女人、合集、4小時以上作品,多人,https://www.javbus.com/QXL-80
FAX-450 有害図書 下劣なレイプがいっぱい,FAX-450 有害図書 下劣なレイプがいっぱい,FAX-450,2012-11-09,169分鐘,ヘンリー塚本,FAプロ・プラチナ,FAプロ,有害図書,成熟的女人、強姦、亂倫、已婚婦女、戲劇、高中女生,多人,https://www.javbus.com/FAX-450
MBYD-148 美熟女36人が見せる日常のエロス8時間 Vol.2,MBYD-148 美熟女36人が見せる日常のエロス8時間 Vol.2,MBYD-148,2012-11-08,478分鐘,,溜池ゴロー,溜池ゴロー,日常のエロス8時間,成熟的女人、其他戀物癖、合集、4小時以上作品、巨乳、DMM獨家,多人,https://www.javbus.com/MBYD-148
MBYD-147 疼きが止まらない美女限定の絶頂本番ベスト8時間,MBYD-147 疼きが止まらない美女限定の絶頂本番ベスト8時間,MBYD-147,2012-11-08,478分鐘,,溜池ゴロー,溜池ゴロー,,成熟的女人、合集、4小時以上作品、DMM獨家,多人,https://www.javbus.com/MBYD-147
VOLD-037 エロドラマ 傑作選 4,VOLD-037 エロドラマ 傑作選 4,VOLD-037,2012-11-03,242分鐘,ガッデム崎山,ボリューミー,VOLUMY,エロドラマ傑作選,成熟的女人、已婚婦女、舔陰、戲劇,多人,https://www.javbus.com/VOLD-037
VEC-053 わいせつ通勤 人妻痴漢バス 中森玲子,VEC-053 わいせつ通勤 人妻痴漢バス 中森玲子,VEC-053,2012-10-27,90分鐘,ペータ☆,VENUS,ヴィーナス（VENUS）,,成熟的女人、OL、已婚婦女、性騷擾、巨乳、單體作品,中森玲子,https://www.javbus.com/VEC-053
AIED-021 美魔女 ひとりHセレクション ディルド編,AIED-021 美魔女 ひとりHセレクション ディルド編,AIED-021,2012-10-27,139分鐘,,アイ映像/妄想族,アイ映像/妄想族,美魔女ひとりHセレクション,成熟的女人、其他戀物癖、潮吹、合集、DMM獨家、自慰,多人,https://www.javbus.com/AIED-021
JFB-027 揉んで揺らして挟んで楽しむ肉感女優の爆乳8時間,JFB-027 揉んで揺らして挟んで楽しむ肉感女優の爆乳8時間,JFB-027,2012-10-26,478分鐘,,Fitch,Fitch,,乳交、合集、各種職業、數位馬賽克、4小時以上作品、泳裝、巨乳、DMM獨家,多人,https://www.javbus.com/JFB-027
WING-026 働く人妻 ブルーレイスペシャル版,WING-026 働く人妻 ブルーレイスペシャル版,WING-026,2012-10-25,121分鐘,杉崎仁,ビッグモーカル,HD-WING,働く人妻（ビッグモーカル）,各種職業、已婚婦女、高畫質,多人,https://www.javbus.com/WING-026
RKI-213 超ド級！！！美熟女100人盛り16時間,RKI-213 超ド級！！！美熟女100人盛り16時間,RKI-213,2012-10-14,958分鐘,,ROOKIE,ROOKIE,,成熟的女人、合集、DMM獨家,多人,https://www.javbus.com/RKI-213
RKI-218 ROOKIE×E-BODY×kira☆kira×kawaii*4メーカー連動コラボ作品第4弾！キラカワ☆E学園 最終章 めちゃめちゃ大乱交ROOKIE編,RKI-218 ROOKIE×E-BODY×kira☆kira×kawaii*4メーカー連動コラボ作品第4弾！キラカワ☆E学園 最終章 めちゃめちゃ大乱交ROOKIE編,RKI-218,2012-10-14,598分鐘,中目黒浩治,ROOKIE,ROOKIE,キラカワ☆E学園,濫交、女教師、美少女、學校作品、DMM獨家、女生,多人,https://www.javbus.com/RKI-218
ANHD-019 オンナ達のディープキス,ANHD-019 オンナ達のディープキス,ANHD-019,2012-10-14,479分鐘,,アンナと花子,アンナと花子,,女同性戀、合集、數位馬賽克、舔陰、女同接吻、按摩棒、DMM獨家,多人,https://www.javbus.com/ANHD-019
RKI-212 ROOKIEが選んだS級女優の最高に美しいピンクマンコ,RKI-212 ROOKIEが選んだS級女優の最高に美しいピンクマンコ,RKI-212,2012-10-14,958分鐘,,ROOKIE,ROOKIE,,口交、其他戀物癖、合集、DMM獨家、局部特寫,多人,https://www.javbus.com/RKI-212
FAX-443 365日アレがしたい女たち,FAX-443 365日アレがしたい女たち,FAX-443,2012-10-08,119分鐘,ヘンリー塚本,FAプロ・プラチナ,FAプロ,,成熟的女人、通姦、戲劇、巨乳,多人,https://www.javbus.com/FAX-443
KCPB-012 熟女大陸3P編 PREMIUM 生姦中出し 4時間 Vol 2,KCPB-012 熟女大陸3P編 PREMIUM 生姦中出し 4時間 Vol 2,KCPB-012,2012-10-08,243分鐘,KAZU,CREAMPIE,クリームパイ,PREMIUM生姦中出し,成熟的女人、多P、凌辱、中出、巨乳,多人,https://www.javbus.com/KCPB-012
MBYD-145 中森玲子8時間,MBYD-145 中森玲子8時間,MBYD-145,2012-10-07,478分鐘,,溜池ゴロー,溜池ゴロー,,成熟的女人、合集、數位馬賽克、巨乳、單體作品、DMM獨家,中森玲子,https://www.javbus.com/MBYD-145
DFDA-063 ド淫乱痴女に勃起チ○ポ犯されてみませんか？,DFDA-063 ド淫乱痴女に勃起チ○ポ犯されてみませんか？,DFDA-063,2012-10-05,479分鐘,,デジタルアーク,digitalark（デジタルアーク）,,蕩婦、合集、巨乳、DMM獨家、打手槍,多人,https://www.javbus.com/DFDA-063
EMBW-054 三十路！四十路！五十路！48人の美魔女SPECIAL 8時間,EMBW-054 三十路！四十路！五十路！48人の美魔女SPECIAL 8時間,EMBW-054,2012-09-29,478分鐘,,香澄企画/エマニエル,香澄企画（エマニエル）,,成熟的女人、苗條、中出、4小時以上作品、巨乳,多人,https://www.javbus.com/EMBW-054
AIED-020 美魔女 ひとりHセレクション 潮電マ編,AIED-020 美魔女 ひとりHセレクション 潮電マ編,AIED-020,2012-09-29,141分鐘,,アイ映像/妄想族,アイ映像/妄想族,美魔女ひとりHセレクション,成熟的女人、潮吹、合集、女優按摩棒、DMM獨家、自慰,多人,https://www.javbus.com/AIED-020
KAGS-010 人妻極秘裏バイト 自宅で回春マッサージ,KAGS-010 人妻極秘裏バイト 自宅で回春マッサージ,KAGS-010,2012-09-28,119分鐘,三島六三郎,AFRO-FILM,赫夜姫映像,,成熟的女人、已婚婦女、按摩、巨乳,多人,https://www.javbus.com/KAGS-010
KAGS-009 6名の働くおばさん 男を誘うムレた完熟マンコ,KAGS-009 6名の働くおばさん 男を誘うムレた完熟マンコ,KAGS-009,2012-09-27,119分鐘,三島六三郎,AFRO-FILM,赫夜姫映像,6名の働くおばさん,成熟的女人、各種職業、中出、自慰,多人,https://www.javbus.com/KAGS-009
KAGS-006 美熟女6名のセンズリ鑑賞 疼いてきちゃったんですけど…,KAGS-006 美熟女6名のセンズリ鑑賞 疼いてきちゃったんですけど…,KAGS-006,2012-09-24,120分鐘,三島六三郎,AFRO-FILM,赫夜姫映像,,成熟的女人、乳交、已婚婦女、巨乳、自慰,多人,https://www.javbus.com/KAGS-006
JUSD-439 2012年マドンナ上半期151タイトル8時間,JUSD-439 2012年マドンナ上半期151タイトル8時間,JUSD-439,2012-09-21,478分鐘,,マドンナ,Madonna,マドンナ○半期,成熟的女人、母親、合集、已婚婦女、新娘、年輕妻子、數位馬賽克、4小時以上作品、DMM獨家,多人,https://www.javbus.com/JUSD-439
JUSD-438 水着の美熟女20人8時間 濡れて輝く卑猥なボディ大集合！！,JUSD-438 水着の美熟女20人8時間 濡れて輝く卑猥なボディ大集合！！,JUSD-438,2012-09-21,478分鐘,,マドンナ,Madonna,,成熟的女人、合集、已婚婦女、數位馬賽克、4小時以上作品、泳裝、巨乳、DMM獨家,多人,https://www.javbus.com/JUSD-438
UMD-004 田舎の性犯罪 四畳半のレイプ事件簿,UMD-004 田舎の性犯罪 四畳半のレイプ事件簿,UMD-004,2012-09-19,240分鐘,あばしり一家,グローバルメディアエンタテインメント,ULTRAMIX,,成熟的女人、強姦、合集、數位馬賽克、中出、出軌,多人,https://www.javbus.com/UMD-004
ZCOL-009 巨尻桃尻究極伝説 尻フェチ交尾 怒濤の六時間 前編,ZCOL-009 巨尻桃尻究極伝説 尻フェチ交尾 怒濤の六時間 前編,ZCOL-009,2012-09-11,396分鐘,実録出版,実録出版,実録出版,巨尻桃尻究極伝説,合集、屁股、女上位、4小時以上作品、高畫質,多人,https://www.javbus.com/ZCOL-009
MKCK-049 パイズリ100連発！！,MKCK-049 パイズリ100連発！！,MKCK-049,2012-09-09,239分鐘,,E-BODY,E-BODY,,乳交、合集、戀乳癖、巨乳、DMM獨家,多人,https://www.javbus.com/MKCK-049
BKSP-349 近親相姦 母子スワップ作品集,BKSP-349 近親相姦 母子スワップ作品集,BKSP-349,2012-09-09,238分鐘,,アイエナジー,BKSP,近親相姦母子スワップ,母親、合集、亂倫、4小時以上作品,多人,https://www.javbus.com/BKSP-349
JUSD-436 じっとり汗ばむ美熟女20人の浴衣セックス8時間,JUSD-436 じっとり汗ばむ美熟女20人の浴衣セックス8時間,JUSD-436,2012-09-06,478分鐘,,マドンナ,Madonna,,和服・喪服、成熟的女人、合集、已婚婦女、數位馬賽克、4小時以上作品、限時降價、DMM獨家,多人,https://www.javbus.com/JUSD-436
JUSD-435 二本のチ○ポをお口とマ○コで味わう！！3Pファック8時間,JUSD-435 二本のチ○ポをお口とマ○コで味わう！！3Pファック8時間,JUSD-435,2012-09-06,478分鐘,,マドンナ,Madonna,,成熟的女人、合集、已婚婦女、多P、數位馬賽克、凌辱、4小時以上作品、限時降價、DMM獨家,多人,https://www.javbus.com/JUSD-435
CHDJV-006 実録 痴漢電車 VI,CHDJV-006 実録 痴漢電車 VI,CHDJV-006,2012-09-02,119分鐘,,グラフィティジャパン,フェアエスト,実録痴漢電車,性騷擾、姐妹、高畫質、巨乳,多人,https://www.javbus.com/CHDJV-006
CADV-343 近親●姦 8時間50連発！！,CADV-343 近親●姦 8時間50連発！！,CADV-343,2012-09-01,479分鐘,,クリスタル映像,CRYSTALEX,近親●姦,成熟的女人、亂倫、已婚婦女、4小時以上作品,多人,https://www.javbus.com/CADV-343
VVVD-084 V6周年神BEST 6年分の売上人気BEST100タイトル16時間,VVVD-084 V6周年神BEST 6年分の売上人気BEST100タイトル16時間,VVVD-084,2012-08-31,958分鐘,,ヴィ,V,6周年記念神BEST,女同性戀、合集、灌腸、數位馬賽克、凌辱、限時降價、DMM獨家,多人,https://www.javbus.com/VVVD-084
MCSR-071 中出しお義母さんが教えてあげる 息子との情事でオンナに戻る母たち,MCSR-071 中出しお義母さんが教えてあげる 息子との情事でオンナに戻る母たち,MCSR-071,2012-08-26,121分鐘,ながふちつよし,ビッグモーカル,マスカット,中出しお義母さんが教えてあげる,成熟的女人、亂倫、中出、婆婆、高畫質,多人,https://www.javbus.com/MCSR-071
DFDA-060 中森玲子 8時間,DFDA-060 中森玲子 8時間,DFDA-060,2012-08-25,480分鐘,,デジタルアーク,digitalark（デジタルアーク）,,蕩婦、合集、巨乳、單體作品,中森玲子,https://www.javbus.com/DFDA-060
AAJB-115 【AV30】巨尻美尻大図鑑,AAJB-115 【AV30】巨尻美尻大図鑑,AAJB-115,2012-08-13,239分鐘,,実録出版,AV30,,其他戀物癖、69、屁股、顏面騎乘、打手槍,多人,https://www.javbus.com/AAJB-115
AAJB-118 【AV30】タカラ映像 100人8時間,AAJB-118 【AV30】タカラ映像 100人8時間,AAJB-118,2012-08-13,482分鐘,,タカラ映像,AV30,,成熟的女人、合集、已婚婦女,多人,https://www.javbus.com/AAJB-118
AAJB-112 【AV30】AV30記念 クリスタル映像 THE BEST 100人8時間SP,AAJB-112 【AV30】AV30記念 クリスタル映像 THE BEST 100人8時間SP,AAJB-112,2012-08-13,473分鐘,,クリスタル映像,AV30,,成熟的女人、合集、4小時以上作品,多人,https://www.javbus.com/AAJB-112
BBST-034 セルフ乳揉み乳舐めオナニー4時間,BBST-034 セルフ乳揉み乳舐めオナニー4時間,BBST-034,2012-08-13,241分鐘,,ex,BoinBB,,戀乳癖、巨乳、自慰,多人,https://www.javbus.com/BBST-034
GFT-162 痴女軍団があなたの自宅へ電撃訪問！,GFT-162 痴女軍団があなたの自宅へ電撃訪問！,GFT-162,2012-08-11,127分鐘,,GALLOP,GIFT,,蕩婦、成熟的女人、高、故事集,多人,https://www.javbus.com/GFT-162
AAJB-104 【AV30】S級熟女決定版！！ベストオブ義母中出し 4時間,AAJB-104 【AV30】S級熟女決定版！！ベストオブ義母中出し 4時間,AAJB-104,2012-08-10,241分鐘,,VENUS,AV30,,成熟的女人、合集、已婚婦女、中出、婆婆,多人,https://www.javbus.com/AAJB-104
AAJB-135 【AV30】MILUカタログ 狂一 VS Dopamix,AAJB-135 【AV30】MILUカタログ 狂一 VS Dopamix,AAJB-135,2012-08-10,239分鐘,DOPAMIX,ミル,AV30,,其他戀物癖、合集、連褲襪、屁股、戀腿癖,多人,https://www.javbus.com/AAJB-135
CADV-337 人妻痴女 巨乳限定8時間,CADV-337 人妻痴女 巨乳限定8時間,CADV-337,2012-08-10,479分鐘,,クリスタル映像,CRYSTALEX,,蕩婦、已婚婦女、4小時以上作品、巨乳,多人,https://www.javbus.com/CADV-337
AAJB-009 【AV30】今でも見たい熟女から旬な熟女まで総まとめ！ BEST HIT美熟女,AAJB-009 【AV30】今でも見たい熟女から旬な熟女まで総まとめ！ BEST HIT美熟女,AAJB-009,2012-08-09,479分鐘,,溜池ゴロー,AV30,BESTHIT美熟女,成熟的女人、合集、已婚婦女、4小時以上作品、DMM獨家,多人,https://www.javbus.com/AAJB-009
AAJB-005 【AV30】AV30×Madonnaマドンナが愛した美熟女30人8時間,AAJB-005 【AV30】AV30×Madonnaマドンナが愛した美熟女30人8時間,AAJB-005,2012-08-09,478分鐘,,マドンナ,AV30,,成熟的女人、合集、已婚婦女、凌辱、巨乳、DMM獨家,多人,https://www.javbus.com/AAJB-005
JUSD-430 美しすぎる熟女の絶頂イカセ 潮吹き 8時間,JUSD-430 美しすぎる熟女の絶頂イカセ 潮吹き 8時間,JUSD-430,2012-08-02,478分鐘,,マドンナ,Madonna,,成熟的女人、潮吹、合集、已婚婦女、數位馬賽克、凌辱、4小時以上作品、DMM獨家,多人,https://www.javbus.com/JUSD-430
DSOT-003 MISS BOIN 中森玲子/村上涼子,DSOT-003 MISS BOIN 中森玲子/村上涼子,DSOT-003,2012-07-22,110分鐘,,デジタルアーク,digitalark（デジタルアーク）,MISSBOIN,蕩婦、OL、巨乳,多人,https://www.javbus.com/DSOT-003
JUSD-427 もの凄い巨尻美熟女40人を後ろから犯す8時間,JUSD-427 もの凄い巨尻美熟女40人を後ろから犯す8時間,JUSD-427,2012-07-21,478分鐘,,マドンナ,Madonna,もの凄い巨尻美熟女,成熟的女人、合集、亂倫、各種職業、屁股、數位馬賽克、DMM獨家,多人,https://www.javbus.com/JUSD-427
JUC-877 大家族ママ 性欲旺盛な7人の息子たちに囲まれて… 中森玲子,JUC-877 大家族ママ 性欲旺盛な7人の息子たちに囲まれて… 中森玲子,JUC-877,2012-07-21,168分鐘,ラビット竹須,マドンナ,Madonna,,成熟的女人、母親、乳交、數位馬賽克、婆婆、高畫質、巨乳、單體作品、DMM獨家,中森玲子,https://www.javbus.com/JUC-877
PZO-016 S級おっぱい Gカップ Hカップは当たり前！最大Mカップまで100センチ級の爆乳コレクション,PZO-016 S級おっぱい Gカップ Hカップは当たり前！最大Mカップまで100センチ級の爆乳コレクション,PZO-016,2012-07-16,239分鐘,,Pazzo（フェチ）/妄想族,Pazzo/妄想族,,戀乳癖、泳裝、巨乳、內衣,多人,https://www.javbus.com/PZO-016
PPSD-033 OPPAIエステスペシャル 上品なお姉さんと3時間50分,PPSD-033 OPPAIエステスペシャル 上品なお姉さんと3時間50分,PPSD-033,2012-07-15,229分鐘,,OPPAI,OPPAI,,乳交、戀乳癖、姐姐、美容院、高畫質、巨乳、DMM獨家,多人,https://www.javbus.com/PPSD-033
FAX-424 嫁たちの昭和 禁親相姦の昭和,FAX-424 嫁たちの昭和 禁親相姦の昭和,FAX-424,2012-07-13,337分鐘,ヘンリー塚本,FAプロ・プラチナ,FAプロ,,成熟的女人、合集、亂倫、已婚婦女、戲劇,多人,https://www.javbus.com/FAX-424
AAJB-121 【AV30】digitalark BEST,AAJB-121 【AV30】digitalark BEST,AAJB-121,2012-07-13,482分鐘,,デジタルアーク,AV30,,蕩婦、合集、姐姐、巨乳、女生,多人,https://www.javbus.com/AAJB-121
EBOD-213 E-BODY×kira☆kira×kawaii*3メーカー連動コラボ作品第1弾！キラカワ☆E学園 爆乳女教師大乱交 熱血性教育改革の幕開け,EBOD-213 E-BODY×kira☆kira×kawaii*3メーカー連動コラボ作品第1弾！キラカワ☆E学園 爆乳女教師大乱交 熱血性教育改革の幕開け,EBOD-213,2012-07-12,179分鐘,紋℃,E-BODY,E-BODY,キラカワ☆E学園,蕩婦、濫交、女教師、學校作品、高畫質、巨乳、DMM獨家,多人,https://www.javbus.com/EBOD-213
SEV-402 IMMORAL W 村上涼子 中森玲子,SEV-402 IMMORAL W 村上涼子 中森玲子,SEV-402,2012-07-03,112分鐘,,セブン,7（セブン）,,玩具、多P、緊身衣,多人,https://www.javbus.com/SEV-402
CADV-328 巨乳女狩り 8時間100連発！！ （CADV-328）,CADV-328 巨乳女狩り 8時間100連発！！ （CADV-328）,CADV-328,2012-07-03,478分鐘,,クリスタル映像,CRYSTALEX,巨乳女狩り,強姦、輪姦、拘束、4小時以上作品、巨乳,多人,https://www.javbus.com/CADV-328
ATOM-087 母子家庭限定！素人母娘（おやこ）ツイスターゲーム,ATOM-087 母子家庭限定！素人母娘（おやこ）ツイスターゲーム,ATOM-087,2012-06-24,240分鐘,,ATOM,ATOM,,企畫、業餘、母親、女優按摩棒、泳裝,多人,https://www.javbus.com/ATOM-087
DVDES-521 ムッチリ巨乳レズソープ 3,DVDES-521 ムッチリ巨乳レズソープ 3,DVDES-521,2012-06-24,226分鐘,井坂朋泰,ディープス,DEEP’S,ムッチリ巨乳レズソープ,女同性戀、妓女、數位馬賽克、巨乳,多人,https://www.javbus.com/DVDES-521
JUSD-421 2011年マドンナ全262タイトル12時間,JUSD-421 2011年マドンナ全262タイトル12時間,JUSD-421,2012-06-22,718分鐘,,マドンナ,Madonna,○○年マドンナ全タイトル,成熟的女人、業餘、母親、合集、已婚婦女、數位馬賽克、4小時以上作品、DMM獨家,多人,https://www.javbus.com/JUSD-421
JUSD-420 ムッチムチ肉感的熟女20人大集合8時間 Vol.3,JUSD-420 ムッチムチ肉感的熟女20人大集合8時間 Vol.3,JUSD-420,2012-06-22,478分鐘,,マドンナ,Madonna,ムッチムチ肉感的熟女20人大集合,成熟的女人、乳交、胖女人、合集、數位馬賽克、4小時以上作品、巨乳、DMM獨家,多人,https://www.javbus.com/JUSD-420
WAB-110 ワンズファクトリーマニアコレクション 近親相姦BEST,WAB-110 ワンズファクトリーマニアコレクション 近親相姦BEST,WAB-110,2012-06-19,243分鐘,,ワンズファクトリー,WANZ,ワンズファクトリーマニアコレクション,成熟的女人、合集、亂倫、多P、舔陰,多人,https://www.javbus.com/WAB-110
PZO-015 痴熟女ザーメンしぼり4時間,PZO-015 痴熟女ザーメンしぼり4時間,PZO-015,2012-06-17,239分鐘,,Pazzo（フェチ）/妄想族,Pazzo/妄想族,,蕩婦、成熟的女人、中出、巨乳,多人,https://www.javbus.com/PZO-015
OOMN-043 日常にあるエロス お母さんの無防備な誘惑。,OOMN-043 日常にあるエロス お母さんの無防備な誘惑。,OOMN-043,2012-06-17,119分鐘,,ABC/妄想族,お母さん.com/ABC,美熟女プレイ集,成熟的女人、母親、其他戀物癖、已婚婦女、DVD多士爐、DMM獨家、內衣,多人,https://www.javbus.com/OOMN-043
RKI-189 S級女優限界露出 16時間,RKI-189 S級女優限界露出 16時間,RKI-189,2012-06-16,958分鐘,,ROOKIE,ROOKIE,露出16時間,野外・露出、合集、性奴、羞恥、4小時以上作品、DMM獨家,多人,https://www.javbus.com/RKI-189
GAS-230 爆乳ベスト2011 16人のベストシーンすべて見せます,GAS-230 爆乳ベスト2011 16人のベストシーンすべて見せます,GAS-230,2012-06-16,149分鐘,,シネマユニット・ガス,GAS,爆乳,乳交、合集、戀乳癖、多P、巨乳,多人,https://www.javbus.com/GAS-230
QQ-019 禁断介護 BESTセレクション 4,QQ-019 禁断介護 BESTセレクション 4,QQ-019,2012-06-07,238分鐘,,グローリークエスト,GLORYQUEST,禁断介護,其他戀物癖、合集、花癡、舔陰、4小時以上作品,多人,https://www.javbus.com/QQ-019
VEZZ-006 S級熟女レズビアン 総集編,VEZZ-006 S級熟女レズビアン 総集編,VEZZ-006,2012-06-01,242分鐘,,VENUS,Butch,,成熟的女人、女同性戀、合集、已婚婦女,多人,https://www.javbus.com/VEZZ-006
VVVD-082 V 2011全タイトルCollection 25作品8時間,VVVD-082 V 2011全タイトルCollection 25作品8時間,VVVD-082,2012-05-31,478分鐘,,ヴィ,V,,SM、女同性戀、合集、凌辱、4小時以上作品、高畫質、DMM獨家,多人,https://www.javbus.com/VVVD-082
JFB-021 Fitch2011年全作品集16時間,JFB-021 Fitch2011年全作品集16時間,JFB-021,2012-05-31,958分鐘,,Fitch,Fitch,,蕩婦、身體意識、合集、戀乳癖、屁股、數位馬賽克、4小時以上作品、DMM獨家,多人,https://www.javbus.com/JFB-021
SWF-197 最高に癒される快感洗体プレイ 30人4時間,SWF-197 最高に癒される快感洗体プレイ 30人4時間,SWF-197,2012-05-30,240分鐘,,ワンズファクトリー,WANZ,,口交、其他戀物癖、打手槍,多人,https://www.javbus.com/SWF-197
NASS-052 人妻強制中出し 騙されハメられ中出しされてしまう人妻たち 4時間,NASS-052 人妻強制中出し 騙されハメられ中出しされてしまう人妻たち 4時間,NASS-052,2012-05-27,238分鐘,星野光明,なでしこ,Nadeshiko,,強姦、已婚婦女、中出、女上位,多人,https://www.javbus.com/NASS-052
VENU-237 幻母 禁断母子スワップ ようこそ！エロ叔母たちの爆乳ワンダーランドへ 中森玲子 長澤あずさ,VENU-237 幻母 禁断母子スワップ ようこそ！エロ叔母たちの爆乳ワンダーランドへ 中森玲子 長澤あずさ,VENU-237,2012-05-18,104分鐘,北野マジメ,VENUS,女神（ヴィーナス）,近親相姦幻母INCEST,成熟的女人、亂倫、已婚婦女、舔陰、巨乳,多人,https://www.javbus.com/VENU-237
CWM-139 漆黒の喉奥シャブリスト,CWM-139 漆黒の喉奥シャブリスト,CWM-139,2012-05-16,118分鐘,,ワープエンタテインメント,Washingmachine,喉奥シャブリスト,蕩婦、口交、DVD多士爐、高畫質、吞精,多人,https://www.javbus.com/CWM-139
MIBD-635 おしゃぶりテイスティングごっくん4時間,MIBD-635 おしゃぶりテイスティングごっくん4時間,MIBD-635,2012-05-11,238分鐘,,ムーディーズ,MOODYZBest,,口交、其他戀物癖、合集、數位馬賽克、單體作品、DMM獨家、吞精,多人,https://www.javbus.com/MIBD-635
JUSD-411 義弟を狂わせる30人の兄嫁8時間,JUSD-411 義弟を狂わせる30人の兄嫁8時間,JUSD-411,2012-05-07,479分鐘,,マドンナ,Madonna,,成熟的女人、合集、已婚婦女、數位馬賽克、凌辱、4小時以上作品、DMM獨家、肛交,多人,https://www.javbus.com/JUSD-411
CADV-319 爆乳女祭り 8時間,CADV-319 爆乳女祭り 8時間,CADV-319,2012-05-06,477分鐘,,クリスタル映像,CRYSTALEX,,各種職業、已婚婦女、戀乳癖、4小時以上作品、巨乳,多人,https://www.javbus.com/CADV-319
ECB-068 チクビ快感伝道師 Ver.2人責め 村上涼子 中森玲子,ECB-068 チクビ快感伝道師 Ver.2人責め 村上涼子 中森玲子,ECB-068,2012-05-04,118分鐘,K*WEST,ワープエンタテインメント,COBRA（ワープ）,チクビ快感伝道師,蕩婦、乳交、多P、DVD多士爐、高畫質、巨乳,多人,https://www.javbus.com/ECB-068
LADS-111 巨乳のイイ女レズビアン,LADS-111 巨乳のイイ女レズビアン,LADS-111,2012-04-28,120分鐘,,トップマーシャル,LADIES♀ROOM,,女同性戀、69、手指插入、巨乳,多人,https://www.javbus.com/LADS-111
JUFD-216 僕のペットは爆乳未亡人 ～敏感な乳房が咽び泣く親族内調教～ 中森玲子,JUFD-216 僕のペットは爆乳未亡人 ～敏感な乳房が咽び泣く親族内調教～ 中森玲子,JUFD-216,2012-04-26,177分鐘,旗大漁,Fitch,Fitch,僕のペットは○○,戀乳癖、寡婦、性奴、羞恥、主觀視角、高畫質、單體作品、DMM獨家,中森玲子,https://www.javbus.com/JUFD-216
WING-019 団地妻 真昼に疼く ブルーレイスペシャル版,WING-019 団地妻 真昼に疼く ブルーレイスペシャル版,WING-019,2012-04-25,121分鐘,杉崎仁,ビッグモーカル,HD-WING,団地妻,已婚婦女、通姦、女優按摩棒、高畫質、巨乳,多人,https://www.javbus.com/WING-019
DANDY-276 「これは高確率でヤれる！ラブホテルで働きだした噂の美人従業員は一日中お客のアエギ声を聞きまくり発情汁が止まらない！！」 VOL.1,DANDY-276 「これは高確率でヤれる！ラブホテルで働きだした噂の美人従業員は一日中お客のアエギ声を聞きまくり発情汁が止まらない！！」 VOL.1,DANDY-276,2012-04-22,230分鐘,ダンディよしの,DANDY,DANDY,,企畫、各種職業、數位馬賽克,多人,https://www.javbus.com/DANDY-276
VSPDS-632 マ○コもアナルもベロベロ舐めて！上も下もグチョグチョにして！超舌レズビアンDX,VSPDS-632 マ○コもアナルもベロベロ舐めて！上も下もグチョグチョにして！超舌レズビアンDX,VSPDS-632,2012-04-22,302分鐘,しこさい,V＆Rプロダクツ,V＆Rプロダクツ,,OL、女同性戀、合集、舔陰、高中女生,多人,https://www.javbus.com/VSPDS-632
FAX-411 ヘンリー塚本 夏 青姦劇場 海・山・川 ハマり狂う男女,FAX-411 ヘンリー塚本 夏 青姦劇場 海・山・川 ハマり狂う男女,FAX-411,2012-04-20,129分鐘,ヘンリー塚本,FAプロ・プラチナ,FAプロ,ヘンリー塚本,成熟的女人、野外・露出、已婚婦女、戲劇,多人,https://www.javbus.com/FAX-411
JUC-794 マドンナ8周年記念作品 本格凌辱サスペンス長編 8人の人妻潜入捜査官～狙われた特捜0課！！淫欲の大捜査線～,JUC-794 マドンナ8周年記念作品 本格凌辱サスペンス長編 8人の人妻潜入捜査官～狙われた特捜0課！！淫欲の大捜査線～,JUC-794,2012-04-19,236分鐘,きとるね川口,マドンナ,Madonna,人妻潜入捜査官,成熟的女人、濫交、各種職業、已婚婦女、數位馬賽克、女檢察官、凌辱、高畫質、DMM獨家,多人,https://www.javbus.com/JUC-794
OKAS-099 ママと一緒にお風呂に入ろう 2,OKAS-099 ママと一緒にお風呂に入ろう 2,OKAS-099,2012-04-17,96分鐘,,ex,お母さん.com,ママと一緒にお風呂に入ろう,母親、口交、乳交、亂倫,多人,https://www.javbus.com/OKAS-099
CADV-311 ディープレズビアン 8時間SP 2,CADV-311 ディープレズビアン 8時間SP 2,CADV-311,2012-04-16,477分鐘,,クリスタル映像,CRYSTALEX,ディープ・レズビアン,成熟的女人、女同性戀、美少女、4小時以上作品、巨乳,多人,https://www.javbus.com/CADV-311
YUYU-002 爆乳レズ姉妹 ダイナマイトボディ・レズシスターズ 中森玲子 長澤あずさ,YUYU-002 爆乳レズ姉妹 ダイナマイトボディ・レズシスターズ 中森玲子 長澤あずさ,YUYU-002,2012-04-14,80分鐘,,ゆり★ゆり,ゆり★ゆり,,女同性戀、姐妹、女同接吻、巨乳、DMM獨家,多人,https://www.javbus.com/YUYU-002
SWF-189 オーバー100cmおっぱい 揺れる爆乳 20人4時間,SWF-189 オーバー100cmおっぱい 揺れる爆乳 20人4時間,SWF-189,2012-04-04,240分鐘,谷底負太郎,ワンズファクトリー,WANZ,,乳交、戀乳癖、4小時以上作品、巨乳,多人,https://www.javbus.com/SWF-189
SWF-191 特選美熟女 熟れた女の濃厚なまぐわい 20人4時間,SWF-191 特選美熟女 熟れた女の濃厚なまぐわい 20人4時間,SWF-191,2012-04-04,240分鐘,来生元也,ワンズファクトリー,WANZ,,成熟的女人、多P、4小時以上作品,多人,https://www.javbus.com/SWF-191
CADV-309 極選4時間 巨乳熟女 おばさんのオッパイで癒してあげる,CADV-309 極選4時間 巨乳熟女 おばさんのオッパイで癒してあげる,CADV-309,2012-04-02,239分鐘,,クリスタル映像,CRYSTALEX,極選○時間,成熟的女人、乳交、已婚婦女、4小時以上作品、巨乳,多人,https://www.javbus.com/CADV-309
EMBW-039 中出し母子相姦 デカマラ息子に犯される熟女8時間,EMBW-039 中出し母子相姦 デカマラ息子に犯される熟女8時間,EMBW-039,2012-03-31,478分鐘,,香澄企画/エマニエル,香澄企画（エマニエル）,,成熟的女人、母親、合集、亂倫、中出,多人,https://www.javbus.com/EMBW-039
EMBZ-011 婦女暴行魔たちの宴 ～淫辱の餌食にされた嫁と姑！終わり無き膣内射精輪姦レイプ！！～,EMBZ-011 婦女暴行魔たちの宴 ～淫辱の餌食にされた嫁と姑！終わり無き膣内射精輪姦レイプ！！～,EMBZ-011,2012-03-31,120分鐘,熟島竜平,熟女塾/エマニエル,熟女塾,,成熟的女人、強姦、已婚婦女、輪姦、凌辱,多人,https://www.javbus.com/EMBZ-011
VVVD-080 Vだけでしか見られない中森玲子様BEST,VVVD-080 Vだけでしか見られない中森玲子様BEST,VVVD-080,2012-03-30,238分鐘,,ヴィ,V,Vだけでしか見られない○○様BEST,SM、女同性戀、合集、凌辱、單體作品、DMM獨家,中森玲子,https://www.javbus.com/VVVD-080
JUC-780 慰みの生尻家政婦 中森玲子,JUC-780 慰みの生尻家政婦 中森玲子,JUC-780,2012-03-24,117分鐘,雨宮孝太郎,マドンナ,Madonna,慰みの生尻家政婦,成熟的女人、乳交、各種職業、屁股、數位馬賽克、羞恥、DVD多士爐、高畫質、巨乳、單體作品、DMM獨家,中森玲子,https://www.javbus.com/JUC-780
JUSD-401 春の選抜 美熟女32人が魅せるご当地セックス8時間！！,JUSD-401 春の選抜 美熟女32人が魅せるご当地セックス8時間！！,JUSD-401,2012-03-24,479分鐘,,マドンナ,Madonna,,成熟的女人、合集、已婚婦女、多P、數位馬賽克、4小時以上作品、巨乳、DMM獨家,多人,https://www.javbus.com/JUSD-401
FRGJV-009 麗しの不倫人妻DX 42人 8時間,FRGJV-009 麗しの不倫人妻DX 42人 8時間,FRGJV-009,2012-03-19,479分鐘,,グラフィティジャパン,フェアエスト,,成熟的女人、已婚婦女、通姦、舔陰、4小時以上作品,中森玲子,https://www.javbus.com/FRGJV-009
RKI-171 SSS級オールスターズ メガ凌辱スペシャル16時間,RKI-171 SSS級オールスターズ メガ凌辱スペシャル16時間,RKI-171,2012-03-16,959分鐘,,ROOKIE,ROOKIE,,強姦、合集、美少女、深喉、輪姦、凌辱、中出、4小時以上作品、DMM獨家,多人,https://www.javbus.com/RKI-171
IENE-130 拒めず、逃げず、声も出せない 感度良好女子 母娘スペシャル,IENE-130 拒めず、逃げず、声も出せない 感度良好女子 母娘スペシャル,IENE-130,2012-03-09,151分鐘,ボルボ中野,アイエナジー,IENERGY！,拒めず、逃げず、声も出せない感度良好女子,企畫、母親、性騷擾,多人,https://www.javbus.com/IENE-130
MBYD-136 溜池ゴロー2011年下半期全32作品8時間,MBYD-136 溜池ゴロー2011年下半期全32作品8時間,MBYD-136,2012-03-08,479分鐘,,溜池ゴロー,溜池ゴロー,溜池ゴロー○年○半期,成熟的女人、合集、已婚婦女、新娘、年輕妻子、數位馬賽克、4小時以上作品、DMM獨家,多人,https://www.javbus.com/MBYD-136
MKCK-038 E-BODY 絶景の騎乗位コレクション50,MKCK-038 E-BODY 絶景の騎乗位コレクション50,MKCK-038,2012-03-08,239分鐘,,E-BODY,E-BODY,E-BODY,蕩婦、合集、戀乳癖、女上位、巨乳、DMM獨家,多人,https://www.javbus.com/MKCK-038
DOKS-214 デカ乳輪が好き！,DOKS-214 デカ乳輪が好き！,DOKS-214,2012-03-06,111分鐘,ピーターマン,OFFICEK’S,OFFICEK’S,,其他戀物癖、姐姐、DVD多士爐,多人,https://www.javbus.com/DOKS-214
VERO-017 S級熟女 巨尻美尻SUPER BEST II,VERO-017 S級熟女 巨尻美尻SUPER BEST II,VERO-017,2012-02-27,243分鐘,,VENUS,ヴィーナス（VENUS）,S級熟女（VENUS）,成熟的女人、合集、已婚婦女、屁股,多人,https://www.javbus.com/VERO-017
VVVD-079 Vだけでしか見られない単体女優×過激レズ全作品神BEST16時間,VVVD-079 Vだけでしか見られない単体女優×過激レズ全作品神BEST16時間,VVVD-079,2012-02-26,958分鐘,,ヴィ,V,,女同性戀、合集、凌辱、女同接吻、DMM獨家,多人,https://www.javbus.com/VVVD-079
MIMK-006 母が白衣を脱ぐとき2 中森玲子 前田優希,MIMK-006 母が白衣を脱ぐとき2 中森玲子 前田優希,MIMK-006,2012-02-26,181分鐘,K*WEST,ムーディーズ,まんきつ,母が白衣を脱ぐとき（ムーディーズ）,护士、母親、乳交、數位馬賽克、高畫質、巨乳、DMM獨家,多人,https://www.javbus.com/MIMK-006
NSPS-152 突いても突いても突きたりない！欲望のハードピストン！総集編,NSPS-152 突いても突いても突きたりない！欲望のハードピストン！総集編,NSPS-152,2012-02-25,126分鐘,ながえ,ながえスタイル,ながえSTYLE,,成熟的女人、合集、戲劇,多人,https://www.javbus.com/NSPS-152
CO-4687 巨乳熟女を味わう「中森玲子」,CO-4687 巨乳熟女を味わう「中森玲子」,CO-4687,2012-02-23,119分鐘,偏屈屋,コロナ社,CORONASPECIAL,,成熟的女人、乳交、輪姦、按摩棒、巨乳、單體作品,中森玲子,https://www.javbus.com/CO-4687
DSE-904 エロ年増 4時間20人 2,DSE-904 エロ年増 4時間20人 2,DSE-904,2012-02-22,239分鐘,,ドリームステージ,熟女絵巻,エロ年増（ドリームステージ）,成熟的女人、乳交、合集、69,多人,https://www.javbus.com/DSE-904
LIA-108 圧倒的爆乳100人 下巻 女神の巨乳に挟まれて天にも昇る大量射精！,LIA-108 圧倒的爆乳100人 下巻 女神の巨乳に挟まれて天にも昇る大量射精！,LIA-108,2012-02-20,238分鐘,,プールクラブ・エンタテインメント,Philia,圧倒的爆乳,乳交、戀乳癖、巨乳,多人,https://www.javbus.com/LIA-108
SBB-129 美女とキモ男 4時間,SBB-129 美女とキモ男 4時間,SBB-129,2012-02-10,241分鐘,,マルクス兄弟,MARXBrothersco.,キモ男に犯される○○,強姦、凌辱,多人,https://www.javbus.com/SBB-129
MKCK-037 むっちむち肉感グラマー4時間,MKCK-037 むっちむち肉感グラマー4時間,MKCK-037,2012-02-09,239分鐘,,E-BODY,E-BODY,,合集、戀乳癖、巨乳、DMM獨家,多人,https://www.javbus.com/MKCK-037
MBYD-135 巨乳若妻たちの猥らな性交8時間,MBYD-135 巨乳若妻たちの猥らな性交8時間,MBYD-135,2012-02-09,479分鐘,,溜池ゴロー,溜池ゴロー,,合集、新娘、年輕妻子、數位馬賽克、4小時以上作品、巨乳、DMM獨家,多人,https://www.javbus.com/MBYD-135
GMED-067 高級住宅街に住む美人のセレブ妻を近所で働く年収200万円の派遣労働者がレイプ！！,GMED-067 高級住宅街に住む美人のセレブ妻を近所で働く年収200万円の派遣労働者がレイプ！！,GMED-067,2012-02-08,136分鐘,あばしり一家,グローバルメディアエンタテインメント,GlobalGME,,成熟的女人、強姦、已婚婦女、多P、數位馬賽克、高畫質,多人,https://www.javbus.com/GMED-067
CADV-301 熟女レイプ祭り8時間,CADV-301 熟女レイプ祭り8時間,CADV-301,2012-02-05,475分鐘,,クリスタル映像,CRYSTALEX,,成熟的女人、強姦、多P、拘束、4小時以上作品,多人,https://www.javbus.com/CADV-301
JUSD-393 義母凌辱4時間,JUSD-393 義母凌辱4時間,JUSD-393,2012-02-03,239分鐘,,マドンナ,Madonna,,成熟的女人、強姦、合集、數位馬賽克、凌辱、婆婆、DMM獨家,多人,https://www.javbus.com/JUSD-393
QQ-012 巨乳診断書 BESTセレクション,QQ-012 巨乳診断書 BESTセレクション,QQ-012,2012-01-30,240分鐘,,グローリークエスト,GLORYQUEST,巨乳診断書,合集、戀乳癖、巨乳,多人,https://www.javbus.com/QQ-012
FAX-393 夫だけでは物足りず情事と言う麻薬にひたる人妻たち3,FAX-393 夫だけでは物足りず情事と言う麻薬にひたる人妻たち3,FAX-393,2012-01-29,282分鐘,,FAプロ・プラチナ,FAプロ,,成熟的女人、亂倫、已婚婦女、戲劇,多人,https://www.javbus.com/FAX-393
MIBD-615 女の子いっぱいと俺1人。BEST2,MIBD-615 女の子いっぱいと俺1人。BEST2,MIBD-615,2012-01-28,238分鐘,,ムーディーズ,MOODYZBest,女の子いっぱいと俺1人。,乳交、合集、多P、數位馬賽克、輪姦、DMM獨家,多人,https://www.javbus.com/MIBD-615
JUFD-200 ぬめるムチ尻女の極上パンストソープ 中森玲子,JUFD-200 ぬめるムチ尻女の極上パンストソープ 中森玲子,JUFD-200,2012-01-28,173分鐘,井坂朋泰,Fitch,Fitch,ぬめるムチ尻女の極上パンストソープ,成熟的女人、連褲襪、屁股、戀腿癖、數位馬賽克、高畫質、巨乳、單體作品、DMM獨家,中森玲子,https://www.javbus.com/JUFD-200
DSOT-001 MISS BOIN,DSOT-001 MISS BOIN,DSOT-001,2012-01-22,100分鐘,,デジタルアーク,digitalark（デジタルアーク）,MISSBOIN,蕩婦、戀乳癖、巨乳、單體作品,中森玲子,https://www.javbus.com/DSOT-001
JUSD-390 美熟女風俗4時間,JUSD-390 美熟女風俗4時間,JUSD-390,2012-01-21,239分鐘,,マドンナ,Madonna,,成熟的女人、合集、妓女、各種職業、數位馬賽克、DMM獨家,多人,https://www.javbus.com/JUSD-390
PLA-020 本能剥き出し生中出しセックス 中森玲子,PLA-020 本能剥き出し生中出しセックス 中森玲子,PLA-020,2012-01-21,120分鐘,マンモス池田,ダスッ！,Platina,本能剥き出し生中出しセックス,成熟的女人、乳交、中出、DVD多士爐、高畫質、巨乳、單體作品、DMM獨家,中森玲子,https://www.javbus.com/PLA-020
FEX-001 熱烈不倫 旦那がいるのに欲しがる女,FEX-001 熱烈不倫 旦那がいるのに欲しがる女,FEX-001,2012-01-20,119分鐘,ピエロ三世,NEXTGROUP,フェニックス,,乳交、已婚婦女、通姦、巨乳,多人,https://www.javbus.com/FEX-001
CADV-295 デカ尻熟女 8時間,CADV-295 デカ尻熟女 8時間,CADV-295,2012-01-17,480分鐘,,クリスタル映像,CRYSTALEX,,成熟的女人、屁股、多P、4小時以上作品、巨乳,多人,https://www.javbus.com/CADV-295
VAGU-022 ぱつんぱつんレギンス母の巨尻誘惑 中森玲子,VAGU-022 ぱつんぱつんレギンス母の巨尻誘惑 中森玲子,VAGU-022,2012-01-15,93分鐘,SARU,VENUS,ヴィーナス（VENUS）,ぱつんぱつんレギンス母の巨尻誘惑,成熟的女人、母親、已婚婦女、屁股、巨乳、單體作品,中森玲子,https://www.javbus.com/VAGU-022
ANND-100 トリプル爆乳デカ尻潮吹き熟女の蒸れ蒸れガニ股ノーパンパンストレズ乱交SPECIAL,ANND-100 トリプル爆乳デカ尻潮吹き熟女の蒸れ蒸れガニ股ノーパンパンストレズ乱交SPECIAL,ANND-100,2012-01-14,118分鐘,タイガー小堺,アンナと花子,アンナと花子,,成熟的女人、女同性戀、濫交、潮吹、連褲襪、DVD多士爐、高畫質、DMM獨家,多人,https://www.javbus.com/ANND-100
FAX-389 毒を食らわば皿まで… 悦楽の肉欲地獄は禁親相姦,FAX-389 毒を食らわば皿まで… 悦楽の肉欲地獄は禁親相姦,FAX-389,2012-01-09,106分鐘,ヘンリー塚本,FAプロ・プラチナ,FAプロ,毒を喰らわば皿まで…,成熟的女人、亂倫、已婚婦女、69、戲劇,多人,https://www.javbus.com/FAX-389
SDMT-636 超人気AV女優が離島で真剣お見合い,SDMT-636 超人気AV女優が離島で真剣お見合い,SDMT-636,2012-01-08,229分鐘,鎗ヶ崎一,SODクリエイト,SODクリエイト,,成熟的女人、纪录片、數位馬賽克,多人,https://www.javbus.com/SDMT-636
MKCK-034 カラダデ犯ス痴女8時間,MKCK-034 カラダデ犯ス痴女8時間,MKCK-034,2012-01-08,479分鐘,,E-BODY,E-BODY,,蕩婦、乳交、合集、4小時以上作品、巨乳、DMM獨家,多人,https://www.javbus.com/MKCK-034
MKCK-033 深みあるコクと味わい山形健BEST,MKCK-033 深みあるコクと味わい山形健BEST,MKCK-033,2012-01-08,239分鐘,,E-BODY,E-BODY,,合集、子宮頸、顏射、巨乳、DMM獨家,多人,https://www.javbus.com/MKCK-033
OKAS-088 決定的瞬間！！隣の奥さんパンチラ胸チラ集,OKAS-088 決定的瞬間！！隣の奥さんパンチラ胸チラ集,OKAS-088,2012-01-07,119分鐘,,ex,お母さん.com,,成熟的女人、已婚婦女、內衣、巨乳,多人,https://www.javbus.com/OKAS-088
WAB-109 ワンズファクトリー ダークサイド オナニーBEST 4時間,WAB-109 ワンズファクトリー ダークサイド オナニーBEST 4時間,WAB-109,2012-01-03,240分鐘,,ワンズファクトリー,WANZ,ワンズファクトリーダークサイド,玩具、合集、巨乳、自慰,多人,https://www.javbus.com/WAB-109
JUSD-388 もの凄い巨尻美熟女40人の馬乗りファック8時間,JUSD-388 もの凄い巨尻美熟女40人の馬乗りファック8時間,JUSD-388,2011-12-29,479分鐘,,マドンナ,Madonna,もの凄い巨尻美熟女,成熟的女人、合集、屁股、數位馬賽克、女上位、DMM獨家,多人,https://www.javbus.com/JUSD-388
FRGJV-008 熟女100人10年史8時間,FRGJV-008 熟女100人10年史8時間,FRGJV-008,2011-12-27,485分鐘,,グラフィティジャパン,フェアエスト,,成熟的女人、4小時以上作品,多人,https://www.javbus.com/FRGJV-008
DSE-887 美乳熟女4時間20人総集編 3,DSE-887 美乳熟女4時間20人総集編 3,DSE-887,2011-12-26,238分鐘,,ドリームステージ,熟女絵巻,美乳熟女○時間○人総集編,成熟的女人、合集、乳房、4小時以上作品,多人,https://www.javbus.com/DSE-887
AZDVD-001R 中森玲子とイク！人妻逆ナンパスペシャル,AZDVD-001R 中森玲子とイク！人妻逆ナンパスペシャル,AZDVD-001R,2011-12-25,89分鐘,獄門党丸人,アリーナエンターテインメント,Arena,,成熟的女人、獵豔、已婚婦女、多P、巨乳,多人,https://www.javbus.com/AZDVD-001R
JUSD-383 マドンナ8周年記念 絶頂に達する寸前の追い込み激ファック108発！！,JUSD-383 マドンナ8周年記念 絶頂に達する寸前の追い込み激ファック108発！！,JUSD-383,2011-12-25,239分鐘,,マドンナ,Madonna,マドンナ8周年記念,成熟的女人、合集、已婚婦女、數位馬賽克、DMM獨家,多人,https://www.javbus.com/JUSD-383
BOMN-039 巨乳パイズリSP 総集編4時間,BOMN-039 巨乳パイズリSP 総集編4時間,BOMN-039,2011-12-23,239分鐘,,ABC/妄想族,BoinBB/ABC,巨乳スペシャル,乳交、合集、戀乳癖、巨乳,多人,https://www.javbus.com/BOMN-039
AIED-009 オナコレ×パンスト×密室デート Vol.9 中森玲子,AIED-009 オナコレ×パンスト×密室デート Vol.9 中森玲子,AIED-009,2011-12-23,119分鐘,,アイ映像/妄想族,アイ映像/妄想族,オナコレ×パンスト×密室デート,成熟的女人、屁股、女優按摩棒、巨乳、單體作品、DMM獨家、自慰,中森玲子,https://www.javbus.com/AIED-009
MIBD-609 ザーメンを見せ付けるいやらしい舌使いが丸見え！ネバスペ4時間,MIBD-609 ザーメンを見せ付けるいやらしい舌使いが丸見え！ネバスペ4時間,MIBD-609,2011-12-22,238分鐘,,ムーディーズ,MOODYZBest,,蕩婦、其他戀物癖、合集、淫語、DMM獨家、吞精,多人,https://www.javbus.com/MIBD-609
SDDE-259 共同肉便器付きアパート,SDDE-259 共同肉便器付きアパート,SDDE-259,2011-12-19,100分鐘,よーすけ,SODクリエイト,SODクリエイト,,企畫、其他戀物癖、DVD多士爐,中森玲子,https://www.javbus.com/SDDE-259
MKCK-031 E-BODY VS 巨根4時間,MKCK-031 E-BODY VS 巨根4時間,MKCK-031,2011-12-08,239分鐘,,E-BODY,E-BODY,,合集、巨乳、DMM獨家,多人,https://www.javbus.com/MKCK-031
MKCK-032 高画質日替わりSEX4時間,MKCK-032 高画質日替わりSEX4時間,MKCK-032,2011-12-08,239分鐘,,E-BODY,E-BODY,高画質日替わりSEX,苗條、合集、高畫質、巨乳、DMM獨家,多人,https://www.javbus.com/MKCK-032
ALD-490 生中出し美熟女,ALD-490 生中出し美熟女,ALD-490,2011-12-02,244分鐘,,桃太郎映像出版,ALLIN☆ONE,,成熟的女人、多P、凌辱、中出、女上位,多人,https://www.javbus.com/ALD-490
JUSD-381 絶品グラマラス熟ボディ20人8時間 2,JUSD-381 絶品グラマラス熟ボディ20人8時間 2,JUSD-381,2011-12-01,479分鐘,,マドンナ,Madonna,絶品グラマラス熟ボディ,成熟的女人、合集、多P、數位馬賽克、巨乳、DMM獨家,多人,https://www.javbus.com/JUSD-381
MCSR-054R 極上美人妻 8時間BEST 第2章,MCSR-054R 極上美人妻 8時間BEST 第2章,MCSR-054R,2011-11-25,478分鐘,蟹江大介,ビッグモーカル,マスカット,極上○○8時間BEST,合集、已婚婦女、4小時以上作品、高畫質,多人,https://www.javbus.com/MCSR-054R
CO-4664 「アクメの特盛り4人前！」 2 限界知らずの巨乳妻達,CO-4664 「アクメの特盛り4人前！」 2 限界知らずの巨乳妻達,CO-4664,2011-11-24,119分鐘,大葉繁,コロナ社,CORONASPECIAL,アクメの特盛り4人前！,成熟的女人、已婚婦女、女上位、巨乳,多人,https://www.javbus.com/CO-4664
DEC-006 ドM艶女 メス犬になりたい私 玲子 中森玲子,DEC-006 ドM艶女 メス犬になりたい私 玲子 中森玲子,DEC-006,2011-11-19,140分鐘,薄刃紫翠,AVScollector’s,AVS,ドM艶女,SM、紧缚、性奴、拘束、凌辱、單體作品、DMM獨家,中森玲子,https://www.javbus.com/DEC-006
VEZZ-002 熟女レズ義姉妹 痴女姉に弄ばれ覚醒する妹の豊満体 風間ゆみ 中森玲子,VEZZ-002 熟女レズ義姉妹 痴女姉に弄ばれ覚醒する妹の豊満体 風間ゆみ 中森玲子,VEZZ-002,2011-11-14,93分鐘,三島六三郎,VENUS,Butch,熟女レズ義姉妹,蕩婦、成熟的女人、女同性戀、已婚婦女,多人,https://www.javbus.com/VEZZ-002
SBB-122 お母さんデカ尻伝説 4時間,SBB-122 お母さんデカ尻伝説 4時間,SBB-122,2011-11-11,242分鐘,,マルクス兄弟,MARXBrothersco.,,成熟的女人、母親、亂倫、屁股,多人,https://www.javbus.com/SBB-122
MBYD-131 美熟女36人が見せる日常のエロス8時間,MBYD-131 美熟女36人が見せる日常のエロス8時間,MBYD-131,2011-11-10,480分鐘,,溜池ゴロー,溜池ゴロー,日常のエロス8時間,成熟的女人、合集、數位馬賽克、4小時以上作品、巨乳、DMM獨家,多人,https://www.javbus.com/MBYD-131
MKCK-029 密着性交4時間 2,MKCK-029 密着性交4時間 2,MKCK-029,2011-11-10,240分鐘,,E-BODY,E-BODY,密着性交,合集、巨乳、DMM獨家,多人,https://www.javbus.com/MKCK-029
MDYD-649 お掃除おばさん 中森玲子,MDYD-649 お掃除おばさん 中森玲子,MDYD-649,2011-11-10,120分鐘,溜池ゴロー,溜池ゴロー,溜池ゴロー,お掃除おばさん,成熟的女人、多P、凌辱、DVD多士爐、高畫質、巨乳、單體作品、DMM獨家,中森玲子,https://www.javbus.com/MDYD-649
SWF-178 ぷるんぷるんのやわらか～いデカパイでパイズリ挟射,SWF-178 ぷるんぷるんのやわらか～いデカパイでパイズリ挟射,SWF-178,2011-11-08,240分鐘,,ワンズファクトリー,WANZ,,乳交、戀乳癖、4小時以上作品、巨乳,多人,https://www.javbus.com/SWF-178
ZKCD-001 巨尻鎮座 中森玲子,ZKCD-001 巨尻鎮座 中森玲子,ZKCD-001,2011-11-07,137分鐘,実録出版,実録出版,実録出版,,其他戀物癖、屁股、高畫質、顏面騎乘、顏射、單體作品,中森玲子,https://www.javbus.com/ZKCD-001
IFLY-026 digitalark SEX 8時間,IFLY-026 digitalark SEX 8時間,IFLY-026,2011-11-04,484分鐘,,デジタルアーク,Di3,,蕩婦、合集、巨乳、女生,多人,https://www.javbus.com/IFLY-026
VERO-015 S級熟女 巨乳爆乳SUPER BEST II,VERO-015 S級熟女 巨乳爆乳SUPER BEST II,VERO-015,2011-10-29,242分鐘,,VENUS,ヴィーナス（VENUS）,S級熟女（VENUS）,成熟的女人、乳交、合集、已婚婦女、巨乳,多人,https://www.javbus.com/VERO-015
MINT-010 寝取られた巨乳インストラクター 中森玲子,MINT-010 寝取られた巨乳インストラクター 中森玲子,MINT-010,2011-10-28,118分鐘,らくだ,ムーディーズ,寝取られ本舗,,已婚婦女、數位馬賽克、凌辱、DVD多士爐、高畫質、出軌、巨乳、單體作品、DMM獨家,中森玲子,https://www.javbus.com/MINT-010
MIRD-100 美しい美熟女たちの夢の出張サービス 風間ゆみ 森ななこ 中森玲子 川上ゆう,MIRD-100 美しい美熟女たちの夢の出張サービス 風間ゆみ 森ななこ 中森玲子 川上ゆう,MIRD-100,2011-10-28,147分鐘,FLAGMAN,ムーディーズ,MOODYZREAL,,蕩婦、企畫、成熟的女人、乳交、妓女、淫語、數位馬賽克、高畫質、DMM獨家,多人,https://www.javbus.com/MIRD-100
VICD-215 川上ゆう＆中森玲子の過激なWベロKissレズナンパ,VICD-215 川上ゆう＆中森玲子の過激なWベロKissレズナンパ,VICD-215,2011-10-28,178分鐘,ハルナ,ヴィ,V,過激でHなレズナンパ,業餘、女同性戀、獵豔、舔陰、女同接吻、高畫質、DMM獨家,多人,https://www.javbus.com/VICD-215
CO-4651 騎乗位好きの奥さん達 1,CO-4651 騎乗位好きの奥さん達 1,CO-4651,2011-10-26,119分鐘,金城哲哉,コロナ社,CORONASPECIAL,騎乗位好き,和服・喪服、已婚婦女、女上位、巨乳,多人,https://www.javbus.com/CO-4651
YSH-006 人妻覚悟の日 ソープ風俗店の新人講習 この日をさかいに覚悟を決めた人妻たち,YSH-006 人妻覚悟の日 ソープ風俗店の新人講習 この日をさかいに覚悟を決めた人妻たち,YSH-006,2011-10-23,312分鐘,,映天,ヤブサメ（映天）,,妓女、已婚婦女、女優按摩棒,多人,https://www.javbus.com/YSH-006
JUSD-372 男を骨抜きにする30人の熟痴女ファック4時間,JUSD-372 男を骨抜きにする30人の熟痴女ファック4時間,JUSD-372,2011-10-20,239分鐘,,マドンナ,Madonna,,蕩婦、合集、花癡、數位馬賽克、4小時以上作品、顏面騎乘、巨乳、DMM獨家,多人,https://www.javbus.com/JUSD-372
VENU-180 湯けむり近親相姦 母子入浴交尾 総集編 4時間,VENU-180 湯けむり近親相姦 母子入浴交尾 総集編 4時間,VENU-180,2011-10-16,242分鐘,,VENUS,女神（ヴィーナス）,湯けむり近親相姦,成熟的女人、合集、亂倫、已婚婦女、巨乳,多人,https://www.javbus.com/VENU-180
VAGU-016 人妻淫語中出しソープ 雌犬妻 中森玲子,VAGU-016 人妻淫語中出しソープ 雌犬妻 中森玲子,VAGU-016,2011-10-16,106分鐘,SARU,VENUS,ヴィーナス（VENUS）,人妻淫語中出しソープ,成熟的女人、淫語、已婚婦女、中出、巨乳、單體作品,中森玲子,https://www.javbus.com/VAGU-016
HTZM-011 凌辱人妻 さいたま市在住 中森玲子婦人,HTZM-011 凌辱人妻 さいたま市在住 中森玲子婦人,HTZM-011,2011-10-16,95分鐘,,ラビリンス,人妻倶楽部（ラビリンス）,,成熟的女人、已婚婦女、凌辱、乳液、巨乳、單體作品、DMM獨家,中森玲子,https://www.javbus.com/HTZM-011
XQQ-011 人妻恥悦旅行 人妻交尾絵巻 4時間,XQQ-011 人妻恥悦旅行 人妻交尾絵巻 4時間,XQQ-011,2011-10-11,238分鐘,高橋浩一,グローリークエスト,GLORYQUEST,人妻恥悦旅行,合集、已婚婦女、通姦、拘束、女優按摩棒,多人,https://www.javbus.com/XQQ-011
AUKS-016 ペニバン女と変態マゾ男2,AUKS-016 ペニバン女と変態マゾ男2,AUKS-016,2011-10-10,240分鐘,,U＆K,U＆K,「飼育の虜」変態マゾ男とペニバン女,蕩婦、合集、插入異物、拘束、肛交,多人,https://www.javbus.com/AUKS-016
AUKG-081 噂のビアン専用 巨乳レズエステ,AUKG-081 噂のビアン専用 巨乳レズエステ,AUKG-081,2011-10-10,100分鐘,,U＆K,U＆K,,女同性戀、舔陰、美容院、女同接吻、巨乳,多人,https://www.javbus.com/AUKG-081
FAX-372 熟女のアレはメラニン色素で黒ずんでいる,FAX-372 熟女のアレはメラニン色素で黒ずんでいる,FAX-372,2011-10-10,108分鐘,ヘンリー塚本,FAプロ・プラチナ,FAプロ,,成熟的女人、舔陰、戲劇,多人,https://www.javbus.com/FAX-372
VSPDS-594 最高級顔騎 2 ～豊満なお尻で最高の癒しを貴方に～,VSPDS-594 最高級顔騎 2 ～豊満なお尻で最高の癒しを貴方に～,VSPDS-594,2011-10-08,116分鐘,吉田素直,V＆Rプロダクツ,V＆Rプロダクツ,最高級顔騎,蕩婦、其他戀物癖、屁股、舔陰、DVD多士爐、顏面騎乘,多人,https://www.javbus.com/VSPDS-594
VENU-177 S級熟女 8,VENU-177 S級熟女 8,VENU-177,2011-09-30,243分鐘,,VENUS,女神（ヴィーナス）,S級熟女（VENUS）,成熟的女人、合集、亂倫、已婚婦女、巨乳,多人,https://www.javbus.com/VENU-177
JUFD-176 淫語で誘う寸止め焦らし痴女 ～僕を生殺しにして愉しむ上司の奥さん～ 中森玲子,JUFD-176 淫語で誘う寸止め焦らし痴女 ～僕を生殺しにして愉しむ上司の奥さん～ 中森玲子,JUFD-176,2011-09-29,176分鐘,旗大漁,Fitch,Fitch,淫語で誘う寸止め焦らし痴女,蕩婦、乳交、淫語、已婚婦女、數位馬賽克、高畫質、巨乳、單體作品、DMM獨家,中森玲子,https://www.javbus.com/JUFD-176
NASS-028 大人美人な人妻たち,NASS-028 大人美人な人妻たち,NASS-028,2011-09-27,238分鐘,星野光明,なでしこ,Nadeshiko,,連褲襪、已婚婦女、4小時以上作品、手指插入,多人,https://www.javbus.com/NASS-028
BIJ-012 熟女ブルセラ 中森玲子33歳,BIJ-012 熟女ブルセラ 中森玲子33歳,BIJ-012,2011-09-21,107分鐘,高円寺☆ゴロー,虎堂,淫熟,熟女ブルセラ,角色扮演、成熟的女人、制服、巨乳、單體作品,中森玲子,https://www.javbus.com/BIJ-012
JUSD-365 2011年マドンナ上半期131タイトル8時間,JUSD-365 2011年マドンナ上半期131タイトル8時間,JUSD-365,2011-09-18,478分鐘,,マドンナ,Madonna,マドンナ○半期,成熟的女人、業餘、合集、已婚婦女、新娘、年輕妻子、數位馬賽克、高畫質、DMM獨家,多人,https://www.javbus.com/JUSD-365
JUSD-366 丸ごと！中森玲子SPECIAL8時間,JUSD-366 丸ごと！中森玲子SPECIAL8時間,JUSD-366,2011-09-18,479分鐘,,マドンナ,Madonna,丸ごと！○○8時間,成熟的女人、乳交、合集、屁股、數位馬賽克、巨乳、單體作品、DMM獨家,中森玲子,https://www.javbus.com/JUSD-366
BIJ-007 舐め至極,BIJ-007 舐め至極,BIJ-007,2011-09-17,109分鐘,,虎堂,淫熟,,蕩婦、成熟的女人、多P,多人,https://www.javbus.com/BIJ-007
CADV-271 レイプされた未亡人 8時間100連発！！,CADV-271 レイプされた未亡人 8時間100連発！！,CADV-271,2011-09-16,479分鐘,,クリスタル映像,CRYSTALEX,,和服・喪服、強姦、寡婦、4小時以上作品,多人,https://www.javbus.com/CADV-271
FAX-366 世にも卑猥な淫乱秘戯 抱きたい女 抱かれたい女,FAX-366 世にも卑猥な淫乱秘戯 抱きたい女 抱かれたい女,FAX-366,2011-09-09,128分鐘,ヘンリー塚本,FAプロ・プラチナ,FAプロ,,紧缚、69、多P、戲劇,多人,https://www.javbus.com/FAX-366
MDYD-642 強制ノーブラ生活 中森玲子,MDYD-642 強制ノーブラ生活 中森玲子,MDYD-642,2011-09-08,116分鐘,駒込忠,溜池ゴロー,溜池ゴロー,強制ノーブラ生活,成熟的女人、已婚婦女、數位馬賽克、DVD多士爐、高畫質、巨乳、單體作品、DMM獨家,中森玲子,https://www.javbus.com/MDYD-642
MBYD-128 溜池ゴロー2011年上半期全36作品8時間,MBYD-128 溜池ゴロー2011年上半期全36作品8時間,MBYD-128,2011-09-08,479分鐘,,溜池ゴロー,溜池ゴロー,溜池ゴロー○年○半期,成熟的女人、合集、數位馬賽克、4小時以上作品、DMM獨家,多人,https://www.javbus.com/MBYD-128
MKCK-026 50人50FUCK8時間,MKCK-026 50人50FUCK8時間,MKCK-026,2011-09-08,479分鐘,,E-BODY,E-BODY,,合集、4小時以上作品、巨乳、DMM獨家,多人,https://www.javbus.com/MKCK-026
JUSD-363 Hカップ以上限定！爆乳美熟女20人の騎乗位とバックとパイズリ4時間,JUSD-363 Hカップ以上限定！爆乳美熟女20人の騎乗位とバックとパイズリ4時間,JUSD-363,2011-09-01,239分鐘,,マドンナ,Madonna,,成熟的女人、乳交、合集、數位馬賽克、女上位、巨乳、DMM獨家,多人,https://www.javbus.com/JUSD-363
BOIN-093 巨乳・爆乳 撮影後のひと時 あなたの大きなおっぱい洗わせてください,BOIN-093 巨乳・爆乳 撮影後のひと時 あなたの大きなおっぱい洗わせてください,BOIN-093,2011-08-29,109分鐘,,ex,BoinBB,巨乳・爆乳,戀乳癖、巨乳,多人,https://www.javbus.com/BOIN-093
OBST-021 母子相姦の入浴集 4時間,OBST-021 母子相姦の入浴集 4時間,OBST-021,2011-08-29,241分鐘,,ex,お母さん.com,,成熟的女人、母親、亂倫、4小時以上作品、手指插入,多人,https://www.javbus.com/OBST-021
OOMN-029 フェラチオしたがる母親達 94名8時間,OOMN-029 フェラチオしたがる母親達 94名8時間,OOMN-029,2011-08-27,480分鐘,,ABC/妄想族,お母さん.com/ABC,美熟女プレイ集,成熟的女人、母親、口交、婆婆、顏射、DMM獨家,多人,https://www.javbus.com/OOMN-029
ADVR-459 極乳マゾ愛奴,ADVR-459 極乳マゾ愛奴,ADVR-459,2011-08-23,115分鐘,峰一也,アートビデオ,ARTVIDEO,,SM、紧缚、乳交、乳液、巨乳、單體作品,中森玲子,https://www.javbus.com/ADVR-459
SWF-170 魅惑の美熟女コレクション 25人4時間,SWF-170 魅惑の美熟女コレクション 25人4時間,SWF-170,2011-08-22,242分鐘,,ワンズファクトリー,WANZ,,成熟的女人、4小時以上作品、手指插入、巨乳、內衣,多人,https://www.javbus.com/SWF-170
SWF-169 Gカップ以上の巨乳の激しい後背位 20人4時間,SWF-169 Gカップ以上の巨乳の激しい後背位 20人4時間,SWF-169,2011-08-22,240分鐘,,ワンズファクトリー,WANZ,,其他戀物癖、戀乳癖、4小時以上作品、巨乳,多人,https://www.javbus.com/SWF-169
VSPDS-580 Hな公衆浴場 巨乳湯女,VSPDS-580 Hな公衆浴場 巨乳湯女,VSPDS-580,2011-08-21,118分鐘,萩澤カルメン,V＆Rプロダクツ,V＆Rプロダクツ,,企畫、乳液、巨乳,中森玲子,https://www.javbus.com/VSPDS-580
JUSD-361 壮絶ピストン！美熟女30人のヌメる結合部4時間,JUSD-361 壮絶ピストン！美熟女30人のヌメる結合部4時間,JUSD-361,2011-08-14,239分鐘,,マドンナ,Madonna,,成熟的女人、合集、數位馬賽克、DMM獨家、局部特寫,多人,https://www.javbus.com/JUSD-361
CADV-262 エステなのに口説かれてエッチしちゃうエステティシャン 25人240分！！,CADV-262 エステなのに口説かれてエッチしちゃうエステティシャン 25人240分！！,CADV-262,2011-08-10,239分鐘,,クリスタル映像,CRYSTALEX,エステなのに口説かれてエッチしちゃうエステティシャン,多P、美容院、按摩、打手槍,多人,https://www.javbus.com/CADV-262
FRGJV-006 禁親相姦介護 DX 4時間,FRGJV-006 禁親相姦介護 DX 4時間,FRGJV-006,2011-08-09,239分鐘,,グラフィティジャパン,フェアエスト,禁親相姦介護,合集、亂倫、舔陰、女上位,多人,https://www.javbus.com/FRGJV-006
FAX-360 昭和の夏の禁断の性 出戻り妹の飢えた割れ目/貧乏人の好色母娘/情事に狂う女先生,FAX-360 昭和の夏の禁断の性 出戻り妹の飢えた割れ目/貧乏人の好色母娘/情事に狂う女先生,FAX-360,2011-08-06,121分鐘,ヘンリー塚本,FAプロ・プラチナ,FAプロ,,成熟的女人、女教師、姐妹、戲劇,多人,https://www.javbus.com/FAX-360
FAX-361 奴隷制度復活 性欲処理専用人間,FAX-361 奴隷制度復活 性欲処理専用人間,FAX-361,2011-08-06,119分鐘,ヘンリー塚本,FAプロ・プラチナ,FAプロ,,野外・露出、紧缚、多P、性奴、戲劇,多人,https://www.javbus.com/FAX-361
MBYD-126 特盛り！！ BEST HIT 美熟女 26人8時間,MBYD-126 特盛り！！ BEST HIT 美熟女 26人8時間,MBYD-126,2011-08-05,479分鐘,,溜池ゴロー,溜池ゴロー,BESTHIT美熟女,成熟的女人、合集、數位馬賽克、4小時以上作品、DMM獨家,多人,https://www.javbus.com/MBYD-126
JUSD-357 絶頂アクメ！熟マンクンニ120連発4時間,JUSD-357 絶頂アクメ！熟マンクンニ120連発4時間,JUSD-357,2011-07-31,238分鐘,,マドンナ,Madonna,,成熟的女人、合集、數位馬賽克、舔陰、DMM獨家,多人,https://www.javbus.com/JUSD-357
WSE-050 生出し！美熟女の匂い,WSE-050 生出し！美熟女の匂い,WSE-050,2011-07-31,218分鐘,,クリスタル映像,ストロベリー,,成熟的女人、拘束、中出、女優按摩棒、按摩棒,多人,https://www.javbus.com/WSE-050
GAS-192A 爆乳＆爆尻レズビアン 上原花＆中森玲子,GAS-192A 爆乳＆爆尻レズビアン 上原花＆中森玲子,GAS-192A,2011-07-28,145分鐘,高槻彰,シネマユニット・ガス,GAS,,女同性戀、乳交、戀乳癖、屁股、巨乳,多人,https://www.javbus.com/GAS-192A
MIGD-410 ザーメンドッグカフェ2 中森玲子,MIGD-410 ザーメンドッグカフェ2 中森玲子,MIGD-410,2011-07-28,238分鐘,GORY松田,ムーディーズ,MOODYZGati,ザーメンドッグカフェ,野外・露出、口交、性奴、高畫質、單體作品、DMM獨家、吞精,中森玲子,https://www.javbus.com/MIGD-410
CASE-008 egoist case 解禁 7/7,CASE-008 egoist case 解禁 7/7,CASE-008,2011-07-23,125分鐘,,デジタルアーク,digitalark（デジタルアーク）,egoistcase,纪录片,多人,https://www.javbus.com/CASE-008
LSTD-005 M男牧場 手搾りザーメン,LSTD-005 M男牧場 手搾りザーメン,LSTD-005,2011-07-23,89分鐘,,ラハイナ食堂,ラハイナ食堂,,蕩婦、羞恥、DMM獨家、打手槍,多人,https://www.javbus.com/LSTD-005
NASS-017 おしゃぶり妻 35人のフェラ好き妻,NASS-017 おしゃぶり妻 35人のフェラ好き妻,NASS-017,2011-07-22,238分鐘,星野光明,なでしこ,Nadeshiko,おしゃぶり妻,蕩婦、口交、已婚婦女、4小時以上作品,多人,https://www.javbus.com/NASS-017
JUSD-355 スポーツに励む美熟女達のじっとり汗だく痴態4時間,JUSD-355 スポーツに励む美熟女達のじっとり汗だく痴態4時間,JUSD-355,2011-07-22,239分鐘,,マドンナ,Madonna,,成熟的女人、合集、已婚婦女、數位馬賽克、運動、泳裝、DMM獨家、體育服,多人,https://www.javbus.com/JUSD-355
XKK-019 息子の性欲処理を拒めない巨乳義母 中森玲子,XKK-019 息子の性欲処理を拒めない巨乳義母 中森玲子,XKK-019,2011-07-21,117分鐘,,グローリークエスト,GLORYQUEST,息子の性欲処理を拒めない巨乳義母,亂倫、舔陰、手指插入、婆婆、巨乳、單體作品,中森玲子,https://www.javbus.com/XKK-019
ADVR-454 縄ぬれ巨乳 中森玲子,ADVR-454 縄ぬれ巨乳 中森玲子,ADVR-454,2011-07-19,93分鐘,東園賢,アートビデオ,ARTVIDEO,,成熟的女人、放尿、SM、紧缚、巨乳、單體作品,中森玲子,https://www.javbus.com/ADVR-454
MFD-083 M的願望症候群 中森玲子,MFD-083 M的願望症候群 中森玲子,MFD-083,2011-07-17,109分鐘,,ブレーントラストカンパニー,BOOTS,M的願望症候群,SM、戀腿癖、性奴、足交、顏面騎乘、單體作品,中森玲子,https://www.javbus.com/MFD-083
KOID-003 裸のペット 巨乳がたまらない全裸ペットの物語 中森玲子,KOID-003 裸のペット 巨乳がたまらない全裸ペットの物語 中森玲子,KOID-003,2011-07-15,119分鐘,千摺源兵衛,ローグ・プラネット（フェチ）/妄想族,ローグ・プラネット/妄想族,裸のペット,性奴、中出、女上位、巨乳、單體作品,中森玲子,https://www.javbus.com/KOID-003
VEQ-006 S級熟女コンプリートファイル 中森玲子 4時間,VEQ-006 S級熟女コンプリートファイル 中森玲子 4時間,VEQ-006,2011-07-15,243分鐘,,VENUS,ヴィーナス（VENUS）,S級熟女（VENUS）,成熟的女人、乳交、潮吹、已婚婦女、巨乳、單體作品,中森玲子,https://www.javbus.com/VEQ-006
BBST-022 巨乳・爆乳 乳舐め揉みフェティッシュアングル ex3周年記念BEST 4時間,BBST-022 巨乳・爆乳 乳舐め揉みフェティッシュアングル ex3周年記念BEST 4時間,BBST-022,2011-07-15,242分鐘,,ex,BoinBB,巨乳・爆乳,合集、戀乳癖、4小時以上作品、巨乳,多人,https://www.javbus.com/BBST-022
RKI-130 鮮明な映像美！高画質SEX 16時間,RKI-130 鮮明な映像美！高画質SEX 16時間,RKI-130,2011-07-14,959分鐘,,ROOKIE,ROOKIE,,合集、4小時以上作品、DMM獨家,多人,https://www.javbus.com/RKI-130
FAX-354 昭和性犯罪 通り魔犯行,FAX-354 昭和性犯罪 通り魔犯行,FAX-354,2011-07-08,123分鐘,ヘンリー塚本,FAプロ・プラチナ,FAプロ,昭和性犯罪,野外・露出、強姦、戲劇,多人,https://www.javbus.com/FAX-354
FAX-353 教祖様の秘密の儀式 悪霊払いの48手体位/教祖の精液を呑む女性信者/教祖の御神体を突き刺してオルガスムス,FAX-353 教祖様の秘密の儀式 悪霊払いの48手体位/教祖の精液を呑む女性信者/教祖の御神体を突き刺してオルガスムス,FAX-353,2011-07-08,114分鐘,ヘンリー塚本,FAプロ・プラチナ,FAプロ,,成熟的女人、女上位、戲劇、吞精,多人,https://www.javbus.com/FAX-353
MBYD-124 溜池ゴロー五周年記念 大総集編 8時間 下巻,MBYD-124 溜池ゴロー五周年記念 大総集編 8時間 下巻,MBYD-124,2011-07-07,479分鐘,,溜池ゴロー,溜池ゴロー,溜池ゴロー五周年記念大総集編8時間,成熟的女人、合集、數位馬賽克、4小時以上作品、DMM獨家,多人,https://www.javbus.com/MBYD-124
MBYD-125 完熟！極上ボディ美熟女24人8時間,MBYD-125 完熟！極上ボディ美熟女24人8時間,MBYD-125,2011-07-07,479分鐘,,溜池ゴロー,溜池ゴロー,,成熟的女人、合集、數位馬賽克、4小時以上作品、DMM獨家,多人,https://www.javbus.com/MBYD-125
TGSD-003 未亡人えろ下宿,TGSD-003 未亡人えろ下宿,TGSD-003,2011-07-06,161分鐘,,大洋図書,TAIYOH,,成熟的女人、寡婦、女主人、女老板、舔陰、巨乳,多人,https://www.javbus.com/TGSD-003
CADV-255 極選4時間 高級ソープ 三十路編,CADV-255 極選4時間 高級ソープ 三十路編,CADV-255,2011-07-01,237分鐘,,クリスタル映像,CRYSTALEX,極選○時間,成熟的女人、乳交、妓女、4小時以上作品,多人,https://www.javbus.com/CADV-255
JUSD-352 野外露出で悶える美熟女達の痴態4時間,JUSD-352 野外露出で悶える美熟女達の痴態4時間,JUSD-352,2011-07-01,239分鐘,,マドンナ,Madonna,,成熟的女人、野外・露出、合集、多P、數位馬賽克、DMM獨家,多人,https://www.javbus.com/JUSD-352
JTDV-013 いじって伸ばして包茎射精天国 2,JTDV-013 いじって伸ばして包茎射精天国 2,JTDV-013,2011-06-28,148分鐘,宮本小次郎,実録出版,実録出版MANIACS,いじって伸ばして包茎射精天国,蕩婦、口交、其他戀物癖、打手槍,多人,https://www.javbus.com/JTDV-013
VICD-210 美熟女ベロKissレズ痴漢,VICD-210 美熟女ベロKissレズ痴漢,VICD-210,2011-06-25,118分鐘,ばば★ザ★ばびぃ,ヴィ,V,,成熟的女人、女同性戀、數位馬賽克、性騷擾、拘束、高畫質、DMM獨家,多人,https://www.javbus.com/VICD-210
BDSR-061R レイプ 100人 素人暴行 BEST 8時間,BDSR-061R レイプ 100人 素人暴行 BEST 8時間,BDSR-061R,2011-06-25,481分鐘,ぽんこつ貫太郎,ビッグモーカル,BIGMORKAL,,OL、強姦、女大學生、已婚婦女、4小時以上作品、高中女生,多人,https://www.javbus.com/BDSR-061R
NASS-006 美人妻は猥褻な妄想がお好き！！,NASS-006 美人妻は猥褻な妄想がお好き！！,NASS-006,2011-06-24,239分鐘,,なでしこ,Nadeshiko,,成熟的女人、多P、妄想、4小時以上作品、按摩棒,多人,https://www.javbus.com/NASS-006
JUC-570 人妻の恥ずかしいお仕事 ～ノーパンしゃぶしゃぶ店に勤める巨尻妻～ 中森玲子,JUC-570 人妻の恥ずかしいお仕事 ～ノーパンしゃぶしゃぶ店に勤める巨尻妻～ 中森玲子,JUC-570,2011-06-19,118分鐘,三島六三郎,マドンナ,Madonna,人妻の恥ずかしいお仕事,成熟的女人、已婚婦女、屁股、多P、數位馬賽克、DVD多士爐、高畫質、單體作品、DMM獨家,中森玲子,https://www.javbus.com/JUC-570
JUSD-348 激しく求め合う、愛ある夫婦の営み8時間,JUSD-348 激しく求め合う、愛ある夫婦の営み8時間,JUSD-348,2011-06-19,478分鐘,,マドンナ,Madonna,激しく求め合う、愛ある夫婦の営み,成熟的女人、合集、已婚婦女、數位馬賽克、DMM獨家,多人,https://www.javbus.com/JUSD-348
OBST-018 お母さんは下着姿、生着替えを視姦する。総集編 4時間,OBST-018 お母さんは下着姿、生着替えを視姦する。総集編 4時間,OBST-018,2011-06-17,242分鐘,,ex,お母さん.com,お母さんは下着姿、生着替えを視姦する。,母親、合集、內衣,多人,https://www.javbus.com/OBST-018
RKI-126 馬乗り騎乗位！ 16時間,RKI-126 馬乗り騎乗位！ 16時間,RKI-126,2011-06-16,959分鐘,,ROOKIE,ROOKIE,,合集、女上位、顏面騎乘、DMM獨家,多人,https://www.javbus.com/RKI-126
FAX-349 色狂いの熟女たち 青姦・夜姦・淫姦・姦通,FAX-349 色狂いの熟女たち 青姦・夜姦・淫姦・姦通,FAX-349,2011-06-11,114分鐘,ヘンリー塚本,FAプロ・プラチナ,FAプロ,,成熟的女人、野外・露出、69、戲劇,多人,https://www.javbus.com/FAX-349
WNZ-328 THE 巨乳 BEST 4時間,WNZ-328 THE 巨乳 BEST 4時間,WNZ-328,2011-06-01,241分鐘,,ワンズファクトリー,WANZ,,乳交、合集、戀乳癖、4小時以上作品、巨乳,多人,https://www.javbus.com/WNZ-328
VSPD-041 美熟女レズSM逆さ吊りムチ蝋燭責め300連発！,VSPD-041 美熟女レズSM逆さ吊りムチ蝋燭責め300連発！,VSPD-041,2011-05-28,120分鐘,ばば★ザ★ばびぃ,ヴィ,V,レズSM逆さ吊り,成熟的女人、SM、女同性戀、紧缚、數位馬賽克、高畫質、DMM獨家,多人,https://www.javbus.com/VSPD-041
FAX-346 三十路女の世間によくある話し 熟女,FAX-346 三十路女の世間によくある話し 熟女,FAX-346,2011-05-22,166分鐘,ヘンリー塚本,FAプロ・プラチナ,FAプロ,,成熟的女人、舔陰、戲劇、巨乳,多人,https://www.javbus.com/FAX-346
MAMA-216 三十路すぎてもこの爆乳 自慢のオッパイで癒してあげる 3,MAMA-216 三十路すぎてもこの爆乳 自慢のオッパイで癒してあげる 3,MAMA-216,2011-05-21,124分鐘,水城洋助,クリスタル映像,MADAMMANIAC,自慢のオッパイで癒してあげる,成熟的女人、已婚婦女、戀乳癖、巨乳,多人,https://www.javbus.com/MAMA-216
JUSD-343 高画質で観る美熟女40人の絶頂フェラ抜き8時間,JUSD-343 高画質で観る美熟女40人の絶頂フェラ抜き8時間,JUSD-343,2011-05-21,476分鐘,,マドンナ,Madonna,,成熟的女人、口交、合集、數位馬賽克、高畫質、DMM獨家,多人,https://www.javbus.com/JUSD-343
OOMN-025 厳選！！美熟母 お母さんの止まらない騎乗位,OOMN-025 厳選！！美熟母 お母さんの止まらない騎乗位,OOMN-025,2011-05-16,119分鐘,,ABC/妄想族,お母さん.com/ABC,美熟女プレイ集,成熟的女人、母親、女上位、DVD多士爐、DMM獨家,多人,https://www.javbus.com/OOMN-025
DNT-076 生ハメ三昧！！燃え上がる年増の痙攣中出し交尾 22人4時間,DNT-076 生ハメ三昧！！燃え上がる年増の痙攣中出し交尾 22人4時間,DNT-076,2011-05-16,242分鐘,,ダイナマイトエンタープライズ,ダイナマイト,,成熟的女人、中出、女上位、巨乳,多人,https://www.javbus.com/DNT-076
FAX-341 婚期を逸した女の性 あ～ 男が欲しい昼下がり/亭主はムショの中 絶倫竿に夢中の妻/力ずくでやられたい昼下がり…,FAX-341 婚期を逸した女の性 あ～ 男が欲しい昼下がり/亭主はムショの中 絶倫竿に夢中の妻/力ずくでやられたい昼下がり…,FAX-341,2011-05-13,115分鐘,ヘンリー塚本,FAプロ・プラチナ,FAプロ,,成熟的女人、已婚婦女、舔陰、戲劇,多人,https://www.javbus.com/FAX-341
AVSW-006 中森玲子の世界,AVSW-006 中森玲子の世界,AVSW-006,2011-05-13,240分鐘,AVS,AVScollector’s,AVS,○○の世界,合集、連褲襪、巨乳、單體作品,中森玲子,https://www.javbus.com/AVSW-006
MIMK-002 母が白衣を脱ぐとき 中森玲子,MIMK-002 母が白衣を脱ぐとき 中森玲子,MIMK-002,2011-05-12,178分鐘,K*WEST,ムーディーズ,まんきつ,母が白衣を脱ぐとき（ムーディーズ）,护士、母親、數位馬賽克、高畫質、巨乳、DMM獨家,多人,https://www.javbus.com/MIMK-002
MKCK-019 E-BODYバックファッカー4時間,MKCK-019 E-BODYバックファッカー4時間,MKCK-019,2011-05-12,239分鐘,,E-BODY,E-BODY,,其他戀物癖、合集、DMM獨家,多人,https://www.javbus.com/MKCK-019
ARMM-016 《動くビニ本》 桃山 モデル 中森玲子,ARMM-016 《動くビニ本》 桃山 モデル 中森玲子,ARMM-016,2011-05-08,113分鐘,鷲本ひろし,アロマ企画,AROMAM-30,《動くビニ本》,成熟的女人、多P、DVD多士爐、高畫質、巨乳、單體作品、DMM獨家,中森玲子,https://www.javbus.com/ARMM-016
NADE-991 ビューティーレズビアン カルチャー教室の巨乳講師と生徒のラブストーリー 佐藤みき 中森玲子,NADE-991 ビューティーレズビアン カルチャー教室の巨乳講師と生徒のラブストーリー 佐藤みき 中森玲子,NADE-991,2011-05-04,118分鐘,,なでしこ,Nadeshiko,ビューティーレズビアン,女同性戀、舔陰、巨乳,多人,https://www.javbus.com/NADE-991
LADS-090 レズ×レズ×レズ地獄 6 4時間,LADS-090 レズ×レズ×レズ地獄 6 4時間,LADS-090,2011-05-03,239分鐘,,トップマーシャル,LADIES♀ROOM,レズ×レズ×レズ地獄,女同性戀、舔陰、4小時以上作品、按摩棒,多人,https://www.javbus.com/LADS-090
KBKD-840 未亡人 総集編,KBKD-840 未亡人 総集編,KBKD-840,2011-04-29,120分鐘,,小林興業,小林,,合集、寡婦、舔陰,多人,https://www.javbus.com/KBKD-840
CADV-244 絶叫熟女8時間100連発！！ 2,CADV-244 絶叫熟女8時間100連発！！ 2,CADV-244,2011-04-28,478分鐘,,クリスタル映像,CRYSTALEX,絶叫熟女8時間100連発！！,成熟的女人、已婚婦女、舔陰、女上位、手指插入,多人,https://www.javbus.com/CADV-244
FAX-338 大胆不敵・破廉恥野外SEX もちろんゴムなし！,FAX-338 大胆不敵・破廉恥野外SEX もちろんゴムなし！,FAX-338,2011-04-22,123分鐘,ヘンリー塚本,FAプロ・プラチナ,FAプロ,,野外・露出、舔陰、女上位、戲劇,多人,https://www.javbus.com/FAX-338
JUSD-337 絶品グラマラス熟ボディ20人8時間,JUSD-337 絶品グラマラス熟ボディ20人8時間,JUSD-337,2011-04-21,479分鐘,,マドンナ,Madonna,絶品グラマラス熟ボディ,成熟的女人、合集、數位馬賽克、DMM獨家,多人,https://www.javbus.com/JUSD-337
JUC-535 もう一つの混浴温泉バスツアー 6,JUC-535 もう一つの混浴温泉バスツアー 6,JUC-535,2011-04-21,229分鐘,モヒカル,マドンナ,Madonna,美熟女と行く混浴温泉バスツアー,企畫、成熟的女人、潮吹、多P、數位馬賽克、高畫質、DMM獨家,多人,https://www.javbus.com/JUC-535
SPRD-475 ふんどしオフィス 入社してしまった私 中森玲子,SPRD-475 ふんどしオフィス 入社してしまった私 中森玲子,SPRD-475,2011-04-21,119分鐘,三島六三郎,タカラ映像,ALEDDIN,,成熟的女人、OL、其他戀物癖、已婚婦女、高畫質、單體作品,中森玲子,https://www.javbus.com/SPRD-475
BKSP-316 揺れる巨乳FUCK 4時間,BKSP-316 揺れる巨乳FUCK 4時間,BKSP-316,2011-04-19,238分鐘,,アイエナジー,BKSP,,乳交、戀乳癖、女上位、4小時以上作品、巨乳,多人,https://www.javbus.com/BKSP-316
EMAZ-116 競泳水着姿で挑発する爆乳美熟女達BEST4時間,EMAZ-116 競泳水着姿で挑発する爆乳美熟女達BEST4時間,EMAZ-116,2011-04-16,235分鐘,,婦人社/エマニエル,婦人社,,成熟的女人、合集、泳裝、巨乳,多人,https://www.javbus.com/EMAZ-116
VENU-125 湯けむり近親相姦 母子入浴交尾 中森玲子,VENU-125 湯けむり近親相姦 母子入浴交尾 中森玲子,VENU-125,2011-04-16,99分鐘,芹沢翔,VENUS,INCEST（ヴィーナス）,湯けむり近親相姦,成熟的女人、母親、亂倫、已婚婦女、巨乳、單體作品,中森玲子,https://www.javbus.com/VENU-125
RKI-117 淫乱なオナニー ドスケベ80人16時間,RKI-117 淫乱なオナニー ドスケベ80人16時間,RKI-117,2011-04-15,958分鐘,,ROOKIE,ROOKIE,,合集、DMM獨家、自慰,多人,https://www.javbus.com/RKI-117
MKCK-017 濡れ過ぎたカラダ50人,MKCK-017 濡れ過ぎたカラダ50人,MKCK-017,2011-04-09,239分鐘,,E-BODY,E-BODY,,其他戀物癖、合集、巨乳、DMM獨家,多人,https://www.javbus.com/MKCK-017
JUSD-334 羞恥で濡れる美熟女30人の痴態8時間,JUSD-334 羞恥で濡れる美熟女30人の痴態8時間,JUSD-334,2011-04-07,479分鐘,,マドンナ,Madonna,,成熟的女人、合集、數位馬賽克、羞恥、DMM獨家,多人,https://www.javbus.com/JUSD-334
ANB-13 綺麗でいやらしい叔母さんの美爆乳に誘われ射精する僕 中森玲子,ANB-13 綺麗でいやらしい叔母さんの美爆乳に誘われ射精する僕 中森玲子,ANB-13,2011-04-03,87分鐘,矢野口進,ルビー,NOBLE,綺麗でいやらしい叔母さん,成熟的女人、女上位、巨乳、單體作品,中森玲子,https://www.javbus.com/ANB-13
JFB-016 絶品美女大集合！ハミ出し水着BEST4時間,JFB-016 絶品美女大集合！ハミ出し水着BEST4時間,JFB-016,2011-04-02,239分鐘,,Fitch,Fitch,ハミ出し水着（Fitch）,成熟的女人、合集、數位馬賽克、泳裝、DMM獨家,多人,https://www.javbus.com/JFB-016
JUSD-335 犯された義姉大全集8時間,JUSD-335 犯された義姉大全集8時間,JUSD-335,2011-04-02,479分鐘,,マドンナ,Madonna,犯された義姉,成熟的女人、強姦、合集、數位馬賽克、DMM獨家,多人,https://www.javbus.com/JUSD-335
DIGI-122 MORE DEEP 中森玲子,DIGI-122 MORE DEEP 中森玲子,DIGI-122,2011-03-21,139分鐘,デジタルアーク,デジタルアーク,digitalark（デジタルアーク）,MOREDEEP,蕩婦、乳交、女上位、主觀視角、巨乳、單體作品,中森玲子,https://www.javbus.com/DIGI-122
JUC-514 近親相姦 巨尻母スワッピング 櫻井ゆうこ 中森玲子,JUC-514 近親相姦 巨尻母スワッピング 櫻井ゆうこ 中森玲子,JUC-514,2011-03-20,105分鐘,芳賀栄太郎,マドンナ,Madonna,近親相姦,成熟的女人、乳交、亂倫、屁股、數位馬賽克、高畫質、DMM獨家,多人,https://www.javbus.com/JUC-514
JUC-505 マドンナファンの集い 美熟女と行く混浴温泉バスツアー 6,JUC-505 マドンナファンの集い 美熟女と行く混浴温泉バスツアー 6,JUC-505,2011-03-20,422分鐘,モヒカル,マドンナ,Madonna,美熟女と行く混浴温泉バスツアー,企畫、成熟的女人、女同性戀、濫交、數位馬賽克、高畫質、DMM獨家,多人,https://www.javbus.com/JUC-505
JFB-015 2010年Fitch全作品集12時間,JFB-015 2010年Fitch全作品集12時間,JFB-015,2011-03-20,718分鐘,,Fitch,Fitch,,成熟的女人、合集、數位馬賽克、DMM獨家,多人,https://www.javbus.com/JFB-015
SELJV-004 セックスレスの人妻たち File ＃04,SELJV-004 セックスレスの人妻たち File ＃04,SELJV-004,2011-03-18,119分鐘,,グラフィティジャパン,フェアエスト,セックスレスの人妻たち,成熟的女人、已婚婦女、69、纪录片,中森玲子,https://www.javbus.com/SELJV-004
BBST-019 爆乳騎乗位 2,BBST-019 爆乳騎乗位 2,BBST-019,2011-03-16,121分鐘,,ex,BoinBB,爆乳騎乗位,护士、戀乳癖、女上位、校服、巨乳,多人,https://www.javbus.com/BBST-019
SMD-034 発射3分前！！ 熟女43人中出しザーメン,SMD-034 発射3分前！！ 熟女43人中出しザーメン,SMD-034,2011-03-16,240分鐘,,グローバルメディアエンタテインメント,SUPERMIX,,成熟的女人、數位馬賽克、中出,多人,https://www.javbus.com/SMD-034
FAX-330 色っぽい嫁 マスをかく/毎日毎晩夫とSEX/亭主以外に男がいる/親父が手を出す,FAX-330 色っぽい嫁 マスをかく/毎日毎晩夫とSEX/亭主以外に男がいる/親父が手を出す,FAX-330,2011-03-11,111分鐘,ヘンリー塚本,FAプロ・プラチナ,FAプロ,,已婚婦女、戲劇、巨乳,多人,https://www.javbus.com/FAX-330
SBB-106 僕だけの優しいママにおもいっきり甘えたい,SBB-106 僕だけの優しいママにおもいっきり甘えたい,SBB-106,2011-03-11,241分鐘,,マルクス兄弟,MARXBrothersco.,,母親、乳交、其他戀物癖、打手槍,多人,https://www.javbus.com/SBB-106
MDYD-604 ワケあり義姉さんとの同居生活 中森玲子,MDYD-604 ワケあり義姉さんとの同居生活 中森玲子,MDYD-604,2011-03-10,117分鐘,溜池ゴロー,溜池ゴロー,溜池ゴロー,,成熟的女人、數位馬賽克、女上位、DVD多士爐、高畫質、巨乳、單體作品、DMM獨家,中森玲子,https://www.javbus.com/MDYD-604
TMG-018 溜池ゴローを愛した女 私、女として本当の悦びを知りました。美熟女シリーズ 第12弾,TMG-018 溜池ゴローを愛した女 私、女として本当の悦びを知りました。美熟女シリーズ 第12弾,TMG-018,2011-03-09,115分鐘,溜池ゴロー,光夜蝶,光夜蝶,溜池ゴローを愛した女,成熟的女人、已婚婦女、通姦,中森玲子,https://www.javbus.com/TMG-018
DVDES-380 マジックミラー号 超ゴージャス！ 濃密美熟女逆ナンパ 2011 横浜みなとみらい編,DVDES-380 マジックミラー号 超ゴージャス！ 濃密美熟女逆ナンパ 2011 横浜みなとみらい編,DVDES-380,2011-03-05,160分鐘,衣田陽水,ディープス,DEEP’S,マジックミラー号,成熟的女人、倒追、女上位,多人,https://www.javbus.com/DVDES-380
NHDTA-072 痴漢されても拒めない手をつないだ母娘を感じさせろ！！ 4 中出しVer.,NHDTA-072 痴漢されても拒めない手をつないだ母娘を感じさせろ！！ 4 中出しVer.,NHDTA-072,2011-03-05,187分鐘,クニオカ,ナチュラルハイ,NATURALHIGH,痴漢されても拒めない手をつないだ母娘を感じさせろ！！,數位馬賽克、性騷擾、中出,多人,https://www.javbus.com/NHDTA-072
CADV-236 完熟マダムPREMIUM 4時間,CADV-236 完熟マダムPREMIUM 4時間,CADV-236,2011-03-03,239分鐘,,クリスタル映像,CRYSTALEX,完熟マダムPREMIUM,成熟的女人、口交、乳交、已婚婦女、巨乳,多人,https://www.javbus.com/CADV-236
NSPS-109 女体を味わい尽くすマニアックエロス『尻フェチ』,NSPS-109 女体を味わい尽くすマニアックエロス『尻フェチ』,NSPS-109,2011-02-25,87分鐘,ながえ,ながえスタイル,ながえSTYLEpremiere,女体を味わい尽くすマニアックエロス,屁股、多P、戲劇、顏面騎乘,多人,https://www.javbus.com/NSPS-109
ACEC-003 Shake Body Collection Ver.3,ACEC-003 Shake Body Collection Ver.3,ACEC-003,2011-02-25,239分鐘,,AVScollector’s,AVS,ShakeBody,其他戀物癖、合集、巨乳,多人,https://www.javbus.com/ACEC-003
YMMT-005 IMMORAL MASSAGE 中森玲子,YMMT-005 IMMORAL MASSAGE 中森玲子,YMMT-005,2011-02-25,122分鐘,,デジタルアーク,digitalark（デジタルアーク）,,蕩婦、乳交、按摩、巨乳、單體作品、打手槍,中森玲子,https://www.javbus.com/YMMT-005
CO-4591 騎乗位好きの色っぽい10人の女達！！激しく尻振り・あふれる淫汁・膣痙攣淫ら穴,CO-4591 騎乗位好きの色っぽい10人の女達！！激しく尻振り・あふれる淫汁・膣痙攣淫ら穴,CO-4591,2011-02-23,118分鐘,金城哲哉,コロナ社,CORONASPECIAL,,制服、女上位、巨乳,多人,https://www.javbus.com/CO-4591
YOB-001 夜這い ひっそりと静まりかえった家屋に丑三つ時に忍びよる男が一人寝ている人妻の女体をなぶる,YOB-001 夜這い ひっそりと静まりかえった家屋に丑三つ時に忍びよる男が一人寝ている人妻の女体をなぶる,YOB-001,2011-02-22,104分鐘,,ソルト・ペッパー,SaltPepper,,成熟的女人、已婚婦女、多P、數位馬賽克、凌辱,多人,https://www.javbus.com/YOB-001
JUSD-327 20人の淫乱痴熟女に責められ続ける480分,JUSD-327 20人の淫乱痴熟女に責められ続ける480分,JUSD-327,2011-02-20,479分鐘,,マドンナ,Madonna,,蕩婦、成熟的女人、合集、數位馬賽克、DMM獨家,多人,https://www.javbus.com/JUSD-327
CADV-230 高級ソープへいらっしゃいEX 巨乳限定4時間 2,CADV-230 高級ソープへいらっしゃいEX 巨乳限定4時間 2,CADV-230,2011-02-15,238分鐘,,クリスタル映像,CRYSTALEX,高級ソープへいらっしゃい,乳交、妓女、乳液、立即口交、巨乳,多人,https://www.javbus.com/CADV-230
BOIN-071 巨乳・爆乳 おっぱい虐め,BOIN-071 巨乳・爆乳 おっぱい虐め,BOIN-071,2011-02-12,121分鐘,,ex,BoinBB,巨乳・爆乳,玩具、強姦、戀乳癖、巨乳,多人,https://www.javbus.com/BOIN-071
MKCK-014 BEST OF E-BODY LOVERS 2010,MKCK-014 BEST OF E-BODY LOVERS 2010,MKCK-014,2011-02-11,479分鐘,,E-BODY,E-BODY,BESTOFE-BODYLOVERS,合集、巨乳、DMM獨家,多人,https://www.javbus.com/MKCK-014
VIS-042 ディープ・レズビアン ～秘め百合覚醒～,VIS-042 ディープ・レズビアン ～秘め百合覚醒～,VIS-042,2011-02-10,115分鐘,,クリスタル映像,FIVESTAR,ディープ・レズビアン,成熟的女人、女同性戀、舔陰、手指插入、戲劇,多人,https://www.javbus.com/VIS-042
NADE-917 麗しの美人義母,NADE-917 麗しの美人義母,NADE-917,2011-01-29,240分鐘,,なでしこ,Nadeshiko,,成熟的女人、已婚婦女、婆婆,多人,https://www.javbus.com/NADE-917
VSPDS-539 熟ジョガー,VSPDS-539 熟ジョガー,VSPDS-539,2011-01-23,95分鐘,ベジタリアン,V＆Rプロダクツ,V＆Rプロダクツ,熟○○,成熟的女人、女同性戀、口交、已婚婦女、多P,中森玲子,https://www.javbus.com/VSPDS-539
WNZ-276 お母さんの美尻スペシャル4時間,WNZ-276 お母さんの美尻スペシャル4時間,WNZ-276,2011-01-22,239分鐘,,ワンズファクトリー,WANZ,近親相姦お母さんの美尻,母親、合集、亂倫、屁股,多人,https://www.javbus.com/WNZ-276
JUSD-321 美熟女50人の豪快潮吹き8時間,JUSD-321 美熟女50人の豪快潮吹き8時間,JUSD-321,2011-01-21,479分鐘,,マドンナ,Madonna,,成熟的女人、潮吹、合集、數位馬賽克、DMM獨家,多人,https://www.javbus.com/JUSD-321
WNZS-149 豊満中出し熟女 100cm Hcup中森玲子,WNZS-149 豊満中出し熟女 100cm Hcup中森玲子,WNZS-149,2011-01-15,119分鐘,,ワンズファクトリー,WANZ,,成熟的女人、紧缚、中出、巨乳、單體作品,中森玲子,https://www.javbus.com/WNZS-149
TYOD-101 イグイグ淫乱オフィス 横山みれい 中森玲子,TYOD-101 イグイグ淫乱オフィス 横山みれい 中森玲子,TYOD-101,2011-01-15,119分鐘,苺丸,乱丸,乱丸,,OL、花癡、多P、數位馬賽克、高畫質、巨乳、DMM獨家,多人,https://www.javbus.com/TYOD-101
DPHN-135 非日常的悶絶遊戯 リクエストに応えミニスカを穿く理容師、玲子の場合,DPHN-135 非日常的悶絶遊戯 リクエストに応えミニスカを穿く理容師、玲子の場合,DPHN-135,2011-01-13,118分鐘,渡辺琢斗,AVScollector’s,PHANTOM夢,非日常的悶絶遊戯,各種職業、連褲襪、巨乳、單體作品、迷你裙,中森玲子,https://www.javbus.com/DPHN-135
SWF-151 柔らかな巨乳で挟み込む 最高のパイズリ,SWF-151 柔らかな巨乳で挟み込む 最高のパイズリ,SWF-151,2011-01-12,240分鐘,,ワンズファクトリー,WANZ,,乳交、戀乳癖、巨乳,多人,https://www.javbus.com/SWF-151
MBYD-113 美熟女24人のチンポ嬲り！濃厚手コキ4時間,MBYD-113 美熟女24人のチンポ嬲り！濃厚手コキ4時間,MBYD-113,2011-01-09,239分鐘,,溜池ゴロー,溜池ゴロー,,成熟的女人、合集、數位馬賽克、DMM獨家、打手槍,多人,https://www.javbus.com/MBYD-113
HFD-057 しつけてください 喉奥に仕込む従口の作法 4時間,HFD-057 しつけてください 喉奥に仕込む従口の作法 4時間,HFD-057,2011-01-05,238分鐘,,ドリームチケット,ドリームチケット,しつけてください,口交、紧缚、合集、性奴、深喉,多人,https://www.javbus.com/HFD-057
CADV-219 爆乳熟女 8時間,CADV-219 爆乳熟女 8時間,CADV-219,2010-12-29,476分鐘,,クリスタル映像,CRYSTALEX,爆乳熟女8時間,成熟的女人、合集、多P、4小時以上作品、巨乳,多人,https://www.javbus.com/CADV-219
AV-031 下宿屋の痴母 5 中森玲子,AV-031 下宿屋の痴母 5 中森玲子,AV-031,2010-12-26,120分鐘,,ソルト・ペッパー,ing,下宿屋の痴母,蕩婦、成熟的女人、多P、數位馬賽克、單體作品,中森玲子,https://www.javbus.com/AV-031
CCXS-031 プラチナ公式BESTセレクションVOL.30 ベロちゅ～＆SEX王国kissエロ熟女集めましたver kissエロ娘集めましたver,CCXS-031 プラチナ公式BESTセレクションVOL.30 ベロちゅ～＆SEX王国kissエロ熟女集めましたver kissエロ娘集めましたver,CCXS-031,2010-12-25,334分鐘,毛利秀虎,FAプロ・プラチナ,プラチナ,BESTセレクション,其他戀物癖、合集、戲劇,多人,https://www.javbus.com/CCXS-031
LADS-083 官能劇場 レズビアン生活 その参 人妻も娘もハマるセールスレディ達の真実の情事,LADS-083 官能劇場 レズビアン生活 その参 人妻も娘もハマるセールスレディ達の真実の情事,LADS-083,2010-12-24,179分鐘,,トップマーシャル,LADIES♀ROOM,官能劇場レズビアン生活,女同性戀、已婚婦女、美容院,多人,https://www.javbus.com/LADS-083
VICD-204 1日1名様限定！口コミで広がった噂の【隠れ家的女性専門エステサロン】で過激でHなレズエステ サポート女優 中森玲子,VICD-204 1日1名様限定！口コミで広がった噂の【隠れ家的女性専門エステサロン】で過激でHなレズエステ サポート女優 中森玲子,VICD-204,2010-12-24,178分鐘,ハルナ,ヴィ,V,過激でHなレズエステ,業餘、女同性戀、野外・露出、數位馬賽克、高畫質、單體作品、DMM獨家,中森玲子,https://www.javbus.com/VICD-204
MAMA-190 人妻メンズエステ 熟女さんだと何かが期待できる…て本当？,MAMA-190 人妻メンズエステ 熟女さんだと何かが期待できる…て本当？,MAMA-190,2010-12-23,119分鐘,,クリスタル映像,MADAMMANIAC,,成熟的女人、已婚婦女、美容院、按摩、打手槍,多人,https://www.javbus.com/MAMA-190
KOP-057 お母さんと叔母さんと従兄弟と僕 大近親相姦 最強爆尻爆乳姉妹の息子食い,KOP-057 お母さんと叔母さんと従兄弟と僕 大近親相姦 最強爆尻爆乳姉妹の息子食い,KOP-057,2010-12-23,101分鐘,深川次郎,センタービレッジ,Pandora（センタービレッジ）,大近親相姦,成熟的女人、母親、亂倫、已婚婦女、DVD多士爐、巨乳,多人,https://www.javbus.com/KOP-057
SY-087 素人四畳半生中出し 87,SY-087 素人四畳半生中出し 87,SY-087,2010-12-20,116分鐘,神田川ブルース,プラム,Plum,素人四畳半生中出し,業餘、已婚婦女、拘束、中出、女優按摩棒,中森玲子,https://www.javbus.com/SY-087
JUSD-315 マドンナ7周年記念 極上美熟尻77人8時間,JUSD-315 マドンナ7周年記念 極上美熟尻77人8時間,JUSD-315,2010-12-19,479分鐘,,マドンナ,Madonna,マドンナ7周年記念,成熟的女人、合集、屁股、數位馬賽克、DMM獨家,多人,https://www.javbus.com/JUSD-315
ETC-078 極上くちマ○コ チ○ポが大好きな女たちのフェラチオ踊り喰い,ETC-078 極上くちマ○コ チ○ポが大好きな女たちのフェラチオ踊り喰い,ETC-078,2010-12-16,137分鐘,,グローリークエスト,Etcetera,,蕩婦、口交、巨乳、女生,多人,https://www.javbus.com/ETC-078
FAX-311 敗戦国婦人の卑猥な肉体 この肉体お国の為に捧げます！,FAX-311 敗戦国婦人の卑猥な肉体 この肉体お国の為に捧げます！,FAX-311,2010-12-13,103分鐘,ヘンリー塚本,FAプロ・プラチナ,FAプロ,,成熟的女人、舔陰、戲劇,多人,https://www.javbus.com/FAX-311
SWF-150 ゲキゆれ！ 巨乳絶景騎乗位,SWF-150 ゲキゆれ！ 巨乳絶景騎乗位,SWF-150,2010-12-11,240分鐘,,ワンズファクトリー,WANZ,,戀乳癖、女上位、巨乳,多人,https://www.javbus.com/SWF-150
GQR-064 絶倫老人 3 4時間の老人SEX,GQR-064 絶倫老人 3 4時間の老人SEX,GQR-064,2010-12-04,239分鐘,,グローリークエスト,GQR,絶倫老人,成熟的女人、合集、女上位,多人,https://www.javbus.com/GQR-064
JUSD-312 マドンナ7周年記念 巨乳美熟女77人12時間,JUSD-312 マドンナ7周年記念 巨乳美熟女77人12時間,JUSD-312,2010-12-02,719分鐘,,マドンナ,Madonna,マドンナ7周年記念,成熟的女人、合集、戀乳癖、數位馬賽克、巨乳、DMM獨家,多人,https://www.javbus.com/JUSD-312
VENU-085 近親相姦 エロ尻母 中森玲子,VENU-085 近親相姦 エロ尻母 中森玲子,VENU-085,2010-12-01,95分鐘,芹沢翔,VENUS,INCEST（ヴィーナス）,近親相姦（VENUS）,成熟的女人、亂倫、已婚婦女、屁股、巨乳、單體作品,中森玲子,https://www.javbus.com/VENU-085
LADS-079 官能劇場 レズビアン生活 その弐 レズエステ界の表と裏で蠢く女達…,LADS-079 官能劇場 レズビアン生活 その弐 レズエステ界の表と裏で蠢く女達…,LADS-079,2010-11-26,188分鐘,,トップマーシャル,LADIES♀ROOM,官能劇場レズビアン生活,女同性戀、美容院,多人,https://www.javbus.com/LADS-079
IFLY-008 ボインボイン,IFLY-008 ボインボイン,IFLY-008,2010-11-25,230分鐘,デジタルアーク,デジタルアーク,Di3,,蕩婦、乳交、戀乳癖、巨乳,多人,https://www.javbus.com/IFLY-008
FAX-309 色っぽい女を 縛る/吊るす/犯す,FAX-309 色っぽい女を 縛る/吊るす/犯す,FAX-309,2010-11-25,122分鐘,ヘンリー塚本,FAプロ・プラチナ,FAプロ,,強姦、紧缚、戲劇,多人,https://www.javbus.com/FAX-309
JUSD-310 厳選美熟女10人の高画質セックス4時間,JUSD-310 厳選美熟女10人の高画質セックス4時間,JUSD-310,2010-11-25,239分鐘,,マドンナ,Madonna,,成熟的女人、合集、數位馬賽克、高畫質、DMM獨家,多人,https://www.javbus.com/JUSD-310
OOMN-018 母の乳房が揺れまくる、巨乳爆乳母20人ベスト 4時間,OOMN-018 母の乳房が揺れまくる、巨乳爆乳母20人ベスト 4時間,OOMN-018,2010-11-19,239分鐘,,ABC/妄想族,お母さん.com/ABC,美熟女プレイ集,成熟的女人、母親、合集、戀乳癖、巨乳、DMM獨家,多人,https://www.javbus.com/OOMN-018
VENU-084 S級熟女 Part.6,VENU-084 S級熟女 Part.6,VENU-084,2010-11-19,242分鐘,,VENUS,ヴィーナス（VENUS）,S級熟女（VENUS）,成熟的女人、母親、已婚婦女、巨乳,多人,https://www.javbus.com/VENU-084
EBOD-133 完熟 ～熟れたむっっちりボディの艶エロス 中森玲子,EBOD-133 完熟 ～熟れたむっっちりボディの艶エロス 中森玲子,EBOD-133,2010-11-12,118分鐘,,E-BODY,E-BODY,完熟（E-BODY）,成熟的女人、女上位、高畫質、巨乳、單體作品、DMM獨家,中森玲子,https://www.javbus.com/EBOD-133
MBYD-109 無情に犯され悶絶！人気美熟女20人4時間,MBYD-109 無情に犯され悶絶！人気美熟女20人4時間,MBYD-109,2010-11-12,239分鐘,,溜池ゴロー,溜池ゴロー,,成熟的女人、強姦、合集、數位馬賽克、凌辱、DMM獨家,多人,https://www.javbus.com/MBYD-109
NADE-868 美しき人妻の背徳妄想 3,NADE-868 美しき人妻の背徳妄想 3,NADE-868,2010-11-12,103分鐘,,なでしこ,Nadeshiko,美しき人妻の背徳妄想,成熟的女人、已婚婦女、妄想、單體作品,中森玲子,https://www.javbus.com/NADE-868
CADV-211 いやらしい若妻 8時間DX,CADV-211 いやらしい若妻 8時間DX,CADV-211,2010-11-11,474分鐘,,クリスタル映像,CRYSTALEX,,新娘、年輕妻子、多P、通姦、手指插入,多人,https://www.javbus.com/CADV-211
SMD-031 熟女口内イラマチオ強姦,SMD-031 熟女口内イラマチオ強姦,SMD-031,2010-11-10,239分鐘,,グローバルメディアエンタテインメント,SUPERMIX,,成熟的女人、強姦、口交、數位馬賽克,多人,https://www.javbus.com/SMD-031
KMI-052 コスッて熟女神 4 中森玲子,KMI-052 コスッて熟女神 4 中森玲子,KMI-052,2010-11-07,138分鐘,狂一,ミル,ミル,コスッて熟女神,成熟的女人、賽車女郎、屁股、緊身衣、單體作品、水手服,中森玲子,https://www.javbus.com/KMI-052
TOP-074 痴女温泉旅館,TOP-074 痴女温泉旅館,TOP-074,2010-10-28,116分鐘,T-JAGA,NEXTGROUP,トップワン,,蕩婦、濫交、女主人、女老板、伴侶、巨乳,多人,https://www.javbus.com/TOP-074
WAB-106 10th ANNIVERSARY 美熟女 BEST,WAB-106 10th ANNIVERSARY 美熟女 BEST,WAB-106,2010-10-27,240分鐘,,ワンズファクトリー,WANZ,10thANNIVERSARY,成熟的女人、合集、性奴、拘束、內衣,多人,https://www.javbus.com/WAB-106
VNDS-2563 三十路不倫旅,VNDS-2563 三十路不倫旅,VNDS-2563,2010-10-27,89分鐘,奇譚,NEXTGROUP,ネクストイレブン,,紧缚、已婚婦女、通姦、巨乳,多人,https://www.javbus.com/VNDS-2563
NSPS-094 女体を味わい尽くすマニアックエロス『おっぱい！』,NSPS-094 女体を味わい尽くすマニアックエロス『おっぱい！』,NSPS-094,2010-10-25,104分鐘,ながえ,ながえスタイル,ながえSTYLEpremiere,女体を味わい尽くすマニアックエロス,乳交、多P、戲劇、巨乳,多人,https://www.javbus.com/NSPS-094
CCJ-002 熟女NIGHT FEVER,CCJ-002 熟女NIGHT FEVER,CCJ-002,2010-10-21,155分鐘,,グローリークエスト,CCJ,,蕩婦、成熟的女人、濫交、身體意識、跳舞,多人,https://www.javbus.com/CCJ-002
DIVS-003 DiVA’s総集編 VOL.3,DIVS-003 DiVA’s総集編 VOL.3,DIVS-003,2010-10-18,240分鐘,,虎堂,DiVA’s,DiVA’s総集編,女同性戀、其他戀物癖、合集,多人,https://www.javbus.com/DIVS-003
OKAS-048 お母さんは下着姿、生着替えを視姦する。2,OKAS-048 お母さんは下着姿、生着替えを視姦する。2,OKAS-048,2010-10-12,121分鐘,,ex,お母さん.com,お母さんは下着姿、生着替えを視姦する。,母親、其他戀物癖、內衣,多人,https://www.javbus.com/OKAS-048
VIC-079 ムッチリ爆乳盛り！,VIC-079 ムッチリ爆乳盛り！,VIC-079,2010-10-08,237分鐘,,ヴィクトリア,ヴィクトリア,,乳交、巨乳,多人,https://www.javbus.com/VIC-079
JUSD-301 義理のお姉さんとヤリまくり4時間,JUSD-301 義理のお姉さんとヤリまくり4時間,JUSD-301,2010-10-07,239分鐘,,マドンナ,Madonna,,成熟的女人、合集、姐姐、數位馬賽克、DMM獨家,多人,https://www.javbus.com/JUSD-301
BWSD-064 後家と隣人 5 中森玲子,BWSD-064 後家と隣人 5 中森玲子,BWSD-064,2010-10-04,110分鐘,安藤ボン,大洋図書,女人講,後家と隣人,成熟的女人、寡婦、花癡、單體作品,中森玲子,https://www.javbus.com/BWSD-064
NBSS-002 OPPAI CAFE レイコ先輩,NBSS-002 OPPAI CAFE レイコ先輩,NBSS-002,2010-09-29,127分鐘,,WEEKENDER,WEEKENDER,OPPAICAFE,蕩婦、乳交、姐姐、巨乳、單體作品,中森玲子,https://www.javbus.com/NBSS-002
GLAM-001 着衣巨乳のスケベお姉さん,GLAM-001 着衣巨乳のスケベお姉さん,GLAM-001,2010-09-29,240分鐘,,デジタルアーク,digitalark（デジタルアーク）,,合集、姐姐、巨乳、女生,多人,https://www.javbus.com/GLAM-001
RE-552 AVに自ら出演志願した人妻3人 4 巨乳フェロモン妻たちの濃厚な本気SEX,RE-552 AVに自ら出演志願した人妻3人 4 巨乳フェロモン妻たちの濃厚な本気SEX,RE-552,2010-09-27,118分鐘,偏屈屋,コロナ社,BIGWAVE,AVに自ら出演志願した人妻3人,潮吹、已婚婦女、女上位、按摩棒、巨乳,多人,https://www.javbus.com/RE-552
TOP-073 まさかこんな所で！！第1回変態露出全国大会,TOP-073 まさかこんな所で！！第1回変態露出全国大会,TOP-073,2010-09-26,119分鐘,HAMEX,NEXTGROUP,トップワン,,野外・露出、姐姐,多人,https://www.javbus.com/TOP-073
MCSR-029 団地妻 旦那の知らない 4時間BEST,MCSR-029 団地妻 旦那の知らない 4時間BEST,MCSR-029,2010-09-25,241分鐘,杉崎仁,ビッグモーカル,マスカット,団地妻,合集、已婚婦女、通姦、女優按摩棒、高畫質,多人,https://www.javbus.com/MCSR-029
DGKD-327S 義母の巨乳に溺れた息子 4時間 COLLECTION,DGKD-327S 義母の巨乳に溺れた息子 4時間 COLLECTION,DGKD-327S,2010-09-25,239分鐘,小山美仁,アカデミック,電撃,,成熟的女人、亂倫、中出、婆婆、巨乳,多人,https://www.javbus.com/DGKD-327S
DITR-038 ムチムチボディコンお姉さん2 超ミニスカイケイケボディコン痴女お姉さんに犯されてみませんか？,DITR-038 ムチムチボディコンお姉さん2 超ミニスカイケイケボディコン痴女お姉さんに犯されてみませんか？,DITR-038,2010-09-25,240分鐘,デジタルアーク,デジタルアーク,Di3,ムチムチボディコンお姉さん,蕩婦、身體意識、合集、巨乳、女生,多人,https://www.javbus.com/DITR-038
JUSD-297 2010年マドンナ上半期134タイトル8時間,JUSD-297 2010年マドンナ上半期134タイトル8時間,JUSD-297,2010-09-24,477分鐘,,マドンナ,Madonna,マドンナ○半期,成熟的女人、合集、數位馬賽克、DMM獨家,多人,https://www.javbus.com/JUSD-297
JUSD-298 20人の義母が悶える禁断のセックス4時間,JUSD-298 20人の義母が悶える禁断のセックス4時間,JUSD-298,2010-09-24,239分鐘,,マドンナ,Madonna,,合集、數位馬賽克、婆婆、DMM獨家,多人,https://www.javbus.com/JUSD-298
CADV-200 脅姦 罪を犯した女達4時間,CADV-200 脅姦 罪を犯した女達4時間,CADV-200,2010-09-22,239分鐘,,クリスタル映像,CRYSTALEX,,OL、強姦、女大學生、已婚婦女,多人,https://www.javbus.com/CADV-200
VNDS-2712 完全撮り下ろし 極太！ディルドオナニー 悶絶！美熟女8名出演,VNDS-2712 完全撮り下ろし 極太！ディルドオナニー 悶絶！美熟女8名出演,VNDS-2712,2010-09-20,118分鐘,COBRA48,NEXTGROUP,ネクストイレブン,,成熟的女人、其他戀物癖、高畫質、自慰,多人,https://www.javbus.com/VNDS-2712
MBYD-104 溜池ゴロー2010年上半期全56作品8時間,MBYD-104 溜池ゴロー2010年上半期全56作品8時間,MBYD-104,2010-09-13,478分鐘,,溜池ゴロー,溜池ゴロー,溜池ゴロー○年○半期,成熟的女人、合集、數位馬賽克、DMM獨家,多人,https://www.javbus.com/MBYD-104
OBST-010 母親のパンチラコレクション,OBST-010 母親のパンチラコレクション,OBST-010,2010-09-12,122分鐘,,ex,お母さん.com,,成熟的女人、母親、其他戀物癖、內衣、迷你裙,多人,https://www.javbus.com/OBST-010
RE-546 犯された人妻達の悲鳴が聞こえる…レイプされても潮を吹き疼き悶える人妻達,RE-546 犯された人妻達の悲鳴が聞こえる…レイプされても潮を吹き疼き悶える人妻達,RE-546,2010-08-26,108分鐘,金城哲哉,コロナ社,CORONASPECIAL,,強姦、潮吹、已婚婦女、中出,多人,https://www.javbus.com/RE-546
VSPDS-511 平日の真っ昼間に本物の団地妻をホロ酔いにさせたら欲求不満は炸裂するのか！？,VSPDS-511 平日の真っ昼間に本物の団地妻をホロ酔いにさせたら欲求不満は炸裂するのか！？,VSPDS-511,2010-08-24,113分鐘,萩澤カルメン,V＆Rプロダクツ,V＆Rプロダクツ,本物の団地妻を,企畫、已婚婦女,中森玲子,https://www.javbus.com/VSPDS-511
CADV-195 人妻温泉EX 巨乳妻限定4時間 2,CADV-195 人妻温泉EX 巨乳妻限定4時間 2,CADV-195,2010-08-24,239分鐘,,クリスタル映像,CRYSTALEX,人妻温泉癒し系,成熟的女人、已婚婦女、通姦、舔陰、巨乳,多人,https://www.javbus.com/CADV-195
RKI-079 もうキミの尻しか見えない！お尻8時間スペシャル！！,RKI-079 もうキミの尻しか見えない！お尻8時間スペシャル！！,RKI-079,2010-08-19,479分鐘,,ROOKIE,ROOKIE,,合集、屁股、DMM獨家,多人,https://www.javbus.com/RKI-079
GIFD-136 6時間の総集編 人妻たちの生まれて初めての風俗面接。 Vol.1,GIFD-136 6時間の総集編 人妻たちの生まれて初めての風俗面接。 Vol.1,GIFD-136,2010-08-14,358分鐘,,ラハイナ東海,岐阜城,人妻たちの転落人生、生まれて初めての風俗面接。,成熟的女人、合集、妓女、已婚婦女,多人,https://www.javbus.com/GIFD-136
JFB-012 Fitch2009年全作品集8時間,JFB-012 Fitch2009年全作品集8時間,JFB-012,2010-08-06,478分鐘,,Fitch,Fitch,,成熟的女人、合集、數位馬賽克、DMM獨家,多人,https://www.javbus.com/JFB-012
JUC-360 ジョギング・ミセス 中森玲子,JUC-360 ジョギング・ミセス 中森玲子,JUC-360,2010-08-06,118分鐘,きとるね川口,マドンナ,Madonna,○○・ミセス,成熟的女人、野外・露出、已婚婦女、數位馬賽克、DVD多士爐、高畫質、巨乳、單體作品、DMM獨家,中森玲子,https://www.javbus.com/JUC-360
MBOX-055 帰ってきた！！すべらない熟女 part2 4時間,MBOX-055 帰ってきた！！すべらない熟女 part2 4時間,MBOX-055,2010-08-05,240分鐘,,タカラ映像,タカラビジュアル,すべらない熟女,成熟的女人、數位馬賽克、女上位,多人,https://www.javbus.com/MBOX-055
NBD-036 巨乳拷問,NBD-036 巨乳拷問,NBD-036,2010-08-01,138分鐘,,中嶋興業,中嶋興業,巨乳拷問,SM、戀乳癖、拘束、凌辱、巨乳,多人,https://www.javbus.com/NBD-036
WNZ-229 悶絶ボイン揉みまくり,WNZ-229 悶絶ボイン揉みまくり,WNZ-229,2010-07-29,242分鐘,,ワンズファクトリー,WANZ,,戀乳癖、乳房、巨乳,多人,https://www.javbus.com/WNZ-229
RE-534 不倫妻たちの欲望「淫らな匂い…」夫以外の熱い肉棒に酔いしれる人妻たち,RE-534 不倫妻たちの欲望「淫らな匂い…」夫以外の熱い肉棒に酔いしれる人妻たち,RE-534,2010-07-28,107分鐘,金城哲哉,コロナ社,BIGWAVE,,已婚婦女、通姦、舔陰、巨乳,多人,https://www.javbus.com/RE-534
FAX-285 田んぼと畑と青姦とただれた性の昭和,FAX-285 田んぼと畑と青姦とただれた性の昭和,FAX-285,2010-07-25,159分鐘,ヘンリー塚本,FAプロ・プラチナ,FAプロ,,野外・露出、女上位、戲劇、巨乳、DMM獨家,多人,https://www.javbus.com/FAX-285
MCSR-024 働く人妻 BEST4時間 職場で悶える人妻たち,MCSR-024 働く人妻 BEST4時間 職場で悶える人妻たち,MCSR-024,2010-07-25,241分鐘,杉崎仁,ビッグモーカル,マスカット,働く人妻（ビッグモーカル）,合集、各種職業、已婚婦女、通姦、高畫質,多人,https://www.javbus.com/MCSR-024
RNADE-770 方言ドラマ 近親上京物語 九州編,RNADE-770 方言ドラマ 近親上京物語 九州編,RNADE-770,2010-07-23,140分鐘,,なでしこ,Nadeshiko,方言ドラマ,成熟的女人、亂倫、女優按摩棒、戲劇、單體作品,中森玲子,https://www.javbus.com/RNADE-770
OBST-009 お母さんのこっそり自慰行為（オナニー）をじっくり覗き見る 4時間,OBST-009 お母さんのこっそり自慰行為（オナニー）をじっくり覗き見る 4時間,OBST-009,2010-07-21,241分鐘,,ex,お母さん.com,,成熟的女人、玩具、母親、自慰,多人,https://www.javbus.com/OBST-009
ARM-041 ディルドにまたがる女優たち4 ～お姉さん・熟女編～,ARM-041 ディルドにまたがる女優たち4 ～お姉さん・熟女編～,ARM-041,2010-07-20,120分鐘,笠井貴人,アロマ企画,AROMA,ディルドにまたがる○○,成熟的女人、玩具、姐姐、DVD多士爐、DMM獨家、自慰,多人,https://www.javbus.com/ARM-041
WAKA-708 若松映像 人妻悶絶電マ50人4時間,WAKA-708 若松映像 人妻悶絶電マ50人4時間,WAKA-708,2010-07-19,240分鐘,,若松映像,若松映像,若松映像○○4時間,成熟的女人、已婚婦女、女優按摩棒,多人,https://www.javbus.com/WAKA-708
AKDX-003 尻EVOLUTION 3.0,AKDX-003 尻EVOLUTION 3.0,AKDX-003,2010-07-16,119分鐘,工藤澪,実録出版,工藤澪（実録出版）,尻EVOLUTION,屁股、乳液、高畫質、顏面騎乘、巨乳、單體作品,中森玲子,https://www.javbus.com/AKDX-003
MADV-158 高級ソープ 三十路編 2,MADV-158 高級ソープ 三十路編 2,MADV-158,2010-07-16,119分鐘,,クリスタル映像,MANIAC（クリスタル）,高級ソープ三十路編,成熟的女人、妓女、乳液、女上位、巨乳,多人,https://www.javbus.com/MADV-158
RNADE-761 エロ下着姿でダイエット中の巨乳義母に中出ししちゃいました！ THE BEST 4時間,RNADE-761 エロ下着姿でダイエット中の巨乳義母に中出ししちゃいました！ THE BEST 4時間,RNADE-761,2010-07-16,237分鐘,,なでしこ,Nadeshiko,エロ下着姿でダイエット中の巨乳義母に中出ししちゃいました！,合集、中出、婆婆、巨乳、內衣,多人,https://www.javbus.com/RNADE-761
DGKD-322S 美熟女三十路コレクション4時間,DGKD-322S 美熟女三十路コレクション4時間,DGKD-322S,2010-07-16,239分鐘,,アカデミック,電撃,,成熟的女人、69、乳房、中出、巨乳,多人,https://www.javbus.com/DGKD-322S
AUKG-014 巨乳妻 暴れ揺れるおっぱい自慢の人妻たち,AUKG-014 巨乳妻 暴れ揺れるおっぱい自慢の人妻たち,AUKG-014,2010-07-13,242分鐘,,U＆K,U＆K,,口交、合集、已婚婦女、女上位、巨乳、DMM獨家,多人,https://www.javbus.com/AUKG-014
MAN-110 エスカレートしすぎる熟女5人、あなたの自宅に突撃訪問。2,MAN-110 エスカレートしすぎる熟女5人、あなたの自宅に突撃訪問。2,MAN-110,2010-07-11,240分鐘,,プレステージ,マンハッタン,エスカレートしすぎる●●、あなたの自宅に突撃訪問。,企畫、成熟的女人、多P、女上位,多人,https://www.javbus.com/MAN-110
BKSP-271 親子風呂 7,BKSP-271 親子風呂 7,BKSP-271,2010-07-10,127分鐘,ボルボ中野,アイエナジー,BKSP,親子風呂,企畫、亂倫、巨乳,多人,https://www.javbus.com/BKSP-271
TYK-031 官能 義母と息子 4時間 あってはならない母子交尾,TYK-031 官能 義母と息子 4時間 あってはならない母子交尾,TYK-031,2010-07-09,239分鐘,バンク石川,東京音光,艶工房,あってはならない母子交尾,成熟的女人、乳交、亂倫、婆婆、巨乳,多人,https://www.javbus.com/TYK-031
ALD-346 生イラマ！ 26人 中出し口レイプ生イラマチオ,ALD-346 生イラマ！ 26人 中出し口レイプ生イラマチオ,ALD-346,2010-07-07,240分鐘,,桃太郎映像出版,ALLIN☆ONE,,企畫、強姦、口交、深喉、凌辱、中出,多人,https://www.javbus.com/ALD-346
MUSK-019 突発性べろれろ口淫症候群の女 中森玲子,MUSK-019 突発性べろれろ口淫症候群の女 中森玲子,MUSK-019,2010-07-01,119分鐘,来生元也,タカラ映像,MOMIJI,,口交、已婚婦女、花癡、性奴、單體作品、打手槍,中森玲子,https://www.javbus.com/MUSK-019
VERO-003 S級熟女 巨尻美尻SUPER BEST,VERO-003 S級熟女 巨尻美尻SUPER BEST,VERO-003,2010-07-01,121分鐘,,VENUS,女神（ヴィーナス）,S級熟女（VENUS）,成熟的女人、合集、已婚婦女、屁股、女上位、DMM獨家,多人,https://www.javbus.com/VERO-003
OKAS-038 母親の厳選フェラコレクション 2,OKAS-038 母親の厳選フェラコレクション 2,OKAS-038,2010-06-20,91分鐘,,ex,お母さん.com,母親の厳選フェラコレクション,成熟的女人、母親、口交、其他戀物癖,多人,https://www.javbus.com/OKAS-038
RNADE-739 人妻の情事 力ずくで犯される10人の人妻たち,RNADE-739 人妻の情事 力ずくで犯される10人の人妻たち,RNADE-739,2010-06-18,238分鐘,マーKUN,なでしこ,Nadeshiko,人妻の情事（なでしこ）,強姦、已婚婦女、69、中出、巨乳,多人,https://www.javbus.com/RNADE-739
OOMN-012 お母さんがイカせてあげる…4時間,OOMN-012 お母さんがイカせてあげる…4時間,OOMN-012,2010-06-18,241分鐘,,ABC/妄想族,お母さん.com/ABC,美熟女プレイ集,成熟的女人、母親、乳交、合集、巨乳、DMM獨家,多人,https://www.javbus.com/OOMN-012
CCXS-017 プラチナ公式BESTセレクションVOL16 女穴に入らずんば悦を得ず… ドスケベ女の発情期編,CCXS-017 プラチナ公式BESTセレクションVOL16 女穴に入らずんば悦を得ず… ドスケベ女の発情期編,CCXS-017,2010-06-13,150分鐘,毛利秀虎,FAプロ・プラチナ,プラチナ,BESTセレクション,合集、女上位、戲劇,多人,https://www.javbus.com/CCXS-017
MDYD-544 弄ばれた家政婦の乳 中森玲子,MDYD-544 弄ばれた家政婦の乳 中森玲子,MDYD-544,2010-06-11,118分鐘,溜池ゴロー,溜池ゴロー,溜池ゴロー,弄ばれた家政婦の○○,成熟的女人、乳交、數位馬賽克、DVD多士爐、高畫質、巨乳、單體作品、DMM獨家,中森玲子,https://www.javbus.com/MDYD-544
TOS-118 本格レズ 訪問エステに溺れる八○子妻たち,TOS-118 本格レズ 訪問エステに溺れる八○子妻たち,TOS-118,2010-06-11,88分鐘,岡田忍,東京音光,Aja,本格レズ,女同性戀、已婚婦女、多P、美容院、巨乳,多人,https://www.javbus.com/TOS-118
SMD-026 犯され熟女,SMD-026 犯され熟女,SMD-026,2010-06-09,180分鐘,,グローバルメディアエンタテインメント,SUPERMIX,,成熟的女人、強姦、數位馬賽克、凌辱、中出,多人,https://www.javbus.com/SMD-026
ZOW-020 人妻恥悦旅行 中森玲子,ZOW-020 人妻恥悦旅行 中森玲子,ZOW-020,2010-06-09,119分鐘,,グローリークエスト,ZOW,人妻恥悦旅行,紧缚、已婚婦女、舔陰、巨乳、單體作品,中森玲子,https://www.javbus.com/ZOW-020
CADV-180 巨乳未亡人柔乳の悶え 4時間DX 2,CADV-180 巨乳未亡人柔乳の悶え 4時間DX 2,CADV-180,2010-06-08,239分鐘,,クリスタル映像,CRYSTALEX,巨乳未亡人柔乳の悶え,和服・喪服、成熟的女人、乳交、寡婦、巨乳,多人,https://www.javbus.com/CADV-180
ALD-339 生中出し熟女 13人,ALD-339 生中出し熟女 13人,ALD-339,2010-06-07,240分鐘,,桃太郎映像出版,ALLIN☆ONE,,成熟的女人、已婚婦女、通姦、中出、打手槍,多人,https://www.javbus.com/ALD-339
CADV-178 CRYSTAL THE BEST 2010 vol.2,CADV-178 CRYSTAL THE BEST 2010 vol.2,CADV-178,2010-05-31,229分鐘,,クリスタル映像,CRYSTALEX,CRYSTALTHEBEST,乳交、合集、手指插入、女優按摩棒、巨乳,多人,https://www.javbus.com/CADV-178
OKAS-039 お母さんの乳舐め,OKAS-039 お母さんの乳舐め,OKAS-039,2010-05-31,91分鐘,,ex,お母さん.com,,成熟的女人、母親、亂倫、巨乳,多人,https://www.javbus.com/OKAS-039
OKAS-036 母と入浴 お母さんといっしょ,OKAS-036 母と入浴 お母さんといっしょ,OKAS-036,2010-05-30,91分鐘,,ex,お母さん.com,母と入浴お母さんといっしょ,母親、乳交、亂倫、手指插入,多人,https://www.javbus.com/OKAS-036
DVH-551 こだわりの手コキ 人妻編 5,DVH-551 こだわりの手コキ 人妻編 5,DVH-551,2010-05-25,238分鐘,,ハヤブサ,隼,こだわりの手コキ,成熟的女人、其他戀物癖、已婚婦女、打手槍,多人,https://www.javbus.com/DVH-551
DVH-557 フェラコレ 特別編 2 増量4時間ぜーんぶWフェラ,DVH-557 フェラコレ 特別編 2 増量4時間ぜーんぶWフェラ,DVH-557,2010-05-25,238分鐘,,ハヤブサ,隼,フェラコレ,口交、其他戀物癖、巨乳,多人,https://www.javbus.com/DVH-557
DVH-555 フェラコレ 熟女編 6 39人のフェラマダム,DVH-555 フェラコレ 熟女編 6 39人のフェラマダム,DVH-555,2010-05-25,239分鐘,,ハヤブサ,隼,フェラコレ,成熟的女人、口交、其他戀物癖、數位馬賽克,多人,https://www.javbus.com/DVH-555
FCDC-035 あのスケベな巨乳お姉さんは、アイツの会社の秘書らしい。21,FCDC-035 あのスケベな巨乳お姉さんは、アイツの会社の秘書らしい。21,FCDC-035,2010-05-18,130分鐘,,WEEKENDER,WEEKENDER,あのスケベな巨乳お姉さんは、アイツの会社の秘書らしい。,蕩婦、姐姐、秘書、巨乳、單體作品、DMM獨家,中森玲子,https://www.javbus.com/FCDC-035
DGKD-313S 巨乳美熟女4時間,DGKD-313S 巨乳美熟女4時間,DGKD-313S,2010-05-16,240分鐘,小山美仁,アカデミック,電撃,,成熟的女人、乳交、胖女人、中出、巨乳,多人,https://www.javbus.com/DGKD-313S
KBKD-658 小林興業人妻生出しオールスターズ8時間スペシャル,KBKD-658 小林興業人妻生出しオールスターズ8時間スペシャル,KBKD-658,2010-05-15,482分鐘,,小林興業,小林,,乳交、已婚婦女、中出、4小時以上作品,多人,https://www.javbus.com/KBKD-658
USH-006 2009年下半期（7月～12月）「レズ」作品集4時間,USH-006 2009年下半期（7月～12月）「レズ」作品集4時間,USH-006,2010-05-13,240分鐘,,U＆K,U＆KCOLLECTION,,女同性戀、合集,多人,https://www.javbus.com/USH-006
AUKB-004 U＆K BEST「ヤリまくり！！」4時間（2）,AUKB-004 U＆K BEST「ヤリまくり！！」4時間（2）,AUKB-004,2010-05-13,239分鐘,,U＆K,U＆K,U＆KBEST,蕩婦、第一人稱攝影、合集、已婚婦女、打手槍,多人,https://www.javbus.com/AUKB-004
HUNT-290 絶叫！！エレベーター 己の勘を信じ階数ボタンをプッシュ！狙え！賞金百万円の当たりフロア！扉の向こうにエロブリーフマンがいたら問答無用でスケベな罰ゲーム！,HUNT-290 絶叫！！エレベーター 己の勘を信じ階数ボタンをプッシュ！狙え！賞金百万円の当たりフロア！扉の向こうにエロブリーフマンがいたら問答無用でスケベな罰ゲーム！,HUNT-290,2010-05-06,128分鐘,川尻,Hunter,Hunter（ソフトオンデマンド）,,業餘、女上位、女優按摩棒、DVD多士爐,多人,https://www.javbus.com/HUNT-290
BOMN-018 巨乳 乳揉みSP 総集編 デカイ乳だけひたすら揉む4時間,BOMN-018 巨乳 乳揉みSP 総集編 デカイ乳だけひたすら揉む4時間,BOMN-018,2010-04-30,240分鐘,,ABC/妄想族,BoinBB/ABC,巨乳スペシャル,合集、戀乳癖、巨乳,多人,https://www.javbus.com/BOMN-018
CADV-171 人妻百選8時間DX 2,CADV-171 人妻百選8時間DX 2,CADV-171,2010-04-29,478分鐘,,クリスタル映像,CRYSTALEX,○○百選,成熟的女人、已婚婦女、通姦、手指插入、自慰,多人,https://www.javbus.com/CADV-171
DIV-059 女尻オナニー Vol.03,DIV-059 女尻オナニー Vol.03,DIV-059,2010-04-29,119分鐘,ネコタソ,大久保ヤンキース,DiVA’s,女尻オナニー,屁股、女優按摩棒、按摩棒、自慰,多人,https://www.javbus.com/DIV-059
UGSS-001 初めての風俗面接。 240分21名の人妻たち総集編,UGSS-001 初めての風俗面接。 240分21名の人妻たち総集編,UGSS-001,2010-04-28,240分鐘,,タカラ映像,GUSUKU,初めての風俗面接,成熟的女人、合集、妓女、已婚婦女、偷窥,多人,https://www.javbus.com/UGSS-001
KBKD-640 責められ未亡人 中森玲子 朱美,KBKD-640 責められ未亡人 中森玲子 朱美,KBKD-640,2010-04-26,90分鐘,,小林興業,東日本人妻愛好会,,成熟的女人、乳交、寡婦、單體作品,中森玲子,https://www.javbus.com/KBKD-640
MCSR-020 中出し人妻暴行4時間BEST 膣にタップリ出してやるから覚悟しな！！,MCSR-020 中出し人妻暴行4時間BEST 膣にタップリ出してやるから覚悟しな！！,MCSR-020,2010-04-25,240分鐘,YUMEJI,ビッグモーカル,マスカット,中出し人妻暴行,強姦、合集、已婚婦女、高畫質,多人,https://www.javbus.com/MCSR-020
DITR-024 Harlem Di3 LIMITED EDITION 002,DITR-024 Harlem Di3 LIMITED EDITION 002,DITR-024,2010-04-25,141分鐘,デジタルアーク,デジタルアーク,Di3,harlem,蕩婦、乳交、多P、巨乳,多人,https://www.javbus.com/DITR-024
JUC-298 もう一つの混浴温泉バスツアー 5,JUC-298 もう一つの混浴温泉バスツアー 5,JUC-298,2010-04-23,150分鐘,モヒカル,マドンナ,Madonna,美熟女と行く混浴温泉バスツアー,企畫、成熟的女人、第一人稱攝影、數位馬賽克、巨乳、DMM獨家,多人,https://www.javbus.com/JUC-298
SPRD-373 私はこの尻で、会社を辞めました。 中森玲子,SPRD-373 私はこの尻で、会社を辞めました。 中森玲子,SPRD-373,2010-04-22,119分鐘,嵐山吟遊,タカラ映像,ALEDDIN,,成熟的女人、OL、屁股、數位馬賽克、單體作品,中森玲子,https://www.javbus.com/SPRD-373
HNB-038 巨乳妻 挟射介護 中森玲子,HNB-038 巨乳妻 挟射介護 中森玲子,HNB-038,2010-04-20,96分鐘,煌大翔,STARPARADISE,華靡,,乳交、已婚婦女、高畫質、巨乳、單體作品,中森玲子,https://www.javbus.com/HNB-038
TDMJ-058 美熟女専科 舐めまくり回春サロン,TDMJ-058 美熟女専科 舐めまくり回春サロン,TDMJ-058,2010-04-17,109分鐘,沢入焚火,虎堂,漫熟,,成熟的女人、其他戀物癖、多P,多人,https://www.javbus.com/TDMJ-058
TDMJ-059 愛液べっちょり！美熟女ディルドオナニー その弐,TDMJ-059 愛液べっちょり！美熟女ディルドオナニー その弐,TDMJ-059,2010-04-17,104分鐘,,虎堂,漫熟,愛液べっちょり！美熟女ディルドオナニー,成熟的女人、玩具、自慰,多人,https://www.javbus.com/TDMJ-059
BBST-010 巨乳・爆乳 デカ乳輪 BEST 4時間,BBST-010 巨乳・爆乳 デカ乳輪 BEST 4時間,BBST-010,2010-04-17,241分鐘,,ex,BoinBB,巨乳・爆乳,乳交、合集、戀乳癖、巨乳、打手槍,多人,https://www.javbus.com/BBST-010
DGKD-305S 中森玲子完全版 4時間,DGKD-305S 中森玲子完全版 4時間,DGKD-305S,2010-04-16,239分鐘,,アカデミック,電撃,,乳交、合集、中出、美容院、巨乳、單體作品,中森玲子,https://www.javbus.com/DGKD-305S
TOS-109 本格レズ 訪問エステに溺れる母娘,TOS-109 本格レズ 訪問エステに溺れる母娘,TOS-109,2010-04-09,88分鐘,岡田忍,東京音光,Aja,本格レズ,女同性戀、多P、美容院、女優按摩棒,多人,https://www.javbus.com/TOS-109
BOIN-044 巨乳・爆乳 巨乳デカブラ着替え集 25人2時間,BOIN-044 巨乳・爆乳 巨乳デカブラ着替え集 25人2時間,BOIN-044,2010-04-05,121分鐘,,ex,BoinBB,巨乳・爆乳,其他戀物癖、戀乳癖、巨乳、內衣,多人,https://www.javbus.com/BOIN-044
SDDE-216 （裏）手コキクリニック ～完全版～ 性交クリニック 中出し看護スペシャル2,SDDE-216 （裏）手コキクリニック ～完全版～ 性交クリニック 中出し看護スペシャル2,SDDE-216,2010-04-04,134分鐘,,SODクリエイト,SODクリエイト,（裏）手コキクリニック,企畫、护士、中出、女上位、DVD多士爐、打手槍,多人,https://www.javbus.com/SDDE-216
WAB-102 10th ANNIVERSARY 巨乳 BEST,WAB-102 10th ANNIVERSARY 巨乳 BEST,WAB-102,2010-04-03,241分鐘,オムニバス,ワンズファクトリー,WANZ,10thANNIVERSARY,合集、戀乳癖、巨乳,多人,https://www.javbus.com/WAB-102
BBST-009 巨乳・爆乳 乳揉み2 BEST 4時間,BBST-009 巨乳・爆乳 乳揉み2 BEST 4時間,BBST-009,2010-04-02,241分鐘,,ex,BoinBB,巨乳・爆乳,其他戀物癖、合集、巨乳,多人,https://www.javbus.com/BBST-009
DIR-025 監禁 狂乱アクメ2,DIR-025 監禁 狂乱アクメ2,DIR-025,2010-04-01,131分鐘,,AFRO-FILM,D,監禁狂乱アクメ,監禁、深喉、舔陰、凌辱,多人,https://www.javbus.com/DIR-025
YAB-031 ザ・ボディコン 尻コキ,YAB-031 ザ・ボディコン 尻コキ,YAB-031,2010-03-31,106分鐘,えんじょい多治見,映天,ヤブサメ（映天）,,身體意識、已婚婦女、屁股、乳液,多人,https://www.javbus.com/YAB-031
PST-008D 「飼育の虜」 変態マゾ男とペニバン女 【第八章】,PST-008D 「飼育の虜」 変態マゾ男とペニバン女 【第八章】,PST-008D,2010-03-29,102分鐘,,U＆K,PANDORA,「飼育の虜」変態マゾ男とペニバン女,蕩婦、SM、其他戀物癖、緊縛、單體作品、打手槍,中森玲子,https://www.javbus.com/PST-008D
JUC-274 マドンナファンの集い 美熟女と行く混浴温泉バスツアー 5,JUC-274 マドンナファンの集い 美熟女と行く混浴温泉バスツアー 5,JUC-274,2010-03-25,399分鐘,モヒカル,マドンナ,Madonna,美熟女と行く混浴温泉バスツアー,角色扮演、企畫、成熟的女人、濫交、數位馬賽克、DMM獨家,多人,https://www.javbus.com/JUC-274
JUFD-101 ムッチリ爆乳ハミ出し水着 中森玲子,JUFD-101 ムッチリ爆乳ハミ出し水着 中森玲子,JUFD-101,2010-03-25,118分鐘,旗大漁,Fitch,Fitch,ハミ出し水着（Fitch）,成熟的女人、數位馬賽克、乳液、DVD多士爐、高畫質、泳裝、巨乳、單體作品、DMM獨家,中森玲子,https://www.javbus.com/JUFD-101
WNZ-150 パイズリは挟射だよな！ 3,WNZ-150 パイズリは挟射だよな！ 3,WNZ-150,2010-03-20,150分鐘,,ワンズファクトリー,WANZ,パイズリは挟射だよな！,乳交、戀乳癖、乳房、巨乳,多人,https://www.javbus.com/WNZ-150
GAS-138 爆乳一挙大放出4時間！！ 初出し！すべて撮り下ろし 伝説の爆乳女優16人,GAS-138 爆乳一挙大放出4時間！！ 初出し！すべて撮り下ろし 伝説の爆乳女優16人,GAS-138,2010-03-18,243分鐘,高槻彰,シネマユニット・ガス,GAS,,第一人稱攝影、乳交、4小時以上作品、巨乳,多人,https://www.javbus.com/GAS-138
NHDT-936 葬儀場で誘惑にのってしまった不謹慎な喪服美女,NHDT-936 葬儀場で誘惑にのってしまった不謹慎な喪服美女,NHDT-936,2010-03-18,120分鐘,,ナチュラルハイ,NATURALHIGH,葬儀場で誘惑にのってしまった不謹慎な喪服美女,企畫、和服・喪服、DVD多士爐,多人,https://www.javbus.com/NHDT-936
HUNT-273 1人暮らしで毎日カップラーメンばかりの彼女もいない寂しい僕が、家庭的な女性に癒されたくて料理専門の家政婦さんを呼んでチ○ポを擦り付けたら、頬を赤らめてその気になった！,HUNT-273 1人暮らしで毎日カップラーメンばかりの彼女もいない寂しい僕が、家庭的な女性に癒されたくて料理専門の家政婦さんを呼んでチ○ポを擦り付けたら、頬を赤らめてその気になった！,HUNT-273,2010-03-18,136分鐘,,Hunter,Hunter（ソフトオンデマンド）,,業餘、戀乳癖、巨乳,多人,https://www.javbus.com/HUNT-273
MBYD-093 美熟女ナース4時間,MBYD-093 美熟女ナース4時間,MBYD-093,2010-03-12,239分鐘,,溜池ゴロー,溜池ゴロー,美熟女ナース,成熟的女人、护士、合集、數位馬賽克、深喉、DMM獨家,多人,https://www.javbus.com/MBYD-093
WNZ-188 連続2回発射するまで許しません！,WNZ-188 連続2回発射するまで許しません！,WNZ-188,2010-03-11,240分鐘,,ワンズファクトリー,WANZ,,蕩婦、护士、打手槍,多人,https://www.javbus.com/WNZ-188
TDJK-009 結婚相談所に来た婚活女にアドバイスする婚活プロデューサーを装いチンポの根が乾く暇がないぐらいヤリまくれ！,TDJK-009 結婚相談所に来た婚活女にアドバイスする婚活プロデューサーを装いチンポの根が乾く暇がないぐらいヤリまくれ！,TDJK-009,2010-03-07,120分鐘,ケイン,虎堂,蛇崩,,口交、乳交、舔陰,多人,https://www.javbus.com/TDJK-009
OBST-007 お母さんの下半期 BEST 4時間,OBST-007 お母さんの下半期 BEST 4時間,OBST-007,2010-03-07,242分鐘,,ex,お母さん.com,,母親、合集、亂倫、自慰、打手槍,多人,https://www.javbus.com/OBST-007
VEMA-011 潮吹き天然妻・玲子 友達の嫁さんに突然しゃぶられた！！ 中森玲子,VEMA-011 潮吹き天然妻・玲子 友達の嫁さんに突然しゃぶられた！！ 中森玲子,VEMA-011,2010-03-01,117分鐘,,VENUS,ヴィーナス（VENUS）,,成熟的女人、潮吹、舔陰、手指插入、巨乳、單體作品,中森玲子,https://www.javbus.com/VEMA-011
WF-084D 誘惑ミセス 84 中森玲子,WF-084D 誘惑ミセス 84 中森玲子,WF-084D,2010-02-28,130分鐘,,U＆K,WIFE（U＆K）,誘惑ミセス,口交、乳交、巨乳、單體作品、自慰,中森玲子,https://www.javbus.com/WF-084D
DIV-053 レズビアンソープ VOL.3,DIV-053 レズビアンソープ VOL.3,DIV-053,2010-02-26,123分鐘,高円寺☆ゴロー,大久保ヤンキース,DiVA’s,レズビアンソープ,玩具、女同性戀、妓女、乳房、巨乳,多人,https://www.javbus.com/DIV-053
JUSD-259 美熟女50人の濃密な接吻4時間,JUSD-259 美熟女50人の濃密な接吻4時間,JUSD-259,2010-02-25,239分鐘,,マドンナ,Madonna,,成熟的女人、其他戀物癖、合集、數位馬賽克、DMM獨家,多人,https://www.javbus.com/JUSD-259
BOIN-042 巨乳・爆乳 着衣揉み,BOIN-042 巨乳・爆乳 着衣揉み,BOIN-042,2010-02-24,120分鐘,,ex,BoinBB,巨乳・爆乳,其他戀物癖、戀乳癖、巨乳,多人,https://www.javbus.com/BOIN-042
ARM-012 元アスリートの筋肉太腿フェロモン エロごっつい太腿に挟まれながら昇天してみませんか？,ARM-012 元アスリートの筋肉太腿フェロモン エロごっつい太腿に挟まれながら昇天してみませんか？,ARM-012,2010-02-20,116分鐘,,アロマ企画,AROMA,,戀腿癖、肌肉、DMM獨家,多人,https://www.javbus.com/ARM-012
OKAS-032 お母さんの卑猥な接吻,OKAS-032 お母さんの卑猥な接吻,OKAS-032,2010-02-18,92分鐘,,ex,お母さん.com,,成熟的女人、母親、其他戀物癖,多人,https://www.javbus.com/OKAS-032
KBKD-594 三十路妻中出しドキュメント 【総集編】 四,KBKD-594 三十路妻中出しドキュメント 【総集編】 四,KBKD-594,2010-02-14,120分鐘,,小林興業,小林,三十路妻中出しドキュメント,成熟的女人、合集、已婚婦女、纪录片、中出,多人,https://www.javbus.com/KBKD-594
CCXS-009 プラチナ公式 BESTセレクションVOL.8,CCXS-009 プラチナ公式 BESTセレクションVOL.8,CCXS-009,2010-02-13,148分鐘,毛利秀虎,FAプロ・プラチナ,プラチナ,BESTセレクション,成熟的女人、合集、戲劇,多人,https://www.javbus.com/CCXS-009
DSE-535 2009ドリームステージファン感謝特別総集編,DSE-535 2009ドリームステージファン感謝特別総集編,DSE-535,2010-02-13,241分鐘,,ドリームステージ,熟女絵巻,,成熟的女人、合集、已婚婦女、巨乳,多人,https://www.javbus.com/DSE-535
DSE-532 淫乳熟女 総集編,DSE-532 淫乳熟女 総集編,DSE-532,2010-02-13,117分鐘,,ドリームステージ,熟女絵巻,淫乳熟女,成熟的女人、合集、巨乳,多人,https://www.javbus.com/DSE-532
DKSW-207 クリトリスオナニー2 熟女編,DKSW-207 クリトリスオナニー2 熟女編,DKSW-207,2010-02-06,120分鐘,ながしめ,OFFICEK’S,K’SWORKS,クリトリスオナニー,成熟的女人、其他戀物癖、自慰,多人,https://www.javbus.com/DKSW-207
JFB-010 悶絶美熟女の卑猥な日常ベスト4時間 Vol.2,JFB-010 悶絶美熟女の卑猥な日常ベスト4時間 Vol.2,JFB-010,2010-02-05,239分鐘,,Fitch,Fitch,悶絶○○の卑猥な日常,成熟的女人、合集、數位馬賽克、DMM獨家,多人,https://www.javbus.com/JFB-010
GQR-029 ヤバエロCHIJYO,GQR-029 ヤバエロCHIJYO,GQR-029,2010-02-02,179分鐘,,グローリークエスト,GQR,,蕩婦、成熟的女人、乳交、姐姐、女上位,多人,https://www.javbus.com/GQR-029
DIR-022 エロい女のピストンマ●コとイヤラシい腰使い 12 絶頂限界ディルドゥオナニー,DIR-022 エロい女のピストンマ●コとイヤラシい腰使い 12 絶頂限界ディルドゥオナニー,DIR-022,2010-01-31,129分鐘,,AFRO-FILM,D,エロい女のピストンマ●コとイヤラシい腰使い,玩具、屁股、自慰,多人,https://www.javbus.com/DIR-022
DIR-023 おっぱいバカ一代 ボインに痴女られた。,DIR-023 おっぱいバカ一代 ボインに痴女られた。,DIR-023,2010-01-31,122分鐘,,AFRO-FILM,D,おっぱいバカ一代,蕩婦、乳交、巨乳、自慰,多人,https://www.javbus.com/DIR-023
JUSD-253 スーツ姿で悶える美熟女達15人4時間,JUSD-253 スーツ姿で悶える美熟女達15人4時間,JUSD-253,2010-01-25,239分鐘,,マドンナ,Madonna,,成熟的女人、OL、女教師、合集、數位馬賽克、DMM獨家,多人,https://www.javbus.com/JUSD-253
JUSD-254 もの凄い熟尻20人4時間 Vol.2,JUSD-254 もの凄い熟尻20人4時間 Vol.2,JUSD-254,2010-01-25,239分鐘,,マドンナ,Madonna,もの凄い熟尻,成熟的女人、合集、屁股、數位馬賽克、DMM獨家,多人,https://www.javbus.com/JUSD-254
CCXS-008 プラチナ公式 BESTセレクションVOL.7,CCXS-008 プラチナ公式 BESTセレクションVOL.7,CCXS-008,2010-01-25,294分鐘,毛利秀虎,FAプロ・プラチナ,プラチナ,BESTセレクション,成熟的女人、合集、女上位、戲劇、巨乳,多人,https://www.javbus.com/CCXS-008
VENU-039 中森玲子 32歳,VENU-039 中森玲子 32歳,VENU-039,2010-01-19,80分鐘,,VENUS,ヴィーナス（VENUS）,,成熟的女人、乳交、女上位、巨乳、單體作品,中森玲子,https://www.javbus.com/VENU-039
DGKD-295S 巨乳の義母中出し BEST4時間,DGKD-295S 巨乳の義母中出し BEST4時間,DGKD-295S,2010-01-16,238分鐘,小山美仁,アカデミック,電撃,,合集、戀乳癖、中出、婆婆、巨乳,多人,https://www.javbus.com/DGKD-295S
CWM-092 CFNM◆働くお姉さん 2,CWM-092 CFNM◆働くお姉さん 2,CWM-092,2010-01-15,122分鐘,一ノ瀬くるみ,ワープエンタテインメント,Washingmachine,CFNM○○,蕩婦、企畫、各種職業、舔陰、女上位、DVD多士爐,多人,https://www.javbus.com/CWM-092
KOJC-002 悩殺ボディオナニーコレクション2 くねくねバイブ編2,KOJC-002 悩殺ボディオナニーコレクション2 くねくねバイブ編2,KOJC-002,2010-01-13,118分鐘,渡辺琢斗,AVScollector’s,個人,悩殺ボディオナニーコレクション,其他戀物癖、合集、連褲襪、按摩棒、自慰,多人,https://www.javbus.com/KOJC-002
MBYD-088 極上ボディ！！美熟女15人4時間,MBYD-088 極上ボディ！！美熟女15人4時間,MBYD-088,2010-01-13,239分鐘,,溜池ゴロー,溜池ゴロー,,成熟的女人、紧缚、數位馬賽克、手指插入、巨乳、DMM獨家,多人,https://www.javbus.com/MBYD-088
BBST-007 巨乳・爆乳 乳舐め吸い BEST 2 40人,BBST-007 巨乳・爆乳 乳舐め吸い BEST 2 40人,BBST-007,2010-01-08,241分鐘,,ex,BoinBB,巨乳・爆乳,合集、戀乳癖、巨乳,多人,https://www.javbus.com/BBST-007
OKAS-030 お母さんがするオナニー 2,OKAS-030 お母さんがするオナニー 2,OKAS-030,2010-01-08,90分鐘,,ex,お母さん.com,お母さんがするオナニー,母親、其他戀物癖、自慰,多人,https://www.javbus.com/OKAS-030
TOS-095 本格レズ 訪問エステ 伝統のSEX修行,TOS-095 本格レズ 訪問エステ 伝統のSEX修行,TOS-095,2010-01-08,98分鐘,岡田忍,東京音光,Aja,本格レズ,女同性戀、多P、巨乳,多人,https://www.javbus.com/TOS-095
OKAS-028 お母さんの汚れた小便,OKAS-028 お母さんの汚れた小便,OKAS-028,2010-01-08,90分鐘,,ex,お母さん.com,,成熟的女人、放尿、母親,多人,https://www.javbus.com/OKAS-028
OKAS-024 お母さんの顔騎の思い出,OKAS-024 お母さんの顔騎の思い出,OKAS-024,2010-01-08,91分鐘,,ex,お母さん.com,,成熟的女人、母親、69、顏面騎乘、打手槍,多人,https://www.javbus.com/OKAS-024
JUSD-250 極上美熟女30人の嗚咽イラマチオ4時間,JUSD-250 極上美熟女30人の嗚咽イラマチオ4時間,JUSD-250,2010-01-07,239分鐘,,マドンナ,Madonna,,成熟的女人、口交、合集、數位馬賽克、深喉、DMM獨家,多人,https://www.javbus.com/JUSD-250
DTD-016 BEST HIT DREAM TICKET 2009年ドリームチケット下半期総集編 THE 4時間,DTD-016 BEST HIT DREAM TICKET 2009年ドリームチケット下半期総集編 THE 4時間,DTD-016,2010-01-06,228分鐘,,ドリームチケット,ドリームチケット,BESTHIT,角色扮演、紧缚、合集、多P、巨乳,多人,https://www.javbus.com/DTD-016
OOMN-008 デカパイ熟女BEST10人 4時間,OOMN-008 デカパイ熟女BEST10人 4時間,OOMN-008,2009-12-29,240分鐘,,ABC/妄想族,お母さん.com/ABC,美熟女プレイ集,成熟的女人、母親、合集、戀乳癖、巨乳、DMM獨家,多人,https://www.javbus.com/OOMN-008
BOMN-013 爆乳を舐めて吸っての極上手コキ 4時間,BOMN-013 爆乳を舐めて吸っての極上手コキ 4時間,BOMN-013,2009-12-29,240分鐘,,ABC/妄想族,BoinBB/ABC,巨乳スペシャル,乳交、合集、戀乳癖、巨乳、DMM獨家、打手槍,多人,https://www.javbus.com/BOMN-013
DIV-055 ぬるべっちょオナニー,DIV-055 ぬるべっちょオナニー,DIV-055,2009-12-27,96分鐘,ガリックソン,大久保ヤンキース,DiVA’s,,玩具、各種職業、乳液、自慰,多人,https://www.javbus.com/DIV-055
ACGJV-010 禁親相姦介護,ACGJV-010 禁親相姦介護,ACGJV-010,2009-12-26,119分鐘,坂本太,グラフィティジャパン,アクメ,禁親相姦介護,亂倫、已婚婦女、女上位、巨乳,多人,https://www.javbus.com/ACGJV-010
ALD-291 路地裏の日常 ～堕ちてゆく人妻～ 強制大量中出し,ALD-291 路地裏の日常 ～堕ちてゆく人妻～ 強制大量中出し,ALD-291,2009-12-19,223分鐘,,桃太郎映像出版,ALLIN☆ONE,路地裏人妻中出し,已婚婦女、中出、戲劇、巨乳,多人,https://www.javbus.com/ALD-291
RNADE-622 友達の爆乳義母 中森玲子,RNADE-622 友達の爆乳義母 中森玲子,RNADE-622,2009-12-18,81分鐘,,なでしこ,Nadeshiko,友達の爆乳義母,成熟的女人、乳交、戀乳癖、巨乳、單體作品,中森玲子,https://www.javbus.com/RNADE-622
DMX-103 BBB REMIX 風呂で乳尻弄り LONG EDITION 260,DMX-103 BBB REMIX 風呂で乳尻弄り LONG EDITION 260,DMX-103,2009-12-15,262分鐘,デカ拳,実録出版,ENJOY,BBBビッグ・ブーブス・バット,合集、戀乳癖、巨乳,多人,https://www.javbus.com/DMX-103
YUME-006 二人の母 継母と実母、息子を奪い合う禁断情事 中森玲子 宮田明菜,YUME-006 二人の母 継母と実母、息子を奪い合う禁断情事 中森玲子 宮田明菜,YUME-006,2009-12-15,87分鐘,煌大翔,STARPARADISE,夢物語,二人の母,母親、亂倫、巨乳,多人,https://www.javbus.com/YUME-006
CADV-145 巨乳×爆乳GP 8時間DX,CADV-145 巨乳×爆乳GP 8時間DX,CADV-145,2009-12-15,478分鐘,,クリスタル映像,CRYSTALEX,巨乳×爆乳,強姦、潮吹、合集、拘束、顏射、巨乳,多人,https://www.javbus.com/CADV-145
DPM-001 レイプ 犯された全裸女体,DPM-001 レイプ 犯された全裸女体,DPM-001,2009-12-13,87分鐘,ヘンリー塚本,FAプロ・プラチナ,FAプロ・マニアック,,野外・露出、強姦、戲劇,多人,https://www.javbus.com/DPM-001
CADV-144 極選4時間 私は痴女 人妻編 3,CADV-144 極選4時間 私は痴女 人妻編 3,CADV-144,2009-12-08,241分鐘,,クリスタル映像,CRYSTALEX,極選○時間,蕩婦、已婚婦女、通姦、女上位、巨乳,多人,https://www.javbus.com/CADV-144
DKSW-178 むっちり巨尻顔騎,DKSW-178 むっちり巨尻顔騎,DKSW-178,2009-12-06,111分鐘,,OFFICEK’S,K’SWORKS,,戀乳癖、女上位、顏面騎乘、巨乳、打手槍,多人,https://www.javbus.com/DKSW-178
SWF-123 至高のパイズリ肉棒圧迫ノンストップ4時間,SWF-123 至高のパイズリ肉棒圧迫ノンストップ4時間,SWF-123,2009-12-02,239分鐘,オムニバス,ワンズファクトリー,WANZ,○○ノンストップ4時間,乳交、戀乳癖、巨乳,多人,https://www.javbus.com/SWF-123
SVS-022 妄想おもらし三昧 永久保存版 おもらし11人80発,SVS-022 妄想おもらし三昧 永久保存版 おもらし11人80発,SVS-022,2009-12-01,115分鐘,網走ゴロー,AVScollector’s,AVS,おもらし三昧,放尿、潮吹、合集,多人,https://www.javbus.com/SVS-022
TCD-030 女大好き射精するWニューハーフ,TCD-030 女大好き射精するWニューハーフ,TCD-030,2009-11-25,155分鐘,白水力,TRANSCLUB,TRANSCLUB,,其他戀物癖、變性者、多P、肛交,多人,https://www.javbus.com/TCD-030
NHDT-883 極上女痴漢師,NHDT-883 極上女痴漢師,NHDT-883,2009-11-22,119分鐘,カリ,ナチュラルハイ,NATURALHIGH,極上女痴漢師,蕩婦、女上位、DVD多士爐,多人,https://www.javbus.com/NHDT-883
R18-145 爆裂シーン満載！ やらしい爆乳ベストセレクション12人 4時間,R18-145 爆裂シーン満載！ やらしい爆乳ベストセレクション12人 4時間,R18-145,2009-11-20,240分鐘,,チェリーズ,平成3年生,,乳交、合集、顏射、巨乳,多人,https://www.javbus.com/R18-145
GERH-002 ソルトシャワー 熟若女のおしっこみせて！,GERH-002 ソルトシャワー 熟若女のおしっこみせて！,GERH-002,2009-11-19,89分鐘,,ゲロニア/妄想族,ゲロニア,ソルトシャワー,成熟的女人、放尿,多人,https://www.javbus.com/GERH-002
DMX-013 BBB ビッグ・ブーブス・バット 中森玲子 2nd,DMX-013 BBB ビッグ・ブーブス・バット 中森玲子 2nd,DMX-013,2009-11-14,139分鐘,デカ拳,実録出版,ENJOY,BBBビッグ・ブーブス・バット,成熟的女人、紧缚、巨乳、單體作品,中森玲子,https://www.javbus.com/DMX-013
MBYD-082 美熟女10人の卑猥な熟乳4時間,MBYD-082 美熟女10人の卑猥な熟乳4時間,MBYD-082,2009-11-13,239分鐘,,溜池ゴロー,溜池ゴロー,,成熟的女人、乳交、合集、數位馬賽克、巨乳、DMM獨家,多人,https://www.javbus.com/MBYD-082
CADV-139 極選4時間 熟女狩り 2,CADV-139 極選4時間 熟女狩り 2,CADV-139,2009-11-09,238分鐘,,クリスタル映像,CRYSTALEX,極選○時間,成熟的女人、強姦、合集、已婚婦女、巨乳,多人,https://www.javbus.com/CADV-139
BOIN-032 巨乳・爆乳 乳揉み VOL.8,BOIN-032 巨乳・爆乳 乳揉み VOL.8,BOIN-032,2009-11-09,91分鐘,,ex,BoinBB,巨乳・爆乳,戀乳癖、乳房、巨乳,多人,https://www.javbus.com/BOIN-032
DIGI-083 Glam Mode Reiko Nakamori,DIGI-083 Glam Mode Reiko Nakamori,DIGI-083,2009-11-07,126分鐘,,デジタルアーク,digitalark（デジタルアーク）,GlamMode,女上位、高中女生、巨乳、單體作品、內衣,中森玲子,https://www.javbus.com/DIGI-083
DOKS-103 デカ尻コキ むっちりお尻はお好き？,DOKS-103 デカ尻コキ むっちりお尻はお好き？,DOKS-103,2009-11-06,110分鐘,Mr.BOO,OFFICEK’S,OFFICEK’S,,口交、屁股,多人,https://www.javbus.com/DOKS-103
CCX-094 熟 ベロちゅ～＆SEX王国 DEEP KISS＆SEX KINGDOM VOL.3,CCX-094 熟 ベロちゅ～＆SEX王国 DEEP KISS＆SEX KINGDOM VOL.3,CCX-094,2009-10-25,84分鐘,毛利秀虎,FAプロ・プラチナ,プラチナ,ベロちゅ～＆SEX王国,成熟的女人、其他戀物癖、戲劇,多人,https://www.javbus.com/CCX-094
TCD-028 爆乳大好きニューハーフ,TCD-028 爆乳大好きニューハーフ,TCD-028,2009-10-25,116分鐘,白水力,TRANSCLUB,TRANSCLUB,,其他戀物癖、變性者,多人,https://www.javbus.com/TCD-028
GIFD-119 人妻たちの転落人生、生まれて初めての風俗面接。 15,GIFD-119 人妻たちの転落人生、生まれて初めての風俗面接。 15,GIFD-119,2009-10-25,99分鐘,,ラハイナ東海,岐阜城,人妻たちの転落人生、生まれて初めての風俗面接。,成熟的女人、業餘、妓女、已婚婦女,中森玲子,https://www.javbus.com/GIFD-119
GAS-102 爆乳騎乗位ベスト 45人すべて見せます！,GAS-102 爆乳騎乗位ベスト 45人すべて見せます！,GAS-102,2009-10-24,118分鐘,,シネマユニット・ガス,GAS,,合集、女上位、巨乳,多人,https://www.javbus.com/GAS-102
GAS-109 爆乳ベスト2008,GAS-109 爆乳ベスト2008,GAS-109,2009-10-24,100分鐘,,シネマユニット・ガス,GAS,爆乳,合集、戀乳癖、拘束、巨乳,多人,https://www.javbus.com/GAS-109
UGUG-004 ワケあり巨乳妻の風俗面接 2,UGUG-004 ワケあり巨乳妻の風俗面接 2,UGUG-004,2009-10-22,112分鐘,,タカラ映像,GUSUKU,ワケあり人妻の風俗面接,已婚婦女、偷窥、數位馬賽克、巨乳,多人,https://www.javbus.com/UGUG-004
EMRD-003 若妻の豊満な肉体に食い込む競泳水着は唾液、ローション、マン汁まみれ！！ 中森玲子,EMRD-003 若妻の豊満な肉体に食い込む競泳水着は唾液、ローション、マン汁まみれ！！ 中森玲子,EMRD-003,2009-10-19,118分鐘,泳人満,エンペラー/妄想族,エンペラー（エンペラー/妄想族）,,成熟的女人、乳交、潮吹、泳裝、巨乳、單體作品,中森玲子,https://www.javbus.com/EMRD-003
ALD-277 豊熟 ～たっぷん美熟女～ 12人,ALD-277 豊熟 ～たっぷん美熟女～ 12人,ALD-277,2009-10-19,241分鐘,,桃太郎映像出版,ALLIN☆ONE,,成熟的女人、女上位、顏射、巨乳、打手槍,多人,https://www.javbus.com/ALD-277
DNT-032 巨乳大好き百科 22人4時間,DNT-032 巨乳大好き百科 22人4時間,DNT-032,2009-10-19,241分鐘,,ダイナマイトエンタープライズ,ダイナマイト,,成熟的女人、乳交、戀乳癖、巨乳,多人,https://www.javbus.com/DNT-032
SUN-019 ボイン大好きしょう太くんのHなイタズラ 中森玲子,SUN-019 ボイン大好きしょう太くんのHなイタズラ 中森玲子,SUN-019,2009-10-14,106分鐘,,グローリークエスト,少年アンタッチャブル,しょう太くんのHなイタズラ,戀乳癖、姐姐、舔陰、女上位、高畫質、正太控、巨乳、單體作品,中森玲子,https://www.javbus.com/SUN-019
JUSD-233 犯された義姉総集編4時間,JUSD-233 犯された義姉総集編4時間,JUSD-233,2009-10-07,239分鐘,,マドンナ,Madonna,犯された義姉,強姦、合集、多P、數位馬賽克、DMM獨家,多人,https://www.javbus.com/JUSD-233
HFD-038 そのまま谷間に発射したくなっちゃうパイズリ 4時間,HFD-038 そのまま谷間に発射したくなっちゃうパイズリ 4時間,HFD-038,2009-10-06,238分鐘,,ドリームチケット,ドリームチケット,,乳交、合集、巨乳,多人,https://www.javbus.com/HFD-038
DMX-102 BBB REMIX 乳弄りパイズリ LONG EDITION 250,DMX-102 BBB REMIX 乳弄りパイズリ LONG EDITION 250,DMX-102,2009-10-04,258分鐘,デカ拳,実録出版,ENJOY,BBBビッグ・ブーブス・バット,乳交、戀乳癖、巨乳,多人,https://www.javbus.com/DMX-102
JUSD-229 16人の美熟女がパックリずっぽり3P三昧8時間,JUSD-229 16人の美熟女がパックリずっぽり3P三昧8時間,JUSD-229,2009-09-25,479分鐘,,マドンナ,Madonna,,成熟的女人、合集、多P、數位馬賽克、DMM獨家,多人,https://www.javbus.com/JUSD-229
JUSD-230 2009年マドンナ上半期134タイトル8時間,JUSD-230 2009年マドンナ上半期134タイトル8時間,JUSD-230,2009-09-25,477分鐘,,マドンナ,Madonna,マドンナ○半期,成熟的女人、合集、數位馬賽克、DMM獨家,多人,https://www.javbus.com/JUSD-230
IESP-503 夫の部下と 中森玲子,IESP-503 夫の部下と 中森玲子,IESP-503,2009-09-20,118分鐘,極ノ介,アイエナジー,暴夢,,已婚婦女、舔陰、DVD多士爐、單體作品,中森玲子,https://www.javbus.com/IESP-503
SWF-109 美しい熟女たちの濃密なセックス,SWF-109 美しい熟女たちの濃密なセックス,SWF-109,2009-09-16,239分鐘,,ワンズファクトリー,WANZ,,成熟的女人、紧缚、已婚婦女、多P,多人,https://www.javbus.com/SWF-109
MBYD-074 溜池ゴロー2009年上半期全103作品8時間,MBYD-074 溜池ゴロー2009年上半期全103作品8時間,MBYD-074,2009-09-11,478分鐘,,溜池ゴロー,溜池ゴロー,溜池ゴロー○年○半期,成熟的女人、合集、數位馬賽克、DMM獨家,多人,https://www.javbus.com/MBYD-074
VICD-171 美人親子強制大量ぶっかけ 中森玲子×吉沢みなみ,VICD-171 美人親子強制大量ぶっかけ 中森玲子×吉沢みなみ,VICD-171,2009-09-01,116分鐘,ばば★ザ★ばびぃ,ヴィ,V,,數位馬賽克、拘束、凌辱、DMM獨家、顏射、吞精,多人,https://www.javbus.com/VICD-171
ABCB-001 ABC 2009上半期BEST 4時間,ABCB-001 ABC 2009上半期BEST 4時間,ABCB-001,2009-09-01,249分鐘,,ABC/妄想族,ABC,ABCBEST,成熟的女人、合集、戀乳癖、高中女生、巨乳,多人,https://www.javbus.com/ABCB-001
RNADE-574 犯された社長夫人,RNADE-574 犯された社長夫人,RNADE-574,2009-08-26,119分鐘,マーKUN,なでしこ,Nadeshiko,,強姦、中出、巨乳、單體作品,中森玲子,https://www.javbus.com/RNADE-574
JUSD-223 義母姦淫奴隷総集編4時間,JUSD-223 義母姦淫奴隷総集編4時間,JUSD-223,2009-08-25,239分鐘,,マドンナ,Madonna,義母姦淫奴隷,合集、數位馬賽克、婆婆、DMM獨家,多人,https://www.javbus.com/JUSD-223
NSPS-038 投稿実話 妻がまわされた 2,NSPS-038 投稿実話 妻がまわされた 2,NSPS-038,2009-08-25,72分鐘,ながえ,ながえスタイル,ながえSTYLEpremiere,投稿実話,已婚婦女、投稿、戲劇,多人,https://www.javbus.com/NSPS-038
JUSD-222 マドンナ2008年全291タイトル作品集8時間,JUSD-222 マドンナ2008年全291タイトル作品集8時間,JUSD-222,2009-08-25,475分鐘,,マドンナ,Madonna,,成熟的女人、合集、數位馬賽克、DMM獨家,多人,https://www.javbus.com/JUSD-222
IESP-494 ウテルス覚醒 痙攣アクメ 4,IESP-494 ウテルス覚醒 痙攣アクメ 4,IESP-494,2009-08-23,116分鐘,ケイン加藤,アイエナジー,暴夢,ウテルス覚醒痙攣アクメ,拘束、凌辱、DVD多士爐、巨乳、單體作品,中森玲子,https://www.javbus.com/IESP-494
CADV-125 独占！！中森玲子,CADV-125 独占！！中森玲子,CADV-125,2009-08-19,119分鐘,,クリスタル映像,CRYSTALEX,独占！！,蕩婦、苗條、巨乳、單體作品、打手槍,中森玲子,https://www.javbus.com/CADV-125
DMX-101 BBB REMIX 騎乗位後背位 LONG EDITION 230,DMX-101 BBB REMIX 騎乗位後背位 LONG EDITION 230,DMX-101,2009-08-16,234分鐘,デカ拳,実録出版,ENJOY,BBBビッグ・ブーブス・バット,其他戀物癖、合集、女上位、巨乳,多人,https://www.javbus.com/DMX-101
CADV-124 極選4時間 巨乳女狩り 3,CADV-124 極選4時間 巨乳女狩り 3,CADV-124,2009-08-12,239分鐘,,クリスタル映像,CRYSTALEX,極選○時間,OL、強姦、女教師、女大學生,多人,https://www.javbus.com/CADV-124
BBST-005 巨乳・爆乳 全身マッサージ BEST 30人4時間,BBST-005 巨乳・爆乳 全身マッサージ BEST 30人4時間,BBST-005,2009-08-08,240分鐘,,ex,BoinBB,巨乳・爆乳,其他戀物癖、合集、戀乳癖、按摩、巨乳,多人,https://www.javbus.com/BBST-005
JUSD-220 ムッチムチ肉感的熟女20人大集合8時間 Vol.2,JUSD-220 ムッチムチ肉感的熟女20人大集合8時間 Vol.2,JUSD-220,2009-08-07,479分鐘,,マドンナ,Madonna,ムッチムチ肉感的熟女20人大集合,成熟的女人、胖女人、合集、數位馬賽克、DMM獨家,多人,https://www.javbus.com/JUSD-220
JFB-008 2007年～2008年Fitch傑作選8時間,JFB-008 2007年～2008年Fitch傑作選8時間,JFB-008,2009-08-07,479分鐘,,Fitch,Fitch,,成熟的女人、合集、數位馬賽克、DMM獨家,多人,https://www.javbus.com/JFB-008
MBOX-035 でかぱいおかあさん 20人4時間,MBOX-035 でかぱいおかあさん 20人4時間,MBOX-035,2009-07-30,239分鐘,,タカラ映像,タカラビジュアル,,母親、合集、戀乳癖、數位馬賽克、巨乳,多人,https://www.javbus.com/MBOX-035
CADV-122 巨乳×爆乳 GRANDPRIX DX5,CADV-122 巨乳×爆乳 GRANDPRIX DX5,CADV-122,2009-07-29,237分鐘,,クリスタル映像,CRYSTALEX,巨乳×爆乳,合集、戀乳癖、巨乳,多人,https://www.javbus.com/CADV-122
SRNJ-013 乱熟4時間スペシャル,SRNJ-013 乱熟4時間スペシャル,SRNJ-013,2009-07-26,239分鐘,,KUKI,乱熟,背徳熟母,成熟的女人、合集、亂倫,多人,https://www.javbus.com/SRNJ-013
DITR-006 GlamMode Di3 LIMITED EDITION 002,DITR-006 GlamMode Di3 LIMITED EDITION 002,DITR-006,2009-07-25,136分鐘,,デジタルアーク,Di3,GlamMode,蕩婦、戀乳癖、女上位、巨乳、單體作品、打手槍,中森玲子,https://www.javbus.com/DITR-006
DGKD-270S 禁断の巨乳母 義母さん、もう俺ガマンできないよ 中森玲子,DGKD-270S 禁断の巨乳母 義母さん、もう俺ガマンできないよ 中森玲子,DGKD-270S,2009-07-24,89分鐘,早川誠,アカデミック,電撃,禁断の巨乳母,成熟的女人、乳交、中出、婆婆、巨乳、單體作品,中森玲子,https://www.javbus.com/DGKD-270S
MGIC-005 エステ・ド・中森玲子,MGIC-005 エステ・ド・中森玲子,MGIC-005,2009-07-24,88分鐘,伊達草仁,Magic6,Magic6（Magic6）,,成熟的女人、其他戀物癖、美容院、單體作品、打手槍,中森玲子,https://www.javbus.com/MGIC-005
WNZ-115 人妻角擦りつけオナニー,WNZ-115 人妻角擦りつけオナニー,WNZ-115,2009-07-15,120分鐘,,ワンズファクトリー,WANZ,,其他戀物癖、已婚婦女、自慰,多人,https://www.javbus.com/WNZ-115
MBYD-070 美熟女100人8時間！,MBYD-070 美熟女100人8時間！,MBYD-070,2009-07-13,477分鐘,,溜池ゴロー,溜池ゴロー,,成熟的女人、多P、數位馬賽克、DMM獨家,多人,https://www.javbus.com/MBYD-070
SKS-016 綺麗なママとの妄想○児プレイ,SKS-016 綺麗なママとの妄想○児プレイ,SKS-016,2009-07-13,120分鐘,SARJI,マルクス兄弟,MARXBrothersco.,,乳交、其他戀物癖、妄想、母乳,多人,https://www.javbus.com/SKS-016
TOS-069 いぢられ嫁 玲子,TOS-069 いぢられ嫁 玲子,TOS-069,2009-07-10,86分鐘,岡田忍,東京音光,東京音光,いぢられ嫁,新娘、年輕妻子、女上位、巨乳、單體作品,中森玲子,https://www.javbus.com/TOS-069
MAMA-108 美熟女 悩殺Body 6,MAMA-108 美熟女 悩殺Body 6,MAMA-108,2009-07-09,128分鐘,,クリスタル映像,MADAMMANIAC,美熟女悩殺Body,成熟的女人、多P、凌辱、巨乳、肛交,多人,https://www.javbus.com/MAMA-108
NRYO-009 婚約者の父親に見初められ淫靡の協定の餌食となった美人OL。,NRYO-009 婚約者の父親に見初められ淫靡の協定の餌食となった美人OL。,NRYO-009,2009-07-09,103分鐘,,女体探究凌辱研究所,女体探求凌辱研究所,,OL、多P、凌辱、羞恥、單體作品,中森玲子,https://www.javbus.com/NRYO-009
DSE-460 2009年ファン投票ランキングコレクションベスト20作品,DSE-460 2009年ファン投票ランキングコレクションベスト20作品,DSE-460,2009-07-05,240分鐘,,ドリームステージ,熟女絵巻,,成熟的女人、合集、4小時以上作品,多人,https://www.javbus.com/DSE-460
DSE-468 熟女デカ尻強烈ピストン 総集編,DSE-468 熟女デカ尻強烈ピストン 総集編,DSE-468,2009-07-05,239分鐘,,ドリームステージ,熟女絵巻,熟女デカ尻強烈ピストン総集編,成熟的女人、合集、屁股、4小時以上作品,多人,https://www.javbus.com/DSE-468
IESP-487 近親相姦【弐】母子スワップ 友田真希 中森玲子,IESP-487 近親相姦【弐】母子スワップ 友田真希 中森玲子,IESP-487,2009-07-04,107分鐘,菅原養史,アイエナジー,暴夢,近親相姦母子スワップ,成熟的女人、母親、亂倫、女上位、DVD多士爐,多人,https://www.javbus.com/IESP-487
VSPDS-422 時間よ止まれ！ パート13,VSPDS-422 時間よ止まれ！ パート13,VSPDS-422,2009-07-04,119分鐘,萩澤カルメン,V＆Rプロダクツ,V＆Rプロダクツ,時間よ止まれ！,企畫、已婚婦女、高、泳裝、巨乳,多人,https://www.javbus.com/VSPDS-422
ETC-013 巨乳診断書2 中森玲子,ETC-013 巨乳診断書2 中森玲子,ETC-013,2009-07-02,110分鐘,,グローリークエスト,Etcetera,巨乳診断書,已婚婦女、戀乳癖、高畫質、巨乳、單體作品,中森玲子,https://www.javbus.com/ETC-013
OOMN-004 お母さんのすべて 2009年上半期BEST4時間,OOMN-004 お母さんのすべて 2009年上半期BEST4時間,OOMN-004,2009-07-01,239分鐘,,ABC/妄想族,お母さん.com/ABC,美熟女プレミアムベスト,成熟的女人、母親、合集、巨乳、DMM獨家,多人,https://www.javbus.com/OOMN-004
JUSD-212 厳選美熟女の絶品フェラ抜き18連発。,JUSD-212 厳選美熟女の絶品フェラ抜き18連発。,JUSD-212,2009-06-25,207分鐘,,マドンナ,Madonna,,成熟的女人、口交、合集、數位馬賽克、DMM獨家,多人,https://www.javbus.com/JUSD-212
CCX-079 夫婦交換の部屋 欲情 よがり狂う妻/ハマり狂う夫 Vol.4,CCX-079 夫婦交換の部屋 欲情 よがり狂う妻/ハマり狂う夫 Vol.4,CCX-079,2009-06-25,82分鐘,毛利秀虎,FAプロ・プラチナ,プラチナ,夫婦交換の部屋,濫交、已婚婦女、女上位、戲劇、巨乳,多人,https://www.javbus.com/CCX-079
AYA-027 人妻8人中出し肉便器,AYA-027 人妻8人中出し肉便器,AYA-027,2009-06-23,120分鐘,ツチノコハウス,VIP,AYA,,成熟的女人、已婚婦女、中出,多人,https://www.javbus.com/AYA-027
DGKD-265S 熟女霊 最後の一滴まで搾り取ってあげる 中森玲子,DGKD-265S 熟女霊 最後の一滴まで搾り取ってあげる 中森玲子,DGKD-265S,2009-06-19,89分鐘,早川誠,アカデミック,電撃,,蕩婦、成熟的女人、巨乳、單體作品,中森玲子,https://www.javbus.com/DGKD-265S
ALSP-022 背徳の熟女ベスト10人,ALSP-022 背徳の熟女ベスト10人,ALSP-022,2009-06-18,119分鐘,,タカラ映像,ALEDDIN,,成熟的女人、合集、69、女上位,多人,https://www.javbus.com/ALSP-022
SWF-101 激揺れ巨乳FUCK50人4時間スペシャル,SWF-101 激揺れ巨乳FUCK50人4時間スペシャル,SWF-101,2009-06-17,240分鐘,,ワンズファクトリー,WANZ,,乳交、姐姐、乳房、巨乳、蘿莉塔,多人,https://www.javbus.com/SWF-101
WNZ-108 近親相姦 お母さんの美尻 中森玲子,WNZ-108 近親相姦 お母さんの美尻 中森玲子,WNZ-108,2009-06-16,120分鐘,当麻竜也,ワンズファクトリー,WANZ,近親相姦お母さんの美尻,成熟的女人、母親、亂倫、屁股、巨乳、單體作品,中森玲子,https://www.javbus.com/WNZ-108
GMED-038 熟女産婦人科レイプ,GMED-038 熟女産婦人科レイプ,GMED-038,2009-06-06,180分鐘,早川誠,グローバルメディアエンタテインメント,Global,,成熟的女人、強姦、數位馬賽克、鴨嘴、輪姦、中出,多人,https://www.javbus.com/GMED-038
BBST-002 巨乳・爆乳 授乳手コキ BEST 25人,BBST-002 巨乳・爆乳 授乳手コキ BEST 25人,BBST-002,2009-06-06,241分鐘,,ex,BoinBB,巨乳・爆乳,合集、戀乳癖、4小時以上作品、巨乳、打手槍,多人,https://www.javbus.com/BBST-002
HEDV-093 THE 潮吹き 6,HEDV-093 THE 潮吹き 6,HEDV-093,2009-06-05,118分鐘,,クリスタル映像,HERMES,THE潮吹き,潮吹、女上位、手指插入,多人,https://www.javbus.com/HEDV-093
JFB-007 エロい美熟女の巨尻誘惑BEST4時間,JFB-007 エロい美熟女の巨尻誘惑BEST4時間,JFB-007,2009-06-05,239分鐘,,Fitch,Fitch,エロい○○の巨尻誘惑,成熟的女人、合集、屁股、數位馬賽克、DMM獨家,多人,https://www.javbus.com/JFB-007
MBOX-032 熟女のお尻でござひます 4時間,MBOX-032 熟女のお尻でござひます 4時間,MBOX-032,2009-06-04,238分鐘,,タカラ映像,タカラビジュアル,○○ベスト4時間,成熟的女人、合集、屁股、數位馬賽克,多人,https://www.javbus.com/MBOX-032
NBD-024 拘束生乳集団揉み,NBD-024 拘束生乳集団揉み,NBD-024,2009-06-01,138分鐘,,中嶋興業,中嶋興業,,紧缚、戀乳癖、拘束、巨乳,多人,https://www.javbus.com/NBD-024
NBD-025 巨乳どれい4 中森玲子,NBD-025 巨乳どれい4 中森玲子,NBD-025,2009-06-01,136分鐘,,中嶋興業,中嶋興業,巨乳どれい,紧缚、乳交、性奴、凌辱、巨乳、單體作品,中森玲子,https://www.javbus.com/NBD-025
DSE-431 ドリームステージベスト熟女美脚ランキング10,DSE-431 ドリームステージベスト熟女美脚ランキング10,DSE-431,2009-05-31,241分鐘,,ドリームステージ,熟女絵巻,ドリームステージベスト義母,成熟的女人、合集、戀腿癖、倒追、4小時以上作品,多人,https://www.javbus.com/DSE-431
MADV-099 昼下がりの淫ら妻 31,MADV-099 昼下がりの淫ら妻 31,MADV-099,2009-05-29,123分鐘,,クリスタル映像,MANIAC（クリスタル）,昼下がりの淫ら妻,已婚婦女、通姦,多人,https://www.javbus.com/MADV-099
BOIN-024 巨乳・爆乳 乳揉み VOL.6,BOIN-024 巨乳・爆乳 乳揉み VOL.6,BOIN-024,2009-05-27,90分鐘,,ex,BoinBB,巨乳・爆乳,戀乳癖、巨乳,多人,https://www.javbus.com/BOIN-024
MCDR-810 職妻不倫,MCDR-810 職妻不倫,MCDR-810,2009-05-25,118分鐘,YUMEJI,ビッグモーカル,大吉,,已婚婦女、通姦、制服、高畫質,多人,https://www.javbus.com/MCDR-810
JUSD-204 厳選！美熟女レイプ総集編4時間,JUSD-204 厳選！美熟女レイプ総集編4時間,JUSD-204,2009-05-25,239分鐘,,マドンナ,Madonna,,成熟的女人、強姦、合集、數位馬賽克、DMM獨家,多人,https://www.javbus.com/JUSD-204
MCDR-809 団地妻 発情する淫乱妻たち,MCDR-809 団地妻 発情する淫乱妻たち,MCDR-809,2009-05-25,117分鐘,蟹江大介,ビッグモーカル,大吉,団地妻,企畫、已婚婦女、高畫質、巨乳,多人,https://www.javbus.com/MCDR-809
DDR-993 誘惑女教師,DDR-993 誘惑女教師,DDR-993,2009-05-25,120分鐘,YUMEJI,ビッグモーカル,大吉,,蕩婦、女教師、高畫質、巨乳,多人,https://www.javbus.com/DDR-993
WRC-005 隣の奥さんは欲情変態美人妻 the BEST,WRC-005 隣の奥さんは欲情変態美人妻 the BEST,WRC-005,2009-05-23,239分鐘,,ワンズファクトリー,WANZ,隣の奥さんは○○,成熟的女人、已婚婦女、69、女上位,多人,https://www.javbus.com/WRC-005
ARMD-952 エロ熟女に騎乗られちゃった僕。その2,ARMD-952 エロ熟女に騎乗られちゃった僕。その2,ARMD-952,2009-05-20,115分鐘,鷲本ひろし,アロマ企画,AROMA,○○ちゃった僕,蕩婦、成熟的女人、69、屁股、女上位、DMM獨家,多人,https://www.javbus.com/ARMD-952
RD-258 おはズボッ！ちょっと止めて 腰ふるの バックはだめッ イッちゃうから～！！,RD-258 おはズボッ！ちょっと止めて 腰ふるの バックはだめッ イッちゃうから～！！,RD-258,2009-05-18,88分鐘,大沼栄太郎,アテナ映像,ATHENA,おはズボッ！,各種職業、女上位、巨乳,多人,https://www.javbus.com/RD-258
NWF-265 無理矢理に連続で2回出さされる手コキ,NWF-265 無理矢理に連続で2回出さされる手コキ,NWF-265,2009-05-16,119分鐘,,ワンズファクトリー,WANZ,,蕩婦、乳交、淫語、打手槍,多人,https://www.javbus.com/NWF-265
SKS-014 揉み責め×乳イキ×敏感乳房,SKS-014 揉み責め×乳イキ×敏感乳房,SKS-014,2009-05-13,151分鐘,SARJI,マルクス兄弟,MARXBrothersco.,,其他戀物癖、乳房、巨乳,多人,https://www.javbus.com/SKS-014
SMA-408 キモ男に犯される教育ママゴン 中森玲子,SMA-408 キモ男に犯される教育ママゴン 中森玲子,SMA-408,2009-05-13,121分鐘,SARJI,マルクス兄弟,MARXBrothersco.,キモ男に犯される○○,強姦、輪姦、凌辱、中出、巨乳、單體作品,中森玲子,https://www.javbus.com/SMA-408
ARMD-949 ピストン騎乗位5,ARMD-949 ピストン騎乗位5,ARMD-949,2009-05-08,126分鐘,夢野あいだ,アロマ企画,AROMA,ピストン騎乗位,屁股、女上位、DMM獨家,多人,https://www.javbus.com/ARMD-949
JKSP-015 超本格美熟女近親愛蔵盤 息子と済ませた母親達 4,JKSP-015 超本格美熟女近親愛蔵盤 息子と済ませた母親達 4,JKSP-015,2009-05-07,119分鐘,,タカラ映像,熟恋,超本格エロ絵巻（タカラ映像）,成熟的女人、合集、亂倫、數位馬賽克、女上位,多人,https://www.javbus.com/JKSP-015
BKSP-192 羞恥！！社員教育,BKSP-192 羞恥！！社員教育,BKSP-192,2009-05-04,120分鐘,,アイエナジー,IENERGY！,,企畫、OL、多P、性奴、羞恥、DVD多士爐,多人,https://www.javbus.com/BKSP-192
MAMA-100 熟女狩り 10,MAMA-100 熟女狩り 10,MAMA-100,2009-05-02,123分鐘,,クリスタル映像,MADAMMANIAC,熟女狩り,成熟的女人、強姦,多人,https://www.javbus.com/MAMA-100
ACE-011 Shake Body Ver.9,ACE-011 Shake Body Ver.9,ACE-011,2009-05-01,127分鐘,渡辺琢斗,AVScollector’s,麗羅,ShakeBody,其他戀物癖、連褲襪、緊身衣、巨乳、單體作品、內衣,中森玲子,https://www.javbus.com/ACE-011
FREE-003 スケベ会社の爆乳変態女社長 2,FREE-003 スケベ会社の爆乳変態女社長 2,FREE-003,2009-04-29,123分鐘,,WEEKENDER,FReeeee,スケベ会社の爆乳変態女社長,各種職業、連褲襪、戀乳癖、女上位、巨乳、單體作品、DMM獨家,中森玲子,https://www.javbus.com/FREE-003
MCDR-806 中出し人妻暴行 さっさと諦めて中に出させな！！,MCDR-806 中出し人妻暴行 さっさと諦めて中に出させな！！,MCDR-806,2009-04-25,119分鐘,蟹江大介,ビッグモーカル,マスカット,中出し人妻暴行,強姦、已婚婦女、中出、高畫質,多人,https://www.javbus.com/MCDR-806
GODR-262 巨乳×美脚×生中出し,GODR-262 巨乳×美脚×生中出し,GODR-262,2009-04-25,114分鐘,,VIP,God,巨乳×美脚×生中出し,乳交、舔陰、中出、手指插入、巨乳,多人,https://www.javbus.com/GODR-262
JUSD-200 豊満おっぱい美熟女20人8時間,JUSD-200 豊満おっぱい美熟女20人8時間,JUSD-200,2009-04-24,479分鐘,,マドンナ,Madonna,,成熟的女人、戀乳癖、數位馬賽克、巨乳、DMM獨家,多人,https://www.javbus.com/JUSD-200
JUSD-199 働く美熟女15人4時間,JUSD-199 働く美熟女15人4時間,JUSD-199,2009-04-24,239分鐘,,マドンナ,Madonna,,成熟的女人、合集、各種職業、多P、數位馬賽克、DMM獨家,多人,https://www.javbus.com/JUSD-199
MDYD-438 美熟女ナース 中森玲子,MDYD-438 美熟女ナース 中森玲子,MDYD-438,2009-04-13,113分鐘,溜池ゴロー,溜池ゴロー,溜池ゴロー,美熟女ナース,成熟的女人、护士、乳交、多P、數位馬賽克、單體作品、DMM獨家,中森玲子,https://www.javbus.com/MDYD-438
BBST-001 巨乳・爆乳 乳舐め吸い BEST 25人,BBST-001 巨乳・爆乳 乳舐め吸い BEST 25人,BBST-001,2009-04-09,241分鐘,,ex,BoinBB,巨乳・爆乳,合集、戀乳癖、巨乳,多人,https://www.javbus.com/BBST-001
BOIN-021 巨乳・爆乳 乳揉み VOL.5,BOIN-021 巨乳・爆乳 乳揉み VOL.5,BOIN-021,2009-04-09,90分鐘,,ex,BoinBB,巨乳・爆乳,其他戀物癖、戀乳癖、巨乳,多人,https://www.javbus.com/BOIN-021
SPRD-276 開かない、便所 中森玲子,SPRD-276 開かない、便所 中森玲子,SPRD-276,2009-04-02,124分鐘,西本達也,タカラ映像,ALEDDIN,開かない、便所,成熟的女人、放尿、數位馬賽克、羞恥、單體作品,中森玲子,https://www.javbus.com/SPRD-276
JKSP-014 超本格美熟女近親愛蔵盤 息子と済ませた母親達 3,JKSP-014 超本格美熟女近親愛蔵盤 息子と済ませた母親達 3,JKSP-014,2009-04-02,119分鐘,,タカラ映像,熟恋,超本格エロ絵巻（タカラ映像）,成熟的女人、合集、亂倫、數位馬賽克,多人,https://www.javbus.com/JKSP-014
OKSN-009 お母さんのすべて 中森玲子,OKSN-009 お母さんのすべて 中森玲子,OKSN-009,2009-04-01,89分鐘,,ABC/妄想族,お母さん.com/ABC,美熟女プレミアムベスト,母親、亂倫、戀乳癖、眼鏡、巨乳、單體作品、DMM獨家,中森玲子,https://www.javbus.com/OKSN-009
BOMN-002 巨乳乳揉みSP 乳フェチ向け 乳揉みしまくり120分,BOMN-002 巨乳乳揉みSP 乳フェチ向け 乳揉みしまくり120分,BOMN-002,2009-04-01,121分鐘,,ABC/妄想族,BoinBB/ABC,巨乳スペシャル,戀乳癖、乳液、DVD多士爐、巨乳,多人,https://www.javbus.com/BOMN-002
JUFD-058 悶絶美熟女の卑猥な日常 爆乳でムッチムチなマンション管理人、玲子の場合 中森玲子,JUFD-058 悶絶美熟女の卑猥な日常 爆乳でムッチムチなマンション管理人、玲子の場合 中森玲子,JUFD-058,2009-03-25,110分鐘,沢庵,Fitch,Fitch,悶絶○○の卑猥な日常,成熟的女人、數位馬賽克、緊身衣、女上位、DVD多士爐、巨乳、單體作品、DMM獨家,中森玲子,https://www.javbus.com/JUFD-058
NSPS-017 底なしの欲求 バツイチ子持ち妻,NSPS-017 底なしの欲求 バツイチ子持ち妻,NSPS-017,2009-03-25,75分鐘,ながえ,ながえスタイル,ながえSTYLEpremiere,底なしの欲求,已婚婦女、女上位、手指插入、戲劇,多人,https://www.javbus.com/NSPS-017
JUSD-193 美熟女羞恥凌辱総集編4時間 3,JUSD-193 美熟女羞恥凌辱総集編4時間 3,JUSD-193,2009-03-25,239分鐘,,マドンナ,Madonna,美熟女羞恥凌辱総集編,成熟的女人、合集、數位馬賽克、凌辱、羞恥、DMM獨家,多人,https://www.javbus.com/JUSD-193
JUC-047 もう一つの混浴温泉バスツアー 4,JUC-047 もう一つの混浴温泉バスツアー 4,JUC-047,2009-03-25,217分鐘,モヒカル,マドンナ,Madonna,美熟女と行く混浴温泉バスツアー,成熟的女人、第一人稱攝影、多P、數位馬賽克、女上位、DMM獨家,多人,https://www.javbus.com/JUC-047
JTDV-009 尻コキ射精天国 熟女編,JTDV-009 尻コキ射精天国 熟女編,JTDV-009,2009-03-20,136分鐘,宮本小次郎,実録出版,実録出版,尻コキ射精天国,成熟的女人、其他戀物癖、屁股,多人,https://www.javbus.com/JTDV-009
DRMA-010 路地裏人妻中出し 玲子,DRMA-010 路地裏人妻中出し 玲子,DRMA-010,2009-03-19,109分鐘,幸村ヒロシ,桃太郎映像出版,桃太郎映像出版,路地裏人妻中出し,野外・露出、紧缚、已婚婦女、中出、巨乳,中森玲子,https://www.javbus.com/DRMA-010
BOIN-018 巨乳・爆乳 パイズリ VOL.2,BOIN-018 巨乳・爆乳 パイズリ VOL.2,BOIN-018,2009-03-17,90分鐘,,ex,BoinBB,巨乳・爆乳,乳交、其他戀物癖、戀乳癖、巨乳,多人,https://www.javbus.com/BOIN-018
SVDVD-096 ダマせ！巨乳奥様の黒人解禁…そして童貞、さらに潮！ 中森玲子,SVDVD-096 ダマせ！巨乳奥様の黒人解禁…そして童貞、さらに潮！ 中森玲子,SVDVD-096,2009-03-05,135分鐘,ニューカジー風間,サディスティックヴィレッジ,サディスティックヴィレッジ,,乳交、已婚婦女、DVD多士爐、巨乳、單體作品、黑人演員,中森玲子,https://www.javbus.com/SVDVD-096
DPH-100 非日常的悶絶遊戯 巨乳ボディコンキャバクラ嬢、玲子とさくらの場合,DPH-100 非日常的悶絶遊戯 巨乳ボディコンキャバクラ嬢、玲子とさくらの場合,DPH-100,2009-03-01,181分鐘,渡辺琢斗,AVScollector’s,PHANTOM夢,非日常的悶絶遊戯,身體意識、妓女、連褲襪、巨乳、DMM獨家,多人,https://www.javbus.com/DPH-100
JUC-034 犯された義姉 中森玲子,JUC-034 犯された義姉 中森玲子,JUC-034,2009-02-25,117分鐘,ビンス東郷,マドンナ,Madonna,犯された義姉,成熟的女人、多P、數位馬賽克、巨乳、單體作品、DMM獨家,中森玲子,https://www.javbus.com/JUC-034
CADV-099 極選4時間 人妻が熟れて我慢できない午後3時,CADV-099 極選4時間 人妻が熟れて我慢できない午後3時,CADV-099,2009-02-06,240分鐘,,クリスタル映像,CRYSTALEX,極選○時間,成熟的女人、合集、已婚婦女、多P、女上位,多人,https://www.javbus.com/CADV-099
DANDY-124 「キスまで3cm 日曜日の恋人のいない美淑女に満員状態で息がかかるほど密着したらヤられた」 VOL.2,DANDY-124 「キスまで3cm 日曜日の恋人のいない美淑女に満員状態で息がかかるほど密着したらヤられた」 VOL.2,DANDY-124,2009-02-05,178分鐘,ダンディよしの,DANDY,DANDY,キスまで3cm,企畫、OL、數位馬賽克,多人,https://www.javbus.com/DANDY-124
DMX-009 BBB ビッグ・ブーブス・バット 中森玲子,DMX-009 BBB ビッグ・ブーブス・バット 中森玲子,DMX-009,2009-02-01,183分鐘,デカメロン拳,実録出版,ENJOY,BBBビッグ・ブーブス・バット,乳交、戀乳癖、屁股、女上位、單體作品,中森玲子,https://www.javbus.com/DMX-009
CADR-264 街角ウブっ娘 ミラクル巨乳4時間,CADR-264 街角ウブっ娘 ミラクル巨乳4時間,CADR-264,2009-01-31,241分鐘,TAKESHI,メディアバンク,Carnival,,乳交、戀乳癖、4小時以上作品、巨乳,多人,https://www.javbus.com/CADR-264
JUFD-052 エロい美熟女の巨尻誘惑 中森玲子,JUFD-052 エロい美熟女の巨尻誘惑 中森玲子,JUFD-052,2009-01-25,118分鐘,旗大漁,Fitch,Fitch,エロい○○の巨尻誘惑,成熟的女人、連褲襪、屁股、巨乳、單體作品、DMM獨家、水手服,中森玲子,https://www.javbus.com/JUFD-052
JUC-010 マドンナファンの集い 美熟女と行く混浴温泉バスツアー 4 祝・マドンナ5周年 ～豪華美熟女たちの恩返しSPECIAL～,JUC-010 マドンナファンの集い 美熟女と行く混浴温泉バスツアー 4 祝・マドンナ5周年 ～豪華美熟女たちの恩返しSPECIAL～,JUC-010,2009-01-25,476分鐘,モヒカル,マドンナ,Madonna,美熟女と行く混浴温泉バスツアー,企畫、成熟的女人、放尿、濫交、數位馬賽克、DMM獨家,多人,https://www.javbus.com/JUC-010
RRNJ-003 背徳熟母 中森玲子,RRNJ-003 背徳熟母 中森玲子,RRNJ-003,2009-01-23,109分鐘,,KUKI,乱熟,背徳熟母,成熟的女人、母親、亂倫、巨乳、單體作品,中森玲子,https://www.javbus.com/RRNJ-003
PSD-352 「熟女の口はもっと嘘をつく。」 熟雌女anthology ＃041 中森玲子,PSD-352 「熟女の口はもっと嘘をつく。」 熟雌女anthology ＃041 中森玲子,PSD-352,2009-01-23,205分鐘,ラッシャーみよし,アウダースジャパン,PLUS,熟雌女anthology,蕩婦、成熟的女人、淫語、各種職業、主觀視角、單體作品,中森玲子,https://www.javbus.com/PSD-352
MMV-190 人妻温泉 癒し系 24,MMV-190 人妻温泉 癒し系 24,MMV-190,2009-01-16,121分鐘,,クリスタル映像,MADAMMANIAC,人妻温泉癒し系,成熟的女人、已婚婦女、通姦、舔陰、打手槍,多人,https://www.javbus.com/MMV-190
WPW-002 絶対にハサまれたい巨乳が、そこにはある,WPW-002 絶対にハサまれたい巨乳が、そこにはある,WPW-002,2009-01-15,111分鐘,一ノ瀬くるみ,ワープエンタテインメント,S＋,,乳交、合集、戀乳癖、乳液、巨乳,多人,https://www.javbus.com/WPW-002
TOS-040 ザ・タブー家族 義母がすけべで身がもたない 25,TOS-040 ザ・タブー家族 義母がすけべで身がもたない 25,TOS-040,2009-01-09,88分鐘,因幡福助,東京音光,東京音光,○○がすけべで身がもたない,成熟的女人、亂倫、婆婆、巨乳,多人,https://www.javbus.com/TOS-040
MBOX-025 中森玲子でござひます 4時間,MBOX-025 中森玲子でござひます 4時間,MBOX-025,2009-01-03,239分鐘,,タカラ映像,タカラビジュアル,○○ベスト4時間,成熟的女人、合集、數位馬賽克、女上位、巨乳、單體作品,中森玲子,https://www.javbus.com/MBOX-025
NWF-218 接吻や乳首を舐められながら手コキされた僕。 4,NWF-218 接吻や乳首を舐められながら手コキされた僕。 4,NWF-218,2009-01-01,118分鐘,,ワンズファクトリー,WANZ,接吻や乳首を舐められながら手コキされた僕。,成熟的女人、巨乳、女生、打手槍,多人,https://www.javbus.com/NWF-218
NWF-217 隣の奥さんはフェラチオ上手で精飲好きな美人妻 中森玲子,NWF-217 隣の奥さんはフェラチオ上手で精飲好きな美人妻 中森玲子,NWF-217,2009-01-01,121分鐘,,ワンズファクトリー,WANZ,隣の奥さんは○○,口交、已婚婦女、女上位、單體作品、吞精,中森玲子,https://www.javbus.com/NWF-217
JUKD-995 近所の痴女おばさんにパイズリされた野球少年 中森玲子,JUKD-995 近所の痴女おばさんにパイズリされた野球少年 中森玲子,JUKD-995,2008-12-25,117分鐘,きとるね川口,マドンナ,Madonna,,蕩婦、成熟的女人、乳交、數位馬賽克、巨乳、單體作品、DMM獨家,中森玲子,https://www.javbus.com/JUKD-995
CADR-260 奥さん欲求不満かい！？だったら中出し姦らせて！！,CADR-260 奥さん欲求不満かい！？だったら中出し姦らせて！！,CADR-260,2008-12-25,118分鐘,亀出史朗,メディアバンク,Carnival,,已婚婦女、通姦、中出、女上位,多人,https://www.javbus.com/CADR-260
DDB-079 僕の母をレイプしてください。 義母をレイプしてくれる人を募集します。 中森玲子,DDB-079 僕の母をレイプしてください。 義母をレイプしてくれる人を募集します。 中森玲子,DDB-079,2008-12-19,119分鐘,ビーバップ・みのる,ドグマ,Dogma,,母親、強姦、凌辱、眼鏡、單體作品,中森玲子,https://www.javbus.com/DDB-079
MVF-177 巨乳女狩り 35,MVF-177 巨乳女狩り 35,MVF-177,2008-12-19,118分鐘,,クリスタル映像,MANIAC（クリスタル）,巨乳女狩り,戀乳癖、多P、女上位、手指插入、巨乳,多人,https://www.javbus.com/MVF-177
SCD-022 禁断介護22 ～絶倫義父の虜になった爆乳嫁～,SCD-022 禁断介護22 ～絶倫義父の虜になった爆乳嫁～,SCD-022,2008-12-18,138分鐘,,グローリークエスト,SEXCARE,禁断介護,亂倫、已婚婦女、舔陰、巨乳、單體作品,中森玲子,https://www.javbus.com/SCD-022
DOKS-053 爆乳魂 中森玲子,DOKS-053 爆乳魂 中森玲子,DOKS-053,2008-12-05,120分鐘,,OFFICEK’S,OFFICEK’S,,口交、乳交、巨乳、單體作品、自慰,中森玲子,https://www.javbus.com/DOKS-053
ALSP-016 息子に揉まれた母達 溺愛保存版 2,ALSP-016 息子に揉まれた母達 溺愛保存版 2,ALSP-016,2008-12-04,120分鐘,,タカラ映像,ALEDDIN,息子に揉まれ○○,成熟的女人、乳交、合集、數位馬賽克、巨乳,多人,https://www.javbus.com/ALSP-016
KOP-026 友人の妻 巨大爆乳輪に負けたオレの理性 中森玲子,KOP-026 友人の妻 巨大爆乳輪に負けたオレの理性 中森玲子,KOP-026,2008-11-27,120分鐘,,センタービレッジ,こまち,友人の妻,成熟的女人、已婚婦女、多P、巨乳、單體作品,中森玲子,https://www.javbus.com/KOP-026
CCX-060 女囚おっぱいビンタ 淫舞巨乳W悦楽 望月加奈 中森玲子,CCX-060 女囚おっぱいビンタ 淫舞巨乳W悦楽 望月加奈 中森玲子,CCX-060,2008-11-25,98分鐘,,FAプロ・プラチナ,プラチナ,,舔陰、戲劇、巨乳,多人,https://www.javbus.com/CCX-060
AVGP-127 近親相姦母子スワップ 僕の母親を抱かせてやるから、キミの母さんをヤらせてくれ。,AVGP-127 近親相姦母子スワップ 僕の母親を抱かせてやるから、キミの母さんをヤらせてくれ。,AVGP-127,2008-11-22,123分鐘,,タカラ映像,AVGP2009,近親相姦母子スワップ,成熟的女人、亂倫、巨乳,多人,https://www.javbus.com/AVGP-127
R18-091 爆乳は一見にしかず 中森玲子,R18-091 爆乳は一見にしかず 中森玲子,R18-091,2008-11-21,117分鐘,,チェリーズ,平成2年生,爆乳は一見にしかず！,蕩婦、乳交、足交、巨乳、單體作品,中森玲子,https://www.javbus.com/R18-091
DRS-019 近親相姦 爆乳ママと美尻母の息子交換 「お互いのムスコを交換しない？」 中森玲子 小林里穂,DRS-019 近親相姦 爆乳ママと美尻母の息子交換 「お互いのムスコを交換しない？」 中森玲子 小林里穂,DRS-019,2008-11-20,100分鐘,,グローリークエスト,DangerousRelations,近親相姦（グローリークエスト）,成熟的女人、乳交、亂倫、屁股、巨乳,多人,https://www.javbus.com/DRS-019
TDBT-009 爆乳女医の訪問診療 中森玲子,TDBT-009 爆乳女医の訪問診療 中森玲子,TDBT-009,2008-11-07,71分鐘,,虎堂,BUSTYTOKYO,,乳交、女醫生、舔陰、女上位、巨乳、單體作品,中森玲子,https://www.javbus.com/TDBT-009
BOIN-011 巨乳・爆乳 乳イカセ面接 VOL.1,BOIN-011 巨乳・爆乳 乳イカセ面接 VOL.1,BOIN-011,2008-11-07,91分鐘,,ex,BoinBB,巨乳・爆乳,其他戀物癖、戀乳癖,多人,https://www.javbus.com/BOIN-011
BOIN-012 巨乳・爆乳 全身マッサージ VOL.2,BOIN-012 巨乳・爆乳 全身マッサージ VOL.2,BOIN-012,2008-11-07,90分鐘,,ex,BoinBB,巨乳・爆乳,其他戀物癖、戀乳癖、按摩、巨乳,多人,https://www.javbus.com/BOIN-012
JUKD-965 巨乳人妻訪問販売 私のオッパイ買ってくれませんか？ 中森玲子,JUKD-965 巨乳人妻訪問販売 私のオッパイ買ってくれませんか？ 中森玲子,JUKD-965,2008-11-07,118分鐘,竹内法博,マドンナ,Madonna,巨乳人妻訪問販売,乳交、已婚婦女、數位馬賽克、女上位、巨乳、單體作品、DMM獨家,中森玲子,https://www.javbus.com/JUKD-965
CADR-250 DEKAPAI ism. 仰天爆乳4時間,CADR-250 DEKAPAI ism. 仰天爆乳4時間,CADR-250,2008-10-31,236分鐘,,メディアバンク,Carnival,,乳交、戀乳癖、4小時以上作品、手指插入、巨乳,多人,https://www.javbus.com/CADR-250
JUKD-952 義母姦淫奴隷 裏切りの恥辱遊戯 中森玲子,JUKD-952 義母姦淫奴隷 裏切りの恥辱遊戯 中森玲子,JUKD-952,2008-10-25,118分鐘,夢童子,マドンナ,Madonna,義母姦淫奴隷,成熟的女人、多P、數位馬賽克、性奴、婆婆、單體作品、DMM獨家,中森玲子,https://www.javbus.com/JUKD-952
SPRD-234 美尻奥さま騎乗位狂い 中森玲子,SPRD-234 美尻奥さま騎乗位狂い 中森玲子,SPRD-234,2008-10-16,116分鐘,,タカラ映像,ALEDDIN,美尻奥さま騎乗位狂い,成熟的女人、已婚婦女、數位馬賽克、女上位、單體作品,中森玲子,https://www.javbus.com/SPRD-234
MVF-167 私は痴女・人妻編 奥さん！ナイスな腰づかい,MVF-167 私は痴女・人妻編 奥さん！ナイスな腰づかい,MVF-167,2008-10-12,126分鐘,,クリスタル映像,MANIAC（クリスタル）,私は痴女,蕩婦、已婚婦女、多P、女上位、手指插入,多人,https://www.javbus.com/MVF-167
BML-016 巨乳人妻援●交際中出し 中林礼子 30歳,BML-016 巨乳人妻援●交際中出し 中林礼子 30歳,BML-016,2008-10-02,119分鐘,,グローリークエスト,BENTENM’SLABEL,巨乳人妻援●交際中出し,紧缚、已婚婦女、中出、巨乳、單體作品,中森玲子,https://www.javbus.com/BML-016
NWJK-038 ママの巨乳で癒されたい 中森玲子,NWJK-038 ママの巨乳で癒されたい 中森玲子,NWJK-038,2008-09-18,74分鐘,,タカラ映像,熟恋,ママの巨乳で癒されたい,成熟的女人、亂倫、數位馬賽克、巨乳、單體作品,中森玲子,https://www.javbus.com/NWJK-038
SUK-002 スケ透けえろ女 中森玲子,SUK-002 スケ透けえろ女 中森玲子,SUK-002,2008-09-13,97分鐘,網走ゴロー,AVScollector’s,AVSPROJECT,スケ透けえろ女,女上位、手指插入、巨乳、單體作品、DMM獨家,中森玲子,https://www.javbus.com/SUK-002
MMV-174 人妻が熟れて我慢できない午後3時 23,MMV-174 人妻が熟れて我慢できない午後3時 23,MMV-174,2008-09-12,119分鐘,,クリスタル映像,MADAMMANIAC,人妻が熟れて…,成熟的女人、已婚婦女、女上位、手指插入,多人,https://www.javbus.com/MMV-174
BOIN-008 巨乳・爆乳 授乳手コキ VOL.2,BOIN-008 巨乳・爆乳 授乳手コキ VOL.2,BOIN-008,2008-09-11,91分鐘,,ex,BoinBB,巨乳・爆乳,戀乳癖、母乳、巨乳、打手槍,多人,https://www.javbus.com/BOIN-008
BOIN-007 巨乳・爆乳 乳舐め吸い VOL.3,BOIN-007 巨乳・爆乳 乳舐め吸い VOL.3,BOIN-007,2008-09-11,90分鐘,,ex,BoinBB,巨乳・爆乳,其他戀物癖、戀乳癖、巨乳,多人,https://www.javbus.com/BOIN-007
NWF-170 デカパイでか尻ソープ嬢 中森玲子,NWF-170 デカパイでか尻ソープ嬢 中森玲子,NWF-170,2008-09-01,121分鐘,,ワンズファクトリー,WANZ,デカパイでか尻ソープ嬢,乳交、妓女、女上位、巨乳、單體作品,中森玲子,https://www.javbus.com/NWF-170
NHDT-693 美尻エステナンパ,NHDT-693 美尻エステナンパ,NHDT-693,2008-08-21,231分鐘,,ナチュラルハイ,NATURALHIGH,,乳交、屁股、女上位、美容院,中森玲子,https://www.javbus.com/NHDT-693
NADE-334 エロ下着姿でダイエット中の巨乳義母に中出ししちゃいました！ 中森玲子,NADE-334 エロ下着姿でダイエット中の巨乳義母に中出ししちゃいました！ 中森玲子,NADE-334,2008-08-18,98分鐘,,なでしこ,Nadeshiko,エロ下着姿でダイエット中の巨乳義母に中出ししちゃいました！,胖女人、中出、婆婆、巨乳、單體作品、內衣,中森玲子,https://www.javbus.com/NADE-334
KOJ-036 くねるムチムチお姉さんと密室デート16 玲子,KOJ-036 くねるムチムチお姉さんと密室デート16 玲子,KOJ-036,2008-08-13,118分鐘,渡辺琢斗,AVScollector’s,個人,くねるムチムチお姉さんと密室デート,連褲襪、姐姐、緊身衣、女上位、巨乳、單體作品、DMM獨家,中森玲子,https://www.javbus.com/KOJ-036
CCX-044 私のいやらしい記憶 男好き女の快楽人生 中森玲子 竹田千恵,CCX-044 私のいやらしい記憶 男好き女の快楽人生 中森玲子 竹田千恵,CCX-044,2008-08-13,100分鐘,森山茂雄,FAプロ・プラチナ,プラチナ,,舔陰、戲劇、巨乳,多人,https://www.javbus.com/CCX-044
SPRD-208 息子に揉まれ日和な母 中森玲子,SPRD-208 息子に揉まれ日和な母 中森玲子,SPRD-208,2008-08-02,116分鐘,,タカラ映像,ALEDDIN,息子に揉まれ○○,成熟的女人、亂倫、數位馬賽克、巨乳、單體作品,中森玲子,https://www.javbus.com/SPRD-208
SPRD-199 奥さんアナタ…コンド～ムを万引きしましたね？ 中森玲子,SPRD-199 奥さんアナタ…コンド～ムを万引きしましたね？ 中森玲子,SPRD-199,2008-07-03,124分鐘,西本達也,タカラ映像,ALEDDIN,奥さんアナタ…コンド～ムを万引きしましたね？,已婚婦女、多P、數位馬賽克、巨乳、單體作品,中森玲子,https://www.javbus.com/SPRD-199
NWJK-026 真・奥さん乳揉みですよ！！ 中森玲子,NWJK-026 真・奥さん乳揉みですよ！！ 中森玲子,NWJK-026,2008-06-05,95分鐘,,タカラ映像,熟恋,真・奥さん乳揉みですよ！！,成熟的女人、已婚婦女、數位馬賽克、巨乳、單體作品,中森玲子,https://www.javbus.com/NWJK-026
CADR-239 隣りの奥さんがこともあろうにボクのチ○ポをしごいてくれる！？,CADR-239 隣りの奥さんがこともあろうにボクのチ○ポをしごいてくれる！？,CADR-239,0000-00-00,115分鐘,,メディアバンク,Carnival,,乳交、已婚婦女、中出、打手槍,多人,https://www.javbus.com/CADR-239
HA-067 義姉さん、昼間からよばいです 22,HA-067 義姉さん、昼間からよばいです 22,HA-067,0000-00-00,119分鐘,,クリスタル映像,HERMES,義姉さん、昼間からよばいです,姐姐、多P、手指插入、巨乳,多人,https://www.javbus.com/HA-067
CADR-225 MEGAグラマラス100cmHカップ 中森玲子,CADR-225 MEGAグラマラス100cmHカップ 中森玲子,CADR-225,0000-00-00,86分鐘,,メディアバンク,Carnival,MEGAグラマラス,乳交、潮吹、乳液、中出、巨乳、單體作品,中森玲子,https://www.javbus.com/CADR-225
MVF-153 未亡人 柔肌の悶え 19,MVF-153 未亡人 柔肌の悶え 19,MVF-153,0000-00-00,119分鐘,,クリスタル映像,MANIAC（クリスタル）,未亡人柔肌の悶え,和服・喪服、成熟的女人、寡婦、多P、女上位,多人,https://www.javbus.com/MVF-153
CADR-228 ナマ撮り中出し爆乳デート 02,CADR-228 ナマ撮り中出し爆乳デート 02,CADR-228,0000-00-00,113分鐘,,メディアバンク,Carnival,ナマ撮り中出し爆乳デート,乳交、戀乳癖、中出、手指插入、巨乳,多人,https://www.javbus.com/CADR-228
