标题,名称,識別碼,原始番号,發行日期,長度,導演,製作商,發行商,系列,類別,演員,详情页,详情简介
PARATHD-4555 油断し始めたカラダが絶妙にソソる！ちょいムチ三十路美女たちのスケベすぎるSEX動画10連発（3）,PARATHD-4555 油断し始めたカラダが絶妙にソソる！ちょいムチ三十路美女たちのスケベすぎるSEX動画10連発（3）,PARATHD-4555,,2026-09-04,114分鐘,,パラダイステレビ,,ちょいムチ三十路美女たちのSEX動画シリーズ,成熟的女人、胖女人、合集、已婚婦女、高畫質,中島京子、二宮和香、田所百合、広瀬結香,https://www.javbus.com/PARATHD-4555,
VOBB-059 乱交界隈シリーズ5タイトル全収録4時間ベスト！,VOBB-059 乱交界隈シリーズ5タイトル全収録4時間ベスト！,VOBB-059,,2026-09-04,240分鐘,,BOTAN,BOTAN厳選ベストっ！,BOTAN厳選ベストっ！,蕩婦、第一人稱攝影、濫交、纪录片、美少女、4小時以上作品、高畫質,椿りか、友田彩也香、水川潤、有加里ののか、幾野まち、若月もあ、佐藤愛瑠、皆月ひかる、由良かな、相坂すみれ、雨宮小春、天羽りりか、小野寺舞、二宮和香、真白ふわり、天宮かすみ,https://www.javbus.com/VOBB-059,
BF-772 徹底的にドM調教された女たち,BF-772 徹底的にドM調教された女たち,BF-772,,2026-08-28,481分鐘,,BeFree,BeFree,,合集、深喉、中出、4小時以上作品、女優按摩棒、高畫質、M女、DMM獨家,桃瀬ゆり、二宮和香、眞実かなえ、加藤みゆ紀、深田えいみ、美園和花、七嶋十愛,https://www.javbus.com/BF-772,
UMSO-653 突き出すお尻に激ピストン！バック三昧！49人VOL.04,UMSO-653 突き出すお尻に激ピストン！バック三昧！49人VOL.04,UMSO-653,,2026-08-22,237分鐘,,ケイ・エム・プロデュース,UMANAMI,突き出すお尻に激ピストン！バック三昧！,其他戀物癖、合集、屁股、高畫質、巨尻、バック、DMM獨家,彩奈リナ（七原あかり）、佐々木あき、真木今日子、北条麻妃、加山なつこ、水上由紀恵、桃井しずか、柏木舞子、北川真由香、夏川栞歩、木村穂乃香、谷あづさ、森ほたる、菅野真穂、城月あやね、佐々木咲和、武藤あやか、佐久間泉、吹石れな、八木あずさ、響りん、中野七緒、和田百美花、宮前茜、池谷佳純、風間ゆみ、北川エリカ、大石忍、織田真子、青木玲、山口珠理、森沢かな（飯岡かなこ）、翔田千里、天野るみ、岡江凛、美原すみれ、二宮和香、北川舞、羽生アリサ、有沢実紗、時田こずえ、八神さおり、推川ゆうり、上島美都子、羽月希、森下美緒、西山あさひ、黒木あおい、成咲優美,https://www.javbus.com/UMSO-653,
AGEOM-035 全身ザーメンぶっかけ祭り！洗体フェラ・ちっぱい・太ももコキ…逃げ場なしのフェチ波状攻撃に耐えきれるはずがない！！,AGEOM-035 全身ザーメンぶっかけ祭り！洗体フェラ・ちっぱい・太ももコキ…逃げ場なしのフェチ波状攻撃に耐えきれるはずがない！！,AGEOM-035,,2026-07-25,240分鐘,結城モゲラ,SEX Agent/妄想族,,,口交、其他戀物癖、4小時以上作品、高畫質、妄想族、4K、DMM獨家、顏射、貧乳・微乳、打手槍,松本いちか、花沢ひまり、横宮七海、永瀬ゆい、東條なつ、あべみかこ、小梅えな、冬愛ことね、二宮和香、もなみ鈴、市来まひろ、堀北わん、広仲みなみ、天音恋愛,https://www.javbus.com/AGEOM-035,
NACX-173 【31名総集編】くねらす絶品ボディ中出しBEST 美しい究極のSライン美女たちの濃厚交尾コレクション,NACX-173 【31名総集編】くねらす絶品ボディ中出しBEST 美しい究極のSライン美女たちの濃厚交尾コレクション,NACX-173,,2026-06-20,244分鐘,,プラネットプラス,七狗留,,合集、乳房、中出、女上位、4小時以上作品、高畫質、バック,水野朝陽、蓮実クレア、朝日かえで、彩奈リナ（七原あかり）、清城ゆき、高嶋ゆいか、かなで自由、三原ほのか、伊東真緒、君島みお、黒川サリナ、松永さな、真田みづ稀、AIKA、篠田ゆう、雪乃凛央、大槻ひびき、二宮和香、飛鳥りん、森沢かな（飯岡かなこ）、鐘梨ほしな、藤森里穂、竹内夏希、清音咲良、紺野ひかる、乃木蛍、波多野結衣、結城のの、堀内未果子、通野未帆、黒川すみれ,https://www.javbus.com/NACX-173,
UMSO-645 究極のSラインボディ30人！魅惑の肉体が狂い咲く極上BEST4時間,UMSO-645 究極のSラインボディ30人！魅惑の肉体が狂い咲く極上BEST4時間,UMSO-645,,2026-06-20,243分鐘,,ケイ・エム・プロデュース,UMANAMI,,成熟的女人、合集、乳房、4小時以上作品、高畫質、巨乳、DMM獨家,芦名ユリア、真木今日子、二宮和香、枢木みかん、逢沢まりあ、波多野結衣、通野未帆、川菜美鈴、石川祐奈、倉多まお、篠田ゆう、高嶋ゆいか、河北はるな、蓮実クレア、はるかみらい、真田みづ稀、逢沢りいな、宮村ななこ、美竹すず、乙葉カレン、宇佐木あいか、朝日奈かれん、乃木蛍、美園和花、奏音かのん、弥生みづき、持田栞里、若宮はずき、夏希まろん,https://www.javbus.com/UMSO-645,
SYKH-194 素敵な奥さんへ精液かけたい… VOL.3 ザーメン化粧に艶めく37人の素人妻,SYKH-194 素敵な奥さんへ精液かけたい… VOL.3 ザーメン化粧に艶めく37人の素人妻,SYKH-194,,2026-06-13,240分鐘,,有閑ミセス/エマニエル,,素敵な奥さんへ精液かけたい…,口交、4小時以上作品、高畫質、顏射、エマニエル、DMM獨家、吞精、打手槍,及川うみ、前田美波、宮城りえ、松丸香澄、白石もも、葉月ひな、穂高由歩、伊東沙蘭、乃木絢愛、紗々原ゆり、波多野結衣、白川みなみ、大槻ひびき、葵百合香、美咲かんな、野々花さわ、三岳ゆうな、春谷美雨、愛澤らな、天宮かすみ、岬さくら、篠宮ねね、百永さりな、末広純、弥生みづき、紺野ひかる、橘京花、倉多まお、森沢かな（飯岡かなこ）、秋元さちか、浜崎まお、二宮和香、戸川なみ、岡西友美、楽園ミナ、黒木奈美、美衣みかな,https://www.javbus.com/SYKH-194,
UMSO-641 全編騎乗位BEST48人 ～美女たちの腰振りスペシャル～VOL.02,UMSO-641 全編騎乗位BEST48人 ～美女たちの腰振りスペシャル～VOL.02,UMSO-641,,2026-05-22,232分鐘,,ケイ・エム・プロデュース,UMANAMI,全編騎乗位BEST○人,成熟的女人、其他戀物癖、合集、女上位、高畫質、巨乳、DMM獨家,彩奈リナ（七原あかり）、佐々木あき、真木今日子、北条麻妃、森沢かな（飯岡かなこ）、織田真子、青木玲、翔田千里、森ほたる、菅野真穂、城月あやね、佐々木咲和、中野七緒、武藤あやか、加山なつこ、吹石れな、八木あずさ、響りん、山口珠理、木村穂乃香、森下美緒、天野るみ、成咲優美、美原すみれ、和田百美花、北川舞、羽生アリサ、飯山香織、近藤郁（近藤郁美）、有沢実紗、時田こずえ、澤村レイコ（高坂保奈美、高坂ますみ）、八神さおり、谷あづさ、羽月希、宮前茜、西山あさひ、黒木あおい、佐久間泉、二宮和香、川上ゆう（森野雫）、岡江凛、水上由紀恵、桃井しずか、柏木舞子、北川真由香、夏川栞歩、上島美都子,https://www.javbus.com/UMSO-641,
UMSO-642 旦那にバレないようシンクに隠れて…8人,UMSO-642 旦那にバレないようシンクに隠れて…8人,UMSO-642,,2026-05-22,202分鐘,,ケイ・エム・プロデュース,UMANAMI,,企畫、苗條、合集、高畫質、出軌、巨乳、DMM獨家,AIKA、舞原聖、鐘梨ほしな、水上由紀恵、日南まつり、瀬名ひかり、二宮和香,https://www.javbus.com/UMSO-642,
SYKH-191 ブーツの美魔女セレクション ロングブーツのままで激ピス3Pセックス VOL.4,SYKH-191 ブーツの美魔女セレクション ロングブーツのままで激ピス3Pセックス VOL.4,SYKH-191,,2026-05-15,240分鐘,,有閑ミセス/エマニエル,,ブーツの美魔女セレクション,潮吹、戀腿癖、多P、中出、4小時以上作品、高畫質、汗だく、エマニエル、DMM獨家,森沢かな（飯岡かなこ）、波多野結衣、二宮和香、黒木奈美、天宮かすみ、浜崎真緒、白石もも、楽園ミナ,https://www.javbus.com/SYKH-191,
CEMD-831 まるごとマン毛剛毛美女BEST！！22時間10分・8枚組 BOX,CEMD-831 まるごとマン毛剛毛美女BEST！！22時間10分・8枚組 BOX,CEMD-831,,2026-04-24,1332分鐘,,セレブの友,,,其他戀物癖、合集、花癡、中出、16時間以上作品、巨乳、DMM獨家,月野かすみ、東雲あずさ、あおいれな、片瀬千紗、波多野結衣、憂希澪、広瀬みお、メイメイ、浜崎真緒、長谷川由香、春菜はな、丘咲エミリ、円城ひとみ、橋下まこ、花音うらら、二宮和香、加納綾子、竹田伊織、浜辺栞帆、香椎りあ、竹内梨恵、西山あさひ、宮村ななこ、加藤ツバキ（夏樹カオル）、紺野ひかる,https://www.javbus.com/CEMD-831,
CRFV-020 丸見えパイパンSEX33人 SPECIAL DX761分大収録！！,CRFV-020 丸見えパイパンSEX33人 SPECIAL DX761分大収録！！,CRFV-020,,2026-04-17,761分鐘,,クリスタル映像,CRYSTAL EX,,潮吹、亂倫、無毛、通姦、中出、4小時以上作品、高畫質、超乳、ビッチ、巨乳、DMM獨家、女傭、女生,あず希、跡美しゅり、羽生アリサ、葉月美音、さとう愛理、YUNI、今井ゆあ、朝日かえで、春川なのは、涼谷瀬菜、川口葉純、藤井あいり、西尾れむ、小西みか、辛島音瑠、三苫うみ、君島みお、あべみかこ、永井みひな、水谷杏、芹沢ゆず、雛菊つばさ、原島ちえ、藤村奈美、二宮和香、愛花みちる、美里詩織、水澄ひかり、今井麻衣、瀬名きらり、泡沫ゆうき、雨宮凛、久我かのん,https://www.javbus.com/CRFV-020,
SYKH-183 ブーツの美魔女セレクション ロングブーツのまま挿入させて！ VOL.4,SYKH-183 ブーツの美魔女セレクション ロングブーツのまま挿入させて！ VOL.4,SYKH-183,,2026-03-13,240分鐘,,有閑ミセス/エマニエル,,ブーツの美魔女セレクション,已婚婦女、戀腿癖、中出、4小時以上作品、高畫質、立即口交、汗だく、エマニエル、DMM獨家,波多野結衣、森沢かな（飯岡かなこ）、浜崎真緒、黒木奈美、天宮かすみ、二宮和香、白石もも、楽園ミナ,https://www.javbus.com/SYKH-183,
UMSO-628 マジでイッちゃう5分前！40人の発射5分前からお見せします！VOL.10,UMSO-628 マジでイッちゃう5分前！40人の発射5分前からお見せします！VOL.10,UMSO-628,,2026-02-20,240分鐘,,ケイ・エム・プロデュース,UMANAMI,マジでイッちゃう5分前！○人の発射5分前からお見せます！,成熟的女人、合集、乳房、4小時以上作品、高畫質、巨乳、DMM獨家,織田真子、豊永映美、佐久間泉、青木玲、美原すみれ、飯山香織、谷あづさ、羽生アリサ、武藤あやか、北川舞、純岡美乃理、木村穂乃香、中野七緒、池谷佳純、夏川栞歩、北川真由香、森ほたる、柏木舞子、成咲優美、天野るみ、桃井しずか、翔田千里、水上由紀恵、佐々木咲和、田原凛花、岡江凛、川上ゆう（森野雫）、和田百美花、近藤郁（近藤郁美）、有沢実紗、加山なつこ、風間ゆみ、八神さおり、澤村レイコ（高坂保奈美、高坂ますみ）、菅野真穂、時田こずえ、峰田ななみ、森沢かな（飯岡かなこ）、二宮和香、山口珠理,https://www.javbus.com/UMSO-628,
UMSO-632 回覧板を届けに行ったら、裸族の隣の奥さんがオマ〇コとアナルをじっくり見せてくれた件VOL.02,UMSO-632 回覧板を届けに行ったら、裸族の隣の奥さんがオマ〇コとアナルをじっくり見せてくれた件VOL.02,UMSO-632,,2026-02-20,240分鐘,,ケイ・エム・プロデュース,UMANAMI,回覧板を届けに行ったら、裸族の隣の奥さんがオマ〇コとアナルをじっくり見せてくれた件,蕩婦、成熟的女人、合集、已婚婦女、4小時以上作品、高畫質、DMM獨家,武藤あやか、羽月希、卯水咲流、二宮和香、北島玲、青木玲、高槻れい、葵百合香,https://www.javbus.com/UMSO-632,
TLDC-039 現場が終わったその後に 乱交界隈V,TLDC-039 現場が終わったその後に 乱交界隈V,TLDC-039,,2026-02-05,62分鐘,二代目モヒカル組,BOTAN,Hydra,乱交くらぶ,濫交、纪录片、花癡、乳房、高畫質、アクメ・オーガズム,二宮和香、真白ふわり、天宮かすみ,https://www.javbus.com/TLDC-039,
CRFV-017 旦那のチ○ポでは満足できない淫らな人妻Selection38名 SPECIAL DX 903分大収録！！,CRFV-017 旦那のチ○ポでは満足できない淫らな人妻Selection38名 SPECIAL DX 903分大収録！！,CRFV-017,,2026-01-16,903分鐘,,クリスタル映像,CRYSTAL EX,旦那のチ○ポでは満足できない淫らな人妻Selection,苗條、無毛、已婚婦女、通姦、中出、4小時以上作品、高畫質、出軌、ビッチ、巨乳、DMM獨家,逢沢まりあ、藍川美夏、君島みお、小早川怜子、由來ちとせ、椿原みゆ、富田優衣、二宮和香、羽月希、吹石れな、佐々木あき、優月まりな、篠崎かんな、大浦真奈美、並木塔子、一条綺美香、赤瀬尚子、菊川麻里、橘メアリー、吉根ゆりあ、月見伊織、本田瞳、小花のん、和楽ゆうか、推川ゆうり、大槻ひびき、森沢かな（飯岡かなこ）、宝田もなみ、佐知子、美園和花、若宮はずき、玉木くるみ、赤城穂波、永田莉雨、岩沢香代、美丘さとみ、結城りの、美波もも,https://www.javbus.com/CRFV-017,
TLDC-038 「ただの罰ゲームだからw」ギャル達が集まる家に罰ゲームのオモチャとして呼び出されたキモ陰キャ僕。 今日も竿役がんばります。」,TLDC-038 「ただの罰ゲームだからw」ギャル達が集まる家に罰ゲームのオモチャとして呼び出されたキモ陰キャ僕。 今日も竿役がんばります。」,TLDC-038,,2026-01-01,68分鐘,二代目モヒカル組,BOTAN,Hydra,POV/ハーレム,蕩婦、花癡、多P、高畫質、アクメ・オーガズム、女生,天羽りりか、小野寺舞、二宮和香、真白ふわり,https://www.javbus.com/TLDC-038_2026-01-01,
NACX-162 パイパン熟女12人BEST VOL.07 新村あかり 大槻ひびき 柚木ひおり 吉根ゆりあ 田中なな実,NACX-162 パイパン熟女12人BEST VOL.07 新村あかり 大槻ひびき 柚木ひおり 吉根ゆりあ 田中なな実,NACX-162,,2025-12-20,241分鐘,,プラネットプラス,七狗留,,成熟的女人、合集、無毛、4小時以上作品、フルハイビジョン(FHD),新村あかり、大槻ひびき、柚木ひおり、吉根ゆりあ、田中なな実、広瀬りおな、永田莉雨、星谷瞳、二宮和香、工藤つぼみ、羽生ありさ、朝日かえで,https://www.javbus.com/NACX-162,
BBSS-101 レズ初心者大歓迎！ビビアン豪華特盛年末SALE！ 名作レズセックス50作品88名8時間SPECIAL BEST,BBSS-101 レズ初心者大歓迎！ビビアン豪華特盛年末SALE！ 名作レズセックス50作品88名8時間SPECIAL BEST,BBSS-101,,2025-12-04,481分鐘,,ビビアン,ビビアン,,女同性戀、合集、多P、4小時以上作品、女同接吻、高畫質、アクメ・オーガズム、DMM獨家,神坂ひなの、小日向まい、美谷朱里、水卜麻衣奈、あべみかこ、有栖るる、美園和花、野々原なずな、平花、倉多まお、皆月ひかる、枢木あおい、久留木玲、永瀬ゆい、市来まひろ、蓮実クレア、深田えいみ、藍川美夏、若宮はずき、妃月るい、花沢ひまり、逢見リカ、平井栞奈、月乃ルナ、横宮七海、天馬ゆい、吉岡ひより、永野つかさ、宇佐木あいか、西田カリナ、一条みお、向井藍、笠木いちか、浜崎真緒、奏音かのん、阿部乃みく、河奈亜依、葉月桃、松本いちか、椎名そら、柊るい、岬あずさ、大槻ひびき、藍色なぎ、通野未帆、永井マリア、森日向子、河南実里、咲々原リン、波多野結衣、御坂りあ、小向美奈子、澤村レイコ（高坂保奈美、高坂ますみ）、美咲かんな、黒川すみれ、君島みお、神納花、松本菜奈実、北川エリカ、小早川怜子、新村あかり、麻里梨夏、美甘りか、八乃つばさ、高杉麻里、春原未来、かなで自由、篠田ゆう、あおいれな、川上奈々美、さつき芽衣、佐倉ねね、桐嶋りの、二宮和香、愛乃零、瀬名きらり、桐谷なお、美咲結衣、星あめり、跡美しゅり、優月まりな、優梨まいな、原さくら、工藤まなみ、紗々原ゆり、七海ゆあ、風間ゆみ,https://www.javbus.com/BBSS-101,
DVMM-323 シン・SEXのハードルが異常に低い世界 2,DVMM-323 シン・SEXのハードルが異常に低い世界 2,DVMM-323,,2025-11-27,150分鐘,上田キノコ,ディープス,DEEP’S,SEXのハードルが異常に低い世界,OL、濫交、淫語、多P、中出、高畫質、DMM獨家,天馬ゆい、小島みこ、二宮和香、もなみ鈴、涼花くるみ,https://www.javbus.com/DVMM-323,
BDSR-54505 性欲が尽きるまで怒涛のノンストップ性交 「イク時は一緒だよ！！」キメて！ハメて！ブッ飛べ！！,BDSR-54505 性欲が尽きるまで怒涛のノンストップ性交 「イク時は一緒だよ！！」キメて！ハメて！ブッ飛べ！！,BDSR-54505,,2025-11-21,60分鐘,,いきなりエロざんまい,いきなりエロざんまい,ビクビク痙攣イクイク覚醒,已婚婦女、通姦、中出、高畫質、出軌、孕ませ、アクメ・オーガズム,川口葉純、吉川あいみ、田中ねね、夕季ちとせ、加藤あやの、美玲、香椎りあ、神ユキ、葵百合香、二宮和香,https://www.javbus.com/BDSR-54505,
CADV-936 若熟女たちの妖艶性交16名8時間,CADV-936 若熟女たちの妖艶性交16名8時間,CADV-936,,2025-11-21,478分鐘,,クリスタル映像,CRYSTAL EX,,蕩婦、成熟的女人、合集、亂倫、已婚婦女、多P、通姦、中出、4小時以上作品、高畫質、巨尻、巨乳、DMM獨家,森沢かな（飯岡かなこ）、橘メアリー、美咲かんな、田中ねね、篠田あゆみ、広瀬結香、滝川穂乃香、結城りの、三喜本のぞみ、吉田花、二宮和香、新垣智江、有馬優羽、藤にいな、佐々木あき、佐倉ねね,https://www.javbus.com/CADV-936,
BOMNVD-023 パイズリ85名100ヌキ越え やわらか～なおっぱいマ●コで狭射する！パイズリ発射天国 BEST,BOMNVD-023 パイズリ85名100ヌキ越え やわらか～なおっぱいマ●コで狭射する！パイズリ発射天国 BEST,BOMNVD-023,,2025-09-30,429分鐘,,ABC/妄想族,BoinBB/ABC,,乳交、合集、戀乳癖、美少女、4小時以上作品、DMM專屬、巨乳、妄想族、DMM獨家,羽月乃蒼、夕季ちとせ、西村ニーナ、雪城れん、有岡みう、椎葉みくる、小花のん、佐知子、彩葉みおり、二宮和香、美竹すず、美波もも、水原みその、小梅えな、夏川うみ、橘めぐみ、木下彩芽、聖璃とあ、花渕なつ、霧島さくら、優月まりな、田中ねね、三浦るい、神坂朋子、結城りの、泡沫ゆうき、青山愛、吉根ゆりあ、菊池まや、北嶋あん、二葉しずく、八束みこと、三好亜矢、本間麗花、佐倉あゆ、ひなみるか、七草ちとせ、生成うい、市來あやか、希咲エマ（HARUKI、加藤はる希）、水咲あかね、ももい理乃、ななみるき、美波瀬奈、沢城つぐみ、岸杏南、永瀬里美、西田琴音、塚田詩織、Conomi、華原美奈子、春日もな、水野らん、水樹まいか、荒木りな、南條ユナ、木崎レナ、望月マリア、弓束ちはや、入江愛美、桜瀬ありな、吉永あかね、若槻みづな、夢野怜子、瑞乃ありさ、小衣くるみ、柚ノ木りん、一ノ瀬なつき、美月優芽、小泉麻由、桃華マリエ、ERINA、美月しのぶ、桜木莉愛（かじか凛）、愛乃まほろ、園田セイラ、大月まゆか、菅野みいな、彩奈リナ（七原あかり）、及川はるな、愛内ゆう、木咲美琴、あきな、九条さやか、鈴村いろは,https://www.javbus.com/BOMNVD-023,
KSBJ-394 美熟女のエロテク超絶フェラチオ17人VOL.04,KSBJ-394 美熟女のエロテク超絶フェラチオ17人VOL.04,KSBJ-394,,2025-08-29,242分鐘,,KSB企画/エマニエル,KSB企画/エマニエル,美熟女のエロテク超絶フェラチオ,成熟的女人、口交、合集、乳房、4小時以上作品、高畫質、エマニエル、DMM獨家,岡江凛、初音みのり、小早川怜子、今藤霧子、百瀬凛花、大橋紗奈、白河花清、春菜はな、加藤ツバキ（夏樹カオル）、浜崎真緒、二宮和香、山口珠理、波多野結衣、森沢かな（飯岡かなこ）、塚田詩織、川上ゆう（森野雫）,https://www.javbus.com/KSBJ-394,
AQUMA-107 【VR】オイルまみれの全身ヌルテカ性感マッサージ,AQUMA-107 【VR】オイルまみれの全身ヌルテカ性感マッサージ,AQUMA-107,,2025-08-28,82分鐘,山本ヘンドリクス,AQUA＜アクア＞,AQUA MANIAC,,乳液、美容院、按摩、主觀視角、VR専用、ハイクオリティVR、DMM獨家,久和原せいら、二宮和香、天野花乃、音羽美鈴、加護まり、森永あいす、鳴海まりる,https://www.javbus.com/AQUMA-107,
FOOMVD-024 生ハメ生中出しOK 最高に都合がイイ女は総じて言いなりド淫乱ドM セフレ×不倫×P活etc.美女たちのご奉仕おねだりセックスBEST 965分,FOOMVD-024 生ハメ生中出しOK 最高に都合がイイ女は総じて言いなりド淫乱ドM セフレ×不倫×P活etc.美女たちのご奉仕おねだりセックスBEST 965分,FOOMVD-024,,2025-07-01,965分鐘,,ABC/妄想族,FOCUS,,合集、花癡、美少女、中出、高畫質、DMM專屬、16時間以上作品、M女、妄想族、DMM獨家,琴羽みおな、水原みその、さつき芽衣、宇佐美玲奈、久留木玲、日向ゆら、有加里ののか、雨依つばめ、羽月乃蒼、樋口みつは、星あめり、斎藤まりな、深田結梨、二宮和香、松本いちか,https://www.javbus.com/FOOMVD-024,
KSBJ-386 厳選！！細身なのに巨乳な美熟女BEST14人,KSBJ-386 厳選！！細身なのに巨乳な美熟女BEST14人,KSBJ-386,,2025-06-28,243分鐘,,KSB企画/エマニエル,KSB企画/エマニエル,,成熟的女人、苗條、合集、4小時以上作品、高畫質、巨乳、エマニエル、DMM獨家,真木今日子、谷あづさ、小早川怜子、瀬崎彩音、池上まひろ、北条麻妃、君島みお、朝桐光、吹石れな、篠田あゆみ、芦名ユリア、二宮和香、東凛、高槻れい,https://www.javbus.com/KSBJ-386,
AGMX-226 顔で抜く！超接写ディルドフェラチオ2,AGMX-226 顔で抜く！超接写ディルドフェラチオ2,AGMX-226,,2025-06-21,105分鐘,ミニマル岩村,SEX Agent/妄想族,,顔で抜く！！,口交、其他戀物癖、美少女、主觀視角、高畫質、ディルド、妄想族、4K、DMM獨家,五十嵐清華、前田美波、倉木しおり、月野かすみ、二宮和香、美波こづえ、三田サクラ,https://www.javbus.com/AGMX-226,
NSFS-390 嫉妬と勃起と興奮 レンタル妻 ベスト,NSFS-390 嫉妬と勃起と興奮 レンタル妻 ベスト,NSFS-390,,2025-06-07,441分鐘,ながえ,ながえスタイル,ながえSTYLE,レンタル妻,合集、已婚婦女、4小時以上作品、高畫質、出軌、戲劇、故事集、DMM獨家,堀内秋美、潮見百合子、桐島美奈子、杏堂怜、たかせ由奈、君島みお、横山夏希、二宮和香、西条沙羅、彩奈リナ（七原あかり）、庄司ゆり奈、織田玲子,https://www.javbus.com/NSFS-390,
AQUMA-094 【VR】眼前のチ●ポから目が離せない女達のセンズリ鑑賞VR4,AQUMA-094 【VR】眼前のチ●ポから目が離せない女達のセンズリ鑑賞VR4,AQUMA-094,,2025-05-23,74分鐘,山本ヘンドリクス,AQUA＜アクア＞,AQUA MANIAC,眼前のチ●ポから目が離せない女達のセンズリ鑑賞 VR,其他戀物癖、羞恥、主觀視角、顏射、VR専用、ハイクオリティVR、DMM獨家,倉木しおり、月野かすみ、三田サクラ、美波こづえ、音羽美鈴、浅桜エリ、二宮和香,https://www.javbus.com/AQUMA-094,
KIR-072 美人妻が膣穴をクパァ～と痙攣させて昇天するオナニー180分,KIR-072 美人妻が膣穴をクパァ～と痙攣させて昇天するオナニー180分,KIR-072,,2025-05-20,179分鐘,,ネクスト,KIRei（スターパラダイス）,,已婚婦女、花癡、女優按摩棒、高畫質、アクメ・オーガズム、自慰,新村あかり、二宮和香、設楽アリサ、葵百合香、城山若菜、宮沢ちはる、大浦真奈美、真木今日子、日向うみ、加賀美さら、加藤あやの、千野くるみ、天野弥生、伊東真緒、保坂えり、美川由加里、愛月セリア、山口珠理、塩見彩、優木なお,https://www.javbus.com/KIR-072,
AQUMA-088 【VR】寝アングル特化！熟女が次から次へとあなたのち●ぽを勃たせて跨ってくる4時間,AQUMA-088 【VR】寝アングル特化！熟女が次から次へとあなたのち●ぽを勃たせて跨ってくる4時間,AQUMA-088,,2025-04-25,243分鐘,,AQUA＜アクア＞,AQUA MANIAC,,合集、連褲襪、4小時以上作品、巨尻、VR専用、オナサポ、ハイクオリティVR、DMM獨家,小早川怜子、よしい美希（伊沢涼子、吉井美希）、田所百合、真木今日子、広瀬結香、緒川はる、伊東沙蘭、二宮和香、玉城夏帆,https://www.javbus.com/AQUMA-088,
QMDB-005 感度抜群の無毛マ〇コを味わい尽くせ！BAZOOKAパイパン美少女コレクション厳選6時間,QMDB-005 感度抜群の無毛マ〇コを味わい尽くせ！BAZOOKAパイパン美少女コレクション厳選6時間,QMDB-005,,2025-04-19,402分鐘,K太郎,BAZOOKA,BAZOOKA（バズーカ）,KMP厳選スーパーBEST,合集、無毛、妓女、中出、4小時以上作品、高畫質、DMM獨家,AIKA、あけみみう、あべみかこ、永井みひな、吉根ゆりあ、宮沢ちはる、黒崎さく、黒川サリナ、七海ゆあ、若宮はずき、丸山れおな、加賀美さら、雨宮もな、羽生アリサ、稲場るか、一乃瀬るりあ、逢沢りいな、逢見リカ、愛花みちる、若宮穂乃、新井エリー（晶エリー、大沢佑香）、美園和花、平花、平川琴菜、豊中アリス、優梨まいな、有栖るる、有栖七菜、有村のぞみ、馬場のん、二宮和香、松本いちか、新村あかり、雛菊つばさ、清宮すず、跡美しゅり、浅見レナ、大原ゆりあ、桃尻かのん、梨杏なつ,https://www.javbus.com/QMDB-005,
KSBJ-375 ツルツルぱっくり結合部！パイパン熟女ベストセレクション50人,KSBJ-375 ツルツルぱっくり結合部！パイパン熟女ベストセレクション50人,KSBJ-375,,2025-04-12,243分鐘,,KSB企画/エマニエル,KSB企画/エマニエル,,成熟的女人、合集、無毛、乳房、4小時以上作品、高畫質、エマニエル、DMM獨家,赤瀬尚子、緒川藍子、片瀬仁美、君島みお、弘中優、永田莉雨、広瀬りおな、本田瞳、佐々木咲和、田中なな実、吉根ゆりあ、香椎佳穂、新井エリー（晶エリー、大沢佑香）、若宮はずき、結城りの、皇ゆず、純岡美乃理、新村あかり、黒川すみれ、池谷佳純、瀬崎彩音、天馬ゆい、堀内未果子、東あかり、工藤まなみ、永井マリア、中野七緒、永原なつき、大槻ひびき、森沢かな（飯岡かなこ）、早田菜々子、柚木ひおり、朝日かえで、永井みひな、みつ葉（菊川みつ葉）、飛鳥りん、水川スミレ、美園和花、夏希まろん、二宮和香、羽生アリサ、松沢ゆかり、美里詩織、桃井杏南、東希美、奈槻れいら、羽咲美亜、河北はるな、有沢実紗、星乃マミ,https://www.javbus.com/KSBJ-375,
AQUMA-086 【VR】全員寝取り、全てを奪う。主観NTR（ネトリ）4時間ベスト,AQUMA-086 【VR】全員寝取り、全てを奪う。主観NTR（ネトリ）4時間ベスト,AQUMA-086,,2025-04-11,257分鐘,,AQUA＜アクア＞,AQUA MANIAC,,合集、已婚婦女、情侶、4小時以上作品、出軌、VR専用、ハイクオリティVR、DMM獨家,伊東沙蘭、二宮和香、花狩まい、小松杏,https://www.javbus.com/AQUMA-086,
TOMNVD-010 巨乳×曲線クビレ=極上エロスボディを堪能するハードピストンSEX 550分,TOMNVD-010 巨乳×曲線クビレ=極上エロスボディを堪能するハードピストンSEX 550分,TOMNVD-010,,2025-04-01,552分鐘,,TEPPAN,TEPPAN,,苗條、合集、花癡、中出、4小時以上作品、高畫質、巨乳、DMM獨家,小花のん、月野かすみ、新井リマ、川菜美鈴、若宮穂乃、美竹すず、二宮和香、有岡みう、三原ほのか、篠田ゆう、さつき芽衣、朝日りん、希咲アリス、木下彩芽、百永さりな、結城りの、辻井ほのか、妃ひかり、凪沙ゆきの、逢見リカ、七瀬ひな、瀬名未来、南条いちか、穂花あいり、沙月恵奈,https://www.javbus.com/TOMNVD-010,
CMN-251 女スパイ暴虐拷檻刑ゴールデンベスト,CMN-251 女スパイ暴虐拷檻刑ゴールデンベスト,CMN-251,,2025-03-08,190分鐘,乗田酢男,シネマジック,NOIR,,SM、合集、監禁、凌辱、折磨、DMM獨家,羽月希、二宮和香、杏璃さや、林美玲、小川みちる、美月優芽,https://www.javbus.com/CMN-251,
VOBB-046 AV女優100人に聞きました！2024年最も気持ちよかったチ○コはこの男タチだ！,VOBB-046 AV女優100人に聞きました！2024年最も気持ちよかったチ○コはこの男タチだ！,VOBB-046,,2025-02-21,240分鐘,二代目モヒカル組,BOTAN,BOTAN厳選ベストっ！,BOTAN厳選ベストっ！,潮吹、姐姐、乳房、4小時以上作品、高畫質、給女性觀眾、アクメ・オーガズム,波多野結衣、大槻ひびき、新村あかり、浜崎真緒、二宮和香、三田サクラ、椿りか、乙アリス,https://www.javbus.com/VOBB-046,
XVSR-798 新撮接写アングル 極-kiwame-中出し騎乗位 腰使いを極めたエロ女子新作150分！,XVSR-798 新撮接写アングル 極-kiwame-中出し騎乗位 腰使いを極めたエロ女子新作150分！,XVSR-798,,2025-02-01,150分鐘,マックス藤井,マックスエー,MAX-A,,連褲襪、中出、女上位、主觀視角、高畫質、巨乳、DMM獨家,岬あずさ、有村のぞみ、紺野ひかる、三田サクラ、豊岡さつき、藤野つかさ、咲野瑞希、椎菜える、二宮和香、春瀬ももな,https://www.javbus.com/XVSR-798,
KSBJ-358 艶めかしい細腰を持つ美熟女たちに中出し11人vol.02,KSBJ-358 艶めかしい細腰を持つ美熟女たちに中出し11人vol.02,KSBJ-358,,2025-02-01,240分鐘,,KSB企画/エマニエル,KSB企画/エマニエル,艶めかしい細腰を持つ美熟女たちに中出し,成熟的女人、苗條、合集、中出、4小時以上作品、高畫質、エマニエル、DMM獨家,森沢かな（飯岡かなこ）、鈴木さとみ、東凛、二宮和香、杏奈、白河花清、大槻ひびき、青木玲、松河智奈美、加藤ツバキ（夏樹カオル）、東あかり,https://www.javbus.com/KSBJ-358,
AUKG-617 レズ回春エステサロン ～美熟女専用秘密エステペニバンコース～,AUKG-617 レズ回春エステサロン ～美熟女専用秘密エステペニバンコース～,AUKG-617,,2025-01-18,116分鐘,,U＆K,,レズ回春エステサロン,成熟的女人、女同性戀、已婚婦女、美容院、高畫質、故事集、DMM獨家,水瀬さな、美丘さとみ、紗々原ゆり、佐久間楓、二宮和香、愛澤らな,https://www.javbus.com/AUKG-617,
BEFKB-014 Baby Entertainment 歳末福袋 黒の章,BEFKB-014 Baby Entertainment 歳末福袋 黒の章,BEFKB-014,,2024-12-24,1358分鐘,,BabyEntertainment,,歳末福袋,紧缚、女檢察官、凌辱、羞恥、高畫質、16時間以上作品、設置項目、DMM獨家,中里美穂、京野美麗、二宮和香、浜崎真緒、井上綾子、小野寺梨紗、枢木みかん,https://www.javbus.com/BEFKB-014,
AGEFUKU-010 ～男はみんな口マ〇コ出身～ おチ〇ポ凱旋ツアー！！極フェラチオSET2 1432分,AGEFUKU-010 ～男はみんな口マ〇コ出身～ おチ〇ポ凱旋ツアー！！極フェラチオSET2 1432分,AGEFUKU-010,,2024-12-21,1433分鐘,,SEX Agent/妄想族,SEX Agent,SEXAgent福袋,口交、美少女、舔陰、主觀視角、高畫質、顏射、16時間以上作品、設置項目、妄想族、DMM獨家,北川エリカ、千乃あずみ、保坂えり、西条沙羅、二宮和香、倉多まお、あおいれな、浜崎真緒、黒木いくみ、音羽レオン、裕木まゆ、稲村ひかり、MIRANO、日比乃さとみ、高谷さつき、日高結愛、緒方ルナ、麻里梨夏、佐伯かのん、杏璃さや、柊木なな（葉山美空）、翼みさき、黒瀬萌衣、三浦春佳、蓮実クレア、希咲あや、愛原れの、宇野ゆかり、三上里穂、藤本紫媛、東城華菜、佐倉ねね、朝長ゆき、笹倉杏、紗籐まゆ、北川ゆず、関根奈美、香苗レノン、桜木エリナ、森川アンナ、春原未来、水澤りこ、神ユキ、若槻みづな、卯水咲流、椎名りりこ、小鳥遊まゆ、三上絵理香、葉山めい、かなで自由、川奈亜希、姫川ゆうな、明里ともか、星咲伶美、霧島さくら、桜ちなみ、優梨まいな、川菜美鈴、涼川絢音、椎名そら、尾上若葉、花咲いあん、森はるら、丸山れおな、白石りん、葉月もえ、石倉真季、佐々木あき、藤川れいな,https://www.javbus.com/AGEFUKU-010,
NACX-146 21人の美女がデカ乳を揺らし、グチョグチョいやらしい音をたてながらGスポット絶頂オナニー,NACX-146 21人の美女がデカ乳を揺らし、グチョグチョいやらしい音をたてながらGスポット絶頂オナニー,NACX-146,,2024-12-20,241分鐘,,プラネットプラス,七狗留,,玩具、合集、高畫質、巨乳、自慰,新村あかり、有岡みう、瀬名ひかり、沙月恵奈、本田瞳、川上ゆう（森野雫）、宝田もなみ、二宮和香、浜崎真緒、菊池まや、佐久間泉、神坂朋子、初音みのり、織田真子、白石みき、若月みいな、鈴木真夕、小梅えな、若宮穂乃、田中ねね、妃ひかり,https://www.javbus.com/NACX-146,
XVSR-783 超攻撃的なパンスト接写＆足コキオナニー,XVSR-783 超攻撃的なパンスト接写＆足コキオナニー,XVSR-783,,2024-11-02,150分鐘,マックス藤井,マックスエー,MAX-A,,苗條、連褲襪、足交、主觀視角、DMM獨家、自慰,岬あずさ、有村のぞみ、紺野ひかる、三田サクラ、椎菜える、二宮和香、藤野つかさ、咲野瑞希、春瀬ももな、豊岡さつき,https://www.javbus.com/XVSR-783,
NACX-144 旦那が横で寝ていてもお構いなし！背徳の性交に溺れた人妻9人,NACX-144 旦那が横で寝ていてもお構いなし！背徳の性交に溺れた人妻9人,NACX-144,,2024-10-20,242分鐘,,プラネットプラス,七狗留,,合集、已婚婦女、通姦、4小時以上作品、高畫質、出軌,中山尚美、水原さな、江上しほ、かなで自由、椎名そら、高杉麻里、大槻ひびき、羽生アリサ、二宮和香,https://www.javbus.com/NACX-144,
AQUMA-056 【VR】淫らな熟女たちの熱く火照った身体と濡れそぼった熟れマンをじっくり堪能するVRベスト パート1（仮）,AQUMA-056 【VR】淫らな熟女たちの熱く火照った身体と濡れそぼった熟れマンをじっくり堪能するVRベスト パート1（仮）,AQUMA-056,,2024-10-18,242分鐘,,AQUA＜アクア＞,AQUA MANIAC,,成熟的女人、合集、羞恥、4小時以上作品、VR専用、巨乳、ハイクオリティVR、DMM獨家,真木今日子、平井栞奈、広瀬結香、二宮和香、小松杏、よしい美希（伊沢涼子、吉井美希）、悠木あやね、桧山ゆりか、海埜ほたる,https://www.javbus.com/AQUMA-056,
XVSR-779 口内発射＆超攻撃的な接写フェラ,XVSR-779 口内発射＆超攻撃的な接写フェラ,XVSR-779,,2024-09-28,150分鐘,マックス藤井,マックスエー,Calen,接写フェラ,口交、乳交、巨乳、DMM獨家、吞精、打手槍,岬あずさ、有村のぞみ、紺野ひかる、三田サクラ、咲野瑞希、豊岡さつき、藤野つかさ、春瀬ももな、二宮和香、椎菜える,https://www.javbus.com/XVSR-779,
AGEOM-024 調教されて悦びを感じる極上M女,AGEOM-024 調教されて悦びを感じる極上M女,AGEOM-024,,2024-09-21,244分鐘,薄刃紫翠,SEX Agent/妄想族,SEX Agent,,深喉、4小時以上作品、高畫質、女優ベスト・総集編、スパンキング、M女、妄想族、4K、DMM獨家,浜崎真緒、日向うみ、弥生みづき、新村あかり、優梨まいな、美波沙耶、加藤あやの、二宮和香、姫咲はな、南梨央奈、一条みお、逢見リカ,https://www.javbus.com/AGEOM-024,
AGMX-197 足指舐めさせ手コキ,AGMX-197 足指舐めさせ手コキ,AGMX-197,,2024-09-21,119分鐘,ミニマル岩村,SEX Agent/妄想族,SEX Agent,,成熟的女人、其他戀物癖、情侶、姐妹、美容院、高畫質、妄想族、4K、DMM獨家,琥珀まほ、二宮和香、広瀬結香、まなみ静奈、天咲ひめの、紺野ひかる、春谷美雨,https://www.javbus.com/AGMX-197,
KSBJ-328 デカ尻杭打ち！美熟女だらけのバック三昧50人,KSBJ-328 デカ尻杭打ち！美熟女だらけのバック三昧50人,KSBJ-328,,2024-08-17,243分鐘,,KSB企画/エマニエル,KSB企画/エマニエル,,成熟的女人、合集、4小時以上作品、高畫質、巨尻、バック、エマニエル、DMM獨家,彩奈リナ（七原あかり）、波多野結衣、君島みお、卯水咲流、堀内未果子、遥あやね、舞原聖、鷹宮ゆい、美竹すず、水城奈緒、鈴木さとみ、神ユキ、末広純、藤森里穂、羽田希、飛鳥りん、通野未帆、紗々原ゆり、推川ゆうり、武藤あやか、鐘梨ほしな、望月あやか、泉ゆうめ、新井エリー（晶エリー、大沢佑香）、川上ゆう（森野雫）、妃ひかり、東あかり、森沢かな（飯岡かなこ）、田中なな実、水谷心音（藤崎りお）、本田瞳、小早川怜子、黒川すみれ、佐々木咲和、三尾めぐ、新村あかり、初音みのり、流川莉央、水川スミレ、織田真子、青木玲、美波もも、星乃水音、夏川あゆみ、二宮和香、三舩みすず、白河花清、松河智奈美、瀬崎彩音、大槻ひびき,https://www.javbus.com/KSBJ-328,
UMSO-179 肉厚巨乳のパイパンお姉さんに中出し！！11人,UMSO-179 肉厚巨乳のパイパンお姉さんに中出し！！11人,UMSO-179,,2024-08-07,222分鐘,,ケイ・エム・プロデュース,UMANAMI,肉厚巨乳のパイパンお姉さんに中出し！！,合集、無毛、中出、高畫質、巨乳、DMM獨家,朝日かえで、工藤つぼみ、小西みか、成宮みこと、二宮和香、葉月美音、羽生アリサ、星野ひびき、眞実かなえ、辛島音瑠、藤川れいな,https://www.javbus.com/UMSO-179_2024-08-07,
KSBJ-325 厳選！！美熟女10人BESTVOL.04,KSBJ-325 厳選！！美熟女10人BESTVOL.04,KSBJ-325,,2024-08-03,240分鐘,,KSB企画/エマニエル,KSB企画/エマニエル,厳選！！美熟女10人BEST,成熟的女人、合集、4小時以上作品、高畫質、巨尻、巨乳、エマニエル、DMM獨家,二宮和香、波多野結衣、白河花清、妃ひかり、鈴木さとみ、遥あやね、本田瞳、舞原聖、武藤あやか、飛鳥りん,https://www.javbus.com/KSBJ-325,
BOMNVD-013 最大Kカップ癒しの授乳手コキ2 バブみ全開の爆乳を舐めて吸ってシコシコしてもらう！大ボリューム452分,BOMNVD-013 最大Kカップ癒しの授乳手コキ2 バブみ全開の爆乳を舐めて吸ってシコシコしてもらう！大ボリューム452分,BOMNVD-013,,2024-08-01,452分鐘,,ABC/妄想族,BoinBB/ABC,癒しの授乳手コキ,合集、戀乳癖、美少女、4小時以上作品、設置項目、巨乳、妄想族、DMM獨家、打手槍,水原みその、雪城れん、朝日りん、三原ほのか、美竹すず、羽生アリサ、若宮穂乃、小此木ひなの、奈槻れいら、霧島さくら、優月まりな、星奈あい、愛華みれい、成澤ひなみ、後藤里香、二宮和香、泡沫ゆうき、宝田もなみ、西村ニーナ、稲場るか、須崎まどか、若月みいな、椎葉みくる、森ほたる、相澤ゆりな、彩葉みおり、森下美怜、夏川うみ,https://www.javbus.com/BOMNVD-013,
UMSO-560 おじいちゃんを元気づける為、全裸で介護し、オナニーを見せ、そしてフェラまでしてあげる優しい介護士さんVOL.03,UMSO-560 おじいちゃんを元気づける為、全裸で介護し、オナニーを見せ、そしてフェラまでしてあげる優しい介護士さんVOL.03,UMSO-560,,2024-07-20,243分鐘,,ケイ・エム・プロデュース,UMANAMI,おじいちゃんを元気づける為、全裸で介護し、オナニーを見せ、そしてフェラまでしてあげる優しい介護士さん,成熟的女人、合集、各種職業、4小時以上作品、高畫質、DMM獨家、自慰,片瀬仁美、宮本紗央里、本庄瞳、加藤あやの、伊織涼子、北川礼子、二宮和香、植木翔子、艶堂しほり（遠藤しおり）、川上ゆう（森野雫）,https://www.javbus.com/UMSO-560,
RCTD-605 下の立場の女が上の立場の女に挑むシチュエーション 下剋上レズバトル,RCTD-605 下の立場の女が上の立場の女に挑むシチュエーション 下剋上レズバトル,RCTD-605,,2024-07-08,122分鐘,セントラル山本,ROCKET,ROCKET,,企畫、女同性戀、潮吹、各種職業、花癡、高畫質、4K,咲野瑞希、皆瀬あかり、櫻井まみ、花撫あや、田所百合、二宮和香,https://www.javbus.com/RCTD-605,
AGMX-184 脱ぎたてホカホカのマン汁べっとりパンティを巻き付けたらほぼセックス,AGMX-184 脱ぎたてホカホカのマン汁べっとりパンティを巻き付けたらほぼセックス,AGMX-184,,2024-05-25,104分鐘,ミニマル岩村,SEX Agent/妄想族,SEX Agent,,口交、其他戀物癖、乳房、高畫質、巨乳、妄想族、4K、DMM獨家、打手槍,今井えみ、伊織ひなの、彩奈リナ（七原あかり）、城山若菜、まなみ静奈、二宮和香,https://www.javbus.com/AGMX-184,
AGEFUKU-003 晩春大フェチ祭！走り梅雨を吹き飛ばすほどの快晴射精スペシャル！！オールHDノーカット合計20作品2548分 選りすぐりフェチ作品集,AGEFUKU-003 晩春大フェチ祭！走り梅雨を吹き飛ばすほどの快晴射精スペシャル！！オールHDノーカット合計20作品2548分 選りすぐりフェチ作品集,AGEFUKU-003,,2024-05-25,2548分鐘,,SEX Agent/妄想族,SEX Agent,SEXAgent福袋,蕩婦、口交、美少女、高畫質、16時間以上作品、設置項目、妄想族、DMM獨家、自慰、打手槍,斎藤まりな、真白美生、あおいれな、白城リサ、弥生みづき、高橋りほ、天然美月、花音うらら、桜坂りんか、高瀬りな、浅倉真凛、永瀬ゆい、冬愛ことね、あべみかこ、平手まな、栗山絵麻、二ノ宮せな、笠木いちか、松本いちか、加藤ももか、AIKA、前田あこ、夏原唯、相澤ゆりな、上白美央、岩沢香代、橘メアリー、瀬名未来、天野碧、大原理央、松坂美紀、二宮和香、浜崎真緒、加賀美さら、皆乃せな、真宮あや、桜井千春、愛乃零、桐原みお、涼城りおな、松宮ひすい、伊佐木リアン、堀内未果子、大原あむ、衣吹かのん、南みずき、辻さくら、内田里奈、来まえび、朝日奈かれん、深田結梨、波多野結衣、瀬崎彩音、要ゆの、田中美矢、成海美雨、椿りか、堀北わん、小西ひかる、川原りま、蒼井れいな、逢見リカ、渚みつき、竹田まい、真田みづ稀、東希美、桐山結羽、雪乃凛央、高梨有紗、奏音かのん、大槻ひびき、天上みさ、宇流木さら、白川ゆず、葉月もえ、天馬ゆい、渚ひまわり、椎木くるみ,https://www.javbus.com/AGEFUKU-003,
KMDS-20619 誘惑するのはまさかのドスケベお姉さん,KMDS-20619 誘惑するのはまさかのドスケベお姉さん,KMDS-20619,,2024-04-26,240分鐘,,カマタ映像,弁天,,成熟的女人、4小時以上作品、出軌,笹倉杏、羽生アリサ、森下美緒、高城彩、二宮和香、平山薫、高嶋はるか、稲森琴、前園希美、松岡瑠実,https://www.javbus.com/KMDS-20619,
UMSO-545 美熟女ヌード観察50人VOL.02,UMSO-545 美熟女ヌード観察50人VOL.02,UMSO-545,,2024-04-20,240分鐘,,ケイ・エム・プロデュース,UMANAMI,美熟女ヌード観察,成熟的女人、其他戀物癖、合集、4小時以上作品、高畫質、DMM獨家,伊東真緒、川上ゆう（森野雫）、伊織涼子、黒川サリナ、音羽文子、篠原ちとせ、春風ひかる、朝桐光、島津かおる、根尾あかり、奏音かのん、倉多まお、逢沢りいな、三船かれん、永井マリア、彩奈リナ（七原あかり）、今藤霧子、二宮和香、稲場るか、金杉里織、大浦真奈美、美園和花、柊るい、真木今日子、北川礼子、篠崎かんな、有沢実紗、花宮あむ、花沢ひまり、芦名はるき、椿あき、牧村彩香、美保結衣、辻井ほのか、樋口かのこ、森下美緒、生野ひかる、新井エリー（晶エリー、大沢佑香）、水谷あおい、音海里奈、藤白桃羽、中島あつこ、堀内未果子、凛音とうか、飛鳥りいな、時田こずえ、椿りか、松本菜奈実、草刈美緒、河北はるな,https://www.javbus.com/UMSO-545,
FUPT-006 【福袋】まるっと！！細腰美熟女20タイトル2703分！！,FUPT-006 【福袋】まるっと！！細腰美熟女20タイトル2703分！！,FUPT-006,,2024-04-18,2700分鐘,,プラネットプラス,まるっと！,,成熟的女人、苗條、已婚婦女、乳房、高畫質、16時間以上作品,本庄瞳、井上綾子、堀内秋美、佐々木あき、森下美緒、冴君麻衣子、麻生千春、二宮和香、七海ひさ代、峰岸カレン、神波多一花、神納花、青木玲、滝本エレナ、武藤あやか、北条麻妃、平岡里枝子、清城ゆき、葵紫穂、上原千佳,https://www.javbus.com/FUPT-006,
CEMD-510 浜崎真緒 まるごと完全収録16時間02分BEST,CEMD-510 浜崎真緒 まるごと完全収録16時間02分BEST,CEMD-510,,2024-04-06,962分鐘,,セレブの友,セレブの友,○○まるごと完全収録,濫交、花癡、中出、女優ベスト・総集編、巨乳、DMM獨家,浜崎真緒、竹内梨恵、二宮和香、紺野ひかる、橋下まこ,https://www.javbus.com/CEMD-510,
AQUSP-003 【VRゴールデン福袋】AVVRメーカーAQUAです。新生活のお供にぴったりな合計20作品（オールHQノーカット）1400分超のアタオカ福袋をご用意しました。,AQUSP-003 【VRゴールデン福袋】AVVRメーカーAQUAです。新生活のお供にぴったりな合計20作品（オールHQノーカット）1400分超のアタオカ福袋をご用意しました。,AQUSP-003,,2024-04-05,1445分鐘,モグY,AQUA＜アクア＞,,AQUA福袋,蕩婦、淫語、中出、M男、16時間以上作品、ハーレム、VR専用、設置項目、ハイクオリティVR、福袋、DMM獨家,加藤ももか、菊池まや、星仲ここみ、川菜美鈴、鈴音杏夏、穂花あいり、香澄せな、笠木いちか、上坂めい、二宮和香、月島さくら、奥菜みさき、皆川るい、守永葵、月見伊織、一条みお、冬愛ことね、悠木あやね、児玉れな、桧山ゆりか、永瀬愛菜、如月ゆの、泉りおん、須崎美羽、園田かのこ、桐香ゆうり、松岡咲希、高梨有紗、香椎佳穂、三田サクラ、前田美波、朝日奈みお、日向ゆら、最上さゆき、大川月乃、伊東沙蘭,https://www.javbus.com/AQUSP-003,
UMSO-541 騎乗位で観察する！激揺れおっぱい50人VOL.05,UMSO-541 騎乗位で観察する！激揺れおっぱい50人VOL.05,UMSO-541,,2024-03-23,241分鐘,,ケイ・エム・プロデュース,UMANAMI,○○で観察する！,合集、女上位、4小時以上作品、高畫質、巨尻、巨乳、DMM獨家,秋吉多恵子、後藤あづさ、寺島志保、狩野あき、凛音とうか、鈴木真夕、広瀬なるみ、初音みのり、姫川礼子、美原すみれ、葵百合香、徳山翔子、瞳リョウ、妃ひかり、二宮和香、佐々木咲和、大槻ひびき、並木塔子、伊東真緒、水谷あおい、夏川あゆみ、白河花清、佐久間泉、野咲美桜、白花こう、鈴木さとみ、川上ゆう（森野雫）、花狩まい、松河智奈美、結城のの、穂花あいり、流川莉央、月見伊織、小花のん、天馬ゆい、水谷心音（藤崎りお）、夏川栞歩、堀内未果子、美園和花、堀沢茉由、小早川怜子、永野いち夏、泉りおん、八乃つばさ、上坂めい、春原未来、篠原ちとせ、春菜はな、吉澤ひかり、水原みその,https://www.javbus.com/UMSO-541,
AQUMA-034 【VR】密着添い寝目線！イチャラブ太ももちんちんぐりぐり！,AQUMA-034 【VR】密着添い寝目線！イチャラブ太ももちんちんぐりぐり！,AQUMA-034,,2024-03-22,73分鐘,ローションボーイ,AQUA＜アクア＞,AQUA MANIAC,,蕩婦、其他戀物癖、姐姐、戀腿癖、美少女、VR専用、ハイクオリティVR、DMM獨家,有賀みなほ、今井えみ、城山若菜、優月まりな、二宮和香、彩奈リナ（七原あかり）、伊織ひなの,https://www.javbus.com/AQUMA-034,
PKPD-285 完全プライベート映像SP 二人きりのお泊まりで身も心も抱かせてくれた性格も具合も良すぎるSSS女優たち【579分ノーカット総集編】,PKPD-285 完全プライベート映像SP 二人きりのお泊まりで身も心も抱かせてくれた性格も具合も良すぎるSSS女優たち【579分ノーカット総集編】,PKPD-285,,2024-03-02,580分鐘,,パコパコ団とゆかいな仲間たち/妄想族,パコパコ団とゆかいな仲間たち/妄想族,完全プライベート映像,第一人稱攝影、纪录片、乳房、中出、4小時以上作品、高畫質、妄想族、DMM獨家,都月るいさ、桐香ゆうり、推川ゆうり、二宮和香,https://www.javbus.com/PKPD-285,
BOMNVD-007 大迫力SEX★爆乳騎乗位★↑↑↓↓デカ乳がブルンブルンと卑猥に暴れ回る45名BEST,BOMNVD-007 大迫力SEX★爆乳騎乗位★↑↑↓↓デカ乳がブルンブルンと卑猥に暴れ回る45名BEST,BOMNVD-007,,2024-03-01,532分鐘,,ABC/妄想族,BoinBB/ABC,爆乳騎乗位BEST,合集、戀乳癖、乳房、女上位、4小時以上作品、高畫質、設置項目、巨乳、妄想族、DMM獨家,水原みその、有岡みう、菊池まや、雪城れん、西村ニーナ、月見伊織、月野かすみ、羽生アリサ、美竹すず、後藤里香、若月みいな、三原ほのか、藤子みお、聖璃とあ、小梅えな、美波もも、早見依桜、桜和ことこ、花渕なつ、小花のん、朝日りん、泡沫ゆうき、森ほたる、椎葉みくる、小此木ひなの、若宮穂乃、宝田もなみ、二宮和香、松本流佳、森下美怜、彩葉みおり、相澤ゆりな、田原凛花、稲場るか、須崎まどか、南条いちか、穂花あいり、上白美央、橘めぐみ、木下彩芽、希咲アリス、小野崎りこ、奈槻れいら、青山愛、夏川うみ,https://www.javbus.com/BOMNVD-007,
CEMD-489 レズ乱交限定！レズビアン同性性交ベスト！1098分8枚組BOX,CEMD-489 レズ乱交限定！レズビアン同性性交ベスト！1098分8枚組BOX,CEMD-489,,2024-02-24,1098分鐘,,セレブの友,セレブの友,,女同性戀、濫交、合集、多P、女同接吻、DMM獨家,大槻ひびき、最上晶、水川愛莉、朝比奈菜々子、玉木くるみ、有栖るる、杏羽かれん、佐川はるみ、涼花くるみ、宮沢ちはる、橋野愛琉、塩見彩、紗々原ゆり、渡辺まお、橋下まこ、紺野ひかる、星奈あい、加藤ツバキ（夏樹カオル）、加納綾子、渚みつき、花井しずく、真咲南朋（楓モモ、安藤なつ妃）、皆月ひかる、川原かなえ、浜崎真緒、二宮和香、佐野あい,https://www.javbus.com/CEMD-489,
HDKA-296 はだかの訪問介護士総集編6人4時間VOL.03,HDKA-296 はだかの訪問介護士総集編6人4時間VOL.03,HDKA-296,,2024-02-20,242分鐘,,プラネットプラス,裸婦趣向,はだかの訪問介護士,成熟的女人、其他戀物癖、合集、各種職業、4小時以上作品、高畫質,並木塔子、鈴木さとみ、伊東真緒、二宮和香、水谷あおい、大槻ひびき,https://www.javbus.com/HDKA-296,
KSBJ-290 突き抜ける快感にイキ狂う！杭打ちピストン騎乗位43人,KSBJ-290 突き抜ける快感にイキ狂う！杭打ちピストン騎乗位43人,KSBJ-290,,2024-02-17,243分鐘,,KSB企画/エマニエル,KSB企画/エマニエル,,成熟的女人、合集、已婚婦女、女上位、4小時以上作品、高畫質、エマニエル、DMM獨家,乃木蛍、希咲アリス、姫咲はな、二宮和香、平清香、柏木舞子、天野るみ、百瀬凛花、白河花清、高杉麻里、佐伯由美香、大槻ひびき、池谷佳純、松河智奈美、水上由紀恵、牧村彩香、樋口かのこ、香月乙葉、白鳥すわん、黒川すみれ、紗々原ゆり、若宮はずき、佐久間泉、神ユキ、水谷あおい、水谷心音（藤崎りお）、泉りおん、紺野みいな、工藤ララ、紺野ひかる、あべみかこ、水原みその、若月みいな、若宮穂乃、純岡美乃理、天馬ゆい、花狩まい、結城のの、堀内未果子、広瀬なるみ、舞原聖、竹内夏希、望月あやか,https://www.javbus.com/KSBJ-290,
KSBJ-287 夫の部下と…。若いイチモツに狂う熟女たち,KSBJ-287 夫の部下と…。若いイチモツに狂う熟女たち,KSBJ-287,,2024-02-03,243分鐘,,KSB企画/エマニエル,KSB企画/エマニエル,,合集、已婚婦女、4小時以上作品、高畫質、巨尻、巨乳、エマニエル、DMM獨家,牧村彩香、田中ねね、水上由紀恵、松河智奈美、佐久間泉、佐伯由美香、二宮和香,https://www.javbus.com/KSBJ-287,
UMSO-533 突き出すお尻に激ピストン！バック三昧！4時間56人,UMSO-533 突き出すお尻に激ピストン！バック三昧！4時間56人,UMSO-533,,2024-01-20,241分鐘,,ケイ・エム・プロデュース,UMANAMI,,合集、4小時以上作品、高畫質、巨尻、巨乳、バック、DMM獨家,泉りおん、紺野みいな、工藤ララ、竹内夏希、永野いち夏、永瀬ゆい、高橋りほ、有坂深雪、かなで自由、弥生みづき、花沢ひまり、辻さくら、宇流木さら、白河花清、希咲アリス、純岡美乃理、松本いちか、天馬ゆい、如月ましろ、花狩まい、結城のの、堀内未果子、広瀬なるみ、田中ねね、水上由紀恵、松河智奈美、佐伯由美香、二宮和香、花音うらら、姫咲はな、吉根ゆりあ、広瀬りおな、永澤ゆきの、白鳥すわん、樋口かのこ、草刈美緒、高杉麻里、紗々原ゆり、天野るみ、紺野ひかる、乃木蛍、西田那津、皇ゆず、初音みのり、水川スミレ、加賀美まり、高美はるか、平清香、池谷佳純、若宮穂乃、大槻ひびき、柏木舞子、水谷心音（藤崎りお）、百瀬凛花、東あかり、あべみかこ,https://www.javbus.com/UMSO-533,
KANZ-284 Fカップover 完全なる美人妻 560分完全盤6枚組,KANZ-284 Fカップover 完全なる美人妻 560分完全盤6枚組,KANZ-284,,2023-12-20,546分鐘,,ネクスト,完全盤,,成熟的女人、中出、4小時以上作品、高畫質、巨尻、巨乳,新村あかり、二宮和香、赤瀬尚子、城山若菜、一ノ瀬あやめ、児玉るみ,https://www.javbus.com/KANZ-284,
KSBJ-277 美熟女のエロテク超絶フェラチオ16人VOL.03,KSBJ-277 美熟女のエロテク超絶フェラチオ16人VOL.03,KSBJ-277,,2023-12-16,242分鐘,,KSB企画/エマニエル,KSB企画/エマニエル,美熟女のエロテク超絶フェラチオ,成熟的女人、口交、合集、4小時以上作品、高畫質、巨乳、エマニエル、DMM獨家,君島みお、平井栞奈、成澤ひなみ、永原なつき、広瀬結香、森沢かな（飯岡かなこ）、赤瀬尚子、宮沢優里、鷹宮ゆい、汐河佳奈、二宮和香、鈴木真夕、百合川さら、平清香、通野未帆、妃月るい,https://www.javbus.com/KSBJ-277,
UMSO-526 全裸で家事をする女性をただただ観察するビデオ18人,UMSO-526 全裸で家事をする女性をただただ観察するビデオ18人,UMSO-526,,2023-11-25,242分鐘,,ケイ・エム・プロデュース,UMANAMI,,其他戀物癖、合集、高畫質、巨尻、巨乳、DMM獨家,彩奈リナ（七原あかり）、大場ゆい、蓮実クレア、西条沙羅、小川桃果、神波多一花、折原ほのか、二宮和香、通野未帆、ERIKA（モカ、MOKA）、由來ちとせ、枢木みかん、吉川あいみ、皆瀬杏樹、美竹すず、高槻れい、篠田ゆう、愛乃零,https://www.javbus.com/UMSO-526,
NSFS-233 夫を天国から地獄に叩き起こす 絶望のNTR Vol.2,NSFS-233 夫を天国から地獄に叩き起こす 絶望のNTR Vol.2,NSFS-233,,2023-11-11,271分鐘,佐野B作,ながえスタイル,ながえSTYLE,絶望のNTR,合集、已婚婦女、通姦、4小時以上作品、高畫質、出軌、戲劇、DMM獨家,沖田里緒、高梨りの、初美りん、二宮和香、桜木優希音、神谷充希,https://www.javbus.com/NSFS-233,
KSBJ-270 やっぱり熟女が一番エロい！！22人VOL.05,KSBJ-270 やっぱり熟女が一番エロい！！22人VOL.05,KSBJ-270,,2023-11-04,242分鐘,,KSB企画/エマニエル,KSB企画/エマニエル,やっぱり熟女が一番エロい！！,成熟的女人、合集、已婚婦女、4小時以上作品、高畫質、巨乳、エマニエル、DMM獨家,二宮和香、君島みお、森沢かな（飯岡かなこ）、羽田希、岡江凛、天野るみ、佐伯由美香、小林真梨香、美原すみれ、広瀬りおな、永田莉雨、山口珠理、飯山香織、推川ゆうり、舞原聖、新井エリー（晶エリー、大沢佑香）、黒川すみれ、成咲優美、桃井しずか、田原凛花、水上由紀恵、大槻ひびき,https://www.javbus.com/KSBJ-270,
CADV-886 母x息子・義父x娘・姉x弟・兄x妹・義父x嫁 禁断の近親ハメ狂い8時間スペシャル,CADV-886 母x息子・義父x娘・姉x弟・兄x妹・義父x嫁 禁断の近親ハメ狂い8時間スペシャル,CADV-886,,2023-10-21,479分鐘,,クリスタル映像,CRYSTAL EX,,苗條、口交、乳交、合集、亂倫、無毛、姐妹、中出、女上位、4小時以上作品、婆婆、高畫質、巨乳、娘・養女、DMM獨家、貧乳・微乳,波多野結衣、若宮穂乃、松本菜奈実、桜井千春、高美はるか、稲場るか、広瀬結香、菊池まや、KAORI、枢木あおい、森本つぐみ、松本いちか、百瀬あすか、浅田結梨、二宮和香、羽生アリサ、天海こころ、加藤ももか、渚みつき、愛花みちる,https://www.javbus.com/CADV-886,
3DSVR-1328 【VR】ボクの精子は着床率100％！中出し専門 孕ませ外来,3DSVR-1328 【VR】ボクの精子は着床率100％！中出し専門 孕ませ外来,3DSVR-1328,,2023-08-28,106分鐘,柏倉弘,SODクリエイト,SODVR,,已婚婦女、中出、ハーレム、孕ませ、VR専用、ハイクオリティVR、病院・クリニック,三田サクラ、市井結夏、二宮和香、根本佳澄、岩沢香代,https://www.javbus.com/3DSVR-1328,
ARAN-070 媚薬キメオナ絶頂狂い 気がオカシクなるまでイキ続ける女たち 5時間31名のドンギマリ記録映像-INFERNO BABE ULTRA FILM-,ARAN-070 媚薬キメオナ絶頂狂い 気がオカシクなるまでイキ続ける女たち 5時間31名のドンギマリ記録映像-INFERNO BABE ULTRA FILM-,ARAN-070,,2023-08-19,300分鐘,,BabyEntertainment,素人娘狂騒局,,藥物、4小時以上作品、子宮頸、高畫質、汗だく、アクメ・オーガズム、自慰,風間ゆみ、波多野結衣、あべみかこ、松本メイ、葉月美音、近藤郁（近藤郁美）、森はるら、二宮和香、尾上若葉、なつめ愛莉、桃瀬ゆり、有賀ゆあ、サリー、若月まりあ、桜ちなみ、伊東紅、若槻みづな、竹内梨恵、なごみ,https://www.javbus.com/ARAN-070,
NAGAE-006 【お中元】2023夏 ながえSTYLEお中元 寝取り・寝取られ官能セット 28時間,NAGAE-006 【お中元】2023夏 ながえSTYLEお中元 寝取り・寝取られ官能セット 28時間,NAGAE-006,,2023-07-14,1692分鐘,ながえ,ながえスタイル,ながえSTYLE,寝取り・寝取られ,成熟的女人、已婚婦女、高畫質、戲劇、16時間以上作品、設置項目、福袋、DMM獨家,浜崎真緒、原ちとせ、新尾きり子、倉多まお、高梨りの、初美りん、逢沢まりあ、桜木優希音、横山夏希、波多野結衣、二宮和香、森ほたる、成宮いろは、かなで自由、美谷朱里、梨々花、早川瑞希、佐倉ねね、優木なお,https://www.javbus.com/NAGAE-006,
AGEFUKU-001 【お中元】真夏の大フェチ祭！セックスだけじゃ物足りない貴方にオールHDノーカットでお届けする合計20作品2200分超 選りすぐりフェチ作品集,AGEFUKU-001 【お中元】真夏の大フェチ祭！セックスだけじゃ物足りない貴方にオールHDノーカットでお届けする合計20作品2200分超 選りすぐりフェチ作品集,AGEFUKU-001,,2023-07-14,2225分鐘,よーすけ,SEX Agent/妄想族,SEX Agent,SEXAgent福袋,蕩婦、瘙癢、高畫質、設置項目、オナサポ、アクメ・オーガズム、妄想族、福袋、DMM獨家、顏射,真白みくる、永原なつき、結城りの、浅井心晴、寺田ここの、塚田詩織、朝日りん、柳井ひな、都久井りお、天音恋愛、横宮七海、二宮和香、紺野みいな、来栖みく、如月夏希、宮村ななこ、一条みお、玉木くるみ、辻芽愛里、きみと歩実、美波もも、若宮はずき、瀬那ルミナ、美園マリカ、杉崎みさき、安藤もあ、春日えな、朝倉ここな、冬愛ことね、夏海さや、中野真子、広仲みなみ、あさみ潤、新井リマ、南乃そら、花沢ひまり、葉風ゆりあ、冨安れおな、工藤ララ、浜崎真緒、香椎佳穂、菊池まや、沙月恵奈、夏巳ゆりか、葉月もえ、天馬ゆい、香澄せな、桜華みゆ、花宮レイ、岸和水、倉本すみれ、美園ひまり、REMI、川越ゆい、初愛ねんね、妃ひかり、泉あや、及川うみ、成澤ひなみ、南梨央奈、綾瀬ひまり、天然美月、笠木いちか、桃尻かのん、大原あむ、初島うい、富井美帆、宝生めい、大谷翔子、広瀬りおな、三浦かなみ、水卜麻衣奈、琴石ゆめる、永野つかさ、加賀美さら、生田望美、生田みく、皆川るい、並木杏梨、宮沢ちはる、枢木あおい、渚ひかる、弘崎ゆみな、横山夏希、戸田美々香、三尾めぐ,https://www.javbus.com/AGEFUKU-001,
NEO-435 変態熟女学園,NEO-435 変態熟女学園,NEO-435,,2023-06-08,240分鐘,桜庭九心男,RADIX,NEO,,羞恥、ベスト、総集編,二宮和香、赤瀬尚子、並木塔子、北川礼子、古田優子,https://www.javbus.com/NEO-435,
NACX-122 パイパン熟女12人BEST VOL.05,NACX-122 パイパン熟女12人BEST VOL.05,NACX-122,,2023-06-05,242分鐘,,プラネットプラス,七狗留,パイパン熟女12人BEST,成熟的女人、合集、無毛、4小時以上作品、高畫質、巨乳,森沢かな（飯岡かなこ）、新井エリー（晶エリー、大沢佑香）、瞳リョウ、佐々木咲和、田中なな実、吉根ゆりあ、美園和花、早田菜々子、東あかり、二宮和香、大槻ひびき、柚木ひおり,https://www.javbus.com/NACX-122,
SDDE-69404 【トリプル密着サウナ＋巨乳密着洗体マッサージ編】常に性交ビキニマッサージ10 10周年記念！Fカップ以上の至極のS級スタイルセラピストに癒されつくす！,SDDE-69404 【トリプル密着サウナ＋巨乳密着洗体マッサージ編】常に性交ビキニマッサージ10 10周年記念！Fカップ以上の至極のS級スタイルセラピストに癒されつくす！,SDDE-69404,,2023-05-17,51分鐘,柏倉弘,SODクリエイト,SENZ,「常に性交」,各種職業、按摩、高畫質、泳裝、巨乳、4K,二宮和香、今井夏帆、月野かすみ、あまねめぐり,https://www.javbus.com/SDDE-69404,
SDDE-694-05 【はちみつオーラルスローマッサージ+セラピストへのマッサージ編】常に…,SDDE-694-05 【はちみつオーラルスローマッサージ+セラピストへのマッサージ編】常に…,SDDE-694-05,,2023-05-17,9分鐘,柏倉弘,SODクリエイト,SENZ,「常に性交」,泳裝、巨乳,二宮和香、今井夏帆、月野かすみ,https://www.javbus.com/SDDE-694-05,
SDDE-69405 【はちみつオーラルスローマッサージ＋セラピストへのマッサージ編】常に性交ビキニマッサージ10 10周年記念！Fカップ以上の至極のS級スタイルセラピストに癒されつくす！,SDDE-69405 【はちみつオーラルスローマッサージ＋セラピストへのマッサージ編】常に性交ビキニマッサージ10 10周年記念！Fカップ以上の至極のS級スタイルセラピストに癒されつくす！,SDDE-69405,,2023-05-17,64分鐘,柏倉弘,SODクリエイト,SENZ,「常に性交」,各種職業、按摩、高畫質、泳裝、巨乳、4K,二宮和香、今井夏帆、月野かすみ,https://www.javbus.com/SDDE-69405,
SDDE-694-04 【トリプル密着サウナ+巨乳密着洗体マッサージ編】常に性交ビキニマッサ…,SDDE-694-04 【トリプル密着サウナ+巨乳密着洗体マッサージ編】常に性交ビキニマッサ…,SDDE-694-04,,2023-05-17,9分鐘,柏倉弘,SODクリエイト,SENZ,「常に性交」,泳裝、巨乳,二宮和香、あまねめぐり、今井夏帆、月野かすみ,https://www.javbus.com/SDDE-694-04,
CEAD-493 Extreme（過激な）オナニスト！33 浜崎真緒 ～9オナニー151分,CEAD-493 Extreme（過激な）オナニスト！33 浜崎真緒 ～9オナニー151分,CEAD-493,,2023-05-06,151分鐘,,セレブの友,セレブの友,Extreme（過激な）オナニスト！,成熟的女人、巨乳、アクメ・オーガズム、ディルド、DMM獨家、自慰,浜崎真緒、丘咲エミリ、橋下まこ、二宮和香、紺野ひかる,https://www.javbus.com/CEAD-493,
FUKS-001 【祝春ギフト】24時間365日、何をするにもすっ裸！？魅惑のボディでご近所さんや修理業者を誘惑する「はだかの奥様」ベストコレクション2459分！！,FUKS-001 【祝春ギフト】24時間365日、何をするにもすっ裸！？魅惑のボディでご近所さんや修理業者を誘惑する「はだかの奥様」ベストコレクション2459分！！,FUKS-001,,2023-04-07,2459分鐘,,KSB企画/エマニエル,KSB企画/エマニエル,はだかの奥様,蕩婦、成熟的女人、其他戀物癖、已婚婦女、高畫質、16時間以上作品、設置項目、巨乳、エマニエル、福袋、DMM獨家,真鍋あや、大場ゆい、青木玲、蓮実クレア、推川ゆうり、篠田ゆう、吉川あいみ、皆瀬杏樹、葵百合香、卯水咲流、枢木みかん、由來ちとせ、武藤あやか、ERIKA（モカ、MOKA）、二宮和香、川上ゆう（森野雫）、通野未帆、西条沙羅、吹石れな、風間ゆみ,https://www.javbus.com/FUKS-001,
DRSR-001 【祝春ギフト】至上最高の射精をお約束します！ M男へのHOW to神福袋 完全ノーカット15作品38時間2280分,DRSR-001 【祝春ギフト】至上最高の射精をお約束します！ M男へのHOW to神福袋 完全ノーカット15作品38時間2280分,DRSR-001,,2023-04-07,2282分鐘,マボロシ子,犬/妄想族,犬/妄想族,,飲尿、其他戀物癖、高畫質、M男、16時間以上作品、設置項目、妄想族、福袋、DMM獨家,百瀬あすか、松本いちか、るるちゃ。、星奈あい、北乃ゆな、美波こづえ、水谷あおい、二宮和香、花沢ひまり、加藤ツバキ（夏樹カオル）、辻芽愛里、紺野ひかる、長谷川古宵、希望光、杏羽かれん、山本蓮加、乃木はるか、星優香、水沢つぐみ、真木夏芽、志恩まこ、夏目みらい、川原りま、松島れみ、葉月レイラ、浜崎真緒、白沢比呂、八乃つばさ、百瀬あいり、宮村ななこ、丹羽すみれ、中島あつこ、富井美帆、佐野なつ、白石かんな、大川月乃、芦名はるき、花井しずく、皆川るい、木ノ宮かれん、丘えりな、白鳥すわん、堀麻美子、星名咲良、来栖ゆうな、響美音、聖祐那、新川ゆず、小川ひまり、佐々木咲和、藤みゆき、水森翠、あおいれな、加藤ももか、美波沙耶、望月あやか、枢木あおい、七海ゆあ、神木まほろ、NOA、葉月美音、桐谷なお、三葉優花、佐伯由美香、宮崎リン、夏目藍果、愛乃零、卯水咲流、愛須みのん、佐藤りこ、川菜美鈴、中野七緒、椿りか、高瀬りな、弥生みづき、星乃美桜、山岸ゆり、五十嵐星蘭,https://www.javbus.com/DRSR-001,
SDDE-694 常に性交ビキニマッサージ10 10周年記念！Fカップ以上の至極のS級スタイルセラピスト6名×8コーナーで癒されつくす！4K4時間半ぜ～んぶ撮り下ろしの豪華版超ロングSP編【圧倒的4K映像でヌク！】,SDDE-694 常に性交ビキニマッサージ10 10周年記念！Fカップ以上の至極のS級スタイルセラピスト6名×8コーナーで癒されつくす！4K4時間半ぜ～んぶ撮り下ろしの豪華版超ロングSP編【圧倒的4K映像でヌク！】,SDDE-694,,2023-04-04,270分鐘,柏倉弘,SODクリエイト,SENZ,「常に性交」,野外・露出、中出、4小時以上作品、按摩、高畫質、巨乳、4K,三田サクラ、あまねめぐり、木咲あんな、月野かすみ、二宮和香、今井夏帆,https://www.javbus.com/SDDE-694,
BQNC-002 BAZOOKA 冬の大感謝セール コスパ最強ノーカットベスト爆乳限定2749分,BQNC-002 BAZOOKA 冬の大感謝セール コスパ最強ノーカットベスト爆乳限定2749分,BQNC-002,,2023-03-17,2725分鐘,,BAZOOKA,BAZOOKA（バズーカ）,BAZOOKA ノーカットBEST,乳交、乳房、中出、高畫質、16時間以上作品、巨乳、DMM獨家,蓮実クレア、有坂つばさ、北野未奈、北川エリカ、桂希ゆに、月宮こはる、広瀬うみ、今井ゆあ、佐知子、笹倉杏、山本蓮加、篠田ゆう、若宮穂乃、吉川あいみ、吉根ゆりあ、ましろ杏、みつ葉（菊川みつ葉）、亜矢みつき、愛花みちる、一二三鈴、稲場るか、羽生アリサ、河音くるみ、河北はるな、若月みいな、若槻みづな、朝陽えま、椎葉みくる、辻井ほのか、田中ねね、二宮和香、美園和花、浜崎真緒、保志美あすか、朝日しずく、早川瑞希、倉多まお、松本菜奈実、森はるら、推川ゆうり、水野朝陽、雛鶴みお、西条沙羅、斉藤みゆ、石川祐奈、宝田もなみ,https://www.javbus.com/BQNC-002,
FKBD-005 【福袋】脅迫スイートルーム33時間！ シリーズ17タイトルまるごと2040分収録！ドMインテリ美女18名,FKBD-005 【福袋】脅迫スイートルーム33時間！ シリーズ17タイトルまるごと2040分収録！ドMインテリ美女18名,FKBD-005,,2023-03-17,2040分鐘,,ドリームチケット,,WAAPグループ福袋,合集、高畫質、16時間以上作品,佐々木あき、ひなた澪、二宮和香、長澤あずさ、皆野あい、佐々木恋海（向井恋）、板垣あずさ、高槻れい、吹石れな、新山かえで、ASUKA、赤瀬尚子、桑田みのり、水沢真樹、西条沙羅,https://www.javbus.com/FKBD-005,
MGSC-001 まんぐり羞恥,MGSC-001 まんぐり羞恥,MGSC-001,,2023-02-25,243分鐘,,Z-MEN,,,其他戀物癖、屁股、姐姐、羞恥、4小時以上作品、高畫質、DMM獨家、局部特寫,永井みひな、香苗レノン、桜ちなみ、推川ゆうり、桐嶋りの、工藤ララ、望月りさ、さつき芽衣、天馬ゆい、一条みお、朝倉ここな、富井美帆、吉根ゆりあ、新村あかり、二宮和香,https://www.javbus.com/MGSC-001,
NACX-115 美しい三十路熟女12人VOL.02,NACX-115 美しい三十路熟女12人VOL.02,NACX-115,,2023-02-05,241分鐘,,プラネットプラス,七狗留,美しい三十路熟女,成熟的女人、苗條、合集、高畫質、巨乳,永田莉雨、黒川すみれ、佐伯由美香、初音みのり、平井栞奈、妃ひかり、波多野結衣、二宮和香、青木玲、水谷心音（藤崎りお）、森沢かな（飯岡かなこ）、鈴木さとみ,https://www.javbus.com/NACX-115,
KMDS-20575 自宅で旦那の知り合いに何度もイカされるNTR妻10人240分2,KMDS-20575 自宅で旦那の知り合いに何度もイカされるNTR妻10人240分2,KMDS-20575,,2023-01-27,241分鐘,,カマタ映像,カマタ映像,自宅で旦那の知り合いに何度もイカされるNTR妻,成熟的女人、已婚婦女、4小時以上作品,井上佐和子、森山杏菜（森山杏奈）、汝鳥すみか、平松亜矢子、城エレン、倖田李梨（倖田美梨、岩下美季）、八上寿々音、野宮凛子、二宮和香,https://www.javbus.com/KMDS-20575,
UMSO-487 美熟女ヌード観察50人,UMSO-487 美熟女ヌード観察50人,UMSO-487,,2023-01-21,243分鐘,,ケイ・エム・プロデュース,UMANAMI,,成熟的女人、其他戀物癖、4小時以上作品、高畫質、DMM獨家、肛交、局部特寫,通野未帆、木村穂乃香、紗々原ゆり、平井栞奈、妃ひかり、翔田千里、岡江凛、天野るみ、水上由紀恵、広瀬りおな、松河智奈美、夏川あゆみ、白河花清、豊永映美、弘中優、水谷心音（藤崎りお）、大橋紗奈、皇ゆず、初音みのり、青田悠華、田中なな実、姫川礼子、今藤霧子、小早川怜子、森沢かな（飯岡かなこ）、黒川すみれ、黒川珠美、波多野結衣、美原すみれ、小林真梨香、柏木舞子、春菜はな、北川真由香、水谷あおい、葵百合香、池谷佳純、西園寺美緒、佐伯由美香、瀬崎彩音、織田真子、柚木ひおり、桃井しずか、加藤ツバキ（夏樹カオル）、東あかり、二宮和香、東凛、野咲美桜、峰田ななみ、青木玲、夏川栞歩,https://www.javbus.com/UMSO-487,
UMSO-481 旦那からの着信は不倫セックス中！！不倫相手に促され電話に出た人妻は、必死に喘ぎ声を押し殺してはいたが、行為がエスカレートし興奮度はMAXに！絶対にバレてる！？総集編15人VOL.03,UMSO-481 旦那からの着信は不倫セックス中！！不倫相手に促され電話に出た人妻は、必死に喘ぎ声を押し殺してはいたが、行為がエスカレートし興奮度はMAXに！絶対にバレてる！？総集編15人VOL.03,UMSO-481,,2022-12-24,242分鐘,,ケイ・エム・プロデュース,UMANAMI,旦那からの着信は不倫セックス中！！,成熟的女人、合集、已婚婦女、通姦、4小時以上作品、高畫質、DMM獨家,羽生アリサ、二宮和香、かなで自由、KAORI、一条綺美香、川上ゆう（森野雫）、佐々木あき、桐島美奈子、寺島志保、山口佑美子、風間ゆみ、七緒ゆづき、星野ひびき、前沢さゆり、北山早妃,https://www.javbus.com/UMSO-481,
AUKG-556 昼顔レズデリヘル2 ～逢って30秒で即クンニ～,AUKG-556 昼顔レズデリヘル2 ～逢って30秒で即クンニ～,AUKG-556,,2022-12-17,119分鐘,,U＆K,U＆K,レズデリヘル,女同性戀、妓女、乳房、舔陰、高畫質、故事集、DMM獨家,橘メアリー、乃木はるか、渡森ちひろ、堂本未來、佐伯由美香、二宮和香,https://www.javbus.com/AUKG-556,
CAFUKU-006 【VR福袋】厳選ドスケベ痴女15作品1000分超え！発情痴女が貴方のチ○ポを離さない！オールHQノーカットの2022年VR総決算【CASANOVA】,CAFUKU-006 【VR福袋】厳選ドスケベ痴女15作品1000分超え！発情痴女が貴方のチ○ポを離さない！オールHQノーカットの2022年VR総決算【CASANOVA】,CAFUKU-006,,2022-12-16,1054分鐘,,CASANOVA,,BEST福袋（CASANOVA）,蕩婦、淫語、M男、16時間以上作品、VR専用、オナサポ、ハイクオリティVR、罵倒、福袋、DMM獨家,渚みつき、浜崎真緒、紺野ひかる、南梨央奈、美波こづえ、きみと歩実、松本流佳、成澤ひなみ、百瀬りこ、及川うみ、泉あや、紫月ゆかり、沙月恵奈、二宮和香、水卜麻衣奈、塚田詩織、弘崎ゆみな、宮村ななこ、玉木くるみ、来栖みく、結城りの、永井みひな、永野つかさ、辻芽愛里、如月夏希、若宮はずき、花宮レイ、北乃ゆな、百瀬あすか、寺田ここの,https://www.javbus.com/CAFUKU-006,
NAGAE-005 【福袋】2022 ながえSTYLEお歳暮官能セット 26時間,NAGAE-005 【福袋】2022 ながえSTYLEお歳暮官能セット 26時間,NAGAE-005,,2022-12-16,1582分鐘,佐野B作,ながえスタイル,ながえSTYLE,,高畫質、16時間以上作品、設置項目、福袋、DMM獨家,佐野あおい、松うらら、柊さき、とみの伊織、桜木優希音、桐谷まほ、成宮いろは、花咲いあん、塚田詩織、瀬戸すみれ、羽生アリサ、沖田里緒、横山夏希、通野未帆、若槻みづな、きみと歩実、前田可奈子、高梨りの、桃瀬ゆり、二宮和香、真木今日子、笹倉杏,https://www.javbus.com/NAGAE-005,
RVG-182 性に目覚めたばかりの息子の滾る性欲を受け止める母マ○コ ママのリアル性教育 BEST VOL.8,RVG-182 性に目覚めたばかりの息子の滾る性欲を受け止める母マ○コ ママのリアル性教育 BEST VOL.8,RVG-182,,2022-12-03,240分鐘,,グローリークエスト,GLORY QUEST,ママのリアル性教育,母親、合集、亂倫、中出、DMM獨家,加藤あやの、森沢かな（飯岡かなこ）、岩沢香代、君島みお、二宮和香,https://www.javbus.com/RVG-182,
KSBJ-225 三十路をすぎて益々性欲が高まった熟女たちが中出しセックスの快感に喜び喘ぐ！20人,KSBJ-225 三十路をすぎて益々性欲が高まった熟女たちが中出しセックスの快感に喜び喘ぐ！20人,KSBJ-225,,2022-12-03,242分鐘,,KSB企画/エマニエル,KSB企画/エマニエル,,成熟的女人、合集、乳房、中出、4小時以上作品、高畫質、エマニエル、DMM獨家,永田莉雨、加藤ツバキ（夏樹カオル）、君島みお、広瀬りおな、春原未来、佐伯由美香、佐々木咲和、波多野結衣、黒川すみれ、初音みのり、森沢かな（飯岡かなこ）、凛音とうか、鈴木さとみ、平井栞奈、舞原聖、妃ひかり、二宮和香、青木玲、水谷心音（藤崎りお）、大槻ひびき,https://www.javbus.com/KSBJ-225,
MDBK-270 【奇跡】デリヘル呼んだら地元の巨乳な友達で非常においしい思いをした件！！ コンプリートBEST,MDBK-270 【奇跡】デリヘル呼んだら地元の巨乳な友達で非常においしい思いをした件！！ コンプリートBEST,MDBK-270,,2022-11-19,241分鐘,K太郎,BAZOOKA,BAZOOKA（バズーカ）,デリヘル呼んだら地元の巨乳な友達で…,乳交、合集、中出、4小時以上作品、高畫質、巨乳、DMM獨家,乃木蛍、吉根ゆりあ、宝田もなみ、有岡みう、霧島さくら、すみれ美香、星空もあ、三原ほのか、佐倉ねね、笹倉杏、黒宮えいみ、玉木くるみ、三島奈津子、青澤えみり、二宮和香、羽生アリサ、倉多まお、愛花みちる、若宮穂乃、稲場るか、篠田ゆう、ましろ杏、大槻ひびき、推川ゆうり、折原ほのか、早川瀬里奈,https://www.javbus.com/MDBK-270,
CADV-864 旦那のチ○ポでは満足できない淫らな人妻Selection8時間,CADV-864 旦那のチ○ポでは満足できない淫らな人妻Selection8時間,CADV-864,,2022-11-19,479分鐘,,クリスタル映像,CRYSTAL EX,,蕩婦、已婚婦女、中出、4小時以上作品、高畫質、出軌、DMM獨家,逢沢まりあ、藍川美夏、君島みお、小早川怜子、一条綺美香、並木塔子、美園和花、大浦真奈美、篠崎かんな、星奈あい、赤瀬尚子、羽月希、菊川麻里、佐々木あき、吹石れな、由來ちとせ、椿原みゆ、富田優衣、二宮和香、優月まりな,https://www.javbus.com/CADV-864,
GOGO-008 出張ソープ中出しぬるぬる6本番！！,GOGO-008 出張ソープ中出しぬるぬる6本番！！,GOGO-008,,2022-11-12,239分鐘,,MERCURY（マーキュリー）,GOLD（マーキュリー）,,合集、乳液、高畫質、巨乳、ヘルス・ソープ,宝田もなみ、宮村ななこ、桐山結羽、二宮和香、浜崎なお、永瀬愛菜,https://www.javbus.com/GOGO-008,
CEAD-440 浜崎真緒 レズ限定 2枚組ハイパーベスト6時間46分,CEAD-440 浜崎真緒 レズ限定 2枚組ハイパーベスト6時間46分,CEAD-440,,2022-11-05,406分鐘,,セレブの友,セレブの友,ハイパーベスト,成熟的女人、女同性戀、女同接吻、女優ベスト・総集編、DMM獨家,浜崎真緒、竹内梨恵、二宮和香、紺野ひかる、橋下まこ、円城ひとみ、丘咲エミリ,https://www.javbus.com/CEAD-440,
CEMD-256 剛毛マン毛熟女だけたくさん集めましたBOX！8枚組 21時間42分,CEMD-256 剛毛マン毛熟女だけたくさん集めましたBOX！8枚組 21時間42分,CEMD-256,,2022-11-05,1302分鐘,,セレブの友,セレブの友,,成熟的女人、合集、亂倫、巨尻、DMM獨家,浜崎真緒、春菜はな、高杉麻里、花音うらら、あおいれな、阿部栞菜、水野淑恵、波多野結衣、紺野ひかる、二宮和香、乙咲あいみ、原田千晶、大塚れいな、石原理央、川崎紀里恵、三船かれん、片岡なぎさ、橋下まこ、池上桜子、柚月ひまわり、音羽文子、島津かおる、並木塔子、篠崎かんな、香椎りあ、有坂深雪、天野仁美,https://www.javbus.com/CEMD-256,
AGMX-135 奴●女の全身舐めまくりご奉仕2,AGMX-135 奴●女の全身舐めまくりご奉仕2,AGMX-135,,2022-09-24,122分鐘,薄刃紫翠,SEX Agent/妄想族,SEX Agent,奴●女の全身舐めまくりご奉仕,口交、深喉、高畫質、M女、妄想族、4K、DMM獨家,浜崎真緒、笠木いちか、二宮和香,https://www.javbus.com/AGMX-135,
BGG-006 金粉銀粉銅粉BEST 12人【逸材集結！】,BGG-006 金粉銀粉銅粉BEST 12人【逸材集結！】,BGG-006,,2022-08-20,160分鐘,あばしり一姦,バミューダ/妄想族,ゴールドバグ（バミューダ/妄想族）,,野外・露出、其他戀物癖、中出、妄想族、DMM獨家、自慰,Maika（MEW）、涼花くるみ、神納花、森沢かな（飯岡かなこ）、大河まりあ、辻井ほのか、春明潤、水沢つぐみ、二宮和香、吹石れな、山口香澄、西田カリナ、花井しずく,https://www.javbus.com/BGG-006,
ARAN-050 気がオカシクなるヤバいSEX 電動ドリルと巨根を飲み込んでイキっぱなしになる女 INFERNO BABE ULTRA FILM,ARAN-050 気がオカシクなるヤバいSEX 電動ドリルと巨根を飲み込んでイキっぱなしになる女 INFERNO BABE ULTRA FILM,ARAN-050,,2022-07-23,240分鐘,,BabyEntertainment,素人娘狂騒局,,粗暴、凌辱、4小時以上作品、子宮頸、高畫質、折磨、アクメ・オーガズム,波多野結衣、倉多まお、松本メイ、桜井あゆ、上原花恋、本真ゆり、西条沙羅、長瀬涼子、有賀ゆあ、二宮和香、柊さき、碧しの（篠めぐみ）、斉藤みゆ、塚田詩織、長谷川夏樹、希咲エマ（HARUKI、加藤はる希）、風間ゆみ、すずきりか、阿部乃みく、倉田良子、後藤リサ、天野小雪、音羽栞那、浅井千尋、吉田花、佳苗るか、一ノ瀬ルカ、三井麗子,https://www.javbus.com/ARAN-050,
CAFUKU-005 【VRお中元】合計13.5時間超え人気15作品HQ画質ノーカット収録！熱気＆湿度100％！CASANOVA真夏の精力増強ギフト,CAFUKU-005 【VRお中元】合計13.5時間超え人気15作品HQ画質ノーカット収録！熱気＆湿度100％！CASANOVA真夏の精力増強ギフト,CAFUKU-005,,2022-07-15,813分鐘,,CASANOVA,,BEST福袋（CASANOVA）,蕩婦、女醫生、已婚婦女、姐妹、4小時以上作品、VR専用、ハイクオリティVR、福袋、DMM獨家、女生,大槻ひびき、弥生みづき、南梨央奈、倉本すみれ、横宮七海、早見依桜、姫咲はな、二宮和香、のあういか、冨安れおな、高橋りほ、小西ひかる、初愛ねんね、桜華みゆ、宇流木さら,https://www.javbus.com/CAFUKU-005,
NASH-709 本当にあったエッチなお話33,NASH-709 本当にあったエッチなお話33,NASH-709,,2022-06-25,243分鐘,,なでしこ,Nadeshiko,本当にあったエッチなお話,成熟的女人、合集、已婚婦女、4小時以上作品、高畫質、故事集、DMM獨家,鷹宮ゆい、二宮和香、飛鳥りん、七瀬ひな、吉澤ひかり、藤森里穂,https://www.javbus.com/NASH-709,
NACX-103 騎乗位で腰を振り続ける熟女60人VOL.03,NACX-103 騎乗位で腰を振り続ける熟女60人VOL.03,NACX-103,,2022-06-20,242分鐘,,プラネットプラス,七狗留,騎乗位で腰を振り続ける熟女60人,成熟的女人、合集、女上位、4小時以上作品、高畫質、巨乳,遥あやね、青木玲、藤森里穂、小野さち子、武藤あやか、宝生リリー、凛音とうか、和田百美花、美原すみれ、夕季ちとせ、塚田詩織、本真ゆり、艶堂しほり（遠藤しおり）、新村あかり、加藤ツバキ、松坂美紀、二宮和香、飛鳥りん、若月みいな、成咲優美、ジューン・ラブジョイ、中野七緒、舞原聖、春原未来、牧村彩香、椿あき、通野未帆、白鳥寿美礼、加藤あやの、本庄瞳、風間ゆみ、小早川怜子、望月りさ、北川真由香、夏川栞歩、葵百合香、本郷まや、篠原ちとせ、大槻ひびき、若宮はずき、日南まつり、瀬名ひかり、春菜はな、翔田千里、森ほたる、田中ねね、並木塔子、鈴木真夕、川上ゆう（森野雫）、八乃つばさ、植木翔子、平岡里枝子、近藤郁（近藤郁美）、新井エリー（晶エリー、大沢佑香）、森下美緒、八神さおり、吉澤ひかり、七瀬ひな、鷹宮ゆい、君島みお,https://www.javbus.com/NACX-103,
DNJR-071 全裸聖水飲ませ～色んなシチュエーション女子のお小水編～,DNJR-071 全裸聖水飲ませ～色んなシチュエーション女子のお小水編～,DNJR-071,,2022-04-09,132分鐘,,犬/妄想族,犬/妄想族,全裸聖水飲ませ,蕩婦、飲尿、高畫質、M男、巨乳、妄想族、DMM獨家、貧乳・微乳,花沢ひまり、百瀬あすか、望月あやか、加藤つばき、中島あつこ、美波こづえ、来栖ゆうな、美波沙耶、富井美帆、丹羽すみれ、水谷あおい、宮村ななこ、川菜美鈴、百瀬あいり、八乃つばさ、白沢比呂、佐野なつ、二宮和香、白石かんな、辻芽愛里、夏目みらい、響美音、川原りま、松島れみ、木ノ宮かれん、皆川るい、花井しずく、神木まほろ、芦名はるき、大川月乃、るるちゃ。、浜崎真緒,https://www.javbus.com/DNJR-071,
DKSB-147 ムッチリプリプリのデカ尻！美尻SEX！！ベストコレクション イヤらし～お尻8名 5時間,DKSB-147 ムッチリプリプリのデカ尻！美尻SEX！！ベストコレクション イヤらし～お尻8名 5時間,DKSB-147,,2022-04-01,301分鐘,,OFFICE K’S,K’S BEST,,屁股、姐姐、美少女、4小時以上作品、高畫質、巨尻,小泉まり、江上しほ、水城りの、早野いちか、かなで自由、一色さゆり、咲坂花恋、二宮和香,https://www.javbus.com/DKSB-147,
NEO-429 尻射 精子と愛液で濡れる12人のケツ穴,NEO-429 尻射 精子と愛液で濡れる12人のケツ穴,NEO-429,,2022-03-10,240分鐘,,RADIX,NEO,,顏射,二宮和香、飛鳥りん、高杉麻里、倉木しおり、亜矢みつき、丘えりな、堀北わん、成海美雨、葉月美音、あおいれな,https://www.javbus.com/NEO-429,
GONE-047 オイルに塗れたムチムチボディで「おっぱい」を揺らしながら感じまくるオンナたち！！ 姫咲はな 田中ねね 羽生ありさ 山本蓮加 二宮和香,GONE-047 オイルに塗れたムチムチボディで「おっぱい」を揺らしながら感じまくるオンナたち！！ 姫咲はな 田中ねね 羽生ありさ 山本蓮加 二宮和香,GONE-047,,2022-02-27,245分鐘,,マーキュリー,GOLD,,合集、中出、4小時以上作品、ローション・オイル、フルハイビジョン(FHD)、エステ・マッサージ,大沢佑香、二宮和香、山本蓮加、羽生ありさ、田中ねね、姫咲はな,https://www.javbus.com/GONE-047,
AGMX-110 太ももコキからの太ももぶっかけ,AGMX-110 太ももコキからの太ももぶっかけ,AGMX-110,,2022-02-19,132分鐘,結城モゲラ,SEX Agent/妄想族,SEX Agent,,淫語、戀腿癖、乳液、足交、高畫質、妄想族、4K、DMM獨家、顏射,二宮和香、横宮七海、天音恋愛、都久井りお、あさみ潤、広仲みなみ、朝日りん、柳井ひな,https://www.javbus.com/AGMX-110,
MIST-364 お口の中におちんちん。500分ずっとフェラ。111人が咥えまくり。,MIST-364 お口の中におちんちん。500分ずっとフェラ。111人が咥えまくり。,MIST-364,,2022-02-10,501分鐘,,Mr.michiru,Mr.michiru,,角色扮演、4小時以上作品、高畫質、顏射、巨乳、打手槍,神宮寺ナオ、永瀬ゆい、葵百合香、二宮和香、三島奈津子、卯水咲流、羽生アリサ、桜木優希音、真田みづ稀、優梨まいな,https://www.javbus.com/MIST-364_2022-02-10,
DNJR-067 集団OL美脚責め 働く女の匂い立つ蒸れ足で責められ続けた僕。,DNJR-067 集団OL美脚責め 働く女の匂い立つ蒸れ足で責められ続けた僕。,DNJR-067,,2022-02-05,133分鐘,マボロシ子,犬/妄想族,犬/妄想族,,蕩婦、淫語、戀腿癖、足交、高畫質、M男、妄想族、DMM獨家,松本いちか、百瀬あすか、るるちゃ。、望月あやか、紺野ひかる、北乃ゆな、美波こづえ、水谷あおい、川菜美鈴、美波沙耶、二宮和香,https://www.javbus.com/DNJR-067,
BF-654 気持ち良過ぎてもうすぐ出ちゃう…！ 射精直前から始まる口内射精フェラチオ100連発！8時間,BF-654 気持ち良過ぎてもうすぐ出ちゃう…！ 射精直前から始まる口内射精フェラチオ100連発！8時間,BF-654,,2022-01-28,480分鐘,,BeFree,BeFree,,口交、合集、美少女、DMM獨家,波多野結衣、春菜はな、めぐり（藤浦めぐ）、本真ゆり、朝比奈ななせ、田中ねね、白桃はな、市来まひろ、奏音かのん、中村ここね、若宮穂乃、望月あられ、森本つぐみ、堀内未果子、白石かんな、花沢ひまり、原花音、松本いちか、篠崎かんな、岬あずさ、相沢夏帆、眞実かなえ、吉川あいみ、桐嶋りの、稲場るか、相澤ゆりな、成宮いろは、美谷朱里、広瀬うみ、澁谷果歩、桃瀬ゆり、今井夏帆、飛鳥りん、八乃つばさ、美保結衣、新村あかり、成宮はるあ、はるかみらい、松本菜奈実、松下紗栄子、藤森里穂、黒川すみれ、深田えいみ、向井藍、蓮実クレア、瀬名ひかり、尾上若葉、篠田ゆう、AIKA、富田優衣、小出亜衣子、二宮和香、永野いち夏、栄川乃亜、姫川ゆうな、美園和花、水野朝陽、神納花、豊田愛菜、星井笑、立花瑠莉、三島奈津子、二宮ひかり、佐々木あき、朝倉桃菜、石原希望、久留木玲、花音うらら、佐知子、七嶋十愛、夕季ちとせ、百瀬あすか、蓮見天、桐山結羽、中城葵、三船かれん、香椎りあ、星奈あい、雛菊つばさ、凛音とうか、君島みお、根尾あかり、初乃ふみか、夏目彩春、穂高結花、若菜奈央、三原ほのか、江藤ゆい、川上奈々美、桜井彩、逢沢りいな、永井マリア、河南実里、あいだ飛鳥、宝田もなみ、鈴木真夕、梨杏なつ、小西悠、日比乃さとみ、白石りん,https://www.javbus.com/BF-654,
DOKS-550 口の中の感触をじっくりと味わう、優しいスロ～フェラチオ,DOKS-550 口の中の感触をじっくりと味わう、優しいスロ～フェラチオ,DOKS-550,,2021-12-01,142分鐘,松本サナギ,OFFICE K’S,OFFICE K’S,,蕩婦、口交、淫語、高畫質、4K、內衣、打手槍,美波沙耶、響美音、紺野ひかる、来栖ゆうな、美波こづえ、神木まほろ、柏木あみ、二宮和香,https://www.javbus.com/DOKS-550,
STCESD-086 【お得セット】150cm以下限定！ノンストップ4Pレズビアン・巨乳で淫乱限定！ほろ酔いおっぱい大乱交・淫乱女優限定！大酒呑み泥●大乱交,STCESD-086 【お得セット】150cm以下限定！ノンストップ4Pレズビアン・巨乳で淫乱限定！ほろ酔いおっぱい大乱交・淫乱女優限定！大酒呑み泥●大乱交,STCESD-086,,2021-10-04,389分鐘,,セレブの友,セレブの友（お得セット）,,成熟的女人、女同性戀、濫交、花癡、4小時以上作品、高畫質、設置項目、巨乳、DMM獨家,北乃みれい、佳苗るか、優月まりな、きみと歩実、二宮和香、紺野ひかる、橋下まこ、尾上若葉、泉なつみ、新垣智江、前田のの（菊池ひなの）、浜崎真緒,https://www.javbus.com/STCESD-086,
KSBJ-160 美しい胸とクビレが堪らない！Sライン女優12人,KSBJ-160 美しい胸とクビレが堪らない！Sライン女優12人,KSBJ-160,,2021-10-02,240分鐘,,KSB企画/エマニエル,KSB企画/エマニエル,,苗條、合集、乳房、4小時以上作品、高畫質、巨乳、エマニエル、DMM獨家,二宮和香、沙原さゆ、上原千佳、神ユキ、北条麻妃、中条カノン、AIKA、滝本エレナ、君島みお、葵紫穂、瀬名ひかり、堀内秋美,https://www.javbus.com/KSBJ-160,
CEAD-368 秘蔵！蔵出し、剛毛スペシャル！8時間 ～あの美しき淑女たちの剛毛ふさふさマン毛のオンパレード,CEAD-368 秘蔵！蔵出し、剛毛スペシャル！8時間 ～あの美しき淑女たちの剛毛ふさふさマン毛のオンパレード,CEAD-368,,2021-09-25,480分鐘,,セレブの友,セレブの友,,成熟的女人、其他戀物癖、合集、巨尻、巨乳、DMM獨家,浜崎真緒、春菜はな、高杉麻里、花音うらら、石原理央、原田千晶、天野仁美、有坂深雪、阿部栞菜、乙咲あいみ、片岡なぎさ、紺野ひかる、橋下まこ、大塚れいな、二宮和香、池上桜子、島津かおる、音羽文子、並木塔子、柚月ひまわり、篠崎かんな、川崎紀里恵、香椎りあ、波多野結衣,https://www.javbus.com/CEAD-368,
CADV-826 強●・輪●・凌●・NTR… レ●プ20人8時間スペシャル,CADV-826 強●・輪●・凌●・NTR… レ●プ20人8時間スペシャル,CADV-826,,2021-09-25,480分鐘,,クリスタル映像,CRYSTAL EX,,紧缚、潮吹、中出、高畫質、DMM獨家、顏射,美神あや、鈴木さとみ、篠崎かんな、二宮和香、桜ちなみ,https://www.javbus.com/CADV-826,
KSBJ-154 騎乗位でおっぱいを揺らし続ける巨乳美女60人,KSBJ-154 騎乗位でおっぱいを揺らし続ける巨乳美女60人,KSBJ-154,,2021-09-04,244分鐘,,KSB企画/エマニエル,KSB企画/エマニエル,,合集、戀乳癖、女上位、高畫質、巨乳、エマニエル、DMM獨家,若槻みづな、塚田詩織、真木今日子、KAORI、優月まりな、とみの伊織、一条綺美香、高槻れい、小早川怜子、西村ニーナ、吉川あいみ、宮本紗央里、緒川藍子、加藤ツバキ（夏樹カオル）、上島美都子、並木塔子、ましろ杏、時田こずえ、響りん、牧村彩香、桃井杏南、阿部栞菜、西川りおん、大槻ひびき、宮沢優里、上原千佳、本庄瞳、本庄優花、霧島さくら、白鳥寿美礼、岸谷すみれ、青木玲、加藤あやの、推川ゆうり、篠田ゆう、枢木みかん、村上涼子（中村りかこ、黒木菜穂）、城月あやね、辛島音瑠、黒木あおい、若菜奈央、小川桃果、雪染ちな、中村知恵、椎葉みくる、真白ここ、春菜はな、吉澤ひかり、深田結梨、柏木舞子、斉藤みゆ、折原ほのか、桜乃ゆいな、かなで自由、三島奈津子、二宮和香、水澄ひかり、西山あさひ、由來ちとせ,https://www.javbus.com/KSBJ-154,
VKTD-002 V＆R ボリューム満点のデカ乳BEST ノーカット完全収録2143分 PREMIUM BEST,VKTD-002 V＆R ボリューム満点のデカ乳BEST ノーカット完全収録2143分 PREMIUM BEST,VKTD-002,,2021-07-22,2144分鐘,,V＆R PRODUCE,V＆R PRODUCE,,其他戀物癖、合集、女上位、婆婆、高畫質、M男、16時間以上作品、DMM獨家,宝田もなみ、鈴木さとみ、篠田ゆう、霧島さくら、羽生アリサ、天野美優、若月みいな、八乃つばさ、春菜はな、由來ちとせ、夏希みなみ、浜崎真緒、倉多まお、桜ちなみ、西条沙羅、水野朝陽、二宮和香、塚田詩織、二階堂ゆり、三原ほのか、翔田千里、水城奈緒、北川エリカ、葵百合香、三島奈津子、ましろ杏、森本つぐみ、佐知子、青葉優香、篠崎かんな、愛咲えな、笹倉杏、波多野結衣、澁谷果歩、風間ゆみ,https://www.javbus.com/VKTD-002,
KIR-040 団地妻 欲求不満な美肉体180分,KIR-040 団地妻 欲求不満な美肉体180分,KIR-040,,2021-07-20,180分鐘,,STAR PARADISE,KIRei（スターパラダイス）,,口交、已婚婦女、中出、高畫質、巨乳、迷你裙,葵百合香、二宮和香、優木なお,https://www.javbus.com/KIR-040,
AUKG-516 糸引き生唾レズ,AUKG-516 糸引き生唾レズ,AUKG-516,,2021-07-10,122分鐘,,U＆K,U＆K,,成熟的女人、女同性戀、花癡、姐姐、故事集、DMM獨家,乃木はるか、二宮和香、近藤郁（近藤郁美）、白鳥寿美礼、有村のぞみ、相川葉菜,https://www.javbus.com/AUKG-516,
DKSB-126 貴方と一緒にイキまくる誘惑淫語オナニー 5時間,DKSB-126 貴方と一緒にイキまくる誘惑淫語オナニー 5時間,DKSB-126,,2021-07-01,300分鐘,,OFFICE K’S,K’S BEST,,淫語、姐姐、4小時以上作品、高畫質、自慰、局部特寫,星川麻紀、鶴田かな、真木今日子、水野朝陽、篠田あゆみ、みづなれい（みずなれい）、横山夏希、夏希のあ、羽月希、なごみ、乙葉ななせ、神納花、北川エリカ、大原すず、二宮和香、神波多一花、内山まい、佳苗るか、藤本紫媛、阿部乃みく,https://www.javbus.com/DKSB-126,
NGVR-031 【VR】ながえSTYLE VR ファン感謝祭一周年記念ベスト第3弾 強要・不倫・近親相姦・服従編,NGVR-031 【VR】ながえSTYLE VR ファン感謝祭一周年記念ベスト第3弾 強要・不倫・近親相姦・服従編,NGVR-031,,2021-06-30,417分鐘,ピグモンいとう,ながえスタイル,ながえSTYLE VR,ながえSTYLEVRファン感謝祭一周年記念ベスト,成熟的女人、已婚婦女、花癡、通姦、4小時以上作品、出軌、VR専用、ハイクオリティVR、DMM獨家,竹内麻耶、優梨まいな、早川瑞希、音羽文子、二宮和香、加藤ツバキ、浜崎真緒,https://www.javbus.com/NGVR-031,
NACX-081 スレンダー熟女中出し18人BEST,NACX-081 スレンダー熟女中出し18人BEST,NACX-081,,2021-06-01,244分鐘,,プラネットプラス,七狗留,,成熟的女人、苗條、合集、中出、4小時以上作品、高畫質,葵紫穂、井上綾子、佐々木あき、冴君麻衣子、七海ひさ代、上原千佳、森下美緒、神納花、神波多一花、青木玲、滝本エレナ、二宮和香、武藤あやか、峰岸カレン、北条麻妃、堀内秋美、本庄瞳、麻生千春,https://www.javbus.com/NACX-081,
RBB-210 変態女！ドM！快楽堕ち！SEX狂い！とにかくSEX大好き女だけを集めた8時間ベスト,RBB-210 変態女！ドM！快楽堕ち！SEX狂い！とにかくSEX大好き女だけを集めた8時間ベスト,RBB-210,,2021-05-14,480分鐘,,ROOKIE,ROOKIE,ROOKIEベスト,口交、合集、淫語、花癡、中出、DMM獨家,眞実かなえ、加藤みゆ紀、富田優衣、若宮穂乃、雨宮凛、はるかみらい、星奈あい、杏璃さや、宮地亜衣、楪さき、水咲結乃、姫乃はる、長瀬望美、川崎舞莉、二宮和香、桜木エリナ、通野未帆、宮村ななこ、西宮美月、美咲りおな、美咲あや、並木杏梨、藍川美夏、黒木いくみ、桃瀬ゆり、朝長ゆき、咲野ひより、妃月るい、山井すず、優梨まいな、三島奈津子、堀越なぎさ、綾瀬みな、琴水せいら、雫、渚ひかり、桃乃木かな、夏川あかり、篠崎かんな、美園和花、大森しずか、上野朱里、鈴木心春、綾瀬さくら、姫野あやめ、有村えりか、栄川乃亜、彩春凛、桐嶋りの、みさきみさ、園美和子、佐倉ねね、夏希ゆめ、如月ましろ、堀北つむぎ、神谷千佳、浅井梨杏、倉持はるか,https://www.javbus.com/RBB-210,
GUN-753 ズームイン！！アナル！ 超接写とオール尻発射,GUN-753 ズームイン！！アナル！ 超接写とオール尻発射,GUN-753,,2021-05-07,122分鐘,桜庭九心男,レイディックス,抜群,,放尿、其他戀物癖、高畫質、自慰、肛交、局部特寫,丘えりな、亜矢みつき、成海美雨、二宮和香、真宮あや,https://www.javbus.com/GUN-753,
NGVR-029 【VR】ながえSTYLE VR ファン感謝祭一周年記念ベスト第1弾 誘惑妻編,NGVR-029 【VR】ながえSTYLE VR ファン感謝祭一周年記念ベスト第1弾 誘惑妻編,NGVR-029,,2021-04-30,307分鐘,佐野B作,ながえスタイル,ながえSTYLE VR,,成熟的女人、已婚婦女、花癡、通姦、4小時以上作品、VR専用、ハイクオリティVR、DMM獨家,南真悠、三島奈津子、二宮和香、篠崎かんな、通野未帆、沙原さゆ,https://www.javbus.com/NGVR-029,
CADV-806 CRYSTAL THE BEST 8時間 2020 上半期,CADV-806 CRYSTAL THE BEST 8時間 2020 上半期,CADV-806,,2021-04-10,480分鐘,,クリスタル映像,CRYSTAL EX,CRYSTAL THE BEST,潮吹、美少女、高畫質、童年朋友、DMM獨家、女傭,笠木いちか、柊るい、鈴木さとみ、稲場るか、一ノ瀬ラム、霧島さくら、逢見リカ、涼花くるみ、青山悠、菅野真穂、宮沢ちはる、枢木あおい、佐知子、松本いちか、高美はるか、想真花、香坂みりな、小倉ゆず、高坂あいり、美咲かんな、華月さくら、倉多まお、白井ユリ、波多野結衣、夏希のあ、綾波まこ、優木いおり、麻里梨夏、一条綺美香、妃月るい、渚みつき、小鳥遊ももえ、真田みづ稀、君島みお、泡沫ゆうき、二宮和香、吉永あかね、日泉舞香、松本菜奈美、たかの愛、城山若菜、小梅えな、豊中アリス、大原ゆりあ、藍川美夏、葉月美音、永瀬ゆい、神楽アイネ、泉りおん、三船かれん、亜矢みつき、佐藤りこ、古賀みなみ、松ゆきの、持田栞里、広瀬結香、西野エリカ、北条麻紀、深田えいみ、羽生アリサ、村西まりな、愛田るか、滝沢ななお、七槻りな、神咲まい、美園和花、大浦真奈美、本真ゆり、如月夏希、森ほたる、白雪ひなの,https://www.javbus.com/CADV-806,
UMSO-387 テレビの修理に行ったら、奥さんが全裸で出てきた！！目のやり場に困りながら修理をしている僕のビンビンになったチ○ポをなんと奥さんは…！？VOL.04,UMSO-387 テレビの修理に行ったら、奥さんが全裸で出てきた！！目のやり場に困りながら修理をしている僕のビンビンになったチ○ポをなんと奥さんは…！？VOL.04,UMSO-387,,2021-04-03,244分鐘,,ケイ・エム・プロデュース,UMANAMI,テレビの修理に行ったら,蕩婦、苗條、合集、已婚婦女、DMM獨家,二宮和香、愛乃零、皆瀬杏樹、卯水咲流、野々宮みさと、美竹すず,https://www.javbus.com/UMSO-387,
DKSB-114 バレたらヤバい状況にしか興奮出来ない！バレヤバシチュで行われる欲求まみれの性行為 厳選ベスト5時間,DKSB-114 バレたらヤバい状況にしか興奮出来ない！バレヤバシチュで行われる欲求まみれの性行為 厳選ベスト5時間,DKSB-114,,2021-04-01,298分鐘,,OFFICE K’S,K’S BEST,,口交、美少女、中出、女上位、4小時以上作品、高畫質,水川愛莉、涼海みさ、星奈あい、成海さやか、柊木のあ、桐山結羽、あおいれな、黒木いくみ、由來ちとせ、澁谷果歩、蓮実クレア、二宮和香,https://www.javbus.com/DKSB-114,
NACX-072 くねらす絶品ボディ中出し14人VOL.03,NACX-072 くねらす絶品ボディ中出し14人VOL.03,NACX-072,,2021-02-01,243分鐘,,プラネットプラス,七狗留,くねらす絶品ボディ中出し,苗條、合集、中出、4小時以上作品、高畫質、巨乳,AIKA、高嶋ゆいか、篠田ゆう、石川祐奈、雪乃凛央、川菜美鈴、大槻ひびき、通野未帆、二宮和香、波多野結衣、白咲花、飛鳥りん、美竹すず、蓮実クレア,https://www.javbus.com/NACX-072,
RVG-126 ノーブラで僕を誘惑する隣に引っ越してきたエッチな巨乳奥さんBEST vol.3,RVG-126 ノーブラで僕を誘惑する隣に引っ越してきたエッチな巨乳奥さんBEST vol.3,RVG-126,,2021-01-20,481分鐘,,グローリークエスト,GLORY QUEST,ノーブラで僕を誘惑する隣に引っ越してきたエッチな巨乳奥さん,蕩婦、合集、已婚婦女、4小時以上作品、高畫質、ノーパン,今井ゆあ、佐倉ねね、成宮はるあ、歩川みく、小早川怜子、二宮和香、風間リナ,https://www.javbus.com/RVG-126,
CADV-798 クリスタル映像35周年記念 人妻コレクション100人8時間永久保存版,CADV-798 クリスタル映像35周年記念 人妻コレクション100人8時間永久保存版,CADV-798,,2021-01-07,479分鐘,,クリスタル映像,CRYSTAL EX,クリスタル映像35周年記念,成熟的女人、合集、亂倫、無毛、已婚婦女、多P、通姦、中出、4小時以上作品、高畫質、巨乳,波多野結衣、本真ゆり、佐々木あき、由來ちとせ、一条綺美香、水野朝陽、三喜本のぞみ、橘メアリー、秋野千尋、清水はるか、西条沙羅、森下麻子、西條るり、繭村めい、日向あいり、金沢美保、西野エリカ、桐島美奈子、篠田あゆみ、北川エリカ、霧生ゆきな、篠田ゆう、四ノ宮里莉、水野ふうか、叶紀美子、新城あゆみ、新垣沙織、美咲涼、坂下えみり、白咲未羽（白咲美羽）、東田結、真鍋あや、椎名綾、神山なな、羽生アリサ、相澤ゆりな、三島奈津子、葉月奈穂（葉月菜穂）、浅見せり、松坂美紀、水元恵梨香、水城奈緒、小西悠、蓮実クレア、千乃あずみ、乃南静香、西山あさひ、二宮和香、深澤あや、澁谷果歩、笹宮えれな、浜崎真緒、柚木和奏、桐原莉那、藤井あいり、笹倉杏、川村まや、小早川怜子、堀越なぎさ、一松愛梨、櫻井菜々子、若槻みづな、推川ゆうり、優月まりな、森崎りか、郡司結子、西川りおん、神谷秋妃、深美せりな、白河里奈、神納花、華原美奈子、春菜はな、羽月希、新垣智江、前園希美、加藤あやの、中園貴代美、吉田花、並木塔子、青木亜樹、成澤ひなみ、杏野唯香、藤にいな、高瀬杏、吹石れな、片瀬さつき、倉多まお、百合川さら、倉本雪音、中山香苗、竹内梨恵、篠宮千明、八木あずさ、森ほたる、音羽文子、橋本れいか、さくらみゆき、水谷杏、水橋ゆり、美里詩織,https://www.javbus.com/CADV-798,
ZOOO-015 絶品ボディ20人 2 美しい美巨乳と顔だけでもヌケる極上の美女と戯れる240分,ZOOO-015 絶品ボディ20人 2 美しい美巨乳と顔だけでもヌケる極上の美女と戯れる240分,ZOOO-015,,2020-12-24,241分鐘,,ZOOO,ZOOO,,苗條、合集、乳房、4小時以上作品、高畫質、巨乳,AIKA、君島みお、高嶋ゆいか、黒川サリナ、白石りん、飛鳥りん、白咲花、蓮実クレア、波多野結衣、美竹すず、星空もあ、松永さな、篠田ゆう、三船かれん、真田みづ稀、池上まひろ、大浦真奈美、倉多まお、清城ゆき、二宮和香,https://www.javbus.com/ZOOO-015,
DKSB-093 もし目の前に女性が二人いたら…舌、口は2つ、大好きなお尻も2つ、おっぱいは4つ？！その全てが全力で僕を快楽天国へ導くW痴女快楽天国へようこそ,DKSB-093 もし目の前に女性が二人いたら…舌、口は2つ、大好きなお尻も2つ、おっぱいは4つ？！その全てが全力で僕を快楽天国へ導くW痴女快楽天国へようこそ,DKSB-093,,2020-12-01,297分鐘,,OFFICE K’S,K’S BEST,,蕩婦、其他戀物癖、屁股、4小時以上作品、高畫質、局部特寫,黒木いくみ、福山美佳、枢木みかん、阿部乃みく、さくらみゆき、白咲ゆず、明海こう（小泉まり）、江上しほ、川菜美鈴、椎名まりな、水嶋あい、宇野ゆかり、北川エリカ、二宮和香、夏希みなみ、川村まや、蓮実クレア、佐々木あき、西村ニーナ,https://www.javbus.com/DKSB-093,
BMW-222 美しい乳房・クビレ・乳首 S級美女の極乳BEST ―細い体に規格外巨乳！これぞ究極エロボディ！―,BMW-222 美しい乳房・クビレ・乳首 S級美女の極乳BEST ―細い体に規格外巨乳！これぞ究極エロボディ！―,BMW-222,,2020-11-28,240分鐘,,ワンズファクトリー,WANZ,,苗條、乳交、合集、乳房、巨乳、DMM獨家,JULIA、桐谷まつり、永井マリア、稲場るか、笹倉杏、めぐり（藤浦めぐ）、ひなみれん、八乃つばさ、二宮和香、椎名そら、佐知子、若菜奈央、宝田もなみ、佐山愛、真白ここ、浜崎真緒、吉永あかね、風間ゆみ、高杉麻里、吉川あいみ、深田えいみ、松本菜奈実、篠崎かんな、篠田ゆう、君島みお、ましろ杏、岩瀬りな、相沢夏帆、春菜はな、椎名ゆな,https://www.javbus.com/BMW-222,
CEAD-323 貪欲に淫れ狂うおねだりSEX16時間105人,CEAD-323 貪欲に淫れ狂うおねだりSEX16時間105人,CEAD-323,,2020-11-13,960分鐘,,セレブの友,セレブの友,,成熟的女人、合集、中出、巨乳、DMM獨家,翔田千里、森沢かな（飯岡かなこ）、川上ゆう（森野雫）、水野朝陽、通野未帆、武田真、悠木美雪、由來ちとせ、阿部栞菜、秋山文江、高光真子、尾野玲香、杉沢千夏、瀬戸春乃、鈴森ひなた、永井みひな、高杉麻里、大槻ひびき、君島みお、かなで自由、前田可奈子、片岡なぎさ、若槻美香、桃瀬ゆり、浜崎なお、美里亜希、桃山凛、推川ゆうり、椎名めい、若本あん、川口葉純、大月ルナ、麻田さゆり、志村朝子、長谷川由香、西山あさひ、森ましろ、春菜はな、歩川みく、小田しおり、桐谷なお、ゆうか凛、森はるら、あやね遥菜、青山はな、金森なつみ、工藤いちか、松原玲奈、椎葉みくる、七瀬まい、酒井直美、川菜美鈴、美作彩凪、葉月美音、秋山美保、尾上若葉、島津かおる、美保結衣、橋本れいか、倉田江里子、奈々原えみり、宮本沙央里、加賀美しずか、香澄あかり、門倉みどり、川崎紀里恵、城崎つゆみ、高崎莉依、皆月ひかる、尾崎翠、海老沢みき、香椎りあ、白雪麻衣、澤村レイコ（高坂保奈美、高坂ますみ）、音羽文子、円城ひとみ、吹石れな、竹内梨恵、加藤あやの、今井真由美、桜井彩、佳苗るか、メイメイ、花咲いあん、きみと歩実、優月まりな、椎名明日美、北乃みれい、篠田ゆう、浜崎真緒、二宮和香、紺野ひかる、橋下まこ、波多野結衣,https://www.javbus.com/CEAD-323,
HHAP-005 「中出しされて妊娠したくないなら別の子をここに呼び出してよ！」絶倫少年連鎖中出し輪●SP～女子●生・女子寮・巨乳ママ友編～,HHAP-005 「中出しされて妊娠したくないなら別の子をここに呼び出してよ！」絶倫少年連鎖中出し輪●SP～女子●生・女子寮・巨乳ママ友編～,HHAP-005,,2020-11-06,480分鐘,まさのり,アパッチ,HHHグループ,絶倫少年連鎖中出し輪●,企畫、合集、各種職業、妄想、中出、4小時以上作品、高畫質、DMM獨家,堀越なぎさ、有馬優羽、若槻みづな、二宮和香、上川星空、夏目マリ、桜ちなみ、星空もあ、早瀬ありす、北川ゆず、宮崎あや、宮沢ゆかり、吉川あいみ、椎葉みくる、葉月もえ、水原乃亜、鈴屋いちご、森はるら、梨杏なつ、君色花音、鈴木真夕、月本愛、前園ゆり、苑田あゆり、咲坂花恋、真田美樹,https://www.javbus.com/HHAP-005,
DMOW-213 mow的 M男足コキ大全集 5時間,DMOW-213 mow的 M男足コキ大全集 5時間,DMOW-213,,2020-11-01,297分鐘,,OFFICE K’S,mow,,蕩婦、淫語、4小時以上作品、足交、高畫質、M男,水野朝陽、あおいれな、真木今日子、若槻みづな、稲川なつめ、佐々木あき、二宮和香、桜ちなみ、みづなれい（みずなれい）、夏目優希、松すみれ、二階堂ゆり、友田彩也香、内村りな、神波多一花、佳苗るか、木村つな、葵こはる（えりか）、芹沢つむぎ、浜崎真緒,https://www.javbus.com/DMOW-213,
MDBK-138 BAZOOKA つるつるパイパンオマ●コの風俗嬢に絶対中出し BEST！！4時間,MDBK-138 BAZOOKA つるつるパイパンオマ●コの風俗嬢に絶対中出し BEST！！4時間,MDBK-138,,2020-10-23,241分鐘,K太郎,BAZOOKA,BAZOOKA（バズーカ）,,合集、無毛、妓女、中出、4小時以上作品、高畫質,豊中アリス、黒崎さく、跡美しゅり、有栖るる、あかね葵、AIKA、二宮和香、優梨まいな、羽生アリサ、ひなみれん、雛菊つばさ、あけみみう、ましろ杏、有村のぞみ、澁谷果歩、桃尻かのん、若宮穂乃、あべみかこ、七海ゆあ、一ノ瀬るりあ、平花、逢見リカ、新村あかり、稲場るか、大原ゆりあ、平川琴菜、黒川サリナ、逢沢りいな、今井夏帆,https://www.javbus.com/MDBK-138,
STCESD-085 【お得セット】痴女×痴女レズビアン5・6・狂乱ノンストップ同性愛,STCESD-085 【お得セット】痴女×痴女レズビアン5・6・狂乱ノンストップ同性愛,STCESD-085,,2020-10-20,452分鐘,,セレブの友,セレブの友（お得セット）,痴女×痴女レズビアン,成熟的女人、女同性戀、花癡、多P、4小時以上作品、女同接吻、高畫質、設置項目、DMM獨家,川上ゆう（森野雫）、水野朝陽、波多野結衣、尾上若葉、橋下まこ、紺野ひかる、二宮和香、浜崎真緒,https://www.javbus.com/STCESD-085,
NSPS-937 レンタル妻 VOL3 他人棒を満足させるために貸し出された妻たち,NSPS-937 レンタル妻 VOL3 他人棒を満足させるために貸し出された妻たち,NSPS-937,,2020-10-11,199分鐘,黒赤銀蔵,ながえスタイル,ながえSTYLE,レンタル妻,成熟的女人、已婚婦女、通姦、高畫質、出軌、戲劇、DMM獨家,二宮和香、本庄優花、君島みお,https://www.javbus.com/NSPS-937,
BDSR-428 国民的ちょうどいい女たち！18人4時間,BDSR-428 国民的ちょうどいい女たち！18人4時間,BDSR-428,,2020-09-26,240分鐘,メカテス武田,ビッグモーカル,ビッグモーカル,,已婚婦女、美少女、中出、高畫質、巨乳,小峰ひなた、枢木みかん、本田莉子、本真ゆり、二宮和香、香山美桜、水城奈緒、尾上若葉、篠田ゆう、北川エリカ、橘優花、鈴木さとみ、若月みいな、大塚れん、野々宮みさと、紺野ひかる、浜崎真緒、霧島さくら,https://www.javbus.com/BDSR-428,
BKSP-267-F 女の子のオシッコ 4時間 Vol.3,BKSP-267-F 女の子のオシッコ 4時間 Vol.3,BKSP-267-F,,2020-09-24,240分鐘,,アイエナジー,BKSP,女の子のオシッコ,羞恥,二宮和香、きみと歩実、真崎あやと,https://www.javbus.com/BKSP-267-F,
DKSB-075 二人の痴女に責め立てられたい！mow的WキャストM男イジメBEST5時間13組26名,DKSB-075 二人の痴女に責め立てられたい！mow的WキャストM男イジメBEST5時間13組26名,DKSB-075,,2020-09-01,299分鐘,,OFFICE K’S,K’S BEST,,护士、OL、合集、淫語、高畫質、M男、高中女生,みおり舞、春日野結衣、麻里梨夏、あず希、芹沢つむぎ、一色さゆり、かなで自由、星川麻紀、羽月希、結城みさ、ましろあい、二宮和香、鳴美れい、芦名ユリア、若月まりあ、涼宮琴音、乙葉ななせ、佳苗るか、梅咲蘭、彩奈リナ（七原あかり）,https://www.javbus.com/DKSB-075,
DOA-009 しっとり艷やかな髪コキで発射しまくり！精子まみれに汚れた黒髪！ザーメンが絡みつくロングヘア！,DOA-009 しっとり艷やかな髪コキで発射しまくり！精子まみれに汚れた黒髪！ザーメンが絡みつくロングヘア！,DOA-009,,2020-08-30,134分鐘,ザッパパ,ブラックドッグ/妄想族,ブラックドッグ/妄想族,,其他戀物癖、姐姐、主觀視角、妄想族、DMM獨家、打手槍,山井すず、平花、北条麻妃、二宮和香、星奈あい、稲場るか、美咲結衣、麗羽,https://www.javbus.com/DOA-009,
VNDS-3345 欲求不満な人妻の 濃厚じゅっぽりフェラチオ ぐちゅぐちゅオナニー,VNDS-3345 欲求不満な人妻の 濃厚じゅっぽりフェラチオ ぐちゅぐちゅオナニー,VNDS-3345,,2020-08-20,118分鐘,,STAR PARADISE,ネクストイレブン,,口交、其他戀物癖、已婚婦女、高畫質、故事集、自慰、內衣,二宮和香、卯月和美、香苗レノン、真矢織江、内山晴美、弥生みづき,https://www.javbus.com/VNDS-3345,
NSPS-919 醜いオヤジに妻が舐めまわされた,NSPS-919 醜いオヤジに妻が舐めまわされた,NSPS-919,,2020-07-20,276分鐘,ながえ,ながえスタイル,ながえSTYLE,,成熟的女人、合集、已婚婦女、通姦、4小時以上作品、高畫質、戲劇、DMM獨家,水原さな、葵千恵、尾上若葉、今井ゆあ、二宮和香、名森さえ、真木今日子,https://www.javbus.com/NSPS-919,
AVKH-188 あなたごめんね 本当にごめん 昼下がりの主婦たち総集編 今日私たちは他人に抱かれます,AVKH-188 あなたごめんね 本当にごめん 昼下がりの主婦たち総集編 今日私たちは他人に抱かれます,AVKH-188,,2020-06-28,180分鐘,えむ@nurupage,AV,恋する花嫁DX（AV）,あなたごめんね,成熟的女人、已婚婦女、巨乳、DMM獨家,梨々花、羽月希、二宮和香、雪乃凛央、内海静香、浅見せな、鈴木さとみ、河合ののか、木ノ上露乃、松永さな,https://www.javbus.com/AVKH-188,
DSVR-734 【VR】【野外BEST 240分】開放的に気持ちよくなろう！ ～プール・校庭・公園・温泉・バス停・洗車場・雑木林で中出し/乱交/痴●/レ○プ/CFNM/パンチラ鑑賞！VRで飛び出せ外に！～,DSVR-734 【VR】【野外BEST 240分】開放的に気持ちよくなろう！ ～プール・校庭・公園・温泉・バス停・洗車場・雑木林で中出し/乱交/痴●/レ○プ/CFNM/パンチラ鑑賞！VRで飛び出せ外に！～,DSVR-734,,2020-06-25,243分鐘,,SODクリエイト,SODVR,,野外・露出、合集、中出、4小時以上作品、VR専用、ハイクオリティVR,稲葉るか、紺野ひかる、坂咲みほ、橘メアリー、宝田もなみ、市川花音、小島りりか、つくしみか、瀬乃ひなた、二宮和香、玉木くるみ、宮村ななこ、天希ユリナ、森はるら、かなで自由、明海こう（小泉まり）、小西まりえ、石原理央、宇多田あみ、持田栞里,https://www.javbus.com/DSVR-734,
DOKI-004 人妻デリヘルを呼んだら、まさかのオンナ上司 そのとき、OLデリ嬢の取った行動は,DOKI-004 人妻デリヘルを呼んだら、まさかのオンナ上司 そのとき、OLデリ嬢の取った行動は,DOKI-004,,2020-06-20,99分鐘,,STAR PARADISE,DOKI,人妻デリヘルを呼んだら、まさかの○○,口交、身體意識、妓女、各種職業、69、高畫質、巨乳,新村あかり、二宮和香、優木なお,https://www.javbus.com/DOKI-004_2020-06-20,
BBSS-036 レズビアンに囚われた女潜入捜査官たち 4時間,BBSS-036 レズビアンに囚われた女潜入捜査官たち 4時間,BBSS-036,,2020-06-06,240分鐘,,ビビアン,ビビアン,レズビアンに囚われた女潜入捜査官,女同性戀、女檢察官、4小時以上作品、女同接吻、DMM獨家,斉藤みゆ、香椎りあ、妃月るい、小向美奈子、八乃つばさ、推川ゆうり、神咲詩織、澤村レイコ（高坂保奈美、高坂ますみ）、神納花、波多野結衣、二宮和香、桐嶋りの、倉多まお、通野未帆、浜崎真緒、羽月希、風間ゆみ、深田えいみ,https://www.javbus.com/BBSS-036,
NACX-055 パイパン熟女12人BEST,NACX-055 パイパン熟女12人BEST,NACX-055,,2020-06-01,244分鐘,,プラネットプラス,七狗留,,成熟的女人、苗條、合集、無毛、4小時以上作品、高畫質,赤瀬尚子、緒川藍子、片瀬仁美、君島みお、桃井杏南、美里詩織、松沢ゆかり、羽生アリサ、二宮和香、永井マリア、工藤まなみ、森沢かな（飯岡かなこ）,https://www.javbus.com/NACX-055,
MDBK-106 【奇跡】デリヘル呼んだら地元の巨乳な友達で非常においしい思いをした件？4時間BEST,MDBK-106 【奇跡】デリヘル呼んだら地元の巨乳な友達で非常においしい思いをした件？4時間BEST,MDBK-106,,2020-05-29,240分鐘,K太郎,BAZOOKA,BAZOOKA（バズーカ）,デリヘル呼んだら地元の巨乳な友達で…,乳交、合集、中出、4小時以上作品、高畫質、巨乳,倉多まお、青澤えみり、篠田ゆう、ましろ杏、三島奈津子、玉木くるみ、黒宮えいみ、笹倉杏、佐倉ねね、三原ほのか、星空もあ、折原ほのか、すみれ美香、大槻ひびき、霧島さくら、早川瀬里奈、二宮和香、羽生アリサ、推川ゆうり,https://www.javbus.com/MDBK-106,
RCTD-335 魂吹き込み憑依銃4,RCTD-335 魂吹き込み憑依銃4,RCTD-335,,2020-05-21,128分鐘,三輪キヨシ,ROCKET,ROCKET,魂吹き込み憑依銃,OL、其他戀物癖、妄想、高畫質、性別轉型·女性化、巨乳,笹倉杏、瀬戸すみれ、二宮和香,https://www.javbus.com/RCTD-335,
RCTD-333 ふたなりモンスターコック美少女,RCTD-333 ふたなりモンスターコック美少女,RCTD-333,,2020-05-21,98分鐘,ルート山崎,ROCKET,ROCKET,,女同性戀、雙性人、高畫質、デカチン・巨根,岬あずさ、桃尻かのん、二宮和香,https://www.javbus.com/RCTD-333,
UMSO-312 マジでイッちゃう5分前！40人の発射5分前からお見せます！VOL.02,UMSO-312 マジでイッちゃう5分前！40人の発射5分前からお見せます！VOL.02,UMSO-312,,2020-04-10,241分鐘,,ケイ・エム・プロデュース,UMANAMI,マジでイッちゃう5分前！○人の発射5分前からお見せます！,成熟的女人、合集、已婚婦女、4小時以上作品、高畫質、巨乳、DMM獨家,加藤ももか、笹倉杏、桜井彩、佐々木あき、月本愛、斉藤みゆ、葉月美音、小川桃果、二宮和香、さとう愛理、塚田詩織、北条麻妃、真木今日子、折原ほのか、辛島音瑠、沙原さゆ、笹宮えれな、向井雫、工藤つぼみ、高城彩、彩奈リナ（七原あかり）、高杉麻里、森下美緒、かなで自由、寺島志保、稲場るか、響りん、永倉由梨,https://www.javbus.com/UMSO-312,
NASH-271 モデル体型のスリムで美乳の熟女31人,NASH-271 モデル体型のスリムで美乳の熟女31人,NASH-271,,2020-04-10,244分鐘,,なでしこ,Nadeshiko,,成熟的女人、苗條、合集、乳房、4小時以上作品、高畫質,佐々木あき、武藤あやか、緒方泰子、加藤ツバキ（夏樹カオル）、麻生まり、北川礼子、小早川怜子、高槻れい、久保今日子、卯水咲流、一条綺美香、井川希、君島みお、阿部栞菜、二宮和香、七海ひさ代、本庄瞳、青木玲、滝本エレナ、北条麻妃、平岡里枝子、清城ゆき、葵紫穂、神波多一花、峰岸カレン、上原千佳、堀内秋美、麻生千春、冴君麻衣子、井上綾子、神納花,https://www.javbus.com/NASH-271,
SDDE-620 マインドコントロール社 催●レンタル 総勢被害者10人470分2枚組豪華版,SDDE-620 マインドコントロール社 催●レンタル 総勢被害者10人470分2枚組豪華版,SDDE-620,,2020-04-07,474分鐘,,SODクリエイト,SENZ,催●レンタル,企畫、中出、高畫質,美咲かんな、凛音とうか、岬あずさ、愛瀬るか、星川凛々花、森本つぐみ、高梨ゆあ、倉木しおり、二宮和香、野々宮みさと,https://www.javbus.com/SDDE-620,
CADV-759 近親妊姦～夫に内緒で義父と妊活情事をくりかえす嫁 5人4時間,CADV-759 近親妊姦～夫に内緒で義父と妊活情事をくりかえす嫁 5人4時間,CADV-759,,2020-04-02,239分鐘,,クリスタル映像,CRYSTAL EX,,合集、亂倫、已婚婦女、4小時以上作品、高畫質、出軌,KAORI、波多野結衣、羽生ありさ、二宮和香、愛花みちる,https://www.javbus.com/CADV-759,
CMV-140 くいこみ木馬責めこぶ縄拷問 生殖器をしごかれ悶絶する女たち3,CMV-140 くいこみ木馬責めこぶ縄拷問 生殖器をしごかれ悶絶する女たち3,CMV-140,,2020-03-06,165分鐘,まるかつ,シネマジック,VIXEN,生殖器をしごかれ悶絶する女たち,SM、惡作劇、殘忍畫面、介紹影片、キス・接吻、DMM獨家,星空もあ、かなで自由、北島玲、野々宮みさと、二宮和香、真田美樹、森川ひな、青山のあ、大森玲菜、柊さき、月本愛、相澤ゆりな、桜咲姫莉、白咲奈々子、神楽アイネ,https://www.javbus.com/CMV-140,
NASH-247 本当にあったエッチなお話 9,NASH-247 本当にあったエッチなお話 9,NASH-247,,2020-02-28,242分鐘,,なでしこ,Nadeshiko,本当にあったエッチなお話,成熟的女人、合集、已婚婦女、4小時以上作品、高畫質、巨乳,とみの伊織、二宮和香、西山あさひ、森下美緒,https://www.javbus.com/NASH-247,
DKSB-035 淫語で誘惑スケベ痴女！美脚パンストま○こに突き刺さる！汗が飛び散るほどガンづきピストン！巨乳がバインバイン揺れまくる！淫乱ピストンおま○こイキまくりディルドオナニー ベストセレクション5時間,DKSB-035 淫語で誘惑スケベ痴女！美脚パンストま○こに突き刺さる！汗が飛び散るほどガンづきピストン！巨乳がバインバイン揺れまくる！淫乱ピストンおま○こイキまくりディルドオナニー ベストセレクション5時間,DKSB-035,,2020-02-01,302分鐘,,OFFICE K’S,K’S BEST,,蕩婦、合集、淫語、連褲襪、花癡、高畫質、巨乳、ディルド、自慰,水城奈緒、橘優花、八束みこと、夏目葵、鶴田かな、真木今日子、水野朝陽、夏希みなみ、最上晶、桜ちなみ、羽月希、神波多一花、二宮和香、北川エリカ、神納花,https://www.javbus.com/DKSB-035,
NSPS-866 禁断の寝取られ総集編 妻をヌードモデルにさせました,NSPS-866 禁断の寝取られ総集編 妻をヌードモデルにさせました,NSPS-866,,2020-01-12,240分鐘,富丈太郎,ながえスタイル,ながえSTYLE,,成熟的女人、已婚婦女、通姦、4小時以上作品、出軌、戲劇、DMM獨家,横山夏希、二宮和香、名森さえ,https://www.javbus.com/NSPS-866,
MIST-289 乳首責め専門デリヘル嬢に騎乗位で生中出し5,MIST-289 乳首責め専門デリヘル嬢に騎乗位で生中出し5,MIST-289,,2020-01-09,264分鐘,,Mr.michiru,,乳首責め専門デリヘル嬢に騎乗位で生中出し,中出、女上位、4小時以上作品、高畫質,岬あずさ、春菜はな、高樹あすか、八乃つばさ、永瀬ゆい、二宮和香,https://www.javbus.com/MIST-289,
CADV-747 寝取られベスト8時間,CADV-747 寝取られベスト8時間,CADV-747,,2020-01-09,479分鐘,,クリスタル映像,CRYSTAL EX,,成熟的女人、已婚婦女、4小時以上作品、高畫質、出軌,河北麻衣、白石りん、工藤まなみ、二宮和香、凛音とうか,https://www.javbus.com/CADV-747,
IENF-050 えっちな女子校生の淫語かたりかけぐちゅぐちゅ連続絶頂ブルマオナニー 3,IENF-050 えっちな女子校生の淫語かたりかけぐちゅぐちゅ連続絶頂ブルマオナニー 3,IENF-050,,2019-12-26,154分鐘,,アイエナジー,IENE,えっちな女子○生の淫語かたりかけぐちゅぐちゅオナニー,淫語、主觀視角、高畫質、高中女生、自慰、體育服,高杉麻里、妃月るい、二宮和香、八乃つばさ、水谷あおい、水野朝陽、橘メアリー、相沢夏帆、三田杏、宮村ななこ、玉木くるみ,https://www.javbus.com/IENF-050,
BMW-194 中出し1000発8時間,BMW-194 中出し1000発8時間,BMW-194,,2019-11-23,479分鐘,,ワンズファクトリー,WANZ,,濫交、合集、美少女、中出、4小時以上作品、巨乳、DMM獨家,つぼみ、川上ゆう（森野雫）、大槻ひびき、波多野結衣、阿由葉あみ、関根奈美、小西悠、麻里梨夏、桜井彩、枢木あおい、あず希、神谷充希、栄川乃亜、姫川ゆうな、水野朝陽、福咲れん、柳あきら、山川ゆな、高杉麻里、立花瑠莉、佐々木あき、吉川あいみ、三田杏、永井みひな、推川ゆうり、若菜奈央、西田カリナ、若槻みづな、星あんず、宮沢ゆかり、愛瀬美希、神宮寺ナオ、唯川希、宝田もなみ、椎名そら、紗々原ゆり、河南実里、小谷みのり、清城ゆき、真白ここ、桐谷なお、通野未帆、松嶋葵、松本メイ、森川アンナ、佳苗るか、小澤まな、春菜はな、麻倉憂、JULIA、めぐり（藤浦めぐ）、蓮実クレア、緒川りお、篠田ゆう、AIKA、朝倉ことみ、枢木みかん、本田岬、倉多まお、南梨央奈、北川エリカ、きみと歩実、霧島さくら、富田優衣、星咲伶美、花咲いあん、妃月るい、香苗レノン、さとう愛理、二宮和香、はるのるみ、星奈あい、森苺莉、桐谷まつり、八乃つばさ、岩瀬りな、山井すず、君島みお、森下美怜、有坂深雪、竹内真琴、優梨まいな、仲間明日香、百合華、あおいれな、桃瀬ゆり、向井藍、阿部栞菜、佐久間恵美、美谷朱里、心花ゆら、跡美しゅり、二階堂ゆり、涼川絢音、皆月ひかる、篠崎みお、早川瑞希、茜はるか、逢坂はるな、星咲セイラ、あべみかこ、笹倉杏、日向うみ、宮崎あや,https://www.javbus.com/BMW-194,
KMDS-20462 夫のチ○ポより気持ちいい…！不倫SEXに溺れる人妻の淫らな欲望と秘密,KMDS-20462 夫のチ○ポより気持ちいい…！不倫SEXに溺れる人妻の淫らな欲望と秘密,KMDS-20462,,2019-11-22,240分鐘,,カマタ映像,弁天,,已婚婦女、通姦、4小時以上作品,篠宮千明、天野弥生、笠原あおい、沢村ちひろ、真木静乃、滝田恵理子、夏希結愛、二宮和香、城エレン、中野彩,https://www.javbus.com/KMDS-20462,
BBSS-026 責められると疼いてしまう敏感なカラダ ドMな雌犬レズビアン4時間,BBSS-026 責められると疼いてしまう敏感なカラダ ドMな雌犬レズビアン4時間,BBSS-026,,2019-11-02,240分鐘,,ビビアン,ビビアン,,SM、女同性戀、性奴、4小時以上作品、女同接吻、DMM獨家,舞園かりん、浜崎真緒、永井みひな、堀越なぎさ、風間ゆみ、浅見せな、霧島さくら、阿部栞菜、白石雪愛、妃月るい、桐嶋りの、麻里梨夏、新村あかり、跡美しゅり、星あめり、鈴木さとみ、涼海みさ、ましろ杏、二宮和香、神納花,https://www.javbus.com/BBSS-026,
MCSR-360 極上美人妻 8時間BEST infinity edition 艶やかに陰部を晒した奥様たち,MCSR-360 極上美人妻 8時間BEST infinity edition 艶やかに陰部を晒した奥様たち,MCSR-360,,2019-10-26,480分鐘,金子次郎,ビッグモーカル,マスカット,極上美人妻,亂倫、已婚婦女、中出、4小時以上作品、高畫質、出軌,倉多まお、星あんず、松本メイ、浜崎真緒、夏希みなみ、若槻みづな、三島奈津子、涼川絢音、吉川あいみ、二階堂ゆり、美玲、二宮和香、水城奈緒、羽生ありさ、紗藤まゆ、かなで自由、三原ほのか、菅野さゆき、澁谷果歩、神納花、成宮はるあ、明里ともか、霧島さくら、瀬戸すみれ、野々宮みさと、推川ゆうり、尾上若葉、佐々木あき,https://www.javbus.com/MCSR-360,
BXX-002 汚された女たち ウェット＆メッシー大全集,BXX-002 汚された女たち ウェット＆メッシー大全集,BXX-002,,2019-10-13,240分鐘,,バミューダ/妄想族,フェニックス（バミューダ/妄想族）,,其他戀物癖、性奴、凌辱、4小時以上作品、妄想族、DMM獨家,森沢かな（飯岡かなこ）、二宮和香、中里美穂、西田カリナ、玉城マイ、仁美まどか、神納花、希咲あや、ひなた澪、葉月美音、平花、水澤まお、推川ゆうり,https://www.javbus.com/BXX-002,
BXX-001 極縄 総集編,BXX-001 極縄 総集編,BXX-001,,2019-10-13,240分鐘,,バミューダ/妄想族,フェニックス（バミューダ/妄想族）,極縄,紧缚、性奴、拘束、凌辱、4小時以上作品、妄想族、DMM獨家,二宮和香、星川ういか、北条麻妃、桃瀬ゆり、神納花、波多野結衣,https://www.javbus.com/BXX-001,
FSET-851 温泉に来た巨乳女子を強制混浴！逃げられない水面下で身体をまさぐられ続け人前で感じてしまうムッツリ女子を×××,FSET-851 温泉に来た巨乳女子を強制混浴！逃げられない水面下で身体をまさぐられ続け人前で感じてしまうムッツリ女子を×××,FSET-851,,2019-10-10,123分鐘,棒太郎,アキノリ,AKNR,,OL、女大學生、已婚婦女、多P、高畫質、温泉、巨乳,橘メアリー、真田みづ稀、二宮和香、瀬戸すみれ、伊吹彩,https://www.javbus.com/FSET-851,
BF-589 神乳 揺れまくり揉みまくり4時間SUPER BEST,BF-589 神乳 揺れまくり揉みまくり4時間SUPER BEST,BF-589,,2019-10-03,240分鐘,,BeFree,BeFree,,口交、合集、4小時以上作品、巨乳、DMM獨家,君島みお、松下紗栄子、相沢夏帆、宝田もなみ、眞実かなえ、松本菜奈実、雛菊つばさ、梨杏なつ、天野美優、三原ほのか、霧島さくら、春菜はな、二宮和香、立花瑠莉、凛音とうか、雨宮凛、はるかみらい、めぐり（藤浦めぐ）、あいだ飛鳥、三船かれん、三島奈津子、浜崎なお、朝倉桃菜,https://www.javbus.com/BF-589,
XRW-738 日本緊縛師列伝4時間16人BEST,XRW-738 日本緊縛師列伝4時間16人BEST,XRW-738,,2019-08-23,240分鐘,ディラン富増,レアルワークス,REAL（レアルワークス）,日本緊縛師列伝,SM、紧缚、性奴、拘束、4小時以上作品、高畫質,北条麻妃、神納花、桃瀬ゆり、波多野結衣、玉城マイ、西田カリナ、篠田ゆう、神楽、二宮和香、大杜若羽、卯水咲流、花咲いあん、森沢かな（飯岡かなこ）、福咲れん、桜咲姫莉、真白ここ,https://www.javbus.com/XRW-738,
RBB-163 発射寸前！ 我慢汁垂れ流しの気持ちいいフェラチオ160連射8時間（RBB-163）,RBB-163 発射寸前！ 我慢汁垂れ流しの気持ちいいフェラチオ160連射8時間（RBB-163）,RBB-163,,2019-08-16,480分鐘,,ROOKIE,ROOKIE,発射寸前！ 我慢汁垂れ流しの気持ちいいフェラチオ,蕩婦、口交、合集、姐姐、4小時以上作品、キス・接吻、DMM獨家,青木玲、つぼみ、吉沢明歩、明日花キララ、波多野結衣、天海つばさ、めぐり（藤浦めぐ）、奥田咲、望月りさ、夢乃あいか、相沢夏帆、桐嶋りの、阿部栞菜、坂道みる、畑めい、寺岡まゆり、心花ゆら、きみと歩実、葉月もえ、和泉藍、日菜々はのん、長峰河南、茜はるか、木葉ちひろ、黒川すみれ、鈴木心春、石原莉奈、佳苗るか、篠田ゆう、三浦恵理子、希島あいり、くるみ（未来）、葵つかさ、湊莉久、森川ひな、愛世くらら、富田優衣、華咲じゅら、皆月ひかる、内海みう、小島みなみ、深見らん、高杉麻里、江藤ゆい、あず希、神谷充希、姫川ゆうな、宝生リリー、新山恵梨、架乃ゆら、麻里梨夏、心音にこ、泉りおん、森はるら、乾りっか、立花瑠莉、涌本楓、阿由葉あみ、蒼風とわ、宮地亜衣、橋本ありな、楓カレン、岸上莉子、黒川サリナ、島永彩生、一条みお、岬ななみ、大島優香、秋山祥子、西宮ゆめ、明里つむぎ、吉池美歩、風花くれは、大浦真奈美、山岡りりな、星野ナミ、雛鶴みお、香坂紗梨、平沢すず、辻本杏、佐々木あき、三島奈津子、二宮和香、益坂美亜、桃尻かのん、羽田つばさ、妃月るい、相原結衣、新木ふみか、松本菜奈実、星川光希、天月叶菜、松下ひな、花咲里菜、結城のの、天使もえ、星奈あい、山岡芽衣、今井真由美、星あめり、咲々原リン、夏川あかり、飛鳥りん、日向うみ、八乃つばさ、松下紗栄子、はるかみらい、森下美怜、夢咲ひなみ、松沢薫、浜崎なお、涼木奏、星咲伶美、七海ゆあ、美保結衣、高見怜奈、なつめ愛莉、柚月ひまわり、香椎りあ、一星キメラ、星宮一花、新美かりん、川上奈々美、神宮寺ナオ、亜矢瀬もな、音海里奈、苑田あゆり、逢沢まりあ、有原あゆみ、日乃原杏、椿井えみ、愛瀬美希、佐々木れい、松永りな、有坂深雪、遥あやね、相沢みなみ、西原ゆう、ひなた澪、咲坂花恋、本上さつき、推川ゆうり、倉吉美帆、渚みつき、三田杏、初乃ふみか、三原ほのか、白咲りの、仲間明日香,https://www.javbus.com/RBB-163,
DBEB-102 屈辱の嵐に女帝の淫奥が暴れ狂う残酷な拷問 無惨に涙を流す女王蹂躙地獄 THE Baby Entertainment GOLD BEST,DBEB-102 屈辱の嵐に女帝の淫奥が暴れ狂う残酷な拷問 無惨に涙を流す女王蹂躙地獄 THE Baby Entertainment GOLD BEST,DBEB-102,,2019-08-11,238分鐘,,BabyEntertainment,BabyEntertainment,TheBabyEntertainmentGOLDBEST,合集、羞恥、高畫質、折磨、緊縛、DMM獨家、內衣,真木今日子、二宮和香、川菜美鈴、明里ともか、葵百合香、夏樹まりな,https://www.javbus.com/DBEB-102,
AUKB-097 女と女の鬼イカせ！！無限絶頂レズ4時間,AUKB-097 女と女の鬼イカせ！！無限絶頂レズ4時間,AUKB-097,,2019-07-28,240分鐘,滝口シルヴィア,U＆K,U＆K,,女同性戀、合集、花癡、4小時以上作品、手指插入、高畫質、DMM獨家,神ユキ、加藤ツバキ（夏樹カオル）、今藤霧子、上原花恋、桑田みのり、早川瀬里奈、水谷あおい、吹石れな、成宮いろは、天野小雪、美咲結衣、葵千恵、西村ニーナ、黒木いくみ、浜崎真緒、黒木あおい、井上綾子、桃瀬ゆり、二宮和香、本庄優花、葉月潤、朝桐光、桜木えみ香、希咲あや、森下美緒、神納花、春原未来,https://www.javbus.com/AUKB-097,
RBB-161 男の劣情を誘う美しいカラダ。おっぱいと尻を魅せる究極のエロボディ。 神くびれ 8時間,RBB-161 男の劣情を誘う美しいカラダ。おっぱいと尻を魅せる究極のエロボディ。 神くびれ 8時間,RBB-161,,2019-07-13,480分鐘,,ROOKIE,ROOKIE,,苗條、其他戀物癖、合集、4小時以上作品、巨乳、DMM獨家,希崎ジェシカ、美谷朱里、奥田咲、川上奈々美、阿由葉あみ、君色花音、彩葉みおり、有栖るる、つぼみ、小島みなみ、宇佐美みか、八乃つばさ、明日花キララ、坂咲みほ、乾りっか、音あずさ、双葉良香、星奈あい、水卜さくら、最上りこ、谷山智美、妃月るい、森ほたる、水原乃亜、心音にこ、佐久間恵美、夏川あかり、天使もえ、あやみ旬果、橋本ありな、日向うみ、黒川すみれ、寺岡まゆり、相沢みなみ、希島あいり、蒼風とわ、桜もこ、あいだ飛鳥、星宮一花、御坂りあ、辻本杏、富田優衣、香苗レノン、有坂深雪、青葉雫、夢乃あいか、JULIA、葵つかさ、森高かすみ、皆川エレナ、二宮和香、一乃瀬るりあ、あべみかこ,https://www.javbus.com/RBB-161,
JUSD-836 人妻が最も罪悪感を忘れて乱れまくる射精90秒前の激ピストン300連発,JUSD-836 人妻が最も罪悪感を忘れて乱れまくる射精90秒前の激ピストン300連発,JUSD-836,,2019-07-04,480分鐘,,マドンナ,Madonna,,成熟的女人、合集、已婚婦女、數位馬賽克、通姦、4小時以上作品、巨乳、DMM獨家,友田真希、瞳リョウ、風間ゆみ、加山なつこ、はるかみらい、山口菜穂、神谷みなみ、末永ありさ、笹倉杏、工藤まなみ、八乃つばさ、美保結衣、一ノ瀬あやめ、若月みいな、松尾江里子、星あめり、丸千香子、浜崎なお、花崎りこ、星咲伶美、天月叶菜、黒木澪、松本菜奈実、樫村ゆり子、和久井麻結、豊中アリス、河北麻衣、西木野愛華、美谷朱里、黒川すみれ、西野美幸、大杜若羽、一之瀬みき、たかせ由奈、白石すみれ、早川瑞希、和泉藍、竹内瞳、福田涼子、愛花みちる、平真凛、大石香織、姫野あやめ、山本鈴、遥あやね、高城彩、真中真奈美、真山由夏、櫻井菜々子、竹内麻耶、凛音とうか、君島みお、羽田つばさ、ななせ麻衣、星奈あい、筒井まほ、川北りな、神山なな、西原ゆう、柴咲りか、仲間明日香、壇えみ、有坂深雪、二宮和香、一ノ瀬真紀子、香苗レノン、南あや、美作彩凪、相原結衣、水川かえで、滝川菜々美、加藤みゆ紀、霧島さくら、武藤あやか、新沢平蘭、小川桃果、蓮美柚香、深井京香、林美玲、坂咲みほ、宮川ありさ、菅野真穂、新川優里、星川光希、佐山愛、青木玲、翔田千里、西野翔、夏海あや、円城ひとみ、吉川あいみ、富田優衣、中邑みずき、我妻澪、我妻里帆、小出亜衣子、織田真琴、美月恋、水城奈緒、川口ともか、黛あお、桐嶋りの、白鳥景子、鷹宮ゆい、鈴木みか、小向美奈子、阿部栞菜、相澤ゆりな、川野なみ、加藤あやの、三浦恵理子、もちづきる美、希美まゆ、波多野結衣、春菜はな、北条麻妃、ましろ杏、めぐり（藤浦めぐ）、澤村レイコ（高坂保奈美、高坂ますみ）、湯本美紀、ティア、内田ゆり子、白木優子、希島あいり、本田岬、織田真子、安西ひかり、黒木れん、青葉雫、成宮いろは、篠田ゆう、本上さつき、加瀬かなこ、水戸かな、佐々木あき、並木塔子、若葉加奈、松永さな、三島奈津子、水沢かおり、吉瀬菜々子、近藤ゆき、宝生リリー、松雪かなえ、夏目あきら、水野朝陽、桐島ひとみ、大浦真奈美、高杉麻里、宮沢ちはる、早川りょう、池内涼子、香澄莉緒、立花瑠莉、本庄真理、和泉早妃、彩葉みおり、新田真美、初美りえな、岡野美由紀、香椎りあ、新美かりん、麻生まり、松村みをり、市橋えりな、山口椿、神宮寺ナオ、一色桃子、あかぎ碧、川上奈々美、逢沢まりあ、石川祐奈、熊宮由乃、秋山美咲、前田可奈子、椎名そら、須藤綾子、須原のぞみ、田中れいみ、吉澤りょうこ、中谷玲奈、柊さき、蛯原ゆき、三田杏、西島ゆいか、植木翔子、夏目彩春、若菜奈央、瀬戸すみれ、白石りん、吹石れな、橋本れいか、森ほたる、戸田美々香、白咲りの、三田真利江、福山美佳、中谷有希、青山はな、飯倉芽衣、長谷川秋子、河合美奈、高宮あん、黒崎ひなの、久保田慶子、光井ひかり、徳島えり、平野里実、明里ともか、響まりこ、奥村かや、風花くれは、久保今日子、音羽文子、麻里梨夏、松田美子、大島優香、高瀬智香、小川莉奈、速美もな、河南実里、大沢カスミ、相浦茉莉花、最上ゆり子、清城ゆき、桐谷なお、通野未帆、谷原希美、滝川穗乃果、宝田もなみ、山岸琴音、水川スミレ、関根奈美、西宮美月、紗藤まゆ、梨杏なつ、西尾友梨子、青山みき、渡良瀬りほ、紗々原ゆり,https://www.javbus.com/JUSD-836,
XRW-697 中出し破壊 黒人巨大マラ BEST 4時間13人,XRW-697 中出し破壊 黒人巨大マラ BEST 4時間13人,XRW-697,,2019-06-28,240分鐘,,レアルワークス,REAL（レアルワークス）,中出し破壊黒人巨大マラ,合集、多P、中出、4小時以上作品、高畫質、デカチン・巨根、黑人演員,卯水咲流、花咲いあん、北条麻妃、桜咲姫莉、愛花みちる、徳永れい、森沢かな（飯岡かなこ）、二宮和香、西田カリナ、推川ゆうり、篠田ゆう、中里美穂、優月まりな,https://www.javbus.com/XRW-697,
CESD-784 エビ反り！お漏らし！生中出し！ド淫乱熟女のイキっぱなしSEX16時間,CESD-784 エビ反り！お漏らし！生中出し！ド淫乱熟女のイキっぱなしSEX16時間,CESD-784,,2019-06-23,960分鐘,,セレブの友,セレブの友,,成熟的女人、合集、已婚婦女、中出、16時間以上作品、巨乳、DMM獨家,風間ゆみ、翔田千里、川上ゆう（森野雫）、澤村レイコ（高坂保奈美、高坂ますみ）、青山はな、高光真子、川口葉純、若本あん、前田可奈子、椎名めい、桐谷なお、小田しおり、あやね遥菜、高杉麻里、ゆうか凛、志村朝子、長谷川由香、黒川ゆきな、橋下まこ、紺野ひかる、二宮和香、優月まりな、浜崎真緒、森はるら、阿部栞菜、篠田ゆう、桜ちなみ、佐田杏南、愛花みちる、悠木美雪、武田真、瀬戸春乃、鈴木ひなた、大月ルナ、尾崎翠、麻田さゆり、水沢かおり、枡田ゆう子、樋口千秋、杉沢千夏、森ましろ、安西ひかり、白石ももか、尾野玲香、竹内麻耶、桐山結羽、永井みひな、森沢かな（飯岡かなこ）、島津かおる、吉岡奈々子、片岡なぎさ、横山みれい、竹内梨恵、矢部寿恵、円城ひとみ、春菜はな、大槻ひびき、八乃つばさ、推川ゆうり、加藤あやの、椎名ゆな、波多野結衣、君島みお、赤木靖子、水野朝陽、若槻美香、香澄あかり、門倉みどり、由來ちとせ、宮本沙央里、雅さら、美作彩凪、白雪麻衣、高崎莉依、西山あさひ、川崎紀里恵、橋本れいか、加賀美しずか、メイメイ、松原玲奈、葉月美音、歩川みく、桃山凛、美里亜希、浜崎なお、城崎つゆみ、大場ゆい、水澤りこ、工藤いちか、宮代七海、咲々原リン、一之瀬すず、星咲優菜、高梨あゆみ、桐島綾子、冬月容子、七海ひさ代、本庄優花、武井麻希、宮村ななこ、美保結衣、桜木えみ香,https://www.javbus.com/CESD-784,
BF-577 SEXはやっぱり二人きりがイイ。 生々しい素顔のSEX30本番8時間,BF-577 SEXはやっぱり二人きりがイイ。 生々しい素顔のSEX30本番8時間,BF-577,,2019-06-01,480分鐘,,BeFree,BeFree,,第一人稱攝影、合集、4小時以上作品、巨乳、DMM獨家,初乃ふみか、宝田もなみ、八乃つばさ、雛菊つばさ、霧島さくら、波多野結衣、豊田愛菜、江藤ゆい、小西悠、石原莉奈、梨杏なつ、今宮いずみ、成宮いろは、二宮和香、香椎りあ、春菜はな、河南実里、美谷朱里、若菜奈央、天野美優、加藤みゆ紀、三原ほのか、相沢夏帆、立花瑠莉、星奈あい、今井真由美、松下紗栄子、眞実かなえ,https://www.javbus.com/BF-577,
AGMX-010 膣壁が嫉妬するパンストの使い方。～パンストに包まれ、パンストに出す、パンストの新しい在り方～,AGMX-010 膣壁が嫉妬するパンストの使い方。～パンストに包まれ、パンストに出す、パンストの新しい在り方～,AGMX-010,,2019-05-20,132分鐘,,SEXAgent/妄想族,SEXAgent,,OL、連褲襪、秘書、乳液、DMM獨家、打手槍,阿部乃みく、AIKA、石川祐奈、椿井えみ、新美かりん、倉木しおり、一ノ瀬あやめ、二宮和香,https://www.javbus.com/AGMX-010,
EMRD-131 淫乱女性厳選！イキっぱなしオナニー50人8時間,EMRD-131 淫乱女性厳選！イキっぱなしオナニー50人8時間,EMRD-131,,2019-05-17,480分鐘,,エンペラー/妄想族,エンペラー（エンペラー/妄想族）,,合集、4小時以上作品、按摩棒、巨尻、巨乳、DMM獨家、自慰,水野朝陽、かなで自由、きみと歩実、推川ゆうり、高崎莉依、吹石れな、AIKA、綾野ゆり子、ゆうか凛、片岡なぎさ、島津かおる、橋下まこ、城崎つゆみ、今井真由美、澤村レイコ（高坂保奈美、高坂ますみ）、浜崎真緒、永井みひな、松本メイ、藤沢麻衣子、メイメイ、咲々原リン、西条麻美、川上ゆう（森野雫）、横山みれい、安野由美、桐山結羽、阿部栞菜、鈴木ひなた、武田真、花咲いあん、三島奈津子、小西悠、池上まひろ、成海夏季、西山あさひ、福咲れん、佳苗るか、桃山凛、大槻ひびき、尾上若葉、優月まりな、二宮和香、紺野ひかる、桐嶋りの、本田岬、桜井彩、通野未帆、由來ちとせ、あやね遥菜,https://www.javbus.com/EMRD-131,
RCTD-223 時間が止まる腕時計を使って僕だけのWAM美術館を作ろう,RCTD-223 時間が止まる腕時計を使って僕だけのWAM美術館を作ろう,RCTD-223,,2019-05-09,160分鐘,スケアクロウ,ROCKET,ROCKET,,其他戀物癖、凌辱、高畫質、時間停止,二宮和香、小宮山えまり、伊織いずみ,https://www.javbus.com/RCTD-223,
GRCH-307 C-3探偵事務所～あらゆる調査を、愛をこめて、最後まで～ ディレクターズカット版,GRCH-307 C-3探偵事務所～あらゆる調査を、愛をこめて、最後まで～ ディレクターズカット版,GRCH-307,,2019-05-09,344分鐘,NoB,SODクリエイト,GIRL’SCH,,各種職業、4小時以上作品、高畫質、戲劇、故事集、給女性觀眾,上原千明、川越ゆい、二宮和香、南梨央奈,https://www.javbus.com/GRCH-307,
PHD-003 緊縛奴隷夫人 縛られて犯される人妻たち 12人4時間,PHD-003 緊縛奴隷夫人 縛られて犯される人妻たち 12人4時間,PHD-003,,2019-04-30,239分鐘,,バミューダ,フェニックス,,成熟的女人、紧缚、合集、4小時以上作品、高畫質,篠田あゆみ、かさいあみ、神納花、仁美まどか、二宮和香、中里美穂、波多野結衣、花咲いあん、桃瀬ゆり、北条麻妃、臼井さと美、森沢かな（飯岡かなこ）,https://www.javbus.com/PHD-003,
PHD-001 縛り拷問 奴隷市場の宴 其ノ参,PHD-001 縛り拷問 奴隷市場の宴 其ノ参,PHD-001,,2019-04-29,239分鐘,,バミューダ,フェニックス,奴隷市場の宴,SM、紧缚、合集、監禁、性奴、拘束、殘忍畫面、4小時以上作品、高畫質,仁美まどか、神納花、中里美穂、松本まりな、真島かおる、小谷みのり、玉城マイ、一之瀬すず、森沢かな（飯岡かなこ）、二宮和香,https://www.javbus.com/PHD-001,
DMOW-189 淫語で責められながらハメられちゃった僕 6時間,DMOW-189 淫語で責められながらハメられちゃった僕 6時間,DMOW-189,,2019-04-22,357分鐘,,OFFICEK’S,mow,,蕩婦、口交、淫語、戀腿癖、4小時以上作品、高畫質、顏面騎乘、M男、打手槍,神波多一花、三喜本のぞみ、北川エリカ、水野朝陽、真木今日子、佐々木あき、二宮和香、若槻みづな,https://www.javbus.com/DMOW-189,
NSPS-799 ながえSTYLE厳選女優 チ○ポを押し込みたくなる卑猥な顔つき 生まれながらの マ○コ顔23人,NSPS-799 ながえSTYLE厳選女優 チ○ポを押し込みたくなる卑猥な顔つき 生まれながらの マ○コ顔23人,NSPS-799,,2019-04-21,512分鐘,佐野B作,ながえスタイル,ながえSTYLE,ながえSTYLE厳選女優,成熟的女人、合集、已婚婦女、4小時以上作品、高畫質、戲劇、DMM獨家,伊東真緒、篠田あゆみ、山本美和子、三島奈津子、松うらら、かなで自由、内村りな、成宮いろは、城崎桐子、碧しの（篠めぐみ）、葵千恵、水元恵梨香、本庄優花、水野朝陽、加藤ツバキ（夏樹カオル）、浜崎真緒、尾上若葉、二宮和香、天海しおり、潮見百合子、大崎静子、前田可奈子、上野菜穂,https://www.javbus.com/NSPS-799,
PHD-006 金粉大全集 弐巻 12人200分スペシャル！豪華絢爛女優たちのエロく輝く狂宴！,PHD-006 金粉大全集 弐巻 12人200分スペシャル！豪華絢爛女優たちのエロく輝く狂宴！,PHD-006,,2019-04-17,200分鐘,,バミューダ,フェニックス,○粉奴隷,紧缚、其他戀物癖、合集、性奴、高畫質,篠田あゆみ、神波多一花、Maika（MEW）、森沢かな（飯岡かなこ）、吹石れな、西田カリナ、中里美穂、AIKA、二宮和香、神納花、推川ゆうり、卯水咲流,https://www.javbus.com/PHD-006,
PHD-005 緊縛媚薬レイプ 闇に潜む鬼たち 4時間 17人の犠牲者,PHD-005 緊縛媚薬レイプ 闇に潜む鬼たち 4時間 17人の犠牲者,PHD-005,,2019-04-16,240分鐘,,バミューダ,フェニックス,,藥物、紧缚、4小時以上作品、高畫質,波多野結衣、佳苗るか、横山みれい、神納花、初美沙希、若槻みづな、小谷みのり、桃瀬ゆり、北条麻妃、浜崎真緒、二宮和香、大杜若羽、玉城マイ、小倉舞、中里美穂、篠田あゆみ、三喜本のぞみ,https://www.javbus.com/PHD-005,
BF-571 射精間際から中出しまでの一番気持ちイイ瞬間4時間BEST,BF-571 射精間際から中出しまでの一番気持ちイイ瞬間4時間BEST,BF-571,,2019-04-04,240分鐘,,BeFree,BeFree,,合集、中出、4小時以上作品、巨乳、DMM獨家,松下紗栄子、宝田もなみ、水野朝陽、篠田ゆう、八乃つばさ、桐山結羽、君島みお、波多野結衣、美谷朱里、富田優衣、霧島さくら、成宮いろは、桃瀬ゆり、三島奈津子、浜崎なお、姫川ゆうな、立花瑠莉、星奈あい、河南実里、栄川乃亜、本田岬、今宮いずみ、めぐり（藤浦めぐ）、小西悠、桜井彩、雛菊つばさ、天野美優、加藤みゆ紀、江藤ゆい、なつき、桐嶋りの、眞実かなえ、香椎りあ、二宮和香,https://www.javbus.com/BF-571,
NBES-010 JET映像3年間の集大成 フェラチオNTR100人BEST8時間,NBES-010 JET映像3年間の集大成 フェラチオNTR100人BEST8時間,NBES-010,,2019-04-04,480分鐘,,JET映像,JET映像,,成熟的女人、合集、已婚婦女、4小時以上作品、出軌、DMM獨家,波多野結衣、蓮実クレア、あおいれな、麻里梨夏、臼井さと美、吹石れな、涼海みさ、緒奈もえ、笹倉杏、桃瀬ゆり、星空もあ、保坂えり、西川ゆい、中山香苗、浅田結梨、河北紗依、若槻みづな、跡美しゅり、二宮和香、青山茉利奈、小野寺梨紗、松井優子、椎名そら、佐々木あき、香椎りあ、新山沙弥、森沢かな（飯岡かなこ）、推川ゆうり、高山えみり、森はるら、谷原希美、原ちとせ、星野ひびき、中村奈菜、中里美穂、西条沙羅、紺野まこ、香山美桜、水元恵梨香、三喜本のぞみ、通野未帆、塚田詩織、千乃あずみ、涼川絢音、宮部涼花、七草ちとせ、前園希美、澁谷果歩、乙葉ななせ、若菜奈央、霧島さくら、後藤里香、苑田あゆり、関根奈美、君島みお、夏樹まりな、斉藤みゆ、大槻ひびき、加山なつこ、風間ゆみ、KAORI、明里ともか、泉ののか、今宮いずみ、とみの伊織、あず希、日向あいり、二階堂ゆり、三島奈津子、栄川乃亜、佐倉ねね、彩奈リナ（七原あかり）、安達かすみ、川上ゆう（森野雫）、紺野ひかる、澤村レイコ（高坂保奈美、高坂ますみ）、国見みすず、円城ひとみ、水野朝陽、たかせ由奈、きみと歩実、なつめ愛莉、桜ちなみ、広瀬うみ、宮下華奈、藤本紫媛、浜崎真緒、三浦恵理子、桜井彩、北条麻妃、秋山静香、菅野さゆき、北川エリカ、西條るり、小西悠、春原未来、松本メイ、尾上若葉、サリー,https://www.javbus.com/NBES-010,
NACX-028 くねらす絶品ボディ中出し14人,NACX-028 くねらす絶品ボディ中出し14人,NACX-028,,2019-04-01,241分鐘,,プラネットプラス,七狗留,,苗條、合集、中出、4小時以上作品、高畫質、巨乳,水野朝陽、芦名ユリア、香川ゆの、蓮実クレア、高嶋ゆいか、枢木みかん、清城ゆき、若菜奈央、ERIKA（モカ、MOKA）、彩奈リナ（七原あかり）、二宮和香、朝日かえで、真木今日子、逢沢まりあ,https://www.javbus.com/NACX-028,
AGEMIX-427 超ガン見フェラ4～イキ顔＋潤んだ瞳でジっと見つめ合い、白濁液尽きるその時までその目を離さない～,AGEMIX-427 超ガン見フェラ4～イキ顔＋潤んだ瞳でジっと見つめ合い、白濁液尽きるその時までその目を離さない～,AGEMIX-427,,2019-04-01,134分鐘,,SEXAgent/妄想族,SEXAgent,超ガン見フェラ,蕩婦、企畫、口交、姐姐、主觀視角、高畫質、DMM獨家,石川祐奈、椿井えみ、倉木しおり、二宮和香、一ノ瀬あやめ、AIKA、河合ののか、新美かりん,https://www.javbus.com/AGEMIX-427,
NSPS-788 【衝撃】修羅場NTR 妻と知人のファック現場,NSPS-788 【衝撃】修羅場NTR 妻と知人のファック現場,NSPS-788,,2019-03-23,127分鐘,ながえ,ながえスタイル,ながえSTYLE,,已婚婦女、新娘、年輕妻子、通姦、高畫質、出軌、戲劇、DMM獨家,初美りん、二宮和香、高梨りの,https://www.javbus.com/NSPS-788,
AUKB-094 下品丸出し！極上レズビアンベロ交尾 240分！！,AUKB-094 下品丸出し！極上レズビアンベロ交尾 240分！！,AUKB-094,,2019-03-01,240分鐘,滝口シルヴィア,U＆K,U＆K,,女同性戀、其他戀物癖、合集、4小時以上作品、女同接吻、高畫質、キス・接吻、DMM獨家,春原未来、葉月潤、神波多一花、花咲いあん、天野小雪、美咲結衣、北川ゆず、今藤霧子、加藤ツバキ（夏樹カオル）、二宮和香、早川瀬里奈、朝桐光、黒木あおい、横山みれい、希咲あや、桜木えみ香、浜崎真緒、上原花恋、井上綾子、森下美緒、神ユキ、水谷あおい、黒木いくみ、笠原あおい、吉田花、本庄優花、西村ニーナ、葵千恵,https://www.javbus.com/AUKB-094,
XRW-645 人妻緊縛調教,XRW-645 人妻緊縛調教,XRW-645,,2019-02-22,120分鐘,ディラン富増,レアルワークス,REAL（レアルワークス）,,紧缚、其他戀物癖、已婚婦女、高畫質,橘メアリー、二宮和香、児玉るみ、神納花、四宮あかり,https://www.javbus.com/XRW-645,
FSET-815 かわいい彼女とラブラブキス体験 2人っきりでねっとりキス手コキ,FSET-815 かわいい彼女とラブラブキス体験 2人っきりでねっとりキス手コキ,FSET-815,,2019-02-21,110分鐘,FSET,アキノリ,AKNR,,妄想、主觀視角、高畫質、キス・接吻,心花ゆら、二宮和香、卯水咲流、きみと歩実、望月りさ、橋本れいか、椎葉みくる、七海ゆあ、水谷あおい、若月みいな,https://www.javbus.com/FSET-815,
CMN-197 シネマジック 乳首責め 執拗系コレクション7,CMN-197 シネマジック 乳首責め 執拗系コレクション7,CMN-197,,2019-02-03,200分鐘,三島達郎,シネマジック,NOIR,乳首責め執拗系コレクション,SM、紧缚、戀乳癖、母乳、折磨、DMM獨家,若林ひかる、葵紫穂、麻木莉恵、児玉るみ、二宮和香、柊さき、小野麻里亜、小峰ひなた、佐々木レナ、島田紗江、村井志穂、紺野和香、橋本怜奈、八木あずさ、中里美穂、南澤ゆりえ、美月優芽,https://www.javbus.com/CMN-197,
BF-565 痙攣絶頂状態のカラダに容赦なく追撃ピストン！8時間 またイっちゃう！！だめだめもうイグッぅぅう！！,BF-565 痙攣絶頂状態のカラダに容赦なく追撃ピストン！8時間 またイっちゃう！！だめだめもうイグッぅぅう！！,BF-565,,2019-02-02,480分鐘,,BeFree,BeFree,,角色扮演、合集、花癡、姐姐、4小時以上作品、DMM獨家,三島奈津子、桃瀬ゆり、小出亜衣子、姫川ゆうな、めぐり（藤浦めぐ）、波多野結衣、篠田ゆう、白石りん、本田岬、霧島さくら、三原ほのか、桐嶋りの、江藤ゆい、加藤みゆ紀、若菜奈央、君島みお、桐山結羽、松下紗栄子、星奈あい、今宮いずみ、石原莉奈、成宮いろは、眞実かなえ、栄川乃亜、二宮和香、立花瑠莉、八乃つばさ、桜咲姫莉、桜井彩、今井真由美、春菜はな、相沢夏帆、一ノ瀬梓、豊田愛菜、小西悠,https://www.javbus.com/BF-565,
NACX-024 細腰美熟女に中出し20人,NACX-024 細腰美熟女に中出し20人,NACX-024,,2019-02-01,243分鐘,,プラネットプラス,七狗留,,成熟的女人、苗條、已婚婦女、中出、4小時以上作品、高畫質,葵紫穂、青木玲、麻生千春、井上綾子、本庄瞳、峰岸カレン、武藤あやか、森下美緒、平岡里枝子、冴君麻衣子、北条麻妃、清城ゆき、佐々木あき、上原千佳、七海ひさ代、神波多一花、堀内秋美、神納花、二宮和香、滝本エレナ,https://www.javbus.com/NACX-024,
DXDB-036 女密偵秘唇処刑の残虐 Breaking Acme ULTIMATE BEST ～極上女体が涙を流して咆哮する屈辱の炎上地獄～,DXDB-036 女密偵秘唇処刑の残虐 Breaking Acme ULTIMATE BEST ～極上女体が涙を流して咆哮する屈辱の炎上地獄～,DXDB-036,,2019-01-27,238分鐘,,BabyEntertainment,BLACKBABY,BreakingAcme,合集、女檢察官、凌辱、殘忍畫面、折磨、DMM獨家,二宮ナナ、玉城マイ、倉多まお、松本メイ、三井麗子、二宮和香、尾上若葉、横山夏希,https://www.javbus.com/DXDB-036,
MIZD-123 「もぅイッちゃいます！」状態の 限界突破フェラチオラッシュ100連発,MIZD-123 「もぅイッちゃいます！」状態の 限界突破フェラチオラッシュ100連発,MIZD-123,,2019-01-26,240分鐘,,ムーディーズ,MOODYZBest,,口交、合集、花癡、數位馬賽克、4小時以上作品、DMM獨家,妃月るい、美谷朱里、つぼみ、AIKA、三原ほのか、桐嶋りの、秋山祥子、阿由葉あみ、あず希、神咲詩織、蓮実クレア、浜崎真緒、JULIA、冬月かえで、優梨まいな、高杉麻里、神谷充希、MIKA、山井すず、河南実里、八乃つばさ、泉りおん、西宮このみ、天海こころ、冴木エリカ、真白ここ、佐々木あき、本田岬、輝月あんり、野々宮みさと、佳苗るか、涼川絢音、竹内真琴、今永亜美、枢木みかん、河北はるな、麻里梨夏、めぐり（藤浦めぐ）、心花ゆら、ANRI、鈴木真夕、穂高結花、木村つな、あべみかこ、初川みなみ、西田カリナ、跡美しゅり、椎名そら、碧しの（篠めぐみ）、二宮和香,https://www.javbus.com/MIZD-123,
MDB-991 めちゃくちゃ妊娠しやすそうな爆乳女子に強制中出し 4時間フルコンプリートBEST,MDB-991 めちゃくちゃ妊娠しやすそうな爆乳女子に強制中出し 4時間フルコンプリートBEST,MDB-991,,2019-01-25,240分鐘,K太郎,メディアステーション,BAZOOKA（バズーカ）,めちゃくちゃ妊娠しやすそうな爆乳女子に強制中出し,合集、凌辱、中出、高畫質、眼鏡、巨乳,霧島さくら、広瀬うみ、保志美あすか、桂木ゆに、石川祐奈、みつ葉（菊川みつ葉）、二宮和香、羽生ありさ、有坂つばさ、推川ゆうり、若槻みづな、西条沙羅、三島奈津子、斉藤みゆ、宝田もなみ、河音くるみ,https://www.javbus.com/MDB-991,
CESD-696 スケベな女優限定！無礼講すぎる大乱交合コン21時間41分,CESD-696 スケベな女優限定！無礼講すぎる大乱交合コン21時間41分,CESD-696,,2019-01-13,1301分鐘,,セレブの友,セレブの友,無礼講すぎる大乱交合コン,成熟的女人、濫交、纪录片、爛醉如泥的、16時間以上作品、巨乳、DMM獨家,森沢かな（飯岡かなこ）、前田可奈子、香椎りあ、君島みお、最上晶、大槻ひびき、吉岡奈々子、北乃みれい、竹内梨恵、水川愛莉、朝比奈菜々子、尾上若葉、泉なつみ、新垣智江、前田のの（菊池ひなの）、きみと歩実、優月まりな、浜崎真緒、すみれ（東尾真子）、二宮和香、紺野ひかる、橋下まこ、牧野れいな、斉藤りこ、はるのるみ、成海夏季、佳苗るか、島津かおる、風間ゆみ、結城みさ、村上涼子（中村りかこ、黒木菜穂）、羽月希、円城ひとみ,https://www.javbus.com/CESD-696,
VRTM-407 AV女優 黒パンスト直履き！足裏見せつけディルドオナニーコレクション,VRTM-407 AV女優 黒パンスト直履き！足裏見せつけディルドオナニーコレクション,VRTM-407,,2019-01-11,230分鐘,ホイップローズ,V＆RPRODUCE,V＆RPRODUCE,,玩具、OL、連褲襪、高畫質、自慰,波多野結衣、水野朝陽、霧島さくら、浜崎真緒、風間ゆみ、北川エリカ、彩奈リナ（七原あかり）、宮崎あや、夏希みなみ、若月みいな、桜木優希音、羽生ありさ、福咲れん、浅田結梨、二宮和香、桜ちなみ、青葉優香、二階堂ゆり,https://www.javbus.com/VRTM-407,
TDSU-143 若妻素人ナンパ 「ち○ぽ洗い」のアルバイトしてたらムラムラしてSEXしちゃった欲求不満な人妻たち 5時間,TDSU-143 若妻素人ナンパ 「ち○ぽ洗い」のアルバイトしてたらムラムラしてSEXしちゃった欲求不満な人妻たち 5時間,TDSU-143,,2019-01-10,297分鐘,,OFFICEK’S,スノヒト,,業餘、口交、已婚婦女、纪录片、新娘、年輕妻子、4小時以上作品、高畫質、打手槍,北川エリカ、森保さな、二宮和香、月野ゆりあ、朝比奈菜々子、朝長ゆき,https://www.javbus.com/TDSU-143,
CMC-212 Cinemagic DVDベスト30 PartXIII,CMC-212 Cinemagic DVDベスト30 PartXIII,CMC-212,,2018-12-30,155分鐘,三島達郎,シネマジック,collect,CinemagicDVDベスト30,SM、其他戀物癖、合集、性奴、折磨、DMM獨家,星空もあ、花咲いあん、加藤ツバキ（夏樹カオル）、広瀬奈々美（堀口奈津美）、水城えま、鶴田かな、黒井ミサ、野々宮みさと、真田美樹、白桃心奈、初芽里奈、白星りり、笠原あおい、友枝みなみ、佐野優佳、神山なな、横山みれい、桜咲姫莉、神楽アイネ、川崎紀里恵、二宮和香、かなで自由、緒方泰子、早川瑞希、西口あられ、高瀬杏、藤原花凛、速美もな、江上しほ、安達かすみ、吉田花、児玉るみ、柊木なな（葉山美空）、徳永れい、西田カリナ、安達メイ、青山のあ、久我かのん、浜崎真緒、盛岡れみ、柊さき、北島玲、武居静香、相澤ゆりな,https://www.javbus.com/CMC-212,
MIXMIX-064 あなたと私、見つめ合うフェラ,MIXMIX-064 あなたと私、見つめ合うフェラ,MIXMIX-064,,2018-12-21,213分鐘,,SEXAgent,SEXAgent,,蕩婦、企畫、口交、美少女、高畫質、吞精,浜崎真緒、あおいれな、涼海みさ、倉多まお、玉木くるみ、尾上若葉、さくらみゆき、今井ゆあ、二宮和香,https://www.javbus.com/MIXMIX-064,
DNW-013 渋谷盗撮ぬるテカオイルマッサージ05,DNW-013 渋谷盗撮ぬるテカオイルマッサージ05,DNW-013,,2018-12-21,267分鐘,,プレステージ,ドキュメントなう。,渋谷盗撮ぬるテカオイルマッサージ,業餘、苗條、偷窥、中出、4小時以上作品、按摩、高畫質、巨乳,紺野ひかる、二宮和香、川口ともか、大谷しおり,https://www.javbus.com/DNW-013,
CADV-696 人妻色欲百景8時間,CADV-696 人妻色欲百景8時間,CADV-696,,2018-12-16,479分鐘,,クリスタル映像,CRYSTALEX,,成熟的女人、合集、亂倫、無毛、已婚婦女、通姦、中出、4小時以上作品、高畫質、出軌、顏射、巨乳,波多野結衣、佐々木あき、蓮実クレア、水野朝陽、浅田結梨、泉なつみ、篠田ゆう、千乃あずみ、秋野千尋、吉田花、推川ゆうり、彩奈リナ（七原あかり）、美泉咲、高瀬杏、新垣智江、櫻井菜々子、神崎莉乃、春菜はな、井上まこと、二宮和香、三島奈津子、小西悠、小早川怜子、紅林琴音、篠宮千明、森崎りか、由來ちとせ、優月まりな、若槻みづな、一条綺美香、鮎原いつき、成澤ひなみ、黒木あおい、清塚那奈、有馬優羽、内村りな、篠田あゆみ、松下美織、羽月希、橘メアリー、郡司結子、今井すみか、水城奈緒、一松愛梨、響りん、織田玲子、河西希、二宮莉央、奈良絵美子、坂下えみ、野宮さとみ、松坂美紀、桐島美奈子、本真ゆり、笹宮えれな、神納花、繭村めい、中園貴代美、涼宮のん、深美せりな、水野ふうか、神山なな、北川エリカ、堀越なぎさ、長谷川由香、西山あさひ、乃南静香、泉ののか、波木真由、霧島さくら、羽生ありさ、白河里奈、藤井あいり、鈴村いろは、紺野まこ、宮部涼花、神谷秋妃、西川りおん、水元恵梨香、潮絢那、西条沙羅、和泉紫乃、二階堂ゆり、中井まゆみ、夏希みなみ、笹倉杏、春川なのは、桐原莉那、相澤ゆりな、沙藤まゆ、前園希美、倉本雪音、華原美奈子、美月潤、柚木和奏、浜崎真緒、澁谷果歩、深澤あや、たかせ由奈、川村まや,https://www.javbus.com/CADV-696,
EMRD-113 美巨乳×美尻のスケベなおねだり熟女50人が本気絶頂（マジイキ）SEX,EMRD-113 美巨乳×美尻のスケベなおねだり熟女50人が本気絶頂（マジイキ）SEX,EMRD-113,,2018-12-14,480分鐘,,エンペラー/妄想族,エンペラー（エンペラー/妄想族）,,成熟的女人、乳房、中出、4小時以上作品、巨尻、巨乳、DMM獨家,波多野結衣、春菜はな、水野朝陽、推川ゆうり、朝比奈菜々子、水川愛莉、泉ののか、優月まりな、花咲いあん、通野未帆、小池奈央、今井真由美、桜井彩、吹石れな、西条麻美、三島奈津子、大槻ひびき、森沢かな（飯岡かなこ）、桃瀬ゆり、村上涼子（中村りかこ、黒木菜穂）、水澤りこ、美玲、芹沢あづさ、谷原希美、桐嶋りの、麻生希、円城ひとみ、川上ゆう（森野雫）、前園ゆり、浜崎なお、高嶋ゆいか、橋下まこ、紺野ひかる、二宮和香、浜崎真緒、きみと歩実、佳苗るか、成海夏季、北乃みれい、新垣智江、風間ゆみ、尾上若葉、本田岬、最上晶、泉なつみ、かなで自由、香椎りあ、AIKA、笹倉杏、前田のの（菊池ひなの）,https://www.javbus.com/EMRD-113,
MIZD-118 極上のサービスを1ヶ月間毎日楽しめる！！ MOODYZ日めくり風俗カレンダー,MIZD-118 極上のサービスを1ヶ月間毎日楽しめる！！ MOODYZ日めくり風俗カレンダー,MIZD-118,,2018-12-13,480分鐘,,ムーディーズ,MOODYZBest,,口交、合集、妓女、美少女、數位馬賽克、4小時以上作品、DMM獨家、打手槍,鈴木真夕、今宮いずみ、倉持りん（望月さくら）、西田カリナ、つぼみ、篠田ゆう、笹倉杏、水野朝陽、あべみかこ、波多野結衣、美国沙耶、西原ゆう、JULIA、河南実里、君島みお、柏木もも、春菜はな、通野未帆、めぐり（藤浦めぐ）、二宮和香、椎名そら、栄川乃亜、森川アンナ、本田岬、枢木あおい、桐嶋りの、立花瑠莉、野々宮みさと、若菜奈央、美咲かんな、姫川ゆうな、桜井彩、西宮このみ、神谷充希,https://www.javbus.com/MIZD-118,
SILK-110 Midnight Egoists,SILK-110 Midnight Egoists,SILK-110,,2018-12-06,135分鐘,KINO,SILKLABO,SILKLABO,,情侶、其他、多P、羞恥、高畫質、戲劇、給女性觀眾,上原千明、一ノ瀬恋、二宮和香,https://www.javbus.com/SILK-110,
BF-559 麗しの美尻パンストBEST8時間,BF-559 麗しの美尻パンストBEST8時間,BF-559,,2018-12-06,480分鐘,,BeFree,BeFree,,合集、連褲襪、屁股、戀腿癖、DMM獨家,三島奈津子、桃瀬ゆり、姫川ゆうな、立花瑠莉、二宮和香、眞実かなえ、成宮いろは、今宮いずみ、めぐり（藤浦めぐ）、天野美優、桐山結羽、波多野結衣、豊田愛菜、松下紗栄子、本田岬、篠田ゆう、三原ほのか、桐嶋りの、江藤ゆい、若菜奈央,https://www.javbus.com/BF-559,
SIS-093 発情した姉たちと禁断性交する弟の近親相姦映像 4時間,SIS-093 発情した姉たちと禁断性交する弟の近親相姦映像 4時間,SIS-093,,2018-12-01,241分鐘,,グレイズ,sister,,蕩婦、苗條、亂倫、投稿、姐妹、中出、4小時以上作品、高畫質、巨乳,蓮実クレア、森はるら、二宮和香、佐々木あき、羽生ありさ、阿部栞菜、坂咲みほ、中尾芽衣子、北川ゆず、日比乃さとみ,https://www.javbus.com/SIS-093,
CLUB-521 隠撮主観 ささやき淫語と素股で優しく射精に導いてくれる美女たちに精子が枯れるまで絞り取られる。2,CLUB-521 隠撮主観 ささやき淫語と素股で優しく射精に導いてくれる美女たちに精子が枯れるまで絞り取られる。2,CLUB-521,,2018-11-30,240分鐘,,変態紳士倶楽部,変態紳士倶楽部,隠撮主観,苗條、淫語、偷窥、女上位、主觀視角、高畫質、DMM獨家,二宮和香、高杉麻里、有坂深雪、沖田里緒、浅見せな、星乃レイア、南あや,https://www.javbus.com/CLUB-521,
SVS-061 セクシーコスチューム濡れ透けコレクションIII,SVS-061 セクシーコスチューム濡れ透けコレクションIII,SVS-061,,2018-11-24,240分鐘,渡辺琢斗,AVScollector’s,AVS,セクシーコスチューム濡れ透けコレクション,連褲襪、緊身衣、4小時以上作品、高畫質、DMM獨家,君島みお、波多野結衣、星奈あい、八乃つばさ、川村まや、かなで自由、北川エリカ、咲坂花恋、卯水咲流、春菜はな、三島奈津子、香苗レノン、宮川ありさ、二階堂ゆり、清城ゆき、逢沢るる、桜井彩、通野未帆、二宮和香、斉藤みゆ、一条リオン、美谷朱里、優月まりな、夏樹まりな,https://www.javbus.com/SVS-061,
IENE-950 経験豊富な優しい素人人妻が最高の童貞筆おろし 16,IENE-950 経験豊富な優しい素人人妻が最高の童貞筆おろし 16,IENE-950,,2018-11-22,222分鐘,,アイエナジー,IENERGY！,経験豊富な優しい素人人妻が最高の童貞筆おろし,企畫、業餘、已婚婦女、纪录片、新娘、年輕妻子、高畫質、處男,二宮和香、松下美織、理々香、胡桃たえ,https://www.javbus.com/IENE-950,
PRMJ-016 今日も叔母の玩具にされて…,PRMJ-016 今日も叔母の玩具にされて…,PRMJ-016,,2018-11-18,240分鐘,,プレミアム熟女/エマニエル,プレミアム熟女/エマニエル,,蕩婦、成熟的女人、亂倫、乳房、巨乳、DMM獨家,二宮和香、長谷川美沙、華山美里、深田さえこ,https://www.javbus.com/PRMJ-016,
VRTM-395 Fカップ以上の巨乳限定！柔らかなデカ乳姉20名の母性溢れるオッパイを弟が揉みまくり！一線を越えた禁断の近親相姦SEXで50発射精！,VRTM-395 Fカップ以上の巨乳限定！柔らかなデカ乳姉20名の母性溢れるオッパイを弟が揉みまくり！一線を越えた禁断の近親相姦SEXで50発射精！,VRTM-395,,2018-11-09,300分鐘,,V＆RPRODUCE,V＆RPRODUCE,,企畫、乳交、合集、亂倫、戀乳癖、姐姐、姐妹、乳房、中出、4小時以上作品、高畫質、巨乳,水野朝陽、浜崎真緒、蓮実クレア、若月みいな、江上しほ、白間れおな、河北はるな、霧生ゆきな、舞野いつき、杏堂怜、綾瀬みなみ、二宮和香、雛菊つばさ、折原ほのか、尾上若葉、彩奈リナ（七原あかり）、由來ちとせ、森はるら、桜ちなみ、日向あいり,https://www.javbus.com/VRTM-395,
BF-556 お口にそのままアッツアツの精子全部ちょうだい 口内射精フェラチオ8時間BEST,BF-556 お口にそのままアッツアツの精子全部ちょうだい 口内射精フェラチオ8時間BEST,BF-556,,2018-11-03,480分鐘,,BeFree,BeFree,,口交、合集、姐姐、高畫質、巨乳、DMM獨家,三島奈津子、小出亜衣子、浜崎なお、姫川ゆうな、君島みお、河南実里、本田岬、春菜はな、香椎りあ、星奈あい、美谷朱里、松下紗栄子、一ノ瀬梓、桜井彩、相沢夏帆、若菜奈央、江藤ゆい、波多野結衣、三原ほのか、桐嶋りの、今井真由美、立花瑠莉、二宮和香、栄川乃亜、眞実かなえ、成宮いろは、石原莉奈、梨杏なつ、今宮いずみ、めぐり（藤浦めぐ）、雛菊つばさ、小西悠、八乃つばさ、篠田ゆう,https://www.javbus.com/BF-556,
JKSR-370 いや、コレ完全にウチの会社のあの子じゃん… 職場でマドンナ的存在の美人妻が有休取った日に温泉宿でヤラれまくってたマル秘映像。4時間13人,JKSR-370 いや、コレ完全にウチの会社のあの子じゃん… 職場でマドンナ的存在の美人妻が有休取った日に温泉宿でヤラれまくってたマル秘映像。4時間13人,JKSR-370,,2018-10-27,240分鐘,obockey,ビッグモーカル,ピンクジャンキー,,和服・喪服、已婚婦女、纪录片、4小時以上作品、高畫質、温泉,相澤ゆりな、美月恋、唯川希、瀬名一花、松下美織、前田えま（加藤えま）、西内るな、二宮和香、瀬田奏恵、小嶋えみり、日向あいり、富野伊織,https://www.javbus.com/JKSR-370,
KMDS-20423 人妻の乱舞！騎乗位でイキ狂う,KMDS-20423 人妻の乱舞！騎乗位でイキ狂う,KMDS-20423,,2018-10-26,239分鐘,,カマタ映像,弁天,,已婚婦女、花癡、女上位、4小時以上作品,長谷川美沙、神谷朱音、真下ちづる、松岡瑠実、新川千尋、新田真美、夏希結愛、二宮和香,https://www.javbus.com/KMDS-20423,
NSPS-755 男と女の愛欲と情念 心に残る官能的エロ本,NSPS-755 男と女の愛欲と情念 心に残る官能的エロ本,NSPS-755,,2018-10-22,114分鐘,佐野B作,ながえスタイル,ながえSTYLE,,已婚婦女、通姦、高畫質、出軌、戲劇、DMM獨家,沖田里緒、真木今日子、二宮和香,https://www.javbus.com/NSPS-755,
POST-465 コンビニエンスストア 美人万引犯を捕まえろ！ 万引き！捕まえたら何しても良い？店内でやりたい放題ヤッた店員たち4 11名＋未公開映像4名=15名 全映像集,POST-465 コンビニエンスストア 美人万引犯を捕まえろ！ 万引き！捕まえたら何しても良い？店内でやりたい放題ヤッた店員たち4 11名＋未公開映像4名=15名 全映像集,POST-465,,2018-10-21,450分鐘,,レッド,POST（レッド）,美人万引犯を捕まえろ,苗條、凌辱、中出、4小時以上作品、高畫質、巨乳、DMM獨家,横山凛、川越ゆい、高瀬杏、二宮和香、愛華みれい、あおいれな、今井ゆあ、松うらら、かさいあみ、黒木澪、岸川しの、水谷杏、佐々木莉那、みゆき菜々子,https://www.javbus.com/POST-465,
SW-585 夫婦交換スワッピング！「奥さんの目の前で、その勃起したチ○ポ私の中で激しく出し入れしてください」旦那が見てるのに他人棒でイキまくるどうしようもない人妻たち 近所の御夫婦と公然不倫で大興奮！,SW-585 夫婦交換スワッピング！「奥さんの目の前で、その勃起したチ○ポ私の中で激しく出し入れしてください」旦那が見てるのに他人棒でイキまくるどうしようもない人妻たち 近所の御夫婦と公然不倫で大興奮！,SW-585,,2018-10-11,180分鐘,よっちゃん,SWITCH,SWITCH（SWITCH）,,企畫、已婚婦女、高畫質、出軌,真木今日子、川越ゆい、二宮和香、羽生ありさ,https://www.javbus.com/SW-585,
SCPX-303 弱い夫のモノだけじゃものたりない性欲絶倫妻たちは昼間から自宅に誘ったデカチンで奥まで突いてほしくてヤらしいデカ尻を何度も突きだしてくる！,SCPX-303 弱い夫のモノだけじゃものたりない性欲絶倫妻たちは昼間から自宅に誘ったデカチンで奥まで突いてほしくてヤらしいデカ尻を何度も突きだしてくる！,SCPX-303,,2018-09-28,257分鐘,,スクープ,SCOOP（スクープ）,,已婚婦女、4小時以上作品、高畫質、出軌、巨尻,美咲かんな、葵千恵、二宮和香、早野いちか、白金れい奈、諸星エミリー,https://www.javbus.com/SCPX-303,
SW-582 「久しぶりにお風呂一緒にはいろ！」湯船は親戚のおばさんのボインだらけで勃起しちゃったよ。「ママには内緒だよ」って洗うふりして握りしめてくるので絶倫チ○コでひぃひぃ言わせちゃいました。,SW-582 「久しぶりにお風呂一緒にはいろ！」湯船は親戚のおばさんのボインだらけで勃起しちゃったよ。「ママには内緒だよ」って洗うふりして握りしめてくるので絶倫チ○コでひぃひぃ言わせちゃいました。,SW-582,,2018-09-20,180分鐘,よっちゃん,SWITCH,SWITCH（SWITCH）,,企畫、成熟的女人、亂倫、高畫質、巨乳,推川ゆうり、桐嶋りの、二宮和香,https://www.javbus.com/SW-582,
RBB-140 発射寸前！ 膣奥でイキたくて中出しを求める女にどくっ！！どくんっ！！マ○コ締め上げ最高の中出し8時間,RBB-140 発射寸前！ 膣奥でイキたくて中出しを求める女にどくっ！！どくんっ！！マ○コ締め上げ最高の中出し8時間,RBB-140,,2018-09-19,480分鐘,,ROOKIE,ROOKIE,,蕩婦、合集、中出、4小時以上作品、DMM獨家,織田真子、倉多まお、水野朝陽、東凛、澁谷果歩、美竹すず、跡美しゅり、秋草めい、一之瀬みき、五十嵐星蘭、桜咲姫莉、霧島さくら、神咲詩織、西野翔、めぐり（藤浦めぐ）、舞島あかり、星咲伶美、優月まりな、佐々波綾、桐嶋りの、谷原希美、河南実里、涼川絢音、心花ゆら、緒川りお、桜井まほ、梨杏なつ、小西悠、二宮和香、蓮実クレア、二階堂ゆり、AIKA、村上りおな、通野未帆、若菜奈央、佳苗るか、愛瀬美希、本田岬、志田ゆき、青山こころ、波多野結衣、姫川ゆうな、雛菊つばさ、澄川鮎、三原ほのか、麻里梨夏、佐山愛、北川エリカ、浅田結梨、今宮いずみ、栄川乃亜、佐倉ねね、立花瑠莉、丸山れおな、椎名そら、成海あすか、愛里るい、西田カリナ、あべみかこ、小野寺梨紗、佐々木あき、NAOMI、中村知恵、咲坂花恋、水川ひなこ、涼海みさ、桜井彩、日向曜、あおいれな、黒木澪、きみと歩実、篠崎みお,https://www.javbus.com/RBB-140,
AUKG-434 ガニ股絶頂手まん熟レズ,AUKG-434 ガニ股絶頂手まん熟レズ,AUKG-434,,2018-09-13,120分鐘,,U＆K,U＆K,ガニ股絶頂,成熟的女人、女同性戀、潮吹、手指插入、巨乳、DMM獨家,翔田千里、高嶋ゆいか、水上由紀恵、二宮和香、緒方泰子、葵百合香,https://www.javbus.com/AUKG-434,
MGMP-035 ザ☆淫語痴女 手コキ男犯 Mania 連射・男の潮吹き・亀頭ドライ・尿道・睾丸責め,MGMP-035 ザ☆淫語痴女 手コキ男犯 Mania 連射・男の潮吹き・亀頭ドライ・尿道・睾丸責め,MGMP-035,,2018-09-07,155分鐘,,MEGAMI,美女神Premium,手コキ男犯,蕩婦、潮吹、淫語、M男、DMM獨家、打手槍,辻本りょう、上野菜穂、二宮和香、神納花、黒木いくみ、一松愛梨、高城アミナ、七海ゆあ,https://www.javbus.com/MGMP-035,
XRW-545 剃毛緊縛 茂みを剃られて縛られた女たち,XRW-545 剃毛緊縛 茂みを剃られて縛られた女たち,XRW-545,,2018-08-24,119分鐘,ディラン富増,レアルワークス,REAL（レアルワークス）,,SM、紧缚、其他戀物癖、無毛、千金小姐、高畫質,森沢かな（飯岡かなこ）、玉城マイ、西田カリナ、二宮和香,https://www.javbus.com/XRW-545,
MCSR-308R ★配信限定特典付★超絶爆乳奥さんに中出し8時間SP 28人 Second edition！,MCSR-308R ★配信限定特典付★超絶爆乳奥さんに中出し8時間SP 28人 Second edition！,MCSR-308R,,2018-08-23,540分鐘,金子次郎,ビッグモーカル,マスカット,超絶爆乳奥さんに中出し,已婚婦女、中出、4小時以上作品、高畫質、巨乳,大島あいる、北川エリカ、小早川怜子、三井倉菜結、宮野ゆかな、澁谷果歩、愛咲えな、若槻みづな、成宮はるあ、三島奈津子、綾瀬みなみ、本真ゆり、浜崎真緒、水澤りこ、持田美琴、水城奈緒、篠田ゆう、伊織涼子、小出遥、尾上若葉、倉多まお、江上しほ、枢木みかん、星野あかり、霧生ゆきな、仲村茉莉恵、彩奈リナ（七原あかり）、二宮和香,https://www.javbus.com/MCSR-308R,
SW-577 満員バスで夫が横にいるのにムチムチ尻を僕の敏感チ○コに押しつけてくる人妻。勃起しちゃったチ○コを握りしめスリル萌え濡れまくったパンティの奥にメリメリ挿入してきちゃうよ～,SW-577 満員バスで夫が横にいるのにムチムチ尻を僕の敏感チ○コに押しつけてくる人妻。勃起しちゃったチ○コを握りしめスリル萌え濡れまくったパンティの奥にメリメリ挿入してきちゃうよ～,SW-577,,2018-08-23,130分鐘,山城猛,SWITCH,SWITCH（SWITCH）,満員バスで夫が横にいるのに,企畫、已婚婦女、高畫質、巨乳,紺野ひかる、高嶋ゆいか、二宮和香、あいだ飛鳥,https://www.javbus.com/SW-577,
RCTD-139 友達同士の男女がド痴女プレイ体験2,RCTD-139 友達同士の男女がド痴女プレイ体験2,RCTD-139,,2018-08-23,120分鐘,ドラゴン西川,ROCKET,ROCKET,友達同士の男女が○○体験,蕩婦、企畫、玩具、業餘、淫語、高畫質,三原ほのか、二宮和香、君島みお,https://www.javbus.com/RCTD-139,
MOPE-025 10人のエロい痴女が腰をくねらせぺ二バン男犯,MOPE-025 10人のエロい痴女が腰をくねらせぺ二バン男犯,MOPE-025,,2018-08-20,158分鐘,,M男パラダイス,MOEx,,蕩婦、合集、M男、巨乳、DMM獨家、肛交,宮崎あや、松坂美紀、早川瑞希、跡美しゅり、二宮和香、あおいれな、とみの伊織、かなで自由、唯川希、藤川れいな,https://www.javbus.com/MOPE-025,
AMA-023 SEXの逸材。ドスケベ素人の衝撃的試し撮り 性癖をこじらせてプレステージに自らやって来た本物素人さん達の顛末。 VOL.23,AMA-023 SEXの逸材。ドスケベ素人の衝撃的試し撮り 性癖をこじらせてプレステージに自らやって来た本物素人さん達の顛末。 VOL.23,AMA-023,,2018-08-17,243分鐘,,プレステージ,amateur,SEXの逸材。,業餘、口交、乳交、潮吹、4小時以上作品、高畫質、巨乳,浜崎真緒、二宮和香、美谷朱里、上原千佳,https://www.javbus.com/AMA-023,
WA-386 五つ星美人妻ナンパ中出し 羞恥心と背徳心が絶頂を呼ぶ 4時間SP,WA-386 五つ星美人妻ナンパ中出し 羞恥心と背徳心が絶頂を呼ぶ 4時間SP,WA-386,,2018-08-15,241分鐘,,ロータス,LOTUS,五つ星美人妻ナンパ中出し,成熟的女人、業餘、獵豔、已婚婦女、中出、4小時以上作品、高畫質,二宮和香、松下美織、木村成美、星あめり,https://www.javbus.com/WA-386,
RCTD-132 マイクロビキニでドキッ！巨乳20人！水泳大会2018,RCTD-132 マイクロビキニでドキッ！巨乳20人！水泳大会2018,RCTD-132,,2018-08-09,153分鐘,神戸たろう,ROCKET,ROCKET,マイクロビキニでドキッ！,企畫、女同性戀、潮吹、女上位、高畫質、泳裝、巨乳,春菜はな、三原ほのか、桜ちなみ、羽生ありさ、梨杏なつ、優月まりな、君島みお、月宮こはる、椎葉みくる、武田真、優梨まいな、三苫うみ、葉月美音、二宮和香、今井ゆあ、ひなみれん、森はるら、新垣智江、波多野結衣、西村ニーナ、橘メアリー,https://www.javbus.com/RCTD-132,
FIV-021 ★★★★★ 五ツ星ch スポーツ女子ナンパSP ch.21 スポーツで鍛え上げられた、しなやかな肉体美を味わい尽くす4時間！,FIV-021 ★★★★★ 五ツ星ch スポーツ女子ナンパSP ch.21 スポーツで鍛え上げられた、しなやかな肉体美を味わい尽くす4時間！,FIV-021,,2018-08-03,240分鐘,,プレステージ,FIVESTARS,五ツ星ch,業餘、獵豔、乳交、4小時以上作品、運動、高畫質、顏射、巨乳,吉田花、二宮和香、四ツ葉うらら、結城ありさ,https://www.javbus.com/FIV-021,
KUSR-045 緊縛隷夫人 淫らな女に美肉調教,KUSR-045 緊縛隷夫人 淫らな女に美肉調教,KUSR-045,,2018-07-26,120分鐘,,ビッグモーカル,九龍（ビッグモーカル）,緊縛隷夫人,紧缚、已婚婦女、羞恥、高畫質、巨乳,二宮和香、今宮なな、愛花みちる、神楽,https://www.javbus.com/KUSR-045,
JUSD-794 吐息すら許されない夫の傍で声を押し殺しながら絶頂してしまった私 8時間,JUSD-794 吐息すら許されない夫の傍で声を押し殺しながら絶頂してしまった私 8時間,JUSD-794,,2018-07-21,480分鐘,,マドンナ,Madonna,,成熟的女人、合集、已婚婦女、數位馬賽克、羞恥、出軌、DMM獨家,友田真希、白木優子、大島優香、二宮和香、笹倉杏、河井美香、新田真美、竹内麻耶、姫野あやめ、山本鈴、最上ゆり子、若葉加奈、久保田慶子、風間ゆみ、青山はな、加瀬かなこ、立花瑠莉、黒木澪、水野朝陽,https://www.javbus.com/JUSD-794,
YMSR-011 山と空スペシャル総集編 聖水レズビアン5時間,YMSR-011 山と空スペシャル総集編 聖水レズビアン5時間,YMSR-011,,2018-07-15,300分鐘,,山と空,,,放尿、女同性戀、野外・露出、合集、4小時以上作品、DMM獨家,芦名ゆりあ、みおり舞、葵紫穂、森はるら、美星るか、三喜本のぞみ、二宮和香、坂本すみれ,https://www.javbus.com/YMSR-011,
KSBJ-044 はだかの奥様 総集編VOL.2,KSBJ-044 はだかの奥様 総集編VOL.2,KSBJ-044,,2018-07-15,242分鐘,,KSB企画/エマニエル,KSB企画/エマニエル,はだかの奥様,蕩婦、成熟的女人、合集、已婚婦女、4小時以上作品、高畫質、巨乳、DMM獨家,横山みれい、通野未帆、西条沙羅、折原ほのか、二宮和香、二階堂ゆり,https://www.javbus.com/KSBJ-044,
NHVR-019 【VR】真夏のビーチで出会った日焼け巨乳娘3人と密着乱交中出しSEX VR,NHVR-019 【VR】真夏のビーチで出会った日焼け巨乳娘3人と密着乱交中出しSEX VR,NHVR-019,,2018-07-13,143分鐘,櫻井バニラ,ナチュラルハイ,ナチュラルハイVR,,濫交、多P、中出、VR専用、泳裝、巨乳,吉川あいみ、二宮和香、羽生ありさ,https://www.javbus.com/NHVR-019,
UMSO-196 スレンダーなのに巨乳の人妻が全身くねらせビックンビックン,UMSO-196 スレンダーなのに巨乳の人妻が全身くねらせビックンビックン,UMSO-196,,2018-07-13,242分鐘,,ケイ・エム・プロデュース,UMANAMI,,苗條、已婚婦女、中出、4小時以上作品、高畫質、巨乳,芦名ユリア、蓮実クレア、水野朝陽、若菜奈央、二宮和香、彩奈リナ（七原あかり）、白石りん、清城ゆき,https://www.javbus.com/UMSO-196,
RCTD-121 妄想アイテム究極進化シリーズ 絶対に勃起しちゃう！普通のビーチがヌーディストビーチに見えるメガネ,RCTD-121 妄想アイテム究極進化シリーズ 絶対に勃起しちゃう！普通のビーチがヌーディストビーチに見えるメガネ,RCTD-121,,2018-07-12,119分鐘,ルート山崎,ROCKET,ROCKET,妄想アイテム究極進化シリーズ,蕩婦、企畫、乳交、妄想、高畫質、ハーレム、巨乳,浜崎真緒、橘メアリー、澁谷果歩、森はるら、二宮和香、笹倉杏、新垣智江、優月まりな、宇多田あみ,https://www.javbus.com/RCTD-121,
GRCH-275 予約の取れない女性専用裏エステ 絶頂中出しマッサージサロン,GRCH-275 予約の取れない女性専用裏エステ 絶頂中出しマッサージサロン,GRCH-275,,2018-07-12,170分鐘,トレンディ山口,GIRL’SCH,GIRL’SCH,,企畫、中出、美容院、按摩、高畫質、給女性觀眾,紺野ひかる、阿部乃みく、二宮和香、橋下まこ,https://www.javbus.com/GRCH-275,
NHDTB-151 テーブルの下の巨乳に我慢できない！！酔った乳首をいじられ痙攣しながら感じまくる敏感叔母,NHDTB-151 テーブルの下の巨乳に我慢できない！！酔った乳首をいじられ痙攣しながら感じまくる敏感叔母,NHDTB-151,,2018-07-12,211分鐘,シオタ,ナチュラルハイ,NATURALHIGH,,企畫、乳交、亂倫、女上位、高畫質、巨乳,澁谷果歩、森はるら、二宮和香,https://www.javbus.com/NHDTB-151,
RCTD-125 素人ナンパ爆乳スペルマワゴンが行く！！,RCTD-125 素人ナンパ爆乳スペルマワゴンが行く！！,RCTD-125,,2018-07-12,142分鐘,ドラゴン西川,ROCKET,ROCKET,,企畫、業餘、乳交、高畫質、泳裝、巨乳、顏射,橘メアリー、澁谷果歩、二宮和香、優月まりな、宇多田あみ,https://www.javbus.com/RCTD-125,
BBAN-186 レズビアンに囚われた女潜入捜査官 ～ハッキング事件を巡る情報交錯レズビアン～,BBAN-186 レズビアンに囚われた女潜入捜査官 ～ハッキング事件を巡る情報交錯レズビアン～,BBAN-186,,2018-06-30,160分鐘,,ビビアン,ビビアン,レズビアンに囚われた女潜入捜査官,女同性戀、女檢察官、女同接吻、高畫質、戲劇、キス・接吻、DMM獨家,桐嶋りの、二宮和香、妃月るい,https://www.javbus.com/BBAN-186,
KMDS-20411 美人すぎる人妻・寝取られ志願 『今から貴方以外の男に中出しされます』,KMDS-20411 美人すぎる人妻・寝取られ志願 『今から貴方以外の男に中出しされます』,KMDS-20411,,2018-06-27,240分鐘,,カマタ映像,弁天,,已婚婦女、中出、4小時以上作品、出軌,澤村レイコ（高坂保奈美、高坂ますみ）、真白希実、水沢真樹、相澤かな、森山杏菜（森山杏奈）、二宮和香,https://www.javbus.com/KMDS-20411,
MCSR-301 ★配信限定特典付★しゃぶりつきたくなる苺乳首！吸って良し！揉んで良し！神乳の美乳ちゃんだけを集めた4時間20人,MCSR-301 ★配信限定特典付★しゃぶりつきたくなる苺乳首！吸って良し！揉んで良し！神乳の美乳ちゃんだけを集めた4時間20人,MCSR-301,,2018-06-25,299分鐘,オフサイド,ビッグモーカル,マスカット,,已婚婦女、乳房、高畫質、巨乳,上原亜衣、篠田ゆう、真木今日子、佳苗るか、倉多まお、原千草、阿部乃みく、紗藤まゆ、篠田あゆみ、二宮和香、星野あかり、なつめ愛莉、朝桐光、星あんず、希咲あや、渋谷ありす、桂木ゆに、杏咲望、妃乃ひかり,https://www.javbus.com/MCSR-301,
BUR-511 おま●こ取扱説明書 5,BUR-511 おま●こ取扱説明書 5,BUR-511,,2018-06-24,210分鐘,,グレイズ,BURST（グレイズ）,おま●こ取扱説明書,其他戀物癖、無毛、高畫質、局部特寫,さとう愛理、若月まりあ、佐々木あき、咲良つむぎ、速美もな、大森一花、星奈あい、阿部栞菜、高杉麻里、桜結奈、秋吉花音、森はるら、青山はな、紗々原ゆり、水嶋アリス、ゆうか凛、二宮和香、柊さき、花崎りこ、優梨まいな,https://www.javbus.com/BUR-511,
MDB-907 BAZOOKA100人480分 永久保存版超豪華スペシャル,MDB-907 BAZOOKA100人480分 永久保存版超豪華スペシャル,MDB-907,,2018-06-22,483分鐘,どどくん,メディアステーション,BAZOOKA（バズーカ）,,業餘、合集、各種職業、4小時以上作品、高畫質、巨乳,波多野結衣、夏目優希、佳苗るか、推川ゆうり、紺野ひかる、吉川あいみ、森はるら、二宮和香、羽生ありさ、霧島さくら,https://www.javbus.com/MDB-907,
XRW-502 中出し破壊 黒人巨大マラ 子宮の最奥に突き刺さる肉棒！,XRW-502 中出し破壊 黒人巨大マラ 子宮の最奥に突き刺さる肉棒！,XRW-502,,2018-06-22,120分鐘,ディラン富増,レアルワークス,REAL（レアルワークス）,中出し破壊黒人巨大マラ,紧缚、監禁、姐姐、高畫質、黑人演員,篠田ゆう、森沢かな（飯岡かなこ）、中里美穂、二宮和香,https://www.javbus.com/XRW-502,
POST-448 夢の「巨根サプリ」で人生激変！負け組→勝ち組大逆転www 短小包茎ED独身58才男はとある巨根サプリを飲んだところフルボッキ18cmチ○ポに！4 ガールズバーやキャバクラでデカチンを見せたらお持ち帰りできたウソのような本当の話,POST-448 夢の「巨根サプリ」で人生激変！負け組→勝ち組大逆転www 短小包茎ED独身58才男はとある巨根サプリを飲んだところフルボッキ18cmチ○ポに！4 ガールズバーやキャバクラでデカチンを見せたらお持ち帰りできたウソのような本当の話,POST-448,,2018-06-17,120分鐘,,レッド,POST（レッド）,夢の「巨根サプリ」で人生激変！,妓女、乳房、中出、高畫質、巨乳、DMM獨家,二宮和香、市川つばさ、かさいあみ、松井レナ,https://www.javbus.com/POST-448,
KRAY-023 おっぱいに溺れる。Hカップを超える美巨乳お姉さんの愛欲溢れるSEX,KRAY-023 おっぱいに溺れる。Hカップを超える美巨乳お姉さんの愛欲溢れるSEX,KRAY-023,,2018-06-10,128分鐘,,S-Cute,S-Cute,,乳交、姐姐、高畫質、巨乳、DMM獨家、內衣,橘メアリー、二宮和香、佐倉ねね、霧島さくら,https://www.javbus.com/KRAY-023,
NASS-867 もしもテレビの修理に伺ったお宅の奥さんが全裸で痴女だったら…3,NASS-867 もしもテレビの修理に伺ったお宅の奥さんが全裸で痴女だったら…3,NASS-867,,2018-06-08,203分鐘,,なでしこ,Nadeshiko,もしも○○に伺ったお宅の奥さんが全裸で痴女だったら…,蕩婦、合集、已婚婦女、高畫質、巨乳,川上ゆう（森野雫）、横山みれい、寺島志保、折原ほのか、成宮いろは、二宮和香、とみの伊織,https://www.javbus.com/NASS-867,
NHDTB-137 浴室の扉を開けたら清楚なお姉ちゃんがオシッコ中！初めて見た姉のオマ○コに欲情した弟は抑えがきかず禁断の近親相姦4,NHDTB-137 浴室の扉を開けたら清楚なお姉ちゃんがオシッコ中！初めて見た姉のオマ○コに欲情した弟は抑えがきかず禁断の近親相姦4,NHDTB-137,,2018-06-07,147分鐘,タナカ・ベーコン,ナチュラルハイ,NATURALHIGH,浴室の扉を開けたら清楚なお姉ちゃんがオシッコ中！,企畫、放尿、口交、亂倫、姐妹、高畫質、巨乳,きみと歩実、水谷あおい、二宮和香,https://www.javbus.com/NHDTB-137,
CADV-670 背徳NTR イキ堕ちた嫁（妻） 8時間DX,CADV-670 背徳NTR イキ堕ちた嫁（妻） 8時間DX,CADV-670,,2018-06-01,479分鐘,,クリスタル映像,CRYSTALEX,,第一人稱攝影、合集、亂倫、無毛、已婚婦女、多P、輪姦、中出、4小時以上作品、高畫質、出軌、巨乳,波多野結衣、KAORI、推川ゆうり、西山あさひ、波木真由、成澤ひなみ、乃南静香、霧島さくら、優月まりな、有馬優羽、井上まこと、二宮和香、澁谷果歩、泉ののか、長谷川由香,https://www.javbus.com/CADV-670,
VRTM-351 訪問介護にやってきた優しいホームヘルパーのデカ乳に思わず利用者チ○ポはフル勃起！責任感じた欲求不満介護士が優しく授乳手コキ！フル勃起が止まらないチ○ポに我慢できず仕事を忘れて馬乗り生挿入！2,VRTM-351 訪問介護にやってきた優しいホームヘルパーのデカ乳に思わず利用者チ○ポはフル勃起！責任感じた欲求不満介護士が優しく授乳手コキ！フル勃起が止まらないチ○ポに我慢できず仕事を忘れて馬乗り生挿入！2,VRTM-351,,2018-05-11,137分鐘,田中素直,V＆RPRODUCE,V＆RPRODUCE,訪問介護にやってきた優しいホームヘルパーのデカ乳に…,企畫、乳交、淫語、各種職業、戀乳癖、制服、中出、高畫質、故事集、孕ませ、巨乳、打手槍,三原ほのか、二宮和香、霧島さくら,https://www.javbus.com/VRTM-351,
XRW-478 日本緊縛師列伝 第二章 神凪,XRW-478 日本緊縛師列伝 第二章 神凪,XRW-478,,2018-05-11,120分鐘,ディラン富増,レアルワークス,REAL（レアルワークス）,日本緊縛師列伝,紧缚、花癡、性奴、拘束、女優按摩棒、高畫質,卯水咲流、福咲れん、二宮和香、花咲いあん,https://www.javbus.com/XRW-478,
NHDTB-126 腋・乳輪・肛門まわりを刺激するアポクリン腺マッサージに恥じらい汗だくで発情する敏感女,NHDTB-126 腋・乳輪・肛門まわりを刺激するアポクリン腺マッサージに恥じらい汗だくで発情する敏感女,NHDTB-126,,2018-05-10,199分鐘,タナカ・ベーコン,ナチュラルハイ,NATURALHIGH,,企畫、羞恥、美容院、按摩、高畫質、巨尻、汗だく、巨乳,篠田ゆう、二宮和香、あおいれな,https://www.javbus.com/NHDTB-126,
NFDM-543 完全主観 ディルド足コキ罵倒,NFDM-543 完全主観 ディルド足コキ罵倒,NFDM-543,,2018-05-05,109分鐘,フリーマン,フリーダム,フリーダム,,其他戀物癖、戀腿癖、足交、主觀視角、高畫質、M男,あべみかこ、浜崎真緒、美咲かんな、星空もあ、二宮和香、向井藍、北川ゆず、あず希、今井まい、愛里るい、葉月美音、栄川乃亜、小峰みこ,https://www.javbus.com/NFDM-543,
CLUB-471 ヤレる人妻回春マッサージ20 中出し交渉盗撮,CLUB-471 ヤレる人妻回春マッサージ20 中出し交渉盗撮,CLUB-471,,2018-04-28,240分鐘,,変態紳士倶楽部,変態紳士倶楽部,ヤレる人妻回春マッサージ,已婚婦女、偷窥、中出、按摩、高畫質、巨乳、DMM獨家,尾上若葉、二宮和香、水嶋アリス、美谷朱里、祈里きすみ,https://www.javbus.com/CLUB-471,
CLUB-473 五●田にある美人揃いで有名なイメクラに盗撮メガネをかけて潜入。手コキだけのお店のはずなのにフェラやパイズリまでしてもらえた理由5,CLUB-473 五●田にある美人揃いで有名なイメクラに盗撮メガネをかけて潜入。手コキだけのお店のはずなのにフェラやパイズリまでしてもらえた理由5,CLUB-473,,2018-04-28,230分鐘,,変態紳士倶楽部,変態紳士倶楽部,五●田にある美人揃いで有名なイメクラに盗撮メガネをかけて潜入,口交、乳交、妓女、偷窥、高畫質、DMM獨家、打手槍,尾上若葉、吉川あいみ、上原志織、二宮和香、白咲ゆず、水嶋アリス、佐々波綾、美谷朱里、君島みお、ゆうか凛、祈里きすみ、山井すず,https://www.javbus.com/CLUB-473,
SCPX-266 昔から優しかった叔母さんと童貞甥っ子のイキすぎ性教育！…あまりに立派すぎの勃起にワレメが潤っちゃってコスりつけてるうちにニュプっと筆おろし！,SCPX-266 昔から優しかった叔母さんと童貞甥っ子のイキすぎ性教育！…あまりに立派すぎの勃起にワレメが潤っちゃってコスりつけてるうちにニュプっと筆おろし！,SCPX-266,,2018-04-27,260分鐘,,スクープ,SCOOP（スクープ）,,乳交、姐姐、中出、女上位、4小時以上作品、高畫質、處男,栞菜まなみ、二宮和香、柳あきら、日比乃さとみ、月本愛、とみの伊織、沙原さゆ、小嶋えみり、若菜まゆ,https://www.javbus.com/SCPX-266,
KUSR-040 夫にだけは見られたくない姿… 緊縛隷夫人,KUSR-040 夫にだけは見られたくない姿… 緊縛隷夫人,KUSR-040,,2018-03-25,120分鐘,,ビッグモーカル,九龍（ビッグモーカル）,,紧缚、已婚婦女、高畫質,森沢かな（飯岡かなこ）、二宮和香、波多野結衣、北条麻妃,https://www.javbus.com/KUSR-040,
CLUB-466 五●田にある美人揃いで有名なイメクラに盗撮メガネをかけて潜入。手コキだけのお店のはずなのにフェラやパイズリまでしてもらえた理由 4,CLUB-466 五●田にある美人揃いで有名なイメクラに盗撮メガネをかけて潜入。手コキだけのお店のはずなのにフェラやパイズリまでしてもらえた理由 4,CLUB-466,,2018-03-24,230分鐘,,変態紳士倶楽部,変態紳士倶楽部,五●田にある美人揃いで有名なイメクラに盗撮メガネをかけて潜入,口交、乳交、妓女、偷窥、高畫質、DMM獨家、打手槍,AIKA、吉川あいみ、上原志織、星空もあ、森はるら、高嶋ゆいか、加藤あやの、二宮和香、仲間明日香、あいだ飛鳥,https://www.javbus.com/CLUB-466,
CLUB-464 隣にいるママ友にバレないよう必死に声を押し殺す巨乳人妻オイルマッサージ,CLUB-464 隣にいるママ友にバレないよう必死に声を押し殺す巨乳人妻オイルマッサージ,CLUB-464,,2018-03-24,180分鐘,,変態紳士倶楽部,変態紳士倶楽部,,已婚婦女、偷窥、通姦、按摩、高畫質、巨乳、DMM獨家,吉川あいみ、高嶋ゆいか、二宮和香、あいだ飛鳥,https://www.javbus.com/CLUB-464,
XRW-456 媚薬緊縛レイプ 白昼に襲われ好き放題に嬲られる人妻たち…,XRW-456 媚薬緊縛レイプ 白昼に襲われ好き放題に嬲られる人妻たち…,XRW-456,,2018-03-23,119分鐘,ディラン富増,レアルワークス,REAL（レアルワークス）,媚薬緊縛レイプ,藥物、紧缚、已婚婦女、姐姐、拘束、高畫質,波多野結衣、中里美穂、二宮和香、星川ういか、大杜若羽,https://www.javbus.com/XRW-456,
VRTM-336 普段は真面目な隣のお姉さんは、家の中では全裸生活！無防備すぎる姿に欲情した僕が堪らず勃起してたら、すんなりSEX！キンタマスッカラカンになるほど連続射精を求められた！2,VRTM-336 普段は真面目な隣のお姉さんは、家の中では全裸生活！無防備すぎる姿に欲情した僕が堪らず勃起してたら、すんなりSEX！キンタマスッカラカンになるほど連続射精を求められた！2,VRTM-336,,2018-03-09,117分鐘,細川ケン,V＆RPRODUCE,V＆RPRODUCE,普段は真面目な隣のお姉さんは、家の中では全裸生活！,企畫、戀乳癖、姐姐、中出、女上位、高畫質、故事集、巨尻、巨乳,二宮和香、西村ニーナ、霧島さくら,https://www.javbus.com/VRTM-336,
XRW-450 女に説教されて理不尽に怒られても一生懸命謝って筋トレして気合を見せる女,XRW-450 女に説教されて理不尽に怒られても一生懸命謝って筋トレして気合を見せる女,XRW-450,,2018-03-09,96分鐘,,レアルワークス,REAL（レアルワークス）,,企畫、其他戀物癖、制服、高畫質、猥褻穿著、故事集,浜崎真緒、二宮和香、神楽アイネ、桜咲姫莉、佐野あい,https://www.javbus.com/XRW-450,
VRTM-335 子供が欲しいデカ乳嫁が旦那とのSEXレス解消のためにソープマット購入！マイクロビキニ姿で待ち構え玄関開けるとまさかの旦那の父が！憧れの巨乳嫁にヌルヌルローションで揉み心地のいいおっぱいを堪能するとフル勃起！3,VRTM-335 子供が欲しいデカ乳嫁が旦那とのSEXレス解消のためにソープマット購入！マイクロビキニ姿で待ち構え玄関開けるとまさかの旦那の父が！憧れの巨乳嫁にヌルヌルローションで揉み心地のいいおっぱいを堪能するとフル勃起！3,VRTM-335,,2018-03-09,150分鐘,金田一小五郎,V＆RPRODUCE,V＆RPRODUCE,子供が欲しいデカ乳嫁が旦那とのSEXレス解消のためにソープマット購入！,企畫、已婚婦女、戀乳癖、乳液、中出、高畫質、出軌、故事集、巨乳,若槻みづな、二宮和香、霧島さくら,https://www.javbus.com/VRTM-335,
HJMO-374 素人人妻がビニール袋着てスケスケ買い物競争,HJMO-374 素人人妻がビニール袋着てスケスケ買い物競争,HJMO-374,,2018-02-24,210分鐘,はじめ,はじめ企画,はじめ企画,,業餘、已婚婦女、數位馬賽克、羞恥、中出、高畫質、DMM獨家,浜崎真緒、二宮和香、安田亜衣、矢吹静菜,https://www.javbus.com/HJMO-374,
NASS-798 義理の兄に寝取られた人妻たち5人,NASS-798 義理の兄に寝取られた人妻たち5人,NASS-798,,2018-02-23,252分鐘,,なでしこ,Nadeshiko,,成熟的女人、合集、已婚婦女、4小時以上作品、高畫質、出軌、巨乳,水原さな、二宮和香、吹石れな、羽生ありさ、かなで自由,https://www.javbus.com/NASS-798,
RCTD-079 超ド級変態！ゴージャス全裸セレブ妻たちのゴージャス全裸変態ホームパーティー,RCTD-079 超ド級変態！ゴージャス全裸セレブ妻たちのゴージャス全裸変態ホームパーティー,RCTD-079,,2018-02-22,169分鐘,スケアクロウ,ROCKET,ROCKET,,蕩婦、企畫、放尿、其他戀物癖、淫語、已婚婦女、高畫質,希咲あや、葵千恵、二宮和香、黒木いくみ,https://www.javbus.com/RCTD-079,
POST-422 女子大生新歓コンパ居酒屋 女子の酒に昏睡薬を入れたらバッタバッタ倒れて大変なことになったついでにチャンスとばかりに猥褻を楽しんだオレたちwww,POST-422 女子大生新歓コンパ居酒屋 女子の酒に昏睡薬を入れたらバッタバッタ倒れて大変なことになったついでにチャンスとばかりに猥褻を楽しんだオレたちwww,POST-422,,2018-02-18,120分鐘,,レッド,POST（レッド）,,業餘、獵豔、女大學生、惡作劇、高畫質、DMM獨家,荒木まい、卯水咲流、二宮和香、愛華みれい、今井ゆあ、月野ゆりあ、鈴ノ木桜、永井みひな、あずみひな,https://www.javbus.com/POST-422,
VRTM-324 子供が欲しいデカ乳人妻たちが住むマンションに引っ越してきたのは童貞の大学生！愛液垂らしっぱなしの欲求不満妻たちが優しく筆下ろし生挿入！母性溢れるオッパイ激揺れさせながら何度も中出し懇願！2,VRTM-324 子供が欲しいデカ乳人妻たちが住むマンションに引っ越してきたのは童貞の大学生！愛液垂らしっぱなしの欲求不満妻たちが優しく筆下ろし生挿入！母性溢れるオッパイ激揺れさせながら何度も中出し懇願！2,VRTM-324,,2018-02-09,149分鐘,ビンセント・ギャル,V＆RPRODUCE,V＆RPRODUCE,子供が欲しいデカ乳人妻たちが住むマンションに引っ越してきたのは童貞の大学生！,企畫、乳交、已婚婦女、戀乳癖、中出、女上位、高畫質、處男、故事集、巨乳,若槻みづな、二宮和香、羽生ありさ,https://www.javbus.com/VRTM-324,
TMSB-040 「あんたの濃いやつ全部出しなさいよッ！！！」と男勝りな幼馴染がいきなり迫るもんだから（汗）ドチャシコSEXだけで50連発89発射 4時間,TMSB-040 「あんたの濃いやつ全部出しなさいよッ！！！」と男勝りな幼馴染がいきなり迫るもんだから（汗）ドチャシコSEXだけで50連発89発射 4時間,TMSB-040,,2018-02-09,246分鐘,,バルタン,BALTAN,,蕩婦、合集、花癡、多P、4小時以上作品、高畫質,神ユキ、倉多まお、若槻みづな、向井藍、麻里梨夏、さくらみゆき、三島奈津子、篠崎みお、黒木いくみ、森川アンナ、川菜美鈴、佐々木あき、二階堂ゆり、中森いつき、黒木澪、尾上若葉、由來ちとせ、二宮和香、かなで自由、笹倉杏、澁谷果歩、夏樹まりな、水澤りこ、椎名りりこ、篠宮玲奈、北川ゆず、三上絵理香、明里ともか、稲村ひかり、星奈あい、苑田あゆり、神宮寺ナオ、愛瀬美希、宮沢ゆかり、佐々波綾、斉藤みゆ、河音くるみ、優梨まいな、河北はるな、美谷朱里、神納花、月野ゆりあ、香苗レノン、桜木エリナ、裕木まゆ、吉川あいみ、星咲伶美、小鳥遊まゆ、関根奈美、あず希,https://www.javbus.com/TMSB-040,
HUNTA-407 「私だけ気持ち良くなってゴメンなさい。こんなにエッチだったら引いちゃう？」親戚の叔母が実家にやって来て、偶然見てしまった着替え姿に勃起するボク。しかし、怒られるどころかボクの勃起を見て火が着いた叔母は、こっそり親に隠れてボクを誘ってくるのです。すごく…,HUNTA-407 「私だけ気持ち良くなってゴメンなさい。こんなにエッチだったら引いちゃう？」親戚の叔母が実家にやって来て、偶然見てしまった着替え姿に勃起するボク。しかし、怒られるどころかボクの勃起を見て火が着いた叔母は、こっそり親に隠れてボクを誘ってくるのです。すごく…,HUNTA-407,,2018-02-04,240分鐘,川尻,Hunter,HHHグループ,,花癡、姐姐、女上位、4小時以上作品、DMM獨家,中里美穂、西条沙羅、葵千恵、二宮和香、木村成美,https://www.javbus.com/HUNTA-407,
XRW-426 イカセ拷問 姦犯,XRW-426 イカセ拷問 姦犯,XRW-426,,2018-01-26,119分鐘,ディラン富増,レアルワークス,REAL（レアルワークス）,,紧缚、監禁、性奴、粗暴、高畫質,北条麻妃、篠田ゆう、卯水咲流、福咲れん、二宮和香、桜咲姫莉,https://www.javbus.com/XRW-426,
BDSR-327 ★配信限定特典付★10～15時がヤれる狙い目！ 素人限定。出張メンズエステ盗撮 隠れ巨乳人妻エステティシャンに中出ししちゃいました。,BDSR-327 ★配信限定特典付★10～15時がヤれる狙い目！ 素人限定。出張メンズエステ盗撮 隠れ巨乳人妻エステティシャンに中出ししちゃいました。,BDSR-327,,2018-01-25,141分鐘,金子次郎,ビッグモーカル,BIGMORKAL,,已婚婦女、偷窥、制服、美容院、高畫質,桜ちなみ、二宮和香、三島奈津子、美玲,https://www.javbus.com/BDSR-327,
CADV-651 他人棒を欲する人妻たち…不倫妻30連発8時間,CADV-651 他人棒を欲する人妻たち…不倫妻30連発8時間,CADV-651,,2018-01-16,479分鐘,,クリスタル映像,CRYSTALEX,,角色扮演、紧缚、潮吹、合集、亂倫、無毛、通姦、中出、4小時以上作品、高畫質、巨乳,波多野結衣、一条綺美香、川村まや、橘メアリー、二宮和香、城崎桐子、今井すみか、笹倉杏、松下美織、泉ののか、浅田結梨、水城奈緒、井上まこと、一松愛梨、郡司結子、小西悠、藤井あいり、沙藤まゆ、相澤ゆりな、西園さくや、倉本雪音、前園希美、華原美奈子、春川なのは、波木真由、千乃あずみ、清塚那奈、高瀬杏、桐原莉那,https://www.javbus.com/CADV-651,
HUNTA-402 『私…おばさんだけど絶対に良い思い出にしてあげるから童貞ちょうだい！』ボクに突然30歳過ぎとは思えないほど綺麗でまだまだ女盛りのセクシーな義母が出来た！！しかも父親とは随分とセックスレスらしく超欲求不,HUNTA-402 『私…おばさんだけど絶対に良い思い出にしてあげるから童貞ちょうだい！』ボクに突然30歳過ぎとは思えないほど綺麗でまだまだ女盛りのセクシーな義母が出来た！！しかも父親とは随分とセックスレスらしく超欲求不,HUNTA-402,,2018-01-14,365分鐘,ボルボ中野,Hunter,HHHグループ,,花癡、新娘、年輕妻子、中出、4小時以上作品、婆婆、DMM獨家,真木今日子、蓮実クレア、二宮和香、佐々木あき、三島奈津子、西園さくや,https://www.javbus.com/HUNTA-402,
ONGP-115 恥ずかしい卑猥な姿を夫以外の男性に見せながら何度もイキまくる変態若妻8人！性癖丸出し自画撮り投稿オナニー,ONGP-115 恥ずかしい卑猥な姿を夫以外の男性に見せながら何度もイキまくる変態若妻8人！性癖丸出し自画撮り投稿オナニー,ONGP-115,,2018-01-12,130分鐘,,グレイズ,Onafes（オナフェス）2018,,已婚婦女、投稿、手指插入、高畫質、按摩棒、自慰,森はるら、二宮和香、日比乃さとみ、紗々原ゆり、柊さき、永井みひな、ゆうか凛、桜結奈,https://www.javbus.com/ONGP-115,
VRTM-323 AV女優 ディルドオナニーコレクション,VRTM-323 AV女優 ディルドオナニーコレクション,VRTM-323,,2018-01-12,239分鐘,ホイップローズ,V＆RPRODUCE,V＆RPRODUCE,,玩具、淫語、戀乳癖、乳房、4小時以上作品、主觀視角、高畫質、巨尻、巨乳、自慰,波多野結衣、篠田ゆう、北川エリカ、神ユキ、尾上若葉、水野朝陽、夏希みなみ、若槻みづな、あおいれな、あず希、二宮和香、日向あいり、二階堂ゆり、なつめ愛莉、彩奈リナ（七原あかり）、阿部乃みく、三島奈津子、浅田結梨,https://www.javbus.com/VRTM-323,
KRAY-018 上品なエロス漂う色白お姉さんの濃密SEX,KRAY-018 上品なエロス漂う色白お姉さんの濃密SEX,KRAY-018,,2018-01-08,131分鐘,,S-Cute,S-Cute（S-Cute）,,姐姐、巨乳、DMM獨家、內衣,桐嶋りの、二宮和香、青山はな、立花瑠莉、清城ゆき,https://www.javbus.com/KRAY-018,
NFDM-533 生まれて初めての金蹴り 5 使い物にならなくなってもイイんですか？,NFDM-533 生まれて初めての金蹴り 5 使い物にならなくなってもイイんですか？,NFDM-533,,2018-01-05,171分鐘,,フリーダム,フリーダム,生まれて初めての金蹴り,纪录片、戀腿癖、殘忍畫面、高畫質、M男,北島玲、長谷川夏樹、安野由美、菅野礼奈、舞島環、道重咲、あず希、遠藤ゆうか、泉朱音、初音杏果、柑南るか、涼宮琴音、二宮和香、ルロア・クララ、藤川れいな、白桃心奈、NAOMI、生駒はるな、斉藤みゆ、北川ゆず、小川桃果、麻里ひなの、MIRANO、七海ゆあ、坂本瑞希、小鳥遊まゆ、柚木はるか、西条沙羅、一条綺美香、浅田結梨、宮崎あや、早川瑞希、高城アミナ、高嶋碧、松井レナ、水谷杏、栄川乃亜、RISA,https://www.javbus.com/NFDM-533,
NACX-002 スレンダー熟女たちの激しくいやらしい中出し絶倫ファック9人,NACX-002 スレンダー熟女たちの激しくいやらしい中出し絶倫ファック9人,NACX-002,,2018-01-01,245分鐘,,プラネットプラス,七狗留,,成熟的女人、苗條、合集、乳房、中出、4小時以上作品、高畫質,本庄瞳、七海ひさ代、堀内秋美、井上綾子、葵紫穂、冴君麻衣子、羽田璃子、二宮和香、麻生千春,https://www.javbus.com/NACX-002,
AP-506 全て新作撮り下ろし！パンツ内大量射精痴漢3 被害者10人SP！色んな所で色んな女の子にパンツ内大量射精してきました！,AP-506 全て新作撮り下ろし！パンツ内大量射精痴漢3 被害者10人SP！色んな所で色んな女の子にパンツ内大量射精してきました！,AP-506,,2017-12-31,240分鐘,まさのり,アパッチ,HHHグループ,パンツ内大量射精痴漢,各種職業、性騷擾、粗暴、凌辱、4小時以上作品、DMM獨家,篠宮ゆり、星空もあ、逢沢るる、なつめ愛莉、二宮和香、椎名そら、松うらら,https://www.javbus.com/AP-506,
TSP-381 東京銀座BARオーナー盗撮動画 知らずに入店したら姦られる… 昏睡BAR3 モデル・タレント級美女ばかりを狙ったバーテンダーのカクテルには睡眠薬が混入されていた！,TSP-381 東京銀座BARオーナー盗撮動画 知らずに入店したら姦られる… 昏睡BAR3 モデル・タレント級美女ばかりを狙ったバーテンダーのカクテルには睡眠薬が混入されていた！,TSP-381,,2017-12-30,150分鐘,,東京スペシャル,東京スペシャル,昏睡BAR,業餘、美少女、中出、高畫質、DMM獨家,二宮和香、松うらら、水谷杏,https://www.javbus.com/TSP-381,
SQTE-195 キレイでキュートな美少女の愛が溢れるフェラチオ33連発 S-Cuteフェラチオコレクション2018,SQTE-195 キレイでキュートな美少女の愛が溢れるフェラチオ33連発 S-Cuteフェラチオコレクション2018,SQTE-195,,2017-12-28,240分鐘,,S-Cute,S-Cute（S-Cute）,S-Cuteフェラチオコレクション,口交、合集、美少女、4小時以上作品、DMM獨家、蘿莉塔,三原ほのか、大島美緒、幸田ユマ、小野寺梨紗、江奈るり、笹倉杏、宮沢すず、藤川れいな、七海ゆあ、一色さゆり、佐々木ひな、桜木エリナ、輝月あんり、月本愛、篠宮玲奈、唯川希、きみと歩実、心花ゆら、北川ゆず、皆野あい、島崎綾、大原すず、西野いろは、清本玲奈、葉月もえ、桜庭このみ、二宮和香、芦名ユリア、青山はな、川村まや、愛瀬美希、咲乃柑菜,https://www.javbus.com/SQTE-195,
SCR-184 欲求不満な人妻ネット投稿オナニー猥褻映像 2,SCR-184 欲求不満な人妻ネット投稿オナニー猥褻映像 2,SCR-184,,2017-12-25,128分鐘,,グレイズ,S-CRIME,,已婚婦女、手指插入、高畫質、按摩棒、巨乳、自慰,二宮和香、紗々原ゆり、桜結奈,https://www.javbus.com/SCR-184,
CESD-497 狂乱ノンストップ同性愛,CESD-497 狂乱ノンストップ同性愛,CESD-497,,2017-12-24,107分鐘,小池.jp,セレブの友,セレブの友,,成熟的女人、女同性戀、花癡、多P、高畫質、キス・接吻、DMM獨家,紺野ひかる、浜崎真緒、二宮和香、橋下まこ,https://www.javbus.com/CESD-497,
NHDTB-073 黒人チ○ポでイっても止めずに松葉くずしでロックされ抜かずの奥突きピストンで何度も仰け反りイキする人妻,NHDTB-073 黒人チ○ポでイっても止めずに松葉くずしでロックされ抜かずの奥突きピストンで何度も仰け反りイキする人妻,NHDTB-073,,2017-12-21,121分鐘,タナカ・ベーコン,ナチュラルハイ,NATURALHIGH,,企畫、已婚婦女、花癡、新娘、年輕妻子、高畫質、巨乳、黑人演員,篠田ゆう、二宮和香、児玉るみ,https://www.javbus.com/NHDTB-073,
FSET-735 彼氏と電話している彼女をNTR 声を押し殺して何事もないように装う女に大興奮！まさか自分の彼女が電話の向こうで男のチンチンをシゴいているとは…2,FSET-735 彼氏と電話している彼女をNTR 声を押し殺して何事もないように装う女に大興奮！まさか自分の彼女が電話の向こうで男のチンチンをシゴいているとは…2,FSET-735,,2017-12-21,150分鐘,KYO,アキノリ,AKNR,彼氏と電話している彼女をNTR,口交、情侶、屁股、高畫質、出軌、巨乳、自慰,なつめ愛莉、二宮和香、明海こう（小泉まり）,https://www.javbus.com/FSET-735,
WA-367 セレブ妻と出会える噂の高級カフェで遂に見つけた！奇跡の真性ドスケベ妻,WA-367 セレブ妻と出会える噂の高級カフェで遂に見つけた！奇跡の真性ドスケベ妻,WA-367,,2017-12-18,235分鐘,,ロータス,LOTUS,,成熟的女人、獵豔、已婚婦女、花癡、中出、4小時以上作品、高畫質,二宮和香、三上千夏、桜結奈,https://www.javbus.com/WA-367,
MOPE-018 2017 M男パラダイス BEST10,MOPE-018 2017 M男パラダイス BEST10,MOPE-018,,2017-12-10,158分鐘,,M男パラダイス,MOEx,M男パラダイス,蕩婦、其他戀物癖、合集、M男、DMM獨家、肛交,辻本りょう、枢木みかん、宮崎あや、百合川さら、早川瑞希、跡美しゅり、二宮和香、とみの伊織、神納花、羽生ありさ,https://www.javbus.com/MOPE-018,
MIZD-076 MOODYZ 2017年上半期152タイトルBEST 480分,MIZD-076 MOODYZ 2017年上半期152タイトルBEST 480分,MIZD-076,,2017-12-09,480分鐘,,ムーディーズ,MOODYZBest,MOODYZ○○○○年○半期,蕩婦、合集、屁股、數位馬賽克、凌辱、巨乳、DMM獨家,神咲詩織、きみと歩実、初川みなみ、二宮和香、緒奈もえ、今井真由美、佐川はるみ、西宮このみ、澄川鮎、ゆいちゃん、輝月あんり、雛菊つばさ、不二まこ、雫みあ、星咲伶美、七海ゆあ、咲良つむぎ、明海こう（小泉まり）、MIRANO、枢木みかん、長澤ルナ、白雪心々奈、今永亜美、竹内真琴、涼川絢音、佳苗るか、成海夏季、北川ゆず、矢澤美々、涼海みさ、美竹すず、関根奈美、浅田結梨、佐々波綾、めぐり（藤浦めぐ）、若菜奈央、若槻みづな、一条リオン、あおいれな、二階堂ゆり、由來ちとせ、通野未帆、桃瀬ゆり、中森いつき、松岡玲奈、川崎亜里沙、星あんず、芹沢ゆず、百瀬ひまり、三宅美香、河南実里、北見かなみ、谷原希美、千早希、立花瑠莉、小谷みのり、西田カリナ、有村みかこ、丸山れおな、宮沢ゆかり、姫川ゆうな、朝倉ことみ、かなで自由、跡美しゅり、水野朝陽、瞳ひかる、麻里梨夏、波多野結衣、大槻ひびき、広瀬うみ、小野寺梨紗、秋山祥子、JULIA、あべみかこ、今宮いずみ、河北はるな、冬月かえで、つぼみ、あず希、篠崎みお、椎名そら、栄川乃亜、穂高結花、桜井彩、本田岬、佐々木あき、伊東ちなみ、笹倉杏,https://www.javbus.com/MIZD-076,
NFDM-530 完全主観 罵倒地獄 パンチラ編,NFDM-530 完全主観 罵倒地獄 パンチラ編,NFDM-530,,2017-12-05,175分鐘,,フリーダム,フリーダム,完全主観罵倒地獄,淫語、主觀視角、高畫質、內衣、M男,碧しの（篠めぐみ）、神波多一花、江上しほ、若槻みづな、栄川乃亜、柚木はるか、高城アミナ、心花ゆら、藤川れいな、七海ゆあ、NAOMI、小川桃果、紗々原ゆり、一条綺美香、浅田結梨、早川瑞希、生駒はるな、二宮和香、白桃心奈、麻里ひなの、西条沙羅、あず希、宮崎あや、北川ゆず、北島玲、卯水咲流、美咲かんな、MIRANO、斉藤みゆ、安野由美,https://www.javbus.com/NFDM-530,
HUNTA-380 昼下がり町内会！若妻たちのちょっと危険でかなりHな王様ゲーム！！13 母の代理で参加した町内会の集まりでまさかの展開！若い時に王様ゲームをした事が無いという話で盛り上がった奥様方が急に「王様ゲームやり,HUNTA-380 昼下がり町内会！若妻たちのちょっと危険でかなりHな王様ゲーム！！13 母の代理で参加した町内会の集まりでまさかの展開！若い時に王様ゲームをした事が無いという話で盛り上がった奥様方が急に「王様ゲームやり,HUNTA-380,,2017-12-03,395分鐘,コンニャック神野,Hunter,HHHグループ,王様ゲーム,已婚婦女、花癡、新娘、年輕妻子、4小時以上作品、ハーレム、DMM獨家,春原未来、浜崎真緒、横山夏希、澁谷果歩、中里美穂、二宮和香、野々宮みさと、柊さき、新垣智江、成海夏季,https://www.javbus.com/HUNTA-380,
TSP-379 怨恨復讐映像 散々金を使わされた美人キャバ嬢は知らずに突然店を辞めた！途端に音信不通！着信拒否！拉致って辱めた挙句固定バイブしてビデオをとり置き去りにしました。,TSP-379 怨恨復讐映像 散々金を使わされた美人キャバ嬢は知らずに突然店を辞めた！途端に音信不通！着信拒否！拉致って辱めた挙句固定バイブしてビデオをとり置き去りにしました。,TSP-379,,2017-12-02,340分鐘,,東京スペシャル,東京スペシャル,,業餘、妓女、拘束、4小時以上作品、高畫質、按摩棒、DMM獨家,荒木まい、卯水咲流、二宮和香、愛華みれい、月野ゆりあ,https://www.javbus.com/TSP-379,
BAK-012 美女×緊縛-肉体的苦痛が性的興奮になった女達- BEST vol.02 全身緊縛されて快楽地獄に堕ちたオンナ達12人。,BAK-012 美女×緊縛-肉体的苦痛が性的興奮になった女達- BEST vol.02 全身緊縛されて快楽地獄に堕ちたオンナ達12人。,BAK-012,,2017-12-01,480分鐘,,MAD,マッド（爆）,美女×緊縛,玩具、SM、潮吹、合集、深喉、拘束、4小時以上作品、高畫質,篠田ゆう、小泉真希、桜ちずる、星海レイカ、あやね遥菜、夏希みなみ、木南日菜、二宮和香、鈴屋いちご、愛野ももな、丘咲エミリ,https://www.javbus.com/BAK-012,
DPHC-011 非日常的クネクネ映像コレクションXI,DPHC-011 非日常的クネクネ映像コレクションXI,DPHC-011,,2017-11-19,230分鐘,渡辺琢斗,AVScollector’s,PHANTOM夢,非日常的クネクネ映像コレクション,身體意識、緊身衣、高畫質、DMM獨家,春菜はな、水野朝陽、川村まや、二宮和香、一条リオン、佐々木あき、向井藍、三島奈津子、咲坂花恋、七海ゆあ、早野いちか、通野未帆、澁谷果歩、かなで自由、KAORI、AIKA、二階堂ゆり、北条麻妃、逢沢るる、斉藤みゆ、夏樹まりな、清城ゆき,https://www.javbus.com/DPHC-011,
CESD-484 淫乱女優限定！大酒呑み泥酔大乱交,CESD-484 淫乱女優限定！大酒呑み泥酔大乱交,CESD-484,,2017-11-19,114分鐘,,セレブの友,セレブの友,,成熟的女人、濫交、纪录片、花癡、高畫質、巨乳、DMM獨家,紺野ひかる、浜崎真緒、二宮和香、橋下まこ,https://www.javbus.com/CESD-484,
MGMP-026 聖水一番搾り 10人の美痴女,MGMP-026 聖水一番搾り 10人の美痴女,MGMP-026,,2017-11-19,156分鐘,,MEGAMI,美女神Premium,,蕩婦、放尿、飲尿、M男、DMM獨家、肛交,辻本りょう、浜崎真緒、宮崎あや、高瀬杏、早川瑞希、羽田璃子、二宮和香、神納花、一松愛梨、藤川れいな,https://www.javbus.com/MGMP-026,
DOKS-413 妄想 誘惑 淫語ディルドオナニー,DOKS-413 妄想 誘惑 淫語ディルドオナニー,DOKS-413,,2017-11-17,149分鐘,,OFFICEK’S,OFFICEK’S,淫語ディルドオナニー,玩具、淫語、高畫質、自慰,北川エリカ、神波多一花、二宮和香、神納花、大原すず,https://www.javbus.com/DOKS-413,
SW-520 夢の近親相姦◆「ママがボインで僕を誘うから悪いんだ！」父がそばにいるのに母は息子の硬くなったチ○ポを握りしめ女のカラダを教え込んだ,SW-520 夢の近親相姦◆「ママがボインで僕を誘うから悪いんだ！」父がそばにいるのに母は息子の硬くなったチ○ポを握りしめ女のカラダを教え込んだ,SW-520,,2017-11-16,180分鐘,よっちゃん,SWITCH,SWITCH（SWITCH）,夢の近親相姦,企畫、母親、亂倫、高畫質、巨乳,二宮和香、三島奈津子、前田可奈子,https://www.javbus.com/SW-520,
OYC-146 素人男女観察！モニタリングAV あなたの妻はワインの試飲会でイケメン男性とセックスしてしまうのか？ワイン試飲会で酔っ払ってしまった奥様は、こっそりイケメンに誘われたらどうなる？美味しいワイン、超タイプ,OYC-146 素人男女観察！モニタリングAV あなたの妻はワインの試飲会でイケメン男性とセックスしてしまうのか？ワイン試飲会で酔っ払ってしまった奥様は、こっそりイケメンに誘われたらどうなる？美味しいワイン、超タイプ,OYC-146,,2017-11-13,240分鐘,スペースにゃん二郎,お夜食カンパニー,お夜食カンパニー（HHHグループ）,モニタリングAV,已婚婦女、花癡、爛醉如泥的、4小時以上作品、DMM獨家,二宮和香、西園さくや、神木りさ,https://www.javbus.com/OYC-146,
NASS-736 スレンダー美熟女に中出し2 10人,NASS-736 スレンダー美熟女に中出し2 10人,NASS-736,,2017-11-10,241分鐘,,なでしこ,Nadeshiko,スレンダー美熟女に中出し,成熟的女人、苗條、合集、已婚婦女、中出、4小時以上作品、高畫質,青木玲、本庄瞳、井上綾子、武藤あやか、冴君麻衣子、羽田璃子、二宮和香、佐々木あき、森下美緒、麻生千春,https://www.javbus.com/NASS-736,
VRTM-302 入院中の禁欲生活に耐え切れない弟が看護師のデカ尻姉に媚薬を飲ませると白パンスト擦りつけながら淫らに股間を滴らせ、カニバサミで中出しを求めた！,VRTM-302 入院中の禁欲生活に耐え切れない弟が看護師のデカ尻姉に媚薬を飲ませると白パンスト擦りつけながら淫らに股間を滴らせ、カニバサミで中出しを求めた！,VRTM-302,,2017-11-10,192分鐘,ヘビースモーキー石井,V＆RPRODUCE,V＆RPRODUCE,,企畫、护士、藥物、亂倫、連褲襪、屁股、花癡、姐姐、戀腿癖、姐妹、中出、足交、高畫質、故事集、巨尻,宮崎あや、涼川絢音、二宮和香、佐々波綾,https://www.javbus.com/VRTM-302,
VRTM-306 一度もマ○コを見たことがない童貞息子に母がオナニー見せて性教育！パイズリまでのはずが勃起が止まらず近親相姦生挿入！母性溢れるオッパイ鷲掴みにしながら父にはナイショで何度も中出し！2,VRTM-306 一度もマ○コを見たことがない童貞息子に母がオナニー見せて性教育！パイズリまでのはずが勃起が止まらず近親相姦生挿入！母性溢れるオッパイ鷲掴みにしながら父にはナイショで何度も中出し！2,VRTM-306,,2017-11-10,197分鐘,田中素直,V＆RPRODUCE,V＆RPRODUCE,一度もマ○コを見たことがない童貞息子に母がオナニー見せて性教育！,企畫、母親、口交、乳交、亂倫、已婚婦女、戀乳癖、中出、高畫質、處男、故事集、早漏、巨乳、打手槍,本真ゆり、二宮和香、八ッ橋さい子、三島奈津子,https://www.javbus.com/VRTM-306,
TDSU-111 素人娘の白濁本気マン汁垂れ流しアクメ,TDSU-111 素人娘の白濁本気マン汁垂れ流しアクメ,TDSU-111,,2017-11-03,139分鐘,,虎堂,スノヒト,,業餘、纪录片、姐姐、女優按摩棒、高畫質、按摩棒、局部特寫,北川エリカ、桜井心菜、二宮和香、新垣智江,https://www.javbus.com/TDSU-111,
TSP-375 京浜工業都市地帯 愚連隊少年グループたちによるワイセツ動画3 襲われた深夜のコンビニエンスストアー,TSP-375 京浜工業都市地帯 愚連隊少年グループたちによるワイセツ動画3 襲われた深夜のコンビニエンスストアー,TSP-375,,2017-11-03,190分鐘,,東京スペシャル,東京スペシャル,京浜工業都市地帯愚連隊少年グループたちによるワイセツ動画,業餘、性騷擾、手指插入、高畫質、顏射、DMM獨家,通野未帆、二宮和香、あおいれな,https://www.javbus.com/TSP-375,
TDSU-110 「フェラ上手すぎっ！」 4,TDSU-110 「フェラ上手すぎっ！」 4,TDSU-110,,2017-11-03,146分鐘,,虎堂,スノヒト,「フェラ上手すぎっ！」,業餘、口交、姐姐、高畫質、デカチン・巨根,北川エリカ、神波多一花、水元恵梨香、二宮和香、とみの伊織、神納花、春日部このは、伊東紅蘭、新垣智江、一乃瀬るりあ,https://www.javbus.com/TDSU-110,
DOHI-060 超真面目な既婚男性の部下を社員旅行で泥酔させて生ハメで犯しちゃう超肉食系ドスケベ痴女上司の1発だけじゃ終わらせない連続射精SEX,DOHI-060 超真面目な既婚男性の部下を社員旅行で泥酔させて生ハメで犯しちゃう超肉食系ドスケベ痴女上司の1発だけじゃ終わらせない連続射精SEX,DOHI-060,,2017-11-03,108分鐘,マボロシ子,OFFICEK’S,INSERT！,,蕩婦、和服・喪服、花癡、姐姐、多P、中出、高畫質、巨乳,北川エリカ、水元恵梨香、二宮和香、とみの伊織、新垣智江,https://www.javbus.com/DOHI-060,
XRW-384 レイプ拷問 姦犯,XRW-384 レイプ拷問 姦犯,XRW-384,,2017-10-27,119分鐘,ディラン富増,レアルワークス,REAL（レアルワークス）,,紧缚、監禁、拘束、粗暴、高畫質、折磨,篠田ゆう、森沢かな（飯岡かなこ）、二宮和香,https://www.javbus.com/XRW-384,
SW-516 旅館でマッサージを頼んだら人妻になった同級生がやって来た。昔好きだった彼女の大人になったオッパイの谷間に俺の股間もムクムク。それに気付いた彼女の目付きが変わり、チ○ポを握りしめ僕の上にまたがってきた！,SW-516 旅館でマッサージを頼んだら人妻になった同級生がやって来た。昔好きだった彼女の大人になったオッパイの谷間に俺の股間もムクムク。それに気付いた彼女の目付きが変わり、チ○ポを握りしめ僕の上にまたがってきた！,SW-516,,2017-10-19,146分鐘,山城猛,SWITCH,SWITCH（SWITCH）,,企畫、已婚婦女、按摩、高畫質、巨乳,二宮和香、早野いちか、諸星エミリー,https://www.javbus.com/SW-516,
OYC-140 スパリゾートで浮かれまくってるOLグループをイケメンの友達がナンパしてボクたちの部屋に水着姿で連れてきた！！イケメンがいるからなのか旅先で…,OYC-140 スパリゾートで浮かれまくってるOLグループをイケメンの友達がナンパしてボクたちの部屋に水着姿で連れてきた！！イケメンがいるからなのか旅先で…,OYC-140,,2017-10-15,140分鐘,まちるだ,お夜食カンパニー,お夜食カンパニー（HHHグループ）,,OL、濫交、中出、泳裝、DMM獨家,西条沙羅、二宮和香、清本玲奈,https://www.javbus.com/OYC-140,
MIZD-070 Dcup以上限定 巨乳騎乗位,MIZD-070 Dcup以上限定 巨乳騎乗位,MIZD-070,,2017-10-07,480分鐘,,ムーディーズ,MOODYZBest,,合集、屁股、美少女、數位馬賽克、女上位、巨乳、DMM獨家,つぼみ、JULIA、穂高結花、二宮和香、椎名そら、麻里梨夏、今宮いずみ、立花瑠莉、中森いつき、河南実里、本田岬、河北はるな、水野朝陽、笹倉杏、二階堂ゆり、枢木みかん、一条リオン、有村みかこ、丸山れおな、桜井彩、初川みなみ、波多野結衣、秋山祥子、めぐり（藤浦めぐ）、美竹すず、伊東ちなみ、若菜奈央、通野未帆、神咲詩織、谷原希美、由來ちとせ、桐嶋りの,https://www.javbus.com/MIZD-070,
SW-511 ママ友たちと温泉旅行「子供なんだから一緒に入ればいいでしょ！」混浴したら湯船は大人のボインだらけでチ○コ勃っちゃった！「ママには黙っててあげるから」元気な子供チ○ポに興奮した奥さんたちは寄ってたかって,SW-511 ママ友たちと温泉旅行「子供なんだから一緒に入ればいいでしょ！」混浴したら湯船は大人のボインだらけでチ○コ勃っちゃった！「ママには黙っててあげるから」元気な子供チ○ポに興奮した奥さんたちは寄ってたかって,SW-511,,2017-10-05,180分鐘,よっちゃん,SWITCH,SWITCH（SWITCH）,ママ友たちと温泉旅行,已婚婦女、高畫質、温泉、巨乳,浜崎真緒、高嶋ゆいか、若槻みづな、二宮和香、早野いちか、諸星エミリー、あいだ飛鳥,https://www.javbus.com/SW-511,
AP-470 「中出しされて妊娠したくないならママ友をここに呼び出してよ！」絶倫少年ママ友連鎖中出し輪姦,AP-470 「中出しされて妊娠したくないならママ友をここに呼び出してよ！」絶倫少年ママ友連鎖中出し輪姦,AP-470,,2017-09-15,135分鐘,まさのり,アパッチ,アパッチ（HHHグループ）,,已婚婦女、新娘、年輕妻子、輪姦、中出、巨乳、DMM獨家,中山陽菜、荒木ありさ（月島うさぎ）、若槻みづな、二宮和香、堀越なぎさ,https://www.javbus.com/AP-470,
BDA-043 銀粉ペイント大全集 12人240分スペシャル 豪華絢爛女優たちのエロく輝く狂宴！,BDA-043 銀粉ペイント大全集 12人240分スペシャル 豪華絢爛女優たちのエロく輝く狂宴！,BDA-043,,2017-09-15,240分鐘,あばしり一家,バミューダ/妄想族,バミューダ/妄想族,,其他戀物癖、合集、監禁、4小時以上作品、DMM獨家,風間ゆみ、Maika（MEW）、矢部寿恵、水澤まお（永沢まおみ）、希咲あや、篠宮ゆり、保坂えり、香山美桜、二宮和香、吹石れな、神納花、森沢かな（飯岡かなこ）,https://www.javbus.com/BDA-043,
UMSO-154 旦那からの着信は不倫セックス中！！不倫相手に促され電話に出た人妻は、必死に喘ぎ声を押し殺してはいたが、行為がエスカレートし興奮度はMAXに！絶対にバレてる！？4,UMSO-154 旦那からの着信は不倫セックス中！！不倫相手に促され電話に出た人妻は、必死に喘ぎ声を押し殺してはいたが、行為がエスカレートし興奮度はMAXに！絶対にバレてる！？4,UMSO-154,,2017-09-08,198分鐘,,ケイ・エム・プロデュース,UMANAMI,旦那からの着信は不倫セックス中！！,成熟的女人、已婚婦女、通姦、惡作劇、中出、高畫質、巨乳,KAORI、一条綺美香、二宮和香、羽生ありさ、かなで自由,https://www.javbus.com/UMSO-154,
UMSO-157 媚薬近親相姦 4時間16人ベスト,UMSO-157 媚薬近親相姦 4時間16人ベスト,UMSO-157,,2017-09-08,240分鐘,,ケイ・エム・プロデュース,UMANAMI,媚薬近親相姦,藥物、紧缚、合集、亂倫、中出、4小時以上作品、高畫質、出軌,Maika（MEW）、北条麻妃、波多野結衣、神波多一花、篠田あゆみ、三喜本のぞみ、臼井さと美、吹石れな、今宮なな、芹沢ゆず、森沢かな（飯岡かなこ）、二宮和香、宮沢すず、神納花、仁美まどか、かさいあみ,https://www.javbus.com/UMSO-157,
VRTM-287 夫婦二人っきりの家にやってきたデカ乳営業レディがコッソリ夫を挑発！豊満過ぎるオッパイに我慢できず妻に隠れて浮気SEX！契約欲しさに仕掛けた枕営業のつもりが気持ち良過ぎて何度も悶絶イキ！2,VRTM-287 夫婦二人っきりの家にやってきたデカ乳営業レディがコッソリ夫を挑発！豊満過ぎるオッパイに我慢できず妻に隠れて浮気SEX！契約欲しさに仕掛けた枕営業のつもりが気持ち良過ぎて何度も悶絶イキ！2,VRTM-287,,2017-09-08,180分鐘,ヘビースモーキー石井,V＆RPRODUCE,V＆RPRODUCE,夫婦二人っきりの家にやってきた○○営業レディが…,企畫、乳交、各種職業、戀乳癖、通姦、女上位、高畫質、出軌、巨乳,尾上若葉、二宮和香、八ッ橋さい子、西園さくや,https://www.javbus.com/VRTM-287,
SW-505 同窓会で会った初恋の女は人妻になっていた 4 夫に欲求不満の彼女は僕の勃起チ○コをテーブルの下で握りしめて放さない。みんなの目を盗んで店内でヤッちゃった！,SW-505 同窓会で会った初恋の女は人妻になっていた 4 夫に欲求不満の彼女は僕の勃起チ○コをテーブルの下で握りしめて放さない。みんなの目を盗んで店内でヤッちゃった！,SW-505,,2017-09-07,160分鐘,よっちゃん,SWITCH,SWITCH（SWITCH）,,已婚婦女、高畫質,紺野ひかる、浜崎真緒、江上しほ、二宮和香,https://www.javbus.com/SW-505,
MDB-813 生中出し濃蜜SEX100人8時間 4,MDB-813 生中出し濃蜜SEX100人8時間 4,MDB-813,,2017-08-25,481分鐘,K太郎,メディアステーション,BAZOOKA（バズーカ）,生中出し濃蜜SEX100人,蕩婦、OL、合集、妓女、乳房、中出、4小時以上作品、高畫質、高中女生、巨乳、女生,波多野結衣、南梨央奈、松本メイ、桜井彩、紺野ひかる、阿部乃みく、折原ほのか、二宮和香、椎名そら、佐々木あき、三原ほのか、麻里梨夏、推川ゆうり、上原亜衣、彩城ゆりな、AIKA、水野朝陽、浜崎真緒、吹石れな,https://www.javbus.com/MDB-813,
BDSR-305 ★配信限定特典付★コカン観察バラエティ 街角ママチャリ巨乳妻 中出しモミタリングナンパ,BDSR-305 ★配信限定特典付★コカン観察バラエティ 街角ママチャリ巨乳妻 中出しモミタリングナンパ,BDSR-305,,2017-08-25,243分鐘,YUMEJI,ビッグモーカル,BIGMORKAL,,業餘、獵豔、已婚婦女、中出、高畫質、巨乳,桜ちなみ、二宮和香、彩奈リナ,https://www.javbus.com/BDSR-305,
RCTD-016 おま○こ改札で出発淫行！,RCTD-016 おま○こ改札で出発淫行！,RCTD-016,,2017-08-24,120分鐘,ルート山崎,ROCKET,ROCKET,,企畫、其他戀物癖、性奴、中出、高畫質,仁美まどか、推川ゆうり、二宮和香、新村あかり,https://www.javbus.com/RCTD-016,
SCPX-212 つい寝取ってしまった上司の奥さんが絶倫女だった！夫にバラすからとチ○ポを求められたら逆らえない！肛門まる見えでおねだりされ我慢できずに膣内爆射！！,SCPX-212 つい寝取ってしまった上司の奥さんが絶倫女だった！夫にバラすからとチ○ポを求められたら逆らえない！肛門まる見えでおねだりされ我慢できずに膣内爆射！！,SCPX-212,,2017-08-23,179分鐘,カオ☆ル,スクープ,SCOOP（スクープ）,,已婚婦女、花癡、中出、高畫質、出軌,二宮和香、斉藤みゆ、神谷美桜、結菜はるか,https://www.javbus.com/SCPX-212,
SCPX-217 再婚したての親の前では超ブリッ子なヤリマン連れ子に媚薬バイブをズボハメ放置したらキマリすぎちゃって生チ○ポも欲しがるんでハメ放題で中出し三昧！！,SCPX-217 再婚したての親の前では超ブリッ子なヤリマン連れ子に媚薬バイブをズボハメ放置したらキマリすぎちゃって生チ○ポも欲しがるんでハメ放題で中出し三昧！！,SCPX-217,,2017-08-23,205分鐘,ゴリ☆オン,スクープ,SCOOP（スクープ）,,藥物、亂倫、姐妹、拘束、中出、高畫質、戲劇、按摩棒,二宮和香、玉木くるみ、若菜まゆ,https://www.javbus.com/SCPX-217,
RD-827 素人の人妻熟女を個室に連れ込んでヌキまくり！,RD-827 素人の人妻熟女を個室に連れ込んでヌキまくり！,RD-827,,2017-08-20,134分鐘,村山恭助,アテナ映像,ATHENA,,成熟的女人、業餘、已婚婦女、高畫質,二宮和香、麻生千春、柊さき,https://www.javbus.com/RD-827,
NASS-680 寝ている夫の隣で寝取られスリルを楽しむ不埒な奥さん7人,NASS-680 寝ている夫の隣で寝取られスリルを楽しむ不埒な奥さん7人,NASS-680,,2017-08-11,243分鐘,,なでしこ,Nadeshiko,,成熟的女人、已婚婦女、中出、4小時以上作品、高畫質、出軌、巨乳,橘優花、松坂美紀、江上しほ、二宮和香、城崎桐子、羽生ありさ、かなで自由,https://www.javbus.com/NASS-680,
FSET-710 胸の形が強調される軟乳パイスラ女子に発情しちゃった俺,FSET-710 胸の形が強調される軟乳パイスラ女子に発情しちゃった俺,FSET-710,,2017-08-10,155分鐘,豆沢豆太郎,アキノリ,AKNR,○○に発情しちゃった俺,企畫、口交、其他戀物癖、乳房、高畫質、巨乳,浜崎真緒、二宮和香、斉藤みゆ,https://www.javbus.com/FSET-710,
FSET-711 疼く身体を持て余し凸してくるDQN団地妻たちに強制勃起させられちゃった俺,FSET-711 疼く身体を持て余し凸してくるDQN団地妻たちに強制勃起させられちゃった俺,FSET-711,,2017-08-10,152分鐘,棒太郎,アキノリ,AKNR,,蕩婦、企畫、口交、已婚婦女、高畫質、巨尻、巨乳,卯水咲流、小川桃果、葵千恵、若槻みづな、二宮和香、涼宮琴音、斉藤みゆ,https://www.javbus.com/FSET-711,
HUNTA-331 ウォータースライダーで水着が外れちゃっておっぱい丸見え！3 巨乳編 女性に人気のリゾートホテルのプールは気持ちと肩紐が緩んだ女性たちだらけで、男はたまたまボクひとり！しかも水着から乳首をチラリさせてい,HUNTA-331 ウォータースライダーで水着が外れちゃっておっぱい丸見え！3 巨乳編 女性に人気のリゾートホテルのプールは気持ちと肩紐が緩んだ女性たちだらけで、男はたまたまボクひとり！しかも水着から乳首をチラリさせてい,HUNTA-331,,2017-08-06,190分鐘,川尻,Hunter,Hunter（HHHグループ）,ウォータースライダーで水着が外れちゃっておっぱい丸見え！,野外・露出、其他戀物癖、ハーレム、泳裝、DMM獨家,吉川あいみ、若菜奈央、二宮和香、橘咲良、黒木澪、成海あすか,https://www.javbus.com/HUNTA-331,
RD-822 部下の勃起した肉棒を見た奥さんは自らパンツを下ろして後ろ向きになり… 妻の中出し情事,RD-822 部下の勃起した肉棒を見た奥さんは自らパンツを下ろして後ろ向きになり… 妻の中出し情事,RD-822,,2017-07-20,117分鐘,村山恭助,アテナ映像,ATHENA,,已婚婦女、中出、高畫質、デカチン・巨根,二宮和香、麻生千春、柊さき,https://www.javbus.com/RD-822,
KUSR-031 縛られた美人秘書 05 恥辱のオフィス,KUSR-031 縛られた美人秘書 05 恥辱のオフィス,KUSR-031,,2017-06-25,119分鐘,菊の助,ビッグモーカル,九龍（ビッグモーカル）,縛られた美人秘書,OL、紧缚、秘書、制服、羞恥、高畫質、巨乳,森沢かな（飯岡かなこ）、二宮和香、神納花,https://www.javbus.com/KUSR-031,
RBD-844 服従女教師悪女の教壇,RBD-844 服従女教師悪女の教壇,RBD-844,,2017-06-17,240分鐘,後手縛り,アタッカーズ,龍縛,,女教師、紧缚、凌辱、高畫質、DMM獨家,よしい美希（伊沢涼子、吉井美希）、青山夏樹、西田カリナ、二宮和香、戸田ゆりあ、水原麗子、川崎紀里恵,https://www.javbus.com/RBD-844,
ZUKO-127 おっぱいインストラクターまるごと全員に種くばり,ZUKO-127 おっぱいインストラクターまるごと全員に種くばり,ZUKO-127,,2017-06-17,170分鐘,らくだ,ズッコン/バッコン,ズッコン/バッコン,まるごと全員に種くばり,濫交、數位馬賽克、中出、高畫質、講師、ハーレム、巨乳、DMM獨家,水野朝陽、西条沙羅、若槻みづな、二宮和香、笹倉杏、二階堂ゆり、彩奈リナ（七原あかり）、黒木澪、桜咲姫莉、成海さやか,https://www.javbus.com/ZUKO-127,
AGEMIX-370 巨乳限定女性上位交尾～遮るものは何も無い。揺れ弾むおっぱい女体が最も輝く体位～,AGEMIX-370 巨乳限定女性上位交尾～遮るものは何も無い。揺れ弾むおっぱい女体が最も輝く体位～,AGEMIX-370,,2017-06-16,130分鐘,,SEXAgent,SEXAgent,,蕩婦、乳交、戀乳癖、美少女、女上位、高畫質、巨乳、局部特寫,倉多まお、尾上若葉、浜崎真緒、森はるら、二宮和香、日比乃さとみ、三島奈津子、河北はるな、かなで自由、春川なのは,https://www.javbus.com/AGEMIX-370,
IENE-789 スケベニットの隣の奥さんの巨乳にガマンできなくなった童貞くん,IENE-789 スケベニットの隣の奥さんの巨乳にガマンできなくなった童貞くん,IENE-789,,2017-06-15,190分鐘,バンビーノ☆プリン,アイエナジー,IENERGY！,,蕩婦、企畫、已婚婦女、高畫質、處男,西山あさひ、二宮和香、斉藤みゆ、結菜はるか,https://www.javbus.com/IENE-789,
FSET-701 入寮したら男は僕一人ぼっちだった,FSET-701 入寮したら男は僕一人ぼっちだった,FSET-701,,2017-06-15,122分鐘,アキノリ,アキノリ,AKNR,男は僕一人ぼっちだった,企畫、姐姐、高畫質、ハーレム、巨乳,卯水咲流、小川桃果、若槻みづな、二宮和香、斉藤みゆ,https://www.javbus.com/FSET-701,
JUSD-751 2016年下半期全183タイトルBEST8時間,JUSD-751 2016年下半期全183タイトルBEST8時間,JUSD-751,,2017-06-03,480分鐘,,マドンナ,Madonna,,成熟的女人、合集、已婚婦女、數位馬賽克、出軌、巨乳、DMM獨家,寧々、香西咲、佳苗るか、小早川怜子、水原梨花、二階堂ゆり、緒方泰子、蛯原ゆき、藍川なぎさ、筒井まほ、瀬名早智子、宮下華奈、白木優子、夏目彩春、湯本清子、絢葉由貴、三嶋志津、麻生千春、吹石れな、大石香織、通野未帆、篠田あゆみ、谷原希美、丘咲エミリ、八ッ橋さい子、中谷有希、友田真希、浦野美月、倉本雪音、夏目レイコ、円城ひとみ、原ちとせ、川村まや、経堂里穂、たかせ由奈、川上ゆう（森野雫）、三浦恵理子、横山みれい、徳島えり、今井真由美、市川彩香、大森美穂、櫻井美保、浅井舞香、水上由紀恵、麻生遥、大島優香、松うらら、畑野聖奈、佐々木あき、光井ひかり、松嶋葵、澤村レイコ（高坂保奈美、高坂ますみ）、森下美緒、古川祥子、真山由夏、中森いつき、よしい美希（伊沢涼子、吉井美希）、今宮慶子、相澤ゆりな、河井美香、安達かすみ、笹倉杏、若葉加奈、鮎原いつき、二宮和香、真中真奈美、綾波まこ、水野朝陽、一色桃子、高城彩、永山麗子、八木美智香、黒木澪、白石すみれ、西野翔、若槻みづな、水原さな、成田あゆみ、成宮いろは、水谷心音（藤崎りお）、真鍋ゆうき、柊さき、桃瀬ゆり、郡司結子、雨音わかな、最上ゆり子、坂本瑞希、神納花、風間ゆみ、金島裕子、藤澤美織、新山沙弥、鈴木真夕、西野結花、江口浩美,https://www.javbus.com/JUSD-751,
FSET-699 関西在住の女の子が友達と2人揃ってAV出演,FSET-699 関西在住の女の子が友達と2人揃ってAV出演,FSET-699,,2017-06-01,191分鐘,アキノリ,アキノリ,AKNR,,企畫、多P、高畫質、巨乳,二宮和香、舞園にこ、小鳥遊まゆ、橋下まこ,https://www.javbus.com/FSET-699,
RCT-986 ガチンコ全裸レズバトル 8,RCT-986 ガチンコ全裸レズバトル 8,RCT-986,,2017-06-01,153分鐘,神戸たろう,ROCKET,ROCKET,ガチンコ全裸レズバトル,企畫、女同性戀、潮吹、乳液、高畫質,碧しの（篠めぐみ）、波多野結衣、推川ゆうり、二宮和香,https://www.javbus.com/RCT-986,
NHDTA-994 宙に浮くほどイキ跳ねる「エビ反り薬漬けエステ」9 SP 美人キャビンアテンダントが涎を垂らし狂乱化！！,NHDTA-994 宙に浮くほどイキ跳ねる「エビ反り薬漬けエステ」9 SP 美人キャビンアテンダントが涎を垂らし狂乱化！！,NHDTA-994,,2017-06-01,235分鐘,タナカ・ベーコン,ナチュラルハイ,NATURALHIGH,宙に浮くほどイキ跳ねる「エビ反り薬漬けエステ」,企畫、藥物、潮吹、空中小姐、薄馬賽克、美容院、高畫質,二宮和香、花咲いあん、小野寺梨紗、心花ゆら,https://www.javbus.com/NHDTA-994,
RD-815 アロママッサージで羞恥に身悶えする妻たち,RD-815 アロママッサージで羞恥に身悶えする妻たち,RD-815,,2017-05-20,121分鐘,市原克也,アテナ映像,ATHENA,アロママッサージで…,已婚婦女、羞恥、按摩、高畫質、出軌,二宮和香、和久井麻結、仲本まいか,https://www.javbus.com/RD-815,
VRTM-260 AV女優 自画撮りオナニー,VRTM-260 AV女優 自画撮りオナニー,VRTM-260,,2017-05-12,238分鐘,,V＆RPRODUCE,V＆RPRODUCE,,企畫、淫語、乳房、4小時以上作品、高畫質、巨乳、自慰、跳蛋、局部特寫,あやね遥菜、浜崎真緒、宮崎あや、江上しほ、児玉るみ、あおいれな、日向あいり、二階堂ゆり、彩奈リナ（七原あかり）、かなで自由、羽月希、若槻みづな、青葉優香、北川エリカ、二宮和香、相澤ゆりな、蓮実クレア、福咲れん,https://www.javbus.com/VRTM-260,
UMSO-140 媚薬近親相姦 04 姉さんと娘に極秘ルートで手に入れたバイ○グラを飲ませたら、チ○ポの興奮が押さえられなくて犯して中出し！,UMSO-140 媚薬近親相姦 04 姉さんと娘に極秘ルートで手に入れたバイ○グラを飲ませたら、チ○ポの興奮が押さえられなくて犯して中出し！,UMSO-140,,2017-05-12,139分鐘,ディラン富増,ケイ・エム・プロデュース,UMANAMI,媚薬近親相姦,藥物、口交、其他戀物癖、亂倫、無毛、巨乳,仁美まどか、二宮和香、今宮なな、芹沢ゆず,https://www.javbus.com/UMSO-140,
DOKS-405 バレたらヤバイ状況でフェラしてくるチ●ポ舐め痴女,DOKS-405 バレたらヤバイ状況でフェラしてくるチ●ポ舐め痴女,DOKS-405,,2017-05-03,121分鐘,マボロシ子,OFFICEK’S,OFFICEK’S,,蕩婦、口交、各種職業、姐姐、高畫質,蓮実クレア、二宮和香、黒木いくみ、由來ちとせ、成海さやか、水川愛莉,https://www.javbus.com/DOKS-405,
DOHI-050 家事代行サービスでやってきた地味で大人しそうな清掃スタッフが、服の上からでも分かるほど物凄い爆乳でムラムラがとまらない！ 2,DOHI-050 家事代行サービスでやってきた地味で大人しそうな清掃スタッフが、服の上からでも分かるほど物凄い爆乳でムラムラがとまらない！ 2,DOHI-050,,2017-05-03,179分鐘,鬼瓦権三郎,OFFICEK’S,INSERT！,服の上からでも分かるほど物凄い爆乳でムラムラがとまらない！,企畫、口交、乳交、各種職業、花癡、中出、高畫質、巨乳,蓮実クレア、二宮和香、由來ちとせ,https://www.javbus.com/DOHI-050,
DVDMS-116 一般男女モニタリングAV 1発10万円！奇跡の連続射精プロジェクト始動！心優しい巨乳の女先輩が社会人になってもいまだ童貞の新卒社員に生挿入でSEX指導！性欲溢れる童貞チ○ポを勤務中に腰振り騎乗位で完全,DVDMS-116 一般男女モニタリングAV 1発10万円！奇跡の連続射精プロジェクト始動！心優しい巨乳の女先輩が社会人になってもいまだ童貞の新卒社員に生挿入でSEX指導！性欲溢れる童貞チ○ポを勤務中に腰振り騎乗位で完全,DVDMS-116,,2017-05-01,160分鐘,駒場シェリー,ディープス,DEEP’S,一般男女モニタリングAV,業餘、中出、女上位、處男、巨乳、DMM獨家,二宮和香、笹倉杏、三島奈津子、眞実かなえ,https://www.javbus.com/DVDMS-116,
ZUKO-123 厳しい母とその友人がエロすぎたから子作り,ZUKO-123 厳しい母とその友人がエロすぎたから子作り,ZUKO-123,,2017-04-22,150分鐘,らくだ,ズッコン/バッコン,ズッコン/バッコン,ハーレム子作り,蕩婦、濫交、母親、中出、主觀視角、高畫質、DMM獨家,蓮実クレア、二宮和香、唯川希、花崎りこ,https://www.javbus.com/ZUKO-123,
WANZ-613 門限までに帰りたい人妻風俗嬢による「必要以上」のサービスを見てにやにや楽しんだ。,WANZ-613 門限までに帰りたい人妻風俗嬢による「必要以上」のサービスを見てにやにや楽しんだ。,WANZ-613,,2017-04-22,120分鐘,,ワンズファクトリー,WANZ,,企畫、妓女、已婚婦女、中出、高畫質、巨乳、DMM獨家,蓮実クレア、二宮和香、唯川希,https://www.javbus.com/WANZ-613,
FSET-691 【証言】やっとの思いで会社で一番の美人と結婚しましたが、同僚の男たちに会社内で寝取られました。,FSET-691 【証言】やっとの思いで会社で一番の美人と結婚しましたが、同僚の男たちに会社内で寝取られました。,FSET-691,,2017-04-20,176分鐘,棒太郎,アキノリ,AKNR,,企畫、已婚婦女、輪姦、高畫質、出軌,二宮和香、小野寺梨紗、河北はるな,https://www.javbus.com/FSET-691,
FSET-689 もう～まさにアニメ！解れた糸を引っ張るとみるみる服が短くなっていくwww,FSET-689 もう～まさにアニメ！解れた糸を引っ張るとみるみる服が短くなっていくwww,FSET-689,,2017-04-06,152分鐘,アキノリ,アキノリ,AKNR,,企畫、凌辱、羞恥、高畫質,波多野結衣、二宮和香、心花ゆら,https://www.javbus.com/FSET-689,
RD-803 いい体の美人妻で好き放題ヌキまくり「お尻にまで入れちゃイヤ～！！」,RD-803 いい体の美人妻で好き放題ヌキまくり「お尻にまで入れちゃイヤ～！！」,RD-803,,2017-03-20,138分鐘,村山恭助,アテナ映像,ATHENA,,紧缚、已婚婦女、女上位、高畫質,大橋優子、二宮和香、三島奈津子,https://www.javbus.com/RD-803,
SDMU-545 マジックミラー号 爆乳人妻緊縛寝取り温泉ナンパ 旦那の目の前で初めての緊縛体験、思わずチ○コを受け入れてしまうほどよがり狂う！,SDMU-545 マジックミラー号 爆乳人妻緊縛寝取り温泉ナンパ 旦那の目の前で初めての緊縛体験、思わずチ○コを受け入れてしまうほどよがり狂う！,SDMU-545,,2017-03-18,139分鐘,赤井彗星,SODクリエイト,ミラー号,マジックミラー号,企畫、獵豔、紧缚、新娘、年輕妻子、羞恥、女優按摩棒、高畫質,吉川あいみ、推川ゆうり、二宮和香、とみの伊織,https://www.javbus.com/SDMU-545,
DILD-035 完全ノーカット撮影 新本気で何度もイキまくるディルドオナニー 1,DILD-035 完全ノーカット撮影 新本気で何度もイキまくるディルドオナニー 1,DILD-035,,2017-03-17,127分鐘,,OFFICEK’S,DILDOS,本気で何度もイキまくるディルドオナニー,玩具、其他戀物癖、高畫質、自慰,二宮和香、彩奈リナ、成澤ひなみ、早野いちか、蒼空なつき,https://www.javbus.com/DILD-035,
DOHI-046 パツパツのタイトスカートがピタッと密着していやらしさを強調するむっちりデカ尻とヒップラインから覗くパンティとムチムチの太ももで男を誘惑してくるスケベなお姉さんの生チ○ポ丸呑み中出しSEX！！ 2,DOHI-046 パツパツのタイトスカートがピタッと密着していやらしさを強調するむっちりデカ尻とヒップラインから覗くパンティとムチムチの太ももで男を誘惑してくるスケベなお姉さんの生チ○ポ丸呑み中出しSEX！！ 2,DOHI-046,,2017-03-17,147分鐘,マボロシ子,OFFICEK’S,INSERT！,男を誘惑してくるスケベなお姉さんの生チ○ポ丸呑み中出しSEX！！,姐姐、中出、高畫質、巨尻,二宮和香、水城りの、早野いちか,https://www.javbus.com/DOHI-046,
ESV-050 素人美女厳選 あなたのヘアヌード見せてください vol.2,ESV-050 素人美女厳選 あなたのヘアヌード見せてください vol.2,ESV-050,,2017-03-17,149分鐘,,サルトル映像出版,綺面組,素人美女厳選あなたのヘアヌード見せてください,業餘、其他戀物癖、高畫質、局部特寫,杏堂怜、二宮和香、彩奈リナ、成澤ひなみ、早野いちか、蒼空なつき,https://www.javbus.com/ESV-050,
DMOW-147 完全主観バイノーラル淫語 貴方を見つめながら射精管理,DMOW-147 完全主観バイノーラル淫語 貴方を見つめながら射精管理,DMOW-147,,2017-03-17,129分鐘,96★,OFFICEK’S,mow,,淫語、主觀視角、高畫質、校服,柊木なな（葉山美空）、若月まりあ、水城りの、涼宮琴音、麻里梨夏、あず希、二宮和香、彩奈リナ（七原あかり）,https://www.javbus.com/DMOW-147,
AGEMIX-358 超早漏！女の子にしてもらうオナホ手コキ 2 ～オチンチンは直接シゴいてもらえない。だが、そこがいい～,AGEMIX-358 超早漏！女の子にしてもらうオナホ手コキ 2 ～オチンチンは直接シゴいてもらえない。だが、そこがいい～,AGEMIX-358,,2017-03-17,110分鐘,,SEXAgent,SEXAgent,超早漏！女の子にしてもらうオナホ手コキ,蕩婦、企畫、玩具、業餘、其他戀物癖、美少女、乳液、高畫質、打手槍,神ユキ、卯水咲流、若槻みづな、二宮和香、椎名りりこ、水澤りこ、三上絵理香、小鳥遊まゆ,https://www.javbus.com/AGEMIX-358,
MDB-768 【奇跡】デリヘル呼んだら地元の巨乳な友達で非常においしい思いをした件！！,MDB-768 【奇跡】デリヘル呼んだら地元の巨乳な友達で非常においしい思いをした件！！,MDB-768,,2017-03-10,151分鐘,K太郎,メディアステーション,BAZOOKA（バズーカ）,,妓女、纪录片、凌辱、中出、高畫質、巨乳,推川ゆうり、折原ほのか、二宮和香、羽生ありさ,https://www.javbus.com/MDB-768,
VRTM-244 AV女優 裸コレクション 第四弾,VRTM-244 AV女優 裸コレクション 第四弾,VRTM-244,,2017-03-10,198分鐘,ホイップローズ,V＆RPRODUCE,V＆RPRODUCE,AV女優裸コレクション,其他戀物癖、屁股、乳房、高畫質、巨乳、局部特寫,尾上若葉、保坂えり、桜木優希音、逢沢るる、早川瑞希、前田のの（菊池ひなの）、浅田結梨、白間れおな、唯川みさき、あず希、佳苗るか、神納花、涼海みさ、舞野いつき、あおいれな、花咲いあん、彩奈リナ（七原あかり）、二宮和香、木村つな、河音くるみ,https://www.javbus.com/VRTM-244,
SCPX-188 怪我を言い訳に巨乳で優しい母さんの妹（叔母さん）にオナニーの手伝いを懇願したら淡い期待でギン勃ちした甥っ子チ●ポを近親オマ●コで筆下ろしてくれるのか？3,SCPX-188 怪我を言い訳に巨乳で優しい母さんの妹（叔母さん）にオナニーの手伝いを懇願したら淡い期待でギン勃ちした甥っ子チ●ポを近親オマ●コで筆下ろしてくれるのか？3,SCPX-188,,2017-03-10,181分鐘,カオ☆ル,スクープ,SCOOP（スクープ）,怪我を言い訳に○○にオナニーの手伝いを懇願したら,亂倫、中出、女上位、高畫質、巨乳,二宮和香、月本愛、とみの伊織、水嶋アリス,https://www.javbus.com/SCPX-188,
TDSU-100 射精してもシゴき続ける素人娘の悶絶手コキ責め！,TDSU-100 射精してもシゴき続ける素人娘の悶絶手コキ責め！,TDSU-100,,2017-03-03,127分鐘,,虎堂,スノヒト,,蕩婦、業餘、纪录片、姐姐、高畫質、打手槍,加納綾子、柊木なな（葉山美空）、二宮和香、水城りの、彩奈リナ、成澤ひなみ,https://www.javbus.com/TDSU-100,
DOKS-402 パンスト固定バイブアクメ,DOKS-402 パンスト固定バイブアクメ,DOKS-402,,2017-03-03,137分鐘,鬼瓦権三郎,OFFICEK’S,OFFICEK’S,,各種職業、連褲襪、姐姐、戀腿癖、羞恥、高畫質、按摩棒,加納綾子、柊木なな（葉山美空）、二宮和香、彩奈リナ（七原あかり）,https://www.javbus.com/DOKS-402,
DOKS-401 欲求不満妻たちのセンズリ鑑賞 其の十四,DOKS-401 欲求不満妻たちのセンズリ鑑賞 其の十四,DOKS-401,,2017-03-03,150分鐘,フェチーニ,OFFICEK’S,OFFICEK’S,欲求不満妻たちのセンズリ鑑賞,業餘、口交、已婚婦女、纪录片、高畫質、打手槍,加納綾子、二宮和香、彩奈リナ、成澤ひなみ、早野いちか,https://www.javbus.com/DOKS-401,
DVDMS-088 一般男女モニタリングAV 街行く巨乳女子大生限定 ゴムハメ＆生ハメ検証企画 仲良し大学生姉弟が過激な近親相姦ミッションに挑戦！弟とのSEXでイかなかったら100万円！ゴム有りチ○ポではイクのを我慢でき,DVDMS-088 一般男女モニタリングAV 街行く巨乳女子大生限定 ゴムハメ＆生ハメ検証企画 仲良し大学生姉弟が過激な近親相姦ミッションに挑戦！弟とのSEXでイかなかったら100万円！ゴム有りチ○ポではイクのを我慢でき,DVDMS-088,,2017-02-19,160分鐘,ヨハン・ユアン,ディープス,DEEP’S,一般男女モニタリングAV,業餘、亂倫、姐妹、中出、巨乳、DMM獨家,広瀬うみ、二宮和香、斉藤みゆ、野々宮みさと,https://www.javbus.com/DVDMS-088,
RCT-952 淫語女子アナ 10 清楚系ギャップ美女アナSP,RCT-952 淫語女子アナ 10 清楚系ギャップ美女アナSP,RCT-952,,2017-02-16,120分鐘,神戸たろう,ROCKET,ROCKET,淫語女子アナ,企畫、淫語、中出、高畫質、顏射、女主播、打手槍,二宮和香、姫川ゆうな、星あんず,https://www.javbus.com/RCT-952,
GRGR-021 出産直後でご無沙汰中の子育てママは100％欲求不満！「そのオッパイ、赤ちゃんの代わりに僕が舐めてあげますよ◆」ナンパ即ハメ中出し！！,GRGR-021 出産直後でご無沙汰中の子育てママは100％欲求不満！「そのオッパイ、赤ちゃんの代わりに僕が舐めてあげますよ◆」ナンパ即ハメ中出し！！,GRGR-021,,2017-02-14,243分鐘,,映天,グリグリ（映天）,,企畫、獵豔、口交、已婚婦女、中出、4小時以上作品、高畫質、キス・接吻,美泉咲、大橋優子、二宮和香、高本優香、成澤ひなみ、神山なな、坂本すみれ、高城彩、水咲菜々美、最上晶,https://www.javbus.com/GRGR-021,
MDB-754 めちゃくちゃ妊娠しやすそうな爆乳女子に強制中出し 2,MDB-754 めちゃくちゃ妊娠しやすそうな爆乳女子に強制中出し 2,MDB-754,,2017-02-10,197分鐘,馨,メディアステーション,BAZOOKA（バズーカ）,めちゃくちゃ妊娠しやすそうな爆乳女子に強制中出し,凌辱、中出、高畫質、眼鏡、巨乳、蘿莉塔,推川ゆうり、二宮和香、羽生ありさ、有坂つばさ,https://www.javbus.com/MDB-754,
TEM-044 隠れて兄嫁を寝取った結果…興奮した兄嫁がおかわりセックスを求め強制的に中出しさせられた！,TEM-044 隠れて兄嫁を寝取った結果…興奮した兄嫁がおかわりセックスを求め強制的に中出しさせられた！,TEM-044,,2017-02-10,130分鐘,,プレステージ,temptation,,蕩婦、已婚婦女、通姦、中出、高畫質、出軌,本庄優花、二宮和香、早野いちか,https://www.javbus.com/TEM-044,
AP-391 スカート巾着 固定媚薬バイブ痴漢2,AP-391 スカート巾着 固定媚薬バイブ痴漢2,AP-391,,2017-02-05,205分鐘,クニオカ,アパッチ,アパッチ（HHHグループ）,スカート巾着固定媚薬バイブ痴漢,藥物、性騷擾、粗暴、DMM獨家,青葉優香、二宮和香、三島奈津子、坂井亜美,https://www.javbus.com/AP-391,
MGMP-016 ザ☆淫語痴女 手コキ男犯 連射・男の潮吹き・尿道・亀頭・睾丸責め,MGMP-016 ザ☆淫語痴女 手コキ男犯 連射・男の潮吹き・尿道・亀頭・睾丸責め,MGMP-016,,2017-02-05,100分鐘,,MEGAMI,美女神Premium,手コキ男犯,蕩婦、潮吹、淫語、M男、DMM獨家、打手槍,辻本りょう、二宮和香、神納花、一松愛梨,https://www.javbus.com/MGMP-016,
IENE-754 おばさんおっぱいが少年ち○ぽを勃起させてしまったの？！「ノーブラ乳首透け見え」で子○たちを発情させてしまった淑女たち！！,IENE-754 おばさんおっぱいが少年ち○ぽを勃起させてしまったの？！「ノーブラ乳首透け見え」で子○たちを発情させてしまった淑女たち！！,IENE-754,,2017-02-02,197分鐘,バンビーノ☆プリン,アイエナジー,IENERGY！,おばさんおっぱいが少年ち●ぽを勃起させてしまったの？！,企畫、成熟的女人、已婚婦女、高畫質、正太控、巨乳,二宮和香、とみの伊織、野々宮みさと,https://www.javbus.com/IENE-754,
RCT-949 母親と息子の親子露天風呂一転混浴孕ませ近親相姦,RCT-949 母親と息子の親子露天風呂一転混浴孕ませ近親相姦,RCT-949,,2017-02-02,131分鐘,ルート山崎,ROCKET,,,企畫、成熟的女人、濫交、母親、潮吹、亂倫、高畫質、温泉、デカチン・巨根、巨乳,推川ゆうり、河西あみ、二宮和香、松下美織,https://www.javbus.com/RCT-949,
NPS-313 素人妻 酒！媚薬！乱れ総イキ56回以上！中出しナンパ,NPS-313 素人妻 酒！媚薬！乱れ総イキ56回以上！中出しナンパ,NPS-313,,2017-01-25,229分鐘,,ピーターズ,ナンパーズ,,成熟的女人、業餘、獵豔、藥物、已婚婦女、中出、高畫質,二宮和香、成田あゆみ、今宮慶子,https://www.javbus.com/NPS-313,
ULT-136 ノーパンストに直電マ！7,ULT-136 ノーパンストに直電マ！7,ULT-136,,2017-01-20,239分鐘,,プレステージ,ULTRA,ノーパンストに直電マ！,業餘、連褲襪、姐姐、女優按摩棒、高畫質,二宮和香、あず希、姫川ゆうな、中沢ケイト、彩奈リナ、柏木ゆり菜、小鳥遊まゆ、羽田美夢,https://www.javbus.com/ULT-136,
GRGR-020 胸チラ妻の捨てた恥ずかしいゴミを漁ったら即ハメできるのか！？青姦中出しナンパ,GRGR-020 胸チラ妻の捨てた恥ずかしいゴミを漁ったら即ハメできるのか！？青姦中出しナンパ,GRGR-020,,2017-01-19,239分鐘,,映天,グリグリ（映天）,,企畫、獵豔、野外・露出、已婚婦女、戀乳癖、羞恥、中出、4小時以上作品、高畫質、立即口交,伊東紅、二宮和香、水城りの、高本優香、坂本すみれ、成澤ひなみ、高谷さつき、水咲菜々美、最上晶,https://www.javbus.com/GRGR-020,
GETS-026 痴漢対策で護身術道場に通う女子は、スキだらけですぐ言いなりにw稽古中に密着セクハラしたところ…,GETS-026 痴漢対策で護身術道場に通う女子は、スキだらけですぐ言いなりにw稽古中に密着セクハラしたところ…,GETS-026,,2017-01-13,119分鐘,,プレステージ,ゲッツ！！,,性騷擾、羞恥、高畫質、巨乳、體育服,二宮和香、桜乃ゆいな、夢野りんか,https://www.javbus.com/GETS-026,
VRTM-225 母性に飢えたオトナになりきれない童貞の息子に責任感じた巨乳の母が優しく授乳手コキ！まさかのフル勃起に欲しがり汁垂らしっぱなしで馬乗りズブリ！旦那では満たされない母は息子の若いチ○ポで何度も中出し懇願！,VRTM-225 母性に飢えたオトナになりきれない童貞の息子に責任感じた巨乳の母が優しく授乳手コキ！まさかのフル勃起に欲しがり汁垂らしっぱなしで馬乗りズブリ！旦那では満たされない母は息子の若いチ○ポで何度も中出し懇願！,VRTM-225,,2017-01-13,193分鐘,田中素直,V＆RPRODUCE,V＆RPRODUCE,,企畫、母親、乳交、亂倫、已婚婦女、戀乳癖、中出、女上位、高畫質、處男、故事集、巨乳,若槻みづな、二宮和香、波木真由、彩奈リナ（七原あかり）,https://www.javbus.com/VRTM-225,
HUNTA-248 「何で動かすの！ダメでしょう！ダメダメ本当に挿っちゃうからダメ！！」ヌルっと生挿入で結局抜かずの4連続中出し！！超巨乳過ぎるボクの家庭教師は胸の谷間が常に見えています！！受験生のボクには目の猛毒です！,HUNTA-248 「何で動かすの！ダメでしょう！ダメダメ本当に挿っちゃうからダメ！！」ヌルっと生挿入で結局抜かずの4連続中出し！！超巨乳過ぎるボクの家庭教師は胸の谷間が常に見えています！！受験生のボクには目の猛毒です！,HUNTA-248,,2017-01-02,350分鐘,ボルボ中野,Hunter,Hunter（HHHグループ）,ボクの家庭教師（Hunter）,家教、中出、女上位、4小時以上作品、巨乳、DMM獨家,尾上若葉、江上しほ、二宮和香、三島奈津子,https://www.javbus.com/HUNTA-248,
AUKG-368 レズ盗撮 ～ビアンの私が先輩を誘って隠し撮り～,AUKG-368 レズ盗撮 ～ビアンの私が先輩を誘って隠し撮り～,AUKG-368,,2016-12-30,140分鐘,,U＆K,U＆K,,女同性戀、各種職業、偷窥、女同接吻、巨乳、DMM獨家,蓮実クレア、芦屋静香、西条沙羅、葵千恵、二宮和香、神納花,https://www.javbus.com/AUKG-368,
AGEMIX-345 完全主観で超ガン見されながらのセルフイラマチオ 2 ～じっと目を合わせたまま喉奥まで喰らうチ○ポ狂い～,AGEMIX-345 完全主観で超ガン見されながらのセルフイラマチオ 2 ～じっと目を合わせたまま喉奥まで喰らうチ○ポ狂い～,AGEMIX-345,,2016-12-16,101分鐘,,SEXAgent,SEXAgent,完全主観で超ガン見されながらのセルフイラマチオ,深喉、主觀視角、高畫質,倉多まお、浜崎真緒、裕木まゆ、二宮和香、あおいれな、川奈亜希、かなで自由,https://www.javbus.com/AGEMIX-345,
AGEMIX-347 幻惑またがりロングディルド挿入オナニー～頭上に生えたチ○ポ玩具にマ○コ汁を垂らす異形のまぐわい～,AGEMIX-347 幻惑またがりロングディルド挿入オナニー～頭上に生えたチ○ポ玩具にマ○コ汁を垂らす異形のまぐわい～,AGEMIX-347,,2016-12-16,115分鐘,,SEXAgent,SEXAgent,,玩具、羞恥、高畫質、自慰,倉多まお、尾上若葉、浜崎真緒、白井ゆずか、綾波まこ、二宮和香、あおいれな、平川莉沙、玉木くるみ、緒方ルナ、小椋あずき、MIRANO、いろはめる、葉山めい、稲村ひかり、花咲いあん、涼海みさ、なるせみらい,https://www.javbus.com/AGEMIX-347,
VRTM-213 コタツの中でひっそり奥さんのマ○コに触れると糸を引くほど溢れ出す愛液！ご無沙汰過ぎて旦那が隣に居るにも関わらず何度も悶絶絶頂！,VRTM-213 コタツの中でひっそり奥さんのマ○コに触れると糸を引くほど溢れ出す愛液！ご無沙汰過ぎて旦那が隣に居るにも関わらず何度も悶絶絶頂！,VRTM-213,,2016-12-09,200分鐘,Sion.,V＆RPRODUCE,V＆RPRODUCE,,潮吹、已婚婦女、通姦、羞恥、中出、高畫質,浜崎真緒、江上しほ、若槻みづな、二宮和香,https://www.javbus.com/VRTM-213,
CLUB-343 ヤレる人妻回春マッサージ12 中出し交渉盗撮,CLUB-343 ヤレる人妻回春マッサージ12 中出し交渉盗撮,CLUB-343,,2016-12-03,230分鐘,,変態紳士倶楽部,変態紳士倶楽部,ヤレる人妻回春マッサージ,已婚婦女、偷窥、中出、按摩、高畫質、巨乳、DMM獨家,江上しほ、二宮和香、三島奈津子,https://www.javbus.com/CLUB-343,
HUNTA-230 『どのオッパイが一番好き？？』突然出来た6人の義理のお姉ちゃんはとにかく巨乳でとにかくスケベ！！普段から胸元が空いて谷間全開の服を着てるしパンチラもしまくりで当然勃起！！勃起がバレたらもう大変！！その,HUNTA-230 『どのオッパイが一番好き？？』突然出来た6人の義理のお姉ちゃんはとにかく巨乳でとにかくスケベ！！普段から胸元が空いて谷間全開の服を着てるしパンチラもしまくりで当然勃起！！勃起がバレたらもう大変！！その,HUNTA-230,,2016-11-18,240分鐘,ボルボ中野,Hunter,Hunter（HHHグループ）,,蕩婦、姐妹、中出、4小時以上作品、ハーレム、DMM獨家,青葉優香、前田のの（菊池ひなの）、二宮和香、三島奈津子、坂井亜美,https://www.javbus.com/HUNTA-230,
DXDB-032 媚薬自慰キメ狂いオーガズム！！VOL5,DXDB-032 媚薬自慰キメ狂いオーガズム！！VOL5,DXDB-032,,2016-11-13,79分鐘,,BabyEntertainment,BLACKBABY,媚薬自慰キメ狂いオーガズム！！,藥物、手指插入、DMM獨家、自慰,近藤郁美、大橋優子、若槻みづな、二宮和香、桃瀬ゆり、近藤郁（近藤郁美）,https://www.javbus.com/DXDB-032,
VRTM-211 部屋を覗くと欲求不満な姉がこっそりパイズリ練習中！柔らかな巨乳を初めて見た弟が我慢できず禁断の近親相姦SEX！大きな乳を激揺れさせるほどの鬼ピストンでイキまくり！,VRTM-211 部屋を覗くと欲求不満な姉がこっそりパイズリ練習中！柔らかな巨乳を初めて見た弟が我慢できず禁断の近親相姦SEX！大きな乳を激揺れさせるほどの鬼ピストンでイキまくり！,VRTM-211,,2016-11-11,199分鐘,田中素直,V＆RPRODUCE,V＆RPRODUCE,,乳交、亂倫、戀乳癖、姐姐、姐妹、女上位、高畫質、巨乳,綾瀬みなみ、二宮和香、舞野いつき、日向あいり,https://www.javbus.com/VRTM-211,
CLUB-330 巨乳水着ギャルばかりを狙う 海の家ナンパエステ6,CLUB-330 巨乳水着ギャルばかりを狙う 海の家ナンパエステ6,CLUB-330,,2016-10-29,210分鐘,,変態紳士倶楽部,変態紳士倶楽部,海の家ナンパエステ,偷窥、按摩、高畫質、泳裝、巨乳、DMM獨家、女生,北川エリカ、里美まゆ、二宮和香、岡沢リナ,https://www.javbus.com/CLUB-330,
RCT-912 やっつけセックス～SEXまったくヤル気ない女とヤル気マンマンの男～,RCT-912 やっつけセックス～SEXまったくヤル気ない女とヤル気マンマンの男～,RCT-912,,2016-10-20,130分鐘,三輪キヨシ,ROCKET,,,企畫、其他戀物癖、多P、高畫質、校服、女生,二宮和香、涼海みさ、NOA、MIRANO,https://www.javbus.com/RCT-912,
RCT-907 巨乳OL限定！おっぱいスケスケ媚薬レントゲン検査,RCT-907 巨乳OL限定！おっぱいスケスケ媚薬レントゲン検査,RCT-907,,2016-10-06,138分鐘,神戸たろう,ROCKET,ROCKET,,企畫、OL、藥物、高畫質、巨乳,宮野ゆかな、二宮和香、涼海みさ、新月さなえ,https://www.javbus.com/RCT-907,
HCM-004 クギづけ！ 目が奪われる瞬間 スポーツジム編,HCM-004 クギづけ！ 目が奪われる瞬間 スポーツジム編,HCM-004,,2016-09-16,121分鐘,,プレステージ,白昼夢,クギづけ！目が奪われる瞬間,運動、高畫質、巨乳、學校泳裝,江上しほ、二宮和香、盛岡れみ,https://www.javbus.com/HCM-004,
VRTM-191 子作りに悩む巨乳の義母が息子の勃起チ○ポを見て愛液ジワリ！あまりのたくましさに理性保てず旦那には絶対内緒の馬乗り逆夜這い！母性溢れるおっぱいを揺らしながら悶絶イキ！妊娠するまで何度も中出し！,VRTM-191 子作りに悩む巨乳の義母が息子の勃起チ○ポを見て愛液ジワリ！あまりのたくましさに理性保てず旦那には絶対内緒の馬乗り逆夜這い！母性溢れるおっぱいを揺らしながら悶絶イキ！妊娠するまで何度も中出し！,VRTM-191,,2016-09-09,203分鐘,きとるね川口,ブイアンドアールプロデュース,V＆RPRODUCE,,中出、女上位、婆婆、高畫質、巨乳,保坂えり、浜崎真緒、二宮和香、日向あいり,https://www.javbus.com/VRTM-191,
BCV-001 募集ちゃんTV×PRESTIGE SELECTION 01,BCV-001 募集ちゃんTV×PRESTIGE SELECTION 01,BCV-001,,2016-08-05,236分鐘,,プレステージ,募集ちゃんTV,募集ちゃんTV×PRESTIGE,玩具、業餘、乳交、4小時以上作品、高畫質、顏射、巨乳,水嶋杏樹、若槻みづな、二宮和香,https://www.javbus.com/BCV-001,
NRS-051 押せばデキる巨乳妻が働く回春性交マッサージ,NRS-051 押せばデキる巨乳妻が働く回春性交マッサージ,NRS-051,,2016-07-22,130分鐘,,プレステージ,ぬめり荘,,妓女、已婚婦女、中出、按摩、高畫質、巨乳,二宮和香、麻宮りな、彩奈リナ,https://www.javbus.com/NRS-051,
SUPA-029 巨乳人妻 自宅不倫お風呂セックス,SUPA-029 巨乳人妻 自宅不倫お風呂セックス,SUPA-029,,2016-07-08,142分鐘,藤波コウジ,S級素人,S級素人,,業餘、獵豔、已婚婦女、羞恥、高畫質、出軌、巨乳,美咲かんな、二宮和香、成宮はるあ,https://www.javbus.com/SUPA-029,
SCPX-123 ●袋人妻ヘルスの新人研修に密着！素股講習中にご無沙汰マ●コが擦れすぎて気持ちよくなってしまった奥様たちは 入れちゃダメなんですよねといいつつ他人棒の膣内初挿入を拒めない！！2,SCPX-123 ●袋人妻ヘルスの新人研修に密着！素股講習中にご無沙汰マ●コが擦れすぎて気持ちよくなってしまった奥様たちは 入れちゃダメなんですよねといいつつ他人棒の膣内初挿入を拒めない！！2,SCPX-123,,2016-06-10,251分鐘,ビバ☆ゴンゾ,スクープ,SCOOP（スクープ）,他人棒の膣内初挿入を拒めない！！,業餘、妓女、已婚婦女、偷窥、女上位、4小時以上作品、高畫質,美泉咲、成宮いろは、二宮和香、日比乃さとみ、柴崎ひかる,https://www.javbus.com/SCPX-123,
RDT-255 母親は混浴風呂で久しぶりの他人棒に興奮…さらに母親の不貞姿に興奮した純朴娘も我慢出来ずに親子同時3Pセックス！,RDT-255 母親は混浴風呂で久しぶりの他人棒に興奮…さらに母親の不貞姿に興奮した純朴娘も我慢出来ずに親子同時3Pセックス！,RDT-255,,2016-06-10,132分鐘,,プレステージ,REALDOCUMENT,,業餘、多P、高畫質、温泉、巨乳,二宮和香、河音くるみ、宮沢ゆかり、神谷しほり,https://www.javbus.com/RDT-255,
HAR-034 媚薬付きデカバイブを固定放置され、旦那に見られているとも知らずに他人棒でイカされまくる美人ガンギマリ妻 2,HAR-034 媚薬付きデカバイブを固定放置され、旦那に見られているとも知らずに他人棒でイカされまくる美人ガンギマリ妻 2,HAR-034,,2016-05-27,128分鐘,,プレステージ,HARDEST,媚薬付きデカバイブを固定放置され、旦那に見られているとも知らずに他人棒でイカされまくる美人ガンギマリ,野外・露出、藥物、已婚婦女、拘束、高畫質、按摩棒,二宮和香、斉藤みゆ、なおい夕羅,https://www.javbus.com/HAR-034,
SCOP-385 マンションの隣の部屋に住む性欲過剰の肉食巨乳人妻は馬乗りになって地方から引っ越してきたばかりのウブな上京大学生のボクをむさぼり喰う！！,SCOP-385 マンションの隣の部屋に住む性欲過剰の肉食巨乳人妻は馬乗りになって地方から引っ越してきたばかりのウブな上京大学生のボクをむさぼり喰う！！,SCOP-385,,2016-05-13,181分鐘,リトルフジタ,スクープ,SCOOP（スクープ）,,乳交、已婚婦女、通姦、高畫質、出軌、巨乳,二宮和香、柳あきら、霧島さくら,https://www.javbus.com/SCOP-385,
SAMA-999 素人ナンパ 地方から上京してきたばかりの体育大女子学生限定「あなたの自慢の運動能力計測させて下さい。」どさくさにまぎれて身体いじって密着してたらアスリート女子が発情してSEXできちゃった 4時間SP！,SAMA-999 素人ナンパ 地方から上京してきたばかりの体育大女子学生限定「あなたの自慢の運動能力計測させて下さい。」どさくさにまぎれて身体いじって密着してたらアスリート女子が発情してSEXできちゃった 4時間SP！,SAMA-999,,2016-05-13,265分鐘,藤波コウジ,S級素人,S級素人,,業餘、獵豔、女大學生、4小時以上作品、高畫質、巨乳,宮沢あめり、江上しほ、二宮和香、柳あきら、大沢莉奈、沙原さゆ、霧島さくら,https://www.javbus.com/SAMA-999,
SAMA-998 素人なし崩しナンパ！とりあえずヤレるところまでやって勢いでチ●ポがズボリッ！！入学したての女子大生の皆さん 仕送り代わりの謝礼金払いますSP,SAMA-998 素人なし崩しナンパ！とりあえずヤレるところまでやって勢いでチ●ポがズボリッ！！入学したての女子大生の皆さん 仕送り代わりの謝礼金払いますSP,SAMA-998,,2016-05-13,290分鐘,藤波コウジ,S級素人,S級素人,,業餘、獵豔、女大學生、羞恥、中出、女上位、4小時以上作品、高畫質,生駒はるな、那月めい、二宮和香、中森いちな、柳あきら、星あんず、霧島さくら,https://www.javbus.com/SAMA-998,
IENE-676 経験豊富な優しい素人人妻が最高の童貞筆おろし 5,IENE-676 経験豊富な優しい素人人妻が最高の童貞筆おろし 5,IENE-676,,2016-05-12,241分鐘,バンビーノ☆プリン,アイエナジー,IENERGY！,経験豊富な優しい素人人妻が最高の童貞筆おろし,企畫、業餘、已婚婦女、4小時以上作品、母乳、高畫質、處男、巨乳,美泉咲、成宮いろは、二宮和香、日比乃さとみ、柴崎ひかる,https://www.javbus.com/IENE-676,
HAR-030 旅行先の温泉旅館で旦那に頼まれて男を誘惑させられギンギンに勃った他人棒でイかされまくった貞淑妻 2,HAR-030 旅行先の温泉旅館で旦那に頼まれて男を誘惑させられギンギンに勃った他人棒でイかされまくった貞淑妻 2,HAR-030,,2016-04-28,132分鐘,,プレステージ,HARDEST,旅行先の温泉旅館で旦那に頼まれて男を誘惑させられギンギンに勃った他人棒でイかされまくった貞淑妻,和服・喪服、已婚婦女、高畫質、巨乳,二宮和香、長沢真美、神谷しほり,https://www.javbus.com/HAR-030,
DVDES-954 一般男女モニタリングAV 社員研修で箱根温泉を訪れた職場の同僚同士が仕事仲間のいる男湯で過激な密着泡洗体に挑戦！ 部下の柔らか巨乳で全身を洗われて上司のち●ぽはたまらずギン勃ち！ 仕事仲間の目の前にも,DVDES-954 一般男女モニタリングAV 社員研修で箱根温泉を訪れた職場の同僚同士が仕事仲間のいる男湯で過激な密着泡洗体に挑戦！ 部下の柔らか巨乳で全身を洗われて上司のち●ぽはたまらずギン勃ち！ 仕事仲間の目の前にも,DVDES-954,,2016-04-21,241分鐘,グリーンハウスエフェクト,ディープス,DEEP’S,一般男女モニタリングAV,企畫、業餘、OL、羞恥、高畫質、温泉、巨乳,二宮和香、彩奈リナ、かなで自由,https://www.javbus.com/DVDES-954,
