标题,名称,識別碼,發行日期,長度,導演,製作商,發行商,系列,類別,演員,详情页
JUMS-186 美熟女と少年が最高潮の絶頂に溺れる年の差セックス32人450分,JUMS-186 美熟女と少年が最高潮の絶頂に溺れる年の差セックス32人450分,JUMS-186,2026-09-04,453分鐘,,マドンナ,Madonna,美熟女と少年が最高潮に燃え上がる年の差セックス,成熟的女人、合集、已婚婦女、通姦、4小時以上作品、高畫質、DMM獨家,多人,https://www.javbus.com/JUMS-186
NXGS-025 制服パンストの熟女OL,NXGS-025 制服パンストの熟女OL,NXGS-025,2026-08-25,120分鐘,,ネクスト,ネクストグループ,,成熟的女人、OL、連褲襪、制服、中出、高畫質,多人,https://www.javbus.com/NXGS-025
BDSR-51204 この濃密さが、最高の誘惑。,BDSR-51204 この濃密さが、最高の誘惑。,BDSR-51204,2026-08-22,59分鐘,メカテス武田,いきなりエロざんまい,いきなりエロざんまい,漆黒の絨毯,其他戀物癖、已婚婦女、中出、高畫質、出軌、巨乳,多人,https://www.javbus.com/BDSR-51204
UMSO-653 突き出すお尻に激ピストン！バック三昧！49人VOL.04,UMSO-653 突き出すお尻に激ピストン！バック三昧！49人VOL.04,UMSO-653,2026-08-22,237分鐘,,ケイ・エム・プロデュース,UMANAMI,突き出すお尻に激ピストン！バック三昧！,其他戀物癖、合集、屁股、高畫質、巨尻、バック、DMM獨家,多人,https://www.javbus.com/UMSO-653
JUR-834 ハプニングバー人妻NTR 「あなたのためよ…」と言っていた妻がいつしか群がる男たちに夢中になっていた。（JUR-834）,JUR-834 ハプニングバー人妻NTR 「あなたのためよ…」と言っていた妻がいつしか群がる男たちに夢中になっていた。（JUR-834）,JUR-834,2026-08-21,115分鐘,富丈太郎,マドンナ,Madonna,ハプニングバーNTR,成熟的女人、濫交、已婚婦女、中出、高畫質、出軌、4K、DMM獨家,多人,https://www.javbus.com/JUR-834
JUMS-184 超絶シコいケツ穴モロ見え！マドンナ人妻熟女のオマ○コとアナル二穴同時に堪能できる怒涛の《眼福アングル》ガン突きSEX106本番 8時間BEST！,JUMS-184 超絶シコいケツ穴モロ見え！マドンナ人妻熟女のオマ○コとアナル二穴同時に堪能できる怒涛の《眼福アングル》ガン突きSEX106本番 8時間BEST！,JUMS-184,2026-08-21,481分鐘,,マドンナ,Madonna,,成熟的女人、合集、已婚婦女、4小時以上作品、高畫質、巨尻、DMM獨家、肛交,多人,https://www.javbus.com/JUMS-184
JUMS-180 母の友人 永久保存版16時間～年下男を狂わせる濃密性交 全40本番～,JUMS-180 母の友人 永久保存版16時間～年下男を狂わせる濃密性交 全40本番～,JUMS-180,2026-08-07,961分鐘,,マドンナ,Madonna,母の友人,成熟的女人、合集、已婚婦女、高畫質、戲劇、16時間以上作品、DMM獨家,多人,https://www.javbus.com/JUMS-180
SAN-482 美しすぎる伝説のレジェンド女優 北条麻妃＆澤村レイコ 8時間20分2枚組,SAN-482 美しすぎる伝説のレジェンド女優 北条麻妃＆澤村レイコ 8時間20分2枚組,SAN-482,2026-07-29,502分鐘,,マザー,マザー（マザー）,,已婚婦女、中出、4小時以上作品、高畫質、女優ベスト・総集編,多人,https://www.javbus.com/SAN-482
JUR-789 親離れできない引きこもりニートの僕を社会復帰させようと 笑顔で性処理してくれる叔母・麻妃さん 優しく手ほどきしてくれる彼女を手放したくなくて 僕は何度も孕ませ中出しをした 北条麻妃,JUR-789 親離れできない引きこもりニートの僕を社会復帰させようと 笑顔で性処理してくれる叔母・麻妃さん 優しく手ほどきしてくれる彼女を手放したくなくて 僕は何度も孕ませ中出しをした 北条麻妃,JUR-789,2026-07-24,119分鐘,富丈太郎,マドンナ,Madonna,,成熟的女人、苗條、中出、高畫質、處男、デカチン・巨根、單體作品、4K、DMM獨家,北条麻妃,https://www.javbus.com/JUR-789
JUMS-171 3十人3十色の人妻があなたのオナニーライフに彩りを与えるー。 Madonna美熟女SEXカレンダー2026 15時間,JUMS-171 3十人3十色の人妻があなたのオナニーライフに彩りを与えるー。 Madonna美熟女SEXカレンダー2026 15時間,JUMS-171,2026-07-24,927分鐘,,マドンナ,Madonna,Madonna美熟女SEXカレンダー,成熟的女人、合集、已婚婦女、4小時以上作品、高畫質、戲劇、DMM獨家,多人,https://www.javbus.com/JUMS-171
VSED-286 妖艶熟女のレズ交尾,VSED-286 妖艶熟女のレズ交尾,VSED-286,2026-07-09,264分鐘,長澤純,シックスナイン,シックスナイン,シックスナイン,成熟的女人、女同性戀、4小時以上作品、高畫質,多人,https://www.javbus.com/VSED-286
MCSR-52004 息子のムスコをバクリンちょ,MCSR-52004 息子のムスコをバクリンちょ,MCSR-52004,2026-06-27,50分鐘,金子次郎,いきなりエロざんまい,いきなりエロざんまい,義母と息子（いきなりエロざんまい）,成熟的女人、亂倫、已婚婦女、中出、高畫質、巨乳,多人,https://www.javbus.com/MCSR-52004
JUMS-172 頑張るアナタへ専属美熟女39人が贈る、特別なご褒美ー。 お義母さんといっしょ 授乳手コキ射精ラッシュ！！母性溢れる濃密せっくす38本番8時間,JUMS-172 頑張るアナタへ専属美熟女39人が贈る、特別なご褒美ー。 お義母さんといっしょ 授乳手コキ射精ラッシュ！！母性溢れる濃密せっくす38本番8時間,JUMS-172,2026-06-26,481分鐘,,マドンナ,Madonna,,成熟的女人、合集、已婚婦女、4小時以上作品、婆婆、高畫質、DMM獨家,多人,https://www.javbus.com/JUMS-172
JUR-760 「私とセックスしたいんですよね？」 普段は無口な地味メガネ人妻司書の本性は ホテルに入ると豹変する肉食系むっつりドスケベ痴女だった。 北条麻妃,JUR-760 「私とセックスしたいんですよね？」 普段は無口な地味メガネ人妻司書の本性は ホテルに入ると豹変する肉食系むっつりドスケベ痴女だった。 北条麻妃,JUR-760,2026-06-19,121分鐘,朝霧浄,マドンナ,Madonna,,蕩婦、成熟的女人、苗條、口交、已婚婦女、高畫質、單體作品、DMM獨家,北条麻妃,https://www.javbus.com/JUR-760
UMSO-641 全編騎乗位BEST48人 ～美女たちの腰振りスペシャル～VOL.02,UMSO-641 全編騎乗位BEST48人 ～美女たちの腰振りスペシャル～VOL.02,UMSO-641,2026-05-22,232分鐘,,ケイ・エム・プロデュース,UMANAMI,全編騎乗位BEST○人,成熟的女人、其他戀物癖、合集、女上位、高畫質、巨乳、DMM獨家,多人,https://www.javbus.com/UMSO-641
MCSR-63001 嫌がってるのにイキ果てるJカップ ムッチリ乳！ボン・キュッ・ボン！！！旦那の横で堕ちるM妻,MCSR-63001 嫌がってるのにイキ果てるJカップ ムッチリ乳！ボン・キュッ・ボン！！！旦那の横で堕ちるM妻,MCSR-63001,2026-05-22,60分鐘,,いきなりエロざんまい,いきなりエロざんまい,,已婚婦女、中出、高畫質、出軌、巨乳,多人,https://www.javbus.com/MCSR-63001
JUMS-173 爆揺れ 爆イキ！！美熟女が絶頂に腰砕け！！どこから見始めても常にクライマックス 妊娠覚悟の激ピス中出し142連発8時間,JUMS-173 爆揺れ 爆イキ！！美熟女が絶頂に腰砕け！！どこから見始めても常にクライマックス 妊娠覚悟の激ピス中出し142連発8時間,JUMS-173,2026-05-21,481分鐘,,マドンナ,Madonna,,成熟的女人、合集、已婚婦女、中出、4小時以上作品、高畫質、DMM獨家,多人,https://www.javbus.com/JUMS-173
JUR-749 「アンタの奥さん、最高だったよ」 3ヶ月で辞めた新入社員の退職届に書かれた想定外のNTR話 北条麻妃,JUR-749 「アンタの奥さん、最高だったよ」 3ヶ月で辞めた新入社員の退職届に書かれた想定外のNTR話 北条麻妃,JUR-749,2026-05-21,140分鐘,木村浩之,マドンナ,Madonna,「アンタの奥さん、最高だったよ」 3ヶ月で辞めた新入社員の退職届に書かれた想定外のNTR話,成熟的女人、OL、已婚婦女、中出、高畫質、出軌、單體作品、4K、DMM獨家,北条麻妃,https://www.javbus.com/JUR-749
JUMS-170 「な、何でもするからっ…ヤメて…あぁん、中だけはダメぇぇぇぇ！！」望まない中出し性交で、皮肉にも絶頂してしまった人妻 12時間BEST,JUMS-170 「な、何でもするからっ…ヤメて…あぁん、中だけはダメぇぇぇぇ！！」望まない中出し性交で、皮肉にも絶頂してしまった人妻 12時間BEST,JUMS-170,2026-05-07,721分鐘,,マドンナ,Madonna,,成熟的女人、合集、已婚婦女、中出、4小時以上作品、高畫質、DMM獨家,多人,https://www.javbus.com/JUMS-170
JDL-119 デジタルモザイク4部作 尼僧・団地妻物語,JDL-119 デジタルモザイク4部作 尼僧・団地妻物語,JDL-119,2026-05-01,486分鐘,清水橋健太,ルビー,RUBY,,和服・喪服、成熟的女人、已婚婦女、4小時以上作品、高畫質、出軌、DMM獨家,多人,https://www.javbus.com/JDL-119
JUVR-288 【VR】超高画質8K 「ピンサロより私のほうがいいでしょ？」 経理のお局・北条さんに風俗通いがバレた僕 クビになるかと思いきや欲求不満みたいで ストレス発散フェラで毎日のようにヌカれまくってしまった。 北条麻妃,JUVR-288 【VR】超高画質8K 「ピンサロより私のほうがいいでしょ？」 経理のお局・北条さんに風俗通いがバレた僕 クビになるかと思いきや欲求不満みたいで ストレス発散フェラで毎日のようにヌカれまくってしまった。 北条麻妃,JUVR-288,2026-04-28,87分鐘,ジーニアス膝,マドンナ,MadonnaVR,Madonna8KVR,蕩婦、成熟的女人、OL、苗條、已婚婦女、VR専用、ハイクオリティVR、單體作品、DMM獨家、8KVR,北条麻妃,https://www.javbus.com/JUVR-288
SAN-455 さまざまなシチュエーションでエロ行為をさせられる人妻たち10名255分 北条麻紀,SAN-455 さまざまなシチュエーションでエロ行為をさせられる人妻たち10名255分 北条麻紀,SAN-455,2026-04-27,257分鐘,,マザー,マザー（マザー）,,合集、已婚婦女、多P、中出、4小時以上作品、高畫質、出軌、單體作品,北条麻妃,https://www.javbus.com/SAN-455
JUR-703 「義母さんが、オトナの接吻を教えてあげる…。」 初心な夫の連れ子の唇と童貞を奪う艶靡な義母 北条麻妃,JUR-703 「義母さんが、オトナの接吻を教えてあげる…。」 初心な夫の連れ子の唇と童貞を奪う艶靡な義母 北条麻妃,JUR-703,2026-04-23,137分鐘,三島六三郎,マドンナ,Madonna,「義母さんが、オトナの接吻を教えてあげる…。」 初心な夫の連れ子の唇と童貞を奪う豊満義母,成熟的女人、已婚婦女、中出、婆婆、高畫質、キス・接吻、單體作品、DMM獨家,北条麻妃,https://www.javbus.com/JUR-703
MFYD-129 Madonna×TAMEIKE20周年記念コラボ作品 港の定食屋で働くべっぴんシングルマザーが若者バイトといたるところで濃厚アヘアヘSEX 〈母〉と〈女〉のダブルワークで麻妃さんは大忙し！！ 北条麻妃,MFYD-129 Madonna×TAMEIKE20周年記念コラボ作品 港の定食屋で働くべっぴんシングルマザーが若者バイトといたるところで濃厚アヘアヘSEX 〈母〉と〈女〉のダブルワークで麻妃さんは大忙し！！ 北条麻妃,MFYD-129,2026-04-16,121分鐘,矢澤レシーブ,TAMEIKE,溜池ゴロー,,成熟的女人、苗條、母親、各種職業、中出、高畫質、單體作品、4K、DMM獨家,北条麻妃,https://www.javbus.com/MFYD-129
PFES-112 喧嘩祭りNTR 熟れた美尻に食い込む褌 熱狂冷めやらぬ祭りの最中、屈強な男衆に堕とされた妻―。 北条麻妃,PFES-112 喧嘩祭りNTR 熟れた美尻に食い込む褌 熱狂冷めやらぬ祭りの最中、屈強な男衆に堕とされた妻―。 北条麻妃,PFES-112,2026-03-26,116分鐘,U吉,マドンナ,春のパンツまつり,,成熟的女人、已婚婦女、屁股、中出、高畫質、出軌、單體作品、DMM獨家,北条麻妃,https://www.javbus.com/PFES-112
HYAS-148 今が性欲ピーク！美熟女のオナニー100人8時間2枚組,HYAS-148 今が性欲ピーク！美熟女のオナニー100人8時間2枚組,HYAS-148,2026-03-20,486分鐘,,ケイ・エム・プロデュース,100人,,成熟的女人、合集、乳房、4小時以上作品、高畫質、DMM獨家、自慰,多人,https://www.javbus.com/HYAS-148
HYAS-147 濃密熟女浴場 泡々ぬるベチョ快楽ご奉仕で至高の射精に導く濃厚ソープ 100人 8時間,HYAS-147 濃密熟女浴場 泡々ぬるベチョ快楽ご奉仕で至高の射精に導く濃厚ソープ 100人 8時間,HYAS-147,2026-03-20,480分鐘,,ケイ・エム・プロデュース,100人,,成熟的女人、合集、妓女、4小時以上作品、高畫質、巨乳、DMM獨家,多人,https://www.javbus.com/HYAS-147
DASS-907 互いに素性を知った美魔女ママ友と箱ヘルで出逢い、裏引き不倫。 北条麻妃,DASS-907 互いに素性を知った美魔女ママ友と箱ヘルで出逢い、裏引き不倫。 北条麻妃,DASS-907,2026-03-19,123分鐘,三島六三郎,ダスッ！,ダスッ！,互いに素性を知った美魔女ママ友と箱ヘルで出逢い、裏引き不倫。,成熟的女人、通姦、中出、高畫質、巨乳、單體作品、ママ友、DMM獨家,北条麻妃,https://www.javbus.com/DASS-907
JUMS-165 人妻の滴るエロスを啜り喰らうすっぽん親父のベロキス性交 7時間,JUMS-165 人妻の滴るエロスを啜り喰らうすっぽん親父のベロキス性交 7時間,JUMS-165,2026-03-19,431分鐘,,マドンナ,Madonna,すっぽん親父のベロキス性交,成熟的女人、合集、已婚婦女、4小時以上作品、高畫質、キス・接吻、DMM獨家,多人,https://www.javbus.com/JUMS-165
TOMNVD-022 【120発以上】最高潮からスタート！射精前の追い込みピストンでガチ喘ぎ連発するクライマックス BEST,TOMNVD-022 【120発以上】最高潮からスタート！射精前の追い込みピストンでガチ喘ぎ連発するクライマックス BEST,TOMNVD-022,2026-02-19,450分鐘,,TEPPAN,TEPPAN,,苗條、合集、花癡、中出、4小時以上作品、高畫質、汗だく、巨乳、DMM獨家,多人,https://www.javbus.com/TOMNVD-022
JUR-644 「私、隠れて娘の家庭教師と中出しSEXをしています…。」 娘と家庭教師のSEXを目撃して欲求不満マ○コはまさかの大洪水、絶倫チ○ポで渇きを潤す肉食教育ママー。,JUR-644 「私、隠れて娘の家庭教師と中出しSEXをしています…。」 娘と家庭教師のSEXを目撃して欲求不満マ○コはまさかの大洪水、絶倫チ○ポで渇きを潤す肉食教育ママー。,JUR-644,2026-02-19,141分鐘,太宰珍歩,マドンナ,Madonna,,成熟的女人、家教、已婚婦女、多P、乳房、高畫質、DMM獨家,多人,https://www.javbus.com/JUR-644
NACX-164 レジェンド美熟女10人BEST VOL.04,NACX-164 レジェンド美熟女10人BEST VOL.04,NACX-164,2026-02-04,241分鐘,,プラネットプラス,七狗留,レジェンド美熟女○人BEST,成熟的女人、合集、乳房、4小時以上作品、高畫質、巨尻,多人,https://www.javbus.com/NACX-164
OOMNVD-011 【限界85連発】無防備なパンチラ・胸チラ・着替え 生々しく覗く無警戒な人妻の日常生活,OOMNVD-011 【限界85連発】無防備なパンチラ・胸チラ・着替え 生々しく覗く無警戒な人妻の日常生活,OOMNVD-011,2026-01-31,419分鐘,,ABC/妄想族,お母さん.com（ABC/妄想族）,,成熟的女人、苗條、母親、其他戀物癖、合集、4小時以上作品、DMM專屬、巨乳、妄想族、DMM獨家,多人,https://www.javbus.com/OOMNVD-011
GIGL-765 カメラが捉えた熟年夫婦のリアルなセックススペシャル19組,GIGL-765 カメラが捉えた熟年夫婦のリアルなセックススペシャル19組,GIGL-765,2026-01-23,243分鐘,,GIGOLO（ジゴロ）,GIGOLO,,成熟的女人、合集、已婚婦女、4小時以上作品、高畫質、巨乳、DMM獨家,多人,https://www.javbus.com/GIGL-765
JUR-616 「今日からアンタをリクの代わりに飼ってやる。」気高き心理カウンセラーの人妻・麻妃を襲うサイコパス性豪男の逆恨み中出し監禁レ×プ 北条麻妃,JUR-616 「今日からアンタをリクの代わりに飼ってやる。」気高き心理カウンセラーの人妻・麻妃を襲うサイコパス性豪男の逆恨み中出し監禁レ×プ 北条麻妃,JUR-616,2026-01-22,130分鐘,金田一小五郎,マドンナ,Madonna,,成熟的女人、監禁、各種職業、已婚婦女、花癡、高畫質、單體作品、DMM獨家,北条麻妃,https://www.javbus.com/JUR-616
JUMS-157 妖艶美熟女のエグいベロテク55連射！！北条麻妃にぶっこ抜かれまくる極上フェラチオベスト480分,JUMS-157 妖艶美熟女のエグいベロテク55連射！！北条麻妃にぶっこ抜かれまくる極上フェラチオベスト480分,JUMS-157,2026-01-08,481分鐘,,マドンナ,Madonna,,成熟的女人、口交、已婚婦女、4小時以上作品、高畫質、女優ベスト・総集編、單體作品、DMM獨家,北条麻妃,https://www.javbus.com/JUMS-157
TPI-213 不義密通 緊張と興奮が交錯する温泉不倫旅行ー,TPI-213 不義密通 緊張と興奮が交錯する温泉不倫旅行ー,TPI-213,2025-12-29,242分鐘,,SEX MACHINE,SEX MACHINE,,成熟的女人、口交、通姦、中出、女上位、4小時以上作品、故事集、温泉、キス・接吻、旅行、バック,多人,https://www.javbus.com/TPI-213
ACHJ-077 超’攻撃的’痴女×完全主観×バイノーラル 専属イイオンナが見下し主観で極限まで淫語責めする M男専用・絶頂支配オナニーコントロールJOI 北条麻妃,ACHJ-077 超’攻撃的’痴女×完全主観×バイノーラル 専属イイオンナが見下し主観で極限まで淫語責めする M男専用・絶頂支配オナニーコントロールJOI 北条麻妃,ACHJ-077,2025-12-18,180分鐘,真咲南朋,マドンナ,ACHIJO（アチージョ）,M男専用・絶頂支配オナニーコントロールJOI,蕩婦、成熟的女人、淫語、已婚婦女、主觀視角、高畫質、單體作品、DMM獨家,北条麻妃,https://www.javbus.com/ACHJ-077
JUMS-154 35人の人妻が過去最大級にイキ狂う 膣奥にぶっ刺さるデカチン大絶頂SEX 460分,JUMS-154 35人の人妻が過去最大級にイキ狂う 膣奥にぶっ刺さるデカチン大絶頂SEX 460分,JUMS-154,2025-12-18,468分鐘,,マドンナ,Madonna,,成熟的女人、合集、已婚婦女、中出、4小時以上作品、高畫質、デカチン・巨根、DMM獨家,多人,https://www.javbus.com/JUMS-154
JUMS-146 ベロマ○コで乳首をこねくり強●射精！！ドエロい人妻が限界まで興奮とチ○ポを滾らせる最狂に気持ちイイ手コキラッシュ66連発440分,JUMS-146 ベロマ○コで乳首をこねくり強●射精！！ドエロい人妻が限界まで興奮とチ○ポを滾らせる最狂に気持ちイイ手コキラッシュ66連発440分,JUMS-146,2025-12-04,448分鐘,,マドンナ,Madonna,,成熟的女人、合集、已婚婦女、4小時以上作品、高畫質、DMM獨家、打手槍,多人,https://www.javbus.com/JUMS-146
BDSR-54501 チ○ポ中毒！旦那以外に寝取られ絶頂ノックアウト キメて！ハメて！ブッ飛べ！！,BDSR-54501 チ○ポ中毒！旦那以外に寝取られ絶頂ノックアウト キメて！ハメて！ブッ飛べ！！,BDSR-54501,2025-11-21,60分鐘,,いきなりエロざんまい,いきなりエロざんまい,ビクビク痙攣イクイク覚醒,已婚婦女、通姦、中出、高畫質、出軌、孕ませ、アクメ・オーガズム,多人,https://www.javbus.com/BDSR-54501
JUR-549 暗闇ジムで感度100倍薬を盛られて汗ダクダク腰ガクガク鬼アクメ不倫SEX 北条麻妃,JUR-549 暗闇ジムで感度100倍薬を盛られて汗ダクダク腰ガクガク鬼アクメ不倫SEX 北条麻妃,JUR-549,2025-11-20,122分鐘,豆沢豆太郎,マドンナ,Madonna,,成熟的女人、已婚婦女、中出、高畫質、汗だく、巨乳、單體作品、4K、DMM獨家,北条麻妃,https://www.javbus.com/JUR-549
ZOOO-243 昭和の性犯罪集 力尽くで無理やり慰み者となった忌まわしき4件の事件記録譚 9名収録 240分,ZOOO-243 昭和の性犯罪集 力尽くで無理やり慰み者となった忌まわしき4件の事件記録譚 9名収録 240分,ZOOO-243,2025-11-13,240分鐘,,ZOOO,ZOOO,,成熟的女人、合集、已婚婦女、4小時以上作品、高畫質,多人,https://www.javbus.com/ZOOO-243
PRIAN-038 北条麻妃/ファンの皆へ,PRIAN-038 北条麻妃/ファンの皆へ,PRIAN-038,2025-11-09,77分鐘,リッキーヤノ,アースダイバー,Princess ann,,成熟的女人、介紹影片、性感的、高畫質、巨乳、單體作品,北条麻妃,https://www.javbus.com/PRIAN-038
NACX-159 熟れたカラダに茂ったマン毛！剛毛熟女コレクション35人 西山あさひ 清城ゆき 本庄瞳 羽月希 井上綾子,NACX-159 熟れたカラダに茂ったマン毛！剛毛熟女コレクション35人 西山あさひ 清城ゆき 本庄瞳 羽月希 井上綾子,NACX-159,2025-11-05,241分鐘,,プラネットプラス,七狗留,,成熟的女人、苗條、合集、已婚婦女、乳房、4小時以上作品、戲劇、フルハイビジョン(FHD),多人,https://www.javbus.com/NACX-159
JUR-510 学級委員の僕だけが知る生徒指導・麻妃先生の裏の顔。放課後、学校イチ生真面目な女教師と校内露出に明け暮れていますー。 北条麻妃,JUR-510 学級委員の僕だけが知る生徒指導・麻妃先生の裏の顔。放課後、学校イチ生真面目な女教師と校内露出に明け暮れていますー。 北条麻妃,JUR-510,2025-10-23,143分鐘,三島六三郎,マドンナ,Madonna,学級委員の僕だけが知る生徒指導・○○先生の裏の顔。,蕩婦、成熟的女人、女教師、已婚婦女、中出、高畫質、單體作品、DMM獨家,北条麻妃,https://www.javbus.com/JUR-510
JUVR-256 【VR】超高画質8KVR 「お客さん来ても知らないよ（笑）」 バイト先の同僚・麻妃さんと 秘密のショートタイム不倫をしている僕は 勤務中にチ〇ポの萎える暇がないほどヤリまくり 時短中出しをキメまくってる。 北条麻妃,JUVR-256 【VR】超高画質8KVR 「お客さん来ても知らないよ（笑）」 バイト先の同僚・麻妃さんと 秘密のショートタイム不倫をしている僕は 勤務中にチ〇ポの萎える暇がないほどヤリまくり 時短中出しをキメまくってる。 北条麻妃,JUVR-256,2025-10-23,80分鐘,矢澤レシーブ,マドンナ,MadonnaVR,「お客さん来ても知らないよ(笑)」 バイト先の同僚・○○さんと 秘密のショートタイム不倫をしている僕は 勤務中にチ○ポの萎える暇がないほどヤリまくり 時短中出しをキメまくってる。,成熟的女人、苗條、各種職業、已婚婦女、通姦、VR専用、ハイクオリティVR、單體作品、DMM獨家、8KVR,北条麻妃,https://www.javbus.com/JUVR-256
TPI-192 凄テク女将の澤村さんと北条さん ～旅館の危機を救うのはいつだって女将さんの凄テク～,TPI-192 凄テク女将の澤村さんと北条さん ～旅館の危機を救うのはいつだって女将さんの凄テク～,TPI-192,2025-09-29,227分鐘,,SEX MACHINE,SEX MACHINE,,和服・喪服、成熟的女人、玩具、女同性戀、口交、女主人、女老板、女上位、手指插入、キス・接吻、バック,多人,https://www.javbus.com/TPI-192
JUMS-136 種付けザーメン注ぎまくってこのまま孕ませてやろうぜ…！！ 旦那の身代わりになった美人妻をハメ倒し中出しレ●プ113発720分,JUMS-136 種付けザーメン注ぎまくってこのまま孕ませてやろうぜ…！！ 旦那の身代わりになった美人妻をハメ倒し中出しレ●プ113発720分,JUMS-136,2025-09-25,721分鐘,,マドンナ,Madonna,,成熟的女人、已婚婦女、凌辱、4小時以上作品、高畫質、女優ベスト・総集編、DMM獨家,多人,https://www.javbus.com/JUMS-136
NASK-289 極上の昭和官能ドラマ 戦時戦後に翻弄された女たちの儚くも淫猥な生々しいエロス 6人4時間,NASK-289 極上の昭和官能ドラマ 戦時戦後に翻弄された女たちの儚くも淫猥な生々しいエロス 6人4時間,NASK-289,2025-09-19,240分鐘,,なでしこ,Nadeshiko,極上の昭和官能ドラマ,成熟的女人、合集、4小時以上作品、高畫質、戲劇、DMM獨家,多人,https://www.javbus.com/NASK-289
JUR-480 既婚者マッチングアプリで出逢った中年男女の濃密に愛し合った不倫記録ー。 珈琲のように深く、苦い二度目の恋に溺れた二人ー。 北条麻妃,JUR-480 既婚者マッチングアプリで出逢った中年男女の濃密に愛し合った不倫記録ー。 珈琲のように深く、苦い二度目の恋に溺れた二人ー。 北条麻妃,JUR-480,2025-09-18,125分鐘,朝霧浄,マドンナ,Madonna,,成熟的女人、已婚婦女、通姦、乳房、中出、高畫質、單體作品、DMM獨家,北条麻妃,https://www.javbus.com/JUR-480
JUMS-143 こんなスケベな奥さんに誘われたら一線を越えてもしょうがない！！近所の極上美人妻と逆レ×プセックス8時間（JUMS-143）,JUMS-143 こんなスケベな奥さんに誘われたら一線を越えてもしょうがない！！近所の極上美人妻と逆レ×プセックス8時間（JUMS-143）,JUMS-143,2025-09-18,481分鐘,,マドンナ,Madonna,近所の極上美人妻と逆レ×プセックス8時間,蕩婦、成熟的女人、合集、已婚婦女、4小時以上作品、高畫質、DMM獨家,多人,https://www.javbus.com/JUMS-143
JUMS-141 「夫のチ〇ポでしか感じない…」と言い張る塩対応の人妻が快楽に抗えず他人棒で絶頂SEX 33選470分BEST,JUMS-141 「夫のチ〇ポでしか感じない…」と言い張る塩対応の人妻が快楽に抗えず他人棒で絶頂SEX 33選470分BEST,JUMS-141,2025-09-04,468分鐘,,マドンナ,Madonna,,成熟的女人、合集、已婚婦女、中出、4小時以上作品、高畫質、DMM獨家,多人,https://www.javbus.com/JUMS-141
SAN-387 AV界のレジェンド×レジェンド 北条麻妃＆川上ゆう230分,SAN-387 AV界のレジェンド×レジェンド 北条麻妃＆川上ゆう230分,SAN-387,2025-08-30,228分鐘,,マザー,マザー（マザー）,,蕩婦、淫語、中出、高畫質、女優ベスト・総集編,多人,https://www.javbus.com/SAN-387
AICEN-016 【AIリマスター版】スチュワーデス・イラマチオ 北条麻妃,AICEN-016 【AIリマスター版】スチュワーデス・イラマチオ 北条麻妃,AICEN-016,2025-08-26,124分鐘,沢庵,WAAPサロン,WAAPグループ AIリマスター,○○・イラマチオ,角色扮演、口交、空中小姐、多P、深喉、凌辱、高畫質、單體作品,北条麻妃,https://www.javbus.com/AICEN-016
GML-595 いやらしすぎ 北条麻妃＆つぼみ 3Pセックス,GML-595 いやらしすぎ 北条麻妃＆つぼみ 3Pセックス,GML-595,2025-08-23,38分鐘,,グローバルメディアエンタテインメント,グローバルメディアライト,いやらしすぎ,成熟的女人、亂倫、已婚婦女、多P、高畫質、DMM獨家,多人,https://www.javbus.com/GML-595
JUR-434 夫にも見せた事が無い究極恥部《肛門》を徹底的に鑑賞する―。恥辱のケツ穴剥き出し孕ませ性交 北条麻妃,JUR-434 夫にも見せた事が無い究極恥部《肛門》を徹底的に鑑賞する―。恥辱のケツ穴剥き出し孕ませ性交 北条麻妃,JUR-434,2025-08-21,118分鐘,豆沢豆太郎,マドンナ,Madonna,恥辱のケツ穴剥き出し孕ませ性交,成熟的女人、已婚婦女、屁股、中出、高畫質、巨尻、單體作品、4K、DMM獨家,北条麻妃,https://www.javbus.com/JUR-434
JUMS-139 男達が貞淑人妻の口内を●す！ 乱交囲みフェラ125連射460分BEST！,JUMS-139 男達が貞淑人妻の口内を●す！ 乱交囲みフェラ125連射460分BEST！,JUMS-139,2025-08-21,462分鐘,,マドンナ,Madonna,,成熟的女人、濫交、口交、已婚婦女、多P、4小時以上作品、高畫質、DMM獨家,多人,https://www.javbus.com/JUMS-139
JUMS-135 美熟女と少年が情熱的に求め合う年の差セックス31人 8時間,JUMS-135 美熟女と少年が情熱的に求め合う年の差セックス31人 8時間,JUMS-135,2025-08-07,481分鐘,,マドンナ,Madonna,燃え上がる年の差セックス,成熟的女人、合集、已婚婦女、通姦、4小時以上作品、高畫質、DMM獨家,多人,https://www.javbus.com/JUMS-135
GML-576 いやらしすぎ 北条麻妃,GML-576 いやらしすぎ 北条麻妃,GML-576,2025-07-27,30分鐘,,グローバルメディアエンタテインメント,グローバルメディアライト,いやらしすぎ,成熟的女人、苗條、已婚婦女、中出、高畫質、單體作品、DMM獨家,北条麻妃,https://www.javbus.com/GML-576
HMIX-047 驚愕！！ 人妻レ●プ事件 無理やり肉棒を捻じ込まれ中出し！！ 嗚咽と嬌声が響く衝撃の強●現場 20人 4時間,HMIX-047 驚愕！！ 人妻レ●プ事件 無理やり肉棒を捻じ込まれ中出し！！ 嗚咽と嬌声が響く衝撃の強●現場 20人 4時間,HMIX-047,2025-07-19,240分鐘,,グローバルメディアエンタテインメント,ハイパーミックス（グローバルメディアエンタテインメント）,お得な総集編,成熟的女人、合集、已婚婦女、4小時以上作品、高畫質、DMM獨家,多人,https://www.javbus.com/HMIX-047
SVS-088 綺麗なお姉さんが下品な淫語で僕を誘う 脳汁ダダ漏れ我慢汁溢れる淫語痴女,SVS-088 綺麗なお姉さんが下品な淫語で僕を誘う 脳汁ダダ漏れ我慢汁溢れる淫語痴女,SVS-088,2025-07-19,277分鐘,,AVS collector’s,AVSCollector’s,,蕩婦、淫語、姐姐、4小時以上作品、主觀視角、高畫質、ビッチ、DMM獨家,多人,https://www.javbus.com/SVS-088
MCSR-6501 北条麻妃 from 中出しお義母さんが教えてあげる 息子の白濁スペルマに溺れるオンナたち,MCSR-6501 北条麻妃 from 中出しお義母さんが教えてあげる 息子の白濁スペルマに溺れるオンナたち,MCSR-6501,2025-07-19,40分鐘,YUMEJI,INITIUM,左曲がりのダンディ,義母との近親相姦秘話,成熟的女人、亂倫、已婚婦女、高畫質、戲劇、單體作品,北条麻妃,https://www.javbus.com/MCSR-6501
JUR-389 人妻秘書、汗と接吻に満ちた社長室中出し性交 美熟女界の女王が最高峰の秘書シリーズに登場！！ 北条麻妃,JUR-389 人妻秘書、汗と接吻に満ちた社長室中出し性交 美熟女界の女王が最高峰の秘書シリーズに登場！！ 北条麻妃,JUR-389,2025-07-18,134分鐘,ながえ,マドンナ,Madonna,人妻秘書、汗と接吻に満ちた社長室中出し性交,成熟的女人、已婚婦女、秘書、中出、高畫質、キス・接吻、單體作品、4K、DMM獨家,北条麻妃,https://www.javbus.com/JUR-389
JUMS-131 悩めるバキバキ童貞にオトナの美女が与える人生最高の射精体験 筆おろしBEST35人 8時間,JUMS-131 悩めるバキバキ童貞にオトナの美女が与える人生最高の射精体験 筆おろしBEST35人 8時間,JUMS-131,2025-07-04,481分鐘,,マドンナ,Madonna,,成熟的女人、合集、已婚婦女、4小時以上作品、高畫質、處男、DMM獨家,多人,https://www.javbus.com/JUMS-131
ACJM-001 Madonna×M男×Achijo 大人の総合格闘技 5分×3Round、KO（射精）のみ、ルール（体位）無制限！！スペシャルタイトルマッチ96戦 8時間,ACJM-001 Madonna×M男×Achijo 大人の総合格闘技 5分×3Round、KO（射精）のみ、ルール（体位）無制限！！スペシャルタイトルマッチ96戦 8時間,ACJM-001,2025-07-04,481分鐘,,マドンナ,ACHIJO（アチージョ）,,蕩婦、成熟的女人、合集、已婚婦女、4小時以上作品、高畫質、M男、DMM獨家,多人,https://www.javbus.com/ACJM-001
J99-P064 【期間限定熟女パック】ムリヤリパック,J99-P064 【期間限定熟女パック】ムリヤリパック,J99-P064,2025-07-03,71分鐘,,JUKUJO99,熟女パック,期間限定熟女パック,成熟的女人、已婚婦女、凌辱、中出、女上位、高畫質、設置項目、巨乳、DMM獨家,多人,https://www.javbus.com/J99-P064
KSBJ-386 厳選！！細身なのに巨乳な美熟女BEST14人,KSBJ-386 厳選！！細身なのに巨乳な美熟女BEST14人,KSBJ-386,2025-06-28,243分鐘,,KSB企画/エマニエル,KSB企画/エマニエル,,成熟的女人、苗條、合集、4小時以上作品、高畫質、巨乳、エマニエル、DMM獨家,多人,https://www.javbus.com/KSBJ-386
JUR-401 叔母・麻妃さんに匿われた家出中の僕はー。 毎晩彼女の仕事終わり、ストレス解消の即ハメSEXに付き合わされているー。 北条麻妃,JUR-401 叔母・麻妃さんに匿われた家出中の僕はー。 毎晩彼女の仕事終わり、ストレス解消の即ハメSEXに付き合わされているー。 北条麻妃,JUR-401,2025-06-20,139分鐘,木村浩之,マドンナ,Madonna,,成熟的女人、已婚婦女、戀腿癖、中出、高畫質、叔母さん、單體作品、DMM獨家,北条麻妃,https://www.javbus.com/JUR-401
ZOOO-201 白昼の悪夢 極悪男に蹂躙された美熟女たち 慰み者となり見知らぬ男の肉棒を捩じ込まれ嗚咽まじりにイキ悶える！！ 12名収録 240分,ZOOO-201 白昼の悪夢 極悪男に蹂躙された美熟女たち 慰み者となり見知らぬ男の肉棒を捩じ込まれ嗚咽まじりにイキ悶える！！ 12名収録 240分,ZOOO-201,2025-06-12,242分鐘,,ZOOO,ZOOO,,成熟的女人、合集、已婚婦女、凌辱、4小時以上作品、高畫質,多人,https://www.javbus.com/ZOOO-201
VSED-262 売上アップのためなら枕営業だって厭わない働く熟女の性事情,VSED-262 売上アップのためなら枕営業だって厭わない働く熟女の性事情,VSED-262,2025-06-09,260分鐘,長澤純,シックスナイン,シックスナイン,シックスナイン,成熟的女人、4小時以上作品、高畫質,多人,https://www.javbus.com/VSED-262
JUMS-127 ヌードモデルNTR総集編 8時間,JUMS-127 ヌードモデルNTR総集編 8時間,JUMS-127,2025-06-06,481分鐘,,マドンナ,Madonna,ヌードモデルNTR,成熟的女人、已婚婦女、4小時以上作品、高畫質、出軌、巨乳、DMM獨家,多人,https://www.javbus.com/JUMS-127
OOMNVD-010 美熟女激テク白濁ザーメン濃厚フェラチオBEST 130名,OOMNVD-010 美熟女激テク白濁ザーメン濃厚フェラチオBEST 130名,OOMNVD-010,2025-06-01,409分鐘,,ABC/妄想族,お母さん.com（ABC/妄想族）,,成熟的女人、母親、口交、合集、4小時以上作品、婆婆、DMM專屬、妄想族、DMM獨家,多人,https://www.javbus.com/OOMNVD-010
UMSO-598 全裸掃除図鑑65人8時間2枚組,UMSO-598 全裸掃除図鑑65人8時間2枚組,UMSO-598,2025-05-24,485分鐘,,ケイ・エム・プロデュース,UMANAMI,,其他戀物癖、合集、4小時以上作品、高畫質、巨尻、巨乳、DMM獨家,多人,https://www.javbus.com/UMSO-598
MCSR-7201 北条麻妃 from お義父様やめて下さい 義理の父に中出しされる息子の嫁,MCSR-7201 北条麻妃 from お義父様やめて下さい 義理の父に中出しされる息子の嫁,MCSR-7201,2025-05-24,40分鐘,YUMEJI,INITIUM,左曲がりのダンディ,義父との近親相姦秘話,成熟的女人、亂倫、已婚婦女、高畫質、戲劇、單體作品,北条麻妃,https://www.javbus.com/MCSR-7201
JUR-328 性欲が強過ぎる彼女の母がどストライクな僕は、彼女に内緒で何度も何度も勃起チ〇ポを捧げています…。 北条麻妃,JUR-328 性欲が強過ぎる彼女の母がどストライクな僕は、彼女に内緒で何度も何度も勃起チ〇ポを捧げています…。 北条麻妃,JUR-328,2025-05-23,117分鐘,春花幸男,マドンナ,Madonna,,成熟的女人、已婚婦女、乳房、中出、高畫質、出軌、單體作品、4K、DMM獨家,北条麻妃,https://www.javbus.com/JUR-328
TOMNVD-012 ねじ伏せる圧倒的征服感100名 寝バックの深～イイッ挿入でポルチオぐりぐりBEST,TOMNVD-012 ねじ伏せる圧倒的征服感100名 寝バックの深～イイッ挿入でポルチオぐりぐりBEST,TOMNVD-012,2025-05-16,393分鐘,,TEPPAN,TEPPAN,ねじ伏せる圧倒的征服感 寝バック,合集、屁股、花癡、美少女、4小時以上作品、高畫質、バック、DMM獨家,多人,https://www.javbus.com/TOMNVD-012
JQRE-014 【AIリマスター】丸ごと！北条麻妃8時間,JQRE-014 【AIリマスター】丸ごと！北条麻妃8時間,JQRE-014,2025-05-13,479分鐘,,マドンナ,Re:Madonna/AIリマスター,丸ごと！○○8時間,成熟的女人、多P、4小時以上作品、高畫質、戲劇、女優ベスト・総集編、單體作品、DMM獨家,北条麻妃,https://www.javbus.com/JQRE-014
JUMS-123 快感注入やみつきピストンで貞淑マ〇コはぐしょ濡れ！！淡白な夫婦の営みには戻れない、SEX中毒な人妻たち42本番8時間,JUMS-123 快感注入やみつきピストンで貞淑マ〇コはぐしょ濡れ！！淡白な夫婦の営みには戻れない、SEX中毒な人妻たち42本番8時間,JUMS-123,2025-05-09,481分鐘,,マドンナ,Madonna,,成熟的女人、合集、已婚婦女、通姦、4小時以上作品、高畫質、DMM獨家,多人,https://www.javbus.com/JUMS-123
JUMS-122 密着セックス BEST SELECTION 16時間 ～中年男と深まる情愛、背徳関係に溺れた人妻たちの総集編～,JUMS-122 密着セックス BEST SELECTION 16時間 ～中年男と深まる情愛、背徳関係に溺れた人妻たちの総集編～,JUMS-122,2025-05-09,962分鐘,,マドンナ,Madonna,密着セックス,成熟的女人、合集、已婚婦女、高畫質、16時間以上作品、汗だく、DMM獨家,多人,https://www.javbus.com/JUMS-122
GML-524 熟女レズ ヌルべちょレズビアン 北条麻妃 川上ゆう 前編,GML-524 熟女レズ ヌルべちょレズビアン 北条麻妃 川上ゆう 前編,GML-524,2025-05-06,70分鐘,,グローバルメディアエンタテインメント,グローバルメディアライト,熟女レズ（グローバル）,成熟的女人、女同性戀、雙性人、乳房、高畫質、DMM獨家,多人,https://www.javbus.com/GML-524
GML-525 熟女レズ ヌルべちょレズビアン 北条麻妃 川上ゆう 後編,GML-525 熟女レズ ヌルべちょレズビアン 北条麻妃 川上ゆう 後編,GML-525,2025-05-06,65分鐘,,グローバルメディアエンタテインメント,グローバルメディアライト,熟女レズ（グローバル）,成熟的女人、女同性戀、雙性人、乳房、高畫質、DMM獨家,多人,https://www.javbus.com/GML-525
ATKD-389 ATTACKERS PRESENTS レジェンド女優の若かりしあの頃 総集編10時間,ATKD-389 ATTACKERS PRESENTS レジェンド女優の若かりしあの頃 総集編10時間,ATKD-389,2025-04-25,647分鐘,,アタッカーズ,Attackers BEST,ATTACKERS THE BEST,合集、凌辱、4小時以上作品、高畫質、出軌、戲劇、DMM獨家,多人,https://www.javbus.com/ATKD-389
OOMNVD-008 無防備で艶めかしい美女の着替え 特大ボリューム400分じっくり視姦するBEST 105名,OOMNVD-008 無防備で艶めかしい美女の着替え 特大ボリューム400分じっくり視姦するBEST 105名,OOMNVD-008,2025-04-18,399分鐘,,ABC/妄想族,お母さん.com（ABC/妄想族）,無防備で艶めかしい美女の着替え,成熟的女人、苗條、其他戀物癖、合集、4小時以上作品、DMM專屬、巨乳、妄想族、DMM獨家,多人,https://www.javbus.com/OOMNVD-008
JUR-295 都会の喧騒を離れた旅先で 偶然出会った人妻・麻妃さんと… ゆきずりの中出し温泉交尾 北条麻妃,JUR-295 都会の喧騒を離れた旅先で 偶然出会った人妻・麻妃さんと… ゆきずりの中出し温泉交尾 北条麻妃,JUR-295,2025-04-18,128分鐘,ひむろっく,マドンナ,Madonna,都会の喧騒を離れた旅先で 偶然出会った人妻・○○さんと… ゆきずりの中出し温泉交尾,蕩婦、成熟的女人、已婚婦女、高、高畫質、温泉、單體作品、4K、DMM獨家,北条麻妃,https://www.javbus.com/JUR-295
JUMS-121 月に一度、最も子宮が疼き出す着床確実の不貞に溺れる人妻達、 危険日カレンダー2025 15時間,JUMS-121 月に一度、最も子宮が疼き出す着床確実の不貞に溺れる人妻達、 危険日カレンダー2025 15時間,JUMS-121,2025-04-18,932分鐘,,マドンナ,Madonna,,成熟的女人、已婚婦女、中出、4小時以上作品、高畫質、戲劇、DMM獨家,多人,https://www.javbus.com/JUMS-121
JUMS-119 イキたてほやほや敏感チ○ポを咥え込んで離さない！！おしゃぶり中毒奥様たちのお掃除フェラRUSH94連発8時間,JUMS-119 イキたてほやほや敏感チ○ポを咥え込んで離さない！！おしゃぶり中毒奥様たちのお掃除フェラRUSH94連発8時間,JUMS-119,2025-04-04,481分鐘,,マドンナ,Madonna,,成熟的女人、口交、合集、已婚婦女、4小時以上作品、高畫質、DMM獨家,多人,https://www.javbus.com/JUMS-119
NSFS-371 AIリマスター版究極の寝取られ 妻をあなたに差し上げます 名作永久保存版223分,NSFS-371 AIリマスター版究極の寝取られ 妻をあなたに差し上げます 名作永久保存版223分,NSFS-371,2025-03-22,223分鐘,ナックル原田,ながえスタイル,ながえSTYLE,,成熟的女人、合集、已婚婦女、高畫質、出軌、戲劇、DMM獨家,多人,https://www.javbus.com/NSFS-371
JUMS-108 人妻がエグい他人棒に腰砕け！！ 大痙攣・大絶頂エビ反りSEX470分 イキまくり101連発,JUMS-108 人妻がエグい他人棒に腰砕け！！ 大痙攣・大絶頂エビ反りSEX470分 イキまくり101連発,JUMS-108,2025-03-21,471分鐘,,マドンナ,Madonna,,成熟的女人、合集、已婚婦女、4小時以上作品、高畫質、アクメ・オーガズム、DMM獨家,多人,https://www.javbus.com/JUMS-108
JUR-253 春休みの数日間、友人と最愛の母親を交換する事になりましたー。 北条麻妃,JUR-253 春休みの数日間、友人と最愛の母親を交換する事になりましたー。 北条麻妃,JUR-253,2025-03-21,148分鐘,三島六三郎,マドンナ,Madonna,,成熟的女人、母親、已婚婦女、中出、高畫質、出軌、單體作品、DMM獨家,北条麻妃,https://www.javbus.com/JUR-253
JUMS-111 1発では満足できない絶倫ザーメン乱れ撃ち！！ 追撃生ハメで妊娠確定 連射マシンガン中出し 158連発 7時間,JUMS-111 1発では満足できない絶倫ザーメン乱れ撃ち！！ 追撃生ハメで妊娠確定 連射マシンガン中出し 158連発 7時間,JUMS-111,2025-03-07,428分鐘,,マドンナ,Madonna,,成熟的女人、合集、已婚婦女、中出、4小時以上作品、高畫質、DMM獨家,多人,https://www.javbus.com/JUMS-111
JUR-203 息子に乳離れさせないまま、20年間経ちました…。 北条麻妃,JUR-203 息子に乳離れさせないまま、20年間経ちました…。 北条麻妃,JUR-203,2025-02-21,131分鐘,ひむろっく,マドンナ,Madonna,息子に乳離れさせないまま、20年間経ちました…。,成熟的女人、母親、亂倫、已婚婦女、中出、高畫質、單體作品、4K、DMM獨家,北条麻妃,https://www.javbus.com/JUR-203
JUMS-109 地元へ帰省した三日間、ずっと思いを寄せていた人妻と時を忘れて愛し合った記録―。永久保存版 16時間,JUMS-109 地元へ帰省した三日間、ずっと思いを寄せていた人妻と時を忘れて愛し合った記録―。永久保存版 16時間,JUMS-109,2025-02-07,962分鐘,,マドンナ,Madonna,地元へ帰省した三日間、人妻になっていた憧れの○○,成熟的女人、合集、已婚婦女、通姦、高畫質、16時間以上作品、DMM獨家,多人,https://www.javbus.com/JUMS-109
JDL-105 デジタルモザイク4部作 母子交尾5,JDL-105 デジタルモザイク4部作 母子交尾5,JDL-105,2025-02-01,448分鐘,清水橋健太,ルビー,RUBY,母子交尾,成熟的女人、母親、亂倫、中出、4小時以上作品、高畫質、DMM獨家,多人,https://www.javbus.com/JDL-105
OOMNVD-006 母から息子へ癒しの手コキ…完全受け身でびゅるびゅる射精させられちゃうBEST 65名【授乳手コキ・乳首舐め・密着背面・洗体】,OOMNVD-006 母から息子へ癒しの手コキ…完全受け身でびゅるびゅる射精させられちゃうBEST 65名【授乳手コキ・乳首舐め・密着背面・洗体】,OOMNVD-006,2025-02-01,290分鐘,,ABC/妄想族,お母さん.com（ABC/妄想族）,,成熟的女人、母親、合集、已婚婦女、4小時以上作品、DMM專屬、妄想族、DMM獨家、打手槍,多人,https://www.javbus.com/OOMNVD-006
MCSR-58903 奥さん、いつまでもイヤがる素振りしなくていいよ。本当は嬉しいんだろ？,MCSR-58903 奥さん、いつまでもイヤがる素振りしなくていいよ。本当は嬉しいんだろ？,MCSR-58903,2025-01-25,60分鐘,,いきなりエロざんまい,いきなりエロざんまい,間男に穢される人妻,已婚婦女、高畫質、出軌、巨乳、アクメ・オーガズム,多人,https://www.javbus.com/MCSR-58903
MCSR-31601 働くおばさんのエッチな実態！！,MCSR-31601 働くおばさんのエッチな実態！！,MCSR-31601,2025-01-25,88分鐘,亀ヶ島三郎,いきなりエロざんまい,ドスケベ熟女ch,仕事着のおばさんとSEX,成熟的女人、各種職業、已婚婦女、制服、高畫質,多人,https://www.javbus.com/MCSR-31601
DOA-095 北条麻妃 緊縛育成Special,DOA-095 北条麻妃 緊縛育成Special,DOA-095,2025-01-25,130分鐘,六四天安,ブラックドッグ/妄想族,ブラックドッグ/妄想族,M女,成熟的女人、紧缚、凌辱、高畫質、單體作品、妄想族、DMM獨家,北条麻妃,https://www.javbus.com/DOA-095
SVS-083 着衣でバコバコハメまくり脱がない脱がさせない着たまま追い込み絶頂アクメ,SVS-083 着衣でバコバコハメまくり脱がない脱がさせない着たまま追い込み絶頂アクメ,SVS-083,2025-01-25,241分鐘,,AVS collector’s,AVSCollector’s,,連褲襪、緊身衣、4小時以上作品、高畫質、猥褻穿著、DMM獨家、迷你裙,多人,https://www.javbus.com/SVS-083
JUR-171 「ダメよ、まだ出しちゃ…」 電車通勤中、ずっと僕の耳元で囁き 射精管理する ヤリ手女上司の密着逆痴● 北条麻妃,JUR-171 「ダメよ、まだ出しちゃ…」 電車通勤中、ずっと僕の耳元で囁き 射精管理する ヤリ手女上司の密着逆痴● 北条麻妃,JUR-171,2025-01-24,114分鐘,なぎら健造,マドンナ,Madonna,,蕩婦、成熟的女人、凌辱、羞恥、高畫質、女上司、單體作品、DMM獨家,北条麻妃,https://www.javbus.com/JUR-171
JUMS-104 ストリップ劇場で舞う人妻 総集編8時間,JUMS-104 ストリップ劇場で舞う人妻 総集編8時間,JUMS-104,2025-01-10,481分鐘,,マドンナ,Madonna,ストリップ劇場で舞う人妻,成熟的女人、合集、各種職業、已婚婦女、4小時以上作品、高畫質、DMM獨家,多人,https://www.javbus.com/JUMS-104
JUVR-209 【VR】超高画質8KVR 「射精すのはこっちだよ」旅先で偶然出会った欲求不満な美人妻・麻妃さんの小悪魔焦らしで僕は一生忘れられない不倫中出しの思い出を作ってしまった。 北条麻妃,JUVR-209 【VR】超高画質8KVR 「射精すのはこっちだよ」旅先で偶然出会った欲求不満な美人妻・麻妃さんの小悪魔焦らしで僕は一生忘れられない不倫中出しの思い出を作ってしまった。 北条麻妃,JUVR-209,2024-12-27,94分鐘,ジーニアス膝,マドンナ,MadonnaVR,,蕩婦、成熟的女人、已婚婦女、通姦、温泉、VR専用、ハイクオリティVR、單體作品、DMM獨家、8KVR,北条麻妃,https://www.javbus.com/JUVR-209
VHDX-020 解禁！初HD化作品 まるごと収録BOX 20 13作品 1300分,VHDX-020 解禁！初HD化作品 まるごと収録BOX 20 13作品 1300分,VHDX-020,2024-12-24,1300分鐘,,VENUS,HDコンプリート,初HD化作品まるごと収録BOX,成熟的女人、已婚婦女、中出、高畫質、DMM專屬、16時間以上作品、設置項目、巨乳、福袋、DMM獨家,多人,https://www.javbus.com/VHDX-020
JUR-134 昔私の事が好きだった租チンの幼馴染が、性欲旺盛な巨チン男に進化していたので、何度も生ハメSEXに溺れてしまった…。 北条麻妃,JUR-134 昔私の事が好きだった租チンの幼馴染が、性欲旺盛な巨チン男に進化していたので、何度も生ハメSEXに溺れてしまった…。 北条麻妃,JUR-134,2024-12-20,120分鐘,豆沢豆太郎,マドンナ,Madonna,,成熟的女人、已婚婦女、中出、高畫質、デカチン・巨根、巨尻、單體作品、4K、DMM獨家,北条麻妃,https://www.javbus.com/JUR-134
JUMS-103 貞淑マ〇コを奥深くエグり突く！！デカチンの虜になった人妻34人480分,JUMS-103 貞淑マ〇コを奥深くエグり突く！！デカチンの虜になった人妻34人480分,JUMS-103,2024-12-20,480分鐘,,マドンナ,Madonna,,成熟的女人、合集、已婚婦女、高畫質、デカチン・巨根、DMM獨家,多人,https://www.javbus.com/JUMS-103
VEQ-258 「孤高のSEXカリスマ、ザ・グレイテスト・ヒッツ」 S級熟女フルコンプリートBOX 北条麻妃16時間4枚組,VEQ-258 「孤高のSEXカリスマ、ザ・グレイテスト・ヒッツ」 S級熟女フルコンプリートBOX 北条麻妃16時間4枚組,VEQ-258,2024-12-13,1000分鐘,,VENUS,女神（ヴィーナス）,S級熟女フルコンプリートBOX,成熟的女人、已婚婦女、乳房、中出、女優ベスト・総集編、單體作品、DMM獨家,北条麻妃,https://www.javbus.com/VEQ-258
GQHB-012 【FANZA独占】黒人巨根福袋1421分～イキリ勃つ黒人のデカチ○ポに欲求不満の美熟女発情中！,GQHB-012 【FANZA独占】黒人巨根福袋1421分～イキリ勃つ黒人のデカチ○ポに欲求不満の美熟女発情中！,GQHB-012,2024-12-06,1422分鐘,,グローリークエスト,GLORY QUEST,,成熟的女人、已婚婦女、多P、高畫質、出軌、16時間以上作品、デカチン・巨根、設置項目、DMM獨家、黑人演員,多人,https://www.javbus.com/GQHB-012
OLM-133 美神降臨！これが史上最高峰女優の競演！北条麻妃＆波多野結衣（OLM-133）,OLM-133 美神降臨！これが史上最高峰女優の競演！北条麻妃＆波多野結衣（OLM-133）,OLM-133,2024-11-30,249分鐘,,オリンポス,OLYMPUS,,合集、多P、中出、4小時以上作品、高畫質、自慰、打手槍,多人,https://www.javbus.com/OLM-133
KSBJ-347 お酒を飲んで高まる性欲！！友人の奥さんとNTR性交8人,KSBJ-347 お酒を飲んで高まる性欲！！友人の奥さんとNTR性交8人,KSBJ-347,2024-11-30,243分鐘,,KSB企画/エマニエル,,,蕩婦、合集、已婚婦女、高畫質、出軌、エマニエル、DMM獨家,多人,https://www.javbus.com/KSBJ-347
MCSR-30403 濡れ濡れのあそこがチンポを飲み込む！,MCSR-30403 濡れ濡れのあそこがチンポを飲み込む！,MCSR-30403,2024-11-23,71分鐘,亀ヶ島三郎,いきなりエロざんまい,ドスケベ熟女ch,隣の家のおばさんはエロく見える,蕩婦、成熟的女人、已婚婦女、中出、高畫質,多人,https://www.javbus.com/MCSR-30403
JUQ-992 ママ友に誘われたマッチングアプリで、‘推しの年下’を一緒に甘く飼い慣らす。 北条麻妃 川村まなみ,JUQ-992 ママ友に誘われたマッチングアプリで、‘推しの年下’を一緒に甘く飼い慣らす。 北条麻妃 川村まなみ,JUQ-992,2024-11-22,170分鐘,真咲南朋,マドンナ,Madonna,ママ友に誘われたマッチングアプリで、‘推しの年下’を一緒に甘く飼い慣らす。,成熟的女人、已婚婦女、多P、通姦、高畫質、M男、DMM獨家,多人,https://www.javbus.com/JUQ-992
JUMS-100 どれだけイッても満足しない美熟女たちの∞性欲で男の金玉カラッポにする痴女ハーレムSEX480分,JUMS-100 どれだけイッても満足しない美熟女たちの∞性欲で男の金玉カラッポにする痴女ハーレムSEX480分,JUMS-100,2024-11-22,480分鐘,,マドンナ,Madonna,,蕩婦、成熟的女人、合集、已婚婦女、高畫質、ハーレム、DMM獨家,多人,https://www.javbus.com/JUMS-100
FUPT-012 【福袋】まるっと！！はだかの主婦11タイトルVOL.02 1355分！！,FUPT-012 【福袋】まるっと！！はだかの主婦11タイトルVOL.02 1355分！！,FUPT-012,2024-11-20,1370分鐘,,プラネットプラス,まるっと！,裸の主婦,其他戀物癖、已婚婦女、中出、高畫質、16時間以上作品、設置項目、局部特寫,多人,https://www.javbus.com/FUPT-012
VHDX-017 解禁！初HD化作品 まるごと収録BOX 17 16作品 1420分,VHDX-017 解禁！初HD化作品 まるごと収録BOX 17 16作品 1420分,VHDX-017,2024-11-12,1448分鐘,,VENUS,HDコンプリート,初HD化作品まるごと収録BOX,成熟的女人、已婚婦女、中出、高畫質、DMM專屬、16時間以上作品、設置項目、巨乳、福袋、DMM獨家,多人,https://www.javbus.com/VHDX-017
JUQ-938 結末を選ぶのはアナター。観る順番でストーリーが変化する衝撃ドラマ映像 北条麻妃,JUQ-938 結末を選ぶのはアナター。観る順番でストーリーが変化する衝撃ドラマ映像 北条麻妃,JUQ-938,2024-10-18,140分鐘,木村浩之,マドンナ,Madonna,,成熟的女人、已婚婦女、羞恥、中出、高畫質、出軌、單體作品、4K、DMM獨家,北条麻妃,https://www.javbus.com/JUQ-938
JUMS-093 チ〇ポがトロけて脳まで届く超快感！！ 発射寸前110秒前、≪厳選≫人妻たちの 極上フェラチオラッシュ258連発8時間,JUMS-093 チ〇ポがトロけて脳まで届く超快感！！ 発射寸前110秒前、≪厳選≫人妻たちの 極上フェラチオラッシュ258連発8時間,JUMS-093,2024-10-04,480分鐘,,マドンナ,Madonna,,成熟的女人、口交、合集、已婚婦女、高畫質、DMM獨家,多人,https://www.javbus.com/JUMS-093
NAGAE-019 【AIリマスター版】【配信限定】懐かしの名女優AIリマスター復刻版 永遠のマドンナ 北条麻妃,NAGAE-019 【AIリマスター版】【配信限定】懐かしの名女優AIリマスター復刻版 永遠のマドンナ 北条麻妃,NAGAE-019,2024-09-30,316分鐘,ナックル原田,ながえスタイル,ながえSTYLE,AIリマスター（ながえスタイル）,合集、已婚婦女、通姦、4小時以上作品、高畫質、出軌、戲劇、女優ベスト・総集編、設置項目、單體作品、DMM獨家,北条麻妃,https://www.javbus.com/NAGAE-019
VHDX-015 解禁！初HD化作品 まるごと収録BOX 15 30作品 48時間0分,VHDX-015 解禁！初HD化作品 まるごと収録BOX 15 30作品 48時間0分,VHDX-015,2024-09-28,2966分鐘,,VENUS,HDコンプリート,初HD化作品まるごと収録BOX,成熟的女人、合集、已婚婦女、中出、高畫質、DMM專屬、16時間以上作品、設置項目、巨乳、福袋、DMM獨家,多人,https://www.javbus.com/VHDX-015
VHDX-014 解禁！初HD化作品 まるごと収録BOX 14 30作品 46時間40分,VHDX-014 解禁！初HD化作品 まるごと収録BOX 14 30作品 46時間40分,VHDX-014,2024-09-24,2872分鐘,,VENUS,HDコンプリート,初HD化作品まるごと収録BOX,成熟的女人、合集、已婚婦女、中出、高畫質、DMM專屬、16時間以上作品、設置項目、巨乳、福袋、DMM獨家,多人,https://www.javbus.com/VHDX-014
LZBS-110 絶頂顔を見下ろしながら絶頂する激しめ騎乗レズ性交 厳選ベスト5時間,LZBS-110 絶頂顔を見下ろしながら絶頂する激しめ騎乗レズ性交 厳選ベスト5時間,LZBS-110,2024-09-21,300分鐘,,レズれ！,レズれ！ ベスト,,玩具、女同性戀、女同接吻、巨乳、アクメ・オーガズム、DMM獨家,多人,https://www.javbus.com/LZBS-110
JUQ-903 偽りの未亡人NTR 総資産100億円70歳のワシが美しい妻と結婚できたのは、愛なのか金なのか確かめる為、死んだふりをしてみた…。 北条麻妃,JUQ-903 偽りの未亡人NTR 総資産100億円70歳のワシが美しい妻と結婚できたのは、愛なのか金なのか確かめる為、死んだふりをしてみた…。 北条麻妃,JUQ-903,2024-09-20,150分鐘,U吉,マドンナ,Madonna,,成熟的女人、連褲襪、已婚婦女、乳房、高畫質、出軌、單體作品、DMM獨家,北条麻妃,https://www.javbus.com/JUQ-903
VHDX-013 解禁！初HD化作品 まるごと収録BOX 13 30作品 45時間25分,VHDX-013 解禁！初HD化作品 まるごと収録BOX 13 30作品 45時間25分,VHDX-013,2024-09-10,2794分鐘,,VENUS,HDコンプリート,初HD化作品まるごと収録BOX,成熟的女人、合集、已婚婦女、中出、高畫質、DMM專屬、16時間以上作品、設置項目、巨乳、DMM獨家,多人,https://www.javbus.com/VHDX-013
JUMS-087 美熟女と少年が最高潮に燃え滾る年の差セックス30人460分,JUMS-087 美熟女と少年が最高潮に燃え滾る年の差セックス30人460分,JUMS-087,2024-09-06,460分鐘,,マドンナ,Madonna,燃え上がる年の差セックス,成熟的女人、合集、已婚婦女、通姦、高畫質、DMM獨家,多人,https://www.javbus.com/JUMS-087
VHDX-012 解禁！初HD化作品 まるごと収録BOX 12 30作品 45時間0分,VHDX-012 解禁！初HD化作品 まるごと収録BOX 12 30作品 45時間0分,VHDX-012,2024-08-27,2772分鐘,,VENUS,HDコンプリート,初HD化作品まるごと収録BOX,成熟的女人、合集、已婚婦女、中出、高畫質、DMM專屬、16時間以上作品、設置項目、巨乳、福袋、DMM獨家,多人,https://www.javbus.com/VHDX-012
JUQ-851 僕を息子のように甘やかす友人の母・麻妃さんと雑魚寝で濃密スローセックス 北条麻妃,JUQ-851 僕を息子のように甘やかす友人の母・麻妃さんと雑魚寝で濃密スローセックス 北条麻妃,JUQ-851,2024-08-23,140分鐘,ジャケン小玉,マドンナ,Madonna,,成熟的女人、已婚婦女、通姦、乳房、中出、高畫質、單體作品、DMM獨家,北条麻妃,https://www.javbus.com/JUQ-851
JUMS-086 マドンナ専属女優が選んだ 私のマ〇コが最高潮に疼いたセックスベスト26選 480分,JUMS-086 マドンナ専属女優が選んだ 私のマ〇コが最高潮に疼いたセックスベスト26選 480分,JUMS-086,2024-08-23,480分鐘,,マドンナ,Madonna,,企畫、成熟的女人、合集、已婚婦女、高畫質、DMM獨家,多人,https://www.javbus.com/JUMS-086
JUMS-085 息子の友人ともう5年間、セフレ関係を続けています―。 マドンナが誇る濃密な世界観―。傑作ドラマ コレクション,JUMS-085 息子の友人ともう5年間、セフレ関係を続けています―。 マドンナが誇る濃密な世界観―。傑作ドラマ コレクション,JUMS-085,2024-08-09,480分鐘,,マドンナ,Madonna,息子の友人ともう5年間、セフレ関係を続けています─。,成熟的女人、已婚婦女、高畫質、戲劇、女優ベスト・総集編、DMM獨家,多人,https://www.javbus.com/JUMS-085
JDL-100 デジタルモザイク5部作 親友の母,JDL-100 デジタルモザイク5部作 親友の母,JDL-100,2024-08-03,476分鐘,清水橋健太,ルビー,RUBY,,成熟的女人、母親、已婚婦女、中出、DMM獨家,多人,https://www.javbus.com/JDL-100
OLM-089 生きる伝説！記念館級女優！北条麻妃ベスト260分,OLM-089 生きる伝説！記念館級女優！北条麻妃ベスト260分,OLM-089,2024-07-30,260分鐘,,オリンポス,OLYMPUS,,蕩婦、口交、合集、4小時以上作品、高畫質、單體作品、打手槍,北条麻妃,https://www.javbus.com/OLM-089
JUMS-078 Madonna美熟女SEXカレンダー2024 15時間,JUMS-078 Madonna美熟女SEXカレンダー2024 15時間,JUMS-078,2024-07-26,930分鐘,,マドンナ,Madonna,,成熟的女人、合集、已婚婦女、通姦、高畫質、DMM獨家,多人,https://www.javbus.com/JUMS-078
JUMS-083 パイパンでしか抜いた事ない男たち集合～！！恥じらいながら他人棒を受け挿れる人妻のフサフサマ〇コの良さ見たくない？知りたくない？ 天然ものの剛毛マ〇コに無理やりどぴゅっと中出し8時間,JUMS-083 パイパンでしか抜いた事ない男たち集合～！！恥じらいながら他人棒を受け挿れる人妻のフサフサマ〇コの良さ見たくない？知りたくない？ 天然ものの剛毛マ〇コに無理やりどぴゅっと中出し8時間,JUMS-083,2024-07-19,480分鐘,,マドンナ,Madonna,,成熟的女人、已婚婦女、中出、高畫質、女優ベスト・総集編、DMM獨家,多人,https://www.javbus.com/JUMS-083
ACHJ-044 W美脚イイオンナと田舎童貞くんのサンドイッチ痴女中出しデート,ACHJ-044 W美脚イイオンナと田舎童貞くんのサンドイッチ痴女中出しデート,ACHJ-044,2024-07-19,140分鐘,豆沢豆太郎,マドンナ,ACHIJO（アチージョ）,,蕩婦、成熟的女人、已婚婦女、戀腿癖、中出、高畫質、4K、DMM獨家,多人,https://www.javbus.com/ACHJ-044
VHDX-009 解禁！初HD化作品 まるごと収録BOX 9 30作品 45時間10分,VHDX-009 解禁！初HD化作品 まるごと収録BOX 9 30作品 45時間10分,VHDX-009,2024-07-09,2783分鐘,,VENUS,HDコンプリート,初HD化作品まるごと収録BOX,成熟的女人、合集、已婚婦女、中出、高畫質、DMM專屬、16時間以上作品、設置項目、巨乳、福袋、DMM獨家,多人,https://www.javbus.com/VHDX-009
GML-335 練○区大○学園で生活保護をもらいながらブランド品をまとい贅沢に暮らすシングルマザーを●す！ パート4 北条麻妃,GML-335 練○区大○学園で生活保護をもらいながらブランド品をまとい贅沢に暮らすシングルマザーを●す！ パート4 北条麻妃,GML-335,2024-07-07,41分鐘,,グローバルメディアエンタテインメント,グローバルメディアライト,強●,成熟的女人、已婚婦女、凌辱、中出、高畫質、單體作品、DMM獨家,北条麻妃,https://www.javbus.com/GML-335
BDAM-003 絶体絶命女捜査官 2 拷問される女たち 媚薬でイカされまくり、縛られて嬲られる美しき捜査官たち…,BDAM-003 絶体絶命女捜査官 2 拷問される女たち 媚薬でイカされまくり、縛られて嬲られる美しき捜査官たち…,BDAM-003,2024-06-30,270分鐘,,バミューダ/妄想族,バミューダ/妄想族,絶体絶命女捜査官,紧缚、粗暴、中出、4小時以上作品、高畫質、折磨、黑暗系統、妄想族、DMM獨家,多人,https://www.javbus.com/BDAM-003
VHDX-008 解禁！初HD化作品 まるごと収録BOX 8 30作品 44時間35分,VHDX-008 解禁！初HD化作品 まるごと収録BOX 8 30作品 44時間35分,VHDX-008,2024-06-25,2737分鐘,,VENUS,HDコンプリート,初HD化作品まるごと収録BOX,成熟的女人、合集、已婚婦女、中出、高畫質、DMM專屬、16時間以上作品、設置項目、巨乳、DMM獨家,多人,https://www.javbus.com/VHDX-008
VHDX-007 解禁！初HD化作品 まるごと収録BOX 7 30作品 42時間55分,VHDX-007 解禁！初HD化作品 まるごと収録BOX 7 30作品 42時間55分,VHDX-007,2024-06-11,2647分鐘,,VENUS,HDコンプリート,,成熟的女人、合集、已婚婦女、中出、高畫質、DMM專屬、16時間以上作品、設置項目、巨乳、DMM獨家,多人,https://www.javbus.com/VHDX-007
RBB-286 女の子多数と男1人の幸せすぎるよりどりハーレムタイム8時間 もうチ○ポがもちませーーーん！！！（RBB-286）,RBB-286 女の子多数と男1人の幸せすぎるよりどりハーレムタイム8時間 もうチ○ポがもちませーーーん！！！（RBB-286）,RBB-286,2024-06-07,480分鐘,,ROOKIE,ROOKIE,ROOKIEベスト,濫交、合集、中出、高畫質、ハーレム、巨乳、DMM獨家,多人,https://www.javbus.com/RBB-286
JUQ-728 スイートルームNTR 妻から送られてきた疑惑の写真 北条麻妃,JUQ-728 スイートルームNTR 妻から送られてきた疑惑の写真 北条麻妃,JUQ-728,2024-06-07,120分鐘,木村浩之,マドンナ,Madonna,スイートルームNTR,成熟的女人、已婚婦女、乳房、中出、高畫質、出軌、單體作品、4K、DMM獨家,北条麻妃,https://www.javbus.com/JUQ-728
VHDX-006 【HD版・初配信】 VENUS15周年記念 解禁！初HD化作品 まるごと収録BOX 6 30作品 42時間15分,VHDX-006 【HD版・初配信】 VENUS15周年記念 解禁！初HD化作品 まるごと収録BOX 6 30作品 42時間15分,VHDX-006,2024-05-28,2582分鐘,,VENUS,HDコンプリート,初HD化作品まるごと収録BOX,成熟的女人、合集、已婚婦女、中出、高畫質、DMM專屬、16時間以上作品、設置項目、巨乳、DMM獨家,多人,https://www.javbus.com/VHDX-006
MCSR-563 理想の愛人が、乱れ、悶え、イキ狂う 濃密な2人だけの空間 ヒストリーオブ不倫旅行4,MCSR-563 理想の愛人が、乱れ、悶え、イキ狂う 濃密な2人だけの空間 ヒストリーオブ不倫旅行4,MCSR-563,2024-05-25,300分鐘,金子次郎,ビッグモーカル,マスカット,ヒストリーオブ不倫旅行,和服・喪服、已婚婦女、通姦、中出、4小時以上作品、高畫質、巨乳,多人,https://www.javbus.com/MCSR-563
NASK-062 衝撃の人妻レ●プ 驚愕の白昼強●劇！！ 凶悪男に犯●れ悶え泣く女たち 7人4時間,NASK-062 衝撃の人妻レ●プ 驚愕の白昼強●劇！！ 凶悪男に犯●れ悶え泣く女たち 7人4時間,NASK-062,2024-05-11,241分鐘,,なでしこ,Nadeshiko,,成熟的女人、合集、凌辱、4小時以上作品、高畫質、DMM獨家,多人,https://www.javbus.com/NASK-062
CADV-899 美し過ぎる裸体を晒す美魔女SEX8時間,CADV-899 美し過ぎる裸体を晒す美魔女SEX8時間,CADV-899,2024-05-11,479分鐘,,クリスタル映像,CRYSTAL EX,,蕩婦、苗條、潮吹、合集、無毛、淫語、已婚婦女、通姦、乳房、中出、4小時以上作品、女優按摩棒、出軌、顏面騎乘、顏射、處男、温泉、巨尻、巨乳、DMM獨家、自慰,多人,https://www.javbus.com/CADV-899
JUMS-073 人妻の喉マ〇コと膣奥を掻き乱す串刺し乱交BEST8時間,JUMS-073 人妻の喉マ〇コと膣奥を掻き乱す串刺し乱交BEST8時間,JUMS-073,2024-05-10,480分鐘,,マドンナ,Madonna,,成熟的女人、濫交、合集、已婚婦女、中出、高畫質、DMM獨家,多人,https://www.javbus.com/JUMS-073
ACHJ-040 艶めくハイレグ美脚で誘惑する完全着衣マラ喰い光沢レースクイーン 北条麻妃,ACHJ-040 艶めくハイレグ美脚で誘惑する完全着衣マラ喰い光沢レースクイーン 北条麻妃,ACHJ-040,2024-05-10,150分鐘,AKNR,マドンナ,ACHIJO（アチージョ）,,蕩婦、成熟的女人、苗條、賽車女郎、緊身衣、高畫質、單體作品、DMM獨家,北条麻妃,https://www.javbus.com/ACHJ-040
J99-P008 【期間限定熟女パック】熟女濃厚レズパック,J99-P008 【期間限定熟女パック】熟女濃厚レズパック,J99-P008,2024-05-01,76分鐘,,JUKUJO99,熟女パック,期間限定熟女パック,成熟的女人、OL、放尿、女同性戀、女同接吻、高畫質、巨乳、DMM獨家,多人,https://www.javbus.com/J99-P008
UMSO-544 スレンダーなのに巨乳の人妻が全身くねらせビックンビックンVOL.05,UMSO-544 スレンダーなのに巨乳の人妻が全身くねらせビックンビックンVOL.05,UMSO-544,2024-04-20,241分鐘,,ケイ・エム・プロデュース,UMANAMI,スレンダーなのに巨乳の人妻が全身くねらせビックンビックン,苗條、合集、已婚婦女、戀乳癖、4小時以上作品、高畫質、DMM獨家,多人,https://www.javbus.com/UMSO-544
FUPT-006 【福袋】まるっと！！細腰美熟女20タイトル2703分！！,FUPT-006 【福袋】まるっと！！細腰美熟女20タイトル2703分！！,FUPT-006,2024-04-18,2700分鐘,,プラネットプラス,まるっと！,,成熟的女人、苗條、已婚婦女、乳房、高畫質、16時間以上作品,多人,https://www.javbus.com/FUPT-006
GML-278 実録投稿・4編のリアルレ●プドラマ 鬼塾長に狙われたとあるお受験ママたち パート3 北条麻妃,GML-278 実録投稿・4編のリアルレ●プドラマ 鬼塾長に狙われたとあるお受験ママたち パート3 北条麻妃,GML-278,2024-04-13,34分鐘,,グローバルメディアエンタテインメント,グローバルメディアライト,,已婚婦女、中出、高畫質、戲劇、單體作品、DMM獨家,北条麻妃,https://www.javbus.com/GML-278
JUQ-644 服従の放課後～校内中出し羞恥に悦ぶ汚れた聖職者～ 北条麻妃,JUQ-644 服従の放課後～校内中出し羞恥に悦ぶ汚れた聖職者～ 北条麻妃,JUQ-644,2024-04-05,120分鐘,木村浩之,マドンナ,Madonna,,成熟的女人、女教師、已婚婦女、凌辱、羞恥、高畫質、單體作品、DMM獨家,北条麻妃,https://www.javbus.com/JUQ-644
JUMS-069 息子の友達の制御不能な絶倫交尾でイカされ続けて… 総集編8時間（JUMS-069）,JUMS-069 息子の友達の制御不能な絶倫交尾でイカされ続けて… 総集編8時間（JUMS-069）,JUMS-069,2024-04-05,480分鐘,,マドンナ,Madonna,息子の友達の制御不能な絶倫交尾でイカされ続けて…,成熟的女人、合集、已婚婦女、通姦、高畫質、DMM獨家,多人,https://www.javbus.com/JUMS-069
NACX-137 スレンダー巨乳美女中出しBEST14人,NACX-137 スレンダー巨乳美女中出しBEST14人,NACX-137,2024-04-05,244分鐘,,プラネットプラス,七狗留,,苗條、合集、中出、4小時以上作品、高畫質、巨乳,多人,https://www.javbus.com/NACX-137
RBFB-004 【ゴールデン福袋】妖艶 熟女レズビアン 人気タイトル15作品ノーカット収録！1623分,RBFB-004 【ゴールデン福袋】妖艶 熟女レズビアン 人気タイトル15作品ノーカット収録！1623分,RBFB-004,2024-04-05,1623分鐘,,ルビー,黒百合,熟女レズ,成熟的女人、女同性戀、已婚婦女、高畫質、戲劇、16時間以上作品、設置項目、福袋、DMM獨家,多人,https://www.javbus.com/RBFB-004
FKBD-011 【福袋】脅迫スイートルーム33時間！Vol.3 シリーズ18タイトルまるごと2036分収録！ドMインテリ美女19名,FKBD-011 【福袋】脅迫スイートルーム33時間！Vol.3 シリーズ18タイトルまるごと2036分収録！ドMインテリ美女19名,FKBD-011,2024-03-15,2032分鐘,,ドリームチケット,,WAAPグループ福袋,合集、多P、深喉、粗暴、高畫質、16時間以上作品、福袋,多人,https://www.javbus.com/FKBD-011
JUQ-595 家庭教師NTR ～僕が先に好きだった…最愛の母を奪われて～ 北条麻妃,JUQ-595 家庭教師NTR ～僕が先に好きだった…最愛の母を奪われて～ 北条麻妃,JUQ-595,2024-03-08,140分鐘,小山雅継,マドンナ,Madonna,,成熟的女人、已婚婦女、乳房、羞恥、高畫質、出軌、單體作品、DMM獨家,北条麻妃,https://www.javbus.com/JUQ-595
VHDX-001 【HD版・初配信】 VENUS15周年記念 解禁！初HD化作品まるごと収録BOX 1 28作品 39時間,VHDX-001 【HD版・初配信】 VENUS15周年記念 解禁！初HD化作品まるごと収録BOX 1 28作品 39時間,VHDX-001,2024-03-05,2405分鐘,,VENUS,HDコンプリート,,成熟的女人、合集、已婚婦女、中出、高畫質、DMM專屬、16時間以上作品、設置項目、巨乳、DMM獨家,多人,https://www.javbus.com/VHDX-001
JUMS-061 愛する夫の為に、身代わり週末肉便器。総集編8時間,JUMS-061 愛する夫の為に、身代わり週末肉便器。総集編8時間,JUMS-061,2024-02-23,480分鐘,,マドンナ,Madonna,愛する夫の為に、身代わり週末肉便器。,成熟的女人、合集、已婚婦女、高畫質、DMM獨家,多人,https://www.javbus.com/JUMS-061
SDMT-181-AI 【 AI リマスター版 】卒業生で一番の有名人AV女優北条麻妃が母校の教壇…,SDMT-181-AI 【 AI リマスター版 】卒業生で一番の有名人AV女優北条麻妃が母校の教壇…,SDMT-181-AI,2024-02-20,133分鐘,よーすけ,SODクリエイト,SODクリエイト,,成熟的女人,北条麻妃,https://www.javbus.com/SDMT-181-AI
SDMT-157-AI 【 AI リマスター版 】少年野球を応援するママは息子のお友達に夢中,SDMT-157-AI 【 AI リマスター版 】少年野球を応援するママは息子のお友達に夢中,SDMT-157-AI,2024-02-20,132分鐘,よーすけ,SODクリエイト,SODクリエイト,,成熟的女人、濫交,多人,https://www.javbus.com/SDMT-157-AI
PPBX-002 もしも…シリーズ4枚組スペシャルBOX,PPBX-002 もしも…シリーズ4枚組スペシャルBOX,PPBX-002,2024-02-20,504分鐘,,プラネットプラス,プラネットBOX,もしも…○○が○○だったら…。,成熟的女人、已婚婦女、通姦、中出、4小時以上作品、高畫質,多人,https://www.javbus.com/PPBX-002
RECXD-009 【AIリマスター版】誘惑、女教師。 男子をたぶらかす年上のオンナ 北条麻妃,RECXD-009 【AIリマスター版】誘惑、女教師。 男子をたぶらかす年上のオンナ 北条麻妃,RECXD-009,2024-02-20,101分鐘,,ドリームチケット,WAAPグループ AIリマスター,誘惑、女教師。,蕩婦、女教師、連褲襪、女上位、高畫質、單體作品,北条麻妃,https://www.javbus.com/RECXD-009
JUQ-561 復讐の中出し1000本ノック輪● 球児達の恨みを何度も膣内に打ち込まれる監督の妻―。 北条麻妃,JUQ-561 復讐の中出し1000本ノック輪● 球児達の恨みを何度も膣内に打ち込まれる監督の妻―。 北条麻妃,JUQ-561,2024-02-09,140分鐘,ひむろっく,マドンナ,Madonna,,成熟的女人、苗條、濫交、已婚婦女、中出、高畫質、單體作品、DMM獨家,北条麻妃,https://www.javbus.com/JUQ-561
SAN-215 北条麻妃＆澤村レイコスペシャル280分 6セックス,SAN-215 北条麻妃＆澤村レイコスペシャル280分 6セックス,SAN-215,2024-01-30,279分鐘,,マザー,マザー（マザー）,,合集、已婚婦女、通姦、4小時以上作品、高畫質、出軌、戲劇,多人,https://www.javbus.com/SAN-215
JUMS-051 北条麻妃 Madonna専属 5周年記念BEST 3枚組12時間,JUMS-051 北条麻妃 Madonna専属 5周年記念BEST 3枚組12時間,JUMS-051,2024-01-26,720分鐘,,マドンナ,Madonna,女優BEST（マドンナ）,成熟的女人、已婚婦女、乳房、高畫質、女優ベスト・総集編、單體作品、DMM獨家,北条麻妃,https://www.javbus.com/JUMS-051
GML-209 義母と子♯1 高齢親父の苦悩・子作り儀式 パート1 北条麻妃,GML-209 義母と子♯1 高齢親父の苦悩・子作り儀式 パート1 北条麻妃,GML-209,2024-01-08,59分鐘,,グローバルメディアエンタテインメント,グローバルメディアライト,義母と子,成熟的女人、亂倫、中出、婆婆、高畫質、巨乳、單體作品、DMM獨家,北条麻妃,https://www.javbus.com/GML-209
JUQ-506 毎晩旦那とヤリまくる絶倫叔母にヌカれまくった受験生の僕は性に目覚めて…全て忘れて連続中出し交尾にハマってしまった。 北条麻妃,JUQ-506 毎晩旦那とヤリまくる絶倫叔母にヌカれまくった受験生の僕は性に目覚めて…全て忘れて連続中出し交尾にハマってしまった。 北条麻妃,JUQ-506,2024-01-05,120分鐘,朝霧浄,マドンナ,Madonna,,成熟的女人、已婚婦女、中出、女上位、高畫質、汗だく、單體作品、DMM獨家,北条麻妃,https://www.javbus.com/JUQ-506
JUMS-055 数限りない肉棒に掻き回される快楽。輪●‘沼’にドロ堕ちする人妻たち 12時間,JUMS-055 数限りない肉棒に掻き回される快楽。輪●‘沼’にドロ堕ちする人妻たち 12時間,JUMS-055,2024-01-05,720分鐘,,マドンナ,Madonna,,成熟的女人、合集、已婚婦女、高畫質、DMM獨家,多人,https://www.javbus.com/JUMS-055
BDSR-512 おい！そこのマン毛！！俺を誘ってるだろ！？剛毛マン毛ボーボードスケベ挑発！！濡れ蒸れの絶対領域展開！,BDSR-512 おい！そこのマン毛！！俺を誘ってるだろ！？剛毛マン毛ボーボードスケベ挑発！！濡れ蒸れの絶対領域展開！,BDSR-512,2023-12-23,480分鐘,メカテス武田,ビッグモーカル,ビッグモーカル,マン毛がいやらしい人妻たち,其他戀物癖、已婚婦女、中出、4小時以上作品、高畫質、巨乳,多人,https://www.javbus.com/BDSR-512
JUMS-049 「ねぇ？あなた、本当に童貞なの？」 童貞詐欺にイカされ続けた人妻 Precious Best 16時間,JUMS-049 「ねぇ？あなた、本当に童貞なの？」 童貞詐欺にイカされ続けた人妻 Precious Best 16時間,JUMS-049,2023-12-08,960分鐘,,マドンナ,Madonna,「ねぇ？あなた、本当に童貞なの？」～童貞詐欺にイカされ続けた人妻～,成熟的女人、已婚婦女、高畫質、女優ベスト・総集編、巨乳、DMM獨家,多人,https://www.javbus.com/JUMS-049
JUQ-464 ヌードモデルNTR 上司と羞恥に溺れた妻の衝撃的浮気映像 北条麻妃,JUQ-464 ヌードモデルNTR 上司と羞恥に溺れた妻の衝撃的浮気映像 北条麻妃,JUQ-464,2023-12-08,120分鐘,木村浩之,マドンナ,Madonna,ヌードモデルNTR,成熟的女人、苗條、已婚婦女、中出、高畫質、出軌、單體作品、DMM獨家,北条麻妃,https://www.javbus.com/JUQ-464
JUVR-179 【VR】「初めてで失敗したら嫌われちゃうかも。まずは私で…ね」 彼女の実家にお泊り中年下好きな彼女のお母さんに誘惑されて…我慢できず大人の手ほどきSEXで何度もナマ中出ししてしまった！！ 北条麻妃,JUVR-179 【VR】「初めてで失敗したら嫌われちゃうかも。まずは私で…ね」 彼女の実家にお泊り中年下好きな彼女のお母さんに誘惑されて…我慢できず大人の手ほどきSEXで何度もナマ中出ししてしまった！！ 北条麻妃,JUVR-179,2023-12-08,84分鐘,矢澤レシーブ,マドンナ,MadonnaVR,,蕩婦、成熟的女人、苗條、母親、已婚婦女、VR専用、ハイクオリティVR、單體作品、DMM獨家,北条麻妃,https://www.javbus.com/JUVR-179
CVDA-029 親戚のおばさん Complete SP2 10作品14時間15分,CVDA-029 親戚のおばさん Complete SP2 10作品14時間15分,CVDA-029,2023-12-07,879分鐘,,センタービレッジ,大人になったらセンタービレッジ。,親戚のおばさん,成熟的女人、合集、已婚婦女、中出、4小時以上作品、高畫質,多人,https://www.javbus.com/CVDA-029
JUMS-046 射精直前のフェラチオ＆激ピストンラッシュ！！ 極濃ザーメンを人妻の美顔にぶっ放す！！大量顔射 120連発BEST,JUMS-046 射精直前のフェラチオ＆激ピストンラッシュ！！ 極濃ザーメンを人妻の美顔にぶっ放す！！大量顔射 120連発BEST,JUMS-046,2023-11-24,240分鐘,,マドンナ,Madonna,,成熟的女人、口交、合集、已婚婦女、高畫質、顏射、DMM獨家,多人,https://www.javbus.com/JUMS-046
JUMS-047 出張先のビジネスホテルでずっと憧れていた女上司とまさかまさかの相部屋宿泊 BEST SELECTION 16時間,JUMS-047 出張先のビジネスホテルでずっと憧れていた女上司とまさかまさかの相部屋宿泊 BEST SELECTION 16時間,JUMS-047,2023-11-24,960分鐘,,マドンナ,Madonna,出張先のビジネスホテルでずっと憧れていた女上司とまさかまさかの相部屋宿泊,成熟的女人、合集、已婚婦女、高畫質、出軌、DMM獨家,多人,https://www.javbus.com/JUMS-047
JUQ-436 休憩中のピンサロ通いがバレて、女上司のお仕置きフェラで何度も抜かれまくった僕 北条麻妃,JUQ-436 休憩中のピンサロ通いがバレて、女上司のお仕置きフェラで何度も抜かれまくった僕 北条麻妃,JUQ-436,2023-11-10,120分鐘,オリオン座長,マドンナ,Madonna,,成熟的女人、口交、各種職業、已婚婦女、乳房、高畫質、單體作品、DMM獨家,北条麻妃,https://www.javbus.com/JUQ-436
VSED-225 三十路・四十路・五十路の美熟女大百科 3 朝桐光 瞳リョウ 片瀬仁美 北条麻妃 牧原れいこ,VSED-225 三十路・四十路・五十路の美熟女大百科 3 朝桐光 瞳リョウ 片瀬仁美 北条麻妃 牧原れいこ,VSED-225,2023-10-28,240分鐘,,ティーズ,,,成熟的女人、已婚婦女、乳房、中出、4小時以上作品,多人,https://www.javbus.com/VSED-225
JUMS-041 こんなスケベな奥さんに誘われたら一線を越えてもしょうがない！！ 近所の極上美人妻と逆レ×プセックス8時間（JUMS-041）,JUMS-041 こんなスケベな奥さんに誘われたら一線を越えてもしょうがない！！ 近所の極上美人妻と逆レ×プセックス8時間（JUMS-041）,JUMS-041,2023-10-20,480分鐘,,マドンナ,Madonna,近所の極上美人妻と逆レ×プセックス8時間,蕩婦、成熟的女人、合集、已婚婦女、高畫質、DMM獨家,多人,https://www.javbus.com/JUMS-041
NASH-964 驚愕の人妻レ●プ 白昼に起きた衝撃の強●事件！！ 犯●れ泣き叫び悶え喘ぐ主婦たちの記録 8人4時間,NASH-964 驚愕の人妻レ●プ 白昼に起きた衝撃の強●事件！！ 犯●れ泣き叫び悶え喘ぐ主婦たちの記録 8人4時間,NASH-964,2023-10-07,240分鐘,,なでしこ,Nadeshiko,,成熟的女人、合集、凌辱、4小時以上作品、高畫質、DMM獨家,多人,https://www.javbus.com/NASH-964
JUVR-180 【VR】湯煙に紛れて晒す魅惑の痴態…欲求不満な人妻たちと夜通し戯れる温泉不倫旅行ベスト452分,JUVR-180 【VR】湯煙に紛れて晒す魅惑の痴態…欲求不満な人妻たちと夜通し戯れる温泉不倫旅行ベスト452分,JUVR-180,2023-10-06,452分鐘,ジーニアス膝,マドンナ,MadonnaVR,,蕩婦、成熟的女人、已婚婦女、通姦、4小時以上作品、温泉、VR専用、ハイクオリティVR、DMM獨家,多人,https://www.javbus.com/JUVR-180
JUQ-397 ストリップ劇場で舞う人妻 北条麻妃,JUQ-397 ストリップ劇場で舞う人妻 北条麻妃,JUQ-397,2023-10-06,120分鐘,きとるね川口,マドンナ,Madonna,ストリップ劇場で舞う人妻,成熟的女人、苗條、各種職業、已婚婦女、跳舞、高畫質、單體作品、DMM獨家,北条麻妃,https://www.javbus.com/JUQ-397
GMSP-005 【秋のギフト】【厳選！！】人妻・熟女レ●プ 48人2073分！！ 強●魔・媚薬・ママ友連鎖・自宅被害… リアルレ●プドキュメントドラマ15作品ノーカット収録！！ 泣き叫び悶え犯●れる哀しき女たち…,GMSP-005 【秋のギフト】【厳選！！】人妻・熟女レ●プ 48人2073分！！ 強●魔・媚薬・ママ友連鎖・自宅被害… リアルレ●プドキュメントドラマ15作品ノーカット収録！！ 泣き叫び悶え犯●れる哀しき女たち…,GMSP-005,2023-10-06,2073分鐘,,グローバルメディアエンタテインメント,,,成熟的女人、已婚婦女、高畫質、出軌、戲劇、16時間以上作品、設置項目、巨乳、福袋、DMM獨家,多人,https://www.javbus.com/GMSP-005
JUMS-039 膣奥の最深を貫く！！デカチンの虜になった人妻30人 8時間,JUMS-039 膣奥の最深を貫く！！デカチンの虜になった人妻30人 8時間,JUMS-039,2023-10-06,480分鐘,,マドンナ,Madonna,,成熟的女人、合集、已婚婦女、通姦、高畫質、デカチン・巨根、DMM獨家,多人,https://www.javbus.com/JUMS-039
JDL-091 デジタルモザイク5部作 北条麻妃,JDL-091 デジタルモザイク5部作 北条麻妃,JDL-091,2023-09-30,492分鐘,清水橋健太,ルビー,RUBY,,成熟的女人、故事集、女優ベスト・総集編、單體作品、DMM獨家,北条麻妃,https://www.javbus.com/JDL-091
VSED-223 団地妻 旦那の居ない昼下がりの情事 北条麻妃 伊藤まい,VSED-223 団地妻 旦那の居ない昼下がりの情事 北条麻妃 伊藤まい,VSED-223,2023-09-23,240分鐘,,ティーズ,,,成熟的女人、已婚婦女、乳房、4小時以上作品、出軌,多人,https://www.javbus.com/VSED-223
JUMS-038 美熟女と少年が最高潮に燃え盛る年の差セックス31人 8時間,JUMS-038 美熟女と少年が最高潮に燃え盛る年の差セックス31人 8時間,JUMS-038,2023-09-22,480分鐘,,マドンナ,Madonna,,成熟的女人、合集、已婚婦女、通姦、高畫質、DMM獨家,多人,https://www.javbus.com/JUMS-038
KSBJ-264 泥●NTR野球拳！？旦那が横で寝ていてもお構いなし！勝っても負けても中出し本番！？,KSBJ-264 泥●NTR野球拳！？旦那が横で寝ていてもお構いなし！勝っても負けても中出し本番！？,KSBJ-264,2023-09-16,241分鐘,,KSB企画/エマニエル,KSB企画/エマニエル,,合集、已婚婦女、4小時以上作品、高畫質、巨尻、エマニエル、DMM獨家,多人,https://www.javbus.com/KSBJ-264
GML-113 高級住宅街に住む美人のセレブ妻を近所で働く年収200万円の派遣労働者がレ●プ！！ パート1 北条麻妃,GML-113 高級住宅街に住む美人のセレブ妻を近所で働く年収200万円の派遣労働者がレ●プ！！ パート1 北条麻妃,GML-113,2023-09-16,62分鐘,,グローバルメディアエンタテインメント,グローバルメディアライト,高級住宅街に住む美人のセレブ妻を近所で働く年収200万円の派遣労働者がレ●プ！！,成熟的女人、口交、已婚婦女、新娘、年輕妻子、凌辱、中出、高畫質、出軌、戲劇、單體作品、DMM獨家,北条麻妃,https://www.javbus.com/GML-113
JUQ-368 ビジホの受付嬢にイカされ続ける3泊4日―。 独り身の地方出張を狙う搾精ルームサービス 北条麻妃,JUQ-368 ビジホの受付嬢にイカされ続ける3泊4日―。 独り身の地方出張を狙う搾精ルームサービス 北条麻妃,JUQ-368,2023-09-08,140分鐘,小山雅継,マドンナ,Madonna,,蕩婦、成熟的女人、連褲襪、已婚婦女、高畫質、ホテル、單體作品、DMM獨家,北条麻妃,https://www.javbus.com/JUQ-368
SAN-167 美神降臨！これが史上最高峰女優の競演！北条麻妃＆波多野結衣,SAN-167 美神降臨！これが史上最高峰女優の競演！北条麻妃＆波多野結衣,SAN-167,2023-08-31,249分鐘,,マザー,マザー（マザー）,,合集、已婚婦女、通姦、中出、4小時以上作品、高畫質、出軌,多人,https://www.javbus.com/SAN-167
JUMS-035 発射数100発OVER！！ 妻と絶倫の後輩を2人きりにして3時間…抜かずの追撃中出しで妻を奪われた僕のNTR話,JUMS-035 発射数100発OVER！！ 妻と絶倫の後輩を2人きりにして3時間…抜かずの追撃中出しで妻を奪われた僕のNTR話,JUMS-035,2023-08-25,480分鐘,,マドンナ,Madonna,愛を確かめたくて妻と絶倫の○○を2人きりにして3時間…,成熟的女人、已婚婦女、通姦、中出、高畫質、出軌、DMM獨家,多人,https://www.javbus.com/JUMS-035
JUQ-357 女上司 言いなり性玩具残業～密かに憧れてた上司・麻妃さんの弱みを握って僕だけの性処理カノジョにしたんだ～ 北条麻妃,JUQ-357 女上司 言いなり性玩具残業～密かに憧れてた上司・麻妃さんの弱みを握って僕だけの性処理カノジョにしたんだ～ 北条麻妃,JUQ-357,2023-08-04,120分鐘,高杉涼,マドンナ,Madonna,,成熟的女人、苗條、各種職業、已婚婦女、數位馬賽克、羞恥、高畫質、單體作品、DMM獨家,北条麻妃,https://www.javbus.com/JUQ-357
JUMS-030 ダイヤモンドのように輝くS級人妻たちと過ごす至極の1ヵ月！！ Madonna美熟女SEXカレンダー2023 16時間,JUMS-030 ダイヤモンドのように輝くS級人妻たちと過ごす至極の1ヵ月！！ Madonna美熟女SEXカレンダー2023 16時間,JUMS-030,2023-07-21,960分鐘,,マドンナ,Madonna,Madonna美熟女SEXカレンダー,成熟的女人、合集、已婚婦女、數位馬賽克、高畫質、DMM獨家,多人,https://www.javbus.com/JUMS-030
FTKR-003 【お中元】【激選17作品】豪華2424分 人妻・熟女・巨乳・中出し・NTR 多彩なジャンルのバラエティー福袋,FTKR-003 【お中元】【激選17作品】豪華2424分 人妻・熟女・巨乳・中出し・NTR 多彩なジャンルのバラエティー福袋,FTKR-003,2023-07-14,2424分鐘,,タカラ映像,,タカラ映像,成熟的女人、已婚婦女、中出、高畫質、出軌、16時間以上作品、設置項目、巨乳、福袋、DMM獨家,多人,https://www.javbus.com/FTKR-003
GMSP-004 【お中元】夏の熟女ソープ祭！！ 麗しの熟女湯屋 ねっとり濃厚ぬるべちょ熟女の和風ソープ 25人2466分！！ 絶頂必至の絶品テクニックで泡まみれローションまみれの快楽フルコース！ 豪華女優の泡姫を大量収録でたっぷりシッポリ堪能できる極上風俗,GMSP-004 【お中元】夏の熟女ソープ祭！！ 麗しの熟女湯屋 ねっとり濃厚ぬるべちょ熟女の和風ソープ 25人2466分！！ 絶頂必至の絶品テクニックで泡まみれローションまみれの快楽フルコース！ 豪華女優の泡姫を大量収録でたっぷりシッポリ堪能できる極上風俗,GMSP-004,2023-07-14,2466分鐘,,グローバルメディアエンタテインメント,,,和服・喪服、成熟的女人、乳液、主觀視角、高畫質、16時間以上作品、設置項目、ヘルス・ソープ、福袋、DMM獨家,多人,https://www.javbus.com/GMSP-004
JUMS-028 「お願い…もうやめて…中にだけは出しちゃダメえぇぇえ！！」 望まない中出し性交で、皮肉にも絶頂してしまった人妻 56連発12時間BEST,JUMS-028 「お願い…もうやめて…中にだけは出しちゃダメえぇぇえ！！」 望まない中出し性交で、皮肉にも絶頂してしまった人妻 56連発12時間BEST,JUMS-028,2023-07-07,720分鐘,,マドンナ,Madonna,望まない中出し性交で、皮肉にも絶頂してしまった人妻,成熟的女人、合集、已婚婦女、數位馬賽克、中出、高畫質、DMM獨家,多人,https://www.javbus.com/JUMS-028
ACHJ-012 パンストでしか射精できないM男が心底溺れる高級コールガール 北条麻妃,ACHJ-012 パンストでしか射精できないM男が心底溺れる高級コールガール 北条麻妃,ACHJ-012,2023-07-07,150分鐘,高円寺☆ゴロー,マドンナ,ACHIJO（アチージョ）,,成熟的女人、連褲襪、已婚婦女、數位馬賽克、中出、高畫質、單體作品、DMM獨家,北条麻妃,https://www.javbus.com/ACHJ-012
RAI-003 【AIリマスター版】変態解禁 野外浣腸と変顔と露出 北条麻妃,RAI-003 【AIリマスター版】変態解禁 野外浣腸と変顔と露出 北条麻妃,RAI-003,2023-06-13,155分鐘,桜庭九心男,プールクラブ・エンタテインメント,PASSION,AIリマスター（プールクラブ・エンタテインメント）,成熟的女人、野外・露出、灌腸、拘束、羞恥、高畫質、單體作品,北条麻妃,https://www.javbus.com/RAI-003
JUQ-279 「アナタが二度と浮気できないように、射精管理してあげる…。」 嫁の母に浮気がバレて、寸止め生殺しSEXでたっぷりシゴかれた僕。 北条麻妃,JUQ-279 「アナタが二度と浮気できないように、射精管理してあげる…。」 嫁の母に浮気がバレて、寸止め生殺しSEXでたっぷりシゴかれた僕。 北条麻妃,JUQ-279,2023-06-09,140分鐘,ユニコーン福田,マドンナ,Madonna,嫁の母に浮気がバレて、寸止め生殺しSEXでたっぷりシゴかれた僕。,蕩婦、成熟的女人、已婚婦女、數位馬賽克、中出、婆婆、高畫質、單體作品、DMM獨家,北条麻妃,https://www.javbus.com/JUQ-279
JUMS-024 他人棒の激ピスで曲線美を描く鬼反り立ちバック 怒涛の100連オーバー大絶頂RUSH,JUMS-024 他人棒の激ピスで曲線美を描く鬼反り立ちバック 怒涛の100連オーバー大絶頂RUSH,JUMS-024,2023-06-09,480分鐘,,マドンナ,Madonna,,成熟的女人、合集、已婚婦女、數位馬賽克、高畫質、バック、DMM獨家,多人,https://www.javbus.com/JUMS-024
LZBS-095 レズれ！の出演女優さんからアンケートを取ったら一番気持ち良かったプレイが「キス手マン」でした。 子宮こねくり回し絶頂厳選ベスト5時間,LZBS-095 レズれ！の出演女優さんからアンケートを取ったら一番気持ち良かったプレイが「キス手マン」でした。 子宮こねくり回し絶頂厳選ベスト5時間,LZBS-095,2023-05-20,301分鐘,,レズれ！,レズれ！ ベスト,,女同性戀、舔陰、4小時以上作品、手指插入、女同接吻、高畫質、DMM獨家,多人,https://www.javbus.com/LZBS-095
HYJD-004 御客様感謝大盤振舞特別作品！！ シリーズ別ドラマベストBOX 豪華5枚組50作品収録1200分 ドラマもエロもたっぷり堪能できる…,HYJD-004 御客様感謝大盤振舞特別作品！！ シリーズ別ドラマベストBOX 豪華5枚組50作品収録1200分 ドラマもエロもたっぷり堪能できる…,HYJD-004,2023-05-20,1200分鐘,,グローバルメディアエンタテインメント,ハイパー熟道,,成熟的女人、合集、已婚婦女、戲劇、DMM獨家,多人,https://www.javbus.com/HYJD-004
JUMS-022 人妻の理性がチ○ポに狂わされる串刺し乱交BEST 8時間,JUMS-022 人妻の理性がチ○ポに狂わされる串刺し乱交BEST 8時間,JUMS-022,2023-05-19,480分鐘,,マドンナ,Madonna,,成熟的女人、濫交、合集、已婚婦女、數位馬賽克、中出、高畫質、DMM獨家,多人,https://www.javbus.com/JUMS-022
JUQ-259 「お願いします！ナマでヤラせてください！」 押しに弱い叔母さんに頼み込んで筆下ろししてもらった僕。あまりに気持ち良すぎてゴムを使い切ってしまったので…。 北条麻妃,JUQ-259 「お願いします！ナマでヤラせてください！」 押しに弱い叔母さんに頼み込んで筆下ろししてもらった僕。あまりに気持ち良すぎてゴムを使い切ってしまったので…。 北条麻妃,JUQ-259,2023-05-05,120分鐘,河合穣治,マドンナ,Madonna,,成熟的女人、苗條、已婚婦女、數位馬賽克、中出、高畫質、處男、單體作品、DMM獨家,北条麻妃,https://www.javbus.com/JUQ-259
MDON-035 配信限定 マドンナ専属女優の『リアル』解禁。 MADOOOON！！！！ 北条麻妃 ハメ撮り,MDON-035 配信限定 マドンナ専属女優の『リアル』解禁。 MADOOOON！！！！ 北条麻妃 ハメ撮り,MDON-035,2023-05-02,66分鐘,,マドンナ,MADOOOON！！！！,MADOOOON！！！！ ハメ撮り,成熟的女人、苗條、第一人稱攝影、已婚婦女、高畫質、單體作品、4K、DMM獨家,北条麻妃,https://www.javbus.com/MDON-035
GML-045 熟悦ハレンチ 「旦那のいない白昼！主婦狙いレ●プの約三分の一は被害者の自宅で起きている！！」●●学校犯●れママ友3実話！ パート1 北条麻妃,GML-045 熟悦ハレンチ 「旦那のいない白昼！主婦狙いレ●プの約三分の一は被害者の自宅で起きている！！」●●学校犯●れママ友3実話！ パート1 北条麻妃,GML-045,2023-04-28,41分鐘,,グローバルメディアエンタテインメント,グローバルメディアライト,旦那のいない白昼！,成熟的女人、母親、已婚婦女、纪录片、高畫質、巨乳、單體作品、DMM獨家,北条麻妃,https://www.javbus.com/GML-045
KANZ-270 S級美熟女列伝 960分 完全盤6枚組,KANZ-270 S級美熟女列伝 960分 完全盤6枚組,KANZ-270,2023-04-20,777分鐘,,ネクスト,完全盤,,成熟的女人、合集、中出、4小時以上作品,多人,https://www.javbus.com/KANZ-270
NASH-870 ねぇ、おばさんとセックスしてみない！？貴方の家の近くにもきっといる…硬くて大きなチ○ポを妄想してはヤれる男を探してるご近所不倫願望のエッチなおばさん,NASH-870 ねぇ、おばさんとセックスしてみない！？貴方の家の近くにもきっといる…硬くて大きなチ○ポを妄想してはヤれる男を探してるご近所不倫願望のエッチなおばさん,NASH-870,2023-04-08,241分鐘,長澤純,なでしこ,Nadeshiko,,成熟的女人、已婚婦女、通姦、4小時以上作品、高畫質、戲劇、DMM獨家,多人,https://www.javbus.com/NASH-870
RBFB-001 【祝春ギフト】母子交尾の神髄を堪能せよ！！！,RBFB-001 【祝春ギフト】母子交尾の神髄を堪能せよ！！！,RBFB-001,2023-04-07,1679分鐘,,ルビー,旅路,母子交尾,成熟的女人、母親、亂倫、中出、高畫質、16時間以上作品、設置項目、旅行、福袋、DMM獨家,多人,https://www.javbus.com/RBFB-001
ACHJ-009 『男責め』リミッター∞解除！！暴走モード超・突入！！男を知り尽くした美熟女による制御不能のど痴女AV！！それが！！アチージョ！！！！ 時には勝手に痴女りたい…。Madonna専属 究極美熟女『北条麻妃』お貸しします―。,ACHJ-009 『男責め』リミッター∞解除！！暴走モード超・突入！！男を知り尽くした美熟女による制御不能のど痴女AV！！それが！！アチージョ！！！！ 時には勝手に痴女りたい…。Madonna専属 究極美熟女『北条麻妃』お貸しします―。,ACHJ-009,2023-04-07,140分鐘,さもあり,マドンナ,ACHIJO（アチージョ）,究極美熟女『○○』お貸しします─。,蕩婦、成熟的女人、已婚婦女、纪录片、數位馬賽克、乳房、高畫質、單體作品、DMM獨家,北条麻妃,https://www.javbus.com/ACHJ-009
MCSR-00520 母性溢れる熟女の施し 息子の勃起ペニスを受け入れてしまう美熟母たち 18人5時間,MCSR-00520 母性溢れる熟女の施し 息子の勃起ペニスを受け入れてしまう美熟母たち 18人5時間,MCSR-00520,2023-03-25,300分鐘,金子次郎,ビッグモーカル,マスカット,,成熟的女人、亂倫、已婚婦女、中出、4小時以上作品、高畫質、巨乳,多人,https://www.javbus.com/MCSR-00520
JUQ-193 母をイジメっ子の同級生にNTRれたいじめられっ子の僕 北条麻妃,JUQ-193 母をイジメっ子の同級生にNTRれたいじめられっ子の僕 北条麻妃,JUQ-193,2023-03-10,120分鐘,河合穣治,マドンナ,Madonna,母をイジメっ子の同級生にNTRれたいじめられっ子の僕,成熟的女人、苗條、母親、已婚婦女、數位馬賽克、高畫質、出軌、單體作品、DMM獨家,北条麻妃,https://www.javbus.com/JUQ-193
MCSX-001 【史上最強激安】極上美人妻福袋 超 長尺4320分超 大漁 252人 爆乳 中出し 熟女,MCSX-001 【史上最強激安】極上美人妻福袋 超 長尺4320分超 大漁 252人 爆乳 中出し 熟女,MCSX-001,2023-02-25,4320分鐘,,ビッグモーカル,マスカット,【史上最強激安】○○福袋,已婚婦女、高畫質、巨乳,多人,https://www.javbus.com/MCSX-001
OPBD-208 働くお姉さん達にグチョグチャ糞ハラスメント調教BEST,OPBD-208 働くお姉さん達にグチョグチャ糞ハラスメント調教BEST,OPBD-208,2023-02-24,240分鐘,,オペラ,OPERA,,OL、糞便、女教師、合集、高畫質、DMM獨家,多人,https://www.javbus.com/OPBD-208
RBB-251 やっぱりマ●コに種付けがしたい！ 溜め込んだ精子を子宮にぶちまける瞬間が最高に気持ちいいドックドク中出しBEST 8時間,RBB-251 やっぱりマ●コに種付けがしたい！ 溜め込んだ精子を子宮にぶちまける瞬間が最高に気持ちいいドックドク中出しBEST 8時間,RBB-251,2023-02-10,480分鐘,,ROOKIE,ROOKIE,,合集、美少女、中出、女上位、高畫質、バック、DMM獨家,多人,https://www.javbus.com/RBB-251
LZBS-091 ねっちょりマ●コ舐めで連続絶頂！クリちゅぱベロ挿入ズッボズボでイカせまくるレズクンニ100連発 厳選ベスト5時間,LZBS-091 ねっちょりマ●コ舐めで連続絶頂！クリちゅぱベロ挿入ズッボズボでイカせまくるレズクンニ100連発 厳選ベスト5時間,LZBS-091,2023-01-21,304分鐘,,レズれ！,レズれ！ ベスト,,女同性戀、舔陰、4小時以上作品、女同接吻、高畫質、巨乳、DMM獨家,多人,https://www.javbus.com/LZBS-091
JUMS-006 妻の妊娠中、オナニーすらも禁じられた僕は上京してきたお義母さんに何度も種付けSEXをしてしまった…。 総集編8時間,JUMS-006 妻の妊娠中、オナニーすらも禁じられた僕は上京してきたお義母さんに何度も種付けSEXをしてしまった…。 総集編8時間,JUMS-006,2023-01-20,480分鐘,,マドンナ,Madonna,妻の妊娠中、オナニーすらも禁じられた僕は…,成熟的女人、合集、已婚婦女、數位馬賽克、中出、高畫質、DMM獨家,多人,https://www.javbus.com/JUMS-006
CVDA-011 彼女の母 Complete SP1,CVDA-011 彼女の母 Complete SP1,CVDA-011,2023-01-19,839分鐘,,センタービレッジ,大人になったらセンタービレッジ。,彼女の母（センタービレッジ）,成熟的女人、合集、已婚婦女、中出、4小時以上作品、高畫質,多人,https://www.javbus.com/CVDA-011
SAN-096 これが至高の美魔女！たっぷり北条麻妃デラックス,SAN-096 これが至高の美魔女！たっぷり北条麻妃デラックス,SAN-096,2023-01-17,260分鐘,,マザー,マザー（マザー）,,合集、已婚婦女、纪录片、通姦、4小時以上作品、高畫質、出軌、單體作品,北条麻妃,https://www.javbus.com/SAN-096
KSBJ-232 剛毛美熟女BEST17人VOL.02,KSBJ-232 剛毛美熟女BEST17人VOL.02,KSBJ-232,2023-01-14,243分鐘,,KSB企画/エマニエル,KSB企画/エマニエル,剛毛美熟女BEST,成熟的女人、其他戀物癖、合集、中出、4小時以上作品、高畫質、エマニエル、DMM獨家,多人,https://www.javbus.com/KSBJ-232
JUMS-004 母の友人 総集編 12時間（JUMS-004）,JUMS-004 母の友人 総集編 12時間（JUMS-004）,JUMS-004,2023-01-06,720分鐘,,マドンナ,Madonna,母の友人,成熟的女人、合集、已婚婦女、數位馬賽克、高畫質、戲劇、DMM獨家,多人,https://www.javbus.com/JUMS-004
JUVR-159 【VR】『あーあ、もう帰れなくなっちゃったね』確信犯的にホテルへ連れ込み僕を●す女上司 新卒の僕は一歩も動けずに朝まで中出しさせられ続けてしまった。 北条麻妃,JUVR-159 【VR】『あーあ、もう帰れなくなっちゃったね』確信犯的にホテルへ連れ込み僕を●す女上司 新卒の僕は一歩も動けずに朝まで中出しさせられ続けてしまった。 北条麻妃,JUVR-159,2022-12-23,81分鐘,ジーニアス膝,マドンナ,MadonnaVR,,蕩婦、成熟的女人、各種職業、已婚婦女、VR専用、ハイクオリティVR、女上司、單體作品、DMM獨家,北条麻妃,https://www.javbus.com/JUVR-159
JUMS-002 僕を女手一つで育ててくれた、最愛の義母が…義姉が…義妹が…最低な友人に寝取られて… 総集編8時間,JUMS-002 僕を女手一つで育ててくれた、最愛の義母が…義姉が…義妹が…最低な友人に寝取られて… 総集編8時間,JUMS-002,2022-12-23,480分鐘,,マドンナ,Madonna,僕を女手一つで育ててくれた、最愛の義母が最低な友人に寝取られて…,成熟的女人、合集、已婚婦女、數位馬賽克、高畫質、出軌、巨尻、DMM獨家,多人,https://www.javbus.com/JUMS-002
JFB-306 Fitch15周年記念第4弾 極上フェラチオで射精直前の1番気持ち良い瞬間150連発8時間BEST,JFB-306 Fitch15周年記念第4弾 極上フェラチオで射精直前の1番気持ち良い瞬間150連発8時間BEST,JFB-306,2022-12-16,480分鐘,,Fitch,Fitch,,口交、合集、數位馬賽克、高畫質、顏射、巨乳、DMM獨家、吞精,多人,https://www.javbus.com/JFB-306
JUQ-167 いつでも、どこでも、何度でも… 僕の新婚生活が崩壊するまで隣人に中出し搾精されて…。 北条麻妃,JUQ-167 いつでも、どこでも、何度でも… 僕の新婚生活が崩壊するまで隣人に中出し搾精されて…。 北条麻妃,JUQ-167,2022-12-09,120分鐘,木村浩之,マドンナ,Madonna,僕の新婚生活が崩壊するまで隣人に中出し搾精されて…。,成熟的女人、苗條、已婚婦女、數位馬賽克、通姦、中出、高畫質、單體作品、DMM獨家,北条麻妃,https://www.javbus.com/JUQ-167
REVDD-035 【AIリマスター版】秘書in...（脅迫スイートルーム） 北条麻妃,REVDD-035 【AIリマスター版】秘書in...（脅迫スイートルーム） 北条麻妃,REVDD-035,2022-12-09,109分鐘,沢庵,ドリームチケット,VIVID（ドリームチケット）,WAAPグループ AIリマスター,企畫、潮吹、多P、秘書、凌辱、女上位、高畫質、按摩棒、單體作品,北条麻妃,https://www.javbus.com/REVDD-035
NAGM-001 【福袋】衝撃の美熟女レ●プ 32人 1135分！！ 強●魔・媚薬漬け・ママ友連鎖・自宅被害・泥沼一族争い… リアルレ●プドキュメントドラマ5作品ノーカット収録！お客様感謝祭スペシャルセット！,NAGM-001 【福袋】衝撃の美熟女レ●プ 32人 1135分！！ 強●魔・媚薬漬け・ママ友連鎖・自宅被害・泥沼一族争い… リアルレ●プドキュメントドラマ5作品ノーカット収録！お客様感謝祭スペシャルセット！,NAGM-001,2022-11-18,1136分鐘,,なでしこ,,,成熟的女人、已婚婦女、高畫質、出軌、戲劇、16時間以上作品、設置項目、巨乳、DMM獨家,多人,https://www.javbus.com/NAGM-001
JUSD-998 北条麻妃 マドンナ専属3rdBEST 3枚組12時間,JUSD-998 北条麻妃 マドンナ専属3rdBEST 3枚組12時間,JUSD-998,2022-11-18,720分鐘,,マドンナ,Madonna,,成熟的女人、已婚婦女、數位馬賽克、高畫質、戲劇、女優ベスト・総集編、單體作品、DMM獨家,北条麻妃,https://www.javbus.com/JUSD-998
JFB-304 Fitch15周年記念第2弾 歴代デカ尻女優の圧倒的ド迫力で迫るSEX 大ボリュームの尻三昧！75SEX12時間BEST！,JFB-304 Fitch15周年記念第2弾 歴代デカ尻女優の圧倒的ド迫力で迫るSEX 大ボリュームの尻三昧！75SEX12時間BEST！,JFB-304,2022-11-11,720分鐘,,Fitch,Fitch,,胖女人、合集、數位馬賽克、中出、高畫質、巨尻、DMM獨家,多人,https://www.javbus.com/JFB-304
JUQ-144 愛する夫の為に、身代わり週末肉便器。 超絶倫極悪オヤジに、孕むまで何度も中出しされ続けて…。 北条麻妃,JUQ-144 愛する夫の為に、身代わり週末肉便器。 超絶倫極悪オヤジに、孕むまで何度も中出しされ続けて…。 北条麻妃,JUQ-144,2022-11-04,150分鐘,ユニコーン福田,マドンナ,Madonna,愛する夫の為に、身代わり週末肉便器。,成熟的女人、苗條、已婚婦女、數位馬賽克、中出、高畫質、單體作品、DMM獨家,北条麻妃,https://www.javbus.com/JUQ-144
MBYD-369 No.1絶頂体位！人妻と同時イキする106連発正常位中出しベスト,MBYD-369 No.1絶頂体位！人妻と同時イキする106連発正常位中出しベスト,MBYD-369,2022-10-14,480分鐘,,溜池ゴロー,溜池ゴロー,,合集、已婚婦女、通姦、中出、高畫質、出軌、DMM獨家,多人,https://www.javbus.com/MBYD-369
JUQ-118 「娘じゃなくて私がいいの？」性に無知な娘の彼氏を舌先で虜に…1から教えるねっとり濃密ベロキス性交逆NTR 北条麻妃,JUQ-118 「娘じゃなくて私がいいの？」性に無知な娘の彼氏を舌先で虜に…1から教えるねっとり濃密ベロキス性交逆NTR 北条麻妃,JUQ-118,2022-10-07,150分鐘,金田一小五郎,マドンナ,Madonna,,成熟的女人、母親、已婚婦女、數位馬賽克、高畫質、出軌、キス・接吻、單體作品、DMM獨家,北条麻妃,https://www.javbus.com/JUQ-118
JUSD-989 禁欲明けで飢えた男の濃厚精子を膣奥に注がれて…不貞種付けSEXに溺れた人妻たち 8時間BEST,JUSD-989 禁欲明けで飢えた男の濃厚精子を膣奥に注がれて…不貞種付けSEXに溺れた人妻たち 8時間BEST,JUSD-989,2022-09-09,480分鐘,,マドンナ,Madonna,,成熟的女人、合集、已婚婦女、數位馬賽克、中出、高畫質、DMM獨家,多人,https://www.javbus.com/JUSD-989
JUQ-084 息子の友達の制御不能な絶倫交尾でイカされ続けて… 北条麻妃,JUQ-084 息子の友達の制御不能な絶倫交尾でイカされ続けて… 北条麻妃,JUQ-084,2022-09-09,150分鐘,肉尊,マドンナ,Madonna,息子の友達の制御不能な絶倫交尾でイカされ続けて…,成熟的女人、已婚婦女、數位馬賽克、通姦、高畫質、デカチン・巨根、汗だく、單體作品、DMM獨家,北条麻妃,https://www.javbus.com/JUQ-084
JUSD-990 射精直前のフェラチオ＆激ピストンラッシュ！！ 極濃ザーメンを人妻の美顔にドビュルルッッ！ 大量顔射 145連発BEST,JUSD-990 射精直前のフェラチオ＆激ピストンラッシュ！！ 極濃ザーメンを人妻の美顔にドビュルルッッ！ 大量顔射 145連発BEST,JUSD-990,2022-09-09,480分鐘,,マドンナ,Madonna,,成熟的女人、合集、已婚婦女、數位馬賽克、高畫質、顏射、DMM獨家,多人,https://www.javbus.com/JUSD-990
HMIX-014 夏の昭和の物語 戦時・戦後を生きる女たちの生々しい性物語 10人 4時間,HMIX-014 夏の昭和の物語 戦時・戦後を生きる女たちの生々しい性物語 10人 4時間,HMIX-014,2022-08-20,240分鐘,,グローバルメディアエンタテインメント,ハイパーミックス（グローバルメディアエンタテインメント）,,成熟的女人、合集、戲劇、DMM獨家,多人,https://www.javbus.com/HMIX-014
JUSD-988 「イヤぁ…もう許して…あッ、中は、中はダメぇぇぇぇ！！」望まない中出し性交で、皮肉にも絶頂してしまった人妻 12時間BEST,JUSD-988 「イヤぁ…もう許して…あッ、中は、中はダメぇぇぇぇ！！」望まない中出し性交で、皮肉にも絶頂してしまった人妻 12時間BEST,JUSD-988,2022-08-19,720分鐘,,マドンナ,Madonna,望まない中出し性交で、皮肉にも絶頂してしまった人妻,成熟的女人、合集、已婚婦女、數位馬賽克、凌辱、中出、高畫質、DMM獨家,多人,https://www.javbus.com/JUSD-988
DVAJ-590 Hなお姉さんがM男クンのお宅に訪問してご奉仕しまくりBEST,DVAJ-590 Hなお姉さんがM男クンのお宅に訪問してご奉仕しまくりBEST,DVAJ-590,2022-08-06,301分鐘,神田うさぎ,アリスJAPAN,アリスJAPAN,,蕩婦、合集、4小時以上作品、高畫質、M男、ファン感謝・訪問、DMM獨家,多人,https://www.javbus.com/DVAJ-590
JUQ-053 毎晩響く隣の奥さんの喘ぎ声が気になった僕は… ～欲求不満な人妻と汗だくになってヤリまくった昼下がり～ 北条麻妃,JUQ-053 毎晩響く隣の奥さんの喘ぎ声が気になった僕は… ～欲求不満な人妻と汗だくになってヤリまくった昼下がり～ 北条麻妃,JUQ-053,2022-08-05,120分鐘,河合穣治,マドンナ,Madonna,,蕩婦、成熟的女人、苗條、已婚婦女、數位馬賽克、通姦、高畫質、單體作品、DMM獨家,北条麻妃,https://www.javbus.com/JUQ-053
RBB-240 【夏のSUPER SALE！！】 超特盛りSUMMER SALE 2022 興奮度MAX 200％の厳選200作品16時間special,RBB-240 【夏のSUPER SALE！！】 超特盛りSUMMER SALE 2022 興奮度MAX 200％の厳選200作品16時間special,RBB-240,2022-08-05,960分鐘,,ROOKIE,ROOKIE,,合集、各種職業、美少女、高畫質、巨乳、DMM獨家,多人,https://www.javbus.com/RBB-240
JUSD-986 汗ほとばしる人妻の圧倒的な腰振りで、一度も腰を動かさずに射精してしまった。総集編12時間,JUSD-986 汗ほとばしる人妻の圧倒的な腰振りで、一度も腰を動かさずに射精してしまった。総集編12時間,JUSD-986,2022-08-05,720分鐘,,マドンナ,Madonna,一度も腰を動かせずに射精してしまった。,成熟的女人、合集、已婚婦女、數位馬賽克、女上位、高畫質、汗だく、DMM獨家,多人,https://www.javbus.com/JUSD-986
MMFK-001 【福袋】レジェンド美熟女スペシャルベスト 40時間 2400分【FANZA限定】,MMFK-001 【福袋】レジェンド美熟女スペシャルベスト 40時間 2400分【FANZA限定】,MMFK-001,2022-08-01,2435分鐘,,Mellow Moon（メロウムーン）,,,成熟的女人、中出、高畫質、16時間以上作品、福袋、DMM獨家,多人,https://www.javbus.com/MMFK-001
MCSR-490 ヒストリーオブ不倫旅行 2 24人の人妻とゆく、一泊二日不貞の旅 すずきりりか 北条麻妃 仲間麗奈,MCSR-490 ヒストリーオブ不倫旅行 2 24人の人妻とゆく、一泊二日不貞の旅 すずきりりか 北条麻妃 仲間麗奈,MCSR-490,2022-07-23,300分鐘,,ビッグモーカル,マスカット,ヒストリーオブ不倫旅行,已婚婦女、通姦、4小時以上作品,多人,https://www.javbus.com/MCSR-490
MCSR-00490 ヒストリーオブ不倫旅行2 24人の人妻とゆく、一泊二日不貞の旅,MCSR-00490 ヒストリーオブ不倫旅行2 24人の人妻とゆく、一泊二日不貞の旅,MCSR-00490,2022-07-23,300分鐘,金子次郎,ビッグモーカル,マスカット,ヒストリーオブ不倫旅行,已婚婦女、4小時以上作品、高畫質、温泉、巨乳,多人,https://www.javbus.com/MCSR-00490
JUSD-984 アナタの1ヵ月とオナニーライフを彩る、S級人妻31人-。 Madonna美熟女SEXカレンダー2022 16時間,JUSD-984 アナタの1ヵ月とオナニーライフを彩る、S級人妻31人-。 Madonna美熟女SEXカレンダー2022 16時間,JUSD-984,2022-07-22,960分鐘,,マドンナ,Madonna,Madonna美熟女SEXカレンダー,成熟的女人、合集、已婚婦女、數位馬賽克、乳房、DMM獨家,多人,https://www.javbus.com/JUSD-984
JUQ-022 息子の友人ともう5年間、セフレ関係を続けています―。 年下の子と不埒な火遊び…中出し情事に溺れる私。 北条麻妃,JUQ-022 息子の友人ともう5年間、セフレ関係を続けています―。 年下の子と不埒な火遊び…中出し情事に溺れる私。 北条麻妃,JUQ-022,2022-07-08,120分鐘,昇天シロー,マドンナ,Madonna,,成熟的女人、已婚婦女、數位馬賽克、通姦、乳房、中出、高畫質、單體作品、DMM獨家,北条麻妃,https://www.javbus.com/JUQ-022
JUSD-978 卒業式の後に…大人になった君へ義母からの贈り物―。総集編8時間,JUSD-978 卒業式の後に…大人になった君へ義母からの贈り物―。総集編8時間,JUSD-978,2022-06-10,480分鐘,,マドンナ,Madonna,卒業式の後に…大人になった君へ義母からの贈り物―。,成熟的女人、合集、已婚婦女、數位馬賽克、中出、婆婆、DMM獨家,多人,https://www.javbus.com/JUSD-978
JUL-988 初キス×初SEX×初中出し 倦怠期の義姉にボクの‘初めて‘を全て奪われて―。 北条麻妃,JUL-988 初キス×初SEX×初中出し 倦怠期の義姉にボクの‘初めて‘を全て奪われて―。 北条麻妃,JUL-988,2022-06-10,120分鐘,きとるね川口,マドンナ,Madonna,,成熟的女人、已婚婦女、姐姐、數位馬賽克、高畫質、處男、キス・接吻、單體作品、DMM獨家,北条麻妃,https://www.javbus.com/JUL-988
MBYD-359 「ひどい…非道すぎる…」悔しくてたまらないのにただ腰を振るしかない屈従人妻騎乗位BEST,MBYD-359 「ひどい…非道すぎる…」悔しくてたまらないのにただ腰を振るしかない屈従人妻騎乗位BEST,MBYD-359,2022-05-13,240分鐘,,溜池ゴロー,溜池ゴロー,,合集、已婚婦女、中出、女上位、DMM獨家,多人,https://www.javbus.com/MBYD-359
JUL-958 僕を女手一つで育ててくれた、最愛の義母が最低な友人に寝取られて… 北条麻妃,JUL-958 僕を女手一つで育ててくれた、最愛の義母が最低な友人に寝取られて… 北条麻妃,JUL-958,2022-05-06,120分鐘,昇天シロー,マドンナ,Madonna,僕を女手一つで育ててくれた、最愛の義母が最低な友人に寝取られて…,成熟的女人、已婚婦女、數位馬賽克、通姦、乳房、高畫質、出軌、單體作品、DMM獨家,北条麻妃,https://www.javbus.com/JUL-958
ZZZM-124 お色気美人の艶やかなアクメ姿 北条麻妃 Part.4,ZZZM-124 お色気美人の艶やかなアクメ姿 北条麻妃 Part.4,ZZZM-124,2022-04-26,19分鐘,,メスイキ,メスイキ,お色気美人の艶やかなアクメ姿,成熟的女人、連褲襪、主觀視角、高畫質、單體作品,北条麻妃,https://www.javbus.com/ZZZM-124
ZZZM-123 お色気美人の艶やかなアクメ姿 北条麻妃 Part.3,ZZZM-123 お色気美人の艶やかなアクメ姿 北条麻妃 Part.3,ZZZM-123,2022-04-26,20分鐘,,メスイキ,メスイキ,お色気美人の艶やかなアクメ姿,成熟的女人、連褲襪、主觀視角、高畫質、單體作品,北条麻妃,https://www.javbus.com/ZZZM-123
ZZZM-122 お色気美人の艶やかなアクメ姿 北条麻妃 Part.2,ZZZM-122 お色気美人の艶やかなアクメ姿 北条麻妃 Part.2,ZZZM-122,2022-04-26,15分鐘,,メスイキ,メスイキ,お色気美人の艶やかなアクメ姿,成熟的女人、連褲襪、主觀視角、高畫質、單體作品,北条麻妃,https://www.javbus.com/ZZZM-122
ZZZM-121 お色気美人の艶やかなアクメ姿 北条麻妃 Part.1,ZZZM-121 お色気美人の艶やかなアクメ姿 北条麻妃 Part.1,ZZZM-121,2022-04-26,20分鐘,,メスイキ,メスイキ,お色気美人の艶やかなアクメ姿,成熟的女人、連褲襪、主觀視角、高畫質、單體作品,北条麻妃,https://www.javbus.com/ZZZM-121
MKMP-450 K.M.Produce創立20周年記念作品 激アツの精子を子宮にぶちまける中出しのエッグいSEX100人斬り2枚組8時間,MKMP-450 K.M.Produce創立20周年記念作品 激アツの精子を子宮にぶちまける中出しのエッグいSEX100人斬り2枚組8時間,MKMP-450,2022-04-23,482分鐘,,ケイ・エム・プロデュース,million（ミリオン）,,合集、美少女、中出、4小時以上作品、高畫質、巨乳、DMM獨家,多人,https://www.javbus.com/MKMP-450
LZBS-082 逃げ場のない密室で一日中イカされ続けレズの虜になった女たち 厳選ベスト5時間,LZBS-082 逃げ場のない密室で一日中イカされ続けレズの虜になった女たち 厳選ベスト5時間,LZBS-082,2022-04-23,300分鐘,,レズれ！,レズれ！ ベスト,,女同性戀、合集、乳房、巨乳、DMM獨家,多人,https://www.javbus.com/LZBS-082
JUL-927 「ごめんね、もう我慢できないの…」息子の友達に欲情してしまった私は…。 北条麻妃,JUL-927 「ごめんね、もう我慢できないの…」息子の友達に欲情してしまった私は…。 北条麻妃,JUL-927,2022-04-08,120分鐘,ドラゴン西川,マドンナ,Madonna,,蕩婦、成熟的女人、苗條、已婚婦女、數位馬賽克、高畫質、處男、單體作品、DMM獨家,北条麻妃,https://www.javbus.com/JUL-927
UREC-003 人妻×温泉 熟れコミ秘湯コレクション8時間 火照りゆく素肌、’浴衣’と’理性’が徐々に緩んで―。,UREC-003 人妻×温泉 熟れコミ秘湯コレクション8時間 火照りゆく素肌、’浴衣’と’理性’が徐々に緩んで―。,UREC-003,2022-04-08,480分鐘,,マドンナ,熟れコミ,,成熟的女人、合集、已婚婦女、數位馬賽克、温泉、原作コラボ、DMM獨家,多人,https://www.javbus.com/UREC-003
ATKD-331 拷問無残 本格ハードSM 8時間 BEST,ATKD-331 拷問無残 本格ハードSM 8時間 BEST,ATKD-331,2022-04-01,480分鐘,朝霧浄,アタッカーズ,Attackers BEST,拷問無残,SM、紧缚、合集、巨乳、DMM獨家,多人,https://www.javbus.com/ATKD-331
JUSD-969 2021年Madonna全452タイトル 12時間 ￥1980,JUSD-969 2021年Madonna全452タイトル 12時間 ￥1980,JUSD-969,2022-03-18,720分鐘,,マドンナ,Madonna,,成熟的女人、合集、各種職業、已婚婦女、數位馬賽克、DMM獨家,多人,https://www.javbus.com/JUSD-969
OPBD-196 糞汁大噴射BEST 26作品4時間,OPBD-196 糞汁大噴射BEST 26作品4時間,OPBD-196,2022-03-18,240分鐘,,オペラ,OPERA,,糞便、排便、合集、灌腸、巨尻、DMM獨家,多人,https://www.javbus.com/OPBD-196
JUVR-140 【VR】奇跡の初VR共演！！ 町内会の奥様たちと逆NTR不倫温泉下見旅行,JUVR-140 【VR】奇跡の初VR共演！！ 町内会の奥様たちと逆NTR不倫温泉下見旅行,JUVR-140,2022-03-15,161分鐘,きとるね川口,マドンナ,MadonnaVR,,蕩婦、成熟的女人、已婚婦女、通姦、温泉、VR専用、ハイクオリティVR、DMM獨家,多人,https://www.javbus.com/JUVR-140
RBB-230 女の子多数と男1人の幸せすぎるよりどりハーレムタイム8時間 もうチ○ポがもちませーーーん！！！,RBB-230 女の子多数と男1人の幸せすぎるよりどりハーレムタイム8時間 もうチ○ポがもちませーーーん！！！,RBB-230,2022-03-04,480分鐘,,ROOKIE,ROOKIE,ROOKIEベスト,蕩婦、濫交、多P、ハーレム、キス・接吻、DMM獨家,多人,https://www.javbus.com/RBB-230
JUL-895 入社時から憧れていた北条先輩が研修旅行で同僚に輪●されても、僕は興奮して立ち尽くすだけだった…。 北条麻妃,JUL-895 入社時から憧れていた北条先輩が研修旅行で同僚に輪●されても、僕は興奮して立ち尽くすだけだった…。 北条麻妃,JUL-895,2022-03-04,150分鐘,ユニコーン福田,マドンナ,Madonna,,成熟的女人、已婚婦女、數位馬賽克、高畫質、戲劇、女上司、單體作品、DMM獨家,北条麻妃,https://www.javbus.com/JUL-895
KMDS-20541 カマタ映像美熟女ベスト 奇跡の美貌マドンナ20人240分2,KMDS-20541 カマタ映像美熟女ベスト 奇跡の美貌マドンナ20人240分2,KMDS-20541,2022-02-25,241分鐘,,カマタ映像,カマタ映像,カマタ映像 ○○ベスト,成熟的女人、4小時以上作品,多人,https://www.javbus.com/KMDS-20541
BKSP-305-F 女の子のオシッコ 4時間 Vol.4,BKSP-305-F 女の子のオシッコ 4時間 Vol.4,BKSP-305-F,2022-02-23,240分鐘,,アイエナジー,BKSP,,羞恥、ベスト、総集編,多人,https://www.javbus.com/BKSP-305-F
HMIX-009 衝撃の人妻レ●プ事件！！ 無茶苦茶に犯●れ望まない快楽に悶えイキ！！ 20人 4時間,HMIX-009 衝撃の人妻レ●プ事件！！ 無茶苦茶に犯●れ望まない快楽に悶えイキ！！ 20人 4時間,HMIX-009,2022-02-19,240分鐘,,グローバルメディアエンタテインメント,ハイパーミックス（グローバルメディアエンタテインメント）,,成熟的女人、野外・露出、合集、DMM獨家,多人,https://www.javbus.com/HMIX-009
MBYD-353 「もうイッてるってばー！」年下男の絶倫すぎるエネルギッシュピストンに欲求不満の人妻たちが何度も快感堕ちBEST,MBYD-353 「もうイッてるってばー！」年下男の絶倫すぎるエネルギッシュピストンに欲求不満の人妻たちが何度も快感堕ちBEST,MBYD-353,2022-02-11,240分鐘,,溜池ゴロー,溜池ゴロー,,合集、已婚婦女、中出、出軌、DMM獨家,多人,https://www.javbus.com/MBYD-353
MLSM-061 S級美熟女ベスト 北条麻妃 4時間 淫乱女王マドンナ3！,MLSM-061 S級美熟女ベスト 北条麻妃 4時間 淫乱女王マドンナ3！,MLSM-061,2022-02-05,240分鐘,,Mellow Moon（メロウムーン）,Mellow Moon（メロウムーン）,美熟女ベスト,成熟的女人、苗條、乳房、中出、女上位、單體作品、DMM獨家,北条麻妃,https://www.javbus.com/MLSM-061
JUL-862 汗ほとばしる人妻の圧倒的な腰振りで、僕は一度も腰を動かさずに中出ししてしまった。 北条麻妃,JUL-862 汗ほとばしる人妻の圧倒的な腰振りで、僕は一度も腰を動かさずに中出ししてしまった。 北条麻妃,JUL-862,2022-02-04,120分鐘,小山雅継,マドンナ,Madonna,一度も腰を動かせずに射精してしまった。,成熟的女人、已婚婦女、數位馬賽克、中出、女上位、高畫質、汗だく、單體作品、DMM獨家,北条麻妃,https://www.javbus.com/JUL-862
JUSD-961 地元へ帰省した三日間、ずっと憧れていた最愛の人と時を忘れて愛し合った記録―。 総集編8時間,JUSD-961 地元へ帰省した三日間、ずっと憧れていた最愛の人と時を忘れて愛し合った記録―。 総集編8時間,JUSD-961,2022-01-21,480分鐘,,マドンナ,Madonna,地元へ帰省した三日間、人妻になっていた憧れの○○,成熟的女人、合集、已婚婦女、數位馬賽克、通姦、乳房、DMM獨家,多人,https://www.javbus.com/JUSD-961
JUSD-963 快感でヒクつく人妻マ○コに大量発射！！ 射精直前の激ピス中出しラッシュ202発！！,JUSD-963 快感でヒクつく人妻マ○コに大量発射！！ 射精直前の激ピス中出しラッシュ202発！！,JUSD-963,2022-01-21,480分鐘,,マドンナ,Madonna,,成熟的女人、合集、已婚婦女、數位馬賽克、中出、DMM獨家,多人,https://www.javbus.com/JUSD-963
DVAJ-555 顔に膣内にドピュドピュ出しまくる気持ちいい射精の瞬間104連発,DVAJ-555 顔に膣内にドピュドピュ出しまくる気持ちいい射精の瞬間104連発,DVAJ-555,2022-01-08,300分鐘,神田うさぎ,アリスJAPAN,アリスJAPAN,,合集、中出、4小時以上作品、高畫質、顏射、男の潮吹き、DMM獨家,多人,https://www.javbus.com/DVAJ-555
JUSD-959 人妻の脳内がチ○ポに支配される串刺し乱交BEST 8時間,JUSD-959 人妻の脳内がチ○ポに支配される串刺し乱交BEST 8時間,JUSD-959,2022-01-07,480分鐘,,マドンナ,Madonna,,成熟的女人、濫交、口交、合集、已婚婦女、數位馬賽克、DMM獨家,多人,https://www.javbus.com/JUSD-959
JUL-827 夫の上司に飾られた 人妻ボディアクセサリー 北条麻妃,JUL-827 夫の上司に飾られた 人妻ボディアクセサリー 北条麻妃,JUL-827,2022-01-07,140分鐘,小山雅継,マドンナ,Madonna,夫の上司に飾られた 人妻ボディアクセサリー,已婚婦女、數位馬賽克、乳房、羞恥、高畫質、出軌、單體作品、DMM獨家,北条麻妃,https://www.javbus.com/JUL-827
YVG-036 黒光するデカマラ黒人とチ○ポを愉しむ美熟女たち8時間16人,YVG-036 黒光するデカマラ黒人とチ○ポを愉しむ美熟女たち8時間16人,YVG-036,2021-12-18,480分鐘,,グローリークエスト,GLORY QUEST,,合集、多P、デカチン・巨根、DMM獨家、黑人演員,多人,https://www.javbus.com/YVG-036
JUL-798 愛を確かめたくて妻と絶倫の後輩を2人きりにして3時間…抜かずの追撃中出し計16発で妻を奪われた僕のNTR話 北条麻妃,JUL-798 愛を確かめたくて妻と絶倫の後輩を2人きりにして3時間…抜かずの追撃中出し計16発で妻を奪われた僕のNTR話 北条麻妃,JUL-798,2021-12-10,130分鐘,三島六三郎,マドンナ,Madonna,愛を確かめたくて妻と絶倫の○○を2人きりにして3時間…,成熟的女人、已婚婦女、數位馬賽克、乳房、中出、高畫質、出軌、單體作品、DMM獨家,北条麻妃,https://www.javbus.com/JUL-798
JUSD-954 膣奥を貫く激ピスRUSH！！絶頂回数200回！！ デカチ○SEXに抗えない人妻達 8時間,JUSD-954 膣奥を貫く激ピスRUSH！！絶頂回数200回！！ デカチ○SEXに抗えない人妻達 8時間,JUSD-954,2021-12-10,480分鐘,,マドンナ,Madonna,,成熟的女人、已婚婦女、數位馬賽克、通姦、戲劇、デカチン・巨根、DMM獨家,多人,https://www.javbus.com/JUSD-954
HODV-21636 h.m.p 平成女神伝説2,HODV-21636 h.m.p 平成女神伝説2,HODV-21636,2021-12-03,1001分鐘,,h.m.p,h.m.p,h.m.p 平成女神伝説,成熟的女人、合集、美少女、複刻版、16時間以上作品、巨乳,多人,https://www.javbus.com/HODV-21636
KND-024 黒人巨大マラvs日本人美女 輪●陵●大乱交マ●コ破壊FUCK！！ 10枚組 1290分,KND-024 黒人巨大マラvs日本人美女 輪●陵●大乱交マ●コ破壊FUCK！！ 10枚組 1290分,KND-024,2021-11-20,1290分鐘,,グローバルメディアエンタテインメント,長期熟成グローバル,黒人巨大マラ VS,成熟的女人、合集、凌辱、DMM獨家、黑人演員,多人,https://www.javbus.com/KND-024
HMIX-006 濃厚ねっとり美熟女レズビアン 女体が絡み快楽を貪り合う美しく卑猥な同性交尾 10組 4時間,HMIX-006 濃厚ねっとり美熟女レズビアン 女体が絡み快楽を貪り合う美しく卑猥な同性交尾 10組 4時間,HMIX-006,2021-11-20,240分鐘,,グローバルメディアエンタテインメント,ハイパーミックス（グローバルメディアエンタテインメント）,,成熟的女人、女同性戀、合集、女同接吻、DMM獨家,多人,https://www.javbus.com/HMIX-006
NXG-367 S級熟女 ヘﾞストセレクション 伝説の美熟女 北条麻妃,NXG-367 S級熟女 ヘﾞストセレクション 伝説の美熟女 北条麻妃,NXG-367,2021-11-20,120分鐘,,STAR PARADISE,ネクストグループ,,成熟的女人、中出、高畫質、出軌、戲劇、部下・同僚、單體作品,北条麻妃,https://www.javbus.com/NXG-367
JUL-773 マンションの上階に住むのは部長夫妻。決してバレてはイケないご近所付き合い…。上司の奥さんに搾精され続ける社宅生活。 北条麻妃,JUL-773 マンションの上階に住むのは部長夫妻。決してバレてはイケないご近所付き合い…。上司の奥さんに搾精され続ける社宅生活。 北条麻妃,JUL-773,2021-11-05,120分鐘,木村浩之,マドンナ,Madonna,,蕩婦、成熟的女人、苗條、已婚婦女、數位馬賽克、高畫質、戲劇、單體作品、DMM獨家,北条麻妃,https://www.javbus.com/JUL-773
BMW-244 男なら一生に一度は媚薬でキマッた美女を生ハメ中出しで突きまくりたい…よな？！発禁覚悟のヤバ過ぎ50本番,BMW-244 男なら一生に一度は媚薬でキマッた美女を生ハメ中出しで突きまくりたい…よな？！発禁覚悟のヤバ過ぎ50本番,BMW-244,2021-10-29,240分鐘,,ワンズファクトリー,WANZ,,合集、花癡、美少女、中出、巨乳、DMM獨家,多人,https://www.javbus.com/BMW-244
MCSR-458 死ぬまでに1発ヤリたい！！ 不倫してでも中出ししたいエロ熟女4時間！！ 北条麻妃、五十嵐しのぶ、本真ゆり…他 センズリ中毒注意！！人妻エロSEX10人！！,MCSR-458 死ぬまでに1発ヤリたい！！ 不倫してでも中出ししたいエロ熟女4時間！！ 北条麻妃、五十嵐しのぶ、本真ゆり…他 センズリ中毒注意！！人妻エロSEX10人！！,MCSR-458,2021-10-23,239分鐘,枡郭雄,ビッグモーカル,マスカット,,成熟的女人、已婚婦女、高畫質、出軌,多人,https://www.javbus.com/MCSR-458
OPBD-191 スカトロ初解禁BEST,OPBD-191 スカトロ初解禁BEST,OPBD-191,2021-10-22,240分鐘,,オペラ,OPERA,,糞便、排便、合集、巨尻、巨乳、DMM獨家,多人,https://www.javbus.com/OPBD-191
CADV-827 CRYSTAL THE BEST 8時間 2020 下半期,CADV-827 CRYSTAL THE BEST 8時間 2020 下半期,CADV-827,2021-10-09,479分鐘,,クリスタル映像,CRYSTAL EX,CRYSTAL THE BEST,玩具、第一人稱攝影、紧缚、合集、已婚婦女、美少女、中出、4小時以上作品、高畫質、處男、温泉、巨乳、DMM獨家、女傭、學校泳裝,多人,https://www.javbus.com/CADV-827
JUL-739 誰もが憧れる美人な女社長なのに…。ボクを異常に溺愛する麻妃叔母さん 北条麻妃,JUL-739 誰もが憧れる美人な女社長なのに…。ボクを異常に溺愛する麻妃叔母さん 北条麻妃,JUL-739,2021-10-08,132分鐘,よーすけ,マドンナ,Madonna,,成熟的女人、苗條、已婚婦女、數位馬賽克、中出、高畫質、M男、單體作品、DMM獨家,北条麻妃,https://www.javbus.com/JUL-739
KSBJ-160 美しい胸とクビレが堪らない！Sライン女優12人,KSBJ-160 美しい胸とクビレが堪らない！Sライン女優12人,KSBJ-160,2021-10-02,240分鐘,,KSB企画/エマニエル,KSB企画/エマニエル,,苗條、合集、乳房、4小時以上作品、高畫質、巨乳、エマニエル、DMM獨家,多人,https://www.javbus.com/KSBJ-160
HMIX-004 厳選！！ 麗しの熟女湯屋 ヌルべちょ熟女の中出しソープ 20人 4時間,HMIX-004 厳選！！ 麗しの熟女湯屋 ヌルべちょ熟女の中出しソープ 20人 4時間,HMIX-004,2021-09-25,240分鐘,,グローバルメディアエンタテインメント,ハイパーミックス（グローバルメディアエンタテインメント）,中出しソープ,成熟的女人、合集、乳液、主觀視角、高畫質、ヘルス・ソープ、DMM獨家,多人,https://www.javbus.com/HMIX-004
JUSD-945 北条麻妃 マドンナ専属2ndBEST 4枚組16時間 ～人妻・熟女界のレジェンド、全33本番SPECIAL～,JUSD-945 北条麻妃 マドンナ専属2ndBEST 4枚組16時間 ～人妻・熟女界のレジェンド、全33本番SPECIAL～,JUSD-945,2021-09-24,960分鐘,,マドンナ,Madonna,,成熟的女人、已婚婦女、數位馬賽克、乳房、女優ベスト・総集編、單體作品、DMM獨家,北条麻妃,https://www.javbus.com/JUSD-945
JUSD-943 「ダメっ…中だけは絶対出しちゃダメぇぇぇぇ！！」望まない中出しSEXの快感に抗えず絶頂を繰り返す人妻 49連発 12時間,JUSD-943 「ダメっ…中だけは絶対出しちゃダメぇぇぇぇ！！」望まない中出しSEXの快感に抗えず絶頂を繰り返す人妻 49連発 12時間,JUSD-943,2021-09-10,720分鐘,,マドンナ,Madonna,,成熟的女人、合集、已婚婦女、數位馬賽克、中出、DMM獨家,多人,https://www.javbus.com/JUSD-943
JUL-705 卒業式の後に…大人になった君へ義母からの贈り物―。 マドンナ専属美熟女が艶やかな色気で門出を祝う―。 北条麻妃,JUL-705 卒業式の後に…大人になった君へ義母からの贈り物―。 マドンナ専属美熟女が艶やかな色気で門出を祝う―。 北条麻妃,JUL-705,2021-09-10,120分鐘,ひむろっく,マドンナ,Madonna,卒業式の後に…大人になった君へ義母からの贈り物―。,成熟的女人、已婚婦女、數位馬賽克、中出、婆婆、高畫質、處男、單體作品、DMM獨家,北条麻妃,https://www.javbus.com/JUL-705
MCSR-450 こんにちは。近所に住むスケベな変態おばさん18人4時間,MCSR-450 こんにちは。近所に住むスケベな変態おばさん18人4時間,MCSR-450,2021-08-28,245分鐘,亀ヶ島三郎,ビッグモーカル,マスカット,,成熟的女人、其他戀物癖、已婚婦女、通姦、4小時以上作品、高畫質,多人,https://www.javbus.com/MCSR-450
REAL-775 「こ、これ以上はもうムリぃぃぃぃぃぃぃぃ」アクメ美女56名の限界を超えた極限エクスタシー！！大大大絶頂102連発BEST！！4時間,REAL-775 「こ、これ以上はもうムリぃぃぃぃぃぃぃぃ」アクメ美女56名の限界を超えた極限エクスタシー！！大大大絶頂102連発BEST！！4時間,REAL-775,2021-08-21,245分鐘,K太郎,レアルワークス,REAL（レアルワークス）,,合集、花癡、高中女生、アクメ・オーガズム、DMM獨家,多人,https://www.javbus.com/REAL-775
JUSD-940 イチオシ！！S級人妻たちを日替わり堪能できる1ヵ月！！ Madonna美熟女SEXカレンダー2021 16時間,JUSD-940 イチオシ！！S級人妻たちを日替わり堪能できる1ヵ月！！ Madonna美熟女SEXカレンダー2021 16時間,JUSD-940,2021-08-20,960分鐘,,マドンナ,Madonna,Madonna美熟女SEXカレンダー,成熟的女人、合集、已婚婦女、數位馬賽克、乳房、DMM獨家,多人,https://www.javbus.com/JUSD-940
JUSD-941 射精直前のフェラチオ＆激ピストンラッシュ 極濃ザーメンを人妻のトロけ顔にブチ撒ける大量顔射 179連発BEST,JUSD-941 射精直前のフェラチオ＆激ピストンラッシュ 極濃ザーメンを人妻のトロけ顔にブチ撒ける大量顔射 179連発BEST,JUSD-941,2021-08-20,480分鐘,,マドンナ,Madonna,,成熟的女人、合集、已婚婦女、數位馬賽克、顏射、DMM獨家,多人,https://www.javbus.com/JUSD-941
JUL-673 妻の妊娠中、オナニーすらも禁じられた僕は上京してきた義母・麻妃さんに何度も種付けSEXをしてしまった…。 北条麻妃,JUL-673 妻の妊娠中、オナニーすらも禁じられた僕は上京してきた義母・麻妃さんに何度も種付けSEXをしてしまった…。 北条麻妃,JUL-673,2021-07-30,120分鐘,三島六三郎,マドンナ,Madonna,,成熟的女人、已婚婦女、數位馬賽克、通姦、中出、婆婆、高畫質、單體作品、DMM獨家,北条麻妃,https://www.javbus.com/JUL-673
BDSR-455 騎乗位の人妻たち 欲情妻36人4時間,BDSR-455 騎乗位の人妻たち 欲情妻36人4時間,BDSR-455,2021-07-24,240分鐘,メカテス武田,ビッグモーカル,ビッグモーカル,,其他戀物癖、已婚婦女、女上位、高畫質、巨乳,多人,https://www.javbus.com/BDSR-455
HYJD-002 グローバルメディア20周年記念特別作品！！ 最新人気シリーズベストBOX 豪華5枚組100作品収録1200分 今回のためだけに新規編集でオイシイところだけ詰め込んだヌキどころ満載の大満足な20時間,HYJD-002 グローバルメディア20周年記念特別作品！！ 最新人気シリーズベストBOX 豪華5枚組100作品収録1200分 今回のためだけに新規編集でオイシイところだけ詰め込んだヌキどころ満載の大満足な20時間,HYJD-002,2021-07-18,1200分鐘,,グローバルメディアエンタテインメント,ハイパー熟道,,成熟的女人、合集、已婚婦女、戲劇、DMM獨家,多人,https://www.javbus.com/HYJD-002
NANX-232 綺麗でエッチなおねえさんが街でウブそうな素人女子をレズナンパ 3,NANX-232 綺麗でエッチなおねえさんが街でウブそうな素人女子をレズナンパ 3,NANX-232,2021-07-18,240分鐘,長澤純,ナンパHEAVEN,ナンパHEAVEN,綺麗でエッチなおねえさんが街でウブそうな素人女子をレズナンパ,女同性戀、獵豔、姐姐、女同接吻、高畫質、DMM獨家,多人,https://www.javbus.com/NANX-232
JUL-650 由愛可奈10周年記念！！初共演＆初レズ作品！！ 同窓会レズビアン・ラプソディ 10年間、想い焦がれた元教え子と再会の果てに…。,JUL-650 由愛可奈10周年記念！！初共演＆初レズ作品！！ 同窓会レズビアン・ラプソディ 10年間、想い焦がれた元教え子と再会の果てに…。,JUL-650,2021-07-17,120分鐘,豆沢豆太郎,マドンナ,Madonna,,成熟的女人、女同性戀、已婚婦女、數位馬賽克、乳房、高畫質、DMM獨家,多人,https://www.javbus.com/JUL-650
AVS-025 【お中元セット】猛暑の中でもヌキまくり！日頃の感謝を込めて贈るAVScollector’sスペシャルエロギフト1740分,AVS-025 【お中元セット】猛暑の中でもヌキまくり！日頃の感謝を込めて贈るAVScollector’sスペシャルエロギフト1740分,AVS-025,2021-07-16,1746分鐘,木村浩之,AVS collector’s,,,成熟的女人、淫語、拘束、高畫質、16時間以上作品、巨乳、福袋、DMM獨家,多人,https://www.javbus.com/AVS-025
FKHUNT-002 【VRお中元セット】大ヒット作詰め合わせ！ノーカット2177分完全収録！ 夏バテをぶっ飛ばせ！納涼大放出祭り！忘れられない夏にしようぜ！2021,FKHUNT-002 【VRお中元セット】大ヒット作詰め合わせ！ノーカット2177分完全収録！ 夏バテをぶっ飛ばせ！納涼大放出祭り！忘れられない夏にしようぜ！2021,FKHUNT-002,2021-07-16,2183分鐘,,Hunter,,,成熟的女人、女同性戀、姐姐、巨尻、VR専用、巨乳、ハイクオリティVR、福袋、DMM獨家,多人,https://www.javbus.com/FKHUNT-002
KSBJ-145 やっぱり熟女が一番エロい！！22人,KSBJ-145 やっぱり熟女が一番エロい！！22人,KSBJ-145,2021-07-15,243分鐘,,KSB企画/エマニエル,KSB企画/エマニエル,,成熟的女人、合集、已婚婦女、中出、高畫質、エマニエル、DMM獨家,多人,https://www.javbus.com/KSBJ-145
NASH-533 大人の色香漂うフェロモン美熟女に中出し12人,NASH-533 大人の色香漂うフェロモン美熟女に中出し12人,NASH-533,2021-07-10,241分鐘,,なでしこ,Nadeshiko,,成熟的女人、合集、中出、巨乳、DMM獨家,多人,https://www.javbus.com/NASH-533
NASH-532 熟女レズビアン ねっとり濃厚ヌルべちょ同性愛交尾 10名 240分,NASH-532 熟女レズビアン ねっとり濃厚ヌルべちょ同性愛交尾 10名 240分,NASH-532,2021-07-10,240分鐘,,なでしこ,Nadeshiko,熟女レズビアン,成熟的女人、女同性戀、合集、ディルド、DMM獨家,多人,https://www.javbus.com/NASH-532
JUSD-934 美熟女と少年が最高潮に燃え上がる年の差セックス31人 8時間,JUSD-934 美熟女と少年が最高潮に燃え上がる年の差セックス31人 8時間,JUSD-934,2021-07-02,480分鐘,,マドンナ,Madonna,燃え上がる年の差セックス,成熟的女人、合集、已婚婦女、數位馬賽克、通姦、汗だく、DMM獨家,多人,https://www.javbus.com/JUSD-934
MCSR-441 禁断の性的介護 下半身の世話好きヘルパーたち 10人4時間,MCSR-441 禁断の性的介護 下半身の世話好きヘルパーたち 10人4時間,MCSR-441,2021-06-26,244分鐘,亀ヶ島三郎,ビッグモーカル,マスカット,,其他戀物癖、各種職業、4小時以上作品、高畫質、お爺ちゃん、お婆ちゃん,多人,https://www.javbus.com/MCSR-441
LZBS-072 熟ビアン じっとりねっとり熟練テクと美熟女の反応がよすぎて暴走 イキ過ぎレズSEX 厳選ベスト5時間,LZBS-072 熟ビアン じっとりねっとり熟練テクと美熟女の反応がよすぎて暴走 イキ過ぎレズSEX 厳選ベスト5時間,LZBS-072,2021-06-17,300分鐘,,レズれ！,レズれ！ ベスト,,成熟的女人、女同性戀、合集、女同接吻、高畫質、DMM獨家,多人,https://www.javbus.com/LZBS-072
J-99112 一つ屋根の下の性交 妻におじいちゃんも発射 北条麻妃,J-99112 一つ屋根の下の性交 妻におじいちゃんも発射 北条麻妃,J-99112,2021-06-05,10分鐘,,JUKUJO99,JUKUJO99,一つ屋根の下の性交,成熟的女人、口交、中出、高畫質、巨乳、單體作品、DMM獨家,北条麻妃,https://www.javbus.com/J-99112
JUSD-931 許されぬ関係離れ難い2人 チェックアウト前の惜別性交 8時間,JUSD-931 許されぬ関係離れ難い2人 チェックアウト前の惜別性交 8時間,JUSD-931,2021-06-04,480分鐘,,マドンナ,Madonna,,成熟的女人、合集、已婚婦女、數位馬賽克、通姦、戲劇、DMM獨家,多人,https://www.javbus.com/JUSD-931
JUL-603 『終電…、なくなっちゃったね…。』 不敵な笑みで年下男を誘う、人妻女上司と一夜の過ち―。 北条麻妃,JUL-603 『終電…、なくなっちゃったね…。』 不敵な笑みで年下男を誘う、人妻女上司と一夜の過ち―。 北条麻妃,JUL-603,2021-06-04,120分鐘,三島六三郎,マドンナ,Madonna,『終電…、なくなっちゃったね…。』,成熟的女人、已婚婦女、數位馬賽克、乳房、中出、高畫質、女上司、單體作品、DMM獨家,北条麻妃,https://www.javbus.com/JUL-603
NACX-081 スレンダー熟女中出し18人BEST,NACX-081 スレンダー熟女中出し18人BEST,NACX-081,2021-06-01,244分鐘,,プラネットプラス,七狗留,,成熟的女人、苗條、合集、中出、4小時以上作品、高畫質,多人,https://www.javbus.com/NACX-081
RASH-011 女の口はエロス溢れる性器なり 神淫語 4時間BEST,RASH-011 女の口はエロス溢れる性器なり 神淫語 4時間BEST,RASH-011,2021-05-22,245分鐘,ラッシャーみよし,AVS collector’s,AVSCollector’s,神淫語,成熟的女人、合集、淫語、高畫質、巨尻、巨乳、DMM獨家,多人,https://www.javbus.com/RASH-011
NASH-509 永遠のマドンナ美熟女SuperBEST21人,NASH-509 永遠のマドンナ美熟女SuperBEST21人,NASH-509,2021-05-22,241分鐘,,なでしこ,Nadeshiko,,成熟的女人、乳房、女優ベスト・総集編、巨乳、DMM獨家,多人,https://www.javbus.com/NASH-509
JUVR-107 【VR】全タイトルSEXシーンノーカット収録！！ 人妻・熟女No.1メーカーMadonna専属女優ベスト465分,JUVR-107 【VR】全タイトルSEXシーンノーカット収録！！ 人妻・熟女No.1メーカーMadonna専属女優ベスト465分,JUVR-107,2021-05-19,461分鐘,,マドンナ,MadonnaVR,,蕩婦、成熟的女人、已婚婦女、通姦、4小時以上作品、出軌、VR専用、ハイクオリティVR、DMM獨家,多人,https://www.javbus.com/JUVR-107
RBB-209 発射寸前！ 我慢汁垂れ流しの気持ちいいフェラチオ160連射8時間（RBB-209）,RBB-209 発射寸前！ 我慢汁垂れ流しの気持ちいいフェラチオ160連射8時間（RBB-209）,RBB-209,2021-05-14,480分鐘,,ROOKIE,ROOKIE,発射寸前！ 我慢汁垂れ流しの気持ちいいフェラチオ,口交、合集、美少女、顏射、DMM獨家,多人,https://www.javbus.com/RBB-209
JUSD-927 2020年Madonna全353タイトル 12時間 ￥1980,JUSD-927 2020年Madonna全353タイトル 12時間 ￥1980,JUSD-927,2021-05-01,720分鐘,,マドンナ,Madonna,,成熟的女人、合集、已婚婦女、數位馬賽克、通姦、DMM獨家,多人,https://www.javbus.com/JUSD-927
JUL-569 『そんな濡れた目で見つめられたら、犯したくなってしまう。』 犯●れて助けを求めてきた、ずっとずっと憧れていた美人妻の乱れた姿に興奮して追姦レ×プしてしまった。 北条麻妃,JUL-569 『そんな濡れた目で見つめられたら、犯したくなってしまう。』 犯●れて助けを求めてきた、ずっとずっと憧れていた美人妻の乱れた姿に興奮して追姦レ×プしてしまった。 北条麻妃,JUL-569,2021-05-01,120分鐘,豆沢豆太郎,マドンナ,Madonna,,成熟的女人、苗條、已婚婦女、數位馬賽克、乳房、中出、高畫質、單體作品、DMM獨家,北条麻妃,https://www.javbus.com/JUL-569
STDDT-070 【お得セット】まとめて抜ける！！ チンポコ・マグニチュード シリーズ 3 北条麻妃 RUMIKA 三浦芽依,STDDT-070 【お得セット】まとめて抜ける！！ チンポコ・マグニチュード シリーズ 3 北条麻妃 RUMIKA 三浦芽依,STDDT-070,2021-04-25,360分鐘,K*WEST,ドグマ,ドグマ（お得セット）,チンポコ・マグニチュード,蕩婦、女上位、4小時以上作品、顏面騎乘、設置項目、DMM獨家、打手槍,多人,https://www.javbus.com/STDDT-070
HMIX-001 衝撃映像記録 人妻レ●プ事件簿 強●され望まない快楽に悶絶イキ！！ 20人4時間,HMIX-001 衝撃映像記録 人妻レ●プ事件簿 強●され望まない快楽に悶絶イキ！！ 20人4時間,HMIX-001,2021-04-18,240分鐘,,グローバルメディアエンタテインメント,ハイパーミックス（グローバルメディアエンタテインメント）,,成熟的女人、已婚婦女、凌辱、巨乳、DMM獨家,多人,https://www.javbus.com/HMIX-001
REAL-767 極上のしゃぶり音 フェラ・イラマ BEST 240分！！,REAL-767 極上のしゃぶり音 フェラ・イラマ BEST 240分！！,REAL-767,2021-04-18,240分鐘,K太郎,レアルワークス,REAL（レアルワークス）,,口交、其他戀物癖、合集、深喉、DMM獨家,多人,https://www.javbus.com/REAL-767
RBB-207 2人だけの空間で時間も忘れて性欲に溺れる貪りSEX 相部屋BEST8時間,RBB-207 2人だけの空間で時間も忘れて性欲に溺れる貪りSEX 相部屋BEST8時間,RBB-207,2021-04-14,480分鐘,,ROOKIE,ROOKIE,,合集、各種職業、中出、出軌、DMM獨家,多人,https://www.javbus.com/RBB-207
J-99094 熟女濃厚レズ 北条麻妃X川上ゆう 口にめがけて放尿編,J-99094 熟女濃厚レズ 北条麻妃X川上ゆう 口にめがけて放尿編,J-99094,2021-04-04,23分鐘,,JUKUJO99,JUKUJO99,熟女濃厚レズ,成熟的女人、OL、放尿、女同性戀、高畫質、DMM獨家,多人,https://www.javbus.com/J-99094
JUL-532 外回り中に突然の大雨―。ビジネスホテルと間違えて、雨宿り先はラブホテル…。 北条麻妃,JUL-532 外回り中に突然の大雨―。ビジネスホテルと間違えて、雨宿り先はラブホテル…。 北条麻妃,JUL-532,2021-04-02,120分鐘,富丈太郎,マドンナ,Madonna,雨宿り先はラブホテル…。,成熟的女人、連褲襪、已婚婦女、數位馬賽克、通姦、高畫質、戲劇、單體作品、DMM獨家,北条麻妃,https://www.javbus.com/JUL-532
JUSD-921 Madonna2020年下半期全173タイトルBEST 8時間,JUSD-921 Madonna2020年下半期全173タイトルBEST 8時間,JUSD-921,2021-03-21,480分鐘,,マドンナ,Madonna,,成熟的女人、合集、已婚婦女、纪录片、數位馬賽克、戲劇、DMM獨家,多人,https://www.javbus.com/JUSD-921
JUL-500 「ねぇ？あなた、本当に童貞なの？」～童貞詐欺にイカされ続けた人妻～ 北条麻妃,JUL-500 「ねぇ？あなた、本当に童貞なの？」～童貞詐欺にイカされ続けた人妻～ 北条麻妃,JUL-500,2021-03-06,130分鐘,富丈太郎,マドンナ,Madonna,「ねぇ？あなた、本当に童貞なの？」～童貞詐欺にイカされ続けた人妻～,成熟的女人、苗條、已婚婦女、數位馬賽克、通姦、高畫質、戲劇、單體作品、DMM獨家,北条麻妃,https://www.javbus.com/JUL-500
MLSM-037 S級美熟女ベスト 北条麻妃 4時間 淫乱女王マドンナ2！,MLSM-037 S級美熟女ベスト 北条麻妃 4時間 淫乱女王マドンナ2！,MLSM-037,2021-02-07,240分鐘,,Mellow Moon（メロウムーン）,Mellow Moon（メロウムーン）,美熟女ベスト,成熟的女人、乳房、中出、女上位、單體作品、DMM獨家,北条麻妃,https://www.javbus.com/MLSM-037
JUL-465 送迎手の僕は社長夫人と不貞ドライブへ―。 北条麻妃,JUL-465 送迎手の僕は社長夫人と不貞ドライブへ―。 北条麻妃,JUL-465,2021-02-06,150分鐘,木村浩之,マドンナ,Madonna,,成熟的女人、苗條、已婚婦女、數位馬賽克、通姦、高畫質、戲劇、單體作品、DMM獨家,北条麻妃,https://www.javbus.com/JUL-465
JUVR-090 【VR】本番NGメンズエステで寸止め＆淫語囁きで焦らされ続け余りの気持ちよさに理性崩壊…堪えきれずに射精懇願した僕 北条麻妃,JUVR-090 【VR】本番NGメンズエステで寸止め＆淫語囁きで焦らされ続け余りの気持ちよさに理性崩壊…堪えきれずに射精懇願した僕 北条麻妃,JUVR-090,2021-02-05,95分鐘,きとるね川口,マドンナ,MadonnaVR,,蕩婦、成熟的女人、苗條、淫語、美容院、VR専用、ハイクオリティVR、單體作品、DMM獨家,北条麻妃,https://www.javbus.com/JUVR-090
PYU-127 まさに熟れ頃のスレンダーな美熟女を活きのいいチ●ポでもてなしてイカセまくってあげました！ 北条麻妃,PYU-127 まさに熟れ頃のスレンダーな美熟女を活きのいいチ●ポでもてなしてイカセまくってあげました！ 北条麻妃,PYU-127,2021-02-01,38分鐘,,カムカムぴゅっ！,,,成熟的女人、苗條、連褲襪、女上位、高畫質、キス・接吻、單體作品,北条麻妃,https://www.javbus.com/PYU-127
J-99074 セレブ妻のパンツをムリやり脱がして中出し 北条麻妃,J-99074 セレブ妻のパンツをムリやり脱がして中出し 北条麻妃,J-99074,2021-01-25,19分鐘,,JUKUJO99,JUKUJO99,セレブ妻のパンツをムリやり脱がして中出し,已婚婦女、多P、中出、高畫質、巨乳、單體作品、DMM獨家,北条麻妃,https://www.javbus.com/J-99074
UMSO-359 全裸でお掃除する女性をただただ観察するビデオ24人 VOL.03 巨乳人妻編,UMSO-359 全裸でお掃除する女性をただただ観察するビデオ24人 VOL.03 巨乳人妻編,UMSO-359,2021-01-15,243分鐘,,ケイ・エム・プロデュース,UMANAMI,全裸でお掃除する女性をただただ観察するビデオ,合集、已婚婦女、戀乳癖、屁股、4小時以上作品、高畫質,多人,https://www.javbus.com/UMSO-359
NACX-070 レジェンド美熟女12人BEST,NACX-070 レジェンド美熟女12人BEST,NACX-070,2021-01-01,243分鐘,,プラネットプラス,七狗留,,苗條、合集、4小時以上作品、高畫質、巨乳,多人,https://www.javbus.com/NACX-070
JUSD-911 0.02mmの距離さえもどかしい-。不貞中出し性交BEST 8時間,JUSD-911 0.02mmの距離さえもどかしい-。不貞中出し性交BEST 8時間,JUSD-911,2020-12-31,480分鐘,,マドンナ,Madonna,,成熟的女人、合集、已婚婦女、數位馬賽克、中出、戲劇、DMM獨家,多人,https://www.javbus.com/JUSD-911
JUL-434 こんなおばさんだけど、本当に私でいいの…？ ～甥と一つ屋根の下で激情に身を委ねる不倫性交～ 北条麻妃,JUL-434 こんなおばさんだけど、本当に私でいいの…？ ～甥と一つ屋根の下で激情に身を委ねる不倫性交～ 北条麻妃,JUL-434,2020-12-31,120分鐘,ビバ☆ゴンゾ,マドンナ,Madonna,こんなおばさんだけど、本当に私でいいの…？,蕩婦、成熟的女人、苗條、已婚婦女、數位馬賽克、通姦、高畫質、單體作品、DMM獨家,北条麻妃,https://www.javbus.com/JUL-434
JUSD-909 射精直前のフェラチオ＆激ピストンラッシュ！！ 特濃ザーメンを綺麗な顔にぶっかける大量顔射100連発BEST,JUSD-909 射精直前のフェラチオ＆激ピストンラッシュ！！ 特濃ザーメンを綺麗な顔にぶっかける大量顔射100連発BEST,JUSD-909,2020-12-20,240分鐘,,マドンナ,Madonna,,成熟的女人、口交、合集、已婚婦女、數位馬賽克、顏射、DMM獨家,多人,https://www.javbus.com/JUSD-909
RBB-198 2020年上半期大集結！！ 超豪華21メーカー新作346タイトル特大16時間BOX,RBB-198 2020年上半期大集結！！ 超豪華21メーカー新作346タイトル特大16時間BOX,RBB-198,2020-12-17,960分鐘,,ROOKIE,ROOKIE,,企畫、合集、美少女、巨乳、DMM獨家,多人,https://www.javbus.com/RBB-198
URE-061 催●×寝取りの最高峰！ 原作:愛上陸「催●性指導」シリーズより 催●性指導4 妊娠体験指導 北条麻妃 稲場るか,URE-061 催●×寝取りの最高峰！ 原作:愛上陸「催●性指導」シリーズより 催●性指導4 妊娠体験指導 北条麻妃 稲場るか,URE-061,2020-12-05,170分鐘,きとるね川口,マドンナ,熟れコミ,,成熟的女人、已婚婦女、數位馬賽克、高畫質、原作コラボ、高中女生、DMM獨家,多人,https://www.javbus.com/URE-061
JUSD-908 キス顔も…、イキ顔も…、フェラ顔もその全てが美しい―。 顔だけでもヌケる人妻を厳選！！ Madonna超美顔コレクション8時間,JUSD-908 キス顔も…、イキ顔も…、フェラ顔もその全てが美しい―。 顔だけでもヌケる人妻を厳選！！ Madonna超美顔コレクション8時間,JUSD-908,2020-12-05,480分鐘,,マドンナ,Madonna,Madonna超美顔コレクション,成熟的女人、合集、已婚婦女、數位馬賽克、乳房、巨乳、DMM獨家,多人,https://www.javbus.com/JUSD-908
HDKA-221 はだかの主婦総集編6人4時間Vol.12,HDKA-221 はだかの主婦総集編6人4時間Vol.12,HDKA-221,2020-12-01,242分鐘,,プラネットプラス,裸婦趣向,裸の主婦,成熟的女人、其他戀物癖、已婚婦女、4小時以上作品、高畫質、巨乳,多人,https://www.javbus.com/HDKA-221
J-99059 娘の男友達をいただく母 北条麻紀,J-99059 娘の男友達をいただく母 北条麻紀,J-99059,2020-11-27,17分鐘,,JUKUJO99,JUKUJO99,娘の男友達をいただく母,成熟的女人、口交、中出、女上位、高畫質、單體作品、DMM獨家,北条麻妃,https://www.javbus.com/J-99059
HYAS-116 黒人に犯●れた日本人熟女たち 100人 強烈すぎるブラック巨根の快感！！,HYAS-116 黒人に犯●れた日本人熟女たち 100人 強烈すぎるブラック巨根の快感！！,HYAS-116,2020-11-27,480分鐘,,ケイ・エム・プロデュース,100人,,成熟的女人、苗條、已婚婦女、凌辱、中出、高畫質、出軌、戲劇、巨乳、黑人演員,多人,https://www.javbus.com/HYAS-116
JUSD-905 Madonna名作NTRコレクション 衝撃的「浮気」映像 8時間,JUSD-905 Madonna名作NTRコレクション 衝撃的「浮気」映像 8時間,JUSD-905,2020-11-22,480分鐘,,マドンナ,Madonna,○○NTR 衝撃的浮気映像,成熟的女人、合集、已婚婦女、數位馬賽克、出軌、巨乳、DMM獨家,多人,https://www.javbus.com/JUSD-905
OPBD-172 スカトロリミテッドWベスト 北条麻妃,OPBD-172 スカトロリミテッドWベスト 北条麻妃,OPBD-172,2020-11-22,220分鐘,,オペラ,OPERA,最高のスカトロBEST,糞便、紧缚、合集、凌辱、單體作品、DMM獨家,北条麻妃,https://www.javbus.com/OPBD-172
JUSD-906 静まり返ったオフィス、一線を超える上司と部下。スーツを脱ぎ捨て求め合う、不貞残業BEST,JUSD-906 静まり返ったオフィス、一線を超える上司と部下。スーツを脱ぎ捨て求め合う、不貞残業BEST,JUSD-906,2020-11-22,480分鐘,,マドンナ,Madonna,,成熟的女人、OL、合集、已婚婦女、數位馬賽克、戲劇、DMM獨家,多人,https://www.javbus.com/JUSD-906
JUL-366 暴風雨 憧れの麻妃叔母さんと二人だけの夜 北条麻妃,JUL-366 暴風雨 憧れの麻妃叔母さんと二人だけの夜 北条麻妃,JUL-366,2020-11-06,120分鐘,豆沢豆太郎,マドンナ,Madonna,暴風雨 ○○と二人だけの夜,成熟的女人、已婚婦女、數位馬賽克、乳房、高畫質、出軌、單體作品、DMM獨家,北条麻妃,https://www.javbus.com/JUL-366
JUSD-904 「お、お願い…！！もう許して、中は、中はダメぇぇぇぇ！！」 望まない中出し性交で、皮肉にも絶頂してしまった人妻 8時間BEST,JUSD-904 「お、お願い…！！もう許して、中は、中はダメぇぇぇぇ！！」 望まない中出し性交で、皮肉にも絶頂してしまった人妻 8時間BEST,JUSD-904,2020-10-24,480分鐘,,マドンナ,Madonna,,成熟的女人、合集、已婚婦女、數位馬賽克、凌辱、中出、4小時以上作品、戲劇、DMM獨家,多人,https://www.javbus.com/JUSD-904
JUSD-896 グショグショに濡れる肉体、滴り落ちる愛液の雫―。 汗みどろSEX 8時間,JUSD-896 グショグショに濡れる肉体、滴り落ちる愛液の雫―。 汗みどろSEX 8時間,JUSD-896,2020-10-24,480分鐘,,マドンナ,Madonna,,成熟的女人、合集、已婚婦女、數位馬賽克、4小時以上作品、戲劇、汗だく、DMM獨家,多人,https://www.javbus.com/JUSD-896
CADV-787 クリスタル映像35周年記念 人妻温泉 30人8時間スペシャル2,CADV-787 クリスタル映像35周年記念 人妻温泉 30人8時間スペシャル2,CADV-787,2020-10-22,477分鐘,,クリスタル映像,CRYSTAL EX,クリスタル映像35周年記念,成熟的女人、合集、已婚婦女、通姦、女上位、4小時以上作品、顏射、温泉,多人,https://www.javbus.com/CADV-787
LZBS-064 激震パイ揺れ！暴走腰振り騎乗位 厳選ベスト5時間 オマ○コ感度無限大オーガズムお見せします！！,LZBS-064 激震パイ揺れ！暴走腰振り騎乗位 厳選ベスト5時間 オマ○コ感度無限大オーガズムお見せします！！,LZBS-064,2020-10-18,300分鐘,,レズれ！,レズれ！ ベスト,,女同性戀、合集、女上位、4小時以上作品、高畫質、巨乳、DMM獨家,多人,https://www.javbus.com/LZBS-064
JUL-338 地元へ帰省した三日間、ずっと思いを寄せていた幼馴染の母親と時を忘れて愛し合った記録―。 北条麻妃,JUL-338 地元へ帰省した三日間、ずっと思いを寄せていた幼馴染の母親と時を忘れて愛し合った記録―。 北条麻妃,JUL-338,2020-10-03,120分鐘,朝霧浄,マドンナ,Madonna,地元へ帰省した三日間、人妻になっていた憧れの○○,成熟的女人、苗條、已婚婦女、數位馬賽克、通姦、中出、高畫質、單體作品、DMM獨家,北条麻妃,https://www.javbus.com/JUL-338
NBES-028 僕のねとられ話しを聞いてほしい スペシャルコンプリートBEST 4枚組16時間,NBES-028 僕のねとられ話しを聞いてほしい スペシャルコンプリートBEST 4枚組16時間,NBES-028,2020-10-03,960分鐘,,JET映像,卍GROUP,僕のねとられ話しを聞いてほしい,成熟的女人、合集、已婚婦女、4小時以上作品、出軌、DMM獨家,多人,https://www.javbus.com/NBES-028
JUSD-899 密着セックス 総集編8時間 ～肌から伝わる熱が理性を狂わす濃密性交BEST～,JUSD-899 密着セックス 総集編8時間 ～肌から伝わる熱が理性を狂わす濃密性交BEST～,JUSD-899,2020-10-03,480分鐘,,マドンナ,Madonna,密着セックス,成熟的女人、合集、已婚婦女、數位馬賽克、通姦、4小時以上作品、汗だく、DMM獨家,多人,https://www.javbus.com/JUSD-899
KMDS-20491 友達の若くてイカ臭い肉棒に墜ちた母10人240分,KMDS-20491 友達の若くてイカ臭い肉棒に墜ちた母10人240分,KMDS-20491,2020-09-30,240分鐘,,カマタ映像,弁天,,成熟的女人、中出、4小時以上作品,多人,https://www.javbus.com/KMDS-20491
KUM-007 侵入犯 星奈あい 月下あいり 波多野結衣 北条麻妃,KUM-007 侵入犯 星奈あい 月下あいり 波多野結衣 北条麻妃,KUM-007,2020-09-25,119分鐘,射案比呂,プレステージ,九龍(プレステージ),,放尿、紧缚、已婚婦女、高畫質,多人,https://www.javbus.com/KUM-007
HYAS-111 濃密！熟女レズビアン100人8時間,HYAS-111 濃密！熟女レズビアン100人8時間,HYAS-111,2020-09-25,480分鐘,長澤純,ケイ・エム・プロデュース,100人,,和服・喪服、成熟的女人、女同性戀、亂倫、已婚婦女、姐姐、女主人、女老板、舔陰、女同接吻、高畫質、戲劇、按摩棒,多人,https://www.javbus.com/HYAS-111
MBM-218 北条麻妃 裏BEST,MBM-218 北条麻妃 裏BEST,MBM-218,2020-09-25,239分鐘,射案比呂,プレステージ,MBM,,成熟的女人、SM、紧缚、合集、高畫質、單體作品,北条麻妃,https://www.javbus.com/MBM-218
JUSD-898 2020年上半期全180タイトルBEST8時間,JUSD-898 2020年上半期全180タイトルBEST8時間,JUSD-898,2020-09-20,480分鐘,,マドンナ,Madonna,マドンナ○半期,成熟的女人、合集、各種職業、已婚婦女、數位馬賽克、4小時以上作品、DMM獨家,多人,https://www.javbus.com/JUSD-898
RBB-189 発射寸前！ 我慢汁垂れ流しの気持ちいいフェラチオ160連射8時間（RBB-189）,RBB-189 発射寸前！ 我慢汁垂れ流しの気持ちいいフェラチオ160連射8時間（RBB-189）,RBB-189,2020-09-17,480分鐘,,ROOKIE,ROOKIE,発射寸前！ 我慢汁垂れ流しの気持ちいいフェラチオ,蕩婦、口交、合集、4小時以上作品、キス・接吻、DMM獨家,多人,https://www.javbus.com/RBB-189
RETOMN-122 鉄板女優が本気で悶絶するイッてもイッても終わらないイカセ絶頂 満面イキ顔BEST 46名,RETOMN-122 鉄板女優が本気で悶絶するイッてもイッても終わらないイカセ絶頂 満面イキ顔BEST 46名,RETOMN-122,2020-09-09,225分鐘,,TEPPAN,TEPPAN SPECIAL,,合集、美少女、數位馬賽克、高畫質、汗だく、巨乳,多人,https://www.javbus.com/RETOMN-122
JDL-058 北条麻妃全仕事 8時間2枚組,JDL-058 北条麻妃全仕事 8時間2枚組,JDL-058,2020-09-06,493分鐘,,ルビー,RUBY,●●全仕事,成熟的女人、4小時以上作品、單體作品、DMM獨家,北条麻妃,https://www.javbus.com/JDL-058
JUSD-890 永遠に終わらない、中出し輪●の日々。総集編12時間,JUSD-890 永遠に終わらない、中出し輪●の日々。総集編12時間,JUSD-890,2020-09-05,720分鐘,,マドンナ,Madonna,永遠に終わらない、中出し輪●の日々。,成熟的女人、已婚婦女、數位馬賽克、中出、4小時以上作品、DMM獨家,多人,https://www.javbus.com/JUSD-890
JUL-308 寝取らせ ルールを破る人妻 ― 一つずつ夫に重ねる罪と嘘 ― 北条麻妃,JUL-308 寝取らせ ルールを破る人妻 ― 一つずつ夫に重ねる罪と嘘 ― 北条麻妃,JUL-308,2020-09-05,120分鐘,昇天シロー,マドンナ,Madonna,寝取らせ ルールを破る人妻,成熟的女人、苗條、已婚婦女、數位馬賽克、通姦、高畫質、出軌、單體作品、DMM獨家,北条麻妃,https://www.javbus.com/JUL-308
BBSS-040 オフィス内の誘惑、熱く交わる2人。社内OLレズビアン総集編 4時間,BBSS-040 オフィス内の誘惑、熱く交わる2人。社内OLレズビアン総集編 4時間,BBSS-040,2020-09-05,240分鐘,,ビビアン,ビビアン,,OL、女同性戀、合集、4小時以上作品、女同接吻、DMM獨家,多人,https://www.javbus.com/BBSS-040
DOA-009 しっとり艷やかな髪コキで発射しまくり！精子まみれに汚れた黒髪！ザーメンが絡みつくロングヘア！,DOA-009 しっとり艷やかな髪コキで発射しまくり！精子まみれに汚れた黒髪！ザーメンが絡みつくロングヘア！,DOA-009,2020-08-30,134分鐘,ザッパパ,ブラックドッグ/妄想族,ブラックドッグ/妄想族,,其他戀物癖、姐姐、主觀視角、妄想族、DMM獨家、打手槍,多人,https://www.javbus.com/DOA-009
JUSD-889 Madonna歴代専属が献身的にリードしてくれる、理想の筆下ろしシチュエーションBEST 8時間,JUSD-889 Madonna歴代専属が献身的にリードしてくれる、理想の筆下ろしシチュエーションBEST 8時間,JUSD-889,2020-08-22,480分鐘,,マドンナ,Madonna,,成熟的女人、合集、已婚婦女、數位馬賽克、4小時以上作品、戲劇、處男、DMM獨家,多人,https://www.javbus.com/JUSD-889
JUL-246 美しい義母の、艶やかな生足。 北条麻妃,JUL-246 美しい義母の、艶やかな生足。 北条麻妃,JUL-246,2020-08-01,120分鐘,富丈太郎,マドンナ,Madonna,,成熟的女人、已婚婦女、戀腿癖、足交、婆婆、高畫質、單體作品、DMM獨家,北条麻妃,https://www.javbus.com/JUL-246
NBES-026 JET映像5周年記念豪華版！厳選！特選！寝取られ作品スーパーBEST 上巻 4枚組16時間 初回限定生産,NBES-026 JET映像5周年記念豪華版！厳選！特選！寝取られ作品スーパーBEST 上巻 4枚組16時間 初回限定生産,NBES-026,2020-08-01,960分鐘,,JET映像,卍GROUP,○周年記念スーパーBEST,成熟的女人、合集、出軌、戲劇、16時間以上作品、DMM獨家,多人,https://www.javbus.com/NBES-026
JUSD-886 極上の人妻達と日替わり出会える夢のような1ヵ月！！ Madonna美熟女SEXカレンダー2020 16時間,JUSD-886 極上の人妻達と日替わり出会える夢のような1ヵ月！！ Madonna美熟女SEXカレンダー2020 16時間,JUSD-886,2020-08-01,960分鐘,,マドンナ,Madonna,Madonna美熟女SEXカレンダー,成熟的女人、合集、已婚婦女、16時間以上作品、巨乳、DMM獨家,多人,https://www.javbus.com/JUSD-886
JUSD-885 妻には口が裂けても言えません、義母さんを孕ませてしまったなんて…。 総集編8時間,JUSD-885 妻には口が裂けても言えません、義母さんを孕ませてしまったなんて…。 総集編8時間,JUSD-885,2020-07-19,480分鐘,,マドンナ,Madonna,妻には口が裂けても言えません、義母さんを孕ませてしまったなんて…。,成熟的女人、合集、已婚婦女、數位馬賽克、中出、4小時以上作品、温泉、巨乳、DMM獨家,多人,https://www.javbus.com/JUSD-885
KSBJ-089 美熟女たちの自画撮りオナニー16人,KSBJ-089 美熟女たちの自画撮りオナニー16人,KSBJ-089,2020-07-17,242分鐘,,KSB企画/エマニエル,KSB企画/エマニエル,,成熟的女人、合集、4小時以上作品、高畫質、巨乳、エマニエル、DMM獨家、自慰,多人,https://www.javbus.com/KSBJ-089
VSED-135 旦那の居ない昼下がり絶倫な甥っ子とセックスに明け暮れ何度も絶頂を繰り返したあの日,VSED-135 旦那の居ない昼下がり絶倫な甥っ子とセックスに明け暮れ何度も絶頂を繰り返したあの日,VSED-135,2020-07-10,477分鐘,,シックスナイン,シックスナイン,,成熟的女人、亂倫、已婚婦女、花癡、4小時以上作品,多人,https://www.javbus.com/VSED-135
VSED-137 母と息子二人きりの温泉旅行で舌と舌を絡めあいギュと体を密着させる親子ならではの濃厚濃密なセックス12連発 8時間2枚組 4,VSED-137 母と息子二人きりの温泉旅行で舌と舌を絡めあいギュと体を密着させる親子ならではの濃厚濃密なセックス12連発 8時間2枚組 4,VSED-137,2020-07-10,478分鐘,,シックスナイン,シックスナイン,母と息子二人きりの温泉旅行で…,成熟的女人、母親、亂倫、4小時以上作品、温泉,多人,https://www.javbus.com/VSED-137
UMD-742 平成31年間のAVを支えてきた美熟女31人 彼女たちの淫らに艶かしい足跡をたどる至極の3時間,UMD-742 平成31年間のAVを支えてきた美熟女31人 彼女たちの淫らに艶かしい足跡をたどる至極の3時間,UMD-742,2020-07-10,180分鐘,タブー大崎,LEO,LEO,,成熟的女人、口交、女上位、高畫質、巨乳、打手槍,多人,https://www.javbus.com/UMD-742
CADV-770 男では味わえない女同士だからわかる快楽を追求したガチレズ！！18人4時間,CADV-770 男では味わえない女同士だからわかる快楽を追求したガチレズ！！18人4時間,CADV-770,2020-07-09,239分鐘,,クリスタル映像,CRYSTAL EX,,成熟的女人、女同性戀、4小時以上作品、高畫質、巨乳,多人,https://www.javbus.com/CADV-770
JUSD-882 検証 人妻は絶対に夫を裏切らない説 8時間,JUSD-882 検証 人妻は絶対に夫を裏切らない説 8時間,JUSD-882,2020-07-04,480分鐘,,マドンナ,Madonna,,成熟的女人、合集、已婚婦女、數位馬賽克、4小時以上作品、出軌、巨乳、DMM獨家,多人,https://www.javbus.com/JUSD-882
JUL-276 今夜、僕は童貞を捨てられるかもしれない-。 北条麻妃,JUL-276 今夜、僕は童貞を捨てられるかもしれない-。 北条麻妃,JUL-276,2020-07-04,120分鐘,イナバール,マドンナ,Madonna,今夜、僕は童貞を捨てられるかもしれない―。,成熟的女人、苗條、已婚婦女、數位馬賽克、高畫質、戲劇、處男、單體作品、DMM獨家,北条麻妃,https://www.javbus.com/JUL-276
ZMAR-019 まるっと！北条麻妃,ZMAR-019 まるっと！北条麻妃,ZMAR-019,2020-07-01,249分鐘,,プラネットプラス,まるっと！,まるっと！,成熟的女人、苗條、已婚婦女、中出、高畫質、女優ベスト・総集編、單體作品,北条麻妃,https://www.javbus.com/ZMAR-019
J-99016 隣の奥さんは美人で熟女で床上手 北条麻妃 32歳のフェラ上手,J-99016 隣の奥さんは美人で熟女で床上手 北条麻妃 32歳のフェラ上手,J-99016,2020-06-17,18分鐘,,JUKUJO99,JUKUJO99,隣の奥さんは美人で熟女で床上手,和服・喪服、成熟的女人、口交、高畫質、單體作品、DMM獨家、吞精,北条麻妃,https://www.javbus.com/J-99016
JUSD-879 四六時中、娘婿のデカチ○ポが欲しくて堪らない義母の誘い総集編 8時間,JUSD-879 四六時中、娘婿のデカチ○ポが欲しくて堪らない義母の誘い総集編 8時間,JUSD-879,2020-06-06,480分鐘,,マドンナ,Madonna,四六時中、娘婿のデカチ○ポが欲しくて堪らない義母の誘い,成熟的女人、合集、已婚婦女、數位馬賽克、4小時以上作品、婆婆、デカチン・巨根、DMM獨家,多人,https://www.javbus.com/JUSD-879
DHT-157 北条麻妃が優しくねっとりしてあげる ガチ童貞筆下ろしドキュメント,DHT-157 北条麻妃が優しくねっとりしてあげる ガチ童貞筆下ろしドキュメント,DHT-157,2020-06-05,63分鐘,円一輝,ホットエンターテイメント,ホットエンターテイメント,,企畫、成熟的女人、女上位、高畫質、巨乳、單體作品,北条麻妃,https://www.javbus.com/DHT-157
JUSD-877 2019年Madonna全394タイトル 12時間 ￥1980,JUSD-877 2019年Madonna全394タイトル 12時間 ￥1980,JUSD-877,2020-05-23,720分鐘,,マドンナ,Madonna,,成熟的女人、合集、各種職業、已婚婦女、數位馬賽克、4小時以上作品、DMM獨家,多人,https://www.javbus.com/JUSD-877
KSBJ-081 性欲のピークを迎えた四十路熟女たちの本気セックス18人,KSBJ-081 性欲のピークを迎えた四十路熟女たちの本気セックス18人,KSBJ-081,2020-05-17,243分鐘,,KSB企画/エマニエル,KSB企画/エマニエル,,成熟的女人、苗條、合集、已婚婦女、4小時以上作品、高畫質、エマニエル、DMM獨家,多人,https://www.javbus.com/KSBJ-081
DOA-007 またがり密着素股で絶頂イキ！！ビンビンに勃起したチ○ポにむっちり尻コキで擦られまくって我慢出来ずに快楽射精！！,DOA-007 またがり密着素股で絶頂イキ！！ビンビンに勃起したチ○ポにむっちり尻コキで擦られまくって我慢出来ずに快楽射精！！,DOA-007,2020-05-17,120分鐘,ザッパパ,ブラックドッグ/妄想族,ブラックドッグ/妄想族,,其他戀物癖、屁股、主觀視角、M男、巨尻、妄想族、DMM獨家,多人,https://www.javbus.com/DOA-007
MMYM-037 卑猥語女 SPECIAL SELECT 総集編II,MMYM-037 卑猥語女 SPECIAL SELECT 総集編II,MMYM-037,2020-05-17,242分鐘,夢野あいだ,MARRION,夢野,卑猥語女,蕩婦、成熟的女人、合集、淫語、4小時以上作品、高畫質、DMM獨家,多人,https://www.javbus.com/MMYM-037
NASH-288 問答無用 自宅侵入 7 強● 生ハメ鬼突き！強●射精！ ママ友レ●プ,NASH-288 問答無用 自宅侵入 7 強● 生ハメ鬼突き！強●射精！ ママ友レ●プ,NASH-288,2020-05-15,243分鐘,,なでしこ,Nadeshiko,生ハメ鬼突き！強●射精！ママ友レ●プ,成熟的女人、苗條、已婚婦女、凌辱、羞恥、中出、4小時以上作品、高畫質、出軌、戲劇、巨乳,多人,https://www.javbus.com/NASH-288
CLO-039 こんな熟女と熱吻したい 北条麻妃,CLO-039 こんな熟女と熱吻したい 北条麻妃,CLO-039,2020-05-08,32分鐘,,CHoBitcH,チョビッチ！,こんな熟女と熱吻したい,成熟的女人、口交、舔陰、女上位、高畫質、キス・接吻、單體作品,北条麻妃,https://www.javbus.com/CLO-039
BTHA-054 ヘアーヌード～無●正・9人の絶頂・永久保存版～パンティー付 つぼみ 神宮寺ナオ 川上奈々美 北条麻妃 篠田ゆう 七沢みあ 友田彩也香 北川エリカ 塚田詩織,BTHA-054 ヘアーヌード～無●正・9人の絶頂・永久保存版～パンティー付 つぼみ 神宮寺ナオ 川上奈々美 北条麻妃 篠田ゆう 七沢みあ 友田彩也香 北川エリカ 塚田詩織,BTHA-054,2020-05-02,95分鐘,,スパークビジョン,,ヘアーヌード 無●正,偶像藝人、介紹影片、高畫質,多人,https://www.javbus.com/BTHA-054
JUL-216 見てはいけない、妻の携帯の検索履歴。 北条麻妃,JUL-216 見てはいけない、妻の携帯の検索履歴。 北条麻妃,JUL-216,2020-05-02,140分鐘,小山雅継,マドンナ,Madonna,,成熟的女人、苗條、已婚婦女、數位馬賽克、乳房、高畫質、出軌、單體作品、DMM獨家,北条麻妃,https://www.javbus.com/JUL-216
JUSD-875 舐めてしゃぶってタマまで伝う人妻の最高に気持ちいい射精直前！！フェラチオラッシュ276連発 8時間,JUSD-875 舐めてしゃぶってタマまで伝う人妻の最高に気持ちいい射精直前！！フェラチオラッシュ276連発 8時間,JUSD-875,2020-05-02,480分鐘,,マドンナ,Madonna,,成熟的女人、口交、合集、已婚婦女、數位馬賽克、4小時以上作品、高畫質、顏射、DMM獨家,多人,https://www.javbus.com/JUSD-875
NACX-052 四十路美熟女に中出し12人VOL.02,NACX-052 四十路美熟女に中出し12人VOL.02,NACX-052,2020-05-01,242分鐘,,プラネットプラス,七狗留,○○美熟女に中出し,成熟的女人、合集、中出、4小時以上作品、高畫質,多人,https://www.javbus.com/NACX-052
OKAX-618 肉感溢れるボディを過度に密着させながら際どい箇所への誘惑マッサージで男性客の反応を楽しむ美人セラピスト,OKAX-618 肉感溢れるボディを過度に密着させながら際どい箇所への誘惑マッサージで男性客の反応を楽しむ美人セラピスト,OKAX-618,2020-04-24,240分鐘,,ケイ・エム・プロデュース,おかず。,肉感溢れるボディを過度に密着,蕩婦、其他戀物癖、合集、4小時以上作品、按摩、DMM獨家,多人,https://www.javbus.com/OKAX-618
JUSD-872 スーパースター美熟女 専属1周年記念-。 北条麻妃 The Best16時間,JUSD-872 スーパースター美熟女 専属1周年記念-。 北条麻妃 The Best16時間,JUSD-872,2020-04-19,960分鐘,,マドンナ,Madonna,,成熟的女人、苗條、已婚婦女、數位馬賽克、女優ベスト・総集編、16時間以上作品、單體作品、DMM獨家,北条麻妃,https://www.javbus.com/JUSD-872
KSBJ-077 卑猥なエロ腰の淫乱美熟女中出し性交11人,KSBJ-077 卑猥なエロ腰の淫乱美熟女中出し性交11人,KSBJ-077,2020-04-17,244分鐘,,KSB企画/エマニエル,KSB企画/エマニエル,,成熟的女人、合集、中出、4小時以上作品、巨乳、エマニエル、DMM獨家,多人,https://www.javbus.com/KSBJ-077
JUL-196 母の友人 北条麻妃,JUL-196 母の友人 北条麻妃,JUL-196,2020-04-11,120分鐘,河合穣治,マドンナ,Madonna,母の友人,蕩婦、成熟的女人、苗條、已婚婦女、數位馬賽克、通姦、高畫質、單體作品、DMM獨家,北条麻妃,https://www.javbus.com/JUL-196
NASH-271 モデル体型のスリムで美乳の熟女31人,NASH-271 モデル体型のスリムで美乳の熟女31人,NASH-271,2020-04-10,244分鐘,,なでしこ,Nadeshiko,,成熟的女人、苗條、合集、乳房、4小時以上作品、高畫質,多人,https://www.javbus.com/NASH-271
UMSO-312 マジでイッちゃう5分前！40人の発射5分前からお見せます！VOL.02,UMSO-312 マジでイッちゃう5分前！40人の発射5分前からお見せます！VOL.02,UMSO-312,2020-04-10,241分鐘,,ケイ・エム・プロデュース,UMANAMI,マジでイッちゃう5分前！○人の発射5分前からお見せます！,成熟的女人、合集、已婚婦女、4小時以上作品、高畫質、巨乳、DMM獨家,多人,https://www.javbus.com/UMSO-312
IESP-506-F 団地妻の憂い 北条麻妃,IESP-506-F 団地妻の憂い 北条麻妃,IESP-506-F,2020-04-09,130分鐘,,アイエナジー,IENE,,已婚婦女、羞恥、中出、出軌、戲劇、3P、4P,北条麻妃,https://www.javbus.com/IESP-506-F
NACX-051 お尻を突き出すポーズがエロすぎる！後背位ばかりの動画集51人,NACX-051 お尻を突き出すポーズがエロすぎる！後背位ばかりの動画集51人,NACX-051,2020-04-01,240分鐘,,プラネットプラス,七狗留,,成熟的女人、其他戀物癖、合集、4小時以上作品、高畫質、巨尻,多人,https://www.javbus.com/NACX-051
AVS-023 AVSCollector’s2019年間 SPECIAL BESTカタログ,AVS-023 AVSCollector’s2019年間 SPECIAL BESTカタログ,AVS-023,2020-03-22,240分鐘,,AVS collector’s,AVS,エーヴィエスカタログ,成熟的女人、胖女人、合集、中出、4小時以上作品、高畫質、DMM獨家,多人,https://www.javbus.com/AVS-023
JUSD-868 2019年下半期全206タイトルBEST8時間,JUSD-868 2019年下半期全206タイトルBEST8時間,JUSD-868,2020-03-21,480分鐘,,マドンナ,Madonna,マドンナ○半期,成熟的女人、合集、各種職業、已婚婦女、數位馬賽克、4小時以上作品、戲劇、DMM獨家,多人,https://www.javbus.com/JUSD-868
BBSS-031 ネットリ濃厚な絡み合い 熟女レズビアン総集編4時間,BBSS-031 ネットリ濃厚な絡み合い 熟女レズビアン総集編4時間,BBSS-031,2020-03-05,240分鐘,,ビビアン,ビビアン,,成熟的女人、女同性戀、已婚婦女、4小時以上作品、女同接吻、DMM獨家,多人,https://www.javbus.com/BBSS-031
JUSD-866 出張先のビジネスホテルでずっと憧れていた女上司とまさかまさかの相部屋宿泊 総集編 8時間,JUSD-866 出張先のビジネスホテルでずっと憧れていた女上司とまさかまさかの相部屋宿泊 総集編 8時間,JUSD-866,2020-03-05,480分鐘,,マドンナ,Madonna,出張先のビジネスホテルでずっと憧れていた女上司とまさかまさかの相部屋宿泊,成熟的女人、合集、連褲襪、已婚婦女、數位馬賽克、4小時以上作品、戲劇、女上司、DMM獨家,多人,https://www.javbus.com/JUSD-866
JUL-161 永遠に終わらない、中出し輪●の日々。 北条麻妃,JUL-161 永遠に終わらない、中出し輪●の日々。 北条麻妃,JUL-161,2020-03-05,120分鐘,豆沢豆太郎,マドンナ,Madonna,永遠に終わらない、中出し輪●の日々。,成熟的女人、苗條、已婚婦女、數位馬賽克、中出、高畫質、單體作品、DMM獨家,北条麻妃,https://www.javbus.com/JUL-161
NACX-049 魅惑のボディで全力運動！全裸エクササイズ64人8時間2枚組,NACX-049 魅惑のボディで全力運動！全裸エクササイズ64人8時間2枚組,NACX-049,2020-03-01,482分鐘,,プラネットプラス,七狗留,,其他戀物癖、合集、乳房、4小時以上作品、高畫質、巨乳,多人,https://www.javbus.com/NACX-049
LZBS-055 レズキス 密着ベロベロ接吻 厳選5時間 オンナ同士の美唇と絡みつく舌と唾液をじっくりお見せします！,LZBS-055 レズキス 密着ベロベロ接吻 厳選5時間 オンナ同士の美唇と絡みつく舌と唾液をじっくりお見せします！,LZBS-055,2020-02-16,300分鐘,,レズれ！,レズれ！ ベスト,,女同性戀、其他戀物癖、合集、4小時以上作品、女同接吻、DMM獨家,多人,https://www.javbus.com/LZBS-055
JUVR-040 【VR】マドンナ初VR！！ 専属 北条麻妃 凡ミス連発して説教中 チラ見え下着に勃起してしまった僕をからかいながら射精管理してくるパンスト美脚女上司,JUVR-040 【VR】マドンナ初VR！！ 専属 北条麻妃 凡ミス連発して説教中 チラ見え下着に勃起してしまった僕をからかいながら射精管理してくるパンスト美脚女上司,JUVR-040,2020-02-07,95分鐘,ドラゴン西川,マドンナ,MadonnaVR,,成熟的女人、苗條、各種職業、連褲襪、已婚婦女、VR専用、ハイクオリティVR、單體作品、DMM獨家,北条麻妃,https://www.javbus.com/JUVR-040
JUL-126 転職先の女上司に勤務中ずっと弄ばれ続けている新人の僕 北条麻妃,JUL-126 転職先の女上司に勤務中ずっと弄ばれ続けている新人の僕 北条麻妃,JUL-126,2020-02-01,150分鐘,古賀丈士,マドンナ,Madonna,転職先の女上司に勤務中ずっと弄ばれ続けている新人の僕,蕩婦、成熟的女人、苗條、各種職業、已婚婦女、數位馬賽克、高畫質、女上司、單體作品、DMM獨家,北条麻妃,https://www.javbus.com/JUL-126
VSED-129 母と息子二人きりの温泉旅行で舌と舌を絡めあいギュと体を密着させる親子ならではの濃厚濃密なセックス12連発 8時間2枚組 3,VSED-129 母と息子二人きりの温泉旅行で舌と舌を絡めあいギュと体を密着させる親子ならではの濃厚濃密なセックス12連発 8時間2枚組 3,VSED-129,2020-01-26,477分鐘,,シックスナイン,シックスナイン,母と息子二人きりの温泉旅行で…,成熟的女人、母親、亂倫、4小時以上作品、温泉、旅行,多人,https://www.javbus.com/VSED-129
MCSR-373 禁断相姦,MCSR-373 禁断相姦,MCSR-373,2020-01-25,240分鐘,メカテス武田,ビッグモーカル,マスカット,,女同性戀、亂倫、已婚婦女、通姦、4小時以上作品、婆婆、叔母さん,多人,https://www.javbus.com/MCSR-373
JUSD-862 人妻・熟女No1メーカーMadonna年間ガチ売れTOP30！！（JUSD-862）,JUSD-862 人妻・熟女No1メーカーMadonna年間ガチ売れTOP30！！（JUSD-862）,JUSD-862,2020-01-19,480分鐘,,マドンナ,Madonna,Madonna年間ガチ売れTOP30,成熟的女人、合集、已婚婦女、數位馬賽克、通姦、4小時以上作品、巨乳、DMM獨家,多人,https://www.javbus.com/JUSD-862
BXX-005 脚コキ大全集 23人の奇跡の脚テクで発射しまくり！！,BXX-005 脚コキ大全集 23人の奇跡の脚テクで発射しまくり！！,BXX-005,2020-01-17,239分鐘,,バミューダ/妄想族,フェニックス,,其他戀物癖、戀腿癖、4小時以上作品、主觀視角、高畫質、M男、妄想族、DMM獨家,多人,https://www.javbus.com/BXX-005
RBB-174 発射寸前！ 我慢汁垂れ流しの気持ちいいフェラチオ160連射8時間（RBB-174）,RBB-174 発射寸前！ 我慢汁垂れ流しの気持ちいいフェラチオ160連射8時間（RBB-174）,RBB-174,2020-01-16,480分鐘,,ROOKIE,ROOKIE,発射寸前！ 我慢汁垂れ流しの気持ちいいフェラチオ,口交、合集、4小時以上作品、DMM獨家,多人,https://www.javbus.com/RBB-174
KMDS-20465 ご褒美SEXで志望校絶対合格！色んな意味でヤリ手な痴女家庭教師10人240分,KMDS-20465 ご褒美SEXで志望校絶対合格！色んな意味でヤリ手な痴女家庭教師10人240分,KMDS-20465,2020-01-08,240分鐘,,カマタ映像,弁天,,蕩婦、成熟的女人、家教、中出、4小時以上作品、處男,多人,https://www.javbus.com/KMDS-20465
UMD-718 検証ドスケベのポテンシャル四十路おばさんが最強説,UMD-718 検証ドスケベのポテンシャル四十路おばさんが最強説,UMD-718,2020-01-01,180分鐘,タブー大崎,LEO,LEO,,蕩婦、成熟的女人、口交、花癡、女上位、高畫質,多人,https://www.javbus.com/UMD-718
JUL-096 今日から3日間、親友に妻を貸し出します―。 北条麻妃,JUL-096 今日から3日間、親友に妻を貸し出します―。 北条麻妃,JUL-096,2019-12-28,120分鐘,昇天シロー,マドンナ,Madonna,,成熟的女人、苗條、已婚婦女、數位馬賽克、乳房、高畫質、出軌、單體作品、DMM獨家,北条麻妃,https://www.javbus.com/JUL-096
JUSD-860 美熟女のむっちむち美尻とスラっと美脚が堪能できるパンスト着衣性交 8時間,JUSD-860 美熟女のむっちむち美尻とスラっと美脚が堪能できるパンスト着衣性交 8時間,JUSD-860,2019-12-28,480分鐘,,マドンナ,Madonna,,成熟的女人、連褲襪、已婚婦女、屁股、數位馬賽克、4小時以上作品、巨尻、DMM獨家,多人,https://www.javbus.com/JUSD-860
JUL-071 PRECIOUS MADONNA トリプル専属ゴージャス初共演！！プレシャスな美熟女たちが奪い合う！！3対1ハーレム遊宴190分！！,JUL-071 PRECIOUS MADONNA トリプル専属ゴージャス初共演！！プレシャスな美熟女たちが奪い合う！！3対1ハーレム遊宴190分！！,JUL-071,2019-12-19,190分鐘,豆沢豆太郎,マドンナ,Madonna,,成熟的女人、已婚婦女、多P、數位馬賽克、高畫質、ハーレム、巨乳、DMM獨家,多人,https://www.javbus.com/JUL-071
KUD-011 黒人緊縛 巨大マラと麻縄,KUD-011 黒人緊縛 巨大マラと麻縄,KUD-011,2019-12-13,120分鐘,,九龍,九龍,,紧缚、中出、高畫質、黑人演員,多人,https://www.javbus.com/KUD-011
NACX-043 陰毛がふっさふさの剛毛熟女12人VOL.02,NACX-043 陰毛がふっさふさの剛毛熟女12人VOL.02,NACX-043,2019-12-01,240分鐘,,プラネットプラス,七狗留,陰毛がふっさふさの剛毛熟女,成熟的女人、其他戀物癖、合集、已婚婦女、4小時以上作品、高畫質,多人,https://www.javbus.com/NACX-043
MMIX-033 Mellow Moon 極上美人 ヌクときは美人がいい 超美顔8人 MMIX-033,MMIX-033 Mellow Moon 極上美人 ヌクときは美人がいい 超美顔8人 MMIX-033,MMIX-033,2019-12-01,242分鐘,Pigマム,Mellow Moon（メロウムーン）,Mellow Moon（メロウムーン）,極上美人 ヌクときは美人がいい,成熟的女人、已婚婦女、乳房、中出、4小時以上作品、巨乳、DMM獨家,多人,https://www.javbus.com/MMIX-033
JUL-067 会社も、妻も、奪われた―。社長夫人NTR 北条麻妃,JUL-067 会社も、妻も、奪われた―。社長夫人NTR 北条麻妃,JUL-067,2019-11-30,119分鐘,ながえ,マドンナ,Madonna,会社も、妻も、奪われたー。社長夫人NTR,成熟的女人、苗條、已婚婦女、數位馬賽克、高畫質、出軌、戲劇、單體作品、DMM獨家,北条麻妃,https://www.javbus.com/JUL-067
JUSD-855 顔だけでもヌケるイイ熟女達のねっとり濃密ベロキス性交 8時間,JUSD-855 顔だけでもヌケるイイ熟女達のねっとり濃密ベロキス性交 8時間,JUSD-855,2019-11-30,479分鐘,,マドンナ,Madonna,,成熟的女人、合集、已婚婦女、數位馬賽克、4小時以上作品、キス・接吻、巨乳、DMM獨家,多人,https://www.javbus.com/JUSD-855
XRW-787 大量の精子を美顔にぶっかける快感射精！30人4時間,XRW-787 大量の精子を美顔にぶっかける快感射精！30人4時間,XRW-787,2019-11-22,239分鐘,,レアルワークス,REAL（レアルワークス）,,口交、其他戀物癖、4小時以上作品、高畫質、眼鏡、巨乳、顏射,多人,https://www.javbus.com/XRW-787
BXX-003 縛り拷問 奴隷市場の宴 其ノ五,BXX-003 縛り拷問 奴隷市場の宴 其ノ五,BXX-003,2019-11-15,240分鐘,,バミューダ/妄想族,フェニックス,奴隷市場の宴,紧缚、性奴、4小時以上作品、高畫質、妄想族、DMM獨家,多人,https://www.javbus.com/BXX-003
ABBA-446 北条麻妃 Precious Best 9SEX8中出し18発射 7作品8時間2枚組,ABBA-446 北条麻妃 Precious Best 9SEX8中出し18発射 7作品8時間2枚組,ABBA-446,2019-11-07,487分鐘,,センタービレッジ,センタービレッジ,Precious Best,成熟的女人、合集、中出、4小時以上作品、高畫質、單體作品,北条麻妃,https://www.javbus.com/ABBA-446
JUL-029 ドM一家の嫁 北条麻妃,JUL-029 ドM一家の嫁 北条麻妃,JUL-029,2019-11-02,170分鐘,真咲南朋,マドンナ,Madonna,ドM一家の嫁,蕩婦、成熟的女人、已婚婦女、數位馬賽克、高畫質、M男、巨乳、單體作品、DMM獨家,北条麻妃,https://www.javbus.com/JUL-029
MCSR-362 旅館で本当にあったエッチな体験談 「今なら休憩中だから…」 現実から離れて疲れた身体を癒してくれる和服美人女将 12人4時間,MCSR-362 旅館で本当にあったエッチな体験談 「今なら休憩中だから…」 現実から離れて疲れた身体を癒してくれる和服美人女将 12人4時間,MCSR-362,2019-10-26,240分鐘,亀ヶ島三郎,ビッグモーカル,マスカット,,和服・喪服、成熟的女人、女主人、女老板、中出、4小時以上作品、高畫質,多人,https://www.javbus.com/MCSR-362
HZGB-025 絶倫男にレ×プされ、何度も絶頂する人妻の罪悪感BEST,HZGB-025 絶倫男にレ×プされ、何度も絶頂する人妻の罪悪感BEST,HZGB-025,2019-10-25,301分鐘,,人妻花園劇場,BEST（人妻花園劇場）,,合集、已婚婦女、中出、4小時以上作品、高畫質、戲劇、巨乳,多人,https://www.javbus.com/HZGB-025
BXX-001 極縄 総集編,BXX-001 極縄 総集編,BXX-001,2019-10-13,240分鐘,,バミューダ/妄想族,フェニックス（バミューダ/妄想族）,極縄,紧缚、性奴、拘束、凌辱、4小時以上作品、妄想族、DMM獨家,多人,https://www.javbus.com/BXX-001
JARB-038 隣人に僕は淫らに誘惑され,JARB-038 隣人に僕は淫らに誘惑され,JARB-038,2019-10-11,243分鐘,長澤純,日本藝術浪漫文庫,日本藝術浪漫文庫,,成熟的女人、已婚婦女、姐姐、通姦、中出、4小時以上作品、高畫質、戲劇,多人,https://www.javbus.com/JARB-038
NASH-157 昭和の性犯罪物語 忌まわしき陰湿事件,NASH-157 昭和の性犯罪物語 忌まわしき陰湿事件,NASH-157,2019-10-11,242分鐘,,なでしこ,Nadeshiko,,成熟的女人、已婚婦女、中出、4小時以上作品、高畫質,多人,https://www.javbus.com/NASH-157
JUL-002 「私が教えてあげる…」甥の童貞チ○ポを筆下ろし教育する叔母の中出し性指導 北条麻妃,JUL-002 「私が教えてあげる…」甥の童貞チ○ポを筆下ろし教育する叔母の中出し性指導 北条麻妃,JUL-002,2019-10-03,120分鐘,ながえ,マドンナ,Madonna,,成熟的女人、苗條、已婚婦女、數位馬賽克、中出、高畫質、處男、單體作品、DMM獨家,北条麻妃,https://www.javbus.com/JUL-002
JUSD-847 有名アダルトサイトユーザーレビュー 高評価BEST 20タイトル8時間,JUSD-847 有名アダルトサイトユーザーレビュー 高評価BEST 20タイトル8時間,JUSD-847,2019-10-03,480分鐘,,マドンナ,Madonna,,成熟的女人、合集、已婚婦女、數位馬賽克、4小時以上作品、戲劇、DMM獨家,多人,https://www.javbus.com/JUSD-847
MCSR-356 中出し近親相姦 50人 なんでも言うこと聞いてくれる爆乳お義母さん 5時間,MCSR-356 中出し近親相姦 50人 なんでも言うこと聞いてくれる爆乳お義母さん 5時間,MCSR-356,2019-09-28,300分鐘,金子次郎,ビッグモーカル,マスカット,,亂倫、已婚婦女、中出、4小時以上作品、婆婆、高畫質、出軌,多人,https://www.javbus.com/MCSR-356
HZGB-024 煩悩をヌキ飛ばせ！平成の人妻花園劇場108タイトル全部入りBEST,HZGB-024 煩悩をヌキ飛ばせ！平成の人妻花園劇場108タイトル全部入りBEST,HZGB-024,2019-09-27,300分鐘,,人妻花園劇場,imageII,,成熟的女人、合集、已婚婦女、通姦、中出、4小時以上作品、高畫質、出軌、戲劇、巨乳,多人,https://www.javbus.com/HZGB-024
JUSD-845 Madonna2019年上半期全190タイトルBEST8時間,JUSD-845 Madonna2019年上半期全190タイトルBEST8時間,JUSD-845,2019-09-21,480分鐘,,マドンナ,Madonna,,成熟的女人、合集、已婚婦女、數位馬賽克、4小時以上作品、出軌、巨乳、DMM獨家,多人,https://www.javbus.com/JUSD-845
JFB-184 永久保存版！！ 貴方だけを見つめ続ける淫語中出しソープBEST16時間,JFB-184 永久保存版！！ 貴方だけを見つめ続ける淫語中出しソープBEST16時間,JFB-184,2019-09-08,960分鐘,,Fitch,Fitch,貴方だけを見つめ続ける淫語中出しソープ,合集、妓女、淫語、數位馬賽克、中出、主觀視角、16時間以上作品、ヘルス・ソープ、DMM獨家,多人,https://www.javbus.com/JFB-184
BTHA-043 ヘアーヌード～無●正・11人の絶頂・永久保存版～パンティー付/北条麻妃 川上ゆう 椎名そら 神咲詩織 ティア 鈴木心春 澁谷果歩 青山はな 尾上若葉 三島奈津子 NAOMI,BTHA-043 ヘアーヌード～無●正・11人の絶頂・永久保存版～パンティー付/北条麻妃 川上ゆう 椎名そら 神咲詩織 ティア 鈴木心春 澁谷果歩 青山はな 尾上若葉 三島奈津子 NAOMI,BTHA-043,2019-09-06,126分鐘,,スパークビジョン,,ヘアーヌード 無●正,偶像藝人、介紹影片、高畫質,多人,https://www.javbus.com/BTHA-043
BBSS-024 ビビアンが選んだ本当にエロいレズSEX 50連発8時間！！,BBSS-024 ビビアンが選んだ本当にエロいレズSEX 50連発8時間！！,BBSS-024,2019-09-05,480分鐘,,ビビアン,ビビアン,ビビアンが選んだ本当にエロいレズSEX,女同性戀、合集、4小時以上作品、女同接吻、キス・接吻、DMM獨家,多人,https://www.javbus.com/BBSS-024
JUY-961 業界トップクラスの美魔女W豪華初共演！！ 逆3Pハーレム同窓会 全編《肉食妻2人VS草食男1人》完全支配170分！！,JUY-961 業界トップクラスの美魔女W豪華初共演！！ 逆3Pハーレム同窓会 全編《肉食妻2人VS草食男1人》完全支配170分！！,JUY-961,2019-09-05,170分鐘,豆沢豆太郎,マドンナ,Madonna,逆3Pハーレム同窓会,蕩婦、成熟的女人、已婚婦女、多P、數位馬賽克、高畫質、ハーレム、DMM獨家,多人,https://www.javbus.com/JUY-961
BBSS-023 ノンケがレズの快感に目醒める瞬間… カラダに分からせレズビアン調教BEST 4時間,BBSS-023 ノンケがレズの快感に目醒める瞬間… カラダに分からせレズビアン調教BEST 4時間,BBSS-023,2019-09-05,240分鐘,,ビビアン,ビビアン,,女同性戀、合集、性奴、4小時以上作品、女同接吻、DMM獨家,多人,https://www.javbus.com/BBSS-023
MCSR-351 妻に何が起こったか？ ～貞淑な人妻がどうして義父や息子とのセックスに溺れたのか～,MCSR-351 妻に何が起こったか？ ～貞淑な人妻がどうして義父や息子とのセックスに溺れたのか～,MCSR-351,2019-08-24,242分鐘,金子次郎,ビッグモーカル,マスカット,妻に何が起こったか？,亂倫、已婚婦女、中出、4小時以上作品、高畫質、出軌,多人,https://www.javbus.com/MCSR-351
XRW-738 日本緊縛師列伝4時間16人BEST,XRW-738 日本緊縛師列伝4時間16人BEST,XRW-738,2019-08-23,240分鐘,ディラン富増,レアルワークス,REAL（レアルワークス）,日本緊縛師列伝,SM、紧缚、性奴、拘束、4小時以上作品、高畫質,多人,https://www.javbus.com/XRW-738
JFB-181 永久保存版！！ じっくり高める手コキでもてなす完全勃起ともの凄い射精の回春旅館 全作品収録16時間BEST,JFB-181 永久保存版！！ じっくり高める手コキでもてなす完全勃起ともの凄い射精の回春旅館 全作品収録16時間BEST,JFB-181,2019-08-10,960分鐘,,Fitch,Fitch,完全勃起ともの凄い射精の回春旅館,合集、數位馬賽克、女主人、女老板、中出、按摩、16時間以上作品、DMM獨家、打手槍,多人,https://www.javbus.com/JFB-181
JUY-928 妻には口が裂けても言えません、義母さんを孕ませてしまったなんて…。-1泊2日の温泉旅行で、我を忘れて中出ししまくった僕。- 北条麻妃,JUY-928 妻には口が裂けても言えません、義母さんを孕ませてしまったなんて…。-1泊2日の温泉旅行で、我を忘れて中出ししまくった僕。- 北条麻妃,JUY-928,2019-08-03,120分鐘,豆沢豆太郎,マドンナ,Madonna,妻には口が裂けても言えません、義母さんを孕ませてしまったなんて…。,成熟的女人、苗條、已婚婦女、數位馬賽克、中出、婆婆、高畫質、單體作品、DMM獨家,北条麻妃,https://www.javbus.com/JUY-928
ATKD-287 生贄遊戯 拷問、緊縛、鼻フック羞恥の章,ATKD-287 生贄遊戯 拷問、緊縛、鼻フック羞恥の章,ATKD-287,2019-08-03,480分鐘,,アタッカーズ,AttackersBEST,,SM、紧缚、性奴、羞恥、4小時以上作品、DMM獨家,多人,https://www.javbus.com/ATKD-287
JUSD-840 至高のオナニーライフを一ヶ月間楽しめる！！Madonna美熟女SEXカレンダー31人 16時間,JUSD-840 至高のオナニーライフを一ヶ月間楽しめる！！Madonna美熟女SEXカレンダー31人 16時間,JUSD-840,2019-08-03,960分鐘,,マドンナ,Madonna,Madonna美熟女SEXカレンダー,成熟的女人、合集、各種職業、已婚婦女、數位馬賽克、通姦、16時間以上作品、DMM獨家,多人,https://www.javbus.com/JUSD-840
MCSR-347 卑猥映像 絶対ヌケル！！ えげつない濃厚変態SEX4時間20人5 生々しい本気のガチイキスペシャル！！,MCSR-347 卑猥映像 絶対ヌケル！！ えげつない濃厚変態SEX4時間20人5 生々しい本気のガチイキスペシャル！！,MCSR-347,2019-07-27,240分鐘,メカテス武田,ビッグモーカル,マスカット,四十路・五十路・還暦熟女えげつない中出しSEX,成熟的女人、纪录片、中出、高畫質,多人,https://www.javbus.com/MCSR-347
OKAX-534 美人セラピストの細くしなやかな指にビンビンのチ●ポを焦らされておあずけされる悦び,OKAX-534 美人セラピストの細くしなやかな指にビンビンのチ●ポを焦らされておあずけされる悦び,OKAX-534,2019-07-26,243分鐘,,ケイ・エム・プロデュース,おかず。,,口交、制服、4小時以上作品、美容院、按摩、打手槍,多人,https://www.javbus.com/OKAX-534
JUY-896 マドンナ専属！！ 四六時中、娘婿のデカチ○ポが欲しくて堪らない義母の誘い 北条麻妃,JUY-896 マドンナ専属！！ 四六時中、娘婿のデカチ○ポが欲しくて堪らない義母の誘い 北条麻妃,JUY-896,2019-07-04,130分鐘,金田一小五郎,マドンナ,Madonna,四六時中、娘婿のデカチ○ポが欲しくて堪らない義母の誘い,蕩婦、成熟的女人、苗條、已婚婦女、數位馬賽克、婆婆、高畫質、單體作品、DMM獨家,北条麻妃,https://www.javbus.com/JUY-896
JUSD-836 人妻が最も罪悪感を忘れて乱れまくる射精90秒前の激ピストン300連発,JUSD-836 人妻が最も罪悪感を忘れて乱れまくる射精90秒前の激ピストン300連発,JUSD-836,2019-07-04,480分鐘,,マドンナ,Madonna,,成熟的女人、合集、已婚婦女、數位馬賽克、通姦、4小時以上作品、巨乳、DMM獨家,多人,https://www.javbus.com/JUSD-836
XRW-697 中出し破壊 黒人巨大マラ BEST 4時間13人,XRW-697 中出し破壊 黒人巨大マラ BEST 4時間13人,XRW-697,2019-06-28,240分鐘,,レアルワークス,REAL（レアルワークス）,中出し破壊黒人巨大マラ,合集、多P、中出、4小時以上作品、高畫質、デカチン・巨根、黑人演員,多人,https://www.javbus.com/XRW-697
HZGB-021 夫以外のザーメンが膣中に欲しい！孕ませられ願望妻,HZGB-021 夫以外のザーメンが膣中に欲しい！孕ませられ願望妻,HZGB-021,2019-06-28,301分鐘,,人妻花園劇場,人妻花園劇場,,合集、已婚婦女、凌辱、中出、4小時以上作品、高畫質、出軌、戲劇、巨乳,多人,https://www.javbus.com/HZGB-021
MCSR-344 3代目 伝統文化芸能おばさん 10人4時間,MCSR-344 3代目 伝統文化芸能おばさん 10人4時間,MCSR-344,2019-06-22,240分鐘,亀ヶ島三郎,ビッグモーカル,マスカット,,和服・喪服、成熟的女人、各種職業、4小時以上作品、高畫質,多人,https://www.javbus.com/MCSR-344
LZBS-047 レズれ！アクメに溺れる絶頂バスルームぐしょ濡れセックス 厳選ベスト5時間 こんなところでクリを擦り合いピクピクするオンナ達をお見せします！,LZBS-047 レズれ！アクメに溺れる絶頂バスルームぐしょ濡れセックス 厳選ベスト5時間 こんなところでクリを擦り合いピクピクするオンナ達をお見せします！,LZBS-047,2019-06-16,300分鐘,,レズれ！,レズれ！ベスト,,女同性戀、合集、4小時以上作品、汗だく、巨乳、DMM獨家,多人,https://www.javbus.com/LZBS-047
NTLE-007 【愛欲淫鎖】倒錯の義姉妹,NTLE-007 【愛欲淫鎖】倒錯の義姉妹,NTLE-007,2019-06-14,140分鐘,金子次郎,ナタリー文庫,ナタリー文庫,,女同性戀、姐妹、中出、婆婆、高畫質、戲劇,多人,https://www.javbus.com/NTLE-007
NASH-085 問答無用 自宅侵入8連鎖 生ハメ鬼突き！強制射精！ママ友レイプ,NASH-085 問答無用 自宅侵入8連鎖 生ハメ鬼突き！強制射精！ママ友レイプ,NASH-085,2019-06-14,243分鐘,,なでしこ,Nadeshiko,生ハメ鬼突き！強制射精！ママ友レイプ,成熟的女人、已婚婦女、中出、4小時以上作品、高畫質、ママ友,多人,https://www.javbus.com/NASH-085
JUY-865 マドンナ専属美熟女！！背徳で濡れる人妻の肉欲SEX！！ 夫は知らない ～私の淫らな欲望と秘密～ 北条麻妃,JUY-865 マドンナ専属美熟女！！背徳で濡れる人妻の肉欲SEX！！ 夫は知らない ～私の淫らな欲望と秘密～ 北条麻妃,JUY-865,2019-06-01,120分鐘,河合穣治,マドンナ,Madonna,夫は知らない,成熟的女人、苗條、已婚婦女、高、數位馬賽克、高畫質、出軌、單體作品、DMM獨家,北条麻妃,https://www.javbus.com/JUY-865
JUY-837 出張先のビジネスホテルでずっと憧れていた女上司とまさかまさかの相部屋宿泊 北条麻妃,JUY-837 出張先のビジネスホテルでずっと憧れていた女上司とまさかまさかの相部屋宿泊 北条麻妃,JUY-837,2019-05-04,120分鐘,豆沢豆太郎,マドンナ,Madonna,出張先のビジネスホテルでずっと憧れていた女上司とまさかまさかの相部屋宿泊,成熟的女人、各種職業、連褲襪、已婚婦女、數位馬賽克、高畫質、出軌、單體作品、DMM獨家,北条麻妃,https://www.javbus.com/JUY-837
PHD-003 緊縛奴隷夫人 縛られて犯される人妻たち 12人4時間,PHD-003 緊縛奴隷夫人 縛られて犯される人妻たち 12人4時間,PHD-003,2019-04-30,239分鐘,,バミューダ,フェニックス,,成熟的女人、紧缚、合集、4小時以上作品、高畫質,多人,https://www.javbus.com/PHD-003
TAD-014 奇縄 失われた恥毛 北条麻妃,TAD-014 奇縄 失われた恥毛 北条麻妃,TAD-014,2019-04-22,120分鐘,あばしり一家,バミューダ,タランチュラ,奇縄,放尿、紧缚、其他戀物癖、無毛、高畫質、單體作品,北条麻妃,https://www.javbus.com/TAD-014
HFD-191 ベロい接吻,HFD-191 ベロい接吻,HFD-191,2019-04-19,243分鐘,,ドリームチケット,,,蕩婦、口交、合集、4小時以上作品、高畫質、キス・接吻,多人,https://www.javbus.com/HFD-191
RVG-092 夜這いされ喘ぎ声を我慢しながら旦那の横で中出しまでされる人妻20人BEST vol.2,RVG-092 夜這いされ喘ぎ声を我慢しながら旦那の横で中出しまでされる人妻20人BEST vol.2,RVG-092,2019-04-17,480分鐘,,グローリークエスト,GLORYQUEST,夜這いされ喘ぎ声を我慢しながら旦那の横で中出しまでされる人妻,合集、已婚婦女、中出、4小時以上作品、高畫質、出軌,多人,https://www.javbus.com/RVG-092
PHD-005 緊縛媚薬レイプ 闇に潜む鬼たち 4時間 17人の犠牲者,PHD-005 緊縛媚薬レイプ 闇に潜む鬼たち 4時間 17人の犠牲者,PHD-005,2019-04-16,240分鐘,,バミューダ,フェニックス,,藥物、紧缚、4小時以上作品、高畫質,多人,https://www.javbus.com/PHD-005
JARB-026 美しすぎる親友の母,JARB-026 美しすぎる親友の母,JARB-026,2019-04-12,240分鐘,長澤純,日本藝術浪漫文庫,日本藝術浪漫文庫,,成熟的女人、母親、已婚婦女、通姦、中出、4小時以上作品、高畫質、戲劇,多人,https://www.javbus.com/JARB-026
PHD-002 刺青の女たち 12人 4時間,PHD-002 刺青の女たち 12人 4時間,PHD-002,2019-04-06,239分鐘,,バミューダ,フェニックス,,其他戀物癖、合集、4小時以上作品、高畫質,多人,https://www.javbus.com/PHD-002
PHD-007 縛り拷問 奴隷市場の宴 其ノ四 12人4時間,PHD-007 縛り拷問 奴隷市場の宴 其ノ四 12人4時間,PHD-007,2019-04-05,239分鐘,,バミューダ,フェニックス,奴隷市場の宴,紧缚、合集、性奴、4小時以上作品、高畫質、折磨,多人,https://www.javbus.com/PHD-007
NBES-010 JET映像3年間の集大成 フェラチオNTR100人BEST8時間,NBES-010 JET映像3年間の集大成 フェラチオNTR100人BEST8時間,NBES-010,2019-04-04,480分鐘,,JET映像,JET映像,,成熟的女人、合集、已婚婦女、4小時以上作品、出軌、DMM獨家,多人,https://www.javbus.com/NBES-010
JUY-805 AV界のレジェンド美熟女マドンナ専属決定スペシャル！！ 北条麻妃が人生で一番乱れる‘本気’の3本番,JUY-805 AV界のレジェンド美熟女マドンナ専属決定スペシャル！！ 北条麻妃が人生で一番乱れる‘本気’の3本番,JUY-805,2019-04-04,150分鐘,豆沢豆太郎,マドンナ,Madonna,,成熟的女人、第一人稱攝影、纪录片、數位馬賽克、乳房、高畫質、キス・接吻、單體作品、DMM獨家,北条麻妃,https://www.javbus.com/JUY-805
AVS-022 AVSCollector’s2018年間 SPECIAL BESTカタログ,AVS-022 AVSCollector’s2018年間 SPECIAL BESTカタログ,AVS-022,2019-03-23,241分鐘,,AVScollector’s,AVS,エーヴィエスカタログ,成熟的女人、紧缚、合集、已婚婦女、中出、4小時以上作品、高畫質、DMM獨家,多人,https://www.javbus.com/AVS-022
AVSA-081 搾精美熟女 北条麻妃,AVSA-081 搾精美熟女 北条麻妃,AVSA-081,2019-03-11,122分鐘,ラッシャーみよし,AVScollector’s,AVSCollector’s,,蕩婦、成熟的女人、高畫質、單體作品、DMM獨家,北条麻妃,https://www.javbus.com/AVSA-081
ADBS-008 【相姦の家】旦那の父と 性愛に溺れた嫁,ADBS-008 【相姦の家】旦那の父と 性愛に溺れた嫁,ADBS-008,2019-03-08,141分鐘,金子次郎,アダム書房,アダム書房,,中出、婆婆、高畫質、戲劇,多人,https://www.javbus.com/ADBS-008
NASH-020 強姦 犯された人妻たち,NASH-020 強姦 犯された人妻たち,NASH-020,2019-03-08,241分鐘,,なでしこ,Nadeshiko,,成熟的女人、已婚婦女、性奴、4小時以上作品、高畫質,多人,https://www.javbus.com/NASH-020
NASH-021 とある夫婦のリアルなセックスライフ,NASH-021 とある夫婦のリアルなセックスライフ,NASH-021,2019-03-08,241分鐘,,なでしこ,Nadeshiko,,成熟的女人、合集、已婚婦女、4小時以上作品、高畫質、巨乳,多人,https://www.javbus.com/NASH-021
JUSD-819 夫以外に膣内射精を求める妊娠覚悟の不貞中出し性交 総集編8時間,JUSD-819 夫以外に膣内射精を求める妊娠覚悟の不貞中出し性交 総集編8時間,JUSD-819,2019-03-06,480分鐘,,マドンナ,Madonna,,成熟的女人、合集、已婚婦女、數位馬賽克、通姦、中出、4小時以上作品、DMM獨家,多人,https://www.javbus.com/JUSD-819
ATAD-142 恥じらいの脱糞 完全保存版001,ATAD-142 恥じらいの脱糞 完全保存版001,ATAD-142,2019-03-06,480分鐘,三島六三郎,アタッカーズ,アタッカーズアンソロジー,恥じらいの脱糞,排便、空中小姐、4小時以上作品、DMM獨家,多人,https://www.javbus.com/ATAD-142
BTHA-038 ヘアーヌード～無●正・美-熟女・究極のエロイメージ～ 北条麻妃 III,BTHA-038 ヘアーヌード～無●正・美-熟女・究極のエロイメージ～ 北条麻妃 III,BTHA-038,2019-02-26,74分鐘,,スパークビジョン,,ヘアーヌード無●正,偶像藝人、介紹影片、高畫質、性愛、單體作品,北条麻妃,https://www.javbus.com/BTHA-038
BTHA-019 ヘアーヌード～無●正・美-熟女・究極のエロイメージ～ 北条麻妃,BTHA-019 ヘアーヌード～無●正・美-熟女・究極のエロイメージ～ 北条麻妃,BTHA-019,2019-02-26,94分鐘,,スパークビジョン,,ヘアーヌード無●正,偶像藝人、介紹影片、高畫質、性愛、單體作品,北条麻妃,https://www.javbus.com/BTHA-019
SITA-009 ターゲットは欲求不満な人妻たち！昼顔夫人を3Pで好き放題犯しまくり、顔射！中出し！,SITA-009 ターゲットは欲求不満な人妻たち！昼顔夫人を3Pで好き放題犯しまくり、顔射！中出し！,SITA-009,2019-02-25,114分鐘,TANAKA,フューチャー,Situation,,成熟的女人、口交、已婚婦女、多P、深喉、女上位、高畫質、打手槍,多人,https://www.javbus.com/SITA-009
CXAZ-049 いけないとわかっていてもオマ○コ舐めたいんです。クリトリスを舌で刺激され自分でも信じられないくらいマン汁が出てしまったノンケは、戸惑いつつもレズクンニの虜になる DX4時間,CXAZ-049 いけないとわかっていてもオマ○コ舐めたいんです。クリトリスを舌で刺激され自分でも信じられないくらいマン汁が出てしまったノンケは、戸惑いつつもレズクンニの虜になる DX4時間,CXAZ-049,2019-02-18,229分鐘,,ジャネス,ladies,いけないとわかっていてもオマ○コ舐めたいんです,OL、女同性戀、女教師、合集、亂倫、舔陰、4小時以上作品、美容院、女同接吻、高中女生,多人,https://www.javbus.com/CXAZ-049
AXBC-052 突然、痴漢レ○プされたスレンダー美乳妻 「あなた…助けて…」と思いながらもオマ○コがイッてしまう私 2 北条麻妃,AXBC-052 突然、痴漢レ○プされたスレンダー美乳妻 「あなた…助けて…」と思いながらもオマ○コがイッてしまう私 2 北条麻妃,AXBC-052,2019-02-18,121分鐘,TANAKA,ジャネス,艶女,,苗條、口交、已婚婦女、性騷擾、乳房、中出、美容院、高畫質、單體作品、打手槍,北条麻妃,https://www.javbus.com/AXBC-052
RASH-002 女の口はエロス溢れる性器なり 神淫語 カウパー液がジワッと広がる大人の囁き 北条麻妃,RASH-002 女の口はエロス溢れる性器なり 神淫語 カウパー液がジワッと広がる大人の囁き 北条麻妃,RASH-002,2019-02-10,117分鐘,ラッシャーみよし,AVScollector’s,AVSCollector’s,神淫語,成熟的女人、淫語、高畫質、單體作品、DMM獨家,北条麻妃,https://www.javbus.com/RASH-002
JUY-755 密着セックス ～研修旅行先で深まる、上司との不貞関係～ 北条麻妃,JUY-755 密着セックス ～研修旅行先で深まる、上司との不貞関係～ 北条麻妃,JUY-755,2019-02-02,120分鐘,三島六三郎,マドンナ,Madonna,密着セックス,成熟的女人、OL、已婚婦女、數位馬賽克、通姦、高畫質、汗だく、單體作品、DMM獨家,北条麻妃,https://www.javbus.com/JUY-755
BBSS-018 熟れたカラダ… 大人な絡みに溺れ合うレズビアンSEX 4時間,BBSS-018 熟れたカラダ… 大人な絡みに溺れ合うレズビアンSEX 4時間,BBSS-018,2019-02-02,240分鐘,,ビビアン,ビビアン,,成熟的女人、女同性戀、已婚婦女、4小時以上作品、女同接吻、キス・接吻、DMM獨家,多人,https://www.javbus.com/BBSS-018
NACX-024 細腰美熟女に中出し20人,NACX-024 細腰美熟女に中出し20人,NACX-024,2019-02-01,243分鐘,,プラネットプラス,七狗留,,成熟的女人、苗條、已婚婦女、中出、4小時以上作品、高畫質,多人,https://www.javbus.com/NACX-024
VSED-112 綺麗なおばさま達の濃厚レズ,VSED-112 綺麗なおばさま達の濃厚レズ,VSED-112,2019-01-31,476分鐘,,シックスナイン,シックスナイン,,成熟的女人、女同性戀、已婚婦女、花癡、4小時以上作品、巨乳,多人,https://www.javbus.com/VSED-112
BTHA-036 ヘアーヌード～セクシー女優10人のオナニー～,BTHA-036 ヘアーヌード～セクシー女優10人のオナニー～,BTHA-036,2019-01-26,108分鐘,,スパークビジョン,スパークビジョン,ヘアーヌード無●正,偶像藝人、介紹影片、高畫質,多人,https://www.javbus.com/BTHA-036
GIGL-535 感じやすい細身のカラダに突き挿れられた息子のデカチンが子宮の奥に直撃するバックからの突きにイキ堕ちる敏感な母,GIGL-535 感じやすい細身のカラダに突き挿れられた息子のデカチンが子宮の奥に直撃するバックからの突きにイキ堕ちる敏感な母,GIGL-535,2019-01-25,239分鐘,長澤純,GIGOLO（ジゴロ）,GIGOLO,,和服・喪服、成熟的女人、苗條、母親、亂倫、中出、4小時以上作品、高畫質、戲劇,多人,https://www.javbus.com/GIGL-535
EMAF-487 女好きの女将のレズイカせおもてなし,EMAF-487 女好きの女将のレズイカせおもてなし,EMAF-487,2019-01-18,240分鐘,清水橋健太,フォーディメンション/エマニエル,フォーディメンション（エマニエル）,,成熟的女人、女同性戀、4小時以上作品、女同接吻、出軌、DMM獨家,多人,https://www.javbus.com/EMAF-487
JUSD-812 中華なると原作 Madonna祝15周年記念豪華版！！！！ 熟れコミ全13タイトルBOX16時間,JUSD-812 中華なると原作 Madonna祝15周年記念豪華版！！！！ 熟れコミ全13タイトルBOX16時間,JUSD-812,2018-12-29,960分鐘,,マドンナ,Madonna,,成熟的女人、合集、已婚婦女、數位馬賽克、性奴、原作コラボ、16時間以上作品、DMM獨家,多人,https://www.javbus.com/JUSD-812
HZGB-015 人妻花園劇場2周年記念 射精直前の一番気持ちいい鬼ピストン！厳選87連発,HZGB-015 人妻花園劇場2周年記念 射精直前の一番気持ちいい鬼ピストン！厳選87連発,HZGB-015,2018-12-28,300分鐘,,人妻花園劇場,人妻花園劇場,,成熟的女人、口交、合集、已婚婦女、花癡、乳房、凌辱、中出、4小時以上作品、高畫質、戲劇、巨乳、內衣,多人,https://www.javbus.com/HZGB-015
AVVB-014 【VR】高精細映像4K完全収録！ドッピュン！ドクッドク孕ませ中出しSEX 長尺VR120分,AVVB-014 【VR】高精細映像4K完全収録！ドッピュン！ドクッドク孕ませ中出しSEX 長尺VR120分,AVVB-014,2018-12-21,120分鐘,,AVVR,AVVR,ドッピュン！ドクッドク孕ませ中出しSEX,口交、合集、中出、3D、VR専用、巨乳,多人,https://www.javbus.com/AVVB-014
EIH-032 犯された美人妻 8時間6話収録,EIH-032 犯された美人妻 8時間6話収録,EIH-032,2018-12-20,480分鐘,,STARPARADISE,EIGHT-H,,已婚婦女、凌辱、4小時以上作品、高畫質,多人,https://www.javbus.com/EIH-032
JUSD-810 マドンナが刻んだ人妻・熟女の歴史 15年間×売上TOP20=300作品 The Madonna Best 2004～2018,JUSD-810 マドンナが刻んだ人妻・熟女の歴史 15年間×売上TOP20=300作品 The Madonna Best 2004～2018,JUSD-810,2018-12-16,1440分鐘,,マドンナ,Madonna,,成熟的女人、濫交、合集、各種職業、已婚婦女、數位馬賽克、16時間以上作品、DMM獨家,多人,https://www.javbus.com/JUSD-810
MCSR-328 もしも…ムチムチプリプリの美痴女が突然家族の一員になったとしたら…12人4時間,MCSR-328 もしも…ムチムチプリプリの美痴女が突然家族の一員になったとしたら…12人4時間,MCSR-328,2018-12-15,240分鐘,金子次郎,ビッグモーカル,マスカット,,蕩婦、亂倫、已婚婦女、中出、4小時以上作品、高畫質,多人,https://www.javbus.com/MCSR-328
XRW-611 剃毛緊縛02 繁みを剃られて縛られて姦淫！,XRW-611 剃毛緊縛02 繁みを剃られて縛られて姦淫！,XRW-611,2018-12-14,120分鐘,ディラン富増,レアルワークス,REAL（レアルワークス）,剃毛緊縛,無毛、性奴、拘束、凌辱、高畫質,多人,https://www.javbus.com/XRW-611
EMBZ-169 淫乱痴熟女 「疲れたあなたを癒してくれるのは、やっぱりクソえっろい美熟女でしょ…」,EMBZ-169 淫乱痴熟女 「疲れたあなたを癒してくれるのは、やっぱりクソえっろい美熟女でしょ…」,EMBZ-169,2018-12-10,180分鐘,,熟女塾/エマニエル,熟女塾,,蕩婦、成熟的女人、其他戀物癖、花癡、DMM獨家,多人,https://www.javbus.com/EMBZ-169
MRXB-016 マルクス 2018年 全14タイトル スペシャルBEST8時間,MRXB-016 マルクス 2018年 全14タイトル スペシャルBEST8時間,MRXB-016,2018-12-09,480分鐘,,MARX,MARX（マルクス兄弟）,,合集、性奴、4小時以上作品、出軌、巨乳、DMM獨家,多人,https://www.javbus.com/MRXB-016
BBSS-016 女同士でこんなこと…だめえぇぇぇっ！！ 強引に迫られて濡れてしまうカラダ…嫌がり抵抗する女を快楽に堕とすレズレ○プ4時間,BBSS-016 女同士でこんなこと…だめえぇぇぇっ！！ 強引に迫られて濡れてしまうカラダ…嫌がり抵抗する女を快楽に堕とすレズレ○プ4時間,BBSS-016,2018-12-06,240分鐘,,ビビアン,ビビアン,,淫語、凌辱、DMM獨家,多人,https://www.javbus.com/BBSS-016
GIGL-527 子供扱いしていた甥っ子から女として見られてると知った叔母さんは若い性欲に押し負けたフリをして年の差セックスに燃え上がった 4時間,GIGL-527 子供扱いしていた甥っ子から女として見られてると知った叔母さんは若い性欲に押し負けたフリをして年の差セックスに燃え上がった 4時間,GIGL-527,2018-11-23,239分鐘,長澤純,GIGOLO（ジゴロ）,GIGOLO,,成熟的女人、亂倫、已婚婦女、中出、4小時以上作品、高畫質、戲劇,多人,https://www.javbus.com/GIGL-527
SPBX-005 タカラ映像2016年下半期ベストカタログ,SPBX-005 タカラ映像2016年下半期ベストカタログ,SPBX-005,2018-11-22,480分鐘,,タカラ映像,TAKARA,作品集,成熟的女人、合集、已婚婦女、4小時以上作品、高畫質,多人,https://www.javbus.com/SPBX-005
PRMJ-015 禁断の母子相姦 四十路五十路六十路 濃厚中出し交尾 25連発,PRMJ-015 禁断の母子相姦 四十路五十路六十路 濃厚中出し交尾 25連発,PRMJ-015,2018-11-18,240分鐘,,プレミアム熟女/エマニエル,プレミアム熟女/エマニエル,,成熟的女人、胖女人、亂倫、中出、巨乳、DMM獨家,多人,https://www.javbus.com/PRMJ-015
ABBA-407 センタービレッジ歴代女優ランキングベスト30 8時間,ABBA-407 センタービレッジ歴代女優ランキングベスト30 8時間,ABBA-407,2018-11-15,485分鐘,,センタービレッジ,センタービレッジ,,成熟的女人、合集、4小時以上作品、高畫質,多人,https://www.javbus.com/ABBA-407
SVS-060 ノーパンパンストで誘惑し濡れ堕ちる女達の淫乱SEX10人4時間,SVS-060 ノーパンパンストで誘惑し濡れ堕ちる女達の淫乱SEX10人4時間,SVS-060,2018-11-11,240分鐘,,AVScollector’s,AVS,,合集、連褲襪、4小時以上作品、高畫質、DMM獨家,多人,https://www.javbus.com/SVS-060
VERO-081 カメラは見た！女優がドラマを忘れて快楽に没頭している瞬間… S級熟女のシーツ掴み本気絶頂（マジイキ）セックスコレクション 30人8時間,VERO-081 カメラは見た！女優がドラマを忘れて快楽に没頭している瞬間… S級熟女のシーツ掴み本気絶頂（マジイキ）セックスコレクション 30人8時間,VERO-081,2018-11-11,480分鐘,,VENUS,女神（ヴィーナス）,,成熟的女人、合集、已婚婦女、中出、4小時以上作品、DMM獨家,多人,https://www.javbus.com/VERO-081
MCSR-323 卑猥爆尻 ナイスケッツ美熟女 15人4時間,MCSR-323 卑猥爆尻 ナイスケッツ美熟女 15人4時間,MCSR-323,2018-11-10,240分鐘,松浦大輔,ビッグモーカル,マスカット,,成熟的女人、已婚婦女、4小時以上作品、高畫質、巨尻,多人,https://www.javbus.com/MCSR-323
NASS-939 撮影スタッフが選んだ現場で仕事が手につかないほど興奮したおばさんの燃えるような手コキ100連発傑作選2,NASS-939 撮影スタッフが選んだ現場で仕事が手につかないほど興奮したおばさんの燃えるような手コキ100連発傑作選2,NASS-939,2018-11-09,239分鐘,,なでしこ,Nadeshiko,撮影スタッフが選んだ現場で仕事が手につかないほど興奮した○○,成熟的女人、口交、胖女人、4小時以上作品、高畫質、巨乳、打手槍,多人,https://www.javbus.com/NASS-939
NASS-935 【えげつない中高年】加齢臭とメス臭が匂いたつほどの濃厚な大人のまぐわい,NASS-935 【えげつない中高年】加齢臭とメス臭が匂いたつほどの濃厚な大人のまぐわい,NASS-935,2018-11-09,240分鐘,,なでしこ,Nadeshiko,,成熟的女人、已婚婦女、4小時以上作品、高畫質、出軌、巨乳,多人,https://www.javbus.com/NASS-935
JARB-008 姦通 団地妻と間男,JARB-008 姦通 団地妻と間男,JARB-008,2018-11-09,235分鐘,長澤純,日本藝術浪漫文庫,日本藝術浪漫文庫,,成熟的女人、已婚婦女、通姦、4小時以上作品、高畫質、戲劇,多人,https://www.javbus.com/JARB-008
VENU-826 近親相姦BESTVI30人8時間,VENU-826 近親相姦BESTVI30人8時間,VENU-826,2018-11-04,480分鐘,,VENUS,INCEST（ヴィーナス）,近親相姦（VENUS）,成熟的女人、合集、已婚婦女、中出、4小時以上作品、DMM獨家,多人,https://www.javbus.com/VENU-826
JFB-166 恥辱の生尻肛門調教 BEST8時間,JFB-166 恥辱の生尻肛門調教 BEST8時間,JFB-166,2018-10-27,480分鐘,,Fitch,Fitch,恥辱の生尻肛門調教,合集、已婚婦女、性奴、出軌、DMM獨家、肛交,多人,https://www.javbus.com/JFB-166
DINM-464 男はボク一人きり！！ド淫乱熟女軍団に抜かれっぱなしの極上筆下ろし初体験 22組40人8時間,DINM-464 男はボク一人きり！！ド淫乱熟女軍団に抜かれっぱなしの極上筆下ろし初体験 22組40人8時間,DINM-464,2018-10-19,480分鐘,,ダイナマイトエンタープライズ,ダイナマイトプレミア,,成熟的女人、合集、已婚婦女、中出、4小時以上作品、DMM獨家,多人,https://www.javbus.com/DINM-464
DINM-466 潮吹き放題！マン汁垂らし放題！クリトリスがふやけるまでじゃぶじゃぶ掻き混ぜオナニー～美容に自慰に忙しい長風呂かあさん～ 60人8時間,DINM-466 潮吹き放題！マン汁垂らし放題！クリトリスがふやけるまでじゃぶじゃぶ掻き混ぜオナニー～美容に自慰に忙しい長風呂かあさん～ 60人8時間,DINM-466,2018-10-19,480分鐘,,ダイナマイトエンタープライズ,ダイナマイトプレミア,,成熟的女人、合集、已婚婦女、中出、4小時以上作品、DMM獨家,多人,https://www.javbus.com/DINM-466
ABBA-403 息を潜めて股間を熱くする！！奥様の生着替え～かすかに残る下着跡や艶っぽさにギンギン濃密中出しセックス～ 30人4時間,ABBA-403 息を潜めて股間を熱くする！！奥様の生着替え～かすかに残る下着跡や艶っぽさにギンギン濃密中出しセックス～ 30人4時間,ABBA-403,2018-10-18,243分鐘,,センタービレッジ,センタービレッジ,,成熟的女人、合集、已婚婦女、中出、4小時以上作品、高畫質,多人,https://www.javbus.com/ABBA-403
UMSO-211 高慢な熟女には店長の特別コース！エビ反り媚薬エステ！！,UMSO-211 高慢な熟女には店長の特別コース！エビ反り媚薬エステ！！,UMSO-211,2018-10-12,244分鐘,,ケイ・エム・プロデュース,UMANAMI,,成熟的女人、合集、已婚婦女、4小時以上作品、美容院、高畫質,多人,https://www.javbus.com/UMSO-211
MRXB-014 MARX リニューアル記念 8時間 大総集編 パート4,MRXB-014 MARX リニューアル記念 8時間 大総集編 パート4,MRXB-014,2018-10-12,480分鐘,,MARX,MARX（マルクス兄弟）,MARX大総集編,合集、性奴、4小時以上作品、戲劇、巨乳、DMM獨家,多人,https://www.javbus.com/MRXB-014
MMIX-009 美熟女の卑猥な尻穴見せつけグリグリじゅぼじゅぼバックオナニーベスト 22人4時間,MMIX-009 美熟女の卑猥な尻穴見せつけグリグリじゅぼじゅぼバックオナニーベスト 22人4時間,MMIX-009,2018-10-07,240分鐘,Pigマム,MellowMoon（メロウムーン）,MellowMoon（メロウムーン）,,成熟的女人、屁股、4小時以上作品、高畫質、巨乳、DMM獨家、自慰、肛交,多人,https://www.javbus.com/MMIX-009
MDB-940 男の欲望 ありえない願望シチュエーションスペシャルBEST 4時間,MDB-940 男の欲望 ありえない願望シチュエーションスペシャルBEST 4時間,MDB-940,2018-09-28,241分鐘,K太郎,メディアステーション,BAZOOKA（バズーカ）,,合集、多P、妄想、中出、4小時以上作品、高畫質,多人,https://www.javbus.com/MDB-940
HZGB-012 他人棒ガン突かれ妻-特別編集版-,HZGB-012 他人棒ガン突かれ妻-特別編集版-,HZGB-012,2018-09-28,301分鐘,,人妻花園劇場,人妻花園劇場,,成熟的女人、苗條、口交、乳交、亂倫、已婚婦女、新娘、年輕妻子、性奴、凌辱、中出、女上位、4小時以上作品、高畫質、出軌、戲劇、巨乳、內衣,多人,https://www.javbus.com/HZGB-012
JUSD-802 2018年上半期全199タイトルBEST8時間,JUSD-802 2018年上半期全199タイトルBEST8時間,JUSD-802,2018-09-25,480分鐘,,マドンナ,Madonna,マドンナ○半期,成熟的女人、合集、已婚婦女、數位馬賽克、出軌、巨乳、DMM獨家,多人,https://www.javbus.com/JUSD-802
EMAF-471 これからが本番よ 課外授業に燃える熱血エロ先生！,EMAF-471 これからが本番よ 課外授業に燃える熱血エロ先生！,EMAF-471,2018-09-19,240分鐘,清水橋健太,フォーディメンション/エマニエル,フォーディメンション（エマニエル）,,成熟的女人、4小時以上作品、DMM獨家,多人,https://www.javbus.com/EMAF-471
VERO-077 竿と金玉だけを重点的に洗いたがるS級熟女～「綺麗にしてあげる…」と言いながら泡まみれの潤滑指を金玉の裏から亀頭の先までスクリューさせて大量射精へと導く無摩擦手コキ42人8時間,VERO-077 竿と金玉だけを重点的に洗いたがるS級熟女～「綺麗にしてあげる…」と言いながら泡まみれの潤滑指を金玉の裏から亀頭の先までスクリューさせて大量射精へと導く無摩擦手コキ42人8時間,VERO-077,2018-09-19,480分鐘,,VENUS,女神（ヴィーナス）,,成熟的女人、合集、已婚婦女、中出、4小時以上作品、DMM獨家,多人,https://www.javbus.com/VERO-077
PRMJ-006 家庭教師 おばさんのお色気ムンムンな指導法,PRMJ-006 家庭教師 おばさんのお色気ムンムンな指導法,PRMJ-006,2018-09-19,240分鐘,,プレミアム熟女/エマニエル,プレミアム熟女/エマニエル,,成熟的女人、家教、已婚婦女、中出、巨乳、DMM獨家,多人,https://www.javbus.com/PRMJ-006
FMR-74 北条麻妃 極上映像4時間,FMR-74 北条麻妃 極上映像4時間,FMR-74,2018-09-19,240分鐘,,ルビー,琥珀,極上映像4時間,成熟的女人、亂倫、已婚婦女、女優ベスト・総集編、單體作品、DMM獨家,北条麻妃,https://www.javbus.com/FMR-74
MCSR-316 働くおばさん 11人4時間SP 共働きであくせく働く人妻が隙だらけ。熟女としては100点の肉感的なカラダなのでチャンスがあればセックスしたい。,MCSR-316 働くおばさん 11人4時間SP 共働きであくせく働く人妻が隙だらけ。熟女としては100点の肉感的なカラダなのでチャンスがあればセックスしたい。,MCSR-316,2018-09-15,240分鐘,亀ヶ島三郎,ビッグモーカル,マスカット,,成熟的女人、各種職業、已婚婦女、制服、4小時以上作品、高畫質,多人,https://www.javbus.com/MCSR-316
NASS-914 剛毛熟女に濃厚中出し10人VOL.2,NASS-914 剛毛熟女に濃厚中出し10人VOL.2,NASS-914,2018-09-14,243分鐘,,なでしこ,Nadeshiko,剛毛熟女に濃厚中出し,成熟的女人、合集、已婚婦女、中出、4小時以上作品、高畫質,多人,https://www.javbus.com/NASS-914
ABBA-398 おい！娘がいるだろ！？ だって、私もうガマンできないの！！ 夜まで待てないおねだり叔母さんの即ハメ中出し交尾 30人8時間,ABBA-398 おい！娘がいるだろ！？ だって、私もうガマンできないの！！ 夜まで待てないおねだり叔母さんの即ハメ中出し交尾 30人8時間,ABBA-398,2018-09-13,485分鐘,,センタービレッジ,センタービレッジ,,成熟的女人、合集、已婚婦女、中出、4小時以上作品、高畫質、立即口交,多人,https://www.javbus.com/ABBA-398
MGHT-210 四十路奥さま鬼ファック！1000人の中から選んだ淫乱熟女50人8時間,MGHT-210 四十路奥さま鬼ファック！1000人の中から選んだ淫乱熟女50人8時間,MGHT-210,2018-09-13,478分鐘,,タカラ映像,TAKARA,2枚組8時間（タカラ映像）,成熟的女人、合集、已婚婦女、花癡、4小時以上作品、高畫質,多人,https://www.javbus.com/MGHT-210
MLSM-011 S級美熟女ベスト 北条麻妃 4時間 淫乱女王！,MLSM-011 S級美熟女ベスト 北条麻妃 4時間 淫乱女王！,MLSM-011,2018-09-07,240分鐘,,MellowMoon（メロウムーン）,MellowMoon（メロウムーン）,美熟女ベスト,成熟的女人、各種職業、乳房、中出、女上位、4小時以上作品、女優ベスト・総集編、單體作品、DMM獨家,北条麻妃,https://www.javbus.com/MLSM-011
JUSD-800 ～咲き乱れる花々になぞらえた人妻レズドラマ10シチュエーション～ 花言葉レズビアン 総集編8時間,JUSD-800 ～咲き乱れる花々になぞらえた人妻レズドラマ10シチュエーション～ 花言葉レズビアン 総集編8時間,JUSD-800,2018-09-07,480分鐘,,マドンナ,Madonna,,成熟的女人、女同性戀、合集、已婚婦女、數位馬賽克、戲劇、DMM獨家,多人,https://www.javbus.com/JUSD-800
NACX-016 ほろ酔いの部下の嫁がエロ過ぎて…,NACX-016 ほろ酔いの部下の嫁がエロ過ぎて…,NACX-016,2018-09-01,240分鐘,,プラネットプラス,七狗留,,成熟的女人、合集、已婚婦女、4小時以上作品、高畫質、出軌,多人,https://www.javbus.com/NACX-016
OOMN-236 息子のチ●コを愛しすぎる母 手コキ70発射,OOMN-236 息子のチ●コを愛しすぎる母 手コキ70発射,OOMN-236,2018-08-25,240分鐘,,ABC/妄想族,お母さん.com（ABC/妄想族）,,成熟的女人、母親、合集、DMM獨家、打手槍,多人,https://www.javbus.com/OOMN-236
NASS-908 スレンダー美熟女に中出し3 10人,NASS-908 スレンダー美熟女に中出し3 10人,NASS-908,2018-08-24,243分鐘,,なでしこ,Nadeshiko,スレンダー美熟女に中出し,成熟的女人、苗條、已婚婦女、中出、4小時以上作品、高畫質,多人,https://www.javbus.com/NASS-908
MCSR-309 ★配信限定特典付★今夜妻が浮気します 4時間12人,MCSR-309 ★配信限定特典付★今夜妻が浮気します 4時間12人,MCSR-309,2018-08-23,281分鐘,メカテス武田,ビッグモーカル,マスカット,,已婚婦女、通姦、中出、4小時以上作品、高畫質、出軌、巨乳,多人,https://www.javbus.com/MCSR-309
HRD-132 ふんどし熟女,HRD-132 ふんどし熟女,HRD-132,2018-08-17,240分鐘,鶴明星,ルビー,greed,,角色扮演、成熟的女人、無毛、4小時以上作品、DMM獨家,多人,https://www.javbus.com/HRD-132
DINM-454 くちゅくちゅがエロ～い！痴女感たっぷり熟女の唾液でねっちょり手コキ！唾垂らしフェラ！ぬるぬるパイズリ！金玉空っぽ必至の大量発射！50人8時間,DINM-454 くちゅくちゅがエロ～い！痴女感たっぷり熟女の唾液でねっちょり手コキ！唾垂らしフェラ！ぬるぬるパイズリ！金玉空っぽ必至の大量発射！50人8時間,DINM-454,2018-08-17,480分鐘,,ダイナマイトエンタープライズ,ダイナマイトプレミア,,成熟的女人、合集、已婚婦女、中出、4小時以上作品,多人,https://www.javbus.com/DINM-454
TOMN-154 滴る愛液が色気を醸す魅力 艶女汗だく性交 BEST 2,TOMN-154 滴る愛液が色気を醸す魅力 艶女汗だく性交 BEST 2,TOMN-154,2018-08-16,240分鐘,,TEPPAN,TEPPANSPECIAL,滴る愛液が色気を醸す魅力艶女汗だく性交BEST,成熟的女人、合集、數位馬賽克、汗だく、巨乳、DMM獨家,多人,https://www.javbus.com/TOMN-154
RBB-139 日焼けあとが残るドエロボディの女の子とSEX8時間 SUMMER LOVE！LOVE！,RBB-139 日焼けあとが残るドエロボディの女の子とSEX8時間 SUMMER LOVE！LOVE！,RBB-139,2018-08-16,470分鐘,,ROOKIE,ROOKIE,,合集、日焼け、DMM獨家、女生、蘿莉塔,多人,https://www.javbus.com/RBB-139
AVSW-055 北条麻妃の世界 Part.3,AVSW-055 北条麻妃の世界 Part.3,AVSW-055,2018-08-12,242分鐘,,AVScollector’s,AVS,,4小時以上作品、高畫質、女優ベスト・総集編、單體作品、DMM獨家,北条麻妃,https://www.javbus.com/AVSW-055
TNH-014 「BIZARRE！！」 BONDAGE LIFE VOL.2 北条麻妃,TNH-014 「BIZARRE！！」 BONDAGE LIFE VOL.2 北条麻妃,TNH-014,2018-07-31,102分鐘,雪村春童,大洋図書,S＆Mスナイパー,BONDAGELIFE,SM、紧缚、拘束、單體作品,北条麻妃,https://www.javbus.com/TNH-014
JUJU-175 もしもパンチラを見てまんまるお尻に欲情しフル勃起しているのがバレたら… 後ろからコッソリ覗いたつもりが全部お見通し！？お仕置きと称して生挿入させられちゃいました！ 40人8時間,JUJU-175 もしもパンチラを見てまんまるお尻に欲情しフル勃起しているのがバレたら… 後ろからコッソリ覗いたつもりが全部お見通し！？お仕置きと称して生挿入させられちゃいました！ 40人8時間,JUJU-175,2018-07-29,480分鐘,,熟女JAPAN,熟女JAPAN,,成熟的女人、合集、已婚婦女、中出、4小時以上作品、DMM獨家,多人,https://www.javbus.com/JUJU-175
HZGB-010 人妻に強制中出し孕ませSEX 300分！第二弾,HZGB-010 人妻に強制中出し孕ませSEX 300分！第二弾,HZGB-010,2018-07-27,301分鐘,,人妻花園劇場,人妻花園劇場,人妻に強制中出し孕ませSEX,已婚婦女、凌辱、中出、4小時以上作品、高畫質、出軌、巨乳,多人,https://www.javbus.com/HZGB-010
GIGL-507 「こんなおばさんその気にさせてどうするんですか？」 女を捨てて仕事を選んだ温泉宿の女将でも客に求められたら拒めずにオンナを武器にしてしまう 2,GIGL-507 「こんなおばさんその気にさせてどうするんですか？」 女を捨てて仕事を選んだ温泉宿の女将でも客に求められたら拒めずにオンナを武器にしてしまう 2,GIGL-507,2018-07-27,239分鐘,長澤純,GIGOLO（ジゴロ）,GIGOLO,「こんなおばさんその気にさせてどうするんですか？」,和服・喪服、成熟的女人、女主人、女老板、通姦、中出、4小時以上作品、高畫質,多人,https://www.javbus.com/GIGL-507
NASS-884 やって来たデリ嬢はなんと有名AV女優！僕の人並み外れたデカチンに仰天したAV女優は、プライドを掛けて自ら禁断の挿入を試みる！！ 3,NASS-884 やって来たデリ嬢はなんと有名AV女優！僕の人並み外れたデカチンに仰天したAV女優は、プライドを掛けて自ら禁断の挿入を試みる！！ 3,NASS-884,2018-07-27,143分鐘,BIRDMAN鉄平,なでしこ,Nadeshiko,やって来たデリ嬢はなんと有名AV女優！,成熟的女人、合集、妓女、主觀視角、高畫質、巨乳,多人,https://www.javbus.com/NASS-884
CVDX-317 乳頭？乳輪？それともオチンチンと同時が好みかな？ドスケベ熟女の乳首舐め！！お礼は中出しセックスでいいわよ！！ 30人4時間,CVDX-317 乳頭？乳輪？それともオチンチンと同時が好みかな？ドスケベ熟女の乳首舐め！！お礼は中出しセックスでいいわよ！！ 30人4時間,CVDX-317,2018-07-26,242分鐘,,センタービレッジ,センタービレッジ,,成熟的女人、合集、中出、4小時以上作品、高畫質,多人,https://www.javbus.com/CVDX-317
BTHA-028 ヘアーヌード～無●正・美-熟女・究極のエロイメージ～ 北条麻妃 II,BTHA-028 ヘアーヌード～無●正・美-熟女・究極のエロイメージ～ 北条麻妃 II,BTHA-028,2018-07-25,66分鐘,,スパークビジョン,スパークビジョン,ヘアーヌード無●正,成熟的女人、偶像藝人、介紹影片、高畫質、單體作品,北条麻妃,https://www.javbus.com/BTHA-028
VSED-089 熟女のマ○コ鑑賞会2 自らオマ○コを押し広げチ○コをねだる熟女たち,VSED-089 熟女のマ○コ鑑賞会2 自らオマ○コを押し広げチ○コをねだる熟女たち,VSED-089,2018-07-05,238分鐘,,シックスナイン,シックスナイン,熟女のマ○コ鑑賞会,成熟的女人、已婚婦女、花癡、4小時以上作品、巨乳、局部特寫,多人,https://www.javbus.com/VSED-089
NBES-002 僕のねとられ話しを聞いてほしいBEST8時間,NBES-002 僕のねとられ話しを聞いてほしいBEST8時間,NBES-002,2018-06-30,480分鐘,,JET映像,JET映像,僕のねとられ話しを聞いてほしい,成熟的女人、合集、4小時以上作品、出軌、巨乳、DMM獨家,多人,https://www.javbus.com/NBES-002
BBSS-012 ビビアン 2017年下半期コンプリートBEST 8時間 ～全作品のレズビアンセックス厳選収録～,BBSS-012 ビビアン 2017年下半期コンプリートBEST 8時間 ～全作品のレズビアンセックス厳選収録～,BBSS-012,2018-06-30,480分鐘,,ビビアン,ビビアン,ビビアン○半期コンプリートBEST,女同性戀、合集、4小時以上作品、女同接吻、DMM獨家,多人,https://www.javbus.com/BBSS-012
MCSR-304 おばさん、イカしてる 隣の家のおばさんはエロく見える。10人4時間,MCSR-304 おばさん、イカしてる 隣の家のおばさんはエロく見える。10人4時間,MCSR-304,2018-06-25,239分鐘,亀ヶ島三郎,ビッグモーカル,マスカット,,成熟的女人、已婚婦女、中出、高畫質,多人,https://www.javbus.com/MCSR-304
MCSR-302 ★配信限定特典付★卑猥映像 絶対ヌケル！！ 四十路・五十路・還暦熟女 えげつない中出しSEX4時間 3 ド迫力爆乳スペシャル,MCSR-302 ★配信限定特典付★卑猥映像 絶対ヌケル！！ 四十路・五十路・還暦熟女 えげつない中出しSEX4時間 3 ド迫力爆乳スペシャル,MCSR-302,2018-06-25,261分鐘,金子次郎,ビッグモーカル,マスカット,四十路・五十路・還暦熟女えげつない中出しSEX,成熟的女人、纪录片、中出、高畫質、巨乳,多人,https://www.javbus.com/MCSR-302
VERO-074 知的なメガネと痴的なパンチラ…仕事中に肉欲を貪り倒す思春期棒に嵌ったS級熟女教師たち50人8時間,VERO-074 知的なメガネと痴的なパンチラ…仕事中に肉欲を貪り倒す思春期棒に嵌ったS級熟女教師たち50人8時間,VERO-074,2018-06-24,480分鐘,,VENUS,女神（ヴィーナス）,,成熟的女人、合集、已婚婦女、中出、4小時以上作品、DMM獨家,多人,https://www.javbus.com/VERO-074
OKAX-392 腰が砕けそうな本気のディルドオナニー 270分！,OKAX-392 腰が砕けそうな本気のディルドオナニー 270分！,OKAX-392,2018-06-22,273分鐘,,ケイ・エム・プロデュース,おかず。,,玩具、屁股、4小時以上作品、自慰、局部特寫,多人,https://www.javbus.com/OKAX-392
JUSD-790 2017年マドンナ全342タイトル12時間,JUSD-790 2017年マドンナ全342タイトル12時間,JUSD-790,2018-06-17,720分鐘,,マドンナ,Madonna,○○年マドンナ全タイトル,成熟的女人、合集、已婚婦女、纪录片、數位馬賽克、戲劇、DMM獨家,多人,https://www.javbus.com/JUSD-790
HRD-128 丁寧な仕上げで見る熟女性器の生態2 8時間,HRD-128 丁寧な仕上げで見る熟女性器の生態2 8時間,HRD-128,2018-06-15,480分鐘,鶴明星,ルビー,greed,丁寧な仕上げで見る熟女性器の生態,成熟的女人、4小時以上作品、DMM獨家,多人,https://www.javbus.com/HRD-128
BDA-064 断髪式 北条麻妃,BDA-064 断髪式 北条麻妃,BDA-064,2018-06-15,127分鐘,あばしり一家,バミューダ/妄想族,バミューダ/妄想族,,企畫、紧缚、其他戀物癖、單體作品、DMM獨家,北条麻妃,https://www.javbus.com/BDA-064
EMJD-006 穴親子中出し！無精子親父の代理で義母マ○コへ無理やり精子提供を次々とお願いされたから体内受精してやった！,EMJD-006 穴親子中出し！無精子親父の代理で義母マ○コへ無理やり精子提供を次々とお願いされたから体内受精してやった！,EMJD-006,2018-06-15,180分鐘,,熟道/エマニエル,熟道/エマニエル,,成熟的女人、已婚婦女、中出、出軌、DMM獨家,多人,https://www.javbus.com/EMJD-006
CVDX-311 「我が子のザーメン、一滴残さず頂きます！！」帰郷相姦 半年オナ禁した母子の燃え上がる中出しSEXと射精直後の脈打つチ●ポをマン汁ごと舐め啜る愛情お掃除フェラ 30連発4時間,CVDX-311 「我が子のザーメン、一滴残さず頂きます！！」帰郷相姦 半年オナ禁した母子の燃え上がる中出しSEXと射精直後の脈打つチ●ポをマン汁ごと舐め啜る愛情お掃除フェラ 30連発4時間,CVDX-311,2018-06-14,244分鐘,,センタービレッジ,センタービレッジ,,成熟的女人、合集、亂倫、中出、4小時以上作品、高畫質,多人,https://www.javbus.com/CVDX-311
VERO-073 「お願いあんまりジロジロ見ないで…今日は勝負の日じゃないの！！」S級熟女の他人には決して見られたくない普段づかいの地味パンティー～気になるお肉をすっぽり包み込むデカパンから矯正下着まで～30人8時間,VERO-073 「お願いあんまりジロジロ見ないで…今日は勝負の日じゃないの！！」S級熟女の他人には決して見られたくない普段づかいの地味パンティー～気になるお肉をすっぽり包み込むデカパンから矯正下着まで～30人8時間,VERO-073,2018-06-10,480分鐘,,VENUS,女神（ヴィーナス）,,成熟的女人、合集、已婚婦女、中出、4小時以上作品、DMM獨家,多人,https://www.javbus.com/VERO-073
NASS-863 「知らなければ良かった、息子が私を女として見ていたなんて…」温泉旅行で成熟した母親の裸に興奮した童貞息子の視線に気づいた母は…,NASS-863 「知らなければ良かった、息子が私を女として見ていたなんて…」温泉旅行で成熟した母親の裸に興奮した童貞息子の視線に気づいた母は…,NASS-863,2018-06-08,238分鐘,長澤純,なでしこ,Nadeshiko,,和服・喪服、成熟的女人、亂倫、中出、4小時以上作品、高畫質、戲劇、處男、温泉,多人,https://www.javbus.com/NASS-863
NCAC-030 課外授業 教え子と恋に堕ちて,NCAC-030 課外授業 教え子と恋に堕ちて,NCAC-030,2018-06-08,239分鐘,長澤純,新世紀文藝社,新世紀文藝社,,和服・喪服、成熟的女人、女教師、寡婦、中出、4小時以上作品、高畫質、戲劇,多人,https://www.javbus.com/NCAC-030
MLSM-008 働く美熟女 オフィスでムリヤリ発射 10名4時間,MLSM-008 働く美熟女 オフィスでムリヤリ発射 10名4時間,MLSM-008,2018-06-03,240分鐘,,MellowMoon（メロウムーン）,MellowMoon（メロウムーン）,,蕩婦、成熟的女人、OL、合集、制服、DMM獨家,多人,https://www.javbus.com/MLSM-008
VEQ-139 S級熟女コンプリートファイル 北条麻妃6時間,VEQ-139 S級熟女コンプリートファイル 北条麻妃6時間,VEQ-139,2018-06-03,360分鐘,,VENUS,女神（ヴィーナス）,S級熟女（VENUS）,成熟的女人、已婚婦女、中出、4小時以上作品、女優ベスト・総集編、單體作品、DMM獨家,北条麻妃,https://www.javbus.com/VEQ-139
KUSR-042 艶めく身体を縛る！！縛られた美人妻04,KUSR-042 艶めく身体を縛る！！縛られた美人妻04,KUSR-042,2018-05-25,119分鐘,,ビッグモーカル,九龍（ビッグモーカル）,縛られた美人妻,紧缚、已婚婦女、中出、高畫質、出軌,多人,https://www.javbus.com/KUSR-042
HZGB-009 人妻の喉を愉しむ 唾液ダダ漏れフェラチオ5時間,HZGB-009 人妻の喉を愉しむ 唾液ダダ漏れフェラチオ5時間,HZGB-009,2018-05-25,300分鐘,,人妻花園劇場,人妻花園劇場,,口交、合集、已婚婦女、花癡、新娘、年輕妻子、深喉、4小時以上作品、婆婆、高畫質、巨乳,多人,https://www.javbus.com/HZGB-009
NASS-854 美熟女ビデオレター あなただけに語りかけ！自画撮りオナニー 2,NASS-854 美熟女ビデオレター あなただけに語りかけ！自画撮りオナニー 2,NASS-854,2018-05-25,177分鐘,,なでしこ,Nadeshiko,美熟女ビデオレター,成熟的女人、玩具、合集、高畫質、自慰、內衣,多人,https://www.javbus.com/NASS-854
ABBA-385 一流映像チェックマンが選んだ内容は良いのに埋もれてしまった隠れ名作BEST 50作品8時間,ABBA-385 一流映像チェックマンが選んだ内容は良いのに埋もれてしまった隠れ名作BEST 50作品8時間,ABBA-385,2018-05-24,487分鐘,,センタービレッジ,センタービレッジ,,成熟的女人、合集、已婚婦女、4小時以上作品、高畫質,多人,https://www.javbus.com/ABBA-385
RBB-130 綺麗な女を犯したい！可愛い女を犯したい！イイ女を犯したい！ヤリたいことは全部やる！徹底的に犯しまくる8時間,RBB-130 綺麗な女を犯したい！可愛い女を犯したい！イイ女を犯したい！ヤリたいことは全部やる！徹底的に犯しまくる8時間,RBB-130,2018-05-19,480分鐘,,ROOKIE,ROOKIE,,凌辱、中出、巨乳、DMM獨家,多人,https://www.javbus.com/RBB-130
HRD-126 東京○○を成功に導く日本のおもてなし お女将さんの凄テク 全八話,HRD-126 東京○○を成功に導く日本のおもてなし お女将さんの凄テク 全八話,HRD-126,2018-05-18,240分鐘,鶴明星,ルビー,greed,,角色扮演、和服・喪服、成熟的女人、中出、4小時以上作品、DMM獨家,多人,https://www.javbus.com/HRD-126
DDT-590 勃起チ○ポを絶妙に誘惑してくる熟女ベスト,DDT-590 勃起チ○ポを絶妙に誘惑してくる熟女ベスト,DDT-590,2018-05-18,240分鐘,,ドグマ,Dogma,,蕩婦、成熟的女人、合集、淫語、4小時以上作品、DMM獨家,多人,https://www.javbus.com/DDT-590
VEC-309 母の親友 北条麻妃,VEC-309 母の親友 北条麻妃,VEC-309,2018-05-13,85分鐘,北野マジメ,VENUS,女神（ヴィーナス）,母の親友,蕩婦、成熟的女人、已婚婦女、中出、單體作品、DMM獨家,北条麻妃,https://www.javbus.com/VEC-309
NSPS-703 熟女！熟女！熟女！ 熟れてエロさに拍車がかかった7人の女たち,NSPS-703 熟女！熟女！熟女！ 熟れてエロさに拍車がかかった7人の女たち,NSPS-703,2018-05-13,501分鐘,柾愛蔵,ながえスタイル,ながえSTYLE,,成熟的女人、已婚婦女、通姦、出軌、戲劇、DMM獨家,多人,https://www.javbus.com/NSPS-703
KEEDX-005 彼女の母Premium DX 30人8時間,KEEDX-005 彼女の母Premium DX 30人8時間,KEEDX-005,2018-05-10,484分鐘,,センタービレッジ,花園（センタービレッジ）,彼女の母（センタービレッジ）,成熟的女人、合集、已婚婦女、4小時以上作品、高畫質、出軌,多人,https://www.javbus.com/KEEDX-005
MLSM-006 じゅぽじゅぽフェラ 口内発射 吸って搾って 泡立ちザーメンまみれ お口ベチョベチョ 24人 4時間,MLSM-006 じゅぽじゅぽフェラ 口内発射 吸って搾って 泡立ちザーメンまみれ お口ベチョベチョ 24人 4時間,MLSM-006,2018-05-04,240分鐘,,MellowMoon（メロウムーン）,MellowMoon（メロウムーン）,じゅぽじゅぽフェラ口内発射,蕩婦、成熟的女人、口交、合集、主觀視角、DMM獨家,多人,https://www.javbus.com/MLSM-006
POTS-001 厳選！美乳美熟女 濃厚ザーメンぶっかけ中出し4時間,POTS-001 厳選！美乳美熟女 濃厚ザーメンぶっかけ中出し4時間,POTS-001,2018-05-01,240分鐘,ローション玉木,SPOT/エマニエル,SPOT/エマニエル,,成熟的女人、合集、乳房、中出、4小時以上作品、DMM獨家,多人,https://www.javbus.com/POTS-001
NASS-835 旦那の友人を誘惑！美人奥様の泥酔寝取られ野球拳！！,NASS-835 旦那の友人を誘惑！美人奥様の泥酔寝取られ野球拳！！,NASS-835,2018-04-27,219分鐘,,なでしこ,Nadeshiko,,蕩婦、成熟的女人、合集、已婚婦女、爛醉如泥的、高畫質、出軌,多人,https://www.javbus.com/NASS-835
CVDX-304 絶対指入れ宣言！痴女系美人おばさんのま○こもアナルも全部丸見えオナニー30人4時間,CVDX-304 絶対指入れ宣言！痴女系美人おばさんのま○こもアナルも全部丸見えオナニー30人4時間,CVDX-304,2018-04-26,242分鐘,,センタービレッジ,センタービレッジ,,成熟的女人、合集、已婚婦女、4小時以上作品、高畫質、自慰,多人,https://www.javbus.com/CVDX-304
MCSR-296 お母さんといっしょ 僕と母と淫靡な湯治と。欲求不満の人妻は温泉旅館で息子に抱かれ激しく悶える近親相姦。12人4時間,MCSR-296 お母さんといっしょ 僕と母と淫靡な湯治と。欲求不満の人妻は温泉旅館で息子に抱かれ激しく悶える近親相姦。12人4時間,MCSR-296,2018-04-25,239分鐘,亀ヶ島三郎,ビッグモーカル,マスカット,,成熟的女人、中出、高畫質、温泉,多人,https://www.javbus.com/MCSR-296
AVVR-353 【VR】全裸家政婦麻妃！！中出しSEXご奉仕性活日記！！！ 北条麻妃,AVVR-353 【VR】全裸家政婦麻妃！！中出しSEXご奉仕性活日記！！！ 北条麻妃,AVVR-353,2018-04-20,25分鐘,クワッチー,AVVR,AVVR,,口交、中出、VR専用、巨乳、單體作品,北条麻妃,https://www.javbus.com/AVVR-353
RBB-128 どくっ！どくん！！マ○コの奥の奥にぶちまける大量精子で子宮パンパン種付け着床！！ どろりと溢れ出るほど濃厚な生中出し生SEX8時間,RBB-128 どくっ！どくん！！マ○コの奥の奥にぶちまける大量精子で子宮パンパン種付け着床！！ どろりと溢れ出るほど濃厚な生中出し生SEX8時間,RBB-128,2018-04-19,480分鐘,,ROOKIE,ROOKIE,,合集、中出、4小時以上作品、DMM獨家,多人,https://www.javbus.com/RBB-128
JJBK-007 熟女限定 熟女が部屋にやって来た お持ち帰り盗撮 そのままAV発売へ6 40代長身美熟女編 172センチ/さゆりさん/Dカップ/45才 171センチ/あさみさん/Iカップ/41才,JJBK-007 熟女限定 熟女が部屋にやって来た お持ち帰り盗撮 そのままAV発売へ6 40代長身美熟女編 172センチ/さゆりさん/Dカップ/45才 171センチ/あさみさん/Iカップ/41才,JJBK-007,2018-04-19,190分鐘,,熟女バンク/エマニエル,熟女バンク,熟女限定熟女が部屋にやって来た（熟女バンク/妄想族）,成熟的女人、高、偷窥、高畫質、出軌、超乳、DMM獨家,多人,https://www.javbus.com/JJBK-007
MRXD-087 初！監督 北条麻妃「童貞くん筆おろしSEXご奉仕」 しかし本当の本番はこれからだった…。打ち上げで泥酔し乱交！,MRXD-087 初！監督 北条麻妃「童貞くん筆おろしSEXご奉仕」 しかし本当の本番はこれからだった…。打ち上げで泥酔し乱交！,MRXD-087,2018-04-13,200分鐘,北条麻妃,MARX,MARX（マルクス兄弟）,,成熟的女人、獵豔、高、纪录片、偷窥、高畫質、單體作品、DMM獨家,北条麻妃,https://www.javbus.com/MRXD-087
MLSM-005 熟女尻ベスト 4時間 10名 熟れたお尻の卑猥な誘惑,MLSM-005 熟女尻ベスト 4時間 10名 熟れたお尻の卑猥な誘惑,MLSM-005,2018-04-07,240分鐘,,MellowMoon（メロウムーン）,MellowMoon（メロウムーン）,,蕩婦、成熟的女人、合集、乳房、巨乳、DMM獨家,多人,https://www.javbus.com/MLSM-005
ABBA-381 出し挿れの臨場感が興奮を掻き立てる熟女のヌルヌルおま●こ超接写SEX100連発 金玉空っぽ街道まっしぐらの甘えん坊な僕8時間,ABBA-381 出し挿れの臨場感が興奮を掻き立てる熟女のヌルヌルおま●こ超接写SEX100連発 金玉空っぽ街道まっしぐらの甘えん坊な僕8時間,ABBA-381,2018-03-29,486分鐘,,センタービレッジ,センタービレッジ,,成熟的女人、合集、已婚婦女、4小時以上作品、高畫質、局部特寫,多人,https://www.javbus.com/ABBA-381
NCAC-015 団地妻 昼下がりの秘め事,NCAC-015 団地妻 昼下がりの秘め事,NCAC-015,2018-03-26,331分鐘,,新世紀文藝社,新世紀文藝社,,已婚婦女、寡婦、通姦、4小時以上作品、故事集、自慰,多人,https://www.javbus.com/NCAC-015
EMBZ-153 ［鉄板ズリネタ］ 4時間 オール・オブ・「北条麻妃」,EMBZ-153 ［鉄板ズリネタ］ 4時間 オール・オブ・「北条麻妃」,EMBZ-153,2018-03-25,240分鐘,,熟女塾/エマニエル,熟女塾,オール・オブ・○○,蕩婦、纪录片、戲劇、女優ベスト・総集編、單體作品、DMM獨家,北条麻妃,https://www.javbus.com/EMBZ-153
VERO-071 S級熟女が荒々しく舌を絡ませ吐息が漏れても接吻を交わし続ける超濃密ベロキスSEX30本番8時間,VERO-071 S級熟女が荒々しく舌を絡ませ吐息が漏れても接吻を交わし続ける超濃密ベロキスSEX30本番8時間,VERO-071,2018-03-25,480分鐘,,VENUS,女神（ヴィーナス）,,成熟的女人、合集、已婚婦女、中出、4小時以上作品、DMM獨家,多人,https://www.javbus.com/VERO-071
MCSR-290 ★配信限定特典付★妻に何が起こったか？ ～自慢の美人妻が義父や息子にセックスを仕込まれました～,MCSR-290 ★配信限定特典付★妻に何が起こったか？ ～自慢の美人妻が義父や息子にセックスを仕込まれました～,MCSR-290,2018-03-25,270分鐘,メカテス武田,ビッグモーカル,マスカット,,亂倫、已婚婦女、中出、4小時以上作品、高畫質、出軌,多人,https://www.javbus.com/MCSR-290
KUSR-040 夫にだけは見られたくない姿… 緊縛隷夫人,KUSR-040 夫にだけは見られたくない姿… 緊縛隷夫人,KUSR-040,2018-03-25,120分鐘,,ビッグモーカル,九龍（ビッグモーカル）,,紧缚、已婚婦女、高畫質,多人,https://www.javbus.com/KUSR-040
OOMN-222 息子で性欲を解消するイケナイ若妻たち,OOMN-222 息子で性欲を解消するイケナイ若妻たち,OOMN-222,2018-03-24,240分鐘,,ABC/妄想族,お母さん.com（ABC/妄想族）,,母親、合集、亂倫、新娘、年輕妻子、DMM獨家,多人,https://www.javbus.com/OOMN-222
HZGB-007 美人妻を容赦なく犯し続ける5時間,HZGB-007 美人妻を容赦なく犯し続ける5時間,HZGB-007,2018-03-23,301分鐘,,人妻花園劇場,人妻花園劇場,,潮吹、已婚婦女、深喉、中出、4小時以上作品、高畫質、出軌、巨乳,多人,https://www.javbus.com/HZGB-007
AVS-021 AVSCollector’s2017年間 SPECIAL BESTカタログ,AVS-021 AVSCollector’s2017年間 SPECIAL BESTカタログ,AVS-021,2018-03-19,240分鐘,,AVScollector’s,AVS,エーヴィエスカタログ,合集、4小時以上作品、DMM獨家,多人,https://www.javbus.com/AVS-021
NSPS-689 完全保存版 夫以外でイキまくる人妻たち 熟女総勢29人8時間,NSPS-689 完全保存版 夫以外でイキまくる人妻たち 熟女総勢29人8時間,NSPS-689,2018-03-19,532分鐘,ながえ,ながえスタイル,ながえSTYLE,,成熟的女人、已婚婦女、通姦、出軌、戲劇、DMM獨家,多人,https://www.javbus.com/NSPS-689
VOSS-082 股間がかゆくてデリケートクリームを塗ろうとした母親が間違えて媚薬をマ○コに塗りこみまさかの発情！『ガンガン突いて』オナニーだけでは飽き足らず結合部をおっぴろげて僕のチ○ポで膣奥イキをねだりだす。,VOSS-082 股間がかゆくてデリケートクリームを塗ろうとした母親が間違えて媚薬をマ○コに塗りこみまさかの発情！『ガンガン突いて』オナニーだけでは飽き足らず結合部をおっぴろげて僕のチ○ポで膣奥イキをねだりだす。,VOSS-082,2018-03-16,80分鐘,カニエ,VENUS,熟人PROJECT,,蕩婦、成熟的女人、亂倫、已婚婦女、中出、DMM獨家,北条麻妃,https://www.javbus.com/VOSS-082
JUSD-779 2017年下半期全173タイトルBEST8時間,JUSD-779 2017年下半期全173タイトルBEST8時間,JUSD-779,2018-03-10,480分鐘,,マドンナ,Madonna,マドンナ○半期,成熟的女人、合集、已婚婦女、數位馬賽克、出軌、巨乳、DMM獨家,多人,https://www.javbus.com/JUSD-779
XRW-449 日本緊縛師列伝 第一章 奈加あきら,XRW-449 日本緊縛師列伝 第一章 奈加あきら,XRW-449,2018-03-09,119分鐘,,レアルワークス,REAL（レアルワークス）,,SM、紧缚、性奴、拘束、粗暴、凌辱、高畫質,多人,https://www.javbus.com/XRW-449
NCAC-018 人妻艶情～時代に逆らった背徳の不貞妻～,NCAC-018 人妻艶情～時代に逆らった背徳の不貞妻～,NCAC-018,2018-03-09,135分鐘,貞邪我,新世紀文藝社,新世紀文藝社,,已婚婦女、通姦、高畫質、出軌、戲劇、故事集,多人,https://www.javbus.com/NCAC-018
VOSS-080 浪人生の僕は叔父夫婦の家に居候して肩身の狭い思いをしていたが多忙な叔父のせいで欲求不満の叔母は僕がAVマニアだと知ると部屋にやってきて「スケベなの見せてよ」となんとAV鑑賞！マ○コをびっちょり濡らして飛び乗ってきたから連続中出ししてやった。総集編10人6時間,VOSS-080 浪人生の僕は叔父夫婦の家に居候して肩身の狭い思いをしていたが多忙な叔父のせいで欲求不満の叔母は僕がAVマニアだと知ると部屋にやってきて「スケベなの見せてよ」となんとAV鑑賞！マ○コをびっちょり濡らして飛び乗ってきたから連続中出ししてやった。総集編10人6時間,VOSS-080,2018-03-04,363分鐘,,VENUS,熟人PROJECT,「スケベなの見せてよ」となんとAV鑑賞！,成熟的女人、合集、已婚婦女、中出、4小時以上作品、DMM獨家,多人,https://www.javbus.com/VOSS-080
RDVHJ-095 あなた許して、義父や息子のデカチンに溺れてしまう母や嫁たち,RDVHJ-095 あなた許して、義父や息子のデカチンに溺れてしまう母や嫁たち,RDVHJ-095,2018-02-27,239分鐘,,グラフィティジャパン,フェアエスト,,成熟的女人、亂倫、已婚婦女、中出、4小時以上作品、高畫質、巨乳,多人,https://www.javbus.com/RDVHJ-095
EMAF-444 お仕事熟女 ただ今発情中,EMAF-444 お仕事熟女 ただ今発情中,EMAF-444,2018-02-25,434分鐘,清水橋健太,フォーディメンション/エマニエル,フォーディメンション（エマニエル）,,成熟的女人、女上位、4小時以上作品、DMM獨家,多人,https://www.javbus.com/EMAF-444
DDT-581 孕むまで強制連続中出しベスト,DDT-581 孕むまで強制連続中出しベスト,DDT-581,2018-02-16,245分鐘,,ドグマ,Dogma,,合集、多P、中出、4小時以上作品、DMM獨家,多人,https://www.javbus.com/DDT-581
MMYM-018 卑猥語女 北条麻妃,MMYM-018 卑猥語女 北条麻妃,MMYM-018,2018-02-16,155分鐘,夢野あいだ,MARRION,夢野,卑猥語女,淫語、女上位、高畫質、單體作品、DMM獨家、打手槍,北条麻妃,https://www.javbus.com/MMYM-018
MMB-186 AV女優 プロフェッショナル オナニーの流儀,MMB-186 AV女優 プロフェッショナル オナニーの流儀,MMB-186,2018-02-04,240分鐘,石切橋博士,桃太郎映像出版,桃太郎ベスト,,4小時以上作品、巨乳、DMM獨家、自慰,多人,https://www.javbus.com/MMB-186
JUY-372 超美顔レズビアン ～麗しき人妻女子アナのメスの戯れ～ マドンナデビューの絶世美女・光井ひかり《レズ解禁！！》,JUY-372 超美顔レズビアン ～麗しき人妻女子アナのメスの戯れ～ マドンナデビューの絶世美女・光井ひかり《レズ解禁！！》,JUY-372,2018-01-27,120分鐘,三島六三郎,マドンナ,Madonna,,成熟的女人、女同性戀、苗條、已婚婦女、數位馬賽克、高畫質、女主播、DMM獨家,多人,https://www.javbus.com/JUY-372
XRW-426 イカセ拷問 姦犯,XRW-426 イカセ拷問 姦犯,XRW-426,2018-01-26,119分鐘,ディラン富増,レアルワークス,REAL（レアルワークス）,,紧缚、監禁、性奴、粗暴、高畫質,多人,https://www.javbus.com/XRW-426
NASS-781 ド迫力BODY爆乳熟女20人！全裸エクササイズ2,NASS-781 ド迫力BODY爆乳熟女20人！全裸エクササイズ2,NASS-781,2018-01-26,220分鐘,,なでしこ,Nadeshiko,全裸エクササイズ,成熟的女人、合集、已婚婦女、高畫質、巨乳,多人,https://www.javbus.com/NASS-781
GIGL-456 「胸は弱いから触らないで…」勃起した乳首をこねくり回され欲情スイッチが入ってしまったおばさんはレズられても断れない,GIGL-456 「胸は弱いから触らないで…」勃起した乳首をこねくり回され欲情スイッチが入ってしまったおばさんはレズられても断れない,GIGL-456,2018-01-26,239分鐘,長澤純,GIGOLO（ジゴロ）,GIGOLO,,成熟的女人、女同性戀、已婚婦女、4小時以上作品、女同接吻、高畫質,多人,https://www.javbus.com/GIGL-456
HIGH-051 SS級熟女のセンズリ鑑賞 北条麻妃,HIGH-051 SS級熟女のセンズリ鑑賞 北条麻妃,HIGH-051,2018-01-26,11分鐘,,ハイライト,ハイライト,SS級熟女のセンズリ鑑賞,成熟的女人、已婚婦女、乳房、中出、高畫質、單體作品,北条麻妃,https://www.javbus.com/HIGH-051
STDDT-017 【お得セット】まとめて抜ける！肉便器先生3本セット,STDDT-017 【お得セット】まとめて抜ける！肉便器先生3本セット,STDDT-017,2018-01-25,340分鐘,,ドグマ,ドグマ（お得セット）,肉便器先生,女教師、灌腸、拘束、凌辱,多人,https://www.javbus.com/STDDT-017
BDSR-328 ★配信限定特典付★騎乗位の達人 巨乳妻のものすごい腰使い 39人4時間,BDSR-328 ★配信限定特典付★騎乗位の達人 巨乳妻のものすごい腰使い 39人4時間,BDSR-328,2018-01-25,269分鐘,金子次郎,ビッグモーカル,BIGMORKAL,,已婚婦女、中出、女上位、4小時以上作品、高畫質、巨乳,多人,https://www.javbus.com/BDSR-328
DDT-578 誘惑お姉さんベスト,DDT-578 誘惑お姉さんベスト,DDT-578,2018-01-14,250分鐘,,ドグマ,Dogma,,蕩婦、合集、姐姐、4小時以上作品、DMM獨家,多人,https://www.javbus.com/DDT-578
LZBS-031 レズれ！熟レズセックス 厳選ベスト5時間 艶熟レズビアンのガチイキ！お見せします！,LZBS-031 レズれ！熟レズセックス 厳選ベスト5時間 艶熟レズビアンのガチイキ！お見せします！,LZBS-031,2018-01-14,300分鐘,,レズれ！,レズれ！ベスト,,成熟的女人、女同性戀、合集、4小時以上作品、女同接吻、高畫質、DMM獨家,多人,https://www.javbus.com/LZBS-031
OOMN-215 寝ている無抵抗な爆乳を舐め吸い堪能した後に夜這いパイズリ 30名,OOMN-215 寝ている無抵抗な爆乳を舐め吸い堪能した後に夜這いパイズリ 30名,OOMN-215,2018-01-13,240分鐘,,ABC/妄想族,お母さん.com（ABC/妄想族）,,成熟的女人、母親、乳交、合集、巨乳、DMM獨家,多人,https://www.javbus.com/OOMN-215
ABBA-373 ビクビク跳ね腰突き上げ子宮アタック！！30人4時間,ABBA-373 ビクビク跳ね腰突き上げ子宮アタック！！30人4時間,ABBA-373,2018-01-11,244分鐘,,センタービレッジ,センタービレッジ,,成熟的女人、其他戀物癖、合集、已婚婦女、4小時以上作品、高畫質、內衣,多人,https://www.javbus.com/ABBA-373
CVDX-290 無駄毛全開！体毛ボーボーおばさん マン毛が靡く！わき毛も尻毛も背中毛までも…漆黒ふさふさヘアを愛液で濡らす濃密SEX 30人4時間,CVDX-290 無駄毛全開！体毛ボーボーおばさん マン毛が靡く！わき毛も尻毛も背中毛までも…漆黒ふさふさヘアを愛液で濡らす濃密SEX 30人4時間,CVDX-290,2018-01-11,244分鐘,,センタービレッジ,センタービレッジ,,成熟的女人、其他戀物癖、合集、已婚婦女、4小時以上作品、高畫質,多人,https://www.javbus.com/CVDX-290
VSED-080 とうとう息子の友達にまで手を出した欲求不満のおばさん,VSED-080 とうとう息子の友達にまで手を出した欲求不満のおばさん,VSED-080,2018-01-02,482分鐘,,シックスナイン,シックスナイン,,成熟的女人、已婚婦女、4小時以上作品、巨乳,多人,https://www.javbus.com/VSED-080
UD-793R 男なら一度はやられてみたいっ！！厳選のドスケベ痴女プレイ集ベスト6！！（美熟女編） Part5,UD-793R 男なら一度はやられてみたいっ！！厳選のドスケベ痴女プレイ集ベスト6！！（美熟女編） Part5,UD-793R,2018-01-01,181分鐘,タブー大崎,LEO,LEO,男なら一度はやられてみたいっ！！,蕩婦、成熟的女人、巨乳,多人,https://www.javbus.com/UD-793R
JUSD-770 どんな男も腰砕けになるフェラの匠 厳選美熟女たちのいやらしいおチ○ポしゃぶり20人4時間,JUSD-770 どんな男も腰砕けになるフェラの匠 厳選美熟女たちのいやらしいおチ○ポしゃぶり20人4時間,JUSD-770,2017-12-30,240分鐘,,マドンナ,Madonna,,蕩婦、成熟的女人、口交、合集、已婚婦女、數位馬賽克、DMM獨家,多人,https://www.javbus.com/JUSD-770
URE-042 中華なると原作 羞恥と快楽の女教師調教作品を実写化！！ 女教師 礼子 ～催淫調教室～,URE-042 中華なると原作 羞恥と快楽の女教師調教作品を実写化！！ 女教師 礼子 ～催淫調教室～,URE-042,2017-12-27,180分鐘,きとるね川口,マドンナ,熟れコミ,,成熟的女人、女教師、數位馬賽克、性奴、羞恥、高畫質、原作コラボ、DMM獨家,多人,https://www.javbus.com/URE-042
MDB-841 BAZOOKA人気シリーズ完全網羅BEST！！8時間スペシャル,MDB-841 BAZOOKA人気シリーズ完全網羅BEST！！8時間スペシャル,MDB-841,2017-12-22,481分鐘,K太郎,メディアステーション,BAZOOKA（バズーカ）,,OL、合集、姐姐、乳房、4小時以上作品、高畫質、巨乳,多人,https://www.javbus.com/MDB-841
OKAX-319 悶絶洪水！鬼イカセ！大量潮吹き50人4時間,OKAX-319 悶絶洪水！鬼イカセ！大量潮吹き50人4時間,OKAX-319,2017-12-22,240分鐘,,ケイ・エム・プロデュース,おかず。,,潮吹、凌辱、4小時以上作品、手指插入、高畫質、肛交,多人,https://www.javbus.com/OKAX-319
VEVE-015 S級熟女メーカーVENUS 2017年下半期 96タイトル全発射8時間,VEVE-015 S級熟女メーカーVENUS 2017年下半期 96タイトル全発射8時間,VEVE-015,2017-12-17,480分鐘,,VENUS,女神（ヴィーナス）,S級熟女メーカーVENUS○年○半期,成熟的女人、合集、已婚婦女、中出、4小時以上作品、DMM獨家,多人,https://www.javbus.com/VEVE-015
VENU-741 近親相汗 「火照る肉体、蒸れた子宮、ガマンできない親子の本能」 北条麻妃,VENU-741 近親相汗 「火照る肉体、蒸れた子宮、ガマンできない親子の本能」 北条麻妃,VENU-741,2017-12-17,95分鐘,北野マジメ,VENUS,INCEST（ヴィーナス）,近親相汗,成熟的女人、亂倫、已婚婦女、中出、婆婆、汗だく、單體作品、DMM獨家,北条麻妃,https://www.javbus.com/VENU-741
BBAN-160 レズに堕ちていく私…～一寸先はレズ地獄～ 明里ともか 北条麻妃,BBAN-160 レズに堕ちていく私…～一寸先はレズ地獄～ 明里ともか 北条麻妃,BBAN-160,2017-12-16,150分鐘,,ビビアン,ビビアン,レズに堕ちていく私,成熟的女人、OL、女同性戀、性奴、女同接吻、高畫質、DMM獨家,多人,https://www.javbus.com/BBAN-160
OOMN-212 もうこれ以上突いちゃダメぇ！ バックで私イクッ 厳選美熟女 70名,OOMN-212 もうこれ以上突いちゃダメぇ！ バックで私イクッ 厳選美熟女 70名,OOMN-212,2017-12-16,240分鐘,,ABC/妄想族,お母さん.com（ABC/妄想族）,,成熟的女人、苗條、母親、合集、巨乳、DMM獨家,多人,https://www.javbus.com/OOMN-212
XRW-407 中出し破壊 黒人巨大マラ,XRW-407 中出し破壊 黒人巨大マラ,XRW-407,2017-12-08,120分鐘,ディラン富増,レアルワークス,REAL（レアルワークス）,,苗條、紧缚、中出、高畫質、デカチン・巨根、黑人演員,多人,https://www.javbus.com/XRW-407
NASS-751 昭和の田舎村で起きた性犯罪史レイプ,NASS-751 昭和の田舎村で起きた性犯罪史レイプ,NASS-751,2017-12-08,243分鐘,,なでしこ,Nadeshiko,,成熟的女人、野外・露出、已婚婦女、凌辱、中出、4小時以上作品、高畫質,多人,https://www.javbus.com/NASS-751
MKMP-209 KMP15周年特別企画！！超人気鉄板企画100タイトル超豪華8時間スペシャル,MKMP-209 KMP15周年特別企画！！超人気鉄板企画100タイトル超豪華8時間スペシャル,MKMP-209,2017-12-08,482分鐘,K太郎,ケイ・エム・プロデュース,million（ミリオン）,KMP15周年特別企画,紧缚、合集、中出、4小時以上作品、高畫質、ハーレム、高中女生、巨乳,多人,https://www.javbus.com/MKMP-209
PSSD-414 催眠［TS］selection1,PSSD-414 催眠［TS］selection1,PSSD-414,2017-12-01,120分鐘,,アウダースジャパン,AUDAZ,,合集、纪录片、手指插入、催眠、自慰,多人,https://www.javbus.com/PSSD-414
WSP-127 チチクリ愛,WSP-127 チチクリ愛,WSP-127,2017-12-01,240分鐘,,ワープエンタテインメント,S＋,,女同性戀、合集、4小時以上作品、女同接吻、高畫質、戲劇,多人,https://www.javbus.com/WSP-127
NACR-123 もしも…「北条麻妃」が○○だったら…。,NACR-123 もしも…「北条麻妃」が○○だったら…。,NACR-123,2017-12-01,125分鐘,BIRDMAN鉄平,プラネットプラス,七狗留,もしも…○○が○○だったら…。,成熟的女人、苗條、已婚婦女、中出、高畫質、單體作品、自慰,北条麻妃,https://www.javbus.com/NACR-123
GIGL-437 バレたら修羅場のご近所不倫にハマる人妻は若くて硬い絶倫チ○ポが欲しくて旦那が居ぬ間に隣の青年をヤらずには帰さない 4,GIGL-437 バレたら修羅場のご近所不倫にハマる人妻は若くて硬い絶倫チ○ポが欲しくて旦那が居ぬ間に隣の青年をヤらずには帰さない 4,GIGL-437,2017-11-24,239分鐘,長澤純,GIGOLO（ジゴロ）,GIGOLO,バレたら修羅場のご近所不倫にハマる人妻は…,成熟的女人、已婚婦女、新娘、年輕妻子、通姦、中出、4小時以上作品、高畫質,多人,https://www.javbus.com/GIGL-437
OOMN-210 四十路五十路美女のフェラで私がヌイてあげる,OOMN-210 四十路五十路美女のフェラで私がヌイてあげる,OOMN-210,2017-11-23,240分鐘,,ABC/妄想族,お母さん.com（ABC/妄想族）,,成熟的女人、苗條、口交、合集、巨乳、DMM獨家,多人,https://www.javbus.com/OOMN-210
TOMN-121 滴る愛液が色気を醸す魅力 艶女汗だく性交 BEST,TOMN-121 滴る愛液が色気を醸す魅力 艶女汗だく性交 BEST,TOMN-121,2017-11-23,240分鐘,,TEPPAN,TEPPANSPECIAL,,成熟的女人、合集、數位馬賽克、女上位、汗だく、DMM獨家,多人,https://www.javbus.com/TOMN-121
DPHC-011 非日常的クネクネ映像コレクションXI,DPHC-011 非日常的クネクネ映像コレクションXI,DPHC-011,2017-11-19,230分鐘,渡辺琢斗,AVScollector’s,PHANTOM夢,非日常的クネクネ映像コレクション,身體意識、緊身衣、高畫質、DMM獨家,多人,https://www.javbus.com/DPHC-011
OOMN-208 激しく淫靡な傑作揃い！ 絶頂熟オナニー 50名,OOMN-208 激しく淫靡な傑作揃い！ 絶頂熟オナニー 50名,OOMN-208,2017-11-12,240分鐘,,ABC/妄想族,お母さん.com（ABC/妄想族）,,成熟的女人、合集、巨乳、DMM獨家、自慰,多人,https://www.javbus.com/OOMN-208
XRW-396 肌に刻んだ女の情念 刺青交尾,XRW-396 肌に刻んだ女の情念 刺青交尾,XRW-396,2017-11-10,120分鐘,ディラン富増,レアルワークス,REAL（レアルワークス）,,其他戀物癖、姐姐、女上位、高畫質,多人,https://www.javbus.com/XRW-396
VENU-730 父が出かけて2秒でセックスする母と息子 北条麻妃,VENU-730 父が出かけて2秒でセックスする母と息子 北条麻妃,VENU-730,2017-10-29,85分鐘,ペータ☆,VENUS,INCEST（ヴィーナス）,父が出かけて2秒でセックスする母と息子,蕩婦、成熟的女人、亂倫、已婚婦女、中出、單體作品、DMM獨家,北条麻妃,https://www.javbus.com/VENU-730
OOMN-207 極上敏感手コキ 50発,OOMN-207 極上敏感手コキ 50発,OOMN-207,2017-10-28,240分鐘,,ABC/妄想族,お母さん.com（ABC/妄想族）,,成熟的女人、合集、數位馬賽克、巨乳、DMM獨家、打手槍,多人,https://www.javbus.com/OOMN-207
XRW-383 媚縛潜入捜査官BEST4時間30分17人,XRW-383 媚縛潜入捜査官BEST4時間30分17人,XRW-383,2017-10-27,270分鐘,ディラン富増,レアルワークス,REAL（レアルワークス）,媚縛潜入捜査官,紧缚、合集、女檢察官、粗暴、凌辱、4小時以上作品、格鬥家、高畫質,多人,https://www.javbus.com/XRW-383
BKJS-010 「お義父さん、私のカラダで興奮してしまったんですか？」夫婦ゲンカが絶えずセックスレスな専業主婦は自分を女として見てくれる義父からいやらしい視線を向けられて怒ると思ったら自ら挑発して高齢チ○ポを生ハメし,BKJS-010 「お義父さん、私のカラダで興奮してしまったんですか？」夫婦ゲンカが絶えずセックスレスな専業主婦は自分を女として見てくれる義父からいやらしい視線を向けられて怒ると思ったら自ら挑発して高齢チ○ポを生ハメし,BKJS-010,2017-10-27,238分鐘,的場桔平,B級熟女選手権,B級熟女選手権,,成熟的女人、亂倫、已婚婦女、中出、4小時以上作品、高畫質、戲劇,多人,https://www.javbus.com/BKJS-010
HDKA-115 はだかの主婦 目黒区在住 北条麻妃（40）,HDKA-115 はだかの主婦 目黒区在住 北条麻妃（40）,HDKA-115,2017-10-01,123分鐘,BIRDMAN鉄平,プラネットプラス,裸婦趣向,裸の主婦,成熟的女人、苗條、其他戀物癖、已婚婦女、高畫質、單體作品,北条麻妃,https://www.javbus.com/HDKA-115
MLW-5044 美熟女SEXカウンセラー 15人 4時間 ベスト どんなチ○ポもタタせます,MLW-5044 美熟女SEXカウンセラー 15人 4時間 ベスト どんなチ○ポもタタせます,MLW-5044,2017-09-29,243分鐘,,MellowMoon（メロウムーン）,MellowMoon（メロウムーン）,美熟女SEXカウンセラー,蕩婦、成熟的女人、合集、女醫生、連褲襪、4小時以上作品,多人,https://www.javbus.com/MLW-5044
EMAF-424 尼と団地妻 官能劇場七選,EMAF-424 尼と団地妻 官能劇場七選,EMAF-424,2017-09-24,480分鐘,清水橋健太,フォーディメンション/エマニエル,フォーディメンション（エマニエル）,,成熟的女人、已婚婦女、中出、4小時以上作品、戲劇、DMM獨家,多人,https://www.javbus.com/EMAF-424
XRW-370 媚薬緊縛レイプ 媚薬でイカされ、縛られて嬲られる人妻たち…,XRW-370 媚薬緊縛レイプ 媚薬でイカされ、縛られて嬲られる人妻たち…,XRW-370,2017-09-22,140分鐘,ディラン富増,レアルワークス,REAL（レアルワークス）,媚薬緊縛レイプ,SM、藥物、紧缚、監禁、已婚婦女、深喉、高畫質,多人,https://www.javbus.com/XRW-370
TOMN-110 射精直前の獣のような激しい腰振り 55発射 3,TOMN-110 射精直前の獣のような激しい腰振り 55発射 3,TOMN-110,2017-09-14,240分鐘,,TEPPAN,TEPPANSPECIAL,射精直前の獣のような激しい腰振り,合集、美少女、數位馬賽克、高畫質、汗だく、巨乳、DMM獨家,多人,https://www.javbus.com/TOMN-110
OOMN-203 快楽を求め喘ぎ悶え狂う美女たちの騎乗位 50名,OOMN-203 快楽を求め喘ぎ悶え狂う美女たちの騎乗位 50名,OOMN-203,2017-09-14,240分鐘,,ABC/妄想族,お母さん.com（ABC/妄想族）,,成熟的女人、母親、合集、女上位、DMM獨家,多人,https://www.javbus.com/OOMN-203
JUY-238 排卵日の美熟女と精子をパンパンに溜めた年下男 ノーカット真性中出し10連射 北条麻妃,JUY-238 排卵日の美熟女と精子をパンパンに溜めた年下男 ノーカット真性中出し10連射 北条麻妃,JUY-238,2017-09-09,120分鐘,芳賀栄太郎,マドンナ,Madonna,,成熟的女人、已婚婦女、高、纪录片、數位馬賽克、中出、高畫質、單體作品、DMM獨家,北条麻妃,https://www.javbus.com/JUY-238
UMSO-157 媚薬近親相姦 4時間16人ベスト,UMSO-157 媚薬近親相姦 4時間16人ベスト,UMSO-157,2017-09-08,240分鐘,,ケイ・エム・プロデュース,UMANAMI,媚薬近親相姦,藥物、紧缚、合集、亂倫、中出、4小時以上作品、高畫質、出軌,多人,https://www.javbus.com/UMSO-157
MKMP-196 円熟味を増した凄腕すぎるいい女たち40人4時間SP,MKMP-196 円熟味を増した凄腕すぎるいい女たち40人4時間SP,MKMP-196,2017-09-08,241分鐘,K太郎,ケイ・エム・プロデュース,million（ミリオン）,,蕩婦、成熟的女人、合集、姐姐、4小時以上作品、高畫質、巨乳,多人,https://www.javbus.com/MKMP-196
MLW-5042 家政婦ベスト8人 4時間 家政婦のイイなり,MLW-5042 家政婦ベスト8人 4時間 家政婦のイイなり,MLW-5042,2017-09-01,245分鐘,,MellowMoon（メロウムーン）,MellowMoon（メロウムーン）,家政婦のイイなり,蕩婦、成熟的女人、合集、各種職業、4小時以上作品、女傭,多人,https://www.javbus.com/MLW-5042
HIGH-003 働くおばさん 熟れたマン臭にガマンできない 北条麻妃,HIGH-003 働くおばさん 熟れたマン臭にガマンできない 北条麻妃,HIGH-003,2017-08-28,10分鐘,,ハイライト,ハイライト,,口交、各種職業、已婚婦女、乳房、高畫質、巨乳、單體作品,北条麻妃,https://www.javbus.com/HIGH-003
OOMN-202 人妻淫乱 下着覗き隠撮,OOMN-202 人妻淫乱 下着覗き隠撮,OOMN-202,2017-08-26,240分鐘,,ABC/妄想族,お母さん.com（ABC/妄想族）,,成熟的女人、合集、已婚婦女、DMM獨家、內衣,多人,https://www.javbus.com/OOMN-202
GIGL-410 「そんなにおばさんのオッパイが見たいの？」誘われたと思っていきなり抱きついてみたら「こんなおばさんでいいのなら…」と中出しまでさせてくれた！！,GIGL-410 「そんなにおばさんのオッパイが見たいの？」誘われたと思っていきなり抱きついてみたら「こんなおばさんでいいのなら…」と中出しまでさせてくれた！！,GIGL-410,2017-08-25,140分鐘,金子次郎,GIGOLO（ジゴロ）,GIGOLO,,成熟的女人、亂倫、已婚婦女、乳房、中出、高畫質、巨乳,多人,https://www.javbus.com/GIGL-410
HZGD-061 自宅で完全拘束調教された人妻 北条麻妃,HZGD-061 自宅で完全拘束調教された人妻 北条麻妃,HZGD-061,2017-08-25,120分鐘,,人妻花園劇場,人妻花園劇場,,已婚婦女、性奴、拘束、高畫質、戲劇、單體作品,北条麻妃,https://www.javbus.com/HZGD-061
NASS-690 接吻熟女レズ 訳ありおばさんの一人旅で訪れた場末の温泉宿の女将の舌を絡ませたレズ接吻で熟したカラダに火が点いた,NASS-690 接吻熟女レズ 訳ありおばさんの一人旅で訪れた場末の温泉宿の女将の舌を絡ませたレズ接吻で熟したカラダに火が点いた,NASS-690,2017-08-25,238分鐘,長澤純,なでしこ,Nadeshiko,,和服・喪服、成熟的女人、女同性戀、已婚婦女、女主人、女老板、4小時以上作品、女同接吻、高畫質,多人,https://www.javbus.com/NASS-690
OKAX-254 おねだり痴女教師4時間,OKAX-254 おねだり痴女教師4時間,OKAX-254,2017-08-23,242分鐘,,ケイ・エム・プロデュース,おかず。,,蕩婦、女教師、姐姐、戀腿癖、乳房、4小時以上作品,多人,https://www.javbus.com/OKAX-254
VEC-273 部長の奥さんがエロすぎて… 北条麻妃,VEC-273 部長の奥さんがエロすぎて… 北条麻妃,VEC-273,2017-08-18,87分鐘,カニエ,VENUS,女神（ヴィーナス）,○○がエロすぎて…,蕩婦、成熟的女人、已婚婦女、中出、單體作品、DMM獨家,北条麻妃,https://www.javbus.com/VEC-273
ABBA-354 ガンガン子宮直撃！！年下男子から激しく突かれて中出しホールド！！30人8時間,ABBA-354 ガンガン子宮直撃！！年下男子から激しく突かれて中出しホールド！！30人8時間,ABBA-354,2017-08-17,485分鐘,,センタービレッジ,センタービレッジ,,成熟的女人、中出、4小時以上作品、高畫質、巨尻,多人,https://www.javbus.com/ABBA-354
MKMP-187 途中下車不可能！電車バス痴漢BEST 31人4時間,MKMP-187 途中下車不可能！電車バス痴漢BEST 31人4時間,MKMP-187,2017-08-11,242分鐘,K太郎,ケイ・エム・プロデュース,million（ミリオン）,,潮吹、合集、多P、性騷擾、羞恥、4小時以上作品、高畫質,多人,https://www.javbus.com/MKMP-187
MMB-138 おバカ乳 服の下から猛アピールしてくるけしからん下品なオッパイ,MMB-138 おバカ乳 服の下から猛アピールしてくるけしからん下品なオッパイ,MMB-138,2017-08-06,240分鐘,石切橋博士,桃太郎映像出版,桃太郎ベスト,,乳交、胖女人、乳房、中出、巨乳、DMM獨家,多人,https://www.javbus.com/MMB-138
AVOPVR-036 【VR】人妻花園劇場×AVVR 寝取り寝取られダブル不倫でスワッピングW中出しSEX,AVOPVR-036 【VR】人妻花園劇場×AVVR 寝取り寝取られダブル不倫でスワッピングW中出しSEX,AVOPVR-036,2017-08-01,41分鐘,ザック荒井,人妻花園劇場,VR-1グランプリ（2017）,,已婚婦女、中出、出軌、VR専用、巨乳、DMM獨家,多人,https://www.javbus.com/AVOPVR-036
NASS-674 腰を突くたび波打つ尻肉 おばさんのムッチリしたお尻に埋もれたい！,NASS-674 腰を突くたび波打つ尻肉 おばさんのムッチリしたお尻に埋もれたい！,NASS-674,2017-07-28,238分鐘,,なでしこ,Nadeshiko,,屁股、花癡、4小時以上作品、巨乳,多人,https://www.javbus.com/NASS-674
JBD-218 拷問無残3 北条麻妃,JBD-218 拷問無残3 北条麻妃,JBD-218,2017-07-15,120分鐘,朝霧浄,アタッカーズ,蛇縛,拷問無残,SM、紧缚、已婚婦女、纪录片、高畫質、單體作品、DMM獨家,北条麻妃,https://www.javbus.com/JBD-218
NASS-657 闇の事件簿 近親相姦集団レイプ,NASS-657 闇の事件簿 近親相姦集団レイプ,NASS-657,2017-07-14,233分鐘,,なでしこ,Nadeshiko,,成熟的女人、亂倫、凌辱、高畫質、出軌、故事集,多人,https://www.javbus.com/NASS-657
TRCT-522 【スマホ推奨】淫語裁判 ～女子校生痴漢えん罪事件～,TRCT-522 【スマホ推奨】淫語裁判 ～女子校生痴漢えん罪事件～,TRCT-522,2017-07-03,138分鐘,松田まさし,ROCKET,ROCKET,,企畫、淫語、各種職業、戲劇、スマホ専用縦動画、高中女生,多人,https://www.javbus.com/TRCT-522
AUKB-074 美熟女レズビアン澤村レイコBEST4時間,AUKB-074 美熟女レズビアン澤村レイコBEST4時間,AUKB-074,2017-06-30,240分鐘,,U＆K,U＆K,,成熟的女人、女同性戀、苗條、合集、戲劇、DMM獨家,多人,https://www.javbus.com/AUKB-074
EMAF-412 友達のお母さんが僕のチンチンを欲しがるのでたっぷり膣に出してやりました スペシャル,EMAF-412 友達のお母さんが僕のチンチンを欲しがるのでたっぷり膣に出してやりました スペシャル,EMAF-412,2017-06-30,480分鐘,清水橋健太,フォーディメンション/エマニエル,フォーディメンション（エマニエル）,友達のお母さんが僕のチンチンを欲しがるのでたっぷり膣に出してやりました,成熟的女人、口交、已婚婦女、中出、巨乳、DMM獨家,多人,https://www.javbus.com/EMAF-412
ASFB-266 パンストなら断然ベージュ派！ 魅惑のナチュラルストッキング 4時間 BEST,ASFB-266 パンストなら断然ベージュ派！ 魅惑のナチュラルストッキング 4時間 BEST,ASFB-266,2017-06-30,240分鐘,,FetishBox/妄想族,FetishBox/妄想族,,蕩婦、其他戀物癖、合集、連褲襪、戀腿癖、DMM獨家,多人,https://www.javbus.com/ASFB-266
TAAB-001 理性が吹っ飛ぶセクハラエロ天国～セクハラされまくりの働く女たち4時間～,TAAB-001 理性が吹っ飛ぶセクハラエロ天国～セクハラされまくりの働く女たち4時間～,TAAB-001,2017-06-25,242分鐘,渡辺琢斗,AVScollector’s,AVSCollector’s,,其他戀物癖、合集、連褲襪、高畫質、DMM獨家,多人,https://www.javbus.com/TAAB-001
XRW-329 レイプ拷問 邪犯,XRW-329 レイプ拷問 邪犯,XRW-329,2017-06-23,140分鐘,ディラン富増,レアルワークス,REAL（レアルワークス）,,藥物、紧缚、花癡、拘束、粗暴、高畫質、折磨,多人,https://www.javbus.com/XRW-329
BDA-037 縛り拷問 黒マラと縄女 北条麻妃,BDA-037 縛り拷問 黒マラと縄女 北条麻妃,BDA-037,2017-06-18,120分鐘,あばしり一家,バミューダ/妄想族,バミューダ/妄想族,縛り拷問覚醒,紧缚、監禁、性奴、高畫質、單體作品、DMM獨家、黑人演員,北条麻妃,https://www.javbus.com/BDA-037
FMR-59 スペシャル美熟女コレクション図鑑Vol.2,FMR-59 スペシャル美熟女コレクション図鑑Vol.2,FMR-59,2017-06-18,240分鐘,,ルビー,琥珀,スペシャル美熟女コレクション図鑑,成熟的女人、4小時以上作品、巨尻、巨乳、DMM獨家,多人,https://www.javbus.com/FMR-59
RBD-845 一族の嫁,RBD-845 一族の嫁,RBD-845,2017-06-17,160分鐘,肉尊,アタッカーズ,龍縛,,已婚婦女、凌辱、高畫質、戲劇、DMM獨家,多人,https://www.javbus.com/RBD-845
UMSO-145 見たかった所が見える 画期的エロプレイ！エアーセックス,UMSO-145 見たかった所が見える 画期的エロプレイ！エアーセックス,UMSO-145,2017-06-09,123分鐘,あばしり一家,ケイ・エム・プロデュース,UMANAMI,,企畫、苗條、其他戀物癖、纪录片、乳房、高畫質,多人,https://www.javbus.com/UMSO-145
OOMN-196 んぐっと咥えこむ密着吸引フェラチオ,OOMN-196 んぐっと咥えこむ密着吸引フェラチオ,OOMN-196,2017-05-27,240分鐘,,ABC/妄想族,お母さん.com,,成熟的女人、苗條、母親、口交、合集、DMM獨家,多人,https://www.javbus.com/OOMN-196
MDB-786 セクシー女優たちの豪華共演作4時間BEST,MDB-786 セクシー女優たちの豪華共演作4時間BEST,MDB-786,2017-05-26,241分鐘,K太郎,メディアステーション,BAZOOKA（バズーカ）,,濫交、合集、姐姐、4小時以上作品、高畫質、ハーレム、巨乳,多人,https://www.javbus.com/MDB-786
KUSR-030 「私の脚を舐めてチ○ポ勃起させるなんてこの変態！」奥さんの美脚でゴリゴリと踏みつけられて不覚にもビン立ちしたチ○ポはヤらずに収まらない！,KUSR-030 「私の脚を舐めてチ○ポ勃起させるなんてこの変態！」奥さんの美脚でゴリゴリと踏みつけられて不覚にもビン立ちしたチ○ポはヤらずに収まらない！,KUSR-030,2017-05-25,120分鐘,菊の助,ビッグモーカル,九龍（ビッグモーカル）,,已婚婦女、戀腿癖、高畫質、顏面騎乘、M男、デカチン・巨根,多人,https://www.javbus.com/KUSR-030
TSH-009 Body Stockings Loves 卑猥にくねるセクシーボディ,TSH-009 Body Stockings Loves 卑猥にくねるセクシーボディ,TSH-009,2017-05-12,140分鐘,渡辺琢斗,AVScollector’s,琢斗,,苗條、連褲襪、戀腿癖、高畫質、DMM獨家,多人,https://www.javbus.com/TSH-009
AUKB-072 三穴淫交レズビアンBEST4時間,AUKB-072 三穴淫交レズビアンBEST4時間,AUKB-072,2017-05-12,240分鐘,,U＆K,U＆K,,蕩婦、女同性戀、合集、各種職業、巨乳、DMM獨家,多人,https://www.javbus.com/AUKB-072
JUFD-740 じっくり高める手コキでもてなす完全勃起ともの凄い射精の回春旅館 北条麻妃,JUFD-740 じっくり高める手コキでもてなす完全勃起ともの凄い射精の回春旅館 北条麻妃,JUFD-740,2017-05-11,160分鐘,三島六三郎,Fitch,Fitch,完全勃起ともの凄い射精の回春旅館,屁股、數位馬賽克、女主人、女老板、乳液、按摩、高畫質、單體作品、DMM獨家、打手槍,北条麻妃,https://www.javbus.com/JUFD-740
RVG-046 黒人の極太チ●ポに欲情する人妻BEST vol.1,RVG-046 黒人の極太チ●ポに欲情する人妻BEST vol.1,RVG-046,2017-05-03,479分鐘,,グローリークエスト,GLORYQUEST,黒人の極太チ●ポに欲情する人妻,合集、已婚婦女、多P、4小時以上作品、高畫質、デカチン・巨根、黑人演員,多人,https://www.javbus.com/RVG-046
HKD-109 小料理屋のママ ノーパンしゃぶしゃぶ始めました 北条麻妃,HKD-109 小料理屋のママ ノーパンしゃぶしゃぶ始めました 北条麻妃,HKD-109,2017-05-01,90分鐘,辻甲二,ルビー,MAMARUBY,,和服・喪服、成熟的女人、單體作品、DMM獨家,北条麻妃,https://www.javbus.com/HKD-109
JUFD-725 尻肉を打ちつけたい淫乱妻の絶頂中出し騎乗位 北条麻妃,JUFD-725 尻肉を打ちつけたい淫乱妻の絶頂中出し騎乗位 北条麻妃,JUFD-725,2017-04-22,160分鐘,旗大漁,Fitch,Fitch,尻肉を打ちつけたい○○妻,已婚婦女、花癡、數位馬賽克、中出、女上位、高畫質、顏面騎乘、單體作品、DMM獨家,北条麻妃,https://www.javbus.com/JUFD-725
DDT-555 首絞めハードFUCKベスト,DDT-555 首絞めハードFUCKベスト,DDT-555,2017-04-16,253分鐘,,ドグマ,Dogma,,紧缚、合集、拘束、凌辱、4小時以上作品、DMM獨家,多人,https://www.javbus.com/DDT-555
BDA-031 縛り拷問 奴隷市場の宴 其ノ貮,BDA-031 縛り拷問 奴隷市場の宴 其ノ貮,BDA-031,2017-04-16,240分鐘,あばしり一家,バミューダ/妄想族,バミューダ/妄想族,奴隷市場の宴,紧缚、性奴、拘束、DMM獨家,多人,https://www.javbus.com/BDA-031
MGDV-021 CRYSTAL MEGA CHOiCE 豪毛女 8時間,MGDV-021 CRYSTAL MEGA CHOiCE 豪毛女 8時間,MGDV-021,2017-04-15,477分鐘,,クリスタル映像,MEGACRYSTAL,CRYSTALMEGACHOiCE,成熟的女人、其他戀物癖、合集、已婚婦女、4小時以上作品,多人,https://www.javbus.com/MGDV-021
DFET-011 富裕層セレブ妻の変態メス汁が溢れ出る淫語オナニー 淫らな私の秘密をアナタだけに全部見せてあげるわ 4時間12名,DFET-011 富裕層セレブ妻の変態メス汁が溢れ出る淫語オナニー 淫らな私の秘密をアナタだけに全部見せてあげるわ 4時間12名,DFET-011,2017-04-15,243分鐘,piana,プリモ,エロナンデス,,成熟的女人、其他戀物癖、已婚婦女、4小時以上作品、自慰,多人,https://www.javbus.com/DFET-011
NASS-604 問答無用 自宅侵入6連鎖 生ハメ鬼突き！強制射精！ママ友レイプ,NASS-604 問答無用 自宅侵入6連鎖 生ハメ鬼突き！強制射精！ママ友レイプ,NASS-604,2017-04-14,241分鐘,,なでしこ,Nadeshiko,,成熟的女人、已婚婦女、4小時以上作品、高畫質、出軌、戲劇,多人,https://www.javbus.com/NASS-604
TAD-006 極縄 北条麻妃×奈加あきら,TAD-006 極縄 北条麻妃×奈加あきら,TAD-006,2017-04-06,121分鐘,あばしり一家,バミューダ,タランチュラ（バミューダ/ヴァンアソシエイツ）,極縄,放尿、SM、紧缚、纪录片、高畫質、單體作品,北条麻妃,https://www.javbus.com/TAD-006
HKD-106 お仕事熟女 CATVのチューナーの修理に行ったら お客さんが北条麻妃のAVを見ていて,HKD-106 お仕事熟女 CATVのチューナーの修理に行ったら お客さんが北条麻妃のAVを見ていて,HKD-106,2017-04-03,100分鐘,海山輝一,ルビー,MAMARUBY,お仕事熟女,成熟的女人、各種職業、DMM獨家,多人,https://www.javbus.com/HKD-106
PSSD-404 催眠［失神］selection1,PSSD-404 催眠［失神］selection1,PSSD-404,2017-03-31,144分鐘,,アウダースジャパン,AUDAZ,,合集、纪录片、催眠、內衣,多人,https://www.javbus.com/PSSD-404
EMBZ-129 美熟女の汗だく汁だく本気オナニー！オナニー！！オナニー！！！,EMBZ-129 美熟女の汗だく汁だく本気オナニー！オナニー！！オナニー！！！,EMBZ-129,2017-03-31,123分鐘,,熟女塾/エマニエル,熟女塾,,成熟的女人、其他戀物癖、汗だく、DMM獨家、自慰,多人,https://www.javbus.com/EMBZ-129
ABCB-016 殿堂入り 珠玉の筆おろし,ABCB-016 殿堂入り 珠玉の筆おろし,ABCB-016,2017-03-30,240分鐘,,ABC/妄想族,ABC,,成熟的女人、母親、合集、數位馬賽克、巨乳、DMM獨家,多人,https://www.javbus.com/ABCB-016
MCSR-247R ★配信限定特典付★30th BIGMORKAL 中出しお義母さんが教えてあげる ANNIVERSARY EDITION 8時間,MCSR-247R ★配信限定特典付★30th BIGMORKAL 中出しお義母さんが教えてあげる ANNIVERSARY EDITION 8時間,MCSR-247R,2017-03-25,504分鐘,,ビッグモーカル,マスカット,中出しお義母さんが教えてあげる,成熟的女人、合集、已婚婦女、纪录片、中出、4小時以上作品、婆婆、高畫質,多人,https://www.javbus.com/MCSR-247R
XRW-291 媚薬緊縛レイプ,XRW-291 媚薬緊縛レイプ,XRW-291,2017-03-24,140分鐘,ディラン富増,レアルワークス,REAL（レアルワークス）,,藥物、性奴、拘束、凌辱,多人,https://www.javbus.com/XRW-291
NSPS-561 従順顔からツン顔まで・・ 北条麻妃 ベスト版,NSPS-561 従順顔からツン顔まで・・ 北条麻妃 ベスト版,NSPS-561,2017-03-17,228分鐘,ながえ,ながえスタイル,ながえSTYLE,,成熟的女人、OL、已婚婦女、通姦、戲劇、單體作品、DMM獨家,北条麻妃,https://www.javbus.com/NSPS-561
HKD-105 囲碁教室のふんどし先生 北条麻妃,HKD-105 囲碁教室のふんどし先生 北条麻妃,HKD-105,2017-03-17,91分鐘,辻甲二,ルビー,MAMARUBY,○○教室のふんどし先生,成熟的女人、其他戀物癖、單體作品、DMM獨家,北条麻妃,https://www.javbus.com/HKD-105
DFET-009 パンスト完全着用！最後まで脱ぐわけがありません。マニアが泣いて喜ぶこだわりの美脚パンストオナニーCOLLECTION4時間12人,DFET-009 パンスト完全着用！最後まで脱ぐわけがありません。マニアが泣いて喜ぶこだわりの美脚パンストオナニーCOLLECTION4時間12人,DFET-009,2017-03-17,241分鐘,,プリモ,エロナンデス,,連褲襪、戀腿癖、4小時以上作品、自慰,多人,https://www.javbus.com/DFET-009
DFET-010 美魔女のねっとりとした絶品熟しゃぶり 粘着質なフェラチオに思わず大発射！4時間 12人,DFET-010 美魔女のねっとりとした絶品熟しゃぶり 粘着質なフェラチオに思わず大発射！4時間 12人,DFET-010,2017-03-17,241分鐘,,プリモ,エロナンデス,,蕩婦、口交、其他戀物癖、4小時以上作品,多人,https://www.javbus.com/DFET-010
HYAS-075 グローバルメディア 熟女・人妻レイプ 100人8時間,HYAS-075 グローバルメディア 熟女・人妻レイプ 100人8時間,HYAS-075,2017-03-10,482分鐘,,ケイ・エム・プロデュース,100人,100人8時間,成熟的女人、已婚婦女、4小時以上作品、高畫質、出軌、戲劇,多人,https://www.javbus.com/HYAS-075
VOSS-029 浪人生の僕は父の弟である叔父夫婦の家に居候して肩身の狭い思いをしていたが、多忙な叔父のせいで欲求不満の叔母は僕がAVマニアだと知ると部屋にやってきて「スケベなの見せてよ」となんとAV鑑賞！マ○コをびっ,VOSS-029 浪人生の僕は父の弟である叔父夫婦の家に居候して肩身の狭い思いをしていたが、多忙な叔父のせいで欲求不満の叔母は僕がAVマニアだと知ると部屋にやってきて「スケベなの見せてよ」となんとAV鑑賞！マ○コをびっ,VOSS-029,2017-03-05,97分鐘,ペータ☆,VENUS,熟人PROJECT,「スケベなの見せてよ」となんとAV鑑賞！,成熟的女人、已婚婦女、中出、高畫質、單體作品、DMM獨家,北条麻妃,https://www.javbus.com/VOSS-029
KMDS-20372 破廉恥Tバックのおばさん むっちりデカ尻40人8時間,KMDS-20372 破廉恥Tバックのおばさん むっちりデカ尻40人8時間,KMDS-20372,2017-02-28,482分鐘,,カマタ映像,弁天,,成熟的女人、其他戀物癖、連褲襪、4小時以上作品、巨尻、內衣,多人,https://www.javbus.com/KMDS-20372
OOMN-194 女を欲情させる日本家屋の美 和室濃厚SEX,OOMN-194 女を欲情させる日本家屋の美 和室濃厚SEX,OOMN-194,2017-02-26,240分鐘,,ABC/妄想族,お母さん.com/ABC,,成熟的女人、合集、數位馬賽克、女上位、DMM獨家,多人,https://www.javbus.com/OOMN-194
MCSR-243 ★配信限定特典付★30th BIGMORKAL 中出し人妻不倫旅行 ANNIVERSARY EDITION 8時間,MCSR-243 ★配信限定特典付★30th BIGMORKAL 中出し人妻不倫旅行 ANNIVERSARY EDITION 8時間,MCSR-243,2017-02-25,502分鐘,,ビッグモーカル,マスカット,中出し人妻不倫旅行,合集、已婚婦女、纪录片、通姦、中出、4小時以上作品、高畫質,多人,https://www.javbus.com/MCSR-243
KOOB-003 S＆M 女神淫虐 4時間BEST COLLECTION,KOOB-003 S＆M 女神淫虐 4時間BEST COLLECTION,KOOB-003,2017-02-24,239分鐘,,AVScollector’s,AVSCollector’s,S＆M女神淫虐,紧缚、合集、性奴、4小時以上作品、DMM獨家,多人,https://www.javbus.com/KOOB-003
CRMN-127 パンスト美脚の足コキで死ぬほどイカされたい！4時間12人,CRMN-127 パンスト美脚の足コキで死ぬほどイカされたい！4時間12人,CRMN-127,2017-02-24,240分鐘,,痴ロモン/妄想族,痴ロモン/妄想族,,其他戀物癖、連褲襪、足交、DMM獨家,多人,https://www.javbus.com/CRMN-127
DFET-007 愛汁まみれの淫乱マ○コをぱっくり見せつけ淫語を連発しながら誘惑してくるオナニー【メス発情してフェロモン出まくりのお姉さま限定】 4時間 12人,DFET-007 愛汁まみれの淫乱マ○コをぱっくり見せつけ淫語を連発しながら誘惑してくるオナニー【メス発情してフェロモン出まくりのお姉さま限定】 4時間 12人,DFET-007,2017-02-22,242分鐘,,プリモ,エロナンデス,,蕩婦、其他戀物癖、淫語、姐姐、4小時以上作品、高畫質、自慰,多人,https://www.javbus.com/DFET-007
VERO-061 美しいママの淫ら剛毛 20人4時間,VERO-061 美しいママの淫ら剛毛 20人4時間,VERO-061,2017-02-19,240分鐘,,VENUS,女神（ヴィーナス）,,成熟的女人、其他戀物癖、合集、已婚婦女、4小時以上作品、DMM獨家,多人,https://www.javbus.com/VERO-061
DDT-549 いやらしい体を持て余す変態熟女ベスト,DDT-549 いやらしい体を持て余す変態熟女ベスト,DDT-549,2017-02-19,250分鐘,,ドグマ,Dogma,,成熟的女人、合集、4小時以上作品、DMM獨家,多人,https://www.javbus.com/DDT-549
OOMN-192 美女の誘惑 勃起乳首SEX,OOMN-192 美女の誘惑 勃起乳首SEX,OOMN-192,2017-02-18,240分鐘,,ABC/妄想族,お母さん.com/ABC,,合集、戀乳癖、數位馬賽克、女上位、巨乳、DMM獨家,多人,https://www.javbus.com/OOMN-192
NASS-576 陵辱鬼に狙われた6人の美白ママ友たち,NASS-576 陵辱鬼に狙われた6人の美白ママ友たち,NASS-576,2017-02-10,240分鐘,,なでしこ,Nadeshiko,,成熟的女人、已婚婦女、4小時以上作品、高畫質、出軌、戲劇,多人,https://www.javbus.com/NASS-576
UMSO-128 媚薬近親相姦 03 姉さんと娘を極秘ルートで入手したバイアグラを飲ませてイヤらしい身体を身動き出来なくして犯してしまった…,UMSO-128 媚薬近親相姦 03 姉さんと娘を極秘ルートで入手したバイアグラを飲ませてイヤらしい身体を身動き出来なくして犯してしまった…,UMSO-128,2017-02-10,139分鐘,ディラン富増,ケイ・エム・プロデュース,UMANAMI,媚薬近親相姦,藥物、亂倫、姐妹、中出、高畫質、巨乳,多人,https://www.javbus.com/UMSO-128
SDDE-477 淫熟シェアハウスへようこそ,SDDE-477 淫熟シェアハウスへようこそ,SDDE-477,2017-02-02,154分鐘,イージー松本,SODクリエイト,SENZ,,企畫、成熟的女人、中出、高畫質、ハーレム、巨乳,多人,https://www.javbus.com/SDDE-477
GIRO-13 美熟女ヒロイン SUPER▼WOMAN 北条麻紀,GIRO-13 美熟女ヒロイン SUPER▼WOMAN 北条麻紀,GIRO-13,2017-02-01,81分鐘,六機崇,GIGA,GIGA,SUPER▼WOMAN,成熟的女人、已婚婦女、凌辱、格鬥家、特效、單體作品,北条麻妃,https://www.javbus.com/GIRO-13
KMDS-20369 カマタ映像BESTSELECTION 熟女に射精する瞬間！ 中出し 顔射 ぶっかけ35人8時間,KMDS-20369 カマタ映像BESTSELECTION 熟女に射精する瞬間！ 中出し 顔射 ぶっかけ35人8時間,KMDS-20369,2017-01-31,481分鐘,,カマタ映像,弁天,,成熟的女人、玩具、已婚婦女、中出、4小時以上作品、立即口交,多人,https://www.javbus.com/KMDS-20369
NASS-570 一泊二日の温泉旅行で羞恥漬けにされる「いいなり」不倫妻。見知らぬ客たちの視線にオマ○コを疼かせてる彼女に辛抱たまらず中出ししちゃいました！2,NASS-570 一泊二日の温泉旅行で羞恥漬けにされる「いいなり」不倫妻。見知らぬ客たちの視線にオマ○コを疼かせてる彼女に辛抱たまらず中出ししちゃいました！2,NASS-570,2017-01-27,130分鐘,チチシャブルノスキー,なでしこ,Nadeshiko,一泊二日の温泉旅行で羞恥漬けにされる「いいなり」不倫妻,和服・喪服、野外・露出、已婚婦女、通姦、凌辱、羞恥、高畫質、温泉、巨乳,多人,https://www.javbus.com/NASS-570
OKAX-181 優しく微笑みながら膨れあがった股間をじっくりほぐしてくれる！完全ヌキありメンズエステ 4時間,OKAX-181 優しく微笑みながら膨れあがった股間をじっくりほぐしてくれる！完全ヌキありメンズエステ 4時間,OKAX-181,2017-01-27,241分鐘,,ケイ・エム・プロデュース,おかず。,,蕩婦、4小時以上作品、美容院、按摩,多人,https://www.javbus.com/OKAX-181
XRW-263 媚縛潜入捜査官03 拘束されて生き恥を晒す凄腕の女…,XRW-263 媚縛潜入捜査官03 拘束されて生き恥を晒す凄腕の女…,XRW-263,2017-01-27,130分鐘,ディラン富増,レアルワークス,REAL（レアルワークス）,媚縛潜入捜査官,藥物、紧缚、監禁、制服、女檢察官、高畫質、戲劇、立即口交,多人,https://www.javbus.com/XRW-263
GIGL-351 絶倫オヤジのねちっこいSEX！！2,GIGL-351 絶倫オヤジのねちっこいSEX！！2,GIGL-351,2017-01-27,140分鐘,金子二郎,GIGOLO（ジゴロ）,GIGOLO,絶倫オヤジのねちっこいSEX！！,成熟的女人、已婚婦女、中出、高畫質、出軌,多人,https://www.javbus.com/GIGL-351
KOSK-018 人妻不倫発情期,KOSK-018 人妻不倫発情期,KOSK-018,2017-01-22,155分鐘,好色男,好色一代/妄想族,好色一代/妄想族,,蕩婦、已婚婦女、通姦、DMM獨家,多人,https://www.javbus.com/KOSK-018
CVDX-249 シミチョロに興奮した学生時代を思い出す懐かしのシュミーズおばさん 30人4時間,CVDX-249 シミチョロに興奮した学生時代を思い出す懐かしのシュミーズおばさん 30人4時間,CVDX-249,2017-01-19,243分鐘,,センタービレッジ,センタービレッジ,,成熟的女人、其他戀物癖、已婚婦女、4小時以上作品、高畫質、內衣,多人,https://www.javbus.com/CVDX-249
SDDE-473 淫欲ママのセックス面談～熟したカラダで新米教師を誘惑する5人のママたち～,SDDE-473 淫欲ママのセックス面談～熟したカラダで新米教師を誘惑する5人のママたち～,SDDE-473,2017-01-19,191分鐘,大村大,SODクリエイト,SENZ,,企畫、母親、已婚婦女、花癡、多P、高畫質、巨乳,多人,https://www.javbus.com/SDDE-473
OOMN-190 美熟女たちの“凄”フェラ,OOMN-190 美熟女たちの“凄”フェラ,OOMN-190,2017-01-15,240分鐘,,ABC/妄想族,お母さん.com/ABC,,成熟的女人、母親、口交、合集、已婚婦女、DMM獨家,多人,https://www.javbus.com/OOMN-190
ONGP-093 セックスなんていらない！ 全裸強要生活 じっくり見れる裸,ONGP-093 セックスなんていらない！ 全裸強要生活 じっくり見れる裸,ONGP-093,2017-01-13,118分鐘,あばしり一家,バミューダ,Onafes（オナフェス）2017,,蕩婦、成熟的女人、其他戀物癖、高畫質、巨乳,多人,https://www.javbus.com/ONGP-093
TAAK-007 通販番組のMC麻妃さんは、セクハラされまくりの美脚美熟女レディ 北条麻妃,TAAK-007 通販番組のMC麻妃さんは、セクハラされまくりの美脚美熟女レディ 北条麻妃,TAAK-007,2017-01-13,160分鐘,渡辺琢斗,AVScollector’s,AVSCollector’s,セクハラされまくりの○○,成熟的女人、各種職業、連褲襪、高畫質、單體作品、DMM獨家,北条麻妃,https://www.javbus.com/TAAK-007
SDDE-471 『えっ？僕が10，000人目の客！？記念サービスがある！？』人妻デリヘルを頼んだら、偶然、トップキャスト5名が来ることになってしまったら貴方はどうしますか？,SDDE-471 『えっ？僕が10，000人目の客！？記念サービスがある！？』人妻デリヘルを頼んだら、偶然、トップキャスト5名が来ることになってしまったら貴方はどうしますか？,SDDE-471,2017-01-06,96分鐘,木村真也,SODクリエイト,SENZ,,企畫、成熟的女人、妓女、已婚婦女、高畫質、M男、ハーレム,多人,https://www.javbus.com/SDDE-471
OOMN-188 北条麻妃 SUPER BEST,OOMN-188 北条麻妃 SUPER BEST,OOMN-188,2016-12-29,240分鐘,,ABC/妄想族,お母さん.com/ABC,,成熟的女人、苗條、數位馬賽克、女上位、女優ベスト・総集編、單體作品、DMM獨家,北条麻妃,https://www.javbus.com/OOMN-188
GWAZ-087 私のオナニー見て！5時間20分 ドスケベ不貞妻の肉ビラとマン汁にフル勃起！！,GWAZ-087 私のオナニー見て！5時間20分 ドスケベ不貞妻の肉ビラとマン汁にフル勃起！！,GWAZ-087,2016-12-25,322分鐘,,ジャネス,MANIAプレイ,,成熟的女人、其他戀物癖、已婚婦女、4小時以上作品、高畫質、自慰、局部特寫,多人,https://www.javbus.com/GWAZ-087
KUSR-025 媚薬中出し近親相姦 姉、妹、母親、娘をレイプ 4時間,KUSR-025 媚薬中出し近親相姦 姉、妹、母親、娘をレイプ 4時間,KUSR-025,2016-12-25,239分鐘,菊の助,ビッグモーカル,九龍（ビッグモーカル）,,母親、藥物、亂倫、姐妹、中出、4小時以上作品、高畫質,多人,https://www.javbus.com/KUSR-025
NASS-554 DX20シーン4時間 人妻は夫が隣にいるのに寝取られるスリルにオマ○コが疼きすぎて俺のチ○コを欲しがるので辛抱たまらん！！,NASS-554 DX20シーン4時間 人妻は夫が隣にいるのに寝取られるスリルにオマ○コが疼きすぎて俺のチ○コを欲しがるので辛抱たまらん！！,NASS-554,2016-12-23,241分鐘,GA-SU,なでしこ,Nadeshiko,人妻は夫が隣にいるのに寝取られるスリルにオマ●コが疼きすぎて俺のチ●コを欲しがるので辛抱たまらん！！,蕩婦、成熟的女人、合集、已婚婦女、4小時以上作品、高畫質、出軌,多人,https://www.javbus.com/NASS-554
DFET-004 膣内射精ゾッコン派！淫語で誘う美人妻の中出しおねだりSEX4時間12人,DFET-004 膣内射精ゾッコン派！淫語で誘う美人妻の中出しおねだりSEX4時間12人,DFET-004,2016-12-21,241分鐘,,プリモ,エロナンデス,,蕩婦、淫語、已婚婦女、中出、女上位、4小時以上作品、內衣,多人,https://www.javbus.com/DFET-004
ASFB-233 もっこり食い込みレオタード 4時間 BEST,ASFB-233 もっこり食い込みレオタード 4時間 BEST,ASFB-233,2016-12-18,240分鐘,,FetishBox/妄想族,FetishBox/妄想族,もっこり食い込み○○レオタード,其他戀物癖、合集、緊身衣、DMM獨家,多人,https://www.javbus.com/ASFB-233
BDA-024 全身タトゥーの女 北条麻妃,BDA-024 全身タトゥーの女 北条麻妃,BDA-024,2016-12-18,125分鐘,あばしり一家,バミューダ/妄想族,バミューダ/妄想族,,蕩婦、放尿、高、花癡、單體作品、DMM獨家、打手槍,北条麻妃,https://www.javbus.com/BDA-024
VAGU-168 隣の奥さんは連続絶頂ランジェリーナ 総集編 11人4時間,VAGU-168 隣の奥さんは連続絶頂ランジェリーナ 総集編 11人4時間,VAGU-168,2016-12-11,240分鐘,,VENUS,ULTIMA,連続絶頂ランジェリーナ,成熟的女人、合集、已婚婦女、4小時以上作品、DMM獨家、內衣,多人,https://www.javbus.com/VAGU-168
DJSH-048 親愛なるフェラチオ夫人 濃厚でねっとりとした美人妻おしゃぶり 4時間,DJSH-048 親愛なるフェラチオ夫人 濃厚でねっとりとした美人妻おしゃぶり 4時間,DJSH-048,2016-12-11,240分鐘,,ジャネス,艶女,,蕩婦、成熟的女人、口交、已婚婦女、4小時以上作品,多人,https://www.javbus.com/DJSH-048
MUJG-001 MUGON ANNEX 2016 生姦・中出し総集編,MUJG-001 MUGON ANNEX 2016 生姦・中出し総集編,MUJG-001,2016-12-11,244分鐘,,ANNEX（無言）/HERO,MUJG,,合集、已婚婦女、中出、4小時以上作品、高畫質、出軌、DMM獨家,多人,https://www.javbus.com/MUJG-001
TORX-003 北条麻妃 SUPER BEST 180分 デビュー10周年記念 特別編集版,TORX-003 北条麻妃 SUPER BEST 180分 デビュー10周年記念 特別編集版,TORX-003,2016-12-09,187分鐘,貞邪我,オルガ,ORGA,,成熟的女人、妓女、高、通姦、高畫質、戲劇、女優ベスト・総集編、單體作品,北条麻妃,https://www.javbus.com/TORX-003
DBR-94 2016年RUBY年鑑 第四期（2016.07～09）,DBR-94 2016年RUBY年鑑 第四期（2016.07～09）,DBR-94,2016-12-04,480分鐘,,ルビー,RUBY,ルビー年鑑,成熟的女人、合集、4小時以上作品、DMM獨家,多人,https://www.javbus.com/DBR-94
DBR-92 2016年RUBY年鑑 第二期（2016.01～03）,DBR-92 2016年RUBY年鑑 第二期（2016.01～03）,DBR-92,2016-12-04,480分鐘,,ルビー,RUBY,ルビー年鑑,成熟的女人、合集、4小時以上作品、DMM獨家,多人,https://www.javbus.com/DBR-92
DBR-93 2016年RUBY年鑑 第三期（2016.04～06）,DBR-93 2016年RUBY年鑑 第三期（2016.04～06）,DBR-93,2016-12-04,480分鐘,,ルビー,RUBY,ルビー年鑑,成熟的女人、合集、4小時以上作品、DMM獨家,多人,https://www.javbus.com/DBR-93
ASFB-231 ちん潮スプラッシュ 男の潮吹きメガMAX 4時間,ASFB-231 ちん潮スプラッシュ 男の潮吹きメガMAX 4時間,ASFB-231,2016-11-28,240分鐘,,FetishBox/妄想族,FetishBox/妄想族,,其他戀物癖、潮吹、4小時以上作品、DMM獨家,多人,https://www.javbus.com/ASFB-231
DMBK-054 最強の美尻プレッシャーがM男を襲うメガトン顔面騎乗 4時間,DMBK-054 最強の美尻プレッシャーがM男を襲うメガトン顔面騎乗 4時間,DMBK-054,2016-11-27,243分鐘,,ジャネス,MAZOBOYSCLUB,,蕩婦、屁股、4小時以上作品、顏面騎乘、M男、巨尻,多人,https://www.javbus.com/DMBK-054
NATR-556 温泉旅行で旦那にバレる危険よりも俺のチ●ポを選ぶ不倫妻。 「人が見てるってばぁ…」周囲モロバレの露出羞恥でオマ●コぐちょぐちょに濡らし極太チ●ポを咥え込む不貞主婦がたまらん！6 北条麻妃,NATR-556 温泉旅行で旦那にバレる危険よりも俺のチ●ポを選ぶ不倫妻。 「人が見てるってばぁ…」周囲モロバレの露出羞恥でオマ●コぐちょぐちょに濡らし極太チ●ポを咥え込む不貞主婦がたまらん！6 北条麻妃,NATR-556,2016-11-25,91分鐘,チチシャブルノスキー,なでしこ,Nadeshiko,温泉旅行で旦那にバレる危険よりも俺のチ●ポを選ぶ不倫妻。,野外・露出、已婚婦女、通姦、羞恥、中出、高畫質、温泉、單體作品,北条麻妃,https://www.javbus.com/NATR-556
HOJ-307 見知らぬ男に痴漢レイプ！無防備な人妻にチ○ポを強引に咥えさせオマ○コに中出し！！ 3（3P編）,HOJ-307 見知らぬ男に痴漢レイプ！無防備な人妻にチ○ポを強引に咥えさせオマ○コに中出し！！ 3（3P編）,HOJ-307,2016-11-23,115分鐘,,マニアゼロ,人妻倶楽部(ラハイナ東海),見知らぬ男に痴漢レイプ！,成熟的女人、已婚婦女、多P、性騷擾、高畫質,多人,https://www.javbus.com/HOJ-307
BDA-023 驚愕のウエット＆メッシー映像！！汚し大全集12人240分スペシャル,BDA-023 驚愕のウエット＆メッシー映像！！汚し大全集12人240分スペシャル,BDA-023,2016-11-18,240分鐘,あばしり一家,バミューダ/妄想族,バミューダ/妄想族,,其他戀物癖、性奴、凌辱、4小時以上作品、顏射、DMM獨家,多人,https://www.javbus.com/BDA-023
ASFB-228 賢者タイムなんて一切なし！どぴゅどぴゅザーメンが止まらない連続射精のエクスタシー PART2 4時間 Special,ASFB-228 賢者タイムなんて一切なし！どぴゅどぴゅザーメンが止まらない連続射精のエクスタシー PART2 4時間 Special,ASFB-228,2016-11-18,240分鐘,,FetishBox/妄想族,FetishBox/妄想族,賢者タイムなんて一切なし！,蕩婦、濫交、其他戀物癖、DMM獨家,多人,https://www.javbus.com/ASFB-228
JAMC-015 オナニーで挑発する人妻210分 突然、目の前でエロ熟女がオマ○コ丸出しで激イキ！糸引くマン汁を指に絡ませてズボズボピストン！！,JAMC-015 オナニーで挑発する人妻210分 突然、目の前でエロ熟女がオマ○コ丸出しで激イキ！糸引くマン汁を指に絡ませてズボズボピストン！！,JAMC-015,2016-11-18,210分鐘,,スタイルアート/妄想族,スタイルアートjam/妄想族,,蕩婦、成熟的女人、已婚婦女、DMM獨家、自慰,多人,https://www.javbus.com/JAMC-015
SVS-054 『パンスト・ノーパン』マニアが選んだ厳選どエロ女BEST10！,SVS-054 『パンスト・ノーパン』マニアが選んだ厳選どエロ女BEST10！,SVS-054,2016-11-13,240分鐘,,AVScollector’s,AVS,,成熟的女人、合集、連褲襪、4小時以上作品、DMM獨家,多人,https://www.javbus.com/SVS-054
CRMN-111 ガクガクぷるぷる立ちオナニー,CRMN-111 ガクガクぷるぷる立ちオナニー,CRMN-111,2016-11-13,140分鐘,,痴ロモン/妄想族,痴ロモン/妄想族,,其他戀物癖、潮吹、DMM獨家、自慰,多人,https://www.javbus.com/CRMN-111
MDB-731 仲良しカップルが挑戦！！目隠し状態で彼女とAV女優、どちらが本物の彼女なのか当ててみて！！AV女優のテクニックにいつも以上に勃起してしまった彼氏は彼女の目の前で中出し！！,MDB-731 仲良しカップルが挑戦！！目隠し状態で彼女とAV女優、どちらが本物の彼女なのか当ててみて！！AV女優のテクニックにいつも以上に勃起してしまった彼氏は彼女の目の前で中出し！！,MDB-731,2016-11-11,150分鐘,こあら太郎（わ）,メディアステーション,BAZOOKA（バズーカ）,,蕩婦、企畫、姐姐、中出、高畫質、立即口交,多人,https://www.javbus.com/MDB-731
AXBC-048 「他人の妻を犯したい…」レイプされてるのにオマ○コ濡れ濡れ… 夫以外のチ○ポで感じてしまう欲求不満な人妻 2 北条麻妃,AXBC-048 「他人の妻を犯したい…」レイプされてるのにオマ○コ濡れ濡れ… 夫以外のチ○ポで感じてしまう欲求不満な人妻 2 北条麻妃,AXBC-048,2016-11-11,119分鐘,TANAKA,ジャネス,艶女,「他人の妻を犯したい…」,口交、已婚婦女、多P、高畫質、顏射、單體作品、自慰、打手槍,北条麻妃,https://www.javbus.com/AXBC-048
AP-361 スカート巾着拘束固定媚薬バイブ痴漢バス,AP-361 スカート巾着拘束固定媚薬バイブ痴漢バス,AP-361,2016-11-04,195分鐘,クニオカ,アパッチ,アパッチ（HHHグループ）,スカート巾着固定媚薬バイブ痴漢,藥物、已婚婦女、性騷擾、中出、DMM獨家,多人,https://www.javbus.com/AP-361
JFB-150 犯されているのに感じてしまう肉感美女達の強制絶頂BEST8時間,JFB-150 犯されているのに感じてしまう肉感美女達の強制絶頂BEST8時間,JFB-150,2016-11-03,480分鐘,,Fitch,Fitch,,合集、數位馬賽克、性奴、羞恥、中出、巨乳、DMM獨家,多人,https://www.javbus.com/JFB-150
MHSO-008 ホッパンデニム美巨尻（；´Д｀）顔面騎乗,MHSO-008 ホッパンデニム美巨尻（；´Д｀）顔面騎乗,MHSO-008,2016-10-31,178分鐘,宮本小次郎,MARRION,IRIS,,玩具、潮吹、屁股、高畫質、顏面騎乘,多人,https://www.javbus.com/MHSO-008
EMBZ-120 熟女の匂い立つ足裏 艶熟フェチ画報 「究極フェチズム館」,EMBZ-120 熟女の匂い立つ足裏 艶熟フェチ画報 「究極フェチズム館」,EMBZ-120,2016-10-30,250分鐘,,熟女塾/エマニエル,熟女塾,艶熟フェチ画報,成熟的女人、其他戀物癖、連褲襪、戀腿癖、足交、DMM獨家,多人,https://www.javbus.com/EMBZ-120
DJSI-078 美熟女のしっぽり生搾り手コキ 4時間,DJSI-078 美熟女のしっぽり生搾り手コキ 4時間,DJSI-078,2016-10-30,243分鐘,,ジャネス,艶女,,成熟的女人、淫語、4小時以上作品、主觀視角、キス・接吻、打手槍,多人,https://www.javbus.com/DJSI-078
NASS-525 夫の隣で寝取らせた不倫妻 チ○ポを激ピストンで突っ込まれ、声を抑えながらイキまくる奥様たち 極限のスリルに熟したオマ○コもびっしょり濡れまくり！！,NASS-525 夫の隣で寝取らせた不倫妻 チ○ポを激ピストンで突っ込まれ、声を抑えながらイキまくる奥様たち 極限のスリルに熟したオマ○コもびっしょり濡れまくり！！,NASS-525,2016-10-28,124分鐘,GA-SU,なでしこ,Nadeshiko,,成熟的女人、通姦、高畫質、出軌,多人,https://www.javbus.com/NASS-525
MHSO-006 尻責め尻ハメ！！美尻交尾 Vol.2,MHSO-006 尻責め尻ハメ！！美尻交尾 Vol.2,MHSO-006,2016-10-27,154分鐘,宮本小次郎,MARRION,IRIS,尻責め尻ハメ！！美尻交尾,屁股、女上位、高畫質、顏射,多人,https://www.javbus.com/MHSO-006
ABBA-319 年上の女性の味を僕に教えてくれたクラスメートの母～おばさん好みの大人の男にして下さい～ 30人8時間,ABBA-319 年上の女性の味を僕に教えてくれたクラスメートの母～おばさん好みの大人の男にして下さい～ 30人8時間,ABBA-319,2016-10-27,486分鐘,,センタービレッジ,センタービレッジ,,成熟的女人、合集、已婚婦女、4小時以上作品、高畫質、內衣,多人,https://www.javbus.com/ABBA-319
AV-152 欲しがり美乳母のねちっこい母子交尾 夫の寝ている側で… 北条麻妃,AV-152 欲しがり美乳母のねちっこい母子交尾 夫の寝ている側で… 北条麻妃,AV-152,2016-10-17,119分鐘,,ソルト・ペッパー,ing,欲しがり○○母のねちっこい母子交尾,蕩婦、亂倫、乳房、中出、單體作品,北条麻妃,https://www.javbus.com/AV-152
OOMN-182 熟女のピンと固く尖った美しいピンク乳首厳選集,OOMN-182 熟女のピンと固く尖った美しいピンク乳首厳選集,OOMN-182,2016-10-15,240分鐘,,ABC/妄想族,お母さん.com/ABC,,成熟的女人、合集、已婚婦女、數位馬賽克、女上位、DMM獨家,多人,https://www.javbus.com/OOMN-182
MDB-724 もしもデカちんの僕が中出し過剰サービスで噂の人妻麻雀クラブで働いたら… 澁谷果歩 篠田ゆう 川上ゆう 北条麻妃,MDB-724 もしもデカちんの僕が中出し過剰サービスで噂の人妻麻雀クラブで働いたら… 澁谷果歩 篠田ゆう 川上ゆう 北条麻妃,MDB-724,2016-10-14,120分鐘,大崎広浩治,メディアステーション,BAZOOKA（バズーカ）,もしも巨チンの僕が○○で働いたら,企畫、各種職業、乳房、中出、高畫質,多人,https://www.javbus.com/MDB-724
CRMN-108 変態マ○コ大開脚！ビッチ脳が覚醒したパラノイア淫語オナニー 2,CRMN-108 変態マ○コ大開脚！ビッチ脳が覚醒したパラノイア淫語オナニー 2,CRMN-108,2016-10-09,120分鐘,,痴ロモン/妄想族,痴ロモン/妄想族,ビッチ脳が覚醒したパラノイア淫語オナニー,其他戀物癖、淫語、DMM獨家、自慰,多人,https://www.javbus.com/CRMN-108
AUKB-065 熟女レズ「卍:MANJI」BEST4時間 其の弐,AUKB-065 熟女レズ「卍:MANJI」BEST4時間 其の弐,AUKB-065,2016-10-09,240分鐘,,U＆K,U＆K,「卍:MANJI」,成熟的女人、女同性戀、合集、已婚婦女、女同接吻、DMM獨家,多人,https://www.javbus.com/AUKB-065
OOMN-181 麗しき人妻の無防備チラリズム 50名 2,OOMN-181 麗しき人妻の無防備チラリズム 50名 2,OOMN-181,2016-09-29,240分鐘,,ABC/妄想族,お母さん.com/ABC,麗しき人妻の無防備チラリズム,成熟的女人、母親、其他戀物癖、合集、數位馬賽克、DMM獨家,多人,https://www.javbus.com/OOMN-181
OOMN-180 美熟女痙攣種付け 膣内射精,OOMN-180 美熟女痙攣種付け 膣内射精,OOMN-180,2016-09-29,240分鐘,,ABC/妄想族,お母さん.com/ABC,,成熟的女人、合集、數位馬賽克、中出、女上位、DMM獨家,多人,https://www.javbus.com/OOMN-180
CXAZ-048 ladies レズビアン 全16作品 PartIV 4時間,CXAZ-048 ladies レズビアン 全16作品 PartIV 4時間,CXAZ-048,2016-09-25,241分鐘,,ジャネス,ladies,ladiesレズビアン,女同性戀、合集、已婚婦女、高畫質,多人,https://www.javbus.com/CXAZ-048
DJSI-077 いいのよ、私に生ハメ種付けしちゃって...。淫語で誘惑し膣内射精でイキ狂う美熟女たち,DJSI-077 いいのよ、私に生ハメ種付けしちゃって...。淫語で誘惑し膣内射精でイキ狂う美熟女たち,DJSI-077,2016-09-25,121分鐘,,ジャネス,艶女,,蕩婦、成熟的女人、口交、緊身衣、中出、女上位、高畫質,多人,https://www.javbus.com/DJSI-077
NASS-502 オマ○コ大好き！本気クンニでクリ勃起！！ レズビアンな若い娘に強引に迫られオマ○コを濡らしてしまうノンケな熟女たち,NASS-502 オマ○コ大好き！本気クンニでクリ勃起！！ レズビアンな若い娘に強引に迫られオマ○コを濡らしてしまうノンケな熟女たち,NASS-502,2016-09-23,135分鐘,,なでしこ,Nadeshiko,,成熟的女人、女同性戀、舔陰、女同接吻、高畫質、顏面騎乘,多人,https://www.javbus.com/NASS-502
CJOB-019 痴女教師がチョーク代わりにチ○ポを握って挿れるのが当たり前の世界,CJOB-019 痴女教師がチョーク代わりにチ○ポを握って挿れるのが当たり前の世界,CJOB-019,2016-09-23,230分鐘,,痴女ヘブン（美）,痴女ヘブンBEST,,蕩婦、女教師、合集、淫語、女上位、DMM獨家,多人,https://www.javbus.com/CJOB-019
BDA-020 縛り拷問覚醒 恥肉の牢獄 北条麻妃,BDA-020 縛り拷問覚醒 恥肉の牢獄 北条麻妃,BDA-020,2016-09-18,133分鐘,あばしり一家,バミューダ/妄想族,バミューダ/妄想族,縛り拷問覚醒,SM、紧缚、性奴、凌辱、高畫質、單體作品、DMM獨家,北条麻妃,https://www.javbus.com/BDA-020
JAMC-014 相互オナニーで顔射したい！240分 俺の勃起チ○ポを見ながら指ズボする究極のオナニーサポート！,JAMC-014 相互オナニーで顔射したい！240分 俺の勃起チ○ポを見ながら指ズボする究極のオナニーサポート！,JAMC-014,2016-09-18,240分鐘,艶熟寺,スタイルアート/妄想族,スタイルアートjam/妄想族,,已婚婦女、DMM獨家、自慰、顏射,多人,https://www.javbus.com/JAMC-014
HKD-96 小料理屋のママさん 北条麻妃,HKD-96 小料理屋のママさん 北条麻妃,HKD-96,2016-09-18,108分鐘,熱曲タランティーノ,ルビー,MAMARUBY,,和服・喪服、成熟的女人、單體作品、DMM獨家,北条麻妃,https://www.javbus.com/HKD-96
ASFB-217 スケベ汁ねっちょり淫語オナニー 4時間,ASFB-217 スケベ汁ねっちょり淫語オナニー 4時間,ASFB-217,2016-09-18,240分鐘,,FetishBox/妄想族,FetishBox/妄想族,,淫語、4小時以上作品、DMM獨家、自慰,多人,https://www.javbus.com/ASFB-217
OOMN-178 勃起乳首 授乳手コキ,OOMN-178 勃起乳首 授乳手コキ,OOMN-178,2016-09-17,240分鐘,,ABC/妄想族,お母さん.com/ABC,,成熟的女人、合集、戀乳癖、巨乳、DMM獨家、打手槍,多人,https://www.javbus.com/OOMN-178
TYWD-091 発射直前のハードピストン 足腰ガクブル大量中出しSEX50連発,TYWD-091 発射直前のハードピストン 足腰ガクブル大量中出しSEX50連発,TYWD-091,2016-09-17,240分鐘,,乱丸,乱丸,,潮吹、合集、花癡、數位馬賽克、中出、キス・接吻、DMM獨家,多人,https://www.javbus.com/TYWD-091
MHSO-004 尻責め尻ハメ！！美尻交尾,MHSO-004 尻責め尻ハメ！！美尻交尾,MHSO-004,2016-09-14,164分鐘,宮本小次郎,MARRION,IRIS,尻責め尻ハメ！！美尻交尾,合集、屁股、高畫質,多人,https://www.javbus.com/MHSO-004
MBYD-262 溜池ゴロー2016年上半期総集編全55タイトル8時間,MBYD-262 溜池ゴロー2016年上半期総集編全55タイトル8時間,MBYD-262,2016-09-11,480分鐘,,溜池ゴロー,溜池ゴロー,溜池ゴロー○年○半期,合集、性奴、4小時以上作品、DMM獨家,多人,https://www.javbus.com/MBYD-262
CVDX-235 「ダメッ、そんなにグイグイされたら、アンッてなっちゃいます…」トロ～ンと愛液が染み出す素人奥さんのマン毛丸見え食い込みパンティー大全集！！30人4時間,CVDX-235 「ダメッ、そんなにグイグイされたら、アンッてなっちゃいます…」トロ～ンと愛液が染み出す素人奥さんのマン毛丸見え食い込みパンティー大全集！！30人4時間,CVDX-235,2016-09-08,243分鐘,,センタービレッジ,センタービレッジ,,成熟的女人、業餘、已婚婦女、4小時以上作品、高畫質、內衣,多人,https://www.javbus.com/CVDX-235
AVOP-283 お母さんと叔母さん 色情姉妹を両手に花,AVOP-283 お母さんと叔母さん 色情姉妹を両手に花,AVOP-283,2016-09-01,87分鐘,熱曲タランティーノ,ルビー,AVOPEN2016,お母さんと叔母さん,成熟的女人、中出、高畫質、戲劇、AVOPEN2016人妻・熟女部門、DMM獨家,多人,https://www.javbus.com/AVOP-283
HYAZ-086 マニアを絶対に満足させる超最高峰のパンスト尻限定！ Sexy Hipパンスト尻コキ,HYAZ-086 マニアを絶対に満足させる超最高峰のパンスト尻限定！ Sexy Hipパンスト尻コキ,HYAZ-086,2016-08-30,123分鐘,,ジャネス,Fetishパンスト,,連褲襪、屁股、戀腿癖、舔陰、高畫質,多人,https://www.javbus.com/HYAZ-086
DFGR-017 男は黙って2回戦！早漏男を焦らしながらの連続射精がマジやばい,DFGR-017 男は黙って2回戦！早漏男を焦らしながらの連続射精がマジやばい,DFGR-017,2016-08-30,140分鐘,,ジャネス,FUTUREGREEN,,蕩婦、口交、連褲襪、姐姐、女上位、高畫質、打手槍,多人,https://www.javbus.com/DFGR-017
GIGL-316 綺麗なお義母さんに犯されたい！！,GIGL-316 綺麗なお義母さんに犯されたい！！,GIGL-316,2016-08-26,141分鐘,,GIGOLO（ジゴロ）,GIGOLO,,企畫、成熟的女人、亂倫、中出、婆婆、高畫質,多人,https://www.javbus.com/GIGL-316
NASS-486 チ●コ狂いの淫乱熟妻は、淫語責めしながら何度も寸止めを繰り返す痴熟女たち 5名4時間30分,NASS-486 チ●コ狂いの淫乱熟妻は、淫語責めしながら何度も寸止めを繰り返す痴熟女たち 5名4時間30分,NASS-486,2016-08-26,269分鐘,,なでしこ,Nadeshiko,,蕩婦、成熟的女人、淫語、4小時以上作品、打手槍,多人,https://www.javbus.com/NASS-486
BDSR-262 【迷ったらコレ！】再生して3分で即ヌケます。めちゃめちゃ理想的な責め方をしてくれる美熟女のくっそエロい淫語連発セックス！！ 北条麻妃 4時間,BDSR-262 【迷ったらコレ！】再生して3分で即ヌケます。めちゃめちゃ理想的な責め方をしてくれる美熟女のくっそエロい淫語連発セックス！！ 北条麻妃 4時間,BDSR-262,2016-08-25,240分鐘,B巻太,ビッグモーカル,BIGMORKAL,【迷ったらコレ！】再生して3分で即ヌケます。,蕩婦、成熟的女人、淫語、連褲襪、4小時以上作品、主觀視角、高畫質、單體作品,北条麻妃,https://www.javbus.com/BDSR-262
JUSD-721 吐息を漏らしながら、目を合わせながら、舌を絡せ求め合うベロキス性交。,JUSD-721 吐息を漏らしながら、目を合わせながら、舌を絡せ求め合うベロキス性交。,JUSD-721,2016-08-20,240分鐘,,マドンナ,Madonna,,成熟的女人、合集、已婚婦女、數位馬賽克、キス・接吻、DMM獨家,多人,https://www.javbus.com/JUSD-721
CJOB-017 強制痴女バキューム！射精直前フェラチオ即ヌキ61連発！！,CJOB-017 強制痴女バキューム！射精直前フェラチオ即ヌキ61連発！！,CJOB-017,2016-08-20,240分鐘,,痴女ヘブン（美）,痴女ヘブンBEST,,蕩婦、口交、合集、姐姐、主觀視角、DMM獨家,多人,https://www.javbus.com/CJOB-017
JUSD-720 たぎる性欲を抑えきれず…今夜、夜這いしてみました8時間,JUSD-720 たぎる性欲を抑えきれず…今夜、夜這いしてみました8時間,JUSD-720,2016-08-20,480分鐘,,マドンナ,Madonna,,成熟的女人、合集、已婚婦女、數位馬賽克、羞恥、出軌、DMM獨家,多人,https://www.javbus.com/JUSD-720
SCD-169 裸の奥様 北条麻妃,SCD-169 裸の奥様 北条麻妃,SCD-169,2016-08-15,109分鐘,宏彰,ルビー,Secret（ルビー）,,成熟的女人、單體作品、DMM獨家,北条麻妃,https://www.javbus.com/SCD-169
LZBS-022 レズれ！シリーズBEST ノーモザイク・レズれ！ コンプリート8時間 超ギリッギリを集めました！,LZBS-022 レズれ！シリーズBEST ノーモザイク・レズれ！ コンプリート8時間 超ギリッギリを集めました！,LZBS-022,2016-08-15,486分鐘,,レズれ！,レズれ！ベスト,ノーモザイク・レズれ！,女同性戀、69、舔陰、女同接吻、高畫質、DMM獨家、局部特寫,多人,https://www.javbus.com/LZBS-022
TYWD-090 肉欲に溺れ他人棒に夢中になり白目を引ん剥き痙攣絶頂しまくる淫乱妻の昼顔,TYWD-090 肉欲に溺れ他人棒に夢中になり白目を引ん剥き痙攣絶頂しまくる淫乱妻の昼顔,TYWD-090,2016-08-14,240分鐘,,乱丸,乱丸,,合集、已婚婦女、花癡、數位馬賽克、中出、出軌、DMM獨家,多人,https://www.javbus.com/TYWD-090
REGA-018 淫乱マダムの強制中出し遊戯 男のザーメンを搾り尽くす吸い付きセレブま●こ,REGA-018 淫乱マダムの強制中出し遊戯 男のザーメンを搾り尽くす吸い付きセレブま●こ,REGA-018,2016-08-12,120分鐘,,RedCat,S-club,,蕩婦、成熟的女人、中出、單體作品、DMM獨家,北条麻妃,https://www.javbus.com/REGA-018
NBES-001 見たくない 見たくなひのに 見てしまう JET映像1周年記念 全52タイトル作品紹介,NBES-001 見たくない 見たくなひのに 見てしまう JET映像1周年記念 全52タイトル作品紹介,NBES-001,2016-08-05,240分鐘,,JET映像,JET映像,,成熟的女人、合集、已婚婦女、出軌、戲劇、巨乳、DMM獨家,多人,https://www.javbus.com/NBES-001
EMAF-368 三十路から七十路まで 中出し100人 8時間,EMAF-368 三十路から七十路まで 中出し100人 8時間,EMAF-368,2016-07-31,480分鐘,清水橋健太,フォーディメンション/エマニエル,フォーディメンション（エマニエル）,,成熟的女人、中出、4小時以上作品、DMM獨家,多人,https://www.javbus.com/EMAF-368
ASFB-210 鬼抜きリップサービス 肉棒をこよなく愛する美女 DELUXE 4時間,ASFB-210 鬼抜きリップサービス 肉棒をこよなく愛する美女 DELUXE 4時間,ASFB-210,2016-07-31,240分鐘,,FetishBox/妄想族,FetishBox/妄想族,鬼抜きリップサービス,蕩婦、其他戀物癖、4小時以上作品、DMM獨家,多人,https://www.javbus.com/ASFB-210
ASFB-208 スーパー手コキ大図鑑 絶品手コキペディア 4時間 北条麻妃,ASFB-208 スーパー手コキ大図鑑 絶品手コキペディア 4時間 北条麻妃,ASFB-208,2016-07-31,240分鐘,,FetishBox/妄想族,FetishBox/妄想族,,蕩婦、其他戀物癖、女優ベスト・総集編、單體作品、DMM獨家、打手槍,北条麻妃,https://www.javbus.com/ASFB-208
OOMN-174 覗きこむほど見たい！！ いやらしい美女の着替え 傑作47名,OOMN-174 覗きこむほど見たい！！ いやらしい美女の着替え 傑作47名,OOMN-174,2016-07-30,240分鐘,,ABC/妄想族,お母さん.com/ABC,,成熟的女人、苗條、合集、偷窥、巨乳、DMM獨家,多人,https://www.javbus.com/OOMN-174
CJOB-015 チ○ポ争奪戦！痴女乱交4時間,CJOB-015 チ○ポ争奪戦！痴女乱交4時間,CJOB-015,2016-07-24,240分鐘,,痴女ヘブン（美）,痴女ヘブンBEST,,蕩婦、濫交、合集、女上位、巨乳、DMM獨家,多人,https://www.javbus.com/CJOB-015
HUNTA-180 ボクがいじめていた同級生の父親が家に怒鳴りこんできた！まったくいじめを認めない母親に逆上したいじめられっ子の父親はボクの目の前でお母さんを犯しだした！犯されているにも関わらず感じまくる母を目の当たりに,HUNTA-180 ボクがいじめていた同級生の父親が家に怒鳴りこんできた！まったくいじめを認めない母親に逆上したいじめられっ子の父親はボクの目の前でお母さんを犯しだした！犯されているにも関わらず感じまくる母を目の当たりに,HUNTA-180,2016-07-17,180分鐘,川尻,Hunter,Hunter（HHHグループ）,,亂倫、已婚婦女、粗暴、中出、DMM獨家,多人,https://www.javbus.com/HUNTA-180
EMAF-367 友達のお母さんが僕のチンチンを欲しがるので たっぷり膣に出してやりました 4時間,EMAF-367 友達のお母さんが僕のチンチンを欲しがるので たっぷり膣に出してやりました 4時間,EMAF-367,2016-07-17,240分鐘,清水橋健太,フォーディメンション/エマニエル,フォーディメンション（エマニエル）,,成熟的女人、其他戀物癖、4小時以上作品、DMM獨家,多人,https://www.javbus.com/EMAF-367
ASFB-207 色気むんむん！直穿きノーパンパンストMANIAX 4時間,ASFB-207 色気むんむん！直穿きノーパンパンストMANIAX 4時間,ASFB-207,2016-07-17,240分鐘,,FetishBox/妄想族,FetishBox/妄想族,,蕩婦、其他戀物癖、連褲襪、DMM獨家,多人,https://www.javbus.com/ASFB-207
LESJ-003 絶対にしてはいけない人をレズ痴漢 綺麗な熟女さん（ノンケ）をローションプレイでその気にさせて双頭ディルドでお互いイッちゃいました！,LESJ-003 絶対にしてはいけない人をレズ痴漢 綺麗な熟女さん（ノンケ）をローションプレイでその気にさせて双頭ディルドでお互いイッちゃいました！,LESJ-003,2016-07-15,122分鐘,,マニアゼロ,レズ倶楽部（マニアゼロ）,絶対にしてはいけない人を（レズる）犯る,蕩婦、成熟的女人、玩具、女同性戀、乳液、高畫質,多人,https://www.javbus.com/LESJ-003
GYAZ-140 着衣エロスMANIAX 超ハイレグ食い込みレオタード Vol.2,GYAZ-140 着衣エロスMANIAX 超ハイレグ食い込みレオタード Vol.2,GYAZ-140,2016-07-15,123分鐘,,ジャネス,MANIAPlay,着衣エロスMANIAX,蕩婦、屁股、戀腿癖、緊身衣、高畫質、猥褻穿著、巨乳、局部特寫,多人,https://www.javbus.com/GYAZ-140
DMBA-181 オスビッチ昇天！超絶ペニバンアナルFUCK,DMBA-181 オスビッチ昇天！超絶ペニバンアナルFUCK,DMBA-181,2016-07-15,120分鐘,,ジャネス,MAZOBOYSCLUB,,蕩婦、玩具、M男、肛内中出、緊縛,多人,https://www.javbus.com/DMBA-181
REDC-003 「ゴム無しが気持ち良いの、私にナマでツッコんでぇ！」道徳皆無の異常性欲淫乱どスケベお姉さん10人の絶頂ノンストップSEX240分,REDC-003 「ゴム無しが気持ち良いの、私にナマでツッコんでぇ！」道徳皆無の異常性欲淫乱どスケベお姉さん10人の絶頂ノンストップSEX240分,REDC-003,2016-07-10,240分鐘,,RedCat,赤猫BEST,,蕩婦、姐姐、中出、4小時以上作品、DMM獨家,多人,https://www.javbus.com/REDC-003
MIBT-002 尻コキ THE BEST OF IRIS,MIBT-002 尻コキ THE BEST OF IRIS,MIBT-002,2016-07-10,375分鐘,宮本小次郎,MARRION,IRIS,,其他戀物癖、合集、4小時以上作品、高畫質、巨尻,多人,https://www.javbus.com/MIBT-002
MBYD-259 旅行先の温泉で中出し交尾4時間,MBYD-259 旅行先の温泉で中出し交尾4時間,MBYD-259,2016-07-09,240分鐘,,溜池ゴロー,溜池ゴロー,,合集、已婚婦女、中出、温泉、巨乳、DMM獨家,多人,https://www.javbus.com/MBYD-259
NATR-546 噂では「あなたのチ●ポが欲しいの！！」と温泉旅館で男性客に声を掛ける美人妻は露出狂で超エロいらしい…。パンチラ、胸チラあたり前でオッパイ、オマ●コに目のやり場に困ってたらキ●タマ空っぽにされちゃいまし,NATR-546 噂では「あなたのチ●ポが欲しいの！！」と温泉旅館で男性客に声を掛ける美人妻は露出狂で超エロいらしい…。パンチラ、胸チラあたり前でオッパイ、オマ●コに目のやり場に困ってたらキ●タマ空っぽにされちゃいまし,NATR-546,2016-07-08,99分鐘,チチシャブルノスキー,なでしこ,Nadeshiko,噂では「あなたのチ●ポが欲しいの！！」と温泉旅館で男性客に声を掛ける美人妻は露出狂で超エロいらしい…,蕩婦、成熟的女人、野外・露出、已婚婦女、高畫質、温泉、單體作品,北条麻妃,https://www.javbus.com/NATR-546
MDB-706 KMPが誇る豪華絢爛極上過ぎる泡姫達 8時間BEST,MDB-706 KMPが誇る豪華絢爛極上過ぎる泡姫達 8時間BEST,MDB-706,2016-07-08,481分鐘,BIBI,メディアステーション,BAZOOKA（バズーカ）,,合集、妓女、多P、乳液、中出、4小時以上作品、高畫質、巨乳,多人,https://www.javbus.com/MDB-706
SCD-165 義父介護 好色爺にオナニーを強制されバイブを突き立てられて悦ぶM嫁 北条麻紀,SCD-165 義父介護 好色爺にオナニーを強制されバイブを突き立てられて悦ぶM嫁 北条麻紀,SCD-165,2016-07-04,90分鐘,熱曲タランティーノ,ルビー,Secret（ルビー）,義父介護,成熟的女人、巨乳、單體作品、DMM獨家,北条麻妃,https://www.javbus.com/SCD-165
ASFB-205 ちん先ぺろぺろフェラ チ○ポが溶けてしまうような舐めるだけの繊細なフェラ 4時間 Part2,ASFB-205 ちん先ぺろぺろフェラ チ○ポが溶けてしまうような舐めるだけの繊細なフェラ 4時間 Part2,ASFB-205,2016-07-01,240分鐘,,FetishBox/妄想族,FetishBox/妄想族,ちん先ぺろぺろフェラ,蕩婦、口交、其他戀物癖、DMM獨家,多人,https://www.javbus.com/ASFB-205
OOMN-172 悶絶するほど気持ち良いフェラチオ2,OOMN-172 悶絶するほど気持ち良いフェラチオ2,OOMN-172,2016-06-30,240分鐘,,ABC/妄想族,お母さん.com/ABC,悶絶するほど気持ち良いフェラチオ,成熟的女人、母親、口交、合集、已婚婦女、DMM獨家,多人,https://www.javbus.com/OOMN-172
TPPN-120 Steel Hold Legend,TPPN-120 Steel Hold Legend,TPPN-120,2016-06-30,122分鐘,,TEPPAN,TEPPAN,SteelHold,成熟的女人、數位馬賽克、拘束、女上位、DVD多士爐、高畫質、汗だく、DMM獨家,多人,https://www.javbus.com/TPPN-120
HDVHJ-003 まだまだイケてる母の尻やムチムチした嫁の尻や胸を見ていただけで満足していた義父や息子たちはある瞬間にそれだけではガマンできずついに…,HDVHJ-003 まだまだイケてる母の尻やムチムチした嫁の尻や胸を見ていただけで満足していた義父や息子たちはある瞬間にそれだけではガマンできずついに…,HDVHJ-003,2016-06-27,239分鐘,,グラフィティジャパン,ロマン,,亂倫、中出、高畫質,多人,https://www.javbus.com/HDVHJ-003
MCSR-218 【マジです】尻軽過ぎる美人妻！ 自ら唇を奪われカラダを求められるよう仕向ける美熟女がスケベ過ぎる…。4時間12人,MCSR-218 【マジです】尻軽過ぎる美人妻！ 自ら唇を奪われカラダを求められるよう仕向ける美熟女がスケベ過ぎる…。4時間12人,MCSR-218,2016-06-25,243分鐘,鶴舞龍之介,ビッグモーカル,マスカット,,成熟的女人、亂倫、已婚婦女、多P、4小時以上作品、高畫質、巨乳,多人,https://www.javbus.com/MCSR-218
UMD-055 獣になる中高年の牡と牝 田舎の性処理 四時間二十人,UMD-055 獣になる中高年の牡と牝 田舎の性処理 四時間二十人,UMD-055,2016-06-25,240分鐘,,グローバルメディアエンタテインメント,ULTRAMIX,,成熟的女人、已婚婦女、數位馬賽克、4小時以上作品、高畫質、戲劇,多人,https://www.javbus.com/UMD-055
FABS-073 心に残り、心に沁みるヘンリー塚本官能ポルノ 愛欲まみれのレズビアン完全傑作集,FABS-073 心に残り、心に沁みるヘンリー塚本官能ポルノ 愛欲まみれのレズビアン完全傑作集,FABS-073,2016-06-25,250分鐘,ヘンリー塚本,FAプロ,FAプレミアム,心に残り、心に沁みるヘンリー塚本官能ポルノ,和服・喪服、女同性戀、女同接吻、戲劇、故事集、DMM獨家、內衣,多人,https://www.javbus.com/FABS-073
NASS-454 昼顔夫人は旦那が近くにいるのに他人チ○ポを寝取るスリルに興奮しすぎてマン汁が止まらない！,NASS-454 昼顔夫人は旦那が近くにいるのに他人チ○ポを寝取るスリルに興奮しすぎてマン汁が止まらない！,NASS-454,2016-06-24,121分鐘,GA-SU,なでしこ,Nadeshiko,,蕩婦、成熟的女人、口交、各種職業、已婚婦女、高畫質、巨乳,多人,https://www.javbus.com/NASS-454
NASS-452 旦那に構ってもらえない清楚な欲求不満妻は俺の臭いに発情してチ○ポの上に乗ってきた！,NASS-452 旦那に構ってもらえない清楚な欲求不満妻は俺の臭いに発情してチ○ポの上に乗ってきた！,NASS-452,2016-06-24,144分鐘,GA-SU,なでしこ,Nadeshiko,,蕩婦、成熟的女人、已婚婦女、女上位、高畫質、戲劇,多人,https://www.javbus.com/NASS-452
KMDS-20350 カマタ映像熟女100選8時間,KMDS-20350 カマタ映像熟女100選8時間,KMDS-20350,2016-06-24,481分鐘,,カマタ映像,弁天,,蕩婦、成熟的女人、獵豔、合集、4小時以上作品,多人,https://www.javbus.com/KMDS-20350
DIPO-034 人妻究極フェラチオ100人100連発！！！ Vol.3,DIPO-034 人妻究極フェラチオ100人100連発！！！ Vol.3,DIPO-034,2016-06-21,240分鐘,,プリモ,エロナンデス,人妻究極フェラチオ100人100連発！！！,苗條、口交、已婚婦女、數位馬賽克、4小時以上作品、高畫質、巨乳,多人,https://www.javbus.com/DIPO-034
TKD-26 女将さん 麻妃の凄テクでおもてなし,TKD-26 女将さん 麻妃の凄テクでおもてなし,TKD-26,2016-06-19,115分鐘,熱曲タランティーノ,ルビー,帝国,,蕩婦、成熟的女人、單體作品、DMM獨家,北条麻妃,https://www.javbus.com/TKD-26
FMR-47 美人でセレブな奥様たちの訳アリ高級デリヘル嬢,FMR-47 美人でセレブな奥様たちの訳アリ高級デリヘル嬢,FMR-47,2016-06-19,240分鐘,,ルビー,琥珀,,成熟的女人、DMM獨家,多人,https://www.javbus.com/FMR-47
GDHH-012 もう死んだってかまわない！超ラッキーの連続で巻き起こるスケベ過ぎる一日！鼻血が止まらないくらいの夢のエロハプニング続出！6,GDHH-012 もう死んだってかまわない！超ラッキーの連続で巻き起こるスケベ過ぎる一日！鼻血が止まらないくらいの夢のエロハプニング続出！6,GDHH-012,2016-06-19,215分鐘,べんぞうさん,ゴールデンタイム,ゴールデンタイム（HHHグループ）,もう死んだってかまわない！,企畫、多P、4小時以上作品、內衣、ハーレム、巨乳、DMM獨家,多人,https://www.javbus.com/GDHH-012
OKSN-267 女性用出張回春マッサージに溺れた母 北条麻妃,OKSN-267 女性用出張回春マッサージに溺れた母 北条麻妃,OKSN-267,2016-06-18,122分鐘,,ABC/妄想族,お母さん.com/ABC,,成熟的女人、苗條、母親、數位馬賽克、按摩、高畫質、單體作品、DMM獨家,北条麻妃,https://www.javbus.com/OKSN-267
OOMN-171 筆おろし 童貞VS美熟女,OOMN-171 筆おろし 童貞VS美熟女,OOMN-171,2016-06-18,240分鐘,,ABC/妄想族,お母さん.com/ABC,,成熟的女人、合集、數位馬賽克、女上位、DMM獨家,多人,https://www.javbus.com/OOMN-171
MUML-017 アラフォー美熟女レズビアンの卑猥なチチクリ交尾 大橋ひとみ 北条麻妃,MUML-017 アラフォー美熟女レズビアンの卑猥なチチクリ交尾 大橋ひとみ 北条麻妃,MUML-017,2016-06-12,58分鐘,,ANNEX（無言）/HERO,MILF,,蕩婦、成熟的女人、女同性戀、纪录片、中出、DMM獨家,多人,https://www.javbus.com/MUML-017
SVS-048 美人艶女の淫乱美脚プレイ！10人4時間スペシャル,SVS-048 美人艶女の淫乱美脚プレイ！10人4時間スペシャル,SVS-048,2016-06-12,240分鐘,,AVScollector’s,AVS,,連褲襪、戀腿癖、4小時以上作品、DMM獨家,多人,https://www.javbus.com/SVS-048
CRMN-090 亀頭くっきりのビキニブリーフ姿でたっぷりと焦らされる悶絶エクスタシー,CRMN-090 亀頭くっきりのビキニブリーフ姿でたっぷりと焦らされる悶絶エクスタシー,CRMN-090,2016-06-12,120分鐘,,痴ロモン/妄想族,痴ロモン/妄想族,,蕩婦、其他戀物癖、M男、DMM獨家,多人,https://www.javbus.com/CRMN-090
MBYD-257 ジックリ観れる！！ 溜池ゴロー BEST HIT 30タイトル 8時間 2015年版,MBYD-257 ジックリ観れる！！ 溜池ゴロー BEST HIT 30タイトル 8時間 2015年版,MBYD-257,2016-06-11,479分鐘,,溜池ゴロー,溜池ゴロー,ジックリ観れる！！溜池ゴローBESTHIT,成熟的女人、合集、已婚婦女、新娘、年輕妻子、巨乳、DMM獨家,多人,https://www.javbus.com/MBYD-257
BOYA-010 【童貞、ママにヤられる】童貞息子のデカチンでイかされまくる巨乳＆淫乱義母との近親相姦。絶対に手を出してはいけない相手だから燃える。15人4時間,BOYA-010 【童貞、ママにヤられる】童貞息子のデカチンでイかされまくる巨乳＆淫乱義母との近親相姦。絶対に手を出してはいけない相手だから燃える。15人4時間,BOYA-010,2016-06-06,240分鐘,石原BO-YA,TMA,BO-YA,,亂倫、4小時以上作品、婆婆、高畫質、處男、デカチン・巨根、巨乳,多人,https://www.javbus.com/BOYA-010
HUNTA-158 深夜の病院で夜勤ナースに囲まれて男はボク1人の王様ゲーム！2 入院しているボクが、深夜トイレに行こうとナースステーションの前を通るとなんとそこには、暇を持て余したナースさんたちが女だけで王様ゲームをし,HUNTA-158 深夜の病院で夜勤ナースに囲まれて男はボク1人の王様ゲーム！2 入院しているボクが、深夜トイレに行こうとナースステーションの前を通るとなんとそこには、暇を持て余したナースさんたちが女だけで王様ゲームをし,HUNTA-158,2016-06-05,386分鐘,川尻,Hunter,Hunter（HHHグループ）,王様ゲーム,护士、花癡、多P、4小時以上作品、ハーレム、DMM獨家,多人,https://www.javbus.com/HUNTA-158
DMBK-051 甘い躾 M男の理想的エロス DX 4時間,DMBK-051 甘い躾 M男の理想的エロス DX 4時間,DMBK-051,2016-05-30,240分鐘,,ジャネス,MBCプラチナム,甘い躾M男の理想的エロス,合集、性奴、4小時以上作品、M男,多人,https://www.javbus.com/DMBK-051
NSPS-471 妻を他人に抱かせたい 禁断スワッピング,NSPS-471 妻を他人に抱かせたい 禁断スワッピング,NSPS-471,2016-05-30,197分鐘,ながえ,ながえスタイル,ながえSTYLE,,已婚婦女、通姦、中出、出軌、戲劇、DMM獨家,多人,https://www.javbus.com/NSPS-471
OOMN-169 熟穴いじり ほじくられしゃぶりつかれイカされる,OOMN-169 熟穴いじり ほじくられしゃぶりつかれイカされる,OOMN-169,2016-05-29,240分鐘,,ABC/妄想族,お母さん.com/ABC,,成熟的女人、母親、合集、數位馬賽克、舔陰、高畫質、DMM獨家,多人,https://www.javbus.com/OOMN-169
NASS-436 厳選！ 四十路妻ファック BEST20人4時間 欲求不満な完熟ボディはいくつになってもド助平でもっとSEXがしたいんです！,NASS-436 厳選！ 四十路妻ファック BEST20人4時間 欲求不満な完熟ボディはいくつになってもド助平でもっとSEXがしたいんです！,NASS-436,2016-05-27,239分鐘,GA-SU,なでしこ,Nadeshiko,,蕩婦、成熟的女人、合集、已婚婦女、4小時以上作品、高畫質,多人,https://www.javbus.com/NASS-436
NATR-537 旦那の留守に男たちに狙われた人妻 昼下がりに他人のチ●ポに寝取られ中出しレイプ 5 北条麻妃,NATR-537 旦那の留守に男たちに狙われた人妻 昼下がりに他人のチ●ポに寝取られ中出しレイプ 5 北条麻妃,NATR-537,2016-05-27,121分鐘,GA-SU,なでしこ,Nadeshiko,旦那の留守に男たちに狙われた人妻,已婚婦女、凌辱、中出、高畫質、出軌、單體作品,北条麻妃,https://www.javbus.com/NATR-537
TRCT-436 【スマホ推奨】淫語女子アナ,TRCT-436 【スマホ推奨】淫語女子アナ,TRCT-436,2016-05-26,123分鐘,ささきうずまき,ROCKET,ROCKET,淫語女子アナ,企畫、淫語、スマホ専用縦動画、女主播,北条麻妃,https://www.javbus.com/TRCT-436
CRMN-089 男の快楽スプラッシュ！射精直後の潮吹きチ○ポ 北条麻妃,CRMN-089 男の快楽スプラッシュ！射精直後の潮吹きチ○ポ 北条麻妃,CRMN-089,2016-05-22,120分鐘,,痴ロモン/妄想族,痴ロモン/妄想族,男の快楽スプラッシュ！,蕩婦、其他戀物癖、潮吹、單體作品、DMM獨家,北条麻妃,https://www.javbus.com/CRMN-089
CRMN-088 むちむち巨尻コキCollection 美女のケツで絶品尻コキ 4時間スペシャル,CRMN-088 むちむち巨尻コキCollection 美女のケツで絶品尻コキ 4時間スペシャル,CRMN-088,2016-05-22,240分鐘,,痴ロモン/妄想族,痴ロモン/妄想族,,蕩婦、其他戀物癖、屁股、DMM獨家,多人,https://www.javbus.com/CRMN-088
HNB-099 I'll Do Anything For My Husband... A Beautiful Married Woman Sacrifices Her Body,HNB-099 I'll Do Anything For My Husband... A Beautiful Married Woman Sacrifices Her Body,HNB-099,2016-05-20,0分鐘,,STARPARADISE,,,已婚婦女、多P、高畫質,多人,https://www.javbus.com/HNB-099
"HITJ-325 My Type Of Lady Is The Neighborhood Married Woman! I Took My Chances And Asked For Sex, But She Inst","HITJ-325 My Type Of Lady Is The Neighborhood Married Woman! I Took My Chances And Asked For Sex, But She Inst",HITJ-325,2016-05-17,0分鐘,,マニアゼロ,,,成熟的女人、已婚婦女、高畫質、顏射、打手槍,多人,https://www.javbus.com/HITJ-325
RSE-07 熟女 陰毛アナル図鑑 3,RSE-07 熟女 陰毛アナル図鑑 3,RSE-07,2016-05-16,120分鐘,たくま珍,ルビー,Rose（ルビー）,熟女陰毛アナル図鑑,成熟的女人、屁股、DMM獨家,多人,https://www.javbus.com/RSE-07
SENJ-012 We Showed Our Rock Hard Cocks To A Beautiful Married Woman With A Heavenly Body! She Seemed Repulsed,SENJ-012 We Showed Our Rock Hard Cocks To A Beautiful Married Woman With A Heavenly Body! She Seemed Repulsed,SENJ-012,2016-05-13,0分鐘,,マニアゼロ,,,已婚婦女、高畫質、顏射、自慰,多人,https://www.javbus.com/SENJ-012
"NASS-432 My Wife's Mother... -Forbidden Incest- 12 Women, 4 Hours And 30 Minutes","NASS-432 My Wife's Mother... -Forbidden Incest- 12 Women, 4 Hours And 30 Minutes",NASS-432,2016-05-13,0分鐘,,なでしこ,,嫁の母に…,成熟的女人、母親、口交、中出、4小時以上作品,多人,https://www.javbus.com/NASS-432
"LESJ-321 ""Age Is Just A Number!"" This Young Girl's Kisses Make My Pussy Drip! Really! She's A Lesbian Who Wan","LESJ-321 ""Age Is Just A Number!"" This Young Girl's Kisses Make My Pussy Drip! Really! She's A Lesbian Who Wan",LESJ-321,2016-05-13,0分鐘,,マニアゼロ,,,成熟的女人、女同性戀、舔陰、高畫質,多人,https://www.javbus.com/LESJ-321
"NASS-428 Alone With My Friend's Mom Who Has Yet To Give Up Her Female Desires, ""You're My Son's Friend... "" S","NASS-428 Alone With My Friend's Mom Who Has Yet To Give Up Her Female Desires, ""You're My Son's Friend... "" S",NASS-428,2016-05-13,0分鐘,,なでしこ,,,成熟的女人、中出、女上位、4小時以上作品,多人,https://www.javbus.com/NASS-428
CRMN-086 エロ脳完全トリップ！びんびんに迫ってくる淫語責め手コキ,CRMN-086 エロ脳完全トリップ！びんびんに迫ってくる淫語責め手コキ,CRMN-086,2016-05-09,240分鐘,,痴ロモン/妄想族,痴ロモン/妄想族,,蕩婦、淫語、DMM獨家、打手槍,多人,https://www.javbus.com/CRMN-086
HFD-132 熟女はキスをガマンできない 4時間,HFD-132 熟女はキスをガマンできない 4時間,HFD-132,2016-05-06,239分鐘,,ドリームチケット,ドリームチケット,熟女はキスをガマンできない,蕩婦、OL、合集、姐姐、高畫質、キス・接吻,多人,https://www.javbus.com/HFD-132
AXBC-038 夫が近くにいるのに寝取られたがる不倫妻 バレないようにチ●ポを咥え込むスリルにオマ●コは疼きまくり！ 3 北条麻妃,AXBC-038 夫が近くにいるのに寝取られたがる不倫妻 バレないようにチ●ポを咥え込むスリルにオマ●コは疼きまくり！ 3 北条麻妃,AXBC-038,2016-05-03,124分鐘,,ジャネス,艶女,夫が近くにいるのに寝取られたがる不倫妻,蕩婦、成熟的女人、已婚婦女、高畫質、出軌、巨乳、單體作品、打手槍,北条麻妃,https://www.javbus.com/AXBC-038
BKD-148 母子交尾 ～那須湯本路～ 北条麻妃,BKD-148 母子交尾 ～那須湯本路～ 北条麻妃,BKD-148,2016-05-01,115分鐘,宏彰,ルビー,旅路,母子交尾,成熟的女人、亂倫、温泉、單體作品、DMM獨家,北条麻妃,https://www.javbus.com/BKD-148
DFGR-011 驚きのトリプル快楽パニック 淫語×寸止め×男の潮吹き,DFGR-011 驚きのトリプル快楽パニック 淫語×寸止め×男の潮吹き,DFGR-011,2016-04-30,120分鐘,,ジャネス,FUTUREGREEN,,蕩婦、口交、淫語、舔陰、高畫質、打手槍,多人,https://www.javbus.com/DFGR-011
JUX-861 まさか私が、レズビアンたちに狙われるなんて…。～仕組まれた婦人会温泉旅行編～,JUX-861 まさか私が、レズビアンたちに狙われるなんて…。～仕組まれた婦人会温泉旅行編～,JUX-861,2016-04-30,120分鐘,古賀丈士,マドンナ,Madonna,,成熟的女人、女同性戀、已婚婦女、數位馬賽克、女同接吻、高畫質、温泉、DMM獨家,多人,https://www.javbus.com/JUX-861
ASFB-193 絶世の淫殺美女 北条麻妃 4時間 BEST,ASFB-193 絶世の淫殺美女 北条麻妃 4時間 BEST,ASFB-193,2016-04-28,240分鐘,,FetishBox/妄想族,FetishBox/妄想族,絶世の淫殺美女,蕩婦、其他戀物癖、女優ベスト・総集編、單體作品、DMM獨家,北条麻妃,https://www.javbus.com/ASFB-193
AUKB-059 熟女レズ「卍:MANJI」 BEST4時間,AUKB-059 熟女レズ「卍:MANJI」 BEST4時間,AUKB-059,2016-04-28,240分鐘,,U＆K,U＆K,,成熟的女人、女同性戀、合集、已婚婦女、女同接吻、DMM獨家,多人,https://www.javbus.com/AUKB-059
DPHC-010 非日常的クネクネ映像コレクションX,DPHC-010 非日常的クネクネ映像コレクションX,DPHC-010,2016-04-24,251分鐘,渡辺琢斗,AVScollector’s,PHANTOM夢,非日常的クネクネ映像コレクション,身體意識、其他戀物癖、緊身衣、4小時以上作品、DMM獨家,多人,https://www.javbus.com/DPHC-010
CRMN-084 夢の足コキパラダイス 肉棒に絡みつく足技でザーメン生搾り 4時間 2,CRMN-084 夢の足コキパラダイス 肉棒に絡みつく足技でザーメン生搾り 4時間 2,CRMN-084,2016-04-24,240分鐘,,痴ロモン/妄想族,痴ロモン/妄想族,夢の足コキパラダイス,蕩婦、其他戀物癖、足交、DMM獨家,多人,https://www.javbus.com/CRMN-084
NASS-421 人妻のエロい体に目を付け即ハメレイプ！日常の昼下がり、男たちの性欲が爆発！チ○ポ挿入だけじゃ物足りず、3P中出し！！,NASS-421 人妻のエロい体に目を付け即ハメレイプ！日常の昼下がり、男たちの性欲が爆発！チ○ポ挿入だけじゃ物足りず、3P中出し！！,NASS-421,2016-04-22,124分鐘,GA-SU,なでしこ,Nadeshiko,,強姦、已婚婦女、多P、中出、高畫質、立即口交、巨乳,多人,https://www.javbus.com/NASS-421
RSE-06 ドアップ 熟女の女性器 4,RSE-06 ドアップ 熟女の女性器 4,RSE-06,2016-04-17,120分鐘,たくま珍,ルビー,Rose（ルビー）,ドアップ熟女の女性器,成熟的女人、高畫質、DMM獨家、局部特寫,多人,https://www.javbus.com/RSE-06
ASFB-191 美脚パンストマニアックス 極上の悩殺ストッキング 4時間 Vol.5,ASFB-191 美脚パンストマニアックス 極上の悩殺ストッキング 4時間 Vol.5,ASFB-191,2016-04-17,240分鐘,,FetishBox/妄想族,FetishBox/妄想族,美脚パンストマニアックス,蕩婦、其他戀物癖、連褲襪、DMM獨家,多人,https://www.javbus.com/ASFB-191
AP-303 満員電車で密着した部下の手が偶然、私の胸に！振りほどこうとしても身動きができないまま、電車が揺れる度に胸を揉まれ、久しぶりに感じる女としての刺激に欲情してしまい私は我慢の限界！満員電車にも関わらず部下,AP-303 満員電車で密着した部下の手が偶然、私の胸に！振りほどこうとしても身動きができないまま、電車が揺れる度に胸を揉まれ、久しぶりに感じる女としての刺激に欲情してしまい私は我慢の限界！満員電車にも関わらず部下,AP-303,2016-04-17,180分鐘,クニオカ,アパッチ（デマンド）,アパッチ（HHHグループ）,,蕩婦、OL、連褲襪、性騷擾、DMM獨家,多人,https://www.javbus.com/AP-303
RBB-091 発射寸前！我慢汁垂れ流しの気持ちいいフェラチオ316連射16時間第5弾,RBB-091 発射寸前！我慢汁垂れ流しの気持ちいいフェラチオ316連射16時間第5弾,RBB-091,2016-04-16,960分鐘,,ROOKIE,ROOKIE,発射寸前！我慢汁垂れ流しの気持ちいいフェラチオ,口交、合集、顏射、16時間以上作品、DMM獨家,多人,https://www.javbus.com/RBB-091
MHIP-005 お尻、すっごい！ 北条麻妃,MHIP-005 お尻、すっごい！ 北条麻妃,MHIP-005,2016-04-12,123分鐘,宮本小次郎,MARRION,IRIS,お尻、すっごい！,成熟的女人、屁股、高畫質、顏面騎乘、單體作品,北条麻妃,https://www.javbus.com/MHIP-005
VAGU-150 近親相姦中出しソープ 初めての熟女風俗、指名したら母ちゃんだった 総集編 2 4時間,VAGU-150 近親相姦中出しソープ 初めての熟女風俗、指名したら母ちゃんだった 総集編 2 4時間,VAGU-150,2016-04-10,240分鐘,,VENUS,ULTIMA,近親相姦中出しソープ,成熟的女人、合集、亂倫、妓女、已婚婦女、4小時以上作品、DMM獨家,多人,https://www.javbus.com/VAGU-150
REGA-013 北条麻妃の露出の旅,REGA-013 北条麻妃の露出の旅,REGA-013,2016-04-10,123分鐘,,RedCat,S-club,,成熟的女人、野外・露出、中出、高畫質、單體作品、DMM獨家,北条麻妃,https://www.javbus.com/REGA-013
ANX-072 催眠洗脳研究 奴隷性玩20人 vol.3,ANX-072 催眠洗脳研究 奴隷性玩20人 vol.3,ANX-072,2016-04-10,240分鐘,,催眠研究所別館,催眠隷女（催眠研究所別館）,催眠洗脳研究,纪录片、性奴、4小時以上作品、催眠、高畫質、巨乳、DMM獨家,多人,https://www.javbus.com/ANX-072
MBYD-253 恥ずかしさと快楽の狭間で崩れる貞操…玩具責めでイカされる人妻4時間,MBYD-253 恥ずかしさと快楽の狭間で崩れる貞操…玩具責めでイカされる人妻4時間,MBYD-253,2016-04-09,240分鐘,,溜池ゴロー,溜池ゴロー,,成熟的女人、合集、新娘、年輕妻子、DMM獨家,多人,https://www.javbus.com/MBYD-253
TORG-038 昭和人妻官能絵巻 ～妖艶淫靡に熟した肢体達～［ディレクターズ特別編集版］,TORG-038 昭和人妻官能絵巻 ～妖艶淫靡に熟した肢体達～［ディレクターズ特別編集版］,TORG-038,2016-04-08,241分鐘,貞邪我,オルガ,ORGA,,成熟的女人、合集、已婚婦女、通姦、4小時以上作品、高畫質、戲劇,多人,https://www.javbus.com/TORG-038
MMB-040 ～純真人妻プレミアム～ あの超S級他人妻とヤリたくて,MMB-040 ～純真人妻プレミアム～ あの超S級他人妻とヤリたくて,MMB-040,2016-04-03,240分鐘,,桃太郎映像出版,桃太郎ベスト,,合集、已婚婦女、4小時以上作品、DMM獨家,多人,https://www.javbus.com/MMB-040
JSN-004 発情未亡人 性欲旺盛な僕の母さん 北条麻紀,JSN-004 発情未亡人 性欲旺盛な僕の母さん 北条麻紀,JSN-004,2016-04-01,129分鐘,三島六三郎,プレステージ,熟専（プレステージ）,,和服・喪服、成熟的女人、寡婦、多P、高畫質、單體作品,多人,https://www.javbus.com/JSN-004
HXAD-019 絶対的パンストマニア 北条麻妃,HXAD-019 絶対的パンストマニア 北条麻妃,HXAD-019,2016-03-30,241分鐘,,ジャネス,Fetishパンスト,絶対的パンストマニア,連褲襪、屁股、戀腿癖、單體作品,北条麻妃,https://www.javbus.com/HXAD-019
MUML-011 そんなにいやらしい目で見つめられたらぁ…描かれてるだけなのに濡れちゃうでしょ 北条麻妃,MUML-011 そんなにいやらしい目で見つめられたらぁ…描かれてるだけなのに濡れちゃうでしょ 北条麻妃,MUML-011,2016-03-27,54分鐘,,無言/妄想族,MILF,,蕩婦、企畫、成熟的女人、模特兒、中出、單體作品、DMM獨家,北条麻妃,https://www.javbus.com/MUML-011
EMAC-060 「厳選」四十路人妻 熟れカラダのぐっしょ濡れオマ○コにカチカチの肉棒を突っ込みまくる とにかくエロい熟した女たち20人4時間,EMAC-060 「厳選」四十路人妻 熟れカラダのぐっしょ濡れオマ○コにカチカチの肉棒を突っ込みまくる とにかくエロい熟した女たち20人4時間,EMAC-060,2016-03-27,240分鐘,艶熟寺,DX/エマニエル,DX（エマニエル）,,成熟的女人、已婚婦女、4小時以上作品、DMM獨家,多人,https://www.javbus.com/EMAC-060
ASFB-190 悩殺SEXYランジェリー スケベな下着のお姉様 4時間 BEST,ASFB-190 悩殺SEXYランジェリー スケベな下着のお姉様 4時間 BEST,ASFB-190,2016-03-27,240分鐘,,FetishBox/妄想族,FetishBox/妄想族,悩殺SEXYランジェリー,蕩婦、其他戀物癖、合集、DMM獨家,多人,https://www.javbus.com/ASFB-190
YUM-1006 美熟女 オフィス逆セクハラ 20人 4時間,YUM-1006 美熟女 オフィス逆セクハラ 20人 4時間,YUM-1006,2016-03-25,239分鐘,,MellowMoon（メロウムーン）,YumYum,,蕩婦、成熟的女人、OL、4小時以上作品,多人,https://www.javbus.com/YUM-1006
KAGH-052 8時間はたらくおんな 真面目に勤務している女ほど、マ●コがぐじゅぐじゅに濡れている,KAGH-052 8時間はたらくおんな 真面目に勤務している女ほど、マ●コがぐじゅぐじゅに濡れている,KAGH-052,2016-03-25,481分鐘,妻撮りの翁,AFRO-FILM,かぐや姫（AFRO-FILM）,,企畫、各種職業、中出、4小時以上作品、高畫質,多人,https://www.javbus.com/KAGH-052
KUSR-016 媚薬社内痴漢,KUSR-016 媚薬社内痴漢,KUSR-016,2016-03-25,120分鐘,菊の助,ビッグモーカル,九龍（ビッグモーカル）,,OL、藥物、性騷擾、制服、輪姦、凌辱、高畫質,多人,https://www.javbus.com/KUSR-016
RPD-021 熟悦ハレンチ 「旦那のいない白昼！主婦狙いレイプの約三分の一は被害者の自宅で起きている！！」●●学校犯されママ友3実話！,RPD-021 熟悦ハレンチ 「旦那のいない白昼！主婦狙いレイプの約三分の一は被害者の自宅で起きている！！」●●学校犯されママ友3実話！,RPD-021,2016-03-25,120分鐘,,グローバルメディアエンタテインメント,RPD,旦那のいない白昼！,成熟的女人、母親、強姦、已婚婦女、纪录片、數位馬賽克、高畫質、巨乳,多人,https://www.javbus.com/RPD-021
RUNG-1001 熟汁 キッチンでじゅぽじゅぽフェラ 口内発射 泡立つザーメン お口ベチョベチョ 21人 4時間,RUNG-1001 熟汁 キッチンでじゅぽじゅぽフェラ 口内発射 泡立つザーメン お口ベチョベチョ 21人 4時間,RUNG-1001,2016-03-25,241分鐘,,MellowMoon（メロウムーン）,爛月（らんげつ）,,蕩婦、成熟的女人、口交、合集、4小時以上作品,多人,https://www.javbus.com/RUNG-1001
NASS-402 近所に住む綺麗な昼顔妻が濃厚エロフェロモンをふりまき、男は発情！2人掛かりでレイプし、無防備妻と濃厚に3P中出しSEXをした！,NASS-402 近所に住む綺麗な昼顔妻が濃厚エロフェロモンをふりまき、男は発情！2人掛かりでレイプし、無防備妻と濃厚に3P中出しSEXをした！,NASS-402,2016-03-25,120分鐘,,なでしこ,Nadeshiko,,成熟的女人、強姦、連褲襪、已婚婦女、多P、中出、高畫質,多人,https://www.javbus.com/NASS-402
LESJ-320 唾液ダラダラ接吻痴漢 自分の娘と同じくらいの女の子にディープキスされた私（ノンケ）男日照りのカラダに火がついたのかパンティはマン汁でびちょ濡れでした！,LESJ-320 唾液ダラダラ接吻痴漢 自分の娘と同じくらいの女の子にディープキスされた私（ノンケ）男日照りのカラダに火がついたのかパンティはマン汁でびちょ濡れでした！,LESJ-320,2016-03-22,124分鐘,,マニアゼロ,レズ倶楽部,,成熟的女人、女同性戀、性騷擾、高畫質、キス・接吻,多人,https://www.javbus.com/LESJ-320
DIPO-031 人妻究極フェラチオ100人100連発！！！ Vol.2,DIPO-031 人妻究極フェラチオ100人100連発！！！ Vol.2,DIPO-031,2016-03-18,240分鐘,,プリモ,エロナンデス,人妻究極フェラチオ100人100連発！！！,苗條、口交、已婚婦女、數位馬賽克、4小時以上作品、顏射、巨乳,多人,https://www.javbus.com/DIPO-031
DFGR-003 ベロキス接吻MANIAX 私の唾液、とっても甘くて美味しいでしょ？ VOL.2,DFGR-003 ベロキス接吻MANIAX 私の唾液、とっても甘くて美味しいでしょ？ VOL.2,DFGR-003,2016-03-15,120分鐘,,ジャネス,FUTUREGREEN,ベロキス接吻MANIAX,成熟的女人、姐姐、キス・接吻、內衣、打手槍,多人,https://www.javbus.com/DFGR-003
JLZ-09 熟女レズ 化粧品会社の上司と部下 北条麻妃 竹内梨恵,JLZ-09 熟女レズ 化粧品会社の上司と部下 北条麻妃 竹内梨恵,JLZ-09,2016-03-14,85分鐘,熱曲タランティーノ,ルビー,黒百合,熟女レズ,成熟的女人、女同性戀、DMM獨家,多人,https://www.javbus.com/JLZ-09
RBB-088 このあと滅茶苦茶SEXしたくなるようなエロい衣装で誘っている女16時間,RBB-088 このあと滅茶苦茶SEXしたくなるようなエロい衣装で誘っている女16時間,RBB-088,2016-03-13,960分鐘,,ROOKIE,ROOKIE,,其他戀物癖、合集、美少女、DMM獨家,多人,https://www.javbus.com/RBB-088
TRVO-016 美麗顔騎妻 北条麻妃,TRVO-016 美麗顔騎妻 北条麻妃,TRVO-016,2016-03-12,168分鐘,富樫虎丸,虎丸フェッチ,虎丸フェッチ,美麗顔騎妻,第一人稱攝影、已婚婦女、屁股、高畫質、顏面騎乘、顏射、單體作品,北条麻妃,https://www.javbus.com/TRVO-016
TORG-035 女郎蜘蛛 北条麻妃 ～その女、決して喰われるべからず～,TORG-035 女郎蜘蛛 北条麻妃 ～その女、決して喰われるべからず～,TORG-035,2016-03-11,107分鐘,貞邪我,オルガ,ORGA,,蕩婦、成熟的女人、乳房、高畫質、戲劇、單體作品,北条麻妃,https://www.javbus.com/TORG-035
EMBX-053 丸ごとエロ美熟女！4時間超えベスト「私達でヌイてヌイてヌキまくってね」,EMBX-053 丸ごとエロ美熟女！4時間超えベスト「私達でヌイてヌイてヌキまくってね」,EMBX-053,2016-02-28,250分鐘,,LADY★BABA/エマニエル,LADY★BABA,,成熟的女人、合集、已婚婦女、羞恥、4小時以上作品、DMM獨家,多人,https://www.javbus.com/EMBX-053
NASS-389 嫁の母に… ～禁断の中出し性交～,NASS-389 嫁の母に… ～禁断の中出し性交～,NASS-389,2016-02-26,118分鐘,,なでしこ,Nadeshiko,嫁の母に…,成熟的女人、中出、婆婆、高畫質、出軌,多人,https://www.javbus.com/NASS-389
ARM-495 指一本触れずに僕を発射へ追い込むお姉さんのエロい囁きとチラリズム その3,ARM-495 指一本触れずに僕を発射へ追い込むお姉さんのエロい囁きとチラリズム その3,ARM-495,2016-02-20,117分鐘,,アロマ企画,AROMA,指一本触れずに僕を発射へ追い込むお姉さんのエロい囁きとチラリズム,蕩婦、妄想、主觀視角、高畫質、內衣、DMM獨家,多人,https://www.javbus.com/ARM-495
DFBL-005 ふしだらな淫脚で究極の足コキ その素晴らしい「おみ足」で僕のチ○ポをシゴいてくださいませんか？,DFBL-005 ふしだらな淫脚で究極の足コキ その素晴らしい「おみ足」で僕のチ○ポをシゴいてくださいませんか？,DFBL-005,2016-02-15,140分鐘,,ジャネス,FUTUREBLUE,,蕩婦、連褲襪、戀腿癖、足交,多人,https://www.javbus.com/DFBL-005
LZWM-012 ノーモザイク・レズれ！ 川上ゆう/神ユキ/北川エリカ/陽木かれん/友田彩也香/朝倉ことみ/北条麻妃/紗藤まゆ/原千草/音無かおり,LZWM-012 ノーモザイク・レズれ！ 川上ゆう/神ユキ/北川エリカ/陽木かれん/友田彩也香/朝倉ことみ/北条麻妃/紗藤まゆ/原千草/音無かおり,LZWM-012,2016-02-15,130分鐘,,レズれ！,レズれ！プレイ,ノーモザイク・レズれ！,女同性戀、69、女同接吻、女優按摩棒、DMM獨家、局部特寫,多人,https://www.javbus.com/LZWM-012
LZBS-016 レズれ！厳選BEST8時間 真咲南朋監督が12作品から選んだエロシーン全てお見せします！,LZBS-016 レズれ！厳選BEST8時間 真咲南朋監督が12作品から選んだエロシーン全てお見せします！,LZBS-016,2016-02-15,480分鐘,真咲南朋,レズれ！,レズれ！ベスト,レズれ！厳選BEST8時間,女同性戀、合集、69、4小時以上作品、女同接吻、DMM獨家,多人,https://www.javbus.com/LZBS-016
EMBZ-106 今宵、美人妻を凌辱したい…熟女塾・ザ・レイプ・ベストセレクション Vol.5 嬲姦！熟れた女体は鬼畜共に犯されまくり、肉奴隷へと堕ちていく。,EMBZ-106 今宵、美人妻を凌辱したい…熟女塾・ザ・レイプ・ベストセレクション Vol.5 嬲姦！熟れた女体は鬼畜共に犯されまくり、肉奴隷へと堕ちていく。,EMBZ-106,2016-02-15,250分鐘,熟島竜平,熟女塾/エマニエル,熟女塾,熟女塾・ザ・レイプ・ベストセレクション,成熟的女人、合集、中出、DMM獨家,多人,https://www.javbus.com/EMBZ-106
MBYD-248 友人の母 息子の友人に犯され、幾度もイカされてしまったんです… 総集編12時間,MBYD-248 友人の母 息子の友人に犯され、幾度もイカされてしまったんです… 総集編12時間,MBYD-248,2016-02-11,720分鐘,,溜池ゴロー,溜池ゴロー,友人の母,成熟的女人、合集、已婚婦女、羞恥、出軌、巨乳、DMM獨家,多人,https://www.javbus.com/MBYD-248
DMBK-048 【逆】アナルペニバンFUCK 陶酔するM男オルガズムの世界4時間,DMBK-048 【逆】アナルペニバンFUCK 陶酔するM男オルガズムの世界4時間,DMBK-048,2016-02-02,244分鐘,,ジャネス,MAZOBOYSCLUB,,玩具、4小時以上作品、M男、緊縛,多人,https://www.javbus.com/DMBK-048
SESA-017 働くお姉さん（真性レズ）に突然、レズ痴漢された私（ノンケ）初めての経験に戸惑いつつも感じてしまい何度もイカされちゃいました！,SESA-017 働くお姉さん（真性レズ）に突然、レズ痴漢された私（ノンケ）初めての経験に戸惑いつつも感じてしまい何度もイカされちゃいました！,SESA-017,2016-01-31,110分鐘,ACIDKILLER,設定思考/妄想族,設定思考/妄想族,,护士、女同性戀、各種職業、舔陰、女同接吻、DMM獨家,多人,https://www.javbus.com/SESA-017
ASFB-178 オシャブリーナ フェラチオがしたくてたまらないおしゃぶり痴女 北条麻妃,ASFB-178 オシャブリーナ フェラチオがしたくてたまらないおしゃぶり痴女 北条麻妃,ASFB-178,2016-01-31,120分鐘,,FetishBox/妄想族,FetishBox/妄想族,オシャブリーナ,蕩婦、口交、其他戀物癖、單體作品、DMM獨家,北条麻妃,https://www.javbus.com/ASFB-178
DJSK-079 妖艶BODY痴女ヴィーナス VOL.6 北条麻妃,DJSK-079 妖艶BODY痴女ヴィーナス VOL.6 北条麻妃,DJSK-079,2016-01-26,122分鐘,,ジャネス,MANIA痴女,●●BODY痴女ヴィーナス,角色扮演、蕩婦、姐姐、單體作品、自慰,北条麻妃,https://www.javbus.com/DJSK-079
KOOB-002 イキまくる女の肉壷がどうしようもなく蠢き 有りえないほど淫らに腰をクネらせ 僕たちの肉棒をトロけさせる媚薬的映像 狂気乱舞の淫乱SEX 総集編,KOOB-002 イキまくる女の肉壷がどうしようもなく蠢き 有りえないほど淫らに腰をクネらせ 僕たちの肉棒をトロけさせる媚薬的映像 狂気乱舞の淫乱SEX 総集編,KOOB-002,2016-01-24,240分鐘,,AVScollector’s,AVSCollector’s,,成熟的女人、合集、4小時以上作品、高畫質、DMM獨家,多人,https://www.javbus.com/KOOB-002
HNDS-039 100人×中出し2015完全版,HNDS-039 100人×中出し2015完全版,HNDS-039,2016-01-23,720分鐘,,本中,本中,100人×中出し,野外・露出、濫交、纪录片、美少女、中出、高畫質、DMM獨家,多人,https://www.javbus.com/HNDS-039
OVG-035 夜這いされ喘ぎ声を我慢しながら旦那の横で中出しまでされる人妻（OVG-035）,OVG-035 夜這いされ喘ぎ声を我慢しながら旦那の横で中出しまでされる人妻（OVG-035）,OVG-035,2016-01-20,126分鐘,,グローリークエスト,GLORYQUEST,夜這いされ喘ぎ声を我慢しながら旦那の横で中出しまでされる人妻,已婚婦女、凌辱、中出、高畫質、出軌、單體作品,多人,https://www.javbus.com/OVG-035
ASFB-175 淫語オナニー中毒 6 4時間,ASFB-175 淫語オナニー中毒 6 4時間,ASFB-175,2016-01-17,240分鐘,,FetishBox/妄想族,FetishBox/妄想族,淫語オナニー中毒,其他戀物癖、淫語、DMM獨家、自慰,多人,https://www.javbus.com/ASFB-175
SCD-162 隣のおばさんがコンタクトレンズを探していて 北条麻妃,SCD-162 隣のおばさんがコンタクトレンズを探していて 北条麻妃,SCD-162,2016-01-17,102分鐘,,ルビー,Secret（ルビー）,隣のおばさんが●●で,成熟的女人、已婚婦女、高畫質、戲劇、單體作品、DMM獨家、自慰,北条麻妃,https://www.javbus.com/SCD-162
ASFB-176 ヌキ系性感DETOXサロン 心をこめて射精までしっかりとご奉仕いたします 4時間スペシャル,ASFB-176 ヌキ系性感DETOXサロン 心をこめて射精までしっかりとご奉仕いたします 4時間スペシャル,ASFB-176,2016-01-17,240分鐘,,FetishBox/妄想族,FetishBox/妄想族,,蕩婦、其他戀物癖、美容院、DMM獨家,多人,https://www.javbus.com/ASFB-176
RBB-079 絡まる舌 交わるカラダ 女同士の百合×百合 レズ 50タイトル8時間,RBB-079 絡まる舌 交わるカラダ 女同士の百合×百合 レズ 50タイトル8時間,RBB-079,2016-01-16,480分鐘,,ROOKIE,ROOKIE,,蕩婦、女同性戀、合集、女同接吻、DMM獨家,多人,https://www.javbus.com/RBB-079
MBYD-246 凄テクを我慢できれば生★中出しSEXベストテクニック8時間,MBYD-246 凄テクを我慢できれば生★中出しSEXベストテクニック8時間,MBYD-246,2016-01-09,480分鐘,,溜池ゴロー,溜池ゴロー,我慢できれば生★中出しSEX！,成熟的女人、合集、已婚婦女、中出、DMM獨家、打手槍,多人,https://www.javbus.com/MBYD-246
MEYD-113 母の友人は北条麻妃～僕と人気AV女優の筆下し中出し性活～,MEYD-113 母の友人は北条麻妃～僕と人気AV女優の筆下し中出し性活～,MEYD-113,2016-01-09,120分鐘,菅原養史,溜池ゴロー,溜池ゴロー,母の友人は○○,成熟的女人、中出、高畫質、戲劇、處男、單體作品、DMM獨家,北条麻妃,https://www.javbus.com/MEYD-113
MBYD-247 愚鈍な夫には見抜けないっ！妻の浮気・不倫情事4時間,MBYD-247 愚鈍な夫には見抜けないっ！妻の浮気・不倫情事4時間,MBYD-247,2016-01-09,240分鐘,,溜池ゴロー,溜池ゴロー,,合集、已婚婦女、新娘、年輕妻子、通姦、出軌、DMM獨家,多人,https://www.javbus.com/MBYD-247
ONGP-072 彼女の母は、淫語責めしながら何度も寸止めさせる熟痴女 北条麻妃,ONGP-072 彼女の母は、淫語責めしながら何度も寸止めさせる熟痴女 北条麻妃,ONGP-072,2016-01-08,100分鐘,,レアルワークス,Onafes（オナフェス）グランプリ2016,,蕩婦、成熟的女人、口交、淫語、高畫質、單體作品、打手槍,北条麻妃,https://www.javbus.com/ONGP-072
KMDS-20334 日本VS海外剛毛熟女SEX対決！！40人8時間,KMDS-20334 日本VS海外剛毛熟女SEX対決！！40人8時間,KMDS-20334,2016-01-01,483分鐘,,カマタ映像,弁天,,成熟的女人、玩具、其他戀物癖、白人、4小時以上作品,多人,https://www.javbus.com/KMDS-20334
VAGU-140 隣の奥さんは連続絶頂ランジェリーナ 北条麻妃,VAGU-140 隣の奥さんは連続絶頂ランジェリーナ 北条麻妃,VAGU-140,2016-01-01,90分鐘,玉塚びんご,VENUS,ULTIMA,連続絶頂ランジェリーナ,成熟的女人、已婚婦女、中出、高畫質、戲劇、單體作品、DMM獨家、內衣,北条麻妃,https://www.javbus.com/VAGU-140
ASFB-173 ネバネバ変態ヤリま○こ膣内射精 美しきニンフォマニアの淫乱アクメ 4時間スペシャル,ASFB-173 ネバネバ変態ヤリま○こ膣内射精 美しきニンフォマニアの淫乱アクメ 4時間スペシャル,ASFB-173,2015-12-28,240分鐘,,FetishBox/妄想族,FetishBox/妄想族,,蕩婦、其他戀物癖、花癡、DMM獨家,多人,https://www.javbus.com/ASFB-173
NATR-508 「えっワタシなんでこんなに濡れちゃうの？」絶対ありえない若い娘に突然レズられちゃうノンケな美魔女！戸惑いながらもオマ●コ舐められたらその気になっちゃう！！ 2,NATR-508 「えっワタシなんでこんなに濡れちゃうの？」絶対ありえない若い娘に突然レズられちゃうノンケな美魔女！戸惑いながらもオマ●コ舐められたらその気になっちゃう！！ 2,NATR-508,2015-12-25,125分鐘,GA-SU,なでしこ,Nadeshiko,「えっワタシなんでこんなに濡れちゃうの？」,女同性戀、舔陰、乳液、高畫質,多人,https://www.javbus.com/NATR-508
RCT-808 かかってこいよ風間ゆみ 因縁女優とガチンコレズバトル3番勝負,RCT-808 かかってこいよ風間ゆみ 因縁女優とガチンコレズバトル3番勝負,RCT-808,2015-12-24,134分鐘,舟木シータ,ROCKET,ROCKET,,企畫、女同性戀、潮吹、淫語、高畫質,多人,https://www.javbus.com/RCT-808
GSNJV-005 近親相姦！「お父さんには内緒にしてね」いやらしいお母さんの体に僕のチ●コは超勃起！気づいたお母さんはお父さんにバレないようこっそりと挿入させてくれた 第2章,GSNJV-005 近親相姦！「お父さんには内緒にしてね」いやらしいお母さんの体に僕のチ●コは超勃起！気づいたお母さんはお父さんにバレないようこっそりと挿入させてくれた 第2章,GSNJV-005,2015-12-17,116分鐘,,グラフィティジャパン,G-style（グラフィティジャパン）,近親相姦！「お父さんには内緒にしてね」,成熟的女人、亂倫、已婚婦女、中出、高畫質、出軌,多人,https://www.javbus.com/GSNJV-005
GVG-240 黒人の極太チ●ポに欲情する人妻 北条麻妃,GVG-240 黒人の極太チ●ポに欲情する人妻 北条麻妃,GVG-240,2015-12-17,122分鐘,村山恭介,グローリークエスト,GLORYQUEST,黒人の極太チ●ポに欲情する人妻,已婚婦女、多P、高畫質、デカチン・巨根、單體作品、黑人演員,北条麻妃,https://www.javbus.com/GVG-240
ASFB-168 爆尻ヒップスター デカ尻マニアCOLLECTION 4時間,ASFB-168 爆尻ヒップスター デカ尻マニアCOLLECTION 4時間,ASFB-168,2015-12-13,240分鐘,,FetishBox/妄想族,FetishBox/妄想族,,其他戀物癖、屁股、巨尻、DMM獨家,多人,https://www.javbus.com/ASFB-168
ASFB-170 淫語手コキで脳内快楽中枢を刺激せよ！Vol.3 4時間SP,ASFB-170 淫語手コキで脳内快楽中枢を刺激せよ！Vol.3 4時間SP,ASFB-170,2015-12-13,240分鐘,,FetishBox/妄想族,FetishBox/妄想族,淫語手コキで脳内快楽中枢を刺激せよ,蕩婦、淫語、DMM獨家、打手槍,多人,https://www.javbus.com/ASFB-170
BBAN-064 SUPER熟BODY！！美熟女コスプレイヤーレズビアン KAORI 北条麻妃,BBAN-064 SUPER熟BODY！！美熟女コスプレイヤーレズビアン KAORI 北条麻妃,BBAN-064,2015-12-08,150分鐘,,ビビアン,ビビアン,,角色扮演、成熟的女人、女同性戀、女同接吻、高畫質、DMM獨家,多人,https://www.javbus.com/BBAN-064
AVSP-017 渡辺琢斗大図鑑 8時間 Premium Best 6,AVSP-017 渡辺琢斗大図鑑 8時間 Premium Best 6,AVSP-017,2015-12-07,480分鐘,渡辺琢斗,AVScollector’s,AVS,渡辺琢斗大図鑑,其他戀物癖、合集、連褲襪、4小時以上作品、DMM獨家,多人,https://www.javbus.com/AVSP-017
AUKG-318 美熟女ぬるてかレズビアン,AUKG-318 美熟女ぬるてかレズビアン,AUKG-318,2015-12-07,110分鐘,,U＆K,U＆K,,成熟的女人、女同性戀、乳液、性感的、巨乳、DMM獨家,多人,https://www.javbus.com/AUKG-318
CRMN-066 夢の足コキパラダイス 肉棒に絡みつく足技でザーメン生搾り 4時間,CRMN-066 夢の足コキパラダイス 肉棒に絡みつく足技でザーメン生搾り 4時間,CRMN-066,2015-12-07,240分鐘,,痴ロモン/妄想族,痴ロモン/妄想族,,蕩婦、其他戀物癖、戀腿癖、DMM獨家,多人,https://www.javbus.com/CRMN-066
JUSD-669 人妻凌辱痴漢電車 総集編8時間,JUSD-669 人妻凌辱痴漢電車 総集編8時間,JUSD-669,2015-12-03,480分鐘,,マドンナ,Madonna,人妻○○痴漢電車,成熟的女人、合集、各種職業、已婚婦女、數位馬賽克、性騷擾、DMM獨家,多人,https://www.javbus.com/JUSD-669
UD-693R いきなりパンツ脱がせてM字開脚 恥じらいの美熟女ドエロマ●コ 4,UD-693R いきなりパンツ脱がせてM字開脚 恥じらいの美熟女ドエロマ●コ 4,UD-693R,2015-12-01,133分鐘,毛利秀虎,LEO,LEO,いきなりパンツ脱がせてM字開脚,成熟的女人、其他戀物癖、纪录片、巨乳,多人,https://www.javbus.com/UD-693R
DJNJ-124 お義母様は真性レズビアン！夫に相手にされず少し暇を持て余す専業主婦（ノンケ）の私はいつも欲求不満！姑に触られるだけでもオマ○コが疼いて濡れてしまうんです,DJNJ-124 お義母様は真性レズビアン！夫に相手にされず少し暇を持て余す専業主婦（ノンケ）の私はいつも欲求不満！姑に触られるだけでもオマ○コが疼いて濡れてしまうんです,DJNJ-124,2015-11-30,115分鐘,,ジャネス,ladies,,成熟的女人、女同性戀、亂倫、已婚婦女、新娘、年輕妻子、婆婆、高畫質,多人,https://www.javbus.com/DJNJ-124
ASFB-167 MEN’S潮吹きアクメ イカされて、吹かされて、イキ果てる 男の射精と潮吹き 4時間 Vol.2,ASFB-167 MEN’S潮吹きアクメ イカされて、吹かされて、イキ果てる 男の射精と潮吹き 4時間 Vol.2,ASFB-167,2015-11-29,240分鐘,,FetishBox/妄想族,FetishBox/妄想族,MEN’S潮吹きアクメ,蕩婦、其他戀物癖、潮吹、DMM獨家,多人,https://www.javbus.com/ASFB-167
BMW-115 100人100SEX24時間,BMW-115 100人100SEX24時間,BMW-115,2015-11-28,1440分鐘,,ワンズファクトリー,WANZ,,合集、中出、巨乳、DMM獨家,多人,https://www.javbus.com/BMW-115
CORB-032 調教完了30人12時間,CORB-032 調教完了30人12時間,CORB-032,2015-11-28,720分鐘,,CORE,CORE,調教完了○人○時間,合集、性奴、DMM獨家、肛交,多人,https://www.javbus.com/CORB-032
NATR-505 「私、これから犯されます…」昼顔夫人のレイプ願望！ 見知らぬ男たちのギンギンにそそり立った勃起チ●ポに感じまくる人妻 2 北条麻妃,NATR-505 「私、これから犯されます…」昼顔夫人のレイプ願望！ 見知らぬ男たちのギンギンにそそり立った勃起チ●ポに感じまくる人妻 2 北条麻妃,NATR-505,2015-11-27,119分鐘,,なでしこ,Nadeshiko,「私、これから犯されます…」昼顔夫人のレイプ願望！,蕩婦、強姦、已婚婦女、高畫質、單體作品,北条麻妃,https://www.javbus.com/NATR-505
NOZ-005 母、逃げる！！セクシーパンチラに欲情して後ろから襲いかかる息子。 北条麻妃,NOZ-005 母、逃げる！！セクシーパンチラに欲情して後ろから襲いかかる息子。 北条麻妃,NOZ-005,2015-11-26,94分鐘,南大地,センタービレッジ,是空（センタービレッジ）,,成熟的女人、亂倫、已婚婦女、中出、婆婆、高畫質、單體作品,北条麻妃,https://www.javbus.com/NOZ-005
SVS-041 スケ透けくびれ淫語 美人美巨乳 10人 240分,SVS-041 スケ透けくびれ淫語 美人美巨乳 10人 240分,SVS-041,2015-11-22,240分鐘,,AVScollector’s,AVS,,其他戀物癖、連褲襪、4小時以上作品、主觀視角、DMM獨家,多人,https://www.javbus.com/SVS-041
OPUD-208 超極上のスカトロ解禁 北条麻妃,OPUD-208 超極上のスカトロ解禁 北条麻妃,OPUD-208,2015-11-21,120分鐘,,オペラ,OPERA,,成熟的女人、糞便、排便、灌腸、高畫質、單體作品、DMM獨家,北条麻妃,https://www.javbus.com/OPUD-208
BIB-132 痴女の腰振りテク騎乗位イカせ4時間,BIB-132 痴女の腰振りテク騎乗位イカせ4時間,BIB-132,2015-11-21,240分鐘,,美,美,,蕩婦、合集、姐姐、女上位、巨乳、DMM獨家,多人,https://www.javbus.com/BIB-132
HNDS-036 裏100人×中出し2015 美熟女教師が教える孕ませ中出し学園,HNDS-036 裏100人×中出し2015 美熟女教師が教える孕ませ中出し学園,HNDS-036,2015-11-21,120分鐘,らくだ,本中,本中,100人×中出し,蕩婦、成熟的女人、淫語、性奴、中出、高畫質、DMM獨家,多人,https://www.javbus.com/HNDS-036
DJSR-039 私、おばさんなのに若い娘にレズ痴漢されちゃいました 恥ずかしさのあまり戸惑ってたらアナルまで舐められビックリ！双頭チ○ポで二人ともイキまくりでした！！,DJSR-039 私、おばさんなのに若い娘にレズ痴漢されちゃいました 恥ずかしさのあまり戸惑ってたらアナルまで舐められビックリ！双頭チ○ポで二人ともイキまくりでした！！,DJSR-039,2015-11-18,168分鐘,,ジャネス,ladies,,成熟的女人、护士、女同性戀、舔陰、女同接吻、高畫質,多人,https://www.javbus.com/DJSR-039
DMBA-175 究極のM男ご褒美スペシャル ペニバンアナルFUCKと聖水オーガズム,DMBA-175 究極のM男ご褒美スペシャル ペニバンアナルFUCKと聖水オーガズム,DMBA-175,2015-11-15,142分鐘,,ジャネス,MAZOBOYSCLUB,,放尿、M男、肛交、打手槍,多人,https://www.javbus.com/DMBA-175
TYWD-080 女がガムシャラに腰を振る淫乱熱情SEX80連発4時間,TYWD-080 女がガムシャラに腰を振る淫乱熱情SEX80連発4時間,TYWD-080,2015-11-14,240分鐘,,乱丸,乱丸,女がガムシャラに腰を振る淫乱熱情SEX,成熟的女人、合集、花癡、數位馬賽克、女上位、巨乳、DMM獨家,多人,https://www.javbus.com/TYWD-080
FMR-39 肉欲妻 卑猥なカラダと熟れた蜜壺でオトコを貪る美人妻,FMR-39 肉欲妻 卑猥なカラダと熟れた蜜壺でオトコを貪る美人妻,FMR-39,2015-11-12,240分鐘,,ルビー,琥珀,,連褲襪、已婚婦女、花癡、通姦、4小時以上作品,多人,https://www.javbus.com/FMR-39
AVSP-016 渡辺琢斗大図鑑 8時間 Premium Best 5,AVSP-016 渡辺琢斗大図鑑 8時間 Premium Best 5,AVSP-016,2015-11-08,480分鐘,渡辺琢斗,AVScollector’s,AVS,渡辺琢斗大図鑑,合集、連褲襪、4小時以上作品、DMM獨家,多人,https://www.javbus.com/AVSP-016
CRMN-062 超イイ女のエロ流儀 北条麻妃 4時間,CRMN-062 超イイ女のエロ流儀 北条麻妃 4時間,CRMN-062,2015-11-08,240分鐘,,痴ロモン/妄想族,痴ロモン/妄想族,,蕩婦、其他戀物癖、單體作品、DMM獨家,北条麻妃,https://www.javbus.com/CRMN-062
DJSR-041 ノンケな熟女に偽チ○ポでレズ痴漢するいけない娘たち！「若いから油断しちゃった！」ペニバンのあまりの気持ち良さに自分でもビックリするほどイキまくり…,DJSR-041 ノンケな熟女に偽チ○ポでレズ痴漢するいけない娘たち！「若いから油断しちゃった！」ペニバンのあまりの気持ち良さに自分でもビックリするほどイキまくり…,DJSR-041,2015-11-07,193分鐘,,ジャネス,ladies,,成熟的女人、OL、女同性戀、女教師、亂倫、性騷擾、高畫質,多人,https://www.javbus.com/DJSR-041
MBYD-243 巨根フェラ4時間,MBYD-243 巨根フェラ4時間,MBYD-243,2015-11-07,240分鐘,,溜池ゴロー,溜池ゴロー,,口交、合集、已婚婦女、デカチン・巨根、巨乳、DMM獨家,多人,https://www.javbus.com/MBYD-243
NGOD-004 僕のねとられ話しを聞いてほしい 前の旦那にストーカーされ寝盗られた妻 北条麻妃,NGOD-004 僕のねとられ話しを聞いてほしい 前の旦那にストーカーされ寝盗られた妻 北条麻妃,NGOD-004,2015-11-01,150分鐘,,JET映像,JET映像,僕のねとられ話しを聞いてほしい,成熟的女人、已婚婦女、乳房、高畫質、出軌、戲劇、單體作品、DMM獨家,北条麻妃,https://www.javbus.com/NGOD-004
MUML-002 早漏クンってチ●ポ以外のどこイジっても敏感だよねぇ 北条麻妃,MUML-002 早漏クンってチ●ポ以外のどこイジっても敏感だよねぇ 北条麻妃,MUML-002,2015-10-30,52分鐘,,無言/妄想族,MILF,,蕩婦、成熟的女人、其他戀物癖、女醫生、單體作品、DMM獨家、打手槍,北条麻妃,https://www.javbus.com/MUML-002
HYAZ-077 肉ビラ丸見えノーパンパンストオナニー,HYAZ-077 肉ビラ丸見えノーパンパンストオナニー,HYAZ-077,2015-10-30,122分鐘,,ジャネス,Fetishパンスト,,放尿、連褲襪、戀腿癖、女優按摩棒、高畫質、自慰,多人,https://www.javbus.com/HYAZ-077
ASFB-163 本物の超淫乱女はフェラチオしながら猛烈にオナニーもするんです,ASFB-163 本物の超淫乱女はフェラチオしながら猛烈にオナニーもするんです,ASFB-163,2015-10-30,140分鐘,,FetishBox/妄想族,FetishBox/妄想族,,蕩婦、口交、DMM獨家、自慰,多人,https://www.javbus.com/ASFB-163
EMCB-010 絶対に手を出してはいけない熟したノンケ女にレズ行為 声も出せず糸引くほどマン汁が溢れ出す敏感熟女に発情する私,EMCB-010 絶対に手を出してはいけない熟したノンケ女にレズ行為 声も出せず糸引くほどマン汁が溢れ出す敏感熟女に発情する私,EMCB-010,2015-10-30,110分鐘,艶熟寺,DX/エマニエル,DX（エマニエル）,,成熟的女人、女同性戀、DMM獨家,多人,https://www.javbus.com/EMCB-010
ASFB-161 美脚パンストマニアックス 極上の悩殺ストッキング 4時間 Vol.4,ASFB-161 美脚パンストマニアックス 極上の悩殺ストッキング 4時間 Vol.4,ASFB-161,2015-10-30,240分鐘,,FetishBox/妄想族,FetishBox/妄想族,美脚パンストマニアックス,蕩婦、其他戀物癖、連褲襪、DMM獨家,多人,https://www.javbus.com/ASFB-161
SESA-015 夫のいない間にNTR（寝取ら）れ何度もイカされた私。主人以外のチ○ポを咥えさせられ思わずオマ○コが疼いて大欲情しズボズボ中出し！ 2,SESA-015 夫のいない間にNTR（寝取ら）れ何度もイカされた私。主人以外のチ○ポを咥えさせられ思わずオマ○コが疼いて大欲情しズボズボ中出し！ 2,SESA-015,2015-10-30,110分鐘,艶熟寺,設定思考/妄想族,設定思考/妄想族,夫のいない間にNTR（寝取ら）れ何度もイカされた私。,已婚婦女、深喉、中出、出軌、DMM獨家,多人,https://www.javbus.com/SESA-015
ASFB-162 粘膜と粘膜で感じ合う甘～いキスしようよ 淫舌と唾液が混じり合う最高のエロス VOL.2,ASFB-162 粘膜と粘膜で感じ合う甘～いキスしようよ 淫舌と唾液が混じり合う最高のエロス VOL.2,ASFB-162,2015-10-30,240分鐘,,FetishBox/妄想族,FetishBox/妄想族,粘膜と粘膜で感じ合う甘～いキスしようよ,蕩婦、其他戀物癖、キス・接吻、DMM獨家,多人,https://www.javbus.com/ASFB-162
JUFD-527 恥辱の生尻肛門調教 肛衆便所にされた人妻家庭教師 北条麻妃,JUFD-527 恥辱の生尻肛門調教 肛衆便所にされた人妻家庭教師 北条麻妃,JUFD-527,2015-10-29,170分鐘,TAKE-D,Fitch,Fitch,恥辱の生尻肛門調教,已婚婦女、屁股、數位馬賽克、性奴、高畫質、出軌、肛内中出、單體作品、DMM獨家,北条麻妃,https://www.javbus.com/JUFD-527
YUM-1002 熟れた女の異常な性欲20人,YUM-1002 熟れた女の異常な性欲20人,YUM-1002,2015-10-25,240分鐘,,MellowMoon（メロウムーン）,YumYum,,蕩婦、成熟的女人、合集、4小時以上作品,多人,https://www.javbus.com/YUM-1002
BDSR-222 この神脚、生唾ごっくん…。 肌に吸い付くようにフィットしたパンストがいやらし過ぎる美脚お姉さんが焦らせながら責めてくる4時間12人 Vol.2,BDSR-222 この神脚、生唾ごっくん…。 肌に吸い付くようにフィットしたパンストがいやらし過ぎる美脚お姉さんが焦らせながら責めてくる4時間12人 Vol.2,BDSR-222,2015-10-25,241分鐘,B巻太,ビッグモーカル,BIGMORKAL,この神脚、生唾ごっくん…。,其他戀物癖、連褲襪、姐姐、戀腿癖、4小時以上作品、高畫質,多人,https://www.javbus.com/BDSR-222
NASS-328 近所で評判な美人妻のイヤらしいカラダを無理ヤリ寝取る！「もう、ガマンできん！」フル勃起チ●ポを喉奥まで突っ込み高速ピストンで口内発射する俺 2,NASS-328 近所で評判な美人妻のイヤらしいカラダを無理ヤリ寝取る！「もう、ガマンできん！」フル勃起チ●ポを喉奥まで突っ込み高速ピストンで口内発射する俺 2,NASS-328,2015-10-23,114分鐘,GASU,なでしこ,Nadeshiko,近所で評判な美人妻のイヤらしいカラダを無理ヤリ寝取る！,成熟的女人、口交、已婚婦女、羞恥、高畫質,多人,https://www.javbus.com/NASS-328
KOOB-001 女神絶頂伝説 SUPER BEST ～ヤバいほど逝き狂う女たち～,KOOB-001 女神絶頂伝説 SUPER BEST ～ヤバいほど逝き狂う女たち～,KOOB-001,2015-10-23,237分鐘,,AVScollector’s,AVSCollector’s,,合集、性奴、拘束、4小時以上作品、高畫質、DMM獨家,多人,https://www.javbus.com/KOOB-001
ASFB-159 私、いつもオナニーばっかりしてるの 北条麻妃,ASFB-159 私、いつもオナニーばっかりしてるの 北条麻妃,ASFB-159,2015-10-18,120分鐘,,FetishBox/妄想族,FetishBox/妄想族,私、いつもオナニーばっかりしてるの,其他戀物癖、單體作品、DMM獨家、自慰,北条麻妃,https://www.javbus.com/ASFB-159
TYWD-079 激しいセックスでガクガク痙攣絶頂,TYWD-079 激しいセックスでガクガク痙攣絶頂,TYWD-079,2015-10-17,240分鐘,,乱丸,乱丸,ガクガク痙攣絶頂,合集、已婚婦女、花癡、數位馬賽克、中出、巨乳、DMM獨家,多人,https://www.javbus.com/TYWD-079
SBB-196 フレッシュザーメン顔射50人4時間,SBB-196 フレッシュザーメン顔射50人4時間,SBB-196,2015-10-11,240分鐘,,マルクス兄弟,MARXBrothersco.,,姐姐、4小時以上作品、顏射、DMM獨家、蘿莉塔,多人,https://www.javbus.com/SBB-196
CRMN-060 超密着サービス性感サロン,CRMN-060 超密着サービス性感サロン,CRMN-060,2015-10-11,140分鐘,,痴ロモン/妄想族,痴ロモン/妄想族,,蕩婦、其他戀物癖、按摩、DMM獨家,多人,https://www.javbus.com/CRMN-060
ARMM-048 贅沢すぎる3Pセックス BEST 濃厚フェラ・接吻編II,ARMM-048 贅沢すぎる3Pセックス BEST 濃厚フェラ・接吻編II,ARMM-048,2015-10-08,240分鐘,,アロマ企画,AROMAM-30,○○すぎる3Pセックス,成熟的女人、口交、合集、4小時以上作品、キス・接吻、DMM獨家,多人,https://www.javbus.com/ARMM-048
DJSB-081 痴女QUEEN 北条麻妃 BEST 4時間,DJSB-081 痴女QUEEN 北条麻妃 BEST 4時間,DJSB-081,2015-09-30,242分鐘,,ジャネス,MANIA痴女,痴女QUEEN○○BEST4時間,蕩婦、成熟的女人、玩具、單體作品、自慰、打手槍,北条麻妃,https://www.javbus.com/DJSB-081
DMBA-172 ボンデージQUEENの男潮吹き 凄腕テクニックが炸裂する狂喜のM男,DMBA-172 ボンデージQUEENの男潮吹き 凄腕テクニックが炸裂する狂喜のM男,DMBA-172,2015-09-30,142分鐘,,ジャネス,MAZOBOYSCLUB,,成熟的女人、姐姐、M男、緊縛、打手槍,多人,https://www.javbus.com/DMBA-172
ASFB-157 甘い淫語フェラ おしゃべりでオシャブリな癒し系口淫 4時間スペシャル,ASFB-157 甘い淫語フェラ おしゃべりでオシャブリな癒し系口淫 4時間スペシャル,ASFB-157,2015-09-28,240分鐘,,FetishBox/妄想族,FetishBox/妄想族,,口交、其他戀物癖、淫語、DMM獨家,多人,https://www.javbus.com/ASFB-157
BDSR-218 【ハズレなし】素晴らし過ぎる美女レズ。 ガチで綺麗なお姉さん達が唾液交換濃厚キスで発情しながらイキまくる！ 24人のレズバトル4時間,BDSR-218 【ハズレなし】素晴らし過ぎる美女レズ。 ガチで綺麗なお姉さん達が唾液交換濃厚キスで発情しながらイキまくる！ 24人のレズバトル4時間,BDSR-218,2015-09-25,243分鐘,鶴舞龍之介,ビッグモーカル,BIGMORKAL,,女同性戀、姐姐、制服、4小時以上作品、高畫質、校服,多人,https://www.javbus.com/BDSR-218
NATR-493 人妻は夫が隣にいるのに寝取られるスリルにオマ●コが疼きすぎて俺のチ●コを欲しがるので辛抱たまらん！！ 4 北条麻妃,NATR-493 人妻は夫が隣にいるのに寝取られるスリルにオマ●コが疼きすぎて俺のチ●コを欲しがるので辛抱たまらん！！ 4 北条麻妃,NATR-493,2015-09-25,123分鐘,GA-SU,なでしこ,Nadeshiko,人妻は夫が隣にいるのに寝取られるスリルにオマ●コが疼きすぎて俺のチ●コを欲しがるので辛抱たまらん！！,成熟的女人、已婚婦女、高畫質、出軌、單體作品,北条麻妃,https://www.javbus.com/NATR-493
NASS-295 犯されたい人妻たち 夫が帰ってくるまで…いつも平凡な毎日を送っている昼顔夫人は他の男たちにレイプされることで欲求不満を解消しているんです！！,NASS-295 犯されたい人妻たち 夫が帰ってくるまで…いつも平凡な毎日を送っている昼顔夫人は他の男たちにレイプされることで欲求不満を解消しているんです！！,NASS-295,2015-09-25,115分鐘,GA-SU,なでしこ,Nadeshiko,,成熟的女人、已婚婦女、高畫質、打手槍,多人,https://www.javbus.com/NASS-295
ATFB-294 悩殺SEXYランジェリー スケベな下着のお姉様 北条麻妃,ATFB-294 悩殺SEXYランジェリー スケベな下着のお姉様 北条麻妃,ATFB-294,2015-09-14,120分鐘,,FetishBox/妄想族,FetishBox/妄想族,悩殺SEXYランジェリー,蕩婦、其他戀物癖、單體作品、DMM獨家、內衣,北条麻妃,https://www.javbus.com/ATFB-294
BDA-006 金粉大全集 12人180分スペシャル！豪華絢爛女優たちのエロく輝く狂宴！,BDA-006 金粉大全集 12人180分スペシャル！豪華絢爛女優たちのエロく輝く狂宴！,BDA-006,2015-09-14,180分鐘,あばしり一家,バミューダ/妄想族,バミューダ/妄想族,,其他戀物癖、中出、DMM獨家,多人,https://www.javbus.com/BDA-006
OOMN-151 家庭内秘密の死角で犯される美熟女たち,OOMN-151 家庭内秘密の死角で犯される美熟女たち,OOMN-151,2015-09-13,240分鐘,,ABC/妄想族,お母さん.com/ABC,,成熟的女人、合集、已婚婦女、出軌、DMM獨家,多人,https://www.javbus.com/OOMN-151
RBB-056 舌を絡ませヨダレが滴り落ちるくらいに濃厚な熟キスSEX16時間,RBB-056 舌を絡ませヨダレが滴り落ちるくらいに濃厚な熟キスSEX16時間,RBB-056,2015-09-13,960分鐘,,ROOKIE,ROOKIE,,成熟的女人、合集、16時間以上作品、キス・接吻、DMM獨家,多人,https://www.javbus.com/RBB-056
RBB-057 泣け！喚け！美女たちの断末魔！絶叫レ○プ16時間,RBB-057 泣け！喚け！美女たちの断末魔！絶叫レ○プ16時間,RBB-057,2015-09-13,960分鐘,,ROOKIE,ROOKIE,,合集、花癡、凌辱、16時間以上作品、DMM獨家,多人,https://www.javbus.com/RBB-057
TYWD-078 他人棒にイキ狂った貞淑な妻たち,TYWD-078 他人棒にイキ狂った貞淑な妻たち,TYWD-078,2015-09-13,240分鐘,,乱丸,乱丸,,合集、已婚婦女、花癡、數位馬賽克、中出、出軌、DMM獨家,多人,https://www.javbus.com/TYWD-078
MKMP-019 ミリオンドリーム SUPER BEST 8時間スペシャル,MKMP-019 ミリオンドリーム SUPER BEST 8時間スペシャル,MKMP-019,2015-09-11,481分鐘,K太郎,ケイ・エム・プロデュース,million（ミリオン）,ミリオン・ドリーム,濫交、合集、4小時以上作品、高畫質、戲劇、單體作品,多人,https://www.javbus.com/MKMP-019
SBB-192 フェロモン家庭教師18人のリアル性教育,SBB-192 フェロモン家庭教師18人のリアル性教育,SBB-192,2015-09-11,240分鐘,,マルクス兄弟,MARXBrothersco.,,蕩婦、家教、合集、4小時以上作品、DMM獨家,多人,https://www.javbus.com/SBB-192
CRMN-054 溶けるような温かい舌の感触、甘い淫音…。脳内アドレナリンが沸騰する極上フェラチオでイカせてあげるわ,CRMN-054 溶けるような温かい舌の感触、甘い淫音…。脳内アドレナリンが沸騰する極上フェラチオでイカせてあげるわ,CRMN-054,2015-09-11,120分鐘,,痴ロモン/妄想族,痴ロモン/妄想族,,蕩婦、口交、其他戀物癖、DMM獨家,多人,https://www.javbus.com/CRMN-054
AUKG-305 私は貴女に愛される…。～美熟女の情欲レズドラマ～ 北条麻妃 澤村レイコ,AUKG-305 私は貴女に愛される…。～美熟女の情欲レズドラマ～ 北条麻妃 澤村レイコ,AUKG-305,2015-09-11,120分鐘,,U＆K,U＆K,,成熟的女人、女同性戀、其他戀物癖、戲劇、巨乳、DMM獨家,多人,https://www.javbus.com/AUKG-305
TORG-027 肉体の悶,TORG-027 肉体の悶,TORG-027,2015-09-11,128分鐘,貞邪我,オルガ,ORGA,,妓女、已婚婦女、高畫質、戲劇、內衣,多人,https://www.javbus.com/TORG-027
MBYD-239 溜池ゴロー2015年上半期総集編全64タイトル8時間,MBYD-239 溜池ゴロー2015年上半期総集編全64タイトル8時間,MBYD-239,2015-09-10,480分鐘,,溜池ゴロー,溜池ゴロー,溜池ゴロー○年○半期,成熟的女人、合集、已婚婦女、新娘、年輕妻子、DMM獨家,多人,https://www.javbus.com/MBYD-239
MBYD-237 北条麻妃16時間BEST,MBYD-237 北条麻妃16時間BEST,MBYD-237,2015-09-10,960分鐘,,溜池ゴロー,溜池ゴロー,○○BEST,成熟的女人、苗條、已婚婦女、數位馬賽克、戲劇、女優ベスト・総集編、單體作品、DMM獨家,北条麻妃,https://www.javbus.com/MBYD-237
MBYD-238 助けて！！でもこんな姿は見られたくない…。夫のすぐ傍らで汚される人妻,MBYD-238 助けて！！でもこんな姿は見られたくない…。夫のすぐ傍らで汚される人妻,MBYD-238,2015-09-10,240分鐘,,溜池ゴロー,溜池ゴロー,,合集、已婚婦女、凌辱、出軌、戲劇、DMM獨家,多人,https://www.javbus.com/MBYD-238
DRAMA-065 スリルを求める性欲妻 北条麻妃,DRAMA-065 スリルを求める性欲妻 北条麻妃,DRAMA-065,2015-09-09,59分鐘,北条麻妃,ドラマ「人妻」本当にあったHな話,ドラマ「人妻」本当にあったHな話,,成熟的女人、已婚婦女、花癡、戲劇、單體作品,北条麻妃,https://www.javbus.com/DRAMA-065
DRAMA-064 不倫妻 男あさりの昼下がり 北条麻妃,DRAMA-064 不倫妻 男あさりの昼下がり 北条麻妃,DRAMA-064,2015-09-08,62分鐘,北条麻妃,ドラマ「人妻」本当にあったHな話,ドラマ「人妻」本当にあったHな話,,已婚婦女、通姦、單體作品,北条麻妃,https://www.javbus.com/DRAMA-064
VEMA-104 友人の妻はドスケベ家庭教師 総集編 4 4時間,VEMA-104 友人の妻はドスケベ家庭教師 総集編 4 4時間,VEMA-104,2015-09-06,240分鐘,,VENUS,女神（ヴィーナス）,友人の妻はドスケベ家庭教師,成熟的女人、家教、合集、已婚婦女、4小時以上作品、戲劇、DMM獨家,多人,https://www.javbus.com/VEMA-104
JUSD-651 人妻ハイレグ羞恥 総集編8時間,JUSD-651 人妻ハイレグ羞恥 総集編8時間,JUSD-651,2015-09-05,480分鐘,,マドンナ,Madonna,人妻ハイレグ羞恥,成熟的女人、合集、已婚婦女、數位馬賽克、緊身衣、羞恥、DMM獨家,多人,https://www.javbus.com/JUSD-651
GYAZ-135 淫脚フェチ 究極の美脚コキでぶっこきたい,GYAZ-135 淫脚フェチ 究極の美脚コキでぶっこきたい,GYAZ-135,2015-08-30,141分鐘,,ジャネス,MANIAPlay,,蕩婦、成熟的女人、連褲襪、戀腿癖、足交,多人,https://www.javbus.com/GYAZ-135
HXAD-009 甘く匂い立つノーパンパンスト 透ける卑猥な肉ビラ 5 北条麻妃,HXAD-009 甘く匂い立つノーパンパンスト 透ける卑猥な肉ビラ 5 北条麻妃,HXAD-009,2015-08-30,106分鐘,,ジャネス,Fetishパンスト,甘く匂い立つノーパンパンスト透ける卑猥な肉ビラ,成熟的女人、連褲襪、戀腿癖、女優按摩棒、高畫質、單體作品、自慰,北条麻妃,https://www.javbus.com/HXAD-009
NASS-300 団地妻 我慢できない欲情,NASS-300 団地妻 我慢できない欲情,NASS-300,2015-08-28,184分鐘,,なでしこ,Nadeshiko,,成熟的女人、合集、已婚婦女、通姦、巨乳,多人,https://www.javbus.com/NASS-300
DJSR-035 いけないとわかっていてもオマ○コ舐めたいんです。クリトリスを舌で刺激され自分でも信じられないくらいマン汁が出てしまったノンケは、戸惑いつつもレズクンニの虜になる,DJSR-035 いけないとわかっていてもオマ○コ舐めたいんです。クリトリスを舌で刺激され自分でも信じられないくらいマン汁が出てしまったノンケは、戸惑いつつもレズクンニの虜になる,DJSR-035,2015-08-27,135分鐘,,ジャネス,ladies,,成熟的女人、女同性戀、舔陰、高畫質,多人,https://www.javbus.com/DJSR-035
YUM-1001 淫らな家政婦 美熟女 20人,YUM-1001 淫らな家政婦 美熟女 20人,YUM-1001,2015-08-25,239分鐘,,MellowMoon（メロウムーン）,YumYum,,成熟的女人、合集、各種職業、中出、4小時以上作品,多人,https://www.javbus.com/YUM-1001
OPUD-202 美人課長 緊縛大糞漏らし 北条麻妃,OPUD-202 美人課長 緊縛大糞漏らし 北条麻妃,OPUD-202,2015-08-22,110分鐘,,オペラ,OPERA,,OL、紧缚、排便、高畫質、單體作品、DMM獨家,北条麻妃,https://www.javbus.com/OPUD-202
DRAMA-056 復讐するは妻にあり 北条麻妃,DRAMA-056 復讐するは妻にあり 北条麻妃,DRAMA-056,2015-08-19,53分鐘,北条麻妃,ドラマ「人妻」本当にあったHな話,ドラマ「人妻」本当にあったHな話,,已婚婦女、出軌、戲劇、單體作品,北条麻妃,https://www.javbus.com/DRAMA-056
DRAMA-055 『人妻セールスレディの魅惑の勧誘術』 北条麻妃,DRAMA-055 『人妻セールスレディの魅惑の勧誘術』 北条麻妃,DRAMA-055,2015-08-19,56分鐘,北条麻妃,ドラマ「人妻」本当にあったHな話,ドラマ「人妻」本当にあったHな話,,已婚婦女、戲劇、單體作品,北条麻妃,https://www.javbus.com/DRAMA-055
NATR-484 接吻情事 総集編 誰もが抱きたくなるいい女…北条麻妃 美人ホームヘルパー完全版,NATR-484 接吻情事 総集編 誰もが抱きたくなるいい女…北条麻妃 美人ホームヘルパー完全版,NATR-484,2015-08-18,143分鐘,藤元ジョージ,なでしこ,Nadeshiko,接吻情事,企畫、成熟的女人、各種職業、已婚婦女、キス・接吻、單體作品,北条麻妃,https://www.javbus.com/NATR-484
RBB-048 悔しいけどガクガク震えるほど感じてしまう…痴漢16時間,RBB-048 悔しいけどガクガク震えるほど感じてしまう…痴漢16時間,RBB-048,2015-08-15,960分鐘,,ROOKIE,ROOKIE,,合集、性騷擾、16時間以上作品、DMM獨家,多人,https://www.javbus.com/RBB-048
DJSG-119 M性感ドライオーガズム 男の潮吹きサロン 癒されて、吹かされて…。,DJSG-119 M性感ドライオーガズム 男の潮吹きサロン 癒されて、吹かされて…。,DJSG-119,2015-08-15,141分鐘,,ジャネス,MANIA痴女,,蕩婦、制服、美容院、旗袍、打手槍,多人,https://www.javbus.com/DJSG-119
RBB-052 感度崩壊！薬漬けキメセク凌辱 16時間,RBB-052 感度崩壊！薬漬けキメセク凌辱 16時間,RBB-052,2015-08-15,960分鐘,,ROOKIE,ROOKIE,,蕩婦、花癡、性奴、凌辱、キス・接吻、DMM獨家,多人,https://www.javbus.com/RBB-052
TORG-026 昭和官能ポルノ大全集,TORG-026 昭和官能ポルノ大全集,TORG-026,2015-08-14,241分鐘,貞邪我,オルガ,ORGA,,成熟的女人、合集、4小時以上作品、高畫質、戲劇,多人,https://www.javbus.com/TORG-026
REAL-548 REALを彩ってきたスケベすぎる痴女達 BEST50 8時間,REAL-548 REALを彩ってきたスケベすぎる痴女達 BEST50 8時間,REAL-548,2015-08-14,458分鐘,K太郎,レアルワークス,REAL（レアルワークス）,,蕩婦、合集、4小時以上作品、高畫質、高中女生、打手槍,多人,https://www.javbus.com/REAL-548
DMBK-042 北条麻妃 完全コンプリート BEST 4時間,DMBK-042 北条麻妃 完全コンプリート BEST 4時間,DMBK-042,2015-08-13,241分鐘,,ジャネス,MAZOBOYSCLUB,,蕩婦、4小時以上作品、女優ベスト・総集編、M男、緊縛、單體作品,北条麻妃,https://www.javbus.com/DMBK-042
DSE-1374 ドリームステージ！メガ盛り！！ベストヒット美熟女28人8時間,DSE-1374 ドリームステージ！メガ盛り！！ベストヒット美熟女28人8時間,DSE-1374,2015-08-11,481分鐘,,ドリームステージ,熟女絵巻,,成熟的女人、合集、4小時以上作品,多人,https://www.javbus.com/DSE-1374
CRMN-051 敏感ビーチク男子大集合！羽のように柔らかい舌でねっとりと舐めあげられるフル勃起な男の乳首,CRMN-051 敏感ビーチク男子大集合！羽のように柔らかい舌でねっとりと舐めあげられるフル勃起な男の乳首,CRMN-051,2015-08-09,140分鐘,,痴ロモン/妄想族,痴ロモン/妄想族,,蕩婦、其他戀物癖、DMM獨家,多人,https://www.javbus.com/CRMN-051
AP-190 ノーブラ若妻乳首擦り痴漢 「ちょっとそこまでだから…。」とノーブラで出かけた顔見知りの無防備若妻と満員状態のエレベーター内で超密着！服の上から覗く敏感そうな乳首を擦りまくってパンツを濡らしながら吐息を,AP-190 ノーブラ若妻乳首擦り痴漢 「ちょっとそこまでだから…。」とノーブラで出かけた顔見知りの無防備若妻と満員状態のエレベーター内で超密着！服の上から覗く敏感そうな乳首を擦りまくってパンツを濡らしながら吐息を,AP-190,2015-08-05,213分鐘,クニオカ,アパッチ（デマンド）,アパッチ（デマンド）,,其他戀物癖、新娘、年輕妻子、性騷擾、高畫質,多人,https://www.javbus.com/AP-190
JUX-655 遺産相続レズビアン ～絡まり合う女の欲望と陰毛～ 原ちとせ 北条麻妃,JUX-655 遺産相続レズビアン ～絡まり合う女の欲望と陰毛～ 原ちとせ 北条麻妃,JUX-655,2015-08-01,120分鐘,森川圭,マドンナ,Madonna,,成熟的女人、女同性戀、苗條、已婚婦女、數位馬賽克、女同接吻、高畫質、DMM獨家,多人,https://www.javbus.com/JUX-655
ATFB-286 もっこり食い込み猥褻レオタード 北条麻妃,ATFB-286 もっこり食い込み猥褻レオタード 北条麻妃,ATFB-286,2015-07-26,110分鐘,,FetishBox/妄想族,FetishBox/妄想族,もっこり食い込み○○レオタード,其他戀物癖、緊身衣、單體作品、DMM獨家,北条麻妃,https://www.javbus.com/ATFB-286
ASFB-148 美脚パンストマニアックス 極上の悩殺ストッキング 4時間 Vol.3,ASFB-148 美脚パンストマニアックス 極上の悩殺ストッキング 4時間 Vol.3,ASFB-148,2015-07-26,240分鐘,,FetishBox/妄想族,FetishBox/妄想族,美脚パンストマニアックス,蕩婦、其他戀物癖、連褲襪、DMM獨家,多人,https://www.javbus.com/ASFB-148
OOMN-147 母の歪んだ愛情 決意の筆おろし24発射,OOMN-147 母の歪んだ愛情 決意の筆おろし24発射,OOMN-147,2015-07-25,239分鐘,,ABC/妄想族,お母さん.com/ABC,,成熟的女人、母親、合集、亂倫、數位馬賽克、高畫質、DMM獨家,多人,https://www.javbus.com/OOMN-147
NATR-479 絶対にいけないことだとわかっていても手を出してしまう私（真性レズビアン） 恥かしそうにしながら唾液と愛液が糸を引くほどの濃厚レズセックスに夢中になる熟女（ノンケ）,NATR-479 絶対にいけないことだとわかっていても手を出してしまう私（真性レズビアン） 恥かしそうにしながら唾液と愛液が糸を引くほどの濃厚レズセックスに夢中になる熟女（ノンケ）,NATR-479,2015-07-24,115分鐘,,なでしこ,Nadeshiko,絶対にいけないことだとわかっていても手を出してしまう私,成熟的女人、女同性戀、其他戀物癖、舔陰、女同接吻、高畫質,多人,https://www.javbus.com/NATR-479
DRAMA-049 人妻女教師 まるだしエロ授業 北条麻妃,DRAMA-049 人妻女教師 まるだしエロ授業 北条麻妃,DRAMA-049,2015-07-21,41分鐘,朝霧浄,ドラマ「人妻」本当にあったHな話,ドラマ「人妻」本当にあったHな話,,女教師、已婚婦女、花癡、戲劇、單體作品,北条麻妃,https://www.javbus.com/DRAMA-049
DRAMA-050 白衣の天使悶絶 北条麻妃,DRAMA-050 白衣の天使悶絶 北条麻妃,DRAMA-050,2015-07-21,49分鐘,朝霧浄,ドラマ「人妻」本当にあったHな話,ドラマ「人妻」本当にあったHな話,,护士、已婚婦女、戲劇、單體作品,北条麻妃,https://www.javbus.com/DRAMA-050
ARMM-047 贅沢すぎる3Pセックス BEST 濃厚SEX編 II,ARMM-047 贅沢すぎる3Pセックス BEST 濃厚SEX編 II,ARMM-047,2015-07-20,240分鐘,,アロマ企画,AROMAM-30,○○すぎる3Pセックス,成熟的女人、合集、淫語、姐姐、4小時以上作品、DMM獨家,多人,https://www.javbus.com/ARMM-047
ASFB-147 スケベな匂いの愛液が溢れるガチイキ変態ディルドオナニー,ASFB-147 スケベな匂いの愛液が溢れるガチイキ変態ディルドオナニー,ASFB-147,2015-07-17,240分鐘,,FetishBox/妄想族,FetishBox/妄想族,,其他戀物癖、4小時以上作品、DMM獨家、自慰,多人,https://www.javbus.com/ASFB-147
DJSR-036 若い娘が大人の女性にレズキス痴漢 突然、舌を突っこんだらダラダラと唾液を垂らすノンケ熟女に興奮する私は真性レズビアン！？,DJSR-036 若い娘が大人の女性にレズキス痴漢 突然、舌を突っこんだらダラダラと唾液を垂らすノンケ熟女に興奮する私は真性レズビアン！？,DJSR-036,2015-07-15,123分鐘,,ジャネス,ladies,,成熟的女人、女同性戀、姐姐、性騷擾、女同接吻、高畫質,多人,https://www.javbus.com/DJSR-036
CRMN-046 男脳を執拗に刺激するパンストエロチシズム 4時間,CRMN-046 男脳を執拗に刺激するパンストエロチシズム 4時間,CRMN-046,2015-07-12,240分鐘,,痴ロモン/妄想族,痴ロモン/妄想族,,其他戀物癖、連褲襪、4小時以上作品、DMM獨家,多人,https://www.javbus.com/CRMN-046
JUJU-071 どろどろ 口内発射フェラ 50連発8時間,JUJU-071 どろどろ 口内発射フェラ 50連発8時間,JUJU-071,2015-06-28,480分鐘,,熟女JAPAN/エマニエル,熟女JAPAN,,成熟的女人、口交、其他戀物癖、合集、4小時以上作品、DMM獨家,多人,https://www.javbus.com/JUJU-071
BDSR-207 「まだイっちゃだめぇ～」クッソエロい超美人な回春エステお姉さん達のこの上品な淫語と究極テクで3分間も射精を我慢できるヤツとかホントにいるの？ 4時間12人,BDSR-207 「まだイっちゃだめぇ～」クッソエロい超美人な回春エステお姉さん達のこの上品な淫語と究極テクで3分間も射精を我慢できるヤツとかホントにいるの？ 4時間12人,BDSR-207,2015-06-25,241分鐘,B巻太,ビッグモーカル,BIGMORKAL,,蕩婦、姐姐、制服、4小時以上作品、美容院、M男,多人,https://www.javbus.com/BDSR-207
MLW-5023 美熟女ママの濡れた欲情 4時間,MLW-5023 美熟女ママの濡れた欲情 4時間,MLW-5023,2015-06-25,242分鐘,,MellowMoon（メロウムーン）,MellowMoon（メロウムーン）,,蕩婦、成熟的女人、合集、妓女、4小時以上作品,多人,https://www.javbus.com/MLW-5023
RABS-011 女のセックス全盛期 三十路の色香,RABS-011 女のセックス全盛期 三十路の色香,RABS-011,2015-06-21,180分鐘,竜二,FAプロ,FAプロ竜二ベスト,,成熟的女人、已婚婦女、戲劇、故事集、巨乳、DMM獨家,多人,https://www.javbus.com/RABS-011
DAZD-071 美女の喉奥がぶっ壊れるまでイラマチオしたら気持ちよすぎて精子が出すぎた,DAZD-071 美女の喉奥がぶっ壊れるまでイラマチオしたら気持ちよすぎて精子が出すぎた,DAZD-071,2015-06-20,480分鐘,,ダスッ！,ダスッ！,,合集、花癡、美少女、深喉、4小時以上作品、DMM獨家,多人,https://www.javbus.com/DAZD-071
DRAMA-039 濡れる未亡人女将 北条麻妃,DRAMA-039 濡れる未亡人女将 北条麻妃,DRAMA-039,2015-06-19,50分鐘,朝霧浄,ドラマ「人妻」本当にあったHな話,ドラマ「人妻」本当にあったHな話,,已婚婦女、寡婦、女主人、女老板、戲劇、單體作品,北条麻妃,https://www.javbus.com/DRAMA-039
DRAMA-040 奥様は産業スパイ 北条麻妃,DRAMA-040 奥様は産業スパイ 北条麻妃,DRAMA-040,2015-06-19,48分鐘,朝霧浄,ドラマ「人妻」本当にあったHな話,ドラマ「人妻」本当にあったHな話,,已婚婦女、花癡、戲劇、折磨、單體作品,北条麻妃,https://www.javbus.com/DRAMA-040
LESJ-311 母親のような女性を見ると欲求を抑えられず強引にレズ痴漢する年頃の娘 執拗にオッパイやオマ○コをいじられのけぞって感じまくる熟したノンケ女,LESJ-311 母親のような女性を見ると欲求を抑えられず強引にレズ痴漢する年頃の娘 執拗にオッパイやオマ○コをいじられのけぞって感じまくる熟したノンケ女,LESJ-311,2015-06-18,114分鐘,,マニアゼロ,レズ倶楽部（マニアゼロ）,,成熟的女人、玩具、女同性戀、性騷擾、舔陰、高畫質,多人,https://www.javbus.com/LESJ-311
DMBA-169 M男汁が枯れるまでシャブリ殺してあげるわ 絶品フェラチオに大発射,DMBA-169 M男汁が枯れるまでシャブリ殺してあげるわ 絶品フェラチオに大発射,DMBA-169,2015-06-17,141分鐘,,ジャネス,MAZOBOYSCLUB,,口交、姐姐、美少女、M男、打手槍,多人,https://www.javbus.com/DMBA-169
SESA-008 若い女（真性レズ）に突然、痴漢され立場も忘れて感じてしまうノンケな熟女 されるがままに犯されイキまくりレズの虜になってしまった,SESA-008 若い女（真性レズ）に突然、痴漢され立場も忘れて感じてしまうノンケな熟女 されるがままに犯されイキまくりレズの虜になってしまった,SESA-008,2015-06-14,110分鐘,,設定思考/妄想族,設定思考/妄想族,,蕩婦、女同性戀、DMM獨家,多人,https://www.javbus.com/SESA-008
TYWD-074 淫乱プリンセス 北条麻妃BEST,TYWD-074 淫乱プリンセス 北条麻妃BEST,TYWD-074,2015-06-13,240分鐘,,乱丸,乱丸,,苗條、淫語、花癡、數位馬賽克、女優ベスト・総集編、單體作品、DMM獨家,北条麻妃,https://www.javbus.com/TYWD-074
RBB-037 往年の熟女たちの淫らな性交 16時間,RBB-037 往年の熟女たちの淫らな性交 16時間,RBB-037,2015-06-13,960分鐘,,ROOKIE,ROOKIE,,成熟的女人、合集、16時間以上作品、DMM獨家,多人,https://www.javbus.com/RBB-037
MDB-619 美女ぶっかけ顔射100人8時間BEST,MDB-619 美女ぶっかけ顔射100人8時間BEST,MDB-619,2015-06-12,481分鐘,K太郎,メディアステーション,BAZOOKA（バズーカ）,,業餘、合集、乳房、4小時以上作品、高畫質、顏射,多人,https://www.javbus.com/MDB-619
MILD-988 これぞミリオン流おもてなし！温泉＆浴衣ベスト100人8時間,MILD-988 これぞミリオン流おもてなし！温泉＆浴衣ベスト100人8時間,MILD-988,2015-06-12,480分鐘,K太郎,ケイ・エム・プロデュース,million（ミリオン）,,和服・喪服、偶像藝人、合集、4小時以上作品、高畫質、温泉、巨乳,多人,https://www.javbus.com/MILD-988
DRAMA-031 ふしだらな美人妻『となりの北条さん』 北条麻妃,DRAMA-031 ふしだらな美人妻『となりの北条さん』 北条麻妃,DRAMA-031,2015-06-11,45分鐘,きとるね川口,ドラマ「人妻」本当にあったHな話,ドラマ「人妻」本当にあったHな話,ふしだらな美人妻,已婚婦女、戲劇、單體作品,北条麻妃,https://www.javbus.com/DRAMA-031
DRAMA-032 ふしだらな美人妻『人妻秘書』 北条麻妃,DRAMA-032 ふしだらな美人妻『人妻秘書』 北条麻妃,DRAMA-032,2015-06-11,44分鐘,きとるね川口,ドラマ「人妻」本当にあったHな話,ドラマ「人妻」本当にあったHな話,ふしだらな美人妻,已婚婦女、秘書、戲劇、M男、單體作品,北条麻妃,https://www.javbus.com/DRAMA-032
DRAMA-024 華麗なる淫乱熟女『美人市長の秘密』 北条麻妃,DRAMA-024 華麗なる淫乱熟女『美人市長の秘密』 北条麻妃,DRAMA-024,2015-06-09,45分鐘,きとるね川口,ドラマ「人妻」本当にあったHな話,ドラマ「人妻」本当にあったHな話,華麗なる淫乱熟女,成熟的女人、已婚婦女、花癡、戲劇、單體作品,北条麻妃,https://www.javbus.com/DRAMA-024
DRAMA-023 華麗なる淫乱熟女『紅茶マダムの吐息』 北条麻妃,DRAMA-023 華麗なる淫乱熟女『紅茶マダムの吐息』 北条麻妃,DRAMA-023,2015-06-09,45分鐘,きとるね川口,ドラマ「人妻」本当にあったHな話,ドラマ「人妻」本当にあったHな話,華麗なる淫乱熟女,成熟的女人、已婚婦女、花癡、戲劇、單體作品,北条麻妃,https://www.javbus.com/DRAMA-023
HTMS-068 セックスの匂いがする 熟女と中年女,HTMS-068 セックスの匂いがする 熟女と中年女,HTMS-068,2015-06-08,80分鐘,ヘンリー塚本,FAプロ,ヘンリー塚本マニアック,,成熟的女人、已婚婦女、戲劇、故事集、巨乳、DMM獨家,多人,https://www.javbus.com/HTMS-068
VOIB-001 淫ボイスBEST Vol.1,VOIB-001 淫ボイスBEST Vol.1,VOIB-001,2015-06-08,240分鐘,渡辺琢斗,AVScollector’s,琢斗,淫ボイス（AVScollector’s）,合集、淫語、4小時以上作品、高畫質、DMM獨家,多人,https://www.javbus.com/VOIB-001
SBB-183 マジイキ！ディルドオナニー4時間,SBB-183 マジイキ！ディルドオナニー4時間,SBB-183,2015-06-08,240分鐘,,マルクス兄弟,MARXBrothersco.,,玩具、4小時以上作品、DMM獨家、自慰,多人,https://www.javbus.com/SBB-183
ASFB-140 粘膜と粘膜で感じ合う甘～いキスしようよ 淫舌と唾液が混じり合う最高のエロス,ASFB-140 粘膜と粘膜で感じ合う甘～いキスしようよ 淫舌と唾液が混じり合う最高のエロス,ASFB-140,2015-05-31,240分鐘,,FetishBox/妄想族,FetishBox/妄想族,,蕩婦、其他戀物癖、キス・接吻、DMM獨家,多人,https://www.javbus.com/ASFB-140
CORB-026 媚薬浣腸エビ反り噴射BEST,CORB-026 媚薬浣腸エビ反り噴射BEST,CORB-026,2015-05-30,240分鐘,,CORE,CORE,媚薬浣腸エビ反り噴射,藥物、灌腸、性奴、DMM獨家,多人,https://www.javbus.com/CORB-026
DMBA-168 脳内快楽★淫語トリップ 卑猥な言葉でボクを犯して下さい,DMBA-168 脳内快楽★淫語トリップ 卑猥な言葉でボクを犯して下さい,DMBA-168,2015-05-26,141分鐘,,ジャネス,MAZOBOYSCLUB,,其他戀物癖、淫語、M男,多人,https://www.javbus.com/DMBA-168
DAZD-070 女が何人居ても男たちの前では為す術もなくただ犯される,DAZD-070 女が何人居ても男たちの前では為す術もなくただ犯される,DAZD-070,2015-05-23,480分鐘,,ダスッ！,ダスッ！,,濫交、合集、輪姦、凌辱、DMM獨家,多人,https://www.javbus.com/DAZD-070
MDB-613 回春エステサロンで働く100人8時間 BEST,MDB-613 回春エステサロンで働く100人8時間 BEST,MDB-613,2015-05-22,480分鐘,K太郎,メディアステーション,BAZOOKA（バズーカ）,,口交、4小時以上作品、按摩、足交、高畫質、打手槍,多人,https://www.javbus.com/MDB-613
NEO-406 日本一の咀嚼大全集 51人6時間,NEO-406 日本一の咀嚼大全集 51人6時間,NEO-406,2015-05-22,360分鐘,,レイディックス,neo（パラドックス）,,其他戀物癖、4小時以上作品,多人,https://www.javbus.com/NEO-406
ASFB-139 北条麻妃 BEST 4時間 THE FREE BITCH IS BACK,ASFB-139 北条麻妃 BEST 4時間 THE FREE BITCH IS BACK,ASFB-139,2015-05-17,240分鐘,,FetishBox/妄想族,FetishBox/妄想族,THEFREEBITCHISBACK,蕩婦、其他戀物癖、女優ベスト・総集編、單體作品、DMM獨家,北条麻妃,https://www.javbus.com/ASFB-139
ASFB-138 これぞドライオーガズムの頂点 男の潮吹き 5 4時間スペシャル,ASFB-138 これぞドライオーガズムの頂点 男の潮吹き 5 4時間スペシャル,ASFB-138,2015-05-17,240分鐘,,FetishBox/妄想族,FetishBox/妄想族,これぞドライオーガズムの頂点男の潮吹き,其他戀物癖、潮吹、4小時以上作品、DMM獨家,多人,https://www.javbus.com/ASFB-138
CRAD-119 有名女優を無理矢理 犯しまくる8時間,CRAD-119 有名女優を無理矢理 犯しまくる8時間,CRAD-119,2015-05-16,480分鐘,,クロス,CROSS,,合集、數位馬賽克、4小時以上作品、DMM獨家,多人,https://www.javbus.com/CRAD-119
CADV-523 CRYSTAL GOLDEN COLLECTION 厳選AV女優30人8時間,CADV-523 CRYSTAL GOLDEN COLLECTION 厳選AV女優30人8時間,CADV-523,2015-05-15,478分鐘,,クリスタル映像,CRYSTALEX,,成熟的女人、合集、美少女、4小時以上作品、巨乳,多人,https://www.javbus.com/CADV-523
DRAMA-004 淫乱なる瞳～美人妻の誘惑～『下着セールス』 北条麻妃,DRAMA-004 淫乱なる瞳～美人妻の誘惑～『下着セールス』 北条麻妃,DRAMA-004,2015-05-14,40分鐘,きとるね川口,ドラマ「人妻」本当にあったHな話,ドラマ「人妻」本当にあったHな話,淫乱なる瞳～美人妻の誘惑～,已婚婦女、花癡、戲劇、單體作品、內衣,北条麻妃,https://www.javbus.com/DRAMA-004
SBB-180 ザ・痴女☆女教師4時間,SBB-180 ザ・痴女☆女教師4時間,SBB-180,2015-05-11,240分鐘,,マルクス兄弟,MARXBrothersco.,,蕩婦、女教師、各種職業、中出、4小時以上作品、DMM獨家,多人,https://www.javbus.com/SBB-180
MEYD-031 北条麻妃の凄テクを我慢できれば生★中出しSEX,MEYD-031 北条麻妃の凄テクを我慢できれば生★中出しSEX,MEYD-031,2015-05-10,180分鐘,,溜池ゴロー,溜池ゴロー,我慢できれば生★中出しSEX！,成熟的女人、身體意識、中出、高畫質、單體作品、DMM獨家、打手槍,北条麻妃,https://www.javbus.com/MEYD-031
MBYD-227 愛する者が居る傍で…容赦なくイカされる人妻4時間,MBYD-227 愛する者が居る傍で…容赦なくイカされる人妻4時間,MBYD-227,2015-05-10,240分鐘,,溜池ゴロー,溜池ゴロー,,合集、已婚婦女、羞恥、巨乳、DMM獨家,多人,https://www.javbus.com/MBYD-227
REAL-537 ハードSEX大量中出し8時間BEST 怒涛の30人連続ザーメン流し込みスペシャル,REAL-537 ハードSEX大量中出し8時間BEST 怒涛の30人連続ザーメン流し込みスペシャル,REAL-537,2015-05-08,481分鐘,K太郎,レアルワークス,REAL（レアルワークス）,,濫交、紧缚、合集、中出、4小時以上作品、高畫質,多人,https://www.javbus.com/REAL-537
JUSD-626 少年を誘惑する美熟女の年の差セックス8時間,JUSD-626 少年を誘惑する美熟女の年の差セックス8時間,JUSD-626,2015-05-03,480分鐘,,マドンナ,Madonna,,蕩婦、成熟的女人、合集、已婚婦女、數位馬賽克、通姦、DMM獨家,多人,https://www.javbus.com/JUSD-626
DRAMA-003 淫乱なる瞳～美人妻の誘惑～『叔母と浪人生』 北条麻妃,DRAMA-003 淫乱なる瞳～美人妻の誘惑～『叔母と浪人生』 北条麻妃,DRAMA-003,2015-05-01,40分鐘,きとるね川口,ドラマ「人妻」本当にあったHな話,ドラマ「人妻」本当にあったHな話,淫乱なる瞳～美人妻の誘惑～,成熟的女人、已婚婦女、花癡、戲劇、單體作品、迷你裙,北条麻妃,https://www.javbus.com/DRAMA-003
MLW-5020 働くきれいな熟女の美尻 4時間 ベスト,MLW-5020 働くきれいな熟女の美尻 4時間 ベスト,MLW-5020,2015-04-25,242分鐘,,MellowMoon（メロウムーン）,MellowMoon（メロウムーン）,,成熟的女人、合集、屁股、4小時以上作品,多人,https://www.javbus.com/MLW-5020
MCSR-154 【マジです】秒速でヌケるほどシコる右手が止まらない。美人でスケベ過ぎる人妻熟女が淫語連発で優しく苛めてくれる4時間12人,MCSR-154 【マジです】秒速でヌケるほどシコる右手が止まらない。美人でスケベ過ぎる人妻熟女が淫語連発で優しく苛めてくれる4時間12人,MCSR-154,2015-04-25,242分鐘,B巻太,ビッグモーカル,マスカット,,蕩婦、成熟的女人、淫語、已婚婦女、4小時以上作品、高畫質,多人,https://www.javbus.com/MCSR-154
HXAK-018 超脚パンストクイーンDX 4時間 Vol.2,HXAK-018 超脚パンストクイーンDX 4時間 Vol.2,HXAK-018,2015-04-25,243分鐘,,ジャネス,Fetishパンスト,超脚パンストクイーン,玩具、合集、連褲襪、戀腿癖、4小時以上作品,多人,https://www.javbus.com/HXAK-018
NATR-458 接吻情事 人気美熟女達の…とびきり濃厚な接吻とセックス,NATR-458 接吻情事 人気美熟女達の…とびきり濃厚な接吻とセックス,NATR-458,2015-04-24,117分鐘,藤元ジョージ,なでしこ,Nadeshiko,接吻情事,企畫、成熟的女人、各種職業、已婚婦女,多人,https://www.javbus.com/NATR-458
DRAMA-008 エロい瞳の性ライフ『コスプレ妻』 北条麻妃,DRAMA-008 エロい瞳の性ライフ『コスプレ妻』 北条麻妃,DRAMA-008,2015-04-22,44分鐘,きとるね川口,ドラマ「人妻」本当にあったHな話,ドラマ「人妻」本当にあったHな話,エロい瞳の性ライフ,角色扮演、已婚婦女、戲劇、單體作品,北条麻妃,https://www.javbus.com/DRAMA-008
DRAMA-002 特命団地妻 北条麻妃,DRAMA-002 特命団地妻 北条麻妃,DRAMA-002,2015-04-22,60分鐘,溜池ゴロー,ドラマ「人妻」本当にあったHな話,ドラマ「人妻」本当にあったHな話,,成熟的女人、已婚婦女、戲劇、單體作品,北条麻妃,https://www.javbus.com/DRAMA-002
DRAMA-007 エロい瞳の性ライフ『年下夫』 北条麻妃,DRAMA-007 エロい瞳の性ライフ『年下夫』 北条麻妃,DRAMA-007,2015-04-22,46分鐘,きとるね川口,ドラマ「人妻」本当にあったHな話,ドラマ「人妻」本当にあったHな話,エロい瞳の性ライフ,淫語、已婚婦女、戲劇、單體作品,北条麻妃,https://www.javbus.com/DRAMA-007
SVS-038 綺麗なお姉さんの 開脚ドスケベオナニー大全集,SVS-038 綺麗なお姉さんの 開脚ドスケベオナニー大全集,SVS-038,2015-04-20,239分鐘,,AVScollector’s,AVS,,合集、4小時以上作品、高畫質、DMM獨家、自慰,多人,https://www.javbus.com/SVS-038
HNB-092 夫の上司 寝取られ肉体接待 北条麻妃,HNB-092 夫の上司 寝取られ肉体接待 北条麻妃,HNB-092,2015-04-20,88分鐘,甘えん坊将軍,STARPARADISE,華靡,,已婚婦女、凌辱、DVD多士爐、高畫質、出軌、戲劇、單體作品,北条麻妃,https://www.javbus.com/HNB-092
ASFB-135 淫語手コキで脳内快楽中枢を刺激せよ！Vol.2 4時間SP,ASFB-135 淫語手コキで脳内快楽中枢を刺激せよ！Vol.2 4時間SP,ASFB-135,2015-04-17,240分鐘,,FetishBox/妄想族,FetishBox/妄想族,淫語手コキで脳内快楽中枢を刺激せよ,其他戀物癖、淫語、DMM獨家、打手槍,多人,https://www.javbus.com/ASFB-135
RBB-023 肉棒を包み込む最高の口淫 美熟女の優しく丁寧なフェラチオ16時間,RBB-023 肉棒を包み込む最高の口淫 美熟女の優しく丁寧なフェラチオ16時間,RBB-023,2015-04-16,960分鐘,,ROOKIE,ROOKIE,,成熟的女人、口交、姐姐、新娘、年輕妻子、DMM獨家,多人,https://www.javbus.com/RBB-023
GYAZ-131 生殺しパニック射精 あなたのザーメン、私がコントロールしてあげるわ,GYAZ-131 生殺しパニック射精 あなたのザーメン、私がコントロールしてあげるわ,GYAZ-131,2015-04-15,141分鐘,,ジャネス,MANIAPlay,,成熟的女人、口交、其他戀物癖、姐姐、打手槍,多人,https://www.javbus.com/GYAZ-131
HPF-012 催眠素顔 12,HPF-012 催眠素顔 12,HPF-012,2015-04-15,136分鐘,,催眠研究所,催眠素顔,催眠素顔,纪录片、性奴、惡作劇、催眠、高畫質、巨乳,多人,https://www.javbus.com/HPF-012
SBB-177 スーパーピストンディルドオナニー 4時間,SBB-177 スーパーピストンディルドオナニー 4時間,SBB-177,2015-04-12,240分鐘,,マルクス兄弟,MARXBrothersco.,,玩具、女上位、4小時以上作品、巨乳、DMM獨家、自慰,多人,https://www.javbus.com/SBB-177
REAL-534 祝！！10周年 REALヒストリー完全保存版 8時間スペシャル,REAL-534 祝！！10周年 REALヒストリー完全保存版 8時間スペシャル,REAL-534,2015-04-10,481分鐘,K太郎,レアルワークス,REAL（レアルワークス）,,潮吹、合集、4小時以上作品、高畫質,多人,https://www.javbus.com/REAL-534
QXL-127 RUBY厳選！ 浪漫劇場 団地妻＆尼僧物語 有閑の瞬間をエロスで満たすふしだら妻、そして背徳の聖職者の性交,QXL-127 RUBY厳選！ 浪漫劇場 団地妻＆尼僧物語 有閑の瞬間をエロスで満たすふしだら妻、そして背徳の聖職者の性交,QXL-127,2015-04-09,241分鐘,焚魔珍,ルビー,RUBY,,成熟的女人、合集、已婚婦女、4小時以上作品、高畫質,多人,https://www.javbus.com/QXL-127
BOYA-003 【旦那の目を盗んで】近所で一番綺麗な奥さんと不倫温泉ねっとり旅情～情緒溢れる旅館で夫を忘れ寝取られる美巨乳妻に中出し受精…15人4時間,BOYA-003 【旦那の目を盗んで】近所で一番綺麗な奥さんと不倫温泉ねっとり旅情～情緒溢れる旅館で夫を忘れ寝取られる美巨乳妻に中出し受精…15人4時間,BOYA-003,2015-03-31,240分鐘,,TMA,BO-YA,,已婚婦女、通姦、4小時以上作品、高畫質、出軌、巨乳,多人,https://www.javbus.com/BOYA-003
OKSN-236 完全撮り卸し 人妻夜姦,OKSN-236 完全撮り卸し 人妻夜姦,OKSN-236,2015-03-29,120分鐘,,ABC/妄想族,お母さん.com/ABC,,成熟的女人、苗條、已婚婦女、數位馬賽克、巨乳、DMM獨家,多人,https://www.javbus.com/OKSN-236
ASFB-132 美脚パンストマニアックス 極上の悩殺ストッキング 4時間 Vol.2,ASFB-132 美脚パンストマニアックス 極上の悩殺ストッキング 4時間 Vol.2,ASFB-132,2015-03-29,240分鐘,,FetishBox/妄想族,FetishBox/妄想族,美脚パンストマニアックス,其他戀物癖、合集、連褲襪、戀腿癖、DMM獨家,多人,https://www.javbus.com/ASFB-132
JUFD-459 貴方だけを見つめ続ける淫語中出しソープ 北条麻妃,JUFD-459 貴方だけを見つめ続ける淫語中出しソープ 北条麻妃,JUFD-459,2015-03-28,150分鐘,豆沢豆太郎,Fitch,Fitch,貴方だけを見つめ続ける淫語中出しソープ,成熟的女人、妓女、淫語、數位馬賽克、中出、主觀視角、高畫質、單體作品、DMM獨家,北条麻妃,https://www.javbus.com/JUFD-459
AVSP-015 綺麗なお姉さんの卑猥な膣内に濃厚真正生中出し 8時間BEST Vol.2,AVSP-015 綺麗なお姉さんの卑猥な膣内に濃厚真正生中出し 8時間BEST Vol.2,AVSP-015,2015-03-22,480分鐘,,AVScollector’s,AVS,綺麗なお姉さんの卑猥な膣内に濃厚真正生中出し,合集、中出、4小時以上作品、DMM獨家,多人,https://www.javbus.com/AVSP-015
KOOL-007 S＆M 女神淫虐 Theatre-02 美しき淫獣 逆転の屈辱性奴隷 北条麻妃,KOOL-007 S＆M 女神淫虐 Theatre-02 美しき淫獣 逆転の屈辱性奴隷 北条麻妃,KOOL-007,2015-03-22,134分鐘,Koolong,AVScollector’s,AVSCollector’s,S＆M女神淫虐,成熟的女人、紧缚、性奴、高畫質、單體作品、DMM獨家,北条麻妃,https://www.javbus.com/KOOL-007
BS-029 きれいなお姉さんたちのチン棒寸止め遊び,BS-029 きれいなお姉さんたちのチン棒寸止め遊び,BS-029,2015-03-22,142分鐘,ラッシャーみよし,RASH,ビザールスタイル,,蕩婦、成熟的女人、姐姐、性奴、打手槍,多人,https://www.javbus.com/BS-029
JUX-561 人妻ハイレグ羞恥 北条麻妃,JUX-561 人妻ハイレグ羞恥 北条麻妃,JUX-561,2015-03-21,140分鐘,小山雅継,マドンナ,Madonna,人妻ハイレグ羞恥,成熟的女人、已婚婦女、數位馬賽克、緊身衣、乳房、羞恥、高畫質、單體作品、DMM獨家,北条麻妃,https://www.javbus.com/JUX-561
HYAS-027 グローバルメディア 熟女・人妻レイプ 23歳人妻～五十路熟女 100人8時間,HYAS-027 グローバルメディア 熟女・人妻レイプ 23歳人妻～五十路熟女 100人8時間,HYAS-027,2015-03-18,483分鐘,,ケイ・エム・プロデュース,100人,,成熟的女人、合集、已婚婦女、4小時以上作品,多人,https://www.javbus.com/HYAS-027
ASFB-131 熱いクチマ○コでしゃぶり尽くしてあげるわっ！！！ 厳選フェラチオ映像 4時間 Vol.2,ASFB-131 熱いクチマ○コでしゃぶり尽くしてあげるわっ！！！ 厳選フェラチオ映像 4時間 Vol.2,ASFB-131,2015-03-15,240分鐘,,FetishBox/妄想族,FetishBox/妄想族,厳選フェラチオ映像,蕩婦、口交、其他戀物癖、DMM獨家,多人,https://www.javbus.com/ASFB-131
ASFB-130 Men’s乳首と凄テク手淫 敏感なチクビを責めながらシゴいてあげる,ASFB-130 Men’s乳首と凄テク手淫 敏感なチクビを責めながらシゴいてあげる,ASFB-130,2015-03-15,240分鐘,,FetishBox/妄想族,FetishBox/妄想族,,其他戀物癖、4小時以上作品、DMM獨家、打手槍,多人,https://www.javbus.com/ASFB-130
GYAZ-126 夢のフェラサロン 絶品な舌技で舐めてあげる,GYAZ-126 夢のフェラサロン 絶品な舌技で舐めてあげる,GYAZ-126,2015-03-15,142分鐘,,ジャネス,MANIAPlay,,蕩婦、成熟的女人、口交、姐姐,多人,https://www.javbus.com/GYAZ-126
PDZ-079 今日、あなたの息子に犯されました,PDZ-079 今日、あなたの息子に犯されました,PDZ-079,2015-03-15,240分鐘,,PileDriverZ,PileDriverZ,,成熟的女人、強姦、已婚婦女、4小時以上作品、巨乳、單體作品、DMM獨家,多人,https://www.javbus.com/PDZ-079
EMBX-040 強姦！凌辱！犯され、膣内射精レイプされ続けた美熟妻たち！！ 第二章,EMBX-040 強姦！凌辱！犯され、膣内射精レイプされ続けた美熟妻たち！！ 第二章,EMBX-040,2015-03-15,250分鐘,,LADY★BABA/エマニエル,LADY★BABA,膣内射精レイプされ続けた美熟妻たち,成熟的女人、強姦、中出、DMM獨家,多人,https://www.javbus.com/EMBX-040
RBB-017 いいなりマゾ女を性調教凌辱 16時間,RBB-017 いいなりマゾ女を性調教凌辱 16時間,RBB-017,2015-03-14,960分鐘,,ROOKIE,ROOKIE,,合集、花癡、美少女、性奴、凌辱、DMM獨家,多人,https://www.javbus.com/RBB-017
RHE-157 北条麻妃の愛欲にまみれた喪服の夜,RHE-157 北条麻妃の愛欲にまみれた喪服の夜,RHE-157,2015-03-10,112分鐘,川崎軍二,ホットエンターテイメント,ホットエンターテイメント,,成熟的女人、已婚婦女、高畫質、戲劇、巨乳,多人,https://www.javbus.com/RHE-157
PPFB-001 完全パンストフェティッシュ Best Collection,PPFB-001 完全パンストフェティッシュ Best Collection,PPFB-001,2015-03-09,239分鐘,渡辺琢斗,AVScollector’s,琢斗,完全パンストフェティッシュ,合集、連褲襪、4小時以上作品、高畫質、DMM獨家,多人,https://www.javbus.com/PPFB-001
RBD-669 美人教師 恥じらいの脱糞2 北条麻妃,RBD-669 美人教師 恥じらいの脱糞2 北条麻妃,RBD-669,2015-03-05,120分鐘,三島六三郎,アタッカーズ,龍縛,恥じらいの脱糞,女教師、排便、高畫質、單體作品、DMM獨家,北条麻妃,https://www.javbus.com/RBD-669
KAGH-006 極楽センズリ鑑賞 8時間どっぴゅんSP ソリ返った勃起チ●ポを目の前にして欲情するドスケベ人妻たちに濃厚ザーメン発射25連発,KAGH-006 極楽センズリ鑑賞 8時間どっぴゅんSP ソリ返った勃起チ●ポを目の前にして欲情するドスケベ人妻たちに濃厚ザーメン発射25連発,KAGH-006,2015-03-05,481分鐘,,AFRO-FILM,かぐや姫（AFRO-FILM）,,已婚婦女、4小時以上作品、高畫質、打手槍,多人,https://www.javbus.com/KAGH-006
VEQ-072 S級熟女コンプリートファイル 北条麻妃 4時間 其之参,VEQ-072 S級熟女コンプリートファイル 北条麻妃 4時間 其之参,VEQ-072,2015-03-01,240分鐘,,VENUS,女神（ヴィーナス）,S級熟女（VENUS）,成熟的女人、合集、已婚婦女、中出、4小時以上作品、單體作品、DMM獨家,北条麻妃,https://www.javbus.com/VEQ-072
NATR-444 接吻情事 藤元ジョージ劇場 ほほを紅色に染めて…酔っぱらった、いい女をやる！,NATR-444 接吻情事 藤元ジョージ劇場 ほほを紅色に染めて…酔っぱらった、いい女をやる！,NATR-444,2015-02-27,98分鐘,藤元ジョージ,なでしこ,Nadeshiko,接吻情事,OL、爛醉如泥的、巨乳,多人,https://www.javbus.com/NATR-444
VNDS-3099 美熟女潮吹き大饗乱,VNDS-3099 美熟女潮吹き大饗乱,VNDS-3099,2015-02-25,119分鐘,コルト69,STARPARADISE,ネクストイレブン,,成熟的女人、濫交、潮吹、花癡、手指插入、高畫質,多人,https://www.javbus.com/VNDS-3099
AVSP-014 綺麗なお姉さんの卑猥な膣内に濃厚真正生中出し 8時間BEST Vol.1,AVSP-014 綺麗なお姉さんの卑猥な膣内に濃厚真正生中出し 8時間BEST Vol.1,AVSP-014,2015-02-22,480分鐘,,AVScollector’s,AVS,,合集、中出、4小時以上作品、DMM獨家,多人,https://www.javbus.com/AVSP-014
VERO-042 男のロマン！やさしい年上熟女の童貞筆おろしシチュエーションBEST20 4時間,VERO-042 男のロマン！やさしい年上熟女の童貞筆おろしシチュエーションBEST20 4時間,VERO-042,2015-02-16,240分鐘,,VENUS,女神（ヴィーナス）,,成熟的女人、合集、已婚婦女、4小時以上作品、DMM獨家,多人,https://www.javbus.com/VERO-042
RBB-009 高画質 SEXが大好き過ぎて淫乱な雰囲気ただよう ドスケベ熟女16時間,RBB-009 高画質 SEXが大好き過ぎて淫乱な雰囲気ただよう ドスケベ熟女16時間,RBB-009,2015-02-15,960分鐘,,ROOKIE,ROOKIE,,成熟的女人、潮吹、合集、花癡、高畫質、DMM獨家,多人,https://www.javbus.com/RBB-009
TYWD-066 淫乱日替わりSEX16時間,TYWD-066 淫乱日替わりSEX16時間,TYWD-066,2015-02-15,960分鐘,,乱丸,乱丸,,合集、淫語、花癡、數位馬賽克、DMM獨家,多人,https://www.javbus.com/TYWD-066
TYOD-253 淫乱団地妻 隣人の他人棒にイキ狂う美人妻 北条麻妃,TYOD-253 淫乱団地妻 隣人の他人棒にイキ狂う美人妻 北条麻妃,TYOD-253,2015-02-15,120分鐘,木下以蔵,乱丸,乱丸,淫乱団地妻,已婚婦女、花癡、數位馬賽克、中出、高畫質、出軌、戲劇、單體作品、DMM獨家,北条麻妃,https://www.javbus.com/TYOD-253
BIJN-057 美人魔女57 まき 38歳,BIJN-057 美人魔女57 まき 38歳,BIJN-057,2015-02-08,129分鐘,,美人魔女,美人魔女,美人魔女,成熟的女人、業餘、纪录片、DMM獨家,北条麻妃,https://www.javbus.com/BIJN-057
MBYD-216 奥さんのボリューミーなお尻8時間,MBYD-216 奥さんのボリューミーなお尻8時間,MBYD-216,2015-02-07,480分鐘,,溜池ゴロー,溜池ゴロー,,成熟的女人、合集、已婚婦女、屁股、DMM獨家,多人,https://www.javbus.com/MBYD-216
MLW-5015 美熟女4時間 どんなチ○ポもタタせます SEXカウンセラー ベスト,MLW-5015 美熟女4時間 どんなチ○ポもタタせます SEXカウンセラー ベスト,MLW-5015,2015-02-02,242分鐘,,MellowMoon,MellowMoon,,蕩婦、成熟的女人、合集、女醫生、花癡、4小時以上作品,多人,https://www.javbus.com/MLW-5015
CADV-508 温泉旅館で起こったエッチなハプニング8時間！！混浴温泉で初めて会った男に性交を懇願！！マッサージ師の指テクでパンツはグチョ濡れ！！深夜の旅館で夜ばいSEX！！宴会場で大乱交！！憧れのAV女優が和室で筆,CADV-508 温泉旅館で起こったエッチなハプニング8時間！！混浴温泉で初めて会った男に性交を懇願！！マッサージ師の指テクでパンツはグチョ濡れ！！深夜の旅館で夜ばいSEX！！宴会場で大乱交！！憧れのAV女優が和室で筆,CADV-508,2015-02-01,478分鐘,,クリスタル映像,CRYSTALEX,,成熟的女人、女大學生、合集、已婚婦女、4小時以上作品、巨乳,多人,https://www.javbus.com/CADV-508
VAGU-113 S級ママたちとのやらしい生活 10人4時間 2,VAGU-113 S級ママたちとのやらしい生活 10人4時間 2,VAGU-113,2015-02-01,240分鐘,,VENUS,ULTIMA,○○ママとのやらしい生活,成熟的女人、合集、亂倫、已婚婦女、4小時以上作品、主觀視角、DMM獨家,多人,https://www.javbus.com/VAGU-113
AXBC-012 淫熟フェロモン交尾 Vol.2 北条麻妃,AXBC-012 淫熟フェロモン交尾 Vol.2 北条麻妃,AXBC-012,2015-01-30,121分鐘,,ジャネス,艶女,淫熟フェロモン交尾,蕩婦、成熟的女人、口交、花癡、女上位、單體作品、打手槍,北条麻妃,https://www.javbus.com/AXBC-012
DMBA-167 激☆足コキ 美脚でM男汁の生搾り 2,DMBA-167 激☆足コキ 美脚でM男汁の生搾り 2,DMBA-167,2015-01-30,141分鐘,,ジャネス,MAZOBOYSCLUB,激☆足コキ美脚でM男汁の生搾り,成熟的女人、連褲襪、姐姐、戀腿癖、美少女、足交,多人,https://www.javbus.com/DMBA-167
DMBM-005 ボンデージの虜 M男調教QUEEN DX 4時間 Vol.3,DMBM-005 ボンデージの虜 M男調教QUEEN DX 4時間 Vol.3,DMBM-005,2015-01-30,242分鐘,,ジャネス,MBCプラチナム,ボンデージの虜,成熟的女人、SM、合集、姐姐、4小時以上作品、緊縛、打手槍,多人,https://www.javbus.com/DMBM-005
ZKRA-026 美人妻のレイプ願望 4 奥さんが豊満なエロエロボディでフェロモンをまき散らすものだからムラムラして勃起してしまった俺。いきなりギンギンに勃起したチ○ポを見せつけて、溜まった濃厚なザーメンをぶちまけてや,ZKRA-026 美人妻のレイプ願望 4 奥さんが豊満なエロエロボディでフェロモンをまき散らすものだからムラムラして勃起してしまった俺。いきなりギンギンに勃起したチ○ポを見せつけて、溜まった濃厚なザーメンをぶちまけてや,ZKRA-026,2015-01-27,131分鐘,狂四郎,マニアゼロ,ざくろ,美人妻のレイプ願望,成熟的女人、強姦、已婚婦女、高畫質、單體作品,多人,https://www.javbus.com/ZKRA-026
ASFB-125 甘い接吻と濃厚なSEX 激しくキスを求め合いお互いの肉体を貪り尽くす男と女,ASFB-125 甘い接吻と濃厚なSEX 激しくキスを求め合いお互いの肉体を貪り尽くす男と女,ASFB-125,2015-01-26,240分鐘,,FetishBox/妄想族,FetishBox/妄想族,,蕩婦、其他戀物癖、4小時以上作品、DMM獨家,多人,https://www.javbus.com/ASFB-125
ASFB-123 淫語フェラBEST Vol.4,ASFB-123 淫語フェラBEST Vol.4,ASFB-123,2015-01-26,240分鐘,,FetishBox/妄想族,FetishBox/妄想族,淫語フェラBEST,口交、其他戀物癖、淫語、DMM獨家,多人,https://www.javbus.com/ASFB-123
NATR-438 嫁と姑 誰にも言えない禁断な関係 2 北条麻妃 友田彩也香,NATR-438 嫁と姑 誰にも言えない禁断な関係 2 北条麻妃 友田彩也香,NATR-438,2015-01-23,131分鐘,GA-SU,なでしこ,Nadeshiko,嫁と姑誰にも言えない禁断な関係,玩具、女同性戀、新娘、年輕妻子、女同接吻、高畫質,多人,https://www.javbus.com/NATR-438
GYAZ-125 未体験快楽ゾーン 男の潮吹きオーガズム 2,GYAZ-125 未体験快楽ゾーン 男の潮吹きオーガズム 2,GYAZ-125,2015-01-20,141分鐘,,ジャネス,MANIAPlay,未体験快楽ゾーン男の潮吹きオーガズム,成熟的女人、連褲襪、姐姐、眼鏡、打手槍,多人,https://www.javbus.com/GYAZ-125
DMBJ-054 甘い躾 M男の理想的エロス Vol.2 北条麻妃,DMBJ-054 甘い躾 M男の理想的エロス Vol.2 北条麻妃,DMBJ-054,2015-01-20,112分鐘,,ジャネス,MBCプラチナム,甘い躾M男の理想的エロス,口交、姐姐、足交、高畫質、顏面騎乘、單體作品、打手槍,北条麻妃,https://www.javbus.com/DMBJ-054
EMMJ-012 没落セレブ妻 恥辱のセックス講習,EMMJ-012 没落セレブ妻 恥辱のセックス講習,EMMJ-012,2015-01-19,240分鐘,,MANJIRO/エマニエル,MANJIRO,,妓女、已婚婦女、性奴、中出、巨乳、DMM獨家,多人,https://www.javbus.com/EMMJ-012
RBB-005 誰にも言えず、誰にも知られたくない。禁断 近親相姦16時間,RBB-005 誰にも言えず、誰にも知られたくない。禁断 近親相姦16時間,RBB-005,2015-01-19,960分鐘,,ROOKIE,ROOKIE,,母親、亂倫、姐妹、DMM獨家,多人,https://www.javbus.com/RBB-005
ASFB-121 ハメ狂い濡れマ○コ ドスケベな女たちが一心不乱にイキまくる絶頂SEX,ASFB-121 ハメ狂い濡れマ○コ ドスケベな女たちが一心不乱にイキまくる絶頂SEX,ASFB-121,2015-01-18,240分鐘,,FetishBox/妄想族,FetishBox/妄想族,,蕩婦、其他戀物癖、花癡、DMM獨家,多人,https://www.javbus.com/ASFB-121
SWAC-015 女教師スペシャル 30人4時間,SWAC-015 女教師スペシャル 30人4時間,SWAC-015,2015-01-18,240分鐘,,湘南/妄想族,湘南/妄想族,,蕩婦、強姦、女教師、輪姦、4小時以上作品、DMM獨家,多人,https://www.javbus.com/SWAC-015
ASFB-120 ワイセツな美脚で抜かれたい 4時間,ASFB-120 ワイセツな美脚で抜かれたい 4時間,ASFB-120,2015-01-18,240分鐘,,FetishBox/妄想族,FetishBox/妄想族,,其他戀物癖、合集、屁股、戀腿癖、DMM獨家,多人,https://www.javbus.com/ASFB-120
ASFB-122 これぞドライオーガズムの頂点 男の潮吹き4 4時間スペシャル,ASFB-122 これぞドライオーガズムの頂点 男の潮吹き4 4時間スペシャル,ASFB-122,2015-01-18,240分鐘,,FetishBox/妄想族,FetishBox/妄想族,これぞドライオーガズムの頂点男の潮吹き,蕩婦、其他戀物癖、潮吹、DMM獨家,多人,https://www.javbus.com/ASFB-122
CADV-506 本当にあったエッチな体験8時間 突然やってきたAV女優と自宅でSEX30連発！！,CADV-506 本当にあったエッチな体験8時間 突然やってきたAV女優と自宅でSEX30連発！！,CADV-506,2015-01-16,485分鐘,,クリスタル映像,CRYSTALEX,,成熟的女人、女大學生、已婚婦女、4小時以上作品、高中女生、巨乳,多人,https://www.javbus.com/CADV-506
MBYD-215 毎夜違う人妻さんでヌける！！31人の日替わり性交12時間,MBYD-215 毎夜違う人妻さんでヌける！！31人の日替わり性交12時間,MBYD-215,2015-01-10,720分鐘,,溜池ゴロー,溜池ゴロー,,成熟的女人、合集、已婚婦女、新娘、年輕妻子、巨乳、DMM獨家,多人,https://www.javbus.com/MBYD-215
HUNT-951 「え！？ 私で興奮してくれてるの？」息子の友達が私にまさかの発情！結婚してからすっかり異性の目を気にしなくなってしまった私…。普段から無防備、無警戒！,HUNT-951 「え！？ 私で興奮してくれてるの？」息子の友達が私にまさかの発情！結婚してからすっかり異性の目を気にしなくなってしまった私…。普段から無防備、無警戒！,HUNT-951,2015-01-08,240分鐘,ボルボ中野,Hunter,Hunter（ソフトオンデマンド）,,企畫、成熟的女人、4小時以上作品、高畫質、巨乳,多人,https://www.javbus.com/HUNT-951
VERO-041 剛毛ママ 20人4時間,VERO-041 剛毛ママ 20人4時間,VERO-041,2015-01-07,240分鐘,,VENUS,女神（ヴィーナス）,,成熟的女人、已婚婦女、4小時以上作品、DMM獨家,多人,https://www.javbus.com/VERO-041
ATKD-230 厳選、美女凌辱2 いい女は犯しても美しい 選りすぐり美女16人480分,ATKD-230 厳選、美女凌辱2 いい女は犯しても美しい 選りすぐり美女16人480分,ATKD-230,2014-12-27,480分鐘,,アタッカーズ,AttackersBEST,厳選美女凌辱,女教師、女檢察官、凌辱、DMM獨家,多人,https://www.javbus.com/ATKD-230
NATR-432 淫語で誘う妄想マダム ～寸止め生殺し痴女の日常生活～ 4 人目も気にせず僕のチ●コを狙ってくる美人でスケベな人妻のパンチラ挑発に思わず精子をぶちまける！ 北条麻妃,NATR-432 淫語で誘う妄想マダム ～寸止め生殺し痴女の日常生活～ 4 人目も気にせず僕のチ●コを狙ってくる美人でスケベな人妻のパンチラ挑発に思わず精子をぶちまける！ 北条麻妃,NATR-432,2014-12-26,139分鐘,GA-SU,なでしこ,Nadeshiko,淫語で誘う妄想マダム～寸止め生殺し痴女の日常生活～,成熟的女人、口交、女上位、高畫質、戲劇、單體作品、自慰、打手槍,北条麻妃,https://www.javbus.com/NATR-432
KUSR-004 人間フォンデュタワー 2,KUSR-004 人間フォンデュタワー 2,KUSR-004,2014-12-25,120分鐘,菊の助,ビッグモーカル,九龍（ビッグモーカル）,人間フォンデュタワー,成熟的女人、口交、其他戀物癖、高畫質,多人,https://www.javbus.com/KUSR-004
YLW-4249 親友を誘惑する肉食母さん 2,YLW-4249 親友を誘惑する肉食母さん 2,YLW-4249,2014-12-22,238分鐘,,MellowMoon,YellowMoon,親友を誘惑する肉食母さん,蕩婦、企畫、成熟的女人,多人,https://www.javbus.com/YLW-4249
ATFB-240 見つめられながらの上品な卑猥語 北条麻妃,ATFB-240 見つめられながらの上品な卑猥語 北条麻妃,ATFB-240,2014-12-12,120分鐘,,FetishBox/妄想族,FetishBox/妄想族,見つめられながらの上品な卑猥語,蕩婦、其他戀物癖、淫語、單體作品、DMM獨家,北条麻妃,https://www.javbus.com/ATFB-240
LZBS-002 レズれ！はじめての年間ベスト 女と女の本気イキ総集編 8時間SP,LZBS-002 レズれ！はじめての年間ベスト 女と女の本気イキ総集編 8時間SP,LZBS-002,2014-12-12,480分鐘,,レズれ！,レズれ！ベスト,,女同性戀、合集、69、舔陰、4小時以上作品、女同接吻、DMM獨家,多人,https://www.javbus.com/LZBS-002
OKSN-220 お母さんが初めての女になってあげる 北条麻妃,OKSN-220 お母さんが初めての女になってあげる 北条麻妃,OKSN-220,2014-12-12,119分鐘,,ABC/妄想族,お母さん.com/ABC,お母さんが初めての女になってあげる,成熟的女人、亂倫、已婚婦女、數位馬賽克、DVD多士爐、高畫質、單體作品、DMM獨家、打手槍,北条麻妃,https://www.javbus.com/OKSN-220
DKTM-025 背徳サラリーマン婦人上下関係スワッピング 僕の女房を抱かせてやるから、お前のカミさんをヤラせてくれ。 北条麻妃 加藤ツバキ,DKTM-025 背徳サラリーマン婦人上下関係スワッピング 僕の女房を抱かせてやるから、お前のカミさんをヤラせてくれ。 北条麻妃 加藤ツバキ,DKTM-025,2014-12-12,200分鐘,桜大和,タカラ映像,タカラ映像,,成熟的女人、濫交、已婚婦女、高畫質、DMM專屬、DMM獨家,多人,https://www.javbus.com/DKTM-025
TYWD-063 クンニ絶頂トランス117連発,TYWD-063 クンニ絶頂トランス117連発,TYWD-063,2014-12-11,240分鐘,,乱丸,乱丸,,蕩婦、合集、花癡、舔陰、DMM獨家,多人,https://www.javbus.com/TYWD-063
HUNT-936 小汚いワンルーム住まいの僕だけど、掃除専門のお手伝いさんを雇ったら最もスケベな年代の30代半ばの人妻ばかりがやって来た。,HUNT-936 小汚いワンルーム住まいの僕だけど、掃除専門のお手伝いさんを雇ったら最もスケベな年代の30代半ばの人妻ばかりがやって来た。,HUNT-936,2014-12-06,243分鐘,川尻,Hunter,Hunter（ソフトオンデマンド）,小汚いワンルーム住まいの僕だけど,企畫、成熟的女人、已婚婦女、高畫質,多人,https://www.javbus.com/HUNT-936
CYAU-004 絶対にしてはいけない人を（レズる）犯る 4 本当はダメだとわかっていてもレズりたい！「もうやめて…」と拒むノンケ女はねちっこい「舌」とイヤラシイ「指」で弄られさらにオマ○コをグチョグチョにしイキ狂う！,CYAU-004 絶対にしてはいけない人を（レズる）犯る 4 本当はダメだとわかっていてもレズりたい！「もうやめて…」と拒むノンケ女はねちっこい「舌」とイヤラシイ「指」で弄られさらにオマ○コをグチョグチョにしイキ狂う！,CYAU-004,2014-12-05,125分鐘,TANAKA,ジャネス,ladies,絶対にしてはいけない人を（レズる）犯る,女同性戀、女教師、舔陰、女同接吻、高畫質、高中女生,多人,https://www.javbus.com/CYAU-004
CADV-498 NON STOP FUCKING！！美女100人の100連続FUCK8時間,CADV-498 NON STOP FUCKING！！美女100人の100連続FUCK8時間,CADV-498,2014-12-01,479分鐘,,クリスタル映像,CRYSTALEX,,成熟的女人、家教、妓女、已婚婦女、多P、4小時以上作品、高中女生、學校泳裝,多人,https://www.javbus.com/CADV-498
ASFB-116 暴発モード突入 射精は急には止まらない 玩ばれるギン勃ちチ○ポ 4時間,ASFB-116 暴発モード突入 射精は急には止まらない 玩ばれるギン勃ちチ○ポ 4時間,ASFB-116,2014-11-30,240分鐘,,FetishBox/妄想族,FetishBox/妄想族,,蕩婦、其他戀物癖、合集、DMM獨家,多人,https://www.javbus.com/ASFB-116
ASFB-115 狂おしいほどオナニーしたい 7,ASFB-115 狂おしいほどオナニーしたい 7,ASFB-115,2014-11-30,240分鐘,,FetishBox/妄想族,FetishBox/妄想族,狂おしいほどオナニーしたい,其他戀物癖、合集、DMM獨家、自慰,多人,https://www.javbus.com/ASFB-115
NASS-174 接吻情事 接吻映像の巨匠 藤元ジョージ厳選コレクション 至高の接吻セックス映像！,NASS-174 接吻情事 接吻映像の巨匠 藤元ジョージ厳選コレクション 至高の接吻セックス映像！,NASS-174,2014-11-28,138分鐘,藤元ジョージ,なでしこ,Nadeshiko,接吻情事,企畫、成熟的女人、合集、各種職業、已婚婦女、通姦,多人,https://www.javbus.com/NASS-174
BS-027 北条麻妃さんのMペットになりたい！,BS-027 北条麻妃さんのMペットになりたい！,BS-027,2014-11-23,119分鐘,ラッシャーみよし,RASH,ビザールスタイル,○○さんのMペットになりたい！,成熟的女人、SM、性奴、單體作品,北条麻妃,https://www.javbus.com/BS-027
EMBZ-072 熟女の匂い立つ足裏 艶熟フェチ画報,EMBZ-072 熟女の匂い立つ足裏 艶熟フェチ画報,EMBZ-072,2014-11-16,135分鐘,,熟女塾/エマニエル,熟女塾,,成熟的女人、其他戀物癖、已婚婦女、足交、DMM獨家,多人,https://www.javbus.com/EMBZ-072
EMMJ-008 子宮の疼きがガマンできずに他人棒でヨガリ狂う美人妻たち,EMMJ-008 子宮の疼きがガマンできずに他人棒でヨガリ狂う美人妻たち,EMMJ-008,2014-11-16,240分鐘,,MANJIRO/エマニエル,MANJIRO,,成熟的女人、已婚婦女、巨乳、DMM獨家、打手槍,多人,https://www.javbus.com/EMMJ-008
ASFB-113 美脚パンストマニアックス 極上の悩殺ストッキング 4時間,ASFB-113 美脚パンストマニアックス 極上の悩殺ストッキング 4時間,ASFB-113,2014-11-16,240分鐘,,FetishBox/妄想族,FetishBox/妄想族,,合集、連褲襪、屁股、戀腿癖、DMM獨家,多人,https://www.javbus.com/ASFB-113
EMEN-020 狙われた美人妻！鬼畜セールスマンに襲われ犯れ肉便器と化す 北条麻紀,EMEN-020 狙われた美人妻！鬼畜セールスマンに襲われ犯れ肉便器と化す 北条麻紀,EMEN-020,2014-11-16,120分鐘,小野元和輝,艶熟/エマニエル,艶熟/エマニエル,,成熟的女人、強姦、已婚婦女、DMM獨家,多人,https://www.javbus.com/EMEN-020
ASFB-112 淫語手コキで脳内快楽中枢を刺激せよ！ 4時間SP,ASFB-112 淫語手コキで脳内快楽中枢を刺激せよ！ 4時間SP,ASFB-112,2014-11-16,240分鐘,,FetishBox/妄想族,FetishBox/妄想族,,其他戀物癖、淫語、DMM獨家、打手槍,多人,https://www.javbus.com/ASFB-112
HYAZ-075 華麗なるパンストオナニー 3,HYAZ-075 華麗なるパンストオナニー 3,HYAZ-075,2014-11-15,141分鐘,,ジャネス,Fetishパンスト,華麗なるパンストオナニー,連褲襪、姐姐、女優按摩棒、自慰,多人,https://www.javbus.com/HYAZ-075
TYWD-060 ガツガツ腰振りトランス騎乗位,TYWD-060 ガツガツ腰振りトランス騎乗位,TYWD-060,2014-11-15,240分鐘,,乱丸,乱丸,,蕩婦、合集、淫語、花癡、女上位、DMM獨家,多人,https://www.javbus.com/TYWD-060
RKI-381 複数の男たちで顔もカラダも精子で汚しまくる！ぶっかけ輪姦BEST 16時間,RKI-381 複数の男たちで顔もカラダも精子で汚しまくる！ぶっかけ輪姦BEST 16時間,RKI-381,2014-11-15,960分鐘,,ROOKIE,ROOKIE,,多P、輪姦、凌辱、DMM獨家、顏射,多人,https://www.javbus.com/RKI-381
TORG-006 罪と罰 ～完全版～ 北条麻妃 川上ゆう,TORG-006 罪と罰 ～完全版～ 北条麻妃 川上ゆう,TORG-006,2014-11-14,230分鐘,貞邪我,オルガ,ORGA,罪と罰（オルガ）,成熟的女人、妓女、已婚婦女、多P、4小時以上作品、高畫質、戲劇,多人,https://www.javbus.com/TORG-006
HTMS-056 ヘンリー塚本のセックスのすすめ 挿入篇,HTMS-056 ヘンリー塚本のセックスのすすめ 挿入篇,HTMS-056,2014-11-09,117分鐘,ヘンリー塚本,FAプロ,FAプロ,ヘンリー塚本,成熟的女人、已婚婦女、姐姐、戲劇、故事集、DMM獨家,多人,https://www.javbus.com/HTMS-056
MBYD-208 輪姦される人妻8時間,MBYD-208 輪姦される人妻8時間,MBYD-208,2014-11-08,480分鐘,,溜池ゴロー,溜池ゴロー,,強姦、合集、已婚婦女、輪姦、凌辱、DMM獨家,多人,https://www.javbus.com/MBYD-208
MBYD-209 誘う人妻たち8時間,MBYD-209 誘う人妻たち8時間,MBYD-209,2014-11-08,480分鐘,,溜池ゴロー,溜池ゴロー,,蕩婦、成熟的女人、合集、已婚婦女、新娘、年輕妻子、DMM獨家,多人,https://www.javbus.com/MBYD-209
VAGU-104 麗しのマネキン夫人総集編,VAGU-104 麗しのマネキン夫人総集編,VAGU-104,2014-11-02,240分鐘,,VENUS,ULTIMA,麗しのマネキン夫人,成熟的女人、合集、已婚婦女、4小時以上作品、DMM獨家,多人,https://www.javbus.com/VAGU-104
TSMS-020 ディルドオナニー30人4時間,TSMS-020 ディルドオナニー30人4時間,TSMS-020,2014-10-30,241分鐘,,TMA,シエスタ,,玩具、其他戀物癖、自慰,多人,https://www.javbus.com/TSMS-020
TSMS-005 美人教師の誘惑レッスン 4時間,TSMS-005 美人教師の誘惑レッスン 4時間,TSMS-005,2014-10-30,240分鐘,,TMA,シエスタ,,蕩婦、女教師、4小時以上作品,多人,https://www.javbus.com/TSMS-005
DOPP-014 相互干渉系背徳相姦エロ艶劇 寝取られた上司の嫁 部下の元同僚で過去の恋愛感情を再び蒸し返させる後妻の上司の美人嫁 加藤ツバキ 北条麻妃,DOPP-014 相互干渉系背徳相姦エロ艶劇 寝取られた上司の嫁 部下の元同僚で過去の恋愛感情を再び蒸し返させる後妻の上司の美人嫁 加藤ツバキ 北条麻妃,DOPP-014,2014-10-29,120分鐘,桜大和,タカラ映像,Doppel,相互干渉系背徳相姦エロ艶劇,成熟的女人、已婚婦女、高畫質、出軌、單體作品,多人,https://www.javbus.com/DOPP-014
MDSM-017 ちょっ…、マジやばい。 あたま真っ白、乳首ピンコ勃ち。 そして、同時に（下も）責められたら僕もうダメっ！,MDSM-017 ちょっ…、マジやばい。 あたま真っ白、乳首ピンコ勃ち。 そして、同時に（下も）責められたら僕もうダメっ！,MDSM-017,2014-10-26,239分鐘,,MOTHERSENTERTAINMENTPICTURES,スーパーマザーズ,,蕩婦、合集、凌辱、薄馬賽克、女上位、4小時以上作品、DMM獨家、肛交,多人,https://www.javbus.com/MDSM-017
ATFB-234 鬼抜きリップサービス 肉棒をこよなく愛する美女 北条麻妃,ATFB-234 鬼抜きリップサービス 肉棒をこよなく愛する美女 北条麻妃,ATFB-234,2014-10-26,102分鐘,,FetishBox/妄想族,FetishBox/妄想族,,蕩婦、其他戀物癖、單體作品、DMM獨家,北条麻妃,https://www.javbus.com/ATFB-234
MLW-5010 美熟女オフィス逆セクハラ 社長編 12名 4時間,MLW-5010 美熟女オフィス逆セクハラ 社長編 12名 4時間,MLW-5010,2014-10-25,242分鐘,,MellowMoon,MellowMoon,,蕩婦、成熟的女人、OL、合集、中出,多人,https://www.javbus.com/MLW-5010
MCSR-128 中出し近親相姦 お義父様やめて下さい 義理の父に中出しされる息子の嫁 BEST 4時間,MCSR-128 中出し近親相姦 お義父様やめて下さい 義理の父に中出しされる息子の嫁 BEST 4時間,MCSR-128,2014-10-25,240分鐘,ながふちつよし,ビッグモーカル,マスカット,中出し近親相姦お義父様やめて下さい義理の父に中出しされる息子の嫁,成熟的女人、合集、亂倫、已婚婦女、高畫質、出軌,多人,https://www.javbus.com/MCSR-128
CORE-032 媚薬浣腸エビ反り噴射 北条麻妃,CORE-032 媚薬浣腸エビ反り噴射 北条麻妃,CORE-032,2014-10-25,150分鐘,,CORE,CORE,媚薬浣腸エビ反り噴射,成熟的女人、藥物、灌腸、性奴、中出、高畫質、單體作品、DMM獨家,北条麻妃,https://www.javbus.com/CORE-032
NEO-404 美熟女30人のオナラ,NEO-404 美熟女30人のオナラ,NEO-404,2014-10-20,179分鐘,,レイディックス,neo（パラドックス）,,成熟的女人、女同性戀、濫交、口交、其他戀物癖、自慰,多人,https://www.javbus.com/NEO-404
DOPP-013 相互干渉系背徳相姦エロ艶劇 寝取られた部下の嫁 上司の前妻に見紛う程に瓜二つで性欲を強烈に煽動させる部下の美人嫁 北条麻妃 加藤ツバキ,DOPP-013 相互干渉系背徳相姦エロ艶劇 寝取られた部下の嫁 上司の前妻に見紛う程に瓜二つで性欲を強烈に煽動させる部下の美人嫁 北条麻妃 加藤ツバキ,DOPP-013,2014-10-16,120分鐘,桜大和,タカラ映像,Doppel,相互干渉系背徳相姦エロ艶劇,成熟的女人、已婚婦女、高畫質、出軌、單體作品,多人,https://www.javbus.com/DOPP-013
DMBJ-047 淫乱Sexyナースの痴療 北条麻妃,DMBJ-047 淫乱Sexyナースの痴療 北条麻妃,DMBJ-047,2014-10-15,102分鐘,,ジャネス,MBCプラチナム,,护士、連褲襪、單體作品、打手槍,北条麻妃,https://www.javbus.com/DMBJ-047
ASFB-106 淫語フェラBEST Vol.3,ASFB-106 淫語フェラBEST Vol.3,ASFB-106,2014-10-13,240分鐘,,FetishBox/妄想族,FetishBox/妄想族,淫語フェラBEST,口交、其他戀物癖、合集、淫語、DMM獨家,多人,https://www.javbus.com/ASFB-106
RKI-371 凌辱と鬼畜の凶気姦獄 16時間,RKI-371 凌辱と鬼畜の凶気姦獄 16時間,RKI-371,2014-10-12,960分鐘,,ROOKIE,ROOKIE,,合集、花癡、性奴、DMM獨家,多人,https://www.javbus.com/RKI-371
FAX-515 レズビアンポルノ ネコとタチ ムショ帰りのタチが辿る愛の地獄,FAX-515 レズビアンポルノ ネコとタチ ムショ帰りのタチが辿る愛の地獄,FAX-515,2014-10-10,113分鐘,ヘンリー塚本,FAプロ・プラチナ,FAプロ,ネコとタチ（FAプロ）,成熟的女人、女同性戀、已婚婦女、戲劇、故事集、DMM獨家,多人,https://www.javbus.com/FAX-515
MBYD-205 生涯を夫だけと誓った妻の完堕ち自我崩壊SEX,MBYD-205 生涯を夫だけと誓った妻の完堕ち自我崩壊SEX,MBYD-205,2014-10-09,480分鐘,,溜池ゴロー,溜池ゴロー,,成熟的女人、合集、已婚婦女、凌辱、出軌、DMM獨家,多人,https://www.javbus.com/MBYD-205
BOBO-005 ノンストップレイプ！ 北条麻妃を時間の限り犯りまくる！,BOBO-005 ノンストップレイプ！ 北条麻妃を時間の限り犯りまくる！,BOBO-005,2014-10-09,103分鐘,タカダナルヒコ,センタービレッジ,椿（センタービレッジ）,,成熟的女人、強姦、紧缚、已婚婦女、多P、單體作品,北条麻妃,https://www.javbus.com/BOBO-005
DJSG-113 悩殺アクメ淫語オナニー vol.4,DJSG-113 悩殺アクメ淫語オナニー vol.4,DJSG-113,2014-10-05,142分鐘,,ジャネス,MANIA痴女,悩殺アクメ淫語オナニー,蕩婦、成熟的女人、淫語、自慰,多人,https://www.javbus.com/DJSG-113
ATKD-225 ATTACKERS PRESENTS 籠城 全編ノーカット完全版,ATKD-225 ATTACKERS PRESENTS 籠城 全編ノーカット完全版,ATKD-225,2014-10-04,530分鐘,高原寿,アタッカーズ,AttackersBEST,籠城,护士、強姦、監禁、DMM獨家,多人,https://www.javbus.com/ATKD-225
ANX-045 催眠中毒 セキュリティーウーマン 麻妃,ANX-045 催眠中毒 セキュリティーウーマン 麻妃,ANX-045,2014-09-28,117分鐘,,催眠研究所別館,催眠隷女（催眠研究所別館）,催眠中毒,成熟的女人、各種職業、性奴、中出、催眠、高畫質、單體作品、DMM獨家,北条麻妃,https://www.javbus.com/ANX-045
MDBS-016 狂乱幻獄Men‘s アナル・オーガズムのすべて 狙われた僕のケツマ○コ,MDBS-016 狂乱幻獄Men‘s アナル・オーガズムのすべて 狙われた僕のケツマ○コ,MDBS-016,2014-09-28,239分鐘,,MOTHERSENTERTAINMENTPICTURES,スーパーマザーズ,,蕩婦、其他戀物癖、合集、凌辱、薄馬賽克、4小時以上作品、DMM獨家、肛交,多人,https://www.javbus.com/MDBS-016
ASFB-105 淫語オナニー中毒 3 4時間,ASFB-105 淫語オナニー中毒 3 4時間,ASFB-105,2014-09-28,241分鐘,,FetishBox/妄想族,FetishBox/妄想族,淫語オナニー中毒,合集、淫語、DMM獨家、自慰,多人,https://www.javbus.com/ASFB-105
MLW-5009 美熟女ベスト 北条麻妃4時間,MLW-5009 美熟女ベスト 北条麻妃4時間,MLW-5009,2014-09-25,242分鐘,,MellowMoon,MellowMoon,美熟女ベスト,蕩婦、成熟的女人、合集、單體作品,北条麻妃,https://www.javbus.com/MLW-5009
YLW-4230 センズリ鑑賞4時間！久しぶりに生臭い生チンポを見せられて発情せずにはいられず、エロモード全開になる人妻たち 発射14発！,YLW-4230 センズリ鑑賞4時間！久しぶりに生臭い生チンポを見せられて発情せずにはいられず、エロモード全開になる人妻たち 発射14発！,YLW-4230,2014-09-25,240分鐘,,MellowMoon,YellowMoon,,企畫、成熟的女人、已婚婦女、顏射,多人,https://www.javbus.com/YLW-4230
JUSD-582 丸ごと！北条麻妃8時間（JUSD-582）,JUSD-582 丸ごと！北条麻妃8時間（JUSD-582）,JUSD-582,2014-09-20,479分鐘,,マドンナ,Madonna,丸ごと！○○8時間,成熟的女人、SM、合集、無毛、數位馬賽克、單體作品、DMM獨家、黑人演員,北条麻妃,https://www.javbus.com/JUSD-582
DJSK-047 絶技！病みつき回春エステ 3 北条麻妃,DJSK-047 絶技！病みつき回春エステ 3 北条麻妃,DJSK-047,2014-09-15,110分鐘,,ジャネス,MANIA痴女,絶技！病みつき回春エステ,花癡、中出、美容院、單體作品,北条麻妃,https://www.javbus.com/DJSK-047
ASFB-103 寸止め焦らしで大暴発スペシャル VOL.5,ASFB-103 寸止め焦らしで大暴発スペシャル VOL.5,ASFB-103,2014-09-14,241分鐘,,FetishBox/妄想族,FetishBox/妄想族,寸止め焦らしで大暴発スペシャル,蕩婦、其他戀物癖、DMM獨家、打手槍,多人,https://www.javbus.com/ASFB-103
TYWD-058 女が「イクッ！」3分前160コーナー8時間,TYWD-058 女が「イクッ！」3分前160コーナー8時間,TYWD-058,2014-09-13,479分鐘,,乱丸,乱丸,,蕩婦、潮吹、合集、花癡、DMM獨家,多人,https://www.javbus.com/TYWD-058
TORG-001 愛の漂流者～本当にあったワタシの性自伝 北条麻妃～,TORG-001 愛の漂流者～本当にあったワタシの性自伝 北条麻妃～,TORG-001,2014-09-12,109分鐘,貞邪我,オルガ,ORGA,,成熟的女人、高畫質、戲劇、單體作品,北条麻妃,https://www.javbus.com/TORG-001
SILK-021 Melty touch,SILK-021 Melty touch,SILK-021,2014-09-12,118分鐘,,SILKLABO,SILKLABO,,美容院、高畫質、給女性觀眾,多人,https://www.javbus.com/SILK-021
AWTB-006 淫語中出しソープ Best Collection 6,AWTB-006 淫語中出しソープ Best Collection 6,AWTB-006,2014-09-08,240分鐘,渡辺琢斗,AVScollector’s,AVS,淫語中出しソープ,合集、妓女、淫語、中出、4小時以上作品、DMM獨家,多人,https://www.javbus.com/AWTB-006
MBYD-203 溜池ゴロー2014年上半期総集編全53タイトル8時間,MBYD-203 溜池ゴロー2014年上半期総集編全53タイトル8時間,MBYD-203,2014-09-07,479分鐘,,溜池ゴロー,溜池ゴロー,溜池ゴロー○年○半期,成熟的女人、合集、新娘、年輕妻子、出軌、巨乳、DMM獨家,多人,https://www.javbus.com/MBYD-203
MBYD-201 スレンダー美人妻8時間,MBYD-201 スレンダー美人妻8時間,MBYD-201,2014-09-07,479分鐘,,溜池ゴロー,溜池ゴロー,,成熟的女人、苗條、合集、已婚婦女、戲劇、DMM獨家,多人,https://www.javbus.com/MBYD-201
DMBA-164 ボンデージQUEENのM男アナル躾,DMBA-164 ボンデージQUEENのM男アナル躾,DMBA-164,2014-09-05,141分鐘,,ジャネス,MAZOBOYSCLUB,,玩具、SM、性奴、緊縛、肛交、打手槍,多人,https://www.javbus.com/DMBA-164
CADV-482 クリスタルソープへようこそ◆ ～最高に気持ちのいい8時間～,CADV-482 クリスタルソープへようこそ◆ ～最高に気持ちのいい8時間～,CADV-482,2014-09-01,479分鐘,,クリスタル映像,CRYSTALEX,,無毛、妓女、乳液、4小時以上作品、巨乳,多人,https://www.javbus.com/CADV-482
CADV-483 BEST OF 熟女の営むエステサロン 大悶絶8時間,CADV-483 BEST OF 熟女の営むエステサロン 大悶絶8時間,CADV-483,2014-09-01,484分鐘,,クリスタル映像,CRYSTALEX,熟女の営むエステサロン,成熟的女人、多P、4小時以上作品、美容院、顏面騎乘、打手槍,多人,https://www.javbus.com/CADV-483
EMBZ-065 犯されて… ストーカーに捕らわれたスナックの美人ママ 北条麻妃,EMBZ-065 犯されて… ストーカーに捕らわれたスナックの美人ママ 北条麻妃,EMBZ-065,2014-08-29,129分鐘,熟島竜平,熟女塾/エマニエル,熟女塾,,成熟的女人、強姦、凌辱、單體作品、DMM獨家,北条麻妃,https://www.javbus.com/EMBZ-065
ATFB-224 誘惑パンスト美痴女 北条麻妃,ATFB-224 誘惑パンスト美痴女 北条麻妃,ATFB-224,2014-08-29,102分鐘,,FetishBox/妄想族,FetishBox/妄想族,誘惑パンスト美痴女,蕩婦、連褲襪、單體作品、DMM獨家,北条麻妃,https://www.javbus.com/ATFB-224
MLW-5006 人気熟女 濃厚誘惑SEX4時間,MLW-5006 人気熟女 濃厚誘惑SEX4時間,MLW-5006,2014-08-25,242分鐘,,MellowMoon,MellowMoon,,蕩婦、成熟的女人、合集,多人,https://www.javbus.com/MLW-5006
MLW-2079 会員制 癒し系 美熟女パブ 北条麻妃,MLW-2079 会員制 癒し系 美熟女パブ 北条麻妃,MLW-2079,2014-08-25,108分鐘,アイスマン落合,MellowMoon,MellowMoon,会員制癒し系美熟女パブ,蕩婦、成熟的女人、妓女、單體作品、自慰,北条麻妃,https://www.javbus.com/MLW-2079
TSH-007 見せつけ、クネる、悶える、欲しがる、美脚オナニスト 2,TSH-007 見せつけ、クネる、悶える、欲しがる、美脚オナニスト 2,TSH-007,2014-08-22,135分鐘,渡辺琢斗,AVScollector’s,琢斗,美脚オナニスト,其他戀物癖、連褲襪、戀腿癖、緊身衣、高畫質、DMM獨家、自慰,多人,https://www.javbus.com/TSH-007
NATR-407 元気すぎるお爺ちゃん…老いて益々旺ん！美人家庭奉仕員（ホームヘルパー）とやる！,NATR-407 元気すぎるお爺ちゃん…老いて益々旺ん！美人家庭奉仕員（ホームヘルパー）とやる！,NATR-407,2014-08-22,141分鐘,藤元ジョージ,なでしこ,Nadeshiko,,成熟的女人、各種職業、女醫生、戲劇,多人,https://www.javbus.com/NATR-407
JUX-404 息子を誘惑する日焼け母 北条麻妃,JUX-404 息子を誘惑する日焼け母 北条麻妃,JUX-404,2014-08-21,119分鐘,豆沢豆太郎,マドンナ,Madonna,息子を誘惑する日焼け母,蕩婦、成熟的女人、母親、亂倫、屁股、數位馬賽克、DVD多士爐、高畫質、單體作品、DMM獨家,北条麻妃,https://www.javbus.com/JUX-404
SWAC-002 M男の為の亀頭＆尿道責め 4時間,SWAC-002 M男の為の亀頭＆尿道責め 4時間,SWAC-002,2014-08-15,239分鐘,,湘南/妄想族,湘南/妄想族,,其他戀物癖、4小時以上作品、DMM獨家,多人,https://www.javbus.com/SWAC-002
DJSG-109 キレイなお姉さんの淫語手コキ,DJSG-109 キレイなお姉さんの淫語手コキ,DJSG-109,2014-08-15,141分鐘,,ジャネス,MANIA痴女,,蕩婦、淫語、姐姐、打手槍,多人,https://www.javbus.com/DJSG-109
ORG-027 時代官能物語～懐かしの昭和に彩られた至高のオルガズム全集～,ORG-027 時代官能物語～懐かしの昭和に彩られた至高のオルガズム全集～,ORG-027,2014-08-14,242分鐘,貞邪我,オルガ,ORGA,,成熟的女人、合集、已婚婦女、戲劇,多人,https://www.javbus.com/ORG-027
RKI-362 おじいちゃんとSEX16時間,RKI-362 おじいちゃんとSEX16時間,RKI-362,2014-08-14,958分鐘,,ROOKIE,ROOKIE,,合集、花癡、輪姦、出軌、戲劇、DMM獨家,多人,https://www.javbus.com/RKI-362
MIBD-843 働くお姉さんの日替わりパンスト誘惑SEX31本番！！,MIBD-843 働くお姉さんの日替わりパンスト誘惑SEX31本番！！,MIBD-843,2014-08-13,239分鐘,,ムーディーズ,MOODYZBest,,蕩婦、合集、連褲襪、姐姐、戀腿癖、數位馬賽克、DMM獨家,多人,https://www.javbus.com/MIBD-843
HTMS-050 ネコとタチ あわびとはまぐり,HTMS-050 ネコとタチ あわびとはまぐり,HTMS-050,2014-08-10,99分鐘,ヘンリー塚本,FAプロ・プラチナ,ヘンリー塚本マニアック,ネコとタチ（FAプロ）,成熟的女人、女同性戀、已婚婦女、高畫質、戲劇、高中女生、DMM獨家,多人,https://www.javbus.com/HTMS-050
MBYD-199 美人妻レ×プ,MBYD-199 美人妻レ×プ,MBYD-199,2014-08-09,478分鐘,,溜池ゴロー,溜池ゴロー,,成熟的女人、強姦、合集、已婚婦女、數位馬賽克、凌辱、DMM獨家,多人,https://www.javbus.com/MBYD-199
REAL-518 REALのイカセ・フェラ・オナニー・ハードSEXまで全て見せます 100人8時間BEST,REAL-518 REALのイカセ・フェラ・オナニー・ハードSEXまで全て見せます 100人8時間BEST,REAL-518,2014-08-08,474分鐘,K太郎,レアルワークス,REAL（レアルワークス）,,口交、潮吹、合集、4小時以上作品、自慰,多人,https://www.javbus.com/REAL-518
HYAKU-021 100人8時間 悶え感じる淫らな美熟女たち,HYAKU-021 100人8時間 悶え感じる淫らな美熟女たち,HYAKU-021,2014-08-07,477分鐘,K太郎,ケイ・エム・プロデュース,100人,100人8時間,成熟的女人、合集、已婚婦女、4小時以上作品、巨乳,多人,https://www.javbus.com/HYAKU-021
EMBX-032 麗しの美脚パンストフェチ 御用達 デリヘル妻 北条麻妃,EMBX-032 麗しの美脚パンストフェチ 御用達 デリヘル妻 北条麻妃,EMBX-032,2014-07-27,130分鐘,熟島竜平,LADY★BABA/エマニエル,LADY★BABA,,成熟的女人、連褲襪、已婚婦女、戀腿癖、凌辱、單體作品、DMM獨家,北条麻妃,https://www.javbus.com/EMBX-032
JUFD-388 ミニスカ美脚キャビンアテンダント 魅惑のパンチラエアライン 北条麻妃,JUFD-388 ミニスカ美脚キャビンアテンダント 魅惑のパンチラエアライン 北条麻妃,JUFD-388,2014-07-26,153分鐘,TAKE-D,Fitch,Fitch,,連褲襪、屁股、空中小姐、戀腿癖、數位馬賽克、足交、高畫質、單體作品、DMM獨家,北条麻妃,https://www.javbus.com/JUFD-388
MLW-2078 美脚パンストOL、オフィスで逆セクハラ,MLW-2078 美脚パンストOL、オフィスで逆セクハラ,MLW-2078,2014-07-25,120分鐘,アイスマン落合,MellowMoon,MellowMoon,,成熟的女人、OL、連褲襪、戀腿癖、制服,多人,https://www.javbus.com/MLW-2078
ACEC-006 Shake Body Collection Ver.6,ACEC-006 Shake Body Collection Ver.6,ACEC-006,2014-07-20,242分鐘,渡辺琢斗,AVScollector’s,AVS,ShakeBody,其他戀物癖、合集、連褲襪、緊身衣、4小時以上作品、猥褻穿著、DMM獨家,多人,https://www.javbus.com/ACEC-006
DAZD-060 女を道具のように扱う集団強姦 8時間,DAZD-060 女を道具のように扱う集団強姦 8時間,DAZD-060,2014-07-19,479分鐘,,ダスッ！,ダスッ！,,多P、輪姦、凌辱、4小時以上作品、DMM獨家,多人,https://www.javbus.com/DAZD-060
LZBS-001 レズれ！ 祝 1周年記念 初めてのベスト4時間,LZBS-001 レズれ！ 祝 1周年記念 初めてのベスト4時間,LZBS-001,2014-07-14,240分鐘,,レズれ！,レズれ！ベスト,レズれ！,女同性戀、其他戀物癖、合集、4小時以上作品、手指插入、女同接吻、高畫質、DMM獨家,多人,https://www.javbus.com/LZBS-001
TYWD-055 厳選！淫乱女優24人の感度が高すぎる熱情SEX,TYWD-055 厳選！淫乱女優24人の感度が高すぎる熱情SEX,TYWD-055,2014-07-13,239分鐘,,乱丸,乱丸,,合集、花癡、DMM獨家,多人,https://www.javbus.com/TYWD-055
AUKG-239 熟女ど淫乱レズ痴態 ～鬼才！滝口シルヴィア監督レズ作品集3～,AUKG-239 熟女ど淫乱レズ痴態 ～鬼才！滝口シルヴィア監督レズ作品集3～,AUKG-239,2014-07-11,240分鐘,滝口シルヴィア,U＆K,U＆K,滝口シルヴィア監督レズ作品集,成熟的女人、女同性戀、合集、花癡、女同接吻、DMM獨家,多人,https://www.javbus.com/AUKG-239
HXAK-009 超脚パンストクイーン 9 北条麻妃,HXAK-009 超脚パンストクイーン 9 北条麻妃,HXAK-009,2014-07-05,105分鐘,,ジャネス,Fetishパンスト,超脚パンストクイーン,蕩婦、淫語、連褲襪、戀腿癖、單體作品、打手槍,北条麻妃,https://www.javbus.com/HXAK-009
VEC-111 友人の母親 総集編3,VEC-111 友人の母親 総集編3,VEC-111,2014-06-29,243分鐘,,VENUS,女神（ヴィーナス）,友人の母親,成熟的女人、合集、已婚婦女、4小時以上作品、DMM獨家,多人,https://www.javbus.com/VEC-111
ASFB-094 受身手コキの快楽 痴女たちのチ○ポ遊びSPECIAL 4時間,ASFB-094 受身手コキの快楽 痴女たちのチ○ポ遊びSPECIAL 4時間,ASFB-094,2014-06-29,242分鐘,,FetishBox/妄想族,FetishBox/妄想族,,蕩婦、其他戀物癖、合集、4小時以上作品、DMM獨家、打手槍,多人,https://www.javbus.com/ASFB-094
VAGU-087 近親相姦中出しソープ 初めての熟女風俗、指名したら母ちゃんだった 北条麻妃,VAGU-087 近親相姦中出しソープ 初めての熟女風俗、指名したら母ちゃんだった 北条麻妃,VAGU-087,2014-06-29,84分鐘,ペータ☆,VENUS,ULTIMA,近親相姦中出しソープ,成熟的女人、母親、亂倫、妓女、已婚婦女、中出、單體作品、DMM獨家,北条麻妃,https://www.javbus.com/VAGU-087
DMBJ-037 ボンデージの虜 M男調教QUEEN 北条麻妃,DMBJ-037 ボンデージの虜 M男調教QUEEN 北条麻妃,DMBJ-037,2014-06-25,105分鐘,,ジャネス,MBCプラチナム,ボンデージの虜,成熟的女人、性奴、顏面騎乘、緊縛、單體作品,北条麻妃,https://www.javbus.com/DMBJ-037
SCF-058 北条麻妃プレミアムBOX12時間,SCF-058 北条麻妃プレミアムBOX12時間,SCF-058,2014-06-22,716分鐘,,マルクス兄弟,MARXBrothersco.,○○プレミアムBOX,合集、4小時以上作品、單體作品、DMM獨家,北条麻妃,https://www.javbus.com/SCF-058
DAZD-059 2穴＆輪姦鬼畜中出し！ 8時間,DAZD-059 2穴＆輪姦鬼畜中出し！ 8時間,DAZD-059,2014-06-21,479分鐘,,ダスッ！,ダスッ！,,合集、多P、凌辱、中出、DMM獨家、肛交,多人,https://www.javbus.com/DAZD-059
RCT-622 女性社員だけの宴会に勘違いで呼ばれたピンクコンパニオン,RCT-622 女性社員だけの宴会に勘違いで呼ばれたピンクコンパニオン,RCT-622,2014-06-19,122分鐘,テンプルすわ,ROCKET,ROCKET,,企畫、羞恥、DVD多士爐、高畫質、戲劇、伴侶,多人,https://www.javbus.com/RCT-622
TYWD-054 自我崩壊 トランス自慰,TYWD-054 自我崩壊 トランス自慰,TYWD-054,2014-06-14,240分鐘,,乱丸,乱丸,,潮吹、合集、花癡、4小時以上作品、女優按摩棒、自慰,多人,https://www.javbus.com/TYWD-054
REAL-514 デカちん吸い込む極上のフェラチオ100人8時間,REAL-514 デカちん吸い込む極上のフェラチオ100人8時間,REAL-514,2014-06-13,476分鐘,K太郎,レアルワークス,REAL（レアルワークス）,,口交、合集、4小時以上作品、女生,多人,https://www.javbus.com/REAL-514
AVSP-006 透けるマンコに張り付く陰毛、ノーパンパンスト至福の8時間スペシャル！！,AVSP-006 透けるマンコに張り付く陰毛、ノーパンパンスト至福の8時間スペシャル！！,AVSP-006,2014-06-09,480分鐘,,AVScollector’s,AVS,,合集、連褲襪、戀腿癖、4小時以上作品,多人,https://www.javbus.com/AVSP-006
MDYD-918 夫の親友に犯され感じてしまった私… 北条麻妃,MDYD-918 夫の親友に犯され感じてしまった私… 北条麻妃,MDYD-918,2014-06-08,120分鐘,菅原養史,溜池ゴロー,溜池ゴロー,夫の親友に犯され感じてしまった私…,成熟的女人、已婚婦女、通姦、高畫質、出軌、單體作品,北条麻妃,https://www.javbus.com/MDYD-918
JUSD-562 美熟女の淫尻ぴったりタイトスカートFUCK 8時間,JUSD-562 美熟女の淫尻ぴったりタイトスカートFUCK 8時間,JUSD-562,2014-06-05,480分鐘,,マドンナ,Madonna,,成熟的女人、合集、各種職業、已婚婦女、數位馬賽克、4小時以上作品、迷你裙,多人,https://www.javbus.com/JUSD-562
DIPO-010 どすけべ妻のいやらしいフェラチオ 40連発4時間,DIPO-010 どすけべ妻のいやらしいフェラチオ 40連発4時間,DIPO-010,2014-06-04,240分鐘,,プリモ,エロナンデス,どすけべ妻のいやらしいフェラチオ,成熟的女人、口交、已婚婦女、4小時以上作品,多人,https://www.javbus.com/DIPO-010
VEMA-084 友人の妻はドスケベ家庭教師 北条麻妃,VEMA-084 友人の妻はドスケベ家庭教師 北条麻妃,VEMA-084,2014-05-30,90分鐘,ペータ☆,VENUS,ヴィーナス（VENUS）,友人の妻はドスケベ家庭教師,成熟的女人、已婚婦女、單體作品,北条麻妃,https://www.javbus.com/VEMA-084
SVS-037 セクシーコスチューム濡れ透けコレクション I,SVS-037 セクシーコスチューム濡れ透けコレクション I,SVS-037,2014-05-23,247分鐘,,AVScollector’s,AVS,,其他戀物癖、合集、4小時以上作品,多人,https://www.javbus.com/SVS-037
JUX-331 パイパン解禁！！剃毛で敏感になったパイパン水着妻～羞恥に悶える無毛のスイミングレッスン～ 北条麻妃,JUX-331 パイパン解禁！！剃毛で敏感になったパイパン水着妻～羞恥に悶える無毛のスイミングレッスン～ 北条麻妃,JUX-331,2014-05-22,120分鐘,芳賀栄太郎,マドンナ,Madonna,,成熟的女人、無毛、已婚婦女、數位馬賽克、羞恥、高畫質、泳裝、單體作品,北条麻妃,https://www.javbus.com/JUX-331
ALSP-040 義母のブラが浮いています BEST,ALSP-040 義母のブラが浮いています BEST,ALSP-040,2014-05-19,240分鐘,,タカラ映像,タカラビジュアル,○○のブラが浮いています。,成熟的女人、已婚婦女、4小時以上作品、婆婆、高畫質,多人,https://www.javbus.com/ALSP-040
VEZZ-022 親族レズビアン わたしの叔母さん総集編,VEZZ-022 親族レズビアン わたしの叔母さん総集編,VEZZ-022,2014-05-18,240分鐘,,VENUS,Butch,親族レズビアン,成熟的女人、女同性戀、母親、合集、已婚婦女、4小時以上作品,多人,https://www.javbus.com/VEZZ-022
ATFB-204 艶色っぽい淫語 北条麻妃,ATFB-204 艶色っぽい淫語 北条麻妃,ATFB-204,2014-05-18,100分鐘,,FetishBox/妄想族,FetishBox/妄想族,,蕩婦、淫語、單體作品,北条麻妃,https://www.javbus.com/ATFB-204
TYWD-053 射精5分前ピストンにイキ狂う淫乱女88連発8時間,TYWD-053 射精5分前ピストンにイキ狂う淫乱女88連発8時間,TYWD-053,2014-05-17,480分鐘,,乱丸,乱丸,,合集、花癡、巨乳,多人,https://www.javbus.com/TYWD-053
PPFT-003 完全パンストフェティッシュ 3 北条麻妃,PPFT-003 完全パンストフェティッシュ 3 北条麻妃,PPFT-003,2014-05-12,102分鐘,渡辺琢斗,AVScollector’s,琢斗,完全パンストフェティッシュ,成熟的女人、連褲襪、戀腿癖、高畫質、單體作品,北条麻妃,https://www.javbus.com/PPFT-003
MAST-016 美熟女大競艶3D 風間ゆみ 艶堂しほり 中森玲子 北条麻妃 浅倉彩音 瀬奈涼,MAST-016 美熟女大競艶3D 風間ゆみ 艶堂しほり 中森玲子 北条麻妃 浅倉彩音 瀬奈涼,MAST-016,2014-05-08,70分鐘,HAMEX,NEXTGROUP,3DMASTERS,,成熟的女人、濫交、潮吹、高畫質,多人,https://www.javbus.com/MAST-016
ARM-342 おスペの女神,ARM-342 おスペの女神,ARM-342,2014-05-08,124分鐘,鷲本ひろし,アロマ企画,AROMA,,其他戀物癖、高畫質、DMM獨家、打手槍,多人,https://www.javbus.com/ARM-342
UD-623R 人気の美熟女セレクション 3,UD-623R 人気の美熟女セレクション 3,UD-623R,2014-04-30,179分鐘,タブー大崎,LEO,LEO,人気の美熟女セレクション,成熟的女人、合集、女上位、高畫質,多人,https://www.javbus.com/UD-623R
MLW-5005 完全撮り下ろし！！ 美熟女トイレオナニーコレクション 25人4時間30分,MLW-5005 完全撮り下ろし！！ 美熟女トイレオナニーコレクション 25人4時間30分,MLW-5005,2014-04-25,271分鐘,,MellowMoon,MellowMoon,,成熟的女人、玩具、4小時以上作品、自慰,多人,https://www.javbus.com/MLW-5005
VOIC-002 淫ボイス2 北条麻妃,VOIC-002 淫ボイス2 北条麻妃,VOIC-002,2014-04-20,98分鐘,渡辺琢斗,AVScollector’s,琢斗,淫ボイス（AVScollector’s）,成熟的女人、淫語、連褲襪、主觀視角、高畫質、單體作品,北条麻妃,https://www.javbus.com/VOIC-002
SCF-056 母と息子の近親相姦 88人のママ12時間,SCF-056 母と息子の近親相姦 88人のママ12時間,SCF-056,2014-04-20,724分鐘,,マルクス兄弟,MARXBrothersco.,,亂倫,多人,https://www.javbus.com/SCF-056
DAZD-057 ダスッ！7周年記念77タイトル7時間SPECIAL EDITION,DAZD-057 ダスッ！7周年記念77タイトル7時間SPECIAL EDITION,DAZD-057,2014-04-19,420分鐘,,ダスッ！,ダスッ！,,合集、凌辱、4小時以上作品,多人,https://www.javbus.com/DAZD-057
TYWD-052 淫乱AV乱丸 2013年発売作品全部入り8時間,TYWD-052 淫乱AV乱丸 2013年発売作品全部入り8時間,TYWD-052,2014-04-13,480分鐘,,乱丸,乱丸,淫乱AV乱丸○年発売作品全部入り8時間,潮吹、合集、花癡、數位馬賽克,多人,https://www.javbus.com/TYWD-052
CRAD-094 強制肉便器に成り下がった女たち 凌辱・レイプ・輪姦 21タイトル 8時間,CRAD-094 強制肉便器に成り下がった女たち 凌辱・レイプ・輪姦 21タイトル 8時間,CRAD-094,2014-04-13,480分鐘,,クロス,CROSS,,強姦、合集、數位馬賽克、輪姦、凌辱,多人,https://www.javbus.com/CRAD-094
ALD-715 濃厚完熟マ●コ 食べ頃アワビのグチョグチョSEX 13人,ALD-715 濃厚完熟マ●コ 食べ頃アワビのグチョグチョSEX 13人,ALD-715,2014-04-06,245分鐘,,桃太郎映像出版,ALLIN☆ONE,,成熟的女人、合集、中出、4小時以上作品,多人,https://www.javbus.com/ALD-715
HODV-20968 レズism 4時間,HODV-20968 レズism 4時間,HODV-20968,2014-04-04,233分鐘,一平,h.m.p,h.m.p,○○ism,女同性戀、69、女同接吻、按摩棒,多人,https://www.javbus.com/HODV-20968
OKAX-001 スーパー潮吹き50人 4時間,OKAX-001 スーパー潮吹き50人 4時間,OKAX-001,2014-03-28,242分鐘,,ケイ・エム・プロデュース,おかず。,,潮吹、合集、4小時以上作品、手指插入,多人,https://www.javbus.com/OKAX-001
UMD-027 他人の女は蜜の味 人妻を犯す20人,UMD-027 他人の女は蜜の味 人妻を犯す20人,UMD-027,2014-03-24,241分鐘,,グローバルメディアエンタテインメント,ULTRAMIX,,成熟的女人、強姦、合集、已婚婦女、數位馬賽克、高畫質,多人,https://www.javbus.com/UMD-027
ATGO-090 北条麻妃は黒人メガチ○ポに夢中,ATGO-090 北条麻妃は黒人メガチ○ポに夢中,ATGO-090,2014-03-24,100分鐘,,あたご屋,あたご屋,,成熟的女人、業餘、單體作品、黑人演員,北条麻妃,https://www.javbus.com/ATGO-090
TERA-014 その時…決断を迫られた状況下における、異なる判断と事例 子供が欲しくて欲しくて堪らない不妊治療を続け中出しを懇願する美人妻の場合 北条麻妃,TERA-014 その時…決断を迫られた状況下における、異なる判断と事例 子供が欲しくて欲しくて堪らない不妊治療を続け中出しを懇願する美人妻の場合 北条麻妃,TERA-014,2014-03-24,135分鐘,桜大和,タカラ映像,Theodora,,已婚婦女、中出、高畫質、單體作品,北条麻妃,https://www.javbus.com/TERA-014
DPHC-007 非日常的クネクネ映像コレクション VII,DPHC-007 非日常的クネクネ映像コレクション VII,DPHC-007,2014-03-22,251分鐘,渡辺琢斗,AVScollector’s,PHANTOM夢,非日常的クネクネ映像コレクション,其他戀物癖、連褲襪、緊身衣、4小時以上作品、高畫質,多人,https://www.javbus.com/DPHC-007
JUX-282 小森愛レズ解禁！！ 女性専用車両 人妻レズ痴漢 小森愛 北条麻妃 村上涼子,JUX-282 小森愛レズ解禁！！ 女性専用車両 人妻レズ痴漢 小森愛 北条麻妃 村上涼子,JUX-282,2014-03-21,150分鐘,小山雅継,マドンナ,Madonna,,成熟的女人、女同性戀、已婚婦女、數位馬賽克、性騷擾、女同接吻、高畫質,多人,https://www.javbus.com/JUX-282
NHDTA-498 媚薬浣腸痴漢 2,NHDTA-498 媚薬浣腸痴漢 2,NHDTA-498,2014-03-20,235分鐘,ジャケン小玉,ナチュラルハイ,NATURALHIGH,媚薬浣腸痴漢,已婚婦女、灌腸、性騷擾、肛交,多人,https://www.javbus.com/NHDTA-498
CADV-456 完熟マダムPREMIUM 8時間 2,CADV-456 完熟マダムPREMIUM 8時間 2,CADV-456,2014-03-17,479分鐘,,クリスタル映像,CRYSTALEX,完熟マダムPREMIUM,成熟的女人、已婚婦女、中出、4小時以上作品、巨乳,多人,https://www.javbus.com/CADV-456
TYWD-051 汗！ヨダレ！潮！無我夢中ガムシャラ汁まみれ絶頂68連発4時間,TYWD-051 汗！ヨダレ！潮！無我夢中ガムシャラ汁まみれ絶頂68連発4時間,TYWD-051,2014-03-15,239分鐘,,乱丸,乱丸,,潮吹、合集、數位馬賽克,多人,https://www.javbus.com/TYWD-051
AUKG-221 寝取られ美熟女レズレイプ,AUKG-221 寝取られ美熟女レズレイプ,AUKG-221,2014-03-10,110分鐘,,U＆K,U＆K,,成熟的女人、女同性戀、強姦、女同接吻、出軌,多人,https://www.javbus.com/AUKG-221
MDYD-889 友人の母 息子の友人に犯され、幾度もイカされてしまったんです… 北条麻妃,MDYD-889 友人の母 息子の友人に犯され、幾度もイカされてしまったんです… 北条麻妃,MDYD-889,2014-03-09,117分鐘,溜池ゴロー,溜池ゴロー,溜池ゴロー,友人の母,成熟的女人、已婚婦女、凌辱、高畫質、單體作品,北条麻妃,https://www.javbus.com/MDYD-889
JUX-276 衝撃再び！！黒人と美熟女 北条麻妃,JUX-276 衝撃再び！！黒人と美熟女 北条麻妃,JUX-276,2014-03-06,120分鐘,射案比呂,マドンナ,Madonna,黒人と美熟女,成熟的女人、纪录片、多P、數位馬賽克、凌辱、高畫質、單體作品、黑人演員,北条麻妃,https://www.javbus.com/JUX-276
UD-613R バイト先のパートのおばさんが、エロ過ぎて困った件。,UD-613R バイト先のパートのおばさんが、エロ過ぎて困った件。,UD-613R,2014-02-28,119分鐘,浜西ひかり,LEO,LEO,,蕩婦、成熟的女人、各種職業、高畫質,多人,https://www.javbus.com/UD-613R
MLW-2059 会員制 癒し系 美熟女パブ 上原千尋,MLW-2059 会員制 癒し系 美熟女パブ 上原千尋,MLW-2059,2014-02-26,127分鐘,あばしり一家,MellowMoon,MellowMoon,会員制癒し系美熟女パブ,成熟的女人、妓女、單體作品,多人,https://www.javbus.com/MLW-2059
MLW-2058 セックスカウンセラー 北条麻妃の性感クリニック,MLW-2058 セックスカウンセラー 北条麻妃の性感クリニック,MLW-2058,2014-02-26,116分鐘,あばしり一家,MellowMoon,MellowMoon,セックスカウンセラー,成熟的女人、69、單體作品,北条麻妃,https://www.javbus.com/MLW-2058
AVSP-005 渡辺琢斗大図鑑 8時間 Premium Best 3,AVSP-005 渡辺琢斗大図鑑 8時間 Premium Best 3,AVSP-005,2014-02-22,483分鐘,渡辺琢斗,AVScollector’s,AVS,渡辺琢斗大図鑑,其他戀物癖、合集、連褲襪、4小時以上作品,多人,https://www.javbus.com/AVSP-005
TYWD-050 イキっぱなし淫乱SEX16時間,TYWD-050 イキっぱなし淫乱SEX16時間,TYWD-050,2014-02-15,960分鐘,,乱丸,乱丸,,合集、花癡、數位馬賽克、單體作品、DMM獨家,多人,https://www.javbus.com/TYWD-050
RCT-566 全裸オイルキャットファイト ～闘う相手は自分で指名する1回戦、激闘壮絶ガチバトル復活～,RCT-566 全裸オイルキャットファイト ～闘う相手は自分で指名する1回戦、激闘壮絶ガチバトル復活～,RCT-566,2014-02-09,120分鐘,神戸たろう,ROCKET,ROCKET,,企畫、玩具、放尿、格鬥家、高畫質,多人,https://www.javbus.com/RCT-566
BCDP-020 THE BEST 性感エステ 30編,BCDP-020 THE BEST 性感エステ 30編,BCDP-020,2014-02-09,242分鐘,,BACKDROP,BACKDROP（BACKDROP）,THEBEST○○,成熟的女人、合集、4小時以上作品、美容院、巨乳、DMM獨家,多人,https://www.javbus.com/BCDP-020
JUX-252 本格SM解禁！！ 女保険外交員 縛られ枕営業 北条麻妃,JUX-252 本格SM解禁！！ 女保険外交員 縛られ枕営業 北条麻妃,JUX-252,2014-02-01,150分鐘,射案比呂,マドンナ,Madonna,,成熟的女人、SM、已婚婦女、數位馬賽克、性奴、凌辱、高畫質、單體作品、DMM獨家,北条麻妃,https://www.javbus.com/JUX-252
MDBS-011 淫殺女仕置き人 ULTIMATE BEST 8時間コンプリート,MDBS-011 淫殺女仕置き人 ULTIMATE BEST 8時間コンプリート,MDBS-011,2014-01-26,480分鐘,,MOTHERSENTERTAINMENTPICTURES,MOTHERS,淫殺女仕置き人,蕩婦、其他戀物癖、凌辱、女上位、4小時以上作品、顏面騎乘、DMM獨家,多人,https://www.javbus.com/MDBS-011
MIBD-791 真性中出し特濃107連発,MIBD-791 真性中出し特濃107連発,MIBD-791,2014-01-25,960分鐘,,ムーディーズ,MOODYZBest,,合集、美少女、數位馬賽克、中出、巨乳、DMM獨家,多人,https://www.javbus.com/MIBD-791
NEO-403 プレミア極嬢おなら 2 968発 6時間,NEO-403 プレミア極嬢おなら 2 968発 6時間,NEO-403,2014-01-24,361分鐘,,レイディックス,neo（パラドックス）,プレミア極嬢おなら,其他戀物癖、4小時以上作品、肛交,多人,https://www.javbus.com/NEO-403
DSE-1168 ショタ・チビ亀くんのハレンチいたずら日記 総集編 2,DSE-1168 ショタ・チビ亀くんのハレンチいたずら日記 総集編 2,DSE-1168,2014-01-23,240分鐘,,ドリームステージ,ParadoX,ハレンチいたずら日記,成熟的女人、合集、舔陰、女上位、正太控,多人,https://www.javbus.com/DSE-1168
DPH-117 非日常的悶絶コレクション 第十三集,DPH-117 非日常的悶絶コレクション 第十三集,DPH-117,2014-01-20,258分鐘,渡辺琢斗,AVScollector’s,PHANTOM夢,非日常的悶絶遊戯,其他戀物癖、合集、惡作劇、4小時以上作品、主觀視角、DMM獨家,多人,https://www.javbus.com/DPH-117
SCF-052 ディルドオナニー 100人8時間,SCF-052 ディルドオナニー 100人8時間,SCF-052,2014-01-20,484分鐘,,マルクス兄弟,MARXBrothersco.,,潮吹、4小時以上作品、DMM獨家、自慰、局部特寫,多人,https://www.javbus.com/SCF-052
TYWD-049 キマリすぎた敏感絶品BODY8時間,TYWD-049 キマリすぎた敏感絶品BODY8時間,TYWD-049,2014-01-12,480分鐘,,乱丸,乱丸,,合集、花癡、數位馬賽克、乳房、巨乳、DMM獨家,多人,https://www.javbus.com/TYWD-049
RHE-011 北条麻妃の悲しみ横丁 女将の涙肌,RHE-011 北条麻妃の悲しみ横丁 女将の涙肌,RHE-011,2014-01-10,119分鐘,川崎軍二,ホットエンターテイメント,ホットエンターテイメント,,成熟的女人、女主人、女老板、乳房、高畫質、戲劇,多人,https://www.javbus.com/RHE-011
UD-604R 親戚のおばさんに筆おろしされた僕。 7,UD-604R 親戚のおばさんに筆おろしされた僕。 7,UD-604R,2014-01-09,121分鐘,ドラゴン西川,LEO,LEO,親戚のおばさんに筆おろしされた僕。,成熟的女人、已婚婦女、多P、中出、高畫質、處男,多人,https://www.javbus.com/UD-604R
KAGS-040 SS級熟女 センズリ鑑賞4時間,KAGS-040 SS級熟女 センズリ鑑賞4時間,KAGS-040,2014-01-08,240分鐘,石川出水,AFRO-FILM,赫夜姫映像,,成熟的女人、4小時以上作品、高畫質、自慰,多人,https://www.javbus.com/KAGS-040
SCOP-183 病院の屋上で旦那がそばにいるにも関わらず、他人の男性を誘惑し、旦那以外のチ●コをしゃぶってはハメる巨乳若妻が急増中？！,SCOP-183 病院の屋上で旦那がそばにいるにも関わらず、他人の男性を誘惑し、旦那以外のチ●コをしゃぶってはハメる巨乳若妻が急増中？！,SCOP-183,2013-12-27,161分鐘,赤井彗星,スクープ,SCOOP（スクープ）,,玩具、業餘、新娘、年輕妻子、4小時以上作品、巨乳,多人,https://www.javbus.com/SCOP-183
MCSR-107 美熟女野獣ファック 絶叫悶絶妻 4時間,MCSR-107 美熟女野獣ファック 絶叫悶絶妻 4時間,MCSR-107,2013-12-25,240分鐘,ながふちつよし,ビッグモーカル,マスカット,美熟女野獣FUCK,成熟的女人、已婚婦女、4小時以上作品、高畫質,多人,https://www.javbus.com/MCSR-107
JUGA-007 人格崩壊 OL 北条麻妃,JUGA-007 人格崩壊 OL 北条麻妃,JUGA-007,2013-12-22,125分鐘,ウィスカー狭山,熟女JAPAN/エマニエル,熟女JAPAN/帝,,成熟的女人、OL、性奴、凌辱、單體作品、DMM獨家,北条麻妃,https://www.javbus.com/JUGA-007
VEQ-045 S級熟女コンプリートファイル 北条麻妃4時間 其之弐,VEQ-045 S級熟女コンプリートファイル 北条麻妃4時間 其之弐,VEQ-045,2013-12-22,240分鐘,,VENUS,ヴィーナス（VENUS）,S級熟女（VENUS）,成熟的女人、已婚婦女、單體作品、DMM獨家,北条麻妃,https://www.javbus.com/VEQ-045
MLW-2048 家政婦のイイなり もし「北条麻妃」が、家政婦さんだったら,MLW-2048 家政婦のイイなり もし「北条麻妃」が、家政婦さんだったら,MLW-2048,2013-12-20,123分鐘,,MellowMoon,MellowMoon,家政婦のイイなり,成熟的女人、舔陰、單體作品,北条麻妃,https://www.javbus.com/MLW-2048
CADV-439 熟女と性交 美人編,CADV-439 熟女と性交 美人編,CADV-439,2013-12-17,240分鐘,,クリスタル映像,CRYSTALEX,熟女と性交,成熟的女人、亂倫、已婚婦女、4小時以上作品、巨乳,多人,https://www.javbus.com/CADV-439
CADV-438 THE ソープ祭り 8時間 日本に生まれて良かったスペシャル！！,CADV-438 THE ソープ祭り 8時間 日本に生まれて良かったスペシャル！！,CADV-438,2013-12-16,479分鐘,,クリスタル映像,CRYSTALEX,,成熟的女人、女同性戀、妓女、4小時以上作品、立即口交、巨乳,多人,https://www.javbus.com/CADV-438
SCF-051 自慰コレクション100人8時間,SCF-051 自慰コレクション100人8時間,SCF-051,2013-12-16,485分鐘,,マルクス兄弟,MARXBrothersco.,,4小時以上作品、DMM獨家、自慰,多人,https://www.javbus.com/SCF-051
JUX-215 Madonna10周年記念作品 マドンナ熟女祭 ～10年に1度の大祭を仕切るのは誰！？愛液乱れ飛ぶ婦人会対抗の乱～,JUX-215 Madonna10周年記念作品 マドンナ熟女祭 ～10年に1度の大祭を仕切るのは誰！？愛液乱れ飛ぶ婦人会対抗の乱～,JUX-215,2013-12-15,410分鐘,きとるね川口,マドンナ,Madonna,Madonna10周年記念,成熟的女人、野外・露出、濫交、已婚婦女、數位馬賽克、高畫質、出軌、DMM獨家,多人,https://www.javbus.com/JUX-215
JUSD-529 Madonna10周年記念 Fitchレーベル全作品集 143タイトル12時間 全てはここから始まった！ 2007～2011年にリリースした全作品を完全網羅！！,JUSD-529 Madonna10周年記念 Fitchレーベル全作品集 143タイトル12時間 全てはここから始まった！ 2007～2011年にリリースした全作品を完全網羅！！,JUSD-529,2013-12-15,718分鐘,,マドンナ,Madonna,Madonna10周年記念,蕩婦、成熟的女人、合集、已婚婦女、數位馬賽克、羞恥、DMM獨家,多人,https://www.javbus.com/JUSD-529
RKI-304 ローションまみれ！泡まみれ！ 全身にゅるにゅるソープ BEST 16時間,RKI-304 ローションまみれ！泡まみれ！ 全身にゅるにゅるソープ BEST 16時間,RKI-304,2013-12-12,959分鐘,,ROOKIE,ROOKIE,,合集、多P、美少女、4小時以上作品、巨乳、DMM獨家,多人,https://www.javbus.com/RKI-304
TYWD-048 欲しくて欲しくて堪らない女たち120人！ 挿入の瞬間120連発,TYWD-048 欲しくて欲しくて堪らない女たち120人！ 挿入の瞬間120連発,TYWD-048,2013-12-12,238分鐘,,乱丸,乱丸,,其他戀物癖、合集、花癡、數位馬賽克、DMM獨家,多人,https://www.javbus.com/TYWD-048
FAX-494 団地妻（マンション）ポルノ セクシャルブルーな昼下りの情事,FAX-494 団地妻（マンション）ポルノ セクシャルブルーな昼下りの情事,FAX-494,2013-12-09,118分鐘,ヘンリー塚本,FAプロ・プラチナ,FAプロ,団地妻（マンション）ポルノ,成熟的女人、已婚婦女、通姦、戲劇、故事集、DMM獨家,多人,https://www.javbus.com/FAX-494
BCDP-010 極上 宅配妻100選 8時間デラックス,BCDP-010 極上 宅配妻100選 8時間デラックス,BCDP-010,2013-12-09,479分鐘,,BACKDROP,BACKDROP（BACKDROP）,極上○○100選デラックス,業餘、合集、已婚婦女、4小時以上作品、巨乳、DMM獨家,多人,https://www.javbus.com/BCDP-010
LADYA-015 ノーモザイク・レズビアン,LADYA-015 ノーモザイク・レズビアン,LADYA-015,2013-12-09,116分鐘,二村ヒトシ,LADY×LADY,LADY×LADY,,女同性戀、緊身衣、女同接吻、巨乳,多人,https://www.javbus.com/LADYA-015
VAGU-061 麗しのマネキン夫人 ～人形に恋した男の妄想SEX～ 北条麻妃,VAGU-061 麗しのマネキン夫人 ～人形に恋した男の妄想SEX～ 北条麻妃,VAGU-061,2013-12-06,87分鐘,カニエ,VENUS,ヴィーナス（VENUS）,麗しのマネキン夫人,成熟的女人、已婚婦女、妄想、娃娃、單體作品、DMM獨家,北条麻妃,https://www.javbus.com/VAGU-061
ORG-013 罪と罰 上巻 ～倒錯愛に堕ちた人妻～ 北条麻妃 川上ゆう,ORG-013 罪と罰 上巻 ～倒錯愛に堕ちた人妻～ 北条麻妃 川上ゆう,ORG-013,2013-12-06,116分鐘,貞邪我,オルガ,ORGA,罪と罰（オルガ）,成熟的女人、已婚婦女、戲劇,多人,https://www.javbus.com/ORG-013
CADV-434 超★人妻温泉 8時間 DX,CADV-434 超★人妻温泉 8時間 DX,CADV-434,2013-12-06,483分鐘,,クリスタル映像,CRYSTALEX,,成熟的女人、合集、無毛、已婚婦女、多P、4小時以上作品、肛交,多人,https://www.javbus.com/CADV-434
JUSD-525 Madonna10周年記念 激しく求め合う母子の近親相姦50組8時間,JUSD-525 Madonna10周年記念 激しく求め合う母子の近親相姦50組8時間,JUSD-525,2013-12-05,478分鐘,,マドンナ,Madonna,Madonna10周年記念,成熟的女人、母親、合集、亂倫、數位馬賽克、巨乳、DMM獨家,多人,https://www.javbus.com/JUSD-525
MDBS-009 驚天動地のマザーズ ～TWO YEARS SUPER BEST～ ver.BLUE 男魂イキ地獄,MDBS-009 驚天動地のマザーズ ～TWO YEARS SUPER BEST～ ver.BLUE 男魂イキ地獄,MDBS-009,2013-11-29,231分鐘,,MOTHERSENTERTAINMENTPICTURES,MOTHERS,○○のマザーズ～TWOYEARSSUPERBEST～,其他戀物癖、合集、凌辱、顏面騎乘、DMM獨家,多人,https://www.javbus.com/MDBS-009
SBNR-319 男っ気なし！ なまいきキャリアウーマンのエロマ○コ 北条麻妃,SBNR-319 男っ気なし！ なまいきキャリアウーマンのエロマ○コ 北条麻妃,SBNR-319,2013-11-25,75分鐘,ナックル原田,ながえスタイル,ながえSTYLE,,成熟的女人、花癡、戲劇、單體作品,北条麻妃,https://www.javbus.com/SBNR-319
CADV-433 マダムマニアック THE BEST 3 大悶絶熟女100人8時間,CADV-433 マダムマニアック THE BEST 3 大悶絶熟女100人8時間,CADV-433,2013-11-23,479分鐘,,クリスタル映像,CRYSTALEX,マダムマニアックTHEBEST8時間,成熟的女人、合集、已婚婦女、通姦、4小時以上作品,多人,https://www.javbus.com/CADV-433
JUX-199 人妻女教師 痴漢電車～仕組まれた卑劣な淫猥通勤～ 北条麻妃,JUX-199 人妻女教師 痴漢電車～仕組まれた卑劣な淫猥通勤～ 北条麻妃,JUX-199,2013-11-22,119分鐘,南條雅紀,マドンナ,Madonna,,成熟的女人、女教師、已婚婦女、數位馬賽克、性騷擾、羞恥、DVD多士爐、高畫質、單體作品、DMM獨家,北条麻妃,https://www.javbus.com/JUX-199
RKI-296 お尻の形がエロすぎる！ 悩殺美尻のオンナたち 40人16時間,RKI-296 お尻の形がエロすぎる！ 悩殺美尻のオンナたち 40人16時間,RKI-296,2013-11-19,958分鐘,,ROOKIE,ROOKIE,,成熟的女人、合集、屁股、姐姐、4小時以上作品、DMM獨家,多人,https://www.javbus.com/RKI-296
MMO-011 20th anniversary 人妻熟女302人 いやらしい美人妻からドスケベ熟女まで…丸ごと見せます！10時間スペシャル,MMO-011 20th anniversary 人妻熟女302人 いやらしい美人妻からドスケベ熟女まで…丸ごと見せます！10時間スペシャル,MMO-011,2013-11-04,602分鐘,,桃太郎映像出版,大満足,,成熟的女人、合集、已婚婦女、4小時以上作品、DMM獨家,多人,https://www.javbus.com/MMO-011
YLW-4134 ギンギンに勃起したチンポに見惚れた人妻の顔がエロすぎる 顔見てるだけでこっちもさらに興奮してきて…,YLW-4134 ギンギンに勃起したチンポに見惚れた人妻の顔がエロすぎる 顔見てるだけでこっちもさらに興奮してきて…,YLW-4134,2013-10-31,120分鐘,前田幸三,MellowMoon,YellowMoon,,成熟的女人、已婚婦女、花癡、打手槍,多人,https://www.javbus.com/YLW-4134
MME-010 熟々 いやらしい女のいる家 10 ～女流官能小説家の一日～ 北条麻妃,MME-010 熟々 いやらしい女のいる家 10 ～女流官能小説家の一日～ 北条麻妃,MME-010,2013-10-31,125分鐘,アイスマン落合,MellowMoon,MellowMoon,熟々いやらしい女のいる家,成熟的女人、苗條、各種職業,多人,https://www.javbus.com/MME-010
EMCS-013 12名の働くおばさん 男を誘うムレて臭めの完熟マンコ 4時間,EMCS-013 12名の働くおばさん 男を誘うムレて臭めの完熟マンコ 4時間,EMCS-013,2013-10-27,240分鐘,MAX松井,抜玉/エマニエル,抜玉/エマニエル,,成熟的女人、各種職業、已婚婦女、4小時以上作品、高畫質、巨乳、DMM獨家,多人,https://www.javbus.com/EMCS-013
MCSR-103R 極上美人妻 8時間BEST 第4章,MCSR-103R 極上美人妻 8時間BEST 第4章,MCSR-103R,2013-10-25,481分鐘,武新,ビッグモーカル,マスカット,極上○○8時間BEST,合集、已婚婦女、4小時以上作品、高畫質,多人,https://www.javbus.com/MCSR-103R
MCSR-102 中出しお義母さんが教えてあげる BEST4時間 4,MCSR-102 中出しお義母さんが教えてあげる BEST4時間 4,MCSR-102,2013-10-25,241分鐘,武新,ビッグモーカル,マスカット,中出しお義母さんが教えてあげる,合集、亂倫、中出、4小時以上作品、婆婆、高畫質,多人,https://www.javbus.com/MCSR-102
NOPB-001 ノーパンパンストで発情する女たち Best CollectionVol.1,NOPB-001 ノーパンパンストで発情する女たち Best CollectionVol.1,NOPB-001,2013-10-21,242分鐘,渡辺琢斗,AVScollector’s,琢斗,ノーパンパンストで発情する女たち,成熟的女人、其他戀物癖、各種職業、連褲襪、DMM獨家,多人,https://www.javbus.com/NOPB-001
LIA-411 溢れ出るマンカス オナニー女30人 6時間,LIA-411 溢れ出るマンカス オナニー女30人 6時間,LIA-411,2013-10-20,360分鐘,,プールクラブ・エンタテインメント,Philia,,其他戀物癖、4小時以上作品、按摩棒、自慰,多人,https://www.javbus.com/LIA-411
KAGS-033 働く人妻 仕事中のSEXってメチャクチャ燃える！,KAGS-033 働く人妻 仕事中のSEXってメチャクチャ燃える！,KAGS-033,2013-10-17,120分鐘,三島六三郎,AFRO-FILM,赫夜姫映像,,OL、已婚婦女、打手槍,多人,https://www.javbus.com/KAGS-033
KDMI-017 コスッて熟女神 BEST,KDMI-017 コスッて熟女神 BEST,KDMI-017,2013-10-14,240分鐘,狂一,ミル,ミル,コスッて熟女神,角色扮演、成熟的女人、連褲襪、屁股、緊身衣、DMM獨家,多人,https://www.javbus.com/KDMI-017
SCF-043 アナル舐め＆寸止め手コキ 24人4時間,SCF-043 アナル舐め＆寸止め手コキ 24人4時間,SCF-043,2013-10-11,242分鐘,,マルクス兄弟,MARXBrothersco.,,DMM獨家、肛交、打手槍,多人,https://www.javbus.com/SCF-043
GRYD-017 すーぱーべすと じじいに嬲られた生中出し 8時間 30人,GRYD-017 すーぱーべすと じじいに嬲られた生中出し 8時間 30人,GRYD-017,2013-10-07,480分鐘,三こすり半イク蔵,桃太郎映像出版,我流,じじいに嬲られた○○,濫交、強姦、合集、中出、4小時以上作品、DMM獨家,多人,https://www.javbus.com/GRYD-017
VAGU-058 麻妃ママとのやらしい生活 北条麻妃,VAGU-058 麻妃ママとのやらしい生活 北条麻妃,VAGU-058,2013-10-01,90分鐘,カニエ,VENUS,ヴィーナス（VENUS）,○○ママとのやらしい生活,成熟的女人、亂倫、已婚婦女、主觀視角、單體作品、DMM獨家、打手槍,北条麻妃,https://www.javbus.com/VAGU-058
JFB-048 チ○ポが擦り減るほどに味わい尽くされる肉感痴女のフェラ50連発,JFB-048 チ○ポが擦り減るほどに味わい尽くされる肉感痴女のフェラ50連発,JFB-048,2013-10-01,240分鐘,,Fitch,Fitch,,蕩婦、成熟的女人、口交、合集、數位馬賽克、DMM獨家、吞精,多人,https://www.javbus.com/JFB-048
AVSP-004 渡辺琢斗大図鑑 8時間 Premium Best 2,AVSP-004 渡辺琢斗大図鑑 8時間 Premium Best 2,AVSP-004,2013-09-25,480分鐘,渡辺琢斗,AVScollector’s,AVS,渡辺琢斗大図鑑,其他戀物癖、合集、連褲襪、4小時以上作品、主觀視角、DMM獨家,多人,https://www.javbus.com/AVSP-004
ARMM-040 贅沢すぎる3Pセックス BEST 濃厚接吻＆Wフェラチオ編,ARMM-040 贅沢すぎる3Pセックス BEST 濃厚接吻＆Wフェラチオ編,ARMM-040,2013-09-25,192分鐘,,アロマ企画,AROMAM-30,○○すぎる3Pセックス,成熟的女人、其他戀物癖、合集、多P、DMM獨家,多人,https://www.javbus.com/ARMM-040
MLW-2040 いやらしい女社長のいる会社 横山みれい,MLW-2040 いやらしい女社長のいる会社 横山みれい,MLW-2040,2013-09-25,117分鐘,,MellowMoon,MellowMoon,いやらしい女社長のいる会社,成熟的女人、各種職業、花癡、自慰,多人,https://www.javbus.com/MLW-2040
NEO-212 オバギャル 全員、セーラー熟女,NEO-212 オバギャル 全員、セーラー熟女,NEO-212,2013-09-20,122分鐘,,レイディックス,neo（パラドックス）,オバギャル,角色扮演、成熟的女人、水手服、女生,多人,https://www.javbus.com/NEO-212
KEED-009 彼女の母 北条麻妃,KEED-009 彼女の母 北条麻妃,KEED-009,2013-09-19,90分鐘,番頭玉三郎,センタービレッジ,花園（センタービレッジ）,彼女の母（センタービレッジ）,成熟的女人、已婚婦女、出軌、單體作品,北条麻妃,https://www.javbus.com/KEED-009
TYOD-203 SEXは下品なほうがいいに決まってる。 北条麻妃,TYOD-203 SEXは下品なほうがいいに決まってる。 北条麻妃,TYOD-203,2013-09-19,151分鐘,虎角,乱丸,乱丸,SEXは下品なほうがいいに決まってる。,蕩婦、成熟的女人、淫語、數位馬賽克、高畫質、處男、單體作品、DMM獨家、打手槍,北条麻妃,https://www.javbus.com/TYOD-203
REAL-476 イカセ鬼フィスト 北条麻妃,REAL-476 イカセ鬼フィスト 北条麻妃,REAL-476,2013-09-13,128分鐘,伊基公袁,レアルワークス,REAL（レアルワークス）,イカセ鬼フィスト,紧缚、性奴、插入異物、拳交、單體作品,北条麻妃,https://www.javbus.com/REAL-476
RBD-510 籠城3 北条麻妃 ASUKA 美月優菜,RBD-510 籠城3 北条麻妃 ASUKA 美月優菜,RBD-510,2013-09-07,93分鐘,高原寿,アタッカーズ,龍縛,籠城,強姦、凌辱、DVD多士爐、高畫質、DMM獨家,多人,https://www.javbus.com/RBD-510
HFD-088 秘書in…2 ［脅迫スイートルーム］ 朝まで密室調教性交八発 4時間,HFD-088 秘書in…2 ［脅迫スイートルーム］ 朝まで密室調教性交八発 4時間,HFD-088,2013-09-06,240分鐘,,ドリームチケット,ドリームチケット,脅迫スイートルーム,潮吹、秘書、性奴,多人,https://www.javbus.com/HFD-088
MLW-2038 いやらしい女社長のいる会社 北条麻妃,MLW-2038 いやらしい女社長のいる会社 北条麻妃,MLW-2038,2013-08-25,117分鐘,あばしり一家,MellowMoon,MellowMoon,いやらしい女社長のいる会社,蕩婦、成熟的女人、各種職業、中出,多人,https://www.javbus.com/MLW-2038
VENU-362 幻母 禁断母子スワップ総集編 2,VENU-362 幻母 禁断母子スワップ総集編 2,VENU-362,2013-08-24,243分鐘,,VENUS,女神（ヴィーナス）,近親相姦幻母INCEST,成熟的女人、母親、合集、已婚婦女、DMM獨家,多人,https://www.javbus.com/VENU-362
VEZZ-014 親族レズビアン わたしの叔母さん 北条麻妃 有村千佳,VEZZ-014 親族レズビアン わたしの叔母さん 北条麻妃 有村千佳,VEZZ-014,2013-08-24,95分鐘,玉塚びんご,VENUS,Butch,親族レズビアン,成熟的女人、女同性戀、已婚婦女、女同接吻、DMM獨家,多人,https://www.javbus.com/VEZZ-014
BIB-079 美熟女に昇天するまで犯されたい8時間,BIB-079 美熟女に昇天するまで犯されたい8時間,BIB-079,2013-08-23,478分鐘,,美,美,○○に昇天するまで犯されたい,蕩婦、成熟的女人、濫交、合集、花癡、顏射、DMM獨家,多人,https://www.javbus.com/BIB-079
BIB-080 美しいオンナの美しい淫乱SEX100タイトル8時間,BIB-080 美しいオンナの美しい淫乱SEX100タイトル8時間,BIB-080,2013-08-23,478分鐘,,美,美,,蕩婦、濫交、合集、花癡、姐姐、DMM獨家,多人,https://www.javbus.com/BIB-080
LZFE-001 艶熟レズフェロモン 北条麻妃 音無かおり,LZFE-001 艶熟レズフェロモン 北条麻妃 音無かおり,LZFE-001,2013-08-12,130分鐘,真咲南朋,レズれ！,レズれ！プレイ,,成熟的女人、女同性戀、無毛、舔陰、女同接吻、DMM獨家,多人,https://www.javbus.com/LZFE-001
REAL-473 REAL SUPER BEST 8時間 9,REAL-473 REAL SUPER BEST 8時間 9,REAL-473,2013-08-12,478分鐘,八山A太郎,レアルワークス,REAL（レアルワークス）,REALSUPERBEST,紧缚、合集、深喉、4小時以上作品,多人,https://www.javbus.com/REAL-473
ANHD-025 イヤラシすぎるレズビアン乱交8時間,ANHD-025 イヤラシすぎるレズビアン乱交8時間,ANHD-025,2013-08-11,478分鐘,,アンナと花子,アンナと花子,,女同性戀、濫交、合集、舔陰、巨乳、DMM獨家,多人,https://www.javbus.com/ANHD-025
RCT-522 淫語裁判 ～女子校生痴漢えん罪事件～ チ○ポ、マ○コ淫語バリバリの女検事VS女弁護士の法廷闘争,RCT-522 淫語裁判 ～女子校生痴漢えん罪事件～ チ○ポ、マ○コ淫語バリバリの女検事VS女弁護士の法廷闘争,RCT-522,2013-08-08,138分鐘,松田まさし,ROCKET,ROCKET,,企畫、淫語、各種職業、高畫質、戲劇、高中女生,多人,https://www.javbus.com/RCT-522
JUSD-501 発射直後のチ○ポをむさぼる美熟女お掃除フェラ8時間SP,JUSD-501 発射直後のチ○ポをむさぼる美熟女お掃除フェラ8時間SP,JUSD-501,2013-08-02,478分鐘,,マドンナ,Madonna,発射直後のチ○ポをむさぼる美熟女お掃除フェラ,成熟的女人、口交、合集、已婚婦女、數位馬賽克、顏射、DMM獨家,多人,https://www.javbus.com/JUSD-501
CLUB-050 文京区にある女教師が通う整体セラピー治療院,CLUB-050 文京区にある女教師が通う整体セラピー治療院,CLUB-050,2013-07-27,195分鐘,,変態紳士倶楽部,変態紳士倶楽部,女教師が通う整体セラピー治療院,女教師、潮吹、連褲襪、偷窥、按摩、高畫質、DMM獨家,多人,https://www.javbus.com/CLUB-050
SCF-036 指入れオナニー50人8時間,SCF-036 指入れオナニー50人8時間,SCF-036,2013-07-22,481分鐘,,マルクス兄弟,MARXBrothersco.,,DMM獨家、自慰、局部特寫,多人,https://www.javbus.com/SCF-036
URE-009 御手洗佑樹原作！！話題の過激電子コミック実写化！！人妻落とし,URE-009 御手洗佑樹原作！！話題の過激電子コミック実写化！！人妻落とし,URE-009,2013-07-21,358分鐘,きとるね川口,マドンナ,熟れコミ,,成熟的女人、藥物、已婚婦女、數位馬賽克、凌辱、高畫質、出軌、DMM獨家,多人,https://www.javbus.com/URE-009
DAZD-050 10人以上の男に犯される大輪姦凌辱8時間,DAZD-050 10人以上の男に犯される大輪姦凌辱8時間,DAZD-050,2013-07-21,478分鐘,,ダスッ！,ダスッ！,,強姦、合集、DMM獨家、顏射,多人,https://www.javbus.com/DAZD-050
VANDR-054 時間よ止まれ！ 総集編4,VANDR-054 時間よ止まれ！ 総集編4,VANDR-054,2013-07-20,300分鐘,,V＆Rプロダクツ,V＆Rプロダクツ,時間よ止まれ！,企畫、其他戀物癖、合集、4小時以上作品,北条麻妃,https://www.javbus.com/VANDR-054
CRAD-076 高嶺の花の女教師が乱れてイキまくる至極の9タイトル 4時間,CRAD-076 高嶺の花の女教師が乱れてイキまくる至極の9タイトル 4時間,CRAD-076,2013-07-14,238分鐘,,クロス,CROSS,,女同性戀、女教師、合集、數位馬賽克、DMM獨家,多人,https://www.javbus.com/CRAD-076
NRPD-03 団地妻 3 犯され悶える美貌の妻 北条麻妃,NRPD-03 団地妻 3 犯され悶える美貌の妻 北条麻妃,NRPD-03,2013-07-11,117分鐘,安藤ボン,ルビー,NEW浪漫,団地妻（ルビー）,成熟的女人、已婚婦女、單體作品,北条麻妃,https://www.javbus.com/NRPD-03
YLW-4078 家の近くに居そうな人妻たちのセンズリ鑑賞！,YLW-4078 家の近くに居そうな人妻たちのセンズリ鑑賞！,YLW-4078,2013-07-05,120分鐘,三島六三郎,MellowMoon,YellowMoon,,成熟的女人、已婚婦女,多人,https://www.javbus.com/YLW-4078
CADV-405 熟女の営むエステサロン 8時間 Re-MIX SP,CADV-405 熟女の営むエステサロン 8時間 Re-MIX SP,CADV-405,2013-07-04,479分鐘,,クリスタル映像,CRYSTALEX,熟女の営むエステサロン,成熟的女人、合集、4小時以上作品、美容院、按摩,多人,https://www.javbus.com/CADV-405
SCOP-146 人気人妻デリ嬢にはワケがある！！本番禁止といわれても土下座で真剣にお願いすれば、押しに負けて生ハメ、中出しまで許してしまう！！,SCOP-146 人気人妻デリ嬢にはワケがある！！本番禁止といわれても土下座で真剣にお願いすれば、押しに負けて生ハメ、中出しまで許してしまう！！,SCOP-146,2013-06-28,241分鐘,麻生誠次,スクープ,SCOOP（スクープ）,,妓女、已婚婦女、中出、巨乳,多人,https://www.javbus.com/SCOP-146
MCSR-094 中出し人妻不倫旅行 淫爛旅情 4時間,MCSR-094 中出し人妻不倫旅行 淫爛旅情 4時間,MCSR-094,2013-06-25,241分鐘,武新,ビッグモーカル,マスカット,中出し人妻不倫旅行,合集、已婚婦女、通姦、中出、4小時以上作品、高畫質,多人,https://www.javbus.com/MCSR-094
ZOSB-001 女王様は…Best Collection Vol.1,ZOSB-001 女王様は…Best Collection Vol.1,ZOSB-001,2013-06-23,250分鐘,,AVScollector’s,BlackMaria,女王様は○○,SM、其他戀物癖、合集、性奴、緊縛、DMM獨家,多人,https://www.javbus.com/ZOSB-001
JUSD-491 2012年マドンナ全313タイトル12時間,JUSD-491 2012年マドンナ全313タイトル12時間,JUSD-491,2013-06-22,718分鐘,,マドンナ,Madonna,○○年マドンナ全タイトル,成熟的女人、母親、合集、已婚婦女、數位馬賽克、DMM獨家,多人,https://www.javbus.com/JUSD-491
BIB-075 荒淫美ッ痴ハメ狂い大乱交スペシャル8時間2,BIB-075 荒淫美ッ痴ハメ狂い大乱交スペシャル8時間2,BIB-075,2013-06-22,478分鐘,,美,美,荒淫美ッ痴ハメ狂い大乱交スペシャル,蕩婦、濫交、淫語、DMM獨家,多人,https://www.javbus.com/BIB-075
JUSD-492 スレンダー熟女 腰砕けハードFUCK 8時間～いくつになっても衰えないスタイルと性欲～,JUSD-492 スレンダー熟女 腰砕けハードFUCK 8時間～いくつになっても衰えないスタイルと性欲～,JUSD-492,2013-06-22,478分鐘,,マドンナ,Madonna,,成熟的女人、苗條、母親、合集、已婚婦女、數位馬賽克、DMM獨家,多人,https://www.javbus.com/JUSD-492
KDMI-015 狂一監督・歴代売上げベスト5作品集,KDMI-015 狂一監督・歴代売上げベスト5作品集,KDMI-015,2013-06-16,240分鐘,狂一,ミル,ミル,,身體意識、合集、連褲襪、屁股、戀腿癖、DMM獨家,多人,https://www.javbus.com/KDMI-015
ANHD-024 潮吹き噴射しても気持ち良すぎて絶頂が止まらないレズビアン8時間,ANHD-024 潮吹き噴射しても気持ち良すぎて絶頂が止まらないレズビアン8時間,ANHD-024,2013-06-15,478分鐘,,アンナと花子,アンナと花子,,女同性戀、潮吹、合集、DMM獨家,多人,https://www.javbus.com/ANHD-024
TYWD-042 潮吹きは派手なほうがいいに決まってる。淫乱トランス大噴水125連発,TYWD-042 潮吹きは派手なほうがいいに決まってる。淫乱トランス大噴水125連発,TYWD-042,2013-06-15,238分鐘,,乱丸,乱丸,,潮吹、合集、花癡、數位馬賽克、DMM獨家,多人,https://www.javbus.com/TYWD-042
REAL-463 Mr.ダンディのありえないくらい濃厚な一発大量顔射30人4時間,REAL-463 Mr.ダンディのありえないくらい濃厚な一発大量顔射30人4時間,REAL-463,2013-06-14,236分鐘,中山A太郎,レアルワークス,REAL（レアルワークス）,,美少女、主觀視角、顏射,多人,https://www.javbus.com/REAL-463
MIBD-735 1年365通りの日替わり中出し16時間,MIBD-735 1年365通りの日替わり中出し16時間,MIBD-735,2013-06-09,958分鐘,,ムーディーズ,MOODYZBest,1年365通りの日替わり○○,合集、乳房、中出、4小時以上作品、DMM獨家,多人,https://www.javbus.com/MIBD-735
ALD-630 「2日連続で犯される！」…噂のチンポスラム街はあった！！ 口コミで人気のオイルサロンで犯され、翌日には鬼畜じじい達に中出しされた被害女性6人,ALD-630 「2日連続で犯される！」…噂のチンポスラム街はあった！！ 口コミで人気のオイルサロンで犯され、翌日には鬼畜じじい達に中出しされた被害女性6人,ALD-630,2013-06-07,243分鐘,,桃太郎映像出版,ALLIN☆ONE,,企畫、強姦、潮吹、中出、DMM獨家,多人,https://www.javbus.com/ALD-630
ALD-627 メガチンポ生イラマ！50人,ALD-627 メガチンポ生イラマ！50人,ALD-627,2013-06-07,242分鐘,,桃太郎映像出版,ALLIN☆ONE,,口交、深喉、凌辱、DMM獨家,多人,https://www.javbus.com/ALD-627
ORG-001 人妻炎情 時代の掟に背いた禁断情交 北条麻妃,ORG-001 人妻炎情 時代の掟に背いた禁断情交 北条麻妃,ORG-001,2013-06-07,108分鐘,貞邪我,オルガ,ORGA,,成熟的女人、已婚婦女、通姦、戲劇、單體作品,北条麻妃,https://www.javbus.com/ORG-001
MDNH-007 淫殺女仕置き人 Vol.7 猛獣使いの女・北条麻妃 残酷！ 男魂クラッシュ・アクメ,MDNH-007 淫殺女仕置き人 Vol.7 猛獣使いの女・北条麻妃 残酷！ 男魂クラッシュ・アクメ,MDNH-007,2013-05-31,185分鐘,キクボン,MOTHERSENTERTAINMENTPICTURES,ハードマザーズ,淫殺女仕置き人,蕩婦、舔陰、薄馬賽克、女上位、高畫質、顏面騎乘、單體作品、DMM獨家,北条麻妃,https://www.javbus.com/MDNH-007
HMJM-012 美熟女スーパースター列伝 6時間,HMJM-012 美熟女スーパースター列伝 6時間,HMJM-012,2013-05-23,361分鐘,タートル今田,HMJM,HMJM,○○のすべて,成熟的女人、合集、4小時以上作品、巨乳,多人,https://www.javbus.com/HMJM-012
HMJM-011 SEX by HMJM ハマジムベスト09 6時間,HMJM-011 SEX by HMJM ハマジムベスト09 6時間,HMJM-011,2013-05-23,359分鐘,カンパニー松尾,HMJM,HMJM,SEXbyHMJMハマジムベスト,合集、4小時以上作品、顏射、巨乳,多人,https://www.javbus.com/HMJM-011
AVSP-003 渡辺琢斗大図鑑 8時間 Premium Best,AVSP-003 渡辺琢斗大図鑑 8時間 Premium Best,AVSP-003,2013-05-20,480分鐘,渡辺琢斗,AVScollector’s,AVS,渡辺琢斗大図鑑,其他戀物癖、合集、連褲襪、主觀視角、DMM獨家,多人,https://www.javbus.com/AVSP-003
IGUB-001 極エロ女神の淫語誘惑BEST Vol.1,IGUB-001 極エロ女神の淫語誘惑BEST Vol.1,IGUB-001,2013-05-20,248分鐘,,AVScollector’s,AVSCollector’s,極エロ女神の淫語誘惑,蕩婦、成熟的女人、其他戀物癖、合集、淫語、DMM獨家,多人,https://www.javbus.com/IGUB-001
JUSD-487 淫乱熟女レズビアンの無限イカセ8時間,JUSD-487 淫乱熟女レズビアンの無限イカセ8時間,JUSD-487,2013-05-19,478分鐘,,マドンナ,Madonna,,成熟的女人、女同性戀、野外・露出、合集、花癡、數位馬賽克、4小時以上作品、女同接吻、DMM獨家,多人,https://www.javbus.com/JUSD-487
BIB-074 綺麗なお姉さんの淫らな腰振りで犯されたい！8時間,BIB-074 綺麗なお姉さんの淫らな腰振りで犯されたい！8時間,BIB-074,2013-05-19,478分鐘,,美,美,,蕩婦、合集、女上位、DMM獨家,多人,https://www.javbus.com/BIB-074
ANND-132 レズビアン2穴悶絶アクメ秘書室 ～エリート美女の誰にも云えないパワハラ浣腸ケツ穴オルガ～ 北条麻妃 愛咲れいら,ANND-132 レズビアン2穴悶絶アクメ秘書室 ～エリート美女の誰にも云えないパワハラ浣腸ケツ穴オルガ～ 北条麻妃 愛咲れいら,ANND-132,2013-05-16,117分鐘,タイガー小堺,アンナと花子,アンナと花子,,女同性戀、灌腸、秘書、舔陰、DVD多士爐、高畫質、DMM獨家,多人,https://www.javbus.com/ANND-132
ALD-626 発射3分前からの絶頂！！！NON STOP美熟女中出し50人,ALD-626 発射3分前からの絶頂！！！NON STOP美熟女中出し50人,ALD-626,2013-05-04,244分鐘,,桃太郎映像出版,ALLIN☆ONE,発射3分前からの絶頂！！！,成熟的女人、已婚婦女、寡婦、中出、DMM獨家,多人,https://www.javbus.com/ALD-626
NATR-201 熟女全裸家政婦 北条麻妃,NATR-201 熟女全裸家政婦 北条麻妃,NATR-201,2013-04-26,134分鐘,TENUN,なでしこ,Nadeshiko,熟女全裸家政婦,成熟的女人、各種職業、單體作品、打手槍,北条麻妃,https://www.javbus.com/NATR-201
QXL-95 RUBY厳選！ 旅先で息子が触れる母の温もり… 母子交尾コレクション4時間 Vol.3,QXL-95 RUBY厳選！ 旅先で息子が触れる母の温もり… 母子交尾コレクション4時間 Vol.3,QXL-95,2013-04-25,240分鐘,焚魔,ルビー,RUBY,母子交尾,成熟的女人、母親、合集、亂倫、4小時以上作品,多人,https://www.javbus.com/QXL-95
AWT-049 淫語中出しソープ34 加藤ツバキ 北条麻妃,AWT-049 淫語中出しソープ34 加藤ツバキ 北条麻妃,AWT-049,2013-04-21,127分鐘,渡辺琢斗,AVScollector’s,琢斗,淫語中出しソープ,其他戀物癖、妓女、淫語、中出、主觀視角、DMM獨家,多人,https://www.javbus.com/AWT-049
DPH-114 非日常的悶絶コレクション 第十集,DPH-114 非日常的悶絶コレクション 第十集,DPH-114,2013-04-21,253分鐘,渡辺琢斗,AVScollector’s,PHANTOM夢,非日常的悶絶遊戯,其他戀物癖、合集、連褲襪、主觀視角、DMM獨家,多人,https://www.javbus.com/DPH-114
BIB-072 美2012年下半期総集編8時間,BIB-072 美2012年下半期総集編8時間,BIB-072,2013-04-20,478分鐘,,美,美,美○半期総集編,蕩婦、合集、DMM獨家,多人,https://www.javbus.com/BIB-072
PSI-239 熟女野外羞恥 恥辱に酔う30人の熟女たち 6時間,PSI-239 熟女野外羞恥 恥辱に酔う30人の熟女たち 6時間,PSI-239,2013-04-20,360分鐘,桜庭九心男,プールクラブ・エンタテインメント,PASSION（プールクラブ）,,成熟的女人、野外・露出、羞恥、4小時以上作品,多人,https://www.javbus.com/PSI-239
ARM-252 マッサージで感じちゃった僕。 その10,ARM-252 マッサージで感じちゃった僕。 その10,ARM-252,2013-04-20,121分鐘,鷲本ひろし,アロマ企画,AROMA,○○ちゃった僕,妄想、按摩、高畫質、DMM獨家、打手槍,多人,https://www.javbus.com/ARM-252
NEO-020 性格の悪い女 ブサイクイジメ 北条麻妃 高沢沙耶,NEO-020 性格の悪い女 ブサイクイジメ 北条麻妃 高沢沙耶,NEO-020,2013-04-20,139分鐘,菊淋,レイディックス,neo（パラドックス）,,成熟的女人、灌腸、舔陰,多人,https://www.javbus.com/NEO-020
JUSD-481 美熟女の物凄く下品なフェラ 花ビラ50回転8時間,JUSD-481 美熟女の物凄く下品なフェラ 花ビラ50回転8時間,JUSD-481,2013-04-20,478分鐘,,マドンナ,Madonna,,蕩婦、成熟的女人、口交、合集、已婚婦女、數位馬賽克、4小時以上作品、DMM獨家,多人,https://www.javbus.com/JUSD-481
LIA-009 四六時中クンニリングス 01,LIA-009 四六時中クンニリングス 01,LIA-009,2013-04-20,111分鐘,,プールクラブ・エンタテインメント,Philia,,野外・露出、制服、舔陰、蘿莉塔,多人,https://www.javbus.com/LIA-009
MAMA-331 浮気妻はスゴ淫です 9,MAMA-331 浮気妻はスゴ淫です 9,MAMA-331,2013-04-18,127分鐘,ジャンク斉藤,クリスタル映像,MADAMMANIAC,浮気妻はスゴ淫です,成熟的女人、已婚婦女、多P、通姦、高畫質,多人,https://www.javbus.com/MAMA-331
DDB-214 肉便器先生 北条麻妃,DDB-214 肉便器先生 北条麻妃,DDB-214,2013-04-14,103分鐘,ビーバップ・みのる,ドグマ,Dogma,肉便器先生,女教師、灌腸、拘束、凌辱、DVD多士爐、單體作品、DMM獨家,北条麻妃,https://www.javbus.com/DDB-214
VEC-064 友人の母親 北条麻妃,VEC-064 友人の母親 北条麻妃,VEC-064,2013-04-14,88分鐘,ペータ☆,VENUS,ヴィーナス（VENUS）,友人の母親,成熟的女人、強姦、潮吹、已婚婦女、69、單體作品、DMM獨家,北条麻妃,https://www.javbus.com/VEC-064
KCPJ-012 私、いい感じに熟してきました。！ 北条麻妃,KCPJ-012 私、いい感じに熟してきました。！ 北条麻妃,KCPJ-012,2013-04-08,109分鐘,KA★ZU,CREAMPIE,クリームパイ,,成熟的女人、其他戀物癖、多P、中出、高畫質、戲劇、單體作品、DMM獨家,北条麻妃,https://www.javbus.com/KCPJ-012
SCF-022 キモメンに犯される33人の美女 8時間,SCF-022 キモメンに犯される33人の美女 8時間,SCF-022,2013-04-08,478分鐘,,マルクス兄弟,MARXBrothersco.,,強姦、多P、凌辱、中出、DMM獨家,多人,https://www.javbus.com/SCF-022
MBYD-157 下着をつけたままで貪る人妻のヤラしい性交8時間,MBYD-157 下着をつけたままで貪る人妻のヤラしい性交8時間,MBYD-157,2013-04-07,478分鐘,,溜池ゴロー,溜池ゴロー,,合集、已婚婦女、數位馬賽克、DMM獨家,多人,https://www.javbus.com/MBYD-157
RCT-483 電流アクメ ～勃起クリトリス電極責め～ 10時間全作品集,RCT-483 電流アクメ ～勃起クリトリス電極責め～ 10時間全作品集,RCT-483,2013-04-07,609分鐘,,ROCKET,ROCKET,電流アクメ,潮吹、合集、4小時以上作品、女優按摩棒、高畫質,多人,https://www.javbus.com/RCT-483
JUSD-477 美熟女ソープ壺姫御殿 極上泡姫総集編8時間,JUSD-477 美熟女ソープ壺姫御殿 極上泡姫総集編8時間,JUSD-477,2013-04-04,478分鐘,,マドンナ,Madonna,美熟女ソープ壺姫御殿,成熟的女人、合集、妓女、各種職業、數位馬賽克、巨乳、DMM獨家,多人,https://www.javbus.com/JUSD-477
DKTM-005 義母のブラが浮いています 北条麻妃,DKTM-005 義母のブラが浮いています 北条麻妃,DKTM-005,2013-04-02,119分鐘,紋℃,タカラ映像,タカラ映像,○○のブラが浮いています。,婆婆、高畫質、單體作品,北条麻妃,https://www.javbus.com/DKTM-005
FAJS-010 浮気がしたい人妻たち,FAJS-010 浮気がしたい人妻たち,FAJS-010,2013-03-29,102分鐘,赤羽菊次郎,FAプロ・プラチナ,FAプロ熟女,,成熟的女人、女醫生、已婚婦女、通姦、戲劇、DMM獨家,多人,https://www.javbus.com/FAJS-010
BIB-070 働くお姉さんにイカされたい8時間,BIB-070 働くお姉さんにイカされたい8時間,BIB-070,2013-03-17,478分鐘,,美,美,,蕩婦、合集、各種職業、DMM獨家,多人,https://www.javbus.com/BIB-070
TYWD-039 女がガムシャラに腰を振る淫乱熱情SEX82連発4時間,TYWD-039 女がガムシャラに腰を振る淫乱熱情SEX82連発4時間,TYWD-039,2013-03-14,238分鐘,,乱丸,乱丸,,合集、數位馬賽克、女上位、DMM獨家,多人,https://www.javbus.com/TYWD-039
AVSW-018 北条麻妃の世界 Part.2,AVSW-018 北条麻妃の世界 Part.2,AVSW-018,2013-03-09,250分鐘,,AVScollector’s,AVS,○○の世界,成熟的女人、苗條、合集、單體作品、DMM獨家,北条麻妃,https://www.javbus.com/AVSW-018
SCF-018 もの凄い淫乱痴女30人4時間,SCF-018 もの凄い淫乱痴女30人4時間,SCF-018,2013-03-09,240分鐘,,マルクス兄弟,MARXBrothersco.,,蕩婦、乳交、中出、DMM獨家、打手槍,多人,https://www.javbus.com/SCF-018
MAMA-324 熟女の営むエステサロン 8 絶対あるある裏メニュー,MAMA-324 熟女の営むエステサロン 8 絶対あるある裏メニュー,MAMA-324,2013-03-08,151分鐘,大田ケンイチ,クリスタル映像,MADAMMANIAC,熟女の営むエステサロン,成熟的女人、美容院、高畫質、巨乳,多人,https://www.javbus.com/MAMA-324
ARMM-033 北条麻妃と舌をベロベロに絡ませ合いながら堀口奈津美に肉棒しゃぶり溶かされる死んでもいいほど贅沢な3Pセックス,ARMM-033 北条麻妃と舌をベロベロに絡ませ合いながら堀口奈津美に肉棒しゃぶり溶かされる死んでもいいほど贅沢な3Pセックス,ARMM-033,2013-03-08,129分鐘,角脇しげお,アロマ企画,AROMAM-30,,蕩婦、成熟的女人、濫交、姐姐、多P、高畫質、DMM獨家,多人,https://www.javbus.com/ARMM-033
MBYD-156 絶頂寸前の最高に気持ちのいい激ピストン8時間,MBYD-156 絶頂寸前の最高に気持ちのいい激ピストン8時間,MBYD-156,2013-03-08,478分鐘,,溜池ゴロー,溜池ゴロー,,成熟的女人、合集、已婚婦女、數位馬賽克、出軌、DMM獨家,多人,https://www.javbus.com/MBYD-156
RCT-475 衝撃！男の頭までスッポリ入るメガマ○コ スカルファック10時間全作品集,RCT-475 衝撃！男の頭までスッポリ入るメガマ○コ スカルファック10時間全作品集,RCT-475,2013-03-07,600分鐘,,ROCKET,ROCKET,衝撃！男の頭までスッポリ入るメガマ○コ,潮吹、合集、拳交、4小時以上作品、高畫質、肛交,多人,https://www.javbus.com/RCT-475
QXL-91 RUBY厳選！親友の母コレクション4時間 Vol.2,QXL-91 RUBY厳選！親友の母コレクション4時間 Vol.2,QXL-91,2013-03-07,239分鐘,CHIKABUN,ルビー,RUBY,親友の母（ルビー）,成熟的女人、合集、已婚婦女、4小時以上作品,多人,https://www.javbus.com/QXL-91
MZQ-005 熟女突撃隊！8時間,MZQ-005 熟女突撃隊！8時間,MZQ-005,2013-03-02,480分鐘,,プレステージ,マジッククオリティ,,成熟的女人、舔陰、4小時以上作品、巨乳,多人,https://www.javbus.com/MZQ-005
KMDS-20118 人妻パンスト家庭教師 北条麻妃,KMDS-20118 人妻パンスト家庭教師 北条麻妃,KMDS-20118,2013-03-01,92分鐘,,カマタ映像,弁天,,家教、連褲襪、已婚婦女、高畫質、單體作品,多人,https://www.javbus.com/KMDS-20118
JUSD-471 2012年マドンナ下半期161タイトル8時間,JUSD-471 2012年マドンナ下半期161タイトル8時間,JUSD-471,2013-03-01,478分鐘,,マドンナ,Madonna,マドンナ○半期,成熟的女人、母親、合集、亂倫、已婚婦女、數位馬賽克、4小時以上作品、DMM獨家,多人,https://www.javbus.com/JUSD-471
HODV-20859 美女が男のアナルを舐めまくる100連発,HODV-20859 美女が男のアナルを舐めまくる100連発,HODV-20859,2013-03-01,241分鐘,ヘリ,h.m.p,h.m.p,,蕩婦、其他戀物癖、巨乳,多人,https://www.javbus.com/HODV-20859
UMD-010 黒人イマラチオ集,UMD-010 黒人イマラチオ集,UMD-010,2013-02-28,239分鐘,,グローバルメディアエンタテインメント,ULTRAMIX,,成熟的女人、強姦、合集、數位馬賽克、深喉、高畫質、黑人演員,多人,https://www.javbus.com/UMD-010
BDSR-122R 中出し！！ 100人 Extreme BEST 8時間,BDSR-122R 中出し！！ 100人 Extreme BEST 8時間,BDSR-122R,2013-02-25,481分鐘,ながふちつよし,ビッグモーカル,BIGMORKAL,,合集、中出、4小時以上作品、高畫質,多人,https://www.javbus.com/BDSR-122R
WING-030 中出しお義母さんが教えてあげる 3 ブルーレイスペシャル版,WING-030 中出しお義母さんが教えてあげる 3 ブルーレイスペシャル版,WING-030,2013-02-25,121分鐘,杉崎仁,ビッグモーカル,HD-WING,中出しお義母さんが教えてあげる,亂倫、中出、婆婆、高畫質,多人,https://www.javbus.com/WING-030
MILD-813 堕ちた美淑女 義理の息子を拒みきれずに… 一条綺美香 48歳,MILD-813 堕ちた美淑女 義理の息子を拒みきれずに… 一条綺美香 48歳,MILD-813,2013-02-18,147分鐘,来生元也,ケイ・エム・プロデュース,million（ミリオン）,,成熟的女人、性騷擾、巨乳,多人,https://www.javbus.com/MILD-813
NSPS-186 初コラボ！！ながえSTYLE×マドンナ ボロアパートの身売り事情！ 肉欲地獄に堕ちる母 後編 北条麻妃,NSPS-186 初コラボ！！ながえSTYLE×マドンナ ボロアパートの身売り事情！ 肉欲地獄に堕ちる母 後編 北条麻妃,NSPS-186,2013-02-18,155分鐘,ながえ,サイドビー,ながえSTYLE,ボロアパートの身売り事情！肉欲地獄に堕ちる母,成熟的女人、亂倫、已婚婦女、戲劇、單體作品,北条麻妃,https://www.javbus.com/NSPS-186
RKI-240 ど・淫乱 ど・すけべ ど・変態 心の底からエロオーラ全開SEX16時間,RKI-240 ど・淫乱 ど・すけべ ど・変態 心の底からエロオーラ全開SEX16時間,RKI-240,2013-02-10,958分鐘,,ROOKIE,ROOKIE,,合集、中出、DMM獨家,多人,https://www.javbus.com/RKI-240
CADV-369 完熟マダムPREMIUM 8時間,CADV-369 完熟マダムPREMIUM 8時間,CADV-369,2013-02-02,479分鐘,,クリスタル映像,CRYSTALEX,完熟マダムPREMIUM,成熟的女人、已婚婦女、4小時以上作品,多人,https://www.javbus.com/CADV-369
JUSD-466 背徳スワッピングに溺れた20組8時間,JUSD-466 背徳スワッピングに溺れた20組8時間,JUSD-466,2013-02-02,478分鐘,,マドンナ,Madonna,,成熟的女人、合集、已婚婦女、多P、數位馬賽克、羞恥、DMM獨家,多人,https://www.javbus.com/JUSD-466
VEZZ-008 美熟女レズマンション～ようこそラ・レズメゾンLa lesmaisonへ～ 北条麻妃 三浦恵理子 柳田やよい,VEZZ-008 美熟女レズマンション～ようこそラ・レズメゾンLa lesmaisonへ～ 北条麻妃 三浦恵理子 柳田やよい,VEZZ-008,2013-01-27,125分鐘,玉塚びんご,VENUS,Butch,,成熟的女人、女同性戀、已婚婦女、多P、女同接吻,多人,https://www.javbus.com/VEZZ-008
HYAKU-020 100人8時間 AV女優厳選ベスト100,HYAKU-020 100人8時間 AV女優厳選ベスト100,HYAKU-020,2013-01-24,475分鐘,奥山光輝,ケイ・エム・プロデュース,100人,100人8時間,合集、乳房、4小時以上作品、巨乳,多人,https://www.javbus.com/HYAKU-020
BIB-066 美4周年記念 淫乱痴女SPECIAL 108TITLE8時間,BIB-066 美4周年記念 淫乱痴女SPECIAL 108TITLE8時間,BIB-066,2013-01-20,478分鐘,,美,美,,蕩婦、合集、姐姐、DMM獨家,多人,https://www.javbus.com/BIB-066
BIB-067 発射寸前のものすごく気持ち良い淫口フェラチオ6時間,BIB-067 発射寸前のものすごく気持ち良い淫口フェラチオ6時間,BIB-067,2013-01-20,358分鐘,,美,美,,蕩婦、口交、合集、DMM獨家,多人,https://www.javbus.com/BIB-067
RCT-461 お仕置きビンタから潮まみれレズ調教,RCT-461 お仕置きビンタから潮まみれレズ調教,RCT-461,2013-01-20,131分鐘,ささきうずまき,ROCKET,ROCKET,,OL、女同性戀、女教師、潮吹、性奴、高畫質,多人,https://www.javbus.com/RCT-461
UMD-009 人の女房を犯す！,UMD-009 人の女房を犯す！,UMD-009,2013-01-16,240分鐘,,グローバルメディアエンタテインメント,ULTRAMIX,,強姦、已婚婦女、凌辱、4小時以上作品、高畫質,多人,https://www.javbus.com/UMD-009
YUYU-018 S級レズビアン,YUYU-018 S級レズビアン,YUYU-018,2013-01-14,242分鐘,,ゆり★ゆり,ゆり★ゆり,S級レズビアン,女同性戀、合集、女同接吻、DMM獨家,多人,https://www.javbus.com/YUYU-018
RKI-234 プリッ尻を鷲づかみ！ お尻丸犯し 高画質で掴みたくなる16時間,RKI-234 プリッ尻を鷲づかみ！ お尻丸犯し 高画質で掴みたくなる16時間,RKI-234,2013-01-13,958分鐘,,ROOKIE,ROOKIE,,合集、屁股、4小時以上作品、高畫質、DMM獨家,多人,https://www.javbus.com/RKI-234
TYWD-037 淫乱美熟女FUCK4時間,TYWD-037 淫乱美熟女FUCK4時間,TYWD-037,2013-01-13,238分鐘,,乱丸,乱丸,,成熟的女人、濫交、潮吹、合集、花癡、DMM獨家,多人,https://www.javbus.com/TYWD-037
RKI-235 自宅でエッチしよ 美女50人の訪問SEX 16時間,RKI-235 自宅でエッチしよ 美女50人の訪問SEX 16時間,RKI-235,2013-01-13,958分鐘,,ROOKIE,ROOKIE,,企畫、合集、4小時以上作品、DMM獨家,多人,https://www.javbus.com/RKI-235
AUKG-156 マンズリぬる濡れ濃縮官能絵巻 淫獣レズ狂乱 滝口シルヴィア監督レズ作品集2,AUKG-156 マンズリぬる濡れ濃縮官能絵巻 淫獣レズ狂乱 滝口シルヴィア監督レズ作品集2,AUKG-156,2013-01-12,247分鐘,,U＆K,U＆K,滝口シルヴィア監督レズ作品集,蕩婦、成熟的女人、女同性戀、合集、女同接吻、女生,多人,https://www.javbus.com/AUKG-156
SCF-008 対面オナニー＆相互愛撫 厳選淫乱女優24名！！,SCF-008 対面オナニー＆相互愛撫 厳選淫乱女優24名！！,SCF-008,2013-01-12,241分鐘,,マルクス兄弟,MARXBrothersco.,,自慰、打手槍,多人,https://www.javbus.com/SCF-008
MBYD-152 なぜ彼女たちは犯されてしまったのか ドラマシーンもしっかり収録！凌辱作品傑作選！,MBYD-152 なぜ彼女たちは犯されてしまったのか ドラマシーンもしっかり収録！凌辱作品傑作選！,MBYD-152,2013-01-11,478分鐘,,溜池ゴロー,溜池ゴロー,,成熟的女人、強姦、合集、數位馬賽克、DMM獨家,多人,https://www.javbus.com/MBYD-152
MKCK-058 BEST OF E-BODY LOVERS 2012,MKCK-058 BEST OF E-BODY LOVERS 2012,MKCK-058,2013-01-11,478分鐘,,E-BODY,E-BODY,BESTOFE-BODYLOVERS,苗條、合集、屁股、女上位、4小時以上作品、巨乳、DMM獨家,多人,https://www.javbus.com/MKCK-058
DBR-61 2012年RUBY年鑑 Vol.1 ルビー色の美熟女たち,DBR-61 2012年RUBY年鑑 Vol.1 ルビー色の美熟女たち,DBR-61,2013-01-09,241分鐘,ハクション翼,ルビー,RUBY,ルビー年鑑,成熟的女人、合集、4小時以上作品,多人,https://www.javbus.com/DBR-61
MAMA-313 人妻デリバリー 31,MAMA-313 人妻デリバリー 31,MAMA-313,2013-01-08,149分鐘,太田ケンイチ,クリスタル映像,MADAMMANIAC,人妻デリバリー,成熟的女人、潮吹、妓女、已婚婦女、高畫質,多人,https://www.javbus.com/MAMA-313
ALD-597 美熟女プレミアム DX,ALD-597 美熟女プレミアム DX,ALD-597,2012-12-29,241分鐘,,桃太郎映像出版,ALLIN☆ONE,,成熟的女人、已婚婦女、多P,多人,https://www.javbus.com/ALD-597
DBUD-020 団地妻の昼下がり 8人の妻、真昼の情事8篇 シリーズ団地妻コンプリート！★完全無欠★,DBUD-020 団地妻の昼下がり 8人の妻、真昼の情事8篇 シリーズ団地妻コンプリート！★完全無欠★,DBUD-020,2012-12-29,930分鐘,ブッダ☆佐藤,桃太郎映像出版,仏陀madam,団地妻の昼下がり,合集、已婚婦女、凌辱、中出,多人,https://www.javbus.com/DBUD-020
DVDES-577 レズバトルに溺れる人妻たち…。 ～愛欲にまみれた昼下がりの情事～ 北条麻妃 結城みさ,DVDES-577 レズバトルに溺れる人妻たち…。 ～愛欲にまみれた昼下がりの情事～ 北条麻妃 結城みさ,DVDES-577,2012-12-22,149分鐘,井坂朋泰,ディープス,DEEP’S,,玩具、女同性戀、已婚婦女、舔陰,多人,https://www.javbus.com/DVDES-577
MAMA-311 美熟女専門 温泉出張マッサージ 2 旦那の横で悶える4人の熟女,MAMA-311 美熟女専門 温泉出張マッサージ 2 旦那の横で悶える4人の熟女,MAMA-311,2012-12-18,149分鐘,真咲南朋,クリスタル映像,MADAMMANIAC,美熟女専門温泉出張マッサージ,和服・喪服、成熟的女人、已婚婦女、按摩、高畫質、出軌,多人,https://www.javbus.com/MAMA-311
MILD-807 VERY BEST OF million 22,MILD-807 VERY BEST OF million 22,MILD-807,2012-12-17,475分鐘,奥山光輝,ケイ・エム・プロデュース,million（ミリオン）,VERYBESTOF,合集、4小時以上作品,多人,https://www.javbus.com/MILD-807
BDMILD-070 KMPドリーム2012 エッチな商店街は大騒ぎ全員集合スペシャル,BDMILD-070 KMPドリーム2012 エッチな商店街は大騒ぎ全員集合スペシャル,BDMILD-070,2012-12-17,234分鐘,秋秀人,ケイ・エム・プロデュース,million（ミリオン）,ミリオン・ドリーム,角色扮演、各種職業、多P、4小時以上作品、高畫質,多人,https://www.javbus.com/BDMILD-070
JUC-991 マドンナ9周年記念作品 初コラボ！！ながえSTYLE×マドンナ ボロアパートの身売り事情！ 肉欲地獄に堕ちる母 前編 北条麻妃,JUC-991 マドンナ9周年記念作品 初コラボ！！ながえSTYLE×マドンナ ボロアパートの身売り事情！ 肉欲地獄に堕ちる母 前編 北条麻妃,JUC-991,2012-12-16,115分鐘,ながえ,マドンナ,Madonna,ボロアパートの身売り事情！肉欲地獄に堕ちる母,成熟的女人、亂倫、已婚婦女、數位馬賽克、DVD多士爐、高畫質、出軌、單體作品、DMM獨家,北条麻妃,https://www.javbus.com/JUC-991
ANHD-021 淫乱熟女レズビアン8時間,ANHD-021 淫乱熟女レズビアン8時間,ANHD-021,2012-12-13,479分鐘,,アンナと花子,アンナと花子,,成熟的女人、女同性戀、合集、花癡、舔陰、DMM獨家,多人,https://www.javbus.com/ANHD-021
TYOD-174 イグイグ大乱交 淫乱美熟女大乱交,TYOD-174 イグイグ大乱交 淫乱美熟女大乱交,TYOD-174,2012-12-13,237分鐘,紫丸,乱丸,乱丸,イグイグ大乱交,蕩婦、成熟的女人、濫交、淫語、花癡、數位馬賽克、高畫質、DMM獨家,多人,https://www.javbus.com/TYOD-174
SCF-004 たっぷり見せます！潮吹き40人4時間,SCF-004 たっぷり見せます！潮吹き40人4時間,SCF-004,2012-12-10,243分鐘,,マルクス兄弟,MARXBrothersco.,,潮吹、手指插入、女優按摩棒,多人,https://www.javbus.com/SCF-004
MKCK-055 E-BODY24時間 E-BODY5周年記念作品,MKCK-055 E-BODY24時間 E-BODY5周年記念作品,MKCK-055,2012-12-09,1438分鐘,,E-BODY,E-BODY,,合集、戀乳癖、高、女上位、巨乳、DMM獨家,多人,https://www.javbus.com/MKCK-055
MBYD-149 欲求不満を見透かされて…マッサージで感じてイカされた女達！,MBYD-149 欲求不満を見透かされて…マッサージで感じてイカされた女達！,MBYD-149,2012-12-09,239分鐘,,溜池ゴロー,溜池ゴロー,,成熟的女人、合集、數位馬賽克、按摩、DMM獨家,多人,https://www.javbus.com/MBYD-149
UMD-007 黒人巨大マラで苦痛にヨガる熟女20人,UMD-007 黒人巨大マラで苦痛にヨガる熟女20人,UMD-007,2012-12-05,240分鐘,,グローバルメディアエンタテインメント,ULTRAMIX,,成熟的女人、強姦、合集、數位馬賽克、4小時以上作品、黑人演員,多人,https://www.javbus.com/UMD-007
MLW-3022 ご奉仕美女たちのお宅訪問性処理サービス,MLW-3022 ご奉仕美女たちのお宅訪問性処理サービス,MLW-3022,2012-12-01,135分鐘,,MellowMoon,MellowMoon,,乳交、多P、處男,多人,https://www.javbus.com/MLW-3022
WANZ-033 人妻寝撮られ奴隷契約 北条麻妃,WANZ-033 人妻寝撮られ奴隷契約 北条麻妃,WANZ-033,2012-12-01,118分鐘,SARJI,ワンズファクトリー,WANZ,人妻寝撮られ奴隷契約,已婚婦女、性奴、DVD多士爐、高畫質、出軌、單體作品、DMM獨家,北条麻妃,https://www.javbus.com/WANZ-033
MCSR-081R 極上美人妻 8時間BEST 第3章,MCSR-081R 極上美人妻 8時間BEST 第3章,MCSR-081R,2012-11-25,481分鐘,ながふちつよし,ビッグモーカル,マスカット,極上○○8時間BEST,業餘、合集、已婚婦女、4小時以上作品、高畫質,多人,https://www.javbus.com/MCSR-081R
MCSR-080 美熟女野獣FUCK 完全撮り下ろし 3時間,MCSR-080 美熟女野獣FUCK 完全撮り下ろし 3時間,MCSR-080,2012-11-25,181分鐘,ながふちつよし,ビッグモーカル,マスカット,,成熟的女人、多P、高畫質、巨乳,多人,https://www.javbus.com/MCSR-080
LIA-112 オナニー中毒 100人の変態すぎるキ●ガイ自慰行為 下巻 6時間,LIA-112 オナニー中毒 100人の変態すぎるキ●ガイ自慰行為 下巻 6時間,LIA-112,2012-11-24,357分鐘,,プールクラブ・エンタテインメント,Philia,オナニー中毒,野外・露出、紧缚、合集、4小時以上作品、按摩棒、自慰,多人,https://www.javbus.com/LIA-112
BIB-062 男根一本に群がる淫女達8時間,BIB-062 男根一本に群がる淫女達8時間,BIB-062,2012-11-22,479分鐘,,美,美,男根一本に群がる○○,蕩婦、合集、花癡、姐姐、多P、4小時以上作品、DMM獨家,多人,https://www.javbus.com/BIB-062
JUSD-450 息子の友達のチ○ポでイキまくる母 8時間,JUSD-450 息子の友達のチ○ポでイキまくる母 8時間,JUSD-450,2012-11-22,478分鐘,,マドンナ,Madonna,,成熟的女人、合集、已婚婦女、數位馬賽克、凌辱、4小時以上作品、出軌、DMM獨家,多人,https://www.javbus.com/JUSD-450
OKJU-021 セレブ妻が通う恵比寿高級オイルエステサロン 3,OKJU-021 セレブ妻が通う恵比寿高級オイルエステサロン 3,OKJU-021,2012-11-19,233分鐘,末武有情,ケイ・エム・プロデュース,おか熟。,セレブ妻が通う恵比寿高級オイルエステサロン,成熟的女人、已婚婦女、4小時以上作品、美容院,多人,https://www.javbus.com/OKJU-021
YMY-008 月刊 モーレツ 男の妄想炸裂！エロビデオ 北条麻妃,YMY-008 月刊 モーレツ 男の妄想炸裂！エロビデオ 北条麻妃,YMY-008,2012-11-13,104分鐘,BURIKAMA,夢屋,夢屋（夢屋）,月刊モーレツ,成熟的女人、亂倫、寡婦、妄想、中出、單體作品、DMM獨家,北条麻妃,https://www.javbus.com/YMY-008
NOPA-003 ノーパンパンストで発情する女たち Ver.3 ピチピチミニスカで挑発するノーパンパンスト家政婦、麻妃さん32歳,NOPA-003 ノーパンパンストで発情する女たち Ver.3 ピチピチミニスカで挑発するノーパンパンスト家政婦、麻妃さん32歳,NOPA-003,2012-11-09,92分鐘,渡辺琢斗,AVScollector’s,琢斗,ノーパンパンストで発情する女たち,成熟的女人、各種職業、連褲襪、戀腿癖、主觀視角、單體作品、DMM獨家,北条麻妃,https://www.javbus.com/NOPA-003
MAMA-303 人妻温泉 癒し系 41,MAMA-303 人妻温泉 癒し系 41,MAMA-303,2012-11-09,130分鐘,ジャンク斉藤,クリスタル映像,MADAMMANIAC,人妻温泉癒し系,成熟的女人、已婚婦女、高畫質、巨乳,多人,https://www.javbus.com/MAMA-303
MBYD-147 疼きが止まらない美女限定の絶頂本番ベスト8時間,MBYD-147 疼きが止まらない美女限定の絶頂本番ベスト8時間,MBYD-147,2012-11-08,478分鐘,,溜池ゴロー,溜池ゴロー,,成熟的女人、合集、4小時以上作品、DMM獨家,多人,https://www.javbus.com/MBYD-147
SDMT-832 人気女子アナウンサーがお届けする！！Hで真面目な報道スポーツ番組 ‘SOD NEWS’,SDMT-832 人気女子アナウンサーがお届けする！！Hで真面目な報道スポーツ番組 ‘SOD NEWS’,SDMT-832,2012-11-06,120分鐘,宮瀬博教,SODクリエイト,SODクリエイト,人気女子アナウンサーが…,企畫、高畫質、女主播,多人,https://www.javbus.com/SDMT-832
KAGS-021 どすけべお母さんのセンズリ鑑賞 目の前の勃起チンポに興奮しちゃった美熟女たち,KAGS-021 どすけべお母さんのセンズリ鑑賞 目の前の勃起チンポに興奮しちゃった美熟女たち,KAGS-021,2012-11-04,122分鐘,三島六三郎,AFRO-FILM,赫夜姫映像,,成熟的女人、母親、其他戀物癖、打手槍,多人,https://www.javbus.com/KAGS-021
KAGS-022 6名の働くおばさん 熟れたマン臭にガマンできない,KAGS-022 6名の働くおばさん 熟れたマン臭にガマンできない,KAGS-022,2012-11-03,121分鐘,三島六三郎,AFRO-FILM,赫夜姫映像,6名の働くおばさん,成熟的女人、各種職業、花癡,多人,https://www.javbus.com/KAGS-022
GRYD-012 続続 じじいに嬲られた美くびれ奥さん生中出し 5人,GRYD-012 続続 じじいに嬲られた美くびれ奥さん生中出し 5人,GRYD-012,2012-11-02,196分鐘,三こすり半イク蔵,桃太郎映像出版,我流,じじいに嬲られた○○,已婚婦女、凌辱、中出、DMM獨家,多人,https://www.javbus.com/GRYD-012
JUC-957 人妻野外露出レズ 志保 北条麻妃,JUC-957 人妻野外露出レズ 志保 北条麻妃,JUC-957,2012-11-01,118分鐘,三島六三郎,マドンナ,Madonna,,成熟的女人、放尿、女同性戀、野外・露出、已婚婦女、數位馬賽克、DVD多士爐、高畫質、DMM獨家,多人,https://www.javbus.com/JUC-957
MLW-2030 イヤラシすぎる美人妻 ～淫ら誘惑 北条麻妃,MLW-2030 イヤラシすぎる美人妻 ～淫ら誘惑 北条麻妃,MLW-2030,2012-10-30,121分鐘,ライス☆林,MellowMoon,MellowMoon,,成熟的女人、已婚婦女、多P、中出、出軌、單體作品,北条麻妃,https://www.javbus.com/MLW-2030
LIA-111 顔面パンストエクスタシー,LIA-111 顔面パンストエクスタシー,LIA-111,2012-10-29,239分鐘,,プールクラブ・エンタテインメント,Philia,,其他戀物癖、連褲襪、4小時以上作品,多人,https://www.javbus.com/LIA-111
VENU-283 義母相姦 母子ゲーム 北条麻妃,VENU-283 義母相姦 母子ゲーム 北条麻妃,VENU-283,2012-10-27,90分鐘,ペータ☆,VENUS,女神（ヴィーナス）,義母相姦（VENUS）,成熟的女人、已婚婦女、女上位、手指插入、婆婆、單體作品,北条麻妃,https://www.javbus.com/VENU-283
MADA-052 天下分け目の嫁姑 北条麻妃 前田陽菜,MADA-052 天下分け目の嫁姑 北条麻妃 前田陽菜,MADA-052,2012-10-25,124分鐘,倉田大明,マダムス,マダムス,,成熟的女人、潮吹、已婚婦女、多P,多人,https://www.javbus.com/MADA-052
BDMILD-066 女系家族 もしもスーパーアイドルが僕と家族だったら… 3時間スペシャル,BDMILD-066 女系家族 もしもスーパーアイドルが僕と家族だったら… 3時間スペシャル,BDMILD-066,2012-10-24,172分鐘,望永斉,ケイ・エム・プロデュース,million（ミリオン）,もしも○○だったら…,潮吹、亂倫、69、高畫質,多人,https://www.javbus.com/BDMILD-066
MADV-267 高級ソープ 三十路編 13,MADV-267 高級ソープ 三十路編 13,MADV-267,2012-10-21,149分鐘,大田ケンイチ,クリスタル映像,MANIAC（クリスタル）,高級ソープ三十路編,成熟的女人、妓女、高畫質、巨乳,多人,https://www.javbus.com/MADV-267
ACE-030 Shake Body Ver.28,ACE-030 Shake Body Ver.28,ACE-030,2012-10-21,99分鐘,渡辺琢斗,AVScollector’s,麗羅,ShakeBody,其他戀物癖、連褲襪、緊身衣、高畫質、單體作品、DMM獨家、內衣,北条麻妃,https://www.javbus.com/ACE-030
BEB-075 裏美熟痴女の本気フィーリングカップル温泉,BEB-075 裏美熟痴女の本気フィーリングカップル温泉,BEB-075,2012-10-20,156分鐘,ザック荒井,美,美ッ痴,,成熟的女人、第一人稱攝影、高畫質、DMM獨家,多人,https://www.javbus.com/BEB-075
RCT-436 淫語女子アナ,RCT-436 淫語女子アナ,RCT-436,2012-10-20,122分鐘,ささきうずまき,ROCKET,ROCKET,淫語女子アナ,企畫、淫語、高畫質、女主播,多人,https://www.javbus.com/RCT-436
CRAD-061 家族揃って変態揃い！近親相姦の禁忌 4時間,CRAD-061 家族揃って変態揃い！近親相姦の禁忌 4時間,CRAD-061,2012-10-19,239分鐘,,クロス,CROSS,,母親、合集、亂倫、多P、數位馬賽克、DMM獨家,多人,https://www.javbus.com/CRAD-061
RKI-213 超ド級！！！美熟女100人盛り16時間,RKI-213 超ド級！！！美熟女100人盛り16時間,RKI-213,2012-10-14,958分鐘,,ROOKIE,ROOKIE,,成熟的女人、合集、DMM獨家,多人,https://www.javbus.com/RKI-213
MAC-015 闇の事件簿・近親相姦集団レイプ… 汚れた血脈の一族,MAC-015 闇の事件簿・近親相姦集団レイプ… 汚れた血脈の一族,MAC-015,2012-10-13,113分鐘,あばしり一家,グローバルメディアエンタテインメント,mother＆child,闇の事件簿・近親相姦集団レイプ…,強姦、亂倫、多P、數位馬賽克、中出、高畫質、戲劇,多人,https://www.javbus.com/MAC-015
MADV-264 有名女優が通う高級レズソープ 5,MADV-264 有名女優が通う高級レズソープ 5,MADV-264,2012-10-06,178分鐘,真咲南朋,クリスタル映像,MANIAC（クリスタル）,有名女優が通う高級レズソープ,女同性戀、妓女、多P、手指插入、高畫質,多人,https://www.javbus.com/MADV-264
HODV-20813 恥ずかしいお尻がよ～く見える いろんな尻責め100連発,HODV-20813 恥ずかしいお尻がよ～く見える いろんな尻責め100連発,HODV-20813,2012-10-05,240分鐘,ヘリ,h.m.p,h.m.p,,屁股、女上位、4小時以上作品、肛交,多人,https://www.javbus.com/HODV-20813
VOLD-027 あなたごめんなさい。義父、義弟が犯す！未亡人・団地妻たち4時間 2,VOLD-027 あなたごめんなさい。義父、義弟が犯す！未亡人・団地妻たち4時間 2,VOLD-027,2012-10-02,244分鐘,奥山光輝,ボリューミー,VOLUMY,あなたごめんなさい。,成熟的女人、已婚婦女、寡婦、巨乳,多人,https://www.javbus.com/VOLD-027
AIED-020 美魔女 ひとりHセレクション 潮電マ編,AIED-020 美魔女 ひとりHセレクション 潮電マ編,AIED-020,2012-09-29,141分鐘,,アイ映像/妄想族,アイ映像/妄想族,美魔女ひとりHセレクション,成熟的女人、潮吹、合集、女優按摩棒、DMM獨家、自慰,多人,https://www.javbus.com/AIED-020
MCSR-074 中出し人妻不倫旅行 26,MCSR-074 中出し人妻不倫旅行 26,MCSR-074,2012-09-25,121分鐘,YUMEJI,ビッグモーカル,マスカット,中出し人妻不倫旅行,成熟的女人、已婚婦女、通姦、中出、高畫質、單體作品,北条麻妃,https://www.javbus.com/MCSR-074
BIB-060 淫乱痴女SEX8時間,BIB-060 淫乱痴女SEX8時間,BIB-060,2012-09-21,479分鐘,,美,美,淫乱痴女SEX,蕩婦、口交、合集、各種職業、多P、DMM獨家,多人,https://www.javbus.com/BIB-060
JUSD-439 2012年マドンナ上半期151タイトル8時間,JUSD-439 2012年マドンナ上半期151タイトル8時間,JUSD-439,2012-09-21,478分鐘,,マドンナ,Madonna,マドンナ○半期,成熟的女人、母親、合集、已婚婦女、新娘、年輕妻子、數位馬賽克、4小時以上作品、DMM獨家,多人,https://www.javbus.com/JUSD-439
REAL-430 素人限定！一日宅配ソープ嬢 北条麻妃,REAL-430 素人限定！一日宅配ソープ嬢 北条麻妃,REAL-430,2012-09-20,120分鐘,K*WEST,レアルワークス,REAL（レアルワークス）,素人限定！一日宅配ソープ嬢,成熟的女人、妓女、女上位、DVD多士爐、單體作品,北条麻妃,https://www.javbus.com/REAL-430
VENU-268 幻母 禁断母子スワップ 放尿！失禁！エロ潮大噴射姉妹 北条麻妃 紫彩乃,VENU-268 幻母 禁断母子スワップ 放尿！失禁！エロ潮大噴射姉妹 北条麻妃 紫彩乃,VENU-268,2012-09-17,107分鐘,カニエ,VENUS,女神（ヴィーナス）,近親相姦幻母INCEST,成熟的女人、潮吹、亂倫、已婚婦女、姐妹,多人,https://www.javbus.com/VENU-268
AUKB-024 人妻レズ4時間 3,AUKB-024 人妻レズ4時間 3,AUKB-024,2012-09-10,245分鐘,,U＆K,U＆K,人妻レズ4時間,成熟的女人、女同性戀、合集、已婚婦女、女同接吻,多人,https://www.javbus.com/AUKB-024
LADS-119 夜這いレズビアン LADS-119,LADS-119 夜這いレズビアン LADS-119,LADS-119,2012-09-08,127分鐘,,トップマーシャル,LADIES♀ROOM,,和服・喪服、女同性戀、舔陰,多人,https://www.javbus.com/LADS-119
PSD-911 RADIX48 3rdシーズン 恥ずかしい浣腸 美女48人の丸見えアナル噴射540分,PSD-911 RADIX48 3rdシーズン 恥ずかしい浣腸 美女48人の丸見えアナル噴射540分,PSD-911,2012-08-27,539分鐘,,レイディックス,Piss,RADIX48,放尿、灌腸、羞恥、肛交,多人,https://www.javbus.com/PSD-911
MLW-5002 Mellow Moon スレンダー美熟女12人 特選ベスト4時間,MLW-5002 Mellow Moon スレンダー美熟女12人 特選ベスト4時間,MLW-5002,2012-08-27,240分鐘,,MellowMoon,MellowMoon,,成熟的女人、苗條、合集,多人,https://www.javbus.com/MLW-5002
MCSR-072 中出し近親相姦 お義父様やめて下さい 義理の父に中出しされる息子の嫁,MCSR-072 中出し近親相姦 お義父様やめて下さい 義理の父に中出しされる息子の嫁,MCSR-072,2012-08-26,121分鐘,ながふちつよし,ビッグモーカル,マスカット,中出し近親相姦お義父様やめて下さい義理の父に中出しされる息子の嫁,成熟的女人、亂倫、已婚婦女、中出、高畫質,多人,https://www.javbus.com/MCSR-072
JUSD-433 発射直後のチ○ポをむさぼる美熟女お掃除フェラ8時間,JUSD-433 発射直後のチ○ポをむさぼる美熟女お掃除フェラ8時間,JUSD-433,2012-08-24,478分鐘,,マドンナ,Madonna,発射直後のチ○ポをむさぼる美熟女お掃除フェラ,成熟的女人、母親、口交、合集、已婚婦女、數位馬賽克、DMM獨家,多人,https://www.javbus.com/JUSD-433
OKJU-001 夢の美熟女回春エステサロン,OKJU-001 夢の美熟女回春エステサロン,OKJU-001,2012-08-22,235分鐘,EKIMOTO,ケイ・エム・プロデュース,おか熟。,夢の美熟女回春エステサロン,成熟的女人、美容院、足交,多人,https://www.javbus.com/OKJU-001
MADA-032 兄嫁は僕のモノ 北条麻妃,MADA-032 兄嫁は僕のモノ 北条麻妃,MADA-032,2012-08-22,114分鐘,秋秀人,マダムス,マダムス,兄嫁は僕のモノ,成熟的女人、亂倫、已婚婦女、DVD多士爐、單體作品,北条麻妃,https://www.javbus.com/MADA-032
LADS-118 禁断レズ調教3 女の肉欲に目覚め溺れゆく女達,LADS-118 禁断レズ調教3 女の肉欲に目覚め溺れゆく女達,LADS-118,2012-08-16,121分鐘,,トップマーシャル,LADIES♀ROOM,禁断レズ調教,成熟的女人、女同性戀、性奴、拘束、舔陰,多人,https://www.javbus.com/LADS-118
AAJB-141 【AV30】黒人巨大マラVSニッポンの熟女 熟女総合メーカーグローバルメディア完全保存版 8時間,AAJB-141 【AV30】黒人巨大マラVSニッポンの熟女 熟女総合メーカーグローバルメディア完全保存版 8時間,AAJB-141,2012-08-13,478分鐘,,グローバルメディアエンタテインメント,AV30,,成熟的女人、合集、數位馬賽克、黑人演員,多人,https://www.javbus.com/AAJB-141
AAJB-118 【AV30】タカラ映像 100人8時間,AAJB-118 【AV30】タカラ映像 100人8時間,AAJB-118,2012-08-13,482分鐘,,タカラ映像,AV30,,成熟的女人、合集、已婚婦女,多人,https://www.javbus.com/AAJB-118
AAJB-138 【AV30】ルビー創立20周年記念作品ガッツリ魅せます！歴代売上ランキングBEST60,AAJB-138 【AV30】ルビー創立20周年記念作品ガッツリ魅せます！歴代売上ランキングBEST60,AAJB-138,2012-08-13,482分鐘,,ルビー,AV30,,成熟的女人、合集、4小時以上作品,多人,https://www.javbus.com/AAJB-138
RKI-200 中出しベストの逸品 ドックドク生中出し100人24時間,RKI-200 中出しベストの逸品 ドックドク生中出し100人24時間,RKI-200,2012-08-12,1438分鐘,,ROOKIE,ROOKIE,,其他戀物癖、合集、中出、DMM獨家,多人,https://www.javbus.com/RKI-200
RKI-201 お漏らしが止まらない！気持ちよすぎる失禁・羞恥お漏らし200人16時間,RKI-201 お漏らしが止まらない！気持ちよすぎる失禁・羞恥お漏らし200人16時間,RKI-201,2012-08-12,958分鐘,,ROOKIE,ROOKIE,,放尿、合集、羞恥、DMM獨家,多人,https://www.javbus.com/RKI-201
TYWD-032 とってもエロ～い女の舌！全身ベロベロ男体舐め狂い集,TYWD-032 とってもエロ～い女の舌！全身ベロベロ男体舐め狂い集,TYWD-032,2012-08-12,239分鐘,,乱丸,乱丸,,口交、其他戀物癖、合集、花癡、DMM獨家,多人,https://www.javbus.com/TYWD-032
GFT-162 痴女軍団があなたの自宅へ電撃訪問！,GFT-162 痴女軍団があなたの自宅へ電撃訪問！,GFT-162,2012-08-11,127分鐘,,GALLOP,GIFT,,蕩婦、成熟的女人、高、故事集,多人,https://www.javbus.com/GFT-162
AAJB-104 【AV30】S級熟女決定版！！ベストオブ義母中出し 4時間,AAJB-104 【AV30】S級熟女決定版！！ベストオブ義母中出し 4時間,AAJB-104,2012-08-10,241分鐘,,VENUS,AV30,,成熟的女人、合集、已婚婦女、中出、婆婆,多人,https://www.javbus.com/AAJB-104
AAJB-135 【AV30】MILUカタログ 狂一 VS Dopamix,AAJB-135 【AV30】MILUカタログ 狂一 VS Dopamix,AAJB-135,2012-08-10,239分鐘,DOPAMIX,ミル,AV30,,其他戀物癖、合集、連褲襪、屁股、戀腿癖,多人,https://www.javbus.com/AAJB-135
MBYD-142 熟女がイク瞬間4時間 Vol.2,MBYD-142 熟女がイク瞬間4時間 Vol.2,MBYD-142,2012-08-09,239分鐘,,溜池ゴロー,溜池ゴロー,熟女がイク瞬間,成熟的女人、合集、數位馬賽克、巨乳、DMM獨家,多人,https://www.javbus.com/MBYD-142
AAJB-009 【AV30】今でも見たい熟女から旬な熟女まで総まとめ！ BEST HIT美熟女,AAJB-009 【AV30】今でも見たい熟女から旬な熟女まで総まとめ！ BEST HIT美熟女,AAJB-009,2012-08-09,479分鐘,,溜池ゴロー,AV30,BESTHIT美熟女,成熟的女人、合集、已婚婦女、4小時以上作品、DMM獨家,多人,https://www.javbus.com/AAJB-009
AAJB-005 【AV30】AV30×Madonnaマドンナが愛した美熟女30人8時間,AAJB-005 【AV30】AV30×Madonnaマドンナが愛した美熟女30人8時間,AAJB-005,2012-08-09,478分鐘,,マドンナ,AV30,,成熟的女人、合集、已婚婦女、凌辱、巨乳、DMM獨家,多人,https://www.javbus.com/AAJB-005
KAGS-019 出演直後の控室で人気AV女優6名にビンビン勃起チンポを見せたらまだまだとヤリ足りなくて発情しっぱなしだったのですぐにイカされちゃいました！,KAGS-019 出演直後の控室で人気AV女優6名にビンビン勃起チンポを見せたらまだまだとヤリ足りなくて発情しっぱなしだったのですぐにイカされちゃいました！,KAGS-019,2012-08-07,122分鐘,網走ゴロー,AFRO-FILM,赫夜姫映像,,成熟的女人、乳交、巨乳,多人,https://www.javbus.com/KAGS-019
SDMT-757 アナル初解禁＆1本限りのSOD独占契約！初めての二穴同時「真正中出し」FUCK 北条麻妃,SDMT-757 アナル初解禁＆1本限りのSOD独占契約！初めての二穴同時「真正中出し」FUCK 北条麻妃,SDMT-757,2012-08-05,140分鐘,原田のんき,SODクリエイト,SODクリエイト,,成熟的女人、數位馬賽克、中出、單體作品、肛交,北条麻妃,https://www.javbus.com/SDMT-757
HODV-20795 熟女スタイル SUPER STARS 8時間,HODV-20795 熟女スタイル SUPER STARS 8時間,HODV-20795,2012-08-04,478分鐘,一平,h.m.p,h.m.p,SUPER★STARS,成熟的女人、多P、4小時以上作品,多人,https://www.javbus.com/HODV-20795
BID-033 美熟痴女の温泉ツアー,BID-033 美熟痴女の温泉ツアー,BID-033,2012-07-21,178分鐘,ザック荒井,美,DELUXE,,蕩婦、成熟的女人、濫交、口交、多P、高畫質、DMM獨家,多人,https://www.javbus.com/BID-033
WSP-100 一撃！！舌上発射 至極の20連弾！！ BEST4時間,WSP-100 一撃！！舌上発射 至極の20連弾！！ BEST4時間,WSP-100,2012-07-20,239分鐘,,ワープエンタテインメント,S＋,一撃！！舌上発射,其他戀物癖、合集、眼鏡、吞精,多人,https://www.javbus.com/WSP-100
HTMS-012 接吻！（やる！）,HTMS-012 接吻！（やる！）,HTMS-012,2012-07-13,111分鐘,ヘンリー塚本,FAプロ・プラチナ,ヘンリー塚本マニアック,,其他戀物癖、舔陰、女上位、戲劇,多人,https://www.javbus.com/HTMS-012
AUKS-023 変態性欲～美熟女近親レズ～ 北条麻妃 川上ゆう,AUKS-023 変態性欲～美熟女近親レズ～ 北条麻妃 川上ゆう,AUKS-023,2012-07-13,187分鐘,滝口シルヴィア,U＆K,U＆K,,蕩婦、成熟的女人、女同性戀、淫語、女同接吻、高畫質,多人,https://www.javbus.com/AUKS-023
AAJB-001 【AV30】祝AV30周年 MOODYZは全部ガチ！！歴代超人気女優100人 超人気シリーズ真性中出しコンプリート12時間,AAJB-001 【AV30】祝AV30周年 MOODYZは全部ガチ！！歴代超人気女優100人 超人気シリーズ真性中出しコンプリート12時間,AAJB-001,2012-07-12,718分鐘,,ムーディーズ,AV30,真性中出し,合集、中出、4小時以上作品、DMM獨家,多人,https://www.javbus.com/AAJB-001
NEO-314 白濁！ マンカスコレクション 2 アドレナリンと共に卑猥なマンカスを溢れ出す6人の女たち,NEO-314 白濁！ マンカスコレクション 2 アドレナリンと共に卑猥なマンカスを溢れ出す6人の女たち,NEO-314,2012-07-12,139分鐘,レジェンド☆MUKAI,レイディックス,neo（パラドックス）,白濁！マンカスコレクション,其他戀物癖、花癡、按摩棒、自慰,多人,https://www.javbus.com/NEO-314
AAJB-023 【AV30】厳選美ッ痴女性交-究極の快楽に溺れ狂う美女-,AAJB-023 【AV30】厳選美ッ痴女性交-究極の快楽に溺れ狂う美女-,AAJB-023,2012-07-12,239分鐘,,美,AV30,,蕩婦、合集、DMM獨家,多人,https://www.javbus.com/AAJB-023
PSI-423 変態解禁 野外浣腸と変顔と露出 北条麻妃,PSI-423 変態解禁 野外浣腸と変顔と露出 北条麻妃,PSI-423,2012-07-12,155分鐘,桜庭九心男,プールクラブ・エンタテインメント,PASSION,,成熟的女人、野外・露出、灌腸、羞恥、單體作品、體育服,北条麻妃,https://www.javbus.com/PSI-423
MLW-2002 美貌セレブ妻 夫の前で恥辱SEX講習 北条麻妃,MLW-2002 美貌セレブ妻 夫の前で恥辱SEX講習 北条麻妃,MLW-2002,2012-07-10,118分鐘,網走ゴロー,MellowMoon,MellowMoon,美貌セレブ妻夫の前で～,成熟的女人、苗條、已婚婦女、多P、羞恥、單體作品,北条麻妃,https://www.javbus.com/MLW-2002
WNZ-466 競泳水着×ぬるぬるローション×23人4時間,WNZ-466 競泳水着×ぬるぬるローション×23人4時間,WNZ-466,2012-07-08,240分鐘,,ワンズファクトリー,WANZ,,乳液、4小時以上作品、學校泳裝,多人,https://www.javbus.com/WNZ-466
HODV-20787 SEXに溺れる女たち 4時間 これがチ○コ好きお姉さんの淫乱SEXだ！,HODV-20787 SEXに溺れる女たち 4時間 これがチ○コ好きお姉さんの淫乱SEXだ！,HODV-20787,2012-07-06,239分鐘,一平,h.m.p,h.m.p,,花癡、姐姐、4小時以上作品,多人,https://www.javbus.com/HODV-20787
JUC-862 社宅妻スワッピング ～夫の留守に男を弄ぶ痴熟女乱交～,JUC-862 社宅妻スワッピング ～夫の留守に男を弄ぶ痴熟女乱交～,JUC-862,2012-07-05,160分鐘,芳賀栄太郎,マドンナ,Madonna,,蕩婦、成熟的女人、濫交、已婚婦女、數位馬賽克、通姦、高畫質、DMM獨家,多人,https://www.javbus.com/JUC-862
AWTB-003 淫語中出しソープ Best Collection 3,AWTB-003 淫語中出しソープ Best Collection 3,AWTB-003,2012-06-23,241分鐘,渡辺琢斗,AVScollector’s,AVS,淫語中出しソープ,其他戀物癖、合集、淫語、中出、主觀視角,多人,https://www.javbus.com/AWTB-003
NASS-053 いいなりな人妻たち 辱め、おしおき、調教をされてしまう人妻たち,NASS-053 いいなりな人妻たち 辱め、おしおき、調教をされてしまう人妻たち,NASS-053,2012-06-22,238分鐘,,なでしこ,Nadeshiko,いいなりな人妻たち,成熟的女人、已婚婦女、性奴、凌辱、女上位,多人,https://www.javbus.com/NASS-053
DAZD-042 悶絶浣腸全作品コンプリートBOX16時間,DAZD-042 悶絶浣腸全作品コンプリートBOX16時間,DAZD-042,2012-06-22,958分鐘,,ダスッ！,ダスッ！,,灌腸、首次亮相、性奴、深喉、羞恥、DMM獨家,多人,https://www.javbus.com/DAZD-042
UMD-001 黒人婦女暴行 第参巻 日本人熟女20人4時間,UMD-001 黒人婦女暴行 第参巻 日本人熟女20人4時間,UMD-001,2012-06-20,240分鐘,,グローバルメディアエンタテインメント,ULTRAMIX,黒人○○暴行,合集、數位馬賽克、4小時以上作品、高畫質、黑人演員,多人,https://www.javbus.com/UMD-001
WAB-110 ワンズファクトリーマニアコレクション 近親相姦BEST,WAB-110 ワンズファクトリーマニアコレクション 近親相姦BEST,WAB-110,2012-06-19,243分鐘,,ワンズファクトリー,WANZ,ワンズファクトリーマニアコレクション,成熟的女人、合集、亂倫、多P、舔陰,多人,https://www.javbus.com/WAB-110
WAB-111 ワンズファクトリーマニアコレクション 露出デートBEST,WAB-111 ワンズファクトリーマニアコレクション 露出デートBEST,WAB-111,2012-06-19,239分鐘,,ワンズファクトリー,WANZ,ワンズファクトリーマニアコレクション,放尿、野外・露出、合集、女生,多人,https://www.javbus.com/WAB-111
TYWD-030 帰ってきた淫乱AV16時間 SEX大全,TYWD-030 帰ってきた淫乱AV16時間 SEX大全,TYWD-030,2012-06-16,958分鐘,,乱丸,乱丸,,合集、花癡、數位馬賽克、4小時以上作品、DMM獨家,多人,https://www.javbus.com/TYWD-030
MDB-364 美熟女おもてなし癒し系ソープランド,MDB-364 美熟女おもてなし癒し系ソープランド,MDB-364,2012-06-15,144分鐘,秋秀人,メディアステーション,BAZOOKA（バズーカ）,,企畫、成熟的女人、口交、妓女、按摩,多人,https://www.javbus.com/MDB-364
WNZ-471 ズボズボメッタ挿し！バイブオナニー！！,WNZ-471 ズボズボメッタ挿し！バイブオナニー！！,WNZ-471,2012-06-15,120分鐘,,ワンズファクトリー,WANZ,,按摩棒、自慰,多人,https://www.javbus.com/WNZ-471
SBB-142 美しすぎる女教師の誘惑授業,SBB-142 美しすぎる女教師の誘惑授業,SBB-142,2012-06-11,239分鐘,,マルクス兄弟,MARXBrothersco.,,女教師、中出、女上位,多人,https://www.javbus.com/SBB-142
IGU-003 極エロ女神の淫語誘惑 北条麻妃,IGU-003 極エロ女神の淫語誘惑 北条麻妃,IGU-003,2012-06-11,128分鐘,,AVScollector’s,AVS,極エロ女神の淫語誘惑,蕩婦、成熟的女人、放尿、其他戀物癖、淫語、單體作品,北条麻妃,https://www.javbus.com/IGU-003
IE-254 団地妻の憂い 完全保存版,IE-254 団地妻の憂い 完全保存版,IE-254,2012-06-10,238分鐘,,アイエナジー,IENERGY！,団地妻の憂い,合集、已婚婦女、羞恥、4小時以上作品,多人,https://www.javbus.com/IE-254
LADY-107 LADY×LADY 5周年記念作品集 ♀2011年2月～2012年3月♀,LADY-107 LADY×LADY 5周年記念作品集 ♀2011年2月～2012年3月♀,LADY-107,2012-06-10,218分鐘,浜口まき,LADY×LADY,LADY×LADY,,成熟的女人、女同性戀、合集、美少女、女優按摩棒,多人,https://www.javbus.com/LADY-107
PDV-145 女ざかりのエロ熟女,PDV-145 女ざかりのエロ熟女,PDV-145,2012-06-08,239分鐘,神田うさぎ構成編集,アリスJAPAN,ALICEPink,,成熟的女人、口交、合集、女上位、4小時以上作品,多人,https://www.javbus.com/PDV-145
WSP-097 乳首の弱いカノジョと僕が、互いに乳首を責めあいました。 BEST THE 4時間,WSP-097 乳首の弱いカノジョと僕が、互いに乳首を責めあいました。 BEST THE 4時間,WSP-097,2012-06-06,237分鐘,,ワープエンタテインメント,S＋,乳首の弱いカノジョと僕が、互いに乳首を責めあいました。,合集、姐姐、按摩、女生、打手槍,多人,https://www.javbus.com/WSP-097
VENU-243 近親［無言］相姦 隣にお父さんがいるのよ… 北条麻妃,VENU-243 近親［無言］相姦 隣にお父さんがいるのよ… 北条麻妃,VENU-243,2012-06-01,97分鐘,ペータ☆,VENUS,女神（ヴィーナス）,近親［無言］相姦,成熟的女人、亂倫、已婚婦女、手指插入、單體作品,北条麻妃,https://www.javbus.com/VENU-243
VEZZ-006 S級熟女レズビアン 総集編,VEZZ-006 S級熟女レズビアン 総集編,VEZZ-006,2012-06-01,242分鐘,,VENUS,Butch,,成熟的女人、女同性戀、合集、已婚婦女,多人,https://www.javbus.com/VEZZ-006
SWF-197 最高に癒される快感洗体プレイ 30人4時間,SWF-197 最高に癒される快感洗体プレイ 30人4時間,SWF-197,2012-05-30,240分鐘,,ワンズファクトリー,WANZ,,口交、其他戀物癖、打手槍,多人,https://www.javbus.com/SWF-197
TKO-111 接吻女装レズ 3 オンナになって女とキスをする。唾液まみれの絡み合うベロとベロ,TKO-111 接吻女装レズ 3 オンナになって女とキスをする。唾液まみれの絡み合うベロとベロ,TKO-111,2012-05-28,119分鐘,MG☆ユッキー,レイディックス,TKO（パラドックス）,接吻女装レズ,其他戀物癖、女裝人妖、巨乳、打手槍,多人,https://www.javbus.com/TKO-111
NEO-011 プレミアおなら 北条麻妃,NEO-011 プレミアおなら 北条麻妃,NEO-011,2012-05-28,139分鐘,MG☆ユッキー,レイディックス,neo（パラドックス）,プレミアおなら,成熟的女人、其他戀物癖、單體作品、自慰、肛交,北条麻妃,https://www.javbus.com/NEO-011
NASS-052 人妻強制中出し 騙されハメられ中出しされてしまう人妻たち 4時間,NASS-052 人妻強制中出し 騙されハメられ中出しされてしまう人妻たち 4時間,NASS-052,2012-05-27,238分鐘,星野光明,なでしこ,Nadeshiko,,強姦、已婚婦女、中出、女上位,多人,https://www.javbus.com/NASS-052
ZOS-004 女王様は北条麻妃,ZOS-004 女王様は北条麻妃,ZOS-004,2012-05-25,105分鐘,,AVScollector’s,BlackMaria,女王様は○○,蕩婦、成熟的女人、SM、其他戀物癖、緊縛、單體作品,北条麻妃,https://www.javbus.com/ZOS-004
MCSR-065 中出しお義母さんが教えてあげる 息子の白濁スペルマに溺れるオンナたち,MCSR-065 中出しお義母さんが教えてあげる 息子の白濁スペルマに溺れるオンナたち,MCSR-065,2012-05-25,121分鐘,YUMEJI,ビッグモーカル,マスカット,中出しお義母さんが教えてあげる,亂倫、中出、婆婆、高畫質、顏面騎乘,多人,https://www.javbus.com/MCSR-065
BIB-052 働くオンナの逆レイプBEST,BIB-052 働くオンナの逆レイプBEST,BIB-052,2012-05-24,359分鐘,,美,BEST（美）,,合集、各種職業、4小時以上作品、DMM獨家,多人,https://www.javbus.com/BIB-052
HYAKU-005 100人8時間 アイドル達のスゴすぎる潮吹きSEX,HYAKU-005 100人8時間 アイドル達のスゴすぎる潮吹きSEX,HYAKU-005,2012-05-19,476分鐘,奥山光輝,ケイ・エム・プロデュース,100人,100人8時間,潮吹、合集、4小時以上作品,多人,https://www.javbus.com/HYAKU-005
YUYU-004 おんなともだち 北条麻妃 椎名ゆな,YUYU-004 おんなともだち 北条麻妃 椎名ゆな,YUYU-004,2012-05-18,80分鐘,,ゆり★ゆり,ゆり★ゆり,,女同性戀、女同接吻、巨乳、DMM獨家,多人,https://www.javbus.com/YUYU-004
UD-527R 美乳騎乗位 The BEST,UD-527R 美乳騎乗位 The BEST,UD-527R,2012-05-11,119分鐘,伊行留高山,LEO,LEO,,其他戀物癖、合集、乳房、女上位、巨乳,多人,https://www.javbus.com/UD-527R
MDYD-687 欲求不満な若妻の大胆パンティ見せつけ挑発3 若妻4名,MDYD-687 欲求不満な若妻の大胆パンティ見せつけ挑発3 若妻4名,MDYD-687,2012-05-11,147分鐘,,溜池ゴロー,溜池ゴロー,欲求不満な若妻の大胆パンティ見せつけ挑発,企畫、成熟的女人、新娘、年輕妻子、數位馬賽克、爛醉如泥的、高畫質、內衣、DMM獨家,多人,https://www.javbus.com/MDYD-687
DBR-59 2011年RUBY年鑑 Vol.4,DBR-59 2011年RUBY年鑑 Vol.4,DBR-59,2012-05-08,243分鐘,CHIKABUN,ルビー,RUBY,ルビー年鑑,成熟的女人、合集、4小時以上作品,多人,https://www.javbus.com/DBR-59
JUC-815 美熟女ソープ壺姫御殿 北条麻妃,JUC-815 美熟女ソープ壺姫御殿 北条麻妃,JUC-815,2012-04-29,120分鐘,ハッピー池田,マドンナ,Madonna,美熟女ソープ壺姫御殿,成熟的女人、苗條、妓女、數位馬賽克、乳房、乳液、DVD多士爐、高畫質、單體作品、DMM獨家,北条麻妃,https://www.javbus.com/JUC-815
JUSD-408 甘い蜜壷を求め合う美熟女20人のレズSEX8時間,JUSD-408 甘い蜜壷を求め合う美熟女20人のレズSEX8時間,JUSD-408,2012-04-19,479分鐘,,マドンナ,Madonna,,成熟的女人、女同性戀、合集、無毛、數位馬賽克、4小時以上作品、DMM獨家、肛交,多人,https://www.javbus.com/JUSD-408
CADV-311 ディープレズビアン 8時間SP 2,CADV-311 ディープレズビアン 8時間SP 2,CADV-311,2012-04-16,477分鐘,,クリスタル映像,CRYSTALEX,ディープ・レズビアン,成熟的女人、女同性戀、美少女、4小時以上作品、巨乳,多人,https://www.javbus.com/CADV-311
KCPB-001 PREMIUM 生姦中出し 225min 北条麻妃,KCPB-001 PREMIUM 生姦中出し 225min 北条麻妃,KCPB-001,2012-04-14,223分鐘,,CREAMPIE,クリームパイ,PREMIUM生姦中出し,成熟的女人、OL、輪姦、中出、單體作品、顏射,北条麻妃,https://www.javbus.com/KCPB-001
RKI-180 風俗でヌこうよ エッチな美女100名16時間,RKI-180 風俗でヌこうよ エッチな美女100名16時間,RKI-180,2012-04-13,959分鐘,,ROOKIE,ROOKIE,,合集、妓女、4小時以上作品、DMM獨家,多人,https://www.javbus.com/RKI-180
RKI-179 噴射がぶっちぎりに凄い浣腸アクメ16時間,RKI-179 噴射がぶっちぎりに凄い浣腸アクメ16時間,RKI-179,2012-04-13,959分鐘,,ROOKIE,ROOKIE,,合集、灌腸、凌辱、羞恥、4小時以上作品、DMM獨家,多人,https://www.javbus.com/RKI-179
SBB-137 美脚＆美尻×黒タイツ＆黒パンスト×4時間,SBB-137 美脚＆美尻×黒タイツ＆黒パンスト×4時間,SBB-137,2012-04-09,238分鐘,,マルクス兄弟,MARXBrothersco.,,連褲襪、屁股、戀腿癖,多人,https://www.javbus.com/SBB-137
SBB-135 ディルドオナニー60人 4時間,SBB-135 ディルドオナニー60人 4時間,SBB-135,2012-04-09,242分鐘,,マルクス兄弟,MARXBrothersco.,,玩具、自慰,多人,https://www.javbus.com/SBB-135
MBYD-137 義姉凌辱調教8時間,MBYD-137 義姉凌辱調教8時間,MBYD-137,2012-04-08,479分鐘,,溜池ゴロー,溜池ゴロー,義姉凌辱調教,合集、已婚婦女、多P、數位馬賽克、性奴、凌辱、羞恥、4小時以上作品、DMM獨家,多人,https://www.javbus.com/MBYD-137
MDYD-680 社員旅行で酔っ払った同僚と中出しSEX,MDYD-680 社員旅行で酔っ払った同僚と中出しSEX,MDYD-680,2012-04-08,117分鐘,ながしめ,溜池ゴロー,溜池ゴロー,,成熟的女人、中出、DVD多士爐、高畫質、DMM獨家,多人,https://www.javbus.com/MDYD-680
MIBD-631 美しき百合の花園 レズビアン4時間,MIBD-631 美しき百合の花園 レズビアン4時間,MIBD-631,2012-04-08,238分鐘,,ムーディーズ,MOODYZBest,,女同性戀、合集、美少女、數位馬賽克、舔陰、女同接吻、DMM獨家,多人,https://www.javbus.com/MIBD-631
SWF-191 特選美熟女 熟れた女の濃厚なまぐわい 20人4時間,SWF-191 特選美熟女 熟れた女の濃厚なまぐわい 20人4時間,SWF-191,2012-04-04,240分鐘,来生元也,ワンズファクトリー,WANZ,,成熟的女人、多P、4小時以上作品,多人,https://www.javbus.com/SWF-191
MIBD-627 中出し1450連発,MIBD-627 中出し1450連発,MIBD-627,2012-03-30,478分鐘,,ムーディーズ,MOODYZBest,,合集、數位馬賽克、凌辱、中出、4小時以上作品、DMM獨家,多人,https://www.javbus.com/MIBD-627
BIB-048 BEST100セレクション！ 騎乗位8時間スペシャル,BIB-048 BEST100セレクション！ 騎乗位8時間スペシャル,BIB-048,2012-03-24,479分鐘,,美,BEST（美）,,蕩婦、合集、女上位、4小時以上作品、DMM獨家,多人,https://www.javbus.com/BIB-048
VGD-095 美熟女ドキュメント 北条麻妃のすべて,VGD-095 美熟女ドキュメント 北条麻妃のすべて,VGD-095,2012-03-24,133分鐘,タートル今田,HMJM,pornograph.tv,○○のすべて,成熟的女人、纪录片、中出、單體作品,北条麻妃,https://www.javbus.com/VGD-095
ANHD-015 団地妻レズビアン全集,ANHD-015 団地妻レズビアン全集,ANHD-015,2012-03-16,466分鐘,,アンナと花子,アンナと花子,団地妻レズビアン,女同性戀、合集、已婚婦女、4小時以上作品、DMM獨家,多人,https://www.javbus.com/ANHD-015
RKI-175 世界で一番大きなチンポを持つ男のSEX 水沢真樹 澤村レイコ 北条麻妃 結城みさ,RKI-175 世界で一番大きなチンポを持つ男のSEX 水沢真樹 澤村レイコ 北条麻妃 結城みさ,RKI-175,2012-03-16,150分鐘,タイガー小堺,ROOKIE,ROOKIE,世界で一番大きなチンポを持つ男のSEX,企畫、成熟的女人、中出、高畫質、顏射、DMM獨家,多人,https://www.javbus.com/RKI-175
ELO-380 超熟練 癒し女優の自宅で超高級ソープ,ELO-380 超熟練 癒し女優の自宅で超高級ソープ,ELO-380,2012-03-16,467分鐘,,イエロー,YeLLOW,AV女優出張ヘルスハッピーマットパラダイス,合集、妓女、數位馬賽克、按摩、高畫質、DMM獨家,多人,https://www.javbus.com/ELO-380
RKI-171 SSS級オールスターズ メガ凌辱スペシャル16時間,RKI-171 SSS級オールスターズ メガ凌辱スペシャル16時間,RKI-171,2012-03-16,959分鐘,,ROOKIE,ROOKIE,,強姦、合集、美少女、深喉、輪姦、凌辱、中出、4小時以上作品、DMM獨家,多人,https://www.javbus.com/RKI-171
YMY-003 真性生中出し 北条麻妃,YMY-003 真性生中出し 北条麻妃,YMY-003,2012-03-15,115分鐘,BURIKAMA,ワンズファクトリー,夢屋（夢屋）,真性生中出し,成熟的女人、第一人稱攝影、潮吹、中出、單體作品,北条麻妃,https://www.javbus.com/YMY-003
DTD-015 BEST HIT DREAM TICKET 2009年ドリームチケット上半期総集編 THE 4時間,DTD-015 BEST HIT DREAM TICKET 2009年ドリームチケット上半期総集編 THE 4時間,DTD-015,2012-03-14,235分鐘,,ドリームチケット,ドリームチケット,BESTHIT,蕩婦、合集、女上位、高中女生、女生,多人,https://www.javbus.com/DTD-015
ERTM-002 み～んなぁ～ 相手してあげる。 童貞くんって可愛いのね 北条麻妃,ERTM-002 み～んなぁ～ 相手してあげる。 童貞くんって可愛いのね 北条麻妃,ERTM-002,2012-03-13,109分鐘,,タカラ映像,Thalasso,み～んなぁ～相手してあげる。,成熟的女人、濫交、DVD多士爐、高畫質、處男、單體作品、女傭,北条麻妃,https://www.javbus.com/ERTM-002
SCD-82 親友の母 北条麻妃,SCD-82 親友の母 北条麻妃,SCD-82,2012-03-10,101分鐘,木村浩之,ルビー,Secret（ルビー）,親友の母（ルビー）,成熟的女人、中出、女上位、單體作品,北条麻妃,https://www.javbus.com/SCD-82
SBB-132 メガネが似合うエロカワ娘 50人4時間,SBB-132 メガネが似合うエロカワ娘 50人4時間,SBB-132,2012-03-09,242分鐘,,マルクス兄弟,MARXBrothersco.,,合集、眼鏡,多人,https://www.javbus.com/SBB-132
UD-519R 特選！！3P＆レズ＆凌辱レイプ集,UD-519R 特選！！3P＆レズ＆凌辱レイプ集,UD-519R,2012-03-06,179分鐘,タブー大崎,LEO,LEO,,女同性戀、強姦、多P、凌辱、按摩棒,多人,https://www.javbus.com/UD-519R
SMD-045 濡れびちょ変態 熟女レズ集,SMD-045 濡れびちょ変態 熟女レズ集,SMD-045,2012-02-29,239分鐘,,グローバルメディアエンタテインメント,SUPERMIX,,成熟的女人、女同性戀、合集、數位馬賽克、乳液、女優按摩棒、高畫質,多人,https://www.javbus.com/SMD-045
MIBD-622 女を穴扱い集団輪姦,MIBD-622 女を穴扱い集団輪姦,MIBD-622,2012-02-26,238分鐘,,ムーディーズ,MOODYZBest,,強姦、合集、各種職業、多P、數位馬賽克、輪姦、凌辱、DMM獨家,多人,https://www.javbus.com/MIBD-622
BID-028 男1人を責め続ける3人の痴女 乃亜 結城みさ 北条麻妃,BID-028 男1人を責め続ける3人の痴女 乃亜 結城みさ 北条麻妃,BID-028,2012-02-24,178分鐘,ザック荒井,美,DELUXE,男1人を責め続ける3人の痴女,蕩婦、淫語、多P、高畫質、DMM獨家、打手槍,多人,https://www.javbus.com/BID-028
BIB-047 射精寸前の絶頂SEX6時間,BIB-047 射精寸前の絶頂SEX6時間,BIB-047,2012-02-24,359分鐘,,美,BEST（美）,,蕩婦、合集、淫語、DMM獨家,多人,https://www.javbus.com/BIB-047
DAZD-039 ダスッ！5周年記念16時間BEST,DAZD-039 ダスッ！5周年記念16時間BEST,DAZD-039,2012-02-24,958分鐘,,ダスッ！,ダスッ！,,強姦、合集、輪姦、中出、4小時以上作品、DMM獨家、肛交,多人,https://www.javbus.com/DAZD-039
BIB-046 美ッ痴！淫口フェラチオ8時間スペシャル,BIB-046 美ッ痴！淫口フェラチオ8時間スペシャル,BIB-046,2012-02-24,479分鐘,,美,BEST（美）,,蕩婦、口交、合集、DMM獨家,多人,https://www.javbus.com/BIB-046
NHDTA-219 痴漢されても拒めない手をつないだ母娘を感じさせろ！！ 6,NHDTA-219 痴漢されても拒めない手をつないだ母娘を感じさせろ！！ 6,NHDTA-219,2012-02-23,175分鐘,ジャケン小玉,ナチュラルハイ,NATURALHIGH,痴漢されても拒めない手をつないだ母娘を感じさせろ！！,母親、數位馬賽克、性騷擾,多人,https://www.javbus.com/NHDTA-219
SWF-184 憧れの有名女優VS素人マジ童貞 筆おろし10番勝負！4時間,SWF-184 憧れの有名女優VS素人マジ童貞 筆おろし10番勝負！4時間,SWF-184,2012-02-21,240分鐘,,ワンズファクトリー,WANZ,,4小時以上作品、處男、巨乳,多人,https://www.javbus.com/SWF-184
WNZ-422 THE 放尿・失禁 44人4時間,WNZ-422 THE 放尿・失禁 44人4時間,WNZ-422,2012-02-21,241分鐘,,ワンズファクトリー,WANZ,,放尿、野外・露出、4小時以上作品、女優按摩棒,多人,https://www.javbus.com/WNZ-422
RKI-168 感じるワキ毛 総集編4時間,RKI-168 感じるワキ毛 総集編4時間,RKI-168,2012-02-18,239分鐘,,ROOKIE,ROOKIE,感じるワキ毛,其他戀物癖、合集、4小時以上作品、DMM獨家,多人,https://www.javbus.com/RKI-168
TYWD-025 淫乱AV80連発8時間,TYWD-025 淫乱AV80連発8時間,TYWD-025,2012-02-18,479分鐘,,乱丸,乱丸,,合集、花癡、4小時以上作品、DMM獨家,多人,https://www.javbus.com/TYWD-025
JJ-021 ヌル撮 オイルマッサージ 会社の上司と部下,JJ-021 ヌル撮 オイルマッサージ 会社の上司と部下,JJ-021,2012-02-16,130分鐘,,グローリークエスト,GLORYQUEST,ヌル撮,按摩、手指插入、高畫質、泳裝、巨乳,多人,https://www.javbus.com/JJ-021
SBB-130 北条麻妃コレクターズエディション4時間,SBB-130 北条麻妃コレクターズエディション4時間,SBB-130,2012-02-10,238分鐘,,マルクス兄弟,MARXBrothersco.,コレクターズエディション,合集、單體作品,北条麻妃,https://www.javbus.com/SBB-130
GMED-067 高級住宅街に住む美人のセレブ妻を近所で働く年収200万円の派遣労働者がレイプ！！,GMED-067 高級住宅街に住む美人のセレブ妻を近所で働く年収200万円の派遣労働者がレイプ！！,GMED-067,2012-02-08,136分鐘,あばしり一家,グローバルメディアエンタテインメント,GlobalGME,,成熟的女人、強姦、已婚婦女、多P、數位馬賽克、高畫質,多人,https://www.javbus.com/GMED-067
GG-012 露天混浴温泉郷 北条麻妃 村上涼子,GG-012 露天混浴温泉郷 北条麻妃 村上涼子,GG-012,2012-02-08,124分鐘,,グローリークエスト,GLORYQUEST,露天混浴温泉郷,成熟的女人、野外・露出、高畫質、巨乳、打手槍,多人,https://www.javbus.com/GG-012
SDMT-663 イケナイ美人妻の不倫スペシャル,SDMT-663 イケナイ美人妻の不倫スペシャル,SDMT-663,2012-02-07,234分鐘,,SODクリエイト,SODクリエイト,,合集、已婚婦女、多P、通姦、中出、單體作品,北条麻妃,https://www.javbus.com/SDMT-663
WNZ-421 誰かに見つかりそうな場所で相互愛撫しながら発射しちゃった僕。,WNZ-421 誰かに見つかりそうな場所で相互愛撫しながら発射しちゃった僕。,WNZ-421,2012-01-31,121分鐘,,ワンズファクトリー,WANZ,,蕩婦、手指插入、打手槍,多人,https://www.javbus.com/WNZ-421
REAL-411 しっぽフェラチオ 四つん這い男のチ○ポを後ろから舐め犯す,REAL-411 しっぽフェラチオ 四つん這い男のチ○ポを後ろから舐め犯す,REAL-411,2012-01-27,151分鐘,アニー中村,レアルワークス,REAL（レアルワークス）,,口交、深喉,多人,https://www.javbus.com/REAL-411
MCSR-059 近親相姦 中出し姉妹 美人すぎる姉と可愛すぎる妹 北条麻妃 つぼみ,MCSR-059 近親相姦 中出し姉妹 美人すぎる姉と可愛すぎる妹 北条麻妃 つぼみ,MCSR-059,2012-01-25,120分鐘,ながふちつよし,ビッグモーカル,マスカット,,女同性戀、亂倫、中出、高畫質,多人,https://www.javbus.com/MCSR-059
NATR-079 温泉旅館の欲求不満な三姉妹 ～近親交尾に痴態を晒す女たち～ 北条麻妃 結城みさ 成瀬心美,NATR-079 温泉旅館の欲求不満な三姉妹 ～近親交尾に痴態を晒す女たち～ 北条麻妃 結城みさ 成瀬心美,NATR-079,2012-01-24,171分鐘,倉田大明,なでしこ,Nadeshiko,,亂倫、戲劇,多人,https://www.javbus.com/NATR-079
SVOMN-041 THEガチンコプロレズ ベストバウト作品集,SVOMN-041 THEガチンコプロレズ ベストバウト作品集,SVOMN-041,2012-01-22,270分鐘,,サディスティックヴィレッジ,サディスティックヴィレッジ,THEガチンコ○○,女同性戀、其他戀物癖、格鬥家,多人,https://www.javbus.com/SVOMN-041
VEQ-011 S級熟女コンプリートファイル 北条麻妃 4時間,VEQ-011 S級熟女コンプリートファイル 北条麻妃 4時間,VEQ-011,2012-01-15,243分鐘,,VENUS,ヴィーナス（VENUS）,S級熟女（VENUS）,成熟的女人、母親、已婚婦女、單體作品、打手槍,北条麻妃,https://www.javbus.com/VEQ-011
BKD-72 母子交尾 ［宇佐美路］,BKD-72 母子交尾 ［宇佐美路］,BKD-72,2012-01-15,101分鐘,木村浩之,ルビー,旅路,母子交尾,成熟的女人、母親、亂倫、單體作品,北条麻妃,https://www.javbus.com/BKD-72
MIBD-614 MOODYZ歴代セールスTOP50作品 中出し編,MIBD-614 MOODYZ歴代セールスTOP50作品 中出し編,MIBD-614,2012-01-08,238分鐘,,ムーディーズ,MOODYZBest,MOODYZ歴代セールスTOP○作品,合集、花癡、數位馬賽克、凌辱、中出、DMM獨家,多人,https://www.javbus.com/MIBD-614
SDMT-636 超人気AV女優が離島で真剣お見合い,SDMT-636 超人気AV女優が離島で真剣お見合い,SDMT-636,2012-01-08,229分鐘,鎗ヶ崎一,SODクリエイト,SODクリエイト,,成熟的女人、纪录片、數位馬賽克,多人,https://www.javbus.com/SDMT-636
MBYD-134 バックで突かれ淫れる美熟女8時間,MBYD-134 バックで突かれ淫れる美熟女8時間,MBYD-134,2012-01-08,479分鐘,,溜池ゴロー,溜池ゴロー,,成熟的女人、合集、數位馬賽克、巨乳、DMM獨家,多人,https://www.javbus.com/MBYD-134
AUKG-092 ほろ酔いビアンの夜這いレズ,AUKG-092 ほろ酔いビアンの夜這いレズ,AUKG-092,2011-12-23,121分鐘,,U＆K,U＆K,,女同性戀、舔陰、手指插入、女同接吻、戲劇,多人,https://www.javbus.com/AUKG-092
BIB-043 淫乱美ッ痴 3P 6時間,BIB-043 淫乱美ッ痴 3P 6時間,BIB-043,2011-12-16,359分鐘,,美,BEST（美）,,合集、多P、4小時以上作品、DMM獨家,多人,https://www.javbus.com/BIB-043
WNZ-401 限界ギリギリ！指入れオナニー,WNZ-401 限界ギリギリ！指入れオナニー,WNZ-401,2011-12-13,150分鐘,,ワンズファクトリー,WANZ,,其他戀物癖、手指插入、自慰,多人,https://www.javbus.com/WNZ-401
SMA-599 手を使わない口だけフェラ,SMA-599 手を使わない口だけフェラ,SMA-599,2011-12-13,150分鐘,,マルクス兄弟,MARXBrothersco.,,蕩婦、口交,多人,https://www.javbus.com/SMA-599
KMI-063 コスッて熟女神 5 北条麻妃,KMI-063 コスッて熟女神 5 北条麻妃,KMI-063,2011-12-12,138分鐘,狂一,ミル,ミル,コスッて熟女神,成熟的女人、賽車女郎、連褲襪、屁股、戀腿癖、單體作品,北条麻妃,https://www.javbus.com/KMI-063
RKI-158 フェラチオベストの名編 フェラ抜き天国200連発24時間,RKI-158 フェラチオベストの名編 フェラ抜き天国200連発24時間,RKI-158,2011-12-11,1438分鐘,,ROOKIE,ROOKIE,,口交、合集、4小時以上作品、DMM獨家,多人,https://www.javbus.com/RKI-158
ELO-376 YeLLOW 6年間の全作品収録！最初で最後のBEST BOX 325タイトル24時間,ELO-376 YeLLOW 6年間の全作品収録！最初で最後のBEST BOX 325タイトル24時間,ELO-376,2011-12-11,1437分鐘,,イエロー,YeLLOW,,合集、4小時以上作品、DMM獨家,多人,https://www.javbus.com/ELO-376
AVSW-011 北条麻妃の世界,AVSW-011 北条麻妃の世界,AVSW-011,2011-12-09,239分鐘,,AVScollector’s,AVS,○○の世界,成熟的女人、連褲襪、中出、單體作品,北条麻妃,https://www.javbus.com/AVSW-011
MBYD-133 熟女がイク瞬間4時間,MBYD-133 熟女がイク瞬間4時間,MBYD-133,2011-12-08,239分鐘,,溜池ゴロー,溜池ゴロー,熟女がイク瞬間,成熟的女人、合集、DMM獨家,多人,https://www.javbus.com/MBYD-133
EBOD-178 小沢アリス レズ解禁 小沢アリス 北条麻妃,EBOD-178 小沢アリス レズ解禁 小沢アリス 北条麻妃,EBOD-178,2011-12-08,118分鐘,紋℃,E-BODY,E-BODY,,女同性戀、女同接吻、DVD多士爐、高畫質、巨乳、DMM獨家,多人,https://www.javbus.com/EBOD-178
MBYD-132 夫の前で犯され感じる熟女4時間,MBYD-132 夫の前で犯され感じる熟女4時間,MBYD-132,2011-12-08,239分鐘,,溜池ゴロー,溜池ゴロー,,成熟的女人、合集、出軌、DMM獨家,多人,https://www.javbus.com/MBYD-132
PSSD-225 Best of 北条麻妃,PSSD-225 Best of 北条麻妃,PSSD-225,2011-12-07,234分鐘,,アウダースジャパン,AUDAZ,Bestof,蕩婦、成熟的女人、合集、催眠、主觀視角、單體作品,北条麻妃,https://www.javbus.com/PSSD-225
BIB-041 淫乱美ッ痴103本番SEX8時間,BIB-041 淫乱美ッ痴103本番SEX8時間,BIB-041,2011-11-18,479分鐘,,美,BEST（美）,,合集、4小時以上作品、DMM獨家,多人,https://www.javbus.com/BIB-041
USBC-002 舐めまくり吸いつくし私の口マンコでザーメン搾り取ってあげる,USBC-002 舐めまくり吸いつくし私の口マンコでザーメン搾り取ってあげる,USBC-002,2011-11-11,119分鐘,,AVScollector’s,AVS,舐めまくり吸いつくし私の口マンコでザーメン搾り取ってあげる,成熟的女人、口交、打手槍,多人,https://www.javbus.com/USBC-002
MBYD-131 美熟女36人が見せる日常のエロス8時間,MBYD-131 美熟女36人が見せる日常のエロス8時間,MBYD-131,2011-11-10,480分鐘,,溜池ゴロー,溜池ゴロー,日常のエロス8時間,成熟的女人、合集、數位馬賽克、4小時以上作品、巨乳、DMM獨家,多人,https://www.javbus.com/MBYD-131
WNZS-191 徹底的膣内射精 4時間,WNZS-191 徹底的膣内射精 4時間,WNZS-191,2011-11-08,230分鐘,,ワンズファクトリー,WANZ,徹底的膣内射精,中出、4小時以上作品、顏射,多人,https://www.javbus.com/WNZS-191
SVOMN-037 陵辱！超高級公衆肉便器作品集 ～浮浪者、肉体労働者に犯される極上美女6人4時間半～,SVOMN-037 陵辱！超高級公衆肉便器作品集 ～浮浪者、肉体労働者に犯される極上美女6人4時間半～,SVOMN-037,2011-11-06,271分鐘,,サディスティックヴィレッジ,サディスティックヴィレッジ,陵辱！超高級公衆肉便器,合集、凌辱,多人,https://www.javbus.com/SVOMN-037
BNDV-836 h.m.pカウントダウン2011 ［Cosmic］ BEST HIT RANKING 4時間,BNDV-836 h.m.pカウントダウン2011 ［Cosmic］ BEST HIT RANKING 4時間,BNDV-836,2011-11-04,238分鐘,ヘリ,h.m.p,VB,hmpカウントダウン,护士、合集、美少女、4小時以上作品、巨乳,多人,https://www.javbus.com/BNDV-836
ALD-477 背の高い女を犯したい、犯されたい,ALD-477 背の高い女を犯したい、犯されたい,ALD-477,2011-11-04,241分鐘,,桃太郎映像出版,ALLIN☆ONE,,企畫、已婚婦女、高、拘束、女上位,多人,https://www.javbus.com/ALD-477
WNZ-374 近親相姦 お母さんの美尻 北条麻妃,WNZ-374 近親相姦 お母さんの美尻 北条麻妃,WNZ-374,2011-11-02,121分鐘,SARJI,ワンズファクトリー,WANZ,近親相姦お母さんの美尻,成熟的女人、母親、亂倫、屁股、多P、單體作品,北条麻妃,https://www.javbus.com/WNZ-374
QQ-005 ママのリアル性教育 BEST セレクション,QQ-005 ママのリアル性教育 BEST セレクション,QQ-005,2011-11-02,239分鐘,ひょん,グローリークエスト,GLORYQUEST,ママのリアル性教育,母親、合集、亂倫、巨乳,多人,https://www.javbus.com/QQ-005
BDMILD-037 イカセ4時間 BEST Blu-ray Special 2,BDMILD-037 イカセ4時間 BEST Blu-ray Special 2,BDMILD-037,2011-10-28,233分鐘,杉ノ木,ケイ・エム・プロデュース,million（ミリオン）,イカセ4時間,合集、多P、拘束、4小時以上作品、高畫質,多人,https://www.javbus.com/BDMILD-037
MILD-733 VERY BEST OF million 20,MILD-733 VERY BEST OF million 20,MILD-733,2011-10-23,370分鐘,セカンド斎藤,ケイ・エム・プロデュース,million（ミリオン）,VERYBESTOF,合集、多P、4小時以上作品、顏射、巨乳,多人,https://www.javbus.com/MILD-733
JUSD-372 男を骨抜きにする30人の熟痴女ファック4時間,JUSD-372 男を骨抜きにする30人の熟痴女ファック4時間,JUSD-372,2011-10-20,239分鐘,,マドンナ,Madonna,,蕩婦、合集、花癡、數位馬賽克、4小時以上作品、顏面騎乘、巨乳、DMM獨家,多人,https://www.javbus.com/JUSD-372
VENU-180 湯けむり近親相姦 母子入浴交尾 総集編 4時間,VENU-180 湯けむり近親相姦 母子入浴交尾 総集編 4時間,VENU-180,2011-10-16,242分鐘,,VENUS,女神（ヴィーナス）,湯けむり近親相姦,成熟的女人、合集、亂倫、已婚婦女、巨乳,多人,https://www.javbus.com/VENU-180
WNZ-390 馬乗りディルドオナニー,WNZ-390 馬乗りディルドオナニー,WNZ-390,2011-10-15,120分鐘,,ワンズファクトリー,WANZ,,玩具、巨乳、自慰,多人,https://www.javbus.com/WNZ-390
SMA-587 ズッポリ！ディルドオナニー！,SMA-587 ズッポリ！ディルドオナニー！,SMA-587,2011-10-10,151分鐘,,マルクス兄弟,MARXBrothersco.,,玩具、自慰,多人,https://www.javbus.com/SMA-587
SMA-582 キモ男に犯される檀家の後家さん 北条麻妃,SMA-582 キモ男に犯される檀家の後家さん 北条麻妃,SMA-582,2011-10-10,122分鐘,SARJI,マルクス兄弟,MARXBrothersco.,キモ男に犯される○○,寡婦、凌辱、單體作品,北条麻妃,https://www.javbus.com/SMA-582
SBB-119 噂の女教師スペシャル 世界一受けたいハレンチ授業 4時間,SBB-119 噂の女教師スペシャル 世界一受けたいハレンチ授業 4時間,SBB-119,2011-10-10,238分鐘,,マルクス兄弟,MARXBrothersco.,,女教師、合集,多人,https://www.javbus.com/SBB-119
MIBD-592 肉ビラで竿を包み込みクリで裏スジを刺激！この快感はSEXでは味わえない！！素股4時間,MIBD-592 肉ビラで竿を包み込みクリで裏スジを刺激！この快感はSEXでは味わえない！！素股4時間,MIBD-592,2011-10-09,238分鐘,,ムーディーズ,MOODYZBest,,其他戀物癖、合集、數位馬賽克、DMM獨家、打手槍,多人,https://www.javbus.com/MIBD-592
RCT-337 衝撃！男の頭までスッポリ入るメガマ○コ 北条麻妃のスカルファック,RCT-337 衝撃！男の頭までスッポリ入るメガマ○コ 北条麻妃のスカルファック,RCT-337,2011-10-08,122分鐘,テンプルすわ,ROCKET,ROCKET,衝撃！男の頭までスッポリ入るメガマ○コ,拳交、舔陰、催眠、DVD多士爐、按摩棒、單體作品,北条麻妃,https://www.javbus.com/RCT-337
BKD-025 黒人巨大マラ VS 北条麻妃 クィーン陥落！デモニックな肉棒！！,BKD-025 黒人巨大マラ VS 北条麻妃 クィーン陥落！デモニックな肉棒！！,BKD-025,2011-10-03,117分鐘,あばしり一家,グローバルメディアエンタテインメント,BLACKKNIFE,黒人巨大マラVS,多P、拘束、凌辱、高畫質、單體作品、黑人演員,北条麻妃,https://www.javbus.com/BKD-025
VICD-214 巷で噂の…超イイ女達が3人同時に身体の隅々まで洗体してくれる素敵なお店に予約して行ってみました！！,VICD-214 巷で噂の…超イイ女達が3人同時に身体の隅々まで洗体してくれる素敵なお店に予約して行ってみました！！,VICD-214,2011-09-29,118分鐘,ばば★ザ★ばびぃ,ヴィ,V,,企畫、美容院、按摩、DVD多士爐、高畫質、DMM獨家、打手槍,多人,https://www.javbus.com/VICD-214
NASS-028 大人美人な人妻たち,NASS-028 大人美人な人妻たち,NASS-028,2011-09-27,238分鐘,星野光明,なでしこ,Nadeshiko,,連褲襪、已婚婦女、4小時以上作品、手指插入,多人,https://www.javbus.com/NASS-028
EMU-088 鬼太巨根 北欧からきた50cm砲 北条麻妃,EMU-088 鬼太巨根 北欧からきた50cm砲 北条麻妃,EMU-088,2011-09-23,109分鐘,望永斉,レアルワークス,M（レアルワークス）,鬼太巨根,成熟的女人、口交、顏射、單體作品,北条麻妃,https://www.javbus.com/EMU-088
19ID-024 働く女の黒ストッキング 4時間,19ID-024 働く女の黒ストッキング 4時間,19ID-024,2011-09-23,242分鐘,,TMA,TMA,,其他戀物癖、各種職業、連褲襪、4小時以上作品,多人,https://www.javbus.com/19ID-024
MADV-214 ディープレズビアン ～秘め百合覚醒 3～,MADV-214 ディープレズビアン ～秘め百合覚醒 3～,MADV-214,2011-09-23,127分鐘,,クリスタル映像,MANIAC（クリスタル）,ディープ・レズビアン,女同性戀、69、舔陰、女同接吻、戲劇,多人,https://www.javbus.com/MADV-214
SDMT-508 ち○ぽ嬲りの虜になった私 ヨガ教室に通う健康的な美淑女編,SDMT-508 ち○ぽ嬲りの虜になった私 ヨガ教室に通う健康的な美淑女編,SDMT-508,2011-09-20,95分鐘,木村達哉,SODクリエイト,SODクリエイト,チ●ポなぶりの虜になった私,企畫、姐姐、數位馬賽克,多人,https://www.javbus.com/SDMT-508
HAVD-797 極悪企画で、北条麻妃を酔わせて欲望のまま犯しまくろうと、女ADに酒を持って行かせたら北条さんがゲキヤバ発情してワヤクチャ乱交騒ぎに成ってしまいました。,HAVD-797 極悪企画で、北条麻妃を酔わせて欲望のまま犯しまくろうと、女ADに酒を持って行かせたら北条さんがゲキヤバ発情してワヤクチャ乱交騒ぎに成ってしまいました。,HAVD-797,2011-09-20,120分鐘,山城猛,ヒビノ,HIBINO,,企畫、女同性戀、多P、單體作品,北条麻妃,https://www.javbus.com/HAVD-797
DPHN-150 非日常的悶絶遊戯 撮影会の素人モデルのバイトを始めた奥様、麻妃の場合,DPHN-150 非日常的悶絶遊戯 撮影会の素人モデルのバイトを始めた奥様、麻妃の場合,DPHN-150,2011-09-19,138分鐘,,AVScollector’s,PHANTOM夢,非日常的悶絶遊戯,各種職業、已婚婦女、妄想、主觀視角、單體作品,北条麻妃,https://www.javbus.com/DPHN-150
MILD-728 カリスマアイドル潮吹き噴射スペシャル,MILD-728 カリスマアイドル潮吹き噴射スペシャル,MILD-728,2011-09-17,258分鐘,セカンド斎藤,ケイ・エム・プロデュース,million（ミリオン）,,偶像藝人、潮吹、4小時以上作品、手指插入、女優按摩棒,多人,https://www.javbus.com/MILD-728
HAOZ-002 かわいい素人50人斬り！！ HD 8時間,HAOZ-002 かわいい素人50人斬り！！ HD 8時間,HAOZ-002,2011-09-13,479分鐘,,青空ソフト,青空ソフト,かわいい素人○人斬り！！,業餘、合集、已婚婦女、4小時以上作品、高畫質,多人,https://www.javbus.com/HAOZ-002
VEZZ-001 熟女レズ義姉妹 淫乱サド姉に抗えない真性マゾ妹 村上涼子 北条麻妃,VEZZ-001 熟女レズ義姉妹 淫乱サド姉に抗えない真性マゾ妹 村上涼子 北条麻妃,VEZZ-001,2011-09-12,101分鐘,三島六三郎,VENUS,Butch,熟女レズ義姉妹,成熟的女人、女同性戀、已婚婦女、女同接吻、巨乳,多人,https://www.javbus.com/VEZZ-001
AUKG-076 未亡人に犯される夫の愛人 北条麻妃 加藤ツバキ,AUKG-076 未亡人に犯される夫の愛人 北条麻妃 加藤ツバキ,AUKG-076,2011-09-09,102分鐘,,U＆K,U＆K,,成熟的女人、女同性戀、寡婦、舔陰、女同接吻,多人,https://www.javbus.com/AUKG-076
SBB-118 M男くんが泣いて喜ぶ新感覚性感尿道責め,SBB-118 M男くんが泣いて喜ぶ新感覚性感尿道責め,SBB-118,2011-09-09,206分鐘,,マルクス兄弟,MARXBrothersco.,,其他戀物癖、姐姐、打手槍,多人,https://www.javbus.com/SBB-118
IESP-574 母と娘の身体が入れ替わっちゃった！ 友田彩也香・北条麻妃,IESP-574 母と娘の身体が入れ替わっちゃった！ 友田彩也香・北条麻妃,IESP-574,2011-09-06,120分鐘,,アイエナジー,暴夢,,成熟的女人、亂倫,多人,https://www.javbus.com/IESP-574
JUSD-364 美熟女58人の超濃厚ディープキス4時間,JUSD-364 美熟女58人の超濃厚ディープキス4時間,JUSD-364,2011-09-01,238分鐘,,マドンナ,Madonna,,成熟的女人、合集、數位馬賽克、女同接吻、DMM獨家,多人,https://www.javbus.com/JUSD-364
NASS-023 おしゃぶり妻 2 27人のフェラ好き妻,NASS-023 おしゃぶり妻 2 27人のフェラ好き妻,NASS-023,2011-08-26,239分鐘,星野光明,なでしこ,Nadeshiko,おしゃぶり妻,蕩婦、口交、已婚婦女、4小時以上作品,多人,https://www.javbus.com/NASS-023
LADY-098 美熟女家庭教師×ちびっこ美少女 秘密のレズ授業,LADY-098 美熟女家庭教師×ちびっこ美少女 秘密のレズ授業,LADY-098,2011-08-21,135分鐘,RIKACHANG（♀）,LADY×LADY,LADY×LADY,,成熟的女人、家教、女同性戀、美少女、姐妹,多人,https://www.javbus.com/LADY-098
HHED-016 親戚のおばさん 北条麻妃,HHED-016 親戚のおばさん 北条麻妃,HHED-016,2011-08-18,84分鐘,南大地,センタービレッジ,花園（センタービレッジ）,親戚のおばさん,和服・喪服、成熟的女人、乳交、已婚婦女、中出、單體作品,北条麻妃,https://www.javbus.com/HHED-016
BIB-036 男を犯す美尻痴女6時間～腰振りが止まらない～,BIB-036 男を犯す美尻痴女6時間～腰振りが止まらない～,BIB-036,2011-08-14,359分鐘,,美,BEST（美）,,蕩婦、合集、屁股、4小時以上作品、DMM獨家,多人,https://www.javbus.com/BIB-036
JUSD-361 壮絶ピストン！美熟女30人のヌメる結合部4時間,JUSD-361 壮絶ピストン！美熟女30人のヌメる結合部4時間,JUSD-361,2011-08-14,239分鐘,,マドンナ,Madonna,,成熟的女人、合集、數位馬賽克、DMM獨家、局部特寫,多人,https://www.javbus.com/JUSD-361
JUC-608 美熟女レズスワッピング,JUC-608 美熟女レズスワッピング,JUC-608,2011-08-14,150分鐘,三島六三郎,マドンナ,Madonna,,成熟的女人、女同性戀、濫交、數位馬賽克、女同接吻、高畫質、DMM獨家,多人,https://www.javbus.com/JUC-608
UD-495R エロドラマ（仮） 8,UD-495R エロドラマ（仮） 8,UD-495R,2011-08-12,178分鐘,タブー大崎,LEO,LEO,エロドラマ（仮）,紧缚、亂倫、已婚婦女、戲劇、巨乳,多人,https://www.javbus.com/UD-495R
NATR-037 介護凌辱愛ケアワーカー 北条麻妃,NATR-037 介護凌辱愛ケアワーカー 北条麻妃,NATR-037,2011-08-12,113分鐘,倉田大明,なでしこ,Nadeshiko,,成熟的女人、各種職業、凌辱、戲劇、單體作品,北条麻妃,https://www.javbus.com/NATR-037
ELO-370 AV女優出張ヘルス ハッピーマットパラダイス 北条麻妃,ELO-370 AV女優出張ヘルス ハッピーマットパラダイス 北条麻妃,ELO-370,2011-08-11,116分鐘,サバス堀中,イエロー,YeLLOW,AV女優出張ヘルスハッピーマットパラダイス,成熟的女人、妓女、淫語、數位馬賽克、高畫質、單體作品、DMM獨家,北条麻妃,https://www.javbus.com/ELO-370
ANND-090 継母と亡夫の連れ子 レズビアン背徳躾け 北条麻妃 羽田桃子,ANND-090 継母と亡夫の連れ子 レズビアン背徳躾け 北条麻妃 羽田桃子,ANND-090,2011-08-11,117分鐘,タイガー小堺,アンナと花子,アンナと花子,,女同性戀、舔陰、婆婆、高畫質、DMM獨家,多人,https://www.javbus.com/ANND-090
RKI-136 潮吹きベストの傑作 終わらない潮吹き100連発24時間,RKI-136 潮吹きベストの傑作 終わらない潮吹き100連発24時間,RKI-136,2011-08-11,1438分鐘,,ROOKIE,ROOKIE,,潮吹、合集、4小時以上作品、DMM獨家,多人,https://www.javbus.com/RKI-136
HODV-20719 私が性奴に堕ちた理由 北条麻妃,HODV-20719 私が性奴に堕ちた理由 北条麻妃,HODV-20719,2011-08-05,161分鐘,笠井雅裕,h.m.p,h.m.p,,成熟的女人、69、多P、舔陰、高畫質、單體作品,北条麻妃,https://www.javbus.com/HODV-20719
MBYD-126 特盛り！！ BEST HIT 美熟女 26人8時間,MBYD-126 特盛り！！ BEST HIT 美熟女 26人8時間,MBYD-126,2011-08-05,479分鐘,,溜池ゴロー,溜池ゴロー,BESTHIT美熟女,成熟的女人、合集、數位馬賽克、4小時以上作品、DMM獨家,多人,https://www.javbus.com/MBYD-126
WSE-050 生出し！美熟女の匂い,WSE-050 生出し！美熟女の匂い,WSE-050,2011-07-31,218分鐘,,クリスタル映像,ストロベリー,,成熟的女人、拘束、中出、女優按摩棒、按摩棒,多人,https://www.javbus.com/WSE-050
AIED-004 オナコレ×パンスト×密室デート Vol.4 北条麻妃,AIED-004 オナコレ×パンスト×密室デート Vol.4 北条麻妃,AIED-004,2011-07-29,113分鐘,,アイ映像/妄想族,アイ映像/妄想族,オナコレ×パンスト×密室デート,成熟的女人、放尿、潮吹、連褲襪、單體作品、DMM獨家、自慰,北条麻妃,https://www.javbus.com/AIED-004
UD-491R セックスに狂った熟女たち 3 ～三十路四十路のよがり腰漫遊録～,UD-491R セックスに狂った熟女たち 3 ～三十路四十路のよがり腰漫遊録～,UD-491R,2011-07-24,178分鐘,タブー大崎,LEO,LEO,セックスに狂った熟女たち,成熟的女人、手指插入、顏射、巨乳,多人,https://www.javbus.com/UD-491R
DPHC-002 非日常的クネクネ映像コレクション II,DPHC-002 非日常的クネクネ映像コレクション II,DPHC-002,2011-07-23,241分鐘,渡辺琢斗,AVScollector’s,PHANTOM夢,非日常的クネクネ映像コレクション,身體意識、連褲襪、戀腿癖、緊身衣、DMM獨家,多人,https://www.javbus.com/DPHC-002
HITMA-074 黒ストッキングOLがまたがってしてあげる 4時間 HD,HITMA-074 黒ストッキングOLがまたがってしてあげる 4時間 HD,HITMA-074,2011-07-22,236分鐘,,TMA,Hi-TMA,またがってしてあげる,OL、連褲襪、女上位、4小時以上作品、高畫質,多人,https://www.javbus.com/HITMA-074
BIB-033 美女痴女たちのハメ狂い大乱交BEST,BIB-033 美女痴女たちのハメ狂い大乱交BEST,BIB-033,2011-07-22,239分鐘,,美,BEST（美）,,蕩婦、濫交、合集、DMM獨家,多人,https://www.javbus.com/BIB-033
NASS-017 おしゃぶり妻 35人のフェラ好き妻,NASS-017 おしゃぶり妻 35人のフェラ好き妻,NASS-017,2011-07-22,238分鐘,星野光明,なでしこ,Nadeshiko,おしゃぶり妻,蕩婦、口交、已婚婦女、4小時以上作品,多人,https://www.javbus.com/NASS-017
NATR-029 家政婦捜査官 北条麻妃,NATR-029 家政婦捜査官 北条麻妃,NATR-029,2011-07-17,111分鐘,倉田大明,なでしこ,Nadeshiko,,放尿、已婚婦女、多P、輪姦、凌辱、單體作品,北条麻妃,https://www.javbus.com/NATR-029
RKI-130 鮮明な映像美！高画質SEX 16時間,RKI-130 鮮明な映像美！高画質SEX 16時間,RKI-130,2011-07-14,959分鐘,,ROOKIE,ROOKIE,,合集、4小時以上作品、DMM獨家,多人,https://www.javbus.com/RKI-130
RKI-131 ROOKIE’s Best 2010,RKI-131 ROOKIE’s Best 2010,RKI-131,2011-07-14,959分鐘,,ROOKIE,ROOKIE,ROOKIE’sBest,企畫、合集、4小時以上作品、DMM獨家,多人,https://www.javbus.com/RKI-131
TYWD-018 射精5分前ピストンにイキ狂う淫乱女100連発,TYWD-018 射精5分前ピストンにイキ狂う淫乱女100連発,TYWD-018,2011-07-14,479分鐘,,乱丸,乱丸,,合集、數位馬賽克、4小時以上作品、DMM獨家,多人,https://www.javbus.com/TYWD-018
WNZ-346 女教師の誘惑 DX180分,WNZ-346 女教師の誘惑 DX180分,WNZ-346,2011-07-09,181分鐘,,ワンズファクトリー,WANZ,女教師の誘惑,女教師、女上位、女優按摩棒,多人,https://www.javbus.com/WNZ-346
MBYD-125 完熟！極上ボディ美熟女24人8時間,MBYD-125 完熟！極上ボディ美熟女24人8時間,MBYD-125,2011-07-07,479分鐘,,溜池ゴロー,溜池ゴロー,,成熟的女人、合集、數位馬賽克、4小時以上作品、DMM獨家,多人,https://www.javbus.com/MBYD-125
MBYD-124 溜池ゴロー五周年記念 大総集編 8時間 下巻,MBYD-124 溜池ゴロー五周年記念 大総集編 8時間 下巻,MBYD-124,2011-07-07,479分鐘,,溜池ゴロー,溜池ゴロー,溜池ゴロー五周年記念大総集編8時間,成熟的女人、合集、數位馬賽克、4小時以上作品、DMM獨家,多人,https://www.javbus.com/MBYD-124
SDMT-472 人気AV女優×人気SOD企画 女優祭7時間40分,SDMT-472 人気AV女優×人気SOD企画 女優祭7時間40分,SDMT-472,2011-07-04,465分鐘,,SODクリエイト,VALUE,,企畫、合集、4小時以上作品,多人,https://www.javbus.com/SDMT-472
VENU-146 中出し近親相姦 母子恥辱交尾 北条麻妃,VENU-146 中出し近親相姦 母子恥辱交尾 北条麻妃,VENU-146,2011-06-26,106分鐘,,VENUS,女神（ヴィーナス）,中出し近親相姦（VENUS）,成熟的女人、亂倫、已婚婦女、舔陰、中出、單體作品,北条麻妃,https://www.javbus.com/VENU-146
NSPS-126 究極の寝取られスワップ 愛妻を仕事仲間に抱かせました。,NSPS-126 究極の寝取られスワップ 愛妻を仕事仲間に抱かせました。,NSPS-126,2011-06-25,78分鐘,ながえ,ながえスタイル,ながえSTYLEpremiere,究極の寝取られスワップ,已婚婦女、出軌、戲劇,多人,https://www.javbus.com/NSPS-126
NASS-012 いけない人妻たち 夫以外の男たちに痴態をさらす6人の人妻たち,NASS-012 いけない人妻たち 夫以外の男たちに痴態をさらす6人の人妻たち,NASS-012,2011-06-24,237分鐘,,なでしこ,Nadeshiko,,成熟的女人、已婚婦女、通姦、舔陰,多人,https://www.javbus.com/NASS-012
JUSD-348 激しく求め合う、愛ある夫婦の営み8時間,JUSD-348 激しく求め合う、愛ある夫婦の営み8時間,JUSD-348,2011-06-19,478分鐘,,マドンナ,Madonna,激しく求め合う、愛ある夫婦の営み,成熟的女人、合集、已婚婦女、數位馬賽克、DMM獨家,多人,https://www.javbus.com/JUSD-348
BIB-031 特選美人SEX完全網羅8時間,BIB-031 特選美人SEX完全網羅8時間,BIB-031,2011-06-19,479分鐘,,美,BEST（美）,,合集、DMM獨家,多人,https://www.javbus.com/BIB-031
SNAD-021 5周年記念全198タイトル収録12時間作品集！,SNAD-021 5周年記念全198タイトル収録12時間作品集！,SNAD-021,2011-06-19,718分鐘,,しのだ,しのだ,,合集、DMM獨家,多人,https://www.javbus.com/SNAD-021
TYWD-017 帰ってきた淫乱AV16時間,TYWD-017 帰ってきた淫乱AV16時間,TYWD-017,2011-06-16,958分鐘,,乱丸,乱丸,,合集、花癡、DMM獨家,多人,https://www.javbus.com/TYWD-017
ANND-087 女王様監禁レズ凌辱 牝マンコに堕落していく元本指名No.1,ANND-087 女王様監禁レズ凌辱 牝マンコに堕落していく元本指名No.1,ANND-087,2011-06-16,119分鐘,小野寺マサル,アンナと花子,アンナと花子,,女同性戀、監禁、凌辱、女同接吻、高畫質、DMM獨家,多人,https://www.javbus.com/ANND-087
SMA-565 綺麗なお姉さんの顔騎で手コキ,SMA-565 綺麗なお姉さんの顔騎で手コキ,SMA-565,2011-06-11,121分鐘,,マルクス兄弟,MARXBrothersco.,,屁股、姐姐、顏面騎乘、打手槍,多人,https://www.javbus.com/SMA-565
NATR-015 お義父さま、抱いてください… 北条麻妃,NATR-015 お義父さま、抱いてください… 北条麻妃,NATR-015,2011-06-10,109分鐘,,なでしこ,Nadeshiko,,亂倫、已婚婦女、通姦、女優按摩棒、單體作品,北条麻妃,https://www.javbus.com/NATR-015
MBYD-123 夫が傍に居るのに… 悶え感じる美熟女26人4時間,MBYD-123 夫が傍に居るのに… 悶え感じる美熟女26人4時間,MBYD-123,2011-06-10,239分鐘,,溜池ゴロー,溜池ゴロー,,成熟的女人、合集、已婚婦女、數位馬賽克、DMM獨家,多人,https://www.javbus.com/MBYD-123
SDMT-441 北条麻妃の美人母娘 ウンチ,SDMT-441 北条麻妃の美人母娘 ウンチ,SDMT-441,2011-06-07,128分鐘,野島京子,SODクリエイト,SODクリエイト,,企畫、糞便、排便、已婚婦女、羞恥,多人,https://www.javbus.com/SDMT-441
WNZS-156 熟女はザーメンがお好き 北条麻妃,WNZS-156 熟女はザーメンがお好き 北条麻妃,WNZS-156,2011-06-06,118分鐘,,ワンズファクトリー,WANZ,,成熟的女人、多P、中出、顏射、單體作品,北条麻妃,https://www.javbus.com/WNZS-156
UD-483R バック限定 ケツファックベストセレクション TOP20,UD-483R バック限定 ケツファックベストセレクション TOP20,UD-483R,2011-05-30,120分鐘,タブー大崎,LEO,LEO,ケツファックベストセレクション,合集、屁股,多人,https://www.javbus.com/UD-483R
VENU-139 湯けむり近親相姦 母子入浴交尾 北条麻妃,VENU-139 湯けむり近親相姦 母子入浴交尾 北条麻妃,VENU-139,2011-05-29,83分鐘,北野マジメ,VENUS,INCEST,湯けむり近親相姦,成熟的女人、母親、亂倫、已婚婦女、單體作品,北条麻妃,https://www.javbus.com/VENU-139
NATR-001 欲求不満な社宅妻と美しい義母たち,NATR-001 欲求不満な社宅妻と美しい義母たち,NATR-001,2011-05-27,115分鐘,,なでしこ,Nadeshiko,,成熟的女人、濫交、乳交、已婚婦女、婆婆,多人,https://www.javbus.com/NATR-001
NSPS-124 やられたい！憧れのサド女,NSPS-124 やられたい！憧れのサド女,NSPS-124,2011-05-25,102分鐘,ナックル原田,ながえスタイル,ながえSTYLEpremierereverse,,蕩婦、多P、足交、戲劇、眼鏡、單體作品,北条麻妃,https://www.javbus.com/NSPS-124
WNZ-334 ぬるぬるローション競泳水着,WNZ-334 ぬるぬるローション競泳水着,WNZ-334,2011-05-22,122分鐘,,ワンズファクトリー,WANZ,,其他戀物癖、乳液、泳裝,多人,https://www.javbus.com/WNZ-334
JUSD-342 官能的レズビアンの世界8時間,JUSD-342 官能的レズビアンの世界8時間,JUSD-342,2011-05-21,479分鐘,,マドンナ,Madonna,,成熟的女人、女同性戀、合集、數位馬賽克、DMM獨家,多人,https://www.javbus.com/JUSD-342
BIB-030 綺麗なお姉さんに犯されたい-女教師のふしだらな日常SEX-,BIB-030 綺麗なお姉さんに犯されたい-女教師のふしだらな日常SEX-,BIB-030,2011-05-21,239分鐘,,美,BEST（美）,,女教師、合集、姐姐、DMM獨家,多人,https://www.javbus.com/BIB-030
MAD-128 人妻監禁陵辱 受刑者 04 北条麻妃,MAD-128 人妻監禁陵辱 受刑者 04 北条麻妃,MAD-128,2011-05-20,118分鐘,,MAD,風,人妻監禁陵辱,紧缚、監禁、已婚婦女、拘束、凌辱、單體作品,北条麻妃,https://www.javbus.com/MAD-128
DNT-075 近親相姦 闇夜に咲き乱れる艶々しい肉体と静寂を切り裂く荒々しい吐息 22組4時間,DNT-075 近親相姦 闇夜に咲き乱れる艶々しい肉体と静寂を切り裂く荒々しい吐息 22組4時間,DNT-075,2011-05-16,243分鐘,,ダイナマイトエンタープライズ,ダイナマイト,,成熟的女人、母親、亂倫、女上位,多人,https://www.javbus.com/DNT-075
ELO-358 ダブルストッキング足コキスペシャル,ELO-358 ダブルストッキング足コキスペシャル,ELO-358,2011-05-15,240分鐘,,イエロー,YeLLOW,,合集、連褲襪、數位馬賽克、足交、高畫質、DMM獨家,多人,https://www.javbus.com/ELO-358
SMA-554 綺麗な女医さんの尿道責め 北条麻妃,SMA-554 綺麗な女医さんの尿道責め 北条麻妃,SMA-554,2011-05-13,121分鐘,SARJI,マルクス兄弟,MARXBrothersco.,○○の尿道責め,蕩婦、女醫生、單體作品、打手槍,北条麻妃,https://www.javbus.com/SMA-554
GAR-221 超ギャル娘と美熟女ママ 禁断のレズ母娘愛,GAR-221 超ギャル娘と美熟女ママ 禁断のレズ母娘愛,GAR-221,2011-05-07,130分鐘,望月英吾,GARCON,GARCON,,成熟的女人、女同性戀、口交、舔陰、女生,多人,https://www.javbus.com/GAR-221
NADE-976 欲情人妻の混浴温泉旅行 北条麻妃・白鳥美玲,NADE-976 欲情人妻の混浴温泉旅行 北条麻妃・白鳥美玲,NADE-976,2011-05-04,113分鐘,,なでしこ,Nadeshiko,欲情人妻の混浴温泉旅行,成熟的女人、濫交、口交、已婚婦女、女上位,多人,https://www.javbus.com/NADE-976
TWL-002 美味しく熟した北条麻妃が、バスタオル姿でファンのお宅に、「押しかけます！」 02,TWL-002 美味しく熟した北条麻妃が、バスタオル姿でファンのお宅に、「押しかけます！」 02,TWL-002,2011-05-02,123分鐘,,プレステージ,たおる,美味しく熟した○○が、バスタオル姿で…,角色扮演、企畫、多P、校服、單體作品,北条麻妃,https://www.javbus.com/TWL-002
BIB-028 2010年完全総集編,BIB-028 2010年完全総集編,BIB-028,2011-04-21,239分鐘,,美,BEST（美）,,合集、DMM獨家,多人,https://www.javbus.com/BIB-028
PSSD-188 「熟OLの口はもっと嘘をつく。 3」 熟雌女anthology special ＃019,PSSD-188 「熟OLの口はもっと嘘をつく。 3」 熟雌女anthology special ＃019,PSSD-188,2011-04-18,246分鐘,,アウダースジャパン,AUDAZ,熟雌女anthology,成熟的女人、OL、合集、淫語、主觀視角,多人,https://www.javbus.com/PSSD-188
REAL-399 メガザーメン一発大量顔射 6,REAL-399 メガザーメン一発大量顔射 6,REAL-399,2011-04-17,115分鐘,,レアルワークス,REAL（レアルワークス）,メガザーメン一発大量顔射！,口交、美少女、深喉、顏射,多人,https://www.javbus.com/REAL-399
ANHD-009 アンナと花子レズビアンクンニベスト4時間,ANHD-009 アンナと花子レズビアンクンニベスト4時間,ANHD-009,2011-04-15,239分鐘,,アンナと花子,アンナと花子,,女同性戀、合集、舔陰、DMM獨家,多人,https://www.javbus.com/ANHD-009
RKI-117 淫乱なオナニー ドスケベ80人16時間,RKI-117 淫乱なオナニー ドスケベ80人16時間,RKI-117,2011-04-15,958分鐘,,ROOKIE,ROOKIE,,合集、DMM獨家、自慰,多人,https://www.javbus.com/RKI-117
TYWD-015 淫乱女の白目痙攣潮吹き絶頂140連発4時間,TYWD-015 淫乱女の白目痙攣潮吹き絶頂140連発4時間,TYWD-015,2011-04-15,239分鐘,,乱丸,乱丸,淫乱女の白目痙攣潮吹き絶頂○連発,潮吹、合集、花癡、DMM獨家,多人,https://www.javbus.com/TYWD-015
GON-427 人妻専門 4時間 Vol.2,GON-427 人妻専門 4時間 Vol.2,GON-427,2011-04-15,240分鐘,,グレイズ,GLAY’zONE,人妻専門4時間,已婚婦女、通姦、中出、4小時以上作品、巨乳,多人,https://www.javbus.com/GON-427
MILD-706 Welcome to KMPプロジェクト2011 ようこそKMPプロジェクトへ！,MILD-706 Welcome to KMPプロジェクト2011 ようこそKMPプロジェクトへ！,MILD-706,2011-04-13,211分鐘,,ケイ・エム・プロデュース,million（ミリオン）,,4小時以上作品、手指插入、女生,多人,https://www.javbus.com/MILD-706
MIBD-555 特選レズビアン27人4時間,MIBD-555 特選レズビアン27人4時間,MIBD-555,2011-04-09,238分鐘,,ムーディーズ,MOODYZBest,,女同性戀、合集、數位馬賽克、DMM獨家,多人,https://www.javbus.com/MIBD-555
SVOMN-033 THEレイプ！レイプ！レイプ！ 被害者50名！強姦挿入51連発！珠玉の4時間半！,SVOMN-033 THEレイプ！レイプ！レイプ！ 被害者50名！強姦挿入51連発！珠玉の4時間半！,SVOMN-033,2011-04-07,270分鐘,,サディスティックヴィレッジ,サディスティックヴィレッジ,,強姦、合集、凌辱、4小時以上作品,多人,https://www.javbus.com/SVOMN-033
JUSD-335 犯された義姉大全集8時間,JUSD-335 犯された義姉大全集8時間,JUSD-335,2011-04-02,479分鐘,,マドンナ,Madonna,犯された義姉,成熟的女人、強姦、合集、數位馬賽克、DMM獨家,多人,https://www.javbus.com/JUSD-335
MIBD-552 集団輪姦！！連続中出しBEST,MIBD-552 集団輪姦！！連続中出しBEST,MIBD-552,2011-03-26,238分鐘,,ムーディーズ,MOODYZBest,,合集、數位馬賽克、輪姦、中出、DMM獨家,多人,https://www.javbus.com/MIBD-552
NADE-969 北条麻妃4時間,NADE-969 北条麻妃4時間,NADE-969,2011-03-25,238分鐘,,なでしこ,Nadeshiko,,成熟的女人、已婚婦女、多P、單體作品,北条麻妃,https://www.javbus.com/NADE-969
NADE-954 場末のプリンセス ～スナック麻妃のママ～ 北条麻妃,NADE-954 場末のプリンセス ～スナック麻妃のママ～ 北条麻妃,NADE-954,2011-03-23,113分鐘,,なでしこ,Nadeshiko,,成熟的女人、苗條、已婚婦女、女主人、女老板、單體作品,北条麻妃,https://www.javbus.com/NADE-954
REAL-397 尻責め鬼突きうしろから犯す！,REAL-397 尻責め鬼突きうしろから犯す！,REAL-397,2011-03-21,212分鐘,,レアルワークス,REAL（レアルワークス）,,其他戀物癖、屁股,多人,https://www.javbus.com/REAL-397
BIB-026 究極のクビレた肉体,BIB-026 究極のクビレた肉体,BIB-026,2011-03-20,239分鐘,,美,BEST（美）,,合集、DMM獨家,多人,https://www.javbus.com/BIB-026
WNZ-298 ディルドオナニー 22人4時間,WNZ-298 ディルドオナニー 22人4時間,WNZ-298,2011-03-20,238分鐘,,ワンズファクトリー,WANZ,,玩具、4小時以上作品、自慰,多人,https://www.javbus.com/WNZ-298
JFB-015 2010年Fitch全作品集12時間,JFB-015 2010年Fitch全作品集12時間,JFB-015,2011-03-20,718分鐘,,Fitch,Fitch,,成熟的女人、合集、數位馬賽克、DMM獨家,多人,https://www.javbus.com/JFB-015
ELO-352 レンタルAV熟女優BEST,ELO-352 レンタルAV熟女優BEST,ELO-352,2011-03-17,236分鐘,,イエロー,YeLLOW,レンタルAV女優,成熟的女人、合集、數位馬賽克、高畫質、巨乳、DMM獨家,多人,https://www.javbus.com/ELO-352
JUSD-329 2010年マドンナ下半期137タイトル8時間,JUSD-329 2010年マドンナ下半期137タイトル8時間,JUSD-329,2011-03-07,479分鐘,,マドンナ,Madonna,マドンナ○半期,成熟的女人、合集、已婚婦女、數位馬賽克、高畫質、DMM獨家,多人,https://www.javbus.com/JUSD-329
SVOMN-032 サディスペディア2010 下半期作品集,SVOMN-032 サディスペディア2010 下半期作品集,SVOMN-032,2011-03-05,269分鐘,,サディスティックヴィレッジ,サディスティックヴィレッジ,サディスペディア○○作品集,潮吹、合集、凌辱、羞恥、肛交,多人,https://www.javbus.com/SVOMN-032
NADE-933 義理の息子と夫に愛されて… 北条麻妃,NADE-933 義理の息子と夫に愛されて… 北条麻妃,NADE-933,2011-02-27,109分鐘,,なでしこ,Nadeshiko,義理の息子と夫に愛されて…,成熟的女人、亂倫、已婚婦女、女優按摩棒、單體作品,北条麻妃,https://www.javbus.com/NADE-933
AWT-032 淫語中出しソープ 17 北条麻妃,AWT-032 淫語中出しソープ 17 北条麻妃,AWT-032,2011-02-25,135分鐘,,AVScollector’s,琢斗,淫語中出しソープ,成熟的女人、妓女、淫語、連褲襪、中出、單體作品,北条麻妃,https://www.javbus.com/AWT-032
WNZ-296 素人参加企画！憧れの北条麻妃さまに童貞卒業させてもらいませんか？ 北条麻妃,WNZ-296 素人参加企画！憧れの北条麻妃さまに童貞卒業させてもらいませんか？ 北条麻妃,WNZ-296,2011-02-24,168分鐘,高橋kou,ワンズファクトリー,WANZ,素人参加企画！,蕩婦、企畫、成熟的女人、處男、單體作品,北条麻妃,https://www.javbus.com/WNZ-296
HLEG-001 Working Woman’s Legs BEST HD,HLEG-001 Working Woman’s Legs BEST HD,HLEG-001,2011-02-23,119分鐘,,青空ソフト,青空ソフト,WorkingWoman’sLegs,合集、連褲襪、戀腿癖、制服、高畫質,多人,https://www.javbus.com/HLEG-001
DAZD-033 ベストヒット凌辱厳選20タイトル,DAZD-033 ベストヒット凌辱厳選20タイトル,DAZD-033,2011-02-20,239分鐘,,ダスッ！,ダスッ！,,合集、輪姦、凌辱、DMM獨家,多人,https://www.javbus.com/DAZD-033
NHDTA-068 お受験娘が近くにいるのに犯された若者にハマる眼鏡ママ,NHDTA-068 お受験娘が近くにいるのに犯された若者にハマる眼鏡ママ,NHDTA-068,2011-02-20,180分鐘,ペヤングマキ,ナチュラルハイ,NATURALHIGH,,企畫、成熟的女人、母親、眼鏡,多人,https://www.javbus.com/NHDTA-068
TYWD-013 淫乱3P8時間,TYWD-013 淫乱3P8時間,TYWD-013,2011-02-17,479分鐘,,乱丸,乱丸,,合集、花癡、多P、DMM獨家,多人,https://www.javbus.com/TYWD-013
ELO-346 人妻中出しパンティーストッキングBEST,ELO-346 人妻中出しパンティーストッキングBEST,ELO-346,2011-02-17,176分鐘,,イエロー,YeLLOW,人妻中出しパンティーストッキング,合集、連褲襪、已婚婦女、數位馬賽克、中出、高畫質、DMM獨家,多人,https://www.javbus.com/ELO-346
GMED-054 いやらしすぎ 北条麻妃 つぼみ,GMED-054 いやらしすぎ 北条麻妃 つぼみ,GMED-054,2011-02-12,139分鐘,極ノ介,グローバルメディアエンタテインメント,Global,,多P、數位馬賽克、女上位、高畫質、處男、高中女生、打手槍,多人,https://www.javbus.com/GMED-054
MIBD-542 MOODYZハードプレイ150連発12時間,MIBD-542 MOODYZハードプレイ150連発12時間,MIBD-542,2011-02-11,718分鐘,,ムーディーズ,MOODYZBest,,合集、花癡、數位馬賽克、DMM獨家,多人,https://www.javbus.com/MIBD-542
VSPDS-544 V＆R 2010 下半期BEST,VSPDS-544 V＆R 2010 下半期BEST,VSPDS-544,2011-02-08,239分鐘,,V＆Rプロダクツ,V＆Rプロダクツ,V＆R○半期BEST,合集、已婚婦女、明星臉、拘束、水手服,多人,https://www.javbus.com/VSPDS-544
ALD-407 わけあり妻 それぞれの事情,ALD-407 わけあり妻 それぞれの事情,ALD-407,2011-02-07,244分鐘,,桃太郎映像出版,ALLIN☆ONE,,成熟的女人、已婚婦女、多P、深喉、中出,多人,https://www.javbus.com/ALD-407
HONE-075 近親相姦 マン毛ボーボーの母 北条麻妃,HONE-075 近親相姦 マン毛ボーボーの母 北条麻妃,HONE-075,2011-02-03,84分鐘,世田谷ヒロシ,センタービレッジ,花園（センタービレッジ）,近親相姦○○の母,成熟的女人、母親、亂倫、已婚婦女、單體作品、局部特寫,北条麻妃,https://www.javbus.com/HONE-075
GQR-068 いいなりになるオンナたち,GQR-068 いいなりになるオンナたち,GQR-068,2011-02-03,240分鐘,,グローリークエスト,GQR,,和服・喪服、紧缚、合集、多P、性奴,多人,https://www.javbus.com/GQR-068
VENU-102 幻母 息子を翻弄しまくる淫乱母の背徳日記 北条麻妃,VENU-102 幻母 息子を翻弄しまくる淫乱母の背徳日記 北条麻妃,VENU-102,2011-02-01,76分鐘,,VENUS,INCEST（ヴィーナス）,近親相姦幻母INCEST,成熟的女人、母親、亂倫、已婚婦女、單體作品、打手槍,北条麻妃,https://www.javbus.com/VENU-102
JUSD-321 美熟女50人の豪快潮吹き8時間,JUSD-321 美熟女50人の豪快潮吹き8時間,JUSD-321,2011-01-21,479分鐘,,マドンナ,Madonna,,成熟的女人、潮吹、合集、數位馬賽克、DMM獨家,多人,https://www.javbus.com/JUSD-321
BIB-022 美2周年記念 美女COMPLETECOLLECTION 114TITLE8時間,BIB-022 美2周年記念 美女COMPLETECOLLECTION 114TITLE8時間,BIB-022,2011-01-21,479分鐘,,美,BEST（美）,,蕩婦、合集、DMM獨家,多人,https://www.javbus.com/BIB-022
ETC-086 めざましフェラチオ,ETC-086 めざましフェラチオ,ETC-086,2011-01-20,239分鐘,,グローリークエスト,Etcetera,,OL、口交、巨乳,多人,https://www.javbus.com/ETC-086
KOP-058 おばあちゃんとお母さんと僕 大近親相姦 孫！息子！溺愛嫁姑の熾烈なちんたま争奪戦,KOP-058 おばあちゃんとお母さんと僕 大近親相姦 孫！息子！溺愛嫁姑の熾烈なちんたま争奪戦,KOP-058,2011-01-20,100分鐘,深川次郎,センタービレッジ,Pandora（センタービレッジ）,大近親相姦,成熟的女人、母親、亂倫、已婚婦女、DVD多士爐、巨乳,多人,https://www.javbus.com/KOP-058
TYWD-012 淫乱四つん這いバック4時間,TYWD-012 淫乱四つん這いバック4時間,TYWD-012,2011-01-15,239分鐘,,乱丸,乱丸,,其他戀物癖、合集、花癡、數位馬賽克、DMM獨家,多人,https://www.javbus.com/TYWD-012
GON-420 美人妻フェラ4時間コレクション Vol.2,GON-420 美人妻フェラ4時間コレクション Vol.2,GON-420,2011-01-14,239分鐘,,グレイズ,GLAY’zONE,美人妻フェラ4時間コレクション,口交、其他戀物癖、已婚婦女、多P,多人,https://www.javbus.com/GON-420
VSPDS-537 極上美熟女コレクション,VSPDS-537 極上美熟女コレクション,VSPDS-537,2011-01-07,239分鐘,,V＆Rプロダクツ,V＆Rプロダクツ,,成熟的女人、合集、4小時以上作品,多人,https://www.javbus.com/VSPDS-537
UD-460R シロムチ美熟女狩り,UD-460R シロムチ美熟女狩り,UD-460R,2011-01-03,118分鐘,毛利秀虎,LEO,LEO,,成熟的女人、女同性戀、紧缚、花癡,多人,https://www.javbus.com/UD-460R
NADE-895 美しすぎる人妻ピアノ講師に中出しスル！ 北条麻妃,NADE-895 美しすぎる人妻ピアノ講師に中出しスル！ 北条麻妃,NADE-895,2010-12-29,115分鐘,,なでしこ,Nadeshiko,美しすぎる人妻ピアノ講師に中出しスル！,成熟的女人、已婚婦女、中出、單體作品,北条麻妃,https://www.javbus.com/NADE-895
DVH-591 こだわりの手コキ 人妻編 9,DVH-591 こだわりの手コキ 人妻編 9,DVH-591,2010-12-25,239分鐘,,ハヤブサ,隼,こだわりの手コキ,已婚婦女、乳房、打手槍,多人,https://www.javbus.com/DVH-591
MILD-683 イカセ4時間 北条麻妃,MILD-683 イカセ4時間 北条麻妃,MILD-683,2010-12-23,233分鐘,,ケイ・エム・プロデュース,million（ミリオン）,イカセ4時間,多P、深喉、乳房、拘束、單體作品,北条麻妃,https://www.javbus.com/MILD-683
SDDS-017I 森谷みゆ 初めてのLADY×LADY,SDDS-017I 森谷みゆ 初めてのLADY×LADY,SDDS-017I,2010-12-23,22分鐘,RIKACHANG（♀）,LADY×LADY,LADY×LADY,15周年記念BOX撮り下ろし作品,女同性戀,多人,https://www.javbus.com/SDDS-017I
JUSD-314 マドンナ7周年記念 特選美熟女100人16時間,JUSD-314 マドンナ7周年記念 特選美熟女100人16時間,JUSD-314,2010-12-19,959分鐘,,マドンナ,Madonna,マドンナ7周年記念,成熟的女人、合集、數位馬賽克、DMM獨家,多人,https://www.javbus.com/JUSD-314
JUC-443 マドンナ7周年記念作品 七人の団地妻 ～婦人会長選挙と下着泥棒大騒動～,JUC-443 マドンナ7周年記念作品 七人の団地妻 ～婦人会長選挙と下着泥棒大騒動～,JUC-443,2010-12-19,234分鐘,三島六三郎,マドンナ,Madonna,マドンナ7周年記念,成熟的女人、女同性戀、濫交、已婚婦女、數位馬賽克、高畫質、DMM獨家,多人,https://www.javbus.com/JUC-443
DAZD-030 浣腸美熟女BEST4時間,DAZD-030 浣腸美熟女BEST4時間,DAZD-030,2010-12-19,239分鐘,,ダスッ！,ダスッ！,浣腸美熟女,成熟的女人、潮吹、合集、灌腸、凌辱、DMM獨家,多人,https://www.javbus.com/DAZD-030
DAZD-031 ダスッ！2010年総決算厳選8時間スペシャル,DAZD-031 ダスッ！2010年総決算厳選8時間スペシャル,DAZD-031,2010-12-19,479分鐘,,ダスッ！,ダスッ！,,合集、灌腸、凌辱、中出、DMM獨家、肛交,多人,https://www.javbus.com/DAZD-031
JUSD-315 マドンナ7周年記念 極上美熟尻77人8時間,JUSD-315 マドンナ7周年記念 極上美熟尻77人8時間,JUSD-315,2010-12-19,479分鐘,,マドンナ,Madonna,マドンナ7周年記念,成熟的女人、合集、屁股、數位馬賽克、DMM獨家,多人,https://www.javbus.com/JUSD-315
BIB-020 特選女優20選 SPECIAL6時間,BIB-020 特選女優20選 SPECIAL6時間,BIB-020,2010-12-19,359分鐘,,美,BEST（美）,,蕩婦、合集、多P、女上位、DMM獨家,多人,https://www.javbus.com/BIB-020
ARJKT-10003 ベロチューを味わえ！,ARJKT-10003 ベロチューを味わえ！,ARJKT-10003,2010-12-18,117分鐘,溜池ゴロー,AROUND,AROUND,,成熟的女人、其他戀物癖、巨乳,多人,https://www.javbus.com/ARJKT-10003
RKI-097 ROOKIE「中出し」スペシャル イイオンナの厳選「中出し」ファック16時間,RKI-097 ROOKIE「中出し」スペシャル イイオンナの厳選「中出し」ファック16時間,RKI-097,2010-12-16,958分鐘,,ROOKIE,ROOKIE,,合集、中出、DMM獨家,多人,https://www.javbus.com/RKI-097
FFFD-021 近親相姦 母と息子の肉欲交尾 北条麻妃,FFFD-021 近親相姦 母と息子の肉欲交尾 北条麻妃,FFFD-021,2010-12-16,85分鐘,南大地,センタービレッジ,楽園（センタービレッジ）,近親相姦母と息子の肉欲交尾,成熟的女人、母親、亂倫、DVD多士爐、單體作品,北条麻妃,https://www.javbus.com/FFFD-021
CRAD-041 CROSS2009年下半期作品総集編8時間,CRAD-041 CROSS2009年下半期作品総集編8時間,CRAD-041,2010-12-16,479分鐘,,クロス,CROSS,,合集、數位馬賽克、DMM獨家,多人,https://www.javbus.com/CRAD-041
DRS-080 ママのリアル性教育 6 北条麻妃,DRS-080 ママのリアル性教育 6 北条麻妃,DRS-080,2010-12-16,101分鐘,ひょん,グローリークエスト,DangerousRelations,ママのリアル性教育,母親、亂倫、DVD多士爐、單體作品,北条麻妃,https://www.javbus.com/DRS-080
SBB-102 マルクス兄弟ベストセレクション50タイトル4時間 2010,SBB-102 マルクス兄弟ベストセレクション50タイトル4時間 2010,SBB-102,2010-12-13,240分鐘,,マルクス兄弟,MARXBrothersco.,マルクス兄弟ベストセレクション,強姦、合集、各種職業、中出,多人,https://www.javbus.com/SBB-102
HFD-054 イラマチオin… ［脅迫スイートルーム］ 4時間 インテリ・ドMレディ×22人,HFD-054 イラマチオin… ［脅迫スイートルーム］ 4時間 インテリ・ドMレディ×22人,HFD-054,2010-12-05,240分鐘,,ドリームチケット,ドリームチケット,脅迫スイートルーム,企畫、合集、各種職業、凌辱,多人,https://www.javbus.com/HFD-054
ETC-075 寝犯 寝てる女を触りまくり、舐めまくり、イカセまくり、シャぶらせまくり…,ETC-075 寝犯 寝てる女を触りまくり、舐めまくり、イカセまくり、シャぶらせまくり…,ETC-075,2010-12-04,194分鐘,,グローリークエスト,Etcetera,,其他戀物癖、女優按摩棒、高畫質、巨乳,多人,https://www.javbus.com/ETC-075
ATKD-163 あなた、許して…。総集編2,ATKD-163 あなた、許して…。総集編2,ATKD-163,2010-12-02,239分鐘,なぎら健造,アタッカーズ,AttackersBEST,あなた、許して…。,強姦、合集、已婚婦女、DMM獨家,多人,https://www.javbus.com/ATKD-163
MIBD-527 真性中出し100人4時間,MIBD-527 真性中出し100人4時間,MIBD-527,2010-11-27,238分鐘,,ムーディーズ,MOODYZBest,真性中出し,合集、數位馬賽克、中出、DMM獨家,多人,https://www.javbus.com/MIBD-527
DVH-587 フェラコレ熟女編VIII,DVH-587 フェラコレ熟女編VIII,DVH-587,2010-11-25,239分鐘,,ハヤブサ,隼,フェラコレ,成熟的女人、口交、數位馬賽克、打手槍,多人,https://www.javbus.com/DVH-587
JUC-426 増刊激烈美熟女Vol.2 淫乱熟女の劇画的SEXと淫語 北条麻妃,JUC-426 増刊激烈美熟女Vol.2 淫乱熟女の劇画的SEXと淫語 北条麻妃,JUC-426,2010-11-25,117分鐘,伊基公袁,マドンナ,Madonna,増刊激烈美熟女,成熟的女人、淫語、數位馬賽克、女主人、女老板、DVD多士爐、高畫質、單體作品、DMM獨家,北条麻妃,https://www.javbus.com/JUC-426
BIB-019 -働く大人の女たち- 綺麗なお姉さんに犯されたい,BIB-019 -働く大人の女たち- 綺麗なお姉さんに犯されたい,BIB-019,2010-11-25,239分鐘,,美,BEST（美）,,合集、姐姐、DMM獨家,多人,https://www.javbus.com/BIB-019
BIB-018 美フェラチオ大全集vol.2-肉棒を舐め回す濃厚フェラ-,BIB-018 美フェラチオ大全集vol.2-肉棒を舐め回す濃厚フェラ-,BIB-018,2010-11-25,239分鐘,,美,BEST（美）,美フェラチオ大全集,口交、合集、DMM獨家,多人,https://www.javbus.com/BIB-018
WNZ-255 ちょっと怖いけどドキドキしちゃう 綺麗なお姉さんに亀頭＆尿道責めされて、禁断の快楽に目覚めたM男たち,WNZ-255 ちょっと怖いけどドキドキしちゃう 綺麗なお姉さんに亀頭＆尿道責めされて、禁断の快楽に目覚めたM男たち,WNZ-255,2010-11-22,121分鐘,,ワンズファクトリー,WANZ,,口交、姐姐、打手槍,多人,https://www.javbus.com/WNZ-255
SVDVD-193 「仕事欲しい」とタダでナマ中出しSEXをさせてくれたり、階段の陰でフェラチオ営業して来たりするAV女優の不思議！,SVDVD-193 「仕事欲しい」とタダでナマ中出しSEXをさせてくれたり、階段の陰でフェラチオ営業して来たりするAV女優の不思議！,SVDVD-193,2010-11-21,272分鐘,SHOHEI,サディスティックヴィレッジ,サディスティックヴィレッジ,,口交、凌辱、中出、女上位、手指插入,多人,https://www.javbus.com/SVDVD-193
MASD-016 北条麻妃 恥ずかしすぎる最初で最後の排泄,MASD-016 北条麻妃 恥ずかしすぎる最初で最後の排泄,MASD-016,2010-11-21,126分鐘,新保英之,SODクリエイト,MANIAC（デマンド）,恥ずかしすぎる最初で最後の排泄,企畫、糞便、排便、灌腸、單體作品,北条麻妃,https://www.javbus.com/MASD-016
RKI-093 ALL STAR 夢の饗宴 ROOKIE50タイトル480分COMPLETE ALBUM,RKI-093 ALL STAR 夢の饗宴 ROOKIE50タイトル480分COMPLETE ALBUM,RKI-093,2010-11-19,479分鐘,,ROOKIE,ROOKIE,,合集、DMM獨家,多人,https://www.javbus.com/RKI-093
RKI-096 AV女優養成所,RKI-096 AV女優養成所,RKI-096,2010-11-19,155分鐘,ピエロ田,ROOKIE,ROOKIE,,女同性戀、濫交、淫語、女上位、高畫質、DMM獨家,多人,https://www.javbus.com/RKI-096
CRAD-040 CROSS2009年上半期作品総集編8時間,CRAD-040 CROSS2009年上半期作品総集編8時間,CRAD-040,2010-11-19,479分鐘,,クロス,CROSS,,合集、數位馬賽克、DMM獨家,多人,https://www.javbus.com/CRAD-040
ZQR-006 人妻恥悦旅行 総集編 十一,ZQR-006 人妻恥悦旅行 総集編 十一,ZQR-006,2010-11-18,242分鐘,高橋浩一,グローリークエスト,ZQR,人妻恥悦旅行,和服・喪服、第一人稱攝影、合集、已婚婦女、通姦,多人,https://www.javbus.com/ZQR-006
NADE-867 人妻の情事 2 力ずくで義父に犯される10人の人妻たち,NADE-867 人妻の情事 2 力ずくで義父に犯される10人の人妻たち,NADE-867,2010-11-12,238分鐘,,なでしこ,Nadeshiko,人妻の情事（なでしこ）,成熟的女人、強姦、亂倫、已婚婦女,多人,https://www.javbus.com/NADE-867
MBYD-109 無情に犯され悶絶！人気美熟女20人4時間,MBYD-109 無情に犯され悶絶！人気美熟女20人4時間,MBYD-109,2010-11-12,239分鐘,,溜池ゴロー,溜池ゴロー,,成熟的女人、強姦、合集、數位馬賽克、凌辱、DMM獨家,多人,https://www.javbus.com/MBYD-109
ALD-381 淫ら妻の日常 本能むき出し昼下がり妻の下半身,ALD-381 淫ら妻の日常 本能むき出し昼下がり妻の下半身,ALD-381,2010-11-07,240分鐘,,桃太郎映像出版,ALLIN☆ONE,,成熟的女人、已婚婦女、中出、女上位、巨乳,多人,https://www.javbus.com/ALD-381
ETC-068 ホンモノ素人宅に訪問！童貞くんを北条麻妃が筆おろし,ETC-068 ホンモノ素人宅に訪問！童貞くんを北条麻妃が筆おろし,ETC-068,2010-11-04,117分鐘,,グローリークエスト,Etcetera,筆おろし（グローリークエスト）,和服・喪服、成熟的女人、DVD多士爐、處男、單體作品,北条麻妃,https://www.javbus.com/ETC-068
JUC-406 北条麻妃の人妻レズナンパ,JUC-406 北条麻妃の人妻レズナンパ,JUC-406,2010-10-25,118分鐘,島袋浩,マドンナ,Madonna,○○の人妻レズナンパ,成熟的女人、女同性戀、獵豔、已婚婦女、數位馬賽克、DVD多士爐、高畫質、單體作品、DMM獨家,北条麻妃,https://www.javbus.com/JUC-406
BIB-017 美2010年上半期総集編,BIB-017 美2010年上半期総集編,BIB-017,2010-10-25,239分鐘,K*WEST,美,BEST（美）,美○半期総集編,蕩婦、合集、DMM獨家,多人,https://www.javbus.com/BIB-017
DASD-125 ザーメン1200連発の洗礼 北条麻妃 風間ゆみ,DASD-125 ザーメン1200連発の洗礼 北条麻妃 風間ゆみ,DASD-125,2010-10-25,237分鐘,TAKE-D,ダスッ！,ダスッ！,ザーメン○○連発の洗礼,成熟的女人、輪姦、凌辱、中出、高畫質、DMM獨家、顏射,多人,https://www.javbus.com/DASD-125
JUSD-305 25人の美熟女が悶える絶頂オナニー4時間,JUSD-305 25人の美熟女が悶える絶頂オナニー4時間,JUSD-305,2010-10-25,239分鐘,,マドンナ,Madonna,,成熟的女人、合集、數位馬賽克、DMM獨家、自慰,多人,https://www.javbus.com/JUSD-305
HAVD-735 苦悶し溺れ死にする前に快楽肉棒を根本まで入れてもらった美熟女 北条麻妃,HAVD-735 苦悶し溺れ死にする前に快楽肉棒を根本まで入れてもらった美熟女 北条麻妃,HAVD-735,2010-10-23,111分鐘,山城猛,ヒビノ,HIBINO,,成熟的女人、多P、凌辱、DVD多士爐、單體作品,北条麻妃,https://www.javbus.com/HAVD-735
ARJKT-10001 お掃除にまつわるエロなお話,ARJKT-10001 お掃除にまつわるエロなお話,ARJKT-10001,2010-10-23,116分鐘,溜池ゴロー,AROUND,JKT,,成熟的女人、其他戀物癖、惡作劇,多人,https://www.javbus.com/ARJKT-10001
REAL-388 メガスプラッシュ ～潮吹き絶頂スペシャル～,REAL-388 メガスプラッシュ ～潮吹き絶頂スペシャル～,REAL-388,2010-10-22,99分鐘,,レアルワークス,REAL（レアルワークス）,,潮吹、拘束、手指插入,多人,https://www.javbus.com/REAL-388
ARJKT-10002 暗闇で淑女はメスになる!,ARJKT-10002 暗闇で淑女はメスになる!,ARJKT-10002,2010-10-21,120分鐘,溜池ゴロー,AROUND,,,成熟的女人、口交、乳交、姐姐、羞恥,多人,https://www.javbus.com/ARJKT-10002
ANHD-007 アンナと花子レズ潮ベスト4時間,ANHD-007 アンナと花子レズ潮ベスト4時間,ANHD-007,2010-10-19,239分鐘,,アンナと花子,アンナと花子,,女同性戀、潮吹、合集、DMM獨家,多人,https://www.javbus.com/ANHD-007
ELO-319 人妻中出しパンティーストッキング 北条麻妃 村上涼子,ELO-319 人妻中出しパンティーストッキング 北条麻妃 村上涼子,ELO-319,2010-10-19,118分鐘,PURE-MAX,イエロー,YeLLOW,人妻中出しパンティーストッキング,成熟的女人、連褲襪、已婚婦女、數位馬賽克、中出、高畫質、DMM獨家,多人,https://www.javbus.com/ELO-319
MILD-667 痴女フェラ最強王座決定戦2010,MILD-667 痴女フェラ最強王座決定戦2010,MILD-667,2010-10-15,239分鐘,,ケイ・エム・プロデュース,million（ミリオン）,,蕩婦、口交,多人,https://www.javbus.com/MILD-667
MIGD-360 激イラマチオ5人共演180分SP,MIGD-360 激イラマチオ5人共演180分SP,MIGD-360,2010-10-13,175分鐘,炎龍,ムーディーズ,MOODYZGati,,其他戀物癖、數位馬賽克、深喉、高畫質、DMM獨家,多人,https://www.javbus.com/MIGD-360
JUSD-302 働く美熟女15人の卑猥なセックス4時間,JUSD-302 働く美熟女15人の卑猥なセックス4時間,JUSD-302,2010-10-07,239分鐘,,マドンナ,Madonna,,成熟的女人、合集、各種職業、數位馬賽克、DMM獨家,多人,https://www.javbus.com/JUSD-302
JUSD-297 2010年マドンナ上半期134タイトル8時間,JUSD-297 2010年マドンナ上半期134タイトル8時間,JUSD-297,2010-09-24,477分鐘,,マドンナ,Madonna,マドンナ○半期,成熟的女人、合集、數位馬賽克、DMM獨家,多人,https://www.javbus.com/JUSD-297
NADE-822 溜池ゴローが撮り下ろす素顔の女優シリーズ その1 北条麻妃 川上ゆう,NADE-822 溜池ゴローが撮り下ろす素顔の女優シリーズ その1 北条麻妃 川上ゆう,NADE-822,2010-09-24,118分鐘,,なでしこ,Nadeshiko,溜池ゴローが撮り下ろす素顔の女優シリーズ,成熟的女人、第一人稱攝影、已婚婦女,多人,https://www.javbus.com/NADE-822
JUSD-299 真っ昼間からヤりまくるふしだらな男女4時間,JUSD-299 真っ昼間からヤりまくるふしだらな男女4時間,JUSD-299,2010-09-24,239分鐘,,マドンナ,Madonna,,成熟的女人、合集、數位馬賽克、DMM獨家,多人,https://www.javbus.com/JUSD-299
ELO-313 レンタルAV熟女優 北条麻妃,ELO-313 レンタルAV熟女優 北条麻妃,ELO-313,2010-09-17,118分鐘,,イエロー,YeLLOW,レンタルAV女優,蕩婦、和服・喪服、成熟的女人、放尿、數位馬賽克、高畫質、單體作品、DMM獨家,北条麻妃,https://www.javbus.com/ELO-313
SMA-501 美脚×ローライズ短パン×露出デート 北条麻妃,SMA-501 美脚×ローライズ短パン×露出デート 北条麻妃,SMA-501,2010-09-13,101分鐘,世留田立也,マルクス兄弟,MARXBrothersco.,美脚×ローライズ短パン×露出デート,放尿、野外・露出、戀腿癖、女上位、單體作品,北条麻妃,https://www.javbus.com/SMA-501
MDYD-565 夫の借金に縛られた美人妻 北条麻妃,MDYD-565 夫の借金に縛られた美人妻 北条麻妃,MDYD-565,2010-09-13,118分鐘,溜池ゴロー,溜池ゴロー,溜池ゴロー,夫の借金に縛られた○○,成熟的女人、已婚婦女、多P、數位馬賽克、拘束、DVD多士爐、高畫質、單體作品、DMM獨家,北条麻妃,https://www.javbus.com/MDYD-565
SMA-505 我マンできない角マンオナニスト,SMA-505 我マンできない角マンオナニスト,SMA-505,2010-09-13,121分鐘,,マルクス兄弟,MARXBrothersco.,,OL、高中女生、自慰、女傭,多人,https://www.javbus.com/SMA-505
MBYD-104 溜池ゴロー2010年上半期全56作品8時間,MBYD-104 溜池ゴロー2010年上半期全56作品8時間,MBYD-104,2010-09-13,478分鐘,,溜池ゴロー,溜池ゴロー,溜池ゴロー○年○半期,成熟的女人、合集、數位馬賽克、DMM獨家,多人,https://www.javbus.com/MBYD-104
JUSD-295 丸ごと！北条麻妃8時間,JUSD-295 丸ごと！北条麻妃8時間,JUSD-295,2010-09-07,479分鐘,,マドンナ,Madonna,丸ごと！○○8時間,成熟的女人、合集、數位馬賽克、單體作品、DMM獨家,北条麻妃,https://www.javbus.com/JUSD-295
SDMT-181 卒業生で一番の有名人AV女優北条麻妃が母校の教壇に立つ 北条麻妃,SDMT-181 卒業生で一番の有名人AV女優北条麻妃が母校の教壇に立つ 北条麻妃,SDMT-181,2010-09-05,133分鐘,よーすけ,SODクリエイト,SODクリエイト,,企畫、成熟的女人、其他戀物癖、女上位、單體作品,北条麻妃,https://www.javbus.com/SDMT-181
LEG-008 Working Woman’s Legs 08 大手総合法律事務所勤務,LEG-008 Working Woman’s Legs 08 大手総合法律事務所勤務,LEG-008,2010-08-27,119分鐘,,青空ソフト,青空ソフト,WorkingWoman’sLegs,成熟的女人、各種職業、連褲襪、戀腿癖、單體作品,北条麻妃,https://www.javbus.com/LEG-008
DVH-579 フェラコレ 特別編 3 4時間まるごとWフェラ,DVH-579 フェラコレ 特別編 3 4時間まるごとWフェラ,DVH-579,2010-08-25,239分鐘,,ハヤブサ,隼,フェラコレ,口交、打手槍,多人,https://www.javbus.com/DVH-579
BIB-014 SEXよりもいやらしい接吻BEST4時間,BIB-014 SEXよりもいやらしい接吻BEST4時間,BIB-014,2010-08-25,239分鐘,,美,BEST（美）,,其他戀物癖、合集、DMM獨家,多人,https://www.javbus.com/BIB-014
SDMT-157 少年野球を応援するママは息子のお友達に夢中,SDMT-157 少年野球を応援するママは息子のお友達に夢中,SDMT-157,2010-08-22,132分鐘,よーすけ,SODクリエイト,SODクリエイト,,濫交、母親、處男,多人,https://www.javbus.com/SDMT-157
NADE-784 背徳妻 北条麻妃,NADE-784 背徳妻 北条麻妃,NADE-784,2010-08-20,119分鐘,,なでしこ,Nadeshiko,背徳妻（なでしこ）,成熟的女人、已婚婦女、顏射、單體作品,北条麻妃,https://www.javbus.com/NADE-784
RKI-080 麗しの美熟女ヴィーナス 北条麻妃8時間,RKI-080 麗しの美熟女ヴィーナス 北条麻妃8時間,RKI-080,2010-08-19,479分鐘,,ROOKIE,ROOKIE,,成熟的女人、合集、單體作品、DMM獨家,北条麻妃,https://www.javbus.com/RKI-080
YJKB-001 妖艶熟女の快楽淫語責め BEST,YJKB-001 妖艶熟女の快楽淫語責め BEST,YJKB-001,2010-08-19,239分鐘,菊池28号,AVScollector’s,AVS,妖艶熟女の快楽淫語責め,蕩婦、成熟的女人、合集、淫語,多人,https://www.javbus.com/YJKB-001
SPRD-413 尻肉にカキコされし女教師 北条麻妃,SPRD-413 尻肉にカキコされし女教師 北条麻妃,SPRD-413,2010-08-19,120分鐘,古都乃薫,タカラ映像,ALEDDIN,尻肉にカキコされし○○,成熟的女人、女教師、屁股、數位馬賽克、DVD多士爐、高畫質、單體作品,北条麻妃,https://www.javbus.com/SPRD-413
HHK-101 百花美人全タイトル完全版,HHK-101 百花美人全タイトル完全版,HHK-101,2010-08-13,479分鐘,,百花美人,百花美人,,合集、DMM獨家,多人,https://www.javbus.com/HHK-101
MIAD-474 母に恋した黒ギャルレズビアン 北条麻妃 彩花ゆめ,MIAD-474 母に恋した黒ギャルレズビアン 北条麻妃 彩花ゆめ,MIAD-474,2010-08-13,118分鐘,井坂朋泰,ムーディーズ,MOODYZACID,,成熟的女人、女同性戀、數位馬賽克、DVD多士爐、高畫質、DMM獨家、女生,多人,https://www.javbus.com/MIAD-474
RCT-223 ROCKET2010 上半期総集編,RCT-223 ROCKET2010 上半期総集編,RCT-223,2010-08-02,307分鐘,,ROCKET,ROCKET,ROCKET○半期総集編,企畫、合集、多P、明星臉、肌肉,多人,https://www.javbus.com/RCT-223
SVDVD-171 THE ガチンコプロレズ 4 潮！潮！潮！そしてリバース・ボストンクラブ,SVDVD-171 THE ガチンコプロレズ 4 潮！潮！潮！そしてリバース・ボストンクラブ,SVDVD-171,2010-07-24,129分鐘,ニューカジー風間,サディスティックヴィレッジ,サディスティックヴィレッジ,THEガチンコ○○,成熟的女人、女同性戀、潮吹、格鬥家,多人,https://www.javbus.com/SVDVD-171
JUSD-289 後背位で悶える美熟女30人4時間,JUSD-289 後背位で悶える美熟女30人4時間,JUSD-289,2010-07-23,239分鐘,,マドンナ,Madonna,,成熟的女人、其他戀物癖、合集、數位馬賽克、DMM獨家,多人,https://www.javbus.com/JUSD-289
RWRK-381 もしも北条麻妃がタクシーの運転手だったら…,RWRK-381 もしも北条麻妃がタクシーの運転手だったら…,RWRK-381,2010-07-23,114分鐘,,レアルワークス,REAL（レアルワークス）,,蕩婦、汽車性愛、各種職業、制服、單體作品,北条麻妃,https://www.javbus.com/RWRK-381
BIB-013 ところ構わず男に乗っちゃう！馬乗り女たち53人4時間,BIB-013 ところ構わず男に乗っちゃう！馬乗り女たち53人4時間,BIB-013,2010-07-23,239分鐘,,美,BEST（美）,,其他戀物癖、合集、女上位、DMM獨家,多人,https://www.javbus.com/BIB-013
RNADE-776 私たち熟女のフェラチオ見てください 大人美人40人の極上テクニック,RNADE-776 私たち熟女のフェラチオ見てください 大人美人40人の極上テクニック,RNADE-776,2010-07-23,222分鐘,,なでしこ,Nadeshiko,,蕩婦、成熟的女人、口交、淫語,多人,https://www.javbus.com/RNADE-776
VERO-004 S級熟女 オナニーSUPER BEST,VERO-004 S級熟女 オナニーSUPER BEST,VERO-004,2010-07-19,121分鐘,,VENUS,女神（ヴィーナス）,S級熟女（VENUS）,成熟的女人、合集、已婚婦女、DMM獨家,多人,https://www.javbus.com/VERO-004
CRAD-036 CROSS本番人妻4時間作品集,CRAD-036 CROSS本番人妻4時間作品集,CRAD-036,2010-07-16,239分鐘,,クロス,CROSS,,合集、已婚婦女、數位馬賽克、DMM獨家,多人,https://www.javbus.com/CRAD-036
HHK-100 選りすぐり美女の名コーナー完全ノーカット集！8時間特大編,HHK-100 選りすぐり美女の名コーナー完全ノーカット集！8時間特大編,HHK-100,2010-07-13,478分鐘,,百花美人,百花美人,,合集、DMM獨家,多人,https://www.javbus.com/HHK-100
MAN-110 エスカレートしすぎる熟女5人、あなたの自宅に突撃訪問。2,MAN-110 エスカレートしすぎる熟女5人、あなたの自宅に突撃訪問。2,MAN-110,2010-07-11,240分鐘,,プレステージ,マンハッタン,エスカレートしすぎる●●、あなたの自宅に突撃訪問。,企畫、成熟的女人、多P、女上位,多人,https://www.javbus.com/MAN-110
VSPDS-497 V＆R 2010 上半期BEST,VSPDS-497 V＆R 2010 上半期BEST,VSPDS-497,2010-07-10,239分鐘,,V＆Rプロダクツ,V＆Rプロダクツ,V＆R○半期BEST,企畫、OL、合集、已婚婦女、巨乳,多人,https://www.javbus.com/VSPDS-497
VSPDS-501 北条麻妃が本物童貞筆おろし。,VSPDS-501 北条麻妃が本物童貞筆おろし。,VSPDS-501,2010-07-08,141分鐘,萩澤カルメン,V＆Rプロダクツ,V＆Rプロダクツ,,成熟的女人、處男、單體作品,北条麻妃,https://www.javbus.com/VSPDS-501
JFB-011 僕にだけ優しい6人のママ4時間,JFB-011 僕にだけ優しい6人のママ4時間,JFB-011,2010-07-07,239分鐘,,Fitch,Fitch,僕にだけ優しい○○ママ,成熟的女人、母親、合集、數位馬賽克、DMM獨家,多人,https://www.javbus.com/JFB-011
PSSD-172 「熟人妻の口はもっと嘘をつく。」8 熟雌女anthology special ＃017,PSSD-172 「熟人妻の口はもっと嘘をつく。」8 熟雌女anthology special ＃017,PSSD-172,2010-06-30,323分鐘,,アウダースジャパン,AUDAZ,熟雌女anthology,蕩婦、成熟的女人、合集、4小時以上作品、主觀視角,多人,https://www.javbus.com/PSSD-172
SDDE-221 めざましフェラサービスのある、五ツ星ホテルで働く北条麻妃さん,SDDE-221 めざましフェラサービスのある、五ツ星ホテルで働く北条麻妃さん,SDDE-221,2010-06-27,118分鐘,,SODクリエイト,SENZ,,企畫、口交、其他戀物癖、各種職業、DVD多士爐、單體作品,北条麻妃,https://www.javbus.com/SDDE-221
DVDES-309 女監督ハルナの横取りレズナンパ！VOL.02 MM（マジックミラー）号と♂（オトコ）が口説きオトせなかった超うぶ素人を清純オマ○コ喰い女優・北条麻妃が喰いまくる！,DVDES-309 女監督ハルナの横取りレズナンパ！VOL.02 MM（マジックミラー）号と♂（オトコ）が口説きオトせなかった超うぶ素人を清純オマ○コ喰い女優・北条麻妃が喰いまくる！,DVDES-309,2010-06-27,123分鐘,,ディープス,DEEP’S,女監督ハルナの横取りレズナンパ！,業餘、女同性戀、獵豔、DVD多士爐、單體作品,北条麻妃,https://www.javbus.com/DVDES-309
RECA-094 鬼イラマチオ 北条麻妃,RECA-094 鬼イラマチオ 北条麻妃,RECA-094,2010-06-25,113分鐘,アニー中村,レアルワークス,ECSTASY（レアルワークス）,鬼イラマチオ,口交、其他戀物癖、深喉、單體作品,北条麻妃,https://www.javbus.com/RECA-094
HFD-048 拘束アクメin… ［脅迫スイートルーム 密室監禁オマ●コいじめ］ 4時間 無抵抗で弄ばれる傲慢インテリ女,HFD-048 拘束アクメin… ［脅迫スイートルーム 密室監禁オマ●コいじめ］ 4時間 無抵抗で弄ばれる傲慢インテリ女,HFD-048,2010-06-23,240分鐘,,ドリームチケット,ドリームチケット,脅迫スイートルーム,合集、各種職業、拘束、凌辱,多人,https://www.javbus.com/HFD-048
VERO-002 S級熟女 潮吹きSUPER BEST,VERO-002 S級熟女 潮吹きSUPER BEST,VERO-002,2010-06-19,119分鐘,,VENUS,女神（ヴィーナス）,S級熟女（VENUS）,成熟的女人、潮吹、合集、已婚婦女、手指插入、DMM獨家,多人,https://www.javbus.com/VERO-002
TYWD-007 帰ってきた淫乱AV8時間,TYWD-007 帰ってきた淫乱AV8時間,TYWD-007,2010-06-18,479分鐘,,乱丸,乱丸,,合集、花癡、DMM獨家,多人,https://www.javbus.com/TYWD-007
SVDVD-161 羞恥！強制潮吹きマシンパンツで街中を引き廻せ 12 北条麻妃,SVDVD-161 羞恥！強制潮吹きマシンパンツで街中を引き廻せ 12 北条麻妃,SVDVD-161,2010-06-13,172分鐘,ニューカジー風間,サディスティックヴィレッジ,サディスティックヴィレッジ,羞恥！,羞恥、女優按摩棒、兔女郎、單體作品,北条麻妃,https://www.javbus.com/SVDVD-161
VSPDS-489 時間よ止まれ！ パート15,VSPDS-489 時間よ止まれ！ パート15,VSPDS-489,2010-06-13,119分鐘,萩澤カルメン,V＆Rプロダクツ,V＆Rプロダクツ,時間よ止まれ！,企畫、护士、拘束、高中女生,多人,https://www.javbus.com/VSPDS-489
JUSD-281 こんなところで…ベッド以外でのセックスに酔い痴れる美熟女達4時間,JUSD-281 こんなところで…ベッド以外でのセックスに酔い痴れる美熟女達4時間,JUSD-281,2010-06-07,239分鐘,,マドンナ,Madonna,,成熟的女人、合集、數位馬賽克、DMM獨家,多人,https://www.javbus.com/JUSD-281
HYK-025 変態宣言 第五号 北条麻妃,HYK-025 変態宣言 第五号 北条麻妃,HYK-025,2010-06-01,130分鐘,,プレステージ,百景,変態宣言,成熟的女人、玩具、潮吹、手指插入、單體作品,北条麻妃,https://www.javbus.com/HYK-025
MIBD-498 マン汁垂れ流しつゆだくオナニー4時間,MIBD-498 マン汁垂れ流しつゆだくオナニー4時間,MIBD-498,2010-06-01,239分鐘,,ムーディーズ,MOODYZBest,,合集、數位馬賽克、DMM獨家、自慰,多人,https://www.javbus.com/MIBD-498
MIDD-634 家庭教師レズビアン 年の差を越えた禁断の愛 北条麻妃 松乃涼,MIDD-634 家庭教師レズビアン 年の差を越えた禁断の愛 北条麻妃 松乃涼,MIDD-634,2010-06-01,118分鐘,タイガー小堺,ムーディーズ,MOODYZDIVA,,成熟的女人、家教、女同性戀、數位馬賽克、女同接吻、DVD多士爐、高畫質、DMM獨家,多人,https://www.javbus.com/MIDD-634
WNZ-209 美脚黒パンストの足コキ発射,WNZ-209 美脚黒パンストの足コキ発射,WNZ-209,2010-05-30,121分鐘,オムニバス,ワンズファクトリー,WANZ,,連褲襪、戀腿癖、足交,多人,https://www.javbus.com/WNZ-209
HP-022 Honey Pot 22 MAKI,HP-022 Honey Pot 22 MAKI,HP-022,2010-05-28,105分鐘,,リバイバル,ReVIVAL,HoneyPot,已婚婦女、多P、凌辱、中出、單體作品,北条麻妃,https://www.javbus.com/HP-022
MUSK-016 同僚の淫語が激しすぎて 北条麻妃,MUSK-016 同僚の淫語が激しすぎて 北条麻妃,MUSK-016,2010-05-26,119分鐘,来生元也,タカラ映像,MUSK,,淫語、已婚婦女、數位馬賽克、單體作品,北条麻妃,https://www.javbus.com/MUSK-016
DVH-573 こだわりの手コキ 人妻編VII,DVH-573 こだわりの手コキ 人妻編VII,DVH-573,2010-05-25,238分鐘,,ハヤブサ,隼,こだわりの手コキ,成熟的女人、其他戀物癖、已婚婦女、巨乳、打手槍,多人,https://www.javbus.com/DVH-573
DVH-547 フェラコレ 特別編 3時間まるごとWフェラ,DVH-547 フェラコレ 特別編 3時間まるごとWフェラ,DVH-547,2010-05-25,178分鐘,,ハヤブサ,隼,フェラコレ,成熟的女人、口交、巨乳,多人,https://www.javbus.com/DVH-547
DVH-551 こだわりの手コキ 人妻編 5,DVH-551 こだわりの手コキ 人妻編 5,DVH-551,2010-05-25,238分鐘,,ハヤブサ,隼,こだわりの手コキ,成熟的女人、其他戀物癖、已婚婦女、打手槍,多人,https://www.javbus.com/DVH-551
BID-011 ボディコン熟痴女に犯されたい 北条麻妃 村上涼子 鷹宮りょう 川上ゆう,BID-011 ボディコン熟痴女に犯されたい 北条麻妃 村上涼子 鷹宮りょう 川上ゆう,BID-011,2010-05-25,178分鐘,ザック荒井,美,DELUXE,,蕩婦、成熟的女人、濫交、身體意識、高畫質、DMM獨家,多人,https://www.javbus.com/BID-011
IESP-540 女教師 中出し20連発 北条麻妃,IESP-540 女教師 中出し20連発 北条麻妃,IESP-540,2010-05-22,120分鐘,Mr.Watakano,アイエナジー,暴夢,中出し20連発,女教師、高、中出、單體作品,北条麻妃,https://www.javbus.com/IESP-540
SDMT-071 「秘湯・子宝の湯」が実在した。 子供に恵まれない勃起不全の夫が妻を通わせる会員制エステでは若いマッサージ師が妻を妊娠させる膣内射精サービスが行われていた。,SDMT-071 「秘湯・子宝の湯」が実在した。 子供に恵まれない勃起不全の夫が妻を通わせる会員制エステでは若いマッサージ師が妻を妊娠させる膣内射精サービスが行われていた。,SDMT-071,2010-05-22,136分鐘,Keita★No.1,SODクリエイト,SODクリエイト,,企畫、多P、數位馬賽克、中出、美容院、按摩,多人,https://www.javbus.com/SDMT-071
REMU-062 フェラトル嬢 北条麻妃,REMU-062 フェラトル嬢 北条麻妃,REMU-062,2010-05-21,115分鐘,,レアルワークス,M（レアルワークス）,フェラトル嬢,蕩婦、口交、妓女、單體作品,北条麻妃,https://www.javbus.com/REMU-062
CRAD-034 CROSS大量スペルマぶっかけ乱交ベスト4時間,CRAD-034 CROSS大量スペルマぶっかけ乱交ベスト4時間,CRAD-034,2010-05-19,239分鐘,,クロス,CROSS,,濫交、合集、數位馬賽克、DMM獨家、顏射,多人,https://www.javbus.com/CRAD-034
MIBD-494 巨尻メガトンFUCK4時間,MIBD-494 巨尻メガトンFUCK4時間,MIBD-494,2010-05-13,238分鐘,,ムーディーズ,MOODYZBest,,合集、屁股、數位馬賽克、DMM獨家,多人,https://www.javbus.com/MIBD-494
MDYD-541 弄ばれた家政婦の尻 北条麻妃,MDYD-541 弄ばれた家政婦の尻 北条麻妃,MDYD-541,2010-05-13,117分鐘,溜池ゴロー,溜池ゴロー,溜池ゴロー,弄ばれた家政婦の○○,成熟的女人、各種職業、屁股、多P、數位馬賽克、DVD多士爐、高畫質、單體作品、DMM獨家,北条麻妃,https://www.javbus.com/MDYD-541
MIAD-454 労働者とセレブ 北条麻妃,MIAD-454 労働者とセレブ 北条麻妃,MIAD-454,2010-05-13,118分鐘,ながしめ,ムーディーズ,MOODYZACID,労働者とセレブ,成熟的女人、放尿、數位馬賽克、女上位、DVD多士爐、高畫質、單體作品、DMM獨家,北条麻妃,https://www.javbus.com/MIAD-454
HHK-096 どうしようもなく淫らな女たち,HHK-096 どうしようもなく淫らな女たち,HHK-096,2010-05-13,479分鐘,,百花美人,百花美人,,合集、多P、女上位、DMM獨家,多人,https://www.javbus.com/HHK-096
WSP-064 キスがエロけりゃ醜男だって、美女とベロちゅうデキるのだぁ 2 THE4時間,WSP-064 キスがエロけりゃ醜男だって、美女とベロちゅうデキるのだぁ 2 THE4時間,WSP-064,2010-05-10,236分鐘,,ワープエンタテインメント,S＋,キスがエロけりゃ,手指插入、顏射、眼鏡、女傭,多人,https://www.javbus.com/WSP-064
DOJ-010 団地妻の昼下がり ～自立のために 抱かれる妻～ 北条麻妃,DOJ-010 団地妻の昼下がり ～自立のために 抱かれる妻～ 北条麻妃,DOJ-010,2010-05-07,116分鐘,ブッダ☆佐藤,桃太郎映像出版,BUDDHA,団地妻の昼下がり,新娘、年輕妻子、多P、女上位、單體作品、打手槍,北条麻妃,https://www.javbus.com/DOJ-010
SVDVD-154 陵辱！超高級公衆肉便器3 北条麻妃,SVDVD-154 陵辱！超高級公衆肉便器3 北条麻妃,SVDVD-154,2010-05-06,135分鐘,,サディスティックヴィレッジ,サディスティックヴィレッジ,陵辱！超高級公衆肉便器,蕩婦、拘束、凌辱、單體作品,北条麻妃,https://www.javbus.com/SVDVD-154
VSPDS-482 北条麻妃が童貞を募集します。,VSPDS-482 北条麻妃が童貞を募集します。,VSPDS-482,2010-05-06,106分鐘,萩澤カルメン,V＆Rプロダクツ,V＆Rプロダクツ,,成熟的女人、女上位、單體作品,北条麻妃,https://www.javbus.com/VSPDS-482
VEVE-001 VENUS 生誕一周年記念全作品集,VEVE-001 VENUS 生誕一周年記念全作品集,VEVE-001,2010-05-01,241分鐘,,VENUS,ヴィーナス（VENUS）,,成熟的女人、合集、已婚婦女,多人,https://www.javbus.com/VEVE-001
MIBD-492 女教師100人8時間,MIBD-492 女教師100人8時間,MIBD-492,2010-04-30,478分鐘,,ムーディーズ,MOODYZBest,,女教師、合集、連褲襪、數位馬賽克、眼鏡、DMM獨家,多人,https://www.javbus.com/MIBD-492
JUC-298 もう一つの混浴温泉バスツアー 5,JUC-298 もう一つの混浴温泉バスツアー 5,JUC-298,2010-04-23,150分鐘,モヒカル,マドンナ,Madonna,美熟女と行く混浴温泉バスツアー,企畫、成熟的女人、第一人稱攝影、數位馬賽克、巨乳、DMM獨家,多人,https://www.javbus.com/JUC-298
SNAD-013 しのプロ2009年全作品集,SNAD-013 しのプロ2009年全作品集,SNAD-013,2010-04-23,479分鐘,,しのだ,しのだ,,其他戀物癖、合集、4小時以上作品、DMM獨家,多人,https://www.javbus.com/SNAD-013
JUSD-271 無残に犯られる美熟女達ベスト4時間,JUSD-271 無残に犯られる美熟女達ベスト4時間,JUSD-271,2010-04-23,239分鐘,,マドンナ,Madonna,,成熟的女人、強姦、合集、數位馬賽克、DMM獨家,多人,https://www.javbus.com/JUSD-271
TYWD-006 淫乱騎乗位4時間,TYWD-006 淫乱騎乗位4時間,TYWD-006,2010-04-19,239分鐘,,乱丸,乱丸,淫乱騎乗位,花癡、女上位、DMM獨家,多人,https://www.javbus.com/TYWD-006
ANND-058 体罰レズビアン 美人女教師と薄幸の優等生 北条麻妃 早乙女ルイ,ANND-058 体罰レズビアン 美人女教師と薄幸の優等生 北条麻妃 早乙女ルイ,ANND-058,2010-04-19,119分鐘,武井寅泰,アンナと花子,アンナと花子,,蕩婦、女同性戀、女教師、舔陰、高畫質、DMM獨家,多人,https://www.javbus.com/ANND-058
SDDE-218 サウナレディのお仕事 北条麻妃,SDDE-218 サウナレディのお仕事 北条麻妃,SDDE-218,2010-04-18,120分鐘,,SODクリエイト,SODクリエイト,○○のお仕事,企畫、合集、各種職業、女上位、DVD多士爐、單體作品,北条麻妃,https://www.javbus.com/SDDE-218
HFD-045 痴女教師×男子喰い 4時間,HFD-045 痴女教師×男子喰い 4時間,HFD-045,2010-04-15,241分鐘,,ドリームチケット,ドリームチケット,誘惑、女教師。,蕩婦、女教師、合集、吞精,多人,https://www.javbus.com/HFD-045
MDYD-533 義姉凌辱調教 ～美しき麗奴～ 北条麻妃,MDYD-533 義姉凌辱調教 ～美しき麗奴～ 北条麻妃,MDYD-533,2010-04-13,146分鐘,溜池ゴロー,溜池ゴロー,溜池ゴロー,義姉凌辱調教,多P、數位馬賽克、性奴、輪姦、凌辱、高畫質、單體作品、DMM獨家,北条麻妃,https://www.javbus.com/MDYD-533
MIBD-485 厳選中出し50連発4時間,MIBD-485 厳選中出し50連発4時間,MIBD-485,2010-04-13,238分鐘,,ムーディーズ,MOODYZBest,,合集、數位馬賽克、中出、DMM獨家,多人,https://www.javbus.com/MIBD-485
SMA-473 デキる女は尿道＆亀頭責め手コキ,SMA-473 デキる女は尿道＆亀頭責め手コキ,SMA-473,2010-04-13,121分鐘,,マルクス兄弟,MARXBrothersco.,,其他戀物癖、打手槍,多人,https://www.javbus.com/SMA-473
MAN-101 エスカレートしすぎる熟女5人、あなたの自宅に突撃訪問。,MAN-101 エスカレートしすぎる熟女5人、あなたの自宅に突撃訪問。,MAN-101,2010-04-11,236分鐘,,プレステージ,マンハッタン,エスカレートしすぎる●●、あなたの自宅に突撃訪問。,角色扮演、蕩婦、成熟的女人、女上位,多人,https://www.javbus.com/MAN-101
JUSD-269 羞恥に悶える美熟女たち20人4時間,JUSD-269 羞恥に悶える美熟女たち20人4時間,JUSD-269,2010-04-07,239分鐘,,マドンナ,Madonna,,成熟的女人、合集、數位馬賽克、羞恥、DMM獨家,多人,https://www.javbus.com/JUSD-269
DVDES-297 温泉浣腸旅行 VOL.2 北条麻妃,DVDES-297 温泉浣腸旅行 VOL.2 北条麻妃,DVDES-297,2010-04-06,114分鐘,,ディープス,DEEP’S,温泉浣腸旅行,和服・喪服、成熟的女人、野外・露出、已婚婦女、灌腸、DVD多士爐、單體作品,北条麻妃,https://www.javbus.com/DVDES-297
WSP-062 働クオンナ、イラマチオ。 4時間,WSP-062 働クオンナ、イラマチオ。 4時間,WSP-062,2010-04-05,227分鐘,,ワープエンタテインメント,S＋,,角色扮演、口交、合集、各種職業、深喉,多人,https://www.javbus.com/WSP-062
RCT-195 知らなきゃ絶対損をする！これが噂の男の潮吹き伝授します！総集編5時間DX,RCT-195 知らなきゃ絶対損をする！これが噂の男の潮吹き伝授します！総集編5時間DX,RCT-195,2010-04-04,304分鐘,,ROCKET,ROCKET,知らなきゃ絶対損をする！,蕩婦、护士、合集、打手槍,多人,https://www.javbus.com/RCT-195
HBAD-117 我慢できない義姉の匂い 北条麻妃,HBAD-117 我慢できない義姉の匂い 北条麻妃,HBAD-117,2010-04-04,120分鐘,,ヒビノ,BABE,,亂倫、已婚婦女、DVD多士爐、單體作品,北条麻妃,https://www.javbus.com/HBAD-117
MIBD-484 MOODYZ2009年下半期BEST100タイトル8時間,MIBD-484 MOODYZ2009年下半期BEST100タイトル8時間,MIBD-484,2010-04-01,478分鐘,,ムーディーズ,MOODYZBest,MOODYZ○○○○年○半期,合集、數位馬賽克、中出、DMM獨家、顏射、肛交,多人,https://www.javbus.com/MIBD-484
JUC-274 マドンナファンの集い 美熟女と行く混浴温泉バスツアー 5,JUC-274 マドンナファンの集い 美熟女と行く混浴温泉バスツアー 5,JUC-274,2010-03-25,399分鐘,モヒカル,マドンナ,Madonna,美熟女と行く混浴温泉バスツアー,角色扮演、企畫、成熟的女人、濫交、數位馬賽克、DMM獨家,多人,https://www.javbus.com/JUC-274
WSP-061 ツンデレ熟女 4時間 北条麻妃,WSP-061 ツンデレ熟女 4時間 北条麻妃,WSP-061,2010-03-22,228分鐘,,ワープエンタテインメント,S＋,,成熟的女人、合集、多P、女上位、單體作品,北条麻妃,https://www.javbus.com/WSP-061
GERH-009 ソルトシャワー 熟若女のおしっこみせて Vol.4,GERH-009 ソルトシャワー 熟若女のおしっこみせて Vol.4,GERH-009,2010-03-19,89分鐘,,ゲロニア/妄想族,ゲロニア,ソルトシャワー,成熟的女人、放尿、內衣,多人,https://www.javbus.com/GERH-009
SMA-468 ディルドに跨りピストン騎乗位,SMA-468 ディルドに跨りピストン騎乗位,SMA-468,2010-03-13,150分鐘,,マルクス兄弟,MARXBrothersco.,,玩具、女上位、自慰,多人,https://www.javbus.com/SMA-468
HHK-092 百花美人ベストフェラチオ集8時間,HHK-092 百花美人ベストフェラチオ集8時間,HHK-092,2010-03-12,477分鐘,,百花美人,百花美人,,口交、合集、4小時以上作品、DMM獨家,多人,https://www.javbus.com/HHK-092
WNZ-187 非日常的ヌルヌルぴたぴた競泳水着,WNZ-187 非日常的ヌルヌルぴたぴた競泳水着,WNZ-187,2010-03-11,121分鐘,,ワンズファクトリー,WANZ,,乳液、女上位、泳裝,多人,https://www.javbus.com/WNZ-187
PSSD-160 Best Scene of 熟雌女anthology 3,PSSD-160 Best Scene of 熟雌女anthology 3,PSSD-160,2010-03-09,254分鐘,,アウダースジャパン,AUDAZ,熟雌女anthology,蕩婦、成熟的女人、合集、淫語、主觀視角,多人,https://www.javbus.com/PSSD-160
PSSD-161 Best Scene of 催眠 3,PSSD-161 Best Scene of 催眠 3,PSSD-161,2010-03-09,240分鐘,,アウダースジャパン,AUDAZ,催眠赤,其他戀物癖、合集、性奴、催眠、娃娃,多人,https://www.javbus.com/PSSD-161
RBD-185 あなた、許して…。 恩と情の狭間で 北条麻妃,RBD-185 あなた、許して…。 恩と情の狭間で 北条麻妃,RBD-185,2010-03-05,109分鐘,なぎら健造,アタッカーズ,龍縛,あなた、許して…。,成熟的女人、已婚婦女、女上位、DVD多士爐、高畫質、單體作品、DMM獨家,北条麻妃,https://www.javbus.com/RBD-185
JUSD-261 2009年マドンナ下半期133タイトル8時間,JUSD-261 2009年マドンナ下半期133タイトル8時間,JUSD-261,2010-03-05,475分鐘,,マドンナ,Madonna,マドンナ○半期,成熟的女人、合集、數位馬賽克、DMM獨家,多人,https://www.javbus.com/JUSD-261
RCT-187 電流アクメ ～勃起クリトリス電極責め～ 総集編4時間DX,RCT-187 電流アクメ ～勃起クリトリス電極責め～ 総集編4時間DX,RCT-187,2010-03-04,242分鐘,,ROCKET,ROCKET,電流アクメ,合集、拘束、凌辱,多人,https://www.javbus.com/RCT-187
RCT-185 北条麻妃と行くファン感謝祭 混浴露天風呂大乱交バスツアー,RCT-185 北条麻妃と行くファン感謝祭 混浴露天風呂大乱交バスツアー,RCT-185,2010-03-04,148分鐘,,ROCKET,ROCKET,○○と行くファン感謝祭,企畫、濫交、單體作品,北条麻妃,https://www.javbus.com/RCT-185
MIBD-474 涙目の涎便器美少女イラマ50連発4時間,MIBD-474 涙目の涎便器美少女イラマ50連発4時間,MIBD-474,2010-03-01,238分鐘,,ムーディーズ,MOODYZBest,,口交、合集、美少女、數位馬賽克、DMM獨家,多人,https://www.javbus.com/MIBD-474
MIVD-022 MOODYZ 2009年9月～12月作品集,MIVD-022 MOODYZ 2009年9月～12月作品集,MIVD-022,2010-03-01,239分鐘,,ムーディーズ,MOODYZBest,MOODYZ○○○○年○月～○月作品集,合集、數位馬賽克、DMM獨家,多人,https://www.javbus.com/MIVD-022
MIBD-476 コスプレ100人100着8時間,MIBD-476 コスプレ100人100着8時間,MIBD-476,2010-03-01,478分鐘,,ムーディーズ,MOODYZBest,,角色扮演、合集、數位馬賽克、DMM獨家,多人,https://www.javbus.com/MIBD-476
RECA-089 鬼イカセ 北条麻妃,RECA-089 鬼イカセ 北条麻妃,RECA-089,2010-02-26,148分鐘,,レアルワークス,ECSTASY（レアルワークス）,鬼イカセ,成熟的女人、深喉、拘束、舔陰、女上位、手指插入、單體作品,北条麻妃,https://www.javbus.com/RECA-089
BBI-097 痴女教師の家庭訪問-生徒の自宅で童貞狩り- 北条麻妃,BBI-097 痴女教師の家庭訪問-生徒の自宅で童貞狩り- 北条麻妃,BBI-097,2010-02-25,117分鐘,［Jo］Style,美,美,,蕩婦、女教師、多P、高畫質、單體作品、DMM獨家、打手槍,北条麻妃,https://www.javbus.com/BBI-097
HBAD-113 喪服未亡人 本当は夫以外の男が欲しかった貞淑妻を夫の葬儀で汁まみれにしてヤル 北条麻妃,HBAD-113 喪服未亡人 本当は夫以外の男が欲しかった貞淑妻を夫の葬儀で汁まみれにしてヤル 北条麻妃,HBAD-113,2010-02-21,112分鐘,よっちゃん,ヒビノ,BABE,陵辱喪服未亡人,和服・喪服、強姦、寡婦、數位馬賽克、DVD多士爐、單體作品,北条麻妃,https://www.javbus.com/HBAD-113
CRPD-336 未亡人レイプ 恥辱に染まった喪服美女のそそる肉体 北条麻妃,CRPD-336 未亡人レイプ 恥辱に染まった喪服美女のそそる肉体 北条麻妃,CRPD-336,2010-02-19,118分鐘,滝野川進之助,クロス,CROSS,,女同性戀、強姦、寡婦、數位馬賽克、凌辱、高畫質、DMM獨家,多人,https://www.javbus.com/CRPD-336
MVSD-114 妖艶美女の生中出しセックス大乱交 柳田やよい 北条麻妃,MVSD-114 妖艶美女の生中出しセックス大乱交 柳田やよい 北条麻妃,MVSD-114,2010-02-19,118分鐘,Mr.KEMURI,エムズビデオグループ,SHOCK,,女同性戀、濫交、中出、女上位、高畫質、DMM獨家,多人,https://www.javbus.com/MVSD-114
SMA-461 高級 黒パンスト美脚フェチ 北条麻妃,SMA-461 高級 黒パンスト美脚フェチ 北条麻妃,SMA-461,2010-02-13,120分鐘,柴原光,マルクス兄弟,MARXBrothersco.,高級黒パンスト美脚フェチ,連褲襪、戀腿癖、舔陰、足交、單體作品、打手槍,北条麻妃,https://www.javbus.com/SMA-461
DVDES-266 マジックミラー号 超ゴージャス！濃密美熟女逆ナンパ 池袋編,DVDES-266 マジックミラー号 超ゴージャス！濃密美熟女逆ナンパ 池袋編,DVDES-266,2010-02-12,160分鐘,ルミナックス,ディープス,DEEP’S,マジックミラー号,成熟的女人、女同性戀、倒追,多人,https://www.javbus.com/DVDES-266
RCT-178 北条麻妃のディープスロート包茎クリニック,RCT-178 北条麻妃のディープスロート包茎クリニック,RCT-178,2010-02-12,139分鐘,ささきうずまき,ROCKET,ROCKET,,成熟的女人、女醫生、數位馬賽克、DVD多士爐、單體作品,北条麻妃,https://www.javbus.com/RCT-178
JUFD-095 僕にだけ優しい麻妃ママ 北条麻妃,JUFD-095 僕にだけ優しい麻妃ママ 北条麻妃,JUFD-095,2010-02-05,118分鐘,旗大漁,Fitch,Fitch,僕にだけ優しい○○ママ,成熟的女人、母親、數位馬賽克、女上位、手指插入、DVD多士爐、高畫質、單體作品、DMM獨家,北条麻妃,https://www.javbus.com/JUFD-095
WNZ-176 女教師の誘惑 北条麻妃,WNZ-176 女教師の誘惑 北条麻妃,WNZ-176,2010-02-01,121分鐘,SARJI,ワンズファクトリー,WANZ,女教師の誘惑,蕩婦、女教師、顏射、眼鏡、單體作品,北条麻妃,https://www.javbus.com/WNZ-176
RNADE-631 乱れた人妻たち,RNADE-631 乱れた人妻たち,RNADE-631,2010-01-28,238分鐘,,なでしこ,Nadeshiko,乱れた人妻たち,已婚婦女、通姦、中出、顏射,多人,https://www.javbus.com/RNADE-631
RNADE-639 人妻のフェラ 3,RNADE-639 人妻のフェラ 3,RNADE-639,2010-01-28,179分鐘,,なでしこ,Nadeshiko,人妻のフェラ,口交、已婚婦女、深喉,多人,https://www.javbus.com/RNADE-639
DASD-101 浣腸美熟女 北条麻妃,DASD-101 浣腸美熟女 北条麻妃,DASD-101,2010-01-25,116分鐘,☆HOKUSAI☆,ダスッ！,ダスッ！,浣腸美熟女,成熟的女人、灌腸、多P、凌辱、高畫質、單體作品、DMM獨家,北条麻妃,https://www.javbus.com/DASD-101
MMSP-004 兄嫁奴隷 若妻肉壷調教2時間,MMSP-004 兄嫁奴隷 若妻肉壷調教2時間,MMSP-004,2010-01-21,119分鐘,,タカラ映像,MOMIJI,兄嫁奴隷,合集、已婚婦女、多P、性奴,多人,https://www.javbus.com/MMSP-004
LADY-079 女社長と美人秘書 深夜の密室レズ調教 北条麻妃 鷹宮りょう 岡山涼花,LADY-079 女社長と美人秘書 深夜の密室レズ調教 北条麻妃 鷹宮りょう 岡山涼花,LADY-079,2010-01-19,128分鐘,,LADY×LADY,LADY×LADY,,女同性戀、多P、秘書、性奴、手指插入,多人,https://www.javbus.com/LADY-079
SDDE-206 （裏）手コキクリニック ～完全版～ 性交クリニックスペシャル WITH 手コキクリニック,SDDE-206 （裏）手コキクリニック ～完全版～ 性交クリニックスペシャル WITH 手コキクリニック,SDDE-206,2010-01-19,133分鐘,GORI,SODクリエイト,SENZ,（裏）手コキクリニック,企畫、护士、女上位、DVD多士爐、打手槍,多人,https://www.javbus.com/SDDE-206
RKI-055 感じるワキ毛 北条麻妃,RKI-055 感じるワキ毛 北条麻妃,RKI-055,2010-01-19,118分鐘,PASSIONHAIRWAKIMOTO,ROOKIE,ROOKIE,感じるワキ毛,角色扮演、其他戀物癖、潮吹、多P、高畫質、單體作品、DMM獨家、打手槍,北条麻妃,https://www.javbus.com/RKI-055
MIBD-463 おっぱいがいっぱい4時間,MIBD-463 おっぱいがいっぱい4時間,MIBD-463,2010-01-13,239分鐘,,ムーディーズ,MOODYZBest,,合集、數位馬賽克、乳房、巨乳、DMM獨家,多人,https://www.javbus.com/MIBD-463
HHK-086 百花美人で絶叫した16人の厳選アクメ特大8時間スペシャル,HHK-086 百花美人で絶叫した16人の厳選アクメ特大8時間スペシャル,HHK-086,2010-01-13,479分鐘,,百花美人,百花美人,,合集、DMM獨家,多人,https://www.javbus.com/HHK-086
JUSD-250 極上美熟女30人の嗚咽イラマチオ4時間,JUSD-250 極上美熟女30人の嗚咽イラマチオ4時間,JUSD-250,2010-01-07,239分鐘,,マドンナ,Madonna,,成熟的女人、口交、合集、數位馬賽克、深喉、DMM獨家,多人,https://www.javbus.com/JUSD-250
RCT-168 女子アナに顔射！ごっくんスペシャル,RCT-168 女子アナに顔射！ごっくんスペシャル,RCT-168,2010-01-05,161分鐘,ささきうずまき,ROCKET,ROCKET,女子アナに顔射！,企畫、顏射、女主播、吞精,多人,https://www.javbus.com/RCT-168
DANDY-167 「知らない女だけが損をする！世界最大級のメガチ○ポでヤる 大人の初体験Ver.」 VOL.1,DANDY-167 「知らない女だけが損をする！世界最大級のメガチ○ポでヤる 大人の初体験Ver.」 VOL.1,DANDY-167,2010-01-05,236分鐘,長瀬ハワイ,DANDY,DANDY,知らない女だけが損をする！世界最大級のメガチ○ポで～,企畫、多P、數位馬賽克、單體作品、黑人演員,北条麻妃,https://www.javbus.com/DANDY-167
VENU-038 S級熟女 Part.2,VENU-038 S級熟女 Part.2,VENU-038,2010-01-01,241分鐘,,VENUS,INCEST（ヴィーナス）,S級熟女（VENUS）,成熟的女人、潮吹、手指插入、巨乳,多人,https://www.javbus.com/VENU-038
MIRD-071 ザーメン病棟24時,MIRD-071 ザーメン病棟24時,MIRD-071,2009-12-29,236分鐘,黒澤あらら,ムーディーズ,MOODYZREAL,,护士、濫交、女醫生、數位馬賽克、高畫質、DMM獨家、顏射,多人,https://www.javbus.com/MIRD-071
RNADE-533 乱れる人妻 性欲を抑えきれない人妻 麻妃,RNADE-533 乱れる人妻 性欲を抑えきれない人妻 麻妃,RNADE-533,2009-12-23,118分鐘,マーKUN,なでしこ,Nadeshiko,乱れる人妻,連褲襪、已婚婦女、通姦、女上位、單體作品,北条麻妃,https://www.javbus.com/RNADE-533
PMP-110 セーラー服と北条麻妃,PMP-110 セーラー服と北条麻妃,PMP-110,2009-12-19,114分鐘,,みるきぃぷりん♪,みるきぃぷりん,,多P、高中女生、單體作品、水手服,北条麻妃,https://www.javbus.com/PMP-110
SDMS-903 35歳の○校2年生 北条麻妃のいやらしい体に親子ほど年の離れた男子○校生が群がる,SDMS-903 35歳の○校2年生 北条麻妃のいやらしい体に親子ほど年の離れた男子○校生が群がる,SDMS-903,2009-12-19,135分鐘,CHAIN宗,SODクリエイト,SODクリエイト,○○のいやらしい体に親子ほど年の離れた男子○校生が群がる,角色扮演、乳交、制服、中出、女上位、DVD多士爐、單體作品,北条麻妃,https://www.javbus.com/SDMS-903
RNADE-617 高級人妻クラブ 5,RNADE-617 高級人妻クラブ 5,RNADE-617,2009-12-18,119分鐘,,なでしこ,Nadeshiko,高級人妻クラブ,妓女、已婚婦女、單體作品,北条麻妃,https://www.javbus.com/RNADE-617
GERH-004 ソルトシャワー 熟若女のおしっこみせて Vol.2,GERH-004 ソルトシャワー 熟若女のおしっこみせて Vol.2,GERH-004,2009-12-18,89分鐘,,ゲロニア/妄想族,ゲロニア,ソルトシャワー,成熟的女人、放尿、制服、女生,多人,https://www.javbus.com/GERH-004
HHK-076 上半期の総決算 女優まるごとプレイリスト4時間,HHK-076 上半期の総決算 女優まるごとプレイリスト4時間,HHK-076,2009-12-11,239分鐘,,百花美人,百花美人,,合集、DMM獨家,多人,https://www.javbus.com/HHK-076
DVDES-245 誰にも言えない禁断のレズ恋愛 親友のママに愛されて… 北条麻妃 みづなれい,DVDES-245 誰にも言えない禁断のレズ恋愛 親友のママに愛されて… 北条麻妃 みづなれい,DVDES-245,2009-12-05,140分鐘,ルミナックス,ディープス,DEEP’S,誰にも言えない禁断のレズ恋愛,女同性戀、制服、手指插入、DVD多士爐,多人,https://www.javbus.com/DVDES-245
HAVD-627 女体性虐史 夫の前で中出し陵辱 北条麻妃,HAVD-627 女体性虐史 夫の前で中出し陵辱 北条麻妃,HAVD-627,2009-12-05,121分鐘,長谷川勝之,ヒビノ,HIBINO,女体性虐史,已婚婦女、多P、數位馬賽克、凌辱、DVD多士爐、單體作品,北条麻妃,https://www.javbus.com/HAVD-627
RCT-162 知らなきゃ絶対損をする！これが噂の「男の潮吹き」 北条麻妃がとことん男の潮吹き伝授します！,RCT-162 知らなきゃ絶対損をする！これが噂の「男の潮吹き」 北条麻妃がとことん男の潮吹き伝授します！,RCT-162,2009-12-05,132分鐘,ささきうずまき,ROCKET,ROCKET,知らなきゃ絶対損をする！,企畫、潮吹、數位馬賽克、單體作品,北条麻妃,https://www.javbus.com/RCT-162
JUC-204 恥辱の老人ホーム2 美熟女と老人 北条麻妃,JUC-204 恥辱の老人ホーム2 美熟女と老人 北条麻妃,JUC-204,2009-11-25,116分鐘,ヒフミタツヲ,マドンナ,Madonna,恥辱の老人ホーム,成熟的女人、各種職業、數位馬賽克、女上位、單體作品、DMM獨家,北条麻妃,https://www.javbus.com/JUC-204
PSSD-157 シチュエーションドラマ催眠 5,PSSD-157 シチュエーションドラマ催眠 5,PSSD-157,2009-11-23,251分鐘,,アウダースジャパン,AUDAZ,催眠赤,合集、性奴、4小時以上作品、催眠、娃娃,多人,https://www.javbus.com/PSSD-157
HHK-074 汗だくで腰を振りたくて 北条麻妃,HHK-074 汗だくで腰を振りたくて 北条麻妃,HHK-074,2009-11-13,118分鐘,カッツォ佐藤,百花美人,百花美人,汗だくで腰を振りたくて,成熟的女人、舔陰、女上位、單體作品、DMM獨家,北条麻妃,https://www.javbus.com/HHK-074
PSSD-156 予備催眠 SP6,PSSD-156 予備催眠 SP6,PSSD-156,2009-11-11,205分鐘,,アウダースジャパン,AUDAZ,予備催眠,合集、纪录片、性奴、催眠、娃娃,多人,https://www.javbus.com/PSSD-156
SDDE-199 手コキクリニック 10,SDDE-199 手コキクリニック 10,SDDE-199,2009-11-08,120分鐘,GORI,SODクリエイト,SENZ,手コキクリニック,企畫、护士、其他戀物癖、DVD多士爐、打手槍,多人,https://www.javbus.com/SDDE-199
RCT-153 電流アクメ 4 ～勃起クリトリス電極責め～ 北条麻妃,RCT-153 電流アクメ 4 ～勃起クリトリス電極責め～ 北条麻妃,RCT-153,2009-11-08,122分鐘,竹本シンゴ,ROCKET,ROCKET,電流アクメ,數位馬賽克、拘束、凌辱、單體作品,北条麻妃,https://www.javbus.com/RCT-153
MIBD-443 禁断のレズビアン4時間,MIBD-443 禁断のレズビアン4時間,MIBD-443,2009-10-30,238分鐘,,ムーディーズ,MOODYZBest,,女同性戀、合集、數位馬賽克、制服、DMM獨家,多人,https://www.javbus.com/MIBD-443
JUC-180 マドンナ学園7 ～激情の文化祭闘争～,JUC-180 マドンナ学園7 ～激情の文化祭闘争～,JUC-180,2009-10-23,209分鐘,芳賀栄太郎,マドンナ,Madonna,マドンナ学園,成熟的女人、女教師、多P、數位馬賽克、女上位、DMM獨家,多人,https://www.javbus.com/JUC-180
SNYD-061 ぼくが本当に見たかった北条麻妃,SNYD-061 ぼくが本当に見たかった北条麻妃,SNYD-061,2009-10-23,107分鐘,篠田昌宏,しのだ,しのだ,,淫語、姐姐、妄想、中出、主觀視角、戀愛、單體作品、DMM獨家,北条麻妃,https://www.javbus.com/SNYD-061
MBOX-039 北条麻妃でござひます 240分,MBOX-039 北条麻妃でござひます 240分,MBOX-039,2009-10-22,239分鐘,,タカラ映像,タカラビジュアル,○○ベスト4時間,成熟的女人、合集、多P、單體作品,北条麻妃,https://www.javbus.com/MBOX-039
RKI-043 フェラチオ品評会 北条麻妃・雪見紗弥・鈴木杏里,RKI-043 フェラチオ品評会 北条麻妃・雪見紗弥・鈴木杏里,RKI-043,2009-10-19,118分鐘,Seven,ROOKIE,ROOKIE,,口交、其他戀物癖、DVD多士爐、DMM獨家,多人,https://www.javbus.com/RKI-043
CRPD-320 貶められて、美人女教師精子漬け 北条麻妃,CRPD-320 貶められて、美人女教師精子漬け 北条麻妃,CRPD-320,2009-10-19,119分鐘,ドラゴン西川,クロス,CROSS,,女教師、多P、數位馬賽克、凌辱、顏射、單體作品、DMM獨家,北条麻妃,https://www.javbus.com/CRPD-320
WSP-057 燃えるお姉さん ガッツリ騎乗位M男喰い 4時間,WSP-057 燃えるお姉さん ガッツリ騎乗位M男喰い 4時間,WSP-057,2009-10-15,226分鐘,,ワープエンタテインメント,S＋,,蕩婦、合集、姐姐、女上位,多人,https://www.javbus.com/WSP-057
DPHN-112 非日常的悶絶遊戯 スイミングレッスンを受ける奥様、麻妃の場合,DPHN-112 非日常的悶絶遊戯 スイミングレッスンを受ける奥様、麻妃の場合,DPHN-112,2009-10-13,114分鐘,渡辺琢斗,AVScollector’s,PHANTOM夢,非日常的悶絶遊戯,已婚婦女、女上位、泳裝、單體作品,北条麻妃,https://www.javbus.com/DPHN-112
JUC-172 背徳の団地妻 昼下がりの下半身事情 北条麻妃,JUC-172 背徳の団地妻 昼下がりの下半身事情 北条麻妃,JUC-172,2009-10-07,150分鐘,［Jo］Style,マドンナ,Madonna,背徳の団地妻,已婚婦女、多P、數位馬賽克、拘束、女上位、單體作品、DMM獨家,北条麻妃,https://www.javbus.com/JUC-172
HBAD-102 妖艶美人妻と強盗強姦魔,HBAD-102 妖艶美人妻と強盗強姦魔,HBAD-102,2009-10-05,118分鐘,村山恭助,ヒビノ,BABE,,強姦、已婚婦女、拘束、單體作品,北条麻妃,https://www.javbus.com/HBAD-102
IESP-506 団地妻の憂い 北条麻妃,IESP-506 団地妻の憂い 北条麻妃,IESP-506,2009-10-05,118分鐘,菅原養史,アイエナジー,暴夢,団地妻の憂い,已婚婦女、女上位、DVD多士爐、巨乳、單體作品,北条麻妃,https://www.javbus.com/IESP-506
MIGD-268 真性中出し 北条麻妃,MIGD-268 真性中出し 北条麻妃,MIGD-268,2009-10-01,178分鐘,HiroA,ムーディーズ,MOODYZGati,真性中出し,成熟的女人、數位馬賽克、輪姦、中出、單體作品、DMM獨家、顏射,北条麻妃,https://www.javbus.com/MIGD-268
FSET-212 熟女派遣センター,FSET-212 熟女派遣センター,FSET-212,2009-09-20,117分鐘,アキノリ,アキノリ,AKNR,,成熟的女人、數位馬賽克、女上位、顏射,多人,https://www.javbus.com/FSET-212
RKI-038 目をそらすな！,RKI-038 目をそらすな！,RKI-038,2009-09-18,156分鐘,極ノ介,ROOKIE,ROOKIE,,強姦、多P、主觀視角、高畫質、巨乳、DMM獨家,多人,https://www.javbus.com/RKI-038
TYOD-061 チンポを見るとヨダレが垂れちゃう。 北条麻妃,TYOD-061 チンポを見るとヨダレが垂れちゃう。 北条麻妃,TYOD-061,2009-09-18,117分鐘,苺丸,乱丸,乱丸,,花癡、多P、女上位、手指插入、單體作品、DMM獨家,北条麻妃,https://www.javbus.com/TYOD-061
ANHD-003 レズビアンベストクンニリングス総集編,ANHD-003 レズビアンベストクンニリングス総集編,ANHD-003,2009-09-18,239分鐘,,アンナと花子,アンナと花子,,女同性戀、合集、舔陰、DMM獨家,多人,https://www.javbus.com/ANHD-003
PMS-147 みるスポ！ 北条麻妃,PMS-147 みるスポ！ 北条麻妃,PMS-147,2009-09-07,131分鐘,,みるきぃぷりん♪,みるきぃぷりん,みるスポ！,成熟的女人、女上位、泳裝、單體作品,北条麻妃,https://www.javbus.com/PMS-147
JUC-151 犯された義姉 北条麻妃,JUC-151 犯された義姉 北条麻妃,JUC-151,2009-09-07,111分鐘,ビンス東郷,マドンナ,Madonna,犯された義姉,成熟的女人、強姦、數位馬賽克、手指插入、顏射、單體作品、DMM獨家,北条麻妃,https://www.javbus.com/JUC-151
ECB-038 熟愛 インケイジュ,ECB-038 熟愛 インケイジュ,ECB-038,2009-09-05,127分鐘,K*WEST,ワープエンタテインメント,COBRA（ワープ）,インケイジュ,成熟的女人、女同性戀、雙性人、DVD多士爐,多人,https://www.javbus.com/ECB-038
DM-104 ヒトヅマ ドット セレクション Mrs.SELECTION,DM-104 ヒトヅマ ドット セレクション Mrs.SELECTION,DM-104,2009-09-01,119分鐘,,チーム川崎,秋の感謝祭’09,,成熟的女人、紧缚、已婚婦女、深喉、中出、DVD多士爐、巨乳,多人,https://www.javbus.com/DM-104
MIBD-430 MOODYZ2009年上半期BEST100タイトル8時間,MIBD-430 MOODYZ2009年上半期BEST100タイトル8時間,MIBD-430,2009-09-01,478分鐘,,ムーディーズ,MOODYZBest,MOODYZ○○○○年○半期,合集、數位馬賽克、中出、DMM獨家、顏射、肛交,多人,https://www.javbus.com/MIBD-430
MIAD-428 謝り淫語 北条麻妃,MIAD-428 謝り淫語 北条麻妃,MIAD-428,2009-09-01,116分鐘,H.HANAKI,ムーディーズ,MOODYZACID,,潮吹、淫語、數位馬賽克、女上位、DVD多士爐、單體作品、DMM獨家,北条麻妃,https://www.javbus.com/MIAD-428
DM-103 DMM【限定】お掃除フェラ Best Selection,DM-103 DMM【限定】お掃除フェラ Best Selection,DM-103,2009-09-01,119分鐘,,グレイズ,秋の感謝祭’09,,口交、其他戀物癖、DVD多士爐,多人,https://www.javbus.com/DM-103
VENU-018 北条麻妃 30歳,VENU-018 北条麻妃 30歳,VENU-018,2009-09-01,86分鐘,,VENUS,ヴィーナス（VENUS）,,成熟的女人、連褲襪、女上位、手指插入、顏射、單體作品,北条麻妃,https://www.javbus.com/VENU-018
RNADE-568 人妻のフェラ 2,RNADE-568 人妻のフェラ 2,RNADE-568,2009-08-26,118分鐘,マーKUN,なでしこ,Nadeshiko,人妻のフェラ,口交、其他戀物癖、已婚婦女,多人,https://www.javbus.com/RNADE-568
HTHD-039 続 友達の母親 北条麻妃,HTHD-039 続 友達の母親 北条麻妃,HTHD-039,2009-08-20,80分鐘,ジョニー別府,センタービレッジ,花園（センタービレッジ）,続友達の母親,成熟的女人、已婚婦女、舔陰、女上位、單體作品,北条麻妃,https://www.javbus.com/HTHD-039
DDK-036 熟オナニー・パラノイア 北条麻妃,DDK-036 熟オナニー・パラノイア 北条麻妃,DDK-036,2009-08-19,131分鐘,ノーマルKIM,ドグマ,Dogma,オナニーパラノイア,成熟的女人、單體作品、自慰,北条麻妃,https://www.javbus.com/DDK-036
ANND-043 パワハラいぢめレズビアン女社長と美人秘書 北条麻妃 川上ゆう,ANND-043 パワハラいぢめレズビアン女社長と美人秘書 北条麻妃 川上ゆう,ANND-043,2009-08-19,117分鐘,武井寅泰,アンナと花子,アンナと花子,,放尿、女同性戀、秘書、手指插入、DMM獨家,多人,https://www.javbus.com/ANND-043
CWM-082 一撃！！舌上発射 2,CWM-082 一撃！！舌上発射 2,CWM-082,2009-08-15,124分鐘,一ノ瀬くるみ,ワープエンタテインメント,Washingmachine,一撃！！舌上発射,企畫、口交、DVD多士爐,多人,https://www.javbus.com/CWM-082
HBAD-098 高飛車女教師 陵辱精液まみれ 北条麻妃,HBAD-098 高飛車女教師 陵辱精液まみれ 北条麻妃,HBAD-098,2009-08-09,119分鐘,村山恭助,ヒビノ,BABE,高飛車女教師,女教師、數位馬賽克、凌辱、單體作品,北条麻妃,https://www.javbus.com/HBAD-098
FSET-203 超淫尻 北条麻妃 高坂保奈美,FSET-203 超淫尻 北条麻妃 高坂保奈美,FSET-203,2009-08-09,130分鐘,YSK,アキノリ,AKNR+1,超淫尻,屁股、多P、數位馬賽克,多人,https://www.javbus.com/FSET-203
AD-164 催眠 赤 DXXXII ドキュメント編 北条麻妃,AD-164 催眠 赤 DXXXII ドキュメント編 北条麻妃,AD-164,2009-08-08,99分鐘,NanQ,アウダースジャパン,AUDAZ,催眠赤,成熟的女人、纪录片、性奴、催眠、娃娃、單體作品,北条麻妃,https://www.javbus.com/AD-164
AD-165 催眠 赤 DXXXII スーパーmc編 北条麻妃,AD-165 催眠 赤 DXXXII スーパーmc編 北条麻妃,AD-165,2009-08-08,118分鐘,NanQ,アウダースジャパン,AUDAZ,催眠赤,成熟的女人、性奴、妄想、催眠、娃娃、單體作品,北条麻妃,https://www.javbus.com/AD-165
ANND-040 団地妻レズビアン2,ANND-040 団地妻レズビアン2,ANND-040,2009-07-17,115分鐘,武井寅泰,アンナと花子,アンナと花子,団地妻レズビアン,女同性戀、潮吹、已婚婦女、女同接吻、巨乳、DMM獨家,多人,https://www.javbus.com/ANND-040
CRPD-306 義母さんはマゾ 北条麻妃,CRPD-306 義母さんはマゾ 北条麻妃,CRPD-306,2009-07-17,117分鐘,ドラゴン西川,クロス,CROSS,,紧缚、已婚婦女、多P、數位馬賽克、婆婆、單體作品、DMM獨家,北条麻妃,https://www.javbus.com/CRPD-306
SPRD-300 美尻奥さま騎乗位狂い 北条麻妃,SPRD-300 美尻奥さま騎乗位狂い 北条麻妃,SPRD-300,2009-07-15,120分鐘,大村大,タカラ映像,ALEDDIN,美尻奥さま騎乗位狂い,已婚婦女、屁股、數位馬賽克、女上位、單體作品,北条麻妃,https://www.javbus.com/SPRD-300
DFE-016 わたしの豚ヅラ、見てください 北条麻妃,DFE-016 わたしの豚ヅラ、見てください 北条麻妃,DFE-016,2009-07-15,125分鐘,麒麟,ワープエンタテインメント,FEARLESS,,其他戀物癖、凌辱、羞恥、DVD多士爐、單體作品,北条麻妃,https://www.javbus.com/DFE-016
YJK-003 妖艶熟女の快楽淫語責め 北条麻妃,YJK-003 妖艶熟女の快楽淫語責め 北条麻妃,YJK-003,2009-07-13,133分鐘,菊池28号,AVScollector’s,AVS,妖艶熟女の快楽淫語責め,蕩婦、淫語、女上位、單體作品,北条麻妃,https://www.javbus.com/YJK-003
JUC-115 入院妻 麻妃の憂い 北条麻妃,JUC-115 入院妻 麻妃の憂い 北条麻妃,JUC-115,2009-07-07,117分鐘,ヒフミタツヲ,マドンナ,Madonna,,紧缚、已婚婦女、數位馬賽克、女上位、DVD多士爐、顏射、單體作品、DMM獨家,北条麻妃,https://www.javbus.com/JUC-115
HBAD-094 秀麗若妻の総身に隠された欲望 北条麻妃,HBAD-094 秀麗若妻の総身に隠された欲望 北条麻妃,HBAD-094,2009-07-04,118分鐘,村山恭介,ヒビノ,BABE,,已婚婦女、舔陰、女上位、單體作品、打手槍,北条麻妃,https://www.javbus.com/HBAD-094
DDB-089 溺愛ママ 北條麻妃,DDB-089 溺愛ママ 北條麻妃,DDB-089,2009-06-19,125分鐘,ビーバップ・みのる,ドグマ,Dogma,溺愛ママ,母親、女上位、單體作品、水手服、打手槍,北条麻妃,https://www.javbus.com/DDB-089
DDB-096 美熟女崩壊 本イキ 北条麻妃,DDB-096 美熟女崩壊 本イキ 北条麻妃,DDB-096,2009-06-19,116分鐘,ビーバップ・みのる,ドグマ,Dogma,,成熟的女人、拘束、女上位、手指插入、單體作品,北条麻妃,https://www.javbus.com/DDB-096
ZOW-004 人妻恥悦旅行 北条麻妃,ZOW-004 人妻恥悦旅行 北条麻妃,ZOW-004,2009-06-18,118分鐘,高橋浩一,グローリークエスト,ZOW,人妻恥悦旅行,和服・喪服、已婚婦女、舔陰、單體作品,北条麻妃,https://www.javbus.com/ZOW-004
MOMJ-039 俺の妻とお前の妻どっちが変態か試さないか 北条麻妃 浅倉彩音,MOMJ-039 俺の妻とお前の妻どっちが変態か試さないか 北条麻妃 浅倉彩音,MOMJ-039,2009-06-18,175分鐘,九十九究太,タカラ映像,MOMIJI,俺の妻とお前の妻どっちが変態か試さないか,已婚婦女、69、數位馬賽克、女上位,多人,https://www.javbus.com/MOMJ-039
HHK-025 最初で最後のノンフィクションセックス 北条麻妃,HHK-025 最初で最後のノンフィクションセックス 北条麻妃,HHK-025,2009-06-12,118分鐘,カッツォ佐藤,百花美人,百花美人,,口交、單體作品、DMM獨家、自慰,北条麻妃,https://www.javbus.com/HHK-025
ECB-035 童貞狩り 北条麻妃,ECB-035 童貞狩り 北条麻妃,ECB-035,2009-06-05,127分鐘,K*WEST,ワープエンタテインメント,COBRA（ワープ）,童貞狩り（ワープ）,蕩婦、女上位、DVD多士爐、單體作品,北条麻妃,https://www.javbus.com/ECB-035
MIDD-505 女医と婦長の禁断レズビアン 星優乃 北条麻妃,MIDD-505 女医と婦長の禁断レズビアン 星優乃 北条麻妃,MIDD-505,2009-06-01,118分鐘,,ムーディーズ,MOODYZDIVA,,护士、女同性戀、女醫生、數位馬賽克、女同接吻、DVD多士爐、DMM獨家,多人,https://www.javbus.com/MIDD-505
PSD-361 「熟女の口はもっと嘘をつく。」 熟雌女anthology ＃044 北条麻妃,PSD-361 「熟女の口はもっと嘘をつく。」 熟雌女anthology ＃044 北条麻妃,PSD-361,2009-05-29,211分鐘,ラッシャーみよし,アウダースジャパン,AUDAZ,熟雌女anthology,蕩婦、成熟的女人、淫語、各種職業、主觀視角、單體作品,北条麻妃,https://www.javbus.com/PSD-361
FSET-189 北条麻妃のスイミング教室,FSET-189 北条麻妃のスイミング教室,FSET-189,2009-05-18,122分鐘,,アキノリ,AKNR,○○のスイミング教室,成熟的女人、數位馬賽克、女上位、DVD多士爐、泳裝、單體作品,北条麻妃,https://www.javbus.com/FSET-189
CWM-076 デキる女は、乳首を責める。,CWM-076 デキる女は、乳首を責める。,CWM-076,2009-05-15,126分鐘,五右衛門,ワープエンタテインメント,Washingmachine,,其他戀物癖、各種職業、姐姐、DVD多士爐、旗袍,多人,https://www.javbus.com/CWM-076
VDD-035 秘書in… ［脅迫スイートルーム］ Secretary Maki（30）,VDD-035 秘書in… ［脅迫スイートルーム］ Secretary Maki（30）,VDD-035,2009-05-15,108分鐘,沢庵,ドリームチケット,ドリームチケット,脅迫スイートルーム,強姦、多P、秘書、女上位、按摩棒、單體作品,北条麻妃,https://www.javbus.com/VDD-035
MOMJ-032 兄嫁奴隷 ～忘れられない記憶～ 北条麻妃,MOMJ-032 兄嫁奴隷 ～忘れられない記憶～ 北条麻妃,MOMJ-032,2009-05-07,118分鐘,美作瞬,タカラ映像,MOMIJI,兄嫁奴隷,已婚婦女、多P、數位馬賽克、性奴、單體作品,北条麻妃,https://www.javbus.com/MOMJ-032
CXD-009 誘惑、女教師。 男子をたぶらかす年上のオンナ 北条麻妃,CXD-009 誘惑、女教師。 男子をたぶらかす年上のオンナ 北条麻妃,CXD-009,2009-04-15,100分鐘,,ドリームチケット,ドリームチケット,誘惑、女教師。,蕩婦、女教師、連褲襪、女上位、單體作品,北条麻妃,https://www.javbus.com/CXD-009
MBYD-056 美熟女たちの熱いセックスと顔射30タイトル4時間,MBYD-056 美熟女たちの熱いセックスと顔射30タイトル4時間,MBYD-056,2009-04-01,239分鐘,,溜池ゴロー,溜池ゴロー,,成熟的女人、合集、數位馬賽克、顏射、DMM獨家,多人,https://www.javbus.com/MBYD-056
TBD-007 痴漢飢獣（ケダモノ）集団 中出し 7,TBD-007 痴漢飢獣（ケダモノ）集団 中出し 7,TBD-007,2006-07-01,103分鐘,,グローリークエスト,TOUCHFIELDBEAST,痴漢飢獣（ケダモノ）集団,性騷擾、凌辱、中出、顏射、眼鏡,多人,https://www.javbus.com/TBD-007
